t_rel_s,sim_joint6_deg,real_joint6_deg
0.0000,18.8670,18.8674
0.0040,18.8675,18.8674
0.0080,18.8673,18.8674
0.0120,18.8676,18.8674
0.0160,18.8672,18.8674
0.0200,18.8676,18.8674
0.0240,18.8673,18.8674
0.0280,18.8675,18.8674
0.0320,18.8673,18.8674
0.0360,18.8675,18.8674
0.0400,18.8671,18.8674
0.0440,18.8676,18.8674
0.0480,18.8674,18.8674
0.0520,18.8675,18.8674
0.0560,18.8673,18.8674
0.0600,18.8675,18.8674
0.0640,18.8673,18.8675
0.0680,18.8677,18.8674
0.0720,18.8672,18.8674
0.0760,18.8674,18.8674
0.0800,18.8673,18.8674
0.0840,18.8675,18.8674
0.0880,18.8674,18.8674
0.0920,18.8676,18.8674
0.0960,18.8674,18.8674
0.1000,18.8677,18.8674
0.1040,18.8672,18.8674
0.1080,18.8675,18.8674
0.1120,18.8673,18.8674
0.1160,18.8676,18.8674
0.1200,18.8674,18.8674
0.1240,18.8676,18.8674
0.1280,18.8673,18.8674
0.1320,18.8676,18.8674
0.1360,18.8673,18.8674
0.1400,18.8676,18.8674
0.1440,18.8673,18.8674
0.1480,18.8676,18.8674
0.1520,18.8674,18.8674
0.1560,18.8676,18.8674
0.1600,18.8672,18.8674
0.1640,18.8675,18.8675
0.1680,18.8673,18.8675
0.1720,18.8676,18.8675
0.1760,18.8673,18.8675
0.1800,18.8675,18.8675
0.1840,18.8673,18.8675
0.1880,18.8676,18.8675
0.1920,18.8673,18.8675
0.1960,18.8675,18.8675
0.2000,18.8673,18.8675
0.2040,18.8676,18.8675
0.2080,18.8673,18.8675
0.2120,18.8677,18.8675
0.2160,18.8674,18.8675
0.2200,18.8676,18.8675
0.2240,18.8673,18.8675
0.2280,18.8675,18.8676
0.2320,18.8673,18.8676
0.2360,18.8677,18.8676
0.2400,18.8673,18.8676
0.2440,18.8676,18.8676
0.2480,18.8673,18.8676
0.2520,18.8677,18.8676
0.2560,18.8673,18.8676
0.2600,18.8676,18.8676
0.2640,18.8674,18.8676
0.2680,18.8678,18.8677
0.2720,18.8674,18.8677
0.2760,18.8677,18.8677
0.2800,18.8674,18.8677
0.2840,18.8676,18.8677
0.2880,18.8673,18.8677
0.2920,18.8677,18.8677
0.2960,18.8674,18.8677
0.3000,18.8677,18.8677
0.3040,18.8675,18.8677
0.3080,18.8677,18.8677
0.3120,18.8674,18.8677
0.3160,18.8677,18.8677
0.3200,18.8675,18.8678
0.3240,18.8677,18.8678
0.3280,18.8675,18.8678
0.3320,18.8677,18.8678
0.3360,18.8675,18.8678
0.3400,18.8678,18.8679
0.3440,18.8676,18.8679
0.3480,18.8678,18.8679
0.3520,18.8675,18.8680
0.3560,18.8679,18.8680
0.3600,18.8675,18.8680
0.3640,18.8678,18.8681
0.3680,18.8676,18.8681
0.3720,18.8679,18.8682
0.3760,18.8675,18.8682
0.3800,18.8678,18.8683
0.3840,18.8677,18.8683
0.3880,18.8680,18.8683
0.3920,18.8677,18.8684
0.3960,18.8679,18.8684
0.4000,18.8677,18.8685
0.4040,18.8681,18.8685
0.4080,18.8677,18.8686
0.4120,18.8680,18.8686
0.4160,18.8678,18.8686
0.4200,18.8681,18.8687
0.4240,18.8679,18.8687
0.4280,18.8682,18.8688
0.4320,18.8679,18.8688
0.4360,18.8682,18.8688
0.4400,18.8679,18.8689
0.4440,18.8683,18.8689
0.4480,18.8682,18.8690
0.4520,18.8685,18.8690
0.4560,18.8683,18.8691
0.4600,18.8684,18.8691
0.4640,18.8682,18.8692
0.4680,18.8685,18.8693
0.4720,18.8683,18.8693
0.4760,18.8686,18.8694
0.4800,18.8685,18.8694
0.4840,18.8687,18.8695
0.4880,18.8684,18.8696
0.4920,18.8687,18.8697
0.4960,18.8687,18.8697
0.5000,18.8690,18.8697
0.5040,18.8687,18.8698
0.5080,18.8690,18.8698
0.5120,18.8687,18.8698
0.5160,18.8691,18.8699
0.5200,18.8689,18.8699
0.5240,18.8691,18.8699
0.5280,18.8690,18.8699
0.5320,18.8693,18.8700
0.5360,18.8691,18.8700
0.5400,18.8695,18.8700
0.5440,18.8693,18.8700
0.5480,18.8695,18.8700
0.5520,18.8693,18.8700
0.5560,18.8696,18.8700
0.5600,18.8694,18.8700
0.5640,18.8697,18.8700
0.5680,18.8694,18.8701
0.5720,18.8698,18.8701
0.5760,18.8697,18.8701
0.5800,18.8699,18.8701
0.5840,18.8696,18.8701
0.5880,18.8699,18.8701
0.5920,18.8698,18.8701
0.5960,18.8700,18.8701
0.6000,18.8698,18.8701
0.6040,18.8700,18.8701
0.6080,18.8698,18.8701
0.6120,18.8701,18.8701
0.6160,18.8698,18.8701
0.6200,18.8700,18.8701
0.6240,18.8699,18.8701
0.6280,18.8702,18.8701
0.6320,18.8699,18.8701
0.6360,18.8702,18.8701
0.6400,18.8698,18.8701
0.6440,18.8701,18.8701
0.6480,18.8699,18.8701
0.6520,18.8702,18.8701
0.6560,18.8699,18.8701
0.6600,18.8702,18.8701
0.6640,18.8700,18.8701
0.6680,18.8703,18.8701
0.6720,18.8700,18.8701
0.6760,18.8702,18.8701
0.6800,18.8699,18.8701
0.6840,18.8704,18.8701
0.6880,18.8699,18.8701
0.6920,18.8702,18.8701
0.6960,18.8699,18.8701
0.7000,18.8702,18.8701
0.7040,18.8700,18.8701
0.7080,18.8702,18.8701
0.7120,18.8700,18.8701
0.7160,18.8703,18.8701
0.7200,18.8700,18.8701
0.7240,18.8703,18.8701
0.7280,18.8701,18.8701
0.7320,18.8702,18.8701
0.7360,18.8699,18.8701
0.7400,18.8702,18.8701
0.7440,18.8699,18.8701
0.7480,18.8701,18.8701
0.7520,18.8698,18.8701
0.7560,18.8703,18.8701
0.7600,18.8700,18.8701
0.7640,18.8704,18.8701
0.7680,18.8700,18.8701
0.7720,18.8703,18.8701
0.7760,18.8698,18.8701
0.7800,18.8702,18.8701
0.7840,18.8698,18.8701
0.7880,18.8702,18.8701
0.7920,18.8699,18.8701
0.7960,18.8701,18.8701
0.8000,18.8697,18.8701
0.8040,18.8704,18.8701
0.8080,18.8698,18.8701
0.8120,18.8704,18.8701
0.8160,18.8699,18.8701
0.8200,18.8704,18.8701
0.8240,18.8699,18.8701
0.8280,18.8700,18.8701
0.8320,18.8700,18.8701
0.8360,18.8704,18.8701
0.8400,18.8698,18.8701
0.8440,18.8703,18.8701
0.8480,18.8698,18.8701
0.8520,18.8703,18.8701
0.8560,18.8700,18.8701
0.8600,18.8702,18.8701
0.8640,18.8698,18.8702
0.8680,18.8704,18.8702
0.8720,18.8697,18.8702
0.8760,18.8704,18.8702
0.8800,18.8700,18.8702
0.8840,18.8702,18.8702
0.8880,18.8699,18.8702
0.8920,18.8703,18.8703
0.8960,18.8699,18.8703
0.9000,18.8702,18.8704
0.9040,18.8699,18.8704
0.9080,18.8703,18.8705
0.9120,18.8699,18.8706
0.9160,18.8704,18.8707
0.9200,18.8699,18.8709
0.9240,18.8702,18.8711
0.9280,18.8699,18.8714
0.9320,18.8705,18.8716
0.9360,18.8699,18.8720
0.9400,18.8705,18.8724
0.9440,18.8699,18.8730
0.9480,18.8705,18.8735
0.9520,18.8700,18.8741
0.9560,18.8707,18.8748
0.9600,18.8700,18.8757
0.9640,18.8710,18.8768
0.9680,18.8701,18.8788
0.9720,18.8709,18.8809
0.9760,18.8708,18.8827
0.9800,18.8709,18.8845
0.9840,18.8710,18.8856
0.9880,18.8715,18.8867
0.9920,18.8715,18.8897
0.9960,18.8726,18.8926
1.0000,18.8721,18.8956
1.0040,18.8730,18.8985
1.0080,18.8733,18.9024
1.0120,18.8744,18.9064
1.0160,18.8747,18.9110
1.0200,18.8762,18.9156
1.0240,18.8770,18.9206
1.0280,18.8784,18.9256
1.0320,18.8788,18.9311
1.0360,18.8798,18.9368
1.0400,18.8810,18.9424
1.0440,18.8834,18.9481
1.0480,18.8850,18.9542
1.0520,18.8883,18.9605
1.0560,18.8902,18.9672
1.0600,18.8938,18.9741
1.0640,18.8953,18.9815
1.0680,18.8974,18.9891
1.0720,18.9001,18.9973
1.0760,18.9050,19.0058
1.0800,18.9085,19.0151
1.0840,18.9142,19.0250
1.0880,18.9183,19.0350
1.0920,18.9245,19.0450
1.0960,18.9293,19.0591
1.1000,18.9342,19.0777
1.1040,18.9351,19.0944
1.1080,18.9424,19.1086
1.1120,18.9477,19.1235
1.1160,18.9550,19.1396
1.1200,18.9599,19.1569
1.1240,18.9675,19.1765
1.1280,18.9689,19.1961
1.1320,18.9778,19.2157
1.1360,18.9852,19.2365
1.1400,18.9950,19.2609
1.1440,19.0047,19.2861
1.1480,19.0165,19.3149
1.1520,19.0270,19.3444
1.1560,19.0361,19.3781
1.1600,19.0391,19.4124
1.1640,19.0537,19.4507
1.1680,19.0679,19.4896
1.1720,19.0851,19.5345
1.1760,19.1014,19.5793
1.1800,19.1223,19.6242
1.1840,19.1416,19.6691
1.1880,19.1568,19.7210
1.1920,19.1625,19.7730
1.1960,19.1873,19.8282
1.2000,19.2108,19.8836
1.2040,19.2407,19.9405
1.2080,19.2696,19.9975
1.2120,19.2924,20.0676
1.2160,19.3013,20.1399
1.2200,19.3364,20.2121
1.2240,19.3730,20.2844
1.2280,19.4148,20.3461
1.2320,19.4555,20.4045
1.2360,19.5000,20.4631
1.2400,19.5431,20.5218
1.2440,19.5823,20.5807
1.2480,19.5959,20.6395
1.2520,19.6483,20.6999
1.2560,19.7015,20.7613
1.2600,19.7616,20.8220
1.2640,19.8215,20.8823
1.2680,19.8860,20.9425
1.2720,19.9496,21.0028
1.2760,19.9970,21.0630
1.2800,20.0139,21.1231
1.2840,20.0841,21.1833
1.2880,20.1527,21.2437
1.2920,20.2258,21.3040
1.2960,20.2942,21.3640
1.3000,20.3659,21.4238
1.3040,20.4174,21.4834
1.3080,20.4410,21.5430
1.3120,20.5096,21.6025
1.3160,20.5810,21.6629
1.3200,20.6483,21.7261
1.3240,20.7196,21.7819
1.3280,20.7852,21.8127
1.3320,20.8528,21.8557
1.3360,20.8979,21.9476
1.3400,20.9166,22.0348
1.3440,20.9819,22.0962
1.3480,21.0500,22.1575
1.3520,21.1140,22.2189
1.3560,21.1821,22.2802
1.3600,21.2454,22.3403
1.3640,21.3127,22.4003
1.3680,21.3583,22.4617
1.3720,21.3789,22.5230
1.3760,21.4416,22.5825
1.3800,21.5092,22.6419
1.3840,21.5760,22.7008
1.3880,21.6474,22.7597
1.3920,21.6948,22.8162
1.3960,21.7150,22.8724
1.4000,21.7831,22.9287
1.4040,21.8596,22.9849
1.4080,21.9313,23.0417
1.4120,22.0070,23.0988
1.4160,22.0796,23.1560
1.4200,22.1571,23.2133
1.4240,22.2098,23.2708
1.4280,22.2310,23.3283
1.4320,22.3033,23.3960
1.4360,22.3808,23.4692
1.4400,22.4490,23.5424
1.4440,22.5264,23.6156
1.4480,22.5963,23.6798
1.4520,22.6701,23.7369
1.4560,22.7186,23.7944
1.4600,22.7380,23.8524
1.4640,22.8068,23.9102
1.4680,22.8808,23.9678
1.4720,22.9492,24.0246
1.4760,23.0218,24.0803
1.4800,23.0884,24.1358
1.4840,23.1457,24.1906
1.4880,23.1621,24.2455
1.4920,23.2351,24.3004
1.4960,23.3021,24.3552
1.5000,23.3726,24.4096
1.5040,23.4396,24.4634
1.5080,23.5089,24.5143
1.5120,23.5742,24.5643
1.5160,23.6248,24.6107
1.5200,23.6368,24.6561
1.5240,23.7063,24.6961
1.5280,23.7709,24.7361
1.5320,23.8395,24.7762
1.5360,23.9003,24.8158
1.5400,23.9669,24.8499
1.5440,24.0331,24.8838
1.5480,24.0827,24.9138
1.5520,24.0951,24.9438
1.5560,24.1604,24.9693
1.5600,24.2195,24.9947
1.5640,24.2842,25.0255
1.5680,24.3396,25.0565
1.5720,24.3874,25.0727
1.5760,24.3985,25.0871
1.5800,24.4582,25.1016
1.5840,24.5113,25.1160
1.5880,24.5675,25.1259
1.5920,24.6178,25.1347
1.5960,24.6707,25.1400
1.6000,24.7157,25.1442
1.6040,24.7546,25.1453
1.6080,24.7638,25.1454
1.6120,24.8103,25.1454
1.6160,24.8490,25.1454
1.6200,24.8891,25.1454
1.6240,24.9211,25.1453
1.6280,24.9559,25.1453
1.6320,24.9761,25.1452
1.6360,24.9844,25.1451
1.6400,25.0070,25.1451
1.6440,25.0349,25.1450
1.6480,25.0533,25.1449
1.6520,25.0729,25.1449
1.6560,25.0869,25.1448
1.6600,25.1022,25.1448
1.6640,25.1090,25.1447
1.6680,25.1130,25.1447
1.6720,25.1204,25.1447
1.6760,25.1309,25.1446
1.6800,25.1333,25.1446
1.6840,25.1412,25.1445
1.6880,25.1422,25.1444
1.6920,25.1468,25.1443
1.6960,25.1458,25.1443
1.7000,25.1480,25.1442
1.7040,25.1469,25.1442
1.7080,25.1503,25.1441
1.7120,25.1473,25.1440
1.7160,25.1504,25.1439
1.7200,25.1478,25.1438
1.7240,25.1501,25.1437
1.7280,25.1477,25.1436
1.7320,25.1492,25.1435
1.7360,25.1466,25.1434
1.7400,25.1496,25.1432
1.7440,25.1453,25.1431
1.7480,25.1482,25.1430
1.7520,25.1453,25.1428
1.7560,25.1474,25.1427
1.7600,25.1448,25.1425
1.7640,25.1466,25.1424
1.7680,25.1440,25.1421
1.7720,25.1460,25.1419
1.7760,25.1430,25.1416
1.7800,25.1458,25.1413
1.7840,25.1430,25.1410
1.7880,25.1457,25.1406
1.7920,25.1422,25.1401
1.7960,25.1451,25.1394
1.8000,25.1420,25.1387
1.8040,25.1451,25.1382
1.8080,25.1413,25.1376
1.8120,25.1444,25.1371
1.8160,25.1416,25.1365
1.8200,25.1445,25.1358
1.8240,25.1406,25.1350
1.8280,25.1436,25.1342
1.8320,25.1405,25.1333
1.8360,25.1436,25.1324
1.8400,25.1393,25.1314
1.8440,25.1429,25.1301
1.8480,25.1391,25.1288
1.8520,25.1424,25.1275
1.8560,25.1383,25.1262
1.8600,25.1415,25.1247
1.8640,25.1373,25.1231
1.8680,25.1403,25.1214
1.8720,25.1361,25.1196
1.8760,25.1394,25.1177
1.8800,25.1352,25.1158
1.8840,25.1384,25.1136
1.8880,25.1339,25.1115
1.8920,25.1368,25.1089
1.8960,25.1320,25.1064
1.9000,25.1351,25.1038
1.9040,25.1311,25.1013
1.9080,25.1334,25.0969
1.9120,25.1284,25.0924
1.9160,25.1309,25.0887
1.9200,25.1255,25.0851
1.9240,25.1278,25.0812
1.9280,25.1223,25.0772
1.9320,25.1245,25.0728
1.9360,25.1183,25.0683
1.9400,25.1210,25.0639
1.9440,25.1167,25.0594
1.9480,25.1182,25.0545
1.9520,25.1121,25.0495
1.9560,25.1131,25.0443
1.9600,25.1060,25.0390
1.9640,25.1072,25.0334
1.9680,25.1031,25.0277
1.9720,25.1030,25.0214
1.9760,25.0959,25.0147
1.9800,25.0953,25.0085
1.9840,25.0879,25.0027
1.9880,25.0868,24.9970
1.9920,25.0790,24.9912
1.9960,25.0774,24.9840
2.0000,25.0695,24.9750
2.0040,25.0678,24.9657
2.0080,25.0596,24.9559
2.0120,25.0578,24.9458
2.0160,25.0495,24.9353
2.0200,25.0478,24.9233
2.0240,25.0406,24.9085
2.0280,25.0426,24.8936
2.0320,25.0339,24.8788
2.0360,25.0312,24.8642
2.0400,25.0212,24.8510
2.0440,25.0170,24.8379
2.0480,25.0065,24.8254
2.0520,25.0021,24.8129
2.0560,24.9924,24.8009
2.0600,24.9938,24.7889
2.0640,24.9818,24.7779
2.0680,24.9758,24.7669
2.0720,24.9624,24.7584
2.0760,24.9550,24.7499
2.0800,24.9428,24.7414
2.0840,24.9443,24.7329
2.0880,24.9286,24.7278
2.0920,24.9194,24.7230
2.0960,24.9030,24.7212
2.1000,24.8930,24.7197
2.1040,24.8756,24.7195
2.1080,24.8649,24.7196
2.1120,24.8502,24.7196
2.1160,24.8512,24.7197
2.1200,24.8341,24.7198
2.1240,24.8245,24.7198
2.1280,24.8092,24.7199
2.1320,24.8009,24.7200
2.1360,24.7863,24.7201
2.1400,24.7799,24.7202
2.1440,24.7686,24.7202
2.1480,24.7702,24.7203
2.1520,24.7583,24.7204
2.1560,24.7543,24.7204
2.1600,24.7444,24.7205
2.1640,24.7423,24.7205
2.1680,24.7350,24.7206
2.1720,24.7373,24.7206
2.1760,24.7302,24.7207
2.1800,24.7305,24.7207
2.1840,24.7242,24.7207
2.1880,24.7253,24.7208
2.1920,24.7206,24.7208
2.1960,24.7227,24.7208
2.2000,24.7186,24.7208
2.2040,24.7214,24.7209
2.2080,24.7182,24.7209
2.2120,24.7212,24.7209
2.2160,24.7176,24.7209
2.2200,24.7209,24.7209
2.2240,24.7176,24.7210
2.2280,24.7210,24.7210
2.2320,24.7177,24.7210
2.2360,24.7212,24.7210
2.2400,24.7176,24.7210
2.2440,24.7215,24.7210
2.2480,24.7182,24.7210
2.2520,24.7216,24.7210
2.2560,24.7183,24.7210
2.2600,24.7221,24.7210
2.2640,24.7184,24.7211
2.2680,24.7220,24.7211
2.2720,24.7188,24.7211
2.2760,24.7224,24.7211
2.2800,24.7188,24.7211
2.2840,24.7224,24.7211
2.2880,24.7191,24.7211
2.2920,24.7226,24.7211
2.2960,24.7194,24.7211
2.3000,24.7223,24.7211
2.3040,24.7192,24.7211
2.3080,24.7228,24.7210
2.3120,24.7195,24.7210
2.3160,24.7224,24.7210
2.3200,24.7193,24.7211
2.3240,24.7227,24.7211
2.3280,24.7194,24.7211
2.3320,24.7227,24.7211
2.3360,24.7192,24.7211
2.3400,24.7230,24.7211
2.3440,24.7193,24.7211
2.3480,24.7227,24.7211
2.3520,24.7193,24.7211
2.3560,24.7228,24.7211
2.3600,24.7192,24.7211
2.3640,24.7223,24.7211
2.3680,24.7200,24.7211
2.3720,24.7227,24.7211
2.3760,24.7195,24.7211
2.3800,24.7221,24.7211
2.3840,24.7198,24.7211
2.3880,24.7222,24.7211
2.3920,24.7199,24.7211
2.3960,24.7221,24.7211
2.4000,24.7199,24.7211
2.4040,24.7221,24.7211
2.4080,24.7200,24.7211
2.4120,24.7221,24.7211
2.4160,24.7199,24.7211
2.4200,24.7222,24.7211
2.4240,24.7200,24.7211
2.4280,24.7221,24.7211
2.4320,24.7200,24.7211
2.4360,24.7221,24.7211
2.4400,24.7199,24.7211
2.4440,24.7221,24.7211
2.4480,24.7200,24.7210
2.4520,24.7222,24.7210
2.4560,24.7200,24.7210
2.4600,24.7221,24.7210
2.4640,24.7200,24.7210
2.4680,24.7221,24.7210
2.4720,24.7200,24.7210
2.4760,24.7221,24.7210
2.4800,24.7200,24.7210
2.4840,24.7221,24.7210
2.4880,24.7201,24.7210
2.4920,24.7221,24.7210
2.4960,24.7201,24.7210
2.5000,24.7222,24.7210
2.5040,24.7201,24.7210
2.5080,24.7220,24.7210
2.5120,24.7201,24.7210
2.5160,24.7221,24.7210
2.5200,24.7201,24.7210
2.5240,24.7220,24.7210
2.5280,24.7204,24.7210
2.5320,24.7218,24.7210
2.5360,24.7211,24.7210
2.5400,24.7214,24.7210
2.5440,24.7209,24.7210
2.5480,24.7211,24.7210
2.5520,24.7210,24.7210
2.5560,24.7210,24.7210
2.5600,24.7210,24.7210
2.5640,24.7210,24.7210
2.5680,24.7210,24.7210
2.5720,24.7211,24.7210
2.5760,24.7212,24.7210
2.5800,24.7208,24.7210
2.5840,24.7210,24.7210
2.5880,24.7210,24.7210
2.5920,24.7210,24.7210
2.5960,24.7210,24.7210
2.6000,24.7210,24.7210
2.6040,24.7210,24.7210
2.6080,24.7210,24.7210
2.6120,24.7210,24.7209
2.6160,24.7210,24.7209
2.6200,24.7210,24.7209
2.6240,24.7210,24.7209
2.6280,24.7210,24.7209
2.6320,24.7210,24.7209
2.6360,24.7210,24.7209
2.6400,24.7210,24.7209
2.6440,24.7210,24.7209
2.6480,24.7210,24.7209
2.6520,24.7210,24.7209
2.6560,24.7210,24.7209
2.6600,24.7210,24.7209
2.6640,24.7211,24.7209
2.6680,24.7208,24.7209
2.6720,24.7209,24.7209
2.6760,24.7209,24.7209
2.6800,24.7210,24.7209
2.6840,24.7211,24.7209
2.6880,24.7210,24.7209
2.6920,24.7210,24.7209
2.6960,24.7210,24.7209
2.7000,24.7209,24.7209
2.7040,24.7208,24.7209
2.7080,24.7209,24.7209
2.7120,24.7209,24.7209
2.7160,24.7209,24.7209
2.7200,24.7209,24.7209
2.7240,24.7210,24.7209
2.7280,24.7208,24.7209
2.7320,24.7211,24.7209
2.7360,24.7209,24.7209
2.7400,24.7209,24.7209
2.7440,24.7209,24.7209
2.7480,24.7209,24.7209
2.7520,24.7209,24.7209
2.7560,24.7209,24.7209
2.7600,24.7209,24.7209
2.7640,24.7209,24.7209
2.7680,24.7209,24.7209
2.7720,24.7209,24.7209
2.7760,24.7208,24.7209
2.7800,24.7207,24.7209
2.7840,24.7208,24.7209
2.7880,24.7211,24.7209
2.7920,24.7202,24.7209
2.7960,24.7212,24.7209
2.8000,24.7203,24.7209
2.8040,24.7215,24.7209
2.8080,24.7205,24.7209
2.8120,24.7215,24.7209
2.8160,24.7203,24.7209
2.8200,24.7214,24.7209
2.8240,24.7200,24.7209
2.8280,24.7214,24.7209
2.8320,24.7203,24.7209
2.8360,24.7216,24.7209
2.8400,24.7205,24.7209
2.8440,24.7214,24.7209
2.8480,24.7203,24.7209
2.8520,24.7214,24.7209
2.8560,24.7204,24.7209
2.8600,24.7214,24.7209
2.8640,24.7205,24.7209
2.8680,24.7215,24.7209
2.8720,24.7205,24.7209
2.8760,24.7213,24.7209
2.8800,24.7204,24.7209
2.8840,24.7214,24.7209
2.8880,24.7205,24.7209
2.8920,24.7214,24.7209
2.8960,24.7205,24.7209
2.9000,24.7214,24.7209
2.9040,24.7204,24.7209
2.9080,24.7213,24.7209
2.9120,24.7203,24.7209
2.9160,24.7214,24.7209
2.9200,24.7204,24.7209
2.9240,24.7214,24.7209
2.9280,24.7205,24.7209
2.9320,24.7213,24.7209
2.9360,24.7205,24.7209
2.9400,24.7213,24.7209
2.9440,24.7205,24.7209
2.9480,24.7213,24.7209
2.9520,24.7203,24.7209
2.9560,24.7209,24.7209
2.9600,24.7209,24.7209
2.9640,24.7213,24.7209
2.9680,24.7205,24.7209
2.9720,24.7214,24.7209
2.9760,24.7206,24.7209
2.9800,24.7213,24.7209
2.9840,24.7205,24.7209
2.9880,24.7212,24.7209
2.9920,24.7205,24.7209
2.9960,24.7212,24.7209
3.0000,24.7204,24.7209
3.0040,24.7210,24.7209
3.0080,24.7208,24.7209
3.0120,24.7213,24.7209
3.0160,24.7206,24.7209
3.0200,24.7212,24.7209
3.0240,24.7205,24.7209
3.0280,24.7213,24.7209
3.0320,24.7206,24.7209
3.0360,24.7213,24.7208
3.0400,24.7205,24.7208
3.0440,24.7212,24.7208
3.0480,24.7206,24.7208
3.0520,24.7212,24.7208
3.0560,24.7206,24.7208
3.0600,24.7211,24.7208
3.0640,24.7205,24.7208
3.0680,24.7211,24.7208
3.0720,24.7205,24.7208
3.0760,24.7211,24.7208
3.0800,24.7206,24.7208
3.0840,24.7212,24.7208
3.0880,24.7206,24.7208
3.0920,24.7212,24.7208
3.0960,24.7206,24.7208
3.1000,24.7212,24.7208
3.1040,24.7205,24.7208
3.1080,24.7212,24.7208
3.1120,24.7206,24.7208
3.1160,24.7211,24.7208
3.1200,24.7205,24.7208
3.1240,24.7211,24.7208
3.1280,24.7206,24.7208
3.1320,24.7211,24.7208
3.1360,24.7206,24.7208
3.1400,24.7212,24.7208
3.1440,24.7206,24.7208
3.1480,24.7210,24.7208
3.1520,24.7204,24.7208
3.1560,24.7211,24.7208
3.1600,24.7205,24.7208
3.1640,24.7211,24.7208
3.1680,24.7206,24.7208
3.1720,24.7211,24.7208
3.1760,24.7205,24.7209
3.1800,24.7211,24.7209
3.1840,24.7205,24.7209
3.1880,24.7211,24.7209
3.1920,24.7207,24.7209
3.1960,24.7211,24.7209
3.2000,24.7206,24.7209
3.2040,24.7210,24.7209
3.2080,24.7205,24.7209
3.2120,24.7211,24.7209
3.2160,24.7205,24.7209
3.2200,24.7210,24.7209
3.2240,24.7206,24.7209
3.2280,24.7211,24.7209
3.2320,24.7206,24.7209
3.2360,24.7211,24.7209
3.2400,24.7205,24.7209
3.2440,24.7211,24.7210
3.2480,24.7206,24.7210
3.2520,24.7211,24.7210
3.2560,24.7206,24.7210
3.2600,24.7211,24.7210
3.2640,24.7206,24.7210
3.2680,24.7210,24.7210
3.2720,24.7206,24.7210
3.2760,24.7211,24.7210
3.2800,24.7208,24.7211
3.2840,24.7211,24.7211
3.2880,24.7207,24.7211
3.2920,24.7211,24.7211
3.2960,24.7206,24.7211
3.3000,24.7212,24.7211
3.3040,24.7207,24.7211
3.3080,24.7212,24.7212
3.3120,24.7206,24.7213
3.3160,24.7212,24.7214
3.3200,24.7208,24.7215
3.3240,24.7212,24.7216
3.3280,24.7207,24.7217
3.3320,24.7212,24.7220
3.3360,24.7208,24.7223
3.3400,24.7213,24.7226
3.3440,24.7208,24.7229
3.3480,24.7212,24.7233
3.3520,24.7208,24.7237
3.3560,24.7214,24.7243
3.3600,24.7211,24.7249
3.3640,24.7214,24.7256
3.3680,24.7210,24.7263
3.3720,24.7216,24.7272
3.3760,24.7211,24.7282
3.3800,24.7217,24.7294
3.3840,24.7212,24.7310
3.3880,24.7220,24.7325
3.3920,24.7218,24.7340
3.3960,24.7226,24.7359
3.4000,24.7225,24.7383
3.4040,24.7231,24.7410
3.4080,24.7228,24.7442
3.4120,24.7237,24.7479
3.4160,24.7237,24.7524
3.4200,24.7250,24.7576
3.4240,24.7254,24.7647
3.4280,24.7266,24.7717
3.4320,24.7272,24.7788
3.4360,24.7277,24.7861
3.4400,24.7285,24.7969
3.4440,24.7304,24.8079
3.4480,24.7315,24.8208
3.4520,24.7338,24.8338
3.4560,24.7352,24.8498
3.4600,24.7379,24.8659
3.4640,24.7396,24.8853
3.4680,24.7405,24.9047
3.4720,24.7434,24.9295
3.4760,24.7481,24.9544
3.4800,24.7528,24.9793
3.4840,24.7595,25.0042
3.4880,24.7659,25.0347
3.4920,24.7741,25.0659
3.4960,24.7808,25.1023
3.5000,24.7823,25.1399
3.5040,24.7921,25.1828
3.5080,24.8046,25.2273
3.5120,24.8175,25.2780
3.5160,24.8333,25.3305
3.5200,24.8473,25.3831
3.5240,24.8498,25.4356
3.5280,24.8688,25.4949
3.5320,24.8911,25.5574
3.5360,24.9142,25.6240
3.5400,24.9392,25.6929
3.5440,24.9692,25.7654
3.5480,24.9996,25.8403
3.5520,25.0266,25.9181
3.5560,25.0316,25.9981
3.5600,25.0676,26.0952
3.5640,25.1093,26.2098
3.5680,25.1535,26.3245
3.5720,25.2027,26.4391
3.5760,25.2549,26.5481
3.5800,25.3090,26.6500
3.5840,25.3592,26.7531
3.5880,25.3670,26.8577
3.5920,25.4307,26.9643
3.5960,25.5008,27.0743
3.6000,25.5740,27.1850
3.6040,25.6548,27.2972
3.6080,25.7397,27.4093
3.6120,25.8143,27.5215
3.6160,25.8252,27.6348
3.6200,25.9148,27.7516
3.6240,26.0120,27.8683
3.6280,26.1105,27.9843
3.6320,26.2101,28.1011
3.6360,26.3097,28.2302
3.6400,26.4071,28.3591
3.6440,26.5069,28.4857
3.6480,26.5202,28.6122
3.6520,26.6277,28.7388
3.6560,26.7428,28.8653
3.6600,26.8617,28.9939
3.6640,26.9832,29.1226
3.6680,27.1064,29.3076
3.6720,27.2316,29.5101
3.6760,27.3408,29.6667
3.6800,27.3547,29.8039
3.6840,27.4879,29.9427
3.6880,27.6221,30.0823
3.6920,27.7652,30.2215
3.6960,27.9100,30.3603
3.7000,28.0385,30.5017
3.7040,28.0588,30.6452
3.7080,28.2143,30.7888
3.7120,28.3690,30.9323
3.7160,28.5257,31.0773
3.7200,28.6860,31.2240
3.7240,28.8568,31.3701
3.7280,29.0229,31.5156
3.7320,29.1658,31.6618
3.7360,29.1879,31.8095
3.7400,29.3476,31.9570
3.7440,29.5219,32.1041
3.7480,29.6889,32.2512
3.7520,29.8586,32.3983
3.7560,30.0303,32.5456
3.7600,30.1959,32.6936
3.7640,30.3617,32.8409
3.7680,30.5098,32.9856
3.7720,30.5341,33.1314
3.7760,30.6943,33.2887
3.7800,30.8474,33.4452
3.7840,31.0165,33.5951
3.7880,31.1746,33.7449
3.7920,31.3105,33.8948
3.7960,31.3270,34.0446
3.8000,31.4835,34.2723
3.8040,31.6458,34.5005
3.8080,31.8105,34.6489
3.8120,31.9736,34.7966
3.8160,32.1356,34.9454
3.8200,32.3014,35.0943
3.8240,32.4508,35.2422
3.8280,32.4665,35.3901
3.8320,32.6379,35.5369
3.8360,32.8094,35.6835
3.8400,32.9778,35.8301
3.8440,33.1657,35.9767
3.8480,33.3412,36.1255
3.8520,33.5257,36.2751
3.8560,33.6841,36.3655
3.8600,33.7054,36.4355
3.8640,33.8889,36.5540
3.8680,34.0777,36.7001
3.8720,34.2598,36.8854
3.8760,34.4403,37.0945
3.8800,34.6057,37.2513
3.8840,34.6290,37.3592
3.8880,34.8143,37.4671
3.8920,34.9979,37.5750
3.8960,35.1828,37.6993
3.9000,35.3667,37.8453
3.9040,35.5550,37.9892
3.9080,35.7347,38.1300
3.9120,35.8922,38.2707
3.9160,35.9168,38.4111
3.9200,36.0898,38.5605
3.9240,36.2657,38.7321
3.9280,36.4378,38.9038
3.9320,36.6101,39.0754
3.9360,36.7760,39.2399
3.9400,36.9275,39.3755
3.9440,37.0963,39.5105
3.9480,37.2355,39.6418
3.9520,37.2524,39.7733
3.9560,37.4077,39.9104
3.9600,37.5605,40.0475
3.9640,37.7140,40.1859
3.9680,37.8650,40.3242
3.9720,37.9958,40.4548
3.9760,38.0127,40.5855
3.9800,38.1636,40.7162
3.9840,38.3216,40.8468
3.9880,38.4759,40.9769
3.9920,38.6357,41.1068
3.9960,38.7966,41.2345
4.0000,38.9510,41.3617
4.0040,39.1010,41.4883
4.0080,39.1224,41.6148
4.0120,39.2846,41.7423
4.0160,39.4435,41.8704
4.0200,39.6032,41.9985
4.0240,39.7668,42.1265
4.0280,39.9294,42.2561
4.0320,40.0879,42.3868
4.0360,40.2284,42.5502
4.0400,40.2359,42.7399
4.0440,40.3622,42.8966
4.0480,40.5629,43.0211
4.0520,40.7176,43.1447
4.0560,40.8742,43.2673
4.0600,41.0108,43.3897
4.0640,41.0289,43.5119
4.0680,41.1823,43.6340
4.0720,41.3391,43.7561
4.0760,41.4959,43.8788
4.0800,41.6529,44.0029
4.0840,41.8145,44.1274
4.0880,41.9725,44.2534
4.0920,42.1275,44.3794
4.0960,42.2706,44.5053
4.1000,42.2769,44.6309
4.1040,42.4413,44.7553
4.1080,42.5995,44.8797
4.1120,42.7475,45.0041
4.1160,42.8906,45.1285
4.1200,43.0318,45.2587
4.1240,43.1796,45.3889
4.1280,43.3057,45.5147
4.1320,43.3165,45.6404
4.1360,43.4582,45.7695
4.1400,43.5971,45.8987
4.1440,43.7437,46.0256
4.1480,43.8833,46.1524
4.1520,44.0146,46.3108
4.1560,44.0304,46.4713
4.1600,44.1732,46.6317
4.1640,44.3196,46.7922
4.1680,44.4682,46.9275
4.1720,44.6152,47.0582
4.1760,44.7613,47.1861
4.1800,44.9058,47.3134
4.1840,45.0430,47.4414
4.1880,45.0604,47.5696
4.1920,45.2090,47.6973
4.1960,45.3598,47.8248
4.2000,45.5096,47.9523
4.2040,45.6669,48.0797
4.2080,45.8260,48.1669
4.2120,45.9814,48.2312
4.2160,46.1197,48.3341
4.2200,46.1350,48.4631
4.2240,46.2946,48.5921
4.2280,46.4483,48.7212
4.2320,46.6065,48.8521
4.2360,46.7599,48.9850
4.2400,46.8989,49.1173
4.2440,46.9151,49.2492
4.2480,47.0679,49.3810
4.2520,47.2210,49.5128
4.2560,47.3709,49.6671
4.2600,47.5175,49.8595
4.2640,47.6699,50.0357
4.2680,47.8166,50.1697
4.2720,47.9457,50.3030
4.2760,47.9585,50.4343
4.2800,48.1038,50.5657
4.2840,48.2589,50.6976
4.2880,48.4126,50.8295
4.2920,48.5640,50.9614
4.2960,48.7211,51.0929
4.3000,48.8785,51.2218
4.3040,49.0398,51.3509
4.3080,49.1816,51.4853
4.3120,49.1987,51.6196
4.3160,49.3566,51.7513
4.3200,49.5099,51.8829
4.3240,49.6630,52.0114
4.3280,49.8175,52.1398
4.3320,49.9508,52.2639
4.3360,49.9613,52.3879
4.3400,50.1055,52.5119
4.3440,50.2686,52.6359
4.3480,50.4185,52.7585
4.3520,50.5699,52.8809
4.3560,50.7197,53.0030
4.3600,50.8718,53.1250
4.3640,51.0073,53.2455
4.3680,51.0199,53.3656
4.3720,51.1685,53.4846
4.3760,51.3227,53.6033
4.3800,51.4689,53.7219
4.3840,51.6229,53.8406
4.3880,51.7726,53.9942
4.3920,51.9189,54.1688
4.3960,52.0515,54.3030
4.4000,52.0628,54.4108
4.4040,52.2131,54.5201
4.4080,52.3624,54.6309
4.4120,52.5071,54.7398
4.4160,52.6584,54.8467
4.4200,52.7945,54.9517
4.4240,52.8102,55.0545
4.4280,52.9596,55.1573
4.4320,53.1123,55.2602
4.4360,53.2608,55.3609
4.4400,53.4061,55.4582
4.4440,53.5697,55.5554
4.4480,53.7210,55.6526
4.4520,53.8674,55.7491
4.4560,54.0010,55.8428
4.4600,54.0141,55.9357
4.4640,54.1563,56.0232
4.4680,54.2914,56.1106
4.4720,54.4224,56.1961
4.4760,54.5489,56.2816
4.4800,54.6689,56.3671
4.4840,54.7869,56.4526
4.4880,54.8939,56.5302
4.4920,54.9027,56.6076
4.4960,55.0173,56.6786
4.5000,55.1256,56.7494
4.5040,55.2408,56.8485
4.5080,55.3541,56.9504
4.5120,55.4527,57.0161
4.5160,55.4585,57.0778
4.5200,55.5685,57.1395
4.5240,55.6797,57.2012
4.5280,55.7901,57.2577
4.5320,55.8962,57.3130
4.5360,56.0027,57.3654
4.5400,56.1042,57.4168
4.5440,56.2032,57.4644
4.5480,56.2081,57.5106
4.5520,56.3135,57.5523
4.5560,56.4132,57.5918
4.5600,56.5099,57.6313
4.5640,56.6023,57.6709
4.5680,56.6946,57.7064
4.5720,56.7839,57.7392
4.5760,56.8612,57.7701
4.5800,56.8668,57.7995
4.5840,56.9490,57.8266
4.5880,57.0285,57.8516
4.5920,57.1037,57.8700
4.5960,57.1723,57.8808
4.6000,57.2354,57.8941
4.6040,57.2423,57.9109
4.6080,57.3052,57.9277
4.6120,57.3652,57.9445
4.6160,57.4240,57.9603
4.6200,57.4789,57.9740
4.6240,57.5323,57.9845
4.6280,57.5801,57.9870
4.6320,57.6265,57.9887
4.6360,57.6661,57.9886
4.6400,57.6676,57.9884
4.6440,57.7069,57.9883
4.6480,57.7438,57.9883
4.6520,57.7763,57.9882
4.6560,57.8045,57.9881
4.6600,57.8299,57.9880
4.6640,57.8539,57.9879
4.6680,57.8726,57.9878
4.6720,57.8747,57.9878
4.6760,57.8924,57.9877
4.6800,57.9091,57.9877
4.6840,57.9238,57.9875
4.6880,57.9368,57.9874
4.6920,57.9466,57.9873
4.6960,57.9476,57.9872
4.7000,57.9566,57.9872
4.7040,57.9646,57.9871
4.7080,57.9709,57.9871
4.7120,57.9765,57.9870
4.7160,57.9801,57.9869
4.7200,57.9837,57.9868
4.7240,57.9851,57.9867
4.7280,57.9860,57.9866
4.7320,57.9872,57.9866
4.7360,57.9888,57.9865
4.7400,57.9893,57.9864
4.7440,57.9900,57.9862
4.7480,57.9899,57.9861
4.7520,57.9904,57.9860
4.7560,57.9900,57.9859
4.7600,57.9904,57.9858
4.7640,57.9899,57.9856
4.7680,57.9899,57.9855
4.7720,57.9894,57.9853
4.7760,57.9893,57.9851
4.7800,57.9887,57.9850
4.7840,57.9889,57.9848
4.7880,57.9880,57.9845
4.7920,57.9883,57.9843
4.7960,57.9873,57.9841
4.8000,57.9877,57.9838
4.8040,57.9869,57.9835
4.8080,57.9870,57.9832
4.8120,57.9865,57.9830
4.8160,57.9865,57.9827
4.8200,57.9860,57.9824
4.8240,57.9863,57.9820
4.8280,57.9857,57.9816
4.8320,57.9858,57.9812
4.8360,57.9852,57.9808
4.8400,57.9855,57.9803
4.8440,57.9848,57.9799
4.8480,57.9850,57.9789
4.8520,57.9847,57.9778
4.8560,57.9847,57.9766
4.8600,57.9842,57.9755
4.8640,57.9841,57.9739
4.8680,57.9836,57.9723
4.8720,57.9836,57.9696
4.8760,57.9832,57.9667
4.8800,57.9833,57.9639
4.8840,57.9825,57.9610
4.8880,57.9824,57.9571
4.8920,57.9815,57.9529
4.8960,57.9814,57.9481
4.9000,57.9804,57.9431
4.9040,57.9801,57.9375
4.9080,57.9797,57.9315
4.9120,57.9790,57.9250
4.9160,57.9776,57.9181
4.9200,57.9763,57.9100
4.9240,57.9740,57.9008
4.9280,57.9728,57.8916
4.9320,57.9721,57.8825
4.9360,57.9700,57.8719
4.9400,57.9668,57.8595
4.9440,57.9637,57.8463
4.9480,57.9595,57.8317
4.9520,57.9560,57.8163
4.9560,57.9509,57.7995
4.9600,57.9471,57.7833
4.9640,57.9462,57.7684
4.9680,57.9410,57.7535
4.9720,57.9339,57.7386
4.9760,57.9265,57.7192
4.9800,57.9179,57.6835
4.9840,57.9087,57.6490
4.9880,57.8984,57.6206
4.9920,57.8880,57.5920
4.9960,57.8771,57.5623
5.0000,57.8776,57.5327
5.0040,57.8638,57.4946
5.0080,57.8505,57.4556
5.0120,57.8356,57.4126
5.0160,57.8201,57.3697
5.0200,57.8028,57.3267
5.0240,57.7853,57.2838
5.0280,57.7677,57.2347
5.0320,57.7666,57.1850
5.0360,57.7455,57.1329
5.0400,57.7234,57.0805
5.0440,57.6968,57.0269
5.0480,57.6698,56.9729
5.0520,57.6419,56.9164
5.0560,57.6403,56.8591
5.0600,57.6079,56.8019
5.0640,57.5729,56.7446
5.0680,57.5338,56.6854
5.0720,57.4945,56.6254
5.0760,57.4522,56.5641
5.0800,57.4093,56.5020
5.0840,57.3657,56.4186
5.0880,57.3618,56.3213
5.0920,57.3129,56.2388
5.0960,57.2629,56.1689
5.1000,57.2086,56.0981
5.1040,57.1508,56.0265
5.1080,57.0971,55.9548
5.1120,57.0928,55.8832
5.1160,57.0303,55.8097
5.1200,56.9679,55.7335
5.1240,56.9011,55.6562
5.1280,56.8330,55.5768
5.1320,56.7597,55.4966
5.1360,56.6887,55.4142
5.1400,56.6192,55.3317
5.1440,56.6111,55.2491
5.1480,56.5338,55.1664
5.1520,56.4546,55.0838
5.1560,56.3726,55.0009
5.1600,56.2910,54.9167
5.1640,56.2023,54.8330
5.1680,56.1145,54.7530
5.1720,56.0272,54.6729
5.1760,55.9464,54.5869
5.1800,55.9398,54.5005
5.1840,55.8553,54.3766
5.1880,55.7649,54.2527
5.1920,55.6761,54.1679
5.1960,55.5894,54.0845
5.2000,55.5039,54.0011
5.2040,55.4187,53.9177
5.2080,55.3401,53.8320
5.2120,55.3327,53.7459
5.2160,55.2456,53.6592
5.2200,55.1592,53.5723
5.2240,55.0654,53.4831
5.2280,54.9695,53.3933
5.2320,54.8854,53.3028
5.2360,54.8799,53.2122
5.2400,54.7863,53.1215
5.2440,54.6792,53.0309
5.2480,54.5760,52.9390
5.2520,54.4735,52.8464
5.2560,54.3687,52.7811
5.2600,54.2610,52.7343
5.2640,54.1646,52.6619
5.2680,54.1560,52.5702
5.2720,54.0493,52.4779
5.2760,53.9438,52.3852
5.2800,53.8402,52.2921
5.2840,53.7352,52.1986
5.2880,53.6421,52.1052
5.2920,53.6306,52.0117
5.2960,53.5314,51.9181
5.3000,53.4322,51.8245
5.3040,53.3248,51.7125
5.3080,53.2216,51.5662
5.3120,53.1214,51.4357
5.3160,53.0205,51.3377
5.3200,52.9274,51.2387
5.3240,52.9176,51.1370
5.3280,52.8148,51.0354
5.3320,52.7120,50.9338
5.3360,52.6044,50.8315
5.3400,52.4971,50.7266
5.3440,52.3853,50.6216
5.3480,52.2716,50.5165
5.3520,52.1585,50.4119
5.3560,52.0530,50.3102
5.3600,52.0443,50.2084
5.3640,51.9307,50.1006
5.3680,51.8157,49.9927
5.3720,51.7026,49.8868
5.3760,51.5930,49.7808
5.3800,51.4855,49.6748
5.3840,51.3743,49.5688
5.3880,51.2727,49.4626
5.3920,51.2638,49.3563
5.3960,51.1539,49.2486
5.4000,51.0456,49.1406
5.4040,50.9269,49.0307
5.4080,50.8098,48.9205
5.4120,50.7041,48.7870
5.4160,50.6958,48.6494
5.4200,50.5760,48.5117
5.4240,50.4559,48.3741
5.4280,50.3355,48.2562
5.4320,50.2108,48.1447
5.4360,50.0871,48.0348
5.4400,49.9680,47.9254
5.4440,49.8511,47.8149
5.4480,49.8389,47.7037
5.4520,49.7118,47.5931
5.4560,49.5866,47.4828
5.4600,49.4586,47.3717
5.4640,49.3247,47.2599
5.4680,49.1898,47.1482
5.4720,49.0564,47.0364
5.4760,48.9357,46.9242
5.4800,48.9264,46.8114
5.4840,48.7871,46.6983
5.4880,48.6514,46.5849
5.4920,48.5148,46.4716
5.4960,48.3795,46.3585
5.5000,48.2546,46.2468
5.5040,48.2440,46.1374
5.5080,48.1061,46.0280
5.5120,47.9703,45.9186
5.5160,47.8309,45.8101
5.5200,47.6947,45.7039
5.5240,47.5562,45.5988
5.5280,47.4200,45.4970
5.5320,47.2860,45.3966
5.5360,47.1615,45.3010
5.5400,47.1605,45.2036
5.5440,47.0178,45.0957
5.5480,46.8892,44.9878
5.5520,46.7637,44.8799
5.5560,46.6440,44.7720
5.5600,46.5251,44.7275
5.5640,46.4033,44.6856
5.5680,46.2968,44.6103
5.5720,46.2885,44.5344
5.5760,46.1718,44.4633
5.5800,46.0563,44.3926
5.5840,45.9389,44.3292
5.5880,45.8250,44.2666
5.5920,45.7206,44.2127
5.5960,45.7094,44.1602
5.6000,45.5996,44.1078
5.6040,45.4867,44.0553
5.6080,45.3752,44.0109
5.6120,45.2636,43.9688
5.6160,45.1580,43.9312
5.6200,45.0531,43.8952
5.6240,44.9588,43.8635
5.6280,44.9508,43.8336
5.6320,44.8507,43.8079
5.6360,44.7582,43.7842
5.6400,44.6728,43.7664
5.6440,44.5793,43.7523
5.6480,44.5032,43.7381
5.6520,44.4204,43.7240
5.6560,44.3531,43.7142
5.6600,44.3456,43.7082
5.6640,44.2773,43.7054
5.6680,44.2128,43.7055
5.6720,44.1521,43.7056
5.6760,44.0967,43.7057
5.6800,44.0500,43.7057
5.6840,44.0459,43.7058
5.6880,43.9994,43.7059
5.6920,43.9550,43.7060
5.6960,43.9170,43.7061
5.7000,43.8814,43.7062
5.7040,43.8501,43.7062
5.7080,43.8212,43.7063
5.7120,43.7979,43.7063
5.7160,43.7774,43.7063
5.7200,43.7769,43.7063
5.7240,43.7577,43.7063
5.7280,43.7436,43.7064
5.7320,43.7309,43.7064
5.7360,43.7222,43.7064
5.7400,43.7143,43.7064
5.7440,43.7095,43.7064
5.7480,43.7052,43.7064
5.7520,43.7058,43.7064
5.7560,43.7028,43.7065
5.7600,43.7018,43.7065
5.7640,43.6999,43.7065
5.7680,43.7000,43.7065
5.7720,43.6991,43.7065
5.7760,43.6999,43.7065
5.7800,43.6992,43.7066
5.7840,43.7003,43.7066
5.7880,43.7003,43.7066
5.7920,43.7011,43.7066
5.7960,43.7013,43.7066
5.8000,43.7021,43.7066
5.8040,43.7023,43.7066
5.8080,43.7033,43.7066
5.8120,43.7031,43.7066
5.8160,43.7044,43.7066
5.8200,43.7041,43.7066
5.8240,43.7051,43.7066
5.8280,43.7051,43.7066
5.8320,43.7059,43.7066
5.8360,43.7055,43.7066
5.8400,43.7062,43.7066
5.8440,43.7056,43.7066
5.8480,43.7066,43.7066
5.8520,43.7061,43.7066
5.8560,43.7068,43.7066
5.8600,43.7061,43.7066
5.8640,43.7068,43.7066
5.8680,43.7064,43.7066
5.8720,43.7070,43.7066
5.8760,43.7062,43.7066
5.8800,43.7070,43.7066
5.8840,43.7064,43.7066
5.8880,43.7072,43.7066
5.8920,43.7063,43.7066
5.8960,43.7070,43.7066
5.9000,43.7064,43.7066
5.9040,43.7071,43.7066
5.9080,43.7064,43.7066
5.9120,43.7071,43.7066
5.9160,43.7063,43.7066
5.9200,43.7070,43.7066
5.9240,43.7062,43.7066
5.9280,43.7070,43.7066
5.9320,43.7063,43.7066
5.9360,43.7070,43.7066
5.9400,43.7060,43.7066
5.9440,43.7071,43.7066
5.9480,43.7064,43.7066
5.9520,43.7070,43.7066
5.9560,43.7065,43.7066
5.9600,43.7070,43.7066
5.9640,43.7060,43.7066
5.9680,43.7070,43.7066
5.9720,43.7062,43.7066
5.9760,43.7072,43.7066
5.9800,43.7065,43.7066
5.9840,43.7070,43.7067
5.9880,43.7064,43.7067
5.9920,43.7069,43.7067
5.9960,43.7061,43.7067
6.0000,43.7069,43.7067
6.0040,43.7064,43.7067
6.0080,43.7069,43.7067
6.0120,43.7063,43.7067
6.0160,43.7070,43.7067
6.0200,43.7063,43.7067
6.0240,43.7071,43.7067
6.0280,43.7062,43.7066
6.0320,43.7070,43.7066
6.0360,43.7063,43.7066
6.0400,43.7071,43.7066
6.0440,43.7062,43.7066
6.0480,43.7070,43.7066
6.0520,43.7063,43.7066
6.0560,43.7070,43.7066
6.0600,43.7062,43.7066
6.0640,43.7070,43.7067
6.0680,43.7062,43.7067
6.0720,43.7071,43.7067
6.0760,43.7061,43.7067
6.0800,43.7070,43.7066
6.0840,43.7062,43.7066
6.0880,43.7072,43.7066
6.0920,43.7062,43.7066
6.0960,43.7070,43.7067
6.1000,43.7063,43.7067
6.1040,43.7071,43.7067
6.1080,43.7065,43.7067
6.1120,43.7070,43.7068
6.1160,43.7064,43.7068
6.1200,43.7069,43.7069
6.1240,43.7061,43.7070
6.1280,43.7070,43.7070
6.1320,43.7062,43.7071
6.1360,43.7071,43.7071
6.1400,43.7062,43.7072
6.1440,43.7070,43.7072
6.1480,43.7063,43.7072
6.1520,43.7072,43.7072
6.1560,43.7061,43.7072
6.1600,43.7072,43.7072
6.1640,43.7064,43.7072
6.1680,43.7071,43.7072
6.1720,43.7062,43.7072
6.1760,43.7073,43.7072
6.1800,43.7063,43.7072
6.1840,43.7073,43.7072
6.1880,43.7063,43.7072
6.1920,43.7073,43.7072
6.1960,43.7065,43.7072
6.2000,43.7075,43.7072
6.2040,43.7066,43.7072
6.2080,43.7075,43.7072
6.2120,43.7066,43.7072
6.2160,43.7075,43.7072
6.2200,43.7067,43.7072
6.2240,43.7075,43.7072
6.2280,43.7067,43.7072
6.2320,43.7074,43.7072
6.2360,43.7068,43.7072
6.2400,43.7077,43.7072
6.2440,43.7067,43.7072
6.2480,43.7076,43.7072
6.2520,43.7069,43.7072
6.2560,43.7077,43.7072
6.2600,43.7067,43.7072
6.2640,43.7077,43.7072
6.2680,43.7067,43.7072
6.2720,43.7076,43.7072
6.2760,43.7068,43.7071
6.2800,43.7077,43.7071
6.2840,43.7069,43.7071
6.2880,43.7076,43.7071
6.2920,43.7067,43.7071
6.2960,43.7076,43.7071
6.3000,43.7069,43.7071
6.3040,43.7077,43.7070
6.3080,43.7067,43.7070
6.3120,43.7076,43.7070
6.3160,43.7068,43.7070
6.3200,43.7076,43.7070
6.3240,43.7067,43.7070
6.3280,43.7077,43.7070
6.3320,43.7067,43.7070
6.3360,43.7076,43.7069
6.3400,43.7067,43.7069
6.3440,43.7076,43.7069
6.3480,43.7067,43.7069
6.3520,43.7075,43.7069
6.3560,43.7066,43.7069
6.3600,43.7076,43.7068
6.3640,43.7067,43.7068
6.3680,43.7075,43.7068
6.3720,43.7065,43.7067
6.3760,43.7074,43.7067
6.3800,43.7069,43.7067
6.3840,43.7073,43.7066
6.3880,43.7067,43.7066
6.3920,43.7072,43.7065
6.3960,43.7068,43.7065
6.4000,43.7072,43.7064
6.4040,43.7066,43.7063
6.4080,43.7071,43.7062
6.4120,43.7066,43.7061
6.4160,43.7074,43.7060
6.4200,43.7065,43.7059
6.4240,43.7072,43.7058
6.4280,43.7064,43.7056
6.4320,43.7072,43.7055
6.4360,43.7062,43.7052
6.4400,43.7072,43.7050
6.4440,43.7063,43.7045
6.4480,43.7069,43.7040
6.4520,43.7063,43.7035
6.4560,43.7068,43.7030
6.4600,43.7058,43.7017
6.4640,43.7068,43.7003
6.4680,43.7059,43.6980
6.4720,43.7067,43.6957
6.4760,43.7057,43.6916
6.4800,43.7064,43.6875
6.4840,43.7053,43.6812
6.4880,43.7059,43.6749
6.4920,43.7048,43.6629
6.4960,43.7056,43.6501
6.5000,43.7044,43.6373
6.5040,43.7047,43.6245
6.5080,43.7029,43.6054
6.5120,43.7029,43.5857
6.5160,43.7009,43.5614
6.5200,43.7002,43.5362
6.5240,43.6974,43.5061
6.5280,43.6983,43.4744
6.5320,43.6950,43.4273
6.5360,43.6917,43.3737
6.5400,43.6854,43.3200
6.5440,43.6788,43.2664
6.5480,43.6697,43.2107
6.5520,43.6608,43.1538
6.5560,43.6490,43.0923
6.5600,43.6499,43.0277
6.5640,43.6358,42.9584
6.5680,43.6193,42.8850
6.5720,43.5973,42.8088
6.5760,43.5733,42.7300
6.5800,43.5447,42.6473
6.5840,43.5448,42.5601
6.5880,43.5128,42.4730
6.5920,43.4752,42.3859
6.5960,43.4343,42.2950
6.6000,43.3899,42.1979
6.6040,43.3371,42.0990
6.6080,43.2836,41.9971
6.6120,43.2268,41.8935
6.6160,43.2258,41.7858
6.6200,43.1664,41.6774
6.6240,43.0971,41.5666
6.6280,43.0250,41.4559
6.6320,42.9462,41.3452
6.6360,42.8629,41.2345
6.6400,42.7802,41.1239
6.6440,42.6881,41.0128
6.6480,42.5960,40.8970
6.6520,42.5939,40.7814
6.6560,42.5023,40.6676
6.6600,42.4075,40.5538
6.6640,42.3053,40.4370
6.6680,42.2052,40.3201
6.6720,42.1052,40.1687
6.6760,42.1021,40.0147
6.6800,42.0019,39.8608
6.6840,41.8918,39.7068
6.6880,41.7854,39.5741
6.6920,41.6619,39.4446
6.6960,41.5413,39.3199
6.7000,41.4218,39.1960
6.7040,41.2996,39.0657
6.7080,41.2919,38.9332
6.7120,41.1705,38.8007
6.7160,41.0371,38.6682
6.7200,40.9056,38.5357
6.7240,40.7651,38.4032
6.7280,40.6246,38.2733
6.7320,40.4801,38.1449
6.7360,40.3389,38.0127
6.7400,40.3313,37.8766
6.7440,40.1856,37.7711
6.7480,40.0364,37.7032
6.7520,39.8857,37.5823
6.7560,39.7331,37.3641
6.7600,39.5778,37.1730
6.7640,39.5702,37.0293
6.7680,39.4177,36.8857
6.7720,39.2580,36.7420
6.7760,39.0976,36.5974
6.7800,38.9392,36.4500
6.7840,38.7798,36.3035
6.7880,38.6146,36.1605
6.7920,38.4533,36.0175
6.7960,38.2917,35.8752
6.8000,38.2858,35.7329
6.8040,38.1355,35.5801
6.8080,37.9774,35.4272
6.8120,37.8219,35.2755
6.8160,37.6666,35.1238
6.8200,37.5212,34.9721
6.8240,37.5075,34.8204
6.8280,37.3613,34.6645
6.8320,37.2037,34.5078
6.8360,37.0455,34.3517
6.8400,36.8904,34.1957
6.8440,36.7188,34.0388
6.8480,36.5529,33.8817
6.8520,36.3885,33.7219
6.8560,36.3804,33.5612
6.8600,36.2287,33.4005
6.8640,36.0506,33.2397
6.8680,35.8818,33.0219
6.8720,35.7095,32.7722
6.8760,35.5397,32.5733
6.8800,35.3664,32.4064
6.8840,35.1917,32.2382
6.8880,35.1832,32.0690
6.8920,35.0152,31.9002
6.8960,34.8354,31.7315
6.9000,34.6566,31.5609
6.9040,34.4631,31.3883
6.9080,34.2790,31.2157
6.9120,34.2642,31.0430
6.9160,34.0849,30.8687
6.9200,33.8901,30.6919
6.9240,33.6787,30.5153
6.9280,33.4724,30.3390
6.9320,33.2699,30.1622
6.9360,33.0648,29.9848
6.9400,32.8621,29.8068
6.9440,32.8427,29.6279
6.9480,32.6476,29.4490
6.9520,32.4399,29.2701
6.9560,32.2308,29.0906
6.9600,32.0259,28.9089
6.9640,31.8199,28.7441
6.9680,31.6136,28.6515
6.9720,31.4083,28.5288
6.9760,31.3959,28.2508
6.9800,31.2146,27.9837
6.9840,31.0031,27.7967
6.9880,30.8005,27.6096
6.9920,30.5974,27.4221
6.9960,30.4031,27.2347
7.0000,30.2100,27.0472
7.0040,30.0098,26.8598
7.0080,29.8158,26.6702
7.0120,29.8043,26.4806
7.0160,29.6324,26.2924
7.0200,29.4383,26.1042
7.0240,29.2488,25.9121
7.0280,29.0564,25.7192
7.0320,28.8637,25.5257
7.0360,28.8507,25.3321
7.0400,28.6766,25.1385
7.0440,28.4713,24.9448
7.0480,28.2558,24.7505
7.0520,28.0421,24.5560
7.0560,27.8276,24.3614
7.0600,27.6114,24.1669
7.0640,27.3863,23.9714
7.0680,27.3720,23.7755
7.0720,27.1627,23.5798
7.0760,26.9407,23.3843
7.0800,26.7172,23.1603
7.0840,26.4908,22.9183
7.0880,26.2626,22.6762
7.0920,26.0377,22.4342
7.0960,25.8152,22.2141
7.1000,25.8010,22.0154
7.1040,25.5910,21.8183
7.1080,25.3621,21.6229
7.1120,25.1331,21.4277
7.1160,24.8986,21.2328
7.1200,24.6692,21.0377
7.1240,24.6447,20.8426
7.1280,24.4233,20.6474
7.1320,24.1794,20.4523
7.1360,23.9374,20.2571
7.1400,23.7015,20.0620
7.1440,23.4388,19.8662
7.1480,23.1935,19.6688
7.1520,22.9423,19.4709
7.1560,22.9278,19.2718
7.1600,22.7065,19.0731
7.1640,22.4572,18.8759
7.1680,22.2131,18.6786
7.1720,21.9758,18.4814
7.1760,21.7356,18.2841
7.1800,21.5013,18.0866
7.1840,21.2627,17.8890
7.1880,21.0321,17.6889
7.1920,21.0145,17.4887
7.1960,20.8019,17.2886
7.2000,20.5833,17.0885
7.2040,20.3636,16.8038
7.2080,20.1465,16.5184
7.2120,19.9321,16.3010
7.2160,19.9181,16.0959
7.2200,19.7321,15.8909
7.2240,19.5036,15.6858
7.2280,19.2838,15.4810
7.2320,19.0628,15.2763
7.2360,18.8320,15.0740
7.2400,18.6117,14.8723
7.2440,18.3673,14.6684
7.2480,18.3461,14.4637
7.2520,18.1329,14.2617
7.2560,17.8926,14.0607
7.2600,17.6463,13.8596
7.2640,17.3987,13.6586
7.2680,17.1551,13.4578
7.2720,16.9059,13.2571
7.2760,16.6645,13.0601
7.2800,16.6452,12.8651
7.2840,16.4263,12.7264
7.2880,16.1802,12.6281
7.2920,15.9361,12.4767
7.2960,15.6917,12.2811
7.3000,15.4608,12.0870
7.3040,15.4334,11.8945
7.3080,15.2087,11.7019
7.3120,14.9723,11.5094
7.3160,14.7314,11.3177
7.3200,14.5050,11.1272
7.3240,14.2642,10.9381
7.3280,14.0268,10.7514
7.3320,13.8010,10.5361
7.3360,13.7800,10.2432
7.3400,13.5789,9.9793
7.3440,13.3514,9.7918
7.3480,13.1301,9.6043
7.3520,12.9100,9.4169
7.3560,12.6864,9.2301
7.3600,12.4732,9.0465
7.3640,12.2583,8.8629
7.3680,12.2388,8.6787
7.3720,12.0377,8.4947
7.3760,11.8235,8.3126
7.3800,11.6089,8.1304
7.3840,11.3758,7.9452
7.3880,11.1495,7.7601
7.3920,10.9301,7.5807
7.3960,10.9036,7.4013
7.4000,10.7040,7.2219
7.4040,10.4727,7.0426
7.4080,10.2439,6.8594
7.4120,10.0262,6.6755
7.4160,9.8017,6.4884
7.4200,9.5916,6.3003
7.4240,9.3875,6.1136
7.4280,9.3545,5.9271
7.4320,9.1630,5.7430
7.4360,8.9452,5.5595
7.4400,8.7380,5.3760
7.4440,8.5211,5.1925
7.4480,8.3064,5.0105
7.4520,8.0882,4.8293
7.4560,7.8808,4.6495
7.4600,7.8573,4.4704
7.4640,7.6600,4.2930
7.4680,7.4506,4.1166
7.4720,7.2353,3.8908
7.4760,7.0183,3.6244
7.4800,6.8105,3.4057
7.4840,6.7892,3.2311
7.4880,6.5924,3.0564
7.4920,6.3735,2.8817
7.4960,6.1551,2.7065
7.5000,5.9379,2.5305
7.5040,5.7092,2.3548
7.5080,5.4850,2.1795
7.5120,5.2601,2.0045
7.5160,5.2437,1.8303
7.5200,5.0425,1.6560
7.5240,4.8193,1.4814
7.5280,4.5879,1.3068
7.5320,4.3606,1.1322
7.5360,4.1376,0.9587
7.5400,3.9260,0.7895
7.5440,3.6946,0.6204
7.5480,3.6711,0.4526
7.5520,3.4705,0.2852
7.5560,3.2542,0.1224
7.5600,3.0407,-0.0404
7.5640,2.8224,-0.2016
7.5680,2.6104,-0.3628
7.5720,2.4022,-0.5204
7.5760,2.3795,-0.6778
7.5800,2.1980,-0.8352
7.5840,1.9989,-0.9926
7.5880,1.7956,-1.1589
7.5920,1.5923,-1.3279
7.5960,1.4012,-1.5536
7.6000,1.2179,-1.7904
7.6040,1.0306,-1.9688
7.6080,1.0111,-2.1298
7.6120,0.8433,-2.2891
7.6160,0.6685,-2.4479
7.6200,0.4748,-2.6066
7.6240,0.2767,-2.7654
7.6280,0.0789,-2.9228
7.6320,-0.1141,-3.0796
7.6360,-0.3040,-3.2344
7.6400,-0.3257,-3.3879
7.6440,-0.5031,-3.5416
7.6480,-0.6992,-3.6956
7.6520,-0.8964,-3.8477
7.6560,-1.0939,-3.9981
7.6600,-1.2921,-4.1461
7.6640,-1.3116,-4.2914
7.6680,-1.4906,-4.4368
7.6720,-1.6875,-4.5822
7.6760,-1.8867,-4.7261
7.6800,-2.0803,-4.8673
7.6840,-2.2788,-5.0091
7.6880,-2.4711,-5.1519
7.6920,-2.6681,-5.2933
7.6960,-2.6834,-5.4308
7.7000,-2.8485,-5.5677
7.7040,-3.0427,-5.7024
7.7080,-3.2294,-5.8371
7.7120,-3.4141,-5.9718
7.7160,-3.5975,-6.1064
7.7200,-3.7715,-6.2398
7.7240,-3.9527,-6.3776
7.7280,-3.9702,-6.5695
7.7320,-4.1233,-6.7614
7.7360,-4.3003,-6.8907
7.7400,-4.4635,-7.0199
7.7440,-4.6413,-7.1419
7.7480,-4.8090,-7.2640
7.7520,-4.9778,-7.3783
7.7560,-4.9959,-7.4921
7.7600,-5.1409,-7.6058
7.7640,-5.3028,-7.7196
7.7680,-5.4629,-7.8306
7.7720,-5.6199,-7.9405
7.7760,-5.7724,-8.0457
7.7800,-5.9216,-8.1484
7.7840,-6.0761,-8.2481
7.7880,-6.0916,-8.3458
7.7920,-6.2224,-8.4395
7.7960,-6.3738,-8.5305
7.8000,-6.5223,-8.6178
7.8040,-6.6789,-8.7016
7.8080,-6.8281,-8.7854
7.8120,-6.8459,-8.8692
7.8160,-6.9755,-8.9505
7.8200,-7.1244,-9.0280
7.8240,-7.2714,-9.1030
7.8280,-7.4122,-9.1741
7.8320,-7.5556,-9.2429
7.8360,-7.6929,-9.3078
7.8400,-7.8229,-9.3715
7.8440,-7.8416,-9.4320
7.8480,-7.9551,-9.4926
7.8520,-8.0807,-9.5531
7.8560,-8.2032,-9.6119
7.8600,-8.3171,-9.6646
7.8640,-8.4258,-9.7206
7.8680,-8.5404,-9.7926
7.8720,-8.6464,-9.8579
7.8760,-8.6582,-9.8799
7.8800,-8.7443,-9.9036
7.8840,-8.8439,-9.9450
7.8880,-8.9395,-9.9862
7.8920,-9.0292,-10.0224
7.8960,-9.1158,-10.0585
7.9000,-9.2004,-10.0947
7.9040,-9.2831,-10.1308
7.9080,-9.3615,-10.1621
7.9120,-9.3720,-10.1932
7.9160,-9.4379,-10.2220
7.9200,-9.4987,-10.2507
7.9240,-9.5722,-10.2760
7.9280,-9.6372,-10.3010
7.9320,-9.6957,-10.3230
7.9360,-9.7036,-10.3442
7.9400,-9.7475,-10.3654
7.9440,-9.8046,-10.3867
7.9480,-9.8545,-10.4048
7.9520,-9.9032,-10.4218
7.9560,-9.9479,-10.4364
7.9600,-9.9914,-10.4502
7.9640,-10.0329,-10.4619
7.9680,-10.0385,-10.4728
7.9720,-10.0726,-10.4806
7.9760,-10.1105,-10.4870
7.9800,-10.1450,-10.4934
7.9840,-10.1791,-10.4998
7.9880,-10.2105,-10.5022
7.9920,-10.2418,-10.5022
7.9960,-10.2702,-10.5022
8.0000,-10.2738,-10.5022
8.0040,-10.2958,-10.5022
8.0080,-10.3219,-10.5021
8.0120,-10.3445,-10.5021
8.0160,-10.3660,-10.5020
8.0200,-10.3846,-10.5020
8.0240,-10.3879,-10.5020
8.0280,-10.4025,-10.5020
8.0320,-10.4190,-10.5019
8.0360,-10.4326,-10.5019
8.0400,-10.4453,-10.5019
8.0440,-10.4562,-10.5019
8.0480,-10.4668,-10.5019
8.0520,-10.4743,-10.5019
8.0560,-10.4759,-10.5019
8.0600,-10.4813,-10.5018
8.0640,-10.4879,-10.5018
8.0680,-10.4919,-10.5018
8.0720,-10.4964,-10.5018
8.0760,-10.4985,-10.5018
8.0800,-10.5012,-10.5017
8.0840,-10.5020,-10.5017
8.0880,-10.5028,-10.5017
8.0920,-10.5027,-10.5016
8.0960,-10.5042,-10.5016
8.1000,-10.5040,-10.5015
8.1040,-10.5048,-10.5015
8.1080,-10.5043,-10.5014
8.1120,-10.5048,-10.5014
8.1160,-10.5040,-10.5014
8.1200,-10.5046,-10.5013
8.1240,-10.5038,-10.5013
8.1280,-10.5042,-10.5013
8.1320,-10.5033,-10.5013
8.1360,-10.5038,-10.5012
8.1400,-10.5027,-10.5012
8.1440,-10.5031,-10.5012
8.1480,-10.5024,-10.5012
8.1520,-10.5029,-10.5012
8.1560,-10.5021,-10.5011
8.1600,-10.5024,-10.5011
8.1640,-10.5016,-10.5011
8.1680,-10.5022,-10.5011
8.1720,-10.5014,-10.5010
8.1760,-10.5019,-10.5010
8.1800,-10.5013,-10.5010
8.1840,-10.5018,-10.5010
8.1880,-10.5011,-10.5010
8.1920,-10.5017,-10.5009
8.1960,-10.5010,-10.5009
8.2000,-10.5015,-10.5009
8.2040,-10.5010,-10.5009
8.2080,-10.5016,-10.5008
8.2120,-10.5007,-10.5008
8.2160,-10.5015,-10.5008
8.2200,-10.5008,-10.5008
8.2240,-10.5013,-10.5008
8.2280,-10.5008,-10.5007
8.2320,-10.5014,-10.5007
8.2360,-10.5008,-10.5006
8.2400,-10.5013,-10.5006
8.2440,-10.5007,-10.5006
8.2480,-10.5013,-10.5005
8.2520,-10.5006,-10.5005
8.2560,-10.5014,-10.5005
8.2600,-10.5006,-10.5004
8.2640,-10.5013,-10.5004
8.2680,-10.5005,-10.5003
8.2720,-10.5011,-10.5003
8.2760,-10.5005,-10.5002
8.2800,-10.5012,-10.5002
8.2840,-10.5005,-10.5001
8.2880,-10.5012,-10.5001
8.2920,-10.5004,-10.5001
8.2960,-10.5011,-10.5000
8.3000,-10.5004,-10.5000
8.3040,-10.5009,-10.4999
8.3080,-10.5003,-10.4999
8.3120,-10.5010,-10.4999
8.3160,-10.5002,-10.4998
8.3200,-10.5007,-10.4998
8.3240,-10.5001,-10.4998
8.3280,-10.5007,-10.4997
8.3320,-10.5001,-10.4997
8.3360,-10.5006,-10.4997
8.3400,-10.5000,-10.4996
8.3440,-10.5006,-10.4996
8.3480,-10.4998,-10.4995
8.3520,-10.5004,-10.4995
8.3560,-10.4998,-10.4995
8.3600,-10.5004,-10.4995
8.3640,-10.4997,-10.4995
8.3680,-10.5005,-10.4995
8.3720,-10.4996,-10.4995
8.3760,-10.5003,-10.4995
8.3800,-10.4996,-10.4994
8.3840,-10.5001,-10.4994
8.3880,-10.4995,-10.4994
8.3920,-10.5002,-10.4993
8.3960,-10.4994,-10.4993
8.4000,-10.5001,-10.4993
8.4040,-10.4994,-10.4993
8.4080,-10.5001,-10.4992
8.4120,-10.4994,-10.4992
8.4160,-10.4999,-10.4992
8.4200,-10.4993,-10.4992
8.4240,-10.5000,-10.4992
8.4280,-10.4992,-10.4992
8.4320,-10.4998,-10.4992
8.4360,-10.4993,-10.4992
8.4400,-10.4996,-10.4991
8.4440,-10.4991,-10.4991
8.4480,-10.4997,-10.4991
8.4520,-10.4992,-10.4991
8.4560,-10.4997,-10.4990
8.4600,-10.4990,-10.4990
8.4640,-10.4996,-10.4990
8.4680,-10.4990,-10.4990
8.4720,-10.4996,-10.4990
8.4760,-10.4990,-10.4989
8.4800,-10.4996,-10.4989
8.4840,-10.4990,-10.4989
8.4880,-10.4995,-10.4989
8.4920,-10.4989,-10.4989
8.4960,-10.4995,-10.4988
8.5000,-10.4989,-10.4988
8.5040,-10.4996,-10.4987
8.5080,-10.4987,-10.4987
8.5120,-10.4994,-10.4987
8.5160,-10.4989,-10.4987
8.5200,-10.4993,-10.4986
8.5240,-10.4987,-10.4986
8.5280,-10.4993,-10.4986
8.5320,-10.4987,-10.4986
8.5360,-10.4993,-10.4985
8.5400,-10.4987,-10.4985
8.5440,-10.4993,-10.4985
8.5480,-10.4986,-10.4984
8.5520,-10.4992,-10.4984
8.5560,-10.4986,-10.4984
8.5600,-10.4992,-10.4983
8.5640,-10.4985,-10.4982
8.5680,-10.4992,-10.4982
8.5720,-10.4984,-10.4981
8.5760,-10.4991,-10.4981
8.5800,-10.4984,-10.4980
8.5840,-10.4990,-10.4979
8.5880,-10.4984,-10.4979
8.5920,-10.4989,-10.4978
8.5960,-10.4983,-10.4978
8.6000,-10.4988,-10.4977
8.6040,-10.4983,-10.4976
8.6080,-10.4988,-10.4976
8.6120,-10.4981,-10.4975
8.6160,-10.4987,-10.4974
8.6200,-10.4981,-10.4974
8.6240,-10.4986,-10.4973
8.6280,-10.4980,-10.4972
8.6320,-10.4986,-10.4972
8.6360,-10.4979,-10.4971
8.6400,-10.4984,-10.4970
8.6440,-10.4978,-10.4970
8.6480,-10.4983,-10.4969
8.6520,-10.4976,-10.4969
8.6560,-10.4982,-10.4968
8.6600,-10.4976,-10.4968
8.6640,-10.4981,-10.4968
8.6680,-10.4974,-10.4967
8.6720,-10.4979,-10.4967
8.6760,-10.4973,-10.4967
8.6800,-10.4977,-10.4967
8.6840,-10.4972,-10.4966
8.6880,-10.4978,-10.4965
8.6920,-10.4971,-10.4965
8.6960,-10.4975,-10.4964
8.7000,-10.4969,-10.4964
8.7040,-10.4974,-10.4963
8.7080,-10.4968,-10.4962
8.7120,-10.4973,-10.4962
8.7160,-10.4967,-10.4962
8.7200,-10.4973,-10.4961
8.7240,-10.4967,-10.4961
8.7280,-10.4972,-10.4960
8.7320,-10.4966,-10.4959
8.7360,-10.4970,-10.4958
8.7400,-10.4965,-10.4957
8.7440,-10.4970,-10.4956
8.7480,-10.4964,-10.4955
8.7520,-10.4969,-10.4954
8.7560,-10.4963,-10.4953
8.7600,-10.4968,-10.4952
8.7640,-10.4961,-10.4952
8.7680,-10.4967,-10.4951
8.7720,-10.4961,-10.4950
8.7760,-10.4966,-10.4950
8.7800,-10.4960,-10.4949
8.7840,-10.4965,-10.4948
8.7880,-10.4958,-10.4946
8.7920,-10.4963,-10.4944
8.7960,-10.4956,-10.4943
8.8000,-10.4961,-10.4941
8.8040,-10.4955,-10.4939
8.8080,-10.4961,-10.4936
8.8120,-10.4953,-10.4933
8.8160,-10.4958,-10.4931
8.8200,-10.4952,-10.4928
8.8240,-10.4957,-10.4926
8.8280,-10.4950,-10.4923
8.8320,-10.4954,-10.4920
8.8360,-10.4949,-10.4918
8.8400,-10.4952,-10.4915
8.8440,-10.4947,-10.4912
8.8480,-10.4949,-10.4909
8.8520,-10.4943,-10.4906
8.8560,-10.4948,-10.4902
8.8600,-10.4939,-10.4898
8.8640,-10.4944,-10.4894
8.8680,-10.4937,-10.4891
8.8720,-10.4942,-10.4888
8.8760,-10.4934,-10.4885
8.8800,-10.4938,-10.4881
8.8840,-10.4929,-10.4876
8.8880,-10.4932,-10.4871
8.8920,-10.4924,-10.4866
8.8960,-10.4926,-10.4862
8.9000,-10.4920,-10.4858
8.9040,-10.4923,-10.4855
8.9080,-10.4913,-10.4852
8.9120,-10.4917,-10.4849
8.9160,-10.4906,-10.4846
8.9200,-10.4908,-10.4843
8.9240,-10.4902,-10.4840
8.9280,-10.4905,-10.4836
8.9320,-10.4895,-10.4833
8.9360,-10.4896,-10.4830
8.9400,-10.4887,-10.4826
8.9440,-10.4888,-10.4822
8.9480,-10.4877,-10.4817
8.9520,-10.4879,-10.4813
8.9560,-10.4872,-10.4809
8.9600,-10.4874,-10.4806
8.9640,-10.4865,-10.4803
8.9680,-10.4867,-10.4800
8.9720,-10.4855,-10.4798
8.9760,-10.4857,-10.4795
8.9800,-10.4847,-10.4793
8.9840,-10.4852,-10.4790
8.9880,-10.4843,-10.4784
8.9920,-10.4844,-10.4777
8.9960,-10.4835,-10.4766
9.0000,-10.4837,-10.4755
9.0040,-10.4827,-10.4744
9.0080,-10.4829,-10.4732
9.0120,-10.4819,-10.4723
9.0160,-10.4825,-10.4715
9.0200,-10.4816,-10.4706
9.0240,-10.4817,-10.4698
9.0280,-10.4807,-10.4689
9.0320,-10.4808,-10.4679
9.0360,-10.4796,-10.4673
9.0400,-10.4797,-10.4668
9.0440,-10.4785,-10.4665
9.0480,-10.4789,-10.4661
9.0520,-10.4779,-10.4658
9.0560,-10.4777,-10.4656
9.0600,-10.4765,-10.4655
9.0640,-10.4762,-10.4654
9.0680,-10.4749,-10.4653
9.0720,-10.4746,-10.4652
9.0760,-10.4733,-10.4651
9.0800,-10.4737,-10.4651
9.0840,-10.4723,-10.4650
9.0880,-10.4721,-10.4650
9.0920,-10.4709,-10.4650
9.0960,-10.4706,-10.4650
9.1000,-10.4694,-10.4649
9.1040,-10.4699,-10.4649
9.1080,-10.4688,-10.4649
9.1120,-10.4687,-10.4649
9.1160,-10.4676,-10.4649
9.1200,-10.4678,-10.4649
9.1240,-10.4667,-10.4649
9.1280,-10.4668,-10.4649
9.1320,-10.4660,-10.4649
9.1360,-10.4664,-10.4649
9.1400,-10.4658,-10.4649
9.1440,-10.4660,-10.4649
9.1480,-10.4653,-10.4649
9.1520,-10.4656,-10.4649
9.1560,-10.4650,-10.4649
9.1600,-10.4654,-10.4649
9.1640,-10.4647,-10.4650
9.1680,-10.4652,-10.4650
9.1720,-10.4647,-10.4650
9.1760,-10.4652,-10.4650
9.1800,-10.4647,-10.4650
9.1840,-10.4652,-10.4650
9.1880,-10.4646,-10.4650
9.1920,-10.4652,-10.4650
9.1960,-10.4645,-10.4650
9.2000,-10.4651,-10.4650
9.2040,-10.4645,-10.4650
9.2080,-10.4652,-10.4650
9.2120,-10.4646,-10.4650
9.2160,-10.4651,-10.4650
9.2200,-10.4646,-10.4650
9.2240,-10.4653,-10.4650
9.2280,-10.4646,-10.4650
9.2320,-10.4653,-10.4650
9.2360,-10.4646,-10.4650
9.2400,-10.4653,-10.4650
9.2440,-10.4647,-10.4650
9.2480,-10.4652,-10.4651
9.2520,-10.4647,-10.4651
9.2560,-10.4653,-10.4651
9.2600,-10.4647,-10.4651
9.2640,-10.4652,-10.4651
9.2680,-10.4647,-10.4651
9.2720,-10.4653,-10.4651
9.2760,-10.4647,-10.4651
9.2800,-10.4653,-10.4651
9.2840,-10.4647,-10.4651
9.2880,-10.4654,-10.4651
9.2920,-10.4647,-10.4651
9.2960,-10.4654,-10.4651
9.3000,-10.4648,-10.4651
9.3040,-10.4654,-10.4651
9.3080,-10.4647,-10.4651
9.3120,-10.4653,-10.4651
9.3160,-10.4647,-10.4651
9.3200,-10.4653,-10.4651
9.3240,-10.4648,-10.4651
9.3280,-10.4655,-10.4651
9.3320,-10.4647,-10.4651
9.3360,-10.4654,-10.4651
9.3400,-10.4648,-10.4651
9.3440,-10.4654,-10.4651
9.3480,-10.4648,-10.4652
9.3520,-10.4654,-10.4652
9.3560,-10.4648,-10.4652
9.3600,-10.4656,-10.4652
9.3640,-10.4648,-10.4652
9.3680,-10.4655,-10.4652
9.3720,-10.4647,-10.4652
9.3760,-10.4655,-10.4652
9.3800,-10.4648,-10.4652
9.3840,-10.4655,-10.4652
9.3880,-10.4648,-10.4652
9.3920,-10.4655,-10.4652
9.3960,-10.4648,-10.4652
9.4000,-10.4655,-10.4652
9.4040,-10.4648,-10.4652
9.4080,-10.4656,-10.4652
9.4120,-10.4648,-10.4652
9.4160,-10.4654,-10.4652
9.4200,-10.4648,-10.4652
9.4240,-10.4656,-10.4652
9.4280,-10.4647,-10.4652
9.4320,-10.4657,-10.4652
9.4360,-10.4649,-10.4652
9.4400,-10.4655,-10.4652
9.4440,-10.4648,-10.4652
9.4480,-10.4656,-10.4652
9.4520,-10.4646,-10.4652
9.4560,-10.4657,-10.4652
9.4600,-10.4647,-10.4652
9.4640,-10.4657,-10.4652
9.4680,-10.4648,-10.4652
9.4720,-10.4655,-10.4652
9.4760,-10.4648,-10.4652
9.4800,-10.4655,-10.4652
9.4840,-10.4648,-10.4652
9.4880,-10.4656,-10.4652
9.4920,-10.4647,-10.4652
9.4960,-10.4657,-10.4652
9.5000,-10.4648,-10.4652
9.5040,-10.4656,-10.4652
9.5080,-10.4648,-10.4652
9.5120,-10.4657,-10.4652
9.5160,-10.4647,-10.4652
9.5200,-10.4657,-10.4652
9.5240,-10.4646,-10.4652
9.5280,-10.4656,-10.4652
9.5320,-10.4647,-10.4652
9.5360,-10.4656,-10.4652
9.5400,-10.4649,-10.4652
9.5440,-10.4657,-10.4652
9.5480,-10.4649,-10.4653
9.5520,-10.4657,-10.4653
9.5560,-10.4647,-10.4653
9.5600,-10.4655,-10.4653
9.5640,-10.4649,-10.4653
9.5680,-10.4656,-10.4653
9.5720,-10.4650,-10.4653
9.5760,-10.4656,-10.4653
9.5800,-10.4648,-10.4653
9.5840,-10.4655,-10.4653
9.5880,-10.4647,-10.4653
9.5920,-10.4656,-10.4653
9.5960,-10.4647,-10.4653
9.6000,-10.4658,-10.4653
9.6040,-10.4647,-10.4654
9.6080,-10.4658,-10.4654
9.6120,-10.4648,-10.4654
9.6160,-10.4657,-10.4654
9.6200,-10.4649,-10.4654
9.6240,-10.4656,-10.4654
9.6280,-10.4648,-10.4654
9.6320,-10.4658,-10.4654
9.6360,-10.4647,-10.4654
9.6400,-10.4658,-10.4655
9.6440,-10.4648,-10.4655
9.6480,-10.4658,-10.4655
9.6520,-10.4648,-10.4655
9.6560,-10.4658,-10.4655
9.6600,-10.4648,-10.4655
9.6640,-10.4659,-10.4655
9.6680,-10.4648,-10.4655
9.6720,-10.4659,-10.4655
9.6760,-10.4650,-10.4655
9.6800,-10.4659,-10.4655
9.6840,-10.4649,-10.4656
9.6880,-10.4659,-10.4656
9.6920,-10.4647,-10.4656
9.6960,-10.4660,-10.4656
9.7000,-10.4648,-10.4656
9.7040,-10.4660,-10.4656
9.7080,-10.4648,-10.4656
9.7120,-10.4662,-10.4656
9.7160,-10.4648,-10.4656
9.7200,-10.4659,-10.4656
9.7240,-10.4650,-10.4656
9.7280,-10.4660,-10.4657
9.7320,-10.4649,-10.4657
9.7360,-10.4660,-10.4657
9.7400,-10.4654,-10.4657
9.7440,-10.4661,-10.4657
9.7480,-10.4649,-10.4657
9.7520,-10.4662,-10.4657
9.7560,-10.4649,-10.4657
9.7600,-10.4661,-10.4657
9.7640,-10.4650,-10.4657
9.7680,-10.4663,-10.4657
9.7720,-10.4651,-10.4657
9.7760,-10.4662,-10.4657
9.7800,-10.4652,-10.4658
9.7840,-10.4663,-10.4658
9.7880,-10.4649,-10.4658
9.7920,-10.4659,-10.4658
9.7960,-10.4652,-10.4658
9.8000,-10.4664,-10.4658
9.8040,-10.4648,-10.4658
9.8080,-10.4664,-10.4658
9.8120,-10.4650,-10.4658
9.8160,-10.4664,-10.4658
9.8200,-10.4649,-10.4658
9.8240,-10.4661,-10.4658
9.8280,-10.4652,-10.4658
9.8320,-10.4665,-10.4658
9.8360,-10.4649,-10.4658
9.8400,-10.4663,-10.4659
9.8440,-10.4652,-10.4659
9.8480,-10.4662,-10.4659
9.8520,-10.4651,-10.4659
9.8560,-10.4666,-10.4659
9.8600,-10.4650,-10.4659
9.8640,-10.4665,-10.4659
9.8680,-10.4652,-10.4659
9.8720,-10.4663,-10.4660
9.8760,-10.4653,-10.4660
9.8800,-10.4664,-10.4660
9.8840,-10.4652,-10.4660
9.8880,-10.4666,-10.4660
9.8920,-10.4654,-10.4661
9.8960,-10.4665,-10.4661
9.9000,-10.4651,-10.4661
9.9040,-10.4666,-10.4661
9.9080,-10.4652,-10.4661
9.9120,-10.4668,-10.4661
9.9160,-10.4652,-10.4662
9.9200,-10.4663,-10.4662
9.9240,-10.4652,-10.4662
9.9280,-10.4665,-10.4662
9.9320,-10.4651,-10.4662
9.9360,-10.4666,-10.4663
9.9400,-10.4655,-10.4663
9.9440,-10.4667,-10.4663
9.9480,-10.4653,-10.4663
9.9520,-10.4666,-10.4664
9.9560,-10.4654,-10.4664
9.9600,-10.4666,-10.4664
9.9640,-10.4654,-10.4665
9.9680,-10.4667,-10.4665
9.9720,-10.4657,-10.4666
9.9760,-10.4668,-10.4667
9.9800,-10.4656,-10.4667
9.9840,-10.4668,-10.4667
9.9880,-10.4653,-10.4668
9.9920,-10.4667,-10.4668
9.9960,-10.4656,-10.4669
10.0000,-10.4668,-10.4669
10.0040,-10.4656,-10.4669
10.0080,-10.4669,-10.4670
10.0120,-10.4655,-10.4670
10.0160,-10.4669,-10.4670
10.0200,-10.4658,-10.4670
10.0240,-10.4670,-10.4671
10.0280,-10.4658,-10.4671
10.0320,-10.4671,-10.4671
10.0360,-10.4659,-10.4671
10.0400,-10.4672,-10.4672
10.0440,-10.4664,-10.4672
10.0480,-10.4674,-10.4672
10.0520,-10.4659,-10.4672
10.0560,-10.4674,-10.4673
10.0600,-10.4662,-10.4673
10.0640,-10.4676,-10.4673
10.0680,-10.4658,-10.4673
10.0720,-10.4676,-10.4674
10.0760,-10.4660,-10.4674
10.0800,-10.4676,-10.4674
10.0840,-10.4664,-10.4674
10.0880,-10.4675,-10.4675
10.0920,-10.4666,-10.4675
10.0960,-10.4678,-10.4675
10.1000,-10.4666,-10.4676
10.1040,-10.4673,-10.4676
10.1080,-10.4664,-10.4676
10.1120,-10.4676,-10.4676
10.1160,-10.4666,-10.4677
10.1200,-10.4677,-10.4677
10.1240,-10.4668,-10.4677
10.1280,-10.4678,-10.4677
10.1320,-10.4670,-10.4678
10.1360,-10.4677,-10.4678
10.1400,-10.4670,-10.4678
10.1440,-10.4680,-10.4678
10.1480,-10.4666,-10.4678
10.1520,-10.4679,-10.4678
10.1560,-10.4668,-10.4678
10.1600,-10.4681,-10.4679
10.1640,-10.4671,-10.4679
10.1680,-10.4679,-10.4679
10.1720,-10.4669,-10.4679
10.1760,-10.4683,-10.4679
10.1800,-10.4668,-10.4680
10.1840,-10.4680,-10.4680
10.1880,-10.4670,-10.4680
10.1920,-10.4681,-10.4680
10.1960,-10.4671,-10.4680
10.2000,-10.4684,-10.4680
10.2040,-10.4672,-10.4680
10.2080,-10.4683,-10.4681
10.2120,-10.4673,-10.4681
10.2160,-10.4685,-10.4681
10.2200,-10.4674,-10.4681
10.2240,-10.4681,-10.4681
10.2280,-10.4670,-10.4682
10.2320,-10.4685,-10.4682
10.2360,-10.4673,-10.4682
10.2400,-10.4684,-10.4682
10.2440,-10.4674,-10.4682
10.2480,-10.4685,-10.4682
10.2520,-10.4674,-10.4683
10.2560,-10.4685,-10.4683
10.2600,-10.4672,-10.4683
10.2640,-10.4685,-10.4683
10.2680,-10.4676,-10.4684
10.2720,-10.4685,-10.4684
10.2760,-10.4673,-10.4684
10.2800,-10.4687,-10.4685
10.2840,-10.4676,-10.4685
10.2880,-10.4684,-10.4685
10.2920,-10.4677,-10.4685
10.2960,-10.4685,-10.4685
10.3000,-10.4678,-10.4686
10.3040,-10.4687,-10.4686
10.3080,-10.4675,-10.4686
10.3120,-10.4686,-10.4686
10.3160,-10.4680,-10.4686
10.3200,-10.4687,-10.4686
10.3240,-10.4680,-10.4686
10.3280,-10.4687,-10.4686
10.3320,-10.4678,-10.4687
10.3360,-10.4690,-10.4687
10.3400,-10.4679,-10.4687
10.3440,-10.4691,-10.4687
10.3480,-10.4678,-10.4687
10.3520,-10.4692,-10.4687
10.3560,-10.4679,-10.4687
10.3600,-10.4690,-10.4687
10.3640,-10.4676,-10.4687
10.3680,-10.4690,-10.4687
10.3720,-10.4678,-10.4687
10.3760,-10.4691,-10.4687
10.3800,-10.4681,-10.4687
10.3840,-10.4693,-10.4687
10.3880,-10.4681,-10.4687
10.3920,-10.4695,-10.4687
10.3960,-10.4679,-10.4687
10.4000,-10.4692,-10.4687
10.4040,-10.4676,-10.4687
10.4080,-10.4694,-10.4687
10.4120,-10.4681,-10.4687
10.4160,-10.4695,-10.4687
10.4200,-10.4679,-10.4687
10.4240,-10.4693,-10.4687
10.4280,-10.4678,-10.4687
10.4320,-10.4695,-10.4687
10.4360,-10.4680,-10.4687
10.4400,-10.4693,-10.4687
10.4440,-10.4681,-10.4687
10.4480,-10.4696,-10.4687
10.4520,-10.4680,-10.4687
10.4560,-10.4695,-10.4687
10.4600,-10.4679,-10.4687
10.4640,-10.4692,-10.4687
10.4680,-10.4683,-10.4687
10.4720,-10.4692,-10.4687
10.4760,-10.4681,-10.4687
10.4800,-10.4694,-10.4687
10.4840,-10.4679,-10.4687
10.4880,-10.4696,-10.4687
10.4920,-10.4679,-10.4687
10.4960,-10.4694,-10.4687
10.5000,-10.4680,-10.4687
10.5040,-10.4695,-10.4687
10.5080,-10.4679,-10.4687
10.5120,-10.4697,-10.4687
10.5160,-10.4680,-10.4687
10.5200,-10.4694,-10.4687
10.5240,-10.4680,-10.4687
10.5280,-10.4693,-10.4687
10.5320,-10.4682,-10.4687
10.5360,-10.4692,-10.4687
10.5400,-10.4682,-10.4687
10.5440,-10.4694,-10.4687
10.5480,-10.4681,-10.4687
10.5520,-10.4694,-10.4687
10.5560,-10.4680,-10.4687
10.5600,-10.4694,-10.4687
10.5640,-10.4681,-10.4687
10.5680,-10.4695,-10.4687
10.5720,-10.4680,-10.4687
10.5760,-10.4694,-10.4687
10.5800,-10.4681,-10.4687
10.5840,-10.4692,-10.4687
10.5880,-10.4680,-10.4687
10.5920,-10.4691,-10.4687
10.5960,-10.4681,-10.4687
10.6000,-10.4694,-10.4687
10.6040,-10.4682,-10.4687
10.6080,-10.4694,-10.4687
10.6120,-10.4681,-10.4687
10.6160,-10.4694,-10.4687
10.6200,-10.4681,-10.4687
10.6240,-10.4690,-10.4687
10.6280,-10.4682,-10.4687
10.6320,-10.4692,-10.4687
10.6360,-10.4682,-10.4687
10.6400,-10.4692,-10.4687
10.6440,-10.4683,-10.4687
10.6480,-10.4691,-10.4687
10.6520,-10.4681,-10.4687
10.6560,-10.4693,-10.4687
10.6600,-10.4684,-10.4687
10.6640,-10.4692,-10.4687
10.6680,-10.4682,-10.4687
10.6720,-10.4693,-10.4687
10.6760,-10.4683,-10.4687
10.6800,-10.4693,-10.4687
10.6840,-10.4681,-10.4687
10.6880,-10.4694,-10.4687
10.6920,-10.4681,-10.4687
10.6960,-10.4692,-10.4687
10.7000,-10.4681,-10.4687
10.7040,-10.4694,-10.4687
10.7080,-10.4681,-10.4687
10.7120,-10.4691,-10.4687
10.7160,-10.4682,-10.4687
10.7200,-10.4693,-10.4687
10.7240,-10.4682,-10.4687
10.7280,-10.4693,-10.4687
10.7320,-10.4681,-10.4687
10.7360,-10.4690,-10.4687
10.7400,-10.4684,-10.4687
10.7440,-10.4691,-10.4687
10.7480,-10.4682,-10.4687
10.7520,-10.4692,-10.4687
10.7560,-10.4683,-10.4687
10.7600,-10.4692,-10.4687
10.7640,-10.4681,-10.4687
10.7680,-10.4691,-10.4687
10.7720,-10.4683,-10.4687
10.7760,-10.4690,-10.4687
10.7800,-10.4684,-10.4687
10.7840,-10.4690,-10.4687
10.7880,-10.4683,-10.4687
10.7920,-10.4693,-10.4687
10.7960,-10.4682,-10.4687
10.8000,-10.4691,-10.4687
10.8040,-10.4683,-10.4687
10.8080,-10.4691,-10.4687
10.8120,-10.4683,-10.4687
10.8160,-10.4691,-10.4687
10.8200,-10.4684,-10.4687
10.8240,-10.4690,-10.4687
10.8280,-10.4683,-10.4687
10.8320,-10.4692,-10.4687
10.8360,-10.4683,-10.4687
10.8400,-10.4690,-10.4687
10.8440,-10.4684,-10.4687
10.8480,-10.4690,-10.4687
10.8520,-10.4684,-10.4687
10.8560,-10.4689,-10.4687
10.8600,-10.4684,-10.4687
10.8640,-10.4691,-10.4687
10.8680,-10.4684,-10.4687
10.8720,-10.4690,-10.4687
10.8760,-10.4683,-10.4687
10.8800,-10.4692,-10.4687
10.8840,-10.4683,-10.4687
10.8880,-10.4690,-10.4687
10.8920,-10.4683,-10.4687
10.8960,-10.4692,-10.4687
10.9000,-10.4685,-10.4687
10.9040,-10.4690,-10.4687
10.9080,-10.4684,-10.4687
10.9120,-10.4692,-10.4687
10.9160,-10.4683,-10.4687
10.9200,-10.4690,-10.4687
10.9240,-10.4684,-10.4687
10.9280,-10.4690,-10.4687
10.9320,-10.4683,-10.4687
10.9360,-10.4690,-10.4687
10.9400,-10.4684,-10.4687
10.9440,-10.4692,-10.4687
10.9480,-10.4684,-10.4687
10.9520,-10.4691,-10.4687
10.9560,-10.4684,-10.4687
10.9600,-10.4690,-10.4687
10.9640,-10.4684,-10.4687
10.9680,-10.4689,-10.4687
10.9720,-10.4684,-10.4687
10.9760,-10.4690,-10.4687
10.9800,-10.4686,-10.4687
10.9840,-10.4691,-10.4687
10.9880,-10.4684,-10.4687
10.9920,-10.4690,-10.4687
10.9960,-10.4685,-10.4687
11.0000,-10.4690,-10.4687
11.0040,-10.4684,-10.4687
11.0080,-10.4688,-10.4687
11.0120,-10.4685,-10.4687
11.0160,-10.4689,-10.4687
11.0200,-10.4684,-10.4687
11.0240,-10.4689,-10.4687
11.0280,-10.4685,-10.4687
11.0320,-10.4690,-10.4687
11.0360,-10.4684,-10.4687
11.0400,-10.4689,-10.4687
11.0440,-10.4684,-10.4687
11.0480,-10.4690,-10.4687
11.0520,-10.4684,-10.4686
11.0560,-10.4690,-10.4686
11.0600,-10.4685,-10.4686
11.0640,-10.4691,-10.4686
11.0680,-10.4683,-10.4686
11.0720,-10.4689,-10.4686
11.0760,-10.4685,-10.4686
11.0800,-10.4688,-10.4686
11.0840,-10.4683,-10.4686
11.0880,-10.4690,-10.4686
11.0920,-10.4684,-10.4686
11.0960,-10.4690,-10.4686
11.1000,-10.4684,-10.4686
11.1040,-10.4690,-10.4686
11.1080,-10.4684,-10.4686
11.1120,-10.4689,-10.4686
11.1160,-10.4684,-10.4686
11.1200,-10.4688,-10.4686
11.1240,-10.4684,-10.4686
11.1280,-10.4689,-10.4686
11.1320,-10.4685,-10.4686
11.1360,-10.4689,-10.4686
11.1400,-10.4684,-10.4686
11.1440,-10.4689,-10.4686
11.1480,-10.4683,-10.4686
11.1520,-10.4688,-10.4686
11.1560,-10.4684,-10.4686
11.1600,-10.4689,-10.4686
11.1640,-10.4683,-10.4686
11.1680,-10.4689,-10.4686
11.1720,-10.4684,-10.4686
11.1760,-10.4688,-10.4686
11.1800,-10.4684,-10.4686
11.1840,-10.4688,-10.4686
11.1880,-10.4684,-10.4686
11.1920,-10.4689,-10.4686
11.1960,-10.4683,-10.4686
11.2000,-10.4687,-10.4686
11.2040,-10.4684,-10.4686
11.2080,-10.4689,-10.4686
11.2120,-10.4684,-10.4686
11.2160,-10.4687,-10.4686
11.2200,-10.4684,-10.4686
11.2240,-10.4688,-10.4686
11.2280,-10.4684,-10.4686
11.2320,-10.4688,-10.4686
11.2360,-10.4684,-10.4686
11.2400,-10.4687,-10.4685
11.2440,-10.4683,-10.4685
11.2480,-10.4687,-10.4685
11.2520,-10.4684,-10.4685
11.2560,-10.4688,-10.4685
11.2600,-10.4684,-10.4685
11.2640,-10.4687,-10.4685
11.2680,-10.4684,-10.4685
11.2720,-10.4687,-10.4685
11.2760,-10.4684,-10.4685
11.2800,-10.4687,-10.4685
11.2840,-10.4684,-10.4685
11.2880,-10.4689,-10.4685
11.2920,-10.4684,-10.4685
11.2960,-10.4687,-10.4685
11.3000,-10.4683,-10.4685
11.3040,-10.4687,-10.4685
11.3080,-10.4684,-10.4685
11.3120,-10.4688,-10.4684
11.3160,-10.4683,-10.4684
11.3200,-10.4686,-10.4684
11.3240,-10.4684,-10.4684
11.3280,-10.4687,-10.4684
11.3320,-10.4684,-10.4684
11.3360,-10.4687,-10.4684
11.3400,-10.4683,-10.4684
11.3440,-10.4686,-10.4684
11.3480,-10.4683,-10.4684
11.3520,-10.4687,-10.4684
11.3560,-10.4684,-10.4684
11.3600,-10.4687,-10.4684
11.3640,-10.4683,-10.4684
11.3680,-10.4687,-10.4684
11.3720,-10.4683,-10.4684
11.3760,-10.4686,-10.4684
11.3800,-10.4683,-10.4684
11.3840,-10.4686,-10.4684
11.3880,-10.4683,-10.4684
11.3920,-10.4686,-10.4684
11.3960,-10.4683,-10.4684
11.4000,-10.4686,-10.4684
11.4040,-10.4683,-10.4684
11.4080,-10.4686,-10.4684
11.4120,-10.4683,-10.4684
11.4160,-10.4686,-10.4684
11.4200,-10.4683,-10.4684
11.4240,-10.4686,-10.4684
11.4280,-10.4682,-10.4684
11.4320,-10.4685,-10.4684
11.4360,-10.4683,-10.4684
11.4400,-10.4685,-10.4684
11.4440,-10.4683,-10.4684
11.4480,-10.4686,-10.4684
11.4520,-10.4683,-10.4684
11.4560,-10.4685,-10.4684
11.4600,-10.4682,-10.4684
11.4640,-10.4686,-10.4684
11.4680,-10.4682,-10.4684
11.4720,-10.4686,-10.4684
11.4760,-10.4683,-10.4684
11.4800,-10.4685,-10.4684
11.4840,-10.4683,-10.4684
11.4880,-10.4685,-10.4684
11.4920,-10.4683,-10.4684
11.4960,-10.4685,-10.4684
11.5000,-10.4682,-10.4684
11.5040,-10.4685,-10.4684
11.5080,-10.4683,-10.4684
11.5120,-10.4685,-10.4684
11.5160,-10.4682,-10.4684
11.5200,-10.4685,-10.4684
11.5240,-10.4683,-10.4684
11.5280,-10.4685,-10.4684
11.5320,-10.4682,-10.4683
11.5360,-10.4685,-10.4683
11.5400,-10.4683,-10.4683
11.5440,-10.4685,-10.4683
11.5480,-10.4683,-10.4683
11.5520,-10.4685,-10.4683
11.5560,-10.4683,-10.4683
11.5600,-10.4685,-10.4683
11.5640,-10.4683,-10.4683
11.5680,-10.4685,-10.4683
11.5720,-10.4682,-10.4683
11.5760,-10.4685,-10.4683
11.5800,-10.4682,-10.4682
11.5840,-10.4685,-10.4682
11.5880,-10.4683,-10.4682
11.5920,-10.4685,-10.4682
11.5960,-10.4682,-10.4682
11.6000,-10.4684,-10.4682
11.6040,-10.4682,-10.4682
11.6080,-10.4685,-10.4682
11.6120,-10.4682,-10.4682
11.6160,-10.4684,-10.4682
11.6200,-10.4681,-10.4682
11.6240,-10.4684,-10.4682
11.6280,-10.4681,-10.4681
11.6320,-10.4684,-10.4681
11.6360,-10.4682,-10.4681
11.6400,-10.4684,-10.4681
11.6440,-10.4681,-10.4681
11.6480,-10.4684,-10.4681
11.6520,-10.4681,-10.4681
11.6560,-10.4684,-10.4681
11.6600,-10.4682,-10.4681
11.6640,-10.4683,-10.4681
11.6680,-10.4681,-10.4681
11.6720,-10.4683,-10.4681
11.6760,-10.4681,-10.4681
11.6800,-10.4683,-10.4681
11.6840,-10.4681,-10.4681
11.6880,-10.4683,-10.4681
11.6920,-10.4681,-10.4681
11.6960,-10.4683,-10.4681
11.7000,-10.4680,-10.4681
11.7040,-10.4683,-10.4681
11.7080,-10.4680,-10.4681
11.7120,-10.4683,-10.4681
11.7160,-10.4681,-10.4681
11.7200,-10.4682,-10.4681
11.7240,-10.4680,-10.4681
11.7280,-10.4682,-10.4681
11.7320,-10.4680,-10.4681
11.7360,-10.4682,-10.4681
11.7400,-10.4680,-10.4681
11.7440,-10.4682,-10.4681
11.7480,-10.4680,-10.4681
11.7520,-10.4682,-10.4681
11.7560,-10.4680,-10.4681
11.7600,-10.4682,-10.4681
11.7640,-10.4680,-10.4681
11.7680,-10.4682,-10.4681
11.7720,-10.4680,-10.4681
11.7760,-10.4682,-10.4681
11.7800,-10.4680,-10.4681
11.7840,-10.4682,-10.4681
11.7880,-10.4680,-10.4681
11.7920,-10.4682,-10.4681
11.7960,-10.4680,-10.4681
11.8000,-10.4682,-10.4681
11.8040,-10.4680,-10.4681
11.8080,-10.4682,-10.4681
11.8120,-10.4680,-10.4681
11.8160,-10.4682,-10.4681
11.8200,-10.4680,-10.4681
11.8240,-10.4682,-10.4681
11.8280,-10.4680,-10.4681
11.8320,-10.4682,-10.4681
11.8360,-10.4679,-10.4681
11.8400,-10.4681,-10.4681
11.8440,-10.4680,-10.4681
11.8480,-10.4682,-10.4680
11.8520,-10.4680,-10.4680
11.8560,-10.4682,-10.4680
11.8600,-10.4680,-10.4681
11.8640,-10.4681,-10.4681
11.8680,-10.4680,-10.4680
11.8720,-10.4681,-10.4680
11.8760,-10.4680,-10.4680
11.8800,-10.4681,-10.4680
11.8840,-10.4680,-10.4680
11.8880,-10.4682,-10.4680
11.8920,-10.4680,-10.4680
11.8960,-10.4681,-10.4680
11.9000,-10.4680,-10.4680
11.9040,-10.4681,-10.4680
11.9080,-10.4680,-10.4681
11.9120,-10.4681,-10.4681
11.9160,-10.4680,-10.4680
11.9200,-10.4681,-10.4680
11.9240,-10.4680,-10.4680
11.9280,-10.4682,-10.4680
11.9320,-10.4679,-10.4680
11.9360,-10.4681,-10.4680
11.9400,-10.4680,-10.4680
11.9440,-10.4682,-10.4681
11.9480,-10.4679,-10.4681
11.9520,-10.4681,-10.4680
11.9560,-10.4680,-10.4681
11.9600,-10.4681,-10.4681
11.9640,-10.4680,-10.4680
11.9680,-10.4681,-10.4680
11.9720,-10.4680,-10.4680
11.9760,-10.4681,-10.4680
11.9800,-10.4680,-10.4680
11.9840,-10.4681,-10.4680
11.9880,-10.4680,-10.4680
11.9920,-10.4681,-10.4680
11.9960,-10.4680,-10.4680
12.0000,-10.4681,-10.4680
12.0040,-10.4680,-10.4680
12.0080,-10.4681,-10.4680
12.0120,-10.4679,-10.4680
12.0160,-10.4681,-10.4680
12.0200,-10.4680,-10.4680
12.0240,-10.4681,-10.4680
12.0280,-10.4679,-10.4680
12.0320,-10.4681,-10.4680
12.0360,-10.4680,-10.4680
12.0400,-10.4681,-10.4680
12.0440,-10.4679,-10.4680
12.0480,-10.4681,-10.4679
12.0520,-10.4680,-10.4679
12.0560,-10.4681,-10.4679
12.0600,-10.4680,-10.4679
12.0640,-10.4681,-10.4679
12.0680,-10.4679,-10.4679
12.0720,-10.4681,-10.4679
12.0760,-10.4680,-10.4679
12.0800,-10.4681,-10.4679
12.0840,-10.4680,-10.4679
12.0880,-10.4681,-10.4678
12.0920,-10.4679,-10.4678
12.0960,-10.4680,-10.4678
12.1000,-10.4679,-10.4678
12.1040,-10.4680,-10.4678
12.1080,-10.4679,-10.4678
12.1120,-10.4680,-10.4678
12.1160,-10.4679,-10.4678
12.1200,-10.4680,-10.4677
12.1240,-10.4679,-10.4677
12.1280,-10.4680,-10.4677
12.1320,-10.4678,-10.4677
12.1360,-10.4680,-10.4677
12.1400,-10.4678,-10.4677
12.1440,-10.4679,-10.4677
12.1480,-10.4678,-10.4677
12.1520,-10.4679,-10.4677
12.1560,-10.4678,-10.4676
12.1600,-10.4679,-10.4676
12.1640,-10.4678,-10.4676
12.1680,-10.4679,-10.4676
12.1720,-10.4677,-10.4676
12.1760,-10.4679,-10.4676
12.1800,-10.4677,-10.4676
12.1840,-10.4678,-10.4676
12.1880,-10.4677,-10.4676
12.1920,-10.4678,-10.4676
12.1960,-10.4677,-10.4676
12.2000,-10.4678,-10.4676
12.2040,-10.4676,-10.4676
12.2080,-10.4678,-10.4676
12.2120,-10.4676,-10.4676
12.2160,-10.4677,-10.4676
12.2200,-10.4676,-10.4675
12.2240,-10.4677,-10.4675
12.2280,-10.4676,-10.4675
12.2320,-10.4677,-10.4675
12.2360,-10.4676,-10.4675
12.2400,-10.4677,-10.4675
12.2440,-10.4676,-10.4675
12.2480,-10.4677,-10.4675
12.2520,-10.4675,-10.4675
12.2560,-10.4676,-10.4675
12.2600,-10.4675,-10.4675
12.2640,-10.4676,-10.4675
12.2680,-10.4675,-10.4675
12.2720,-10.4676,-10.4675
12.2760,-10.4675,-10.4675
12.2800,-10.4676,-10.4675
12.2840,-10.4675,-10.4675
12.2880,-10.4676,-10.4675
12.2920,-10.4675,-10.4675
12.2960,-10.4676,-10.4675
12.3000,-10.4675,-10.4675
12.3040,-10.4676,-10.4675
12.3080,-10.4675,-10.4675
12.3120,-10.4676,-10.4675
12.3160,-10.4675,-10.4675
12.3200,-10.4675,-10.4675
12.3240,-10.4675,-10.4674
12.3280,-10.4676,-10.4674
12.3320,-10.4674,-10.4674
12.3360,-10.4675,-10.4674
12.3400,-10.4675,-10.4674
12.3440,-10.4676,-10.4674
12.3480,-10.4674,-10.4674
12.3520,-10.4675,-10.4674
12.3560,-10.4674,-10.4674
12.3600,-10.4675,-10.4674
12.3640,-10.4674,-10.4674
12.3680,-10.4675,-10.4674
12.3720,-10.4674,-10.4674
12.3760,-10.4675,-10.4674
12.3800,-10.4674,-10.4674
12.3840,-10.4675,-10.4674
12.3880,-10.4674,-10.4674
12.3920,-10.4675,-10.4674
12.3960,-10.4674,-10.4674
12.4000,-10.4675,-10.4674
12.4040,-10.4674,-10.4674
12.4080,-10.4675,-10.4674
12.4120,-10.4674,-10.4674
12.4160,-10.4675,-10.4674
12.4200,-10.4674,-10.4674
12.4240,-10.4675,-10.4674
12.4280,-10.4674,-10.4674
12.4320,-10.4674,-10.4674
12.4360,-10.4674,-10.4674
12.4400,-10.4675,-10.4674
12.4440,-10.4674,-10.4674
12.4480,-10.4675,-10.4674
12.4520,-10.4674,-10.4674
12.4560,-10.4674,-10.4674
12.4600,-10.4674,-10.4674
12.4640,-10.4675,-10.4674
12.4680,-10.4673,-10.4674
12.4720,-10.4674,-10.4674
12.4760,-10.4674,-10.4674
12.4800,-10.4675,-10.4674
12.4840,-10.4674,-10.4674
12.4880,-10.4674,-10.4674
12.4920,-10.4674,-10.4674
12.4960,-10.4675,-10.4674
12.5000,-10.4674,-10.4674
12.5040,-10.4675,-10.4674
12.5080,-10.4674,-10.4674
12.5120,-10.4675,-10.4674
12.5160,-10.4674,-10.4674
12.5200,-10.4675,-10.4674
12.5240,-10.4674,-10.4674
12.5280,-10.4674,-10.4674
12.5320,-10.4674,-10.4674
12.5360,-10.4675,-10.4674
12.5400,-10.4674,-10.4674
12.5440,-10.4674,-10.4674
12.5480,-10.4674,-10.4674
12.5520,-10.4675,-10.4674
12.5560,-10.4674,-10.4674
12.5600,-10.4674,-10.4674
12.5640,-10.4673,-10.4674
12.5680,-10.4674,-10.4673
12.5720,-10.4673,-10.4673
12.5760,-10.4674,-10.4673
12.5800,-10.4674,-10.4673
12.5840,-10.4674,-10.4673
12.5880,-10.4674,-10.4673
12.5920,-10.4674,-10.4673
12.5960,-10.4674,-10.4673
12.6000,-10.4674,-10.4673
12.6040,-10.4674,-10.4673
12.6080,-10.4674,-10.4673
12.6120,-10.4673,-10.4673
12.6160,-10.4674,-10.4673
12.6200,-10.4674,-10.4673
12.6240,-10.4674,-10.4673
12.6280,-10.4673,-10.4673
12.6320,-10.4674,-10.4673
12.6360,-10.4674,-10.4673
12.6400,-10.4674,-10.4673
12.6440,-10.4674,-10.4673
12.6480,-10.4674,-10.4673
12.6520,-10.4674,-10.4673
12.6560,-10.4674,-10.4673
12.6600,-10.4674,-10.4673
12.6640,-10.4673,-10.4673
12.6680,-10.4673,-10.4673
12.6720,-10.4673,-10.4673
12.6760,-10.4674,-10.4673
12.6800,-10.4674,-10.4673
12.6840,-10.4673,-10.4673
12.6880,-10.4675,-10.4673
12.6920,-10.4674,-10.4673
12.6960,-10.4674,-10.4673
12.7000,-10.4673,-10.4673
12.7040,-10.4673,-10.4673
12.7080,-10.4673,-10.4673
12.7120,-10.4673,-10.4673
12.7160,-10.4674,-10.4673
12.7200,-10.4673,-10.4673
12.7240,-10.4674,-10.4673
12.7280,-10.4673,-10.4673
12.7320,-10.4673,-10.4673
12.7360,-10.4674,-10.4673
12.7400,-10.4674,-10.4673
12.7440,-10.4674,-10.4673
12.7480,-10.4674,-10.4673
12.7520,-10.4672,-10.4673
12.7560,-10.4671,-10.4673
12.7600,-10.4672,-10.4673
12.7640,-10.4672,-10.4673
12.7680,-10.4673,-10.4673
12.7720,-10.4672,-10.4673
12.7760,-10.4672,-10.4673
12.7800,-10.4672,-10.4673
12.7840,-10.4674,-10.4672
12.7880,-10.4673,-10.4672
12.7920,-10.4674,-10.4672
12.7960,-10.4673,-10.4672
12.8000,-10.4673,-10.4672
12.8040,-10.4674,-10.4672
12.8080,-10.4675,-10.4672
12.8120,-10.4673,-10.4672
12.8160,-10.4671,-10.4672
12.8200,-10.4673,-10.4672
12.8240,-10.4672,-10.4672
12.8280,-10.4674,-10.4672
12.8320,-10.4672,-10.4672
12.8360,-10.4672,-10.4672
12.8400,-10.4672,-10.4672
12.8440,-10.4673,-10.4672
12.8480,-10.4672,-10.4672
12.8520,-10.4673,-10.4672
12.8560,-10.4672,-10.4672
12.8600,-10.4673,-10.4672
12.8640,-10.4672,-10.4671
12.8680,-10.4673,-10.4672
12.8720,-10.4672,-10.4672
12.8760,-10.4672,-10.4672
12.8800,-10.4671,-10.4672
12.8840,-10.4671,-10.4672
12.8880,-10.4673,-10.4672
12.8920,-10.4671,-10.4671
12.8960,-10.4672,-10.4672
12.9000,-10.4673,-10.4672
12.9040,-10.4673,-10.4672
12.9080,-10.4671,-10.4672
12.9120,-10.4670,-10.4672
12.9160,-10.4671,-10.4672
12.9200,-10.4671,-10.4672
12.9240,-10.4673,-10.4672
12.9280,-10.4673,-10.4672
12.9320,-10.4673,-10.4672
12.9360,-10.4673,-10.4672
12.9400,-10.4670,-10.4672
12.9440,-10.4670,-10.4672
12.9480,-10.4671,-10.4672
12.9520,-10.4673,-10.4672
12.9560,-10.4671,-10.4672
12.9600,-10.4673,-10.4672
12.9640,-10.4671,-10.4672
12.9680,-10.4671,-10.4672
12.9720,-10.4670,-10.4672
12.9760,-10.4672,-10.4672
12.9800,-10.4672,-10.4672
12.9840,-10.4673,-10.4672
12.9880,-10.4673,-10.4672
12.9920,-10.4670,-10.4672
12.9960,-10.4672,-10.4672
13.0000,-10.4670,-10.4672
13.0040,-10.4672,-10.4672
13.0080,-10.4671,-10.4672
13.0120,-10.4673,-10.4672
13.0160,-10.4671,-10.4672
13.0200,-10.4672,-10.4672
13.0240,-10.4670,-10.4672
13.0280,-10.4674,-10.4672
13.0320,-10.4673,-10.4673
13.0360,-10.4672,-10.4673
13.0400,-10.4674,-10.4673
13.0440,-10.4673,-10.4673
13.0480,-10.4672,-10.4673
13.0520,-10.4672,-10.4673
13.0560,-10.4672,-10.4673
13.0600,-10.4671,-10.4673
13.0640,-10.4672,-10.4673
13.0680,-10.4672,-10.4673
13.0720,-10.4671,-10.4673
13.0760,-10.4673,-10.4673
13.0800,-10.4670,-10.4673
13.0840,-10.4674,-10.4673
13.0880,-10.4672,-10.4673
13.0920,-10.4673,-10.4673
13.0960,-10.4672,-10.4673
13.1000,-10.4673,-10.4673
13.1040,-10.4673,-10.4674
13.1080,-10.4674,-10.4674
13.1120,-10.4672,-10.4674
13.1160,-10.4673,-10.4674
13.1200,-10.4674,-10.4674
13.1240,-10.4673,-10.4674
13.1280,-10.4674,-10.4674
13.1320,-10.4673,-10.4674
13.1360,-10.4672,-10.4674
13.1400,-10.4670,-10.4674
13.1440,-10.4673,-10.4674
13.1480,-10.4672,-10.4674
13.1520,-10.4673,-10.4674
13.1560,-10.4672,-10.4674
13.1600,-10.4674,-10.4674
13.1640,-10.4673,-10.4674
13.1680,-10.4675,-10.4674
13.1720,-10.4675,-10.4675
13.1760,-10.4672,-10.4675
13.1800,-10.4674,-10.4675
13.1840,-10.4672,-10.4675
13.1880,-10.4675,-10.4675
13.1920,-10.4676,-10.4675
13.1960,-10.4675,-10.4675
13.2000,-10.4674,-10.4675
13.2040,-10.4672,-10.4675
13.2080,-10.4674,-10.4675
13.2120,-10.4672,-10.4675
13.2160,-10.4675,-10.4675
13.2200,-10.4676,-10.4675
13.2240,-10.4675,-10.4675
13.2280,-10.4676,-10.4675
13.2320,-10.4675,-10.4675
13.2360,-10.4674,-10.4675
13.2400,-10.4674,-10.4675
13.2440,-10.4674,-10.4675
13.2480,-10.4675,-10.4675
13.2520,-10.4675,-10.4675
13.2560,-10.4674,-10.4675
13.2600,-10.4676,-10.4675
13.2640,-10.4675,-10.4675
13.2680,-10.4673,-10.4675
13.2720,-10.4677,-10.4675
13.2760,-10.4673,-10.4675
13.2800,-10.4676,-10.4675
13.2840,-10.4675,-10.4675
13.2880,-10.4676,-10.4675
13.2920,-10.4673,-10.4675
13.2960,-10.4676,-10.4675
13.3000,-10.4674,-10.4675
13.3040,-10.4676,-10.4675
13.3080,-10.4674,-10.4675
13.3120,-10.4675,-10.4675
13.3160,-10.4676,-10.4675
13.3200,-10.4675,-10.4675
13.3240,-10.4676,-10.4675
13.3280,-10.4675,-10.4675
13.3320,-10.4674,-10.4675
13.3360,-10.4675,-10.4675
13.3400,-10.4675,-10.4675
13.3440,-10.4675,-10.4675
13.3480,-10.4674,-10.4675
13.3520,-10.4675,-10.4675
13.3560,-10.4675,-10.4675
13.3600,-10.4675,-10.4675
13.3640,-10.4675,-10.4675
13.3680,-10.4674,-10.4675
13.3720,-10.4675,-10.4675
13.3760,-10.4675,-10.4675
13.3800,-10.4674,-10.4675
13.3840,-10.4675,-10.4675
13.3880,-10.4675,-10.4675
13.3920,-10.4675,-10.4675
13.3960,-10.4675,-10.4675
13.4000,-10.4675,-10.4675
13.4040,-10.4675,-10.4675
13.4080,-10.4675,-10.4675
13.4120,-10.4675,-10.4675
13.4160,-10.4675,-10.4675
13.4200,-10.4675,-10.4675
13.4240,-10.4675,-10.4675
13.4280,-10.4675,-10.4675
13.4320,-10.4675,-10.4675
13.4360,-10.4675,-10.4675
13.4400,-10.4675,-10.4675
13.4440,-10.4676,-10.4675
13.4480,-10.4675,-10.4675
13.4520,-10.4675,-10.4675
13.4560,-10.4675,-10.4675
13.4600,-10.4675,-10.4675
13.4640,-10.4675,-10.4675
13.4680,-10.4675,-10.4675
13.4720,-10.4675,-10.4675
13.4760,-10.4675,-10.4675
13.4800,-10.4675,-10.4675
13.4840,-10.4675,-10.4675
13.4880,-10.4675,-10.4676
13.4920,-10.4675,-10.4676
13.4960,-10.4675,-10.4676
13.5000,-10.4675,-10.4676
13.5040,-10.4675,-10.4676
13.5080,-10.4675,-10.4676
13.5120,-10.4675,-10.4676
13.5160,-10.4675,-10.4676
13.5200,-10.4675,-10.4676
13.5240,-10.4675,-10.4676
13.5280,-10.4675,-10.4676
13.5320,-10.4675,-10.4676
13.5360,-10.4675,-10.4676
13.5400,-10.4675,-10.4676
13.5440,-10.4675,-10.4676
13.5480,-10.4676,-10.4676
13.5520,-10.4676,-10.4676
13.5560,-10.4676,-10.4676
13.5600,-10.4676,-10.4676
13.5640,-10.4676,-10.4676
13.5680,-10.4676,-10.4676
13.5720,-10.4676,-10.4676
13.5760,-10.4676,-10.4676
13.5800,-10.4676,-10.4676
13.5840,-10.4676,-10.4676
13.5880,-10.4676,-10.4676
13.5920,-10.4676,-10.4676
13.5960,-10.4676,-10.4676
13.6000,-10.4676,-10.4676
13.6040,-10.4677,-10.4676
13.6080,-10.4677,-10.4676
13.6120,-10.4676,-10.4676
13.6160,-10.4676,-10.4676
13.6200,-10.4677,-10.4676
13.6240,-10.4676,-10.4676
13.6280,-10.4676,-10.4676
13.6320,-10.4676,-10.4676
13.6360,-10.4676,-10.4676
13.6400,-10.4677,-10.4676
13.6440,-10.4676,-10.4676
13.6480,-10.4676,-10.4676
13.6520,-10.4676,-10.4676
13.6560,-10.4676,-10.4676
13.6600,-10.4676,-10.4676
13.6640,-10.4676,-10.4676
13.6680,-10.4676,-10.4676
13.6720,-10.4676,-10.4676
13.6760,-10.4676,-10.4676
13.6800,-10.4676,-10.4676
13.6840,-10.4676,-10.4676
13.6880,-10.4676,-10.4676
13.6920,-10.4677,-10.4677
13.6960,-10.4677,-10.4677
13.7000,-10.4676,-10.4677
13.7040,-10.4676,-10.4677
13.7080,-10.4676,-10.4677
13.7120,-10.4676,-10.4677
13.7160,-10.4676,-10.4677
13.7200,-10.4676,-10.4677
13.7240,-10.4676,-10.4677
13.7280,-10.4676,-10.4677
13.7320,-10.4677,-10.4677
13.7360,-10.4676,-10.4677
13.7400,-10.4675,-10.4677
13.7440,-10.4676,-10.4677
13.7480,-10.4676,-10.4677
13.7520,-10.4676,-10.4677
13.7560,-10.4676,-10.4677
13.7600,-10.4676,-10.4677
13.7640,-10.4676,-10.4677
13.7680,-10.4676,-10.4677
13.7720,-10.4677,-10.4677
13.7760,-10.4677,-10.4677
13.7800,-10.4677,-10.4677
13.7840,-10.4677,-10.4677
13.7880,-10.4677,-10.4677
13.7920,-10.4677,-10.4677
13.7960,-10.4677,-10.4677
13.8000,-10.4676,-10.4677
13.8040,-10.4676,-10.4677
13.8080,-10.4677,-10.4677
13.8120,-10.4677,-10.4677
13.8160,-10.4677,-10.4677
13.8200,-10.4677,-10.4677
13.8240,-10.4678,-10.4677
13.8280,-10.4678,-10.4677
13.8320,-10.4678,-10.4677
13.8360,-10.4677,-10.4677
13.8400,-10.4677,-10.4677
13.8440,-10.4678,-10.4677
13.8480,-10.4678,-10.4677
13.8520,-10.4677,-10.4677
13.8560,-10.4676,-10.4677
13.8600,-10.4677,-10.4677
13.8640,-10.4678,-10.4677
13.8680,-10.4676,-10.4677
13.8720,-10.4677,-10.4677
13.8760,-10.4677,-10.4677
13.8800,-10.4677,-10.4677
13.8840,-10.4677,-10.4677
13.8880,-10.4677,-10.4677
13.8920,-10.4677,-10.4677
13.8960,-10.4677,-10.4677
13.9000,-10.4677,-10.4677
13.9040,-10.4678,-10.4677
13.9080,-10.4678,-10.4677
13.9120,-10.4677,-10.4677
13.9160,-10.4677,-10.4677
13.9200,-10.4678,-10.4677
13.9240,-10.4677,-10.4677
13.9280,-10.4677,-10.4677
13.9320,-10.4677,-10.4677
13.9360,-10.4677,-10.4677
13.9400,-10.4677,-10.4677
13.9440,-10.4677,-10.4677
13.9480,-10.4678,-10.4677
13.9520,-10.4678,-10.4677
13.9560,-10.4677,-10.4677
13.9600,-10.4677,-10.4677
13.9640,-10.4677,-10.4677
13.9680,-10.4677,-10.4677
13.9720,-10.4677,-10.4677
13.9760,-10.4677,-10.4677
13.9800,-10.4677,-10.4677
13.9840,-10.4677,-10.4677
13.9880,-10.4677,-10.4677
13.9920,-10.4677,-10.4677
13.9960,-10.4677,-10.4677
14.0000,-10.4677,-10.4677
14.0040,-10.4677,-10.4677
14.0080,-10.4677,-10.4677
14.0120,-10.4677,-10.4677
14.0160,-10.4678,-10.4677
14.0200,-10.4677,-10.4677
14.0240,-10.4676,-10.4677
14.0280,-10.4677,-10.4677
14.0320,-10.4677,-10.4677
14.0360,-10.4677,-10.4677
14.0400,-10.4677,-10.4677
14.0440,-10.4677,-10.4677
14.0480,-10.4677,-10.4677
14.0520,-10.4677,-10.4677
14.0560,-10.4677,-10.4677
14.0600,-10.4677,-10.4677
14.0640,-10.4677,-10.4677
14.0680,-10.4677,-10.4677
14.0720,-10.4677,-10.4677
14.0760,-10.4677,-10.4677
14.0800,-10.4677,-10.4677
14.0840,-10.4677,-10.4677
14.0880,-10.4677,-10.4677
14.0920,-10.4677,-10.4677
14.0960,-10.4677,-10.4677
14.1000,-10.4677,-10.4677
14.1040,-10.4677,-10.4677
14.1080,-10.4677,-10.4677
14.1120,-10.4677,-10.4677
14.1160,-10.4677,-10.4677
14.1200,-10.4676,-10.4676
14.1240,-10.4676,-10.4677
14.1280,-10.4677,-10.4677
14.1320,-10.4677,-10.4677
14.1360,-10.4677,-10.4677
14.1400,-10.4677,-10.4677
14.1440,-10.4677,-10.4677
14.1480,-10.4677,-10.4677
14.1520,-10.4677,-10.4677
14.1560,-10.4677,-10.4677
14.1600,-10.4677,-10.4677
14.1640,-10.4677,-10.4677
14.1680,-10.4677,-10.4677
14.1720,-10.4677,-10.4677
14.1760,-10.4677,-10.4677
14.1800,-10.4677,-10.4677
14.1840,-10.4677,-10.4677
14.1880,-10.4676,-10.4677
14.1920,-10.4677,-10.4677
14.1960,-10.4677,-10.4677
14.2000,-10.4677,-10.4677
14.2040,-10.4677,-10.4677
14.2080,-10.4677,-10.4677
14.2120,-10.4677,-10.4677
14.2160,-10.4676,-10.4677
14.2200,-10.4677,-10.4677
14.2240,-10.4677,-10.4677
14.2280,-10.4677,-10.4677
14.2320,-10.4677,-10.4677
14.2360,-10.4677,-10.4677
14.2400,-10.4677,-10.4677
14.2440,-10.4677,-10.4677
14.2480,-10.4677,-10.4677
14.2520,-10.4677,-10.4677
14.2560,-10.4677,-10.4677
14.2600,-10.4677,-10.4677
14.2640,-10.4676,-10.4677
14.2680,-10.4676,-10.4677
14.2720,-10.4677,-10.4677
14.2760,-10.4677,-10.4677
14.2800,-10.4677,-10.4677
14.2840,-10.4677,-10.4677
14.2880,-10.4677,-10.4677
14.2920,-10.4677,-10.4677
14.2960,-10.4677,-10.4677
14.3000,-10.4677,-10.4677
14.3040,-10.4677,-10.4677
14.3080,-10.4677,-10.4677
14.3120,-10.4677,-10.4677
14.3160,-10.4677,-10.4677
14.3200,-10.4677,-10.4677
14.3240,-10.4677,-10.4677
14.3280,-10.4676,-10.4677
14.3320,-10.4677,-10.4677
14.3360,-10.4677,-10.4677
14.3400,-10.4677,-10.4677
14.3440,-10.4677,-10.4677
14.3480,-10.4677,-10.4677
14.3520,-10.4677,-10.4677
14.3560,-10.4677,-10.4677
14.3600,-10.4677,-10.4677
14.3640,-10.4677,-10.4677
14.3680,-10.4677,-10.4677
14.3720,-10.4677,-10.4677
14.3760,-10.4677,-10.4677
14.3800,-10.4677,-10.4677
14.3840,-10.4677,-10.4677
14.3880,-10.4677,-10.4677
14.3920,-10.4677,-10.4677
14.3960,-10.4677,-10.4677
14.4000,-10.4677,-10.4677
14.4040,-10.4677,-10.4677
14.4080,-10.4677,-10.4677
14.4120,-10.4677,-10.4677
14.4160,-10.4677,-10.4677
14.4200,-10.4677,-10.4676
14.4240,-10.4677,-10.4676
14.4280,-10.4677,-10.4676
14.4320,-10.4677,-10.4676
14.4360,-10.4677,-10.4676
14.4400,-10.4677,-10.4676
14.4440,-10.4677,-10.4676
14.4480,-10.4677,-10.4676
14.4520,-10.4677,-10.4676
14.4560,-10.4677,-10.4676
14.4600,-10.4676,-10.4676
14.4640,-10.4676,-10.4676
14.4680,-10.4677,-10.4676
14.4720,-10.4677,-10.4676
14.4760,-10.4677,-10.4676
14.4800,-10.4677,-10.4676
14.4840,-10.4677,-10.4676
14.4880,-10.4676,-10.4676
14.4920,-10.4676,-10.4676
14.4960,-10.4676,-10.4676
14.5000,-10.4676,-10.4676
14.5040,-10.4676,-10.4676
14.5080,-10.4676,-10.4676
14.5120,-10.4676,-10.4676
14.5160,-10.4676,-10.4676
14.5200,-10.4676,-10.4676
14.5240,-10.4676,-10.4676
14.5280,-10.4676,-10.4676
14.5320,-10.4677,-10.4676
14.5360,-10.4676,-10.4676
14.5400,-10.4676,-10.4676
14.5440,-10.4676,-10.4676
14.5480,-10.4676,-10.4676
14.5520,-10.4676,-10.4676
14.5560,-10.4677,-10.4676
14.5600,-10.4676,-10.4676
14.5640,-10.4676,-10.4676
14.5680,-10.4676,-10.4676
14.5720,-10.4677,-10.4676
14.5760,-10.4676,-10.4676
14.5800,-10.4676,-10.4676
14.5840,-10.4676,-10.4676
14.5880,-10.4676,-10.4676
14.5920,-10.4676,-10.4676
14.5960,-10.4676,-10.4676
14.6000,-10.4676,-10.4676
14.6040,-10.4676,-10.4676
14.6080,-10.4676,-10.4676
14.6120,-10.4676,-10.4676
14.6160,-10.4676,-10.4676
14.6200,-10.4676,-10.4676
14.6240,-10.4676,-10.4676
14.6280,-10.4676,-10.4676
14.6320,-10.4676,-10.4676
14.6360,-10.4676,-10.4676
14.6400,-10.4675,-10.4676
14.6440,-10.4676,-10.4676
14.6480,-10.4676,-10.4676
14.6520,-10.4676,-10.4676
14.6560,-10.4676,-10.4676
14.6600,-10.4676,-10.4676
14.6640,-10.4675,-10.4676
14.6680,-10.4675,-10.4676
14.6720,-10.4676,-10.4676
14.6760,-10.4676,-10.4676
14.6800,-10.4676,-10.4676
14.6840,-10.4677,-10.4676
14.6880,-10.4676,-10.4676
14.6920,-10.4675,-10.4676
14.6960,-10.4676,-10.4676
14.7000,-10.4676,-10.4676
14.7040,-10.4676,-10.4676
14.7080,-10.4676,-10.4676
14.7120,-10.4676,-10.4676
14.7160,-10.4676,-10.4676
14.7200,-10.4675,-10.4676
14.7240,-10.4675,-10.4676
14.7280,-10.4677,-10.4676
14.7320,-10.4676,-10.4676
14.7360,-10.4676,-10.4676
14.7400,-10.4676,-10.4676
14.7440,-10.4676,-10.4676
14.7480,-10.4677,-10.4676
14.7520,-10.4677,-10.4676
14.7560,-10.4676,-10.4676
14.7600,-10.4674,-10.4676
14.7640,-10.4676,-10.4676
14.7680,-10.4676,-10.4676
14.7720,-10.4675,-10.4676
14.7760,-10.4675,-10.4676
14.7800,-10.4676,-10.4676
14.7840,-10.4677,-10.4676
14.7880,-10.4676,-10.4676
14.7920,-10.4676,-10.4676
14.7960,-10.4676,-10.4676
14.8000,-10.4676,-10.4676
14.8040,-10.4676,-10.4676
14.8080,-10.4676,-10.4676
14.8120,-10.4676,-10.4676
14.8160,-10.4676,-10.4676
14.8200,-10.4676,-10.4675
14.8240,-10.4676,-10.4675
14.8280,-10.4676,-10.4675
14.8320,-10.4675,-10.4675
14.8360,-10.4676,-10.4675
14.8400,-10.4677,-10.4675
14.8440,-10.4676,-10.4675
14.8480,-10.4676,-10.4675
14.8520,-10.4676,-10.4675
14.8560,-10.4675,-10.4675
14.8600,-10.4675,-10.4675
14.8640,-10.4676,-10.4675
14.8680,-10.4676,-10.4675
14.8720,-10.4676,-10.4675
14.8760,-10.4676,-10.4674
14.8800,-10.4675,-10.4674
14.8840,-10.4675,-10.4674
14.8880,-10.4675,-10.4674
14.8920,-10.4675,-10.4674
14.8960,-10.4676,-10.4674
14.9000,-10.4676,-10.4674
14.9040,-10.4675,-10.4674
14.9080,-10.4676,-10.4674
14.9120,-10.4675,-10.4674
14.9160,-10.4674,-10.4674
14.9200,-10.4675,-10.4673
14.9240,-10.4675,-10.4673
14.9280,-10.4675,-10.4673
14.9320,-10.4675,-10.4673
14.9360,-10.4675,-10.4673
14.9400,-10.4674,-10.4673
14.9440,-10.4674,-10.4673
14.9480,-10.4674,-10.4673
14.9520,-10.4674,-10.4672
14.9560,-10.4675,-10.4672
14.9600,-10.4675,-10.4672
14.9640,-10.4674,-10.4672
14.9680,-10.4674,-10.4672
14.9720,-10.4674,-10.4672
14.9760,-10.4674,-10.4672
14.9800,-10.4673,-10.4672
14.9840,-10.4673,-10.4672
14.9880,-10.4674,-10.4672
14.9920,-10.4674,-10.4672
14.9960,-10.4673,-10.4672
15.0000,-10.4674,-10.4671
15.0040,-10.4674,-10.4671
15.0080,-10.4672,-10.4671
15.0120,-10.4672,-10.4671
15.0160,-10.4672,-10.4671
15.0200,-10.4672,-10.4671
15.0240,-10.4673,-10.4671
15.0280,-10.4673,-10.4671
15.0320,-10.4671,-10.4670
15.0360,-10.4672,-10.4670
15.0400,-10.4673,-10.4670
15.0440,-10.4672,-10.4670
15.0480,-10.4673,-10.4669
15.0520,-10.4672,-10.4669
15.0560,-10.4672,-10.4668
15.0600,-10.4671,-10.4668
15.0640,-10.4671,-10.4668
15.0680,-10.4671,-10.4667
15.0720,-10.4671,-10.4667
15.0760,-10.4671,-10.4666
15.0800,-10.4671,-10.4666
15.0840,-10.4671,-10.4665
15.0880,-10.4671,-10.4665
15.0920,-10.4670,-10.4664
15.0960,-10.4670,-10.4664
15.1000,-10.4670,-10.4663
15.1040,-10.4669,-10.4663
15.1080,-10.4669,-10.4662
15.1120,-10.4670,-10.4661
15.1160,-10.4670,-10.4661
15.1200,-10.4670,-10.4661
15.1240,-10.4668,-10.4660
15.1280,-10.4668,-10.4660
15.1320,-10.4668,-10.4660
15.1360,-10.4667,-10.4660
15.1400,-10.4668,-10.4660
15.1440,-10.4667,-10.4660
15.1480,-10.4667,-10.4660
15.1520,-10.4667,-10.4660
15.1560,-10.4665,-10.4659
15.1600,-10.4664,-10.4659
15.1640,-10.4664,-10.4659
15.1680,-10.4664,-10.4659
15.1720,-10.4664,-10.4659
15.1760,-10.4664,-10.4659
15.1800,-10.4662,-10.4659
15.1840,-10.4662,-10.4659
15.1880,-10.4661,-10.4659
15.1920,-10.4661,-10.4659
15.1960,-10.4661,-10.4659
15.2000,-10.4661,-10.4659
15.2040,-10.4661,-10.4659
15.2080,-10.4660,-10.4659
15.2120,-10.4660,-10.4659
15.2160,-10.4660,-10.4659
15.2200,-10.4660,-10.4659
15.2240,-10.4660,-10.4659
15.2280,-10.4660,-10.4659
15.2320,-10.4659,-10.4659
15.2360,-10.4659,-10.4659
15.2400,-10.4659,-10.4659
15.2440,-10.4660,-10.4659
15.2480,-10.4659,-10.4659
15.2520,-10.4659,-10.4659
15.2560,-10.4659,-10.4659
15.2600,-10.4659,-10.4659
15.2640,-10.4659,-10.4659
15.2680,-10.4659,-10.4659
15.2720,-10.4659,-10.4659
15.2760,-10.4659,-10.4659
15.2800,-10.4659,-10.4659
15.2840,-10.4659,-10.4659
15.2880,-10.4658,-10.4659
15.2920,-10.4659,-10.4659
15.2960,-10.4658,-10.4659
15.3000,-10.4659,-10.4659
15.3040,-10.4659,-10.4659
15.3080,-10.4659,-10.4659
15.3120,-10.4659,-10.4659
15.3160,-10.4658,-10.4659
15.3200,-10.4658,-10.4659
15.3240,-10.4659,-10.4659
15.3280,-10.4659,-10.4659
15.3320,-10.4659,-10.4659
15.3360,-10.4658,-10.4659
15.3400,-10.4658,-10.4659
15.3440,-10.4658,-10.4658
15.3480,-10.4658,-10.4658
15.3520,-10.4658,-10.4658
15.3560,-10.4659,-10.4658
15.3600,-10.4658,-10.4658
15.3640,-10.4659,-10.4658
15.3680,-10.4658,-10.4658
15.3720,-10.4658,-10.4658
15.3760,-10.4658,-10.4658
15.3800,-10.4659,-10.4658
15.3840,-10.4658,-10.4658
15.3880,-10.4659,-10.4658
15.3920,-10.4659,-10.4658
15.3960,-10.4659,-10.4658
15.4000,-10.4658,-10.4658
15.4040,-10.4658,-10.4658
15.4080,-10.4659,-10.4658
15.4120,-10.4659,-10.4658
15.4160,-10.4658,-10.4658
15.4200,-10.4659,-10.4658
15.4240,-10.4658,-10.4658
15.4280,-10.4658,-10.4659
15.4320,-10.4658,-10.4659
15.4360,-10.4659,-10.4659
15.4400,-10.4658,-10.4659
15.4440,-10.4659,-10.4659
15.4480,-10.4658,-10.4659
15.4520,-10.4658,-10.4659
15.4560,-10.4659,-10.4659
15.4600,-10.4659,-10.4659
15.4640,-10.4658,-10.4659
15.4680,-10.4658,-10.4659
15.4720,-10.4658,-10.4659
15.4760,-10.4659,-10.4659
15.4800,-10.4659,-10.4659
15.4840,-10.4659,-10.4659
15.4880,-10.4658,-10.4659
15.4920,-10.4659,-10.4659
15.4960,-10.4659,-10.4659
15.5000,-10.4659,-10.4659
15.5040,-10.4658,-10.4659
15.5080,-10.4662,-10.4660
15.5120,-10.4659,-10.4660
15.5160,-10.4659,-10.4660
15.5200,-10.4658,-10.4660
15.5240,-10.4659,-10.4660
15.5280,-10.4659,-10.4660
15.5320,-10.4659,-10.4660
15.5360,-10.4658,-10.4660
15.5400,-10.4659,-10.4660
15.5440,-10.4659,-10.4660
15.5480,-10.4659,-10.4660
15.5520,-10.4659,-10.4660
15.5560,-10.4659,-10.4660
15.5600,-10.4659,-10.4660
15.5640,-10.4660,-10.4660
15.5680,-10.4659,-10.4660
15.5720,-10.4659,-10.4660
15.5760,-10.4659,-10.4660
15.5800,-10.4660,-10.4660
15.5840,-10.4659,-10.4660
15.5880,-10.4660,-10.4660
15.5920,-10.4660,-10.4660
15.5960,-10.4659,-10.4660
15.6000,-10.4660,-10.4660
15.6040,-10.4660,-10.4660
15.6080,-10.4658,-10.4660
15.6120,-10.4662,-10.4660
15.6160,-10.4659,-10.4660
15.6200,-10.4659,-10.4660
15.6240,-10.4660,-10.4660
15.6280,-10.4659,-10.4660
15.6320,-10.4660,-10.4660
15.6360,-10.4659,-10.4660
15.6400,-10.4661,-10.4660
15.6440,-10.4658,-10.4660
15.6480,-10.4659,-10.4660
15.6520,-10.4660,-10.4660
15.6560,-10.4660,-10.4660
15.6600,-10.4660,-10.4660
15.6640,-10.4659,-10.4660
15.6680,-10.4660,-10.4661
15.6720,-10.4659,-10.4661
15.6760,-10.4661,-10.4661
15.6800,-10.4659,-10.4661
15.6840,-10.4659,-10.4661
15.6880,-10.4662,-10.4661
15.6920,-10.4658,-10.4661
15.6960,-10.4659,-10.4661
15.7000,-10.4662,-10.4661
15.7040,-10.4658,-10.4662
15.7080,-10.4659,-10.4662
15.7120,-10.4661,-10.4662
15.7160,-10.4658,-10.4662
15.7200,-10.4662,-10.4662
15.7240,-10.4661,-10.4662
15.7280,-10.4659,-10.4663
15.7320,-10.4663,-10.4663
15.7360,-10.4659,-10.4663
15.7400,-10.4660,-10.4663
15.7440,-10.4661,-10.4663
15.7480,-10.4660,-10.4664
15.7520,-10.4661,-10.4664
15.7560,-10.4661,-10.4664
15.7600,-10.4663,-10.4664
15.7640,-10.4660,-10.4664
15.7680,-10.4661,-10.4665
15.7720,-10.4664,-10.4665
15.7760,-10.4660,-10.4665
15.7800,-10.4662,-10.4666
15.7840,-10.4662,-10.4666
15.7880,-10.4661,-10.4667
15.7920,-10.4663,-10.4667
15.7960,-10.4662,-10.4667
15.8000,-10.4663,-10.4668
15.8040,-10.4662,-10.4668
15.8080,-10.4663,-10.4669
15.8120,-10.4663,-10.4669
15.8160,-10.4664,-10.4669
15.8200,-10.4663,-10.4670
15.8240,-10.4666,-10.4670
15.8280,-10.4663,-10.4671
15.8320,-10.4663,-10.4671
15.8360,-10.4664,-10.4672
15.8400,-10.4666,-10.4672
15.8440,-10.4666,-10.4673
15.8480,-10.4665,-10.4673
15.8520,-10.4668,-10.4674
15.8560,-10.4664,-10.4674
15.8600,-10.4667,-10.4675
15.8640,-10.4668,-10.4675
15.8680,-10.4667,-10.4676
15.8720,-10.4670,-10.4676
15.8760,-10.4669,-10.4677
15.8800,-10.4670,-10.4677
15.8840,-10.4671,-10.4678
15.8880,-10.4669,-10.4678
15.8920,-10.4669,-10.4679
15.8960,-10.4670,-10.4679
15.9000,-10.4668,-10.4680
15.9040,-10.4674,-10.4680
15.9080,-10.4673,-10.4681
15.9120,-10.4670,-10.4681
15.9160,-10.4673,-10.4682
15.9200,-10.4672,-10.4682
15.9240,-10.4675,-10.4683
15.9280,-10.4675,-10.4684
15.9320,-10.4672,-10.4685
15.9360,-10.4677,-10.4685
15.9400,-10.4677,-10.4686
15.9440,-10.4673,-10.4687
15.9480,-10.4679,-10.4688
15.9520,-10.4678,-10.4690
15.9560,-10.4677,-10.4691
15.9600,-10.4679,-10.4693
15.9640,-10.4676,-10.4694
15.9680,-10.4682,-10.4697
15.9720,-10.4682,-10.4699
15.9760,-10.4679,-10.4702
15.9800,-10.4681,-10.4705
15.9840,-10.4681,-10.4709
15.9880,-10.4683,-10.4714
15.9920,-10.4684,-10.4722
15.9960,-10.4684,-10.4731
16.0000,-10.4685,-10.4740
16.0040,-10.4686,-10.4749
16.0080,-10.4688,-10.4762
16.0120,-10.4689,-10.4777
16.0160,-10.4690,-10.4804
16.0200,-10.4692,-10.4839
16.0240,-10.4694,-10.4875
16.0280,-10.4697,-10.4912
16.0320,-10.4700,-10.4952
16.0360,-10.4702,-10.4996
16.0400,-10.4704,-10.5044
16.0440,-10.4709,-10.5098
16.0480,-10.4715,-10.5152
16.0520,-10.4723,-10.5206
16.0560,-10.4734,-10.5265
16.0600,-10.4746,-10.5336
16.0640,-10.4761,-10.5409
16.0680,-10.4769,-10.5488
16.0720,-10.4774,-10.5572
16.0760,-10.4796,-10.5667
16.0800,-10.4819,-10.5772
16.0840,-10.4847,-10.5905
16.0880,-10.4881,-10.6038
16.0920,-10.4900,-10.6171
16.0960,-10.4916,-10.6313
16.1000,-10.4959,-10.6498
16.1040,-10.5003,-10.6688
16.1080,-10.5060,-10.6910
16.1120,-10.5117,-10.7135
16.1160,-10.5181,-10.7386
16.1200,-10.5245,-10.7640
16.1240,-10.5320,-10.7936
16.1280,-10.5396,-10.8234
16.1320,-10.5441,-10.8608
16.1360,-10.5481,-10.8983
16.1400,-10.5582,-10.9358
16.1440,-10.5699,-10.9733
16.1480,-10.5843,-11.0196
16.1520,-10.6002,-11.0667
16.1560,-10.6096,-11.1184
16.1600,-10.6173,-11.1708
16.1640,-10.6366,-11.2511
16.1680,-10.6584,-11.3369
16.1720,-10.6823,-11.4037
16.1760,-10.7079,-11.4653
16.1800,-10.7231,-11.5270
16.1840,-10.7348,-11.5886
16.1880,-10.7669,-11.6545
16.1920,-10.8017,-11.7221
16.1960,-10.8401,-11.7919
16.2000,-10.8813,-11.8628
16.2040,-10.9260,-11.9357
16.2080,-10.9738,-12.0098
16.2120,-11.0024,-12.0859
16.2160,-11.0246,-12.1635
16.2200,-11.0800,-12.2419
16.2240,-11.1378,-12.3211
16.2280,-11.2007,-12.4003
16.2320,-11.2670,-12.4794
16.2360,-11.3375,-12.5598
16.2400,-11.4061,-12.6426
16.2440,-11.4783,-12.7262
16.2480,-11.5233,-12.8121
16.2520,-11.5550,-12.8985
16.2560,-11.6308,-12.9868
16.2600,-11.7058,-13.0756
16.2640,-11.7819,-13.1661
16.2680,-11.8597,-13.2565
16.2720,-11.9064,-13.3470
16.2760,-11.9352,-13.4378
16.2800,-12.0161,-13.5310
16.2840,-12.0981,-13.6242
16.2880,-12.1862,-13.7170
16.2920,-12.2724,-13.8097
16.2960,-12.3619,-13.9096
16.3000,-12.4514,-14.0096
16.3040,-12.5073,-14.1078
16.3080,-12.5443,-14.2060
16.3120,-12.6381,-14.3092
16.3160,-12.7362,-14.4129
16.3200,-12.8335,-14.5165
16.3240,-12.9326,-14.6202
16.3280,-13.0291,-14.7257
16.3320,-13.1248,-14.8316
16.3360,-13.2008,-14.9390
16.3400,-13.2411,-15.0469
16.3440,-13.3446,-15.1558
16.3480,-13.4579,-15.2651
16.3520,-13.5683,-15.3717
16.3560,-13.6806,-15.4774
16.3600,-13.7460,-15.5831
16.3640,-13.7926,-15.6888
16.3680,-13.9065,-15.7911
16.3720,-14.0243,-15.8918
16.3760,-14.1453,-15.9902
16.3800,-14.2634,-16.0873
16.3840,-14.3805,-16.1822
16.3880,-14.5028,-16.2753
16.3920,-14.6266,-16.3671
16.3960,-14.6984,-16.4576
16.4000,-14.7445,-16.5433
16.4040,-14.8624,-16.6239
16.4080,-14.9813,-16.7046
16.4120,-15.0970,-16.7853
16.4160,-15.2095,-16.8744
16.4200,-15.3202,-16.9825
16.4240,-15.4294,-17.0800
16.4280,-15.4973,-17.1477
16.4320,-15.5408,-17.2133
16.4360,-15.6495,-17.2738
16.4400,-15.7569,-17.3319
16.4440,-15.8656,-17.3840
16.4480,-15.9773,-17.4360
16.4520,-16.0432,-17.4881
16.4560,-16.0848,-17.5386
16.4600,-16.1936,-17.5824
16.4640,-16.3012,-17.6251
16.4680,-16.4104,-17.6622
16.4720,-16.5166,-17.6987
16.4760,-16.6210,-17.7304
16.4800,-16.7193,-17.7617
16.4840,-16.7791,-17.7875
16.4880,-16.8167,-17.8131
16.4920,-16.9104,-17.8301
16.4960,-16.9984,-17.8471
16.5000,-17.0804,-17.8641
16.5040,-17.1584,-17.8811
16.5080,-17.2351,-17.8905
16.5120,-17.3043,-17.8995
16.5160,-17.3446,-17.9045
16.5200,-17.3697,-17.9092
16.5240,-17.4315,-17.9098
16.5280,-17.4880,-17.9096
16.5320,-17.5396,-17.9096
16.5360,-17.5875,-17.9095
16.5400,-17.6150,-17.9095
16.5440,-17.6300,-17.9094
16.5480,-17.6714,-17.9093
16.5520,-17.7081,-17.9092
16.5560,-17.7413,-17.9092
16.5600,-17.7702,-17.9091
16.5640,-17.7961,-17.9091
16.5680,-17.8192,-17.9091
16.5720,-17.8394,-17.9090
16.5760,-17.8499,-17.9090
16.5800,-17.8561,-17.9090
16.5840,-17.8701,-17.9090
16.5880,-17.8823,-17.9090
16.5920,-17.8913,-17.9090
16.5960,-17.8989,-17.9090
16.6000,-17.9042,-17.9090
16.6040,-17.9083,-17.9090
16.6080,-17.9099,-17.9090
16.6120,-17.9110,-17.9090
16.6160,-17.9126,-17.9090
16.6200,-17.9140,-17.9090
16.6240,-17.9143,-17.9090
16.6280,-17.9151,-17.9090
16.6320,-17.9147,-17.9090
16.6360,-17.9151,-17.9090
16.6400,-17.9145,-17.9090
16.6440,-17.9146,-17.9090
16.6480,-17.9138,-17.9090
16.6520,-17.9136,-17.9090
16.6560,-17.9128,-17.9090
16.6600,-17.9127,-17.9090
16.6640,-17.9118,-17.9090
16.6680,-17.9121,-17.9090
16.6720,-17.9112,-17.9090
16.6760,-17.9111,-17.9089
16.6800,-17.9104,-17.9089
16.6840,-17.9104,-17.9089
16.6880,-17.9097,-17.9089
16.6920,-17.9099,-17.9089
16.6960,-17.9093,-17.9088
16.7000,-17.9096,-17.9088
16.7040,-17.9092,-17.9088
16.7080,-17.9094,-17.9088
16.7120,-17.9090,-17.9088
16.7160,-17.9092,-17.9088
16.7200,-17.9087,-17.9088
16.7240,-17.9091,-17.9088
16.7280,-17.9087,-17.9088
16.7320,-17.9089,-17.9087
16.7360,-17.9087,-17.9087
16.7400,-17.9090,-17.9087
16.7440,-17.9087,-17.9087
16.7480,-17.9089,-17.9086
16.7520,-17.9087,-17.9085
16.7560,-17.9089,-17.9084
16.7600,-17.9086,-17.9083
16.7640,-17.9089,-17.9082
16.7680,-17.9086,-17.9081
16.7720,-17.9089,-17.9080
16.7760,-17.9087,-17.9079
16.7800,-17.9089,-17.9078
16.7840,-17.9086,-17.9078
16.7880,-17.9089,-17.9077
16.7920,-17.9086,-17.9076
16.7960,-17.9088,-17.9075
16.8000,-17.9085,-17.9074
16.8040,-17.9088,-17.9073
16.8080,-17.9085,-17.9071
16.8120,-17.9087,-17.9070
16.8160,-17.9084,-17.9068
16.8200,-17.9086,-17.9066
16.8240,-17.9082,-17.9064
16.8280,-17.9084,-17.9061
16.8320,-17.9082,-17.9058
16.8360,-17.9084,-17.9055
16.8400,-17.9079,-17.9052
16.8440,-17.9082,-17.9048
16.8480,-17.9077,-17.9045
16.8520,-17.9080,-17.9039
16.8560,-17.9076,-17.9033
16.8600,-17.9076,-17.9028
16.8640,-17.9073,-17.9022
16.8680,-17.9075,-17.9013
16.8720,-17.9070,-17.9003
16.8760,-17.9071,-17.8990
16.8800,-17.9067,-17.8977
16.8840,-17.9068,-17.8960
16.8880,-17.9062,-17.8942
16.8920,-17.9062,-17.8919
16.8960,-17.9056,-17.8895
16.9000,-17.9056,-17.8858
16.9040,-17.9051,-17.8812
16.9080,-17.9049,-17.8765
16.9120,-17.9041,-17.8719
16.9160,-17.9037,-17.8669
16.9200,-17.9026,-17.8616
16.9240,-17.9020,-17.8559
16.9280,-17.9008,-17.8499
16.9320,-17.9000,-17.8436
16.9360,-17.8990,-17.8368
16.9400,-17.8988,-17.8295
16.9440,-17.8970,-17.8208
16.9480,-17.8954,-17.8121
16.9520,-17.8928,-17.8033
16.9560,-17.8904,-17.7942
16.9600,-17.8873,-17.7839
16.9640,-17.8845,-17.7733
16.9680,-17.8818,-17.7614
16.9720,-17.8807,-17.7492
16.9760,-17.8762,-17.7356
16.9800,-17.8717,-17.7218
16.9840,-17.8659,-17.7053
16.9880,-17.8601,-17.6886
16.9920,-17.8557,-17.6680
16.9960,-17.8536,-17.6473
17.0000,-17.8460,-17.6267
17.0040,-17.8384,-17.6060
17.0080,-17.8292,-17.5816
17.0120,-17.8203,-17.5570
17.0160,-17.8100,-17.5290
17.0200,-17.7998,-17.5004
17.0240,-17.7925,-17.4697
17.0280,-17.7887,-17.4384
17.0320,-17.7756,-17.3954
17.0360,-17.7615,-17.3472
17.0400,-17.7457,-17.2991
17.0440,-17.7293,-17.2509
17.0480,-17.7100,-17.2061
17.0520,-17.6908,-17.1634
17.0560,-17.6775,-17.1201
17.0600,-17.6706,-17.0764
17.0640,-17.6471,-17.0312
17.0680,-17.6205,-16.9846
17.0720,-17.5921,-16.9369
17.0760,-17.5618,-16.8881
17.0800,-17.5291,-16.8377
17.0840,-17.5072,-16.7855
17.0880,-17.4942,-16.7333
17.0920,-17.4587,-16.6811
17.0960,-17.4198,-16.6268
17.1000,-17.3806,-16.5666
17.1040,-17.3403,-16.5054
17.1080,-17.2985,-16.4418
17.1120,-17.2548,-16.3778
17.1160,-17.2272,-16.3130
17.1200,-17.2117,-16.2469
17.1240,-17.1664,-16.1769
17.1280,-17.1160,-16.1069
17.1320,-17.0647,-16.0369
17.1360,-17.0111,-15.9660
17.1400,-16.9584,-15.8904
17.1440,-16.9027,-15.8142
17.1480,-16.8634,-15.7347
17.1520,-16.8425,-15.6549
17.1560,-16.7829,-15.5718
17.1600,-16.7198,-15.4886
17.1640,-16.6558,-15.4011
17.1680,-16.5889,-15.3135
17.1720,-16.5451,-15.1949
17.1760,-16.5197,-15.0754
17.1800,-16.4485,-14.9558
17.1840,-16.3744,-14.8363
17.1880,-16.2978,-14.7244
17.1920,-16.2173,-14.6148
17.1960,-16.1355,-14.5028
17.2000,-16.0532,-14.3901
17.2040,-15.9987,-14.2736
17.2080,-15.9665,-14.1557
17.2120,-15.8782,-14.0340
17.2160,-15.7847,-13.9108
17.2200,-15.6865,-13.7876
17.2240,-15.5845,-13.6644
17.2280,-15.4759,-13.5383
17.2320,-15.3682,-13.4102
17.2360,-15.2929,-13.2782
17.2400,-15.2533,-13.1428
17.2440,-15.1380,-13.0061
17.2480,-15.0134,-12.8682
17.2520,-14.8895,-12.7282
17.2560,-14.7604,-12.5860
17.2600,-14.6309,-12.4420
17.2640,-14.5431,-12.2959
17.2680,-14.4987,-12.1497
17.2720,-14.3642,-12.0036
17.2760,-14.2306,-11.8576
17.2800,-14.0952,-11.7117
17.2840,-13.9650,-11.5618
17.2880,-13.8261,-11.3992
17.2920,-13.6928,-11.2379
17.2960,-13.6036,-11.0801
17.3000,-13.5631,-10.9206
17.3040,-13.4240,-10.7552
17.3080,-13.2691,-10.5899
17.3120,-13.1198,-10.4245
17.3160,-12.9688,-10.2583
17.3200,-12.8097,-10.0864
17.3240,-12.6523,-9.9146
17.3280,-12.5452,-9.7427
17.3320,-12.4906,-9.5705
17.3360,-12.3255,-9.3915
17.3400,-12.1587,-9.2125
17.3440,-11.9902,-9.0351
17.3480,-11.8142,-8.8578
17.3520,-11.6975,-8.6757
17.3560,-11.6361,-8.4936
17.3600,-11.4581,-8.3115
17.3640,-11.2789,-8.1294
17.3680,-11.0845,-7.9449
17.3720,-10.8934,-7.7600
17.3760,-10.6985,-7.5728
17.3800,-10.5069,-7.3850
17.3840,-10.3750,-7.1994
17.3880,-10.3051,-7.0143
17.3920,-10.1082,-6.8238
17.3960,-9.9093,-6.6305
17.4000,-9.7048,-6.4373
17.4040,-9.4979,-6.2440
17.4080,-9.2864,-6.0497
17.4120,-9.0837,-5.8546
17.4160,-8.8756,-5.6575
17.4200,-8.7317,-5.4585
17.4240,-8.6667,-5.2617
17.4280,-8.4575,-5.0674
17.4320,-8.2500,-4.8730
17.4360,-8.0450,-4.6787
17.4400,-7.8486,-4.4669
17.4440,-7.7121,-4.2111
17.4480,-7.6429,-3.9553
17.4520,-7.4358,-3.6996
17.4560,-7.2273,-3.4590
17.4600,-7.0174,-3.2576
17.4640,-6.8045,-3.0560
17.4680,-6.5833,-2.8540
17.4720,-6.3675,-2.6523
17.4760,-6.2230,-2.4516
17.4800,-6.1496,-2.2507
17.4840,-5.9261,-2.0495
17.4880,-5.6972,-1.8484
17.4920,-5.4687,-1.6472
17.4960,-5.2329,-1.4458
17.5000,-4.9935,-1.2407
17.5040,-4.7570,-1.0357
17.5080,-4.5968,-0.8347
17.5120,-4.5143,-0.6337
17.5160,-4.2701,-0.4347
17.5200,-4.0280,-0.2358
17.5240,-3.7885,-0.0374
17.5280,-3.5355,0.1610
17.5320,-3.3676,0.3584
17.5360,-3.2830,0.5556
17.5400,-3.0409,0.7529
17.5440,-2.7914,0.9501
17.5480,-2.5287,1.1485
17.5520,-2.2811,1.3471
17.5560,-2.0334,1.5443
17.5600,-1.7829,1.7411
17.5640,-1.6241,1.9361
17.5680,-1.5419,2.1305
17.5720,-1.3014,2.3569
17.5760,-1.0543,2.5971
17.5800,-0.8119,2.8374
17.5840,-0.5739,3.0777
17.5880,-0.3372,3.2901
17.5920,-0.0992,3.4823
17.5960,0.0560,3.6760
17.6000,0.1305,3.8710
17.6040,0.3633,4.0636
17.6080,0.6058,4.2542
17.6120,0.8461,4.4439
17.6160,1.0865,4.6328
17.6200,1.3222,4.8198
17.6240,1.4833,5.0043
17.6280,1.5656,5.1889
17.6320,1.8039,5.3734
17.6360,2.0356,5.5600
17.6400,2.2642,5.7533
17.6440,2.4894,5.9474
17.6480,2.7247,6.1444
17.6520,2.9456,6.3411
17.6560,3.0938,6.5369
17.6600,3.1669,6.7313
17.6640,3.3824,6.9215
17.6680,3.6105,7.1117
17.6720,3.8310,7.3020
17.6760,4.0514,7.4923
17.6800,4.2652,7.6832
17.6840,4.4903,7.8740
17.6880,4.6441,8.0648
17.6920,4.7159,8.2556
17.6960,4.9341,8.4457
17.7000,5.1513,8.6358
17.7040,5.3753,8.8254
17.7080,5.5991,9.0151
17.7120,5.7496,9.2443
17.7160,5.8134,9.4749
17.7200,6.0447,9.7055
17.7240,6.2712,9.9362
17.7280,6.4992,10.1235
17.7320,6.7219,10.3042
17.7360,6.9510,10.4791
17.7400,7.1750,10.6527
17.7440,7.3297,10.8274
17.7480,7.4037,11.0025
17.7520,7.6334,11.1751
17.7560,7.8627,11.3464
17.7600,8.0931,11.5178
17.7640,8.3201,11.6892
17.7680,8.5539,11.8582
17.7720,8.7880,12.0255
17.7760,8.9400,12.1905
17.7800,9.0161,12.3536
17.7840,9.2450,12.5161
17.7880,9.4785,12.6779
17.7920,9.7071,12.8376
17.7960,9.9303,12.9949
17.8000,10.1535,13.1500
17.8040,10.3035,13.3023
17.8080,10.3794,13.4546
17.8120,10.5864,13.6070
17.8160,10.7917,13.7571
17.8200,11.0083,13.9029
17.8240,11.2065,14.0484
17.8280,11.4013,14.1932
17.8320,11.5939,14.3370
17.8360,11.7149,14.4777
17.8400,11.7740,14.6169
17.8440,11.9505,14.7508
17.8480,12.1480,14.8846
17.8520,12.3327,15.0185
17.8560,12.5162,15.1514
17.8600,12.6937,15.2783
17.8640,12.8630,15.4052
17.8680,12.9911,15.5343
17.8720,13.0494,15.6630
17.8760,13.2233,15.7850
17.8800,13.3975,15.9071
17.8840,13.5705,16.0242
17.8880,13.7445,16.1414
17.8920,13.8573,16.2537
17.8960,13.9109,16.3657
17.9000,14.0820,16.4776
17.9040,14.2495,16.5896
17.9080,14.4160,16.6990
17.9120,14.5806,16.8078
17.9160,14.7454,16.9165
17.9200,14.9068,17.0253
17.9240,15.0119,17.1314
17.9280,15.0651,17.2365
17.9320,15.2224,17.3398
17.9360,15.3743,17.4421
17.9400,15.5200,17.5433
17.9440,15.6667,17.6437
17.9480,15.8200,17.7441
17.9520,15.9614,17.8446
17.9560,16.0543,17.9434
17.9600,16.1024,18.0408
17.9640,16.2401,18.1580
17.9680,16.3726,18.2964
17.9720,16.5023,18.4132
17.9760,16.6395,18.5018
17.9800,16.7690,18.5881
17.9840,16.8550,18.6709
17.9880,16.8938,18.7538
17.9920,17.0198,18.8366
17.9960,17.1436,18.9193
18.0000,17.2626,19.0013
18.0040,17.3780,19.0832
18.0080,17.4960,19.1650
18.0120,17.6055,19.2454
18.0160,17.6850,19.3211
18.0200,17.7194,19.3961
18.0240,17.8329,19.4683
18.0280,17.9476,19.5404
18.0320,18.0564,19.6126
18.0360,18.1665,19.6844
18.0400,18.2763,19.7539
18.0440,18.3833,19.8233
18.0480,18.4583,19.8908
18.0520,18.4903,19.9583
18.0560,18.5981,20.0221
18.0600,18.7014,20.0860
18.0640,18.8006,20.1451
18.0680,18.9026,20.2042
18.0720,18.9681,20.2586
18.0760,19.0002,20.3126
18.0800,19.0959,20.3666
18.0840,19.1882,20.4206
18.0880,19.2833,20.4701
18.0920,19.3761,20.5188
18.0960,19.4646,20.5828
18.1000,19.5507,20.6509
18.1040,19.6079,20.7011
18.1080,19.6370,20.7448
18.1120,19.7198,20.7866
18.1160,19.8004,20.8274
18.1200,19.8803,20.8683
18.1240,19.9577,20.9092
18.1280,20.0346,20.9477
18.1320,20.1082,20.9848
18.1360,20.1564,21.0210
18.1400,20.1799,21.0564
18.1440,20.2493,21.0914
18.1480,20.3178,21.1260
18.1520,20.3842,21.1602
18.1560,20.4485,21.1941
18.1600,20.5095,21.2267
18.1640,20.5499,21.2579
18.1680,20.5694,21.2891
18.1720,20.6275,21.3202
18.1760,20.6818,21.3509
18.1800,20.7323,21.3805
18.1840,20.7815,21.4105
18.1880,20.8313,21.4419
18.1920,20.8764,21.4729
18.1960,20.9060,21.5028
18.2000,20.9204,21.5325
18.2040,20.9636,21.5619
18.2080,21.0058,21.5912
18.2120,21.0469,21.6206
18.2160,21.0880,21.6498
18.2200,21.1271,21.6776
18.2240,21.1655,21.7052
18.2280,21.1911,21.7311
18.2320,21.2040,21.7570
18.2360,21.2414,21.7826
18.2400,21.2780,21.8083
18.2440,21.3132,21.8324
18.2480,21.3515,21.8566
18.2520,21.3750,21.8854
18.2560,21.3870,21.9143
18.2600,21.4219,21.9433
18.2640,21.4572,21.9722
18.2680,21.4933,21.9950
18.2720,21.5286,22.0171
18.2760,21.5624,22.0384
18.2800,21.5967,22.0596
18.2840,21.6190,22.0801
18.2880,21.6304,22.1005
18.2920,21.6625,22.1195
18.2960,21.6956,22.1382
18.3000,21.7279,22.1569
18.3040,21.7596,22.1756
18.3080,21.7908,22.1936
18.3120,21.8218,22.2113
18.3160,21.8413,22.2284
18.3200,21.8511,22.2452
18.3240,21.8797,22.2610
18.3280,21.9102,22.2763
18.3320,21.9389,22.2910
18.3360,21.9666,22.3050
18.3400,21.9928,22.3178
18.3440,22.0114,22.3296
18.3480,22.0197,22.3413
18.3520,22.0459,22.3530
18.3560,22.0700,22.3639
18.3600,22.0938,22.3738
18.3640,22.1160,22.3829
18.3680,22.1381,22.3908
18.3720,22.1585,22.3984
18.3760,22.1724,22.4053
18.3800,22.1790,22.4113
18.3840,22.1984,22.4150
18.3880,22.2168,22.4188
18.3920,22.2351,22.4226
18.3960,22.2524,22.4259
18.4000,22.2691,22.4270
18.4040,22.2846,22.4279
18.4080,22.2953,22.4279
18.4120,22.3004,22.4280
18.4160,22.3148,22.4280
18.4200,22.3278,22.4280
18.4240,22.3401,22.4280
18.4280,22.3519,22.4280
18.4320,22.3592,22.4280
18.4360,22.3623,22.4280
18.4400,22.3721,22.4280
18.4440,22.3806,22.4280
18.4480,22.3889,22.4280
18.4520,22.3958,22.4280
18.4560,22.4023,22.4280
18.4600,22.4076,22.4280
18.4640,22.4112,22.4280
18.4680,22.4123,22.4280
18.4720,22.4165,22.4280
18.4760,22.4197,22.4280
18.4800,22.4225,22.4280
18.4840,22.4244,22.4280
18.4880,22.4262,22.4280
18.4920,22.4272,22.4280
18.4960,22.4279,22.4280
18.5000,22.4280,22.4280
18.5040,22.4287,22.4280
18.5080,22.4289,22.4280
18.5120,22.4293,22.4280
18.5160,22.4293,22.4280
18.5200,22.4295,22.4280
18.5240,22.4293,22.4280
18.5280,22.4294,22.4280
18.5320,22.4292,22.4280
18.5360,22.4293,22.4280
18.5400,22.4290,22.4280
18.5440,22.4291,22.4280
18.5480,22.4288,22.4280
18.5520,22.4288,22.4280
18.5560,22.4285,22.4280
18.5600,22.4287,22.4280
18.5640,22.4284,22.4280
18.5680,22.4285,22.4280
18.5720,22.4282,22.4280
18.5760,22.4283,22.4280
18.5800,22.4280,22.4280
18.5840,22.4282,22.4280
18.5880,22.4280,22.4280
18.5920,22.4282,22.4280
18.5960,22.4279,22.4280
18.6000,22.4281,22.4280
18.6040,22.4279,22.4280
18.6080,22.4281,22.4280
18.6120,22.4279,22.4280
18.6160,22.4281,22.4280
18.6200,22.4279,22.4280
18.6240,22.4281,22.4280
18.6280,22.4279,22.4280
18.6320,22.4280,22.4280
18.6360,22.4279,22.4280
18.6400,22.4281,22.4280
18.6440,22.4279,22.4280
18.6480,22.4281,22.4280
18.6520,22.4279,22.4280
18.6560,22.4281,22.4280
18.6600,22.4279,22.4280
18.6640,22.4281,22.4280
18.6680,22.4279,22.4280
18.6720,22.4281,22.4280
18.6760,22.4279,22.4280
18.6800,22.4281,22.4280
18.6840,22.4279,22.4280
18.6880,22.4281,22.4280
18.6920,22.4279,22.4280
18.6960,22.4280,22.4280
18.7000,22.4279,22.4280
18.7040,22.4281,22.4280
18.7080,22.4279,22.4280
18.7120,22.4281,22.4280
18.7160,22.4279,22.4280
18.7200,22.4281,22.4280
18.7240,22.4278,22.4280
18.7280,22.4281,22.4280
18.7320,22.4279,22.4280
18.7360,22.4282,22.4280
18.7400,22.4279,22.4280
18.7440,22.4281,22.4280
18.7480,22.4279,22.4280
18.7520,22.4281,22.4280
18.7560,22.4279,22.4280
18.7600,22.4281,22.4280
18.7640,22.4279,22.4280
18.7680,22.4281,22.4280
18.7720,22.4279,22.4280
18.7760,22.4281,22.4280
18.7800,22.4279,22.4280
18.7840,22.4281,22.4280
18.7880,22.4279,22.4280
18.7920,22.4281,22.4280
18.7960,22.4279,22.4280
18.8000,22.4280,22.4280
18.8040,22.4279,22.4280
18.8080,22.4281,22.4280
18.8120,22.4279,22.4280
18.8160,22.4280,22.4280
18.8200,22.4279,22.4280
18.8240,22.4281,22.4280
18.8280,22.4279,22.4280
18.8320,22.4281,22.4280
18.8360,22.4279,22.4280
18.8400,22.4282,22.4280
18.8440,22.4279,22.4280
18.8480,22.4281,22.4280
18.8520,22.4279,22.4280
18.8560,22.4281,22.4280
18.8600,22.4279,22.4280
18.8640,22.4281,22.4280
18.8680,22.4279,22.4280
18.8720,22.4281,22.4280
18.8760,22.4279,22.4280
18.8800,22.4280,22.4280
18.8840,22.4278,22.4280
18.8880,22.4281,22.4280
18.8920,22.4279,22.4280
18.8960,22.4281,22.4280
18.9000,22.4279,22.4280
18.9040,22.4281,22.4280
18.9080,22.4279,22.4280
18.9120,22.4281,22.4280
18.9160,22.4279,22.4280
18.9200,22.4281,22.4280
18.9240,22.4279,22.4280
18.9280,22.4281,22.4280
18.9320,22.4278,22.4280
18.9360,22.4281,22.4280
18.9400,22.4279,22.4280
18.9440,22.4281,22.4280
18.9480,22.4278,22.4280
18.9520,22.4281,22.4280
18.9560,22.4279,22.4280
18.9600,22.4282,22.4280
18.9640,22.4278,22.4280
18.9680,22.4281,22.4280
18.9720,22.4279,22.4280
18.9760,22.4281,22.4280
18.9800,22.4279,22.4280
18.9840,22.4281,22.4280
18.9880,22.4278,22.4280
18.9920,22.4282,22.4280
18.9960,22.4277,22.4280
19.0000,22.4282,22.4280
19.0040,22.4279,22.4280
19.0080,22.4282,22.4280
19.0120,22.4278,22.4280
19.0160,22.4281,22.4280
19.0200,22.4279,22.4280
19.0240,22.4281,22.4280
19.0280,22.4278,22.4280
19.0320,22.4281,22.4280
19.0360,22.4279,22.4280
19.0400,22.4281,22.4280
19.0440,22.4278,22.4280
19.0480,22.4281,22.4280
19.0520,22.4278,22.4280
19.0560,22.4281,22.4280
19.0600,22.4277,22.4280
19.0640,22.4282,22.4280
19.0680,22.4278,22.4280
19.0720,22.4282,22.4280
19.0760,22.4278,22.4280
19.0800,22.4282,22.4280
19.0840,22.4279,22.4280
19.0880,22.4282,22.4280
19.0920,22.4277,22.4280
19.0960,22.4282,22.4280
19.1000,22.4278,22.4280
19.1040,22.4281,22.4280
19.1080,22.4278,22.4280
19.1120,22.4282,22.4280
19.1160,22.4278,22.4280
19.1200,22.4281,22.4280
19.1240,22.4278,22.4280
19.1280,22.4282,22.4280
19.1320,22.4278,22.4280
19.1360,22.4281,22.4280
19.1400,22.4278,22.4280
19.1440,22.4281,22.4280
19.1480,22.4278,22.4280
19.1520,22.4282,22.4280
19.1560,22.4278,22.4280
19.1600,22.4282,22.4280
19.1640,22.4277,22.4280
19.1680,22.4282,22.4280
19.1720,22.4277,22.4280
19.1760,22.4284,22.4280
19.1800,22.4278,22.4280
19.1840,22.4282,22.4280
19.1880,22.4277,22.4280
19.1920,22.4282,22.4280
19.1960,22.4278,22.4280
19.2000,22.4282,22.4280
19.2040,22.4278,22.4280
19.2080,22.4282,22.4280
19.2120,22.4278,22.4280
19.2160,22.4282,22.4280
19.2200,22.4278,22.4280
19.2240,22.4282,22.4280
19.2280,22.4278,22.4280
19.2320,22.4281,22.4280
19.2360,22.4278,22.4280
19.2400,22.4282,22.4280
19.2440,22.4278,22.4280
19.2480,22.4283,22.4280
19.2520,22.4278,22.4279
19.2560,22.4282,22.4279
19.2600,22.4278,22.4279
19.2640,22.4282,22.4279
19.2680,22.4277,22.4279
19.2720,22.4282,22.4279
19.2760,22.4278,22.4279
19.2800,22.4282,22.4279
19.2840,22.4278,22.4279
19.2880,22.4281,22.4279
19.2920,22.4277,22.4279
19.2960,22.4282,22.4279
19.3000,22.4277,22.4279
19.3040,22.4282,22.4279
19.3080,22.4277,22.4279
19.3120,22.4282,22.4279
19.3160,22.4278,22.4279
19.3200,22.4282,22.4279
19.3240,22.4277,22.4279
19.3280,22.4282,22.4279
19.3320,22.4277,22.4279
19.3360,22.4282,22.4279
19.3400,22.4277,22.4279
19.3440,22.4281,22.4279
19.3480,22.4277,22.4279
19.3520,22.4282,22.4279
19.3560,22.4278,22.4279
19.3600,22.4280,22.4279
19.3640,22.4276,22.4279
19.3680,22.4281,22.4279
19.3720,22.4277,22.4279
19.3760,22.4282,22.4279
19.3800,22.4278,22.4279
19.3840,22.4281,22.4279
19.3880,22.4277,22.4279
19.3920,22.4281,22.4279
19.3960,22.4277,22.4279
19.4000,22.4281,22.4279
19.4040,22.4277,22.4279
19.4080,22.4281,22.4279
19.4120,22.4276,22.4278
19.4160,22.4281,22.4278
19.4200,22.4277,22.4278
19.4240,22.4281,22.4278
19.4280,22.4275,22.4278
19.4320,22.4281,22.4278
19.4360,22.4276,22.4278
19.4400,22.4281,22.4278
19.4440,22.4276,22.4278
19.4480,22.4281,22.4278
19.4520,22.4276,22.4278
19.4560,22.4281,22.4278
19.4600,22.4276,22.4278
19.4640,22.4282,22.4278
19.4680,22.4276,22.4278
19.4720,22.4281,22.4278
19.4760,22.4276,22.4278
19.4800,22.4281,22.4278
19.4840,22.4276,22.4278
19.4880,22.4281,22.4278
19.4920,22.4275,22.4278
19.4960,22.4281,22.4278
19.5000,22.4276,22.4278
19.5040,22.4282,22.4278
19.5080,22.4275,22.4278
19.5120,22.4281,22.4278
19.5160,22.4276,22.4278
19.5200,22.4282,22.4278
19.5240,22.4275,22.4278
19.5280,22.4281,22.4278
19.5320,22.4276,22.4278
19.5360,22.4281,22.4278
19.5400,22.4275,22.4278
19.5440,22.4282,22.4278
19.5480,22.4276,22.4278
19.5520,22.4280,22.4278
19.5560,22.4275,22.4278
19.5600,22.4281,22.4278
19.5640,22.4275,22.4278
19.5680,22.4282,22.4278
19.5720,22.4276,22.4278
19.5760,22.4281,22.4278
19.5800,22.4276,22.4278
19.5840,22.4281,22.4278
19.5880,22.4275,22.4278
19.5920,22.4281,22.4278
19.5960,22.4275,22.4278
19.6000,22.4281,22.4278
19.6040,22.4275,22.4278
19.6080,22.4282,22.4278
19.6120,22.4276,22.4278
19.6160,22.4282,22.4278
19.6200,22.4275,22.4278
19.6240,22.4281,22.4278
19.6280,22.4276,22.4278
19.6320,22.4281,22.4278
19.6360,22.4276,22.4278
19.6400,22.4282,22.4278
19.6440,22.4276,22.4278
19.6480,22.4281,22.4278
19.6520,22.4275,22.4278
19.6560,22.4282,22.4278
19.6600,22.4275,22.4278
19.6640,22.4281,22.4278
19.6680,22.4274,22.4278
19.6720,22.4281,22.4278
19.6760,22.4275,22.4278
19.6800,22.4282,22.4278
19.6840,22.4275,22.4278
19.6880,22.4282,22.4278
19.6920,22.4275,22.4278
19.6960,22.4282,22.4278
19.7000,22.4275,22.4278
19.7040,22.4282,22.4278
19.7080,22.4276,22.4278
19.7120,22.4281,22.4278
19.7160,22.4276,22.4278
19.7200,22.4281,22.4278
19.7240,22.4275,22.4278
19.7280,22.4282,22.4278
19.7320,22.4275,22.4278
19.7360,22.4281,22.4278
19.7400,22.4276,22.4278
19.7440,22.4282,22.4278
19.7480,22.4275,22.4278
19.7520,22.4282,22.4278
19.7560,22.4275,22.4278
19.7600,22.4282,22.4278
19.7640,22.4275,22.4278
19.7680,22.4281,22.4278
19.7720,22.4275,22.4278
19.7760,22.4282,22.4278
19.7800,22.4275,22.4278
19.7840,22.4282,22.4278
19.7880,22.4275,22.4278
19.7920,22.4281,22.4278
19.7960,22.4275,22.4278
19.8000,22.4282,22.4278
19.8040,22.4275,22.4278
19.8080,22.4281,22.4278
19.8120,22.4275,22.4278
19.8160,22.4282,22.4278
19.8200,22.4275,22.4278
19.8240,22.4281,22.4278
19.8280,22.4275,22.4278
19.8320,22.4282,22.4278
19.8360,22.4275,22.4278
19.8400,22.4282,22.4278
19.8440,22.4275,22.4277
19.8480,22.4281,22.4277
19.8520,22.4275,22.4277
19.8560,22.4281,22.4277
19.8600,22.4274,22.4277
19.8640,22.4282,22.4277
19.8680,22.4274,22.4277
19.8720,22.4282,22.4277
19.8760,22.4274,22.4277
19.8800,22.4281,22.4277
19.8840,22.4274,22.4277
