t_mono_s,source,joint1_rad,joint2_rad,joint3_rad,joint4_rad,joint5_rad,joint6_rad
4610.378147,sim,1.270772,-0.216405,-2.623379,1.267701,-1.570819,-0.222315
4610.378425,sim,1.270773,-0.216421,-2.623374,1.267725,-1.570823,-0.222310
4610.378595,sim,1.270774,-0.216408,-2.623377,1.267707,-1.570820,-0.222314
4610.378770,sim,1.270773,-0.216424,-2.623373,1.267728,-1.570822,-0.222310
4610.378920,sim,1.270772,-0.216408,-2.623378,1.267702,-1.570818,-0.222316
4610.379103,sim,1.270773,-0.216425,-2.623373,1.267729,-1.570823,-0.222309
4610.379255,sim,1.270772,-0.216409,-2.623378,1.267702,-1.570818,-0.222316
4610.379421,sim,1.270773,-0.216422,-2.623373,1.267728,-1.570823,-0.222309
4610.379578,sim,1.270772,-0.216406,-2.623379,1.267700,-1.570818,-0.222316
4610.379715,sim,1.270773,-0.216422,-2.623374,1.267727,-1.570823,-0.222309
4610.379852,sim,1.270772,-0.216404,-2.623379,1.267702,-1.570819,-0.222314
4610.379988,sim,1.270774,-0.216425,-2.623373,1.267729,-1.570823,-0.222310
4610.380135,sim,1.270772,-0.216407,-2.623378,1.267703,-1.570819,-0.222315
4610.380275,sim,1.270773,-0.216423,-2.623374,1.267725,-1.570822,-0.222311
4610.380409,sim,1.270772,-0.216407,-2.623378,1.267703,-1.570819,-0.222315
4610.380544,sim,1.270773,-0.216422,-2.623374,1.267725,-1.570823,-0.222310
4610.380681,sim,1.270773,-0.216409,-2.623378,1.267704,-1.570818,-0.222315
4610.380808,sim,1.270772,-0.216421,-2.623374,1.267726,-1.570823,-0.222309
4610.380934,sim,1.270773,-0.216407,-2.623378,1.267704,-1.570819,-0.222315
4610.381073,sim,1.270773,-0.216425,-2.623373,1.267729,-1.570822,-0.222310
4610.381206,sim,1.270772,-0.216404,-2.623379,1.267701,-1.570819,-0.222315
4610.381338,sim,1.270773,-0.216423,-2.623374,1.267726,-1.570822,-0.222310
4610.381467,sim,1.270772,-0.216407,-2.623378,1.267703,-1.570819,-0.222315
4610.381597,sim,1.270774,-0.216425,-2.623373,1.267729,-1.570822,-0.222310
4610.381979,sim,1.270772,-0.216409,-2.623378,1.267702,-1.570818,-0.222316
4610.382131,sim,1.270773,-0.216423,-2.623373,1.267728,-1.570823,-0.222309
4610.382289,sim,1.270772,-0.216404,-2.623379,1.267701,-1.570819,-0.222315
4610.382434,sim,1.270773,-0.216421,-2.623374,1.267726,-1.570823,-0.222310
4610.382561,sim,1.270773,-0.216407,-2.623378,1.267704,-1.570819,-0.222315
4610.382715,sim,1.270773,-0.216423,-2.623373,1.267728,-1.570823,-0.222310
4610.382845,sim,1.270772,-0.216407,-2.623378,1.267701,-1.570818,-0.222316
4610.382972,sim,1.270773,-0.216423,-2.623374,1.267727,-1.570823,-0.222310
4610.383108,sim,1.270772,-0.216406,-2.623378,1.267703,-1.570819,-0.222314
4610.383233,sim,1.270773,-0.216423,-2.623373,1.267728,-1.570823,-0.222310
4610.383357,sim,1.270773,-0.216409,-2.623377,1.267705,-1.570819,-0.222315
4610.383484,sim,1.270773,-0.216424,-2.623373,1.267727,-1.570822,-0.222311
4610.383808,sim,1.270772,-0.216406,-2.623379,1.267699,-1.570818,-0.222316
4610.383974,sim,1.270773,-0.216421,-2.623374,1.267727,-1.570823,-0.222309
4610.384125,sim,1.270772,-0.216405,-2.623379,1.267702,-1.570819,-0.222314
4610.384250,sim,1.270774,-0.216425,-2.623373,1.267729,-1.570823,-0.222310
4610.384374,sim,1.270773,-0.216408,-2.623378,1.267705,-1.570819,-0.222315
4610.384497,sim,1.270773,-0.216422,-2.623374,1.267726,-1.570822,-0.222310
4610.384621,sim,1.270772,-0.216406,-2.623379,1.267699,-1.570818,-0.222316
4610.384744,sim,1.270773,-0.216421,-2.623374,1.267727,-1.570823,-0.222309
4610.384874,sim,1.270772,-0.216405,-2.623379,1.267700,-1.570818,-0.222316
4610.385010,sim,1.270774,-0.216425,-2.623372,1.267731,-1.570823,-0.222309
4610.385139,sim,1.270773,-0.216409,-2.623377,1.267705,-1.570818,-0.222315
4610.385264,sim,1.270772,-0.216421,-2.623374,1.267723,-1.570822,-0.222311
4610.385390,sim,1.270773,-0.216405,-2.623379,1.267702,-1.570819,-0.222314
4610.385545,sim,1.270773,-0.216424,-2.623373,1.267729,-1.570823,-0.222309
4610.385689,sim,1.270773,-0.216409,-2.623377,1.267705,-1.570818,-0.222315
4610.385826,sim,1.270773,-0.216424,-2.623373,1.267727,-1.570822,-0.222310
4610.386095,sim,1.270773,-0.216408,-2.623378,1.267704,-1.570819,-0.222315
4610.386241,sim,1.270773,-0.216424,-2.623373,1.267727,-1.570822,-0.222310
4610.386377,sim,1.270772,-0.216403,-2.623379,1.267700,-1.570819,-0.222315
4610.386506,sim,1.270773,-0.216421,-2.623374,1.267725,-1.570823,-0.222310
4610.386632,sim,1.270772,-0.216404,-2.623380,1.267697,-1.570818,-0.222316
4610.386758,sim,1.270773,-0.216421,-2.623374,1.267727,-1.570823,-0.222309
4610.386883,sim,1.270773,-0.216408,-2.623377,1.267707,-1.570820,-0.222314
4610.387066,sim,1.270773,-0.216426,-2.623373,1.267728,-1.570822,-0.222310
4610.387226,sim,1.270772,-0.216409,-2.623378,1.267702,-1.570818,-0.222316
4610.387375,sim,1.270773,-0.216423,-2.623373,1.267728,-1.570823,-0.222309
4610.387652,sim,1.270772,-0.216407,-2.623378,1.267702,-1.570818,-0.222315
4610.387790,sim,1.270773,-0.216423,-2.623374,1.267726,-1.570822,-0.222310
4610.387925,sim,1.270773,-0.216407,-2.623378,1.267703,-1.570819,-0.222315
4610.388090,sim,1.270773,-0.216423,-2.623373,1.267728,-1.570823,-0.222310
4610.388253,sim,1.270773,-0.216409,-2.623378,1.267702,-1.570818,-0.222316
4610.388438,sim,1.270772,-0.216420,-2.623374,1.267725,-1.570823,-0.222309
4610.388644,sim,1.270772,-0.216404,-2.623379,1.267701,-1.570819,-0.222315
4610.388776,sim,1.270773,-0.216421,-2.623374,1.267724,-1.570822,-0.222310
4610.388904,sim,1.270773,-0.216406,-2.623379,1.267702,-1.570819,-0.222314
4610.389043,sim,1.270774,-0.216425,-2.623372,1.267731,-1.570823,-0.222309
4610.389175,sim,1.270772,-0.216410,-2.623378,1.267703,-1.570817,-0.222316
4610.389302,sim,1.270773,-0.216424,-2.623373,1.267729,-1.570823,-0.222309
4610.389429,sim,1.270772,-0.216406,-2.623378,1.267703,-1.570819,-0.222315
4610.389605,sim,1.270773,-0.216424,-2.623373,1.267728,-1.570822,-0.222310
4610.389844,sim,1.270772,-0.216406,-2.623379,1.267701,-1.570819,-0.222315
4610.390018,sim,1.270774,-0.216424,-2.623373,1.267728,-1.570823,-0.222310
4610.390229,sim,1.270772,-0.216406,-2.623378,1.267702,-1.570818,-0.222315
4610.390420,sim,1.270773,-0.216422,-2.623374,1.267725,-1.570822,-0.222310
4610.390728,sim,1.270773,-0.216406,-2.623378,1.267703,-1.570819,-0.222315
4610.390892,sim,1.270773,-0.216421,-2.623374,1.267725,-1.570823,-0.222310
4610.391047,sim,1.270773,-0.216407,-2.623378,1.267705,-1.570819,-0.222314
4610.391184,sim,1.270773,-0.216425,-2.623373,1.267728,-1.570822,-0.222310
4610.391323,sim,1.270773,-0.216408,-2.623378,1.267704,-1.570819,-0.222315
4610.391457,sim,1.270773,-0.216423,-2.623374,1.267726,-1.570822,-0.222310
4610.391585,sim,1.270773,-0.216408,-2.623378,1.267702,-1.570818,-0.222316
4610.391841,sim,1.270773,-0.216422,-2.623373,1.267728,-1.570823,-0.222309
4610.391975,sim,1.270772,-0.216405,-2.623379,1.267700,-1.570818,-0.222316
4610.392197,sim,1.270773,-0.216422,-2.623374,1.267726,-1.570823,-0.222310
4610.392375,sim,1.270772,-0.216405,-2.623379,1.267702,-1.570819,-0.222314
4610.392538,sim,1.270773,-0.216421,-2.623374,1.267725,-1.570823,-0.222310
4610.392698,sim,1.270773,-0.216410,-2.623377,1.267704,-1.570818,-0.222315
4610.392850,sim,1.270773,-0.216423,-2.623373,1.267729,-1.570823,-0.222309
4610.392984,sim,1.270773,-0.216408,-2.623378,1.267705,-1.570819,-0.222315
4610.393119,sim,1.270773,-0.216423,-2.623373,1.267726,-1.570822,-0.222310
4610.393244,sim,1.270772,-0.216406,-2.623378,1.267702,-1.570818,-0.222315
4610.393377,sim,1.270773,-0.216424,-2.623373,1.267728,-1.570823,-0.222310
4610.393516,sim,1.270773,-0.216408,-2.623378,1.267704,-1.570819,-0.222315
4610.393647,sim,1.270773,-0.216424,-2.623373,1.267727,-1.570822,-0.222310
4610.393768,sim,1.270772,-0.216408,-2.623378,1.267701,-1.570818,-0.222316
4610.393886,sim,1.270773,-0.216423,-2.623373,1.267728,-1.570823,-0.222309
4610.394017,sim,1.270772,-0.216404,-2.623380,1.267698,-1.570818,-0.222316
4610.394145,sim,1.270773,-0.216422,-2.623374,1.267725,-1.570822,-0.222310
4610.397653,sim,1.270773,-0.216406,-2.623378,1.267705,-1.570820,-0.222314
4610.401737,sim,1.270773,-0.216423,-2.623373,1.267728,-1.570823,-0.222309
4610.405826,sim,1.270773,-0.216408,-2.623378,1.267703,-1.570818,-0.222316
4610.409681,sim,1.270773,-0.216424,-2.623373,1.267729,-1.570823,-0.222309
4610.413709,sim,1.270773,-0.216407,-2.623378,1.267704,-1.570819,-0.222315
4610.417621,sim,1.270773,-0.216424,-2.623373,1.267727,-1.570822,-0.222310
4610.421741,sim,1.270772,-0.216406,-2.623379,1.267700,-1.570818,-0.222316
4610.425580,sim,1.270773,-0.216423,-2.623373,1.267729,-1.570823,-0.222309
4610.429643,sim,1.270772,-0.216406,-2.623379,1.267699,-1.570818,-0.222316
4610.433554,sim,1.270774,-0.216423,-2.623373,1.267730,-1.570824,-0.222309
4610.437613,sim,1.270772,-0.216406,-2.623378,1.267702,-1.570818,-0.222315
4610.441745,sim,1.270773,-0.216423,-2.623373,1.267728,-1.570823,-0.222310
4610.445582,sim,1.270772,-0.216405,-2.623379,1.267701,-1.570819,-0.222315
4610.449520,sim,1.270773,-0.216423,-2.623374,1.267726,-1.570822,-0.222310
4610.453616,sim,1.270772,-0.216407,-2.623378,1.267703,-1.570819,-0.222315
4610.457675,sim,1.270773,-0.216423,-2.623374,1.267726,-1.570822,-0.222310
4610.461683,sim,1.270773,-0.216406,-2.623378,1.267703,-1.570819,-0.222315
4610.465599,sim,1.270773,-0.216423,-2.623374,1.267726,-1.570822,-0.222310
4610.469631,sim,1.270772,-0.216404,-2.623379,1.267701,-1.570819,-0.222315
4610.473610,sim,1.270773,-0.216422,-2.623374,1.267727,-1.570823,-0.222309
4610.477544,sim,1.270773,-0.216408,-2.623378,1.267704,-1.570819,-0.222315
4610.481541,sim,1.270773,-0.216424,-2.623374,1.267724,-1.570821,-0.222312
4610.485556,sim,1.270773,-0.216406,-2.623378,1.267705,-1.570820,-0.222314
4610.489584,sim,1.270773,-0.216423,-2.623374,1.267726,-1.570822,-0.222310
4610.493542,sim,1.270773,-0.216407,-2.623378,1.267704,-1.570819,-0.222315
4610.497529,sim,1.270773,-0.216423,-2.623374,1.267726,-1.570822,-0.222310
4610.501611,sim,1.270773,-0.216407,-2.623378,1.267704,-1.570819,-0.222315
4610.505530,sim,1.270773,-0.216422,-2.623374,1.267726,-1.570823,-0.222310
4610.509487,sim,1.270772,-0.216404,-2.623380,1.267698,-1.570818,-0.222316
4610.513492,sim,1.270774,-0.216423,-2.623373,1.267730,-1.570824,-0.222308
4610.517505,sim,1.270772,-0.216407,-2.623378,1.267703,-1.570819,-0.222315
4610.521533,sim,1.270774,-0.216426,-2.623372,1.267730,-1.570822,-0.222310
4610.525502,sim,1.270772,-0.216408,-2.623378,1.267700,-1.570817,-0.222317
4610.529476,sim,1.270773,-0.216423,-2.623373,1.267728,-1.570823,-0.222309
4610.533585,sim,1.270772,-0.216405,-2.623379,1.267699,-1.570818,-0.222316
4610.537442,sim,1.270773,-0.216419,-2.623374,1.267726,-1.570824,-0.222309
4610.541647,sim,1.270772,-0.216405,-2.623379,1.267702,-1.570819,-0.222314
4610.545542,sim,1.270773,-0.216423,-2.623374,1.267726,-1.570822,-0.222310
4610.549487,sim,1.270772,-0.216405,-2.623379,1.267702,-1.570819,-0.222314
4610.553478,sim,1.270774,-0.216424,-2.623373,1.267729,-1.570823,-0.222309
4610.557496,sim,1.270773,-0.216411,-2.623377,1.267705,-1.570818,-0.222316
4610.561488,sim,1.270772,-0.216423,-2.623373,1.267727,-1.570822,-0.222310
4610.565502,sim,1.270772,-0.216405,-2.623379,1.267701,-1.570819,-0.222315
4610.569546,sim,1.270773,-0.216422,-2.623374,1.267727,-1.570823,-0.222309
4610.573504,sim,1.270774,-0.216410,-2.623377,1.267707,-1.570819,-0.222314
4610.577424,sim,1.270772,-0.216423,-2.623374,1.267725,-1.570822,-0.222311
4610.581635,sim,1.270773,-0.216407,-2.623378,1.267704,-1.570819,-0.222315
4610.585506,sim,1.270773,-0.216422,-2.623374,1.267726,-1.570822,-0.222310
4610.589425,sim,1.270773,-0.216407,-2.623378,1.267704,-1.570819,-0.222315
4610.593401,sim,1.270773,-0.216424,-2.623373,1.267726,-1.570822,-0.222311
4610.597470,sim,1.270773,-0.216407,-2.623378,1.267704,-1.570819,-0.222315
4610.601524,sim,1.270773,-0.216422,-2.623374,1.267726,-1.570822,-0.222310
4610.605369,sim,1.270772,-0.216405,-2.623379,1.267701,-1.570819,-0.222315
4610.609408,sim,1.270773,-0.216423,-2.623373,1.267727,-1.570823,-0.222310
4610.613454,sim,1.270773,-0.216409,-2.623377,1.267707,-1.570819,-0.222314
4610.617455,sim,1.270773,-0.216425,-2.623373,1.267727,-1.570822,-0.222311
4610.621487,sim,1.270772,-0.216407,-2.623379,1.267700,-1.570817,-0.222316
4610.625389,sim,1.270774,-0.216424,-2.623373,1.267730,-1.570823,-0.222309
4610.629471,sim,1.270772,-0.216407,-2.623379,1.267701,-1.570818,-0.222316
4610.633371,sim,1.270772,-0.216418,-2.623375,1.267725,-1.570824,-0.222309
4610.637512,sim,1.270773,-0.216405,-2.623379,1.267702,-1.570819,-0.222315
4610.641549,sim,1.270773,-0.216424,-2.623373,1.267728,-1.570822,-0.222310
4610.645416,sim,1.270772,-0.216406,-2.623378,1.267703,-1.570819,-0.222315
4610.649504,sim,1.270773,-0.216424,-2.623373,1.267727,-1.570822,-0.222310
4610.653360,sim,1.270773,-0.216408,-2.623378,1.267704,-1.570819,-0.222315
4610.657432,sim,1.270772,-0.216423,-2.623374,1.267724,-1.570821,-0.222311
4610.661507,sim,1.270773,-0.216407,-2.623378,1.267706,-1.570820,-0.222314
4610.665479,sim,1.270773,-0.216422,-2.623374,1.267725,-1.570822,-0.222310
4610.669401,sim,1.270773,-0.216409,-2.623378,1.267705,-1.570818,-0.222315
4610.673386,sim,1.270773,-0.216424,-2.623373,1.267729,-1.570823,-0.222309
4610.677395,sim,1.270771,-0.216404,-2.623379,1.267700,-1.570818,-0.222315
4610.681550,sim,1.270773,-0.216419,-2.623375,1.267724,-1.570823,-0.222310
4610.685440,sim,1.270772,-0.216404,-2.623379,1.267701,-1.570819,-0.222314
4610.689408,sim,1.270774,-0.216425,-2.623373,1.267729,-1.570822,-0.222310
4610.693487,sim,1.270773,-0.216408,-2.623378,1.267704,-1.570818,-0.222315
4610.697453,sim,1.270773,-0.216423,-2.623374,1.267726,-1.570822,-0.222310
4610.701597,sim,1.270772,-0.216405,-2.623379,1.267701,-1.570819,-0.222315
4610.705555,sim,1.270774,-0.216424,-2.623373,1.267728,-1.570822,-0.222310
4610.709475,sim,1.270773,-0.216409,-2.623377,1.267704,-1.570818,-0.222315
4610.713463,sim,1.270773,-0.216424,-2.623373,1.267729,-1.570823,-0.222309
4610.717402,sim,1.270773,-0.216408,-2.623378,1.267705,-1.570819,-0.222315
4610.721497,sim,1.270773,-0.216423,-2.623374,1.267727,-1.570822,-0.222310
4610.725521,sim,1.270772,-0.216404,-2.623379,1.267699,-1.570818,-0.222315
4610.729561,sim,1.270773,-0.216422,-2.623374,1.267727,-1.570823,-0.222310
4610.733476,sim,1.270772,-0.216407,-2.623378,1.267703,-1.570819,-0.222315
4610.737539,sim,1.270773,-0.216421,-2.623374,1.267725,-1.570823,-0.222310
4610.741726,sim,1.270773,-0.216407,-2.623378,1.267704,-1.570819,-0.222315
4610.745635,sim,1.270773,-0.216425,-2.623373,1.267726,-1.570822,-0.222311
4610.749472,sim,1.270773,-0.216409,-2.623378,1.267704,-1.570818,-0.222315
4610.753573,sim,1.270773,-0.216424,-2.623373,1.267729,-1.570823,-0.222309
4610.757653,sim,1.270772,-0.216408,-2.623378,1.267702,-1.570818,-0.222316
4610.761692,sim,1.270773,-0.216422,-2.623373,1.267728,-1.570823,-0.222309
4610.765549,sim,1.270773,-0.216408,-2.623378,1.267702,-1.570818,-0.222316
4610.769527,sim,1.270773,-0.216423,-2.623373,1.267728,-1.570823,-0.222309
4610.773584,sim,1.270773,-0.216407,-2.623378,1.267704,-1.570819,-0.222315
4610.777521,sim,1.270773,-0.216422,-2.623374,1.267726,-1.570823,-0.222310
4610.781611,sim,1.270772,-0.216406,-2.623379,1.267701,-1.570818,-0.222316
4610.785552,sim,1.270773,-0.216423,-2.623373,1.267729,-1.570823,-0.222309
4610.789530,sim,1.270772,-0.216408,-2.623378,1.267702,-1.570818,-0.222316
4610.793537,sim,1.270772,-0.216421,-2.623374,1.267726,-1.570823,-0.222310
4610.797565,sim,1.270773,-0.216405,-2.623378,1.267704,-1.570820,-0.222314
4610.801649,sim,1.270773,-0.216424,-2.623373,1.267727,-1.570822,-0.222310
4610.805590,sim,1.270773,-0.216408,-2.623378,1.267704,-1.570819,-0.222315
4610.809548,sim,1.270773,-0.216422,-2.623374,1.267726,-1.570822,-0.222310
4610.813520,sim,1.270773,-0.216408,-2.623378,1.267702,-1.570818,-0.222316
4610.817522,sim,1.270773,-0.216423,-2.623373,1.267728,-1.570823,-0.222309
4610.821698,sim,1.270772,-0.216405,-2.623378,1.267703,-1.570819,-0.222315
4610.825562,sim,1.270773,-0.216423,-2.623373,1.267727,-1.570822,-0.222310
4610.829519,sim,1.270773,-0.216407,-2.623378,1.267704,-1.570819,-0.222315
4610.833480,sim,1.270772,-0.216420,-2.623375,1.267723,-1.570822,-0.222310
4610.837574,sim,1.270773,-0.216406,-2.623379,1.267701,-1.570818,-0.222316
4610.841797,sim,1.270773,-0.216424,-2.623373,1.267727,-1.570822,-0.222310
4610.845543,sim,1.270773,-0.216407,-2.623378,1.267703,-1.570819,-0.222315
4610.849496,sim,1.270773,-0.216423,-2.623373,1.267729,-1.570823,-0.222309
4610.853465,sim,1.270772,-0.216406,-2.623379,1.267701,-1.570818,-0.222316
4610.857549,sim,1.270773,-0.216423,-2.623373,1.267729,-1.570823,-0.222309
4610.861626,sim,1.270772,-0.216406,-2.623378,1.267702,-1.570818,-0.222315
4610.865496,sim,1.270773,-0.216422,-2.623374,1.267725,-1.570822,-0.222310
4610.869539,sim,1.270773,-0.216408,-2.623378,1.267703,-1.570818,-0.222315
4610.873503,sim,1.270773,-0.216422,-2.623374,1.267727,-1.570823,-0.222309
4610.877507,sim,1.270773,-0.216406,-2.623378,1.267704,-1.570819,-0.222314
4610.881511,sim,1.270773,-0.216423,-2.623373,1.267727,-1.570822,-0.222310
4610.885504,sim,1.270773,-0.216408,-2.623378,1.267705,-1.570819,-0.222315
4610.889474,sim,1.270773,-0.216424,-2.623373,1.267727,-1.570822,-0.222310
4610.893429,sim,1.270773,-0.216407,-2.623378,1.267704,-1.570819,-0.222315
4610.897426,sim,1.270772,-0.216421,-2.623374,1.267724,-1.570822,-0.222311
4610.901583,sim,1.270773,-0.216407,-2.623378,1.267705,-1.570819,-0.222314
4610.905445,sim,1.270773,-0.216423,-2.623374,1.267726,-1.570822,-0.222310
4610.909475,sim,1.270773,-0.216408,-2.623378,1.267704,-1.570819,-0.222315
4610.913418,sim,1.270773,-0.216422,-2.623374,1.267725,-1.570822,-0.222310
4610.917482,sim,1.270772,-0.216406,-2.623379,1.267702,-1.570819,-0.222315
4610.921534,sim,1.270773,-0.216421,-2.623374,1.267725,-1.570823,-0.222310
4610.925395,sim,1.270773,-0.216406,-2.623378,1.267705,-1.570819,-0.222314
4610.929418,sim,1.270773,-0.216425,-2.623373,1.267727,-1.570822,-0.222310
4610.933485,sim,1.270773,-0.216408,-2.623378,1.267704,-1.570819,-0.222315
4610.937475,sim,1.270773,-0.216424,-2.623373,1.267727,-1.570822,-0.222310
4610.941572,sim,1.270772,-0.216406,-2.623379,1.267701,-1.570819,-0.222315
4610.945426,sim,1.270773,-0.216422,-2.623374,1.267727,-1.570823,-0.222309
4610.949424,sim,1.270773,-0.216408,-2.623378,1.267702,-1.570818,-0.222316
4610.953483,sim,1.270772,-0.216421,-2.623374,1.267725,-1.570823,-0.222310
4610.957416,sim,1.270773,-0.216405,-2.623379,1.267703,-1.570819,-0.222314
4610.961516,sim,1.270774,-0.216424,-2.623373,1.267728,-1.570823,-0.222310
4610.965451,sim,1.270772,-0.216405,-2.623379,1.267701,-1.570819,-0.222315
4610.969465,sim,1.270773,-0.216421,-2.623374,1.267726,-1.570823,-0.222310
4610.973376,sim,1.270773,-0.216407,-2.623378,1.267704,-1.570819,-0.222315
4610.977369,sim,1.270773,-0.216422,-2.623374,1.267725,-1.570822,-0.222310
4610.981560,sim,1.270773,-0.216406,-2.623378,1.267704,-1.570819,-0.222314
4610.985371,sim,1.270773,-0.216424,-2.623373,1.267728,-1.570823,-0.222310
4610.989377,sim,1.270773,-0.216407,-2.623378,1.267704,-1.570819,-0.222315
4610.993351,sim,1.270773,-0.216422,-2.623374,1.267726,-1.570823,-0.222310
4610.997418,sim,1.270772,-0.216404,-2.623380,1.267699,-1.570818,-0.222315
4611.001496,sim,1.270774,-0.216423,-2.623374,1.267727,-1.570823,-0.222309
4611.005386,sim,1.270772,-0.216409,-2.623378,1.267702,-1.570818,-0.222316
4611.009357,sim,1.270773,-0.216424,-2.623373,1.267728,-1.570823,-0.222309
4611.013464,sim,1.270773,-0.216407,-2.623378,1.267704,-1.570819,-0.222315
4611.017369,sim,1.270773,-0.216423,-2.623374,1.267726,-1.570822,-0.222310
4611.021415,sim,1.270772,-0.216405,-2.623378,1.267702,-1.570819,-0.222314
4611.025406,sim,1.270773,-0.216422,-2.623374,1.267726,-1.570823,-0.222310
4611.029517,sim,1.270773,-0.216408,-2.623378,1.267702,-1.570818,-0.222316
4611.033475,sim,1.270773,-0.216423,-2.623374,1.267725,-1.570822,-0.222311
4611.037452,sim,1.270773,-0.216407,-2.623378,1.267704,-1.570819,-0.222314
4611.042240,sim,1.270773,-0.216424,-2.623373,1.267730,-1.570823,-0.222309
4611.045477,sim,1.270772,-0.216407,-2.623378,1.267701,-1.570818,-0.222316
4611.049444,sim,1.270772,-0.216420,-2.623374,1.267724,-1.570823,-0.222310
4611.053375,sim,1.270774,-0.216408,-2.623377,1.267708,-1.570820,-0.222313
4611.057399,sim,1.270773,-0.216424,-2.623373,1.267727,-1.570822,-0.222310
4611.061527,sim,1.270772,-0.216405,-2.623380,1.267697,-1.570817,-0.222317
4611.065431,sim,1.270774,-0.216423,-2.623373,1.267729,-1.570823,-0.222309
4611.069391,sim,1.270772,-0.216407,-2.623378,1.267704,-1.570819,-0.222315
4611.073380,sim,1.270773,-0.216423,-2.623374,1.267726,-1.570822,-0.222310
4611.077424,sim,1.270773,-0.216407,-2.623378,1.267704,-1.570819,-0.222315
4611.081578,sim,1.270773,-0.216422,-2.623374,1.267726,-1.570823,-0.222310
4611.085436,sim,1.270773,-0.216407,-2.623378,1.267705,-1.570819,-0.222314
4611.089556,sim,1.270773,-0.216423,-2.623374,1.267726,-1.570822,-0.222310
4611.093465,sim,1.270773,-0.216407,-2.623378,1.267704,-1.570819,-0.222315
4611.097414,sim,1.270772,-0.216423,-2.623374,1.267725,-1.570822,-0.222311
4611.101450,sim,1.270773,-0.216407,-2.623378,1.267703,-1.570819,-0.222315
4611.105387,sim,1.270772,-0.216421,-2.623375,1.267723,-1.570822,-0.222311
4611.109434,sim,1.270773,-0.216407,-2.623378,1.267705,-1.570819,-0.222314
4611.113440,sim,1.270773,-0.216424,-2.623373,1.267728,-1.570823,-0.222310
4611.117365,sim,1.270772,-0.216406,-2.623379,1.267701,-1.570818,-0.222315
4611.121459,sim,1.270772,-0.216421,-2.623374,1.267724,-1.570822,-0.222311
4611.125391,sim,1.270773,-0.216407,-2.623378,1.267702,-1.570818,-0.222315
4611.129353,sim,1.270773,-0.216422,-2.623374,1.267727,-1.570823,-0.222309
4611.133301,sim,1.270772,-0.216404,-2.623379,1.267701,-1.570819,-0.222315
4611.137334,sim,1.270774,-0.216423,-2.623373,1.267728,-1.570823,-0.222310
4611.141634,sim,1.270772,-0.216406,-2.623378,1.267703,-1.570819,-0.222315
4611.145367,sim,1.270773,-0.216424,-2.623373,1.267727,-1.570822,-0.222310
4611.149331,sim,1.270773,-0.216408,-2.623378,1.267704,-1.570819,-0.222315
4611.153393,sim,1.270772,-0.216421,-2.623375,1.267721,-1.570821,-0.222312
4611.157389,sim,1.270774,-0.216412,-2.623377,1.267707,-1.570819,-0.222315
4611.161571,sim,1.270772,-0.216422,-2.623374,1.267724,-1.570822,-0.222311
4611.165362,sim,1.270773,-0.216406,-2.623378,1.267703,-1.570819,-0.222315
4611.169315,sim,1.270773,-0.216423,-2.623373,1.267728,-1.570823,-0.222309
4611.173373,sim,1.270772,-0.216406,-2.623379,1.267699,-1.570818,-0.222316
4611.177492,sim,1.270773,-0.216421,-2.623374,1.267727,-1.570823,-0.222309
4611.181436,sim,1.270773,-0.216407,-2.623378,1.267702,-1.570818,-0.222315
4611.185341,sim,1.270774,-0.216425,-2.623372,1.267732,-1.570823,-0.222309
4611.189339,sim,1.270772,-0.216408,-2.623378,1.267702,-1.570818,-0.222316
4611.193306,sim,1.270774,-0.216425,-2.623373,1.267730,-1.570823,-0.222309
4611.197361,sim,1.270773,-0.216408,-2.623377,1.267705,-1.570819,-0.222315
4611.201365,sim,1.270773,-0.216424,-2.623373,1.267727,-1.570822,-0.222310
4611.205413,sim,1.270772,-0.216406,-2.623379,1.267702,-1.570819,-0.222315
4611.209351,sim,1.270774,-0.216424,-2.623373,1.267728,-1.570823,-0.222310
4611.213403,sim,1.270772,-0.216407,-2.623379,1.267700,-1.570817,-0.222316
4611.217898,sim,1.270773,-0.216422,-2.623374,1.267727,-1.570823,-0.222309
4611.221862,sim,1.270772,-0.216405,-2.623379,1.267702,-1.570819,-0.222314
4611.225664,sim,1.270773,-0.216422,-2.623374,1.267726,-1.570823,-0.222310
4611.230084,sim,1.270773,-0.216409,-2.623377,1.267706,-1.570819,-0.222314
4611.233582,sim,1.270772,-0.216423,-2.623374,1.267725,-1.570822,-0.222311
4611.237696,sim,1.270772,-0.216404,-2.623379,1.267701,-1.570819,-0.222315
4611.241918,sim,1.270773,-0.216420,-2.623375,1.267724,-1.570823,-0.222310
4611.245556,sim,1.270772,-0.216406,-2.623379,1.267700,-1.570818,-0.222316
4611.249484,sim,1.270773,-0.216422,-2.623374,1.267727,-1.570823,-0.222309
4611.253666,sim,1.270772,-0.216405,-2.623379,1.267699,-1.570818,-0.222316
4611.257486,sim,1.270773,-0.216423,-2.623373,1.267728,-1.570823,-0.222309
4611.261698,sim,1.270772,-0.216406,-2.623379,1.267700,-1.570818,-0.222316
4611.265489,sim,1.270773,-0.216423,-2.623373,1.267728,-1.570823,-0.222309
4611.269740,sim,1.270774,-0.216409,-2.623377,1.267708,-1.570820,-0.222314
4611.273522,sim,1.270773,-0.216425,-2.623373,1.267726,-1.570821,-0.222311
4611.277492,sim,1.270773,-0.216409,-2.623377,1.267705,-1.570818,-0.222315
4611.281503,sim,1.270773,-0.216424,-2.623373,1.267729,-1.570823,-0.222309
4611.285668,sim,1.270771,-0.216405,-2.623379,1.267697,-1.570817,-0.222317
4611.289544,sim,1.270774,-0.216422,-2.623373,1.267729,-1.570824,-0.222309
4611.293496,sim,1.270773,-0.216408,-2.623378,1.267703,-1.570818,-0.222315
4611.297422,sim,1.270773,-0.216423,-2.623373,1.267727,-1.570823,-0.222310
4611.302287,sim,1.270773,-0.216409,-2.623377,1.267706,-1.570819,-0.222314
4611.305539,sim,1.270773,-0.216425,-2.623373,1.267727,-1.570822,-0.222310
4611.309530,sim,1.270771,-0.216405,-2.623380,1.267697,-1.570817,-0.222317
4611.313414,sim,1.270774,-0.216423,-2.623373,1.267729,-1.570824,-0.222309
4611.317452,sim,1.270772,-0.216405,-2.623379,1.267702,-1.570819,-0.222314
4611.321873,sim,1.270774,-0.216425,-2.623373,1.267730,-1.570823,-0.222310
4611.325688,sim,1.270773,-0.216409,-2.623377,1.267705,-1.570818,-0.222315
4611.329505,sim,1.270773,-0.216423,-2.623373,1.267727,-1.570822,-0.222310
4611.333484,sim,1.270772,-0.216407,-2.623379,1.267700,-1.570818,-0.222316
4611.337608,sim,1.270773,-0.216423,-2.623374,1.267727,-1.570823,-0.222309
4611.341763,sim,1.270772,-0.216406,-2.623378,1.267703,-1.570819,-0.222315
4611.345734,sim,1.270773,-0.216421,-2.623374,1.267725,-1.570823,-0.222310
4611.349561,sim,1.270773,-0.216407,-2.623378,1.267704,-1.570819,-0.222315
4611.353685,sim,1.270773,-0.216422,-2.623374,1.267726,-1.570822,-0.222310
4611.357647,sim,1.270773,-0.216408,-2.623377,1.267706,-1.570819,-0.222314
4611.361921,sim,1.270771,-0.216420,-2.623375,1.267721,-1.570822,-0.222311
4611.365516,sim,1.270773,-0.216405,-2.623378,1.267704,-1.570820,-0.222314
4611.369693,sim,1.270773,-0.216423,-2.623374,1.267726,-1.570822,-0.222310
4611.373988,sim,1.270773,-0.216409,-2.623377,1.267707,-1.570819,-0.222314
4611.377615,sim,1.270772,-0.216422,-2.623374,1.267724,-1.570822,-0.222311
4611.381789,sim,1.270773,-0.216405,-2.623379,1.267702,-1.570819,-0.222314
4611.385759,sim,1.270774,-0.216426,-2.623373,1.267729,-1.570822,-0.222339
4611.389899,sim,1.270772,-0.216406,-2.623379,1.267701,-1.570818,-0.222374
4611.393954,sim,1.270773,-0.216424,-2.623374,1.267726,-1.570822,-0.222398
4611.397493,sim,1.270773,-0.216409,-2.623377,1.267706,-1.570819,-0.222432
4611.401615,sim,1.270773,-0.216425,-2.623373,1.267727,-1.570822,-0.222457
4611.405597,sim,1.270772,-0.216406,-2.623379,1.267701,-1.570818,-0.222491
4611.409465,sim,1.270773,-0.216422,-2.623374,1.267725,-1.570822,-0.222516
4611.413569,sim,1.270772,-0.216405,-2.623379,1.267701,-1.570819,-0.222550
4611.417451,sim,1.270773,-0.216423,-2.623374,1.267725,-1.570822,-0.222575
4611.421512,sim,1.270773,-0.216408,-2.623378,1.267705,-1.570819,-0.222608
4611.425500,sim,1.270773,-0.216423,-2.623374,1.267725,-1.570822,-0.222633
4611.429508,sim,1.270772,-0.216407,-2.623379,1.267700,-1.570818,-0.222668
4611.433510,sim,1.270773,-0.216424,-2.623373,1.267728,-1.570823,-0.222691
4611.437471,sim,1.270773,-0.216408,-2.623378,1.267703,-1.570818,-0.222726
4611.441640,sim,1.270772,-0.216421,-2.623375,1.267723,-1.570822,-0.222751
4611.445561,sim,1.270772,-0.216404,-2.623380,1.267699,-1.570818,-0.222785
4611.449996,sim,1.270774,-0.216425,-2.623373,1.267727,-1.570822,-0.222809
4611.453464,sim,1.270773,-0.216409,-2.623378,1.267702,-1.570818,-0.222844
4611.457431,sim,1.270773,-0.216424,-2.623374,1.267725,-1.570821,-0.222869
4611.461611,sim,1.270773,-0.216407,-2.623379,1.267702,-1.570818,-0.222902
4611.465432,sim,1.270773,-0.216424,-2.623374,1.267724,-1.570821,-0.222927
4611.469575,sim,1.270773,-0.216407,-2.623379,1.267701,-1.570818,-0.222961
4611.473498,sim,1.270773,-0.216423,-2.623374,1.267724,-1.570821,-0.222986
4611.477555,sim,1.270773,-0.216407,-2.623379,1.267701,-1.570818,-0.223020
4611.481571,sim,1.270773,-0.216422,-2.623375,1.267723,-1.570822,-0.223044
4611.485489,sim,1.270771,-0.216402,-2.623381,1.267695,-1.570818,-0.223050
4611.489467,sim,1.270773,-0.216421,-2.623376,1.267720,-1.570822,-0.223060
4611.493540,sim,1.270772,-0.216406,-2.623381,1.267693,-1.570816,-0.223056
4611.497464,sim,1.270774,-0.216423,-2.623377,1.267718,-1.570820,-0.223017
4611.501604,sim,1.270773,-0.216409,-2.623383,1.267689,-1.570814,-0.222972
4611.505493,sim,1.270774,-0.216426,-2.623381,1.267704,-1.570815,-0.222904
4611.509493,sim,1.270773,-0.216411,-2.623389,1.267672,-1.570808,-0.222834
4611.513545,sim,1.270774,-0.216427,-2.623386,1.267690,-1.570811,-0.222745
4611.517417,sim,1.270773,-0.216410,-2.623395,1.267653,-1.570804,-0.222665
4611.521514,sim,1.270774,-0.216426,-2.623392,1.267673,-1.570807,-0.222571
4611.525746,sim,1.270774,-0.216411,-2.623400,1.267640,-1.570800,-0.222494
4611.529557,sim,1.270775,-0.216429,-2.623397,1.267661,-1.570803,-0.222412
4611.533481,sim,1.270774,-0.216413,-2.623403,1.267630,-1.570796,-0.222352
4611.537463,sim,1.270773,-0.216426,-2.623402,1.267645,-1.570799,-0.222296
4611.541738,sim,1.270775,-0.216414,-2.623406,1.267625,-1.570795,-0.222266
4611.545544,sim,1.270774,-0.216429,-2.623402,1.267645,-1.570798,-0.222262
4611.549398,sim,1.270774,-0.216413,-2.623408,1.267616,-1.570793,-0.222248
4611.553523,sim,1.270774,-0.216428,-2.623403,1.267643,-1.570798,-0.222228
4611.557615,sim,1.270774,-0.216411,-2.623409,1.267614,-1.570793,-0.222226
4611.561728,sim,1.270775,-0.216429,-2.623403,1.267642,-1.570798,-0.222217
4611.565466,sim,1.270774,-0.216415,-2.623407,1.267618,-1.570792,-0.222225
4611.569541,sim,1.270774,-0.216428,-2.623403,1.267640,-1.570797,-0.222225
4611.573541,sim,1.270774,-0.216412,-2.623408,1.267617,-1.570793,-0.222239
4611.577531,sim,1.270774,-0.216427,-2.623404,1.267640,-1.570797,-0.222235
4611.581649,sim,1.270774,-0.216413,-2.623408,1.267618,-1.570793,-0.222258
4611.585589,sim,1.270775,-0.216430,-2.623402,1.267643,-1.570797,-0.222286
4611.589590,sim,1.270774,-0.216415,-2.623407,1.267620,-1.570793,-0.222339
4611.593576,sim,1.270774,-0.216428,-2.623403,1.267640,-1.570797,-0.222398
4611.597531,sim,1.270774,-0.216413,-2.623407,1.267619,-1.570794,-0.222479
4611.601617,sim,1.270774,-0.216429,-2.623403,1.267642,-1.570797,-0.222566
4611.605465,sim,1.270774,-0.216411,-2.623408,1.267618,-1.570794,-0.222675
4611.609519,sim,1.270774,-0.216429,-2.623403,1.267642,-1.570797,-0.222670
4611.613483,sim,1.270775,-0.216415,-2.623406,1.267621,-1.570793,-0.222803
4611.617532,sim,1.270775,-0.216431,-2.623402,1.267646,-1.570798,-0.222953
4611.621664,sim,1.270773,-0.216410,-2.623408,1.267617,-1.570794,-0.223140
4611.625506,sim,1.270775,-0.216428,-2.623402,1.267643,-1.570798,-0.223343
4611.629435,sim,1.270775,-0.216415,-2.623406,1.267623,-1.570794,-0.223579
4611.633453,sim,1.270774,-0.216429,-2.623402,1.267644,-1.570797,-0.223575
4611.637525,sim,1.270774,-0.216411,-2.623407,1.267618,-1.570794,-0.223845
4611.641857,sim,1.270774,-0.216427,-2.623403,1.267641,-1.570797,-0.224150
4611.645427,sim,1.270774,-0.216411,-2.623407,1.267619,-1.570794,-0.224502
4611.649438,sim,1.270774,-0.216426,-2.623403,1.267642,-1.570798,-0.224879
4611.653551,sim,1.270776,-0.216416,-2.623405,1.267626,-1.570795,-0.225293
4611.657564,sim,1.270774,-0.216429,-2.623402,1.267643,-1.570797,-0.225723
4611.661587,sim,1.270774,-0.216412,-2.623407,1.267620,-1.570794,-0.226179
4611.665493,sim,1.270774,-0.216427,-2.623403,1.267643,-1.570798,-0.226175
4611.669518,sim,1.270775,-0.216414,-2.623406,1.267622,-1.570794,-0.226648
4611.673576,sim,1.270774,-0.216430,-2.623402,1.267644,-1.570797,-0.227129
4611.677465,sim,1.270774,-0.216413,-2.623406,1.267621,-1.570794,-0.227635
4611.681502,sim,1.270774,-0.216428,-2.623402,1.267643,-1.570798,-0.228147
4611.685680,sim,1.270774,-0.216414,-2.623406,1.267622,-1.570794,-0.228682
4611.689481,sim,1.270774,-0.216430,-2.623402,1.267644,-1.570797,-0.228678
4611.693425,sim,1.270774,-0.216413,-2.623406,1.267623,-1.570795,-0.228726
4611.697491,sim,1.270774,-0.216428,-2.623402,1.267644,-1.570798,-0.228766
4611.701609,sim,1.270774,-0.216413,-2.623406,1.267622,-1.570794,-0.228771
4611.705431,sim,1.270774,-0.216430,-2.623402,1.267643,-1.570797,-0.228901
4611.709407,sim,1.270775,-0.216414,-2.623406,1.267623,-1.570794,-0.229204
4611.713477,sim,1.270774,-0.216429,-2.623402,1.267644,-1.570797,-0.229646
4611.717500,sim,1.270774,-0.216413,-2.623407,1.267620,-1.570794,-0.230223
4611.721580,sim,1.270774,-0.216429,-2.623402,1.267643,-1.570797,-0.230899
4611.725529,sim,1.270775,-0.216414,-2.623406,1.267623,-1.570794,-0.230902
4611.729556,sim,1.270774,-0.216431,-2.623402,1.267645,-1.570797,-0.231651
4611.733425,sim,1.270774,-0.216412,-2.623407,1.267620,-1.570794,-0.232448
4611.737480,sim,1.270775,-0.216430,-2.623402,1.267645,-1.570797,-0.233268
4611.741859,sim,1.270773,-0.216417,-2.623406,1.267622,-1.570793,-0.234119
4611.745458,sim,1.270774,-0.216432,-2.623401,1.267647,-1.570797,-0.234969
4611.749508,sim,1.270773,-0.216415,-2.623406,1.267621,-1.570793,-0.235830
4611.753479,sim,1.270774,-0.216425,-2.623403,1.267641,-1.570798,-0.236669
4611.757504,sim,1.270774,-0.216407,-2.623408,1.267617,-1.570795,-0.236673
4611.761556,sim,1.270775,-0.216427,-2.623402,1.267644,-1.570798,-0.237470
4611.765453,sim,1.270774,-0.216418,-2.623406,1.267624,-1.570794,-0.238212
4611.769561,sim,1.270774,-0.216429,-2.623402,1.267644,-1.570798,-0.238882
4611.773410,sim,1.270775,-0.216417,-2.623406,1.267622,-1.570793,-0.239506
4611.777417,sim,1.270775,-0.216425,-2.623402,1.267644,-1.570799,-0.240065
4611.781675,sim,1.270774,-0.216410,-2.623408,1.267618,-1.570794,-0.240588
4611.785517,sim,1.270774,-0.216427,-2.623403,1.267642,-1.570798,-0.241056
4611.789400,sim,1.270774,-0.216415,-2.623406,1.267622,-1.570794,-0.241061
4611.793398,sim,1.270774,-0.216430,-2.623402,1.267644,-1.570797,-0.241486
4611.797446,sim,1.270774,-0.216412,-2.623407,1.267619,-1.570794,-0.241878
4611.801525,sim,1.270774,-0.216430,-2.623402,1.267644,-1.570797,-0.242222
4611.805427,sim,1.270774,-0.216413,-2.623407,1.267621,-1.570794,-0.242537
4611.809408,sim,1.270774,-0.216423,-2.623404,1.267640,-1.570798,-0.242809
4611.813494,sim,1.270776,-0.216415,-2.623406,1.267625,-1.570795,-0.243058
4611.817418,sim,1.270775,-0.216430,-2.623401,1.267645,-1.570797,-0.243270
4611.821589,sim,1.270773,-0.216417,-2.623406,1.267620,-1.570793,-0.243464
4611.825484,sim,1.270774,-0.216428,-2.623402,1.267646,-1.570799,-0.243621
4611.829458,sim,1.270774,-0.216415,-2.623406,1.267622,-1.570794,-0.243769
4611.833421,sim,1.270774,-0.216429,-2.623402,1.267645,-1.570798,-0.243887
4611.837446,sim,1.270773,-0.216412,-2.623407,1.267619,-1.570794,-0.243999
4611.841699,sim,1.270776,-0.216427,-2.623402,1.267645,-1.570799,-0.244085
4611.845518,sim,1.270774,-0.216410,-2.623407,1.267619,-1.570794,-0.244090
4611.849452,sim,1.270775,-0.216429,-2.623402,1.267646,-1.570798,-0.244164
4611.853459,sim,1.270774,-0.216419,-2.623405,1.267625,-1.570794,-0.244234
4611.857462,sim,1.270773,-0.216432,-2.623402,1.267643,-1.570796,-0.244283
4611.861591,sim,1.270774,-0.216412,-2.623407,1.267620,-1.570794,-0.244329
4611.865622,sim,1.270775,-0.216421,-2.623404,1.267640,-1.570799,-0.244357
4611.869464,sim,1.270774,-0.216410,-2.623408,1.267619,-1.570795,-0.244389
4611.873450,sim,1.270775,-0.216430,-2.623402,1.267644,-1.570798,-0.244406
4611.877506,sim,1.270774,-0.216418,-2.623406,1.267624,-1.570794,-0.244429
4611.881623,sim,1.270774,-0.216430,-2.623402,1.267645,-1.570798,-0.244424
4611.885449,sim,1.270774,-0.216417,-2.623406,1.267622,-1.570793,-0.244454
4611.889432,sim,1.270774,-0.216431,-2.623402,1.267645,-1.570797,-0.244489
4611.893523,sim,1.270774,-0.216412,-2.623407,1.267620,-1.570794,-0.244548
4611.897488,sim,1.270774,-0.216429,-2.623402,1.267643,-1.570798,-0.244615
4611.901526,sim,1.270774,-0.216412,-2.623407,1.267618,-1.570793,-0.244705
4611.905519,sim,1.270775,-0.216424,-2.623403,1.267643,-1.570799,-0.244698
4611.909463,sim,1.270775,-0.216412,-2.623406,1.267623,-1.570795,-0.244813
4611.913465,sim,1.270774,-0.216428,-2.623402,1.267643,-1.570798,-0.244952
4611.917397,sim,1.270774,-0.216417,-2.623406,1.267624,-1.570794,-0.245126
4611.921547,sim,1.270773,-0.216427,-2.623403,1.267642,-1.570798,-0.245316
4611.925498,sim,1.270774,-0.216414,-2.623407,1.267621,-1.570794,-0.245537
4611.929496,sim,1.270775,-0.216423,-2.623403,1.267640,-1.570798,-0.245766
4611.933434,sim,1.270774,-0.216408,-2.623408,1.267617,-1.570795,-0.246021
4611.937466,sim,1.270775,-0.216430,-2.623402,1.267645,-1.570798,-0.246016
4611.941729,sim,1.270774,-0.216420,-2.623405,1.267627,-1.570794,-0.246286
4611.945536,sim,1.270774,-0.216431,-2.623402,1.267644,-1.570797,-0.246564
4611.949429,sim,1.270774,-0.216415,-2.623406,1.267622,-1.570794,-0.246867
4611.953466,sim,1.270775,-0.216424,-2.623403,1.267641,-1.570798,-0.247177
4611.957484,sim,1.270774,-0.216409,-2.623408,1.267617,-1.570794,-0.247512
4611.961653,sim,1.270776,-0.216431,-2.623401,1.267647,-1.570798,-0.247852
4611.965428,sim,1.270774,-0.216418,-2.623405,1.267624,-1.570794,-0.248216
4611.969442,sim,1.270774,-0.216433,-2.623401,1.267646,-1.570797,-0.248212
4611.973481,sim,1.270774,-0.216414,-2.623406,1.267622,-1.570794,-0.248596
4611.977495,sim,1.270774,-0.216426,-2.623403,1.267642,-1.570798,-0.248998
4611.981557,sim,1.270774,-0.216413,-2.623407,1.267620,-1.570794,-0.249435
4611.985450,sim,1.270774,-0.216431,-2.623402,1.267644,-1.570797,-0.249886
4611.989546,sim,1.270774,-0.216414,-2.623406,1.267622,-1.570794,-0.250367
4611.993490,sim,1.270775,-0.216425,-2.623403,1.267641,-1.570798,-0.250859
4611.997543,sim,1.270775,-0.216409,-2.623407,1.267620,-1.570795,-0.250863
4612.001556,sim,1.270775,-0.216428,-2.623402,1.267645,-1.570798,-0.251376
4612.005536,sim,1.270774,-0.216417,-2.623406,1.267623,-1.570793,-0.251917
4612.009430,sim,1.270775,-0.216417,-2.623404,1.267640,-1.570800,-0.252459
4612.013414,sim,1.270775,-0.216414,-2.623407,1.267620,-1.570794,-0.253026
4612.017487,sim,1.270774,-0.216431,-2.623402,1.267643,-1.570797,-0.253587
4612.021585,sim,1.270774,-0.216419,-2.623405,1.267627,-1.570794,-0.254157
4612.025544,sim,1.270774,-0.216435,-2.623401,1.267646,-1.570796,-0.254717
4612.029446,sim,1.270774,-0.216415,-2.623406,1.267623,-1.570794,-0.254720
4612.033438,sim,1.270774,-0.216424,-2.623404,1.267639,-1.570797,-0.255261
4612.037538,sim,1.270774,-0.216408,-2.623408,1.267619,-1.570795,-0.255783
4612.041692,sim,1.270774,-0.216427,-2.623403,1.267642,-1.570798,-0.256271
4612.045485,sim,1.270775,-0.216419,-2.623405,1.267627,-1.570794,-0.256743
4612.049472,sim,1.270774,-0.216433,-2.623401,1.267645,-1.570797,-0.257184
4612.053500,sim,1.270774,-0.216414,-2.623406,1.267622,-1.570794,-0.257608
4612.057590,sim,1.270774,-0.216422,-2.623404,1.267638,-1.570798,-0.258004
4612.061680,sim,1.270774,-0.216408,-2.623408,1.267618,-1.570795,-0.258008
4612.065462,sim,1.270774,-0.216427,-2.623403,1.267642,-1.570798,-0.258381
4612.069540,sim,1.270774,-0.216416,-2.623406,1.267623,-1.570794,-0.258739
4612.073445,sim,1.270774,-0.216429,-2.623402,1.267644,-1.570798,-0.259064
4612.077490,sim,1.270775,-0.216418,-2.623405,1.267627,-1.570794,-0.259376
4612.081621,sim,1.270775,-0.216426,-2.623402,1.267643,-1.570798,-0.259658
4612.085527,sim,1.270774,-0.216411,-2.623407,1.267619,-1.570794,-0.259663
4612.089481,sim,1.270774,-0.216428,-2.623403,1.267643,-1.570798,-0.259926
4612.093483,sim,1.270774,-0.216417,-2.623406,1.267624,-1.570794,-0.260178
4612.097460,sim,1.270775,-0.216420,-2.623403,1.267643,-1.570800,-0.260400
4612.101626,sim,1.270774,-0.216421,-2.623405,1.267625,-1.570793,-0.260619
4612.105561,sim,1.270773,-0.216432,-2.623402,1.267643,-1.570796,-0.260806
4612.109441,sim,1.270774,-0.216414,-2.623406,1.267623,-1.570794,-0.260982
4612.113426,sim,1.270775,-0.216419,-2.623403,1.267642,-1.570800,-0.261132
4612.117509,sim,1.270774,-0.216419,-2.623406,1.267622,-1.570792,-0.261279
4612.121574,sim,1.270774,-0.216432,-2.623402,1.267644,-1.570797,-0.261395
4612.125498,sim,1.270773,-0.216412,-2.623408,1.267617,-1.570793,-0.261505
4612.129470,sim,1.270775,-0.216424,-2.623403,1.267642,-1.570799,-0.261586
4612.133549,sim,1.270775,-0.216411,-2.623407,1.267621,-1.570795,-0.261663
4612.137505,sim,1.270774,-0.216429,-2.623402,1.267643,-1.570797,-0.261715
4612.141619,sim,1.270774,-0.216418,-2.623406,1.267622,-1.570793,-0.261761
4612.145463,sim,1.270774,-0.216433,-2.623401,1.267646,-1.570797,-0.261781
4612.149486,sim,1.270774,-0.216414,-2.623406,1.267621,-1.570794,-0.261785
4612.153675,sim,1.270775,-0.216432,-2.623401,1.267648,-1.570798,-0.261780
4612.157486,sim,1.270773,-0.216413,-2.623407,1.267618,-1.570793,-0.261786
4612.161539,sim,1.270775,-0.216423,-2.623403,1.267642,-1.570799,-0.261779
4612.165507,sim,1.270775,-0.216409,-2.623407,1.267619,-1.570795,-0.261784
4612.169497,sim,1.270775,-0.216428,-2.623402,1.267644,-1.570798,-0.261780
4612.173413,sim,1.270774,-0.216417,-2.623406,1.267621,-1.570793,-0.261786
4612.177469,sim,1.270774,-0.216432,-2.623401,1.267647,-1.570797,-0.261780
4612.181691,sim,1.270774,-0.216415,-2.623406,1.267622,-1.570793,-0.261785
4612.185496,sim,1.270774,-0.216431,-2.623401,1.267647,-1.570798,-0.261780
4612.189522,sim,1.270774,-0.216413,-2.623406,1.267622,-1.570794,-0.261784
4612.193483,sim,1.270775,-0.216427,-2.623402,1.267643,-1.570798,-0.261780
4612.197563,sim,1.270775,-0.216410,-2.623407,1.267621,-1.570795,-0.261784
4612.201627,sim,1.270775,-0.216428,-2.623402,1.267644,-1.570798,-0.261780
4612.205582,sim,1.270774,-0.216417,-2.623406,1.267624,-1.570794,-0.261785
4612.209495,sim,1.270774,-0.216429,-2.623402,1.267644,-1.570798,-0.261780
4612.213560,sim,1.270774,-0.216412,-2.623407,1.267619,-1.570794,-0.261785
4612.217506,sim,1.270774,-0.216430,-2.623402,1.267644,-1.570797,-0.261780
4612.221497,sim,1.270774,-0.216413,-2.623407,1.267619,-1.570793,-0.261785
4612.225506,sim,1.270775,-0.216426,-2.623402,1.267645,-1.570799,-0.261779
4612.229502,sim,1.270774,-0.216411,-2.623407,1.267618,-1.570794,-0.261785
4612.233551,sim,1.270774,-0.216427,-2.623403,1.267643,-1.570798,-0.261780
4612.237541,sim,1.270774,-0.216416,-2.623407,1.267621,-1.570793,-0.261786
4612.241635,sim,1.270774,-0.216430,-2.623402,1.267643,-1.570797,-0.261781
4612.245550,sim,1.270775,-0.216415,-2.623406,1.267624,-1.570794,-0.261784
4612.249533,sim,1.270775,-0.216427,-2.623402,1.267644,-1.570798,-0.261779
4612.253451,sim,1.270774,-0.216408,-2.623408,1.267618,-1.570795,-0.261784
4612.257909,sim,1.270775,-0.216429,-2.623402,1.267646,-1.570798,-0.261780
4612.261704,sim,1.270774,-0.216416,-2.623406,1.267624,-1.570794,-0.261785
4612.265577,sim,1.270775,-0.216434,-2.623401,1.267646,-1.570797,-0.261781
4612.269562,sim,1.270773,-0.216411,-2.623408,1.267617,-1.570793,-0.261785
4612.273538,sim,1.270775,-0.216420,-2.623404,1.267639,-1.570799,-0.261779
4612.277565,sim,1.270774,-0.216409,-2.623408,1.267619,-1.570795,-0.261784
4612.281647,sim,1.270775,-0.216429,-2.623402,1.267645,-1.570798,-0.261780
4612.285504,sim,1.270774,-0.216418,-2.623406,1.267622,-1.570793,-0.261786
4612.289499,sim,1.270774,-0.216430,-2.623402,1.267644,-1.570797,-0.261781
4612.293677,sim,1.270774,-0.216415,-2.623406,1.267624,-1.570794,-0.261784
4612.297557,sim,1.270774,-0.216426,-2.623403,1.267642,-1.570798,-0.261780
4612.301566,sim,1.270774,-0.216411,-2.623407,1.267620,-1.570794,-0.261784
4612.305480,sim,1.270775,-0.216424,-2.623403,1.267640,-1.570798,-0.261780
4612.309500,sim,1.270775,-0.216410,-2.623407,1.267622,-1.570795,-0.261783
4612.313612,sim,1.270775,-0.216429,-2.623402,1.267644,-1.570798,-0.261780
4612.317926,sim,1.270774,-0.216418,-2.623406,1.267622,-1.570793,-0.261786
4612.321581,sim,1.270775,-0.216435,-2.623400,1.267650,-1.570797,-0.261780
4612.325563,sim,1.270774,-0.216415,-2.623406,1.267621,-1.570793,-0.261785
4612.329569,sim,1.270775,-0.216431,-2.623402,1.267645,-1.570797,-0.261781
4612.333435,sim,1.270774,-0.216414,-2.623406,1.267622,-1.570794,-0.261784
4612.337467,sim,1.270774,-0.216421,-2.623404,1.267638,-1.570798,-0.261779
4612.342078,sim,1.270775,-0.216410,-2.623407,1.267621,-1.570795,-0.261783
4612.345646,sim,1.270774,-0.216428,-2.623402,1.267643,-1.570798,-0.261780
4612.349632,sim,1.270774,-0.216416,-2.623406,1.267622,-1.570794,-0.261785
4612.353536,sim,1.270775,-0.216434,-2.623401,1.267647,-1.570797,-0.261781
4612.357536,sim,1.270774,-0.216415,-2.623406,1.267622,-1.570794,-0.261785
4612.361691,sim,1.270775,-0.216423,-2.623403,1.267641,-1.570799,-0.261779
4612.365529,sim,1.270775,-0.216410,-2.623407,1.267619,-1.570795,-0.261784
4612.369505,sim,1.270775,-0.216430,-2.623402,1.267644,-1.570797,-0.261780
4612.373548,sim,1.270775,-0.216419,-2.623405,1.267627,-1.570794,-0.261784
4612.377550,sim,1.270774,-0.216431,-2.623401,1.267646,-1.570797,-0.261780
4612.381604,sim,1.270774,-0.216415,-2.623406,1.267622,-1.570794,-0.261785
4612.385754,sim,1.270774,-0.216430,-2.623402,1.267642,-1.570797,-0.261781
4612.389508,sim,1.270775,-0.216414,-2.623406,1.267623,-1.570795,-0.261784
4612.393534,sim,1.270774,-0.216431,-2.623402,1.267643,-1.570797,-0.261781
4612.397578,sim,1.270774,-0.216411,-2.623407,1.267620,-1.570794,-0.261784
4612.401604,sim,1.270775,-0.216421,-2.623404,1.267640,-1.570799,-0.261779
4612.405568,sim,1.270775,-0.216411,-2.623407,1.267619,-1.570794,-0.261784
4612.409546,sim,1.270775,-0.216431,-2.623401,1.267647,-1.570798,-0.261780
4612.413550,sim,1.270774,-0.216418,-2.623405,1.267625,-1.570794,-0.261785
4612.417519,sim,1.270773,-0.216430,-2.623402,1.267643,-1.570797,-0.261781
4612.421638,sim,1.270774,-0.216413,-2.623407,1.267619,-1.570793,-0.261785
4612.425617,sim,1.270774,-0.216430,-2.623402,1.267646,-1.570798,-0.261780
4612.429595,sim,1.270774,-0.216413,-2.623407,1.267621,-1.570794,-0.261784
4612.433563,sim,1.270775,-0.216424,-2.623403,1.267641,-1.570798,-0.261780
4612.437650,sim,1.270775,-0.216410,-2.623408,1.267618,-1.570794,-0.261785
4612.441799,sim,1.270775,-0.216428,-2.623402,1.267645,-1.570798,-0.261779
4612.445556,sim,1.270774,-0.216417,-2.623406,1.267624,-1.570794,-0.261785
4612.449577,sim,1.270774,-0.216431,-2.623402,1.267645,-1.570797,-0.261781
4612.453603,sim,1.270774,-0.216414,-2.623407,1.267620,-1.570793,-0.261785
4612.457526,sim,1.270775,-0.216431,-2.623402,1.267646,-1.570798,-0.261780
4612.461622,sim,1.270773,-0.216411,-2.623408,1.267616,-1.570793,-0.261786
4612.465559,sim,1.270775,-0.216425,-2.623403,1.267644,-1.570799,-0.261778
4612.469642,sim,1.270774,-0.216408,-2.623408,1.267617,-1.570794,-0.261784
4612.473654,sim,1.270775,-0.216427,-2.623402,1.267645,-1.570799,-0.261779
4612.477605,sim,1.270774,-0.216416,-2.623406,1.267623,-1.570794,-0.261784
4612.481595,sim,1.270775,-0.216433,-2.623401,1.267646,-1.570797,-0.261781
4612.485602,sim,1.270773,-0.216413,-2.623407,1.267617,-1.570793,-0.261786
4612.489562,sim,1.270775,-0.216432,-2.623401,1.267648,-1.570798,-0.261779
4612.493555,sim,1.270774,-0.216413,-2.623407,1.267621,-1.570794,-0.261784
4612.497549,sim,1.270775,-0.216425,-2.623403,1.267641,-1.570798,-0.261780
4612.501720,sim,1.270775,-0.216410,-2.623407,1.267621,-1.570795,-0.261783
4612.505543,sim,1.270775,-0.216428,-2.623402,1.267643,-1.570798,-0.261780
4612.509509,sim,1.270774,-0.216417,-2.623406,1.267624,-1.570794,-0.261785
4612.513527,sim,1.270774,-0.216431,-2.623401,1.267645,-1.570797,-0.261780
4612.517560,sim,1.270774,-0.216413,-2.623407,1.267621,-1.570794,-0.261785
4612.521698,sim,1.270775,-0.216423,-2.623403,1.267641,-1.570799,-0.261779
4612.525591,sim,1.270775,-0.216412,-2.623407,1.267618,-1.570794,-0.261785
4612.529522,sim,1.270774,-0.216429,-2.623402,1.267642,-1.570797,-0.261781
4612.533613,sim,1.270774,-0.216417,-2.623406,1.267623,-1.570794,-0.261785
4612.537594,sim,1.270775,-0.216434,-2.623401,1.267647,-1.570797,-0.261781
4612.541690,sim,1.270774,-0.216415,-2.623406,1.267623,-1.570794,-0.261785
4612.545662,sim,1.270774,-0.216430,-2.623402,1.267645,-1.570798,-0.261780
4612.549628,sim,1.270774,-0.216412,-2.623407,1.267619,-1.570794,-0.261785
4612.553629,sim,1.270775,-0.216425,-2.623402,1.267645,-1.570799,-0.261778
4612.557598,sim,1.270773,-0.216407,-2.623409,1.267614,-1.570794,-0.261785
4612.561686,sim,1.270775,-0.216425,-2.623403,1.267643,-1.570799,-0.261779
4612.565583,sim,1.270774,-0.216416,-2.623406,1.267623,-1.570794,-0.261785
4612.569543,sim,1.270774,-0.216430,-2.623402,1.267644,-1.570797,-0.261780
4612.573539,sim,1.270774,-0.216425,-2.623405,1.267626,-1.570792,-0.261787
4612.577605,sim,1.270774,-0.216424,-2.623403,1.267641,-1.570798,-0.261780
4612.581709,sim,1.270775,-0.216410,-2.623407,1.267621,-1.570795,-0.261783
4612.585653,sim,1.270775,-0.216424,-2.623403,1.267640,-1.570798,-0.261780
4612.589531,sim,1.270774,-0.216408,-2.623408,1.267617,-1.570794,-0.261784
4612.593569,sim,1.270775,-0.216428,-2.623402,1.267647,-1.570799,-0.261778
4612.597683,sim,1.270774,-0.216417,-2.623406,1.267622,-1.570793,-0.261786
4612.601788,sim,1.270775,-0.216434,-2.623401,1.267648,-1.570797,-0.261780
4612.605579,sim,1.270774,-0.216415,-2.623406,1.267624,-1.570794,-0.261784
4612.609571,sim,1.270775,-0.216426,-2.623403,1.267640,-1.570797,-0.261781
4612.613608,sim,1.270775,-0.216411,-2.623406,1.267624,-1.570795,-0.261783
4612.617574,sim,1.270775,-0.216429,-2.623402,1.267644,-1.570798,-0.261780
4612.621634,sim,1.270774,-0.216418,-2.623406,1.267623,-1.570793,-0.261786
4612.625579,sim,1.270773,-0.216427,-2.623402,1.267643,-1.570798,-0.261780
4612.629629,sim,1.270774,-0.216411,-2.623408,1.267618,-1.570794,-0.261785
4612.633638,sim,1.270775,-0.216433,-2.623401,1.267647,-1.570797,-0.261780
4612.637604,sim,1.270774,-0.216414,-2.623406,1.267622,-1.570794,-0.261785
4612.641801,sim,1.270774,-0.216431,-2.623402,1.267645,-1.570797,-0.261781
4612.645628,sim,1.270774,-0.216413,-2.623406,1.267623,-1.570794,-0.261784
4612.649631,sim,1.270775,-0.216423,-2.623403,1.267642,-1.570799,-0.261779
4612.653668,sim,1.270774,-0.216409,-2.623408,1.267615,-1.570794,-0.261785
4612.657640,sim,1.270775,-0.216429,-2.623402,1.267645,-1.570798,-0.261779
4612.661796,sim,1.270773,-0.216415,-2.623407,1.267621,-1.570794,-0.261785
4612.665627,sim,1.270774,-0.216430,-2.623402,1.267643,-1.570797,-0.261781
4612.669614,sim,1.270775,-0.216415,-2.623406,1.267624,-1.570794,-0.261784
4612.673592,sim,1.270774,-0.216424,-2.623404,1.267636,-1.570797,-0.261781
4612.677668,sim,1.270775,-0.216408,-2.623408,1.267618,-1.570795,-0.261783
4612.681836,sim,1.270775,-0.216429,-2.623401,1.267647,-1.570799,-0.261779
4612.685620,sim,1.270773,-0.216416,-2.623406,1.267621,-1.570793,-0.261786
4612.689706,sim,1.270774,-0.216431,-2.623402,1.267645,-1.570797,-0.261780
4612.693725,sim,1.270774,-0.216413,-2.623406,1.267623,-1.570795,-0.261784
4612.697694,sim,1.270776,-0.216429,-2.623402,1.267645,-1.570798,-0.261780
4612.701688,sim,1.270774,-0.216410,-2.623407,1.267619,-1.570794,-0.261784
4612.705646,sim,1.270775,-0.216427,-2.623403,1.267643,-1.570798,-0.261780
4612.709695,sim,1.270775,-0.216418,-2.623405,1.267626,-1.570794,-0.261784
4612.713694,sim,1.270774,-0.216433,-2.623402,1.267643,-1.570796,-0.261782
4612.717588,sim,1.270774,-0.216414,-2.623406,1.267621,-1.570794,-0.261785
4612.721708,sim,1.270774,-0.216431,-2.623402,1.267645,-1.570797,-0.261781
4612.725679,sim,1.270774,-0.216415,-2.623406,1.267622,-1.570794,-0.261785
4612.729704,sim,1.270775,-0.216426,-2.623402,1.267644,-1.570798,-0.261779
4612.733622,sim,1.270774,-0.216409,-2.623408,1.267619,-1.570795,-0.261784
4612.737614,sim,1.270775,-0.216427,-2.623403,1.267643,-1.570821,-0.261780
4612.741964,sim,1.270774,-0.216416,-2.623406,1.267624,-1.570841,-0.261785
4612.745667,sim,1.270774,-0.216428,-2.623402,1.267643,-1.570868,-0.261780
4612.749586,sim,1.270774,-0.216413,-2.623407,1.267621,-1.570887,-0.261785
4612.753621,sim,1.270775,-0.216431,-2.623401,1.267648,-1.570914,-0.261780
4612.757700,sim,1.270773,-0.216412,-2.623408,1.267615,-1.570932,-0.261787
4612.761765,sim,1.270775,-0.216422,-2.623404,1.267641,-1.570962,-0.261779
4612.765642,sim,1.270775,-0.216411,-2.623407,1.267622,-1.570981,-0.261783
4612.769617,sim,1.270775,-0.216429,-2.623402,1.267644,-1.571007,-0.261781
4612.773705,sim,1.270774,-0.216417,-2.623406,1.267624,-1.571026,-0.261785
4612.777633,sim,1.270774,-0.216430,-2.623402,1.267645,-1.571053,-0.261781
4612.781734,sim,1.270774,-0.216415,-2.623406,1.267622,-1.571073,-0.261785
4612.785646,sim,1.270774,-0.216428,-2.623402,1.267644,-1.571100,-0.261780
4612.789708,sim,1.270775,-0.216416,-2.623406,1.267624,-1.571120,-0.261785
4612.793651,sim,1.270774,-0.216430,-2.623402,1.267645,-1.571147,-0.261780
4612.797698,sim,1.270773,-0.216411,-2.623408,1.267615,-1.571165,-0.261787
4612.801711,sim,1.270775,-0.216423,-2.623403,1.267641,-1.571194,-0.261779
4612.805670,sim,1.270775,-0.216409,-2.623407,1.267620,-1.571214,-0.261783
4612.809640,sim,1.270775,-0.216428,-2.623402,1.267644,-1.571240,-0.261780
4612.813646,sim,1.270774,-0.216418,-2.623406,1.267624,-1.571259,-0.261785
4612.817707,sim,1.270774,-0.216433,-2.623401,1.267645,-1.571285,-0.261782
4612.821819,sim,1.270773,-0.216410,-2.623408,1.267618,-1.571306,-0.261785
4612.825771,sim,1.270776,-0.216425,-2.623403,1.267643,-1.571334,-0.261780
4612.829683,sim,1.270774,-0.216411,-2.623407,1.267618,-1.571352,-0.261785
4612.833627,sim,1.270775,-0.216429,-2.623402,1.267645,-1.571380,-0.261780
4612.837694,sim,1.270774,-0.216417,-2.623406,1.267624,-1.571399,-0.261785
4612.841838,sim,1.270775,-0.216432,-2.623401,1.267648,-1.571426,-0.261780
4612.845619,sim,1.270774,-0.216416,-2.623406,1.267621,-1.571421,-0.261787
4612.849655,sim,1.270774,-0.216424,-2.623403,1.267641,-1.571439,-0.261780
4612.853741,sim,1.270775,-0.216410,-2.623407,1.267620,-1.571428,-0.261785
4612.857771,sim,1.270774,-0.216427,-2.623403,1.267641,-1.571405,-0.261783
4612.861749,sim,1.270775,-0.216417,-2.623405,1.267625,-1.571363,-0.261788
4612.865683,sim,1.270774,-0.216430,-2.623402,1.267642,-1.571314,-0.261786
4612.869701,sim,1.270774,-0.216415,-2.623406,1.267621,-1.571251,-0.261791
4612.873639,sim,1.270775,-0.216428,-2.623401,1.267646,-1.571190,-0.261786
4612.877610,sim,1.270775,-0.216412,-2.623406,1.267622,-1.571118,-0.261793
4612.881791,sim,1.270775,-0.216430,-2.623402,1.267645,-1.571052,-0.261791
4612.885719,sim,1.270773,-0.216416,-2.623406,1.267622,-1.570982,-0.261797
4612.889701,sim,1.270773,-0.216426,-2.623403,1.267641,-1.570926,-0.261793
4612.893659,sim,1.270774,-0.216413,-2.623407,1.267620,-1.570922,-0.261798
4612.897678,sim,1.270774,-0.216429,-2.623402,1.267643,-1.570875,-0.261795
4612.901814,sim,1.270775,-0.216414,-2.623406,1.267624,-1.570834,-0.261799
4612.905662,sim,1.270775,-0.216426,-2.623402,1.267644,-1.570809,-0.261795
4612.909678,sim,1.270774,-0.216410,-2.623408,1.267616,-1.570785,-0.261802
4612.913664,sim,1.270775,-0.216428,-2.623402,1.267645,-1.570779,-0.261796
4612.917687,sim,1.270774,-0.216417,-2.623406,1.267622,-1.570771,-0.261803
4612.921795,sim,1.270774,-0.216432,-2.623401,1.267648,-1.570779,-0.261796
4612.925626,sim,1.270774,-0.216414,-2.623407,1.267620,-1.570783,-0.261802
4612.929688,sim,1.270775,-0.216426,-2.623403,1.267641,-1.570787,-0.261797
4612.933678,sim,1.270774,-0.216409,-2.623408,1.267619,-1.570801,-0.261801
4612.937737,sim,1.270775,-0.216430,-2.623401,1.267648,-1.570837,-0.261796
4612.941810,sim,1.270773,-0.216416,-2.623406,1.267622,-1.570878,-0.261802
4612.945677,sim,1.270775,-0.216430,-2.623402,1.267646,-1.570942,-0.261797
4612.949697,sim,1.270773,-0.216413,-2.623407,1.267619,-1.571012,-0.261802
4612.953760,sim,1.270776,-0.216428,-2.623402,1.267646,-1.571104,-0.261796
4612.957733,sim,1.270774,-0.216412,-2.623407,1.267619,-1.571201,-0.261802
4612.961798,sim,1.270775,-0.216429,-2.623402,1.267646,-1.571205,-0.261796
4612.965782,sim,1.270774,-0.216418,-2.623406,1.267623,-1.571322,-0.261802
4612.969790,sim,1.270774,-0.216429,-2.623401,1.267647,-1.571474,-0.261796
4612.973682,sim,1.270773,-0.216413,-2.623407,1.267619,-1.571639,-0.261801
4612.977676,sim,1.270774,-0.216431,-2.623402,1.267645,-1.571834,-0.261797
4612.981843,sim,1.270774,-0.216413,-2.623407,1.267621,-1.572042,-0.261801
4612.985703,sim,1.270774,-0.216428,-2.623402,1.267644,-1.572046,-0.261796
4612.989597,sim,1.270774,-0.216414,-2.623407,1.267621,-1.572282,-0.261801
4612.993636,sim,1.270774,-0.216425,-2.623403,1.267641,-1.572561,-0.261796
4612.997726,sim,1.270775,-0.216409,-2.623407,1.267621,-1.572865,-0.261799
4613.001817,sim,1.270774,-0.216427,-2.623403,1.267643,-1.573199,-0.261796
4613.005667,sim,1.270774,-0.216417,-2.623406,1.267622,-1.573549,-0.261802
4613.009668,sim,1.270774,-0.216432,-2.623401,1.267647,-1.573926,-0.261797
4613.013671,sim,1.270774,-0.216414,-2.623406,1.267622,-1.574309,-0.261801
4613.017662,sim,1.270775,-0.216427,-2.623402,1.267643,-1.574312,-0.261797
4613.021684,sim,1.270774,-0.216411,-2.623407,1.267621,-1.574310,-0.261800
4613.025657,sim,1.270774,-0.216427,-2.623403,1.267641,-1.574354,-0.261797
4613.029738,sim,1.270774,-0.216415,-2.623406,1.267623,-1.574393,-0.261801
4613.033663,sim,1.270774,-0.216430,-2.623402,1.267644,-1.574438,-0.261797
4613.037626,sim,1.270774,-0.216412,-2.623407,1.267618,-1.574476,-0.261802
4613.041880,sim,1.270775,-0.216426,-2.623403,1.267643,-1.574523,-0.261795
4613.045740,sim,1.270774,-0.216410,-2.623407,1.267620,-1.574561,-0.261800
4613.049750,sim,1.270775,-0.216429,-2.623402,1.267646,-1.574564,-0.261796
4613.053705,sim,1.270773,-0.216416,-2.623406,1.267622,-1.574699,-0.261802
4613.057703,sim,1.270774,-0.216431,-2.623402,1.267645,-1.575023,-0.261797
4613.061860,sim,1.270773,-0.216413,-2.623407,1.267619,-1.575495,-0.261802
4613.065709,sim,1.270775,-0.216431,-2.623402,1.267646,-1.576111,-0.261797
4613.069826,sim,1.270774,-0.216414,-2.623406,1.267622,-1.576831,-0.261801
4613.073787,sim,1.270775,-0.216426,-2.623403,1.267641,-1.577648,-0.261797
4613.077758,sim,1.270774,-0.216407,-2.623408,1.267617,-1.577645,-0.261801
4613.081868,sim,1.270774,-0.216425,-2.623403,1.267642,-1.578493,-0.261796
4613.085700,sim,1.270774,-0.216414,-2.623407,1.267620,-1.579318,-0.261802
4613.089706,sim,1.270774,-0.216432,-2.623401,1.267647,-1.580132,-0.261797
4613.093716,sim,1.270775,-0.216416,-2.623406,1.267624,-1.580915,-0.261801
4613.097723,sim,1.270774,-0.216433,-2.623401,1.267646,-1.581677,-0.261798
4613.101810,sim,1.270774,-0.216412,-2.623407,1.267621,-1.582400,-0.261801
4613.105738,sim,1.270774,-0.216424,-2.623404,1.267640,-1.583094,-0.261797
4613.109749,sim,1.270775,-0.216410,-2.623407,1.267622,-1.583092,-0.261800
4613.113799,sim,1.270774,-0.216425,-2.623403,1.267643,-1.583731,-0.261796
4613.117653,sim,1.270774,-0.216418,-2.623406,1.267624,-1.584297,-0.261802
4613.121769,sim,1.270774,-0.216434,-2.623401,1.267645,-1.584811,-0.261798
4613.125796,sim,1.270774,-0.216414,-2.623406,1.267622,-1.585264,-0.261802
4613.129846,sim,1.270775,-0.216433,-2.623401,1.267647,-1.585673,-0.261797
4613.133722,sim,1.270773,-0.216411,-2.623407,1.267618,-1.586028,-0.261803
4613.137728,sim,1.270775,-0.216426,-2.623403,1.267643,-1.586033,-0.261797
4613.142111,sim,1.270775,-0.216412,-2.623406,1.267623,-1.586350,-0.261801
4613.145784,sim,1.270774,-0.216427,-2.623403,1.267642,-1.586640,-0.261798
4613.149697,sim,1.270775,-0.216418,-2.623405,1.267626,-1.586892,-0.261802
4613.153721,sim,1.270773,-0.216432,-2.623402,1.267645,-1.587120,-0.261798
4613.157835,sim,1.270774,-0.216411,-2.623407,1.267619,-1.587314,-0.261802
4613.161847,sim,1.270775,-0.216429,-2.623402,1.267646,-1.587491,-0.261797
4613.165790,sim,1.270774,-0.216414,-2.623407,1.267619,-1.587634,-0.261804
4613.169734,sim,1.270774,-0.216426,-2.623403,1.267642,-1.587766,-0.261797
4613.173775,sim,1.270774,-0.216409,-2.623407,1.267620,-1.587870,-0.261801
4613.177793,sim,1.270775,-0.216430,-2.623402,1.267646,-1.587963,-0.261797
4613.181815,sim,1.270774,-0.216416,-2.623406,1.267624,-1.588034,-0.261802
4613.185719,sim,1.270774,-0.216430,-2.623402,1.267646,-1.588099,-0.261797
4613.189831,sim,1.270773,-0.216411,-2.623408,1.267618,-1.588145,-0.261803
4613.193781,sim,1.270775,-0.216424,-2.623403,1.267641,-1.588149,-0.261797
4613.197776,sim,1.270774,-0.216408,-2.623408,1.267619,-1.588189,-0.261801
4613.201866,sim,1.270774,-0.216425,-2.623404,1.267640,-1.588234,-0.261797
4613.205767,sim,1.270774,-0.216416,-2.623406,1.267623,-1.588270,-0.261802
4613.209748,sim,1.270774,-0.216433,-2.623402,1.267644,-1.588311,-0.261798
4613.213865,sim,1.270775,-0.216415,-2.623405,1.267625,-1.588348,-0.261801
4613.217717,sim,1.270774,-0.216429,-2.623402,1.267645,-1.588392,-0.261797
4613.221901,sim,1.270774,-0.216414,-2.623406,1.267622,-1.588429,-0.261802
4613.225790,sim,1.270774,-0.216426,-2.623403,1.267642,-1.588433,-0.261797
4613.229771,sim,1.270775,-0.216410,-2.623407,1.267619,-1.588481,-0.261803
4613.233738,sim,1.270775,-0.216431,-2.623401,1.267647,-1.588555,-0.261797
4613.237799,sim,1.270774,-0.216418,-2.623405,1.267625,-1.588638,-0.261803
4613.242106,sim,1.270774,-0.216431,-2.623401,1.267646,-1.588747,-0.261798
4613.245704,sim,1.270774,-0.216414,-2.623406,1.267621,-1.588864,-0.261803
4613.249724,sim,1.270775,-0.216418,-2.623403,1.267642,-1.589009,-0.261795
4613.253768,sim,1.270774,-0.216410,-2.623408,1.267615,-1.589153,-0.261804
4613.257734,sim,1.270774,-0.216429,-2.623402,1.267645,-1.589159,-0.261797
4613.262496,sim,1.270774,-0.216418,-2.623406,1.267624,-1.589327,-0.261803
4613.265717,sim,1.270774,-0.216430,-2.623402,1.267645,-1.589530,-0.261798
4613.269780,sim,1.270774,-0.216415,-2.623406,1.267624,-1.589747,-0.261802
4613.273747,sim,1.270773,-0.216427,-2.623403,1.267642,-1.589995,-0.261798
4613.277749,sim,1.270774,-0.216413,-2.623407,1.267621,-1.590254,-0.261803
4613.281796,sim,1.270774,-0.216420,-2.623404,1.267638,-1.590540,-0.261797
4613.285783,sim,1.270776,-0.216413,-2.623406,1.267623,-1.590833,-0.261802
4613.289831,sim,1.270774,-0.216431,-2.623402,1.267644,-1.590835,-0.261798
4613.293817,sim,1.270774,-0.216416,-2.623406,1.267621,-1.591149,-0.261804
4613.297776,sim,1.270775,-0.216431,-2.623401,1.267649,-1.591495,-0.261796
4613.301938,sim,1.270774,-0.216417,-2.623405,1.267624,-1.591852,-0.261803
4613.305802,sim,1.270774,-0.216431,-2.623401,1.267646,-1.592240,-0.261798
4613.309786,sim,1.270773,-0.216411,-2.623407,1.267618,-1.592637,-0.261803
4613.313734,sim,1.270774,-0.216424,-2.623403,1.267641,-1.593061,-0.261797
4613.317736,sim,1.270775,-0.216410,-2.623407,1.267620,-1.593057,-0.261802
4613.321802,sim,1.270774,-0.216428,-2.623403,1.267641,-1.593498,-0.261798
4613.325718,sim,1.270774,-0.216414,-2.623406,1.267622,-1.593956,-0.261803
4613.329756,sim,1.270774,-0.216429,-2.623402,1.267644,-1.594440,-0.261798
4613.333748,sim,1.270774,-0.216414,-2.623407,1.267620,-1.594929,-0.261804
4613.337817,sim,1.270775,-0.216428,-2.623403,1.267642,-1.595439,-0.261798
4613.341882,sim,1.270775,-0.216412,-2.623406,1.267623,-1.595948,-0.261802
4613.345907,sim,1.270775,-0.216431,-2.623401,1.267647,-1.596467,-0.261797
4613.349874,sim,1.270773,-0.216416,-2.623406,1.267620,-1.596462,-0.261804
4613.353865,sim,1.270774,-0.216432,-2.623402,1.267644,-1.596979,-0.261799
4613.357797,sim,1.270774,-0.216427,-2.623404,1.267628,-1.597480,-0.261805
4613.361860,sim,1.270774,-0.216424,-2.623402,1.267646,-1.597988,-0.261795
4613.365814,sim,1.270774,-0.216410,-2.623407,1.267620,-1.598477,-0.261803
4613.369865,sim,1.270775,-0.216422,-2.623404,1.267641,-1.598971,-0.261797
4613.373778,sim,1.270775,-0.216411,-2.623407,1.267623,-1.598967,-0.261802
4613.377783,sim,1.270774,-0.216430,-2.623402,1.267645,-1.599458,-0.261798
4613.381909,sim,1.270774,-0.216416,-2.623406,1.267622,-1.599944,-0.261804
4613.385818,sim,1.270773,-0.216431,-2.623402,1.267642,-1.600437,-0.261799
4613.389710,sim,1.270774,-0.216410,-2.623407,1.267619,-1.600918,-0.261803
4613.393756,sim,1.270775,-0.216426,-2.623403,1.267644,-1.601397,-0.261796
4613.397817,sim,1.270774,-0.216408,-2.623408,1.267617,-1.601854,-0.261803
4613.401810,sim,1.270775,-0.216430,-2.623402,1.267648,-1.602306,-0.261796
4613.405822,sim,1.270774,-0.216415,-2.623406,1.267624,-1.602300,-0.261803
4613.409746,sim,1.270774,-0.216429,-2.623402,1.267644,-1.602721,-0.261798
4613.413776,sim,1.270774,-0.216413,-2.623407,1.267621,-1.603096,-0.261803
4613.417759,sim,1.270774,-0.216427,-2.623403,1.267642,-1.603442,-0.261798
4613.421814,sim,1.270774,-0.216411,-2.623407,1.267620,-1.603747,-0.261803
4613.425717,sim,1.270775,-0.216429,-2.623402,1.267644,-1.604028,-0.261797
4613.429863,sim,1.270775,-0.216413,-2.623406,1.267623,-1.604274,-0.261802
4613.433820,sim,1.270774,-0.216430,-2.623402,1.267645,-1.604500,-0.261798
4613.437756,sim,1.270774,-0.216416,-2.623406,1.267623,-1.604696,-0.261804
4613.441916,sim,1.270774,-0.216432,-2.623402,1.267645,-1.604879,-0.261799
4613.445876,sim,1.270774,-0.216414,-2.623406,1.267622,-1.605036,-0.261804
4613.449804,sim,1.270774,-0.216423,-2.623403,1.267641,-1.605186,-0.261797
4613.453805,sim,1.270775,-0.216411,-2.623407,1.267620,-1.605313,-0.261803
4613.457762,sim,1.270774,-0.216429,-2.623403,1.267644,-1.605439,-0.261798
4613.461950,sim,1.270774,-0.216414,-2.623407,1.267621,-1.605547,-0.261804
4613.465836,sim,1.270774,-0.216434,-2.623401,1.267650,-1.605659,-0.261797
4613.469805,sim,1.270774,-0.216413,-2.623406,1.267622,-1.605655,-0.261803
4613.473867,sim,1.270774,-0.216431,-2.623402,1.267645,-1.605659,-0.261798
4613.477888,sim,1.270774,-0.216412,-2.623407,1.267622,-1.605655,-0.261803
4613.482036,sim,1.270775,-0.216423,-2.623403,1.267642,-1.605660,-0.261797
4613.485774,sim,1.270774,-0.216408,-2.623409,1.267615,-1.605654,-0.261805
4613.489824,sim,1.270774,-0.216429,-2.623402,1.267645,-1.605660,-0.261797
4613.493799,sim,1.270774,-0.216417,-2.623406,1.267624,-1.605654,-0.261804
4613.497771,sim,1.270773,-0.216431,-2.623402,1.267645,-1.605659,-0.261798
4613.501841,sim,1.270774,-0.216411,-2.623407,1.267620,-1.605655,-0.261803
4613.505794,sim,1.270775,-0.216423,-2.623403,1.267642,-1.605660,-0.261797
4613.509781,sim,1.270774,-0.216411,-2.623408,1.267618,-1.605654,-0.261804
4613.513780,sim,1.270774,-0.216430,-2.623402,1.267646,-1.605659,-0.261797
4613.517715,sim,1.270773,-0.216414,-2.623407,1.267621,-1.605655,-0.261804
4613.521770,sim,1.270774,-0.216428,-2.623403,1.267644,-1.605659,-0.261798
4613.525788,sim,1.270775,-0.216415,-2.623406,1.267623,-1.605655,-0.261803
4613.530254,sim,1.270773,-0.216427,-2.623403,1.267642,-1.605659,-0.261798
4613.533762,sim,1.270774,-0.216413,-2.623407,1.267621,-1.605655,-0.261804
4613.537751,sim,1.270774,-0.216426,-2.623403,1.267641,-1.605659,-0.261798
4613.541966,sim,1.270774,-0.216409,-2.623408,1.267619,-1.605656,-0.261803
4613.545889,sim,1.270775,-0.216428,-2.623402,1.267646,-1.605660,-0.261797
4613.549776,sim,1.270774,-0.216417,-2.623406,1.267623,-1.605654,-0.261804
4613.553777,sim,1.270774,-0.216431,-2.623402,1.267646,-1.605659,-0.261798
4613.557888,sim,1.270774,-0.216416,-2.623406,1.267623,-1.605654,-0.261804
4613.561953,sim,1.270774,-0.216425,-2.623403,1.267641,-1.605659,-0.261798
4613.565775,sim,1.270775,-0.216412,-2.623407,1.267621,-1.605655,-0.261803
4613.569793,sim,1.270774,-0.216432,-2.623402,1.267647,-1.605659,-0.261798
4613.573860,sim,1.270773,-0.216416,-2.623406,1.267622,-1.605654,-0.261804
4613.577781,sim,1.270773,-0.216426,-2.623403,1.267642,-1.605659,-0.261798
4613.581828,sim,1.270774,-0.216413,-2.623407,1.267622,-1.605655,-0.261803
4613.585813,sim,1.270774,-0.216427,-2.623403,1.267639,-1.605658,-0.261799
4613.589839,sim,1.270775,-0.216410,-2.623407,1.267621,-1.605656,-0.261802
4613.593865,sim,1.270775,-0.216432,-2.623401,1.267648,-1.605659,-0.261797
4613.597741,sim,1.270772,-0.216412,-2.623407,1.267619,-1.605654,-0.261804
4613.601858,sim,1.270774,-0.216429,-2.623403,1.267643,-1.605659,-0.261798
4613.605851,sim,1.270774,-0.216413,-2.623406,1.267623,-1.605655,-0.261803
4613.609767,sim,1.270775,-0.216427,-2.623402,1.267645,-1.605660,-0.261797
4613.613762,sim,1.270774,-0.216412,-2.623407,1.267619,-1.605654,-0.261804
4613.617723,sim,1.270774,-0.216429,-2.623403,1.267644,-1.605659,-0.261798
4613.621854,sim,1.270774,-0.216416,-2.623406,1.267624,-1.605655,-0.261803
4613.625862,sim,1.270774,-0.216435,-2.623401,1.267648,-1.605658,-0.261799
4613.629791,sim,1.270773,-0.216411,-2.623408,1.267617,-1.605653,-0.261805
4613.633749,sim,1.270775,-0.216426,-2.623403,1.267645,-1.605660,-0.261796
4613.637822,sim,1.270775,-0.216412,-2.623407,1.267622,-1.605655,-0.261803
4613.642126,sim,1.270774,-0.216430,-2.623402,1.267645,-1.605659,-0.261798
4613.645791,sim,1.270773,-0.216415,-2.623406,1.267622,-1.605654,-0.261804
4613.649824,sim,1.270774,-0.216430,-2.623402,1.267645,-1.605659,-0.261798
4613.653846,sim,1.270774,-0.216413,-2.623407,1.267619,-1.605654,-0.261805
4613.657876,sim,1.270774,-0.216426,-2.623403,1.267643,-1.605660,-0.261797
4613.661817,sim,1.270774,-0.216407,-2.623408,1.267617,-1.605655,-0.261803
4613.665772,sim,1.270775,-0.216431,-2.623402,1.267648,-1.605660,-0.261797
4613.669846,sim,1.270773,-0.216416,-2.623406,1.267624,-1.605655,-0.261804
4613.673870,sim,1.270774,-0.216430,-2.623402,1.267643,-1.605658,-0.261799
4613.677749,sim,1.270774,-0.216413,-2.623407,1.267620,-1.605654,-0.261805
4613.681826,sim,1.270774,-0.216431,-2.623402,1.267647,-1.605659,-0.261798
4613.685848,sim,1.270774,-0.216413,-2.623407,1.267622,-1.605655,-0.261803
4613.689796,sim,1.270774,-0.216425,-2.623403,1.267641,-1.605659,-0.261798
4613.693823,sim,1.270774,-0.216407,-2.623408,1.267618,-1.605655,-0.261803
4613.697780,sim,1.270775,-0.216430,-2.623402,1.267645,-1.605659,-0.261798
4613.701945,sim,1.270773,-0.216414,-2.623407,1.267621,-1.605655,-0.261804
4613.705779,sim,1.270774,-0.216431,-2.623402,1.267646,-1.605659,-0.261798
4613.709772,sim,1.270775,-0.216416,-2.623406,1.267625,-1.605655,-0.261803
4613.713792,sim,1.270774,-0.216419,-2.623404,1.267640,-1.605660,-0.261797
4613.717792,sim,1.270774,-0.216410,-2.623408,1.267617,-1.605654,-0.261805
4613.721907,sim,1.270775,-0.216433,-2.623401,1.267649,-1.605660,-0.261797
4613.725853,sim,1.270773,-0.216416,-2.623406,1.267622,-1.605654,-0.261804
4613.729810,sim,1.270774,-0.216428,-2.623402,1.267644,-1.605659,-0.261798
4613.733934,sim,1.270774,-0.216413,-2.623407,1.267621,-1.605655,-0.261804
4613.738223,sim,1.270775,-0.216432,-2.623401,1.267648,-1.605659,-0.261797
4613.742158,sim,1.270773,-0.216415,-2.623407,1.267606,-1.605654,-0.261805
4613.745851,sim,1.270775,-0.216426,-2.623403,1.267615,-1.605660,-0.261797
4613.749834,sim,1.270774,-0.216412,-2.623407,1.267577,-1.605655,-0.261803
4613.753753,sim,1.270774,-0.216431,-2.623402,1.267586,-1.605659,-0.261798
4613.757800,sim,1.270774,-0.216416,-2.623406,1.267551,-1.605655,-0.261804
4613.761872,sim,1.270773,-0.216432,-2.623402,1.267557,-1.605659,-0.261799
4613.765854,sim,1.270773,-0.216410,-2.623408,1.267516,-1.605655,-0.261804
4613.769775,sim,1.270775,-0.216423,-2.623404,1.267524,-1.605660,-0.261797
4613.773851,sim,1.270774,-0.216410,-2.623408,1.267487,-1.605656,-0.261803
4613.777797,sim,1.270774,-0.216429,-2.623403,1.267497,-1.605659,-0.261798
4613.781948,sim,1.270774,-0.216416,-2.623406,1.267464,-1.605656,-0.261803
4613.785815,sim,1.270774,-0.216430,-2.623402,1.267470,-1.605660,-0.261798
4613.789784,sim,1.270773,-0.216410,-2.623408,1.267426,-1.605655,-0.261805
4613.793838,sim,1.270774,-0.216425,-2.623404,1.267435,-1.605660,-0.261798
4613.797823,sim,1.270775,-0.216411,-2.623407,1.267402,-1.605657,-0.261802
4613.801963,sim,1.270774,-0.216429,-2.623403,1.267409,-1.605660,-0.261798
4613.805806,sim,1.270773,-0.216413,-2.623407,1.267371,-1.605656,-0.261804
4613.809846,sim,1.270774,-0.216432,-2.623402,1.267381,-1.605659,-0.261799
4613.813874,sim,1.270774,-0.216412,-2.623407,1.267340,-1.605655,-0.261805
4613.817785,sim,1.270775,-0.216434,-2.623400,1.267358,-1.605661,-0.261797
4613.821884,sim,1.270773,-0.216410,-2.623408,1.267309,-1.605655,-0.261804
4613.825805,sim,1.270775,-0.216423,-2.623404,1.267318,-1.605661,-0.261797
4613.829862,sim,1.270774,-0.216407,-2.623408,1.267281,-1.605657,-0.261803
4613.833833,sim,1.270775,-0.216430,-2.623402,1.267294,-1.605661,-0.261798
4613.837808,sim,1.270774,-0.216418,-2.623405,1.267260,-1.605656,-0.261803
4613.842070,sim,1.270774,-0.216431,-2.623401,1.267265,-1.605660,-0.261798
4613.845953,sim,1.270774,-0.216415,-2.623406,1.267226,-1.605655,-0.261804
4613.849905,sim,1.270774,-0.216431,-2.623402,1.267234,-1.605660,-0.261798
4613.853816,sim,1.270775,-0.216415,-2.623406,1.267199,-1.605657,-0.261803
4613.857814,sim,1.270774,-0.216428,-2.623402,1.267203,-1.605660,-0.261798
4613.861968,sim,1.270774,-0.216408,-2.623408,1.267164,-1.605657,-0.261803
4613.865868,sim,1.270774,-0.216427,-2.623403,1.267174,-1.605661,-0.261798
4613.869823,sim,1.270774,-0.216415,-2.623406,1.267139,-1.605657,-0.261803
4613.874018,sim,1.270775,-0.216432,-2.623401,1.267149,-1.605661,-0.261798
4613.877911,sim,1.270774,-0.216414,-2.623406,1.267108,-1.605656,-0.261804
4613.882092,sim,1.270774,-0.216429,-2.623402,1.267117,-1.605661,-0.261798
4613.885954,sim,1.270773,-0.216410,-2.623408,1.267074,-1.605656,-0.261804
4613.889936,sim,1.270776,-0.216429,-2.623402,1.267089,-1.605662,-0.261797
4613.893869,sim,1.270773,-0.216409,-2.623408,1.267044,-1.605656,-0.261805
4613.897945,sim,1.270775,-0.216430,-2.623402,1.267059,-1.605661,-0.261798
4613.901970,sim,1.270774,-0.216417,-2.623405,1.267025,-1.605658,-0.261803
4613.905883,sim,1.270773,-0.216431,-2.623402,1.267029,-1.605661,-0.261798
4613.909899,sim,1.270774,-0.216411,-2.623407,1.266989,-1.605657,-0.261804
4613.913909,sim,1.270774,-0.216422,-2.623404,1.266996,-1.605663,-0.261797
4613.917817,sim,1.270774,-0.216411,-2.623408,1.266973,-1.605657,-0.261804
4613.921948,sim,1.270774,-0.216430,-2.623402,1.266992,-1.605663,-0.261797
4613.925894,sim,1.270774,-0.216416,-2.623406,1.266973,-1.605661,-0.261804
4613.929939,sim,1.270774,-0.216429,-2.623402,1.267006,-1.605670,-0.261798
4613.933862,sim,1.270774,-0.216413,-2.623406,1.267001,-1.605671,-0.261803
4613.937836,sim,1.270774,-0.216428,-2.623403,1.267042,-1.605680,-0.261798
4613.942116,sim,1.270775,-0.216411,-2.623407,1.267040,-1.605683,-0.261804
4613.945920,sim,1.270774,-0.216429,-2.623402,1.267086,-1.605695,-0.261797
4613.949879,sim,1.270774,-0.216414,-2.623406,1.267063,-1.605691,-0.261803
4613.953837,sim,1.270775,-0.216432,-2.623401,1.267092,-1.605701,-0.261798
4613.957856,sim,1.270774,-0.216414,-2.623407,1.267047,-1.605702,-0.261805
4613.961988,sim,1.270774,-0.216432,-2.623402,1.267035,-1.605712,-0.261799
4613.965854,sim,1.270774,-0.216413,-2.623406,1.266953,-1.605713,-0.261804
4613.969875,sim,1.270774,-0.216426,-2.623402,1.266898,-1.605722,-0.261797
4613.973981,sim,1.270774,-0.216408,-2.623407,1.266874,-1.605718,-0.261803
4613.977911,sim,1.270774,-0.216428,-2.623402,1.266797,-1.605725,-0.261798
4613.981953,sim,1.270774,-0.216415,-2.623406,1.266650,-1.605723,-0.261804
4613.985879,sim,1.270774,-0.216433,-2.623401,1.266521,-1.605729,-0.261799
4613.989930,sim,1.270774,-0.216413,-2.623406,1.266327,-1.605727,-0.261804
4613.993914,sim,1.270775,-0.216423,-2.623403,1.266159,-1.605733,-0.261797
4613.997931,sim,1.270774,-0.216409,-2.623408,1.265933,-1.605730,-0.261804
4614.001949,sim,1.270774,-0.216426,-2.623404,1.265743,-1.605734,-0.261799
4614.005981,sim,1.270774,-0.216414,-2.623406,1.265727,-1.605731,-0.261803
4614.010029,sim,1.270775,-0.216436,-2.623400,1.265530,-1.605734,-0.261799
4614.013889,sim,1.270774,-0.216416,-2.623406,1.265504,-1.605730,-0.261804
4614.017892,sim,1.270775,-0.216416,-2.623404,1.265487,-1.605738,-0.261795
4614.022093,sim,1.270774,-0.216414,-2.623408,1.265427,-1.605728,-0.261807
4614.026057,sim,1.270773,-0.216431,-2.623402,1.265419,-1.605734,-0.261799
4614.029944,sim,1.270774,-0.216411,-2.623407,1.265362,-1.605731,-0.261803
4614.033891,sim,1.270775,-0.216425,-2.623403,1.265347,-1.605735,-0.261798
4614.037924,sim,1.270775,-0.216412,-2.623406,1.265329,-1.605731,-0.261803
4614.042190,sim,1.270775,-0.216428,-2.623402,1.265258,-1.605735,-0.261798
4614.045900,sim,1.270773,-0.216414,-2.623407,1.265037,-1.605730,-0.261804
4614.049913,sim,1.270774,-0.216431,-2.623402,1.264772,-1.605734,-0.261799
4614.053984,sim,1.270775,-0.216416,-2.623405,1.264385,-1.605731,-0.261803
4614.057901,sim,1.270774,-0.216425,-2.623403,1.263966,-1.605734,-0.261798
4614.062035,sim,1.270774,-0.216409,-2.623408,1.263453,-1.605730,-0.261804
4614.065918,sim,1.270774,-0.216429,-2.623402,1.263480,-1.605734,-0.261798
4614.069936,sim,1.270775,-0.216419,-2.623405,1.262953,-1.605729,-0.261804
4614.073865,sim,1.270774,-0.216436,-2.623400,1.262472,-1.605733,-0.261798
4614.077844,sim,1.270774,-0.216413,-2.623407,1.261946,-1.605728,-0.261805
4614.081946,sim,1.270774,-0.216430,-2.623402,1.261489,-1.605734,-0.261798
4614.085942,sim,1.270774,-0.216412,-2.623407,1.260994,-1.605730,-0.261804
4614.089864,sim,1.270775,-0.216427,-2.623403,1.260562,-1.605734,-0.261798
4614.093842,sim,1.270774,-0.216409,-2.623407,1.260107,-1.605730,-0.261803
4614.097922,sim,1.270775,-0.216430,-2.623402,1.260134,-1.605734,-0.261798
4614.102120,sim,1.270773,-0.216415,-2.623407,1.259706,-1.605729,-0.261805
4614.105990,sim,1.270774,-0.216431,-2.623402,1.259366,-1.605733,-0.261799
4614.109865,sim,1.270774,-0.216412,-2.623407,1.259014,-1.605729,-0.261804
4614.113933,sim,1.270775,-0.216432,-2.623402,1.258744,-1.605733,-0.261798
4614.117881,sim,1.270774,-0.216413,-2.623406,1.258453,-1.605729,-0.261804
4614.122007,sim,1.270775,-0.216426,-2.623403,1.258233,-1.605733,-0.261798
4614.125899,sim,1.270775,-0.216410,-2.623407,1.257997,-1.605730,-0.261802
4614.129922,sim,1.270775,-0.216430,-2.623402,1.258020,-1.605733,-0.261798
4614.134039,sim,1.270774,-0.216418,-2.623405,1.257806,-1.605729,-0.261804
4614.137890,sim,1.270774,-0.216434,-2.623401,1.257653,-1.605732,-0.261799
4614.142081,sim,1.270774,-0.216414,-2.623406,1.257474,-1.605729,-0.261804
4614.145930,sim,1.270774,-0.216432,-2.623402,1.257359,-1.605732,-0.261799
4614.149920,sim,1.270774,-0.216411,-2.623407,1.257210,-1.605728,-0.261805
4614.153967,sim,1.270775,-0.216422,-2.623404,1.257125,-1.605734,-0.261798
4614.157925,sim,1.270774,-0.216408,-2.623408,1.257010,-1.605729,-0.261804
4614.162011,sim,1.270775,-0.216429,-2.623402,1.256958,-1.605733,-0.261797
4614.165907,sim,1.270774,-0.216416,-2.623406,1.256868,-1.605728,-0.261804
4614.171539,sim,1.270774,-0.216431,-2.623402,1.256831,-1.605732,-0.261799
4614.173950,sim,1.270775,-0.216415,-2.623406,1.256759,-1.605728,-0.261804
4614.177917,sim,1.270774,-0.216426,-2.623403,1.256737,-1.605733,-0.261798
4614.182151,sim,1.270774,-0.216407,-2.623408,1.256679,-1.605730,-0.261803
4614.185950,sim,1.270775,-0.216429,-2.623403,1.256674,-1.605733,-0.261798
4614.189915,sim,1.270774,-0.216416,-2.623406,1.256654,-1.605728,-0.261804
4614.193912,sim,1.270774,-0.216429,-2.623403,1.256646,-1.605733,-0.261798
4614.197926,sim,1.270775,-0.216415,-2.623406,1.256594,-1.605728,-0.261804
4614.202058,sim,1.270774,-0.216431,-2.623402,1.256582,-1.605732,-0.261799
4614.205912,sim,1.270774,-0.216414,-2.623407,1.256520,-1.605728,-0.261804
4614.209900,sim,1.270774,-0.216423,-2.623404,1.256497,-1.605733,-0.261798
4614.214012,sim,1.270775,-0.216411,-2.623408,1.256428,-1.605728,-0.261804
4614.217883,sim,1.270774,-0.216430,-2.623403,1.256399,-1.605732,-0.261799
4614.221895,sim,1.270774,-0.216416,-2.623407,1.256377,-1.605727,-0.261805
4614.225924,sim,1.270774,-0.216422,-2.623404,1.256330,-1.605733,-0.261797
4614.229993,sim,1.270774,-0.216408,-2.623408,1.256223,-1.605729,-0.261803
4614.233938,sim,1.270775,-0.216432,-2.623402,1.256143,-1.605731,-0.261800
4614.237881,sim,1.270774,-0.216417,-2.623405,1.256000,-1.605728,-0.261804
4614.242077,sim,1.270774,-0.216434,-2.623401,1.255880,-1.605731,-0.261799
4614.245959,sim,1.270774,-0.216413,-2.623407,1.255853,-1.605727,-0.261805
4614.249887,sim,1.270774,-0.216431,-2.623402,1.255713,-1.605732,-0.261798
4614.253923,sim,1.270775,-0.216415,-2.623405,1.255492,-1.605728,-0.261803
4614.257989,sim,1.270774,-0.216426,-2.623403,1.255283,-1.605731,-0.261798
4614.262093,sim,1.270775,-0.216411,-2.623407,1.255008,-1.605727,-0.261804
4614.265923,sim,1.270775,-0.216429,-2.623402,1.254762,-1.605732,-0.261798
4614.269950,sim,1.270774,-0.216417,-2.623405,1.254450,-1.605727,-0.261804
4614.274090,sim,1.270774,-0.216430,-2.623402,1.254166,-1.605731,-0.261799
4614.277978,sim,1.270774,-0.216413,-2.623407,1.254142,-1.605727,-0.261804
4614.282098,sim,1.270775,-0.216416,-2.623404,1.253843,-1.605734,-0.261795
4614.285962,sim,1.270775,-0.216418,-2.623406,1.253492,-1.605726,-0.261805
4614.289859,sim,1.270773,-0.216433,-2.623402,1.253162,-1.605729,-0.261800
4614.293991,sim,1.270774,-0.216412,-2.623407,1.252776,-1.605727,-0.261804
4614.297956,sim,1.270775,-0.216424,-2.623403,1.252421,-1.605732,-0.261797
4614.302011,sim,1.270774,-0.216410,-2.623407,1.252006,-1.605727,-0.261804
4614.305869,sim,1.270774,-0.216428,-2.623403,1.251628,-1.605731,-0.261799
4614.310021,sim,1.270774,-0.216416,-2.623406,1.251610,-1.605727,-0.261804
4614.313920,sim,1.270773,-0.216429,-2.623403,1.251210,-1.605730,-0.261799
4614.317851,sim,1.270774,-0.216413,-2.623407,1.250751,-1.605726,-0.261804
4614.321954,sim,1.270774,-0.216426,-2.623403,1.250317,-1.605730,-0.261799
4614.326053,sim,1.270775,-0.216410,-2.623407,1.249829,-1.605728,-0.261803
4614.329902,sim,1.270774,-0.216427,-2.623403,1.249365,-1.605730,-0.261799
4614.333918,sim,1.270775,-0.216417,-2.623405,1.249350,-1.605727,-0.261803
4614.338168,sim,1.270774,-0.216430,-2.623402,1.248865,-1.605730,-0.261799
4614.342379,sim,1.270774,-0.216415,-2.623406,1.248313,-1.605726,-0.261804
4614.346025,sim,1.270775,-0.216431,-2.623401,1.247788,-1.605730,-0.261798
4614.349943,sim,1.270774,-0.216416,-2.623406,1.247198,-1.605725,-0.261804
4614.354259,sim,1.270774,-0.216425,-2.623403,1.246641,-1.605730,-0.261799
4614.357982,sim,1.270775,-0.216411,-2.623407,1.246045,-1.605727,-0.261803
4614.362071,sim,1.270774,-0.216429,-2.623402,1.245490,-1.605730,-0.261799
4614.365882,sim,1.270773,-0.216415,-2.623407,1.244895,-1.605725,-0.261805
4614.369924,sim,1.270775,-0.216433,-2.623401,1.244924,-1.605730,-0.261798
4614.373949,sim,1.270773,-0.216413,-2.623407,1.244352,-1.605724,-0.261805
4614.377989,sim,1.270774,-0.216429,-2.623402,1.243881,-1.605730,-0.261798
4614.382112,sim,1.270774,-0.216412,-2.623407,1.243396,-1.605725,-0.261805
4614.385929,sim,1.270774,-0.216425,-2.623404,1.242996,-1.605729,-0.261799
4614.390061,sim,1.270774,-0.216407,-2.623408,1.242585,-1.605726,-0.261804
4614.393997,sim,1.270775,-0.216427,-2.623402,1.242257,-1.605731,-0.261797
4614.397941,sim,1.270774,-0.216417,-2.623406,1.241906,-1.605726,-0.261803
4614.401980,sim,1.270774,-0.216431,-2.623402,1.241925,-1.605729,-0.261799
4614.405993,sim,1.270774,-0.216412,-2.623407,1.241597,-1.605726,-0.261803
4614.410023,sim,1.270774,-0.216425,-2.623403,1.241334,-1.605729,-0.261798
4614.413941,sim,1.270775,-0.216409,-2.623407,1.241053,-1.605726,-0.261803
4614.417903,sim,1.270775,-0.216431,-2.623402,1.240839,-1.605729,-0.261798
4614.422058,sim,1.270774,-0.216417,-2.623406,1.240593,-1.605724,-0.261805
4614.425942,sim,1.270774,-0.216429,-2.623403,1.240410,-1.605729,-0.261799
4614.429922,sim,1.270774,-0.216413,-2.623407,1.240200,-1.605724,-0.261805
4614.433928,sim,1.270774,-0.216425,-2.623403,1.240052,-1.605730,-0.261797
4614.437998,sim,1.270775,-0.216410,-2.623407,1.239875,-1.605726,-0.261802
4614.442297,sim,1.270775,-0.216431,-2.623401,1.239757,-1.605729,-0.261798
4614.445921,sim,1.270773,-0.216416,-2.623407,1.239599,-1.605724,-0.261805
4614.449988,sim,1.270774,-0.216432,-2.623402,1.239503,-1.605728,-0.261799
4614.453995,sim,1.270774,-0.216413,-2.623407,1.239368,-1.605725,-0.261804
4614.458031,sim,1.270775,-0.216427,-2.623403,1.239290,-1.605729,-0.261797
4614.462055,sim,1.270774,-0.216408,-2.623408,1.239168,-1.605725,-0.261803
4614.465968,sim,1.270775,-0.216428,-2.623403,1.239194,-1.605729,-0.261798
4614.470040,sim,1.270775,-0.216419,-2.623405,1.239179,-1.605725,-0.261802
4614.474023,sim,1.270773,-0.216433,-2.623402,1.239195,-1.605727,-0.261800
4614.477984,sim,1.270774,-0.216414,-2.623407,1.239171,-1.605724,-0.261805
4614.482046,sim,1.270774,-0.216425,-2.623403,1.239193,-1.605729,-0.261797
4614.486051,sim,1.270775,-0.216411,-2.623407,1.239169,-1.605724,-0.261804
4614.490022,sim,1.270774,-0.216429,-2.623402,1.239196,-1.605729,-0.261797
4614.493995,sim,1.270773,-0.216413,-2.623407,1.239171,-1.605724,-0.261804
4614.497948,sim,1.270775,-0.216433,-2.623402,1.239198,-1.605728,-0.261798
4614.502156,sim,1.270774,-0.216415,-2.623406,1.239173,-1.605724,-0.261804
4614.505998,sim,1.270774,-0.216431,-2.623402,1.239195,-1.605728,-0.261799
4614.509962,sim,1.270774,-0.216413,-2.623407,1.239170,-1.605724,-0.261805
4614.513970,sim,1.270775,-0.216427,-2.623403,1.239193,-1.605729,-0.261798
4614.518035,sim,1.270775,-0.216411,-2.623407,1.239171,-1.605725,-0.261803
4614.522125,sim,1.270775,-0.216429,-2.623402,1.239197,-1.605729,-0.261797
4614.525956,sim,1.270773,-0.216414,-2.623407,1.239172,-1.605724,-0.261804
4614.529911,sim,1.270774,-0.216429,-2.623402,1.239195,-1.605729,-0.261798
4614.533995,sim,1.270774,-0.216415,-2.623407,1.239170,-1.605723,-0.261805
4614.538008,sim,1.270774,-0.216426,-2.623403,1.239193,-1.605729,-0.261797
4614.542111,sim,1.270774,-0.216409,-2.623408,1.239170,-1.605725,-0.261803
4614.545984,sim,1.270774,-0.216428,-2.623403,1.239194,-1.605729,-0.261798
4614.550021,sim,1.270774,-0.216417,-2.623406,1.239175,-1.605724,-0.261804
4614.554103,sim,1.270774,-0.216430,-2.623402,1.239195,-1.605728,-0.261798
4614.557997,sim,1.270774,-0.216416,-2.623406,1.239173,-1.605724,-0.261805
4614.562076,sim,1.270775,-0.216425,-2.623403,1.239194,-1.605729,-0.261797
4614.566042,sim,1.270774,-0.216412,-2.623407,1.239170,-1.605724,-0.261804
4614.570014,sim,1.270774,-0.216430,-2.623402,1.239196,-1.605729,-0.261798
4614.573980,sim,1.270773,-0.216416,-2.623406,1.239172,-1.605724,-0.261805
4614.578025,sim,1.270774,-0.216429,-2.623402,1.239197,-1.605729,-0.261797
4614.582164,sim,1.270774,-0.216415,-2.623407,1.239170,-1.605723,-0.261805
4614.586007,sim,1.270775,-0.216428,-2.623402,1.239195,-1.605729,-0.261797
4614.589944,sim,1.270774,-0.216410,-2.623407,1.239170,-1.605725,-0.261803
4614.594031,sim,1.270774,-0.216429,-2.623403,1.239193,-1.605728,-0.261798
4614.598093,sim,1.270773,-0.216414,-2.623407,1.239171,-1.605724,-0.261804
4614.602085,sim,1.270775,-0.216432,-2.623402,1.239196,-1.605728,-0.261799
4614.605992,sim,1.270774,-0.216414,-2.623406,1.239172,-1.605724,-0.261804
4614.610011,sim,1.270774,-0.216431,-2.623402,1.239196,-1.605728,-0.261798
4614.614153,sim,1.270774,-0.216415,-2.623406,1.239173,-1.605724,-0.261804
4614.618030,sim,1.270775,-0.216423,-2.623403,1.239194,-1.605730,-0.261796
4614.622133,sim,1.270774,-0.216411,-2.623407,1.239169,-1.605724,-0.261804
4614.625979,sim,1.270774,-0.216429,-2.623402,1.239196,-1.605729,-0.261797
4614.630053,sim,1.270773,-0.216415,-2.623407,1.239170,-1.605723,-0.261805
4614.634039,sim,1.270775,-0.216434,-2.623401,1.239199,-1.605729,-0.261798
4614.638049,sim,1.270773,-0.216412,-2.623407,1.239168,-1.605723,-0.261805
4614.642118,sim,1.270775,-0.216426,-2.623403,1.239194,-1.605729,-0.261797
4614.646020,sim,1.270774,-0.216410,-2.623407,1.239171,-1.605725,-0.261803
4614.650106,sim,1.270774,-0.216429,-2.623403,1.239194,-1.605728,-0.261798
4614.653988,sim,1.270774,-0.216416,-2.623406,1.239172,-1.605724,-0.261805
4614.658049,sim,1.270774,-0.216423,-2.623404,1.239191,-1.605729,-0.261798
4614.662195,sim,1.270774,-0.216410,-2.623408,1.239170,-1.605725,-0.261803
4614.666091,sim,1.270774,-0.216429,-2.623403,1.239194,-1.605729,-0.261798
4614.670054,sim,1.270774,-0.216416,-2.623406,1.239174,-1.605725,-0.261803
4614.673994,sim,1.270775,-0.216434,-2.623401,1.239198,-1.605728,-0.261799
4614.678078,sim,1.270774,-0.216415,-2.623406,1.239173,-1.605724,-0.261804
4614.682231,sim,1.270774,-0.216429,-2.623402,1.239195,-1.605729,-0.261798
4614.686036,sim,1.270775,-0.216416,-2.623406,1.239175,-1.605724,-0.261803
4614.690192,sim,1.270775,-0.216416,-2.623405,1.239189,-1.605731,-0.261796
4614.694172,sim,1.270774,-0.216415,-2.623408,1.239169,-1.605723,-0.261805
4614.698064,sim,1.270774,-0.216429,-2.623403,1.239193,-1.605728,-0.261798
4614.702082,sim,1.270775,-0.216419,-2.623405,1.239179,-1.605725,-0.261803
4614.706188,sim,1.270773,-0.216434,-2.623402,1.239195,-1.605727,-0.261800
4614.710039,sim,1.270774,-0.216413,-2.623407,1.239171,-1.605725,-0.261803
4614.714083,sim,1.270774,-0.216426,-2.623403,1.239194,-1.605729,-0.261798
4614.717941,sim,1.270774,-0.216414,-2.623407,1.239172,-1.605724,-0.261804
4614.722078,sim,1.270774,-0.216424,-2.623404,1.239191,-1.605729,-0.261798
4614.726108,sim,1.270775,-0.216412,-2.623407,1.239169,-1.605724,-0.261804
4614.730062,sim,1.270774,-0.216430,-2.623402,1.239196,-1.605729,-0.261798
4614.733991,sim,1.270774,-0.216416,-2.623406,1.239174,-1.605724,-0.261804
4614.738051,sim,1.270773,-0.216427,-2.623403,1.239192,-1.605728,-0.261798
4614.742268,sim,1.270775,-0.216416,-2.623406,1.239175,-1.605725,-0.261803
4614.746020,sim,1.270774,-0.216424,-2.623403,1.239192,-1.605729,-0.261797
4614.749954,sim,1.270775,-0.216412,-2.623407,1.239172,-1.605725,-0.261803
4614.754031,sim,1.270775,-0.216432,-2.623402,1.239197,-1.605728,-0.261798
4614.758017,sim,1.270774,-0.216417,-2.623406,1.239175,-1.605724,-0.261804
4614.762133,sim,1.270774,-0.216432,-2.623402,1.239196,-1.605728,-0.261799
4614.766012,sim,1.270775,-0.216416,-2.623406,1.239174,-1.605724,-0.261804
4614.769967,sim,1.270774,-0.216430,-2.623402,1.239196,-1.605728,-0.261798
4614.773993,sim,1.270773,-0.216412,-2.623408,1.239167,-1.605723,-0.261805
4614.777967,sim,1.270775,-0.216426,-2.623403,1.239195,-1.605730,-0.261797
4614.781999,sim,1.270774,-0.216411,-2.623407,1.239171,-1.605725,-0.261803
4614.785948,sim,1.270774,-0.216427,-2.623403,1.239194,-1.605729,-0.261798
4614.790032,sim,1.270774,-0.216417,-2.623406,1.239175,-1.605725,-0.261804
4614.794062,sim,1.270773,-0.216432,-2.623402,1.239193,-1.605727,-0.261800
4614.798053,sim,1.270774,-0.216413,-2.623407,1.239171,-1.605725,-0.261803
4614.802056,sim,1.270775,-0.216426,-2.623403,1.239194,-1.605729,-0.261797
4614.806100,sim,1.270774,-0.216411,-2.623407,1.239169,-1.605724,-0.261804
4614.810000,sim,1.270774,-0.216429,-2.623403,1.239193,-1.605728,-0.261798
4614.814022,sim,1.270773,-0.216413,-2.623407,1.239171,-1.605724,-0.261804
4614.818083,sim,1.270774,-0.216429,-2.623403,1.239194,-1.605729,-0.261798
4614.822104,sim,1.270774,-0.216414,-2.623407,1.239169,-1.605723,-0.261805
4614.826050,sim,1.270775,-0.216428,-2.623403,1.239193,-1.605728,-0.261798
4614.830015,sim,1.270774,-0.216411,-2.623407,1.239171,-1.605725,-0.261803
4614.834030,sim,1.270775,-0.216429,-2.623402,1.239196,-1.605729,-0.261797
4614.838105,sim,1.270774,-0.216415,-2.623407,1.239172,-1.605724,-0.261804
4614.842215,sim,1.270774,-0.216432,-2.623402,1.239198,-1.605729,-0.261797
4614.845955,sim,1.270774,-0.216415,-2.623406,1.239174,-1.605724,-0.261803
4614.850018,sim,1.270774,-0.216428,-2.623402,1.239195,-1.605729,-0.261798
4614.854056,sim,1.270774,-0.216414,-2.623407,1.239172,-1.605724,-0.261804
4614.858060,sim,1.270775,-0.216425,-2.623403,1.239192,-1.605729,-0.261798
4614.862127,sim,1.270775,-0.216412,-2.623407,1.239171,-1.605725,-0.261803
4614.866044,sim,1.270774,-0.216429,-2.623403,1.239194,-1.605728,-0.261798
4614.870039,sim,1.270774,-0.216417,-2.623406,1.239175,-1.605724,-0.261804
4614.874014,sim,1.270775,-0.216432,-2.623401,1.239198,-1.605728,-0.261798
4614.878087,sim,1.270774,-0.216415,-2.623406,1.239173,-1.605724,-0.261804
4614.882069,sim,1.270774,-0.216427,-2.623403,1.239191,-1.605728,-0.261799
4614.886039,sim,1.270774,-0.216410,-2.623407,1.239171,-1.605725,-0.261803
4614.890015,sim,1.270774,-0.216427,-2.623403,1.239192,-1.605729,-0.261798
4614.894014,sim,1.270774,-0.216415,-2.623407,1.239172,-1.605724,-0.261804
4614.897996,sim,1.270774,-0.216430,-2.623403,1.239194,-1.605728,-0.261799
4614.902225,sim,1.270774,-0.216413,-2.623407,1.239170,-1.605724,-0.261805
4614.905993,sim,1.270774,-0.216425,-2.623403,1.239193,-1.605729,-0.261797
4614.910049,sim,1.270775,-0.216410,-2.623407,1.239171,-1.605725,-0.261803
4614.913981,sim,1.270775,-0.216430,-2.623402,1.239196,-1.605729,-0.261798
4614.918063,sim,1.270774,-0.216416,-2.623406,1.239174,-1.605724,-0.261804
4614.922117,sim,1.270774,-0.216430,-2.623402,1.239195,-1.605729,-0.261798
4614.926040,sim,1.270774,-0.216416,-2.623406,1.239171,-1.605723,-0.261805
4614.930019,sim,1.270774,-0.216428,-2.623403,1.239194,-1.605729,-0.261798
4614.934068,sim,1.270775,-0.216412,-2.623423,1.239172,-1.605725,-0.261804
4614.938154,sim,1.270774,-0.216429,-2.623435,1.239195,-1.605728,-0.261798
4614.942207,sim,1.270774,-0.216416,-2.623454,1.239175,-1.605724,-0.261803
4614.946057,sim,1.270774,-0.216429,-2.623467,1.239195,-1.605729,-0.261798
4614.950117,sim,1.270774,-0.216415,-2.623487,1.239171,-1.605723,-0.261805
4614.954071,sim,1.270775,-0.216428,-2.623498,1.239196,-1.605729,-0.261797
4614.958079,sim,1.270774,-0.216411,-2.623519,1.239171,-1.605725,-0.261803
4614.962100,sim,1.270774,-0.216427,-2.623532,1.239192,-1.605728,-0.261799
4614.966087,sim,1.270775,-0.216418,-2.623550,1.239177,-1.605725,-0.261803
4614.970082,sim,1.270774,-0.216431,-2.623562,1.239196,-1.605728,-0.261798
4614.974075,sim,1.270774,-0.216415,-2.623583,1.239173,-1.605724,-0.261804
4614.978033,sim,1.270775,-0.216428,-2.623595,1.239193,-1.605728,-0.261799
4614.982140,sim,1.270774,-0.216410,-2.623616,1.239168,-1.605724,-0.261804
4614.986106,sim,1.270775,-0.216430,-2.623627,1.239196,-1.605729,-0.261797
4614.990044,sim,1.270773,-0.216416,-2.623647,1.239172,-1.605723,-0.261805
4614.994048,sim,1.270774,-0.216433,-2.623658,1.239198,-1.605728,-0.261798
4614.998118,sim,1.270773,-0.216411,-2.623681,1.239167,-1.605723,-0.261805
4615.002223,sim,1.270775,-0.216432,-2.623691,1.239199,-1.605729,-0.261797
4615.006069,sim,1.270774,-0.216415,-2.623712,1.239171,-1.605723,-0.261805
4615.010036,sim,1.270775,-0.216424,-2.623724,1.239194,-1.605729,-0.261796
4615.014076,sim,1.270774,-0.216409,-2.623745,1.239167,-1.605723,-0.261805
4615.018054,sim,1.270774,-0.216428,-2.623756,1.239195,-1.605729,-0.261797
4615.022094,sim,1.270774,-0.216416,-2.623775,1.239174,-1.605724,-0.261803
4615.026041,sim,1.270775,-0.216434,-2.623787,1.239198,-1.605727,-0.261798
4615.030096,sim,1.270774,-0.216415,-2.623807,1.239173,-1.605723,-0.261804
4615.034093,sim,1.270775,-0.216415,-2.623822,1.239188,-1.605730,-0.261796
4615.038031,sim,1.270774,-0.216416,-2.623840,1.239172,-1.605723,-0.261805
4615.042232,sim,1.270774,-0.216430,-2.623852,1.239196,-1.605728,-0.261798
4615.046121,sim,1.270773,-0.216416,-2.623872,1.239171,-1.605722,-0.261805
4615.050065,sim,1.270774,-0.216432,-2.623884,1.239194,-1.605726,-0.261799
4615.054071,sim,1.270774,-0.216413,-2.623904,1.239174,-1.605724,-0.261802
4615.058097,sim,1.270774,-0.216427,-2.623901,1.239194,-1.605728,-0.261798
4615.062204,sim,1.270774,-0.216413,-2.623913,1.239169,-1.605723,-0.261805
4615.066124,sim,1.270775,-0.216427,-2.623900,1.239193,-1.605727,-0.261797
4615.070109,sim,1.270774,-0.216409,-2.623884,1.239168,-1.605723,-0.261803
4615.074140,sim,1.270774,-0.216426,-2.623849,1.239187,-1.605726,-0.261798
4615.078094,sim,1.270774,-0.216415,-2.623811,1.239167,-1.605721,-0.261803
4615.082095,sim,1.270774,-0.216432,-2.623759,1.239186,-1.605723,-0.261799
4615.086048,sim,1.270774,-0.216414,-2.623763,1.239166,-1.605721,-0.261802
4615.089963,sim,1.270774,-0.216430,-2.623712,1.239184,-1.605723,-0.261799
4615.094102,sim,1.270774,-0.216414,-2.623674,1.239160,-1.605719,-0.261803
4615.098065,sim,1.270775,-0.216423,-2.623634,1.239177,-1.605723,-0.261798
4615.102108,sim,1.270774,-0.216410,-2.623606,1.239153,-1.605718,-0.261804
4615.105994,sim,1.270775,-0.216430,-2.623573,1.239176,-1.605720,-0.261799
4615.110037,sim,1.270774,-0.216417,-2.623553,1.239155,-1.605716,-0.261804
4615.114167,sim,1.270774,-0.216425,-2.623533,1.239171,-1.605720,-0.261799
4615.117996,sim,1.270774,-0.216408,-2.623537,1.239148,-1.605717,-0.261803
4615.122330,sim,1.270775,-0.216431,-2.623519,1.239178,-1.605721,-0.261797
4615.126096,sim,1.270774,-0.216418,-2.623517,1.239155,-1.605715,-0.261804
4615.130288,sim,1.270774,-0.216432,-2.623516,1.239174,-1.605718,-0.261799
4615.134066,sim,1.270774,-0.216413,-2.623528,1.239150,-1.605715,-0.261804
4615.138104,sim,1.270775,-0.216432,-2.623537,1.239175,-1.605719,-0.261798
4615.142350,sim,1.270774,-0.216414,-2.623560,1.239149,-1.605714,-0.261805
4615.146080,sim,1.270774,-0.216426,-2.623580,1.239170,-1.605718,-0.261799
4615.150021,sim,1.270775,-0.216411,-2.623584,1.239152,-1.605716,-0.261802
4615.154131,sim,1.270774,-0.216429,-2.623619,1.239173,-1.605718,-0.261798
4615.158224,sim,1.270773,-0.216416,-2.623662,1.239149,-1.605713,-0.261805
4615.162227,sim,1.270774,-0.216423,-2.623698,1.239171,-1.605720,-0.261797
4615.166142,sim,1.270774,-0.216410,-2.623741,1.239147,-1.605714,-0.261804
4615.170118,sim,1.270775,-0.216430,-2.623775,1.239174,-1.605718,-0.261798
4615.174192,sim,1.270774,-0.216417,-2.623778,1.239153,-1.605714,-0.261804
4615.178175,sim,1.270774,-0.216427,-2.623824,1.239172,-1.605719,-0.261798
4615.182143,sim,1.270774,-0.216414,-2.623896,1.239151,-1.605714,-0.261804
4615.186112,sim,1.270774,-0.216424,-2.623978,1.239170,-1.605718,-0.261798
4615.190109,sim,1.270775,-0.216412,-2.624081,1.239153,-1.605715,-0.261803
4615.194175,sim,1.270774,-0.216429,-2.624190,1.239174,-1.605718,-0.261798
4615.198132,sim,1.270774,-0.216416,-2.624319,1.239154,-1.605713,-0.261804
4615.202184,sim,1.270774,-0.216432,-2.624450,1.239177,-1.605717,-0.261799
4615.206138,sim,1.270774,-0.216413,-2.624454,1.239153,-1.605714,-0.261804
4615.210120,sim,1.270775,-0.216423,-2.624597,1.239173,-1.605718,-0.261798
4615.214142,sim,1.270774,-0.216409,-2.624759,1.239151,-1.605714,-0.261804
4615.218088,sim,1.270774,-0.216428,-2.624924,1.239177,-1.605717,-0.261799
4615.222226,sim,1.270774,-0.216416,-2.625107,1.239158,-1.605713,-0.261804
4615.226200,sim,1.270774,-0.216431,-2.625294,1.239181,-1.605717,-0.261798
4615.230122,sim,1.270774,-0.216414,-2.625500,1.239158,-1.605713,-0.261804
4615.234097,sim,1.270774,-0.216428,-2.625706,1.239181,-1.605717,-0.261798
4615.238154,sim,1.270774,-0.216414,-2.625929,1.239159,-1.605713,-0.261804
4615.242401,sim,1.270775,-0.216428,-2.625925,1.239179,-1.605717,-0.261799
4615.246073,sim,1.270774,-0.216409,-2.626157,1.239156,-1.605713,-0.261804
4615.250083,sim,1.270774,-0.216427,-2.626388,1.239180,-1.605717,-0.261799
4615.254147,sim,1.270774,-0.216417,-2.626632,1.239164,-1.605713,-0.261803
4615.258149,sim,1.270774,-0.216431,-2.626877,1.239186,-1.605717,-0.261798
4615.262119,sim,1.270774,-0.216415,-2.627137,1.239162,-1.605712,-0.261804
4615.266134,sim,1.270775,-0.216417,-2.627135,1.239180,-1.605719,-0.261796
4615.270160,sim,1.270774,-0.216411,-2.627409,1.239156,-1.605712,-0.261805
4615.274097,sim,1.270775,-0.216432,-2.627692,1.239185,-1.605716,-0.261799
4615.278127,sim,1.270774,-0.216418,-2.628000,1.239165,-1.605712,-0.261804
4615.282190,sim,1.270774,-0.216417,-2.628316,1.239180,-1.605719,-0.261796
4615.286171,sim,1.270775,-0.216416,-2.628645,1.239159,-1.605711,-0.261806
4615.290123,sim,1.270774,-0.216432,-2.628973,1.239186,-1.605716,-0.261798
4615.294104,sim,1.270774,-0.216419,-2.629312,1.239165,-1.605711,-0.261805
4615.298084,sim,1.270774,-0.216434,-2.629308,1.239186,-1.605714,-0.261800
4615.302262,sim,1.270773,-0.216414,-2.629646,1.239160,-1.605711,-0.261805
4615.306115,sim,1.270774,-0.216426,-2.629970,1.239184,-1.605717,-0.261798
4615.310105,sim,1.270774,-0.216410,-2.630296,1.239159,-1.605712,-0.261804
4615.314113,sim,1.270774,-0.216427,-2.630608,1.239186,-1.605717,-0.261797
4615.318260,sim,1.270774,-0.216416,-2.630923,1.239163,-1.605711,-0.261805
4615.322177,sim,1.270774,-0.216432,-2.631226,1.239188,-1.605715,-0.261798
4615.326120,sim,1.270775,-0.216416,-2.631230,1.239166,-1.605712,-0.261803
4615.330227,sim,1.270774,-0.216425,-2.631531,1.239181,-1.605715,-0.261799
4615.334155,sim,1.270775,-0.216410,-2.631832,1.239162,-1.605713,-0.261803
4615.338161,sim,1.270774,-0.216429,-2.632120,1.239183,-1.605714,-0.261800
4615.342296,sim,1.270774,-0.216416,-2.632408,1.239165,-1.605711,-0.261804
4615.346297,sim,1.270775,-0.216424,-2.632680,1.239185,-1.605717,-0.261797
4615.350250,sim,1.270775,-0.216411,-2.632951,1.239163,-1.605712,-0.261803
4615.354199,sim,1.270775,-0.216430,-2.633201,1.239186,-1.605715,-0.261799
4615.358122,sim,1.270775,-0.216418,-2.633204,1.239167,-1.605711,-0.261804
4615.362154,sim,1.270774,-0.216429,-2.633439,1.239190,-1.605716,-0.261797
4615.366086,sim,1.270774,-0.216415,-2.633663,1.239163,-1.605710,-0.261805
4615.370158,sim,1.270774,-0.216431,-2.633859,1.239187,-1.605715,-0.261799
4615.374042,sim,1.270775,-0.216414,-2.634046,1.239164,-1.605711,-0.261804
4615.378054,sim,1.270775,-0.216427,-2.634210,1.239187,-1.605715,-0.261798
4615.382279,sim,1.270775,-0.216411,-2.634367,1.239162,-1.605711,-0.261804
4615.386093,sim,1.270775,-0.216428,-2.634501,1.239188,-1.605716,-0.261797
4615.390062,sim,1.270773,-0.216413,-2.634505,1.239161,-1.605710,-0.261805
4615.394074,sim,1.270774,-0.216429,-2.634627,1.239187,-1.605715,-0.261798
4615.398133,sim,1.270774,-0.216413,-2.634745,1.239163,-1.605711,-0.261804
4615.402126,sim,1.270775,-0.216426,-2.634843,1.239187,-1.605716,-0.261797
4615.406070,sim,1.270775,-0.216411,-2.634939,1.239164,-1.605712,-0.261803
4615.410118,sim,1.270775,-0.216428,-2.635016,1.239187,-1.605715,-0.261798
4615.414142,sim,1.270774,-0.216416,-2.635092,1.239168,-1.605711,-0.261803
4615.418068,sim,1.270774,-0.216432,-2.635152,1.239189,-1.605714,-0.261799
4615.422289,sim,1.270775,-0.216415,-2.635212,1.239168,-1.605711,-0.261803
4615.426096,sim,1.270774,-0.216422,-2.635260,1.239184,-1.605715,-0.261798
4615.430151,sim,1.270775,-0.216411,-2.635306,1.239166,-1.605712,-0.261802
4615.434118,sim,1.270774,-0.216428,-2.635340,1.239188,-1.605715,-0.261798
4615.438081,sim,1.270774,-0.216417,-2.635376,1.239169,-1.605710,-0.261804
4615.442368,sim,1.270774,-0.216429,-2.635402,1.239190,-1.605714,-0.261798
4615.446224,sim,1.270774,-0.216414,-2.635406,1.239165,-1.605710,-0.261804
4615.450177,sim,1.270775,-0.216424,-2.635428,1.239186,-1.605715,-0.261798
4615.454120,sim,1.270775,-0.216412,-2.635451,1.239165,-1.605710,-0.261804
4615.458123,sim,1.270774,-0.216428,-2.635463,1.239188,-1.605714,-0.261799
4615.462246,sim,1.270774,-0.216415,-2.635479,1.239167,-1.605710,-0.261804
4615.466093,sim,1.270774,-0.216431,-2.635484,1.239189,-1.605713,-0.261799
4615.470148,sim,1.270774,-0.216413,-2.635496,1.239166,-1.605710,-0.261804
4615.474137,sim,1.270775,-0.216426,-2.635498,1.239189,-1.605714,-0.261798
4615.478153,sim,1.270774,-0.216409,-2.635509,1.239164,-1.605710,-0.261803
4615.482397,sim,1.270775,-0.216428,-2.635504,1.239191,-1.605714,-0.261798
4615.486094,sim,1.270773,-0.216414,-2.635517,1.239167,-1.605710,-0.261804
4615.490273,sim,1.270774,-0.216428,-2.635527,1.239191,-1.605714,-0.261798
4615.494156,sim,1.270774,-0.216413,-2.635551,1.239167,-1.605710,-0.261804
4615.498170,sim,1.270774,-0.216429,-2.635572,1.239191,-1.605714,-0.261799
4615.502158,sim,1.270775,-0.216415,-2.635606,1.239171,-1.605710,-0.261803
4615.506148,sim,1.270775,-0.216425,-2.635604,1.239189,-1.605714,-0.261798
4615.510165,sim,1.270774,-0.216410,-2.635648,1.239165,-1.605710,-0.261804
4615.514162,sim,1.270775,-0.216430,-2.635695,1.239193,-1.605714,-0.261798
4615.518137,sim,1.270774,-0.216417,-2.635763,1.239172,-1.605709,-0.261804
4615.522203,sim,1.270774,-0.216430,-2.635834,1.239193,-1.605713,-0.261798
4615.526209,sim,1.270774,-0.216414,-2.635922,1.239168,-1.605709,-0.261805
4615.530154,sim,1.270774,-0.216426,-2.636010,1.239192,-1.605714,-0.261798
4615.534084,sim,1.270774,-0.216411,-2.636113,1.239170,-1.605710,-0.261803
4615.538149,sim,1.270774,-0.216428,-2.636109,1.239192,-1.605713,-0.261799
4615.542476,sim,1.270774,-0.216417,-2.636222,1.239173,-1.605709,-0.261804
4615.546193,sim,1.270774,-0.216425,-2.636342,1.239190,-1.605714,-0.261798
4615.550217,sim,1.270774,-0.216411,-2.636483,1.239169,-1.605710,-0.261804
4615.554163,sim,1.270774,-0.216430,-2.636627,1.239196,-1.605713,-0.261798
4615.558250,sim,1.270773,-0.216416,-2.636792,1.239171,-1.605708,-0.261805
4615.562408,sim,1.270774,-0.216428,-2.636961,1.239195,-1.605714,-0.261798
4615.566155,sim,1.270773,-0.216413,-2.637149,1.239167,-1.605708,-0.261806
4615.570187,sim,1.270774,-0.216429,-2.637144,1.239195,-1.605713,-0.261798
4615.574213,sim,1.270774,-0.216412,-2.637350,1.239171,-1.605709,-0.261803
4615.578231,sim,1.270775,-0.216425,-2.637572,1.239193,-1.605714,-0.261798
4615.582234,sim,1.270774,-0.216409,-2.637826,1.239169,-1.605709,-0.261803
4615.586155,sim,1.270774,-0.216428,-2.638093,1.239193,-1.605713,-0.261798
4615.590220,sim,1.270774,-0.216417,-2.638388,1.239176,-1.605709,-0.261803
4615.594200,sim,1.270773,-0.216427,-2.638385,1.239194,-1.605713,-0.261798
4615.598157,sim,1.270773,-0.216413,-2.638713,1.239170,-1.605709,-0.261804
4615.602284,sim,1.270775,-0.216427,-2.639068,1.239194,-1.605713,-0.261798
4615.606185,sim,1.270774,-0.216411,-2.639464,1.239169,-1.605708,-0.261804
4615.610214,sim,1.270774,-0.216428,-2.639877,1.239197,-1.605713,-0.261797
4615.614191,sim,1.270774,-0.216418,-2.640319,1.239176,-1.605708,-0.261804
4615.618163,sim,1.270774,-0.216430,-2.640769,1.239197,-1.605712,-0.261799
4615.622354,sim,1.270774,-0.216416,-2.641237,1.239176,-1.605708,-0.261803
4615.626254,sim,1.270774,-0.216416,-2.641704,1.239193,-1.605715,-0.261795
4615.630207,sim,1.270775,-0.216416,-2.641707,1.239171,-1.605707,-0.261806
4615.634213,sim,1.270773,-0.216428,-2.642163,1.239195,-1.605712,-0.261798
4615.638290,sim,1.270774,-0.216419,-2.642609,1.239178,-1.605708,-0.261804
4615.642499,sim,1.270773,-0.216433,-2.643035,1.239195,-1.605710,-0.261800
4615.646165,sim,1.270773,-0.216411,-2.643458,1.239167,-1.605707,-0.261805
4615.650201,sim,1.270775,-0.216424,-2.643860,1.239194,-1.605713,-0.261797
4615.654244,sim,1.270775,-0.216411,-2.644261,1.239174,-1.605709,-0.261802
4615.658173,sim,1.270774,-0.216425,-2.644649,1.239195,-1.605713,-0.261797
4615.662323,sim,1.270775,-0.216418,-2.644652,1.239178,-1.605708,-0.261803
4615.666215,sim,1.270774,-0.216432,-2.645039,1.239199,-1.605711,-0.261799
4615.670272,sim,1.270774,-0.216417,-2.645436,1.239175,-1.605707,-0.261804
4615.674291,sim,1.270774,-0.216429,-2.645827,1.239197,-1.605712,-0.261798
4615.678227,sim,1.270773,-0.216413,-2.646228,1.239170,-1.605707,-0.261805
4615.682290,sim,1.270775,-0.216421,-2.646620,1.239191,-1.605713,-0.261798
4615.686297,sim,1.270775,-0.216412,-2.646623,1.239174,-1.605709,-0.261803
4615.690227,sim,1.270774,-0.216424,-2.647017,1.239193,-1.605712,-0.261798
4615.694272,sim,1.270774,-0.216416,-2.647419,1.239175,-1.605708,-0.261804
4615.698365,sim,1.270774,-0.216432,-2.647815,1.239196,-1.605711,-0.261799
4615.702328,sim,1.270774,-0.216412,-2.648218,1.239172,-1.605708,-0.261803
4615.706200,sim,1.270776,-0.216427,-2.648605,1.239196,-1.605712,-0.261798
4615.710241,sim,1.270775,-0.216413,-2.648993,1.239176,-1.605708,-0.261802
4615.714177,sim,1.270775,-0.216429,-2.649363,1.239194,-1.605711,-0.261800
4615.718211,sim,1.270774,-0.216417,-2.649366,1.239174,-1.605707,-0.261804
4615.722315,sim,1.270774,-0.216427,-2.649715,1.239197,-1.605712,-0.261797
4615.726218,sim,1.270775,-0.216415,-2.650045,1.239174,-1.605707,-0.261804
4615.730253,sim,1.270775,-0.216427,-2.650343,1.239197,-1.605712,-0.261797
4615.734319,sim,1.270774,-0.216411,-2.650625,1.239171,-1.605708,-0.261803
4615.738282,sim,1.270774,-0.216427,-2.650877,1.239193,-1.605711,-0.261799
4615.742369,sim,1.270775,-0.216417,-2.651115,1.239177,-1.605708,-0.261803
4615.746221,sim,1.270775,-0.216430,-2.651328,1.239199,-1.605711,-0.261798
4615.750198,sim,1.270774,-0.216415,-2.651333,1.239172,-1.605706,-0.261805
4615.754262,sim,1.270775,-0.216430,-2.651528,1.239198,-1.605711,-0.261798
4615.758239,sim,1.270774,-0.216413,-2.651714,1.239169,-1.605706,-0.261805
4615.762273,sim,1.270775,-0.216425,-2.651874,1.239195,-1.605712,-0.261797
4615.766245,sim,1.270775,-0.216410,-2.652026,1.239171,-1.605708,-0.261803
4615.770328,sim,1.270775,-0.216428,-2.652154,1.239198,-1.605712,-0.261797
4615.774174,sim,1.270774,-0.216418,-2.652276,1.239175,-1.605706,-0.261805
4615.778209,sim,1.270774,-0.216432,-2.652378,1.239199,-1.605711,-0.261798
4615.782381,sim,1.270773,-0.216412,-2.652477,1.239171,-1.605707,-0.261804
4615.786317,sim,1.270775,-0.216427,-2.652556,1.239197,-1.605711,-0.261798
4615.790178,sim,1.270774,-0.216413,-2.652633,1.239172,-1.605707,-0.261804
4615.794234,sim,1.270775,-0.216421,-2.652694,1.239192,-1.605712,-0.261797
4615.798320,sim,1.270774,-0.216409,-2.652755,1.239169,-1.605708,-0.261803
4615.802399,sim,1.270775,-0.216428,-2.652799,1.239195,-1.605711,-0.261798
4615.806240,sim,1.270773,-0.216414,-2.652847,1.239174,-1.605707,-0.261803
4615.810208,sim,1.270774,-0.216430,-2.652842,1.239198,-1.605711,-0.261798
4615.814261,sim,1.270774,-0.216416,-2.652882,1.239176,-1.605707,-0.261803
4615.818206,sim,1.270774,-0.216427,-2.652906,1.239194,-1.605710,-0.261799
4615.822283,sim,1.270774,-0.216411,-2.652928,1.239173,-1.605708,-0.261803
4615.826259,sim,1.270774,-0.216427,-2.652934,1.239196,-1.605711,-0.261798
4615.830289,sim,1.270774,-0.216417,-2.652940,1.239177,-1.605707,-0.261803
4615.834259,sim,1.270774,-0.216428,-2.652933,1.239197,-1.605711,-0.261798
4615.838559,sim,1.270775,-0.216416,-2.652928,1.239175,-1.605706,-0.261804
4615.842430,sim,1.270774,-0.216431,-2.652911,1.239197,-1.605710,-0.261799
4615.846332,sim,1.270774,-0.216413,-2.652898,1.239172,-1.605706,-0.261805
4615.850251,sim,1.270775,-0.216425,-2.652875,1.239195,-1.605711,-0.261797
4615.854259,sim,1.270774,-0.216409,-2.652857,1.239172,-1.605708,-0.261802
4615.858276,sim,1.270775,-0.216427,-2.652830,1.239196,-1.605711,-0.261798
4615.862377,sim,1.270774,-0.216417,-2.652810,1.239174,-1.605706,-0.261805
4615.866233,sim,1.270774,-0.216432,-2.652783,1.239199,-1.605710,-0.261798
4615.870234,sim,1.270774,-0.216412,-2.652766,1.239173,-1.605707,-0.261803
4615.874214,sim,1.270775,-0.216422,-2.652763,1.239193,-1.605712,-0.261797
4615.878266,sim,1.270775,-0.216412,-2.652767,1.239174,-1.605707,-0.261803
4615.882399,sim,1.270774,-0.216427,-2.652763,1.239193,-1.605710,-0.261799
4615.886222,sim,1.270775,-0.216418,-2.652765,1.239178,-1.605707,-0.261803
4615.890256,sim,1.270775,-0.216430,-2.652761,1.239200,-1.605711,-0.261797
4615.894301,sim,1.270774,-0.216416,-2.652766,1.239176,-1.605706,-0.261804
4615.898314,sim,1.270774,-0.216427,-2.652763,1.239195,-1.605710,-0.261799
4615.902391,sim,1.270774,-0.216412,-2.652767,1.239173,-1.605707,-0.261803
4615.906233,sim,1.270775,-0.216424,-2.652763,1.239193,-1.605711,-0.261798
4615.910296,sim,1.270775,-0.216411,-2.652767,1.239173,-1.605707,-0.261802
4615.914353,sim,1.270775,-0.216426,-2.652762,1.239198,-1.605712,-0.261797
4615.918219,sim,1.270774,-0.216419,-2.652765,1.239178,-1.605706,-0.261804
4615.922329,sim,1.270774,-0.216433,-2.652761,1.239198,-1.605709,-0.261799
4615.926299,sim,1.270774,-0.216415,-2.652766,1.239175,-1.605706,-0.261803
4615.930335,sim,1.270774,-0.216425,-2.652763,1.239194,-1.605711,-0.261798
4615.934304,sim,1.270775,-0.216414,-2.652766,1.239175,-1.605707,-0.261803
4615.938320,sim,1.270775,-0.216426,-2.652763,1.239194,-1.605710,-0.261799
4615.942443,sim,1.270774,-0.216409,-2.652767,1.239170,-1.605707,-0.261803
4615.946293,sim,1.270775,-0.216429,-2.652762,1.239198,-1.605711,-0.261798
4615.950306,sim,1.270774,-0.216418,-2.652765,1.239177,-1.605706,-0.261804
4615.954297,sim,1.270774,-0.216428,-2.652762,1.239198,-1.605710,-0.261798
4615.958369,sim,1.270773,-0.216413,-2.652767,1.239169,-1.605705,-0.261805
4615.962368,sim,1.270775,-0.216426,-2.652763,1.239193,-1.605710,-0.261799
4615.966241,sim,1.270775,-0.216411,-2.652767,1.239174,-1.605708,-0.261802
4615.970236,sim,1.270775,-0.216426,-2.652762,1.239198,-1.605712,-0.261796
4615.974364,sim,1.270774,-0.216417,-2.652766,1.239176,-1.605706,-0.261804
4615.978327,sim,1.270774,-0.216429,-2.652762,1.239198,-1.605710,-0.261798
4615.982323,sim,1.270773,-0.216426,-2.652768,1.239167,-1.605705,-0.261806
4615.986308,sim,1.270775,-0.216452,-2.652764,1.239194,-1.605711,-0.261797
4615.990280,sim,1.270775,-0.216453,-2.652767,1.239172,-1.605707,-0.261803
4615.994359,sim,1.270775,-0.216483,-2.652763,1.239198,-1.605711,-0.261797
4615.998255,sim,1.270774,-0.216486,-2.652767,1.239174,-1.605706,-0.261804
4616.002335,sim,1.270774,-0.216514,-2.652763,1.239199,-1.605710,-0.261798
4616.006314,sim,1.270774,-0.216513,-2.652767,1.239173,-1.605706,-0.261804
4616.010348,sim,1.270775,-0.216538,-2.652764,1.239196,-1.605711,-0.261797
4616.014333,sim,1.270775,-0.216536,-2.652768,1.239173,-1.605707,-0.261802
4616.018252,sim,1.270775,-0.216567,-2.652764,1.239198,-1.605711,-0.261798
4616.022325,sim,1.270773,-0.216569,-2.652769,1.239172,-1.605706,-0.261805
4616.026248,sim,1.270775,-0.216596,-2.652764,1.239197,-1.605710,-0.261798
4616.030225,sim,1.270775,-0.216594,-2.652769,1.239174,-1.605707,-0.261803
4616.034281,sim,1.270775,-0.216623,-2.652765,1.239199,-1.605711,-0.261797
4616.038271,sim,1.270774,-0.216626,-2.652769,1.239173,-1.605705,-0.261805
4616.042592,sim,1.270774,-0.216654,-2.652765,1.239199,-1.605710,-0.261798
4616.046290,sim,1.270774,-0.216650,-2.652770,1.239173,-1.605707,-0.261803
4616.050252,sim,1.270774,-0.216676,-2.652766,1.239196,-1.605711,-0.261797
4616.054294,sim,1.270774,-0.216680,-2.652770,1.239172,-1.605706,-0.261805
4616.058352,sim,1.270775,-0.216706,-2.652766,1.239196,-1.605710,-0.261798
4616.062403,sim,1.270774,-0.216704,-2.652771,1.239171,-1.605706,-0.261804
4616.066287,sim,1.270775,-0.216735,-2.652766,1.239198,-1.605711,-0.261797
4616.070294,sim,1.270774,-0.216736,-2.652770,1.239176,-1.605707,-0.261803
4616.074311,sim,1.270775,-0.216763,-2.652766,1.239198,-1.605711,-0.261797
4616.078395,sim,1.270774,-0.216765,-2.652770,1.239175,-1.605706,-0.261804
4616.082375,sim,1.270774,-0.216794,-2.652767,1.239197,-1.605709,-0.261799
4616.086259,sim,1.270774,-0.216789,-2.652772,1.239171,-1.605706,-0.261804
4616.090256,sim,1.270775,-0.216815,-2.652768,1.239195,-1.605711,-0.261797
4616.094277,sim,1.270774,-0.216813,-2.652773,1.239170,-1.605707,-0.261803
4616.098285,sim,1.270776,-0.216847,-2.652768,1.239198,-1.605711,-0.261797
4616.102378,sim,1.270774,-0.216849,-2.652772,1.239175,-1.605706,-0.261804
4616.106349,sim,1.270775,-0.216876,-2.652767,1.239199,-1.605710,-0.261797
4616.110307,sim,1.270775,-0.216878,-2.652771,1.239177,-1.605706,-0.261803
4616.114323,sim,1.270774,-0.216903,-2.652768,1.239198,-1.605710,-0.261798
4616.118289,sim,1.270774,-0.216903,-2.652773,1.239172,-1.605705,-0.261805
4616.122391,sim,1.270775,-0.216930,-2.652769,1.239197,-1.605710,-0.261797
4616.126250,sim,1.270775,-0.216928,-2.652773,1.239174,-1.605707,-0.261803
4616.130281,sim,1.270775,-0.216958,-2.652769,1.239196,-1.605710,-0.261798
4616.134290,sim,1.270773,-0.216960,-2.652774,1.239172,-1.605705,-0.261805
4616.138298,sim,1.270774,-0.216988,-2.652769,1.239198,-1.605710,-0.261798
4616.142367,sim,1.270775,-0.216986,-2.652773,1.239176,-1.605707,-0.261803
4616.146243,sim,1.270775,-0.217006,-2.652771,1.239194,-1.605712,-0.261796
4616.150351,sim,1.270775,-0.217019,-2.652773,1.239177,-1.605705,-0.261804
4616.154257,sim,1.270773,-0.217045,-2.652771,1.239193,-1.605708,-0.261800
4616.158272,sim,1.270774,-0.217040,-2.652775,1.239172,-1.605707,-0.261803
4616.162297,sim,1.270774,-0.217065,-2.652772,1.239192,-1.605711,-0.261798
4616.166332,sim,1.270775,-0.217055,-2.652775,1.239174,-1.605707,-0.261803
4616.170291,sim,1.270775,-0.217074,-2.652773,1.239196,-1.605710,-0.261798
4616.174308,sim,1.270775,-0.217053,-2.652779,1.239180,-1.605707,-0.261802
4616.178267,sim,1.270774,-0.217039,-2.652783,1.239196,-1.605709,-0.261799
4616.182368,sim,1.270774,-0.216986,-2.652796,1.239169,-1.605705,-0.261805
4616.186298,sim,1.270776,-0.216953,-2.652801,1.239200,-1.605711,-0.261796
4616.190291,sim,1.270774,-0.216884,-2.652817,1.239172,-1.605706,-0.261803
4616.194307,sim,1.270775,-0.216844,-2.652824,1.239196,-1.605710,-0.261798
4616.198417,sim,1.270775,-0.216834,-2.652826,1.239178,-1.605706,-0.261803
4616.202501,sim,1.270774,-0.216795,-2.652834,1.239198,-1.605709,-0.261798
4616.206244,sim,1.270774,-0.216743,-2.652847,1.239175,-1.605705,-0.261804
4616.210321,sim,1.270775,-0.216728,-2.652852,1.239199,-1.605709,-0.261798
4616.214367,sim,1.270774,-0.216695,-2.652864,1.239173,-1.605704,-0.261805
4616.218335,sim,1.270774,-0.216706,-2.652861,1.239191,-1.605708,-0.261800
4616.222361,sim,1.270775,-0.216731,-2.652864,1.239174,-1.605705,-0.261803
4616.226858,sim,1.270774,-0.216780,-2.652860,1.239198,-1.605710,-0.261797
4616.230397,sim,1.270774,-0.216769,-2.652864,1.239173,-1.605704,-0.261805
4616.234399,sim,1.270774,-0.216824,-2.652860,1.239199,-1.605709,-0.261798
4616.238345,sim,1.270773,-0.216848,-2.652866,1.239172,-1.605705,-0.261804
4616.242478,sim,1.270774,-0.216913,-2.652863,1.239196,-1.605709,-0.261799
4616.246484,sim,1.270774,-0.216951,-2.652870,1.239174,-1.605705,-0.261804
4616.250313,sim,1.270776,-0.217022,-2.652868,1.239199,-1.605710,-0.261797
4616.254329,sim,1.270775,-0.217008,-2.652872,1.239175,-1.605705,-0.261803
4616.258268,sim,1.270775,-0.217094,-2.652871,1.239197,-1.605708,-0.261798
4616.262494,sim,1.270773,-0.217169,-2.652878,1.239173,-1.605704,-0.261805
4616.266322,sim,1.270775,-0.217282,-2.652876,1.239199,-1.605709,-0.261797
4616.270353,sim,1.270774,-0.217383,-2.652883,1.239172,-1.605705,-0.261803
4616.274299,sim,1.270774,-0.217528,-2.652882,1.239196,-1.605709,-0.261798
4616.278405,sim,1.270774,-0.217656,-2.652887,1.239176,-1.605705,-0.261803
4616.282488,sim,1.270774,-0.217817,-2.652886,1.239197,-1.605709,-0.261798
4616.286354,sim,1.270775,-0.217807,-2.652889,1.239176,-1.605704,-0.261804
4616.290305,sim,1.270775,-0.217974,-2.652888,1.239195,-1.605708,-0.261798
4616.294304,sim,1.270774,-0.218128,-2.652894,1.239172,-1.605704,-0.261804
4616.298356,sim,1.270775,-0.218324,-2.652889,1.239201,-1.605709,-0.261797
4616.302371,sim,1.270774,-0.218498,-2.652894,1.239176,-1.605703,-0.261805
4616.306621,sim,1.270774,-0.218706,-2.652891,1.239201,-1.605708,-0.261798
4616.310356,sim,1.270774,-0.218891,-2.652897,1.239173,-1.605704,-0.261804
4616.314361,sim,1.270775,-0.218904,-2.652893,1.239198,-1.605709,-0.261797
4616.318249,sim,1.270773,-0.219098,-2.652899,1.239168,-1.605704,-0.261805
4616.322413,sim,1.270775,-0.219339,-2.652894,1.239197,-1.605709,-0.261797
4616.326395,sim,1.270775,-0.219565,-2.652897,1.239179,-1.605704,-0.261803
4616.330401,sim,1.270774,-0.219818,-2.652894,1.239201,-1.605709,-0.261797
4616.334284,sim,1.270774,-0.220050,-2.652899,1.239176,-1.605704,-0.261804
4616.338303,sim,1.270775,-0.220310,-2.652896,1.239195,-1.605709,-0.261797
4616.342640,sim,1.270775,-0.220553,-2.652900,1.239175,-1.605705,-0.261803
4616.346365,sim,1.270774,-0.220570,-2.652895,1.239198,-1.605708,-0.261799
4616.350280,sim,1.270773,-0.220809,-2.652900,1.239176,-1.605704,-0.261804
4616.354299,sim,1.270775,-0.221060,-2.652898,1.239193,-1.605712,-0.261795
4616.358352,sim,1.270775,-0.221311,-2.652900,1.239175,-1.605704,-0.261804
4616.362499,sim,1.270774,-0.221575,-2.652896,1.239197,-1.605707,-0.261799
4616.366271,sim,1.270774,-0.221810,-2.652900,1.239178,-1.605704,-0.261804
4616.370293,sim,1.270775,-0.222057,-2.652898,1.239194,-1.605710,-0.261795
4616.374427,sim,1.270775,-0.222299,-2.652901,1.239173,-1.605704,-0.261804
4616.378365,sim,1.270774,-0.222560,-2.652897,1.239197,-1.605707,-0.261799
4616.382331,sim,1.270774,-0.222546,-2.652900,1.239177,-1.605704,-0.261803
4616.386386,sim,1.270774,-0.222797,-2.652897,1.239198,-1.605708,-0.261798
4616.390347,sim,1.270774,-0.223019,-2.652901,1.239174,-1.605703,-0.261804
4616.394374,sim,1.270774,-0.223258,-2.652897,1.239197,-1.605708,-0.261798
4616.398334,sim,1.270775,-0.223467,-2.652900,1.239177,-1.605704,-0.261803
4616.402727,sim,1.270774,-0.223691,-2.652897,1.239195,-1.605708,-0.261798
4616.406350,sim,1.270775,-0.223679,-2.652901,1.239174,-1.605704,-0.261803
4616.410437,sim,1.270774,-0.223904,-2.652898,1.239194,-1.605708,-0.261798
4616.414319,sim,1.270774,-0.224110,-2.652901,1.239176,-1.605704,-0.261804
4616.418294,sim,1.270775,-0.224333,-2.652897,1.239198,-1.605708,-0.261797
4616.422376,sim,1.270775,-0.224530,-2.652901,1.239176,-1.605704,-0.261803
4616.426346,sim,1.270774,-0.224752,-2.652897,1.239197,-1.605708,-0.261798
4616.430313,sim,1.270774,-0.224949,-2.652900,1.239177,-1.605702,-0.261805
4616.434338,sim,1.270774,-0.225156,-2.652896,1.239200,-1.605708,-0.261797
4616.438349,sim,1.270773,-0.225140,-2.652902,1.239170,-1.605703,-0.261806
4616.442547,sim,1.270775,-0.225340,-2.652898,1.239197,-1.605708,-0.261798
4616.446358,sim,1.270774,-0.225498,-2.652902,1.239174,-1.605704,-0.261804
4616.450305,sim,1.270773,-0.225670,-2.652898,1.239196,-1.605708,-0.261798
4616.454486,sim,1.270774,-0.225803,-2.652901,1.239176,-1.605704,-0.261803
4616.458355,sim,1.270774,-0.225950,-2.652897,1.239198,-1.605708,-0.261798
4616.462415,sim,1.270774,-0.226058,-2.652901,1.239175,-1.605703,-0.261804
4616.466333,sim,1.270775,-0.226182,-2.652897,1.239200,-1.605708,-0.261798
4616.470310,sim,1.270774,-0.226169,-2.652901,1.239176,-1.605703,-0.261804
4616.474282,sim,1.270774,-0.226279,-2.652898,1.239195,-1.605707,-0.261799
4616.478292,sim,1.270774,-0.226352,-2.652902,1.239173,-1.605705,-0.261803
4616.482415,sim,1.270774,-0.226449,-2.652898,1.239196,-1.605708,-0.261798
4616.486409,sim,1.270774,-0.226509,-2.652901,1.239177,-1.605704,-0.261803
4616.490286,sim,1.270773,-0.226585,-2.652898,1.239195,-1.605706,-0.261800
4616.494282,sim,1.270774,-0.226624,-2.652902,1.239174,-1.605704,-0.261803
4616.498319,sim,1.270774,-0.226684,-2.652898,1.239195,-1.605708,-0.261798
4616.502532,sim,1.270774,-0.226710,-2.652902,1.239173,-1.605705,-0.261802
4616.506384,sim,1.270774,-0.226762,-2.652899,1.239194,-1.605707,-0.261799
4616.510284,sim,1.270775,-0.226784,-2.652900,1.239181,-1.605705,-0.261802
4616.514304,sim,1.270774,-0.226810,-2.652900,1.239192,-1.605710,-0.261796
4616.518332,sim,1.270774,-0.226830,-2.652903,1.239169,-1.605703,-0.261806
4616.522383,sim,1.270775,-0.226869,-2.652897,1.239200,-1.605708,-0.261797
4616.526277,sim,1.270773,-0.226873,-2.652902,1.239174,-1.605703,-0.261805
4616.530295,sim,1.270774,-0.226903,-2.652897,1.239200,-1.605708,-0.261797
4616.534325,sim,1.270773,-0.226887,-2.652903,1.239171,-1.605703,-0.261805
4616.538295,sim,1.270776,-0.226901,-2.652898,1.239198,-1.605708,-0.261798
4616.542351,sim,1.270774,-0.226884,-2.652903,1.239172,-1.605704,-0.261803
4616.546305,sim,1.270774,-0.226900,-2.652899,1.239196,-1.605708,-0.261798
4616.550403,sim,1.270774,-0.226890,-2.652901,1.239177,-1.605704,-0.261804
4616.554405,sim,1.270774,-0.226904,-2.652897,1.239200,-1.605708,-0.261798
4616.558316,sim,1.270774,-0.226888,-2.652902,1.239174,-1.605703,-0.261804
4616.562420,sim,1.270775,-0.226899,-2.652898,1.239197,-1.605708,-0.261797
4616.566384,sim,1.270774,-0.226901,-2.652903,1.239172,-1.605704,-0.261804
4616.570710,sim,1.270775,-0.226933,-2.652898,1.239198,-1.605708,-0.261797
4616.574228,sim,1.270774,-0.226939,-2.652901,1.239178,-1.605703,-0.261804
4616.578315,sim,1.270774,-0.226968,-2.652897,1.239201,-1.605707,-0.261798
4616.582378,sim,1.270773,-0.226965,-2.652903,1.239170,-1.605703,-0.261805
4616.586346,sim,1.270775,-0.226977,-2.652899,1.239195,-1.605708,-0.261798
4616.590260,sim,1.270774,-0.226984,-2.652903,1.239171,-1.605704,-0.261804
4616.594315,sim,1.270775,-0.227028,-2.652898,1.239200,-1.605708,-0.261797
4616.598311,sim,1.270774,-0.227050,-2.652901,1.239181,-1.605704,-0.261803
4616.602414,sim,1.270774,-0.227097,-2.652898,1.239198,-1.605707,-0.261798
4616.606296,sim,1.270774,-0.227125,-2.652902,1.239174,-1.605703,-0.261804
4616.610290,sim,1.270774,-0.227182,-2.652899,1.239194,-1.605707,-0.261798
4616.614391,sim,1.270775,-0.227219,-2.652902,1.239175,-1.605704,-0.261803
4616.618390,sim,1.270775,-0.227235,-2.652898,1.239199,-1.605708,-0.261798
4616.622320,sim,1.270773,-0.227280,-2.652902,1.239176,-1.605703,-0.261804
4616.626325,sim,1.270775,-0.227361,-2.652897,1.239201,-1.605707,-0.261798
4616.630305,sim,1.270773,-0.227421,-2.652902,1.239172,-1.605702,-0.261806
4616.634422,sim,1.270775,-0.227517,-2.652898,1.239199,-1.605708,-0.261797
4616.638365,sim,1.270774,-0.227595,-2.652902,1.239175,-1.605704,-0.261803
4616.642618,sim,1.270774,-0.227711,-2.652898,1.239197,-1.605707,-0.261798
4616.646276,sim,1.270774,-0.227809,-2.652901,1.239179,-1.605703,-0.261803
4616.650384,sim,1.270773,-0.227821,-2.652898,1.239196,-1.605706,-0.261799
4616.654357,sim,1.270775,-0.227926,-2.652901,1.239178,-1.605704,-0.261803
4616.658312,sim,1.270774,-0.228075,-2.652898,1.239199,-1.605707,-0.261798
4616.662526,sim,1.270773,-0.228207,-2.652903,1.239170,-1.605703,-0.261805
4616.666346,sim,1.270775,-0.228380,-2.652899,1.239194,-1.605709,-0.261796
4616.670348,sim,1.270775,-0.228548,-2.652902,1.239176,-1.605704,-0.261802
4616.674305,sim,1.270775,-0.228566,-2.652897,1.239199,-1.605706,-0.261799
4616.678351,sim,1.270774,-0.228749,-2.652902,1.239175,-1.605702,-0.261805
4616.682387,sim,1.270774,-0.228986,-2.652897,1.239200,-1.605707,-0.261798
4616.686367,sim,1.270774,-0.229215,-2.652902,1.239176,-1.605703,-0.261803
4616.690337,sim,1.270775,-0.229490,-2.652898,1.239196,-1.605708,-0.261797
4616.694388,sim,1.270774,-0.229761,-2.652903,1.239173,-1.605703,-0.261804
4616.698351,sim,1.270774,-0.230070,-2.652899,1.239194,-1.605707,-0.261799
4616.702415,sim,1.270774,-0.230364,-2.652902,1.239176,-1.605704,-0.261803
4616.706460,sim,1.270774,-0.230688,-2.652898,1.239197,-1.605707,-0.261798
4616.710409,sim,1.270774,-0.230675,-2.652902,1.239175,-1.605703,-0.261804
4616.714364,sim,1.270775,-0.231000,-2.652899,1.239194,-1.605707,-0.261798
4616.718304,sim,1.270775,-0.231306,-2.652901,1.239177,-1.605703,-0.261803
4616.722371,sim,1.270774,-0.231638,-2.652898,1.239198,-1.605707,-0.261798
4616.726378,sim,1.270775,-0.231952,-2.652900,1.239181,-1.605703,-0.261802
4616.730428,sim,1.270774,-0.232293,-2.652897,1.239198,-1.605705,-0.261800
4616.734288,sim,1.270774,-0.232613,-2.652901,1.239176,-1.605702,-0.261804
4616.738318,sim,1.270775,-0.232969,-2.652897,1.239201,-1.605706,-0.261798
4616.742688,sim,1.270773,-0.232949,-2.652903,1.239170,-1.605703,-0.261805
4616.746359,sim,1.270775,-0.233314,-2.652899,1.239196,-1.605708,-0.261796
4616.750279,sim,1.270775,-0.233672,-2.652902,1.239173,-1.605703,-0.261804
4616.754291,sim,1.270775,-0.234070,-2.652898,1.239199,-1.605707,-0.261797
4616.758380,sim,1.270775,-0.234452,-2.652900,1.239180,-1.605703,-0.261803
4616.762417,sim,1.270774,-0.234865,-2.652897,1.239198,-1.605706,-0.261799
4616.766269,sim,1.270774,-0.234850,-2.652902,1.239174,-1.605703,-0.261804
4616.770263,sim,1.270775,-0.235275,-2.652898,1.239198,-1.605707,-0.261798
4616.774409,sim,1.270774,-0.235688,-2.652902,1.239173,-1.605703,-0.261804
4616.778339,sim,1.270774,-0.236138,-2.652898,1.239196,-1.605707,-0.261798
4616.782368,sim,1.270774,-0.236572,-2.652901,1.239177,-1.605703,-0.261804
4616.786281,sim,1.270773,-0.237030,-2.652897,1.239198,-1.605706,-0.261799
4616.790264,sim,1.270773,-0.237454,-2.652903,1.239169,-1.605703,-0.261805
4616.794299,sim,1.270775,-0.237906,-2.652898,1.239197,-1.605708,-0.261796
4616.798373,sim,1.270774,-0.237894,-2.652902,1.239174,-1.605704,-0.261803
4616.802355,sim,1.270775,-0.238330,-2.652898,1.239197,-1.605708,-0.261796
4616.806314,sim,1.270774,-0.238727,-2.652901,1.239176,-1.605702,-0.261805
4616.810307,sim,1.270775,-0.239119,-2.652897,1.239198,-1.605707,-0.261797
4616.814304,sim,1.270774,-0.239470,-2.652902,1.239171,-1.605703,-0.261805
4616.818341,sim,1.270775,-0.239836,-2.652897,1.239199,-1.605707,-0.261798
4616.822423,sim,1.270773,-0.239824,-2.652901,1.239176,-1.605702,-0.261805
4616.826360,sim,1.270774,-0.240172,-2.652897,1.239199,-1.605707,-0.261798
4616.830359,sim,1.270772,-0.240483,-2.652903,1.239169,-1.605702,-0.261806
4616.834328,sim,1.270775,-0.240815,-2.652898,1.239196,-1.605708,-0.261797
4616.838385,sim,1.270774,-0.241112,-2.652902,1.239171,-1.605703,-0.261804
4616.842538,sim,1.270774,-0.241427,-2.652898,1.239197,-1.605707,-0.261797
4616.846310,sim,1.270774,-0.241704,-2.652901,1.239177,-1.605703,-0.261803
4616.850302,sim,1.270774,-0.241993,-2.652897,1.239197,-1.605706,-0.261799
4616.854349,sim,1.270773,-0.242239,-2.652902,1.239172,-1.605702,-0.261804
4616.858336,sim,1.270774,-0.242249,-2.652898,1.239195,-1.605707,-0.261797
4616.862386,sim,1.270774,-0.242477,-2.652902,1.239173,-1.605704,-0.261802
4616.866322,sim,1.270774,-0.242709,-2.652898,1.239195,-1.605707,-0.261797
4616.870353,sim,1.270774,-0.242896,-2.652901,1.239178,-1.605703,-0.261803
4616.874270,sim,1.270774,-0.243081,-2.652897,1.239197,-1.605707,-0.261798
4616.878287,sim,1.270773,-0.243223,-2.652902,1.239170,-1.605702,-0.261805
4616.882360,sim,1.270774,-0.243371,-2.652898,1.239194,-1.605707,-0.261797
4616.886287,sim,1.270774,-0.243481,-2.652902,1.239172,-1.605704,-0.261802
4616.890287,sim,1.270775,-0.243499,-2.652898,1.239196,-1.605706,-0.261798
4616.894283,sim,1.270775,-0.243601,-2.652900,1.239179,-1.605703,-0.261803
4616.898307,sim,1.270774,-0.243713,-2.652897,1.239198,-1.605705,-0.261799
4616.902479,sim,1.270774,-0.243787,-2.652901,1.239173,-1.605702,-0.261804
4616.906393,sim,1.270775,-0.243879,-2.652897,1.239199,-1.605707,-0.261797
4616.910285,sim,1.270773,-0.243935,-2.652903,1.239169,-1.605702,-0.261805
4616.914286,sim,1.270775,-0.244009,-2.652898,1.239195,-1.605708,-0.261797
4616.918295,sim,1.270774,-0.244055,-2.652902,1.239171,-1.605703,-0.261804
4616.922410,sim,1.270774,-0.244116,-2.652898,1.239193,-1.605707,-0.261798
4616.926360,sim,1.270775,-0.244150,-2.652901,1.239177,-1.605704,-0.261802
4616.930294,sim,1.270774,-0.244201,-2.652897,1.239197,-1.605706,-0.261798
4616.934345,sim,1.270774,-0.244222,-2.652901,1.239175,-1.605702,-0.261803
4616.938392,sim,1.270774,-0.244266,-2.652897,1.239196,-1.605706,-0.261798
4616.942389,sim,1.270775,-0.244282,-2.652900,1.239178,-1.605702,-0.261803
4616.946331,sim,1.270775,-0.244314,-2.652897,1.239195,-1.605706,-0.261798
4616.950346,sim,1.270774,-0.244325,-2.652902,1.239172,-1.605702,-0.261804
4616.954337,sim,1.270774,-0.244340,-2.652897,1.239195,-1.605706,-0.261799
4616.958333,sim,1.270774,-0.244329,-2.652900,1.239177,-1.605702,-0.261803
4616.962361,sim,1.270774,-0.244343,-2.652897,1.239197,-1.605705,-0.261799
4616.966287,sim,1.270774,-0.244326,-2.652901,1.239174,-1.605703,-0.261803
4616.970374,sim,1.270774,-0.244337,-2.652898,1.239193,-1.605706,-0.261798
4616.974357,sim,1.270774,-0.244323,-2.652902,1.239173,-1.605704,-0.261802
4616.978288,sim,1.270775,-0.244338,-2.652897,1.239198,-1.605707,-0.261797
4616.982501,sim,1.270774,-0.244331,-2.652900,1.239178,-1.605702,-0.261804
4616.986344,sim,1.270775,-0.244333,-2.652898,1.239194,-1.605708,-0.261796
4616.990236,sim,1.270774,-0.244330,-2.652901,1.239173,-1.605701,-0.261805
4616.994291,sim,1.270774,-0.244341,-2.652897,1.239196,-1.605706,-0.261798
4616.998399,sim,1.270774,-0.244328,-2.652901,1.239176,-1.605703,-0.261803
4617.002486,sim,1.270774,-0.244340,-2.652897,1.239195,-1.605706,-0.261799
4617.006262,sim,1.270775,-0.244330,-2.652900,1.239179,-1.605702,-0.261802
4617.010306,sim,1.270775,-0.244325,-2.652899,1.239191,-1.605709,-0.261794
4617.014373,sim,1.270774,-0.244331,-2.652902,1.239172,-1.605701,-0.261806
4617.018314,sim,1.270774,-0.244344,-2.652896,1.239198,-1.605705,-0.261798
4617.022328,sim,1.270774,-0.244331,-2.652900,1.239177,-1.605702,-0.261803
4617.026245,sim,1.270774,-0.244342,-2.652897,1.239197,-1.605705,-0.261798
4617.030388,sim,1.270774,-0.244329,-2.652901,1.239175,-1.605702,-0.261804
4617.034632,sim,1.270774,-0.244339,-2.652897,1.239197,-1.605706,-0.261798
4617.038354,sim,1.270774,-0.244327,-2.652901,1.239174,-1.605702,-0.261803
4617.042528,sim,1.270775,-0.244343,-2.652896,1.239199,-1.605705,-0.261798
4617.046396,sim,1.270773,-0.244326,-2.652901,1.239173,-1.605702,-0.261804
4617.050374,sim,1.270775,-0.244334,-2.652898,1.239193,-1.605707,-0.261797
4617.054218,sim,1.270775,-0.244325,-2.652901,1.239174,-1.605703,-0.261803
4617.058624,sim,1.270774,-0.244338,-2.652897,1.239196,-1.605706,-0.261798
4617.062522,sim,1.270774,-0.244329,-2.652901,1.239176,-1.605702,-0.261803
4617.066338,sim,1.270775,-0.244346,-2.652896,1.239200,-1.605705,-0.261799
4617.070357,sim,1.270773,-0.244328,-2.652901,1.239172,-1.605701,-0.261805
4617.074364,sim,1.270775,-0.244335,-2.652898,1.239195,-1.605707,-0.261796
4617.078417,sim,1.270774,-0.244323,-2.652902,1.239171,-1.605703,-0.261803
4617.082508,sim,1.270774,-0.244339,-2.652898,1.239195,-1.605706,-0.261798
4617.086388,sim,1.270774,-0.244330,-2.652900,1.239176,-1.605702,-0.261804
4617.090457,sim,1.270774,-0.244345,-2.652896,1.239199,-1.605705,-0.261799
4617.094385,sim,1.270773,-0.244327,-2.652901,1.239173,-1.605702,-0.261804
4617.098311,sim,1.270775,-0.244336,-2.652898,1.239195,-1.605707,-0.261797
4617.102411,sim,1.270773,-0.244321,-2.652903,1.239168,-1.605703,-0.261804
4617.106462,sim,1.270775,-0.244339,-2.652897,1.239197,-1.605707,-0.261797
4617.110407,sim,1.270774,-0.244329,-2.652901,1.239176,-1.605702,-0.261803
4617.114354,sim,1.270774,-0.244343,-2.652896,1.239200,-1.605706,-0.261797
4617.118257,sim,1.270774,-0.244329,-2.652900,1.239176,-1.605702,-0.261804
4617.122366,sim,1.270775,-0.244340,-2.652897,1.239198,-1.605706,-0.261798
4617.126371,sim,1.270775,-0.244325,-2.652901,1.239175,-1.605703,-0.261802
4617.130284,sim,1.270774,-0.244341,-2.652897,1.239195,-1.605705,-0.261800
4617.134296,sim,1.270773,-0.244327,-2.652901,1.239173,-1.605702,-0.261804
4617.138303,sim,1.270775,-0.244343,-2.652896,1.239201,-1.605706,-0.261797
4617.142559,sim,1.270774,-0.244327,-2.652901,1.239173,-1.605702,-0.261804
4617.146413,sim,1.270775,-0.244333,-2.652898,1.239195,-1.605708,-0.261796
4617.150317,sim,1.270774,-0.244322,-2.652903,1.239169,-1.605703,-0.261804
4617.154304,sim,1.270776,-0.244343,-2.652896,1.239201,-1.605706,-0.261797
4617.158379,sim,1.270773,-0.244332,-2.652900,1.239176,-1.605701,-0.261805
4617.162559,sim,1.270774,-0.244341,-2.652897,1.239198,-1.605706,-0.261798
4617.166305,sim,1.270774,-0.244329,-2.652901,1.239175,-1.605702,-0.261804
4617.170349,sim,1.270774,-0.244340,-2.652897,1.239199,-1.605707,-0.261797
4617.174346,sim,1.270773,-0.244326,-2.652902,1.239170,-1.605702,-0.261805
4617.178344,sim,1.270775,-0.244338,-2.652897,1.239197,-1.605707,-0.261797
4617.182380,sim,1.270774,-0.244324,-2.652902,1.239170,-1.605702,-0.261804
4617.186295,sim,1.270775,-0.244340,-2.652897,1.239197,-1.605707,-0.261797
4617.190363,sim,1.270774,-0.244330,-2.652900,1.239179,-1.605703,-0.261802
4617.194367,sim,1.270775,-0.244333,-2.652898,1.239194,-1.605708,-0.261796
4617.198332,sim,1.270775,-0.244330,-2.652901,1.239175,-1.605701,-0.261805
4617.202438,sim,1.270774,-0.244342,-2.652897,1.239197,-1.605705,-0.261798
4617.206331,sim,1.270773,-0.244329,-2.652901,1.239175,-1.605702,-0.261804
4617.210415,sim,1.270773,-0.244339,-2.652898,1.239193,-1.605706,-0.261799
4617.214388,sim,1.270773,-0.244326,-2.652902,1.239171,-1.605702,-0.261804
4617.218362,sim,1.270775,-0.244337,-2.652897,1.239197,-1.605707,-0.261796
4617.222492,sim,1.270774,-0.244323,-2.652902,1.239171,-1.605703,-0.261803
4617.226383,sim,1.270775,-0.244341,-2.652897,1.239198,-1.605706,-0.261797
4617.230361,sim,1.270774,-0.244330,-2.652901,1.239175,-1.605701,-0.261804
4617.234378,sim,1.270774,-0.244343,-2.652896,1.239199,-1.605706,-0.261798
4617.238599,sim,1.270774,-0.244327,-2.652900,1.239177,-1.605703,-0.261802
4617.242748,sim,1.270774,-0.244341,-2.652897,1.239197,-1.605706,-0.261798
4617.246434,sim,1.270773,-0.244324,-2.652903,1.239168,-1.605702,-0.261805
4617.250438,sim,1.270776,-0.244339,-2.652897,1.239200,-1.605707,-0.261796
4617.254424,sim,1.270774,-0.244325,-2.652901,1.239173,-1.605703,-0.261803
4617.258745,sim,1.270775,-0.244340,-2.652897,1.239196,-1.605706,-0.261798
4617.262477,sim,1.270774,-0.244328,-2.652901,1.239176,-1.605703,-0.261803
4617.266400,sim,1.270775,-0.244343,-2.652896,1.239199,-1.605706,-0.261798
4617.270444,sim,1.270774,-0.244327,-2.652901,1.239176,-1.605702,-0.261803
4617.274440,sim,1.270775,-0.244337,-2.652897,1.239195,-1.605707,-0.261797
4617.278403,sim,1.270774,-0.244326,-2.652902,1.239172,-1.605702,-0.261804
4617.282467,sim,1.270774,-0.244337,-2.652897,1.239197,-1.605707,-0.261796
4617.286473,sim,1.270773,-0.244329,-2.652901,1.239172,-1.605701,-0.261805
4617.290448,sim,1.270774,-0.244339,-2.652897,1.239197,-1.605707,-0.261796
4617.294407,sim,1.270774,-0.244328,-2.652901,1.239172,-1.605702,-0.261805
4617.298460,sim,1.270775,-0.244339,-2.652897,1.239198,-1.605707,-0.261797
4617.302572,sim,1.270774,-0.244325,-2.652902,1.239172,-1.605702,-0.261804
4617.306448,sim,1.270775,-0.244341,-2.652897,1.239199,-1.605707,-0.261797
4617.310406,sim,1.270754,-0.244330,-2.652901,1.239174,-1.605701,-0.261805
4617.314415,sim,1.270736,-0.244343,-2.652896,1.239199,-1.605706,-0.261798
4617.318463,sim,1.270717,-0.244326,-2.652902,1.239171,-1.605702,-0.261804
4617.322493,sim,1.270700,-0.244337,-2.652897,1.239197,-1.605707,-0.261796
4617.326438,sim,1.270680,-0.244324,-2.652902,1.239172,-1.605703,-0.261803
4617.330436,sim,1.270662,-0.244339,-2.652897,1.239199,-1.605707,-0.261796
4617.334514,sim,1.270640,-0.244327,-2.652902,1.239170,-1.605701,-0.261806
4617.338516,sim,1.270623,-0.244341,-2.652897,1.239198,-1.605707,-0.261797
4617.342503,sim,1.270604,-0.244327,-2.652901,1.239172,-1.605702,-0.261804
4617.346642,sim,1.270587,-0.244339,-2.652897,1.239198,-1.605707,-0.261797
4617.350570,sim,1.270566,-0.244323,-2.652902,1.239169,-1.605702,-0.261804
4617.354502,sim,1.270549,-0.244340,-2.652897,1.239199,-1.605707,-0.261796
4617.358496,sim,1.270529,-0.244332,-2.652900,1.239178,-1.605702,-0.261804
4617.362592,sim,1.270510,-0.244341,-2.652896,1.239200,-1.605707,-0.261797
4617.366546,sim,1.270491,-0.244328,-2.652901,1.239173,-1.605701,-0.261805
4617.370523,sim,1.270474,-0.244337,-2.652897,1.239197,-1.605707,-0.261796
4617.374543,sim,1.270454,-0.244326,-2.652901,1.239172,-1.605702,-0.261804
4617.378537,sim,1.270435,-0.244339,-2.652897,1.239198,-1.605707,-0.261797
4617.382608,sim,1.270415,-0.244332,-2.652901,1.239175,-1.605701,-0.261805
4617.386530,sim,1.270397,-0.244345,-2.652896,1.239200,-1.605705,-0.261798
4617.390463,sim,1.270378,-0.244328,-2.652901,1.239173,-1.605701,-0.261804
4617.394486,sim,1.270359,-0.244338,-2.652898,1.239196,-1.605707,-0.261797
4617.398562,sim,1.270341,-0.244327,-2.652901,1.239174,-1.605702,-0.261803
4617.402752,sim,1.270323,-0.244336,-2.652898,1.239195,-1.605707,-0.261796
4617.406502,sim,1.270303,-0.244324,-2.652902,1.239172,-1.605703,-0.261803
4617.410530,sim,1.270285,-0.244340,-2.652897,1.239198,-1.605707,-0.261797
4617.414587,sim,1.270264,-0.244331,-2.652901,1.239175,-1.605701,-0.261804
4617.418579,sim,1.270246,-0.244344,-2.652897,1.239197,-1.605705,-0.261799
4617.422608,sim,1.270227,-0.244327,-2.652901,1.239174,-1.605702,-0.261803
4617.426527,sim,1.270227,-0.244338,-2.652898,1.239196,-1.605707,-0.261797
4617.430592,sim,1.270218,-0.244327,-2.652901,1.239173,-1.605702,-0.261803
4617.434546,sim,1.270226,-0.244337,-2.652898,1.239194,-1.605707,-0.261797
4617.438580,sim,1.270248,-0.244325,-2.652902,1.239170,-1.605703,-0.261803
4617.442726,sim,1.270283,-0.244339,-2.652898,1.239194,-1.605707,-0.261797
4617.446659,sim,1.270328,-0.244334,-2.652900,1.239178,-1.605702,-0.261803
4617.450638,sim,1.270380,-0.244351,-2.652896,1.239200,-1.605704,-0.261799
4617.454500,sim,1.270436,-0.244335,-2.652901,1.239174,-1.605701,-0.261804
4617.458551,sim,1.270496,-0.244346,-2.652898,1.239196,-1.605706,-0.261797
4617.462675,sim,1.270554,-0.244332,-2.652903,1.239170,-1.605702,-0.261804
4617.466514,sim,1.270611,-0.244347,-2.652899,1.239194,-1.605706,-0.261797
4617.470527,sim,1.270663,-0.244338,-2.652902,1.239175,-1.605702,-0.261803
4617.474536,sim,1.270708,-0.244351,-2.652898,1.239194,-1.605705,-0.261799
4617.478535,sim,1.270742,-0.244349,-2.652901,1.239176,-1.605699,-0.261806
4617.482698,sim,1.270767,-0.244348,-2.652898,1.239199,-1.605708,-0.261794
4617.486543,sim,1.270774,-0.244334,-2.652903,1.239171,-1.605703,-0.261803
4617.491281,sim,1.270775,-0.244349,-2.652899,1.239194,-1.605706,-0.261797
4617.494621,sim,1.270774,-0.244343,-2.652901,1.239178,-1.605702,-0.261803
4617.498595,sim,1.270775,-0.244355,-2.652897,1.239200,-1.605705,-0.261797
4617.502656,sim,1.270775,-0.244342,-2.652901,1.239177,-1.605701,-0.261803
4617.506574,sim,1.270775,-0.244349,-2.652898,1.239195,-1.605706,-0.261797
4617.510637,sim,1.270774,-0.244337,-2.652902,1.239173,-1.605702,-0.261803
4617.514652,sim,1.270775,-0.244355,-2.652898,1.239197,-1.605705,-0.261798
4617.518521,sim,1.270773,-0.244340,-2.652902,1.239173,-1.605701,-0.261804
4617.522644,sim,1.270771,-0.244350,-2.652899,1.239195,-1.605706,-0.261797
4617.526649,sim,1.270763,-0.244340,-2.652902,1.239174,-1.605702,-0.261803
4617.530687,sim,1.270750,-0.244355,-2.652898,1.239196,-1.605705,-0.261799
4617.534603,sim,1.270733,-0.244337,-2.652902,1.239173,-1.605702,-0.261803
4617.538735,sim,1.270734,-0.244348,-2.652899,1.239194,-1.605706,-0.261797
4617.542958,sim,1.270692,-0.244340,-2.652902,1.239175,-1.605702,-0.261803
4617.546573,sim,1.270649,-0.244352,-2.652898,1.239196,-1.605706,-0.261797
4617.550584,sim,1.270650,-0.244342,-2.652901,1.239179,-1.605702,-0.261802
4617.554625,sim,1.270604,-0.244356,-2.652897,1.239198,-1.605704,-0.261799
4617.558721,sim,1.270555,-0.244341,-2.652901,1.239176,-1.605702,-0.261803
4617.562685,sim,1.270502,-0.244337,-2.652900,1.239190,-1.605709,-0.261794
4617.566609,sim,1.270443,-0.244345,-2.652902,1.239176,-1.605700,-0.261805
4617.570577,sim,1.270378,-0.244355,-2.652898,1.239196,-1.605705,-0.261798
4617.574690,sim,1.270310,-0.244343,-2.652901,1.239177,-1.605701,-0.261803
4617.578627,sim,1.270236,-0.244356,-2.652898,1.239195,-1.605704,-0.261800
4617.582712,sim,1.270237,-0.244339,-2.652902,1.239174,-1.605702,-0.261803
4617.586640,sim,1.270155,-0.244352,-2.652898,1.239196,-1.605705,-0.261798
4617.590621,sim,1.270061,-0.244340,-2.652902,1.239174,-1.605701,-0.261803
4617.594613,sim,1.269956,-0.244347,-2.652899,1.239193,-1.605706,-0.261797
4617.598639,sim,1.269840,-0.244339,-2.652902,1.239174,-1.605702,-0.261803
4617.602696,sim,1.269713,-0.244354,-2.652898,1.239196,-1.605704,-0.261799
4617.606663,sim,1.269713,-0.244343,-2.652902,1.239175,-1.605700,-0.261804
4617.610715,sim,1.269570,-0.244352,-2.652899,1.239196,-1.605705,-0.261798
4617.614641,sim,1.269407,-0.244341,-2.652902,1.239174,-1.605701,-0.261804
4617.618589,sim,1.269226,-0.244351,-2.652899,1.239196,-1.605705,-0.261797
4617.622693,sim,1.269028,-0.244337,-2.652903,1.239174,-1.605702,-0.261802
4617.626636,sim,1.268817,-0.244354,-2.652898,1.239198,-1.605705,-0.261798
4617.630665,sim,1.268593,-0.244340,-2.652903,1.239173,-1.605701,-0.261804
4617.634633,sim,1.268364,-0.244353,-2.652898,1.239198,-1.605705,-0.261797
4617.638664,sim,1.268363,-0.244341,-2.652902,1.239175,-1.605701,-0.261803
4617.642787,sim,1.268125,-0.244355,-2.652898,1.239200,-1.605705,-0.261797
4617.646624,sim,1.267876,-0.244340,-2.652903,1.239173,-1.605700,-0.261804
4617.650587,sim,1.267622,-0.244349,-2.652899,1.239196,-1.605706,-0.261797
4617.654717,sim,1.267356,-0.244337,-2.652904,1.239171,-1.605701,-0.261804
4617.658587,sim,1.267086,-0.244352,-2.652899,1.239198,-1.605706,-0.261796
4617.662729,sim,1.267084,-0.244343,-2.652902,1.239176,-1.605700,-0.261803
4617.666660,sim,1.266797,-0.244356,-2.652898,1.239197,-1.605704,-0.261799
4617.670700,sim,1.266488,-0.244340,-2.652903,1.239173,-1.605700,-0.261804
4617.674709,sim,1.266161,-0.244354,-2.652899,1.239197,-1.605704,-0.261798
4617.678661,sim,1.265816,-0.244338,-2.652904,1.239169,-1.605700,-0.261805
4617.682716,sim,1.265462,-0.244349,-2.652899,1.239196,-1.605706,-0.261796
4617.686722,sim,1.265097,-0.244338,-2.652903,1.239174,-1.605701,-0.261803
4617.690704,sim,1.264724,-0.244350,-2.652899,1.239196,-1.605706,-0.261797
4617.694662,sim,1.264348,-0.244340,-2.652903,1.239173,-1.605701,-0.261804
4617.698675,sim,1.264349,-0.244353,-2.652898,1.239196,-1.605705,-0.261798
4617.702792,sim,1.263982,-0.244341,-2.652902,1.239176,-1.605701,-0.261803
4617.706591,sim,1.263629,-0.244351,-2.652898,1.239197,-1.605705,-0.261797
4617.710667,sim,1.263286,-0.244340,-2.652902,1.239172,-1.605700,-0.261804
4617.714660,sim,1.262957,-0.244355,-2.652898,1.239198,-1.605704,-0.261797
4617.718710,sim,1.262636,-0.244343,-2.652901,1.239178,-1.605700,-0.261803
4617.722766,sim,1.262326,-0.244353,-2.652898,1.239197,-1.605704,-0.261798
4617.726662,sim,1.262022,-0.244341,-2.652902,1.239173,-1.605700,-0.261804
4617.730630,sim,1.262022,-0.244347,-2.652899,1.239193,-1.605705,-0.261797
4617.734649,sim,1.261725,-0.244339,-2.652902,1.239173,-1.605701,-0.261804
4617.739224,sim,1.261430,-0.244355,-2.652897,1.239198,-1.605704,-0.261798
4617.742759,sim,1.261139,-0.244342,-2.652902,1.239174,-1.605700,-0.261804
4617.746759,sim,1.260854,-0.244353,-2.652898,1.239196,-1.605705,-0.261798
4617.750662,sim,1.260575,-0.244339,-2.652902,1.239174,-1.605701,-0.261803
4617.754720,sim,1.260576,-0.244353,-2.652898,1.239197,-1.605704,-0.261798
4617.758656,sim,1.260298,-0.244338,-2.652902,1.239174,-1.605701,-0.261803
4617.762738,sim,1.260023,-0.244352,-2.652898,1.239194,-1.605704,-0.261799
4617.766660,sim,1.259752,-0.244343,-2.652901,1.239176,-1.605700,-0.261804
4617.770681,sim,1.259487,-0.244356,-2.652897,1.239199,-1.605704,-0.261798
4617.774626,sim,1.259228,-0.244339,-2.652902,1.239172,-1.605700,-0.261804
4617.778645,sim,1.258979,-0.244347,-2.652898,1.239195,-1.605706,-0.261796
4617.782745,sim,1.258737,-0.244337,-2.652902,1.239171,-1.605701,-0.261804
4617.786734,sim,1.258737,-0.244348,-2.652899,1.239195,-1.605706,-0.261796
4617.790713,sim,1.258512,-0.244344,-2.652901,1.239176,-1.605700,-0.261804
4617.794669,sim,1.258306,-0.244356,-2.652896,1.239200,-1.605704,-0.261797
4617.798723,sim,1.258116,-0.244343,-2.652901,1.239173,-1.605699,-0.261805
4617.802815,sim,1.257944,-0.244351,-2.652898,1.239194,-1.605704,-0.261798
4617.806644,sim,1.257788,-0.244337,-2.652902,1.239173,-1.605701,-0.261803
4617.810694,sim,1.257645,-0.244350,-2.652898,1.239197,-1.605706,-0.261796
4617.814687,sim,1.257515,-0.244343,-2.652901,1.239177,-1.605700,-0.261803
4617.818695,sim,1.257514,-0.244353,-2.652898,1.239195,-1.605704,-0.261798
4617.822716,sim,1.257396,-0.244340,-2.652902,1.239174,-1.605701,-0.261803
4617.826652,sim,1.257290,-0.244352,-2.652898,1.239196,-1.605705,-0.261798
4617.830625,sim,1.257194,-0.244341,-2.652901,1.239175,-1.605701,-0.261803
4617.834661,sim,1.257109,-0.244351,-2.652898,1.239196,-1.605705,-0.261797
4617.838652,sim,1.257032,-0.244339,-2.652902,1.239172,-1.605700,-0.261804
4617.842880,sim,1.256965,-0.244350,-2.652898,1.239197,-1.605706,-0.261796
4617.846790,sim,1.256904,-0.244343,-2.652901,1.239175,-1.605700,-0.261804
4617.850806,sim,1.256853,-0.244354,-2.652898,1.239196,-1.605704,-0.261798
4617.854741,sim,1.256807,-0.244340,-2.652902,1.239174,-1.605701,-0.261803
4617.858682,sim,1.256768,-0.244355,-2.652898,1.239196,-1.605704,-0.261799
4617.862855,sim,1.256733,-0.244339,-2.652902,1.239172,-1.605700,-0.261804
4617.866712,sim,1.256705,-0.244350,-2.652898,1.239197,-1.605706,-0.261796
4617.870753,sim,1.256679,-0.244336,-2.652902,1.239173,-1.605702,-0.261802
4617.874723,sim,1.256657,-0.244354,-2.652898,1.239197,-1.605704,-0.261798
4617.878714,sim,1.256636,-0.244342,-2.652901,1.239175,-1.605700,-0.261804
4617.882789,sim,1.256636,-0.244354,-2.652898,1.239196,-1.605704,-0.261798
4617.886738,sim,1.256636,-0.244340,-2.652902,1.239174,-1.605701,-0.261803
4617.890806,sim,1.256636,-0.244355,-2.652898,1.239196,-1.605704,-0.261799
4617.894795,sim,1.256637,-0.244340,-2.652901,1.239177,-1.605701,-0.261802
4617.898766,sim,1.256637,-0.244351,-2.652898,1.239194,-1.605704,-0.261798
4617.902829,sim,1.256636,-0.244335,-2.652903,1.239171,-1.605702,-0.261803
4617.906772,sim,1.256637,-0.244348,-2.652899,1.239194,-1.605706,-0.261797
4617.910756,sim,1.256636,-0.244342,-2.652901,1.239176,-1.605701,-0.261803
4617.914753,sim,1.256620,-0.244344,-2.652899,1.239195,-1.605707,-0.261794
4617.918749,sim,1.256603,-0.244342,-2.652902,1.239172,-1.605699,-0.261806
4617.922790,sim,1.256589,-0.244354,-2.652898,1.239198,-1.605705,-0.261797
4617.926800,sim,1.256575,-0.244343,-2.652902,1.239174,-1.605700,-0.261805
4617.930713,sim,1.256563,-0.244354,-2.652897,1.239199,-1.605705,-0.261797
4617.934742,sim,1.256563,-0.244341,-2.652902,1.239175,-1.605700,-0.261804
4617.938887,sim,1.256550,-0.244337,-2.652900,1.239190,-1.605708,-0.261794
4617.943013,sim,1.256529,-0.244345,-2.652902,1.239173,-1.605699,-0.261806
4617.946784,sim,1.256504,-0.244356,-2.652897,1.239199,-1.605705,-0.261797
4617.950680,sim,1.256474,-0.244344,-2.652901,1.239178,-1.605700,-0.261803
4617.954867,sim,1.256440,-0.244354,-2.652898,1.239197,-1.605704,-0.261798
4617.958788,sim,1.256402,-0.244341,-2.652902,1.239173,-1.605700,-0.261804
4617.962853,sim,1.256361,-0.244344,-2.652900,1.239192,-1.605707,-0.261796
4617.966707,sim,1.256360,-0.244342,-2.652902,1.239175,-1.605700,-0.261804
4617.970893,sim,1.256312,-0.244356,-2.652898,1.239197,-1.605704,-0.261798
4617.974758,sim,1.256254,-0.244342,-2.652902,1.239177,-1.605700,-0.261803
4617.978745,sim,1.256186,-0.244349,-2.652899,1.239194,-1.605705,-0.261797
4617.982797,sim,1.256109,-0.244335,-2.652904,1.239170,-1.605701,-0.261803
4617.986760,sim,1.256026,-0.244352,-2.652899,1.239197,-1.605705,-0.261797
4617.991017,sim,1.255932,-0.244344,-2.652902,1.239176,-1.605700,-0.261804
4617.994766,sim,1.255833,-0.244354,-2.652899,1.239197,-1.605704,-0.261798
4617.998773,sim,1.255726,-0.244342,-2.652902,1.239177,-1.605700,-0.261803
4618.002835,sim,1.255726,-0.244354,-2.652898,1.239197,-1.605704,-0.261798
4618.006788,sim,1.255609,-0.244338,-2.652904,1.239171,-1.605701,-0.261804
4618.010753,sim,1.255484,-0.244351,-2.652899,1.239197,-1.605705,-0.261796
4618.014715,sim,1.255346,-0.244341,-2.652903,1.239173,-1.605700,-0.261805
4618.018791,sim,1.255198,-0.244350,-2.652900,1.239194,-1.605704,-0.261798
4618.022936,sim,1.255041,-0.244336,-2.652904,1.239170,-1.605701,-0.261803
4618.026854,sim,1.255042,-0.244350,-2.652899,1.239199,-1.605706,-0.261795
4618.030786,sim,1.254864,-0.244342,-2.652903,1.239174,-1.605700,-0.261804
4618.034839,sim,1.254663,-0.244356,-2.652898,1.239199,-1.605704,-0.261797
4618.038795,sim,1.254439,-0.244339,-2.652904,1.239171,-1.605700,-0.261805
4618.043081,sim,1.254198,-0.244356,-2.652898,1.239201,-1.605704,-0.261797
4618.046736,sim,1.253936,-0.244338,-2.652904,1.239171,-1.605700,-0.261804
4618.050777,sim,1.253666,-0.244351,-2.652899,1.239197,-1.605705,-0.261797
4618.054832,sim,1.253382,-0.244336,-2.652904,1.239172,-1.605701,-0.261803
4618.058771,sim,1.253382,-0.244352,-2.652900,1.239195,-1.605704,-0.261798
4618.062845,sim,1.253090,-0.244343,-2.652902,1.239177,-1.605700,-0.261804
4618.066796,sim,1.252789,-0.244357,-2.652898,1.239200,-1.605703,-0.261798
4618.070866,sim,1.252478,-0.244340,-2.652903,1.239173,-1.605699,-0.261804
4618.074875,sim,1.252160,-0.244353,-2.652899,1.239199,-1.605704,-0.261797
4618.078796,sim,1.251833,-0.244337,-2.652904,1.239171,-1.605700,-0.261804
4618.082873,sim,1.251499,-0.244348,-2.652900,1.239195,-1.605705,-0.261796
4618.086777,sim,1.251157,-0.244336,-2.652904,1.239171,-1.605701,-0.261803
4618.090806,sim,1.251158,-0.244351,-2.652899,1.239198,-1.605705,-0.261796
4618.094728,sim,1.250803,-0.244342,-2.652904,1.239172,-1.605699,-0.261805
4618.098782,sim,1.250438,-0.244354,-2.652899,1.239199,-1.605705,-0.261797
4618.102914,sim,1.250057,-0.244342,-2.652902,1.239177,-1.605700,-0.261803
4618.106780,sim,1.249665,-0.244350,-2.652900,1.239192,-1.605704,-0.261799
4618.110724,sim,1.249262,-0.244338,-2.652903,1.239173,-1.605701,-0.261803
4618.114832,sim,1.249262,-0.244350,-2.652899,1.239197,-1.605705,-0.261796
4618.118764,sim,1.248842,-0.244343,-2.652903,1.239174,-1.605699,-0.261805
4618.122932,sim,1.248405,-0.244353,-2.652898,1.239199,-1.605704,-0.261797
4618.126834,sim,1.247951,-0.244341,-2.652903,1.239173,-1.605699,-0.261805
4618.130799,sim,1.247489,-0.244348,-2.652899,1.239195,-1.605705,-0.261796
4618.134816,sim,1.247019,-0.244338,-2.652904,1.239170,-1.605700,-0.261805
4618.138790,sim,1.246550,-0.244355,-2.652898,1.239199,-1.605704,-0.261797
4618.142998,sim,1.246082,-0.244344,-2.652902,1.239175,-1.605699,-0.261804
4618.146860,sim,1.246083,-0.244353,-2.652898,1.239199,-1.605705,-0.261796
4618.150878,sim,1.245631,-0.244339,-2.652903,1.239172,-1.605700,-0.261804
4618.154831,sim,1.245204,-0.244351,-2.652899,1.239194,-1.605704,-0.261798
4618.158809,sim,1.244797,-0.244337,-2.652903,1.239173,-1.605701,-0.261802
4618.162841,sim,1.244411,-0.244350,-2.652899,1.239195,-1.605705,-0.261797
4618.166799,sim,1.244042,-0.244342,-2.652902,1.239175,-1.605700,-0.261803
4618.170822,sim,1.243692,-0.244353,-2.652898,1.239196,-1.605704,-0.261798
4618.174789,sim,1.243357,-0.244340,-2.652902,1.239174,-1.605700,-0.261803
4618.178787,sim,1.243037,-0.244353,-2.652898,1.239197,-1.605704,-0.261797
4618.182912,sim,1.243037,-0.244342,-2.652901,1.239175,-1.605700,-0.261804
4618.186871,sim,1.242734,-0.244349,-2.652899,1.239193,-1.605705,-0.261797
4618.190776,sim,1.242449,-0.244336,-2.652903,1.239170,-1.605701,-0.261803
4618.194777,sim,1.242185,-0.244355,-2.652897,1.239199,-1.605704,-0.261797
4618.198818,sim,1.241933,-0.244343,-2.652901,1.239175,-1.605700,-0.261804
4618.202960,sim,1.241701,-0.244354,-2.652897,1.239199,-1.605705,-0.261797
4618.206775,sim,1.241700,-0.244343,-2.652901,1.239176,-1.605700,-0.261804
4618.210771,sim,1.241478,-0.244354,-2.652897,1.239197,-1.605704,-0.261798
4618.214886,sim,1.241265,-0.244340,-2.652902,1.239174,-1.605700,-0.261804
4618.218834,sim,1.241062,-0.244355,-2.652897,1.239196,-1.605704,-0.261799
4618.222864,sim,1.240869,-0.244338,-2.652902,1.239172,-1.605701,-0.261803
4618.226804,sim,1.240688,-0.244347,-2.652898,1.239194,-1.605706,-0.261796
4618.230764,sim,1.240516,-0.244336,-2.652903,1.239171,-1.605701,-0.261803
4618.234764,sim,1.240356,-0.244349,-2.652898,1.239196,-1.605706,-0.261796
4618.238785,sim,1.240355,-0.244344,-2.652901,1.239175,-1.605699,-0.261805
4618.242965,sim,1.240208,-0.244354,-2.652897,1.239199,-1.605704,-0.261797
4618.246826,sim,1.240076,-0.244342,-2.652902,1.239172,-1.605699,-0.261805
4618.250914,sim,1.239959,-0.244353,-2.652897,1.239198,-1.605705,-0.261796
4618.254834,sim,1.239853,-0.244341,-2.652902,1.239172,-1.605699,-0.261805
4618.258831,sim,1.239761,-0.244348,-2.652898,1.239195,-1.605706,-0.261796
4618.262979,sim,1.239677,-0.244338,-2.652903,1.239171,-1.605700,-0.261804
4618.266818,sim,1.239604,-0.244354,-2.652897,1.239198,-1.605704,-0.261797
4618.270834,sim,1.239538,-0.244344,-2.652901,1.239175,-1.605699,-0.261804
4618.274857,sim,1.239480,-0.244353,-2.652898,1.239199,-1.605705,-0.261796
4618.278880,sim,1.239427,-0.244340,-2.652903,1.239170,-1.605699,-0.261805
4618.282962,sim,1.239381,-0.244355,-2.652898,1.239198,-1.605704,-0.261797
4618.286852,sim,1.239337,-0.244341,-2.652902,1.239174,-1.605700,-0.261804
4618.290935,sim,1.239297,-0.244347,-2.652899,1.239193,-1.605705,-0.261796
4618.294882,sim,1.239258,-0.244337,-2.652903,1.239170,-1.605700,-0.261804
4618.298834,sim,1.239219,-0.244353,-2.652898,1.239197,-1.605705,-0.261797
4618.302882,sim,1.239218,-0.244336,-2.652903,1.239170,-1.605701,-0.261804
4618.306905,sim,1.239219,-0.244353,-2.652898,1.239198,-1.605705,-0.261797
4618.310930,sim,1.239219,-0.244340,-2.652902,1.239174,-1.605700,-0.261803
4618.314923,sim,1.239219,-0.244354,-2.652898,1.239199,-1.605704,-0.261797
4618.318862,sim,1.239218,-0.244339,-2.652903,1.239172,-1.605700,-0.261804
4618.322939,sim,1.239218,-0.244351,-2.652899,1.239195,-1.605705,-0.261797
4618.326916,sim,1.239218,-0.244338,-2.652903,1.239171,-1.605701,-0.261804
4618.330851,sim,1.239219,-0.244353,-2.652898,1.239197,-1.605705,-0.261797
4618.334830,sim,1.239219,-0.244340,-2.652902,1.239174,-1.605700,-0.261803
4618.339111,sim,1.239219,-0.244354,-2.652898,1.239199,-1.605704,-0.261797
4618.343181,sim,1.239218,-0.244338,-2.652903,1.239171,-1.605700,-0.261804
4618.346873,sim,1.239219,-0.244353,-2.652898,1.239199,-1.605705,-0.261797
4618.350851,sim,1.239218,-0.244339,-2.652903,1.239170,-1.605700,-0.261805
4618.354942,sim,1.239219,-0.244353,-2.652898,1.239197,-1.605705,-0.261797
4618.358884,sim,1.239218,-0.244343,-2.652902,1.239177,-1.605700,-0.261803
4618.362980,sim,1.239218,-0.244352,-2.652899,1.239196,-1.605704,-0.261798
4618.366829,sim,1.239219,-0.244341,-2.652902,1.239174,-1.605700,-0.261804
4618.370812,sim,1.239219,-0.244349,-2.652899,1.239197,-1.605705,-0.261796
4618.374859,sim,1.239218,-0.244337,-2.652904,1.239169,-1.605700,-0.261805
4618.378876,sim,1.239219,-0.244350,-2.652899,1.239197,-1.605706,-0.261796
4618.382871,sim,1.239218,-0.244344,-2.652902,1.239175,-1.605699,-0.261805
4618.386926,sim,1.239218,-0.244357,-2.652898,1.239199,-1.605704,-0.261798
4618.390929,sim,1.239218,-0.244340,-2.652902,1.239175,-1.605701,-0.261803
4618.394909,sim,1.239219,-0.244352,-2.652899,1.239196,-1.605704,-0.261797
4618.398840,sim,1.239218,-0.244341,-2.652903,1.239172,-1.605700,-0.261805
4618.402870,sim,1.239218,-0.244349,-2.652900,1.239193,-1.605705,-0.261797
4618.406890,sim,1.239219,-0.244338,-2.652903,1.239174,-1.605701,-0.261803
4618.410860,sim,1.239219,-0.244352,-2.652899,1.239196,-1.605705,-0.261797
4618.414752,sim,1.239219,-0.244344,-2.652901,1.239179,-1.605701,-0.261802
4618.418858,sim,1.239218,-0.244354,-2.652898,1.239198,-1.605704,-0.261798
4618.422967,sim,1.239218,-0.244341,-2.652903,1.239171,-1.605699,-0.261805
4618.426866,sim,1.239219,-0.244348,-2.652899,1.239195,-1.605705,-0.261796
4618.430746,sim,1.239219,-0.244339,-2.652903,1.239173,-1.605700,-0.261804
4618.434822,sim,1.239219,-0.244354,-2.652898,1.239198,-1.605704,-0.261797
4618.438853,sim,1.239218,-0.244339,-2.652903,1.239172,-1.605700,-0.261804
4618.443226,sim,1.239219,-0.244353,-2.652898,1.239198,-1.605705,-0.261797
4618.446838,sim,1.239218,-0.244337,-2.652903,1.239171,-1.605700,-0.261804
4618.450870,sim,1.239219,-0.244354,-2.652898,1.239198,-1.605705,-0.261797
4618.454870,sim,1.239218,-0.244339,-2.652903,1.239172,-1.605700,-0.261804
4618.458866,sim,1.239219,-0.244354,-2.652898,1.239198,-1.605704,-0.261797
4618.462909,sim,1.239218,-0.244343,-2.652902,1.239175,-1.605700,-0.261804
4618.466882,sim,1.239218,-0.244353,-2.652898,1.239197,-1.605705,-0.261797
4618.470904,sim,1.239218,-0.244339,-2.652903,1.239173,-1.605701,-0.261803
4618.474935,sim,1.239218,-0.244352,-2.652899,1.239193,-1.605704,-0.261799
4618.478942,sim,1.239220,-0.244341,-2.652901,1.239179,-1.605701,-0.261802
4618.482928,sim,1.239219,-0.244341,-2.652900,1.239193,-1.605707,-0.261794
4618.486878,sim,1.239220,-0.244341,-2.652902,1.239174,-1.605700,-0.261804
4618.490909,sim,1.239218,-0.244355,-2.652898,1.239196,-1.605703,-0.261798
4618.494853,sim,1.239218,-0.244342,-2.652902,1.239176,-1.605700,-0.261803
4618.498896,sim,1.239218,-0.244354,-2.652898,1.239198,-1.605704,-0.261798
4618.502978,sim,1.239218,-0.244341,-2.652903,1.239171,-1.605699,-0.261806
4618.506902,sim,1.239219,-0.244347,-2.652899,1.239194,-1.605706,-0.261796
4618.510848,sim,1.239219,-0.244338,-2.652903,1.239170,-1.605700,-0.261804
4618.514885,sim,1.239219,-0.244354,-2.652898,1.239197,-1.605704,-0.261797
4618.518887,sim,1.239219,-0.244343,-2.652901,1.239179,-1.605701,-0.261802
4618.523019,sim,1.239218,-0.244355,-2.652898,1.239198,-1.605704,-0.261798
4618.526844,sim,1.239218,-0.244341,-2.652902,1.239173,-1.605700,-0.261804
4618.530851,sim,1.239219,-0.244356,-2.652898,1.239199,-1.605704,-0.261798
4618.534876,sim,1.239218,-0.244339,-2.652903,1.239172,-1.605700,-0.261803
4618.538880,sim,1.239219,-0.244346,-2.652900,1.239192,-1.605705,-0.261797
4618.543097,sim,1.239219,-0.244337,-2.652903,1.239172,-1.605701,-0.261803
4618.546856,sim,1.239219,-0.244354,-2.652898,1.239198,-1.605704,-0.261798
4618.550899,sim,1.239217,-0.244341,-2.652903,1.239170,-1.605699,-0.261805
4618.554842,sim,1.239218,-0.244352,-2.652899,1.239196,-1.605705,-0.261797
4618.559644,sim,1.239218,-0.244339,-2.652903,1.239171,-1.605700,-0.261804
4618.563167,sim,1.239220,-0.244351,-2.652898,1.239197,-1.605705,-0.261796
4618.567045,sim,1.239219,-0.244338,-2.652903,1.239171,-1.605700,-0.261804
4618.571373,sim,1.239219,-0.244353,-2.652898,1.239197,-1.605705,-0.261797
4618.575605,sim,1.239218,-0.244338,-2.652903,1.239171,-1.605700,-0.261804
4618.579772,sim,1.239219,-0.244353,-2.652898,1.239198,-1.605705,-0.261797
4618.583246,sim,1.239218,-0.244337,-2.652903,1.239170,-1.605701,-0.261804
4618.586911,sim,1.239219,-0.244352,-2.652898,1.239198,-1.605705,-0.261796
4618.591064,sim,1.239219,-0.244339,-2.652902,1.239176,-1.605701,-0.261802
4618.594960,sim,1.239219,-0.244354,-2.652898,1.239197,-1.605704,-0.261798
4618.600113,sim,1.239218,-0.244339,-2.652903,1.239173,-1.605701,-0.261803
4618.603071,sim,1.239219,-0.244355,-2.652898,1.239198,-1.605704,-0.261798
4618.606973,sim,1.239218,-0.244343,-2.652902,1.239177,-1.605700,-0.261803
4618.610920,sim,1.239219,-0.244354,-2.652898,1.239197,-1.605704,-0.261798
4618.614955,sim,1.239218,-0.244336,-2.652904,1.239167,-1.605700,-0.261805
4618.618993,sim,1.239219,-0.244353,-2.652898,1.239197,-1.605705,-0.261797
4618.623051,sim,1.239218,-0.244343,-2.652902,1.239175,-1.605700,-0.261804
4618.626981,sim,1.239218,-0.244351,-2.652899,1.239196,-1.605705,-0.261797
4618.630948,sim,1.239218,-0.244340,-2.652903,1.239172,-1.605700,-0.261805
4618.634914,sim,1.239219,-0.244350,-2.652899,1.239195,-1.605705,-0.261797
4618.638856,sim,1.239218,-0.244336,-2.652903,1.239171,-1.605701,-0.261803
4618.643151,sim,1.239219,-0.244353,-2.652898,1.239197,-1.605705,-0.261797
4618.646888,sim,1.239219,-0.244339,-2.652902,1.239174,-1.605701,-0.261803
4618.650973,sim,1.239219,-0.244354,-2.652898,1.239196,-1.605704,-0.261798
4618.654914,sim,1.239218,-0.244343,-2.652902,1.239177,-1.605700,-0.261803
4618.659008,sim,1.239219,-0.244355,-2.652897,1.239199,-1.605704,-0.261797
4618.663088,sim,1.239218,-0.244341,-2.652902,1.239175,-1.605700,-0.261804
4618.666968,sim,1.239219,-0.244337,-2.652901,1.239187,-1.605707,-0.261795
4618.670846,sim,1.239219,-0.244344,-2.652902,1.239176,-1.605700,-0.261804
4618.674932,sim,1.239218,-0.244354,-2.652898,1.239196,-1.605704,-0.261798
4618.678960,sim,1.239219,-0.244344,-2.652901,1.239179,-1.605700,-0.261803
4618.683077,sim,1.239218,-0.244357,-2.652898,1.239198,-1.605703,-0.261799
4618.686904,sim,1.239218,-0.244340,-2.652902,1.239173,-1.605700,-0.261804
4618.690883,sim,1.239219,-0.244350,-2.652899,1.239193,-1.605704,-0.261798
4618.694973,sim,1.239219,-0.244340,-2.652902,1.239175,-1.605701,-0.261803
4618.698961,sim,1.239218,-0.244352,-2.652899,1.239196,-1.605704,-0.261797
4618.703033,sim,1.239219,-0.244343,-2.652901,1.239177,-1.605700,-0.261803
4618.706939,sim,1.239218,-0.244357,-2.652898,1.239198,-1.605703,-0.261799
4618.710969,sim,1.239218,-0.244340,-2.652902,1.239175,-1.605700,-0.261803
4618.714927,sim,1.239219,-0.244352,-2.652898,1.239197,-1.605704,-0.261798
4618.718881,sim,1.239218,-0.244341,-2.652902,1.239174,-1.605700,-0.261804
4618.723123,sim,1.239218,-0.244350,-2.652899,1.239193,-1.605704,-0.261798
4618.727049,sim,1.239218,-0.244335,-2.652904,1.239171,-1.605701,-0.261803
4618.730946,sim,1.239219,-0.244353,-2.652898,1.239197,-1.605704,-0.261797
4618.734864,sim,1.239218,-0.244343,-2.652902,1.239174,-1.605700,-0.261804
4618.738929,sim,1.239218,-0.244352,-2.652898,1.239198,-1.605705,-0.261796
4618.743170,sim,1.239217,-0.244339,-2.652903,1.239169,-1.605699,-0.261805
4618.746912,sim,1.239219,-0.244350,-2.652899,1.239195,-1.605705,-0.261797
4618.750939,sim,1.239218,-0.244335,-2.652904,1.239169,-1.605701,-0.261804
4618.754928,sim,1.239219,-0.244351,-2.652899,1.239196,-1.605705,-0.261797
4618.758940,sim,1.239218,-0.244343,-2.652902,1.239175,-1.605700,-0.261804
4618.763039,sim,1.239218,-0.244355,-2.652898,1.239196,-1.605704,-0.261798
4618.766954,sim,1.239218,-0.244338,-2.652903,1.239173,-1.605701,-0.261803
4618.770898,sim,1.239218,-0.244349,-2.652900,1.239190,-1.605704,-0.261799
4618.774946,sim,1.239220,-0.244341,-2.652902,1.239177,-1.605701,-0.261802
4618.778982,sim,1.239219,-0.244352,-2.652898,1.239199,-1.605705,-0.261796
4618.782917,sim,1.239218,-0.244342,-2.652902,1.239174,-1.605700,-0.261805
4618.786899,sim,1.239218,-0.244356,-2.652898,1.239199,-1.605704,-0.261797
4618.790930,sim,1.239218,-0.244339,-2.652903,1.239171,-1.605700,-0.261804
4618.794919,sim,1.239219,-0.244350,-2.652899,1.239196,-1.605705,-0.261797
4618.798887,sim,1.239219,-0.244338,-2.652902,1.239176,-1.605701,-0.261802
4618.803061,sim,1.239219,-0.244354,-2.652898,1.239197,-1.605704,-0.261798
4618.807051,sim,1.239217,-0.244341,-2.652903,1.239172,-1.605700,-0.261805
4618.810960,sim,1.239242,-0.244351,-2.652899,1.239198,-1.605706,-0.261796
4618.814970,sim,1.239264,-0.244338,-2.652903,1.239170,-1.605700,-0.261804
4618.818941,sim,1.239290,-0.244351,-2.652898,1.239198,-1.605705,-0.261796
4618.823077,sim,1.239312,-0.244339,-2.652902,1.239175,-1.605701,-0.261803
4618.826964,sim,1.239335,-0.244354,-2.652898,1.239196,-1.605704,-0.261798
4618.831185,sim,1.239357,-0.244342,-2.652902,1.239175,-1.605700,-0.261804
4618.835045,sim,1.239381,-0.244355,-2.652898,1.239196,-1.605704,-0.261798
4618.839023,sim,1.239404,-0.244337,-2.652903,1.239170,-1.605700,-0.261804
4618.843191,sim,1.239428,-0.244353,-2.652898,1.239197,-1.605705,-0.261797
4618.846986,sim,1.239450,-0.244338,-2.652903,1.239172,-1.605701,-0.261803
4618.851098,sim,1.239475,-0.244350,-2.652899,1.239195,-1.605705,-0.261797
4618.855017,sim,1.239498,-0.244340,-2.652902,1.239175,-1.605701,-0.261803
4618.859022,sim,1.239521,-0.244354,-2.652898,1.239197,-1.605704,-0.261798
4618.862963,sim,1.239543,-0.244342,-2.652902,1.239175,-1.605700,-0.261804
4618.866928,sim,1.239567,-0.244354,-2.652898,1.239199,-1.605704,-0.261797
4618.870974,sim,1.239590,-0.244342,-2.652902,1.239173,-1.605699,-0.261805
4618.875551,sim,1.239613,-0.244348,-2.652899,1.239193,-1.605705,-0.261797
4618.878954,sim,1.239636,-0.244335,-2.652904,1.239170,-1.605701,-0.261803
4618.883110,sim,1.239660,-0.244352,-2.652899,1.239194,-1.605704,-0.261798
4618.886981,sim,1.239683,-0.244343,-2.652902,1.239176,-1.605700,-0.261803
4618.890954,sim,1.239706,-0.244354,-2.652898,1.239199,-1.605705,-0.261797
4618.894944,sim,1.239729,-0.244340,-2.652903,1.239171,-1.605700,-0.261805
4618.898953,sim,1.239753,-0.244350,-2.652899,1.239195,-1.605705,-0.261796
4618.903062,sim,1.239775,-0.244338,-2.652903,1.239170,-1.605700,-0.261804
4618.906975,sim,1.239800,-0.244351,-2.652898,1.239198,-1.605706,-0.261796
4618.911037,sim,1.239822,-0.244342,-2.652902,1.239174,-1.605700,-0.261804
4618.914934,sim,1.239846,-0.244354,-2.652898,1.239199,-1.605705,-0.261797
4618.918964,sim,1.239868,-0.244340,-2.652903,1.239172,-1.605699,-0.261805
4618.922962,sim,1.239893,-0.244350,-2.652899,1.239195,-1.605705,-0.261797
4618.926953,sim,1.239892,-0.244339,-2.652903,1.239173,-1.605701,-0.261803
4618.930936,sim,1.239904,-0.244352,-2.652899,1.239196,-1.605705,-0.261797
4618.934982,sim,1.239892,-0.244342,-2.652902,1.239177,-1.605701,-0.261803
4618.939026,sim,1.239863,-0.244352,-2.652899,1.239196,-1.605704,-0.261797
4618.943199,sim,1.239817,-0.244339,-2.652903,1.239172,-1.605700,-0.261804
4618.946970,sim,1.239761,-0.244357,-2.652898,1.239199,-1.605704,-0.261798
4618.950992,sim,1.239693,-0.244341,-2.652902,1.239175,-1.605700,-0.261803
4618.955058,sim,1.239620,-0.244351,-2.652899,1.239194,-1.605704,-0.261798
4618.958910,sim,1.239543,-0.244337,-2.652903,1.239173,-1.605701,-0.261802
4618.963099,sim,1.239467,-0.244352,-2.652899,1.239195,-1.605704,-0.261798
4618.966992,sim,1.239393,-0.244337,-2.652903,1.239172,-1.605701,-0.261802
4618.970987,sim,1.239327,-0.244354,-2.652898,1.239196,-1.605704,-0.261798
4618.974972,sim,1.239268,-0.244343,-2.652902,1.239176,-1.605700,-0.261803
4618.978971,sim,1.239223,-0.244355,-2.652899,1.239194,-1.605703,-0.261799
4618.983091,sim,1.239194,-0.244337,-2.652903,1.239172,-1.605701,-0.261803
4618.987051,sim,1.239185,-0.244350,-2.652899,1.239194,-1.605705,-0.261797
4618.990933,sim,1.239185,-0.244338,-2.652902,1.239175,-1.605701,-0.261802
4618.994933,sim,1.239185,-0.244353,-2.652898,1.239197,-1.605704,-0.261797
4618.998971,sim,1.239184,-0.244345,-2.652901,1.239177,-1.605699,-0.261804
4619.003062,sim,1.239184,-0.244356,-2.652898,1.239198,-1.605703,-0.261798
4619.007027,sim,1.239183,-0.244339,-2.652903,1.239171,-1.605700,-0.261804
4619.011065,sim,1.239184,-0.244343,-2.652900,1.239192,-1.605707,-0.261795
4619.015150,sim,1.239184,-0.244340,-2.652903,1.239173,-1.605700,-0.261804
4619.019090,sim,1.239184,-0.244356,-2.652898,1.239198,-1.605703,-0.261798
4619.022965,sim,1.239227,-0.244343,-2.652902,1.239176,-1.605700,-0.261803
4619.027048,sim,1.239264,-0.244356,-2.652898,1.239197,-1.605703,-0.261799
4619.031015,sim,1.239297,-0.244342,-2.652902,1.239175,-1.605700,-0.261803
4619.035055,sim,1.239326,-0.244352,-2.652898,1.239196,-1.605704,-0.261797
4619.038967,sim,1.239352,-0.244342,-2.652902,1.239175,-1.605700,-0.261804
4619.043203,sim,1.239351,-0.244356,-2.652898,1.239194,-1.605702,-0.261800
4619.046999,sim,1.239379,-0.244340,-2.652902,1.239173,-1.605700,-0.261803
4619.051047,sim,1.239414,-0.244349,-2.652899,1.239194,-1.605705,-0.261796
4619.054968,sim,1.239453,-0.244336,-2.652904,1.239169,-1.605700,-0.261804
4619.058995,sim,1.239498,-0.244348,-2.652899,1.239195,-1.605706,-0.261795
4619.063064,sim,1.239548,-0.244343,-2.652901,1.239177,-1.605701,-0.261802
4619.067083,sim,1.239602,-0.244355,-2.652898,1.239197,-1.605704,-0.261797
4619.070947,sim,1.239660,-0.244341,-2.652902,1.239172,-1.605699,-0.261805
4619.075064,sim,1.239724,-0.244350,-2.652898,1.239196,-1.605705,-0.261796
4619.078933,sim,1.239789,-0.244339,-2.652902,1.239173,-1.605701,-0.261803
4619.083029,sim,1.239789,-0.244353,-2.652899,1.239193,-1.605703,-0.261799
4619.086987,sim,1.239863,-0.244342,-2.652902,1.239175,-1.605701,-0.261803
4619.091068,sim,1.239948,-0.244355,-2.652898,1.239193,-1.605703,-0.261799
4619.095091,sim,1.240048,-0.244340,-2.652902,1.239173,-1.605700,-0.261803
4619.099018,sim,1.240161,-0.244350,-2.652898,1.239195,-1.605705,-0.261797
4619.103124,sim,1.240286,-0.244336,-2.652902,1.239172,-1.605701,-0.261802
4619.107107,sim,1.240287,-0.244351,-2.652898,1.239198,-1.605705,-0.261796
4619.111713,sim,1.240434,-0.244345,-2.652901,1.239175,-1.605699,-0.261805
4619.115036,sim,1.240613,-0.244353,-2.652897,1.239198,-1.605705,-0.261796
4619.119102,sim,1.240819,-0.244341,-2.652902,1.239172,-1.605700,-0.261804
4619.123069,sim,1.241049,-0.244348,-2.652898,1.239195,-1.605706,-0.261796
4619.127086,sim,1.241297,-0.244338,-2.652902,1.239171,-1.605700,-0.261804
4619.131030,sim,1.241563,-0.244353,-2.652897,1.239198,-1.605705,-0.261796
4619.135021,sim,1.241561,-0.244337,-2.652903,1.239167,-1.605700,-0.261805
4619.139060,sim,1.241841,-0.244353,-2.652897,1.239198,-1.605705,-0.261796
4619.143379,sim,1.242127,-0.244342,-2.652901,1.239175,-1.605701,-0.261803
4619.147048,sim,1.242425,-0.244352,-2.652898,1.239196,-1.605705,-0.261797
4619.151031,sim,1.242731,-0.244342,-2.652901,1.239177,-1.605700,-0.261802
4619.155034,sim,1.243041,-0.244358,-2.652897,1.239198,-1.605703,-0.261799
4619.159022,sim,1.243356,-0.244340,-2.652902,1.239170,-1.605699,-0.261805
4619.163144,sim,1.243675,-0.244349,-2.652899,1.239194,-1.605705,-0.261796
4619.167074,sim,1.243675,-0.244337,-2.652902,1.239173,-1.605701,-0.261802
4619.170987,sim,1.243996,-0.244352,-2.652898,1.239195,-1.605704,-0.261797
4619.175060,sim,1.244325,-0.244343,-2.652901,1.239176,-1.605700,-0.261803
4619.179038,sim,1.244660,-0.244344,-2.652899,1.239192,-1.605707,-0.261795
4619.182998,sim,1.245002,-0.244342,-2.652902,1.239175,-1.605700,-0.261804
4619.186988,sim,1.245348,-0.244355,-2.652898,1.239195,-1.605703,-0.261799
4619.190979,sim,1.245701,-0.244342,-2.652901,1.239176,-1.605700,-0.261803
4619.194980,sim,1.246060,-0.244355,-2.652898,1.239196,-1.605703,-0.261798
4619.198922,sim,1.246061,-0.244341,-2.652901,1.239177,-1.605701,-0.261802
4619.203105,sim,1.246427,-0.244351,-2.652899,1.239192,-1.605703,-0.261799
4619.206984,sim,1.246807,-0.244340,-2.652902,1.239175,-1.605701,-0.261802
4619.211046,sim,1.247195,-0.244351,-2.652899,1.239195,-1.605704,-0.261797
4619.214938,sim,1.247592,-0.244341,-2.652902,1.239175,-1.605700,-0.261803
4619.218993,sim,1.247998,-0.244354,-2.652898,1.239198,-1.605704,-0.261797
4619.223108,sim,1.247997,-0.244340,-2.652902,1.239174,-1.605700,-0.261803
4619.227037,sim,1.248414,-0.244349,-2.652900,1.239191,-1.605704,-0.261798
4619.231054,sim,1.248845,-0.244339,-2.652903,1.239173,-1.605701,-0.261803
4619.235066,sim,1.249286,-0.244352,-2.652899,1.239195,-1.605704,-0.261797
4619.239037,sim,1.249733,-0.244341,-2.652902,1.239176,-1.605701,-0.261803
4619.243290,sim,1.250181,-0.244354,-2.652899,1.239196,-1.605704,-0.261798
4619.246943,sim,1.250627,-0.244338,-2.652903,1.239171,-1.605700,-0.261804
4619.251058,sim,1.251069,-0.244347,-2.652900,1.239195,-1.605706,-0.261796
4619.255056,sim,1.251068,-0.244337,-2.652904,1.239170,-1.605700,-0.261804
4619.259106,sim,1.251492,-0.244353,-2.652898,1.239199,-1.605705,-0.261796
4619.263133,sim,1.251887,-0.244340,-2.652903,1.239172,-1.605700,-0.261804
4619.266991,sim,1.252260,-0.244354,-2.652899,1.239198,-1.605704,-0.261797
4619.271085,sim,1.252608,-0.244342,-2.652902,1.239176,-1.605700,-0.261803
4619.275155,sim,1.252936,-0.244352,-2.652900,1.239194,-1.605704,-0.261798
4619.278961,sim,1.253245,-0.244339,-2.652903,1.239173,-1.605701,-0.261803
4619.283177,sim,1.253537,-0.244353,-2.652899,1.239196,-1.605704,-0.261797
4619.287061,sim,1.253811,-0.244339,-2.652904,1.239173,-1.605700,-0.261803
4619.290983,sim,1.253812,-0.244347,-2.652901,1.239192,-1.605705,-0.261797
4619.294963,sim,1.254068,-0.244336,-2.652904,1.239172,-1.605701,-0.261802
4619.298971,sim,1.254306,-0.244354,-2.652899,1.239196,-1.605704,-0.261798
4619.303157,sim,1.254524,-0.244343,-2.652903,1.239176,-1.605700,-0.261803
4619.307091,sim,1.254727,-0.244354,-2.652899,1.239196,-1.605704,-0.261798
4619.310919,sim,1.254914,-0.244343,-2.652903,1.239175,-1.605699,-0.261804
4619.314991,sim,1.254914,-0.244350,-2.652900,1.239196,-1.605705,-0.261796
4619.319059,sim,1.255088,-0.244339,-2.652904,1.239171,-1.605700,-0.261804
4619.323210,sim,1.255253,-0.244354,-2.652899,1.239198,-1.605704,-0.261797
4619.327056,sim,1.255407,-0.244343,-2.652903,1.239175,-1.605699,-0.261804
4619.331014,sim,1.255553,-0.244353,-2.652899,1.239198,-1.605705,-0.261796
4619.335011,sim,1.255688,-0.244340,-2.652904,1.239172,-1.605699,-0.261804
4619.338971,sim,1.255814,-0.244346,-2.652901,1.239192,-1.605705,-0.261796
4619.343067,sim,1.255930,-0.244334,-2.652905,1.239167,-1.605701,-0.261804
4619.347232,sim,1.255931,-0.244352,-2.652900,1.239196,-1.605705,-0.261797
4619.351103,sim,1.256035,-0.244342,-2.652903,1.239177,-1.605701,-0.261802
4619.355040,sim,1.256127,-0.244354,-2.652900,1.239192,-1.605703,-0.261800
4619.359070,sim,1.256209,-0.244351,-2.652902,1.239177,-1.605697,-0.261806
4619.363088,sim,1.256282,-0.244347,-2.652900,1.239195,-1.605706,-0.261795
4619.366983,sim,1.256345,-0.244350,-2.652901,1.239179,-1.605698,-0.261805
4619.371074,sim,1.256398,-0.244348,-2.652899,1.239196,-1.605705,-0.261796
4619.374918,sim,1.256445,-0.244337,-2.652904,1.239173,-1.605701,-0.261803
4619.378987,sim,1.256484,-0.244351,-2.652899,1.239196,-1.605704,-0.261797
4619.383046,sim,1.256517,-0.244337,-2.652903,1.239174,-1.605701,-0.261802
4619.386999,sim,1.256546,-0.244349,-2.652900,1.239195,-1.605705,-0.261796
4619.391012,sim,1.256570,-0.244343,-2.652902,1.239177,-1.605700,-0.261803
4619.394995,sim,1.256591,-0.244354,-2.652898,1.239197,-1.605704,-0.261798
4619.399088,sim,1.256610,-0.244341,-2.652903,1.239172,-1.605699,-0.261804
4619.403171,sim,1.256628,-0.244348,-2.652899,1.239195,-1.605705,-0.261796
4619.406996,sim,1.256644,-0.244335,-2.652905,1.239167,-1.605700,-0.261804
4619.410989,sim,1.256646,-0.244353,-2.652898,1.239199,-1.605705,-0.261796
4619.415034,sim,1.256644,-0.244338,-2.652903,1.239171,-1.605700,-0.261804
4619.419065,sim,1.256645,-0.244354,-2.652898,1.239198,-1.605704,-0.261797
4619.423027,sim,1.256643,-0.244343,-2.652903,1.239172,-1.605699,-0.261805
4619.427055,sim,1.256645,-0.244355,-2.652898,1.239198,-1.605704,-0.261797
4619.431043,sim,1.256644,-0.244338,-2.652903,1.239171,-1.605700,-0.261804
4619.434999,sim,1.256645,-0.244349,-2.652900,1.239194,-1.605705,-0.261796
4619.438994,sim,1.256645,-0.244337,-2.652903,1.239171,-1.605701,-0.261803
4619.443218,sim,1.256662,-0.244353,-2.652899,1.239197,-1.605705,-0.261797
4619.447066,sim,1.256677,-0.244342,-2.652902,1.239176,-1.605700,-0.261803
4619.451062,sim,1.256692,-0.244354,-2.652899,1.239192,-1.605703,-0.261800
4619.455035,sim,1.256711,-0.244353,-2.652899,1.239184,-1.605699,-0.261803
4619.458986,sim,1.256726,-0.244348,-2.652899,1.239193,-1.605705,-0.261797
4619.463147,sim,1.256745,-0.244336,-2.652904,1.239171,-1.605701,-0.261803
4619.466990,sim,1.256763,-0.244347,-2.652900,1.239191,-1.605705,-0.261797
4619.470986,sim,1.256763,-0.244337,-2.652903,1.239172,-1.605701,-0.261803
4619.475007,sim,1.256786,-0.244351,-2.652899,1.239196,-1.605705,-0.261796
4619.478979,sim,1.256817,-0.244342,-2.652902,1.239174,-1.605700,-0.261804
4619.483127,sim,1.256856,-0.244356,-2.652898,1.239198,-1.605704,-0.261797
4619.486999,sim,1.256902,-0.244338,-2.652903,1.239173,-1.605701,-0.261802
4619.491023,sim,1.256956,-0.244349,-2.652899,1.239194,-1.605705,-0.261797
4619.495052,sim,1.256957,-0.244339,-2.652902,1.239175,-1.605701,-0.261802
4619.499058,sim,1.257021,-0.244354,-2.652899,1.239194,-1.605703,-0.261799
4619.503018,sim,1.257102,-0.244342,-2.652902,1.239176,-1.605700,-0.261803
4619.507048,sim,1.257196,-0.244356,-2.652898,1.239196,-1.605703,-0.261799
4619.511062,sim,1.257304,-0.244340,-2.652902,1.239174,-1.605700,-0.261803
4619.515020,sim,1.257423,-0.244347,-2.652899,1.239192,-1.605705,-0.261796
4619.519065,sim,1.257550,-0.244336,-2.652903,1.239170,-1.605701,-0.261803
4619.523095,sim,1.257685,-0.244353,-2.652899,1.239194,-1.605704,-0.261798
4619.527121,sim,1.257684,-0.244340,-2.652902,1.239174,-1.605701,-0.261802
4619.531012,sim,1.257830,-0.244355,-2.652897,1.239198,-1.605704,-0.261797
4619.534975,sim,1.257985,-0.244342,-2.652901,1.239174,-1.605700,-0.261803
4619.539091,sim,1.258153,-0.244350,-2.652899,1.239193,-1.605704,-0.261797
4619.543251,sim,1.258332,-0.244340,-2.652902,1.239173,-1.605700,-0.261803
4619.547097,sim,1.258520,-0.244352,-2.652898,1.239195,-1.605704,-0.261797
4619.551038,sim,1.258718,-0.244342,-2.652901,1.239176,-1.605701,-0.261802
4619.555134,sim,1.258926,-0.244355,-2.652898,1.239196,-1.605704,-0.261798
4619.559106,sim,1.258926,-0.244339,-2.652902,1.239172,-1.605700,-0.261803
4619.563195,sim,1.259150,-0.244351,-2.652898,1.239194,-1.605704,-0.261797
4619.566983,sim,1.259389,-0.244340,-2.652902,1.239173,-1.605700,-0.261803
4619.571155,sim,1.259645,-0.244349,-2.652899,1.239192,-1.605705,-0.261797
4619.575065,sim,1.259918,-0.244341,-2.652902,1.239175,-1.605701,-0.261802
4619.579052,sim,1.260206,-0.244356,-2.652896,1.239200,-1.605704,-0.261796
4619.583105,sim,1.260504,-0.244340,-2.652902,1.239172,-1.605700,-0.261804
4619.587069,sim,1.260505,-0.244350,-2.652899,1.239192,-1.605704,-0.261798
4619.591113,sim,1.260821,-0.244336,-2.652903,1.239169,-1.605701,-0.261803
4619.595070,sim,1.261154,-0.244354,-2.652898,1.239197,-1.605705,-0.261797
4619.598967,sim,1.261501,-0.244343,-2.652901,1.239175,-1.605700,-0.261803
4619.603107,sim,1.261861,-0.244354,-2.652897,1.239199,-1.605705,-0.261796
4619.607088,sim,1.262230,-0.244341,-2.652901,1.239174,-1.605700,-0.261803
4619.611057,sim,1.262605,-0.244357,-2.652897,1.239197,-1.605703,-0.261798
4619.615077,sim,1.262983,-0.244338,-2.652903,1.239171,-1.605701,-0.261803
4619.619054,sim,1.262985,-0.244350,-2.652899,1.239194,-1.605705,-0.261797
4619.623230,sim,1.263366,-0.244338,-2.652902,1.239174,-1.605701,-0.261802
4619.627146,sim,1.263749,-0.244354,-2.652898,1.239195,-1.605704,-0.261798
4619.630958,sim,1.264135,-0.244341,-2.652902,1.239174,-1.605700,-0.261803
4619.635084,sim,1.264525,-0.244351,-2.652899,1.239195,-1.605705,-0.261797
4619.639096,sim,1.264917,-0.244338,-2.652903,1.239170,-1.605700,-0.261803
4619.643338,sim,1.264919,-0.244349,-2.652899,1.239193,-1.605705,-0.261797
4619.647523,sim,1.265322,-0.244340,-2.652902,1.239175,-1.605701,-0.261802
4619.651048,sim,1.265741,-0.244354,-2.652899,1.239194,-1.605703,-0.261798
4619.655083,sim,1.266173,-0.244342,-2.652902,1.239176,-1.605700,-0.261802
4619.659074,sim,1.266613,-0.244352,-2.652899,1.239196,-1.605704,-0.261797
4619.663169,sim,1.267057,-0.244341,-2.652902,1.239174,-1.605700,-0.261803
4619.667111,sim,1.267500,-0.244351,-2.652899,1.239193,-1.605704,-0.261798
4619.671155,sim,1.267940,-0.244336,-2.652903,1.239172,-1.605701,-0.261802
4619.675172,sim,1.267940,-0.244353,-2.652899,1.239197,-1.605704,-0.261797
4619.679136,sim,1.268364,-0.244344,-2.652902,1.239177,-1.605700,-0.261803
4619.683178,sim,1.268765,-0.244355,-2.652898,1.239197,-1.605703,-0.261798
4619.687194,sim,1.269145,-0.244341,-2.652903,1.239174,-1.605700,-0.261803
4619.691215,sim,1.269506,-0.244352,-2.652900,1.239193,-1.605703,-0.261798
4619.695163,sim,1.269847,-0.244335,-2.652905,1.239168,-1.605700,-0.261803
4619.699123,sim,1.270173,-0.244349,-2.652900,1.239195,-1.605705,-0.261796
4619.703264,sim,1.270482,-0.244343,-2.652902,1.239178,-1.605700,-0.261802
4619.707175,sim,1.270776,-0.244356,-2.652899,1.239194,-1.605702,-0.261800
4619.711173,sim,1.270776,-0.244338,-2.652904,1.239171,-1.605700,-0.261803
4619.715129,sim,1.271055,-0.244349,-2.652900,1.239194,-1.605705,-0.261797
4619.719092,sim,1.271314,-0.244334,-2.652905,1.239169,-1.605701,-0.261803
4619.723269,sim,1.271556,-0.244351,-2.652900,1.239195,-1.605705,-0.261796
4619.727167,sim,1.271780,-0.244341,-2.652903,1.239173,-1.605700,-0.261803
4619.731140,sim,1.271991,-0.244353,-2.652899,1.239200,-1.605705,-0.261795
4619.735096,sim,1.271990,-0.244342,-2.652903,1.239173,-1.605699,-0.261804
4619.739156,sim,1.272189,-0.244355,-2.652898,1.239199,-1.605704,-0.261797
4619.743321,sim,1.272377,-0.244339,-2.652904,1.239169,-1.605699,-0.261805
4619.747119,sim,1.272559,-0.244350,-2.652900,1.239195,-1.605705,-0.261797
4619.751158,sim,1.272729,-0.244337,-2.652904,1.239173,-1.605701,-0.261802
4619.755102,sim,1.272890,-0.244349,-2.652900,1.239194,-1.605705,-0.261796
4619.759113,sim,1.273041,-0.244342,-2.652903,1.239175,-1.605700,-0.261803
4619.763153,sim,1.273183,-0.244354,-2.652899,1.239197,-1.605704,-0.261797
4619.767177,sim,1.273183,-0.244342,-2.652903,1.239174,-1.605700,-0.261803
4619.771221,sim,1.273313,-0.244354,-2.652899,1.239196,-1.605704,-0.261798
4619.775169,sim,1.273428,-0.244341,-2.652903,1.239174,-1.605700,-0.261803
4619.779154,sim,1.273531,-0.244348,-2.652900,1.239193,-1.605704,-0.261797
4619.783244,sim,1.273621,-0.244337,-2.652904,1.239172,-1.605701,-0.261802
4619.787174,sim,1.273701,-0.244351,-2.652899,1.239195,-1.605704,-0.261797
4619.791128,sim,1.273769,-0.244343,-2.652902,1.239176,-1.605700,-0.261803
4619.795187,sim,1.273829,-0.244355,-2.652899,1.239196,-1.605703,-0.261798
4619.799200,sim,1.273881,-0.244341,-2.652903,1.239174,-1.605700,-0.261803
4619.803253,sim,1.273925,-0.244347,-2.652900,1.239192,-1.605705,-0.261797
4619.807134,sim,1.273963,-0.244338,-2.652903,1.239173,-1.605701,-0.261802
4619.811188,sim,1.273995,-0.244354,-2.652899,1.239195,-1.605703,-0.261798
4619.815223,sim,1.274023,-0.244342,-2.652902,1.239176,-1.605700,-0.261802
4619.819104,sim,1.274048,-0.244357,-2.652898,1.239198,-1.605703,-0.261798
4619.823227,sim,1.274069,-0.244339,-2.652903,1.239172,-1.605700,-0.261803
4619.827267,sim,1.274090,-0.244349,-2.652900,1.239192,-1.605704,-0.261798
4619.831146,sim,1.274090,-0.244340,-2.652903,1.239173,-1.605700,-0.261803
4619.835083,sim,1.274090,-0.244329,-2.652899,1.239195,-1.605704,-0.261798
4619.839131,sim,1.274089,-0.244295,-2.652903,1.239175,-1.605700,-0.261803
4619.843465,sim,1.274090,-0.244281,-2.652899,1.239196,-1.605705,-0.261796
4619.847263,sim,1.274090,-0.244246,-2.652903,1.239173,-1.605700,-0.261803
4619.851194,sim,1.274090,-0.244237,-2.652899,1.239195,-1.605704,-0.261798
4619.855192,sim,1.274089,-0.244204,-2.652902,1.239177,-1.605700,-0.261803
4619.859124,sim,1.274089,-0.244192,-2.652898,1.239197,-1.605703,-0.261798
4619.863292,sim,1.274089,-0.244154,-2.652903,1.239172,-1.605700,-0.261804
4619.867131,sim,1.274090,-0.244138,-2.652900,1.239194,-1.605705,-0.261796
4619.871131,sim,1.274089,-0.244103,-2.652905,1.239167,-1.605700,-0.261804
4619.875135,sim,1.274090,-0.244098,-2.652899,1.239196,-1.605704,-0.261797
4619.879181,sim,1.274089,-0.244063,-2.652903,1.239173,-1.605699,-0.261804
4619.883213,sim,1.274090,-0.244051,-2.652899,1.239197,-1.605704,-0.261796
4619.887135,sim,1.274089,-0.244014,-2.652903,1.239173,-1.605700,-0.261803
4619.891207,sim,1.274090,-0.244006,-2.652899,1.239196,-1.605704,-0.261798
4619.895210,sim,1.274089,-0.243965,-2.652904,1.239170,-1.605701,-0.261803
4619.899345,sim,1.274090,-0.243952,-2.652900,1.239191,-1.605705,-0.261797
4619.903241,sim,1.274090,-0.243924,-2.652902,1.239177,-1.605700,-0.261802
4619.907351,sim,1.274088,-0.243910,-2.652900,1.239193,-1.605704,-0.261798
4619.911238,sim,1.274091,-0.243874,-2.652903,1.239175,-1.605701,-0.261802
4619.915241,sim,1.274091,-0.243860,-2.652899,1.239195,-1.605705,-0.261796
4619.919170,sim,1.274089,-0.243825,-2.652904,1.239169,-1.605700,-0.261804
4619.923386,sim,1.274090,-0.243818,-2.652899,1.239197,-1.605705,-0.261797
4619.927218,sim,1.274090,-0.243787,-2.652902,1.239177,-1.605699,-0.261804
4619.931161,sim,1.274089,-0.243775,-2.652898,1.239197,-1.605703,-0.261798
4619.935114,sim,1.274089,-0.243734,-2.652903,1.239173,-1.605701,-0.261802
4619.939218,sim,1.274090,-0.243724,-2.652899,1.239196,-1.605704,-0.261797
4619.943427,sim,1.274090,-0.243691,-2.652902,1.239174,-1.605699,-0.261804
4619.947257,sim,1.274090,-0.243673,-2.652900,1.239193,-1.605705,-0.261796
4619.951254,sim,1.274090,-0.243640,-2.652904,1.239170,-1.605700,-0.261804
4619.955200,sim,1.274090,-0.243633,-2.652898,1.239199,-1.605704,-0.261796
4619.959178,sim,1.274088,-0.243596,-2.652903,1.239171,-1.605700,-0.261804
4619.963373,sim,1.274090,-0.243583,-2.652899,1.239195,-1.605704,-0.261797
4619.967183,sim,1.274090,-0.243546,-2.652903,1.239172,-1.605701,-0.261802
4619.971159,sim,1.274090,-0.243539,-2.652899,1.239195,-1.605704,-0.261798
4619.975212,sim,1.274089,-0.243505,-2.652903,1.239173,-1.605700,-0.261804
4619.979276,sim,1.274090,-0.243491,-2.652899,1.239197,-1.605705,-0.261796
4619.983193,sim,1.274090,-0.243459,-2.652902,1.239175,-1.605699,-0.261804
4619.987221,sim,1.274090,-0.243441,-2.652899,1.239195,-1.605705,-0.261796
4619.991206,sim,1.274090,-0.243408,-2.652903,1.239174,-1.605700,-0.261803
4619.995206,sim,1.274089,-0.243400,-2.652899,1.239193,-1.605703,-0.261799
4619.999140,sim,1.274089,-0.243366,-2.652902,1.239176,-1.605700,-0.261803
4620.003240,sim,1.274090,-0.243348,-2.652899,1.239195,-1.605705,-0.261796
4620.007168,sim,1.274089,-0.243313,-2.652904,1.239169,-1.605700,-0.261804
4620.011186,sim,1.274090,-0.243331,-2.652898,1.239198,-1.605704,-0.261796
4620.015170,sim,1.274088,-0.243311,-2.652903,1.239172,-1.605699,-0.261805
4620.019155,sim,1.274090,-0.243342,-2.652899,1.239197,-1.605705,-0.261796
4620.023385,sim,1.274089,-0.243374,-2.652903,1.239173,-1.605700,-0.261804
4620.027292,sim,1.274090,-0.243383,-2.652899,1.239194,-1.605705,-0.261796
4620.031169,sim,1.274090,-0.243327,-2.652903,1.239173,-1.605700,-0.261803
4620.035199,sim,1.274089,-0.243339,-2.652900,1.239192,-1.605704,-0.261798
4620.039346,sim,1.274090,-0.243300,-2.652902,1.239175,-1.605700,-0.261803
4620.043497,sim,1.274090,-0.243308,-2.652899,1.239194,-1.605705,-0.261797
4620.047187,sim,1.274090,-0.243322,-2.652904,1.239170,-1.605700,-0.261804
4620.051233,sim,1.274090,-0.243382,-2.652898,1.239198,-1.605705,-0.261796
4620.055261,sim,1.274089,-0.243431,-2.652903,1.239174,-1.605700,-0.261803
4620.059202,sim,1.274090,-0.243520,-2.652898,1.239199,-1.605703,-0.261798
4620.063248,sim,1.274088,-0.243580,-2.652904,1.239169,-1.605700,-0.261803
4620.067241,sim,1.274090,-0.243594,-2.652900,1.239193,-1.605704,-0.261798
4620.071198,sim,1.274091,-0.243657,-2.652901,1.239178,-1.605701,-0.261801
4620.075283,sim,1.274090,-0.243724,-2.652898,1.239197,-1.605703,-0.261798
4620.079232,sim,1.274090,-0.243747,-2.652903,1.239173,-1.605700,-0.261803
4620.083287,sim,1.274091,-0.243767,-2.652901,1.239191,-1.605708,-0.261794
4620.087223,sim,1.274091,-0.243777,-2.652902,1.239175,-1.605699,-0.261804
4620.091192,sim,1.274090,-0.243781,-2.652898,1.239197,-1.605703,-0.261798
4620.095118,sim,1.274089,-0.243739,-2.652904,1.239168,-1.605699,-0.261805
4620.099184,sim,1.274090,-0.243749,-2.652900,1.239193,-1.605705,-0.261797
4620.103319,sim,1.274090,-0.243696,-2.652903,1.239172,-1.605701,-0.261802
4620.107218,sim,1.274090,-0.243651,-2.652899,1.239194,-1.605704,-0.261797
4620.111251,sim,1.274089,-0.243564,-2.652902,1.239174,-1.605700,-0.261803
4620.115209,sim,1.274090,-0.243482,-2.652899,1.239195,-1.605704,-0.261797
4620.119375,sim,1.274090,-0.243361,-2.652902,1.239174,-1.605700,-0.261803
4620.123290,sim,1.274090,-0.243248,-2.652899,1.239192,-1.605703,-0.261798
4620.127256,sim,1.274091,-0.243234,-2.652902,1.239174,-1.605701,-0.261801
4620.131205,sim,1.274090,-0.243108,-2.652899,1.239195,-1.605704,-0.261798
4620.135215,sim,1.274089,-0.242934,-2.652903,1.239173,-1.605700,-0.261804
4620.139221,sim,1.274090,-0.242765,-2.652898,1.239198,-1.605704,-0.261797
4620.143401,sim,1.274089,-0.242550,-2.652903,1.239170,-1.605700,-0.261803
4620.147243,sim,1.274090,-0.242348,-2.652899,1.239194,-1.605704,-0.261797
4620.151302,sim,1.274090,-0.242109,-2.652902,1.239174,-1.605700,-0.261802
4620.155253,sim,1.274090,-0.241877,-2.652900,1.239192,-1.605705,-0.261796
4620.159157,sim,1.274090,-0.241867,-2.652903,1.239172,-1.605701,-0.261802
4620.163374,sim,1.274090,-0.241632,-2.652899,1.239195,-1.605704,-0.261798
4620.167289,sim,1.274089,-0.241356,-2.652902,1.239173,-1.605699,-0.261804
4620.171262,sim,1.274090,-0.241087,-2.652898,1.239197,-1.605705,-0.261796
4620.175276,sim,1.274089,-0.240784,-2.652903,1.239169,-1.605699,-0.261805
4620.179247,sim,1.274090,-0.240492,-2.652899,1.239193,-1.605704,-0.261797
4620.183305,sim,1.274090,-0.240163,-2.652904,1.239169,-1.605702,-0.261802
4620.187260,sim,1.274091,-0.239860,-2.652898,1.239196,-1.605704,-0.261797
4620.191266,sim,1.274089,-0.239849,-2.652902,1.239173,-1.605700,-0.261803
4620.195246,sim,1.274090,-0.239527,-2.652899,1.239194,-1.605704,-0.261798
4620.199251,sim,1.274090,-0.239168,-2.652902,1.239174,-1.605700,-0.261802
4620.203354,sim,1.274090,-0.238823,-2.652898,1.239195,-1.605703,-0.261798
4620.207217,sim,1.274089,-0.238437,-2.652903,1.239170,-1.605700,-0.261804
4620.211274,sim,1.274090,-0.238070,-2.652900,1.239192,-1.605704,-0.261797
4620.215260,sim,1.274089,-0.238054,-2.652905,1.239165,-1.605701,-0.261803
4620.219285,sim,1.274090,-0.237677,-2.652900,1.239193,-1.605705,-0.261796
4620.223372,sim,1.274091,-0.237255,-2.652902,1.239177,-1.605701,-0.261801
4620.227180,sim,1.274090,-0.236840,-2.652898,1.239197,-1.605703,-0.261798
4620.231201,sim,1.274090,-0.236385,-2.652903,1.239171,-1.605699,-0.261804
4620.235312,sim,1.274090,-0.235949,-2.652898,1.239197,-1.605705,-0.261796
4620.239347,sim,1.274089,-0.235483,-2.652904,1.239169,-1.605700,-0.261803
4620.243451,sim,1.274091,-0.235044,-2.652900,1.239193,-1.605706,-0.261796
4620.247288,sim,1.274091,-0.235035,-2.652903,1.239172,-1.605701,-0.261802
4620.251386,sim,1.274091,-0.234612,-2.652898,1.239195,-1.605703,-0.261798
4620.255212,sim,1.274089,-0.234171,-2.652902,1.239173,-1.605700,-0.261803
4620.259379,sim,1.274090,-0.233770,-2.652899,1.239195,-1.605703,-0.261798
4620.263409,sim,1.274091,-0.233353,-2.652902,1.239175,-1.605700,-0.261802
4620.267335,sim,1.274090,-0.232974,-2.652899,1.239193,-1.605703,-0.261799
4620.271290,sim,1.274090,-0.232577,-2.652903,1.239171,-1.605700,-0.261803
4620.275433,sim,1.274091,-0.232213,-2.652900,1.239193,-1.605705,-0.261796
4620.279448,sim,1.274090,-0.231834,-2.652904,1.239168,-1.605700,-0.261803
4620.283511,sim,1.274091,-0.231851,-2.652899,1.239195,-1.605705,-0.261797
4620.287330,sim,1.274090,-0.231487,-2.652902,1.239175,-1.605700,-0.261802
4620.291381,sim,1.274090,-0.231166,-2.652899,1.239196,-1.605703,-0.261798
4620.295324,sim,1.274089,-0.230829,-2.652904,1.239167,-1.605700,-0.261804
4620.299292,sim,1.274091,-0.230539,-2.652900,1.239193,-1.605705,-0.261796
4620.304349,sim,1.274090,-0.230238,-2.652904,1.239169,-1.605701,-0.261803
4620.307270,sim,1.274091,-0.230255,-2.652900,1.239193,-1.605704,-0.261798
4620.311312,sim,1.274091,-0.229971,-2.652901,1.239179,-1.605701,-0.261802
4620.315247,sim,1.274091,-0.229716,-2.652898,1.239200,-1.605704,-0.261796
4620.319175,sim,1.274090,-0.229445,-2.652903,1.239173,-1.605699,-0.261804
4620.323471,sim,1.274091,-0.229207,-2.652900,1.239193,-1.605704,-0.261797
4620.327389,sim,1.274091,-0.228957,-2.652903,1.239175,-1.605702,-0.261801
4620.331312,sim,1.274090,-0.228748,-2.652900,1.239193,-1.605704,-0.261798
4620.335271,sim,1.274091,-0.228526,-2.652902,1.239176,-1.605700,-0.261802
4620.339345,sim,1.274090,-0.228538,-2.652899,1.239194,-1.605703,-0.261799
4620.343647,sim,1.274090,-0.228329,-2.652903,1.239173,-1.605700,-0.261803
4620.347347,sim,1.274090,-0.228160,-2.652900,1.239192,-1.605705,-0.261797
4620.351315,sim,1.274092,-0.227989,-2.652903,1.239173,-1.605701,-0.261802
4620.355440,sim,1.274091,-0.227864,-2.652898,1.239199,-1.605704,-0.261797
4620.359375,sim,1.274090,-0.227724,-2.652903,1.239175,-1.605700,-0.261803
4620.363441,sim,1.274090,-0.227619,-2.652899,1.239196,-1.605704,-0.261797
4620.367225,sim,1.274090,-0.227505,-2.652903,1.239171,-1.605699,-0.261804
4620.371383,sim,1.274091,-0.227429,-2.652899,1.239197,-1.605704,-0.261797
4620.375318,sim,1.274090,-0.227332,-2.652903,1.239171,-1.605700,-0.261804
4620.379307,sim,1.274091,-0.227270,-2.652900,1.239194,-1.605705,-0.261797
4620.383275,sim,1.274091,-0.227190,-2.652904,1.239170,-1.605700,-0.261803
4620.387376,sim,1.274091,-0.227147,-2.652899,1.239196,-1.605705,-0.261796
4620.391335,sim,1.274091,-0.227082,-2.652902,1.239178,-1.605701,-0.261802
4620.395326,sim,1.274090,-0.227041,-2.652899,1.239197,-1.605704,-0.261797
4620.399262,sim,1.274090,-0.226978,-2.652903,1.239173,-1.605700,-0.261803
4620.403355,sim,1.274092,-0.226981,-2.652900,1.239193,-1.605707,-0.261794
4620.407314,sim,1.274090,-0.226982,-2.652904,1.239171,-1.605698,-0.261806
4620.411308,sim,1.274091,-0.226995,-2.652898,1.239200,-1.605704,-0.261796
4620.415283,sim,1.274089,-0.226977,-2.652904,1.239167,-1.605698,-0.261805
4620.419257,sim,1.274091,-0.226989,-2.652899,1.239195,-1.605705,-0.261796
4620.423316,sim,1.274090,-0.226975,-2.652904,1.239169,-1.605700,-0.261803
4620.427310,sim,1.274091,-0.226990,-2.652899,1.239196,-1.605705,-0.261796
4620.431200,sim,1.274090,-0.226981,-2.652903,1.239173,-1.605699,-0.261804
4620.435301,sim,1.274090,-0.226995,-2.652898,1.239198,-1.605704,-0.261797
4620.439283,sim,1.274090,-0.226976,-2.652903,1.239172,-1.605700,-0.261802
4620.443609,sim,1.274091,-0.226990,-2.652900,1.239195,-1.605705,-0.261797
4620.447239,sim,1.274090,-0.226979,-2.652903,1.239171,-1.605699,-0.261804
4620.451300,sim,1.274090,-0.226986,-2.652900,1.239191,-1.605705,-0.261797
4620.455360,sim,1.274091,-0.226973,-2.652904,1.239171,-1.605701,-0.261801
4620.459267,sim,1.274091,-0.226943,-2.652900,1.239194,-1.605705,-0.261797
4620.463478,sim,1.274090,-0.226895,-2.652903,1.239174,-1.605700,-0.261803
4620.467416,sim,1.274090,-0.226872,-2.652899,1.239195,-1.605704,-0.261797
4620.471400,sim,1.274090,-0.226829,-2.652903,1.239173,-1.605700,-0.261803
4620.475335,sim,1.274090,-0.226819,-2.652899,1.239195,-1.605703,-0.261798
4620.479261,sim,1.274089,-0.226791,-2.652902,1.239174,-1.605697,-0.261807
4620.483892,sim,1.274090,-0.226767,-2.652900,1.239194,-1.605706,-0.261795
4620.487341,sim,1.274092,-0.226758,-2.652903,1.239176,-1.605702,-0.261801
4620.491310,sim,1.274091,-0.226750,-2.652900,1.239193,-1.605704,-0.261797
4620.495287,sim,1.274091,-0.226710,-2.652903,1.239173,-1.605701,-0.261802
4620.499295,sim,1.274090,-0.226694,-2.652900,1.239194,-1.605704,-0.261798
4620.503359,sim,1.274090,-0.226647,-2.652903,1.239175,-1.605701,-0.261802
4620.507356,sim,1.274090,-0.226617,-2.652900,1.239195,-1.605704,-0.261797
4620.511211,sim,1.274090,-0.226560,-2.652903,1.239173,-1.605700,-0.261803
4620.515276,sim,1.274091,-0.226512,-2.652901,1.239192,-1.605707,-0.261794
4620.519267,sim,1.274090,-0.226514,-2.652904,1.239172,-1.605698,-0.261805
4620.523423,sim,1.274090,-0.226470,-2.652899,1.239197,-1.605703,-0.261798
4620.527276,sim,1.274089,-0.226380,-2.652905,1.239167,-1.605699,-0.261805
4620.531340,sim,1.274090,-0.226308,-2.652901,1.239192,-1.605705,-0.261796
4620.535343,sim,1.274091,-0.226208,-2.652904,1.239173,-1.605701,-0.261802
4620.539314,sim,1.274090,-0.226119,-2.652900,1.239194,-1.605705,-0.261797
4620.543477,sim,1.274090,-0.226109,-2.652903,1.239173,-1.605700,-0.261804
4620.547336,sim,1.274089,-0.226003,-2.652900,1.239194,-1.605704,-0.261798
4620.551325,sim,1.274090,-0.225845,-2.652904,1.239172,-1.605701,-0.261802
4620.555329,sim,1.274090,-0.225696,-2.652900,1.239194,-1.605705,-0.261797
4620.559233,sim,1.274090,-0.225502,-2.652904,1.239171,-1.605701,-0.261803
4620.563498,sim,1.274092,-0.225321,-2.652899,1.239197,-1.605704,-0.261797
4620.567376,sim,1.274091,-0.225095,-2.652903,1.239173,-1.605701,-0.261802
4620.571286,sim,1.274090,-0.224888,-2.652900,1.239192,-1.605703,-0.261799
4620.575327,sim,1.274090,-0.224877,-2.652903,1.239175,-1.605700,-0.261803
4620.579316,sim,1.274089,-0.224654,-2.652900,1.239194,-1.605704,-0.261798
4620.583416,sim,1.274090,-0.224389,-2.652904,1.239171,-1.605701,-0.261802
4620.587296,sim,1.274090,-0.224141,-2.652901,1.239191,-1.605704,-0.261798
4620.591307,sim,1.274090,-0.223854,-2.652905,1.239168,-1.605701,-0.261803
4620.595287,sim,1.274091,-0.223588,-2.652900,1.239196,-1.605705,-0.261797
4620.599275,sim,1.274089,-0.223282,-2.652904,1.239170,-1.605699,-0.261804
4620.603369,sim,1.274091,-0.222993,-2.652899,1.239198,-1.605705,-0.261796
4620.607345,sim,1.274090,-0.222666,-2.652903,1.239173,-1.605700,-0.261803
4620.611374,sim,1.274090,-0.222676,-2.652901,1.239191,-1.605704,-0.261798
4620.615369,sim,1.274090,-0.222341,-2.652905,1.239168,-1.605701,-0.261802
4620.619283,sim,1.274091,-0.222037,-2.652900,1.239195,-1.605705,-0.261797
4620.623413,sim,1.274090,-0.221697,-2.652903,1.239174,-1.605700,-0.261803
4620.627372,sim,1.274090,-0.221374,-2.652900,1.239195,-1.605704,-0.261797
4620.631306,sim,1.274091,-0.221024,-2.652904,1.239172,-1.605700,-0.261803
4620.635306,sim,1.274091,-0.221036,-2.652900,1.239195,-1.605704,-0.261797
4620.639335,sim,1.274090,-0.220664,-2.652905,1.239167,-1.605700,-0.261804
4620.643497,sim,1.274091,-0.220304,-2.652900,1.239195,-1.605705,-0.261797
4620.647353,sim,1.274089,-0.219896,-2.652904,1.239172,-1.605700,-0.261803
4620.651342,sim,1.274091,-0.219501,-2.652899,1.239197,-1.605704,-0.261797
4620.655279,sim,1.274090,-0.219067,-2.652904,1.239170,-1.605699,-0.261804
4620.659299,sim,1.274091,-0.218651,-2.652900,1.239194,-1.605705,-0.261797
4620.663362,sim,1.274089,-0.218204,-2.652906,1.239165,-1.605700,-0.261803
4620.667275,sim,1.274092,-0.218224,-2.652900,1.239198,-1.605706,-0.261796
4620.671400,sim,1.274090,-0.217789,-2.652904,1.239174,-1.605700,-0.261802
4620.675304,sim,1.274091,-0.217390,-2.652899,1.239199,-1.605705,-0.261796
4620.679360,sim,1.274090,-0.216974,-2.652903,1.239174,-1.605700,-0.261803
4620.683368,sim,1.274091,-0.216590,-2.652901,1.239193,-1.605705,-0.261797
4620.687284,sim,1.274090,-0.216191,-2.652906,1.239167,-1.605700,-0.261803
4620.691366,sim,1.274092,-0.215833,-2.652900,1.239196,-1.605705,-0.261796
4620.695273,sim,1.274091,-0.215459,-2.652903,1.239178,-1.605700,-0.261803
4620.699319,sim,1.274089,-0.215468,-2.652900,1.239192,-1.605703,-0.261800
4620.703404,sim,1.274091,-0.215093,-2.652904,1.239173,-1.605700,-0.261803
4620.707513,sim,1.274090,-0.214749,-2.652901,1.239193,-1.605705,-0.261797
4620.711326,sim,1.274091,-0.214390,-2.652904,1.239172,-1.605701,-0.261803
4620.715331,sim,1.274091,-0.214068,-2.652900,1.239198,-1.605704,-0.261797
4620.719211,sim,1.274089,-0.213721,-2.652904,1.239173,-1.605700,-0.261803
4620.723413,sim,1.274091,-0.213733,-2.652900,1.239197,-1.605705,-0.261796
4620.727280,sim,1.274090,-0.213394,-2.652904,1.239172,-1.605700,-0.261804
4620.731296,sim,1.274091,-0.213080,-2.652901,1.239192,-1.605705,-0.261797
4620.735374,sim,1.274091,-0.212752,-2.652905,1.239171,-1.605701,-0.261802
4620.739277,sim,1.274091,-0.212462,-2.652900,1.239195,-1.605704,-0.261798
4620.743467,sim,1.274090,-0.212153,-2.652903,1.239176,-1.605700,-0.261803
4620.747394,sim,1.274090,-0.211879,-2.652900,1.239197,-1.605704,-0.261798
4620.751371,sim,1.274090,-0.211589,-2.652905,1.239171,-1.605700,-0.261804
4620.755344,sim,1.274091,-0.211345,-2.652900,1.239197,-1.605705,-0.261797
4620.759350,sim,1.274090,-0.211330,-2.652905,1.239170,-1.605699,-0.261804
4620.763456,sim,1.274091,-0.211105,-2.652901,1.239195,-1.605705,-0.261797
4620.767364,sim,1.274091,-0.210879,-2.652905,1.239170,-1.605700,-0.261803
4620.771332,sim,1.274090,-0.210708,-2.652901,1.239194,-1.605705,-0.261797
4620.775352,sim,1.274091,-0.210535,-2.652903,1.239177,-1.605701,-0.261802
4620.779331,sim,1.274090,-0.210403,-2.652900,1.239196,-1.605704,-0.261797
4620.783379,sim,1.274090,-0.210261,-2.652905,1.239171,-1.605700,-0.261803
4620.787366,sim,1.274092,-0.210167,-2.652900,1.239196,-1.605704,-0.261797
4620.791375,sim,1.274091,-0.210151,-2.652904,1.239173,-1.605701,-0.261802
4620.795366,sim,1.274091,-0.210070,-2.652901,1.239193,-1.605703,-0.261799
4620.799323,sim,1.274090,-0.209971,-2.652904,1.239175,-1.605700,-0.261803
4620.803464,sim,1.274091,-0.209902,-2.652901,1.239195,-1.605705,-0.261796
4620.807433,sim,1.274092,-0.209820,-2.652904,1.239175,-1.605701,-0.261801
4620.811418,sim,1.274091,-0.209777,-2.652900,1.239197,-1.605704,-0.261798
4620.815336,sim,1.274090,-0.209710,-2.652904,1.239174,-1.605699,-0.261804
4620.819316,sim,1.274091,-0.209675,-2.652900,1.239199,-1.605705,-0.261796
4620.823469,sim,1.274090,-0.209619,-2.652905,1.239171,-1.605699,-0.261804
4620.827367,sim,1.274091,-0.209596,-2.652900,1.239196,-1.605705,-0.261797
4620.831297,sim,1.274090,-0.209546,-2.652906,1.239167,-1.605700,-0.261804
4620.835424,sim,1.274092,-0.209538,-2.652900,1.239199,-1.605706,-0.261796
4620.839369,sim,1.274090,-0.209502,-2.652904,1.239173,-1.605699,-0.261804
4620.843596,sim,1.274091,-0.209494,-2.652899,1.239199,-1.605704,-0.261797
4620.847309,sim,1.274089,-0.209455,-2.652905,1.239168,-1.605699,-0.261804
4620.851433,sim,1.274090,-0.209452,-2.652901,1.239195,-1.605704,-0.261797
4620.855338,sim,1.274090,-0.209436,-2.652905,1.239171,-1.605701,-0.261802
4620.859339,sim,1.274091,-0.209449,-2.652901,1.239194,-1.605705,-0.261797
4620.863359,sim,1.274091,-0.209434,-2.652905,1.239172,-1.605701,-0.261802
4620.867338,sim,1.274091,-0.209452,-2.652900,1.239195,-1.605704,-0.261798
4620.871343,sim,1.274090,-0.209440,-2.652904,1.239175,-1.605700,-0.261802
4620.875303,sim,1.274090,-0.209452,-2.652900,1.239196,-1.605704,-0.261797
4620.879329,sim,1.274090,-0.209438,-2.652904,1.239173,-1.605700,-0.261803
4620.883407,sim,1.274090,-0.209444,-2.652902,1.239189,-1.605705,-0.261797
4620.887359,sim,1.274091,-0.209435,-2.652905,1.239171,-1.605700,-0.261803
4620.891326,sim,1.274090,-0.209451,-2.652901,1.239194,-1.605704,-0.261797
4620.895352,sim,1.274090,-0.209437,-2.652904,1.239173,-1.605701,-0.261802
4620.899292,sim,1.274090,-0.209451,-2.652901,1.239195,-1.605705,-0.261797
4620.903492,sim,1.274090,-0.209437,-2.652904,1.239172,-1.605700,-0.261803
4620.907375,sim,1.274091,-0.209450,-2.652901,1.239191,-1.605703,-0.261799
4620.911374,sim,1.274091,-0.209436,-2.652904,1.239176,-1.605702,-0.261800
4620.915366,sim,1.274090,-0.209449,-2.652901,1.239193,-1.605704,-0.261797
4620.919404,sim,1.274090,-0.209440,-2.652904,1.239175,-1.605700,-0.261803
4620.923515,sim,1.274090,-0.209455,-2.652900,1.239196,-1.605703,-0.261798
4620.927317,sim,1.274090,-0.209437,-2.652904,1.239171,-1.605699,-0.261804
4620.931397,sim,1.274091,-0.209450,-2.652900,1.239196,-1.605705,-0.261796
4620.935367,sim,1.274090,-0.209434,-2.652882,1.239169,-1.605700,-0.261803
4620.939363,sim,1.274091,-0.209453,-2.652853,1.239198,-1.605705,-0.261796
4620.943498,sim,1.274090,-0.209440,-2.652834,1.239175,-1.605700,-0.261803
4620.947288,sim,1.274090,-0.209452,-2.652808,1.239192,-1.605703,-0.261799
4620.951331,sim,1.274089,-0.209450,-2.652786,1.239176,-1.605697,-0.261806
4620.955339,sim,1.274090,-0.209447,-2.652760,1.239197,-1.605707,-0.261794
4620.959241,sim,1.274091,-0.209435,-2.652742,1.239173,-1.605701,-0.261802
4620.963348,sim,1.274091,-0.209449,-2.652715,1.239193,-1.605704,-0.261797
4620.967271,sim,1.274091,-0.209434,-2.652695,1.239172,-1.605701,-0.261802
4620.971855,sim,1.274091,-0.209449,-2.652667,1.239197,-1.605706,-0.261796
4620.975243,sim,1.274090,-0.209441,-2.652647,1.239175,-1.605700,-0.261803
4620.979327,sim,1.274091,-0.209441,-2.652622,1.239192,-1.605707,-0.261795
4620.983405,sim,1.274091,-0.209438,-2.652602,1.239170,-1.605699,-0.261805
4620.987411,sim,1.274091,-0.209456,-2.652573,1.239198,-1.605704,-0.261797
4620.991295,sim,1.274090,-0.209442,-2.652554,1.239174,-1.605699,-0.261804
4620.995349,sim,1.274090,-0.209454,-2.652527,1.239196,-1.605704,-0.261798
4620.999353,sim,1.274089,-0.209438,-2.652509,1.239170,-1.605699,-0.261804
4621.003434,sim,1.274090,-0.209454,-2.652481,1.239197,-1.605704,-0.261797
4621.007375,sim,1.274090,-0.209437,-2.652462,1.239173,-1.605700,-0.261802
4621.011376,sim,1.274091,-0.209446,-2.652436,1.239192,-1.605705,-0.261797
4621.015410,sim,1.274090,-0.209434,-2.652417,1.239169,-1.605700,-0.261803
4621.019301,sim,1.274091,-0.209451,-2.652388,1.239196,-1.605705,-0.261797
4621.023405,sim,1.274091,-0.209441,-2.652368,1.239178,-1.605701,-0.261802
4621.027295,sim,1.274090,-0.209456,-2.652341,1.239197,-1.605703,-0.261798
4621.031328,sim,1.274088,-0.209434,-2.652324,1.239165,-1.605699,-0.261805
4621.035360,sim,1.274091,-0.209445,-2.652296,1.239194,-1.605706,-0.261795
4621.039277,sim,1.274091,-0.209435,-2.652276,1.239173,-1.605701,-0.261802
4621.043526,sim,1.274090,-0.209452,-2.652249,1.239193,-1.605703,-0.261799
4621.047340,sim,1.274090,-0.209439,-2.652229,1.239174,-1.605700,-0.261803
4621.051287,sim,1.274090,-0.209455,-2.652201,1.239198,-1.605704,-0.261798
4621.055314,sim,1.274090,-0.209438,-2.652182,1.239174,-1.605700,-0.261803
4621.059289,sim,1.274091,-0.209449,-2.652156,1.239196,-1.605705,-0.261796
4621.063429,sim,1.274089,-0.209432,-2.652138,1.239165,-1.605700,-0.261804
4621.067278,sim,1.274090,-0.209448,-2.652110,1.239194,-1.605706,-0.261796
4621.071354,sim,1.274091,-0.209441,-2.652088,1.239177,-1.605700,-0.261802
4621.075372,sim,1.274090,-0.209451,-2.652062,1.239198,-1.605705,-0.261796
4621.079338,sim,1.274089,-0.209436,-2.652044,1.239167,-1.605699,-0.261805
4621.083340,sim,1.274091,-0.209449,-2.652016,1.239196,-1.605706,-0.261796
4621.087347,sim,1.274091,-0.209435,-2.651997,1.239172,-1.605701,-0.261802
4621.091311,sim,1.274091,-0.209452,-2.651969,1.239195,-1.605704,-0.261798
4621.095405,sim,1.274090,-0.209440,-2.651949,1.239175,-1.605700,-0.261803
4621.099347,sim,1.274090,-0.209451,-2.651923,1.239193,-1.605704,-0.261798
4621.103405,sim,1.274090,-0.209437,-2.651904,1.239169,-1.605699,-0.261804
4621.107436,sim,1.274091,-0.209450,-2.651876,1.239196,-1.605705,-0.261796
4621.111338,sim,1.274091,-0.209434,-2.651857,1.239172,-1.605701,-0.261802
4621.115412,sim,1.274091,-0.209452,-2.651830,1.239195,-1.605704,-0.261798
4621.119350,sim,1.274090,-0.209440,-2.651810,1.239175,-1.605700,-0.261803
4621.123363,sim,1.274089,-0.209449,-2.651807,1.239193,-1.605704,-0.261797
4621.127345,sim,1.274091,-0.209437,-2.651801,1.239174,-1.605701,-0.261802
4621.131308,sim,1.274091,-0.209448,-2.651815,1.239195,-1.605705,-0.261796
4621.135336,sim,1.274091,-0.209435,-2.651857,1.239172,-1.605700,-0.261802
4621.139345,sim,1.274091,-0.209453,-2.651852,1.239196,-1.605704,-0.261798
4621.143503,sim,1.274090,-0.209441,-2.651811,1.239176,-1.605700,-0.261803
4621.147379,sim,1.274090,-0.209452,-2.651807,1.239196,-1.605704,-0.261797
4621.151323,sim,1.274089,-0.209436,-2.651780,1.239168,-1.605699,-0.261805
4621.155339,sim,1.274090,-0.209449,-2.651764,1.239193,-1.605704,-0.261798
4621.159298,sim,1.274091,-0.209438,-2.651774,1.239175,-1.605700,-0.261803
4621.163483,sim,1.274091,-0.209449,-2.651792,1.239195,-1.605704,-0.261797
4621.167303,sim,1.274090,-0.209432,-2.651829,1.239171,-1.605701,-0.261802
4621.171367,sim,1.274091,-0.209449,-2.651865,1.239195,-1.605704,-0.261798
4621.175311,sim,1.274089,-0.209436,-2.651913,1.239173,-1.605700,-0.261803
4621.179392,sim,1.274090,-0.209449,-2.651909,1.239196,-1.605705,-0.261797
4621.183329,sim,1.274090,-0.209436,-2.651947,1.239171,-1.605699,-0.261804
4621.187331,sim,1.274090,-0.209445,-2.651957,1.239194,-1.605705,-0.261796
4621.191303,sim,1.274091,-0.209430,-2.651954,1.239173,-1.605702,-0.261801
4621.195352,sim,1.274091,-0.209450,-2.651923,1.239196,-1.605704,-0.261798
4621.199402,sim,1.274089,-0.209435,-2.651884,1.239170,-1.605699,-0.261804
4621.203421,sim,1.274091,-0.209443,-2.651819,1.239194,-1.605706,-0.261796
4621.207444,sim,1.274090,-0.209430,-2.651747,1.239168,-1.605700,-0.261804
4621.211421,sim,1.274091,-0.209449,-2.651742,1.239197,-1.605705,-0.261797
4621.215397,sim,1.274089,-0.209433,-2.651649,1.239171,-1.605700,-0.261803
4621.219354,sim,1.274091,-0.209447,-2.651522,1.239195,-1.605705,-0.261797
4621.223515,sim,1.274091,-0.209436,-2.651379,1.239177,-1.605700,-0.261802
4621.227359,sim,1.274090,-0.209448,-2.651209,1.239195,-1.605704,-0.261798
4621.231241,sim,1.274090,-0.209432,-2.651027,1.239172,-1.605700,-0.261803
4621.235326,sim,1.274091,-0.209443,-2.651023,1.239193,-1.605705,-0.261797
4621.239408,sim,1.274090,-0.209428,-2.650813,1.239168,-1.605701,-0.261803
4621.243629,sim,1.274092,-0.209448,-2.650559,1.239197,-1.605704,-0.261797
4621.247369,sim,1.274090,-0.209437,-2.650284,1.239175,-1.605700,-0.261803
4621.251405,sim,1.274090,-0.209447,-2.649978,1.239196,-1.605704,-0.261797
4621.255396,sim,1.274091,-0.209435,-2.649657,1.239173,-1.605700,-0.261803
4621.259302,sim,1.274091,-0.209446,-2.649311,1.239193,-1.605704,-0.261798
4621.263285,sim,1.274091,-0.209429,-2.648960,1.239171,-1.605701,-0.261802
4621.267377,sim,1.274091,-0.209447,-2.648956,1.239194,-1.605704,-0.261798
4621.271332,sim,1.274091,-0.209435,-2.648593,1.239176,-1.605701,-0.261802
4621.275301,sim,1.274091,-0.209438,-2.648213,1.239192,-1.605706,-0.261795
4621.279321,sim,1.274091,-0.209433,-2.647827,1.239172,-1.605700,-0.261803
4621.283400,sim,1.274091,-0.209451,-2.647423,1.239196,-1.605703,-0.261798
4621.287337,sim,1.274090,-0.209437,-2.647017,1.239176,-1.605700,-0.261803
4621.291457,sim,1.274090,-0.209450,-2.646595,1.239194,-1.605703,-0.261799
4621.295364,sim,1.274090,-0.209431,-2.646600,1.239169,-1.605700,-0.261804
4621.299320,sim,1.274091,-0.209449,-2.646162,1.239197,-1.605705,-0.261797
4621.303457,sim,1.274091,-0.209434,-2.645719,1.239175,-1.605701,-0.261802
4621.307358,sim,1.274090,-0.209432,-2.645261,1.239189,-1.605707,-0.261794
4621.311373,sim,1.274092,-0.209437,-2.644796,1.239176,-1.605700,-0.261803
4621.316186,sim,1.274090,-0.209438,-2.644325,1.239192,-1.605706,-0.261795
4621.319345,sim,1.274091,-0.209439,-2.643858,1.239173,-1.605698,-0.261805
4621.323476,sim,1.274090,-0.209454,-2.643386,1.239198,-1.605703,-0.261798
4621.327299,sim,1.274089,-0.209431,-2.643392,1.239168,-1.605700,-0.261804
4621.331323,sim,1.274091,-0.209443,-2.642931,1.239193,-1.605705,-0.261797
4621.335369,sim,1.274091,-0.209429,-2.642493,1.239171,-1.605701,-0.261802
4621.339312,sim,1.274090,-0.209447,-2.642062,1.239194,-1.605704,-0.261798
4621.343522,sim,1.274090,-0.209435,-2.641651,1.239175,-1.605700,-0.261802
4621.347498,sim,1.274090,-0.209443,-2.641247,1.239192,-1.605705,-0.261797
4621.351446,sim,1.274091,-0.209432,-2.640861,1.239173,-1.605701,-0.261802
4621.355400,sim,1.274090,-0.209448,-2.640477,1.239195,-1.605704,-0.261798
4621.359292,sim,1.274090,-0.209436,-2.640480,1.239176,-1.605700,-0.261803
4621.363419,sim,1.274090,-0.209452,-2.640109,1.239196,-1.605703,-0.261798
4621.367307,sim,1.274089,-0.209431,-2.639760,1.239171,-1.605700,-0.261803
4621.371357,sim,1.274090,-0.209448,-2.639414,1.239194,-1.605704,-0.261798
4621.375372,sim,1.274091,-0.209433,-2.639089,1.239175,-1.605701,-0.261802
4621.379301,sim,1.274091,-0.209452,-2.638768,1.239199,-1.605704,-0.261798
4621.383476,sim,1.274090,-0.209432,-2.638773,1.239171,-1.605700,-0.261804
4621.387353,sim,1.274091,-0.209445,-2.638465,1.239196,-1.605705,-0.261796
4621.391340,sim,1.274090,-0.209428,-2.638176,1.239170,-1.605701,-0.261802
4621.395340,sim,1.274091,-0.209447,-2.637890,1.239196,-1.605705,-0.261797
4621.399374,sim,1.274090,-0.209435,-2.637625,1.239173,-1.605700,-0.261804
4621.403434,sim,1.274090,-0.209446,-2.637366,1.239195,-1.605705,-0.261797
4621.407404,sim,1.274090,-0.209429,-2.637129,1.239170,-1.605700,-0.261803
4621.411312,sim,1.274091,-0.209448,-2.636896,1.239197,-1.605705,-0.261796
4621.415378,sim,1.274089,-0.209432,-2.636901,1.239170,-1.605700,-0.261803
4621.419300,sim,1.274091,-0.209451,-2.636687,1.239198,-1.605704,-0.261797
4621.423335,sim,1.274090,-0.209435,-2.636505,1.239176,-1.605700,-0.261802
4621.427382,sim,1.274090,-0.209448,-2.636338,1.239196,-1.605704,-0.261798
4621.431314,sim,1.274090,-0.209431,-2.636198,1.239169,-1.605699,-0.261804
4621.435365,sim,1.274090,-0.209443,-2.636067,1.239191,-1.605704,-0.261798
4621.439302,sim,1.274091,-0.209429,-2.635960,1.239171,-1.605701,-0.261802
4621.443591,sim,1.274090,-0.209444,-2.635860,1.239194,-1.605705,-0.261796
4621.447352,sim,1.274091,-0.209435,-2.635780,1.239177,-1.605701,-0.261802
4621.451337,sim,1.274089,-0.209448,-2.635707,1.239193,-1.605704,-0.261798
4621.455386,sim,1.274092,-0.209435,-2.635649,1.239178,-1.605701,-0.261801
4621.459295,sim,1.274090,-0.209444,-2.635595,1.239193,-1.605704,-0.261797
4621.463423,sim,1.274091,-0.209430,-2.635555,1.239171,-1.605700,-0.261803
4621.467333,sim,1.274090,-0.209447,-2.635513,1.239194,-1.605704,-0.261798
4621.471296,sim,1.274090,-0.209436,-2.635482,1.239175,-1.605700,-0.261803
4621.475329,sim,1.274090,-0.209439,-2.635480,1.239192,-1.605706,-0.261796
4621.479379,sim,1.274090,-0.209431,-2.635456,1.239169,-1.605700,-0.261804
4621.483468,sim,1.274091,-0.209451,-2.635428,1.239199,-1.605704,-0.261797
4621.487382,sim,1.274089,-0.209435,-2.635418,1.239172,-1.605699,-0.261804
4621.491339,sim,1.274090,-0.209447,-2.635404,1.239195,-1.605704,-0.261797
4621.495417,sim,1.274090,-0.209432,-2.635402,1.239171,-1.605700,-0.261803
4621.499283,sim,1.274090,-0.209444,-2.635396,1.239192,-1.605705,-0.261797
4621.503357,sim,1.274090,-0.209428,-2.635401,1.239170,-1.605701,-0.261802
4621.507454,sim,1.274091,-0.209448,-2.635396,1.239195,-1.605704,-0.261798
4621.511408,sim,1.274090,-0.209436,-2.635397,1.239176,-1.605701,-0.261802
4621.515401,sim,1.274090,-0.209453,-2.635387,1.239198,-1.605703,-0.261798
4621.519286,sim,1.274091,-0.209435,-2.635380,1.239176,-1.605700,-0.261802
4621.523466,sim,1.274091,-0.209447,-2.635363,1.239194,-1.605704,-0.261798
4621.527401,sim,1.274090,-0.209429,-2.635348,1.239170,-1.605701,-0.261802
4621.531318,sim,1.274090,-0.209445,-2.635321,1.239192,-1.605704,-0.261798
4621.535286,sim,1.274090,-0.209434,-2.635295,1.239174,-1.605701,-0.261802
4621.539339,sim,1.274090,-0.209449,-2.635291,1.239195,-1.605704,-0.261798
4621.543515,sim,1.274091,-0.209433,-2.635258,1.239175,-1.605701,-0.261802
4621.547381,sim,1.274091,-0.209448,-2.635206,1.239196,-1.605704,-0.261797
4621.551331,sim,1.274091,-0.209433,-2.635149,1.239173,-1.605700,-0.261803
4621.555450,sim,1.274091,-0.209447,-2.635073,1.239195,-1.605704,-0.261797
4621.559328,sim,1.274091,-0.209430,-2.634995,1.239170,-1.605700,-0.261803
4621.563506,sim,1.274091,-0.209448,-2.634991,1.239194,-1.605704,-0.261798
4621.567290,sim,1.274090,-0.209435,-2.634895,1.239175,-1.605700,-0.261803
4621.571553,sim,1.274089,-0.209445,-2.634771,1.239193,-1.605705,-0.261797
4621.575433,sim,1.274091,-0.209433,-2.634633,1.239175,-1.605701,-0.261802
4621.579422,sim,1.274091,-0.209446,-2.634471,1.239193,-1.605704,-0.261798
4621.583419,sim,1.274091,-0.209430,-2.634302,1.239174,-1.605702,-0.261801
4621.587369,sim,1.274091,-0.209448,-2.634113,1.239195,-1.605704,-0.261797
4621.591578,sim,1.274090,-0.209435,-2.633921,1.239173,-1.605700,-0.261803
4621.595410,sim,1.274091,-0.209448,-2.633714,1.239195,-1.605705,-0.261797
4621.599376,sim,1.274090,-0.209432,-2.633719,1.239169,-1.605700,-0.261804
4621.603412,sim,1.274091,-0.209445,-2.633504,1.239194,-1.605705,-0.261796
4621.607408,sim,1.274091,-0.209428,-2.633290,1.239170,-1.605701,-0.261802
4621.611389,sim,1.274091,-0.209446,-2.633059,1.239194,-1.605705,-0.261797
4621.615395,sim,1.274090,-0.209434,-2.632825,1.239174,-1.605701,-0.261802
4621.619328,sim,1.274091,-0.209448,-2.632576,1.239195,-1.605705,-0.261797
4621.623481,sim,1.274091,-0.209433,-2.632324,1.239172,-1.605700,-0.261803
4621.627370,sim,1.274091,-0.209448,-2.632054,1.239196,-1.605705,-0.261797
4621.631287,sim,1.274090,-0.209433,-2.632059,1.239172,-1.605700,-0.261803
4621.635348,sim,1.274091,-0.209443,-2.631773,1.239193,-1.605705,-0.261796
4621.639311,sim,1.274092,-0.209432,-2.631470,1.239174,-1.605701,-0.261802
4621.643630,sim,1.274091,-0.209448,-2.631140,1.239195,-1.605704,-0.261797
4621.647307,sim,1.274091,-0.209436,-2.630798,1.239174,-1.605700,-0.261804
4621.651317,sim,1.274091,-0.209450,-2.630431,1.239198,-1.605705,-0.261796
4621.655393,sim,1.274090,-0.209433,-2.630436,1.239172,-1.605700,-0.261803
4621.659267,sim,1.274091,-0.209449,-2.630044,1.239196,-1.605705,-0.261797
4621.663381,sim,1.274090,-0.209432,-2.629633,1.239170,-1.605699,-0.261804
4621.667366,sim,1.274091,-0.209442,-2.629189,1.239194,-1.605706,-0.261796
4621.671344,sim,1.274091,-0.209429,-2.628733,1.239171,-1.605701,-0.261802
4621.675362,sim,1.274091,-0.209448,-2.628255,1.239194,-1.605704,-0.261797
4621.679366,sim,1.274090,-0.209434,-2.627776,1.239173,-1.605700,-0.261803
4621.683355,sim,1.274091,-0.209449,-2.627284,1.239197,-1.605705,-0.261797
4621.687434,sim,1.274089,-0.209431,-2.627289,1.239168,-1.605700,-0.261804
4621.691332,sim,1.274091,-0.209446,-2.626802,1.239194,-1.605705,-0.261797
4621.695369,sim,1.274091,-0.209434,-2.626333,1.239174,-1.605700,-0.261802
4621.699382,sim,1.274091,-0.209446,-2.625868,1.239193,-1.605704,-0.261798
4621.703417,sim,1.274091,-0.209430,-2.625417,1.239174,-1.605701,-0.261801
4621.707296,sim,1.274091,-0.209449,-2.624967,1.239196,-1.605704,-0.261798
4621.711349,sim,1.274090,-0.209436,-2.624532,1.239176,-1.605700,-0.261803
4621.715363,sim,1.274090,-0.209449,-2.624097,1.239196,-1.605704,-0.261797
4621.719349,sim,1.274090,-0.209433,-2.624101,1.239173,-1.605700,-0.261803
4621.723447,sim,1.274091,-0.209447,-2.623674,1.239193,-1.605704,-0.261798
4621.727287,sim,1.274090,-0.209426,-2.623267,1.239169,-1.605701,-0.261802
4621.731336,sim,1.274091,-0.209447,-2.622862,1.239194,-1.605705,-0.261797
4621.735348,sim,1.274089,-0.209434,-2.622477,1.239172,-1.605700,-0.261804
4621.739369,sim,1.274089,-0.209445,-2.622098,1.239194,-1.605705,-0.261796
4621.743463,sim,1.274090,-0.209431,-2.621739,1.239171,-1.605700,-0.261803
4621.747312,sim,1.274090,-0.209444,-2.621735,1.239192,-1.605705,-0.261797
4621.751339,sim,1.274091,-0.209430,-2.621391,1.239171,-1.605701,-0.261803
4621.755325,sim,1.274089,-0.209447,-2.621059,1.239192,-1.605704,-0.261798
4621.759290,sim,1.274090,-0.209433,-2.620751,1.239177,-1.605702,-0.261801
4621.763434,sim,1.274090,-0.209453,-2.620454,1.239199,-1.605704,-0.261797
4621.767435,sim,1.274089,-0.209432,-2.620186,1.239170,-1.605699,-0.261804
4621.771370,sim,1.274090,-0.209442,-2.619928,1.239189,-1.605704,-0.261798
4621.775374,sim,1.274091,-0.209430,-2.619693,1.239175,-1.605702,-0.261801
4621.779339,sim,1.274090,-0.209447,-2.619689,1.239194,-1.605704,-0.261797
4621.783432,sim,1.274090,-0.209432,-2.619476,1.239174,-1.605701,-0.261802
4621.787326,sim,1.274090,-0.209451,-2.619276,1.239197,-1.605704,-0.261798
4621.791339,sim,1.274090,-0.209434,-2.619106,1.239173,-1.605700,-0.261803
4621.795419,sim,1.274090,-0.209446,-2.618948,1.239195,-1.605705,-0.261796
4621.799296,sim,1.274090,-0.209428,-2.618815,1.239172,-1.605701,-0.261802
4621.803427,sim,1.274091,-0.209449,-2.618688,1.239197,-1.605705,-0.261797
4621.807411,sim,1.274090,-0.209436,-2.618584,1.239176,-1.605700,-0.261803
4621.811318,sim,1.274090,-0.209453,-2.618485,1.239198,-1.605704,-0.261798
4621.815352,sim,1.274090,-0.209434,-2.618407,1.239172,-1.605699,-0.261804
4621.819325,sim,1.274089,-0.209447,-2.618330,1.239191,-1.605703,-0.261799
4621.823465,sim,1.274090,-0.209428,-2.618268,1.239169,-1.605701,-0.261802
4621.827332,sim,1.274091,-0.209444,-2.618204,1.239194,-1.605706,-0.261796
4621.831304,sim,1.274090,-0.209426,-2.618153,1.239170,-1.605701,-0.261802
4621.835350,sim,1.274091,-0.209449,-2.618147,1.239197,-1.605705,-0.261797
4621.839322,sim,1.274091,-0.209438,-2.618102,1.239179,-1.605701,-0.261802
4621.843491,sim,1.274090,-0.209448,-2.618063,1.239195,-1.605704,-0.261797
4621.847428,sim,1.274090,-0.209433,-2.618040,1.239171,-1.605699,-0.261804
4621.851350,sim,1.274090,-0.209445,-2.618018,1.239194,-1.605705,-0.261796
4621.855297,sim,1.274091,-0.209429,-2.618011,1.239172,-1.605701,-0.261802
4621.859315,sim,1.274090,-0.209447,-2.618003,1.239194,-1.605704,-0.261797
4621.863398,sim,1.274089,-0.209432,-2.618010,1.239170,-1.605700,-0.261804
4621.867343,sim,1.274090,-0.209449,-2.618013,1.239194,-1.605704,-0.261798
4621.871300,sim,1.274090,-0.209430,-2.618028,1.239171,-1.605700,-0.261803
4621.875365,sim,1.274092,-0.209448,-2.618037,1.239200,-1.605706,-0.261795
4621.879286,sim,1.274090,-0.209430,-2.618059,1.239172,-1.605700,-0.261803
4621.883392,sim,1.274091,-0.209450,-2.618071,1.239198,-1.605705,-0.261797
4621.887333,sim,1.274090,-0.209437,-2.618093,1.239177,-1.605700,-0.261803
4621.891458,sim,1.274091,-0.209440,-2.618108,1.239193,-1.605706,-0.261796
4621.895347,sim,1.274091,-0.209433,-2.618127,1.239173,-1.605700,-0.261803
4621.899318,sim,1.274090,-0.209451,-2.618122,1.239196,-1.605704,-0.261798
4621.903384,sim,1.274090,-0.209435,-2.618126,1.239175,-1.605700,-0.261803
4621.907466,sim,1.274090,-0.209453,-2.618122,1.239197,-1.605704,-0.261798
4621.911358,sim,1.274090,-0.209432,-2.618127,1.239173,-1.605700,-0.261803
4621.915341,sim,1.274091,-0.209451,-2.618122,1.239197,-1.605704,-0.261798
4621.919276,sim,1.274090,-0.209432,-2.618126,1.239173,-1.605700,-0.261803
4621.923429,sim,1.274091,-0.209443,-2.618123,1.239193,-1.605705,-0.261797
4621.927326,sim,1.274090,-0.209429,-2.618128,1.239169,-1.605700,-0.261804
4621.931272,sim,1.274090,-0.209446,-2.618123,1.239194,-1.605705,-0.261797
4621.935288,sim,1.274090,-0.209433,-2.618126,1.239174,-1.605701,-0.261803
4621.939289,sim,1.274090,-0.209434,-2.618125,1.239189,-1.605707,-0.261795
4621.943610,sim,1.274091,-0.209431,-2.618128,1.239170,-1.605700,-0.261803
4621.947308,sim,1.274091,-0.209452,-2.618122,1.239196,-1.605704,-0.261798
4621.951311,sim,1.274089,-0.209435,-2.618126,1.239172,-1.605700,-0.261804
4621.955358,sim,1.274090,-0.209451,-2.618122,1.239197,-1.605705,-0.261797
4621.959383,sim,1.274090,-0.209433,-2.618127,1.239172,-1.605699,-0.261804
4621.963499,sim,1.274091,-0.209446,-2.618123,1.239195,-1.605705,-0.261797
4621.967301,sim,1.274090,-0.209427,-2.618128,1.239169,-1.605701,-0.261803
4621.971301,sim,1.274091,-0.209447,-2.618123,1.239196,-1.605705,-0.261797
4621.975372,sim,1.274090,-0.209434,-2.618126,1.239173,-1.605700,-0.261803
4621.979353,sim,1.274091,-0.209452,-2.618121,1.239198,-1.605704,-0.261798
4621.983359,sim,1.274090,-0.209433,-2.618127,1.239171,-1.605699,-0.261804
4621.987330,sim,1.274091,-0.209445,-2.618123,1.239194,-1.605705,-0.261797
4621.991369,sim,1.274091,-0.209430,-2.618127,1.239172,-1.605701,-0.261802
4621.995392,sim,1.274091,-0.209446,-2.618122,1.239197,-1.605706,-0.261796
4621.999299,sim,1.274090,-0.209435,-2.618126,1.239198,-1.605700,-0.261803
4622.003344,sim,1.274091,-0.209441,-2.618123,1.239240,-1.605706,-0.261796
4622.007301,sim,1.274090,-0.209431,-2.618127,1.239240,-1.605700,-0.261804
4622.011324,sim,1.274091,-0.209451,-2.618121,1.239290,-1.605704,-0.261797
4622.015291,sim,1.274089,-0.209434,-2.618126,1.239287,-1.605699,-0.261805
4622.019272,sim,1.274090,-0.209451,-2.618121,1.239338,-1.605705,-0.261797
4622.023345,sim,1.274090,-0.209433,-2.618125,1.239336,-1.605700,-0.261803
4622.027309,sim,1.274090,-0.209447,-2.618121,1.239381,-1.605705,-0.261797
4622.031244,sim,1.274090,-0.209432,-2.618126,1.239380,-1.605700,-0.261804
4622.035302,sim,1.274091,-0.209447,-2.618121,1.239429,-1.605705,-0.261796
4622.039287,sim,1.274090,-0.209430,-2.618125,1.239426,-1.605700,-0.261803
4622.043541,sim,1.274091,-0.209448,-2.618120,1.239476,-1.605705,-0.261797
4622.047290,sim,1.274090,-0.209434,-2.618124,1.239475,-1.605700,-0.261804
4622.051315,sim,1.274091,-0.209447,-2.618120,1.239521,-1.605705,-0.261797
4622.055385,sim,1.274089,-0.209426,-2.618126,1.239516,-1.605700,-0.261804
4622.059331,sim,1.274091,-0.209447,-2.618120,1.239568,-1.605706,-0.261796
4622.063348,sim,1.274090,-0.209435,-2.618123,1.239568,-1.605700,-0.261804
4622.067323,sim,1.274090,-0.209447,-2.618120,1.239613,-1.605705,-0.261797
4622.071319,sim,1.274090,-0.209430,-2.618124,1.239611,-1.605700,-0.261804
4622.075320,sim,1.274092,-0.209448,-2.618118,1.239664,-1.605706,-0.261795
4622.079266,sim,1.274090,-0.209430,-2.618124,1.239658,-1.605700,-0.261804
4622.083426,sim,1.274091,-0.209448,-2.618118,1.239709,-1.605705,-0.261797
4622.087387,sim,1.274091,-0.209436,-2.618121,1.239713,-1.605701,-0.261802
4622.091328,sim,1.274091,-0.209436,-2.618120,1.239750,-1.605707,-0.261795
4622.095314,sim,1.274091,-0.209431,-2.618123,1.239752,-1.605700,-0.261804
4622.099294,sim,1.274090,-0.209451,-2.618118,1.239800,-1.605704,-0.261798
4622.103425,sim,1.274090,-0.209436,-2.618121,1.239804,-1.605700,-0.261803
4622.107369,sim,1.274090,-0.209452,-2.618117,1.239848,-1.605703,-0.261798
4622.111300,sim,1.274090,-0.209434,-2.618121,1.239848,-1.605700,-0.261803
4622.115279,sim,1.274091,-0.209443,-2.618118,1.239893,-1.605706,-0.261796
4622.119333,sim,1.274091,-0.209431,-2.618122,1.239892,-1.605700,-0.261804
4622.123369,sim,1.274091,-0.209449,-2.618116,1.239942,-1.605705,-0.261797
4622.127340,sim,1.274090,-0.209434,-2.618120,1.239943,-1.605700,-0.261803
4622.131342,sim,1.274090,-0.209447,-2.618117,1.239987,-1.605705,-0.261797
4622.135488,sim,1.274090,-0.209433,-2.618121,1.239986,-1.605699,-0.261804
4622.139312,sim,1.274091,-0.209444,-2.618116,1.240033,-1.605706,-0.261796
4622.144192,sim,1.274090,-0.209429,-2.618121,1.240029,-1.605699,-0.261804
4622.147275,sim,1.274090,-0.209448,-2.618116,1.240080,-1.605705,-0.261797
4622.151337,sim,1.274090,-0.209433,-2.618120,1.240081,-1.605701,-0.261803
4622.155349,sim,1.274090,-0.209446,-2.618116,1.240126,-1.605705,-0.261797
4622.159275,sim,1.274090,-0.209433,-2.618119,1.240127,-1.605700,-0.261803
4622.163411,sim,1.274090,-0.209445,-2.618116,1.240169,-1.605704,-0.261798
4622.167322,sim,1.274091,-0.209431,-2.618119,1.240152,-1.605701,-0.261802
4622.171355,sim,1.274090,-0.209450,-2.618113,1.240183,-1.605704,-0.261798
4622.175341,sim,1.274089,-0.209433,-2.618114,1.240146,-1.605700,-0.261803
4622.179342,sim,1.274090,-0.209448,-2.618104,1.240136,-1.605705,-0.261797
4622.183415,sim,1.274090,-0.209432,-2.618101,1.240063,-1.605700,-0.261803
4622.187399,sim,1.274091,-0.209446,-2.618088,1.240023,-1.605704,-0.261797
4622.191350,sim,1.274090,-0.209429,-2.618083,1.239931,-1.605700,-0.261803
4622.195311,sim,1.274091,-0.209448,-2.618067,1.239884,-1.605704,-0.261798
4622.199334,sim,1.274090,-0.209433,-2.618071,1.239866,-1.605701,-0.261802
4622.203485,sim,1.274090,-0.209450,-2.618067,1.239884,-1.605703,-0.261799
4622.207319,sim,1.274090,-0.209433,-2.618071,1.239908,-1.605700,-0.261803
4622.211311,sim,1.274091,-0.209446,-2.618067,1.239976,-1.605705,-0.261796
4622.215365,sim,1.274091,-0.209429,-2.618071,1.239999,-1.605701,-0.261802
4622.219338,sim,1.274090,-0.209446,-2.618068,1.240065,-1.605704,-0.261798
4622.223424,sim,1.274090,-0.209433,-2.618071,1.240046,-1.605701,-0.261802
4622.227373,sim,1.274090,-0.209449,-2.618066,1.240134,-1.605704,-0.261797
4622.231320,sim,1.274092,-0.209435,-2.618066,1.240225,-1.605701,-0.261802
4622.235354,sim,1.274091,-0.209431,-2.618062,1.240380,-1.605708,-0.261794
4622.239381,sim,1.274091,-0.209437,-2.618059,1.240542,-1.605699,-0.261804
4622.243554,sim,1.274089,-0.209450,-2.618050,1.240768,-1.605703,-0.261798
4622.247472,sim,1.274090,-0.209432,-2.618049,1.240978,-1.605700,-0.261803
4622.251385,sim,1.274091,-0.209452,-2.618037,1.241258,-1.605704,-0.261797
4622.255450,sim,1.274090,-0.209433,-2.618041,1.241234,-1.605700,-0.261803
4622.259367,sim,1.274091,-0.209448,-2.618031,1.241532,-1.605705,-0.261797
4622.263524,sim,1.274091,-0.209435,-2.618029,1.241811,-1.605700,-0.261802
4622.267382,sim,1.274091,-0.209431,-2.618024,1.242146,-1.605708,-0.261794
4622.271413,sim,1.274091,-0.209436,-2.618022,1.242469,-1.605698,-0.261805
4622.275397,sim,1.274090,-0.209450,-2.618013,1.242856,-1.605705,-0.261797
4622.279460,sim,1.274091,-0.209437,-2.618013,1.243216,-1.605701,-0.261802
4622.283483,sim,1.274090,-0.209453,-2.618007,1.243630,-1.605703,-0.261798
4622.287381,sim,1.274090,-0.209432,-2.618010,1.244015,-1.605700,-0.261803
4622.291548,sim,1.274091,-0.209449,-2.618005,1.244039,-1.605705,-0.261797
4622.295467,sim,1.274089,-0.209431,-2.618009,1.244431,-1.605699,-0.261804
4622.299391,sim,1.274091,-0.209444,-2.618003,1.244884,-1.605705,-0.261796
4622.303572,sim,1.274090,-0.209426,-2.618006,1.245296,-1.605702,-0.261802
4622.307559,sim,1.274091,-0.209448,-2.617999,1.245767,-1.605705,-0.261796
4622.311503,sim,1.274090,-0.209437,-2.618002,1.246197,-1.605700,-0.261803
4622.315423,sim,1.274090,-0.209448,-2.617999,1.246215,-1.605704,-0.261798
4622.319480,sim,1.274090,-0.209430,-2.618003,1.246660,-1.605700,-0.261803
4622.324049,sim,1.274091,-0.209447,-2.617997,1.247182,-1.605706,-0.261796
4622.328088,sim,1.274090,-0.209431,-2.618002,1.247672,-1.605700,-0.261804
4622.331542,sim,1.274091,-0.209444,-2.617997,1.248228,-1.605706,-0.261796
4622.335421,sim,1.274092,-0.209431,-2.618000,1.248750,-1.605701,-0.261802
4622.339458,sim,1.274090,-0.209448,-2.617996,1.249318,-1.605704,-0.261797
4622.343846,sim,1.274091,-0.209436,-2.617999,1.249845,-1.605700,-0.261803
4622.347536,sim,1.274090,-0.209448,-2.617996,1.249863,-1.605704,-0.261798
4622.351492,sim,1.274090,-0.209432,-2.618000,1.250373,-1.605700,-0.261803
4622.355493,sim,1.274091,-0.209445,-2.617996,1.250901,-1.605705,-0.261796
4622.359471,sim,1.274090,-0.209429,-2.618000,1.251358,-1.605700,-0.261803
4622.363686,sim,1.274090,-0.209446,-2.617996,1.251841,-1.605705,-0.261797
4622.367422,sim,1.274090,-0.209435,-2.617999,1.252259,-1.605700,-0.261803
4622.371595,sim,1.274091,-0.209454,-2.617993,1.252700,-1.605704,-0.261798
4622.375450,sim,1.274089,-0.209429,-2.617999,1.253069,-1.605700,-0.261803
4622.379546,sim,1.274090,-0.209447,-2.617995,1.253094,-1.605705,-0.261797
4622.383556,sim,1.274090,-0.209430,-2.617999,1.253447,-1.605701,-0.261802
4622.387643,sim,1.274091,-0.209446,-2.617994,1.253822,-1.605705,-0.261797
4622.391547,sim,1.274090,-0.209428,-2.617999,1.254123,-1.605700,-0.261804
4622.395570,sim,1.274091,-0.209447,-2.617994,1.254453,-1.605705,-0.261798
4622.399454,sim,1.274090,-0.209432,-2.617998,1.254716,-1.605701,-0.261803
4622.403574,sim,1.274090,-0.209449,-2.617993,1.254739,-1.605705,-0.261797
4622.407580,sim,1.274090,-0.209430,-2.617998,1.254976,-1.605701,-0.261802
4622.411564,sim,1.274091,-0.209446,-2.617993,1.255236,-1.605704,-0.261798
4622.415518,sim,1.274090,-0.209427,-2.617998,1.255432,-1.605701,-0.261802
4622.419555,sim,1.274091,-0.209449,-2.617992,1.255660,-1.605706,-0.261795
4622.423695,sim,1.274090,-0.209435,-2.617996,1.255813,-1.605700,-0.261803
4622.427649,sim,1.274090,-0.209451,-2.617992,1.255994,-1.605704,-0.261798
4622.431545,sim,1.274090,-0.209432,-2.617996,1.256112,-1.605701,-0.261803
4622.435581,sim,1.274091,-0.209445,-2.617992,1.256255,-1.605705,-0.261797
4622.439654,sim,1.274091,-0.209428,-2.617996,1.256235,-1.605702,-0.261801
4622.443879,sim,1.274090,-0.209447,-2.617992,1.256367,-1.605705,-0.261797
4622.447575,sim,1.274091,-0.209435,-2.617995,1.256445,-1.605701,-0.261803
4622.451615,sim,1.274090,-0.209448,-2.617991,1.256552,-1.605704,-0.261798
4622.455550,sim,1.274090,-0.209432,-2.617996,1.256610,-1.605700,-0.261803
4622.459584,sim,1.274091,-0.209443,-2.617992,1.256704,-1.605706,-0.261796
4622.463671,sim,1.274091,-0.209430,-2.617996,1.256748,-1.605700,-0.261803
4622.467654,sim,1.274090,-0.209449,-2.617991,1.256838,-1.605704,-0.261798
4622.471592,sim,1.274090,-0.209434,-2.617995,1.256818,-1.605700,-0.261803
4622.475619,sim,1.274090,-0.209451,-2.617990,1.256912,-1.605705,-0.261796
4622.479563,sim,1.274090,-0.209432,-2.617995,1.256974,-1.605701,-0.261802
4622.483759,sim,1.274090,-0.209451,-2.617990,1.257097,-1.605704,-0.261798
4622.487632,sim,1.274090,-0.209432,-2.617995,1.257187,-1.605700,-0.261802
4622.491584,sim,1.274091,-0.209445,-2.617991,1.257335,-1.605705,-0.261797
4622.495575,sim,1.274091,-0.209428,-2.617996,1.257314,-1.605701,-0.261802
4622.499662,sim,1.274091,-0.209448,-2.617991,1.257490,-1.605705,-0.261797
4622.503761,sim,1.274091,-0.209436,-2.617994,1.257660,-1.605701,-0.261802
4622.507637,sim,1.274091,-0.209436,-2.617992,1.257892,-1.605707,-0.261794
4622.511633,sim,1.274091,-0.209437,-2.617995,1.258116,-1.605699,-0.261805
4622.515612,sim,1.274090,-0.209454,-2.617989,1.258409,-1.605704,-0.261797
4622.519628,sim,1.274089,-0.209429,-2.617996,1.258667,-1.605700,-0.261803
4622.523721,sim,1.274091,-0.209446,-2.617991,1.258997,-1.605705,-0.261797
4622.527590,sim,1.274090,-0.209428,-2.617996,1.258972,-1.605700,-0.261803
4622.531640,sim,1.274091,-0.209447,-2.617990,1.259323,-1.605707,-0.261795
4622.535645,sim,1.274090,-0.209436,-2.617994,1.259637,-1.605700,-0.261804
4622.539681,sim,1.274090,-0.209440,-2.617992,1.260011,-1.605706,-0.261796
4622.543832,sim,1.274091,-0.209431,-2.617995,1.260363,-1.605700,-0.261803
4622.547661,sim,1.274090,-0.209450,-2.617990,1.260774,-1.605704,-0.261798
4622.551661,sim,1.274090,-0.209434,-2.617995,1.260753,-1.605700,-0.261803
4622.555668,sim,1.274090,-0.209451,-2.617990,1.261189,-1.605704,-0.261798
4622.559582,sim,1.274090,-0.209429,-2.617996,1.261611,-1.605700,-0.261803
4622.563823,sim,1.274091,-0.209451,-2.617990,1.262117,-1.605705,-0.261797
4622.567715,sim,1.274090,-0.209431,-2.617995,1.262593,-1.605700,-0.261803
4622.571713,sim,1.274090,-0.209449,-2.617990,1.263138,-1.605705,-0.261797
4622.575626,sim,1.274091,-0.209432,-2.617995,1.263647,-1.605700,-0.261803
4622.579654,sim,1.274091,-0.209445,-2.617992,1.264208,-1.605704,-0.261797
4622.583768,sim,1.274091,-0.209428,-2.617996,1.264731,-1.605701,-0.261802
4622.587723,sim,1.274091,-0.209448,-2.617991,1.264755,-1.605705,-0.261797
4622.591728,sim,1.274090,-0.209433,-2.617995,1.265266,-1.605701,-0.261802
4622.595596,sim,1.274091,-0.209451,-2.617990,1.265800,-1.605705,-0.261796
4622.599650,sim,1.274089,-0.209431,-2.617996,1.266260,-1.605700,-0.261803
4622.603782,sim,1.274090,-0.209446,-2.617991,1.266756,-1.605705,-0.261796
4622.607636,sim,1.274090,-0.209430,-2.617996,1.267188,-1.605700,-0.261803
4622.611691,sim,1.274091,-0.209447,-2.617991,1.267657,-1.605705,-0.261796
4622.615638,sim,1.274090,-0.209429,-2.617995,1.268067,-1.605701,-0.261802
4622.619618,sim,1.274091,-0.209449,-2.617990,1.268092,-1.605705,-0.261796
4622.623778,sim,1.274090,-0.209435,-2.617994,1.268493,-1.605700,-0.261803
4622.627681,sim,1.274091,-0.209451,-2.617989,1.268933,-1.605705,-0.261797
4622.631657,sim,1.274089,-0.209431,-2.617995,1.269308,-1.605699,-0.261804
4622.635697,sim,1.274091,-0.209451,-2.617989,1.269735,-1.605706,-0.261796
4622.639692,sim,1.274089,-0.209428,-2.617996,1.270086,-1.605699,-0.261804
4622.643896,sim,1.274091,-0.209444,-2.617991,1.270114,-1.605706,-0.261795
4622.647748,sim,1.274091,-0.209428,-2.617995,1.270463,-1.605700,-0.261803
4622.651719,sim,1.274091,-0.209450,-2.617989,1.270856,-1.605706,-0.261796
4622.655657,sim,1.274090,-0.209436,-2.617993,1.271184,-1.605700,-0.261803
4622.659660,sim,1.274089,-0.209449,-2.617990,1.271540,-1.605704,-0.261798
4622.663794,sim,1.274090,-0.209429,-2.617996,1.271836,-1.605699,-0.261804
4622.667672,sim,1.274091,-0.209443,-2.617991,1.272169,-1.605706,-0.261796
4622.671628,sim,1.274092,-0.209431,-2.617994,1.272442,-1.605702,-0.261801
4622.675638,sim,1.274091,-0.209451,-2.617989,1.272463,-1.605704,-0.261797
4622.679674,sim,1.274090,-0.209433,-2.617994,1.272706,-1.605700,-0.261803
4622.683831,sim,1.274090,-0.209448,-2.617990,1.272966,-1.605705,-0.261797
4622.687729,sim,1.274090,-0.209431,-2.617995,1.273149,-1.605699,-0.261804
4622.691725,sim,1.274090,-0.209444,-2.617991,1.273355,-1.605705,-0.261797
4622.695702,sim,1.274091,-0.209426,-2.617995,1.273492,-1.605701,-0.261802
4622.699633,sim,1.274091,-0.209449,-2.617989,1.273656,-1.605705,-0.261797
4622.703772,sim,1.274090,-0.209433,-2.617994,1.273748,-1.605700,-0.261803
4622.707701,sim,1.274090,-0.209446,-2.617990,1.273868,-1.605705,-0.261797
4622.711723,sim,1.274092,-0.209436,-2.617992,1.273933,-1.605701,-0.261802
4622.715701,sim,1.274090,-0.209449,-2.617990,1.274015,-1.605703,-0.261799
4622.719716,sim,1.274090,-0.209429,-2.617995,1.274047,-1.605700,-0.261803
4622.723804,sim,1.274091,-0.209446,-2.617990,1.274115,-1.605705,-0.261796
4622.727787,sim,1.274090,-0.209427,-2.617995,1.274124,-1.605701,-0.261802
4622.731726,sim,1.274091,-0.209449,-2.617988,1.274179,-1.605705,-0.261796
4622.735796,sim,1.274090,-0.209435,-2.617993,1.274173,-1.605699,-0.261804
4622.739732,sim,1.274090,-0.209449,-2.617988,1.274200,-1.605705,-0.261796
4622.743970,sim,1.274091,-0.209434,-2.617992,1.274177,-1.605700,-0.261802
4622.747684,sim,1.274091,-0.209445,-2.617989,1.274196,-1.605705,-0.261797
4622.751689,sim,1.274090,-0.209427,-2.617995,1.274169,-1.605699,-0.261804
4622.755737,sim,1.274090,-0.209447,-2.617989,1.274198,-1.605705,-0.261796
4622.759698,sim,1.274089,-0.209430,-2.617994,1.274172,-1.605700,-0.261803
4622.763915,sim,1.274090,-0.209449,-2.617989,1.274197,-1.605705,-0.261797
4622.767683,sim,1.274091,-0.209433,-2.617992,1.274178,-1.605701,-0.261801
4622.771795,sim,1.274091,-0.209453,-2.617988,1.274200,-1.605704,-0.261798
4622.775707,sim,1.274090,-0.209433,-2.617993,1.274176,-1.605700,-0.261803
4622.779665,sim,1.274091,-0.209446,-2.617989,1.274196,-1.605704,-0.261797
4622.783692,sim,1.274090,-0.209426,-2.617995,1.274171,-1.605701,-0.261802
4622.787734,sim,1.274090,-0.209447,-2.617989,1.274196,-1.605705,-0.261797
4622.791712,sim,1.274090,-0.209433,-2.617993,1.274176,-1.605700,-0.261803
4622.795655,sim,1.274091,-0.209450,-2.617988,1.274200,-1.605705,-0.261796
4622.799606,sim,1.274090,-0.209432,-2.617994,1.274173,-1.605699,-0.261803
4622.803766,sim,1.274091,-0.209442,-2.617990,1.274194,-1.605705,-0.261796
4622.807722,sim,1.274091,-0.209428,-2.617994,1.274173,-1.605701,-0.261802
4622.811685,sim,1.274090,-0.209448,-2.617990,1.274194,-1.605703,-0.261798
4622.815751,sim,1.274091,-0.209435,-2.617992,1.274178,-1.605700,-0.261802
4622.819688,sim,1.274090,-0.209450,-2.617988,1.274201,-1.605705,-0.261796
4622.823833,sim,1.274090,-0.209431,-2.617994,1.274171,-1.605699,-0.261804
4622.827696,sim,1.274091,-0.209451,-2.617988,1.274199,-1.605704,-0.261797
4622.831633,sim,1.274089,-0.209428,-2.617994,1.274173,-1.605701,-0.261802
4622.835702,sim,1.274091,-0.209444,-2.617990,1.274195,-1.605705,-0.261797
4622.839728,sim,1.274091,-0.209427,-2.617994,1.274170,-1.605700,-0.261803
4622.843983,sim,1.274090,-0.209445,-2.617990,1.274196,-1.605705,-0.261796
4622.847738,sim,1.274090,-0.209432,-2.617993,1.274175,-1.605701,-0.261802
4622.851712,sim,1.274091,-0.209452,-2.617988,1.274200,-1.605704,-0.261797
4622.855671,sim,1.274090,-0.209432,-2.617993,1.274175,-1.605700,-0.261802
4622.859735,sim,1.274090,-0.209449,-2.617989,1.274198,-1.605704,-0.261797
4622.863857,sim,1.274090,-0.209431,-2.617993,1.274175,-1.605700,-0.261802
4622.867770,sim,1.274091,-0.209445,-2.617990,1.274195,-1.605704,-0.261797
4622.871704,sim,1.274091,-0.209429,-2.617993,1.274176,-1.605701,-0.261801
4622.875739,sim,1.274090,-0.209447,-2.617989,1.274195,-1.605704,-0.261798
4622.879650,sim,1.274091,-0.209433,-2.617993,1.274178,-1.605701,-0.261802
4622.883787,sim,1.274091,-0.209436,-2.617990,1.274194,-1.605707,-0.261794
4622.887792,sim,1.274091,-0.209431,-2.617994,1.274171,-1.605699,-0.261804
4622.891790,sim,1.274090,-0.209452,-2.617988,1.274198,-1.605704,-0.261798
4622.895730,sim,1.274090,-0.209434,-2.617993,1.274174,-1.605699,-0.261804
4622.899787,sim,1.274090,-0.209452,-2.617988,1.274202,-1.605705,-0.261796
4622.903874,sim,1.274090,-0.209430,-2.617994,1.274170,-1.605699,-0.261804
4622.907844,sim,1.274091,-0.209447,-2.617989,1.274200,-1.605706,-0.261795
4622.911730,sim,1.274090,-0.209427,-2.617994,1.274171,-1.605700,-0.261802
4622.915739,sim,1.274090,-0.209445,-2.617990,1.274194,-1.605704,-0.261797
4622.919755,sim,1.274090,-0.209432,-2.617993,1.274175,-1.605701,-0.261802
4622.923879,sim,1.274091,-0.209450,-2.617988,1.274200,-1.605705,-0.261796
4622.927695,sim,1.274090,-0.209433,-2.617993,1.274175,-1.605700,-0.261803
4622.931751,sim,1.274091,-0.209453,-2.617988,1.274201,-1.605704,-0.261797
4622.935763,sim,1.274089,-0.209428,-2.617995,1.274169,-1.605699,-0.261804
4622.939804,sim,1.274092,-0.209445,-2.617989,1.274199,-1.605706,-0.261795
4622.943988,sim,1.274090,-0.209427,-2.617994,1.274171,-1.605700,-0.261802
4622.947782,sim,1.274091,-0.209447,-2.617989,1.274197,-1.605705,-0.261797
4622.951807,sim,1.274090,-0.209434,-2.617993,1.274177,-1.605700,-0.261803
4622.955734,sim,1.274090,-0.209448,-2.617989,1.274198,-1.605705,-0.261797
4622.959680,sim,1.274090,-0.209433,-2.617993,1.274175,-1.605700,-0.261803
4622.963820,sim,1.274090,-0.209448,-2.617989,1.274198,-1.605705,-0.261797
4622.967726,sim,1.274090,-0.209430,-2.617994,1.274173,-1.605700,-0.261803
4622.971704,sim,1.274090,-0.209442,-2.617991,1.274191,-1.605704,-0.261797
4622.975668,sim,1.274091,-0.209424,-2.617995,1.274168,-1.605701,-0.261803
4622.979730,sim,1.274091,-0.209450,-2.617988,1.274201,-1.605706,-0.261796
4622.983795,sim,1.274090,-0.209434,-2.617993,1.274176,-1.605700,-0.261803
4622.987766,sim,1.274090,-0.209449,-2.617988,1.274199,-1.605705,-0.261796
4622.991687,sim,1.274090,-0.209432,-2.617993,1.274174,-1.605700,-0.261803
4622.995766,sim,1.274090,-0.209447,-2.617989,1.274198,-1.605705,-0.261797
4622.999775,sim,1.274091,-0.209433,-2.617993,1.274177,-1.605700,-0.261802
4623.003888,sim,1.274090,-0.209446,-2.617989,1.274195,-1.605704,-0.261797
4623.007847,sim,1.274091,-0.209427,-2.617994,1.274171,-1.605677,-0.261802
4623.011791,sim,1.274091,-0.209450,-2.617988,1.274200,-1.605658,-0.261797
4623.015868,sim,1.274090,-0.209436,-2.617992,1.274177,-1.605630,-0.261803
4623.019888,sim,1.274090,-0.209451,-2.617988,1.274199,-1.605611,-0.261797
4623.023844,sim,1.274090,-0.209431,-2.617994,1.274171,-1.605583,-0.261804
4623.027783,sim,1.274090,-0.209450,-2.617988,1.274200,-1.605565,-0.261796
4623.031823,sim,1.274089,-0.209428,-2.617994,1.274170,-1.605537,-0.261803
4623.035804,sim,1.274091,-0.209442,-2.617990,1.274193,-1.605519,-0.261796
4623.039791,sim,1.274091,-0.209428,-2.617994,1.274172,-1.605491,-0.261802
4623.043959,sim,1.274090,-0.209448,-2.617989,1.274195,-1.605472,-0.261797
4623.047779,sim,1.274091,-0.209436,-2.617992,1.274178,-1.605445,-0.261802
4623.051813,sim,1.274090,-0.209453,-2.617988,1.274198,-1.605424,-0.261798
4623.055749,sim,1.274090,-0.209430,-2.617993,1.274172,-1.605398,-0.261802
4623.059813,sim,1.274091,-0.209432,-2.617992,1.274189,-1.605381,-0.261794
4623.063935,sim,1.274091,-0.209433,-2.617994,1.274171,-1.605350,-0.261804
4623.067751,sim,1.274090,-0.209449,-2.617989,1.274195,-1.605332,-0.261797
4623.071754,sim,1.274090,-0.209434,-2.617993,1.274172,-1.605304,-0.261804
4623.075734,sim,1.274090,-0.209452,-2.617988,1.274198,-1.605285,-0.261797
4623.079799,sim,1.274090,-0.209432,-2.617993,1.274172,-1.605258,-0.261803
4623.083979,sim,1.274090,-0.209450,-2.617989,1.274195,-1.605239,-0.261797
4623.087755,sim,1.274091,-0.209432,-2.617993,1.274172,-1.605211,-0.261803
4623.091838,sim,1.274091,-0.209447,-2.617989,1.274195,-1.605193,-0.261796
4623.095856,sim,1.274090,-0.209425,-2.617995,1.274167,-1.605166,-0.261802
4623.099845,sim,1.274091,-0.209447,-2.617989,1.274194,-1.605146,-0.261797
4623.103908,sim,1.274090,-0.209434,-2.617993,1.274173,-1.605118,-0.261803
4623.107891,sim,1.274090,-0.209451,-2.617988,1.274195,-1.605099,-0.261798
4623.111874,sim,1.274090,-0.209430,-2.617994,1.274168,-1.605071,-0.261804
4623.115791,sim,1.274091,-0.209444,-2.617990,1.274190,-1.605053,-0.261797
4623.119786,sim,1.274091,-0.209426,-2.617995,1.274168,-1.605026,-0.261802
4623.123950,sim,1.274091,-0.209447,-2.617989,1.274195,-1.605007,-0.261796
4623.127824,sim,1.274091,-0.209436,-2.617992,1.274173,-1.604978,-0.261803
4623.131807,sim,1.274090,-0.209451,-2.617988,1.274195,-1.604960,-0.261797
4623.135766,sim,1.274091,-0.209431,-2.617993,1.274172,-1.604933,-0.261802
4623.139754,sim,1.274090,-0.209443,-2.617990,1.274188,-1.604913,-0.261797
4623.144039,sim,1.274091,-0.209427,-2.617995,1.274166,-1.604886,-0.261803
4623.147743,sim,1.274091,-0.209450,-2.617988,1.274197,-1.604868,-0.261796
4623.151766,sim,1.274090,-0.209435,-2.617993,1.274171,-1.604838,-0.261804
4623.155808,sim,1.274090,-0.209451,-2.617988,1.274196,-1.604821,-0.261796
4623.159814,sim,1.274090,-0.209431,-2.617994,1.274168,-1.604792,-0.261803
4623.163971,sim,1.274091,-0.209442,-2.617990,1.274189,-1.604774,-0.261796
4623.167820,sim,1.274091,-0.209429,-2.617994,1.274167,-1.604746,-0.261803
4623.171810,sim,1.274090,-0.209450,-2.617988,1.274194,-1.604728,-0.261796
4623.175879,sim,1.274090,-0.209433,-2.617993,1.274171,-1.604700,-0.261803
4623.179827,sim,1.274090,-0.209453,-2.617988,1.274194,-1.604680,-0.261798
4623.183884,sim,1.274090,-0.209432,-2.617993,1.274169,-1.604653,-0.261803
4623.187875,sim,1.274091,-0.209433,-2.617992,1.274185,-1.604660,-0.261795
4623.191828,sim,1.274091,-0.209435,-2.617993,1.274170,-1.604607,-0.261803
4623.195820,sim,1.274090,-0.209451,-2.617989,1.274192,-1.604566,-0.261797
4623.199825,sim,1.274089,-0.209431,-2.617994,1.274167,-1.604517,-0.261803
4623.203896,sim,1.274090,-0.209451,-2.617988,1.274193,-1.604477,-0.261797
4623.207891,sim,1.274089,-0.209429,-2.617994,1.274166,-1.604427,-0.261803
4623.211845,sim,1.274090,-0.209441,-2.617991,1.274185,-1.604386,-0.261797
4623.215799,sim,1.274092,-0.209430,-2.617993,1.274171,-1.604339,-0.261801
4623.219791,sim,1.274090,-0.209448,-2.617989,1.274188,-1.604340,-0.261798
4623.223976,sim,1.274090,-0.209433,-2.617993,1.274168,-1.604292,-0.261803
4623.227828,sim,1.274090,-0.209449,-2.617988,1.274192,-1.604249,-0.261796
4623.231772,sim,1.274089,-0.209429,-2.617995,1.274160,-1.604191,-0.261803
4623.235780,sim,1.274090,-0.209449,-2.617989,1.274183,-1.604136,-0.261797
4623.239784,sim,1.274091,-0.209432,-2.617994,1.274157,-1.604063,-0.261802
4623.244172,sim,1.274090,-0.209444,-2.617990,1.274176,-1.604067,-0.261797
4623.247758,sim,1.274091,-0.209426,-2.617995,1.274150,-1.603965,-0.261802
4623.251780,sim,1.274091,-0.209447,-2.617990,1.274170,-1.603827,-0.261797
4623.255831,sim,1.274091,-0.209437,-2.617993,1.274150,-1.603641,-0.261802
4623.259798,sim,1.274090,-0.209453,-2.617989,1.274166,-1.603428,-0.261798
4623.263933,sim,1.274090,-0.209429,-2.617996,1.274132,-1.603177,-0.261804
4623.267866,sim,1.274092,-0.209447,-2.617990,1.274159,-1.602910,-0.261796
4623.271920,sim,1.274090,-0.209425,-2.617997,1.274124,-1.602609,-0.261803
4623.275922,sim,1.274091,-0.209447,-2.617990,1.274155,-1.602615,-0.261796
4623.279873,sim,1.274091,-0.209437,-2.617993,1.274133,-1.602295,-0.261802
4623.284022,sim,1.274090,-0.209449,-2.617990,1.274149,-1.601964,-0.261797
4623.287943,sim,1.274089,-0.209428,-2.617997,1.274116,-1.601604,-0.261805
4623.291930,sim,1.274091,-0.209444,-2.617992,1.274140,-1.601237,-0.261797
4623.295839,sim,1.274090,-0.209426,-2.617996,1.274117,-1.600843,-0.261802
4623.299867,sim,1.274090,-0.209445,-2.617991,1.274142,-1.600441,-0.261796
4623.304040,sim,1.274091,-0.209435,-2.617994,1.274121,-1.600014,-0.261802
4623.307940,sim,1.274090,-0.209452,-2.617990,1.274142,-1.600017,-0.261798
4623.311904,sim,1.274091,-0.209433,-2.617994,1.274118,-1.599574,-0.261802
4623.315863,sim,1.274090,-0.209451,-2.617990,1.274140,-1.599119,-0.261798
4623.319945,sim,1.274090,-0.209430,-2.617995,1.274114,-1.598639,-0.261802
4623.323985,sim,1.274090,-0.209442,-2.617992,1.274132,-1.598152,-0.261797
4623.327883,sim,1.274091,-0.209428,-2.617995,1.274113,-1.597645,-0.261801
4623.331928,sim,1.274091,-0.209446,-2.617991,1.274135,-1.597134,-0.261797
4623.335943,sim,1.274091,-0.209438,-2.617993,1.274118,-1.597129,-0.261802
4623.339862,sim,1.274090,-0.209441,-2.617991,1.274133,-1.596611,-0.261795
4623.344035,sim,1.274091,-0.209433,-2.617995,1.274112,-1.596077,-0.261803
4623.347914,sim,1.274090,-0.209452,-2.617990,1.274134,-1.595549,-0.261798
4623.351944,sim,1.274089,-0.209432,-2.617996,1.274105,-1.595014,-0.261805
4623.355887,sim,1.274091,-0.209452,-2.617990,1.274136,-1.594494,-0.261796
4623.359867,sim,1.274090,-0.209431,-2.617995,1.274108,-1.593971,-0.261803
4623.363944,sim,1.274091,-0.209449,-2.617990,1.274134,-1.593468,-0.261796
4623.367911,sim,1.274089,-0.209430,-2.617996,1.274105,-1.593462,-0.261803
4623.371854,sim,1.274091,-0.209445,-2.617991,1.274128,-1.592981,-0.261797
4623.375889,sim,1.274090,-0.209426,-2.617997,1.274101,-1.592522,-0.261803
4623.379839,sim,1.274091,-0.209448,-2.617990,1.274132,-1.592102,-0.261796
4623.384058,sim,1.274090,-0.209434,-2.617995,1.274108,-1.591700,-0.261803
4623.387846,sim,1.274090,-0.209446,-2.617991,1.274127,-1.591334,-0.261797
4623.391853,sim,1.274091,-0.209434,-2.617994,1.274107,-1.590984,-0.261802
4623.395858,sim,1.274090,-0.209449,-2.617990,1.274128,-1.590665,-0.261797
4623.399844,sim,1.274091,-0.209434,-2.617995,1.274105,-1.590660,-0.261803
4623.404016,sim,1.274091,-0.209447,-2.617990,1.274127,-1.590367,-0.261796
4623.407981,sim,1.274090,-0.209425,-2.617997,1.274098,-1.590090,-0.261802
4623.411926,sim,1.274091,-0.209444,-2.617992,1.274123,-1.589847,-0.261797
4623.415899,sim,1.274090,-0.209433,-2.617995,1.274104,-1.589618,-0.261802
4623.419870,sim,1.274091,-0.209451,-2.617990,1.274128,-1.589420,-0.261797
4623.424072,sim,1.274091,-0.209436,-2.617994,1.274106,-1.589415,-0.261802
4623.427987,sim,1.274091,-0.209450,-2.617990,1.274127,-1.589237,-0.261797
4623.431849,sim,1.274089,-0.209430,-2.617996,1.274096,-1.589069,-0.261804
4623.435842,sim,1.274092,-0.209446,-2.617990,1.274126,-1.588930,-0.261796
4623.439892,sim,1.274091,-0.209430,-2.617995,1.274100,-1.588797,-0.261802
4623.444166,sim,1.274090,-0.209447,-2.617991,1.274120,-1.588687,-0.261798
4623.447937,sim,1.274090,-0.209432,-2.617995,1.274100,-1.588586,-0.261802
4623.451911,sim,1.274091,-0.209449,-2.617990,1.274123,-1.588504,-0.261797
4623.455957,sim,1.274090,-0.209431,-2.617996,1.274095,-1.588499,-0.261804
4623.459927,sim,1.274091,-0.209444,-2.617991,1.274120,-1.588427,-0.261796
4623.464039,sim,1.274091,-0.209429,-2.617996,1.274097,-1.588345,-0.261802
4623.467926,sim,1.274090,-0.209445,-2.617992,1.274117,-1.588271,-0.261797
4623.471841,sim,1.274091,-0.209436,-2.617994,1.274103,-1.588188,-0.261801
4623.475957,sim,1.274090,-0.209454,-2.617989,1.274122,-1.588108,-0.261798
4623.479918,sim,1.274089,-0.209430,-2.617996,1.274090,-1.588019,-0.261804
4623.483980,sim,1.274091,-0.209445,-2.617991,1.274119,-1.587936,-0.261796
4623.487930,sim,1.274090,-0.209429,-2.617996,1.274094,-1.587837,-0.261802
4623.491953,sim,1.274091,-0.209448,-2.617991,1.274118,-1.587841,-0.261797
4623.495932,sim,1.274090,-0.209435,-2.617994,1.274097,-1.587731,-0.261803
4623.499858,sim,1.274091,-0.209453,-2.617989,1.274121,-1.587612,-0.261798
4623.504061,sim,1.274090,-0.209432,-2.617995,1.274093,-1.587470,-0.261803
4623.507954,sim,1.274091,-0.209444,-2.617992,1.274114,-1.587320,-0.261797
4623.511934,sim,1.274090,-0.209427,-2.617997,1.274090,-1.587147,-0.261803
4623.516021,sim,1.274091,-0.209447,-2.617991,1.274118,-1.587152,-0.261796
4623.519948,sim,1.274090,-0.209435,-2.617995,1.274096,-1.586950,-0.261802
4623.523970,sim,1.274090,-0.209452,-2.617990,1.274117,-1.586720,-0.261798
4623.527913,sim,1.274090,-0.209432,-2.617995,1.274093,-1.586450,-0.261802
4623.531896,sim,1.274091,-0.209448,-2.617991,1.274116,-1.586158,-0.261797
4623.535845,sim,1.274090,-0.209432,-2.617996,1.274090,-1.585831,-0.261804
4623.539961,sim,1.274090,-0.209443,-2.617992,1.274111,-1.585492,-0.261797
4623.544122,sim,1.274091,-0.209428,-2.617996,1.274093,-1.585128,-0.261800
4623.547973,sim,1.274090,-0.209446,-2.617991,1.274113,-1.585130,-0.261797
4623.551834,sim,1.274090,-0.209432,-2.617996,1.274089,-1.584747,-0.261803
4623.555922,sim,1.274090,-0.209449,-2.617991,1.274113,-1.584355,-0.261798
4623.559871,sim,1.274090,-0.209431,-2.617995,1.274091,-1.583940,-0.261802
4623.563990,sim,1.274091,-0.209446,-2.617991,1.274114,-1.583518,-0.261796
4623.568228,sim,1.274090,-0.209428,-2.617996,1.274088,-1.583073,-0.261802
4623.571961,sim,1.274092,-0.209450,-2.617990,1.274118,-1.582626,-0.261796
4623.575852,sim,1.274090,-0.209436,-2.617994,1.274093,-1.582158,-0.261802
4623.579926,sim,1.274091,-0.209437,-2.617992,1.274111,-1.582165,-0.261794
4623.583903,sim,1.274090,-0.209431,-2.617997,1.274085,-1.581682,-0.261804
4623.587902,sim,1.274090,-0.209450,-2.617991,1.274114,-1.581202,-0.261797
4623.591916,sim,1.274090,-0.209437,-2.617994,1.274094,-1.580701,-0.261802
4623.595891,sim,1.274089,-0.209447,-2.617992,1.274108,-1.580198,-0.261799
4623.599846,sim,1.274091,-0.209434,-2.617995,1.274092,-1.579683,-0.261801
4623.604070,sim,1.274090,-0.209446,-2.617991,1.274110,-1.579686,-0.261798
4623.607929,sim,1.274091,-0.209434,-2.617995,1.274091,-1.579158,-0.261802
4623.611955,sim,1.274091,-0.209444,-2.617992,1.274109,-1.578625,-0.261797
4623.615965,sim,1.274091,-0.209429,-2.617996,1.274084,-1.578074,-0.261803
4623.619904,sim,1.274091,-0.209450,-2.617990,1.274112,-1.577530,-0.261798
4623.624052,sim,1.274090,-0.209437,-2.617994,1.274090,-1.576977,-0.261803
4623.627955,sim,1.274090,-0.209447,-2.617991,1.274111,-1.576441,-0.261797
4623.631913,sim,1.274091,-0.209433,-2.617995,1.274088,-1.575906,-0.261802
4623.635956,sim,1.274090,-0.209450,-2.617991,1.274110,-1.575395,-0.261798
4623.640020,sim,1.274090,-0.209432,-2.617995,1.274087,-1.575391,-0.261802
4623.644290,sim,1.274090,-0.209443,-2.617992,1.274105,-1.574914,-0.261797
4623.647961,sim,1.274090,-0.209426,-2.617997,1.274083,-1.574473,-0.261801
4623.651957,sim,1.274091,-0.209447,-2.617991,1.274109,-1.574079,-0.261797
4623.656034,sim,1.274090,-0.209435,-2.617995,1.274088,-1.573714,-0.261802
4623.660015,sim,1.274091,-0.209450,-2.617990,1.274110,-1.573390,-0.261798
4623.664072,sim,1.274090,-0.209433,-2.617996,1.274084,-1.573086,-0.261803
4623.667977,sim,1.274091,-0.209445,-2.617991,1.274107,-1.572819,-0.261796
4623.671915,sim,1.274091,-0.209428,-2.617996,1.274084,-1.572815,-0.261801
4623.675979,sim,1.274091,-0.209448,-2.617991,1.274108,-1.572567,-0.261798
4623.679893,sim,1.274090,-0.209435,-2.617995,1.274088,-1.572332,-0.261802
4623.684033,sim,1.274090,-0.209447,-2.617991,1.274106,-1.572124,-0.261798
4623.687966,sim,1.274090,-0.209431,-2.617996,1.274084,-1.571927,-0.261802
4623.691941,sim,1.274090,-0.209443,-2.617993,1.274101,-1.571755,-0.261798
4623.695993,sim,1.274092,-0.209431,-2.617995,1.274087,-1.571595,-0.261801
4623.699960,sim,1.274090,-0.209448,-2.617991,1.274108,-1.571455,-0.261797
4623.704184,sim,1.274090,-0.209435,-2.617995,1.274087,-1.571325,-0.261802
4623.708091,sim,1.274090,-0.209450,-2.617991,1.274106,-1.571214,-0.261799
4623.711954,sim,1.274090,-0.209429,-2.617996,1.274082,-1.571112,-0.261802
4623.716047,sim,1.274091,-0.209443,-2.617992,1.274104,-1.571029,-0.261797
4623.720316,sim,1.274090,-0.209426,-2.617997,1.274081,-1.570951,-0.261801
4623.724153,sim,1.274091,-0.209447,-2.617991,1.274106,-1.570889,-0.261797
4623.728026,sim,1.274090,-0.209435,-2.617994,1.274087,-1.570831,-0.261802
4623.731959,sim,1.274090,-0.209452,-2.617990,1.274108,-1.570788,-0.261798
4623.736072,sim,1.274090,-0.209433,-2.617995,1.274083,-1.570784,-0.261803
4623.740013,sim,1.274091,-0.209445,-2.617991,1.274106,-1.570790,-0.261796
4623.744246,sim,1.274091,-0.209431,-2.617995,1.274086,-1.570786,-0.261801
4623.747975,sim,1.274090,-0.209448,-2.617991,1.274106,-1.570789,-0.261798
4623.752017,sim,1.274090,-0.209436,-2.617995,1.274087,-1.570785,-0.261802
4623.756010,sim,1.274090,-0.209435,-2.617993,1.274101,-1.570791,-0.261795
4623.759974,sim,1.274092,-0.209440,-2.617994,1.274089,-1.570785,-0.261803
4623.764136,sim,1.274090,-0.209454,-2.617990,1.274109,-1.570788,-0.261798
4623.768077,sim,1.274089,-0.209433,-2.617996,1.274082,-1.570784,-0.261803
4623.771991,sim,1.274090,-0.209448,-2.617992,1.274104,-1.570788,-0.261798
4623.776024,sim,1.274091,-0.209432,-2.617995,1.274085,-1.570786,-0.261801
4623.780033,sim,1.274090,-0.209440,-2.617993,1.274101,-1.570789,-0.261797
4623.784099,sim,1.274091,-0.209429,-2.617996,1.274084,-1.570786,-0.261801
4623.788055,sim,1.274090,-0.209448,-2.617991,1.274106,-1.570789,-0.261797
4623.791993,sim,1.274091,-0.209438,-2.617994,1.274089,-1.570785,-0.261802
4623.795995,sim,1.274090,-0.209449,-2.617991,1.274106,-1.570788,-0.261798
4623.799999,sim,1.274090,-0.209432,-2.617996,1.274083,-1.570785,-0.261802
4623.804182,sim,1.274090,-0.209441,-2.617992,1.274103,-1.570790,-0.261796
4623.808058,sim,1.274091,-0.209429,-2.617996,1.274082,-1.570786,-0.261801
4623.812019,sim,1.274090,-0.209448,-2.617991,1.274106,-1.570789,-0.261798
4623.816034,sim,1.274089,-0.209432,-2.617996,1.274082,-1.570785,-0.261802
4623.820039,sim,1.274090,-0.209447,-2.617991,1.274106,-1.570789,-0.261797
4623.824132,sim,1.274090,-0.209433,-2.617996,1.274083,-1.570785,-0.261802
4623.828101,sim,1.274091,-0.209445,-2.617992,1.274103,-1.570789,-0.261797
4623.832081,sim,1.274091,-0.209429,-2.617996,1.274084,-1.570786,-0.261801
4623.836036,sim,1.274090,-0.209447,-2.617991,1.274106,-1.570789,-0.261774
4623.840067,sim,1.274090,-0.209436,-2.617994,1.274087,-1.570785,-0.261756
4623.844255,sim,1.274090,-0.209450,-2.617991,1.274106,-1.570788,-0.261728
4623.848040,sim,1.274091,-0.209434,-2.617995,1.274087,-1.570786,-0.261708
4623.852107,sim,1.274090,-0.209442,-2.617992,1.274102,-1.570789,-0.261681
4623.856050,sim,1.274090,-0.209426,-2.617997,1.274079,-1.570786,-0.261662
4623.860043,sim,1.274091,-0.209448,-2.617991,1.274105,-1.570789,-0.261635
4623.864161,sim,1.274090,-0.209435,-2.617995,1.274085,-1.570785,-0.261616
4623.868043,sim,1.274091,-0.209451,-2.617990,1.274110,-1.570789,-0.261588
4623.872027,sim,1.274090,-0.209435,-2.617995,1.274085,-1.570785,-0.261570
4623.875986,sim,1.274090,-0.209445,-2.617992,1.274103,-1.570789,-0.261542
4623.880090,sim,1.274091,-0.209432,-2.617995,1.274085,-1.570786,-0.261522
4623.884061,sim,1.274090,-0.209444,-2.617992,1.274102,-1.570789,-0.261495
4623.888347,sim,1.274091,-0.209430,-2.617996,1.274084,-1.570786,-0.261475
4623.892058,sim,1.274091,-0.209449,-2.617991,1.274106,-1.570789,-0.261449
4623.896038,sim,1.274090,-0.209434,-2.617995,1.274085,-1.570786,-0.261430
4623.900064,sim,1.274091,-0.209450,-2.617990,1.274108,-1.570789,-0.261402
4623.904143,sim,1.274090,-0.209433,-2.617995,1.274083,-1.570785,-0.261383
4623.908129,sim,1.274091,-0.209444,-2.617992,1.274105,-1.570790,-0.261355
4623.912148,sim,1.274091,-0.209430,-2.617996,1.274082,-1.570786,-0.261336
4623.916096,sim,1.274091,-0.209448,-2.617991,1.274106,-1.570789,-0.261309
4623.920063,sim,1.274090,-0.209436,-2.617995,1.274086,-1.570785,-0.261290
4623.924182,sim,1.274090,-0.209449,-2.617991,1.274107,-1.570789,-0.261262
4623.928059,sim,1.274090,-0.209433,-2.617996,1.274081,-1.570784,-0.261245
4623.932195,sim,1.274091,-0.209443,-2.617992,1.274105,-1.570790,-0.261214
4623.936084,sim,1.274090,-0.209426,-2.617997,1.274080,-1.570786,-0.261196
4623.940036,sim,1.274092,-0.209449,-2.617990,1.274110,-1.570790,-0.261168
4623.944306,sim,1.274089,-0.209434,-2.617995,1.274084,-1.570785,-0.261151
4623.948148,sim,1.274091,-0.209454,-2.617989,1.274111,-1.570789,-0.261123
4623.952109,sim,1.274090,-0.209433,-2.617995,1.274084,-1.570785,-0.261104
4623.956111,sim,1.274091,-0.209435,-2.617993,1.274103,-1.570792,-0.261073
4623.960088,sim,1.274090,-0.209435,-2.617996,1.274083,-1.570785,-0.261058
4623.964265,sim,1.274091,-0.209453,-2.617989,1.274110,-1.570789,-0.261030
4623.968114,sim,1.274090,-0.209434,-2.617995,1.274084,-1.570785,-0.261011
4623.972094,sim,1.274090,-0.209445,-2.617992,1.274102,-1.570789,-0.260983
4623.976159,sim,1.274090,-0.209428,-2.617996,1.274082,-1.570786,-0.260963
4623.980140,sim,1.274090,-0.209446,-2.617992,1.274105,-1.570790,-0.260936
4623.984189,sim,1.274090,-0.209434,-2.617995,1.274085,-1.570786,-0.260918
4623.988099,sim,1.274091,-0.209450,-2.617990,1.274108,-1.570789,-0.260890
4623.992179,sim,1.274090,-0.209432,-2.617996,1.274082,-1.570785,-0.260871
4623.996162,sim,1.274091,-0.209444,-2.617992,1.274103,-1.570790,-0.260843
4624.000109,sim,1.274091,-0.209429,-2.617996,1.274083,-1.570787,-0.260847
4624.004116,sim,1.274091,-0.209448,-2.617991,1.274106,-1.570789,-0.260835
4624.008124,sim,1.274090,-0.209435,-2.617995,1.274083,-1.570784,-0.260858
4624.012136,sim,1.274090,-0.209451,-2.617990,1.274108,-1.570787,-0.260893
4624.016039,sim,1.274090,-0.209432,-2.617996,1.274081,-1.570781,-0.260957
4624.020144,sim,1.274091,-0.209445,-2.617991,1.274104,-1.570784,-0.261024
4624.024291,sim,1.274090,-0.209427,-2.617996,1.274081,-1.570781,-0.261029
4624.028156,sim,1.274090,-0.209446,-2.617992,1.274103,-1.570782,-0.261098
4624.032074,sim,1.274090,-0.209433,-2.617996,1.274080,-1.570777,-0.261104
4624.036122,sim,1.274091,-0.209450,-2.617990,1.274108,-1.570782,-0.261051
4624.040072,sim,1.274090,-0.209433,-2.617995,1.274083,-1.570777,-0.261011
4624.044413,sim,1.274091,-0.209445,-2.617992,1.274102,-1.570781,-0.260961
4624.048095,sim,1.274091,-0.209430,-2.617995,1.274083,-1.570779,-0.260919
4624.052077,sim,1.274091,-0.209449,-2.617991,1.274105,-1.570781,-0.260870
4624.056158,sim,1.274090,-0.209436,-2.617994,1.274085,-1.570777,-0.260829
4624.060174,sim,1.274090,-0.209449,-2.617991,1.274106,-1.570782,-0.260824
4624.064158,sim,1.274090,-0.209431,-2.617996,1.274081,-1.570777,-0.260774
4624.068129,sim,1.274090,-0.209447,-2.617992,1.274102,-1.570780,-0.260696
4624.072207,sim,1.274091,-0.209432,-2.617996,1.274081,-1.570776,-0.260607
4624.076147,sim,1.274091,-0.209444,-2.617991,1.274104,-1.570780,-0.260487
4624.080046,sim,1.274090,-0.209429,-2.617996,1.274079,-1.570774,-0.260358
4624.084181,sim,1.274091,-0.209448,-2.617991,1.274103,-1.570777,-0.260354
4624.088114,sim,1.274090,-0.209434,-2.617995,1.274081,-1.570772,-0.260188
4624.092137,sim,1.274090,-0.209437,-2.617993,1.274099,-1.570777,-0.259962
4624.096053,sim,1.274091,-0.209430,-2.617997,1.274076,-1.570769,-0.259706
4624.100149,sim,1.274090,-0.209448,-2.617992,1.274102,-1.570773,-0.259401
4624.104299,sim,1.274091,-0.209437,-2.617994,1.274084,-1.570768,-0.259074
4624.108119,sim,1.274091,-0.209453,-2.617990,1.274106,-1.570770,-0.258711
4624.112217,sim,1.274090,-0.209435,-2.617995,1.274081,-1.570765,-0.258336
4624.116104,sim,1.274090,-0.209448,-2.617991,1.274100,-1.570769,-0.258332
4624.120121,sim,1.274090,-0.209431,-2.617996,1.274076,-1.570764,-0.257942
4624.124272,sim,1.274091,-0.209444,-2.617992,1.274100,-1.570769,-0.257527
4624.128076,sim,1.274090,-0.209426,-2.617997,1.274076,-1.570765,-0.257110
4624.132085,sim,1.274091,-0.209448,-2.617991,1.274103,-1.570768,-0.256673
4624.136130,sim,1.274089,-0.209434,-2.617995,1.274079,-1.570763,-0.256234
4624.140076,sim,1.274090,-0.209447,-2.617991,1.274101,-1.570767,-0.255774
4624.144274,sim,1.274091,-0.209434,-2.617995,1.274080,-1.570762,-0.255314
4624.148160,sim,1.274090,-0.209440,-2.617993,1.274095,-1.570767,-0.254834
4624.152224,sim,1.274091,-0.209426,-2.617997,1.274075,-1.570764,-0.254838
4624.156083,sim,1.274091,-0.209450,-2.617991,1.274103,-1.570766,-0.254355
4624.160191,sim,1.274090,-0.209436,-2.617995,1.274080,-1.570762,-0.253882
4624.164263,sim,1.274091,-0.209454,-2.617989,1.274106,-1.570766,-0.253400
4624.168120,sim,1.274089,-0.209433,-2.617996,1.274075,-1.570761,-0.252928
4624.172187,sim,1.274091,-0.209451,-2.617990,1.274106,-1.570767,-0.252443
4624.176094,sim,1.274089,-0.209430,-2.617997,1.274074,-1.570761,-0.252450
4624.180148,sim,1.274091,-0.209443,-2.617992,1.274100,-1.570768,-0.251958
4624.184222,sim,1.274091,-0.209430,-2.617996,1.274080,-1.570764,-0.251468
4624.188131,sim,1.274091,-0.209447,-2.617991,1.274101,-1.570767,-0.250962
4624.192151,sim,1.274090,-0.209436,-2.617995,1.274082,-1.570763,-0.250464
4624.196146,sim,1.274090,-0.209452,-2.617990,1.274103,-1.570766,-0.249959
4624.200105,sim,1.274089,-0.209430,-2.617997,1.274075,-1.570763,-0.249468
4624.204202,sim,1.274091,-0.209447,-2.617991,1.274101,-1.570767,-0.248978
4624.208136,sim,1.274091,-0.209434,-2.617995,1.274080,-1.570763,-0.248983
4624.212175,sim,1.274090,-0.209451,-2.617991,1.274102,-1.570766,-0.248519
4624.216096,sim,1.274090,-0.209430,-2.617996,1.274077,-1.570763,-0.248096
4624.220138,sim,1.274091,-0.209448,-2.617991,1.274101,-1.570767,-0.247696
4624.224160,sim,1.274090,-0.209429,-2.617997,1.274075,-1.570763,-0.247334
4624.228164,sim,1.274091,-0.209438,-2.617993,1.274096,-1.570768,-0.246988
4624.232143,sim,1.274091,-0.209429,-2.617997,1.274077,-1.570764,-0.246679
4624.236107,sim,1.274090,-0.209447,-2.617992,1.274099,-1.570767,-0.246383
4624.240130,sim,1.274090,-0.209436,-2.617995,1.274080,-1.570763,-0.246388
4624.244339,sim,1.274090,-0.209449,-2.617991,1.274101,-1.570767,-0.246116
4624.248163,sim,1.274090,-0.209435,-2.617995,1.274078,-1.570762,-0.245877
4624.252089,sim,1.274091,-0.209449,-2.617990,1.274104,-1.570768,-0.245651
4624.256152,sim,1.274090,-0.209432,-2.617996,1.274075,-1.570762,-0.245461
4624.260113,sim,1.274091,-0.209443,-2.617992,1.274097,-1.570767,-0.245279
4624.264292,sim,1.274091,-0.209427,-2.617997,1.274076,-1.570764,-0.245283
4624.268131,sim,1.274091,-0.209448,-2.617991,1.274103,-1.570768,-0.245121
4624.272082,sim,1.274089,-0.209433,-2.617996,1.274077,-1.570763,-0.244988
4624.276124,sim,1.274091,-0.209449,-2.617990,1.274104,-1.570768,-0.244860
4624.280156,sim,1.274090,-0.209432,-2.617996,1.274078,-1.570763,-0.244759
4624.284196,sim,1.274091,-0.209447,-2.617991,1.274101,-1.570768,-0.244660
4624.288371,sim,1.274090,-0.209433,-2.617995,1.274078,-1.570763,-0.244584
4624.292275,sim,1.274091,-0.209432,-2.617994,1.274094,-1.570770,-0.244507
4624.296214,sim,1.274091,-0.209435,-2.617996,1.274076,-1.570762,-0.244455
4624.300305,sim,1.274090,-0.209451,-2.617990,1.274103,-1.570768,-0.244448
4624.304226,sim,1.274090,-0.209435,-2.617995,1.274079,-1.570763,-0.244396
4624.308274,sim,1.274090,-0.209451,-2.617991,1.274101,-1.570767,-0.244325
4624.312242,sim,1.274090,-0.209431,-2.617996,1.274077,-1.570764,-0.244257
4624.316139,sim,1.274090,-0.209441,-2.617993,1.274096,-1.570768,-0.244171
4624.320203,sim,1.274090,-0.209427,-2.617997,1.274074,-1.570764,-0.244087
4624.324431,sim,1.274091,-0.209448,-2.617991,1.274101,-1.570768,-0.243985
4624.328285,sim,1.274090,-0.209436,-2.617995,1.274081,-1.570763,-0.243883
4624.332161,sim,1.274090,-0.209446,-2.617991,1.274100,-1.570768,-0.243878
4624.336176,sim,1.274091,-0.209434,-2.617995,1.274081,-1.570764,-0.243756
4624.340245,sim,1.274091,-0.209446,-2.617992,1.274098,-1.570767,-0.243598
4624.344456,sim,1.274091,-0.209429,-2.617996,1.274077,-1.570765,-0.243423
4624.348148,sim,1.274090,-0.209444,-2.617992,1.274097,-1.570768,-0.243215
4624.352223,sim,1.274091,-0.209436,-2.617995,1.274081,-1.570764,-0.242994
4624.356254,sim,1.274090,-0.209448,-2.617991,1.274100,-1.570768,-0.242989
4624.360187,sim,1.274090,-0.209430,-2.617997,1.274075,-1.570764,-0.242736
4624.364333,sim,1.274091,-0.209444,-2.617992,1.274097,-1.570768,-0.242433
4624.368164,sim,1.274090,-0.209426,-2.617997,1.274074,-1.570765,-0.242106
4624.372237,sim,1.274092,-0.209449,-2.617991,1.274102,-1.570768,-0.241741
4624.376199,sim,1.274090,-0.209438,-2.617995,1.274081,-1.570764,-0.241361
4624.380191,sim,1.274090,-0.209450,-2.617991,1.274102,-1.570768,-0.240951
4624.384208,sim,1.274090,-0.209433,-2.617996,1.274075,-1.570763,-0.240536
4624.388256,sim,1.274091,-0.209451,-2.617990,1.274104,-1.570768,-0.240530
4624.392217,sim,1.274090,-0.209433,-2.617996,1.274078,-1.570764,-0.240104
4624.396247,sim,1.274091,-0.209446,-2.617991,1.274100,-1.570769,-0.239657
4624.400101,sim,1.274091,-0.209430,-2.617996,1.274077,-1.570765,-0.239210
4624.404236,sim,1.274091,-0.209447,-2.617992,1.274100,-1.570769,-0.238746
4624.408246,sim,1.274090,-0.209437,-2.617995,1.274081,-1.570764,-0.238284
4624.412240,sim,1.274090,-0.209452,-2.617990,1.274102,-1.570767,-0.238280
4624.416153,sim,1.274090,-0.209431,-2.617996,1.274075,-1.570764,-0.237798
4624.420228,sim,1.274091,-0.209448,-2.617991,1.274102,-1.570769,-0.237279
4624.424301,sim,1.274089,-0.209430,-2.617997,1.274073,-1.570764,-0.236751
4624.428229,sim,1.274091,-0.209441,-2.617993,1.274098,-1.570770,-0.236192
4624.432143,sim,1.274090,-0.209427,-2.617997,1.274073,-1.570765,-0.235637
4624.436203,sim,1.274091,-0.209447,-2.617991,1.274102,-1.570770,-0.235062
4624.440213,sim,1.274090,-0.209430,-2.617996,1.274077,-1.570765,-0.234498
4624.444504,sim,1.274091,-0.209448,-2.617991,1.274100,-1.570769,-0.233927
4624.448132,sim,1.274090,-0.209436,-2.617995,1.274078,-1.570764,-0.233934
4624.452171,sim,1.274090,-0.209449,-2.617991,1.274103,-1.570770,-0.233383
4624.456217,sim,1.274089,-0.209430,-2.617997,1.274072,-1.570764,-0.232882
4624.460142,sim,1.274091,-0.209447,-2.617991,1.274102,-1.570770,-0.232399
4624.464183,sim,1.274091,-0.209436,-2.617995,1.274081,-1.570765,-0.231959
4624.468218,sim,1.274090,-0.209452,-2.617990,1.274102,-1.570768,-0.231538
4624.472173,sim,1.274090,-0.209433,-2.617995,1.274078,-1.570765,-0.231149
4624.476176,sim,1.274091,-0.209444,-2.617992,1.274100,-1.570770,-0.230771
4624.480158,sim,1.274090,-0.209427,-2.617997,1.274072,-1.570765,-0.230778
4624.484266,sim,1.274091,-0.209445,-2.617992,1.274101,-1.570770,-0.230421
4624.488186,sim,1.274091,-0.209431,-2.617996,1.274077,-1.570765,-0.230095
4624.492184,sim,1.274091,-0.209448,-2.617991,1.274102,-1.570770,-0.229775
4624.496220,sim,1.274090,-0.209430,-2.617997,1.274073,-1.570765,-0.229485
4624.500160,sim,1.274091,-0.209446,-2.617991,1.274101,-1.570770,-0.229197
4624.504357,sim,1.274091,-0.209432,-2.617995,1.274079,-1.570766,-0.229202
4624.508249,sim,1.274090,-0.209445,-2.617992,1.274097,-1.570769,-0.228933
4624.512213,sim,1.274091,-0.209432,-2.617996,1.274078,-1.570766,-0.228689
4624.516202,sim,1.274091,-0.209449,-2.617991,1.274103,-1.570770,-0.228449
4624.520232,sim,1.274090,-0.209432,-2.617996,1.274078,-1.570766,-0.228236
4624.524296,sim,1.274090,-0.209447,-2.617991,1.274100,-1.570770,-0.228028
4624.528198,sim,1.274090,-0.209430,-2.617997,1.274074,-1.570765,-0.227848
4624.532249,sim,1.274091,-0.209449,-2.617991,1.274103,-1.570770,-0.227671
4624.536272,sim,1.274089,-0.209428,-2.617997,1.274073,-1.570765,-0.227523
4624.540244,sim,1.274092,-0.209447,-2.617991,1.274103,-1.570771,-0.227379
4624.544412,sim,1.274090,-0.209430,-2.617997,1.274075,-1.570766,-0.227264
4624.548175,sim,1.274091,-0.209447,-2.617992,1.274099,-1.570770,-0.227155
4624.552217,sim,1.274090,-0.209430,-2.617996,1.274076,-1.570766,-0.227073
4624.556149,sim,1.274091,-0.209447,-2.617991,1.274100,-1.570770,-0.226998
4624.560137,sim,1.274090,-0.209431,-2.617996,1.274077,-1.570766,-0.226951
4624.564418,sim,1.274091,-0.209450,-2.617990,1.274103,-1.570770,-0.226911
4624.568257,sim,1.274090,-0.209433,-2.617995,1.274078,-1.570766,-0.226916
4624.572225,sim,1.274091,-0.209449,-2.617991,1.274101,-1.570770,-0.226911
4624.576246,sim,1.274090,-0.209432,-2.617996,1.274078,-1.570766,-0.226916
4624.580122,sim,1.274090,-0.209447,-2.617991,1.274100,-1.570770,-0.226911
4624.584252,sim,1.274090,-0.209430,-2.617996,1.274076,-1.570766,-0.226916
4624.588178,sim,1.274090,-0.209447,-2.617992,1.274099,-1.570770,-0.226911
4624.592076,sim,1.274090,-0.209429,-2.617997,1.274075,-1.570767,-0.226916
4624.596167,sim,1.274091,-0.209447,-2.617992,1.274100,-1.570770,-0.226911
4624.600110,sim,1.274090,-0.209429,-2.617997,1.274075,-1.570766,-0.226916
4624.604209,sim,1.274090,-0.209447,-2.617992,1.274099,-1.570770,-0.226911
4624.608184,sim,1.274090,-0.209430,-2.617997,1.274074,-1.570766,-0.226917
4624.612141,sim,1.274091,-0.209449,-2.617991,1.274104,-1.570771,-0.226910
4624.616177,sim,1.274090,-0.209432,-2.617996,1.274078,-1.570766,-0.226916
4624.620217,sim,1.274090,-0.209448,-2.617992,1.274098,-1.570769,-0.226912
4624.624232,sim,1.274090,-0.209437,-2.617995,1.274080,-1.570766,-0.226917
4624.628226,sim,1.274090,-0.209451,-2.617990,1.274104,-1.570770,-0.226911
4624.632178,sim,1.274090,-0.209432,-2.617996,1.274076,-1.570766,-0.226916
4624.636212,sim,1.274090,-0.209448,-2.617991,1.274100,-1.570770,-0.226911
4624.640195,sim,1.274090,-0.209431,-2.617996,1.274076,-1.570766,-0.226916
4624.644425,sim,1.274091,-0.209450,-2.617990,1.274104,-1.570771,-0.226910
4624.648205,sim,1.274091,-0.209435,-2.617994,1.274081,-1.570766,-0.226916
4624.652228,sim,1.274090,-0.209446,-2.617991,1.274101,-1.570771,-0.226911
4624.656208,sim,1.274090,-0.209432,-2.617996,1.274078,-1.570766,-0.226916
4624.660122,sim,1.274091,-0.209442,-2.617992,1.274098,-1.570771,-0.226910
4624.664330,sim,1.274090,-0.209428,-2.617997,1.274074,-1.570766,-0.226916
4624.668114,sim,1.274091,-0.209446,-2.617992,1.274099,-1.570770,-0.226911
4624.672482,sim,1.274090,-0.209428,-2.617997,1.274073,-1.570766,-0.226917
4624.676118,sim,1.274092,-0.209450,-2.617990,1.274105,-1.570771,-0.226910
4624.680174,sim,1.274089,-0.209430,-2.617996,1.274075,-1.570766,-0.226916
4624.684269,sim,1.274091,-0.209446,-2.617991,1.274101,-1.570771,-0.226910
4624.688176,sim,1.274090,-0.209432,-2.617996,1.274077,-1.570766,-0.226916
4624.692175,sim,1.274090,-0.209449,-2.617991,1.274100,-1.570770,-0.226911
4624.696221,sim,1.274090,-0.209430,-2.617996,1.274077,-1.570767,-0.226916
4624.700158,sim,1.274090,-0.209446,-2.617992,1.274097,-1.570770,-0.226912
4624.704230,sim,1.274090,-0.209429,-2.617997,1.274076,-1.570767,-0.226916
4624.708251,sim,1.274090,-0.209446,-2.617992,1.274099,-1.570770,-0.226911
4624.712256,sim,1.274090,-0.209430,-2.617996,1.274077,-1.570767,-0.226916
4624.716142,sim,1.274090,-0.209448,-2.617991,1.274099,-1.570770,-0.226911
4624.720194,sim,1.274090,-0.209431,-2.617996,1.274077,-1.570767,-0.226916
4624.724369,sim,1.274091,-0.209450,-2.617991,1.274102,-1.570770,-0.226911
4624.728275,sim,1.274090,-0.209430,-2.617996,1.274075,-1.570766,-0.226916
4624.732179,sim,1.274091,-0.209447,-2.617992,1.274099,-1.570770,-0.226911
4624.736184,sim,1.274091,-0.209433,-2.617995,1.274080,-1.570767,-0.226915
4624.740251,sim,1.274090,-0.209448,-2.617991,1.274101,-1.570770,-0.226911
4624.744405,sim,1.274091,-0.209432,-2.617995,1.274080,-1.570767,-0.226915
4624.748220,sim,1.274091,-0.209451,-2.617990,1.274102,-1.570770,-0.226911
4624.752192,sim,1.274089,-0.209431,-2.617997,1.274073,-1.570765,-0.226917
4624.756228,sim,1.274091,-0.209448,-2.617991,1.274104,-1.570771,-0.226910
4624.760239,sim,1.274090,-0.209433,-2.617995,1.274079,-1.570766,-0.226916
4624.764317,sim,1.274091,-0.209449,-2.617991,1.274101,-1.570770,-0.226911
4624.768190,sim,1.274090,-0.209432,-2.617996,1.274076,-1.570765,-0.226917
4624.772322,sim,1.274090,-0.209447,-2.617992,1.274099,-1.570770,-0.226911
4624.776282,sim,1.274090,-0.209430,-2.617996,1.274079,-1.570767,-0.226915
4624.780235,sim,1.274091,-0.209448,-2.617991,1.274100,-1.570770,-0.226911
4624.784221,sim,1.274090,-0.209431,-2.617996,1.274077,-1.570767,-0.226916
4624.788245,sim,1.274091,-0.209448,-2.617991,1.274101,-1.570770,-0.226911
4624.792299,sim,1.274090,-0.209433,-2.617995,1.274078,-1.570766,-0.226916
4624.796258,sim,1.274090,-0.209449,-2.617991,1.274101,-1.570770,-0.226912
4624.800261,sim,1.274090,-0.209429,-2.617997,1.274075,-1.570766,-0.226916
4624.804351,sim,1.274091,-0.209449,-2.617991,1.274102,-1.570770,-0.226911
4624.808323,sim,1.274089,-0.209428,-2.617997,1.274074,-1.570766,-0.226916
4624.812275,sim,1.274091,-0.209447,-2.617992,1.274100,-1.570770,-0.226911
4624.816175,sim,1.274091,-0.209433,-2.617995,1.274080,-1.570767,-0.226915
4624.820267,sim,1.274090,-0.209449,-2.617991,1.274101,-1.570770,-0.226911
4624.824301,sim,1.274089,-0.209428,-2.617997,1.274071,-1.570765,-0.226917
4624.828646,sim,1.274091,-0.209447,-2.617991,1.274102,-1.570771,-0.226910
4624.832168,sim,1.274090,-0.209431,-2.617996,1.274075,-1.570765,-0.226917
4624.836280,sim,1.274091,-0.209448,-2.617991,1.274102,-1.570771,-0.226910
4624.840301,sim,1.274090,-0.209429,-2.617997,1.274076,-1.570767,-0.226915
4624.844565,sim,1.274090,-0.209447,-2.617992,1.274098,-1.570770,-0.226912
4624.848183,sim,1.274091,-0.209433,-2.617995,1.274082,-1.570767,-0.226914
4624.852252,sim,1.274090,-0.209449,-2.617991,1.274101,-1.570770,-0.226911
4624.856239,sim,1.274090,-0.209430,-2.617996,1.274076,-1.570766,-0.226916
4624.860303,sim,1.274091,-0.209450,-2.617991,1.274102,-1.570770,-0.226911
4624.864249,sim,1.274090,-0.209430,-2.617996,1.274075,-1.570766,-0.226916
4624.868309,sim,1.274091,-0.209448,-2.617992,1.274100,-1.570770,-0.226911
4624.872265,sim,1.274090,-0.209430,-2.617996,1.274077,-1.570767,-0.226916
4624.876258,sim,1.274091,-0.209448,-2.617991,1.274102,-1.570771,-0.226911
4624.880239,sim,1.274090,-0.209431,-2.617996,1.274076,-1.570766,-0.226916
4624.884413,sim,1.274090,-0.209447,-2.617992,1.274099,-1.570770,-0.226911
4624.888253,sim,1.274089,-0.209429,-2.617997,1.274072,-1.570765,-0.226917
4624.892284,sim,1.274090,-0.209445,-2.617992,1.274100,-1.570771,-0.226910
4624.896237,sim,1.274091,-0.209431,-2.617996,1.274078,-1.570767,-0.226915
4624.900378,sim,1.274090,-0.209446,-2.617992,1.274098,-1.570770,-0.226911
4624.904435,sim,1.274092,-0.209434,-2.617994,1.274082,-1.570767,-0.226915
4624.908295,sim,1.274090,-0.209451,-2.617990,1.274102,-1.570769,-0.226935
4624.912214,sim,1.274090,-0.209433,-2.617995,1.274078,-1.570766,-0.226962
4624.916284,sim,1.274090,-0.209447,-2.617992,1.274098,-1.570770,-0.226981
4624.920282,sim,1.274090,-0.209429,-2.617997,1.274072,-1.570766,-0.227010
4624.924330,sim,1.274090,-0.209446,-2.617992,1.274100,-1.570771,-0.227026
4624.928255,sim,1.274090,-0.209428,-2.617997,1.274075,-1.570767,-0.227055
4624.932367,sim,1.274092,-0.209450,-2.617991,1.274103,-1.570771,-0.227073
4624.936328,sim,1.274090,-0.209433,-2.617995,1.274080,-1.570767,-0.227101
4624.940365,sim,1.274091,-0.209449,-2.617991,1.274102,-1.570770,-0.227120
4624.944373,sim,1.274091,-0.209433,-2.617995,1.274079,-1.570767,-0.227148
4624.948395,sim,1.274091,-0.209450,-2.617991,1.274101,-1.570770,-0.227167
4624.952353,sim,1.274090,-0.209430,-2.617996,1.274075,-1.570767,-0.227195
4624.956285,sim,1.274090,-0.209446,-2.617992,1.274099,-1.570771,-0.227213
4624.960261,sim,1.274090,-0.209429,-2.617997,1.274075,-1.570767,-0.227242
4624.965410,sim,1.274090,-0.209447,-2.617992,1.274099,-1.570771,-0.227260
4624.968298,sim,1.274090,-0.209430,-2.617996,1.274076,-1.570767,-0.227288
4624.972276,sim,1.274090,-0.209446,-2.617992,1.274099,-1.570771,-0.227306
4624.976251,sim,1.274091,-0.209433,-2.617995,1.274080,-1.570767,-0.227334
4624.980331,sim,1.274090,-0.209450,-2.617991,1.274101,-1.570770,-0.227353
4624.984493,sim,1.274090,-0.209430,-2.617996,1.274077,-1.570767,-0.227381
4624.988269,sim,1.274091,-0.209448,-2.617991,1.274101,-1.570771,-0.227399
4624.992213,sim,1.274090,-0.209430,-2.617996,1.274077,-1.570767,-0.227427
4624.996239,sim,1.274091,-0.209449,-2.617991,1.274101,-1.570771,-0.227446
4625.000277,sim,1.274091,-0.209434,-2.617995,1.274078,-1.570766,-0.227475
4625.004326,sim,1.274090,-0.209448,-2.617992,1.274098,-1.570770,-0.227493
4625.008258,sim,1.274091,-0.209433,-2.617995,1.274079,-1.570768,-0.227520
4625.012274,sim,1.274091,-0.209449,-2.617990,1.274103,-1.570772,-0.227538
4625.016222,sim,1.274089,-0.209429,-2.617997,1.274073,-1.570766,-0.227568
4625.020258,sim,1.274091,-0.209448,-2.617991,1.274102,-1.570772,-0.227561
4625.024280,sim,1.274089,-0.209429,-2.617997,1.274075,-1.570767,-0.227579
4625.028285,sim,1.274091,-0.209446,-2.617992,1.274099,-1.570772,-0.227564
4625.032226,sim,1.274090,-0.209430,-2.617996,1.274076,-1.570769,-0.227541
4625.036236,sim,1.274090,-0.209446,-2.617992,1.274099,-1.570773,-0.227494
4625.040186,sim,1.274091,-0.209431,-2.617996,1.274079,-1.570770,-0.227444
4625.044425,sim,1.274092,-0.209452,-2.617990,1.274104,-1.570774,-0.227377
4625.048302,sim,1.274090,-0.209432,-2.617995,1.274078,-1.570771,-0.227312
4625.052247,sim,1.274091,-0.209450,-2.617991,1.274102,-1.570775,-0.227235
4625.056415,sim,1.274090,-0.209433,-2.617995,1.274079,-1.570772,-0.227167
4625.060284,sim,1.274090,-0.209446,-2.617992,1.274098,-1.570777,-0.227093
4625.064415,sim,1.274090,-0.209431,-2.617996,1.274075,-1.570773,-0.227034
4625.068305,sim,1.274091,-0.209448,-2.617991,1.274102,-1.570779,-0.226973
4625.072324,sim,1.274090,-0.209430,-2.617997,1.274074,-1.570774,-0.226937
4625.076230,sim,1.274090,-0.209446,-2.617992,1.274100,-1.570779,-0.226903
4625.080270,sim,1.274091,-0.209432,-2.617995,1.274079,-1.570776,-0.226907
4625.084309,sim,1.274091,-0.209449,-2.617991,1.274101,-1.570779,-0.226889
4625.088269,sim,1.274090,-0.209431,-2.617996,1.274078,-1.570776,-0.226890
4625.092280,sim,1.274090,-0.209446,-2.617992,1.274100,-1.570780,-0.226892
4625.096307,sim,1.274090,-0.209430,-2.617996,1.274077,-1.570776,-0.226913
4625.100204,sim,1.274091,-0.209449,-2.617992,1.274098,-1.570779,-0.226935
4625.104304,sim,1.274090,-0.209437,-2.617995,1.274080,-1.570775,-0.226939
4625.108306,sim,1.274090,-0.209450,-2.617990,1.274104,-1.570780,-0.226974
4625.112274,sim,1.274090,-0.209435,-2.617995,1.274079,-1.570775,-0.227042
4625.116311,sim,1.274090,-0.209440,-2.617993,1.274095,-1.570780,-0.227118
4625.120298,sim,1.274091,-0.209428,-2.617997,1.274076,-1.570777,-0.227124
4625.124420,sim,1.274090,-0.209447,-2.617992,1.274099,-1.570780,-0.227166
4625.128329,sim,1.274091,-0.209431,-2.617996,1.274079,-1.570777,-0.227216
4625.132260,sim,1.274090,-0.209446,-2.617992,1.274099,-1.570780,-0.227258
4625.136509,sim,1.274091,-0.209431,-2.617996,1.274078,-1.570776,-0.227262
4625.140264,sim,1.274091,-0.209452,-2.617991,1.274102,-1.570779,-0.227334
4625.144545,sim,1.274090,-0.209439,-2.617994,1.274081,-1.570775,-0.227468
4625.148361,sim,1.274090,-0.209453,-2.617990,1.274105,-1.570780,-0.227640
4625.152240,sim,1.274089,-0.209425,-2.617998,1.274070,-1.570775,-0.227867
4625.156357,sim,1.274091,-0.209445,-2.617992,1.274102,-1.570782,-0.228120
4625.160310,sim,1.274090,-0.209429,-2.617997,1.274072,-1.570775,-0.228421
4625.164476,sim,1.274091,-0.209446,-2.617992,1.274101,-1.570781,-0.228736
4625.168225,sim,1.274091,-0.209432,-2.617995,1.274081,-1.570778,-0.228740
4625.172333,sim,1.274091,-0.209449,-2.617991,1.274102,-1.570780,-0.229082
4625.176370,sim,1.274091,-0.209433,-2.617995,1.274079,-1.570777,-0.229454
4625.180418,sim,1.274090,-0.209448,-2.617991,1.274101,-1.570780,-0.229835
4625.184344,sim,1.274090,-0.209431,-2.617997,1.274074,-1.570776,-0.230246
4625.188366,sim,1.274091,-0.209449,-2.617991,1.274104,-1.570782,-0.230659
4625.192475,sim,1.274090,-0.209432,-2.617996,1.274079,-1.570777,-0.231101
4625.196547,sim,1.274090,-0.209447,-2.617992,1.274099,-1.570780,-0.231097
4625.200409,sim,1.274090,-0.209428,-2.617997,1.274076,-1.570777,-0.231553
4625.204418,sim,1.274091,-0.209447,-2.617992,1.274100,-1.570781,-0.232021
4625.208440,sim,1.274091,-0.209431,-2.617996,1.274079,-1.570778,-0.232514
4625.212418,sim,1.274091,-0.209450,-2.617991,1.274102,-1.570781,-0.233011
4625.216301,sim,1.274090,-0.209436,-2.617995,1.274078,-1.570776,-0.233527
4625.220327,sim,1.274090,-0.209438,-2.617993,1.274096,-1.570783,-0.234034
4625.224457,sim,1.274091,-0.209434,-2.617996,1.274077,-1.570776,-0.234559
4625.228410,sim,1.274091,-0.209450,-2.617990,1.274104,-1.570782,-0.234552
4625.232277,sim,1.274089,-0.209434,-2.617996,1.274076,-1.570777,-0.235074
4625.236337,sim,1.274090,-0.209446,-2.617992,1.274099,-1.570782,-0.235579
4625.240324,sim,1.274090,-0.209431,-2.617997,1.274074,-1.570777,-0.236093
4625.244609,sim,1.274091,-0.209444,-2.617992,1.274101,-1.570783,-0.236589
4625.248275,sim,1.274090,-0.209428,-2.617997,1.274076,-1.570779,-0.237096
4625.252295,sim,1.274091,-0.209448,-2.617992,1.274098,-1.570781,-0.237590
4625.256284,sim,1.274090,-0.209436,-2.617995,1.274082,-1.570779,-0.238088
4625.260357,sim,1.274090,-0.209451,-2.617991,1.274101,-1.570781,-0.238084
4625.264318,sim,1.274090,-0.209432,-2.617996,1.274078,-1.570778,-0.238575
4625.268316,sim,1.274091,-0.209451,-2.617990,1.274104,-1.570782,-0.239042
4625.272309,sim,1.274090,-0.209433,-2.617995,1.274079,-1.570778,-0.239504
4625.276316,sim,1.274091,-0.209448,-2.617991,1.274101,-1.570783,-0.239940
4625.280254,sim,1.274089,-0.209431,-2.617997,1.274073,-1.570777,-0.240371
4625.284395,sim,1.274091,-0.209440,-2.617993,1.274097,-1.570784,-0.240363
4625.288323,sim,1.274091,-0.209429,-2.617996,1.274077,-1.570779,-0.240774
4625.292348,sim,1.274090,-0.209447,-2.617992,1.274099,-1.570783,-0.241156
4625.296271,sim,1.274091,-0.209438,-2.617995,1.274081,-1.570778,-0.241527
4625.300378,sim,1.274090,-0.209451,-2.617990,1.274104,-1.570783,-0.241865
4625.304422,sim,1.274089,-0.209431,-2.617997,1.274075,-1.570778,-0.242193
4625.308317,sim,1.274090,-0.209448,-2.617992,1.274098,-1.570782,-0.242489
4625.312303,sim,1.274090,-0.209431,-2.617996,1.274076,-1.570779,-0.242772
4625.316329,sim,1.274091,-0.209444,-2.617992,1.274099,-1.570784,-0.242766
4625.320274,sim,1.274091,-0.209431,-2.617996,1.274077,-1.570779,-0.243023
4625.324437,sim,1.274091,-0.209449,-2.617991,1.274103,-1.570784,-0.243237
4625.328289,sim,1.274089,-0.209435,-2.617996,1.274076,-1.570778,-0.243436
4625.332311,sim,1.274090,-0.209449,-2.617991,1.274102,-1.570784,-0.243593
4625.336362,sim,1.274090,-0.209433,-2.617996,1.274076,-1.570779,-0.243740
4625.340345,sim,1.274091,-0.209444,-2.617992,1.274099,-1.570784,-0.243850
4625.344459,sim,1.274091,-0.209430,-2.617996,1.274077,-1.570780,-0.243953
4625.348473,sim,1.274091,-0.209447,-2.617991,1.274102,-1.570784,-0.243948
4625.352422,sim,1.274090,-0.209435,-2.617996,1.274077,-1.570778,-0.244040
4625.356331,sim,1.274090,-0.209451,-2.617991,1.274103,-1.570784,-0.244111
4625.360272,sim,1.274089,-0.209430,-2.617997,1.274074,-1.570779,-0.244190
4625.364502,sim,1.274091,-0.209444,-2.617992,1.274099,-1.570784,-0.244253
4625.368416,sim,1.274090,-0.209428,-2.617997,1.274078,-1.570781,-0.244323
4625.372307,sim,1.274090,-0.209446,-2.617992,1.274100,-1.570784,-0.244384
4625.376309,sim,1.274090,-0.209433,-2.617996,1.274078,-1.570780,-0.244390
4625.380349,sim,1.274091,-0.209452,-2.617990,1.274103,-1.570784,-0.244456
4625.384384,sim,1.274090,-0.209433,-2.617995,1.274080,-1.570780,-0.244546
4625.388283,sim,1.274090,-0.209447,-2.617991,1.274101,-1.570785,-0.244640
4625.392310,sim,1.274090,-0.209431,-2.617997,1.274074,-1.570779,-0.244758
4625.396372,sim,1.274091,-0.209444,-2.617992,1.274100,-1.570785,-0.244874
4625.400294,sim,1.274091,-0.209430,-2.617996,1.274079,-1.570781,-0.245013
4625.404367,sim,1.274090,-0.209446,-2.617992,1.274098,-1.570784,-0.245155
4625.408288,sim,1.274091,-0.209437,-2.617994,1.274083,-1.570781,-0.245159
4625.412330,sim,1.274090,-0.209453,-2.617990,1.274103,-1.570783,-0.245319
4625.416284,sim,1.274090,-0.209433,-2.617995,1.274079,-1.570780,-0.245510
4625.420259,sim,1.274091,-0.209448,-2.617991,1.274102,-1.570785,-0.245717
4625.424404,sim,1.274090,-0.209431,-2.617996,1.274077,-1.570781,-0.245956
4625.428395,sim,1.274091,-0.209429,-2.617995,1.274093,-1.570788,-0.246203
4625.432325,sim,1.274090,-0.209433,-2.617997,1.274075,-1.570780,-0.246487
4625.436248,sim,1.274090,-0.209448,-2.617991,1.274100,-1.570785,-0.246775
4625.440327,sim,1.274090,-0.209434,-2.617996,1.274078,-1.570780,-0.246781
4625.444536,sim,1.274091,-0.209450,-2.617990,1.274103,-1.570785,-0.247092
4625.448370,sim,1.274090,-0.209434,-2.617996,1.274076,-1.570779,-0.247443
4625.452294,sim,1.274090,-0.209449,-2.617991,1.274102,-1.570785,-0.247804
4625.456310,sim,1.274089,-0.209429,-2.617997,1.274075,-1.570781,-0.248200
4625.460318,sim,1.274091,-0.209444,-2.617992,1.274100,-1.570786,-0.248606
4625.464409,sim,1.274091,-0.209430,-2.617996,1.274077,-1.570782,-0.248611
4625.468233,sim,1.274091,-0.209448,-2.617992,1.274098,-1.570784,-0.249050
4625.472399,sim,1.274091,-0.209437,-2.617995,1.274082,-1.570781,-0.249531
4625.476296,sim,1.274090,-0.209451,-2.617991,1.274101,-1.570784,-0.250036
4625.480308,sim,1.274090,-0.209432,-2.617996,1.274079,-1.570782,-0.250573
4625.484345,sim,1.274091,-0.209444,-2.617992,1.274098,-1.570786,-0.251121
4625.488367,sim,1.274091,-0.209428,-2.617997,1.274076,-1.570783,-0.251690
4625.492394,sim,1.274090,-0.209446,-2.617992,1.274099,-1.570786,-0.252258
4625.496386,sim,1.274090,-0.209434,-2.617996,1.274079,-1.570782,-0.252836
4625.500353,sim,1.274091,-0.209450,-2.617991,1.274102,-1.570786,-0.252831
4625.504437,sim,1.274090,-0.209434,-2.617995,1.274080,-1.570782,-0.253393
4625.508376,sim,1.274090,-0.209441,-2.617993,1.274096,-1.570786,-0.253917
4625.512397,sim,1.274091,-0.209431,-2.617996,1.274080,-1.570783,-0.254425
4625.516270,sim,1.274090,-0.209450,-2.617991,1.274101,-1.570785,-0.254903
4625.520341,sim,1.274090,-0.209437,-2.617995,1.274081,-1.570782,-0.255369
4625.524482,sim,1.274090,-0.209449,-2.617991,1.274102,-1.570786,-0.255809
4625.528404,sim,1.274090,-0.209434,-2.617996,1.274077,-1.570781,-0.256245
4625.532330,sim,1.274091,-0.209443,-2.617993,1.274097,-1.570786,-0.256239
4625.536335,sim,1.274090,-0.209428,-2.617997,1.274078,-1.570784,-0.256661
4625.540305,sim,1.274090,-0.209445,-2.617993,1.274097,-1.570786,-0.257066
4625.544544,sim,1.274090,-0.209435,-2.617995,1.274081,-1.570782,-0.257467
4625.548303,sim,1.274090,-0.209440,-2.617993,1.274097,-1.570788,-0.257846
4625.552304,sim,1.274091,-0.209431,-2.617997,1.274077,-1.570782,-0.258226
4625.556304,sim,1.274090,-0.209448,-2.617992,1.274100,-1.570786,-0.258221
4625.560343,sim,1.274090,-0.209436,-2.617995,1.274081,-1.570782,-0.258587
4625.564422,sim,1.274090,-0.209450,-2.617991,1.274102,-1.570786,-0.258929
4625.568336,sim,1.274090,-0.209433,-2.617996,1.274076,-1.570781,-0.259267
4625.572304,sim,1.274090,-0.209443,-2.617993,1.274096,-1.570786,-0.259576
4625.576352,sim,1.274091,-0.209428,-2.617996,1.274079,-1.570784,-0.259878
4625.580364,sim,1.274090,-0.209448,-2.617992,1.274098,-1.570785,-0.260157
4625.584393,sim,1.274089,-0.209433,-2.617996,1.274079,-1.570783,-0.260422
4625.588368,sim,1.274090,-0.209450,-2.617991,1.274101,-1.570786,-0.260661
4625.592297,sim,1.274091,-0.209433,-2.617995,1.274080,-1.570783,-0.260886
4625.596240,sim,1.274091,-0.209445,-2.617992,1.274098,-1.570787,-0.261082
4625.600352,sim,1.274090,-0.209428,-2.617997,1.274074,-1.570783,-0.261264
4625.604443,sim,1.274091,-0.209447,-2.617991,1.274102,-1.570788,-0.261413
4625.608348,sim,1.274091,-0.209438,-2.617995,1.274081,-1.570782,-0.261549
4625.612338,sim,1.274090,-0.209451,-2.617991,1.274100,-1.570786,-0.261649
4625.616375,sim,1.274090,-0.209432,-2.617996,1.274077,-1.570783,-0.261730
4625.620355,sim,1.274091,-0.209450,-2.617991,1.274103,-1.570787,-0.261725
4625.624522,sim,1.274089,-0.209430,-2.617997,1.274076,-1.570783,-0.261730
4625.629908,sim,1.274090,-0.209441,-2.617993,1.274096,-1.570788,-0.261725
4625.632615,sim,1.274091,-0.209427,-2.617997,1.274076,-1.570785,-0.261729
4625.636386,sim,1.274091,-0.209447,-2.617992,1.274100,-1.570787,-0.261726
4625.640374,sim,1.274091,-0.209436,-2.617994,1.274082,-1.570784,-0.261730
4625.644592,sim,1.274090,-0.209451,-2.617991,1.274102,-1.570787,-0.261726
4625.648345,sim,1.274091,-0.209435,-2.617995,1.274079,-1.570783,-0.261731
4625.652376,sim,1.274090,-0.209445,-2.617992,1.274098,-1.570787,-0.261726
4625.656366,sim,1.274090,-0.209428,-2.617997,1.274075,-1.570784,-0.261730
4625.660363,sim,1.274091,-0.209446,-2.617992,1.274101,-1.570788,-0.261725
4625.664431,sim,1.274091,-0.209437,-2.617994,1.274081,-1.570783,-0.261731
4625.668385,sim,1.274090,-0.209451,-2.617990,1.274102,-1.570787,-0.261726
4625.672445,sim,1.274090,-0.209434,-2.617995,1.274078,-1.570783,-0.261731
4625.676529,sim,1.274090,-0.209451,-2.617990,1.274104,-1.570787,-0.261726
4625.680291,sim,1.274090,-0.209433,-2.617995,1.274079,-1.570783,-0.261730
4625.684441,sim,1.274091,-0.209442,-2.617992,1.274098,-1.570788,-0.261725
4625.688381,sim,1.274089,-0.209425,-2.617998,1.274072,-1.570784,-0.261730
4625.692397,sim,1.274091,-0.209447,-2.617992,1.274101,-1.570788,-0.261725
4625.696357,sim,1.274090,-0.209435,-2.617996,1.274078,-1.570782,-0.261732
4625.700352,sim,1.274090,-0.209451,-2.617990,1.274103,-1.570787,-0.261726
4625.704489,sim,1.274090,-0.209432,-2.617996,1.274078,-1.570783,-0.261730
4625.708420,sim,1.274091,-0.209449,-2.617990,1.274104,-1.570788,-0.261725
4625.712329,sim,1.274090,-0.209432,-2.617996,1.274075,-1.570782,-0.261732
4625.716339,sim,1.274091,-0.209443,-2.617992,1.274099,-1.570788,-0.261724
4625.720414,sim,1.274090,-0.209426,-2.617997,1.274074,-1.570784,-0.261730
4625.724444,sim,1.274092,-0.209449,-2.617991,1.274103,-1.570788,-0.261725
4625.728388,sim,1.274090,-0.209437,-2.617995,1.274081,-1.570783,-0.261731
4625.732373,sim,1.274090,-0.209451,-2.617990,1.274102,-1.570787,-0.261726
4625.736422,sim,1.274089,-0.209432,-2.617997,1.274074,-1.570782,-0.261732
4625.740379,sim,1.274090,-0.209447,-2.617992,1.274099,-1.570787,-0.261726
4625.744525,sim,1.274090,-0.209431,-2.617996,1.274076,-1.570783,-0.261731
4625.748574,sim,1.274090,-0.209442,-2.617993,1.274096,-1.570787,-0.261725
4625.752439,sim,1.274090,-0.209425,-2.617998,1.274073,-1.570784,-0.261730
4625.756486,sim,1.274091,-0.209447,-2.617991,1.274103,-1.570789,-0.261724
4625.760479,sim,1.274090,-0.209435,-2.617995,1.274078,-1.570782,-0.261731
4625.764511,sim,1.274090,-0.209450,-2.617991,1.274101,-1.570787,-0.261726
4625.768432,sim,1.274090,-0.209429,-2.617997,1.274074,-1.570783,-0.261731
4625.772535,sim,1.274092,-0.209446,-2.617991,1.274103,-1.570788,-0.261724
4625.776389,sim,1.274091,-0.209430,-2.617996,1.274078,-1.570807,-0.261730
4625.780419,sim,1.274091,-0.209450,-2.617991,1.274101,-1.570833,-0.261727
4625.784616,sim,1.274090,-0.209436,-2.617995,1.274083,-1.570854,-0.261730
4625.788475,sim,1.274090,-0.209452,-2.617990,1.274103,-1.570880,-0.261727
4625.792443,sim,1.274090,-0.209434,-2.617995,1.274080,-1.570900,-0.261731
4625.796518,sim,1.274091,-0.209443,-2.617992,1.274099,-1.570927,-0.261726
4625.800511,sim,1.274091,-0.209430,-2.617996,1.274077,-1.570947,-0.261731
4625.804636,sim,1.274090,-0.209446,-2.617992,1.274098,-1.570973,-0.261727
4625.808431,sim,1.274090,-0.209432,-2.617996,1.274077,-1.570993,-0.261732
4625.812469,sim,1.274090,-0.209447,-2.617992,1.274100,-1.571020,-0.261727
4625.816515,sim,1.274090,-0.209432,-2.617996,1.274077,-1.571039,-0.261732
4625.820510,sim,1.274091,-0.209445,-2.617992,1.274097,-1.571066,-0.261727
4625.824633,sim,1.274091,-0.209431,-2.617995,1.274082,-1.571088,-0.261730
4625.828513,sim,1.274090,-0.209449,-2.617991,1.274101,-1.571113,-0.261727
4625.832480,sim,1.274090,-0.209437,-2.617994,1.274082,-1.571132,-0.261732
4625.836496,sim,1.274090,-0.209453,-2.617990,1.274103,-1.571159,-0.261729
4625.840479,sim,1.274090,-0.209433,-2.617996,1.274076,-1.571178,-0.261733
4625.844640,sim,1.274091,-0.209445,-2.617992,1.274100,-1.571207,-0.261727
4625.848517,sim,1.274089,-0.209423,-2.617998,1.274071,-1.571226,-0.261732
4625.852516,sim,1.274091,-0.209445,-2.617992,1.274099,-1.571253,-0.261727
4625.856487,sim,1.274090,-0.209436,-2.617995,1.274082,-1.571273,-0.261732
4625.860496,sim,1.274090,-0.209450,-2.617991,1.274102,-1.571299,-0.261728
4625.864535,sim,1.274091,-0.209435,-2.617995,1.274081,-1.571319,-0.261732
4625.868413,sim,1.274090,-0.209450,-2.617991,1.274102,-1.571346,-0.261728
4625.872399,sim,1.274090,-0.209432,-2.617996,1.274076,-1.571365,-0.261733
4625.876539,sim,1.274090,-0.209443,-2.617993,1.274097,-1.571393,-0.261728
4625.880441,sim,1.274091,-0.209428,-2.617997,1.274076,-1.571413,-0.261732
4625.884602,sim,1.274090,-0.209446,-2.617992,1.274099,-1.571439,-0.261728
4625.888467,sim,1.274090,-0.209433,-2.617996,1.274078,-1.571458,-0.261734
4625.892587,sim,1.274091,-0.209449,-2.617991,1.274103,-1.571486,-0.261728
4625.896601,sim,1.274090,-0.209434,-2.617996,1.274076,-1.571504,-0.261735
4625.900530,sim,1.274091,-0.209445,-2.617992,1.274097,-1.571532,-0.261729
4625.904525,sim,1.274090,-0.209426,-2.617997,1.274075,-1.571553,-0.261733
4625.908530,sim,1.274091,-0.209446,-2.617991,1.274102,-1.571580,-0.261728
4625.912482,sim,1.274090,-0.209435,-2.617995,1.274080,-1.571598,-0.261734
4625.916400,sim,1.274091,-0.209454,-2.617990,1.274103,-1.571624,-0.261731
4625.920458,sim,1.274090,-0.209434,-2.617995,1.274079,-1.571644,-0.261734
4625.924591,sim,1.274091,-0.209451,-2.617990,1.274104,-1.571672,-0.261729
4625.928511,sim,1.274089,-0.209429,-2.617997,1.274071,-1.571690,-0.261736
4625.932533,sim,1.274092,-0.209445,-2.617992,1.274101,-1.571720,-0.261729
4625.936501,sim,1.274090,-0.209429,-2.617996,1.274077,-1.571738,-0.261734
4625.940509,sim,1.274091,-0.209436,-2.617993,1.274099,-1.571768,-0.261726
4625.944812,sim,1.274091,-0.209435,-2.617996,1.274078,-1.571784,-0.261736
4625.948619,sim,1.274090,-0.209452,-2.617990,1.274104,-1.571788,-0.261730
4625.952500,sim,1.274090,-0.209436,-2.617995,1.274081,-1.571795,-0.261736
4625.956589,sim,1.274090,-0.209450,-2.617991,1.274103,-1.571786,-0.261733
4625.960558,sim,1.274090,-0.209432,-2.617996,1.274075,-1.571750,-0.261742
4625.964689,sim,1.274091,-0.209445,-2.617992,1.274101,-1.571756,-0.261735
4625.968501,sim,1.274090,-0.209430,-2.617996,1.274076,-1.571796,-0.261741
4625.972542,sim,1.274090,-0.209446,-2.617992,1.274100,-1.571846,-0.261736
4625.976586,sim,1.274089,-0.209433,-2.617996,1.274077,-1.571841,-0.261741
4625.980481,sim,1.274091,-0.209452,-2.617990,1.274103,-1.571885,-0.261738
4625.984554,sim,1.274090,-0.209435,-2.617995,1.274081,-1.571913,-0.261743
4625.988604,sim,1.274090,-0.209448,-2.617991,1.274102,-1.571943,-0.261742
4625.992559,sim,1.274089,-0.209430,-2.617997,1.274073,-1.571960,-0.261752
4625.996571,sim,1.274091,-0.209444,-2.617992,1.274100,-1.571989,-0.261749
4626.000517,sim,1.274091,-0.209430,-2.617996,1.274079,-1.572009,-0.261759
4626.004682,sim,1.274091,-0.209449,-2.617991,1.274101,-1.572042,-0.261761
4626.008634,sim,1.274090,-0.209436,-2.617995,1.274081,-1.572038,-0.261765
4626.012607,sim,1.274090,-0.209452,-2.617991,1.274100,-1.572090,-0.261767
4626.016492,sim,1.274089,-0.209429,-2.617997,1.274074,-1.572170,-0.261775
4626.020602,sim,1.274091,-0.209443,-2.617992,1.274100,-1.572288,-0.261772
4626.024649,sim,1.274090,-0.209428,-2.617997,1.274074,-1.572424,-0.261782
4626.028592,sim,1.274090,-0.209444,-2.617993,1.274099,-1.572596,-0.261779
4626.032493,sim,1.274090,-0.209433,-2.617996,1.274079,-1.572783,-0.261787
4626.036545,sim,1.274091,-0.209452,-2.617990,1.274105,-1.573000,-0.261784
4626.040535,sim,1.274090,-0.209435,-2.617995,1.274081,-1.572996,-0.261789
4626.044725,sim,1.274091,-0.209431,-2.617994,1.274095,-1.573242,-0.261783
4626.048514,sim,1.274091,-0.209434,-2.617996,1.274080,-1.573502,-0.261792
4626.052571,sim,1.274090,-0.209451,-2.617991,1.274101,-1.573800,-0.261789
4626.056506,sim,1.274090,-0.209437,-2.617995,1.274082,-1.574116,-0.261794
4626.060535,sim,1.274090,-0.209452,-2.617991,1.274102,-1.574462,-0.261791
4626.064597,sim,1.274089,-0.209429,-2.617997,1.274073,-1.574458,-0.261796
4626.068630,sim,1.274091,-0.209446,-2.617992,1.274102,-1.574842,-0.261789
4626.072590,sim,1.274090,-0.209432,-2.617996,1.274077,-1.575256,-0.261796
4626.076567,sim,1.274091,-0.209447,-2.617992,1.274101,-1.575717,-0.261791
4626.080517,sim,1.274091,-0.209435,-2.617995,1.274081,-1.576199,-0.261796
4626.085090,sim,1.274090,-0.209443,-2.617992,1.274096,-1.576713,-0.261792
4626.088572,sim,1.274091,-0.209430,-2.617996,1.274077,-1.577238,-0.261796
4626.092578,sim,1.274091,-0.209449,-2.617991,1.274103,-1.577781,-0.261791
4626.096507,sim,1.274089,-0.209433,-2.617996,1.274076,-1.578319,-0.261798
4626.100553,sim,1.274090,-0.209449,-2.617992,1.274100,-1.578324,-0.261792
4626.104678,sim,1.274091,-0.209434,-2.617995,1.274083,-1.578857,-0.261795
4626.108576,sim,1.274091,-0.209446,-2.617992,1.274100,-1.579379,-0.261791
4626.112535,sim,1.274090,-0.209425,-2.617998,1.274071,-1.579881,-0.261797
4626.116593,sim,1.274091,-0.209447,-2.617992,1.274102,-1.580380,-0.261790
4626.120596,sim,1.274090,-0.209435,-2.617995,1.274080,-1.580861,-0.261796
4626.124694,sim,1.274090,-0.209449,-2.617991,1.274101,-1.580865,-0.261792
4626.128617,sim,1.274090,-0.209431,-2.617996,1.274078,-1.581352,-0.261796
4626.132596,sim,1.274090,-0.209450,-2.617991,1.274101,-1.581856,-0.261792
4626.136592,sim,1.274090,-0.209431,-2.617996,1.274078,-1.582361,-0.261796
4626.140583,sim,1.274091,-0.209444,-2.617992,1.274099,-1.582875,-0.261791
4626.144737,sim,1.274091,-0.209429,-2.617996,1.274079,-1.583378,-0.261795
4626.148599,sim,1.274091,-0.209448,-2.617991,1.274101,-1.583879,-0.261792
4626.152668,sim,1.274090,-0.209435,-2.617995,1.274080,-1.584359,-0.261797
4626.156547,sim,1.274090,-0.209448,-2.617991,1.274101,-1.584830,-0.261791
4626.160642,sim,1.274090,-0.209433,-2.617996,1.274079,-1.584826,-0.261797
4626.164628,sim,1.274091,-0.209446,-2.617992,1.274098,-1.585261,-0.261792
4626.168622,sim,1.274091,-0.209428,-2.617997,1.274077,-1.585641,-0.261796
4626.172589,sim,1.274091,-0.209449,-2.617991,1.274103,-1.585985,-0.261791
4626.176506,sim,1.274089,-0.209432,-2.617996,1.274078,-1.586281,-0.261797
4626.180555,sim,1.274090,-0.209447,-2.617992,1.274102,-1.586551,-0.261791
4626.184691,sim,1.274090,-0.209431,-2.617997,1.274076,-1.586780,-0.261798
4626.188588,sim,1.274091,-0.209446,-2.617992,1.274100,-1.586992,-0.261792
4626.192554,sim,1.274090,-0.209426,-2.617997,1.274074,-1.586988,-0.261797
4626.196543,sim,1.274091,-0.209446,-2.617992,1.274099,-1.587176,-0.261792
4626.200541,sim,1.274090,-0.209434,-2.617996,1.274080,-1.587337,-0.261797
4626.204577,sim,1.274090,-0.209451,-2.617991,1.274104,-1.587489,-0.261792
4626.208558,sim,1.274090,-0.209431,-2.617996,1.274077,-1.587616,-0.261798
4626.212568,sim,1.274091,-0.209446,-2.617992,1.274101,-1.587736,-0.261792
4626.216547,sim,1.274091,-0.209431,-2.617996,1.274080,-1.587733,-0.261796
4626.220567,sim,1.274091,-0.209450,-2.617991,1.274102,-1.587840,-0.261793
4626.224590,sim,1.274090,-0.209434,-2.617996,1.274079,-1.587933,-0.261798
4626.228567,sim,1.274090,-0.209446,-2.617992,1.274099,-1.588027,-0.261793
4626.232532,sim,1.274091,-0.209433,-2.617996,1.274080,-1.588107,-0.261797
4626.236545,sim,1.274090,-0.209444,-2.617992,1.274098,-1.588190,-0.261792
4626.240555,sim,1.274091,-0.209428,-2.617997,1.274077,-1.588262,-0.261797
4626.244886,sim,1.274091,-0.209448,-2.617992,1.274101,-1.588338,-0.261793
4626.248604,sim,1.274090,-0.209434,-2.617996,1.274078,-1.588333,-0.261799
4626.252560,sim,1.274091,-0.209452,-2.617990,1.274106,-1.588417,-0.261792
4626.256554,sim,1.274090,-0.209432,-2.617996,1.274076,-1.588503,-0.261799
4626.260531,sim,1.274090,-0.209450,-2.617991,1.274101,-1.588614,-0.261794
4626.264671,sim,1.274089,-0.209428,-2.617997,1.274075,-1.588730,-0.261798
4626.268559,sim,1.274092,-0.209446,-2.617991,1.274103,-1.588868,-0.261791
4626.272578,sim,1.274090,-0.209429,-2.617997,1.274076,-1.588862,-0.261799
4626.276556,sim,1.274091,-0.209448,-2.617992,1.274101,-1.589022,-0.261793
4626.280654,sim,1.274090,-0.209435,-2.617995,1.274083,-1.589203,-0.261797
4626.285360,sim,1.274090,-0.209450,-2.617991,1.274103,-1.589417,-0.261793
4626.288760,sim,1.274090,-0.209432,-2.617996,1.274078,-1.589646,-0.261798
4626.292660,sim,1.274091,-0.209442,-2.617992,1.274098,-1.589904,-0.261792
4626.296560,sim,1.274091,-0.209428,-2.617997,1.274077,-1.590169,-0.261798
4626.300540,sim,1.274091,-0.209448,-2.617991,1.274101,-1.590455,-0.261793
4626.304640,sim,1.274090,-0.209434,-2.617996,1.274079,-1.590451,-0.261799
4626.308620,sim,1.274090,-0.209449,-2.617991,1.274101,-1.590752,-0.261794
4626.312639,sim,1.274090,-0.209431,-2.617996,1.274077,-1.591062,-0.261799
4626.316606,sim,1.274091,-0.209445,-2.617992,1.274099,-1.591397,-0.261793
4626.320582,sim,1.274091,-0.209428,-2.617997,1.274077,-1.591740,-0.261798
4626.324848,sim,1.274090,-0.209446,-2.617992,1.274099,-1.592104,-0.261794
4626.328649,sim,1.274090,-0.209433,-2.617996,1.274080,-1.592475,-0.261799
4626.332555,sim,1.274090,-0.209451,-2.617991,1.274102,-1.592867,-0.261794
4626.336578,sim,1.274091,-0.209433,-2.617995,1.274080,-1.593264,-0.261798
4626.340642,sim,1.274091,-0.209443,-2.617992,1.274099,-1.593269,-0.261793
4626.344871,sim,1.274091,-0.209429,-2.617996,1.274077,-1.593677,-0.261798
4626.348534,sim,1.274091,-0.209449,-2.617991,1.274102,-1.594104,-0.261794
4626.352635,sim,1.274090,-0.209436,-2.617995,1.274082,-1.594535,-0.261799
4626.356594,sim,1.274090,-0.209449,-2.617992,1.274100,-1.594986,-0.261794
4626.360621,sim,1.274090,-0.209430,-2.617997,1.274075,-1.595441,-0.261800
4626.364658,sim,1.274091,-0.209450,-2.617991,1.274103,-1.595446,-0.261794
4626.368561,sim,1.274090,-0.209431,-2.617996,1.274077,-1.595924,-0.261800
4626.372605,sim,1.274091,-0.209442,-2.617992,1.274101,-1.596445,-0.261792
4626.376572,sim,1.274091,-0.209429,-2.617997,1.274077,-1.596979,-0.261799
4626.380608,sim,1.274091,-0.209450,-2.617991,1.274102,-1.597541,-0.261794
4626.384661,sim,1.274090,-0.209434,-2.617996,1.274079,-1.598107,-0.261800
4626.388663,sim,1.274090,-0.209450,-2.617991,1.274101,-1.598688,-0.261794
4626.392576,sim,1.274090,-0.209431,-2.617996,1.274078,-1.599260,-0.261799
4626.396551,sim,1.274090,-0.209447,-2.617992,1.274101,-1.599264,-0.261794
4626.400541,sim,1.274091,-0.209433,-2.617995,1.274081,-1.599816,-0.261799
4626.404668,sim,1.274090,-0.209449,-2.617991,1.274103,-1.600343,-0.261794
4626.408635,sim,1.274090,-0.209431,-2.617996,1.274078,-1.600829,-0.261800
4626.412621,sim,1.274090,-0.209443,-2.617993,1.274096,-1.601294,-0.261795
4626.416575,sim,1.274090,-0.209423,-2.617998,1.274073,-1.601723,-0.261799
4626.420647,sim,1.274091,-0.209446,-2.617992,1.274099,-1.602132,-0.261794
4626.424680,sim,1.274091,-0.209437,-2.617994,1.274085,-1.602509,-0.261799
4626.428669,sim,1.274090,-0.209451,-2.617990,1.274104,-1.602512,-0.261794
4626.432600,sim,1.274090,-0.209430,-2.617997,1.274073,-1.602861,-0.261802
4626.436641,sim,1.274090,-0.209442,-2.617993,1.274098,-1.603196,-0.261793
4626.440675,sim,1.274091,-0.209426,-2.617997,1.274076,-1.603494,-0.261799
4626.444860,sim,1.274091,-0.209449,-2.617991,1.274103,-1.603776,-0.261794
4626.448582,sim,1.274090,-0.209434,-2.617996,1.274080,-1.604028,-0.261800
4626.452594,sim,1.274090,-0.209449,-2.617991,1.274103,-1.604267,-0.261794
4626.456657,sim,1.274090,-0.209431,-2.617996,1.274076,-1.604477,-0.261801
4626.460605,sim,1.274091,-0.209445,-2.617993,1.274098,-1.604678,-0.261794
4626.464601,sim,1.274091,-0.209427,-2.617997,1.274076,-1.604854,-0.261799
4626.468601,sim,1.274091,-0.209450,-2.617991,1.274103,-1.605022,-0.261794
4626.472640,sim,1.274091,-0.209437,-2.617994,1.274084,-1.605167,-0.261800
4626.476615,sim,1.274091,-0.209439,-2.617992,1.274100,-1.605311,-0.261792
4626.480557,sim,1.274091,-0.209434,-2.617996,1.274079,-1.605429,-0.261801
4626.484691,sim,1.274090,-0.209451,-2.617991,1.274102,-1.605549,-0.261795
4626.488672,sim,1.274089,-0.209433,-2.617996,1.274078,-1.605653,-0.261801
4626.492589,sim,1.274090,-0.209451,-2.617991,1.274101,-1.605657,-0.261795
4626.496592,sim,1.274090,-0.209432,-2.617996,1.274079,-1.605653,-0.261800
4626.500599,sim,1.274090,-0.209446,-2.617992,1.274099,-1.605657,-0.261795
4626.504682,sim,1.274091,-0.209428,-2.617997,1.274077,-1.605654,-0.261800
4626.508689,sim,1.274090,-0.209449,-2.617992,1.274101,-1.605657,-0.261795
4626.512585,sim,1.274090,-0.209433,-2.617996,1.274079,-1.605653,-0.261800
4626.516668,sim,1.274090,-0.209448,-2.617992,1.274101,-1.605658,-0.261794
4626.520617,sim,1.274090,-0.209433,-2.617996,1.274076,-1.605652,-0.261802
4626.524777,sim,1.274090,-0.209446,-2.617992,1.274098,-1.605657,-0.261795
4626.528554,sim,1.274091,-0.209428,-2.617996,1.274079,-1.605655,-0.261798
4626.532600,sim,1.274090,-0.209449,-2.617992,1.274101,-1.605657,-0.261795
4626.536625,sim,1.274090,-0.209434,-2.617995,1.274082,-1.605654,-0.261800
4626.540638,sim,1.274090,-0.209451,-2.617991,1.274101,-1.605657,-0.261796
4626.544738,sim,1.274090,-0.209431,-2.617997,1.274076,-1.605652,-0.261801
4626.548629,sim,1.274091,-0.209452,-2.617990,1.274106,-1.605658,-0.261794
4626.552643,sim,1.274089,-0.209430,-2.617997,1.274076,-1.605653,-0.261801
4626.556660,sim,1.274091,-0.209445,-2.617992,1.274101,-1.605658,-0.261794
4626.560564,sim,1.274090,-0.209428,-2.617997,1.274075,-1.605653,-0.261801
4626.564818,sim,1.274091,-0.209447,-2.617992,1.274101,-1.605658,-0.261794
4626.568736,sim,1.274091,-0.209429,-2.617996,1.274077,-1.605654,-0.261800
4626.572672,sim,1.274091,-0.209448,-2.617992,1.274101,-1.605657,-0.261795
4626.576562,sim,1.274091,-0.209436,-2.617995,1.274083,-1.605654,-0.261800
4626.580695,sim,1.274090,-0.209449,-2.617991,1.274103,-1.605658,-0.261794
4626.584708,sim,1.274090,-0.209430,-2.617997,1.274076,-1.605653,-0.261801
4626.588586,sim,1.274090,-0.209450,-2.617991,1.274102,-1.605657,-0.261795
4626.592528,sim,1.274089,-0.209428,-2.617997,1.274074,-1.605653,-0.261801
4626.596632,sim,1.274092,-0.209446,-2.617992,1.274101,-1.605658,-0.261794
4626.600582,sim,1.274090,-0.209426,-2.617997,1.274074,-1.605653,-0.261800
4626.604689,sim,1.274091,-0.209443,-2.617993,1.274099,-1.605659,-0.261794
4626.608601,sim,1.274090,-0.209434,-2.617996,1.274079,-1.605653,-0.261801
4626.612649,sim,1.274090,-0.209453,-2.617990,1.274105,-1.605658,-0.261794
4626.616607,sim,1.274090,-0.209433,-2.617996,1.274077,-1.605652,-0.261801
4626.620712,sim,1.274090,-0.209451,-2.617991,1.274104,-1.605658,-0.261794
4626.624689,sim,1.274091,-0.209433,-2.617995,1.274081,-1.605653,-0.261800
4626.628630,sim,1.274091,-0.209447,-2.617992,1.274077,-1.605657,-0.261795
4626.632725,sim,1.274090,-0.209427,-2.617997,1.274029,-1.605654,-0.261800
4626.636668,sim,1.274091,-0.209447,-2.617992,1.274030,-1.605658,-0.261795
4626.640626,sim,1.274090,-0.209432,-2.617996,1.273986,-1.605654,-0.261800
4626.644823,sim,1.274090,-0.209448,-2.617991,1.273986,-1.605658,-0.261794
4626.648728,sim,1.274090,-0.209431,-2.617997,1.273936,-1.605652,-0.261802
4626.652622,sim,1.274091,-0.209445,-2.617992,1.273938,-1.605659,-0.261793
4626.656576,sim,1.274091,-0.209429,-2.617996,1.273891,-1.605654,-0.261800
4626.660729,sim,1.274090,-0.209448,-2.617992,1.273891,-1.605658,-0.261795
4626.664842,sim,1.274089,-0.209432,-2.617997,1.273842,-1.605653,-0.261802
4626.668683,sim,1.274090,-0.209450,-2.617991,1.273847,-1.605659,-0.261794
4626.672612,sim,1.274091,-0.209433,-2.617995,1.273803,-1.605655,-0.261799
4626.676648,sim,1.274090,-0.209449,-2.617991,1.273800,-1.605659,-0.261794
4626.680707,sim,1.274090,-0.209430,-2.617997,1.273750,-1.605654,-0.261801
4626.684706,sim,1.274091,-0.209447,-2.617992,1.273752,-1.605659,-0.261794
4626.688761,sim,1.274091,-0.209429,-2.617996,1.273705,-1.605655,-0.261800
4626.692678,sim,1.274090,-0.209447,-2.617992,1.273705,-1.605659,-0.261794
4626.696740,sim,1.274090,-0.209434,-2.617996,1.273661,-1.605654,-0.261801
4626.700602,sim,1.274091,-0.209451,-2.617990,1.273662,-1.605659,-0.261794
4626.704741,sim,1.274089,-0.209431,-2.617997,1.273609,-1.605653,-0.261802
4626.708640,sim,1.274090,-0.209445,-2.617993,1.273609,-1.605659,-0.261795
4626.712714,sim,1.274091,-0.209427,-2.617997,1.273563,-1.605655,-0.261800
4626.716688,sim,1.274090,-0.209447,-2.617992,1.273565,-1.605659,-0.261795
4626.720660,sim,1.274091,-0.209436,-2.617995,1.273524,-1.605655,-0.261800
4626.724850,sim,1.274090,-0.209451,-2.617990,1.273524,-1.605660,-0.261794
4626.728773,sim,1.274090,-0.209434,-2.617996,1.273472,-1.605654,-0.261802
4626.732637,sim,1.274090,-0.209449,-2.617991,1.273476,-1.605660,-0.261793
4626.736665,sim,1.274090,-0.209431,-2.617997,1.273423,-1.605653,-0.261802
4626.740789,sim,1.274091,-0.209445,-2.617992,1.273425,-1.605660,-0.261794
4626.744999,sim,1.274091,-0.209427,-2.617997,1.273378,-1.605656,-0.261800
4626.748755,sim,1.274091,-0.209447,-2.617992,1.273379,-1.605660,-0.261795
4626.752670,sim,1.274090,-0.209434,-2.617995,1.273336,-1.605655,-0.261800
4626.756664,sim,1.274090,-0.209449,-2.617991,1.273336,-1.605660,-0.261794
4626.760677,sim,1.274090,-0.209432,-2.617996,1.273285,-1.605654,-0.261802
4626.764734,sim,1.274091,-0.209445,-2.617992,1.273283,-1.605659,-0.261795
4626.768649,sim,1.274091,-0.209428,-2.617997,1.273240,-1.605657,-0.261799
4626.772703,sim,1.274090,-0.209446,-2.617993,1.273237,-1.605660,-0.261795
4626.776736,sim,1.274091,-0.209434,-2.617995,1.273197,-1.605656,-0.261799
4626.780671,sim,1.274091,-0.209450,-2.617991,1.273197,-1.605661,-0.261794
4626.784787,sim,1.274090,-0.209433,-2.617996,1.273148,-1.605655,-0.261801
4626.788752,sim,1.274090,-0.209441,-2.617994,1.273140,-1.605660,-0.261796
4626.792781,sim,1.274090,-0.209425,-2.617998,1.273118,-1.605656,-0.261800
4626.796696,sim,1.274091,-0.209450,-2.617991,1.273141,-1.605662,-0.261793
4626.800638,sim,1.274090,-0.209433,-2.617996,1.273130,-1.605659,-0.261800
4626.804845,sim,1.274091,-0.209450,-2.617991,1.273189,-1.605668,-0.261794
4626.808763,sim,1.274090,-0.209433,-2.617996,1.273216,-1.605668,-0.261801
4626.812775,sim,1.274090,-0.209448,-2.617991,1.273239,-1.605674,-0.261795
4626.816759,sim,1.274090,-0.209432,-2.617996,1.273216,-1.605669,-0.261801
4626.820818,sim,1.274091,-0.209447,-2.617992,1.273199,-1.605674,-0.261795
4626.824946,sim,1.274091,-0.209430,-2.617996,1.273154,-1.605673,-0.261800
4626.828737,sim,1.274091,-0.209450,-2.617991,1.273159,-1.605679,-0.261796
4626.832684,sim,1.274090,-0.209435,-2.617995,1.273128,-1.605680,-0.261801
4626.836715,sim,1.274090,-0.209449,-2.617991,1.273143,-1.605690,-0.261795
4626.840706,sim,1.274089,-0.209426,-2.617998,1.273103,-1.605689,-0.261803
4626.844758,sim,1.274091,-0.209444,-2.617992,1.273124,-1.605702,-0.261795
4626.848766,sim,1.274090,-0.209426,-2.617997,1.273099,-1.605697,-0.261801
4626.852688,sim,1.274091,-0.209448,-2.617992,1.273098,-1.605707,-0.261796
4626.856695,sim,1.274091,-0.209436,-2.617994,1.273024,-1.605708,-0.261801
4626.860656,sim,1.274090,-0.209451,-2.617991,1.272960,-1.605716,-0.261796
4626.864741,sim,1.274090,-0.209431,-2.617996,1.272824,-1.605716,-0.261802
4626.868740,sim,1.274091,-0.209446,-2.617992,1.272711,-1.605723,-0.261796
4626.872677,sim,1.274091,-0.209428,-2.617997,1.272686,-1.605719,-0.261803
4626.876645,sim,1.274091,-0.209447,-2.617992,1.272545,-1.605727,-0.261795
4626.881097,sim,1.274091,-0.209434,-2.617995,1.272315,-1.605724,-0.261802
4626.884816,sim,1.274090,-0.209451,-2.617991,1.272088,-1.605729,-0.261798
4626.888785,sim,1.274091,-0.209433,-2.617995,1.271790,-1.605728,-0.261802
4626.892691,sim,1.274091,-0.209446,-2.617992,1.271505,-1.605733,-0.261796
4626.896694,sim,1.274091,-0.209430,-2.617996,1.271152,-1.605728,-0.261803
4626.900728,sim,1.274090,-0.209447,-2.617992,1.270827,-1.605733,-0.261798
4626.904817,sim,1.274090,-0.209433,-2.617996,1.270448,-1.605730,-0.261803
4626.908775,sim,1.274091,-0.209452,-2.617990,1.270475,-1.605735,-0.261796
4626.912675,sim,1.274090,-0.209432,-2.617995,1.270079,-1.605730,-0.261802
4626.916705,sim,1.274091,-0.209452,-2.617991,1.269731,-1.605734,-0.261797
4626.920699,sim,1.274089,-0.209429,-2.617997,1.269322,-1.605729,-0.261804
4626.924816,sim,1.274091,-0.209443,-2.617993,1.268962,-1.605735,-0.261797
4626.928677,sim,1.274091,-0.209427,-2.617997,1.268550,-1.605731,-0.261802
4626.932727,sim,1.274091,-0.209450,-2.617991,1.268181,-1.605736,-0.261795
4626.936668,sim,1.274089,-0.209430,-2.617997,1.267745,-1.605730,-0.261803
4626.940720,sim,1.274091,-0.209450,-2.617991,1.267772,-1.605735,-0.261797
4626.944904,sim,1.274091,-0.209434,-2.617995,1.267326,-1.605730,-0.261803
4626.948772,sim,1.274090,-0.209451,-2.617991,1.266907,-1.605735,-0.261796
4626.952721,sim,1.274090,-0.209428,-2.617997,1.266413,-1.605730,-0.261803
4626.956851,sim,1.274091,-0.209442,-2.617993,1.265952,-1.605735,-0.261796
4626.960729,sim,1.274090,-0.209425,-2.617998,1.265429,-1.605730,-0.261802
4626.964885,sim,1.274091,-0.209446,-2.617992,1.265455,-1.605735,-0.261797
4626.968777,sim,1.274090,-0.209434,-2.617996,1.264917,-1.605730,-0.261802
4626.972780,sim,1.274090,-0.209451,-2.617991,1.264401,-1.605733,-0.261798
4626.976695,sim,1.274090,-0.209430,-2.617997,1.263826,-1.605730,-0.261802
4626.980705,sim,1.274092,-0.209449,-2.617991,1.263295,-1.605734,-0.261796
4626.984857,sim,1.274090,-0.209429,-2.617997,1.262707,-1.605729,-0.261803
4626.988763,sim,1.274090,-0.209446,-2.617993,1.262174,-1.605733,-0.261797
4626.992705,sim,1.274091,-0.209435,-2.617995,1.261612,-1.605730,-0.261802
4626.996767,sim,1.274090,-0.209450,-2.617991,1.261632,-1.605733,-0.261797
4627.000771,sim,1.274090,-0.209432,-2.617996,1.261090,-1.605729,-0.261803
4627.004732,sim,1.274091,-0.209446,-2.617992,1.260635,-1.605733,-0.261797
4627.008685,sim,1.274091,-0.209429,-2.617997,1.260176,-1.605730,-0.261802
4627.012717,sim,1.274091,-0.209449,-2.617992,1.259797,-1.605733,-0.261797
4627.016702,sim,1.274090,-0.209435,-2.617996,1.259407,-1.605729,-0.261803
4627.020692,sim,1.274090,-0.209448,-2.617992,1.259090,-1.605733,-0.261797
4627.024724,sim,1.274090,-0.209432,-2.617996,1.258755,-1.605729,-0.261803
4627.028729,sim,1.274091,-0.209449,-2.617992,1.258779,-1.605733,-0.261797
4627.032698,sim,1.274090,-0.209433,-2.617997,1.258469,-1.605727,-0.261804
4627.036645,sim,1.274091,-0.209445,-2.617993,1.258233,-1.605733,-0.261798
4627.040702,sim,1.274091,-0.209428,-2.617997,1.257979,-1.605729,-0.261802
4627.044851,sim,1.274091,-0.209445,-2.617992,1.257797,-1.605734,-0.261795
4627.048726,sim,1.274090,-0.209435,-2.617996,1.257588,-1.605728,-0.261803
4627.052717,sim,1.274090,-0.209447,-2.617993,1.257607,-1.605733,-0.261797
4627.056768,sim,1.274091,-0.209432,-2.617996,1.257421,-1.605729,-0.261802
4627.060681,sim,1.274091,-0.209446,-2.617992,1.257291,-1.605733,-0.261797
4627.064813,sim,1.274092,-0.209432,-2.617996,1.257140,-1.605729,-0.261802
4627.068700,sim,1.274091,-0.209451,-2.617991,1.257044,-1.605732,-0.261798
4627.072708,sim,1.274090,-0.209436,-2.617996,1.256917,-1.605727,-0.261804
4627.076707,sim,1.274090,-0.209449,-2.617992,1.256848,-1.605732,-0.261798
4627.080795,sim,1.274090,-0.209433,-2.617996,1.256746,-1.605728,-0.261803
4627.084800,sim,1.274091,-0.209442,-2.617993,1.256698,-1.605734,-0.261796
4627.088709,sim,1.274090,-0.209427,-2.617998,1.256671,-1.605728,-0.261804
4627.092758,sim,1.274091,-0.209445,-2.617992,1.256634,-1.605734,-0.261796
4627.096771,sim,1.274090,-0.209436,-2.617995,1.256539,-1.605728,-0.261803
4627.100735,sim,1.274090,-0.209450,-2.617991,1.256481,-1.605732,-0.261797
4627.104766,sim,1.274091,-0.209435,-2.617996,1.256371,-1.605727,-0.261804
4627.108780,sim,1.274091,-0.209443,-2.617992,1.256298,-1.605734,-0.261796
4627.112762,sim,1.274090,-0.209428,-2.617998,1.256166,-1.605727,-0.261804
4627.116695,sim,1.274090,-0.209447,-2.617992,1.256080,-1.605733,-0.261797
4627.120676,sim,1.274090,-0.209432,-2.617996,1.256059,-1.605728,-0.261803
4627.124906,sim,1.274091,-0.209449,-2.617991,1.255954,-1.605733,-0.261796
4627.128751,sim,1.274090,-0.209434,-2.617995,1.255777,-1.605727,-0.261803
4627.132630,sim,1.274091,-0.209444,-2.617992,1.255621,-1.605732,-0.261797
4627.137192,sim,1.274091,-0.209430,-2.617996,1.255405,-1.605728,-0.261803
4627.140734,sim,1.274090,-0.209449,-2.617992,1.255214,-1.605732,-0.261798
4627.144969,sim,1.274091,-0.209436,-2.617995,1.255194,-1.605727,-0.261804
4627.148729,sim,1.274090,-0.209452,-2.617991,1.254977,-1.605732,-0.261797
4627.152702,sim,1.274090,-0.209433,-2.617995,1.254678,-1.605727,-0.261803
4627.156754,sim,1.274091,-0.209444,-2.617992,1.254393,-1.605732,-0.261797
4627.160723,sim,1.274090,-0.209427,-2.617997,1.254038,-1.605728,-0.261803
4627.164794,sim,1.274091,-0.209449,-2.617991,1.253714,-1.605732,-0.261797
4627.168668,sim,1.274090,-0.209434,-2.617995,1.253322,-1.605727,-0.261803
4627.172737,sim,1.274089,-0.209446,-2.617993,1.252957,-1.605731,-0.261798
4627.176776,sim,1.274090,-0.209429,-2.617997,1.252935,-1.605728,-0.261803
4627.180719,sim,1.274090,-0.209444,-2.617993,1.252562,-1.605732,-0.261797
4627.184755,sim,1.274091,-0.209433,-2.617996,1.252128,-1.605727,-0.261804
4627.188820,sim,1.274091,-0.209448,-2.617992,1.251724,-1.605732,-0.261797
4627.192696,sim,1.274091,-0.209429,-2.617996,1.251258,-1.605728,-0.261803
4627.196800,sim,1.274090,-0.209448,-2.617992,1.250822,-1.605730,-0.261799
4627.200670,sim,1.274090,-0.209435,-2.617995,1.250336,-1.605728,-0.261802
4627.204867,sim,1.274091,-0.209449,-2.617991,1.249875,-1.605732,-0.261797
4627.208724,sim,1.274090,-0.209433,-2.617995,1.249354,-1.605726,-0.261803
4627.212768,sim,1.274091,-0.209450,-2.617991,1.249377,-1.605731,-0.261798
4627.216718,sim,1.274089,-0.209430,-2.617997,1.248849,-1.605726,-0.261804
4627.220825,sim,1.274091,-0.209442,-2.617993,1.248373,-1.605732,-0.261797
4627.224900,sim,1.274090,-0.209428,-2.617997,1.247855,-1.605727,-0.261803
4627.228743,sim,1.274090,-0.209447,-2.617992,1.247387,-1.605731,-0.261797
4627.232702,sim,1.274090,-0.209433,-2.617996,1.246874,-1.605726,-0.261804
4627.236790,sim,1.274090,-0.209450,-2.617992,1.246896,-1.605730,-0.261798
4627.240768,sim,1.274091,-0.209434,-2.617995,1.246385,-1.605727,-0.261802
4627.244928,sim,1.274090,-0.209448,-2.617992,1.245903,-1.605730,-0.261798
4627.248753,sim,1.274090,-0.209432,-2.617996,1.245378,-1.605726,-0.261804
4627.252729,sim,1.274090,-0.209443,-2.617993,1.244899,-1.605731,-0.261797
4627.256702,sim,1.274091,-0.209428,-2.617997,1.244384,-1.605727,-0.261803
4627.260753,sim,1.274091,-0.209449,-2.617991,1.243928,-1.605731,-0.261796
4627.264815,sim,1.274089,-0.209434,-2.617996,1.243431,-1.605726,-0.261804
4627.268832,sim,1.274090,-0.209448,-2.617992,1.243454,-1.605731,-0.261797
4627.272757,sim,1.274090,-0.209434,-2.617996,1.242986,-1.605726,-0.261803
4627.276734,sim,1.274091,-0.209452,-2.617991,1.242601,-1.605730,-0.261798
4627.280741,sim,1.274090,-0.209432,-2.617996,1.242200,-1.605726,-0.261803
4627.284868,sim,1.274090,-0.209448,-2.617993,1.241875,-1.605730,-0.261798
4627.288707,sim,1.274090,-0.209429,-2.617997,1.241537,-1.605726,-0.261803
4627.292784,sim,1.274091,-0.209447,-2.617992,1.241561,-1.605730,-0.261797
4627.296796,sim,1.274090,-0.209428,-2.617997,1.241243,-1.605726,-0.261804
4627.300777,sim,1.274090,-0.209447,-2.617992,1.240998,-1.605730,-0.261797
4627.304932,sim,1.274091,-0.209436,-2.617995,1.240731,-1.605726,-0.261803
4627.308750,sim,1.274090,-0.209451,-2.617991,1.240521,-1.605729,-0.261798
4627.312738,sim,1.274090,-0.209432,-2.617996,1.240288,-1.605726,-0.261803
4627.316817,sim,1.274091,-0.209442,-2.617993,1.240116,-1.605731,-0.261797
4627.320782,sim,1.274090,-0.209428,-2.617997,1.239921,-1.605726,-0.261803
4627.324921,sim,1.274090,-0.209446,-2.617993,1.239789,-1.605729,-0.261798
4627.328760,sim,1.274091,-0.209435,-2.617995,1.239635,-1.605726,-0.261803
4627.332772,sim,1.274090,-0.209449,-2.617991,1.239535,-1.605730,-0.261797
4627.336741,sim,1.274090,-0.209435,-2.617996,1.239403,-1.605724,-0.261805
4627.340780,sim,1.274090,-0.209447,-2.617993,1.239332,-1.605729,-0.261798
4627.344927,sim,1.274090,-0.209428,-2.617998,1.239231,-1.605726,-0.261803
4627.349040,sim,1.274091,-0.209447,-2.617992,1.239195,-1.605730,-0.261797
4627.353017,sim,1.274090,-0.209433,-2.617997,1.239120,-1.605725,-0.261804
4627.356905,sim,1.274090,-0.209451,-2.617991,1.239146,-1.605730,-0.261797
4627.360757,sim,1.274090,-0.209433,-2.617996,1.239122,-1.605725,-0.261803
4627.364923,sim,1.274090,-0.209450,-2.617992,1.239144,-1.605729,-0.261798
4627.368848,sim,1.274090,-0.209432,-2.617996,1.239121,-1.605725,-0.261803
4627.372795,sim,1.274091,-0.209446,-2.617992,1.239143,-1.605730,-0.261797
4627.376732,sim,1.274090,-0.209426,-2.617998,1.239116,-1.605726,-0.261803
4627.380790,sim,1.274090,-0.209444,-2.617993,1.239141,-1.605730,-0.261797
4627.384946,sim,1.274090,-0.209432,-2.617997,1.239121,-1.605726,-0.261803
4627.388848,sim,1.274091,-0.209452,-2.617991,1.239146,-1.605729,-0.261798
4627.392761,sim,1.274090,-0.209432,-2.617996,1.239121,-1.605725,-0.261803
4627.396781,sim,1.274090,-0.209441,-2.617994,1.239138,-1.605730,-0.261798
4627.400853,sim,1.274091,-0.209427,-2.617998,1.239119,-1.605727,-0.261802
4627.404817,sim,1.274090,-0.209446,-2.617993,1.239142,-1.605730,-0.261797
4627.408770,sim,1.274090,-0.209434,-2.617996,1.239123,-1.605726,-0.261803
4627.412809,sim,1.274092,-0.209455,-2.617990,1.239150,-1.605729,-0.261798
4627.416785,sim,1.274090,-0.209434,-2.617996,1.239119,-1.605724,-0.261805
4627.421245,sim,1.274091,-0.209446,-2.617993,1.239143,-1.605730,-0.261797
4627.424806,sim,1.274091,-0.209429,-2.617997,1.239120,-1.605726,-0.261802
4627.428862,sim,1.274091,-0.209448,-2.617992,1.239143,-1.605729,-0.261798
4627.432755,sim,1.274091,-0.209437,-2.617995,1.239126,-1.605726,-0.261803
4627.436819,sim,1.274090,-0.209451,-2.617991,1.239145,-1.605729,-0.261798
4627.440772,sim,1.274090,-0.209433,-2.617996,1.239121,-1.605725,-0.261803
4627.445098,sim,1.274091,-0.209452,-2.617991,1.239145,-1.605729,-0.261798
4627.448781,sim,1.274089,-0.209431,-2.617997,1.239117,-1.605724,-0.261805
4627.452793,sim,1.274091,-0.209441,-2.617993,1.239141,-1.605731,-0.261797
4627.456755,sim,1.274091,-0.209430,-2.617997,1.239120,-1.605725,-0.261803
4627.460782,sim,1.274091,-0.209447,-2.617992,1.239145,-1.605731,-0.261796
4627.464909,sim,1.274089,-0.209434,-2.617997,1.239118,-1.605724,-0.261805
4627.468745,sim,1.274090,-0.209451,-2.617992,1.239146,-1.605729,-0.261797
4627.472824,sim,1.274089,-0.209430,-2.617997,1.239116,-1.605724,-0.261805
4627.476786,sim,1.274091,-0.209443,-2.617993,1.239141,-1.605730,-0.261797
4627.480792,sim,1.274092,-0.209430,-2.617996,1.239122,-1.605726,-0.261803
4627.484851,sim,1.274090,-0.209448,-2.617992,1.239143,-1.605729,-0.261798
4627.488905,sim,1.274089,-0.209431,-2.617997,1.239118,-1.605725,-0.261804
4627.492817,sim,1.274091,-0.209447,-2.617992,1.239145,-1.605730,-0.261796
4627.496849,sim,1.274091,-0.209432,-2.617996,1.239123,-1.605726,-0.261802
4627.500849,sim,1.274091,-0.209450,-2.618015,1.239145,-1.605729,-0.261798
4627.504874,sim,1.274090,-0.209436,-2.618042,1.239125,-1.605725,-0.261803
4627.508895,sim,1.274090,-0.209448,-2.618062,1.239143,-1.605729,-0.261798
4627.512882,sim,1.274090,-0.209432,-2.618090,1.239119,-1.605724,-0.261805
4627.516784,sim,1.274090,-0.209445,-2.618110,1.239140,-1.605729,-0.261798
4627.521062,sim,1.274091,-0.209429,-2.618136,1.239122,-1.605726,-0.261802
4627.524923,sim,1.274091,-0.209449,-2.618155,1.239146,-1.605730,-0.261797
4627.528896,sim,1.274090,-0.209436,-2.618182,1.239123,-1.605724,-0.261804
4627.532803,sim,1.274090,-0.209450,-2.618201,1.239145,-1.605729,-0.261798
4627.536879,sim,1.274090,-0.209431,-2.618229,1.239122,-1.605725,-0.261803
4627.540811,sim,1.274090,-0.209447,-2.618248,1.239144,-1.605730,-0.261797
4627.545120,sim,1.274091,-0.209434,-2.618275,1.239124,-1.605725,-0.261803
4627.549069,sim,1.274090,-0.209442,-2.618296,1.239141,-1.605730,-0.261797
4627.552813,sim,1.274091,-0.209429,-2.618323,1.239121,-1.605726,-0.261803
4627.556811,sim,1.274090,-0.209447,-2.618342,1.239142,-1.605729,-0.261798
4627.560850,sim,1.274090,-0.209435,-2.618368,1.239124,-1.605725,-0.261803
4627.564889,sim,1.274089,-0.209448,-2.618388,1.239142,-1.605728,-0.261799
4627.568787,sim,1.274091,-0.209432,-2.618415,1.239124,-1.605725,-0.261803
4627.572832,sim,1.274091,-0.209444,-2.618435,1.239144,-1.605730,-0.261797
4627.576864,sim,1.274091,-0.209430,-2.618463,1.239119,-1.605724,-0.261804
4627.580805,sim,1.274091,-0.209448,-2.618481,1.239146,-1.605729,-0.261797
4627.584807,sim,1.274090,-0.209435,-2.618508,1.239125,-1.605725,-0.261803
4627.588888,sim,1.274090,-0.209451,-2.618527,1.239146,-1.605728,-0.261798
4627.592814,sim,1.274089,-0.209429,-2.618556,1.239118,-1.605724,-0.261804
4627.596796,sim,1.274090,-0.209444,-2.618575,1.239143,-1.605729,-0.261797
4627.600776,sim,1.274090,-0.209431,-2.618602,1.239121,-1.605725,-0.261803
4627.604924,sim,1.274091,-0.209445,-2.618621,1.239142,-1.605728,-0.261798
4627.608865,sim,1.274092,-0.209432,-2.618647,1.239126,-1.605726,-0.261802
4627.612802,sim,1.274090,-0.209448,-2.618667,1.239144,-1.605728,-0.261798
4627.616770,sim,1.274090,-0.209434,-2.618694,1.239123,-1.605724,-0.261804
4627.621084,sim,1.274090,-0.209445,-2.618715,1.239142,-1.605728,-0.261798
4627.624997,sim,1.274092,-0.209431,-2.618740,1.239127,-1.605726,-0.261801
4627.628897,sim,1.274091,-0.209450,-2.618760,1.239147,-1.605728,-0.261798
4627.632787,sim,1.274089,-0.209431,-2.618789,1.239119,-1.605723,-0.261805
4627.636858,sim,1.274090,-0.209448,-2.618807,1.239147,-1.605729,-0.261797
4627.640867,sim,1.274090,-0.209431,-2.618835,1.239122,-1.605724,-0.261803
4627.645014,sim,1.274091,-0.209443,-2.618854,1.239142,-1.605728,-0.261798
4627.648788,sim,1.274091,-0.209429,-2.618881,1.239124,-1.605725,-0.261802
4627.653630,sim,1.274091,-0.209450,-2.618899,1.239147,-1.605728,-0.261798
4627.656790,sim,1.274090,-0.209436,-2.618926,1.239127,-1.605724,-0.261803
4627.660815,sim,1.274090,-0.209451,-2.618946,1.239147,-1.605727,-0.261798
4627.664864,sim,1.274090,-0.209433,-2.618973,1.239125,-1.605724,-0.261803
4627.668916,sim,1.274090,-0.209445,-2.618970,1.239144,-1.605728,-0.261798
4627.672878,sim,1.274091,-0.209430,-2.619019,1.239123,-1.605724,-0.261803
4627.676840,sim,1.274090,-0.209448,-2.619060,1.239146,-1.605728,-0.261798
4627.680784,sim,1.274090,-0.209435,-2.619109,1.239125,-1.605723,-0.261804
4627.684954,sim,1.274090,-0.209444,-2.619106,1.239143,-1.605728,-0.261798
4627.688873,sim,1.274090,-0.209428,-2.619138,1.239121,-1.605724,-0.261803
4627.692845,sim,1.274090,-0.209447,-2.619129,1.239146,-1.605728,-0.261797
4627.696825,sim,1.274090,-0.209434,-2.619101,1.239124,-1.605724,-0.261803
4627.700871,sim,1.274091,-0.209453,-2.619042,1.239147,-1.605727,-0.261798
4627.704945,sim,1.274090,-0.209433,-2.618976,1.239121,-1.605723,-0.261803
4627.708781,sim,1.274090,-0.209443,-2.618889,1.239138,-1.605727,-0.261797
4627.712795,sim,1.274091,-0.209428,-2.618801,1.239116,-1.605723,-0.261802
4627.716966,sim,1.274090,-0.209447,-2.618702,1.239136,-1.605725,-0.261798
4627.720944,sim,1.274090,-0.209432,-2.618706,1.239116,-1.605722,-0.261803
4627.724969,sim,1.274090,-0.209448,-2.618619,1.239136,-1.605725,-0.261798
4627.728846,sim,1.274091,-0.209433,-2.618562,1.239114,-1.605721,-0.261803
4627.732897,sim,1.274091,-0.209446,-2.618519,1.239134,-1.605725,-0.261798
4627.736905,sim,1.274091,-0.209429,-2.618503,1.239112,-1.605721,-0.261803
4627.740875,sim,1.274091,-0.209448,-2.618496,1.239135,-1.605725,-0.261798
4627.744935,sim,1.274090,-0.209436,-2.618499,1.239115,-1.605720,-0.261804
4627.748905,sim,1.274090,-0.209450,-2.618514,1.239136,-1.605724,-0.261798
4627.752970,sim,1.274090,-0.209432,-2.618562,1.239112,-1.605720,-0.261804
4627.756811,sim,1.274091,-0.209449,-2.618621,1.239138,-1.605725,-0.261797
4627.760831,sim,1.274090,-0.209433,-2.618710,1.239110,-1.605718,-0.261805
4627.764948,sim,1.274091,-0.209446,-2.618806,1.239137,-1.605725,-0.261797
4627.768857,sim,1.274091,-0.209430,-2.618925,1.239114,-1.605720,-0.261803
4627.772820,sim,1.274091,-0.209448,-2.619048,1.239138,-1.605723,-0.261798
4627.776809,sim,1.274089,-0.209432,-2.619053,1.239113,-1.605719,-0.261804
4627.780837,sim,1.274091,-0.209448,-2.619189,1.239140,-1.605724,-0.261798
4627.785078,sim,1.274090,-0.209433,-2.619350,1.239117,-1.605719,-0.261804
4627.788913,sim,1.274090,-0.209445,-2.619519,1.239137,-1.605723,-0.261798
4627.792856,sim,1.274091,-0.209429,-2.619708,1.239117,-1.605720,-0.261804
4627.796905,sim,1.274090,-0.209448,-2.619903,1.239141,-1.605723,-0.261799
4627.800938,sim,1.274089,-0.209433,-2.620120,1.239120,-1.605719,-0.261804
4627.804935,sim,1.274090,-0.209447,-2.620340,1.239146,-1.605724,-0.261797
4627.808823,sim,1.274090,-0.209431,-2.620345,1.239118,-1.605718,-0.261805
4627.812840,sim,1.274091,-0.209445,-2.620582,1.239144,-1.605724,-0.261797
4627.816904,sim,1.274090,-0.209428,-2.620851,1.239120,-1.605719,-0.261804
4627.820867,sim,1.274091,-0.209447,-2.621129,1.239148,-1.605724,-0.261797
4627.824885,sim,1.274091,-0.209436,-2.621434,1.239130,-1.605719,-0.261803
4627.828929,sim,1.274090,-0.209451,-2.621750,1.239150,-1.605722,-0.261799
4627.832868,sim,1.274089,-0.209430,-2.621756,1.239123,-1.605719,-0.261804
4627.836825,sim,1.274091,-0.209451,-2.622096,1.239152,-1.605723,-0.261798
4627.840862,sim,1.274089,-0.209430,-2.622478,1.239125,-1.605718,-0.261804
4627.845104,sim,1.274091,-0.209441,-2.622878,1.239147,-1.605723,-0.261797
4627.848886,sim,1.274091,-0.209429,-2.623306,1.239128,-1.605719,-0.261803
4627.852828,sim,1.274090,-0.209448,-2.623744,1.239152,-1.605722,-0.261798
4627.856967,sim,1.274090,-0.209436,-2.624202,1.239130,-1.605717,-0.261805
4627.860860,sim,1.274090,-0.209450,-2.624659,1.239155,-1.605722,-0.261798
4627.864975,sim,1.274090,-0.209431,-2.625128,1.239130,-1.605718,-0.261803
4627.868864,sim,1.274090,-0.209443,-2.625125,1.239150,-1.605723,-0.261798
4627.872877,sim,1.274091,-0.209429,-2.625585,1.239128,-1.605718,-0.261804
4627.876831,sim,1.274091,-0.209449,-2.626021,1.239156,-1.605722,-0.261798
4627.880869,sim,1.274089,-0.209435,-2.626456,1.239132,-1.605717,-0.261804
4627.884904,sim,1.274090,-0.209434,-2.626875,1.239150,-1.605725,-0.261795
4627.888821,sim,1.274091,-0.209432,-2.627291,1.239131,-1.605717,-0.261804
4627.892856,sim,1.274090,-0.209451,-2.627692,1.239156,-1.605721,-0.261799
4627.896886,sim,1.274089,-0.209434,-2.628100,1.239133,-1.605717,-0.261804
4627.900856,sim,1.274089,-0.209448,-2.628097,1.239154,-1.605722,-0.261799
4627.904873,sim,1.274091,-0.209434,-2.628502,1.239137,-1.605718,-0.261803
4627.908880,sim,1.274091,-0.209448,-2.628901,1.239155,-1.605721,-0.261799
4627.912897,sim,1.274090,-0.209427,-2.629308,1.239131,-1.605718,-0.261804
4627.917537,sim,1.274091,-0.209446,-2.629703,1.239159,-1.605723,-0.261797
4627.920883,sim,1.274091,-0.209437,-2.630102,1.239139,-1.605717,-0.261804
4627.925076,sim,1.274090,-0.209453,-2.630098,1.239162,-1.605721,-0.261798
4627.928932,sim,1.274090,-0.209431,-2.630497,1.239133,-1.605716,-0.261805
4627.932813,sim,1.274092,-0.209445,-2.630881,1.239160,-1.605723,-0.261797
4627.936846,sim,1.274090,-0.209428,-2.631270,1.239132,-1.605717,-0.261804
4627.940883,sim,1.274092,-0.209448,-2.631639,1.239163,-1.605722,-0.261797
4627.945169,sim,1.274090,-0.209436,-2.632008,1.239141,-1.605717,-0.261804
4627.948802,sim,1.274090,-0.209450,-2.632357,1.239162,-1.605721,-0.261799
4627.952846,sim,1.274091,-0.209433,-2.632699,1.239140,-1.605717,-0.261803
4627.956983,sim,1.274091,-0.209447,-2.632695,1.239162,-1.605721,-0.261798
4627.960926,sim,1.274090,-0.209430,-2.633016,1.239134,-1.605716,-0.261805
4627.964969,sim,1.274091,-0.209443,-2.633298,1.239159,-1.605722,-0.261797
4627.968840,sim,1.274090,-0.209427,-2.633562,1.239134,-1.605717,-0.261804
4627.972906,sim,1.274091,-0.209445,-2.633790,1.239164,-1.605722,-0.261796
4627.976872,sim,1.274090,-0.209434,-2.634004,1.239142,-1.605717,-0.261803
4627.980815,sim,1.274091,-0.209447,-2.634190,1.239164,-1.605721,-0.261798
4627.985012,sim,1.274091,-0.209434,-2.634363,1.239144,-1.605717,-0.261803
4627.988978,sim,1.274091,-0.209451,-2.634359,1.239165,-1.605720,-0.261799
4627.992899,sim,1.274091,-0.209434,-2.634516,1.239141,-1.605716,-0.261805
4627.996799,sim,1.274091,-0.209445,-2.634649,1.239162,-1.605720,-0.261799
4628.000814,sim,1.274091,-0.209427,-2.634775,1.239140,-1.605717,-0.261803
4628.004983,sim,1.274091,-0.209448,-2.634877,1.239168,-1.605721,-0.261797
4628.008894,sim,1.274090,-0.209436,-2.634976,1.239145,-1.605716,-0.261805
4628.012924,sim,1.274091,-0.209448,-2.635055,1.239170,-1.605721,-0.261797
4628.016874,sim,1.274090,-0.209432,-2.635132,1.239141,-1.605715,-0.261805
4628.020917,sim,1.274091,-0.209444,-2.635191,1.239166,-1.605721,-0.261797
4628.025033,sim,1.274091,-0.209429,-2.635249,1.239147,-1.605717,-0.261802
4628.028832,sim,1.274091,-0.209447,-2.635292,1.239169,-1.605720,-0.261798
4628.032816,sim,1.274090,-0.209434,-2.635337,1.239148,-1.605716,-0.261804
4628.036884,sim,1.274091,-0.209448,-2.635368,1.239172,-1.605720,-0.261798
4628.040958,sim,1.274090,-0.209431,-2.635405,1.239145,-1.605715,-0.261804
4628.045018,sim,1.274091,-0.209441,-2.635431,1.239167,-1.605721,-0.261797
4628.048869,sim,1.274091,-0.209429,-2.635435,1.239146,-1.605716,-0.261803
4628.052915,sim,1.274091,-0.209447,-2.635455,1.239171,-1.605720,-0.261798
4628.056877,sim,1.274090,-0.209435,-2.635477,1.239152,-1.605716,-0.261803
4628.060838,sim,1.274091,-0.209448,-2.635487,1.239174,-1.605720,-0.261798
4628.064886,sim,1.274089,-0.209432,-2.635503,1.239147,-1.605715,-0.261805
4628.068913,sim,1.274091,-0.209450,-2.635504,1.239175,-1.605719,-0.261798
4628.072855,sim,1.274089,-0.209429,-2.635515,1.239148,-1.605715,-0.261804
4628.076850,sim,1.274091,-0.209443,-2.635514,1.239171,-1.605720,-0.261798
4628.080811,sim,1.274092,-0.209431,-2.635517,1.239155,-1.605717,-0.261802
4628.084975,sim,1.274090,-0.209445,-2.635520,1.239171,-1.605719,-0.261799
4628.088848,sim,1.274090,-0.209435,-2.635535,1.239154,-1.605715,-0.261804
4628.092888,sim,1.274090,-0.209450,-2.635549,1.239176,-1.605718,-0.261799
4628.096790,sim,1.274090,-0.209445,-2.635575,1.239158,-1.605712,-0.261806
4628.100838,sim,1.274091,-0.209443,-2.635602,1.239180,-1.605721,-0.261796
4628.105119,sim,1.274090,-0.209427,-2.635608,1.239150,-1.605715,-0.261805
4628.108902,sim,1.274091,-0.209441,-2.635643,1.239176,-1.605721,-0.261796
4628.112834,sim,1.274091,-0.209428,-2.635699,1.239153,-1.605715,-0.261804
4628.116859,sim,1.274091,-0.209449,-2.635756,1.239183,-1.605720,-0.261797
4628.120883,sim,1.274090,-0.209436,-2.635834,1.239161,-1.605715,-0.261804
4628.124981,sim,1.274091,-0.209436,-2.635917,1.239178,-1.605721,-0.261796
4628.128808,sim,1.274090,-0.209430,-2.636013,1.239155,-1.605714,-0.261805
4628.132840,sim,1.274091,-0.209451,-2.636106,1.239184,-1.605718,-0.261798
4628.136803,sim,1.274089,-0.209436,-2.636111,1.239158,-1.605713,-0.261806
4628.140799,sim,1.274090,-0.209451,-2.636216,1.239184,-1.605718,-0.261798
4628.144988,sim,1.274090,-0.209432,-2.636344,1.239158,-1.605714,-0.261805
4628.148922,sim,1.274090,-0.209444,-2.636477,1.239179,-1.605718,-0.261799
4628.152840,sim,1.274090,-0.209427,-2.636630,1.239157,-1.605715,-0.261803
4628.156871,sim,1.274091,-0.209447,-2.636785,1.239187,-1.605720,-0.261796
4628.160818,sim,1.274090,-0.209437,-2.636961,1.239163,-1.605713,-0.261805
4628.165021,sim,1.274090,-0.209449,-2.636957,1.239187,-1.605719,-0.261797
4628.168902,sim,1.274090,-0.209433,-2.637151,1.239160,-1.605713,-0.261805
4628.172858,sim,1.274091,-0.209450,-2.637356,1.239188,-1.605718,-0.261798
4628.176816,sim,1.274090,-0.209433,-2.637590,1.239161,-1.605713,-0.261805
4628.180870,sim,1.274091,-0.209444,-2.637832,1.239185,-1.605719,-0.261797
4628.185034,sim,1.274089,-0.209424,-2.638099,1.239154,-1.605714,-0.261805
4628.188837,sim,1.274091,-0.209446,-2.638365,1.239188,-1.605720,-0.261796
4628.192866,sim,1.274090,-0.209435,-2.638651,1.239166,-1.605714,-0.261804
4628.196891,sim,1.274090,-0.209445,-2.638648,1.239186,-1.605718,-0.261798
4628.200903,sim,1.274089,-0.209431,-2.638949,1.239159,-1.605713,-0.261805
4628.204941,sim,1.274090,-0.209442,-2.639259,1.239184,-1.605719,-0.261797
4628.208814,sim,1.274091,-0.209432,-2.639593,1.239164,-1.605714,-0.261804
4628.212947,sim,1.274091,-0.209448,-2.639936,1.239187,-1.605717,-0.261799
4628.216828,sim,1.274091,-0.209436,-2.640302,1.239170,-1.605714,-0.261803
4628.220906,sim,1.274090,-0.209447,-2.640677,1.239191,-1.605718,-0.261797
4628.224947,sim,1.274090,-0.209433,-2.641074,1.239167,-1.605713,-0.261804
4628.228855,sim,1.274090,-0.209449,-2.641070,1.239190,-1.605717,-0.261799
4628.232863,sim,1.274089,-0.209431,-2.641483,1.239162,-1.605712,-0.261805
4628.236808,sim,1.274091,-0.209445,-2.641902,1.239188,-1.605718,-0.261797
4628.240858,sim,1.274090,-0.209429,-2.642342,1.239163,-1.605713,-0.261804
4628.245150,sim,1.274091,-0.209449,-2.642783,1.239193,-1.605718,-0.261797
4628.248874,sim,1.274090,-0.209435,-2.643241,1.239169,-1.605713,-0.261804
4628.252810,sim,1.274091,-0.209435,-2.643240,1.239184,-1.605720,-0.261796
4628.256873,sim,1.274091,-0.209433,-2.643709,1.239166,-1.605713,-0.261804
4628.260862,sim,1.274090,-0.209449,-2.644183,1.239188,-1.605716,-0.261799
4628.264975,sim,1.274091,-0.209438,-2.644674,1.239170,-1.605712,-0.261804
4628.268868,sim,1.274090,-0.209453,-2.645163,1.239193,-1.605716,-0.261799
4628.272943,sim,1.274090,-0.209434,-2.645663,1.239166,-1.605712,-0.261805
4628.276876,sim,1.274091,-0.209442,-2.646151,1.239189,-1.605718,-0.261797
4628.280938,sim,1.274090,-0.209428,-2.646640,1.239161,-1.605712,-0.261805
4628.284954,sim,1.274091,-0.209447,-2.647108,1.239193,-1.605718,-0.261797
4628.288998,sim,1.274090,-0.209435,-2.647112,1.239167,-1.605712,-0.261805
4628.292889,sim,1.274090,-0.209450,-2.647557,1.239191,-1.605716,-0.261799
4628.296939,sim,1.274091,-0.209433,-2.647977,1.239167,-1.605712,-0.261804
4628.300812,sim,1.274091,-0.209442,-2.648358,1.239189,-1.605718,-0.261797
4628.304926,sim,1.274090,-0.209429,-2.648720,1.239162,-1.605712,-0.261805
4628.309156,sim,1.274091,-0.209446,-2.649047,1.239190,-1.605717,-0.261797
4628.312926,sim,1.274090,-0.209433,-2.649360,1.239167,-1.605712,-0.261804
4628.316974,sim,1.274091,-0.209447,-2.649646,1.239192,-1.605717,-0.261798
4628.320862,sim,1.274091,-0.209434,-2.649650,1.239168,-1.605712,-0.261804
4628.325057,sim,1.274091,-0.209451,-2.649921,1.239193,-1.605716,-0.261799
4628.328958,sim,1.274089,-0.209429,-2.650189,1.239162,-1.605712,-0.261804
4628.332896,sim,1.274092,-0.209444,-2.650433,1.239190,-1.605717,-0.261797
4628.336866,sim,1.274090,-0.209428,-2.650675,1.239164,-1.605712,-0.261803
4628.341031,sim,1.274092,-0.209447,-2.650895,1.239191,-1.605716,-0.261798
4628.345245,sim,1.274091,-0.209435,-2.650899,1.239170,-1.605712,-0.261803
4628.348945,sim,1.274092,-0.209439,-2.651110,1.239188,-1.605718,-0.261796
4628.352902,sim,1.274091,-0.209432,-2.651317,1.239166,-1.605712,-0.261804
4628.356904,sim,1.274090,-0.209449,-2.651504,1.239188,-1.605715,-0.261799
4628.360969,sim,1.274091,-0.209437,-2.651687,1.239172,-1.605712,-0.261803
4628.365078,sim,1.274090,-0.209452,-2.651851,1.239192,-1.605714,-0.261800
4628.368931,sim,1.274090,-0.209434,-2.652012,1.239166,-1.605711,-0.261805
4628.372958,sim,1.274091,-0.209442,-2.652153,1.239187,-1.605716,-0.261798
4628.376985,sim,1.274090,-0.209428,-2.652289,1.239163,-1.605712,-0.261804
4628.380984,sim,1.274091,-0.209445,-2.652403,1.239191,-1.605717,-0.261797
4628.384949,sim,1.274090,-0.209434,-2.652513,1.239166,-1.605710,-0.261805
4628.388980,sim,1.274091,-0.209450,-2.652601,1.239195,-1.605716,-0.261798
4628.392902,sim,1.274090,-0.209432,-2.652686,1.239165,-1.605711,-0.261805
4628.396926,sim,1.274091,-0.209444,-2.652748,1.239191,-1.605716,-0.261797
4628.400896,sim,1.274090,-0.209426,-2.652806,1.239164,-1.605712,-0.261803
4628.405057,sim,1.274091,-0.209444,-2.652840,1.239190,-1.605716,-0.261798
4628.408956,sim,1.274090,-0.209435,-2.652843,1.239170,-1.605711,-0.261803
4628.412961,sim,1.274090,-0.209450,-2.652866,1.239192,-1.605714,-0.261799
4628.417566,sim,1.274090,-0.209432,-2.652891,1.239168,-1.605711,-0.261804
4628.420949,sim,1.274091,-0.209445,-2.652902,1.239189,-1.605715,-0.261799
4628.425071,sim,1.274090,-0.209428,-2.652914,1.239165,-1.605712,-0.261804
4628.428947,sim,1.274091,-0.209447,-2.652911,1.239195,-1.605716,-0.261797
4628.432912,sim,1.274090,-0.209435,-2.652912,1.239172,-1.605711,-0.261803
4628.436937,sim,1.274090,-0.209447,-2.652902,1.239193,-1.605715,-0.261798
4628.440914,sim,1.274090,-0.209434,-2.652895,1.239170,-1.605711,-0.261804
4628.445147,sim,1.274091,-0.209446,-2.652878,1.239190,-1.605714,-0.261799
4628.448876,sim,1.274090,-0.209428,-2.652867,1.239163,-1.605711,-0.261804
4628.452934,sim,1.274091,-0.209447,-2.652843,1.239195,-1.605716,-0.261797
4628.456956,sim,1.274090,-0.209435,-2.652827,1.239171,-1.605710,-0.261804
4628.460971,sim,1.274091,-0.209448,-2.652803,1.239193,-1.605715,-0.261798
4628.464927,sim,1.274090,-0.209433,-2.652787,1.239168,-1.605710,-0.261805
4628.468940,sim,1.274091,-0.209444,-2.652763,1.239191,-1.605715,-0.261797
4628.472914,sim,1.274090,-0.209428,-2.652767,1.239166,-1.605711,-0.261803
4628.476911,sim,1.274091,-0.209446,-2.652763,1.239191,-1.605715,-0.261798
4628.480959,sim,1.274091,-0.209435,-2.652765,1.239174,-1.605711,-0.261802
4628.485125,sim,1.274091,-0.209449,-2.652761,1.239196,-1.605715,-0.261798
4628.489026,sim,1.274090,-0.209435,-2.652766,1.239169,-1.605709,-0.261805
4628.493207,sim,1.274091,-0.209442,-2.652763,1.239189,-1.605715,-0.261798
4628.496910,sim,1.274090,-0.209429,-2.652767,1.239166,-1.605711,-0.261804
4628.500980,sim,1.274091,-0.209447,-2.652762,1.239193,-1.605715,-0.261797
4628.505097,sim,1.274090,-0.209435,-2.652766,1.239170,-1.605710,-0.261805
4628.508909,sim,1.274091,-0.209447,-2.652761,1.239197,-1.605716,-0.261796
4628.512903,sim,1.274090,-0.209434,-2.652766,1.239168,-1.605709,-0.261805
4628.517017,sim,1.274091,-0.209443,-2.652762,1.239193,-1.605716,-0.261796
4628.520967,sim,1.274090,-0.209430,-2.652767,1.239167,-1.605710,-0.261804
4628.525128,sim,1.274090,-0.209447,-2.652763,1.239191,-1.605714,-0.261798
4628.528955,sim,1.274090,-0.209435,-2.652766,1.239169,-1.605710,-0.261805
4628.532961,sim,1.274090,-0.209446,-2.652763,1.239192,-1.605715,-0.261798
4628.537051,sim,1.274090,-0.209431,-2.652767,1.239168,-1.605711,-0.261803
4628.540939,sim,1.274090,-0.209449,-2.652762,1.239192,-1.605714,-0.261799
4628.545061,sim,1.274090,-0.209432,-2.652766,1.239169,-1.605711,-0.261803
4628.549074,sim,1.274091,-0.209443,-2.652763,1.239189,-1.605715,-0.261798
4628.552959,sim,1.274091,-0.209430,-2.652766,1.239170,-1.605712,-0.261802
4628.557018,sim,1.274090,-0.209445,-2.652763,1.239189,-1.605714,-0.261799
4628.560961,sim,1.274090,-0.209434,-2.652766,1.239169,-1.605710,-0.261804
4628.565121,sim,1.274090,-0.209449,-2.652762,1.239194,-1.605715,-0.261798
4628.568980,sim,1.274090,-0.209432,-2.652766,1.239170,-1.605711,-0.261803
4628.572944,sim,1.274091,-0.209445,-2.652762,1.239192,-1.605715,-0.261798
4628.576915,sim,1.274091,-0.209431,-2.652766,1.239172,-1.605712,-0.261802
4628.580953,sim,1.274091,-0.209445,-2.652762,1.239193,-1.605715,-0.261797
4628.585095,sim,1.274091,-0.209437,-2.652765,1.239174,-1.605710,-0.261804
4628.588950,sim,1.274090,-0.209452,-2.652761,1.239194,-1.605713,-0.261799
4628.592890,sim,1.274089,-0.209431,-2.652768,1.239163,-1.605709,-0.261806
4628.596984,sim,1.274090,-0.209441,-2.652764,1.239189,-1.605716,-0.261797
4628.600913,sim,1.274091,-0.209428,-2.652767,1.239167,-1.605712,-0.261802
4628.605059,sim,1.274091,-0.209446,-2.652762,1.239193,-1.605715,-0.261798
4628.608964,sim,1.274091,-0.209436,-2.652765,1.239174,-1.605711,-0.261803
4628.612988,sim,1.274090,-0.209449,-2.652762,1.239191,-1.605713,-0.261799
4628.616987,sim,1.274090,-0.209432,-2.652767,1.239167,-1.605710,-0.261804
4628.621018,sim,1.274092,-0.209446,-2.652762,1.239194,-1.605715,-0.261797
4628.625041,sim,1.274090,-0.209451,-2.652768,1.239166,-1.605711,-0.261803
4628.629099,sim,1.274091,-0.209492,-2.652763,1.239193,-1.605715,-0.261797
4628.632981,sim,1.274090,-0.209507,-2.652765,1.239174,-1.605710,-0.261803
4628.637013,sim,1.274090,-0.209545,-2.652762,1.239194,-1.605713,-0.261799
4628.640996,sim,1.274090,-0.209549,-2.652767,1.239168,-1.605710,-0.261804
4628.645190,sim,1.274091,-0.209586,-2.652763,1.239194,-1.605715,-0.261797
4628.649014,sim,1.274089,-0.209595,-2.652768,1.239165,-1.605709,-0.261805
4628.652971,sim,1.274091,-0.209629,-2.652765,1.239190,-1.605715,-0.261797
4628.656959,sim,1.274090,-0.209637,-2.652770,1.239163,-1.605710,-0.261804
4628.660974,sim,1.274091,-0.209678,-2.652765,1.239192,-1.605715,-0.261797
4628.665183,sim,1.274091,-0.209692,-2.652767,1.239176,-1.605711,-0.261802
4628.668961,sim,1.274090,-0.209728,-2.652764,1.239192,-1.605713,-0.261799
4628.672944,sim,1.274089,-0.209734,-2.652769,1.239166,-1.605710,-0.261804
4628.677044,sim,1.274091,-0.209774,-2.652764,1.239195,-1.605715,-0.261797
4628.681063,sim,1.274089,-0.209779,-2.652770,1.239164,-1.605710,-0.261805
4628.685060,sim,1.274092,-0.209816,-2.652765,1.239193,-1.605716,-0.261796
4628.689048,sim,1.274090,-0.209825,-2.652770,1.239167,-1.605710,-0.261804
4628.693012,sim,1.274091,-0.209864,-2.652766,1.239193,-1.605715,-0.261797
4628.697051,sim,1.274090,-0.209876,-2.652769,1.239171,-1.605711,-0.261803
4628.700956,sim,1.274090,-0.209915,-2.652766,1.239193,-1.605714,-0.261799
4628.704967,sim,1.274090,-0.209920,-2.652770,1.239170,-1.605711,-0.261803
4628.708960,sim,1.274091,-0.209953,-2.652768,1.239187,-1.605715,-0.261798
4628.713030,sim,1.274090,-0.209965,-2.652772,1.239166,-1.605710,-0.261804
4628.716934,sim,1.274090,-0.210004,-2.652767,1.239192,-1.605715,-0.261797
4628.720952,sim,1.274091,-0.210018,-2.652770,1.239174,-1.605711,-0.261803
4628.725044,sim,1.274090,-0.210054,-2.652766,1.239194,-1.605714,-0.261798
4628.729058,sim,1.274090,-0.210061,-2.652771,1.239169,-1.605710,-0.261804
4628.732971,sim,1.274091,-0.210098,-2.652767,1.239193,-1.605714,-0.261798
4628.737023,sim,1.274091,-0.210106,-2.652771,1.239170,-1.605711,-0.261803
4628.741079,sim,1.274091,-0.210147,-2.652767,1.239193,-1.605714,-0.261799
4628.745342,sim,1.274090,-0.210157,-2.652771,1.239173,-1.605710,-0.261803
4628.748987,sim,1.274090,-0.210192,-2.652768,1.239193,-1.605714,-0.261798
4628.752938,sim,1.274089,-0.210199,-2.652773,1.239165,-1.605709,-0.261805
4628.756973,sim,1.274092,-0.210234,-2.652769,1.239194,-1.605716,-0.261796
4628.761029,sim,1.274090,-0.210245,-2.652773,1.239168,-1.605710,-0.261803
4628.765089,sim,1.274091,-0.210287,-2.652768,1.239193,-1.605714,-0.261799
4628.769021,sim,1.274090,-0.210297,-2.652773,1.239170,-1.605709,-0.261805
4628.772985,sim,1.274090,-0.210335,-2.652769,1.239193,-1.605713,-0.261799
4628.777021,sim,1.274089,-0.210337,-2.652774,1.239166,-1.605710,-0.261804
4628.781043,sim,1.274092,-0.210375,-2.652770,1.239194,-1.605715,-0.261796
4628.785047,sim,1.274091,-0.210384,-2.652774,1.239170,-1.605711,-0.261803
4628.788957,sim,1.274091,-0.210424,-2.652770,1.239192,-1.605714,-0.261798
4628.792952,sim,1.274090,-0.210436,-2.652773,1.239173,-1.605710,-0.261803
4628.797031,sim,1.274090,-0.210471,-2.652770,1.239193,-1.605714,-0.261798
4628.800972,sim,1.274089,-0.210479,-2.652775,1.239165,-1.605709,-0.261805
4628.805160,sim,1.274091,-0.210511,-2.652772,1.239190,-1.605716,-0.261796
4628.808991,sim,1.274091,-0.210525,-2.652775,1.239168,-1.605710,-0.261804
4628.813018,sim,1.274091,-0.210562,-2.652771,1.239194,-1.605715,-0.261797
4628.817044,sim,1.274089,-0.210576,-2.652775,1.239168,-1.605708,-0.261806
4628.821089,sim,1.274090,-0.210611,-2.652771,1.239194,-1.605715,-0.261797
4628.825066,sim,1.274090,-0.210619,-2.652776,1.239169,-1.605710,-0.261804
4628.829029,sim,1.274091,-0.210628,-2.652773,1.239189,-1.605715,-0.261797
4628.832968,sim,1.274091,-0.210625,-2.652778,1.239167,-1.605710,-0.261804
4628.837066,sim,1.274091,-0.210621,-2.652777,1.239194,-1.605714,-0.261797
4628.841015,sim,1.274089,-0.210561,-2.652788,1.239170,-1.605709,-0.261804
4628.845193,sim,1.274091,-0.210510,-2.652793,1.239194,-1.605714,-0.261797
4628.849042,sim,1.274090,-0.210417,-2.652807,1.239171,-1.605709,-0.261803
4628.853090,sim,1.274091,-0.210429,-2.652803,1.239191,-1.605713,-0.261799
4628.857092,sim,1.274091,-0.210335,-2.652817,1.239171,-1.605709,-0.261803
4628.860974,sim,1.274091,-0.210284,-2.652823,1.239197,-1.605713,-0.261797
4628.865143,sim,1.274089,-0.210270,-2.652828,1.239168,-1.605707,-0.261805
4628.869178,sim,1.274090,-0.210329,-2.652823,1.239195,-1.605713,-0.261797
4628.873068,sim,1.274091,-0.210359,-2.652827,1.239173,-1.605709,-0.261802
4628.877035,sim,1.274091,-0.210418,-2.652824,1.239193,-1.605712,-0.261798
4628.881051,sim,1.274090,-0.210446,-2.652829,1.239167,-1.605709,-0.261804
4628.885184,sim,1.274091,-0.210510,-2.652824,1.239196,-1.605713,-0.261797
4628.889092,sim,1.274090,-0.210545,-2.652827,1.239172,-1.605708,-0.261805
4628.893073,sim,1.274091,-0.210606,-2.652822,1.239200,-1.605713,-0.261797
4628.896998,sim,1.274089,-0.210586,-2.652829,1.239168,-1.605708,-0.261805
4628.901158,sim,1.274092,-0.210644,-2.652825,1.239196,-1.605714,-0.261796
4628.905209,sim,1.274090,-0.210675,-2.652832,1.239167,-1.605708,-0.261804
4628.909038,sim,1.274091,-0.210742,-2.652831,1.239198,-1.605713,-0.261797
4628.913053,sim,1.274090,-0.210785,-2.652840,1.239173,-1.605708,-0.261804
4628.917151,sim,1.274091,-0.210859,-2.652842,1.239199,-1.605713,-0.261796
4628.921132,sim,1.274089,-0.210844,-2.652847,1.239169,-1.605707,-0.261805
4628.925158,sim,1.274091,-0.210940,-2.652849,1.239195,-1.605713,-0.261797
4628.929052,sim,1.274091,-0.211042,-2.652858,1.239172,-1.605709,-0.261803
4628.933115,sim,1.274091,-0.211206,-2.652859,1.239196,-1.605711,-0.261799
4628.937097,sim,1.274090,-0.211366,-2.652868,1.239177,-1.605707,-0.261804
4628.941155,sim,1.274090,-0.211574,-2.652869,1.239198,-1.605711,-0.261798
4628.945247,sim,1.274090,-0.211555,-2.652874,1.239173,-1.605708,-0.261803
4628.949206,sim,1.274092,-0.211787,-2.652874,1.239197,-1.605712,-0.261797
4628.953144,sim,1.274090,-0.212016,-2.652882,1.239173,-1.605707,-0.261803
4628.957081,sim,1.274091,-0.212298,-2.652881,1.239197,-1.605711,-0.261799
4628.961079,sim,1.274090,-0.212570,-2.652887,1.239178,-1.605707,-0.261803
4628.965301,sim,1.274091,-0.212867,-2.652888,1.239194,-1.605714,-0.261795
4628.969196,sim,1.274091,-0.213177,-2.652893,1.239173,-1.605706,-0.261805
4628.973113,sim,1.274091,-0.213517,-2.652889,1.239203,-1.605710,-0.261798
4628.977068,sim,1.274089,-0.213502,-2.652894,1.239175,-1.605705,-0.261806
4628.981143,sim,1.274090,-0.213837,-2.652892,1.239198,-1.605712,-0.261797
4628.985200,sim,1.274092,-0.214162,-2.652896,1.239179,-1.605707,-0.261803
4628.989118,sim,1.274091,-0.214512,-2.652894,1.239197,-1.605710,-0.261798
4628.993103,sim,1.274091,-0.214846,-2.652899,1.239176,-1.605707,-0.261803
4628.997156,sim,1.274091,-0.215215,-2.652895,1.239199,-1.605710,-0.261799
4629.001160,sim,1.274090,-0.215561,-2.652899,1.239179,-1.605706,-0.261804
4629.005150,sim,1.274090,-0.215936,-2.652896,1.239200,-1.605710,-0.261798
4629.009116,sim,1.274090,-0.215921,-2.652900,1.239176,-1.605706,-0.261804
4629.013121,sim,1.274091,-0.216304,-2.652897,1.239197,-1.605710,-0.261799
4629.017180,sim,1.274091,-0.216667,-2.652901,1.239175,-1.605707,-0.261803
4629.021088,sim,1.274091,-0.217071,-2.652896,1.239199,-1.605710,-0.261798
4629.025207,sim,1.274090,-0.217452,-2.652900,1.239177,-1.605705,-0.261805
4629.029165,sim,1.274090,-0.217862,-2.652896,1.239199,-1.605709,-0.261800
4629.033087,sim,1.274091,-0.218245,-2.652900,1.239179,-1.605706,-0.261803
4629.037016,sim,1.274091,-0.218254,-2.652897,1.239200,-1.605711,-0.261797
4629.041101,sim,1.274090,-0.218646,-2.652902,1.239172,-1.605705,-0.261805
4629.045454,sim,1.274091,-0.219071,-2.652897,1.239200,-1.605711,-0.261798
4629.049096,sim,1.274089,-0.219469,-2.652901,1.239177,-1.605706,-0.261804
4629.053089,sim,1.274090,-0.219895,-2.652897,1.239198,-1.605710,-0.261799
4629.057180,sim,1.274091,-0.220291,-2.652900,1.239179,-1.605706,-0.261803
4629.061111,sim,1.274091,-0.220710,-2.652897,1.239197,-1.605709,-0.261799
4629.065281,sim,1.274091,-0.221097,-2.652900,1.239178,-1.605707,-0.261802
4629.069131,sim,1.274091,-0.221112,-2.652897,1.239199,-1.605710,-0.261798
4629.073091,sim,1.274090,-0.221492,-2.652900,1.239177,-1.605705,-0.261805
4629.077119,sim,1.274090,-0.221876,-2.652896,1.239202,-1.605710,-0.261797
4629.081164,sim,1.274090,-0.222218,-2.652901,1.239174,-1.605705,-0.261805
4629.085199,sim,1.274090,-0.222575,-2.652896,1.239202,-1.605710,-0.261798
4629.089102,sim,1.274090,-0.222885,-2.652901,1.239174,-1.605705,-0.261805
4629.093143,sim,1.274091,-0.223209,-2.652897,1.239197,-1.605711,-0.261797
4629.097089,sim,1.274090,-0.223493,-2.652902,1.239170,-1.605706,-0.261804
4629.101086,sim,1.274091,-0.223512,-2.652897,1.239200,-1.605710,-0.261797
4629.105150,sim,1.274089,-0.223785,-2.652901,1.239176,-1.605706,-0.261804
4629.109152,sim,1.274090,-0.224066,-2.652897,1.239197,-1.605710,-0.261798
4629.113178,sim,1.274090,-0.224308,-2.652901,1.239174,-1.605706,-0.261803
4629.117060,sim,1.274091,-0.224561,-2.652897,1.239195,-1.605710,-0.261798
4629.121072,sim,1.274091,-0.224776,-2.652900,1.239177,-1.605706,-0.261803
4629.125262,sim,1.274091,-0.224790,-2.652896,1.239200,-1.605710,-0.261797
4629.129119,sim,1.274090,-0.224993,-2.652900,1.239177,-1.605705,-0.261804
4629.133076,sim,1.274090,-0.225207,-2.652896,1.239202,-1.605710,-0.261797
4629.137066,sim,1.274089,-0.225384,-2.652901,1.239173,-1.605704,-0.261806
4629.141200,sim,1.274091,-0.225569,-2.652898,1.239197,-1.605711,-0.261797
4629.145321,sim,1.274090,-0.225724,-2.652902,1.239172,-1.605706,-0.261804
4629.149053,sim,1.274090,-0.225895,-2.652897,1.239196,-1.605710,-0.261798
4629.153053,sim,1.274090,-0.226028,-2.652900,1.239179,-1.605706,-0.261803
4629.157089,sim,1.274090,-0.226040,-2.652896,1.239199,-1.605709,-0.261798
4629.161155,sim,1.274090,-0.226157,-2.652900,1.239177,-1.605705,-0.261804
4629.165171,sim,1.274090,-0.226281,-2.652898,1.239194,-1.605708,-0.261800
4629.169099,sim,1.274091,-0.226365,-2.652901,1.239175,-1.605707,-0.261802
4629.173159,sim,1.274091,-0.226470,-2.652896,1.239201,-1.605710,-0.261797
4629.177117,sim,1.274089,-0.226533,-2.652901,1.239177,-1.605705,-0.261804
4629.181099,sim,1.274091,-0.226611,-2.652896,1.239201,-1.605710,-0.261798
4629.185114,sim,1.274090,-0.226654,-2.652901,1.239175,-1.605704,-0.261805
4629.189153,sim,1.274090,-0.226710,-2.652898,1.239196,-1.605710,-0.261798
4629.193057,sim,1.274090,-0.226736,-2.652902,1.239173,-1.605705,-0.261804
4629.197101,sim,1.274091,-0.226787,-2.652896,1.239202,-1.605710,-0.261797
4629.201066,sim,1.274090,-0.226804,-2.652900,1.239177,-1.605704,-0.261805
4629.205256,sim,1.274090,-0.226841,-2.652897,1.239199,-1.605709,-0.261799
4629.209087,sim,1.274090,-0.226845,-2.652901,1.239173,-1.605705,-0.261804
4629.213090,sim,1.274090,-0.226875,-2.652898,1.239196,-1.605710,-0.261797
4629.217084,sim,1.274091,-0.226883,-2.652901,1.239178,-1.605706,-0.261802
4629.221151,sim,1.274090,-0.226900,-2.652897,1.239199,-1.605709,-0.261799
4629.225257,sim,1.274089,-0.226887,-2.652901,1.239177,-1.605705,-0.261804
4629.229103,sim,1.274090,-0.226886,-2.652900,1.239191,-1.605712,-0.261796
4629.233129,sim,1.274091,-0.226883,-2.652902,1.239174,-1.605706,-0.261804
4629.237308,sim,1.274091,-0.226898,-2.652897,1.239199,-1.605710,-0.261797
4629.241164,sim,1.274090,-0.226888,-2.652901,1.239177,-1.605705,-0.261804
4629.245259,sim,1.274090,-0.226902,-2.652897,1.239199,-1.605708,-0.261799
4629.249132,sim,1.274090,-0.226885,-2.652901,1.239176,-1.605705,-0.261803
4629.253137,sim,1.274091,-0.226920,-2.652896,1.239201,-1.605709,-0.261799
4629.257100,sim,1.274089,-0.226919,-2.652901,1.239175,-1.605705,-0.261804
4629.261162,sim,1.274091,-0.226943,-2.652898,1.239195,-1.605710,-0.261797
4629.265205,sim,1.274090,-0.226947,-2.652902,1.239172,-1.605705,-0.261804
4629.269154,sim,1.274090,-0.226975,-2.652898,1.239196,-1.605710,-0.261797
4629.273112,sim,1.274090,-0.226968,-2.652900,1.239179,-1.605705,-0.261803
4629.277121,sim,1.274090,-0.226996,-2.652897,1.239197,-1.605708,-0.261799
4629.281085,sim,1.274090,-0.227004,-2.652901,1.239175,-1.605705,-0.261804
4629.285329,sim,1.274091,-0.227046,-2.652897,1.239199,-1.605709,-0.261798
4629.289217,sim,1.274091,-0.227063,-2.652900,1.239178,-1.605706,-0.261802
4629.293193,sim,1.274090,-0.227112,-2.652897,1.239197,-1.605708,-0.261799
4629.297138,sim,1.274090,-0.227140,-2.652901,1.239178,-1.605705,-0.261803
4629.301244,sim,1.274090,-0.227198,-2.652897,1.239199,-1.605708,-0.261799
4629.305306,sim,1.274091,-0.227229,-2.652900,1.239178,-1.605704,-0.261804
4629.309106,sim,1.274090,-0.227243,-2.652897,1.239200,-1.605708,-0.261799
4629.313112,sim,1.274090,-0.227278,-2.652901,1.239176,-1.605705,-0.261803
4629.317177,sim,1.274091,-0.227355,-2.652897,1.239199,-1.605708,-0.261799
4629.321220,sim,1.274091,-0.227410,-2.652901,1.239177,-1.605704,-0.261804
4629.325174,sim,1.274091,-0.227498,-2.652897,1.239198,-1.605709,-0.261797
4629.329112,sim,1.274090,-0.227568,-2.652902,1.239173,-1.605706,-0.261803
4629.333139,sim,1.274092,-0.227684,-2.652897,1.239201,-1.605709,-0.261798
4629.337179,sim,1.274090,-0.227778,-2.652900,1.239180,-1.605704,-0.261803
4629.341153,sim,1.274090,-0.227790,-2.652897,1.239198,-1.605707,-0.261800
4629.345297,sim,1.274091,-0.227891,-2.652900,1.239179,-1.605705,-0.261803
4629.349340,sim,1.274090,-0.228036,-2.652898,1.239197,-1.605709,-0.261798
4629.353151,sim,1.274091,-0.228175,-2.652901,1.239176,-1.605705,-0.261803
4629.357160,sim,1.274091,-0.228342,-2.652899,1.239194,-1.605712,-0.261795
4629.361134,sim,1.274091,-0.228521,-2.652901,1.239176,-1.605704,-0.261804
4629.365339,sim,1.274090,-0.228537,-2.652897,1.239198,-1.605707,-0.261799
4629.369158,sim,1.274090,-0.228723,-2.652900,1.239179,-1.605705,-0.261803
4629.373105,sim,1.274091,-0.228949,-2.652899,1.239195,-1.605711,-0.261795
4629.377118,sim,1.274091,-0.229196,-2.652902,1.239174,-1.605703,-0.261806
4629.381182,sim,1.274090,-0.229478,-2.652897,1.239198,-1.605708,-0.261799
4629.385365,sim,1.274090,-0.229748,-2.652901,1.239177,-1.605705,-0.261803
4629.389147,sim,1.274091,-0.230059,-2.652897,1.239200,-1.605708,-0.261798
4629.393210,sim,1.274091,-0.230354,-2.652900,1.239180,-1.605704,-0.261803
4629.397209,sim,1.274091,-0.230363,-2.652897,1.239197,-1.605708,-0.261799
4629.401183,sim,1.274091,-0.230666,-2.652901,1.239177,-1.605704,-0.261804
4629.405298,sim,1.274091,-0.231000,-2.652897,1.239199,-1.605708,-0.261798
4629.409137,sim,1.274090,-0.231317,-2.652900,1.239179,-1.605705,-0.261803
4629.413243,sim,1.274091,-0.231664,-2.652897,1.239200,-1.605708,-0.261798
4629.417172,sim,1.274090,-0.231992,-2.652901,1.239177,-1.605704,-0.261804
4629.421160,sim,1.274091,-0.232352,-2.652896,1.239202,-1.605709,-0.261797
4629.425265,sim,1.274091,-0.232693,-2.652900,1.239178,-1.605704,-0.261804
4629.429211,sim,1.274090,-0.232707,-2.652897,1.239199,-1.605707,-0.261799
4629.433177,sim,1.274090,-0.233051,-2.652901,1.239175,-1.605704,-0.261804
4629.437207,sim,1.274091,-0.233431,-2.652898,1.239195,-1.605709,-0.261798
4629.441153,sim,1.274091,-0.233799,-2.652902,1.239175,-1.605705,-0.261803
4629.445590,sim,1.274091,-0.234202,-2.652897,1.239198,-1.605708,-0.261799
4629.449226,sim,1.274091,-0.234586,-2.652900,1.239179,-1.605704,-0.261804
4629.453155,sim,1.274089,-0.234995,-2.652897,1.239199,-1.605708,-0.261798
4629.457172,sim,1.274090,-0.234980,-2.652901,1.239177,-1.605705,-0.261803
4629.461205,sim,1.274091,-0.235399,-2.652896,1.239201,-1.605708,-0.261798
4629.465346,sim,1.274090,-0.235799,-2.652901,1.239175,-1.605703,-0.261805
4629.469163,sim,1.274091,-0.236223,-2.652897,1.239198,-1.605709,-0.261797
4629.473295,sim,1.274090,-0.236628,-2.652902,1.239172,-1.605705,-0.261803
4629.477258,sim,1.274091,-0.237065,-2.652898,1.239196,-1.605708,-0.261798
4629.481174,sim,1.274090,-0.237473,-2.652901,1.239177,-1.605705,-0.261803
4629.485306,sim,1.274090,-0.237902,-2.652897,1.239199,-1.605707,-0.261799
4629.489182,sim,1.274090,-0.237887,-2.652901,1.239174,-1.605703,-0.261805
4629.493282,sim,1.274091,-0.238301,-2.652897,1.239197,-1.605708,-0.261798
4629.497214,sim,1.274090,-0.238674,-2.652902,1.239172,-1.605705,-0.261803
4629.501181,sim,1.274091,-0.239060,-2.652898,1.239196,-1.605709,-0.261797
4629.505204,sim,1.274091,-0.239416,-2.652900,1.239178,-1.605703,-0.261804
4629.509217,sim,1.274090,-0.239773,-2.652896,1.239201,-1.605708,-0.261798
4629.513179,sim,1.274090,-0.240092,-2.652900,1.239177,-1.605704,-0.261804
4629.517184,sim,1.274090,-0.240419,-2.652898,1.239194,-1.605709,-0.261797
4629.521186,sim,1.274091,-0.240410,-2.652901,1.239177,-1.605705,-0.261802
4629.525505,sim,1.274091,-0.240732,-2.652897,1.239198,-1.605708,-0.261798
4629.529239,sim,1.274090,-0.241018,-2.652900,1.239178,-1.605704,-0.261804
4629.533193,sim,1.274091,-0.241296,-2.652898,1.239195,-1.605710,-0.261795
4629.537156,sim,1.274090,-0.241557,-2.652902,1.239170,-1.605703,-0.261805
4629.541203,sim,1.274090,-0.241822,-2.652897,1.239196,-1.605708,-0.261798
4629.545568,sim,1.274090,-0.241816,-2.652900,1.239177,-1.605703,-0.261805
4629.549190,sim,1.274091,-0.242065,-2.652896,1.239200,-1.605708,-0.261797
4629.553196,sim,1.274091,-0.242279,-2.652900,1.239176,-1.605704,-0.261803
4629.557224,sim,1.274090,-0.242512,-2.652896,1.239198,-1.605707,-0.261799
4629.561226,sim,1.274089,-0.242704,-2.652901,1.239175,-1.605703,-0.261805
4629.565355,sim,1.274090,-0.242908,-2.652897,1.239198,-1.605708,-0.261798
4629.569220,sim,1.274090,-0.243077,-2.652901,1.239176,-1.605704,-0.261804
4629.573284,sim,1.274090,-0.243259,-2.652897,1.239197,-1.605707,-0.261799
4629.577332,sim,1.274090,-0.243244,-2.652901,1.239173,-1.605703,-0.261805
4629.581243,sim,1.274091,-0.243409,-2.652897,1.239198,-1.605708,-0.261797
4629.585274,sim,1.274090,-0.243532,-2.652901,1.239173,-1.605704,-0.261804
4629.589248,sim,1.274091,-0.243668,-2.652897,1.239199,-1.605708,-0.261797
4629.593242,sim,1.274090,-0.243763,-2.652900,1.239176,-1.605703,-0.261804
4629.597249,sim,1.274090,-0.243868,-2.652896,1.239200,-1.605708,-0.261797
4629.601172,sim,1.274089,-0.243934,-2.652902,1.239172,-1.605703,-0.261805
4629.605318,sim,1.274091,-0.244014,-2.652898,1.239196,-1.605708,-0.261797
4629.609229,sim,1.274090,-0.244060,-2.652902,1.239171,-1.605704,-0.261804
4629.613194,sim,1.274091,-0.244127,-2.652897,1.239198,-1.605708,-0.261797
4629.617222,sim,1.274091,-0.244164,-2.652900,1.239180,-1.605704,-0.261802
4629.621242,sim,1.274090,-0.244201,-2.652899,1.239193,-1.605710,-0.261796
4629.625415,sim,1.274091,-0.244233,-2.652902,1.239172,-1.605703,-0.261806
4629.629288,sim,1.274091,-0.244279,-2.652896,1.239201,-1.605707,-0.261797
4629.633213,sim,1.274089,-0.244295,-2.652901,1.239175,-1.605702,-0.261805
4629.637218,sim,1.274090,-0.244334,-2.652896,1.239200,-1.605707,-0.261798
4629.641197,sim,1.274090,-0.244318,-2.652901,1.239176,-1.605704,-0.261803
4629.645496,sim,1.274091,-0.244332,-2.652896,1.239200,-1.605707,-0.261797
4629.649206,sim,1.274090,-0.244320,-2.652901,1.239174,-1.605702,-0.261805
4629.653240,sim,1.274091,-0.244327,-2.652897,1.239197,-1.605708,-0.261797
4629.657225,sim,1.274090,-0.244316,-2.652901,1.239173,-1.605703,-0.261804
4629.661214,sim,1.274089,-0.244329,-2.652898,1.239194,-1.605707,-0.261799
4629.665246,sim,1.274090,-0.244319,-2.652901,1.239176,-1.605704,-0.261803
4629.669264,sim,1.274090,-0.244330,-2.652897,1.239199,-1.605708,-0.261797
4629.673209,sim,1.274090,-0.244318,-2.652901,1.239174,-1.605703,-0.261804
4629.677217,sim,1.274090,-0.244330,-2.652897,1.239197,-1.605707,-0.261798
4629.681177,sim,1.274090,-0.244316,-2.652901,1.239173,-1.605704,-0.261803
4629.685375,sim,1.274090,-0.244327,-2.652898,1.239191,-1.605707,-0.261799
4629.689318,sim,1.274091,-0.244314,-2.652901,1.239176,-1.605705,-0.261801
4629.693175,sim,1.274091,-0.244327,-2.652898,1.239196,-1.605708,-0.261797
4629.697238,sim,1.274090,-0.244322,-2.652900,1.239178,-1.605703,-0.261804
4629.701313,sim,1.274090,-0.244335,-2.652896,1.239198,-1.605706,-0.261799
4629.705357,sim,1.274090,-0.244318,-2.652901,1.239176,-1.605704,-0.261803
4629.709244,sim,1.274091,-0.244331,-2.652897,1.239197,-1.605707,-0.261798
4629.713183,sim,1.274091,-0.244316,-2.652901,1.239175,-1.605704,-0.261803
4629.717576,sim,1.274091,-0.244332,-2.652897,1.239197,-1.605707,-0.261799
4629.721560,sim,1.274090,-0.244321,-2.652900,1.239176,-1.605703,-0.261804
4629.725310,sim,1.274090,-0.244333,-2.652896,1.239199,-1.605707,-0.261798
4629.729218,sim,1.274090,-0.244317,-2.652901,1.239174,-1.605704,-0.261803
4629.733194,sim,1.274091,-0.244328,-2.652897,1.239196,-1.605708,-0.261797
4629.737209,sim,1.274091,-0.244316,-2.652901,1.239175,-1.605704,-0.261803
4629.741243,sim,1.274091,-0.244330,-2.652897,1.239195,-1.605707,-0.261799
4629.745379,sim,1.274090,-0.244321,-2.652900,1.239177,-1.605703,-0.261804
4629.749331,sim,1.274091,-0.244332,-2.652896,1.239200,-1.605707,-0.261797
4629.753368,sim,1.274089,-0.244314,-2.652902,1.239169,-1.605703,-0.261805
4629.757217,sim,1.274091,-0.244329,-2.652897,1.239197,-1.605708,-0.261797
4629.761236,sim,1.274090,-0.244319,-2.652900,1.239179,-1.605704,-0.261802
4629.765412,sim,1.274091,-0.244335,-2.652895,1.239202,-1.605707,-0.261798
4629.769314,sim,1.274090,-0.244320,-2.652901,1.239174,-1.605702,-0.261805
4629.773280,sim,1.274091,-0.244329,-2.652897,1.239197,-1.605707,-0.261797
4629.777223,sim,1.274091,-0.244315,-2.652901,1.239175,-1.605704,-0.261802
4629.781303,sim,1.274091,-0.244328,-2.652897,1.239197,-1.605708,-0.261797
4629.785465,sim,1.274089,-0.244320,-2.652901,1.239174,-1.605702,-0.261805
4629.789322,sim,1.274091,-0.244337,-2.652895,1.239203,-1.605707,-0.261798
4629.793235,sim,1.274089,-0.244317,-2.652901,1.239173,-1.605703,-0.261804
4629.797306,sim,1.274091,-0.244331,-2.652897,1.239198,-1.605707,-0.261798
4629.801253,sim,1.274089,-0.244318,-2.652901,1.239173,-1.605703,-0.261804
4629.805355,sim,1.274090,-0.244328,-2.652898,1.239193,-1.605707,-0.261798
4629.809250,sim,1.274090,-0.244321,-2.652901,1.239176,-1.605703,-0.261804
4629.813290,sim,1.274090,-0.244330,-2.652897,1.239197,-1.605708,-0.261798
4629.817256,sim,1.274090,-0.244317,-2.652901,1.239175,-1.605704,-0.261803
4629.821294,sim,1.274091,-0.244328,-2.652898,1.239194,-1.605707,-0.261798
4629.825318,sim,1.274091,-0.244316,-2.652901,1.239176,-1.605705,-0.261802
4629.829326,sim,1.274090,-0.244331,-2.652897,1.239197,-1.605707,-0.261798
4629.833206,sim,1.274090,-0.244319,-2.652901,1.239176,-1.605703,-0.261804
4629.837288,sim,1.274090,-0.244334,-2.652896,1.239199,-1.605706,-0.261799
4629.841487,sim,1.274090,-0.244318,-2.652901,1.239174,-1.605703,-0.261804
4629.845484,sim,1.274091,-0.244328,-2.652897,1.239197,-1.605708,-0.261797
4629.849273,sim,1.274091,-0.244316,-2.652901,1.239175,-1.605704,-0.261803
4629.853259,sim,1.274091,-0.244332,-2.652897,1.239197,-1.605707,-0.261799
4629.857179,sim,1.274090,-0.244320,-2.652900,1.239178,-1.605704,-0.261803
4629.861293,sim,1.274090,-0.244333,-2.652897,1.239196,-1.605706,-0.261800
4629.865426,sim,1.274090,-0.244317,-2.652901,1.239175,-1.605704,-0.261803
4629.869183,sim,1.274068,-0.244330,-2.652897,1.239199,-1.605708,-0.261797
4629.873234,sim,1.274044,-0.244320,-2.652900,1.239176,-1.605703,-0.261804
4629.877242,sim,1.274020,-0.244328,-2.652898,1.239192,-1.605707,-0.261799
4629.881262,sim,1.273998,-0.244316,-2.652901,1.239175,-1.605704,-0.261802
4629.885235,sim,1.273974,-0.244331,-2.652897,1.239198,-1.605707,-0.261798
4629.889259,sim,1.273951,-0.244322,-2.652899,1.239181,-1.605703,-0.261803
4629.893309,sim,1.273927,-0.244332,-2.652896,1.239199,-1.605707,-0.261798
4629.897223,sim,1.273903,-0.244318,-2.652901,1.239172,-1.605703,-0.261805
4629.901260,sim,1.273881,-0.244330,-2.652897,1.239196,-1.605707,-0.261798
4629.905253,sim,1.273857,-0.244316,-2.652902,1.239173,-1.605704,-0.261803
4629.909280,sim,1.273835,-0.244329,-2.652898,1.239194,-1.605707,-0.261798
4629.913202,sim,1.273811,-0.244315,-2.652902,1.239174,-1.605704,-0.261802
4629.917210,sim,1.273788,-0.244331,-2.652897,1.239198,-1.605708,-0.261797
4629.921228,sim,1.273765,-0.244322,-2.652900,1.239178,-1.605703,-0.261804
4629.925869,sim,1.273742,-0.244333,-2.652896,1.239199,-1.605707,-0.261798
4629.929269,sim,1.273717,-0.244315,-2.652902,1.239170,-1.605703,-0.261804
4629.933204,sim,1.273695,-0.244332,-2.652897,1.239199,-1.605707,-0.261797
4629.937263,sim,1.273671,-0.244323,-2.652900,1.239178,-1.605703,-0.261804
4629.941270,sim,1.273648,-0.244335,-2.652896,1.239201,-1.605707,-0.261798
4629.945636,sim,1.273624,-0.244318,-2.652901,1.239172,-1.605703,-0.261805
4629.949192,sim,1.273602,-0.244329,-2.652897,1.239196,-1.605708,-0.261797
4629.953210,sim,1.273579,-0.244316,-2.652901,1.239174,-1.605704,-0.261803
4629.957295,sim,1.273556,-0.244333,-2.652896,1.239199,-1.605707,-0.261798
4629.961299,sim,1.273532,-0.244322,-2.652900,1.239179,-1.605703,-0.261803
4629.965388,sim,1.273509,-0.244333,-2.652896,1.239199,-1.605707,-0.261798
4629.969221,sim,1.273485,-0.244320,-2.652901,1.239174,-1.605702,-0.261805
4629.973282,sim,1.273462,-0.244326,-2.652898,1.239196,-1.605709,-0.261796
4629.977286,sim,1.273439,-0.244317,-2.652901,1.239173,-1.605703,-0.261804
4629.981252,sim,1.273416,-0.244333,-2.652897,1.239199,-1.605707,-0.261798
4629.985339,sim,1.273390,-0.244317,-2.652902,1.239170,-1.605703,-0.261805
4629.989299,sim,1.273370,-0.244329,-2.652897,1.239198,-1.605708,-0.261796
4629.993336,sim,1.273346,-0.244318,-2.652901,1.239175,-1.605703,-0.261803
4629.997296,sim,1.273323,-0.244331,-2.652897,1.239199,-1.605708,-0.261797
4630.001300,sim,1.273298,-0.244320,-2.652901,1.239173,-1.605702,-0.261805
4630.005395,sim,1.273277,-0.244331,-2.652897,1.239198,-1.605708,-0.261797
4630.009225,sim,1.273253,-0.244318,-2.652901,1.239174,-1.605703,-0.261804
4630.013186,sim,1.273230,-0.244334,-2.652896,1.239199,-1.605707,-0.261798
4630.017231,sim,1.273205,-0.244323,-2.652900,1.239176,-1.605702,-0.261804
4630.021291,sim,1.273183,-0.244332,-2.652896,1.239200,-1.605708,-0.261797
4630.025314,sim,1.273159,-0.244320,-2.652901,1.239174,-1.605702,-0.261805
4630.029304,sim,1.273137,-0.244327,-2.652897,1.239197,-1.605708,-0.261796
4630.033280,sim,1.273113,-0.244318,-2.652901,1.239173,-1.605703,-0.261804
4630.037322,sim,1.273090,-0.244331,-2.652897,1.239199,-1.605708,-0.261797
4630.041227,sim,1.273066,-0.244322,-2.652901,1.239175,-1.605702,-0.261805
4630.045434,sim,1.273044,-0.244330,-2.652897,1.239198,-1.605708,-0.261797
4630.049290,sim,1.273019,-0.244317,-2.652902,1.239170,-1.605703,-0.261805
4630.053396,sim,1.272997,-0.244334,-2.652896,1.239200,-1.605707,-0.261797
4630.057396,sim,1.272996,-0.244322,-2.652901,1.239176,-1.605703,-0.261804
4630.061346,sim,1.272989,-0.244333,-2.652897,1.239198,-1.605707,-0.261798
4630.065347,sim,1.273011,-0.244322,-2.652900,1.239178,-1.605703,-0.261803
4630.069314,sim,1.273056,-0.244334,-2.652897,1.239197,-1.605707,-0.261798
4630.073295,sim,1.273055,-0.244319,-2.652902,1.239170,-1.605703,-0.261804
4630.077271,sim,1.273012,-0.244329,-2.652898,1.239195,-1.605708,-0.261797
4630.081265,sim,1.272966,-0.244320,-2.652901,1.239175,-1.605704,-0.261803
4630.085490,sim,1.272921,-0.244332,-2.652898,1.239196,-1.605708,-0.261797
4630.089343,sim,1.272920,-0.244326,-2.652901,1.239176,-1.605702,-0.261805
4630.093392,sim,1.272891,-0.244337,-2.652896,1.239200,-1.605707,-0.261797
4630.098035,sim,1.272891,-0.244325,-2.652900,1.239178,-1.605703,-0.261803
4630.101424,sim,1.272915,-0.244331,-2.652898,1.239194,-1.605708,-0.261797
4630.105461,sim,1.272959,-0.244323,-2.652902,1.239175,-1.605704,-0.261803
4630.109258,sim,1.273017,-0.244340,-2.652897,1.239197,-1.605706,-0.261799
4630.113275,sim,1.273016,-0.244329,-2.652901,1.239178,-1.605703,-0.261803
4630.117315,sim,1.273073,-0.244341,-2.652897,1.239198,-1.605707,-0.261798
4630.121312,sim,1.273117,-0.244331,-2.652901,1.239176,-1.605702,-0.261804
4630.125396,sim,1.273146,-0.244345,-2.652898,1.239198,-1.605706,-0.261798
4630.129273,sim,1.273162,-0.244333,-2.652902,1.239175,-1.605702,-0.261804
4630.133319,sim,1.273166,-0.244349,-2.652898,1.239198,-1.605705,-0.261799
4630.137370,sim,1.273157,-0.244334,-2.652903,1.239172,-1.605702,-0.261805
4630.141252,sim,1.273139,-0.244345,-2.652899,1.239198,-1.605707,-0.261796
4630.145491,sim,1.273138,-0.244334,-2.652903,1.239173,-1.605702,-0.261804
4630.149299,sim,1.273101,-0.244348,-2.652899,1.239199,-1.605707,-0.261797
4630.153330,sim,1.273038,-0.244339,-2.652903,1.239173,-1.605701,-0.261805
4630.157252,sim,1.272957,-0.244353,-2.652899,1.239199,-1.605706,-0.261798
4630.161282,sim,1.272853,-0.244338,-2.652904,1.239173,-1.605702,-0.261804
4630.165447,sim,1.272732,-0.244349,-2.652900,1.239196,-1.605706,-0.261797
4630.169320,sim,1.272590,-0.244334,-2.652905,1.239172,-1.605703,-0.261803
4630.173301,sim,1.272433,-0.244347,-2.652901,1.239195,-1.605707,-0.261797
4630.177302,sim,1.272259,-0.244342,-2.652903,1.239177,-1.605702,-0.261803
4630.181385,sim,1.272259,-0.244356,-2.652899,1.239200,-1.605705,-0.261798
4630.185362,sim,1.272070,-0.244340,-2.652903,1.239175,-1.605701,-0.261804
4630.189398,sim,1.271868,-0.244351,-2.652900,1.239195,-1.605705,-0.261799
4630.193263,sim,1.271651,-0.244340,-2.652904,1.239175,-1.605702,-0.261803
4630.197324,sim,1.271420,-0.244352,-2.652901,1.239194,-1.605705,-0.261799
4630.201263,sim,1.271178,-0.244342,-2.652903,1.239180,-1.605702,-0.261802
4630.205335,sim,1.271177,-0.244353,-2.652900,1.239198,-1.605705,-0.261798
4630.209309,sim,1.270914,-0.244341,-2.652903,1.239176,-1.605701,-0.261804
4630.213296,sim,1.270622,-0.244355,-2.652899,1.239200,-1.605705,-0.261798
4630.217362,sim,1.270305,-0.244342,-2.652904,1.239174,-1.605700,-0.261805
4630.221240,sim,1.269970,-0.244349,-2.652900,1.239197,-1.605706,-0.261797
4630.225380,sim,1.269616,-0.244335,-2.652906,1.239169,-1.605701,-0.261805
4630.229374,sim,1.269251,-0.244350,-2.652901,1.239195,-1.605706,-0.261797
4630.233270,sim,1.268878,-0.244344,-2.652903,1.239179,-1.605701,-0.261803
4630.237298,sim,1.268877,-0.244358,-2.652899,1.239201,-1.605704,-0.261799
4630.241267,sim,1.268498,-0.244339,-2.652904,1.239172,-1.605700,-0.261805
4630.245560,sim,1.268121,-0.244349,-2.652901,1.239196,-1.605706,-0.261797
4630.249338,sim,1.267740,-0.244338,-2.652904,1.239174,-1.605702,-0.261803
4630.253293,sim,1.267358,-0.244352,-2.652900,1.239197,-1.605705,-0.261798
4630.257396,sim,1.266975,-0.244343,-2.652903,1.239180,-1.605701,-0.261803
4630.261324,sim,1.266590,-0.244355,-2.652899,1.239199,-1.605704,-0.261798
4630.265459,sim,1.266204,-0.244341,-2.652904,1.239174,-1.605700,-0.261805
4630.269278,sim,1.266205,-0.244352,-2.652900,1.239199,-1.605706,-0.261797
4630.273319,sim,1.265816,-0.244339,-2.652904,1.239173,-1.605700,-0.261805
4630.277290,sim,1.265427,-0.244347,-2.652900,1.239196,-1.605706,-0.261796
4630.281368,sim,1.265033,-0.244336,-2.652905,1.239169,-1.605701,-0.261805
4630.285337,sim,1.264640,-0.244352,-2.652900,1.239198,-1.605706,-0.261797
4630.289301,sim,1.264246,-0.244342,-2.652903,1.239177,-1.605701,-0.261804
4630.293319,sim,1.264246,-0.244355,-2.652899,1.239200,-1.605705,-0.261798
4630.297346,sim,1.263847,-0.244340,-2.652903,1.239174,-1.605700,-0.261804
4630.301381,sim,1.263441,-0.244349,-2.652900,1.239197,-1.605706,-0.261796
4630.305587,sim,1.263028,-0.244338,-2.652904,1.239173,-1.605701,-0.261804
4630.309401,sim,1.262613,-0.244353,-2.652899,1.239196,-1.605705,-0.261799
4630.313511,sim,1.262199,-0.244343,-2.652902,1.239180,-1.605701,-0.261803
4630.317370,sim,1.261787,-0.244357,-2.652898,1.239199,-1.605704,-0.261799
4630.321712,sim,1.261382,-0.244340,-2.652904,1.239172,-1.605700,-0.261805
4630.325553,sim,1.260988,-0.244352,-2.652899,1.239198,-1.605706,-0.261797
4630.329401,sim,1.260604,-0.244336,-2.652904,1.239169,-1.605701,-0.261804
4630.333275,sim,1.260239,-0.244351,-2.652898,1.239200,-1.605706,-0.261796
4630.337287,sim,1.260236,-0.244337,-2.652904,1.239171,-1.605701,-0.261804
4630.341346,sim,1.259899,-0.244354,-2.652898,1.239200,-1.605706,-0.261797
4630.345633,sim,1.259596,-0.244340,-2.652903,1.239173,-1.605701,-0.261805
4630.349265,sim,1.259332,-0.244357,-2.652897,1.239202,-1.605705,-0.261797
4630.353327,sim,1.259094,-0.244342,-2.652902,1.239174,-1.605700,-0.261805
4630.357343,sim,1.258885,-0.244351,-2.652899,1.239197,-1.605705,-0.261797
4630.361389,sim,1.258884,-0.244336,-2.652904,1.239170,-1.605701,-0.261804
4630.365559,sim,1.258689,-0.244350,-2.652899,1.239197,-1.605707,-0.261796
4630.369305,sim,1.258498,-0.244343,-2.652902,1.239175,-1.605700,-0.261805
4630.373415,sim,1.258316,-0.244355,-2.652898,1.239199,-1.605705,-0.261797
4630.377432,sim,1.258142,-0.244340,-2.652902,1.239177,-1.605702,-0.261802
4630.381263,sim,1.257975,-0.244355,-2.652899,1.239194,-1.605703,-0.261801
4630.385324,sim,1.257975,-0.244337,-2.652903,1.239173,-1.605702,-0.261803
4630.394839,sim,1.257820,-0.244350,-2.652899,1.239198,-1.605706,-0.261796
4630.397413,sim,1.257675,-0.244339,-2.652903,1.239174,-1.605701,-0.261804
4630.397678,sim,1.257541,-0.244350,-2.652899,1.239199,-1.605706,-0.261796
4630.401379,sim,1.257418,-0.244345,-2.652902,1.239176,-1.605700,-0.261805
4630.405495,sim,1.257306,-0.244355,-2.652898,1.239200,-1.605705,-0.261797
4630.409446,sim,1.257203,-0.244341,-2.652903,1.239172,-1.605700,-0.261805
4630.413311,sim,1.257112,-0.244350,-2.652899,1.239195,-1.605706,-0.261797
4630.417395,sim,1.257029,-0.244336,-2.652904,1.239171,-1.605701,-0.261804
4630.421466,sim,1.256955,-0.244351,-2.652899,1.239197,-1.605706,-0.261797
4630.425377,sim,1.256889,-0.244341,-2.652903,1.239173,-1.605701,-0.261805
4630.429233,sim,1.256834,-0.244352,-2.652899,1.239200,-1.605706,-0.261796
4630.433876,sim,1.256785,-0.244340,-2.652903,1.239173,-1.605700,-0.261805
4630.437798,sim,1.256745,-0.244352,-2.652899,1.239197,-1.605705,-0.261797
4630.441293,sim,1.256711,-0.244337,-2.652904,1.239172,-1.605701,-0.261804
4630.445497,sim,1.256685,-0.244353,-2.652899,1.239198,-1.605706,-0.261797
4630.449382,sim,1.256684,-0.244341,-2.652903,1.239177,-1.605702,-0.261803
4630.453325,sim,1.256684,-0.244353,-2.652899,1.239198,-1.605705,-0.261797
4630.457416,sim,1.256684,-0.244342,-2.652902,1.239176,-1.605701,-0.261804
4630.461340,sim,1.256685,-0.244349,-2.652900,1.239195,-1.605705,-0.261797
4630.465419,sim,1.256684,-0.244337,-2.652904,1.239172,-1.605701,-0.261804
4630.469413,sim,1.256685,-0.244354,-2.652898,1.239200,-1.605706,-0.261797
4630.473334,sim,1.256684,-0.244344,-2.652902,1.239177,-1.605700,-0.261805
4630.477319,sim,1.256684,-0.244355,-2.652898,1.239200,-1.605705,-0.261797
4630.481278,sim,1.256662,-0.244341,-2.652903,1.239172,-1.605700,-0.261806
4630.485495,sim,1.256644,-0.244350,-2.652900,1.239196,-1.605706,-0.261797
4630.489369,sim,1.256628,-0.244336,-2.652904,1.239171,-1.605701,-0.261804
4630.493319,sim,1.256615,-0.244352,-2.652899,1.239198,-1.605706,-0.261797
4630.497298,sim,1.256602,-0.244342,-2.652903,1.239175,-1.605701,-0.261804
4630.501363,sim,1.256592,-0.244354,-2.652899,1.239199,-1.605705,-0.261797
4630.505455,sim,1.256583,-0.244340,-2.652903,1.239174,-1.605701,-0.261804
4630.509335,sim,1.256584,-0.244350,-2.652900,1.239196,-1.605705,-0.261797
4630.513352,sim,1.256573,-0.244336,-2.652904,1.239174,-1.605702,-0.261802
4630.517382,sim,1.256559,-0.244349,-2.652900,1.239194,-1.605705,-0.261798
4630.521394,sim,1.256543,-0.244344,-2.652902,1.239179,-1.605701,-0.261803
4630.525386,sim,1.256522,-0.244355,-2.652898,1.239201,-1.605705,-0.261797
4630.529443,sim,1.256497,-0.244339,-2.652904,1.239171,-1.605700,-0.261805
4630.533369,sim,1.256473,-0.244351,-2.652899,1.239199,-1.605706,-0.261796
4630.537354,sim,1.256443,-0.244339,-2.652904,1.239173,-1.605701,-0.261804
4630.541432,sim,1.256443,-0.244354,-2.652899,1.239199,-1.605705,-0.261797
4630.545618,sim,1.256406,-0.244342,-2.652903,1.239175,-1.605700,-0.261804
4630.549366,sim,1.256362,-0.244351,-2.652899,1.239199,-1.605706,-0.261796
4630.553286,sim,1.256308,-0.244341,-2.652903,1.239174,-1.605700,-0.261805
4630.557334,sim,1.256247,-0.244357,-2.652899,1.239200,-1.605704,-0.261798
4630.561353,sim,1.256177,-0.244339,-2.652904,1.239171,-1.605700,-0.261805
4630.565563,sim,1.256179,-0.244351,-2.652900,1.239198,-1.605706,-0.261797
4630.569371,sim,1.256096,-0.244336,-2.652904,1.239171,-1.605701,-0.261804
4630.573330,sim,1.255999,-0.244350,-2.652900,1.239199,-1.605706,-0.261796
4630.577324,sim,1.255884,-0.244343,-2.652904,1.239173,-1.605700,-0.261805
4630.581415,sim,1.255759,-0.244354,-2.652899,1.239199,-1.605705,-0.261797
4630.585490,sim,1.255622,-0.244339,-2.652904,1.239175,-1.605701,-0.261803
4630.589421,sim,1.255476,-0.244355,-2.652900,1.239198,-1.605704,-0.261799
4630.593292,sim,1.255321,-0.244340,-2.652903,1.239177,-1.605701,-0.261802
4630.597400,sim,1.255320,-0.244348,-2.652901,1.239192,-1.605705,-0.261798
4630.601327,sim,1.255156,-0.244338,-2.652904,1.239175,-1.605702,-0.261803
4630.605415,sim,1.254974,-0.244353,-2.652900,1.239198,-1.605704,-0.261798
4630.609302,sim,1.254777,-0.244341,-2.652904,1.239173,-1.605700,-0.261805
4630.613354,sim,1.254567,-0.244352,-2.652900,1.239199,-1.605705,-0.261797
4630.617325,sim,1.254342,-0.244340,-2.652904,1.239173,-1.605700,-0.261805
4630.621384,sim,1.254343,-0.244350,-2.652900,1.239196,-1.605705,-0.261797
4630.625405,sim,1.254095,-0.244334,-2.652905,1.239171,-1.605702,-0.261803
4630.629407,sim,1.253817,-0.244350,-2.652901,1.239195,-1.605705,-0.261798
4630.633292,sim,1.253513,-0.244341,-2.652904,1.239174,-1.605700,-0.261804
4630.637243,sim,1.253187,-0.244355,-2.652900,1.239199,-1.605704,-0.261798
4630.641364,sim,1.252842,-0.244338,-2.652905,1.239171,-1.605701,-0.261804
4630.645571,sim,1.252487,-0.244351,-2.652900,1.239199,-1.605705,-0.261796
4630.649334,sim,1.252118,-0.244338,-2.652904,1.239175,-1.605701,-0.261803
4630.653313,sim,1.251746,-0.244352,-2.652899,1.239199,-1.605705,-0.261797
4610.381819,real,1.270774,-0.216421,-2.623405,1.267632,-1.570796,-0.222252
4610.390606,real,1.270774,-0.216421,-2.623404,1.267632,-1.570796,-0.222252
4610.397938,real,1.270774,-0.216421,-2.623404,1.267632,-1.570796,-0.222252
4610.414403,real,1.270774,-0.216421,-2.623404,1.267632,-1.570796,-0.222252
4610.422597,real,1.270774,-0.216421,-2.623404,1.267632,-1.570796,-0.222252
4610.430769,real,1.270774,-0.216421,-2.623404,1.267632,-1.570796,-0.222252
4610.438922,real,1.270774,-0.216421,-2.623404,1.267632,-1.570796,-0.222252
4610.455284,real,1.270774,-0.216421,-2.623404,1.267632,-1.570796,-0.222252
4610.463359,real,1.270774,-0.216421,-2.623404,1.267632,-1.570796,-0.222252
4610.471560,real,1.270774,-0.216421,-2.623404,1.267632,-1.570796,-0.222252
4610.479721,real,1.270774,-0.216421,-2.623404,1.267632,-1.570796,-0.222252
4610.487914,real,1.270774,-0.216421,-2.623404,1.267632,-1.570796,-0.222252
4610.504328,real,1.270774,-0.216421,-2.623404,1.267632,-1.570796,-0.222252
4610.512496,real,1.270774,-0.216421,-2.623404,1.267632,-1.570796,-0.222252
4610.520813,real,1.270774,-0.216421,-2.623404,1.267632,-1.570796,-0.222252
4610.528905,real,1.270774,-0.216421,-2.623404,1.267632,-1.570796,-0.222252
4610.545304,real,1.270774,-0.216421,-2.623404,1.267632,-1.570796,-0.222252
4610.553724,real,1.270774,-0.216421,-2.623405,1.267632,-1.570796,-0.222252
4610.561721,real,1.270774,-0.216421,-2.623404,1.267632,-1.570796,-0.222252
4610.569917,real,1.270774,-0.216421,-2.623404,1.267632,-1.570796,-0.222252
4610.577939,real,1.270774,-0.216421,-2.623405,1.267632,-1.570796,-0.222252
4610.594286,real,1.270774,-0.216421,-2.623404,1.267632,-1.570796,-0.222252
4610.602444,real,1.270774,-0.216421,-2.623404,1.267632,-1.570796,-0.222252
4610.610630,real,1.270774,-0.216421,-2.623404,1.267632,-1.570796,-0.222252
4610.618762,real,1.270774,-0.216421,-2.623404,1.267632,-1.570796,-0.222252
4610.635335,real,1.270774,-0.216421,-2.623404,1.267632,-1.570796,-0.222252
4610.643576,real,1.270774,-0.216421,-2.623404,1.267632,-1.570796,-0.222252
4610.651726,real,1.270774,-0.216421,-2.623404,1.267632,-1.570796,-0.222252
4610.659893,real,1.270774,-0.216421,-2.623404,1.267632,-1.570796,-0.222252
4610.668151,real,1.270774,-0.216421,-2.623404,1.267632,-1.570796,-0.222252
4610.684578,real,1.270774,-0.216421,-2.623404,1.267632,-1.570796,-0.222252
4610.692836,real,1.270774,-0.216421,-2.623404,1.267632,-1.570796,-0.222252
4610.701075,real,1.270774,-0.216421,-2.623404,1.267632,-1.570796,-0.222252
4610.709311,real,1.270774,-0.216421,-2.623404,1.267632,-1.570796,-0.222252
4610.717915,real,1.270774,-0.216421,-2.623404,1.267632,-1.570796,-0.222252
4610.734227,real,1.270774,-0.216421,-2.623404,1.267632,-1.570796,-0.222252
4610.742852,real,1.270774,-0.216421,-2.623404,1.267632,-1.570796,-0.222252
4610.750939,real,1.270774,-0.216421,-2.623404,1.267632,-1.570796,-0.222252
4610.759131,real,1.270774,-0.216421,-2.623404,1.267632,-1.570796,-0.222252
4610.775455,real,1.270774,-0.216421,-2.623404,1.267632,-1.570796,-0.222252
4610.783948,real,1.270774,-0.216421,-2.623404,1.267632,-1.570796,-0.222252
4610.792106,real,1.270774,-0.216421,-2.623404,1.267632,-1.570796,-0.222252
4610.800318,real,1.270774,-0.216421,-2.623404,1.267632,-1.570796,-0.222252
4610.808425,real,1.270774,-0.216421,-2.623404,1.267632,-1.570796,-0.222252
4610.824876,real,1.270774,-0.216421,-2.623404,1.267632,-1.570796,-0.222252
4610.833015,real,1.270774,-0.216421,-2.623404,1.267632,-1.570796,-0.222252
4610.841178,real,1.270774,-0.216421,-2.623404,1.267632,-1.570796,-0.222252
4610.849328,real,1.270774,-0.216421,-2.623404,1.267632,-1.570796,-0.222252
4610.857832,real,1.270774,-0.216421,-2.623404,1.267632,-1.570796,-0.222252
4610.873942,real,1.270774,-0.216421,-2.623404,1.267632,-1.570796,-0.222252
4610.882024,real,1.270774,-0.216421,-2.623404,1.267632,-1.570796,-0.222252
4610.890174,real,1.270774,-0.216421,-2.623404,1.267632,-1.570796,-0.222252
4610.898292,real,1.270774,-0.216421,-2.623405,1.267632,-1.570796,-0.222252
4610.914806,real,1.270774,-0.216421,-2.623404,1.267632,-1.570796,-0.222252
4610.922919,real,1.270774,-0.216421,-2.623404,1.267632,-1.570796,-0.222252
4610.931061,real,1.270774,-0.216421,-2.623404,1.267632,-1.570796,-0.222252
4610.939185,real,1.270774,-0.216421,-2.623404,1.267632,-1.570796,-0.222252
4610.947684,real,1.270774,-0.216421,-2.623404,1.267632,-1.570796,-0.222252
4610.963968,real,1.270774,-0.216421,-2.623404,1.267632,-1.570796,-0.222252
4610.972133,real,1.270774,-0.216421,-2.623404,1.267632,-1.570796,-0.222252
4610.980279,real,1.270774,-0.216421,-2.623405,1.267632,-1.570796,-0.222252
4610.988705,real,1.270774,-0.216421,-2.623404,1.267632,-1.570796,-0.222252
4611.004758,real,1.270774,-0.216421,-2.623404,1.267632,-1.570796,-0.222252
4611.012930,real,1.270774,-0.216421,-2.623404,1.267632,-1.570796,-0.222252
4611.021059,real,1.270774,-0.216421,-2.623404,1.267632,-1.570796,-0.222252
4611.029272,real,1.270774,-0.216421,-2.623404,1.267632,-1.570796,-0.222252
4611.037938,real,1.270774,-0.216421,-2.623404,1.267632,-1.570796,-0.222252
4611.053959,real,1.270774,-0.216421,-2.623404,1.267632,-1.570796,-0.222252
4611.062496,real,1.270774,-0.216421,-2.623404,1.267632,-1.570796,-0.222252
4611.070280,real,1.270774,-0.216421,-2.623404,1.267632,-1.570796,-0.222252
4611.078426,real,1.270774,-0.216421,-2.623404,1.267632,-1.570796,-0.222252
4611.094798,real,1.270774,-0.216421,-2.623404,1.267632,-1.570796,-0.222252
4611.102982,real,1.270774,-0.216421,-2.623405,1.267632,-1.570796,-0.222252
4611.111139,real,1.270774,-0.216421,-2.623404,1.267632,-1.570796,-0.222252
4611.119269,real,1.270774,-0.216421,-2.623404,1.267632,-1.570796,-0.222252
4611.127445,real,1.270774,-0.216421,-2.623404,1.267632,-1.570796,-0.222252
4611.143920,real,1.270774,-0.216421,-2.623404,1.267632,-1.570796,-0.222252
4611.152044,real,1.270774,-0.216421,-2.623404,1.267632,-1.570796,-0.222252
4611.160212,real,1.270774,-0.216421,-2.623404,1.267632,-1.570796,-0.222252
4611.168358,real,1.270774,-0.216421,-2.623404,1.267632,-1.570796,-0.222253
4611.184777,real,1.270774,-0.216421,-2.623404,1.267632,-1.570796,-0.222252
4611.193014,real,1.270774,-0.216421,-2.623405,1.267632,-1.570796,-0.222252
4611.201155,real,1.270774,-0.216421,-2.623404,1.267632,-1.570796,-0.222252
4611.209614,real,1.270774,-0.216421,-2.623404,1.267632,-1.570796,-0.222252
4611.217530,real,1.270774,-0.216421,-2.623405,1.267632,-1.570796,-0.222252
4611.233954,real,1.270774,-0.216421,-2.623405,1.267632,-1.570796,-0.222252
4611.242326,real,1.270774,-0.216421,-2.623404,1.267632,-1.570796,-0.222252
4611.250173,real,1.270774,-0.216421,-2.623404,1.267632,-1.570796,-0.222252
4611.258416,real,1.270774,-0.216421,-2.623404,1.267632,-1.570796,-0.222252
4611.274877,real,1.270774,-0.216421,-2.623405,1.267632,-1.570796,-0.222252
4611.282827,real,1.270774,-0.216421,-2.623404,1.267632,-1.570796,-0.222252
4611.291059,real,1.270774,-0.216421,-2.623404,1.267632,-1.570796,-0.222252
4611.299138,real,1.270774,-0.216421,-2.623404,1.267632,-1.570796,-0.222252
4611.307469,real,1.270774,-0.216421,-2.623404,1.267632,-1.570796,-0.222252
4611.324057,real,1.270774,-0.216421,-2.623404,1.267632,-1.570796,-0.222252
4611.332039,real,1.270774,-0.216421,-2.623405,1.267632,-1.570796,-0.222252
4611.340222,real,1.270774,-0.216421,-2.623404,1.267632,-1.570796,-0.222252
4611.348432,real,1.270774,-0.216421,-2.623404,1.267632,-1.570796,-0.222252
4611.364790,real,1.270774,-0.216421,-2.623404,1.267632,-1.570796,-0.222252
4611.373156,real,1.270774,-0.216421,-2.623405,1.267632,-1.570796,-0.222252
4611.381143,real,1.270774,-0.216421,-2.623404,1.267632,-1.570796,-0.222252
4611.389595,real,1.270774,-0.216421,-2.623404,1.267632,-1.570796,-0.222253
4611.406062,real,1.270774,-0.216421,-2.623404,1.267632,-1.570796,-0.222252
4611.413984,real,1.270774,-0.216421,-2.623405,1.267632,-1.570796,-0.222252
4611.422070,real,1.270774,-0.216421,-2.623404,1.267632,-1.570796,-0.222252
4611.430695,real,1.270774,-0.216421,-2.623404,1.267632,-1.570796,-0.222252
4611.438485,real,1.270774,-0.216421,-2.623404,1.267632,-1.570796,-0.222253
4611.454822,real,1.270774,-0.216421,-2.623404,1.267632,-1.570796,-0.222253
4611.463544,real,1.270774,-0.216421,-2.623404,1.267632,-1.570796,-0.222252
4611.472165,real,1.270774,-0.216421,-2.623404,1.267632,-1.570796,-0.222252
4611.479908,real,1.270774,-0.216421,-2.623404,1.267632,-1.570796,-0.222252
4611.488187,real,1.270774,-0.216421,-2.623405,1.267632,-1.570796,-0.222252
4611.504707,real,1.270774,-0.216421,-2.623404,1.267632,-1.570796,-0.222252
4611.512905,real,1.270774,-0.216421,-2.623404,1.267632,-1.570796,-0.222253
4611.521028,real,1.270774,-0.216421,-2.623404,1.267632,-1.570796,-0.222258
4611.529222,real,1.270774,-0.216421,-2.623405,1.267632,-1.570796,-0.222274
4611.545887,real,1.270774,-0.216421,-2.623404,1.267632,-1.570796,-0.222604
4611.553955,real,1.270774,-0.216421,-2.623404,1.267632,-1.570796,-0.222969
4611.562231,real,1.270774,-0.216421,-2.623404,1.267632,-1.570796,-0.223443
4611.570273,real,1.270774,-0.216421,-2.623404,1.267632,-1.570796,-0.224000
4611.578549,real,1.270774,-0.216421,-2.623404,1.267632,-1.570796,-0.224612
4611.594993,real,1.270774,-0.216421,-2.623404,1.267632,-1.570796,-0.225627
4611.603240,real,1.270774,-0.216421,-2.623404,1.267632,-1.570796,-0.226799
4611.611312,real,1.270774,-0.216421,-2.623404,1.267632,-1.570796,-0.227708
4611.619528,real,1.270774,-0.216421,-2.623404,1.267632,-1.570796,-0.228736
4611.627756,real,1.270774,-0.216421,-2.623404,1.267632,-1.570796,-0.229862
4611.644120,real,1.270774,-0.216421,-2.623404,1.267632,-1.570796,-0.232217
4611.652271,real,1.270774,-0.216421,-2.623404,1.267632,-1.570796,-0.233406
4611.660511,real,1.270774,-0.216421,-2.623404,1.267632,-1.570796,-0.234595
4611.668766,real,1.270774,-0.216421,-2.623404,1.267632,-1.570796,-0.235801
4611.685397,real,1.270774,-0.216421,-2.623404,1.267632,-1.570796,-0.238189
4611.693658,real,1.270774,-0.216421,-2.623404,1.267632,-1.570796,-0.239309
4611.701946,real,1.270774,-0.216421,-2.623404,1.267632,-1.570796,-0.240293
4611.709753,real,1.270774,-0.216421,-2.623404,1.267632,-1.570796,-0.241107
4611.718021,real,1.270774,-0.216421,-2.623405,1.267632,-1.570796,-0.241777
4611.734550,real,1.270774,-0.216421,-2.623404,1.267632,-1.570796,-0.243020
4611.742652,real,1.270774,-0.216421,-2.623404,1.267632,-1.570796,-0.243407
4611.750835,real,1.270774,-0.216421,-2.623404,1.267632,-1.570796,-0.243732
4611.758868,real,1.270774,-0.216421,-2.623404,1.267632,-1.570796,-0.243971
4611.775425,real,1.270774,-0.216421,-2.623405,1.267632,-1.570796,-0.244203
4611.783789,real,1.270774,-0.216421,-2.623404,1.267632,-1.570796,-0.244240
4611.791867,real,1.270774,-0.216421,-2.623404,1.267632,-1.570796,-0.244252
4611.800071,real,1.270774,-0.216421,-2.623405,1.267632,-1.570796,-0.244253
4611.808224,real,1.270774,-0.216421,-2.623404,1.267632,-1.570796,-0.244254
4611.824518,real,1.270774,-0.216421,-2.623404,1.267632,-1.570796,-0.244300
4611.832737,real,1.270774,-0.216421,-2.623404,1.267632,-1.570796,-0.244402
4611.840941,real,1.270774,-0.216421,-2.623404,1.267632,-1.570796,-0.244596
4611.849154,real,1.270774,-0.216421,-2.623404,1.267632,-1.570796,-0.244904
4611.866013,real,1.270774,-0.216421,-2.623404,1.267632,-1.570796,-0.245811
4611.873750,real,1.270774,-0.216421,-2.623404,1.267632,-1.570796,-0.246347
4611.881924,real,1.270774,-0.216421,-2.623404,1.267632,-1.570796,-0.246907
4611.889898,real,1.270774,-0.216421,-2.623404,1.267632,-1.570796,-0.247498
4611.898020,real,1.270774,-0.216421,-2.623404,1.267632,-1.570796,-0.248144
4611.914472,real,1.270774,-0.216421,-2.623404,1.267632,-1.570796,-0.249664
4611.922749,real,1.270774,-0.216421,-2.623404,1.267632,-1.570796,-0.250558
4611.930868,real,1.270774,-0.216421,-2.623404,1.267632,-1.570796,-0.251492
4611.939197,real,1.270774,-0.216421,-2.623404,1.267632,-1.570796,-0.252449
4611.955753,real,1.270774,-0.216421,-2.623404,1.267632,-1.570796,-0.254904
4611.964028,real,1.270774,-0.216421,-2.623404,1.267632,-1.570796,-0.255899
4611.972171,real,1.270774,-0.216421,-2.623404,1.267633,-1.570796,-0.256871
4611.980365,real,1.270774,-0.216421,-2.623404,1.267632,-1.570796,-0.257779
4611.989343,real,1.270774,-0.216421,-2.623405,1.267632,-1.570796,-0.258570
4612.005844,real,1.270774,-0.216421,-2.623404,1.267632,-1.570796,-0.259752
4612.013749,real,1.270774,-0.216421,-2.623405,1.267632,-1.570796,-0.260202
4612.021953,real,1.270774,-0.216421,-2.623404,1.267633,-1.570796,-0.260592
4612.030236,real,1.270774,-0.216421,-2.623404,1.267632,-1.570796,-0.260948
4612.038433,real,1.270774,-0.216421,-2.623405,1.267632,-1.570796,-0.261258
4612.054810,real,1.270774,-0.216421,-2.623405,1.267632,-1.570796,-0.261652
4612.062915,real,1.270774,-0.216421,-2.623404,1.267632,-1.570796,-0.261735
4612.071296,real,1.270774,-0.216421,-2.623404,1.267632,-1.570796,-0.261771
4612.079383,real,1.270774,-0.216421,-2.623404,1.267632,-1.570796,-0.261782
4612.087858,real,1.270774,-0.216421,-2.623404,1.267632,-1.570796,-0.261783
4612.103953,real,1.270774,-0.216421,-2.623404,1.267632,-1.570796,-0.261784
4612.112426,real,1.270774,-0.216421,-2.623404,1.267632,-1.570796,-0.261784
4612.120668,real,1.270774,-0.216421,-2.623404,1.267632,-1.570796,-0.261785
4612.128782,real,1.270774,-0.216421,-2.623404,1.267633,-1.570796,-0.261785
4612.145156,real,1.270774,-0.216421,-2.623404,1.267632,-1.570796,-0.261786
4612.153448,real,1.270774,-0.216421,-2.623404,1.267632,-1.570796,-0.261786
4612.161824,real,1.270774,-0.216421,-2.623405,1.267632,-1.570796,-0.261787
4612.169790,real,1.270774,-0.216421,-2.623404,1.267632,-1.570796,-0.261787
4612.178035,real,1.270774,-0.216421,-2.623404,1.267632,-1.570796,-0.261787
4612.194525,real,1.270774,-0.216421,-2.623404,1.267632,-1.570796,-0.261788
4612.202809,real,1.270774,-0.216421,-2.623404,1.267632,-1.570796,-0.261788
4612.211061,real,1.270774,-0.216421,-2.623404,1.267632,-1.570796,-0.261788
4612.219181,real,1.270774,-0.216421,-2.623404,1.267633,-1.570796,-0.261789
4612.227494,real,1.270774,-0.216421,-2.623404,1.267632,-1.570796,-0.261789
4612.244081,real,1.270774,-0.216421,-2.623404,1.267632,-1.570796,-0.261789
4612.252225,real,1.270774,-0.216421,-2.623404,1.267632,-1.570796,-0.261789
4612.260416,real,1.270774,-0.216421,-2.623404,1.267632,-1.570796,-0.261790
4612.268597,real,1.270774,-0.216421,-2.623404,1.267632,-1.570796,-0.261790
4612.285191,real,1.270774,-0.216421,-2.623404,1.267632,-1.570796,-0.261791
4612.293448,real,1.270774,-0.216421,-2.623404,1.267633,-1.570796,-0.261791
4612.301826,real,1.270774,-0.216421,-2.623404,1.267632,-1.570796,-0.261791
4612.310133,real,1.270774,-0.216421,-2.623404,1.267633,-1.570796,-0.261791
4612.318166,real,1.270774,-0.216421,-2.623404,1.267632,-1.570796,-0.261791
4612.334448,real,1.270774,-0.216421,-2.623404,1.267633,-1.570796,-0.261792
4612.342875,real,1.270774,-0.216421,-2.623404,1.267632,-1.570796,-0.261792
4612.350894,real,1.270774,-0.216421,-2.623404,1.267633,-1.570796,-0.261792
4612.359398,real,1.270774,-0.216421,-2.623404,1.267632,-1.570796,-0.261792
4612.367475,real,1.270774,-0.216421,-2.623404,1.267633,-1.570796,-0.261793
4612.383953,real,1.270774,-0.216421,-2.623404,1.267633,-1.570796,-0.261793
4612.392172,real,1.270774,-0.216421,-2.623404,1.267633,-1.570796,-0.261793
4612.400353,real,1.270774,-0.216421,-2.623404,1.267632,-1.570796,-0.261793
4612.408591,real,1.270774,-0.216421,-2.623404,1.267632,-1.570796,-0.261793
4612.425322,real,1.270774,-0.216421,-2.623404,1.267632,-1.570796,-0.261794
4612.433814,real,1.270774,-0.216421,-2.623404,1.267633,-1.570796,-0.261794
4612.442094,real,1.270774,-0.216421,-2.623404,1.267633,-1.570796,-0.261794
4612.449958,real,1.270774,-0.216421,-2.623404,1.267633,-1.570796,-0.261794
4612.458146,real,1.270774,-0.216421,-2.623404,1.267632,-1.570796,-0.261794
4612.474622,real,1.270774,-0.216421,-2.623404,1.267632,-1.570796,-0.261795
4612.482800,real,1.270774,-0.216421,-2.623404,1.267632,-1.570796,-0.261795
4612.490995,real,1.270774,-0.216421,-2.623404,1.267633,-1.570796,-0.261795
4612.499140,real,1.270774,-0.216421,-2.623404,1.267633,-1.570796,-0.261795
4612.515532,real,1.270774,-0.216421,-2.623404,1.267632,-1.570796,-0.261795
4612.523947,real,1.270774,-0.216421,-2.623404,1.267633,-1.570796,-0.261795
4612.532095,real,1.270774,-0.216421,-2.623405,1.267633,-1.570796,-0.261795
4612.540248,real,1.270774,-0.216421,-2.623405,1.267632,-1.570796,-0.261795
4612.548357,real,1.270774,-0.216421,-2.623404,1.267632,-1.570796,-0.261795
4612.564800,real,1.270774,-0.216421,-2.623404,1.267633,-1.570796,-0.261796
4612.572886,real,1.270774,-0.216421,-2.623404,1.267633,-1.570796,-0.261796
4612.581065,real,1.270774,-0.216421,-2.623404,1.267632,-1.570796,-0.261796
4612.589201,real,1.270774,-0.216421,-2.623404,1.267633,-1.570796,-0.261796
4612.605909,real,1.270774,-0.216421,-2.623404,1.267633,-1.570796,-0.261796
4612.613889,real,1.270774,-0.216421,-2.623404,1.267633,-1.570796,-0.261796
4612.621921,real,1.270774,-0.216421,-2.623404,1.267633,-1.570796,-0.261796
4612.630023,real,1.270774,-0.216421,-2.623405,1.267632,-1.570796,-0.261796
4612.638153,real,1.270774,-0.216421,-2.623405,1.267633,-1.570796,-0.261797
4612.654480,real,1.270774,-0.216421,-2.623404,1.267633,-1.570796,-0.261797
4612.662888,real,1.270774,-0.216421,-2.623404,1.267633,-1.570796,-0.261797
4612.671000,real,1.270774,-0.216421,-2.623405,1.267633,-1.570796,-0.261797
4612.679207,real,1.270774,-0.216421,-2.623404,1.267633,-1.570796,-0.261797
4612.695938,real,1.270774,-0.216421,-2.623404,1.267633,-1.570796,-0.261797
4612.703731,real,1.270774,-0.216421,-2.623404,1.267633,-1.570796,-0.261797
4612.711917,real,1.270774,-0.216421,-2.623404,1.267633,-1.570796,-0.261797
4612.720143,real,1.270774,-0.216421,-2.623404,1.267633,-1.570796,-0.261797
4612.728297,real,1.270774,-0.216421,-2.623404,1.267633,-1.570796,-0.261797
4612.746064,real,1.270774,-0.216421,-2.623404,1.267633,-1.570796,-0.261797
4612.755078,real,1.270774,-0.216421,-2.623404,1.267632,-1.570796,-0.261797
4612.763172,real,1.270774,-0.216421,-2.623404,1.267633,-1.570796,-0.261798
4612.771726,real,1.270774,-0.216421,-2.623404,1.267633,-1.570796,-0.261798
4612.779486,real,1.270774,-0.216421,-2.623404,1.267633,-1.570796,-0.261798
4612.787765,real,1.270774,-0.216421,-2.623404,1.267633,-1.570796,-0.261798
4612.804138,real,1.270774,-0.216421,-2.623404,1.267633,-1.570796,-0.261798
4612.814854,real,1.270774,-0.216421,-2.623404,1.267633,-1.570796,-0.261798
4612.823042,real,1.270774,-0.216421,-2.623404,1.267633,-1.570796,-0.261798
4612.831162,real,1.270774,-0.216421,-2.623404,1.267633,-1.570796,-0.261798
4612.839614,real,1.270774,-0.216421,-2.623404,1.267633,-1.570796,-0.261798
4612.847846,real,1.270774,-0.216421,-2.623404,1.267633,-1.570796,-0.261798
4612.864052,real,1.270774,-0.216421,-2.623404,1.267633,-1.570796,-0.261798
4612.872218,real,1.270774,-0.216421,-2.623404,1.267633,-1.570798,-0.261798
4612.880355,real,1.270774,-0.216421,-2.623404,1.267633,-1.570815,-0.261798
4612.888598,real,1.270774,-0.216421,-2.623404,1.267633,-1.570901,-0.261798
4612.905054,real,1.270774,-0.216421,-2.623404,1.267633,-1.571573,-0.261799
4612.913093,real,1.270774,-0.216421,-2.623404,1.267633,-1.572005,-0.261799
4612.921254,real,1.270774,-0.216421,-2.623404,1.267633,-1.572498,-0.261799
4612.929488,real,1.270774,-0.216421,-2.623404,1.267633,-1.573031,-0.261799
4612.938063,real,1.270774,-0.216421,-2.623404,1.267633,-1.573599,-0.261799
4612.954318,real,1.270774,-0.216421,-2.623405,1.267633,-1.574885,-0.261799
4612.962297,real,1.270774,-0.216421,-2.623404,1.267633,-1.575643,-0.261799
4612.970751,real,1.270774,-0.216421,-2.623404,1.267633,-1.576491,-0.261799
4612.978637,real,1.270774,-0.216421,-2.623404,1.267633,-1.577400,-0.261799
4612.995279,real,1.270774,-0.216421,-2.623404,1.267633,-1.579289,-0.261799
4613.003494,real,1.270774,-0.216421,-2.623404,1.267632,-1.580252,-0.261799
4613.011681,real,1.270774,-0.216421,-2.623404,1.267633,-1.581242,-0.261799
4613.020152,real,1.270774,-0.216421,-2.623404,1.267633,-1.582240,-0.261799
4613.028318,real,1.270774,-0.216421,-2.623405,1.267633,-1.583205,-0.261799
4613.044756,real,1.270774,-0.216421,-2.623405,1.267633,-1.585247,-0.261799
4613.052824,real,1.270774,-0.216421,-2.623404,1.267633,-1.585840,-0.261800
4613.061117,real,1.270774,-0.216421,-2.623404,1.267632,-1.586342,-0.261800
4613.069299,real,1.270774,-0.216421,-2.623404,1.267633,-1.586774,-0.261800
4613.078096,real,1.270774,-0.216421,-2.623404,1.267633,-1.587161,-0.261799
4613.093985,real,1.270774,-0.216421,-2.623405,1.267633,-1.587787,-0.261800
4613.105109,real,1.270774,-0.216421,-2.623404,1.267633,-1.587993,-0.261800
4613.113273,real,1.270774,-0.216421,-2.623404,1.267633,-1.588120,-0.261800
4613.121383,real,1.270774,-0.216421,-2.623404,1.267632,-1.588189,-0.261800
4613.129548,real,1.270774,-0.216421,-2.623404,1.267632,-1.588221,-0.261800
4613.138013,real,1.270774,-0.216421,-2.623405,1.267633,-1.588231,-0.261800
4613.154055,real,1.270774,-0.216421,-2.623404,1.267633,-1.588243,-0.261800
4613.162198,real,1.270774,-0.216421,-2.623404,1.267633,-1.588269,-0.261800
4613.170293,real,1.270774,-0.216421,-2.623404,1.267633,-1.588343,-0.261800
4613.178508,real,1.270774,-0.216421,-2.623404,1.267632,-1.588493,-0.261800
4613.194900,real,1.270774,-0.216421,-2.623404,1.267633,-1.589318,-0.261800
4613.203024,real,1.270774,-0.216421,-2.623404,1.267633,-1.589792,-0.261800
4613.211150,real,1.270774,-0.216421,-2.623404,1.267633,-1.590311,-0.261800
4613.219331,real,1.270774,-0.216421,-2.623404,1.267633,-1.590858,-0.261800
4613.227517,real,1.270774,-0.216421,-2.623404,1.267633,-1.591441,-0.261800
4613.244226,real,1.270774,-0.216421,-2.623404,1.267633,-1.592787,-0.261800
4613.252019,real,1.270774,-0.216421,-2.623404,1.267633,-1.593584,-0.261800
4613.260196,real,1.270774,-0.216421,-2.623404,1.267633,-1.594469,-0.261800
4613.268370,real,1.270774,-0.216421,-2.623404,1.267633,-1.595394,-0.261800
4613.284751,real,1.270774,-0.216421,-2.623404,1.267633,-1.597316,-0.261800
4613.293052,real,1.270774,-0.216421,-2.623404,1.267633,-1.598291,-0.261800
4613.301239,real,1.270774,-0.216421,-2.623404,1.267632,-1.599277,-0.261800
4613.309352,real,1.270774,-0.216421,-2.623405,1.267633,-1.600255,-0.261800
4613.317534,real,1.270774,-0.216421,-2.623405,1.267633,-1.601640,-0.261800
4613.334087,real,1.270774,-0.216421,-2.623404,1.267633,-1.603077,-0.261800
4613.342303,real,1.270774,-0.216421,-2.623404,1.267633,-1.603625,-0.261800
4613.350569,real,1.270774,-0.216421,-2.623404,1.267633,-1.604094,-0.261800
4613.358680,real,1.270774,-0.216421,-2.623404,1.267633,-1.604501,-0.261800
4613.374911,real,1.270774,-0.216421,-2.623404,1.267633,-1.605175,-0.261800
4613.383136,real,1.270774,-0.216421,-2.623405,1.267633,-1.605412,-0.261800
4613.391231,real,1.270774,-0.216421,-2.623404,1.267633,-1.605567,-0.261800
4613.399518,real,1.270774,-0.216421,-2.623405,1.267633,-1.605657,-0.261801
4613.407823,real,1.270774,-0.216421,-2.623404,1.267633,-1.605701,-0.261801
4613.424215,real,1.270774,-0.216421,-2.623405,1.267633,-1.605724,-0.261801
4613.432416,real,1.270774,-0.216421,-2.623405,1.267633,-1.605727,-0.261801
4613.440739,real,1.270774,-0.216421,-2.623404,1.267633,-1.605730,-0.261801
4613.448915,real,1.270774,-0.216421,-2.623405,1.267633,-1.605732,-0.261801
4613.465280,real,1.270774,-0.216421,-2.623404,1.267633,-1.605734,-0.261801
4613.473432,real,1.270774,-0.216421,-2.623404,1.267633,-1.605734,-0.261801
4613.481808,real,1.270774,-0.216421,-2.623404,1.267633,-1.605734,-0.261801
4613.490096,real,1.270774,-0.216421,-2.623404,1.267633,-1.605735,-0.261801
4613.498150,real,1.270774,-0.216421,-2.623404,1.267633,-1.605735,-0.261801
4613.514550,real,1.270774,-0.216421,-2.623404,1.267633,-1.605735,-0.261801
4613.522991,real,1.270774,-0.216421,-2.623404,1.267633,-1.605735,-0.261801
4613.531129,real,1.270774,-0.216421,-2.623404,1.267633,-1.605735,-0.261801
4613.539273,real,1.270774,-0.216421,-2.623404,1.267633,-1.605735,-0.261801
4613.555658,real,1.270774,-0.216421,-2.623404,1.267633,-1.605735,-0.261801
4613.563983,real,1.270774,-0.216421,-2.623405,1.267633,-1.605735,-0.261801
4613.572110,real,1.270774,-0.216421,-2.623404,1.267633,-1.605735,-0.261801
4613.580271,real,1.270774,-0.216421,-2.623404,1.267633,-1.605735,-0.261801
4613.588518,real,1.270774,-0.216421,-2.623405,1.267633,-1.605735,-0.261801
4613.604827,real,1.270774,-0.216421,-2.623404,1.267633,-1.605735,-0.261801
4613.612964,real,1.270774,-0.216421,-2.623404,1.267633,-1.605735,-0.261801
4613.621126,real,1.270774,-0.216421,-2.623404,1.267633,-1.605735,-0.261801
4613.629267,real,1.270774,-0.216421,-2.623404,1.267633,-1.605735,-0.261801
4613.637459,real,1.270774,-0.216421,-2.623404,1.267633,-1.605735,-0.261801
4613.654165,real,1.270774,-0.216421,-2.623404,1.267632,-1.605735,-0.261801
4613.662029,real,1.270774,-0.216421,-2.623405,1.267633,-1.605735,-0.261801
4613.670174,real,1.270774,-0.216421,-2.623404,1.267633,-1.605735,-0.261801
4613.678200,real,1.270774,-0.216421,-2.623404,1.267633,-1.605735,-0.261801
4613.695104,real,1.270774,-0.216421,-2.623405,1.267633,-1.605735,-0.261801
4613.702798,real,1.270774,-0.216421,-2.623404,1.267633,-1.605734,-0.261801
4613.711281,real,1.270774,-0.216421,-2.623405,1.267633,-1.605735,-0.261801
4613.719204,real,1.270774,-0.216421,-2.623404,1.267633,-1.605734,-0.261801
4613.727970,real,1.270774,-0.216421,-2.623404,1.267633,-1.605734,-0.261801
4613.744337,real,1.270774,-0.216421,-2.623404,1.267632,-1.605734,-0.261801
4613.752547,real,1.270774,-0.216421,-2.623404,1.267633,-1.605734,-0.261801
4613.760684,real,1.270774,-0.216421,-2.623404,1.267633,-1.605734,-0.261801
4613.768918,real,1.270774,-0.216421,-2.623404,1.267633,-1.605734,-0.261801
4613.785418,real,1.270774,-0.216421,-2.623404,1.267633,-1.605734,-0.261801
4613.793606,real,1.270774,-0.216421,-2.623404,1.267633,-1.605734,-0.261801
4613.801767,real,1.270774,-0.216421,-2.623404,1.267633,-1.605734,-0.261801
4613.810119,real,1.270774,-0.216421,-2.623404,1.267633,-1.605733,-0.261801
4613.819995,real,1.270774,-0.216421,-2.623404,1.267633,-1.605734,-0.261801
4613.828485,real,1.270774,-0.216421,-2.623404,1.267633,-1.605734,-0.261801
4613.844803,real,1.270774,-0.216421,-2.623404,1.267633,-1.605733,-0.261801
4613.852907,real,1.270774,-0.216421,-2.623404,1.267632,-1.605733,-0.261801
4613.861141,real,1.270774,-0.216421,-2.623404,1.267633,-1.605733,-0.261801
4613.869246,real,1.270774,-0.216421,-2.623404,1.267633,-1.605733,-0.261801
4613.885714,real,1.270774,-0.216421,-2.623404,1.267585,-1.605733,-0.261801
4613.894234,real,1.270774,-0.216421,-2.623404,1.267386,-1.605733,-0.261801
4613.902298,real,1.270774,-0.216421,-2.623404,1.267144,-1.605733,-0.261801
4613.910215,real,1.270774,-0.216421,-2.623404,1.266835,-1.605733,-0.261801
4613.918284,real,1.270774,-0.216421,-2.623404,1.266483,-1.605732,-0.261801
4613.934907,real,1.270774,-0.216421,-2.623404,1.265729,-1.605732,-0.261801
4613.943077,real,1.270774,-0.216421,-2.623404,1.265355,-1.605732,-0.261801
4613.951205,real,1.270774,-0.216421,-2.623404,1.264957,-1.605732,-0.261801
4613.959397,real,1.270774,-0.216421,-2.623405,1.264521,-1.605732,-0.261801
4613.967478,real,1.270774,-0.216421,-2.623404,1.264027,-1.605732,-0.261801
4613.984213,real,1.270774,-0.216421,-2.623404,1.262813,-1.605732,-0.261801
4613.992415,real,1.270774,-0.216421,-2.623404,1.262140,-1.605732,-0.261801
4614.000511,real,1.270774,-0.216421,-2.623404,1.261452,-1.605732,-0.261801
4614.008760,real,1.270774,-0.216421,-2.623404,1.260771,-1.605732,-0.261801
4614.025208,real,1.270774,-0.216421,-2.623405,1.259525,-1.605731,-0.261801
4614.033242,real,1.270774,-0.216421,-2.623405,1.258796,-1.605731,-0.261801
4614.041438,real,1.270774,-0.216421,-2.623405,1.258405,-1.605731,-0.261801
4614.050228,real,1.270774,-0.216421,-2.623405,1.258063,-1.605731,-0.261801
4614.058293,real,1.270774,-0.216421,-2.623405,1.257744,-1.605731,-0.261801
4614.074326,real,1.270774,-0.216421,-2.623404,1.257174,-1.605731,-0.261801
4614.082507,real,1.270774,-0.216421,-2.623404,1.256961,-1.605731,-0.261801
4614.092644,real,1.270774,-0.216421,-2.623404,1.256815,-1.605730,-0.261801
4614.099724,real,1.270774,-0.216421,-2.623404,1.256728,-1.605731,-0.261801
4614.107786,real,1.270774,-0.216421,-2.623405,1.256680,-1.605730,-0.261801
4614.124302,real,1.270774,-0.216421,-2.623405,1.256638,-1.605730,-0.261801
4614.132484,real,1.270774,-0.216421,-2.623405,1.256625,-1.605730,-0.261801
4614.140638,real,1.270774,-0.216421,-2.623405,1.256615,-1.605730,-0.261801
4614.148772,real,1.270774,-0.216421,-2.623404,1.256598,-1.605730,-0.261801
4614.165180,real,1.270774,-0.216421,-2.623404,1.256428,-1.605730,-0.261801
4614.173374,real,1.270774,-0.216421,-2.623404,1.256078,-1.605729,-0.261801
4614.181575,real,1.270774,-0.216421,-2.623404,1.255716,-1.605729,-0.261801
4614.189758,real,1.270774,-0.216421,-2.623404,1.255279,-1.605729,-0.261801
4614.198169,real,1.270774,-0.216421,-2.623404,1.254786,-1.605729,-0.261801
4614.214325,real,1.270774,-0.216421,-2.623405,1.253707,-1.605729,-0.261801
4614.222370,real,1.270774,-0.216421,-2.623405,1.253098,-1.605729,-0.261801
4614.230579,real,1.270774,-0.216421,-2.623405,1.252418,-1.605729,-0.261801
4614.238712,real,1.270774,-0.216421,-2.623404,1.251659,-1.605729,-0.261801
4614.255015,real,1.270774,-0.216421,-2.623404,1.249916,-1.605729,-0.261801
4614.263224,real,1.270774,-0.216421,-2.623404,1.248992,-1.605728,-0.261801
4614.271341,real,1.270774,-0.216421,-2.623404,1.248043,-1.605728,-0.261801
4614.279523,real,1.270774,-0.216421,-2.623404,1.247081,-1.605728,-0.261801
4614.287707,real,1.270774,-0.216421,-2.623404,1.246095,-1.605728,-0.261801
4614.304198,real,1.270774,-0.216421,-2.623405,1.244152,-1.605728,-0.261801
4614.312489,real,1.270774,-0.216421,-2.623405,1.243258,-1.605728,-0.261801
4614.320606,real,1.270774,-0.216421,-2.623405,1.242164,-1.605728,-0.261801
4614.328775,real,1.270774,-0.216421,-2.623405,1.241574,-1.605727,-0.261801
4614.345420,real,1.270774,-0.216421,-2.623404,1.240627,-1.605727,-0.261801
4614.353491,real,1.270774,-0.216421,-2.623404,1.240228,-1.605727,-0.261801
4614.361731,real,1.270774,-0.216421,-2.623404,1.239875,-1.605727,-0.261801
4614.370544,real,1.270774,-0.216421,-2.623404,1.239590,-1.605727,-0.261801
4614.378287,real,1.270774,-0.216421,-2.623404,1.239388,-1.605727,-0.261801
4614.394687,real,1.270774,-0.216421,-2.623405,1.239183,-1.605726,-0.261801
4614.402787,real,1.270774,-0.216421,-2.623405,1.239142,-1.605727,-0.261801
4614.411152,real,1.270774,-0.216421,-2.623405,1.239125,-1.605726,-0.261801
4614.419307,real,1.270774,-0.216421,-2.623405,1.239111,-1.605726,-0.261801
4614.427477,real,1.270774,-0.216421,-2.623404,1.239103,-1.605726,-0.261801
4614.443981,real,1.270774,-0.216421,-2.623404,1.239096,-1.605726,-0.261801
4614.452314,real,1.270774,-0.216421,-2.623404,1.239095,-1.605726,-0.261801
4614.460512,real,1.270774,-0.216421,-2.623404,1.239094,-1.605725,-0.261801
4614.468705,real,1.270774,-0.216421,-2.623405,1.239094,-1.605726,-0.261801
4614.485015,real,1.270774,-0.216421,-2.623405,1.239094,-1.605725,-0.261801
4614.493121,real,1.270774,-0.216421,-2.623405,1.239095,-1.605725,-0.261801
4614.501752,real,1.270774,-0.216421,-2.623404,1.239095,-1.605725,-0.261801
4614.510286,real,1.270774,-0.216421,-2.623404,1.239095,-1.605725,-0.261801
4614.518436,real,1.270774,-0.216421,-2.623404,1.239095,-1.605725,-0.261801
4614.534445,real,1.270774,-0.216421,-2.623404,1.239096,-1.605724,-0.261801
4614.542712,real,1.270774,-0.216421,-2.623404,1.239096,-1.605724,-0.261801
4614.550914,real,1.270774,-0.216421,-2.623404,1.239097,-1.605725,-0.261801
4614.559126,real,1.270774,-0.216421,-2.623405,1.239097,-1.605724,-0.261801
4614.575634,real,1.270774,-0.216421,-2.623405,1.239098,-1.605724,-0.261801
4614.583922,real,1.270774,-0.216421,-2.623405,1.239099,-1.605724,-0.261801
4614.592164,real,1.270774,-0.216421,-2.623404,1.239099,-1.605724,-0.261801
4614.600355,real,1.270774,-0.216421,-2.623404,1.239100,-1.605724,-0.261801
4614.608599,real,1.270774,-0.216421,-2.623404,1.239101,-1.605724,-0.261801
4614.624968,real,1.270774,-0.216421,-2.623405,1.239103,-1.605723,-0.261801
4614.633172,real,1.270774,-0.216421,-2.623404,1.239104,-1.605723,-0.261801
4614.641470,real,1.270774,-0.216421,-2.623404,1.239104,-1.605723,-0.261801
4614.649881,real,1.270774,-0.216421,-2.623405,1.239105,-1.605723,-0.261801
4614.657882,real,1.270774,-0.216421,-2.623404,1.239106,-1.605723,-0.261801
4614.674235,real,1.270774,-0.216421,-2.623405,1.239108,-1.605722,-0.261801
4614.682677,real,1.270774,-0.216421,-2.623404,1.239109,-1.605722,-0.261801
4614.690715,real,1.270774,-0.216421,-2.623404,1.239110,-1.605722,-0.261801
4614.698927,real,1.270774,-0.216421,-2.623404,1.239112,-1.605722,-0.261801
4614.715363,real,1.270774,-0.216421,-2.623405,1.239114,-1.605722,-0.261801
4614.723504,real,1.270774,-0.216421,-2.623405,1.239115,-1.605722,-0.261801
4614.731781,real,1.270774,-0.216421,-2.623405,1.239116,-1.605722,-0.261801
4614.739897,real,1.270774,-0.216421,-2.623405,1.239117,-1.605721,-0.261801
4614.748097,real,1.270774,-0.216421,-2.623405,1.239118,-1.605721,-0.261801
4614.764499,real,1.270774,-0.216421,-2.623404,1.239121,-1.605721,-0.261801
4614.772750,real,1.270774,-0.216421,-2.623404,1.239122,-1.605721,-0.261801
4614.780859,real,1.270774,-0.216421,-2.623404,1.239124,-1.605721,-0.261801
4614.789098,real,1.270774,-0.216421,-2.623404,1.239125,-1.605721,-0.261801
4614.797848,real,1.270774,-0.216421,-2.623404,1.239126,-1.605721,-0.261801
4614.814674,real,1.270774,-0.216421,-2.623404,1.239128,-1.605720,-0.261801
4614.822910,real,1.270774,-0.216421,-2.623405,1.239129,-1.605720,-0.261801
4614.830991,real,1.270774,-0.216421,-2.623405,1.239130,-1.605720,-0.261801
4614.839360,real,1.270774,-0.216421,-2.623405,1.239131,-1.605720,-0.261801
4614.847468,real,1.270774,-0.216421,-2.623404,1.239133,-1.605720,-0.261801
4614.863843,real,1.270774,-0.216421,-2.623404,1.239136,-1.605719,-0.261801
4614.872021,real,1.270774,-0.216421,-2.623404,1.239137,-1.605719,-0.261801
4614.880116,real,1.270774,-0.216421,-2.623404,1.239138,-1.605719,-0.261801
4614.888335,real,1.270774,-0.216421,-2.623405,1.239139,-1.605719,-0.261801
4614.904755,real,1.270774,-0.216421,-2.623405,1.239141,-1.605719,-0.261801
4614.912981,real,1.270774,-0.216421,-2.623404,1.239142,-1.605719,-0.261801
4614.921265,real,1.270774,-0.216421,-2.623404,1.239143,-1.605719,-0.261801
4614.929427,real,1.270774,-0.216421,-2.623404,1.239144,-1.605718,-0.261801
4614.937767,real,1.270774,-0.216421,-2.623404,1.239145,-1.605718,-0.261801
4614.954396,real,1.270774,-0.216421,-2.623404,1.239147,-1.605718,-0.261801
4614.962527,real,1.270774,-0.216421,-2.623405,1.239148,-1.605718,-0.261801
4614.970752,real,1.270774,-0.216421,-2.623404,1.239149,-1.605718,-0.261801
4614.978823,real,1.270774,-0.216421,-2.623404,1.239150,-1.605718,-0.261801
4614.995120,real,1.270774,-0.216421,-2.623405,1.239152,-1.605717,-0.261801
4615.003222,real,1.270774,-0.216421,-2.623405,1.239153,-1.605717,-0.261801
4615.012156,real,1.270774,-0.216421,-2.623405,1.239154,-1.605717,-0.261801
4615.020691,real,1.270774,-0.216421,-2.623404,1.239155,-1.605717,-0.261801
4615.028982,real,1.270774,-0.216421,-2.623404,1.239156,-1.605717,-0.261801
4615.045373,real,1.270774,-0.216421,-2.623404,1.239158,-1.605717,-0.261801
4615.053489,real,1.270774,-0.216421,-2.623404,1.239159,-1.605717,-0.261801
4615.061850,real,1.270774,-0.216421,-2.623413,1.239159,-1.605717,-0.261801
4615.069789,real,1.270774,-0.216421,-2.623466,1.239160,-1.605716,-0.261801
4615.078407,real,1.270774,-0.216421,-2.623552,1.239161,-1.605716,-0.261801
4615.094435,real,1.270774,-0.216421,-2.623693,1.239163,-1.605716,-0.261801
4615.102790,real,1.270774,-0.216421,-2.623779,1.239164,-1.605716,-0.261801
4615.110752,real,1.270774,-0.216421,-2.623878,1.239164,-1.605716,-0.261801
4615.118886,real,1.270774,-0.216421,-2.624000,1.239165,-1.605716,-0.261801
4615.135367,real,1.270774,-0.216421,-2.624338,1.239166,-1.605715,-0.261801
4615.143631,real,1.270774,-0.216421,-2.624564,1.239167,-1.605715,-0.261801
4615.151739,real,1.270774,-0.216421,-2.624979,1.239168,-1.605715,-0.261801
4615.160397,real,1.270774,-0.216421,-2.625303,1.239169,-1.605715,-0.261801
4615.168317,real,1.270774,-0.216421,-2.625674,1.239170,-1.605715,-0.261801
4615.184725,real,1.270774,-0.216421,-2.626575,1.239172,-1.605715,-0.261801
4615.192967,real,1.270774,-0.216421,-2.627098,1.239172,-1.605715,-0.261801
4615.201116,real,1.270774,-0.216421,-2.627655,1.239172,-1.605714,-0.261801
4615.209290,real,1.270774,-0.216421,-2.628237,1.239173,-1.605714,-0.261801
4615.217434,real,1.270774,-0.216421,-2.628824,1.239173,-1.605714,-0.261801
4615.236115,real,1.270774,-0.216421,-2.630002,1.239173,-1.605714,-0.261801
4615.244293,real,1.270774,-0.216421,-2.630584,1.239173,-1.605714,-0.261801
4615.252418,real,1.270774,-0.216421,-2.631157,1.239173,-1.605714,-0.261801
4615.260645,real,1.270774,-0.216421,-2.631718,1.239174,-1.605714,-0.261801
4615.268779,real,1.270774,-0.216421,-2.632257,1.239174,-1.605713,-0.261801
4615.285252,real,1.270775,-0.216421,-2.633460,1.239175,-1.605713,-0.261801
4615.293303,real,1.270775,-0.216421,-2.633854,1.239175,-1.605713,-0.261801
4615.301860,real,1.270775,-0.216421,-2.634192,1.239175,-1.605713,-0.261801
4615.309845,real,1.270775,-0.216421,-2.634478,1.239175,-1.605713,-0.261801
4615.318045,real,1.270775,-0.216421,-2.634710,1.239175,-1.605713,-0.261801
4615.334713,real,1.270775,-0.216421,-2.635055,1.239176,-1.605713,-0.261801
4615.342889,real,1.270775,-0.216421,-2.635181,1.239176,-1.605713,-0.261801
4615.351218,real,1.270774,-0.216421,-2.635283,1.239176,-1.605713,-0.261801
4615.359360,real,1.270774,-0.216421,-2.635356,1.239176,-1.605713,-0.261801
4615.367737,real,1.270774,-0.216421,-2.635405,1.239177,-1.605713,-0.261801
4615.384139,real,1.270774,-0.216421,-2.635454,1.239178,-1.605712,-0.261801
4615.392296,real,1.270774,-0.216421,-2.635464,1.239178,-1.605712,-0.261801
4615.400610,real,1.270774,-0.216421,-2.635413,1.239178,-1.605712,-0.261801
4615.408701,real,1.270774,-0.216421,-2.635403,1.239178,-1.605712,-0.261801
4615.425077,real,1.270774,-0.216421,-2.635470,1.239178,-1.605712,-0.261801
4615.433247,real,1.270774,-0.216420,-2.635520,1.239179,-1.605712,-0.261801
4615.441370,real,1.270774,-0.216420,-2.635594,1.239180,-1.605712,-0.261801
4615.449634,real,1.270774,-0.216420,-2.635691,1.239181,-1.605712,-0.261801
4615.457709,real,1.270774,-0.216420,-2.635811,1.239181,-1.605711,-0.261801
4615.474411,real,1.270774,-0.216420,-2.636163,1.239182,-1.605711,-0.261801
4615.482723,real,1.270774,-0.216421,-2.636409,1.239182,-1.605711,-0.261801
4615.490704,real,1.270774,-0.216421,-2.636698,1.239182,-1.605711,-0.261801
4615.498838,real,1.270774,-0.216421,-2.637035,1.239182,-1.605711,-0.261801
4615.515654,real,1.270774,-0.216421,-2.637873,1.239182,-1.605711,-0.261801
4615.523741,real,1.270774,-0.216421,-2.638372,1.239183,-1.605711,-0.261801
4615.531905,real,1.270774,-0.216420,-2.638934,1.239183,-1.605711,-0.261801
4615.540140,real,1.270774,-0.216420,-2.639561,1.239184,-1.605711,-0.261801
4615.548329,real,1.270774,-0.216420,-2.640617,1.239184,-1.605710,-0.261801
4615.564663,real,1.270774,-0.216420,-2.642179,1.239185,-1.605710,-0.261801
4615.572960,real,1.270774,-0.216421,-2.642998,1.239185,-1.605710,-0.261801
4615.580956,real,1.270774,-0.216421,-2.643829,1.239184,-1.605710,-0.261801
4615.589330,real,1.270774,-0.216421,-2.644657,1.239184,-1.605710,-0.261801
4615.597419,real,1.270774,-0.216421,-2.645474,1.239184,-1.605710,-0.261801
4615.613765,real,1.270774,-0.216421,-2.647054,1.239185,-1.605710,-0.261801
4615.621952,real,1.270775,-0.216421,-2.647797,1.239185,-1.605710,-0.261801
4615.630529,real,1.270775,-0.216421,-2.648510,1.239185,-1.605710,-0.261801
4615.638702,real,1.270775,-0.216420,-2.649177,1.239185,-1.605709,-0.261801
4615.654797,real,1.270775,-0.216420,-2.650361,1.239185,-1.605709,-0.261801
4615.663129,real,1.270775,-0.216421,-2.650855,1.239185,-1.605709,-0.261801
4615.671176,real,1.270775,-0.216421,-2.651276,1.239185,-1.605709,-0.261801
4615.679288,real,1.270775,-0.216421,-2.651634,1.239184,-1.605709,-0.261801
4615.687481,real,1.270774,-0.216421,-2.651941,1.239184,-1.605709,-0.261801
4615.703758,real,1.270774,-0.216421,-2.652390,1.239185,-1.605709,-0.261801
4615.711996,real,1.270775,-0.216421,-2.652608,1.239185,-1.605709,-0.261801
4615.720116,real,1.270775,-0.216420,-2.652710,1.239185,-1.605709,-0.261801
4615.728243,real,1.270774,-0.216420,-2.652788,1.239185,-1.605709,-0.261801
4615.744742,real,1.270774,-0.216420,-2.652884,1.239185,-1.605709,-0.261801
4615.752980,real,1.270774,-0.216421,-2.652909,1.239185,-1.605709,-0.261801
4615.761121,real,1.270774,-0.216421,-2.652923,1.239185,-1.605709,-0.261801
4615.769348,real,1.270774,-0.216421,-2.652916,1.239185,-1.605709,-0.261801
4615.777464,real,1.270774,-0.216421,-2.652843,1.239185,-1.605709,-0.261801
4615.793889,real,1.270774,-0.216421,-2.652783,1.239185,-1.605709,-0.261801
4615.802118,real,1.270774,-0.216421,-2.652764,1.239185,-1.605709,-0.261801
4615.810445,real,1.270774,-0.216420,-2.652760,1.239185,-1.605709,-0.261801
4615.819184,real,1.270774,-0.216420,-2.652762,1.239185,-1.605709,-0.261801
4615.838286,real,1.270774,-0.216420,-2.652768,1.239185,-1.605708,-0.261801
4615.846843,real,1.270774,-0.216421,-2.652769,1.239185,-1.605708,-0.261801
4615.854559,real,1.270774,-0.216421,-2.652774,1.239185,-1.605708,-0.261801
4615.862901,real,1.270774,-0.216421,-2.652781,1.239185,-1.605708,-0.261801
4615.870981,real,1.270774,-0.216421,-2.652788,1.239185,-1.605708,-0.261801
4615.879156,real,1.270774,-0.216421,-2.652793,1.239185,-1.605708,-0.261801
4615.895559,real,1.270774,-0.216421,-2.652797,1.239185,-1.605708,-0.261801
4615.903784,real,1.270774,-0.216421,-2.652800,1.239185,-1.605708,-0.261801
4615.911915,real,1.270774,-0.216420,-2.652806,1.239186,-1.605708,-0.261801
4615.920060,real,1.270774,-0.216421,-2.652813,1.239186,-1.605708,-0.261801
4615.936384,real,1.270774,-0.216421,-2.652826,1.239185,-1.605708,-0.261801
4615.944637,real,1.270774,-0.216421,-2.652832,1.239185,-1.605708,-0.261801
4615.952739,real,1.270774,-0.216421,-2.652838,1.239185,-1.605708,-0.261801
4615.961101,real,1.270774,-0.216421,-2.652842,1.239185,-1.605708,-0.261801
4615.969236,real,1.270774,-0.216421,-2.652845,1.239185,-1.605708,-0.261801
4615.985713,real,1.270774,-0.216421,-2.652850,1.239186,-1.605708,-0.261801
4615.993850,real,1.270774,-0.216420,-2.652851,1.239185,-1.605708,-0.261801
4616.002079,real,1.270774,-0.216421,-2.652853,1.239185,-1.605707,-0.261801
4616.010735,real,1.270774,-0.216421,-2.652858,1.239186,-1.605707,-0.261801
4616.026801,real,1.270774,-0.216421,-2.652871,1.239185,-1.605707,-0.261801
4616.034859,real,1.270774,-0.216421,-2.652875,1.239185,-1.605707,-0.261801
4616.042966,real,1.270774,-0.216421,-2.652876,1.239185,-1.605707,-0.261801
4616.051108,real,1.270774,-0.216421,-2.652876,1.239185,-1.605707,-0.261801
4616.059447,real,1.270774,-0.216421,-2.652876,1.239185,-1.605707,-0.261801
4616.068650,real,1.270774,-0.216421,-2.652877,1.239185,-1.605707,-0.261801
4616.084259,real,1.270774,-0.216421,-2.652879,1.239186,-1.605707,-0.261801
4616.092360,real,1.270774,-0.216421,-2.652879,1.239185,-1.605707,-0.261801
4616.100720,real,1.270774,-0.216421,-2.652881,1.239185,-1.605707,-0.261801
4616.108834,real,1.270774,-0.216421,-2.652884,1.239185,-1.605707,-0.261801
4616.125249,real,1.270774,-0.216430,-2.652889,1.239185,-1.605707,-0.261801
4616.133504,real,1.270774,-0.216444,-2.652889,1.239185,-1.605707,-0.261801
4616.141996,real,1.270774,-0.216469,-2.652889,1.239186,-1.605707,-0.261801
4616.149848,real,1.270774,-0.216509,-2.652889,1.239186,-1.605707,-0.261801
4616.166618,real,1.270774,-0.216643,-2.652889,1.239186,-1.605707,-0.261801
4616.174599,real,1.270774,-0.216744,-2.652889,1.239186,-1.605707,-0.261801
4616.182686,real,1.270775,-0.216868,-2.652890,1.239186,-1.605707,-0.261801
4616.190933,real,1.270774,-0.217019,-2.652892,1.239186,-1.605707,-0.261801
4616.199146,real,1.270774,-0.217197,-2.652895,1.239186,-1.605706,-0.261801
4616.215664,real,1.270774,-0.217640,-2.652896,1.239186,-1.605706,-0.261801
4616.223756,real,1.270774,-0.217910,-2.652896,1.239186,-1.605706,-0.261801
4616.232097,real,1.270774,-0.218216,-2.652896,1.239186,-1.605706,-0.261801
4616.240218,real,1.270774,-0.218558,-2.652896,1.239186,-1.605706,-0.261801
4616.248525,real,1.270774,-0.219140,-2.652895,1.239187,-1.605706,-0.261801
4616.265037,real,1.270774,-0.220017,-2.652896,1.239187,-1.605706,-0.261801
4616.273197,real,1.270774,-0.220488,-2.652896,1.239186,-1.605706,-0.261801
4616.281368,real,1.270774,-0.220971,-2.652897,1.239186,-1.605706,-0.261801
4616.289718,real,1.270774,-0.221462,-2.652898,1.239186,-1.605706,-0.261801
4616.300653,real,1.270774,-0.221954,-2.652899,1.239186,-1.605706,-0.261801
4616.308812,real,1.270774,-0.222441,-2.652900,1.239186,-1.605706,-0.261801
4616.325182,real,1.270774,-0.223378,-2.652900,1.239186,-1.605706,-0.261801
4616.333313,real,1.270774,-0.223821,-2.652899,1.239186,-1.605706,-0.261801
4616.341565,real,1.270774,-0.224244,-2.652899,1.239186,-1.605706,-0.261801
4616.349734,real,1.270774,-0.224639,-2.652898,1.239186,-1.605706,-0.261801
4616.365955,real,1.270774,-0.225341,-2.652899,1.239186,-1.605706,-0.261801
4616.374236,real,1.270774,-0.225636,-2.652899,1.239186,-1.605706,-0.261801
4616.382540,real,1.270774,-0.225891,-2.652900,1.239185,-1.605706,-0.261801
4616.390681,real,1.270774,-0.226204,-2.652900,1.239185,-1.605706,-0.261801
4616.398698,real,1.270774,-0.226372,-2.652900,1.239185,-1.605706,-0.261801
4616.415023,real,1.270774,-0.226620,-2.652900,1.239186,-1.605706,-0.261801
4616.423230,real,1.270774,-0.226706,-2.652900,1.239186,-1.605706,-0.261801
4616.431629,real,1.270774,-0.226771,-2.652899,1.239186,-1.605706,-0.261801
4616.439585,real,1.270774,-0.226820,-2.652899,1.239186,-1.605706,-0.261801
4616.456120,real,1.270774,-0.226879,-2.652900,1.239186,-1.605705,-0.261801
4616.464321,real,1.270774,-0.226894,-2.652900,1.239186,-1.605706,-0.261801
4616.472472,real,1.270774,-0.226902,-2.652900,1.239186,-1.605706,-0.261801
4616.480687,real,1.270774,-0.226904,-2.652901,1.239186,-1.605705,-0.261801
4616.489021,real,1.270774,-0.226904,-2.652901,1.239186,-1.605706,-0.261801
4616.505660,real,1.270774,-0.226907,-2.652900,1.239186,-1.605705,-0.261801
4616.513600,real,1.270774,-0.226916,-2.652900,1.239186,-1.605705,-0.261801
4616.521729,real,1.270774,-0.226935,-2.652899,1.239186,-1.605705,-0.261801
4616.529867,real,1.270774,-0.226990,-2.652899,1.239186,-1.605705,-0.261801
4616.546591,real,1.270774,-0.227127,-2.652900,1.239186,-1.605705,-0.261801
4616.554764,real,1.270774,-0.227228,-2.652900,1.239186,-1.605705,-0.261801
4616.562782,real,1.270774,-0.227358,-2.652900,1.239186,-1.605705,-0.261801
4616.571021,real,1.270774,-0.227520,-2.652900,1.239186,-1.605705,-0.261801
4616.578945,real,1.270774,-0.227718,-2.652900,1.239186,-1.605705,-0.261801
4616.595349,real,1.270774,-0.228225,-2.652900,1.239186,-1.605705,-0.261801
4616.603440,real,1.270774,-0.228543,-2.652900,1.239186,-1.605705,-0.261801
4616.611667,real,1.270774,-0.228903,-2.652900,1.239187,-1.605705,-0.261801
4616.620049,real,1.270774,-0.229310,-2.652900,1.239187,-1.605705,-0.261801
4616.636311,real,1.270774,-0.230276,-2.652900,1.239187,-1.605705,-0.261801
4616.644483,real,1.270774,-0.230838,-2.652900,1.239187,-1.605705,-0.261801
4616.652691,real,1.270775,-0.231445,-2.652900,1.239187,-1.605705,-0.261801
4616.660949,real,1.270775,-0.232090,-2.652900,1.239186,-1.605705,-0.261801
4616.669080,real,1.270775,-0.232768,-2.652900,1.239186,-1.605705,-0.261801
4616.685500,real,1.270774,-0.234571,-2.652900,1.239186,-1.605705,-0.261801
4616.693741,real,1.270774,-0.235316,-2.652899,1.239186,-1.605705,-0.261801
4616.701927,real,1.270774,-0.236069,-2.652900,1.239186,-1.605705,-0.261801
4616.710132,real,1.270774,-0.236816,-2.652900,1.239186,-1.605705,-0.261801
4616.726680,real,1.270774,-0.238263,-2.652900,1.239186,-1.605705,-0.261801
4616.734733,real,1.270774,-0.238945,-2.652900,1.239185,-1.605705,-0.261801
4616.743138,real,1.270774,-0.239599,-2.652900,1.239185,-1.605705,-0.261801
4616.751126,real,1.270774,-0.240215,-2.652899,1.239185,-1.605705,-0.261801
4616.759363,real,1.270774,-0.240794,-2.652900,1.239185,-1.605705,-0.261801
4616.775729,real,1.270774,-0.241821,-2.652899,1.239185,-1.605705,-0.261801
4616.784340,real,1.270774,-0.242260,-2.652899,1.239185,-1.605705,-0.261801
4616.792088,real,1.270774,-0.242646,-2.652899,1.239185,-1.605705,-0.261801
4616.800335,real,1.270774,-0.242981,-2.652900,1.239185,-1.605705,-0.261801
4616.808613,real,1.270774,-0.243271,-2.652900,1.239185,-1.605705,-0.261801
4616.825232,real,1.270774,-0.243809,-2.652900,1.239185,-1.605705,-0.261801
4616.833372,real,1.270774,-0.243960,-2.652900,1.239185,-1.605705,-0.261801
4616.841684,real,1.270774,-0.244077,-2.652900,1.239185,-1.605705,-0.261801
4616.850719,real,1.270774,-0.244164,-2.652899,1.239185,-1.605705,-0.261801
4616.858925,real,1.270774,-0.244228,-2.652899,1.239185,-1.605705,-0.261801
4616.875534,real,1.270774,-0.244310,-2.652899,1.239185,-1.605705,-0.261800
4616.883433,real,1.270774,-0.244333,-2.652899,1.239185,-1.605704,-0.261801
4616.891667,real,1.270774,-0.244347,-2.652899,1.239185,-1.605705,-0.261801
4616.899875,real,1.270774,-0.244355,-2.652899,1.239185,-1.605705,-0.261800
4616.916272,real,1.270774,-0.244357,-2.652900,1.239185,-1.605704,-0.261801
4616.924414,real,1.270774,-0.244356,-2.652899,1.239185,-1.605705,-0.261800
4616.932702,real,1.270774,-0.244356,-2.652899,1.239185,-1.605704,-0.261801
4616.940963,real,1.270774,-0.244355,-2.652899,1.239185,-1.605704,-0.261801
4616.949217,real,1.270774,-0.244354,-2.652899,1.239186,-1.605704,-0.261801
4616.965750,real,1.270774,-0.244353,-2.652899,1.239186,-1.605704,-0.261801
4616.973823,real,1.270774,-0.244353,-2.652899,1.239185,-1.605704,-0.261801
4616.982129,real,1.270774,-0.244352,-2.652899,1.239185,-1.605704,-0.261801
4616.990458,real,1.270774,-0.244352,-2.652900,1.239185,-1.605704,-0.261801
4617.006613,real,1.270774,-0.244351,-2.652899,1.239185,-1.605704,-0.261801
4617.014842,real,1.270774,-0.244350,-2.652899,1.239185,-1.605704,-0.261801
4617.022930,real,1.270774,-0.244350,-2.652899,1.239186,-1.605704,-0.261801
4617.031090,real,1.270774,-0.244349,-2.652899,1.239186,-1.605704,-0.261801
4617.039245,real,1.270774,-0.244349,-2.652899,1.239186,-1.605704,-0.261801
4617.055713,real,1.270774,-0.244348,-2.652900,1.239185,-1.605704,-0.261801
4617.063936,real,1.270774,-0.244348,-2.652900,1.239185,-1.605704,-0.261801
4617.072085,real,1.270774,-0.244348,-2.652900,1.239185,-1.605704,-0.261801
4617.080383,real,1.270774,-0.244347,-2.652900,1.239185,-1.605704,-0.261801
4617.088470,real,1.270774,-0.244347,-2.652900,1.239185,-1.605704,-0.261800
4617.104844,real,1.270774,-0.244347,-2.652900,1.239185,-1.605704,-0.261801
4617.113115,real,1.270774,-0.244347,-2.652899,1.239186,-1.605704,-0.261800
4617.121197,real,1.270774,-0.244347,-2.652899,1.239185,-1.605704,-0.261800
4617.129467,real,1.270774,-0.244346,-2.652899,1.239186,-1.605704,-0.261801
4617.145752,real,1.270774,-0.244346,-2.652900,1.239185,-1.605704,-0.261801
4617.153911,real,1.270774,-0.244347,-2.652900,1.239185,-1.605704,-0.261801
4617.162130,real,1.270774,-0.244346,-2.652900,1.239185,-1.605704,-0.261801
4617.170557,real,1.270774,-0.244346,-2.652900,1.239185,-1.605704,-0.261800
4617.186603,real,1.270774,-0.244346,-2.652900,1.239186,-1.605704,-0.261801
4617.195082,real,1.270774,-0.244346,-2.652900,1.239185,-1.605704,-0.261800
4617.202932,real,1.270774,-0.244346,-2.652899,1.239185,-1.605704,-0.261801
4617.211104,real,1.270774,-0.244346,-2.652900,1.239185,-1.605704,-0.261800
4617.219297,real,1.270774,-0.244346,-2.652899,1.239185,-1.605704,-0.261801
4617.236069,real,1.270774,-0.244346,-2.652900,1.239185,-1.605704,-0.261801
4617.243965,real,1.270774,-0.244346,-2.652900,1.239185,-1.605704,-0.261800
4617.252076,real,1.270774,-0.244346,-2.652900,1.239185,-1.605704,-0.261801
4617.260208,real,1.270774,-0.244346,-2.652900,1.239185,-1.605704,-0.261800
4617.276572,real,1.270774,-0.244346,-2.652900,1.239185,-1.605704,-0.261800
4617.285103,real,1.270774,-0.244346,-2.652900,1.239185,-1.605704,-0.261801
4617.292905,real,1.270774,-0.244346,-2.652900,1.239185,-1.605704,-0.261800
4617.301159,real,1.270774,-0.244346,-2.652899,1.239185,-1.605704,-0.261801
4617.309292,real,1.270774,-0.244346,-2.652900,1.239185,-1.605704,-0.261801
4617.325664,real,1.270774,-0.244346,-2.652900,1.239185,-1.605704,-0.261800
4617.333790,real,1.270774,-0.244346,-2.652900,1.239185,-1.605704,-0.261801
4617.341904,real,1.270774,-0.244346,-2.652900,1.239185,-1.605704,-0.261800
4617.350920,real,1.270774,-0.244346,-2.652900,1.239185,-1.605704,-0.261801
4617.366919,real,1.270774,-0.244346,-2.652900,1.239185,-1.605704,-0.261801
4617.374869,real,1.270774,-0.244346,-2.652900,1.239185,-1.605704,-0.261800
4617.387395,real,1.270774,-0.244346,-2.652900,1.239185,-1.605704,-0.261800
4617.395457,real,1.270774,-0.244346,-2.652900,1.239185,-1.605704,-0.261801
4617.403788,real,1.270774,-0.244346,-2.652900,1.239185,-1.605704,-0.261801
4617.412077,real,1.270774,-0.244346,-2.652900,1.239185,-1.605704,-0.261801
4617.420066,real,1.270774,-0.244346,-2.652900,1.239185,-1.605704,-0.261800
4617.436440,real,1.270774,-0.244346,-2.652900,1.239185,-1.605704,-0.261801
4617.444656,real,1.270774,-0.244346,-2.652900,1.239185,-1.605704,-0.261801
4617.452726,real,1.270771,-0.244346,-2.652900,1.239185,-1.605703,-0.261800
4617.460992,real,1.270760,-0.244346,-2.652900,1.239185,-1.605704,-0.261800
4617.469097,real,1.270738,-0.244346,-2.652900,1.239185,-1.605704,-0.261800
4617.485463,real,1.270621,-0.244346,-2.652900,1.239185,-1.605703,-0.261800
4617.493698,real,1.270541,-0.244346,-2.652900,1.239185,-1.605703,-0.261801
4617.501764,real,1.270440,-0.244346,-2.652900,1.239185,-1.605703,-0.261801
4617.509949,real,1.270312,-0.244346,-2.652900,1.239185,-1.605703,-0.261800
4617.526226,real,1.269967,-0.244346,-2.652900,1.239185,-1.605703,-0.261801
4617.534458,real,1.269744,-0.244346,-2.652900,1.239185,-1.605703,-0.261801
4617.542719,real,1.269483,-0.244346,-2.652900,1.239185,-1.605703,-0.261800
4617.550847,real,1.269184,-0.244346,-2.652900,1.239185,-1.605703,-0.261800
4617.559041,real,1.268846,-0.244346,-2.652901,1.239185,-1.605703,-0.261800
4617.575765,real,1.268038,-0.244346,-2.652901,1.239185,-1.605703,-0.261800
4617.583971,real,1.267564,-0.244346,-2.652901,1.239185,-1.605703,-0.261800
4617.592123,real,1.267052,-0.244346,-2.652901,1.239185,-1.605703,-0.261800
4617.600247,real,1.266503,-0.244346,-2.652901,1.239185,-1.605703,-0.261800
4617.617189,real,1.265330,-0.244346,-2.652900,1.239185,-1.605703,-0.261800
4617.625341,real,1.264715,-0.244346,-2.652900,1.239185,-1.605703,-0.261800
4617.633476,real,1.264089,-0.244346,-2.652900,1.239185,-1.605703,-0.261800
4617.641694,real,1.263140,-0.244346,-2.652900,1.239185,-1.605703,-0.261800
4617.649803,real,1.262515,-0.244346,-2.652900,1.239185,-1.605703,-0.261800
4617.666257,real,1.261313,-0.244346,-2.652900,1.239185,-1.605703,-0.261800
4617.674318,real,1.260744,-0.244346,-2.652900,1.239185,-1.605703,-0.261801
4617.683065,real,1.260208,-0.244346,-2.652900,1.239185,-1.605703,-0.261800
4617.691100,real,1.259705,-0.244346,-2.652900,1.239185,-1.605703,-0.261801
4617.699046,real,1.259238,-0.244346,-2.652899,1.239185,-1.605703,-0.261801
4617.715482,real,1.258427,-0.244346,-2.652899,1.239185,-1.605703,-0.261800
4617.723682,real,1.258088,-0.244346,-2.652899,1.239185,-1.605703,-0.261800
4617.731843,real,1.257795,-0.244346,-2.652900,1.239185,-1.605703,-0.261800
4617.740179,real,1.257544,-0.244346,-2.652899,1.239185,-1.605703,-0.261800
4617.756522,real,1.257152,-0.244346,-2.652900,1.239185,-1.605703,-0.261800
4617.764726,real,1.257009,-0.244346,-2.652900,1.239185,-1.605703,-0.261800
4617.772866,real,1.256898,-0.244346,-2.652900,1.239185,-1.605703,-0.261801
4617.781064,real,1.256778,-0.244346,-2.652900,1.239185,-1.605703,-0.261800
4617.789208,real,1.256723,-0.244346,-2.652900,1.239185,-1.605703,-0.261800
4617.805568,real,1.256654,-0.244346,-2.652900,1.239185,-1.605703,-0.261800
4617.813707,real,1.256637,-0.244346,-2.652900,1.239185,-1.605703,-0.261800
4617.821831,real,1.256627,-0.244346,-2.652900,1.239185,-1.605703,-0.261801
4617.829973,real,1.256624,-0.244346,-2.652900,1.239185,-1.605703,-0.261800
4617.846510,real,1.256624,-0.244346,-2.652900,1.239185,-1.605703,-0.261800
4617.855033,real,1.256623,-0.244346,-2.652900,1.239185,-1.605703,-0.261800
4617.863204,real,1.256618,-0.244346,-2.652900,1.239185,-1.605703,-0.261801
4617.871212,real,1.256604,-0.244346,-2.652900,1.239185,-1.605703,-0.261800
4617.879545,real,1.256578,-0.244346,-2.652900,1.239185,-1.605703,-0.261800
4617.895793,real,1.256478,-0.244346,-2.652901,1.239185,-1.605702,-0.261800
4617.904064,real,1.256400,-0.244346,-2.652900,1.239185,-1.605703,-0.261800
4617.912174,real,1.256299,-0.244346,-2.652900,1.239185,-1.605703,-0.261801
4617.920291,real,1.256095,-0.244346,-2.652901,1.239185,-1.605703,-0.261800
4617.936685,real,1.255699,-0.244346,-2.652901,1.239185,-1.605702,-0.261800
4617.944837,real,1.255444,-0.244346,-2.652901,1.239185,-1.605703,-0.261800
4617.953019,real,1.255152,-0.244346,-2.652901,1.239185,-1.605702,-0.261801
4617.961171,real,1.254814,-0.244346,-2.652901,1.239185,-1.605702,-0.261800
4617.969292,real,1.254432,-0.244346,-2.652901,1.239185,-1.605702,-0.261800
4617.985802,real,1.253520,-0.244346,-2.652902,1.239185,-1.605702,-0.261801
4617.994014,real,1.252981,-0.244346,-2.652902,1.239185,-1.605702,-0.261800
4618.002098,real,1.252398,-0.244346,-2.652902,1.239185,-1.605702,-0.261800
4618.010303,real,1.251770,-0.244346,-2.652902,1.239185,-1.605702,-0.261800
4618.027170,real,1.250412,-0.244346,-2.652901,1.239185,-1.605702,-0.261800
4618.035213,real,1.249696,-0.244346,-2.652901,1.239185,-1.605702,-0.261800
4618.043408,real,1.248962,-0.244346,-2.652901,1.239185,-1.605702,-0.261800
4618.051496,real,1.248217,-0.244346,-2.652901,1.239185,-1.605702,-0.261801
4618.059617,real,1.247463,-0.244346,-2.652901,1.239185,-1.605702,-0.261800
4618.076119,real,1.245618,-0.244346,-2.652900,1.239185,-1.605702,-0.261800
4618.084524,real,1.244921,-0.244346,-2.652900,1.239185,-1.605702,-0.261800
4618.092521,real,1.244254,-0.244346,-2.652900,1.239185,-1.605702,-0.261800
4618.100733,real,1.243620,-0.244346,-2.652900,1.239185,-1.605702,-0.261801
4618.108901,real,1.243023,-0.244346,-2.652900,1.239185,-1.605702,-0.261800
4618.125409,real,1.241951,-0.244346,-2.652900,1.239185,-1.605702,-0.261800
4618.133629,real,1.241481,-0.244346,-2.652900,1.239185,-1.605703,-0.261800
4618.141743,real,1.241069,-0.244346,-2.652899,1.239185,-1.605702,-0.261801
4618.149996,real,1.240707,-0.244346,-2.652900,1.239185,-1.605702,-0.261800
4618.166619,real,1.240131,-0.244346,-2.652899,1.239185,-1.605702,-0.261800
4618.175051,real,1.239905,-0.244346,-2.652900,1.239185,-1.605702,-0.261800
4618.183269,real,1.239721,-0.244346,-2.652900,1.239185,-1.605703,-0.261800
4618.191222,real,1.239642,-0.244346,-2.652900,1.239185,-1.605702,-0.261800
4618.199509,real,1.239512,-0.244346,-2.652900,1.239185,-1.605702,-0.261800
4618.215757,real,1.239303,-0.244346,-2.652900,1.239185,-1.605702,-0.261800
4618.223960,real,1.239254,-0.244346,-2.652900,1.239185,-1.605703,-0.261800
4618.232242,real,1.239219,-0.244346,-2.652900,1.239185,-1.605702,-0.261800
4618.240407,real,1.239195,-0.244346,-2.652900,1.239185,-1.605702,-0.261800
4618.248607,real,1.239181,-0.244346,-2.652900,1.239185,-1.605702,-0.261800
4618.264975,real,1.239171,-0.244346,-2.652900,1.239185,-1.605702,-0.261800
4618.273198,real,1.239172,-0.244346,-2.652901,1.239185,-1.605702,-0.261800
4618.281293,real,1.239172,-0.244346,-2.652901,1.239185,-1.605702,-0.261800
4618.289454,real,1.239173,-0.244346,-2.652901,1.239185,-1.605702,-0.261801
4618.305825,real,1.239174,-0.244346,-2.652901,1.239185,-1.605702,-0.261800
4618.314093,real,1.239175,-0.244346,-2.652900,1.239185,-1.605702,-0.261800
4618.322149,real,1.239176,-0.244346,-2.652901,1.239185,-1.605702,-0.261800
4618.330308,real,1.239177,-0.244346,-2.652900,1.239185,-1.605703,-0.261800
4618.347204,real,1.239179,-0.244346,-2.652901,1.239185,-1.605702,-0.261800
4618.355295,real,1.239180,-0.244346,-2.652901,1.239185,-1.605702,-0.261800
4618.363318,real,1.239181,-0.244346,-2.652901,1.239185,-1.605702,-0.261800
4618.371286,real,1.239181,-0.244346,-2.652900,1.239185,-1.605702,-0.261800
4618.379471,real,1.239181,-0.244346,-2.652900,1.239185,-1.605702,-0.261800
4618.396201,real,1.239182,-0.244346,-2.652901,1.239185,-1.605702,-0.261800
4618.404352,real,1.239182,-0.244346,-2.652901,1.239185,-1.605702,-0.261800
4618.412665,real,1.239183,-0.244346,-2.652900,1.239185,-1.605702,-0.261800
4618.420924,real,1.239183,-0.244346,-2.652900,1.239185,-1.605702,-0.261800
4618.429397,real,1.239183,-0.244346,-2.652900,1.239185,-1.605702,-0.261800
4618.445909,real,1.239183,-0.244346,-2.652901,1.239185,-1.605702,-0.261800
4618.454083,real,1.239183,-0.244346,-2.652900,1.239185,-1.605702,-0.261800
4618.462172,real,1.239184,-0.244346,-2.652901,1.239185,-1.605702,-0.261801
4618.470587,real,1.239184,-0.244346,-2.652901,1.239185,-1.605702,-0.261800
4618.478709,real,1.239184,-0.244346,-2.652900,1.239185,-1.605702,-0.261800
4618.495179,real,1.239184,-0.244346,-2.652900,1.239185,-1.605702,-0.261800
4618.503351,real,1.239184,-0.244346,-2.652901,1.239185,-1.605702,-0.261800
4618.511598,real,1.239184,-0.244346,-2.652900,1.239185,-1.605702,-0.261800
4618.519741,real,1.239184,-0.244346,-2.652901,1.239185,-1.605702,-0.261800
4618.536337,real,1.239184,-0.244346,-2.652900,1.239185,-1.605702,-0.261800
4618.544571,real,1.239184,-0.244346,-2.652900,1.239185,-1.605702,-0.261800
4618.552809,real,1.239184,-0.244346,-2.652901,1.239185,-1.605702,-0.261801
4618.561064,real,1.239184,-0.244346,-2.652900,1.239185,-1.605702,-0.261800
4618.569247,real,1.239184,-0.244346,-2.652901,1.239185,-1.605702,-0.261800
4618.585589,real,1.239184,-0.244346,-2.652901,1.239185,-1.605702,-0.261800
4618.593905,real,1.239184,-0.244346,-2.652901,1.239185,-1.605702,-0.261800
4618.601998,real,1.239184,-0.244346,-2.652900,1.239185,-1.605702,-0.261800
4618.610109,real,1.239184,-0.244346,-2.652900,1.239185,-1.605703,-0.261800
4618.626444,real,1.239184,-0.244346,-2.652901,1.239185,-1.605702,-0.261800
4618.635282,real,1.239184,-0.244346,-2.652900,1.239185,-1.605702,-0.261800
4618.643458,real,1.239184,-0.244346,-2.652900,1.239185,-1.605702,-0.261800
4618.651344,real,1.239184,-0.244346,-2.652900,1.239185,-1.605703,-0.261800
4618.659526,real,1.239184,-0.244346,-2.652901,1.239185,-1.605702,-0.261800
4618.676109,real,1.239184,-0.244346,-2.652900,1.239185,-1.605702,-0.261800
4618.684232,real,1.239184,-0.244346,-2.652900,1.239185,-1.605702,-0.261800
4618.692395,real,1.239184,-0.244346,-2.652900,1.239185,-1.605702,-0.261800
4618.700674,real,1.239184,-0.244346,-2.652900,1.239185,-1.605702,-0.261800
4618.708741,real,1.239184,-0.244346,-2.652901,1.239185,-1.605702,-0.261800
4618.725232,real,1.239184,-0.244346,-2.652900,1.239185,-1.605702,-0.261800
4618.733353,real,1.239184,-0.244346,-2.652900,1.239185,-1.605703,-0.261800
4618.741572,real,1.239184,-0.244346,-2.652900,1.239184,-1.605702,-0.261800
4618.749705,real,1.239184,-0.244346,-2.652901,1.239185,-1.605702,-0.261800
4618.765975,real,1.239184,-0.244346,-2.652901,1.239185,-1.605702,-0.261800
4618.774201,real,1.239184,-0.244346,-2.652900,1.239185,-1.605702,-0.261800
4618.782289,real,1.239184,-0.244346,-2.652901,1.239185,-1.605702,-0.261800
4618.790547,real,1.239184,-0.244346,-2.652900,1.239185,-1.605702,-0.261800
4618.798644,real,1.239184,-0.244346,-2.652900,1.239185,-1.605702,-0.261800
4618.815276,real,1.239184,-0.244346,-2.652900,1.239185,-1.605702,-0.261800
4618.823378,real,1.239184,-0.244346,-2.652900,1.239185,-1.605702,-0.261800
4618.831531,real,1.239184,-0.244346,-2.652901,1.239185,-1.605702,-0.261800
4618.839463,real,1.239184,-0.244346,-2.652900,1.239184,-1.605702,-0.261800
4618.856011,real,1.239184,-0.244346,-2.652900,1.239185,-1.605702,-0.261800
4618.864133,real,1.239184,-0.244346,-2.652900,1.239185,-1.605702,-0.261800
4618.872312,real,1.239184,-0.244346,-2.652900,1.239185,-1.605702,-0.261800
4618.880559,real,1.239184,-0.244346,-2.652900,1.239184,-1.605702,-0.261800
4618.888684,real,1.239184,-0.244346,-2.652900,1.239185,-1.605703,-0.261800
4618.905770,real,1.239184,-0.244346,-2.652900,1.239185,-1.605703,-0.261800
4618.914330,real,1.239184,-0.244346,-2.652900,1.239184,-1.605702,-0.261800
4618.922316,real,1.239184,-0.244346,-2.652900,1.239184,-1.605702,-0.261800
4618.930298,real,1.239184,-0.244346,-2.652900,1.239184,-1.605702,-0.261800
4618.938561,real,1.239184,-0.244346,-2.652900,1.239184,-1.605702,-0.261800
4618.954873,real,1.239192,-0.244346,-2.652901,1.239185,-1.605702,-0.261800
4618.963373,real,1.239206,-0.244346,-2.652900,1.239185,-1.605702,-0.261800
4618.971342,real,1.239233,-0.244346,-2.652900,1.239185,-1.605702,-0.261800
4618.979334,real,1.239275,-0.244346,-2.652900,1.239185,-1.605702,-0.261800
4618.995918,real,1.239413,-0.244346,-2.652900,1.239184,-1.605702,-0.261800
4619.004026,real,1.239515,-0.244346,-2.652900,1.239185,-1.605702,-0.261800
4619.012257,real,1.239644,-0.244346,-2.652900,1.239184,-1.605702,-0.261800
4619.020385,real,1.239805,-0.244346,-2.652900,1.239185,-1.605702,-0.261800
4619.028611,real,1.240001,-0.244346,-2.652900,1.239184,-1.605702,-0.261800
4619.044942,real,1.240665,-0.244346,-2.652900,1.239184,-1.605703,-0.261800
4619.053029,real,1.241003,-0.244346,-2.652900,1.239184,-1.605702,-0.261800
4619.061206,real,1.241390,-0.244346,-2.652900,1.239184,-1.605703,-0.261800
4619.069316,real,1.241823,-0.244346,-2.652900,1.239184,-1.605703,-0.261800
4619.085964,real,1.242846,-0.244346,-2.652900,1.239184,-1.605703,-0.261800
4619.094177,real,1.243429,-0.244346,-2.652900,1.239184,-1.605702,-0.261800
4619.102352,real,1.244055,-0.244346,-2.652900,1.239184,-1.605702,-0.261800
4619.110671,real,1.244713,-0.244346,-2.652900,1.239184,-1.605703,-0.261800
4619.118854,real,1.245403,-0.244346,-2.652900,1.239184,-1.605702,-0.261800
4619.135585,real,1.246853,-0.244346,-2.652900,1.239184,-1.605702,-0.261800
4619.143858,real,1.247605,-0.244346,-2.652900,1.239185,-1.605703,-0.261800
4619.151992,real,1.248360,-0.244346,-2.652900,1.239184,-1.605702,-0.261800
4619.160167,real,1.249110,-0.244346,-2.652900,1.239184,-1.605702,-0.261800
4619.176571,real,1.250893,-0.244346,-2.652901,1.239184,-1.605702,-0.261800
4619.184725,real,1.251561,-0.244346,-2.652901,1.239184,-1.605702,-0.261800
4619.192806,real,1.252201,-0.244346,-2.652901,1.239185,-1.605702,-0.261800
4619.201009,real,1.252803,-0.244346,-2.652901,1.239184,-1.605702,-0.261800
4619.209254,real,1.253362,-0.244346,-2.652901,1.239185,-1.605702,-0.261800
4619.225602,real,1.254340,-0.244346,-2.652902,1.239184,-1.605702,-0.261800
4619.234019,real,1.254751,-0.244346,-2.652902,1.239184,-1.605702,-0.261800
4619.242206,real,1.255106,-0.244346,-2.652901,1.239185,-1.605702,-0.261800
4619.250317,real,1.255417,-0.244346,-2.652902,1.239185,-1.605702,-0.261800
4619.258574,real,1.255683,-0.244346,-2.652902,1.239185,-1.605702,-0.261800
4619.275615,real,1.256096,-0.244346,-2.652902,1.239185,-1.605702,-0.261800
4619.283498,real,1.256247,-0.244346,-2.652902,1.239184,-1.605702,-0.261800
4619.291459,real,1.256364,-0.244346,-2.652901,1.239184,-1.605702,-0.261800
4619.299658,real,1.256453,-0.244346,-2.652901,1.239184,-1.605702,-0.261800
4619.316266,real,1.256586,-0.244346,-2.652901,1.239184,-1.605702,-0.261800
4619.324579,real,1.256615,-0.244346,-2.652901,1.239184,-1.605702,-0.261800
4619.332590,real,1.256634,-0.244346,-2.652901,1.239184,-1.605702,-0.261800
4619.340734,real,1.256645,-0.244346,-2.652901,1.239184,-1.605702,-0.261800
4619.348930,real,1.256649,-0.244346,-2.652901,1.239184,-1.605702,-0.261800
4619.365451,real,1.256649,-0.244346,-2.652900,1.239184,-1.605702,-0.261800
4619.373579,real,1.256650,-0.244346,-2.652900,1.239184,-1.605702,-0.261800
4619.381761,real,1.256656,-0.244346,-2.652901,1.239184,-1.605702,-0.261800
4619.389876,real,1.256671,-0.244346,-2.652900,1.239184,-1.605702,-0.261800
4619.406252,real,1.256738,-0.244346,-2.652901,1.239184,-1.605702,-0.261800
4619.414440,real,1.256796,-0.244346,-2.652901,1.239184,-1.605702,-0.261800
4619.422613,real,1.256875,-0.244346,-2.652901,1.239184,-1.605702,-0.261800
4619.430819,real,1.256976,-0.244346,-2.652900,1.239185,-1.605702,-0.261800
4619.439220,real,1.257105,-0.244346,-2.652900,1.239184,-1.605702,-0.261800
4619.455698,real,1.257576,-0.244346,-2.652900,1.239184,-1.605702,-0.261800
4619.463961,real,1.257832,-0.244346,-2.652900,1.239184,-1.605702,-0.261800
4619.472179,real,1.258128,-0.244346,-2.652900,1.239184,-1.605702,-0.261800
4619.480614,real,1.258466,-0.244346,-2.652900,1.239184,-1.605702,-0.261800
4619.488819,real,1.258850,-0.244346,-2.652900,1.239184,-1.605702,-0.261800
4619.505078,real,1.259763,-0.244346,-2.652900,1.239184,-1.605702,-0.261800
4619.513340,real,1.260297,-0.244346,-2.652900,1.239184,-1.605702,-0.261800
4619.521631,real,1.260879,-0.244346,-2.652900,1.239184,-1.605702,-0.261800
4619.529826,real,1.261502,-0.244346,-2.652900,1.239184,-1.605702,-0.261800
4619.546297,real,1.262858,-0.244346,-2.652900,1.239184,-1.605703,-0.261800
4619.554390,real,1.263578,-0.244346,-2.652900,1.239184,-1.605702,-0.261800
4619.562856,real,1.264314,-0.244346,-2.652900,1.239184,-1.605703,-0.261800
4619.570960,real,1.265063,-0.244346,-2.652900,1.239184,-1.605702,-0.261800
4619.579327,real,1.265814,-0.244346,-2.652901,1.239184,-1.605702,-0.261800
4619.595591,real,1.267291,-0.244346,-2.652901,1.239184,-1.605702,-0.261800
4619.603780,real,1.268350,-0.244346,-2.652901,1.239184,-1.605702,-0.261800
4619.612029,real,1.269021,-0.244346,-2.652901,1.239184,-1.605702,-0.261800
4619.620552,real,1.269658,-0.244346,-2.652901,1.239184,-1.605702,-0.261800
4619.628691,real,1.270257,-0.244346,-2.652902,1.239184,-1.605702,-0.261800
4619.645177,real,1.271325,-0.244346,-2.652901,1.239184,-1.605702,-0.261800
4619.653483,real,1.271788,-0.244346,-2.652902,1.239184,-1.605702,-0.261800
4619.661652,real,1.272198,-0.244346,-2.652902,1.239184,-1.605702,-0.261800
4619.669880,real,1.272561,-0.244346,-2.652902,1.239184,-1.605702,-0.261800
4619.686323,real,1.273013,-0.244346,-2.652902,1.239184,-1.605702,-0.261800
4619.695529,real,1.273371,-0.244346,-2.652901,1.239184,-1.605702,-0.261800
4619.703642,real,1.273557,-0.244346,-2.652901,1.239184,-1.605702,-0.261800
4619.711540,real,1.273706,-0.244346,-2.652901,1.239184,-1.605702,-0.261800
4619.719730,real,1.273867,-0.244346,-2.652901,1.239184,-1.605702,-0.261800
4619.736537,real,1.274000,-0.244346,-2.652901,1.239184,-1.605702,-0.261800
4619.744464,real,1.274042,-0.244346,-2.652901,1.239184,-1.605702,-0.261800
4619.752664,real,1.274071,-0.244346,-2.652901,1.239184,-1.605702,-0.261800
4619.760873,real,1.274090,-0.244346,-2.652901,1.239184,-1.605702,-0.261800
4619.769094,real,1.274100,-0.244346,-2.652901,1.239184,-1.605702,-0.261800
4619.785566,real,1.274104,-0.244346,-2.652900,1.239184,-1.605702,-0.261800
4619.793755,real,1.274103,-0.244346,-2.652901,1.239184,-1.605702,-0.261800
4619.801956,real,1.274103,-0.244346,-2.652900,1.239184,-1.605702,-0.261800
4619.810181,real,1.274103,-0.244346,-2.652900,1.239184,-1.605702,-0.261800
4619.826662,real,1.274101,-0.244346,-2.652901,1.239184,-1.605702,-0.261800
4619.834865,real,1.274099,-0.244346,-2.652900,1.239184,-1.605702,-0.261800
4619.843077,real,1.274098,-0.244346,-2.652900,1.239184,-1.605702,-0.261800
4619.851526,real,1.274098,-0.244346,-2.652900,1.239184,-1.605702,-0.261800
4619.859365,real,1.274096,-0.244346,-2.652900,1.239184,-1.605702,-0.261800
4619.875730,real,1.274094,-0.244346,-2.652900,1.239184,-1.605702,-0.261800
4619.883966,real,1.274094,-0.244346,-2.652900,1.239184,-1.605702,-0.261800
4619.892163,real,1.274093,-0.244346,-2.652900,1.239184,-1.605702,-0.261800
4619.900313,real,1.274093,-0.244346,-2.652900,1.239184,-1.605702,-0.261800
4619.912905,real,1.274092,-0.244346,-2.652901,1.239184,-1.605702,-0.261800
4619.921653,real,1.274092,-0.244346,-2.652900,1.239184,-1.605702,-0.261800
4619.929944,real,1.274092,-0.244346,-2.652900,1.239184,-1.605702,-0.261800
4619.946353,real,1.274091,-0.244346,-2.652901,1.239184,-1.605702,-0.261800
4619.954421,real,1.274091,-0.244346,-2.652900,1.239184,-1.605702,-0.261800
4619.962684,real,1.274091,-0.244346,-2.652900,1.239184,-1.605702,-0.261800
4619.970764,real,1.274091,-0.244344,-2.652900,1.239184,-1.605702,-0.261800
4619.978934,real,1.274091,-0.244331,-2.652900,1.239184,-1.605702,-0.261800
4619.995488,real,1.274091,-0.244279,-2.652901,1.239184,-1.605702,-0.261800
4620.003526,real,1.274090,-0.244231,-2.652901,1.239184,-1.605702,-0.261800
4620.011611,real,1.274090,-0.244163,-2.652901,1.239184,-1.605702,-0.261800
4620.019718,real,1.274090,-0.244074,-2.652901,1.239184,-1.605702,-0.261800
4620.036150,real,1.274090,-0.243814,-2.652901,1.239184,-1.605702,-0.261800
4620.044333,real,1.274090,-0.243634,-2.652901,1.239184,-1.605702,-0.261800
4620.052525,real,1.274090,-0.243418,-2.652901,1.239184,-1.605702,-0.261800
4620.060681,real,1.274090,-0.243162,-2.652901,1.239183,-1.605702,-0.261800
4620.068878,real,1.274090,-0.242865,-2.652901,1.239184,-1.605702,-0.261800
4620.085227,real,1.274090,-0.242140,-2.652901,1.239183,-1.605702,-0.261800
4620.093817,real,1.274090,-0.241707,-2.652901,1.239183,-1.605702,-0.261800
4620.102855,real,1.274090,-0.241223,-2.652901,1.239183,-1.605702,-0.261800
4620.110973,real,1.274090,-0.240399,-2.652901,1.239183,-1.605702,-0.261800
4620.119165,real,1.274090,-0.239792,-2.652901,1.239183,-1.605702,-0.261800
4620.135537,real,1.274090,-0.238474,-2.652901,1.239183,-1.605702,-0.261800
4620.143711,real,1.274090,-0.237770,-2.652901,1.239183,-1.605702,-0.261800
4620.151816,real,1.274090,-0.237041,-2.652901,1.239183,-1.605702,-0.261800
4620.160149,real,1.274090,-0.236297,-2.652901,1.239183,-1.605702,-0.261800
4620.176543,real,1.274090,-0.234791,-2.652901,1.239183,-1.605702,-0.261800
4620.184923,real,1.274090,-0.234052,-2.652901,1.239183,-1.605702,-0.261800
4620.193026,real,1.274090,-0.233330,-2.652901,1.239184,-1.605702,-0.261800
4620.201201,real,1.274090,-0.232635,-2.652901,1.239184,-1.605702,-0.261800
4620.209308,real,1.274090,-0.231965,-2.652901,1.239184,-1.605702,-0.261800
4620.225684,real,1.274091,-0.230727,-2.652901,1.239184,-1.605702,-0.261800
4620.234070,real,1.274090,-0.230166,-2.652901,1.239184,-1.605702,-0.261800
4620.242118,real,1.274091,-0.229414,-2.652901,1.239184,-1.605702,-0.261800
4620.250296,real,1.274091,-0.228976,-2.652901,1.239184,-1.605702,-0.261800
4620.258514,real,1.274091,-0.228593,-2.652901,1.239184,-1.605702,-0.261800
4620.274939,real,1.274091,-0.227970,-2.652901,1.239184,-1.605702,-0.261800
4620.283023,real,1.274091,-0.227724,-2.652901,1.239184,-1.605702,-0.261800
4620.291699,real,1.274091,-0.227521,-2.652901,1.239184,-1.605702,-0.261800
4620.299621,real,1.274091,-0.227352,-2.652901,1.239184,-1.605702,-0.261800
4620.315709,real,1.274090,-0.227115,-2.652901,1.239184,-1.605702,-0.261800
4620.324010,real,1.274090,-0.227040,-2.652901,1.239184,-1.605702,-0.261800
4620.332189,real,1.274090,-0.226984,-2.652901,1.239184,-1.605702,-0.261800
4620.340348,real,1.274091,-0.226943,-2.652901,1.239184,-1.605702,-0.261800
4620.348830,real,1.274090,-0.226915,-2.652902,1.239184,-1.605702,-0.261800
4620.364865,real,1.274090,-0.226887,-2.652901,1.239184,-1.605702,-0.261800
4620.373116,real,1.274090,-0.226883,-2.652902,1.239184,-1.605702,-0.261800
4620.381240,real,1.274090,-0.226882,-2.652902,1.239184,-1.605702,-0.261800
4620.389665,real,1.274090,-0.226882,-2.652902,1.239184,-1.605702,-0.261800
4620.406080,real,1.274090,-0.226869,-2.652902,1.239184,-1.605702,-0.261800
4620.414148,real,1.274090,-0.226849,-2.652902,1.239184,-1.605702,-0.261800
4620.422332,real,1.274090,-0.226816,-2.652902,1.239184,-1.605702,-0.261800
4620.430534,real,1.274090,-0.226767,-2.652902,1.239183,-1.605702,-0.261800
4620.438696,real,1.274090,-0.226700,-2.652902,1.239184,-1.605702,-0.261800
4620.455072,real,1.274090,-0.226497,-2.652902,1.239183,-1.605702,-0.261800
4620.463278,real,1.274090,-0.226351,-2.652902,1.239183,-1.605702,-0.261800
4620.471728,real,1.274090,-0.226172,-2.652902,1.239183,-1.605702,-0.261800
4620.479642,real,1.274090,-0.225956,-2.652902,1.239183,-1.605702,-0.261800
4620.496077,real,1.274090,-0.225404,-2.652902,1.239183,-1.605702,-0.261800
4620.504245,real,1.274090,-0.225066,-2.652902,1.239183,-1.605702,-0.261800
4620.512394,real,1.274090,-0.224682,-2.652902,1.239183,-1.605702,-0.261800
4620.520764,real,1.274090,-0.224251,-2.652902,1.239183,-1.605702,-0.261800
4620.528958,real,1.274090,-0.223507,-2.652902,1.239183,-1.605702,-0.261800
4620.545418,real,1.274090,-0.222344,-2.652902,1.239183,-1.605702,-0.261800
4620.553444,real,1.274090,-0.221701,-2.652902,1.239183,-1.605702,-0.261800
4620.561649,real,1.274090,-0.221022,-2.652902,1.239183,-1.605702,-0.261800
4620.570033,real,1.274090,-0.220314,-2.652902,1.239183,-1.605702,-0.261800
4620.586447,real,1.274090,-0.218842,-2.652902,1.239183,-1.605702,-0.261800
4620.594628,real,1.274090,-0.218090,-2.652902,1.239183,-1.605702,-0.261800
4620.602720,real,1.274090,-0.217339,-2.652902,1.239183,-1.605702,-0.261800
4620.611079,real,1.274090,-0.216599,-2.652902,1.239184,-1.605702,-0.261800
4620.619509,real,1.274090,-0.215876,-2.652902,1.239183,-1.605702,-0.261800
4620.635855,real,1.274091,-0.214509,-2.652902,1.239184,-1.605702,-0.261800
4620.644288,real,1.274090,-0.213871,-2.652902,1.239184,-1.605702,-0.261800
4620.652552,real,1.274091,-0.213274,-2.652902,1.239184,-1.605702,-0.261800
4620.660722,real,1.274091,-0.212716,-2.652903,1.239184,-1.605702,-0.261800
4620.668981,real,1.274091,-0.212203,-2.652902,1.239184,-1.605702,-0.261800
4620.685319,real,1.274091,-0.211142,-2.652902,1.239184,-1.605702,-0.261800
4620.693601,real,1.274091,-0.210805,-2.652902,1.239184,-1.605702,-0.261800
4620.701653,real,1.274091,-0.210516,-2.652902,1.239184,-1.605702,-0.261800
4620.709986,real,1.274090,-0.210270,-2.652902,1.239184,-1.605702,-0.261800
4620.726410,real,1.274091,-0.209896,-2.652902,1.239184,-1.605702,-0.261800
4620.734730,real,1.274091,-0.209763,-2.652903,1.239184,-1.605702,-0.261800
4620.743067,real,1.274091,-0.209662,-2.652903,1.239184,-1.605702,-0.261800
4620.751189,real,1.274091,-0.209587,-2.652902,1.239184,-1.605702,-0.261800
4620.759691,real,1.274091,-0.209531,-2.652902,1.239184,-1.605702,-0.261800
4620.775693,real,1.274090,-0.209462,-2.652902,1.239184,-1.605702,-0.261800
4620.783982,real,1.274090,-0.209444,-2.652902,1.239184,-1.605702,-0.261800
4620.792032,real,1.274090,-0.209434,-2.652902,1.239184,-1.605702,-0.261800
4620.800111,real,1.274090,-0.209429,-2.652902,1.239184,-1.605702,-0.261800
4620.816537,real,1.274090,-0.209429,-2.652903,1.239184,-1.605702,-0.261800
4620.824673,real,1.274090,-0.209430,-2.652903,1.239184,-1.605703,-0.261800
4620.832903,real,1.274090,-0.209430,-2.652903,1.239184,-1.605702,-0.261800
4620.841139,real,1.274090,-0.209431,-2.652903,1.239184,-1.605702,-0.261800
4620.849274,real,1.274090,-0.209431,-2.652903,1.239184,-1.605702,-0.261800
4620.865707,real,1.274090,-0.209433,-2.652903,1.239184,-1.605702,-0.261800
4620.873887,real,1.274090,-0.209433,-2.652903,1.239184,-1.605703,-0.261800
4620.882008,real,1.274090,-0.209434,-2.652903,1.239184,-1.605702,-0.261800
4620.890230,real,1.274090,-0.209435,-2.652903,1.239184,-1.605702,-0.261800
4620.898637,real,1.274090,-0.209435,-2.652903,1.239184,-1.605702,-0.261800
4620.914918,real,1.274090,-0.209436,-2.652903,1.239184,-1.605702,-0.261800
4620.923056,real,1.274090,-0.209437,-2.652903,1.239184,-1.605702,-0.261800
4620.931209,real,1.274090,-0.209437,-2.652902,1.239184,-1.605702,-0.261800
4620.939878,real,1.274090,-0.209437,-2.652902,1.239184,-1.605702,-0.261800
4620.948978,real,1.274090,-0.209437,-2.652902,1.239184,-1.605702,-0.261800
4620.965288,real,1.274090,-0.209438,-2.652902,1.239184,-1.605702,-0.261800
4620.973642,real,1.274090,-0.209438,-2.652902,1.239184,-1.605702,-0.261800
4620.982079,real,1.274090,-0.209438,-2.652902,1.239184,-1.605702,-0.261800
4620.990192,real,1.274090,-0.209439,-2.652902,1.239184,-1.605702,-0.261800
4621.006697,real,1.274090,-0.209439,-2.652903,1.239184,-1.605702,-0.261800
4621.016341,real,1.274091,-0.209439,-2.652902,1.239184,-1.605702,-0.261800
4621.024619,real,1.274090,-0.209439,-2.652902,1.239184,-1.605702,-0.261800
4621.032715,real,1.274090,-0.209439,-2.652902,1.239184,-1.605702,-0.261800
4621.040856,real,1.274090,-0.209439,-2.652902,1.239184,-1.605702,-0.261800
4621.049180,real,1.274090,-0.209439,-2.652902,1.239184,-1.605703,-0.261800
4621.065667,real,1.274090,-0.209439,-2.652902,1.239184,-1.605702,-0.261800
4621.073824,real,1.274090,-0.209439,-2.652881,1.239184,-1.605702,-0.261800
4621.081955,real,1.274090,-0.209440,-2.652818,1.239184,-1.605702,-0.261800
4621.090108,real,1.274090,-0.209440,-2.652759,1.239183,-1.605702,-0.261800
4621.106624,real,1.274090,-0.209440,-2.652578,1.239184,-1.605702,-0.261800
4621.114673,real,1.274090,-0.209440,-2.652476,1.239184,-1.605702,-0.261800
4621.122768,real,1.274090,-0.209439,-2.652348,1.239184,-1.605702,-0.261800
4621.130951,real,1.274090,-0.209440,-2.652184,1.239184,-1.605702,-0.261800
4621.139127,real,1.274090,-0.209439,-2.651976,1.239184,-1.605702,-0.261800
4621.155672,real,1.274090,-0.209440,-2.651418,1.239184,-1.605702,-0.261800
4621.163867,real,1.274090,-0.209440,-2.651066,1.239183,-1.605702,-0.261800
4621.172064,real,1.274091,-0.209440,-2.650664,1.239183,-1.605702,-0.261800
4621.180115,real,1.274091,-0.209440,-2.650194,1.239183,-1.605702,-0.261800
4621.196527,real,1.274091,-0.209440,-2.649065,1.239183,-1.605702,-0.261800
4621.204660,real,1.274090,-0.209440,-2.648401,1.239183,-1.605702,-0.261800
4621.212791,real,1.274090,-0.209440,-2.647685,1.239184,-1.605702,-0.261800
4621.220960,real,1.274091,-0.209440,-2.646923,1.239184,-1.605702,-0.261800
4621.229363,real,1.274091,-0.209439,-2.646133,1.239183,-1.605702,-0.261800
4621.245768,real,1.274090,-0.209440,-2.644089,1.239184,-1.605702,-0.261800
4621.253951,real,1.274090,-0.209440,-2.643269,1.239184,-1.605702,-0.261800
4621.262077,real,1.274090,-0.209440,-2.642456,1.239184,-1.605702,-0.261800
4621.270549,real,1.274090,-0.209440,-2.641664,1.239184,-1.605702,-0.261800
4621.278619,real,1.274090,-0.209439,-2.640895,1.239184,-1.605702,-0.261800
4621.295036,real,1.274090,-0.209440,-2.639469,1.239184,-1.605703,-0.261800
4621.303238,real,1.274090,-0.209440,-2.638825,1.239184,-1.605703,-0.261800
4621.311739,real,1.274090,-0.209440,-2.638243,1.239184,-1.605703,-0.261800
4621.320016,real,1.274090,-0.209440,-2.637719,1.239184,-1.605702,-0.261800
4621.336654,real,1.274090,-0.209440,-2.636873,1.239184,-1.605702,-0.261800
4621.344701,real,1.274090,-0.209440,-2.636541,1.239184,-1.605703,-0.261800
4621.352903,real,1.274090,-0.209440,-2.636268,1.239184,-1.605702,-0.261800
4621.360999,real,1.274090,-0.209439,-2.636048,1.239184,-1.605702,-0.261800
4621.369236,real,1.274090,-0.209440,-2.635795,1.239184,-1.605702,-0.261800
4621.385682,real,1.274090,-0.209440,-2.635586,1.239184,-1.605702,-0.261800
4621.393798,real,1.274090,-0.209440,-2.635521,1.239184,-1.605702,-0.261800
4621.402108,real,1.274090,-0.209440,-2.635477,1.239184,-1.605702,-0.261800
4621.410330,real,1.274090,-0.209440,-2.635450,1.239184,-1.605702,-0.261800
4621.418542,real,1.274090,-0.209439,-2.635436,1.239184,-1.605703,-0.261800
4621.435026,real,1.274090,-0.209439,-2.635472,1.239184,-1.605702,-0.261800
4621.443172,real,1.274090,-0.209439,-2.635493,1.239184,-1.605702,-0.261800
4621.451613,real,1.274090,-0.209440,-2.635460,1.239184,-1.605702,-0.261800
4621.459571,real,1.274090,-0.209440,-2.635430,1.239184,-1.605702,-0.261800
4621.476140,real,1.274091,-0.209440,-2.635305,1.239184,-1.605703,-0.261800
4621.484152,real,1.274090,-0.209440,-2.635206,1.239184,-1.605702,-0.261800
4621.492307,real,1.274090,-0.209440,-2.635083,1.239183,-1.605703,-0.261800
4621.500434,real,1.274091,-0.209440,-2.634928,1.239184,-1.605702,-0.261800
4621.508630,real,1.274091,-0.209440,-2.634732,1.239184,-1.605702,-0.261800
4621.525155,real,1.274091,-0.209439,-2.634041,1.239184,-1.605702,-0.261800
4621.533240,real,1.274091,-0.209439,-2.633678,1.239184,-1.605703,-0.261800
4621.541574,real,1.274091,-0.209440,-2.633268,1.239184,-1.605702,-0.261800
4621.549721,real,1.274091,-0.209440,-2.632800,1.239184,-1.605702,-0.261800
4621.566141,real,1.274091,-0.209440,-2.631673,1.239184,-1.605703,-0.261800
4621.574351,real,1.274091,-0.209440,-2.631009,1.239184,-1.605703,-0.261800
4621.582501,real,1.274091,-0.209440,-2.630287,1.239183,-1.605702,-0.261800
4621.590675,real,1.274091,-0.209440,-2.629523,1.239184,-1.605703,-0.261800
4621.599075,real,1.274091,-0.209440,-2.628725,1.239184,-1.605702,-0.261800
4621.615171,real,1.274091,-0.209439,-2.627078,1.239184,-1.605703,-0.261800
4621.623781,real,1.274091,-0.209440,-2.626248,1.239184,-1.605702,-0.261800
4621.632103,real,1.274090,-0.209439,-2.625424,1.239184,-1.605702,-0.261800
4621.640331,real,1.274090,-0.209440,-2.624616,1.239184,-1.605702,-0.261800
4621.648479,real,1.274090,-0.209440,-2.623836,1.239184,-1.605703,-0.261800
4621.664829,real,1.274090,-0.209440,-2.622024,1.239184,-1.605703,-0.261800
4621.673066,real,1.274090,-0.209440,-2.621382,1.239184,-1.605702,-0.261800
4621.681624,real,1.274090,-0.209440,-2.620791,1.239184,-1.605702,-0.261800
4621.689809,real,1.274090,-0.209440,-2.620265,1.239184,-1.605702,-0.261800
4621.706190,real,1.274090,-0.209440,-2.619423,1.239184,-1.605703,-0.261800
4621.714303,real,1.274090,-0.209439,-2.619092,1.239184,-1.605703,-0.261800
4621.722624,real,1.274090,-0.209439,-2.618820,1.239184,-1.605702,-0.261800
4621.730790,real,1.274090,-0.209439,-2.618602,1.239184,-1.605702,-0.261800
4621.739054,real,1.274090,-0.209440,-2.618425,1.239184,-1.605702,-0.261800
4621.755667,real,1.274090,-0.209440,-2.618181,1.239184,-1.605702,-0.261800
4621.763786,real,1.274090,-0.209440,-2.618103,1.239184,-1.605702,-0.261800
4621.772196,real,1.274090,-0.209440,-2.618047,1.239184,-1.605703,-0.261800
4621.780233,real,1.274090,-0.209440,-2.617998,1.239184,-1.605702,-0.261800
4621.796607,real,1.274090,-0.209439,-2.617973,1.239184,-1.605702,-0.261800
4621.804768,real,1.274090,-0.209440,-2.618017,1.239184,-1.605702,-0.261800
4621.813027,real,1.274090,-0.209439,-2.618071,1.239184,-1.605703,-0.261800
4621.821119,real,1.274090,-0.209439,-2.618102,1.239184,-1.605703,-0.261800
4621.829285,real,1.274090,-0.209440,-2.618125,1.239184,-1.605703,-0.261800
4621.846018,real,1.274090,-0.209440,-2.618133,1.239184,-1.605703,-0.261800
4621.853779,real,1.274090,-0.209440,-2.618128,1.239184,-1.605702,-0.261800
4621.861950,real,1.274090,-0.209440,-2.618125,1.239184,-1.605703,-0.261800
4621.870097,real,1.274090,-0.209440,-2.618125,1.239184,-1.605703,-0.261800
4621.886426,real,1.274090,-0.209439,-2.618121,1.239184,-1.605702,-0.261800
4621.894772,real,1.274091,-0.209439,-2.618113,1.239184,-1.605702,-0.261800
4621.902939,real,1.274091,-0.209439,-2.618104,1.239184,-1.605703,-0.261800
4621.911146,real,1.274090,-0.209439,-2.618098,1.239184,-1.605703,-0.261800
4621.919538,real,1.274090,-0.209439,-2.618096,1.239184,-1.605703,-0.261800
4621.935721,real,1.274090,-0.209440,-2.618091,1.239184,-1.605702,-0.261800
4621.944131,real,1.274090,-0.209440,-2.618084,1.239184,-1.605703,-0.261800
4621.952253,real,1.274090,-0.209440,-2.618077,1.239184,-1.605703,-0.261800
4621.960551,real,1.274090,-0.209440,-2.618070,1.239184,-1.605703,-0.261800
4621.968733,real,1.274090,-0.209440,-2.618064,1.239184,-1.605703,-0.261800
4621.979743,real,1.274091,-0.209439,-2.618058,1.239184,-1.605703,-0.261800
4621.996092,real,1.274090,-0.209439,-2.618049,1.239184,-1.605702,-0.261800
4622.004131,real,1.274090,-0.209439,-2.618046,1.239184,-1.605703,-0.261800
4622.012340,real,1.274090,-0.209440,-2.618043,1.239184,-1.605702,-0.261800
4622.020692,real,1.274091,-0.209440,-2.618042,1.239184,-1.605703,-0.261800
4622.028850,real,1.274090,-0.209440,-2.618042,1.239184,-1.605703,-0.261800
4622.045222,real,1.274090,-0.209440,-2.618037,1.239184,-1.605703,-0.261800
4622.053399,real,1.274090,-0.209439,-2.618031,1.239184,-1.605702,-0.261800
4622.061587,real,1.274091,-0.209439,-2.618025,1.239184,-1.605703,-0.261800
4622.069666,real,1.274090,-0.209439,-2.618021,1.239184,-1.605703,-0.261800
4622.086226,real,1.274090,-0.209439,-2.618020,1.239184,-1.605703,-0.261800
4622.094555,real,1.274091,-0.209440,-2.618018,1.239184,-1.605703,-0.261800
4622.102578,real,1.274090,-0.209440,-2.618016,1.239184,-1.605703,-0.261800
4622.110649,real,1.274090,-0.209440,-2.618015,1.239184,-1.605703,-0.261800
4622.118897,real,1.274090,-0.209440,-2.618016,1.239184,-1.605703,-0.261800
4622.135262,real,1.274090,-0.209439,-2.618014,1.239202,-1.605703,-0.261800
4622.143636,real,1.274090,-0.209440,-2.618010,1.239272,-1.605703,-0.261800
4622.151846,real,1.274090,-0.209439,-2.618007,1.239421,-1.605703,-0.261800
4622.160214,real,1.274090,-0.209439,-2.618007,1.239669,-1.605703,-0.261800
4622.176716,real,1.274090,-0.209439,-2.618006,1.240442,-1.605703,-0.261800
4622.184912,real,1.274090,-0.209440,-2.618006,1.240921,-1.605703,-0.261800
4622.193017,real,1.274090,-0.209440,-2.618006,1.241430,-1.605703,-0.261800
4622.201230,real,1.274090,-0.209440,-2.618006,1.242269,-1.605703,-0.261800
4622.209337,real,1.274090,-0.209440,-2.618005,1.242909,-1.605703,-0.261800
4622.225966,real,1.274090,-0.209439,-2.618001,1.244438,-1.605703,-0.261800
4622.234131,real,1.274090,-0.209439,-2.618000,1.245321,-1.605703,-0.261800
4622.242245,real,1.274090,-0.209440,-2.618000,1.246243,-1.605703,-0.261800
4622.250484,real,1.274091,-0.209439,-2.617999,1.247182,-1.605703,-0.261800
4622.258602,real,1.274090,-0.209440,-2.617999,1.248149,-1.605702,-0.261800
4622.274908,real,1.274090,-0.209440,-2.617999,1.250117,-1.605703,-0.261800
4622.283139,real,1.274090,-0.209439,-2.617999,1.251099,-1.605703,-0.261800
4622.291315,real,1.274090,-0.209439,-2.617999,1.252031,-1.605703,-0.261800
4622.299649,real,1.274090,-0.209439,-2.617998,1.252871,-1.605703,-0.261800
4622.316074,real,1.274090,-0.209439,-2.617995,1.254176,-1.605703,-0.261800
4622.324527,real,1.274090,-0.209439,-2.617994,1.254690,-1.605703,-0.261800
4622.332478,real,1.274090,-0.209439,-2.617994,1.255142,-1.605703,-0.261800
4622.340685,real,1.274090,-0.209439,-2.617994,1.255734,-1.605703,-0.261800
4622.348901,real,1.274090,-0.209439,-2.617994,1.256059,-1.605703,-0.261800
4622.365341,real,1.274090,-0.209439,-2.617995,1.256462,-1.605703,-0.261800
4622.373626,real,1.274090,-0.209440,-2.617994,1.256564,-1.605703,-0.261800
4622.382394,real,1.274090,-0.209439,-2.617994,1.256621,-1.605703,-0.261800
4622.390647,real,1.274090,-0.209439,-2.617993,1.256653,-1.605703,-0.261800
4622.398726,real,1.274090,-0.209439,-2.617993,1.256684,-1.605703,-0.261800
4622.415182,real,1.274090,-0.209439,-2.617993,1.256874,-1.605703,-0.261800
4622.424136,real,1.274090,-0.209439,-2.617993,1.257082,-1.605703,-0.261800
4622.431836,real,1.274090,-0.209440,-2.617993,1.257395,-1.605703,-0.261800
4622.440037,real,1.274090,-0.209440,-2.617993,1.257798,-1.605703,-0.261800
4622.456380,real,1.274090,-0.209440,-2.617994,1.258768,-1.605703,-0.261800
4622.464921,real,1.274090,-0.209440,-2.617993,1.259297,-1.605703,-0.261800
4622.472946,real,1.274090,-0.209440,-2.617993,1.259867,-1.605703,-0.261800
4622.481073,real,1.274090,-0.209439,-2.617993,1.260853,-1.605703,-0.261800
4622.489281,real,1.274090,-0.209439,-2.617992,1.261613,-1.605703,-0.261800
4622.505658,real,1.274090,-0.209439,-2.617993,1.263366,-1.605703,-0.261800
4622.513756,real,1.274090,-0.209439,-2.617993,1.264293,-1.605703,-0.261800
4622.521929,real,1.274090,-0.209440,-2.617994,1.265240,-1.605703,-0.261800
4622.530219,real,1.274090,-0.209440,-2.617994,1.266203,-1.605703,-0.261800
4622.546695,real,1.274090,-0.209440,-2.617993,1.268162,-1.605703,-0.261800
4622.555146,real,1.274090,-0.209439,-2.617992,1.269115,-1.605703,-0.261800
4622.563261,real,1.274090,-0.209439,-2.617991,1.270011,-1.605703,-0.261800
4622.571480,real,1.274090,-0.209439,-2.617991,1.270783,-1.605703,-0.261800
4622.579894,real,1.274090,-0.209439,-2.617991,1.271435,-1.605703,-0.261800
4622.596170,real,1.274090,-0.209439,-2.617992,1.272465,-1.605703,-0.261800
4622.604414,real,1.274090,-0.209439,-2.617992,1.272883,-1.605703,-0.261800
4622.612608,real,1.274090,-0.209439,-2.617993,1.273262,-1.605703,-0.261800
4622.620658,real,1.274090,-0.209439,-2.617993,1.273585,-1.605703,-0.261800
4622.629120,real,1.274090,-0.209439,-2.617993,1.273915,-1.605703,-0.261800
4622.645581,real,1.274090,-0.209439,-2.617992,1.274114,-1.605703,-0.261800
4622.653645,real,1.274090,-0.209439,-2.617991,1.274154,-1.605703,-0.261800
4622.661837,real,1.274090,-0.209439,-2.617991,1.274171,-1.605703,-0.261800
4622.670114,real,1.274090,-0.209439,-2.617991,1.274186,-1.605702,-0.261800
4622.686507,real,1.274090,-0.209440,-2.617992,1.274197,-1.605703,-0.261800
4622.694659,real,1.274090,-0.209440,-2.617992,1.274199,-1.605703,-0.261800
4622.702735,real,1.274090,-0.209440,-2.617993,1.274199,-1.605703,-0.261800
4622.710969,real,1.274090,-0.209440,-2.617993,1.274200,-1.605703,-0.261800
4622.719108,real,1.274090,-0.209440,-2.617992,1.274200,-1.605703,-0.261800
4622.735548,real,1.274090,-0.209439,-2.617992,1.274200,-1.605703,-0.261800
4622.743638,real,1.274090,-0.209439,-2.617992,1.274200,-1.605703,-0.261800
4622.751986,real,1.274090,-0.209439,-2.617992,1.274200,-1.605702,-0.261800
4622.760637,real,1.274090,-0.209439,-2.617992,1.274200,-1.605703,-0.261800
4622.768742,real,1.274090,-0.209439,-2.617993,1.274199,-1.605703,-0.261800
4622.785078,real,1.274090,-0.209440,-2.617993,1.274198,-1.605703,-0.261800
4622.793795,real,1.274090,-0.209440,-2.617993,1.274197,-1.605703,-0.261800
4622.801836,real,1.274091,-0.209439,-2.617993,1.274196,-1.605703,-0.261800
4622.810125,real,1.274090,-0.209440,-2.617993,1.274196,-1.605703,-0.261800
4622.826437,real,1.274090,-0.209439,-2.617992,1.274195,-1.605703,-0.261800
4622.834639,real,1.274090,-0.209439,-2.617991,1.274194,-1.605703,-0.261800
4622.842694,real,1.274090,-0.209439,-2.617992,1.274193,-1.605703,-0.261800
4622.850871,real,1.274090,-0.209439,-2.617992,1.274192,-1.605703,-0.261800
4622.859373,real,1.274090,-0.209440,-2.617993,1.274191,-1.605703,-0.261800
4622.876102,real,1.274090,-0.209440,-2.617993,1.274188,-1.605703,-0.261800
4622.884211,real,1.274091,-0.209439,-2.617993,1.274187,-1.605703,-0.261800
4622.892309,real,1.274090,-0.209439,-2.617993,1.274186,-1.605703,-0.261800
4622.900619,real,1.274090,-0.209439,-2.617993,1.274185,-1.605703,-0.261800
4622.908764,real,1.274090,-0.209439,-2.617993,1.274184,-1.605703,-0.261800
4622.925266,real,1.274090,-0.209439,-2.617992,1.274182,-1.605703,-0.261800
4622.933566,real,1.274090,-0.209439,-2.617993,1.274181,-1.605703,-0.261800
4622.941602,real,1.274090,-0.209439,-2.617993,1.274179,-1.605703,-0.261799
4622.949781,real,1.274090,-0.209440,-2.617993,1.274177,-1.605703,-0.261800
4622.966078,real,1.274090,-0.209439,-2.617993,1.274174,-1.605703,-0.261800
4622.974240,real,1.274090,-0.209440,-2.617993,1.274172,-1.605703,-0.261800
4622.982505,real,1.274090,-0.209439,-2.617992,1.274171,-1.605703,-0.261800
4622.990743,real,1.274090,-0.209440,-2.617992,1.274170,-1.605703,-0.261799
4622.999195,real,1.274090,-0.209439,-2.617992,1.274169,-1.605703,-0.261800
4623.016285,real,1.274090,-0.209439,-2.617992,1.274166,-1.605703,-0.261800
4623.023651,real,1.274090,-0.209439,-2.617993,1.274164,-1.605703,-0.261800
4623.032115,real,1.274090,-0.209439,-2.617993,1.274163,-1.605703,-0.261800
4623.040139,real,1.274090,-0.209439,-2.617993,1.274160,-1.605703,-0.261800
4623.056484,real,1.274090,-0.209440,-2.617993,1.274157,-1.605703,-0.261800
4623.064680,real,1.274090,-0.209439,-2.617993,1.274156,-1.605703,-0.261800
4623.072943,real,1.274090,-0.209439,-2.617993,1.274155,-1.605703,-0.261800
4623.081055,real,1.274090,-0.209439,-2.617993,1.274154,-1.605703,-0.261800
4623.089278,real,1.274090,-0.209439,-2.617993,1.274152,-1.605703,-0.261800
4623.105586,real,1.274091,-0.209439,-2.617993,1.274149,-1.605703,-0.261800
4623.113750,real,1.274090,-0.209439,-2.617993,1.274148,-1.605703,-0.261800
4623.122200,real,1.274090,-0.209440,-2.617993,1.274146,-1.605703,-0.261800
4623.130345,real,1.274090,-0.209439,-2.617993,1.274144,-1.605703,-0.261800
4623.138566,real,1.274090,-0.209440,-2.617993,1.274142,-1.605700,-0.261800
4623.154877,real,1.274090,-0.209439,-2.617993,1.274140,-1.605576,-0.261800
4623.163104,real,1.274090,-0.209439,-2.617993,1.274139,-1.605384,-0.261800
4623.171267,real,1.274090,-0.209439,-2.617993,1.274138,-1.605086,-0.261800
4623.180174,real,1.274090,-0.209439,-2.617993,1.274137,-1.604694,-0.261800
4623.196140,real,1.274090,-0.209439,-2.617993,1.274134,-1.603459,-0.261800
4623.204237,real,1.274090,-0.209440,-2.617993,1.274132,-1.602901,-0.261800
4623.212408,real,1.274090,-0.209439,-2.617993,1.274131,-1.602290,-0.261800
4623.220639,real,1.274090,-0.209440,-2.617993,1.274130,-1.601613,-0.261800
4623.229132,real,1.274090,-0.209439,-2.617993,1.274128,-1.600854,-0.261800
4623.245691,real,1.274090,-0.209439,-2.617993,1.274126,-1.599081,-0.261800
4623.253594,real,1.274090,-0.209439,-2.617993,1.274125,-1.598140,-0.261800
4623.261809,real,1.274090,-0.209439,-2.617993,1.274124,-1.597185,-0.261800
4623.270016,real,1.274090,-0.209439,-2.617993,1.274123,-1.596215,-0.261800
4623.286567,real,1.274090,-0.209439,-2.617993,1.274120,-1.594230,-0.261800
4623.294750,real,1.274090,-0.209440,-2.617993,1.274119,-1.593261,-0.261800
4623.302995,real,1.274090,-0.209439,-2.617993,1.274118,-1.592356,-0.261800
4623.311126,real,1.274090,-0.209439,-2.617993,1.274117,-1.591576,-0.261800
4623.319406,real,1.274090,-0.209439,-2.617993,1.274116,-1.590930,-0.261800
4623.336386,real,1.274090,-0.209439,-2.617993,1.274115,-1.589718,-0.261800
4623.344345,real,1.274090,-0.209439,-2.617993,1.274114,-1.589333,-0.261800
4623.352403,real,1.274090,-0.209439,-2.617993,1.274113,-1.588993,-0.261800
4623.360611,real,1.274090,-0.209439,-2.617993,1.274112,-1.588714,-0.261800
4623.368825,real,1.274090,-0.209440,-2.617993,1.274111,-1.588513,-0.261800
4623.385291,real,1.274090,-0.209440,-2.617993,1.274110,-1.588322,-0.261800
4623.393509,real,1.274090,-0.209439,-2.617993,1.274109,-1.588291,-0.261800
4623.401649,real,1.274090,-0.209440,-2.617993,1.274108,-1.588280,-0.261800
4623.409846,real,1.274090,-0.209439,-2.617993,1.274107,-1.588249,-0.261800
4623.426219,real,1.274090,-0.209439,-2.617993,1.274106,-1.588020,-0.261800
4623.434388,real,1.274090,-0.209439,-2.617993,1.274106,-1.587768,-0.261800
4623.442705,real,1.274090,-0.209439,-2.617993,1.274105,-1.587406,-0.261800
4623.451053,real,1.274090,-0.209439,-2.617993,1.274104,-1.586958,-0.261800
4623.459198,real,1.274090,-0.209439,-2.617993,1.274104,-1.586453,-0.261800
4623.475643,real,1.274090,-0.209439,-2.617993,1.274103,-1.585358,-0.261800
4623.484255,real,1.274090,-0.209440,-2.617993,1.274102,-1.584753,-0.261800
4623.492292,real,1.274090,-0.209439,-2.617993,1.274102,-1.583719,-0.261800
4623.500322,real,1.274090,-0.209439,-2.617993,1.274101,-1.582917,-0.261800
4623.508599,real,1.274090,-0.209439,-2.617993,1.274101,-1.582034,-0.261800
4623.525076,real,1.274090,-0.209439,-2.617993,1.274101,-1.580160,-0.261800
4623.533251,real,1.274090,-0.209440,-2.617993,1.274100,-1.579189,-0.261800
4623.541354,real,1.274090,-0.209440,-2.617993,1.274099,-1.578213,-0.261800
4623.549527,real,1.274090,-0.209440,-2.617993,1.274099,-1.577229,-0.261800
4623.566081,real,1.274090,-0.209440,-2.617993,1.274098,-1.575316,-0.261800
4623.574264,real,1.274090,-0.209439,-2.617993,1.274097,-1.574465,-0.261800
4623.582347,real,1.274090,-0.209439,-2.617993,1.274097,-1.573745,-0.261800
4623.590604,real,1.274090,-0.209439,-2.617993,1.274097,-1.573147,-0.261800
4623.598653,real,1.274090,-0.209440,-2.617993,1.274097,-1.572644,-0.261800
4623.615238,real,1.274090,-0.209439,-2.617993,1.274096,-1.571827,-0.261800
4623.623466,real,1.274090,-0.209440,-2.617993,1.274096,-1.571486,-0.261800
4623.631649,real,1.274090,-0.209439,-2.617993,1.274095,-1.571098,-0.261800
4623.640412,real,1.274090,-0.209439,-2.617994,1.274095,-1.570939,-0.261800
4623.656435,real,1.274090,-0.209439,-2.617993,1.274095,-1.570799,-0.261800
4623.664631,real,1.274090,-0.209439,-2.617993,1.274095,-1.570787,-0.261800
4623.672877,real,1.274090,-0.209439,-2.617993,1.274095,-1.570778,-0.261800
4623.680941,real,1.274090,-0.209439,-2.617993,1.274094,-1.570773,-0.261800
4623.689150,real,1.274091,-0.209439,-2.617993,1.274094,-1.570770,-0.261800
4623.705467,real,1.274090,-0.209439,-2.617993,1.274094,-1.570767,-0.261800
4623.713597,real,1.274090,-0.209439,-2.617993,1.274093,-1.570766,-0.261800
4623.721919,real,1.274090,-0.209440,-2.617993,1.274093,-1.570765,-0.261800
4623.730246,real,1.274090,-0.209439,-2.617993,1.274093,-1.570765,-0.261800
4623.738570,real,1.274090,-0.209439,-2.617993,1.274093,-1.570764,-0.261800
4623.754942,real,1.274090,-0.209439,-2.617993,1.274092,-1.570764,-0.261800
4623.763133,real,1.274090,-0.209439,-2.617993,1.274092,-1.570764,-0.261800
4623.771373,real,1.274090,-0.209439,-2.617993,1.274092,-1.570764,-0.261800
4623.779613,real,1.274090,-0.209439,-2.617994,1.274092,-1.570764,-0.261800
4623.796294,real,1.274090,-0.209439,-2.617994,1.274092,-1.570763,-0.261800
4623.804552,real,1.274090,-0.209439,-2.617993,1.274092,-1.570764,-0.261800
4623.812655,real,1.274091,-0.209439,-2.617993,1.274092,-1.570764,-0.261800
4623.820821,real,1.274090,-0.209439,-2.617993,1.274091,-1.570763,-0.261800
4623.828992,real,1.274090,-0.209439,-2.617993,1.274091,-1.570764,-0.261800
4623.845308,real,1.274090,-0.209439,-2.617993,1.274091,-1.570764,-0.261800
4623.853396,real,1.274090,-0.209439,-2.617993,1.274091,-1.570763,-0.261800
4623.861608,real,1.274090,-0.209440,-2.617993,1.274091,-1.570764,-0.261800
4623.869676,real,1.274090,-0.209439,-2.617994,1.274091,-1.570763,-0.261800
4623.886055,real,1.274091,-0.209439,-2.617994,1.274091,-1.570764,-0.261800
4623.894522,real,1.274091,-0.209439,-2.617994,1.274091,-1.570763,-0.261800
4623.902593,real,1.274090,-0.209439,-2.617994,1.274091,-1.570764,-0.261800
4623.910747,real,1.274090,-0.209439,-2.617994,1.274091,-1.570764,-0.261800
4623.918959,real,1.274090,-0.209439,-2.617993,1.274090,-1.570764,-0.261800
4623.935249,real,1.274090,-0.209439,-2.617993,1.274090,-1.570764,-0.261800
4623.943582,real,1.274090,-0.209439,-2.617994,1.274090,-1.570764,-0.261800
4623.951597,real,1.274090,-0.209439,-2.617994,1.274090,-1.570764,-0.261800
4623.959744,real,1.274090,-0.209440,-2.617993,1.274090,-1.570764,-0.261800
4623.976530,real,1.274090,-0.209439,-2.617993,1.274090,-1.570764,-0.261796
4623.984534,real,1.274090,-0.209439,-2.617993,1.274090,-1.570764,-0.261776
4623.992718,real,1.274090,-0.209440,-2.617994,1.274090,-1.570764,-0.261674
4624.000852,real,1.274090,-0.209439,-2.617994,1.274090,-1.570764,-0.261437
4624.009229,real,1.274090,-0.209440,-2.617993,1.274090,-1.570764,-0.261083
4624.018838,real,1.274090,-0.209439,-2.617994,1.274090,-1.570764,-0.260638
4624.029197,real,1.274090,-0.209439,-2.617993,1.274089,-1.570764,-0.260130
4624.045594,real,1.274090,-0.209439,-2.617994,1.274090,-1.570764,-0.258407
4624.053763,real,1.274090,-0.209439,-2.617994,1.274089,-1.570764,-0.257733
4624.061849,real,1.274090,-0.209439,-2.617994,1.274090,-1.570764,-0.256976
4624.070069,real,1.274090,-0.209439,-2.617994,1.274090,-1.570764,-0.256122
4624.086387,real,1.274090,-0.209439,-2.617993,1.274090,-1.570764,-0.254259
4624.094590,real,1.274090,-0.209439,-2.617993,1.274089,-1.570765,-0.253284
4624.102690,real,1.274090,-0.209439,-2.617993,1.274089,-1.570765,-0.252303
4624.111024,real,1.274090,-0.209439,-2.617994,1.274089,-1.570765,-0.251311
4624.119239,real,1.274090,-0.209439,-2.617994,1.274089,-1.570765,-0.250318
4624.135623,real,1.274090,-0.209439,-2.617994,1.274089,-1.570765,-0.248437
4624.143703,real,1.274090,-0.209440,-2.617994,1.274089,-1.570765,-0.247648
4624.152019,real,1.274090,-0.209439,-2.617994,1.274089,-1.570765,-0.246996
4624.160548,real,1.274090,-0.209440,-2.617994,1.274089,-1.570765,-0.246456
4624.168598,real,1.274090,-0.209439,-2.617994,1.274089,-1.570765,-0.246001
4624.184965,real,1.274090,-0.209439,-2.617994,1.274089,-1.570765,-0.245093
4624.193117,real,1.274090,-0.209439,-2.617994,1.274089,-1.570765,-0.244818
4624.201373,real,1.274090,-0.209439,-2.617994,1.274089,-1.570765,-0.244619
4624.209733,real,1.274090,-0.209439,-2.617993,1.274089,-1.570765,-0.244502
4624.226076,real,1.274090,-0.209440,-2.617993,1.274089,-1.570766,-0.244422
4624.234363,real,1.274090,-0.209439,-2.617994,1.274089,-1.570766,-0.244416
4624.242640,real,1.274090,-0.209439,-2.617994,1.274089,-1.570766,-0.244398
4624.250896,real,1.274090,-0.209440,-2.617993,1.274089,-1.570766,-0.244333
4624.259023,real,1.274090,-0.209439,-2.617994,1.274089,-1.570766,-0.244189
4624.275409,real,1.274090,-0.209439,-2.617994,1.274089,-1.570766,-0.243576
4624.283587,real,1.274090,-0.209440,-2.617994,1.274089,-1.570766,-0.243122
4624.291769,real,1.274090,-0.209439,-2.617994,1.274089,-1.570766,-0.242611
4624.299992,real,1.274090,-0.209439,-2.617994,1.274089,-1.570766,-0.242068
4624.316652,real,1.274090,-0.209439,-2.617994,1.274089,-1.570766,-0.240880
4624.324790,real,1.274090,-0.209440,-2.617994,1.274089,-1.570766,-0.239841
4624.332878,real,1.274091,-0.209439,-2.617993,1.274089,-1.570766,-0.239038
4624.341109,real,1.274090,-0.209439,-2.617993,1.274089,-1.570766,-0.238143
4624.349243,real,1.274090,-0.209439,-2.617994,1.274088,-1.570767,-0.237206
4624.365704,real,1.274090,-0.209439,-2.617994,1.274089,-1.570767,-0.235272
4624.373901,real,1.274090,-0.209440,-2.617994,1.274088,-1.570767,-0.234294
4624.382084,real,1.274090,-0.209439,-2.617994,1.274089,-1.570767,-0.233292
4624.390269,real,1.274090,-0.209440,-2.617993,1.274088,-1.570767,-0.232302
4624.398695,real,1.274090,-0.209439,-2.617994,1.274088,-1.570767,-0.231360
4624.415018,real,1.274090,-0.209440,-2.617994,1.274088,-1.570767,-0.229775
4624.423246,real,1.274090,-0.209440,-2.617994,1.274089,-1.570767,-0.229191
4624.431341,real,1.274090,-0.209439,-2.617994,1.274089,-1.570767,-0.228702
4624.439838,real,1.274090,-0.209439,-2.617994,1.274088,-1.570767,-0.228286
4624.456573,real,1.274090,-0.209439,-2.617994,1.274088,-1.570768,-0.227583
4624.464423,real,1.274090,-0.209439,-2.617994,1.274089,-1.570768,-0.227308
4624.472639,real,1.274090,-0.209440,-2.617994,1.274088,-1.570768,-0.227111
4624.480809,real,1.274090,-0.209439,-2.617994,1.274089,-1.570768,-0.226961
4624.489010,real,1.274090,-0.209439,-2.617994,1.274088,-1.570768,-0.226925
4624.505503,real,1.274090,-0.209439,-2.617994,1.274089,-1.570768,-0.226913
4624.513478,real,1.274090,-0.209439,-2.617994,1.274088,-1.570769,-0.226912
4624.521885,real,1.274090,-0.209439,-2.617993,1.274088,-1.570769,-0.226911
4624.529744,real,1.274090,-0.209439,-2.617994,1.274088,-1.570769,-0.226911
4624.546092,real,1.274090,-0.209439,-2.617994,1.274088,-1.570769,-0.226909
4624.554285,real,1.274090,-0.209440,-2.617994,1.274088,-1.570769,-0.226909
4624.562526,real,1.274090,-0.209439,-2.617994,1.274088,-1.570769,-0.226908
4624.570671,real,1.274090,-0.209440,-2.617994,1.274088,-1.570769,-0.226908
4624.578864,real,1.274090,-0.209439,-2.617994,1.274088,-1.570769,-0.226907
4624.595249,real,1.274090,-0.209440,-2.617994,1.274088,-1.570770,-0.226906
4624.603423,real,1.274090,-0.209439,-2.617994,1.274089,-1.570770,-0.226906
4624.611608,real,1.274090,-0.209440,-2.617994,1.274089,-1.570770,-0.226906
4624.619728,real,1.274090,-0.209439,-2.617994,1.274089,-1.570770,-0.226905
4624.636547,real,1.274090,-0.209439,-2.617994,1.274088,-1.570770,-0.226904
4624.644743,real,1.274090,-0.209440,-2.617994,1.274088,-1.570771,-0.226904
4624.652653,real,1.274090,-0.209439,-2.617994,1.274089,-1.570771,-0.226904
4624.660858,real,1.274090,-0.209440,-2.617994,1.274088,-1.570771,-0.226904
4624.668954,real,1.274090,-0.209439,-2.617994,1.274088,-1.570771,-0.226903
4624.685520,real,1.274090,-0.209439,-2.617994,1.274088,-1.570771,-0.226903
4624.693719,real,1.274091,-0.209439,-2.617994,1.274089,-1.570771,-0.226903
4624.701818,real,1.274090,-0.209439,-2.617994,1.274088,-1.570772,-0.226902
4624.710046,real,1.274090,-0.209440,-2.617994,1.274088,-1.570772,-0.226902
4624.726457,real,1.274090,-0.209440,-2.617994,1.274088,-1.570772,-0.226901
4624.734560,real,1.274090,-0.209439,-2.617994,1.274089,-1.570772,-0.226901
4624.742817,real,1.274090,-0.209439,-2.617994,1.274089,-1.570772,-0.226901
4624.751163,real,1.274090,-0.209440,-2.617994,1.274088,-1.570772,-0.226901
4624.759488,real,1.274090,-0.209439,-2.617994,1.274088,-1.570772,-0.226901
4624.775709,real,1.274090,-0.209440,-2.617994,1.274088,-1.570773,-0.226900
4624.783882,real,1.274090,-0.209439,-2.617994,1.274089,-1.570773,-0.226900
4624.792074,real,1.274090,-0.209439,-2.617994,1.274088,-1.570773,-0.226899
4624.800558,real,1.274090,-0.209439,-2.617994,1.274089,-1.570773,-0.226899
4624.816611,real,1.274090,-0.209439,-2.617994,1.274088,-1.570774,-0.226899
4624.824825,real,1.274090,-0.209440,-2.617994,1.274089,-1.570774,-0.226899
4624.832945,real,1.274090,-0.209439,-2.617994,1.274089,-1.570774,-0.226899
4624.841349,real,1.274090,-0.209440,-2.617994,1.274088,-1.570774,-0.226898
4624.849537,real,1.274090,-0.209439,-2.617994,1.274088,-1.570774,-0.226898
4624.865807,real,1.274090,-0.209439,-2.617994,1.274089,-1.570774,-0.226898
4624.873991,real,1.274090,-0.209439,-2.617994,1.274089,-1.570775,-0.226898
4624.882486,real,1.274090,-0.209440,-2.617994,1.274089,-1.570775,-0.226897
4624.890280,real,1.274090,-0.209439,-2.617994,1.274089,-1.570775,-0.226897
4624.898494,real,1.274090,-0.209439,-2.617994,1.274088,-1.570775,-0.226897
4624.914969,real,1.274090,-0.209439,-2.617994,1.274089,-1.570775,-0.226897
4624.923188,real,1.274090,-0.209439,-2.617994,1.274089,-1.570775,-0.226897
4624.931919,real,1.274091,-0.209440,-2.617994,1.274089,-1.570776,-0.226897
4624.940114,real,1.274090,-0.209440,-2.617994,1.274089,-1.570776,-0.226897
4624.956583,real,1.274090,-0.209439,-2.617994,1.274089,-1.570776,-0.226896
4624.964802,real,1.274090,-0.209439,-2.617994,1.274089,-1.570776,-0.226896
4624.972900,real,1.274090,-0.209439,-2.617994,1.274089,-1.570776,-0.226896
4624.981144,real,1.274090,-0.209439,-2.617994,1.274089,-1.570777,-0.226896
4624.989723,real,1.274090,-0.209440,-2.617994,1.274089,-1.570777,-0.226896
4625.006345,real,1.274090,-0.209439,-2.617994,1.274089,-1.570777,-0.226896
4625.014619,real,1.274090,-0.209440,-2.617994,1.274089,-1.570777,-0.226896
4625.022713,real,1.274090,-0.209439,-2.617994,1.274089,-1.570777,-0.226895
4625.030894,real,1.274090,-0.209439,-2.617994,1.274089,-1.570778,-0.226896
4625.039072,real,1.274090,-0.209439,-2.617994,1.274089,-1.570778,-0.226897
4625.056747,real,1.274090,-0.209439,-2.617994,1.274089,-1.570778,-0.226943
4625.064816,real,1.274090,-0.209439,-2.617994,1.274089,-1.570778,-0.227099
4625.072987,real,1.274090,-0.209439,-2.617994,1.274089,-1.570778,-0.227592
4625.081137,real,1.274090,-0.209439,-2.617994,1.274089,-1.570778,-0.228041
4625.089612,real,1.274090,-0.209440,-2.617994,1.274089,-1.570778,-0.228546
4625.105984,real,1.274090,-0.209440,-2.617994,1.274089,-1.570779,-0.229654
4625.114184,real,1.274090,-0.209440,-2.617994,1.274089,-1.570779,-0.230269
4625.122355,real,1.274090,-0.209439,-2.617994,1.274089,-1.570779,-0.230948
4625.130640,real,1.274090,-0.209439,-2.617994,1.274089,-1.570779,-0.231706
4625.138830,real,1.274090,-0.209439,-2.617994,1.274089,-1.570779,-0.232559
4625.155134,real,1.274090,-0.209439,-2.617994,1.274089,-1.570779,-0.234422
4625.163363,real,1.274090,-0.209439,-2.617994,1.274089,-1.570780,-0.235396
4625.171770,real,1.274090,-0.209439,-2.617994,1.274089,-1.570780,-0.236375
4625.180160,real,1.274090,-0.209439,-2.617994,1.274089,-1.570780,-0.237363
4625.196800,real,1.274090,-0.209439,-2.617994,1.274089,-1.570780,-0.239328
4625.204779,real,1.274090,-0.209439,-2.617994,1.274089,-1.570780,-0.240243
4625.212902,real,1.274090,-0.209439,-2.617994,1.274089,-1.570780,-0.241038
4625.221186,real,1.274090,-0.209440,-2.617994,1.274089,-1.570781,-0.241967
4625.229391,real,1.274090,-0.209439,-2.617994,1.274089,-1.570781,-0.242456
4625.245806,real,1.274090,-0.209440,-2.617994,1.274089,-1.570781,-0.243248
4625.253996,real,1.274090,-0.209440,-2.617994,1.274089,-1.570781,-0.243579
4625.262085,real,1.274090,-0.209439,-2.617994,1.274089,-1.570781,-0.243854
4625.270267,real,1.274090,-0.209439,-2.617994,1.274089,-1.570781,-0.244047
4625.286617,real,1.274090,-0.209439,-2.617994,1.274089,-1.570782,-0.244219
4625.294924,real,1.274090,-0.209440,-2.617994,1.274089,-1.570782,-0.244241
4625.303101,real,1.274091,-0.209439,-2.617994,1.274089,-1.570782,-0.244247
4625.311223,real,1.274090,-0.209439,-2.617994,1.274089,-1.570782,-0.244266
4625.319416,real,1.274090,-0.209440,-2.617994,1.274089,-1.570782,-0.244332
4625.335805,real,1.274090,-0.209439,-2.617994,1.274089,-1.570782,-0.244726
4625.343972,real,1.274090,-0.209440,-2.617994,1.274089,-1.570783,-0.245092
4625.352175,real,1.274090,-0.209439,-2.617994,1.274089,-1.570783,-0.245547
4625.360494,real,1.274090,-0.209440,-2.617994,1.274089,-1.570783,-0.246063
4625.376826,real,1.274090,-0.209439,-2.617994,1.274089,-1.570783,-0.247488
4625.385101,real,1.274090,-0.209439,-2.617994,1.274089,-1.570783,-0.248135
4625.393225,real,1.274090,-0.209440,-2.617994,1.274089,-1.570783,-0.248851
4625.401590,real,1.274090,-0.209439,-2.617994,1.274089,-1.570783,-0.249653
4625.409823,real,1.274090,-0.209440,-2.617994,1.274089,-1.570783,-0.250546
4625.426173,real,1.274090,-0.209440,-2.617994,1.274089,-1.570784,-0.252439
4625.434378,real,1.274090,-0.209439,-2.617994,1.274089,-1.570784,-0.253408
4625.442598,real,1.274090,-0.209439,-2.617994,1.274089,-1.570784,-0.254400
4625.450964,real,1.274091,-0.209440,-2.617994,1.274089,-1.570784,-0.255398
4625.459225,real,1.274090,-0.209439,-2.617994,1.274089,-1.570784,-0.256383
4625.475563,real,1.274090,-0.209439,-2.617994,1.274089,-1.570784,-0.258185
4625.483735,real,1.274090,-0.209439,-2.617994,1.274089,-1.570785,-0.258905
4625.491958,real,1.274090,-0.209440,-2.617994,1.274089,-1.570784,-0.259490
4625.500722,real,1.274090,-0.209439,-2.617994,1.274089,-1.570784,-0.259975
4625.516713,real,1.274090,-0.209440,-2.617994,1.274089,-1.570785,-0.260938
4625.524907,real,1.274090,-0.209439,-2.617994,1.274089,-1.570785,-0.261248
4625.533068,real,1.274090,-0.209439,-2.617994,1.274089,-1.570785,-0.261489
4625.541522,real,1.274090,-0.209440,-2.617994,1.274089,-1.570785,-0.261643
4625.549577,real,1.274090,-0.209440,-2.617994,1.274089,-1.570785,-0.261728
4625.565958,real,1.274090,-0.209439,-2.617994,1.274089,-1.570785,-0.261777
4625.574254,real,1.274090,-0.209440,-2.617994,1.274089,-1.570786,-0.261777
4625.582486,real,1.274090,-0.209439,-2.617994,1.274089,-1.570785,-0.261778
4625.590740,real,1.274090,-0.209439,-2.617994,1.274089,-1.570786,-0.261778
4625.598909,real,1.274090,-0.209440,-2.617994,1.274089,-1.570786,-0.261779
4625.615199,real,1.274090,-0.209440,-2.617994,1.274089,-1.570786,-0.261780
4625.623753,real,1.274090,-0.209439,-2.617994,1.274089,-1.570786,-0.261781
4625.631988,real,1.274090,-0.209439,-2.617994,1.274089,-1.570786,-0.261781
4625.640084,real,1.274090,-0.209439,-2.617994,1.274089,-1.570786,-0.261781
4625.656688,real,1.274090,-0.209440,-2.617994,1.274089,-1.570786,-0.261783
4625.664759,real,1.274090,-0.209440,-2.617994,1.274089,-1.570786,-0.261783
4625.672885,real,1.274090,-0.209440,-2.617994,1.274089,-1.570786,-0.261783
4625.680950,real,1.274090,-0.209439,-2.617994,1.274089,-1.570787,-0.261784
4625.689175,real,1.274090,-0.209439,-2.617994,1.274089,-1.570787,-0.261784
4625.705507,real,1.274090,-0.209440,-2.617994,1.274089,-1.570787,-0.261785
4625.713558,real,1.274090,-0.209439,-2.617994,1.274089,-1.570787,-0.261785
4625.721755,real,1.274091,-0.209439,-2.617994,1.274089,-1.570787,-0.261785
4625.729939,real,1.274090,-0.209439,-2.617994,1.274089,-1.570787,-0.261786
4625.738771,real,1.274090,-0.209439,-2.617994,1.274089,-1.570787,-0.261786
4625.754617,real,1.274090,-0.209439,-2.617994,1.274089,-1.570787,-0.261786
4625.762742,real,1.274090,-0.209440,-2.617994,1.274089,-1.570787,-0.261787
4625.771137,real,1.274090,-0.209440,-2.617994,1.274089,-1.570788,-0.261787
4625.779190,real,1.274090,-0.209439,-2.617994,1.274089,-1.570788,-0.261787
4625.796130,real,1.274090,-0.209439,-2.617994,1.274089,-1.570788,-0.261788
4625.804396,real,1.274090,-0.209439,-2.617994,1.274089,-1.570788,-0.261788
4625.812757,real,1.274090,-0.209439,-2.617994,1.274089,-1.570788,-0.261788
4625.820851,real,1.274090,-0.209439,-2.617994,1.274089,-1.570788,-0.261788
4625.828983,real,1.274090,-0.209439,-2.617994,1.274089,-1.570788,-0.261789
4625.845246,real,1.274090,-0.209440,-2.617994,1.274089,-1.570788,-0.261789
4625.853447,real,1.274090,-0.209439,-2.617994,1.274089,-1.570788,-0.261789
4625.861586,real,1.274090,-0.209440,-2.617994,1.274089,-1.570788,-0.261789
4625.870063,real,1.274090,-0.209439,-2.617994,1.274089,-1.570788,-0.261790
4625.886439,real,1.274090,-0.209439,-2.617994,1.274089,-1.570789,-0.261790
4625.894613,real,1.274090,-0.209440,-2.617994,1.274089,-1.570789,-0.261790
4625.902709,real,1.274090,-0.209439,-2.617994,1.274089,-1.570789,-0.261791
4625.911255,real,1.274090,-0.209439,-2.617994,1.274089,-1.570793,-0.261791
4625.919017,real,1.274090,-0.209440,-2.617994,1.274089,-1.570824,-0.261791
4625.935552,real,1.274090,-0.209440,-2.617994,1.274089,-1.571119,-0.261791
4625.943712,real,1.274091,-0.209440,-2.617994,1.274089,-1.571418,-0.261791
4625.952145,real,1.274090,-0.209439,-2.617994,1.274089,-1.571813,-0.261792
4625.960064,real,1.274090,-0.209439,-2.617994,1.274089,-1.572276,-0.261792
4625.976956,real,1.274090,-0.209439,-2.617994,1.274089,-1.573328,-0.261792
4625.984814,real,1.274090,-0.209439,-2.617994,1.274089,-1.573909,-0.261792
4625.992883,real,1.274090,-0.209439,-2.617994,1.274089,-1.574547,-0.261793
4626.000871,real,1.274090,-0.209439,-2.617994,1.274089,-1.575261,-0.261792
4626.009109,real,1.274090,-0.209439,-2.617994,1.274089,-1.576067,-0.261793
4626.025397,real,1.274090,-0.209439,-2.617994,1.274089,-1.577867,-0.261793
4626.033552,real,1.274090,-0.209439,-2.617994,1.274089,-1.578814,-0.261793
4626.041880,real,1.274090,-0.209440,-2.617994,1.274089,-1.579775,-0.261793
4626.050036,real,1.274090,-0.209439,-2.617994,1.274089,-1.580749,-0.261793
4626.066675,real,1.274090,-0.209439,-2.617994,1.274089,-1.583210,-0.261793
4626.077236,real,1.274090,-0.209440,-2.617994,1.274089,-1.584533,-0.261794
4626.086422,real,1.274091,-0.209439,-2.617994,1.274089,-1.585250,-0.261794
4626.094580,real,1.274090,-0.209439,-2.617994,1.274089,-1.585844,-0.261794
4626.102766,real,1.274090,-0.209439,-2.617994,1.274089,-1.586345,-0.261794
4626.110947,real,1.274090,-0.209439,-2.617994,1.274089,-1.586778,-0.261795
4626.119099,real,1.274090,-0.209439,-2.617994,1.274089,-1.587165,-0.261794
4626.135690,real,1.274090,-0.209439,-2.617994,1.274089,-1.587792,-0.261795
4626.143839,real,1.274090,-0.209440,-2.617994,1.274089,-1.587996,-0.261795
4626.152283,real,1.274090,-0.209439,-2.617994,1.274089,-1.588123,-0.261795
4626.160423,real,1.274090,-0.209439,-2.617994,1.274090,-1.588192,-0.261795
4626.168945,real,1.274090,-0.209440,-2.617994,1.274089,-1.588222,-0.261795
4626.185136,real,1.274090,-0.209439,-2.617994,1.274089,-1.588296,-0.261795
4626.193208,real,1.274090,-0.209439,-2.617994,1.274090,-1.588407,-0.261795
4626.201440,real,1.274090,-0.209439,-2.617994,1.274089,-1.588606,-0.261796
4626.209575,real,1.274090,-0.209439,-2.617994,1.274089,-1.588915,-0.261796
4626.225981,real,1.274090,-0.209440,-2.617994,1.274089,-1.589794,-0.261796
4626.234215,real,1.274090,-0.209440,-2.617994,1.274090,-1.590314,-0.261796
4626.242424,real,1.274090,-0.209439,-2.617994,1.274089,-1.590861,-0.261796
4626.250713,real,1.274090,-0.209440,-2.617994,1.274089,-1.591444,-0.261796
4626.258883,real,1.274090,-0.209440,-2.617994,1.274089,-1.592083,-0.261796
4626.275270,real,1.274090,-0.209440,-2.617994,1.274090,-1.593586,-0.261796
4626.283397,real,1.274090,-0.209439,-2.617994,1.274089,-1.594470,-0.261796
4626.291743,real,1.274090,-0.209439,-2.617994,1.274090,-1.595394,-0.261796
4626.300050,real,1.274090,-0.209439,-2.617994,1.274090,-1.596344,-0.261796
4626.316389,real,1.274090,-0.209439,-2.617994,1.274089,-1.598784,-0.261797
4626.324584,real,1.274090,-0.209439,-2.617994,1.274090,-1.599771,-0.261797
4626.332798,real,1.274090,-0.209439,-2.617994,1.274090,-1.600733,-0.261797
4626.341113,real,1.274090,-0.209440,-2.617994,1.274090,-1.601643,-0.261797
4626.349208,real,1.274090,-0.209439,-2.617994,1.274089,-1.602427,-0.261797
4626.365813,real,1.274090,-0.209439,-2.617994,1.274090,-1.603627,-0.261797
4626.374099,real,1.274090,-0.209440,-2.617994,1.274089,-1.604095,-0.261797
4626.382174,real,1.274090,-0.209439,-2.617994,1.274089,-1.604500,-0.261797
4626.390438,real,1.274090,-0.209439,-2.617994,1.274090,-1.604864,-0.261797
4626.398550,real,1.274090,-0.209439,-2.617994,1.274089,-1.605174,-0.261797
4626.415434,real,1.274090,-0.209440,-2.617994,1.274090,-1.605565,-0.261797
4626.422973,real,1.274090,-0.209439,-2.617994,1.274089,-1.605655,-0.261797
4626.431072,real,1.274090,-0.209439,-2.617994,1.274090,-1.605699,-0.261797
4626.439223,real,1.274090,-0.209440,-2.617994,1.274089,-1.605718,-0.261797
4626.455624,real,1.274090,-0.209439,-2.617994,1.274089,-1.605727,-0.261798
4626.463920,real,1.274090,-0.209440,-2.617994,1.274090,-1.605729,-0.261798
4626.472092,real,1.274090,-0.209439,-2.617994,1.274090,-1.605730,-0.261798
4626.480195,real,1.274090,-0.209439,-2.617994,1.274090,-1.605731,-0.261798
4626.496916,real,1.274090,-0.209439,-2.617994,1.274090,-1.605732,-0.261798
4626.505134,real,1.274090,-0.209440,-2.617994,1.274090,-1.605732,-0.261798
4626.513228,real,1.274090,-0.209439,-2.617994,1.274090,-1.605732,-0.261798
4626.521471,real,1.274090,-0.209439,-2.617994,1.274089,-1.605733,-0.261798
4626.529610,real,1.274090,-0.209439,-2.617994,1.274090,-1.605733,-0.261798
4626.546065,real,1.274090,-0.209439,-2.617994,1.274090,-1.605733,-0.261798
4626.554476,real,1.274090,-0.209439,-2.617994,1.274089,-1.605733,-0.261798
4626.562615,real,1.274090,-0.209440,-2.617994,1.274090,-1.605734,-0.261798
4626.570853,real,1.274090,-0.209439,-2.617994,1.274090,-1.605733,-0.261798
4626.579156,real,1.274090,-0.209439,-2.617994,1.274090,-1.605733,-0.261798
4626.595728,real,1.274090,-0.209440,-2.617994,1.274090,-1.605733,-0.261799
4626.604162,real,1.274091,-0.209439,-2.617994,1.274090,-1.605733,-0.261798
4626.612127,real,1.274090,-0.209439,-2.617994,1.274090,-1.605733,-0.261799
4626.620316,real,1.274090,-0.209439,-2.617994,1.274090,-1.605733,-0.261799
4626.628907,real,1.274090,-0.209439,-2.617994,1.274090,-1.605733,-0.261799
4626.645169,real,1.274090,-0.209439,-2.617994,1.274090,-1.605733,-0.261799
4626.653207,real,1.274090,-0.209439,-2.617994,1.274090,-1.605733,-0.261799
4626.661354,real,1.274090,-0.209439,-2.617994,1.274090,-1.605733,-0.261799
4626.669547,real,1.274090,-0.209439,-2.617994,1.274090,-1.605733,-0.261799
4626.685937,real,1.274090,-0.209439,-2.617994,1.274090,-1.605733,-0.261799
4626.694101,real,1.274090,-0.209439,-2.617994,1.274090,-1.605733,-0.261799
4626.702288,real,1.274090,-0.209439,-2.617994,1.274090,-1.605733,-0.261799
4626.710588,real,1.274090,-0.209439,-2.617994,1.274090,-1.605733,-0.261799
4626.718674,real,1.274090,-0.209440,-2.617994,1.274090,-1.605733,-0.261799
4626.735331,real,1.274090,-0.209440,-2.617994,1.274090,-1.605733,-0.261799
4626.743677,real,1.274090,-0.209439,-2.617994,1.274090,-1.605733,-0.261799
4626.751770,real,1.274090,-0.209440,-2.617994,1.274090,-1.605733,-0.261799
4626.759922,real,1.274090,-0.209439,-2.617994,1.274084,-1.605733,-0.261799
4626.776556,real,1.274090,-0.209439,-2.617994,1.273930,-1.605733,-0.261799
4626.784994,real,1.274090,-0.209440,-2.617994,1.273731,-1.605733,-0.261800
4626.793147,real,1.274090,-0.209439,-2.617994,1.273429,-1.605732,-0.261799
4626.801051,real,1.274090,-0.209439,-2.617994,1.273036,-1.605732,-0.261799
4626.809245,real,1.274090,-0.209439,-2.617994,1.272582,-1.605732,-0.261800
4626.825985,real,1.274090,-0.209440,-2.617994,1.271556,-1.605732,-0.261800
4626.834098,real,1.274090,-0.209439,-2.617994,1.270982,-1.605732,-0.261799
4626.842336,real,1.274090,-0.209439,-2.617994,1.270342,-1.605732,-0.261800
4626.850573,real,1.274090,-0.209439,-2.617994,1.269618,-1.605732,-0.261800
4626.858834,real,1.274090,-0.209439,-2.617994,1.268802,-1.605732,-0.261800
4626.875198,real,1.274090,-0.209439,-2.617994,1.266992,-1.605732,-0.261800
4626.883467,real,1.274090,-0.209440,-2.617994,1.266053,-1.605732,-0.261800
4626.891677,real,1.274090,-0.209439,-2.617994,1.265096,-1.605732,-0.261800
4626.900095,real,1.274091,-0.209440,-2.617994,1.264124,-1.605732,-0.261800
4626.908517,real,1.274090,-0.209440,-2.617994,1.262637,-1.605731,-0.261800
4626.925197,real,1.274090,-0.209440,-2.617994,1.260772,-1.605731,-0.261800
4626.933056,real,1.274090,-0.209440,-2.617994,1.259996,-1.605731,-0.261800
4626.941356,real,1.274090,-0.209440,-2.617994,1.259346,-1.605731,-0.261800
4626.949589,real,1.274090,-0.209440,-2.617994,1.258795,-1.605731,-0.261800
4626.965883,real,1.274090,-0.209440,-2.617994,1.257903,-1.605731,-0.261800
4626.973960,real,1.274090,-0.209440,-2.617994,1.257526,-1.605731,-0.261800
4626.982218,real,1.274090,-0.209440,-2.617994,1.257204,-1.605731,-0.261800
4626.990381,real,1.274091,-0.209440,-2.617994,1.256961,-1.605731,-0.261800
4626.998589,real,1.274090,-0.209440,-2.617994,1.256800,-1.605731,-0.261800
4627.014952,real,1.274090,-0.209439,-2.617994,1.256644,-1.605730,-0.261800
4627.023100,real,1.274090,-0.209440,-2.617994,1.256614,-1.605730,-0.261800
4627.031235,real,1.274090,-0.209439,-2.617994,1.256585,-1.605730,-0.261800
4627.039550,real,1.274090,-0.209440,-2.617994,1.256520,-1.605730,-0.261800
4627.055782,real,1.274090,-0.209439,-2.617994,1.256040,-1.605730,-0.261800
4627.064210,real,1.274090,-0.209439,-2.617994,1.255678,-1.605730,-0.261800
4627.072398,real,1.274090,-0.209439,-2.617994,1.255241,-1.605730,-0.261800
4627.080572,real,1.274090,-0.209439,-2.617994,1.254750,-1.605730,-0.261800
4627.089033,real,1.274090,-0.209439,-2.617994,1.254227,-1.605730,-0.261800
4627.106221,real,1.274090,-0.209439,-2.617994,1.253066,-1.605729,-0.261800
4627.114469,real,1.274090,-0.209439,-2.617994,1.252386,-1.605729,-0.261800
4627.122571,real,1.274090,-0.209440,-2.617994,1.251629,-1.605729,-0.261800
4627.130722,real,1.274090,-0.209439,-2.617994,1.250786,-1.605729,-0.261800
4627.138907,real,1.274090,-0.209439,-2.617994,1.249888,-1.605729,-0.261800
4627.155468,real,1.274090,-0.209439,-2.617993,1.248021,-1.605729,-0.261800
4627.163629,real,1.274090,-0.209439,-2.617994,1.246573,-1.605729,-0.261800
4627.171853,real,1.274090,-0.209439,-2.617994,1.245582,-1.605728,-0.261800
4627.180108,real,1.274090,-0.209440,-2.617994,1.244606,-1.605728,-0.261800
4627.196618,real,1.274090,-0.209440,-2.617995,1.242841,-1.605728,-0.261800
4627.205190,real,1.274090,-0.209440,-2.617995,1.242140,-1.605728,-0.261800
4627.213119,real,1.274090,-0.209440,-2.617994,1.241551,-1.605728,-0.261800
4627.221401,real,1.274090,-0.209440,-2.617994,1.241047,-1.605728,-0.261800
4627.229596,real,1.274090,-0.209440,-2.617994,1.240606,-1.605728,-0.261801
4627.245966,real,1.274090,-0.209439,-2.617994,1.239858,-1.605728,-0.261800
4627.254244,real,1.274090,-0.209440,-2.617994,1.239575,-1.605728,-0.261800
4627.262623,real,1.274090,-0.209440,-2.617994,1.239463,-1.605728,-0.261800
4627.270755,real,1.274090,-0.209440,-2.617994,1.239303,-1.605727,-0.261801
4627.278673,real,1.274090,-0.209439,-2.617994,1.239205,-1.605727,-0.261800
4627.295073,real,1.274091,-0.209440,-2.617994,1.239115,-1.605727,-0.261800
4627.303203,real,1.274090,-0.209440,-2.617994,1.239101,-1.605727,-0.261801
4627.311455,real,1.274090,-0.209439,-2.617994,1.239092,-1.605727,-0.261801
4627.319532,real,1.274090,-0.209439,-2.617994,1.239088,-1.605727,-0.261801
4627.335986,real,1.274090,-0.209439,-2.617994,1.239086,-1.605727,-0.261800
4627.344083,real,1.274090,-0.209439,-2.617994,1.239085,-1.605727,-0.261801
4627.352354,real,1.274090,-0.209439,-2.617994,1.239085,-1.605727,-0.261801
4627.360562,real,1.274090,-0.209439,-2.617994,1.239085,-1.605727,-0.261801
4627.369235,real,1.274090,-0.209439,-2.617994,1.239086,-1.605726,-0.261801
4627.385520,real,1.274090,-0.209440,-2.617994,1.239086,-1.605726,-0.261801
4627.393605,real,1.274090,-0.209439,-2.617994,1.239086,-1.605726,-0.261801
4627.401754,real,1.274090,-0.209440,-2.617994,1.239087,-1.605726,-0.261801
4627.409890,real,1.274090,-0.209439,-2.617994,1.239087,-1.605726,-0.261801
4627.426258,real,1.274090,-0.209439,-2.617994,1.239088,-1.605726,-0.261801
4627.434402,real,1.274090,-0.209440,-2.617994,1.239089,-1.605726,-0.261801
4627.442546,real,1.274090,-0.209439,-2.617994,1.239089,-1.605725,-0.261801
4627.450725,real,1.274091,-0.209439,-2.617994,1.239090,-1.605725,-0.261801
4627.458905,real,1.274091,-0.209440,-2.617994,1.239090,-1.605725,-0.261801
4627.475176,real,1.274090,-0.209439,-2.617994,1.239092,-1.605725,-0.261801
4627.483382,real,1.274090,-0.209439,-2.617994,1.239093,-1.605725,-0.261801
4627.491566,real,1.274090,-0.209439,-2.617994,1.239094,-1.605725,-0.261801
4627.499662,real,1.274090,-0.209439,-2.617994,1.239095,-1.605725,-0.261801
4627.516064,real,1.274090,-0.209439,-2.617994,1.239097,-1.605725,-0.261801
4627.524231,real,1.274091,-0.209440,-2.617994,1.239098,-1.605724,-0.261801
4627.532536,real,1.274090,-0.209439,-2.617994,1.239099,-1.605724,-0.261801
4627.540567,real,1.274090,-0.209440,-2.617994,1.239099,-1.605724,-0.261801
4627.548761,real,1.274090,-0.209439,-2.617994,1.239100,-1.605724,-0.261801
4627.565218,real,1.274090,-0.209439,-2.617994,1.239103,-1.605724,-0.261801
4627.573447,real,1.274090,-0.209439,-2.617994,1.239105,-1.605724,-0.261801
4627.581506,real,1.274090,-0.209439,-2.617994,1.239106,-1.605723,-0.261801
4627.589937,real,1.274090,-0.209439,-2.617994,1.239108,-1.605723,-0.261801
4627.606302,real,1.274090,-0.209439,-2.617994,1.239111,-1.605723,-0.261801
4627.614496,real,1.274090,-0.209439,-2.617994,1.239112,-1.605723,-0.261801
4627.622677,real,1.274090,-0.209440,-2.617994,1.239113,-1.605723,-0.261801
4627.630851,real,1.274090,-0.209439,-2.617996,1.239114,-1.605723,-0.261801
4627.638981,real,1.274090,-0.209440,-2.618016,1.239115,-1.605722,-0.261801
4627.655846,real,1.274090,-0.209439,-2.618141,1.239119,-1.605722,-0.261801
4627.663686,real,1.274090,-0.209439,-2.618203,1.239120,-1.605722,-0.261801
4627.671909,real,1.274090,-0.209439,-2.618278,1.239121,-1.605722,-0.261801
4627.680123,real,1.274090,-0.209439,-2.618369,1.239122,-1.605722,-0.261801
4627.696547,real,1.274090,-0.209440,-2.618629,1.239125,-1.605722,-0.261801
4627.704608,real,1.274090,-0.209439,-2.618820,1.239126,-1.605722,-0.261801
4627.713087,real,1.274090,-0.209439,-2.619184,1.239128,-1.605722,-0.261801
4627.721434,real,1.274090,-0.209439,-2.619488,1.239130,-1.605721,-0.261801
4627.729522,real,1.274090,-0.209439,-2.619843,1.239131,-1.605721,-0.261801
4627.745700,real,1.274090,-0.209439,-2.620707,1.239135,-1.605721,-0.261801
4627.753934,real,1.274090,-0.209439,-2.621237,1.239137,-1.605721,-0.261801
4627.761991,real,1.274090,-0.209439,-2.621834,1.239138,-1.605721,-0.261801
4627.770176,real,1.274090,-0.209439,-2.622493,1.239139,-1.605720,-0.261801
4627.787072,real,1.274090,-0.209439,-2.623970,1.239140,-1.605720,-0.261801
4627.795451,real,1.274090,-0.209439,-2.624760,1.239141,-1.605720,-0.261801
4627.803536,real,1.274090,-0.209440,-2.625572,1.239142,-1.605720,-0.261801
4627.811825,real,1.274090,-0.209440,-2.626393,1.239142,-1.605720,-0.261801
4627.819939,real,1.274090,-0.209440,-2.627217,1.239143,-1.605720,-0.261801
4627.836545,real,1.274090,-0.209439,-2.628836,1.239145,-1.605720,-0.261801
4627.844735,real,1.274090,-0.209439,-2.629618,1.239146,-1.605720,-0.261801
4627.853036,real,1.274091,-0.209439,-2.630370,1.239147,-1.605720,-0.261801
4627.861137,real,1.274091,-0.209439,-2.631430,1.239148,-1.605720,-0.261801
4627.869257,real,1.274091,-0.209439,-2.632075,1.239149,-1.605719,-0.261801
4627.885691,real,1.274091,-0.209439,-2.633187,1.239150,-1.605719,-0.261801
4627.893868,real,1.274091,-0.209439,-2.633643,1.239151,-1.605719,-0.261801
4627.902010,real,1.274091,-0.209439,-2.634030,1.239151,-1.605719,-0.261801
4627.910187,real,1.274091,-0.209440,-2.634361,1.239151,-1.605719,-0.261801
4627.926575,real,1.274091,-0.209439,-2.634847,1.239153,-1.605718,-0.261801
4627.934658,real,1.274091,-0.209439,-2.635019,1.239154,-1.605719,-0.261801
4627.942939,real,1.274091,-0.209439,-2.635155,1.239155,-1.605718,-0.261801
4627.951092,real,1.274091,-0.209439,-2.635260,1.239156,-1.605718,-0.261801
4627.959347,real,1.274091,-0.209439,-2.635340,1.239157,-1.605718,-0.261801
4627.975753,real,1.274090,-0.209439,-2.635437,1.239159,-1.605718,-0.261801
4627.984224,real,1.274090,-0.209439,-2.635459,1.239160,-1.605718,-0.261801
4627.992199,real,1.274090,-0.209439,-2.635468,1.239160,-1.605718,-0.261801
4628.000341,real,1.274090,-0.209440,-2.635458,1.239161,-1.605718,-0.261801
4628.008603,real,1.274090,-0.209439,-2.635402,1.239162,-1.605717,-0.261801
4628.025393,real,1.274091,-0.209439,-2.635468,1.239165,-1.605717,-0.261801
4628.033085,real,1.274090,-0.209439,-2.635518,1.239167,-1.605717,-0.261801
4628.041341,real,1.274090,-0.209439,-2.635592,1.239168,-1.605717,-0.261801
4628.049388,real,1.274090,-0.209439,-2.635689,1.239170,-1.605717,-0.261801
4628.065691,real,1.274090,-0.209439,-2.635965,1.239171,-1.605717,-0.261801
4628.073867,real,1.274090,-0.209439,-2.636162,1.239171,-1.605716,-0.261801
4628.082142,real,1.274090,-0.209439,-2.636408,1.239171,-1.605716,-0.261801
4628.090436,real,1.274090,-0.209439,-2.636696,1.239172,-1.605716,-0.261801
4628.098547,real,1.274090,-0.209439,-2.637032,1.239172,-1.605716,-0.261801
4628.115677,real,1.274090,-0.209439,-2.637866,1.239174,-1.605716,-0.261801
4628.124015,real,1.274090,-0.209439,-2.638365,1.239174,-1.605716,-0.261801
4628.132216,real,1.274090,-0.209439,-2.638930,1.239176,-1.605716,-0.261801
4628.141803,real,1.274090,-0.209439,-2.639561,1.239176,-1.605716,-0.261801
4628.149914,real,1.274090,-0.209439,-2.640256,1.239177,-1.605716,-0.261801
4628.166226,real,1.274090,-0.209439,-2.642179,1.239177,-1.605715,-0.261801
4628.174557,real,1.274090,-0.209439,-2.642995,1.239178,-1.605715,-0.261801
4628.182588,real,1.274090,-0.209440,-2.643824,1.239178,-1.605715,-0.261801
4628.190669,real,1.274090,-0.209440,-2.644652,1.239178,-1.605715,-0.261801
4628.198921,real,1.274090,-0.209440,-2.645469,1.239178,-1.605715,-0.261801
4628.215195,real,1.274090,-0.209439,-2.647052,1.239178,-1.605715,-0.261801
4628.223403,real,1.274091,-0.209439,-2.647795,1.239178,-1.605714,-0.261801
4628.231544,real,1.274091,-0.209439,-2.648508,1.239178,-1.605714,-0.261801
4628.239641,real,1.274091,-0.209439,-2.649176,1.239178,-1.605714,-0.261801
4628.256098,real,1.274091,-0.209439,-2.650361,1.239178,-1.605714,-0.261801
4628.264126,real,1.274091,-0.209439,-2.650856,1.239178,-1.605714,-0.261801
4628.272320,real,1.274091,-0.209439,-2.651276,1.239178,-1.605714,-0.261801
4628.280686,real,1.274091,-0.209440,-2.651632,1.239178,-1.605714,-0.261801
4628.288759,real,1.274091,-0.209440,-2.652065,1.239178,-1.605714,-0.261801
4628.305178,real,1.274091,-0.209439,-2.652466,1.239178,-1.605714,-0.261801
4628.313441,real,1.274091,-0.209439,-2.652605,1.239179,-1.605713,-0.261801
4628.321605,real,1.274090,-0.209439,-2.652709,1.239179,-1.605713,-0.261801
4628.330020,real,1.274090,-0.209439,-2.652786,1.239179,-1.605713,-0.261801
4628.346504,real,1.274090,-0.209439,-2.652880,1.239180,-1.605713,-0.261801
4628.354552,real,1.274090,-0.209439,-2.652905,1.239180,-1.605713,-0.261801
4628.362704,real,1.274090,-0.209439,-2.652920,1.239180,-1.605713,-0.261801
4628.370933,real,1.274090,-0.209439,-2.652914,1.239180,-1.605713,-0.261801
4628.379136,real,1.274090,-0.209439,-2.652843,1.239180,-1.605713,-0.261801
4628.395643,real,1.274090,-0.209439,-2.652782,1.239180,-1.605713,-0.261801
4628.403768,real,1.274090,-0.209439,-2.652764,1.239181,-1.605713,-0.261801
4628.412451,real,1.274090,-0.209439,-2.652761,1.239181,-1.605712,-0.261801
4628.420571,real,1.274090,-0.209439,-2.652764,1.239181,-1.605712,-0.261801
4628.428681,real,1.274090,-0.209439,-2.652768,1.239182,-1.605712,-0.261801
4628.445533,real,1.274090,-0.209440,-2.652770,1.239182,-1.605712,-0.261801
4628.453368,real,1.274090,-0.209440,-2.652774,1.239182,-1.605712,-0.261801
4628.461633,real,1.274090,-0.209440,-2.652781,1.239182,-1.605712,-0.261801
4628.469796,real,1.274090,-0.209440,-2.652789,1.239182,-1.605712,-0.261801
4628.486121,real,1.274090,-0.209439,-2.652795,1.239182,-1.605712,-0.261801
4628.494528,real,1.274090,-0.209439,-2.652797,1.239183,-1.605712,-0.261801
4628.502989,real,1.274090,-0.209439,-2.652800,1.239183,-1.605712,-0.261801
4628.510775,real,1.274090,-0.209439,-2.652806,1.239183,-1.605711,-0.261801
4628.519097,real,1.274090,-0.209439,-2.652813,1.239183,-1.605711,-0.261801
4628.535879,real,1.274090,-0.209439,-2.652826,1.239184,-1.605711,-0.261801
4628.544067,real,1.274090,-0.209440,-2.652832,1.239183,-1.605711,-0.261801
4628.552336,real,1.274090,-0.209440,-2.652837,1.239183,-1.605711,-0.261801
4628.560454,real,1.274090,-0.209440,-2.652841,1.239183,-1.605711,-0.261801
4628.568650,real,1.274090,-0.209440,-2.652845,1.239184,-1.605711,-0.261801
4628.585418,real,1.274090,-0.209439,-2.652851,1.239184,-1.605711,-0.261801
4628.593414,real,1.274090,-0.209439,-2.652851,1.239184,-1.605711,-0.261801
4628.601569,real,1.274090,-0.209439,-2.652853,1.239184,-1.605711,-0.261801
4628.609670,real,1.274091,-0.209439,-2.652858,1.239184,-1.605711,-0.261801
4628.626219,real,1.274090,-0.209439,-2.652870,1.239184,-1.605710,-0.261801
4628.634364,real,1.274090,-0.209440,-2.652873,1.239184,-1.605710,-0.261801
4628.642503,real,1.274090,-0.209439,-2.652874,1.239184,-1.605710,-0.261801
4628.650705,real,1.274090,-0.209439,-2.652874,1.239184,-1.605710,-0.261801
4628.658797,real,1.274090,-0.209439,-2.652876,1.239184,-1.605710,-0.261801
4628.675177,real,1.274090,-0.209439,-2.652878,1.239185,-1.605710,-0.261801
4628.683325,real,1.274090,-0.209439,-2.652878,1.239185,-1.605710,-0.261801
4628.691586,real,1.274090,-0.209439,-2.652879,1.239185,-1.605710,-0.261801
4628.699766,real,1.274090,-0.209439,-2.652880,1.239185,-1.605710,-0.261801
4628.716556,real,1.274090,-0.209439,-2.652886,1.239185,-1.605710,-0.261801
4628.724718,real,1.274090,-0.209439,-2.652888,1.239185,-1.605710,-0.261801
4628.732844,real,1.274090,-0.209440,-2.652889,1.239185,-1.605710,-0.261801
4628.741486,real,1.274090,-0.209440,-2.652889,1.239185,-1.605709,-0.261801
4628.749286,real,1.274090,-0.209439,-2.652890,1.239185,-1.605709,-0.261801
4628.765757,real,1.274090,-0.209444,-2.652890,1.239185,-1.605709,-0.261801
4628.774050,real,1.274090,-0.209454,-2.652890,1.239185,-1.605709,-0.261801
4628.782441,real,1.274090,-0.209474,-2.652891,1.239185,-1.605709,-0.261801
4628.790607,real,1.274090,-0.209508,-2.652892,1.239185,-1.605709,-0.261801
4628.798698,real,1.274090,-0.209556,-2.652893,1.239185,-1.605709,-0.261801
4628.815263,real,1.274090,-0.209712,-2.652894,1.239186,-1.605709,-0.261801
4628.823564,real,1.274090,-0.209825,-2.652894,1.239186,-1.605709,-0.261801
4628.831657,real,1.274090,-0.209969,-2.652894,1.239186,-1.605709,-0.261801
4628.839960,real,1.274090,-0.210150,-2.652894,1.239186,-1.605709,-0.261801
4628.856488,real,1.274090,-0.210624,-2.652895,1.239187,-1.605709,-0.261801
4628.864758,real,1.274091,-0.210920,-2.652895,1.239187,-1.605709,-0.261801
4628.873421,real,1.274091,-0.211450,-2.652896,1.239187,-1.605709,-0.261801
4628.881345,real,1.274091,-0.211858,-2.652896,1.239187,-1.605709,-0.261801
4628.889442,real,1.274091,-0.212317,-2.652896,1.239187,-1.605709,-0.261801
4628.905740,real,1.274091,-0.213386,-2.652897,1.239188,-1.605709,-0.261801
4628.913872,real,1.274091,-0.213991,-2.652897,1.239188,-1.605709,-0.261801
4628.922078,real,1.274091,-0.214631,-2.652897,1.239188,-1.605708,-0.261801
4628.930273,real,1.274091,-0.215310,-2.652897,1.239188,-1.605708,-0.261801
4628.938553,real,1.274091,-0.216016,-2.652897,1.239188,-1.605708,-0.261801
4628.955023,real,1.274090,-0.217490,-2.652898,1.239188,-1.605708,-0.261801
4628.963221,real,1.274090,-0.218242,-2.652899,1.239188,-1.605708,-0.261801
4628.971427,real,1.274090,-0.218993,-2.652899,1.239188,-1.605708,-0.261801
4628.979513,real,1.274090,-0.219732,-2.652899,1.239188,-1.605708,-0.261801
4628.995840,real,1.274090,-0.221153,-2.652899,1.239187,-1.605708,-0.261801
4629.004070,real,1.274090,-0.221823,-2.652899,1.239187,-1.605708,-0.261801
4629.012251,real,1.274090,-0.222462,-2.652898,1.239187,-1.605708,-0.261801
4629.020464,real,1.274090,-0.223345,-2.652898,1.239187,-1.605708,-0.261801
4629.028613,real,1.274090,-0.223880,-2.652899,1.239187,-1.605708,-0.261801
4629.044989,real,1.274090,-0.224805,-2.652899,1.239187,-1.605708,-0.261801
4629.053327,real,1.274090,-0.225190,-2.652899,1.239187,-1.605708,-0.261801
4629.061535,real,1.274090,-0.225525,-2.652899,1.239186,-1.605708,-0.261801
4629.069617,real,1.274090,-0.225815,-2.652899,1.239187,-1.605708,-0.261801
4629.086039,real,1.274090,-0.226267,-2.652899,1.239187,-1.605708,-0.261801
4629.094273,real,1.274090,-0.226434,-2.652899,1.239187,-1.605707,-0.261801
4629.102602,real,1.274090,-0.226568,-2.652899,1.239187,-1.605708,-0.261801
4629.110772,real,1.274090,-0.226671,-2.652899,1.239187,-1.605707,-0.261801
4629.118895,real,1.274090,-0.226747,-2.652899,1.239187,-1.605707,-0.261801
4629.135241,real,1.274090,-0.226845,-2.652899,1.239187,-1.605707,-0.261801
4629.143627,real,1.274090,-0.226873,-2.652899,1.239187,-1.605707,-0.261801
4629.152147,real,1.274090,-0.226891,-2.652899,1.239187,-1.605707,-0.261801
4629.160567,real,1.274090,-0.226903,-2.652899,1.239187,-1.605707,-0.261801
4629.169432,real,1.274090,-0.226905,-2.652899,1.239187,-1.605707,-0.261801
4629.185913,real,1.274090,-0.226905,-2.652899,1.239187,-1.605707,-0.261801
4629.193905,real,1.274090,-0.226907,-2.652899,1.239187,-1.605707,-0.261801
4629.202132,real,1.274090,-0.226917,-2.652899,1.239187,-1.605707,-0.261801
4629.210295,real,1.274090,-0.226937,-2.652899,1.239187,-1.605707,-0.261801
4629.218527,real,1.274090,-0.226969,-2.652899,1.239187,-1.605707,-0.261801
4629.235012,real,1.274090,-0.227085,-2.652899,1.239187,-1.605707,-0.261801
4629.243101,real,1.274090,-0.227174,-2.652899,1.239187,-1.605707,-0.261801
4629.251366,real,1.274090,-0.227288,-2.652899,1.239187,-1.605707,-0.261801
4629.259732,real,1.274090,-0.227434,-2.652899,1.239187,-1.605707,-0.261801
4629.276188,real,1.274090,-0.227830,-2.652899,1.239188,-1.605707,-0.261801
4629.284478,real,1.274090,-0.228084,-2.652899,1.239188,-1.605707,-0.261801
4629.292778,real,1.274091,-0.228545,-2.652899,1.239188,-1.605707,-0.261801
4629.300973,real,1.274090,-0.228906,-2.652899,1.239188,-1.605707,-0.261801
4629.309315,real,1.274091,-0.229312,-2.652899,1.239188,-1.605707,-0.261801
4629.325551,real,1.274091,-0.230277,-2.652899,1.239188,-1.605707,-0.261801
4629.333764,real,1.274091,-0.230838,-2.652899,1.239188,-1.605706,-0.261801
4629.341847,real,1.274091,-0.231444,-2.652899,1.239188,-1.605706,-0.261801
4629.350080,real,1.274090,-0.232088,-2.652899,1.239188,-1.605706,-0.261801
4629.366566,real,1.274090,-0.233473,-2.652899,1.239188,-1.605706,-0.261801
4629.374622,real,1.274091,-0.234199,-2.652899,1.239187,-1.605706,-0.261801
4629.382805,real,1.274090,-0.234942,-2.652899,1.239188,-1.605706,-0.261801
4629.390933,real,1.274090,-0.235694,-2.652899,1.239187,-1.605706,-0.261801
4629.399122,real,1.274090,-0.236445,-2.652899,1.239187,-1.605706,-0.261801
4629.415620,real,1.274090,-0.237909,-2.652899,1.239187,-1.605706,-0.261801
4629.423764,real,1.274090,-0.238606,-2.652899,1.239187,-1.605706,-0.261801
4629.432068,real,1.274090,-0.239597,-2.652899,1.239186,-1.605706,-0.261801
4629.440238,real,1.274090,-0.240214,-2.652899,1.239186,-1.605706,-0.261801
4629.448548,real,1.274090,-0.240794,-2.652899,1.239186,-1.605706,-0.261801
4629.464854,real,1.274090,-0.241821,-2.652899,1.239186,-1.605706,-0.261801
4629.473029,real,1.274090,-0.242260,-2.652899,1.239186,-1.605706,-0.261801
4629.481446,real,1.274090,-0.242646,-2.652899,1.239186,-1.605706,-0.261801
4629.489467,real,1.274090,-0.242982,-2.652899,1.239186,-1.605706,-0.261801
4629.505869,real,1.274090,-0.243516,-2.652899,1.239186,-1.605706,-0.261801
4629.514079,real,1.274090,-0.243720,-2.652899,1.239186,-1.605706,-0.261801
4629.522464,real,1.274090,-0.243888,-2.652899,1.239186,-1.605706,-0.261801
4629.530504,real,1.274090,-0.244022,-2.652899,1.239186,-1.605706,-0.261801
4629.538724,real,1.274090,-0.244124,-2.652899,1.239186,-1.605706,-0.261801
4629.555290,real,1.274090,-0.244255,-2.652899,1.239186,-1.605705,-0.261801
4629.563460,real,1.274090,-0.244296,-2.652899,1.239186,-1.605706,-0.261801
4629.571588,real,1.274090,-0.244324,-2.652899,1.239186,-1.605705,-0.261801
4629.579717,real,1.274090,-0.244348,-2.652899,1.239186,-1.605705,-0.261801
4629.596131,real,1.274090,-0.244357,-2.652899,1.239186,-1.605705,-0.261801
4629.604526,real,1.274090,-0.244357,-2.652899,1.239186,-1.605705,-0.261801
4629.612683,real,1.274090,-0.244356,-2.652899,1.239186,-1.605705,-0.261801
4629.620817,real,1.274090,-0.244356,-2.652899,1.239186,-1.605705,-0.261801
4629.629013,real,1.274090,-0.244355,-2.652899,1.239186,-1.605705,-0.261801
4629.645916,real,1.274090,-0.244354,-2.652899,1.239186,-1.605705,-0.261801
4629.653704,real,1.274090,-0.244353,-2.652899,1.239186,-1.605705,-0.261801
4629.662042,real,1.274090,-0.244353,-2.652899,1.239186,-1.605705,-0.261801
4629.670207,real,1.274090,-0.244352,-2.652899,1.239186,-1.605705,-0.261801
4629.686549,real,1.274090,-0.244351,-2.652899,1.239186,-1.605705,-0.261801
4629.694659,real,1.274090,-0.244351,-2.652899,1.239186,-1.605705,-0.261801
4629.703032,real,1.274090,-0.244350,-2.652899,1.239186,-1.605705,-0.261801
4629.711129,real,1.274090,-0.244350,-2.652899,1.239186,-1.605705,-0.261801
4629.719343,real,1.274090,-0.244349,-2.652899,1.239186,-1.605705,-0.261801
4629.735704,real,1.274090,-0.244349,-2.652899,1.239186,-1.605705,-0.261801
4629.743991,real,1.274090,-0.244348,-2.652899,1.239186,-1.605705,-0.261801
4629.752238,real,1.274090,-0.244348,-2.652899,1.239186,-1.605705,-0.261801
4629.760426,real,1.274090,-0.244348,-2.652899,1.239186,-1.605705,-0.261801
4629.768738,real,1.274090,-0.244347,-2.652899,1.239186,-1.605705,-0.261801
4629.785213,real,1.274090,-0.244347,-2.652899,1.239186,-1.605705,-0.261801
4629.793523,real,1.274090,-0.244346,-2.652899,1.239186,-1.605705,-0.261801
4629.801598,real,1.274090,-0.244346,-2.652899,1.239186,-1.605705,-0.261801
4629.809889,real,1.274090,-0.244346,-2.652899,1.239186,-1.605705,-0.261801
4629.826205,real,1.274091,-0.244346,-2.652899,1.239186,-1.605705,-0.261801
4629.834455,real,1.274091,-0.244346,-2.652899,1.239186,-1.605705,-0.261801
4629.842586,real,1.274090,-0.244346,-2.652899,1.239186,-1.605705,-0.261801
4629.851086,real,1.274090,-0.244346,-2.652899,1.239186,-1.605705,-0.261801
4629.859249,real,1.274090,-0.244346,-2.652899,1.239186,-1.605705,-0.261801
4629.875962,real,1.274090,-0.244346,-2.652899,1.239186,-1.605705,-0.261801
4629.884048,real,1.274090,-0.244346,-2.652899,1.239186,-1.605705,-0.261801
4629.892338,real,1.274091,-0.244346,-2.652899,1.239186,-1.605705,-0.261801
4629.900515,real,1.274090,-0.244346,-2.652899,1.239186,-1.605705,-0.261801
4629.908803,real,1.274090,-0.244346,-2.652899,1.239186,-1.605705,-0.261801
4629.926178,real,1.274090,-0.244346,-2.652900,1.239186,-1.605705,-0.261801
4629.933882,real,1.274090,-0.244346,-2.652900,1.239186,-1.605705,-0.261801
4629.942270,real,1.274090,-0.244346,-2.652900,1.239186,-1.605705,-0.261801
4629.950168,real,1.274090,-0.244346,-2.652899,1.239186,-1.605705,-0.261801
4629.966564,real,1.274090,-0.244346,-2.652899,1.239186,-1.605705,-0.261801
4629.974936,real,1.274090,-0.244346,-2.652900,1.239186,-1.605705,-0.261801
4629.982980,real,1.274090,-0.244346,-2.652900,1.239186,-1.605704,-0.261801
4629.991164,real,1.274090,-0.244346,-2.652899,1.239186,-1.605704,-0.261801
4629.999389,real,1.274090,-0.244346,-2.652900,1.239186,-1.605704,-0.261801
4630.016301,real,1.274077,-0.244346,-2.652900,1.239186,-1.605704,-0.261801
4630.024548,real,1.274056,-0.244346,-2.652900,1.239186,-1.605704,-0.261800
4630.032713,real,1.274021,-0.244346,-2.652900,1.239186,-1.605704,-0.261801
4630.040999,real,1.273971,-0.244346,-2.652900,1.239186,-1.605704,-0.261800
4630.049551,real,1.273903,-0.244346,-2.652900,1.239186,-1.605704,-0.261801
4630.065767,real,1.273699,-0.244346,-2.652900,1.239186,-1.605704,-0.261801
4630.073990,real,1.273554,-0.244346,-2.652900,1.239186,-1.605704,-0.261801
4630.082140,real,1.273375,-0.244346,-2.652901,1.239186,-1.605704,-0.261801
4630.090398,real,1.273158,-0.244346,-2.652902,1.239186,-1.605704,-0.261801
4630.098618,real,1.272901,-0.244346,-2.652902,1.239186,-1.605704,-0.261801
4630.114989,real,1.272266,-0.244346,-2.652902,1.239186,-1.605704,-0.261800
4630.123275,real,1.271880,-0.244346,-2.652902,1.239186,-1.605704,-0.261800
4630.131505,real,1.271448,-0.244346,-2.652902,1.239186,-1.605703,-0.261800
4630.139822,real,1.270703,-0.244346,-2.652902,1.239186,-1.605703,-0.261801
4630.156244,real,1.269849,-0.244346,-2.652902,1.239186,-1.605703,-0.261801
4630.164459,real,1.268900,-0.244346,-2.652902,1.239186,-1.605703,-0.261801
4630.172564,real,1.268222,-0.244346,-2.652902,1.239186,-1.605703,-0.261801
4630.180809,real,1.267515,-0.244346,-2.652902,1.239186,-1.605703,-0.261801
4630.189216,real,1.266785,-0.244346,-2.652902,1.239186,-1.605703,-0.261801
4630.205604,real,1.265290,-0.244346,-2.652902,1.239186,-1.605703,-0.261801
4630.213833,real,1.264541,-0.244346,-2.652902,1.239186,-1.605703,-0.261801
4630.221991,real,1.263801,-0.244346,-2.652902,1.239186,-1.605703,-0.261801
4630.230230,real,1.263079,-0.244346,-2.652901,1.239186,-1.605703,-0.261800
4630.246758,real,1.261709,-0.244346,-2.652901,1.239186,-1.605703,-0.261801
4630.255039,real,1.261069,-0.244346,-2.652901,1.239186,-1.605703,-0.261801
4630.263662,real,1.260471,-0.244346,-2.652901,1.239186,-1.605703,-0.261801
4630.271773,real,1.259913,-0.244346,-2.652901,1.239186,-1.605703,-0.261801
4630.280058,real,1.259165,-0.244346,-2.652900,1.239186,-1.605703,-0.261801
4630.296705,real,1.258343,-0.244346,-2.652900,1.239186,-1.605703,-0.261801
4630.305064,real,1.258006,-0.244346,-2.652900,1.239186,-1.605703,-0.261801
4630.313291,real,1.257716,-0.244346,-2.652900,1.239186,-1.605703,-0.261801
4630.321443,real,1.257468,-0.244346,-2.652900,1.239186,-1.605703,-0.261800
4630.329790,real,1.257261,-0.244346,-2.652900,1.239186,-1.605703,-0.261800
4630.346137,real,1.256959,-0.244346,-2.652901,1.239186,-1.605703,-0.261801
4630.354223,real,1.256858,-0.244346,-2.652901,1.239186,-1.605703,-0.261800
4630.362500,real,1.256783,-0.244346,-2.652901,1.239186,-1.605703,-0.261801
4630.370514,real,1.256726,-0.244346,-2.652901,1.239186,-1.605703,-0.261801
4630.378688,real,1.256684,-0.244346,-2.652901,1.239186,-1.605703,-0.261801
