t_mono_s,source,joint1_rad,joint2_rad,joint3_rad,joint4_rad,joint5_rad,joint6_rad
4325.374365,sim,1.363602,0.037037,-2.410961,0.635592,-1.312487,0.496397
4325.377064,sim,1.363603,0.037024,-2.410961,0.635589,-1.312484,0.496393
4325.380923,sim,1.363602,0.037040,-2.410961,0.635592,-1.312488,0.496398
4325.384989,sim,1.363605,0.037013,-2.410959,0.635591,-1.312484,0.496392
4325.388864,sim,1.363601,0.037041,-2.410963,0.635590,-1.312484,0.496398
4325.392929,sim,1.363606,0.037016,-2.410961,0.635591,-1.312485,0.496393
4325.396905,sim,1.363602,0.037039,-2.410963,0.635593,-1.312486,0.496398
4325.400841,sim,1.363606,0.037013,-2.410962,0.635594,-1.312486,0.496393
4325.404798,sim,1.363602,0.037037,-2.410965,0.635596,-1.312486,0.496397
4325.408978,sim,1.363605,0.037020,-2.410964,0.635594,-1.312485,0.496394
4325.413143,sim,1.363602,0.037039,-2.410966,0.635597,-1.312487,0.496398
4325.416935,sim,1.363605,0.037016,-2.410965,0.635599,-1.312485,0.496393
4325.420882,sim,1.363602,0.037037,-2.410967,0.635603,-1.312487,0.496398
4325.424884,sim,1.363606,0.037013,-2.410965,0.635606,-1.312485,0.496393
4325.428932,sim,1.363601,0.037038,-2.410967,0.635610,-1.312486,0.496398
4325.433080,sim,1.363607,0.036997,-2.410963,0.635613,-1.312485,0.496392
4325.436883,sim,1.363600,0.037045,-2.410968,0.635612,-1.312484,0.496398
4325.440877,sim,1.363606,0.037019,-2.410966,0.635616,-1.312486,0.496394
4325.444834,sim,1.363601,0.037040,-2.410967,0.635620,-1.312486,0.496398
4325.448891,sim,1.363606,0.037007,-2.410963,0.635626,-1.312486,0.496393
4325.452911,sim,1.363600,0.037040,-2.410966,0.635627,-1.312485,0.496398
4325.456924,sim,1.363604,0.037025,-2.410965,0.635630,-1.312485,0.496394
4325.461605,sim,1.363603,0.037027,-2.410962,0.635638,-1.312488,0.496397
4325.464920,sim,1.363603,0.037017,-2.410962,0.635638,-1.312483,0.496393
4325.468943,sim,1.363600,0.037051,-2.410966,0.635636,-1.312486,0.496399
4325.473142,sim,1.363604,0.037026,-2.410963,0.635638,-1.312485,0.496394
4325.476969,sim,1.363599,0.037050,-2.410965,0.635641,-1.312486,0.496399
4325.480987,sim,1.363604,0.037022,-2.410962,0.635644,-1.312486,0.496394
4325.484888,sim,1.363599,0.037049,-2.410965,0.635644,-1.312485,0.496399
4325.488959,sim,1.363604,0.037017,-2.410961,0.635647,-1.312486,0.496393
4325.493081,sim,1.363599,0.037042,-2.410964,0.635647,-1.312486,0.496398
4325.496915,sim,1.363602,0.037023,-2.410964,0.635646,-1.312484,0.496394
4325.500869,sim,1.363599,0.037044,-2.410965,0.635647,-1.312486,0.496398
4325.504894,sim,1.363602,0.037023,-2.410964,0.635646,-1.312484,0.496394
4325.508879,sim,1.363599,0.037045,-2.410967,0.635647,-1.312486,0.496398
4325.513015,sim,1.363602,0.037023,-2.410966,0.635646,-1.312484,0.496394
4325.516892,sim,1.363599,0.037045,-2.410968,0.635647,-1.312486,0.496398
4325.520995,sim,1.363602,0.037027,-2.410968,0.635645,-1.312485,0.496394
4325.525064,sim,1.363598,0.037051,-2.410970,0.635645,-1.312485,0.496399
4325.529029,sim,1.363603,0.037023,-2.410968,0.635645,-1.312485,0.496394
4325.532955,sim,1.363598,0.037047,-2.410971,0.635644,-1.312484,0.496399
4325.537016,sim,1.363603,0.037016,-2.410968,0.635645,-1.312483,0.496393
4325.541031,sim,1.363599,0.037039,-2.410970,0.635645,-1.312483,0.496398
4325.544957,sim,1.363602,0.037020,-2.410970,0.635642,-1.312480,0.496394
4325.549747,sim,1.363599,0.037046,-2.410972,0.635641,-1.312483,0.496399
4325.553199,sim,1.363602,0.037018,-2.410971,0.635640,-1.312479,0.496394
4325.556976,sim,1.363599,0.037032,-2.410971,0.635643,-1.312481,0.496398
4325.560929,sim,1.363602,0.037014,-2.410971,0.635640,-1.312477,0.496394
4325.564868,sim,1.363599,0.037041,-2.410973,0.635639,-1.312480,0.496399
4325.568988,sim,1.363603,0.037021,-2.410972,0.635637,-1.312477,0.496395
4325.573200,sim,1.363600,0.037036,-2.410974,0.635638,-1.312477,0.496399
4325.576962,sim,1.363603,0.037017,-2.410973,0.635635,-1.312474,0.496394
4325.580919,sim,1.363600,0.037034,-2.410975,0.635636,-1.312474,0.496399
4325.585054,sim,1.363605,0.036995,-2.410970,0.635638,-1.312473,0.496392
4325.588941,sim,1.363598,0.037036,-2.410975,0.635634,-1.312471,0.496399
4325.593082,sim,1.363604,0.037017,-2.410975,0.635632,-1.312471,0.496395
4325.596930,sim,1.363602,0.037022,-2.410974,0.635636,-1.312472,0.496398
4325.601067,sim,1.363604,0.037003,-2.410973,0.635634,-1.312467,0.496393
4325.604969,sim,1.363603,0.037012,-2.410972,0.635638,-1.312470,0.496397
4325.608918,sim,1.363603,0.037008,-2.410975,0.635632,-1.312463,0.496393
4325.612948,sim,1.363600,0.037041,-2.410978,0.635630,-1.312467,0.496399
4325.616997,sim,1.363606,0.036997,-2.410973,0.635634,-1.312465,0.496393
4325.620966,sim,1.363599,0.037036,-2.410978,0.635631,-1.312462,0.496399
4325.624875,sim,1.363605,0.037011,-2.410976,0.635632,-1.312463,0.496394
4325.628868,sim,1.363602,0.037027,-2.410976,0.635635,-1.312464,0.496398
4325.632969,sim,1.363605,0.037011,-2.410976,0.635632,-1.312460,0.496393
4325.636928,sim,1.363602,0.037032,-2.410977,0.635635,-1.312462,0.496398
4325.640924,sim,1.363605,0.037006,-2.410975,0.635634,-1.312458,0.496393
4325.644870,sim,1.363602,0.037027,-2.410976,0.635637,-1.312461,0.496397
4325.648982,sim,1.363605,0.037008,-2.410975,0.635635,-1.312458,0.496392
4325.653177,sim,1.363602,0.037036,-2.410978,0.635635,-1.312460,0.496397
4325.657031,sim,1.363607,0.037004,-2.410974,0.635638,-1.312458,0.496392
4325.660961,sim,1.363600,0.037044,-2.410980,0.635634,-1.312453,0.496397
4325.664959,sim,1.363607,0.037016,-2.410978,0.635635,-1.312450,0.496392
4325.668971,sim,1.363602,0.037037,-2.410981,0.635636,-1.312446,0.496396
4325.673205,sim,1.363607,0.037011,-2.410979,0.635636,-1.312440,0.496391
4325.676936,sim,1.363603,0.037032,-2.410982,0.635638,-1.312435,0.496395
4325.680964,sim,1.363605,0.037014,-2.410982,0.635635,-1.312432,0.496391
4325.684989,sim,1.363604,0.037031,-2.410983,0.635638,-1.312429,0.496395
4325.688900,sim,1.363606,0.037011,-2.410985,0.635636,-1.312417,0.496390
4325.692971,sim,1.363603,0.037034,-2.410990,0.635636,-1.312408,0.496394
4325.696955,sim,1.363609,0.036989,-2.410988,0.635640,-1.312395,0.496387
4325.701272,sim,1.363601,0.037038,-2.410998,0.635634,-1.312381,0.496393
4325.705023,sim,1.363609,0.037009,-2.410994,0.635636,-1.312385,0.496388
4325.708896,sim,1.363605,0.037018,-2.410998,0.635640,-1.312371,0.496391
4325.713033,sim,1.363607,0.037009,-2.411004,0.635634,-1.312351,0.496386
4325.716952,sim,1.363605,0.037033,-2.411012,0.635635,-1.312335,0.496391
4325.720972,sim,1.363610,0.037007,-2.411015,0.635634,-1.312313,0.496385
4325.724905,sim,1.363607,0.037031,-2.411024,0.635634,-1.312290,0.496390
4325.728897,sim,1.363614,0.036997,-2.411027,0.635636,-1.312264,0.496383
4325.733006,sim,1.363611,0.037021,-2.411036,0.635636,-1.312237,0.496387
4325.736909,sim,1.363614,0.037008,-2.411036,0.635634,-1.312236,0.496384
4325.740905,sim,1.363612,0.037036,-2.411047,0.635632,-1.312206,0.496388
4325.744954,sim,1.363618,0.037009,-2.411056,0.635632,-1.312171,0.496382
4325.748874,sim,1.363616,0.037033,-2.411071,0.635632,-1.312134,0.496386
4325.752985,sim,1.363625,0.036998,-2.411082,0.635635,-1.312096,0.496379
4325.756913,sim,1.363621,0.037037,-2.411105,0.635631,-1.312051,0.496384
4325.760914,sim,1.363629,0.037011,-2.411122,0.635631,-1.312007,0.496379
4325.764915,sim,1.363627,0.037032,-2.411145,0.635632,-1.311962,0.496382
4325.769025,sim,1.363633,0.036992,-2.411141,0.635635,-1.311960,0.496376
4325.773189,sim,1.363631,0.037018,-2.411168,0.635635,-1.311915,0.496379
4325.777007,sim,1.363637,0.036999,-2.411197,0.635634,-1.311872,0.496373
4325.780998,sim,1.363635,0.037038,-2.411237,0.635630,-1.311831,0.496378
4325.784947,sim,1.363642,0.037011,-2.411275,0.635631,-1.311793,0.496371
4325.788956,sim,1.363641,0.037030,-2.411319,0.635633,-1.311759,0.496373
4325.793136,sim,1.363647,0.037003,-2.411365,0.635632,-1.311723,0.496365
4325.797133,sim,1.363644,0.037025,-2.411365,0.635634,-1.311726,0.496369
4325.801051,sim,1.363649,0.037010,-2.411416,0.635631,-1.311694,0.496362
4325.804995,sim,1.363648,0.037037,-2.411471,0.635632,-1.311673,0.496364
4325.808927,sim,1.363654,0.037006,-2.411524,0.635632,-1.311647,0.496355
4325.813017,sim,1.363652,0.037029,-2.411582,0.635634,-1.311631,0.496355
4325.816983,sim,1.363658,0.037001,-2.411637,0.635634,-1.311614,0.496345
4325.820982,sim,1.363655,0.037033,-2.411700,0.635633,-1.311602,0.496345
4325.825153,sim,1.363662,0.037007,-2.411757,0.635634,-1.311593,0.496335
4325.829080,sim,1.363658,0.037029,-2.411759,0.635634,-1.311593,0.496340
4325.833165,sim,1.363663,0.037006,-2.411818,0.635633,-1.311584,0.496329
4325.836969,sim,1.363660,0.037029,-2.411883,0.635634,-1.311579,0.496325
4325.840924,sim,1.363664,0.037013,-2.411947,0.635631,-1.311572,0.496313
4325.845059,sim,1.363662,0.037034,-2.412013,0.635633,-1.311572,0.496307
4325.848955,sim,1.363667,0.037007,-2.412078,0.635632,-1.311568,0.496291
4325.852965,sim,1.363665,0.037018,-2.412144,0.635636,-1.311569,0.496282
4325.857152,sim,1.363668,0.036998,-2.412211,0.635634,-1.311565,0.496265
4325.861101,sim,1.363664,0.037026,-2.412214,0.635633,-1.311566,0.496270
4325.864907,sim,1.363668,0.037010,-2.412284,0.635630,-1.311564,0.496251
4325.869045,sim,1.363665,0.037030,-2.412358,0.635631,-1.311567,0.496237
4325.873201,sim,1.363670,0.037001,-2.412432,0.635631,-1.311565,0.496212
4325.876954,sim,1.363666,0.037025,-2.412512,0.635632,-1.311568,0.496193
4325.880984,sim,1.363670,0.037002,-2.412592,0.635630,-1.311567,0.496163
4325.885028,sim,1.363667,0.037015,-2.412592,0.635634,-1.311569,0.496167
4325.888971,sim,1.363669,0.037006,-2.412678,0.635628,-1.311566,0.496134
4325.893088,sim,1.363667,0.037030,-2.412769,0.635629,-1.311571,0.496108
4325.897028,sim,1.363671,0.037009,-2.412861,0.635628,-1.311571,0.496069
4325.900950,sim,1.363667,0.037032,-2.412960,0.635628,-1.311573,0.496037
4325.905248,sim,1.363672,0.036998,-2.413057,0.635629,-1.311574,0.495993
4325.908936,sim,1.363667,0.037027,-2.413163,0.635628,-1.311576,0.495957
4325.913138,sim,1.363672,0.037003,-2.413268,0.635627,-1.311577,0.495911
4325.916932,sim,1.363667,0.037027,-2.413270,0.635627,-1.311577,0.495916
4325.920992,sim,1.363672,0.036998,-2.413379,0.635627,-1.311577,0.495869
4325.925056,sim,1.363668,0.037021,-2.413501,0.635628,-1.311581,0.495831
4325.929017,sim,1.363672,0.036999,-2.413628,0.635627,-1.311581,0.495784
4325.933060,sim,1.363669,0.037024,-2.413764,0.635627,-1.311585,0.495747
4325.937065,sim,1.363674,0.036999,-2.413904,0.635627,-1.311587,0.495701
4325.940989,sim,1.363670,0.037027,-2.414053,0.635627,-1.311591,0.495665
4325.945017,sim,1.363675,0.037001,-2.414203,0.635627,-1.311592,0.495621
4325.948923,sim,1.363671,0.037030,-2.414362,0.635626,-1.311596,0.495586
4325.953108,sim,1.363676,0.037000,-2.414359,0.635626,-1.311593,0.495581
4325.957066,sim,1.363672,0.037026,-2.414521,0.635626,-1.311596,0.495549
4325.960970,sim,1.363679,0.036987,-2.414680,0.635631,-1.311601,0.495510
4325.964874,sim,1.363672,0.037030,-2.414852,0.635626,-1.311600,0.495486
4325.969100,sim,1.363680,0.037003,-2.415019,0.635627,-1.311605,0.495455
4325.973196,sim,1.363676,0.037024,-2.415193,0.635628,-1.311607,0.495435
4325.976891,sim,1.363681,0.037000,-2.415191,0.635628,-1.311606,0.495431
4325.980958,sim,1.363677,0.037026,-2.415371,0.635627,-1.311609,0.495414
4325.985009,sim,1.363683,0.037005,-2.415553,0.635627,-1.311612,0.495392
4325.988947,sim,1.363680,0.037023,-2.415744,0.635628,-1.311615,0.495380
4325.993130,sim,1.363685,0.036998,-2.415936,0.635628,-1.311616,0.495363
4325.996979,sim,1.363682,0.037031,-2.416138,0.635627,-1.311620,0.495357
4326.000925,sim,1.363688,0.036998,-2.416336,0.635629,-1.311622,0.495343
4326.004983,sim,1.363684,0.037024,-2.416543,0.635628,-1.311624,0.495341
4326.008933,sim,1.363691,0.036986,-2.416538,0.635632,-1.311626,0.495335
4326.013050,sim,1.363684,0.037027,-2.416750,0.635627,-1.311625,0.495335
4326.017069,sim,1.363691,0.037001,-2.416959,0.635628,-1.311629,0.495327
4326.020937,sim,1.363686,0.037023,-2.417177,0.635627,-1.311631,0.495328
4326.024997,sim,1.363693,0.036988,-2.417390,0.635630,-1.311635,0.495321
4326.028942,sim,1.363686,0.037024,-2.417616,0.635626,-1.311635,0.495325
4326.033063,sim,1.363693,0.036994,-2.417835,0.635627,-1.311639,0.495320
4326.037039,sim,1.363688,0.037012,-2.418060,0.635627,-1.311641,0.495324
4326.041077,sim,1.363692,0.036987,-2.418058,0.635627,-1.311641,0.495320
4326.044967,sim,1.363688,0.037008,-2.418286,0.635626,-1.311644,0.495325
4326.049069,sim,1.363693,0.036976,-2.418511,0.635627,-1.311650,0.495321
4326.053210,sim,1.363688,0.036994,-2.418743,0.635627,-1.311655,0.495326
4326.057055,sim,1.363694,0.036945,-2.418970,0.635631,-1.311663,0.495322
4326.061008,sim,1.363688,0.036967,-2.419205,0.635629,-1.311670,0.495327
4326.065253,sim,1.363690,0.036961,-2.419206,0.635624,-1.311669,0.495325
4326.069108,sim,1.363687,0.036976,-2.419442,0.635625,-1.311681,0.495331
4326.073454,sim,1.363692,0.036936,-2.419675,0.635627,-1.311694,0.495328
4326.076913,sim,1.363687,0.036953,-2.419918,0.635625,-1.311707,0.495333
4326.080945,sim,1.363692,0.036914,-2.420156,0.635627,-1.311724,0.495330
4326.084948,sim,1.363687,0.036929,-2.420400,0.635627,-1.311743,0.495336
4326.088955,sim,1.363691,0.036901,-2.420641,0.635626,-1.311764,0.495333
4326.092996,sim,1.363686,0.036917,-2.420886,0.635625,-1.311785,0.495339
4326.097139,sim,1.363691,0.036889,-2.420883,0.635627,-1.311786,0.495335
4326.101121,sim,1.363686,0.036906,-2.421128,0.635626,-1.311810,0.495340
4326.105099,sim,1.363691,0.036874,-2.421367,0.635626,-1.311835,0.495337
4326.108936,sim,1.363686,0.036892,-2.421610,0.635626,-1.311862,0.495343
4326.113053,sim,1.363692,0.036856,-2.421845,0.635628,-1.311891,0.495339
4326.116966,sim,1.363685,0.036891,-2.422088,0.635624,-1.311917,0.495345
4326.121056,sim,1.363691,0.036859,-2.422319,0.635625,-1.311948,0.495342
4326.125068,sim,1.363686,0.036879,-2.422551,0.635625,-1.311976,0.495347
4326.129074,sim,1.363691,0.036850,-2.422776,0.635626,-1.312005,0.495343
4326.133140,sim,1.363686,0.036877,-2.422779,0.635625,-1.312005,0.495347
4326.137081,sim,1.363691,0.036843,-2.422996,0.635627,-1.312033,0.495343
4326.141085,sim,1.363686,0.036868,-2.423211,0.635626,-1.312058,0.495348
4326.144961,sim,1.363691,0.036848,-2.423414,0.635626,-1.312082,0.495345
4326.149064,sim,1.363686,0.036868,-2.423615,0.635626,-1.312102,0.495349
4326.153113,sim,1.363691,0.036845,-2.423804,0.635626,-1.312123,0.495346
4326.156957,sim,1.363687,0.036869,-2.423806,0.635626,-1.312123,0.495350
4326.161026,sim,1.363693,0.036826,-2.423989,0.635630,-1.312140,0.495344
4326.165395,sim,1.363686,0.036862,-2.424181,0.635627,-1.312154,0.495349
4326.169057,sim,1.363691,0.036851,-2.424367,0.635624,-1.312169,0.495347
4326.173203,sim,1.363687,0.036873,-2.424554,0.635624,-1.312181,0.495351
4326.177064,sim,1.363692,0.036839,-2.424734,0.635626,-1.312191,0.495346
4326.181116,sim,1.363687,0.036864,-2.424917,0.635625,-1.312200,0.495351
4326.184976,sim,1.363692,0.036832,-2.425092,0.635627,-1.312208,0.495346
4326.189080,sim,1.363687,0.036861,-2.425096,0.635625,-1.312207,0.495350
4326.193094,sim,1.363694,0.036827,-2.425268,0.635629,-1.312217,0.495346
4326.197056,sim,1.363686,0.036866,-2.425451,0.635624,-1.312219,0.495351
4326.201075,sim,1.363692,0.036836,-2.425624,0.635625,-1.312226,0.495347
4326.204933,sim,1.363689,0.036845,-2.425799,0.635628,-1.312230,0.495350
4326.209032,sim,1.363691,0.036835,-2.425973,0.635623,-1.312232,0.495347
4326.213145,sim,1.363688,0.036853,-2.426147,0.635623,-1.312235,0.495351
4326.217065,sim,1.363694,0.036803,-2.426311,0.635629,-1.312239,0.495345
4326.221029,sim,1.363685,0.036853,-2.426318,0.635622,-1.312236,0.495351
4326.225081,sim,1.363693,0.036820,-2.426485,0.635624,-1.312243,0.495347
4326.229045,sim,1.363687,0.036838,-2.426659,0.635623,-1.312247,0.495350
4326.233085,sim,1.363693,0.036806,-2.426830,0.635624,-1.312258,0.495346
4326.237025,sim,1.363687,0.036828,-2.427007,0.635623,-1.312268,0.495350
4326.241083,sim,1.363694,0.036785,-2.427177,0.635627,-1.312285,0.495344
4326.245081,sim,1.363686,0.036826,-2.427182,0.635621,-1.312282,0.495349
4326.249049,sim,1.363692,0.036800,-2.427357,0.635622,-1.312304,0.495346
4326.253102,sim,1.363687,0.036818,-2.427539,0.635621,-1.312325,0.495350
4326.257094,sim,1.363693,0.036777,-2.427718,0.635622,-1.312352,0.495344
4326.261087,sim,1.363687,0.036805,-2.427905,0.635620,-1.312384,0.495348
4326.265071,sim,1.363693,0.036780,-2.428089,0.635619,-1.312422,0.495345
4326.269035,sim,1.363688,0.036798,-2.428279,0.635617,-1.312461,0.495348
4326.273257,sim,1.363694,0.036756,-2.428462,0.635620,-1.312506,0.495343
4326.277154,sim,1.363686,0.036798,-2.428468,0.635615,-1.312503,0.495348
4326.281163,sim,1.363693,0.036766,-2.428658,0.635615,-1.312555,0.495344
4326.285112,sim,1.363688,0.036783,-2.428863,0.635612,-1.312610,0.495347
4326.289046,sim,1.363694,0.036738,-2.429069,0.635616,-1.312673,0.495342
4326.293199,sim,1.363687,0.036765,-2.429294,0.635605,-1.312736,0.495344
4326.297116,sim,1.363690,0.036753,-2.429520,0.635608,-1.312813,0.495347
4326.301012,sim,1.363693,0.036706,-2.429748,0.635608,-1.312888,0.495340
4326.305119,sim,1.363686,0.036755,-2.429755,0.635602,-1.312887,0.495347
4326.309137,sim,1.363695,0.036701,-2.429989,0.635605,-1.312970,0.495341
4326.313214,sim,1.363686,0.036726,-2.430244,0.635598,-1.313048,0.495346
4326.317060,sim,1.363693,0.036675,-2.430497,0.635599,-1.313135,0.495341
4326.321140,sim,1.363689,0.036672,-2.430764,0.635599,-1.313221,0.495344
4326.325172,sim,1.363693,0.036625,-2.431037,0.635598,-1.313309,0.495340
4326.329187,sim,1.363687,0.036632,-2.431326,0.635593,-1.313396,0.495344
4326.333197,sim,1.363694,0.036568,-2.431614,0.635597,-1.313491,0.495339
4326.337111,sim,1.363686,0.036608,-2.431619,0.635591,-1.313488,0.495344
4326.341136,sim,1.363694,0.036540,-2.431931,0.635594,-1.313583,0.495340
4326.345064,sim,1.363687,0.036525,-2.432284,0.635591,-1.313673,0.495343
4326.349031,sim,1.363693,0.036456,-2.432663,0.635592,-1.313770,0.495340
4326.353183,sim,1.363688,0.036431,-2.433076,0.635590,-1.313864,0.495344
4326.357110,sim,1.363694,0.036327,-2.433505,0.635594,-1.313958,0.495338
4326.361079,sim,1.363688,0.036293,-2.433967,0.635592,-1.314049,0.495341
4326.365103,sim,1.363691,0.036219,-2.434445,0.635588,-1.314142,0.495339
4326.369132,sim,1.363688,0.036239,-2.434446,0.635589,-1.314144,0.495343
4326.373426,sim,1.363692,0.036138,-2.434954,0.635590,-1.314236,0.495338
4326.377555,sim,1.363687,0.036088,-2.435516,0.635589,-1.314328,0.495342
4326.381064,sim,1.363693,0.035977,-2.436115,0.635591,-1.314423,0.495338
4326.385119,sim,1.363688,0.035910,-2.436761,0.635590,-1.314514,0.495341
4326.389078,sim,1.363692,0.035798,-2.437439,0.635591,-1.314610,0.495338
4326.393178,sim,1.363687,0.035730,-2.438157,0.635589,-1.314702,0.495342
4326.397095,sim,1.363692,0.035603,-2.438898,0.635591,-1.314798,0.495338
4326.401135,sim,1.363688,0.035618,-2.438899,0.635593,-1.314797,0.495341
4326.405212,sim,1.363690,0.035501,-2.439684,0.635590,-1.314894,0.495338
4326.409079,sim,1.363689,0.035413,-2.440517,0.635593,-1.315005,0.495341
4326.413220,sim,1.363690,0.035292,-2.441393,0.635590,-1.315119,0.495338
4326.417156,sim,1.363689,0.035190,-2.442306,0.635593,-1.315246,0.495341
4326.421117,sim,1.363692,0.035055,-2.443248,0.635593,-1.315377,0.495337
4326.425123,sim,1.363685,0.035098,-2.443254,0.635587,-1.315375,0.495343
4326.429068,sim,1.363692,0.034948,-2.444227,0.635590,-1.315520,0.495338
4326.433277,sim,1.363687,0.034847,-2.445242,0.635590,-1.315676,0.495342
4326.437154,sim,1.363693,0.034686,-2.446280,0.635596,-1.315852,0.495337
4326.441197,sim,1.363687,0.034583,-2.447354,0.635589,-1.316035,0.495339
4326.445106,sim,1.363691,0.034437,-2.448443,0.635597,-1.316241,0.495341
4326.449183,sim,1.363689,0.034287,-2.449551,0.635592,-1.316450,0.495336
4326.453191,sim,1.363687,0.034189,-2.450678,0.635591,-1.316682,0.495342
4326.457388,sim,1.363692,0.034157,-2.450674,0.635593,-1.316683,0.495338
4326.461090,sim,1.363688,0.034022,-2.451817,0.635596,-1.316935,0.495340
4326.465161,sim,1.363690,0.033849,-2.452985,0.635594,-1.317224,0.495337
4326.469125,sim,1.363687,0.033708,-2.454180,0.635595,-1.317549,0.495340
4326.473474,sim,1.363693,0.033496,-2.455385,0.635603,-1.317906,0.495336
4326.477067,sim,1.363688,0.033324,-2.456611,0.635600,-1.318284,0.495336
4326.481095,sim,1.363690,0.033142,-2.457845,0.635606,-1.318696,0.495340
4326.485122,sim,1.363692,0.032919,-2.459081,0.635608,-1.319124,0.495334
4326.489125,sim,1.363686,0.032762,-2.460328,0.635605,-1.319571,0.495340
4326.493298,sim,1.363692,0.032730,-2.460324,0.635609,-1.319574,0.495336
4326.497163,sim,1.363689,0.032540,-2.461566,0.635612,-1.320055,0.495337
4326.501213,sim,1.363690,0.032327,-2.462811,0.635619,-1.320585,0.495340
4326.505192,sim,1.363693,0.032065,-2.464052,0.635628,-1.321155,0.495334
4326.509090,sim,1.363688,0.031875,-2.465307,0.635632,-1.321766,0.495338
4326.513277,sim,1.363695,0.031603,-2.466552,0.635648,-1.322422,0.495334
4326.517181,sim,1.363686,0.031646,-2.466560,0.635635,-1.322414,0.495337
4326.521176,sim,1.363692,0.031396,-2.467824,0.635652,-1.323120,0.495340
4326.525169,sim,1.363692,0.031114,-2.469112,0.635662,-1.323871,0.495334
4326.529123,sim,1.363688,0.030884,-2.470428,0.635671,-1.324677,0.495338
4326.533219,sim,1.363696,0.030575,-2.471748,0.635691,-1.325534,0.495334
4326.537160,sim,1.363688,0.030334,-2.473092,0.635692,-1.326421,0.495336
4326.541107,sim,1.363694,0.030030,-2.474432,0.635716,-1.327356,0.495337
4326.545333,sim,1.363692,0.029737,-2.475777,0.635722,-1.328311,0.495333
4326.549229,sim,1.363689,0.029774,-2.475782,0.635719,-1.328313,0.495338
4326.553301,sim,1.363696,0.029437,-2.477122,0.635740,-1.329311,0.495334
4326.557167,sim,1.363689,0.029161,-2.478479,0.635741,-1.330335,0.495335
4326.561159,sim,1.363693,0.028842,-2.479830,0.635759,-1.331406,0.495338
4326.565155,sim,1.363694,0.028495,-2.481178,0.635769,-1.332495,0.495333
4326.569178,sim,1.363692,0.028184,-2.482528,0.635777,-1.333610,0.495335
4326.573348,sim,1.363697,0.028158,-2.482523,0.635788,-1.333613,0.495335
4326.577217,sim,1.363694,0.027810,-2.483872,0.635791,-1.334746,0.495331
4326.581200,sim,1.363691,0.027509,-2.485236,0.635796,-1.335912,0.495338
4326.585139,sim,1.363701,0.027095,-2.486586,0.635820,-1.337101,0.495334
4326.589133,sim,1.363694,0.026754,-2.487950,0.635823,-1.338294,0.495335
4326.593195,sim,1.363700,0.026357,-2.489298,0.635847,-1.339506,0.495337
4326.597154,sim,1.363703,0.025949,-2.490637,0.635863,-1.340716,0.495332
4326.601209,sim,1.363701,0.025593,-2.491971,0.635878,-1.341925,0.495336
4326.605136,sim,1.363706,0.025568,-2.491966,0.635882,-1.341927,0.495333
4326.609147,sim,1.363701,0.025205,-2.493289,0.635895,-1.343131,0.495337
4326.613234,sim,1.363711,0.024770,-2.494592,0.635926,-1.344347,0.495334
4326.617142,sim,1.363707,0.024388,-2.495897,0.635941,-1.345553,0.495335
4326.621060,sim,1.363713,0.023982,-2.497185,0.635971,-1.346767,0.495338
4326.625088,sim,1.363720,0.023533,-2.498454,0.636006,-1.347972,0.495334
4326.629115,sim,1.363721,0.023120,-2.499714,0.636037,-1.349167,0.495335
4326.633246,sim,1.363727,0.022678,-2.500953,0.636067,-1.350355,0.495331
4326.637060,sim,1.363724,0.022314,-2.502186,0.636087,-1.351529,0.495336
4326.641166,sim,1.363733,0.022278,-2.502179,0.636098,-1.351537,0.495334
4326.645176,sim,1.363730,0.021887,-2.503390,0.636119,-1.352701,0.495335
4326.649122,sim,1.363737,0.021467,-2.504578,0.636154,-1.353878,0.495337
4326.653307,sim,1.363742,0.021016,-2.505747,0.636185,-1.355050,0.495332
4326.657209,sim,1.363739,0.020648,-2.506917,0.636198,-1.356224,0.495337
4326.661149,sim,1.363750,0.020182,-2.508059,0.636234,-1.357410,0.495334
4326.665123,sim,1.363743,0.020211,-2.508065,0.636223,-1.357403,0.495334
4326.669224,sim,1.363750,0.019772,-2.509217,0.636252,-1.358612,0.495335
4326.673292,sim,1.363750,0.019338,-2.510392,0.636269,-1.359851,0.495335
4326.677117,sim,1.363751,0.018900,-2.511581,0.636284,-1.361126,0.495336
4326.681191,sim,1.363753,0.018445,-2.512777,0.636302,-1.362428,0.495338
4326.685112,sim,1.363758,0.017944,-2.513970,0.636324,-1.363749,0.495334
4326.689122,sim,1.363755,0.017491,-2.515170,0.636332,-1.365082,0.495335
4326.693234,sim,1.363759,0.017017,-2.516360,0.636346,-1.366428,0.495335
4326.697887,sim,1.363758,0.017021,-2.516361,0.636345,-1.366428,0.495336
4326.701136,sim,1.363760,0.016542,-2.517543,0.636358,-1.367780,0.495336
4326.705157,sim,1.363760,0.016058,-2.518718,0.636368,-1.369141,0.495335
4326.709185,sim,1.363760,0.015582,-2.519886,0.636377,-1.370508,0.495337
4326.713291,sim,1.363766,0.015051,-2.521033,0.636395,-1.371879,0.495333
4326.717092,sim,1.363761,0.014589,-2.522180,0.636393,-1.373242,0.495334
4326.721197,sim,1.363766,0.014095,-2.523306,0.636404,-1.374609,0.495335
4326.725164,sim,1.363763,0.013620,-2.524419,0.636405,-1.375959,0.495335
4326.729108,sim,1.363764,0.013628,-2.524420,0.636407,-1.375961,0.495338
4326.733194,sim,1.363769,0.013101,-2.525510,0.636423,-1.377307,0.495333
4326.737250,sim,1.363763,0.012643,-2.526605,0.636421,-1.378645,0.495334
4326.741202,sim,1.363767,0.012161,-2.527685,0.636438,-1.379988,0.495338
4326.745132,sim,1.363771,0.011642,-2.528747,0.636458,-1.381318,0.495333
4326.749129,sim,1.363765,0.011191,-2.529809,0.636462,-1.382636,0.495335
4326.753336,sim,1.363768,0.011188,-2.529808,0.636468,-1.382639,0.495338
4326.757289,sim,1.363769,0.010687,-2.530856,0.636487,-1.383957,0.495334
4326.761242,sim,1.363767,0.010212,-2.531907,0.636509,-1.385284,0.495337
4326.765205,sim,1.363772,0.009693,-2.532946,0.636540,-1.386618,0.495334
4326.769169,sim,1.363766,0.009233,-2.533992,0.636556,-1.387945,0.495335
4326.773459,sim,1.363770,0.008742,-2.535023,0.636593,-1.389279,0.495338
4326.777206,sim,1.363770,0.008226,-2.536039,0.636628,-1.390600,0.495334
4326.781202,sim,1.363766,0.007770,-2.537051,0.636656,-1.391915,0.495338
4326.785347,sim,1.363774,0.007240,-2.538033,0.636708,-1.393223,0.495334
4326.789255,sim,1.363766,0.007272,-2.538039,0.636694,-1.393216,0.495335
4326.793344,sim,1.363770,0.006782,-2.539009,0.636742,-1.394518,0.495337
4326.797239,sim,1.363772,0.006278,-2.539954,0.636789,-1.395816,0.495333
4326.801194,sim,1.363766,0.005843,-2.540892,0.636823,-1.397114,0.495337
4326.805154,sim,1.363774,0.005322,-2.541794,0.636888,-1.398422,0.495334
4326.809138,sim,1.363766,0.004870,-2.542692,0.636929,-1.399718,0.495335
4326.813277,sim,1.363768,0.004407,-2.543571,0.636985,-1.401026,0.495338
4326.817294,sim,1.363773,0.003890,-2.544424,0.637056,-1.402332,0.495334
4326.821291,sim,1.363766,0.003927,-2.544432,0.637040,-1.402327,0.495335
4326.825108,sim,1.363769,0.003459,-2.545286,0.637106,-1.403650,0.495339
4326.829221,sim,1.363773,0.002931,-2.546126,0.637190,-1.404992,0.495334
4326.833351,sim,1.363766,0.002485,-2.546977,0.637252,-1.406347,0.495336
4326.837230,sim,1.363771,0.001977,-2.547809,0.637347,-1.407723,0.495337
4326.841305,sim,1.363771,0.001464,-2.548632,0.637441,-1.409101,0.495333
4326.845231,sim,1.363766,0.001506,-2.548639,0.637427,-1.409101,0.495336
4326.849288,sim,1.363770,0.001000,-2.549456,0.637535,-1.410495,0.495338
4326.853431,sim,1.363772,0.000463,-2.550263,0.637650,-1.411894,0.495333
4326.857238,sim,1.363766,-0.000010,-2.551075,0.637756,-1.413298,0.495335
4326.861318,sim,1.363769,-0.000497,-2.551874,0.637883,-1.414712,0.495338
4326.865190,sim,1.363773,-0.001048,-2.552652,0.638028,-1.416118,0.495334
4326.869286,sim,1.363766,-0.001515,-2.553433,0.638154,-1.417511,0.495336
4326.873394,sim,1.363769,-0.002008,-2.554194,0.638303,-1.418900,0.495339
4326.877181,sim,1.363773,-0.002046,-2.554186,0.638314,-1.418900,0.495334
4326.881207,sim,1.363766,-0.002514,-2.554938,0.638458,-1.420268,0.495336
4326.885230,sim,1.363769,-0.003017,-2.555667,0.638641,-1.421637,0.495338
4326.889181,sim,1.363771,-0.003537,-2.556379,0.638837,-1.422991,0.495334
4326.893310,sim,1.363766,-0.004000,-2.557086,0.639030,-1.424331,0.495336
4326.897282,sim,1.363768,-0.004490,-2.557772,0.639252,-1.425663,0.495339
4326.901224,sim,1.363772,-0.005037,-2.558430,0.639498,-1.426974,0.495333
4326.905241,sim,1.363764,-0.005477,-2.559091,0.639721,-1.428265,0.495335
4326.909165,sim,1.363769,-0.005480,-2.559090,0.639729,-1.428270,0.495338
4326.913318,sim,1.363770,-0.005990,-2.559723,0.639995,-1.429556,0.495334
4326.917250,sim,1.363765,-0.006450,-2.560355,0.640277,-1.430843,0.495336
4326.921250,sim,1.363766,-0.006936,-2.560970,0.640602,-1.432136,0.495339
4326.925193,sim,1.363770,-0.007473,-2.561563,0.640963,-1.433424,0.495334
4326.929334,sim,1.363763,-0.007929,-2.562159,0.641321,-1.434703,0.495335
4326.933341,sim,1.363765,-0.008413,-2.562737,0.641719,-1.435984,0.495339
4326.937256,sim,1.363770,-0.008454,-2.562729,0.641732,-1.435985,0.495334
4326.941310,sim,1.363763,-0.008911,-2.563299,0.642138,-1.437250,0.495336
4326.945237,sim,1.363766,-0.009396,-2.563851,0.642593,-1.438515,0.495339
4326.949230,sim,1.363769,-0.009933,-2.564382,0.643088,-1.439771,0.495334
4326.953302,sim,1.363762,-0.010388,-2.564918,0.643585,-1.441018,0.495336
4326.957170,sim,1.363765,-0.010874,-2.565440,0.644131,-1.442272,0.495339
4326.961253,sim,1.363769,-0.011419,-2.565944,0.644717,-1.443519,0.495334
4326.965212,sim,1.363762,-0.011883,-2.566458,0.645306,-1.444763,0.495335
4326.969194,sim,1.363765,-0.011873,-2.566460,0.645309,-1.444768,0.495338
4326.973296,sim,1.363768,-0.012409,-2.566961,0.645970,-1.446034,0.495335
4326.977227,sim,1.363763,-0.012899,-2.567481,0.646675,-1.447323,0.495336
4326.981268,sim,1.363766,-0.013443,-2.567996,0.647460,-1.448640,0.495339
4326.985251,sim,1.363767,-0.014020,-2.568509,0.648295,-1.449967,0.495334
4326.989151,sim,1.363762,-0.014545,-2.569034,0.649157,-1.451303,0.495335
4326.993349,sim,1.363765,-0.014550,-2.569033,0.649164,-1.451307,0.495338
4326.997326,sim,1.363767,-0.015142,-2.569546,0.650089,-1.452652,0.495333
4327.001334,sim,1.363762,-0.015685,-2.570072,0.651043,-1.454008,0.495335
4327.005204,sim,1.363763,-0.016258,-2.570593,0.652052,-1.455374,0.495338
4327.009241,sim,1.363767,-0.016889,-2.571100,0.653108,-1.456739,0.495334
4327.013371,sim,1.363759,-0.017441,-2.571621,0.654163,-1.458097,0.495335
4327.017259,sim,1.363763,-0.018020,-2.572130,0.655260,-1.459457,0.495339
4327.021149,sim,1.363766,-0.018660,-2.572621,0.656385,-1.460799,0.495334
4327.025325,sim,1.363759,-0.018622,-2.572629,0.656369,-1.460795,0.495336
4327.029254,sim,1.363762,-0.019210,-2.573122,0.657504,-1.462134,0.495339
4327.033291,sim,1.363765,-0.019857,-2.573597,0.658674,-1.463465,0.495334
4327.037205,sim,1.363758,-0.020432,-2.574078,0.659836,-1.464787,0.495335
4327.041185,sim,1.363760,-0.021036,-2.574545,0.661034,-1.466111,0.495339
4327.045205,sim,1.363762,-0.021680,-2.574995,0.662247,-1.467421,0.495334
4327.049259,sim,1.363756,-0.022256,-2.575449,0.663447,-1.468720,0.495336
4327.053235,sim,1.363759,-0.022875,-2.575885,0.664674,-1.470012,0.495338
4327.057340,sim,1.363760,-0.022905,-2.575879,0.664680,-1.470009,0.495334
4327.061264,sim,1.363754,-0.023489,-2.576317,0.665902,-1.471302,0.495336
4327.065196,sim,1.363757,-0.024139,-2.576741,0.667177,-1.472621,0.495338
4327.069239,sim,1.363758,-0.024822,-2.577156,0.668475,-1.473954,0.495333
4327.073432,sim,1.363753,-0.025449,-2.577580,0.669773,-1.475303,0.495335
4327.077261,sim,1.363756,-0.026132,-2.577991,0.671111,-1.476670,0.495338
4327.081248,sim,1.363757,-0.026840,-2.578392,0.672458,-1.478039,0.495334
4327.085202,sim,1.363752,-0.026809,-2.578398,0.672446,-1.478038,0.495336
4327.089200,sim,1.363754,-0.027494,-2.578796,0.673794,-1.479411,0.495338
4327.093329,sim,1.363758,-0.028222,-2.579177,0.675141,-1.480771,0.495334
4327.097322,sim,1.363751,-0.028879,-2.579561,0.676453,-1.482117,0.495335
4327.101258,sim,1.363754,-0.029563,-2.579932,0.677773,-1.483458,0.495339
4327.105248,sim,1.363756,-0.030271,-2.580288,0.679081,-1.484780,0.495335
4327.109204,sim,1.363750,-0.030906,-2.580650,0.680354,-1.486089,0.495338
4327.113352,sim,1.363758,-0.031635,-2.580984,0.681647,-1.487385,0.495335
4327.117245,sim,1.363750,-0.031607,-2.580990,0.681632,-1.487379,0.495335
4327.121213,sim,1.363754,-0.032293,-2.581328,0.682911,-1.488669,0.495338
4327.125250,sim,1.363756,-0.033019,-2.581658,0.684194,-1.489952,0.495333
4327.129255,sim,1.363750,-0.033684,-2.581997,0.685459,-1.491234,0.495335
4327.133323,sim,1.363753,-0.034385,-2.582328,0.686742,-1.492517,0.495339
4327.137256,sim,1.363757,-0.035158,-2.582641,0.688036,-1.493784,0.495334
4327.141267,sim,1.363750,-0.035840,-2.582967,0.689294,-1.495042,0.495335
4327.145226,sim,1.363754,-0.036569,-2.583280,0.690569,-1.496294,0.495338
4327.149258,sim,1.363755,-0.036604,-2.583273,0.690576,-1.496290,0.495333
4327.153418,sim,1.363750,-0.037294,-2.583588,0.691829,-1.497533,0.495335
4327.157350,sim,1.363754,-0.038035,-2.583891,0.693112,-1.498781,0.495339
4327.161281,sim,1.363755,-0.038819,-2.584183,0.694400,-1.500023,0.495334
4327.165254,sim,1.363751,-0.039541,-2.584481,0.695671,-1.501264,0.495336
4327.169323,sim,1.363753,-0.040302,-2.584768,0.696960,-1.502505,0.495339
4327.173555,sim,1.363757,-0.040343,-2.584759,0.696972,-1.502504,0.495335
4327.177353,sim,1.363751,-0.041081,-2.585047,0.698248,-1.503743,0.495335
4327.181295,sim,1.363754,-0.041874,-2.585322,0.699560,-1.504999,0.495339
4327.185315,sim,1.363755,-0.042702,-2.585587,0.700880,-1.506257,0.495334
4327.189290,sim,1.363750,-0.043466,-2.585860,0.702187,-1.507525,0.495337
4327.193387,sim,1.363758,-0.044326,-2.586110,0.703528,-1.508798,0.495334
4327.197310,sim,1.363750,-0.045110,-2.586369,0.704833,-1.510064,0.495334
4327.201330,sim,1.363754,-0.045921,-2.586617,0.706155,-1.511337,0.495338
4327.205295,sim,1.363756,-0.045953,-2.586611,0.706162,-1.511334,0.495333
4327.209241,sim,1.363749,-0.046718,-2.586861,0.707469,-1.512617,0.495338
4327.213348,sim,1.363759,-0.047609,-2.587083,0.708842,-1.513932,0.495335
4327.217377,sim,1.363751,-0.048427,-2.587314,0.710199,-1.515265,0.495335
4327.221316,sim,1.363755,-0.049294,-2.587531,0.711601,-1.516629,0.495338
4327.225281,sim,1.363756,-0.050193,-2.587736,0.713014,-1.518002,0.495333
4327.229271,sim,1.363750,-0.051021,-2.587949,0.714416,-1.519392,0.495337
4327.233463,sim,1.363759,-0.051945,-2.588136,0.715859,-1.520795,0.495334
4327.237325,sim,1.363752,-0.052786,-2.588333,0.717272,-1.522196,0.495334
4327.241358,sim,1.363755,-0.052789,-2.588333,0.717279,-1.522200,0.495338
4327.245276,sim,1.363756,-0.053689,-2.588509,0.718706,-1.523593,0.495333
4327.249334,sim,1.363751,-0.054501,-2.588691,0.720095,-1.524969,0.495336
4327.253431,sim,1.363759,-0.055396,-2.588847,0.721503,-1.526327,0.495334
4327.257332,sim,1.363752,-0.056194,-2.589011,0.722859,-1.527660,0.495334
4327.261294,sim,1.363756,-0.057004,-2.589164,0.724220,-1.528982,0.495338
4327.265383,sim,1.363758,-0.057046,-2.589156,0.724231,-1.528979,0.495334
4327.269349,sim,1.363753,-0.057840,-2.589307,0.725579,-1.530290,0.495334
4327.273606,sim,1.363756,-0.058677,-2.589448,0.726966,-1.531613,0.495338
4327.277278,sim,1.363757,-0.059548,-2.589580,0.728366,-1.532934,0.495333
4327.281327,sim,1.363752,-0.060336,-2.589724,0.729754,-1.534262,0.495337
4327.285367,sim,1.363760,-0.061235,-2.589844,0.731188,-1.535587,0.495335
4327.289262,sim,1.363752,-0.062056,-2.589975,0.732592,-1.536900,0.495334
4327.293311,sim,1.363756,-0.062906,-2.590095,0.734020,-1.538212,0.495338
4327.297382,sim,1.363757,-0.062943,-2.590088,0.734027,-1.538208,0.495332
4327.301361,sim,1.363752,-0.063742,-2.590212,0.735443,-1.539514,0.495334
4327.305283,sim,1.363756,-0.064591,-2.590323,0.736908,-1.540824,0.495339
4327.309221,sim,1.363759,-0.065506,-2.590416,0.738406,-1.542123,0.495334
4327.313384,sim,1.363753,-0.066342,-2.590519,0.739894,-1.543420,0.495334
4327.317320,sim,1.363755,-0.067201,-2.590613,0.741413,-1.544718,0.495338
4327.321345,sim,1.363759,-0.068122,-2.590690,0.742953,-1.546000,0.495333
4327.325261,sim,1.363753,-0.068956,-2.590778,0.744469,-1.547273,0.495333
4327.329354,sim,1.363754,-0.068930,-2.590782,0.744467,-1.547278,0.495339
4327.333414,sim,1.363759,-0.069856,-2.590849,0.746035,-1.548548,0.495334
4327.337349,sim,1.363753,-0.070701,-2.590928,0.747607,-1.549824,0.495334
4327.341378,sim,1.363755,-0.071584,-2.590999,0.749228,-1.551109,0.495338
4327.345304,sim,1.363758,-0.072521,-2.591056,0.750880,-1.552386,0.495334
4327.349307,sim,1.363753,-0.073388,-2.591123,0.752526,-1.553662,0.495334
4327.353439,sim,1.363756,-0.073387,-2.591124,0.752532,-1.553666,0.495339
4327.357311,sim,1.363758,-0.074320,-2.591177,0.754228,-1.554941,0.495333
4327.361311,sim,1.363752,-0.075203,-2.591240,0.755951,-1.556230,0.495336
4327.365351,sim,1.363759,-0.076174,-2.591287,0.757743,-1.557523,0.495334
4327.369366,sim,1.363753,-0.077078,-2.591345,0.759543,-1.558818,0.495334
4327.373460,sim,1.363758,-0.078043,-2.591391,0.761400,-1.560117,0.495336
4327.377352,sim,1.363755,-0.078992,-2.591439,0.763272,-1.561407,0.495334
4327.381426,sim,1.363756,-0.079942,-2.591486,0.765172,-1.562695,0.495335
4327.385281,sim,1.363756,-0.080896,-2.591530,0.767093,-1.563973,0.495334
4327.389329,sim,1.363756,-0.080895,-2.591530,0.767092,-1.563973,0.495335
4327.393378,sim,1.363756,-0.081839,-2.591572,0.769020,-1.565225,0.495335
4327.397339,sim,1.363755,-0.082767,-2.591614,0.770945,-1.566435,0.495335
4327.401304,sim,1.363756,-0.083692,-2.591652,0.772871,-1.567607,0.495334
4327.405283,sim,1.363755,-0.084594,-2.591691,0.774789,-1.568740,0.495334
4327.409316,sim,1.363755,-0.085482,-2.591729,0.776702,-1.569840,0.495335
4327.413549,sim,1.363756,-0.086355,-2.591766,0.778607,-1.570906,0.495335
4327.417354,sim,1.363756,-0.087217,-2.591803,0.780503,-1.571940,0.495336
4327.421381,sim,1.363756,-0.087221,-2.591802,0.780504,-1.571940,0.495335
4327.425344,sim,1.363756,-0.088091,-2.591836,0.782424,-1.572948,0.495335
4327.429337,sim,1.363755,-0.088966,-2.591869,0.784391,-1.573939,0.495335
4327.433380,sim,1.363756,-0.089851,-2.591900,0.786401,-1.574912,0.495335
4327.437321,sim,1.363755,-0.090739,-2.591931,0.788443,-1.575864,0.495335
4327.441426,sim,1.363755,-0.091630,-2.591959,0.790514,-1.576796,0.495335
4327.445373,sim,1.363755,-0.091630,-2.591959,0.790514,-1.576796,0.495335
4327.449346,sim,1.363755,-0.092532,-2.591985,0.792624,-1.577709,0.495334
4327.453420,sim,1.363755,-0.093436,-2.592010,0.794784,-1.578609,0.495334
4327.457367,sim,1.363755,-0.094347,-2.592032,0.796986,-1.579493,0.495334
4327.461286,sim,1.363756,-0.095264,-2.592052,0.799226,-1.580359,0.495334
4327.465440,sim,1.363755,-0.096186,-2.592070,0.801493,-1.581207,0.495334
4327.469319,sim,1.363755,-0.097091,-2.592088,0.803778,-1.582038,0.495335
4327.473663,sim,1.363756,-0.098003,-2.592103,0.806080,-1.582849,0.495335
4327.477394,sim,1.363756,-0.098006,-2.592102,0.806081,-1.582849,0.495334
4327.481378,sim,1.363756,-0.098916,-2.592115,0.808418,-1.583644,0.495334
4327.485342,sim,1.363756,-0.099827,-2.592126,0.810814,-1.584428,0.495334
4327.489298,sim,1.363755,-0.100738,-2.592136,0.813259,-1.585202,0.495334
4327.493385,sim,1.363755,-0.101645,-2.592144,0.815745,-1.585964,0.495334
4327.497840,sim,1.363755,-0.102547,-2.592151,0.818261,-1.586714,0.495335
4327.501310,sim,1.363756,-0.103440,-2.592156,0.820803,-1.587453,0.495335
4327.505565,sim,1.363755,-0.104330,-2.592161,0.823358,-1.588178,0.495335
4327.509352,sim,1.363756,-0.104333,-2.592160,0.823360,-1.588178,0.495335
4327.513516,sim,1.363756,-0.105220,-2.592164,0.825967,-1.588897,0.495335
4327.517383,sim,1.363755,-0.106118,-2.592166,0.828663,-1.589615,0.495334
4327.521341,sim,1.363755,-0.107015,-2.592168,0.831435,-1.590333,0.495334
4327.525383,sim,1.363756,-0.107900,-2.592171,0.834273,-1.591052,0.495335
4327.529379,sim,1.363756,-0.108800,-2.592172,0.837173,-1.591766,0.495335
4327.533344,sim,1.363756,-0.109697,-2.592172,0.840121,-1.592474,0.495335
4327.537397,sim,1.363755,-0.109701,-2.592172,0.840122,-1.592473,0.495334
4327.541406,sim,1.363755,-0.110594,-2.592172,0.843101,-1.593172,0.495334
4327.545256,sim,1.363755,-0.111463,-2.592173,0.846093,-1.593859,0.495334
4327.549335,sim,1.363756,-0.112329,-2.592174,0.849098,-1.594531,0.495334
4327.553424,sim,1.363756,-0.113185,-2.592173,0.852111,-1.595188,0.495334
4327.557381,sim,1.363755,-0.114025,-2.592173,0.855123,-1.595830,0.495334
4327.561321,sim,1.363755,-0.114858,-2.592173,0.858135,-1.596456,0.495334
4327.565348,sim,1.363756,-0.115669,-2.592173,0.861139,-1.597068,0.495334
4327.569315,sim,1.363755,-0.115668,-2.592173,0.861138,-1.597068,0.495334
4327.573546,sim,1.363756,-0.116473,-2.592173,0.864172,-1.597668,0.495335
4327.577455,sim,1.363756,-0.117293,-2.592172,0.867273,-1.598257,0.495334
4327.581386,sim,1.363756,-0.118102,-2.592171,0.870423,-1.598837,0.495334
4327.585342,sim,1.363756,-0.118907,-2.592171,0.873614,-1.599407,0.495334
4327.589373,sim,1.363755,-0.119707,-2.592172,0.876835,-1.599967,0.495334
4327.593412,sim,1.363756,-0.120510,-2.592170,0.880079,-1.600514,0.495334
4327.597337,sim,1.363755,-0.121295,-2.592170,0.883328,-1.601052,0.495334
4327.601366,sim,1.363756,-0.121289,-2.592171,0.883327,-1.601053,0.495335
4327.605397,sim,1.363757,-0.122069,-2.592171,0.886604,-1.601580,0.495335
4327.609313,sim,1.363757,-0.122855,-2.592170,0.889930,-1.602097,0.495335
4327.613418,sim,1.363757,-0.123633,-2.592170,0.893293,-1.602603,0.495334
4327.617426,sim,1.363757,-0.124411,-2.592170,0.896685,-1.603098,0.495334
4327.621422,sim,1.363757,-0.125175,-2.592170,0.900094,-1.603584,0.495334
4327.625285,sim,1.363757,-0.125174,-2.592170,0.900094,-1.603584,0.495334
4327.629356,sim,1.363757,-0.125942,-2.592170,0.903539,-1.604058,0.495333
4327.633385,sim,1.363758,-0.126694,-2.592171,0.907033,-1.604527,0.495335
4327.637386,sim,1.363758,-0.127461,-2.592171,0.910569,-1.604982,0.495334
4327.641371,sim,1.363758,-0.128215,-2.592171,0.914133,-1.605428,0.495335
4327.645282,sim,1.363758,-0.128969,-2.592171,0.917717,-1.605862,0.495335
4327.649336,sim,1.363758,-0.129716,-2.592171,0.921308,-1.606284,0.495334
4327.653430,sim,1.363758,-0.130457,-2.592170,0.924897,-1.606692,0.495334
4327.657420,sim,1.363758,-0.130457,-2.592170,0.924897,-1.606692,0.495334
4327.661315,sim,1.363758,-0.131181,-2.592171,0.928512,-1.607085,0.495335
4327.665330,sim,1.363759,-0.131914,-2.592171,0.932192,-1.607458,0.495335
4327.669411,sim,1.363758,-0.132650,-2.592169,0.935925,-1.607811,0.495334
4327.673614,sim,1.363758,-0.133369,-2.592170,0.939696,-1.608147,0.495334
4327.677269,sim,1.363758,-0.134095,-2.592170,0.943500,-1.608465,0.495334
4327.681580,sim,1.363758,-0.134817,-2.592169,0.947324,-1.608764,0.495333
4327.685630,sim,1.363758,-0.134812,-2.592169,0.947324,-1.608765,0.495334
4327.689418,sim,1.363759,-0.135516,-2.592170,0.951140,-1.609047,0.495335
4327.693424,sim,1.363759,-0.136218,-2.592168,0.954927,-1.609305,0.495334
4327.697425,sim,1.363758,-0.136897,-2.592169,0.958678,-1.609541,0.495334
4327.701423,sim,1.363759,-0.137571,-2.592168,0.962394,-1.609754,0.495334
4327.705359,sim,1.363759,-0.138212,-2.592169,0.966066,-1.609951,0.495335
4327.709260,sim,1.363760,-0.138862,-2.592168,0.969697,-1.610123,0.495335
4327.713492,sim,1.363759,-0.139491,-2.592167,0.973280,-1.610276,0.495334
4327.717431,sim,1.363759,-0.139491,-2.592167,0.973280,-1.610277,0.495334
4327.721386,sim,1.363759,-0.140113,-2.592167,0.976845,-1.610409,0.495333
4327.725322,sim,1.363759,-0.140724,-2.592166,0.980420,-1.610521,0.495334
4327.729323,sim,1.363760,-0.141328,-2.592166,0.983999,-1.610614,0.495334
4327.733406,sim,1.363760,-0.141924,-2.592167,0.987572,-1.610690,0.495334
4327.737421,sim,1.363761,-0.142509,-2.592167,0.991134,-1.610751,0.495335
4327.741310,sim,1.363762,-0.143092,-2.592166,0.994678,-1.610796,0.495334
4327.745396,sim,1.363763,-0.143666,-2.592165,0.998197,-1.610829,0.495334
4327.749422,sim,1.363762,-0.143666,-2.592165,0.998197,-1.610828,0.495334
4327.753431,sim,1.363763,-0.144226,-2.592166,1.001706,-1.610853,0.495334
4327.757376,sim,1.363764,-0.144782,-2.592165,1.005228,-1.610872,0.495334
4327.761259,sim,1.363764,-0.145330,-2.592165,1.008752,-1.610885,0.495334
4327.765363,sim,1.363765,-0.145871,-2.592164,1.012274,-1.610894,0.495334
4327.769350,sim,1.363765,-0.146404,-2.592163,1.015782,-1.610897,0.495333
4327.773418,sim,1.363766,-0.146393,-2.592164,1.015780,-1.610899,0.495335
4327.777387,sim,1.363767,-0.146918,-2.592163,1.019293,-1.610901,0.495334
4327.781379,sim,1.363767,-0.147436,-2.592162,1.022826,-1.610901,0.495334
4327.785246,sim,1.363768,-0.147946,-2.592161,1.026367,-1.610900,0.495334
4327.789290,sim,1.363768,-0.148450,-2.592159,1.029908,-1.610897,0.495334
4327.793368,sim,1.363768,-0.148946,-2.592158,1.033435,-1.610893,0.495333
4327.797351,sim,1.363768,-0.149427,-2.592156,1.036940,-1.610889,0.495333
4327.801360,sim,1.363769,-0.149894,-2.592155,1.040412,-1.610886,0.495334
4327.805273,sim,1.363769,-0.150358,-2.592153,1.043841,-1.610880,0.495334
4327.809294,sim,1.363769,-0.150357,-2.592153,1.043841,-1.610880,0.495334
4327.813416,sim,1.363770,-0.150800,-2.592151,1.047211,-1.610876,0.495334
4327.817276,sim,1.363770,-0.151226,-2.592148,1.050517,-1.610872,0.495334
4327.821357,sim,1.363770,-0.151632,-2.592146,1.053762,-1.610869,0.495334
4327.825325,sim,1.363771,-0.152022,-2.592144,1.056955,-1.610866,0.495334
4327.829413,sim,1.363771,-0.152402,-2.592141,1.060099,-1.610863,0.495334
4327.833491,sim,1.363772,-0.152768,-2.592138,1.063197,-1.610861,0.495334
4327.837318,sim,1.363772,-0.153121,-2.592135,1.066256,-1.610859,0.495334
4327.841321,sim,1.363772,-0.153121,-2.592135,1.066256,-1.610859,0.495334
4327.845267,sim,1.363773,-0.153466,-2.592131,1.069309,-1.610857,0.495334
4327.849314,sim,1.363773,-0.153802,-2.592128,1.072377,-1.610854,0.495333
4327.853436,sim,1.363776,-0.154119,-2.592125,1.075454,-1.610855,0.495334
4327.857399,sim,1.363778,-0.154432,-2.592122,1.078528,-1.610853,0.495334
4327.861366,sim,1.363780,-0.154735,-2.592118,1.081593,-1.610852,0.495334
4327.865323,sim,1.363780,-0.154735,-2.592118,1.081593,-1.610852,0.495334
4327.869236,sim,1.363783,-0.155025,-2.592114,1.084651,-1.610852,0.495334
4327.873468,sim,1.363786,-0.155300,-2.592110,1.087707,-1.610851,0.495334
4327.877349,sim,1.363791,-0.155562,-2.592105,1.090753,-1.610850,0.495334
4327.881395,sim,1.363795,-0.155809,-2.592100,1.093781,-1.610849,0.495334
4327.885330,sim,1.363800,-0.156041,-2.592095,1.096784,-1.610849,0.495334
4327.889400,sim,1.363806,-0.156258,-2.592089,1.099754,-1.610848,0.495334
4327.893509,sim,1.363811,-0.156450,-2.592083,1.102686,-1.610851,0.495338
4327.897414,sim,1.363812,-0.156475,-2.592081,1.102684,-1.610843,0.495330
4327.901321,sim,1.363817,-0.156632,-2.592076,1.105575,-1.610850,0.495336
4327.905289,sim,1.363825,-0.156819,-2.592064,1.108425,-1.610840,0.495328
4327.909304,sim,1.363830,-0.156914,-2.592058,1.111238,-1.610852,0.495340
4327.913419,sim,1.363838,-0.157075,-2.592041,1.114006,-1.610837,0.495327
4327.917348,sim,1.363841,-0.157123,-2.592034,1.116730,-1.610851,0.495339
4327.921343,sim,1.363851,-0.157253,-2.592014,1.119407,-1.610836,0.495327
4327.925336,sim,1.363853,-0.157274,-2.592003,1.122035,-1.610848,0.495339
4327.929297,sim,1.363857,-0.157314,-2.591999,1.122033,-1.610836,0.495327
4327.933488,sim,1.363859,-0.157312,-2.591986,1.124624,-1.610851,0.495342
4327.937342,sim,1.363867,-0.157400,-2.591959,1.127190,-1.610835,0.495327
4327.941370,sim,1.363868,-0.157380,-2.591936,1.129734,-1.610849,0.495341
4327.945285,sim,1.363875,-0.157431,-2.591901,1.132247,-1.610838,0.495330
4327.949277,sim,1.363876,-0.157405,-2.591869,1.134732,-1.610847,0.495339
4327.953503,sim,1.363878,-0.157448,-2.591864,1.134735,-1.610835,0.495329
4327.957409,sim,1.363878,-0.157414,-2.591826,1.137208,-1.610845,0.495338
4327.961394,sim,1.363884,-0.157439,-2.591776,1.139680,-1.610835,0.495329
4327.965342,sim,1.363883,-0.157387,-2.591728,1.142146,-1.610845,0.495338
4327.969327,sim,1.363889,-0.157407,-2.591665,1.144609,-1.610835,0.495330
4327.973565,sim,1.363887,-0.157350,-2.591606,1.147054,-1.610845,0.495339
4327.977371,sim,1.363893,-0.157348,-2.591536,1.149475,-1.610835,0.495330
4327.981338,sim,1.363892,-0.157286,-2.591468,1.151872,-1.610844,0.495337
4327.985461,sim,1.363896,-0.157277,-2.591390,1.154242,-1.610836,0.495331
4327.989417,sim,1.363894,-0.157246,-2.591393,1.154243,-1.610846,0.495340
4327.993487,sim,1.363898,-0.157252,-2.591311,1.156563,-1.610830,0.495325
4327.997315,sim,1.363897,-0.157163,-2.591233,1.158839,-1.610845,0.495340
4328.001407,sim,1.363903,-0.157149,-2.591145,1.161060,-1.610833,0.495328
4328.005351,sim,1.363902,-0.157054,-2.591060,1.163243,-1.610848,0.495342
4328.009266,sim,1.363908,-0.157035,-2.590967,1.165377,-1.610834,0.495329
4328.013434,sim,1.363908,-0.156954,-2.590875,1.167483,-1.610843,0.495338
4328.017552,sim,1.363913,-0.156914,-2.590778,1.169548,-1.610835,0.495330
4328.021504,sim,1.363911,-0.156884,-2.590780,1.169551,-1.610846,0.495340
4328.025296,sim,1.363917,-0.156853,-2.590676,1.171616,-1.610834,0.495329
4328.029362,sim,1.363916,-0.156751,-2.590567,1.173713,-1.610846,0.495340
4328.033547,sim,1.363922,-0.156705,-2.590445,1.175822,-1.610834,0.495329
4328.037397,sim,1.363922,-0.156594,-2.590319,1.177954,-1.610846,0.495340
4328.041321,sim,1.363928,-0.156542,-2.590180,1.180086,-1.610835,0.495331
4328.045279,sim,1.363924,-0.156511,-2.590183,1.180089,-1.610846,0.495341
4328.049466,sim,1.363929,-0.156454,-2.590036,1.182229,-1.610833,0.495328
4328.053434,sim,1.363929,-0.156331,-2.589881,1.184396,-1.610846,0.495340
4328.057345,sim,1.363933,-0.156264,-2.589711,1.186562,-1.610834,0.495329
4328.061296,sim,1.363932,-0.156133,-2.589536,1.188739,-1.610845,0.495341
4328.065350,sim,1.363936,-0.156056,-2.589347,1.190899,-1.610834,0.495329
4328.069353,sim,1.363936,-0.155917,-2.589154,1.193060,-1.610847,0.495342
4328.073526,sim,1.363939,-0.155836,-2.588949,1.195189,-1.610834,0.495330
4328.077292,sim,1.363937,-0.155808,-2.588951,1.195195,-1.610846,0.495341
4328.081342,sim,1.363940,-0.155725,-2.588731,1.197306,-1.610833,0.495329
4328.085369,sim,1.363938,-0.155577,-2.588492,1.199420,-1.610846,0.495341
4328.089407,sim,1.363942,-0.155490,-2.588228,1.201507,-1.610832,0.495328
4328.093442,sim,1.363939,-0.155319,-2.587951,1.203588,-1.610847,0.495343
4328.097338,sim,1.363943,-0.155219,-2.587652,1.205638,-1.610835,0.495331
4328.101400,sim,1.363940,-0.155059,-2.587342,1.207676,-1.610846,0.495341
4328.105261,sim,1.363944,-0.154950,-2.587014,1.209680,-1.610835,0.495331
4328.109276,sim,1.363941,-0.154917,-2.587016,1.209685,-1.610848,0.495343
4328.113392,sim,1.363943,-0.154807,-2.586670,1.211655,-1.610834,0.495330
4328.117355,sim,1.363940,-0.154626,-2.586305,1.213606,-1.610847,0.495342
4328.121317,sim,1.363944,-0.154500,-2.585914,1.215509,-1.610834,0.495331
4328.125353,sim,1.363940,-0.154308,-2.585509,1.217385,-1.610846,0.495342
4328.129351,sim,1.363945,-0.154171,-2.585083,1.219211,-1.610834,0.495331
4328.133434,sim,1.363941,-0.154134,-2.585086,1.219217,-1.610848,0.495345
4328.137414,sim,1.363944,-0.153986,-2.584642,1.220999,-1.610834,0.495330
4328.141361,sim,1.363941,-0.153767,-2.584180,1.222762,-1.610848,0.495344
4328.145329,sim,1.363944,-0.153605,-2.583692,1.224472,-1.610834,0.495331
4328.149409,sim,1.363941,-0.153375,-2.583192,1.226155,-1.610845,0.495341
4328.153519,sim,1.363944,-0.153187,-2.582673,1.227783,-1.610833,0.495331
4328.157328,sim,1.363940,-0.152925,-2.582146,1.229377,-1.610849,0.495345
4328.161332,sim,1.363944,-0.152739,-2.581603,1.230912,-1.610832,0.495329
4328.165341,sim,1.363940,-0.152466,-2.581058,1.232412,-1.610849,0.495345
4328.169414,sim,1.363944,-0.152504,-2.581055,1.232405,-1.610833,0.495330
4328.173492,sim,1.363940,-0.152223,-2.580502,1.233843,-1.610851,0.495347
4328.177347,sim,1.363945,-0.152018,-2.579934,1.235195,-1.610834,0.495331
4328.181316,sim,1.363941,-0.151725,-2.579363,1.236496,-1.610851,0.495347
4328.185377,sim,1.363944,-0.151510,-2.578779,1.237719,-1.610833,0.495329
4328.189301,sim,1.363941,-0.151206,-2.578194,1.238903,-1.610851,0.495347
4328.193424,sim,1.363945,-0.150978,-2.577598,1.240019,-1.610834,0.495330
4328.197383,sim,1.363941,-0.150667,-2.577001,1.241103,-1.610850,0.495346
4328.201411,sim,1.363945,-0.150697,-2.577000,1.241096,-1.610837,0.495333
4328.205262,sim,1.363941,-0.150387,-2.576385,1.242149,-1.610849,0.495345
4328.209422,sim,1.363945,-0.150112,-2.575740,1.243167,-1.610838,0.495334
4328.213551,sim,1.363942,-0.149774,-2.575072,1.244180,-1.610850,0.495346
4328.217377,sim,1.363945,-0.149473,-2.574380,1.245156,-1.610837,0.495333
4328.221341,sim,1.363943,-0.149110,-2.573671,1.246128,-1.610849,0.495346
4328.225401,sim,1.363945,-0.149143,-2.573668,1.246119,-1.610834,0.495331
4328.229343,sim,1.363942,-0.148757,-2.572935,1.247075,-1.610848,0.495345
4328.233503,sim,1.363946,-0.148401,-2.572166,1.248004,-1.610837,0.495334
4328.237315,sim,1.363943,-0.147974,-2.571371,1.248935,-1.610850,0.495346
4328.241303,sim,1.363946,-0.147583,-2.570546,1.249838,-1.610837,0.495333
4328.245371,sim,1.363944,-0.147112,-2.569701,1.250741,-1.610853,0.495347
4328.249369,sim,1.363948,-0.146696,-2.568832,1.251614,-1.610837,0.495333
4328.253439,sim,1.363945,-0.146208,-2.567948,1.252486,-1.610850,0.495346
4328.257403,sim,1.363948,-0.146241,-2.567945,1.252480,-1.610836,0.495333
4328.261340,sim,1.363945,-0.145725,-2.567039,1.253326,-1.610849,0.495345
4328.265304,sim,1.363948,-0.145240,-2.566100,1.254130,-1.610835,0.495332
4328.269323,sim,1.363945,-0.144665,-2.565140,1.254922,-1.610853,0.495348
4328.273463,sim,1.363949,-0.144142,-2.564157,1.255668,-1.610837,0.495333
4328.277284,sim,1.363946,-0.143543,-2.563162,1.256402,-1.610850,0.495346
4328.281336,sim,1.363950,-0.142988,-2.562154,1.257091,-1.610836,0.495332
4328.285364,sim,1.363946,-0.142364,-2.561145,1.257766,-1.610849,0.495345
4328.289476,sim,1.363950,-0.142389,-2.561143,1.257758,-1.610837,0.495333
4328.293517,sim,1.363947,-0.141753,-2.560124,1.258401,-1.610851,0.495347
4328.297371,sim,1.363951,-0.141170,-2.559084,1.258991,-1.610835,0.495333
4328.301318,sim,1.363947,-0.140501,-2.558037,1.259560,-1.610849,0.495346
4328.305279,sim,1.363951,-0.139877,-2.556978,1.260077,-1.610836,0.495333
4328.309358,sim,1.363947,-0.139199,-2.555913,1.260580,-1.610848,0.495345
4328.313519,sim,1.363950,-0.138561,-2.554842,1.261033,-1.610835,0.495332
4328.317375,sim,1.363948,-0.138526,-2.554844,1.261044,-1.610852,0.495348
4328.321390,sim,1.363952,-0.137899,-2.553771,1.261467,-1.610835,0.495333
4328.325402,sim,1.363947,-0.137198,-2.552708,1.261873,-1.610851,0.495347
4328.329396,sim,1.363952,-0.136570,-2.551644,1.262231,-1.610835,0.495333
4328.333308,sim,1.363947,-0.135875,-2.550589,1.262574,-1.610848,0.495345
4328.337347,sim,1.363951,-0.135229,-2.549534,1.262873,-1.610838,0.495335
4328.342546,sim,1.363948,-0.134545,-2.548485,1.263161,-1.610849,0.495346
4328.345295,sim,1.363951,-0.133908,-2.547436,1.263406,-1.610836,0.495334
4328.349449,sim,1.363948,-0.133884,-2.547437,1.263415,-1.610849,0.495346
4328.353402,sim,1.363951,-0.133238,-2.546374,1.263633,-1.610835,0.495333
4328.357393,sim,1.363948,-0.132520,-2.545286,1.263841,-1.610847,0.495345
4328.361443,sim,1.363951,-0.131831,-2.544174,1.264004,-1.610834,0.495332
4328.365535,sim,1.363947,-0.131063,-2.543047,1.264161,-1.610851,0.495347
4328.369382,sim,1.363952,-0.130352,-2.541901,1.264278,-1.610836,0.495334
4328.373690,sim,1.363948,-0.130329,-2.541902,1.264286,-1.610848,0.495346
4328.377370,sim,1.363951,-0.129595,-2.540737,1.264381,-1.610834,0.495332
4328.381367,sim,1.363948,-0.128790,-2.539547,1.264478,-1.610848,0.495345
4328.385365,sim,1.363951,-0.128010,-2.538329,1.264541,-1.610836,0.495334
4328.389429,sim,1.363948,-0.127166,-2.537094,1.264604,-1.610848,0.495346
4328.393398,sim,1.363952,-0.126365,-2.535835,1.264640,-1.610834,0.495333
4328.397317,sim,1.363947,-0.125489,-2.534565,1.264679,-1.610847,0.495345
4328.401417,sim,1.363951,-0.124653,-2.533279,1.264692,-1.610834,0.495334
4328.405370,sim,1.363947,-0.124617,-2.533282,1.264701,-1.610850,0.495347
4328.409441,sim,1.363951,-0.123771,-2.531977,1.264705,-1.610835,0.495334
4328.413446,sim,1.363947,-0.122852,-2.530654,1.264723,-1.610847,0.495345
4328.417422,sim,1.363951,-0.121968,-2.529312,1.264720,-1.610835,0.495333
4328.421363,sim,1.363948,-0.121029,-2.527960,1.264734,-1.610848,0.495347
4328.425407,sim,1.363951,-0.120123,-2.526602,1.264721,-1.610835,0.495333
4328.429356,sim,1.363948,-0.119176,-2.525244,1.264726,-1.610845,0.495344
4328.433476,sim,1.363952,-0.118277,-2.523887,1.264715,-1.610833,0.495334
4328.437334,sim,1.363947,-0.118250,-2.523889,1.264720,-1.610844,0.495344
4328.441374,sim,1.363952,-0.117339,-2.522538,1.264707,-1.610835,0.495334
4328.445418,sim,1.363949,-0.116387,-2.521190,1.264707,-1.610846,0.495345
4328.449425,sim,1.363953,-0.115482,-2.519842,1.264694,-1.610834,0.495335
4328.453422,sim,1.363950,-0.114530,-2.518503,1.264695,-1.610845,0.495345
4328.457320,sim,1.363955,-0.113633,-2.517170,1.264679,-1.610830,0.495333
4328.461458,sim,1.363953,-0.112691,-2.515849,1.264684,-1.610843,0.495346
4328.465379,sim,1.363956,-0.112719,-2.515848,1.264671,-1.610826,0.495330
4328.469413,sim,1.363954,-0.111777,-2.514546,1.264677,-1.610843,0.495346
4328.473690,sim,1.363961,-0.110909,-2.513263,1.264661,-1.610827,0.495333
4328.477384,sim,1.363959,-0.110004,-2.512005,1.264666,-1.610839,0.495346
4328.481301,sim,1.363967,-0.109164,-2.510765,1.264651,-1.610822,0.495332
4328.485335,sim,1.363966,-0.108277,-2.509548,1.264655,-1.610835,0.495345
4328.489328,sim,1.363975,-0.107445,-2.508348,1.264642,-1.610822,0.495335
4328.493405,sim,1.363977,-0.106592,-2.507166,1.264644,-1.610830,0.495345
4328.497486,sim,1.363980,-0.106616,-2.507164,1.264637,-1.610818,0.495334
4328.501446,sim,1.363983,-0.105744,-2.505984,1.264640,-1.610829,0.495346
4328.505412,sim,1.363998,-0.104918,-2.504783,1.264626,-1.610811,0.495334
4328.509305,sim,1.364005,-0.104021,-2.503576,1.264625,-1.610818,0.495346
4328.513412,sim,1.364026,-0.103175,-2.502354,1.264610,-1.610797,0.495335
4328.517413,sim,1.364039,-0.102273,-2.501129,1.264608,-1.610799,0.495345
4328.521363,sim,1.364063,-0.101416,-2.499899,1.264590,-1.610775,0.495333
4328.525280,sim,1.364081,-0.100508,-2.498672,1.264588,-1.610775,0.495344
4328.529358,sim,1.364086,-0.100532,-2.498670,1.264581,-1.610763,0.495334
4328.533467,sim,1.364107,-0.099616,-2.497432,1.264576,-1.610759,0.495344
4328.537422,sim,1.364143,-0.098732,-2.496170,1.264551,-1.610726,0.495334
4328.541368,sim,1.364176,-0.097785,-2.494892,1.264537,-1.610713,0.495345
4328.545351,sim,1.364222,-0.096877,-2.493597,1.264502,-1.610669,0.495333
4328.549378,sim,1.364264,-0.095914,-2.492294,1.264481,-1.610646,0.495345
4328.553534,sim,1.364269,-0.095941,-2.492292,1.264472,-1.610632,0.495332
4328.557334,sim,1.364315,-0.094953,-2.490974,1.264444,-1.610607,0.495344
4328.561347,sim,1.364379,-0.094008,-2.489632,1.264393,-1.610547,0.495333
4328.565359,sim,1.364439,-0.093004,-2.488280,1.264351,-1.610506,0.495345
4328.569368,sim,1.364514,-0.092048,-2.486917,1.264287,-1.610433,0.495333
4328.573500,sim,1.364583,-0.091032,-2.485558,1.264231,-1.610381,0.495344
4328.577402,sim,1.364667,-0.090066,-2.484201,1.264155,-1.610300,0.495333
4328.581325,sim,1.364745,-0.089063,-2.482858,1.264089,-1.610238,0.495345
4328.585351,sim,1.364749,-0.089076,-2.482859,1.264077,-1.610225,0.495330
4328.589350,sim,1.364835,-0.088083,-2.481535,1.264001,-1.610159,0.495343
4328.593403,sim,1.364940,-0.087148,-2.480230,1.263896,-1.610058,0.495332
4328.598169,sim,1.365044,-0.086176,-2.478951,1.263794,-1.609975,0.495344
4328.601348,sim,1.365166,-0.085262,-2.477693,1.263664,-1.609860,0.495334
4328.605290,sim,1.365285,-0.084318,-2.476463,1.263537,-1.609762,0.495344
4328.609355,sim,1.365421,-0.083434,-2.475255,1.263385,-1.609634,0.495332
4328.613399,sim,1.365553,-0.082520,-2.474077,1.263240,-1.609526,0.495342
4328.617373,sim,1.365558,-0.082538,-2.474075,1.263234,-1.609516,0.495332
4328.621318,sim,1.365703,-0.081642,-2.472915,1.263078,-1.609404,0.495346
4328.625277,sim,1.365871,-0.080787,-2.471767,1.262881,-1.609259,0.495332
4328.629341,sim,1.366046,-0.079897,-2.470636,1.262682,-1.609133,0.495344
4328.633462,sim,1.366244,-0.079064,-2.469517,1.262449,-1.608975,0.495330
4328.637381,sim,1.366445,-0.078195,-2.468416,1.262220,-1.608842,0.495344
4328.641447,sim,1.366666,-0.077376,-2.467331,1.261957,-1.608679,0.495332
4328.645486,sim,1.366662,-0.077354,-2.467333,1.261964,-1.608690,0.495343
4328.649343,sim,1.366894,-0.076556,-2.466268,1.261688,-1.608524,0.495332
4328.653539,sim,1.367127,-0.075735,-2.465231,1.261411,-1.608377,0.495343
4328.657311,sim,1.367380,-0.074967,-2.464217,1.261102,-1.608204,0.495329
4328.661411,sim,1.367633,-0.074174,-2.463227,1.260798,-1.608054,0.495342
4328.665318,sim,1.367905,-0.073443,-2.462255,1.260463,-1.607876,0.495331
4328.669305,sim,1.368176,-0.072683,-2.461306,1.260132,-1.607721,0.495345
4328.673808,sim,1.368464,-0.071974,-2.460374,1.259767,-1.607536,0.495331
4328.677357,sim,1.368460,-0.071952,-2.460376,1.259775,-1.607548,0.495343
4328.681294,sim,1.368768,-0.071257,-2.459446,1.259384,-1.607351,0.495332
4328.685356,sim,1.369092,-0.070494,-2.458515,1.258964,-1.607161,0.495343
4328.689317,sim,1.369453,-0.069773,-2.457576,1.258487,-1.606926,0.495331
4328.693411,sim,1.369825,-0.069006,-2.456636,1.257990,-1.606699,0.495343
4328.697310,sim,1.370227,-0.068280,-2.455693,1.257444,-1.606432,0.495330
4328.701345,sim,1.370637,-0.067510,-2.454754,1.256887,-1.606177,0.495343
4328.705471,sim,1.371072,-0.066786,-2.453815,1.256292,-1.605888,0.495335
4328.709385,sim,1.371068,-0.066761,-2.453819,1.256289,-1.605892,0.495334
4328.713471,sim,1.371517,-0.066013,-2.452888,1.255672,-1.605600,0.495342
4328.717315,sim,1.371986,-0.065286,-2.451964,1.255013,-1.605279,0.495334
4328.721335,sim,1.372466,-0.064518,-2.451055,1.254330,-1.604958,0.495341
4328.725398,sim,1.372969,-0.063796,-2.450154,1.253617,-1.604609,0.495338
4328.729357,sim,1.373478,-0.063042,-2.449273,1.252875,-1.604252,0.495327
4328.733395,sim,1.373477,-0.063039,-2.449271,1.252886,-1.604264,0.495346
4328.737389,sim,1.374006,-0.062342,-2.448396,1.252120,-1.603879,0.495331
4328.741410,sim,1.374541,-0.061597,-2.447540,1.251341,-1.603505,0.495342
4328.745317,sim,1.375100,-0.060913,-2.446693,1.250528,-1.603092,0.495335
4328.749352,sim,1.375659,-0.060177,-2.445872,1.249694,-1.602679,0.495333
4328.753396,sim,1.376233,-0.059492,-2.445061,1.248851,-1.602252,0.495343
4328.757377,sim,1.376813,-0.058822,-2.444271,1.247982,-1.601799,0.495329
4328.761292,sim,1.377392,-0.058124,-2.443505,1.247116,-1.601361,0.495340
4328.765310,sim,1.377396,-0.058154,-2.443500,1.247119,-1.601356,0.495341
4328.769320,sim,1.377986,-0.057497,-2.442754,1.246223,-1.600877,0.495327
4328.773623,sim,1.378586,-0.056840,-2.442028,1.245329,-1.600396,0.495346
4328.777248,sim,1.379204,-0.056237,-2.441320,1.244397,-1.599859,0.495331
4328.781288,sim,1.379821,-0.055601,-2.440636,1.243469,-1.599329,0.495343
4328.785347,sim,1.380453,-0.055013,-2.439971,1.242515,-1.598757,0.495330
4328.789332,sim,1.381080,-0.054403,-2.439327,1.241574,-1.598196,0.495344
4328.793357,sim,1.381719,-0.053856,-2.438699,1.240613,-1.597593,0.495331
4328.797290,sim,1.381713,-0.053829,-2.438701,1.240622,-1.597609,0.495344
4328.801334,sim,1.382361,-0.053292,-2.438091,1.239654,-1.596991,0.495330
4328.805329,sim,1.383010,-0.052711,-2.437499,1.238693,-1.596384,0.495342
4328.809277,sim,1.383684,-0.052199,-2.436915,1.237711,-1.595735,0.495332
4328.813384,sim,1.384354,-0.051641,-2.436352,1.236738,-1.595101,0.495343
4328.817396,sim,1.385044,-0.051137,-2.435800,1.235745,-1.594429,0.495329
4328.821338,sim,1.385729,-0.050607,-2.435263,1.234770,-1.593777,0.495343
4328.825270,sim,1.385734,-0.050629,-2.435261,1.234764,-1.593765,0.495331
4328.829286,sim,1.386423,-0.050109,-2.434741,1.233791,-1.593111,0.495343
4328.833461,sim,1.387128,-0.049644,-2.434234,1.232808,-1.592433,0.495330
4328.837357,sim,1.387827,-0.049138,-2.433745,1.231844,-1.591787,0.495344
4328.841291,sim,1.388544,-0.048691,-2.433268,1.230865,-1.591112,0.495330
4328.845301,sim,1.389256,-0.048212,-2.432805,1.229904,-1.590467,0.495342
4328.849361,sim,1.389986,-0.047790,-2.432351,1.228931,-1.589800,0.495332
4328.853456,sim,1.390713,-0.047319,-2.431912,1.227967,-1.589160,0.495342
4328.857309,sim,1.390718,-0.047351,-2.431909,1.227962,-1.589147,0.495333
4328.861280,sim,1.391465,-0.046884,-2.431477,1.226982,-1.588506,0.495341
4328.865335,sim,1.392252,-0.046476,-2.431044,1.225969,-1.587844,0.495334
4328.869327,sim,1.393055,-0.046020,-2.430623,1.224937,-1.587198,0.495334
4328.873451,sim,1.393883,-0.045599,-2.430202,1.223895,-1.586555,0.495346
4328.877317,sim,1.394728,-0.045181,-2.429792,1.222823,-1.585900,0.495327
4328.881362,sim,1.395581,-0.044747,-2.429389,1.221764,-1.585280,0.495343
4328.885344,sim,1.396449,-0.044365,-2.428991,1.220686,-1.584642,0.495330
4328.889454,sim,1.396443,-0.044341,-2.428992,1.220694,-1.584656,0.495344
4328.893402,sim,1.397319,-0.043961,-2.428607,1.219606,-1.584027,0.495328
4328.897325,sim,1.398195,-0.043551,-2.428233,1.218528,-1.583440,0.495343
4328.901400,sim,1.399087,-0.043200,-2.427866,1.217426,-1.582837,0.495332
4328.905275,sim,1.399976,-0.042808,-2.427514,1.216329,-1.582268,0.495342
4328.909400,sim,1.400876,-0.042471,-2.427170,1.215214,-1.581687,0.495329
4328.913452,sim,1.400872,-0.042458,-2.427170,1.215223,-1.581698,0.495342
4328.917414,sim,1.401781,-0.042140,-2.426831,1.214103,-1.581128,0.495334
4328.921344,sim,1.402691,-0.041767,-2.426509,1.212965,-1.580579,0.495333
4328.925299,sim,1.403620,-0.041459,-2.426184,1.211826,-1.580035,0.495349
4328.929301,sim,1.404551,-0.041142,-2.425875,1.210653,-1.579477,0.495327
4328.933625,sim,1.405485,-0.040816,-2.425571,1.209496,-1.578957,0.495344
4328.937382,sim,1.406425,-0.040551,-2.425271,1.208323,-1.578419,0.495333
4328.941641,sim,1.407354,-0.040230,-2.424988,1.207155,-1.577913,0.495339
4328.945371,sim,1.408290,-0.039979,-2.424707,1.205986,-1.577399,0.495331
4328.949395,sim,1.409207,-0.039701,-2.424438,1.204836,-1.576918,0.495343
4328.953488,sim,1.409212,-0.039726,-2.424435,1.204832,-1.576908,0.495334
4328.957349,sim,1.410129,-0.039453,-2.424180,1.203676,-1.576429,0.495334
4328.961309,sim,1.411060,-0.039229,-2.423930,1.202526,-1.575959,0.495348
4328.965470,sim,1.411994,-0.039009,-2.423699,1.201352,-1.575473,0.495326
4328.969257,sim,1.412929,-0.038782,-2.423476,1.200203,-1.575025,0.495344
4328.973422,sim,1.413871,-0.038607,-2.423262,1.199040,-1.574554,0.495331
4328.977868,sim,1.413867,-0.038587,-2.423263,1.199046,-1.574566,0.495343
4328.981420,sim,1.414820,-0.038430,-2.423055,1.197881,-1.574100,0.495335
4328.985311,sim,1.415781,-0.038226,-2.422863,1.196700,-1.573644,0.495334
4328.989305,sim,1.416765,-0.038056,-2.422673,1.195512,-1.573186,0.495342
4328.993411,sim,1.417761,-0.037915,-2.422489,1.194308,-1.572716,0.495334
4328.997456,sim,1.418764,-0.037739,-2.422320,1.193097,-1.572257,0.495334
4329.001278,sim,1.419780,-0.037601,-2.422152,1.191889,-1.571798,0.495345
4329.005318,sim,1.419782,-0.037606,-2.422154,1.191879,-1.571786,0.495327
4329.009349,sim,1.420795,-0.037449,-2.422000,1.190677,-1.571341,0.495344
4329.013526,sim,1.421814,-0.037361,-2.421853,1.189475,-1.570873,0.495334
4329.017249,sim,1.422819,-0.037222,-2.421724,1.188291,-1.570429,0.495340
4329.021312,sim,1.423830,-0.037152,-2.421599,1.187120,-1.569976,0.495336
4329.025317,sim,1.424823,-0.037034,-2.421494,1.185958,-1.569534,0.495332
4329.029343,sim,1.425817,-0.036972,-2.421389,1.184827,-1.569103,0.495348
4329.033418,sim,1.426800,-0.036917,-2.421300,1.183690,-1.568652,0.495326
4329.037338,sim,1.426796,-0.036886,-2.421303,1.183699,-1.568668,0.495342
4329.041361,sim,1.427785,-0.036856,-2.421219,1.182577,-1.568219,0.495331
4329.045393,sim,1.428773,-0.036784,-2.421151,1.181468,-1.567787,0.495343
4329.049309,sim,1.429779,-0.036764,-2.421089,1.180347,-1.567324,0.495332
4329.053436,sim,1.430780,-0.036710,-2.421040,1.179242,-1.566878,0.495342
4329.057349,sim,1.431794,-0.036713,-2.420994,1.178136,-1.566408,0.495335
4329.061397,sim,1.432796,-0.036661,-2.420964,1.177037,-1.565948,0.495333
4329.065292,sim,1.433804,-0.036664,-2.420932,1.175956,-1.565484,0.495343
4329.069345,sim,1.433803,-0.036659,-2.420934,1.175951,-1.565481,0.495331
4329.073618,sim,1.434809,-0.036636,-2.420912,1.174873,-1.565017,0.495343
4329.077451,sim,1.435831,-0.036649,-2.420893,1.173779,-1.564524,0.495331
4329.081371,sim,1.436854,-0.036626,-2.420879,1.172697,-1.564045,0.495343
4329.085318,sim,1.437891,-0.036652,-2.420867,1.171599,-1.563533,0.495330
4329.089324,sim,1.438919,-0.036622,-2.420862,1.170517,-1.563043,0.495342
4329.093502,sim,1.438925,-0.036641,-2.420861,1.170510,-1.563032,0.495331
4329.097296,sim,1.439965,-0.036621,-2.420856,1.169423,-1.562532,0.495343
4329.101369,sim,1.441031,-0.036650,-2.420850,1.168313,-1.562000,0.495333
4329.105301,sim,1.442099,-0.036632,-2.420849,1.167205,-1.561479,0.495342
4329.109315,sim,1.443186,-0.036658,-2.420845,1.166085,-1.560936,0.495334
4329.113449,sim,1.444269,-0.036634,-2.420849,1.164965,-1.560403,0.495334
4329.117314,sim,1.445359,-0.036632,-2.420850,1.163852,-1.559868,0.495340
4329.121350,sim,1.446448,-0.036648,-2.420851,1.162741,-1.559326,0.495329
4329.125349,sim,1.446445,-0.036641,-2.420848,1.162752,-1.559339,0.495346
4329.129300,sim,1.447542,-0.036657,-2.420850,1.161637,-1.558791,0.495330
4329.133459,sim,1.448648,-0.036633,-2.420854,1.160534,-1.558267,0.495342
4329.137326,sim,1.449778,-0.036656,-2.420853,1.159419,-1.557719,0.495332
4329.141299,sim,1.450909,-0.036642,-2.420854,1.158315,-1.557190,0.495343
4329.145351,sim,1.452057,-0.036666,-2.420854,1.157201,-1.556641,0.495332
4329.149312,sim,1.453200,-0.036645,-2.420856,1.156102,-1.556113,0.495342
4329.153496,sim,1.454357,-0.036668,-2.420855,1.154999,-1.555566,0.495332
4329.157384,sim,1.455503,-0.036650,-2.420856,1.153916,-1.555043,0.495343
4329.161359,sim,1.455507,-0.036669,-2.420856,1.153908,-1.555031,0.495330
4329.165432,sim,1.456644,-0.036647,-2.420857,1.152842,-1.554516,0.495343
4329.169391,sim,1.457772,-0.036671,-2.420857,1.151785,-1.553986,0.495331
4329.173756,sim,1.458875,-0.036649,-2.420858,1.150763,-1.553488,0.495342
4329.177425,sim,1.459970,-0.036669,-2.420858,1.149749,-1.552978,0.495331
4329.181389,sim,1.461040,-0.036646,-2.420859,1.148769,-1.552500,0.495344
4329.185480,sim,1.461045,-0.036670,-2.420858,1.148762,-1.552487,0.495331
4329.189499,sim,1.462113,-0.036656,-2.420857,1.147789,-1.552009,0.495344
4329.193420,sim,1.463199,-0.036674,-2.420857,1.146797,-1.551504,0.495331
4329.197458,sim,1.464283,-0.036648,-2.420859,1.145815,-1.551017,0.495341
4329.201437,sim,1.465381,-0.036671,-2.420857,1.144825,-1.550508,0.495332
4329.205489,sim,1.466471,-0.036653,-2.420857,1.143848,-1.550018,0.495343
4329.209372,sim,1.467568,-0.036672,-2.420856,1.142865,-1.549510,0.495333
4329.213564,sim,1.468652,-0.036655,-2.420856,1.141900,-1.549019,0.495342
4329.217511,sim,1.468656,-0.036678,-2.420854,1.141895,-1.549010,0.495333
4329.221526,sim,1.469740,-0.036646,-2.420857,1.140933,-1.548523,0.495342
4329.225418,sim,1.470845,-0.036677,-2.420853,1.139961,-1.548014,0.495333
4329.229461,sim,1.471943,-0.036649,-2.420854,1.139000,-1.547528,0.495342
4329.233615,sim,1.473056,-0.036668,-2.420852,1.138029,-1.547024,0.495332
4329.237513,sim,1.474159,-0.036648,-2.420851,1.137076,-1.546543,0.495342
4329.241408,sim,1.475271,-0.036678,-2.420847,1.136119,-1.546047,0.495332
4329.245441,sim,1.476367,-0.036645,-2.420848,1.135179,-1.545578,0.495342
4329.249606,sim,1.476372,-0.036666,-2.420847,1.135172,-1.545567,0.495330
4329.253698,sim,1.477468,-0.036649,-2.420845,1.134240,-1.545106,0.495342
4329.257495,sim,1.478572,-0.036673,-2.420842,1.133299,-1.544632,0.495331
4329.261461,sim,1.479664,-0.036653,-2.420841,1.132375,-1.544189,0.495342
4329.265547,sim,1.480759,-0.036668,-2.420840,1.131444,-1.543734,0.495330
4329.269561,sim,1.481838,-0.036646,-2.420839,1.130536,-1.543312,0.495343
4329.273600,sim,1.481843,-0.036669,-2.420837,1.130530,-1.543302,0.495332
4329.277514,sim,1.482922,-0.036651,-2.420836,1.129622,-1.542886,0.495343
4329.281491,sim,1.484019,-0.036672,-2.420834,1.128694,-1.542456,0.495332
4329.285593,sim,1.485116,-0.036649,-2.420834,1.127769,-1.542052,0.495342
4329.289483,sim,1.486230,-0.036669,-2.420831,1.126828,-1.541635,0.495333
4329.293573,sim,1.487343,-0.036648,-2.420832,1.125889,-1.541241,0.495342
4329.297505,sim,1.488472,-0.036673,-2.420830,1.124932,-1.540833,0.495330
4329.301523,sim,1.489598,-0.036649,-2.420829,1.123983,-1.540455,0.495342
4329.305504,sim,1.489603,-0.036668,-2.420829,1.123976,-1.540444,0.495332
4329.309465,sim,1.490746,-0.036655,-2.420828,1.123013,-1.540069,0.495342
4329.313673,sim,1.491921,-0.036668,-2.420827,1.122017,-1.539683,0.495331
4329.317551,sim,1.493108,-0.036645,-2.420827,1.121020,-1.539325,0.495343
4329.322628,sim,1.494319,-0.036668,-2.420823,1.120002,-1.538955,0.495334
4329.325585,sim,1.495529,-0.036653,-2.420822,1.118989,-1.538611,0.495344
4329.329608,sim,1.496753,-0.036679,-2.420818,1.117962,-1.538256,0.495332
4329.333708,sim,1.497965,-0.036647,-2.420820,1.116946,-1.537932,0.495341
4329.337560,sim,1.499183,-0.036666,-2.420818,1.115928,-1.537599,0.495332
4329.341645,sim,1.499179,-0.036648,-2.420818,1.115936,-1.537610,0.495343
4329.345613,sim,1.500379,-0.036673,-2.420815,1.114934,-1.537288,0.495332
4329.349662,sim,1.501547,-0.036650,-2.420815,1.113966,-1.537001,0.495342
4329.353649,sim,1.502702,-0.036670,-2.420812,1.113010,-1.536710,0.495333
4329.357592,sim,1.503827,-0.036648,-2.420812,1.112081,-1.536447,0.495342
4329.361777,sim,1.504943,-0.036669,-2.420810,1.111158,-1.536176,0.495331
4329.365723,sim,1.504939,-0.036650,-2.420810,1.111165,-1.536187,0.495342
4329.369643,sim,1.506055,-0.036677,-2.420807,1.110246,-1.535922,0.495332
4329.373778,sim,1.507175,-0.036657,-2.420806,1.109330,-1.535684,0.495344
4329.377669,sim,1.508313,-0.036675,-2.420805,1.108391,-1.535426,0.495332
4329.381620,sim,1.509449,-0.036644,-2.420807,1.107457,-1.535191,0.495341
4329.385664,sim,1.510600,-0.036667,-2.420805,1.106511,-1.534941,0.495331
4329.389685,sim,1.511742,-0.036647,-2.420804,1.105577,-1.534715,0.495341
4329.393942,sim,1.512892,-0.036672,-2.420800,1.104635,-1.534477,0.495334
4329.397802,sim,1.512887,-0.036647,-2.420802,1.104639,-1.534486,0.495343
4329.401715,sim,1.514045,-0.036673,-2.420799,1.103685,-1.534247,0.495331
4329.405659,sim,1.515214,-0.036662,-2.420796,1.102728,-1.534034,0.495345
4329.409614,sim,1.516406,-0.036667,-2.420797,1.101734,-1.533802,0.495330
4329.413818,sim,1.517607,-0.036656,-2.420794,1.100747,-1.533595,0.495344
4329.417617,sim,1.518824,-0.036665,-2.420794,1.099730,-1.533371,0.495330
4329.421662,sim,1.520042,-0.036643,-2.420793,1.098722,-1.533172,0.495343
4329.425745,sim,1.521271,-0.036670,-2.420790,1.097696,-1.532955,0.495332
4329.429699,sim,1.521267,-0.036648,-2.420791,1.097701,-1.532964,0.495342
4329.433689,sim,1.522505,-0.036671,-2.420788,1.096667,-1.532754,0.495333
4329.437688,sim,1.523744,-0.036647,-2.420788,1.095630,-1.532570,0.495343
4329.441731,sim,1.524999,-0.036668,-2.420786,1.094573,-1.532372,0.495332
4329.445721,sim,1.526247,-0.036649,-2.420786,1.093523,-1.532201,0.495342
4329.449684,sim,1.527502,-0.036675,-2.420784,1.092459,-1.532015,0.495331
4329.453707,sim,1.527498,-0.036652,-2.420785,1.092466,-1.532027,0.495343
4329.457729,sim,1.528753,-0.036671,-2.420784,1.091399,-1.531851,0.495332
4329.461698,sim,1.530000,-0.036644,-2.420786,1.090340,-1.531704,0.495342
4329.465615,sim,1.531256,-0.036672,-2.420783,1.089271,-1.531546,0.495333
4329.469727,sim,1.532499,-0.036660,-2.420782,1.088214,-1.531414,0.495342
4329.474388,sim,1.533743,-0.036677,-2.420782,1.087150,-1.531274,0.495332
4329.477676,sim,1.534969,-0.036643,-2.420785,1.086101,-1.531162,0.495341
4329.481674,sim,1.536195,-0.036669,-2.420783,1.085056,-1.531040,0.495333
4329.485668,sim,1.536190,-0.036650,-2.420784,1.085061,-1.531048,0.495342
4329.489659,sim,1.537407,-0.036669,-2.420784,1.084020,-1.530935,0.495331
4329.493840,sim,1.538618,-0.036658,-2.420783,1.083000,-1.530854,0.495343
4329.497723,sim,1.539834,-0.036673,-2.420781,1.081973,-1.530769,0.495334
4329.501746,sim,1.541039,-0.036644,-2.420785,1.080958,-1.530706,0.495340
4329.505711,sim,1.542248,-0.036669,-2.420783,1.079949,-1.530641,0.495333
4329.509711,sim,1.543439,-0.036658,-2.420782,1.078961,-1.530600,0.495343
4329.513779,sim,1.544629,-0.036667,-2.420783,1.077969,-1.530550,0.495331
4329.517802,sim,1.545799,-0.036633,-2.420787,1.077001,-1.530526,0.495339
4329.521749,sim,1.545805,-0.036670,-2.420782,1.077003,-1.530520,0.495335
4329.525725,sim,1.546959,-0.036649,-2.420783,1.076054,-1.530500,0.495342
4329.529684,sim,1.548106,-0.036679,-2.420781,1.075120,-1.530469,0.495333
4329.533721,sim,1.549225,-0.036645,-2.420784,1.074211,-1.530461,0.495341
4329.537705,sim,1.550343,-0.036678,-2.420781,1.073314,-1.530438,0.495332
4329.541737,sim,1.551434,-0.036649,-2.420783,1.072443,-1.530441,0.495343
4329.545695,sim,1.551438,-0.036671,-2.420782,1.072436,-1.530430,0.495332
4329.549832,sim,1.552537,-0.036651,-2.420783,1.071565,-1.530433,0.495342
4329.553760,sim,1.553666,-0.036672,-2.420782,1.070669,-1.530419,0.495332
4329.557734,sim,1.554808,-0.036659,-2.420782,1.069773,-1.530425,0.495342
4329.561687,sim,1.555973,-0.036668,-2.420783,1.068853,-1.530415,0.495332
4329.565777,sim,1.557147,-0.036636,-2.420786,1.067932,-1.530424,0.495340
4329.569736,sim,1.558341,-0.036673,-2.420782,1.067003,-1.530417,0.495334
4329.574039,sim,1.559533,-0.036650,-2.420783,1.066072,-1.530426,0.495341
4329.577716,sim,1.559539,-0.036683,-2.420780,1.066070,-1.530418,0.495334
4329.581751,sim,1.560740,-0.036645,-2.420783,1.065126,-1.530429,0.495342
4329.585793,sim,1.561966,-0.036670,-2.420782,1.064160,-1.530423,0.495334
4329.589790,sim,1.563188,-0.036643,-2.420785,1.063187,-1.530431,0.495340
4329.593773,sim,1.564425,-0.036675,-2.420781,1.062203,-1.530426,0.495334
4329.597780,sim,1.565650,-0.036661,-2.420781,1.061220,-1.530436,0.495343
4329.601923,sim,1.566879,-0.036679,-2.420782,1.060223,-1.530427,0.495332
4329.605829,sim,1.568089,-0.036643,-2.420786,1.059239,-1.530440,0.495342
4329.609685,sim,1.568095,-0.036669,-2.420784,1.059235,-1.530431,0.495334
4329.613812,sim,1.569295,-0.036640,-2.420788,1.058245,-1.530438,0.495339
4329.617829,sim,1.570498,-0.036675,-2.420783,1.057252,-1.530435,0.495336
4329.621823,sim,1.571681,-0.036654,-2.420785,1.056256,-1.530442,0.495342
4329.625732,sim,1.572862,-0.036675,-2.420785,1.055251,-1.530433,0.495332
4329.629697,sim,1.574020,-0.036642,-2.420789,1.054253,-1.530441,0.495339
4329.633904,sim,1.574026,-0.036674,-2.420785,1.054254,-1.530436,0.495335
4329.637832,sim,1.575177,-0.036651,-2.420787,1.053253,-1.530443,0.495341
4329.641700,sim,1.576337,-0.036679,-2.420784,1.052236,-1.530436,0.495334
4329.645700,sim,1.577482,-0.036644,-2.420789,1.051212,-1.530442,0.495339
4329.649730,sim,1.578633,-0.036675,-2.420785,1.050185,-1.530438,0.495335
4329.653896,sim,1.579763,-0.036660,-2.420786,1.049158,-1.530443,0.495341
4329.657747,sim,1.580892,-0.036682,-2.420785,1.048122,-1.530435,0.495333
4329.661818,sim,1.581998,-0.036649,-2.420789,1.047097,-1.530445,0.495342
4329.665932,sim,1.582003,-0.036667,-2.420788,1.047092,-1.530438,0.495334
4329.669919,sim,1.583101,-0.036643,-2.420791,1.046061,-1.530443,0.495339
4329.673857,sim,1.584203,-0.036662,-2.420790,1.045020,-1.530439,0.495334
4329.677805,sim,1.585291,-0.036647,-2.420791,1.043978,-1.530446,0.495342
4329.681798,sim,1.586381,-0.036692,-2.420786,1.042929,-1.530436,0.495334
4329.686036,sim,1.587450,-0.036656,-2.420790,1.041881,-1.530445,0.495342
4329.689822,sim,1.588522,-0.036681,-2.420789,1.040830,-1.530438,0.495334
4329.693868,sim,1.589569,-0.036648,-2.420793,1.039786,-1.530444,0.495340
4329.697983,sim,1.590616,-0.036684,-2.420789,1.038751,-1.530439,0.495335
4329.701812,sim,1.590609,-0.036650,-2.420793,1.038752,-1.530445,0.495341
4329.705793,sim,1.591644,-0.036676,-2.420792,1.037716,-1.530439,0.495334
4329.709790,sim,1.592660,-0.036646,-2.420796,1.036684,-1.530444,0.495339
4329.713902,sim,1.593683,-0.036690,-2.420790,1.035656,-1.530439,0.495336
4329.717784,sim,1.594686,-0.036655,-2.420795,1.034625,-1.530445,0.495341
4329.721782,sim,1.595697,-0.036680,-2.420793,1.033590,-1.530439,0.495334
4329.725816,sim,1.595691,-0.036649,-2.420797,1.033589,-1.530444,0.495339
4329.729793,sim,1.596710,-0.036682,-2.420793,1.032548,-1.530441,0.495337
4329.733987,sim,1.597734,-0.036660,-2.420796,1.031480,-1.530446,0.495342
4329.737819,sim,1.598782,-0.036684,-2.420795,1.030387,-1.530439,0.495334
4329.741767,sim,1.599829,-0.036653,-2.420800,1.029281,-1.530444,0.495339
4329.745854,sim,1.600896,-0.036699,-2.420794,1.028167,-1.530438,0.495335
4329.749810,sim,1.601949,-0.036663,-2.420799,1.027042,-1.530445,0.495341
4329.753878,sim,1.603016,-0.036686,-2.420799,1.025907,-1.530437,0.495333
4329.757895,sim,1.603011,-0.036659,-2.420801,1.025910,-1.530445,0.495340
4329.761892,sim,1.604076,-0.036687,-2.420798,1.024771,-1.530440,0.495336
4329.765847,sim,1.605133,-0.036667,-2.420800,1.023619,-1.530446,0.495342
4329.769781,sim,1.606199,-0.036689,-2.420800,1.022447,-1.530438,0.495334
4329.773973,sim,1.607254,-0.036663,-2.420804,1.021270,-1.530445,0.495340
4329.777843,sim,1.608314,-0.036694,-2.420801,1.020086,-1.530438,0.495334
4329.781889,sim,1.609358,-0.036670,-2.420804,1.018902,-1.530445,0.495341
4329.785840,sim,1.610403,-0.036693,-2.420803,1.017712,-1.530440,0.495335
4329.789836,sim,1.610398,-0.036666,-2.420806,1.017713,-1.530445,0.495340
4329.793910,sim,1.611438,-0.036698,-2.420803,1.016517,-1.530440,0.495336
4329.797882,sim,1.612466,-0.036675,-2.420807,1.015304,-1.530444,0.495340
4329.801844,sim,1.613504,-0.036710,-2.420805,1.014074,-1.530437,0.495333
4329.805781,sim,1.614524,-0.036663,-2.420812,1.012833,-1.530444,0.495339
4329.809953,sim,1.615552,-0.036703,-2.420808,1.011588,-1.530440,0.495335
4329.814055,sim,1.615546,-0.036679,-2.420810,1.011590,-1.530445,0.495341
4329.817790,sim,1.616570,-0.036704,-2.420810,1.010325,-1.530438,0.495334
4329.821894,sim,1.617587,-0.036675,-2.420815,1.009043,-1.530444,0.495339
4329.825917,sim,1.618614,-0.036702,-2.420814,1.007744,-1.530440,0.495334
4329.829935,sim,1.619628,-0.036673,-2.420819,1.006435,-1.530446,0.495341
4329.833988,sim,1.620651,-0.036715,-2.420815,1.005118,-1.530440,0.495336
4329.837834,sim,1.621654,-0.036697,-2.420818,1.003798,-1.530446,0.495342
4329.841863,sim,1.622657,-0.036717,-2.420819,1.002472,-1.530440,0.495335
4329.845928,sim,1.622652,-0.036686,-2.420823,1.002471,-1.530445,0.495340
4329.849875,sim,1.623656,-0.036723,-2.420820,1.001138,-1.530440,0.495336
4329.854019,sim,1.624653,-0.036701,-2.420825,0.999776,-1.530446,0.495341
4329.857838,sim,1.625666,-0.036738,-2.420823,0.998389,-1.530438,0.495334
4329.861853,sim,1.626668,-0.036704,-2.420831,0.996982,-1.530443,0.495338
4329.865900,sim,1.627683,-0.036723,-2.420832,0.995561,-1.530441,0.495335
4329.869811,sim,1.628685,-0.036716,-2.420835,0.994134,-1.530445,0.495341
4329.874062,sim,1.629692,-0.036754,-2.420833,0.992698,-1.530440,0.495336
4329.877852,sim,1.630683,-0.036732,-2.420839,0.991258,-1.530445,0.495341
4329.881854,sim,1.630689,-0.036759,-2.420836,0.991257,-1.530440,0.495335
4329.885865,sim,1.631665,-0.036732,-2.420843,0.989819,-1.530444,0.495339
4329.889840,sim,1.632633,-0.036770,-2.420841,0.988394,-1.530440,0.495336
4329.894030,sim,1.633571,-0.036757,-2.420846,0.986978,-1.530444,0.495341
4329.897815,sim,1.634499,-0.036784,-2.420847,0.985566,-1.530438,0.495334
4329.901912,sim,1.635400,-0.036753,-2.420856,0.984163,-1.530443,0.495339
4329.906017,sim,1.635405,-0.036776,-2.420854,0.984162,-1.530439,0.495333
4329.909925,sim,1.636297,-0.036750,-2.420861,0.982756,-1.530445,0.495341
4329.913992,sim,1.637203,-0.036800,-2.420858,0.981329,-1.530440,0.495336
4329.917887,sim,1.638093,-0.036776,-2.420866,0.979879,-1.530444,0.495340
4329.921936,sim,1.638993,-0.036807,-2.420870,0.978410,-1.530437,0.495333
4329.925971,sim,1.639877,-0.036763,-2.420882,0.976929,-1.530444,0.495339
4329.929937,sim,1.640771,-0.036815,-2.420881,0.975447,-1.530441,0.495337
4329.933963,sim,1.641640,-0.036781,-2.420893,0.973952,-1.530445,0.495341
4329.937903,sim,1.641647,-0.036814,-2.420890,0.973950,-1.530437,0.495334
4329.941868,sim,1.642517,-0.036770,-2.420905,0.972438,-1.530444,0.495339
4329.945874,sim,1.643407,-0.036811,-2.420909,0.970906,-1.530441,0.495337
4329.949835,sim,1.644284,-0.036787,-2.420923,0.969351,-1.530446,0.495341
4329.953976,sim,1.645174,-0.036822,-2.420933,0.967778,-1.530438,0.495334
4329.957944,sim,1.646051,-0.036787,-2.420951,0.966195,-1.530444,0.495339
4329.961889,sim,1.646936,-0.036819,-2.420962,0.964611,-1.530442,0.495337
4329.965936,sim,1.647805,-0.036798,-2.420980,0.963024,-1.530446,0.495341
4329.970036,sim,1.647811,-0.036835,-2.420976,0.963023,-1.530438,0.495334
4329.974328,sim,1.648676,-0.036789,-2.421000,0.961424,-1.530443,0.495339
4329.977917,sim,1.649561,-0.036829,-2.421012,0.959815,-1.530441,0.495337
4329.981912,sim,1.650433,-0.036808,-2.421034,0.958189,-1.530445,0.495340
4329.985947,sim,1.651317,-0.036838,-2.421052,0.956552,-1.530440,0.495335
4329.989892,sim,1.652187,-0.036809,-2.421078,0.954910,-1.530444,0.495339
4329.993901,sim,1.652193,-0.036834,-2.421075,0.954911,-1.530441,0.495335
4329.997894,sim,1.653066,-0.036818,-2.421099,0.953258,-1.530446,0.495341
4330.002012,sim,1.653955,-0.036862,-2.421117,0.951583,-1.530442,0.495337
4330.005968,sim,1.654834,-0.036843,-2.421145,0.949885,-1.530446,0.495341
4330.010319,sim,1.655725,-0.036879,-2.421167,0.948172,-1.530441,0.495335
4330.013918,sim,1.656602,-0.036859,-2.421198,0.946450,-1.530444,0.495338
4330.017949,sim,1.657486,-0.036895,-2.421221,0.944728,-1.530444,0.495336
4330.021947,sim,1.658350,-0.036893,-2.421250,0.943007,-1.530445,0.495340
4330.025917,sim,1.659215,-0.036941,-2.421272,0.941295,-1.530442,0.495336
4330.029948,sim,1.659209,-0.036910,-2.421275,0.941294,-1.530448,0.495341
4330.034025,sim,1.660060,-0.036953,-2.421301,0.939585,-1.530443,0.495336
4330.037996,sim,1.660882,-0.036938,-2.421337,0.937880,-1.530446,0.495339
4330.041890,sim,1.661704,-0.036992,-2.421366,0.936183,-1.530444,0.495335
4330.045916,sim,1.662497,-0.036981,-2.421406,0.934486,-1.530447,0.495340
4330.049947,sim,1.663293,-0.037040,-2.421439,0.932795,-1.530444,0.495336
4330.054052,sim,1.664066,-0.037036,-2.421482,0.931103,-1.530448,0.495340
4330.057894,sim,1.664841,-0.037089,-2.421521,0.929412,-1.530444,0.495336
4330.061952,sim,1.664835,-0.037053,-2.421526,0.929408,-1.530447,0.495339
4330.065999,sim,1.665610,-0.037100,-2.421570,0.927696,-1.530445,0.495335
4330.069914,sim,1.666381,-0.037106,-2.421624,0.925947,-1.530449,0.495340
4330.074154,sim,1.667168,-0.037168,-2.421676,0.924171,-1.530446,0.495337
4330.077892,sim,1.667944,-0.037167,-2.421742,0.922369,-1.530450,0.495341
4330.082064,sim,1.668730,-0.037215,-2.421807,0.920552,-1.530446,0.495335
4330.085974,sim,1.668725,-0.037182,-2.421812,0.920549,-1.530450,0.495339
4330.089869,sim,1.669508,-0.037230,-2.421881,0.918724,-1.530448,0.495336
4330.093997,sim,1.670276,-0.037230,-2.421961,0.916889,-1.530452,0.495341
4330.097972,sim,1.671052,-0.037300,-2.422035,0.915053,-1.530449,0.495337
4330.101974,sim,1.671806,-0.037279,-2.422129,0.913203,-1.530451,0.495340
4330.105988,sim,1.672570,-0.037336,-2.422214,0.911362,-1.530449,0.495336
4330.109881,sim,1.673308,-0.037308,-2.422316,0.909515,-1.530452,0.495339
4330.114156,sim,1.674052,-0.037355,-2.422411,0.907683,-1.530451,0.495336
4330.117953,sim,1.674047,-0.037332,-2.422413,0.907684,-1.530454,0.495341
4330.121981,sim,1.674782,-0.037383,-2.422512,0.905848,-1.530451,0.495337
4330.125950,sim,1.675501,-0.037364,-2.422628,0.903987,-1.530454,0.495340
4330.129931,sim,1.676226,-0.037404,-2.422743,0.902115,-1.530450,0.495336
4330.134014,sim,1.676931,-0.037375,-2.422872,0.900232,-1.530455,0.495340
4330.137913,sim,1.677643,-0.037417,-2.422995,0.898352,-1.530455,0.495337
4330.141936,sim,1.678331,-0.037393,-2.423133,0.896468,-1.530457,0.495341
4330.146025,sim,1.679023,-0.037432,-2.423265,0.894594,-1.530455,0.495338
4330.149944,sim,1.679016,-0.037403,-2.423269,0.894593,-1.530457,0.495341
4330.154119,sim,1.679702,-0.037435,-2.423410,0.892703,-1.530453,0.495336
4330.158020,sim,1.680378,-0.037406,-2.423569,0.890781,-1.530457,0.495340
4330.161954,sim,1.681065,-0.037428,-2.423731,0.888835,-1.530457,0.495337
4330.166025,sim,1.681739,-0.037412,-2.423907,0.886868,-1.530458,0.495340
4330.169998,sim,1.682422,-0.037449,-2.424083,0.884890,-1.530456,0.495337
4330.174125,sim,1.682416,-0.037414,-2.424087,0.884888,-1.530460,0.495341
4330.178023,sim,1.683099,-0.037443,-2.424276,0.882881,-1.530457,0.495337
4330.181987,sim,1.683773,-0.037408,-2.424486,0.880836,-1.530460,0.495340
4330.185962,sim,1.684459,-0.037435,-2.424697,0.878774,-1.530459,0.495337
4330.189944,sim,1.685132,-0.037417,-2.424924,0.876693,-1.530462,0.495341
4330.194122,sim,1.685812,-0.037460,-2.425152,0.874610,-1.530458,0.495336
4330.197992,sim,1.686470,-0.037411,-2.425399,0.872519,-1.530463,0.495341
4330.202098,sim,1.687136,-0.037452,-2.425641,0.870446,-1.530461,0.495337
4330.205952,sim,1.687772,-0.037404,-2.425900,0.868381,-1.530463,0.495340
4330.209979,sim,1.687779,-0.037430,-2.425897,0.868383,-1.530463,0.495337
4330.214091,sim,1.688398,-0.037411,-2.426157,0.866364,-1.530464,0.495340
4330.217995,sim,1.689005,-0.037459,-2.426413,0.864402,-1.530463,0.495337
4330.221957,sim,1.689570,-0.037413,-2.426690,0.862473,-1.530465,0.495340
4330.226040,sim,1.690130,-0.037445,-2.426963,0.860593,-1.530463,0.495336
4330.230018,sim,1.690654,-0.037409,-2.427250,0.858745,-1.530465,0.495339
4330.233967,sim,1.691173,-0.037433,-2.427534,0.856939,-1.530465,0.495336
4330.238012,sim,1.691663,-0.037414,-2.427828,0.855162,-1.530467,0.495340
4330.242097,sim,1.691669,-0.037448,-2.427823,0.855166,-1.530465,0.495337
4330.246082,sim,1.692150,-0.037415,-2.428132,0.853383,-1.530468,0.495340
4330.249984,sim,1.692640,-0.037444,-2.428456,0.851576,-1.530466,0.495337
4330.254106,sim,1.693116,-0.037419,-2.428806,0.849741,-1.530468,0.495339
4330.258041,sim,1.693598,-0.037441,-2.429167,0.847893,-1.530467,0.495336
4330.262039,sim,1.694064,-0.037407,-2.429552,0.846027,-1.530470,0.495341
4330.266052,sim,1.694072,-0.037448,-2.429545,0.846034,-1.530470,0.495338
4330.269973,sim,1.694534,-0.037414,-2.429949,0.844146,-1.530472,0.495341
4330.274218,sim,1.695009,-0.037444,-2.430368,0.842234,-1.530470,0.495337
4330.278203,sim,1.695469,-0.037407,-2.430819,0.840291,-1.530471,0.495339
4330.281952,sim,1.695941,-0.037448,-2.431275,0.838343,-1.530472,0.495337
4330.285985,sim,1.696392,-0.037414,-2.431761,0.836373,-1.530473,0.495340
4330.290037,sim,1.696854,-0.037453,-2.432251,0.834407,-1.530474,0.495338
4330.294110,sim,1.697295,-0.037430,-2.432763,0.832434,-1.530474,0.495339
4330.298022,sim,1.697301,-0.037459,-2.432759,0.832436,-1.530473,0.495337
4330.302009,sim,1.697735,-0.037408,-2.433302,0.830437,-1.530475,0.495340
4330.306106,sim,1.698186,-0.037442,-2.433868,0.828412,-1.530477,0.495338
4330.310014,sim,1.698618,-0.037422,-2.434475,0.826346,-1.530478,0.495340
4330.314037,sim,1.699061,-0.037473,-2.435101,0.824262,-1.530477,0.495336
4330.317999,sim,1.699484,-0.037424,-2.435769,0.822142,-1.530480,0.495340
4330.322265,sim,1.699492,-0.037450,-2.435765,0.822145,-1.530480,0.495338
4330.326136,sim,1.699915,-0.037416,-2.436461,0.819999,-1.530482,0.495340
4330.330032,sim,1.700350,-0.037446,-2.437179,0.817830,-1.530485,0.495337
4330.334175,sim,1.700770,-0.037424,-2.437935,0.815631,-1.530487,0.495340
4330.337982,sim,1.701199,-0.037462,-2.438707,0.813425,-1.530489,0.495338
4330.342240,sim,1.701609,-0.037428,-2.439512,0.811203,-1.530493,0.495340
4330.345976,sim,1.702027,-0.037477,-2.440322,0.808994,-1.530493,0.495335
4330.349989,sim,1.702420,-0.037423,-2.441162,0.806783,-1.530497,0.495339
4330.354287,sim,1.702824,-0.037456,-2.441998,0.804609,-1.530503,0.495337
4330.358184,sim,1.702816,-0.037421,-2.442004,0.804604,-1.530502,0.495340
4330.362088,sim,1.703206,-0.037469,-2.442844,0.802475,-1.530506,0.495337
4330.366044,sim,1.703563,-0.037424,-2.443704,0.800386,-1.530511,0.495340
4330.370475,sim,1.703923,-0.037466,-2.444557,0.798362,-1.530516,0.495336
4330.374278,sim,1.704252,-0.037418,-2.445427,0.796372,-1.530522,0.495340
4330.378020,sim,1.704586,-0.037443,-2.446290,0.794440,-1.530531,0.495338
4330.382078,sim,1.704896,-0.037425,-2.447162,0.792542,-1.530538,0.495340
4330.386166,sim,1.705208,-0.037470,-2.448027,0.790689,-1.530544,0.495336
4330.390110,sim,1.705199,-0.037424,-2.448034,0.790682,-1.530546,0.495340
4330.394218,sim,1.705508,-0.037464,-2.448920,0.788829,-1.530554,0.495336
4330.397957,sim,1.705796,-0.037414,-2.449853,0.786933,-1.530565,0.495340
4330.402068,sim,1.706101,-0.037461,-2.450798,0.785036,-1.530579,0.495338
4330.406056,sim,1.706384,-0.037423,-2.451781,0.783103,-1.530592,0.495339
4330.410020,sim,1.706681,-0.037456,-2.452772,0.781176,-1.530610,0.495337
4330.414076,sim,1.706673,-0.037424,-2.452778,0.781170,-1.530608,0.495340
4330.418151,sim,1.706966,-0.037463,-2.453791,0.779226,-1.530627,0.495337
4330.421988,sim,1.707242,-0.037439,-2.454840,0.777245,-1.530647,0.495339
4330.426026,sim,1.707527,-0.037452,-2.455907,0.775250,-1.530670,0.495338
4330.429960,sim,1.707797,-0.037420,-2.456999,0.773235,-1.530695,0.495339
4330.434279,sim,1.708076,-0.037454,-2.458093,0.771228,-1.530723,0.495337
4330.438047,sim,1.708338,-0.037428,-2.459207,0.769213,-1.530753,0.495339
4330.442000,sim,1.708607,-0.037457,-2.460315,0.767216,-1.530788,0.495338
4330.445990,sim,1.708601,-0.037427,-2.460320,0.767211,-1.530788,0.495340
4330.450048,sim,1.708865,-0.037458,-2.461443,0.765211,-1.530826,0.495337
4330.454171,sim,1.709113,-0.037416,-2.462600,0.763187,-1.530874,0.495339
4330.458063,sim,1.709373,-0.037451,-2.463763,0.761174,-1.530933,0.495337
4330.461952,sim,1.709615,-0.037428,-2.464950,0.759148,-1.530998,0.495340
4330.466015,sim,1.709868,-0.037466,-2.466139,0.757136,-1.531071,0.495337
4330.470046,sim,1.710102,-0.037429,-2.467348,0.755115,-1.531152,0.495339
4330.474419,sim,1.710346,-0.037459,-2.468552,0.753117,-1.531239,0.495337
4330.478069,sim,1.710573,-0.037421,-2.469767,0.751121,-1.531332,0.495339
4330.482115,sim,1.710580,-0.037453,-2.469762,0.751127,-1.531332,0.495337
4330.486113,sim,1.710800,-0.037428,-2.470964,0.749172,-1.531432,0.495339
4330.490070,sim,1.711022,-0.037463,-2.472137,0.747283,-1.531543,0.495337
4330.494055,sim,1.711221,-0.037442,-2.473301,0.745430,-1.531659,0.495337
4330.498053,sim,1.711417,-0.037450,-2.474442,0.743636,-1.531786,0.495338
4330.502024,sim,1.711601,-0.037448,-2.475567,0.741883,-1.531918,0.495337
4330.505949,sim,1.711601,-0.037454,-2.475566,0.741884,-1.531917,0.495337
4330.510023,sim,1.711776,-0.037450,-2.476688,0.740158,-1.532060,0.495337
4330.514194,sim,1.711945,-0.037448,-2.477817,0.738442,-1.532218,0.495338
4330.518118,sim,1.712103,-0.037442,-2.478952,0.736738,-1.532387,0.495338
4330.522054,sim,1.712254,-0.037442,-2.480089,0.735051,-1.532567,0.495338
4330.526019,sim,1.712396,-0.037452,-2.481224,0.733387,-1.532757,0.495338
4330.530122,sim,1.712526,-0.037428,-2.482362,0.731734,-1.532956,0.495337
4330.534222,sim,1.712652,-0.037420,-2.483490,0.730117,-1.533168,0.495340
4330.538102,sim,1.712655,-0.037445,-2.483485,0.730122,-1.533167,0.495338
4330.542016,sim,1.712763,-0.037420,-2.484612,0.728528,-1.533393,0.495340
4330.546099,sim,1.712869,-0.037462,-2.485726,0.726977,-1.533644,0.495337
4330.550114,sim,1.712947,-0.037417,-2.486852,0.725433,-1.533916,0.495339
4330.554230,sim,1.713030,-0.037447,-2.487960,0.723940,-1.534214,0.495337
4330.558059,sim,1.713088,-0.037423,-2.489071,0.722465,-1.534528,0.495339
4330.562076,sim,1.713148,-0.037455,-2.490161,0.721035,-1.534861,0.495337
4330.566075,sim,1.713185,-0.037422,-2.491253,0.719621,-1.535208,0.495339
4330.570108,sim,1.713192,-0.037462,-2.491246,0.719629,-1.535208,0.495336
4330.574299,sim,1.713219,-0.037401,-2.492333,0.718242,-1.535588,0.495341
4330.578078,sim,1.713259,-0.037443,-2.493394,0.716915,-1.536019,0.495339
4330.582141,sim,1.713275,-0.037431,-2.494457,0.715602,-1.536484,0.495337
4330.586050,sim,1.713297,-0.037448,-2.495502,0.714337,-1.536997,0.495339
4330.590038,sim,1.713307,-0.037440,-2.496540,0.713095,-1.537541,0.495338
4330.594355,sim,1.713308,-0.037438,-2.496540,0.713094,-1.537542,0.495338
4330.598093,sim,1.713316,-0.037435,-2.497569,0.711884,-1.538135,0.495338
4330.602131,sim,1.713323,-0.037439,-2.498593,0.710701,-1.538788,0.495338
4330.606057,sim,1.713326,-0.037436,-2.499614,0.709540,-1.539497,0.495337
4330.610086,sim,1.713327,-0.037424,-2.500629,0.708406,-1.540262,0.495340
4330.614254,sim,1.713330,-0.037452,-2.501630,0.707304,-1.541073,0.495336
4330.618118,sim,1.713322,-0.037414,-2.502634,0.706214,-1.541931,0.495339
4330.622068,sim,1.713326,-0.037448,-2.503614,0.705169,-1.542833,0.495337
4330.626215,sim,1.713316,-0.037409,-2.504594,0.704134,-1.543775,0.495340
4330.630196,sim,1.713323,-0.037448,-2.504587,0.704144,-1.543775,0.495337
4330.634238,sim,1.713311,-0.037413,-2.505545,0.703147,-1.544755,0.495339
4330.638078,sim,1.713315,-0.037443,-2.506459,0.702219,-1.545781,0.495337
4330.642092,sim,1.713305,-0.037415,-2.507354,0.701322,-1.546842,0.495339
4330.646079,sim,1.713309,-0.037446,-2.508210,0.700485,-1.547940,0.495338
4330.650024,sim,1.713299,-0.037415,-2.509051,0.699671,-1.549065,0.495339
4330.654135,sim,1.713304,-0.037462,-2.509854,0.698916,-1.550219,0.495336
4330.658198,sim,1.713294,-0.037426,-2.510647,0.698169,-1.551392,0.495337
4330.662151,sim,1.713298,-0.037432,-2.510646,0.698176,-1.551396,0.495340
4330.666070,sim,1.713295,-0.037439,-2.511417,0.697466,-1.552611,0.495336
4330.670025,sim,1.713290,-0.037409,-2.512188,0.696773,-1.553889,0.495340
4330.674416,sim,1.713294,-0.037445,-2.512937,0.696114,-1.555218,0.495338
4330.678085,sim,1.713285,-0.037412,-2.513691,0.695453,-1.556589,0.495339
4330.682114,sim,1.713290,-0.037452,-2.514421,0.694830,-1.558001,0.495336
4330.685992,sim,1.713281,-0.037408,-2.514429,0.694817,-1.557999,0.495339
4330.690048,sim,1.713287,-0.037435,-2.515154,0.694206,-1.559457,0.495338
4330.694166,sim,1.713278,-0.037414,-2.515885,0.693592,-1.560957,0.495339
4330.698183,sim,1.713283,-0.037452,-2.516598,0.693006,-1.562503,0.495337
4330.702111,sim,1.713273,-0.037411,-2.517319,0.692409,-1.564080,0.495339
4330.706075,sim,1.713279,-0.037456,-2.518017,0.691847,-1.565686,0.495336
4330.710042,sim,1.713267,-0.037414,-2.518720,0.691273,-1.567309,0.495338
4330.714124,sim,1.713274,-0.037446,-2.519398,0.690738,-1.568950,0.495337
4330.718059,sim,1.713266,-0.037417,-2.519403,0.690729,-1.568947,0.495339
4330.722070,sim,1.713273,-0.037459,-2.520069,0.690205,-1.570601,0.495336
4330.726067,sim,1.713263,-0.037419,-2.520743,0.689657,-1.572272,0.495337
4330.730066,sim,1.713265,-0.037412,-2.521403,0.689131,-1.573966,0.495341
4330.734201,sim,1.713267,-0.037440,-2.522048,0.688612,-1.575663,0.495337
4330.738126,sim,1.713260,-0.037412,-2.522694,0.688086,-1.577368,0.495339
4330.742123,sim,1.713267,-0.037461,-2.523317,0.687585,-1.579074,0.495336
4330.746153,sim,1.713256,-0.037405,-2.523949,0.687059,-1.580775,0.495339
4330.750074,sim,1.713267,-0.037457,-2.523940,0.687076,-1.580778,0.495337
4330.754188,sim,1.713256,-0.037407,-2.524569,0.686547,-1.582496,0.495339
4330.758143,sim,1.713266,-0.037452,-2.525186,0.686039,-1.584257,0.495337
4330.762021,sim,1.713256,-0.037411,-2.525824,0.685493,-1.586047,0.495339
4330.766011,sim,1.713265,-0.037453,-2.526450,0.684965,-1.587871,0.495337
4330.770072,sim,1.713256,-0.037420,-2.527093,0.684405,-1.589712,0.495337
4330.774288,sim,1.713264,-0.037443,-2.527088,0.684413,-1.589716,0.495337
4330.778166,sim,1.713257,-0.037421,-2.527736,0.683848,-1.591597,0.495338
4330.782776,sim,1.713264,-0.037451,-2.528384,0.683284,-1.593528,0.495337
4330.786071,sim,1.713258,-0.037427,-2.529050,0.682688,-1.595494,0.495337
4330.790117,sim,1.713262,-0.037442,-2.529714,0.682100,-1.597493,0.495338
4330.794156,sim,1.713258,-0.037427,-2.530385,0.681491,-1.599506,0.495337
4330.798129,sim,1.713258,-0.037412,-2.531056,0.680882,-1.601534,0.495340
4330.802086,sim,1.713263,-0.037448,-2.531713,0.680283,-1.603557,0.495337
4330.806089,sim,1.713255,-0.037408,-2.532379,0.679665,-1.605571,0.495340
4330.810076,sim,1.713265,-0.037462,-2.532369,0.679681,-1.605572,0.495336
4330.814280,sim,1.713253,-0.037412,-2.533025,0.679060,-1.607556,0.495338
4330.818131,sim,1.713264,-0.037458,-2.533647,0.678477,-1.609507,0.495337
4330.822177,sim,1.713255,-0.037426,-2.534271,0.677868,-1.611414,0.495337
4330.826147,sim,1.713261,-0.037440,-2.534873,0.677283,-1.613295,0.495338
4330.830101,sim,1.713258,-0.037445,-2.535464,0.676693,-1.615138,0.495338
4330.834213,sim,1.713257,-0.037429,-2.536050,0.676101,-1.616955,0.495337
4330.838184,sim,1.713258,-0.037430,-2.536621,0.675520,-1.618747,0.495340
4330.842265,sim,1.713259,-0.037450,-2.536618,0.675520,-1.618743,0.495335
4330.846119,sim,1.713252,-0.037402,-2.537199,0.674914,-1.620542,0.495339
4330.850221,sim,1.713262,-0.037454,-2.537769,0.674319,-1.622377,0.495337
4330.854378,sim,1.713251,-0.037410,-2.538364,0.673675,-1.624240,0.495339
4330.858184,sim,1.713261,-0.037454,-2.538946,0.673048,-1.626135,0.495337
4330.862193,sim,1.713250,-0.037411,-2.539550,0.672376,-1.628045,0.495338
4330.866193,sim,1.713260,-0.037452,-2.539541,0.672391,-1.628048,0.495337
4330.870147,sim,1.713250,-0.037405,-2.540152,0.671705,-1.629996,0.495340
4330.874351,sim,1.713261,-0.037452,-2.540753,0.671032,-1.631995,0.495338
4330.878200,sim,1.713250,-0.037409,-2.541379,0.670313,-1.634028,0.495339
4330.882222,sim,1.713260,-0.037454,-2.541992,0.669614,-1.636099,0.495337
4330.886144,sim,1.713249,-0.037409,-2.542626,0.668875,-1.638188,0.495339
4330.890120,sim,1.713260,-0.037457,-2.543241,0.668164,-1.640299,0.495337
4330.894221,sim,1.713250,-0.037422,-2.543870,0.667419,-1.642412,0.495336
4330.898165,sim,1.713257,-0.037437,-2.543867,0.667427,-1.642416,0.495338
4330.902176,sim,1.713252,-0.037421,-2.544492,0.666686,-1.644557,0.495337
4330.906192,sim,1.713253,-0.037412,-2.545117,0.665946,-1.646748,0.495340
4330.910120,sim,1.713259,-0.037468,-2.545729,0.665213,-1.648971,0.495336
4330.914221,sim,1.713248,-0.037414,-2.546360,0.664445,-1.651227,0.495338
4330.918122,sim,1.713259,-0.037459,-2.546968,0.663709,-1.653510,0.495336
4330.922150,sim,1.713248,-0.037409,-2.546978,0.663691,-1.653507,0.495338
4330.926150,sim,1.713260,-0.037458,-2.547584,0.662955,-1.655824,0.495337
4330.930351,sim,1.713249,-0.037416,-2.548204,0.662180,-1.658176,0.495337
4330.934330,sim,1.713257,-0.037435,-2.548809,0.661434,-1.660569,0.495339
4330.938143,sim,1.713252,-0.037427,-2.549411,0.660674,-1.662978,0.495337
4330.942133,sim,1.713253,-0.037417,-2.550004,0.659927,-1.665408,0.495340
4330.946138,sim,1.713258,-0.037457,-2.550576,0.659200,-1.667838,0.495337
4330.950119,sim,1.713249,-0.037406,-2.551153,0.658457,-1.670265,0.495339
4330.954219,sim,1.713259,-0.037451,-2.551694,0.657762,-1.672683,0.495337
4330.958165,sim,1.713249,-0.037413,-2.551702,0.657747,-1.672679,0.495338
4330.962148,sim,1.713260,-0.037460,-2.552219,0.657083,-1.675066,0.495337
4330.966169,sim,1.713250,-0.037417,-2.552721,0.656425,-1.677408,0.495337
4330.970128,sim,1.713256,-0.037436,-2.553183,0.655832,-1.679722,0.495341
4330.974463,sim,1.713256,-0.037457,-2.553617,0.655261,-1.681992,0.495335
4330.978230,sim,1.713249,-0.037403,-2.554041,0.654706,-1.684240,0.495339
4330.982176,sim,1.713259,-0.037450,-2.554422,0.654212,-1.686461,0.495337
4330.986154,sim,1.713249,-0.037408,-2.554803,0.653712,-1.688652,0.495339
4330.990250,sim,1.713260,-0.037453,-2.554793,0.653728,-1.688655,0.495337
4330.994385,sim,1.713250,-0.037415,-2.555157,0.653252,-1.690871,0.495337
4330.998249,sim,1.713255,-0.037422,-2.555501,0.652819,-1.693159,0.495338
4331.002227,sim,1.713252,-0.037415,-2.555838,0.652399,-1.695496,0.495340
4331.006150,sim,1.713255,-0.037431,-2.556159,0.652010,-1.697882,0.495339
4331.010359,sim,1.713254,-0.037436,-2.556472,0.651635,-1.700301,0.495337
4331.014453,sim,1.713254,-0.037433,-2.556473,0.651634,-1.700302,0.495338
4331.018254,sim,1.713254,-0.037425,-2.556778,0.651280,-1.702768,0.495339
4331.022160,sim,1.713254,-0.037427,-2.557071,0.650951,-1.705287,0.495338
4331.026260,sim,1.713254,-0.037428,-2.557353,0.650645,-1.707849,0.495338
4331.030215,sim,1.713254,-0.037430,-2.557625,0.650363,-1.710448,0.495338
4331.034210,sim,1.713255,-0.037438,-2.557885,0.650103,-1.713076,0.495336
4331.038216,sim,1.713254,-0.037437,-2.558135,0.649864,-1.715726,0.495337
4331.042367,sim,1.713254,-0.037439,-2.558374,0.649647,-1.718391,0.495336
4331.046264,sim,1.713253,-0.037435,-2.558375,0.649647,-1.718392,0.495337
4331.050260,sim,1.713253,-0.037426,-2.558600,0.649453,-1.721106,0.495338
4331.054289,sim,1.713253,-0.037428,-2.558805,0.649288,-1.723897,0.495338
4331.058305,sim,1.713252,-0.037429,-2.558992,0.649148,-1.726756,0.495338
4331.062207,sim,1.713251,-0.037422,-2.559163,0.649028,-1.729673,0.495339
4331.066195,sim,1.713251,-0.037430,-2.559316,0.648933,-1.732636,0.495338
4331.070169,sim,1.713248,-0.037414,-2.559457,0.648851,-1.735637,0.495340
4331.074595,sim,1.713250,-0.037430,-2.559579,0.648795,-1.738663,0.495338
4331.078216,sim,1.713248,-0.037425,-2.559580,0.648792,-1.738662,0.495338
4331.082340,sim,1.713248,-0.037425,-2.559689,0.648744,-1.741725,0.495339
4331.086215,sim,1.713246,-0.037426,-2.559782,0.648706,-1.744834,0.495338
4331.090221,sim,1.713245,-0.037426,-2.559862,0.648677,-1.747979,0.495338
4331.094336,sim,1.713243,-0.037426,-2.559927,0.648656,-1.751149,0.495338
4331.098157,sim,1.713241,-0.037425,-2.559981,0.648642,-1.754333,0.495338
4331.102289,sim,1.713241,-0.037419,-2.559982,0.648641,-1.754334,0.495339
4331.106280,sim,1.713240,-0.037421,-2.560024,0.648633,-1.757544,0.495339
4331.110185,sim,1.713238,-0.037421,-2.560058,0.648628,-1.760792,0.495338
4331.114303,sim,1.713237,-0.037427,-2.560082,0.648627,-1.764067,0.495338
4331.118268,sim,1.713234,-0.037418,-2.560101,0.648625,-1.767362,0.495339
4331.122310,sim,1.713234,-0.037417,-2.560113,0.648629,-1.770666,0.495339
4331.126321,sim,1.713233,-0.037425,-2.560117,0.648635,-1.773967,0.495338
4331.130205,sim,1.713230,-0.037420,-2.560120,0.648639,-1.777258,0.495338
4331.134352,sim,1.713229,-0.037416,-2.560118,0.648646,-1.780529,0.495338
4331.138279,sim,1.713229,-0.037416,-2.560118,0.648646,-1.780529,0.495338
4331.142220,sim,1.713228,-0.037415,-2.560114,0.648652,-1.783765,0.495338
4331.146232,sim,1.713228,-0.037419,-2.560109,0.648660,-1.786957,0.495337
4331.150270,sim,1.713226,-0.037415,-2.560105,0.648664,-1.790110,0.495338
4331.154316,sim,1.713226,-0.037412,-2.560102,0.648668,-1.793226,0.495338
4331.158260,sim,1.713225,-0.037406,-2.560099,0.648671,-1.796306,0.495339
4331.162236,sim,1.713225,-0.037415,-2.560093,0.648676,-1.799353,0.495336
4331.166264,sim,1.713220,-0.037389,-2.560095,0.648674,-1.802372,0.495342
4331.170286,sim,1.713229,-0.037433,-2.560086,0.648685,-1.802371,0.495336
4331.174677,sim,1.713217,-0.037385,-2.560092,0.648674,-1.805406,0.495341
4331.178226,sim,1.713230,-0.037440,-2.560078,0.648690,-1.808505,0.495334
4331.182255,sim,1.713215,-0.037381,-2.560087,0.648676,-1.811652,0.495341
4331.186336,sim,1.713229,-0.037431,-2.560075,0.648692,-1.814846,0.495336
4331.190282,sim,1.713215,-0.037386,-2.560082,0.648680,-1.818065,0.495341
4331.194272,sim,1.713228,-0.037435,-2.560072,0.648693,-1.818067,0.495334
4331.198210,sim,1.713215,-0.037383,-2.560080,0.648680,-1.821343,0.495340
4331.202277,sim,1.713227,-0.037426,-2.560070,0.648693,-1.824702,0.495336
4331.206288,sim,1.713213,-0.037376,-2.560078,0.648681,-1.828128,0.495342
4331.210187,sim,1.713227,-0.037425,-2.560065,0.648695,-1.831618,0.495336
4331.214269,sim,1.713213,-0.037379,-2.560073,0.648683,-1.835154,0.495341
4331.218414,sim,1.713225,-0.037425,-2.560060,0.648697,-1.838736,0.495335
4331.222366,sim,1.713212,-0.037376,-2.560067,0.648685,-1.842346,0.495341
4331.226296,sim,1.713225,-0.037428,-2.560053,0.648701,-1.845982,0.495336
4331.230321,sim,1.713212,-0.037388,-2.560057,0.648691,-1.849626,0.495341
4331.234453,sim,1.713224,-0.037435,-2.560047,0.648703,-1.849628,0.495335
4331.238250,sim,1.713211,-0.037382,-2.560054,0.648691,-1.853290,0.495341
4331.242344,sim,1.713225,-0.037434,-2.560038,0.648707,-1.856977,0.495334
4331.246262,sim,1.713210,-0.037380,-2.560044,0.648695,-1.860672,0.495342
4331.250317,sim,1.713223,-0.037422,-2.560030,0.648709,-1.864373,0.495335
4331.254408,sim,1.713209,-0.037368,-2.560035,0.648698,-1.868065,0.495341
4331.258251,sim,1.713224,-0.037431,-2.560022,0.648714,-1.868067,0.495334
4331.262284,sim,1.713212,-0.037400,-2.560023,0.648707,-1.871764,0.495339
4331.266311,sim,1.713218,-0.037397,-2.560017,0.648711,-1.875495,0.495337
4331.270372,sim,1.713212,-0.037378,-2.560016,0.648713,-1.879239,0.495343
4331.274531,sim,1.713222,-0.037432,-2.559999,0.648727,-1.882982,0.495336
4331.278218,sim,1.713209,-0.037381,-2.560004,0.648719,-1.886722,0.495342
4331.282513,sim,1.713222,-0.037425,-2.559988,0.648733,-1.890448,0.495334
4331.286382,sim,1.713208,-0.037372,-2.560000,0.648720,-1.890447,0.495342
4331.290339,sim,1.713223,-0.037429,-2.559981,0.648739,-1.894133,0.495335
4331.294401,sim,1.713207,-0.037375,-2.559987,0.648730,-1.897756,0.495342
4331.298283,sim,1.713222,-0.037426,-2.559969,0.648749,-1.901329,0.495336
4331.302356,sim,1.713209,-0.037383,-2.559971,0.648743,-1.904844,0.495342
4331.306316,sim,1.713221,-0.037421,-2.559955,0.648758,-1.908312,0.495334
4331.310237,sim,1.713209,-0.037382,-2.559956,0.648757,-1.911727,0.495343
4331.314766,sim,1.713222,-0.037432,-2.559937,0.648773,-1.915096,0.495332
4331.318426,sim,1.713207,-0.037377,-2.559948,0.648762,-1.915095,0.495343
4331.322474,sim,1.713222,-0.037421,-2.559929,0.648779,-1.918468,0.495333
4331.326366,sim,1.713209,-0.037384,-2.559925,0.648782,-1.921884,0.495343
4331.330344,sim,1.713221,-0.037419,-2.559903,0.648799,-1.925339,0.495333
4331.334456,sim,1.713208,-0.037376,-2.559896,0.648804,-1.928823,0.495344
4331.338273,sim,1.713221,-0.037415,-2.559869,0.648825,-1.932327,0.495334
4331.342312,sim,1.713208,-0.037370,-2.559860,0.648831,-1.935843,0.495343
4331.346396,sim,1.713221,-0.037415,-2.559830,0.648856,-1.939363,0.495335
4331.350286,sim,1.713209,-0.037380,-2.559837,0.648849,-1.939362,0.495341
4331.354470,sim,1.713221,-0.037422,-2.559804,0.648874,-1.942909,0.495332
4331.358365,sim,1.713207,-0.037368,-2.559790,0.648887,-1.946504,0.495344
4331.362352,sim,1.713222,-0.037422,-2.559750,0.648922,-1.950137,0.495332
4331.366227,sim,1.713206,-0.037373,-2.559730,0.648941,-1.953792,0.495343
4331.370254,sim,1.713221,-0.037419,-2.559687,0.648981,-1.957464,0.495333
4331.374515,sim,1.713206,-0.037371,-2.559698,0.648972,-1.957463,0.495343
4331.378301,sim,1.713221,-0.037415,-2.559652,0.649016,-1.961168,0.495333
4331.382336,sim,1.713206,-0.037368,-2.559623,0.649051,-1.964927,0.495343
4331.386331,sim,1.713220,-0.037414,-2.559570,0.649108,-1.968734,0.495333
4331.390328,sim,1.713205,-0.037364,-2.559534,0.649155,-1.972577,0.495343
4331.394366,sim,1.713217,-0.037399,-2.559476,0.649224,-1.976452,0.495336
4331.398324,sim,1.713205,-0.037358,-2.559431,0.649285,-1.980346,0.495342
4331.402341,sim,1.713218,-0.037404,-2.559365,0.649368,-1.984251,0.495333
4331.406235,sim,1.713203,-0.037352,-2.559317,0.649441,-1.988158,0.495343
4331.410371,sim,1.713217,-0.037396,-2.559307,0.649449,-1.988159,0.495335
4331.414462,sim,1.713207,-0.037371,-2.559248,0.649534,-1.992033,0.495336
4331.418379,sim,1.713213,-0.037380,-2.559177,0.649644,-1.995851,0.495334
4331.422294,sim,1.713201,-0.037341,-2.559112,0.649761,-1.999612,0.495346
4331.426343,sim,1.713214,-0.037386,-2.559023,0.649899,-2.003312,0.495333
4331.430362,sim,1.713203,-0.037348,-2.558948,0.650036,-2.006958,0.495339
4331.434437,sim,1.713209,-0.037352,-2.558861,0.650194,-2.010555,0.495336
4331.438327,sim,1.713200,-0.037329,-2.558776,0.650360,-2.014100,0.495345
4331.442374,sim,1.713208,-0.037360,-2.558769,0.650363,-2.014099,0.495337
4331.446380,sim,1.713201,-0.037329,-2.558678,0.650539,-2.017633,0.495338
4331.450307,sim,1.713207,-0.037357,-2.558566,0.650757,-2.021198,0.495338
4331.454351,sim,1.713198,-0.037322,-2.558455,0.650980,-2.024782,0.495337
4331.458374,sim,1.713202,-0.037335,-2.558328,0.651242,-2.028383,0.495340
4331.463223,sim,1.713195,-0.037319,-2.558197,0.651513,-2.031985,0.495340
4331.466273,sim,1.713201,-0.037337,-2.558194,0.651514,-2.031984,0.495335
4331.470235,sim,1.713191,-0.037294,-2.558057,0.651806,-2.035617,0.495337
4331.474514,sim,1.713196,-0.037318,-2.557896,0.652146,-2.039303,0.495340
4331.478382,sim,1.713186,-0.037285,-2.557731,0.652496,-2.043023,0.495337
4331.482234,sim,1.713190,-0.037304,-2.557546,0.652889,-2.046772,0.495339
4331.486331,sim,1.713181,-0.037287,-2.557356,0.653294,-2.050530,0.495340
4331.490294,sim,1.713181,-0.037282,-2.557154,0.653722,-2.054290,0.495337
4331.494436,sim,1.713176,-0.037264,-2.556946,0.654164,-2.058032,0.495333
4331.498378,sim,1.713171,-0.037235,-2.556953,0.654165,-2.058037,0.495345
4331.502299,sim,1.713177,-0.037276,-2.556719,0.654646,-2.061758,0.495338
4331.506341,sim,1.713165,-0.037242,-2.556482,0.655143,-2.065448,0.495337
4331.510271,sim,1.713167,-0.037257,-2.556222,0.655686,-2.069111,0.495343
4331.514343,sim,1.713164,-0.037261,-2.555946,0.656244,-2.072731,0.495335
4331.518296,sim,1.713156,-0.037221,-2.555667,0.656818,-2.076310,0.495336
4331.522353,sim,1.713156,-0.037231,-2.555370,0.657428,-2.079843,0.495343
4331.526278,sim,1.713154,-0.037242,-2.555060,0.658045,-2.083315,0.495337
4331.530207,sim,1.713150,-0.037212,-2.555066,0.658036,-2.083314,0.495335
4331.534311,sim,1.713151,-0.037228,-2.554735,0.658697,-2.086788,0.495342
4331.538347,sim,1.713148,-0.037228,-2.554373,0.659396,-2.090296,0.495336
4331.542235,sim,1.713142,-0.037194,-2.553985,0.660140,-2.093848,0.495337
4331.546251,sim,1.713145,-0.037217,-2.553560,0.660939,-2.097427,0.495338
4331.550270,sim,1.713135,-0.037183,-2.553117,0.661764,-2.101029,0.495339
4331.554481,sim,1.713142,-0.037212,-2.553112,0.661773,-2.101032,0.495342
4331.558418,sim,1.713138,-0.037200,-2.552633,0.662640,-2.104675,0.495330
4331.562315,sim,1.713129,-0.037162,-2.552124,0.663573,-2.108400,0.495346
4331.566253,sim,1.713139,-0.037209,-2.551561,0.664556,-2.112167,0.495337
4331.570325,sim,1.713125,-0.037161,-2.550990,0.665563,-2.115965,0.495340
4331.574545,sim,1.713133,-0.037191,-2.550375,0.666623,-2.119789,0.495342
4331.578290,sim,1.713127,-0.037170,-2.549748,0.667689,-2.123601,0.495332
4331.582300,sim,1.713121,-0.037136,-2.549108,0.668788,-2.127408,0.495343
4331.586399,sim,1.713129,-0.037177,-2.549098,0.668797,-2.127410,0.495341
4331.590434,sim,1.713124,-0.037160,-2.548429,0.669908,-2.131176,0.495330
4331.594466,sim,1.713115,-0.037125,-2.547736,0.671065,-2.134926,0.495346
4331.598335,sim,1.713122,-0.037161,-2.547000,0.672248,-2.138632,0.495340
4331.602367,sim,1.713113,-0.037128,-2.546259,0.673433,-2.142290,0.495328
4331.606379,sim,1.713105,-0.037101,-2.545498,0.674657,-2.145919,0.495346
4331.610254,sim,1.713110,-0.037130,-2.544708,0.675887,-2.149488,0.495337
4331.614406,sim,1.713095,-0.037080,-2.543925,0.677115,-2.153003,0.495338
4331.618489,sim,1.713096,-0.037092,-2.543120,0.678366,-2.156469,0.495346
4331.622422,sim,1.713102,-0.037117,-2.543114,0.678356,-2.156458,0.495324
4331.626304,sim,1.713078,-0.037036,-2.542320,0.679603,-2.159865,0.495348
4331.630311,sim,1.713086,-0.037062,-2.541489,0.680862,-2.163208,0.495339
4331.634462,sim,1.713073,-0.037029,-2.540657,0.682116,-2.166491,0.495331
4331.638326,sim,1.713064,-0.037022,-2.539808,0.683402,-2.169743,0.495350
4331.642323,sim,1.713065,-0.037042,-2.538939,0.684678,-2.172938,0.495330
4331.646272,sim,1.713055,-0.037003,-2.538949,0.684672,-2.172937,0.495334
4331.650371,sim,1.713044,-0.036972,-2.538068,0.685990,-2.176152,0.495348
4331.654459,sim,1.713039,-0.036984,-2.537139,0.687347,-2.179398,0.495345
4331.658320,sim,1.713031,-0.036976,-2.536183,0.688731,-2.182664,0.495331
4331.662241,sim,1.713008,-0.036911,-2.535213,0.690150,-2.185954,0.495342
4331.666298,sim,1.713009,-0.036941,-2.534200,0.691603,-2.189242,0.495340
4331.670277,sim,1.712989,-0.036899,-2.533185,0.693052,-2.192507,0.495329
4331.674633,sim,1.712973,-0.036884,-2.532154,0.694538,-2.195763,0.495352
4331.678347,sim,1.712983,-0.036914,-2.532145,0.694529,-2.195755,0.495331
4331.682337,sim,1.712958,-0.036859,-2.531107,0.696008,-2.198967,0.495338
4331.686355,sim,1.712952,-0.036882,-2.530029,0.697513,-2.202149,0.495343
4331.690284,sim,1.712929,-0.036830,-2.528951,0.699001,-2.205279,0.495329
4331.694330,sim,1.712913,-0.036833,-2.527847,0.700533,-2.208393,0.495358
4331.698305,sim,1.712907,-0.036844,-2.526728,0.702028,-2.211434,0.495327
4331.702323,sim,1.712874,-0.036775,-2.525624,0.703540,-2.214449,0.495345
4331.706284,sim,1.712869,-0.036807,-2.524491,0.705053,-2.217415,0.495347
4331.710372,sim,1.712869,-0.036802,-2.524492,0.705038,-2.217403,0.495326
4331.714442,sim,1.712843,-0.036770,-2.523365,0.706552,-2.220341,0.495348
4331.718370,sim,1.712836,-0.036807,-2.522204,0.708064,-2.223250,0.495340
4331.722321,sim,1.712807,-0.036760,-2.521049,0.709564,-2.226136,0.495333
4331.726299,sim,1.712794,-0.036786,-2.519868,0.711088,-2.229011,0.495347
4331.730832,sim,1.712773,-0.036773,-2.518687,0.712580,-2.231839,0.495329
4331.734395,sim,1.712765,-0.036746,-2.518694,0.712586,-2.231847,0.495346
4331.738375,sim,1.712754,-0.036787,-2.517493,0.714095,-2.234668,0.495340
4331.742313,sim,1.712719,-0.036742,-2.516295,0.715596,-2.237486,0.495338
4331.746304,sim,1.712704,-0.036770,-2.515068,0.717117,-2.240310,0.495345
4331.750327,sim,1.712676,-0.036753,-2.513843,0.718613,-2.243108,0.495331
4331.754395,sim,1.712647,-0.036759,-2.512611,0.720130,-2.245907,0.495354
4331.758355,sim,1.712633,-0.036790,-2.511370,0.721607,-2.248662,0.495324
4331.762295,sim,1.712584,-0.036725,-2.510156,0.723090,-2.251412,0.495350
4331.766306,sim,1.712601,-0.036769,-2.510146,0.723093,-2.251411,0.495341
4331.770275,sim,1.712562,-0.036734,-2.508916,0.724553,-2.254140,0.495335
4331.774541,sim,1.712543,-0.036772,-2.507648,0.726041,-2.256900,0.495347
4331.778427,sim,1.712507,-0.036736,-2.506378,0.727498,-2.259652,0.495331
4331.782256,sim,1.712481,-0.036754,-2.505083,0.728984,-2.262429,0.495349
4331.786311,sim,1.712457,-0.036772,-2.503775,0.730445,-2.265188,0.495336
4331.790307,sim,1.712421,-0.036731,-2.502474,0.731896,-2.267946,0.495334
4331.794448,sim,1.712401,-0.036772,-2.501149,0.733359,-2.270701,0.495347
4331.798335,sim,1.712365,-0.036732,-2.499841,0.734780,-2.273423,0.495333
4331.802453,sim,1.712371,-0.036763,-2.499835,0.734795,-2.273432,0.495349
4331.806279,sim,1.712344,-0.036750,-2.498528,0.736190,-2.276113,0.495332
4331.810300,sim,1.712311,-0.036725,-2.497241,0.737567,-2.278756,0.495354
4331.814436,sim,1.712309,-0.036779,-2.495950,0.738893,-2.281327,0.495333
4331.818298,sim,1.712273,-0.036729,-2.494697,0.740185,-2.283857,0.495340
4331.822331,sim,1.712267,-0.036766,-2.493437,0.741458,-2.286345,0.495351
4331.826309,sim,1.712262,-0.036745,-2.493442,0.741444,-2.286336,0.495334
4331.830357,sim,1.712247,-0.036747,-2.492189,0.742696,-2.288808,0.495348
4331.834445,sim,1.712241,-0.036769,-2.490913,0.743930,-2.291282,0.495340
4331.838313,sim,1.712223,-0.036727,-2.489642,0.745148,-2.293761,0.495333
4331.842329,sim,1.712223,-0.036770,-2.488342,0.746381,-2.296252,0.495348
4331.846407,sim,1.712212,-0.036741,-2.487055,0.747569,-2.298718,0.495327
4331.850407,sim,1.712201,-0.036732,-2.485763,0.748774,-2.301196,0.495353
4331.854442,sim,1.712214,-0.036786,-2.484459,0.749940,-2.303633,0.495328
4331.858425,sim,1.712192,-0.036727,-2.484473,0.749942,-2.303638,0.495344
4331.862344,sim,1.712201,-0.036765,-2.483170,0.751116,-2.306085,0.495352
4331.866241,sim,1.712196,-0.036747,-2.481873,0.752260,-2.308514,0.495330
4331.870306,sim,1.712189,-0.036729,-2.480573,0.753420,-2.310959,0.495345
4331.874566,sim,1.712195,-0.036761,-2.479258,0.754572,-2.313389,0.495346
4331.878331,sim,1.712192,-0.036741,-2.477957,0.755697,-2.315797,0.495331
4331.882279,sim,1.712189,-0.036748,-2.476657,0.756839,-2.318204,0.495352
4331.886316,sim,1.712199,-0.036774,-2.475355,0.757946,-2.320572,0.495334
4331.890344,sim,1.712184,-0.036720,-2.475369,0.757943,-2.320574,0.495337
4331.894394,sim,1.712191,-0.036743,-2.474069,0.759065,-2.322946,0.495352
4331.898262,sim,1.712196,-0.036761,-2.472760,0.760171,-2.325303,0.495338
4331.902268,sim,1.712186,-0.036716,-2.471462,0.761278,-2.327661,0.495337
4331.906325,sim,1.712195,-0.036744,-2.470142,0.762397,-2.330016,0.495346
4331.910326,sim,1.712195,-0.036740,-2.468828,0.763493,-2.332345,0.495333
4331.914411,sim,1.712188,-0.036722,-2.468834,0.763498,-2.332350,0.495345
4331.918322,sim,1.712196,-0.036751,-2.467505,0.764608,-2.334681,0.495347
4331.922339,sim,1.712190,-0.036718,-2.466177,0.765704,-2.337003,0.495334
4331.926408,sim,1.712196,-0.036742,-2.464826,0.766823,-2.339332,0.495347
4331.930377,sim,1.712194,-0.036726,-2.463475,0.767919,-2.341635,0.495334
4331.934378,sim,1.712193,-0.036736,-2.462118,0.769030,-2.343930,0.495351
4331.938328,sim,1.712199,-0.036753,-2.460757,0.770116,-2.346188,0.495340
4331.942358,sim,1.712192,-0.036707,-2.459418,0.771184,-2.348412,0.495331
4331.946230,sim,1.712196,-0.036734,-2.459412,0.771197,-2.348421,0.495349
4331.950441,sim,1.712197,-0.036743,-2.458052,0.772261,-2.350609,0.495341
4331.954351,sim,1.712195,-0.036710,-2.456684,0.773312,-2.352765,0.495330
4331.958380,sim,1.712195,-0.036733,-2.455289,0.774380,-2.354899,0.495353
4331.962294,sim,1.712199,-0.036747,-2.453883,0.775417,-2.356982,0.495342
4331.966279,sim,1.712192,-0.036705,-2.452484,0.776438,-2.359031,0.495333
4331.970287,sim,1.712200,-0.036748,-2.451060,0.777472,-2.361053,0.495352
4331.974614,sim,1.712194,-0.036715,-2.449652,0.778460,-2.363016,0.495330
4331.978314,sim,1.712195,-0.036727,-2.448238,0.779463,-2.364958,0.495351
4331.982321,sim,1.712199,-0.036746,-2.448233,0.779461,-2.364954,0.495345
4331.986344,sim,1.712193,-0.036702,-2.446844,0.780414,-2.366815,0.495331
4331.991390,sim,1.712196,-0.036727,-2.445459,0.781364,-2.368603,0.495353
4331.994416,sim,1.712209,-0.036756,-2.444091,0.782258,-2.370283,0.495325
4331.998295,sim,1.712184,-0.036701,-2.442763,0.783149,-2.371912,0.495356
4332.002485,sim,1.712209,-0.036750,-2.441427,0.783997,-2.373445,0.495335
4332.006408,sim,1.712188,-0.036705,-2.441440,0.783998,-2.373447,0.495343
4332.010276,sim,1.712202,-0.036742,-2.440108,0.784846,-2.374930,0.495348
4332.014479,sim,1.712195,-0.036712,-2.438777,0.785667,-2.376348,0.495330
4332.018396,sim,1.712194,-0.036723,-2.437427,0.786511,-2.377733,0.495354
4332.022347,sim,1.712207,-0.036754,-2.436063,0.787322,-2.379043,0.495331
4332.026392,sim,1.712189,-0.036700,-2.434716,0.788135,-2.380316,0.495342
4332.030325,sim,1.712198,-0.036731,-2.433347,0.788948,-2.381535,0.495355
4332.034650,sim,1.712202,-0.036739,-2.431986,0.789729,-2.382682,0.495336
4332.038446,sim,1.712195,-0.036699,-2.431996,0.789723,-2.382681,0.495332
4332.042302,sim,1.712200,-0.036743,-2.430622,0.790522,-2.383780,0.495357
4332.046307,sim,1.712205,-0.036731,-2.429251,0.791274,-2.384771,0.495319
4332.050412,sim,1.712190,-0.036705,-2.427876,0.792059,-2.385724,0.495355
4332.054430,sim,1.712206,-0.036752,-2.426481,0.792815,-2.386581,0.495344
4332.058326,sim,1.712193,-0.036702,-2.425110,0.793552,-2.387372,0.495330
4332.062275,sim,1.712201,-0.036743,-2.423718,0.794308,-2.388118,0.495357
4332.066434,sim,1.712200,-0.036722,-2.422350,0.795015,-2.388778,0.495328
4332.070348,sim,1.712192,-0.036704,-2.422355,0.795025,-2.388789,0.495348
4332.074512,sim,1.712208,-0.036748,-2.420973,0.795739,-2.389393,0.495334
4332.078329,sim,1.712190,-0.036706,-2.419610,0.796456,-2.389944,0.495344
4332.082278,sim,1.712201,-0.036743,-2.418228,0.797178,-2.390434,0.495357
4332.086244,sim,1.712201,-0.036722,-2.416864,0.797866,-2.390846,0.495325
4332.090336,sim,1.712192,-0.036705,-2.415507,0.798578,-2.391230,0.495348
4332.094415,sim,1.712209,-0.036758,-2.415493,0.798577,-2.391224,0.495338
4332.098384,sim,1.712192,-0.036703,-2.414141,0.799272,-2.391547,0.495334
4332.102382,sim,1.712201,-0.036743,-2.412753,0.799997,-2.391834,0.495358
4332.106369,sim,1.712199,-0.036714,-2.411373,0.800691,-2.392051,0.495325
4332.110269,sim,1.712195,-0.036709,-2.409982,0.801422,-2.392255,0.495347
4332.114410,sim,1.712199,-0.036742,-2.408575,0.802151,-2.392411,0.495352
4332.118312,sim,1.712198,-0.036723,-2.407179,0.802866,-2.392527,0.495337
4332.122290,sim,1.712197,-0.036726,-2.405780,0.803599,-2.392624,0.495346
4332.126287,sim,1.712199,-0.036742,-2.404379,0.804331,-2.392691,0.495351
4332.130417,sim,1.712206,-0.036727,-2.404382,0.804311,-2.392676,0.495317
4332.134568,sim,1.712186,-0.036703,-2.403009,0.805054,-2.392741,0.495364
4332.138387,sim,1.712213,-0.036753,-2.401647,0.805742,-2.392741,0.495324
4332.142266,sim,1.712186,-0.036703,-2.400337,0.806439,-2.392753,0.495350
4332.146364,sim,1.712209,-0.036751,-2.399029,0.807109,-2.392729,0.495337
4332.150337,sim,1.712189,-0.036703,-2.397772,0.807765,-2.392696,0.495341
4332.154365,sim,1.712200,-0.036743,-2.396518,0.808421,-2.392654,0.495359
4332.158392,sim,1.712207,-0.036729,-2.395302,0.809023,-2.392569,0.495312
4332.162346,sim,1.712185,-0.036702,-2.395309,0.809049,-2.392596,0.495367
4332.166307,sim,1.712212,-0.036752,-2.394091,0.809651,-2.392492,0.495324
4332.170328,sim,1.712186,-0.036703,-2.392904,0.810274,-2.392395,0.495350
4332.174461,sim,1.712207,-0.036743,-2.391702,0.810877,-2.392255,0.495337
4332.178381,sim,1.712193,-0.036707,-2.390528,0.811474,-2.392100,0.495338
4332.182344,sim,1.712200,-0.036744,-2.389349,0.812080,-2.391930,0.495356
4332.186506,sim,1.712200,-0.036721,-2.389354,0.812062,-2.391917,0.495328
4332.190295,sim,1.712193,-0.036707,-2.388200,0.812656,-2.391720,0.495345
4332.194448,sim,1.712203,-0.036748,-2.387038,0.813242,-2.391477,0.495348
4332.198310,sim,1.712194,-0.036705,-2.385911,0.813802,-2.391190,0.495328
4332.202366,sim,1.712194,-0.036727,-2.384781,0.814386,-2.390890,0.495359
4332.206293,sim,1.712206,-0.036752,-2.383666,0.814928,-2.390524,0.495328
4332.210372,sim,1.712187,-0.036703,-2.382589,0.815479,-2.390152,0.495344
4332.214450,sim,1.712204,-0.036748,-2.381509,0.816016,-2.389731,0.495338
4332.218302,sim,1.712186,-0.036709,-2.381518,0.816016,-2.389736,0.495345
4332.222291,sim,1.712203,-0.036754,-2.380463,0.816541,-2.389253,0.495342
4332.226300,sim,1.712182,-0.036702,-2.379456,0.817045,-2.388685,0.495344
4332.230325,sim,1.712197,-0.036742,-2.378452,0.817541,-2.388029,0.495342
4332.234410,sim,1.712182,-0.036710,-2.377491,0.818016,-2.387298,0.495340
4332.238322,sim,1.712185,-0.036738,-2.376541,0.818494,-2.386504,0.495357
4332.242329,sim,1.712191,-0.036749,-2.375620,0.818929,-2.385623,0.495325
4332.246345,sim,1.712173,-0.036704,-2.374739,0.819370,-2.384713,0.495339
4332.250320,sim,1.712181,-0.036747,-2.374728,0.819384,-2.384719,0.495357
4332.254380,sim,1.712179,-0.036722,-2.373864,0.819784,-2.383690,0.495317
4332.258349,sim,1.712159,-0.036708,-2.373013,0.820220,-2.382586,0.495366
4332.262328,sim,1.712177,-0.036757,-2.372168,0.820604,-2.381323,0.495324
4332.266306,sim,1.712147,-0.036710,-2.371363,0.821000,-2.379994,0.495346
4332.270348,sim,1.712157,-0.036748,-2.370555,0.821376,-2.378558,0.495341
4332.274631,sim,1.712145,-0.036712,-2.370562,0.821371,-2.378558,0.495337
4332.278432,sim,1.712145,-0.036748,-2.369771,0.821749,-2.377032,0.495356
4332.282365,sim,1.712132,-0.036717,-2.369010,0.822085,-2.375374,0.495329
4332.286277,sim,1.712124,-0.036731,-2.368255,0.822439,-2.373639,0.495351
4332.290305,sim,1.712124,-0.036758,-2.367513,0.822759,-2.371795,0.495335
4332.294404,sim,1.712102,-0.036708,-2.366810,0.823071,-2.369893,0.495337
4332.298340,sim,1.712102,-0.036749,-2.366105,0.823385,-2.367931,0.495357
4332.302307,sim,1.712095,-0.036725,-2.365439,0.823646,-2.365892,0.495317
4332.306440,sim,1.712072,-0.036710,-2.364794,0.823940,-2.363861,0.495365
4332.310319,sim,1.712096,-0.036759,-2.364783,0.823924,-2.363837,0.495325
4332.314322,sim,1.712064,-0.036710,-2.364183,0.824180,-2.361763,0.495349
4332.318343,sim,1.712079,-0.036757,-2.363600,0.824398,-2.359633,0.495338
4332.322372,sim,1.712057,-0.036711,-2.363080,0.824588,-2.357481,0.495337
4332.326400,sim,1.712061,-0.036749,-2.362575,0.824773,-2.355306,0.495356
4332.330262,sim,1.712059,-0.036725,-2.362119,0.824897,-2.353076,0.495317
4332.334482,sim,1.712042,-0.036710,-2.361690,0.825050,-2.350866,0.495365
4332.338432,sim,1.712063,-0.036758,-2.361275,0.825144,-2.348582,0.495325
4332.342364,sim,1.712036,-0.036709,-2.361286,0.825157,-2.348601,0.495359
4332.346268,sim,1.712062,-0.036757,-2.360894,0.825240,-2.346242,0.495327
4332.350296,sim,1.712034,-0.036710,-2.360544,0.825330,-2.343790,0.495354
4332.354430,sim,1.712058,-0.036753,-2.360194,0.825389,-2.341195,0.495327
4332.358353,sim,1.712032,-0.036710,-2.359884,0.825455,-2.338534,0.495355
4332.362284,sim,1.712056,-0.036753,-2.359572,0.825491,-2.335759,0.495327
4332.366277,sim,1.712035,-0.036717,-2.359581,0.825497,-2.335770,0.495347
4332.370300,sim,1.712049,-0.036744,-2.359293,0.825532,-2.332918,0.495335
4332.374580,sim,1.712036,-0.036714,-2.359038,0.825561,-2.329984,0.495341
4332.378372,sim,1.712048,-0.036757,-2.358787,0.825590,-2.326961,0.495344
4332.382325,sim,1.712030,-0.036702,-2.358578,0.825600,-2.323869,0.495339
4332.386324,sim,1.712044,-0.036746,-2.358365,0.825618,-2.320712,0.495344
4332.390315,sim,1.712035,-0.036725,-2.358187,0.825616,-2.317498,0.495329
4332.394305,sim,1.712033,-0.036740,-2.358017,0.825636,-2.314261,0.495356
4332.398460,sim,1.712041,-0.036730,-2.358019,0.825614,-2.314242,0.495317
4332.402386,sim,1.712019,-0.036709,-2.357881,0.825641,-2.310936,0.495367
4332.406339,sim,1.712039,-0.036758,-2.357748,0.825625,-2.307456,0.495327
4332.410235,sim,1.712012,-0.036713,-2.357657,0.825633,-2.303908,0.495352
4332.414425,sim,1.712027,-0.036743,-2.357568,0.825619,-2.300235,0.495322
4332.418340,sim,1.711997,-0.036715,-2.357509,0.825635,-2.296523,0.495360
4332.422313,sim,1.712019,-0.036761,-2.357499,0.825625,-2.296505,0.495331
4332.426285,sim,1.711991,-0.036713,-2.357458,0.825627,-2.292690,0.495349
4332.430341,sim,1.712001,-0.036755,-2.357411,0.825622,-2.288750,0.495336
4332.434493,sim,1.711974,-0.036713,-2.357391,0.825620,-2.284742,0.495346
4332.438370,sim,1.711984,-0.036755,-2.357363,0.825615,-2.280652,0.495331
4332.442295,sim,1.711951,-0.036712,-2.357363,0.825619,-2.276541,0.495353
4332.446759,sim,1.711966,-0.036761,-2.357348,0.825609,-2.272376,0.495328
4332.450381,sim,1.711932,-0.036714,-2.357361,0.825614,-2.268236,0.495350
4332.454479,sim,1.711952,-0.036758,-2.357352,0.825609,-2.268225,0.495333
4332.458309,sim,1.711921,-0.036712,-2.357368,0.825611,-2.264079,0.495350
4332.462355,sim,1.711936,-0.036761,-2.357363,0.825604,-2.259897,0.495329
4332.466374,sim,1.711905,-0.036712,-2.357382,0.825607,-2.255741,0.495348
4332.470389,sim,1.711916,-0.036741,-2.357383,0.825599,-2.251567,0.495330
4332.474530,sim,1.711894,-0.036721,-2.357395,0.825609,-2.247431,0.495352
4332.478319,sim,1.711907,-0.036765,-2.357393,0.825602,-2.243291,0.495331
4332.482390,sim,1.711881,-0.036712,-2.357413,0.825604,-2.239209,0.495348
4332.486407,sim,1.711894,-0.036742,-2.357415,0.825598,-2.235142,0.495330
4332.490405,sim,1.711879,-0.036721,-2.357419,0.825608,-2.235155,0.495352
4332.494420,sim,1.711894,-0.036765,-2.357416,0.825601,-2.231136,0.495332
4332.498422,sim,1.711870,-0.036712,-2.357433,0.825604,-2.227201,0.495348
4332.502376,sim,1.711889,-0.036761,-2.357427,0.825602,-2.223295,0.495333
4332.506340,sim,1.711865,-0.036711,-2.357442,0.825604,-2.219463,0.495347
4332.510388,sim,1.711882,-0.036758,-2.357436,0.825605,-2.215661,0.495339
4332.514436,sim,1.711864,-0.036708,-2.357446,0.825602,-2.215667,0.495344
4332.518363,sim,1.711881,-0.036759,-2.357437,0.825604,-2.211866,0.495338
4332.522320,sim,1.711861,-0.036712,-2.357449,0.825603,-2.208036,0.495346
4332.526256,sim,1.711881,-0.036762,-2.357439,0.825601,-2.204154,0.495332
4332.530332,sim,1.711856,-0.036707,-2.357453,0.825602,-2.200268,0.495346
4332.534534,sim,1.711877,-0.036760,-2.357442,0.825600,-2.196341,0.495332
4332.538376,sim,1.711854,-0.036713,-2.357452,0.825601,-2.192424,0.495344
4332.542349,sim,1.711868,-0.036760,-2.357443,0.825603,-2.188490,0.495338
4332.546423,sim,1.711850,-0.036712,-2.357453,0.825601,-2.188497,0.495345
4332.550354,sim,1.711866,-0.036762,-2.357442,0.825601,-2.184507,0.495335
4332.554369,sim,1.711842,-0.036712,-2.357453,0.825599,-2.180434,0.495343
4332.558425,sim,1.711853,-0.036759,-2.357443,0.825600,-2.176261,0.495336
4332.562336,sim,1.711826,-0.036711,-2.357453,0.825600,-2.172035,0.495346
4332.566290,sim,1.711835,-0.036759,-2.357442,0.825600,-2.167735,0.495336
4332.570362,sim,1.711807,-0.036713,-2.357452,0.825598,-2.163411,0.495345
4332.574476,sim,1.711814,-0.036760,-2.357442,0.825599,-2.159045,0.495336
4332.578485,sim,1.711796,-0.036714,-2.357451,0.825598,-2.159053,0.495344
4332.582365,sim,1.711802,-0.036760,-2.357441,0.825599,-2.154657,0.495336
4332.586245,sim,1.711773,-0.036714,-2.357450,0.825597,-2.150241,0.495344
4332.590289,sim,1.711779,-0.036761,-2.357440,0.825598,-2.145789,0.495337
4332.594374,sim,1.711750,-0.036715,-2.357450,0.825595,-2.141343,0.495344
4332.598355,sim,1.711756,-0.036764,-2.357439,0.825597,-2.136889,0.495338
4332.602295,sim,1.711727,-0.036715,-2.357449,0.825593,-2.132467,0.495343
4332.606307,sim,1.711746,-0.036763,-2.357439,0.825594,-2.132459,0.495335
4332.610373,sim,1.711717,-0.036717,-2.357449,0.825592,-2.128095,0.495343
4332.614424,sim,1.711724,-0.036760,-2.357440,0.825593,-2.123799,0.495338
4332.618256,sim,1.711699,-0.036715,-2.357449,0.825590,-2.119592,0.495344
4332.622305,sim,1.711708,-0.036764,-2.357439,0.825591,-2.115445,0.495338
4332.626308,sim,1.711684,-0.036715,-2.357449,0.825586,-2.111379,0.495343
4332.630336,sim,1.711695,-0.036761,-2.357439,0.825587,-2.107366,0.495337
4332.634548,sim,1.711673,-0.036716,-2.357449,0.825583,-2.103427,0.495344
4332.638333,sim,1.711690,-0.036764,-2.357439,0.825587,-2.103421,0.495338
4332.642346,sim,1.711669,-0.036715,-2.357449,0.825581,-2.099483,0.495343
4332.646345,sim,1.711682,-0.036760,-2.357439,0.825582,-2.095484,0.495337
4332.650306,sim,1.711661,-0.036713,-2.357449,0.825579,-2.091462,0.495345
4332.654320,sim,1.711677,-0.036762,-2.357439,0.825579,-2.087398,0.495336
4332.658336,sim,1.711657,-0.036714,-2.357449,0.825576,-2.083335,0.495344
4332.662386,sim,1.711672,-0.036762,-2.357438,0.825578,-2.079254,0.495339
4332.666309,sim,1.711655,-0.036717,-2.357448,0.825573,-2.075193,0.495344
4332.670311,sim,1.711673,-0.036765,-2.357437,0.825575,-2.075184,0.495335
4332.674552,sim,1.711653,-0.036713,-2.357449,0.825572,-2.071119,0.495344
4332.678349,sim,1.711670,-0.036764,-2.357437,0.825574,-2.067013,0.495338
4332.682284,sim,1.711654,-0.036718,-2.357447,0.825569,-2.062905,0.495342
4332.686260,sim,1.711668,-0.036760,-2.357438,0.825571,-2.058783,0.495339
4332.690457,sim,1.711655,-0.036721,-2.357446,0.825566,-2.054674,0.495342
4332.694481,sim,1.711669,-0.036760,-2.357438,0.825568,-2.054668,0.495337
4332.698315,sim,1.711655,-0.036719,-2.357446,0.825563,-2.050538,0.495341
4332.702262,sim,1.711667,-0.036758,-2.357437,0.825566,-2.046352,0.495342
4332.706284,sim,1.711655,-0.036719,-2.357446,0.825556,-2.042130,0.495339
4332.710291,sim,1.711668,-0.036761,-2.357437,0.825556,-2.037872,0.495338
4332.714422,sim,1.711654,-0.036715,-2.357446,0.825547,-2.033603,0.495341
4332.718278,sim,1.711669,-0.036767,-2.357436,0.825545,-2.029312,0.495338
4332.722314,sim,1.711654,-0.036721,-2.357445,0.825534,-2.025029,0.495341
4332.726347,sim,1.711670,-0.036767,-2.357435,0.825538,-2.025024,0.495336
4332.730289,sim,1.711652,-0.036713,-2.357447,0.825524,-2.020738,0.495341
4332.734357,sim,1.711668,-0.036758,-2.357438,0.825517,-2.016436,0.495338
4332.738357,sim,1.711654,-0.036717,-2.357447,0.825501,-2.012148,0.495340
4332.742345,sim,1.711669,-0.036768,-2.357437,0.825492,-2.007870,0.495337
4332.746261,sim,1.711655,-0.036726,-2.357445,0.825473,-2.003629,0.495339
4332.750277,sim,1.711669,-0.036769,-2.357436,0.825462,-1.999424,0.495339
4332.754409,sim,1.711654,-0.036724,-2.357447,0.825438,-1.995277,0.495338
4332.758329,sim,1.711668,-0.036766,-2.357437,0.825444,-1.995275,0.495338
4332.762391,sim,1.711655,-0.036726,-2.357447,0.825421,-1.991181,0.495337
4332.766342,sim,1.711668,-0.036768,-2.357438,0.825409,-1.987131,0.495337
4332.770462,sim,1.711655,-0.036727,-2.357447,0.825385,-1.983138,0.495335
4332.774565,sim,1.711668,-0.036763,-2.357439,0.825373,-1.979197,0.495336
4332.778340,sim,1.711657,-0.036730,-2.357446,0.825350,-1.975318,0.495334
4332.782319,sim,1.711668,-0.036767,-2.357438,0.825339,-1.971501,0.495335
4332.786337,sim,1.711656,-0.036727,-2.357447,0.825333,-1.971503,0.495334
4332.790412,sim,1.711667,-0.036769,-2.357438,0.825324,-1.967773,0.495336
4332.794440,sim,1.711656,-0.036730,-2.357446,0.825300,-1.964150,0.495332
4332.798317,sim,1.711668,-0.036770,-2.357438,0.825292,-1.960628,0.495333
4332.802368,sim,1.711656,-0.036733,-2.357446,0.825271,-1.957211,0.495332
4332.806370,sim,1.711669,-0.036774,-2.357437,0.825262,-1.953888,0.495330
4332.810323,sim,1.711654,-0.036723,-2.357447,0.825243,-1.950670,0.495332
4332.814862,sim,1.711667,-0.036764,-2.357439,0.825236,-1.947541,0.495332
4332.818360,sim,1.711658,-0.036739,-2.357444,0.825229,-1.947539,0.495327
4332.822367,sim,1.711665,-0.036763,-2.357439,0.825223,-1.944462,0.495333
4332.826324,sim,1.711659,-0.036738,-2.357444,0.825199,-1.941385,0.495324
4332.831015,sim,1.711665,-0.036761,-2.357439,0.825188,-1.938319,0.495329
4332.834546,sim,1.711654,-0.036722,-2.357448,0.825161,-1.935262,0.495327
4332.838376,sim,1.711667,-0.036773,-2.357437,0.825147,-1.932209,0.495326
4332.842397,sim,1.711653,-0.036731,-2.357445,0.825117,-1.929175,0.495325
4332.846972,sim,1.711663,-0.036765,-2.357438,0.825098,-1.926154,0.495326
4332.850450,sim,1.711655,-0.036740,-2.357443,0.825092,-1.926152,0.495321
4332.854496,sim,1.711661,-0.036767,-2.357438,0.825070,-1.923108,0.495326
4332.858979,sim,1.711652,-0.036734,-2.357444,0.825027,-1.920000,0.495320
4332.862330,sim,1.711661,-0.036770,-2.357437,0.824991,-1.916840,0.495318
4332.866370,sim,1.711647,-0.036724,-2.357447,0.824937,-1.913644,0.495315
4332.870346,sim,1.711660,-0.036774,-2.357436,0.824893,-1.910414,0.495312
4332.874440,sim,1.711646,-0.036731,-2.357445,0.824888,-1.910417,0.495315
4332.878342,sim,1.711657,-0.036770,-2.357437,0.824834,-1.907145,0.495308
4332.882319,sim,1.711641,-0.036720,-2.357447,0.824762,-1.903833,0.495305
4332.886362,sim,1.711654,-0.036775,-2.357435,0.824700,-1.900482,0.495300
4332.890363,sim,1.711639,-0.036733,-2.357444,0.824617,-1.897118,0.495295
4332.894405,sim,1.711650,-0.036773,-2.357435,0.824540,-1.893745,0.495285
4332.898706,sim,1.711634,-0.036725,-2.357445,0.824447,-1.890390,0.495279
4332.902391,sim,1.711646,-0.036775,-2.357435,0.824364,-1.887054,0.495271
4332.906264,sim,1.711634,-0.036734,-2.357443,0.824358,-1.887055,0.495271
4332.910284,sim,1.711645,-0.036777,-2.357434,0.824266,-1.883753,0.495259
4332.914441,sim,1.711629,-0.036728,-2.357444,0.824154,-1.880491,0.495249
4332.918407,sim,1.711642,-0.036778,-2.357434,0.824049,-1.877263,0.495236
4332.922318,sim,1.711629,-0.036742,-2.357441,0.823923,-1.874077,0.495220
4332.926500,sim,1.711638,-0.036769,-2.357436,0.823799,-1.870933,0.495203
4332.930457,sim,1.711626,-0.036727,-2.357444,0.823662,-1.867841,0.495185
4332.934493,sim,1.711638,-0.036780,-2.357434,0.823533,-1.864793,0.495167
4332.938382,sim,1.711626,-0.036740,-2.357441,0.823386,-1.861801,0.495147
4332.942346,sim,1.711636,-0.036770,-2.357435,0.823390,-1.861799,0.495146
4332.946352,sim,1.711625,-0.036730,-2.357444,0.823237,-1.858865,0.495124
4332.950387,sim,1.711636,-0.036773,-2.357435,0.823092,-1.855989,0.495107
4332.954319,sim,1.711626,-0.036741,-2.357441,0.822927,-1.853171,0.495086
4332.958361,sim,1.711635,-0.036774,-2.357434,0.822766,-1.850404,0.495067
4332.962447,sim,1.711625,-0.036735,-2.357442,0.822588,-1.847690,0.495045
4332.966383,sim,1.711635,-0.036772,-2.357434,0.822595,-1.847691,0.495049
4332.970304,sim,1.711625,-0.036737,-2.357440,0.822409,-1.844992,0.495029
4332.974456,sim,1.711634,-0.036771,-2.357433,0.822223,-1.842272,0.495013
4332.978323,sim,1.711624,-0.036730,-2.357441,0.822011,-1.839535,0.494993
4332.982310,sim,1.711634,-0.036774,-2.357431,0.821804,-1.836786,0.494982
4332.986321,sim,1.711625,-0.036741,-2.357437,0.821570,-1.834022,0.494964
4332.990278,sim,1.711633,-0.036776,-2.357430,0.821340,-1.831250,0.494953
4332.994431,sim,1.711625,-0.036740,-2.357436,0.821083,-1.828470,0.494936
4332.998397,sim,1.711633,-0.036772,-2.357429,0.821092,-1.828473,0.494942
4333.002382,sim,1.711625,-0.036740,-2.357435,0.820820,-1.825676,0.494927
4333.006350,sim,1.711632,-0.036758,-2.357431,0.820536,-1.822855,0.494917
4333.010300,sim,1.711624,-0.036736,-2.357434,0.820230,-1.820023,0.494911
4333.014468,sim,1.711633,-0.036780,-2.357424,0.819916,-1.817183,0.494906
4333.018237,sim,1.711622,-0.036739,-2.357431,0.819572,-1.814347,0.494898
4333.022500,sim,1.711634,-0.036782,-2.357422,0.819229,-1.811524,0.494892
4333.026408,sim,1.711621,-0.036743,-2.357428,0.818866,-1.808729,0.494892
4333.030346,sim,1.711632,-0.036775,-2.357422,0.818869,-1.808727,0.494889
4333.034349,sim,1.711622,-0.036733,-2.357429,0.818490,-1.805951,0.494885
4333.038315,sim,1.711632,-0.036772,-2.357420,0.818111,-1.803191,0.494884
4333.042307,sim,1.711622,-0.036741,-2.357424,0.817705,-1.800450,0.494879
4333.046401,sim,1.711630,-0.036773,-2.357415,0.817303,-1.797736,0.494882
4333.050234,sim,1.711622,-0.036748,-2.357418,0.816876,-1.795045,0.494876
4333.054397,sim,1.711629,-0.036772,-2.357413,0.816881,-1.795045,0.494878
4333.058371,sim,1.711620,-0.036728,-2.357419,0.816442,-1.792369,0.494875
4333.062410,sim,1.711631,-0.036780,-2.357406,0.816010,-1.789692,0.494876
4333.066315,sim,1.711618,-0.036728,-2.357412,0.815548,-1.787023,0.494874
4333.070338,sim,1.711632,-0.036783,-2.357398,0.815096,-1.784363,0.494873
4333.074553,sim,1.711618,-0.036737,-2.357402,0.814622,-1.781725,0.494873
4333.078407,sim,1.711629,-0.036775,-2.357390,0.814158,-1.779113,0.494874
4333.082287,sim,1.711620,-0.036741,-2.357392,0.813677,-1.776528,0.494869
4333.086392,sim,1.711628,-0.036771,-2.357386,0.813684,-1.776531,0.494873
4333.090407,sim,1.711619,-0.036741,-2.357386,0.813206,-1.773981,0.494872
4333.094543,sim,1.711626,-0.036765,-2.357375,0.812738,-1.771458,0.494870
4333.098278,sim,1.711617,-0.036727,-2.357375,0.812263,-1.768971,0.494871
4333.102320,sim,1.711626,-0.036777,-2.357357,0.811807,-1.766515,0.494872
4333.106365,sim,1.711614,-0.036734,-2.357356,0.811338,-1.764095,0.494869
4333.110309,sim,1.711623,-0.036773,-2.357338,0.810891,-1.761719,0.494871
4333.114351,sim,1.711612,-0.036750,-2.357331,0.810440,-1.759384,0.494873
4333.118327,sim,1.711617,-0.036772,-2.357315,0.810002,-1.757092,0.494871
4333.122411,sim,1.711608,-0.036727,-2.357324,0.809994,-1.757093,0.494870
4333.126360,sim,1.711616,-0.036777,-2.357302,0.809580,-1.754858,0.494870
4333.130271,sim,1.711600,-0.036729,-2.357296,0.809176,-1.752687,0.494871
4333.134365,sim,1.711605,-0.036770,-2.357270,0.808813,-1.750577,0.494872
4333.138374,sim,1.711588,-0.036729,-2.357259,0.808459,-1.748522,0.494871
4333.142678,sim,1.711591,-0.036773,-2.357229,0.808143,-1.746522,0.494872
4333.146324,sim,1.711581,-0.036737,-2.357236,0.808137,-1.746521,0.494871
4333.150334,sim,1.711581,-0.036777,-2.357204,0.807844,-1.744556,0.494873
4333.154366,sim,1.711560,-0.036735,-2.357186,0.807557,-1.742609,0.494870
4333.158399,sim,1.711557,-0.036773,-2.357149,0.807309,-1.740691,0.494872
4333.162359,sim,1.711531,-0.036727,-2.357125,0.807069,-1.738801,0.494873
4333.166310,sim,1.711525,-0.036768,-2.357083,0.806866,-1.736945,0.494874
4333.170356,sim,1.711498,-0.036732,-2.357054,0.806669,-1.735123,0.494871
4333.174618,sim,1.711488,-0.036771,-2.357009,0.806510,-1.733347,0.494873
4333.178282,sim,1.711479,-0.036746,-2.357014,0.806507,-1.733348,0.494874
4333.182328,sim,1.711467,-0.036783,-2.356966,0.806367,-1.731616,0.494872
4333.186407,sim,1.711432,-0.036729,-2.356931,0.806239,-1.729936,0.494872
4333.190395,sim,1.711417,-0.036769,-2.356876,0.806149,-1.728306,0.494874
4333.194421,sim,1.711379,-0.036744,-2.356830,0.806067,-1.726721,0.494874
4333.198303,sim,1.711356,-0.036768,-2.356772,0.806011,-1.725185,0.494873
4333.202415,sim,1.711349,-0.036751,-2.356775,0.806010,-1.725185,0.494874
4333.206348,sim,1.711322,-0.036770,-2.356715,0.805966,-1.723689,0.494873
4333.210324,sim,1.711277,-0.036721,-2.356662,0.805925,-1.722230,0.494875
4333.214482,sim,1.711250,-0.036772,-2.356588,0.805910,-1.720805,0.494874
4333.218306,sim,1.711197,-0.036726,-2.356527,0.805888,-1.719419,0.494875
4333.222327,sim,1.711163,-0.036761,-2.356447,0.805888,-1.718072,0.494876
4333.226344,sim,1.711108,-0.036725,-2.356378,0.805880,-1.716762,0.494875
4333.230342,sim,1.711069,-0.036754,-2.356292,0.805891,-1.715498,0.494876
4333.234755,sim,1.711012,-0.036734,-2.356213,0.805900,-1.714274,0.494878
4333.238458,sim,1.711021,-0.036783,-2.356204,0.805907,-1.714272,0.494876
4333.242387,sim,1.710957,-0.036725,-2.356128,0.805910,-1.713107,0.494878
4333.246284,sim,1.710914,-0.036775,-2.356027,0.805929,-1.712010,0.494877
4333.250374,sim,1.710844,-0.036731,-2.355938,0.805934,-1.710976,0.494879
4333.254627,sim,1.710796,-0.036782,-2.355827,0.805954,-1.710002,0.494879
4333.258321,sim,1.710720,-0.036723,-2.355733,0.805954,-1.709081,0.494878
4333.262318,sim,1.710667,-0.036763,-2.355616,0.805972,-1.708214,0.494880
4333.266470,sim,1.710593,-0.036750,-2.355506,0.805981,-1.707388,0.494881
4333.270474,sim,1.710598,-0.036762,-2.355504,0.805982,-1.707388,0.494880
4333.274526,sim,1.710520,-0.036722,-2.355392,0.805985,-1.706603,0.494881
4333.278305,sim,1.710452,-0.036764,-2.355256,0.806002,-1.705848,0.494881
4333.282362,sim,1.710360,-0.036728,-2.355126,0.806007,-1.705125,0.494881
4333.286374,sim,1.710282,-0.036777,-2.354973,0.806025,-1.704433,0.494881
4333.290374,sim,1.710176,-0.036726,-2.354831,0.806028,-1.703771,0.494882
4333.294373,sim,1.710090,-0.036766,-2.354666,0.806049,-1.703142,0.494884
4333.298415,sim,1.709981,-0.036749,-2.354507,0.806056,-1.702535,0.494883
4333.302379,sim,1.709986,-0.036761,-2.354504,0.806058,-1.702536,0.494883
4333.306315,sim,1.709872,-0.036725,-2.354343,0.806063,-1.701969,0.494883
4333.310252,sim,1.709766,-0.036774,-2.354158,0.806084,-1.701449,0.494883
4333.314418,sim,1.709632,-0.036726,-2.353985,0.806090,-1.700973,0.494884
4333.318395,sim,1.709514,-0.036765,-2.353792,0.806108,-1.700541,0.494885
4333.322401,sim,1.709370,-0.036732,-2.353608,0.806114,-1.700147,0.494884
4333.326372,sim,1.709378,-0.036760,-2.353602,0.806120,-1.700148,0.494886
4333.330286,sim,1.709228,-0.036729,-2.353414,0.806127,-1.699799,0.494886
4333.334446,sim,1.709087,-0.036772,-2.353208,0.806146,-1.699491,0.494886
4333.338296,sim,1.708921,-0.036744,-2.353011,0.806152,-1.699223,0.494887
4333.342303,sim,1.708764,-0.036765,-2.352804,0.806164,-1.698994,0.494885
4333.346328,sim,1.708586,-0.036733,-2.352605,0.806168,-1.698799,0.494885
4333.350432,sim,1.708417,-0.036767,-2.352392,0.806184,-1.698638,0.494887
4333.354356,sim,1.708227,-0.036739,-2.352192,0.806188,-1.698506,0.494888
4333.358388,sim,1.708234,-0.036760,-2.352188,0.806190,-1.698505,0.494886
4333.362411,sim,1.708037,-0.036732,-2.351989,0.806195,-1.698401,0.494889
4333.366349,sim,1.707843,-0.036765,-2.351779,0.806208,-1.698319,0.494889
4333.370345,sim,1.707624,-0.036736,-2.351582,0.806212,-1.698258,0.494889
4333.374520,sim,1.707413,-0.036773,-2.351376,0.806224,-1.698216,0.494887
4333.378392,sim,1.707175,-0.036719,-2.351188,0.806224,-1.698195,0.494889
4333.382268,sim,1.707186,-0.036763,-2.351180,0.806232,-1.698195,0.494889
4333.386305,sim,1.706942,-0.036744,-2.350986,0.806240,-1.698186,0.494891
4333.390332,sim,1.706703,-0.036766,-2.350786,0.806252,-1.698187,0.494889
4333.394433,sim,1.706442,-0.036725,-2.350598,0.806256,-1.698198,0.494889
4333.398343,sim,1.706191,-0.036766,-2.350397,0.806275,-1.698216,0.494889
4333.402320,sim,1.705916,-0.036739,-2.350208,0.806285,-1.698242,0.494890
4333.406347,sim,1.705653,-0.036765,-2.350012,0.806303,-1.698274,0.494890
4333.410350,sim,1.705372,-0.036738,-2.349827,0.806316,-1.698313,0.494893
4333.414465,sim,1.705380,-0.036774,-2.349821,0.806319,-1.698310,0.494889
4333.418224,sim,1.705089,-0.036730,-2.349640,0.806327,-1.698348,0.494890
4333.422280,sim,1.704802,-0.036755,-2.349443,0.806349,-1.698387,0.494892
4333.426355,sim,1.704489,-0.036730,-2.349255,0.806362,-1.698422,0.494892
4333.430383,sim,1.704180,-0.036757,-2.349055,0.806383,-1.698456,0.494891
4333.434416,sim,1.703847,-0.036722,-2.348866,0.806395,-1.698488,0.494891
4333.438298,sim,1.703522,-0.036748,-2.348666,0.806417,-1.698521,0.494891
4333.442287,sim,1.703175,-0.036730,-2.348473,0.806434,-1.698550,0.494893
4333.446339,sim,1.702838,-0.036770,-2.348271,0.806458,-1.698578,0.494893
4333.450314,sim,1.702829,-0.036733,-2.348278,0.806451,-1.698577,0.494892
4333.454458,sim,1.702490,-0.036765,-2.348079,0.806474,-1.698603,0.494892
4333.458355,sim,1.702134,-0.036728,-2.347897,0.806482,-1.698625,0.494892
4333.462431,sim,1.701795,-0.036764,-2.347706,0.806503,-1.698645,0.494894
4333.466353,sim,1.701441,-0.036738,-2.347531,0.806510,-1.698660,0.494893
4333.470368,sim,1.701103,-0.036764,-2.347350,0.806524,-1.698673,0.494892
4333.474603,sim,1.700751,-0.036722,-2.347186,0.806525,-1.698684,0.494891
4333.478340,sim,1.700419,-0.036767,-2.347009,0.806542,-1.698694,0.494892
4333.482243,sim,1.700410,-0.036737,-2.347015,0.806538,-1.698694,0.494893
4333.486332,sim,1.700075,-0.036769,-2.346843,0.806548,-1.698701,0.494891
4333.490343,sim,1.699717,-0.036722,-2.346688,0.806548,-1.698709,0.494893
4333.494453,sim,1.699375,-0.036773,-2.346516,0.806562,-1.698714,0.494893
4333.498323,sim,1.699008,-0.036725,-2.346365,0.806557,-1.698717,0.494892
4333.502309,sim,1.698662,-0.036768,-2.346199,0.806568,-1.698721,0.494892
4333.506370,sim,1.698650,-0.036721,-2.346208,0.806560,-1.698721,0.494893
4333.510332,sim,1.698299,-0.036765,-2.346043,0.806572,-1.698726,0.494894
4333.514358,sim,1.697923,-0.036724,-2.345895,0.806565,-1.698726,0.494891
4333.518340,sim,1.697563,-0.036772,-2.345732,0.806575,-1.698729,0.494892
4333.522325,sim,1.697178,-0.036722,-2.345589,0.806568,-1.698730,0.494892
4333.526347,sim,1.696813,-0.036752,-2.345432,0.806573,-1.698733,0.494891
4333.530286,sim,1.696428,-0.036728,-2.345287,0.806573,-1.698736,0.494894
4333.534464,sim,1.696061,-0.036770,-2.345132,0.806580,-1.698736,0.494893
4333.538380,sim,1.696051,-0.036727,-2.345139,0.806572,-1.698736,0.494893
4333.542342,sim,1.695683,-0.036767,-2.344986,0.806579,-1.698737,0.494893
4333.546331,sim,1.695290,-0.036721,-2.344849,0.806571,-1.698738,0.494891
4333.550437,sim,1.694914,-0.036764,-2.344696,0.806581,-1.698742,0.494894
4333.554450,sim,1.694514,-0.036731,-2.344559,0.806575,-1.698742,0.494893
4333.558339,sim,1.694133,-0.036774,-2.344408,0.806583,-1.698744,0.494892
4333.562269,sim,1.694122,-0.036726,-2.344417,0.806574,-1.698743,0.494892
4333.566340,sim,1.693734,-0.036756,-2.344269,0.806579,-1.698746,0.494891
4333.570327,sim,1.693320,-0.036727,-2.344131,0.806578,-1.698750,0.494894
4333.574587,sim,1.692917,-0.036769,-2.343979,0.806586,-1.698754,0.494894
4333.578365,sim,1.692490,-0.036741,-2.343841,0.806581,-1.698756,0.494892
4333.582289,sim,1.692073,-0.036765,-2.343692,0.806586,-1.698762,0.494893
4333.586365,sim,1.691638,-0.036727,-2.343555,0.806579,-1.698766,0.494891
4333.590361,sim,1.691216,-0.036751,-2.343407,0.806585,-1.698775,0.494892
4333.594352,sim,1.690777,-0.036731,-2.343267,0.806584,-1.698781,0.494893
4333.598287,sim,1.690785,-0.036771,-2.343260,0.806591,-1.698781,0.494894
4333.602398,sim,1.690347,-0.036730,-2.343127,0.806585,-1.698790,0.494893
4333.606400,sim,1.689933,-0.036765,-2.342986,0.806591,-1.698800,0.494893
4333.610266,sim,1.689507,-0.036727,-2.342863,0.806585,-1.698812,0.494892
4333.614445,sim,1.689103,-0.036755,-2.342732,0.806591,-1.698826,0.494892
4333.618342,sim,1.688690,-0.036730,-2.342615,0.806588,-1.698841,0.494893
4333.622447,sim,1.688298,-0.036775,-2.342489,0.806597,-1.698858,0.494894
4333.626282,sim,1.687895,-0.036740,-2.342382,0.806591,-1.698874,0.494893
4333.630297,sim,1.687903,-0.036768,-2.342377,0.806596,-1.698875,0.494893
4333.634500,sim,1.687500,-0.036723,-2.342274,0.806588,-1.698895,0.494893
4333.638470,sim,1.687113,-0.036754,-2.342157,0.806593,-1.698918,0.494892
4333.642320,sim,1.686708,-0.036734,-2.342051,0.806592,-1.698943,0.494894
4333.646331,sim,1.686317,-0.036772,-2.341934,0.806599,-1.698970,0.494894
4333.650400,sim,1.685911,-0.036734,-2.341832,0.806592,-1.698997,0.494893
4333.654518,sim,1.685525,-0.036777,-2.341716,0.806600,-1.699029,0.494894
4333.658341,sim,1.685123,-0.036747,-2.341614,0.806596,-1.699061,0.494895
4333.662283,sim,1.685129,-0.036755,-2.341613,0.806594,-1.699060,0.494891
4333.666350,sim,1.684730,-0.036723,-2.341512,0.806591,-1.699096,0.494895
4333.670407,sim,1.684345,-0.036762,-2.341395,0.806597,-1.699131,0.494892
4333.674506,sim,1.683940,-0.036729,-2.341291,0.806594,-1.699170,0.494895
4333.678283,sim,1.683555,-0.036770,-2.341171,0.806602,-1.699211,0.494895
4333.682402,sim,1.683150,-0.036726,-2.341066,0.806595,-1.699252,0.494895
4333.686398,sim,1.683160,-0.036771,-2.341057,0.806604,-1.699253,0.494896
4333.690301,sim,1.682754,-0.036739,-2.340948,0.806603,-1.699299,0.494896
4333.694445,sim,1.682361,-0.036763,-2.340827,0.806616,-1.699356,0.494895
4333.698369,sim,1.681949,-0.036742,-2.340713,0.806630,-1.699424,0.494896
4333.702411,sim,1.681549,-0.036772,-2.340588,0.806658,-1.699502,0.494894
4333.706279,sim,1.681131,-0.036727,-2.340476,0.806684,-1.699595,0.494895
4333.710285,sim,1.680731,-0.036757,-2.340350,0.806732,-1.699703,0.494897
4333.714449,sim,1.680316,-0.036742,-2.340233,0.806783,-1.699823,0.494898
4333.718345,sim,1.680322,-0.036762,-2.340229,0.806784,-1.699821,0.494896
4333.722265,sim,1.679904,-0.036735,-2.340115,0.806868,-1.699979,0.494897
4333.726300,sim,1.679488,-0.036746,-2.339994,0.807015,-1.700190,0.494898
4333.730296,sim,1.679053,-0.036729,-2.339878,0.807215,-1.700453,0.494901
4333.734487,sim,1.678624,-0.036767,-2.339753,0.807474,-1.700762,0.494901
4333.738278,sim,1.678172,-0.036730,-2.339643,0.807769,-1.701114,0.494902
4333.742270,sim,1.678180,-0.036756,-2.339639,0.807772,-1.701114,0.494900
4333.746378,sim,1.677720,-0.036710,-2.339532,0.808125,-1.701517,0.494901
4333.750301,sim,1.677268,-0.036749,-2.339411,0.808561,-1.701976,0.494901
4333.754337,sim,1.676789,-0.036710,-2.339306,0.809047,-1.702486,0.494901
4333.758441,sim,1.676320,-0.036734,-2.339193,0.809603,-1.703045,0.494901
4333.762313,sim,1.675831,-0.036697,-2.339093,0.810206,-1.703648,0.494905
4333.766368,sim,1.675358,-0.036737,-2.338984,0.810868,-1.704287,0.494904
4333.770339,sim,1.674863,-0.036677,-2.338897,0.811558,-1.704962,0.494906
4333.774586,sim,1.674395,-0.036719,-2.338797,0.812305,-1.705667,0.494906
4333.778443,sim,1.674385,-0.036686,-2.338803,0.812300,-1.705666,0.494907
4333.782335,sim,1.673919,-0.036699,-2.338716,0.813076,-1.706402,0.494906
4333.786457,sim,1.673447,-0.036654,-2.338651,0.813876,-1.707172,0.494906
4333.790300,sim,1.673000,-0.036692,-2.338581,0.814722,-1.707974,0.494907
4333.794486,sim,1.672543,-0.036649,-2.338535,0.815580,-1.708804,0.494906
4333.798354,sim,1.672110,-0.036669,-2.338486,0.816472,-1.709662,0.494907
4333.802349,sim,1.671669,-0.036644,-2.338453,0.817381,-1.710545,0.494909
4333.806408,sim,1.671248,-0.036677,-2.338417,0.818315,-1.711448,0.494909
4333.810449,sim,1.671238,-0.036635,-2.338425,0.818307,-1.711448,0.494908
4333.814558,sim,1.670816,-0.036674,-2.338393,0.819268,-1.712394,0.494909
4333.818383,sim,1.670364,-0.036639,-2.338380,0.820251,-1.713398,0.494909
4333.822374,sim,1.669918,-0.036663,-2.338359,0.821272,-1.714457,0.494912
4333.826430,sim,1.669451,-0.036643,-2.338351,0.822308,-1.715559,0.494912
4333.830423,sim,1.668991,-0.036666,-2.338339,0.823367,-1.716699,0.494911
4333.834466,sim,1.668512,-0.036623,-2.338341,0.824428,-1.717874,0.494912
4333.838508,sim,1.668049,-0.036667,-2.338330,0.825510,-1.719073,0.494912
4333.842546,sim,1.668038,-0.036626,-2.338337,0.825504,-1.719073,0.494913
4333.846522,sim,1.667570,-0.036672,-2.338327,0.826593,-1.720301,0.494915
4333.850440,sim,1.667075,-0.036650,-2.338330,0.827677,-1.721555,0.494915
4333.854485,sim,1.666589,-0.036669,-2.338326,0.828773,-1.722837,0.494915
4333.858510,sim,1.666083,-0.036629,-2.338333,0.829863,-1.724142,0.494915
4333.862507,sim,1.665592,-0.036684,-2.338324,0.830969,-1.725461,0.494916
4333.866478,sim,1.665580,-0.036637,-2.338332,0.830962,-1.725462,0.494917
4333.870515,sim,1.665080,-0.036679,-2.338325,0.832076,-1.726809,0.494917
4333.874771,sim,1.664546,-0.036654,-2.338330,0.833202,-1.728197,0.494920
4333.878583,sim,1.664017,-0.036687,-2.338325,0.834350,-1.729613,0.494917
4333.882434,sim,1.663460,-0.036646,-2.338334,0.835503,-1.731064,0.494919
4333.886458,sim,1.662910,-0.036675,-2.338329,0.836679,-1.732537,0.494922
4333.890514,sim,1.662337,-0.036639,-2.338337,0.837851,-1.734031,0.494921
4333.894588,sim,1.661773,-0.036666,-2.338333,0.839040,-1.735542,0.494923
4333.898558,sim,1.661766,-0.036646,-2.338337,0.839039,-1.735543,0.494925
4333.902533,sim,1.661197,-0.036693,-2.338329,0.840239,-1.737077,0.494928
4333.906532,sim,1.660601,-0.036655,-2.338337,0.841433,-1.738644,0.494930
4333.910488,sim,1.660019,-0.036686,-2.338332,0.842644,-1.740238,0.494935
4333.914579,sim,1.659417,-0.036656,-2.338338,0.843847,-1.741853,0.494941
4333.918504,sim,1.658831,-0.036680,-2.338335,0.845054,-1.743479,0.494945
4333.922602,sim,1.658822,-0.036641,-2.338342,0.845047,-1.743480,0.494945
4333.926586,sim,1.658238,-0.036684,-2.338335,0.846256,-1.745124,0.494954
4333.930521,sim,1.657634,-0.036644,-2.338343,0.847447,-1.746789,0.494964
4333.934590,sim,1.657052,-0.036673,-2.338338,0.848644,-1.748472,0.494980
4333.938621,sim,1.656456,-0.036650,-2.338343,0.849826,-1.750166,0.494999
4333.942557,sim,1.655881,-0.036689,-2.338336,0.851005,-1.751865,0.495021
4333.946546,sim,1.655295,-0.036644,-2.338344,0.852155,-1.753566,0.495045
4333.950583,sim,1.654738,-0.036692,-2.338336,0.853303,-1.755262,0.495075
4333.954660,sim,1.654168,-0.036646,-2.338345,0.854414,-1.756949,0.495105
4333.958626,sim,1.654180,-0.036691,-2.338336,0.854422,-1.756949,0.495107
4333.962541,sim,1.653622,-0.036644,-2.338345,0.855499,-1.758617,0.495150
4333.966539,sim,1.653101,-0.036686,-2.338338,0.856541,-1.760255,0.495211
4333.970669,sim,1.652572,-0.036645,-2.338346,0.857522,-1.761862,0.495282
4333.974854,sim,1.652075,-0.036682,-2.338339,0.858475,-1.763446,0.495374
4333.978565,sim,1.651570,-0.036647,-2.338347,0.859374,-1.765004,0.495475
4333.982565,sim,1.651092,-0.036679,-2.338341,0.860248,-1.766539,0.495592
4333.986681,sim,1.650607,-0.036665,-2.338345,0.861082,-1.768054,0.495723
4333.990630,sim,1.650615,-0.036700,-2.338338,0.861088,-1.768054,0.495723
4333.994672,sim,1.650129,-0.036664,-2.338346,0.861884,-1.769560,0.495872
4333.998664,sim,1.649658,-0.036716,-2.338337,0.862663,-1.771067,0.496056
4334.002655,sim,1.649163,-0.036691,-2.338343,0.863399,-1.772574,0.496267
4334.006681,sim,1.648685,-0.036719,-2.338339,0.864108,-1.774071,0.496502
4334.010601,sim,1.648190,-0.036686,-2.338347,0.864778,-1.775562,0.496762
4334.014874,sim,1.648200,-0.036726,-2.338340,0.864784,-1.775560,0.496763
4334.018663,sim,1.647702,-0.036705,-2.338346,0.865424,-1.777042,0.497057
4334.022631,sim,1.647218,-0.036759,-2.338337,0.866041,-1.778519,0.497395
4334.026676,sim,1.646709,-0.036733,-2.338344,0.866615,-1.780001,0.497779
4334.030659,sim,1.646214,-0.036767,-2.338340,0.867163,-1.781478,0.498203
4334.034817,sim,1.645697,-0.036736,-2.338348,0.867674,-1.782961,0.498676
4334.038710,sim,1.645194,-0.036797,-2.338338,0.868172,-1.784441,0.499198
4334.042602,sim,1.644665,-0.036768,-2.338346,0.868628,-1.785928,0.499764
4334.046671,sim,1.644675,-0.036807,-2.338338,0.868634,-1.785927,0.499765
4334.050758,sim,1.644135,-0.036772,-2.338347,0.869053,-1.787424,0.500408
4334.054841,sim,1.643602,-0.036817,-2.338339,0.869448,-1.788938,0.501158
4334.058657,sim,1.643036,-0.036804,-2.338343,0.869797,-1.790467,0.502002
4334.062673,sim,1.642478,-0.036828,-2.338340,0.870111,-1.791996,0.502924
4334.066780,sim,1.641898,-0.036801,-2.338346,0.870386,-1.793528,0.503922
4334.070751,sim,1.641329,-0.036838,-2.338340,0.870638,-1.795050,0.504984
4334.074774,sim,1.640741,-0.036803,-2.338347,0.870847,-1.796563,0.506099
4334.078744,sim,1.640751,-0.036845,-2.338339,0.870855,-1.796563,0.506102
4334.082741,sim,1.640162,-0.036807,-2.338347,0.871032,-1.798051,0.507277
4334.086729,sim,1.639593,-0.036850,-2.338339,0.871197,-1.799514,0.508529
4334.090706,sim,1.639003,-0.036816,-2.338346,0.871319,-1.800951,0.509839
4334.094708,sim,1.638435,-0.036847,-2.338341,0.871429,-1.802357,0.511209
4334.098903,sim,1.637851,-0.036816,-2.338348,0.871506,-1.803736,0.512623
4334.102733,sim,1.637860,-0.036857,-2.338339,0.871514,-1.803736,0.512627
4334.106769,sim,1.637274,-0.036810,-2.338349,0.871572,-1.805091,0.514098
4334.110694,sim,1.636710,-0.036860,-2.338340,0.871630,-1.806424,0.515633
4334.114820,sim,1.636120,-0.036809,-2.338351,0.871662,-1.807743,0.517225
4334.118714,sim,1.635557,-0.036850,-2.338344,0.871695,-1.809036,0.518866
4334.122711,sim,1.634975,-0.036824,-2.338350,0.871708,-1.810307,0.520545
4334.126722,sim,1.634415,-0.036855,-2.338345,0.871722,-1.811553,0.522260
4334.130775,sim,1.633843,-0.036813,-2.338355,0.871715,-1.812774,0.523997
4334.134950,sim,1.633298,-0.036854,-2.338348,0.871719,-1.813967,0.525759
4334.138658,sim,1.633287,-0.036814,-2.338356,0.871712,-1.813967,0.525757
4334.142758,sim,1.632750,-0.036852,-2.338350,0.871712,-1.815135,0.527541
4334.146752,sim,1.632200,-0.036812,-2.338359,0.871696,-1.816277,0.529346
4334.150734,sim,1.631679,-0.036858,-2.338351,0.871698,-1.817399,0.531185
4334.154874,sim,1.631142,-0.036813,-2.338362,0.871681,-1.818502,0.533041
4334.158759,sim,1.630633,-0.036857,-2.338354,0.871681,-1.819588,0.534927
4334.162759,sim,1.630106,-0.036815,-2.338363,0.871665,-1.820660,0.536829
4334.166846,sim,1.629606,-0.036861,-2.338355,0.871666,-1.821721,0.538758
4334.170686,sim,1.629597,-0.036828,-2.338361,0.871659,-1.821720,0.538755
4334.174932,sim,1.629092,-0.036853,-2.338357,0.871655,-1.822784,0.540725
4334.178806,sim,1.628562,-0.036818,-2.338366,0.871642,-1.823868,0.542755
4334.182866,sim,1.628045,-0.036858,-2.338359,0.871643,-1.824966,0.544846
4334.186817,sim,1.627508,-0.036827,-2.338367,0.871627,-1.826068,0.546967
4334.190760,sim,1.626980,-0.036830,-2.338367,0.871625,-1.827188,0.549136
4334.194906,sim,1.626978,-0.036834,-2.338367,0.871626,-1.827188,0.549138
4334.198794,sim,1.626445,-0.036844,-2.338366,0.871622,-1.828313,0.551342
4334.202821,sim,1.625907,-0.036847,-2.338368,0.871617,-1.829451,0.553590
4334.206741,sim,1.625367,-0.036841,-2.338371,0.871611,-1.830602,0.555878
4334.210746,sim,1.624828,-0.036839,-2.338375,0.871606,-1.831759,0.558196
4334.214899,sim,1.624291,-0.036843,-2.338377,0.871603,-1.832921,0.560539
4334.218776,sim,1.623756,-0.036842,-2.338382,0.871597,-1.834081,0.562895
4334.222832,sim,1.623224,-0.036834,-2.338387,0.871595,-1.835245,0.565267
4334.226775,sim,1.623229,-0.036863,-2.338382,0.871598,-1.835240,0.565265
4334.230751,sim,1.622693,-0.036821,-2.338395,0.871587,-1.836404,0.567654
4334.234814,sim,1.622177,-0.036862,-2.338394,0.871591,-1.837572,0.570087
4334.238792,sim,1.621644,-0.036822,-2.338410,0.871578,-1.838745,0.572541
4334.242800,sim,1.621134,-0.036872,-2.338409,0.871583,-1.839921,0.575029
4334.246817,sim,1.620603,-0.036818,-2.338430,0.871569,-1.841097,0.577525
4334.250788,sim,1.620102,-0.036864,-2.338432,0.871574,-1.842270,0.580038
4334.255082,sim,1.619583,-0.036822,-2.338454,0.871559,-1.843435,0.582541
4334.258859,sim,1.619594,-0.036863,-2.338445,0.871568,-1.843436,0.582547
4334.262796,sim,1.619076,-0.036830,-2.338465,0.871556,-1.844603,0.585072
4334.266831,sim,1.618575,-0.036863,-2.338473,0.871554,-1.845778,0.587640
4334.270782,sim,1.618053,-0.036822,-2.338496,0.871535,-1.846958,0.590228
4334.275087,sim,1.617552,-0.036873,-2.338501,0.871531,-1.848140,0.592848
4334.278893,sim,1.617027,-0.036820,-2.338528,0.871507,-1.849323,0.595475
4334.282735,sim,1.617040,-0.036869,-2.338518,0.871515,-1.849322,0.595478
4334.286825,sim,1.616510,-0.036817,-2.338545,0.871489,-1.850515,0.598143
4334.290904,sim,1.615999,-0.036862,-2.338553,0.871474,-1.851722,0.600873
4334.295018,sim,1.615456,-0.036824,-2.338579,0.871439,-1.852942,0.603646
4334.298754,sim,1.614932,-0.036876,-2.338586,0.871417,-1.854174,0.606475
4334.302808,sim,1.614376,-0.036824,-2.338615,0.871373,-1.855417,0.609337
4334.306808,sim,1.613844,-0.036873,-2.338624,0.871342,-1.856665,0.612240
4334.310809,sim,1.613286,-0.036843,-2.338650,0.871291,-1.857916,0.615162
4334.314902,sim,1.612746,-0.036878,-2.338662,0.871250,-1.859168,0.618112
4334.318838,sim,1.612735,-0.036832,-2.338672,0.871241,-1.859169,0.618108
4334.322904,sim,1.612201,-0.036888,-2.338680,0.871201,-1.860413,0.621060
4334.326926,sim,1.611649,-0.036838,-2.338709,0.871141,-1.861644,0.623984
4334.330852,sim,1.611128,-0.036883,-2.338718,0.871100,-1.862862,0.626900
4334.334970,sim,1.610590,-0.036850,-2.338743,0.871043,-1.864066,0.629785
4334.338905,sim,1.610081,-0.036898,-2.338750,0.871004,-1.865258,0.632663
4334.342959,sim,1.609557,-0.036865,-2.338773,0.870948,-1.866434,0.635505
4334.346848,sim,1.609059,-0.036902,-2.338782,0.870908,-1.867601,0.638336
4334.350884,sim,1.609048,-0.036855,-2.338792,0.870899,-1.867601,0.638331
4334.354992,sim,1.608552,-0.036905,-2.338796,0.870866,-1.868770,0.641181
4334.359008,sim,1.608033,-0.036879,-2.338815,0.870817,-1.869944,0.644060
4334.362869,sim,1.607522,-0.036895,-2.338825,0.870790,-1.871140,0.646999
4334.366864,sim,1.607004,-0.036899,-2.338836,0.870758,-1.872330,0.649952
4334.370910,sim,1.606490,-0.036907,-2.338845,0.870730,-1.873524,0.652928
4334.375269,sim,1.606484,-0.036887,-2.338848,0.870731,-1.873529,0.652933
4334.378932,sim,1.605976,-0.036924,-2.338850,0.870709,-1.874720,0.655935
4334.382871,sim,1.605444,-0.036869,-2.338870,0.870681,-1.875927,0.658983
4334.386978,sim,1.604936,-0.036921,-2.338867,0.870673,-1.877129,0.662069
4334.390947,sim,1.604404,-0.036881,-2.338881,0.870653,-1.878331,0.665173
4334.394948,sim,1.603898,-0.036924,-2.338878,0.870648,-1.879522,0.668294
4334.398851,sim,1.603371,-0.036873,-2.338893,0.870631,-1.880709,0.671418
4334.402920,sim,1.602877,-0.036934,-2.338885,0.870635,-1.881879,0.674548
4334.406872,sim,1.602862,-0.036883,-2.338895,0.870626,-1.881880,0.674544
4334.410877,sim,1.602370,-0.036931,-2.338889,0.870629,-1.883036,0.677687
4334.414926,sim,1.601853,-0.036882,-2.338902,0.870618,-1.884181,0.680857
4334.419021,sim,1.601365,-0.036926,-2.338896,0.870621,-1.885308,0.684056
4334.422921,sim,1.600852,-0.036871,-2.338910,0.870610,-1.886423,0.687266
4334.426865,sim,1.600373,-0.036930,-2.338899,0.870619,-1.887516,0.690491
4334.430927,sim,1.599869,-0.036887,-2.338910,0.870611,-1.888593,0.693706
4334.435025,sim,1.599397,-0.036929,-2.338903,0.870618,-1.889649,0.696918
4334.438970,sim,1.599385,-0.036878,-2.338913,0.870608,-1.889648,0.696911
4334.442824,sim,1.598915,-0.036928,-2.338904,0.870619,-1.890695,0.700151
4334.446837,sim,1.598419,-0.036880,-2.338915,0.870610,-1.891739,0.703437
4334.450888,sim,1.597947,-0.036917,-2.338908,0.870618,-1.892779,0.706782
4334.455063,sim,1.597454,-0.036876,-2.338918,0.870609,-1.893814,0.710155
4334.458801,sim,1.596985,-0.036926,-2.338908,0.870621,-1.894846,0.713578
4334.464242,sim,1.596975,-0.036892,-2.338915,0.870612,-1.894843,0.713570
4334.466940,sim,1.596504,-0.036927,-2.338908,0.870620,-1.895874,0.717039
4334.470992,sim,1.596013,-0.036879,-2.338920,0.870610,-1.896908,0.720557
4334.475043,sim,1.595546,-0.036924,-2.338910,0.870622,-1.897945,0.724140
4334.478922,sim,1.595062,-0.036888,-2.338919,0.870613,-1.898973,0.727737
4334.482975,sim,1.594603,-0.036935,-2.338911,0.870623,-1.899998,0.731365
4334.486918,sim,1.594128,-0.036873,-2.338924,0.870611,-1.901012,0.734981
4334.490976,sim,1.593688,-0.036925,-2.338914,0.870623,-1.902015,0.738601
4334.495042,sim,1.593235,-0.036899,-2.338922,0.870614,-1.902994,0.742171
4334.499075,sim,1.593240,-0.036914,-2.338918,0.870622,-1.903000,0.742182
4334.502890,sim,1.592812,-0.036897,-2.338924,0.870612,-1.903950,0.745685
4334.506912,sim,1.592404,-0.036884,-2.338928,0.870617,-1.904886,0.749130
4334.510826,sim,1.592026,-0.036927,-2.338921,0.870623,-1.905779,0.752488
4334.515048,sim,1.591649,-0.036880,-2.338934,0.870612,-1.906650,0.755766
4334.518952,sim,1.591308,-0.036919,-2.338928,0.870621,-1.907500,0.758999
4334.522862,sim,1.590961,-0.036884,-2.338940,0.870613,-1.908327,0.762160
4334.526977,sim,1.590647,-0.036921,-2.338935,0.870622,-1.909138,0.765286
4334.530951,sim,1.590639,-0.036891,-2.338942,0.870614,-1.909136,0.765277
4334.535096,sim,1.590331,-0.036926,-2.338938,0.870623,-1.909946,0.768413
4334.538948,sim,1.590008,-0.036891,-2.338949,0.870614,-1.910762,0.771589
4334.542932,sim,1.589705,-0.036919,-2.338947,0.870621,-1.911591,0.774826
4334.546983,sim,1.589388,-0.036892,-2.338957,0.870614,-1.912423,0.778086
4334.550987,sim,1.589090,-0.036928,-2.338954,0.870623,-1.913262,0.781386
4334.554947,sim,1.589082,-0.036887,-2.338963,0.870612,-1.913260,0.781375
4334.558962,sim,1.588787,-0.036926,-2.338958,0.870623,-1.914107,0.784716
4334.563025,sim,1.588475,-0.036886,-2.338971,0.870612,-1.914956,0.788083
4334.566884,sim,1.588183,-0.036925,-2.338967,0.870623,-1.915818,0.791514
4334.570892,sim,1.587876,-0.036885,-2.338980,0.870612,-1.916674,0.794949
4334.575053,sim,1.587590,-0.036917,-2.338977,0.870620,-1.917537,0.798421
4334.578968,sim,1.587290,-0.036887,-2.338988,0.870613,-1.918393,0.801884
4334.583025,sim,1.587012,-0.036927,-2.338983,0.870623,-1.919247,0.805358
4334.587013,sim,1.587004,-0.036888,-2.338991,0.870612,-1.919243,0.805347
4334.590917,sim,1.586732,-0.036915,-2.338989,0.870620,-1.920091,0.808827
4334.595194,sim,1.586451,-0.036881,-2.339001,0.870611,-1.920928,0.812310
4334.598906,sim,1.586193,-0.036925,-2.338997,0.870622,-1.921763,0.815827
4334.602920,sim,1.585925,-0.036894,-2.339011,0.870613,-1.922585,0.819328
4334.606910,sim,1.585680,-0.036926,-2.339010,0.870622,-1.923402,0.822842
4334.610910,sim,1.585427,-0.036890,-2.339025,0.870612,-1.924205,0.826325
4334.615083,sim,1.585197,-0.036924,-2.339026,0.870620,-1.925000,0.829806
4334.618906,sim,1.585189,-0.036884,-2.339035,0.870609,-1.924997,0.829795
4334.622965,sim,1.584963,-0.036926,-2.339036,0.870621,-1.925790,0.833294
4334.626964,sim,1.584722,-0.036885,-2.339057,0.870609,-1.926580,0.836821
4334.630970,sim,1.584502,-0.036924,-2.339062,0.870619,-1.927376,0.840413
4334.635078,sim,1.584267,-0.036892,-2.339086,0.870608,-1.928165,0.844015
4334.638976,sim,1.584052,-0.036928,-2.339096,0.870616,-1.928960,0.847665
4334.642986,sim,1.584043,-0.036891,-2.339104,0.870606,-1.928957,0.847654
4334.647024,sim,1.583827,-0.036924,-2.339117,0.870614,-1.929756,0.851352
4334.650962,sim,1.583593,-0.036886,-2.339149,0.870603,-1.930556,0.855090
4334.655016,sim,1.583380,-0.036926,-2.339165,0.870611,-1.931362,0.858894
4334.658961,sim,1.583147,-0.036892,-2.339200,0.870600,-1.932165,0.862710
4334.663022,sim,1.582937,-0.036934,-2.339220,0.870608,-1.932968,0.866560
4334.667036,sim,1.582709,-0.036898,-2.339260,0.870596,-1.933763,0.870391
4334.670941,sim,1.582504,-0.036940,-2.339283,0.870604,-1.934552,0.874225
4334.675330,sim,1.582286,-0.036913,-2.339323,0.870593,-1.935325,0.878009
4334.679094,sim,1.582292,-0.036939,-2.339317,0.870602,-1.935328,0.878019
4334.683020,sim,1.582080,-0.036891,-2.339362,0.870589,-1.936086,0.881735
4334.687410,sim,1.581900,-0.036937,-2.339391,0.870598,-1.936826,0.885377
4334.691051,sim,1.581709,-0.036897,-2.339441,0.870584,-1.937542,0.888910
4334.695135,sim,1.581548,-0.036947,-2.339473,0.870595,-1.938248,0.892391
4334.698945,sim,1.581373,-0.036902,-2.339528,0.870584,-1.938936,0.895779
4334.702927,sim,1.581231,-0.036950,-2.339565,0.870591,-1.939610,0.899116
4334.707059,sim,1.581071,-0.036900,-2.339624,0.870580,-1.940274,0.902380
4334.710960,sim,1.581082,-0.036944,-2.339615,0.870589,-1.940275,0.902389
4334.714994,sim,1.580933,-0.036912,-2.339675,0.870578,-1.940940,0.905652
4334.718957,sim,1.580804,-0.036933,-2.339727,0.870584,-1.941632,0.908990
4334.723022,sim,1.580665,-0.036892,-2.339798,0.870574,-1.942339,0.912353
4334.727059,sim,1.580551,-0.036944,-2.339853,0.870582,-1.943059,0.915765
4334.731026,sim,1.580421,-0.036907,-2.339931,0.870569,-1.943788,0.919179
4334.735060,sim,1.580431,-0.036945,-2.339922,0.870581,-1.943792,0.919192
4334.739093,sim,1.580305,-0.036918,-2.340003,0.870574,-1.944541,0.922653
4334.743054,sim,1.580203,-0.036938,-2.340078,0.870573,-1.945309,0.926173
4334.747089,sim,1.580087,-0.036903,-2.340172,0.870561,-1.946097,0.929725
4334.751090,sim,1.579993,-0.036947,-2.340253,0.870566,-1.946900,0.933326
4334.755200,sim,1.579887,-0.036913,-2.340356,0.870551,-1.947709,0.936924
4334.759100,sim,1.579799,-0.036947,-2.340448,0.870556,-1.948535,0.940556
4334.762964,sim,1.579701,-0.036908,-2.340561,0.870536,-1.949356,0.944154
4334.767016,sim,1.579711,-0.036948,-2.340552,0.870549,-1.949360,0.944169
4334.771068,sim,1.579613,-0.036900,-2.340677,0.870527,-1.950194,0.947795
4334.775348,sim,1.579543,-0.036945,-2.340796,0.870521,-1.951047,0.951495
4334.778995,sim,1.579457,-0.036929,-2.340943,0.870496,-1.951908,0.955220
4334.782988,sim,1.579391,-0.036951,-2.341094,0.870477,-1.952784,0.958993
4334.787041,sim,1.579311,-0.036898,-2.341273,0.870437,-1.953668,0.962773
4334.791044,sim,1.579257,-0.036953,-2.341439,0.870417,-1.954558,0.966588
4334.795081,sim,1.579185,-0.036927,-2.341633,0.870372,-1.955443,0.970383
4334.799105,sim,1.579193,-0.036947,-2.341627,0.870378,-1.955445,0.970391
4334.803076,sim,1.579124,-0.036916,-2.341836,0.870333,-1.956342,0.974206
4334.807087,sim,1.579078,-0.036956,-2.342046,0.870299,-1.957242,0.978051
4334.811029,sim,1.579024,-0.036950,-2.342283,0.870248,-1.958136,0.981882
4334.815088,sim,1.578978,-0.036925,-2.342536,0.870191,-1.959035,0.985711
4334.819178,sim,1.578935,-0.036931,-2.342797,0.870145,-1.959937,0.989539
4334.823086,sim,1.578899,-0.036969,-2.343062,0.870099,-1.960825,0.993335
4334.827049,sim,1.578895,-0.036945,-2.343067,0.870092,-1.960822,0.993327
4334.831080,sim,1.578859,-0.036927,-2.343353,0.870038,-1.961703,0.997060
4334.835300,sim,1.578834,-0.036971,-2.343632,0.869997,-1.962560,1.000717
4334.839127,sim,1.578803,-0.036962,-2.343933,0.869941,-1.963394,1.004275
4334.843099,sim,1.578775,-0.036940,-2.344245,0.869891,-1.964220,1.007766
4334.847059,sim,1.578761,-0.036982,-2.344549,0.869855,-1.965025,1.011195
4334.851159,sim,1.578737,-0.036951,-2.344878,0.869799,-1.965809,1.014531
4334.855191,sim,1.578730,-0.036973,-2.345202,0.869762,-1.966585,1.017826
4334.859022,sim,1.578721,-0.036933,-2.345212,0.869751,-1.966582,1.017812
4334.863060,sim,1.578717,-0.036976,-2.345549,0.869725,-1.967362,1.021105
4334.867125,sim,1.578701,-0.036954,-2.345929,0.869680,-1.968141,1.024393
4334.871139,sim,1.578696,-0.036941,-2.346331,0.869644,-1.968938,1.027716
4334.875122,sim,1.578688,-0.036947,-2.346752,0.869620,-1.969746,1.031058
4334.879069,sim,1.578684,-0.036967,-2.347188,0.869601,-1.970557,1.034404
4334.883066,sim,1.578682,-0.036970,-2.347644,0.869577,-1.971365,1.037730
4334.887100,sim,1.578676,-0.036940,-2.348121,0.869551,-1.972179,1.041040
4334.890982,sim,1.578680,-0.036954,-2.348117,0.869555,-1.972181,1.041046
4334.895157,sim,1.578673,-0.036927,-2.348612,0.869532,-1.973002,1.044344
4334.899162,sim,1.578679,-0.036970,-2.349111,0.869533,-1.973846,1.047669
4334.903196,sim,1.578672,-0.036940,-2.349647,0.869511,-1.974694,1.050954
4334.907137,sim,1.578679,-0.036979,-2.350184,0.869516,-1.975566,1.054263
4334.911086,sim,1.578675,-0.036973,-2.350747,0.869504,-1.976437,1.057527
4334.915265,sim,1.578674,-0.036950,-2.350752,0.869498,-1.976438,1.057522
4334.919159,sim,1.578673,-0.036936,-2.351338,0.869492,-1.977338,1.060805
4334.923147,sim,1.578679,-0.036971,-2.351939,0.869496,-1.978267,1.064134
4334.927139,sim,1.578672,-0.036940,-2.352581,0.869484,-1.979220,1.067466
4334.931173,sim,1.578679,-0.036976,-2.353229,0.869494,-1.980207,1.070849
4334.935224,sim,1.578675,-0.036951,-2.353910,0.869482,-1.981202,1.074210
4334.939082,sim,1.578679,-0.036947,-2.354602,0.869481,-1.982226,1.077595
4334.943126,sim,1.578674,-0.036932,-2.355312,0.869480,-1.983265,1.080974
4334.947138,sim,1.578682,-0.036972,-2.355302,0.869490,-1.983266,1.080987
4334.951152,sim,1.578674,-0.036940,-2.356032,0.869481,-1.984320,1.084353
4334.955156,sim,1.578682,-0.036980,-2.356760,0.869495,-1.985408,1.087751
4334.959091,sim,1.578678,-0.036951,-2.357516,0.869481,-1.986502,1.091103
4334.963216,sim,1.578676,-0.036939,-2.358280,0.869485,-1.987627,1.094465
4334.967106,sim,1.578683,-0.036986,-2.359035,0.869496,-1.988756,1.097808
4334.971100,sim,1.578675,-0.036944,-2.359815,0.869483,-1.989888,1.101087
4334.975254,sim,1.578682,-0.036968,-2.360578,0.869493,-1.991032,1.104359
4334.979231,sim,1.578677,-0.036941,-2.360584,0.869483,-1.991027,1.104346
4334.983141,sim,1.578680,-0.036955,-2.361351,0.869490,-1.992174,1.107578
4334.987098,sim,1.578680,-0.036977,-2.362121,0.869496,-1.993318,1.110774
4334.991078,sim,1.578680,-0.036970,-2.362897,0.869491,-1.994462,1.113929
4334.995203,sim,1.578676,-0.036932,-2.363681,0.869483,-1.995609,1.117047
4334.999086,sim,1.578683,-0.036978,-2.364443,0.869498,-1.996758,1.120157
4335.003103,sim,1.578680,-0.036970,-2.365215,0.869490,-1.997887,1.123189
4335.007165,sim,1.578675,-0.036929,-2.365225,0.869482,-1.997889,1.123182
4335.011139,sim,1.578682,-0.036971,-2.365977,0.869497,-1.999019,1.126194
4335.015287,sim,1.578680,-0.036973,-2.366731,0.869492,-2.000118,1.129112
4335.019121,sim,1.578676,-0.036934,-2.367486,0.869483,-2.001209,1.131973
4335.023099,sim,1.578681,-0.036970,-2.368214,0.869496,-2.002289,1.134807
4335.027095,sim,1.578680,-0.036972,-2.368944,0.869492,-2.003342,1.137556
4335.031093,sim,1.578675,-0.036928,-2.369677,0.869481,-2.004388,1.140254
4335.035112,sim,1.578682,-0.036964,-2.370385,0.869494,-2.005425,1.142934
4335.039095,sim,1.578678,-0.036945,-2.370389,0.869483,-2.005418,1.142917
4335.043135,sim,1.578678,-0.036949,-2.371110,0.869489,-2.006459,1.145584
4335.047104,sim,1.578679,-0.036970,-2.371842,0.869493,-2.007509,1.148274
4335.051037,sim,1.578675,-0.036938,-2.372599,0.869482,-2.008568,1.150967
4335.055234,sim,1.578678,-0.036948,-2.373356,0.869488,-2.009647,1.153704
4335.059106,sim,1.578674,-0.036938,-2.374126,0.869483,-2.010723,1.156431
4335.063057,sim,1.578680,-0.036971,-2.374891,0.869493,-2.011810,1.159185
4335.067056,sim,1.578671,-0.036934,-2.375676,0.869480,-2.012889,1.161903
4335.071088,sim,1.578678,-0.036972,-2.375667,0.869495,-2.012897,1.161926
4335.075392,sim,1.578674,-0.036968,-2.376456,0.869489,-2.013989,1.164679
4335.079192,sim,1.578673,-0.036947,-2.377267,0.869484,-2.015120,1.167505
4335.083171,sim,1.578671,-0.036946,-2.378092,0.869485,-2.016277,1.170385
4335.087077,sim,1.578676,-0.036986,-2.378920,0.869495,-2.017454,1.173319
4335.091175,sim,1.578669,-0.036954,-2.379778,0.869482,-2.018644,1.176256
4335.095227,sim,1.578671,-0.036961,-2.379777,0.869490,-2.018651,1.176268
4335.099100,sim,1.578671,-0.036977,-2.380637,0.869491,-2.019866,1.179268
4335.103073,sim,1.578666,-0.036931,-2.381529,0.869476,-2.021110,1.182305
4335.107141,sim,1.578667,-0.036942,-2.382422,0.869484,-2.022388,1.185419
4335.111080,sim,1.578670,-0.036990,-2.383315,0.869494,-2.023672,1.188557
4335.115111,sim,1.578661,-0.036941,-2.384236,0.869476,-2.024961,1.191672
4335.119083,sim,1.578662,-0.036936,-2.385148,0.869480,-2.026269,1.194827
4335.123157,sim,1.578664,-0.036978,-2.386046,0.869491,-2.027570,1.197975
4335.127141,sim,1.578661,-0.036967,-2.386050,0.869484,-2.027564,1.197960
4335.131119,sim,1.578658,-0.036927,-2.386961,0.869472,-2.028855,1.201065
4335.135170,sim,1.578657,-0.036938,-2.387858,0.869480,-2.030147,1.204179
4335.139074,sim,1.578660,-0.036982,-2.388741,0.869490,-2.031420,1.207270
4335.143155,sim,1.578650,-0.036949,-2.389636,0.869478,-2.032678,1.210309
4335.147119,sim,1.578656,-0.036982,-2.390505,0.869490,-2.033933,1.213355
4335.151123,sim,1.578647,-0.036938,-2.391384,0.869472,-2.035157,1.216322
4335.155340,sim,1.578647,-0.036934,-2.392242,0.869477,-2.036380,1.219289
4335.159152,sim,1.578650,-0.036973,-2.392233,0.869488,-2.036382,1.219304
4335.163138,sim,1.578648,-0.036989,-2.393081,0.869488,-2.037579,1.222240
4335.167089,sim,1.578641,-0.036939,-2.393943,0.869471,-2.038769,1.225164
4335.171159,sim,1.578640,-0.036931,-2.394793,0.869475,-2.039959,1.228119
4335.175408,sim,1.578642,-0.036971,-2.395628,0.869486,-2.041133,1.231075
4335.179085,sim,1.578639,-0.036985,-2.396465,0.869487,-2.042288,1.234001
4335.183191,sim,1.578637,-0.036975,-2.397300,0.869482,-2.043429,1.236906
4335.187221,sim,1.578634,-0.036933,-2.397310,0.869470,-2.043426,1.236890
4335.191260,sim,1.578633,-0.036928,-2.398133,0.869473,-2.044555,1.239779
4335.195210,sim,1.578633,-0.036952,-2.398936,0.869480,-2.045657,1.242627
4335.199135,sim,1.578635,-0.036975,-2.399725,0.869483,-2.046735,1.245429
4335.203156,sim,1.578626,-0.036941,-2.400518,0.869474,-2.047795,1.248177
4335.207137,sim,1.578631,-0.036982,-2.401280,0.869490,-2.048847,1.250927
4335.211099,sim,1.578627,-0.036977,-2.402044,0.869482,-2.049868,1.253602
4335.215319,sim,1.578622,-0.036936,-2.402806,0.869472,-2.050885,1.256251
4335.219251,sim,1.578629,-0.036965,-2.402797,0.869482,-2.050889,1.256265
4335.223218,sim,1.578619,-0.036934,-2.403563,0.869472,-2.051916,1.258928
4335.227173,sim,1.578625,-0.036978,-2.404326,0.869489,-2.052992,1.261693
4335.231152,sim,1.578620,-0.036972,-2.405116,0.869482,-2.054086,1.264470
4335.235385,sim,1.578621,-0.036971,-2.405916,0.869481,-2.055216,1.267303
4335.239188,sim,1.578613,-0.036922,-2.406738,0.869468,-2.056369,1.270154
4335.243181,sim,1.578619,-0.036967,-2.407543,0.869487,-2.057556,1.273078
4335.247235,sim,1.578616,-0.036972,-2.408363,0.869481,-2.058740,1.275974
4335.251224,sim,1.578611,-0.036925,-2.408374,0.869469,-2.058740,1.275959
4335.255366,sim,1.578617,-0.036974,-2.409187,0.869489,-2.059967,1.278918
4335.259166,sim,1.578614,-0.036981,-2.410015,0.869483,-2.061206,1.281847
4335.263180,sim,1.578607,-0.036931,-2.410859,0.869470,-2.062480,1.284784
4335.267244,sim,1.578613,-0.036972,-2.411679,0.869488,-2.063784,1.287764
4335.271239,sim,1.578609,-0.036964,-2.412509,0.869478,-2.065084,1.290687
4335.275479,sim,1.578605,-0.036920,-2.412520,0.869468,-2.065085,1.290674
4335.279206,sim,1.578610,-0.036966,-2.413333,0.869487,-2.066422,1.293636
4335.283249,sim,1.578607,-0.036974,-2.414156,0.869483,-2.067763,1.296554
4335.287226,sim,1.578607,-0.036967,-2.414978,0.869480,-2.069129,1.299470
4335.291192,sim,1.578602,-0.036926,-2.415803,0.869467,-2.070504,1.302355
4335.295264,sim,1.578602,-0.036928,-2.416610,0.869474,-2.071897,1.305249
4335.299182,sim,1.578602,-0.036946,-2.417406,0.869478,-2.073286,1.308109
4335.303248,sim,1.578603,-0.036955,-2.418192,0.869477,-2.074671,1.310924
4335.307126,sim,1.578598,-0.036936,-2.418197,0.869474,-2.074672,1.310922
4335.311138,sim,1.578602,-0.036972,-2.418966,0.869488,-2.076071,1.313738
4335.315429,sim,1.578600,-0.036982,-2.419732,0.869485,-2.077471,1.316513
4335.319211,sim,1.578593,-0.036944,-2.420499,0.869475,-2.078886,1.319264
4335.323130,sim,1.578600,-0.036965,-2.421237,0.869482,-2.080311,1.322020
4335.327205,sim,1.578592,-0.036936,-2.421979,0.869471,-2.081731,1.324723
4335.331248,sim,1.578592,-0.036933,-2.422698,0.869475,-2.083161,1.327422
4335.335404,sim,1.578594,-0.036955,-2.422693,0.869481,-2.083162,1.327430
4335.339164,sim,1.578595,-0.036966,-2.423392,0.869480,-2.084573,1.330073
4335.343181,sim,1.578588,-0.036940,-2.424080,0.869474,-2.085977,1.332665
4335.347251,sim,1.578590,-0.036961,-2.424736,0.869484,-2.087373,1.335227
4335.351203,sim,1.578589,-0.036964,-2.425378,0.869480,-2.088748,1.337723
4335.355340,sim,1.578582,-0.036942,-2.426008,0.869476,-2.090122,1.340183
4335.359251,sim,1.578582,-0.036955,-2.426613,0.869482,-2.091488,1.342616
4335.363303,sim,1.578581,-0.036960,-2.427203,0.869479,-2.092839,1.344996
4335.367237,sim,1.578577,-0.036940,-2.427208,0.869476,-2.092841,1.344993
4335.371436,sim,1.578576,-0.036958,-2.427786,0.869483,-2.094217,1.347390
4335.375398,sim,1.578573,-0.036967,-2.428363,0.869481,-2.095625,1.349797
4335.379279,sim,1.578560,-0.036936,-2.428946,0.869474,-2.097074,1.352227
4335.383250,sim,1.578557,-0.036958,-2.429510,0.869484,-2.098554,1.354691
4335.387254,sim,1.578549,-0.036974,-2.430071,0.869483,-2.100047,1.357143
4335.391245,sim,1.578532,-0.036934,-2.430637,0.869473,-2.101564,1.359592
4335.395410,sim,1.578525,-0.036945,-2.431183,0.869479,-2.103095,1.362054
4335.399279,sim,1.578524,-0.036949,-2.431183,0.869478,-2.103093,1.362052
4335.403199,sim,1.578511,-0.036950,-2.431728,0.869479,-2.104643,1.364520
4335.407232,sim,1.578494,-0.036951,-2.432272,0.869479,-2.106226,1.367021
4335.411260,sim,1.578473,-0.036952,-2.432813,0.869480,-2.107836,1.369550
4335.415379,sim,1.578450,-0.036953,-2.433352,0.869480,-2.109469,1.372100
4335.419299,sim,1.578423,-0.036953,-2.433888,0.869480,-2.111118,1.374664
4335.423216,sim,1.578423,-0.036953,-2.433887,0.869480,-2.111118,1.374664
4335.427252,sim,1.578393,-0.036954,-2.434421,0.869480,-2.112787,1.377255
4335.431297,sim,1.578359,-0.036954,-2.434954,0.869480,-2.114481,1.379883
4335.435279,sim,1.578321,-0.036954,-2.435486,0.869480,-2.116189,1.382538
4335.439241,sim,1.578280,-0.036954,-2.436014,0.869480,-2.117906,1.385207
4335.443265,sim,1.578236,-0.036954,-2.436536,0.869480,-2.119623,1.387882
4335.447263,sim,1.578188,-0.036955,-2.437052,0.869480,-2.121332,1.390551
4335.451224,sim,1.578139,-0.036955,-2.437559,0.869480,-2.123026,1.393203
4335.455370,sim,1.578139,-0.036955,-2.437559,0.869480,-2.123026,1.393203
4335.459243,sim,1.578085,-0.036955,-2.438054,0.869480,-2.124702,1.395836
4335.463357,sim,1.578028,-0.036955,-2.438537,0.869481,-2.126360,1.398453
4335.467211,sim,1.577966,-0.036955,-2.439006,0.869481,-2.127999,1.401050
4335.471234,sim,1.577901,-0.036955,-2.439463,0.869481,-2.129618,1.403623
4335.475451,sim,1.577832,-0.036955,-2.439906,0.869481,-2.131214,1.406168
4335.479249,sim,1.577761,-0.036955,-2.440337,0.869481,-2.132788,1.408683
4335.483169,sim,1.577687,-0.036954,-2.440755,0.869481,-2.134337,1.411163
4335.487238,sim,1.577612,-0.036954,-2.441159,0.869481,-2.135860,1.413604
4335.491235,sim,1.577612,-0.036954,-2.441159,0.869481,-2.135860,1.413604
4335.495391,sim,1.577536,-0.036954,-2.441549,0.869482,-2.137358,1.416001
4335.499239,sim,1.577460,-0.036954,-2.441920,0.869482,-2.138834,1.418349
4335.503200,sim,1.577384,-0.036954,-2.442275,0.869482,-2.140288,1.420653
4335.507283,sim,1.577308,-0.036954,-2.442614,0.869482,-2.141724,1.422914
4335.511254,sim,1.577233,-0.036954,-2.442939,0.869482,-2.143142,1.425135
4335.515346,sim,1.577233,-0.036960,-2.442938,0.869484,-2.143142,1.425138
4335.519241,sim,1.577157,-0.036957,-2.443254,0.869483,-2.144565,1.427353
4335.523367,sim,1.577082,-0.036956,-2.443564,0.869483,-2.146015,1.429595
4335.527339,sim,1.577006,-0.036955,-2.443868,0.869483,-2.147488,1.431860
4335.531298,sim,1.576932,-0.036955,-2.444166,0.869483,-2.148983,1.434144
4335.535284,sim,1.576857,-0.036954,-2.444458,0.869483,-2.150496,1.436444
4335.539323,sim,1.576785,-0.036959,-2.444743,0.869484,-2.152025,1.438757
4335.543260,sim,1.576712,-0.036957,-2.445024,0.869484,-2.153567,1.441077
4335.547241,sim,1.576713,-0.036956,-2.445024,0.869483,-2.153568,1.441077
4335.551290,sim,1.576644,-0.036955,-2.445296,0.869483,-2.155132,1.443417
4335.555402,sim,1.576581,-0.036955,-2.445559,0.869483,-2.156722,1.445783
4335.559317,sim,1.576522,-0.036954,-2.445811,0.869483,-2.158334,1.448166
4335.563285,sim,1.576468,-0.036954,-2.446053,0.869483,-2.159960,1.450559
4335.567248,sim,1.576419,-0.036949,-2.446286,0.869482,-2.161593,1.452950
4335.571334,sim,1.576375,-0.036951,-2.446506,0.869482,-2.163228,1.455336
4335.575571,sim,1.576334,-0.036952,-2.446716,0.869482,-2.164857,1.457704
4335.579228,sim,1.576334,-0.036953,-2.446716,0.869483,-2.164857,1.457704
4335.583280,sim,1.576299,-0.036953,-2.446911,0.869482,-2.166487,1.460061
4335.587353,sim,1.576269,-0.036953,-2.447090,0.869482,-2.168127,1.462415
4335.591284,sim,1.576243,-0.036954,-2.447253,0.869482,-2.169772,1.464762
4335.595382,sim,1.576222,-0.036954,-2.447400,0.869482,-2.171421,1.467099
4335.599288,sim,1.576204,-0.036954,-2.447532,0.869482,-2.173069,1.469422
4335.603319,sim,1.576204,-0.036954,-2.447532,0.869482,-2.173069,1.469422
4335.607288,sim,1.576190,-0.036954,-2.447651,0.869482,-2.174724,1.471740
4335.611204,sim,1.576178,-0.036954,-2.447755,0.869482,-2.176392,1.474061
4335.615342,sim,1.576169,-0.036955,-2.447847,0.869482,-2.178067,1.476376
4335.619336,sim,1.576162,-0.036955,-2.447926,0.869482,-2.179740,1.478678
4335.623337,sim,1.576157,-0.036955,-2.447995,0.869482,-2.181407,1.480959
4335.627348,sim,1.576154,-0.036955,-2.448052,0.869482,-2.183059,1.483211
4335.631331,sim,1.576152,-0.036954,-2.448100,0.869482,-2.184692,1.485425
4335.635476,sim,1.576152,-0.036954,-2.448139,0.869482,-2.186297,1.487594
4335.639547,sim,1.576152,-0.036954,-2.448139,0.869482,-2.186297,1.487594
4335.643330,sim,1.576151,-0.036954,-2.448170,0.869482,-2.187866,1.489709
4335.647303,sim,1.576152,-0.036959,-2.448194,0.869483,-2.189394,1.491773
4335.651418,sim,1.576152,-0.036957,-2.448214,0.869483,-2.190886,1.493787
4335.655494,sim,1.576152,-0.036955,-2.448229,0.869483,-2.192346,1.495761
4335.659272,sim,1.576153,-0.036955,-2.448239,0.869483,-2.193777,1.497699
4335.663291,sim,1.576154,-0.036954,-2.448245,0.869483,-2.195185,1.499607
4335.667482,sim,1.576154,-0.036948,-2.448249,0.869480,-2.196570,1.501488
4335.671345,sim,1.576154,-0.036950,-2.448249,0.869482,-2.196571,1.501490
4335.675586,sim,1.576155,-0.036957,-2.448249,0.869484,-2.197974,1.503400
4335.679293,sim,1.576155,-0.036955,-2.448249,0.869483,-2.199421,1.505368
4335.683334,sim,1.576156,-0.036948,-2.448250,0.869480,-2.200909,1.507390
4335.687364,sim,1.576157,-0.036949,-2.448249,0.869482,-2.202433,1.509464
4335.691280,sim,1.576157,-0.036951,-2.448247,0.869482,-2.203986,1.511575
4335.695430,sim,1.576157,-0.036951,-2.448247,0.869482,-2.203986,1.511575
4335.699331,sim,1.576157,-0.036951,-2.448245,0.869482,-2.205577,1.513731
4335.703436,sim,1.576157,-0.036951,-2.448243,0.869482,-2.207214,1.515932
4335.707279,sim,1.576158,-0.036957,-2.448241,0.869485,-2.208889,1.518171
4335.711590,sim,1.576158,-0.036955,-2.448239,0.869483,-2.210591,1.520425
4335.715431,sim,1.576158,-0.036954,-2.448238,0.869483,-2.212315,1.522691
4335.719370,sim,1.576158,-0.036953,-2.448236,0.869483,-2.214051,1.524954
4335.723269,sim,1.576158,-0.036953,-2.448235,0.869483,-2.215791,1.527202
4335.727391,sim,1.576158,-0.036953,-2.448235,0.869483,-2.215791,1.527202
4335.731393,sim,1.576158,-0.036953,-2.448234,0.869482,-2.217533,1.529416
4335.735485,sim,1.576158,-0.036953,-2.448233,0.869482,-2.219277,1.531586
4335.739287,sim,1.576158,-0.036953,-2.448232,0.869482,-2.221020,1.533712
4335.743307,sim,1.576158,-0.036953,-2.448231,0.869482,-2.222758,1.535792
4335.747312,sim,1.576158,-0.036953,-2.448230,0.869482,-2.224487,1.537826
4335.751282,sim,1.576158,-0.036953,-2.448230,0.869482,-2.226205,1.539813
4335.755337,sim,1.576158,-0.036953,-2.448229,0.869482,-2.227907,1.541753
4335.759343,sim,1.576158,-0.036953,-2.448229,0.869482,-2.227907,1.541753
4335.763328,sim,1.576158,-0.036953,-2.448229,0.869482,-2.229599,1.543649
4335.767379,sim,1.576158,-0.036953,-2.448229,0.869482,-2.231290,1.545506
4335.771299,sim,1.576159,-0.036953,-2.448229,0.869482,-2.232975,1.547322
4335.775467,sim,1.576159,-0.036953,-2.448229,0.869482,-2.234652,1.549097
4335.779309,sim,1.576159,-0.036953,-2.448229,0.869483,-2.236318,1.550830
4335.783366,sim,1.576159,-0.036953,-2.448229,0.869483,-2.236318,1.550830
4335.787367,sim,1.576159,-0.036953,-2.448229,0.869483,-2.237982,1.552526
4335.791315,sim,1.576159,-0.036953,-2.448230,0.869483,-2.239651,1.554187
4335.795473,sim,1.576159,-0.036953,-2.448230,0.869483,-2.241322,1.555810
4335.799323,sim,1.576159,-0.036953,-2.448230,0.869483,-2.242989,1.557391
4335.803345,sim,1.576160,-0.036953,-2.448230,0.869484,-2.244650,1.558927
4335.807301,sim,1.576160,-0.036953,-2.448231,0.869484,-2.246301,1.560416
4335.811383,sim,1.576160,-0.036953,-2.448231,0.869485,-2.247936,1.561854
4335.815452,sim,1.576160,-0.036952,-2.448231,0.869485,-2.249552,1.563238
4335.819309,sim,1.576160,-0.036953,-2.448231,0.869485,-2.249552,1.563238
4335.823303,sim,1.576160,-0.036952,-2.448231,0.869486,-2.251141,1.564540
4335.827323,sim,1.576160,-0.036952,-2.448231,0.869487,-2.252699,1.565739
4335.831342,sim,1.576160,-0.036952,-2.448231,0.869488,-2.254228,1.566840
4335.835427,sim,1.576160,-0.036952,-2.448230,0.869489,-2.255731,1.567853
4335.839325,sim,1.576160,-0.036952,-2.448230,0.869490,-2.257210,1.568782
4335.844290,sim,1.576160,-0.036952,-2.448229,0.869492,-2.258668,1.569636
4335.847346,sim,1.576160,-0.036952,-2.448228,0.869493,-2.260107,1.570420
4335.851298,sim,1.576160,-0.036952,-2.448228,0.869493,-2.260107,1.570420
4335.855400,sim,1.576160,-0.036952,-2.448227,0.869494,-2.261536,1.571135
4335.859346,sim,1.576160,-0.036952,-2.448226,0.869496,-2.262959,1.571778
4335.863353,sim,1.576160,-0.036952,-2.448225,0.869497,-2.264374,1.572352
4335.867358,sim,1.576160,-0.036952,-2.448224,0.869498,-2.265774,1.572860
4335.871367,sim,1.576160,-0.036952,-2.448224,0.869499,-2.267157,1.573308
4335.875640,sim,1.576160,-0.036952,-2.448224,0.869499,-2.267157,1.573308
4335.879333,sim,1.576160,-0.036952,-2.448223,0.869500,-2.268515,1.573696
4335.883308,sim,1.576160,-0.036952,-2.448222,0.869501,-2.269843,1.574027
4335.887284,sim,1.576160,-0.036952,-2.448221,0.869501,-2.271141,1.574305
4335.891371,sim,1.576160,-0.036953,-2.448221,0.869502,-2.272404,1.574535
4335.895423,sim,1.576160,-0.036953,-2.448220,0.869502,-2.273633,1.574721
4335.899226,sim,1.576160,-0.036953,-2.448220,0.869503,-2.274825,1.574868
4335.903368,sim,1.576160,-0.036953,-2.448219,0.869503,-2.275978,1.574980
4335.907374,sim,1.576160,-0.036953,-2.448219,0.869503,-2.275978,1.574980
4335.911356,sim,1.576160,-0.036954,-2.448219,0.869503,-2.277084,1.575066
4335.915332,sim,1.576160,-0.036954,-2.448218,0.869504,-2.278137,1.575132
4335.919314,sim,1.576160,-0.036954,-2.448217,0.869504,-2.279140,1.575179
4335.923422,sim,1.576160,-0.036954,-2.448216,0.869504,-2.280094,1.575211
4335.927294,sim,1.576160,-0.036955,-2.448214,0.869504,-2.281001,1.575229
4335.931334,sim,1.576160,-0.036955,-2.448213,0.869504,-2.281863,1.575236
4335.935370,sim,1.576160,-0.036955,-2.448211,0.869504,-2.282682,1.575232
4335.939361,sim,1.576160,-0.036955,-2.448211,0.869504,-2.282682,1.575232
4335.943308,sim,1.576160,-0.036955,-2.448209,0.869504,-2.283459,1.575222
4335.947348,sim,1.576160,-0.036955,-2.448207,0.869505,-2.284195,1.575208
4335.951309,sim,1.576160,-0.036955,-2.448205,0.869505,-2.284892,1.575191
4335.955445,sim,1.576160,-0.036955,-2.448203,0.869505,-2.285552,1.575172
4335.959401,sim,1.576161,-0.036955,-2.448201,0.869505,-2.286176,1.575150
4335.963278,sim,1.576161,-0.036955,-2.448200,0.869505,-2.286767,1.575126
4335.967346,sim,1.576161,-0.036955,-2.448200,0.869505,-2.286767,1.575126
4335.971370,sim,1.576161,-0.036955,-2.448198,0.869505,-2.287323,1.575099
4335.975709,sim,1.576161,-0.036955,-2.448196,0.869506,-2.287841,1.575069
4335.979224,sim,1.576161,-0.036955,-2.448195,0.869506,-2.288324,1.575036
4335.983299,sim,1.576161,-0.036955,-2.448194,0.869507,-2.288774,1.574999
4335.987347,sim,1.576161,-0.036955,-2.448192,0.869507,-2.289190,1.574957
4335.991418,sim,1.576162,-0.036955,-2.448191,0.869508,-2.289576,1.574912
4335.995327,sim,1.576162,-0.036955,-2.448190,0.869509,-2.289933,1.574861
4335.999375,sim,1.576162,-0.036955,-2.448190,0.869509,-2.289933,1.574861
4336.003368,sim,1.576162,-0.036955,-2.448188,0.869511,-2.290257,1.574799
4336.007584,sim,1.576162,-0.036955,-2.448185,0.869514,-2.290544,1.574720
4336.011290,sim,1.576163,-0.036955,-2.448180,0.869517,-2.290797,1.574623
4336.015502,sim,1.576163,-0.036954,-2.448174,0.869522,-2.291017,1.574510
4336.019335,sim,1.576164,-0.036954,-2.448167,0.869528,-2.291207,1.574384
4336.023377,sim,1.576164,-0.036954,-2.448159,0.869534,-2.291370,1.574244
4336.027381,sim,1.576165,-0.036954,-2.448150,0.869542,-2.291506,1.574093
4336.031504,sim,1.576165,-0.036954,-2.448150,0.869542,-2.291506,1.574093
4336.035501,sim,1.576165,-0.036954,-2.448138,0.869552,-2.291618,1.573920
4336.039292,sim,1.576166,-0.036954,-2.448125,0.869566,-2.291709,1.573718
4336.043315,sim,1.576167,-0.036954,-2.448108,0.869584,-2.291781,1.573488
4336.047419,sim,1.576167,-0.036954,-2.448090,0.869606,-2.291836,1.573233
4336.051436,sim,1.576168,-0.036953,-2.448070,0.869632,-2.291875,1.572954
4336.055488,sim,1.576168,-0.036953,-2.448070,0.869632,-2.291875,1.572954
4336.059265,sim,1.576168,-0.036953,-2.448047,0.869663,-2.291902,1.572645
4336.063321,sim,1.576169,-0.036953,-2.448023,0.869698,-2.291920,1.572298
4336.067327,sim,1.576170,-0.036953,-2.447996,0.869739,-2.291929,1.571915
4336.071351,sim,1.576170,-0.036953,-2.447967,0.869785,-2.291931,1.571499
4336.075522,sim,1.576171,-0.036953,-2.447937,0.869834,-2.291925,1.571051
4336.079297,sim,1.576172,-0.036953,-2.447905,0.869888,-2.291914,1.570573
4336.083409,sim,1.576172,-0.036953,-2.447873,0.869945,-2.291898,1.570066
4336.087295,sim,1.576172,-0.036953,-2.447873,0.869945,-2.291898,1.570066
4336.091296,sim,1.576173,-0.036953,-2.447838,0.870006,-2.291877,1.569506
4336.095358,sim,1.576174,-0.036953,-2.447800,0.870069,-2.291850,1.568869
4336.099297,sim,1.576174,-0.036953,-2.447760,0.870135,-2.291818,1.568162
4336.103330,sim,1.576175,-0.036953,-2.447718,0.870204,-2.291782,1.567390
4336.107234,sim,1.576176,-0.036953,-2.447674,0.870274,-2.291740,1.566559
4336.111277,sim,1.576177,-0.036953,-2.447627,0.870346,-2.291695,1.565675
4336.115445,sim,1.576178,-0.036953,-2.447579,0.870418,-2.291646,1.564744
4336.119309,sim,1.576178,-0.036953,-2.447579,0.870418,-2.291646,1.564744
4336.123306,sim,1.576178,-0.036953,-2.447527,0.870489,-2.291591,1.563735
4336.127272,sim,1.576179,-0.036953,-2.447469,0.870557,-2.291526,1.562617
4336.131325,sim,1.576180,-0.036953,-2.447406,0.870623,-2.291452,1.561399
4336.135518,sim,1.576181,-0.036953,-2.447337,0.870686,-2.291369,1.560089
4336.139341,sim,1.576181,-0.036953,-2.447264,0.870745,-2.291279,1.558697
4336.143346,sim,1.576182,-0.036953,-2.447187,0.870802,-2.291182,1.557230
4336.147390,sim,1.576182,-0.036953,-2.447187,0.870802,-2.291182,1.557230
4336.151382,sim,1.576183,-0.036953,-2.447105,0.870854,-2.291078,1.555701
4336.155442,sim,1.576183,-0.036953,-2.447019,0.870902,-2.290968,1.554119
4336.159295,sim,1.576184,-0.036953,-2.446928,0.870946,-2.290853,1.552488
4336.163364,sim,1.576184,-0.036953,-2.446834,0.870985,-2.290733,1.550813
4336.167373,sim,1.576185,-0.036953,-2.446736,0.871020,-2.290607,1.549099
4336.171300,sim,1.576185,-0.036952,-2.446634,0.871051,-2.290478,1.547351
4336.175599,sim,1.576186,-0.036952,-2.446529,0.871079,-2.290345,1.545573
4336.179402,sim,1.576186,-0.036952,-2.446529,0.871079,-2.290345,1.545573
4336.183357,sim,1.576186,-0.036952,-2.446416,0.871103,-2.290204,1.543736
4336.187302,sim,1.576187,-0.036952,-2.446291,0.871125,-2.290052,1.541816
4336.191323,sim,1.576187,-0.036952,-2.446157,0.871145,-2.289890,1.539823
4336.195474,sim,1.576188,-0.036952,-2.446013,0.871163,-2.289720,1.537766
4336.199316,sim,1.576188,-0.036952,-2.445861,0.871179,-2.289541,1.535656
4336.203294,sim,1.576189,-0.036952,-2.445701,0.871194,-2.289356,1.533503
4336.207388,sim,1.576189,-0.036952,-2.445536,0.871207,-2.289165,1.531317
4336.211343,sim,1.576189,-0.036952,-2.445536,0.871207,-2.289165,1.531317
4336.215457,sim,1.576189,-0.036952,-2.445360,0.871220,-2.288962,1.529076
4336.219296,sim,1.576190,-0.036952,-2.445170,0.871232,-2.288744,1.526759
4336.223251,sim,1.576190,-0.036952,-2.444967,0.871244,-2.288512,1.524376
4336.227273,sim,1.576190,-0.036952,-2.444752,0.871255,-2.288266,1.521936
4336.231407,sim,1.576190,-0.036952,-2.444527,0.871266,-2.288008,1.519449
4336.235444,sim,1.576190,-0.036952,-2.444527,0.871266,-2.288008,1.519449
4336.239343,sim,1.576191,-0.036952,-2.444290,0.871276,-2.287733,1.516898
4336.243315,sim,1.576191,-0.036952,-2.444037,0.871286,-2.287439,1.514271
4336.247311,sim,1.576191,-0.036952,-2.443770,0.871294,-2.287125,1.511578
4336.251370,sim,1.576191,-0.036952,-2.443490,0.871303,-2.286792,1.508828
4336.255446,sim,1.576191,-0.036952,-2.443199,0.871310,-2.286443,1.506034
4336.259280,sim,1.576191,-0.036952,-2.442897,0.871317,-2.286079,1.503204
4336.263318,sim,1.576191,-0.036952,-2.442586,0.871324,-2.285699,1.500350
4336.267307,sim,1.576191,-0.036952,-2.442586,0.871324,-2.285699,1.500350
4336.271269,sim,1.576191,-0.036952,-2.442259,0.871330,-2.285290,1.497440
4336.275575,sim,1.576191,-0.036952,-2.441907,0.871335,-2.284838,1.494442
4336.279437,sim,1.576191,-0.036952,-2.441532,0.871339,-2.284345,1.491367
4336.283290,sim,1.576191,-0.036952,-2.441138,0.871342,-2.283816,1.488226
4336.287308,sim,1.576190,-0.036952,-2.440726,0.871345,-2.283254,1.485029
4336.291401,sim,1.576190,-0.036953,-2.440299,0.871348,-2.282661,1.481787
4336.295413,sim,1.576190,-0.036953,-2.439857,0.871350,-2.282043,1.478511
4336.299367,sim,1.576190,-0.036953,-2.439857,0.871350,-2.282043,1.478511
4336.303296,sim,1.576190,-0.036953,-2.439398,0.871351,-2.281390,1.475191
4336.307311,sim,1.576190,-0.036953,-2.438918,0.871352,-2.280695,1.471820
4336.311265,sim,1.576190,-0.036953,-2.438419,0.871353,-2.279964,1.468411
4336.315364,sim,1.576190,-0.036953,-2.437903,0.871354,-2.279200,1.464974
4336.319288,sim,1.576190,-0.036953,-2.437375,0.871355,-2.278409,1.461524
4336.323489,sim,1.576190,-0.036953,-2.436836,0.871355,-2.277594,1.458072
4336.327350,sim,1.576190,-0.036953,-2.436836,0.871355,-2.277594,1.458072
4336.331277,sim,1.576189,-0.036948,-2.436291,0.871354,-2.276764,1.454647
4336.335318,sim,1.576190,-0.036945,-2.435744,0.871352,-2.275923,1.451272
4336.339403,sim,1.576190,-0.036948,-2.435193,0.871354,-2.275073,1.447947
4336.343324,sim,1.576189,-0.036950,-2.434639,0.871354,-2.274212,1.444666
4336.347370,sim,1.576189,-0.036951,-2.434084,0.871355,-2.273342,1.441426
4336.351300,sim,1.576189,-0.036952,-2.433526,0.871355,-2.272464,1.438226
4336.355483,sim,1.576189,-0.036952,-2.432966,0.871355,-2.271578,1.435063
4336.359322,sim,1.576189,-0.036952,-2.432966,0.871355,-2.271578,1.435063
4336.363369,sim,1.576189,-0.036953,-2.432394,0.871355,-2.270661,1.431885
4336.367309,sim,1.576189,-0.036953,-2.431799,0.871355,-2.269693,1.428649
4336.371348,sim,1.576189,-0.036953,-2.431185,0.871355,-2.268680,1.425366
4336.375618,sim,1.576189,-0.036953,-2.430554,0.871355,-2.267627,1.422046
4336.379317,sim,1.576189,-0.036953,-2.429910,0.871354,-2.266538,1.418698
4336.383279,sim,1.576189,-0.036954,-2.429254,0.871354,-2.265420,1.415334
4336.387357,sim,1.576189,-0.036954,-2.428590,0.871354,-2.264276,1.411962
4336.391336,sim,1.576189,-0.036954,-2.428590,0.871354,-2.264276,1.411962
4336.395362,sim,1.576189,-0.036954,-2.427915,0.871354,-2.263099,1.408568
4336.399266,sim,1.576189,-0.036954,-2.427225,0.871354,-2.261878,1.405135
4336.403394,sim,1.576189,-0.036954,-2.426522,0.871354,-2.260620,1.401672
4336.407411,sim,1.576189,-0.036954,-2.425810,0.871354,-2.259329,1.398188
4336.411301,sim,1.576188,-0.036955,-2.425090,0.871354,-2.258012,1.394693
4336.415494,sim,1.576188,-0.036955,-2.425090,0.871354,-2.258012,1.394693
4336.419400,sim,1.576188,-0.036955,-2.424358,0.871354,-2.256659,1.391162
4336.423325,sim,1.576188,-0.036955,-2.423610,0.871354,-2.255261,1.387568
4336.427288,sim,1.576188,-0.036955,-2.422846,0.871354,-2.253825,1.383922
4336.431323,sim,1.576188,-0.036955,-2.422071,0.871354,-2.252354,1.380232
4336.435477,sim,1.576188,-0.036955,-2.421285,0.871354,-2.250855,1.376506
4336.439373,sim,1.576188,-0.036955,-2.420491,0.871354,-2.249331,1.372753
4336.443264,sim,1.576187,-0.036955,-2.419692,0.871354,-2.247788,1.368981
4336.447476,sim,1.576187,-0.036955,-2.419692,0.871354,-2.247788,1.368981
4336.451471,sim,1.576187,-0.036955,-2.418887,0.871355,-2.246223,1.365180
4336.455519,sim,1.576187,-0.036955,-2.418076,0.871355,-2.244632,1.361341
4336.459355,sim,1.576187,-0.036955,-2.417263,0.871355,-2.243022,1.357475
4336.463336,sim,1.576187,-0.036955,-2.416449,0.871356,-2.241397,1.353597
4336.467384,sim,1.576187,-0.036955,-2.415637,0.871356,-2.239765,1.349718
4336.471425,sim,1.576187,-0.036955,-2.414831,0.871357,-2.238132,1.345851
4336.475433,sim,1.576187,-0.036955,-2.414032,0.871357,-2.236502,1.342008
4336.479348,sim,1.576187,-0.036955,-2.414032,0.871357,-2.236502,1.342008
4336.483375,sim,1.576187,-0.036955,-2.413241,0.871359,-2.234869,1.338185
4336.487430,sim,1.576186,-0.036955,-2.412459,0.871361,-2.233222,1.334369
4336.491357,sim,1.576186,-0.036955,-2.411686,0.871363,-2.231565,1.330568
4336.495372,sim,1.576186,-0.036955,-2.410922,0.871367,-2.229901,1.326786
4336.499343,sim,1.576186,-0.036955,-2.410169,0.871372,-2.228234,1.323031
4336.503303,sim,1.576186,-0.036955,-2.409428,0.871377,-2.226566,1.319308
4336.507376,sim,1.576186,-0.036955,-2.409428,0.871377,-2.226566,1.319308
4336.511335,sim,1.576186,-0.036955,-2.408701,0.871383,-2.224906,1.315634
4336.515647,sim,1.576186,-0.036955,-2.407991,0.871390,-2.223260,1.312022
4336.519361,sim,1.576186,-0.036955,-2.407297,0.871399,-2.221627,1.308467
4336.523346,sim,1.576185,-0.036955,-2.406617,0.871409,-2.220007,1.304967
4336.527243,sim,1.576185,-0.036955,-2.405952,0.871419,-2.218401,1.301519
4336.531398,sim,1.576185,-0.036955,-2.405299,0.871431,-2.216807,1.298118
4336.535487,sim,1.576185,-0.036955,-2.404657,0.871445,-2.215225,1.294762
4336.539350,sim,1.576185,-0.036955,-2.404657,0.871445,-2.215225,1.294762
4336.543308,sim,1.576185,-0.036955,-2.404018,0.871459,-2.213636,1.291396
4336.547387,sim,1.576185,-0.036961,-2.403372,0.871478,-2.212021,1.287980
4336.551379,sim,1.576184,-0.036971,-2.402720,0.871500,-2.210387,1.284525
4336.555448,sim,1.576187,-0.036973,-2.402068,0.871515,-2.208731,1.281022
4336.559303,sim,1.576180,-0.036941,-2.401424,0.871531,-2.207073,1.277502
4336.563327,sim,1.576187,-0.036970,-2.400764,0.871561,-2.205411,1.273986
4336.567409,sim,1.576179,-0.036943,-2.400123,0.871576,-2.203745,1.270446
4336.571343,sim,1.576184,-0.036961,-2.400118,0.871584,-2.203750,1.270460
4336.575598,sim,1.576185,-0.036967,-2.399466,0.871604,-2.202061,1.266889
4336.579421,sim,1.576179,-0.036941,-2.398815,0.871626,-2.200343,1.263256
4336.583337,sim,1.576186,-0.036970,-2.398145,0.871662,-2.198590,1.259582
4336.587356,sim,1.576178,-0.036943,-2.397486,0.871683,-2.196804,1.255838
4336.591395,sim,1.576185,-0.036964,-2.396812,0.871721,-2.194998,1.252079
4336.595539,sim,1.576179,-0.036944,-2.396817,0.871715,-2.194996,1.252071
4336.599288,sim,1.576185,-0.036965,-2.396138,0.871754,-2.193154,1.248257
4336.603345,sim,1.576178,-0.036945,-2.395465,0.871784,-2.191261,1.244361
4336.607290,sim,1.576184,-0.036965,-2.394777,0.871829,-2.189334,1.240433
4336.611304,sim,1.576178,-0.036945,-2.394099,0.871864,-2.187374,1.236456
4336.615440,sim,1.576181,-0.036963,-2.393414,0.871916,-2.185400,1.232486
4336.619310,sim,1.576182,-0.036967,-2.392737,0.871957,-2.183404,1.228499
4336.623333,sim,1.576177,-0.036941,-2.392076,0.872001,-2.181412,1.224535
4336.627463,sim,1.576184,-0.036970,-2.392068,0.872010,-2.181414,1.224546
4336.631399,sim,1.576177,-0.036947,-2.391417,0.872055,-2.179415,1.220601
4336.635459,sim,1.576179,-0.036959,-2.390770,0.872126,-2.177420,1.216702
4336.639338,sim,1.576181,-0.036971,-2.390137,0.872195,-2.175412,1.212810
4336.643321,sim,1.576175,-0.036938,-2.389529,0.872266,-2.173414,1.208951
4336.647406,sim,1.576182,-0.036967,-2.388919,0.872362,-2.171427,1.205150
4336.651298,sim,1.576174,-0.036942,-2.388338,0.872445,-2.169446,1.201369
4336.655428,sim,1.576181,-0.036968,-2.388331,0.872454,-2.169449,1.201381
4336.659378,sim,1.576173,-0.036942,-2.387767,0.872546,-2.167491,1.197657
4336.663407,sim,1.576178,-0.036966,-2.387209,0.872666,-2.165570,1.194027
4336.667363,sim,1.576178,-0.036968,-2.386675,0.872780,-2.163665,1.190433
4336.671305,sim,1.576172,-0.036941,-2.386166,0.872905,-2.161794,1.186906
4336.675611,sim,1.576176,-0.036960,-2.385661,0.873050,-2.159948,1.183446
4336.679334,sim,1.576171,-0.036942,-2.385182,0.873192,-2.158120,1.180021
4336.683279,sim,1.576176,-0.036964,-2.384708,0.873356,-2.156318,1.176662
4336.687349,sim,1.576170,-0.036944,-2.384713,0.873350,-2.156316,1.176653
4336.691437,sim,1.576173,-0.036962,-2.384251,0.873538,-2.154504,1.173292
4336.695491,sim,1.576174,-0.036966,-2.383799,0.873749,-2.152644,1.169859
4336.699297,sim,1.576168,-0.036940,-2.383362,0.873992,-2.150757,1.166391
4336.703339,sim,1.576174,-0.036969,-2.382920,0.874277,-2.148845,1.162909
4336.707308,sim,1.576167,-0.036947,-2.382499,0.874572,-2.146907,1.159385
4336.711297,sim,1.576169,-0.036957,-2.382077,0.874908,-2.144963,1.155877
4336.715377,sim,1.576171,-0.036970,-2.381665,0.875256,-2.143002,1.152353
4336.719368,sim,1.576164,-0.036939,-2.381673,0.875250,-2.143003,1.152348
4336.723443,sim,1.576171,-0.036968,-2.381265,0.875647,-2.141025,1.148811
4336.727372,sim,1.576163,-0.036942,-2.380880,0.876079,-2.138997,1.145185
4336.731369,sim,1.576167,-0.036966,-2.380491,0.876581,-2.136940,1.141529
4336.735812,sim,1.576165,-0.036966,-2.380117,0.877115,-2.134841,1.137803
4336.739338,sim,1.576163,-0.036955,-2.379754,0.877693,-2.132722,1.134045
4336.743362,sim,1.576164,-0.036956,-2.379753,0.877695,-2.132723,1.134047
4336.747296,sim,1.576163,-0.036957,-2.379396,0.878325,-2.130562,1.130227
4336.752282,sim,1.576164,-0.036958,-2.379047,0.879012,-2.128349,1.126325
4336.755419,sim,1.576159,-0.036937,-2.378713,0.879748,-2.126099,1.122362
4336.759328,sim,1.576162,-0.036964,-2.378376,0.880544,-2.123821,1.118374
4336.763267,sim,1.576162,-0.036962,-2.378057,0.881365,-2.121511,1.114338
4336.767300,sim,1.576157,-0.036937,-2.377756,0.882221,-2.119199,1.110305
4336.771403,sim,1.576163,-0.036967,-2.377453,0.883120,-2.116886,1.106298
4336.775519,sim,1.576156,-0.036941,-2.377459,0.883111,-2.116883,1.106286
4336.779310,sim,1.576162,-0.036967,-2.377174,0.884042,-2.114564,1.102307
4336.783252,sim,1.576155,-0.036941,-2.376924,0.884992,-2.112223,1.098335
4336.787282,sim,1.576160,-0.036966,-2.376680,0.885994,-2.109880,1.094426
4336.791329,sim,1.576160,-0.036972,-2.376460,0.887008,-2.107521,1.090535
4336.795354,sim,1.576154,-0.036940,-2.376267,0.888043,-2.105172,1.086696
4336.799275,sim,1.576162,-0.036983,-2.376071,0.889113,-2.102829,1.082931
4336.803313,sim,1.576152,-0.036947,-2.375912,0.890172,-2.100489,1.079190
4336.807371,sim,1.576159,-0.036968,-2.375906,0.890181,-2.100495,1.079206
4336.811281,sim,1.576155,-0.036959,-2.375756,0.891261,-2.098150,1.075515
4336.815465,sim,1.576155,-0.036959,-2.375621,0.892369,-2.095791,1.071860
4336.819374,sim,1.576154,-0.036975,-2.375499,0.893497,-2.093415,1.068238
4336.823351,sim,1.576151,-0.036969,-2.375397,0.894629,-2.091026,1.064637
4336.827278,sim,1.576148,-0.036964,-2.375309,0.895774,-2.088636,1.061080
4336.831531,sim,1.576145,-0.036948,-2.375236,0.896918,-2.086246,1.057558
4336.835452,sim,1.576143,-0.036932,-2.375241,0.896917,-2.086249,1.057556
4336.839382,sim,1.576145,-0.036965,-2.375168,0.898074,-2.083873,1.054111
4336.843610,sim,1.576134,-0.036928,-2.375123,0.899204,-2.081509,1.050700
4336.847558,sim,1.576138,-0.036970,-2.375069,0.900351,-2.079171,1.047390
4336.851427,sim,1.576128,-0.036956,-2.375038,0.901467,-2.076838,1.044106
4336.855509,sim,1.576122,-0.036944,-2.375014,0.902584,-2.074535,1.040900
4336.859243,sim,1.576120,-0.036969,-2.374987,0.903695,-2.072243,1.037758
4336.863247,sim,1.576109,-0.036937,-2.374980,0.904781,-2.069967,1.034650
4336.867351,sim,1.576109,-0.036969,-2.374963,0.905876,-2.067714,1.031626
4336.871363,sim,1.576096,-0.036939,-2.374966,0.906939,-2.065471,1.028627
4336.875423,sim,1.576104,-0.036971,-2.374957,0.906948,-2.065473,1.028639
4336.879261,sim,1.576087,-0.036931,-2.374965,0.908017,-2.063201,1.025642
4336.883363,sim,1.576090,-0.036974,-2.374952,0.909138,-2.060863,1.022640
4336.887410,sim,1.576071,-0.036944,-2.374960,0.910257,-2.058454,1.019568
4336.891254,sim,1.576069,-0.036974,-2.374951,0.911415,-2.055999,1.016503
4336.895600,sim,1.576050,-0.036934,-2.374962,0.912563,-2.053491,1.013385
4336.899362,sim,1.576057,-0.036966,-2.374954,0.912576,-2.053498,1.013407
4336.903473,sim,1.576040,-0.036943,-2.374960,0.913746,-2.050938,1.010266
4336.907367,sim,1.576036,-0.036982,-2.374951,0.914956,-2.048326,1.007121
4336.911260,sim,1.576015,-0.036952,-2.374960,0.916160,-2.045661,1.003923
4336.915536,sim,1.576005,-0.036967,-2.374957,0.917391,-2.042970,1.000744
4336.919506,sim,1.575991,-0.036961,-2.374959,0.918612,-2.040242,0.997546
4336.923425,sim,1.575986,-0.036927,-2.374968,0.918606,-2.040245,0.997540
4336.927361,sim,1.575979,-0.036963,-2.374960,0.919843,-2.037497,0.994374
4336.931415,sim,1.575959,-0.036941,-2.374966,0.921061,-2.034713,0.991195
4336.935462,sim,1.575947,-0.036955,-2.374964,0.922292,-2.031918,0.988060
4336.939348,sim,1.575929,-0.036957,-2.374965,0.923508,-2.029104,0.984938
4336.943280,sim,1.575914,-0.036955,-2.374966,0.924716,-2.026290,0.981853
4336.947338,sim,1.575895,-0.036942,-2.374971,0.925909,-2.023483,0.978805
4336.951367,sim,1.575884,-0.036979,-2.374963,0.927098,-2.020692,0.975820
4336.955340,sim,1.575877,-0.036934,-2.374974,0.927083,-2.020688,0.975800
4336.959382,sim,1.575869,-0.036977,-2.374965,0.928263,-2.017910,0.972866
4336.963284,sim,1.575849,-0.036975,-2.374966,0.929410,-2.015115,0.969931
4336.967334,sim,1.575828,-0.036930,-2.374977,0.930539,-2.012332,0.967032
4336.971256,sim,1.575820,-0.036963,-2.374970,0.931672,-2.009553,0.964191
4336.976944,sim,1.575795,-0.036933,-2.374979,0.932773,-2.006783,0.961366
4336.979292,sim,1.575789,-0.036974,-2.374970,0.933876,-2.004032,0.958608
4336.983401,sim,1.575766,-0.036954,-2.374976,0.934944,-2.001297,0.955869
4336.987274,sim,1.575754,-0.036961,-2.374974,0.936003,-1.998594,0.953192
4336.991333,sim,1.575748,-0.036936,-2.374980,0.935998,-1.998595,0.953186
4336.995457,sim,1.575742,-0.036976,-2.374972,0.937042,-1.995924,0.950570
4336.999298,sim,1.575720,-0.036936,-2.374982,0.938037,-1.993285,0.947979
4337.003321,sim,1.575715,-0.036975,-2.374973,0.939037,-1.990689,0.945477
4337.007321,sim,1.575697,-0.036947,-2.374980,0.939990,-1.988114,0.942990
4337.011771,sim,1.575689,-0.036950,-2.374979,0.940941,-1.985581,0.940574
4337.015446,sim,1.575689,-0.036956,-2.374978,0.940940,-1.985578,0.940571
4337.019274,sim,1.575675,-0.036945,-2.374982,0.941883,-1.983028,0.938149
4337.023292,sim,1.575671,-0.036978,-2.374974,0.942843,-1.980416,0.935700
4337.027358,sim,1.575656,-0.036941,-2.374983,0.943793,-1.977751,0.933194
4337.031322,sim,1.575655,-0.036977,-2.374976,0.944772,-1.975049,0.930694
4337.035376,sim,1.575640,-0.036943,-2.374984,0.945732,-1.972302,0.928143
4337.039276,sim,1.575643,-0.036979,-2.374977,0.946717,-1.969528,0.925605
4337.043332,sim,1.575624,-0.036920,-2.374991,0.947679,-1.966730,0.923030
4337.047295,sim,1.575637,-0.036970,-2.374980,0.947690,-1.966730,0.923041
4337.051286,sim,1.575624,-0.036959,-2.374984,0.948661,-1.963888,0.920449
4337.055374,sim,1.575627,-0.036974,-2.374981,0.949638,-1.960999,0.917835
4337.059316,sim,1.575613,-0.036924,-2.374993,0.950603,-1.958080,0.915191
4337.063346,sim,1.575621,-0.036971,-2.374985,0.951583,-1.955129,0.912553
4337.067324,sim,1.575609,-0.036931,-2.374996,0.952532,-1.952161,0.909882
4337.071370,sim,1.575619,-0.036981,-2.374986,0.953494,-1.949191,0.907244
4337.075548,sim,1.575605,-0.036948,-2.374995,0.954429,-1.946234,0.904606
4337.079302,sim,1.575617,-0.036974,-2.374989,0.954429,-1.946228,0.904603
4337.083261,sim,1.575604,-0.036921,-2.375003,0.955345,-1.943275,0.901970
4337.087288,sim,1.575616,-0.036976,-2.374993,0.956271,-1.940316,0.899363
4337.091296,sim,1.575603,-0.036936,-2.375005,0.957157,-1.937358,0.896731
4337.096146,sim,1.575613,-0.036973,-2.375000,0.958049,-1.934413,0.894140
4337.099256,sim,1.575604,-0.036932,-2.375013,0.958902,-1.931477,0.891534
4337.103416,sim,1.575615,-0.036982,-2.375002,0.958914,-1.931477,0.891548
4337.107412,sim,1.575602,-0.036933,-2.375017,0.959759,-1.928549,0.888955
4337.111284,sim,1.575614,-0.036979,-2.375013,0.960612,-1.925602,0.886368
4337.115437,sim,1.575604,-0.036940,-2.375027,0.961433,-1.922649,0.883756
4337.119264,sim,1.575614,-0.036977,-2.375026,0.962262,-1.919703,0.881175
4337.123373,sim,1.575603,-0.036944,-2.375041,0.963061,-1.916768,0.878585
4337.127323,sim,1.575614,-0.036971,-2.375044,0.963849,-1.913840,0.876012
4337.131297,sim,1.575602,-0.036919,-2.375065,0.964610,-1.910949,0.873459
4337.135624,sim,1.575615,-0.036984,-2.375062,0.965373,-1.908082,0.870952
4337.139307,sim,1.575603,-0.036937,-2.375072,0.965363,-1.908082,0.870941
4337.143356,sim,1.575614,-0.036972,-2.375076,0.966092,-1.905269,0.868472
4337.147243,sim,1.575604,-0.036937,-2.375097,0.966770,-1.902517,0.866031
4337.151258,sim,1.575613,-0.036975,-2.375103,0.967436,-1.899825,0.863661
4337.155406,sim,1.575607,-0.036952,-2.375123,0.968050,-1.897178,0.861305
4337.159276,sim,1.575611,-0.036966,-2.375137,0.968652,-1.894590,0.859007
4337.163236,sim,1.575606,-0.036951,-2.375157,0.969223,-1.892049,0.856740
4337.167337,sim,1.575612,-0.036976,-2.375170,0.969776,-1.889543,0.854509
4337.171360,sim,1.575602,-0.036927,-2.375180,0.969768,-1.889547,0.854502
4337.175566,sim,1.575614,-0.036984,-2.375188,0.970312,-1.887030,0.852266
4337.179318,sim,1.575607,-0.036964,-2.375215,0.970825,-1.884448,0.849956
4337.183286,sim,1.575607,-0.036956,-2.375241,0.971338,-1.881824,0.847624
4337.187410,sim,1.575608,-0.036970,-2.375267,0.971836,-1.879145,0.845246
4337.191286,sim,1.575607,-0.036965,-2.375297,0.972318,-1.876428,0.842835
4337.195443,sim,1.575605,-0.036952,-2.375300,0.972317,-1.876432,0.842837
4337.199278,sim,1.575610,-0.036994,-2.375324,0.972799,-1.873660,0.840395
4337.203383,sim,1.575600,-0.036950,-2.375370,0.973248,-1.870825,0.837882
4337.207308,sim,1.575610,-0.036999,-2.375400,0.973707,-1.867939,0.835353
4337.211251,sim,1.575599,-0.036975,-2.375448,0.974133,-1.865017,0.832774
4337.215404,sim,1.575607,-0.037015,-2.375486,0.974558,-1.862072,0.830196
4337.219312,sim,1.575598,-0.036989,-2.375541,0.974950,-1.859124,0.827595
4337.223362,sim,1.575606,-0.037043,-2.375581,0.975346,-1.856188,0.825030
4337.227326,sim,1.575598,-0.037018,-2.375586,0.975340,-1.856188,0.825023
4337.231362,sim,1.575604,-0.037043,-2.375637,0.975698,-1.853268,0.822455
4337.235515,sim,1.575593,-0.037003,-2.375708,0.976017,-1.850383,0.819893
4337.239383,sim,1.575604,-0.037069,-2.375763,0.976323,-1.847517,0.817358
4337.243384,sim,1.575591,-0.037036,-2.375845,0.976582,-1.844686,0.814824
4337.247291,sim,1.575603,-0.037099,-2.375912,0.976834,-1.841886,0.812328
4337.251362,sim,1.575590,-0.037080,-2.376000,0.977046,-1.839129,0.809845
4337.255475,sim,1.575600,-0.037127,-2.376079,0.977242,-1.836403,0.807392
4337.259247,sim,1.575588,-0.037103,-2.376175,0.977410,-1.833733,0.804972
4337.263313,sim,1.575600,-0.037144,-2.376167,0.977415,-1.833728,0.804973
4337.267404,sim,1.575589,-0.037132,-2.376267,0.977564,-1.831114,0.802591
4337.271351,sim,1.575596,-0.037159,-2.376366,0.977691,-1.828550,0.800239
4337.275520,sim,1.575589,-0.037146,-2.376481,0.977794,-1.826055,0.797920
4337.279441,sim,1.575595,-0.037195,-2.376588,0.977895,-1.823614,0.795649
4337.283381,sim,1.575589,-0.037195,-2.376713,0.977965,-1.821223,0.793391
4337.287379,sim,1.575595,-0.037212,-2.376709,0.977965,-1.821217,0.793389
4337.291316,sim,1.575587,-0.037185,-2.376849,0.978019,-1.818848,0.791126
4337.295441,sim,1.575596,-0.037247,-2.376982,0.978077,-1.816461,0.788844
4337.299330,sim,1.575586,-0.037220,-2.377145,0.978106,-1.814069,0.786515
4337.303222,sim,1.575595,-0.037269,-2.377303,0.978144,-1.811676,0.784184
4337.307305,sim,1.575589,-0.037266,-2.377482,0.978157,-1.809278,0.781819
4337.311297,sim,1.575593,-0.037286,-2.377666,0.978171,-1.806894,0.779457
4337.315547,sim,1.575587,-0.037279,-2.377864,0.978179,-1.804527,0.777096
4337.319434,sim,1.575594,-0.037312,-2.377858,0.978183,-1.804522,0.777096
4337.323342,sim,1.575584,-0.037275,-2.378079,0.978177,-1.802141,0.774697
4337.327311,sim,1.575596,-0.037335,-2.378304,0.978189,-1.799716,0.772261
4337.331368,sim,1.575585,-0.037308,-2.378569,0.978181,-1.797265,0.769765
4337.335399,sim,1.575594,-0.037362,-2.378838,0.978190,-1.794787,0.767249
4337.339270,sim,1.575585,-0.037334,-2.379141,0.978178,-1.792289,0.764685
4337.343325,sim,1.575593,-0.037366,-2.379135,0.978186,-1.792291,0.764693
4337.347336,sim,1.575584,-0.037332,-2.379462,0.978173,-1.789764,0.762087
4337.351347,sim,1.575594,-0.037382,-2.379796,0.978179,-1.787201,0.759449
4337.355376,sim,1.575583,-0.037354,-2.380168,0.978169,-1.784613,0.756758
4337.359270,sim,1.575591,-0.037399,-2.380544,0.978175,-1.782010,0.754056
4337.363361,sim,1.575584,-0.037382,-2.380951,0.978163,-1.779399,0.751321
4337.367296,sim,1.575586,-0.037395,-2.381367,0.978164,-1.776802,0.748598
4337.371280,sim,1.575583,-0.037398,-2.381798,0.978160,-1.774221,0.745877
4337.375817,sim,1.575583,-0.037393,-2.381799,0.978160,-1.774222,0.745878
4337.379422,sim,1.575581,-0.037398,-2.382248,0.978157,-1.771667,0.743172
4337.383406,sim,1.575579,-0.037405,-2.382720,0.978156,-1.769141,0.740479
4337.387363,sim,1.575575,-0.037407,-2.383214,0.978154,-1.766643,0.737800
4337.391301,sim,1.575571,-0.037405,-2.383728,0.978151,-1.764178,0.735142
4337.395508,sim,1.575569,-0.037415,-2.384256,0.978151,-1.761747,0.732509
4337.399286,sim,1.575563,-0.037412,-2.384800,0.978148,-1.759353,0.729902
4337.403369,sim,1.575557,-0.037403,-2.385356,0.978148,-1.757005,0.727334
4337.407400,sim,1.575562,-0.037432,-2.385350,0.978151,-1.757000,0.727334
4337.411425,sim,1.575550,-0.037402,-2.385928,0.978145,-1.754678,0.724776
4337.415419,sim,1.575553,-0.037424,-2.386518,0.978144,-1.752369,0.722223
4337.419288,sim,1.575540,-0.037389,-2.387141,0.978138,-1.750088,0.719675
4337.423320,sim,1.575543,-0.037439,-2.387764,0.978147,-1.747826,0.717148
4337.427363,sim,1.575528,-0.037400,-2.388420,0.978138,-1.745595,0.714624
4337.431311,sim,1.575532,-0.037439,-2.389073,0.978143,-1.743389,0.712129
4337.435341,sim,1.575522,-0.037391,-2.389083,0.978133,-1.743391,0.712122
4337.439331,sim,1.575527,-0.037440,-2.389741,0.978143,-1.741233,0.709667
4337.443361,sim,1.575511,-0.037397,-2.390419,0.978134,-1.739133,0.707248
4337.447387,sim,1.575518,-0.037453,-2.391080,0.978142,-1.737083,0.704889
4337.451371,sim,1.575500,-0.037404,-2.391761,0.978132,-1.735093,0.702570
4337.455363,sim,1.575507,-0.037446,-2.392424,0.978138,-1.733154,0.700312
4337.459389,sim,1.575492,-0.037400,-2.393102,0.978128,-1.731271,0.698093
4337.463366,sim,1.575498,-0.037445,-2.393758,0.978136,-1.729441,0.695940
4337.467342,sim,1.575488,-0.037412,-2.393765,0.978130,-1.729441,0.695935
4337.471293,sim,1.575495,-0.037459,-2.394436,0.978137,-1.727624,0.693786
4337.475599,sim,1.575479,-0.037403,-2.395159,0.978125,-1.725790,0.691590
4337.479392,sim,1.575488,-0.037461,-2.395889,0.978136,-1.723936,0.689374
4337.483333,sim,1.575472,-0.037414,-2.396667,0.978127,-1.722065,0.687114
4337.487274,sim,1.575480,-0.037452,-2.397455,0.978132,-1.720174,0.684833
4337.491398,sim,1.575468,-0.037412,-2.398281,0.978124,-1.718271,0.682518
4337.495437,sim,1.575474,-0.037454,-2.399112,0.978131,-1.716350,0.680187
4337.499349,sim,1.575466,-0.037428,-2.399117,0.978128,-1.716352,0.680186
4337.503275,sim,1.575471,-0.037457,-2.399982,0.978130,-1.714404,0.677805
4337.507280,sim,1.575459,-0.037416,-2.400899,0.978123,-1.712430,0.675360
4337.511282,sim,1.575464,-0.037457,-2.401834,0.978131,-1.710429,0.672868
4337.515371,sim,1.575451,-0.037430,-2.402810,0.978126,-1.708412,0.670326
4337.519339,sim,1.575455,-0.037472,-2.403797,0.978131,-1.706383,0.667760
4337.523484,sim,1.575445,-0.037430,-2.403805,0.978126,-1.706387,0.667760
4337.527354,sim,1.575448,-0.037455,-2.404820,0.978128,-1.704355,0.665158
4337.531242,sim,1.575433,-0.037414,-2.405875,0.978121,-1.702327,0.662517
4337.535403,sim,1.575435,-0.037463,-2.406936,0.978131,-1.700299,0.659856
4337.539401,sim,1.575417,-0.037427,-2.408032,0.978125,-1.698282,0.657165
4337.543250,sim,1.575419,-0.037475,-2.409127,0.978131,-1.696276,0.654469
4337.547339,sim,1.575396,-0.037417,-2.410252,0.978121,-1.694299,0.651768
4337.551332,sim,1.575398,-0.037474,-2.411360,0.978132,-1.692345,0.649082
4337.555446,sim,1.575385,-0.037421,-2.411370,0.978123,-1.692348,0.649078
4337.559326,sim,1.575384,-0.037462,-2.412493,0.978129,-1.690422,0.646387
4337.563340,sim,1.575360,-0.037430,-2.413646,0.978123,-1.688529,0.643675
4337.567344,sim,1.575349,-0.037461,-2.414800,0.978131,-1.686667,0.640963
4337.571418,sim,1.575322,-0.037427,-2.415977,0.978124,-1.684835,0.638239
4337.575543,sim,1.575309,-0.037463,-2.417148,0.978128,-1.683030,0.635520
4337.579318,sim,1.575277,-0.037424,-2.418336,0.978122,-1.681265,0.632807
4337.583426,sim,1.575261,-0.037470,-2.419508,0.978131,-1.679532,0.630116
4337.587383,sim,1.575225,-0.037437,-2.420691,0.978126,-1.677837,0.627438
4337.591395,sim,1.575234,-0.037468,-2.420686,0.978129,-1.677833,0.627438
4337.595423,sim,1.575197,-0.037436,-2.421865,0.978123,-1.676179,0.624776
4337.599312,sim,1.575171,-0.037454,-2.423032,0.978126,-1.674565,0.622127
4337.603360,sim,1.575130,-0.037432,-2.424205,0.978125,-1.672995,0.619485
4337.607365,sim,1.575099,-0.037477,-2.425365,0.978132,-1.671454,0.616848
4337.611281,sim,1.575048,-0.037438,-2.426539,0.978126,-1.669954,0.614212
4337.615429,sim,1.575057,-0.037470,-2.426533,0.978129,-1.669951,0.614212
4337.619411,sim,1.575003,-0.037430,-2.427725,0.978123,-1.668463,0.611535
4337.623416,sim,1.574961,-0.037463,-2.428936,0.978128,-1.666966,0.608785
4337.627313,sim,1.574899,-0.037441,-2.430181,0.978128,-1.665476,0.605973
4337.631279,sim,1.574848,-0.037479,-2.431435,0.978134,-1.663988,0.603111
4337.635461,sim,1.574776,-0.037434,-2.432716,0.978128,-1.662518,0.600214
4337.639278,sim,1.574720,-0.037469,-2.433990,0.978133,-1.661062,0.597298
4337.643280,sim,1.574642,-0.037430,-2.435277,0.978126,-1.659633,0.594372
4337.647435,sim,1.574652,-0.037471,-2.435270,0.978131,-1.659630,0.594371
4337.651433,sim,1.574570,-0.037438,-2.436553,0.978130,-1.658237,0.591440
4337.655489,sim,1.574499,-0.037472,-2.437822,0.978134,-1.656874,0.588488
4337.659263,sim,1.574406,-0.037448,-2.439098,0.978132,-1.655553,0.585522
4337.663346,sim,1.574323,-0.037484,-2.440357,0.978138,-1.654264,0.582551
4337.667339,sim,1.574217,-0.037432,-2.441624,0.978130,-1.653017,0.579575
4337.671326,sim,1.574126,-0.037477,-2.442866,0.978136,-1.651797,0.576603
4337.675527,sim,1.574010,-0.037424,-2.444114,0.978129,-1.650620,0.573638
4337.679317,sim,1.574020,-0.037461,-2.444108,0.978133,-1.650617,0.573637
4337.683376,sim,1.573898,-0.037432,-2.445348,0.978133,-1.649466,0.570659
4337.687286,sim,1.573782,-0.037482,-2.446578,0.978140,-1.648328,0.567638
4337.691321,sim,1.573635,-0.037433,-2.447826,0.978134,-1.647220,0.564585
4337.695355,sim,1.573500,-0.037473,-2.449058,0.978139,-1.646126,0.561509
4337.699343,sim,1.573335,-0.037427,-2.450300,0.978132,-1.645062,0.558418
4337.703358,sim,1.573343,-0.037452,-2.450296,0.978134,-1.645059,0.558416
4337.707361,sim,1.573170,-0.037432,-2.451535,0.978134,-1.644011,0.555296
4337.711338,sim,1.573000,-0.037478,-2.452770,0.978142,-1.642967,0.552125
4337.715439,sim,1.572801,-0.037439,-2.454023,0.978137,-1.641944,0.548917
4337.719387,sim,1.572610,-0.037480,-2.455261,0.978142,-1.640929,0.545683
4337.723251,sim,1.572390,-0.037424,-2.456512,0.978135,-1.639942,0.542438
4337.727322,sim,1.572183,-0.037454,-2.457740,0.978138,-1.638967,0.539191
4337.731353,sim,1.571953,-0.037434,-2.458964,0.978139,-1.638019,0.535957
4337.735489,sim,1.571960,-0.037461,-2.458959,0.978140,-1.638016,0.535954
4337.739301,sim,1.571722,-0.037436,-2.460177,0.978140,-1.637091,0.532713
4337.743303,sim,1.571485,-0.037470,-2.461384,0.978142,-1.636177,0.529434
4337.747343,sim,1.571222,-0.037433,-2.462601,0.978141,-1.635291,0.526137
4337.751359,sim,1.570965,-0.037458,-2.463805,0.978141,-1.634415,0.522816
4337.755419,sim,1.570685,-0.037437,-2.465011,0.978142,-1.633565,0.519488
4337.759301,sim,1.570411,-0.037474,-2.466202,0.978144,-1.632723,0.516147
4337.763357,sim,1.570115,-0.037436,-2.467397,0.978142,-1.631910,0.512815
4337.767392,sim,1.569831,-0.037462,-2.468573,0.978143,-1.631105,0.509481
4337.771375,sim,1.569825,-0.037448,-2.468575,0.978143,-1.631107,0.509483
4337.775426,sim,1.569531,-0.037461,-2.469735,0.978143,-1.630326,0.506184
4337.779307,sim,1.569222,-0.037439,-2.470874,0.978144,-1.629577,0.502946
4337.783405,sim,1.568916,-0.037460,-2.471983,0.978143,-1.628846,0.499754
4337.787354,sim,1.568593,-0.037438,-2.473075,0.978143,-1.628143,0.496619
4337.791373,sim,1.568277,-0.037470,-2.474136,0.978145,-1.627456,0.493528
4337.795517,sim,1.568269,-0.037434,-2.474142,0.978143,-1.627461,0.493531
4337.799380,sim,1.567942,-0.037461,-2.475195,0.978143,-1.626786,0.490450
4337.803390,sim,1.567585,-0.037434,-2.476258,0.978143,-1.626124,0.487355
4337.807259,sim,1.567226,-0.037464,-2.477312,0.978143,-1.625458,0.484237
4337.811352,sim,1.566841,-0.037439,-2.478370,0.978142,-1.624808,0.481121
4337.815526,sim,1.566459,-0.037468,-2.479413,0.978143,-1.624159,0.478000
4337.819386,sim,1.566052,-0.037436,-2.480458,0.978142,-1.623527,0.474897
4337.823404,sim,1.565652,-0.037463,-2.481484,0.978141,-1.622895,0.471802
4337.827403,sim,1.565645,-0.037440,-2.481487,0.978141,-1.622899,0.471806
4337.831411,sim,1.565231,-0.037462,-2.482504,0.978141,-1.622275,0.468718
4337.835424,sim,1.564787,-0.037438,-2.483522,0.978141,-1.621661,0.465628
4337.839279,sim,1.564341,-0.037466,-2.484525,0.978142,-1.621041,0.462527
4337.843375,sim,1.563867,-0.037443,-2.485528,0.978141,-1.620430,0.459434
4337.847378,sim,1.563395,-0.037463,-2.486514,0.978141,-1.619819,0.456344
4337.851310,sim,1.562900,-0.037437,-2.487497,0.978141,-1.619218,0.453273
4337.855464,sim,1.562410,-0.037463,-2.488460,0.978140,-1.618614,0.450214
4337.859336,sim,1.562404,-0.037439,-2.488464,0.978140,-1.618617,0.450217
4337.863292,sim,1.561901,-0.037464,-2.489421,0.978140,-1.618011,0.447155
4337.867277,sim,1.561367,-0.037440,-2.490388,0.978140,-1.617404,0.444074
4337.871262,sim,1.560831,-0.037464,-2.491345,0.978140,-1.616781,0.440969
4337.875675,sim,1.560268,-0.037440,-2.492308,0.978140,-1.616162,0.437860
4337.879456,sim,1.559707,-0.037472,-2.493257,0.978141,-1.615529,0.434739
4337.883286,sim,1.559699,-0.037439,-2.493263,0.978139,-1.615533,0.434744
4337.887310,sim,1.559123,-0.037469,-2.494216,0.978139,-1.614891,0.431595
4337.891379,sim,1.558511,-0.037436,-2.495190,0.978139,-1.614242,0.428402
4337.895496,sim,1.557895,-0.037472,-2.496163,0.978141,-1.613570,0.425154
4337.899266,sim,1.557245,-0.037437,-2.497155,0.978140,-1.612894,0.421875
4337.903259,sim,1.556597,-0.037470,-2.498143,0.978140,-1.612197,0.418555
4337.907348,sim,1.555920,-0.037437,-2.499145,0.978139,-1.611501,0.415221
4337.911294,sim,1.555247,-0.037470,-2.500138,0.978140,-1.610787,0.411860
4337.915617,sim,1.555239,-0.037434,-2.500144,0.978140,-1.610793,0.411866
4337.919250,sim,1.554551,-0.037460,-2.501146,0.978139,-1.610067,0.408476
4337.923341,sim,1.553830,-0.037444,-2.502165,0.978139,-1.609333,0.405057
4337.927367,sim,1.553105,-0.037463,-2.503186,0.978139,-1.608581,0.401606
4337.931339,sim,1.552357,-0.037443,-2.504216,0.978140,-1.607827,0.398150
4337.935457,sim,1.551611,-0.037465,-2.505242,0.978138,-1.607059,0.394683
4337.939374,sim,1.550848,-0.037441,-2.506270,0.978139,-1.606296,0.391237
4337.943349,sim,1.550095,-0.037476,-2.507284,0.978138,-1.605523,0.387803
4337.947291,sim,1.549329,-0.037440,-2.508298,0.978138,-1.604765,0.384416
4337.951388,sim,1.549337,-0.037467,-2.508294,0.978137,-1.604761,0.384411
4337.955651,sim,1.548578,-0.037439,-2.509291,0.978138,-1.604008,0.381083
4337.959436,sim,1.547843,-0.037472,-2.510259,0.978137,-1.603249,0.377812
4337.963366,sim,1.547101,-0.037442,-2.511219,0.978137,-1.602506,0.374621
4337.967397,sim,1.546383,-0.037469,-2.512154,0.978135,-1.601757,0.371480
4337.971518,sim,1.545659,-0.037438,-2.513081,0.978135,-1.601022,0.368408
4337.975663,sim,1.545665,-0.037464,-2.513078,0.978133,-1.601016,0.368402
4337.979437,sim,1.544941,-0.037443,-2.514000,0.978136,-1.600274,0.365345
4337.983445,sim,1.544220,-0.037475,-2.514923,0.978135,-1.599501,0.362253
4337.987495,sim,1.543478,-0.037442,-2.515862,0.978134,-1.598722,0.359157
4337.991490,sim,1.542745,-0.037474,-2.516796,0.978133,-1.597919,0.356038
4337.995503,sim,1.541993,-0.037442,-2.517743,0.978133,-1.597113,0.352925
4337.999435,sim,1.541253,-0.037476,-2.518680,0.978132,-1.596284,0.349799
4338.003566,sim,1.540499,-0.037446,-2.519626,0.978133,-1.595459,0.346692
4338.007539,sim,1.540506,-0.037473,-2.519622,0.978130,-1.595453,0.346685
4338.011418,sim,1.539743,-0.037443,-2.520580,0.978133,-1.594608,0.343548
4338.015602,sim,1.538976,-0.037478,-2.521555,0.978130,-1.593717,0.340333
4338.019570,sim,1.538179,-0.037443,-2.522560,0.978131,-1.592812,0.337077
4338.023516,sim,1.537384,-0.037470,-2.523576,0.978128,-1.591871,0.333764
4338.027498,sim,1.536565,-0.037441,-2.524615,0.978129,-1.590921,0.330429
4338.031492,sim,1.535752,-0.037476,-2.525657,0.978126,-1.589943,0.327057
4338.035567,sim,1.534922,-0.037462,-2.526713,0.978133,-1.588966,0.323687
4338.039475,sim,1.534926,-0.037479,-2.526711,0.978126,-1.588959,0.323678
4338.043525,sim,1.534089,-0.037456,-2.527782,0.978131,-1.587971,0.320293
4338.047503,sim,1.533252,-0.037472,-2.528867,0.978120,-1.586957,0.316871
4338.051507,sim,1.532398,-0.037451,-2.529968,0.978122,-1.585946,0.313457
4338.056476,sim,1.531549,-0.037459,-2.531076,0.978112,-1.584919,0.310032
4338.059453,sim,1.530691,-0.037443,-2.532191,0.978112,-1.583899,0.306632
4338.063515,sim,1.530697,-0.037477,-2.532186,0.978112,-1.583893,0.306625
4338.067620,sim,1.529836,-0.037462,-2.533308,0.978116,-1.582874,0.303239
4338.071573,sim,1.528978,-0.037471,-2.534439,0.978101,-1.581839,0.299841
4338.075735,sim,1.528114,-0.037473,-2.535577,0.978102,-1.580812,0.296470
4338.079546,sim,1.527254,-0.037485,-2.536720,0.978087,-1.579778,0.293106
4338.083590,sim,1.526391,-0.037468,-2.537867,0.978079,-1.578759,0.289781
4338.087606,sim,1.525539,-0.037472,-2.539012,0.978057,-1.577738,0.286478
4338.091557,sim,1.524688,-0.037473,-2.540152,0.978048,-1.576732,0.283228
4338.095844,sim,1.523852,-0.037491,-2.541283,0.978027,-1.575731,0.280013
4338.100339,sim,1.523849,-0.037482,-2.541284,0.978034,-1.575736,0.280020
4338.103680,sim,1.523026,-0.037490,-2.542406,0.978003,-1.574751,0.276874
4338.107566,sim,1.522215,-0.037490,-2.543514,0.977982,-1.573794,0.273827
4338.111560,sim,1.521424,-0.037501,-2.544611,0.977938,-1.572844,0.270844
4338.115733,sim,1.520643,-0.037503,-2.545695,0.977905,-1.571919,0.267949
4338.119595,sim,1.519881,-0.037523,-2.546767,0.977853,-1.570999,0.265107
4338.123543,sim,1.519125,-0.037522,-2.547832,0.977810,-1.570103,0.262343
4338.127719,sim,1.518386,-0.037541,-2.548888,0.977741,-1.569204,0.259616
4338.131649,sim,1.518383,-0.037526,-2.548889,0.977749,-1.569210,0.259625
4338.135741,sim,1.517643,-0.037540,-2.549954,0.977676,-1.568310,0.256925
4338.139559,sim,1.516887,-0.037549,-2.551043,0.977614,-1.567401,0.254235
4338.143545,sim,1.516126,-0.037564,-2.552156,0.977526,-1.566467,0.251534
4338.147604,sim,1.515353,-0.037559,-2.553287,0.977442,-1.565531,0.248855
4338.151597,sim,1.514582,-0.037580,-2.554429,0.977345,-1.564579,0.246181
4338.155714,sim,1.514579,-0.037559,-2.554432,0.977346,-1.564583,0.246186
4338.159644,sim,1.513801,-0.037594,-2.555591,0.977243,-1.563616,0.243523
4338.163694,sim,1.513004,-0.037598,-2.556776,0.977143,-1.562647,0.240882
4338.167756,sim,1.512202,-0.037611,-2.557984,0.977014,-1.561655,0.238242
4338.171665,sim,1.511391,-0.037610,-2.559205,0.976899,-1.560673,0.235645
4338.175762,sim,1.510577,-0.037625,-2.560440,0.976754,-1.559673,0.233061
4338.179669,sim,1.509759,-0.037625,-2.561680,0.976624,-1.558689,0.230534
4338.183710,sim,1.508945,-0.037637,-2.562923,0.976468,-1.557699,0.228039
4338.187628,sim,1.508943,-0.037635,-2.562923,0.976479,-1.557704,0.228046
4338.191664,sim,1.508121,-0.037647,-2.564180,0.976309,-1.556728,0.225606
4338.195781,sim,1.507278,-0.037654,-2.565464,0.976132,-1.555778,0.223237
4338.199620,sim,1.506424,-0.037671,-2.566771,0.975912,-1.554835,0.220910
4338.203635,sim,1.505554,-0.037664,-2.568098,0.975688,-1.553925,0.218658
4338.207633,sim,1.504678,-0.037681,-2.569439,0.975425,-1.553021,0.216446
4338.211746,sim,1.503794,-0.037690,-2.570789,0.975170,-1.552152,0.214310
4338.215873,sim,1.503796,-0.037696,-2.570788,0.975162,-1.552148,0.214304
4338.219650,sim,1.502906,-0.037703,-2.572145,0.974883,-1.551309,0.212231
4338.223624,sim,1.502016,-0.037716,-2.573506,0.974557,-1.550498,0.210213
4338.227678,sim,1.501124,-0.037730,-2.574862,0.974233,-1.549736,0.208283
4338.231749,sim,1.500235,-0.037740,-2.576215,0.973865,-1.549005,0.206410
4338.235731,sim,1.499351,-0.037756,-2.577556,0.973503,-1.548323,0.204623
4338.239688,sim,1.498476,-0.037778,-2.578886,0.973102,-1.547671,0.202893
4338.243762,sim,1.497607,-0.037771,-2.580200,0.972706,-1.547073,0.201254
4338.247741,sim,1.497611,-0.037783,-2.580198,0.972702,-1.547070,0.201248
4338.251619,sim,1.496750,-0.037792,-2.581497,0.972286,-1.546523,0.199679
4338.255793,sim,1.495895,-0.037814,-2.582793,0.971818,-1.546024,0.198165
4338.259670,sim,1.495039,-0.037812,-2.584084,0.971343,-1.545595,0.196734
4338.263736,sim,1.494193,-0.037835,-2.585364,0.970829,-1.545209,0.195352
4338.267661,sim,1.493346,-0.037839,-2.586637,0.970306,-1.544881,0.194042
4338.271636,sim,1.492510,-0.037853,-2.587901,0.969746,-1.544591,0.192775
4338.275949,sim,1.491678,-0.037861,-2.589152,0.969188,-1.544350,0.191573
4338.279741,sim,1.491680,-0.037868,-2.589151,0.969182,-1.544346,0.191568
4338.283686,sim,1.490844,-0.037864,-2.590409,0.968601,-1.544148,0.190411
4338.287683,sim,1.490000,-0.037876,-2.591686,0.967969,-1.543978,0.189273
4338.291786,sim,1.489140,-0.037883,-2.592979,0.967328,-1.543852,0.188180
4338.295899,sim,1.488275,-0.037901,-2.594286,0.966647,-1.543750,0.187107
4338.299708,sim,1.487399,-0.037884,-2.595605,0.965961,-1.543691,0.186082
4338.303713,sim,1.487402,-0.037897,-2.595605,0.965951,-1.543685,0.186073
4338.307823,sim,1.486514,-0.037889,-2.596940,0.965241,-1.543650,0.185074
4338.311722,sim,1.485618,-0.037909,-2.598292,0.964493,-1.543630,0.184085
4338.315841,sim,1.484705,-0.037895,-2.599663,0.963739,-1.543645,0.183137
4338.319715,sim,1.483791,-0.037905,-2.601040,0.962955,-1.543672,0.182203
4338.323829,sim,1.482867,-0.037891,-2.602423,0.962170,-1.543728,0.181310
4338.327827,sim,1.481951,-0.037919,-2.603796,0.961375,-1.543793,0.180436
4338.331846,sim,1.481030,-0.037912,-2.605165,0.960587,-1.543885,0.179608
4338.336010,sim,1.480125,-0.037926,-2.606518,0.959786,-1.543985,0.178800
4338.339835,sim,1.480122,-0.037905,-2.606520,0.959791,-1.543990,0.178808
4338.343856,sim,1.479232,-0.037919,-2.607842,0.959002,-1.544110,0.178046
4338.347771,sim,1.478359,-0.037915,-2.609122,0.958256,-1.544267,0.177355
4338.351750,sim,1.477511,-0.037932,-2.610361,0.957516,-1.544440,0.176700
4338.355913,sim,1.476677,-0.037916,-2.611566,0.956812,-1.544649,0.176108
4338.359738,sim,1.475864,-0.037931,-2.612735,0.956107,-1.544866,0.175542
4338.363669,sim,1.475064,-0.037916,-2.613876,0.955440,-1.545118,0.175034
4338.368269,sim,1.474282,-0.037933,-2.614985,0.954777,-1.545378,0.174546
4338.371794,sim,1.474280,-0.037917,-2.614986,0.954786,-1.545385,0.174554
4338.376077,sim,1.473499,-0.037923,-2.616087,0.954127,-1.545684,0.174093
4338.379787,sim,1.472705,-0.037923,-2.617189,0.953492,-1.546048,0.173664
4338.383764,sim,1.471906,-0.037922,-2.618294,0.952841,-1.546457,0.173243
4338.387885,sim,1.471101,-0.037920,-2.619395,0.952219,-1.546923,0.172853
4338.391844,sim,1.470296,-0.037941,-2.620489,0.951586,-1.547422,0.172465
4338.396020,sim,1.470293,-0.037928,-2.620490,0.951595,-1.547427,0.172473
4338.399819,sim,1.469485,-0.037935,-2.621585,0.950966,-1.547987,0.172102
4338.403868,sim,1.468662,-0.037923,-2.622685,0.950358,-1.548624,0.171759
4338.407762,sim,1.467841,-0.037936,-2.623779,0.949748,-1.549321,0.171418
4338.411780,sim,1.467011,-0.037915,-2.624874,0.949162,-1.550094,0.171107
4338.415983,sim,1.466186,-0.037934,-2.625958,0.948573,-1.550915,0.170794
4338.419936,sim,1.465356,-0.037921,-2.627035,0.948011,-1.551804,0.170511
4338.423870,sim,1.464536,-0.037926,-2.628100,0.947445,-1.552740,0.170231
4338.427747,sim,1.464535,-0.037931,-2.628098,0.947454,-1.552742,0.170234
4338.431843,sim,1.463714,-0.037928,-2.629150,0.946908,-1.553772,0.169976
4338.435961,sim,1.462891,-0.037915,-2.630189,0.946405,-1.554940,0.169755
4338.439843,sim,1.462070,-0.037927,-2.631210,0.945908,-1.556214,0.169543
4338.443770,sim,1.461246,-0.037928,-2.632217,0.945448,-1.557602,0.169364
4338.447788,sim,1.460427,-0.037925,-2.633209,0.944989,-1.559080,0.169197
4338.451829,sim,1.459610,-0.037920,-2.634184,0.944568,-1.560650,0.169060
4338.455872,sim,1.458803,-0.037927,-2.635138,0.944155,-1.562289,0.168931
4338.459744,sim,1.458802,-0.037931,-2.635137,0.944160,-1.562289,0.168932
4338.463867,sim,1.457993,-0.037933,-2.636074,0.943774,-1.564034,0.168824
4338.467882,sim,1.457179,-0.037928,-2.636993,0.943415,-1.565914,0.168734
4338.471859,sim,1.456366,-0.037928,-2.637893,0.943086,-1.567916,0.168658
4338.476038,sim,1.455550,-0.037931,-2.638773,0.942782,-1.570025,0.168595
4338.479865,sim,1.454736,-0.037920,-2.639634,0.942502,-1.572232,0.168548
4338.483850,sim,1.454738,-0.037933,-2.639631,0.942505,-1.572231,0.168546
4338.487847,sim,1.453917,-0.037927,-2.640475,0.942249,-1.574564,0.168507
4338.491878,sim,1.453089,-0.037913,-2.641307,0.942018,-1.577057,0.168476
4338.495990,sim,1.452253,-0.037917,-2.642120,0.941815,-1.579697,0.168451
4338.499792,sim,1.451411,-0.037907,-2.642919,0.941638,-1.582478,0.168435
4338.503851,sim,1.450564,-0.037916,-2.643699,0.941487,-1.585384,0.168424
4338.507852,sim,1.449717,-0.037926,-2.644461,0.941346,-1.588402,0.168410
4338.511806,sim,1.448868,-0.037911,-2.645208,0.941239,-1.591538,0.168415
4338.515945,sim,1.448024,-0.037920,-2.645932,0.941136,-1.594759,0.168408
4338.519795,sim,1.448022,-0.037919,-2.645932,0.941145,-1.594762,0.168413
4338.523785,sim,1.447187,-0.037921,-2.646627,0.941055,-1.598093,0.168409
4338.527826,sim,1.446363,-0.037916,-2.647286,0.941000,-1.601552,0.168417
4338.531880,sim,1.445557,-0.037927,-2.647907,0.940940,-1.605104,0.168411
4338.535954,sim,1.444764,-0.037919,-2.648496,0.940912,-1.608757,0.168420
4338.539817,sim,1.443990,-0.037921,-2.649051,0.940876,-1.612476,0.168416
4338.543906,sim,1.443228,-0.037910,-2.649578,0.940866,-1.616265,0.168426
4338.548065,sim,1.443230,-0.037916,-2.649577,0.940859,-1.616261,0.168420
4338.551923,sim,1.442479,-0.037897,-2.650078,0.940852,-1.620125,0.168429
4338.555890,sim,1.441745,-0.037927,-2.650543,0.940844,-1.624076,0.168423
4338.559858,sim,1.441010,-0.037902,-2.650991,0.940842,-1.628133,0.168432
4338.563924,sim,1.440294,-0.037921,-2.651407,0.940842,-1.632269,0.168428
4338.567919,sim,1.439577,-0.037914,-2.651804,0.940850,-1.636494,0.168436
4338.571891,sim,1.438873,-0.037916,-2.652178,0.940845,-1.640787,0.168431
4338.576324,sim,1.438175,-0.037920,-2.652531,0.940858,-1.645156,0.168434
4338.579995,sim,1.438175,-0.037928,-2.652529,0.940860,-1.645155,0.168434
4338.583916,sim,1.437474,-0.037911,-2.652863,0.940858,-1.649662,0.168434
4338.587879,sim,1.436771,-0.037913,-2.653170,0.940867,-1.654363,0.168436
4338.591870,sim,1.436061,-0.037913,-2.653455,0.940872,-1.659228,0.168436
4338.595989,sim,1.435349,-0.037919,-2.653717,0.940879,-1.664233,0.168437
4338.599975,sim,1.434637,-0.037908,-2.653960,0.940882,-1.669354,0.168439
4338.603864,sim,1.433930,-0.037929,-2.654179,0.940890,-1.674558,0.168436
4338.607934,sim,1.433926,-0.037905,-2.654183,0.940885,-1.674561,0.168440
4338.611916,sim,1.433226,-0.037908,-2.654384,0.940886,-1.679818,0.168438
4338.615974,sim,1.432531,-0.037909,-2.654563,0.940895,-1.685101,0.168442
4338.619871,sim,1.431850,-0.037909,-2.654721,0.940892,-1.690393,0.168439
4338.623921,sim,1.431176,-0.037910,-2.654860,0.940903,-1.695695,0.168445
4338.627921,sim,1.430516,-0.037917,-2.654978,0.940896,-1.700979,0.168436
4338.631928,sim,1.429864,-0.037914,-2.655081,0.940907,-1.706257,0.168445
4338.635897,sim,1.429229,-0.037926,-2.655165,0.940897,-1.711495,0.168433
4338.639934,sim,1.429226,-0.037914,-2.655167,0.940908,-1.711503,0.168446
4338.644139,sim,1.428591,-0.037910,-2.655236,0.940897,-1.716842,0.168437
4338.647992,sim,1.427940,-0.037900,-2.655292,0.940903,-1.722400,0.168444
4338.651851,sim,1.427287,-0.037922,-2.655326,0.940902,-1.728129,0.168437
4338.656024,sim,1.426616,-0.037899,-2.655356,0.940904,-1.734025,0.168445
4338.659883,sim,1.425953,-0.037918,-2.655366,0.940902,-1.740036,0.168437
4338.663941,sim,1.425276,-0.037901,-2.655373,0.940907,-1.746159,0.168447
4338.667911,sim,1.425282,-0.037925,-2.655368,0.940904,-1.746151,0.168437
4338.671937,sim,1.424610,-0.037923,-2.655364,0.940914,-1.752311,0.168446
4338.676234,sim,1.423953,-0.037913,-2.655356,0.940900,-1.758449,0.168437
4338.679966,sim,1.423300,-0.037891,-2.655346,0.940906,-1.764573,0.168448
4338.683918,sim,1.422667,-0.037926,-2.655321,0.940904,-1.770633,0.168436
4338.687881,sim,1.422032,-0.037907,-2.655304,0.940908,-1.776652,0.168446
4338.691970,sim,1.421424,-0.037916,-2.655278,0.940903,-1.782585,0.168438
4338.696035,sim,1.421419,-0.037916,-2.655279,0.940914,-1.782591,0.168449
4338.699927,sim,1.420821,-0.037923,-2.655252,0.940900,-1.788447,0.168434
4338.703913,sim,1.420225,-0.037915,-2.655231,0.940915,-1.794259,0.168451
4338.707995,sim,1.419648,-0.037918,-2.655206,0.940900,-1.799988,0.168435
4338.712012,sim,1.419073,-0.037909,-2.655186,0.940914,-1.805669,0.168452
4338.715973,sim,1.418518,-0.037917,-2.655162,0.940902,-1.811263,0.168438
4338.719899,sim,1.417962,-0.037902,-2.655145,0.940909,-1.816804,0.168450
4338.723959,sim,1.417428,-0.037921,-2.655121,0.940904,-1.822256,0.168437
4338.727928,sim,1.417420,-0.037892,-2.655127,0.940909,-1.822266,0.168453
4338.731997,sim,1.416890,-0.037926,-2.655101,0.940905,-1.827725,0.168436
4338.736078,sim,1.416336,-0.037900,-2.655089,0.940912,-1.833284,0.168453
4338.739913,sim,1.415798,-0.037929,-2.655066,0.940905,-1.838880,0.168435
4338.743990,sim,1.415238,-0.037911,-2.655054,0.940918,-1.844539,0.168455
4338.747942,sim,1.414697,-0.037919,-2.655035,0.940904,-1.850198,0.168436
4338.752008,sim,1.414142,-0.037910,-2.655022,0.940921,-1.855880,0.168456
4338.756083,sim,1.414148,-0.037917,-2.655020,0.940905,-1.855869,0.168437
4338.759966,sim,1.413600,-0.037893,-2.655011,0.940911,-1.861505,0.168450
4338.763962,sim,1.413077,-0.037923,-2.654990,0.940915,-1.867046,0.168443
4338.767958,sim,1.412549,-0.037885,-2.654983,0.940916,-1.872520,0.168455
4338.772046,sim,1.412053,-0.037920,-2.654961,0.940914,-1.877883,0.168440
4338.776199,sim,1.411547,-0.037898,-2.654953,0.940921,-1.883171,0.168454
4338.779932,sim,1.411073,-0.037915,-2.654935,0.940917,-1.888342,0.168441
4338.783952,sim,1.410596,-0.037898,-2.654926,0.940925,-1.893424,0.168454
4338.787942,sim,1.410605,-0.037920,-2.654921,0.940920,-1.893415,0.168440
4338.791972,sim,1.410136,-0.037897,-2.654913,0.940927,-1.898463,0.168455
4338.796015,sim,1.409688,-0.037909,-2.654893,0.940923,-1.903524,0.168443
4338.799963,sim,1.409230,-0.037892,-2.654879,0.940931,-1.908619,0.168455
4338.804022,sim,1.408793,-0.037912,-2.654854,0.940928,-1.913704,0.168443
4338.807969,sim,1.408346,-0.037896,-2.654836,0.940936,-1.918801,0.168454
4338.811946,sim,1.407922,-0.037918,-2.654808,0.940933,-1.923865,0.168441
4338.816225,sim,1.407912,-0.037894,-2.654813,0.940940,-1.923875,0.168457
4338.820096,sim,1.407497,-0.037916,-2.654782,0.940936,-1.928898,0.168442
4338.823946,sim,1.407073,-0.037891,-2.654757,0.940944,-1.933879,0.168457
4338.827984,sim,1.406677,-0.037915,-2.654718,0.940941,-1.938774,0.168442
4338.831958,sim,1.406272,-0.037891,-2.654686,0.940950,-1.943619,0.168458
4338.836156,sim,1.405898,-0.037919,-2.654638,0.940943,-1.948366,0.168437
4338.839999,sim,1.405510,-0.037898,-2.654598,0.940963,-1.953063,0.168466
4338.843960,sim,1.405157,-0.037907,-2.654545,0.940944,-1.957645,0.168435
4338.848127,sim,1.405148,-0.037903,-2.654548,0.940965,-1.957659,0.168463
4338.852115,sim,1.404800,-0.037903,-2.654490,0.940947,-1.962191,0.168437
4338.856156,sim,1.404441,-0.037902,-2.654425,0.940972,-1.966729,0.168465
4338.859955,sim,1.404103,-0.037898,-2.654347,0.940956,-1.971216,0.168441
4338.864262,sim,1.403759,-0.037901,-2.654262,0.940978,-1.975697,0.168463
4338.868080,sim,1.403432,-0.037897,-2.654167,0.940964,-1.980122,0.168441
4338.872268,sim,1.403098,-0.037892,-2.654068,0.940988,-1.984535,0.168468
4338.876151,sim,1.402786,-0.037902,-2.653955,0.940974,-1.988878,0.168441
4338.880022,sim,1.402778,-0.037894,-2.653959,0.940989,-1.988890,0.168463
4338.884140,sim,1.402469,-0.037900,-2.653835,0.940980,-1.993245,0.168442
4338.887996,sim,1.402147,-0.037891,-2.653702,0.941002,-1.997679,0.168464
4338.892053,sim,1.401847,-0.037899,-2.653546,0.940990,-2.002128,0.168435
4338.896109,sim,1.401529,-0.037884,-2.653385,0.941020,-2.006642,0.168468
4338.900286,sim,1.401237,-0.037887,-2.653203,0.941008,-2.011141,0.168438
4338.904242,sim,1.401225,-0.037871,-2.653209,0.941031,-2.011161,0.168474
4338.908066,sim,1.400939,-0.037881,-2.653010,0.941021,-2.015692,0.168440
4338.912046,sim,1.400637,-0.037862,-2.652804,0.941049,-2.020301,0.168468
4338.916134,sim,1.400363,-0.037866,-2.652573,0.941045,-2.024905,0.168442
4338.920077,sim,1.400077,-0.037847,-2.652337,0.941075,-2.029544,0.168470
4338.923951,sim,1.399819,-0.037843,-2.652079,0.941070,-2.034141,0.168444
4338.927944,sim,1.399552,-0.037824,-2.651819,0.941102,-2.038733,0.168472
4338.932085,sim,1.399319,-0.037829,-2.651537,0.941093,-2.043238,0.168437
4338.936129,sim,1.399071,-0.037809,-2.651259,0.941132,-2.047709,0.168475
4338.940046,sim,1.399083,-0.037808,-2.651256,0.941107,-2.047692,0.168441
4338.944011,sim,1.398855,-0.037795,-2.650964,0.941148,-2.052035,0.168480
4338.948051,sim,1.398673,-0.037794,-2.650650,0.941131,-2.056171,0.168441
4338.952075,sim,1.398485,-0.037768,-2.650333,0.941169,-2.060199,0.168485
4338.956078,sim,1.398345,-0.037775,-2.649991,0.941150,-2.064041,0.168443
4338.960027,sim,1.398191,-0.037752,-2.649649,0.941186,-2.067799,0.168489
4338.964075,sim,1.398084,-0.037755,-2.649283,0.941166,-2.071395,0.168450
4338.968078,sim,1.397961,-0.037738,-2.648918,0.941200,-2.074931,0.168495
4338.972020,sim,1.397975,-0.037752,-2.648912,0.941175,-2.074910,0.168456
4338.976209,sim,1.397866,-0.037730,-2.648527,0.941201,-2.078398,0.168494
4338.979987,sim,1.397794,-0.037737,-2.648096,0.941182,-2.081851,0.168463
4338.984055,sim,1.397709,-0.037722,-2.647647,0.941204,-2.085335,0.168500
4338.987933,sim,1.397655,-0.037721,-2.647163,0.941185,-2.088779,0.168478
4338.992149,sim,1.397586,-0.037717,-2.646661,0.941217,-2.092242,0.168529
4338.996311,sim,1.397599,-0.037723,-2.646657,0.941188,-2.092221,0.168487
4339.000046,sim,1.397538,-0.037709,-2.646128,0.941218,-2.095691,0.168542
4339.004076,sim,1.397513,-0.037716,-2.645551,0.941189,-2.099137,0.168512
4339.008044,sim,1.397464,-0.037705,-2.644951,0.941220,-2.102643,0.168575
4339.012056,sim,1.397453,-0.037717,-2.644307,0.941190,-2.106107,0.168549
4339.016144,sim,1.397416,-0.037704,-2.643646,0.941217,-2.109613,0.168615
4339.019990,sim,1.397412,-0.037704,-2.642951,0.941190,-2.113066,0.168604
4339.024176,sim,1.397385,-0.037703,-2.642236,0.941222,-2.116539,0.168679
4339.028095,sim,1.397400,-0.037710,-2.642231,0.941189,-2.116515,0.168631
4339.032058,sim,1.397374,-0.037697,-2.641494,0.941222,-2.119950,0.168718
4339.036090,sim,1.397385,-0.037708,-2.640714,0.941187,-2.123270,0.168708
4339.039977,sim,1.397361,-0.037696,-2.639924,0.941222,-2.126576,0.168812
4339.044072,sim,1.397376,-0.037710,-2.639101,0.941189,-2.129756,0.168817
4339.048082,sim,1.397356,-0.037695,-2.638277,0.941221,-2.132911,0.168930
4339.052015,sim,1.397373,-0.037702,-2.637431,0.941187,-2.135932,0.168948
4339.056236,sim,1.397357,-0.037694,-2.636590,0.941220,-2.138913,0.169069
4339.060055,sim,1.397375,-0.037704,-2.636584,0.941185,-2.138887,0.169017
4339.064076,sim,1.397358,-0.037692,-2.635732,0.941218,-2.141788,0.169149
4339.068069,sim,1.397376,-0.037702,-2.634848,0.941187,-2.144571,0.169198
4339.072065,sim,1.397360,-0.037690,-2.633957,0.941217,-2.147333,0.169355
4339.076314,sim,1.397378,-0.037701,-2.633039,0.941187,-2.149983,0.169430
4339.080245,sim,1.397360,-0.037687,-2.632119,0.941219,-2.152619,0.169615
4339.084057,sim,1.397381,-0.037698,-2.631176,0.941184,-2.155142,0.169706
4339.088063,sim,1.397363,-0.037686,-2.631182,0.941216,-2.155167,0.169756
4339.092074,sim,1.397381,-0.037695,-2.630223,0.941184,-2.157646,0.169868
4339.096126,sim,1.397362,-0.037685,-2.629253,0.941219,-2.160145,0.170102
4339.099995,sim,1.397382,-0.037696,-2.628249,0.941182,-2.162561,0.170245
4339.104007,sim,1.397365,-0.037683,-2.627238,0.941214,-2.165003,0.170513
4339.108088,sim,1.397383,-0.037691,-2.626196,0.941181,-2.167370,0.170698
4339.112076,sim,1.397363,-0.037682,-2.625147,0.941217,-2.169767,0.171008
4339.116153,sim,1.397382,-0.037692,-2.624070,0.941182,-2.172090,0.171225
4339.120095,sim,1.397364,-0.037685,-2.624075,0.941216,-2.172116,0.171277
4339.124106,sim,1.397384,-0.037693,-2.622958,0.941178,-2.174452,0.171531
4339.128145,sim,1.397363,-0.037683,-2.621796,0.941216,-2.176886,0.171961
4339.132121,sim,1.397383,-0.037690,-2.620570,0.941179,-2.179298,0.172330
4339.136224,sim,1.397365,-0.037683,-2.619309,0.941214,-2.181789,0.172861
4339.140062,sim,1.397384,-0.037693,-2.617998,0.941177,-2.184244,0.173328
4339.144476,sim,1.397364,-0.037684,-2.618005,0.941215,-2.184273,0.173386
4339.148071,sim,1.397384,-0.037691,-2.616655,0.941176,-2.186745,0.173903
4339.152062,sim,1.397362,-0.037681,-2.615283,0.941217,-2.189292,0.174602
4339.156146,sim,1.397386,-0.037690,-2.613868,0.941172,-2.191780,0.175218
4339.160056,sim,1.397365,-0.037684,-2.612448,0.941211,-2.194320,0.176007
4339.164055,sim,1.397384,-0.037692,-2.611007,0.941176,-2.196785,0.176720
4339.168030,sim,1.397364,-0.037681,-2.609577,0.941212,-2.199271,0.177574
4339.172118,sim,1.397385,-0.037694,-2.608144,0.941174,-2.201658,0.178339
4339.176413,sim,1.397362,-0.037681,-2.608151,0.941214,-2.201688,0.178401
4339.180076,sim,1.397386,-0.037691,-2.606726,0.941170,-2.204031,0.179194
4339.184063,sim,1.397366,-0.037683,-2.605320,0.941208,-2.206404,0.180162
4339.188125,sim,1.397385,-0.037691,-2.603910,0.941172,-2.208695,0.181063
4339.192166,sim,1.397363,-0.037682,-2.602519,0.941211,-2.211012,0.182118
4339.196142,sim,1.397386,-0.037687,-2.601126,0.941168,-2.213242,0.183085
4339.200096,sim,1.397364,-0.037681,-2.599754,0.941210,-2.215504,0.184211
4339.204250,sim,1.397384,-0.037691,-2.598383,0.941173,-2.217680,0.185241
4339.208151,sim,1.397365,-0.037682,-2.597036,0.941207,-2.219883,0.186404
4339.212157,sim,1.397386,-0.037687,-2.597030,0.941168,-2.219854,0.186343
4339.216232,sim,1.397363,-0.037680,-2.595687,0.941210,-2.222056,0.187545
4339.220222,sim,1.397386,-0.037685,-2.594324,0.941166,-2.224213,0.188651
4339.224148,sim,1.397365,-0.037680,-2.592964,0.941206,-2.226447,0.189918
4339.228087,sim,1.397384,-0.037687,-2.591586,0.941169,-2.228642,0.191098
4339.232224,sim,1.397361,-0.037678,-2.590211,0.941210,-2.230911,0.192429
4339.236389,sim,1.397387,-0.037686,-2.590204,0.941164,-2.230878,0.192357
4339.240199,sim,1.397365,-0.037679,-2.588798,0.941203,-2.233205,0.193734
4339.244079,sim,1.397384,-0.037686,-2.587334,0.941165,-2.235568,0.195059
4339.248215,sim,1.397362,-0.037679,-2.585841,0.941205,-2.238067,0.196561
4339.252239,sim,1.397386,-0.037683,-2.584307,0.941159,-2.240571,0.197978
4339.256310,sim,1.397362,-0.037678,-2.582762,0.941202,-2.243190,0.199571
4339.260165,sim,1.397385,-0.037686,-2.581192,0.941158,-2.245784,0.201058
4339.264184,sim,1.397360,-0.037679,-2.579630,0.941203,-2.248469,0.202704
4339.268201,sim,1.397386,-0.037686,-2.579624,0.941155,-2.248434,0.202629
4339.272205,sim,1.397362,-0.037679,-2.578058,0.941198,-2.251151,0.204300
4339.276191,sim,1.397385,-0.037685,-2.576475,0.941154,-2.253847,0.205871
4339.280189,sim,1.397362,-0.037678,-2.574902,0.941194,-2.256640,0.207606
4339.284246,sim,1.397385,-0.037685,-2.573319,0.941151,-2.259394,0.209235
4339.288158,sim,1.397359,-0.037678,-2.571754,0.941197,-2.262228,0.211021
4339.292059,sim,1.397387,-0.037681,-2.570187,0.941145,-2.264996,0.212667
4339.296319,sim,1.397361,-0.037680,-2.570192,0.941194,-2.265031,0.212743
4339.300179,sim,1.397386,-0.037682,-2.568639,0.941146,-2.267793,0.214403
4339.304160,sim,1.397359,-0.037679,-2.567109,0.941195,-2.270613,0.216225
4339.308153,sim,1.397387,-0.037681,-2.565577,0.941142,-2.273347,0.217897
4339.312208,sim,1.397360,-0.037678,-2.564067,0.941193,-2.276146,0.219744
4339.316295,sim,1.397388,-0.037680,-2.562552,0.941139,-2.278860,0.221436
4339.320170,sim,1.397362,-0.037679,-2.561054,0.941187,-2.281639,0.223303
4339.324130,sim,1.397387,-0.037680,-2.559551,0.941137,-2.284341,0.225027
4339.328261,sim,1.397362,-0.037678,-2.559555,0.941186,-2.284376,0.225103
4339.332193,sim,1.397387,-0.037679,-2.558037,0.941134,-2.287101,0.226868
4339.336261,sim,1.397363,-0.037678,-2.556499,0.941176,-2.289941,0.228849
4339.340157,sim,1.397387,-0.037682,-2.554929,0.941119,-2.292746,0.230732
4339.344160,sim,1.397361,-0.037676,-2.553354,0.941155,-2.295644,0.232810
4339.348228,sim,1.397390,-0.037677,-2.551758,0.941086,-2.298481,0.234758
4339.352239,sim,1.397363,-0.037677,-2.550170,0.941119,-2.301393,0.236897
4339.356143,sim,1.397389,-0.037678,-2.548577,0.941049,-2.304224,0.238889
4339.360143,sim,1.397363,-0.037678,-2.548581,0.941099,-2.304259,0.238968
4339.364132,sim,1.397388,-0.037681,-2.546992,0.941028,-2.307079,0.240982
4339.368178,sim,1.397364,-0.037677,-2.545415,0.941050,-2.309959,0.243176
4339.372078,sim,1.397390,-0.037677,-2.543835,0.940976,-2.312756,0.245241
4339.376349,sim,1.397364,-0.037678,-2.542272,0.941000,-2.315607,0.247482
4339.380195,sim,1.397389,-0.037683,-2.540712,0.940926,-2.318365,0.249578
4339.384144,sim,1.397364,-0.037678,-2.539174,0.940944,-2.321163,0.251830
4339.388105,sim,1.397390,-0.037678,-2.539170,0.940895,-2.321129,0.251751
4339.392156,sim,1.397364,-0.037676,-2.537646,0.940918,-2.323897,0.254014
4339.396215,sim,1.397391,-0.037676,-2.536127,0.940843,-2.326562,0.256124
4339.400138,sim,1.397365,-0.037677,-2.534625,0.940871,-2.329267,0.258404
4339.404157,sim,1.397391,-0.037680,-2.533126,0.940802,-2.331870,0.260527
4339.408124,sim,1.397364,-0.037676,-2.531645,0.940833,-2.334516,0.262820
4339.412199,sim,1.397396,-0.037675,-2.530163,0.940760,-2.337058,0.264944
4339.416228,sim,1.397369,-0.037677,-2.528695,0.940798,-2.339652,0.267252
4339.420119,sim,1.397395,-0.037676,-2.528692,0.940746,-2.339615,0.267167
4339.424137,sim,1.397368,-0.037677,-2.527214,0.940788,-2.342204,0.269513
4339.428241,sim,1.397402,-0.037675,-2.525704,0.940719,-2.344723,0.271730
4339.432183,sim,1.397377,-0.037676,-2.524186,0.940763,-2.347324,0.274178
4339.436191,sim,1.397408,-0.037675,-2.522650,0.940703,-2.349842,0.276487
4339.440167,sim,1.397384,-0.037676,-2.521117,0.940753,-2.352422,0.278997
4339.444207,sim,1.397420,-0.037677,-2.519577,0.940692,-2.354898,0.281335
4339.448186,sim,1.397393,-0.037675,-2.519581,0.940742,-2.354935,0.281420
4339.452141,sim,1.397425,-0.037677,-2.518053,0.940691,-2.357382,0.283775
4339.456308,sim,1.397403,-0.037674,-2.516545,0.940739,-2.359865,0.286301
4339.460141,sim,1.397441,-0.037674,-2.515043,0.940683,-2.362233,0.288650
4339.464326,sim,1.397421,-0.037670,-2.513564,0.940731,-2.364641,0.291174
4339.468100,sim,1.397456,-0.037667,-2.512094,0.940680,-2.366937,0.293524
4339.472160,sim,1.397426,-0.037670,-2.512097,0.940736,-2.366978,0.293618
4339.476462,sim,1.397465,-0.037664,-2.510621,0.940676,-2.369263,0.295990
4339.480230,sim,1.397442,-0.037662,-2.509129,0.940735,-2.371653,0.298628
4339.484174,sim,1.397481,-0.037657,-2.507611,0.940678,-2.373971,0.301128
4339.488123,sim,1.397459,-0.037648,-2.506088,0.940732,-2.376374,0.303864
4339.492190,sim,1.397498,-0.037638,-2.504550,0.940675,-2.378692,0.306442
4339.496212,sim,1.397474,-0.037632,-2.503015,0.940735,-2.381082,0.309243
4339.500152,sim,1.397513,-0.037619,-2.501476,0.940676,-2.383367,0.311854
4339.504183,sim,1.397489,-0.037611,-2.499951,0.940735,-2.385710,0.314669
4339.508267,sim,1.397520,-0.037608,-2.499947,0.940676,-2.385667,0.314568
4339.512156,sim,1.397495,-0.037599,-2.498442,0.940736,-2.387956,0.317363
4339.516238,sim,1.397532,-0.037585,-2.496959,0.940677,-2.390083,0.319921
4339.520138,sim,1.397505,-0.037577,-2.495511,0.940737,-2.392223,0.322647
4339.524214,sim,1.397541,-0.037563,-2.494086,0.940678,-2.394206,0.325132
4339.528168,sim,1.397512,-0.037556,-2.492696,0.940737,-2.396208,0.327785
4339.532187,sim,1.397547,-0.037542,-2.491329,0.940678,-2.398058,0.330192
4339.536371,sim,1.397515,-0.037546,-2.491332,0.940737,-2.398101,0.330295
4339.540191,sim,1.397549,-0.037537,-2.489985,0.940681,-2.399899,0.332685
4339.544215,sim,1.397520,-0.037527,-2.488655,0.940736,-2.401738,0.335266
4339.548217,sim,1.397553,-0.037516,-2.487330,0.940678,-2.403454,0.337645
4339.553117,sim,1.397523,-0.037513,-2.486021,0.940738,-2.405217,0.340222
4339.556260,sim,1.397555,-0.037507,-2.484718,0.940681,-2.406856,0.342588
4339.560173,sim,1.397525,-0.037499,-2.483432,0.940736,-2.408543,0.345143
4339.564187,sim,1.397558,-0.037491,-2.482152,0.940679,-2.410112,0.347490
4339.568188,sim,1.397526,-0.037495,-2.482154,0.940738,-2.410155,0.347594
4339.572340,sim,1.397559,-0.037487,-2.480864,0.940679,-2.411700,0.349972
4339.576437,sim,1.397530,-0.037483,-2.479554,0.940730,-2.413309,0.352616
4339.580178,sim,1.397558,-0.037479,-2.478213,0.940684,-2.414827,0.355151
4339.584197,sim,1.397528,-0.037479,-2.476863,0.940739,-2.416397,0.357910
4339.588257,sim,1.397561,-0.037470,-2.475497,0.940680,-2.417857,0.360504
4339.592216,sim,1.397532,-0.037467,-2.474131,0.940731,-2.419368,0.363317
4339.596226,sim,1.397556,-0.037472,-2.474126,0.940690,-2.419337,0.363247
4339.600482,sim,1.397531,-0.037467,-2.472766,0.940735,-2.420794,0.366051
4339.604284,sim,1.397562,-0.037459,-2.471419,0.940680,-2.422109,0.368656
4339.608246,sim,1.397533,-0.037458,-2.470096,0.940730,-2.423433,0.371426
4339.612176,sim,1.397559,-0.037450,-2.468786,0.940683,-2.424618,0.374000
4339.616276,sim,1.397531,-0.037459,-2.467500,0.940739,-2.425808,0.376725
4339.620245,sim,1.397562,-0.037452,-2.466235,0.940680,-2.426847,0.379209
4339.624298,sim,1.397533,-0.037449,-2.464998,0.940731,-2.427900,0.381858
4339.628158,sim,1.397560,-0.037451,-2.464993,0.940687,-2.427865,0.381779
4339.632236,sim,1.397531,-0.037451,-2.463764,0.940736,-2.428833,0.384431
4339.636375,sim,1.397561,-0.037450,-2.462518,0.940684,-2.429625,0.386950
4339.640260,sim,1.397531,-0.037447,-2.461277,0.940733,-2.430402,0.389688
4339.644127,sim,1.397562,-0.037444,-2.460025,0.940681,-2.431014,0.392274
4339.648209,sim,1.397531,-0.037446,-2.458783,0.940732,-2.431625,0.395068
4339.652269,sim,1.397561,-0.037447,-2.457537,0.940681,-2.432079,0.397689
4339.656346,sim,1.397531,-0.037444,-2.457541,0.940729,-2.432118,0.397778
4339.660161,sim,1.397561,-0.037442,-2.456310,0.940677,-2.432503,0.400393
4339.664216,sim,1.397530,-0.037445,-2.455106,0.940730,-2.432903,0.403178
4339.668211,sim,1.397562,-0.037442,-2.453920,0.940671,-2.433158,0.405741
4339.672247,sim,1.397533,-0.037442,-2.452761,0.940720,-2.433439,0.408477
4339.676341,sim,1.397559,-0.037447,-2.451617,0.940676,-2.433597,0.411022
4339.680166,sim,1.397529,-0.037445,-2.450504,0.940724,-2.433782,0.413708
4339.684283,sim,1.397561,-0.037442,-2.449412,0.940666,-2.433846,0.416169
4339.688292,sim,1.397532,-0.037443,-2.448349,0.940714,-2.433955,0.418793
4339.692143,sim,1.397554,-0.037440,-2.448346,0.940673,-2.433924,0.418720
4339.696351,sim,1.397534,-0.037449,-2.447302,0.940712,-2.433991,0.421316
4339.700225,sim,1.397558,-0.037448,-2.446271,0.940667,-2.433961,0.423774
4339.704235,sim,1.397528,-0.037446,-2.445262,0.940715,-2.433974,0.426410
4339.708233,sim,1.397560,-0.037443,-2.444265,0.940659,-2.433876,0.428857
4339.712331,sim,1.397531,-0.037444,-2.443288,0.940706,-2.433833,0.431499
4339.716320,sim,1.397555,-0.037449,-2.443283,0.940668,-2.433802,0.431430
4339.720176,sim,1.397532,-0.037443,-2.442311,0.940701,-2.433720,0.434079
4339.724184,sim,1.397557,-0.037435,-2.441327,0.940656,-2.433545,0.436647
4339.728192,sim,1.397528,-0.037451,-2.440343,0.940712,-2.433412,0.439439
4339.732216,sim,1.397559,-0.037447,-2.439361,0.940653,-2.433164,0.442055
4339.736337,sim,1.397531,-0.037445,-2.438389,0.940700,-2.432971,0.444886
4339.740181,sim,1.397556,-0.037450,-2.437417,0.940657,-2.432679,0.447563
4339.744223,sim,1.397530,-0.037444,-2.436466,0.940697,-2.432429,0.450386
4339.748289,sim,1.397554,-0.037449,-2.436462,0.940660,-2.432400,0.450320
4339.752234,sim,1.397531,-0.037443,-2.435527,0.940693,-2.432098,0.453124
4339.756319,sim,1.397552,-0.037454,-2.434601,0.940662,-2.431676,0.455806
4339.760216,sim,1.397531,-0.037441,-2.433703,0.940688,-2.431241,0.458584
4339.764283,sim,1.397555,-0.037448,-2.432813,0.940654,-2.430696,0.461237
4339.768287,sim,1.397525,-0.037446,-2.431949,0.940698,-2.430160,0.464018
4339.772242,sim,1.397555,-0.037449,-2.431099,0.940647,-2.429499,0.466599
4339.776694,sim,1.397526,-0.037444,-2.430273,0.940689,-2.428868,0.469332
4339.780278,sim,1.397548,-0.037445,-2.430270,0.940653,-2.428839,0.469267
4339.784292,sim,1.397528,-0.037450,-2.429458,0.940688,-2.428121,0.471973
4339.788254,sim,1.397549,-0.037455,-2.428656,0.940651,-2.427233,0.474554
4339.792199,sim,1.397523,-0.037444,-2.427879,0.940685,-2.426303,0.477265
4339.796303,sim,1.397543,-0.037457,-2.427107,0.940654,-2.425222,0.479849
4339.800188,sim,1.397521,-0.037445,-2.426361,0.940680,-2.424104,0.482525
4339.804625,sim,1.397544,-0.037447,-2.426358,0.940646,-2.424077,0.482464
4339.808244,sim,1.397519,-0.037449,-2.425625,0.940684,-2.422861,0.485159
4339.812220,sim,1.397541,-0.037460,-2.424898,0.940648,-2.421460,0.487727
4339.816286,sim,1.397514,-0.037448,-2.424196,0.940680,-2.420004,0.490420
4339.820109,sim,1.397537,-0.037459,-2.423499,0.940647,-2.418385,0.492984
4339.824359,sim,1.397511,-0.037449,-2.422828,0.940679,-2.416727,0.495655
4339.828256,sim,1.397534,-0.037460,-2.422165,0.940646,-2.414925,0.498183
4339.832191,sim,1.397508,-0.037449,-2.421531,0.940678,-2.413104,0.500802
4339.836191,sim,1.397532,-0.037461,-2.421525,0.940645,-2.413075,0.500743
4339.840190,sim,1.397506,-0.037450,-2.420912,0.940677,-2.411125,0.503344
4339.844315,sim,1.397529,-0.037462,-2.420309,0.940645,-2.408944,0.505822
4339.848179,sim,1.397504,-0.037450,-2.419739,0.940676,-2.406660,0.508411
4339.852183,sim,1.397524,-0.037463,-2.419178,0.940648,-2.404180,0.510879
4339.856309,sim,1.397503,-0.037450,-2.418647,0.940673,-2.401620,0.513431
4339.860153,sim,1.397525,-0.037463,-2.418124,0.940644,-2.398898,0.515866
4339.864246,sim,1.397500,-0.037451,-2.417631,0.940675,-2.396135,0.518389
4339.868147,sim,1.397518,-0.037463,-2.417146,0.940650,-2.393239,0.520786
4339.872215,sim,1.397505,-0.037450,-2.417150,0.940666,-2.393255,0.520815
4339.876474,sim,1.397517,-0.037464,-2.416691,0.940652,-2.390307,0.523182
4339.880293,sim,1.397503,-0.037451,-2.416273,0.940666,-2.387340,0.525530
4339.884252,sim,1.397518,-0.037463,-2.415876,0.940649,-2.384298,0.527755
4339.888227,sim,1.397499,-0.037451,-2.415518,0.940673,-2.381257,0.529990
4339.892262,sim,1.397520,-0.037464,-2.415176,0.940645,-2.378134,0.532074
4339.896362,sim,1.397497,-0.037451,-2.415182,0.940675,-2.378162,0.532127
4339.900234,sim,1.397520,-0.037464,-2.414864,0.940645,-2.374961,0.534171
4339.904185,sim,1.397497,-0.037450,-2.414581,0.940675,-2.371701,0.536302
4339.908283,sim,1.397517,-0.037464,-2.414307,0.940650,-2.368288,0.538311
4339.912205,sim,1.397500,-0.037451,-2.414066,0.940671,-2.364832,0.540376
4339.916310,sim,1.397514,-0.037463,-2.413835,0.940655,-2.361266,0.542345
4339.920245,sim,1.397501,-0.037454,-2.413633,0.940671,-2.357670,0.544334
4339.924364,sim,1.397514,-0.037462,-2.413441,0.940655,-2.353995,0.546229
4339.928273,sim,1.397503,-0.037451,-2.413445,0.940667,-2.354009,0.546250
4339.932226,sim,1.397513,-0.037472,-2.413272,0.940661,-2.350258,0.548118
4339.936351,sim,1.397507,-0.037439,-2.413135,0.940653,-2.346404,0.549945
4339.940304,sim,1.397507,-0.037461,-2.413007,0.940670,-2.342462,0.551768
4339.944232,sim,1.397509,-0.037463,-2.412901,0.940663,-2.338418,0.553508
4339.948311,sim,1.397500,-0.037449,-2.412819,0.940672,-2.334322,0.555235
4339.952215,sim,1.397516,-0.037480,-2.412740,0.940663,-2.330147,0.556884
4339.956334,sim,1.397498,-0.037426,-2.412698,0.940662,-2.325958,0.558513
4339.960248,sim,1.397515,-0.037481,-2.412685,0.940670,-2.325954,0.558521
4339.964232,sim,1.397503,-0.037432,-2.412653,0.940656,-2.321659,0.560098
4339.968257,sim,1.397506,-0.037470,-2.412612,0.940682,-2.317238,0.561723
4339.972286,sim,1.397514,-0.037450,-2.412590,0.940647,-2.312646,0.563233
4339.976462,sim,1.397502,-0.037452,-2.412577,0.940678,-2.308001,0.564839
4339.980265,sim,1.397514,-0.037483,-2.412559,0.940667,-2.303220,0.566353
4339.984286,sim,1.397501,-0.037428,-2.412572,0.940661,-2.303227,0.566348
4339.988370,sim,1.397515,-0.037479,-2.412556,0.940673,-2.298347,0.567891
4339.992286,sim,1.397503,-0.037434,-2.412567,0.940658,-2.293331,0.569397
4339.996291,sim,1.397509,-0.037465,-2.412563,0.940676,-2.288219,0.570944
4340.000301,sim,1.397514,-0.037453,-2.412570,0.940653,-2.282995,0.572415
4340.004312,sim,1.397510,-0.037464,-2.412577,0.940671,-2.277745,0.573936
4340.008243,sim,1.397514,-0.037479,-2.412581,0.940668,-2.272442,0.575404
4340.012231,sim,1.397502,-0.037426,-2.412604,0.940663,-2.267144,0.576851
4340.016795,sim,1.397518,-0.037480,-2.412602,0.940671,-2.261852,0.578278
4340.020259,sim,1.397504,-0.037433,-2.412613,0.940660,-2.261852,0.578265
4340.024203,sim,1.397512,-0.037469,-2.412615,0.940677,-2.256636,0.579663
4340.028250,sim,1.397515,-0.037452,-2.412626,0.940652,-2.251484,0.580942
4340.032172,sim,1.397503,-0.037434,-2.412640,0.940672,-2.246459,0.582244
4340.036373,sim,1.397518,-0.037482,-2.412634,0.940670,-2.241476,0.583455
4340.040224,sim,1.397506,-0.037443,-2.412648,0.940664,-2.236581,0.584624
4340.044255,sim,1.397516,-0.037476,-2.412644,0.940672,-2.231748,0.585769
4340.048385,sim,1.397507,-0.037438,-2.412656,0.940662,-2.226974,0.586857
4340.052317,sim,1.397516,-0.037476,-2.412648,0.940672,-2.226975,0.586869
4340.056484,sim,1.397510,-0.037449,-2.412656,0.940660,-2.222139,0.587943
4340.060191,sim,1.397513,-0.037464,-2.412654,0.940671,-2.217159,0.589065
4340.064278,sim,1.397513,-0.037451,-2.412658,0.940659,-2.212028,0.590163
4340.068283,sim,1.397505,-0.037437,-2.412664,0.940671,-2.206805,0.591311
4340.072321,sim,1.397517,-0.037488,-2.412652,0.940674,-2.201462,0.592440
4340.076395,sim,1.397506,-0.037438,-2.412663,0.940660,-2.201461,0.592424
4340.080288,sim,1.397508,-0.037457,-2.412661,0.940676,-2.196030,0.593592
4340.084309,sim,1.397514,-0.037486,-2.412653,0.940670,-2.190454,0.594741
4340.088266,sim,1.397503,-0.037436,-2.412665,0.940662,-2.184801,0.595911
4340.092235,sim,1.397514,-0.037481,-2.412655,0.940673,-2.179073,0.597110
4340.096351,sim,1.397499,-0.037429,-2.412667,0.940662,-2.173300,0.598291
4340.100215,sim,1.397513,-0.037482,-2.412654,0.940674,-2.167503,0.599500
4340.104247,sim,1.397499,-0.037440,-2.412664,0.940663,-2.161710,0.600681
4340.108182,sim,1.397511,-0.037481,-2.412654,0.940673,-2.161710,0.600693
4340.112241,sim,1.397499,-0.037434,-2.412664,0.940661,-2.155914,0.601880
4340.116448,sim,1.397512,-0.037484,-2.412653,0.940674,-2.150107,0.603112
4340.120208,sim,1.397497,-0.037438,-2.412664,0.940663,-2.144301,0.604329
4340.124246,sim,1.397510,-0.037482,-2.412653,0.940675,-2.138513,0.605580
4340.128194,sim,1.397497,-0.037439,-2.412663,0.940664,-2.132754,0.606808
4340.132291,sim,1.397511,-0.037490,-2.412650,0.940675,-2.127042,0.608062
4340.136322,sim,1.397492,-0.037427,-2.412665,0.940667,-2.127048,0.608057
4340.140206,sim,1.397513,-0.037487,-2.412651,0.940671,-2.121382,0.609298
4340.144286,sim,1.397496,-0.037443,-2.412661,0.940665,-2.115778,0.610539
4340.148576,sim,1.397508,-0.037485,-2.412651,0.940676,-2.110221,0.611800
4340.152341,sim,1.397495,-0.037437,-2.412662,0.940664,-2.104711,0.613039
4340.156341,sim,1.397510,-0.037488,-2.412650,0.940676,-2.099250,0.614305
4340.160276,sim,1.397493,-0.037435,-2.412662,0.940668,-2.093842,0.615554
4340.164266,sim,1.397510,-0.037478,-2.412653,0.940671,-2.088469,0.616807
4340.168271,sim,1.397493,-0.037432,-2.412663,0.940669,-2.083158,0.618068
4340.172232,sim,1.397510,-0.037484,-2.412651,0.940674,-2.083151,0.618067
4340.176540,sim,1.397496,-0.037443,-2.412661,0.940666,-2.077873,0.619318
4340.180277,sim,1.397508,-0.037488,-2.412650,0.940678,-2.072633,0.620590
4340.184480,sim,1.397490,-0.037426,-2.412665,0.940668,-2.067443,0.621843
4340.188336,sim,1.397508,-0.037486,-2.412651,0.940677,-2.062294,0.623102
4340.192377,sim,1.397490,-0.037442,-2.412661,0.940672,-2.057216,0.624349
4340.196455,sim,1.397505,-0.037488,-2.412651,0.940676,-2.052194,0.625589
4340.200295,sim,1.397489,-0.037438,-2.412662,0.940670,-2.052199,0.625587
4340.204315,sim,1.397501,-0.037484,-2.412652,0.940680,-2.047221,0.626830
4340.208319,sim,1.397485,-0.037435,-2.412664,0.940669,-2.042251,0.628057
4340.212317,sim,1.397499,-0.037490,-2.412651,0.940679,-2.037279,0.629304
4340.216356,sim,1.397479,-0.037437,-2.412663,0.940673,-2.032317,0.630545
4340.220216,sim,1.397491,-0.037469,-2.412655,0.940673,-2.027340,0.631788
4340.224233,sim,1.397472,-0.037439,-2.412663,0.940678,-2.022375,0.633049
4340.228324,sim,1.397483,-0.037493,-2.412651,0.940683,-2.017383,0.634301
4340.232342,sim,1.397466,-0.037438,-2.412663,0.940677,-2.017390,0.634300
4340.236378,sim,1.397478,-0.037482,-2.412652,0.940684,-2.012359,0.635570
4340.240252,sim,1.397460,-0.037439,-2.412663,0.940675,-2.007266,0.636843
4340.244370,sim,1.397468,-0.037483,-2.412653,0.940687,-2.002129,0.638147
4340.248363,sim,1.397450,-0.037434,-2.412664,0.940677,-1.996969,0.639436
4340.252316,sim,1.397458,-0.037476,-2.412654,0.940688,-1.991810,0.640747
4340.256442,sim,1.397447,-0.037436,-2.412664,0.940678,-1.991809,0.640736
4340.260373,sim,1.397455,-0.037477,-2.412654,0.940689,-1.986661,0.642040
4340.264296,sim,1.397440,-0.037441,-2.412663,0.940682,-1.981532,0.643317
4340.268308,sim,1.397447,-0.037479,-2.412654,0.940692,-1.976434,0.644600
4340.272263,sim,1.397435,-0.037445,-2.412662,0.940685,-1.971377,0.645849
4340.276511,sim,1.397443,-0.037483,-2.412653,0.940696,-1.966373,0.647096
4340.280296,sim,1.397428,-0.037435,-2.412665,0.940687,-1.961435,0.648304
4340.284210,sim,1.397438,-0.037479,-2.412654,0.940701,-1.956573,0.649506
4340.288301,sim,1.397427,-0.037441,-2.412663,0.940692,-1.956573,0.649497
4340.292433,sim,1.397436,-0.037482,-2.412654,0.940704,-1.951793,0.650658
4340.296815,sim,1.397424,-0.037443,-2.412663,0.940699,-1.947100,0.651754
4340.300341,sim,1.397434,-0.037480,-2.412654,0.940710,-1.942497,0.652818
4340.304305,sim,1.397422,-0.037442,-2.412663,0.940706,-1.937988,0.653820
4340.308412,sim,1.397432,-0.037479,-2.412655,0.940719,-1.933575,0.654791
4340.312320,sim,1.397419,-0.037430,-2.412666,0.940712,-1.929262,0.655698
4340.316441,sim,1.397433,-0.037483,-2.412654,0.940725,-1.929263,0.655710
4340.320454,sim,1.397420,-0.037445,-2.412663,0.940720,-1.925052,0.656569
4340.324315,sim,1.397430,-0.037477,-2.412656,0.940733,-1.920937,0.657388
4340.328373,sim,1.397420,-0.037440,-2.412664,0.940729,-1.916901,0.658138
4340.332368,sim,1.397431,-0.037481,-2.412655,0.940743,-1.912936,0.658855
4340.336410,sim,1.397419,-0.037434,-2.412666,0.940736,-1.909028,0.659507
4340.340368,sim,1.397431,-0.037481,-2.412656,0.940753,-1.905166,0.660136
4340.344275,sim,1.397421,-0.037447,-2.412664,0.940747,-1.901333,0.660700
4340.348256,sim,1.397430,-0.037475,-2.412657,0.940754,-1.901334,0.660707
4340.352293,sim,1.397419,-0.037431,-2.412668,0.940748,-1.897454,0.661227
4340.356467,sim,1.397431,-0.037475,-2.412659,0.940763,-1.893463,0.661713
4340.360335,sim,1.397422,-0.037452,-2.412667,0.940761,-1.889380,0.662131
4340.364389,sim,1.397428,-0.037476,-2.412663,0.940776,-1.885238,0.662521
4340.368864,sim,1.397422,-0.037448,-2.412672,0.940773,-1.881047,0.662848
4340.372376,sim,1.397431,-0.037481,-2.412667,0.940785,-1.876836,0.663145
4340.376480,sim,1.397420,-0.037435,-2.412678,0.940776,-1.876837,0.663138
4340.380439,sim,1.397430,-0.037478,-2.412671,0.940794,-1.872642,0.663401
4340.384276,sim,1.397421,-0.037443,-2.412682,0.940794,-1.868471,0.663605
4340.388323,sim,1.397431,-0.037478,-2.412678,0.940813,-1.864331,0.663790
4340.392315,sim,1.397419,-0.037431,-2.412692,0.940816,-1.860220,0.663927
4340.396388,sim,1.397432,-0.037487,-2.412683,0.940845,-1.856140,0.664053
4340.400291,sim,1.397421,-0.037454,-2.412693,0.940855,-1.852088,0.664137
4340.404344,sim,1.397430,-0.037482,-2.412690,0.940882,-1.848068,0.664209
4340.408380,sim,1.397418,-0.037428,-2.412705,0.940895,-1.844082,0.664251
4340.412372,sim,1.397431,-0.037476,-2.412694,0.940905,-1.844082,0.664259
4340.416473,sim,1.397421,-0.037448,-2.412703,0.940925,-1.840094,0.664286
4340.420340,sim,1.397429,-0.037478,-2.412700,0.940962,-1.836087,0.664317
4340.424297,sim,1.397422,-0.037447,-2.412710,0.940985,-1.832064,0.664325
4340.428291,sim,1.397431,-0.037485,-2.412704,0.941031,-1.828042,0.664345
4340.432380,sim,1.397418,-0.037427,-2.412720,0.941058,-1.824027,0.664342
4340.436579,sim,1.397432,-0.037479,-2.412709,0.941068,-1.824026,0.664349
4340.440343,sim,1.397419,-0.037433,-2.412722,0.941100,-1.819996,0.664344
4340.444367,sim,1.397431,-0.037482,-2.412716,0.941152,-1.815938,0.664351
4340.448597,sim,1.397421,-0.037443,-2.412730,0.941184,-1.811859,0.664339
4340.452331,sim,1.397432,-0.037485,-2.412727,0.941236,-1.807777,0.664339
4340.456411,sim,1.397422,-0.037446,-2.412742,0.941269,-1.803697,0.664325
4340.460293,sim,1.397431,-0.037476,-2.412742,0.941318,-1.799636,0.664323
4340.464509,sim,1.397420,-0.037428,-2.412760,0.941352,-1.795605,0.664310
4340.468455,sim,1.397432,-0.037483,-2.412758,0.941403,-1.791609,0.664307
4340.472362,sim,1.397422,-0.037444,-2.412767,0.941394,-1.791607,0.664299
4340.476505,sim,1.397432,-0.037484,-2.412768,0.941441,-1.787649,0.664297
4340.480320,sim,1.397419,-0.037427,-2.412791,0.941465,-1.783719,0.664280
4340.484392,sim,1.397433,-0.037478,-2.412794,0.941507,-1.779816,0.664277
4340.488364,sim,1.397420,-0.037432,-2.412817,0.941528,-1.775946,0.664262
4340.492368,sim,1.397433,-0.037484,-2.412821,0.941565,-1.772110,0.664259
4340.496513,sim,1.397420,-0.037430,-2.412847,0.941578,-1.768309,0.664241
4340.500572,sim,1.397433,-0.037477,-2.412837,0.941588,-1.768310,0.664249
4340.504447,sim,1.397421,-0.037434,-2.412862,0.941602,-1.764543,0.664231
4340.508326,sim,1.397433,-0.037483,-2.412867,0.941635,-1.760808,0.664229
4340.512382,sim,1.397423,-0.037447,-2.412891,0.941644,-1.757104,0.664207
4340.516518,sim,1.397431,-0.037470,-2.412901,0.941670,-1.753447,0.664202
4340.520415,sim,1.397424,-0.037437,-2.412924,0.941679,-1.749832,0.664182
4340.524372,sim,1.397433,-0.037478,-2.412931,0.941706,-1.746270,0.664175
4340.528486,sim,1.397424,-0.037442,-2.412954,0.941713,-1.742762,0.664153
4340.532472,sim,1.397432,-0.037476,-2.412947,0.941722,-1.742765,0.664160
4340.536516,sim,1.397426,-0.037449,-2.412968,0.941728,-1.739258,0.664132
4340.540369,sim,1.397429,-0.037464,-2.412981,0.941754,-1.735718,0.664119
4340.544300,sim,1.397432,-0.037484,-2.412993,0.941773,-1.732131,0.664087
4340.548393,sim,1.397425,-0.037436,-2.413019,0.941785,-1.728523,0.664050
4340.552301,sim,1.397435,-0.037481,-2.413027,0.941816,-1.724895,0.664020
4340.556352,sim,1.397425,-0.037445,-2.413034,0.941812,-1.724897,0.664018
4340.560597,sim,1.397436,-0.037482,-2.413043,0.941840,-1.721225,0.663976
4340.564337,sim,1.397425,-0.037422,-2.413073,0.941858,-1.717502,0.663921
4340.568374,sim,1.397436,-0.037467,-2.413081,0.941902,-1.713741,0.663873
4340.572316,sim,1.397428,-0.037440,-2.413105,0.941933,-1.709953,0.663804
4340.576614,sim,1.397437,-0.037478,-2.413115,0.941981,-1.706161,0.663739
4340.580391,sim,1.397428,-0.037430,-2.413143,0.942015,-1.702380,0.663656
4340.584323,sim,1.397439,-0.037479,-2.413151,0.942074,-1.698630,0.663582
4340.588290,sim,1.397429,-0.037440,-2.413159,0.942066,-1.698629,0.663576
4340.592307,sim,1.397439,-0.037477,-2.413169,0.942129,-1.694907,0.663484
4340.596491,sim,1.397431,-0.037434,-2.413196,0.942187,-1.691206,0.663355
4340.600346,sim,1.397441,-0.037475,-2.413207,0.942273,-1.687530,0.663216
4340.604355,sim,1.397432,-0.037439,-2.413233,0.942353,-1.683881,0.663042
4340.608328,sim,1.397442,-0.037476,-2.413245,0.942455,-1.680264,0.662858
4340.612408,sim,1.397434,-0.037434,-2.413273,0.942551,-1.676684,0.662645
4340.616508,sim,1.397444,-0.037481,-2.413264,0.942562,-1.676686,0.662652
4340.620258,sim,1.397435,-0.037440,-2.413291,0.942667,-1.673150,0.662417
4340.624282,sim,1.397444,-0.037470,-2.413306,0.942794,-1.669660,0.662161
4340.628424,sim,1.397436,-0.037431,-2.413335,0.942918,-1.666218,0.661870
4340.632394,sim,1.397446,-0.037468,-2.413350,0.943067,-1.662823,0.661561
4340.636416,sim,1.397439,-0.037444,-2.413378,0.943212,-1.659474,0.661220
4340.640353,sim,1.397448,-0.037491,-2.413393,0.943375,-1.656169,0.660857
4340.644749,sim,1.397438,-0.037433,-2.413429,0.943528,-1.652913,0.660462
4340.648325,sim,1.397448,-0.037476,-2.413421,0.943538,-1.652916,0.660468
4340.652306,sim,1.397441,-0.037452,-2.413451,0.943709,-1.649686,0.660031
4340.656364,sim,1.397449,-0.037474,-2.413474,0.943908,-1.646477,0.659546
4340.660270,sim,1.397441,-0.037431,-2.413510,0.944115,-1.643293,0.659007
4340.664262,sim,1.397453,-0.037485,-2.413530,0.944353,-1.640136,0.658426
4340.668298,sim,1.397444,-0.037443,-2.413568,0.944586,-1.637017,0.657797
4340.672355,sim,1.397453,-0.037477,-2.413561,0.944592,-1.637017,0.657800
4340.676598,sim,1.397445,-0.037435,-2.413600,0.944840,-1.633929,0.657126
4340.680318,sim,1.397456,-0.037481,-2.413622,0.945123,-1.630871,0.656413
4340.684315,sim,1.397447,-0.037434,-2.413662,0.945403,-1.627844,0.655647
4340.688276,sim,1.397460,-0.037473,-2.413686,0.945712,-1.624860,0.654850
4340.692400,sim,1.397453,-0.037440,-2.413723,0.946020,-1.621922,0.654011
4340.696371,sim,1.397462,-0.037470,-2.413748,0.946352,-1.619040,0.653152
4340.700246,sim,1.397456,-0.037427,-2.413786,0.946676,-1.616215,0.652259
4340.704335,sim,1.397466,-0.037479,-2.413776,0.946687,-1.616217,0.652264
4340.708382,sim,1.397458,-0.037431,-2.413814,0.947019,-1.613460,0.651339
4340.712304,sim,1.397470,-0.037472,-2.413833,0.947381,-1.610778,0.650387
4340.716359,sim,1.397464,-0.037436,-2.413865,0.947735,-1.608163,0.649393
4340.720311,sim,1.397475,-0.037477,-2.413882,0.948111,-1.605620,0.648378
4340.724442,sim,1.397470,-0.037439,-2.413911,0.948476,-1.603145,0.647331
4340.728394,sim,1.397482,-0.037482,-2.413923,0.948862,-1.600742,0.646274
4340.732312,sim,1.397476,-0.037442,-2.413950,0.949232,-1.598403,0.645194
4340.736561,sim,1.397487,-0.037470,-2.413962,0.949618,-1.596137,0.644113
4340.740416,sim,1.397481,-0.037437,-2.413968,0.949608,-1.596134,0.644106
4340.744340,sim,1.397489,-0.037451,-2.413981,0.949996,-1.593952,0.643021
4340.748372,sim,1.397494,-0.037464,-2.413993,0.950375,-1.591848,0.641908
4340.752346,sim,1.397496,-0.037435,-2.414009,0.950757,-1.589838,0.640797
4340.756413,sim,1.397511,-0.037488,-2.414010,0.951150,-1.587899,0.639672
4340.760310,sim,1.397510,-0.037448,-2.414025,0.951532,-1.586038,0.638538
4340.764282,sim,1.397525,-0.037460,-2.414030,0.951921,-1.584242,0.637397
4340.768419,sim,1.397529,-0.037434,-2.414040,0.952308,-1.582510,0.636250
4340.772372,sim,1.397535,-0.037462,-2.414036,0.952311,-1.582508,0.636249
4340.776694,sim,1.397540,-0.037437,-2.414044,0.952706,-1.580830,0.635083
4340.781374,sim,1.397561,-0.037477,-2.414041,0.953118,-1.579201,0.633885
4340.784288,sim,1.397568,-0.037432,-2.414052,0.953521,-1.577623,0.632656
4340.788433,sim,1.397595,-0.037472,-2.414047,0.953946,-1.576098,0.631411
4340.792325,sim,1.397606,-0.037435,-2.414055,0.954361,-1.574623,0.630145
4340.796378,sim,1.397615,-0.037477,-2.414047,0.954368,-1.574623,0.630147
4340.800326,sim,1.397628,-0.037426,-2.414057,0.954782,-1.573204,0.628864
4340.804336,sim,1.397662,-0.037472,-2.414050,0.955215,-1.571839,0.627568
4340.808346,sim,1.397681,-0.037434,-2.414057,0.955631,-1.570529,0.626255
4340.812297,sim,1.397720,-0.037473,-2.414051,0.956059,-1.569277,0.624941
4340.816517,sim,1.397744,-0.037429,-2.414058,0.956467,-1.568081,0.623621
4340.820405,sim,1.397788,-0.037474,-2.414050,0.956884,-1.566942,0.622311
4340.824270,sim,1.397816,-0.037437,-2.414057,0.957280,-1.565859,0.621005
4340.828271,sim,1.397823,-0.037463,-2.414052,0.957283,-1.565860,0.621005
4340.832306,sim,1.397858,-0.037439,-2.414056,0.957673,-1.564842,0.619706
4340.836436,sim,1.397912,-0.037477,-2.414049,0.958061,-1.563889,0.618396
4340.840342,sim,1.397957,-0.037435,-2.414056,0.958427,-1.562998,0.617078
4340.844352,sim,1.398023,-0.037462,-2.414052,0.958796,-1.562166,0.615757
4340.848341,sim,1.398080,-0.037438,-2.414056,0.959151,-1.561389,0.614435
4340.852398,sim,1.398087,-0.037477,-2.414049,0.959156,-1.561388,0.614435
4340.856521,sim,1.398149,-0.037431,-2.414057,0.959501,-1.560657,0.613088
4340.860383,sim,1.398236,-0.037475,-2.414050,0.959858,-1.559967,0.611707
4340.864335,sim,1.398315,-0.037435,-2.414057,0.960200,-1.559318,0.610287
4340.868372,sim,1.398417,-0.037462,-2.414054,0.960549,-1.558709,0.608839
4340.872343,sim,1.398512,-0.037441,-2.414057,0.960891,-1.558139,0.607368
4340.876461,sim,1.398627,-0.037474,-2.414053,0.961232,-1.557604,0.605873
4340.881119,sim,1.398735,-0.037435,-2.414060,0.961560,-1.557109,0.604362
4340.884396,sim,1.398862,-0.037460,-2.414057,0.961889,-1.556647,0.602838
4340.888427,sim,1.398856,-0.037437,-2.414061,0.961889,-1.556649,0.602840
4340.892296,sim,1.398989,-0.037478,-2.414055,0.962208,-1.556230,0.601316
4340.896473,sim,1.399113,-0.037432,-2.414063,0.962496,-1.555867,0.599801
4340.900378,sim,1.399258,-0.037467,-2.414059,0.962774,-1.555547,0.598294
4340.904277,sim,1.399391,-0.037436,-2.414065,0.963028,-1.555274,0.596801
4340.908328,sim,1.399543,-0.037475,-2.414059,0.963274,-1.555040,0.595318
4340.912399,sim,1.399683,-0.037435,-2.414067,0.963491,-1.554844,0.593845
4340.916662,sim,1.399841,-0.037461,-2.414064,0.963702,-1.554681,0.592386
4340.920665,sim,1.399835,-0.037446,-2.414066,0.963703,-1.554682,0.592388
4340.924341,sim,1.399994,-0.037460,-2.414065,0.963893,-1.554546,0.590920
4340.928297,sim,1.400146,-0.037446,-2.414068,0.964066,-1.554437,0.589435
4340.932333,sim,1.400310,-0.037470,-2.414067,0.964220,-1.554344,0.587923
4340.936579,sim,1.400464,-0.037433,-2.414075,0.964354,-1.554276,0.586402
4340.940298,sim,1.400634,-0.037475,-2.414070,0.964480,-1.554221,0.584866
4340.944319,sim,1.400626,-0.037436,-2.414077,0.964473,-1.554222,0.584864
4340.948364,sim,1.400796,-0.037463,-2.414076,0.964580,-1.554181,0.583307
4340.952355,sim,1.400955,-0.037442,-2.414082,0.964670,-1.554153,0.581726
4340.956427,sim,1.401126,-0.037462,-2.414084,0.964747,-1.554132,0.580115
4340.960316,sim,1.401285,-0.037438,-2.414094,0.964809,-1.554122,0.578493
4340.964356,sim,1.401457,-0.037464,-2.414096,0.964863,-1.554115,0.576851
4340.968374,sim,1.401616,-0.037445,-2.414107,0.964905,-1.554119,0.575208
4340.972242,sim,1.401786,-0.037475,-2.414111,0.964939,-1.554121,0.573555
4340.976688,sim,1.401778,-0.037436,-2.414117,0.964936,-1.554124,0.573558
4340.980408,sim,1.401951,-0.037466,-2.414125,0.964963,-1.554132,0.571887
4340.984312,sim,1.402112,-0.037435,-2.414146,0.964980,-1.554144,0.570186
4340.988290,sim,1.402291,-0.037461,-2.414162,0.964998,-1.554156,0.568451
4340.992300,sim,1.402460,-0.037439,-2.414190,0.965008,-1.554170,0.566696
4340.996405,sim,1.402643,-0.037464,-2.414215,0.965016,-1.554181,0.564917
4341.000379,sim,1.402817,-0.037443,-2.414250,0.965020,-1.554198,0.563130
4341.004280,sim,1.403004,-0.037464,-2.414282,0.965021,-1.554211,0.561328
4341.008389,sim,1.402998,-0.037443,-2.414285,0.965021,-1.554212,0.561331
4341.012348,sim,1.403190,-0.037478,-2.414319,0.965023,-1.554225,0.559514
4341.016597,sim,1.403372,-0.037437,-2.414369,0.965020,-1.554245,0.557683
4341.020318,sim,1.403574,-0.037461,-2.414415,0.965019,-1.554260,0.555830
4341.024296,sim,1.403768,-0.037453,-2.414469,0.965020,-1.554278,0.553975
4341.028317,sim,1.403975,-0.037469,-2.414523,0.965017,-1.554294,0.552109
4341.032346,sim,1.404173,-0.037435,-2.414588,0.965013,-1.554317,0.550253
4341.036461,sim,1.404180,-0.037463,-2.414584,0.965014,-1.554314,0.550250
4341.040353,sim,1.404378,-0.037442,-2.414651,0.965012,-1.554334,0.548411
4341.044417,sim,1.404587,-0.037466,-2.414713,0.965010,-1.554352,0.546594
4341.048387,sim,1.404783,-0.037441,-2.414786,0.965009,-1.554376,0.544811
4341.052350,sim,1.404988,-0.037461,-2.414857,0.965006,-1.554394,0.543046
4341.056397,sim,1.405181,-0.037441,-2.414935,0.965005,-1.554419,0.541314
4341.060351,sim,1.405382,-0.037465,-2.415010,0.965004,-1.554439,0.539597
4341.064288,sim,1.405570,-0.037441,-2.415096,0.965003,-1.554465,0.537909
4341.068307,sim,1.405576,-0.037465,-2.415093,0.965003,-1.554463,0.537906
4341.072315,sim,1.405763,-0.037444,-2.415184,0.965002,-1.554491,0.536216
4341.076539,sim,1.405960,-0.037463,-2.415280,0.965000,-1.554517,0.534494
4341.080322,sim,1.406146,-0.037440,-2.415390,0.964999,-1.554552,0.532763
4341.084292,sim,1.406342,-0.037462,-2.415501,0.964999,-1.554585,0.531011
4341.088340,sim,1.406525,-0.037442,-2.415626,0.964999,-1.554625,0.529259
4341.092337,sim,1.406716,-0.037464,-2.415750,0.964998,-1.554662,0.527497
4341.096421,sim,1.406894,-0.037443,-2.415886,0.964998,-1.554705,0.525746
4341.100308,sim,1.406899,-0.037466,-2.415883,0.964998,-1.554703,0.525742
4341.104275,sim,1.407076,-0.037443,-2.416026,0.964998,-1.554751,0.523974
4341.108332,sim,1.407267,-0.037465,-2.416172,0.964996,-1.554796,0.522161
4341.112240,sim,1.407448,-0.037441,-2.416332,0.964998,-1.554855,0.520326
4341.116419,sim,1.407642,-0.037466,-2.416494,0.964998,-1.554909,0.518455
4341.120394,sim,1.407825,-0.037442,-2.416669,0.964997,-1.554972,0.516569
4341.124325,sim,1.407830,-0.037460,-2.416666,0.964996,-1.554970,0.516565
4341.128307,sim,1.408019,-0.037451,-2.416847,0.964998,-1.555036,0.514645
4341.132310,sim,1.408219,-0.037460,-2.417034,0.964997,-1.555105,0.512673
4341.136463,sim,1.408416,-0.037438,-2.417235,0.964997,-1.555182,0.510672
4341.140435,sim,1.408628,-0.037476,-2.417433,0.964998,-1.555256,0.508635
4341.144332,sim,1.408827,-0.037439,-2.417650,0.964996,-1.555341,0.506587
4341.148338,sim,1.409044,-0.037463,-2.417862,0.964996,-1.555424,0.504522
4341.152332,sim,1.409248,-0.037442,-2.418085,0.964996,-1.555514,0.502461
4341.156479,sim,1.409254,-0.037465,-2.418082,0.964996,-1.555512,0.502457
4341.160347,sim,1.409460,-0.037439,-2.418313,0.964995,-1.555607,0.500389
4341.164392,sim,1.409681,-0.037466,-2.418544,0.964997,-1.555707,0.498302
4341.168356,sim,1.409889,-0.037443,-2.418791,0.964996,-1.555818,0.496213
4341.172413,sim,1.410110,-0.037466,-2.419039,0.964996,-1.555930,0.494114
4341.176612,sim,1.410319,-0.037445,-2.419298,0.964997,-1.556054,0.492025
4341.180354,sim,1.410538,-0.037465,-2.419556,0.964996,-1.556178,0.489935
4341.184294,sim,1.410744,-0.037444,-2.419823,0.964995,-1.556311,0.487865
4341.188369,sim,1.410960,-0.037470,-2.420085,0.964996,-1.556443,0.485805
4341.192398,sim,1.410953,-0.037435,-2.420091,0.964995,-1.556447,0.485809
4341.196460,sim,1.411165,-0.037462,-2.420355,0.964994,-1.556585,0.483770
4341.200317,sim,1.411358,-0.037443,-2.420628,0.964996,-1.556740,0.481762
4341.204326,sim,1.411558,-0.037474,-2.420897,0.964995,-1.556896,0.479766
4341.208338,sim,1.411740,-0.037441,-2.421176,0.964995,-1.557070,0.477799
4341.212268,sim,1.411930,-0.037462,-2.421448,0.964995,-1.557246,0.475844
4341.216430,sim,1.411924,-0.037441,-2.421451,0.964995,-1.557248,0.475848
4341.220375,sim,1.412112,-0.037465,-2.421730,0.964995,-1.557435,0.473879
4341.224335,sim,1.412289,-0.037439,-2.422027,0.964995,-1.557645,0.471877
4341.228306,sim,1.412479,-0.037466,-2.422327,0.964993,-1.557861,0.469826
4341.232353,sim,1.412660,-0.037445,-2.422643,0.964995,-1.558101,0.467753
4341.236443,sim,1.412852,-0.037461,-2.422963,0.964994,-1.558349,0.465640
4341.240399,sim,1.413036,-0.037440,-2.423297,0.964994,-1.558612,0.463509
4341.244328,sim,1.413231,-0.037464,-2.423632,0.964993,-1.558881,0.461348
4341.248331,sim,1.413225,-0.037442,-2.423635,0.964994,-1.558884,0.461352
4341.252301,sim,1.413426,-0.037465,-2.423981,0.964993,-1.559169,0.459156
4341.256529,sim,1.413621,-0.037442,-2.424347,0.964993,-1.559477,0.456926
4341.260303,sim,1.413833,-0.037465,-2.424718,0.964993,-1.559797,0.454654
4341.264261,sim,1.414038,-0.037442,-2.425105,0.964993,-1.560136,0.452365
4341.268363,sim,1.414259,-0.037463,-2.425493,0.964992,-1.560481,0.450052
4341.272331,sim,1.414254,-0.037446,-2.425495,0.964994,-1.560485,0.450057
4341.276472,sim,1.414477,-0.037466,-2.425892,0.964991,-1.560841,0.447725
4341.280525,sim,1.414694,-0.037446,-2.426302,0.964993,-1.561221,0.445383
4341.284383,sim,1.414924,-0.037474,-2.426714,0.964993,-1.561607,0.443016
4341.288369,sim,1.415143,-0.037434,-2.427141,0.964992,-1.562014,0.440651
4341.292352,sim,1.415377,-0.037467,-2.427562,0.964992,-1.562420,0.438276
4341.296473,sim,1.415596,-0.037443,-2.427994,0.964993,-1.562843,0.435915
4341.300315,sim,1.415827,-0.037468,-2.428421,0.964993,-1.563266,0.433558
4341.304289,sim,1.416041,-0.037436,-2.428857,0.964992,-1.563701,0.431230
4341.308361,sim,1.416048,-0.037463,-2.428853,0.964991,-1.563697,0.431225
4341.312285,sim,1.416258,-0.037442,-2.429284,0.964992,-1.564134,0.428939
4341.316401,sim,1.416471,-0.037470,-2.429705,0.964993,-1.564566,0.426705
4341.320356,sim,1.416662,-0.037440,-2.430130,0.964993,-1.565004,0.424535
4341.324257,sim,1.416860,-0.037472,-2.430543,0.964993,-1.565435,0.422409
4341.328277,sim,1.417035,-0.037439,-2.430962,0.964992,-1.565873,0.420342
4341.332352,sim,1.417218,-0.037463,-2.431369,0.964992,-1.566305,0.418314
4341.336482,sim,1.417382,-0.037442,-2.431780,0.964992,-1.566741,0.416337
4341.340270,sim,1.417389,-0.037475,-2.431775,0.964993,-1.566736,0.416332
4341.344344,sim,1.417551,-0.037444,-2.432199,0.964993,-1.567189,0.414348
4341.348303,sim,1.417732,-0.037464,-2.432640,0.964991,-1.567663,0.412303
4341.352662,sim,1.417905,-0.037442,-2.433110,0.964992,-1.568171,0.410220
4341.356381,sim,1.418095,-0.037470,-2.433594,0.964993,-1.568698,0.408088
4341.360318,sim,1.418274,-0.037438,-2.434105,0.964992,-1.569254,0.405929
4341.364337,sim,1.418472,-0.037462,-2.434625,0.964991,-1.569823,0.403733
4341.368327,sim,1.418660,-0.037442,-2.435166,0.964992,-1.570416,0.401522
4341.372356,sim,1.418666,-0.037464,-2.435163,0.964991,-1.570412,0.401518
4341.376627,sim,1.418859,-0.037442,-2.435724,0.964992,-1.571027,0.399278
4341.380390,sim,1.419071,-0.037462,-2.436305,0.964990,-1.571660,0.396995
4341.384394,sim,1.419278,-0.037443,-2.436914,0.964993,-1.572321,0.394698
4341.388290,sim,1.419501,-0.037463,-2.437536,0.964991,-1.572992,0.392374
4341.392399,sim,1.419717,-0.037441,-2.438180,0.964992,-1.573684,0.390052
4341.396499,sim,1.419723,-0.037466,-2.438177,0.964991,-1.573680,0.390047
4341.400303,sim,1.419943,-0.037446,-2.438838,0.964993,-1.574387,0.387716
4341.404252,sim,1.420178,-0.037467,-2.439515,0.964992,-1.575101,0.385365
4341.408324,sim,1.420405,-0.037447,-2.440215,0.964993,-1.575834,0.383017
4341.412327,sim,1.420645,-0.037467,-2.440925,0.964991,-1.576566,0.380660
4341.416403,sim,1.420874,-0.037442,-2.441654,0.964993,-1.577315,0.378321
4341.420302,sim,1.421115,-0.037466,-2.442385,0.964991,-1.578057,0.375986
4341.424458,sim,1.421343,-0.037449,-2.443129,0.964994,-1.578807,0.373679
4341.428322,sim,1.421348,-0.037461,-2.443128,0.964991,-1.578804,0.373675
4341.432303,sim,1.421576,-0.037443,-2.443889,0.964993,-1.579564,0.371368
4341.436435,sim,1.421816,-0.037468,-2.444668,0.964992,-1.580333,0.369029
4341.440322,sim,1.422043,-0.037440,-2.445478,0.964992,-1.581126,0.366684
4341.444346,sim,1.422284,-0.037461,-2.446300,0.964990,-1.581926,0.364316
4341.448297,sim,1.422513,-0.037446,-2.447142,0.964993,-1.582746,0.361950
4341.452237,sim,1.422519,-0.037472,-2.447139,0.964992,-1.582741,0.361944
4341.456451,sim,1.422748,-0.037439,-2.448004,0.964992,-1.583580,0.359556
4341.460356,sim,1.422995,-0.037464,-2.448884,0.964990,-1.584435,0.357122
4341.464314,sim,1.423233,-0.037449,-2.449787,0.964993,-1.585318,0.354673
4341.468294,sim,1.423484,-0.037466,-2.450701,0.964991,-1.586212,0.352200
4341.472280,sim,1.423725,-0.037436,-2.451631,0.964991,-1.587127,0.349730
4341.476651,sim,1.423980,-0.037460,-2.452558,0.964989,-1.588042,0.347253
4341.480378,sim,1.424224,-0.037443,-2.453492,0.964991,-1.588971,0.344800
4341.484324,sim,1.424480,-0.037467,-2.454417,0.964991,-1.589897,0.342361
4341.488376,sim,1.424473,-0.037442,-2.454420,0.964992,-1.589902,0.342365
4341.492390,sim,1.424727,-0.037466,-2.455332,0.964990,-1.590824,0.339972
4341.496500,sim,1.424968,-0.037447,-2.456232,0.964992,-1.591752,0.337652
4341.500376,sim,1.425217,-0.037465,-2.457110,0.964989,-1.592669,0.335380
4341.504317,sim,1.425454,-0.037441,-2.457978,0.964991,-1.593592,0.333172
4341.508362,sim,1.425701,-0.037472,-2.458823,0.964990,-1.594503,0.331004
4341.512322,sim,1.425933,-0.037441,-2.459664,0.964990,-1.595421,0.328894
4341.516411,sim,1.426177,-0.037459,-2.460485,0.964988,-1.596331,0.326816
4341.520425,sim,1.426171,-0.037440,-2.460488,0.964990,-1.596334,0.326820
4341.524387,sim,1.426417,-0.037463,-2.461316,0.964988,-1.597265,0.324742
4341.528440,sim,1.426659,-0.037449,-2.462173,0.964990,-1.598246,0.322638
4341.532382,sim,1.426918,-0.037468,-2.463048,0.964990,-1.599262,0.320498
4341.536415,sim,1.427170,-0.037438,-2.463948,0.964989,-1.600320,0.318343
4341.540331,sim,1.427439,-0.037466,-2.464856,0.964987,-1.601399,0.316162
4341.544375,sim,1.427432,-0.037445,-2.464859,0.964989,-1.601403,0.316166
4341.548293,sim,1.427706,-0.037463,-2.465788,0.964988,-1.602521,0.313963
4341.552273,sim,1.427973,-0.037443,-2.466747,0.964989,-1.603684,0.311738
4341.556438,sim,1.428257,-0.037473,-2.467719,0.964987,-1.604873,0.309484
4341.560384,sim,1.428531,-0.037442,-2.468715,0.964989,-1.606100,0.307233
4341.564285,sim,1.428821,-0.037464,-2.469715,0.964985,-1.607337,0.304968
4341.568277,sim,1.429099,-0.037439,-2.470728,0.964988,-1.608599,0.302724
4341.572335,sim,1.429389,-0.037462,-2.471736,0.964986,-1.609859,0.300488
4341.576534,sim,1.429383,-0.037447,-2.471739,0.964988,-1.609862,0.300492
4341.580289,sim,1.429671,-0.037467,-2.472753,0.964985,-1.611131,0.298278
4341.584326,sim,1.429945,-0.037445,-2.473782,0.964988,-1.612426,0.296098
4341.588343,sim,1.430228,-0.037468,-2.474810,0.964985,-1.613722,0.293932
4341.592319,sim,1.430494,-0.037441,-2.475851,0.964985,-1.615034,0.291805
4341.596338,sim,1.430769,-0.037464,-2.476883,0.964983,-1.616341,0.289700
4341.600334,sim,1.431027,-0.037446,-2.477919,0.964985,-1.617654,0.287639
4341.604406,sim,1.431291,-0.037465,-2.478944,0.964982,-1.618955,0.285606
4341.608413,sim,1.431537,-0.037444,-2.479966,0.964983,-1.620254,0.283624
4341.612288,sim,1.431543,-0.037463,-2.479963,0.964981,-1.620251,0.283620
4341.616489,sim,1.431780,-0.037447,-2.480978,0.964983,-1.621546,0.281677
4341.620417,sim,1.432018,-0.037469,-2.481983,0.964979,-1.622835,0.279759
4341.624341,sim,1.432234,-0.037455,-2.482989,0.964986,-1.624138,0.277887
4341.628447,sim,1.432450,-0.037466,-2.483990,0.964978,-1.625432,0.276029
4341.632422,sim,1.432650,-0.037465,-2.484988,0.964985,-1.626739,0.274212
4341.636533,sim,1.432652,-0.037467,-2.484988,0.964980,-1.626736,0.274207
4341.640427,sim,1.432844,-0.037449,-2.486001,0.964981,-1.628065,0.272392
4341.644369,sim,1.433039,-0.037459,-2.487031,0.964972,-1.629419,0.270549
4341.649099,sim,1.433221,-0.037453,-2.488080,0.964979,-1.630814,0.268713
4341.652360,sim,1.433405,-0.037459,-2.489140,0.964973,-1.632224,0.266860
4341.656437,sim,1.433577,-0.037454,-2.490211,0.964980,-1.633661,0.265024
4341.660323,sim,1.433750,-0.037458,-2.491286,0.964969,-1.635098,0.263181
4341.664690,sim,1.433910,-0.037437,-2.492365,0.964972,-1.636555,0.261370
4341.668364,sim,1.434075,-0.037462,-2.493433,0.964971,-1.638000,0.259570
4341.672375,sim,1.434223,-0.037455,-2.494498,0.964975,-1.639447,0.257808
4341.676444,sim,1.434374,-0.037467,-2.495550,0.964970,-1.640875,0.256071
4341.680451,sim,1.434369,-0.037452,-2.495551,0.964977,-1.640881,0.256079
4341.684361,sim,1.434514,-0.037470,-2.496590,0.964970,-1.642287,0.254383
4341.688417,sim,1.434641,-0.037453,-2.497625,0.964976,-1.643684,0.252753
4341.692325,sim,1.434772,-0.037457,-2.498649,0.964966,-1.645048,0.251150
4341.696613,sim,1.434769,-0.037459,-2.498648,0.964974,-1.645052,0.251157
4341.700377,sim,1.434892,-0.037459,-2.499673,0.964968,-1.646413,0.249583
4341.704346,sim,1.435008,-0.037452,-2.500712,0.964973,-1.647791,0.248026
4341.708391,sim,1.435127,-0.037460,-2.501761,0.964968,-1.649168,0.246460
4341.712414,sim,1.435237,-0.037459,-2.502824,0.964976,-1.650563,0.244912
4341.716491,sim,1.435350,-0.037462,-2.503900,0.964966,-1.651954,0.243349
4341.720432,sim,1.435453,-0.037455,-2.504990,0.964974,-1.653364,0.241805
4341.724357,sim,1.435559,-0.037460,-2.506091,0.964964,-1.654769,0.240243
4341.728592,sim,1.435555,-0.037454,-2.506092,0.964975,-1.654776,0.240254
4341.732607,sim,1.435658,-0.037464,-2.507216,0.964966,-1.656199,0.238677
4341.736567,sim,1.435745,-0.037452,-2.508374,0.964975,-1.657666,0.237098
4341.740460,sim,1.435835,-0.037456,-2.509557,0.964961,-1.659139,0.235481
4341.744452,sim,1.435912,-0.037445,-2.510761,0.964967,-1.660642,0.233870
4341.748471,sim,1.435991,-0.037463,-2.511975,0.964964,-1.662146,0.232244
4341.752520,sim,1.436054,-0.037447,-2.513204,0.964965,-1.663663,0.230627
4341.756603,sim,1.436125,-0.037477,-2.514428,0.964962,-1.665168,0.229006
4341.760508,sim,1.436118,-0.037463,-2.514429,0.964971,-1.665175,0.229015
4341.764535,sim,1.436181,-0.037466,-2.515661,0.964960,-1.666687,0.227400
4341.768592,sim,1.436227,-0.037454,-2.516898,0.964969,-1.668222,0.225810
4341.772477,sim,1.436276,-0.037466,-2.518135,0.964957,-1.669750,0.224207
4341.776710,sim,1.436309,-0.037455,-2.519372,0.964965,-1.671296,0.222636
4341.780502,sim,1.436346,-0.037462,-2.520603,0.964958,-1.672832,0.221063
4341.784474,sim,1.436343,-0.037460,-2.520603,0.964966,-1.672837,0.221071
4341.788483,sim,1.436374,-0.037467,-2.521836,0.964954,-1.674377,0.219502
4341.792488,sim,1.436393,-0.037457,-2.523076,0.964964,-1.675949,0.217955
4341.796586,sim,1.436416,-0.037457,-2.524317,0.964952,-1.677521,0.216393
4341.800533,sim,1.436427,-0.037446,-2.525560,0.964959,-1.679112,0.214856
4341.804533,sim,1.436445,-0.037470,-2.526793,0.964957,-1.680694,0.213316
4341.808523,sim,1.436447,-0.037448,-2.528028,0.964959,-1.682287,0.211801
4341.812584,sim,1.436460,-0.037470,-2.529245,0.964956,-1.683864,0.210292
4341.816659,sim,1.436457,-0.037447,-2.530458,0.964958,-1.685441,0.208815
4341.820463,sim,1.436464,-0.037468,-2.530454,0.964957,-1.685438,0.208811
4341.824516,sim,1.436460,-0.037449,-2.531647,0.964959,-1.686999,0.207364
4341.828578,sim,1.436468,-0.037472,-2.532811,0.964956,-1.688532,0.205941
4341.832573,sim,1.436464,-0.037462,-2.533961,0.964964,-1.690060,0.204566
4341.836770,sim,1.436469,-0.037475,-2.535090,0.964954,-1.691560,0.203205
4341.840614,sim,1.436463,-0.037460,-2.536206,0.964963,-1.693061,0.201893
4341.844656,sim,1.436467,-0.037462,-2.537305,0.964950,-1.694535,0.200586
4341.848608,sim,1.436462,-0.037455,-2.538392,0.964960,-1.696011,0.199324
4341.852620,sim,1.436467,-0.037467,-2.538390,0.964950,-1.696003,0.199313
4341.856655,sim,1.436460,-0.037457,-2.539482,0.964961,-1.697500,0.198059
4341.860614,sim,1.436464,-0.037473,-2.540589,0.964951,-1.699027,0.196776
4341.864686,sim,1.436457,-0.037460,-2.541717,0.964959,-1.700610,0.195513
4341.868631,sim,1.436460,-0.037463,-2.542854,0.964946,-1.702211,0.194229
4341.872639,sim,1.436456,-0.037458,-2.544000,0.964954,-1.703854,0.192969
4341.876998,sim,1.436458,-0.037461,-2.545149,0.964943,-1.705504,0.191699
4341.880660,sim,1.436455,-0.037473,-2.546296,0.964955,-1.707180,0.190458
4341.884545,sim,1.436456,-0.037469,-2.546297,0.964945,-1.707175,0.190450
4341.888604,sim,1.436452,-0.037459,-2.547450,0.964953,-1.708877,0.189223
4341.892626,sim,1.436455,-0.037470,-2.548606,0.964938,-1.710595,0.187985
4341.896721,sim,1.436450,-0.037461,-2.549767,0.964948,-1.712359,0.186787
4341.900602,sim,1.436454,-0.037467,-2.550925,0.964937,-1.714129,0.185584
4341.904672,sim,1.436450,-0.037470,-2.552080,0.964946,-1.715926,0.184418
4341.908698,sim,1.436451,-0.037455,-2.552083,0.964936,-1.715924,0.184412
4341.912651,sim,1.436450,-0.037464,-2.553239,0.964947,-1.717742,0.183261
4341.916637,sim,1.436452,-0.037465,-2.554405,0.964934,-1.719577,0.182104
4341.920616,sim,1.436448,-0.037446,-2.555580,0.964938,-1.721452,0.180981
4341.924661,sim,1.436454,-0.037474,-2.556752,0.964935,-1.723332,0.179857
4341.928657,sim,1.436447,-0.037454,-2.557936,0.964940,-1.725242,0.178766
4341.932558,sim,1.436453,-0.037474,-2.557932,0.964936,-1.725235,0.178758
4341.936716,sim,1.436449,-0.037471,-2.559124,0.964941,-1.727167,0.177679
4341.940715,sim,1.436452,-0.037472,-2.560334,0.964932,-1.729123,0.176603
4341.944702,sim,1.436448,-0.037462,-2.561559,0.964942,-1.731116,0.175565
4341.948683,sim,1.436452,-0.037466,-2.562790,0.964930,-1.733108,0.174525
4341.952646,sim,1.436449,-0.037468,-2.564023,0.964941,-1.735120,0.173529
4341.956786,sim,1.436452,-0.037469,-2.565253,0.964929,-1.737115,0.172540
4341.960734,sim,1.436448,-0.037464,-2.566477,0.964941,-1.739115,0.171604
4341.964608,sim,1.436452,-0.037467,-2.567685,0.964929,-1.741078,0.170678
4341.968650,sim,1.436449,-0.037467,-2.567686,0.964939,-1.741084,0.170687
4341.972693,sim,1.436451,-0.037466,-2.568871,0.964931,-1.743016,0.169810
4341.977439,sim,1.436448,-0.037464,-2.570025,0.964939,-1.744920,0.168998
4341.980718,sim,1.436451,-0.037463,-2.571149,0.964926,-1.746772,0.168215
4341.984651,sim,1.436448,-0.037465,-2.572245,0.964936,-1.748601,0.167496
4341.988690,sim,1.436451,-0.037476,-2.573312,0.964922,-1.750380,0.166795
4341.992677,sim,1.436445,-0.037464,-2.574357,0.964933,-1.752145,0.166159
4341.996781,sim,1.436448,-0.037468,-2.575375,0.964920,-1.753862,0.165532
4342.000726,sim,1.436444,-0.037462,-2.575376,0.964929,-1.753869,0.165541
4342.004757,sim,1.436447,-0.037464,-2.576383,0.964916,-1.755582,0.164940
4342.008757,sim,1.436443,-0.037466,-2.577390,0.964924,-1.757326,0.164377
4342.012787,sim,1.436445,-0.037467,-2.578396,0.964910,-1.759072,0.163813
4342.016951,sim,1.436441,-0.037468,-2.579400,0.964918,-1.760842,0.163287
4342.020967,sim,1.436442,-0.037459,-2.580401,0.964903,-1.762609,0.162759
4342.024822,sim,1.436441,-0.037467,-2.580399,0.964914,-1.762614,0.162768
4342.028758,sim,1.436441,-0.037464,-2.581405,0.964898,-1.764406,0.162252
4342.032744,sim,1.436438,-0.037465,-2.582425,0.964907,-1.766255,0.161770
4342.036904,sim,1.436441,-0.037466,-2.583455,0.964890,-1.768127,0.161276
4342.040818,sim,1.436436,-0.037464,-2.584497,0.964900,-1.770049,0.160821
4342.044796,sim,1.436439,-0.037472,-2.585542,0.964885,-1.771982,0.160354
4342.048743,sim,1.436433,-0.037451,-2.586599,0.964886,-1.773955,0.159923
4342.052778,sim,1.436440,-0.037473,-2.587649,0.964878,-1.775931,0.159489
4342.056864,sim,1.436434,-0.037470,-2.587650,0.964888,-1.775937,0.159499
4342.060831,sim,1.436438,-0.037470,-2.588709,0.964870,-1.777938,0.159083
4342.064788,sim,1.436433,-0.037462,-2.589776,0.964881,-1.779991,0.158728
4342.068841,sim,1.436438,-0.037474,-2.590841,0.964864,-1.782046,0.158371
4342.072782,sim,1.436433,-0.037471,-2.591910,0.964870,-1.784137,0.158069
4342.076845,sim,1.436436,-0.037465,-2.592974,0.964856,-1.786225,0.157777
4342.080766,sim,1.436434,-0.037470,-2.594031,0.964864,-1.788325,0.157529
4342.084760,sim,1.436436,-0.037467,-2.595077,0.964847,-1.790404,0.157286
4342.088783,sim,1.436433,-0.037466,-2.595078,0.964860,-1.790412,0.157299
4342.092761,sim,1.436436,-0.037467,-2.596116,0.964841,-1.792484,0.157080
4342.096946,sim,1.436432,-0.037463,-2.597150,0.964850,-1.794572,0.156919
4342.100777,sim,1.436436,-0.037464,-2.598177,0.964829,-1.796635,0.156755
4342.104789,sim,1.436433,-0.037466,-2.599196,0.964834,-1.798704,0.156641
4342.108796,sim,1.436436,-0.037471,-2.600205,0.964811,-1.800741,0.156523
4342.112903,sim,1.436431,-0.037461,-2.601207,0.964814,-1.802780,0.156453
4342.116987,sim,1.436436,-0.037469,-2.601205,0.964804,-1.802772,0.156442
4342.120888,sim,1.436431,-0.037455,-2.602192,0.964797,-1.804778,0.156381
4342.124803,sim,1.436436,-0.037475,-2.603153,0.964782,-1.806736,0.156320
4342.128946,sim,1.436429,-0.037458,-2.604105,0.964771,-1.808673,0.156285
4342.132830,sim,1.436436,-0.037475,-2.605034,0.964752,-1.810566,0.156244
4342.136933,sim,1.436429,-0.037466,-2.605952,0.964745,-1.812443,0.156233
4342.140775,sim,1.436434,-0.037469,-2.606852,0.964714,-1.814278,0.156205
4342.145179,sim,1.436428,-0.037452,-2.607743,0.964701,-1.816103,0.156208
4342.148887,sim,1.436436,-0.037479,-2.607737,0.964699,-1.816094,0.156198
4342.152869,sim,1.436428,-0.037463,-2.608630,0.964683,-1.817936,0.156204
4342.156852,sim,1.436433,-0.037475,-2.609534,0.964655,-1.819818,0.156193
4342.160804,sim,1.436426,-0.037468,-2.610457,0.964644,-1.821765,0.156207
4342.164853,sim,1.436431,-0.037463,-2.611390,0.964606,-1.823739,0.156196
4342.168842,sim,1.436427,-0.037461,-2.612333,0.964590,-1.825762,0.156208
4342.172790,sim,1.436430,-0.037472,-2.613280,0.964558,-1.827801,0.156203
4342.177226,sim,1.436425,-0.037469,-2.614234,0.964542,-1.829877,0.156218
4342.180925,sim,1.436430,-0.037472,-2.614233,0.964530,-1.829869,0.156205
4342.184950,sim,1.436425,-0.037469,-2.615193,0.964518,-1.831978,0.156223
4342.188873,sim,1.436429,-0.037472,-2.616157,0.964481,-1.834107,0.156214
4342.192774,sim,1.436424,-0.037458,-2.617131,0.964465,-1.836283,0.156228
4342.196929,sim,1.436430,-0.037478,-2.618099,0.964438,-1.838463,0.156221
4342.200867,sim,1.436421,-0.037453,-2.619075,0.964424,-1.840674,0.156237
4342.204812,sim,1.436430,-0.037474,-2.619070,0.964419,-1.840666,0.156225
4342.208818,sim,1.436422,-0.037456,-2.620043,0.964406,-1.842889,0.156239
4342.212810,sim,1.436429,-0.037474,-2.621006,0.964382,-1.845109,0.156229
4342.216874,sim,1.436423,-0.037476,-2.621968,0.964382,-1.847352,0.156246
4342.220823,sim,1.436428,-0.037471,-2.622922,0.964349,-1.849574,0.156229
4342.224794,sim,1.436422,-0.037463,-2.623866,0.964356,-1.851810,0.156252
4342.228871,sim,1.436429,-0.037475,-2.624791,0.964329,-1.854001,0.156233
4342.232913,sim,1.436423,-0.037470,-2.625703,0.964332,-1.856188,0.156248
4342.236908,sim,1.436427,-0.037467,-2.625702,0.964317,-1.856179,0.156233
4342.241026,sim,1.436421,-0.037463,-2.626605,0.964329,-1.858373,0.156257
4342.244923,sim,1.436428,-0.037475,-2.627500,0.964303,-1.860573,0.156234
4342.248990,sim,1.436420,-0.037463,-2.628402,0.964311,-1.862831,0.156255
4342.252858,sim,1.436428,-0.037473,-2.629295,0.964289,-1.865091,0.156236
4342.257044,sim,1.436420,-0.037461,-2.630193,0.964299,-1.867401,0.156257
4342.260909,sim,1.436427,-0.037468,-2.631082,0.964277,-1.869707,0.156238
4342.264980,sim,1.436422,-0.037474,-2.631082,0.964291,-1.869714,0.156251
4342.268868,sim,1.436424,-0.037459,-2.631973,0.964272,-1.872043,0.156241
4342.272869,sim,1.436420,-0.037462,-2.632856,0.964282,-1.874398,0.156258
4342.277165,sim,1.436426,-0.037472,-2.633729,0.964260,-1.876737,0.156237
4342.280917,sim,1.436419,-0.037467,-2.634600,0.964271,-1.879104,0.156257
4342.284925,sim,1.436424,-0.037464,-2.635460,0.964247,-1.881447,0.156238
4342.288896,sim,1.436418,-0.037463,-2.636312,0.964260,-1.883807,0.156259
4342.292934,sim,1.436425,-0.037473,-2.637149,0.964237,-1.886131,0.156237
4342.296999,sim,1.436418,-0.037469,-2.637151,0.964254,-1.886143,0.156258
4342.300885,sim,1.436423,-0.037464,-2.637987,0.964229,-1.888485,0.156238
4342.304862,sim,1.436417,-0.037461,-2.638825,0.964243,-1.890893,0.156261
4342.308894,sim,1.436425,-0.037476,-2.639656,0.964219,-1.893304,0.156235
4342.312869,sim,1.436416,-0.037467,-2.640492,0.964233,-1.895773,0.156260
4342.316949,sim,1.436423,-0.037466,-2.641320,0.964207,-1.898234,0.156236
4342.320907,sim,1.436416,-0.037462,-2.642145,0.964224,-1.900736,0.156262
4342.324939,sim,1.436424,-0.037471,-2.642957,0.964202,-1.903214,0.156240
4342.328939,sim,1.436418,-0.037468,-2.642959,0.964216,-1.903224,0.156256
4342.332968,sim,1.436422,-0.037461,-2.643773,0.964199,-1.905750,0.156243
4342.337058,sim,1.436418,-0.037469,-2.644590,0.964210,-1.908365,0.156258
4342.340957,sim,1.436422,-0.037463,-2.645411,0.964191,-1.911027,0.156241
4342.344915,sim,1.436418,-0.037468,-2.646232,0.964204,-1.913763,0.156257
4342.348947,sim,1.436422,-0.037462,-2.647052,0.964185,-1.916529,0.156242
4342.352967,sim,1.436418,-0.037471,-2.647052,0.964203,-1.916539,0.156258
4342.357082,sim,1.436422,-0.037465,-2.647874,0.964182,-1.919369,0.156239
4342.361078,sim,1.436417,-0.037467,-2.648703,0.964198,-1.922301,0.156259
4342.364986,sim,1.436425,-0.037477,-2.649528,0.964179,-1.925275,0.156235
4342.368958,sim,1.436415,-0.037464,-2.650359,0.964198,-1.928334,0.156264
4342.372974,sim,1.436423,-0.037469,-2.651179,0.964179,-1.931401,0.156241
4342.377201,sim,1.436417,-0.037465,-2.651996,0.964193,-1.934520,0.156260
4342.380973,sim,1.436423,-0.037462,-2.652800,0.964175,-1.937629,0.156241
4342.384963,sim,1.436417,-0.037464,-2.653592,0.964193,-1.940759,0.156263
4342.388960,sim,1.436423,-0.037466,-2.653590,0.964174,-1.940745,0.156240
4342.392959,sim,1.436418,-0.037467,-2.654360,0.964187,-1.943849,0.156255
4342.396974,sim,1.436422,-0.037462,-2.655101,0.964175,-1.946903,0.156244
4342.400942,sim,1.436418,-0.037472,-2.655816,0.964190,-1.949938,0.156260
4342.404935,sim,1.436423,-0.037465,-2.656506,0.964169,-1.952918,0.156237
4342.408945,sim,1.436416,-0.037463,-2.657176,0.964192,-1.955894,0.156267
4342.412889,sim,1.436423,-0.037471,-2.657819,0.964172,-1.958805,0.156240
4342.417299,sim,1.436417,-0.037468,-2.658448,0.964187,-1.961712,0.156260
4342.421058,sim,1.436422,-0.037461,-2.658448,0.964170,-1.961702,0.156241
4342.424920,sim,1.436417,-0.037468,-2.659068,0.964189,-1.964639,0.156263
4342.428891,sim,1.436423,-0.037468,-2.659688,0.964168,-1.967637,0.156238
4342.433025,sim,1.436417,-0.037467,-2.660313,0.964184,-1.970736,0.156259
4342.437145,sim,1.436421,-0.037458,-2.660938,0.964170,-1.973883,0.156245
4342.440997,sim,1.436417,-0.037469,-2.661561,0.964187,-1.977103,0.156262
4342.444994,sim,1.436422,-0.037466,-2.661560,0.964168,-1.977091,0.156240
4342.448951,sim,1.436417,-0.037468,-2.662188,0.964187,-1.980391,0.156263
4342.453030,sim,1.436422,-0.037459,-2.662821,0.964166,-1.983760,0.156241
4342.457147,sim,1.436417,-0.037469,-2.663457,0.964186,-1.987226,0.156262
4342.460997,sim,1.436422,-0.037462,-2.664094,0.964167,-1.990728,0.156242
4342.465142,sim,1.436417,-0.037467,-2.664729,0.964188,-1.994295,0.156265
4342.469175,sim,1.436424,-0.037479,-2.665355,0.964167,-1.997855,0.156236
4342.473299,sim,1.436416,-0.037468,-2.665983,0.964184,-2.001456,0.156262
4342.479503,sim,1.436424,-0.037461,-2.665983,0.964162,-2.001443,0.156236
4342.481250,sim,1.436416,-0.037466,-2.666595,0.964189,-2.005036,0.156268
4342.485335,sim,1.436423,-0.037464,-2.667188,0.964166,-2.008577,0.156240
4342.489179,sim,1.436418,-0.037467,-2.667767,0.964182,-2.012118,0.156259
4342.493080,sim,1.436422,-0.037464,-2.668327,0.964169,-2.015607,0.156244
4342.497276,sim,1.436417,-0.037468,-2.668871,0.964183,-2.019073,0.156260
4342.501033,sim,1.436422,-0.037471,-2.669395,0.964171,-2.022473,0.156244
4342.505034,sim,1.436415,-0.037446,-2.669910,0.964179,-2.025844,0.156262
4342.508943,sim,1.436425,-0.037475,-2.669903,0.964171,-2.025829,0.156243
4342.513048,sim,1.436414,-0.037451,-2.670403,0.964180,-2.029192,0.156262
4342.517181,sim,1.436426,-0.037479,-2.670879,0.964170,-2.032563,0.156240
4342.521230,sim,1.436412,-0.037446,-2.671359,0.964181,-2.035999,0.156265
4342.525021,sim,1.436425,-0.037473,-2.671814,0.964171,-2.039430,0.156243
4342.528959,sim,1.436413,-0.037448,-2.672271,0.964179,-2.042911,0.156262
4342.533278,sim,1.436425,-0.037473,-2.672707,0.964169,-2.046378,0.156240
4342.537187,sim,1.436413,-0.037468,-2.672708,0.964188,-2.046393,0.156267
4342.541029,sim,1.436425,-0.037478,-2.673135,0.964165,-2.049864,0.156234
4342.545030,sim,1.436412,-0.037466,-2.673555,0.964189,-2.053372,0.156269
4342.549047,sim,1.436423,-0.037472,-2.673955,0.964168,-2.056837,0.156240
4342.552981,sim,1.436413,-0.037463,-2.674349,0.964185,-2.060319,0.156265
4342.557121,sim,1.436423,-0.037472,-2.674721,0.964165,-2.063749,0.156236
4342.561031,sim,1.436413,-0.037465,-2.675087,0.964186,-2.067188,0.156266
4342.565060,sim,1.436421,-0.037462,-2.675433,0.964164,-2.070563,0.156238
4342.569087,sim,1.436412,-0.037464,-2.675435,0.964189,-2.070580,0.156270
4342.573043,sim,1.436422,-0.037474,-2.675763,0.964166,-2.073946,0.156237
4342.577246,sim,1.436410,-0.037459,-2.676083,0.964186,-2.077370,0.156268
4342.581038,sim,1.436423,-0.037473,-2.676376,0.964162,-2.080769,0.156232
4342.585279,sim,1.436408,-0.037461,-2.676662,0.964191,-2.084221,0.156274
4342.588990,sim,1.436421,-0.037471,-2.676923,0.964166,-2.087629,0.156237
4342.593118,sim,1.436410,-0.037463,-2.676927,0.964185,-2.087646,0.156266
4342.597187,sim,1.436421,-0.037461,-2.677176,0.964159,-2.091093,0.156232
4342.601041,sim,1.436408,-0.037463,-2.677416,0.964193,-2.094650,0.156277
4342.605073,sim,1.436419,-0.037468,-2.677636,0.964166,-2.098219,0.156239
4342.609052,sim,1.436409,-0.037462,-2.677850,0.964188,-2.101873,0.156270
4342.614261,sim,1.436420,-0.037471,-2.678042,0.964164,-2.105525,0.156235
4342.617134,sim,1.436407,-0.037458,-2.678231,0.964190,-2.109243,0.156276
4342.621059,sim,1.436421,-0.037471,-2.678396,0.964163,-2.112928,0.156233
4342.625399,sim,1.436407,-0.037461,-2.678560,0.964188,-2.116659,0.156272
4342.629031,sim,1.436421,-0.037472,-2.678555,0.964161,-2.116636,0.156231
4342.633102,sim,1.436406,-0.037461,-2.678701,0.964192,-2.120344,0.156277
4342.637093,sim,1.436421,-0.037471,-2.678819,0.964160,-2.123949,0.156231
4342.640987,sim,1.436403,-0.037457,-2.678929,0.964194,-2.127555,0.156281
4342.644959,sim,1.436421,-0.037470,-2.679011,0.964157,-2.131050,0.156227
4342.649027,sim,1.436403,-0.037461,-2.679089,0.964193,-2.134548,0.156280
4342.652968,sim,1.436418,-0.037470,-2.679143,0.964159,-2.137936,0.156230
4342.657466,sim,1.436401,-0.037460,-2.679194,0.964193,-2.141321,0.156280
4342.661081,sim,1.436415,-0.037470,-2.679189,0.964164,-2.141297,0.156236
4342.665102,sim,1.436400,-0.037460,-2.679230,0.964190,-2.144676,0.156276
4342.668975,sim,1.436412,-0.037470,-2.679252,0.964164,-2.148061,0.156237
4342.673057,sim,1.436400,-0.037462,-2.679275,0.964181,-2.151524,0.156264
4342.677292,sim,1.436403,-0.037456,-2.679287,0.964172,-2.154999,0.156253
4342.681035,sim,1.436396,-0.037462,-2.679294,0.964185,-2.158512,0.156269
4342.684947,sim,1.436406,-0.037472,-2.679290,0.964163,-2.158494,0.156235
4342.689180,sim,1.436389,-0.037463,-2.679296,0.964193,-2.162067,0.156280
4342.693087,sim,1.436403,-0.037469,-2.679290,0.964157,-2.165650,0.156228
4342.697121,sim,1.436381,-0.037460,-2.679292,0.964198,-2.169332,0.156289
4342.701086,sim,1.436397,-0.037469,-2.679280,0.964159,-2.172981,0.156231
4342.705047,sim,1.436377,-0.037460,-2.679277,0.964196,-2.176698,0.156286
4342.708966,sim,1.436393,-0.037473,-2.679262,0.964158,-2.180350,0.156228
4342.713072,sim,1.436372,-0.037461,-2.679257,0.964194,-2.184038,0.156284
4342.717133,sim,1.436390,-0.037468,-2.679252,0.964156,-2.184010,0.156228
4342.720976,sim,1.436368,-0.037460,-2.679248,0.964198,-2.187684,0.156291
4342.725028,sim,1.436387,-0.037469,-2.679232,0.964155,-2.191291,0.156225
4342.728979,sim,1.436366,-0.037463,-2.679229,0.964196,-2.194952,0.156287
4342.732978,sim,1.436382,-0.037463,-2.679218,0.964156,-2.198540,0.156230
4342.737159,sim,1.436362,-0.037462,-2.679215,0.964199,-2.202165,0.156292
4342.741017,sim,1.436382,-0.037470,-2.679204,0.964154,-2.205702,0.156225
4342.744967,sim,1.436360,-0.037461,-2.679210,0.964199,-2.205736,0.156293
4342.748995,sim,1.436380,-0.037473,-2.679198,0.964157,-2.209230,0.156228
4342.752996,sim,1.436361,-0.037462,-2.679199,0.964195,-2.212728,0.156287
4342.757199,sim,1.436379,-0.037460,-2.679193,0.964154,-2.216110,0.156228
4342.761072,sim,1.436359,-0.037463,-2.679193,0.964201,-2.219488,0.156295
4342.764974,sim,1.436377,-0.037463,-2.679186,0.964157,-2.222742,0.156231
4342.768980,sim,1.436360,-0.037464,-2.679187,0.964198,-2.225988,0.156290
4342.773027,sim,1.436379,-0.037461,-2.679182,0.964150,-2.229108,0.156223
4342.777373,sim,1.436358,-0.037466,-2.679186,0.964202,-2.229142,0.156296
4342.780958,sim,1.436379,-0.037464,-2.679180,0.964152,-2.232216,0.156224
4342.784998,sim,1.436358,-0.037465,-2.679183,0.964202,-2.235339,0.156296
4342.789025,sim,1.436379,-0.037461,-2.679178,0.964150,-2.238373,0.156223
4342.793126,sim,1.436358,-0.037466,-2.679181,0.964203,-2.241451,0.156298
4342.797136,sim,1.436379,-0.037464,-2.679176,0.964152,-2.244433,0.156224
4342.801181,sim,1.436360,-0.037467,-2.679179,0.964200,-2.247451,0.156293
4342.805129,sim,1.436378,-0.037463,-2.679176,0.964154,-2.250375,0.156227
4342.809074,sim,1.436360,-0.037467,-2.679179,0.964200,-2.250405,0.156293
4342.812962,sim,1.436378,-0.037465,-2.679176,0.964156,-2.253314,0.156230
4342.817169,sim,1.436360,-0.037466,-2.679178,0.964199,-2.256279,0.156292
4342.821074,sim,1.436379,-0.037459,-2.679176,0.964152,-2.259177,0.156226
4342.825057,sim,1.436358,-0.037466,-2.679178,0.964205,-2.262123,0.156301
4342.828947,sim,1.436380,-0.037461,-2.679175,0.964150,-2.264981,0.156223
4342.833179,sim,1.436358,-0.037466,-2.679178,0.964205,-2.265016,0.156302
4342.837250,sim,1.436380,-0.037461,-2.679174,0.964150,-2.267864,0.156223
4342.841048,sim,1.436360,-0.037468,-2.679177,0.964201,-2.270780,0.156297
4342.844993,sim,1.436377,-0.037460,-2.679174,0.964156,-2.273627,0.156233
4342.849061,sim,1.436359,-0.037467,-2.679176,0.964202,-2.276515,0.156299
4342.853146,sim,1.436380,-0.037461,-2.679172,0.964149,-2.279315,0.156223
4342.857176,sim,1.436356,-0.037469,-2.679174,0.964210,-2.282155,0.156311
4342.861083,sim,1.436380,-0.037462,-2.679169,0.964150,-2.284879,0.156225
4342.865104,sim,1.436357,-0.037468,-2.679171,0.964207,-2.287627,0.156307
4342.869105,sim,1.436382,-0.037460,-2.679168,0.964146,-2.287589,0.156218
4342.873125,sim,1.436358,-0.037467,-2.679170,0.964205,-2.290270,0.156304
4342.877241,sim,1.436381,-0.037460,-2.679165,0.964148,-2.292800,0.156222
4342.881068,sim,1.436358,-0.037470,-2.679166,0.964206,-2.295330,0.156307
4342.885141,sim,1.436379,-0.037461,-2.679161,0.964152,-2.297724,0.156229
4342.889062,sim,1.436359,-0.037469,-2.679162,0.964203,-2.300123,0.156303
4342.893035,sim,1.436381,-0.037459,-2.679157,0.964147,-2.302401,0.156222
4342.897428,sim,1.436358,-0.037467,-2.679158,0.964205,-2.304701,0.156307
4342.901147,sim,1.436381,-0.037460,-2.679155,0.964148,-2.304665,0.156222
4342.905253,sim,1.436355,-0.037470,-2.679156,0.964211,-2.306930,0.156315
4342.909097,sim,1.436380,-0.037461,-2.679151,0.964149,-2.309088,0.156225
4342.913291,sim,1.436357,-0.037469,-2.679152,0.964207,-2.311286,0.156310
4342.917271,sim,1.436383,-0.037458,-2.679147,0.964144,-2.313369,0.156217
4342.921160,sim,1.436360,-0.037468,-2.679148,0.964202,-2.315483,0.156302
4342.925091,sim,1.436380,-0.037460,-2.679146,0.964150,-2.315451,0.156226
4342.929108,sim,1.436358,-0.037479,-2.679145,0.964209,-2.317529,0.156311
4342.933175,sim,1.436380,-0.037456,-2.679143,0.964146,-2.319513,0.156222
4342.937229,sim,1.436356,-0.037479,-2.679142,0.964215,-2.321546,0.156319
4342.941075,sim,1.436381,-0.037454,-2.679140,0.964143,-2.323474,0.156217
4342.945104,sim,1.436358,-0.037475,-2.679138,0.964209,-2.325455,0.156312
4342.949133,sim,1.436380,-0.037454,-2.679136,0.964146,-2.327333,0.156221
4342.953099,sim,1.436356,-0.037478,-2.679134,0.964215,-2.329258,0.156320
4342.957081,sim,1.436382,-0.037453,-2.679134,0.964143,-2.329217,0.156217
4342.961143,sim,1.436358,-0.037474,-2.679132,0.964209,-2.331114,0.156312
4342.965149,sim,1.436381,-0.037453,-2.679129,0.964146,-2.332908,0.156221
4342.969107,sim,1.436355,-0.037478,-2.679126,0.964215,-2.334746,0.156321
4342.973076,sim,1.436382,-0.037453,-2.679123,0.964143,-2.336471,0.156217
4342.977362,sim,1.436358,-0.037474,-2.679120,0.964210,-2.338238,0.156313
4342.981164,sim,1.436381,-0.037453,-2.679116,0.964146,-2.339892,0.156221
4342.985117,sim,1.436355,-0.037478,-2.679116,0.964216,-2.339931,0.156322
4342.989081,sim,1.436382,-0.037452,-2.679112,0.964143,-2.341523,0.156217
4342.993095,sim,1.436358,-0.037474,-2.679109,0.964210,-2.343126,0.156314
4342.997258,sim,1.436380,-0.037456,-2.679104,0.964148,-2.344587,0.156224
4343.001128,sim,1.436355,-0.037477,-2.679100,0.964215,-2.346058,0.156321
4343.005122,sim,1.436382,-0.037451,-2.679095,0.964143,-2.347388,0.156217
4343.009112,sim,1.436358,-0.037474,-2.679090,0.964211,-2.348739,0.156315
4343.013139,sim,1.436380,-0.037453,-2.679084,0.964146,-2.349957,0.156221
4343.017215,sim,1.436355,-0.037479,-2.679084,0.964217,-2.349997,0.156324
4343.021070,sim,1.436382,-0.037452,-2.679078,0.964143,-2.351156,0.156217
4343.025228,sim,1.436357,-0.037475,-2.679071,0.964211,-2.352343,0.156315
4343.029137,sim,1.436380,-0.037455,-2.679063,0.964149,-2.353403,0.156224
4343.033079,sim,1.436355,-0.037478,-2.679054,0.964217,-2.354486,0.156322
4343.037090,sim,1.436382,-0.037451,-2.679045,0.964144,-2.355443,0.156216
4343.041116,sim,1.436357,-0.037475,-2.679035,0.964213,-2.356432,0.156316
4343.045196,sim,1.436380,-0.037452,-2.679025,0.964148,-2.357300,0.156221
4343.049140,sim,1.436354,-0.037479,-2.679024,0.964219,-2.357339,0.156325
4343.053130,sim,1.436381,-0.037452,-2.679014,0.964145,-2.358152,0.156216
4343.057185,sim,1.436357,-0.037475,-2.679004,0.964214,-2.358992,0.156316
4343.061178,sim,1.436380,-0.037452,-2.678994,0.964150,-2.359704,0.156221
4343.065181,sim,1.436354,-0.037479,-2.678984,0.964222,-2.360442,0.156325
4343.069107,sim,1.436381,-0.037451,-2.678976,0.964148,-2.361053,0.156216
4343.073136,sim,1.436356,-0.037475,-2.678976,0.964216,-2.361091,0.156316
4343.077341,sim,1.436380,-0.037452,-2.678968,0.964152,-2.361658,0.156221
4343.081129,sim,1.436353,-0.037479,-2.678960,0.964224,-2.362253,0.156325
4343.085094,sim,1.436381,-0.037451,-2.678953,0.964151,-2.362719,0.156216
4343.089087,sim,1.436356,-0.037475,-2.678947,0.964220,-2.363218,0.156316
4343.093137,sim,1.436379,-0.037452,-2.678942,0.964156,-2.363597,0.156221
4343.097198,sim,1.436353,-0.037479,-2.678937,0.964229,-2.364007,0.156325
4343.101088,sim,1.436380,-0.037451,-2.678933,0.964155,-2.364293,0.156216
4343.105102,sim,1.436353,-0.037479,-2.678933,0.964230,-2.364335,0.156325
4343.109161,sim,1.436380,-0.037451,-2.678930,0.964156,-2.364571,0.156215
4343.113152,sim,1.436355,-0.037475,-2.678926,0.964226,-2.364833,0.156316
4343.117157,sim,1.436377,-0.037455,-2.678924,0.964165,-2.364970,0.156223
4343.121120,sim,1.436352,-0.037478,-2.678920,0.964234,-2.365135,0.156322
4343.125107,sim,1.436379,-0.037450,-2.678919,0.964163,-2.365180,0.156215
4343.129144,sim,1.436351,-0.037478,-2.678916,0.964239,-2.365269,0.156324
4343.133048,sim,1.436378,-0.037451,-2.678914,0.964167,-2.365242,0.156214
4343.137354,sim,1.436353,-0.037475,-2.678914,0.964235,-2.365281,0.156315
4343.141151,sim,1.436377,-0.037452,-2.678912,0.964172,-2.365219,0.156219
4343.145087,sim,1.436350,-0.037479,-2.678907,0.964246,-2.365189,0.156324
4343.149133,sim,1.436377,-0.037451,-2.678903,0.964173,-2.365037,0.156214
4343.153063,sim,1.436352,-0.037475,-2.678898,0.964243,-2.364925,0.156315
4343.157271,sim,1.436374,-0.037452,-2.678892,0.964180,-2.364701,0.156219
4343.161102,sim,1.436347,-0.037479,-2.678884,0.964254,-2.364521,0.156324
4343.165116,sim,1.436375,-0.037451,-2.678884,0.964179,-2.364480,0.156214
4343.169095,sim,1.436350,-0.037475,-2.678876,0.964249,-2.364258,0.156315
4343.173140,sim,1.436372,-0.037452,-2.678867,0.964186,-2.363912,0.156219
4343.177341,sim,1.436345,-0.037480,-2.678856,0.964259,-2.363592,0.156323
4343.181065,sim,1.436371,-0.037452,-2.678846,0.964185,-2.363143,0.156214
4343.185042,sim,1.436346,-0.037475,-2.678834,0.964255,-2.362725,0.156314
4343.189025,sim,1.436368,-0.037453,-2.678822,0.964191,-2.362184,0.156219
4343.193078,sim,1.436340,-0.037480,-2.678809,0.964264,-2.361670,0.156323
4343.197152,sim,1.436367,-0.037452,-2.678809,0.964189,-2.361628,0.156214
4343.201068,sim,1.436342,-0.037476,-2.678796,0.964258,-2.361030,0.156314
4343.205086,sim,1.436363,-0.037453,-2.678782,0.964194,-2.360242,0.156219
4343.209092,sim,1.436335,-0.037480,-2.678768,0.964266,-2.359426,0.156322
4343.213051,sim,1.436361,-0.037453,-2.678754,0.964192,-2.358434,0.156214
4343.217386,sim,1.436334,-0.037476,-2.678741,0.964260,-2.357436,0.156313
4343.221126,sim,1.436355,-0.037454,-2.678727,0.964196,-2.356286,0.156219
4343.225152,sim,1.436327,-0.037480,-2.678713,0.964267,-2.355146,0.156322
4343.229053,sim,1.436354,-0.037453,-2.678713,0.964193,-2.355105,0.156214
4343.233136,sim,1.436328,-0.037476,-2.678700,0.964261,-2.353873,0.156313
4343.237224,sim,1.436349,-0.037454,-2.678688,0.964197,-2.352452,0.156219
4343.241197,sim,1.436320,-0.037480,-2.678676,0.964268,-2.351005,0.156322
4343.245122,sim,1.436345,-0.037454,-2.678666,0.964194,-2.349383,0.156214
4343.249178,sim,1.436318,-0.037476,-2.678656,0.964262,-2.347759,0.156313
4343.253135,sim,1.436341,-0.037455,-2.678656,0.964197,-2.347722,0.156219
4343.257245,sim,1.436313,-0.037480,-2.678647,0.964268,-2.346004,0.156321
4343.261043,sim,1.436337,-0.037454,-2.678640,0.964194,-2.344098,0.156215
4343.265052,sim,1.436310,-0.037476,-2.678633,0.964262,-2.342176,0.156312
4343.269072,sim,1.436330,-0.037455,-2.678627,0.964198,-2.340094,0.156220
4343.273077,sim,1.436303,-0.037480,-2.678621,0.964268,-2.338015,0.156321
4343.277202,sim,1.436327,-0.037455,-2.678617,0.964195,-2.335792,0.156216
4343.281074,sim,1.436301,-0.037477,-2.678613,0.964261,-2.333597,0.156312
4343.285101,sim,1.436323,-0.037456,-2.678613,0.964198,-2.333560,0.156220
4343.289118,sim,1.436296,-0.037480,-2.678610,0.964267,-2.331297,0.156320
4343.293045,sim,1.436320,-0.037456,-2.678607,0.964195,-2.328867,0.156216
4343.297262,sim,1.436295,-0.037477,-2.678605,0.964261,-2.326441,0.156311
4343.301132,sim,1.436316,-0.037457,-2.678603,0.964198,-2.323878,0.156221
4343.305008,sim,1.436290,-0.037480,-2.678603,0.964266,-2.321338,0.156319
4343.309080,sim,1.436314,-0.037456,-2.678601,0.964195,-2.318679,0.156217
4343.313151,sim,1.436291,-0.037477,-2.678602,0.964260,-2.316071,0.156311
4343.317183,sim,1.436312,-0.037457,-2.678601,0.964198,-2.316035,0.156222
4343.321142,sim,1.436288,-0.037480,-2.678601,0.964266,-2.313374,0.156319
4343.325162,sim,1.436312,-0.037457,-2.678600,0.964195,-2.310553,0.156218
4343.329108,sim,1.436289,-0.037477,-2.678601,0.964260,-2.307740,0.156310
4343.333124,sim,1.436310,-0.037458,-2.678601,0.964198,-2.304793,0.156223
4343.337198,sim,1.436285,-0.037479,-2.678602,0.964265,-2.301870,0.156318
4343.341095,sim,1.436309,-0.037458,-2.678601,0.964195,-2.298826,0.156219
4343.345213,sim,1.436287,-0.037477,-2.678602,0.964259,-2.298864,0.156310
4343.349230,sim,1.436307,-0.037461,-2.678601,0.964200,-2.295817,0.156226
4343.353174,sim,1.436284,-0.037478,-2.678602,0.964263,-2.292862,0.156315
4343.357151,sim,1.436305,-0.037459,-2.678601,0.964199,-2.289859,0.156226
4343.361098,sim,1.436283,-0.037467,-2.678605,0.964257,-2.286960,0.156310
4343.365181,sim,1.436307,-0.037461,-2.678601,0.964196,-2.284022,0.156221
4343.369156,sim,1.436282,-0.037469,-2.678605,0.964255,-2.281203,0.156307
4343.373092,sim,1.436302,-0.037466,-2.678601,0.964201,-2.278360,0.156229
4343.377395,sim,1.436281,-0.037469,-2.678604,0.964254,-2.278394,0.156306
4343.381147,sim,1.436301,-0.037466,-2.678601,0.964201,-2.275569,0.156229
4343.385091,sim,1.436277,-0.037470,-2.678605,0.964253,-2.272797,0.156306
4343.389178,sim,1.436295,-0.037466,-2.678602,0.964205,-2.269948,0.156235
4343.393082,sim,1.436274,-0.037470,-2.678604,0.964251,-2.267153,0.156302
4343.397288,sim,1.436292,-0.037465,-2.678601,0.964199,-2.264292,0.156228
4343.401084,sim,1.436267,-0.037471,-2.678605,0.964254,-2.261497,0.156307
4343.405095,sim,1.436283,-0.037465,-2.678601,0.964203,-2.258639,0.156235
4343.409721,sim,1.436267,-0.037473,-2.678603,0.964248,-2.258667,0.156297
4343.413129,sim,1.436281,-0.037469,-2.678601,0.964204,-2.255787,0.156235
4343.417203,sim,1.436259,-0.037472,-2.678603,0.964249,-2.252916,0.156300
4343.421111,sim,1.436274,-0.037468,-2.678601,0.964204,-2.249944,0.156236
4343.425127,sim,1.436252,-0.037470,-2.678604,0.964252,-2.247004,0.156305
4343.429102,sim,1.436269,-0.037471,-2.678600,0.964203,-2.243976,0.156234
4343.433117,sim,1.436251,-0.037471,-2.678603,0.964248,-2.244006,0.156299
4343.437175,sim,1.436266,-0.037470,-2.678600,0.964205,-2.240941,0.156238
4343.441163,sim,1.436244,-0.037469,-2.678604,0.964251,-2.237873,0.156304
4343.445126,sim,1.436263,-0.037466,-2.678600,0.964200,-2.234686,0.156232
4343.449162,sim,1.436240,-0.037471,-2.678604,0.964252,-2.231523,0.156306
4343.453104,sim,1.436259,-0.037468,-2.678600,0.964200,-2.228258,0.156232
4343.457199,sim,1.436239,-0.037473,-2.678603,0.964249,-2.225035,0.156301
4343.461165,sim,1.436255,-0.037468,-2.678600,0.964202,-2.221735,0.156236
4343.465180,sim,1.436235,-0.037471,-2.678604,0.964251,-2.218492,0.156305
4343.469227,sim,1.436256,-0.037478,-2.678598,0.964203,-2.218458,0.156234
4343.473157,sim,1.436233,-0.037468,-2.678604,0.964249,-2.215247,0.156304
4343.477417,sim,1.436252,-0.037478,-2.678599,0.964208,-2.212027,0.156242
4343.481236,sim,1.436234,-0.037467,-2.678604,0.964245,-2.208921,0.156298
4343.485151,sim,1.436253,-0.037477,-2.678599,0.964204,-2.205810,0.156237
4343.489187,sim,1.436232,-0.037467,-2.678605,0.964246,-2.202814,0.156301
4343.493140,sim,1.436252,-0.037477,-2.678599,0.964204,-2.199805,0.156237
4343.497263,sim,1.436232,-0.037466,-2.678605,0.964246,-2.196909,0.156301
4343.501135,sim,1.436251,-0.037473,-2.678599,0.964205,-2.196879,0.156240
4343.505138,sim,1.436233,-0.037468,-2.678604,0.964245,-2.193990,0.156299
4343.509134,sim,1.436252,-0.037478,-2.678598,0.964204,-2.191016,0.156237
4343.513181,sim,1.436233,-0.037468,-2.678604,0.964243,-2.188088,0.156296
4343.517163,sim,1.436251,-0.037479,-2.678599,0.964207,-2.185091,0.156242
4343.521302,sim,1.436233,-0.037467,-2.678604,0.964242,-2.182147,0.156295
4343.525213,sim,1.436251,-0.037478,-2.678599,0.964207,-2.182119,0.156242
4343.529175,sim,1.436232,-0.037465,-2.678604,0.964245,-2.179161,0.156299
4343.533180,sim,1.436251,-0.037474,-2.678599,0.964207,-2.176116,0.156242
4343.537299,sim,1.436233,-0.037466,-2.678604,0.964244,-2.173107,0.156297
4343.541266,sim,1.436251,-0.037473,-2.678599,0.964206,-2.170030,0.156241
4343.545182,sim,1.436233,-0.037467,-2.678604,0.964244,-2.167004,0.156297
4343.549158,sim,1.436251,-0.037478,-2.678598,0.964205,-2.163924,0.156239
4343.553323,sim,1.436234,-0.037468,-2.678603,0.964242,-2.160915,0.156294
4343.557334,sim,1.436249,-0.037475,-2.678599,0.964209,-2.160890,0.156246
4343.561247,sim,1.436235,-0.037468,-2.678603,0.964241,-2.157865,0.156292
4343.565167,sim,1.436250,-0.037466,-2.678600,0.964203,-2.154754,0.156240
4343.569214,sim,1.436235,-0.037471,-2.678602,0.964244,-2.151666,0.156296
4343.573286,sim,1.436249,-0.037473,-2.678599,0.964206,-2.148501,0.156243
4343.577410,sim,1.436234,-0.037468,-2.678602,0.964245,-2.145376,0.156298
4343.581230,sim,1.436250,-0.037477,-2.678597,0.964208,-2.142185,0.156244
4343.585353,sim,1.436234,-0.037467,-2.678602,0.964243,-2.139047,0.156295
4343.589265,sim,1.436250,-0.037476,-2.678597,0.964208,-2.139020,0.156244
4343.593243,sim,1.436234,-0.037467,-2.678602,0.964243,-2.135867,0.156294
4343.597294,sim,1.436251,-0.037479,-2.678595,0.964206,-2.132635,0.156240
4343.601205,sim,1.436234,-0.037468,-2.678600,0.964242,-2.129444,0.156293
4343.605208,sim,1.436250,-0.037479,-2.678595,0.964210,-2.126193,0.156245
4343.609182,sim,1.436234,-0.037466,-2.678599,0.964241,-2.122997,0.156292
4343.613212,sim,1.436250,-0.037476,-2.678594,0.964208,-2.122971,0.156243
4343.617376,sim,1.436234,-0.037467,-2.678598,0.964242,-2.119771,0.156293
4343.621235,sim,1.436250,-0.037476,-2.678593,0.964209,-2.116503,0.156245
4343.625224,sim,1.436233,-0.037462,-2.678598,0.964242,-2.113281,0.156295
4343.629160,sim,1.436249,-0.037477,-2.678591,0.964212,-2.110007,0.156247
4343.633177,sim,1.436234,-0.037465,-2.678595,0.964241,-2.106793,0.156292
4343.637331,sim,1.436249,-0.037477,-2.678589,0.964211,-2.103547,0.156247
4343.641190,sim,1.436234,-0.037465,-2.678593,0.964241,-2.100375,0.156291
4343.645437,sim,1.436249,-0.037477,-2.678588,0.964211,-2.097189,0.156247
4343.649290,sim,1.436236,-0.037468,-2.678592,0.964239,-2.097211,0.156287
4343.653267,sim,1.436249,-0.037479,-2.678586,0.964211,-2.094068,0.156246
4343.657362,sim,1.436235,-0.037466,-2.678590,0.964241,-2.091016,0.156290
4343.661193,sim,1.436248,-0.037476,-2.678585,0.964215,-2.087963,0.156251
4343.665193,sim,1.436236,-0.037466,-2.678589,0.964238,-2.084995,0.156286
4343.669244,sim,1.436248,-0.037476,-2.678583,0.964215,-2.082031,0.156251
4343.673240,sim,1.436237,-0.037469,-2.678586,0.964236,-2.079146,0.156282
4343.677409,sim,1.436246,-0.037468,-2.678583,0.964215,-2.076271,0.156255
4343.681316,sim,1.436237,-0.037467,-2.678586,0.964238,-2.076287,0.156285
4343.685290,sim,1.436246,-0.037476,-2.678581,0.964218,-2.073415,0.156256
4343.689161,sim,1.436236,-0.037464,-2.678584,0.964238,-2.070551,0.156285
4343.693216,sim,1.436248,-0.037478,-2.678577,0.964216,-2.067630,0.156251
4343.697419,sim,1.436236,-0.037466,-2.678580,0.964237,-2.064732,0.156283
4343.701301,sim,1.436246,-0.037474,-2.678574,0.964218,-2.061793,0.156256
4343.705243,sim,1.436236,-0.037464,-2.678578,0.964238,-2.061810,0.156285
4343.709277,sim,1.436248,-0.037477,-2.678571,0.964215,-2.058832,0.156250
4343.713369,sim,1.436237,-0.037468,-2.678572,0.964235,-2.055832,0.156281
4343.717332,sim,1.436248,-0.037475,-2.678565,0.964213,-2.052744,0.156249
4343.721291,sim,1.436235,-0.037462,-2.678565,0.964239,-2.049651,0.156288
4343.725224,sim,1.436247,-0.037473,-2.678556,0.964215,-2.046478,0.156251
4343.729205,sim,1.436234,-0.037462,-2.678555,0.964241,-2.043314,0.156289
4343.733237,sim,1.436248,-0.037481,-2.678543,0.964215,-2.040082,0.156249
4343.737325,sim,1.436234,-0.037466,-2.678548,0.964241,-2.040104,0.156288
4343.741263,sim,1.436245,-0.037475,-2.678536,0.964217,-2.036841,0.156254
4343.745392,sim,1.436235,-0.037468,-2.678530,0.964236,-2.033570,0.156281
4343.749375,sim,1.436242,-0.037466,-2.678517,0.964217,-2.030239,0.156256
4343.753270,sim,1.436233,-0.037468,-2.678505,0.964239,-2.026917,0.156285
4343.757372,sim,1.436241,-0.037476,-2.678486,0.964215,-2.023554,0.156252
4343.761264,sim,1.436228,-0.037462,-2.678474,0.964240,-2.020236,0.156288
4343.765334,sim,1.436238,-0.037480,-2.678450,0.964215,-2.016890,0.156250
4343.769297,sim,1.436225,-0.037461,-2.678456,0.964241,-2.016913,0.156289
4343.773293,sim,1.436235,-0.037478,-2.678430,0.964218,-2.013584,0.156255
4343.777521,sim,1.436223,-0.037467,-2.678410,0.964237,-2.010297,0.156283
4343.781263,sim,1.436231,-0.037475,-2.678380,0.964216,-2.006987,0.156254
4343.785233,sim,1.436217,-0.037463,-2.678355,0.964240,-2.003730,0.156288
4343.789320,sim,1.436226,-0.037475,-2.678318,0.964214,-2.000454,0.156251
4343.793374,sim,1.436213,-0.037467,-2.678287,0.964239,-1.997246,0.156285
4343.797437,sim,1.436221,-0.037474,-2.678284,0.964220,-1.997230,0.156259
4343.801341,sim,1.436211,-0.037467,-2.678251,0.964236,-1.994060,0.156281
4343.805330,sim,1.436218,-0.037476,-2.678210,0.964216,-1.990918,0.156254
4343.809243,sim,1.436205,-0.037463,-2.678175,0.964239,-1.987865,0.156287
4343.813267,sim,1.436214,-0.037480,-2.678129,0.964215,-1.984823,0.156251
4343.817402,sim,1.436201,-0.037468,-2.678091,0.964237,-1.981870,0.156283
4343.821260,sim,1.436207,-0.037467,-2.678046,0.964218,-1.978931,0.156259
4343.825383,sim,1.436200,-0.037474,-2.678003,0.964234,-1.976057,0.156277
4343.829400,sim,1.436203,-0.037462,-2.678003,0.964220,-1.976050,0.156264
4343.833324,sim,1.436199,-0.037472,-2.677958,0.964235,-1.973160,0.156279
4343.837359,sim,1.436200,-0.037466,-2.677910,0.964221,-1.970184,0.156263
4343.841280,sim,1.436196,-0.037473,-2.677861,0.964235,-1.967168,0.156278
4343.845385,sim,1.436197,-0.037462,-2.677811,0.964221,-1.964087,0.156265
4343.849391,sim,1.436193,-0.037471,-2.677759,0.964236,-1.960982,0.156279
4343.853331,sim,1.436196,-0.037477,-2.677703,0.964222,-1.957827,0.156262
4343.857561,sim,1.436188,-0.037448,-2.677657,0.964231,-1.954678,0.156282
4343.861393,sim,1.436199,-0.037484,-2.677649,0.964221,-1.954660,0.156257
4343.865368,sim,1.436187,-0.037472,-2.677598,0.964239,-1.951488,0.156283
4343.869322,sim,1.436194,-0.037467,-2.677542,0.964218,-1.948261,0.156261
4343.873280,sim,1.436187,-0.037471,-2.677486,0.964238,-1.945041,0.156282
4343.877537,sim,1.436193,-0.037472,-2.677428,0.964216,-1.941788,0.156257
4343.881297,sim,1.436185,-0.037475,-2.677371,0.964239,-1.938565,0.156284
4343.885267,sim,1.436191,-0.037470,-2.677370,0.964219,-1.938553,0.156261
4343.889267,sim,1.436184,-0.037470,-2.677314,0.964239,-1.935324,0.156285
4343.893298,sim,1.436190,-0.037474,-2.677252,0.964216,-1.932051,0.156257
4343.897367,sim,1.436180,-0.037465,-2.677195,0.964240,-1.928807,0.156289
4343.901273,sim,1.436188,-0.037479,-2.677129,0.964221,-1.925533,0.156262
4343.905252,sim,1.436179,-0.037468,-2.677071,0.964237,-1.922303,0.156287
4343.909293,sim,1.436185,-0.037472,-2.677006,0.964217,-1.919068,0.156261
4343.913322,sim,1.436176,-0.037464,-2.676947,0.964240,-1.915898,0.156293
4343.917403,sim,1.436183,-0.037473,-2.676943,0.964220,-1.915882,0.156267
4343.921243,sim,1.436176,-0.037472,-2.676881,0.964236,-1.912737,0.156287
4343.925359,sim,1.436179,-0.037464,-2.676814,0.964219,-1.909598,0.156272
4343.929279,sim,1.436175,-0.037470,-2.676744,0.964238,-1.906507,0.156293
4343.933287,sim,1.436178,-0.037472,-2.676670,0.964220,-1.903425,0.156274
4343.937400,sim,1.436172,-0.037474,-2.676596,0.964238,-1.900403,0.156296
4343.941308,sim,1.436175,-0.037465,-2.676520,0.964219,-1.897399,0.156282
4343.945220,sim,1.436171,-0.037466,-2.676442,0.964238,-1.894458,0.156305
4343.949216,sim,1.436175,-0.037470,-2.676440,0.964223,-1.894447,0.156287
4343.953299,sim,1.436169,-0.037451,-2.676360,0.964230,-1.891515,0.156304
4343.957394,sim,1.436176,-0.037478,-2.676262,0.964225,-1.888541,0.156294
4343.961267,sim,1.436168,-0.037475,-2.676163,0.964236,-1.885573,0.156312
4343.965257,sim,1.436173,-0.037466,-2.676055,0.964222,-1.882582,0.156304
4343.969295,sim,1.436169,-0.037474,-2.675939,0.964239,-1.879602,0.156324
4343.973326,sim,1.436172,-0.037470,-2.675818,0.964222,-1.876607,0.156314
4343.977565,sim,1.436168,-0.037475,-2.675818,0.964238,-1.876617,0.156330
4343.981295,sim,1.436172,-0.037470,-2.675690,0.964220,-1.873644,0.156318
4343.985302,sim,1.436167,-0.037467,-2.675556,0.964240,-1.870734,0.156347
4343.989308,sim,1.436173,-0.037480,-2.675410,0.964223,-1.867840,0.156331
4343.993250,sim,1.436166,-0.037466,-2.675265,0.964243,-1.865020,0.156364
4343.997378,sim,1.436172,-0.037473,-2.675107,0.964226,-1.862217,0.156350
4344.001293,sim,1.436166,-0.037462,-2.674949,0.964241,-1.859489,0.156377
4344.005296,sim,1.436172,-0.037469,-2.674779,0.964229,-1.856788,0.156369
4344.009291,sim,1.436167,-0.037469,-2.674780,0.964243,-1.856797,0.156383
4344.013246,sim,1.436171,-0.037462,-2.674600,0.964230,-1.854146,0.156378
4344.017469,sim,1.436168,-0.037465,-2.674405,0.964249,-1.851553,0.156401
4344.021359,sim,1.436171,-0.037463,-2.674194,0.964243,-1.848989,0.156398
4344.025312,sim,1.436167,-0.037448,-2.673973,0.964257,-1.846491,0.156419
4344.029289,sim,1.436173,-0.037475,-2.673732,0.964259,-1.844023,0.156412
4344.033253,sim,1.436165,-0.037445,-2.673493,0.964276,-1.841633,0.156439
4344.037446,sim,1.436174,-0.037476,-2.673233,0.964280,-1.839276,0.156429
4344.041353,sim,1.436165,-0.037466,-2.673236,0.964295,-1.839287,0.156449
4344.045229,sim,1.436171,-0.037457,-2.672969,0.964293,-1.836984,0.156442
4344.049314,sim,1.436167,-0.037460,-2.672683,0.964330,-1.834737,0.156465
4344.053281,sim,1.436172,-0.037478,-2.672374,0.964342,-1.832505,0.156453
4344.057487,sim,1.436166,-0.037468,-2.672055,0.964391,-1.830339,0.156483
4344.061279,sim,1.436171,-0.037463,-2.671719,0.964411,-1.828189,0.156474
4344.065339,sim,1.436167,-0.037452,-2.671722,0.964429,-1.828203,0.156496
4344.069384,sim,1.436173,-0.037473,-2.671360,0.964458,-1.826063,0.156481
4344.073354,sim,1.436166,-0.037456,-2.670979,0.964527,-1.823954,0.156513
4344.077528,sim,1.436171,-0.037465,-2.670568,0.964572,-1.821822,0.156503
4344.081438,sim,1.436167,-0.037456,-2.670137,0.964652,-1.819718,0.156527
4344.085379,sim,1.436171,-0.037462,-2.669679,0.964714,-1.817607,0.156522
4344.089326,sim,1.436168,-0.037459,-2.669204,0.964809,-1.815528,0.156547
4344.093326,sim,1.436171,-0.037456,-2.668709,0.964879,-1.813450,0.156540
4344.097673,sim,1.436167,-0.037453,-2.668710,0.964896,-1.813460,0.156558
4344.101405,sim,1.436171,-0.037460,-2.668188,0.964978,-1.811400,0.156552
4344.105292,sim,1.436167,-0.037454,-2.667638,0.965097,-1.809379,0.156577
4344.109261,sim,1.436171,-0.037458,-2.667059,0.965200,-1.807362,0.156571
4344.113277,sim,1.436165,-0.037451,-2.666459,0.965344,-1.805393,0.156601
4344.117379,sim,1.436170,-0.037463,-2.665835,0.965467,-1.803432,0.156596
4344.121332,sim,1.436164,-0.037456,-2.665200,0.965627,-1.801527,0.156626
4344.125288,sim,1.436167,-0.037453,-2.664552,0.965761,-1.799639,0.156624
4344.129455,sim,1.436163,-0.037444,-2.664554,0.965777,-1.799651,0.156642
4344.133365,sim,1.436166,-0.037457,-2.663886,0.965930,-1.797796,0.156640
4344.137440,sim,1.436160,-0.037456,-2.663203,0.966130,-1.795989,0.156670
4344.141277,sim,1.436162,-0.037449,-2.662501,0.966321,-1.794198,0.156676
4344.145318,sim,1.436156,-0.037446,-2.661785,0.966562,-1.792456,0.156713
4344.149361,sim,1.436158,-0.037457,-2.661052,0.966791,-1.790724,0.156720
4344.153282,sim,1.436154,-0.037455,-2.661053,0.966803,-1.790732,0.156733
4344.157357,sim,1.436154,-0.037448,-2.660306,0.967054,-1.789027,0.156747
4344.161406,sim,1.436148,-0.037440,-2.659536,0.967357,-1.787347,0.156787
4344.165390,sim,1.436149,-0.037458,-2.658739,0.967673,-1.785665,0.156812
4344.169343,sim,1.436140,-0.037438,-2.657933,0.968024,-1.784017,0.156860
4344.173338,sim,1.436144,-0.037464,-2.657102,0.968387,-1.782370,0.156885
4344.177579,sim,1.436132,-0.037448,-2.656268,0.968792,-1.780768,0.156947
4344.181366,sim,1.436134,-0.037447,-2.655420,0.969192,-1.779174,0.156982
4344.185321,sim,1.436127,-0.037441,-2.654568,0.969633,-1.777622,0.157043
4344.189424,sim,1.436131,-0.037455,-2.654565,0.969628,-1.777616,0.157035
4344.193348,sim,1.436123,-0.037447,-2.653703,0.970099,-1.776095,0.157105
4344.197376,sim,1.436124,-0.037455,-2.652820,0.970591,-1.774585,0.157165
4344.201350,sim,1.436116,-0.037430,-2.651928,0.971136,-1.773117,0.157260
4344.205359,sim,1.436121,-0.037461,-2.651011,0.971705,-1.771648,0.157340
4344.209317,sim,1.436110,-0.037446,-2.650087,0.972323,-1.770218,0.157458
4344.213396,sim,1.436115,-0.037459,-2.649144,0.972948,-1.768784,0.157556
4344.217480,sim,1.436107,-0.037446,-2.648194,0.973627,-1.767383,0.157694
4344.221359,sim,1.436112,-0.037453,-2.648192,0.973612,-1.767373,0.157678
4344.225356,sim,1.436106,-0.037443,-2.647213,0.974333,-1.765962,0.157833
4344.229379,sim,1.436109,-0.037450,-2.646193,0.975076,-1.764504,0.157979
4344.233407,sim,1.436103,-0.037444,-2.645143,0.975889,-1.763042,0.158173
4344.237457,sim,1.436107,-0.037449,-2.644064,0.976713,-1.761545,0.158356
4344.241479,sim,1.436102,-0.037439,-2.642967,0.977597,-1.760057,0.158584
4344.245410,sim,1.436107,-0.037457,-2.642963,0.977586,-1.760046,0.158569
4344.249389,sim,1.436101,-0.037444,-2.641845,0.978503,-1.758547,0.158819
4344.253347,sim,1.436104,-0.037443,-2.640701,0.979428,-1.757016,0.159066
4344.257513,sim,1.436101,-0.037444,-2.639539,0.980410,-1.755492,0.159359
4344.261410,sim,1.436103,-0.037452,-2.638361,0.981391,-1.753948,0.159649
4344.265268,sim,1.436098,-0.037445,-2.637177,0.982421,-1.752424,0.159988
4344.269352,sim,1.436102,-0.037445,-2.635985,0.983438,-1.750890,0.160318
4344.273393,sim,1.436097,-0.037439,-2.634794,0.984494,-1.749384,0.160692
4344.277656,sim,1.436101,-0.037442,-2.634793,0.984482,-1.749377,0.160681
4344.281285,sim,1.436097,-0.037447,-2.633600,0.985546,-1.747887,0.161080
4344.285244,sim,1.436097,-0.037441,-2.632408,0.986591,-1.746412,0.161497
4344.289317,sim,1.436092,-0.037442,-2.631217,0.987664,-1.744975,0.161967
4344.293335,sim,1.436090,-0.037439,-2.630031,0.988711,-1.743553,0.162446
4344.297432,sim,1.436084,-0.037441,-2.628851,0.989784,-1.742175,0.162976
4344.301346,sim,1.436081,-0.037445,-2.627680,0.990824,-1.740812,0.163504
4344.305389,sim,1.436072,-0.037438,-2.626522,0.991881,-1.739499,0.164080
4344.309354,sim,1.436076,-0.037442,-2.626522,0.991867,-1.739490,0.164066
4344.313455,sim,1.436067,-0.037444,-2.625355,0.992927,-1.738192,0.164681
4344.317403,sim,1.436060,-0.037441,-2.624162,0.993976,-1.736882,0.165337
4344.321316,sim,1.436048,-0.037440,-2.622944,0.995065,-1.735592,0.166073
4344.325322,sim,1.436040,-0.037446,-2.621703,0.996139,-1.734290,0.166841
4344.329367,sim,1.436024,-0.037439,-2.620446,0.997249,-1.733011,0.167683
4344.333280,sim,1.436028,-0.037440,-2.620446,0.997235,-1.733003,0.167671
4344.337472,sim,1.436012,-0.037438,-2.619159,0.998361,-1.731717,0.168571
4344.341424,sim,1.436000,-0.037442,-2.617834,0.999482,-1.730400,0.169515
4344.345312,sim,1.435980,-0.037433,-2.616481,1.000650,-1.729094,0.170549
4344.349368,sim,1.435966,-0.037436,-2.615104,1.001801,-1.727762,0.171609
4344.353301,sim,1.435944,-0.037424,-2.613713,1.002982,-1.726448,0.172739
4344.357427,sim,1.435930,-0.037452,-2.612307,1.004149,-1.725119,0.173886
4344.361330,sim,1.435904,-0.037428,-2.610908,1.005321,-1.723818,0.175084
4344.365281,sim,1.435891,-0.037453,-2.609505,1.006475,-1.722515,0.176289
4344.369479,sim,1.435885,-0.037442,-2.609507,1.006486,-1.722523,0.176300
4344.373411,sim,1.435868,-0.037441,-2.608132,1.007607,-1.721247,0.177519
4344.377550,sim,1.435845,-0.037442,-2.606790,1.008729,-1.720023,0.178774
4344.381318,sim,1.435827,-0.037442,-2.605479,1.009800,-1.718819,0.180023
4344.385335,sim,1.435804,-0.037443,-2.604198,1.010872,-1.717661,0.181304
4344.389333,sim,1.435785,-0.037440,-2.602944,1.011895,-1.716516,0.182574
4344.393367,sim,1.435761,-0.037440,-2.601714,1.012926,-1.715412,0.183876
4344.397409,sim,1.435743,-0.037436,-2.600507,1.013913,-1.714318,0.185167
4344.401332,sim,1.435741,-0.037436,-2.600507,1.013926,-1.714326,0.185177
4344.405356,sim,1.435722,-0.037439,-2.599299,1.014917,-1.713239,0.186496
4344.409269,sim,1.435697,-0.037435,-2.598073,1.015958,-1.712170,0.187885
4344.413315,sim,1.435678,-0.037447,-2.596831,1.016991,-1.711082,0.189290
4344.417498,sim,1.435651,-0.037440,-2.595579,1.018069,-1.710021,0.190756
4344.421356,sim,1.435631,-0.037438,-2.594320,1.019131,-1.708949,0.192226
4344.425337,sim,1.435628,-0.037433,-2.594320,1.019142,-1.708957,0.192236
4344.429377,sim,1.435609,-0.037441,-2.593043,1.020223,-1.707886,0.193737
4344.433402,sim,1.435581,-0.037432,-2.591744,1.021357,-1.706839,0.195307
4344.437536,sim,1.435561,-0.037435,-2.590422,1.022490,-1.705781,0.196892
4344.441361,sim,1.435534,-0.037430,-2.589083,1.023665,-1.704746,0.198530
4344.445353,sim,1.435514,-0.037436,-2.587730,1.024832,-1.703704,0.200175
4344.449688,sim,1.435487,-0.037430,-2.586366,1.026038,-1.702693,0.201868
4344.453330,sim,1.435468,-0.037431,-2.584995,1.027223,-1.701678,0.203555
4344.457405,sim,1.435466,-0.037437,-2.584994,1.027236,-1.701685,0.203565
4344.461371,sim,1.435447,-0.037434,-2.583615,1.028428,-1.700693,0.205276
4344.465361,sim,1.435424,-0.037427,-2.582229,1.029657,-1.699752,0.207044
4344.469363,sim,1.435410,-0.037431,-2.580838,1.030862,-1.698822,0.208808
4344.473360,sim,1.435391,-0.037431,-2.579448,1.032089,-1.697937,0.210611
4344.477529,sim,1.435381,-0.037432,-2.578065,1.033284,-1.697069,0.212399
4344.481428,sim,1.435365,-0.037428,-2.576691,1.034500,-1.696250,0.214216
4344.485323,sim,1.435357,-0.037433,-2.575332,1.035673,-1.695442,0.216002
4344.489343,sim,1.435354,-0.037435,-2.575331,1.035687,-1.695450,0.216013
4344.493299,sim,1.435347,-0.037431,-2.573987,1.036851,-1.694681,0.217802
4344.497591,sim,1.435337,-0.037431,-2.572652,1.038028,-1.693959,0.219613
4344.501335,sim,1.435332,-0.037427,-2.571333,1.039164,-1.693252,0.221399
4344.505308,sim,1.435325,-0.037425,-2.570027,1.040316,-1.692595,0.223206
4344.509272,sim,1.435324,-0.037432,-2.568737,1.041426,-1.691947,0.224979
4344.513452,sim,1.435321,-0.037428,-2.568737,1.041440,-1.691957,0.224992
4344.517488,sim,1.435321,-0.037436,-2.567456,1.042540,-1.691335,0.226763
4344.521388,sim,1.435314,-0.037429,-2.566179,1.043664,-1.690757,0.228565
4344.525351,sim,1.435317,-0.037428,-2.564907,1.044755,-1.690185,0.230342
4344.529347,sim,1.435313,-0.037430,-2.563641,1.045861,-1.689649,0.232134
4344.533389,sim,1.435314,-0.037433,-2.562386,1.046936,-1.689122,0.233897
4344.537509,sim,1.435310,-0.037427,-2.561143,1.048022,-1.688633,0.235668
4344.541350,sim,1.435315,-0.037438,-2.559911,1.049070,-1.688148,0.237397
4344.545401,sim,1.435310,-0.037427,-2.558698,1.050128,-1.687706,0.239129
4344.549338,sim,1.435315,-0.037436,-2.558697,1.050117,-1.687697,0.239117
4344.553337,sim,1.435310,-0.037424,-2.557500,1.051156,-1.687284,0.240820
4344.557421,sim,1.435315,-0.037432,-2.556318,1.052150,-1.686882,0.242468
4344.561398,sim,1.435312,-0.037426,-2.555151,1.053151,-1.686531,0.244113
4344.565400,sim,1.435316,-0.037433,-2.553996,1.054109,-1.686186,0.245708
4344.569357,sim,1.435312,-0.037426,-2.552852,1.055078,-1.685888,0.247307
4344.573347,sim,1.435316,-0.037436,-2.551718,1.056009,-1.685594,0.248862
4344.577630,sim,1.435313,-0.037432,-2.550591,1.056951,-1.685339,0.250424
4344.581436,sim,1.435316,-0.037432,-2.550593,1.056937,-1.685331,0.250411
4344.585313,sim,1.435313,-0.037423,-2.549468,1.057873,-1.685097,0.251973
4344.589323,sim,1.435317,-0.037433,-2.548337,1.058786,-1.684868,0.253522
4344.593308,sim,1.435313,-0.037428,-2.547208,1.059713,-1.684675,0.255096
4344.597377,sim,1.435317,-0.037428,-2.546083,1.060609,-1.684484,0.256648
4344.601534,sim,1.435315,-0.037433,-2.544964,1.061517,-1.684326,0.258214
4344.605307,sim,1.435317,-0.037430,-2.544965,1.061507,-1.684321,0.258205
4344.609331,sim,1.435314,-0.037418,-2.543858,1.062403,-1.684185,0.259767
4344.613355,sim,1.435318,-0.037433,-2.542757,1.063274,-1.684050,0.261307
4344.617453,sim,1.435313,-0.037425,-2.541668,1.064156,-1.683951,0.262864
4344.621303,sim,1.435318,-0.037432,-2.540591,1.065003,-1.683847,0.264390
4344.625319,sim,1.435314,-0.037432,-2.539524,1.065863,-1.683775,0.265928
4344.629326,sim,1.435317,-0.037433,-2.538473,1.066687,-1.683698,0.267434
4344.633330,sim,1.435314,-0.037422,-2.537435,1.067528,-1.683655,0.268956
4344.637334,sim,1.435317,-0.037422,-2.537436,1.067515,-1.683646,0.268943
4344.641326,sim,1.435315,-0.037426,-2.536402,1.068356,-1.683612,0.270464
4344.645278,sim,1.435317,-0.037424,-2.535369,1.069176,-1.683570,0.271969
4344.649352,sim,1.435315,-0.037426,-2.534334,1.070018,-1.683549,0.273501
4344.654018,sim,1.435317,-0.037427,-2.533306,1.070832,-1.683516,0.275007
4344.657392,sim,1.435314,-0.037422,-2.532280,1.071673,-1.683512,0.276541
4344.662213,sim,1.435318,-0.037427,-2.531262,1.072483,-1.683491,0.278040
4344.665317,sim,1.435314,-0.037417,-2.530253,1.073311,-1.683495,0.279556
4344.669260,sim,1.435318,-0.037425,-2.530252,1.073302,-1.683487,0.279546
4344.673380,sim,1.435314,-0.037420,-2.529240,1.074131,-1.683493,0.281068
4344.677624,sim,1.435318,-0.037421,-2.528219,1.074943,-1.683482,0.282586
4344.681355,sim,1.435314,-0.037413,-2.527187,1.075784,-1.683490,0.284147
4344.685340,sim,1.435318,-0.037422,-2.526149,1.076609,-1.683483,0.285700
4344.689384,sim,1.435314,-0.037419,-2.525107,1.077456,-1.683493,0.287284
4344.693287,sim,1.435318,-0.037431,-2.525106,1.077446,-1.683484,0.287273
4344.697485,sim,1.435313,-0.037412,-2.524060,1.078292,-1.683494,0.288871
4344.701281,sim,1.435318,-0.037415,-2.523003,1.079128,-1.683489,0.290473
4344.705279,sim,1.435314,-0.037408,-2.521941,1.079989,-1.683500,0.292112
4344.709327,sim,1.435318,-0.037415,-2.520877,1.080828,-1.683492,0.293738
4344.713339,sim,1.435315,-0.037415,-2.519816,1.081691,-1.683504,0.295394
4344.717481,sim,1.435318,-0.037425,-2.518762,1.082524,-1.683494,0.297021
4344.721327,sim,1.435314,-0.037417,-2.517719,1.083373,-1.683508,0.298667
4344.725357,sim,1.435318,-0.037419,-2.516693,1.084186,-1.683500,0.300272
4344.729389,sim,1.435315,-0.037414,-2.516693,1.084197,-1.683508,0.300283
4344.733306,sim,1.435319,-0.037423,-2.515692,1.084994,-1.683499,0.301860
4344.737465,sim,1.435313,-0.037398,-2.514729,1.085790,-1.683512,0.303428
4344.741323,sim,1.435320,-0.037421,-2.513790,1.086556,-1.683506,0.304945
4344.745327,sim,1.435314,-0.037408,-2.512886,1.087312,-1.683512,0.306444
4344.749353,sim,1.435319,-0.037422,-2.512007,1.088042,-1.683506,0.307902
4344.753344,sim,1.435314,-0.037402,-2.511156,1.088766,-1.683515,0.309348
4344.757480,sim,1.435321,-0.037428,-2.510321,1.089469,-1.683507,0.310755
4344.761398,sim,1.435314,-0.037415,-2.510322,1.089479,-1.683517,0.310766
4344.765347,sim,1.435319,-0.037424,-2.509502,1.090172,-1.683506,0.312165
4344.769303,sim,1.435314,-0.037414,-2.508684,1.090899,-1.683518,0.313605
4344.773399,sim,1.435319,-0.037421,-2.507867,1.091606,-1.683506,0.315026
4344.777650,sim,1.435314,-0.037407,-2.507055,1.092345,-1.683517,0.316486
4344.781355,sim,1.435319,-0.037409,-2.506247,1.093063,-1.683506,0.317920
4344.785427,sim,1.435314,-0.037395,-2.506248,1.093073,-1.683517,0.317932
4344.789401,sim,1.435320,-0.037417,-2.505434,1.093813,-1.683509,0.319390
4344.793306,sim,1.435314,-0.037397,-2.504619,1.094577,-1.683515,0.320887
4344.797447,sim,1.435321,-0.037420,-2.503790,1.095352,-1.683508,0.322395
4344.801449,sim,1.435314,-0.037400,-2.502963,1.096148,-1.683516,0.323935
4344.805293,sim,1.435321,-0.037425,-2.502126,1.096946,-1.683507,0.325475
4344.809339,sim,1.435313,-0.037394,-2.501294,1.097767,-1.683520,0.327048
4344.813301,sim,1.435320,-0.037413,-2.500457,1.098581,-1.683509,0.328606
4344.817596,sim,1.435314,-0.037398,-2.500458,1.098587,-1.683518,0.328615
4344.821368,sim,1.435320,-0.037419,-2.499618,1.099412,-1.683509,0.330187
4344.825358,sim,1.435314,-0.037398,-2.498778,1.100256,-1.683517,0.331790
4344.829336,sim,1.435320,-0.037420,-2.497932,1.101095,-1.683507,0.333384
4344.833312,sim,1.435314,-0.037399,-2.497092,1.101947,-1.683517,0.335000
4344.837352,sim,1.435320,-0.037417,-2.496250,1.102786,-1.683507,0.336595
4344.841310,sim,1.435314,-0.037397,-2.495418,1.103637,-1.683519,0.338205
4344.845338,sim,1.435320,-0.037418,-2.494590,1.104466,-1.683509,0.339780
4344.849461,sim,1.435314,-0.037398,-2.494593,1.104470,-1.683517,0.339788
4344.853365,sim,1.435320,-0.037416,-2.493773,1.105292,-1.683508,0.341350
4344.857395,sim,1.435315,-0.037404,-2.492962,1.106120,-1.683516,0.342917
4344.861454,sim,1.435320,-0.037416,-2.492155,1.106930,-1.683510,0.344453
4344.865358,sim,1.435315,-0.037398,-2.491359,1.107741,-1.683518,0.345988
4344.869388,sim,1.435321,-0.037416,-2.490567,1.108533,-1.683509,0.347487
4344.873408,sim,1.435315,-0.037396,-2.490570,1.108538,-1.683518,0.347496
4344.877541,sim,1.435321,-0.037417,-2.489781,1.109328,-1.683508,0.348983
4344.881359,sim,1.435315,-0.037399,-2.488998,1.110132,-1.683517,0.350485
4344.885305,sim,1.435321,-0.037414,-2.488212,1.110926,-1.683508,0.351961
4344.889304,sim,1.435315,-0.037393,-2.487435,1.111731,-1.683518,0.353444
4344.893303,sim,1.435322,-0.037413,-2.486658,1.112523,-1.683507,0.354894
4344.897494,sim,1.435315,-0.037389,-2.485893,1.113326,-1.683518,0.356348
4344.901584,sim,1.435322,-0.037404,-2.485132,1.114112,-1.683510,0.357763
4344.905382,sim,1.435317,-0.037386,-2.484386,1.114903,-1.683519,0.359173
4344.909333,sim,1.435323,-0.037406,-2.484384,1.114898,-1.683510,0.359165
4344.913334,sim,1.435316,-0.037384,-2.483652,1.115686,-1.683520,0.360550
4344.917434,sim,1.435323,-0.037401,-2.482929,1.116456,-1.683508,0.361892
4344.921420,sim,1.435316,-0.037376,-2.482224,1.117240,-1.683520,0.363234
4344.925353,sim,1.435323,-0.037394,-2.481525,1.118012,-1.683513,0.364539
4344.929305,sim,1.435317,-0.037372,-2.480842,1.118791,-1.683521,0.365843
4344.933343,sim,1.435323,-0.037389,-2.480164,1.119560,-1.683513,0.367116
4344.937478,sim,1.435317,-0.037366,-2.479498,1.120338,-1.683522,0.368394
4344.941322,sim,1.435323,-0.037387,-2.479496,1.120333,-1.683513,0.368386
4344.945390,sim,1.435318,-0.037369,-2.478830,1.121122,-1.683521,0.369669
4344.956877,sim,1.435323,-0.037382,-2.478157,1.121920,-1.683513,0.370959
4344.957244,sim,1.435316,-0.037359,-2.477486,1.122746,-1.683526,0.372285
4344.957590,sim,1.435323,-0.037375,-2.476810,1.123570,-1.683516,0.373602
4344.961748,sim,1.435317,-0.037353,-2.476141,1.124416,-1.683526,0.374945
4344.965367,sim,1.435323,-0.037375,-2.476139,1.124410,-1.683516,0.374936
4344.969327,sim,1.435317,-0.037353,-2.475471,1.125266,-1.683526,0.376290
4344.973301,sim,1.435323,-0.037369,-2.474801,1.126124,-1.683518,0.377638
4344.977693,sim,1.435317,-0.037348,-2.474137,1.127003,-1.683528,0.379014
4344.981374,sim,1.435323,-0.037368,-2.473473,1.127881,-1.683522,0.380380
4344.985267,sim,1.435316,-0.037346,-2.472819,1.128770,-1.683531,0.381760
4344.989301,sim,1.435324,-0.037371,-2.472167,1.129652,-1.683520,0.383121
4344.993436,sim,1.435316,-0.037344,-2.471531,1.130545,-1.683533,0.384495
4344.997988,sim,1.435323,-0.037361,-2.471529,1.130538,-1.683523,0.384485
4345.001417,sim,1.435317,-0.037340,-2.470899,1.131433,-1.683533,0.385854
4345.005273,sim,1.435323,-0.037358,-2.470269,1.132325,-1.683525,0.387206
4345.009742,sim,1.435317,-0.037341,-2.469650,1.133231,-1.683534,0.388571
4345.013354,sim,1.435323,-0.037353,-2.469036,1.134128,-1.683525,0.389914
4345.017450,sim,1.435316,-0.037323,-2.468433,1.135040,-1.683541,0.391270
4345.021308,sim,1.435324,-0.037345,-2.467832,1.135936,-1.683531,0.392594
4345.025389,sim,1.435317,-0.037320,-2.467247,1.136837,-1.683541,0.393922
4345.029315,sim,1.435323,-0.037339,-2.467244,1.136832,-1.683532,0.393913
4345.033370,sim,1.435317,-0.037316,-2.466661,1.137739,-1.683544,0.395243
4345.037387,sim,1.435323,-0.037329,-2.466072,1.138643,-1.683534,0.396566
4345.041374,sim,1.435316,-0.037295,-2.465485,1.139573,-1.683551,0.397925
4345.045434,sim,1.435323,-0.037313,-2.464891,1.140496,-1.683544,0.399271
4345.049372,sim,1.435317,-0.037290,-2.464303,1.141434,-1.683555,0.400641
4345.053382,sim,1.435323,-0.037302,-2.463712,1.142367,-1.683552,0.401998
4345.057599,sim,1.435317,-0.037286,-2.463713,1.142373,-1.683561,0.402007
4345.061398,sim,1.435323,-0.037302,-2.463127,1.143296,-1.683555,0.403353
4345.065461,sim,1.435318,-0.037289,-2.462554,1.144223,-1.683574,0.404707
4345.069302,sim,1.435322,-0.037284,-2.461994,1.145106,-1.683567,0.406007
4345.073380,sim,1.435318,-0.037266,-2.461444,1.145997,-1.683588,0.407319
4345.077611,sim,1.435323,-0.037286,-2.460901,1.146854,-1.683586,0.408584
4345.081344,sim,1.435317,-0.037263,-2.460376,1.147702,-1.683605,0.409843
4345.085427,sim,1.435323,-0.037281,-2.459858,1.148519,-1.683606,0.411060
4345.089378,sim,1.435317,-0.037261,-2.459861,1.148524,-1.683615,0.411069
4345.093442,sim,1.435323,-0.037276,-2.459350,1.149328,-1.683619,0.412277
4345.097476,sim,1.435317,-0.037256,-2.458843,1.150139,-1.683649,0.413513
4345.101345,sim,1.435323,-0.037275,-2.458331,1.150936,-1.683664,0.414739
4345.105375,sim,1.435318,-0.037260,-2.457825,1.151739,-1.683705,0.415989
4345.109328,sim,1.435323,-0.037275,-2.457317,1.152523,-1.683730,0.417222
4345.113369,sim,1.435317,-0.037257,-2.456814,1.153313,-1.683780,0.418477
4345.117475,sim,1.435323,-0.037273,-2.456311,1.154085,-1.683813,0.419713
4345.121358,sim,1.435318,-0.037260,-2.456312,1.154090,-1.683820,0.419720
4345.125387,sim,1.435323,-0.037272,-2.455808,1.154863,-1.683865,0.420968
4345.129351,sim,1.435317,-0.037251,-2.455301,1.155651,-1.683936,0.422251
4345.133390,sim,1.435323,-0.037268,-2.454787,1.156432,-1.683998,0.423530
4345.137518,sim,1.435317,-0.037250,-2.454274,1.157225,-1.684088,0.424837
4345.141372,sim,1.435324,-0.037271,-2.453755,1.158008,-1.684167,0.426132
4345.145319,sim,1.435318,-0.037254,-2.453756,1.158014,-1.684177,0.426142
4345.149326,sim,1.435324,-0.037273,-2.453233,1.158801,-1.684267,0.427451
4345.153373,sim,1.435319,-0.037261,-2.452706,1.159606,-1.684390,0.428799
4345.157449,sim,1.435323,-0.037269,-2.452173,1.160404,-1.684511,0.430145
4345.161352,sim,1.435318,-0.037249,-2.451637,1.161217,-1.684664,0.431523
4345.165337,sim,1.435325,-0.037272,-2.451093,1.162021,-1.684809,0.432892
4345.169361,sim,1.435319,-0.037254,-2.450552,1.162835,-1.684989,0.434287
4345.173364,sim,1.435325,-0.037270,-2.450008,1.163632,-1.685160,0.435662
4345.177684,sim,1.435319,-0.037253,-2.450010,1.163639,-1.685171,0.435673
4345.181327,sim,1.435325,-0.037266,-2.449468,1.164431,-1.685367,0.437055
4345.185291,sim,1.435320,-0.037250,-2.448933,1.165226,-1.685615,0.438465
4345.189370,sim,1.435327,-0.037276,-2.448399,1.165999,-1.685869,0.439857
4345.193353,sim,1.435319,-0.037247,-2.447880,1.166768,-1.686173,0.441266
4345.197369,sim,1.435328,-0.037273,-2.447360,1.167516,-1.686481,0.442655
4345.201405,sim,1.435320,-0.037246,-2.446858,1.168258,-1.686831,0.444052
4345.205314,sim,1.435328,-0.037273,-2.446360,1.168972,-1.687175,0.445416
4345.209320,sim,1.435321,-0.037255,-2.446361,1.168980,-1.687188,0.445427
4345.213286,sim,1.435327,-0.037269,-2.445878,1.169676,-1.687565,0.446784
4345.217471,sim,1.435321,-0.037252,-2.445411,1.170370,-1.688009,0.448165
4345.221435,sim,1.435326,-0.037262,-2.444956,1.171034,-1.688470,0.449521
4345.225249,sim,1.435321,-0.037244,-2.444517,1.171694,-1.688986,0.450893
4345.229341,sim,1.435328,-0.037266,-2.444087,1.172328,-1.689516,0.452242
4345.233513,sim,1.435322,-0.037250,-2.443675,1.172956,-1.690095,0.453601
4345.237568,sim,1.435328,-0.037268,-2.443673,1.172948,-1.690082,0.453588
4345.241392,sim,1.435322,-0.037249,-2.443276,1.173562,-1.690696,0.454940
4324.952327,real,1.363599,0.037022,-2.410961,0.635578,-1.312486,0.496394
4324.960358,real,1.363600,0.037022,-2.410961,0.635579,-1.312486,0.496394
4324.968691,real,1.363599,0.037022,-2.410961,0.635578,-1.312486,0.496394
4324.985092,real,1.363599,0.037022,-2.410961,0.635578,-1.312486,0.496394
4324.993131,real,1.363599,0.037021,-2.410961,0.635578,-1.312486,0.496394
4325.001329,real,1.363599,0.037021,-2.410961,0.635578,-1.312486,0.496394
4325.009446,real,1.363599,0.037021,-2.410961,0.635578,-1.312486,0.496394
4325.025768,real,1.363599,0.037021,-2.410961,0.635578,-1.312486,0.496394
4325.033941,real,1.363600,0.037022,-2.410961,0.635578,-1.312486,0.496394
4325.042062,real,1.363599,0.037022,-2.410961,0.635578,-1.312486,0.496394
4325.050247,real,1.363599,0.037022,-2.410961,0.635578,-1.312486,0.496394
4325.058416,real,1.363599,0.037022,-2.410961,0.635578,-1.312486,0.496394
4325.075011,real,1.363599,0.037021,-2.410961,0.635579,-1.312486,0.496394
4325.083262,real,1.363599,0.037022,-2.410961,0.635588,-1.312486,0.496394
4325.091416,real,1.363599,0.037022,-2.410961,0.635580,-1.312486,0.496394
4325.099623,real,1.363600,0.037022,-2.410961,0.635582,-1.312486,0.496394
4325.116256,real,1.363600,0.037023,-2.410961,0.635584,-1.312485,0.496395
4325.124514,real,1.363600,0.037023,-2.410961,0.635586,-1.312486,0.496395
4325.132564,real,1.363600,0.037023,-2.410961,0.635585,-1.312485,0.496395
4325.140827,real,1.363600,0.037023,-2.410961,0.635585,-1.312486,0.496395
4325.149117,real,1.363600,0.037023,-2.410961,0.635585,-1.312485,0.496395
4325.165473,real,1.363600,0.037023,-2.410961,0.635584,-1.312485,0.496395
4325.173727,real,1.363600,0.037023,-2.410961,0.635584,-1.312485,0.496395
4325.181768,real,1.363600,0.037023,-2.410961,0.635584,-1.312485,0.496395
4325.189950,real,1.363600,0.037023,-2.410961,0.635584,-1.312485,0.496395
4325.206299,real,1.363600,0.037023,-2.410961,0.635583,-1.312485,0.496395
4325.214428,real,1.363600,0.037022,-2.410961,0.635583,-1.312485,0.496395
4325.222679,real,1.363600,0.037022,-2.410961,0.635583,-1.312485,0.496395
4325.230769,real,1.363600,0.037022,-2.410961,0.635584,-1.312485,0.496395
4325.238945,real,1.363600,0.037022,-2.410961,0.635584,-1.312485,0.496395
4325.255725,real,1.363600,0.037022,-2.410961,0.635584,-1.312485,0.496395
4325.263877,real,1.363600,0.037023,-2.410961,0.635585,-1.312485,0.496395
4325.272130,real,1.363600,0.037023,-2.410961,0.635588,-1.312486,0.496395
4325.280179,real,1.363600,0.037024,-2.410960,0.635596,-1.312486,0.496395
4325.288386,real,1.363600,0.037026,-2.410959,0.635601,-1.312486,0.496395
4325.304904,real,1.363602,0.037029,-2.410959,0.635601,-1.312485,0.496395
4325.313048,real,1.363605,0.037030,-2.410959,0.635592,-1.312485,0.496395
4325.321266,real,1.363605,0.037029,-2.410960,0.635587,-1.312485,0.496395
4325.329399,real,1.363604,0.037028,-2.410961,0.635587,-1.312485,0.496395
4325.346098,real,1.363603,0.037023,-2.410967,0.635585,-1.312486,0.496395
4325.354255,real,1.363604,0.037021,-2.410975,0.635590,-1.312486,0.496395
4325.362428,real,1.363604,0.037021,-2.410974,0.635599,-1.312486,0.496395
4325.370614,real,1.363603,0.037022,-2.410973,0.635619,-1.312485,0.496396
4325.378919,real,1.363603,0.037024,-2.410971,0.635643,-1.312486,0.496396
4325.395174,real,1.363603,0.037031,-2.410962,0.635651,-1.312486,0.496396
4325.403314,real,1.363603,0.037035,-2.410959,0.635651,-1.312486,0.496396
4325.411543,real,1.363602,0.037036,-2.410960,0.635650,-1.312486,0.496396
4325.419635,real,1.363601,0.037036,-2.410962,0.635649,-1.312486,0.496396
4325.436133,real,1.363600,0.037035,-2.410965,0.635646,-1.312486,0.496396
4325.444344,real,1.363600,0.037035,-2.410969,0.635644,-1.312486,0.496397
4325.452507,real,1.363600,0.037034,-2.410974,0.635643,-1.312485,0.496396
4325.460731,real,1.363600,0.037034,-2.410973,0.635644,-1.312485,0.496396
4325.469228,real,1.363601,0.037034,-2.410972,0.635644,-1.312484,0.496396
4325.485235,real,1.363600,0.037032,-2.410971,0.635643,-1.312482,0.496396
4325.493436,real,1.363600,0.037029,-2.410971,0.635639,-1.312480,0.496396
4325.501497,real,1.363601,0.037027,-2.410972,0.635637,-1.312477,0.496396
4325.509687,real,1.363602,0.037023,-2.410973,0.635635,-1.312473,0.496396
4325.526217,real,1.363602,0.037014,-2.410975,0.635629,-1.312469,0.496396
4325.534379,real,1.363602,0.037012,-2.410977,0.635628,-1.312465,0.496396
4325.542539,real,1.363603,0.037012,-2.410977,0.635629,-1.312462,0.496396
4325.550650,real,1.363603,0.037014,-2.410977,0.635629,-1.312461,0.496396
4325.559141,real,1.363604,0.037015,-2.410977,0.635630,-1.312460,0.496396
4325.575394,real,1.363605,0.037020,-2.410976,0.635636,-1.312460,0.496395
4325.583524,real,1.363604,0.037022,-2.410975,0.635639,-1.312460,0.496395
4325.591762,real,1.363604,0.037024,-2.410975,0.635641,-1.312460,0.496395
4325.600068,real,1.363604,0.037024,-2.410976,0.635635,-1.312460,0.496393
4325.616245,real,1.363604,0.037022,-2.410979,0.635636,-1.312435,0.496392
4325.624413,real,1.363604,0.037021,-2.410983,0.635635,-1.312414,0.496391
4325.632552,real,1.363605,0.037019,-2.410988,0.635635,-1.312391,0.496390
4325.641191,real,1.363605,0.037018,-2.410997,0.635635,-1.312363,0.496389
4325.649285,real,1.363605,0.037017,-2.411010,0.635634,-1.312332,0.496388
4325.665420,real,1.363606,0.037017,-2.411042,0.635633,-1.312268,0.496386
4325.673683,real,1.363611,0.037016,-2.411052,0.635633,-1.312218,0.496384
4325.681983,real,1.363617,0.037016,-2.411060,0.635632,-1.312140,0.496383
4325.690120,real,1.363625,0.037015,-2.411072,0.635632,-1.312045,0.496381
4325.698348,real,1.363635,0.037015,-2.411097,0.635632,-1.311938,0.496379
4325.715023,real,1.363647,0.037015,-2.411191,0.635632,-1.311710,0.496376
4325.723295,real,1.363648,0.037016,-2.411271,0.635632,-1.311631,0.496373
4325.731282,real,1.363650,0.037017,-2.411371,0.635633,-1.311586,0.496370
4325.739433,real,1.363652,0.037018,-2.411488,0.635635,-1.311570,0.496367
4325.755819,real,1.363661,0.037020,-2.411790,0.635634,-1.311568,0.496345
4325.764122,real,1.363664,0.037020,-2.411900,0.635634,-1.311568,0.496333
4325.772360,real,1.363667,0.037019,-2.412004,0.635633,-1.311569,0.496319
4325.780438,real,1.363667,0.037018,-2.412110,0.635633,-1.311570,0.496302
4325.788612,real,1.363668,0.037017,-2.412225,0.635632,-1.311571,0.496280
4325.805399,real,1.363668,0.037016,-2.412428,0.635630,-1.311572,0.496236
4325.813290,real,1.363668,0.037015,-2.412586,0.635629,-1.311574,0.496196
4325.821359,real,1.363668,0.037015,-2.412752,0.635629,-1.311574,0.496144
4325.829457,real,1.363669,0.037014,-2.412921,0.635629,-1.311575,0.496079
4325.845875,real,1.363669,0.037012,-2.413274,0.635627,-1.311576,0.495907
4325.853947,real,1.363670,0.037011,-2.413477,0.635626,-1.311576,0.495812
4325.862136,real,1.363671,0.037011,-2.413694,0.635626,-1.311581,0.495721
4325.870297,real,1.363671,0.037011,-2.413919,0.635626,-1.311592,0.495642
4325.878749,real,1.363671,0.037011,-2.414160,0.635626,-1.311597,0.495575
4325.894960,real,1.363671,0.037012,-2.414741,0.635627,-1.311606,0.495458
4325.903035,real,1.363675,0.037013,-2.415185,0.635628,-1.311607,0.495383
4325.911251,real,1.363681,0.037013,-2.415510,0.635628,-1.311608,0.495346
4325.919800,real,1.363687,0.037014,-2.415882,0.635629,-1.311613,0.495325
4325.936163,real,1.363691,0.037013,-2.416589,0.635629,-1.311628,0.495320
4325.944514,real,1.363691,0.037013,-2.416970,0.635629,-1.311635,0.495321
4325.952484,real,1.363692,0.037012,-2.417360,0.635629,-1.311635,0.495322
4325.961255,real,1.363691,0.037011,-2.417753,0.635627,-1.311635,0.495323
4325.969472,real,1.363691,0.037009,-2.418151,0.635627,-1.311635,0.495324
4325.985405,real,1.363691,0.036994,-2.418976,0.635626,-1.311639,0.495328
4325.993508,real,1.363689,0.036976,-2.419395,0.635626,-1.311649,0.495330
4326.001672,real,1.363689,0.036953,-2.419807,0.635626,-1.311666,0.495333
4326.009938,real,1.363689,0.036926,-2.420217,0.635626,-1.311696,0.495335
4326.026158,real,1.363688,0.036877,-2.421020,0.635629,-1.311768,0.495340
4326.034335,real,1.363688,0.036863,-2.421408,0.635626,-1.311807,0.495342
4326.042439,real,1.363688,0.036856,-2.421990,0.635626,-1.311909,0.495344
4326.050686,real,1.363688,0.036856,-2.422372,0.635626,-1.311971,0.495344
4326.059023,real,1.363688,0.036856,-2.422746,0.635626,-1.312018,0.495345
4326.075398,real,1.363689,0.036857,-2.423489,0.635626,-1.312110,0.495347
4326.083625,real,1.363689,0.036857,-2.423847,0.635626,-1.312153,0.495348
4326.091728,real,1.363689,0.036856,-2.424206,0.635627,-1.312186,0.495349
4326.099938,real,1.363689,0.036857,-2.424539,0.635627,-1.312212,0.495349
4326.116370,real,1.363690,0.036856,-2.425178,0.635626,-1.312231,0.495349
4326.124533,real,1.363690,0.036855,-2.425483,0.635625,-1.312232,0.495349
4326.132716,real,1.363690,0.036853,-2.425779,0.635625,-1.312232,0.495349
4326.140895,real,1.363690,0.036848,-2.426093,0.635624,-1.312232,0.495348
4326.149336,real,1.363690,0.036838,-2.426407,0.635624,-1.312232,0.495348
4326.165675,real,1.363690,0.036810,-2.426999,0.635623,-1.312235,0.495348
4326.173777,real,1.363690,0.036798,-2.427300,0.635624,-1.312241,0.495347
4326.181889,real,1.363690,0.036789,-2.427584,0.635624,-1.312252,0.495347
4326.190105,real,1.363690,0.036780,-2.428003,0.635624,-1.312298,0.495346
4326.198345,real,1.363690,0.036776,-2.428298,0.635624,-1.312360,0.495346
4326.214788,real,1.363690,0.036770,-2.428874,0.635618,-1.312554,0.495345
4326.223010,real,1.363690,0.036767,-2.429194,0.635610,-1.312685,0.495345
4326.231148,real,1.363690,0.036763,-2.429547,0.635600,-1.312828,0.495344
4326.239287,real,1.363690,0.036754,-2.429924,0.635597,-1.312962,0.495343
4326.255888,real,1.363690,0.036704,-2.430843,0.635591,-1.313284,0.495343
4326.264117,real,1.363691,0.036656,-2.431388,0.635590,-1.313469,0.495342
4326.272211,real,1.363690,0.036588,-2.431995,0.635590,-1.313664,0.495341
4326.280438,real,1.363691,0.036498,-2.432683,0.635590,-1.313864,0.495341
4326.288693,real,1.363690,0.036385,-2.433452,0.635590,-1.314056,0.495341
4326.305447,real,1.363690,0.036098,-2.435220,0.635590,-1.314401,0.495340
4326.313456,real,1.363690,0.035937,-2.436251,0.635590,-1.314547,0.495340
4326.321440,real,1.363690,0.035775,-2.437379,0.635590,-1.314680,0.495340
4326.329845,real,1.363690,0.035608,-2.438607,0.635590,-1.314804,0.495340
4326.345872,real,1.363689,0.035144,-2.442204,0.635592,-1.315159,0.495339
4326.353975,real,1.363689,0.034961,-2.443810,0.635592,-1.315336,0.495339
4326.362108,real,1.363689,0.034783,-2.445531,0.635593,-1.315546,0.495339
4326.370300,real,1.363689,0.034595,-2.447355,0.635593,-1.315796,0.495339
4326.378445,real,1.363689,0.034387,-2.449230,0.635594,-1.316101,0.495339
4326.394973,real,1.363689,0.033916,-2.453159,0.635593,-1.316962,0.495339
4326.403067,real,1.363689,0.033637,-2.455250,0.635593,-1.317523,0.495339
4326.411171,real,1.363689,0.033322,-2.457396,0.635595,-1.318177,0.495338
4326.419349,real,1.363690,0.032975,-2.459585,0.635597,-1.318922,0.495338
4326.435720,real,1.363691,0.032168,-2.464051,0.635607,-1.320730,0.495337
4326.443866,real,1.363691,0.031720,-2.466348,0.635617,-1.321796,0.495336
4326.452124,real,1.363691,0.031261,-2.468659,0.635641,-1.322998,0.495336
4326.460235,real,1.363692,0.030791,-2.470957,0.635674,-1.324371,0.495336
4326.468441,real,1.363692,0.030314,-2.473237,0.635719,-1.325927,0.495336
4326.485471,real,1.363692,0.029100,-2.479027,0.635772,-1.330398,0.495335
4326.493671,real,1.363693,0.028580,-2.481382,0.635779,-1.332350,0.495335
4326.501540,real,1.363693,0.028027,-2.483701,0.635793,-1.334388,0.495335
4326.509485,real,1.363693,0.027438,-2.486005,0.635798,-1.336467,0.495335
4326.525870,real,1.363693,0.026127,-2.490643,0.635802,-1.340689,0.495335
4326.534110,real,1.363696,0.025425,-2.492914,0.635823,-1.342770,0.495335
4326.542152,real,1.363702,0.024709,-2.495114,0.635875,-1.344838,0.495335
4326.550352,real,1.363710,0.023994,-2.497285,0.635947,-1.346872,0.495335
4326.558483,real,1.363719,0.023276,-2.499444,0.636019,-1.348856,0.495335
4326.575539,real,1.363735,0.021813,-2.503710,0.636165,-1.352903,0.495335
4326.583713,real,1.363743,0.021058,-2.505805,0.636235,-1.354961,0.495335
4326.591944,real,1.363750,0.020292,-2.507914,0.636286,-1.357066,0.495335
4326.600294,real,1.363757,0.019514,-2.510070,0.636303,-1.359246,0.495335
4326.608403,real,1.363760,0.018741,-2.512200,0.636317,-1.361451,0.495335
4326.624843,real,1.363760,0.016771,-2.517247,0.636384,-1.367159,0.495335
4326.633011,real,1.363760,0.015939,-2.519247,0.636385,-1.369510,0.495335
4326.641401,real,1.363761,0.015087,-2.521244,0.636389,-1.371903,0.495335
4326.649502,real,1.363762,0.014229,-2.523190,0.636398,-1.374322,0.495335
4326.665900,real,1.363768,0.012529,-2.526949,0.636408,-1.379109,0.495336
4326.674141,real,1.363770,0.011674,-2.528825,0.636410,-1.381432,0.495336
4326.682250,real,1.363770,0.010811,-2.530683,0.636419,-1.383720,0.495336
4326.690886,real,1.363770,0.009952,-2.532487,0.636451,-1.385980,0.495336
4326.699047,real,1.363770,0.009107,-2.534246,0.636508,-1.388204,0.495336
4326.715294,real,1.363770,0.007470,-2.537721,0.636653,-1.392673,0.495336
4326.723558,real,1.363770,0.006647,-2.539431,0.636729,-1.394870,0.495336
4326.731621,real,1.363770,0.005805,-2.541122,0.636806,-1.397113,0.495336
4326.739884,real,1.363769,0.004946,-2.542751,0.636895,-1.399414,0.495336
4326.756187,real,1.363769,0.003207,-2.545875,0.637084,-1.404187,0.495336
4326.764467,real,1.363769,0.002343,-2.547405,0.637183,-1.406642,0.495336
4326.773168,real,1.363769,0.001051,-2.549559,0.637390,-1.410339,0.495336
4326.781480,real,1.363769,0.000181,-2.550928,0.637567,-1.412792,0.495336
4326.789625,real,1.363769,-0.000686,-2.552279,0.637759,-1.415225,0.495336
4326.805920,real,1.363769,-0.002380,-2.554844,0.638257,-1.419998,0.495336
4326.813980,real,1.363769,-0.003208,-2.556046,0.638572,-1.422313,0.495336
4326.822167,real,1.363769,-0.004035,-2.557234,0.638895,-1.424566,0.495336
4326.830313,real,1.363768,-0.004872,-2.558422,0.639232,-1.426744,0.495336
4326.838520,real,1.363768,-0.005717,-2.559570,0.639609,-1.428925,0.495336
4326.855376,real,1.363766,-0.007405,-2.561667,0.640593,-1.433289,0.495336
4326.863511,real,1.363766,-0.008246,-2.562674,0.641186,-1.435506,0.495336
4326.871671,real,1.363766,-0.009095,-2.563659,0.641856,-1.437760,0.495336
4326.879879,real,1.363765,-0.009967,-2.564603,0.642641,-1.440008,0.495336
4326.896293,real,1.363765,-0.011767,-2.566421,0.644681,-1.444557,0.495336
4326.904390,real,1.363765,-0.012681,-2.567322,0.645923,-1.446831,0.495336
4326.912636,real,1.363765,-0.014074,-2.568665,0.648015,-1.450316,0.495336
4326.921579,real,1.363765,-0.015030,-2.569556,0.649556,-1.452647,0.495336
4326.929121,real,1.363765,-0.016009,-2.570443,0.651213,-1.454976,0.495336
4326.945640,real,1.363765,-0.017975,-2.572168,0.654892,-1.459483,0.495336
4326.953868,real,1.363764,-0.018961,-2.573001,0.656829,-1.461710,0.495336
4326.962019,real,1.363762,-0.019966,-2.573825,0.658833,-1.463930,0.495336
4326.970466,real,1.363761,-0.020990,-2.574634,0.660907,-1.466139,0.495336
4326.978657,real,1.363759,-0.022033,-2.575418,0.663015,-1.468372,0.495336
4326.995218,real,1.363754,-0.024172,-2.576946,0.667348,-1.472799,0.495336
4327.003367,real,1.363753,-0.025284,-2.577652,0.669602,-1.475051,0.495336
4327.011534,real,1.363753,-0.026431,-2.578333,0.671864,-1.477339,0.495336
4327.019642,real,1.363753,-0.027601,-2.578996,0.674111,-1.479655,0.495336
4327.036149,real,1.363753,-0.029965,-2.580251,0.678691,-1.484391,0.495336
4327.044394,real,1.363753,-0.031171,-2.580851,0.680973,-1.486729,0.495336
4327.052509,real,1.363753,-0.033017,-2.581726,0.684420,-1.490211,0.495336
4327.060750,real,1.363753,-0.034262,-2.582320,0.686689,-1.492494,0.495336
4327.068853,real,1.363754,-0.035534,-2.582916,0.688921,-1.494770,0.495336
4327.085495,real,1.363754,-0.038152,-2.584039,0.693374,-1.499198,0.495336
4327.093612,real,1.363754,-0.039472,-2.584572,0.695586,-1.501362,0.495336
4327.101625,real,1.363754,-0.040804,-2.585077,0.697831,-1.503454,0.495336
4327.109808,real,1.363754,-0.042157,-2.585543,0.700114,-1.505522,0.495336
4327.126154,real,1.363754,-0.044912,-2.586427,0.704646,-1.509746,0.495336
4327.134229,real,1.363754,-0.046328,-2.586841,0.706893,-1.511892,0.495336
4327.142577,real,1.363754,-0.047772,-2.587231,0.709156,-1.514118,0.495336
4327.150831,real,1.363754,-0.049227,-2.587601,0.711409,-1.516381,0.495336
4327.159024,real,1.363755,-0.050684,-2.587972,0.713694,-1.518671,0.495336
4327.175424,real,1.363755,-0.053616,-2.588590,0.718443,-1.523372,0.495335
4327.183757,real,1.363756,-0.055069,-2.588867,0.720871,-1.525751,0.495335
4327.191896,real,1.363756,-0.056523,-2.589126,0.723341,-1.528189,0.495335
4327.200089,real,1.363756,-0.058724,-2.589485,0.727060,-1.531833,0.495335
4327.208305,real,1.363756,-0.060205,-2.589732,0.729536,-1.534231,0.495335
4327.224847,real,1.363756,-0.063226,-2.590210,0.734493,-1.538856,0.495335
4327.232952,real,1.363756,-0.064752,-2.590406,0.737009,-1.541159,0.495335
4327.241141,real,1.363756,-0.066275,-2.590587,0.739599,-1.543427,0.495335
4327.249631,real,1.363755,-0.067811,-2.590751,0.742254,-1.545692,0.495335
4327.265901,real,1.363756,-0.070888,-2.590978,0.747811,-1.550134,0.495335
4327.273965,real,1.363755,-0.072438,-2.591072,0.750644,-1.552352,0.495335
4327.282118,real,1.363756,-0.074006,-2.591176,0.753504,-1.554591,0.495335
4327.290237,real,1.363756,-0.075577,-2.591277,0.756400,-1.556811,0.495335
4327.298460,real,1.363756,-0.077162,-2.591366,0.759364,-1.559050,0.495335
4327.315172,real,1.363756,-0.080352,-2.591523,0.765574,-1.563424,0.495335
4327.323517,real,1.363756,-0.081930,-2.591592,0.768815,-1.565538,0.495335
4327.331720,real,1.363756,-0.083499,-2.591649,0.772137,-1.567589,0.495335
4327.339830,real,1.363756,-0.085831,-2.591729,0.777266,-1.570521,0.495335
4327.356320,real,1.363756,-0.088974,-2.591870,0.784245,-1.574246,0.495335
4327.364553,real,1.363755,-0.090569,-2.591944,0.787807,-1.575991,0.495335
4327.372795,real,1.363755,-0.092167,-2.592012,0.791454,-1.577678,0.495335
4327.380895,real,1.363755,-0.093771,-2.592072,0.795200,-1.579281,0.495335
4327.389608,real,1.363755,-0.095369,-2.592115,0.799032,-1.580753,0.495335
4327.405667,real,1.363755,-0.098539,-2.592141,0.807002,-1.583485,0.495335
4327.413879,real,1.363756,-0.100125,-2.592147,0.811132,-1.584806,0.495334
4327.421934,real,1.363756,-0.101698,-2.592153,0.815330,-1.586090,0.495335
4327.430604,real,1.363756,-0.103263,-2.592160,0.819644,-1.587311,0.495334
4327.438584,real,1.363756,-0.104826,-2.592166,0.824088,-1.588514,0.495335
4327.454989,real,1.363756,-0.107900,-2.592174,0.833400,-1.591005,0.495334
4327.463156,real,1.363756,-0.109415,-2.592173,0.838270,-1.592268,0.495334
4327.471495,real,1.363756,-0.110904,-2.592172,0.843297,-1.593480,0.495334
4327.479745,real,1.363756,-0.112364,-2.592172,0.848437,-1.594635,0.495334
4327.496072,real,1.363756,-0.115975,-2.592172,0.861759,-1.597399,0.495334
4327.504234,real,1.363756,-0.117406,-2.592172,0.867271,-1.598473,0.495334
4327.512524,real,1.363756,-0.118836,-2.592171,0.872898,-1.599488,0.495334
4327.520737,real,1.363756,-0.120274,-2.592171,0.878610,-1.600445,0.495334
4327.528909,real,1.363756,-0.121691,-2.592168,0.884406,-1.601367,0.495334
4327.545482,real,1.363756,-0.124454,-2.592169,0.896197,-1.603173,0.495334
4327.553776,real,1.363757,-0.125798,-2.592170,0.902223,-1.604042,0.495334
4327.561870,real,1.363758,-0.127111,-2.592171,0.908319,-1.604896,0.495334
4327.569937,real,1.363758,-0.128404,-2.592172,0.914464,-1.605702,0.495334
4327.586356,real,1.363758,-0.130964,-2.592172,0.926874,-1.607108,0.495334
4327.594852,real,1.363758,-0.132215,-2.592172,0.933115,-1.607763,0.495334
4327.602882,real,1.363759,-0.133436,-2.592171,0.939406,-1.608380,0.495334
4327.611133,real,1.363758,-0.134634,-2.592169,0.945768,-1.608930,0.495334
4327.619287,real,1.363759,-0.135811,-2.592168,0.952181,-1.609416,0.495334
4327.636106,real,1.363759,-0.138641,-2.592168,0.968245,-1.610387,0.495334
4327.643858,real,1.363759,-0.139752,-2.592168,0.974585,-1.610644,0.495334
4327.652219,real,1.363759,-0.140859,-2.592167,0.980929,-1.610804,0.495334
4327.660499,real,1.363759,-0.141942,-2.592166,0.987246,-1.610869,0.495334
4327.668697,real,1.363759,-0.142991,-2.592165,0.993549,-1.610872,0.495334
4327.685313,real,1.363763,-0.145014,-2.592165,1.006057,-1.610869,0.495334
4327.693738,real,1.363766,-0.145985,-2.592165,1.012236,-1.610865,0.495334
4327.701818,real,1.363768,-0.146920,-2.592164,1.018398,-1.610862,0.495334
4327.709888,real,1.363770,-0.147807,-2.592164,1.024547,-1.610860,0.495334
4327.726368,real,1.363770,-0.149479,-2.592162,1.036722,-1.610859,0.495334
4327.734526,real,1.363770,-0.150283,-2.592159,1.042705,-1.610859,0.495334
4327.742701,real,1.363770,-0.151059,-2.592156,1.048565,-1.610859,0.495334
4327.750911,real,1.363770,-0.151804,-2.592151,1.054349,-1.610858,0.495334
4327.759368,real,1.363771,-0.152500,-2.592143,1.060084,-1.610857,0.495334
4327.775758,real,1.363771,-0.153773,-2.592125,1.071303,-1.610854,0.495334
4327.783832,real,1.363771,-0.154641,-2.592117,1.079456,-1.610853,0.495334
4327.791978,real,1.363772,-0.155179,-2.592114,1.084721,-1.610852,0.495334
4327.800554,real,1.363777,-0.155675,-2.592113,1.089881,-1.610851,0.495334
4327.808733,real,1.363785,-0.156122,-2.592111,1.094948,-1.610850,0.495333
4327.825084,real,1.363809,-0.156855,-2.592092,1.104888,-1.610849,0.495333
4327.833295,real,1.363823,-0.157122,-2.592077,1.109739,-1.610848,0.495334
4327.841598,real,1.363838,-0.157307,-2.592059,1.114518,-1.610845,0.495333
4327.849795,real,1.363854,-0.157422,-2.592039,1.119196,-1.610843,0.495333
4327.866031,real,1.363882,-0.157474,-2.591995,1.128158,-1.610841,0.495334
4327.874168,real,1.363889,-0.157457,-2.591965,1.132469,-1.610840,0.495334
4327.882533,real,1.363889,-0.157442,-2.591920,1.136727,-1.610840,0.495333
4327.890789,real,1.363889,-0.157427,-2.591855,1.140902,-1.610840,0.495334
4327.898969,real,1.363889,-0.157402,-2.591768,1.145067,-1.610840,0.495334
4327.915248,real,1.363890,-0.157312,-2.591511,1.153321,-1.610839,0.495334
4327.923699,real,1.363892,-0.157242,-2.591343,1.157416,-1.610840,0.495334
4327.931643,real,1.363900,-0.157106,-2.591066,1.163501,-1.610840,0.495334
4327.940185,real,1.363904,-0.157053,-2.590977,1.165517,-1.610840,0.495334
4327.956207,real,1.363918,-0.156810,-2.590633,1.173492,-1.610840,0.495334
4327.964341,real,1.363925,-0.156674,-2.590437,1.177451,-1.610840,0.495335
4327.972545,real,1.363931,-0.156527,-2.590216,1.181405,-1.610840,0.495335
4327.980778,real,1.363937,-0.156367,-2.589971,1.185317,-1.610840,0.495335
4327.989052,real,1.363941,-0.156184,-2.589702,1.189184,-1.610840,0.495335
4328.005665,real,1.363941,-0.155779,-2.589011,1.196759,-1.610840,0.495336
4328.013800,real,1.363942,-0.155575,-2.588590,1.200415,-1.610840,0.495336
4328.022052,real,1.363942,-0.155365,-2.588158,1.203966,-1.610840,0.495336
4328.030008,real,1.363942,-0.155151,-2.587673,1.207406,-1.610840,0.495336
4328.038356,real,1.363942,-0.154936,-2.587142,1.210759,-1.610840,0.495336
4328.054685,real,1.363942,-0.154369,-2.585625,1.218662,-1.610841,0.495337
4328.062785,real,1.363942,-0.154102,-2.584920,1.221642,-1.610841,0.495337
4328.070999,real,1.363942,-0.153812,-2.584146,1.224489,-1.610841,0.495337
4328.079140,real,1.363942,-0.153490,-2.583315,1.227239,-1.610841,0.495337
4328.095477,real,1.363942,-0.152736,-2.581493,1.232353,-1.610841,0.495338
4328.103660,real,1.363942,-0.152297,-2.580495,1.234743,-1.610841,0.495338
4328.111835,real,1.363942,-0.151819,-2.579439,1.237035,-1.610842,0.495339
4328.120196,real,1.363943,-0.151311,-2.578336,1.239215,-1.610843,0.495339
4328.128505,real,1.363943,-0.150782,-2.577203,1.241308,-1.610843,0.495339
4328.144866,real,1.363943,-0.149666,-2.574792,1.245186,-1.610843,0.495339
4328.153114,real,1.363943,-0.149073,-2.573488,1.246951,-1.610843,0.495339
4328.161609,real,1.363944,-0.148439,-2.572119,1.248629,-1.610843,0.495339
4328.169743,real,1.363944,-0.147755,-2.570703,1.250227,-1.610843,0.495339
4328.186131,real,1.363946,-0.146229,-2.567735,1.253197,-1.610843,0.495339
4328.194269,real,1.363947,-0.145394,-2.566182,1.254540,-1.610843,0.495340
4328.202430,real,1.363948,-0.144079,-2.563821,1.256383,-1.610843,0.495340
4328.210763,real,1.363949,-0.143149,-2.562238,1.257524,-1.610843,0.495340
4328.218911,real,1.363950,-0.142163,-2.560603,1.258617,-1.610843,0.495339
4328.235335,real,1.363949,-0.139998,-2.557102,1.260521,-1.610843,0.495339
4328.243675,real,1.363949,-0.138849,-2.555306,1.261319,-1.610843,0.495340
4328.252024,real,1.363949,-0.137674,-2.553442,1.262027,-1.610843,0.495340
4328.260085,real,1.363949,-0.136461,-2.551500,1.262654,-1.610843,0.495340
4328.268296,real,1.363949,-0.135210,-2.549507,1.263202,-1.610843,0.495339
4328.284673,real,1.363949,-0.132645,-2.545442,1.264104,-1.610842,0.495340
4328.292909,real,1.363949,-0.131322,-2.543360,1.264408,-1.610842,0.495340
4328.300986,real,1.363949,-0.129970,-2.541257,1.264610,-1.610842,0.495339
4328.309173,real,1.363949,-0.128608,-2.539149,1.264699,-1.610841,0.495339
4328.325726,real,1.363949,-0.125835,-2.534956,1.264706,-1.610841,0.495340
4328.333841,real,1.363949,-0.124400,-2.532831,1.264704,-1.610841,0.495340
4328.341954,real,1.363949,-0.122935,-2.530689,1.264701,-1.610841,0.495339
4328.350306,real,1.363949,-0.120675,-2.527384,1.264698,-1.610841,0.495340
4328.358841,real,1.363949,-0.119129,-2.525127,1.264693,-1.610841,0.495339
4328.375167,real,1.363950,-0.116035,-2.520650,1.264679,-1.610840,0.495339
4328.383252,real,1.363950,-0.114474,-2.518409,1.264672,-1.610839,0.495340
4328.391446,real,1.363951,-0.112915,-2.516131,1.264662,-1.610838,0.495340
4328.399608,real,1.363951,-0.111348,-2.513854,1.264656,-1.610837,0.495339
4328.416151,real,1.363955,-0.108166,-2.509328,1.264649,-1.610832,0.495339
4328.424266,real,1.363963,-0.106571,-2.507079,1.264644,-1.610827,0.495339
4328.432449,real,1.363975,-0.104976,-2.504836,1.264637,-1.610824,0.495339
4328.440648,real,1.363990,-0.103376,-2.502601,1.264627,-1.610819,0.495339
4328.449049,real,1.364013,-0.101782,-2.500401,1.264615,-1.610813,0.495339
4328.465694,real,1.364090,-0.098566,-2.495973,1.264579,-1.610779,0.495339
4328.473455,real,1.364149,-0.096953,-2.493709,1.264561,-1.610741,0.495339
4328.481554,real,1.364224,-0.095341,-2.491456,1.264530,-1.610691,0.495339
4328.489908,real,1.364315,-0.093724,-2.489234,1.264487,-1.610629,0.495339
4328.506015,real,1.364546,-0.090514,-2.484800,1.264346,-1.610442,0.495339
4328.514186,real,1.364752,-0.088139,-2.481510,1.264160,-1.610257,0.495338
4328.522261,real,1.364901,-0.086583,-2.479391,1.263994,-1.610110,0.495338
4328.530485,real,1.365071,-0.085047,-2.477308,1.263798,-1.609940,0.495338
4328.538588,real,1.365266,-0.083511,-2.475279,1.263576,-1.609750,0.495338
4328.555040,real,1.365747,-0.080475,-2.471295,1.263040,-1.609307,0.495338
4328.563367,real,1.366040,-0.078980,-2.469404,1.262708,-1.609054,0.495337
4328.571445,real,1.366384,-0.077510,-2.467546,1.262312,-1.608780,0.495337
4328.579672,real,1.366772,-0.076074,-2.465678,1.261851,-1.608494,0.495337
4328.596090,real,1.367726,-0.073260,-2.461990,1.260736,-1.607906,0.495337
4328.604303,real,1.368295,-0.071871,-2.460231,1.260053,-1.607605,0.495337
4328.612498,real,1.368916,-0.070503,-2.458484,1.259274,-1.607280,0.495337
4328.620638,real,1.369585,-0.069153,-2.456760,1.258412,-1.606915,0.495337
4328.628815,real,1.370277,-0.067821,-2.455075,1.257492,-1.606508,0.495337
4328.645202,real,1.371732,-0.065267,-2.451890,1.255427,-1.605511,0.495337
4328.653298,real,1.372531,-0.064037,-2.450364,1.254283,-1.604930,0.495337
4328.661714,real,1.373830,-0.062203,-2.448133,1.252423,-1.604017,0.495337
4328.669604,real,1.374755,-0.061004,-2.446716,1.251088,-1.603399,0.495337
4328.685981,real,1.376657,-0.058684,-2.444047,1.248269,-1.602065,0.495337
4328.694178,real,1.377660,-0.057566,-2.442777,1.246779,-1.601310,0.495337
4328.702321,real,1.378700,-0.056487,-2.441557,1.245218,-1.600495,0.495337
4328.710504,real,1.379769,-0.055449,-2.440408,1.243579,-1.599607,0.495337
4328.718610,real,1.380850,-0.054444,-2.439328,1.241887,-1.598623,0.495337
4328.735020,real,1.383045,-0.052493,-2.437208,1.238497,-1.596426,0.495337
4328.743171,real,1.384205,-0.051555,-2.436200,1.236808,-1.595262,0.495337
4328.751561,real,1.385405,-0.050656,-2.435253,1.235075,-1.594053,0.495337
4328.759786,real,1.386614,-0.049790,-2.434350,1.233332,-1.592799,0.495337
4328.776121,real,1.389144,-0.048114,-2.432606,1.229877,-1.590269,0.495337
4328.784233,real,1.390495,-0.047298,-2.431816,1.228113,-1.589067,0.495337
4328.792409,real,1.391865,-0.046506,-2.431069,1.226330,-1.587907,0.495337
4328.800669,real,1.393981,-0.045376,-2.429984,1.223676,-1.586204,0.495337
4328.808923,real,1.395436,-0.044663,-2.429283,1.221891,-1.585089,0.495337
4328.825521,real,1.398413,-0.043320,-2.428009,1.218240,-1.583030,0.495337
4328.833735,real,1.399958,-0.042677,-2.427396,1.216399,-1.582079,0.495337
4328.841648,real,1.401524,-0.042057,-2.426795,1.214521,-1.581162,0.495337
4328.849835,real,1.403094,-0.041465,-2.426233,1.212571,-1.580254,0.495337
4328.866144,real,1.406292,-0.040403,-2.425202,1.208569,-1.578401,0.495337
4328.874226,real,1.407895,-0.039933,-2.424718,1.206534,-1.577500,0.495337
4328.882398,real,1.409518,-0.039501,-2.424271,1.204475,-1.576639,0.495337
4328.890516,real,1.411162,-0.039097,-2.423834,1.202392,-1.575822,0.495337
4328.898774,real,1.412790,-0.038729,-2.423418,1.200311,-1.575041,0.495337
4328.915074,real,1.416089,-0.038063,-2.422662,1.196174,-1.573499,0.495337
4328.923120,real,1.417761,-0.037772,-2.422331,1.194123,-1.572713,0.495337
4328.931301,real,1.419439,-0.037504,-2.422030,1.192125,-1.571913,0.495337
4328.939403,real,1.421153,-0.037268,-2.421773,1.190139,-1.571125,0.495337
4328.955852,real,1.425428,-0.036858,-2.421295,1.185156,-1.569241,0.495337
4328.964245,real,1.427175,-0.036752,-2.421150,1.183191,-1.568506,0.495337
4328.972344,real,1.428913,-0.036680,-2.421039,1.181196,-1.567779,0.495337
4328.980552,real,1.430670,-0.036642,-2.420958,1.179229,-1.567010,0.495337
4328.988700,real,1.432446,-0.036638,-2.420898,1.177318,-1.566191,0.495337
4329.005084,real,1.435986,-0.036643,-2.420861,1.173544,-1.564518,0.495337
4329.013312,real,1.437786,-0.036644,-2.420863,1.171673,-1.563673,0.495337
4329.021615,real,1.439583,-0.036649,-2.420866,1.169793,-1.562788,0.495337
4329.030044,real,1.441410,-0.036654,-2.420868,1.167894,-1.561878,0.495337
4329.046200,real,1.445114,-0.036658,-2.420867,1.164019,-1.559953,0.495337
4329.054359,real,1.446999,-0.036659,-2.420866,1.162078,-1.558958,0.495337
4329.062533,real,1.448893,-0.036659,-2.420865,1.160168,-1.558012,0.495337
4329.070823,real,1.450800,-0.036660,-2.420863,1.158267,-1.557124,0.495337
4329.079104,real,1.452724,-0.036660,-2.420859,1.156400,-1.556272,0.495337
4329.095691,real,1.456556,-0.036661,-2.420858,1.152822,-1.554590,0.495337
4329.103754,real,1.459451,-0.036662,-2.420858,1.150174,-1.553251,0.495337
4329.112020,real,1.461376,-0.036662,-2.420858,1.148413,-1.552335,0.495337
4329.120140,real,1.463316,-0.036662,-2.420858,1.146681,-1.551446,0.495337
4329.128380,real,1.465233,-0.036662,-2.420858,1.144959,-1.550584,0.495337
4329.144894,real,1.469076,-0.036662,-2.420858,1.141480,-1.548871,0.495337
4329.153136,real,1.471004,-0.036661,-2.420858,1.139763,-1.547979,0.495337
4329.161611,real,1.472960,-0.036660,-2.420858,1.138075,-1.547034,0.495337
4329.169896,real,1.474915,-0.036660,-2.420855,1.136384,-1.546087,0.495337
4329.186225,real,1.478824,-0.036659,-2.420835,1.133014,-1.544372,0.495337
4329.194342,real,1.480777,-0.036659,-2.420829,1.131374,-1.543588,0.495337
4329.202482,real,1.482751,-0.036660,-2.420829,1.129750,-1.542828,0.495337
4329.210714,real,1.484737,-0.036660,-2.420830,1.128122,-1.542095,0.495337
4329.218897,real,1.486717,-0.036660,-2.420830,1.126459,-1.541368,0.495337
4329.235306,real,1.490705,-0.036660,-2.420828,1.123081,-1.539948,0.495337
4329.243389,real,1.491698,-0.036660,-2.420828,1.122234,-1.539610,0.495337
4329.251663,real,1.494722,-0.036660,-2.420822,1.119643,-1.538669,0.495337
4329.259739,real,1.496745,-0.036660,-2.420820,1.117885,-1.538095,0.495337
4329.276105,real,1.500865,-0.036660,-2.420820,1.114487,-1.537038,0.495337
4329.284260,real,1.502941,-0.036660,-2.420818,1.112804,-1.536550,0.495337
4329.292378,real,1.505024,-0.036660,-2.420811,1.111095,-1.536098,0.495337
4329.300737,real,1.507095,-0.036660,-2.420804,1.109395,-1.535667,0.495337
4329.308704,real,1.509173,-0.036660,-2.420804,1.107723,-1.535238,0.495337
4329.325082,real,1.513336,-0.036660,-2.420805,1.104320,-1.534370,0.495337
4329.333285,real,1.515430,-0.036660,-2.420804,1.102581,-1.533942,0.495337
4329.341394,real,1.517492,-0.036660,-2.420799,1.100863,-1.533546,0.495337
4329.350054,real,1.519541,-0.036660,-2.420791,1.099161,-1.533178,0.495337
4329.366147,real,1.523638,-0.036660,-2.420784,1.095736,-1.532497,0.495337
4329.374274,real,1.525710,-0.036660,-2.420785,1.094021,-1.532175,0.495337
4329.382471,real,1.527764,-0.036660,-2.420785,1.092295,-1.531872,0.495337
4329.390529,real,1.530854,-0.036660,-2.420782,1.089671,-1.531468,0.495337
4329.398896,real,1.532889,-0.036660,-2.420782,1.087880,-1.531241,0.495337
4329.415507,real,1.536981,-0.036660,-2.420785,1.084326,-1.530853,0.495337
4329.423578,real,1.539024,-0.036660,-2.420786,1.082591,-1.530693,0.495337
4329.431777,real,1.541086,-0.036660,-2.420785,1.080851,-1.530564,0.495337
4329.439896,real,1.543142,-0.036660,-2.420781,1.079117,-1.530481,0.495337
4329.456376,real,1.547262,-0.036660,-2.420780,1.075743,-1.530439,0.495337
4329.464350,real,1.549332,-0.036661,-2.420783,1.074074,-1.530438,0.495337
4329.472487,real,1.551429,-0.036661,-2.420785,1.072384,-1.530438,0.495337
4329.480617,real,1.553529,-0.036661,-2.420784,1.070719,-1.530438,0.495337
4329.488790,real,1.555645,-0.036661,-2.420783,1.069093,-1.530439,0.495337
4329.505300,real,1.559826,-0.036661,-2.420779,1.065895,-1.530439,0.495337
4329.513393,real,1.561903,-0.036661,-2.420781,1.064271,-1.530439,0.495337
4329.521578,real,1.563968,-0.036661,-2.420784,1.062660,-1.530439,0.495337
4329.529976,real,1.567065,-0.036661,-2.420785,1.060236,-1.530439,0.495337
4329.546076,real,1.571090,-0.036661,-2.420780,1.056900,-1.530440,0.495338
4329.554224,real,1.573063,-0.036661,-2.420780,1.055207,-1.530440,0.495338
4329.562356,real,1.575009,-0.036662,-2.420784,1.053518,-1.530440,0.495337
4329.570926,real,1.576965,-0.036662,-2.420790,1.051827,-1.530440,0.495338
4329.579121,real,1.578904,-0.036662,-2.420792,1.050109,-1.530440,0.495338
4329.595410,real,1.582721,-0.036662,-2.420785,1.046590,-1.530441,0.495338
4329.603982,real,1.584584,-0.036662,-2.420784,1.044806,-1.530441,0.495338
4329.611735,real,1.586439,-0.036662,-2.420787,1.042999,-1.530441,0.495338
4329.620100,real,1.588291,-0.036663,-2.420792,1.041138,-1.530441,0.495338
4329.628238,real,1.590123,-0.036663,-2.420796,1.039272,-1.530441,0.495337
4329.644657,real,1.593780,-0.036664,-2.420794,1.035613,-1.530442,0.495338
4329.652872,real,1.595576,-0.036667,-2.420792,1.033764,-1.530442,0.495337
4329.660893,real,1.597382,-0.036671,-2.420793,1.031907,-1.530442,0.495338
4329.669414,real,1.599189,-0.036676,-2.420796,1.030057,-1.530442,0.495337
4329.685733,real,1.603738,-0.036679,-2.420804,1.025249,-1.530442,0.495338
4329.694214,real,1.605561,-0.036679,-2.420801,1.023267,-1.530442,0.495337
4329.702094,real,1.607389,-0.036680,-2.420799,1.021282,-1.530442,0.495338
4329.710149,real,1.609208,-0.036680,-2.420800,1.019272,-1.530442,0.495338
4329.718293,real,1.610999,-0.036681,-2.420802,1.017220,-1.530442,0.495338
4329.734820,real,1.614589,-0.036684,-2.420812,1.013025,-1.530442,0.495337
4329.742884,real,1.616363,-0.036686,-2.420815,1.010832,-1.530442,0.495338
4329.751073,real,1.618141,-0.036688,-2.420813,1.008591,-1.530442,0.495338
4329.759227,real,1.619891,-0.036692,-2.420813,1.006328,-1.530442,0.495337
4329.775625,real,1.623298,-0.036703,-2.420817,1.001751,-1.530442,0.495337
4329.783712,real,1.624995,-0.036708,-2.420823,0.999445,-1.530442,0.495338
4329.791855,real,1.626671,-0.036717,-2.420832,0.997130,-1.530442,0.495337
4329.800097,real,1.628354,-0.036727,-2.420836,0.994769,-1.530442,0.495338
4329.808179,real,1.630029,-0.036736,-2.420834,0.992399,-1.530442,0.495338
4329.824760,real,1.633286,-0.036758,-2.420836,0.987636,-1.530442,0.495338
4329.832832,real,1.634911,-0.036768,-2.420840,0.985189,-1.530442,0.495337
4329.841019,real,1.637318,-0.036785,-2.420857,0.981436,-1.530442,0.495338
4329.849274,real,1.638926,-0.036794,-2.420869,0.978836,-1.530442,0.495338
4329.865602,real,1.642076,-0.036804,-2.420880,0.973483,-1.530442,0.495338
4329.873847,real,1.643628,-0.036805,-2.420895,0.970723,-1.530442,0.495338
4329.882148,real,1.645187,-0.036806,-2.420916,0.967912,-1.530442,0.495338
4329.890122,real,1.646726,-0.036806,-2.420943,0.965070,-1.530442,0.495338
4329.898278,real,1.648261,-0.036806,-2.420975,0.962193,-1.530442,0.495338
4329.914661,real,1.651337,-0.036809,-2.421036,0.956528,-1.530443,0.495338
4329.922855,real,1.652852,-0.036814,-2.421076,0.953726,-1.530443,0.495338
4329.931046,real,1.654383,-0.036823,-2.421122,0.950919,-1.530443,0.495338
4329.939238,real,1.655907,-0.036838,-2.421169,0.948059,-1.530443,0.495338
4329.955543,real,1.658908,-0.036887,-2.421261,0.942208,-1.530444,0.495338
4329.963744,real,1.660399,-0.036921,-2.421304,0.939198,-1.530445,0.495338
4329.972044,real,1.661854,-0.036961,-2.421346,0.936142,-1.530445,0.495338
4329.980327,real,1.663286,-0.037007,-2.421399,0.933039,-1.530446,0.495338
4329.988528,real,1.664711,-0.037057,-2.421464,0.929905,-1.530446,0.495338
4330.004954,real,1.668152,-0.037192,-2.421679,0.922061,-1.530447,0.495338
4330.013114,real,1.669492,-0.037244,-2.421796,0.918951,-1.530449,0.495338
4330.021383,real,1.670814,-0.037291,-2.421923,0.915822,-1.530450,0.495338
4330.029627,real,1.672103,-0.037333,-2.422071,0.912737,-1.530450,0.495338
4330.046207,real,1.674616,-0.037392,-2.422417,0.906536,-1.530451,0.495339
4330.054377,real,1.675859,-0.037411,-2.422607,0.903375,-1.530452,0.495339
4330.062277,real,1.677083,-0.037420,-2.422824,0.900171,-1.530453,0.495339
4330.070491,real,1.678275,-0.037423,-2.423055,0.896941,-1.530455,0.495339
4330.078622,real,1.679454,-0.037424,-2.423283,0.893677,-1.530456,0.495339
4330.095069,real,1.681797,-0.037425,-2.423800,0.887075,-1.530457,0.495338
4330.103185,real,1.682916,-0.037425,-2.424102,0.883724,-1.530458,0.495339
4330.111342,real,1.684012,-0.037425,-2.424401,0.880401,-1.530458,0.495339
4330.119760,real,1.685112,-0.037426,-2.424724,0.877073,-1.530460,0.495339
4330.136225,real,1.687770,-0.037426,-2.425710,0.868760,-1.530463,0.495339
4330.144346,real,1.688785,-0.037426,-2.426144,0.865417,-1.530464,0.495339
4330.152828,real,1.689793,-0.037426,-2.426625,0.862046,-1.530464,0.495338
4330.160957,real,1.690791,-0.037426,-2.427148,0.858652,-1.530465,0.495339
4330.169116,real,1.691761,-0.037426,-2.427699,0.855222,-1.530466,0.495339
4330.185456,real,1.693557,-0.037426,-2.428896,0.848391,-1.530469,0.495339
4330.193639,real,1.694406,-0.037426,-2.429564,0.844984,-1.530470,0.495338
4330.201848,real,1.695248,-0.037428,-2.430285,0.841590,-1.530471,0.495338
4330.210248,real,1.696081,-0.037430,-2.431071,0.838172,-1.530472,0.495339
4330.226362,real,1.697650,-0.037437,-2.432802,0.831377,-1.530474,0.495338
4330.234468,real,1.698374,-0.037440,-2.433759,0.827962,-1.530475,0.495339
4330.242796,real,1.699085,-0.037442,-2.434787,0.824485,-1.530475,0.495339
4330.250852,real,1.699799,-0.037442,-2.435895,0.820974,-1.530476,0.495339
4330.259271,real,1.700518,-0.037442,-2.437065,0.817430,-1.530480,0.495339
4330.275856,real,1.702234,-0.037442,-2.440190,0.808460,-1.530499,0.495338
4330.284237,real,1.702862,-0.037442,-2.441561,0.804858,-1.530502,0.495339
4330.292481,real,1.703467,-0.037442,-2.443002,0.801280,-1.530504,0.495338
4330.300602,real,1.704062,-0.037442,-2.444530,0.797732,-1.530507,0.495339
4330.308852,real,1.704651,-0.037442,-2.446163,0.794212,-1.530514,0.495338
4330.325186,real,1.705792,-0.037441,-2.449547,0.787221,-1.530552,0.495338
4330.333319,real,1.706346,-0.037442,-2.451327,0.783713,-1.530580,0.495338
4330.341916,real,1.706893,-0.037442,-2.453167,0.780199,-1.530606,0.495338
4330.350278,real,1.707426,-0.037442,-2.455046,0.776662,-1.530628,0.495338
4330.366411,real,1.708389,-0.037442,-2.458893,0.769585,-1.530687,0.495338
4330.374621,real,1.708825,-0.037442,-2.460879,0.766047,-1.530742,0.495338
4330.383236,real,1.709242,-0.037442,-2.462851,0.762523,-1.530814,0.495338
4330.391392,real,1.709650,-0.037442,-2.464841,0.759043,-1.530898,0.495338
4330.399572,real,1.710058,-0.037442,-2.466849,0.755631,-1.531002,0.495338
4330.416043,real,1.710850,-0.037441,-2.470951,0.748973,-1.531290,0.495338
4330.424210,real,1.711411,-0.037440,-2.473979,0.744156,-1.531589,0.495338
4330.432459,real,1.711763,-0.037440,-2.475959,0.741052,-1.531827,0.495338
4330.440632,real,1.712088,-0.037440,-2.477959,0.737993,-1.532096,0.495338
4330.448862,real,1.712385,-0.037440,-2.479992,0.734988,-1.532400,0.495338
4330.465298,real,1.712858,-0.037440,-2.483992,0.729156,-1.533105,0.495338
4330.473512,real,1.713033,-0.037440,-2.485970,0.726374,-1.533511,0.495338
4330.481637,real,1.713170,-0.037439,-2.487960,0.723657,-1.533963,0.495338
4330.489864,real,1.713264,-0.037439,-2.489965,0.721023,-1.534473,0.495338
4330.506232,real,1.713336,-0.037436,-2.493829,0.716130,-1.535669,0.495338
4330.514555,real,1.713326,-0.037435,-2.495683,0.713847,-1.536413,0.495338
4330.522569,real,1.713315,-0.037433,-2.497513,0.711696,-1.537300,0.495338
4330.530853,real,1.713307,-0.037431,-2.499286,0.709663,-1.538341,0.495338
4330.539153,real,1.713302,-0.037431,-2.500990,0.707736,-1.539567,0.495338
4330.555596,real,1.713302,-0.037431,-2.504227,0.704308,-1.542502,0.495338
4330.563856,real,1.713301,-0.037432,-2.505777,0.702742,-1.544198,0.495338
4330.571958,real,1.713301,-0.037432,-2.507298,0.701241,-1.546058,0.495338
4330.580333,real,1.713299,-0.037432,-2.508792,0.699788,-1.548039,0.495338
4330.588670,real,1.713292,-0.037432,-2.510942,0.697768,-1.551187,0.495338
4330.605024,real,1.713287,-0.037432,-2.513677,0.695371,-1.555897,0.495338
4330.613255,real,1.713287,-0.037431,-2.515009,0.694270,-1.558457,0.495338
4330.621541,real,1.713285,-0.037431,-2.516284,0.693216,-1.561158,0.495338
4330.629631,real,1.713280,-0.037431,-2.517502,0.692199,-1.563968,0.495338
4330.646429,real,1.713263,-0.037431,-2.519890,0.690298,-1.569759,0.495338
4330.654399,real,1.713261,-0.037431,-2.521051,0.689421,-1.572726,0.495338
4330.662451,real,1.713261,-0.037431,-2.522154,0.688596,-1.575702,0.495338
4330.670524,real,1.713261,-0.037431,-2.523219,0.687771,-1.578677,0.495338
4330.678818,real,1.713261,-0.037431,-2.524276,0.686921,-1.581617,0.495338
4330.695153,real,1.713260,-0.037431,-2.526410,0.685096,-1.587536,0.495338
4330.703257,real,1.713260,-0.037432,-2.527457,0.684163,-1.590568,0.495338
4330.711648,real,1.713260,-0.037432,-2.528498,0.683223,-1.593683,0.495338
4330.719818,real,1.713260,-0.037433,-2.529556,0.682275,-1.596845,0.495338
4330.736232,real,1.713260,-0.037433,-2.531723,0.680356,-1.603370,0.495338
4330.744358,real,1.713260,-0.037433,-2.533324,0.678879,-1.608405,0.495338
4330.752912,real,1.713259,-0.037433,-2.534402,0.677846,-1.611811,0.495338
4330.761097,real,1.713259,-0.037433,-2.535496,0.676764,-1.615201,0.495338
4330.769235,real,1.713257,-0.037433,-2.536569,0.675673,-1.618605,0.495338
4330.785586,real,1.713255,-0.037433,-2.538741,0.673390,-1.625438,0.495338
4330.793779,real,1.713255,-0.037433,-2.539856,0.672166,-1.628878,0.495338
4330.802327,real,1.713254,-0.037433,-2.540965,0.670896,-1.632384,0.495338
4330.810323,real,1.713254,-0.037433,-2.542060,0.669585,-1.635996,0.495338
4330.818506,real,1.713254,-0.037432,-2.543153,0.668266,-1.639709,0.495338
4330.834846,real,1.713254,-0.037432,-2.545364,0.665660,-1.647281,0.495338
4330.842915,real,1.713254,-0.037432,-2.546447,0.664399,-1.651108,0.495338
4330.851137,real,1.713254,-0.037432,-2.547491,0.663164,-1.654919,0.495338
4330.859268,real,1.713254,-0.037432,-2.548503,0.661912,-1.658704,0.495338
4330.876109,real,1.713254,-0.037432,-2.550477,0.659405,-1.666218,0.495338
4330.884390,real,1.713254,-0.037432,-2.551405,0.658214,-1.670066,0.495338
4330.892441,real,1.713254,-0.037431,-2.552689,0.656535,-1.675980,0.495338
4330.900741,real,1.713254,-0.037431,-2.553484,0.655478,-1.680042,0.495338
4330.908927,real,1.713254,-0.037431,-2.554231,0.654449,-1.684213,0.495338
4330.925230,real,1.713254,-0.037430,-2.555588,0.652581,-1.692697,0.495338
4330.933480,real,1.713254,-0.037430,-2.556204,0.651781,-1.696995,0.495338
4330.941589,real,1.713254,-0.037429,-2.556776,0.651074,-1.701337,0.495338
4330.949774,real,1.713254,-0.037429,-2.557317,0.650475,-1.705730,0.495338
4330.966510,real,1.713254,-0.037428,-2.558265,0.649540,-1.714879,0.495338
4330.974249,real,1.713254,-0.037428,-2.558670,0.649188,-1.719673,0.495338
4330.982480,real,1.713254,-0.037428,-2.559052,0.648920,-1.724545,0.495338
4330.990600,real,1.713254,-0.037428,-2.559378,0.648743,-1.729470,0.495338
4330.998835,real,1.713253,-0.037428,-2.559647,0.648665,-1.734413,0.495338
4331.015247,real,1.713248,-0.037428,-2.560022,0.648661,-1.744299,0.495338
4331.023301,real,1.713242,-0.037428,-2.560121,0.648663,-1.749364,0.495338
4331.031495,real,1.713239,-0.037428,-2.560164,0.648666,-1.754546,0.495338
4331.039729,real,1.713235,-0.037428,-2.560156,0.648667,-1.762561,0.495338
4331.056160,real,1.713231,-0.037422,-2.560120,0.648676,-1.773492,0.495338
4331.064338,real,1.713228,-0.037418,-2.560092,0.648678,-1.779015,0.495338
4331.072782,real,1.713225,-0.037413,-2.560082,0.648680,-1.784585,0.495338
4331.080923,real,1.713225,-0.037407,-2.560082,0.648682,-1.790274,0.495338
4331.089182,real,1.713224,-0.037404,-2.560078,0.648684,-1.796101,0.495338
4331.105645,real,1.713224,-0.037404,-2.560074,0.648685,-1.807972,0.495338
4331.113846,real,1.713223,-0.037405,-2.560074,0.648685,-1.813907,0.495338
4331.122093,real,1.713222,-0.037405,-2.560074,0.648685,-1.819793,0.495338
4331.130457,real,1.713220,-0.037405,-2.560075,0.648685,-1.825697,0.495338
4331.146669,real,1.713219,-0.037405,-2.560073,0.648685,-1.837704,0.495338
4331.154936,real,1.713218,-0.037405,-2.560072,0.648686,-1.843789,0.495338
4331.163092,real,1.713218,-0.037405,-2.560067,0.648690,-1.849849,0.495338
4331.171382,real,1.713217,-0.037405,-2.560057,0.648694,-1.855905,0.495338
4331.179569,real,1.713216,-0.037405,-2.560039,0.648699,-1.861975,0.495338
4331.196131,real,1.713216,-0.037404,-2.560002,0.648717,-1.877549,0.495338
4331.204282,real,1.713216,-0.037404,-2.559991,0.648720,-1.883868,0.495338
4331.212418,real,1.713215,-0.037404,-2.559984,0.648727,-1.890154,0.495338
4331.220621,real,1.713215,-0.037403,-2.559980,0.648732,-1.896360,0.495338
4331.228776,real,1.713215,-0.037403,-2.559974,0.648739,-1.902563,0.495338
4331.245363,real,1.713215,-0.037403,-2.559958,0.648759,-1.915155,0.495338
4331.253608,real,1.713215,-0.037402,-2.559944,0.648770,-1.921535,0.495338
4331.261896,real,1.713215,-0.037401,-2.559922,0.648787,-1.927884,0.495338
4331.270146,real,1.713215,-0.037398,-2.559891,0.648811,-1.934227,0.495338
4331.286644,real,1.713214,-0.037394,-2.559803,0.648875,-1.947007,0.495338
4331.294706,real,1.713214,-0.037394,-2.559748,0.648916,-1.953541,0.495338
4331.302889,real,1.713214,-0.037394,-2.559692,0.648955,-1.960110,0.495338
4331.311069,real,1.713214,-0.037394,-2.559633,0.649002,-1.966639,0.495338
4331.319311,real,1.713213,-0.037393,-2.559566,0.649065,-1.973076,0.495338
4331.336017,real,1.713210,-0.037386,-2.559404,0.649258,-1.985887,0.495338
4331.344118,real,1.713209,-0.037381,-2.559306,0.649399,-1.992341,0.495338
4331.352335,real,1.713209,-0.037370,-2.559124,0.649671,-2.002050,0.495338
4331.360638,real,1.713208,-0.037359,-2.558980,0.649902,-2.008460,0.495338
4331.368831,real,1.713207,-0.037349,-2.558822,0.650189,-2.014849,0.495338
4331.385180,real,1.713201,-0.037329,-2.558456,0.650935,-2.027734,0.495338
4331.393312,real,1.713199,-0.037318,-2.558237,0.651405,-2.034278,0.495338
4331.401481,real,1.713196,-0.037305,-2.557981,0.651928,-2.040790,0.495338
4331.409616,real,1.713191,-0.037291,-2.557699,0.652531,-2.047246,0.495338
4331.425919,real,1.713177,-0.037262,-2.557035,0.654052,-2.060031,0.495338
4331.434048,real,1.713168,-0.037248,-2.556615,0.654933,-2.066467,0.495338
4331.442715,real,1.713160,-0.037237,-2.556150,0.655887,-2.072964,0.495338
4331.450597,real,1.713153,-0.037228,-2.555627,0.656957,-2.079470,0.495338
4331.458730,real,1.713146,-0.037219,-2.555053,0.658138,-2.085925,0.495338
4331.475173,real,1.713138,-0.037206,-2.554056,0.660147,-2.095557,0.495338
4331.483399,real,1.713133,-0.037196,-2.552899,0.662383,-2.105257,0.495338
4331.491828,real,1.713133,-0.037194,-2.552479,0.663164,-2.108512,0.495338
4331.499773,real,1.713132,-0.037187,-2.551090,0.665648,-2.118205,0.495338
4331.516075,real,1.713127,-0.037169,-2.548925,0.669335,-2.130707,0.495338
4331.524409,real,1.713124,-0.037157,-2.547725,0.671293,-2.136844,0.495339
4331.532469,real,1.713120,-0.037142,-2.546450,0.673303,-2.142968,0.495339
4331.540897,real,1.713115,-0.037124,-2.545105,0.675392,-2.149102,0.495339
4331.548987,real,1.713108,-0.037101,-2.543704,0.677558,-2.155218,0.495339
4331.565271,real,1.713083,-0.037046,-2.540729,0.682051,-2.167111,0.495339
4331.573418,real,1.713067,-0.037014,-2.539174,0.684402,-2.172913,0.495339
4331.581582,real,1.713048,-0.036982,-2.537586,0.686794,-2.178677,0.495339
4331.589804,real,1.713028,-0.036947,-2.535941,0.689214,-2.184450,0.495339
4331.606147,real,1.712975,-0.036862,-2.531624,0.695413,-2.198503,0.495339
4331.614218,real,1.712950,-0.036835,-2.529824,0.697954,-2.203838,0.495339
4331.622760,real,1.712921,-0.036814,-2.527953,0.700560,-2.209024,0.495339
4331.630587,real,1.712890,-0.036795,-2.526010,0.703186,-2.214130,0.495340
4331.638762,real,1.712859,-0.036780,-2.524051,0.705817,-2.219192,0.495340
4331.655250,real,1.712800,-0.036762,-2.520019,0.711114,-2.229255,0.495340
4331.663215,real,1.712770,-0.036758,-2.517924,0.713772,-2.234188,0.495340
4331.671457,real,1.712734,-0.036757,-2.515787,0.716424,-2.239013,0.495340
4331.679613,real,1.712691,-0.036757,-2.513664,0.719016,-2.243746,0.495340
4331.695989,real,1.712592,-0.036756,-2.509430,0.724091,-2.253047,0.495340
4331.704179,real,1.712538,-0.036754,-2.507300,0.726587,-2.257701,0.495340
4331.712310,real,1.712481,-0.036752,-2.505165,0.729062,-2.262392,0.495341
4331.720522,real,1.712422,-0.036750,-2.503026,0.731536,-2.267084,0.495341
4331.728613,real,1.712364,-0.036750,-2.500881,0.733939,-2.271715,0.495341
4331.744957,real,1.712267,-0.036750,-2.496515,0.738626,-2.280695,0.495341
4331.753233,real,1.712232,-0.036751,-2.494262,0.740924,-2.285044,0.495341
4331.761492,real,1.712200,-0.036751,-2.490866,0.744261,-2.291568,0.495341
4331.769611,real,1.712193,-0.036751,-2.488577,0.746449,-2.295936,0.495341
4331.785929,real,1.712194,-0.036751,-2.483895,0.750641,-2.304754,0.495341
4331.794124,real,1.712194,-0.036751,-2.481555,0.752645,-2.309171,0.495341
4331.802841,real,1.712194,-0.036751,-2.479263,0.754617,-2.313497,0.495341
4331.810574,real,1.712194,-0.036751,-2.476979,0.756555,-2.317750,0.495341
4331.818590,real,1.712194,-0.036750,-2.474694,0.758492,-2.321919,0.495341
4331.835105,real,1.712195,-0.036743,-2.470143,0.762404,-2.330073,0.495341
4331.843269,real,1.712196,-0.036737,-2.467905,0.764340,-2.334134,0.495341
4331.851336,real,1.712195,-0.036730,-2.465641,0.766262,-2.338230,0.495341
4331.859531,real,1.712196,-0.036726,-2.463305,0.768211,-2.342300,0.495341
4331.875876,real,1.712196,-0.036726,-2.458643,0.771992,-2.350199,0.495341
4331.884069,real,1.712196,-0.036726,-2.456331,0.773795,-2.353968,0.495341
4331.892307,real,1.712196,-0.036726,-2.453970,0.775581,-2.357556,0.495341
4331.900440,real,1.712196,-0.036727,-2.451596,0.777330,-2.360968,0.495341
4331.908636,real,1.712196,-0.036727,-2.449234,0.779009,-2.364234,0.495341
4331.925104,real,1.712196,-0.036726,-2.443438,0.782872,-2.371846,0.495342
4331.933187,real,1.712197,-0.036726,-2.441085,0.784364,-2.374633,0.495342
4331.941380,real,1.712197,-0.036726,-2.438709,0.785850,-2.377231,0.495342
4331.949586,real,1.712198,-0.036726,-2.436351,0.787293,-2.379668,0.495342
4331.965992,real,1.712198,-0.036725,-2.431508,0.790124,-2.383980,0.495342
4331.974198,real,1.712199,-0.036725,-2.429019,0.791537,-2.385809,0.495342
4331.982575,real,1.712199,-0.036726,-2.426533,0.792919,-2.387406,0.495342
4331.990530,real,1.712199,-0.036726,-2.424066,0.794249,-2.388750,0.495342
4331.998739,real,1.712199,-0.036726,-2.421612,0.795489,-2.389853,0.495342
4332.015137,real,1.712198,-0.036726,-2.416756,0.797876,-2.391494,0.495342
4332.023224,real,1.712199,-0.036726,-2.414388,0.799076,-2.392068,0.495342
4332.031675,real,1.712198,-0.036726,-2.412056,0.800285,-2.392494,0.495342
4332.039989,real,1.712199,-0.036726,-2.409737,0.801500,-2.392769,0.495342
4332.056373,real,1.712199,-0.036726,-2.405146,0.803866,-2.392867,0.495342
4332.064468,real,1.712198,-0.036726,-2.402864,0.805050,-2.392860,0.495342
4332.072734,real,1.712198,-0.036726,-2.400560,0.806277,-2.392839,0.495342
4332.080901,real,1.712198,-0.036726,-2.398279,0.807521,-2.392796,0.495342
4332.089109,real,1.712198,-0.036726,-2.394910,0.809345,-2.392674,0.495342
4332.105375,real,1.712198,-0.036726,-2.390518,0.811535,-2.392361,0.495342
4332.113600,real,1.712198,-0.036726,-2.388381,0.812571,-2.392123,0.495342
4332.121863,real,1.712198,-0.036726,-2.386315,0.813578,-2.391812,0.495342
4332.130035,real,1.712198,-0.036726,-2.384334,0.814570,-2.391415,0.495342
4332.146650,real,1.712197,-0.036726,-2.380573,0.816482,-2.390210,0.495342
4332.154694,real,1.712195,-0.036726,-2.378812,0.817382,-2.389357,0.495342
4332.162885,real,1.712193,-0.036727,-2.377138,0.818209,-2.388272,0.495342
4332.170881,real,1.712190,-0.036728,-2.375542,0.818991,-2.386918,0.495341
4332.179106,real,1.712186,-0.036729,-2.374008,0.819748,-2.385284,0.495341
4332.195387,real,1.712171,-0.036732,-2.371102,0.821133,-2.381229,0.495341
4332.203531,real,1.712158,-0.036732,-2.369779,0.821780,-2.378811,0.495341
4332.211724,real,1.712140,-0.036732,-2.368521,0.822386,-2.376160,0.495341
4332.219903,real,1.712120,-0.036732,-2.367309,0.822933,-2.373235,0.495341
4332.236226,real,1.712070,-0.036732,-2.364582,0.824108,-2.364984,0.495341
4332.244644,real,1.712056,-0.036732,-2.363616,0.824505,-2.361401,0.495341
4332.252958,real,1.712047,-0.036732,-2.362701,0.824851,-2.357629,0.495341
4332.261127,real,1.712045,-0.036731,-2.361850,0.825125,-2.353641,0.495341
4332.269239,real,1.712045,-0.036731,-2.361073,0.825339,-2.349428,0.495341
4332.285773,real,1.712045,-0.036730,-2.359733,0.825583,-2.340235,0.495341
4332.293903,real,1.712045,-0.036730,-2.359161,0.825610,-2.335179,0.495341
4332.301958,real,1.712045,-0.036730,-2.358663,0.825610,-2.329855,0.495341
4332.310633,real,1.712045,-0.036730,-2.358255,0.825609,-2.324360,0.495341
4332.318608,real,1.712044,-0.036730,-2.357925,0.825609,-2.318693,0.495341
4332.334836,real,1.712040,-0.036732,-2.357454,0.825608,-2.306924,0.495341
4332.343039,real,1.712031,-0.036732,-2.357350,0.825606,-2.300787,0.495340
4332.351198,real,1.712018,-0.036732,-2.357318,0.825607,-2.294455,0.495340
4332.359424,real,1.712000,-0.036733,-2.357327,0.825607,-2.287993,0.495340
4332.375841,real,1.711946,-0.036736,-2.357385,0.825603,-2.271695,0.495340
4332.383854,real,1.711926,-0.036737,-2.357410,0.825603,-2.265036,0.495340
4332.392097,real,1.711907,-0.036737,-2.357416,0.825600,-2.258217,0.495340
4332.400332,real,1.711891,-0.036737,-2.357425,0.825601,-2.251261,0.495340
4332.408494,real,1.711879,-0.036737,-2.357443,0.825600,-2.244250,0.495340
4332.424967,real,1.711875,-0.036736,-2.357449,0.825602,-2.230167,0.495340
4332.433228,real,1.711874,-0.036734,-2.357448,0.825602,-2.223025,0.495340
4332.441453,real,1.711874,-0.036733,-2.357447,0.825603,-2.215795,0.495340
4332.449647,real,1.711874,-0.036732,-2.357445,0.825604,-2.208537,0.495340
4332.466195,real,1.711872,-0.036732,-2.357444,0.825604,-2.194204,0.495340
4332.474351,real,1.711871,-0.036734,-2.357445,0.825604,-2.187049,0.495340
4332.482694,real,1.711867,-0.036735,-2.357446,0.825600,-2.179810,0.495340
4332.491021,real,1.711856,-0.036736,-2.357447,0.825601,-2.172497,0.495340
4332.498995,real,1.711839,-0.036737,-2.357446,0.825598,-2.165201,0.495340
4332.515655,real,1.711791,-0.036739,-2.357445,0.825597,-2.150695,0.495340
4332.523839,real,1.711763,-0.036739,-2.357445,0.825597,-2.143398,0.495340
4332.531936,real,1.711722,-0.036739,-2.357444,0.825596,-2.132341,0.495340
4332.540188,real,1.711696,-0.036739,-2.357443,0.825596,-2.125026,0.495340
4332.548418,real,1.711675,-0.036739,-2.357442,0.825595,-2.117759,0.495340
4332.564960,real,1.711664,-0.036739,-2.357443,0.825589,-2.103169,0.495340
4332.573091,real,1.711664,-0.036739,-2.357444,0.825581,-2.095748,0.495340
4332.581370,real,1.711664,-0.036739,-2.357444,0.825578,-2.088319,0.495340
4332.589491,real,1.711664,-0.036739,-2.357444,0.825574,-2.080935,0.495340
4332.605962,real,1.711663,-0.036739,-2.357444,0.825570,-2.066224,0.495340
4332.614173,real,1.711663,-0.036739,-2.357443,0.825568,-2.058833,0.495340
4332.622603,real,1.711663,-0.036739,-2.357442,0.825568,-2.051485,0.495340
4332.630667,real,1.711663,-0.036739,-2.357441,0.825568,-2.044267,0.495340
4332.638728,real,1.711663,-0.036739,-2.357439,0.825567,-2.037155,0.495340
4332.655165,real,1.711663,-0.036739,-2.357439,0.825557,-2.023031,0.495339
4332.663382,real,1.711662,-0.036741,-2.357440,0.825545,-2.015948,0.495339
4332.671617,real,1.711662,-0.036743,-2.357442,0.825525,-2.008941,0.495339
4332.679853,real,1.711662,-0.036746,-2.357444,0.825478,-1.998614,0.495338
4332.696349,real,1.711662,-0.036749,-2.357444,0.825395,-1.985070,0.495337
4332.704463,real,1.711662,-0.036749,-2.357443,0.825355,-1.978370,0.495336
4332.712664,real,1.711662,-0.036749,-2.357443,0.825322,-1.971818,0.495336
4332.720921,real,1.711662,-0.036749,-2.357442,0.825293,-1.965442,0.495335
4332.729187,real,1.711662,-0.036749,-2.357442,0.825270,-1.959187,0.495334
4332.745629,real,1.711662,-0.036748,-2.357441,0.825230,-1.946835,0.495331
4332.753804,real,1.711662,-0.036748,-2.357441,0.825208,-1.940689,0.495329
4332.762080,real,1.711661,-0.036749,-2.357442,0.825199,-1.937643,0.495328
4332.770213,real,1.711661,-0.036749,-2.357441,0.825174,-1.931617,0.495327
4332.778663,real,1.711660,-0.036749,-2.357441,0.825140,-1.925700,0.495324
4332.795137,real,1.711660,-0.036751,-2.357442,0.825031,-1.914110,0.495320
4332.803543,real,1.711657,-0.036751,-2.357441,0.824942,-1.908419,0.495317
4332.811388,real,1.711651,-0.036751,-2.357441,0.824839,-1.902766,0.495315
4332.819621,real,1.711638,-0.036751,-2.357440,0.824660,-1.894500,0.495307
4332.836020,real,1.711631,-0.036752,-2.357438,0.824361,-1.883874,0.495284
4332.844158,real,1.711631,-0.036753,-2.357438,0.824188,-1.878672,0.495266
4332.852353,real,1.711631,-0.036753,-2.357438,0.824002,-1.873483,0.495242
4332.860497,real,1.711631,-0.036754,-2.357439,0.823787,-1.868253,0.495213
4332.868850,real,1.711631,-0.036755,-2.357439,0.823556,-1.863040,0.495176
4332.885358,real,1.711631,-0.036756,-2.357439,0.823015,-1.852684,0.495078
4332.893331,real,1.711631,-0.036756,-2.357439,0.822700,-1.847593,0.495029
4332.901544,real,1.711630,-0.036756,-2.357438,0.822352,-1.842567,0.494990
4332.909869,real,1.711630,-0.036756,-2.357437,0.821978,-1.837567,0.494956
4332.926277,real,1.711629,-0.036756,-2.357432,0.821163,-1.827633,0.494903
4332.934834,real,1.711628,-0.036756,-2.357430,0.820700,-1.822704,0.494893
4332.942638,real,1.711628,-0.036756,-2.357429,0.820199,-1.817879,0.494889
4332.950872,real,1.711628,-0.036756,-2.357429,0.819653,-1.813179,0.494887
4332.958980,real,1.711628,-0.036756,-2.357429,0.818778,-1.806306,0.494885
4332.975315,real,1.711625,-0.036756,-2.357425,0.817441,-1.797358,0.494881
4332.983496,real,1.711624,-0.036756,-2.357419,0.816680,-1.792852,0.494879
4332.991655,real,1.711624,-0.036756,-2.357414,0.815892,-1.788311,0.494876
4332.999859,real,1.711624,-0.036756,-2.357409,0.815084,-1.783776,0.494874
4333.016229,real,1.711624,-0.036755,-2.357396,0.813417,-1.774789,0.494871
4333.024299,real,1.711623,-0.036755,-2.357384,0.812575,-1.770412,0.494871
4333.032513,real,1.711623,-0.036755,-2.357371,0.811729,-1.766118,0.494871
4333.040721,real,1.711623,-0.036755,-2.357357,0.810898,-1.761898,0.494871
4333.048826,real,1.711622,-0.036754,-2.357339,0.810068,-1.757773,0.494871
4333.065165,real,1.711616,-0.036754,-2.357299,0.808478,-1.749863,0.494871
4333.073291,real,1.711607,-0.036753,-2.357269,0.807801,-1.746103,0.494872
4333.081429,real,1.711592,-0.036753,-2.357228,0.807220,-1.742540,0.494872
4333.089866,real,1.711573,-0.036753,-2.357178,0.806728,-1.739174,0.494872
4333.098560,real,1.711549,-0.036753,-2.357120,0.806341,-1.736009,0.494872
4333.114890,real,1.711457,-0.036753,-2.356939,0.805891,-1.728728,0.494873
4333.122895,real,1.711406,-0.036753,-2.356855,0.805892,-1.726071,0.494873
4333.131043,real,1.711350,-0.036753,-2.356767,0.805897,-1.723561,0.494874
4333.139418,real,1.711290,-0.036753,-2.356671,0.805901,-1.721149,0.494874
4333.156117,real,1.711160,-0.036751,-2.356450,0.805929,-1.716546,0.494876
4333.164223,real,1.711082,-0.036750,-2.356319,0.805943,-1.714361,0.494876
4333.172378,real,1.710990,-0.036750,-2.356169,0.805959,-1.712313,0.494877
4333.180554,real,1.710882,-0.036750,-2.355990,0.805976,-1.710426,0.494878
4333.188851,real,1.710760,-0.036750,-2.355785,0.805990,-1.708660,0.494879
4333.205151,real,1.710486,-0.036749,-2.355336,0.806010,-1.705526,0.494881
4333.213305,real,1.710342,-0.036749,-2.355091,0.806022,-1.704198,0.494882
4333.221629,real,1.710190,-0.036749,-2.354816,0.806032,-1.702992,0.494882
4333.229715,real,1.710021,-0.036749,-2.354529,0.806039,-1.701861,0.494883
4333.246042,real,1.709632,-0.036749,-2.353948,0.806065,-1.700020,0.494885
4333.254259,real,1.709427,-0.036749,-2.353617,0.806103,-1.699337,0.494885
4333.262620,real,1.709093,-0.036749,-2.353121,0.806167,-1.698624,0.494886
4333.270937,real,1.708830,-0.036749,-2.352787,0.806195,-1.698319,0.494887
4333.278728,real,1.708542,-0.036749,-2.352421,0.806212,-1.698143,0.494887
4333.295092,real,1.707888,-0.036750,-2.351690,0.806216,-1.698114,0.494888
4333.303222,real,1.707517,-0.036750,-2.351332,0.806215,-1.698122,0.494888
4333.311323,real,1.707108,-0.036750,-2.350991,0.806220,-1.698147,0.494889
4333.319526,real,1.706667,-0.036750,-2.350658,0.806231,-1.698200,0.494890
4333.335952,real,1.705730,-0.036749,-2.350031,0.806260,-1.698336,0.494891
4333.344058,real,1.705250,-0.036749,-2.349731,0.806289,-1.698398,0.494891
4333.352269,real,1.704765,-0.036747,-2.349404,0.806332,-1.698455,0.494891
4333.360377,real,1.704270,-0.036746,-2.349076,0.806376,-1.698513,0.494892
4333.368559,real,1.703758,-0.036746,-2.348757,0.806419,-1.698572,0.494892
4333.384985,real,1.702625,-0.036746,-2.348074,0.806504,-1.698667,0.494892
4333.393193,real,1.701998,-0.036747,-2.347749,0.806531,-1.698695,0.494892
4333.401356,real,1.701345,-0.036747,-2.347426,0.806546,-1.698706,0.494892
4333.409591,real,1.700365,-0.036746,-2.346955,0.806559,-1.698712,0.494892
4333.426153,real,1.699083,-0.036747,-2.346354,0.806568,-1.698720,0.494892
4333.434226,real,1.698445,-0.036747,-2.346060,0.806570,-1.698722,0.494892
4333.442654,real,1.697804,-0.036747,-2.345793,0.806572,-1.698722,0.494893
4333.450620,real,1.697151,-0.036747,-2.345529,0.806572,-1.698723,0.494893
4333.458878,real,1.696490,-0.036748,-2.345264,0.806573,-1.698724,0.494893
4333.475293,real,1.695174,-0.036747,-2.344788,0.806574,-1.698735,0.494893
4333.483390,real,1.694522,-0.036747,-2.344548,0.806576,-1.698740,0.494893
4333.491609,real,1.693863,-0.036747,-2.344294,0.806577,-1.698744,0.494893
4333.499747,real,1.693196,-0.036747,-2.344056,0.806578,-1.698747,0.494893
4333.516145,real,1.691794,-0.036747,-2.343603,0.806585,-1.698753,0.494893
4333.524246,real,1.691058,-0.036747,-2.343348,0.806589,-1.698759,0.494893
4333.532373,real,1.690317,-0.036747,-2.343100,0.806589,-1.698769,0.494893
4333.540657,real,1.689589,-0.036747,-2.342881,0.806590,-1.698782,0.494893
4333.548811,real,1.688873,-0.036747,-2.342658,0.806592,-1.698804,0.494893
4333.565131,real,1.687094,-0.036748,-2.342109,0.806592,-1.698904,0.494894
4333.573398,real,1.686368,-0.036748,-2.341944,0.806593,-1.698955,0.494894
4333.581526,real,1.685641,-0.036748,-2.341778,0.806595,-1.699002,0.494894
4333.589831,real,1.684930,-0.036748,-2.341595,0.806596,-1.699049,0.494894
4333.606147,real,1.683560,-0.036748,-2.341220,0.806596,-1.699186,0.494894
4333.614256,real,1.682888,-0.036748,-2.341020,0.806596,-1.699268,0.494894
4333.622762,real,1.682206,-0.036749,-2.340804,0.806596,-1.699343,0.494894
4333.630610,real,1.681510,-0.036751,-2.340581,0.806596,-1.699401,0.494894
4333.638860,real,1.680796,-0.036751,-2.340359,0.806597,-1.699463,0.494895
4333.655257,real,1.679383,-0.036750,-2.339933,0.806623,-1.699710,0.494898
4333.663522,real,1.678685,-0.036749,-2.339734,0.806764,-1.700077,0.494901
4333.671705,real,1.677974,-0.036747,-2.339545,0.807117,-1.700663,0.494902
4333.679831,real,1.677231,-0.036743,-2.339349,0.807658,-1.701413,0.494903
4333.696236,real,1.675650,-0.036728,-2.338951,0.809400,-1.703296,0.494904
4333.704406,real,1.674853,-0.036717,-2.338783,0.810592,-1.704355,0.494905
4333.712554,real,1.673681,-0.036688,-2.338574,0.812783,-1.706238,0.494907
4333.720764,real,1.672899,-0.036664,-2.338457,0.814479,-1.707718,0.494907
4333.728860,real,1.672100,-0.036644,-2.338380,0.816292,-1.709340,0.494908
4333.745266,real,1.670431,-0.036637,-2.338345,0.820090,-1.712917,0.494909
4333.753371,real,1.669593,-0.036638,-2.338347,0.822060,-1.714903,0.494910
4333.761590,real,1.668767,-0.036641,-2.338350,0.824044,-1.716976,0.494911
4333.769759,real,1.667940,-0.036645,-2.338349,0.826015,-1.719163,0.494912
4333.786267,real,1.666216,-0.036658,-2.338338,0.829827,-1.723865,0.494917
4333.794771,real,1.665300,-0.036666,-2.338334,0.831755,-1.726319,0.494919
4333.802594,real,1.664374,-0.036673,-2.338336,0.833706,-1.728776,0.494919
4333.810814,real,1.663459,-0.036673,-2.338336,0.835644,-1.731225,0.494920
4333.818847,real,1.662542,-0.036672,-2.338335,0.837585,-1.733699,0.494920
4333.835342,real,1.660615,-0.036670,-2.338336,0.841514,-1.738625,0.494923
4333.843601,real,1.659604,-0.036669,-2.338338,0.843453,-1.741148,0.494926
4333.851740,real,1.658607,-0.036667,-2.338340,0.845409,-1.743700,0.494931
4333.859958,real,1.657166,-0.036663,-2.338341,0.848362,-1.747680,0.494943
4333.876400,real,1.655251,-0.036660,-2.338341,0.852223,-1.753285,0.494973
4333.884563,real,1.654282,-0.036660,-2.338341,0.854161,-1.756185,0.495002
4333.892820,real,1.653345,-0.036660,-2.338343,0.856083,-1.759132,0.495051
4333.901051,real,1.652448,-0.036661,-2.338343,0.857949,-1.762114,0.495132
4333.909230,real,1.651565,-0.036663,-2.338342,0.859740,-1.765111,0.495260
4333.925701,real,1.649725,-0.036672,-2.338341,0.863036,-1.771044,0.495733
4333.933846,real,1.648782,-0.036682,-2.338342,0.864493,-1.773962,0.496096
4333.942152,real,1.647859,-0.036699,-2.338342,0.865772,-1.776801,0.496544
4333.950280,real,1.646962,-0.036724,-2.338343,0.866886,-1.779588,0.497088
4333.958876,real,1.646058,-0.036756,-2.338343,0.867864,-1.782270,0.497754
4333.975237,real,1.644154,-0.036818,-2.338343,0.869496,-1.787558,0.499561
4333.983141,real,1.643671,-0.036829,-2.338342,0.869837,-1.788866,0.500158
4333.991329,real,1.642720,-0.036841,-2.338342,0.870448,-1.791496,0.501543
4333.999323,real,1.641783,-0.036839,-2.338342,0.870961,-1.794110,0.503172
4334.016197,real,1.639359,-0.036834,-2.338342,0.871644,-1.800453,0.508277
4334.024327,real,1.638352,-0.036830,-2.338343,0.871683,-1.802860,0.510636
4334.032288,real,1.637361,-0.036830,-2.338343,0.871680,-1.805204,0.513159
4334.040435,real,1.636391,-0.036830,-2.338343,0.871678,-1.807448,0.515809
4334.048592,real,1.635432,-0.036830,-2.338343,0.871674,-1.809618,0.518604
4334.064984,real,1.633479,-0.036831,-2.338347,0.871667,-1.813718,0.524573
4334.073101,real,1.632516,-0.036832,-2.338353,0.871662,-1.815669,0.527778
4334.081306,real,1.631578,-0.036834,-2.338360,0.871655,-1.817614,0.531070
4334.089420,real,1.630656,-0.036836,-2.338363,0.871646,-1.819529,0.534478
4334.106108,real,1.628779,-0.036840,-2.338363,0.871636,-1.823344,0.541573
4334.113981,real,1.627839,-0.036842,-2.338363,0.871631,-1.825266,0.545261
4334.122333,real,1.626474,-0.036843,-2.338363,0.871620,-1.828105,0.550902
4334.130556,real,1.625583,-0.036843,-2.338363,0.871611,-1.830013,0.554662
4334.138930,real,1.624680,-0.036843,-2.338363,0.871604,-1.831957,0.558441
4334.155277,real,1.622844,-0.036843,-2.338371,0.871595,-1.835877,0.566371
4334.163249,real,1.621954,-0.036842,-2.338386,0.871586,-1.837892,0.570508
4334.171382,real,1.621090,-0.036842,-2.338404,0.871578,-1.839906,0.574768
4334.179609,real,1.620224,-0.036842,-2.338419,0.871572,-1.841949,0.579155
4334.196067,real,1.618429,-0.036842,-2.338462,0.871561,-1.846070,0.588171
4334.204186,real,1.617529,-0.036842,-2.338495,0.871553,-1.848101,0.592694
4334.212413,real,1.616655,-0.036842,-2.338533,0.871540,-1.850161,0.597218
4334.220473,real,1.615796,-0.036842,-2.338570,0.871523,-1.852226,0.601780
4334.228757,real,1.614926,-0.036843,-2.338598,0.871493,-1.854310,0.606435
4334.245066,real,1.613090,-0.036846,-2.338649,0.871369,-1.858518,0.616046
4334.253180,real,1.612165,-0.036852,-2.338683,0.871269,-1.860538,0.621016
4334.261392,real,1.611260,-0.036862,-2.338722,0.871143,-1.862563,0.626076
4334.269455,real,1.610356,-0.036875,-2.338758,0.871003,-1.864606,0.631166
4334.285832,real,1.607974,-0.036901,-2.338828,0.870708,-1.869944,0.644011
4334.293957,real,1.607016,-0.036905,-2.338849,0.870644,-1.872155,0.649275
4334.302069,real,1.606096,-0.036904,-2.338870,0.870620,-1.874356,0.654614
4334.310333,real,1.605208,-0.036904,-2.338886,0.870619,-1.876534,0.660043
4334.318444,real,1.604322,-0.036904,-2.338894,0.870619,-1.878658,0.665488
4334.334812,real,1.602504,-0.036904,-2.338897,0.870619,-1.882798,0.676289
4334.343323,real,1.601626,-0.036904,-2.338900,0.870619,-1.884775,0.681709
4334.351397,real,1.600788,-0.036904,-2.338904,0.870619,-1.886679,0.687199
4334.359609,real,1.599978,-0.036904,-2.338907,0.870619,-1.888543,0.692761
4334.376044,real,1.598302,-0.036904,-2.338908,0.870619,-1.892111,0.704099
4334.384354,real,1.597432,-0.036904,-2.338911,0.870619,-1.893848,0.709795
4334.392450,real,1.596591,-0.036904,-2.338913,0.870619,-1.895570,0.715460
4334.400588,real,1.595799,-0.036904,-2.338914,0.870619,-1.897232,0.721181
4334.408817,real,1.595048,-0.036904,-2.338914,0.870619,-1.898859,0.726960
4334.425087,real,1.593197,-0.036904,-2.338914,0.870619,-1.902987,0.741663
4334.433302,real,1.592470,-0.036904,-2.338917,0.870618,-1.904562,0.747550
4334.441411,real,1.591791,-0.036904,-2.338924,0.870618,-1.906084,0.753389
4334.449596,real,1.591163,-0.036905,-2.338932,0.870617,-1.907584,0.759225
4334.465903,real,1.590004,-0.036905,-2.338937,0.870617,-1.910607,0.771077
4334.474078,real,1.589438,-0.036905,-2.338943,0.870617,-1.912132,0.777107
4334.482239,real,1.588886,-0.036905,-2.338955,0.870617,-1.913686,0.783184
4334.490376,real,1.588345,-0.036905,-2.338972,0.870617,-1.915259,0.789215
4334.498867,real,1.587818,-0.036905,-2.338987,0.870617,-1.916805,0.795191
4334.515316,real,1.586790,-0.036904,-2.339000,0.870617,-1.919815,0.807237
4334.523225,real,1.586295,-0.036904,-2.339000,0.870617,-1.921310,0.813326
4334.531458,real,1.585826,-0.036904,-2.339000,0.870617,-1.922751,0.819440
4334.539783,real,1.585391,-0.036904,-2.339002,0.870617,-1.924134,0.825524
4334.556202,real,1.584619,-0.036905,-2.339025,0.870617,-1.926822,0.837530
4334.564358,real,1.584263,-0.036905,-2.339052,0.870616,-1.928166,0.843558
4334.572466,real,1.583909,-0.036906,-2.339082,0.870615,-1.929489,0.849638
4334.580910,real,1.583550,-0.036909,-2.339118,0.870612,-1.930781,0.855792
4334.589127,real,1.583007,-0.036915,-2.339186,0.870604,-1.932734,0.865099
4334.605492,real,1.582295,-0.036921,-2.339290,0.870595,-1.935320,0.877409
4334.613685,real,1.581946,-0.036921,-2.339349,0.870592,-1.936540,0.883596
4334.621954,real,1.581602,-0.036922,-2.339416,0.870589,-1.937728,0.889828
4334.630127,real,1.581283,-0.036923,-2.339491,0.870587,-1.938943,0.896108
4334.638185,real,1.580996,-0.036924,-2.339577,0.870584,-1.940184,0.902387
4334.654486,real,1.580501,-0.036924,-2.339788,0.870578,-1.942729,0.914783
4334.662688,real,1.580289,-0.036924,-2.339922,0.870575,-1.944023,0.920992
4334.671147,real,1.580088,-0.036924,-2.340063,0.870573,-1.945376,0.927256
4334.679457,real,1.579899,-0.036924,-2.340206,0.870572,-1.946815,0.933578
4334.695447,real,1.579593,-0.036924,-2.340528,0.870561,-1.949773,0.946263
4334.703573,real,1.579472,-0.036926,-2.340722,0.870551,-1.951256,0.952546
4334.711871,real,1.579357,-0.036928,-2.340954,0.870533,-1.952761,0.958836
4334.720109,real,1.579242,-0.036933,-2.341217,0.870503,-1.954272,0.965165
4334.728234,real,1.579129,-0.036939,-2.341511,0.870446,-1.955748,0.971552
4334.744716,real,1.578905,-0.036951,-2.342433,0.870211,-1.959392,0.987424
4334.752828,real,1.578841,-0.036953,-2.342855,0.870108,-1.960868,0.993618
4334.761076,real,1.578785,-0.036955,-2.343330,0.869993,-1.962333,0.999804
4334.769303,real,1.578738,-0.036955,-2.343856,0.869881,-1.963796,1.005991
4334.785832,real,1.578688,-0.036956,-2.345037,0.869705,-1.966724,1.018357
4334.793985,real,1.578683,-0.036955,-2.345723,0.869629,-1.968147,1.024434
4334.802219,real,1.578682,-0.036956,-2.346473,0.869562,-1.969533,1.030426
4334.810397,real,1.578681,-0.036955,-2.347260,0.869519,-1.970928,1.036379
4334.818528,real,1.578680,-0.036955,-2.348090,0.869498,-1.972353,1.042338
4334.835068,real,1.578680,-0.036956,-2.349935,0.869492,-1.975297,1.054297
4334.843443,real,1.578680,-0.036955,-2.350958,0.869493,-1.976827,1.060181
4334.851569,real,1.578680,-0.036955,-2.352017,0.869492,-1.978443,1.065925
4334.859663,real,1.578680,-0.036955,-2.353109,0.869492,-1.980126,1.071538
4334.875873,real,1.578680,-0.036955,-2.355467,0.869492,-1.983547,1.082642
4334.884117,real,1.578680,-0.036955,-2.356698,0.869492,-1.985298,1.088153
4334.892220,real,1.578680,-0.036955,-2.357942,0.869492,-1.987100,1.093648
4334.900415,real,1.578680,-0.036956,-2.359201,0.869491,-1.988919,1.099065
4334.908798,real,1.578679,-0.036956,-2.361148,0.869491,-1.991746,1.107025
4334.925094,real,1.578679,-0.036957,-2.363729,0.869491,-1.995691,1.117463
4334.933395,real,1.578679,-0.036957,-2.365025,0.869491,-1.997686,1.122688
4334.941425,real,1.578679,-0.036957,-2.366348,0.869490,-1.999670,1.127908
4334.949583,real,1.578679,-0.036957,-2.367683,0.869490,-2.001618,1.133090
4334.966127,real,1.578679,-0.036957,-2.370357,0.869490,-2.005465,1.143211
4334.974189,real,1.578679,-0.036957,-2.371725,0.869489,-2.007395,1.148128
4334.982411,real,1.578678,-0.036957,-2.373117,0.869489,-2.009345,1.153021
4334.990473,real,1.578677,-0.036957,-2.374535,0.869488,-2.011329,1.157933
4334.998899,real,1.578677,-0.036957,-2.375943,0.869488,-2.013312,1.162883
4335.015561,real,1.578673,-0.036957,-2.378795,0.869487,-2.017221,1.172924
4335.023354,real,1.578670,-0.036957,-2.380241,0.869486,-2.019217,1.177947
4335.031496,real,1.578667,-0.036957,-2.381697,0.869485,-2.021234,1.182945
4335.039818,real,1.578666,-0.036957,-2.383160,0.869485,-2.023279,1.187947
4335.056062,real,1.578664,-0.036957,-2.386815,0.869483,-2.028605,1.200566
4335.064464,real,1.578661,-0.036957,-2.388295,0.869482,-2.030783,1.205691
4335.072666,real,1.578656,-0.036957,-2.389781,0.869482,-2.032947,1.210830
4335.080866,real,1.578649,-0.036957,-2.391261,0.869481,-2.035073,1.215951
4335.088992,real,1.578644,-0.036957,-2.392742,0.869480,-2.037174,1.221008
4335.105332,real,1.578640,-0.036957,-2.395659,0.869479,-2.041270,1.230993
4335.113490,real,1.578637,-0.036956,-2.397115,0.869479,-2.043281,1.236018
4335.121594,real,1.578633,-0.036956,-2.398548,0.869479,-2.045245,1.241078
4335.129790,real,1.578628,-0.036956,-2.399960,0.869479,-2.047134,1.246183
4335.146170,real,1.578625,-0.036956,-2.402839,0.869479,-2.050892,1.256425
4335.154380,real,1.578624,-0.036956,-2.404262,0.869479,-2.052769,1.261503
4335.162493,real,1.578621,-0.036956,-2.405693,0.869479,-2.054696,1.266558
4335.170729,real,1.578616,-0.036956,-2.407138,0.869479,-2.056707,1.271589
4335.178874,real,1.578611,-0.036956,-2.408568,0.869479,-2.058762,1.276618
4335.195484,real,1.578609,-0.036956,-2.411370,0.869479,-2.062934,1.286628
4335.203757,real,1.578609,-0.036955,-2.412741,0.869479,-2.065088,1.291565
4335.211823,real,1.578608,-0.036955,-2.414780,0.869479,-2.068403,1.298784
4335.220214,real,1.578607,-0.036956,-2.416106,0.869479,-2.070707,1.303480
4335.228311,real,1.578605,-0.036956,-2.417422,0.869479,-2.073047,1.308143
4335.244779,real,1.578598,-0.036956,-2.420058,0.869479,-2.077845,1.317480
4335.252990,real,1.578595,-0.036956,-2.421373,0.869479,-2.080249,1.322167
4335.261185,real,1.578593,-0.036956,-2.422656,0.869480,-2.082698,1.326860
4335.269382,real,1.578593,-0.036956,-2.423896,0.869480,-2.085170,1.331508
4335.285844,real,1.578591,-0.036954,-2.426255,0.869480,-2.090229,1.340638
4335.294000,real,1.578588,-0.036954,-2.427367,0.869480,-2.092764,1.345146
4335.302244,real,1.578582,-0.036954,-2.428433,0.869480,-2.095341,1.349632
4335.310447,real,1.578572,-0.036954,-2.429468,0.869480,-2.097987,1.354125
4335.318703,real,1.578560,-0.036955,-2.430483,0.869480,-2.100709,1.358638
4335.335170,real,1.578522,-0.036954,-2.432456,0.869480,-2.106399,1.367621
4335.343461,real,1.578494,-0.036954,-2.433406,0.869480,-2.109307,1.372062
4335.351513,real,1.578456,-0.036954,-2.434321,0.869481,-2.112197,1.376402
4335.359735,real,1.578406,-0.036955,-2.435209,0.869480,-2.115064,1.380653
4335.376143,real,1.578233,-0.036955,-2.437293,0.869481,-2.122041,1.391160
4335.384360,real,1.578145,-0.036955,-2.438069,0.869480,-2.124707,1.395380
4335.392560,real,1.578048,-0.036955,-2.438837,0.869480,-2.127323,1.399631
4335.400838,real,1.577940,-0.036955,-2.439620,0.869481,-2.129923,1.403939
4335.409073,real,1.577822,-0.036955,-2.440378,0.869481,-2.132503,1.408253
4335.425655,real,1.577544,-0.036954,-2.441771,0.869482,-2.137703,1.416793
4335.433843,real,1.577385,-0.036954,-2.442421,0.869482,-2.140320,1.421005
4335.442152,real,1.577223,-0.036953,-2.443048,0.869483,-2.142983,1.425170
4335.450290,real,1.577068,-0.036953,-2.443632,0.869483,-2.145679,1.429319
4335.458579,real,1.576922,-0.036953,-2.444165,0.869483,-2.148424,1.433475
4335.475023,real,1.576646,-0.036954,-2.445170,0.869483,-2.153929,1.441720
4335.483375,real,1.576519,-0.036953,-2.445648,0.869483,-2.156648,1.445804
4335.491548,real,1.576408,-0.036954,-2.446099,0.869483,-2.159339,1.449847
4335.499783,real,1.576317,-0.036954,-2.446506,0.869483,-2.162036,1.453789
4335.516129,real,1.576179,-0.036954,-2.447368,0.869483,-2.168766,1.463391
4335.524355,real,1.576159,-0.036954,-2.447607,0.869482,-2.171438,1.467231
4335.532565,real,1.576158,-0.036955,-2.447817,0.869482,-2.174150,1.471108
4335.540814,real,1.576158,-0.036955,-2.447992,0.869482,-2.176924,1.475039
4335.548972,real,1.576158,-0.036956,-2.448117,0.869482,-2.179801,1.479032
4335.565431,real,1.576158,-0.036955,-2.448238,0.869482,-2.185786,1.487084
4335.573656,real,1.576158,-0.036955,-2.448243,0.869482,-2.188814,1.491054
4335.581933,real,1.576158,-0.036954,-2.448239,0.869482,-2.191812,1.494998
4335.590128,real,1.576158,-0.036954,-2.448238,0.869482,-2.193300,1.496955
4335.598465,real,1.576158,-0.036953,-2.448229,0.869482,-2.196226,1.500833
4335.614849,real,1.576158,-0.036951,-2.448227,0.869483,-2.201918,1.508577
4335.623051,real,1.576158,-0.036950,-2.448228,0.869482,-2.204667,1.512479
4335.631054,real,1.576158,-0.036951,-2.448228,0.869483,-2.207394,1.516359
4335.639305,real,1.576158,-0.036951,-2.448228,0.869483,-2.210118,1.520213
4335.655935,real,1.576158,-0.036953,-2.448229,0.869482,-2.217081,1.529602
4335.663769,real,1.576158,-0.036953,-2.448229,0.869482,-2.219958,1.533141
4335.672142,real,1.576158,-0.036953,-2.448229,0.869482,-2.222879,1.536563
4335.680216,real,1.576158,-0.036953,-2.448229,0.869482,-2.225866,1.539891
4335.688426,real,1.576158,-0.036953,-2.448228,0.869482,-2.228879,1.543157
4335.704794,real,1.576158,-0.036953,-2.448227,0.869482,-2.234795,1.549487
4335.712933,real,1.576158,-0.036953,-2.448229,0.869483,-2.237682,1.552529
4335.721087,real,1.576159,-0.036953,-2.448230,0.869483,-2.240539,1.555480
4335.729246,real,1.576160,-0.036953,-2.448232,0.869482,-2.243377,1.558313
4335.745597,real,1.576160,-0.036953,-2.448233,0.869483,-2.248975,1.563476
4335.753770,real,1.576161,-0.036953,-2.448233,0.869483,-2.251730,1.565745
4335.761965,real,1.576161,-0.036952,-2.448232,0.869485,-2.254484,1.567790
4335.770090,real,1.576161,-0.036952,-2.448232,0.869488,-2.257243,1.569583
4335.778302,real,1.576160,-0.036951,-2.448231,0.869493,-2.259989,1.571151
4335.794625,real,1.576160,-0.036951,-2.448221,0.869504,-2.266528,1.573976
4335.802832,real,1.576160,-0.036951,-2.448216,0.869505,-2.268940,1.574632
4335.810982,real,1.576160,-0.036951,-2.448218,0.869505,-2.271224,1.575037
4335.819184,real,1.576160,-0.036952,-2.448219,0.869504,-2.273376,1.575202
4335.835766,real,1.576160,-0.036954,-2.448220,0.869504,-2.277336,1.575195
4335.844526,real,1.576160,-0.036955,-2.448219,0.869504,-2.279094,1.575190
4335.851919,real,1.576160,-0.036956,-2.448219,0.869504,-2.280708,1.575177
4335.860110,real,1.576160,-0.036956,-2.448218,0.869504,-2.282199,1.575163
4335.868277,real,1.576160,-0.036955,-2.448216,0.869504,-2.283583,1.575150
4335.884743,real,1.576160,-0.036955,-2.448202,0.869504,-2.285925,1.575121
4335.892879,real,1.576160,-0.036955,-2.448194,0.869505,-2.286941,1.575102
4335.901055,real,1.576160,-0.036955,-2.448191,0.869505,-2.287897,1.575082
4335.909360,real,1.576161,-0.036955,-2.448190,0.869505,-2.288781,1.575056
4335.925854,real,1.576161,-0.036955,-2.448190,0.869506,-2.290279,1.574963
4335.934159,real,1.576162,-0.036955,-2.448190,0.869507,-2.290861,1.574880
4335.942437,real,1.576163,-0.036955,-2.448190,0.869508,-2.291326,1.574759
4335.950435,real,1.576164,-0.036955,-2.448188,0.869516,-2.291783,1.574499
4335.958953,real,1.576164,-0.036954,-2.448178,0.869525,-2.291919,1.574266
4335.975431,real,1.576166,-0.036954,-2.448130,0.869549,-2.291924,1.573598
4335.983569,real,1.576168,-0.036953,-2.448092,0.869576,-2.291917,1.573148
4335.991827,real,1.576170,-0.036953,-2.448042,0.869623,-2.291905,1.572604
4336.000094,real,1.576171,-0.036953,-2.447983,0.869704,-2.291894,1.571953
4336.008274,real,1.576172,-0.036953,-2.447924,0.869805,-2.291879,1.571192
4336.024563,real,1.576174,-0.036953,-2.447801,0.870046,-2.291834,1.569334
4336.032810,real,1.576175,-0.036953,-2.447736,0.870186,-2.291803,1.568190
4336.041058,real,1.576176,-0.036953,-2.447670,0.870330,-2.291760,1.566824
4336.049080,real,1.576177,-0.036953,-2.447597,0.870480,-2.291698,1.565224
4336.065401,real,1.576182,-0.036953,-2.447415,0.870757,-2.291497,1.561287
4336.073543,real,1.576184,-0.036953,-2.447297,0.870873,-2.291350,1.558925
4336.081791,real,1.576185,-0.036953,-2.447161,0.870967,-2.291170,1.556322
4336.089886,real,1.576185,-0.036953,-2.447009,0.871039,-2.290961,1.553509
4336.106188,real,1.576185,-0.036953,-2.446570,0.871141,-2.290372,1.545635
4336.114386,real,1.576185,-0.036953,-2.446364,0.871161,-2.290100,1.542114
4336.122548,real,1.576186,-0.036952,-2.446127,0.871173,-2.289807,1.538445
4336.130754,real,1.576188,-0.036952,-2.445863,0.871183,-2.289507,1.534694
4336.138840,real,1.576191,-0.036952,-2.445581,0.871194,-2.289192,1.530832
4336.155258,real,1.576191,-0.036952,-2.444914,0.871244,-2.288456,1.522683
4336.163651,real,1.576191,-0.036952,-2.444513,0.871275,-2.288025,1.518337
4336.171592,real,1.576191,-0.036952,-2.444098,0.871301,-2.287546,1.513817
4336.179820,real,1.576191,-0.036952,-2.443638,0.871320,-2.287017,1.509103
4336.196300,real,1.576191,-0.036952,-2.442576,0.871342,-2.285784,1.499172
4336.204413,real,1.576191,-0.036952,-2.441983,0.871345,-2.285057,1.494007
4336.212614,real,1.576190,-0.036952,-2.441342,0.871348,-2.284232,1.488751
4336.220749,real,1.576190,-0.036952,-2.440660,0.871352,-2.283296,1.483402
4336.228909,real,1.576190,-0.036953,-2.439927,0.871354,-2.282293,1.477908
4336.245245,real,1.576190,-0.036953,-2.437913,0.871354,-2.279408,1.463806
4336.253321,real,1.576190,-0.036954,-2.437028,0.871354,-2.278052,1.458083
4336.261502,real,1.576190,-0.036954,-2.436099,0.871354,-2.276563,1.452367
4336.269692,real,1.576189,-0.036953,-2.435128,0.871354,-2.275003,1.446630
4336.286114,real,1.576189,-0.036953,-2.433053,0.871354,-2.271751,1.434952
4336.294371,real,1.576189,-0.036954,-2.431953,0.871354,-2.270011,1.428993
4336.302449,real,1.576189,-0.036953,-2.430820,0.871354,-2.268201,1.422967
4336.310735,real,1.576189,-0.036953,-2.429647,0.871354,-2.266308,1.416892
4336.319047,real,1.576189,-0.036954,-2.428439,0.871354,-2.264277,1.410793
4336.335547,real,1.576189,-0.036954,-2.425930,0.871354,-2.259787,1.398441
4336.343634,real,1.576188,-0.036955,-2.424626,0.871354,-2.257355,1.392209
4336.351751,real,1.576188,-0.036955,-2.423309,0.871354,-2.254860,1.385967
4336.359884,real,1.576188,-0.036955,-2.421985,0.871354,-2.252343,1.379737
4336.376359,real,1.576187,-0.036955,-2.419351,0.871354,-2.247196,1.367373
4336.384438,real,1.576187,-0.036955,-2.418017,0.871354,-2.244578,1.361163
4336.392684,real,1.576187,-0.036955,-2.415980,0.871355,-2.240628,1.351774
4336.400806,real,1.576187,-0.036955,-2.414649,0.871355,-2.238005,1.345495
4336.408979,real,1.576186,-0.036955,-2.413361,0.871356,-2.235384,1.339203
4336.425331,real,1.576186,-0.036956,-2.410777,0.871360,-2.230038,1.326562
4336.433474,real,1.576186,-0.036955,-2.409479,0.871363,-2.227239,1.320134
4336.441717,real,1.576186,-0.036955,-2.408236,0.871365,-2.224350,1.313692
4336.449844,real,1.576186,-0.036955,-2.407043,0.871369,-2.221395,1.307263
4336.466247,real,1.576185,-0.036955,-2.404616,0.871416,-2.215248,1.294539
4336.474371,real,1.576185,-0.036955,-2.403405,0.871452,-2.212112,1.288230
4336.482577,real,1.576184,-0.036955,-2.402211,0.871488,-2.209023,1.281889
4336.490714,real,1.576183,-0.036955,-2.401015,0.871535,-2.205981,1.275505
4336.498995,real,1.576182,-0.036955,-2.399828,0.871589,-2.202997,1.269114
4336.515378,real,1.576182,-0.036956,-2.397483,0.871687,-2.197068,1.256307
4336.523643,real,1.576182,-0.036956,-2.396346,0.871730,-2.194091,1.249909
4336.531790,real,1.576181,-0.036956,-2.395228,0.871767,-2.191106,1.243455
4336.539841,real,1.576180,-0.036955,-2.393556,0.871855,-2.186508,1.233758
4336.556366,real,1.576180,-0.036955,-2.391379,0.871999,-2.179997,1.220953
4336.564590,real,1.576179,-0.036955,-2.390348,0.872079,-2.176627,1.214621
4336.572718,real,1.576179,-0.036955,-2.389328,0.872181,-2.173219,1.208312
4336.580948,real,1.576179,-0.036955,-2.388314,0.872301,-2.169817,1.201985
4336.589059,real,1.576177,-0.036955,-2.387333,0.872450,-2.166403,1.195660
4336.605695,real,1.576172,-0.036955,-2.385494,0.872846,-2.159678,1.183017
4336.613831,real,1.576171,-0.036956,-2.384602,0.873129,-2.156351,1.176691
4336.621945,real,1.576171,-0.036956,-2.383736,0.873480,-2.152955,1.170331
4336.630263,real,1.576171,-0.036955,-2.382915,0.873883,-2.149529,1.163900
4336.638693,real,1.576171,-0.036955,-2.382138,0.874371,-2.146026,1.157461
4336.654944,real,1.576166,-0.036955,-2.380698,0.875648,-2.138828,1.144658
4336.663816,real,1.576161,-0.036955,-2.380016,0.876484,-2.135151,1.138309
4336.671608,real,1.576159,-0.036955,-2.379362,0.877446,-2.131476,1.131963
4336.679774,real,1.576159,-0.036955,-2.378763,0.878536,-2.127851,1.125567
4336.696070,real,1.576159,-0.036955,-2.377452,0.881798,-2.118765,1.109329
4336.704241,real,1.576159,-0.036955,-2.377004,0.883336,-2.115081,1.102787
4336.712283,real,1.576159,-0.036955,-2.376604,0.885028,-2.111353,1.096279
4336.720557,real,1.576158,-0.036955,-2.376234,0.886827,-2.107530,1.089761
4336.728764,real,1.576157,-0.036955,-2.375911,0.888674,-2.103574,1.083267
4336.745085,real,1.576157,-0.036955,-2.375401,0.892541,-2.095379,1.070522
4336.753315,real,1.576156,-0.036955,-2.375212,0.894542,-2.091225,1.064309
4336.761558,real,1.576156,-0.036955,-2.375079,0.896558,-2.087024,1.058199
4336.769793,real,1.576152,-0.036955,-2.374998,0.898584,-2.082841,1.052182
4336.786123,real,1.576132,-0.036955,-2.374962,0.902751,-2.074422,1.040267
4336.794289,real,1.576118,-0.036955,-2.374964,0.904835,-2.070139,1.034415
4336.802504,real,1.576103,-0.036955,-2.374968,0.906908,-2.065789,1.028615
4336.810848,real,1.576089,-0.036955,-2.374969,0.908980,-2.061361,1.022918
4336.819071,real,1.576074,-0.036955,-2.374969,0.911060,-2.056874,1.017308
4336.835781,real,1.576037,-0.036956,-2.374968,0.915146,-2.048009,1.006318
4336.843943,real,1.576013,-0.036955,-2.374970,0.917198,-2.043634,1.000986
4336.852144,real,1.575988,-0.036955,-2.374970,0.919216,-2.039265,0.995770
4336.860271,real,1.575950,-0.036955,-2.374969,0.922184,-2.032676,0.988153
4336.868417,real,1.575927,-0.036955,-2.374969,0.924148,-2.028182,0.983195
4336.884790,real,1.575874,-0.036955,-2.374970,0.927998,-2.018878,0.973489
4336.892841,real,1.575843,-0.036955,-2.374970,0.929906,-2.014153,0.968669
4336.901084,real,1.575812,-0.036955,-2.374971,0.931816,-2.009423,0.963854
4336.909195,real,1.575782,-0.036955,-2.374973,0.933721,-2.004716,0.959100
4336.925648,real,1.575728,-0.036955,-2.374979,0.937401,-1.995312,0.949673
4336.933896,real,1.575702,-0.036955,-2.374979,0.939208,-1.990553,0.945040
4336.942061,real,1.575678,-0.036955,-2.374979,0.941009,-1.985705,0.940457
4336.950251,real,1.575656,-0.036955,-2.374979,0.942776,-1.980793,0.935901
4336.958441,real,1.575637,-0.036955,-2.374980,0.944525,-1.975855,0.931372
4336.974901,real,1.575614,-0.036956,-2.374980,0.947981,-1.966155,0.922416
4336.983201,real,1.575611,-0.036956,-2.374981,0.949687,-1.961335,0.917994
4336.991612,real,1.575611,-0.036956,-2.374983,0.951319,-1.956505,0.913618
4336.999596,real,1.575611,-0.036956,-2.374987,0.952892,-1.951632,0.909266
4337.016127,real,1.575610,-0.036956,-2.375001,0.956786,-1.939131,0.898364
4337.024365,real,1.575610,-0.036957,-2.375002,0.958272,-1.934099,0.893973
4337.032497,real,1.575610,-0.036956,-2.375003,0.959729,-1.929103,0.889528
4337.040718,real,1.575610,-0.036956,-2.375005,0.961164,-1.924145,0.885083
4337.048924,real,1.575610,-0.036957,-2.375013,0.962592,-1.919194,0.880685
4337.065316,real,1.575609,-0.036957,-2.375044,0.965296,-1.909267,0.871926
4337.073554,real,1.575609,-0.036957,-2.375064,0.966538,-1.904251,0.867604
4337.081790,real,1.575609,-0.036957,-2.375090,0.967721,-1.899261,0.863304
4337.089993,real,1.575609,-0.036958,-2.375125,0.968849,-1.894361,0.858981
4337.098243,real,1.575609,-0.036958,-2.375163,0.969923,-1.889566,0.854636
4337.114673,real,1.575609,-0.036959,-2.375241,0.971911,-1.880091,0.845964
4337.122857,real,1.575608,-0.036960,-2.375286,0.972802,-1.875373,0.841668
4337.131572,real,1.575607,-0.036963,-2.375334,0.973620,-1.870594,0.837434
4337.139644,real,1.575605,-0.036970,-2.375387,0.974384,-1.865747,0.833245
4337.155907,real,1.575601,-0.037003,-2.375573,0.975938,-1.853665,0.822903
4337.164052,real,1.575599,-0.037025,-2.375664,0.976461,-1.848913,0.818785
4337.172440,real,1.575597,-0.037051,-2.375768,0.976926,-1.844222,0.814625
4337.180886,real,1.575594,-0.037081,-2.375892,0.977321,-1.839548,0.810406
4337.189169,real,1.575592,-0.037112,-2.376037,0.977628,-1.834895,0.806177
4337.205591,real,1.575591,-0.037175,-2.376394,0.978041,-1.825592,0.797702
4337.213809,real,1.575591,-0.037205,-2.376605,0.978136,-1.820995,0.793455
4337.221967,real,1.575591,-0.037233,-2.376847,0.978157,-1.816502,0.789222
4337.230176,real,1.575591,-0.037259,-2.377124,0.978156,-1.812129,0.784977
4337.238419,real,1.575591,-0.037283,-2.377442,0.978155,-1.807811,0.780676
4337.255138,real,1.575590,-0.037328,-2.378165,0.978152,-1.799363,0.771988
4337.263557,real,1.575590,-0.037348,-2.378613,0.978149,-1.795133,0.767617
4337.271666,real,1.575590,-0.037366,-2.379105,0.978149,-1.790856,0.763234
4337.279817,real,1.575590,-0.037381,-2.379641,0.978149,-1.786572,0.758862
4337.296109,real,1.575589,-0.037406,-2.381204,0.978148,-1.775923,0.747901
4337.304214,real,1.575588,-0.037410,-2.381931,0.978148,-1.771759,0.743524
4337.312445,real,1.575586,-0.037410,-2.382696,0.978148,-1.767665,0.739145
4337.320601,real,1.575578,-0.037411,-2.383530,0.978148,-1.763605,0.734722
4337.328819,real,1.575569,-0.037413,-2.384442,0.978147,-1.759582,0.730286
4337.345229,real,1.575550,-0.037413,-2.386444,0.978146,-1.751618,0.721471
4337.353416,real,1.575541,-0.037415,-2.387524,0.978145,-1.747643,0.717076
4337.361894,real,1.575530,-0.037416,-2.388671,0.978142,-1.743727,0.712734
4337.369782,real,1.575517,-0.037418,-2.389869,0.978140,-1.739917,0.708435
4337.386322,real,1.575495,-0.037424,-2.392398,0.978135,-1.732562,0.699833
4337.394478,real,1.575486,-0.037428,-2.393731,0.978132,-1.728978,0.695551
4337.402679,real,1.575479,-0.037431,-2.395112,0.978130,-1.725450,0.691273
4337.410906,real,1.575476,-0.037433,-2.395827,0.978129,-1.723700,0.689133
4337.419046,real,1.575473,-0.037437,-2.397309,0.978127,-1.720195,0.684850
4337.435611,real,1.575466,-0.037442,-2.401179,0.978127,-1.711265,0.674103
4337.443665,real,1.575462,-0.037443,-2.402850,0.978127,-1.707696,0.669749
4337.451778,real,1.575455,-0.037444,-2.404564,0.978127,-1.704152,0.665363
4337.460028,real,1.575449,-0.037445,-2.406331,0.978127,-1.700638,0.660947
4337.476364,real,1.575427,-0.037446,-2.410006,0.978127,-1.693891,0.651946
4337.484481,real,1.575408,-0.037447,-2.411932,0.978127,-1.690673,0.647402
4337.492681,real,1.575382,-0.037447,-2.413901,0.978127,-1.687519,0.642825
4337.500955,real,1.575351,-0.037447,-2.415899,0.978127,-1.684430,0.638200
4337.509151,real,1.575316,-0.037448,-2.417930,0.978127,-1.681396,0.633571
4337.525559,real,1.575229,-0.037451,-2.422139,0.978126,-1.675514,0.624178
4337.533716,real,1.575172,-0.037453,-2.424277,0.978127,-1.672636,0.619404
4337.541906,real,1.575103,-0.037454,-2.426409,0.978127,-1.669805,0.614593
4337.550031,real,1.575020,-0.037454,-2.428550,0.978127,-1.667059,0.609757
4337.558313,real,1.574925,-0.037454,-2.430724,0.978128,-1.664442,0.604913
4337.574651,real,1.574642,-0.037453,-2.436114,0.978131,-1.658355,0.592692
4337.582782,real,1.574517,-0.037453,-2.438260,0.978131,-1.656073,0.587739
4337.590982,real,1.574384,-0.037453,-2.440430,0.978133,-1.653872,0.582731
4337.599100,real,1.574236,-0.037453,-2.442599,0.978134,-1.651762,0.577616
4337.615725,real,1.573861,-0.037453,-2.446926,0.978135,-1.647755,0.567119
4337.623713,real,1.573634,-0.037453,-2.449093,0.978136,-1.645891,0.561740
4337.631806,real,1.573376,-0.037453,-2.451266,0.978136,-1.644080,0.556323
4337.639942,real,1.573076,-0.037453,-2.453426,0.978137,-1.642297,0.550856
4337.656615,real,1.572354,-0.037452,-2.457681,0.978139,-1.638912,0.539742
4337.664806,real,1.571937,-0.037451,-2.459765,0.978140,-1.637269,0.534146
4337.672818,real,1.571498,-0.037450,-2.461823,0.978141,-1.635691,0.528552
4337.681120,real,1.571045,-0.037450,-2.463847,0.978144,-1.634216,0.522976
4337.689171,real,1.570585,-0.037450,-2.465847,0.978144,-1.632824,0.517406
4337.705822,real,1.569631,-0.037450,-2.469788,0.978145,-1.630148,0.506321
4337.714092,real,1.569130,-0.037450,-2.471728,0.978145,-1.628885,0.500763
4337.722068,real,1.568328,-0.037451,-2.474581,0.978144,-1.627097,0.492417
4337.730220,real,1.567735,-0.037451,-2.476463,0.978143,-1.625960,0.486870
4337.738386,real,1.567078,-0.037452,-2.478342,0.978143,-1.624806,0.481350
4337.754737,real,1.565613,-0.037452,-2.482030,0.978142,-1.622543,0.470407
4337.762933,real,1.564836,-0.037452,-2.483833,0.978141,-1.621472,0.464953
4337.771192,real,1.564033,-0.037453,-2.485605,0.978141,-1.620440,0.459510
4337.779553,real,1.563193,-0.037453,-2.487327,0.978140,-1.619419,0.454081
4337.795912,real,1.561365,-0.037453,-2.490695,0.978140,-1.617295,0.443304
4337.803847,real,1.560390,-0.037453,-2.492355,0.978139,-1.616211,0.437928
4337.811993,real,1.559402,-0.037452,-2.493997,0.978140,-1.615137,0.432546
4337.820086,real,1.558387,-0.037452,-2.495621,0.978139,-1.614064,0.427137
4337.828329,real,1.557325,-0.037452,-2.497251,0.978140,-1.612976,0.421663
4337.844675,real,1.555064,-0.037452,-2.500530,0.978140,-1.610624,0.410604
4337.852780,real,1.553910,-0.037452,-2.502181,0.978140,-1.609392,0.405009
4337.861040,real,1.552148,-0.037452,-2.504662,0.978140,-1.607547,0.396602
4337.869133,real,1.550911,-0.037453,-2.506319,0.978140,-1.606316,0.390948
4337.885540,real,1.548360,-0.037454,-2.509684,0.978139,-1.603735,0.379608
4337.893787,real,1.547053,-0.037455,-2.511379,0.978138,-1.602436,0.373947
4337.902212,real,1.545704,-0.037457,-2.513076,0.978137,-1.601121,0.368304
4337.910326,real,1.544334,-0.037458,-2.514791,0.978133,-1.599773,0.362657
4337.918434,real,1.542973,-0.037459,-2.516521,0.978132,-1.598349,0.357000
4337.935069,real,1.540219,-0.037459,-2.519947,0.978132,-1.595341,0.345617
4337.943671,real,1.538847,-0.037459,-2.521682,0.978132,-1.593754,0.339883
4337.951655,real,1.537486,-0.037459,-2.523426,0.978131,-1.592090,0.334133
4337.959739,real,1.536111,-0.037460,-2.525161,0.978130,-1.590388,0.328376
4337.976415,real,1.533335,-0.037460,-2.528662,0.978127,-1.587047,0.316984
4337.984489,real,1.531957,-0.037461,-2.530458,0.978121,-1.585354,0.311321
4337.992800,real,1.529861,-0.037461,-2.533219,0.978115,-1.582819,0.302922
4338.000817,real,1.528446,-0.037462,-2.535075,0.978112,-1.581150,0.297379
4338.009140,real,1.527037,-0.037463,-2.536942,0.978107,-1.579466,0.291887
4338.025460,real,1.524158,-0.037472,-2.540764,0.978088,-1.576043,0.280976
4338.033833,real,1.522714,-0.037480,-2.542731,0.978064,-1.574361,0.275560
4338.041922,real,1.521286,-0.037490,-2.544713,0.978026,-1.572677,0.270170
4338.050247,real,1.519843,-0.037504,-2.546734,0.977952,-1.570984,0.264797
4338.058344,real,1.518403,-0.037524,-2.548774,0.977839,-1.569302,0.259478
4338.074904,real,1.515567,-0.037573,-2.552906,0.977539,-1.565893,0.249097
4338.083240,real,1.514137,-0.037595,-2.555005,0.977358,-1.564128,0.244113
4338.091153,real,1.512723,-0.037612,-2.557113,0.977162,-1.562334,0.239268
4338.099490,real,1.511329,-0.037626,-2.559238,0.976958,-1.560534,0.234576
4338.116066,real,1.508506,-0.037648,-2.563546,0.976505,-1.556958,0.225784
4338.123947,real,1.507094,-0.037656,-2.565749,0.976234,-1.555264,0.221681
4338.132291,real,1.505669,-0.037665,-2.567968,0.975923,-1.553604,0.217804
4338.140400,real,1.504211,-0.037676,-2.570200,0.975573,-1.551996,0.214154
4338.148607,real,1.502730,-0.037689,-2.572456,0.975148,-1.550511,0.210717
4338.165147,real,1.498980,-0.037745,-2.578187,0.973738,-1.547376,0.202951
4338.173261,real,1.497454,-0.037775,-2.580496,0.973023,-1.546302,0.200185
4338.181490,real,1.495934,-0.037806,-2.582778,0.972203,-1.545400,0.197603
4338.189790,real,1.494407,-0.037838,-2.585071,0.971291,-1.544685,0.195173
4338.200342,real,1.492869,-0.037868,-2.587340,0.970293,-1.544132,0.192882
4338.208566,real,1.491356,-0.037890,-2.589608,0.969221,-1.543743,0.190725
4338.224915,real,1.488366,-0.037903,-2.594091,0.966929,-1.543449,0.186805
4338.233091,real,1.486888,-0.037903,-2.596337,0.965705,-1.543463,0.185052
4338.241270,real,1.485429,-0.037903,-2.598586,0.964420,-1.543481,0.183410
4338.249460,real,1.483216,-0.037903,-2.601916,0.962454,-1.543540,0.181167
4338.265800,real,1.480256,-0.037909,-2.606384,0.959866,-1.543779,0.178531
4338.273967,real,1.478771,-0.037915,-2.608626,0.958582,-1.543978,0.177317
4338.282128,real,1.477270,-0.037923,-2.610828,0.957277,-1.544240,0.176197
4338.290293,real,1.475775,-0.037928,-2.612977,0.955949,-1.544582,0.175184
4338.298391,real,1.474284,-0.037928,-2.615097,0.954631,-1.545015,0.174279
4338.314849,real,1.471274,-0.037928,-2.619249,0.952191,-1.546253,0.172792
4338.323088,real,1.469806,-0.037927,-2.621255,0.951062,-1.547071,0.172137
4338.331241,real,1.468342,-0.037926,-2.623201,0.949971,-1.548001,0.171513
4338.339496,real,1.466890,-0.037925,-2.625099,0.948885,-1.549087,0.170912
4338.356187,real,1.464048,-0.037924,-2.628844,0.946865,-1.552073,0.169863
4338.363974,real,1.462625,-0.037925,-2.630648,0.945980,-1.554023,0.169445
4338.372221,real,1.461202,-0.037925,-2.632397,0.945172,-1.556267,0.169098
4338.380377,real,1.459799,-0.037925,-2.634130,0.944423,-1.558884,0.168821
4338.388830,real,1.458393,-0.037925,-2.635835,0.943714,-1.561855,0.168619
4338.405096,real,1.455547,-0.037925,-2.639044,0.942485,-1.568739,0.168441
4338.413220,real,1.454138,-0.037925,-2.640559,0.941957,-1.572636,0.168437
4338.421539,real,1.452713,-0.037924,-2.642002,0.941501,-1.576813,0.168437
4338.429685,real,1.451280,-0.037923,-2.643362,0.941167,-1.581288,0.168437
4338.445989,real,1.448464,-0.037920,-2.645851,0.940852,-1.591219,0.168437
4338.454158,real,1.447070,-0.037919,-2.646983,0.940856,-1.596758,0.168437
4338.462314,real,1.445012,-0.037918,-2.648541,0.940864,-1.605809,0.168437
4338.470573,real,1.443675,-0.037918,-2.649492,0.940872,-1.612306,0.168437
4338.478948,real,1.442341,-0.037916,-2.650378,0.940884,-1.619138,0.168437
4338.495774,real,1.439697,-0.037913,-2.651947,0.940895,-1.634011,0.168438
4338.504932,real,1.438418,-0.037912,-2.652635,0.940897,-1.642078,0.168438
4338.513821,real,1.437139,-0.037912,-2.653247,0.940901,-1.650509,0.168438
4338.522458,real,1.435244,-0.037912,-2.654000,0.940904,-1.663593,0.168438
4338.530857,real,1.434016,-0.037913,-2.654417,0.940903,-1.672633,0.168439
4338.540029,real,1.432797,-0.037913,-2.654765,0.940903,-1.681940,0.168439
4338.556764,real,1.430352,-0.037914,-2.655258,0.940903,-1.701164,0.168439
4338.565310,real,1.429165,-0.037914,-2.655395,0.940903,-1.710985,0.168440
4338.573504,real,1.428005,-0.037914,-2.655453,0.940903,-1.721015,0.168440
4338.581818,real,1.426856,-0.037914,-2.655449,0.940903,-1.731124,0.168440
4338.590788,real,1.425720,-0.037913,-2.655431,0.940903,-1.741196,0.168441
4338.599758,real,1.424622,-0.037913,-2.655395,0.940904,-1.751246,0.168441
4338.608774,real,1.422540,-0.037912,-2.655268,0.940904,-1.771371,0.168442
4338.625754,real,1.420996,-0.037912,-2.655213,0.940905,-1.786244,0.168443
4338.634829,real,1.419494,-0.037912,-2.655155,0.940907,-1.801110,0.168444
4338.643878,real,1.418538,-0.037912,-2.655116,0.940907,-1.810931,0.168444
4338.652160,real,1.417595,-0.037912,-2.655089,0.940907,-1.820591,0.168444
4338.660826,real,1.416647,-0.037913,-2.655065,0.940908,-1.830190,0.168445
4338.669602,real,1.415692,-0.037913,-2.655042,0.940908,-1.839755,0.168445
4338.678919,real,1.414305,-0.037912,-2.655020,0.940910,-1.853888,0.168446
4338.696413,real,1.412541,-0.037912,-2.654995,0.940913,-1.872394,0.168447
4338.704790,real,1.411672,-0.037911,-2.654964,0.940915,-1.881605,0.168447
4338.713628,real,1.410805,-0.037911,-2.654931,0.940920,-1.890638,0.168447
4338.722850,real,1.409570,-0.037907,-2.654898,0.940923,-1.903799,0.168448
4338.731795,real,1.408808,-0.037904,-2.654882,0.940929,-1.912480,0.168448
4338.740287,real,1.408086,-0.037902,-2.654861,0.940931,-1.921111,0.168448
4338.748754,real,1.407386,-0.037900,-2.654833,0.940941,-1.929599,0.168449
4338.766852,real,1.406010,-0.037900,-2.654747,0.940949,-1.946235,0.168450
4338.775110,real,1.405017,-0.037900,-2.654642,0.940952,-1.958689,0.168451
4338.783197,real,1.404384,-0.037900,-2.654542,0.940957,-1.966894,0.168452
4338.792335,real,1.403775,-0.037900,-2.654403,0.940961,-1.974942,0.168452
4338.800295,real,1.403184,-0.037900,-2.654227,0.940970,-1.982935,0.168452
4338.808841,real,1.402616,-0.037899,-2.654024,0.940979,-1.990886,0.168453
4338.824887,real,1.401508,-0.037896,-2.653544,0.940994,-2.006584,0.168453
4338.833055,real,1.400956,-0.037892,-2.653249,0.941007,-2.014217,0.168454
4338.841230,real,1.400419,-0.037887,-2.652936,0.941024,-2.021770,0.168454
4338.849781,real,1.399912,-0.037878,-2.652597,0.941051,-2.029327,0.168455
4338.866113,real,1.399061,-0.037841,-2.651749,0.941117,-2.044162,0.168457
4338.874209,real,1.398559,-0.037797,-2.651017,0.941151,-2.054757,0.168459
4338.882623,real,1.398279,-0.037767,-2.650472,0.941173,-2.061655,0.168461
4338.890710,real,1.398042,-0.037742,-2.649849,0.941192,-2.068478,0.168463
4338.899051,real,1.397855,-0.037725,-2.649165,0.941201,-2.075219,0.168466
4338.915300,real,1.397587,-0.037710,-2.647599,0.941205,-2.088217,0.168478
4338.923540,real,1.397488,-0.037707,-2.646681,0.941205,-2.094506,0.168488
4338.931818,real,1.397414,-0.037706,-2.645679,0.941205,-2.100704,0.168503
4338.939842,real,1.397368,-0.037706,-2.644600,0.941204,-2.106864,0.168525
4338.956329,real,1.397366,-0.037706,-2.642244,0.941203,-2.118794,0.168604
4338.964465,real,1.397372,-0.037706,-2.640948,0.941203,-2.124423,0.168665
4338.972691,real,1.397375,-0.037706,-2.639584,0.941203,-2.129788,0.168739
4338.980841,real,1.397379,-0.037704,-2.637446,0.941202,-2.137451,0.168883
4338.989062,real,1.397379,-0.037701,-2.635942,0.941202,-2.142374,0.169007
4339.005420,real,1.397379,-0.037689,-2.632734,0.941202,-2.151927,0.169343
4339.013698,real,1.397379,-0.037687,-2.631057,0.941201,-2.156525,0.169575
4339.021799,real,1.397379,-0.037687,-2.630196,0.941201,-2.158758,0.169710
4339.030134,real,1.397378,-0.037687,-2.628416,0.941201,-2.163128,0.170027
4339.038189,real,1.397376,-0.037687,-2.626555,0.941198,-2.167392,0.170409
4339.054679,real,1.397373,-0.037687,-2.622630,0.941197,-2.175702,0.171384
4339.062837,real,1.397373,-0.037687,-2.620550,0.941196,-2.179883,0.171987
4339.071828,real,1.397373,-0.037687,-2.617306,0.941195,-2.186216,0.173080
4339.080030,real,1.397373,-0.037687,-2.615038,0.941196,-2.190421,0.173990
4339.096931,real,1.397373,-0.037687,-2.610334,0.941193,-2.198600,0.176372
4339.104544,real,1.397374,-0.037687,-2.606700,0.941192,-2.204477,0.178607
4339.113190,real,1.397374,-0.037687,-2.604249,0.941191,-2.208323,0.180278
4339.121601,real,1.397375,-0.037687,-2.601783,0.941190,-2.212160,0.182100
4339.129761,real,1.397375,-0.037687,-2.600565,0.941190,-2.214090,0.183063
4339.146280,real,1.397376,-0.037686,-2.595663,0.941189,-2.221946,0.187214
4339.154824,real,1.397375,-0.037685,-2.593176,0.941188,-2.226015,0.189493
4339.162941,real,1.397375,-0.037682,-2.590635,0.941188,-2.230162,0.191886
4339.171116,real,1.397374,-0.037680,-2.588026,0.941188,-2.234349,0.194338
4339.179266,real,1.397373,-0.037681,-2.584053,0.941185,-2.240734,0.198122
4339.195543,real,1.397373,-0.037682,-2.578673,0.941177,-2.249565,0.203404
4339.204036,real,1.397373,-0.037683,-2.575966,0.941173,-2.254165,0.206132
4339.212497,real,1.397373,-0.037683,-2.573274,0.941170,-2.258955,0.208970
4339.221436,real,1.397372,-0.037683,-2.570610,0.941168,-2.263898,0.211874
4339.229536,real,1.397372,-0.037682,-2.567967,0.941167,-2.268933,0.214858
4339.247973,real,1.397374,-0.037679,-2.561329,0.941167,-2.281467,0.222742
4339.255326,real,1.397375,-0.037679,-2.559974,0.941167,-2.283929,0.224389
4339.263314,real,1.397375,-0.037677,-2.557229,0.941166,-2.288840,0.227739
4339.271844,real,1.397376,-0.037676,-2.554459,0.941164,-2.293738,0.231153
4339.279978,real,1.397376,-0.037676,-2.550283,0.941153,-2.301154,0.236391
4339.296759,real,1.397377,-0.037678,-2.544762,0.941107,-2.311105,0.243598
4339.304788,real,1.397377,-0.037679,-2.542068,0.941033,-2.315966,0.247254
4339.313697,real,1.397376,-0.037679,-2.538088,0.940879,-2.323136,0.252883
4339.321806,real,1.397376,-0.037679,-2.536777,0.940831,-2.325482,0.254804
4339.330093,real,1.397377,-0.037679,-2.534172,0.940761,-2.330134,0.258690
4339.346340,real,1.397378,-0.037677,-2.529000,0.940714,-2.339423,0.266647
4339.354488,real,1.397378,-0.037676,-2.526356,0.940714,-2.344042,0.270733
4339.362712,real,1.397380,-0.037676,-2.523681,0.940714,-2.348573,0.274822
4339.370883,real,1.397384,-0.037676,-2.520995,0.940713,-2.352969,0.278925
4339.380881,real,1.397402,-0.037676,-2.517040,0.940712,-2.359274,0.285105
4339.396878,real,1.397439,-0.037676,-2.511884,0.940708,-2.367306,0.293465
4339.406650,real,1.397458,-0.037675,-2.509370,0.940708,-2.371239,0.297710
4339.413828,real,1.397476,-0.037673,-2.506904,0.940708,-2.375129,0.302013
4339.421994,real,1.397492,-0.037666,-2.504482,0.940708,-2.378965,0.306345
4339.431477,real,1.397513,-0.037642,-2.500859,0.940709,-2.384656,0.312880
4339.440490,real,1.397524,-0.037617,-2.498434,0.940709,-2.388342,0.317275
4339.449685,real,1.397531,-0.037566,-2.494754,0.940709,-2.393626,0.323857
4339.466792,real,1.397537,-0.037509,-2.489880,0.940708,-2.400359,0.332709
4339.475277,real,1.397539,-0.037492,-2.487455,0.940708,-2.403557,0.337195
4339.483914,real,1.397539,-0.037485,-2.485061,0.940708,-2.406665,0.341721
4339.492705,real,1.397540,-0.037484,-2.482689,0.940708,-2.409653,0.346287
4339.501774,real,1.397540,-0.037484,-2.480365,0.940709,-2.412593,0.350861
4339.510851,real,1.397543,-0.037481,-2.476895,0.940709,-2.416792,0.357654
4339.519789,real,1.397546,-0.037475,-2.474603,0.940709,-2.419452,0.362154
4339.536834,real,1.397548,-0.037453,-2.470126,0.940709,-2.424299,0.371133
4339.545779,real,1.397547,-0.037445,-2.467927,0.940709,-2.426449,0.375641
4339.554781,real,1.397547,-0.037442,-2.465726,0.940709,-2.428349,0.380173
4339.563260,real,1.397546,-0.037442,-2.462419,0.940709,-2.430728,0.386982
4339.571835,real,1.397546,-0.037443,-2.460272,0.940708,-2.431982,0.391515
4339.580726,real,1.397546,-0.037444,-2.457117,0.940707,-2.433291,0.398313
4339.588815,real,1.397547,-0.037444,-2.456081,0.940706,-2.433571,0.400563
4339.606190,real,1.397545,-0.037446,-2.450974,0.940699,-2.434108,0.411928
4339.614776,real,1.397544,-0.037446,-2.449023,0.940694,-2.434100,0.416548
4339.623557,real,1.397544,-0.037446,-2.447112,0.940691,-2.434086,0.421221
4339.631784,real,1.397544,-0.037446,-2.445231,0.940689,-2.434053,0.425955
4339.640798,real,1.397544,-0.037446,-2.443400,0.940686,-2.433980,0.430702
4339.649050,real,1.397544,-0.037446,-2.441628,0.940680,-2.433864,0.435443
4339.666459,real,1.397543,-0.037446,-2.438223,0.940676,-2.433391,0.444888
4339.674789,real,1.397543,-0.037446,-2.436584,0.940675,-2.432988,0.449598
4339.683732,real,1.397543,-0.037446,-2.434173,0.940674,-2.432151,0.456683
4339.691905,real,1.397543,-0.037445,-2.432623,0.940674,-2.431427,0.461398
4339.699985,real,1.397543,-0.037446,-2.431127,0.940673,-2.430538,0.466108
4339.716648,real,1.397537,-0.037447,-2.428243,0.940670,-2.428122,0.475462
4339.724676,real,1.397534,-0.037449,-2.426876,0.940667,-2.426513,0.480062
4339.732845,real,1.397531,-0.037451,-2.425568,0.940664,-2.424607,0.484633
4339.741041,real,1.397528,-0.037453,-2.424316,0.940662,-2.422401,0.489176
4339.749232,real,1.397523,-0.037455,-2.423121,0.940661,-2.419855,0.493663
4339.765826,real,1.397514,-0.037457,-2.420917,0.940660,-2.413541,0.502510
4339.773781,real,1.397513,-0.037457,-2.419913,0.940660,-2.409794,0.506846
4339.782057,real,1.397513,-0.037457,-2.418959,0.940660,-2.405716,0.511080
4339.790236,real,1.397513,-0.037457,-2.418064,0.940660,-2.401328,0.515238
4339.798525,real,1.397511,-0.037457,-2.417222,0.940659,-2.396631,0.519324
4339.814917,real,1.397507,-0.037457,-2.415385,0.940659,-2.383780,0.529242
4339.823071,real,1.397507,-0.037457,-2.414773,0.940660,-2.378140,0.533123
4339.831298,real,1.397507,-0.037457,-2.414240,0.940659,-2.372183,0.536913
4339.839429,real,1.397507,-0.037457,-2.413799,0.940660,-2.365988,0.540597
4339.855780,real,1.397508,-0.037456,-2.413131,0.940662,-2.353127,0.547608
4339.863997,real,1.397507,-0.037456,-2.412887,0.940664,-2.346423,0.550904
4339.872486,real,1.397507,-0.037456,-2.412700,0.940664,-2.339451,0.554013
4339.880670,real,1.397507,-0.037456,-2.412582,0.940665,-2.332166,0.556945
4339.888598,real,1.397507,-0.037456,-2.412529,0.940666,-2.324632,0.559734
4339.904926,real,1.397508,-0.037456,-2.412535,0.940667,-2.309067,0.565035
4339.913116,real,1.397509,-0.037457,-2.412554,0.940666,-2.301004,0.567548
4339.921259,real,1.397508,-0.037457,-2.412592,0.940666,-2.292747,0.569977
4339.929804,real,1.397508,-0.037457,-2.412632,0.940666,-2.280170,0.573535
4339.945859,real,1.397511,-0.037457,-2.412649,0.940666,-2.263196,0.578176
4339.954108,real,1.397512,-0.037457,-2.412660,0.940666,-2.254443,0.580480
4339.962422,real,1.397512,-0.037457,-2.412661,0.940667,-2.245514,0.582735
4339.970563,real,1.397512,-0.037457,-2.412660,0.940667,-2.236515,0.584911
4339.978893,real,1.397512,-0.037457,-2.412659,0.940667,-2.227427,0.586999
4339.995404,real,1.397512,-0.037457,-2.412659,0.940668,-2.208821,0.590983
4340.003662,real,1.397512,-0.037457,-2.412657,0.940668,-2.199465,0.592919
4340.011800,real,1.397511,-0.037457,-2.412657,0.940668,-2.190139,0.594837
4340.019950,real,1.397509,-0.037458,-2.412658,0.940667,-2.180733,0.596750
4340.036681,real,1.397503,-0.037460,-2.412659,0.940667,-2.161633,0.600559
4340.044543,real,1.397503,-0.037461,-2.412657,0.940668,-2.147286,0.603519
4340.052849,real,1.397503,-0.037461,-2.412656,0.940668,-2.137649,0.605542
4340.061211,real,1.397503,-0.037461,-2.412657,0.940669,-2.127994,0.607603
4340.069431,real,1.397502,-0.037461,-2.412657,0.940669,-2.118447,0.609727
4340.085840,real,1.397502,-0.037460,-2.412654,0.940671,-2.099410,0.614090
4340.093939,real,1.397502,-0.037460,-2.412655,0.940673,-2.089812,0.616317
4340.103242,real,1.397502,-0.037460,-2.412655,0.940672,-2.080236,0.618592
4340.111805,real,1.397502,-0.037460,-2.412657,0.940672,-2.070727,0.620907
4340.120766,real,1.397502,-0.037460,-2.412657,0.940672,-2.061225,0.623262
4340.129811,real,1.397502,-0.037460,-2.412658,0.940672,-2.047180,0.626824
4340.138796,real,1.397501,-0.037460,-2.412658,0.940673,-2.038060,0.629173
4340.156646,real,1.397488,-0.037460,-2.412658,0.940675,-2.020127,0.633684
4340.164836,real,1.397474,-0.037460,-2.412658,0.940679,-2.011251,0.635872
4340.173802,real,1.397451,-0.037460,-2.412657,0.940681,-1.998202,0.639110
4340.182926,real,1.397439,-0.037460,-2.412657,0.940684,-1.989625,0.641277
4340.192151,real,1.397431,-0.037460,-2.412658,0.940686,-1.976929,0.644493
4340.200637,real,1.397427,-0.037460,-2.412658,0.940686,-1.968677,0.646586
4340.208622,real,1.397425,-0.037460,-2.412658,0.940688,-1.960647,0.648647
4340.225297,real,1.397425,-0.037460,-2.412659,0.940695,-1.944908,0.652549
4340.233485,real,1.397425,-0.037460,-2.412660,0.940712,-1.937107,0.654365
4340.241716,real,1.397426,-0.037460,-2.412659,0.940716,-1.929377,0.656096
4340.249886,real,1.397426,-0.037460,-2.412659,0.940726,-1.921759,0.657704
4340.258619,real,1.397426,-0.037459,-2.412658,0.940740,-1.914194,0.659166
4340.275456,real,1.397426,-0.037459,-2.412660,0.940753,-1.902943,0.661051
4340.283279,real,1.397426,-0.037459,-2.412660,0.940765,-1.895553,0.662072
4340.291170,real,1.397426,-0.037459,-2.412660,0.940768,-1.888308,0.662905
4340.299269,real,1.397426,-0.037460,-2.412661,0.940772,-1.881162,0.663536
4340.316872,real,1.397425,-0.037460,-2.412680,0.940780,-1.863230,0.664302
4340.325817,real,1.397425,-0.037461,-2.412698,0.940788,-1.856019,0.664310
4340.334273,real,1.397425,-0.037461,-2.412708,0.940801,-1.848874,0.664309
4340.342779,real,1.397425,-0.037460,-2.412709,0.940851,-1.841779,0.664307
4340.351796,real,1.397425,-0.037460,-2.412709,0.940921,-1.834703,0.664301
4340.360889,real,1.397426,-0.037459,-2.412709,0.941049,-1.824074,0.664294
4340.369145,real,1.397426,-0.037459,-2.412709,0.941134,-1.817052,0.664291
4340.386801,real,1.397426,-0.037459,-2.412717,0.941361,-1.799860,0.664282
4340.396030,real,1.397426,-0.037459,-2.412731,0.941433,-1.792998,0.664277
4340.404841,real,1.397426,-0.037459,-2.412753,0.941496,-1.786119,0.664271
4340.412968,real,1.397426,-0.037459,-2.412781,0.941553,-1.779237,0.664264
4340.421194,real,1.397427,-0.037459,-2.412816,0.941584,-1.772423,0.664256
4340.429755,real,1.397427,-0.037459,-2.412854,0.941617,-1.765690,0.664246
4340.438894,real,1.397428,-0.037459,-2.412907,0.941653,-1.755698,0.664225
4340.456987,real,1.397427,-0.037459,-2.412964,0.941711,-1.742556,0.664185
4340.465236,real,1.397428,-0.037459,-2.412986,0.941741,-1.736155,0.664155
4340.473813,real,1.397429,-0.037459,-2.413009,0.941766,-1.729844,0.664116
4340.482667,real,1.397430,-0.037459,-2.413031,0.941794,-1.723593,0.664065
4340.491836,real,1.397432,-0.037459,-2.413058,0.941818,-1.717327,0.664000
4340.500331,real,1.397431,-0.037459,-2.413105,0.941875,-1.707902,0.663881
4340.508823,real,1.397431,-0.037459,-2.413138,0.941931,-1.701652,0.663783
4340.525737,real,1.397434,-0.037458,-2.413202,0.942101,-1.689435,0.663504
4340.533912,real,1.397441,-0.037457,-2.413244,0.942301,-1.680488,0.663192
4340.542373,real,1.397442,-0.037457,-2.413258,0.942382,-1.677546,0.663061
4340.550671,real,1.397441,-0.037457,-2.413283,0.942571,-1.671699,0.662745
4340.558755,real,1.397441,-0.037457,-2.413311,0.942792,-1.665930,0.662356
4340.575185,real,1.397443,-0.037457,-2.413402,0.943433,-1.652113,0.660944
4340.583498,real,1.397445,-0.037457,-2.413448,0.943722,-1.646780,0.660181
4340.592643,real,1.397447,-0.037457,-2.413502,0.944048,-1.641502,0.659299
4340.600791,real,1.397447,-0.037457,-2.413591,0.944616,-1.633659,0.657748
4340.608798,real,1.397447,-0.037457,-2.413652,0.945065,-1.628520,0.656543
4340.625227,real,1.397450,-0.037457,-2.413740,0.945854,-1.621017,0.654460
4340.633762,real,1.397461,-0.037457,-2.413814,0.946729,-1.613880,0.652137
4340.641926,real,1.397469,-0.037457,-2.413862,0.947357,-1.609308,0.650454
4340.650135,real,1.397472,-0.037457,-2.413909,0.948034,-1.604902,0.648662
4340.658427,real,1.397473,-0.037457,-2.413951,0.948749,-1.600672,0.646787
4340.674990,real,1.397476,-0.037457,-2.414000,0.949788,-1.594610,0.643870
4340.683171,real,1.397485,-0.037456,-2.414034,0.950792,-1.588905,0.640788
4340.691317,real,1.397497,-0.037454,-2.414047,0.951466,-1.585393,0.638715
4340.699480,real,1.397513,-0.037454,-2.414050,0.952140,-1.582118,0.636640
4340.716042,real,1.397559,-0.037454,-2.414050,0.953564,-1.576261,0.632416
4340.724233,real,1.397584,-0.037453,-2.414050,0.954330,-1.573673,0.630266
4340.732569,real,1.397631,-0.037453,-2.414051,0.955493,-1.570194,0.626951
4340.740761,real,1.397672,-0.037453,-2.414051,0.956268,-1.568149,0.624699
4340.748737,real,1.397726,-0.037453,-2.414051,0.957013,-1.566250,0.622407
4340.765371,real,1.397879,-0.037453,-2.414051,0.958394,-1.562853,0.617719
4340.773583,real,1.397928,-0.037453,-2.414051,0.958729,-1.562089,0.616514
4340.781744,real,1.398036,-0.037453,-2.414051,0.959375,-1.560664,0.614078
4340.789899,real,1.398164,-0.037453,-2.414052,0.959982,-1.559337,0.611591
4340.806349,real,1.398484,-0.037453,-2.414055,0.961180,-1.557212,0.606548
4340.814439,real,1.398676,-0.037453,-2.414057,0.961770,-1.556410,0.604017
4340.822594,real,1.398895,-0.037453,-2.414058,0.962322,-1.555749,0.601446
4340.830750,real,1.399269,-0.037453,-2.414060,0.963071,-1.554984,0.597545
4340.839185,real,1.399536,-0.037453,-2.414062,0.963540,-1.554609,0.594884
4340.855857,real,1.400132,-0.037453,-2.414068,0.964315,-1.554180,0.589512
4340.864038,real,1.400447,-0.037453,-2.414070,0.964592,-1.554152,0.586808
4340.872595,real,1.400764,-0.037453,-2.414072,0.964797,-1.554154,0.584081
4340.880662,real,1.401067,-0.037453,-2.414073,0.964931,-1.554158,0.581293
4340.888813,real,1.401354,-0.037453,-2.414076,0.964995,-1.554162,0.578443
4340.905084,real,1.401909,-0.037453,-2.414092,0.965002,-1.554178,0.572677
4340.913278,real,1.402175,-0.037453,-2.414110,0.965002,-1.554186,0.569759
4340.921597,real,1.402445,-0.037453,-2.414140,0.965001,-1.554196,0.566828
4340.930069,real,1.402720,-0.037453,-2.414180,0.965000,-1.554211,0.563852
4340.946064,real,1.403288,-0.037453,-2.414297,0.965000,-1.554250,0.557907
4340.954165,real,1.403766,-0.037453,-2.414425,0.965000,-1.554277,0.553426
4340.962425,real,1.404102,-0.037453,-2.414527,0.965000,-1.554301,0.550372
4340.970607,real,1.404460,-0.037453,-2.414640,0.965000,-1.554329,0.547273
4340.978816,real,1.404829,-0.037453,-2.414762,0.965000,-1.554361,0.544141
4340.995219,real,1.405598,-0.037453,-2.415031,0.964999,-1.554444,0.537792
4341.003418,real,1.405984,-0.037453,-2.415196,0.964999,-1.554492,0.534592
4341.011704,real,1.406357,-0.037454,-2.415388,0.964998,-1.554546,0.531378
4341.019825,real,1.406704,-0.037454,-2.415610,0.964997,-1.554610,0.528187
4341.036196,real,1.407332,-0.037454,-2.416128,0.964997,-1.554765,0.521883
4341.045079,real,1.407627,-0.037454,-2.416410,0.964997,-1.554856,0.518749
4341.053052,real,1.407921,-0.037453,-2.416716,0.964997,-1.554961,0.515602
4341.061209,real,1.408214,-0.037453,-2.417020,0.964998,-1.555076,0.512450
4341.069327,real,1.408677,-0.037453,-2.417463,0.964997,-1.555264,0.507659
4341.085790,real,1.409351,-0.037454,-2.418176,0.964997,-1.555535,0.500980
4341.093870,real,1.409723,-0.037454,-2.418554,0.964996,-1.555687,0.497521
4341.101997,real,1.410105,-0.037454,-2.418967,0.964996,-1.555856,0.494016
4341.110184,real,1.410502,-0.037454,-2.419411,0.964996,-1.556049,0.490467
4341.118299,real,1.410893,-0.037454,-2.419883,0.964996,-1.556268,0.486875
4341.135135,real,1.411639,-0.037454,-2.420869,0.964996,-1.556784,0.479654
4341.143534,real,1.411979,-0.037454,-2.421383,0.964995,-1.557089,0.476020
4341.151285,real,1.412302,-0.037454,-2.421919,0.964995,-1.557439,0.472326
4341.159906,real,1.412612,-0.037454,-2.422476,0.964994,-1.557836,0.468576
4341.176343,real,1.413237,-0.037454,-2.423626,0.964993,-1.558790,0.461008
4341.184580,real,1.413556,-0.037454,-2.424231,0.964993,-1.559337,0.457185
4341.192816,real,1.413892,-0.037454,-2.424870,0.964992,-1.559900,0.453349
4341.201015,real,1.414423,-0.037454,-2.425857,0.964992,-1.560755,0.447603
4341.209379,real,1.414804,-0.037454,-2.426528,0.964993,-1.561343,0.443772
4341.225742,real,1.415593,-0.037454,-2.427923,0.964993,-1.562660,0.436026
4341.233923,real,1.415997,-0.037454,-2.428640,0.964993,-1.563386,0.432111
4341.242019,real,1.416390,-0.037454,-2.429375,0.964993,-1.564149,0.428154
4341.250367,real,1.416764,-0.037454,-2.430127,0.964992,-1.564954,0.424144
4341.258505,real,1.417110,-0.037454,-2.430923,0.964992,-1.565817,0.420089
4341.274825,real,1.417764,-0.037455,-2.432606,0.964992,-1.567634,0.411922
4341.283366,real,1.418086,-0.037455,-2.433512,0.964992,-1.568582,0.407797
4341.291492,real,1.418415,-0.037454,-2.434457,0.964992,-1.569604,0.403707
4341.299969,real,1.418581,-0.037454,-2.434946,0.964992,-1.570140,0.401676
4341.316109,real,1.419480,-0.037453,-2.437526,0.964992,-1.573041,0.391585
4341.324560,real,1.419874,-0.037453,-2.438611,0.964992,-1.574254,0.387610
4341.332686,real,1.420280,-0.037453,-2.439750,0.964992,-1.575489,0.383675
4341.340764,real,1.420693,-0.037454,-2.440942,0.964992,-1.576752,0.379772
4341.349039,real,1.421114,-0.037453,-2.442167,0.964992,-1.578038,0.375889
4341.365455,real,1.421940,-0.037454,-2.444753,0.964992,-1.580567,0.368225
4341.373583,real,1.422319,-0.037454,-2.446150,0.964992,-1.581818,0.364394
4341.381791,real,1.422685,-0.037454,-2.447562,0.964992,-1.583108,0.360524
4341.389879,real,1.423040,-0.037454,-2.449001,0.964992,-1.584447,0.356635
4341.406243,real,1.423765,-0.037454,-2.451998,0.964991,-1.587264,0.348775
4341.414420,real,1.424151,-0.037454,-2.453500,0.964991,-1.588731,0.344784
4341.422610,real,1.424774,-0.037454,-2.455774,0.964991,-1.591084,0.338774
4341.430833,real,1.425218,-0.037454,-2.457315,0.964990,-1.592742,0.334754
4341.438936,real,1.425678,-0.037454,-2.458881,0.964990,-1.594426,0.330731
4341.455309,real,1.426639,-0.037454,-2.462001,0.964990,-1.597936,0.322837
4341.463517,real,1.427112,-0.037454,-2.463559,0.964989,-1.599769,0.318949
4341.471691,real,1.427570,-0.037454,-2.465161,0.964987,-1.601642,0.315078
4341.480051,real,1.428023,-0.037454,-2.466775,0.964987,-1.603569,0.311257
4341.488705,real,1.428473,-0.037454,-2.468385,0.964987,-1.605570,0.307509
4341.504785,real,1.429381,-0.037454,-2.471647,0.964987,-1.609721,0.300180
4341.512940,real,1.430075,-0.037454,-2.474164,0.964987,-1.612926,0.294815
4341.521127,real,1.430547,-0.037454,-2.475862,0.964986,-1.615070,0.291313
4341.529442,real,1.431027,-0.037455,-2.477591,0.964985,-1.617254,0.287871
4341.545868,real,1.431958,-0.037455,-2.481153,0.964981,-1.621735,0.281058
4341.554529,real,1.432375,-0.037456,-2.482966,0.964979,-1.624061,0.277713
4341.563163,real,1.432748,-0.037457,-2.484796,0.964977,-1.626388,0.274406
4341.571387,real,1.433086,-0.037457,-2.486607,0.964977,-1.628732,0.271113
4341.579890,real,1.433392,-0.037457,-2.488433,0.964975,-1.631122,0.267840
4341.588586,real,1.433817,-0.037457,-2.491214,0.964972,-1.634792,0.263053
4341.604884,real,1.434322,-0.037457,-2.494882,0.964972,-1.639920,0.256923
4341.613049,real,1.434561,-0.037456,-2.496730,0.964972,-1.642513,0.253928
4341.621319,real,1.434794,-0.037457,-2.498603,0.964971,-1.645097,0.251000
4341.629574,real,1.435015,-0.037457,-2.500495,0.964971,-1.647649,0.248157
4341.646245,real,1.435446,-0.037458,-2.504337,0.964970,-1.652719,0.242624
4341.654942,real,1.435640,-0.037458,-2.506277,0.964970,-1.655235,0.239880
4341.663781,real,1.435806,-0.037458,-2.508253,0.964969,-1.657716,0.237140
4341.672120,real,1.435952,-0.037458,-2.510265,0.964969,-1.660142,0.234421
4341.680249,real,1.436083,-0.037459,-2.512298,0.964968,-1.662583,0.231720
4341.688661,real,1.436254,-0.037463,-2.515371,0.964963,-1.666244,0.227693
4341.704852,real,1.436402,-0.037463,-2.519503,0.964958,-1.671322,0.222342
4341.713072,real,1.436440,-0.037462,-2.521591,0.964957,-1.673911,0.219690
4341.721299,real,1.436459,-0.037461,-2.523687,0.964957,-1.676540,0.217088
4341.729571,real,1.436462,-0.037460,-2.525775,0.964957,-1.679190,0.214506
4341.746298,real,1.436460,-0.037460,-2.529956,0.964958,-1.684636,0.209399
4341.754389,real,1.436460,-0.037460,-2.532048,0.964958,-1.687417,0.206838
4341.762710,real,1.436461,-0.037460,-2.534127,0.964958,-1.690212,0.204296
4341.770748,real,1.436460,-0.037460,-2.536207,0.964958,-1.692986,0.201775
4341.779044,real,1.436460,-0.037460,-2.538291,0.964957,-1.695811,0.199282
4341.795469,real,1.436455,-0.037461,-2.541463,0.964956,-1.700109,0.195615
4341.803719,real,1.436451,-0.037463,-2.544661,0.964952,-1.704518,0.192041
4341.811861,real,1.436450,-0.037464,-2.546779,0.964949,-1.707510,0.189711
4341.820023,real,1.436450,-0.037466,-2.548862,0.964945,-1.710578,0.187469
4341.836533,real,1.436450,-0.037467,-2.552979,0.964936,-1.717004,0.183260
4341.844920,real,1.436450,-0.037466,-2.555016,0.964935,-1.720298,0.181280
4341.853011,real,1.436450,-0.037465,-2.556993,0.964935,-1.723583,0.179381
4341.861316,real,1.436450,-0.037465,-2.558950,0.964935,-1.726858,0.177534
4341.869528,real,1.436450,-0.037465,-2.560896,0.964935,-1.730111,0.175747
4341.885911,real,1.436451,-0.037465,-2.564762,0.964935,-1.736463,0.172507
4341.894183,real,1.436451,-0.037465,-2.566680,0.964935,-1.739543,0.171034
4341.902234,real,1.436450,-0.037464,-2.569555,0.964935,-1.744135,0.168979
4341.910497,real,1.436450,-0.037465,-2.571482,0.964935,-1.747242,0.167730
4341.918629,real,1.436450,-0.037465,-2.573417,0.964934,-1.750378,0.166555
4341.935663,real,1.436449,-0.037467,-2.577225,0.964927,-1.756784,0.164355
4341.944126,real,1.436446,-0.037467,-2.579113,0.964917,-1.760070,0.163315
4341.952480,real,1.436441,-0.037467,-2.580975,0.964908,-1.763394,0.162332
4341.961118,real,1.436436,-0.037468,-2.582812,0.964897,-1.766742,0.161406
4341.968903,real,1.436434,-0.037468,-2.584642,0.964888,-1.770067,0.160555
4341.985039,real,1.436434,-0.037467,-2.588171,0.964877,-1.776713,0.159031
4341.993149,real,1.436434,-0.037467,-2.589914,0.964870,-1.780051,0.158371
4342.001349,real,1.436434,-0.037467,-2.591637,0.964864,-1.783361,0.157789
4342.009465,real,1.436435,-0.037466,-2.593344,0.964861,-1.786708,0.157288
4342.026015,real,1.436435,-0.037466,-2.597582,0.964851,-1.795349,0.156424
4342.034217,real,1.436434,-0.037466,-2.599281,0.964842,-1.798889,0.156271
4342.042511,real,1.436434,-0.037466,-2.600976,0.964834,-1.802395,0.156233
4342.050793,real,1.436434,-0.037466,-2.602677,0.964819,-1.805889,0.156235
4342.058998,real,1.436434,-0.037467,-2.604394,0.964799,-1.809353,0.156235
4342.075416,real,1.436433,-0.037467,-2.607781,0.964730,-1.816171,0.156238
4342.083819,real,1.436431,-0.037468,-2.609468,0.964681,-1.819543,0.156239
4342.092146,real,1.436427,-0.037468,-2.611126,0.964624,-1.822946,0.156239
4342.100309,real,1.436425,-0.037468,-2.612779,0.964567,-1.826430,0.156240
4342.108528,real,1.436425,-0.037468,-2.614428,0.964512,-1.829960,0.156240
4342.125131,real,1.436425,-0.037467,-2.618489,0.964393,-1.839079,0.156242
4342.133343,real,1.436425,-0.037467,-2.620083,0.964364,-1.842785,0.156242
4342.141492,real,1.436425,-0.037467,-2.621688,0.964339,-1.846496,0.156243
4342.149782,real,1.436425,-0.037467,-2.623286,0.964326,-1.850201,0.156243
4342.166091,real,1.436425,-0.037467,-2.626452,0.964307,-1.857766,0.156245
4342.174247,real,1.436425,-0.037467,-2.628044,0.964299,-1.861604,0.156245
4342.182553,real,1.436425,-0.037467,-2.629627,0.964294,-1.865542,0.156246
4342.190750,real,1.436424,-0.037467,-2.631195,0.964291,-1.869615,0.156246
4342.198997,real,1.436423,-0.037467,-2.631978,0.964288,-1.871694,0.156246
4342.215769,real,1.436421,-0.037467,-2.635116,0.964267,-1.880216,0.156247
4342.223708,real,1.436420,-0.037467,-2.637427,0.964249,-1.886670,0.156248
4342.231788,real,1.436420,-0.037468,-2.638935,0.964236,-1.890966,0.156248
4342.240770,real,1.436420,-0.037468,-2.640434,0.964218,-1.895253,0.156249
4342.248777,real,1.436420,-0.037468,-2.641919,0.964205,-1.899562,0.156249
4342.265390,real,1.436420,-0.037467,-2.644813,0.964192,-1.908456,0.156250
4342.273101,real,1.436420,-0.037466,-2.646256,0.964189,-1.913055,0.156250
4342.281310,real,1.436420,-0.037466,-2.647668,0.964188,-1.917770,0.156250
4342.289656,real,1.436420,-0.037466,-2.649025,0.964187,-1.922537,0.156250
4342.305917,real,1.436420,-0.037466,-2.651676,0.964185,-1.932255,0.156250
4342.314137,real,1.436420,-0.037466,-2.653610,0.964184,-1.939796,0.156251
4342.322343,real,1.436420,-0.037466,-2.654849,0.964183,-1.944972,0.156251
4342.330520,real,1.436420,-0.037466,-2.656077,0.964182,-1.950339,0.156251
4342.338780,real,1.436420,-0.037466,-2.657302,0.964179,-1.955844,0.156251
4342.355825,real,1.436419,-0.037467,-2.659656,0.964178,-1.966951,0.156251
4342.364027,real,1.436419,-0.037466,-2.660781,0.964177,-1.972510,0.156251
4342.372564,real,1.436419,-0.037466,-2.661882,0.964177,-1.978117,0.156251
4342.380768,real,1.436419,-0.037466,-2.662958,0.964176,-1.983791,0.156252
4342.389292,real,1.436420,-0.037466,-2.664019,0.964176,-1.989564,0.156252
4342.405317,real,1.436419,-0.037466,-2.666103,0.964176,-2.001340,0.156252
4342.413492,real,1.436419,-0.037466,-2.667577,0.964175,-2.010209,0.156252
4342.421809,real,1.436420,-0.037466,-2.668550,0.964176,-2.016178,0.156252
4342.429799,real,1.436420,-0.037465,-2.669506,0.964176,-2.022203,0.156252
4342.446168,real,1.436419,-0.037465,-2.671308,0.964176,-2.034569,0.156252
4342.454545,real,1.436419,-0.037465,-2.672142,0.964176,-2.040757,0.156252
4342.462753,real,1.436419,-0.037465,-2.672932,0.964176,-2.046890,0.156253
4342.470976,real,1.436419,-0.037465,-2.673314,0.964176,-2.049932,0.156252
4342.479961,real,1.436419,-0.037465,-2.674053,0.964176,-2.056008,0.156253
4342.495755,real,1.436418,-0.037465,-2.675693,0.964176,-2.071317,0.156253
4342.503907,real,1.436416,-0.037465,-2.676273,0.964176,-2.077501,0.156253
4342.512692,real,1.436414,-0.037465,-2.676803,0.964176,-2.083630,0.156253
4342.520935,real,1.436414,-0.037465,-2.677282,0.964177,-2.089728,0.156253
4342.529217,real,1.436414,-0.037465,-2.677702,0.964176,-2.095821,0.156253
4342.545511,real,1.436414,-0.037465,-2.678393,0.964176,-2.108185,0.156254
4342.553655,real,1.436414,-0.037465,-2.678661,0.964176,-2.114415,0.156254
4342.561786,real,1.436413,-0.037465,-2.678889,0.964176,-2.120575,0.156254
4342.569988,real,1.436413,-0.037465,-2.679159,0.964176,-2.129668,0.156255
4342.578998,real,1.436413,-0.037465,-2.679268,0.964176,-2.135702,0.156255
4342.595510,real,1.436412,-0.037465,-2.679338,0.964176,-2.147843,0.156256
4342.603696,real,1.436409,-0.037465,-2.679322,0.964176,-2.153960,0.156256
4342.612399,real,1.436404,-0.037465,-2.679301,0.964176,-2.160013,0.156256
4342.621417,real,1.436396,-0.037465,-2.679268,0.964177,-2.166019,0.156257
4342.629343,real,1.436385,-0.037465,-2.679236,0.964177,-2.172005,0.156257
4342.645818,real,1.436369,-0.037465,-2.679214,0.964177,-2.187099,0.156258
4342.654229,real,1.436369,-0.037465,-2.679198,0.964177,-2.193120,0.156259
4342.662536,real,1.436369,-0.037465,-2.679189,0.964176,-2.199032,0.156259
4342.670771,real,1.436369,-0.037465,-2.679189,0.964176,-2.204827,0.156259
4342.679028,real,1.436369,-0.037466,-2.679186,0.964176,-2.210530,0.156259
4342.695519,real,1.436369,-0.037465,-2.679182,0.964176,-2.221834,0.156260
4342.703994,real,1.436369,-0.037465,-2.679182,0.964177,-2.227460,0.156260
4342.712165,real,1.436369,-0.037465,-2.679182,0.964177,-2.235765,0.156260
4342.720393,real,1.436369,-0.037465,-2.679180,0.964177,-2.241155,0.156260
4342.728739,real,1.436369,-0.037464,-2.679177,0.964177,-2.246453,0.156261
4342.745396,real,1.436369,-0.037464,-2.679177,0.964177,-2.256913,0.156261
4342.753681,real,1.436369,-0.037464,-2.679178,0.964177,-2.262178,0.156262
4342.761740,real,1.436369,-0.037464,-2.679178,0.964177,-2.267404,0.156262
4342.770094,real,1.436369,-0.037464,-2.679177,0.964177,-2.272521,0.156262
4342.778408,real,1.436369,-0.037464,-2.679177,0.964177,-2.277484,0.156263
4342.794853,real,1.436369,-0.037464,-2.679175,0.964177,-2.286891,0.156264
4342.802947,real,1.436369,-0.037464,-2.679173,0.964177,-2.291437,0.156265
4342.811084,real,1.436369,-0.037464,-2.679169,0.964177,-2.295888,0.156265
4342.819686,real,1.436369,-0.037464,-2.679163,0.964177,-2.300258,0.156266
4342.836325,real,1.436369,-0.037465,-2.679146,0.964177,-2.308696,0.156266
4342.844539,real,1.436369,-0.037465,-2.679144,0.964177,-2.314553,0.156266
4342.852848,real,1.436369,-0.037465,-2.679143,0.964177,-2.318221,0.156266
4342.861385,real,1.436369,-0.037465,-2.679142,0.964177,-2.321725,0.156266
4342.869484,real,1.436369,-0.037465,-2.679141,0.964177,-2.323421,0.156267
4342.885823,real,1.436369,-0.037464,-2.679137,0.964178,-2.329850,0.156267
4342.893877,real,1.436369,-0.037464,-2.679134,0.964178,-2.332924,0.156268
4342.902401,real,1.436369,-0.037464,-2.679130,0.964179,-2.335973,0.156268
4342.910519,real,1.436369,-0.037464,-2.679123,0.964179,-2.338932,0.156268
4342.919403,real,1.436369,-0.037464,-2.679112,0.964179,-2.343205,0.156269
4342.935974,real,1.436369,-0.037464,-2.679104,0.964179,-2.347144,0.156269
4342.944156,real,1.436369,-0.037465,-2.679094,0.964179,-2.350724,0.156269
4342.952270,real,1.436368,-0.037465,-2.679082,0.964179,-2.352896,0.156269
4342.960762,real,1.436368,-0.037464,-2.679066,0.964180,-2.354907,0.156269
4342.968780,real,1.436368,-0.037465,-2.679046,0.964181,-2.356697,0.156270
4342.985465,real,1.436368,-0.037465,-2.679000,0.964182,-2.359748,0.156270
4342.993521,real,1.436368,-0.037465,-2.678975,0.964182,-2.361052,0.156270
4343.001780,real,1.436368,-0.037465,-2.678952,0.964183,-2.362174,0.156270
4343.009880,real,1.436368,-0.037464,-2.678935,0.964185,-2.363109,0.156270
4343.026194,real,1.436367,-0.037465,-2.678920,0.964190,-2.364525,0.156269
4343.034271,real,1.436367,-0.037465,-2.678920,0.964193,-2.365222,0.156269
4343.042521,real,1.436367,-0.037465,-2.678920,0.964195,-2.365483,0.156269
4343.050714,real,1.436366,-0.037465,-2.678920,0.964196,-2.365552,0.156269
4343.058882,real,1.436364,-0.037464,-2.678920,0.964199,-2.365531,0.156269
4343.075232,real,1.436363,-0.037465,-2.678917,0.964206,-2.365451,0.156268
4343.083286,real,1.436363,-0.037465,-2.678913,0.964210,-2.365309,0.156268
4343.091553,real,1.436363,-0.037465,-2.678907,0.964215,-2.365054,0.156268
4343.099709,real,1.436363,-0.037464,-2.678896,0.964221,-2.364674,0.156268
4343.116041,real,1.436359,-0.037465,-2.678853,0.964228,-2.363504,0.156267
4343.124301,real,1.436357,-0.037465,-2.678822,0.964229,-2.362644,0.156267
4343.132419,real,1.436353,-0.037465,-2.678788,0.964229,-2.361526,0.156267
4343.140821,real,1.436348,-0.037465,-2.678757,0.964229,-2.360147,0.156267
4343.148884,real,1.436344,-0.037466,-2.678733,0.964230,-2.358516,0.156267
4343.165435,real,1.436337,-0.037466,-2.678672,0.964229,-2.353123,0.156267
4343.173551,real,1.436333,-0.037466,-2.678657,0.964231,-2.350480,0.156267
4343.181695,real,1.436329,-0.037466,-2.678640,0.964230,-2.347569,0.156267
4343.189901,real,1.436323,-0.037466,-2.678619,0.964230,-2.344395,0.156267
4343.206292,real,1.436313,-0.037466,-2.678599,0.964230,-2.337123,0.156267
4343.214361,real,1.436307,-0.037467,-2.678599,0.964230,-2.333040,0.156267
4343.222541,real,1.436302,-0.037468,-2.678600,0.964230,-2.328784,0.156267
4343.230728,real,1.436300,-0.037468,-2.678602,0.964230,-2.324372,0.156267
4343.238902,real,1.436300,-0.037468,-2.678602,0.964230,-2.319818,0.156267
4343.255248,real,1.436300,-0.037468,-2.678602,0.964230,-2.310400,0.156267
4343.263370,real,1.436299,-0.037468,-2.678601,0.964229,-2.305496,0.156267
4343.271534,real,1.436299,-0.037468,-2.678602,0.964230,-2.300456,0.156267
4343.279881,real,1.436298,-0.037468,-2.678603,0.964229,-2.295265,0.156267
4343.296284,real,1.436296,-0.037468,-2.678604,0.964229,-2.282099,0.156268
4343.304395,real,1.436295,-0.037468,-2.678603,0.964228,-2.276862,0.156268
4343.312547,real,1.436293,-0.037469,-2.678603,0.964228,-2.271622,0.156268
4343.320784,real,1.436288,-0.037469,-2.678603,0.964227,-2.266358,0.156268
4343.328897,real,1.436284,-0.037469,-2.678603,0.964227,-2.263714,0.156268
4343.345527,real,1.436264,-0.037469,-2.678603,0.964227,-2.252866,0.156268
4343.353526,real,1.436255,-0.037469,-2.678603,0.964227,-2.247406,0.156268
4343.361600,real,1.436249,-0.037470,-2.678602,0.964227,-2.241980,0.156268
4343.369740,real,1.436246,-0.037470,-2.678601,0.964227,-2.236595,0.156269
4343.386092,real,1.436243,-0.037470,-2.678601,0.964226,-2.225850,0.156269
4343.394242,real,1.436243,-0.037470,-2.678601,0.964226,-2.220430,0.156269
4343.402492,real,1.436242,-0.037470,-2.678602,0.964226,-2.214950,0.156269
4343.411013,real,1.436243,-0.037470,-2.678602,0.964225,-2.209499,0.156269
4343.419114,real,1.436242,-0.037471,-2.678602,0.964225,-2.204139,0.156269
4343.435798,real,1.436242,-0.037471,-2.678602,0.964224,-2.191007,0.156269
4343.444027,real,1.436242,-0.037472,-2.678602,0.964224,-2.185777,0.156269
4343.452233,real,1.436242,-0.037471,-2.678601,0.964224,-2.180454,0.156269
4343.460402,real,1.436242,-0.037471,-2.678601,0.964225,-2.175079,0.156269
4343.468643,real,1.436242,-0.037471,-2.678601,0.964225,-2.169712,0.156269
4343.484906,real,1.436242,-0.037471,-2.678600,0.964225,-2.159093,0.156269
4343.493454,real,1.436242,-0.037471,-2.678601,0.964225,-2.153850,0.156269
4343.501420,real,1.436242,-0.037471,-2.678601,0.964224,-2.148594,0.156269
4343.509399,real,1.436242,-0.037471,-2.678601,0.964225,-2.143332,0.156269
4343.525804,real,1.436242,-0.037471,-2.678600,0.964225,-2.132678,0.156268
4343.533909,real,1.436242,-0.037471,-2.678599,0.964225,-2.127416,0.156268
4343.542086,real,1.436242,-0.037471,-2.678598,0.964225,-2.119611,0.156268
4343.550142,real,1.436242,-0.037471,-2.678596,0.964225,-2.114429,0.156268
4343.558395,real,1.436242,-0.037471,-2.678592,0.964225,-2.109201,0.156268
4343.574726,real,1.436242,-0.037471,-2.678588,0.964226,-2.098452,0.156268
4343.582792,real,1.436242,-0.037471,-2.678587,0.964226,-2.092993,0.156268
4343.591053,real,1.436242,-0.037471,-2.678587,0.964226,-2.087534,0.156268
4343.599120,real,1.436242,-0.037471,-2.678586,0.964226,-2.082093,0.156268
4343.615664,real,1.436242,-0.037470,-2.678584,0.964226,-2.071256,0.156268
4343.623883,real,1.436242,-0.037470,-2.678581,0.964227,-2.065824,0.156269
4343.633646,real,1.436242,-0.037470,-2.678579,0.964227,-2.060330,0.156268
4343.641922,real,1.436242,-0.037470,-2.678576,0.964227,-2.054856,0.156269
4343.650074,real,1.436242,-0.037470,-2.678571,0.964227,-2.049458,0.156269
4343.666376,real,1.436242,-0.037470,-2.678555,0.964227,-2.038811,0.156269
4343.674492,real,1.436242,-0.037470,-2.678545,0.964227,-2.033506,0.156269
4343.682770,real,1.436241,-0.037470,-2.678521,0.964227,-2.025428,0.156269
4343.690740,real,1.436238,-0.037470,-2.678500,0.964227,-2.019924,0.156269
4343.698925,real,1.436234,-0.037470,-2.678474,0.964227,-2.014399,0.156269
4343.715367,real,1.436224,-0.037470,-2.678393,0.964227,-2.003359,0.156269
4343.723407,real,1.436218,-0.037470,-2.678338,0.964227,-1.997870,0.156270
4343.731631,real,1.436213,-0.037470,-2.678273,0.964227,-1.992360,0.156270
4343.739705,real,1.436207,-0.037470,-2.678194,0.964227,-1.986843,0.156270
4343.756070,real,1.436196,-0.037470,-2.678008,0.964228,-1.975740,0.156270
4343.764283,real,1.436194,-0.037470,-2.677915,0.964228,-1.970294,0.156270
4343.772388,real,1.436194,-0.037470,-2.677819,0.964228,-1.964912,0.156270
4343.780601,real,1.436194,-0.037470,-2.677727,0.964228,-1.959564,0.156270
4343.788752,real,1.436194,-0.037470,-2.677639,0.964228,-1.954225,0.156270
4343.805057,real,1.436191,-0.037470,-2.677419,0.964228,-1.940615,0.156271
4343.813555,real,1.436189,-0.037470,-2.677324,0.964228,-1.935159,0.156271
4343.821502,real,1.436186,-0.037470,-2.677226,0.964229,-1.929733,0.156272
4343.829774,real,1.436185,-0.037470,-2.677123,0.964228,-1.924371,0.156273
4343.846072,real,1.436181,-0.037470,-2.676917,0.964229,-1.913720,0.156275
4343.854182,real,1.436178,-0.037470,-2.676812,0.964229,-1.908418,0.156277
4343.862353,real,1.436174,-0.037470,-2.676703,0.964229,-1.903089,0.156281
4343.870487,real,1.436171,-0.037470,-2.676586,0.964229,-1.897835,0.156286
4343.878740,real,1.436170,-0.037470,-2.676458,0.964229,-1.892686,0.156291
4343.895092,real,1.436170,-0.037470,-2.676145,0.964229,-1.882623,0.156304
4343.903238,real,1.436170,-0.037470,-2.675967,0.964229,-1.877670,0.156313
4343.911372,real,1.436170,-0.037469,-2.675775,0.964229,-1.872715,0.156323
4343.919564,real,1.436170,-0.037469,-2.675558,0.964230,-1.867739,0.156336
4343.935914,real,1.436169,-0.037467,-2.675022,0.964232,-1.857906,0.156367
4343.944052,real,1.436170,-0.037467,-2.674543,0.964233,-1.850769,0.156393
4343.952249,real,1.436169,-0.037466,-2.674167,0.964238,-1.846173,0.156411
4343.960421,real,1.436170,-0.037465,-2.673730,0.964246,-1.841698,0.156429
4343.968738,real,1.436169,-0.037463,-2.673248,0.964254,-1.837348,0.156446
4343.985068,real,1.436169,-0.037462,-2.672417,0.964275,-1.831042,0.156472
4343.993461,real,1.436169,-0.037461,-2.671785,0.964312,-1.826935,0.156489
4344.001561,real,1.436169,-0.037460,-2.671104,0.964416,-1.822956,0.156506
4344.009603,real,1.436169,-0.037460,-2.670370,0.964559,-1.819171,0.156522
4344.025820,real,1.436169,-0.037459,-2.668750,0.964861,-1.812105,0.156552
4344.033924,real,1.436169,-0.037458,-2.667856,0.965027,-1.808763,0.156567
4344.042051,real,1.436169,-0.037456,-2.666907,0.965206,-1.805565,0.156582
4344.050255,real,1.436169,-0.037454,-2.665898,0.965397,-1.802476,0.156598
4344.058326,real,1.436169,-0.037453,-2.664274,0.965721,-1.797998,0.156626
4344.074724,real,1.436166,-0.037452,-2.661943,0.966281,-1.792101,0.156678
4344.082905,real,1.436160,-0.037452,-2.660684,0.966660,-1.789205,0.156712
4344.091017,real,1.436152,-0.037452,-2.659384,0.967114,-1.786374,0.156751
4344.099298,real,1.436144,-0.037451,-2.658050,0.967633,-1.783583,0.156799
4344.115549,real,1.436130,-0.037449,-2.655195,0.968978,-1.778126,0.156931
4344.123724,real,1.436122,-0.037448,-2.653653,0.969819,-1.775475,0.157024
4344.132104,real,1.436113,-0.037448,-2.652046,0.970773,-1.772883,0.157147
4344.140134,real,1.436106,-0.037448,-2.650383,0.971858,-1.770323,0.157303
4344.148425,real,1.436104,-0.037447,-2.648656,0.973059,-1.767772,0.157496
4344.164775,real,1.436104,-0.037447,-2.644949,0.975772,-1.762620,0.158007
4344.172888,real,1.436103,-0.037447,-2.642112,0.978053,-1.758758,0.158518
4344.181074,real,1.436103,-0.037447,-2.640156,0.979686,-1.756193,0.158917
4344.189210,real,1.436103,-0.037447,-2.638152,0.981397,-1.753590,0.159379
4344.205726,real,1.436102,-0.037445,-2.634075,0.984963,-1.748338,0.160532
4344.213827,real,1.436101,-0.037443,-2.632027,0.986838,-1.745723,0.161245
4344.221949,real,1.436099,-0.037441,-2.629958,0.988776,-1.743181,0.162064
4344.230179,real,1.436095,-0.037440,-2.627861,0.990730,-1.740700,0.162995
4344.238345,real,1.436088,-0.037440,-2.625741,0.992694,-1.738284,0.164052
4344.254635,real,1.436065,-0.037440,-2.622504,0.995677,-1.734788,0.165890
4344.262754,real,1.436040,-0.037440,-2.620259,0.997614,-1.732487,0.167301
4344.270901,real,1.436011,-0.037440,-2.617974,0.999535,-1.730237,0.168886
4344.279310,real,1.435963,-0.037440,-2.614494,1.002448,-1.726959,0.171523
4344.295658,real,1.435899,-0.037440,-2.609842,1.006301,-1.722761,0.175477
4344.303746,real,1.435864,-0.037441,-2.607470,1.008216,-1.720662,0.177679
4344.311893,real,1.435825,-0.037441,-2.605098,1.010119,-1.718539,0.179972
4344.320060,real,1.435785,-0.037441,-2.602754,1.012004,-1.716399,0.182354
4344.328399,real,1.435744,-0.037441,-2.600455,1.013864,-1.714244,0.184854
4344.344741,real,1.435660,-0.037439,-2.595908,1.017625,-1.710103,0.190201
4344.352895,real,1.435618,-0.037437,-2.593653,1.019583,-1.708104,0.192983
4344.361045,real,1.435574,-0.037435,-2.591363,1.021569,-1.706165,0.195787
4344.369201,real,1.435529,-0.037431,-2.589038,1.023618,-1.704306,0.198601
4344.385640,real,1.435440,-0.037430,-2.584379,1.027796,-1.700827,0.204246
4344.393856,real,1.435401,-0.037431,-2.582069,1.029836,-1.699234,0.207104
4344.402105,real,1.435368,-0.037431,-2.579804,1.031841,-1.697767,0.209990
4344.410263,real,1.435342,-0.037431,-2.577532,1.033824,-1.696397,0.212869
4344.418401,real,1.435319,-0.037431,-2.574159,1.036708,-1.694447,0.217261
4344.434776,real,1.435316,-0.037430,-2.569773,1.040502,-1.692204,0.223285
4344.442851,real,1.435316,-0.037430,-2.567625,1.042411,-1.691210,0.226358
4344.451070,real,1.435316,-0.037430,-2.565503,1.044267,-1.690260,0.229440
4344.459259,real,1.435316,-0.037430,-2.563392,1.046109,-1.689331,0.232505
4344.475658,real,1.435316,-0.037430,-2.559182,1.049762,-1.687641,0.238602
4344.483796,real,1.435316,-0.037430,-2.557069,1.051554,-1.686909,0.241588
4344.491880,real,1.435316,-0.037430,-2.554986,1.053337,-1.686251,0.244494
4344.500110,real,1.435316,-0.037430,-2.552902,1.055106,-1.685663,0.247346
4344.508220,real,1.435316,-0.037430,-2.550815,1.056863,-1.685150,0.250154
4344.524594,real,1.435315,-0.037430,-2.546698,1.060208,-1.684346,0.255701
4344.532747,real,1.435316,-0.037430,-2.543675,1.062585,-1.683918,0.259802
4344.540870,real,1.435315,-0.037430,-2.541703,1.064140,-1.683712,0.262546
4344.549079,real,1.435316,-0.037430,-2.539750,1.065673,-1.683575,0.265313
4344.565807,real,1.435316,-0.037428,-2.536913,1.068607,-1.683509,0.269523
4344.573655,real,1.435316,-0.037428,-2.535073,1.069329,-1.683509,0.272302
4344.581844,real,1.435316,-0.037424,-2.533274,1.070804,-1.683509,0.275040
4344.589884,real,1.435316,-0.037420,-2.531506,1.072290,-1.683510,0.277732
4344.606174,real,1.435316,-0.037417,-2.527949,1.075196,-1.683510,0.283002
4344.614401,real,1.435316,-0.037417,-2.526169,1.076600,-1.683511,0.285623
4344.622554,real,1.435316,-0.037417,-2.524430,1.078005,-1.683511,0.288232
4344.630764,real,1.435316,-0.037417,-2.522706,1.079406,-1.683511,0.290810
4344.638858,real,1.435316,-0.037417,-2.520964,1.080800,-1.683511,0.293397
4344.655777,real,1.435316,-0.037418,-2.516728,1.084103,-1.683512,0.299955
4344.663984,real,1.435316,-0.037417,-2.515080,1.085418,-1.683512,0.302616
4344.672128,real,1.435316,-0.037417,-2.513452,1.086755,-1.683512,0.305295
4344.680334,real,1.435317,-0.037417,-2.511844,1.088102,-1.683512,0.307987
4344.688488,real,1.435317,-0.037416,-2.510270,1.089436,-1.683512,0.310688
4344.704827,real,1.435317,-0.037414,-2.507184,1.092092,-1.683512,0.316124
4344.713127,real,1.435317,-0.037411,-2.505690,1.093433,-1.683512,0.318820
4344.721599,real,1.435317,-0.037409,-2.504233,1.094787,-1.683512,0.321470
4344.729748,real,1.435317,-0.037409,-2.502815,1.096170,-1.683512,0.324087
4344.745827,real,1.435317,-0.037409,-2.500052,1.098899,-1.683512,0.329290
4344.753968,real,1.435317,-0.037409,-2.498680,1.100268,-1.683512,0.331919
4344.762163,real,1.435317,-0.037409,-2.496625,1.102386,-1.683512,0.335840
4344.770278,real,1.435317,-0.037408,-2.495274,1.103818,-1.683512,0.338435
4344.778456,real,1.435317,-0.037408,-2.493947,1.105207,-1.683512,0.341023
4344.794994,real,1.435317,-0.037408,-2.491244,1.107866,-1.683512,0.346220
4344.803131,real,1.435317,-0.037408,-2.489901,1.109189,-1.683513,0.348811
4344.811292,real,1.435318,-0.037408,-2.488590,1.110513,-1.683513,0.351367
4344.819466,real,1.435318,-0.037407,-2.487289,1.111859,-1.683514,0.353877
4344.835774,real,1.435320,-0.037403,-2.484653,1.114505,-1.683514,0.358755
4344.843899,real,1.435320,-0.037399,-2.483349,1.115845,-1.683514,0.361129
4344.852086,real,1.435320,-0.037392,-2.482082,1.117248,-1.683514,0.363486
4344.860230,real,1.435320,-0.037383,-2.480841,1.118672,-1.683515,0.365805
4344.868475,real,1.435320,-0.037372,-2.479601,1.120116,-1.683516,0.368080
4344.884887,real,1.435320,-0.037358,-2.476596,1.123640,-1.683522,0.373763
4344.893021,real,1.435319,-0.037357,-2.475453,1.125086,-1.683524,0.376051
4344.901295,real,1.435319,-0.037357,-2.474310,1.126553,-1.683524,0.378366
4344.909649,real,1.435319,-0.037357,-2.473184,1.128030,-1.683526,0.380673
4344.925789,real,1.435319,-0.037356,-2.471042,1.131019,-1.683529,0.385331
4344.934031,real,1.435319,-0.037354,-2.469994,1.132564,-1.683530,0.387668
4344.942148,real,1.435320,-0.037350,-2.468942,1.134127,-1.683531,0.390010
4344.957052,real,1.435319,-0.037344,-2.467906,1.135722,-1.683533,0.392354
