t_rel_s,sim_joint6_deg,real_joint6_deg
0.0000,-12.7419,-12.7341
0.0040,-12.7418,-12.7341
0.0080,-12.7418,-12.7341
0.0120,-12.7419,-12.7341
0.0160,-12.7418,-12.7341
0.0200,-12.7420,-12.7341
0.0240,-12.7418,-12.7341
0.0280,-12.7420,-12.7341
0.0320,-12.7418,-12.7341
0.0360,-12.7420,-12.7341
0.0400,-12.7417,-12.7341
0.0440,-12.7420,-12.7341
0.0480,-12.7418,-12.7341
0.0520,-12.7420,-12.7341
0.0560,-12.7418,-12.7341
0.0600,-12.7420,-12.7341
0.0640,-12.7418,-12.7341
0.0680,-12.7420,-12.7341
0.0720,-12.7418,-12.7341
0.0760,-12.7420,-12.7341
0.0800,-12.7418,-12.7341
0.0840,-12.7420,-12.7341
0.0880,-12.7418,-12.7341
0.0920,-12.7420,-12.7341
0.0960,-12.7418,-12.7341
0.1000,-12.7420,-12.7341
0.1040,-12.7417,-12.7341
0.1080,-12.7420,-12.7341
0.1120,-12.7418,-12.7341
0.1160,-12.7420,-12.7341
0.1200,-12.7418,-12.7341
0.1240,-12.7420,-12.7341
0.1280,-12.7418,-12.7341
0.1320,-12.7420,-12.7341
0.1360,-12.7418,-12.7341
0.1400,-12.7420,-12.7341
0.1440,-12.7418,-12.7341
0.1480,-12.7420,-12.7341
0.1520,-12.7418,-12.7341
0.1560,-12.7420,-12.7341
0.1600,-12.7418,-12.7341
0.1640,-12.7420,-12.7341
0.1680,-12.7418,-12.7341
0.1720,-12.7420,-12.7341
0.1760,-12.7418,-12.7341
0.1800,-12.7420,-12.7341
0.1840,-12.7418,-12.7341
0.1880,-12.7420,-12.7341
0.1920,-12.7418,-12.7341
0.1960,-12.7420,-12.7341
0.2000,-12.7418,-12.7341
0.2040,-12.7420,-12.7341
0.2080,-12.7418,-12.7341
0.2120,-12.7420,-12.7341
0.2160,-12.7418,-12.7341
0.2200,-12.7420,-12.7341
0.2240,-12.7418,-12.7341
0.2280,-12.7420,-12.7341
0.2320,-12.7418,-12.7341
0.2360,-12.7420,-12.7341
0.2400,-12.7418,-12.7341
0.2440,-12.7420,-12.7341
0.2480,-12.7418,-12.7341
0.2520,-12.7420,-12.7341
0.2560,-12.7418,-12.7341
0.2600,-12.7420,-12.7341
0.2640,-12.7418,-12.7341
0.2680,-12.7420,-12.7341
0.2720,-12.7418,-12.7341
0.2760,-12.7420,-12.7341
0.2800,-12.7418,-12.7341
0.2840,-12.7420,-12.7341
0.2880,-12.7418,-12.7341
0.2920,-12.7420,-12.7341
0.2960,-12.7418,-12.7341
0.3000,-12.7420,-12.7341
0.3040,-12.7418,-12.7341
0.3080,-12.7420,-12.7341
0.3120,-12.7418,-12.7341
0.3160,-12.7420,-12.7341
0.3200,-12.7418,-12.7341
0.3240,-12.7420,-12.7341
0.3280,-12.7418,-12.7341
0.3320,-12.7420,-12.7341
0.3360,-12.7418,-12.7341
0.3400,-12.7420,-12.7341
0.3440,-12.7418,-12.7341
0.3480,-12.7420,-12.7341
0.3520,-12.7418,-12.7341
0.3560,-12.7420,-12.7341
0.3600,-12.7418,-12.7341
0.3640,-12.7420,-12.7341
0.3680,-12.7418,-12.7341
0.3720,-12.7420,-12.7341
0.3760,-12.7418,-12.7341
0.3800,-12.7420,-12.7341
0.3840,-12.7418,-12.7341
0.3880,-12.7420,-12.7341
0.3920,-12.7418,-12.7341
0.3960,-12.7420,-12.7341
0.4000,-12.7418,-12.7341
0.4040,-12.7420,-12.7341
0.4080,-12.7418,-12.7341
0.4120,-12.7420,-12.7341
0.4160,-12.7418,-12.7341
0.4200,-12.7420,-12.7341
0.4240,-12.7418,-12.7341
0.4280,-12.7420,-12.7341
0.4320,-12.7418,-12.7341
0.4360,-12.7420,-12.7341
0.4400,-12.7418,-12.7341
0.4440,-12.7420,-12.7341
0.4480,-12.7418,-12.7341
0.4520,-12.7420,-12.7341
0.4560,-12.7418,-12.7341
0.4600,-12.7420,-12.7341
0.4640,-12.7417,-12.7341
0.4680,-12.7420,-12.7341
0.4720,-12.7418,-12.7341
0.4760,-12.7420,-12.7341
0.4800,-12.7418,-12.7341
0.4840,-12.7420,-12.7341
0.4880,-12.7418,-12.7341
0.4920,-12.7420,-12.7341
0.4960,-12.7418,-12.7341
0.5000,-12.7420,-12.7341
0.5040,-12.7418,-12.7341
0.5080,-12.7420,-12.7341
0.5120,-12.7418,-12.7341
0.5160,-12.7420,-12.7341
0.5200,-12.7418,-12.7341
0.5240,-12.7420,-12.7341
0.5280,-12.7418,-12.7341
0.5320,-12.7420,-12.7341
0.5360,-12.7418,-12.7341
0.5400,-12.7420,-12.7341
0.5440,-12.7418,-12.7341
0.5480,-12.7420,-12.7341
0.5520,-12.7418,-12.7341
0.5560,-12.7420,-12.7341
0.5600,-12.7418,-12.7341
0.5640,-12.7420,-12.7341
0.5680,-12.7418,-12.7341
0.5720,-12.7420,-12.7341
0.5760,-12.7417,-12.7341
0.5800,-12.7420,-12.7341
0.5840,-12.7418,-12.7341
0.5880,-12.7420,-12.7341
0.5920,-12.7418,-12.7341
0.5960,-12.7420,-12.7341
0.6000,-12.7418,-12.7341
0.6040,-12.7420,-12.7341
0.6080,-12.7418,-12.7341
0.6120,-12.7420,-12.7341
0.6160,-12.7418,-12.7341
0.6200,-12.7420,-12.7341
0.6240,-12.7418,-12.7341
0.6280,-12.7420,-12.7341
0.6320,-12.7418,-12.7341
0.6360,-12.7420,-12.7341
0.6400,-12.7418,-12.7341
0.6440,-12.7420,-12.7341
0.6480,-12.7418,-12.7341
0.6520,-12.7420,-12.7341
0.6560,-12.7418,-12.7341
0.6600,-12.7420,-12.7341
0.6640,-12.7418,-12.7341
0.6680,-12.7420,-12.7341
0.6720,-12.7418,-12.7341
0.6760,-12.7420,-12.7341
0.6800,-12.7418,-12.7341
0.6840,-12.7420,-12.7341
0.6880,-12.7418,-12.7341
0.6920,-12.7420,-12.7341
0.6960,-12.7418,-12.7341
0.7000,-12.7420,-12.7341
0.7040,-12.7418,-12.7341
0.7080,-12.7420,-12.7341
0.7120,-12.7418,-12.7341
0.7160,-12.7420,-12.7341
0.7200,-12.7418,-12.7341
0.7240,-12.7420,-12.7341
0.7280,-12.7418,-12.7341
0.7320,-12.7420,-12.7341
0.7360,-12.7418,-12.7341
0.7400,-12.7420,-12.7341
0.7440,-12.7418,-12.7341
0.7480,-12.7420,-12.7341
0.7520,-12.7418,-12.7341
0.7560,-12.7420,-12.7341
0.7600,-12.7418,-12.7341
0.7640,-12.7420,-12.7341
0.7680,-12.7418,-12.7341
0.7720,-12.7419,-12.7341
0.7760,-12.7418,-12.7341
0.7800,-12.7420,-12.7341
0.7840,-12.7418,-12.7341
0.7880,-12.7420,-12.7341
0.7920,-12.7418,-12.7341
0.7960,-12.7420,-12.7341
0.8000,-12.7418,-12.7341
0.8040,-12.7420,-12.7341
0.8080,-12.7418,-12.7341
0.8120,-12.7420,-12.7341
0.8160,-12.7417,-12.7341
0.8200,-12.7420,-12.7341
0.8240,-12.7418,-12.7341
0.8280,-12.7420,-12.7341
0.8320,-12.7418,-12.7341
0.8360,-12.7420,-12.7341
0.8400,-12.7418,-12.7341
0.8440,-12.7420,-12.7341
0.8480,-12.7418,-12.7341
0.8520,-12.7420,-12.7341
0.8560,-12.7418,-12.7341
0.8600,-12.7420,-12.7341
0.8640,-12.7418,-12.7341
0.8680,-12.7420,-12.7341
0.8720,-12.7418,-12.7341
0.8760,-12.7420,-12.7341
0.8800,-12.7418,-12.7341
0.8840,-12.7420,-12.7341
0.8880,-12.7418,-12.7341
0.8920,-12.7420,-12.7341
0.8960,-12.7418,-12.7341
0.9000,-12.7420,-12.7341
0.9040,-12.7417,-12.7341
0.9080,-12.7420,-12.7341
0.9120,-12.7418,-12.7341
0.9160,-12.7420,-12.7341
0.9200,-12.7418,-12.7341
0.9240,-12.7420,-12.7341
0.9280,-12.7418,-12.7341
0.9320,-12.7420,-12.7341
0.9360,-12.7418,-12.7341
0.9400,-12.7420,-12.7341
0.9440,-12.7418,-12.7341
0.9480,-12.7420,-12.7341
0.9520,-12.7418,-12.7341
0.9560,-12.7420,-12.7341
0.9600,-12.7418,-12.7341
0.9640,-12.7420,-12.7341
0.9680,-12.7418,-12.7341
0.9720,-12.7420,-12.7341
0.9760,-12.7418,-12.7341
0.9800,-12.7420,-12.7341
0.9840,-12.7418,-12.7341
0.9880,-12.7420,-12.7341
0.9920,-12.7418,-12.7341
0.9960,-12.7420,-12.7341
1.0000,-12.7418,-12.7341
1.0040,-12.7420,-12.7341
1.0080,-12.7418,-12.7341
1.0120,-12.7420,-12.7341
1.0160,-12.7418,-12.7341
1.0200,-12.7420,-12.7341
1.0240,-12.7418,-12.7341
1.0280,-12.7420,-12.7341
1.0320,-12.7418,-12.7341
1.0360,-12.7420,-12.7341
1.0400,-12.7418,-12.7341
1.0440,-12.7420,-12.7341
1.0480,-12.7418,-12.7341
1.0520,-12.7420,-12.7341
1.0560,-12.7418,-12.7341
1.0600,-12.7420,-12.7341
1.0640,-12.7418,-12.7341
1.0680,-12.7420,-12.7341
1.0720,-12.7418,-12.7341
1.0760,-12.7420,-12.7341
1.0800,-12.7418,-12.7341
1.0840,-12.7420,-12.7341
1.0880,-12.7418,-12.7341
1.0920,-12.7420,-12.7341
1.0960,-12.7418,-12.7341
1.1000,-12.7420,-12.7341
1.1040,-12.7418,-12.7341
1.1080,-12.7420,-12.7341
1.1120,-12.7418,-12.7341
1.1160,-12.7420,-12.7341
1.1200,-12.7418,-12.7341
1.1240,-12.7420,-12.7341
1.1280,-12.7418,-12.7341
1.1320,-12.7419,-12.7341
1.1360,-12.7418,-12.7341
1.1400,-12.7420,-12.7341
1.1440,-12.7418,-12.7341
1.1480,-12.7420,-12.7341
1.1520,-12.7418,-12.7341
1.1560,-12.7420,-12.7341
1.1600,-12.7418,-12.7341
1.1640,-12.7419,-12.7341
1.1680,-12.7418,-12.7341
1.1720,-12.7420,-12.7341
1.1760,-12.7418,-12.7341
1.1800,-12.7420,-12.7341
1.1840,-12.7418,-12.7341
1.1880,-12.7420,-12.7341
1.1920,-12.7418,-12.7341
1.1960,-12.7420,-12.7341
1.2000,-12.7418,-12.7341
1.2040,-12.7420,-12.7341
1.2080,-12.7418,-12.7341
1.2120,-12.7420,-12.7341
1.2160,-12.7418,-12.7341
1.2200,-12.7420,-12.7341
1.2240,-12.7418,-12.7341
1.2280,-12.7420,-12.7341
1.2320,-12.7418,-12.7341
1.2360,-12.7420,-12.7341
1.2400,-12.7418,-12.7341
1.2440,-12.7420,-12.7341
1.2480,-12.7418,-12.7341
1.2520,-12.7420,-12.7341
1.2560,-12.7418,-12.7341
1.2600,-12.7419,-12.7341
1.2640,-12.7418,-12.7341
1.2680,-12.7420,-12.7341
1.2720,-12.7418,-12.7341
1.2760,-12.7419,-12.7341
1.2800,-12.7431,-12.7341
1.2840,-12.7450,-12.7341
1.2880,-12.7466,-12.7341
1.2920,-12.7484,-12.7341
1.2960,-12.7499,-12.7341
1.3000,-12.7517,-12.7341
1.3040,-12.7533,-12.7341
1.3080,-12.7551,-12.7341
1.3120,-12.7566,-12.7341
1.3160,-12.7585,-12.7341
1.3200,-12.7601,-12.7341
1.3240,-12.7619,-12.7341
1.3280,-12.7634,-12.7341
1.3320,-12.7653,-12.7341
1.3360,-12.7668,-12.7341
1.3400,-12.7685,-12.7341
1.3440,-12.7701,-12.7341
1.3480,-12.7720,-12.7341
1.3520,-12.7734,-12.7341
1.3560,-12.7753,-12.7341
1.3600,-12.7768,-12.7341
1.3640,-12.7787,-12.7341
1.3680,-12.7802,-12.7341
1.3720,-12.7819,-12.7341
1.3760,-12.7835,-12.7341
1.3800,-12.7854,-12.7341
1.3840,-12.7869,-12.7341
1.3880,-12.7873,-12.7341
1.3920,-12.7878,-12.7341
1.3960,-12.7873,-12.7341
1.4000,-12.7850,-12.7341
1.4040,-12.7820,-12.7341
1.4080,-12.7776,-12.7341
1.4120,-12.7730,-12.7341
1.4160,-12.7671,-12.7341
1.4200,-12.7616,-12.7343
1.4240,-12.7558,-12.7346
1.4280,-12.7504,-12.7368
1.4320,-12.7453,-12.7397
1.4360,-12.7410,-12.7425
1.4400,-12.7374,-12.7454
1.4440,-12.7352,-12.7520
1.4480,-12.7341,-12.7606
1.4520,-12.7342,-12.7709
1.4560,-12.7340,-12.7822
1.4600,-12.7343,-12.7950
1.4640,-12.7345,-12.8095
1.4680,-12.7354,-12.8252
1.4720,-12.7360,-12.8424
1.4760,-12.7374,-12.8596
1.4800,-12.7373,-12.8767
1.4840,-12.7392,-12.8947
1.4880,-12.7418,-12.9140
1.4920,-12.7424,-12.9338
1.4960,-12.7449,-12.9545
1.5000,-12.7480,-12.9760
1.5040,-12.7509,-12.9999
1.5080,-12.7541,-13.0241
1.5120,-12.7542,-13.0503
1.5160,-12.7585,-13.0767
1.5200,-12.7654,-13.1081
1.5240,-12.7757,-13.1395
1.5280,-12.7876,-13.1710
1.5320,-12.8025,-13.2024
1.5360,-12.8192,-13.2354
1.5400,-12.8377,-13.2686
1.5440,-12.8570,-13.3011
1.5480,-12.8601,-13.3336
1.5520,-12.8781,-13.3812
1.5560,-12.9008,-13.4319
1.5600,-12.9238,-13.4688
1.5640,-12.9475,-13.5025
1.5680,-12.9724,-13.5355
1.5720,-12.9758,-13.5682
1.5760,-12.9993,-13.6010
1.5800,-13.0286,-13.6338
1.5840,-13.0604,-13.6659
1.5880,-13.0948,-13.6976
1.5920,-13.1304,-13.7269
1.5960,-13.1678,-13.7542
1.6000,-13.2064,-13.7792
1.6040,-13.2112,-13.8018
1.6080,-13.2456,-13.8220
1.6120,-13.2825,-13.8392
1.6160,-13.3221,-13.8564
1.6200,-13.3612,-13.8736
1.6240,-13.3996,-13.8894
1.6280,-13.4367,-13.9027
1.6320,-13.4738,-13.9154
1.6360,-13.4795,-13.9270
1.6400,-13.5120,-13.9381
1.6440,-13.5479,-13.9481
1.6480,-13.5833,-13.9576
1.6520,-13.6161,-13.9654
1.6560,-13.6500,-13.9728
1.6600,-13.6538,-13.9770
1.6640,-13.6805,-13.9813
1.6680,-13.7114,-13.9855
1.6720,-13.7397,-13.9898
1.6760,-13.7685,-13.9913
1.6800,-13.7951,-13.9929
1.6840,-13.8204,-13.9936
1.6880,-13.8436,-13.9942
1.6920,-13.8654,-13.9944
1.6960,-13.8686,-13.9945
1.7000,-13.8859,-13.9955
1.7040,-13.9036,-13.9968
1.7080,-13.9191,-14.0003
1.7120,-13.9317,-14.0044
1.7160,-13.9437,-14.0085
1.7200,-13.9529,-14.0126
1.7240,-13.9611,-14.0197
1.7280,-13.9619,-14.0283
1.7320,-13.9680,-14.0389
1.7360,-13.9737,-14.0506
1.7400,-13.9793,-14.0632
1.7440,-13.9838,-14.0765
1.7480,-13.9881,-14.0907
1.7520,-13.9884,-14.1060
1.7560,-13.9920,-14.1212
1.7600,-13.9959,-14.1365
1.7640,-14.0007,-14.1523
1.7680,-14.0053,-14.1690
1.7720,-14.0102,-14.1861
1.7760,-14.0158,-14.2038
1.7800,-14.0220,-14.2220
1.7840,-14.0225,-14.2421
1.7880,-14.0285,-14.2626
1.7920,-14.0357,-14.2853
1.7960,-14.0449,-14.3084
1.8000,-14.0547,-14.3340
1.8040,-14.0655,-14.3596
1.8080,-14.0670,-14.3852
1.8120,-14.0779,-14.4108
1.8160,-14.0921,-14.4370
1.8200,-14.1077,-14.4633
1.8240,-14.1247,-14.4909
1.8280,-14.1443,-14.5187
1.8320,-14.1634,-14.5464
1.8360,-14.1843,-14.5742
1.8400,-14.2055,-14.6076
1.8440,-14.2086,-14.6415
1.8480,-14.2272,-14.6754
1.8520,-14.2487,-14.7093
1.8560,-14.2709,-14.7370
1.8600,-14.2936,-14.7628
1.8640,-14.3163,-14.7852
1.8680,-14.3392,-14.8064
1.8720,-14.3618,-14.8260
1.8760,-14.3661,-14.8445
1.8800,-14.3872,-14.8604
1.8840,-14.4122,-14.8745
1.8880,-14.4390,-14.8877
1.8920,-14.4671,-14.8995
1.8960,-14.4963,-14.9113
1.9000,-14.4999,-14.9231
1.9040,-14.5254,-14.9343
1.9080,-14.5567,-14.9443
1.9120,-14.5879,-14.9539
1.9160,-14.6205,-14.9626
1.9200,-14.6528,-14.9707
1.9240,-14.6850,-14.9775
1.9280,-14.7164,-14.9837
1.9320,-14.7202,-14.9879
1.9360,-14.7451,-14.9917
1.9400,-14.7737,-14.9934
1.9440,-14.7993,-14.9951
1.9480,-14.8222,-14.9968
1.9520,-14.8426,-14.9983
1.9560,-14.8627,-14.9986
1.9600,-14.8804,-14.9989
1.9640,-14.8827,-14.9989
1.9680,-14.8963,-14.9989
1.9720,-14.9102,-14.9990
1.9760,-14.9239,-14.9990
1.9800,-14.9361,-14.9990
1.9840,-14.9464,-14.9990
1.9880,-14.9556,-14.9990
1.9920,-14.9633,-14.9990
1.9960,-14.9706,-14.9991
2.0000,-14.9766,-14.9991
2.0040,-14.9820,-14.9991
2.0080,-14.9864,-14.9991
2.0120,-14.9903,-14.9991
2.0160,-14.9934,-14.9991
2.0200,-14.9963,-14.9991
2.0240,-14.9985,-14.9992
2.0280,-14.9990,-14.9992
2.0320,-14.9987,-14.9992
2.0360,-14.9990,-14.9992
2.0400,-14.9989,-14.9992
2.0440,-14.9990,-14.9992
2.0480,-14.9988,-14.9992
2.0520,-14.9990,-14.9992
2.0560,-14.9987,-14.9992
2.0600,-14.9990,-14.9992
2.0640,-14.9988,-14.9993
2.0680,-14.9990,-14.9993
2.0720,-14.9989,-14.9993
2.0760,-14.9990,-14.9993
2.0800,-14.9989,-14.9993
2.0840,-14.9990,-14.9993
2.0880,-14.9988,-14.9993
2.0920,-14.9990,-14.9993
2.0960,-14.9988,-14.9993
2.1000,-14.9990,-14.9993
2.1040,-14.9988,-14.9993
2.1080,-14.9990,-14.9993
2.1120,-14.9988,-14.9993
2.1160,-14.9990,-14.9994
2.1200,-14.9988,-14.9994
2.1240,-14.9989,-14.9994
2.1280,-14.9988,-14.9994
2.1320,-14.9990,-14.9994
2.1360,-14.9988,-14.9994
2.1400,-14.9990,-14.9994
2.1440,-14.9989,-14.9994
2.1480,-14.9990,-14.9994
2.1520,-14.9987,-14.9994
2.1560,-14.9990,-14.9994
2.1600,-14.9988,-14.9994
2.1640,-14.9990,-14.9994
2.1680,-14.9989,-14.9994
2.1720,-14.9990,-14.9995
2.1760,-14.9988,-14.9995
2.1800,-14.9990,-14.9995
2.1840,-14.9988,-14.9995
2.1880,-14.9989,-14.9995
2.1920,-14.9988,-14.9995
2.1960,-14.9990,-14.9995
2.2000,-14.9988,-14.9995
2.2040,-14.9990,-14.9995
2.2080,-14.9988,-14.9995
2.2120,-14.9990,-14.9995
2.2160,-14.9988,-14.9995
2.2200,-14.9990,-14.9995
2.2240,-14.9988,-14.9995
2.2280,-14.9990,-14.9995
2.2320,-14.9988,-14.9995
2.2360,-14.9990,-14.9995
2.2400,-14.9988,-14.9995
2.2440,-14.9990,-14.9996
2.2480,-14.9988,-14.9996
2.2520,-14.9990,-14.9996
2.2560,-14.9988,-14.9996
2.2600,-14.9990,-14.9996
2.2640,-14.9988,-14.9996
2.2680,-14.9990,-14.9996
2.2720,-14.9988,-14.9996
2.2760,-14.9990,-14.9996
2.2800,-14.9988,-14.9996
2.2840,-14.9990,-14.9996
2.2880,-14.9987,-14.9996
2.2920,-14.9990,-14.9996
2.2960,-14.9988,-14.9996
2.3000,-14.9990,-14.9996
2.3040,-14.9987,-14.9996
2.3080,-14.9990,-14.9996
2.3120,-14.9988,-14.9996
2.3160,-14.9990,-14.9996
2.3200,-14.9989,-14.9997
2.3240,-14.9990,-14.9997
2.3280,-14.9988,-14.9997
2.3320,-14.9989,-14.9997
2.3360,-14.9988,-14.9997
2.3400,-14.9990,-14.9997
2.3440,-14.9988,-14.9997
2.3480,-14.9990,-14.9997
2.3520,-14.9988,-14.9997
2.3560,-14.9990,-14.9997
2.3600,-14.9988,-14.9997
2.3640,-14.9990,-14.9997
2.3680,-14.9989,-14.9997
2.3720,-14.9990,-14.9997
2.3760,-14.9989,-14.9997
2.3800,-14.9990,-14.9997
2.3840,-14.9987,-14.9997
2.3880,-14.9990,-14.9997
2.3920,-14.9989,-14.9997
2.3960,-14.9990,-14.9997
2.4000,-14.9988,-14.9997
2.4040,-14.9990,-14.9997
2.4080,-14.9988,-14.9997
2.4120,-14.9990,-14.9997
2.4160,-14.9989,-14.9997
2.4200,-14.9991,-14.9997
2.4240,-14.9989,-14.9997
2.4280,-14.9991,-14.9997
2.4320,-14.9989,-14.9997
2.4360,-14.9991,-14.9997
2.4400,-14.9988,-14.9997
2.4440,-14.9990,-14.9998
2.4480,-14.9989,-14.9998
2.4520,-14.9991,-14.9998
2.4560,-14.9989,-14.9998
2.4600,-14.9991,-14.9998
2.4640,-14.9988,-14.9998
2.4680,-14.9990,-14.9998
2.4720,-14.9989,-14.9998
2.4760,-14.9991,-14.9998
2.4800,-14.9989,-14.9998
2.4840,-14.9991,-14.9998
2.4880,-14.9989,-14.9998
2.4920,-14.9992,-14.9998
2.4960,-14.9990,-14.9998
2.5000,-14.9993,-14.9998
2.5040,-14.9992,-14.9998
2.5080,-14.9993,-14.9998
2.5120,-14.9992,-14.9998
2.5160,-14.9994,-14.9998
2.5200,-14.9992,-14.9998
2.5240,-14.9994,-14.9998
2.5280,-14.9993,-14.9998
2.5320,-14.9994,-14.9998
2.5360,-14.9993,-14.9998
2.5400,-14.9996,-14.9998
2.5440,-14.9993,-14.9998
2.5480,-14.9996,-14.9998
2.5520,-14.9995,-14.9998
2.5560,-14.9998,-14.9998
2.5600,-14.9996,-14.9998
2.5640,-14.9998,-14.9998
2.5680,-14.9996,-14.9998
2.5720,-14.9998,-14.9998
2.5760,-14.9997,-14.9998
2.5800,-14.9999,-14.9998
2.5840,-14.9996,-14.9998
2.5880,-14.9999,-14.9998
2.5920,-14.9997,-14.9998
2.5960,-14.9999,-14.9998
2.6000,-14.9996,-14.9998
2.6040,-14.9999,-14.9999
2.6080,-14.9997,-14.9999
2.6120,-15.0000,-14.9999
2.6160,-14.9997,-14.9998
2.6200,-14.9999,-14.9999
2.6240,-14.9997,-14.9999
2.6280,-14.9999,-14.9999
2.6320,-14.9998,-14.9999
2.6360,-14.9999,-14.9999
2.6400,-14.9997,-14.9999
2.6440,-15.0000,-14.9999
2.6480,-14.9998,-14.9999
2.6520,-14.9999,-14.9999
2.6560,-14.9998,-14.9999
2.6600,-15.0000,-14.9999
2.6640,-14.9998,-14.9999
2.6680,-14.9999,-14.9999
2.6720,-14.9998,-14.9999
2.6760,-14.9999,-14.9999
2.6800,-14.9998,-14.9999
2.6840,-15.0000,-14.9999
2.6880,-14.9998,-14.9999
2.6920,-14.9999,-14.9999
2.6960,-14.9997,-14.9999
2.7000,-14.9999,-14.9999
2.7040,-14.9997,-14.9999
2.7080,-14.9999,-14.9999
2.7120,-14.9998,-14.9999
2.7160,-15.0000,-14.9999
2.7200,-14.9998,-14.9999
2.7240,-14.9999,-14.9999
2.7280,-14.9998,-14.9999
2.7320,-15.0000,-14.9999
2.7360,-14.9998,-14.9999
2.7400,-15.0000,-14.9999
2.7440,-14.9997,-14.9999
2.7480,-14.9999,-14.9999
2.7520,-14.9998,-14.9999
2.7560,-15.0000,-14.9999
2.7600,-14.9998,-14.9999
2.7640,-15.0000,-14.9999
2.7680,-14.9998,-14.9999
2.7720,-14.9999,-14.9999
2.7760,-14.9998,-14.9999
2.7800,-15.0000,-14.9999
2.7840,-14.9998,-14.9999
2.7880,-15.0000,-14.9999
2.7920,-14.9998,-14.9999
2.7960,-15.0000,-14.9999
2.8000,-14.9998,-14.9999
2.8040,-15.0000,-14.9999
2.8080,-14.9999,-14.9999
2.8120,-15.0000,-14.9999
2.8160,-14.9998,-14.9999
2.8200,-14.9999,-14.9999
2.8240,-14.9998,-14.9999
2.8280,-15.0000,-14.9999
2.8320,-14.9998,-14.9999
2.8360,-15.0000,-14.9999
2.8400,-14.9998,-14.9999
2.8440,-15.0000,-14.9999
2.8480,-14.9998,-14.9999
2.8520,-15.0000,-14.9999
2.8560,-14.9999,-15.0000
2.8600,-15.0000,-15.0000
2.8640,-14.9998,-15.0000
2.8680,-15.0000,-15.0000
2.8720,-14.9998,-15.0000
2.8760,-15.0000,-15.0000
2.8800,-14.9998,-15.0000
2.8840,-15.0001,-15.0000
2.8880,-14.9999,-15.0000
2.8920,-15.0000,-15.0000
2.8960,-14.9998,-15.0000
2.9000,-15.0000,-15.0000
2.9040,-14.9998,-15.0000
2.9080,-15.0000,-15.0000
2.9120,-14.9998,-15.0000
2.9160,-15.0001,-15.0000
2.9200,-14.9998,-15.0000
2.9240,-15.0001,-15.0000
2.9280,-14.9998,-15.0000
2.9320,-15.0001,-15.0000
2.9360,-14.9999,-15.0000
2.9400,-15.0000,-15.0000
2.9440,-14.9999,-15.0000
2.9480,-15.0000,-15.0000
2.9520,-14.9999,-15.0000
2.9560,-15.0001,-15.0000
2.9600,-14.9998,-15.0000
2.9640,-15.0001,-15.0000
2.9680,-14.9999,-15.0000
2.9720,-15.0001,-15.0000
2.9760,-14.9998,-15.0000
2.9800,-15.0001,-15.0000
2.9840,-14.9999,-15.0000
2.9880,-15.0001,-15.0000
2.9920,-14.9999,-15.0000
2.9960,-15.0001,-15.0000
3.0000,-14.9999,-15.0000
3.0040,-15.0001,-15.0000
3.0080,-14.9999,-15.0000
3.0120,-15.0001,-15.0000
3.0160,-14.9999,-15.0000
3.0200,-15.0001,-15.0000
3.0240,-14.9999,-15.0000
3.0280,-15.0001,-15.0000
3.0320,-14.9999,-15.0000
3.0360,-15.0001,-15.0000
3.0400,-14.9998,-15.0000
3.0440,-15.0001,-15.0000
3.0480,-14.9999,-15.0000
3.0520,-15.0001,-15.0000
3.0560,-14.9999,-15.0000
3.0600,-15.0001,-15.0000
3.0640,-14.9999,-15.0000
3.0680,-15.0000,-15.0000
3.0720,-14.9999,-15.0000
3.0760,-15.0001,-15.0000
3.0800,-14.9999,-15.0000
3.0840,-15.0001,-15.0000
3.0880,-14.9999,-15.0000
3.0920,-15.0001,-15.0000
3.0960,-14.9998,-15.0000
3.1000,-15.0001,-15.0000
3.1040,-14.9999,-15.0000
3.1080,-15.0001,-15.0000
3.1120,-14.9999,-15.0000
3.1160,-15.0001,-15.0000
3.1200,-14.9998,-15.0000
3.1240,-15.0001,-15.0000
3.1280,-14.9999,-15.0000
3.1320,-15.0001,-15.0000
3.1360,-14.9999,-15.0000
3.1400,-15.0001,-15.0000
3.1440,-14.9999,-15.0000
3.1480,-15.0000,-15.0000
3.1520,-14.9999,-15.0000
3.1560,-15.0001,-15.0000
3.1600,-14.9999,-15.0000
3.1640,-15.0001,-15.0000
3.1680,-14.9999,-15.0000
3.1720,-15.0001,-15.0000
3.1760,-14.9999,-15.0000
3.1800,-15.0000,-15.0000
3.1840,-14.9999,-15.0000
3.1880,-15.0001,-15.0000
3.1920,-14.9999,-15.0000
3.1960,-15.0001,-15.0000
3.2000,-14.9999,-15.0000
3.2040,-15.0001,-15.0000
3.2080,-14.9999,-15.0000
3.2120,-15.0000,-15.0000
3.2160,-14.9999,-15.0000
3.2200,-15.0001,-15.0000
3.2240,-14.9999,-15.0000
3.2280,-15.0001,-15.0000
3.2320,-14.9999,-15.0000
3.2360,-15.0001,-15.0000
3.2400,-14.9999,-15.0000
3.2440,-15.0001,-15.0000
3.2480,-14.9998,-15.0000
3.2520,-15.0001,-15.0000
3.2560,-14.9999,-15.0000
3.2600,-15.0001,-15.0000
3.2640,-14.9999,-15.0000
3.2680,-15.0001,-15.0000
3.2720,-14.9999,-15.0000
3.2760,-15.0001,-15.0000
3.2800,-14.9999,-15.0000
3.2840,-15.0001,-15.0000
3.2880,-14.9999,-15.0000
3.2920,-15.0001,-15.0000
3.2960,-14.9999,-15.0000
3.3000,-15.0001,-15.0000
3.3040,-14.9999,-15.0001
3.3080,-15.0001,-15.0001
3.3120,-14.9999,-15.0001
3.3160,-15.0001,-15.0001
3.3200,-14.9999,-15.0001
3.3240,-15.0001,-15.0000
3.3280,-14.9999,-15.0000
3.3320,-15.0001,-15.0000
3.3360,-14.9999,-15.0001
3.3400,-15.0001,-15.0001
3.3440,-14.9999,-15.0001
3.3480,-15.0001,-15.0001
3.3520,-14.9999,-15.0001
3.3560,-15.0001,-15.0001
3.3600,-14.9999,-15.0001
3.3640,-15.0001,-15.0001
3.3680,-14.9997,-15.0001
3.3720,-15.0001,-15.0000
3.3760,-14.9999,-15.0000
3.3800,-15.0001,-15.0000
3.3840,-14.9999,-15.0000
3.3880,-15.0001,-15.0001
3.3920,-14.9999,-15.0001
3.3960,-15.0001,-15.0001
3.4000,-14.9999,-15.0001
3.4040,-15.0001,-15.0001
3.4080,-14.9999,-15.0001
3.4120,-15.0001,-15.0001
3.4160,-14.9997,-15.0001
3.4200,-15.0001,-15.0001
3.4240,-14.9999,-15.0001
3.4280,-15.0001,-15.0001
3.4320,-14.9998,-15.0001
3.4360,-15.0001,-15.0001
3.4400,-14.9999,-15.0001
3.4440,-15.0001,-15.0001
3.4480,-14.9999,-15.0001
3.4520,-15.0001,-15.0001
3.4560,-14.9999,-15.0001
3.4600,-15.0000,-15.0001
3.4640,-14.9999,-15.0001
3.4680,-15.0001,-15.0001
3.4720,-14.9999,-15.0001
3.4760,-15.0001,-15.0001
3.4800,-14.9999,-15.0001
3.4840,-15.0001,-15.0001
3.4880,-14.9999,-15.0001
3.4920,-15.0000,-15.0001
3.4960,-14.9999,-15.0001
3.5000,-15.0000,-15.0001
3.5040,-14.9999,-15.0001
3.5080,-15.0001,-15.0001
3.5120,-14.9999,-15.0001
3.5160,-15.0001,-15.0001
3.5200,-14.9999,-15.0001
3.5240,-15.0001,-15.0001
3.5280,-14.9998,-15.0001
3.5320,-15.0000,-15.0001
3.5360,-14.9999,-15.0001
3.5400,-15.0001,-15.0001
3.5440,-14.9999,-15.0001
3.5480,-15.0001,-15.0001
3.5520,-14.9999,-15.0001
3.5560,-15.0001,-15.0001
3.5600,-14.9998,-15.0001
3.5640,-15.0001,-15.0001
3.5680,-14.9999,-15.0001
3.5720,-15.0001,-15.0001
3.5760,-14.9999,-15.0001
3.5800,-15.0001,-15.0001
3.5840,-14.9999,-15.0001
3.5880,-15.0001,-15.0001
3.5920,-14.9999,-15.0001
3.5960,-15.0001,-15.0001
3.6000,-14.9999,-15.0001
3.6040,-15.0001,-15.0001
3.6080,-14.9999,-15.0001
3.6120,-15.0001,-15.0001
3.6160,-15.0000,-15.0001
3.6200,-15.0001,-15.0001
3.6240,-15.0000,-15.0001
3.6280,-15.0002,-15.0001
3.6320,-14.9999,-15.0001
3.6360,-15.0001,-15.0001
3.6400,-15.0000,-15.0001
3.6440,-15.0002,-15.0001
3.6480,-15.0000,-15.0001
3.6520,-15.0002,-15.0001
3.6560,-15.0000,-15.0001
3.6600,-15.0002,-15.0001
3.6640,-14.9999,-15.0001
3.6680,-15.0001,-15.0001
3.6720,-15.0000,-15.0001
3.6760,-15.0002,-15.0001
3.6800,-15.0000,-15.0001
3.6840,-15.0002,-15.0001
3.6880,-15.0000,-15.0001
3.6920,-15.0002,-15.0001
3.6960,-15.0000,-15.0001
3.7000,-15.0001,-15.0001
3.7040,-15.0000,-15.0001
3.7080,-15.0002,-15.0001
3.7120,-15.0000,-15.0001
3.7160,-15.0002,-15.0001
3.7200,-15.0000,-15.0001
3.7240,-15.0002,-15.0001
3.7280,-15.0000,-15.0001
3.7320,-15.0002,-15.0001
3.7360,-15.0000,-15.0001
3.7400,-15.0002,-15.0001
3.7440,-15.0000,-15.0001
3.7480,-15.0002,-15.0001
3.7520,-14.9999,-15.0001
3.7560,-15.0002,-15.0001
3.7600,-15.0000,-15.0001
3.7640,-15.0002,-15.0001
3.7680,-15.0000,-15.0001
3.7720,-15.0002,-15.0001
3.7760,-15.0000,-15.0001
3.7800,-15.0002,-15.0001
3.7840,-15.0000,-15.0001
3.7880,-15.0002,-15.0001
3.7920,-15.0000,-15.0001
3.7960,-15.0002,-15.0001
3.8000,-15.0000,-15.0001
3.8040,-15.0002,-15.0001
3.8080,-15.0000,-15.0001
3.8120,-15.0002,-15.0001
3.8160,-15.0000,-15.0001
3.8200,-15.0002,-15.0001
3.8240,-15.0000,-15.0001
3.8280,-15.0002,-15.0001
3.8320,-15.0000,-15.0001
3.8360,-15.0001,-15.0001
3.8400,-15.0000,-15.0001
3.8440,-15.0002,-15.0001
3.8480,-15.0000,-15.0001
3.8520,-15.0002,-15.0001
3.8560,-15.0000,-15.0001
3.8600,-15.0002,-15.0001
3.8640,-15.0000,-15.0001
3.8680,-15.0002,-15.0001
3.8720,-15.0000,-15.0001
3.8760,-15.0002,-15.0001
3.8800,-15.0000,-15.0001
3.8840,-15.0002,-15.0001
3.8880,-15.0000,-15.0001
3.8920,-15.0002,-15.0001
3.8960,-15.0000,-15.0001
3.9000,-15.0002,-15.0001
3.9040,-15.0000,-15.0001
3.9080,-15.0002,-15.0001
3.9120,-15.0000,-15.0001
3.9160,-15.0002,-15.0001
3.9200,-15.0000,-15.0001
3.9240,-15.0002,-15.0001
3.9280,-15.0001,-15.0001
3.9320,-15.0002,-15.0001
3.9360,-15.0000,-15.0001
3.9400,-15.0002,-15.0001
3.9440,-15.0000,-15.0001
3.9480,-15.0002,-15.0001
3.9520,-15.0000,-15.0001
3.9560,-15.0002,-15.0001
3.9600,-14.9999,-15.0001
3.9640,-15.0002,-15.0001
3.9680,-15.0000,-15.0001
3.9720,-15.0002,-15.0001
3.9760,-15.0000,-15.0001
3.9800,-15.0002,-15.0001
3.9840,-15.0000,-15.0001
3.9880,-15.0002,-15.0001
3.9920,-15.0000,-15.0001
3.9960,-15.0002,-15.0001
4.0000,-15.0000,-15.0001
4.0040,-15.0002,-15.0001
4.0080,-15.0000,-15.0001
4.0120,-15.0002,-15.0001
4.0160,-15.0000,-15.0001
4.0200,-15.0002,-15.0001
4.0240,-15.0000,-15.0001
4.0280,-15.0002,-15.0001
4.0320,-15.0000,-15.0001
4.0360,-15.0002,-15.0001
4.0400,-15.0000,-15.0001
4.0440,-15.0002,-15.0001
4.0480,-15.0000,-15.0001
4.0520,-15.0002,-15.0001
4.0560,-15.0000,-15.0001
4.0600,-15.0001,-15.0001
4.0640,-15.0000,-15.0001
4.0680,-15.0002,-15.0001
4.0720,-15.0000,-15.0001
4.0760,-15.0002,-15.0001
4.0800,-15.0000,-15.0001
4.0840,-15.0002,-15.0001
4.0880,-15.0000,-15.0001
4.0920,-15.0002,-15.0001
4.0960,-15.0001,-15.0001
4.1000,-15.0002,-15.0001
4.1040,-15.0000,-15.0001
4.1080,-15.0002,-15.0001
4.1120,-15.0000,-15.0001
4.1160,-15.0001,-15.0001
4.1200,-15.0000,-15.0001
4.1240,-15.0002,-15.0001
4.1280,-15.0000,-15.0001
4.1320,-15.0002,-15.0001
4.1360,-15.0000,-15.0001
4.1400,-15.0002,-15.0001
4.1440,-15.0000,-15.0001
4.1480,-15.0002,-15.0001
4.1520,-15.0000,-15.0001
4.1560,-15.0002,-15.0001
4.1600,-14.9999,-15.0001
4.1640,-15.0002,-15.0001
4.1680,-15.0000,-15.0001
4.1720,-15.0002,-15.0001
4.1760,-15.0000,-15.0001
4.1800,-15.0002,-15.0001
4.1840,-15.0000,-15.0001
4.1880,-15.0002,-15.0001
4.1920,-15.0000,-15.0001
4.1960,-15.0002,-15.0001
4.2000,-14.9999,-15.0001
4.2040,-15.0002,-15.0001
4.2080,-15.0000,-15.0001
4.2120,-15.0002,-15.0001
4.2160,-15.0000,-15.0001
4.2200,-15.0002,-15.0001
4.2240,-15.0000,-15.0001
4.2280,-15.0002,-15.0001
4.2320,-15.0000,-15.0001
4.2360,-15.0002,-15.0001
4.2400,-15.0000,-15.0001
4.2440,-15.0002,-15.0001
4.2480,-15.0000,-15.0001
4.2520,-15.0002,-15.0001
4.2560,-15.0000,-15.0001
4.2600,-15.0002,-15.0001
4.2640,-15.0000,-15.0001
4.2680,-15.0002,-15.0001
4.2720,-15.0000,-15.0001
4.2760,-15.0002,-15.0001
4.2800,-14.9999,-15.0001
4.2840,-15.0002,-15.0001
4.2880,-15.0001,-15.0001
4.2920,-15.0002,-15.0001
4.2960,-15.0001,-15.0001
4.3000,-15.0002,-15.0001
4.3040,-15.0000,-15.0001
4.3080,-15.0002,-15.0001
4.3120,-15.0000,-15.0001
4.3160,-15.0002,-15.0001
4.3200,-14.9999,-15.0001
4.3240,-15.0002,-15.0001
4.3280,-15.0000,-15.0001
4.3320,-15.0002,-15.0001
4.3360,-15.0000,-15.0001
4.3400,-15.0002,-15.0001
4.3440,-15.0000,-15.0001
4.3480,-15.0002,-15.0001
4.3520,-15.0000,-15.0001
4.3560,-15.0002,-15.0001
4.3600,-15.0000,-15.0001
4.3640,-15.0002,-15.0001
4.3680,-15.0000,-15.0001
4.3720,-15.0002,-15.0001
4.3760,-15.0000,-15.0001
4.3800,-15.0002,-15.0001
4.3840,-15.0000,-15.0001
4.3880,-15.0001,-15.0001
4.3920,-15.0000,-15.0001
4.3960,-15.0002,-15.0001
4.4000,-15.0000,-15.0001
4.4040,-15.0002,-15.0001
4.4080,-15.0000,-15.0001
4.4120,-15.0002,-15.0001
4.4160,-15.0000,-15.0001
4.4200,-15.0001,-15.0001
4.4240,-15.0000,-15.0001
4.4280,-15.0002,-15.0001
4.4320,-15.0000,-15.0001
4.4360,-15.0002,-15.0001
4.4400,-15.0000,-15.0001
4.4440,-15.0002,-15.0001
4.4480,-15.0000,-15.0001
4.4520,-15.0001,-15.0001
4.4560,-15.0000,-15.0001
4.4600,-15.0002,-15.0001
4.4640,-15.0000,-15.0001
4.4680,-15.0002,-15.0001
4.4720,-15.0000,-15.0001
4.4760,-15.0002,-15.0001
4.4800,-15.0000,-15.0001
4.4840,-15.0001,-15.0001
4.4880,-15.0000,-15.0001
4.4920,-15.0002,-15.0001
4.4960,-15.0000,-15.0001
4.5000,-15.0002,-15.0001
4.5040,-15.0000,-15.0001
4.5080,-15.0002,-15.0001
4.5120,-15.0000,-15.0001
4.5160,-15.0002,-15.0001
4.5200,-15.0000,-15.0001
4.5240,-15.0002,-15.0001
4.5280,-15.0000,-15.0001
4.5320,-15.0002,-15.0001
4.5360,-15.0000,-15.0001
4.5400,-15.0001,-15.0001
4.5440,-15.0000,-15.0001
4.5480,-15.0002,-15.0001
4.5520,-15.0000,-15.0001
4.5560,-15.0002,-15.0001
4.5600,-15.0000,-15.0001
4.5640,-15.0002,-15.0001
4.5680,-15.0000,-15.0001
4.5720,-15.0001,-15.0001
4.5760,-15.0000,-15.0001
4.5800,-15.0002,-15.0001
4.5840,-15.0000,-15.0001
4.5880,-15.0002,-15.0001
4.5920,-15.0000,-15.0001
4.5960,-15.0001,-15.0001
4.6000,-15.0000,-15.0001
4.6040,-15.0002,-15.0001
4.6080,-15.0000,-15.0001
4.6120,-15.0002,-15.0001
4.6160,-14.9999,-15.0001
4.6200,-15.0001,-15.0001
4.6240,-15.0000,-15.0001
4.6280,-15.0002,-15.0001
4.6320,-15.0000,-15.0001
4.6360,-15.0002,-15.0001
4.6400,-15.0000,-15.0001
4.6440,-15.0002,-15.0001
4.6480,-15.0000,-15.0001
4.6520,-15.0002,-15.0001
4.6560,-15.0000,-15.0001
4.6600,-15.0002,-15.0001
4.6640,-15.0000,-15.0001
4.6680,-15.0002,-15.0001
4.6720,-15.0000,-15.0001
4.6760,-15.0002,-15.0001
4.6800,-15.0000,-15.0001
4.6840,-15.0002,-15.0001
4.6880,-15.0000,-15.0001
4.6920,-15.0002,-15.0001
4.6960,-15.0000,-15.0001
4.7000,-15.0002,-15.0001
4.7040,-15.0001,-15.0001
4.7080,-15.0002,-15.0001
4.7120,-15.0000,-15.0001
4.7160,-15.0002,-15.0001
4.7200,-15.0000,-15.0001
4.7240,-15.0002,-15.0001
4.7280,-15.0000,-15.0001
4.7320,-15.0002,-15.0001
4.7360,-15.0001,-15.0001
4.7400,-15.0002,-15.0001
4.7440,-15.0000,-15.0001
4.7480,-15.0001,-15.0001
4.7520,-15.0000,-15.0001
4.7560,-15.0002,-15.0001
4.7600,-15.0000,-15.0001
4.7640,-15.0002,-15.0001
4.7680,-14.9999,-15.0001
4.7720,-15.0002,-15.0001
4.7760,-15.0000,-15.0001
4.7800,-15.0002,-15.0001
4.7840,-15.0000,-15.0001
4.7880,-15.0002,-15.0001
4.7920,-15.0000,-15.0001
4.7960,-15.0002,-15.0001
4.8000,-15.0000,-15.0001
4.8040,-15.0002,-15.0001
4.8080,-15.0000,-15.0001
4.8120,-15.0002,-15.0001
4.8160,-15.0000,-15.0001
4.8200,-15.0002,-15.0001
4.8240,-15.0000,-15.0001
4.8280,-15.0002,-15.0001
4.8320,-15.0000,-15.0001
4.8360,-15.0002,-15.0001
4.8400,-14.9999,-15.0001
4.8440,-15.0002,-15.0001
4.8480,-15.0001,-15.0001
4.8520,-15.0002,-15.0001
4.8560,-15.0001,-15.0001
4.8600,-15.0002,-15.0001
4.8640,-15.0000,-15.0001
4.8680,-15.0002,-15.0001
4.8720,-15.0000,-15.0001
4.8760,-15.0002,-15.0001
4.8800,-15.0000,-15.0001
4.8840,-15.0002,-15.0001
4.8880,-15.0001,-15.0001
4.8920,-15.0002,-15.0001
4.8960,-15.0000,-15.0001
4.9000,-15.0002,-15.0001
4.9040,-15.0000,-15.0001
4.9080,-15.0002,-15.0001
4.9120,-15.0000,-15.0001
4.9160,-15.0002,-15.0001
4.9200,-15.0000,-15.0001
4.9240,-15.0002,-15.0001
4.9280,-15.0000,-15.0001
4.9320,-15.0002,-15.0001
4.9360,-15.0000,-15.0001
4.9400,-15.0002,-15.0001
4.9440,-15.0000,-15.0001
4.9480,-15.0002,-15.0001
4.9520,-15.0000,-15.0001
4.9560,-15.0002,-15.0001
4.9600,-15.0000,-15.0001
4.9640,-15.0002,-15.0001
4.9680,-14.9999,-15.0001
4.9720,-15.0002,-15.0001
4.9760,-15.0001,-15.0001
4.9800,-15.0002,-15.0001
4.9840,-15.0000,-15.0001
4.9880,-15.0002,-15.0001
4.9920,-15.0000,-15.0001
4.9960,-15.0002,-15.0001
5.0000,-15.0000,-15.0001
5.0040,-15.0002,-15.0001
5.0080,-15.0001,-15.0001
5.0120,-15.0002,-15.0001
5.0160,-15.0000,-15.0001
5.0200,-15.0002,-15.0001
5.0240,-15.0000,-15.0001
5.0280,-15.0002,-15.0001
5.0320,-15.0000,-15.0001
5.0360,-15.0002,-15.0001
5.0400,-15.0000,-15.0001
5.0440,-15.0002,-15.0001
5.0480,-15.0000,-15.0001
5.0520,-15.0002,-15.0001
5.0560,-15.0000,-15.0001
5.0600,-15.0002,-15.0001
5.0640,-15.0000,-15.0001
5.0680,-15.0002,-15.0001
5.0720,-15.0000,-15.0001
5.0760,-15.0002,-15.0001
5.0800,-15.0000,-15.0001
5.0840,-15.0002,-15.0001
5.0880,-15.0000,-15.0001
5.0920,-15.0002,-15.0001
5.0960,-15.0001,-15.0001
5.1000,-15.0002,-15.0001
5.1040,-15.0000,-15.0001
5.1080,-15.0002,-15.0001
5.1120,-15.0000,-15.0001
5.1160,-15.0002,-15.0001
5.1200,-15.0000,-15.0001
5.1240,-15.0002,-15.0001
5.1280,-14.9999,-15.0001
5.1320,-15.0002,-15.0001
5.1360,-15.0000,-15.0001
5.1400,-15.0002,-15.0001
5.1440,-15.0000,-15.0001
5.1480,-15.0002,-15.0001
5.1520,-15.0000,-15.0001
5.1560,-15.0002,-15.0001
5.1600,-15.0000,-15.0001
5.1640,-15.0002,-15.0001
5.1680,-15.0000,-15.0001
5.1720,-15.0002,-15.0001
5.1760,-15.0000,-15.0001
5.1800,-15.0002,-15.0001
5.1840,-15.0001,-15.0001
5.1880,-15.0002,-15.0001
5.1920,-15.0000,-15.0001
5.1960,-15.0002,-15.0001
5.2000,-15.0000,-15.0001
5.2040,-15.0002,-15.0001
5.2080,-15.0000,-15.0001
5.2120,-15.0002,-15.0001
5.2160,-14.9999,-15.0001
5.2200,-15.0002,-15.0001
5.2240,-15.0000,-15.0001
5.2280,-15.0002,-15.0001
5.2320,-15.0001,-15.0001
5.2360,-15.0002,-15.0001
5.2400,-15.0000,-15.0001
5.2440,-15.0002,-15.0001
5.2480,-15.0000,-15.0001
5.2520,-15.0002,-15.0001
5.2560,-15.0000,-15.0001
5.2600,-15.0002,-15.0001
5.2640,-15.0000,-15.0001
5.2680,-15.0002,-15.0001
5.2720,-15.0000,-15.0001
5.2760,-15.0002,-15.0001
5.2800,-15.0001,-15.0001
5.2840,-15.0002,-15.0001
5.2880,-15.0000,-15.0001
5.2920,-15.0002,-15.0001
5.2960,-15.0000,-15.0001
5.3000,-15.0002,-15.0001
5.3040,-15.0000,-15.0001
5.3080,-15.0002,-15.0001
5.3120,-15.0000,-15.0001
5.3160,-15.0002,-15.0001
5.3200,-15.0000,-15.0001
5.3240,-15.0002,-15.0001
5.3280,-15.0000,-15.0001
5.3320,-15.0002,-15.0001
5.3360,-15.0000,-15.0001
5.3400,-15.0002,-15.0001
5.3440,-15.0000,-15.0001
5.3480,-15.0002,-15.0001
5.3520,-15.0000,-15.0001
5.3560,-15.0002,-15.0001
5.3600,-15.0000,-15.0001
5.3640,-15.0002,-15.0001
5.3680,-14.9999,-15.0001
5.3720,-15.0002,-15.0001
5.3760,-15.0001,-15.0001
5.3800,-15.0002,-15.0001
5.3840,-15.0000,-15.0001
5.3880,-15.0002,-15.0001
5.3920,-15.0000,-15.0001
5.3960,-15.0002,-15.0001
5.4000,-15.0000,-15.0001
5.4040,-15.0002,-15.0001
5.4080,-14.9999,-15.0001
5.4120,-15.0002,-15.0001
5.4160,-15.0000,-15.0001
5.4200,-15.0002,-15.0001
5.4240,-15.0000,-15.0001
5.4280,-15.0002,-15.0001
5.4320,-15.0000,-15.0001
5.4360,-15.0002,-15.0001
5.4400,-15.0000,-15.0001
5.4440,-15.0002,-15.0001
5.4480,-14.9999,-15.0001
5.4520,-15.0002,-15.0001
5.4560,-15.0000,-15.0001
5.4600,-15.0002,-15.0001
5.4640,-15.0000,-15.0001
5.4680,-15.0002,-15.0001
5.4720,-15.0000,-15.0001
5.4760,-15.0002,-15.0001
5.4800,-15.0000,-15.0001
5.4840,-15.0002,-15.0001
5.4880,-15.0000,-15.0001
5.4920,-15.0001,-15.0001
5.4960,-15.0000,-15.0001
5.5000,-15.0002,-15.0001
5.5040,-15.0000,-15.0001
5.5080,-15.0002,-15.0001
5.5120,-15.0000,-15.0001
5.5160,-15.0002,-15.0001
5.5200,-14.9999,-15.0001
5.5240,-15.0001,-15.0001
5.5280,-15.0000,-15.0001
5.5320,-15.0002,-15.0001
5.5360,-15.0000,-15.0001
5.5400,-15.0002,-15.0001
5.5440,-15.0000,-15.0001
5.5480,-15.0002,-15.0001
5.5520,-15.0000,-15.0001
5.5560,-15.0001,-15.0001
5.5600,-15.0000,-15.0001
5.5640,-15.0002,-15.0001
5.5680,-14.9999,-15.0001
5.5720,-15.0002,-15.0001
5.5760,-15.0000,-15.0001
5.5800,-15.0001,-15.0001
5.5840,-15.0000,-15.0001
5.5880,-15.0002,-15.0001
5.5920,-15.0000,-15.0001
5.5960,-15.0001,-15.0001
5.6000,-15.0000,-15.0001
5.6040,-15.0002,-15.0001
5.6080,-15.0000,-15.0001
5.6120,-15.0002,-15.0001
5.6160,-15.0001,-15.0001
5.6200,-15.0002,-15.0001
5.6240,-15.0000,-15.0001
5.6280,-15.0001,-15.0001
5.6320,-15.0000,-15.0001
5.6360,-15.0002,-15.0001
5.6400,-14.9999,-15.0001
5.6440,-15.0002,-15.0001
5.6480,-15.0000,-15.0001
5.6520,-15.0002,-15.0001
5.6560,-15.0000,-15.0001
5.6600,-15.0002,-15.0001
5.6640,-15.0000,-15.0001
5.6680,-15.0002,-15.0001
5.6720,-15.0000,-15.0001
5.6760,-15.0001,-15.0001
5.6800,-15.0000,-15.0001
5.6840,-15.0002,-15.0001
5.6880,-15.0000,-15.0001
5.6920,-15.0002,-15.0001
5.6960,-15.0000,-15.0001
5.7000,-15.0002,-15.0001
5.7040,-15.0000,-15.0001
5.7080,-15.0001,-15.0001
5.7120,-15.0000,-15.0001
5.7160,-15.0002,-15.0001
5.7200,-15.0000,-15.0001
5.7240,-15.0002,-15.0001
5.7280,-15.0000,-15.0001
5.7320,-15.0002,-15.0001
5.7360,-15.0000,-15.0001
5.7400,-15.0002,-15.0001
5.7440,-15.0000,-15.0001
5.7480,-15.0001,-15.0001
5.7520,-15.0000,-15.0001
5.7560,-15.0002,-15.0001
5.7600,-15.0000,-15.0001
5.7640,-15.0002,-15.0001
5.7680,-15.0000,-15.0001
5.7720,-15.0002,-15.0001
5.7760,-15.0000,-15.0001
5.7800,-15.0001,-15.0001
5.7840,-15.0000,-15.0001
5.7880,-15.0002,-15.0001
5.7920,-15.0001,-15.0001
5.7960,-15.0001,-15.0001
5.8000,-15.0000,-15.0001
5.8040,-15.0001,-15.0001
5.8080,-15.0000,-15.0001
5.8120,-15.0002,-15.0001
5.8160,-15.0000,-15.0001
5.8200,-15.0002,-15.0001
5.8240,-15.0000,-15.0001
5.8280,-15.0001,-15.0001
5.8320,-15.0000,-15.0001
5.8360,-15.0001,-15.0001
5.8400,-15.0001,-15.0001
5.8440,-15.0002,-15.0001
5.8480,-15.0000,-15.0001
5.8520,-15.0001,-15.0001
5.8560,-15.0000,-15.0001
5.8600,-15.0001,-15.0001
5.8640,-15.0000,-15.0001
5.8680,-15.0002,-15.0001
5.8720,-15.0001,-15.0001
5.8760,-15.0002,-15.0001
5.8800,-15.0000,-15.0001
5.8840,-15.0001,-15.0001
5.8880,-15.0000,-15.0001
5.8920,-15.0001,-15.0001
5.8960,-15.0000,-15.0001
5.9000,-15.0002,-15.0001
5.9040,-15.0000,-15.0001
5.9080,-15.0001,-15.0001
5.9120,-15.0000,-15.0001
5.9160,-15.0002,-15.0001
5.9200,-15.0000,-15.0001
5.9240,-15.0002,-15.0001
5.9280,-15.0000,-15.0001
5.9320,-15.0001,-15.0001
5.9360,-15.0000,-15.0001
5.9400,-15.0002,-15.0001
5.9440,-15.0001,-15.0001
5.9480,-15.0002,-15.0001
5.9520,-14.9999,-15.0001
5.9560,-15.0001,-15.0001
5.9600,-15.0001,-15.0001
5.9640,-15.0002,-15.0001
5.9680,-14.9999,-15.0001
5.9720,-15.0001,-15.0001
5.9760,-15.0001,-15.0001
5.9800,-15.0001,-15.0001
5.9840,-15.0000,-15.0001
5.9880,-15.0002,-15.0001
5.9920,-15.0001,-15.0001
5.9960,-15.0001,-15.0001
6.0000,-15.0000,-15.0001
6.0040,-15.0002,-15.0001
6.0080,-15.0000,-15.0001
6.0120,-15.0001,-15.0001
6.0160,-15.0000,-15.0001
6.0200,-15.0001,-15.0001
6.0240,-15.0001,-15.0001
6.0280,-15.0002,-15.0001
6.0320,-15.0000,-15.0001
6.0360,-15.0001,-15.0001
6.0400,-15.0000,-15.0001
6.0440,-15.0001,-15.0001
6.0480,-15.0000,-15.0001
6.0520,-15.0001,-15.0001
6.0560,-15.0000,-15.0001
6.0600,-15.0001,-15.0001
6.0640,-15.0000,-15.0001
6.0680,-15.0001,-15.0001
6.0720,-15.0000,-15.0001
6.0760,-15.0001,-15.0001
6.0800,-15.0001,-15.0001
6.0840,-15.0002,-15.0001
6.0880,-15.0000,-15.0001
6.0920,-15.0001,-15.0001
6.0960,-15.0000,-15.0001
6.1000,-15.0001,-15.0001
6.1040,-15.0000,-15.0001
6.1080,-15.0002,-15.0001
6.1120,-15.0000,-15.0001
6.1160,-15.0001,-15.0001
6.1200,-15.0000,-15.0001
6.1240,-15.0001,-15.0001
6.1280,-15.0000,-15.0001
6.1320,-15.0001,-15.0001
6.1360,-15.0000,-15.0001
6.1400,-15.0001,-15.0001
6.1440,-15.0000,-15.0001
6.1480,-15.0001,-15.0001
6.1520,-15.0000,-15.0001
6.1560,-15.0002,-15.0001
6.1600,-15.0001,-15.0001
6.1640,-15.0002,-15.0001
6.1680,-15.0000,-15.0001
6.1720,-15.0001,-15.0001
6.1760,-15.0000,-15.0001
6.1800,-15.0002,-15.0001
6.1840,-15.0000,-15.0001
6.1880,-15.0001,-15.0001
6.1920,-15.0000,-15.0001
6.1960,-15.0001,-15.0001
6.2000,-15.0000,-15.0001
6.2040,-15.0002,-15.0001
6.2080,-15.0001,-15.0001
6.2120,-15.0001,-15.0001
6.2160,-15.0000,-15.0001
6.2200,-15.0001,-15.0001
6.2240,-15.0000,-15.0001
6.2280,-15.0001,-15.0001
6.2320,-15.0000,-15.0001
6.2360,-15.0001,-15.0001
6.2400,-15.0000,-15.0001
6.2440,-15.0001,-15.0001
6.2480,-15.0000,-15.0001
6.2520,-15.0001,-15.0001
6.2560,-15.0000,-15.0001
6.2600,-15.0002,-15.0001
6.2640,-15.0000,-15.0001
6.2680,-15.0001,-15.0001
6.2720,-15.0001,-15.0001
6.2760,-15.0001,-15.0001
6.2800,-15.0000,-15.0001
6.2840,-15.0001,-15.0001
6.2880,-15.0000,-15.0001
6.2920,-15.0002,-15.0001
6.2960,-15.0001,-15.0001
6.3000,-15.0001,-15.0001
6.3040,-15.0000,-15.0001
6.3080,-15.0001,-15.0001
6.3120,-15.0000,-15.0001
6.3160,-15.0001,-15.0001
6.3200,-15.0000,-15.0001
6.3240,-15.0002,-15.0001
6.3280,-15.0000,-15.0001
6.3320,-15.0002,-15.0001
6.3360,-15.0000,-15.0001
6.3400,-15.0001,-15.0001
6.3440,-15.0000,-15.0001
6.3480,-15.0001,-15.0001
6.3520,-15.0000,-15.0001
6.3560,-15.0001,-15.0001
6.3600,-15.0000,-15.0001
6.3640,-15.0001,-15.0001
6.3680,-15.0000,-15.0001
6.3720,-15.0001,-15.0001
6.3760,-15.0000,-15.0001
6.3800,-15.0001,-15.0001
6.3840,-15.0000,-15.0001
6.3880,-15.0002,-15.0001
6.3920,-15.0000,-15.0001
6.3960,-15.0001,-15.0001
6.4000,-15.0000,-15.0001
6.4040,-15.0001,-15.0001
6.4080,-15.0000,-15.0001
6.4120,-15.0001,-15.0001
6.4160,-15.0000,-15.0001
6.4200,-15.0001,-15.0001
6.4240,-15.0000,-15.0001
6.4280,-15.0001,-15.0001
6.4320,-15.0000,-15.0001
6.4360,-15.0001,-15.0001
6.4400,-15.0000,-15.0001
6.4440,-15.0001,-15.0001
6.4480,-15.0000,-15.0001
6.4520,-15.0001,-15.0001
6.4560,-15.0000,-15.0001
6.4600,-15.0001,-15.0001
6.4640,-15.0000,-15.0001
6.4680,-15.0001,-15.0001
6.4720,-15.0001,-15.0001
6.4760,-15.0002,-15.0001
6.4800,-15.0000,-15.0001
6.4840,-15.0001,-15.0001
6.4880,-15.0000,-15.0001
6.4920,-15.0001,-15.0001
6.4960,-15.0001,-15.0001
6.5000,-15.0001,-15.0001
6.5040,-15.0001,-15.0001
6.5080,-15.0001,-15.0001
6.5120,-15.0000,-15.0001
6.5160,-15.0001,-15.0001
6.5200,-15.0000,-15.0001
6.5240,-15.0001,-15.0001
6.5280,-15.0000,-15.0001
6.5320,-15.0001,-15.0001
6.5360,-15.0001,-15.0001
6.5400,-15.0001,-15.0001
6.5440,-15.0000,-15.0001
6.5480,-15.0001,-15.0001
6.5520,-15.0000,-15.0001
6.5560,-15.0001,-15.0001
6.5600,-15.0000,-15.0001
6.5640,-15.0001,-15.0001
6.5680,-15.0000,-15.0001
6.5720,-15.0001,-15.0001
6.5760,-15.0000,-15.0001
6.5800,-15.0001,-15.0001
6.5840,-15.0001,-15.0001
6.5880,-15.0001,-15.0001
6.5920,-14.9999,-15.0001
6.5960,-15.0001,-15.0001
6.6000,-15.0001,-15.0001
6.6040,-15.0001,-15.0001
6.6080,-15.0001,-15.0001
6.6120,-15.0001,-15.0001
6.6160,-15.0000,-15.0001
6.6200,-15.0001,-15.0001
6.6240,-15.0000,-15.0001
6.6280,-15.0001,-15.0001
6.6320,-15.0001,-15.0001
6.6360,-15.0001,-15.0001
6.6400,-15.0000,-15.0001
6.6440,-15.0001,-15.0001
6.6480,-15.0000,-15.0001
6.6520,-15.0001,-15.0001
6.6560,-15.0000,-15.0001
6.6600,-15.0001,-15.0001
6.6640,-15.0000,-15.0001
6.6680,-15.0001,-15.0001
6.6720,-15.0001,-15.0001
6.6760,-15.0001,-15.0001
6.6800,-15.0000,-15.0001
6.6840,-15.0001,-15.0001
6.6880,-15.0001,-15.0001
6.6920,-15.0001,-15.0001
6.6960,-14.9999,-15.0001
6.7000,-15.0001,-15.0001
6.7040,-15.0001,-15.0001
6.7080,-15.0001,-15.0001
6.7120,-15.0000,-15.0001
6.7160,-15.0001,-15.0001
6.7200,-15.0000,-15.0001
6.7240,-15.0001,-15.0001
6.7280,-15.0000,-15.0001
6.7320,-15.0001,-15.0001
6.7360,-15.0000,-15.0001
6.7400,-15.0001,-15.0001
6.7440,-15.0000,-15.0001
6.7480,-15.0001,-15.0001
6.7520,-15.0001,-15.0001
6.7560,-15.0001,-15.0001
6.7600,-15.0000,-15.0001
6.7640,-15.0001,-15.0001
6.7680,-15.0000,-15.0001
6.7720,-15.0001,-15.0001
6.7760,-15.0001,-15.0001
6.7800,-15.0001,-15.0001
6.7840,-15.0000,-15.0001
6.7880,-15.0001,-15.0001
6.7920,-15.0001,-15.0001
6.7960,-15.0002,-15.0001
6.8000,-15.0000,-15.0001
6.8040,-15.0001,-15.0001
6.8080,-15.0000,-15.0001
6.8120,-15.0001,-15.0001
6.8160,-15.0001,-15.0001
6.8200,-15.0001,-15.0001
6.8240,-15.0000,-15.0001
6.8280,-15.0001,-15.0001
6.8320,-15.0000,-15.0001
6.8360,-15.0001,-15.0001
6.8400,-15.0000,-15.0001
6.8440,-15.0001,-15.0001
6.8480,-15.0000,-15.0001
6.8520,-15.0001,-15.0001
6.8560,-15.0000,-15.0001
6.8600,-15.0001,-15.0001
6.8640,-15.0000,-15.0001
6.8680,-15.0001,-15.0001
6.8720,-15.0001,-15.0001
6.8760,-15.0001,-15.0001
6.8800,-15.0000,-15.0001
6.8840,-15.0001,-15.0001
6.8880,-15.0000,-15.0001
6.8920,-15.0001,-15.0001
6.8960,-15.0001,-15.0001
6.9000,-15.0001,-15.0001
6.9040,-15.0001,-15.0001
6.9080,-15.0001,-15.0001
6.9120,-15.0000,-15.0001
6.9160,-15.0001,-15.0001
6.9200,-15.0001,-15.0001
6.9240,-15.0001,-15.0001
6.9280,-15.0001,-15.0001
6.9320,-15.0001,-15.0001
6.9360,-15.0001,-15.0001
6.9400,-15.0001,-15.0001
6.9440,-15.0000,-15.0001
6.9480,-15.0001,-15.0001
6.9520,-15.0000,-15.0001
6.9560,-15.0001,-15.0001
6.9600,-15.0001,-15.0001
6.9640,-15.0001,-15.0001
6.9680,-14.9999,-15.0001
6.9720,-15.0000,-15.0001
6.9760,-15.0001,-15.0001
6.9800,-15.0001,-15.0001
6.9840,-15.0001,-15.0001
6.9880,-15.0002,-15.0001
6.9920,-15.0000,-15.0001
6.9960,-15.0001,-15.0001
7.0000,-15.0000,-15.0001
7.0040,-15.0001,-15.0001
7.0080,-15.0000,-15.0001
7.0120,-15.0001,-15.0001
7.0160,-14.9999,-15.0001
7.0200,-15.0001,-15.0001
7.0240,-15.0001,-15.0001
7.0280,-15.0001,-15.0001
7.0320,-15.0001,-15.0001
7.0360,-15.0001,-15.0001
7.0400,-15.0000,-15.0001
7.0440,-15.0001,-15.0001
7.0480,-14.9999,-15.0001
7.0520,-15.0001,-15.0001
7.0560,-15.0001,-15.0001
7.0600,-15.0001,-15.0001
7.0640,-15.0001,-15.0001
7.0680,-15.0002,-15.0001
7.0720,-15.0001,-15.0001
7.0760,-15.0001,-15.0001
7.0800,-15.0000,-15.0001
7.0840,-15.0001,-15.0001
7.0880,-14.9999,-15.0001
7.0920,-15.0001,-15.0001
7.0960,-15.0001,-15.0001
7.1000,-15.0001,-15.0001
7.1040,-15.0000,-15.0001
7.1080,-15.0001,-15.0001
7.1120,-15.0001,-15.0001
7.1160,-15.0001,-15.0001
7.1200,-15.0000,-15.0001
7.1240,-15.0001,-15.0001
7.1280,-15.0000,-15.0001
7.1320,-15.0000,-15.0001
7.1360,-15.0000,-15.0001
7.1400,-15.0001,-15.0001
7.1440,-15.0000,-15.0001
7.1480,-15.0001,-15.0001
7.1520,-15.0001,-15.0001
7.1560,-15.0001,-15.0001
7.1600,-15.0000,-15.0001
7.1640,-15.0000,-15.0001
7.1680,-15.0000,-15.0001
7.1720,-15.0001,-15.0001
7.1760,-14.9999,-15.0001
7.1800,-15.0001,-15.0001
7.1840,-15.0001,-15.0001
7.1880,-15.0001,-15.0001
7.1920,-15.0001,-15.0001
7.1960,-15.0001,-15.0001
7.2000,-15.0000,-15.0001
7.2040,-15.0001,-15.0001
7.2080,-15.0000,-15.0001
7.2120,-15.0001,-15.0001
7.2160,-15.0000,-15.0001
7.2200,-15.0001,-15.0001
7.2240,-15.0000,-15.0001
7.2280,-15.0001,-15.0001
7.2320,-15.0000,-15.0001
7.2360,-15.0001,-15.0001
7.2400,-15.0001,-15.0001
7.2440,-15.0001,-15.0001
7.2480,-15.0001,-15.0001
7.2520,-15.0001,-15.0001
7.2560,-15.0000,-15.0001
7.2600,-15.0001,-15.0001
7.2640,-15.0001,-15.0001
7.2680,-15.0001,-15.0001
7.2720,-15.0000,-15.0001
7.2760,-15.0001,-15.0001
7.2800,-15.0000,-15.0001
7.2840,-15.0001,-15.0001
7.2880,-15.0000,-15.0001
7.2920,-15.0001,-15.0001
7.2960,-15.0000,-15.0001
7.3000,-15.0001,-15.0001
7.3040,-15.0000,-15.0001
7.3080,-15.0001,-15.0001
7.3120,-15.0001,-15.0001
7.3160,-15.0001,-15.0001
7.3200,-15.0000,-15.0001
7.3240,-15.0001,-15.0001
7.3280,-15.0000,-15.0001
7.3320,-15.0001,-15.0001
7.3360,-15.0000,-15.0001
7.3400,-15.0001,-15.0001
7.3440,-15.0000,-15.0001
7.3480,-15.0001,-15.0001
7.3520,-15.0000,-15.0001
7.3560,-15.0000,-15.0000
7.3600,-15.0000,-15.0000
7.3640,-15.0001,-15.0001
7.3680,-14.9999,-15.0001
7.3720,-15.0000,-15.0001
7.3760,-15.0001,-15.0001
7.3800,-15.0001,-15.0001
7.3840,-15.0001,-15.0001
7.3880,-15.0001,-15.0001
7.3920,-15.0001,-15.0001
7.3960,-15.0000,-15.0001
7.4000,-15.0000,-15.0001
7.4040,-15.0001,-15.0001
7.4080,-15.0000,-15.0001
7.4120,-15.0001,-15.0001
7.4160,-15.0001,-15.0001
7.4200,-15.0001,-15.0001
7.4240,-15.0000,-15.0001
7.4280,-15.0001,-15.0001
7.4320,-15.0000,-15.0001
7.4360,-15.0000,-15.0001
7.4400,-15.0000,-15.0001
7.4440,-15.0001,-15.0001
7.4480,-15.0000,-15.0001
7.4520,-15.0000,-15.0001
7.4560,-15.0000,-15.0001
7.4600,-15.0001,-15.0001
7.4640,-15.0001,-15.0001
7.4680,-15.0001,-15.0001
7.4720,-15.0000,-15.0001
7.4760,-15.0000,-15.0001
7.4800,-15.0000,-15.0001
7.4840,-15.0001,-15.0001
7.4880,-15.0000,-15.0001
7.4920,-15.0001,-15.0001
7.4960,-15.0000,-15.0001
7.5000,-15.0000,-15.0001
7.5040,-15.0000,-15.0001
7.5080,-15.0001,-15.0001
7.5120,-15.0001,-15.0001
7.5160,-15.0001,-15.0001
7.5200,-14.9999,-15.0001
7.5240,-15.0001,-15.0001
7.5280,-15.0000,-15.0001
7.5320,-15.0001,-15.0001
7.5360,-15.0001,-15.0001
7.5400,-15.0001,-15.0001
7.5440,-15.0000,-15.0001
7.5480,-15.0001,-15.0001
7.5520,-15.0001,-15.0001
7.5560,-15.0001,-15.0001
7.5600,-15.0000,-15.0001
7.5640,-15.0001,-15.0001
7.5680,-15.0001,-15.0001
7.5720,-15.0001,-15.0001
7.5760,-15.0000,-15.0001
7.5800,-15.0001,-15.0001
7.5840,-15.0000,-15.0001
7.5880,-15.0001,-15.0001
7.5920,-15.0000,-15.0001
7.5960,-15.0001,-15.0001
7.6000,-15.0000,-15.0001
7.6040,-15.0001,-15.0001
7.6080,-15.0000,-15.0001
7.6120,-15.0001,-15.0001
7.6160,-15.0000,-15.0001
7.6200,-15.0001,-15.0001
7.6240,-15.0000,-15.0001
7.6280,-15.0001,-15.0001
7.6320,-15.0001,-15.0001
7.6360,-15.0001,-15.0001
7.6400,-15.0000,-15.0001
7.6440,-15.0001,-15.0001
7.6480,-15.0000,-15.0001
7.6520,-15.0001,-15.0001
7.6560,-15.0000,-15.0001
7.6600,-15.0000,-15.0001
7.6640,-15.0000,-15.0001
7.6680,-15.0001,-15.0001
7.6720,-15.0001,-15.0001
7.6760,-15.0001,-15.0001
7.6800,-15.0000,-15.0001
7.6840,-15.0001,-15.0000
7.6880,-15.0001,-15.0000
7.6920,-15.0001,-15.0000
7.6960,-15.0000,-15.0001
7.7000,-15.0000,-15.0001
7.7040,-15.0000,-15.0001
7.7080,-15.0001,-15.0001
7.7120,-15.0000,-15.0001
7.7160,-15.0001,-15.0000
7.7200,-15.0000,-15.0000
7.7240,-15.0001,-15.0000
7.7280,-15.0000,-15.0001
7.7320,-15.0001,-15.0001
7.7360,-15.0000,-15.0001
7.7400,-15.0001,-15.0001
7.7440,-15.0001,-15.0001
7.7480,-15.0000,-15.0001
7.7520,-15.0000,-15.0001
7.7560,-15.0000,-15.0001
7.7600,-15.0000,-15.0001
7.7640,-15.0001,-15.0001
7.7680,-15.0000,-15.0001
7.7720,-15.0000,-15.0001
7.7760,-15.0000,-15.0001
7.7800,-15.0001,-15.0001
7.7840,-14.9999,-15.0001
7.7880,-15.0000,-15.0001
7.7920,-15.0000,-15.0001
7.7960,-15.0001,-15.0001
7.8000,-14.9999,-15.0001
7.8040,-15.0000,-15.0001
7.8080,-15.0001,-15.0001
7.8120,-15.0001,-15.0001
7.8160,-15.0000,-15.0001
7.8200,-15.0001,-15.0001
7.8240,-15.0000,-15.0001
7.8280,-15.0000,-15.0001
7.8320,-15.0000,-15.0001
7.8360,-15.0001,-15.0001
7.8400,-15.0001,-15.0001
7.8440,-15.0001,-15.0001
7.8480,-15.0000,-15.0001
7.8520,-15.0001,-15.0001
7.8560,-15.0001,-15.0000
7.8600,-15.0001,-15.0000
7.8640,-15.0000,-15.0000
7.8680,-15.0001,-15.0001
7.8720,-15.0000,-15.0001
7.8760,-15.0001,-15.0001
7.8800,-15.0000,-15.0001
7.8840,-15.0001,-15.0001
7.8880,-15.0001,-15.0001
7.8920,-15.0001,-15.0001
7.8960,-15.0000,-15.0001
7.9000,-15.0001,-15.0001
7.9040,-14.9999,-15.0001
7.9080,-15.0000,-15.0001
7.9120,-15.0001,-15.0001
7.9160,-15.0001,-15.0001
7.9200,-15.0000,-15.0001
7.9240,-15.0001,-15.0001
7.9280,-15.0001,-15.0001
7.9320,-15.0001,-15.0001
7.9360,-15.0000,-15.0001
7.9400,-15.0000,-15.0001
7.9440,-15.0000,-15.0001
7.9480,-15.0001,-15.0001
7.9520,-15.0001,-15.0001
7.9560,-15.0001,-15.0001
7.9600,-15.0000,-15.0001
7.9640,-15.0001,-15.0001
7.9680,-15.0000,-15.0001
7.9720,-15.0000,-15.0001
7.9760,-15.0000,-15.0001
7.9800,-15.0001,-15.0001
7.9840,-15.0001,-15.0001
7.9880,-15.0001,-15.0001
7.9920,-15.0000,-15.0001
7.9960,-15.0001,-15.0001
8.0000,-15.0000,-15.0001
8.0040,-15.0001,-15.0001
8.0080,-15.0001,-15.0001
8.0120,-15.0001,-15.0001
8.0160,-14.9999,-15.0001
8.0200,-15.0000,-15.0001
8.0240,-15.0001,-15.0001
8.0280,-15.0001,-15.0001
8.0320,-15.0000,-15.0001
8.0360,-15.0001,-15.0001
8.0400,-15.0000,-15.0001
8.0440,-15.0001,-15.0001
8.0480,-15.0000,-15.0001
8.0520,-15.0001,-15.0001
8.0560,-15.0000,-15.0001
8.0600,-15.0000,-15.0001
8.0640,-15.0000,-15.0001
8.0680,-15.0001,-15.0001
8.0720,-14.9999,-15.0001
8.0760,-15.0000,-15.0001
8.0800,-15.0001,-15.0001
8.0840,-15.0001,-15.0001
8.0880,-15.0000,-15.0001
8.0920,-15.0001,-15.0001
8.0960,-15.0001,-15.0001
8.1000,-15.0001,-15.0001
8.1040,-15.0000,-15.0001
8.1080,-15.0000,-15.0001
8.1120,-15.0000,-15.0001
8.1160,-15.0001,-15.0001
8.1200,-15.0000,-15.0001
8.1240,-15.0001,-15.0001
8.1280,-15.0000,-15.0001
8.1320,-15.0000,-15.0001
8.1360,-15.0001,-15.0001
8.1400,-15.0001,-15.0001
8.1440,-15.0001,-15.0001
8.1480,-15.0001,-15.0001
8.1520,-15.0000,-15.0001
8.1560,-15.0000,-15.0001
8.1600,-15.0000,-15.0001
8.1640,-15.0001,-15.0001
8.1680,-15.0000,-15.0001
8.1720,-15.0001,-15.0001
8.1760,-15.0001,-15.0001
8.1800,-15.0001,-15.0001
8.1840,-15.0000,-15.0001
8.1880,-15.0001,-15.0001
8.1920,-15.0000,-15.0001
8.1960,-15.0001,-15.0001
8.2000,-15.0001,-15.0001
8.2040,-15.0001,-15.0001
8.2080,-15.0000,-15.0001
8.2120,-15.0001,-15.0001
8.2160,-15.0001,-15.0001
8.2200,-15.0000,-15.0001
8.2240,-15.0000,-15.0001
8.2280,-15.0001,-15.0001
8.2320,-15.0000,-15.0001
8.2360,-15.0001,-15.0001
8.2400,-15.0000,-15.0000
8.2440,-15.0000,-15.0000
8.2480,-15.0000,-15.0000
8.2520,-15.0000,-15.0000
8.2560,-15.0000,-15.0000
8.2600,-15.0001,-15.0000
8.2640,-15.0000,-15.0001
8.2680,-15.0001,-15.0001
8.2720,-15.0001,-15.0000
8.2760,-15.0001,-15.0000
8.2800,-15.0000,-15.0000
8.2840,-15.0001,-15.0000
8.2880,-14.9999,-15.0000
8.2920,-15.0000,-15.0000
8.2960,-15.0001,-15.0000
8.3000,-15.0001,-15.0000
8.3040,-15.0000,-15.0000
8.3080,-15.0000,-15.0000
8.3120,-15.0001,-15.0000
8.3160,-15.0001,-15.0000
8.3200,-15.0001,-15.0001
8.3240,-15.0001,-15.0000
8.3280,-15.0000,-15.0000
8.3320,-15.0001,-15.0000
8.3360,-15.0001,-15.0001
8.3400,-15.0001,-15.0001
8.3440,-15.0000,-15.0001
8.3480,-15.0000,-15.0001
8.3520,-15.0001,-15.0001
8.3560,-15.0001,-15.0000
8.3600,-15.0000,-15.0000
8.3640,-15.0000,-15.0000
8.3680,-15.0000,-15.0000
8.3720,-15.0001,-15.0001
8.3760,-15.0001,-15.0001
8.3800,-15.0001,-15.0001
8.3840,-15.0000,-15.0001
8.3880,-15.0001,-15.0001
8.3920,-15.0000,-15.0001
8.3960,-15.0001,-15.0001
8.4000,-15.0001,-15.0001
8.4040,-15.0001,-15.0000
8.4080,-15.0000,-15.0000
8.4120,-15.0001,-15.0000
8.4160,-15.0000,-15.0000
8.4200,-15.0001,-15.0000
8.4240,-14.9999,-15.0000
8.4280,-15.0000,-15.0000
8.4320,-15.0001,-15.0000
8.4360,-15.0001,-15.0000
8.4400,-15.0001,-15.0000
8.4440,-15.0001,-15.0000
8.4480,-15.0001,-15.0000
8.4520,-15.0001,-15.0001
8.4560,-15.0000,-15.0001
8.4600,-15.0001,-15.0001
8.4640,-15.0001,-15.0001
8.4680,-15.0001,-15.0000
8.4720,-15.0000,-15.0000
8.4760,-15.0000,-15.0000
8.4800,-15.0000,-15.0000
8.4840,-15.0001,-15.0000
8.4880,-15.0001,-15.0000
8.4920,-15.0001,-15.0000
8.4960,-15.0000,-15.0001
8.5000,-15.0001,-15.0001
8.5040,-15.0000,-15.0001
8.5080,-15.0001,-15.0001
8.5120,-15.0000,-15.0000
8.5160,-15.0000,-15.0000
8.5200,-15.0000,-15.0000
8.5240,-15.0001,-15.0000
8.5280,-15.0000,-15.0000
8.5320,-15.0001,-15.0001
8.5360,-15.0000,-15.0001
8.5400,-15.0000,-15.0001
8.5440,-15.0001,-15.0001
8.5480,-15.0001,-15.0001
8.5520,-15.0001,-15.0000
8.5560,-15.0001,-15.0000
8.5600,-15.0000,-15.0000
8.5640,-15.0001,-15.0000
8.5680,-15.0000,-15.0001
8.5720,-15.0000,-15.0001
8.5760,-15.0001,-15.0001
8.5800,-15.0001,-15.0001
8.5840,-15.0000,-15.0001
8.5880,-15.0001,-15.0001
8.5920,-15.0001,-15.0001
8.5960,-15.0001,-15.0000
8.6000,-15.0000,-15.0000
8.6040,-15.0000,-15.0001
8.6080,-15.0000,-15.0001
8.6120,-15.0001,-15.0001
8.6160,-15.0001,-15.0001
8.6200,-15.0001,-15.0001
8.6240,-15.0000,-15.0001
8.6280,-15.0000,-15.0001
8.6320,-15.0000,-15.0001
8.6360,-15.0001,-15.0001
8.6400,-15.0000,-15.0000
8.6440,-15.0001,-15.0000
8.6480,-15.0001,-15.0000
8.6520,-15.0001,-15.0000
8.6560,-15.0001,-15.0001
8.6600,-15.0001,-15.0001
8.6640,-15.0000,-15.0001
8.6680,-15.0000,-15.0001
8.6720,-15.0001,-15.0001
8.6760,-15.0001,-15.0001
8.6800,-15.0000,-15.0001
8.6840,-15.0001,-15.0001
8.6880,-15.0000,-15.0001
8.6920,-15.0000,-15.0001
8.6960,-15.0000,-15.0001
8.7000,-15.0001,-15.0000
8.7040,-15.0000,-15.0000
8.7080,-15.0001,-15.0000
8.7120,-15.0001,-15.0000
8.7160,-15.0001,-15.0000
8.7200,-15.0000,-15.0000
8.7240,-15.0001,-15.0000
8.7280,-15.0000,-15.0000
8.7320,-15.0000,-15.0000
8.7360,-15.0000,-15.0000
8.7400,-15.0001,-15.0000
8.7440,-15.0001,-15.0000
8.7480,-15.0001,-15.0000
8.7520,-14.9999,-15.0000
8.7560,-15.0000,-15.0000
8.7600,-15.0001,-15.0000
8.7640,-15.0001,-15.0000
8.7680,-15.0001,-15.0000
8.7720,-15.0001,-15.0001
8.7760,-15.0001,-15.0001
8.7800,-15.0000,-15.0001
8.7840,-15.0000,-15.0001
8.7880,-15.0001,-15.0001
8.7920,-15.0000,-15.0001
8.7960,-15.0000,-15.0001
8.8000,-15.0000,-15.0000
8.8040,-15.0000,-15.0000
8.8080,-15.0000,-15.0000
8.8120,-15.0001,-15.0000
8.8160,-15.0001,-15.0000
8.8200,-15.0001,-15.0001
8.8240,-15.0001,-15.0000
8.8280,-15.0001,-15.0000
8.8320,-14.9999,-15.0000
8.8360,-15.0000,-15.0000
8.8400,-15.0001,-15.0000
8.8440,-15.0001,-15.0000
8.8480,-15.0000,-15.0000
8.8520,-15.0001,-15.0001
8.8560,-15.0000,-15.0000
8.8600,-15.0001,-15.0000
8.8640,-15.0000,-15.0001
8.8680,-15.0000,-15.0001
8.8720,-15.0001,-15.0001
8.8760,-15.0001,-15.0000
8.8800,-15.0001,-15.0000
8.8840,-15.0001,-15.0000
8.8880,-15.0000,-15.0000
8.8920,-15.0000,-15.0000
8.8960,-15.0000,-15.0000
8.9000,-15.0000,-15.0000
8.9040,-15.0000,-15.0000
8.9080,-15.0001,-15.0000
8.9120,-14.9999,-15.0000
8.9160,-15.0000,-15.0000
8.9200,-15.0001,-15.0000
8.9240,-15.0001,-15.0000
8.9280,-14.9999,-15.0001
8.9320,-15.0000,-15.0001
8.9360,-15.0001,-15.0000
8.9400,-15.0001,-15.0000
8.9440,-15.0001,-15.0000
8.9480,-15.0001,-15.0000
8.9520,-15.0001,-15.0000
8.9560,-15.0001,-15.0000
8.9600,-15.0000,-15.0000
8.9640,-15.0000,-15.0000
8.9680,-15.0000,-15.0000
8.9720,-15.0000,-15.0000
8.9760,-15.0000,-15.0001
8.9800,-15.0001,-15.0000
8.9840,-15.0000,-15.0000
8.9880,-15.0000,-15.0000
8.9920,-15.0000,-15.0000
8.9960,-15.0001,-15.0000
9.0000,-15.0000,-15.0000
9.0040,-15.0001,-15.0000
9.0080,-15.0000,-15.0000
9.0120,-15.0000,-15.0000
9.0160,-15.0000,-15.0000
9.0200,-15.0001,-15.0000
9.0240,-15.0001,-15.0000
9.0280,-15.0001,-15.0000
9.0320,-15.0001,-15.0000
9.0360,-15.0001,-15.0000
9.0400,-15.0000,-15.0000
9.0440,-15.0000,-15.0000
9.0480,-15.0000,-15.0000
9.0520,-15.0001,-15.0000
9.0560,-15.0000,-15.0000
9.0600,-15.0001,-15.0000
9.0640,-15.0001,-15.0000
9.0680,-15.0001,-15.0000
9.0720,-15.0000,-15.0000
9.0760,-15.0000,-15.0000
9.0800,-15.0000,-15.0000
9.0840,-15.0001,-15.0000
9.0880,-15.0000,-15.0000
9.0920,-15.0001,-15.0000
9.0960,-15.0001,-15.0000
9.1000,-15.0000,-15.0000
9.1040,-15.0000,-15.0000
9.1080,-15.0001,-15.0000
9.1120,-15.0000,-15.0000
9.1160,-15.0000,-15.0001
9.1200,-15.0000,-15.0000
9.1240,-15.0001,-15.0000
9.1280,-15.0000,-15.0000
9.1320,-15.0001,-15.0000
9.1360,-15.0000,-15.0000
9.1400,-15.0001,-15.0000
9.1440,-15.0000,-15.0000
9.1480,-15.0000,-15.0000
9.1520,-15.0001,-15.0000
9.1560,-15.0001,-15.0001
9.1600,-15.0000,-15.0000
9.1640,-15.0001,-15.0000
9.1680,-15.0000,-15.0000
9.1720,-15.0000,-15.0000
9.1760,-15.0000,-15.0000
9.1800,-15.0001,-15.0000
9.1840,-15.0000,-15.0001
9.1880,-15.0001,-15.0001
9.1920,-15.0000,-15.0001
9.1960,-15.0000,-15.0001
9.2000,-15.0001,-15.0000
9.2040,-15.0001,-15.0000
9.2080,-15.0001,-15.0000
9.2120,-15.0001,-15.0000
9.2160,-15.0000,-15.0000
9.2200,-15.0000,-15.0000
9.2240,-15.0000,-15.0000
9.2280,-15.0000,-15.0000
9.2320,-15.0000,-15.0000
9.2360,-15.0001,-15.0000
9.2400,-15.0001,-15.0000
9.2440,-15.0001,-15.0000
9.2480,-15.0000,-15.0000
9.2520,-15.0000,-15.0000
9.2560,-15.0000,-15.0001
9.2600,-15.0000,-15.0000
9.2640,-15.0000,-15.0000
9.2680,-15.0001,-15.0000
9.2720,-15.0001,-15.0000
9.2760,-15.0000,-15.0000
9.2800,-15.0000,-15.0000
9.2840,-15.0000,-15.0000
9.2880,-15.0000,-15.0000
9.2920,-15.0001,-15.0000
9.2960,-15.0000,-15.0000
9.3000,-15.0001,-15.0001
9.3040,-15.0001,-15.0001
9.3080,-15.0001,-15.0000
9.3120,-15.0000,-15.0000
9.3160,-15.0000,-15.0000
9.3200,-15.0000,-15.0000
9.3240,-15.0001,-15.0000
9.3280,-15.0000,-15.0000
9.3320,-15.0001,-15.0000
9.3360,-14.9999,-15.0000
9.3400,-15.0000,-15.0000
9.3440,-15.0001,-15.0000
9.3480,-15.0001,-15.0000
9.3520,-15.0000,-15.0000
9.3560,-15.0000,-15.0000
9.3600,-15.0000,-15.0000
9.3640,-15.0001,-15.0000
9.3680,-15.0001,-15.0000
9.3720,-15.0001,-15.0000
9.3760,-15.0001,-15.0000
9.3800,-15.0001,-15.0000
9.3840,-15.0000,-15.0000
9.3880,-15.0000,-15.0000
9.3920,-15.0000,-15.0000
9.3960,-15.0001,-15.0000
9.4000,-15.0000,-15.0000
9.4040,-15.0001,-15.0000
9.4080,-15.0000,-15.0000
9.4120,-15.0000,-15.0000
9.4160,-15.0001,-15.0000
9.4200,-15.0001,-15.0000
9.4240,-15.0001,-15.0000
9.4280,-15.0001,-15.0000
9.4320,-15.0000,-15.0000
9.4360,-15.0000,-15.0000
9.4400,-15.0001,-15.0000
9.4440,-15.0000,-15.0000
9.4480,-15.0000,-15.0000
9.4520,-15.0001,-15.0000
9.4560,-15.0000,-15.0000
9.4600,-15.0001,-15.0000
9.4640,-15.0000,-15.0000
9.4680,-15.0000,-15.0000
9.4720,-15.0000,-15.0000
9.4760,-15.0001,-15.0000
9.4800,-15.0000,-15.0000
9.4840,-15.0001,-15.0000
9.4880,-15.0001,-15.0000
9.4920,-15.0001,-15.0000
9.4960,-15.0000,-15.0000
9.5000,-15.0001,-15.0000
9.5040,-15.0000,-15.0000
9.5080,-15.0000,-15.0000
9.5120,-15.0000,-15.0000
9.5160,-15.0000,-15.0000
9.5200,-15.0000,-15.0000
9.5240,-15.0001,-15.0000
9.5280,-15.0000,-15.0000
9.5320,-15.0000,-15.0000
9.5360,-15.0000,-15.0000
9.5400,-15.0001,-15.0000
9.5440,-15.0000,-15.0000
9.5480,-15.0001,-15.0000
9.5520,-15.0000,-15.0000
9.5560,-15.0000,-15.0000
9.5600,-15.0001,-15.0000
9.5640,-15.0001,-15.0000
9.5680,-15.0000,-15.0000
9.5720,-15.0000,-15.0000
9.5760,-15.0000,-15.0000
9.5800,-15.0001,-15.0000
9.5840,-15.0000,-15.0000
9.5880,-15.0001,-15.0000
9.5920,-15.0000,-15.0001
9.5960,-15.0000,-15.0000
9.6000,-15.0000,-15.0000
9.6040,-15.0000,-15.0000
9.6080,-15.0000,-15.0000
9.6120,-15.0000,-15.0000
9.6160,-15.0000,-15.0000
9.6200,-15.0001,-15.0000
9.6240,-15.0000,-15.0000
9.6280,-15.0001,-15.0000
9.6320,-14.9999,-15.0000
9.6360,-15.0000,-15.0000
9.6400,-15.0001,-15.0000
9.6440,-15.0001,-15.0000
9.6480,-15.0001,-15.0000
9.6520,-15.0001,-15.0000
9.6560,-15.0000,-15.0000
9.6600,-15.0001,-15.0000
9.6640,-15.0000,-15.0000
9.6680,-15.0000,-15.0000
9.6720,-15.0000,-15.0000
9.6760,-15.0000,-15.0000
9.6800,-15.0000,-15.0000
9.6840,-15.0001,-15.0000
9.6880,-15.0000,-15.0000
9.6920,-15.0001,-15.0000
9.6960,-15.0000,-15.0000
9.7000,-15.0001,-15.0000
9.7040,-15.0000,-15.0000
9.7080,-15.0001,-15.0000
9.7120,-15.0000,-15.0000
9.7160,-15.0001,-15.0000
9.7200,-15.0000,-15.0000
9.7240,-15.0000,-15.0000
9.7280,-15.0000,-15.0000
9.7320,-15.0001,-15.0000
9.7360,-15.0000,-15.0000
9.7400,-15.0001,-15.0000
9.7440,-15.0000,-15.0000
9.7480,-15.0001,-15.0000
9.7520,-15.0000,-15.0000
9.7560,-15.0000,-15.0000
9.7600,-15.0000,-15.0000
9.7640,-15.0001,-15.0000
9.7680,-15.0000,-15.0000
9.7720,-15.0000,-15.0000
9.7760,-15.0001,-15.0000
9.7800,-15.0001,-15.0000
9.7840,-15.0000,-15.0000
9.7880,-15.0000,-15.0000
9.7920,-15.0000,-15.0000
9.7960,-15.0000,-15.0000
9.8000,-15.0001,-15.0000
9.8040,-15.0001,-15.0000
9.8080,-15.0000,-15.0000
9.8120,-15.0001,-15.0000
9.8160,-15.0000,-15.0000
9.8200,-15.0001,-15.0000
9.8240,-15.0000,-15.0000
9.8280,-15.0000,-15.0000
9.8320,-15.0000,-15.0000
9.8360,-15.0000,-15.0000
9.8400,-15.0000,-15.0000
9.8440,-15.0001,-15.0000
9.8480,-15.0001,-15.0000
9.8520,-15.0000,-15.0000
9.8560,-14.9999,-15.0000
9.8600,-15.0000,-15.0000
9.8640,-15.0001,-15.0000
9.8680,-15.0001,-15.0000
9.8720,-15.0000,-15.0000
9.8760,-15.0000,-15.0000
9.8800,-15.0001,-15.0000
9.8840,-15.0001,-15.0000
9.8880,-15.0001,-15.0000
9.8920,-15.0001,-15.0000
9.8960,-15.0000,-15.0000
9.9000,-15.0000,-15.0000
9.9040,-15.0000,-15.0000
9.9080,-15.0000,-15.0000
9.9120,-15.0001,-15.0000
9.9160,-15.0000,-15.0000
9.9200,-15.0001,-15.0000
9.9240,-15.0001,-15.0000
9.9280,-15.0000,-15.0000
9.9320,-15.0000,-15.0000
9.9360,-15.0000,-15.0000
9.9400,-15.0000,-15.0000
9.9440,-15.0000,-15.0000
9.9480,-15.0000,-15.0000
9.9520,-15.0000,-15.0000
9.9560,-15.0000,-15.0000
9.9600,-15.0000,-15.0000
9.9640,-15.0001,-15.0000
9.9680,-15.0000,-15.0000
9.9720,-15.0001,-15.0000
9.9760,-15.0000,-15.0000
9.9800,-15.0000,-15.0000
9.9840,-15.0000,-15.0000
9.9880,-15.0001,-15.0000
9.9920,-15.0000,-15.0000
9.9960,-15.0000,-15.0000
10.0000,-15.0001,-15.0000
10.0040,-15.0001,-15.0000
10.0080,-14.9999,-15.0000
10.0120,-15.0000,-15.0000
10.0160,-15.0001,-15.0000
10.0200,-15.0001,-15.0000
10.0240,-15.0001,-15.0000
10.0280,-15.0001,-15.0000
10.0320,-15.0000,-15.0000
10.0360,-15.0001,-15.0000
10.0400,-15.0000,-15.0000
10.0440,-15.0000,-15.0000
10.0480,-15.0000,-15.0000
10.0520,-15.0000,-15.0000
10.0560,-15.0000,-15.0000
10.0600,-15.0001,-15.0000
10.0640,-15.0000,-15.0000
10.0680,-15.0001,-15.0000
10.0720,-15.0000,-15.0000
10.0760,-15.0000,-15.0000
10.0800,-15.0001,-15.0000
10.0840,-15.0001,-15.0000
10.0880,-15.0000,-15.0000
10.0920,-15.0000,-15.0000
10.0960,-15.0000,-15.0000
10.1000,-15.0001,-15.0000
10.1040,-15.0001,-15.0000
10.1080,-15.0001,-15.0000
10.1120,-15.0000,-15.0000
10.1160,-15.0000,-15.0000
10.1200,-15.0001,-15.0000
10.1240,-15.0001,-15.0000
10.1280,-14.9999,-15.0000
10.1320,-15.0000,-15.0000
10.1360,-15.0001,-15.0000
10.1400,-15.0001,-15.0000
10.1440,-15.0000,-15.0000
10.1480,-15.0001,-15.0000
10.1520,-15.0000,-15.0000
10.1560,-15.0000,-15.0000
10.1600,-15.0000,-15.0000
10.1640,-15.0000,-15.0000
10.1680,-15.0000,-15.0000
10.1720,-15.0000,-15.0000
10.1760,-15.0000,-15.0000
10.1800,-15.0001,-15.0000
10.1840,-15.0000,-15.0000
10.1880,-15.0000,-15.0000
10.1920,-15.0000,-15.0000
10.1960,-15.0001,-15.0000
10.2000,-15.0000,-15.0000
10.2040,-15.0000,-15.0000
10.2080,-15.0001,-15.0000
10.2120,-15.0001,-15.0000
10.2160,-15.0000,-15.0000
10.2200,-15.0000,-15.0000
10.2240,-15.0000,-15.0000
10.2280,-15.0000,-15.0000
10.2320,-15.0000,-15.0000
10.2360,-15.0001,-15.0000
10.2400,-15.0000,-15.0000
10.2440,-15.0000,-15.0000
10.2480,-15.0000,-15.0000
10.2520,-15.0001,-15.0000
10.2560,-15.0000,-15.0000
10.2600,-15.0000,-15.0000
10.2640,-15.0001,-15.0000
10.2680,-15.0001,-15.0000
10.2720,-15.0001,-15.0000
10.2760,-15.0001,-15.0000
10.2800,-15.0000,-15.0000
10.2840,-15.0001,-15.0000
10.2880,-15.0000,-15.0000
10.2920,-15.0000,-15.0000
10.2960,-15.0001,-15.0000
10.3000,-15.0000,-15.0000
10.3040,-15.0000,-15.0000
10.3080,-15.0001,-15.0000
10.3120,-15.0001,-15.0000
10.3160,-15.0001,-15.0000
10.3200,-15.0000,-15.0000
10.3240,-15.0001,-15.0000
10.3280,-15.0000,-15.0000
10.3320,-15.0000,-15.0000
10.3360,-15.0000,-15.0000
10.3400,-15.0000,-15.0000
10.3440,-15.0001,-15.0000
10.3480,-15.0001,-15.0000
10.3520,-15.0000,-15.0000
10.3560,-15.0000,-15.0000
10.3600,-15.0000,-15.0000
10.3640,-15.0000,-15.0000
10.3680,-15.0000,-15.0000
10.3720,-15.0001,-15.0000
10.3760,-15.0001,-15.0000
10.3800,-15.0001,-15.0000
10.3840,-15.0000,-15.0000
10.3880,-15.0000,-15.0000
10.3920,-15.0000,-15.0000
10.3960,-15.0001,-15.0000
10.4000,-15.0000,-15.0000
10.4040,-15.0001,-15.0000
10.4080,-15.0000,-15.0000
10.4120,-15.0000,-15.0000
10.4160,-15.0000,-15.0000
10.4200,-15.0000,-15.0000
10.4240,-15.0000,-15.0000
10.4280,-15.0001,-15.0000
10.4320,-15.0000,-15.0000
10.4360,-15.0001,-15.0000
10.4400,-15.0000,-15.0000
10.4440,-15.0000,-15.0000
10.4480,-15.0000,-15.0000
10.4520,-15.0000,-15.0000
10.4560,-15.0001,-15.0000
10.4600,-15.0000,-15.0000
10.4640,-15.0001,-15.0000
10.4680,-15.0001,-15.0000
10.4720,-15.0000,-15.0000
10.4760,-15.0000,-15.0000
10.4800,-15.0000,-15.0000
10.4840,-15.0000,-15.0000
10.4880,-15.0000,-15.0000
10.4920,-15.0001,-15.0000
10.4960,-15.0001,-15.0000
10.5000,-15.0000,-15.0000
10.5040,-15.0000,-15.0000
10.5080,-15.0000,-15.0000
10.5120,-15.0000,-15.0000
10.5160,-15.0001,-15.0000
10.5200,-15.0000,-15.0000
10.5240,-15.0001,-15.0000
10.5280,-15.0000,-15.0000
10.5320,-15.0000,-15.0000
10.5360,-15.0000,-15.0000
10.5400,-15.0000,-15.0000
10.5440,-15.0000,-15.0000
10.5480,-15.0000,-15.0000
10.5520,-15.0000,-15.0000
10.5560,-15.0000,-15.0000
10.5600,-15.0001,-15.0000
10.5640,-15.0001,-15.0000
10.5680,-15.0001,-15.0000
10.5720,-15.0001,-15.0000
10.5760,-15.0000,-15.0000
10.5800,-15.0000,-15.0000
10.5840,-15.0000,-15.0000
10.5880,-15.0000,-15.0000
10.5920,-15.0000,-15.0000
10.5960,-15.0000,-15.0000
10.6000,-15.0001,-15.0000
10.6040,-15.0000,-15.0000
10.6080,-15.0000,-15.0000
10.6120,-15.0000,-15.0000
10.6160,-15.0000,-15.0000
10.6200,-15.0000,-15.0000
10.6240,-15.0001,-15.0000
10.6280,-15.0001,-15.0000
10.6320,-15.0001,-15.0000
10.6360,-15.0000,-15.0000
10.6400,-15.0000,-15.0000
10.6440,-15.0000,-15.0000
10.6480,-15.0000,-15.0000
10.6520,-15.0000,-15.0000
10.6560,-15.0000,-15.0000
10.6600,-15.0000,-15.0000
10.6640,-15.0000,-15.0000
10.6680,-15.0000,-15.0000
10.6720,-15.0001,-15.0000
10.6760,-15.0000,-15.0000
10.6800,-15.0000,-15.0000
10.6840,-15.0000,-15.0000
10.6880,-15.0000,-15.0000
10.6920,-15.0000,-15.0000
10.6960,-15.0000,-15.0000
10.7000,-15.0000,-15.0000
10.7040,-15.0000,-15.0000
10.7080,-15.0000,-15.0000
10.7120,-15.0001,-15.0000
10.7160,-15.0000,-15.0000
10.7200,-15.0000,-15.0000
10.7240,-15.0000,-15.0000
10.7280,-15.0000,-15.0000
10.7320,-15.0000,-15.0000
10.7360,-15.0000,-15.0000
10.7400,-15.0000,-15.0000
10.7440,-15.0000,-15.0000
10.7480,-15.0000,-15.0000
10.7520,-15.0001,-15.0000
10.7560,-15.0000,-15.0000
10.7600,-15.0000,-15.0000
10.7640,-15.0000,-15.0000
10.7680,-15.0000,-15.0000
10.7720,-15.0000,-15.0000
10.7760,-15.0001,-15.0000
10.7800,-15.0000,-15.0000
10.7840,-15.0001,-15.0000
10.7880,-15.0001,-15.0000
10.7920,-15.0000,-15.0000
10.7960,-15.0000,-15.0000
10.8000,-15.0000,-15.0000
10.8040,-15.0000,-15.0000
10.8080,-15.0000,-15.0000
10.8120,-15.0000,-15.0000
10.8160,-15.0001,-15.0000
10.8200,-15.0000,-15.0000
10.8240,-15.0001,-15.0000
10.8280,-15.0000,-15.0000
10.8320,-15.0000,-15.0000
10.8360,-15.0000,-15.0000
10.8400,-15.0001,-15.0000
10.8440,-15.0000,-15.0000
10.8480,-15.0000,-15.0000
10.8520,-15.0000,-15.0000
10.8560,-15.0001,-15.0000
10.8600,-15.0000,-15.0000
10.8640,-15.0000,-15.0000
10.8680,-15.0000,-15.0000
10.8720,-15.0001,-15.0000
10.8760,-15.0000,-15.0000
10.8800,-15.0001,-15.0000
10.8840,-15.0000,-15.0000
10.8880,-15.0000,-15.0000
10.8920,-15.0000,-15.0000
10.8960,-15.0000,-15.0000
10.9000,-15.0000,-15.0000
10.9040,-15.0001,-15.0000
10.9080,-15.0000,-15.0000
10.9120,-15.0000,-15.0000
10.9160,-15.0000,-15.0000
10.9200,-15.0000,-15.0000
10.9240,-15.0000,-15.0000
10.9280,-15.0001,-15.0000
10.9320,-15.0001,-15.0000
10.9360,-15.0001,-15.0000
10.9400,-15.0000,-15.0000
10.9440,-15.0000,-15.0000
10.9480,-14.9999,-15.0000
10.9520,-15.0000,-15.0000
10.9560,-15.0000,-15.0000
10.9600,-15.0000,-15.0000
10.9640,-15.0000,-15.0000
10.9680,-15.0001,-15.0000
10.9720,-15.0000,-15.0000
10.9760,-15.0001,-15.0000
10.9800,-15.0000,-15.0000
10.9840,-15.0001,-15.0000
10.9880,-15.0001,-15.0000
10.9920,-15.0000,-15.0000
10.9960,-15.0000,-15.0000
11.0000,-15.0000,-15.0000
11.0040,-15.0000,-15.0000
11.0080,-15.0001,-15.0000
11.0120,-15.0000,-15.0000
11.0160,-15.0001,-15.0000
11.0200,-15.0000,-15.0000
11.0240,-15.0000,-15.0000
11.0280,-15.0000,-15.0000
11.0320,-15.0001,-15.0000
11.0360,-15.0000,-15.0000
11.0400,-15.0001,-15.0000
11.0440,-15.0000,-15.0000
11.0480,-15.0000,-15.0000
11.0520,-15.0000,-15.0000
11.0560,-15.0000,-15.0000
11.0600,-15.0000,-15.0000
11.0640,-15.0000,-15.0000
11.0680,-15.0000,-15.0000
11.0720,-15.0001,-15.0000
11.0760,-15.0000,-15.0000
11.0800,-15.0000,-15.0000
11.0840,-15.0000,-15.0000
11.0880,-15.0001,-15.0000
11.0920,-15.0000,-15.0000
11.0960,-15.0001,-15.0000
11.1000,-15.0000,-15.0000
11.1040,-15.0001,-15.0000
11.1080,-15.0000,-15.0000
11.1120,-15.0000,-15.0000
11.1160,-15.0000,-15.0000
11.1200,-15.0001,-15.0000
11.1240,-15.0000,-15.0000
11.1280,-15.0001,-15.0000
11.1320,-15.0000,-15.0000
11.1360,-15.0001,-15.0000
11.1400,-15.0000,-15.0000
11.1440,-14.9999,-15.0000
11.1480,-14.9999,-15.0000
11.1520,-15.0001,-15.0000
11.1560,-15.0000,-15.0000
11.1600,-15.0001,-15.0000
11.1640,-15.0000,-15.0000
11.1680,-15.0001,-15.0000
11.1720,-15.0000,-15.0000
11.1760,-15.0001,-15.0000
11.1800,-15.0000,-15.0000
11.1840,-15.0001,-15.0000
11.1880,-15.0000,-15.0000
11.1920,-15.0001,-15.0000
11.1960,-15.0000,-15.0000
11.2000,-15.0000,-15.0000
11.2040,-15.0000,-15.0000
11.2080,-15.0001,-15.0000
11.2120,-15.0000,-15.0000
11.2160,-15.0001,-15.0000
11.2200,-15.0000,-15.0000
11.2240,-15.0001,-15.0000
11.2280,-15.0000,-15.0000
11.2320,-15.0000,-15.0000
11.2360,-15.0000,-15.0000
11.2400,-15.0000,-15.0000
11.2440,-15.0000,-15.0000
11.2480,-15.0001,-15.0000
11.2520,-15.0000,-15.0000
11.2560,-15.0000,-15.0000
11.2600,-15.0000,-15.0000
11.2640,-15.0000,-15.0000
11.2680,-15.0000,-15.0000
11.2720,-15.0000,-15.0000
11.2760,-15.0000,-15.0000
11.2800,-15.0001,-15.0000
11.2840,-15.0000,-15.0000
11.2880,-15.0000,-15.0000
11.2920,-15.0000,-15.0000
11.2960,-15.0001,-15.0000
11.3000,-14.9999,-15.0000
11.3040,-15.0000,-15.0000
11.3080,-15.0000,-15.0000
11.3120,-15.0000,-15.0000
11.3160,-14.9999,-15.0000
11.3200,-15.0001,-15.0000
11.3240,-15.0000,-15.0000
11.3280,-15.0001,-15.0000
11.3320,-15.0000,-15.0000
11.3360,-15.0000,-15.0000
11.3400,-15.0000,-15.0000
11.3440,-15.0001,-15.0000
11.3480,-15.0000,-15.0000
11.3520,-15.0001,-15.0000
11.3560,-15.0000,-15.0000
11.3600,-15.0001,-15.0000
11.3640,-15.0000,-15.0000
11.3680,-15.0000,-15.0000
11.3720,-15.0000,-15.0000
11.3760,-15.0001,-15.0000
11.3800,-15.0000,-15.0000
11.3840,-15.0001,-15.0000
11.3880,-15.0000,-15.0000
11.3920,-15.0000,-15.0000
11.3960,-15.0000,-15.0000
11.4000,-15.0001,-15.0000
11.4040,-15.0000,-15.0000
11.4080,-15.0001,-15.0000
11.4120,-15.0000,-15.0000
11.4160,-15.0000,-15.0000
11.4200,-15.0000,-15.0000
11.4240,-15.0001,-15.0000
11.4280,-15.0000,-15.0000
11.4320,-15.0001,-15.0000
11.4360,-15.0000,-15.0000
11.4400,-15.0001,-15.0000
11.4440,-15.0000,-15.0000
11.4480,-15.0001,-15.0000
11.4520,-15.0000,-15.0000
11.4560,-15.0001,-15.0000
11.4600,-15.0000,-15.0000
11.4640,-15.0001,-15.0000
11.4680,-15.0000,-15.0000
11.4720,-15.0000,-15.0000
11.4760,-15.0000,-15.0000
11.4800,-15.0001,-15.0000
11.4840,-15.0000,-15.0000
11.4880,-15.0000,-15.0000
11.4920,-15.0000,-15.0000
11.4960,-15.0000,-15.0000
11.5000,-14.9999,-15.0000
11.5040,-15.0001,-15.0000
11.5080,-15.0000,-15.0000
11.5120,-15.0001,-15.0000
11.5160,-15.0000,-15.0000
11.5200,-15.0001,-15.0000
11.5240,-15.0000,-15.0000
11.5280,-15.0000,-15.0000
11.5320,-15.0000,-15.0000
11.5360,-15.0001,-15.0000
11.5400,-15.0000,-15.0000
11.5440,-15.0000,-15.0000
11.5480,-14.9999,-15.0000
11.5520,-15.0000,-15.0000
11.5560,-15.0000,-15.0000
11.5600,-15.0000,-15.0000
11.5640,-15.0000,-15.0000
11.5680,-15.0001,-15.0000
11.5720,-15.0000,-15.0000
11.5760,-15.0001,-15.0000
11.5800,-15.0000,-15.0000
11.5840,-15.0000,-15.0000
11.5880,-15.0000,-15.0000
11.5920,-15.0001,-15.0000
11.5960,-15.0000,-15.0000
11.6000,-15.0001,-15.0000
11.6040,-15.0000,-15.0000
11.6080,-15.0001,-15.0000
11.6120,-15.0000,-15.0000
11.6160,-15.0000,-15.0000
11.6200,-15.0000,-15.0000
11.6240,-15.0001,-15.0000
11.6280,-15.0000,-15.0000
11.6320,-15.0001,-15.0000
11.6360,-15.0000,-15.0000
11.6400,-15.0000,-15.0000
11.6440,-15.0000,-15.0000
11.6480,-15.0001,-15.0000
11.6520,-15.0000,-15.0000
11.6560,-15.0000,-15.0000
11.6600,-15.0000,-15.0000
11.6640,-15.0001,-15.0000
11.6680,-15.0000,-15.0000
11.6720,-15.0001,-15.0000
11.6760,-14.9999,-15.0000
11.6800,-15.0001,-15.0000
11.6840,-15.0000,-15.0000
11.6880,-15.0000,-15.0000
11.6920,-15.0000,-15.0000
11.6960,-15.0001,-15.0000
11.7000,-15.0000,-15.0000
11.7040,-15.0000,-15.0000
11.7080,-15.0000,-15.0000
11.7120,-15.0001,-15.0000
11.7160,-15.0000,-15.0000
11.7200,-15.0001,-15.0000
11.7240,-15.0000,-15.0000
11.7280,-15.0000,-15.0000
11.7320,-14.9999,-15.0000
11.7360,-15.0001,-15.0000
11.7400,-15.0000,-15.0000
11.7440,-15.0001,-15.0000
11.7480,-15.0000,-15.0000
11.7520,-15.0001,-15.0000
11.7560,-15.0000,-15.0000
11.7600,-15.0001,-15.0000
11.7640,-15.0000,-15.0000
11.7680,-15.0001,-15.0000
11.7720,-15.0000,-15.0000
11.7760,-15.0001,-15.0000
11.7800,-15.0000,-15.0000
11.7840,-15.0000,-15.0000
11.7880,-15.0000,-15.0000
11.7920,-15.0000,-15.0000
11.7960,-14.9999,-15.0000
11.8000,-15.0001,-15.0000
11.8040,-15.0000,-15.0000
11.8080,-15.0000,-15.0000
11.8120,-14.9999,-15.0000
11.8160,-15.0001,-15.0000
11.8200,-15.0000,-15.0000
11.8240,-15.0001,-15.0000
11.8280,-15.0000,-15.0000
11.8320,-15.0000,-15.0000
11.8360,-14.9999,-15.0000
11.8400,-15.0001,-15.0000
11.8440,-15.0000,-15.0000
11.8480,-15.0001,-15.0000
11.8520,-14.9999,-15.0000
11.8560,-15.0001,-15.0000
11.8600,-15.0000,-15.0000
11.8640,-15.0001,-15.0000
11.8680,-15.0000,-15.0000
11.8720,-15.0001,-15.0000
11.8760,-15.0000,-15.0000
11.8800,-15.0001,-15.0000
11.8840,-15.0000,-15.0000
11.8880,-15.0001,-15.0000
11.8920,-15.0000,-15.0000
11.8960,-15.0000,-15.0000
11.9000,-15.0000,-15.0000
11.9040,-15.0000,-15.0000
11.9080,-15.0000,-15.0000
11.9120,-15.0001,-15.0000
11.9160,-15.0000,-15.0000
11.9200,-15.0001,-15.0000
11.9240,-15.0000,-15.0000
11.9280,-15.0001,-15.0000
11.9320,-15.0000,-15.0000
11.9360,-15.0001,-15.0000
11.9400,-15.0000,-15.0000
11.9440,-15.0000,-15.0000
11.9480,-15.0000,-15.0000
11.9520,-15.0001,-15.0000
11.9560,-15.0000,-15.0000
11.9600,-15.0000,-15.0000
11.9640,-15.0000,-15.0000
11.9680,-15.0001,-15.0000
11.9720,-15.0000,-15.0000
11.9760,-15.0001,-15.0000
11.9800,-14.9999,-15.0000
11.9840,-15.0001,-15.0000
11.9880,-15.0000,-15.0000
11.9920,-15.0001,-15.0000
11.9960,-15.0000,-15.0000
12.0000,-15.0001,-15.0000
12.0040,-15.0000,-15.0000
12.0080,-15.0000,-15.0000
12.0120,-14.9999,-15.0000
12.0160,-15.0000,-15.0000
12.0200,-15.0000,-15.0000
12.0240,-15.0001,-15.0000
12.0280,-15.0000,-15.0000
12.0320,-15.0000,-15.0000
12.0360,-15.0000,-15.0000
12.0400,-15.0000,-15.0000
12.0440,-15.0000,-15.0000
12.0480,-15.0001,-15.0000
12.0520,-15.0000,-15.0000
12.0560,-15.0001,-15.0000
12.0600,-15.0000,-15.0000
12.0640,-15.0001,-15.0000
12.0680,-14.9999,-15.0000
12.0720,-15.0000,-15.0000
12.0760,-15.0000,-15.0000
12.0800,-15.0001,-15.0000
12.0840,-15.0000,-15.0000
12.0880,-15.0001,-15.0000
12.0920,-15.0000,-15.0000
12.0960,-15.0000,-15.0000
12.1000,-15.0000,-15.0000
12.1040,-15.0001,-15.0000
12.1080,-15.0000,-15.0000
12.1120,-15.0001,-15.0000
12.1160,-15.0000,-15.0000
12.1200,-15.0000,-15.0000
12.1240,-14.9999,-15.0000
12.1280,-15.0001,-15.0000
12.1320,-15.0000,-15.0000
12.1360,-15.0001,-15.0000
12.1400,-15.0000,-15.0000
12.1440,-15.0001,-15.0000
12.1480,-15.0000,-15.0000
12.1520,-15.0001,-15.0000
12.1560,-15.0000,-15.0000
12.1600,-15.0000,-15.0000
12.1640,-14.9999,-15.0000
12.1680,-15.0000,-15.0000
12.1720,-15.0000,-15.0000
12.1760,-15.0001,-15.0000
12.1800,-15.0000,-15.0000
12.1840,-15.0000,-15.0000
12.1880,-15.0000,-15.0000
12.1920,-15.0001,-15.0000
12.1960,-15.0000,-15.0000
12.2000,-15.0000,-15.0000
12.2040,-14.9999,-15.0000
12.2080,-15.0001,-15.0000
12.2120,-15.0000,-15.0000
12.2160,-15.0001,-15.0000
12.2200,-15.0000,-15.0000
12.2240,-15.0001,-15.0000
12.2280,-15.0000,-15.0000
12.2320,-15.0001,-15.0000
12.2360,-14.9999,-15.0000
12.2400,-15.0000,-15.0000
12.2440,-15.0000,-15.0000
12.2480,-15.0001,-15.0000
12.2520,-15.0000,-15.0000
12.2560,-15.0001,-15.0000
12.2600,-15.0000,-15.0000
12.2640,-15.0000,-15.0000
12.2680,-14.9999,-15.0000
12.2720,-15.0001,-15.0000
12.2760,-15.0000,-15.0000
12.2800,-15.0000,-15.0000
12.2840,-15.0000,-15.0000
12.2880,-15.0000,-15.0000
12.2920,-14.9999,-15.0000
12.2960,-15.0001,-15.0000
12.3000,-15.0000,-15.0000
12.3040,-15.0000,-15.0000
12.3080,-14.9999,-15.0000
12.3120,-15.0001,-15.0000
12.3160,-15.0001,-15.0000
12.3200,-15.0001,-15.0000
12.3240,-15.0000,-15.0000
12.3280,-15.0001,-15.0000
12.3320,-15.0000,-15.0000
12.3360,-15.0001,-15.0000
12.3400,-15.0000,-15.0000
12.3440,-15.0001,-15.0000
12.3480,-15.0000,-15.0000
12.3520,-15.0000,-15.0000
12.3560,-14.9999,-15.0000
12.3600,-15.0001,-15.0000
12.3640,-15.0000,-15.0000
12.3680,-15.0001,-15.0000
12.3720,-15.0000,-15.0000
12.3760,-15.0001,-15.0000
12.3800,-14.9999,-15.0000
12.3840,-15.0000,-15.0000
12.3880,-15.0000,-15.0000
12.3920,-15.0001,-15.0000
12.3960,-15.0000,-15.0000
12.4000,-15.0001,-15.0000
12.4040,-15.0000,-15.0000
12.4080,-15.0000,-15.0000
12.4120,-15.0000,-15.0000
12.4160,-15.0000,-15.0000
12.4200,-14.9999,-15.0000
12.4240,-15.0001,-15.0000
12.4280,-15.0000,-15.0000
12.4320,-15.0001,-15.0000
12.4360,-15.0000,-15.0000
12.4400,-15.0001,-15.0000
12.4440,-15.0000,-15.0000
12.4480,-15.0000,-15.0000
12.4520,-14.9999,-15.0000
12.4560,-15.0000,-15.0000
12.4600,-15.0000,-15.0000
12.4640,-15.0001,-15.0000
12.4680,-15.0000,-15.0000
12.4720,-15.0001,-15.0000
12.4760,-14.9999,-15.0000
12.4800,-15.0000,-15.0000
12.4840,-15.0000,-15.0000
12.4880,-15.0001,-15.0000
12.4920,-15.0000,-15.0000
12.4960,-15.0001,-15.0000
12.5000,-14.9999,-15.0000
12.5040,-15.0000,-15.0000
12.5080,-15.0000,-15.0000
12.5120,-15.0001,-15.0000
12.5160,-15.0000,-15.0000
12.5200,-15.0001,-15.0000
12.5240,-15.0000,-15.0000
12.5280,-15.0001,-15.0000
12.5320,-15.0000,-15.0000
12.5360,-15.0001,-15.0000
12.5400,-14.9999,-15.0000
12.5440,-15.0000,-15.0000
12.5480,-15.0000,-15.0000
12.5520,-15.0001,-15.0000
12.5560,-15.0000,-15.0000
12.5600,-15.0001,-15.0000
12.5640,-15.0000,-15.0000
12.5680,-15.0001,-15.0000
12.5720,-15.0000,-15.0000
12.5760,-15.0001,-15.0000
12.5800,-15.0000,-15.0000
12.5840,-15.0000,-15.0000
12.5880,-15.0000,-15.0000
12.5920,-15.0001,-15.0000
12.5960,-15.0004,-15.0000
12.6000,-15.0019,-15.0000
12.6040,-15.0031,-15.0000
12.6080,-15.0045,-15.0000
12.6120,-15.0058,-15.0000
12.6160,-15.0072,-15.0000
12.6200,-15.0084,-15.0000
12.6240,-15.0098,-15.0000
12.6280,-15.0111,-15.0000
12.6320,-15.0125,-15.0000
12.6360,-15.0137,-15.0000
12.6400,-15.0151,-15.0000
12.6440,-15.0163,-15.0000
12.6480,-15.0179,-15.0000
12.6520,-15.0191,-15.0000
12.6560,-15.0205,-15.0000
12.6600,-15.0218,-15.0000
12.6640,-15.0232,-15.0000
12.6680,-15.0244,-15.0000
12.6720,-15.0258,-15.0000
12.6760,-15.0271,-15.0000
12.6800,-15.0285,-15.0000
12.6840,-15.0298,-15.0000
12.6880,-15.0312,-15.0000
12.6920,-15.0324,-15.0000
12.6960,-15.0339,-15.0000
12.7000,-15.0351,-15.0000
12.7040,-15.0364,-15.0000
12.7080,-15.0376,-15.0000
12.7120,-15.0392,-15.0000
12.7160,-15.0404,-15.0000
12.7200,-15.0418,-15.0000
12.7240,-15.0431,-15.0000
12.7280,-15.0445,-15.0000
12.7320,-15.0457,-15.0000
12.7360,-15.0472,-15.0001
12.7400,-15.0484,-15.0002
12.7440,-15.0498,-15.0009
12.7480,-15.0511,-15.0017
12.7520,-15.0525,-15.0043
12.7560,-15.0537,-15.0070
12.7600,-15.0547,-15.0139
12.7640,-15.0548,-15.0208
12.7680,-15.0549,-15.0278
12.7720,-15.0541,-15.0347
12.7760,-15.0551,-15.0455
12.7800,-15.0576,-15.0567
12.7840,-15.0602,-15.0700
12.7880,-15.0626,-15.0836
12.7920,-15.0646,-15.0982
12.7960,-15.0651,-15.1130
12.8000,-15.0667,-15.1342
12.8040,-15.0670,-15.1575
12.8080,-15.0664,-15.1774
12.8120,-15.0651,-15.1954
12.8160,-15.0643,-15.2135
12.8200,-15.0640,-15.2315
12.8240,-15.0642,-15.2514
12.8280,-15.0660,-15.2726
12.8320,-15.0696,-15.2953
12.8360,-15.0747,-15.3196
12.8400,-15.0817,-15.3442
12.8440,-15.0898,-15.3694
12.8480,-15.0991,-15.3945
12.8520,-15.1059,-15.4196
12.8560,-15.1097,-15.4452
12.8600,-15.1214,-15.4722
12.8640,-15.1343,-15.4992
12.8680,-15.1488,-15.5263
12.8720,-15.1641,-15.5534
12.8760,-15.1797,-15.5817
12.8800,-15.1980,-15.6100
12.8840,-15.2102,-15.6378
12.8880,-15.2170,-15.6655
12.8920,-15.2365,-15.6927
12.8960,-15.2578,-15.7198
12.9000,-15.2807,-15.7432
12.9040,-15.3049,-15.7665
12.9080,-15.3213,-15.7899
12.9120,-15.3298,-15.8132
12.9160,-15.3569,-15.8322
12.9200,-15.3869,-15.8505
12.9240,-15.4170,-15.8659
12.9280,-15.4482,-15.8808
12.9320,-15.4809,-15.8938
12.9360,-15.5144,-15.9063
12.9400,-15.5361,-15.9178
12.9440,-15.5477,-15.9288
12.9480,-15.5795,-15.9399
12.9520,-15.6098,-15.9510
12.9560,-15.6393,-15.9621
12.9600,-15.6682,-15.9732
12.9640,-15.6953,-15.9809
12.9680,-15.7215,-15.9865
12.9720,-15.7383,-15.9907
12.9760,-15.7454,-15.9940
12.9800,-15.7702,-15.9964
12.9840,-15.7927,-15.9980
12.9880,-15.8142,-15.9990
12.9920,-15.8340,-15.9994
12.9960,-15.8527,-15.9998
13.0000,-15.8653,-16.0001
13.0040,-15.8708,-16.0005
13.0080,-15.8874,-16.0010
13.0120,-15.9025,-16.0019
13.0160,-15.9166,-16.0037
13.0200,-15.9297,-16.0060
13.0240,-15.9415,-16.0100
13.0280,-15.9519,-16.0145
13.0320,-15.9586,-16.0210
13.0360,-15.9612,-16.0275
13.0400,-15.9698,-16.0391
13.0440,-15.9769,-16.0506
13.0480,-15.9831,-16.0622
13.0520,-15.9881,-16.0737
13.0560,-15.9926,-16.0878
13.0600,-15.9963,-16.1021
13.0640,-15.9986,-16.1174
13.0680,-15.9995,-16.1327
13.0720,-16.0029,-16.1487
13.0760,-16.0066,-16.1649
13.0800,-16.0109,-16.1817
13.0840,-16.0156,-16.1988
13.0880,-16.0190,-16.2181
13.0920,-16.0210,-16.2381
13.0960,-16.0278,-16.2580
13.1000,-16.0360,-16.2780
13.1040,-16.0455,-16.3096
13.1080,-16.0562,-16.3467
13.1120,-16.0679,-16.3765
13.1160,-16.0802,-16.4025
13.1200,-16.0896,-16.4292
13.1240,-16.0940,-16.4564
13.1280,-16.1087,-16.4835
13.1320,-16.1242,-16.5105
13.1360,-16.1410,-16.5375
13.1400,-16.1592,-16.5644
13.1440,-16.1785,-16.5918
13.1480,-16.1987,-16.6198
13.1520,-16.2198,-16.6472
13.1560,-16.2345,-16.6739
13.1600,-16.2426,-16.7005
13.1640,-16.2655,-16.7271
13.1680,-16.2892,-16.7525
13.1720,-16.3134,-16.7747
13.1760,-16.3381,-16.7969
13.1800,-16.3557,-16.8191
13.1840,-16.3648,-16.8402
13.1880,-16.3920,-16.8568
13.1920,-16.4209,-16.8730
13.1960,-16.4506,-16.8868
13.2000,-16.4825,-16.9002
13.2040,-16.5145,-16.9119
13.2080,-16.5467,-16.9235
13.2120,-16.5679,-16.9336
13.2160,-16.5779,-16.9437
13.2200,-16.6096,-16.9520
13.2240,-16.6396,-16.9603
13.2280,-16.6678,-16.9686
13.2320,-16.6948,-16.9769
13.2360,-16.7208,-16.9830
13.2400,-16.7467,-16.9885
13.2440,-16.7625,-16.9930
13.2480,-16.7702,-16.9972
13.2520,-16.7926,-16.9990
13.2560,-16.8138,-17.0000
13.2600,-16.8337,-17.0005
13.2640,-16.8522,-17.0009
13.2680,-16.8641,-17.0010
13.2720,-16.8696,-17.0010
13.2760,-16.8853,-17.0010
13.2800,-16.9011,-17.0010
13.2840,-16.9151,-17.0010
13.2880,-16.9280,-17.0011
13.2920,-16.9396,-17.0011
13.2960,-16.9504,-17.0011
13.3000,-16.9603,-17.0011
13.3040,-16.9690,-17.0011
13.3080,-16.9765,-17.0011
13.3120,-16.9832,-17.0011
13.3160,-16.9887,-17.0011
13.3200,-16.9934,-17.0011
13.3240,-16.9969,-17.0011
13.3280,-16.9996,-17.0011
13.3320,-17.0009,-17.0011
13.3360,-17.0010,-17.0011
13.3400,-17.0010,-17.0011
13.3440,-17.0010,-17.0012
13.3480,-17.0009,-17.0012
13.3520,-17.0010,-17.0012
13.3560,-17.0009,-17.0012
13.3600,-17.0010,-17.0012
13.3640,-17.0008,-17.0012
13.3680,-17.0010,-17.0012
13.3720,-17.0010,-17.0012
13.3760,-17.0011,-17.0012
13.3800,-17.0010,-17.0012
13.3840,-17.0010,-17.0012
13.3880,-17.0009,-17.0012
13.3920,-17.0010,-17.0012
13.3960,-17.0009,-17.0012
13.4000,-17.0010,-17.0012
13.4040,-17.0010,-17.0012
13.4080,-17.0010,-17.0012
13.4120,-17.0010,-17.0012
13.4160,-17.0010,-17.0012
13.4200,-17.0009,-17.0012
13.4240,-17.0010,-17.0012
13.4280,-17.0009,-17.0012
13.4320,-17.0010,-17.0012
13.4360,-17.0009,-17.0012
13.4400,-17.0010,-17.0012
13.4440,-17.0009,-17.0012
13.4480,-17.0010,-17.0012
13.4520,-17.0009,-17.0012
13.4560,-17.0010,-17.0012
13.4600,-17.0010,-17.0012
13.4640,-17.0010,-17.0012
13.4680,-17.0009,-17.0012
13.4720,-17.0010,-17.0012
13.4760,-17.0009,-17.0012
13.4800,-17.0010,-17.0012
13.4840,-17.0009,-17.0012
13.4880,-17.0011,-17.0012
13.4920,-17.0010,-17.0012
13.4960,-17.0010,-17.0012
13.5000,-17.0009,-17.0012
13.5040,-17.0010,-17.0012
13.5080,-17.0009,-17.0012
13.5120,-17.0010,-17.0012
13.5160,-17.0009,-17.0012
13.5200,-17.0010,-17.0012
13.5240,-17.0010,-17.0012
13.5280,-17.0010,-17.0012
13.5320,-17.0009,-17.0012
13.5360,-17.0010,-17.0012
13.5400,-17.0009,-17.0012
13.5440,-17.0010,-17.0012
13.5480,-17.0010,-17.0012
13.5520,-17.0010,-17.0012
13.5560,-17.0009,-17.0012
13.5600,-17.0010,-17.0012
13.5640,-17.0009,-17.0012
13.5680,-17.0010,-17.0012
13.5720,-17.0009,-17.0012
13.5760,-17.0010,-17.0012
13.5800,-17.0009,-17.0012
13.5840,-17.0010,-17.0012
13.5880,-17.0009,-17.0012
13.5920,-17.0010,-17.0012
13.5960,-17.0009,-17.0012
13.6000,-17.0010,-17.0012
13.6040,-17.0009,-17.0012
13.6080,-17.0010,-17.0012
13.6120,-17.0009,-17.0012
13.6160,-17.0010,-17.0012
13.6200,-17.0009,-17.0012
13.6240,-17.0010,-17.0012
13.6280,-17.0009,-17.0012
13.6320,-17.0010,-17.0012
13.6360,-17.0010,-17.0012
13.6400,-17.0010,-17.0012
13.6440,-17.0009,-17.0012
13.6480,-17.0010,-17.0012
13.6520,-17.0009,-17.0012
13.6560,-17.0011,-17.0012
13.6600,-17.0010,-17.0012
13.6640,-17.0010,-17.0012
13.6680,-17.0009,-17.0012
13.6720,-17.0010,-17.0012
13.6760,-17.0009,-17.0012
13.6800,-17.0010,-17.0012
13.6840,-17.0009,-17.0012
13.6880,-17.0011,-17.0012
13.6920,-17.0010,-17.0011
13.6960,-17.0010,-17.0011
13.7000,-17.0009,-17.0011
13.7040,-17.0010,-17.0012
13.7080,-17.0009,-17.0012
13.7120,-17.0010,-17.0012
13.7160,-17.0010,-17.0011
13.7200,-17.0010,-17.0011
13.7240,-17.0009,-17.0011
13.7280,-17.0010,-17.0011
13.7320,-17.0009,-17.0011
13.7360,-17.0010,-17.0011
13.7400,-17.0009,-17.0011
13.7440,-17.0010,-17.0011
13.7480,-17.0010,-17.0011
13.7520,-17.0010,-17.0011
13.7560,-17.0009,-17.0011
13.7600,-17.0010,-17.0011
13.7640,-17.0009,-17.0011
13.7680,-17.0010,-17.0011
13.7720,-17.0009,-17.0011
13.7760,-17.0011,-17.0011
13.7800,-17.0010,-17.0011
13.7840,-17.0009,-17.0011
13.7880,-17.0008,-17.0011
13.7920,-17.0011,-17.0011
13.7960,-17.0009,-17.0011
13.8000,-17.0010,-17.0011
13.8040,-17.0009,-17.0011
13.8080,-17.0010,-17.0011
13.8120,-17.0010,-17.0011
13.8160,-17.0010,-17.0011
13.8200,-17.0010,-17.0011
13.8240,-17.0010,-17.0011
13.8280,-17.0009,-17.0011
13.8320,-17.0010,-17.0011
13.8360,-17.0009,-17.0011
13.8400,-17.0010,-17.0011
13.8440,-17.0009,-17.0011
13.8480,-17.0011,-17.0011
13.8520,-17.0009,-17.0011
13.8560,-17.0010,-17.0011
13.8600,-17.0009,-17.0011
13.8640,-17.0010,-17.0011
13.8680,-17.0009,-17.0011
13.8720,-17.0010,-17.0011
13.8760,-17.0009,-17.0011
13.8800,-17.0010,-17.0011
13.8840,-17.0009,-17.0011
13.8880,-17.0010,-17.0011
13.8920,-17.0010,-17.0011
13.8960,-17.0011,-17.0011
13.9000,-17.0009,-17.0011
13.9040,-17.0010,-17.0011
13.9080,-17.0009,-17.0011
13.9120,-17.0010,-17.0011
13.9160,-17.0009,-17.0011
13.9200,-17.0010,-17.0011
13.9240,-17.0009,-17.0011
13.9280,-17.0010,-17.0011
13.9320,-17.0008,-17.0011
13.9360,-17.0010,-17.0011
13.9400,-17.0010,-17.0011
13.9440,-17.0011,-17.0011
13.9480,-17.0010,-17.0011
13.9520,-17.0010,-17.0011
13.9560,-17.0009,-17.0011
13.9600,-17.0010,-17.0011
13.9640,-17.0009,-17.0011
13.9680,-17.0011,-17.0011
13.9720,-17.0010,-17.0011
13.9760,-17.0010,-17.0011
13.9800,-17.0009,-17.0011
13.9840,-17.0010,-17.0011
13.9880,-17.0010,-17.0011
13.9920,-17.0010,-17.0011
13.9960,-17.0008,-17.0011
14.0000,-17.0010,-17.0011
14.0040,-17.0009,-17.0011
14.0080,-17.0010,-17.0011
14.0120,-17.0010,-17.0011
14.0160,-17.0010,-17.0011
14.0200,-17.0009,-17.0011
14.0240,-17.0010,-17.0011
14.0280,-17.0009,-17.0011
14.0320,-17.0010,-17.0011
14.0360,-17.0009,-17.0011
14.0400,-17.0010,-17.0011
14.0440,-17.0009,-17.0011
14.0480,-17.0010,-17.0011
14.0520,-17.0009,-17.0011
14.0560,-17.0011,-17.0011
14.0600,-17.0009,-17.0011
14.0640,-17.0010,-17.0011
14.0680,-17.0009,-17.0011
14.0720,-17.0010,-17.0011
14.0760,-17.0009,-17.0011
14.0800,-17.0010,-17.0011
14.0840,-17.0009,-17.0011
14.0880,-17.0010,-17.0011
14.0920,-17.0009,-17.0011
14.0960,-17.0010,-17.0011
14.1000,-17.0008,-17.0011
14.1040,-17.0011,-17.0011
14.1080,-17.0009,-17.0011
14.1120,-17.0010,-17.0011
14.1160,-17.0009,-17.0011
14.1200,-17.0010,-17.0011
14.1240,-17.0009,-17.0011
14.1280,-17.0010,-17.0011
14.1320,-17.0009,-17.0010
14.1360,-17.0010,-17.0010
14.1400,-17.0009,-17.0010
14.1440,-17.0010,-17.0010
14.1480,-17.0013,-17.0010
14.1520,-17.0027,-17.0010
14.1560,-17.0039,-17.0010
14.1600,-17.0054,-17.0010
14.1640,-17.0066,-17.0010
14.1680,-17.0080,-17.0010
14.1720,-17.0092,-17.0010
14.1760,-17.0106,-17.0010
14.1800,-17.0119,-17.0010
14.1840,-17.0134,-17.0010
14.1880,-17.0146,-17.0010
14.1920,-17.0160,-17.0010
14.1960,-17.0172,-17.0010
14.2000,-17.0187,-17.0010
14.2040,-17.0199,-17.0010
14.2080,-17.0214,-17.0010
14.2120,-17.0226,-17.0010
14.2160,-17.0240,-17.0010
14.2200,-17.0252,-17.0010
14.2240,-17.0266,-17.0010
14.2280,-17.0279,-17.0010
14.2320,-17.0293,-17.0010
14.2360,-17.0304,-17.0010
14.2400,-17.0320,-17.0010
14.2440,-17.0333,-17.0010
14.2480,-17.0347,-17.0010
14.2520,-17.0359,-17.0010
14.2560,-17.0373,-17.0010
14.2600,-17.0382,-17.0010
14.2640,-17.0385,-17.0010
14.2680,-17.0388,-17.0010
14.2720,-17.0381,-17.0010
14.2760,-17.0364,-17.0010
14.2800,-17.0339,-17.0010
14.2840,-17.0307,-17.0010
14.2880,-17.0273,-17.0011
14.2920,-17.0235,-17.0013
14.2960,-17.0192,-17.0018
14.3000,-17.0150,-17.0027
14.3040,-17.0113,-17.0051
14.3080,-17.0078,-17.0080
14.3120,-17.0050,-17.0133
14.3160,-17.0028,-17.0191
14.3200,-17.0016,-17.0292
14.3240,-17.0012,-17.0393
14.3280,-17.0007,-17.0494
14.3320,-17.0002,-17.0596
14.3360,-17.0002,-17.0734
14.3400,-17.0003,-17.0872
14.3440,-17.0012,-17.1022
14.3480,-17.0020,-17.1173
14.3520,-17.0029,-17.1329
14.3560,-17.0030,-17.1486
14.3600,-17.0049,-17.1658
14.3640,-17.0081,-17.1831
14.3680,-17.0121,-17.2004
14.3720,-17.0167,-17.2177
14.3760,-17.0222,-17.2371
14.3800,-17.0288,-17.2568
14.3840,-17.0342,-17.2785
14.3880,-17.0360,-17.3008
14.3920,-17.0447,-17.3248
14.3960,-17.0542,-17.3496
14.4000,-17.0658,-17.3842
14.4040,-17.0782,-17.4242
14.4080,-17.0882,-17.4559
14.4120,-17.0914,-17.4827
14.4160,-17.1061,-17.5096
14.4200,-17.1251,-17.5364
14.4240,-17.1453,-17.5633
14.4280,-17.1663,-17.5902
14.4320,-17.1892,-17.6172
14.4360,-17.2121,-17.6443
14.4400,-17.2353,-17.6711
14.4440,-17.2586,-17.6969
14.4480,-17.2649,-17.7228
14.4520,-17.2910,-17.7494
14.4560,-17.3169,-17.7749
14.4600,-17.3427,-17.7952
14.4640,-17.3686,-17.8155
14.4680,-17.3945,-17.8358
14.4720,-17.4202,-17.8555
14.4760,-17.4399,-17.8707
14.4800,-17.4465,-17.8856
14.4840,-17.4732,-17.8982
14.4880,-17.5005,-17.9108
14.4920,-17.5278,-17.9219
14.4960,-17.5561,-17.9330
14.5000,-17.5777,-17.9423
14.5040,-17.5850,-17.9515
14.5080,-17.6135,-17.9608
14.5120,-17.6423,-17.9700
14.5160,-17.6712,-17.9768
14.5200,-17.7002,-17.9833
14.5240,-17.7280,-17.9878
14.5280,-17.7555,-17.9920
14.5320,-17.7755,-17.9945
14.5360,-17.7812,-17.9968
14.5400,-17.8062,-17.9981
14.5440,-17.8288,-17.9991
14.5480,-17.8492,-17.9995
14.5520,-17.8681,-17.9997
14.5560,-17.8815,-17.9998
14.5600,-17.8854,-18.0000
14.5640,-17.9011,-18.0001
14.5680,-17.9154,-18.0001
14.5720,-17.9281,-18.0001
14.5760,-17.9396,-18.0001
14.5800,-17.9504,-18.0001
14.5840,-17.9599,-18.0002
14.5880,-17.9681,-18.0002
14.5920,-17.9753,-18.0002
14.5960,-17.9814,-18.0002
14.6000,-17.9867,-18.0002
14.6040,-17.9908,-18.0002
14.6080,-17.9944,-18.0002
14.6120,-17.9965,-18.0002
14.6160,-17.9990,-18.0002
14.6200,-17.9999,-18.0003
14.6240,-18.0001,-18.0003
14.6280,-18.0000,-18.0003
14.6320,-18.0001,-18.0003
14.6360,-18.0000,-18.0003
14.6400,-18.0001,-18.0003
14.6440,-17.9999,-18.0003
14.6480,-18.0001,-18.0003
14.6520,-18.0000,-18.0003
14.6560,-18.0001,-18.0003
14.6600,-18.0000,-18.0003
14.6640,-18.0001,-18.0003
14.6680,-18.0000,-18.0003
14.6720,-18.0000,-18.0003
14.6760,-18.0000,-18.0004
14.6800,-18.0001,-18.0004
14.6840,-18.0000,-18.0004
14.6880,-18.0001,-18.0004
14.6920,-17.9999,-18.0004
14.6960,-18.0000,-18.0004
14.7000,-18.0000,-18.0004
14.7040,-18.0001,-18.0004
14.7080,-18.0000,-18.0004
14.7120,-17.9998,-18.0004
14.7160,-17.9983,-18.0004
14.7200,-17.9971,-18.0004
14.7240,-17.9957,-18.0004
14.7280,-17.9945,-18.0004
14.7320,-17.9931,-18.0004
14.7360,-17.9919,-18.0004
14.7400,-17.9903,-18.0004
14.7440,-17.9891,-18.0004
14.7480,-17.9877,-18.0004
14.7520,-17.9865,-18.0004
14.7560,-17.9851,-18.0004
14.7600,-17.9838,-18.0004
14.7640,-17.9824,-18.0004
14.7680,-17.9811,-18.0004
14.7720,-17.9797,-18.0004
14.7760,-17.9784,-18.0004
14.7800,-17.9770,-18.0004
14.7840,-17.9758,-18.0004
14.7880,-17.9744,-18.0004
14.7920,-17.9731,-18.0004
14.7960,-17.9717,-18.0004
14.8000,-17.9705,-18.0004
14.8040,-17.9690,-18.0004
14.8080,-17.9678,-18.0004
14.8120,-17.9663,-18.0004
14.8160,-17.9652,-18.0004
14.8200,-17.9637,-18.0004
14.8240,-17.9625,-18.0004
14.8280,-17.9610,-18.0004
14.8320,-17.9598,-18.0004
14.8360,-17.9583,-18.0004
14.8400,-17.9571,-18.0004
14.8440,-17.9557,-18.0004
14.8480,-17.9545,-18.0004
14.8520,-17.9530,-18.0003
14.8560,-17.9518,-18.0002
14.8600,-17.9503,-17.9999
14.8640,-17.9491,-17.9994
14.8680,-17.9477,-17.9970
14.8720,-17.9465,-17.9927
14.8760,-17.9451,-17.9883
14.8800,-17.9438,-17.9840
14.8840,-17.9423,-17.9778
14.8880,-17.9411,-17.9680
14.8920,-17.9397,-17.9576
14.8960,-17.9388,-17.9455
14.9000,-17.9385,-17.9330
14.9040,-17.9384,-17.9185
14.9080,-17.9394,-17.9039
14.9120,-17.9416,-17.8890
14.9160,-17.9444,-17.8741
14.9200,-17.9473,-17.8573
14.9240,-17.9479,-17.8404
14.9280,-17.9507,-17.8236
14.9320,-17.9520,-17.8068
14.9360,-17.9523,-17.7876
14.9400,-17.9510,-17.7684
14.9440,-17.9489,-17.7472
14.9480,-17.9453,-17.7260
14.9520,-17.9422,-17.7026
14.9560,-17.9409,-17.6791
14.9600,-17.9349,-17.6536
14.9640,-17.9270,-17.6278
14.9680,-17.9175,-17.6013
14.9720,-17.9067,-17.5746
14.9760,-17.8951,-17.5479
14.9800,-17.8808,-17.5213
14.9840,-17.8698,-17.4941
14.9880,-17.8662,-17.4666
14.9920,-17.8501,-17.4390
14.9960,-17.8326,-17.4111
15.0000,-17.8128,-17.3751
15.0040,-17.7918,-17.3339
15.0080,-17.7753,-17.3015
15.0120,-17.7702,-17.2763
15.0160,-17.7464,-17.2511
15.0200,-17.7192,-17.2258
15.0240,-17.6908,-17.2029
15.0280,-17.6602,-17.1827
15.0320,-17.6289,-17.1641
15.0360,-17.5971,-17.1477
15.0400,-17.5631,-17.1323
15.0440,-17.5360,-17.1185
15.0480,-17.5288,-17.1053
15.0520,-17.4963,-17.0933
15.0560,-17.4656,-17.0819
15.0600,-17.4347,-17.0721
15.0640,-17.4059,-17.0623
15.0680,-17.3785,-17.0524
15.0720,-17.3513,-17.0429
15.0760,-17.3302,-17.0349
15.0800,-17.3251,-17.0274
15.0840,-17.3012,-17.0220
15.0880,-17.2761,-17.0167
15.0920,-17.2524,-17.0134
15.0960,-17.2303,-17.0102
15.1000,-17.2125,-17.0091
15.1040,-17.2086,-17.0080
15.1080,-17.1876,-17.0068
15.1120,-17.1677,-17.0057
15.1160,-17.1492,-17.0055
15.1200,-17.1310,-17.0053
15.1240,-17.1142,-17.0053
15.1280,-17.0986,-17.0052
15.1320,-17.0843,-17.0052
15.1360,-17.0709,-17.0052
15.1400,-17.0581,-17.0051
15.1440,-17.0469,-17.0051
15.1480,-17.0368,-17.0050
15.1520,-17.0282,-17.0050
15.1560,-17.0208,-17.0049
15.1600,-17.0148,-17.0049
15.1640,-17.0102,-17.0048
15.1680,-17.0103,-17.0048
15.1720,-17.0103,-17.0048
15.1760,-17.0104,-17.0047
15.1800,-17.0103,-17.0047
15.1840,-17.0104,-17.0047
15.1880,-17.0102,-17.0046
15.1920,-17.0104,-17.0046
15.1960,-17.0102,-17.0046
15.2000,-17.0104,-17.0045
15.2040,-17.0103,-17.0045
15.2080,-17.0104,-17.0045
15.2120,-17.0102,-17.0044
15.2160,-17.0104,-17.0044
15.2200,-17.0103,-17.0044
15.2240,-17.0104,-17.0043
15.2280,-17.0103,-17.0043
15.2320,-17.0104,-17.0043
15.2360,-17.0102,-17.0042
15.2400,-17.0104,-17.0042
15.2440,-17.0102,-17.0042
15.2480,-17.0103,-17.0041
15.2520,-17.0103,-17.0041
15.2560,-17.0104,-17.0041
15.2600,-17.0102,-17.0040
15.2640,-17.0104,-17.0040
15.2680,-17.0103,-17.0040
15.2720,-17.0104,-17.0040
15.2760,-17.0102,-17.0039
15.2800,-17.0103,-17.0039
15.2840,-17.0102,-17.0039
15.2880,-17.0104,-17.0038
15.2920,-17.0103,-17.0038
15.2960,-17.0104,-17.0038
15.3000,-17.0102,-17.0037
15.3040,-17.0104,-17.0037
15.3080,-17.0102,-17.0037
15.3120,-17.0103,-17.0036
15.3160,-17.0103,-17.0036
15.3200,-17.0104,-17.0036
15.3240,-17.0103,-17.0035
15.3280,-17.0104,-17.0035
15.3320,-17.0103,-17.0035
15.3360,-17.0104,-17.0035
15.3400,-17.0103,-17.0034
15.3440,-17.0104,-17.0034
15.3480,-17.0102,-17.0034
15.3520,-17.0103,-17.0034
15.3560,-17.0102,-17.0033
15.3600,-17.0104,-17.0033
15.3640,-17.0103,-17.0033
15.3680,-17.0104,-17.0033
15.3720,-17.0103,-17.0032
15.3760,-17.0104,-17.0032
15.3800,-17.0102,-17.0032
15.3840,-17.0104,-17.0032
15.3880,-17.0103,-17.0031
15.3920,-17.0104,-17.0031
15.3960,-17.0102,-17.0031
15.4000,-17.0104,-17.0031
15.4040,-17.0103,-17.0031
15.4080,-17.0104,-17.0030
15.4120,-17.0102,-17.0030
15.4160,-17.0104,-17.0030
15.4200,-17.0103,-17.0030
15.4240,-17.0104,-17.0029
15.4280,-17.0103,-17.0029
15.4320,-17.0104,-17.0029
15.4360,-17.0103,-17.0029
15.4400,-17.0104,-17.0029
15.4440,-17.0102,-17.0028
15.4480,-17.0103,-17.0028
15.4520,-17.0102,-17.0028
15.4560,-17.0104,-17.0028
15.4600,-17.0103,-17.0027
15.4640,-17.0104,-17.0027
15.4680,-17.0102,-17.0027
15.4720,-17.0104,-17.0027
15.4760,-17.0102,-17.0026
15.4800,-17.0104,-17.0026
15.4840,-17.0103,-17.0026
15.4880,-17.0104,-17.0026
15.4920,-17.0102,-17.0026
15.4960,-17.0103,-17.0025
15.5000,-17.0103,-17.0025
15.5040,-17.0104,-17.0025
15.5080,-17.0103,-17.0025
15.5120,-17.0104,-17.0025
15.5160,-17.0102,-17.0024
15.5200,-17.0104,-17.0024
15.5240,-17.0102,-17.0024
15.5280,-17.0103,-17.0024
15.5320,-17.0102,-17.0024
15.5360,-17.0104,-17.0024
15.5400,-17.0103,-17.0024
15.5440,-17.0104,-17.0023
15.5480,-17.0102,-17.0023
15.5520,-17.0104,-17.0023
15.5560,-17.0102,-17.0023
15.5600,-17.0103,-17.0023
15.5640,-17.0102,-17.0022
15.5680,-17.0104,-17.0022
15.5720,-17.0103,-17.0022
15.5760,-17.0104,-17.0022
15.5800,-17.0103,-17.0022
15.5840,-17.0104,-17.0022
15.5880,-17.0102,-17.0021
15.5920,-17.0103,-17.0021
15.5960,-17.0102,-17.0021
15.6000,-17.0104,-17.0021
15.6040,-17.0102,-17.0021
15.6080,-17.0104,-17.0021
15.6120,-17.0103,-17.0020
15.6160,-17.0104,-17.0020
15.6200,-17.0102,-17.0020
15.6240,-17.0104,-17.0020
15.6280,-17.0103,-17.0020
15.6320,-17.0104,-17.0019
15.6360,-17.0103,-17.0019
15.6400,-17.0104,-17.0019
15.6440,-17.0102,-17.0019
15.6480,-17.0104,-17.0019
15.6520,-17.0101,-17.0019
15.6560,-17.0105,-17.0019
15.6600,-17.0103,-17.0018
15.6640,-17.0104,-17.0018
15.6680,-17.0102,-17.0018
15.6720,-17.0104,-17.0018
15.6760,-17.0103,-17.0018
15.6800,-17.0104,-17.0018
15.6840,-17.0103,-17.0018
15.6880,-17.0104,-17.0017
15.6920,-17.0102,-17.0017
15.6960,-17.0104,-17.0017
15.7000,-17.0103,-17.0017
15.7040,-17.0104,-17.0017
15.7080,-17.0103,-17.0017
15.7120,-17.0104,-17.0017
15.7160,-17.0101,-17.0016
15.7200,-17.0104,-17.0016
15.7240,-17.0102,-17.0016
15.7280,-17.0103,-17.0016
15.7320,-17.0101,-17.0016
15.7360,-17.0105,-17.0016
15.7400,-17.0103,-17.0015
15.7440,-17.0104,-17.0015
15.7480,-17.0103,-17.0015
15.7520,-17.0104,-17.0015
15.7560,-17.0102,-17.0015
15.7600,-17.0103,-17.0015
15.7640,-17.0103,-17.0015
15.7680,-17.0104,-17.0015
15.7720,-17.0103,-17.0015
15.7760,-17.0104,-17.0014
15.7800,-17.0102,-17.0014
15.7840,-17.0103,-17.0014
15.7880,-17.0102,-17.0014
15.7920,-17.0104,-17.0014
15.7960,-17.0103,-17.0014
15.8000,-17.0104,-17.0014
15.8040,-17.0102,-17.0014
15.8080,-17.0104,-17.0014
15.8120,-17.0102,-17.0013
15.8160,-17.0103,-17.0013
15.8200,-17.0103,-17.0013
15.8240,-17.0104,-17.0013
15.8280,-17.0103,-17.0013
15.8320,-17.0104,-17.0013
15.8360,-17.0102,-17.0013
15.8400,-17.0104,-17.0013
15.8440,-17.0103,-17.0013
15.8480,-17.0104,-17.0013
15.8520,-17.0102,-17.0012
15.8560,-17.0104,-17.0012
15.8600,-17.0102,-17.0012
15.8640,-17.0104,-17.0012
15.8680,-17.0103,-17.0012
15.8720,-17.0104,-17.0012
15.8760,-17.0102,-17.0012
15.8800,-17.0103,-17.0012
15.8840,-17.0103,-17.0012
15.8880,-17.0104,-17.0011
15.8920,-17.0102,-17.0011
15.8960,-17.0104,-17.0011
15.9000,-17.0102,-17.0011
15.9040,-17.0104,-17.0011
15.9080,-17.0103,-17.0011
15.9120,-17.0104,-17.0011
15.9160,-17.0102,-17.0011
15.9200,-17.0103,-17.0011
15.9240,-17.0102,-17.0011
15.9280,-17.0104,-17.0011
15.9320,-17.0102,-17.0010
15.9360,-17.0104,-17.0010
15.9400,-17.0103,-17.0010
15.9440,-17.0104,-17.0010
15.9480,-17.0102,-17.0010
15.9520,-17.0103,-17.0010
15.9560,-17.0102,-17.0010
15.9600,-17.0104,-17.0010
15.9640,-17.0103,-17.0010
15.9680,-17.0104,-17.0010
15.9720,-17.0103,-17.0010
15.9760,-17.0104,-17.0010
15.9800,-17.0101,-17.0010
15.9840,-17.0104,-17.0009
15.9880,-17.0103,-17.0009
15.9920,-17.0104,-17.0009
15.9960,-17.0102,-17.0009
16.0000,-17.0104,-17.0009
16.0040,-17.0103,-17.0009
16.0080,-17.0104,-17.0009
16.0120,-17.0103,-17.0009
16.0160,-17.0104,-17.0009
16.0200,-17.0102,-17.0009
16.0240,-17.0103,-17.0009
16.0280,-17.0102,-17.0009
16.0320,-17.0104,-17.0008
16.0360,-17.0103,-17.0008
16.0400,-17.0104,-17.0008
16.0440,-17.0103,-17.0008
16.0480,-17.0104,-17.0008
16.0520,-17.0103,-17.0008
16.0560,-17.0104,-17.0008
16.0600,-17.0102,-17.0008
16.0640,-17.0103,-17.0008
16.0680,-17.0102,-17.0008
16.0720,-17.0104,-17.0008
16.0760,-17.0102,-17.0008
16.0800,-17.0104,-17.0008
16.0840,-17.0102,-17.0008
16.0880,-17.0103,-17.0008
16.0920,-17.0102,-17.0007
16.0960,-17.0104,-17.0007
16.1000,-17.0103,-17.0007
16.1040,-17.0104,-17.0007
16.1080,-17.0102,-17.0007
16.1120,-17.0104,-17.0007
16.1160,-17.0102,-17.0007
16.1200,-17.0103,-17.0007
16.1240,-17.0101,-17.0007
16.1280,-17.0104,-17.0007
16.1320,-17.0102,-17.0007
16.1360,-17.0103,-17.0007
16.1400,-17.0102,-17.0007
16.1440,-17.0103,-17.0007
16.1480,-17.0101,-17.0007
16.1520,-17.0102,-17.0007
16.1560,-17.0101,-17.0007
16.1600,-17.0102,-17.0006
16.1640,-17.0101,-17.0006
16.1680,-17.0102,-17.0006
16.1720,-17.0100,-17.0006
16.1760,-17.0102,-17.0006
16.1800,-17.0100,-17.0006
16.1840,-17.0102,-17.0006
16.1880,-17.0100,-17.0006
16.1920,-17.0101,-17.0006
16.1960,-17.0100,-17.0006
16.2000,-17.0101,-17.0006
16.2040,-17.0099,-17.0006
16.2080,-17.0100,-17.0006
16.2120,-17.0099,-17.0006
16.2160,-17.0101,-17.0006
16.2200,-17.0099,-17.0006
16.2240,-17.0100,-17.0005
16.2280,-17.0099,-17.0005
16.2320,-17.0100,-17.0005
16.2360,-17.0098,-17.0005
16.2400,-17.0099,-17.0005
16.2440,-17.0098,-17.0005
16.2480,-17.0099,-17.0005
16.2520,-17.0096,-17.0005
16.2560,-17.0094,-17.0005
16.2600,-17.0087,-17.0005
16.2640,-17.0082,-17.0005
16.2680,-17.0072,-17.0005
16.2720,-17.0064,-17.0005
16.2760,-17.0054,-17.0005
16.2800,-17.0046,-17.0005
16.2840,-17.0036,-17.0005
16.2880,-17.0029,-17.0005
16.2920,-17.0020,-17.0005
16.2960,-17.0015,-17.0005
16.3000,-17.0008,-17.0004
16.3040,-17.0009,-17.0004
16.3080,-17.0005,-17.0004
16.3120,-17.0004,-17.0004
16.3160,-17.0003,-17.0004
16.3200,-17.0004,-17.0004
16.3240,-17.0002,-17.0004
16.3280,-17.0003,-17.0004
16.3320,-17.0002,-17.0004
16.3360,-17.0004,-17.0004
16.3400,-17.0003,-17.0004
16.3440,-17.0004,-17.0004
16.3480,-17.0002,-17.0004
16.3520,-17.0004,-17.0004
16.3560,-17.0002,-17.0004
16.3600,-17.0004,-17.0004
16.3640,-17.0003,-17.0004
16.3680,-17.0004,-17.0004
16.3720,-17.0003,-17.0004
16.3760,-17.0005,-17.0004
16.3800,-17.0003,-17.0004
16.3840,-17.0005,-17.0004
16.3880,-17.0003,-17.0004
16.3920,-17.0004,-17.0004
16.3960,-17.0003,-17.0003
16.4000,-17.0005,-17.0003
16.4040,-17.0003,-17.0003
16.4080,-17.0005,-17.0003
16.4120,-17.0003,-17.0003
16.4160,-17.0004,-17.0003
16.4200,-17.0003,-17.0003
16.4240,-17.0005,-17.0003
16.4280,-17.0003,-17.0003
16.4320,-17.0005,-17.0003
16.4360,-17.0003,-17.0003
16.4400,-17.0004,-17.0003
16.4440,-17.0003,-17.0003
16.4480,-17.0005,-17.0003
16.4520,-17.0003,-17.0003
16.4560,-17.0005,-17.0003
16.4600,-17.0002,-17.0003
16.4640,-17.0004,-17.0003
16.4680,-17.0003,-17.0003
16.4720,-17.0005,-17.0003
16.4760,-17.0003,-17.0003
16.4800,-17.0004,-17.0003
16.4840,-17.0002,-17.0003
16.4880,-17.0004,-17.0003
16.4920,-17.0002,-17.0003
16.4960,-17.0004,-17.0003
16.5000,-17.0001,-17.0003
16.5040,-17.0004,-17.0002
16.5080,-17.0002,-17.0002
16.5120,-17.0004,-17.0002
16.5160,-17.0002,-17.0002
16.5200,-17.0004,-17.0002
16.5240,-17.0002,-17.0002
16.5280,-17.0004,-17.0002
16.5320,-17.0001,-17.0002
16.5360,-17.0004,-17.0002
16.5400,-17.0002,-17.0002
16.5440,-17.0004,-17.0002
16.5480,-17.0002,-17.0002
16.5520,-17.0004,-17.0002
16.5560,-17.0002,-17.0002
16.5600,-17.0004,-17.0002
16.5640,-17.0002,-17.0002
16.5680,-17.0003,-17.0002
16.5720,-17.0001,-17.0002
16.5760,-17.0003,-17.0002
16.5800,-17.0001,-17.0002
16.5840,-17.0003,-17.0002
16.5880,-17.0002,-17.0002
16.5920,-17.0004,-17.0002
16.5960,-17.0002,-17.0002
16.6000,-17.0003,-17.0002
16.6040,-17.0001,-17.0002
16.6080,-17.0003,-17.0002
16.6120,-17.0001,-17.0002
16.6160,-17.0003,-17.0002
16.6200,-17.0002,-17.0002
16.6240,-17.0003,-17.0002
16.6280,-17.0001,-17.0002
16.6320,-17.0003,-17.0002
16.6360,-17.0001,-17.0002
16.6400,-17.0003,-17.0002
16.6440,-17.0002,-17.0002
16.6480,-17.0003,-17.0002
16.6520,-17.0001,-17.0002
16.6560,-17.0003,-17.0002
16.6600,-17.0001,-17.0001
16.6640,-17.0003,-17.0001
16.6680,-17.0001,-17.0001
16.6720,-17.0003,-17.0001
16.6760,-17.0001,-17.0001
16.6800,-17.0003,-17.0001
16.6840,-17.0000,-17.0001
16.6880,-17.0003,-17.0001
16.6920,-17.0001,-17.0001
16.6960,-17.0003,-17.0001
16.7000,-17.0001,-17.0001
16.7040,-17.0003,-17.0001
16.7080,-17.0001,-17.0001
16.7120,-17.0003,-17.0001
16.7160,-17.0000,-17.0001
16.7200,-17.0002,-17.0001
16.7240,-17.0001,-17.0001
16.7280,-17.0003,-17.0001
16.7320,-17.0001,-17.0001
16.7360,-17.0003,-17.0001
16.7400,-17.0000,-17.0001
16.7440,-17.0002,-17.0001
16.7480,-17.0001,-17.0001
16.7520,-17.0002,-17.0001
16.7560,-17.0000,-17.0001
16.7600,-17.0002,-17.0001
16.7640,-17.0000,-17.0001
16.7680,-17.0002,-17.0001
16.7720,-17.0000,-17.0001
16.7760,-17.0002,-17.0001
16.7800,-17.0000,-17.0001
16.7840,-17.0003,-17.0001
16.7880,-17.0001,-17.0001
16.7920,-17.0002,-17.0001
16.7960,-17.0000,-17.0001
16.8000,-17.0002,-17.0001
16.8040,-17.0000,-17.0001
16.8080,-17.0002,-17.0001
16.8120,-17.0000,-17.0001
16.8160,-17.0002,-17.0001
16.8200,-17.0000,-17.0001
16.8240,-17.0002,-17.0001
16.8280,-17.0000,-17.0001
16.8320,-17.0002,-17.0001
16.8360,-17.0000,-17.0001
16.8400,-17.0002,-17.0001
16.8440,-17.0000,-17.0001
16.8480,-17.0002,-17.0001
16.8520,-17.0000,-17.0001
16.8560,-17.0002,-17.0001
16.8600,-17.0000,-17.0001
16.8640,-17.0002,-17.0001
16.8680,-17.0000,-17.0001
16.8720,-17.0002,-17.0001
16.8760,-17.0000,-17.0001
16.8800,-17.0002,-17.0001
16.8840,-17.0000,-17.0000
16.8880,-17.0002,-17.0000
16.8920,-16.9999,-17.0000
16.8960,-17.0002,-17.0000
16.9000,-17.0000,-17.0000
16.9040,-17.0002,-17.0000
16.9080,-17.0000,-17.0000
16.9120,-17.0002,-17.0000
16.9160,-17.0000,-17.0000
16.9200,-17.0002,-17.0000
16.9240,-17.0000,-17.0000
16.9280,-17.0002,-17.0000
16.9320,-17.0000,-17.0000
16.9360,-17.0002,-17.0000
16.9400,-17.0001,-17.0000
16.9440,-17.0002,-17.0000
16.9480,-17.0000,-17.0000
16.9520,-17.0002,-17.0000
16.9560,-17.0000,-17.0000
16.9600,-17.0001,-17.0000
16.9640,-16.9999,-17.0000
16.9680,-17.0002,-17.0000
16.9720,-17.0000,-17.0000
16.9760,-17.0002,-17.0000
16.9800,-17.0000,-17.0000
16.9840,-17.0002,-17.0000
16.9880,-17.0000,-17.0000
16.9920,-17.0002,-17.0000
16.9960,-17.0000,-17.0000
17.0000,-17.0002,-17.0000
17.0040,-17.0000,-17.0000
17.0080,-17.0002,-17.0000
17.0120,-16.9999,-17.0000
17.0160,-17.0002,-17.0000
17.0200,-17.0000,-17.0000
17.0240,-17.0002,-17.0000
17.0280,-17.0000,-17.0000
17.0320,-17.0002,-17.0000
17.0360,-17.0000,-17.0000
17.0400,-17.0002,-17.0000
17.0440,-17.0000,-17.0000
17.0480,-17.0001,-17.0000
17.0520,-17.0000,-17.0000
17.0560,-17.0002,-17.0000
17.0600,-17.0000,-17.0000
17.0640,-17.0002,-17.0000
17.0680,-17.0000,-17.0000
17.0720,-17.0002,-17.0000
17.0760,-16.9999,-17.0000
17.0800,-17.0002,-17.0000
17.0840,-17.0000,-17.0000
17.0880,-17.0002,-17.0000
17.0920,-17.0000,-17.0000
17.0960,-17.0002,-17.0000
17.1000,-17.0000,-17.0000
17.1040,-17.0002,-17.0000
17.1080,-16.9999,-17.0000
17.1120,-17.0002,-17.0000
17.1160,-17.0000,-17.0000
17.1200,-17.0002,-17.0000
17.1240,-17.0000,-17.0000
17.1280,-17.0002,-17.0000
17.1320,-16.9999,-17.0000
17.1360,-17.0002,-17.0000
17.1400,-17.0000,-17.0000
17.1440,-17.0002,-17.0000
17.1480,-17.0000,-17.0000
17.1520,-17.0002,-17.0000
17.1560,-16.9999,-17.0000
17.1600,-17.0002,-17.0000
17.1640,-16.9999,-17.0000
17.1680,-17.0002,-17.0000
17.1720,-17.0000,-17.0000
17.1760,-17.0002,-17.0000
17.1800,-17.0000,-17.0000
17.1840,-17.0002,-17.0000
17.1880,-16.9999,-17.0000
17.1920,-17.0002,-17.0000
17.1960,-16.9999,-17.0000
17.2000,-17.0002,-17.0000
17.2040,-16.9999,-17.0000
17.2080,-17.0002,-17.0000
17.2120,-16.9999,-17.0000
17.2160,-17.0001,-17.0000
17.2200,-16.9998,-17.0000
17.2240,-17.0002,-17.0000
17.2280,-17.0000,-17.0000
17.2320,-17.0001,-17.0000
17.2360,-16.9998,-17.0000
17.2400,-17.0001,-17.0000
17.2440,-16.9999,-17.0000
17.2480,-17.0001,-17.0000
17.2520,-16.9999,-17.0000
17.2560,-17.0001,-17.0000
17.2600,-16.9997,-17.0000
17.2640,-17.0001,-16.9999
17.2680,-16.9999,-16.9999
17.2720,-17.0001,-16.9999
17.2760,-16.9998,-17.0000
17.2800,-17.0001,-17.0000
17.2840,-16.9999,-16.9999
17.2880,-17.0001,-16.9999
17.2920,-16.9998,-16.9999
17.2960,-17.0000,-16.9999
17.3000,-16.9999,-16.9999
17.3040,-17.0001,-16.9999
17.3080,-16.9999,-17.0000
17.3120,-17.0001,-16.9999
17.3160,-16.9998,-16.9999
17.3200,-17.0000,-16.9999
17.3240,-16.9999,-16.9999
17.3280,-17.0000,-16.9999
17.3320,-16.9999,-16.9999
17.3360,-17.0001,-16.9999
17.3400,-16.9998,-16.9999
17.3440,-17.0000,-16.9999
17.3480,-16.9998,-16.9999
17.3520,-17.0000,-16.9999
17.3560,-16.9997,-16.9999
17.3600,-17.0001,-16.9999
17.3640,-16.9999,-16.9999
17.3680,-17.0001,-16.9999
17.3720,-16.9998,-16.9999
17.3760,-17.0000,-16.9999
17.3800,-16.9999,-16.9999
17.3840,-17.0001,-16.9999
17.3880,-16.9998,-16.9999
17.3920,-17.0001,-16.9999
17.3960,-16.9998,-16.9999
17.4000,-17.0000,-16.9999
17.4040,-16.9998,-16.9999
17.4080,-17.0001,-16.9999
17.4120,-16.9998,-16.9999
17.4160,-17.0001,-16.9999
17.4200,-16.9998,-16.9999
17.4240,-17.0000,-16.9999
17.4280,-16.9997,-16.9999
17.4320,-17.0001,-16.9999
17.4360,-16.9999,-16.9999
17.4400,-17.0001,-16.9999
17.4440,-16.9999,-16.9999
17.4480,-17.0001,-16.9999
17.4520,-16.9997,-16.9999
17.4560,-17.0001,-16.9999
17.4600,-16.9999,-16.9999
17.4640,-17.0000,-16.9999
17.4680,-16.9998,-16.9999
17.4720,-17.0001,-16.9999
17.4760,-16.9998,-16.9999
17.4800,-17.0001,-16.9999
17.4840,-16.9998,-16.9999
17.4880,-17.0000,-16.9999
17.4920,-16.9998,-16.9999
17.4960,-17.0001,-16.9999
17.5000,-16.9998,-16.9999
17.5040,-17.0000,-16.9999
17.5080,-16.9997,-16.9999
17.5120,-17.0001,-16.9999
17.5160,-16.9998,-16.9999
17.5200,-17.0001,-16.9999
17.5240,-16.9997,-16.9999
17.5280,-17.0001,-16.9999
17.5320,-16.9998,-16.9999
17.5360,-17.0000,-16.9999
17.5400,-16.9999,-16.9999
17.5440,-17.0000,-16.9999
17.5480,-16.9997,-16.9999
17.5520,-17.0001,-16.9999
17.5560,-16.9999,-16.9999
17.5600,-17.0001,-16.9999
17.5640,-16.9998,-16.9999
17.5680,-17.0000,-16.9999
17.5720,-16.9998,-16.9999
17.5760,-17.0000,-16.9999
17.5800,-16.9998,-16.9999
17.5840,-17.0001,-16.9999
17.5880,-16.9998,-16.9999
17.5920,-17.0000,-16.9999
17.5960,-16.9998,-16.9999
17.6000,-17.0000,-16.9999
17.6040,-16.9998,-16.9999
17.6080,-17.0000,-16.9999
17.6120,-16.9998,-16.9999
17.6160,-17.0000,-16.9999
17.6200,-16.9998,-16.9999
17.6240,-17.0000,-16.9999
17.6280,-16.9998,-16.9999
17.6320,-17.0000,-16.9999
17.6360,-16.9998,-16.9999
17.6400,-17.0000,-16.9999
17.6440,-16.9999,-16.9999
17.6480,-17.0000,-16.9999
17.6520,-16.9997,-16.9999
17.6560,-17.0000,-16.9999
17.6600,-16.9998,-16.9999
17.6640,-17.0000,-16.9999
17.6680,-16.9998,-16.9999
17.6720,-17.0000,-16.9999
17.6760,-16.9998,-16.9999
17.6800,-17.0000,-16.9999
17.6840,-16.9998,-16.9999
17.6880,-17.0000,-16.9999
17.6920,-16.9998,-16.9999
17.6960,-17.0001,-16.9999
17.7000,-16.9998,-16.9999
17.7040,-17.0000,-16.9999
17.7080,-16.9998,-16.9999
17.7120,-17.0000,-16.9999
17.7160,-16.9998,-16.9999
17.7200,-17.0001,-16.9999
17.7240,-16.9999,-16.9999
17.7280,-17.0000,-16.9999
17.7320,-16.9998,-16.9999
17.7360,-17.0000,-16.9999
17.7400,-16.9998,-16.9999
17.7440,-17.0000,-16.9999
17.7480,-16.9998,-16.9999
17.7520,-17.0000,-16.9999
17.7560,-16.9999,-16.9999
17.7600,-17.0000,-16.9999
17.7640,-16.9998,-16.9999
17.7680,-17.0000,-16.9999
17.7720,-16.9998,-16.9999
17.7760,-17.0000,-16.9999
17.7800,-16.9998,-16.9999
17.7840,-17.0000,-16.9999
17.7880,-16.9998,-16.9999
17.7920,-17.0000,-16.9999
17.7960,-16.9997,-16.9999
17.8000,-17.0000,-16.9999
17.8040,-16.9998,-16.9999
17.8080,-17.0000,-16.9999
17.8120,-16.9998,-16.9999
17.8160,-17.0001,-16.9999
17.8200,-16.9998,-16.9999
17.8240,-17.0000,-16.9999
17.8280,-16.9998,-16.9999
17.8320,-17.0000,-16.9999
17.8360,-16.9998,-16.9999
17.8400,-17.0000,-16.9999
17.8440,-16.9998,-16.9999
17.8480,-17.0000,-16.9999
17.8520,-16.9998,-16.9999
17.8560,-17.0001,-16.9999
17.8600,-16.9998,-16.9999
17.8640,-17.0000,-16.9999
17.8680,-16.9998,-16.9999
17.8720,-17.0000,-16.9999
17.8760,-16.9998,-16.9999
17.8800,-17.0000,-16.9999
17.8840,-16.9997,-16.9999
17.8880,-17.0001,-16.9999
17.8920,-16.9998,-16.9999
17.8960,-17.0001,-16.9999
17.9000,-16.9998,-16.9999
17.9040,-17.0000,-16.9999
17.9080,-16.9998,-16.9999
17.9120,-17.0001,-16.9999
17.9160,-16.9998,-16.9999
17.9200,-17.0000,-16.9999
17.9240,-16.9998,-16.9999
17.9280,-17.0000,-16.9999
17.9320,-16.9998,-16.9999
17.9360,-17.0000,-16.9999
17.9400,-16.9998,-16.9999
17.9440,-17.0000,-16.9999
17.9480,-16.9998,-16.9999
17.9520,-17.0001,-16.9999
17.9560,-16.9997,-16.9999
17.9600,-17.0000,-16.9999
17.9640,-16.9998,-16.9999
17.9680,-17.0001,-16.9999
17.9720,-16.9998,-16.9999
17.9760,-17.0001,-16.9999
17.9800,-16.9998,-16.9999
17.9840,-17.0000,-16.9999
17.9880,-16.9998,-16.9999
17.9920,-17.0001,-16.9999
17.9960,-16.9998,-16.9999
18.0000,-17.0001,-16.9999
18.0040,-16.9998,-16.9999
18.0080,-17.0001,-16.9999
18.0120,-16.9998,-16.9999
18.0160,-17.0000,-16.9999
18.0200,-16.9998,-16.9999
18.0240,-17.0000,-16.9999
18.0280,-16.9998,-16.9999
18.0320,-17.0000,-16.9999
18.0360,-16.9998,-16.9999
18.0400,-17.0000,-16.9999
18.0440,-16.9997,-16.9999
18.0480,-17.0000,-16.9999
18.0520,-16.9998,-16.9999
18.0560,-17.0000,-16.9999
18.0600,-16.9998,-16.9999
18.0640,-17.0000,-16.9999
18.0680,-16.9998,-16.9999
18.0720,-17.0000,-16.9999
18.0760,-16.9998,-16.9999
18.0800,-17.0000,-16.9999
18.0840,-16.9998,-16.9999
18.0880,-17.0000,-16.9999
18.0920,-16.9998,-16.9999
18.0960,-17.0000,-16.9999
18.1000,-16.9998,-16.9999
18.1040,-17.0000,-16.9999
18.1080,-16.9997,-16.9999
18.1120,-17.0000,-16.9999
18.1160,-16.9998,-16.9999
18.1200,-17.0000,-16.9999
18.1240,-16.9998,-16.9999
18.1280,-17.0000,-16.9999
18.1320,-16.9998,-16.9999
18.1360,-17.0000,-16.9999
18.1400,-16.9998,-16.9999
18.1440,-17.0000,-16.9999
18.1480,-16.9998,-16.9999
18.1520,-17.0000,-16.9999
18.1560,-16.9998,-16.9999
18.1600,-17.0000,-16.9999
18.1640,-16.9996,-16.9999
18.1680,-17.0001,-16.9999
18.1720,-16.9998,-16.9999
18.1760,-17.0000,-16.9999
18.1800,-16.9998,-16.9999
18.1840,-17.0000,-16.9999
18.1880,-16.9998,-16.9999
18.1920,-17.0000,-16.9999
18.1960,-16.9998,-16.9999
18.2000,-17.0000,-16.9999
18.2040,-16.9998,-16.9999
18.2080,-17.0000,-16.9999
18.2120,-16.9998,-16.9999
18.2160,-17.0000,-16.9999
18.2200,-16.9998,-16.9999
18.2240,-17.0000,-16.9999
18.2280,-16.9998,-16.9999
18.2320,-17.0000,-16.9999
18.2360,-16.9998,-16.9999
18.2400,-17.0000,-16.9999
18.2440,-16.9998,-16.9999
18.2480,-17.0000,-16.9999
18.2520,-16.9998,-16.9999
18.2560,-17.0000,-16.9999
18.2600,-16.9997,-16.9999
18.2640,-17.0000,-16.9999
18.2680,-16.9998,-16.9999
18.2720,-17.0000,-16.9999
18.2760,-16.9996,-16.9999
18.2800,-17.0001,-16.9999
18.2840,-16.9998,-16.9999
18.2880,-17.0000,-16.9999
18.2920,-16.9998,-16.9999
18.2960,-17.0000,-16.9999
18.3000,-16.9997,-16.9999
18.3040,-17.0000,-16.9999
18.3080,-16.9998,-16.9999
18.3120,-17.0000,-16.9999
18.3160,-16.9998,-16.9999
18.3200,-17.0000,-16.9999
18.3240,-16.9997,-16.9999
18.3280,-17.0000,-16.9999
18.3320,-16.9998,-16.9999
18.3360,-17.0001,-16.9999
18.3400,-16.9996,-16.9999
18.3440,-17.0000,-16.9999
18.3480,-16.9998,-16.9999
18.3520,-17.0000,-16.9999
18.3560,-16.9998,-16.9999
18.3600,-17.0000,-16.9999
18.3640,-16.9998,-16.9999
18.3680,-17.0000,-16.9999
18.3720,-16.9998,-16.9999
18.3760,-17.0000,-16.9999
18.3800,-16.9998,-16.9999
18.3840,-17.0000,-16.9999
18.3880,-16.9998,-16.9999
18.3920,-17.0000,-16.9999
18.3960,-16.9998,-16.9999
18.4000,-17.0000,-16.9999
18.4040,-16.9998,-16.9999
18.4080,-17.0000,-16.9999
18.4120,-16.9998,-16.9999
18.4160,-17.0000,-16.9999
18.4200,-16.9998,-16.9999
18.4240,-17.0000,-16.9999
18.4280,-16.9997,-16.9999
18.4320,-17.0000,-16.9999
18.4360,-16.9998,-16.9999
18.4400,-17.0000,-16.9999
18.4440,-16.9997,-16.9999
18.4480,-17.0000,-16.9999
18.4520,-16.9998,-16.9999
18.4560,-17.0000,-16.9999
18.4600,-16.9998,-16.9999
18.4640,-17.0000,-16.9999
18.4680,-16.9998,-16.9999
18.4720,-17.0000,-16.9999
18.4760,-16.9998,-16.9999
18.4800,-17.0000,-16.9999
18.4840,-16.9998,-16.9999
18.4880,-17.0000,-16.9999
18.4920,-16.9997,-16.9999
18.4960,-17.0000,-16.9999
18.5000,-16.9998,-16.9999
18.5040,-17.0000,-16.9999
18.5080,-16.9998,-16.9999
18.5120,-17.0000,-16.9999
18.5160,-16.9998,-16.9999
18.5200,-17.0000,-16.9999
18.5240,-16.9997,-16.9999
18.5280,-17.0000,-16.9999
18.5320,-16.9998,-16.9999
18.5360,-17.0001,-16.9999
18.5400,-16.9998,-16.9999
18.5440,-17.0001,-16.9999
18.5480,-16.9997,-16.9999
18.5520,-17.0000,-16.9999
18.5560,-16.9998,-16.9999
18.5600,-17.0000,-16.9999
18.5640,-16.9998,-16.9999
18.5680,-17.0000,-16.9999
18.5720,-16.9997,-16.9999
18.5760,-17.0000,-16.9999
18.5800,-16.9998,-16.9999
18.5840,-17.0000,-16.9999
18.5880,-16.9998,-16.9999
18.5920,-17.0000,-16.9999
18.5960,-16.9998,-16.9999
18.6000,-17.0000,-16.9999
18.6040,-16.9998,-16.9999
18.6080,-17.0000,-16.9999
18.6120,-16.9998,-16.9999
18.6160,-17.0000,-16.9999
18.6200,-16.9998,-16.9999
18.6240,-17.0000,-16.9999
18.6280,-16.9998,-16.9999
18.6320,-17.0000,-16.9999
18.6360,-16.9998,-16.9999
18.6400,-17.0000,-16.9999
18.6440,-16.9998,-16.9999
18.6480,-17.0000,-16.9999
18.6520,-16.9998,-16.9999
18.6560,-17.0000,-16.9999
18.6600,-16.9998,-16.9999
18.6640,-17.0000,-16.9999
18.6680,-16.9998,-16.9999
18.6720,-17.0000,-16.9999
18.6760,-16.9997,-16.9999
18.6800,-17.0000,-16.9999
18.6840,-16.9998,-16.9999
18.6880,-17.0000,-16.9999
18.6920,-16.9998,-16.9999
18.6960,-17.0000,-16.9999
18.7000,-16.9997,-16.9999
18.7040,-17.0000,-16.9999
18.7080,-16.9998,-16.9999
18.7120,-17.0000,-16.9999
18.7160,-16.9998,-16.9999
18.7200,-17.0001,-16.9999
18.7240,-16.9997,-16.9999
18.7280,-17.0000,-16.9999
18.7320,-16.9998,-16.9999
18.7360,-17.0001,-16.9999
18.7400,-16.9998,-16.9999
18.7440,-17.0000,-16.9999
18.7480,-16.9997,-16.9999
18.7520,-17.0000,-16.9999
18.7560,-16.9998,-16.9999
18.7600,-17.0000,-16.9999
18.7640,-16.9998,-16.9999
18.7680,-17.0000,-16.9999
18.7720,-16.9998,-16.9999
18.7760,-16.9999,-16.9999
18.7800,-16.9998,-16.9999
18.7840,-17.0000,-16.9999
18.7880,-16.9998,-16.9999
18.7920,-17.0000,-16.9999
18.7960,-16.9998,-16.9999
18.8000,-17.0000,-16.9999
18.8040,-16.9997,-16.9999
18.8080,-17.0000,-16.9999
18.8120,-16.9998,-16.9999
18.8160,-17.0000,-16.9999
18.8200,-16.9998,-16.9999
18.8240,-17.0000,-16.9999
18.8280,-16.9998,-16.9999
18.8320,-17.0000,-16.9999
18.8360,-16.9997,-16.9999
18.8400,-17.0000,-16.9999
18.8440,-16.9998,-16.9999
18.8480,-17.0000,-16.9999
18.8520,-16.9998,-16.9999
18.8560,-17.0000,-16.9999
18.8600,-16.9997,-16.9999
18.8640,-17.0000,-16.9999
18.8680,-16.9998,-16.9999
18.8720,-17.0000,-16.9999
18.8760,-16.9998,-16.9999
18.8800,-17.0000,-16.9999
18.8840,-16.9998,-16.9999
18.8880,-17.0000,-16.9999
18.8920,-16.9997,-16.9999
18.8960,-17.0000,-16.9999
18.9000,-16.9998,-16.9999
18.9040,-17.0000,-16.9999
18.9080,-16.9998,-16.9999
18.9120,-17.0000,-16.9999
18.9160,-16.9998,-16.9999
18.9200,-17.0000,-16.9999
18.9240,-16.9998,-16.9999
18.9280,-17.0000,-16.9999
18.9320,-16.9998,-16.9999
18.9360,-17.0000,-16.9999
18.9400,-16.9997,-16.9999
18.9440,-17.0000,-16.9999
18.9480,-16.9998,-16.9999
18.9520,-16.9999,-16.9999
18.9560,-16.9998,-16.9999
18.9600,-17.0000,-16.9999
18.9640,-16.9998,-16.9999
18.9680,-17.0000,-16.9999
18.9720,-16.9997,-16.9999
18.9760,-17.0000,-16.9999
18.9800,-16.9998,-16.9999
18.9840,-17.0000,-16.9999
18.9880,-16.9998,-16.9999
18.9920,-17.0000,-16.9999
18.9960,-16.9996,-16.9999
19.0000,-17.0000,-16.9999
19.0040,-16.9998,-16.9999
19.0080,-17.0000,-16.9999
19.0120,-16.9997,-16.9999
19.0160,-17.0001,-16.9999
19.0200,-16.9998,-16.9999
19.0240,-17.0001,-16.9999
19.0280,-16.9998,-16.9999
19.0320,-16.9999,-16.9999
19.0360,-16.9998,-16.9999
19.0400,-17.0000,-16.9999
19.0440,-16.9998,-16.9999
19.0480,-17.0000,-16.9999
19.0520,-16.9996,-16.9999
19.0560,-17.0001,-16.9999
19.0600,-16.9998,-16.9999
19.0640,-17.0000,-16.9999
19.0680,-16.9998,-16.9999
19.0720,-17.0000,-16.9999
19.0760,-16.9997,-16.9999
19.0800,-17.0000,-16.9999
19.0840,-16.9997,-16.9999
19.0880,-17.0000,-16.9999
19.0920,-16.9998,-16.9999
19.0960,-17.0000,-16.9999
19.1000,-16.9997,-16.9999
19.1040,-17.0000,-16.9999
19.1080,-16.9998,-16.9999
19.1120,-17.0000,-16.9999
19.1160,-16.9998,-16.9999
19.1200,-17.0000,-16.9999
19.1240,-16.9998,-16.9999
19.1280,-17.0000,-16.9999
19.1320,-16.9998,-16.9999
19.1360,-17.0000,-16.9999
19.1400,-16.9998,-16.9999
19.1440,-17.0000,-16.9999
19.1480,-16.9997,-16.9999
19.1520,-17.0000,-16.9999
19.1560,-16.9998,-16.9999
19.1600,-17.0000,-16.9999
19.1640,-16.9998,-16.9999
19.1680,-17.0000,-16.9999
19.1720,-16.9997,-16.9999
19.1760,-17.0000,-16.9999
19.1800,-16.9998,-16.9999
19.1840,-17.0000,-16.9999
19.1880,-16.9998,-16.9999
19.1920,-17.0000,-16.9999
19.1960,-16.9997,-16.9999
19.2000,-17.0000,-16.9999
19.2040,-16.9997,-16.9999
19.2080,-17.0000,-16.9999
19.2120,-16.9998,-16.9999
19.2160,-17.0000,-16.9999
19.2200,-16.9998,-16.9999
19.2240,-17.0000,-16.9999
19.2280,-16.9997,-16.9999
19.2320,-17.0000,-16.9999
19.2360,-16.9997,-16.9999
19.2400,-17.0000,-16.9999
19.2440,-16.9998,-16.9999
19.2480,-17.0000,-16.9999
19.2520,-16.9997,-16.9999
19.2560,-17.0000,-16.9999
19.2600,-16.9997,-16.9999
19.2640,-17.0000,-16.9999
19.2680,-16.9998,-16.9999
19.2720,-16.9999,-16.9999
19.2760,-16.9998,-16.9999
19.2800,-17.0000,-16.9999
19.2840,-16.9998,-16.9999
19.2880,-17.0000,-16.9999
19.2920,-16.9998,-16.9999
19.2960,-17.0000,-16.9999
19.3000,-16.9996,-16.9999
19.3040,-17.0001,-16.9999
19.3080,-16.9998,-16.9999
19.3120,-17.0000,-16.9999
19.3160,-16.9998,-16.9999
19.3200,-17.0000,-16.9999
19.3240,-16.9998,-16.9999
19.3280,-17.0000,-16.9999
19.3320,-16.9998,-16.9999
19.3360,-17.0000,-16.9999
19.3400,-16.9998,-16.9999
19.3440,-17.0000,-16.9999
19.3480,-16.9998,-16.9999
19.3520,-17.0000,-16.9999
19.3560,-16.9998,-16.9999
19.3600,-17.0000,-16.9999
19.3640,-16.9998,-16.9999
19.3680,-17.0000,-16.9999
19.3720,-16.9998,-16.9999
19.3760,-17.0001,-16.9999
19.3800,-16.9998,-16.9999
19.3840,-17.0000,-16.9999
19.3880,-16.9997,-16.9999
19.3920,-17.0000,-16.9999
19.3960,-16.9997,-16.9999
19.4000,-17.0000,-16.9999
19.4040,-16.9999,-16.9999
19.4080,-17.0000,-16.9999
19.4120,-16.9998,-16.9999
19.4160,-17.0000,-16.9999
19.4200,-16.9998,-16.9999
19.4240,-17.0000,-16.9999
19.4280,-16.9998,-16.9999
19.4320,-17.0000,-16.9999
19.4360,-16.9998,-16.9999
19.4400,-17.0000,-16.9999
19.4440,-16.9998,-16.9999
19.4480,-17.0000,-16.9999
19.4520,-16.9997,-16.9999
19.4560,-17.0000,-16.9999
19.4600,-16.9998,-16.9999
19.4640,-17.0000,-16.9999
19.4680,-16.9997,-16.9999
19.4720,-17.0000,-16.9999
19.4760,-16.9997,-16.9999
19.4800,-17.0000,-16.9999
19.4840,-16.9998,-16.9999
19.4880,-17.0000,-16.9999
19.4920,-16.9996,-16.9999
19.4960,-17.0001,-16.9999
19.5000,-16.9998,-16.9999
19.5040,-17.0000,-16.9999
19.5080,-16.9998,-16.9999
19.5120,-17.0000,-16.9999
19.5160,-16.9995,-16.9999
19.5200,-17.0001,-16.9999
19.5240,-16.9998,-16.9999
19.5280,-17.0000,-16.9999
19.5320,-16.9998,-16.9999
19.5360,-17.0000,-16.9999
19.5400,-16.9998,-16.9999
19.5440,-17.0000,-16.9999
19.5480,-16.9997,-16.9999
19.5520,-17.0000,-16.9999
19.5560,-16.9998,-16.9999
19.5600,-17.0000,-16.9999
19.5640,-16.9998,-16.9999
19.5680,-17.0001,-16.9999
19.5720,-16.9997,-16.9999
19.5760,-17.0000,-16.9999
19.5800,-16.9997,-16.9999
19.5840,-17.0000,-16.9999
19.5880,-16.9998,-16.9999
19.5920,-17.0000,-16.9999
19.5960,-16.9998,-16.9999
19.6000,-17.0000,-16.9999
19.6040,-16.9998,-16.9999
19.6080,-17.0000,-16.9999
19.6120,-16.9997,-16.9999
19.6160,-17.0000,-16.9999
19.6200,-16.9998,-16.9999
19.6240,-17.0000,-16.9999
19.6280,-16.9999,-16.9999
19.6320,-17.0000,-16.9999
19.6360,-16.9998,-16.9999
19.6400,-17.0000,-16.9999
19.6440,-16.9998,-16.9999
19.6480,-17.0000,-16.9999
19.6520,-16.9998,-16.9999
19.6560,-17.0000,-16.9999
19.6600,-16.9998,-16.9999
19.6640,-17.0000,-16.9999
19.6680,-16.9998,-16.9999
19.6720,-17.0000,-16.9999
19.6760,-16.9998,-16.9999
19.6800,-17.0000,-16.9999
19.6840,-16.9998,-16.9999
19.6880,-17.0000,-16.9999
19.6920,-16.9998,-16.9999
19.6960,-17.0000,-16.9999
19.7000,-16.9998,-16.9999
19.7040,-17.0000,-16.9999
19.7080,-16.9999,-16.9999
19.7120,-17.0001,-16.9999
19.7160,-16.9998,-16.9999
19.7200,-17.0000,-16.9999
19.7240,-16.9998,-16.9999
19.7280,-17.0000,-16.9999
19.7320,-16.9997,-16.9999
19.7360,-17.0000,-16.9999
19.7400,-16.9998,-16.9999
19.7440,-17.0000,-16.9999
19.7480,-16.9998,-16.9999
19.7520,-17.0001,-16.9999
19.7560,-16.9998,-16.9999
19.7600,-17.0000,-16.9999
19.7640,-16.9998,-16.9999
19.7680,-17.0000,-16.9999
19.7720,-16.9999,-16.9999
19.7760,-17.0001,-16.9999
19.7800,-16.9998,-16.9999
19.7840,-17.0000,-16.9999
19.7880,-16.9997,-16.9999
19.7920,-17.0000,-16.9999
19.7960,-16.9998,-16.9999
19.8000,-17.0000,-16.9999
19.8040,-16.9997,-16.9999
19.8080,-17.0001,-16.9999
19.8120,-16.9998,-16.9999
19.8160,-17.0001,-16.9999
19.8200,-16.9998,-16.9999
19.8240,-17.0000,-16.9999
19.8280,-16.9998,-16.9999
19.8320,-17.0000,-16.9999
19.8360,-16.9998,-16.9999
19.8400,-17.0001,-16.9999
19.8440,-16.9998,-16.9999
19.8480,-17.0000,-16.9999
19.8520,-16.9998,-16.9999
19.8560,-17.0001,-16.9999
19.8600,-16.9997,-16.9999
19.8640,-17.0000,-16.9999
19.8680,-16.9998,-16.9999
19.8720,-17.0000,-16.9999
19.8760,-16.9998,-16.9999
19.8800,-17.0000,-16.9999
19.8840,-16.9997,-16.9999
19.8880,-17.0000,-16.9999
19.8920,-16.9998,-16.9999
19.8960,-17.0001,-16.9999
19.9000,-16.9998,-16.9999
19.9040,-17.0001,-16.9999
19.9080,-16.9998,-16.9999
19.9120,-17.0000,-16.9999
19.9160,-16.9996,-16.9999
19.9200,-17.0001,-16.9999
19.9240,-16.9998,-16.9999
19.9280,-17.0000,-16.9999
19.9320,-16.9999,-16.9999
19.9360,-17.0000,-16.9999
19.9400,-16.9998,-16.9999
19.9440,-17.0000,-16.9999
19.9480,-16.9998,-16.9999
19.9520,-17.0000,-16.9999
19.9560,-16.9998,-16.9999
19.9600,-17.0000,-16.9999
19.9640,-16.9998,-16.9999
19.9680,-17.0001,-16.9999
19.9720,-16.9998,-16.9999
19.9760,-17.0000,-16.9999
19.9800,-16.9998,-16.9999
19.9840,-17.0000,-16.9999
19.9880,-16.9998,-16.9999
19.9920,-17.0000,-16.9999
