t_rel_s,sim_joint6_deg,real_joint6_deg
0.0000,28.4415,28.4414
0.0040,28.4413,28.4414
0.0080,28.4414,28.4414
0.0120,28.4413,28.4414
0.0160,28.4414,28.4414
0.0200,28.4413,28.4414
0.0240,28.4414,28.4414
0.0280,28.4413,28.4414
0.0320,28.4414,28.4414
0.0360,28.4413,28.4414
0.0400,28.4414,28.4414
0.0440,28.4413,28.4414
0.0480,28.4414,28.4414
0.0520,28.4413,28.4414
0.0560,28.4414,28.4414
0.0600,28.4413,28.4414
0.0640,28.4414,28.4414
0.0680,28.4414,28.4414
0.0720,28.4414,28.4414
0.0760,28.4413,28.4414
0.0800,28.4414,28.4414
0.0840,28.4414,28.4414
0.0880,28.4414,28.4414
0.0920,28.4414,28.4414
0.0960,28.4415,28.4414
0.1000,28.4414,28.4414
0.1040,28.4415,28.4414
0.1080,28.4414,28.4414
0.1120,28.4414,28.4414
0.1160,28.4413,28.4414
0.1200,28.4414,28.4414
0.1240,28.4414,28.4414
0.1280,28.4414,28.4414
0.1320,28.4414,28.4414
0.1360,28.4414,28.4414
0.1400,28.4414,28.4414
0.1440,28.4415,28.4414
0.1480,28.4414,28.4414
0.1520,28.4415,28.4414
0.1560,28.4414,28.4414
0.1600,28.4415,28.4414
0.1640,28.4413,28.4414
0.1680,28.4414,28.4414
0.1720,28.4414,28.4414
0.1760,28.4415,28.4414
0.1800,28.4413,28.4414
0.1840,28.4414,28.4414
0.1880,28.4414,28.4414
0.1920,28.4415,28.4414
0.1960,28.4414,28.4414
0.2000,28.4415,28.4414
0.2040,28.4414,28.4414
0.2080,28.4414,28.4413
0.2120,28.4413,28.4413
0.2160,28.4415,28.4413
0.2200,28.4414,28.4413
0.2240,28.4414,28.4413
0.2280,28.4413,28.4412
0.2320,28.4414,28.4412
0.2360,28.4414,28.4412
0.2400,28.4415,28.4412
0.2440,28.4413,28.4412
0.2480,28.4414,28.4411
0.2520,28.4414,28.4411
0.2560,28.4414,28.4411
0.2600,28.4413,28.4411
0.2640,28.4414,28.4410
0.2680,28.4413,28.4410
0.2720,28.4413,28.4410
0.2760,28.4413,28.4409
0.2800,28.4414,28.4409
0.2840,28.4413,28.4409
0.2880,28.4414,28.4408
0.2920,28.4413,28.4408
0.2960,28.4413,28.4408
0.3000,28.4412,28.4407
0.3040,28.4412,28.4407
0.3080,28.4412,28.4406
0.3120,28.4412,28.4406
0.3160,28.4411,28.4405
0.3200,28.4411,28.4405
0.3240,28.4410,28.4404
0.3280,28.4411,28.4404
0.3320,28.4410,28.4404
0.3360,28.4410,28.4403
0.3400,28.4409,28.4403
0.3440,28.4410,28.4402
0.3480,28.4409,28.4401
0.3520,28.4409,28.4400
0.3560,28.4407,28.4399
0.3600,28.4408,28.4398
0.3640,28.4408,28.4397
0.3680,28.4408,28.4395
0.3720,28.4407,28.4392
0.3760,28.4407,28.4389
0.3800,28.4405,28.4386
0.3840,28.4406,28.4383
0.3880,28.4405,28.4379
0.3920,28.4405,28.4376
0.3960,28.4403,28.4372
0.4000,28.4403,28.4367
0.4040,28.4402,28.4363
0.4080,28.4402,28.4357
0.4120,28.4400,28.4351
0.4160,28.4399,28.4345
0.4200,28.4397,28.4339
0.4240,28.4397,28.4333
0.4280,28.4395,28.4327
0.4320,28.4394,28.4319
0.4360,28.4390,28.4308
0.4400,28.4388,28.4295
0.4440,28.4385,28.4281
0.4480,28.4383,28.4265
0.4520,28.4380,28.4247
0.4560,28.4380,28.4227
0.4600,28.4375,28.4203
0.4640,28.4371,28.4179
0.4680,28.4365,28.4155
0.4720,28.4360,28.4131
0.4760,28.4352,28.4103
0.4800,28.4345,28.4077
0.4840,28.4340,28.4051
0.4880,28.4338,28.4026
0.4920,28.4328,28.4004
0.4960,28.4318,28.3982
0.5000,28.4305,28.3963
0.5040,28.4292,28.3945
0.5080,28.4281,28.3929
0.5120,28.4276,28.3912
0.5160,28.4259,28.3896
0.5200,28.4242,28.3879
0.5240,28.4220,28.3858
0.5280,28.4200,28.3837
0.5320,28.4177,28.3825
0.5360,28.4154,28.3815
0.5400,28.4137,28.3808
0.5440,28.4129,28.3803
0.5480,28.4104,28.3800
0.5520,28.4081,28.3799
0.5560,28.4056,28.3799
0.5600,28.4034,28.3798
0.5640,28.4009,28.3798
0.5680,28.3986,28.3798
0.5720,28.3963,28.3798
0.5760,28.3949,28.3798
0.5800,28.3941,28.3799
0.5840,28.3921,28.3799
0.5880,28.3901,28.3799
0.5920,28.3886,28.3800
0.5960,28.3871,28.3800
0.6000,28.3863,28.3801
0.6040,28.3857,28.3801
0.6080,28.3847,28.3801
0.6120,28.3837,28.3802
0.6160,28.3829,28.3803
0.6200,28.3821,28.3803
0.6240,28.3816,28.3804
0.6280,28.3810,28.3805
0.6320,28.3808,28.3805
0.6360,28.3806,28.3806
0.6400,28.3805,28.3807
0.6440,28.3802,28.3807
0.6480,28.3801,28.3808
0.6520,28.3799,28.3809
0.6560,28.3799,28.3809
0.6600,28.3798,28.3810
0.6640,28.3799,28.3810
0.6680,28.3798,28.3811
0.6720,28.3799,28.3811
0.6760,28.3799,28.3811
0.6800,28.3800,28.3812
0.6840,28.3799,28.3812
0.6880,28.3801,28.3812
0.6920,28.3801,28.3812
0.6960,28.3803,28.3813
0.7000,28.3803,28.3813
0.7040,28.3804,28.3813
0.7080,28.3804,28.3813
0.7120,28.3806,28.3814
0.7160,28.3806,28.3814
0.7200,28.3808,28.3814
0.7240,28.3807,28.3814
0.7280,28.3809,28.3814
0.7320,28.3808,28.3814
0.7360,28.3810,28.3814
0.7400,28.3810,28.3814
0.7440,28.3811,28.3814
0.7480,28.3811,28.3814
0.7520,28.3812,28.3814
0.7560,28.3811,28.3814
0.7600,28.3812,28.3814
0.7640,28.3812,28.3814
0.7680,28.3813,28.3814
0.7720,28.3813,28.3814
0.7760,28.3814,28.3813
0.7800,28.3813,28.3813
0.7840,28.3813,28.3813
0.7880,28.3812,28.3813
0.7920,28.3814,28.3813
0.7960,28.3814,28.3813
0.8000,28.3815,28.3813
0.8040,28.3813,28.3813
0.8080,28.3814,28.3813
0.8120,28.3813,28.3813
0.8160,28.3814,28.3813
0.8200,28.3813,28.3813
0.8240,28.3814,28.3812
0.8280,28.3813,28.3812
0.8320,28.3814,28.3812
0.8360,28.3813,28.3812
0.8400,28.3814,28.3812
0.8440,28.3813,28.3812
0.8480,28.3814,28.3812
0.8520,28.3813,28.3811
0.8560,28.3814,28.3811
0.8600,28.3813,28.3811
0.8640,28.3813,28.3811
0.8680,28.3812,28.3811
0.8720,28.3814,28.3811
0.8760,28.3813,28.3810
0.8800,28.3813,28.3810
0.8840,28.3812,28.3810
0.8880,28.3813,28.3810
0.8920,28.3812,28.3810
0.8960,28.3813,28.3810
0.9000,28.3811,28.3810
0.9040,28.3813,28.3809
0.9080,28.3812,28.3809
0.9120,28.3812,28.3809
0.9160,28.3811,28.3809
0.9200,28.3812,28.3809
0.9240,28.3812,28.3809
0.9280,28.3810,28.3809
0.9320,28.3812,28.3809
0.9360,28.3810,28.3809
0.9400,28.3811,28.3809
0.9440,28.3810,28.3809
0.9480,28.3811,28.3809
0.9520,28.3810,28.3809
0.9560,28.3811,28.3809
0.9600,28.3809,28.3809
0.9640,28.3811,28.3809
0.9680,28.3809,28.3809
0.9720,28.3810,28.3809
0.9760,28.3809,28.3809
0.9800,28.3810,28.3808
0.9840,28.3808,28.3809
0.9880,28.3809,28.3809
0.9920,28.3809,28.3809
0.9960,28.3810,28.3808
1.0000,28.3809,28.3808
1.0040,28.3810,28.3808
1.0080,28.3808,28.3808
1.0120,28.3809,28.3808
1.0160,28.3808,28.3808
1.0200,28.3809,28.3808
1.0240,28.3808,28.3808
1.0280,28.3809,28.3808
1.0320,28.3808,28.3808
1.0360,28.3809,28.3808
1.0400,28.3808,28.3808
1.0440,28.3809,28.3808
1.0480,28.3808,28.3807
1.0520,28.3810,28.3807
1.0560,28.3809,28.3807
1.0600,28.3809,28.3807
1.0640,28.3808,28.3807
1.0680,28.3808,28.3807
1.0720,28.3808,28.3807
1.0760,28.3807,28.3807
1.0800,28.3809,28.3807
1.0840,28.3808,28.3806
1.0880,28.3808,28.3806
1.0920,28.3808,28.3806
1.0960,28.3808,28.3806
1.1000,28.3807,28.3806
1.1040,28.3807,28.3806
1.1080,28.3808,28.3806
1.1120,28.3807,28.3806
1.1160,28.3808,28.3806
1.1200,28.3807,28.3806
1.1240,28.3808,28.3806
1.1280,28.3808,28.3806
1.1320,28.3806,28.3806
1.1360,28.3807,28.3806
1.1400,28.3806,28.3806
1.1440,28.3808,28.3806
1.1480,28.3808,28.3806
1.1520,28.3806,28.3806
1.1560,28.3807,28.3806
1.1600,28.3806,28.3806
1.1640,28.3807,28.3806
1.1680,28.3807,28.3806
1.1720,28.3806,28.3806
1.1760,28.3807,28.3806
1.1800,28.3806,28.3806
1.1840,28.3807,28.3806
1.1880,28.3807,28.3806
1.1920,28.3805,28.3806
1.1960,28.3806,28.3806
1.2000,28.3806,28.3806
1.2040,28.3805,28.3806
1.2080,28.3807,28.3806
1.2120,28.3805,28.3806
1.2160,28.3806,28.3806
1.2200,28.3806,28.3806
1.2240,28.3805,28.3806
1.2280,28.3806,28.3806
1.2320,28.3806,28.3806
1.2360,28.3807,28.3806
1.2400,28.3806,28.3806
1.2440,28.3807,28.3806
1.2480,28.3807,28.3806
1.2520,28.3806,28.3806
1.2560,28.3805,28.3806
1.2600,28.3805,28.3806
1.2640,28.3806,28.3806
1.2680,28.3806,28.3806
1.2720,28.3806,28.3806
1.2760,28.3806,28.3806
1.2800,28.3805,28.3806
1.2840,28.3807,28.3806
1.2880,28.3805,28.3806
1.2920,28.3806,28.3806
1.2960,28.3806,28.3806
1.3000,28.3806,28.3806
1.3040,28.3807,28.3806
1.3080,28.3807,28.3806
1.3120,28.3805,28.3806
1.3160,28.3806,28.3806
1.3200,28.3806,28.3806
1.3240,28.3806,28.3806
1.3280,28.3806,28.3806
1.3320,28.3807,28.3806
1.3360,28.3807,28.3806
1.3400,28.3805,28.3806
1.3440,28.3806,28.3806
1.3480,28.3806,28.3806
1.3520,28.3807,28.3806
1.3560,28.3807,28.3807
1.3600,28.3805,28.3807
1.3640,28.3806,28.3806
1.3680,28.3807,28.3806
1.3720,28.3805,28.3807
1.3760,28.3806,28.3807
1.3800,28.3807,28.3807
1.3840,28.3806,28.3807
1.3880,28.3807,28.3807
1.3920,28.3806,28.3807
1.3960,28.3807,28.3807
1.4000,28.3807,28.3807
1.4040,28.3806,28.3807
1.4080,28.3807,28.3807
1.4120,28.3806,28.3807
1.4160,28.3807,28.3807
1.4200,28.3807,28.3807
1.4240,28.3806,28.3807
1.4280,28.3807,28.3807
1.4320,28.3806,28.3807
1.4360,28.3807,28.3807
1.4400,28.3807,28.3807
1.4440,28.3806,28.3807
1.4480,28.3807,28.3807
1.4520,28.3807,28.3807
1.4560,28.3806,28.3807
1.4600,28.3807,28.3807
1.4640,28.3807,28.3807
1.4680,28.3806,28.3807
1.4720,28.3807,28.3807
1.4760,28.3807,28.3807
1.4800,28.3805,28.3807
1.4840,28.3807,28.3807
1.4880,28.3807,28.3807
1.4920,28.3806,28.3807
1.4960,28.3807,28.3807
1.5000,28.3807,28.3807
1.5040,28.3806,28.3807
1.5080,28.3807,28.3807
1.5120,28.3807,28.3807
1.5160,28.3806,28.3807
1.5200,28.3807,28.3807
1.5240,28.3807,28.3807
1.5280,28.3805,28.3807
1.5320,28.3807,28.3807
1.5360,28.3807,28.3807
1.5400,28.3806,28.3807
1.5440,28.3807,28.3807
1.5480,28.3807,28.3807
1.5520,28.3806,28.3807
1.5560,28.3807,28.3807
1.5600,28.3808,28.3807
1.5640,28.3806,28.3807
1.5680,28.3807,28.3807
1.5720,28.3808,28.3807
1.5760,28.3806,28.3807
1.5800,28.3807,28.3807
1.5840,28.3807,28.3807
1.5880,28.3805,28.3807
1.5920,28.3806,28.3807
1.5960,28.3807,28.3807
1.6000,28.3806,28.3807
1.6040,28.3807,28.3807
1.6080,28.3807,28.3807
1.6120,28.3806,28.3807
1.6160,28.3807,28.3807
1.6200,28.3807,28.3807
1.6240,28.3805,28.3807
1.6280,28.3806,28.3807
1.6320,28.3807,28.3807
1.6360,28.3806,28.3807
1.6400,28.3807,28.3807
1.6440,28.3808,28.3807
1.6480,28.3806,28.3807
1.6520,28.3807,28.3807
1.6560,28.3808,28.3807
1.6600,28.3806,28.3807
1.6640,28.3807,28.3807
1.6680,28.3807,28.3807
1.6720,28.3806,28.3807
1.6760,28.3807,28.3807
1.6800,28.3807,28.3807
1.6840,28.3806,28.3807
1.6880,28.3807,28.3807
1.6920,28.3807,28.3807
1.6960,28.3805,28.3807
1.7000,28.3807,28.3807
1.7040,28.3807,28.3807
1.7080,28.3806,28.3807
1.7120,28.3807,28.3807
1.7160,28.3807,28.3807
1.7200,28.3806,28.3807
1.7240,28.3807,28.3807
1.7280,28.3807,28.3807
1.7320,28.3806,28.3807
1.7360,28.3807,28.3807
1.7400,28.3806,28.3807
1.7440,28.3807,28.3807
1.7480,28.3807,28.3807
1.7520,28.3805,28.3807
1.7560,28.3807,28.3806
1.7600,28.3808,28.3806
1.7640,28.3806,28.3806
1.7680,28.3807,28.3806
1.7720,28.3807,28.3806
1.7760,28.3805,28.3806
1.7800,28.3807,28.3806
1.7840,28.3807,28.3806
1.7880,28.3806,28.3806
1.7920,28.3807,28.3806
1.7960,28.3808,28.3806
1.8000,28.3806,28.3806
1.8040,28.3807,28.3806
1.8080,28.3807,28.3806
1.8120,28.3806,28.3806
1.8160,28.3807,28.3806
1.8200,28.3806,28.3806
1.8240,28.3806,28.3806
1.8280,28.3807,28.3806
1.8320,28.3806,28.3806
1.8360,28.3807,28.3806
1.8400,28.3806,28.3806
1.8440,28.3806,28.3806
1.8480,28.3807,28.3806
1.8520,28.3806,28.3806
1.8560,28.3807,28.3806
1.8600,28.3805,28.3806
1.8640,28.3806,28.3806
1.8680,28.3807,28.3806
1.8720,28.3805,28.3806
1.8760,28.3806,28.3806
1.8800,28.3805,28.3806
1.8840,28.3806,28.3806
1.8880,28.3807,28.3806
1.8920,28.3806,28.3806
1.8960,28.3806,28.3806
1.9000,28.3807,28.3806
1.9040,28.3805,28.3806
1.9080,28.3807,28.3806
1.9120,28.3806,28.3806
1.9160,28.3806,28.3806
1.9200,28.3807,28.3806
1.9240,28.3805,28.3806
1.9280,28.3806,28.3806
1.9320,28.3807,28.3806
1.9360,28.3805,28.3806
1.9400,28.3806,28.3806
1.9440,28.3807,28.3806
1.9480,28.3805,28.3806
1.9520,28.3806,28.3806
1.9560,28.3808,28.3806
1.9600,28.3806,28.3806
1.9640,28.3806,28.3806
1.9680,28.3807,28.3806
1.9720,28.3806,28.3806
1.9760,28.3806,28.3806
1.9800,28.3807,28.3806
1.9840,28.3806,28.3806
1.9880,28.3806,28.3806
1.9920,28.3806,28.3806
1.9960,28.3806,28.3806
2.0000,28.3806,28.3806
2.0040,28.3806,28.3806
2.0080,28.3806,28.3806
2.0120,28.3806,28.3806
2.0160,28.3806,28.3806
2.0200,28.3806,28.3806
2.0240,28.3806,28.3806
2.0280,28.3806,28.3806
2.0320,28.3806,28.3806
2.0360,28.3806,28.3806
2.0400,28.3806,28.3806
2.0440,28.3806,28.3806
2.0480,28.3806,28.3806
2.0520,28.3806,28.3806
2.0560,28.3806,28.3806
2.0600,28.3806,28.3806
2.0640,28.3806,28.3806
2.0680,28.3806,28.3806
2.0720,28.3806,28.3806
2.0760,28.3806,28.3806
2.0800,28.3806,28.3806
2.0840,28.3806,28.3806
2.0880,28.3806,28.3806
2.0920,28.3805,28.3806
2.0960,28.3806,28.3806
2.1000,28.3806,28.3806
2.1040,28.3806,28.3806
2.1080,28.3806,28.3806
2.1120,28.3806,28.3806
2.1160,28.3806,28.3806
2.1200,28.3806,28.3806
2.1240,28.3806,28.3806
2.1280,28.3806,28.3806
2.1320,28.3806,28.3806
2.1360,28.3806,28.3805
2.1400,28.3806,28.3805
2.1440,28.3805,28.3806
2.1480,28.3805,28.3806
2.1520,28.3806,28.3806
2.1560,28.3806,28.3806
2.1600,28.3806,28.3806
2.1640,28.3805,28.3806
2.1680,28.3805,28.3806
2.1720,28.3806,28.3806
2.1760,28.3806,28.3806
2.1800,28.3806,28.3806
2.1840,28.3806,28.3806
2.1880,28.3805,28.3806
2.1920,28.3806,28.3806
2.1960,28.3806,28.3806
2.2000,28.3806,28.3806
2.2040,28.3805,28.3806
2.2080,28.3805,28.3806
2.2120,28.3806,28.3806
2.2160,28.3806,28.3806
2.2200,28.3805,28.3806
2.2240,28.3805,28.3806
2.2280,28.3806,28.3806
2.2320,28.3806,28.3806
2.2360,28.3806,28.3806
2.2400,28.3806,28.3806
2.2440,28.3805,28.3806
2.2480,28.3805,28.3806
2.2520,28.3805,28.3806
2.2560,28.3805,28.3806
2.2600,28.3806,28.3806
2.2640,28.3806,28.3806
2.2680,28.3806,28.3806
2.2720,28.3806,28.3806
2.2760,28.3806,28.3806
2.2800,28.3805,28.3806
2.2840,28.3806,28.3806
2.2880,28.3806,28.3806
2.2920,28.3806,28.3806
2.2960,28.3805,28.3806
2.3000,28.3806,28.3806
2.3040,28.3805,28.3806
2.3080,28.3805,28.3806
2.3120,28.3806,28.3806
2.3160,28.3806,28.3806
2.3200,28.3806,28.3806
2.3240,28.3805,28.3806
2.3280,28.3805,28.3805
2.3320,28.3806,28.3805
2.3360,28.3806,28.3805
2.3400,28.3806,28.3805
2.3440,28.3805,28.3805
2.3480,28.3805,28.3805
2.3520,28.3805,28.3806
2.3560,28.3805,28.3805
2.3600,28.3806,28.3805
2.3640,28.3806,28.3805
2.3680,28.3806,28.3805
2.3720,28.3806,28.3805
2.3760,28.3805,28.3805
2.3800,28.3806,28.3805
2.3840,28.3806,28.3805
2.3880,28.3805,28.3805
2.3920,28.3805,28.3805
2.3960,28.3805,28.3805
2.4000,28.3806,28.3805
2.4040,28.3806,28.3805
2.4080,28.3806,28.3805
2.4120,28.3805,28.3805
2.4160,28.3805,28.3805
2.4200,28.3805,28.3805
2.4240,28.3805,28.3805
2.4280,28.3806,28.3805
2.4320,28.3805,28.3805
2.4360,28.3805,28.3805
2.4400,28.3805,28.3805
2.4440,28.3805,28.3805
2.4480,28.3805,28.3805
2.4520,28.3806,28.3805
2.4560,28.3805,28.3805
2.4600,28.3805,28.3805
2.4640,28.3805,28.3805
2.4680,28.3805,28.3805
2.4720,28.3805,28.3805
2.4760,28.3805,28.3805
2.4800,28.3806,28.3805
2.4840,28.3805,28.3805
2.4880,28.3805,28.3805
2.4920,28.3805,28.3805
2.4960,28.3805,28.3805
2.5000,28.3805,28.3805
2.5040,28.3805,28.3805
2.5080,28.3805,28.3805
2.5120,28.3805,28.3805
2.5160,28.3806,28.3805
2.5200,28.3807,28.3805
2.5240,28.3804,28.3805
2.5280,28.3806,28.3805
2.5320,28.3804,28.3805
2.5360,28.3807,28.3805
2.5400,28.3803,28.3805
2.5440,28.3807,28.3805
2.5480,28.3803,28.3805
2.5520,28.3806,28.3805
2.5560,28.3804,28.3805
2.5600,28.3808,28.3806
2.5640,28.3804,28.3806
2.5680,28.3808,28.3806
2.5720,28.3804,28.3806
2.5760,28.3807,28.3806
2.5800,28.3804,28.3806
2.5840,28.3807,28.3806
2.5880,28.3804,28.3806
2.5920,28.3806,28.3806
2.5960,28.3804,28.3806
2.6000,28.3807,28.3806
2.6040,28.3804,28.3806
2.6080,28.3806,28.3806
2.6120,28.3805,28.3806
2.6160,28.3807,28.3806
2.6200,28.3802,28.3806
2.6240,28.3807,28.3806
2.6280,28.3804,28.3806
2.6320,28.3808,28.3806
2.6360,28.3804,28.3806
2.6400,28.3807,28.3807
2.6440,28.3805,28.3807
2.6480,28.3808,28.3807
2.6520,28.3804,28.3807
2.6560,28.3807,28.3807
2.6600,28.3804,28.3807
2.6640,28.3808,28.3807
2.6680,28.3805,28.3807
2.6720,28.3807,28.3807
2.6760,28.3804,28.3807
2.6800,28.3808,28.3807
2.6840,28.3804,28.3807
2.6880,28.3808,28.3807
2.6920,28.3805,28.3807
2.6960,28.3808,28.3807
2.7000,28.3805,28.3807
2.7040,28.3808,28.3807
2.7080,28.3804,28.3807
2.7120,28.3808,28.3808
2.7160,28.3804,28.3808
2.7200,28.3809,28.3808
2.7240,28.3805,28.3808
2.7280,28.3808,28.3808
2.7320,28.3806,28.3808
2.7360,28.3809,28.3808
2.7400,28.3805,28.3808
2.7440,28.3809,28.3808
2.7480,28.3805,28.3808
2.7520,28.3808,28.3808
2.7560,28.3806,28.3808
2.7600,28.3810,28.3808
2.7640,28.3805,28.3808
2.7680,28.3809,28.3808
2.7720,28.3805,28.3808
2.7760,28.3808,28.3808
2.7800,28.3805,28.3808
2.7840,28.3809,28.3808
2.7880,28.3805,28.3808
2.7920,28.3810,28.3809
2.7960,28.3805,28.3809
2.8000,28.3811,28.3809
2.8040,28.3806,28.3809
2.8080,28.3810,28.3809
2.8120,28.3805,28.3809
2.8160,28.3810,28.3809
2.8200,28.3805,28.3809
2.8240,28.3810,28.3809
2.8280,28.3807,28.3809
2.8320,28.3810,28.3809
2.8360,28.3807,28.3809
2.8400,28.3811,28.3809
2.8440,28.3807,28.3809
2.8480,28.3810,28.3809
2.8520,28.3806,28.3809
2.8560,28.3810,28.3809
2.8600,28.3807,28.3809
2.8640,28.3810,28.3809
2.8680,28.3807,28.3809
2.8720,28.3811,28.3809
2.8760,28.3807,28.3809
2.8800,28.3811,28.3809
2.8840,28.3807,28.3809
2.8880,28.3810,28.3809
2.8920,28.3807,28.3809
2.8960,28.3811,28.3809
2.9000,28.3807,28.3809
2.9040,28.3810,28.3809
2.9080,28.3806,28.3809
2.9120,28.3810,28.3809
2.9160,28.3807,28.3809
2.9200,28.3811,28.3809
2.9240,28.3807,28.3809
2.9280,28.3810,28.3809
2.9320,28.3807,28.3809
2.9360,28.3810,28.3809
2.9400,28.3806,28.3809
2.9440,28.3811,28.3809
2.9480,28.3807,28.3809
2.9520,28.3811,28.3809
2.9560,28.3807,28.3809
2.9600,28.3810,28.3809
2.9640,28.3807,28.3809
2.9680,28.3812,28.3809
2.9720,28.3807,28.3809
2.9760,28.3811,28.3809
2.9800,28.3806,28.3809
2.9840,28.3810,28.3809
2.9880,28.3806,28.3809
2.9920,28.3811,28.3809
2.9960,28.3807,28.3809
3.0000,28.3811,28.3809
3.0040,28.3806,28.3809
3.0080,28.3810,28.3809
3.0120,28.3807,28.3809
3.0160,28.3810,28.3809
3.0200,28.3807,28.3809
3.0240,28.3810,28.3809
3.0280,28.3807,28.3809
3.0320,28.3811,28.3809
3.0360,28.3807,28.3809
3.0400,28.3810,28.3809
3.0440,28.3807,28.3809
3.0480,28.3811,28.3809
3.0520,28.3807,28.3809
3.0560,28.3810,28.3809
3.0600,28.3807,28.3809
3.0640,28.3810,28.3809
3.0680,28.3807,28.3808
3.0720,28.3811,28.3808
3.0760,28.3808,28.3808
3.0800,28.3810,28.3808
3.0840,28.3807,28.3808
3.0880,28.3810,28.3808
3.0920,28.3805,28.3808
3.0960,28.3811,28.3808
3.1000,28.3806,28.3808
3.1040,28.3810,28.3808
3.1080,28.3806,28.3808
3.1120,28.3810,28.3808
3.1160,28.3807,28.3808
3.1200,28.3810,28.3808
3.1240,28.3807,28.3808
3.1280,28.3811,28.3808
3.1320,28.3807,28.3808
3.1360,28.3810,28.3808
3.1400,28.3807,28.3808
3.1440,28.3810,28.3808
3.1480,28.3806,28.3808
3.1520,28.3810,28.3808
3.1560,28.3807,28.3808
3.1600,28.3810,28.3808
3.1640,28.3807,28.3808
3.1680,28.3810,28.3808
3.1720,28.3806,28.3808
3.1760,28.3810,28.3808
3.1800,28.3806,28.3808
3.1840,28.3810,28.3808
3.1880,28.3807,28.3807
3.1920,28.3810,28.3807
3.1960,28.3806,28.3807
3.2000,28.3810,28.3807
3.2040,28.3807,28.3807
3.2080,28.3809,28.3807
3.2120,28.3805,28.3807
3.2160,28.3809,28.3807
3.2200,28.3806,28.3807
3.2240,28.3811,28.3807
3.2280,28.3807,28.3807
3.2320,28.3809,28.3807
3.2360,28.3806,28.3807
3.2400,28.3809,28.3807
3.2440,28.3806,28.3807
3.2480,28.3810,28.3807
3.2520,28.3806,28.3807
3.2560,28.3809,28.3807
3.2600,28.3805,28.3807
3.2640,28.3810,28.3807
3.2680,28.3806,28.3807
3.2720,28.3809,28.3807
3.2760,28.3806,28.3807
3.2800,28.3809,28.3807
3.2840,28.3805,28.3807
3.2880,28.3809,28.3807
3.2920,28.3806,28.3807
3.2960,28.3810,28.3807
3.3000,28.3805,28.3807
3.3040,28.3809,28.3807
3.3080,28.3806,28.3807
3.3120,28.3809,28.3807
3.3160,28.3806,28.3807
3.3200,28.3809,28.3807
3.3240,28.3805,28.3807
3.3280,28.3810,28.3807
3.3320,28.3806,28.3807
3.3360,28.3807,28.3807
3.3400,28.3809,28.3807
3.3440,28.3806,28.3807
3.3480,28.3809,28.3807
3.3520,28.3806,28.3807
3.3560,28.3804,28.3807
3.3600,28.3810,28.3807
3.3640,28.3805,28.3807
3.3680,28.3809,28.3807
3.3720,28.3806,28.3807
3.3760,28.3806,28.3807
3.3800,28.3809,28.3807
3.3840,28.3804,28.3807
3.3880,28.3809,28.3807
3.3920,28.3807,28.3807
3.3960,28.3804,28.3807
3.4000,28.3811,28.3807
3.4040,28.3806,28.3807
3.4080,28.3809,28.3807
3.4120,28.3805,28.3807
3.4160,28.3809,28.3807
3.4200,28.3806,28.3807
3.4240,28.3809,28.3807
3.4280,28.3805,28.3807
3.4320,28.3809,28.3807
3.4360,28.3806,28.3807
3.4400,28.3809,28.3807
3.4440,28.3805,28.3807
3.4480,28.3809,28.3807
3.4520,28.3806,28.3807
3.4560,28.3809,28.3807
3.4600,28.3805,28.3807
3.4640,28.3809,28.3807
3.4680,28.3805,28.3807
3.4720,28.3809,28.3807
3.4760,28.3806,28.3807
3.4800,28.3809,28.3807
3.4840,28.3806,28.3807
3.4880,28.3808,28.3807
3.4920,28.3805,28.3807
3.4960,28.3807,28.3807
3.5000,28.3810,28.3807
3.5040,28.3804,28.3807
3.5080,28.3809,28.3807
3.5120,28.3805,28.3807
3.5160,28.3809,28.3807
3.5200,28.3804,28.3807
3.5240,28.3809,28.3807
3.5280,28.3806,28.3807
3.5320,28.3808,28.3807
3.5360,28.3804,28.3807
3.5400,28.3809,28.3807
3.5440,28.3805,28.3807
3.5480,28.3807,28.3807
3.5520,28.3811,28.3807
3.5560,28.3804,28.3807
3.5600,28.3810,28.3807
3.5640,28.3806,28.3807
3.5680,28.3808,28.3807
3.5720,28.3806,28.3807
3.5760,28.3809,28.3807
3.5800,28.3805,28.3807
3.5840,28.3807,28.3807
3.5880,28.3810,28.3807
3.5920,28.3803,28.3807
3.5960,28.3809,28.3807
3.6000,28.3805,28.3807
3.6040,28.3810,28.3807
3.6080,28.3806,28.3807
3.6120,28.3807,28.3807
3.6160,28.3809,28.3807
3.6200,28.3805,28.3807
3.6240,28.3807,28.3807
3.6280,28.3809,28.3807
3.6320,28.3804,28.3807
3.6360,28.3810,28.3807
3.6400,28.3806,28.3807
3.6440,28.3808,28.3807
3.6480,28.3806,28.3807
3.6520,28.3807,28.3807
3.6560,28.3810,28.3807
3.6600,28.3803,28.3807
3.6640,28.3808,28.3807
3.6680,28.3805,28.3807
3.6720,28.3809,28.3807
3.6760,28.3806,28.3807
3.6800,28.3809,28.3807
3.6840,28.3806,28.3807
3.6880,28.3807,28.3807
3.6920,28.3809,28.3807
3.6960,28.3806,28.3807
3.7000,28.3809,28.3807
3.7040,28.3805,28.3807
3.7080,28.3809,28.3807
3.7120,28.3805,28.3807
3.7160,28.3809,28.3807
3.7200,28.3805,28.3807
3.7240,28.3809,28.3807
3.7280,28.3806,28.3807
3.7320,28.3809,28.3807
3.7360,28.3806,28.3807
3.7400,28.3806,28.3807
3.7440,28.3807,28.3807
3.7480,28.3805,28.3807
3.7520,28.3810,28.3807
3.7560,28.3805,28.3807
3.7600,28.3809,28.3807
3.7640,28.3806,28.3807
3.7680,28.3809,28.3807
3.7720,28.3806,28.3807
3.7760,28.3809,28.3807
3.7800,28.3806,28.3807
3.7840,28.3809,28.3807
3.7880,28.3805,28.3807
3.7920,28.3809,28.3807
3.7960,28.3805,28.3807
3.8000,28.3809,28.3807
3.8040,28.3805,28.3807
3.8080,28.3809,28.3807
3.8120,28.3805,28.3807
3.8160,28.3809,28.3807
3.8200,28.3805,28.3807
3.8240,28.3808,28.3807
3.8280,28.3806,28.3807
3.8320,28.3809,28.3807
3.8360,28.3806,28.3807
3.8400,28.3809,28.3807
3.8440,28.3806,28.3807
3.8480,28.3809,28.3807
3.8520,28.3806,28.3807
3.8560,28.3809,28.3807
3.8600,28.3805,28.3807
3.8640,28.3809,28.3807
3.8680,28.3806,28.3807
3.8720,28.3808,28.3807
3.8760,28.3805,28.3807
3.8800,28.3809,28.3807
3.8840,28.3805,28.3807
3.8880,28.3809,28.3807
3.8920,28.3805,28.3807
3.8960,28.3809,28.3807
3.9000,28.3806,28.3807
3.9040,28.3809,28.3807
3.9080,28.3806,28.3807
3.9120,28.3809,28.3807
3.9160,28.3806,28.3807
3.9200,28.3809,28.3807
3.9240,28.3805,28.3807
3.9280,28.3809,28.3807
3.9320,28.3805,28.3807
3.9360,28.3809,28.3807
3.9400,28.3805,28.3807
3.9440,28.3810,28.3807
3.9480,28.3805,28.3807
3.9520,28.3810,28.3807
3.9560,28.3805,28.3807
3.9600,28.3809,28.3807
3.9640,28.3806,28.3807
3.9680,28.3810,28.3807
3.9720,28.3805,28.3807
3.9760,28.3809,28.3807
3.9800,28.3806,28.3807
3.9840,28.3809,28.3807
3.9880,28.3805,28.3807
3.9920,28.3809,28.3807
3.9960,28.3805,28.3807
4.0000,28.3810,28.3807
4.0040,28.3805,28.3807
4.0080,28.3808,28.3807
4.0120,28.3805,28.3807
4.0160,28.3809,28.3807
4.0200,28.3806,28.3807
4.0240,28.3810,28.3807
4.0280,28.3805,28.3807
4.0320,28.3810,28.3807
4.0360,28.3805,28.3807
4.0400,28.3810,28.3807
4.0440,28.3805,28.3807
4.0480,28.3810,28.3807
4.0520,28.3805,28.3807
4.0560,28.3809,28.3807
4.0600,28.3806,28.3807
4.0640,28.3809,28.3807
4.0680,28.3805,28.3807
4.0720,28.3809,28.3807
4.0760,28.3805,28.3807
4.0800,28.3809,28.3807
4.0840,28.3805,28.3807
4.0880,28.3809,28.3807
4.0920,28.3806,28.3807
4.0960,28.3809,28.3807
4.1000,28.3804,28.3807
4.1040,28.3809,28.3807
4.1080,28.3806,28.3807
4.1120,28.3809,28.3807
4.1160,28.3805,28.3807
4.1200,28.3810,28.3807
4.1240,28.3806,28.3807
4.1280,28.3808,28.3807
4.1320,28.3806,28.3807
4.1360,28.3810,28.3807
4.1400,28.3804,28.3807
4.1440,28.3808,28.3807
4.1480,28.3807,28.3807
4.1520,28.3809,28.3807
4.1560,28.3806,28.3807
4.1600,28.3809,28.3807
4.1640,28.3805,28.3807
4.1680,28.3810,28.3808
4.1720,28.3805,28.3808
4.1760,28.3809,28.3808
4.1800,28.3805,28.3808
4.1840,28.3809,28.3807
4.1880,28.3805,28.3807
4.1920,28.3808,28.3807
4.1960,28.3806,28.3808
4.2000,28.3809,28.3808
4.2040,28.3806,28.3808
4.2080,28.3809,28.3808
4.2120,28.3806,28.3808
4.2160,28.3808,28.3808
4.2200,28.3806,28.3808
4.2240,28.3810,28.3808
4.2280,28.3805,28.3808
4.2320,28.3810,28.3808
4.2360,28.3806,28.3808
4.2400,28.3808,28.3808
4.2440,28.3807,28.3808
4.2480,28.3809,28.3808
4.2520,28.3805,28.3807
4.2560,28.3808,28.3807
4.2600,28.3806,28.3807
4.2640,28.3809,28.3808
4.2680,28.3806,28.3808
4.2720,28.3808,28.3808
4.2760,28.3807,28.3807
4.2800,28.3809,28.3807
4.2840,28.3806,28.3808
4.2880,28.3809,28.3808
4.2920,28.3806,28.3807
4.2960,28.3808,28.3807
4.3000,28.3806,28.3807
4.3040,28.3810,28.3808
4.3080,28.3806,28.3808
4.3120,28.3809,28.3808
4.3160,28.3806,28.3807
4.3200,28.3809,28.3807
4.3240,28.3807,28.3807
4.3280,28.3809,28.3808
4.3320,28.3806,28.3808
4.3360,28.3808,28.3808
4.3400,28.3807,28.3808
4.3440,28.3809,28.3808
4.3480,28.3806,28.3808
4.3520,28.3808,28.3807
4.3560,28.3807,28.3807
4.3600,28.3809,28.3807
4.3640,28.3806,28.3807
4.3680,28.3808,28.3808
4.3720,28.3806,28.3808
4.3760,28.3809,28.3808
4.3800,28.3805,28.3808
4.3840,28.3809,28.3807
4.3880,28.3807,28.3807
4.3920,28.3809,28.3807
4.3960,28.3806,28.3807
4.4000,28.3809,28.3807
4.4040,28.3806,28.3808
4.4080,28.3809,28.3808
4.4120,28.3806,28.3808
4.4160,28.3809,28.3807
4.4200,28.3807,28.3808
4.4240,28.3809,28.3808
4.4280,28.3805,28.3808
4.4320,28.3808,28.3808
4.4360,28.3807,28.3808
4.4400,28.3809,28.3808
4.4440,28.3806,28.3808
4.4480,28.3808,28.3808
4.4520,28.3806,28.3808
4.4560,28.3809,28.3807
4.4600,28.3807,28.3807
4.4640,28.3809,28.3808
4.4680,28.3806,28.3808
4.4720,28.3809,28.3808
4.4760,28.3807,28.3808
4.4800,28.3809,28.3808
4.4840,28.3806,28.3808
4.4880,28.3808,28.3808
4.4920,28.3806,28.3808
4.4960,28.3809,28.3808
4.5000,28.3807,28.3808
4.5040,28.3809,28.3808
4.5080,28.3806,28.3808
4.5120,28.3808,28.3808
4.5160,28.3807,28.3808
4.5200,28.3809,28.3808
4.5240,28.3806,28.3808
4.5280,28.3808,28.3808
4.5320,28.3805,28.3808
4.5360,28.3809,28.3808
4.5400,28.3807,28.3808
4.5440,28.3809,28.3808
4.5480,28.3805,28.3808
4.5520,28.3808,28.3808
4.5560,28.3807,28.3808
4.5600,28.3809,28.3808
4.5640,28.3806,28.3808
4.5680,28.3808,28.3808
4.5720,28.3807,28.3808
4.5760,28.3809,28.3808
4.5800,28.3806,28.3808
4.5840,28.3808,28.3808
4.5880,28.3807,28.3808
4.5920,28.3809,28.3808
4.5960,28.3806,28.3808
4.6000,28.3808,28.3808
4.6040,28.3807,28.3808
4.6080,28.3809,28.3808
4.6120,28.3806,28.3808
4.6160,28.3808,28.3808
4.6200,28.3807,28.3808
4.6240,28.3809,28.3808
4.6280,28.3807,28.3808
4.6320,28.3809,28.3808
4.6360,28.3806,28.3808
4.6400,28.3808,28.3808
4.6440,28.3807,28.3808
4.6480,28.3809,28.3808
4.6520,28.3807,28.3808
4.6560,28.3809,28.3808
4.6600,28.3807,28.3808
4.6640,28.3808,28.3808
4.6680,28.3807,28.3808
4.6720,28.3809,28.3808
4.6760,28.3807,28.3808
4.6800,28.3809,28.3808
4.6840,28.3807,28.3808
4.6880,28.3808,28.3808
4.6920,28.3807,28.3808
4.6960,28.3809,28.3808
4.7000,28.3807,28.3808
4.7040,28.3809,28.3808
4.7080,28.3806,28.3808
4.7120,28.3808,28.3808
4.7160,28.3807,28.3808
4.7200,28.3809,28.3808
4.7240,28.3807,28.3808
4.7280,28.3809,28.3808
4.7320,28.3807,28.3808
4.7360,28.3808,28.3808
4.7400,28.3807,28.3808
4.7440,28.3809,28.3808
4.7480,28.3808,28.3808
4.7520,28.3809,28.3808
4.7560,28.3807,28.3808
4.7600,28.3809,28.3808
4.7640,28.3807,28.3808
4.7680,28.3809,28.3808
4.7720,28.3808,28.3808
4.7760,28.3809,28.3808
4.7800,28.3807,28.3808
4.7840,28.3809,28.3808
4.7880,28.3807,28.3808
4.7920,28.3809,28.3808
4.7960,28.3808,28.3808
4.8000,28.3809,28.3808
4.8040,28.3807,28.3808
4.8080,28.3809,28.3808
4.8120,28.3807,28.3808
4.8160,28.3809,28.3808
4.8200,28.3807,28.3808
4.8240,28.3809,28.3808
4.8280,28.3807,28.3808
4.8320,28.3809,28.3808
4.8360,28.3807,28.3808
4.8400,28.3809,28.3808
4.8440,28.3807,28.3808
4.8480,28.3809,28.3808
4.8520,28.3807,28.3808
4.8560,28.3808,28.3808
4.8600,28.3807,28.3808
4.8640,28.3809,28.3808
4.8680,28.3807,28.3808
4.8720,28.3809,28.3808
4.8760,28.3807,28.3808
4.8800,28.3808,28.3808
4.8840,28.3807,28.3808
4.8880,28.3809,28.3808
4.8920,28.3808,28.3808
4.8960,28.3809,28.3808
4.9000,28.3807,28.3808
4.9040,28.3808,28.3808
4.9080,28.3807,28.3808
4.9120,28.3809,28.3808
4.9160,28.3808,28.3808
4.9200,28.3808,28.3808
4.9240,28.3807,28.3808
4.9280,28.3809,28.3808
4.9320,28.3808,28.3808
4.9360,28.3809,28.3808
4.9400,28.3807,28.3808
4.9440,28.3809,28.3808
4.9480,28.3808,28.3808
4.9520,28.3809,28.3808
4.9560,28.3808,28.3808
4.9600,28.3809,28.3808
4.9640,28.3808,28.3808
4.9680,28.3809,28.3808
4.9720,28.3806,28.3808
4.9760,28.3808,28.3808
4.9800,28.3807,28.3808
4.9840,28.3809,28.3808
4.9880,28.3807,28.3808
4.9920,28.3809,28.3808
4.9960,28.3807,28.3808
5.0000,28.3809,28.3808
5.0040,28.3808,28.3808
5.0080,28.3809,28.3808
5.0120,28.3807,28.3808
5.0160,28.3809,28.3808
5.0200,28.3807,28.3808
5.0240,28.3809,28.3808
5.0280,28.3808,28.3808
5.0320,28.3808,28.3808
5.0360,28.3807,28.3808
5.0400,28.3809,28.3808
5.0440,28.3808,28.3808
5.0480,28.3808,28.3808
5.0520,28.3808,28.3808
5.0560,28.3808,28.3808
5.0600,28.3807,28.3808
5.0640,28.3809,28.3808
5.0680,28.3808,28.3808
5.0720,28.3809,28.3808
5.0760,28.3807,28.3808
5.0800,28.3808,28.3808
5.0840,28.3807,28.3808
5.0880,28.3809,28.3808
5.0920,28.3807,28.3808
5.0960,28.3808,28.3808
5.1000,28.3807,28.3808
5.1040,28.3808,28.3808
5.1080,28.3807,28.3808
5.1120,28.3808,28.3808
5.1160,28.3807,28.3808
5.1200,28.3807,28.3808
5.1240,28.3808,28.3808
5.1280,28.3807,28.3808
5.1320,28.3807,28.3808
5.1360,28.3807,28.3808
5.1400,28.3808,28.3808
5.1440,28.3808,28.3808
5.1480,28.3808,28.3808
5.1520,28.3808,28.3808
5.1560,28.3807,28.3808
5.1600,28.3809,28.3808
5.1640,28.3808,28.3808
5.1680,28.3809,28.3808
5.1720,28.3807,28.3808
5.1760,28.3808,28.3808
5.1800,28.3808,28.3808
5.1840,28.3809,28.3808
5.1880,28.3808,28.3808
5.1920,28.3808,28.3808
5.1960,28.3807,28.3808
5.2000,28.3809,28.3808
5.2040,28.3808,28.3808
5.2080,28.3807,28.3808
5.2120,28.3808,28.3808
5.2160,28.3808,28.3808
5.2200,28.3808,28.3808
5.2240,28.3808,28.3808
5.2280,28.3808,28.3808
5.2320,28.3807,28.3808
5.2360,28.3809,28.3808
5.2400,28.3807,28.3808
5.2440,28.3808,28.3808
5.2480,28.3807,28.3808
5.2520,28.3809,28.3808
5.2560,28.3807,28.3808
5.2600,28.3808,28.3808
5.2640,28.3807,28.3808
5.2680,28.3808,28.3808
5.2720,28.3808,28.3808
5.2760,28.3808,28.3808
5.2800,28.3807,28.3808
5.2840,28.3807,28.3808
5.2880,28.3809,28.3808
5.2920,28.3807,28.3808
5.2960,28.3809,28.3808
5.3000,28.3808,28.3808
5.3040,28.3809,28.3808
5.3080,28.3807,28.3808
5.3120,28.3808,28.3808
5.3160,28.3808,28.3808
5.3200,28.3808,28.3808
5.3240,28.3807,28.3808
5.3280,28.3808,28.3808
5.3320,28.3807,28.3808
5.3360,28.3808,28.3808
5.3400,28.3807,28.3808
5.3440,28.3808,28.3808
5.3480,28.3807,28.3808
5.3520,28.3807,28.3808
5.3560,28.3809,28.3808
5.3600,28.3807,28.3808
5.3640,28.3808,28.3808
5.3680,28.3807,28.3808
5.3720,28.3808,28.3808
5.3760,28.3807,28.3808
5.3800,28.3808,28.3808
5.3840,28.3807,28.3808
5.3880,28.3808,28.3808
5.3920,28.3807,28.3808
5.3960,28.3807,28.3808
5.4000,28.3807,28.3808
5.4040,28.3808,28.3808
5.4080,28.3807,28.3808
5.4120,28.3807,28.3808
5.4160,28.3807,28.3808
5.4200,28.3807,28.3808
5.4240,28.3809,28.3808
5.4280,28.3807,28.3808
5.4320,28.3809,28.3808
5.4360,28.3807,28.3808
5.4400,28.3808,28.3808
5.4440,28.3807,28.3808
5.4480,28.3807,28.3808
5.4520,28.3808,28.3808
5.4560,28.3808,28.3808
5.4600,28.3807,28.3808
5.4640,28.3809,28.3808
5.4680,28.3806,28.3808
5.4720,28.3808,28.3808
5.4760,28.3807,28.3808
5.4800,28.3808,28.3808
5.4840,28.3807,28.3808
5.4880,28.3808,28.3808
5.4920,28.3807,28.3808
5.4960,28.3809,28.3808
5.5000,28.3808,28.3808
5.5040,28.3808,28.3808
5.5080,28.3807,28.3808
5.5120,28.3808,28.3808
5.5160,28.3807,28.3808
5.5200,28.3807,28.3808
5.5240,28.3808,28.3808
5.5280,28.3807,28.3808
5.5320,28.3809,28.3808
5.5360,28.3807,28.3808
5.5400,28.3808,28.3808
5.5440,28.3807,28.3808
5.5480,28.3808,28.3808
5.5520,28.3807,28.3808
5.5560,28.3807,28.3808
5.5600,28.3808,28.3808
5.5640,28.3807,28.3808
5.5680,28.3809,28.3808
5.5720,28.3807,28.3808
5.5760,28.3808,28.3808
5.5800,28.3807,28.3808
5.5840,28.3808,28.3808
5.5880,28.3807,28.3808
5.5920,28.3807,28.3808
5.5960,28.3809,28.3808
5.6000,28.3806,28.3808
5.6040,28.3808,28.3808
5.6080,28.3807,28.3808
5.6120,28.3808,28.3808
5.6160,28.3807,28.3808
5.6200,28.3807,28.3808
5.6240,28.3808,28.3808
5.6280,28.3809,28.3808
5.6320,28.3808,28.3808
5.6360,28.3807,28.3808
5.6400,28.3808,28.3808
5.6440,28.3808,28.3808
5.6480,28.3808,28.3808
5.6520,28.3808,28.3808
5.6560,28.3808,28.3808
5.6600,28.3807,28.3808
5.6640,28.3807,28.3808
5.6680,28.3807,28.3808
5.6720,28.3807,28.3808
5.6760,28.3808,28.3808
5.6800,28.3808,28.3808
5.6840,28.3808,28.3808
5.6880,28.3808,28.3808
5.6920,28.3808,28.3808
5.6960,28.3809,28.3808
5.7000,28.3808,28.3808
5.7040,28.3808,28.3808
5.7080,28.3808,28.3808
5.7120,28.3808,28.3808
5.7160,28.3808,28.3808
5.7200,28.3808,28.3808
5.7240,28.3808,28.3808
5.7280,28.3808,28.3808
5.7320,28.3808,28.3808
5.7360,28.3808,28.3808
5.7400,28.3808,28.3808
5.7440,28.3808,28.3808
5.7480,28.3808,28.3808
5.7520,28.3808,28.3808
5.7560,28.3808,28.3808
5.7600,28.3808,28.3808
5.7640,28.3808,28.3808
5.7680,28.3808,28.3808
5.7720,28.3807,28.3808
5.7760,28.3808,28.3808
5.7800,28.3808,28.3808
5.7840,28.3808,28.3808
5.7880,28.3807,28.3808
5.7920,28.3810,28.3808
5.7960,28.3807,28.3808
5.8000,28.3809,28.3808
5.8040,28.3806,28.3808
5.8080,28.3809,28.3808
5.8120,28.3807,28.3808
5.8160,28.3810,28.3808
5.8200,28.3806,28.3808
5.8240,28.3809,28.3808
5.8280,28.3807,28.3808
5.8320,28.3810,28.3808
5.8360,28.3807,28.3808
5.8400,28.3810,28.3808
5.8440,28.3806,28.3808
5.8480,28.3809,28.3808
5.8520,28.3807,28.3808
5.8560,28.3809,28.3808
5.8600,28.3806,28.3808
5.8640,28.3809,28.3808
5.8680,28.3806,28.3808
5.8720,28.3810,28.3808
5.8760,28.3806,28.3808
5.8800,28.3810,28.3808
5.8840,28.3806,28.3808
5.8880,28.3808,28.3808
5.8920,28.3807,28.3808
5.8960,28.3811,28.3808
5.9000,28.3807,28.3808
5.9040,28.3810,28.3808
5.9080,28.3805,28.3808
5.9120,28.3810,28.3808
5.9160,28.3806,28.3808
5.9200,28.3810,28.3808
5.9240,28.3807,28.3808
5.9280,28.3810,28.3808
5.9320,28.3806,28.3808
5.9360,28.3810,28.3808
5.9400,28.3805,28.3808
5.9440,28.3811,28.3808
5.9480,28.3805,28.3808
5.9520,28.3810,28.3808
5.9560,28.3805,28.3808
5.9600,28.3811,28.3808
5.9640,28.3806,28.3808
5.9680,28.3811,28.3808
5.9720,28.3806,28.3808
5.9760,28.3809,28.3808
5.9800,28.3805,28.3808
5.9840,28.3811,28.3808
5.9880,28.3805,28.3808
5.9920,28.3810,28.3808
5.9960,28.3805,28.3808
6.0000,28.3810,28.3808
6.0040,28.3805,28.3808
6.0080,28.3811,28.3808
6.0120,28.3805,28.3808
6.0160,28.3811,28.3808
6.0200,28.3807,28.3808
6.0240,28.3810,28.3808
6.0280,28.3805,28.3808
6.0320,28.3811,28.3808
6.0360,28.3806,28.3808
6.0400,28.3807,28.3808
6.0440,28.3805,28.3808
6.0480,28.3812,28.3808
6.0520,28.3805,28.3808
6.0560,28.3808,28.3808
6.0600,28.3807,28.3808
6.0640,28.3812,28.3808
6.0680,28.3807,28.3808
6.0720,28.3808,28.3808
6.0760,28.3808,28.3808
6.0800,28.3807,28.3808
6.0840,28.3809,28.3808
6.0880,28.3809,28.3808
6.0920,28.3806,28.3808
6.0960,28.3807,28.3808
6.1000,28.3809,28.3808
6.1040,28.3807,28.3808
6.1080,28.3809,28.3808
6.1120,28.3809,28.3808
6.1160,28.3807,28.3808
6.1200,28.3805,28.3808
6.1240,28.3812,28.3808
6.1280,28.3807,28.3808
6.1320,28.3807,28.3808
6.1360,28.3810,28.3808
6.1400,28.3806,28.3808
6.1440,28.3806,28.3808
6.1480,28.3811,28.3808
6.1520,28.3807,28.3808
6.1560,28.3806,28.3808
6.1600,28.3810,28.3808
6.1640,28.3806,28.3808
6.1680,28.3807,28.3808
6.1720,28.3808,28.3808
6.1760,28.3809,28.3808
6.1800,28.3810,28.3808
6.1840,28.3804,28.3808
6.1880,28.3812,28.3808
6.1920,28.3807,28.3808
6.1960,28.3809,28.3808
6.2000,28.3810,28.3808
6.2040,28.3805,28.3808
6.2080,28.3811,28.3808
6.2120,28.3810,28.3808
6.2160,28.3803,28.3808
6.2200,28.3812,28.3808
6.2240,28.3809,28.3808
6.2280,28.3802,28.3808
6.2320,28.3812,28.3809
6.2360,28.3807,28.3809
6.2400,28.3808,28.3809
6.2440,28.3812,28.3809
6.2480,28.3800,28.3809
6.2520,28.3813,28.3809
6.2560,28.3808,28.3809
6.2600,28.3804,28.3809
6.2640,28.3814,28.3809
6.2680,28.3803,28.3809
6.2720,28.3806,28.3809
6.2760,28.3813,28.3809
6.2800,28.3812,28.3809
6.2840,28.3804,28.3809
6.2880,28.3810,28.3809
6.2920,28.3809,28.3809
6.2960,28.3803,28.3809
6.3000,28.3815,28.3809
6.3040,28.3804,28.3809
6.3080,28.3808,28.3809
6.3120,28.3811,28.3809
6.3160,28.3803,28.3809
6.3200,28.3819,28.3809
6.3240,28.3802,28.3809
6.3280,28.3812,28.3809
6.3320,28.3813,28.3809
6.3360,28.3801,28.3809
6.3400,28.3813,28.3809
6.3440,28.3809,28.3809
6.3480,28.3805,28.3809
6.3520,28.3812,28.3809
6.3560,28.3803,28.3809
6.3600,28.3812,28.3809
6.3640,28.3809,28.3809
6.3680,28.3808,28.3809
6.3720,28.3812,28.3809
6.3760,28.3804,28.3809
6.3800,28.3817,28.3809
6.3840,28.3800,28.3809
6.3880,28.3814,28.3809
6.3920,28.3809,28.3809
6.3960,28.3806,28.3809
6.4000,28.3812,28.3809
6.4040,28.3804,28.3809
6.4080,28.3814,28.3809
6.4120,28.3807,28.3809
6.4160,28.3806,28.3809
6.4200,28.3813,28.3809
6.4240,28.3805,28.3809
6.4280,28.3814,28.3809
6.4320,28.3804,28.3809
6.4360,28.3817,28.3809
6.4400,28.3805,28.3809
6.4440,28.3809,28.3809
6.4480,28.3815,28.3809
6.4520,28.3806,28.3809
6.4560,28.3814,28.3809
6.4600,28.3809,28.3809
6.4640,28.3805,28.3810
6.4680,28.3814,28.3810
6.4720,28.3802,28.3810
6.4760,28.3816,28.3810
6.4800,28.3802,28.3810
6.4840,28.3811,28.3810
6.4880,28.3816,28.3810
6.4920,28.3804,28.3810
6.4960,28.3812,28.3810
6.5000,28.3813,28.3810
6.5040,28.3804,28.3810
6.5080,28.3816,28.3810
6.5120,28.3806,28.3810
6.5160,28.3807,28.3810
6.5200,28.3816,28.3810
6.5240,28.3808,28.3810
6.5280,28.3807,28.3810
6.5320,28.3812,28.3810
6.5360,28.3805,28.3810
6.5400,28.3812,28.3810
6.5440,28.3813,28.3810
6.5480,28.3806,28.3810
6.5520,28.3813,28.3810
6.5560,28.3806,28.3810
6.5600,28.3815,28.3810
6.5640,28.3809,28.3810
6.5680,28.3804,28.3810
6.5720,28.3814,28.3810
6.5760,28.3810,28.3810
6.5800,28.3803,28.3810
6.5840,28.3816,28.3810
6.5880,28.3810,28.3810
6.5920,28.3805,28.3810
6.5960,28.3816,28.3810
6.6000,28.3804,28.3810
6.6040,28.3815,28.3810
6.6080,28.3811,28.3810
6.6120,28.3804,28.3810
6.6160,28.3814,28.3810
6.6200,28.3800,28.3810
6.6240,28.3818,28.3810
6.6280,28.3807,28.3810
6.6320,28.3811,28.3810
6.6360,28.3813,28.3810
6.6400,28.3804,28.3810
6.6440,28.3817,28.3810
6.6480,28.3804,28.3810
6.6520,28.3810,28.3810
6.6560,28.3817,28.3810
6.6600,28.3807,28.3810
6.6640,28.3804,28.3810
6.6680,28.3818,28.3810
6.6720,28.3797,28.3810
6.6760,28.3817,28.3810
6.6800,28.3811,28.3810
6.6840,28.3804,28.3810
6.6880,28.3818,28.3810
6.6920,28.3802,28.3810
6.6960,28.3814,28.3810
6.7000,28.3806,28.3810
6.7040,28.3811,28.3810
6.7080,28.3818,28.3810
6.7120,28.3801,28.3810
6.7160,28.3814,28.3810
6.7200,28.3808,28.3810
6.7240,28.3806,28.3810
6.7280,28.3819,28.3810
6.7320,28.3801,28.3810
6.7360,28.3813,28.3810
6.7400,28.3816,28.3810
6.7440,28.3807,28.3810
6.7480,28.3812,28.3810
6.7520,28.3815,28.3810
6.7560,28.3796,28.3810
6.7600,28.3821,28.3810
6.7640,28.3800,28.3810
6.7680,28.3814,28.3810
6.7720,28.3807,28.3810
6.7760,28.3810,28.3810
6.7800,28.3820,28.3810
6.7840,28.3793,28.3810
6.7880,28.3824,28.3810
6.7920,28.3800,28.3810
6.7960,28.3815,28.3810
6.8000,28.3807,28.3810
6.8040,28.3808,28.3810
6.8080,28.3818,28.3810
6.8120,28.3802,28.3810
6.8160,28.3812,28.3810
6.8200,28.3813,28.3810
6.8240,28.3803,28.3810
6.8280,28.3820,28.3810
6.8320,28.3802,28.3810
6.8360,28.3811,28.3810
6.8400,28.3808,28.3810
6.8440,28.3812,28.3810
6.8480,28.3810,28.3810
6.8520,28.3811,28.3810
6.8560,28.3810,28.3810
6.8600,28.3809,28.3810
6.8640,28.3818,28.3810
6.8680,28.3801,28.3810
6.8720,28.3808,28.3810
6.8760,28.3819,28.3810
6.8800,28.3796,28.3810
6.8840,28.3824,28.3810
6.8880,28.3800,28.3809
6.8920,28.3812,28.3809
6.8960,28.3809,28.3809
6.9000,28.3807,28.3809
6.9040,28.3818,28.3809
6.9080,28.3803,28.3809
6.9120,28.3815,28.3809
6.9160,28.3806,28.3809
6.9200,28.3807,28.3809
6.9240,28.3818,28.3809
6.9280,28.3796,28.3809
6.9320,28.3823,28.3809
6.9360,28.3800,28.3809
6.9400,28.3814,28.3809
6.9440,28.3808,28.3809
6.9480,28.3807,28.3809
6.9520,28.3818,28.3809
6.9560,28.3797,28.3809
6.9600,28.3822,28.3809
6.9640,28.3801,28.3809
6.9680,28.3820,28.3809
6.9720,28.3802,28.3809
6.9760,28.3817,28.3809
6.9800,28.3802,28.3809
6.9840,28.3817,28.3809
6.9880,28.3802,28.3809
6.9920,28.3813,28.3809
6.9960,28.3806,28.3809
7.0000,28.3809,28.3809
7.0040,28.3811,28.3809
7.0080,28.3809,28.3809
7.0120,28.3811,28.3809
7.0160,28.3803,28.3809
7.0200,28.3818,28.3809
7.0240,28.3796,28.3809
7.0280,28.3824,28.3809
7.0320,28.3802,28.3809
7.0360,28.3815,28.3809
7.0400,28.3799,28.3809
7.0440,28.3820,28.3809
7.0480,28.3804,28.3809
7.0520,28.3814,28.3809
7.0560,28.3807,28.3809
7.0600,28.3812,28.3809
7.0640,28.3804,28.3809
7.0680,28.3816,28.3809
7.0720,28.3803,28.3809
7.0760,28.3815,28.3809
7.0800,28.3805,28.3809
7.0840,28.3815,28.3809
7.0880,28.3802,28.3809
7.0920,28.3813,28.3809
7.0960,28.3803,28.3809
7.1000,28.3815,28.3809
7.1040,28.3804,28.3809
7.1080,28.3813,28.3809
7.1120,28.3803,28.3809
7.1160,28.3815,28.3809
7.1200,28.3804,28.3809
7.1240,28.3813,28.3809
7.1280,28.3805,28.3809
7.1320,28.3813,28.3809
7.1360,28.3809,28.3809
7.1400,28.3811,28.3809
7.1440,28.3808,28.3809
7.1480,28.3812,28.3809
7.1520,28.3805,28.3809
7.1560,28.3813,28.3809
7.1600,28.3805,28.3809
7.1640,28.3811,28.3809
7.1680,28.3808,28.3809
7.1720,28.3812,28.3809
7.1760,28.3806,28.3809
7.1800,28.3810,28.3809
7.1840,28.3806,28.3809
7.1880,28.3812,28.3809
7.1920,28.3807,28.3809
7.1960,28.3812,28.3809
7.2000,28.3807,28.3809
7.2040,28.3811,28.3809
7.2080,28.3807,28.3809
7.2120,28.3811,28.3809
7.2160,28.3807,28.3809
7.2200,28.3811,28.3809
7.2240,28.3808,28.3809
7.2280,28.3811,28.3809
7.2320,28.3806,28.3809
7.2360,28.3811,28.3809
7.2400,28.3808,28.3809
7.2440,28.3811,28.3809
7.2480,28.3808,28.3809
7.2520,28.3810,28.3809
7.2560,28.3807,28.3809
7.2600,28.3811,28.3809
7.2640,28.3808,28.3809
7.2680,28.3810,28.3809
7.2720,28.3807,28.3809
7.2760,28.3811,28.3809
7.2800,28.3807,28.3809
7.2840,28.3811,28.3808
7.2880,28.3808,28.3808
7.2920,28.3811,28.3808
7.2960,28.3806,28.3808
7.3000,28.3811,28.3808
7.3040,28.3808,28.3808
7.3080,28.3810,28.3808
7.3120,28.3808,28.3808
7.3160,28.3810,28.3807
7.3200,28.3807,28.3807
7.3240,28.3810,28.3807
7.3280,28.3810,28.3807
7.3320,28.3808,28.3807
7.3360,28.3808,28.3807
7.3400,28.3810,28.3806
7.3440,28.3808,28.3806
7.3480,28.3809,28.3806
7.3520,28.3807,28.3805
7.3560,28.3809,28.3805
7.3600,28.3808,28.3805
7.3640,28.3809,28.3804
7.3680,28.3807,28.3804
7.3720,28.3808,28.3803
7.3760,28.3808,28.3803
7.3800,28.3808,28.3803
7.3840,28.3808,28.3802
7.3880,28.3807,28.3802
7.3920,28.3807,28.3802
7.3960,28.3806,28.3801
7.4000,28.3807,28.3801
7.4040,28.3805,28.3800
7.4080,28.3806,28.3799
7.4120,28.3806,28.3799
7.4160,28.3807,28.3798
7.4200,28.3805,28.3798
7.4240,28.3805,28.3797
7.4280,28.3804,28.3796
7.4320,28.3803,28.3795
7.4360,28.3804,28.3795
7.4400,28.3804,28.3793
7.4440,28.3801,28.3791
7.4480,28.3805,28.3788
7.4520,28.3800,28.3785
7.4560,28.3802,28.3781
7.4600,28.3802,28.3778
7.4640,28.3801,28.3774
7.4680,28.3801,28.3769
7.4720,28.3801,28.3763
7.4760,28.3798,28.3756
7.4800,28.3801,28.3749
7.4840,28.3798,28.3740
7.4880,28.3797,28.3731
7.4920,28.3794,28.3721
7.4960,28.3793,28.3710
7.5000,28.3795,28.3696
7.5040,28.3790,28.3683
7.5080,28.3789,28.3669
7.5120,28.3786,28.3655
7.5160,28.3783,28.3641
7.5200,28.3778,28.3628
7.5240,28.3774,28.3617
7.5280,28.3770,28.3606
7.5320,28.3769,28.3597
7.5360,28.3762,28.3588
7.5400,28.3757,28.3581
7.5440,28.3749,28.3573
7.5480,28.3740,28.3566
7.5520,28.3731,28.3559
7.5560,28.3721,28.3556
7.5600,28.3710,28.3553
7.5640,28.3698,28.3552
7.5680,28.3698,28.3551
7.5720,28.3685,28.3550
7.5760,28.3675,28.3549
7.5800,28.3663,28.3549
7.5840,28.3652,28.3548
7.5880,28.3640,28.3548
7.5920,28.3642,28.3547
7.5960,28.3631,28.3547
7.6000,28.3622,28.3546
7.6040,28.3610,28.3546
7.6080,28.3604,28.3545
7.6120,28.3594,28.3544
7.6160,28.3587,28.3543
7.6200,28.3578,28.3543
7.6240,28.3581,28.3542
7.6280,28.3573,28.3542
7.6320,28.3566,28.3541
7.6360,28.3563,28.3541
7.6400,28.3560,28.3541
7.6440,28.3556,28.3540
7.6480,28.3553,28.3540
7.6520,28.3552,28.3540
7.6560,28.3551,28.3540
7.6600,28.3548,28.3540
7.6640,28.3548,28.3540
7.6680,28.3545,28.3540
7.6720,28.3546,28.3540
7.6760,28.3543,28.3540
7.6800,28.3544,28.3540
7.6840,28.3542,28.3540
7.6880,28.3543,28.3540
7.6920,28.3542,28.3540
7.6960,28.3541,28.3541
7.7000,28.3541,28.3541
7.7040,28.3542,28.3541
7.7080,28.3539,28.3541
7.7120,28.3541,28.3541
7.7160,28.3541,28.3541
7.7200,28.3540,28.3541
7.7240,28.3540,28.3541
7.7280,28.3541,28.3541
7.7320,28.3539,28.3541
7.7360,28.3540,28.3541
7.7400,28.3541,28.3541
7.7440,28.3540,28.3541
7.7480,28.3539,28.3541
7.7520,28.3540,28.3542
7.7560,28.3540,28.3542
7.7600,28.3541,28.3542
7.7640,28.3540,28.3542
7.7680,28.3541,28.3542
7.7720,28.3540,28.3542
7.7760,28.3541,28.3543
7.7800,28.3540,28.3543
7.7840,28.3541,28.3543
7.7880,28.3541,28.3543
7.7920,28.3542,28.3543
7.7960,28.3540,28.3544
7.8000,28.3541,28.3544
7.8040,28.3542,28.3544
7.8080,28.3541,28.3545
7.8120,28.3541,28.3545
7.8160,28.3542,28.3545
7.8200,28.3542,28.3545
7.8240,28.3541,28.3546
7.8280,28.3542,28.3546
7.8320,28.3541,28.3546
7.8360,28.3542,28.3546
7.8400,28.3542,28.3546
7.8440,28.3543,28.3547
7.8480,28.3543,28.3547
7.8520,28.3542,28.3547
7.8560,28.3543,28.3547
7.8600,28.3544,28.3547
7.8640,28.3543,28.3548
7.8680,28.3544,28.3548
7.8720,28.3544,28.3548
7.8760,28.3545,28.3548
7.8800,28.3545,28.3548
7.8840,28.3544,28.3549
7.8880,28.3545,28.3549
7.8920,28.3546,28.3549
7.8960,28.3545,28.3549
7.9000,28.3546,28.3549
7.9040,28.3546,28.3549
7.9080,28.3546,28.3549
7.9120,28.3546,28.3549
7.9160,28.3547,28.3550
7.9200,28.3548,28.3550
7.9240,28.3547,28.3550
7.9280,28.3547,28.3550
7.9320,28.3547,28.3550
7.9360,28.3547,28.3551
7.9400,28.3548,28.3551
7.9440,28.3548,28.3551
7.9480,28.3548,28.3551
7.9520,28.3549,28.3551
7.9560,28.3549,28.3551
7.9600,28.3549,28.3552
7.9640,28.3549,28.3552
7.9680,28.3548,28.3552
7.9720,28.3548,28.3552
7.9760,28.3550,28.3552
7.9800,28.3550,28.3552
7.9840,28.3549,28.3552
7.9880,28.3550,28.3552
7.9920,28.3550,28.3552
7.9960,28.3550,28.3552
8.0000,28.3549,28.3552
8.0040,28.3550,28.3552
8.0080,28.3550,28.3552
8.0120,28.3552,28.3552
8.0160,28.3550,28.3552
8.0200,28.3550,28.3552
8.0240,28.3551,28.3552
8.0280,28.3551,28.3552
8.0320,28.3551,28.3552
8.0360,28.3553,28.3552
8.0400,28.3551,28.3552
8.0440,28.3551,28.3552
8.0480,28.3552,28.3552
8.0520,28.3552,28.3552
8.0560,28.3551,28.3552
8.0600,28.3552,28.3552
8.0640,28.3552,28.3553
8.0680,28.3553,28.3553
8.0720,28.3553,28.3553
8.0760,28.3552,28.3553
8.0800,28.3552,28.3553
8.0840,28.3552,28.3553
8.0880,28.3553,28.3553
8.0920,28.3553,28.3553
8.0960,28.3552,28.3553
8.1000,28.3552,28.3553
8.1040,28.3552,28.3553
8.1080,28.3553,28.3553
8.1120,28.3552,28.3553
8.1160,28.3553,28.3553
8.1200,28.3553,28.3553
8.1240,28.3552,28.3553
8.1280,28.3552,28.3553
8.1320,28.3553,28.3553
8.1360,28.3553,28.3553
8.1400,28.3552,28.3553
8.1440,28.3552,28.3553
8.1480,28.3552,28.3553
8.1520,28.3552,28.3553
8.1560,28.3554,28.3553
8.1600,28.3553,28.3553
8.1640,28.3553,28.3553
8.1680,28.3553,28.3553
8.1720,28.3552,28.3553
8.1760,28.3553,28.3553
8.1800,28.3553,28.3553
8.1840,28.3552,28.3553
8.1880,28.3552,28.3553
8.1920,28.3552,28.3553
8.1960,28.3553,28.3553
8.2000,28.3553,28.3553
8.2040,28.3552,28.3553
8.2080,28.3553,28.3553
8.2120,28.3552,28.3553
8.2160,28.3552,28.3553
8.2200,28.3553,28.3553
8.2240,28.3553,28.3553
8.2280,28.3553,28.3554
8.2320,28.3553,28.3554
8.2360,28.3553,28.3554
8.2400,28.3552,28.3554
8.2440,28.3553,28.3554
8.2480,28.3553,28.3554
8.2520,28.3553,28.3554
8.2560,28.3553,28.3554
8.2600,28.3553,28.3554
8.2640,28.3552,28.3554
8.2680,28.3554,28.3554
8.2720,28.3554,28.3555
8.2760,28.3553,28.3555
8.2800,28.3553,28.3555
8.2840,28.3554,28.3556
8.2880,28.3552,28.3557
8.2920,28.3554,28.3558
8.2960,28.3552,28.3558
8.3000,28.3554,28.3558
8.3040,28.3554,28.3558
8.3080,28.3554,28.3559
8.3120,28.3554,28.3559
8.3160,28.3554,28.3559
8.3200,28.3554,28.3559
8.3240,28.3555,28.3559
8.3280,28.3553,28.3560
8.3320,28.3554,28.3560
8.3360,28.3555,28.3560
8.3400,28.3556,28.3561
8.3440,28.3554,28.3561
8.3480,28.3555,28.3561
8.3520,28.3555,28.3561
8.3560,28.3557,28.3561
8.3600,28.3557,28.3562
8.3640,28.3558,28.3562
8.3680,28.3557,28.3562
8.3720,28.3557,28.3562
8.3760,28.3558,28.3562
8.3800,28.3557,28.3562
8.3840,28.3558,28.3563
8.3880,28.3560,28.3563
8.3920,28.3559,28.3563
8.3960,28.3560,28.3564
8.4000,28.3560,28.3565
8.4040,28.3561,28.3565
8.4080,28.3560,28.3566
8.4120,28.3560,28.3566
8.4160,28.3561,28.3567
8.4200,28.3560,28.3567
8.4240,28.3561,28.3568
8.4280,28.3562,28.3568
8.4320,28.3562,28.3568
8.4360,28.3562,28.3568
8.4400,28.3562,28.3568
8.4440,28.3562,28.3568
8.4480,28.3564,28.3569
8.4520,28.3564,28.3569
8.4560,28.3563,28.3569
8.4600,28.3563,28.3570
8.4640,28.3564,28.3571
8.4680,28.3564,28.3572
8.4720,28.3566,28.3573
8.4760,28.3565,28.3574
8.4800,28.3565,28.3577
8.4840,28.3566,28.3580
8.4880,28.3566,28.3584
8.4920,28.3566,28.3588
8.4960,28.3567,28.3592
8.5000,28.3568,28.3596
8.5040,28.3567,28.3603
8.5080,28.3568,28.3611
8.5120,28.3569,28.3621
8.5160,28.3569,28.3635
8.5200,28.3570,28.3652
8.5240,28.3571,28.3674
8.5280,28.3573,28.3701
8.5320,28.3574,28.3737
8.5360,28.3577,28.3782
8.5400,28.3580,28.3847
8.5440,28.3583,28.3913
8.5480,28.3583,28.3979
8.5520,28.3588,28.4051
8.5560,28.3593,28.4153
8.5600,28.3602,28.4258
8.5640,28.3613,28.4382
8.5680,28.3626,28.4507
8.5720,28.3639,28.4660
8.5760,28.3656,28.4814
8.5800,28.3673,28.4992
8.5840,28.3675,28.5169
8.5880,28.3699,28.5413
8.5920,28.3733,28.5666
8.5960,28.3773,28.5919
8.6000,28.3822,28.6172
8.6040,28.3883,28.6363
8.6080,28.3950,28.6536
8.6120,28.4022,28.6882
8.6160,28.4028,28.7269
8.6200,28.4107,28.7717
8.6240,28.4211,28.8185
8.6280,28.4331,28.8824
8.6320,28.4464,28.9517
8.6360,28.4615,29.0211
8.6400,28.4624,29.0904
8.6440,28.4780,29.1582
8.6480,28.4973,29.2247
8.6520,28.5189,29.2943
8.6560,28.5432,29.3669
8.6600,28.5691,29.4405
8.6640,28.5993,29.5151
8.6680,28.6324,29.5916
8.6720,28.6344,29.6701
8.6760,28.6677,29.7508
8.6800,28.7092,29.8343
8.6840,28.7589,29.9177
8.6880,28.8114,30.0012
8.6920,28.8668,30.0871
8.6960,28.9276,30.1776
8.7000,28.9909,30.2685
8.7040,28.9975,30.3605
8.7080,29.0585,30.4536
8.7120,29.1300,30.5498
8.7160,29.2052,30.6463
8.7200,29.2834,30.7438
8.7240,29.3608,30.8412
8.7280,29.3713,30.9387
8.7320,29.4472,31.0368
8.7360,29.5362,31.1441
8.7400,29.6248,31.2560
8.7440,29.7204,31.4108
8.7480,29.8167,31.5652
8.7520,29.9146,31.6700
8.7560,30.0128,31.7748
8.7600,30.1096,31.8783
8.7640,30.1237,31.9817
8.7680,30.2161,32.0918
8.7720,30.3193,32.2030
8.7760,30.4249,32.3142
8.7800,30.5279,32.4254
8.7840,30.6381,32.5425
8.7880,30.7473,32.6615
8.7920,30.8556,32.7812
8.7960,30.8684,32.9013
8.8000,30.9662,33.0229
8.8040,31.0844,33.1451
8.8080,31.2026,33.2697
8.8120,31.3250,33.3952
8.8160,31.4508,33.5207
8.8200,31.4633,33.6463
8.8240,31.5757,33.7731
8.8280,31.7038,33.9008
8.8320,31.8369,34.0275
8.8360,31.9696,34.1536
8.8400,32.0993,34.2814
8.8440,32.2372,34.4111
8.8480,32.3718,34.5404
8.8520,32.3873,34.6692
8.8560,32.5109,34.8005
8.8600,32.6482,34.9355
8.8640,32.7891,35.0706
8.8680,32.9313,35.2056
8.8720,33.0737,35.3424
8.8760,33.2184,35.4828
8.8800,33.3532,35.6234
8.8840,33.3774,35.7646
8.8880,33.5063,35.9067
8.8920,33.6523,36.0514
8.8960,33.8020,36.2041
8.9000,33.9425,36.3838
8.9040,34.0973,36.5636
8.9080,34.1183,36.7433
8.9120,34.2539,36.9189
8.9160,34.4068,37.0674
8.9200,34.5611,37.2161
8.9240,34.7316,37.3669
8.9280,34.8945,37.5178
8.9320,35.0604,37.6683
8.9360,35.2276,37.8189
8.9400,35.3930,37.9728
8.9440,35.4150,38.1266
8.9480,35.5617,38.2779
8.9520,35.7283,38.4291
8.9560,35.8980,38.5804
8.9600,36.0598,38.7316
8.9640,36.2263,38.8782
8.9680,36.3879,39.0241
8.9720,36.5538,39.1776
8.9760,36.5737,39.3334
8.9800,36.7120,39.4888
8.9840,36.8755,39.6440
8.9880,37.0483,39.8013
8.9920,37.2184,39.9594
8.9960,37.3871,40.1175
9.0000,37.4103,40.2755
9.0040,37.5557,40.4331
9.0080,37.7345,40.5902
9.0120,37.9074,40.7489
9.0160,38.0855,40.9093
9.0200,38.2644,41.0700
9.0240,38.4472,41.2311
9.0280,38.6243,41.3921
9.0320,38.6485,41.5531
9.0360,38.8056,41.7319
9.0400,38.9851,41.9390
9.0440,39.1642,42.1461
9.0480,39.3512,42.3533
9.0520,39.5388,42.5467
9.0560,39.7210,42.7109
9.0600,39.9008,42.8753
9.0640,39.9301,43.0403
9.0680,40.0936,43.2050
9.0720,40.2818,43.3684
9.0760,40.4709,43.5324
9.0800,40.6566,43.6990
9.0840,40.8622,43.8656
9.0880,40.8847,44.0321
9.0920,41.0410,44.1990
9.0960,41.2537,44.3680
9.1000,41.4559,44.5372
9.1040,41.6667,44.7079
9.1080,41.8729,44.8785
9.1120,42.0823,45.0484
9.1160,42.2875,45.2182
9.1200,42.4892,45.3795
9.1240,42.5238,45.5408
9.1280,42.6970,45.7079
9.1320,42.8952,45.8757
9.1360,43.0918,46.0436
9.1400,43.2719,46.2114
9.1440,43.4596,46.3858
9.1480,43.6456,46.5622
9.1520,43.8210,46.7338
9.1560,43.8472,46.9040
9.1600,43.9952,47.0722
9.1640,44.1813,47.2397
9.1680,44.3679,47.4072
9.1720,44.5526,47.5748
9.1760,44.7407,47.7424
9.1800,44.7696,47.9100
9.1840,44.9325,48.0785
9.1880,45.1225,48.2479
9.1920,45.3240,48.4186
9.1960,45.5213,48.5905
9.2000,45.7133,48.7600
9.2040,45.9140,48.9271
9.2080,46.1112,49.1278
9.2120,46.1431,49.3874
9.2160,46.3142,49.6199
9.2200,46.5033,49.7923
9.2240,46.7141,49.9647
9.2280,46.9163,50.1371
9.2320,47.1179,50.3097
9.2360,47.3178,50.4827
9.2400,47.5101,50.6557
9.2440,47.5438,50.8284
9.2480,47.7146,51.0015
9.2520,47.9161,51.1776
9.2560,48.1210,51.3539
9.2600,48.3227,51.5324
9.2640,48.5349,51.7108
9.2680,48.5671,51.8851
9.2720,48.7443,52.0594
9.2760,48.9606,52.2337
9.2800,49.1760,52.4079
9.2840,49.3966,52.5815
9.2880,49.6146,52.7549
9.2920,49.8331,52.9250
9.2960,50.0570,53.0947
9.3000,50.2586,53.2682
9.3040,50.3067,53.4425
9.3080,50.4842,53.6223
9.3120,50.6787,53.8041
9.3160,50.8927,53.9859
9.3200,51.0927,54.1677
9.3240,51.2948,54.3462
9.3280,51.4886,54.5234
9.3320,51.6712,54.6981
9.3360,51.7030,54.8718
9.3400,51.8609,55.0471
9.3440,52.0527,55.2232
9.3480,52.2428,55.4015
9.3520,52.4359,55.5817
9.3560,52.6325,55.7834
9.3600,52.6657,56.0041
9.3640,52.8284,56.2248
9.3680,53.0308,56.4455
9.3720,53.2328,56.6474
9.3760,53.4383,56.8224
9.3800,53.6399,56.9962
9.3840,53.8507,57.1681
9.3880,54.0641,57.3401
9.3920,54.0968,57.5125
9.3960,54.2687,57.6846
9.4000,54.4680,57.8560
9.4040,54.6932,58.0275
9.4080,54.9125,58.1990
9.4120,55.1267,58.3703
9.4160,55.3444,58.5412
9.4200,55.5603,58.7116
9.4240,55.5992,58.8784
9.4280,55.7788,59.0452
9.4320,55.9986,59.2120
9.4360,56.2208,59.3788
9.4400,56.4380,59.5468
9.4440,56.6528,59.7147
9.4480,56.8738,59.8805
9.4520,56.9135,60.0463
9.4560,57.0894,60.2120
9.4600,57.2905,60.3777
9.4640,57.5002,60.5395
9.4680,57.7038,60.7005
9.4720,57.9028,60.8623
9.4760,58.0913,61.0243
9.4800,58.2784,61.1841
9.4840,58.3165,61.3431
9.4880,58.4725,61.5007
9.4920,58.6582,61.6577
9.4960,58.8471,61.8147
9.5000,59.0389,61.9717
9.5040,59.2328,62.1263
9.5080,59.4241,62.2795
9.5120,59.6127,62.4339
9.5160,59.6475,62.5893
9.5200,59.8007,62.7427
9.5240,59.9891,62.8942
9.5280,60.1765,63.0779
9.5320,60.3677,63.2955
9.5360,60.5577,63.4854
9.5400,60.5916,63.6322
9.5440,60.7413,63.7790
9.5480,60.9330,63.9257
9.5520,61.1243,64.0717
9.5560,61.3163,64.2160
9.5600,61.5069,64.3614
9.5640,61.7056,64.5104
9.5680,61.8989,64.6586
9.5720,61.9358,64.8041
9.5760,62.0911,64.9487
9.5800,62.2851,65.0889
9.5840,62.4802,65.2291
9.5880,62.6685,65.3693
9.5920,62.8633,65.5095
9.5960,63.0531,65.6493
9.6000,63.2350,65.7889
9.6040,63.2745,65.9253
9.6080,63.4228,66.0617
9.6120,63.6088,66.2013
9.6160,63.7911,66.3410
9.6200,63.9658,66.4757
9.6240,64.1472,66.6103
9.6280,64.3221,66.7480
9.6320,64.3537,66.8861
9.6360,64.4926,67.0242
9.6400,64.6562,67.1623
9.6440,64.8250,67.3072
9.6480,64.9897,67.4549
9.6520,65.1484,67.5973
9.6560,65.3036,67.7380
9.6600,65.4567,67.8766
9.6640,65.4845,68.0143
9.6680,65.6080,68.1777
9.6720,65.7626,68.3558
9.6760,65.9192,68.5338
9.6800,66.0699,68.7118
9.6840,66.2287,68.8679
9.6880,66.3888,69.0076
9.6920,66.5453,69.1492
9.6960,66.5732,69.2929
9.7000,66.6936,69.4363
9.7040,66.8579,69.5794
9.7080,67.0247,69.7223
9.7120,67.1956,69.8649
9.7160,67.3613,70.0067
9.7200,67.3950,70.1467
9.7240,67.5345,70.2868
9.7280,67.7101,70.4268
9.7320,67.8855,70.5672
9.7360,68.0667,70.7083
9.7400,68.2448,70.8499
9.7440,68.4259,70.9930
9.7480,68.6038,71.1361
9.7520,68.6382,71.2788
9.7560,68.7822,71.4217
9.7600,68.9589,71.5650
9.7640,69.1393,71.7083
9.7680,69.3119,71.8515
9.7720,69.4869,71.9948
9.7760,69.6579,72.1365
9.7800,69.8208,72.2783
9.7840,69.8608,72.4211
9.7880,69.9966,72.5639
9.7920,70.1661,72.7040
9.7960,70.3330,72.8440
9.8000,70.4938,72.9853
9.8040,70.6702,73.1268
9.8080,70.8360,73.2654
9.8120,70.8688,73.4035
9.8160,70.9974,73.5416
9.8200,71.1624,73.6797
9.8240,71.3264,73.8169
9.8280,71.4843,73.9537
9.8320,71.6423,74.1350
9.8360,71.7977,74.3401
9.8400,71.9436,74.4964
9.8440,71.9785,74.6246
9.8480,72.0985,74.7549
9.8520,72.2574,74.8869
9.8560,72.4174,75.0178
9.8600,72.5720,75.1478
9.8640,72.7391,75.2777
9.8680,72.9078,75.4076
9.8720,73.0723,75.5379
9.8760,73.1073,75.6688
9.8800,73.2356,75.7997
9.8840,73.4091,75.9310
9.8880,73.5785,76.0618
9.8920,73.7465,76.1918
9.8960,73.9143,76.3211
9.9000,73.9504,76.4482
9.9040,74.0816,76.5753
9.9080,74.2505,76.7024
9.9120,74.4180,76.8294
9.9160,74.5850,76.9561
9.9200,74.7487,77.0826
9.9240,74.9150,77.2073
9.9280,75.0754,77.3320
9.9320,75.1103,77.4576
9.9360,75.2406,77.5831
9.9400,75.3912,77.7084
9.9440,75.5531,77.8336
9.9480,75.7154,77.9587
9.9520,75.8691,78.0837
9.9560,76.0219,78.2087
9.9600,76.0560,78.3338
9.9640,76.1754,78.4570
9.9680,76.3259,78.5798
9.9720,76.4710,78.7031
9.9760,76.6156,78.8266
9.9800,76.7537,78.9466
9.9840,76.8947,79.0650
9.9880,77.0310,79.2021
9.9920,77.0625,79.3489
9.9960,77.1647,79.4956
10.0000,77.3017,79.6424
10.0040,77.4441,79.7730
10.0080,77.5866,79.8907
10.0120,77.7274,80.0090
10.0160,77.8680,80.1278
10.0200,78.0046,80.2468
10.0240,78.0399,80.3660
10.0280,78.1511,80.4856
10.0320,78.2938,80.6057
10.0360,78.4373,80.7251
10.0400,78.5796,80.8431
10.0440,78.7275,80.9612
10.0480,78.7625,81.0792
10.0520,78.8783,81.1972
10.0560,79.0268,81.3151
10.0600,79.1787,81.4326
10.0640,79.3327,81.5475
10.0680,79.4855,81.6625
10.0720,79.6384,81.7793
10.0760,79.7917,81.8961
10.0800,79.8247,82.0110
10.0840,79.9414,82.1259
10.0880,80.0893,82.2408
10.0920,80.2416,82.3558
10.0960,80.3898,82.4707
10.1000,80.5300,82.5856
10.1040,80.6781,82.6981
10.1080,80.8245,82.8102
10.1120,80.9636,82.9232
10.1160,80.9936,83.0366
10.1200,81.0970,83.1474
10.1240,81.2349,83.2571
10.1280,81.3696,83.3829
10.1320,81.4978,83.5175
10.1360,81.6258,83.6522
10.1400,81.6544,83.7868
10.1440,81.7528,83.9059
10.1480,81.8786,84.0129
10.1520,82.0077,84.1205
10.1560,82.1396,84.2288
10.1600,82.2718,84.3374
10.1640,82.4033,84.4466
10.1680,82.5374,84.5570
10.1720,82.5676,84.6692
10.1760,82.6711,84.7814
10.1800,82.8031,84.8935
10.1840,82.9406,85.0056
10.1880,83.0791,85.1177
10.1920,83.2174,85.2295
10.1960,83.3522,85.3401
10.2000,83.4817,85.4505
10.2040,83.5203,85.5597
10.2080,83.6249,85.6630
10.2120,83.7575,85.7177
10.2160,83.8933,85.7756
10.2200,84.0254,85.8822
10.2240,84.1602,85.9888
10.2280,84.1917,86.0970
10.2320,84.2936,86.2054
10.2360,84.4290,86.3137
10.2400,84.5588,86.4220
10.2440,84.6900,86.5310
10.2480,84.8210,86.6400
10.2520,84.9501,86.7507
10.2560,85.0778,86.8619
10.2600,85.1995,86.9696
10.2640,85.2328,87.0766
10.2680,85.3231,87.2008
10.2720,85.4444,87.3302
10.2760,85.5581,87.4596
10.2800,85.6695,87.5890
10.2840,85.7852,87.7027
10.2880,85.8960,87.8062
10.2920,86.0002,87.9033
10.2960,86.0290,87.9970
10.3000,86.1070,88.0911
10.3040,86.2230,88.1856
10.3080,86.3393,88.2782
10.3120,86.4565,88.3694
10.3160,86.5786,88.4594
10.3200,86.6069,88.5480
10.3240,86.6998,88.6366
10.3280,86.8236,88.7253
10.3320,86.9543,88.8127
10.3360,87.0773,88.8984
10.3400,87.2078,88.9830
10.3440,87.3404,89.0660
10.3480,87.4724,89.1479
10.3520,87.5022,89.2274
10.3560,87.5965,89.3050
10.3600,87.7194,89.3774
10.3640,87.8457,89.4497
10.3680,87.9665,89.5221
10.3720,88.0834,89.5928
10.3760,88.1985,89.6564
10.3800,88.3093,89.7191
10.3840,88.3359,89.7763
10.3880,88.4183,89.8328
10.3920,88.5243,89.8834
10.3960,88.6302,89.9335
10.4000,88.7298,89.9773
10.4040,88.8316,90.0210
10.4080,88.8560,90.0606
10.4120,88.9289,90.1003
10.4160,89.0255,90.1399
10.4200,89.1166,90.1796
10.4240,89.2094,90.1993
10.4280,89.2985,90.2177
10.4320,89.3851,90.2298
10.4360,89.4671,90.2412
10.4400,89.5458,90.2469
10.4440,89.5669,90.2515
10.4480,89.6240,90.2524
10.4520,89.6939,90.2523
10.4560,89.7580,90.2522
10.4600,89.8163,90.2521
10.4640,89.8715,90.2520
10.4680,89.9145,90.2518
10.4720,89.9640,90.2515
10.4760,89.9784,90.2511
10.4800,90.0091,90.2508
10.4840,90.0471,90.2504
10.4880,90.0810,90.2500
10.4920,90.1110,90.2496
10.4960,90.1375,90.2492
10.5000,90.1439,90.2488
10.5040,90.1603,90.2484
10.5080,90.1806,90.2480
10.5120,90.1973,90.2476
10.5160,90.2110,90.2470
10.5200,90.2221,90.2465
10.5240,90.2314,90.2459
10.5280,90.2382,90.2453
10.5320,90.2397,90.2446
10.5360,90.2434,90.2437
10.5400,90.2475,90.2424
10.5440,90.2505,90.2411
10.5480,90.2525,90.2399
10.5520,90.2538,90.2384
10.5560,90.2543,90.2362
10.5600,90.2542,90.2338
10.5640,90.2541,90.2305
10.5680,90.2537,90.2271
10.5720,90.2530,90.2197
10.5760,90.2520,90.2123
10.5800,90.2510,90.2060
10.5840,90.2498,90.1997
10.5880,90.2484,90.1909
10.5920,90.2481,90.1816
10.5960,90.2469,90.1723
10.6000,90.2454,90.1630
10.6040,90.2434,90.1512
10.6080,90.2413,90.1386
10.6120,90.2390,90.1242
10.6160,90.2365,90.1091
10.6200,90.2336,90.0921
10.6240,90.2329,90.0741
10.6280,90.2303,90.0542
10.6320,90.2261,90.0329
10.6360,90.2206,90.0090
10.6400,90.2145,89.9829
10.6440,90.2074,89.9567
10.6480,90.1996,89.9306
10.6520,90.1911,89.9019
10.6560,90.1889,89.8701
10.6600,90.1818,89.8359
10.6640,90.1702,89.7980
10.6680,90.1573,89.7575
10.6720,90.1434,89.7118
10.6760,90.1279,89.6630
10.6800,90.1236,89.6077
10.6840,90.1101,89.5524
10.6880,90.0907,89.4971
10.6920,90.0694,89.4391
10.6960,90.0461,89.3726
10.7000,90.0217,89.3049
10.7040,89.9940,89.2326
10.7080,89.9655,89.1592
10.7120,89.9582,89.0796
10.7160,89.9335,88.9962
10.7200,89.8985,88.8855
10.7240,89.8587,88.7748
10.7280,89.8154,88.6641
10.7320,89.7678,88.5540
10.7360,89.7180,88.4556
10.7400,89.6671,88.3572
10.7440,89.6532,88.2541
10.7480,89.6090,88.1511
10.7520,89.5460,88.0464
10.7560,89.4781,87.9417
10.7600,89.4071,87.8327
10.7640,89.3271,87.7232
10.7680,89.2433,87.6099
10.7720,89.2227,87.4962
10.7760,89.1574,87.3825
10.7800,89.0685,87.2687
10.7840,88.9736,87.1511
10.7880,88.8786,87.0324
10.7920,88.7815,86.9058
10.7960,88.6805,86.7753
10.8000,88.5840,86.6443
10.8040,88.5548,86.5130
10.8080,88.4759,86.3774
10.8120,88.3657,86.2393
10.8160,88.2525,86.1012
10.8200,88.1390,85.9631
10.8240,88.0165,85.8209
10.8280,87.8920,85.6750
10.8320,87.7693,85.5286
10.8360,87.7380,85.3817
10.8400,87.6436,85.2332
10.8440,87.5090,85.0825
10.8480,87.3709,84.9303
10.8520,87.2321,84.7760
10.8560,87.0939,84.6058
10.8600,87.0580,84.4080
10.8640,86.9485,84.2102
10.8680,86.7973,84.0123
10.8720,86.6435,83.8244
10.8760,86.4885,83.6620
10.8800,86.3318,83.5002
10.8840,86.1659,83.3400
10.8880,86.0023,83.1798
10.8920,85.9637,83.0193
10.8960,85.8350,82.8584
10.9000,85.6735,82.6954
10.9040,85.4979,82.5324
10.9080,85.3122,82.3694
10.9120,85.1288,82.2063
10.9160,84.9471,82.0409
10.9200,84.7614,81.8755
10.9240,84.7124,81.7045
10.9280,84.5673,81.5336
10.9320,84.3746,81.3655
10.9360,84.1782,81.1975
10.9400,83.9848,81.0293
10.9440,83.7856,80.8611
10.9480,83.5943,80.6901
10.9520,83.5414,80.5186
10.9560,83.3907,80.3470
10.9600,83.1973,80.1754
10.9640,83.0097,80.0003
10.9680,82.8192,79.8237
10.9720,82.6337,79.6473
10.9760,82.4479,79.4711
10.9800,82.2714,79.2953
10.9840,82.2230,79.1198
10.9880,82.0861,78.9464
10.9920,81.9000,78.7744
10.9960,81.7132,78.6024
11.0000,81.5330,78.4305
11.0040,81.3348,78.2564
11.0080,81.1371,78.0802
11.0120,80.9465,77.8631
11.0160,80.8995,77.6022
11.0200,80.7532,77.3765
11.0240,80.5537,77.1993
11.0280,80.3593,77.0224
11.0320,80.1622,76.8459
11.0360,79.9582,76.6692
11.0400,79.9100,76.4921
11.0440,79.7613,76.3149
11.0480,79.5522,76.1377
11.0520,79.3415,75.9596
11.0560,79.1316,75.7787
11.0600,78.9251,75.5982
11.0640,78.7085,75.4191
11.0680,78.4868,75.2396
11.0720,78.4369,75.0583
11.0760,78.2793,74.8774
11.0800,78.0618,74.6997
11.0840,77.8348,74.5219
11.0880,77.6095,74.3441
11.0920,77.3891,74.1663
11.0960,77.1697,73.9884
11.1000,76.9501,73.8104
11.1040,76.8914,73.6333
11.1080,76.7273,73.4562
11.1120,76.5111,73.2765
11.1160,76.2909,73.0967
11.1200,76.0736,72.9196
11.1240,75.8571,72.7427
11.1280,75.6413,72.5639
11.1320,75.5908,72.3847
11.1360,75.4318,72.2056
11.1400,75.2348,72.0265
11.1440,75.0242,71.8486
11.1480,74.8185,71.6711
11.1520,74.6160,71.4909
11.1560,74.4251,71.3094
11.1600,74.2371,71.0670
11.1640,74.1844,70.7909
11.1680,74.0375,70.5770
11.1720,73.8449,70.3994
11.1760,73.6481,70.2218
11.1800,73.4505,70.0443
11.1840,73.2445,69.8672
11.1880,73.0422,69.6908
11.1920,72.8430,69.5137
11.1960,72.7918,69.3358
11.2000,72.6467,69.1586
11.2040,72.4367,68.9824
11.2080,72.2210,68.8053
11.2120,72.0071,68.6266
11.2160,71.7937,68.4494
11.2200,71.7385,68.2752
11.2240,71.5737,68.1010
11.2280,71.3505,67.9269
11.2320,71.1243,67.7520
11.2360,70.8970,67.5738
11.2400,70.6753,67.3954
11.2440,70.4436,67.2158
11.2480,70.2153,67.0364
11.2520,70.1612,66.8592
11.2560,69.9946,66.6821
11.2600,69.7720,66.5070
11.2640,69.5448,66.3319
11.2680,69.3208,66.1518
11.2720,69.1055,65.9713
11.2760,68.8853,65.7907
11.2800,68.8339,65.6102
11.2840,68.6754,65.4438
11.2880,68.4665,65.2798
11.2920,68.2587,65.1013
11.2960,68.0528,64.9147
11.3000,67.8638,64.7330
11.3040,67.6613,64.5535
11.3080,67.4623,64.3423
11.3120,67.4174,64.1139
11.3160,67.2752,63.8856
11.3200,67.0826,63.6572
11.3240,66.8779,63.4546
11.3280,66.6778,63.2711
11.3320,66.4758,63.0865
11.3360,66.2738,62.9011
11.3400,66.0750,62.7182
11.3440,66.0247,62.5376
11.3480,65.8756,62.3567
11.3520,65.6674,62.1753
11.3560,65.4574,61.9949
11.3600,65.2608,61.8160
11.3640,65.0354,61.6370
11.3680,64.9761,61.4581
11.3720,64.8090,61.2810
11.3760,64.6196,61.1080
11.3800,64.3829,60.9358
11.3840,64.1344,60.7660
11.3880,63.8998,60.5966
11.3920,63.6693,60.4291
11.3960,63.4443,60.2617
11.4000,63.3857,60.0944
11.4040,63.2143,59.9272
11.4080,62.9811,59.7600
11.4120,62.7569,59.5929
11.4160,62.5361,59.4287
11.4200,62.3171,59.2645
11.4240,62.0974,59.1027
11.4280,61.8833,58.9409
11.4320,61.8337,58.7842
11.4360,61.6720,58.6277
11.4400,61.4681,58.4714
11.4440,61.2591,58.3151
11.4480,61.0503,58.1633
11.4520,60.8428,58.0126
11.4560,60.6489,57.8619
11.4600,60.5935,57.7111
11.4640,60.4472,57.5611
11.4680,60.2582,57.4113
11.4720,60.0683,57.2640
11.4760,59.8745,57.1182
11.4800,59.6906,56.9341
11.4840,59.5014,56.7193
11.4880,59.3203,56.5440
11.4920,59.1494,56.4044
11.4960,58.9787,56.2667
11.5000,58.9365,56.1309
11.5040,58.8050,55.9950
11.5080,58.6348,55.8592
11.5120,58.4624,55.7228
11.5160,58.2820,55.5856
11.5200,58.1134,55.4496
11.5240,58.0636,55.3157
11.5280,57.9325,55.1817
11.5320,57.7501,55.0474
11.5360,57.5626,54.9140
11.5400,57.3883,54.7827
11.5440,57.2078,54.6513
11.5480,57.1549,54.5200
11.5520,57.0193,54.3891
11.5560,56.8384,54.2604
11.5600,56.6604,54.1317
11.5640,56.4780,54.0031
11.5680,56.2971,53.8745
11.5720,56.1233,53.7470
11.5760,55.9529,53.6196
11.5800,55.9095,53.4928
11.5840,55.7834,53.3661
11.5880,55.6125,53.2413
11.5920,55.4466,53.1166
11.5960,55.2810,52.9919
11.6000,55.1556,52.8672
11.6040,54.9866,52.7448
11.6080,54.8068,52.6227
11.6120,54.6498,52.5028
11.6160,54.6136,52.3836
11.6200,54.5033,52.2605
11.6240,54.3512,52.1355
11.6280,54.2059,51.9925
11.6320,54.0634,51.8413
11.6360,53.9346,51.6902
11.6400,53.8908,51.5390
11.6440,53.7849,51.4041
11.6480,53.6440,51.2819
11.6520,53.5031,51.1582
11.6560,53.3594,51.0330
11.6600,53.2151,50.9083
11.6640,53.0672,50.7844
11.6680,52.9209,50.6609
11.6720,52.8862,50.5381
11.6760,52.7721,50.4154
11.6800,52.6250,50.2930
11.6840,52.4731,50.1705
11.6880,52.3222,50.0480
11.6920,52.1693,49.9261
11.6960,52.0188,49.8059
11.7000,51.8729,49.6858
11.7040,51.8300,49.5661
11.7080,51.7132,49.4463
11.7120,51.5639,49.3255
11.7160,51.4139,49.2048
11.7200,51.2849,49.0841
11.7240,51.1239,48.9633
11.7280,51.0817,48.8424
11.7320,50.9723,48.7214
11.7360,50.8203,48.6004
11.7400,50.6741,48.4794
11.7440,50.5223,48.3591
11.7480,50.3756,48.2388
11.7520,50.2275,48.1264
11.7560,50.0798,48.0150
11.7600,49.9436,47.8984
11.7640,49.9014,47.7794
11.7680,49.7944,47.6423
11.7720,49.6515,47.4965
11.7760,49.5143,47.3508
11.7800,49.3830,47.2050
11.7840,49.2485,47.0776
11.7880,49.1162,46.9618
11.7920,48.9900,46.8472
11.7960,48.9594,46.7335
11.8000,48.8678,46.6195
11.8040,48.7325,46.5050
11.8080,48.5963,46.3895
11.8120,48.4635,46.2726
11.8160,48.3237,46.1552
11.8200,48.2910,46.0369
11.8240,48.1844,45.9186
11.8280,48.0428,45.8004
11.8320,47.8970,45.6821
11.8360,47.7476,45.5636
11.8400,47.6037,45.4451
11.8440,47.4538,45.3262
11.8480,47.3069,45.2073
11.8520,47.2704,45.0888
11.8560,47.1595,44.9702
11.8600,47.0171,44.8506
11.8640,46.8694,44.7311
11.8680,46.7230,44.6120
11.8720,46.5769,44.4929
11.8760,46.4355,44.3738
11.8800,46.2981,44.2547
11.8840,46.1539,44.1356
11.8880,46.1216,44.0166
11.8920,46.0197,43.8942
11.8960,45.8839,43.7704
11.9000,45.7542,43.6471
11.9040,45.6230,43.5242
11.9080,45.4913,43.3814
11.9120,45.4578,43.2272
11.9160,45.3595,43.0730
11.9200,45.2315,42.9188
11.9240,45.0971,42.7817
11.9280,44.9599,42.6580
11.9320,44.8261,42.5352
11.9360,44.6912,42.4133
11.9400,44.5619,42.2902
11.9440,44.5243,42.1659
11.9480,44.4212,42.0419
11.9520,44.2806,41.9182
11.9560,44.1396,41.7947
11.9600,43.9971,41.6716
11.9640,43.8475,41.5485
11.9680,43.8136,41.4254
11.9720,43.7005,41.3023
11.9760,43.5502,41.1793
11.9800,43.3977,41.0576
11.9840,43.2402,40.9402
11.9880,43.0856,40.8219
11.9920,42.9284,40.6970
11.9960,42.7714,40.5730
12.0000,42.7356,40.4538
12.0040,42.6260,40.3346
12.0080,42.4666,40.2154
12.0120,42.3115,40.0961
12.0160,42.1567,39.9758
12.0200,42.0107,39.8555
12.0240,41.8567,39.7360
12.0280,41.7093,39.6164
12.0320,41.6732,39.5521
12.0360,41.5652,39.4925
12.0400,41.4189,39.3801
12.0440,41.2692,39.2595
12.0480,41.1238,39.1156
12.0520,40.9806,38.9669
12.0560,40.8362,38.8182
12.0600,40.8017,38.6696
12.0640,40.6950,38.5379
12.0680,40.5566,38.4141
12.0720,40.4215,38.2902
12.0760,40.2878,38.1662
12.0800,40.1573,38.0431
12.0840,40.0301,37.9205
12.0880,39.9055,37.7957
12.0920,39.8742,37.6694
12.0960,39.7799,37.5431
12.1000,39.6612,37.4168
12.1040,39.5325,37.2895
12.1080,39.4005,37.1612
12.1120,39.2682,37.0331
12.1160,39.1386,36.9052
12.1200,39.0073,36.7772
12.1240,38.9718,36.6491
12.1280,38.8670,36.5205
12.1320,38.7273,36.3911
12.1360,38.5852,36.2611
12.1400,38.4427,36.1299
12.1440,38.2959,35.9987
12.1480,38.2598,35.8675
12.1520,38.1488,35.7357
12.1560,37.9936,35.6016
12.1600,37.8450,35.4674
12.1640,37.6927,35.3328
12.1680,37.5338,35.1979
12.1720,37.3804,35.0615
12.1760,37.2269,34.9253
12.1800,37.1895,34.7912
12.1840,37.0734,34.6567
12.1880,36.9176,34.4853
12.1920,36.7625,34.3139
12.1960,36.6087,34.1424
12.2000,36.4571,33.9710
12.2040,36.2964,33.8291
12.2080,36.1428,33.6895
12.2120,35.9890,33.5496
12.2160,35.9495,33.4096
12.2200,35.8371,33.2659
12.2240,35.6822,33.1215
12.2280,35.5310,32.9768
12.2320,35.3805,32.8321
12.2360,35.2271,32.6874
12.2400,35.1918,32.5427
12.2440,35.0787,32.3917
12.2480,34.9221,32.2373
12.2520,34.7588,32.0836
12.2560,34.5935,31.9302
12.2600,34.4332,31.7764
12.2640,34.2626,31.6224
12.2680,34.0933,31.4691
12.2720,34.0550,31.3164
12.2760,33.9319,31.1636
12.2800,33.7647,31.0108
12.2840,33.5884,30.8564
12.2880,33.4186,30.6998
12.2920,33.2488,30.5419
12.2960,33.0779,30.3819
12.3000,32.9140,30.2243
12.3040,32.8670,30.0703
12.3080,32.7388,29.9150
12.3120,32.5640,29.7564
12.3160,32.3898,29.5996
12.3200,32.2153,29.4471
12.3240,32.0384,29.2945
12.3280,31.9949,29.1419
12.3320,31.8606,28.9891
12.3360,31.6789,28.8351
12.3400,31.4987,28.6752
12.3440,31.3133,28.4354
12.3480,31.1220,28.2018
12.3520,30.9371,28.0459
12.3560,30.7535,27.8900
12.3600,30.7080,27.7351
12.3640,30.5678,27.5801
12.3680,30.3783,27.4267
12.3720,30.1912,27.2733
12.3760,30.0022,27.1199
12.3800,29.8140,26.9665
12.3840,29.6192,26.8140
12.3880,29.4288,26.6615
12.3920,29.2397,26.5102
12.3960,29.1912,26.3592
12.4000,29.0517,26.2099
12.4040,28.8617,26.0611
12.4080,28.6802,25.9108
12.4120,28.4991,25.7598
12.4160,28.3215,25.6088
12.4200,28.2772,25.4578
12.4240,28.1471,25.3042
12.4280,27.9687,25.1489
12.4320,27.7860,24.9961
12.4360,27.6092,24.8447
12.4400,27.4371,24.6922
12.4440,27.2566,24.5390
12.4480,27.0781,24.3864
12.4520,27.0324,24.2342
12.4560,26.9017,24.0806
12.4600,26.7252,23.9255
12.4640,26.5429,23.7704
12.4680,26.3673,23.6154
12.4720,26.1914,23.4590
12.4760,26.0129,23.3008
12.4800,25.8417,23.1128
12.4840,25.7955,22.8796
12.4880,25.6612,22.6706
12.4920,25.4839,22.5104
12.4960,25.3057,22.3509
12.5000,25.1404,22.1925
12.5040,24.9603,22.0341
12.5080,24.9089,21.8757
12.5120,24.7709,21.7175
12.5160,24.5912,21.5602
12.5200,24.4106,21.4034
12.5240,24.2165,21.2499
12.5280,24.0240,21.0962
12.5320,23.8363,20.9367
12.5360,23.6432,20.7772
12.5400,23.5981,20.6173
12.5440,23.4512,20.4573
12.5480,23.2548,20.3005
12.5520,23.0595,20.1436
12.5560,22.8608,19.9868
12.5600,22.6663,19.8300
12.5640,22.4671,19.6765
12.5680,22.2681,19.5238
12.5720,22.0710,19.3627
12.5760,22.0252,19.1976
12.5800,21.8919,19.0338
12.5840,21.7001,18.8706
12.5880,21.5108,18.7118
12.5920,21.3303,18.5552
12.5960,21.1574,18.3986
12.6000,21.1080,18.2420
12.6040,20.9824,18.0834
12.6080,20.8033,17.9227
12.6120,20.6277,17.7287
12.6160,20.4498,17.4971
12.6200,20.2717,17.2941
12.6240,20.0907,17.1357
12.6280,19.9157,16.9800
12.6320,19.8637,16.8288
12.6360,19.7326,16.6769
12.6400,19.5541,16.5237
12.6440,19.3697,16.3705
12.6480,19.1786,16.2173
12.6520,18.9865,16.0652
12.6560,18.7935,15.9170
12.6600,18.6028,15.7681
12.6640,18.5455,15.6154
12.6680,18.4070,15.4632
12.6720,18.2114,15.3153
12.6760,18.0155,15.1673
12.6800,17.8469,15.0167
12.6840,17.6398,14.8662
12.6880,17.5684,14.7226
12.6920,17.4336,14.5789
12.6960,17.2391,14.4352
12.7000,17.0500,14.2916
12.7040,16.8534,14.1536
12.7080,16.6609,14.0166
12.7120,16.4725,13.8770
12.7160,16.2839,13.7367
12.7200,16.1071,13.6055
12.7240,16.0438,13.4765
12.7280,15.9346,13.3528
12.7320,15.7431,13.2313
12.7360,15.5694,13.1097
12.7400,15.4067,12.9882
12.7440,15.2414,12.8679
12.7480,15.0784,12.7486
12.7520,14.9256,12.6370
12.7560,14.8753,12.5305
12.7600,14.7727,12.4258
12.7640,14.6148,12.3226
12.7680,14.4577,12.2230
12.7720,14.3052,12.1270
12.7760,14.1524,12.0259
12.7800,14.1053,11.9183
12.7840,14.0025,11.8107
12.7880,13.8511,11.7031
12.7920,13.7021,11.6044
12.7960,13.5509,11.5263
12.8000,13.4039,11.4499
12.8040,13.2569,11.3780
12.8080,13.1132,11.3071
12.8120,13.0659,11.2400
12.8160,12.9712,11.1754
12.8200,12.8372,11.1257
12.8240,12.7008,11.0759
12.8280,12.5690,11.0209
12.8320,12.4416,10.9608
12.8360,12.3202,10.9030
12.8400,12.2788,10.8481
12.8440,12.2003,10.7931
12.8480,12.0809,10.7381
12.8520,11.9695,10.6853
12.8560,11.8629,10.6362
12.8600,11.7591,10.5881
12.8640,11.6580,10.5421
12.8680,11.5632,10.4915
12.8720,11.5308,10.4287
12.8760,11.4698,10.3717
12.8800,11.3837,10.3347
12.8840,11.2996,10.2978
12.8880,11.2195,10.2608
12.8920,11.1426,10.2242
12.8960,11.0684,10.1902
12.9000,11.0016,10.1564
12.9040,10.9761,10.1249
12.9080,10.9319,10.0936
12.9120,10.8660,10.0652
12.9160,10.8036,10.0369
12.9200,10.7434,10.0112
12.9240,10.6824,9.9856
12.9280,10.6614,9.9649
12.9320,10.6243,9.9442
12.9360,10.5670,9.9235
12.9400,10.5124,9.9028
12.9440,10.4581,9.8843
12.9480,10.4065,9.8660
12.9520,10.3565,9.8483
12.9560,10.3083,9.8308
12.9600,10.2628,9.8139
12.9640,10.2448,9.7973
12.9680,10.2175,9.7822
12.9720,10.1759,9.7678
12.9760,10.1372,9.7534
12.9800,10.1029,9.7390
12.9840,10.0695,9.7257
12.9880,10.0384,9.7134
12.9920,10.0123,9.7027
12.9960,10.0010,9.6931
13.0000,9.9854,9.6844
13.0040,9.9596,9.6766
13.0080,9.9346,9.6700
13.0120,9.9120,9.6645
13.0160,9.8898,9.6602
13.0200,9.8818,9.6577
13.0240,9.8689,9.6552
13.0280,9.8484,9.6527
13.0320,9.8285,9.6509
13.0360,9.8100,9.6508
13.0400,9.7927,9.6507
13.0440,9.7760,9.6507
13.0480,9.7597,9.6507
13.0520,9.7536,9.6507
13.0560,9.7442,9.6507
13.0600,9.7312,9.6507
13.0640,9.7187,9.6507
13.0680,9.7075,9.6507
13.0720,9.6977,9.6507
13.0760,9.6893,9.6507
13.0800,9.6818,9.6507
13.0840,9.6791,9.6507
13.0880,9.6752,9.6507
13.0920,9.6697,9.6507
13.0960,9.6650,9.6507
13.1000,9.6613,9.6507
13.1040,9.6582,9.6508
13.1080,9.6570,9.6508
13.1120,9.6556,9.6508
13.1160,9.6536,9.6508
13.1200,9.6521,9.6508
13.1240,9.6509,9.6508
13.1280,9.6502,9.6508
13.1320,9.6495,9.6508
13.1360,9.6494,9.6508
13.1400,9.6492,9.6508
13.1440,9.6493,9.6508
13.1480,9.6492,9.6508
13.1520,9.6494,9.6508
13.1560,9.6494,9.6508
13.1600,9.6496,9.6508
13.1640,9.6496,9.6508
13.1680,9.6499,9.6508
13.1720,9.6499,9.6509
13.1760,9.6501,9.6509
13.1800,9.6501,9.6509
13.1840,9.6503,9.6509
13.1880,9.6503,9.6509
13.1920,9.6505,9.6509
13.1960,9.6505,9.6509
13.2000,9.6505,9.6509
13.2040,9.6506,9.6509
13.2080,9.6506,9.6509
13.2120,9.6506,9.6509
13.2160,9.6507,9.6509
13.2200,9.6507,9.6509
13.2240,9.6508,9.6510
13.2280,9.6507,9.6510
13.2320,9.6508,9.6510
13.2360,9.6508,9.6510
13.2400,9.6509,9.6510
13.2440,9.6509,9.6510
13.2480,9.6510,9.6510
13.2520,9.6509,9.6511
13.2560,9.6510,9.6511
13.2600,9.6508,9.6511
13.2640,9.6509,9.6511
13.2680,9.6509,9.6511
13.2720,9.6510,9.6511
13.2760,9.6509,9.6512
13.2800,9.6510,9.6512
13.2840,9.6509,9.6512
13.2880,9.6511,9.6512
13.2920,9.6509,9.6512
13.2960,9.6511,9.6512
13.3000,9.6510,9.6512
13.3040,9.6511,9.6512
13.3080,9.6510,9.6512
13.3120,9.6510,9.6513
13.3160,9.6510,9.6513
13.3200,9.6512,9.6513
13.3240,9.6509,9.6513
13.3280,9.6511,9.6513
13.3320,9.6510,9.6513
13.3360,9.6512,9.6513
13.3400,9.6511,9.6513
13.3440,9.6512,9.6513
13.3480,9.6510,9.6513
13.3520,9.6513,9.6513
13.3560,9.6511,9.6514
13.3600,9.6513,9.6514
13.3640,9.6510,9.6514
13.3680,9.6513,9.6514
13.3720,9.6511,9.6514
13.3760,9.6514,9.6514
13.3800,9.6512,9.6515
13.3840,9.6512,9.6515
13.3880,9.6513,9.6515
13.3920,9.6515,9.6515
13.3960,9.6513,9.6515
13.4000,9.6513,9.6515
13.4040,9.6513,9.6516
13.4080,9.6514,9.6516
13.4120,9.6512,9.6516
13.4160,9.6514,9.6516
13.4200,9.6513,9.6516
13.4240,9.6515,9.6516
13.4280,9.6513,9.6516
13.4320,9.6514,9.6516
13.4360,9.6512,9.6516
13.4400,9.6515,9.6516
13.4440,9.6514,9.6517
13.4480,9.6515,9.6517
13.4520,9.6514,9.6517
13.4560,9.6516,9.6517
13.4600,9.6512,9.6517
13.4640,9.6517,9.6517
13.4680,9.6513,9.6517
13.4720,9.6516,9.6517
13.4760,9.6514,9.6518
13.4800,9.6516,9.6518
13.4840,9.6515,9.6518
13.4880,9.6517,9.6518
13.4920,9.6515,9.6519
13.4960,9.6518,9.6519
13.5000,9.6517,9.6520
13.5040,9.6517,9.6520
13.5080,9.6516,9.6521
13.5120,9.6518,9.6522
13.5160,9.6513,9.6522
13.5200,9.6517,9.6523
13.5240,9.6516,9.6524
13.5280,9.6519,9.6525
13.5320,9.6518,9.6527
13.5360,9.6518,9.6529
13.5400,9.6517,9.6530
13.5440,9.6519,9.6533
13.5480,9.6517,9.6536
13.5520,9.6521,9.6539
13.5560,9.6516,9.6544
13.5600,9.6520,9.6549
13.5640,9.6518,9.6555
13.5680,9.6523,9.6564
13.5720,9.6519,9.6575
13.5760,9.6524,9.6586
13.5800,9.6521,9.6597
13.5840,9.6526,9.6612
13.5880,9.6524,9.6629
13.5920,9.6529,9.6648
13.5960,9.6527,9.6668
13.6000,9.6531,9.6697
13.6040,9.6530,9.6738
13.6080,9.6535,9.6776
13.6120,9.6536,9.6811
13.6160,9.6548,9.6849
13.6200,9.6547,9.6896
13.6240,9.6553,9.6943
13.6280,9.6557,9.6990
13.6320,9.6571,9.7041
13.6360,9.6578,9.7106
13.6400,9.6593,9.7166
13.6440,9.6606,9.7204
13.6480,9.6627,9.7249
13.6520,9.6630,9.7336
13.6560,9.6647,9.7425
13.6600,9.6665,9.7533
13.6640,9.6697,9.7643
13.6680,9.6724,9.7779
13.6720,9.6762,9.7914
13.6760,9.6796,9.8050
13.6800,9.6839,9.8185
13.6840,9.6853,9.8352
13.6880,9.6883,9.8521
13.6920,9.6931,9.8787
13.6960,9.6995,9.9066
13.7000,9.7057,9.9329
13.7040,9.7132,9.9583
13.7080,9.7211,9.9878
13.7120,9.7251,10.0201
13.7160,9.7300,10.0523
13.7200,9.7403,10.0846
13.7240,9.7509,10.1295
13.7280,9.7634,10.1968
13.7320,9.7758,10.2536
13.7360,9.7904,10.2979
13.7400,9.8050,10.3438
13.7440,9.8122,10.3934
13.7480,9.8217,10.4387
13.7520,9.8418,10.4658
13.7560,9.8645,10.4975
13.7600,9.8904,10.5550
13.7640,9.9191,10.6126
13.7680,9.9327,10.6702
13.7720,9.9499,10.7279
13.7760,9.9869,10.7890
13.7800,10.0238,10.8501
13.7840,10.0649,10.9170
13.7880,10.1080,10.9845
13.7920,10.1537,11.0531
13.7960,10.1993,11.1219
13.8000,10.2199,11.2212
13.8040,10.2459,11.3276
13.8080,10.2989,11.4092
13.8120,10.3518,11.4835
13.8160,10.4077,11.5579
13.8200,10.4652,11.6323
13.8240,10.5262,11.7061
13.8280,10.5867,11.7798
13.8320,10.6497,11.8553
13.8360,10.6782,11.9321
13.8400,10.7140,12.0079
13.8440,10.7794,12.0823
13.8480,10.8485,12.1591
13.8520,10.9196,12.2435
13.8560,10.9911,12.3308
13.8600,11.0233,12.4288
13.8640,11.0622,12.5268
13.8680,11.1425,12.6248
13.8720,11.2236,12.7228
13.8760,11.3055,12.7929
13.8800,11.3910,12.8442
13.8840,11.4800,12.9296
13.8880,11.5714,13.0257
13.8920,11.6117,13.1185
13.8960,11.6615,13.2102
13.9000,11.7543,13.3371
13.9040,11.8496,13.4847
13.9080,11.9450,13.6030
13.9120,12.0437,13.7014
13.9160,12.1440,13.7998
13.9200,12.1873,13.8982
13.9240,12.2397,13.9991
13.9280,12.3417,14.1034
13.9320,12.4417,14.2237
13.9360,12.5423,14.3685
13.9400,12.6416,14.4982
13.9440,12.7445,14.5525
13.9480,12.8491,14.6142
13.9520,12.8955,14.7217
13.9560,12.9516,14.8295
13.9600,13.0592,14.9418
13.9640,13.1704,15.0540
13.9680,13.2856,15.1663
13.9720,13.3995,15.2785
13.9760,13.5160,15.3934
13.9800,13.6354,15.5083
13.9840,13.6898,15.6223
13.9880,13.7562,15.7363
13.9920,13.8767,15.8513
13.9960,13.9993,15.9663
14.0000,14.1200,16.1046
14.0040,14.2426,16.2462
14.0080,14.3707,16.3797
14.0120,14.4263,16.4995
14.0160,14.4966,16.6193
14.0200,14.6197,16.7390
14.0240,14.7464,16.8513
14.0280,14.8729,16.9509
14.0320,15.0002,17.0505
14.0360,15.1254,17.1851
14.0400,15.2513,17.3204
14.0440,15.3097,17.4420
14.0480,15.3827,17.5670
14.0520,15.5109,17.7249
14.0560,15.6446,17.8828
14.0600,15.7813,18.0074
14.0640,15.9202,18.1192
14.0680,16.0582,18.2554
14.0720,16.1219,18.4195
14.0760,16.1985,18.5758
14.0800,16.3364,18.6944
14.0840,16.4761,18.8130
14.0880,16.6153,18.9316
14.0920,16.7558,19.0502
14.0960,16.8207,19.1711
14.1000,16.8928,19.2922
14.1040,17.0354,19.4126
14.1080,17.1877,19.5327
14.1120,17.3404,19.6521
14.1160,17.4916,19.7712
14.1200,17.6446,19.8888
14.1240,17.8001,20.0044
14.1280,17.9565,20.1282
14.1320,18.0261,20.2997
14.1360,18.1098,20.4712
14.1400,18.2629,20.5934
14.1440,18.4153,20.7088
14.1480,18.5641,20.8276
14.1520,18.7114,20.9484
14.1560,18.8561,21.0691
14.1600,18.9217,21.1898
14.1640,18.9960,21.3086
14.1680,19.1414,21.4241
14.1720,19.2826,21.5396
14.1760,19.4104,21.6550
14.1800,19.5472,21.7703
14.1840,19.7076,21.9472
14.1880,19.8487,22.1313
14.1920,19.9130,22.2665
14.1960,19.9871,22.3877
14.2000,20.1268,22.5430
14.2040,20.2783,22.7182
14.2080,20.4347,22.8478
14.2120,20.5861,22.9115
14.2160,20.7412,23.0087
14.2200,20.8144,23.1586
14.2240,20.8933,23.3085
14.2280,21.0471,23.4584
14.2320,21.2058,23.6072
14.2360,21.3607,23.7305
14.2400,21.5120,23.8538
14.2440,21.6597,23.9759
14.2480,21.8065,24.0978
14.2520,21.8764,24.2268
14.2560,21.9566,24.3587
14.2600,22.1005,24.4833
14.2640,22.2510,24.6040
14.2680,22.4082,24.7290
14.2720,22.5635,24.8607
14.2760,22.7155,24.9899
14.2800,22.7885,25.1143
14.2840,22.8703,25.2386
14.2880,23.0276,25.3629
14.2920,23.1794,25.4873
14.2960,23.3309,25.6168
14.3000,23.4795,25.7464
14.3040,23.6313,25.9224
14.3080,23.7791,26.1040
14.3120,23.9228,26.2531
14.3160,23.9928,26.3853
14.3200,24.0694,26.5183
14.3240,24.2128,26.6519
14.3280,24.3611,26.7826
14.3320,24.5062,26.9112
14.3360,24.6505,27.0399
14.3400,24.7210,27.1685
14.3440,24.7996,27.2983
14.3480,24.9513,27.4297
14.3520,25.1051,27.5597
14.3560,25.2590,27.6879
14.3600,25.4125,27.8157
14.3640,25.5710,27.9427
14.3680,25.7309,28.0693
14.3720,25.8032,28.1948
14.3760,25.8860,28.3194
14.3800,26.0423,28.4416
14.3840,26.1993,28.5638
14.3880,26.3553,28.6860
14.3920,26.5098,28.8086
14.3960,26.6640,28.9335
14.4000,26.8088,29.0573
14.4040,26.8890,29.1745
14.4080,26.9676,29.2917
14.4120,27.1194,29.4082
14.4160,27.2731,29.5246
14.4200,27.4234,29.6376
14.4240,27.5747,29.7505
14.4280,27.6449,29.8882
14.4320,27.7174,30.0269
14.4360,27.8761,30.1656
14.4400,28.0261,30.3042
14.4440,28.1789,30.4174
14.4480,28.3271,30.5265
14.4520,28.4735,30.6327
14.4560,28.6242,30.7382
14.4600,28.6920,30.8424
14.4640,28.7715,30.9463
14.4680,28.9144,31.0460
14.4720,29.0602,31.1443
14.4760,29.2070,31.2426
14.4800,29.3486,31.3409
14.4840,29.4920,31.4351
14.4880,29.6351,31.5270
14.4920,29.7761,31.6142
14.4960,29.8397,31.6981
14.5000,29.9090,31.7812
14.5040,30.0427,31.8633
14.5080,30.1774,31.9448
14.5120,30.3062,32.0254
14.5160,30.4295,32.1033
14.5200,30.4872,32.1777
14.5240,30.5492,32.2521
14.5280,30.6716,32.3265
14.5320,30.7891,32.3994
14.5360,30.9058,32.4698
14.5400,31.0206,32.5395
14.5440,31.1336,32.6078
14.5480,31.2439,32.6837
14.5520,31.2972,32.7791
14.5560,31.3545,32.8704
14.5600,31.4591,32.9367
14.5640,31.5628,33.0029
14.5680,31.6663,33.0692
14.5720,31.7654,33.1352
14.5760,31.8623,33.1992
14.5800,31.9558,33.2631
14.5840,32.0007,33.3252
14.5880,32.0489,33.3874
14.5920,32.1406,33.4486
14.5960,32.2297,33.5099
14.6000,32.3167,33.5675
14.6040,32.4063,33.6250
14.6080,32.4495,33.6805
14.6120,32.4944,33.7359
14.6160,32.5817,33.7912
14.6200,32.6701,33.8465
14.6240,32.7563,33.9006
14.6280,32.8418,33.9544
14.6320,32.9281,34.0083
14.6360,33.0124,34.0623
14.6400,33.0894,34.1162
14.6440,33.1326,34.1699
14.6480,33.1749,34.2228
14.6520,33.2514,34.2749
14.6560,33.3258,34.3271
14.6600,33.3963,34.3793
14.6640,33.4642,34.4458
14.6680,33.5313,34.5321
14.6720,33.5939,34.6045
14.6760,33.6248,34.6603
14.6800,33.6554,34.7164
14.6840,33.7193,34.7729
14.6880,33.7844,34.8302
14.6920,33.8481,34.8894
14.6960,33.9130,34.9490
14.7000,33.9439,35.0100
14.7040,33.9773,35.0709
14.7080,34.0443,35.1318
14.7120,34.1110,35.1930
14.7160,34.1795,35.2561
14.7200,34.2469,35.3183
14.7240,34.3157,35.3744
14.7280,34.3849,35.4304
14.7320,34.4169,35.4911
14.7360,34.4537,35.5530
14.7400,34.5208,35.6139
14.7440,34.5913,35.6741
14.7480,34.6638,35.7464
14.7520,34.7350,35.8366
14.7560,34.8056,35.9227
14.7600,34.8392,35.9826
14.7640,34.8765,36.0425
14.7680,34.9479,36.1007
14.7720,35.0164,36.1586
14.7760,35.0873,36.2165
14.7800,35.1613,36.2744
14.7840,35.2339,36.3337
14.7880,35.3063,36.3949
14.7920,35.3783,36.4644
14.7960,35.4126,36.5472
14.8000,35.4481,36.6260
14.8040,35.5199,36.6804
14.8080,35.5928,36.7348
14.8120,35.6642,36.8112
14.8160,35.7370,36.8911
14.8200,35.8072,36.9580
14.8240,35.8435,37.0146
14.8280,35.8802,37.0722
14.8320,35.9507,37.1314
14.8360,36.0216,37.1881
14.8400,36.0925,37.2417
14.8440,36.1646,37.2954
14.8480,36.2374,37.3490
14.8520,36.3084,37.4019
14.8560,36.3427,37.4527
14.8600,36.3792,37.5029
14.8640,36.4529,37.5511
14.8680,36.5268,37.5988
14.8720,36.6000,37.6440
14.8760,36.6750,37.6883
14.8800,36.7118,37.7266
14.8840,36.7480,37.7650
14.8880,36.8233,37.7915
14.8920,36.8973,37.8171
14.8960,36.9701,37.8428
14.9000,37.0398,37.8685
14.9040,37.1098,37.8972
14.9080,37.1815,37.9271
14.9120,37.2137,37.9526
14.9160,37.2467,37.9768
14.9200,37.3077,37.9959
14.9240,37.3696,38.0138
14.9280,37.4330,38.0255
14.9320,37.4890,38.0355
14.9360,37.5427,38.0455
14.9400,37.5691,38.0555
14.9440,37.5930,38.0618
14.9480,37.6419,38.0620
14.9520,37.6873,38.0621
14.9560,37.7290,38.0621
14.9600,37.7681,38.0621
14.9640,37.8048,38.0620
14.9680,37.8395,38.0620
14.9720,37.8555,38.0618
14.9760,37.8713,38.0617
14.9800,37.8993,38.0615
14.9840,37.9251,38.0614
14.9880,37.9485,38.0612
14.9920,37.9679,38.0611
14.9960,37.9857,38.0610
15.0000,37.9952,38.0609
15.0040,38.0022,38.0608
15.0080,38.0159,38.0607
15.0120,38.0272,38.0606
15.0160,38.0364,38.0604
15.0200,38.0438,38.0603
15.0240,38.0499,38.0602
15.0280,38.0543,38.0600
15.0320,38.0576,38.0599
15.0360,38.0590,38.0597
15.0400,38.0600,38.0595
15.0440,38.0617,38.0592
15.0480,38.0628,38.0590
15.0520,38.0636,38.0587
15.0560,38.0641,38.0584
15.0600,38.0642,38.0579
15.0640,38.0643,38.0574
15.0680,38.0643,38.0569
15.0720,38.0642,38.0564
15.0760,38.0638,38.0558
15.0800,38.0634,38.0553
15.0840,38.0630,38.0547
15.0880,38.0626,38.0539
15.0920,38.0621,38.0530
15.0960,38.0618,38.0519
15.1000,38.0615,38.0508
15.1040,38.0609,38.0495
15.1080,38.0604,38.0482
15.1120,38.0598,38.0466
15.1160,38.0593,38.0450
15.1200,38.0587,38.0424
15.1240,38.0584,38.0391
15.1280,38.0582,38.0362
15.1320,38.0576,38.0336
15.1360,38.0569,38.0305
15.1400,38.0561,38.0267
15.1440,38.0554,38.0229
15.1480,38.0546,38.0192
15.1520,38.0538,38.0146
15.1560,38.0533,38.0058
15.1600,38.0528,37.9977
15.1640,38.0516,37.9941
15.1680,38.0503,37.9906
15.1720,38.0483,37.9819
15.1760,38.0464,37.9732
15.1800,38.0455,37.9623
15.1840,38.0443,37.9513
15.1880,38.0415,37.9324
15.1920,38.0385,37.9127
15.1960,38.0351,37.8930
15.2000,38.0314,37.8734
15.2040,38.0273,37.8526
15.2080,38.0226,37.8315
15.2120,38.0203,37.8097
15.2160,38.0174,37.7876
15.2200,38.0112,37.7563
15.2240,38.0036,37.7126
15.2280,37.9945,37.6726
15.2320,37.9842,37.6381
15.2360,37.9729,37.6057
15.2400,37.9670,37.5767
15.2440,37.9605,37.5476
15.2480,37.9460,37.5186
15.2520,37.9306,37.4800
15.2560,37.9137,37.4177
15.2600,37.8951,37.3576
15.2640,37.8748,37.3103
15.2680,37.8539,37.2628
15.2720,37.8418,37.2127
15.2760,37.8292,37.1626
15.2800,37.8029,37.1108
15.2840,37.7734,37.0590
15.2880,37.7408,37.0184
15.2920,37.7062,36.9781
15.2960,37.6891,36.9377
15.3000,37.6709,36.8973
15.3040,37.6312,36.8182
15.3080,37.5872,36.7318
15.3120,37.5422,36.6679
15.3160,37.4958,36.6096
15.3200,37.4477,36.5513
15.3240,37.3965,36.4930
15.3280,37.3718,36.4346
15.3320,37.3454,36.3761
15.3360,37.2914,36.3177
15.3400,37.2355,36.2592
15.3440,37.1779,36.1998
15.3480,37.1195,36.1396
15.3520,37.0599,36.0630
15.3560,36.9976,35.9719
15.3600,36.9370,35.8934
15.3640,36.9048,35.8304
15.3680,36.8737,35.7662
15.3720,36.8104,35.7003
15.3760,36.7467,35.6350
15.3800,36.6830,35.5704
15.3840,36.6179,35.5058
15.3880,36.5517,35.4412
15.3920,36.4871,35.3844
15.3960,36.4544,35.3507
15.4000,36.4236,35.3103
15.4040,36.3631,35.2419
15.4080,36.2950,35.1732
15.4120,36.2128,35.1033
15.4160,36.1412,35.0334
15.4200,36.1047,34.9631
15.4240,36.0677,34.8929
15.4280,35.9935,34.8226
15.4320,35.9189,34.7523
15.4360,35.8433,34.6806
15.4400,35.7694,34.6089
15.4440,35.6952,34.5367
15.4480,35.6178,34.4644
15.4520,35.5810,34.3570
15.4560,35.5423,34.2474
15.4600,35.4691,34.1715
15.4640,35.3942,34.0992
15.4680,35.3178,34.0256
15.4720,35.2421,33.9518
15.4760,35.2046,33.8779
15.4800,35.1677,33.8041
15.4840,35.0896,33.7290
15.4880,35.0074,33.6533
15.4920,34.9251,33.5791
15.4960,34.8416,33.5061
15.5000,34.7576,33.4303
15.5040,34.6786,33.3511
15.5080,34.5942,33.2715
15.5120,34.5401,33.1914
15.5160,34.4965,33.1108
15.5200,34.4099,33.0296
15.5240,34.3242,32.9484
15.5280,34.2361,32.8672
15.5320,34.1504,32.7858
15.5360,34.0669,32.7042
15.5400,33.9862,32.6229
15.5440,33.9413,32.5421
15.5480,33.9025,32.4614
15.5520,33.8137,32.3809
15.5560,33.7277,32.3000
15.5600,33.6438,32.2148
15.5640,33.5561,32.1297
15.5680,33.5103,32.0445
15.5720,33.4651,31.9562
15.5760,33.3756,31.8294
15.5800,33.2849,31.7047
15.5840,33.1918,31.6200
15.5880,33.0975,31.5353
15.5920,33.0041,31.4485
15.5960,32.9082,31.3617
15.6000,32.8624,31.2743
15.6040,32.8193,31.1868
15.6080,32.7178,31.0982
15.6120,32.6179,31.0095
15.6160,32.5178,30.9208
15.6200,32.4180,30.8321
15.6240,32.3168,30.7428
15.6280,32.2124,30.6534
15.6320,32.1618,30.5643
15.6360,32.1099,30.4755
15.6400,32.0080,30.3858
15.6440,31.9024,30.2957
15.6480,31.7920,30.2068
15.6520,31.6854,30.1186
15.6560,31.5794,30.0303
15.6600,31.5271,29.9421
15.6640,31.4754,29.8578
15.6680,31.3701,29.7770
15.6720,31.2674,29.6930
15.6760,31.1649,29.6026
15.6800,31.0648,29.5127
15.6840,30.9660,29.4242
15.6880,30.8672,29.3221
15.6920,30.8198,29.1869
15.6960,30.7700,29.0626
15.7000,30.6750,28.9696
15.7040,30.5764,28.8766
15.7080,30.4734,28.7836
15.7120,30.3733,28.6899
15.7160,30.2731,28.5918
15.7200,30.1735,28.4936
15.7240,30.1229,28.3948
15.7280,30.0703,28.2959
15.7320,29.9680,28.1965
15.7360,29.8629,28.0971
15.7400,29.7580,27.9956
15.7440,29.6524,27.8942
15.7480,29.5971,27.7959
15.7520,29.5406,27.6976
15.7560,29.4289,27.5993
15.7600,29.3173,27.5011
15.7640,29.2035,27.4021
15.7680,29.0845,27.3029
15.7720,28.9653,27.1966
15.7760,28.8470,27.0874
15.7800,28.7888,26.9855
15.7840,28.7309,26.8858
15.7880,28.6105,26.7825
15.7920,28.4910,26.6770
15.7960,28.3714,26.5715
15.8000,28.2550,26.4660
15.8040,28.1348,26.3600
15.8080,28.0106,26.2537
15.8120,27.8926,26.1471
15.8160,27.8347,26.0404
15.8200,27.7782,25.9128
15.8240,27.6612,25.7522
15.8280,27.5445,25.6103
15.8320,27.4313,25.5053
15.8360,27.3181,25.3995
15.8400,27.2640,25.2910
15.8440,27.2087,25.1825
15.8480,27.0936,25.0740
15.8520,26.9765,24.9654
15.8560,26.8586,24.8557
15.8600,26.7407,24.7457
15.8640,26.6199,24.6337
15.8680,26.4951,24.5219
15.8720,26.4334,24.4118
15.8760,26.3690,24.3017
15.8800,26.2453,24.1875
15.8840,26.1166,24.0733
15.8880,25.9814,23.9586
15.8920,25.8506,23.8440
15.8960,25.7862,23.7293
15.9000,25.7207,23.6146
15.9040,25.5901,23.5034
15.9080,25.4539,23.3927
15.9120,25.3156,23.2785
15.9160,25.1792,23.1632
15.9200,25.0453,23.0913
15.9240,24.9096,23.0364
15.9280,24.7722,22.9285
15.9320,24.7075,22.7852
15.9360,24.6405,22.6419
15.9400,24.5117,22.4986
15.9440,24.3866,22.3754
15.9480,24.2613,22.2676
15.9520,24.1402,22.1583
15.9560,24.0243,22.0474
15.9600,23.9124,21.9365
15.9640,23.8542,21.8257
15.9680,23.7956,21.7163
15.9720,23.6806,21.6087
15.9760,23.5668,21.5014
15.9800,23.4479,21.3944
15.9840,23.3194,21.2874
15.9880,23.1939,21.1804
15.9920,23.0678,21.0731
15.9960,23.0054,20.9651
16.0000,22.9449,20.8571
16.0040,22.8165,20.7491
16.0080,22.6812,20.6407
16.0120,22.5471,20.5305
16.0160,22.4142,20.4203
16.0200,22.3482,20.3102
16.0240,22.2825,20.2001
16.0280,22.1441,20.0901
16.0320,22.0100,19.9799
16.0360,21.8764,19.8681
16.0400,21.7432,19.7562
16.0440,21.6089,19.5888
16.0480,21.4768,19.4206
16.0520,21.4101,19.3051
16.0560,21.3421,19.1931
16.0600,21.2109,19.0795
16.0640,21.0771,18.9657
16.0680,20.9405,18.8547
16.0720,20.8045,18.7442
16.0760,20.7380,18.6338
16.0800,20.6688,18.5233
16.0840,20.5327,18.4142
16.0880,20.3903,18.3057
16.0920,20.2482,18.1971
16.0960,20.1060,18.0886
16.1000,19.9704,17.9826
16.1040,19.8315,17.8779
16.1080,19.6852,17.7763
16.1120,19.6160,17.6770
16.1160,19.5481,17.5756
16.1200,19.4151,17.4711
16.1240,19.2834,17.3667
16.1280,19.1520,17.2622
16.1320,19.0265,17.1395
16.1360,18.9040,16.9887
16.1400,18.7847,16.8567
16.1440,18.7253,16.7587
16.1480,18.6671,16.6616
16.1520,18.5475,16.5667
16.1560,18.4259,16.4718
16.1600,18.3024,16.3768
16.1640,18.1775,16.2817
16.1680,18.1149,16.1867
16.1720,18.0509,16.0924
16.1760,17.9224,16.0039
16.1800,17.7964,15.9154
16.1840,17.6691,15.8276
16.1880,17.5372,15.7398
16.1920,17.4064,15.6488
16.1960,17.2789,15.5570
16.2000,17.2168,15.4679
16.2040,17.1551,15.3798
16.2080,17.0259,15.2680
16.2120,16.9022,15.1419
16.2160,16.7791,15.0335
16.2200,16.6578,14.9473
16.2240,16.5387,14.8611
16.2280,16.4224,14.7749
16.2320,16.3085,14.6895
16.2360,16.2504,14.6054
16.2400,16.1952,14.5223
16.2440,16.0864,14.4412
16.2480,15.9757,14.3606
16.2520,15.8693,14.2817
16.2560,15.7650,14.2033
16.2600,15.7111,14.1272
16.2640,15.6620,14.0512
16.2680,15.5550,13.9751
16.2720,15.4569,13.8992
16.2760,15.3549,13.8268
16.2800,15.2382,13.7545
16.2840,15.1324,13.6833
16.2880,15.0306,13.6123
16.2920,14.9284,13.5389
16.2960,14.8219,13.4641
16.3000,14.7226,13.3886
16.3040,14.6720,13.3124
16.3080,14.6247,13.2185
16.3120,14.5289,13.1088
16.3160,14.4359,13.0136
16.3200,14.3900,12.9378
16.3240,14.3482,12.8621
16.3280,14.2553,12.7864
16.3320,14.1660,12.7113
16.3360,14.0776,12.6373
16.3400,13.9896,12.5638
16.3440,13.9008,12.4914
16.3480,13.8103,12.4191
16.3520,13.7652,12.3476
16.3560,13.7256,12.2764
16.3600,13.6350,12.2064
16.3640,13.5419,12.1364
16.3680,13.4480,12.0665
16.3720,13.3554,11.9965
16.3760,13.2632,11.9239
16.3800,13.1720,11.8514
16.3840,13.1213,11.7813
16.3880,13.0789,11.7113
16.3920,12.9880,11.6396
16.3960,12.8960,11.5677
16.4000,12.8060,11.4986
16.4040,12.7168,11.4297
16.4080,12.6662,11.3755
16.4120,12.6240,11.3244
16.4160,12.5349,11.2732
16.4200,12.4469,11.2220
16.4240,12.3587,11.1360
16.4280,12.2699,11.0367
16.4320,12.1822,10.9598
16.4360,12.0961,10.8942
16.4400,12.0119,10.8302
16.4440,11.9641,10.7673
16.4480,11.9251,10.7070
16.4520,11.8439,10.6485
16.4560,11.7643,10.5901
16.4600,11.6875,10.5317
16.4640,11.6116,10.4753
16.4680,11.5352,10.4212
16.4720,11.4614,10.3672
16.4760,11.4201,10.3134
16.4800,11.3887,10.2605
16.4840,11.3162,10.2096
16.4880,11.2433,10.1589
16.4920,11.1707,10.1090
16.4960,11.0973,10.0601
16.5000,11.0275,10.0148
16.5040,10.9570,9.9694
16.5080,10.9122,9.9241
16.5120,10.8804,9.8793
16.5160,10.8106,9.8385
16.5200,10.7416,9.7969
16.5240,10.6729,9.7384
16.5280,10.6042,9.6806
16.5320,10.5662,9.6460
16.5360,10.5382,9.6113
16.5400,10.4716,9.5782
16.5440,10.4058,9.5451
16.5480,10.3416,9.5153
16.5520,10.2784,9.4857
16.5560,10.2423,9.4561
16.5600,10.2152,9.4265
16.5640,10.1548,9.3978
16.5680,10.0940,9.3696
16.5720,10.0342,9.3421
16.5760,9.9753,9.3152
16.5800,9.9189,9.2894
16.5840,9.8644,9.2648
16.5880,9.8099,9.2401
16.5920,9.7794,9.2150
16.5960,9.7583,9.1912
16.6000,9.7130,9.1696
16.6040,9.6702,9.1479
16.6080,9.6208,9.1263
16.6120,9.5798,9.1056
16.6160,9.5414,9.0870
16.6200,9.5054,9.0690
16.6240,9.4845,9.0528
16.6280,9.4708,9.0370
16.6320,9.4374,9.0229
16.6360,9.4052,9.0093
16.6400,9.3744,8.9973
16.6440,9.3450,8.9853
16.6480,9.3256,8.9734
16.6520,9.3143,8.9621
16.6560,9.2852,8.9578
16.6600,9.2577,8.9536
16.6640,9.2307,8.9526
16.6680,9.2040,8.9516
16.6720,9.1778,8.9516
16.6760,9.1529,8.9516
16.6800,9.1383,8.9516
16.6840,9.1296,8.9516
16.6880,9.1069,8.9517
16.6920,9.0865,8.9517
16.6960,9.0673,8.9517
16.7000,9.0502,8.9518
16.7040,9.0345,8.9518
16.7080,9.0202,8.9518
16.7120,9.0121,8.9518
16.7160,9.0076,8.9518
16.7200,8.9965,8.9518
16.7240,8.9873,8.9519
16.7280,8.9788,8.9519
16.7320,8.9722,8.9519
16.7360,8.9666,8.9519
16.7400,8.9639,8.9519
16.7440,8.9622,8.9520
16.7480,8.9587,8.9520
16.7520,8.9557,8.9520
16.7560,8.9536,8.9520
16.7600,8.9519,8.9520
16.7640,8.9509,8.9520
16.7680,8.9500,8.9521
16.7720,8.9499,8.9521
16.7760,8.9496,8.9521
16.7800,8.9496,8.9521
16.7840,8.9495,8.9521
16.7880,8.9497,8.9521
16.7920,8.9496,8.9522
16.7960,8.9499,8.9522
16.8000,8.9501,8.9522
16.8040,8.9504,8.9522
16.8080,8.9503,8.9522
16.8120,8.9507,8.9522
16.8160,8.9507,8.9522
16.8200,8.9510,8.9522
16.8240,8.9511,8.9523
16.8280,8.9514,8.9523
16.8320,8.9513,8.9523
16.8360,8.9516,8.9523
16.8400,8.9516,8.9523
16.8440,8.9519,8.9523
16.8480,8.9518,8.9523
16.8520,8.9522,8.9524
16.8560,8.9518,8.9524
16.8600,8.9521,8.9524
16.8640,8.9520,8.9524
16.8680,8.9524,8.9524
16.8720,8.9520,8.9524
16.8760,8.9524,8.9524
16.8800,8.9521,8.9524
16.8840,8.9525,8.9524
16.8880,8.9520,8.9524
16.8920,8.9523,8.9524
16.8960,8.9523,8.9525
16.9000,8.9525,8.9525
16.9040,8.9521,8.9525
16.9080,8.9525,8.9525
16.9120,8.9522,8.9525
16.9160,8.9525,8.9525
16.9200,8.9522,8.9525
16.9240,8.9525,8.9525
16.9280,8.9522,8.9525
16.9320,8.9525,8.9525
16.9360,8.9521,8.9525
16.9400,8.9525,8.9525
16.9440,8.9522,8.9525
16.9480,8.9527,8.9525
16.9520,8.9522,8.9525
16.9560,8.9526,8.9525
16.9600,8.9524,8.9525
16.9640,8.9526,8.9525
16.9680,8.9523,8.9525
16.9720,8.9526,8.9525
16.9760,8.9523,8.9525
16.9800,8.9526,8.9525
16.9840,8.9522,8.9525
16.9880,8.9525,8.9525
16.9920,8.9522,8.9525
16.9960,8.9528,8.9525
17.0000,8.9523,8.9525
17.0040,8.9527,8.9525
17.0080,8.9524,8.9526
17.0120,8.9527,8.9526
17.0160,8.9522,8.9526
17.0200,8.9525,8.9526
17.0240,8.9524,8.9526
17.0280,8.9526,8.9526
17.0320,8.9523,8.9526
17.0360,8.9529,8.9526
17.0400,8.9523,8.9526
17.0440,8.9527,8.9526
17.0480,8.9524,8.9526
17.0520,8.9527,8.9526
17.0560,8.9522,8.9526
17.0600,8.9527,8.9526
17.0640,8.9525,8.9526
17.0680,8.9527,8.9526
17.0720,8.9524,8.9526
17.0760,8.9528,8.9526
17.0800,8.9523,8.9526
17.0840,8.9528,8.9526
17.0880,8.9524,8.9526
17.0920,8.9528,8.9526
17.0960,8.9521,8.9526
17.1000,8.9529,8.9526
17.1040,8.9519,8.9526
17.1080,8.9531,8.9526
17.1120,8.9522,8.9526
17.1160,8.9527,8.9526
17.1200,8.9524,8.9526
17.1240,8.9528,8.9526
17.1280,8.9525,8.9526
17.1320,8.9528,8.9526
17.1360,8.9524,8.9526
17.1400,8.9527,8.9526
17.1440,8.9523,8.9526
17.1480,8.9530,8.9526
17.1520,8.9524,8.9527
17.1560,8.9527,8.9527
17.1600,8.9523,8.9527
17.1640,8.9529,8.9527
17.1680,8.9522,8.9527
17.1720,8.9530,8.9527
17.1760,8.9524,8.9527
17.1800,8.9528,8.9527
17.1840,8.9522,8.9527
17.1880,8.9528,8.9527
17.1920,8.9524,8.9527
17.1960,8.9530,8.9527
17.2000,8.9523,8.9527
17.2040,8.9529,8.9527
17.2080,8.9522,8.9528
17.2120,8.9532,8.9528
17.2160,8.9523,8.9528
17.2200,8.9528,8.9528
17.2240,8.9522,8.9528
17.2280,8.9533,8.9528
17.2320,8.9524,8.9528
17.2360,8.9531,8.9528
17.2400,8.9517,8.9528
17.2440,8.9532,8.9528
17.2480,8.9522,8.9529
17.2520,8.9531,8.9529
17.2560,8.9522,8.9529
17.2600,8.9532,8.9529
17.2640,8.9523,8.9529
17.2680,8.9532,8.9529
17.2720,8.9522,8.9529
17.2760,8.9532,8.9529
17.2800,8.9522,8.9530
17.2840,8.9536,8.9530
17.2880,8.9524,8.9530
17.2920,8.9532,8.9530
17.2960,8.9522,8.9530
17.3000,8.9531,8.9530
17.3040,8.9529,8.9530
17.3080,8.9529,8.9530
17.3120,8.9525,8.9530
17.3160,8.9533,8.9530
17.3200,8.9523,8.9530
17.3240,8.9536,8.9530
17.3280,8.9524,8.9530
17.3320,8.9534,8.9530
17.3360,8.9523,8.9530
17.3400,8.9534,8.9531
17.3440,8.9524,8.9531
17.3480,8.9535,8.9531
17.3520,8.9523,8.9531
17.3560,8.9535,8.9531
17.3600,8.9525,8.9531
17.3640,8.9537,8.9531
17.3680,8.9524,8.9531
17.3720,8.9536,8.9531
17.3760,8.9524,8.9531
17.3800,8.9535,8.9531
17.3840,8.9524,8.9531
17.3880,8.9538,8.9532
17.3920,8.9526,8.9532
17.3960,8.9535,8.9532
17.4000,8.9522,8.9532
17.4040,8.9540,8.9532
17.4080,8.9524,8.9532
17.4120,8.9537,8.9532
17.4160,8.9523,8.9533
17.4200,8.9539,8.9533
17.4240,8.9522,8.9533
17.4280,8.9538,8.9533
17.4320,8.9523,8.9533
17.4360,8.9537,8.9533
17.4400,8.9525,8.9533
17.4440,8.9537,8.9534
17.4480,8.9525,8.9534
17.4520,8.9539,8.9534
17.4560,8.9524,8.9534
17.4600,8.9541,8.9534
17.4640,8.9522,8.9534
17.4680,8.9539,8.9534
17.4720,8.9528,8.9534
17.4760,8.9539,8.9534
17.4800,8.9524,8.9534
17.4840,8.9545,8.9534
17.4880,8.9525,8.9534
17.4920,8.9541,8.9534
17.4960,8.9522,8.9534
17.5000,8.9542,8.9534
17.5040,8.9523,8.9534
17.5080,8.9543,8.9534
17.5120,8.9526,8.9535
17.5160,8.9540,8.9535
17.5200,8.9523,8.9535
17.5240,8.9545,8.9535
17.5280,8.9525,8.9535
17.5320,8.9547,8.9535
17.5360,8.9525,8.9535
17.5400,8.9545,8.9535
17.5440,8.9520,8.9535
17.5480,8.9541,8.9535
17.5520,8.9526,8.9535
17.5560,8.9544,8.9535
17.5600,8.9525,8.9536
17.5640,8.9547,8.9536
17.5680,8.9523,8.9536
17.5720,8.9544,8.9536
17.5760,8.9526,8.9536
17.5800,8.9546,8.9536
17.5840,8.9523,8.9536
17.5880,8.9544,8.9536
17.5920,8.9526,8.9536
17.5960,8.9546,8.9536
17.6000,8.9522,8.9536
17.6040,8.9547,8.9536
17.6080,8.9526,8.9536
17.6120,8.9547,8.9536
17.6160,8.9523,8.9536
17.6200,8.9546,8.9536
17.6240,8.9526,8.9536
17.6280,8.9547,8.9536
17.6320,8.9523,8.9536
17.6360,8.9545,8.9536
17.6400,8.9526,8.9536
17.6440,8.9549,8.9536
17.6480,8.9523,8.9536
17.6520,8.9547,8.9536
17.6560,8.9527,8.9536
17.6600,8.9547,8.9536
17.6640,8.9523,8.9536
17.6680,8.9546,8.9536
17.6720,8.9526,8.9536
17.6760,8.9548,8.9536
17.6800,8.9523,8.9536
17.6840,8.9546,8.9536
17.6880,8.9526,8.9535
17.6920,8.9549,8.9535
17.6960,8.9523,8.9535
17.7000,8.9547,8.9535
17.7040,8.9524,8.9535
17.7080,8.9548,8.9535
17.7120,8.9523,8.9535
17.7160,8.9545,8.9535
17.7200,8.9526,8.9535
17.7240,8.9549,8.9535
17.7280,8.9525,8.9535
17.7320,8.9548,8.9535
17.7360,8.9522,8.9535
17.7400,8.9546,8.9534
17.7440,8.9527,8.9534
17.7480,8.9547,8.9534
17.7520,8.9524,8.9534
17.7560,8.9547,8.9534
17.7600,8.9522,8.9534
17.7640,8.9547,8.9534
17.7680,8.9526,8.9534
17.7720,8.9547,8.9534
17.7760,8.9522,8.9534
17.7800,8.9545,8.9534
17.7840,8.9524,8.9534
17.7880,8.9547,8.9534
17.7920,8.9522,8.9534
17.7960,8.9544,8.9534
17.8000,8.9524,8.9534
17.8040,8.9549,8.9534
17.8080,8.9523,8.9534
17.8120,8.9543,8.9534
17.8160,8.9526,8.9534
17.8200,8.9547,8.9534
17.8240,8.9522,8.9534
17.8280,8.9544,8.9534
17.8320,8.9526,8.9534
17.8360,8.9546,8.9534
17.8400,8.9521,8.9534
17.8440,8.9547,8.9534
17.8480,8.9525,8.9534
17.8520,8.9547,8.9534
17.8560,8.9522,8.9535
17.8600,8.9545,8.9535
17.8640,8.9524,8.9535
17.8680,8.9547,8.9535
17.8720,8.9522,8.9535
17.8760,8.9545,8.9535
17.8800,8.9525,8.9535
17.8840,8.9548,8.9535
17.8880,8.9523,8.9535
17.8920,8.9543,8.9535
17.8960,8.9526,8.9535
17.9000,8.9546,8.9535
17.9040,8.9522,8.9535
17.9080,8.9543,8.9535
17.9120,8.9526,8.9535
17.9160,8.9546,8.9535
17.9200,8.9522,8.9535
17.9240,8.9545,8.9535
17.9280,8.9526,8.9535
17.9320,8.9545,8.9535
17.9360,8.9523,8.9535
17.9400,8.9544,8.9535
17.9440,8.9525,8.9535
17.9480,8.9546,8.9535
17.9520,8.9523,8.9535
17.9560,8.9544,8.9535
17.9600,8.9526,8.9535
17.9640,8.9547,8.9535
17.9680,8.9523,8.9535
17.9720,8.9545,8.9535
17.9760,8.9526,8.9535
17.9800,8.9547,8.9535
17.9840,8.9526,8.9535
17.9880,8.9543,8.9535
17.9920,8.9523,8.9535
17.9960,8.9544,8.9535
18.0000,8.9525,8.9535
18.0040,8.9545,8.9535
18.0080,8.9526,8.9535
18.0120,8.9544,8.9535
18.0160,8.9528,8.9535
18.0200,8.9541,8.9535
18.0240,8.9525,8.9535
18.0280,8.9544,8.9535
18.0320,8.9526,8.9535
18.0360,8.9545,8.9535
18.0400,8.9527,8.9535
18.0440,8.9542,8.9535
18.0480,8.9529,8.9535
18.0520,8.9544,8.9535
18.0560,8.9527,8.9535
18.0600,8.9542,8.9535
18.0640,8.9529,8.9535
18.0680,8.9543,8.9535
18.0720,8.9527,8.9535
18.0760,8.9544,8.9535
18.0800,8.9526,8.9535
18.0840,8.9543,8.9535
18.0880,8.9528,8.9535
18.0920,8.9544,8.9535
18.0960,8.9527,8.9535
18.1000,8.9546,8.9535
18.1040,8.9528,8.9535
18.1080,8.9542,8.9535
18.1120,8.9528,8.9535
18.1160,8.9543,8.9535
18.1200,8.9528,8.9535
18.1240,8.9544,8.9535
18.1280,8.9529,8.9535
18.1320,8.9542,8.9535
18.1360,8.9527,8.9535
18.1400,8.9542,8.9535
18.1440,8.9529,8.9535
18.1480,8.9542,8.9535
18.1520,8.9530,8.9535
18.1560,8.9543,8.9535
18.1600,8.9529,8.9535
18.1640,8.9543,8.9535
18.1680,8.9529,8.9535
18.1720,8.9542,8.9535
18.1760,8.9528,8.9535
18.1800,8.9543,8.9535
18.1840,8.9529,8.9535
18.1880,8.9540,8.9535
18.1920,8.9528,8.9535
18.1960,8.9542,8.9535
18.2000,8.9529,8.9535
18.2040,8.9544,8.9535
18.2080,8.9529,8.9535
18.2120,8.9543,8.9535
18.2160,8.9529,8.9535
18.2200,8.9542,8.9535
18.2240,8.9527,8.9535
18.2280,8.9541,8.9535
18.2320,8.9529,8.9535
18.2360,8.9540,8.9535
18.2400,8.9529,8.9535
18.2440,8.9542,8.9535
18.2480,8.9530,8.9535
18.2520,8.9542,8.9535
18.2560,8.9531,8.9535
18.2600,8.9541,8.9535
18.2640,8.9530,8.9535
18.2680,8.9541,8.9535
18.2720,8.9528,8.9535
18.2760,8.9540,8.9535
18.2800,8.9529,8.9535
18.2840,8.9542,8.9535
18.2880,8.9531,8.9535
18.2920,8.9539,8.9536
18.2960,8.9530,8.9535
18.3000,8.9539,8.9535
18.3040,8.9532,8.9536
18.3080,8.9540,8.9536
18.3120,8.9533,8.9536
18.3160,8.9539,8.9536
18.3200,8.9530,8.9536
18.3240,8.9540,8.9536
18.3280,8.9533,8.9536
18.3320,8.9539,8.9536
18.3360,8.9529,8.9536
18.3400,8.9538,8.9536
18.3440,8.9530,8.9536
18.3480,8.9540,8.9536
18.3520,8.9532,8.9536
18.3560,8.9540,8.9536
18.3600,8.9530,8.9536
18.3640,8.9541,8.9536
18.3680,8.9531,8.9536
18.3720,8.9539,8.9536
18.3760,8.9532,8.9536
18.3800,8.9540,8.9536
18.3840,8.9531,8.9536
18.3880,8.9541,8.9536
18.3920,8.9530,8.9536
18.3960,8.9542,8.9536
18.4000,8.9531,8.9536
18.4040,8.9540,8.9536
18.4080,8.9532,8.9536
18.4120,8.9541,8.9536
18.4160,8.9530,8.9536
18.4200,8.9541,8.9536
18.4240,8.9533,8.9537
18.4280,8.9539,8.9537
18.4320,8.9532,8.9537
18.4360,8.9540,8.9537
18.4400,8.9530,8.9537
18.4440,8.9540,8.9537
18.4480,8.9533,8.9537
18.4520,8.9538,8.9537
18.4560,8.9535,8.9538
18.4600,8.9539,8.9538
18.4640,8.9534,8.9538
18.4680,8.9539,8.9539
18.4720,8.9535,8.9539
18.4760,8.9539,8.9540
18.4800,8.9534,8.9540
18.4840,8.9540,8.9542
18.4880,8.9532,8.9543
18.4920,8.9541,8.9544
18.4960,8.9534,8.9545
18.5000,8.9539,8.9547
18.5040,8.9532,8.9548
18.5080,8.9540,8.9550
18.5120,8.9535,8.9551
18.5160,8.9540,8.9553
18.5200,8.9534,8.9555
18.5240,8.9543,8.9558
18.5280,8.9536,8.9560
18.5320,8.9542,8.9563
18.5360,8.9536,8.9566
18.5400,8.9545,8.9569
18.5440,8.9537,8.9573
18.5480,8.9543,8.9577
18.5520,8.9540,8.9581
18.5560,8.9546,8.9586
18.5600,8.9542,8.9590
18.5640,8.9549,8.9596
18.5680,8.9546,8.9603
18.5720,8.9553,8.9610
18.5760,8.9549,8.9615
18.5800,8.9554,8.9620
18.5840,8.9552,8.9625
18.5880,8.9559,8.9629
18.5920,8.9559,8.9634
18.5960,8.9566,8.9638
18.6000,8.9563,8.9642
18.6040,8.9569,8.9646
18.6080,8.9568,8.9649
18.6120,8.9578,8.9653
18.6160,8.9576,8.9658
18.6200,8.9588,8.9663
18.6240,8.9586,8.9667
18.6280,8.9596,8.9672
18.6320,8.9595,8.9677
18.6360,8.9600,8.9681
18.6400,8.9602,8.9686
18.6440,8.9611,8.9690
18.6480,8.9613,8.9694
18.6520,8.9620,8.9698
18.6560,8.9622,8.9703
18.6600,8.9631,8.9707
18.6640,8.9630,8.9711
18.6680,8.9637,8.9715
18.6720,8.9638,8.9720
18.6760,8.9646,8.9724
18.6800,8.9645,8.9732
18.6840,8.9657,8.9740
18.6880,8.9656,8.9747
18.6920,8.9663,8.9754
18.6960,8.9662,8.9762
18.7000,8.9674,8.9769
18.7040,8.9672,8.9778
18.7080,8.9683,8.9788
18.7120,8.9684,8.9799
18.7160,8.9694,8.9810
18.7200,8.9693,8.9823
18.7240,8.9700,8.9836
18.7280,8.9701,8.9853
18.7320,8.9711,8.9872
18.7360,8.9713,8.9891
18.7400,8.9725,8.9909
18.7440,8.9727,8.9933
18.7480,8.9740,8.9959
18.7520,8.9742,8.9990
18.7560,8.9749,9.0024
18.7600,8.9752,9.0064
18.7640,8.9766,9.0108
18.7680,8.9775,9.0158
18.7720,8.9791,9.0211
18.7760,8.9796,9.0273
18.7800,8.9803,9.0345
18.7840,8.9815,9.0416
18.7880,8.9836,9.0488
18.7920,8.9853,9.0589
18.7960,8.9878,9.0733
18.8000,8.9897,9.0866
18.8040,8.9928,9.0977
18.8080,8.9953,9.1095
18.8120,8.9978,9.1225
18.8160,8.9984,9.1363
18.8200,9.0023,9.1524
18.8240,9.0062,9.1684
18.8280,9.0115,9.1844
18.8320,9.0166,9.2011
18.8360,9.0231,9.2212
18.8400,9.0292,9.2418
18.8440,9.0350,9.2649
18.8480,9.0365,9.2883
18.8520,9.0453,9.3142
18.8560,9.0542,9.3403
18.8600,9.0651,9.3700
18.8640,9.0761,9.3996
18.8680,9.0860,9.4255
18.8720,9.0888,9.4513
18.8760,9.1031,9.4772
18.8800,9.1179,9.5031
18.8840,9.1342,9.5420
18.8880,9.1520,9.5818
18.8920,9.1717,9.6259
18.8960,9.1909,9.6705
18.9000,9.2068,9.7387
18.9040,9.2108,9.8106
18.9080,9.2357,9.8699
18.9120,9.2605,9.9253
18.9160,9.2872,9.9807
18.9200,9.3151,10.0362
18.9240,9.3450,10.0963
18.9280,9.3764,10.1587
18.9320,9.4009,10.2225
18.9360,9.4090,10.2870
18.9400,9.4442,10.3529
18.9440,9.4835,10.4198
18.9480,9.5268,10.4877
18.9520,9.5717,10.5564
18.9560,9.6074,10.6282
18.9600,9.6202,10.7032
18.9640,9.6706,10.7782
18.9680,9.7269,10.8532
18.9720,9.7875,10.9295
18.9760,9.8489,11.0077
18.9800,9.9141,11.0861
18.9840,9.9794,11.1650
18.9880,10.0497,11.2439
18.9920,10.1008,11.3229
18.9960,10.1170,11.4019
19.0000,10.1877,11.4806
19.0040,10.2585,11.5593
19.0080,10.3337,11.6380
19.0120,10.4067,11.7169
19.0160,10.4798,11.7966
19.0200,10.5536,11.8764
19.0240,10.6094,11.9566
19.0280,10.6293,12.0368
19.0320,10.7060,12.1177
19.0360,10.7868,12.1997
19.0400,10.8666,12.3233
19.0440,10.9485,12.4470
19.0480,11.0139,12.5317
19.0520,11.0362,12.6160
19.0560,11.1224,12.7003
19.0600,11.2114,12.7846
19.0640,11.3014,12.8715
19.0680,11.3987,12.9587
19.0720,11.4918,13.0449
19.0760,11.5842,13.1308
19.0800,11.6630,13.2166
19.0840,11.6871,13.3024
19.0880,11.7867,13.3877
19.0920,11.8881,13.4729
19.0960,11.9897,13.5581
19.1000,12.0918,13.6433
19.1040,12.1919,13.7278
19.1080,12.2983,13.8119
19.1120,12.3762,13.8949
19.1160,12.4031,13.9773
19.1200,12.5049,14.0578
19.1240,12.6041,14.1372
19.1280,12.7121,14.2166
19.1320,12.8159,14.2960
19.1360,12.8905,14.3744
19.1400,12.9140,14.4521
19.1440,13.0158,14.5297
19.1480,13.1209,14.6073
19.1520,13.2237,14.7017
19.1560,13.3258,14.8169
19.1600,13.4254,14.9169
19.1640,13.5249,14.9943
19.1680,13.6267,15.0716
19.1720,13.7009,15.1489
19.1760,13.7255,15.2198
19.1800,13.8218,15.2775
19.1840,13.9148,15.3352
19.1880,14.0087,15.3929
19.1920,14.1004,15.4539
19.1960,14.1922,15.5350
19.2000,14.2800,15.6154
19.2040,14.3481,15.6920
19.2080,14.3689,15.7686
19.2120,14.4603,15.8454
19.2160,14.5493,15.9218
19.2200,14.6391,15.9959
19.2240,14.7262,16.0701
19.2280,14.7945,16.1442
19.2320,14.8176,16.2183
19.2360,14.9062,16.2913
19.2400,14.9938,16.3643
19.2440,15.0817,16.4377
19.2480,15.1717,16.5110
19.2520,15.2591,16.5831
19.2560,15.3455,16.6550
19.2600,15.4099,16.7281
19.2640,15.4318,16.8014
19.2680,15.5191,16.8883
19.2720,15.6061,16.9771
19.2760,15.6892,17.0660
19.2800,15.7658,17.1548
19.2840,15.8620,17.2342
19.2880,15.9348,17.3085
19.2920,16.0172,17.3835
19.2960,16.0402,17.4589
19.3000,16.1242,17.5342
19.3040,16.2088,17.6093
19.3080,16.3030,17.6849
19.3120,16.3924,17.7608
19.3160,16.4600,17.8369
19.3200,16.4830,17.9132
19.3240,16.5724,17.9894
19.3280,16.6683,18.0656
19.3320,16.7618,18.1412
19.3360,16.8545,18.2157
19.3400,16.9479,18.2893
19.3440,17.0397,18.3609
19.3480,17.1360,18.4330
19.3520,17.2045,18.5066
19.3560,17.2275,18.5802
19.3600,17.3182,18.6544
19.3640,17.4054,18.7286
19.3680,17.4944,18.8027
19.3720,17.5795,18.8769
19.3760,17.6625,18.9509
19.3800,17.7442,19.0284
19.3840,17.8051,19.1381
19.3880,17.8252,19.2459
19.3920,17.9070,19.3192
19.3960,17.9894,19.3925
19.4000,18.0687,19.4650
19.4040,18.1492,19.5375
19.4080,18.2156,19.6096
19.4120,18.2359,19.6816
19.4160,18.3209,19.7536
19.4200,18.4076,19.8256
19.4240,18.4921,19.8984
19.4280,18.5812,19.9714
19.4320,18.6722,20.0434
19.4360,18.7616,20.1152
19.4400,18.8279,20.1859
19.4440,18.8466,20.2563
19.4480,18.9413,20.3253
19.4520,19.0333,20.3939
19.4560,19.1255,20.4624
19.4600,19.2179,20.5310
19.4640,19.3091,20.5985
19.4680,19.4013,20.6655
19.4720,19.4681,20.7318
19.4760,19.4892,20.7978
19.4800,19.5802,20.8634
19.4840,19.6687,20.9287
19.4880,19.7563,20.9928
19.4920,19.8451,21.0561
19.4960,19.9097,21.1269
19.5000,19.9298,21.2063
19.5040,20.0139,21.2857
19.5080,20.1029,21.3650
19.5120,20.1884,21.4389
19.5160,20.2729,21.5033
19.5200,20.3550,21.5677
19.5240,20.4345,21.6318
19.5280,20.5150,21.6957
19.5320,20.5790,21.7590
19.5360,20.5991,21.8228
19.5400,20.6773,21.8890
19.5440,20.7528,21.9551
19.5480,20.8298,22.0213
19.5520,20.9057,22.0872
19.5560,20.9804,22.1522
19.5600,21.0523,22.2173
19.5640,21.1073,22.2834
