t_mono_s,source,joint1_rad,joint2_rad,joint3_rad,joint4_rad,joint5_rad,joint6_rad
4352.240686,sim,1.412119,-0.083461,-2.646577,1.201172,-1.573958,0.329292
4352.243413,sim,1.412118,-0.083459,-2.646574,1.201190,-1.573967,0.329304
4352.247435,sim,1.412120,-0.083468,-2.646575,1.201178,-1.573959,0.329293
4352.251377,sim,1.412117,-0.083449,-2.646575,1.201191,-1.573970,0.329307
4352.255383,sim,1.412120,-0.083468,-2.646576,1.201174,-1.573956,0.329290
4352.259480,sim,1.412117,-0.083450,-2.646575,1.201193,-1.573971,0.329307
4352.263375,sim,1.412119,-0.083459,-2.646577,1.201174,-1.573959,0.329292
4352.267383,sim,1.412118,-0.083457,-2.646575,1.201191,-1.573968,0.329304
4352.271261,sim,1.412119,-0.083461,-2.646577,1.201176,-1.573959,0.329293
4352.275319,sim,1.412117,-0.083443,-2.646578,1.201187,-1.573970,0.329306
4352.279695,sim,1.412119,-0.083464,-2.646578,1.201170,-1.573955,0.329288
4352.283262,sim,1.412117,-0.083449,-2.646577,1.201190,-1.573969,0.329306
4352.287325,sim,1.412120,-0.083461,-2.646577,1.201180,-1.573961,0.329295
4352.291390,sim,1.412117,-0.083454,-2.646576,1.201192,-1.573968,0.329305
4352.295434,sim,1.412120,-0.083464,-2.646577,1.201176,-1.573958,0.329291
4352.299309,sim,1.412116,-0.083443,-2.646578,1.201186,-1.573969,0.329305
4352.303266,sim,1.412120,-0.083464,-2.646578,1.201173,-1.573957,0.329290
4352.307433,sim,1.412118,-0.083445,-2.646576,1.201194,-1.573972,0.329309
4352.311324,sim,1.412119,-0.083465,-2.646576,1.201177,-1.573958,0.329292
4352.315279,sim,1.412117,-0.083462,-2.646575,1.201189,-1.573965,0.329302
4352.319428,sim,1.412120,-0.083473,-2.646574,1.201182,-1.573958,0.329293
4352.323470,sim,1.412116,-0.083451,-2.646576,1.201188,-1.573968,0.329304
4352.327370,sim,1.412120,-0.083456,-2.646577,1.201175,-1.573960,0.329293
4352.331320,sim,1.412117,-0.083443,-2.646577,1.201188,-1.573970,0.329306
4352.335314,sim,1.412120,-0.083464,-2.646576,1.201178,-1.573959,0.329293
4352.339470,sim,1.412117,-0.083451,-2.646574,1.201194,-1.573971,0.329308
4352.343370,sim,1.412119,-0.083462,-2.646577,1.201174,-1.573957,0.329291
4352.347264,sim,1.412117,-0.083448,-2.646576,1.201186,-1.573968,0.329304
4352.351336,sim,1.412119,-0.083457,-2.646577,1.201174,-1.573959,0.329293
4352.355361,sim,1.412117,-0.083439,-2.646577,1.201185,-1.573970,0.329305
4352.359459,sim,1.412120,-0.083461,-2.646575,1.201179,-1.573960,0.329295
4352.363330,sim,1.412117,-0.083453,-2.646574,1.201194,-1.573969,0.329307
4352.367266,sim,1.412118,-0.083463,-2.646576,1.201177,-1.573958,0.329292
4352.371306,sim,1.412117,-0.083456,-2.646574,1.201193,-1.573968,0.329305
4352.375304,sim,1.412118,-0.083460,-2.646576,1.201177,-1.573959,0.329293
4352.379386,sim,1.412117,-0.083433,-2.646578,1.201186,-1.573971,0.329306
4352.383299,sim,1.412119,-0.083469,-2.646575,1.201178,-1.573956,0.329290
4352.387267,sim,1.412116,-0.083451,-2.646574,1.201197,-1.573970,0.329308
4352.391329,sim,1.412118,-0.083464,-2.646575,1.201183,-1.573959,0.329293
4352.395357,sim,1.412116,-0.083455,-2.646573,1.201201,-1.573969,0.329306
4352.399362,sim,1.412117,-0.083459,-2.646575,1.201182,-1.573958,0.329291
4352.403436,sim,1.412117,-0.083455,-2.646573,1.201199,-1.573967,0.329303
4352.407297,sim,1.412117,-0.083452,-2.646575,1.201186,-1.573961,0.329293
4352.411370,sim,1.412116,-0.083449,-2.646574,1.201201,-1.573969,0.329305
4352.415335,sim,1.412118,-0.083459,-2.646573,1.201192,-1.573961,0.329294
4352.419515,sim,1.412115,-0.083440,-2.646574,1.201200,-1.573969,0.329303
4352.423377,sim,1.412118,-0.083462,-2.646572,1.201195,-1.573960,0.329293
4352.427319,sim,1.412114,-0.083445,-2.646571,1.201212,-1.573972,0.329307
4352.431378,sim,1.412118,-0.083455,-2.646572,1.201197,-1.573962,0.329292
4352.435351,sim,1.412115,-0.083439,-2.646572,1.201209,-1.573973,0.329306
4352.439450,sim,1.412117,-0.083450,-2.646573,1.201195,-1.573963,0.329291
4352.443318,sim,1.412114,-0.083435,-2.646572,1.201215,-1.573978,0.329307
4352.447269,sim,1.412115,-0.083454,-2.646571,1.201203,-1.573968,0.329292
4352.451379,sim,1.412111,-0.083437,-2.646570,1.201220,-1.573983,0.329307
4352.455351,sim,1.412112,-0.083440,-2.646572,1.201205,-1.573978,0.329294
4352.459327,sim,1.412107,-0.083437,-2.646570,1.201221,-1.573990,0.329305
4352.463394,sim,1.412106,-0.083442,-2.646572,1.201207,-1.573986,0.329292
4352.467423,sim,1.412104,-0.083431,-2.646572,1.201218,-1.573994,0.329304
4352.471409,sim,1.412102,-0.083439,-2.646572,1.201208,-1.573995,0.329293
4352.475389,sim,1.412094,-0.083418,-2.646573,1.201222,-1.574021,0.329307
4352.479595,sim,1.412088,-0.083440,-2.646572,1.201212,-1.574028,0.329293
4352.483581,sim,1.412076,-0.083436,-2.646569,1.201230,-1.574062,0.329306
4352.487340,sim,1.412066,-0.083450,-2.646570,1.201216,-1.574080,0.329291
4352.491372,sim,1.412051,-0.083432,-2.646569,1.201234,-1.574128,0.329308
4352.495387,sim,1.412038,-0.083437,-2.646572,1.201214,-1.574155,0.329292
4352.499552,sim,1.412036,-0.083426,-2.646571,1.201228,-1.574165,0.329305
4352.503395,sim,1.412020,-0.083434,-2.646573,1.201214,-1.574209,0.329293
4352.507374,sim,1.411997,-0.083413,-2.646572,1.201231,-1.574297,0.329310
4352.511301,sim,1.411972,-0.083437,-2.646572,1.201219,-1.574379,0.329295
4352.515388,sim,1.411939,-0.083432,-2.646570,1.201234,-1.574503,0.329307
4352.519438,sim,1.411906,-0.083443,-2.646570,1.201223,-1.574627,0.329295
4352.523237,sim,1.411904,-0.083433,-2.646570,1.201234,-1.574636,0.329307
4352.527398,sim,1.411867,-0.083448,-2.646571,1.201217,-1.574782,0.329291
4352.531407,sim,1.411819,-0.083422,-2.646573,1.201231,-1.574988,0.329308
4352.535341,sim,1.411772,-0.083435,-2.646574,1.201215,-1.575197,0.329294
4352.539435,sim,1.411713,-0.083416,-2.646575,1.201225,-1.575458,0.329307
4352.543381,sim,1.411656,-0.083440,-2.646573,1.201219,-1.575727,0.329297
4352.547319,sim,1.411588,-0.083419,-2.646575,1.201225,-1.576041,0.329308
4352.551326,sim,1.411522,-0.083443,-2.646575,1.201214,-1.576358,0.329294
4352.555245,sim,1.411518,-0.083435,-2.646574,1.201228,-1.576368,0.329307
4352.559537,sim,1.411448,-0.083447,-2.646574,1.201218,-1.576738,0.329296
4352.563317,sim,1.411364,-0.083437,-2.646574,1.201229,-1.577192,0.329308
4352.567359,sim,1.411281,-0.083443,-2.646575,1.201213,-1.577693,0.329296
4352.571293,sim,1.411188,-0.083415,-2.646578,1.201218,-1.578272,0.329308
4352.575275,sim,1.411097,-0.083445,-2.646576,1.201211,-1.578881,0.329295
4352.579548,sim,1.410996,-0.083435,-2.646575,1.201227,-1.579560,0.329309
4352.583360,sim,1.410898,-0.083453,-2.646574,1.201214,-1.580261,0.329295
4352.587230,sim,1.410894,-0.083430,-2.646575,1.201228,-1.580275,0.329312
4352.591342,sim,1.410795,-0.083446,-2.646576,1.201208,-1.581037,0.329294
4352.595374,sim,1.410691,-0.083426,-2.646575,1.201225,-1.581910,0.329312
4352.599575,sim,1.410591,-0.083439,-2.646577,1.201206,-1.582832,0.329295
4352.603314,sim,1.410488,-0.083430,-2.646575,1.201224,-1.583847,0.329311
4352.607323,sim,1.410391,-0.083451,-2.646574,1.201213,-1.584901,0.329296
4352.611418,sim,1.410289,-0.083434,-2.646574,1.201227,-1.586032,0.329311
4352.615534,sim,1.410291,-0.083439,-2.646576,1.201207,-1.586021,0.329296
4352.619328,sim,1.410194,-0.083429,-2.646576,1.201221,-1.587210,0.329310
4352.623317,sim,1.410105,-0.083443,-2.646575,1.201209,-1.588449,0.329298
4352.627360,sim,1.410013,-0.083413,-2.646577,1.201219,-1.589784,0.329313
4352.631395,sim,1.409931,-0.083444,-2.646575,1.201210,-1.591165,0.329299
4352.635360,sim,1.409846,-0.083434,-2.646574,1.201225,-1.592646,0.329312
4352.639308,sim,1.409769,-0.083449,-2.646574,1.201211,-1.594183,0.329298
4352.643435,sim,1.409690,-0.083431,-2.646574,1.201228,-1.595824,0.329316
4352.647302,sim,1.409693,-0.083442,-2.646575,1.201209,-1.595811,0.329300
4352.651340,sim,1.409617,-0.083429,-2.646575,1.201221,-1.597586,0.329312
4352.655238,sim,1.409551,-0.083438,-2.646576,1.201208,-1.599524,0.329301
4352.659433,sim,1.409482,-0.083418,-2.646577,1.201218,-1.601644,0.329314
4352.663338,sim,1.409425,-0.083443,-2.646575,1.201210,-1.603885,0.329303
4352.667304,sim,1.409365,-0.083438,-2.646573,1.201227,-1.606272,0.329317
4352.671273,sim,1.409313,-0.083450,-2.646574,1.201210,-1.608741,0.329302
4352.675414,sim,1.409262,-0.083439,-2.646573,1.201224,-1.611319,0.329316
4352.679668,sim,1.409264,-0.083444,-2.646574,1.201209,-1.611309,0.329304
4352.683321,sim,1.409218,-0.083434,-2.646574,1.201221,-1.613984,0.329317
4352.687259,sim,1.409181,-0.083436,-2.646575,1.201208,-1.616757,0.329307
4352.691403,sim,1.409145,-0.083415,-2.646577,1.201219,-1.619651,0.329321
4352.695339,sim,1.409119,-0.083444,-2.646574,1.201212,-1.622608,0.329309
4352.699337,sim,1.409090,-0.083422,-2.646576,1.201219,-1.625664,0.329321
4352.703313,sim,1.409095,-0.083453,-2.646573,1.201211,-1.625650,0.329307
4352.707398,sim,1.409068,-0.083423,-2.646576,1.201219,-1.628802,0.329321
4352.711347,sim,1.409056,-0.083446,-2.646574,1.201208,-1.632036,0.329309
4352.715321,sim,1.409038,-0.083441,-2.646573,1.201224,-1.635386,0.329323
4352.719357,sim,1.409030,-0.083445,-2.646573,1.201213,-1.638796,0.329314
4352.723285,sim,1.409018,-0.083437,-2.646573,1.201225,-1.642285,0.329326
4352.727291,sim,1.409015,-0.083446,-2.646574,1.201209,-1.645800,0.329312
4352.731294,sim,1.409008,-0.083446,-2.646573,1.201224,-1.649367,0.329325
4352.735270,sim,1.409008,-0.083455,-2.646572,1.201214,-1.652933,0.329315
4352.739323,sim,1.409004,-0.083422,-2.646576,1.201223,-1.656523,0.329332
4352.743283,sim,1.409008,-0.083439,-2.646576,1.201206,-1.656508,0.329314
4352.747236,sim,1.409004,-0.083425,-2.646576,1.201222,-1.660148,0.329332
4352.751256,sim,1.409007,-0.083438,-2.646577,1.201203,-1.663863,0.329315
4352.755315,sim,1.409003,-0.083432,-2.646576,1.201220,-1.667694,0.329331
4352.759379,sim,1.409007,-0.083440,-2.646575,1.201210,-1.671580,0.329322
4352.763265,sim,1.409004,-0.083439,-2.646575,1.201221,-1.675541,0.329332
4352.767308,sim,1.409007,-0.083446,-2.646575,1.201209,-1.675531,0.329320
4352.771372,sim,1.409004,-0.083430,-2.646576,1.201221,-1.679571,0.329336
4352.775339,sim,1.409008,-0.083436,-2.646576,1.201205,-1.683667,0.329323
4352.779498,sim,1.409005,-0.083414,-2.646578,1.201217,-1.687852,0.329339
4352.783331,sim,1.409010,-0.083444,-2.646575,1.201209,-1.692054,0.329327
4352.787354,sim,1.409005,-0.083419,-2.646578,1.201215,-1.696310,0.329339
4352.791414,sim,1.409011,-0.083444,-2.646575,1.201208,-1.700550,0.329328
4352.795305,sim,1.409005,-0.083422,-2.646577,1.201215,-1.700563,0.329340
4352.799392,sim,1.409011,-0.083447,-2.646575,1.201207,-1.704754,0.329329
4352.803445,sim,1.409006,-0.083424,-2.646577,1.201215,-1.708875,0.329342
4352.807354,sim,1.409012,-0.083452,-2.646574,1.201204,-1.712871,0.329328
4352.811242,sim,1.409006,-0.083429,-2.646577,1.201214,-1.716800,0.329343
4352.815261,sim,1.409012,-0.083447,-2.646574,1.201208,-1.720605,0.329335
4352.819460,sim,1.409007,-0.083427,-2.646577,1.201213,-1.724332,0.329346
4352.823296,sim,1.409012,-0.083451,-2.646575,1.201202,-1.727933,0.329332
4352.827308,sim,1.409007,-0.083426,-2.646577,1.201211,-1.727948,0.329346
4352.831276,sim,1.409013,-0.083448,-2.646575,1.201204,-1.731501,0.329336
4352.835291,sim,1.409007,-0.083427,-2.646577,1.201210,-1.735074,0.329348
4352.839385,sim,1.409013,-0.083449,-2.646575,1.201200,-1.738614,0.329335
4352.843253,sim,1.409008,-0.083425,-2.646578,1.201207,-1.742169,0.329349
4352.847287,sim,1.409014,-0.083449,-2.646575,1.201199,-1.745680,0.329336
4352.851360,sim,1.409008,-0.083426,-2.646578,1.201206,-1.749198,0.329349
4352.855369,sim,1.409014,-0.083449,-2.646576,1.201197,-1.752663,0.329337
4352.859453,sim,1.409008,-0.083427,-2.646578,1.201203,-1.752675,0.329348
4352.863336,sim,1.409015,-0.083454,-2.646575,1.201196,-1.756155,0.329336
4352.867465,sim,1.409008,-0.083426,-2.646578,1.201206,-1.759716,0.329353
4352.871389,sim,1.409015,-0.083445,-2.646577,1.201193,-1.763286,0.329337
4352.875366,sim,1.409009,-0.083426,-2.646579,1.201203,-1.766920,0.329352
4352.879628,sim,1.409015,-0.083450,-2.646576,1.201194,-1.770549,0.329338
4352.883631,sim,1.409010,-0.083431,-2.646579,1.201201,-1.770561,0.329348
4352.887501,sim,1.409015,-0.083447,-2.646577,1.201193,-1.774234,0.329338
4352.891357,sim,1.409010,-0.083427,-2.646580,1.201202,-1.777986,0.329352
4352.895347,sim,1.409016,-0.083451,-2.646577,1.201193,-1.781742,0.329338
4352.899490,sim,1.409010,-0.083429,-2.646580,1.201202,-1.785546,0.329352
4352.903372,sim,1.409016,-0.083450,-2.646577,1.201192,-1.789322,0.329338
4352.907318,sim,1.409010,-0.083423,-2.646581,1.201202,-1.793115,0.329354
4352.911343,sim,1.409017,-0.083446,-2.646579,1.201192,-1.796842,0.329338
4352.915353,sim,1.409010,-0.083426,-2.646581,1.201201,-1.796857,0.329353
4352.919476,sim,1.409017,-0.083452,-2.646578,1.201189,-1.800535,0.329335
4352.923390,sim,1.409010,-0.083422,-2.646582,1.201205,-1.804202,0.329357
4352.927346,sim,1.409018,-0.083466,-2.646576,1.201195,-1.807768,0.329337
4352.931405,sim,1.409009,-0.083423,-2.646583,1.201200,-1.811323,0.329353
4352.935388,sim,1.409019,-0.083466,-2.646577,1.201194,-1.814776,0.329337
4352.939423,sim,1.409009,-0.083421,-2.646584,1.201199,-1.818208,0.329352
4352.943360,sim,1.409019,-0.083462,-2.646578,1.201195,-1.821537,0.329338
4352.947390,sim,1.409009,-0.083422,-2.646584,1.201199,-1.821556,0.329352
4352.951398,sim,1.409019,-0.083461,-2.646579,1.201194,-1.824841,0.329338
4352.955271,sim,1.409009,-0.083416,-2.646585,1.201200,-1.828141,0.329354
4352.959464,sim,1.409019,-0.083459,-2.646580,1.201195,-1.831369,0.329339
4352.963380,sim,1.409009,-0.083417,-2.646586,1.201198,-1.834606,0.329353
4352.967334,sim,1.409019,-0.083457,-2.646581,1.201196,-1.837768,0.329341
4352.971270,sim,1.409009,-0.083415,-2.646588,1.201199,-1.840926,0.329353
4352.975520,sim,1.409019,-0.083460,-2.646582,1.201193,-1.840904,0.329337
4352.979564,sim,1.409009,-0.083417,-2.646589,1.201198,-1.844018,0.329352
4352.983366,sim,1.409019,-0.083462,-2.646583,1.201194,-1.847042,0.329338
4352.987329,sim,1.409009,-0.083416,-2.646591,1.201197,-1.850065,0.329352
4352.991328,sim,1.409020,-0.083448,-2.646589,1.201186,-1.853011,0.329333
4352.995361,sim,1.409010,-0.083422,-2.646595,1.201201,-1.855970,0.329355
4352.999453,sim,1.409018,-0.083444,-2.646595,1.201188,-1.858866,0.329337
4353.003346,sim,1.409010,-0.083423,-2.646600,1.201203,-1.861784,0.329357
4353.007336,sim,1.409019,-0.083466,-2.646594,1.201195,-1.861760,0.329339
4353.011391,sim,1.409009,-0.083435,-2.646603,1.201204,-1.864698,0.329355
4353.015400,sim,1.409019,-0.083459,-2.646606,1.201189,-1.867645,0.329334
4353.019439,sim,1.409010,-0.083411,-2.646620,1.201198,-1.870674,0.329355
4353.023296,sim,1.409021,-0.083447,-2.646625,1.201184,-1.873676,0.329332
4353.027400,sim,1.409011,-0.083424,-2.646639,1.201199,-1.876735,0.329353
4353.031340,sim,1.409020,-0.083467,-2.646644,1.201193,-1.879749,0.329337
4353.035285,sim,1.409011,-0.083436,-2.646661,1.201203,-1.882791,0.329354
4353.039399,sim,1.409021,-0.083444,-2.646661,1.201181,-1.882770,0.329329
4353.043357,sim,1.409011,-0.083414,-2.646679,1.201202,-1.885803,0.329360
4353.047355,sim,1.409022,-0.083453,-2.646689,1.201183,-1.888764,0.329330
4353.051373,sim,1.409010,-0.083421,-2.646710,1.201203,-1.891766,0.329359
4353.055314,sim,1.409021,-0.083450,-2.646723,1.201186,-1.894691,0.329334
4353.059515,sim,1.409011,-0.083423,-2.646744,1.201201,-1.897642,0.329357
4353.063298,sim,1.409020,-0.083466,-2.646738,1.201195,-1.897619,0.329339
4353.067318,sim,1.409012,-0.083422,-2.646762,1.201194,-1.900558,0.329349
4353.071278,sim,1.409022,-0.083448,-2.646777,1.201187,-1.903475,0.329335
4353.075347,sim,1.409010,-0.083421,-2.646799,1.201202,-1.906436,0.329359
4353.079623,sim,1.409022,-0.083448,-2.646813,1.201184,-1.909345,0.329333
4353.083275,sim,1.409012,-0.083428,-2.646833,1.201201,-1.912293,0.329356
4353.087273,sim,1.409021,-0.083451,-2.646847,1.201186,-1.915179,0.329334
4353.091361,sim,1.409012,-0.083427,-2.646867,1.201198,-1.918084,0.329353
4353.095385,sim,1.409020,-0.083447,-2.646864,1.201188,-1.918067,0.329338
4353.099309,sim,1.409012,-0.083425,-2.646882,1.201201,-1.920975,0.329357
4353.103335,sim,1.409023,-0.083457,-2.646890,1.201182,-1.923869,0.329329
4353.107331,sim,1.409010,-0.083424,-2.646906,1.201203,-1.926850,0.329361
4353.111350,sim,1.409022,-0.083452,-2.646912,1.201181,-1.929790,0.329330
4353.115338,sim,1.409011,-0.083424,-2.646925,1.201199,-1.932801,0.329357
4353.119359,sim,1.409021,-0.083467,-2.646925,1.201192,-1.935770,0.329339
4353.123409,sim,1.409011,-0.083423,-2.646938,1.201195,-1.938786,0.329353
4353.127333,sim,1.409022,-0.083447,-2.646934,1.201183,-1.938765,0.329334
4353.131259,sim,1.409011,-0.083426,-2.646942,1.201199,-1.941795,0.329357
4353.135283,sim,1.409021,-0.083451,-2.646942,1.201186,-1.944803,0.329337
4353.139367,sim,1.409013,-0.083434,-2.646948,1.201197,-1.947861,0.329353
4353.143438,sim,1.409021,-0.083452,-2.646948,1.201184,-1.950890,0.329335
4353.147255,sim,1.409011,-0.083425,-2.646953,1.201197,-1.953953,0.329357
4353.151285,sim,1.409021,-0.083452,-2.646950,1.201183,-1.956958,0.329335
4353.155322,sim,1.409011,-0.083427,-2.646954,1.201198,-1.956981,0.329357
4353.159415,sim,1.409021,-0.083452,-2.646951,1.201182,-1.959948,0.329334
4353.163321,sim,1.409011,-0.083428,-2.646955,1.201195,-1.962906,0.329355
4353.167254,sim,1.409022,-0.083455,-2.646952,1.201180,-1.965770,0.329332
4353.171362,sim,1.409009,-0.083425,-2.646956,1.201199,-1.968638,0.329362
4353.175265,sim,1.409023,-0.083456,-2.646951,1.201179,-1.971407,0.329331
4353.179490,sim,1.409009,-0.083425,-2.646956,1.201198,-1.974196,0.329362
4353.183387,sim,1.409022,-0.083456,-2.646951,1.201178,-1.976890,0.329332
4353.187370,sim,1.409009,-0.083425,-2.646955,1.201198,-1.976920,0.329363
4353.191387,sim,1.409022,-0.083454,-2.646951,1.201177,-1.979626,0.329331
4353.195365,sim,1.409009,-0.083443,-2.646951,1.201204,-1.982443,0.329368
4353.199371,sim,1.409022,-0.083451,-2.646950,1.201172,-1.985243,0.329329
4353.203399,sim,1.409008,-0.083437,-2.646952,1.201204,-1.988142,0.329373
4353.207375,sim,1.409020,-0.083447,-2.646950,1.201174,-1.991002,0.329337
4353.211266,sim,1.409012,-0.083423,-2.646954,1.201188,-1.993930,0.329361
4353.215347,sim,1.409019,-0.083467,-2.646946,1.201189,-1.996824,0.329356
4353.219447,sim,1.409009,-0.083418,-2.646954,1.201186,-1.996842,0.329363
4353.223346,sim,1.409022,-0.083463,-2.646947,1.201182,-1.999773,0.329352
4353.227315,sim,1.409007,-0.083414,-2.646954,1.201191,-2.002826,0.329380
4353.231278,sim,1.409024,-0.083449,-2.646949,1.201170,-2.005883,0.329353
4353.235296,sim,1.409007,-0.083443,-2.646949,1.201199,-2.009057,0.329399
4353.239438,sim,1.409020,-0.083448,-2.646948,1.201168,-2.012217,0.329370
4353.243334,sim,1.409010,-0.083420,-2.646954,1.201187,-2.012246,0.329400
4353.247273,sim,1.409021,-0.083470,-2.646945,1.201177,-2.015462,0.329388
4353.251439,sim,1.409006,-0.083416,-2.646953,1.201185,-2.018793,0.329425
4353.255329,sim,1.409022,-0.083448,-2.646949,1.201164,-2.022102,0.329412
4353.259300,sim,1.409009,-0.083424,-2.646953,1.201175,-2.025485,0.329451
4353.263331,sim,1.409020,-0.083467,-2.646946,1.201164,-2.028821,0.329452
4353.267362,sim,1.409008,-0.083425,-2.646952,1.201167,-2.032188,0.329492
4353.271257,sim,1.409021,-0.083446,-2.646949,1.201143,-2.035470,0.329488
4353.275340,sim,1.409009,-0.083425,-2.646953,1.201161,-2.035495,0.329514
4353.279501,sim,1.409021,-0.083470,-2.646946,1.201141,-2.038735,0.329517
4353.283297,sim,1.409005,-0.083419,-2.646954,1.201137,-2.042006,0.329577
4353.287329,sim,1.409023,-0.083452,-2.646949,1.201091,-2.045180,0.329577
4353.291283,sim,1.409006,-0.083443,-2.646950,1.201094,-2.048390,0.329661
4353.295274,sim,1.409020,-0.083449,-2.646949,1.201028,-2.051507,0.329667
4353.299377,sim,1.409007,-0.083421,-2.646954,1.201011,-2.054655,0.329753
4353.303344,sim,1.409022,-0.083456,-2.646949,1.200942,-2.057703,0.329770
4353.307244,sim,1.409005,-0.083443,-2.646951,1.200976,-2.057739,0.329816
4353.311338,sim,1.409020,-0.083446,-2.646950,1.200889,-2.060793,0.329832
4353.315405,sim,1.409006,-0.083443,-2.646951,1.200858,-2.063947,0.329943
4353.319441,sim,1.409019,-0.083449,-2.646950,1.200754,-2.067064,0.329977
4353.323445,sim,1.409005,-0.083436,-2.646952,1.200704,-2.070266,0.330102
4353.327403,sim,1.409019,-0.083449,-2.646950,1.200581,-2.073407,0.330144
4353.331379,sim,1.409005,-0.083439,-2.646952,1.200515,-2.076618,0.330278
4353.335383,sim,1.409020,-0.083449,-2.646950,1.200378,-2.079755,0.330327
4353.339395,sim,1.409002,-0.083437,-2.646952,1.200310,-2.082954,0.330484
4353.343325,sim,1.409021,-0.083449,-2.646950,1.200268,-2.082911,0.330425
4353.347341,sim,1.409003,-0.083438,-2.646952,1.200192,-2.086077,0.330585
4353.351414,sim,1.409018,-0.083448,-2.646951,1.200034,-2.089129,0.330650
4353.355357,sim,1.409004,-0.083438,-2.646953,1.199931,-2.092209,0.330807
4353.360075,sim,1.409019,-0.083449,-2.646952,1.199754,-2.095188,0.330880
4353.363421,sim,1.409002,-0.083438,-2.646954,1.199645,-2.098210,0.331060
4353.367430,sim,1.409017,-0.083448,-2.646952,1.199611,-2.098175,0.331013
4353.371355,sim,1.409003,-0.083438,-2.646954,1.199479,-2.101207,0.331190
4353.375329,sim,1.409018,-0.083445,-2.646953,1.199269,-2.104234,0.331293
4353.379938,sim,1.409003,-0.083439,-2.646956,1.199108,-2.107378,0.331499
4353.383498,sim,1.409017,-0.083449,-2.646954,1.198866,-2.110502,0.331627
4353.387427,sim,1.409003,-0.083438,-2.646958,1.198671,-2.113729,0.331853
4353.391377,sim,1.409018,-0.083445,-2.646957,1.198398,-2.116921,0.332003
4353.395460,sim,1.409003,-0.083440,-2.646960,1.198178,-2.120204,0.332256
4353.399476,sim,1.409017,-0.083449,-2.646957,1.198146,-2.120170,0.332211
4353.403405,sim,1.409003,-0.083439,-2.646961,1.197902,-2.123486,0.332482
4353.407389,sim,1.409018,-0.083448,-2.646960,1.197572,-2.126779,0.332694
4353.411443,sim,1.409003,-0.083439,-2.646963,1.197282,-2.130167,0.333020
4353.415652,sim,1.409018,-0.083449,-2.646962,1.196910,-2.133506,0.333282
4353.419492,sim,1.409003,-0.083439,-2.646966,1.196584,-2.136917,0.333654
4353.423370,sim,1.409018,-0.083449,-2.646964,1.196182,-2.140254,0.333956
4353.427560,sim,1.409002,-0.083439,-2.646968,1.195831,-2.143638,0.334364
4353.431517,sim,1.409020,-0.083449,-2.646966,1.195794,-2.143601,0.334311
4353.435390,sim,1.408999,-0.083439,-2.646969,1.195440,-2.146980,0.334767
4353.439565,sim,1.409020,-0.083449,-2.646968,1.194975,-2.150265,0.335137
4353.443485,sim,1.409001,-0.083440,-2.646970,1.194581,-2.153626,0.335676
4353.447461,sim,1.409018,-0.083447,-2.646969,1.194088,-2.156892,0.336134
4353.451425,sim,1.409001,-0.083442,-2.646972,1.193655,-2.160208,0.336731
4353.455470,sim,1.409017,-0.083451,-2.646969,1.193622,-2.160173,0.336682
4353.459564,sim,1.409001,-0.083441,-2.646972,1.193166,-2.163486,0.337318
4353.463513,sim,1.409019,-0.083450,-2.646971,1.192616,-2.166742,0.337902
4353.467477,sim,1.408999,-0.083442,-2.646972,1.192125,-2.170085,0.338651
4353.471523,sim,1.409016,-0.083451,-2.646971,1.191536,-2.173351,0.339326
4353.475553,sim,1.409000,-0.083442,-2.646973,1.190999,-2.176679,0.340143
4353.479893,sim,1.409018,-0.083451,-2.646972,1.190376,-2.179923,0.340891
4353.483457,sim,1.408998,-0.083442,-2.646973,1.189822,-2.183223,0.341792
4353.487495,sim,1.409016,-0.083452,-2.646971,1.189785,-2.183186,0.341737
4353.491506,sim,1.408999,-0.083442,-2.646974,1.189195,-2.186490,0.342670
4353.495567,sim,1.409018,-0.083451,-2.646973,1.188493,-2.189764,0.343557
4353.499554,sim,1.408997,-0.083443,-2.646975,1.187838,-2.193153,0.344621
4353.503514,sim,1.409015,-0.083452,-2.646975,1.187071,-2.196491,0.345613
4353.507463,sim,1.408998,-0.083442,-2.646979,1.186345,-2.199918,0.346752
4353.511500,sim,1.409016,-0.083449,-2.646978,1.185526,-2.203288,0.347824
4353.515457,sim,1.408997,-0.083440,-2.646983,1.184760,-2.206733,0.349034
4353.519599,sim,1.409018,-0.083450,-2.646981,1.184715,-2.206690,0.348967
4353.523604,sim,1.408994,-0.083445,-2.646985,1.183938,-2.210160,0.350224
4353.527538,sim,1.409018,-0.083450,-2.646986,1.183027,-2.213559,0.351351
4353.531489,sim,1.408994,-0.083444,-2.646991,1.182199,-2.217071,0.352657
4353.535479,sim,1.409018,-0.083453,-2.646992,1.181245,-2.220492,0.353821
4353.539699,sim,1.408994,-0.083443,-2.646998,1.180378,-2.224003,0.355149
4353.543534,sim,1.409019,-0.083449,-2.647001,1.179396,-2.227407,0.356327
4353.547458,sim,1.408994,-0.083444,-2.647002,1.179450,-2.227455,0.356408
4353.551498,sim,1.409019,-0.083450,-2.647005,1.178464,-2.230818,0.357576
4353.555543,sim,1.408996,-0.083445,-2.647011,1.177587,-2.234218,0.358883
4353.559586,sim,1.409018,-0.083450,-2.647014,1.176614,-2.237477,0.360024
4353.563512,sim,1.408994,-0.083445,-2.647019,1.175745,-2.240776,0.361300
4353.567471,sim,1.409019,-0.083449,-2.647022,1.174773,-2.243934,0.362398
4353.571548,sim,1.408994,-0.083445,-2.647027,1.173913,-2.247146,0.363647
4353.575562,sim,1.409019,-0.083450,-2.647030,1.172947,-2.250224,0.364714
4353.579728,sim,1.408994,-0.083445,-2.647031,1.173002,-2.250272,0.364798
4353.583574,sim,1.409019,-0.083450,-2.647033,1.172028,-2.253344,0.365861
4353.587589,sim,1.408994,-0.083445,-2.647038,1.171148,-2.256532,0.367098
4353.591595,sim,1.409019,-0.083453,-2.647038,1.170149,-2.259634,0.368171
4353.595592,sim,1.408994,-0.083444,-2.647043,1.169245,-2.262832,0.369405
4353.599606,sim,1.409019,-0.083452,-2.647043,1.168232,-2.265928,0.370475
4353.603650,sim,1.408994,-0.083444,-2.647047,1.167322,-2.269099,0.371699
4353.607568,sim,1.409020,-0.083448,-2.647047,1.166307,-2.272151,0.372749
4353.611556,sim,1.408994,-0.083445,-2.647049,1.166363,-2.272198,0.372835
4353.615570,sim,1.409019,-0.083453,-2.647048,1.165340,-2.275263,0.373890
4353.619692,sim,1.408994,-0.083444,-2.647052,1.164404,-2.278476,0.375131
4353.623621,sim,1.409021,-0.083448,-2.647052,1.163345,-2.281646,0.376223
4353.627512,sim,1.408994,-0.083445,-2.647056,1.162382,-2.284954,0.377503
4353.631675,sim,1.409020,-0.083453,-2.647056,1.161297,-2.288204,0.378624
4353.635653,sim,1.408994,-0.083444,-2.647058,1.161349,-2.288250,0.378707
4353.639716,sim,1.409021,-0.083449,-2.647059,1.160245,-2.291565,0.379850
4353.643597,sim,1.408994,-0.083445,-2.647062,1.159227,-2.295058,0.381194
4353.647550,sim,1.409021,-0.083449,-2.647064,1.158081,-2.298526,0.382387
4353.651619,sim,1.408994,-0.083445,-2.647068,1.157032,-2.302138,0.383771
4353.655625,sim,1.409022,-0.083446,-2.647070,1.155861,-2.305692,0.384987
4353.659611,sim,1.408994,-0.083447,-2.647075,1.154805,-2.309359,0.386392
4353.663679,sim,1.409021,-0.083454,-2.647076,1.153636,-2.312933,0.387613
4353.667666,sim,1.408994,-0.083445,-2.647078,1.153689,-2.312978,0.387698
4353.671706,sim,1.409022,-0.083449,-2.647080,1.152523,-2.316551,0.388913
4353.675547,sim,1.408994,-0.083446,-2.647085,1.151467,-2.320215,0.390297
4353.679782,sim,1.409023,-0.083445,-2.647088,1.150300,-2.323779,0.391490
4353.683653,sim,1.408994,-0.083447,-2.647092,1.149255,-2.327422,0.392859
4353.687635,sim,1.409023,-0.083446,-2.647094,1.148096,-2.330950,0.394022
4353.691570,sim,1.408994,-0.083448,-2.647098,1.147065,-2.334542,0.395361
4353.695684,sim,1.409023,-0.083447,-2.647100,1.145924,-2.338007,0.396490
4353.699760,sim,1.408994,-0.083448,-2.647100,1.145984,-2.338053,0.396587
4353.703661,sim,1.409023,-0.083447,-2.647102,1.144836,-2.341512,0.397710
4353.707607,sim,1.408994,-0.083448,-2.647105,1.143787,-2.345086,0.399036
4353.711588,sim,1.409023,-0.083447,-2.647106,1.142598,-2.348584,0.400174
4353.715611,sim,1.408994,-0.083448,-2.647109,1.141515,-2.352183,0.401512
4353.719801,sim,1.409023,-0.083451,-2.647109,1.140300,-2.355694,0.402659
4353.723609,sim,1.408995,-0.083447,-2.647112,1.139188,-2.359287,0.403994
4353.727606,sim,1.409024,-0.083445,-2.647111,1.139129,-2.359243,0.403898
4353.731639,sim,1.408994,-0.083448,-2.647113,1.138018,-2.362807,0.405232
4353.735606,sim,1.409023,-0.083450,-2.647113,1.136790,-2.366230,0.406358
4353.739747,sim,1.408995,-0.083447,-2.647115,1.135677,-2.369687,0.407661
4353.743607,sim,1.409024,-0.083449,-2.647114,1.134455,-2.373005,0.408762
4353.747651,sim,1.408998,-0.083443,-2.647118,1.133341,-2.376350,0.410023
4353.751626,sim,1.409023,-0.083445,-2.647116,1.132136,-2.379563,0.411113
4353.755574,sim,1.408995,-0.083450,-2.647117,1.131040,-2.382797,0.412356
4353.759782,sim,1.409025,-0.083446,-2.647117,1.130979,-2.382754,0.412255
4353.763708,sim,1.408998,-0.083445,-2.647119,1.129871,-2.385962,0.413488
4353.767657,sim,1.409023,-0.083437,-2.647119,1.128639,-2.389096,0.414555
4353.771622,sim,1.408995,-0.083458,-2.647117,1.127503,-2.392300,0.415805
4353.775681,sim,1.409026,-0.083448,-2.647118,1.126231,-2.395412,0.416845
4353.779900,sim,1.408999,-0.083445,-2.647121,1.125070,-2.398589,0.418078
4353.783649,sim,1.409023,-0.083448,-2.647119,1.123808,-2.401668,0.419140
4353.787603,sim,1.408997,-0.083454,-2.647119,1.122643,-2.404785,0.420350
4353.791704,sim,1.409028,-0.083444,-2.647120,1.122583,-2.404745,0.420248
4353.795748,sim,1.409000,-0.083445,-2.647122,1.121423,-2.407841,0.421447
4353.799817,sim,1.409026,-0.083437,-2.647122,1.120162,-2.410845,0.422450
4353.803717,sim,1.408998,-0.083458,-2.647120,1.119016,-2.413900,0.423616
4353.807772,sim,1.409029,-0.083447,-2.647122,1.117751,-2.416851,0.424549
4353.811714,sim,1.409001,-0.083449,-2.647125,1.116613,-2.419855,0.425660
4353.815761,sim,1.409025,-0.083446,-2.647123,1.116566,-2.419821,0.425581
4353.819727,sim,1.408999,-0.083453,-2.647124,1.115424,-2.422814,0.426663
4353.823625,sim,1.409030,-0.083444,-2.647127,1.114162,-2.425749,0.427531
4353.827679,sim,1.409002,-0.083448,-2.647132,1.113009,-2.428770,0.428571
4353.831678,sim,1.409026,-0.083446,-2.647133,1.111751,-2.431724,0.429414
4353.835596,sim,1.409004,-0.083448,-2.647140,1.110581,-2.434739,0.430378
4353.839804,sim,1.409025,-0.083448,-2.647143,1.109329,-2.437688,0.431176
4353.843840,sim,1.409006,-0.083443,-2.647152,1.108153,-2.440677,0.432064
4353.847714,sim,1.409028,-0.083447,-2.647149,1.108116,-2.440649,0.432000
4353.851668,sim,1.409005,-0.083445,-2.647160,1.106950,-2.443626,0.432856
4353.855659,sim,1.409030,-0.083435,-2.647171,1.105699,-2.446524,0.433505
4353.859817,sim,1.409001,-0.083459,-2.647181,1.104561,-2.449461,0.434282
4353.863699,sim,1.409033,-0.083446,-2.647199,1.103308,-2.452293,0.434792
4353.867710,sim,1.409005,-0.083449,-2.647219,1.102184,-2.455164,0.435458
4353.871833,sim,1.409030,-0.083437,-2.647239,1.100972,-2.457923,0.435898
4353.875769,sim,1.409008,-0.083448,-2.647239,1.101016,-2.457951,0.435974
4353.880108,sim,1.409030,-0.083450,-2.647259,1.099835,-2.460649,0.436376
4353.883723,sim,1.409007,-0.083450,-2.647286,1.098762,-2.463326,0.436868
4353.887683,sim,1.409030,-0.083439,-2.647313,1.097634,-2.465876,0.437169
4353.891829,sim,1.409012,-0.083448,-2.647343,1.096611,-2.468401,0.437558
4353.895707,sim,1.409033,-0.083450,-2.647372,1.095539,-2.470807,0.437773
4353.899760,sim,1.409011,-0.083451,-2.647408,1.094568,-2.473200,0.438085
4353.903745,sim,1.409033,-0.083440,-2.647444,1.093541,-2.475476,0.438220
4353.907827,sim,1.409014,-0.083451,-2.647444,1.093578,-2.475498,0.438284
4353.911730,sim,1.409040,-0.083446,-2.647482,1.092559,-2.477736,0.438376
4353.915719,sim,1.409009,-0.083456,-2.647526,1.091644,-2.480028,0.438616
4353.919778,sim,1.409044,-0.083443,-2.647578,1.090618,-2.482238,0.438617
4353.923714,sim,1.409015,-0.083449,-2.647632,1.089713,-2.484503,0.438800
4353.927717,sim,1.409042,-0.083446,-2.647689,1.088719,-2.486688,0.438785
4353.931739,sim,1.409020,-0.083448,-2.647751,1.087821,-2.488908,0.438904
4353.935785,sim,1.409044,-0.083437,-2.647815,1.086853,-2.491054,0.438863
4353.939830,sim,1.409024,-0.083451,-2.647815,1.086891,-2.491076,0.438929
4353.943735,sim,1.409051,-0.083445,-2.647883,1.085927,-2.493213,0.438868
4353.947663,sim,1.409020,-0.083456,-2.647958,1.085064,-2.495419,0.438983
4353.951678,sim,1.409056,-0.083442,-2.648043,1.084090,-2.497564,0.438879
4353.955690,sim,1.409027,-0.083448,-2.648131,1.083233,-2.499777,0.438977
4353.959846,sim,1.409054,-0.083446,-2.648224,1.082286,-2.501928,0.438896
4353.963722,sim,1.409030,-0.083448,-2.648225,1.082326,-2.501954,0.438969
4353.967699,sim,1.409054,-0.083438,-2.648325,1.081387,-2.504114,0.438896
4353.971810,sim,1.409036,-0.083451,-2.648431,1.080529,-2.506325,0.438956
4353.975760,sim,1.409062,-0.083434,-2.648545,1.079595,-2.508485,0.438869
4353.979866,sim,1.409032,-0.083460,-2.648658,1.078775,-2.510688,0.438969
4353.983714,sim,1.409065,-0.083435,-2.648785,1.077851,-2.512806,0.438847
4353.987768,sim,1.409038,-0.083453,-2.648907,1.077060,-2.514954,0.438940
4353.991754,sim,1.409064,-0.083448,-2.649034,1.076193,-2.517004,0.438849
4353.995636,sim,1.409039,-0.083450,-2.649035,1.076234,-2.517029,0.438926
4353.999751,sim,1.409066,-0.083447,-2.649163,1.075399,-2.519036,0.438843
4354.003749,sim,1.409041,-0.083449,-2.649300,1.074677,-2.521052,0.438911
4354.007790,sim,1.409067,-0.083435,-2.649439,1.073905,-2.522980,0.438829
4354.011708,sim,1.409045,-0.083454,-2.649577,1.073247,-2.524915,0.438905
4354.015676,sim,1.409075,-0.083434,-2.649726,1.072525,-2.526766,0.438806
4354.019828,sim,1.409048,-0.083455,-2.649870,1.071929,-2.528632,0.438898
4354.023744,sim,1.409079,-0.083446,-2.650020,1.071260,-2.530410,0.438804
4354.027654,sim,1.409046,-0.083458,-2.650018,1.071313,-2.530440,0.438906
4354.031683,sim,1.409083,-0.083432,-2.650176,1.070654,-2.532200,0.438789
4354.035733,sim,1.409057,-0.083464,-2.650330,1.070125,-2.534016,0.438888
4354.039899,sim,1.409086,-0.083431,-2.650499,1.069507,-2.535778,0.438788
4354.043690,sim,1.409059,-0.083469,-2.650660,1.069014,-2.537585,0.438895
4354.047669,sim,1.409093,-0.083429,-2.650842,1.068420,-2.539328,0.438773
4354.051706,sim,1.409066,-0.083461,-2.650836,1.068474,-2.539355,0.438878
4354.055719,sim,1.409093,-0.083430,-2.651018,1.067904,-2.541103,0.438778
4354.059716,sim,1.409066,-0.083468,-2.651194,1.067454,-2.542916,0.438884
4354.063688,sim,1.409099,-0.083428,-2.651394,1.066900,-2.544686,0.438761
4354.067752,sim,1.409074,-0.083460,-2.651583,1.066475,-2.546516,0.438862
4354.071745,sim,1.409101,-0.083429,-2.651789,1.065960,-2.548299,0.438760
4354.075760,sim,1.409073,-0.083468,-2.651985,1.065567,-2.550132,0.438866
4354.079938,sim,1.409106,-0.083427,-2.652202,1.065074,-2.551911,0.438742
4354.083732,sim,1.409076,-0.083466,-2.652404,1.064717,-2.553736,0.438854
4354.087765,sim,1.409107,-0.083426,-2.652413,1.064658,-2.553709,0.438735
4354.091738,sim,1.409077,-0.083466,-2.652616,1.064328,-2.555517,0.438847
4354.095757,sim,1.409109,-0.083426,-2.652837,1.063920,-2.557248,0.438721
4354.099787,sim,1.409079,-0.083465,-2.653039,1.063665,-2.559007,0.438830
4354.103731,sim,1.409110,-0.083425,-2.653258,1.063327,-2.560690,0.438703
4354.107735,sim,1.409080,-0.083465,-2.653457,1.063136,-2.562402,0.438811
4354.111771,sim,1.409111,-0.083425,-2.653674,1.062860,-2.564040,0.438683
4354.115838,sim,1.409080,-0.083465,-2.653870,1.062725,-2.565707,0.438790
4354.119959,sim,1.409111,-0.083424,-2.653879,1.062668,-2.565682,0.438672
4354.123800,sim,1.409080,-0.083465,-2.654076,1.062558,-2.567346,0.438778
4354.127764,sim,1.409112,-0.083424,-2.654293,1.062359,-2.568974,0.438646
4354.131851,sim,1.409082,-0.083465,-2.654493,1.062294,-2.570663,0.438748
4354.135813,sim,1.409115,-0.083424,-2.654714,1.062139,-2.572310,0.438614
4354.139849,sim,1.409085,-0.083465,-2.654915,1.062112,-2.574010,0.438713
4354.143807,sim,1.409115,-0.083428,-2.654924,1.062059,-2.573986,0.438600
4354.147801,sim,1.409088,-0.083463,-2.655129,1.062044,-2.575697,0.438690
4354.151854,sim,1.409123,-0.083421,-2.655356,1.061937,-2.577378,0.438554
4354.155805,sim,1.409096,-0.083464,-2.655564,1.061950,-2.579119,0.438647
4354.159846,sim,1.409133,-0.083422,-2.655796,1.061864,-2.580818,0.438504
4354.163865,sim,1.409108,-0.083464,-2.656008,1.061896,-2.582565,0.438594
4354.167789,sim,1.409147,-0.083422,-2.656241,1.061828,-2.584259,0.438448
4354.171808,sim,1.409125,-0.083464,-2.656454,1.061873,-2.585987,0.438534
4354.176289,sim,1.409165,-0.083427,-2.656686,1.061820,-2.587652,0.438389
4354.179950,sim,1.409147,-0.083462,-2.656897,1.061871,-2.589337,0.438465
4354.183807,sim,1.409178,-0.083420,-2.656908,1.061820,-2.589316,0.438352
4354.187800,sim,1.409161,-0.083464,-2.657119,1.061877,-2.590994,0.438431
4354.191781,sim,1.409210,-0.083421,-2.657356,1.061829,-2.592637,0.438273
4354.195831,sim,1.409199,-0.083464,-2.657575,1.061884,-2.594333,0.438342
4354.199900,sim,1.409253,-0.083405,-2.657823,1.061836,-2.595991,0.438171
4354.203757,sim,1.409251,-0.083439,-2.658047,1.061885,-2.597692,0.438227
4354.207868,sim,1.409281,-0.083420,-2.658055,1.061843,-2.597670,0.438122
4354.211793,sim,1.409279,-0.083449,-2.658282,1.061890,-2.599380,0.438168
4354.215853,sim,1.409341,-0.083424,-2.658533,1.061851,-2.601070,0.437999
4354.219823,sim,1.409343,-0.083452,-2.658767,1.061897,-2.602813,0.438035
4354.223745,sim,1.409408,-0.083425,-2.659022,1.061858,-2.604523,0.437859
4354.227787,sim,1.409412,-0.083454,-2.659258,1.061902,-2.606273,0.437888
4354.231801,sim,1.409479,-0.083426,-2.659513,1.061864,-2.607980,0.437705
4354.235682,sim,1.409484,-0.083455,-2.659746,1.061907,-2.609714,0.437728
4354.239832,sim,1.409551,-0.083426,-2.659998,1.061869,-2.611393,0.437541
4354.243782,sim,1.409556,-0.083455,-2.660224,1.061911,-2.613087,0.437559
4354.247745,sim,1.409622,-0.083426,-2.660468,1.061873,-2.614713,0.437369
4354.251757,sim,1.409625,-0.083455,-2.660684,1.061914,-2.616342,0.437385
4354.255802,sim,1.409690,-0.083426,-2.660915,1.061877,-2.617892,0.437194
4354.259840,sim,1.409690,-0.083455,-2.661118,1.061916,-2.619432,0.437208
4354.263776,sim,1.409750,-0.083426,-2.661331,1.061881,-2.620880,0.437018
4354.267780,sim,1.409719,-0.083455,-2.661322,1.061917,-2.620899,0.437119
4354.271801,sim,1.409777,-0.083426,-2.661526,1.061882,-2.622282,0.436924
4354.275816,sim,1.409770,-0.083455,-2.661700,1.061918,-2.623635,0.436920
4354.280039,sim,1.409822,-0.083426,-2.661887,1.061883,-2.624888,0.436705
4354.283747,sim,1.409811,-0.083455,-2.662045,1.061919,-2.626124,0.436684
4354.287759,sim,1.409859,-0.083425,-2.662218,1.061884,-2.627275,0.436453
4354.291882,sim,1.409843,-0.083455,-2.662364,1.061919,-2.628423,0.436418
4354.295819,sim,1.409888,-0.083425,-2.662526,1.061884,-2.629500,0.436178
4354.299813,sim,1.409858,-0.083455,-2.662515,1.061919,-2.629519,0.436278
4354.303807,sim,1.409902,-0.083425,-2.662676,1.061885,-2.630587,0.436029
4354.307851,sim,1.409885,-0.083455,-2.662814,1.061919,-2.631703,0.435968
4354.311820,sim,1.409928,-0.083425,-2.662973,1.061885,-2.632788,0.435694
4354.315806,sim,1.409911,-0.083456,-2.663109,1.061918,-2.633914,0.435610
4354.319950,sim,1.409954,-0.083425,-2.663264,1.061885,-2.635003,0.435316
4354.323973,sim,1.409923,-0.083456,-2.663253,1.061918,-2.635021,0.435416
4354.327873,sim,1.409966,-0.083425,-2.663406,1.061884,-2.636105,0.435111
4354.331857,sim,1.409947,-0.083456,-2.663534,1.061917,-2.637214,0.434994
4354.335844,sim,1.409989,-0.083425,-2.663679,1.061884,-2.638269,0.434668
4354.339887,sim,1.409969,-0.083457,-2.663798,1.061915,-2.639339,0.434534
4354.343802,sim,1.410010,-0.083425,-2.663934,1.061882,-2.640346,0.434194
4354.347719,sim,1.409988,-0.083457,-2.664041,1.061913,-2.641356,0.434049
4354.352162,sim,1.410028,-0.083426,-2.664166,1.061880,-2.642294,0.433703
4354.355882,sim,1.409997,-0.083458,-2.664155,1.061911,-2.642311,0.433803
4354.359914,sim,1.410035,-0.083426,-2.664272,1.061878,-2.643181,0.433462
4354.363815,sim,1.410010,-0.083458,-2.664357,1.061906,-2.643996,0.433333
4354.368205,sim,1.410046,-0.083426,-2.664456,1.061870,-2.644689,0.433016
4354.371967,sim,1.410020,-0.083459,-2.664524,1.061895,-2.645336,0.432911
4354.375786,sim,1.410054,-0.083427,-2.664608,1.061857,-2.645871,0.432620
4354.379977,sim,1.410025,-0.083459,-2.664662,1.061879,-2.646368,0.432539
4354.383866,sim,1.410058,-0.083427,-2.664733,1.061839,-2.646764,0.432272
4354.387886,sim,1.410027,-0.083460,-2.664721,1.061869,-2.646781,0.432372
4354.391841,sim,1.410059,-0.083427,-2.664786,1.061823,-2.647097,0.432121
4354.395878,sim,1.410029,-0.083460,-2.664823,1.061828,-2.647357,0.432087
4354.399867,sim,1.410060,-0.083428,-2.664880,1.061761,-2.647499,0.431872
4354.403895,sim,1.410030,-0.083461,-2.664908,1.061745,-2.647598,0.431871
4354.407828,sim,1.410061,-0.083428,-2.664957,1.061659,-2.647590,0.431686
4354.411803,sim,1.410030,-0.083461,-2.664945,1.061690,-2.647607,0.431786
4354.415800,sim,1.410061,-0.083429,-2.664990,1.061587,-2.647517,0.431615
4354.420034,sim,1.410030,-0.083462,-2.665010,1.061521,-2.647365,0.431655
4354.423887,sim,1.410060,-0.083430,-2.665051,1.061369,-2.647085,0.431507
4354.427764,sim,1.410029,-0.083463,-2.665066,1.061253,-2.646748,0.431568
4354.431831,sim,1.410060,-0.083431,-2.665103,1.061050,-2.646288,0.431439
4354.435834,sim,1.410029,-0.083464,-2.665116,1.060882,-2.645776,0.431517
4354.439933,sim,1.410059,-0.083432,-2.665150,1.060626,-2.645145,0.431403
4354.443772,sim,1.410028,-0.083465,-2.665160,1.060406,-2.644467,0.431493
4354.447806,sim,1.410059,-0.083433,-2.665171,1.060375,-2.644450,0.431394
4354.451800,sim,1.410028,-0.083466,-2.665180,1.060111,-2.643658,0.431488
4354.455921,sim,1.410058,-0.083435,-2.665212,1.059727,-2.642692,0.431385
4354.459830,sim,1.410027,-0.083468,-2.665220,1.059352,-2.641629,0.431482
4354.463821,sim,1.410058,-0.083438,-2.665251,1.058864,-2.640411,0.431382
4354.467875,sim,1.410027,-0.083471,-2.665258,1.058393,-2.639116,0.431483
4354.471866,sim,1.410058,-0.083442,-2.665288,1.057816,-2.637684,0.431385
4354.475843,sim,1.410027,-0.083474,-2.665295,1.057265,-2.636197,0.431487
4354.480063,sim,1.410058,-0.083444,-2.665306,1.057232,-2.636178,0.431387
4354.483936,sim,1.410027,-0.083476,-2.665314,1.056622,-2.634548,0.431490
4354.487891,sim,1.410058,-0.083448,-2.665345,1.055867,-2.632690,0.431393
4354.491795,sim,1.410027,-0.083480,-2.665356,1.055108,-2.630695,0.431495
4354.495893,sim,1.410059,-0.083451,-2.665390,1.054215,-2.628507,0.431396
4354.500027,sim,1.410027,-0.083483,-2.665403,1.053335,-2.626213,0.431500
4354.503940,sim,1.410059,-0.083453,-2.665415,1.053299,-2.626196,0.431398
4354.507842,sim,1.410027,-0.083485,-2.665430,1.052352,-2.623735,0.431502
4354.511831,sim,1.410059,-0.083456,-2.665472,1.051256,-2.621042,0.431402
4354.515908,sim,1.410027,-0.083487,-2.665495,1.050162,-2.618201,0.431506
4354.519988,sim,1.410059,-0.083459,-2.665544,1.048926,-2.615152,0.431405
4354.523838,sim,1.410027,-0.083489,-2.665575,1.047708,-2.611981,0.431509
4354.527859,sim,1.410059,-0.083461,-2.665631,1.046356,-2.608625,0.431408
4354.531861,sim,1.410027,-0.083490,-2.665670,1.045034,-2.605175,0.431511
4354.535806,sim,1.410056,-0.083465,-2.665680,1.044997,-2.605156,0.431416
4354.539810,sim,1.410029,-0.083489,-2.665727,1.043621,-2.601550,0.431506
4354.543859,sim,1.410059,-0.083463,-2.665803,1.042124,-2.597740,0.431410
4354.547877,sim,1.410027,-0.083490,-2.665869,1.040669,-2.593829,0.431513
4354.551904,sim,1.410056,-0.083468,-2.665961,1.039104,-2.589761,0.431418
4354.555863,sim,1.410029,-0.083489,-2.666043,1.037593,-2.585640,0.431508
4354.559852,sim,1.410059,-0.083466,-2.666149,1.035993,-2.581414,0.431411
4354.563869,sim,1.410028,-0.083490,-2.666244,1.034474,-2.577189,0.431514
4354.567806,sim,1.410059,-0.083466,-2.666251,1.034430,-2.577167,0.431412
4354.571815,sim,1.410027,-0.083489,-2.666355,1.032905,-2.572878,0.431514
4354.575894,sim,1.410059,-0.083467,-2.666485,1.031276,-2.568445,0.431412
4354.580052,sim,1.410027,-0.083489,-2.666611,1.029728,-2.563975,0.431515
4354.583925,sim,1.410059,-0.083468,-2.666760,1.028080,-2.559384,0.431412
4354.587793,sim,1.410027,-0.083488,-2.666905,1.026521,-2.554781,0.431515
4354.591912,sim,1.410058,-0.083468,-2.666911,1.026473,-2.554757,0.431413
4354.595920,sim,1.410027,-0.083488,-2.667067,1.024893,-2.550043,0.431515
4354.599901,sim,1.410058,-0.083469,-2.667249,1.023179,-2.545120,0.431413
4354.603824,sim,1.410031,-0.083481,-2.667433,1.021523,-2.540101,0.431502
4354.607807,sim,1.410054,-0.083476,-2.667634,1.019758,-2.534909,0.431429
4354.611899,sim,1.410028,-0.083487,-2.667842,1.018044,-2.529645,0.431509
4354.615859,sim,1.410055,-0.083472,-2.668066,1.016227,-2.524239,0.431423
4354.619929,sim,1.410033,-0.083480,-2.668293,1.014474,-2.518794,0.431495
4354.623908,sim,1.410054,-0.083476,-2.668531,1.012637,-2.513239,0.431429
4354.627897,sim,1.410032,-0.083480,-2.668531,1.012672,-2.513260,0.431496
4354.631929,sim,1.410054,-0.083476,-2.668775,1.010844,-2.507690,0.431430
4354.635825,sim,1.410032,-0.083480,-2.669026,1.009112,-2.502190,0.431496
4354.639934,sim,1.410054,-0.083477,-2.669281,1.007337,-2.496680,0.431430
4354.643843,sim,1.410032,-0.083480,-2.669542,1.005659,-2.491247,0.431496
4354.647787,sim,1.410053,-0.083478,-2.669805,1.003937,-2.485809,0.431431
4354.651794,sim,1.410032,-0.083479,-2.670073,1.002313,-2.480455,0.431496
4354.655928,sim,1.410053,-0.083478,-2.670342,1.000643,-2.475103,0.431431
4354.659955,sim,1.410032,-0.083479,-2.670343,1.000680,-2.475124,0.431496
4354.663863,sim,1.410053,-0.083478,-2.670618,0.999023,-2.469759,0.431431
4354.667801,sim,1.410032,-0.083478,-2.670903,0.997442,-2.464377,0.431496
4354.671801,sim,1.410053,-0.083478,-2.671193,0.995792,-2.458906,0.431432
4354.675834,sim,1.410032,-0.083478,-2.671493,0.994224,-2.453448,0.431496
4354.680017,sim,1.410053,-0.083479,-2.671794,0.992594,-2.447931,0.431432
4354.683824,sim,1.410032,-0.083477,-2.672102,0.991051,-2.442459,0.431496
4354.687904,sim,1.410053,-0.083479,-2.672409,0.989453,-2.436957,0.431433
4354.691984,sim,1.410032,-0.083477,-2.672412,0.989490,-2.436979,0.431495
4354.695900,sim,1.410052,-0.083479,-2.672723,0.987905,-2.431473,0.431433
4354.699836,sim,1.410032,-0.083476,-2.673045,0.986403,-2.425988,0.431495
4354.703835,sim,1.410052,-0.083479,-2.673367,0.984839,-2.420444,0.431433
4354.707908,sim,1.410033,-0.083475,-2.673698,0.983363,-2.414948,0.431495
4354.711869,sim,1.410052,-0.083479,-2.674027,0.981830,-2.409420,0.431434
4354.715817,sim,1.410033,-0.083475,-2.674030,0.981866,-2.409443,0.431494
4354.719891,sim,1.410052,-0.083479,-2.674364,0.980341,-2.403899,0.431434
4354.723889,sim,1.410033,-0.083474,-2.674711,0.978890,-2.398352,0.431494
4354.727789,sim,1.410052,-0.083479,-2.675057,0.977369,-2.392723,0.431434
4354.731858,sim,1.410033,-0.083474,-2.675415,0.975925,-2.387115,0.431493
4354.735848,sim,1.410052,-0.083480,-2.675770,0.974418,-2.381447,0.431435
4354.740031,sim,1.410033,-0.083473,-2.676136,0.972992,-2.375825,0.431493
4354.743890,sim,1.410052,-0.083480,-2.676496,0.971509,-2.370166,0.431435
4354.747786,sim,1.410033,-0.083473,-2.676500,0.971544,-2.370189,0.431493
4354.751884,sim,1.410052,-0.083480,-2.676860,0.970079,-2.364537,0.431435
4354.755936,sim,1.410033,-0.083472,-2.677230,0.968708,-2.358934,0.431492
4354.760069,sim,1.410051,-0.083483,-2.677590,0.967296,-2.353303,0.431439
4354.763911,sim,1.410034,-0.083471,-2.677957,0.965976,-2.347749,0.431489
4354.767870,sim,1.410049,-0.083481,-2.678313,0.964629,-2.342201,0.431445
4354.771891,sim,1.410037,-0.083471,-2.678316,0.964649,-2.342216,0.431479
4354.775905,sim,1.410042,-0.083471,-2.678672,0.963352,-2.336722,0.431463
4354.780013,sim,1.410040,-0.083471,-2.679026,0.962102,-2.331270,0.431471
4354.783894,sim,1.410043,-0.083475,-2.679372,0.960877,-2.325855,0.431461
4354.787974,sim,1.410042,-0.083475,-2.679715,0.959695,-2.320500,0.431464
4354.791831,sim,1.410042,-0.083475,-2.680052,0.958548,-2.315208,0.431464
4354.795857,sim,1.410042,-0.083475,-2.680383,0.957439,-2.309991,0.431463
4354.799937,sim,1.410042,-0.083475,-2.680706,0.956368,-2.304859,0.431463
4354.803924,sim,1.410042,-0.083475,-2.681020,0.955337,-2.299822,0.431463
4354.807959,sim,1.410042,-0.083475,-2.681020,0.955337,-2.299822,0.431463
4354.811855,sim,1.410042,-0.083475,-2.681322,0.954359,-2.294934,0.431463
4354.815891,sim,1.410041,-0.083472,-2.681608,0.953444,-2.290233,0.431468
4354.819994,sim,1.410043,-0.083476,-2.681875,0.952580,-2.285701,0.431460
4354.823893,sim,1.410042,-0.083475,-2.682130,0.951775,-2.281336,0.431462
4354.827857,sim,1.410042,-0.083475,-2.682371,0.951016,-2.277119,0.431463
4354.831855,sim,1.410042,-0.083475,-2.682599,0.950301,-2.273040,0.431463
4354.835959,sim,1.410042,-0.083474,-2.682816,0.949626,-2.269086,0.431463
4354.840079,sim,1.410042,-0.083474,-2.682816,0.949626,-2.269086,0.431463
4354.843895,sim,1.410042,-0.083474,-2.683024,0.948976,-2.265152,0.431463
4354.847884,sim,1.410042,-0.083474,-2.683228,0.948338,-2.261148,0.431463
4354.851996,sim,1.410042,-0.083474,-2.683425,0.947711,-2.257081,0.431463
4354.855963,sim,1.410042,-0.083474,-2.683618,0.947097,-2.252960,0.431463
4354.859902,sim,1.410042,-0.083473,-2.683806,0.946493,-2.248793,0.431463
4354.864135,sim,1.410042,-0.083473,-2.683989,0.945901,-2.244590,0.431462
4354.867967,sim,1.410042,-0.083473,-2.684166,0.945320,-2.240357,0.431462
4354.871955,sim,1.410042,-0.083473,-2.684167,0.945320,-2.240357,0.431462
4354.875836,sim,1.410041,-0.083473,-2.684337,0.944751,-2.236084,0.431462
4354.880329,sim,1.410041,-0.083473,-2.684497,0.944197,-2.231764,0.431462
4354.883991,sim,1.410041,-0.083473,-2.684648,0.943658,-2.227412,0.431462
4354.888040,sim,1.410041,-0.083473,-2.684788,0.943136,-2.223043,0.431462
4354.891824,sim,1.410041,-0.083473,-2.684919,0.942630,-2.218672,0.431462
4354.896080,sim,1.410041,-0.083472,-2.685041,0.942142,-2.214313,0.431462
4354.900073,sim,1.410041,-0.083472,-2.685041,0.942142,-2.214313,0.431462
4354.903951,sim,1.410039,-0.083469,-2.685152,0.941677,-2.209978,0.431466
4354.907882,sim,1.410041,-0.083474,-2.685247,0.941235,-2.205660,0.431459
4354.911870,sim,1.410040,-0.083473,-2.685332,0.940824,-2.201372,0.431462
4354.915922,sim,1.410040,-0.083473,-2.685405,0.940437,-2.197115,0.431462
4354.920038,sim,1.410040,-0.083473,-2.685467,0.940076,-2.192894,0.431462
4354.923944,sim,1.410039,-0.083468,-2.685520,0.939741,-2.188715,0.431465
4354.928015,sim,1.410040,-0.083470,-2.685561,0.939428,-2.184580,0.431463
4354.931992,sim,1.410040,-0.083471,-2.685561,0.939428,-2.184579,0.431462
4354.935995,sim,1.410039,-0.083471,-2.685594,0.939146,-2.180463,0.431462
4354.940046,sim,1.410039,-0.083471,-2.685620,0.938896,-2.176340,0.431462
4354.943903,sim,1.410040,-0.083476,-2.685637,0.938677,-2.172216,0.431458
4354.947939,sim,1.410039,-0.083474,-2.685649,0.938490,-2.168104,0.431460
4354.951935,sim,1.410039,-0.083473,-2.685655,0.938328,-2.164008,0.431461
4354.955914,sim,1.410039,-0.083472,-2.685655,0.938328,-2.164008,0.431461
4354.959984,sim,1.410039,-0.083472,-2.685658,0.938192,-2.159906,0.431461
4354.963979,sim,1.410038,-0.083467,-2.685658,0.938079,-2.155782,0.431464
4354.968009,sim,1.410040,-0.083472,-2.685652,0.937982,-2.151639,0.431458
4354.971896,sim,1.410038,-0.083467,-2.685648,0.937911,-2.147498,0.431464
4354.975929,sim,1.410039,-0.083468,-2.685639,0.937851,-2.143359,0.431462
4354.980241,sim,1.410039,-0.083468,-2.685630,0.937808,-2.139239,0.431461
4354.983965,sim,1.410039,-0.083468,-2.685619,0.937777,-2.135145,0.431461
4354.987855,sim,1.410039,-0.083468,-2.685619,0.937777,-2.135145,0.431461
4354.991897,sim,1.410039,-0.083468,-2.685607,0.937755,-2.131057,0.431461
4354.995956,sim,1.410039,-0.083468,-2.685597,0.937740,-2.126951,0.431461
4355.000030,sim,1.410039,-0.083468,-2.685586,0.937729,-2.122836,0.431461
4355.003935,sim,1.410039,-0.083468,-2.685577,0.937724,-2.118719,0.431461
4355.007891,sim,1.410038,-0.083467,-2.685568,0.937722,-2.114610,0.431461
4355.011888,sim,1.410038,-0.083467,-2.685559,0.937724,-2.110516,0.431461
4355.015900,sim,1.410038,-0.083467,-2.685551,0.937728,-2.106447,0.431461
4355.019890,sim,1.410039,-0.083472,-2.685550,0.937728,-2.106446,0.431458
4355.023885,sim,1.410039,-0.083474,-2.685542,0.937734,-2.102359,0.431456
4355.027989,sim,1.410036,-0.083462,-2.685536,0.937749,-2.098223,0.431468
4355.031922,sim,1.410044,-0.083478,-2.685525,0.937747,-2.094019,0.431444
4355.035906,sim,1.410035,-0.083470,-2.685520,0.937778,-2.089804,0.431471
4355.039949,sim,1.410042,-0.083476,-2.685510,0.937776,-2.085534,0.431445
4355.044053,sim,1.410033,-0.083459,-2.685514,0.937794,-2.085551,0.431475
4355.047924,sim,1.410042,-0.083471,-2.685503,0.937795,-2.081231,0.431448
4355.051869,sim,1.410032,-0.083457,-2.685498,0.937833,-2.076878,0.431478
4355.055963,sim,1.410042,-0.083472,-2.685485,0.937835,-2.072447,0.431445
4355.059979,sim,1.410032,-0.083453,-2.685480,0.937875,-2.068024,0.431475
4355.064931,sim,1.410042,-0.083476,-2.685465,0.937884,-2.063559,0.431444
4355.067872,sim,1.410031,-0.083458,-2.685460,0.937928,-2.059140,0.431476
4355.071931,sim,1.410040,-0.083471,-2.685446,0.937936,-2.054719,0.431445
4355.075996,sim,1.410030,-0.083449,-2.685442,0.937981,-2.050380,0.431477
4355.080133,sim,1.410039,-0.083463,-2.685438,0.937965,-2.050366,0.431450
4355.083860,sim,1.410030,-0.083455,-2.685431,0.938009,-2.046119,0.431476
4355.087888,sim,1.410038,-0.083469,-2.685420,0.938017,-2.041970,0.431446
4355.092011,sim,1.410029,-0.083449,-2.685417,0.938058,-2.037969,0.431474
4355.095959,sim,1.410037,-0.083468,-2.685406,0.938070,-2.034045,0.431448
4355.099948,sim,1.410028,-0.083458,-2.685403,0.938111,-2.030247,0.431474
4355.103925,sim,1.410036,-0.083466,-2.685396,0.938119,-2.026512,0.431448
4355.108035,sim,1.410027,-0.083442,-2.685397,0.938157,-2.022887,0.431476
4355.111925,sim,1.410036,-0.083465,-2.685392,0.938144,-2.022872,0.431450
4355.115973,sim,1.410027,-0.083453,-2.685391,0.938184,-2.019258,0.431473
4355.119999,sim,1.410035,-0.083472,-2.685384,0.938202,-2.015578,0.431449
4355.124033,sim,1.410025,-0.083450,-2.685385,0.938250,-2.011898,0.431473
4355.128014,sim,1.410033,-0.083461,-2.685378,0.938276,-2.008171,0.431449
4355.131891,sim,1.410025,-0.083445,-2.685378,0.938334,-2.004460,0.431474
4355.135962,sim,1.410033,-0.083466,-2.685373,0.938321,-2.004446,0.431449
4355.140084,sim,1.410025,-0.083454,-2.685372,0.938387,-2.000695,0.431473
4355.144030,sim,1.410032,-0.083473,-2.685363,0.938434,-1.996852,0.431449
4355.147858,sim,1.410023,-0.083452,-2.685362,0.938514,-1.992978,0.431473
4355.152258,sim,1.410031,-0.083467,-2.685353,0.938575,-1.989028,0.431447
4355.156021,sim,1.410022,-0.083442,-2.685351,0.938672,-1.985065,0.431475
4355.160063,sim,1.410031,-0.083469,-2.685338,0.938751,-1.981038,0.431448
4355.163876,sim,1.410022,-0.083452,-2.685334,0.938864,-1.977016,0.431474
4355.167999,sim,1.410030,-0.083472,-2.685330,0.938852,-1.977002,0.431450
4355.171995,sim,1.410021,-0.083450,-2.685326,0.938974,-1.972936,0.431473
4355.175958,sim,1.410029,-0.083462,-2.685314,0.939092,-1.968787,0.431451
4355.180041,sim,1.410021,-0.083446,-2.685308,0.939251,-1.964618,0.431473
4355.183917,sim,1.410029,-0.083471,-2.685292,0.939404,-1.960393,0.431449
4355.187948,sim,1.410020,-0.083451,-2.685285,0.939593,-1.956181,0.431473
4355.191900,sim,1.410029,-0.083476,-2.685268,0.939772,-1.951940,0.431449
4355.195898,sim,1.410023,-0.083465,-2.685259,0.939979,-1.947735,0.431463
4355.200016,sim,1.410025,-0.083462,-2.685260,0.939976,-1.947734,0.431458
4355.203945,sim,1.410021,-0.083445,-2.685250,0.940204,-1.943532,0.431473
4355.207892,sim,1.410028,-0.083470,-2.685231,0.940443,-1.939292,0.431448
4355.211834,sim,1.410020,-0.083438,-2.685222,0.940730,-1.935077,0.431475
4355.215938,sim,1.410028,-0.083463,-2.685201,0.941024,-1.930836,0.431453
4355.219957,sim,1.410021,-0.083450,-2.685186,0.941357,-1.926631,0.431471
4355.223935,sim,1.410028,-0.083470,-2.685182,0.941348,-1.926619,0.431451
4355.227974,sim,1.410020,-0.083445,-2.685168,0.941706,-1.922419,0.431470
4355.231941,sim,1.410028,-0.083474,-2.685143,0.942080,-1.918188,0.431450
4355.235955,sim,1.410020,-0.083448,-2.685126,0.942497,-1.913992,0.431469
4355.240109,sim,1.410028,-0.083467,-2.685099,0.942924,-1.909794,0.431450
4355.243974,sim,1.410023,-0.083454,-2.685077,0.943389,-1.905650,0.431465
4355.247938,sim,1.410026,-0.083468,-2.685050,0.943867,-1.901542,0.431457
4355.252033,sim,1.410021,-0.083446,-2.685028,0.944368,-1.897510,0.431470
4355.255915,sim,1.410028,-0.083469,-2.685023,0.944362,-1.897499,0.431453
4355.260070,sim,1.410021,-0.083446,-2.685000,0.944904,-1.893490,0.431470
4355.263963,sim,1.410028,-0.083472,-2.684963,0.945492,-1.889431,0.431451
4355.268055,sim,1.410020,-0.083439,-2.684934,0.946145,-1.885374,0.431470
4355.271996,sim,1.410028,-0.083466,-2.684890,0.946839,-1.881275,0.431453
4355.276069,sim,1.410020,-0.083437,-2.684854,0.947587,-1.877185,0.431471
4355.280410,sim,1.410028,-0.083463,-2.684805,0.948368,-1.873060,0.431454
4355.284052,sim,1.410021,-0.083440,-2.684763,0.949195,-1.868951,0.431469
4355.287978,sim,1.410028,-0.083463,-2.684710,0.950045,-1.864817,0.431453
4355.291971,sim,1.410021,-0.083441,-2.684714,0.950050,-1.864828,0.431469
4355.295914,sim,1.410028,-0.083464,-2.684658,0.950935,-1.860716,0.431453
4355.300035,sim,1.410021,-0.083446,-2.684607,0.951869,-1.856666,0.431468
4355.304015,sim,1.410027,-0.083467,-2.684544,0.952825,-1.852640,0.431452
4355.307899,sim,1.410021,-0.083440,-2.684488,0.953822,-1.848680,0.431468
4355.312118,sim,1.410028,-0.083469,-2.684418,0.954838,-1.844743,0.431451
4355.316098,sim,1.410020,-0.083442,-2.684423,0.954842,-1.844754,0.431467
4355.320194,sim,1.410028,-0.083459,-2.684352,0.955897,-1.840832,0.431454
4355.324092,sim,1.410021,-0.083436,-2.684285,0.957012,-1.836912,0.431468
4355.328047,sim,1.410028,-0.083461,-2.684204,0.958164,-1.832963,0.431453
4355.332028,sim,1.410021,-0.083437,-2.684129,0.959367,-1.829035,0.431468
4355.335985,sim,1.410028,-0.083460,-2.684042,0.960597,-1.825093,0.431453
4355.340075,sim,1.410021,-0.083429,-2.683962,0.961867,-1.821190,0.431469
4355.344014,sim,1.410028,-0.083466,-2.683868,0.963158,-1.817286,0.431451
4355.348085,sim,1.410020,-0.083427,-2.683874,0.963160,-1.817299,0.431470
4355.352008,sim,1.410028,-0.083453,-2.683778,0.964499,-1.813404,0.431454
4355.356030,sim,1.410021,-0.083436,-2.683685,0.965911,-1.809517,0.431466
4355.360079,sim,1.410027,-0.083458,-2.683581,0.967374,-1.805611,0.431453
4355.364095,sim,1.410021,-0.083431,-2.683482,0.968896,-1.801731,0.431467
4355.368043,sim,1.410027,-0.083455,-2.683371,0.970456,-1.797847,0.431453
4355.372017,sim,1.410021,-0.083430,-2.683266,0.972058,-1.794007,0.431467
4355.376111,sim,1.410027,-0.083448,-2.683152,0.973682,-1.790182,0.431454
4355.380300,sim,1.410021,-0.083425,-2.683156,0.973686,-1.790191,0.431467
4355.384041,sim,1.410027,-0.083451,-2.683037,0.975369,-1.786374,0.431453
4355.387916,sim,1.410020,-0.083426,-2.682922,0.977144,-1.782564,0.431467
4355.392116,sim,1.410026,-0.083461,-2.682793,0.978991,-1.778725,0.431450
4355.396051,sim,1.410018,-0.083416,-2.682672,0.980910,-1.774913,0.431467
4355.400176,sim,1.410024,-0.083458,-2.682534,0.982892,-1.771084,0.431452
4355.403956,sim,1.410017,-0.083425,-2.682539,0.982893,-1.771095,0.431466
4355.408125,sim,1.410023,-0.083448,-2.682399,0.984945,-1.767264,0.431453
4355.412020,sim,1.410015,-0.083425,-2.682263,0.987089,-1.763436,0.431466
4355.416045,sim,1.410019,-0.083454,-2.682114,0.989299,-1.759587,0.431452
4355.420069,sim,1.410010,-0.083415,-2.681973,0.991572,-1.755773,0.431466
4355.424216,sim,1.410016,-0.083451,-2.681818,0.993897,-1.751962,0.431453
4355.428101,sim,1.410007,-0.083424,-2.681671,0.996258,-1.748210,0.431465
4355.432072,sim,1.410011,-0.083436,-2.681517,0.998639,-1.744495,0.431456
4355.435967,sim,1.410005,-0.083405,-2.681522,0.998639,-1.744506,0.431467
4355.440084,sim,1.410010,-0.083444,-2.681362,1.001056,-1.740843,0.431454
4355.444030,sim,1.410001,-0.083421,-2.681209,1.003516,-1.737255,0.431466
4355.447996,sim,1.410004,-0.083446,-2.681046,1.006002,-1.733704,0.431452
4355.451927,sim,1.409997,-0.083406,-2.680892,1.008521,-1.730233,0.431467
4355.455976,sim,1.410001,-0.083447,-2.680723,1.011059,-1.726795,0.431453
4355.460117,sim,1.409992,-0.083409,-2.680565,1.013606,-1.723440,0.431465
4355.464066,sim,1.409997,-0.083444,-2.680395,1.016162,-1.720124,0.431454
4355.467980,sim,1.409988,-0.083413,-2.680235,1.018715,-1.716891,0.431466
4355.472180,sim,1.409994,-0.083446,-2.680230,1.018714,-1.716880,0.431454
4355.476076,sim,1.409986,-0.083407,-2.680069,1.021243,-1.713732,0.431467
4355.480396,sim,1.409990,-0.083446,-2.679895,1.023731,-1.710660,0.431453
4355.483950,sim,1.409981,-0.083409,-2.679729,1.026185,-1.707707,0.431466
4355.487970,sim,1.409986,-0.083447,-2.679549,1.028606,-1.704821,0.431454
4355.492086,sim,1.409977,-0.083411,-2.679379,1.030990,-1.702039,0.431466
4355.496045,sim,1.409984,-0.083444,-2.679374,1.030990,-1.702029,0.431454
4355.500110,sim,1.409975,-0.083413,-2.679195,1.033392,-1.699279,0.431466
4355.504007,sim,1.409979,-0.083443,-2.678995,1.035848,-1.696495,0.431454
4355.508007,sim,1.409971,-0.083416,-2.678790,1.038366,-1.693720,0.431465
4355.512056,sim,1.409974,-0.083448,-2.678564,1.040931,-1.690914,0.431454
4355.516055,sim,1.409965,-0.083413,-2.678336,1.043548,-1.688122,0.431466
4355.520024,sim,1.409968,-0.083433,-2.678088,1.046209,-1.685305,0.431459
4355.524099,sim,1.409960,-0.083406,-2.677837,1.048913,-1.682499,0.431467
4355.527983,sim,1.409965,-0.083442,-2.677832,1.048912,-1.682487,0.431455
4355.532019,sim,1.409956,-0.083408,-2.677562,1.051686,-1.679672,0.431468
4355.536024,sim,1.409959,-0.083447,-2.677260,1.054540,-1.676818,0.431454
4355.540165,sim,1.409949,-0.083415,-2.676945,1.057471,-1.673983,0.431467
4355.544108,sim,1.409952,-0.083441,-2.676604,1.060452,-1.671133,0.431457
4355.547977,sim,1.409943,-0.083409,-2.676255,1.063481,-1.668316,0.431468
4355.552031,sim,1.409944,-0.083445,-2.675882,1.066533,-1.665500,0.431454
4355.556107,sim,1.409935,-0.083410,-2.675507,1.069607,-1.662741,0.431468
4355.560197,sim,1.409942,-0.083441,-2.675502,1.069606,-1.662731,0.431457
4355.563955,sim,1.409932,-0.083407,-2.675112,1.072693,-1.660017,0.431469
4355.568037,sim,1.409934,-0.083445,-2.674693,1.075793,-1.657333,0.431455
4355.572127,sim,1.409926,-0.083411,-2.674265,1.078911,-1.654729,0.431468
4355.576071,sim,1.409929,-0.083438,-2.673815,1.082026,-1.652160,0.431458
4355.580137,sim,1.409923,-0.083406,-2.673359,1.085144,-1.649671,0.431471
4355.584095,sim,1.409927,-0.083436,-2.673356,1.085140,-1.649660,0.431459
4355.588116,sim,1.409921,-0.083413,-2.672883,1.088266,-1.647220,0.431469
4355.592058,sim,1.409924,-0.083450,-2.672384,1.091405,-1.644806,0.431456
4355.596097,sim,1.409917,-0.083407,-2.671878,1.094560,-1.642470,0.431472
4355.600079,sim,1.409922,-0.083428,-2.671350,1.097713,-1.640166,0.431464
4355.604149,sim,1.409916,-0.083406,-2.670816,1.100863,-1.637934,0.431472
4355.608066,sim,1.409920,-0.083441,-2.670264,1.103996,-1.635745,0.431462
4355.612025,sim,1.409914,-0.083407,-2.669713,1.107111,-1.633644,0.431475
4355.616131,sim,1.409920,-0.083445,-2.669708,1.107109,-1.633631,0.431462
4355.620131,sim,1.409914,-0.083406,-2.669141,1.110215,-1.631611,0.431477
4355.624136,sim,1.409918,-0.083443,-2.668543,1.113317,-1.629653,0.431464
4355.628098,sim,1.409913,-0.083409,-2.667929,1.116431,-1.627810,0.431481
4355.632053,sim,1.409919,-0.083436,-2.667291,1.119532,-1.626029,0.431475
4355.636124,sim,1.409913,-0.083402,-2.666643,1.122629,-1.624352,0.431491
4355.640251,sim,1.409918,-0.083428,-2.665974,1.125703,-1.622733,0.431487
4355.644099,sim,1.409913,-0.083406,-2.665300,1.128763,-1.621208,0.431501
4355.648085,sim,1.409917,-0.083434,-2.665297,1.128758,-1.621198,0.431491
4355.652176,sim,1.409914,-0.083407,-2.664607,1.131792,-1.619769,0.431510
4355.656138,sim,1.409918,-0.083440,-2.663892,1.134780,-1.618424,0.431507
4355.660182,sim,1.409912,-0.083404,-2.663169,1.137735,-1.617208,0.431532
4355.664044,sim,1.409918,-0.083429,-2.662425,1.140636,-1.616069,0.431536
4355.668200,sim,1.409913,-0.083416,-2.661675,1.143495,-1.615041,0.431559
4355.672080,sim,1.409916,-0.083427,-2.660916,1.146289,-1.614092,0.431571
4355.676077,sim,1.409913,-0.083408,-2.660918,1.146293,-1.614100,0.431579
4355.680251,sim,1.409917,-0.083430,-2.660156,1.149005,-1.613243,0.431589
4355.684071,sim,1.409913,-0.083405,-2.659401,1.151629,-1.612504,0.431624
4355.688050,sim,1.409917,-0.083436,-2.658642,1.154146,-1.611835,0.431639
4355.692057,sim,1.409912,-0.083404,-2.657892,1.156586,-1.611277,0.431683
4355.696072,sim,1.409916,-0.083433,-2.657138,1.158928,-1.610775,0.431704
4355.700128,sim,1.409912,-0.083409,-2.656389,1.161205,-1.610372,0.431753
4355.704091,sim,1.409916,-0.083429,-2.655637,1.163395,-1.610019,0.431786
4355.708042,sim,1.409913,-0.083411,-2.655639,1.163403,-1.610028,0.431797
4355.712075,sim,1.409916,-0.083427,-2.654873,1.165541,-1.609740,0.431842
4355.716061,sim,1.409912,-0.083405,-2.654086,1.167653,-1.609530,0.431923
4355.720216,sim,1.409917,-0.083426,-2.653271,1.169721,-1.609358,0.432004
4355.724042,sim,1.409912,-0.083405,-2.652441,1.171759,-1.609252,0.432118
4355.728098,sim,1.409916,-0.083432,-2.651590,1.173747,-1.609171,0.432226
4355.732127,sim,1.409913,-0.083408,-2.650731,1.175710,-1.609153,0.432371
4355.736129,sim,1.409916,-0.083431,-2.649860,1.177614,-1.609146,0.432504
4355.740268,sim,1.409913,-0.083407,-2.649861,1.177622,-1.609157,0.432516
4355.744100,sim,1.409916,-0.083439,-2.648974,1.179486,-1.609177,0.432671
4355.748103,sim,1.409912,-0.083401,-2.648073,1.181327,-1.609254,0.432890
4355.752176,sim,1.409917,-0.083429,-2.647149,1.183112,-1.609326,0.433111
4355.756124,sim,1.409912,-0.083408,-2.646214,1.184871,-1.609441,0.433385
4355.760270,sim,1.409917,-0.083430,-2.645265,1.186576,-1.609558,0.433667
4355.764240,sim,1.409912,-0.083411,-2.645267,1.186581,-1.609566,0.433675
4355.768196,sim,1.409917,-0.083429,-2.644303,1.188250,-1.609704,0.433994
4355.772101,sim,1.409913,-0.083406,-2.643325,1.189894,-1.609878,0.434373
4355.776120,sim,1.409917,-0.083427,-2.642327,1.191490,-1.610053,0.434774
4355.780418,sim,1.409913,-0.083405,-2.641321,1.193060,-1.610264,0.435235
4355.784084,sim,1.409918,-0.083429,-2.640303,1.194580,-1.610472,0.435714
4355.788126,sim,1.409913,-0.083409,-2.639283,1.196068,-1.610713,0.436249
4355.792141,sim,1.409918,-0.083438,-2.638258,1.197499,-1.610946,0.436795
4355.796192,sim,1.409912,-0.083404,-2.638261,1.197505,-1.610960,0.436808
4355.800146,sim,1.409918,-0.083427,-2.637232,1.198885,-1.611218,0.437415
4355.804069,sim,1.409914,-0.083409,-2.636196,1.200222,-1.611530,0.438124
4355.808086,sim,1.409918,-0.083438,-2.635150,1.201490,-1.611851,0.438884
4355.812112,sim,1.409913,-0.083403,-2.634105,1.202721,-1.612228,0.439741
4355.816068,sim,1.409919,-0.083424,-2.633053,1.203890,-1.612608,0.440636
4355.820198,sim,1.409914,-0.083405,-2.632006,1.205019,-1.613030,0.441604
4355.824205,sim,1.409918,-0.083421,-2.630960,1.206089,-1.613455,0.442601
4355.828221,sim,1.409914,-0.083402,-2.630962,1.206095,-1.613464,0.442610
4355.832136,sim,1.409919,-0.083438,-2.629905,1.207119,-1.613927,0.443682
4355.836092,sim,1.409913,-0.083404,-2.628836,1.208108,-1.614480,0.444886
4355.840155,sim,1.409918,-0.083424,-2.627745,1.209038,-1.615068,0.446165
4355.844126,sim,1.409914,-0.083410,-2.626641,1.209942,-1.615730,0.447554
4355.848061,sim,1.409918,-0.083426,-2.625524,1.210788,-1.616424,0.449005
4355.852128,sim,1.409914,-0.083404,-2.624401,1.211606,-1.617182,0.450546
4355.856163,sim,1.409919,-0.083438,-2.624398,1.211599,-1.617168,0.450533
4355.860313,sim,1.409913,-0.083404,-2.623274,1.212375,-1.617974,0.452140
4355.864169,sim,1.409918,-0.083428,-2.622150,1.213089,-1.618797,0.453774
4355.868147,sim,1.409914,-0.083404,-2.621035,1.213774,-1.619682,0.455479
4355.872121,sim,1.409919,-0.083425,-2.619923,1.214403,-1.620584,0.457207
4355.876210,sim,1.409914,-0.083405,-2.618822,1.215001,-1.621537,0.458990
4355.880482,sim,1.409919,-0.083430,-2.617726,1.215547,-1.622501,0.460787
4355.884112,sim,1.409914,-0.083407,-2.616644,1.216069,-1.623515,0.462634
4355.888167,sim,1.409918,-0.083427,-2.616643,1.216063,-1.623505,0.462624
4355.892260,sim,1.409915,-0.083407,-2.615561,1.216548,-1.624573,0.464528
4355.896177,sim,1.409918,-0.083426,-2.614471,1.216975,-1.625692,0.466486
4355.900142,sim,1.409914,-0.083410,-2.613379,1.217383,-1.626899,0.468536
4355.904090,sim,1.409919,-0.083430,-2.612281,1.217743,-1.628146,0.470626
4355.908113,sim,1.409915,-0.083416,-2.611188,1.218081,-1.629461,0.472782
4355.912094,sim,1.409919,-0.083429,-2.610097,1.218380,-1.630807,0.474962
4355.916231,sim,1.409914,-0.083399,-2.609017,1.218658,-1.632206,0.477188
4355.920250,sim,1.409919,-0.083421,-2.609016,1.218651,-1.632195,0.477177
4355.924184,sim,1.409915,-0.083405,-2.607931,1.218904,-1.633649,0.479462
4355.928236,sim,1.409919,-0.083430,-2.606833,1.219113,-1.635161,0.481817
4355.932182,sim,1.409915,-0.083407,-2.605732,1.219309,-1.636764,0.484273
4355.936120,sim,1.409920,-0.083428,-2.604621,1.219467,-1.638408,0.486780
4355.940413,sim,1.409915,-0.083406,-2.603512,1.219612,-1.640124,0.489365
4355.944152,sim,1.409919,-0.083424,-2.603511,1.219605,-1.640114,0.489355
4355.948062,sim,1.409915,-0.083402,-2.602396,1.219731,-1.641890,0.492012
4355.952086,sim,1.409920,-0.083433,-2.601267,1.219823,-1.643701,0.494724
4355.956187,sim,1.409916,-0.083418,-2.600139,1.219912,-1.645587,0.497522
4355.960265,sim,1.409920,-0.083433,-2.599008,1.219970,-1.647496,0.500350
4355.964122,sim,1.409915,-0.083403,-2.597886,1.220026,-1.649458,0.503237
4355.968097,sim,1.409920,-0.083430,-2.596766,1.220056,-1.651414,0.506122
4355.972156,sim,1.409915,-0.083402,-2.595663,1.220090,-1.653409,0.509041
4355.976114,sim,1.409920,-0.083427,-2.595661,1.220083,-1.653396,0.509030
4355.980351,sim,1.409915,-0.083406,-2.594572,1.220107,-1.655402,0.511957
4355.984175,sim,1.409920,-0.083428,-2.593493,1.220116,-1.657410,0.514883
4355.988241,sim,1.409915,-0.083404,-2.592433,1.220131,-1.659456,0.517840
4355.992221,sim,1.409921,-0.083429,-2.591386,1.220131,-1.661491,0.520780
4355.996146,sim,1.409916,-0.083417,-2.590359,1.220139,-1.663552,0.523737
4356.000206,sim,1.409920,-0.083422,-2.589348,1.220134,-1.665603,0.526671
4356.004271,sim,1.409916,-0.083405,-2.588359,1.220136,-1.667663,0.529604
4356.008177,sim,1.409920,-0.083424,-2.587386,1.220124,-1.669696,0.532495
4356.012097,sim,1.409916,-0.083405,-2.587387,1.220131,-1.669706,0.532505
4356.016156,sim,1.409921,-0.083442,-2.586435,1.220126,-1.671725,0.535366
4356.020434,sim,1.409915,-0.083397,-2.585520,1.220119,-1.673756,0.538200
4356.024172,sim,1.409922,-0.083437,-2.584619,1.220113,-1.675749,0.540984
4356.028157,sim,1.409916,-0.083397,-2.583751,1.220110,-1.677759,0.543749
4356.032259,sim,1.409924,-0.083440,-2.582893,1.220110,-1.679734,0.546471
4356.036271,sim,1.409915,-0.083396,-2.582899,1.220108,-1.679747,0.546477
4356.040288,sim,1.409923,-0.083434,-2.582050,1.220104,-1.681745,0.549209
4356.044241,sim,1.409917,-0.083400,-2.581208,1.220101,-1.683817,0.552002
4356.048164,sim,1.409924,-0.083440,-2.580357,1.220101,-1.685911,0.554825
4356.052181,sim,1.409918,-0.083397,-2.579519,1.220096,-1.688063,0.557689
4356.056269,sim,1.409926,-0.083439,-2.578674,1.220098,-1.690224,0.560569
4356.060260,sim,1.409919,-0.083396,-2.577846,1.220094,-1.692428,0.563471
4356.064451,sim,1.409927,-0.083441,-2.577015,1.220098,-1.694625,0.566373
4356.068323,sim,1.409920,-0.083396,-2.577021,1.220095,-1.694637,0.566377
4356.072248,sim,1.409928,-0.083442,-2.576194,1.220097,-1.696877,0.569311
4356.076246,sim,1.409921,-0.083402,-2.575383,1.220093,-1.699212,0.572311
4356.080432,sim,1.409928,-0.083429,-2.574564,1.220096,-1.701597,0.575361
4356.084157,sim,1.409924,-0.083403,-2.573759,1.220087,-1.704047,0.578448
4356.088281,sim,1.409925,-0.083399,-2.572954,1.220095,-1.706550,0.581585
4356.092157,sim,1.409929,-0.083436,-2.572151,1.220097,-1.709078,0.584730
4356.096300,sim,1.409923,-0.083395,-2.571367,1.220092,-1.711658,0.587899
4356.100213,sim,1.409930,-0.083434,-2.571362,1.220093,-1.711646,0.587894
4356.104219,sim,1.409923,-0.083391,-2.570586,1.220091,-1.714269,0.591086
4356.108095,sim,1.409931,-0.083436,-2.569807,1.220096,-1.716914,0.594297
4356.112154,sim,1.409923,-0.083392,-2.569052,1.220093,-1.719618,0.597527
4356.116256,sim,1.409931,-0.083427,-2.568296,1.220096,-1.722324,0.600756
4356.120346,sim,1.409924,-0.083392,-2.567565,1.220092,-1.725063,0.603984
4356.124179,sim,1.409931,-0.083430,-2.567560,1.220093,-1.725051,0.603980
4356.128170,sim,1.409924,-0.083387,-2.566841,1.220091,-1.727815,0.607211
4356.132213,sim,1.409932,-0.083429,-2.566120,1.220095,-1.730582,0.610445
4356.136221,sim,1.409924,-0.083386,-2.565422,1.220093,-1.733393,0.613684
4356.140250,sim,1.409932,-0.083429,-2.564725,1.220094,-1.736188,0.616905
4356.144126,sim,1.409925,-0.083386,-2.564053,1.220091,-1.739011,0.620114
4356.148187,sim,1.409933,-0.083433,-2.563382,1.220096,-1.741805,0.623291
4356.152143,sim,1.409924,-0.083378,-2.562743,1.220092,-1.744611,0.626438
4356.156114,sim,1.409933,-0.083423,-2.562736,1.220095,-1.744598,0.626436
4356.160232,sim,1.409925,-0.083386,-2.562111,1.220091,-1.747383,0.629536
4356.164203,sim,1.409933,-0.083428,-2.561491,1.220095,-1.750136,0.632594
4356.168220,sim,1.409925,-0.083385,-2.560902,1.220091,-1.752892,0.635607
4356.172148,sim,1.409934,-0.083424,-2.560317,1.220096,-1.755607,0.638572
4356.176111,sim,1.409926,-0.083385,-2.559763,1.220092,-1.758313,0.641485
4356.180461,sim,1.409935,-0.083430,-2.559213,1.220094,-1.760963,0.644340
4356.184243,sim,1.409927,-0.083388,-2.558693,1.220092,-1.763603,0.647143
4356.188156,sim,1.409936,-0.083438,-2.558177,1.220096,-1.766175,0.649882
4356.192252,sim,1.409927,-0.083391,-2.558184,1.220091,-1.766187,0.649882
4356.196226,sim,1.409935,-0.083416,-2.557685,1.220095,-1.768746,0.652581
4356.200235,sim,1.409929,-0.083380,-2.557208,1.220091,-1.771327,0.655252
4356.204184,sim,1.409937,-0.083425,-2.556728,1.220096,-1.773893,0.657902
4356.208162,sim,1.409930,-0.083376,-2.556272,1.220090,-1.776493,0.660533
4356.212260,sim,1.409939,-0.083426,-2.555808,1.220097,-1.779078,0.663152
4356.216232,sim,1.409931,-0.083386,-2.555815,1.220091,-1.779088,0.663149
4356.220269,sim,1.409940,-0.083435,-2.555352,1.220096,-1.781724,0.665792
4356.224166,sim,1.409931,-0.083385,-2.554901,1.220090,-1.784468,0.668489
4356.228267,sim,1.409940,-0.083418,-2.554434,1.220098,-1.787263,0.671239
4356.232242,sim,1.409935,-0.083387,-2.553977,1.220088,-1.790123,0.674007
4356.236225,sim,1.409936,-0.083394,-2.553514,1.220099,-1.793030,0.676821
4356.240419,sim,1.409940,-0.083422,-2.553050,1.220093,-1.795947,0.679623
4356.244172,sim,1.409934,-0.083374,-2.552602,1.220090,-1.798911,0.682441
4356.248162,sim,1.409942,-0.083410,-2.552596,1.220095,-1.798903,0.682443
4356.252133,sim,1.409936,-0.083388,-2.552148,1.220093,-1.801884,0.685263
4356.256213,sim,1.409942,-0.083420,-2.551696,1.220096,-1.804884,0.688091
4356.260286,sim,1.409935,-0.083371,-2.551263,1.220091,-1.807931,0.690920
4356.264243,sim,1.409943,-0.083412,-2.550822,1.220095,-1.810970,0.693746
4356.268193,sim,1.409936,-0.083380,-2.550400,1.220091,-1.814036,0.696558
4356.272229,sim,1.409944,-0.083423,-2.549972,1.220097,-1.817082,0.699353
4356.276271,sim,1.409935,-0.083379,-2.549568,1.220090,-1.820137,0.702117
4356.280451,sim,1.409943,-0.083414,-2.549562,1.220095,-1.820128,0.702120
4356.285446,sim,1.409936,-0.083380,-2.549163,1.220092,-1.823187,0.704872
4356.288184,sim,1.409944,-0.083424,-2.548759,1.220098,-1.826244,0.707618
4356.292246,sim,1.409936,-0.083401,-2.548374,1.220097,-1.829333,0.710355
4356.296214,sim,1.409943,-0.083416,-2.547990,1.220093,-1.832410,0.713069
4356.300206,sim,1.409936,-0.083369,-2.547626,1.220090,-1.835510,0.715773
4356.304215,sim,1.409944,-0.083418,-2.547617,1.220096,-1.835498,0.715776
4356.308262,sim,1.409935,-0.083374,-2.547258,1.220089,-1.838619,0.718476
4356.312252,sim,1.409944,-0.083411,-2.546890,1.220094,-1.841773,0.721206
4356.316255,sim,1.409936,-0.083380,-2.546539,1.220089,-1.844987,0.723947
4356.320301,sim,1.409944,-0.083420,-2.546180,1.220096,-1.848224,0.726709
4356.324209,sim,1.409936,-0.083384,-2.545841,1.220091,-1.851510,0.729470
4356.328214,sim,1.409943,-0.083415,-2.545498,1.220094,-1.854802,0.732239
4356.332292,sim,1.409935,-0.083374,-2.545173,1.220090,-1.858134,0.735003
4356.336474,sim,1.409944,-0.083419,-2.544841,1.220094,-1.861452,0.737761
4356.340529,sim,1.409935,-0.083371,-2.544849,1.220088,-1.861465,0.737758
4356.344322,sim,1.409945,-0.083423,-2.544529,1.220094,-1.864763,0.740487
4356.348153,sim,1.409937,-0.083394,-2.544240,1.220090,-1.868040,0.743157
4356.352208,sim,1.409943,-0.083422,-2.543958,1.220093,-1.871257,0.745784
4356.356319,sim,1.409936,-0.083375,-2.543704,1.220086,-1.874450,0.748358
4356.360452,sim,1.409944,-0.083416,-2.543449,1.220092,-1.877580,0.750894
4356.364273,sim,1.409935,-0.083374,-2.543223,1.220086,-1.880686,0.753377
4356.368322,sim,1.409944,-0.083416,-2.542993,1.220092,-1.883730,0.755827
4356.372376,sim,1.409936,-0.083385,-2.542999,1.220087,-1.883738,0.755823
4356.376313,sim,1.409944,-0.083422,-2.542782,1.220092,-1.886779,0.758265
4356.380391,sim,1.409935,-0.083375,-2.542592,1.220084,-1.889873,0.760723
4356.384256,sim,1.409943,-0.083413,-2.542396,1.220091,-1.892971,0.763211
4356.388354,sim,1.409936,-0.083380,-2.542224,1.220084,-1.896099,0.765698
4356.392305,sim,1.409943,-0.083406,-2.542051,1.220086,-1.899220,0.768199
4356.396242,sim,1.409936,-0.083378,-2.542056,1.220084,-1.899228,0.768199
4356.400298,sim,1.409944,-0.083423,-2.541888,1.220091,-1.902365,0.770720
4356.404281,sim,1.409934,-0.083370,-2.541749,1.220084,-1.905560,0.773261
4356.408240,sim,1.409944,-0.083414,-2.541602,1.220090,-1.908751,0.775830
4356.412241,sim,1.409936,-0.083386,-2.541477,1.220082,-1.911973,0.778399
4356.416297,sim,1.409943,-0.083414,-2.541351,1.220087,-1.915191,0.780988
4356.420407,sim,1.409936,-0.083375,-2.541247,1.220079,-1.918421,0.783565
4356.424210,sim,1.409943,-0.083418,-2.541137,1.220088,-1.921623,0.786150
4356.428208,sim,1.409935,-0.083379,-2.541144,1.220082,-1.921632,0.786144
4356.432224,sim,1.409943,-0.083416,-2.541046,1.220087,-1.924853,0.788742
4356.436217,sim,1.409935,-0.083382,-2.540973,1.220080,-1.928143,0.791372
4356.440326,sim,1.409943,-0.083418,-2.540897,1.220084,-1.931455,0.794045
4356.444255,sim,1.409935,-0.083379,-2.540846,1.220077,-1.934822,0.796737
4356.448169,sim,1.409943,-0.083417,-2.540790,1.220083,-1.938197,0.799464
4356.452187,sim,1.409935,-0.083371,-2.540758,1.220072,-1.941607,0.802189
4356.456254,sim,1.409943,-0.083415,-2.540717,1.220081,-1.945007,0.804941
4356.460289,sim,1.409936,-0.083379,-2.540724,1.220071,-1.945012,0.804930
4356.464222,sim,1.409943,-0.083416,-2.540690,1.220077,-1.948417,0.807682
4356.468311,sim,1.409935,-0.083383,-2.540675,1.220071,-1.951833,0.810416
4356.472260,sim,1.409943,-0.083419,-2.540652,1.220075,-1.955219,0.813150
4356.476273,sim,1.409935,-0.083378,-2.540648,1.220067,-1.958602,0.815852
4356.480512,sim,1.409943,-0.083416,-2.540632,1.220071,-1.961932,0.818540
4356.484245,sim,1.409936,-0.083382,-2.540639,1.220062,-1.961937,0.818530
4356.488254,sim,1.409943,-0.083418,-2.540626,1.220071,-1.965248,0.821201
4356.492196,sim,1.409934,-0.083378,-2.540629,1.220061,-1.968559,0.823840
4356.496212,sim,1.409944,-0.083422,-2.540618,1.220066,-1.971832,0.826477
4356.500307,sim,1.409935,-0.083378,-2.540626,1.220057,-1.975110,0.829084
4356.504206,sim,1.409944,-0.083421,-2.540618,1.220064,-1.978345,0.831689
4356.508216,sim,1.409935,-0.083378,-2.540627,1.220055,-1.981577,0.834254
4356.512184,sim,1.409945,-0.083424,-2.540620,1.220059,-1.984759,0.836810
4356.516327,sim,1.409933,-0.083371,-2.540630,1.220054,-1.984775,0.836807
4356.520410,sim,1.409944,-0.083420,-2.540623,1.220060,-1.987980,0.839382
4356.524263,sim,1.409935,-0.083383,-2.540632,1.220051,-1.991278,0.841992
4356.528238,sim,1.409942,-0.083409,-2.540629,1.220057,-1.994621,0.844665
4356.532329,sim,1.409936,-0.083378,-2.540636,1.220048,-1.998025,0.847357
4356.536325,sim,1.409943,-0.083417,-2.540630,1.220055,-2.001454,0.850097
4356.540333,sim,1.409935,-0.083379,-2.540639,1.220047,-2.004931,0.852840
4356.544257,sim,1.409943,-0.083417,-2.540633,1.220053,-2.008411,0.855616
4356.548341,sim,1.409935,-0.083385,-2.540641,1.220045,-2.011917,0.858380
4356.552270,sim,1.409942,-0.083418,-2.540634,1.220054,-2.011911,0.858391
4356.556235,sim,1.409935,-0.083382,-2.540642,1.220043,-2.015396,0.861134
4356.560313,sim,1.409944,-0.083424,-2.540635,1.220049,-2.018822,0.863862
4356.564324,sim,1.409935,-0.083384,-2.540644,1.220041,-2.022224,0.866538
4356.568257,sim,1.409943,-0.083421,-2.540637,1.220047,-2.025565,0.869198
4356.572222,sim,1.409934,-0.083383,-2.540645,1.220040,-2.028883,0.871806
4356.576400,sim,1.409942,-0.083409,-2.540639,1.220043,-2.028874,0.871810
4356.580562,sim,1.409935,-0.083389,-2.540644,1.220039,-2.032184,0.874417
4356.584221,sim,1.409942,-0.083415,-2.540639,1.220040,-2.035506,0.877048
4356.588262,sim,1.409935,-0.083390,-2.540644,1.220036,-2.038866,0.879689
4356.592258,sim,1.409944,-0.083412,-2.540639,1.220031,-2.042214,0.882332
4356.596310,sim,1.409933,-0.083363,-2.540650,1.220025,-2.045598,0.884977
4356.600318,sim,1.409943,-0.083420,-2.540638,1.220036,-2.048947,0.887634
4356.604211,sim,1.409934,-0.083373,-2.540648,1.220020,-2.052303,0.890244
4356.608368,sim,1.409943,-0.083417,-2.540639,1.220031,-2.052295,0.890259
4356.612401,sim,1.409935,-0.083381,-2.540646,1.220019,-2.055653,0.892866
4356.616299,sim,1.409941,-0.083412,-2.540640,1.220028,-2.059021,0.895505
4356.620402,sim,1.409939,-0.083403,-2.540641,1.220019,-2.062401,0.898111
4356.624285,sim,1.409939,-0.083394,-2.540643,1.220019,-2.065795,0.900727
4356.628258,sim,1.409938,-0.083394,-2.540643,1.220019,-2.069185,0.903329
4356.632308,sim,1.409939,-0.083396,-2.540643,1.220018,-2.072563,0.905910
4356.636261,sim,1.409939,-0.083397,-2.540642,1.220017,-2.075928,0.908470
4356.640387,sim,1.409938,-0.083398,-2.540642,1.220017,-2.075927,0.908471
4356.644292,sim,1.409935,-0.083381,-2.540646,1.220016,-2.079323,0.911033
4356.648253,sim,1.409943,-0.083429,-2.540636,1.220021,-2.082758,0.913623
4356.652369,sim,1.409933,-0.083381,-2.540646,1.220011,-2.086270,0.916212
4356.656338,sim,1.409943,-0.083421,-2.540638,1.220020,-2.089804,0.918839
4356.660365,sim,1.409939,-0.083397,-2.540643,1.220007,-2.093376,0.921436
4356.664285,sim,1.409936,-0.083383,-2.540646,1.220015,-2.093390,0.921452
4356.668333,sim,1.409944,-0.083427,-2.540637,1.220015,-2.096995,0.924083
4356.672286,sim,1.409934,-0.083372,-2.540649,1.220006,-2.100694,0.926725
4356.676411,sim,1.409944,-0.083416,-2.540639,1.220015,-2.104411,0.929403
4356.680611,sim,1.409933,-0.083381,-2.540647,1.220010,-2.108180,0.932059
4356.684310,sim,1.409944,-0.083421,-2.540639,1.220015,-2.111937,0.934719
4356.688265,sim,1.409933,-0.083376,-2.540649,1.220008,-2.115717,0.937340
4356.692350,sim,1.409945,-0.083421,-2.540639,1.220014,-2.119448,0.939948
4356.696314,sim,1.409933,-0.083376,-2.540649,1.220008,-2.123173,0.942494
4356.700332,sim,1.409945,-0.083421,-2.540639,1.220014,-2.123158,0.942503
4356.704292,sim,1.409933,-0.083376,-2.540649,1.220007,-2.126812,0.944973
4356.708343,sim,1.409945,-0.083421,-2.540639,1.220014,-2.130345,0.947367
4356.712327,sim,1.409933,-0.083376,-2.540650,1.220007,-2.133822,0.949651
4356.716344,sim,1.409943,-0.083420,-2.540640,1.220017,-2.137194,0.951879
4356.720358,sim,1.409936,-0.083369,-2.540651,1.219998,-2.140508,0.953984
4356.724416,sim,1.409938,-0.083380,-2.540649,1.220012,-2.143764,0.956076
4356.728401,sim,1.409944,-0.083433,-2.540638,1.220014,-2.146932,0.958080
4356.732360,sim,1.409933,-0.083380,-2.540650,1.220008,-2.146949,0.958070
4356.736297,sim,1.409946,-0.083420,-2.540640,1.220012,-2.150124,0.960050
4356.740458,sim,1.409932,-0.083374,-2.540651,1.220008,-2.153386,0.962008
4356.744361,sim,1.409945,-0.083418,-2.540641,1.220012,-2.156658,0.963971
4356.748239,sim,1.409933,-0.083381,-2.540650,1.220009,-2.159995,0.965905
4356.752403,sim,1.409945,-0.083418,-2.540641,1.220012,-2.163326,0.967833
4356.756460,sim,1.409933,-0.083373,-2.540652,1.220006,-2.163342,0.967824
4356.760463,sim,1.409945,-0.083421,-2.540641,1.220013,-2.166714,0.969745
4356.764361,sim,1.409933,-0.083375,-2.540652,1.220007,-2.170182,0.971637
4356.768293,sim,1.409946,-0.083422,-2.540642,1.220013,-2.173673,0.973540
4356.772327,sim,1.409934,-0.083378,-2.540652,1.220006,-2.177241,0.975404
4356.776343,sim,1.409945,-0.083421,-2.540642,1.220014,-2.180825,0.977280
4356.780476,sim,1.409934,-0.083384,-2.540652,1.220008,-2.184464,0.979107
4356.784458,sim,1.409945,-0.083418,-2.540643,1.220013,-2.188105,0.980932
4356.788483,sim,1.409933,-0.083380,-2.540653,1.220009,-2.188120,0.980923
4356.792353,sim,1.409945,-0.083419,-2.540644,1.220012,-2.191794,0.982710
4356.796314,sim,1.409933,-0.083380,-2.540654,1.220009,-2.195545,0.984439
4356.800319,sim,1.409946,-0.083419,-2.540645,1.220012,-2.199297,0.986137
4356.804380,sim,1.409934,-0.083379,-2.540656,1.220009,-2.203098,0.987773
4356.808351,sim,1.409946,-0.083419,-2.540647,1.220012,-2.206873,0.989376
4356.812261,sim,1.409933,-0.083379,-2.540658,1.220009,-2.210670,0.990914
4356.816441,sim,1.409946,-0.083419,-2.540650,1.220012,-2.214412,0.992416
4356.820387,sim,1.409933,-0.083373,-2.540661,1.220007,-2.214429,0.992405
4356.824411,sim,1.409946,-0.083422,-2.540651,1.220014,-2.218148,0.993853
4356.828307,sim,1.409934,-0.083384,-2.540663,1.220008,-2.221880,0.995209
4356.832276,sim,1.409945,-0.083419,-2.540656,1.220014,-2.225563,0.996525
4356.836401,sim,1.409933,-0.083382,-2.540669,1.220011,-2.229246,0.997760
4356.840438,sim,1.409946,-0.083418,-2.540663,1.220012,-2.232863,0.998946
4356.844236,sim,1.409933,-0.083382,-2.540672,1.220011,-2.232881,0.998943
4356.848337,sim,1.409946,-0.083418,-2.540667,1.220011,-2.236479,1.000072
4356.852414,sim,1.409933,-0.083381,-2.540681,1.220011,-2.240102,1.001142
4356.856378,sim,1.409946,-0.083418,-2.540676,1.220012,-2.243668,1.002164
4356.860382,sim,1.409934,-0.083384,-2.540690,1.220010,-2.247233,1.003125
4356.864286,sim,1.409945,-0.083417,-2.540687,1.220013,-2.250724,1.004045
4356.868379,sim,1.409933,-0.083381,-2.540702,1.220011,-2.254188,1.004900
4356.872362,sim,1.409946,-0.083418,-2.540699,1.220012,-2.257550,1.005711
4356.876311,sim,1.409933,-0.083381,-2.540715,1.220011,-2.260867,1.006463
4356.880548,sim,1.409947,-0.083422,-2.540704,1.220011,-2.260847,1.006466
4356.884550,sim,1.409933,-0.083380,-2.540722,1.220009,-2.264069,1.007154
4356.888471,sim,1.409945,-0.083418,-2.540722,1.220013,-2.267160,1.007789
4356.892354,sim,1.409932,-0.083381,-2.540744,1.220011,-2.270194,1.008346
4356.896475,sim,1.409946,-0.083419,-2.540748,1.220011,-2.273114,1.008855
4356.900479,sim,1.409932,-0.083376,-2.540775,1.220009,-2.276003,1.009301
4356.904388,sim,1.409946,-0.083422,-2.540781,1.220012,-2.278796,1.009714
4356.908357,sim,1.409932,-0.083374,-2.540813,1.220007,-2.281576,1.010066
4356.912377,sim,1.409943,-0.083410,-2.540804,1.220013,-2.281564,1.010079
4356.916437,sim,1.409934,-0.083385,-2.540834,1.220007,-2.284316,1.010395
4356.920506,sim,1.409945,-0.083428,-2.540851,1.220009,-2.287042,1.010693
4356.924344,sim,1.409931,-0.083387,-2.540894,1.220004,-2.289792,1.010942
4356.928295,sim,1.409945,-0.083424,-2.540920,1.219999,-2.292484,1.011169
4356.932400,sim,1.409931,-0.083386,-2.540969,1.219992,-2.295185,1.011359
4356.936348,sim,1.409945,-0.083424,-2.540959,1.219992,-2.295166,1.011363
4356.940382,sim,1.409930,-0.083386,-2.541013,1.219984,-2.297822,1.011523
4356.944304,sim,1.409945,-0.083428,-2.541049,1.219971,-2.300378,1.011663
4356.948361,sim,1.409929,-0.083383,-2.541112,1.219957,-2.302914,1.011775
4356.952405,sim,1.409943,-0.083428,-2.541155,1.219942,-2.305342,1.011876
4356.956367,sim,1.409929,-0.083387,-2.541224,1.219918,-2.307735,1.011938
4356.960376,sim,1.409943,-0.083431,-2.541273,1.219898,-2.310018,1.012004
4356.964394,sim,1.409930,-0.083391,-2.541348,1.219866,-2.312253,1.012031
4356.968394,sim,1.409938,-0.083418,-2.541340,1.219872,-2.312245,1.012046
4356.972292,sim,1.409930,-0.083394,-2.541416,1.219834,-2.314373,1.012064
4356.976346,sim,1.409941,-0.083440,-2.541482,1.219798,-2.316360,1.012094
4356.980593,sim,1.409926,-0.083399,-2.541577,1.219749,-2.318271,1.012103
4356.984265,sim,1.409940,-0.083439,-2.541658,1.219696,-2.320039,1.012117
4356.988295,sim,1.409927,-0.083402,-2.541766,1.219635,-2.321740,1.012114
4356.992598,sim,1.409936,-0.083425,-2.541760,1.219638,-2.321730,1.012123
4356.996460,sim,1.409928,-0.083400,-2.541871,1.219569,-2.323324,1.012116
4357.000484,sim,1.409939,-0.083448,-2.541973,1.219503,-2.324793,1.012123
4357.004259,sim,1.409924,-0.083407,-2.542105,1.219428,-2.326200,1.012115
4357.008315,sim,1.409938,-0.083446,-2.542222,1.219351,-2.327473,1.012116
4357.012307,sim,1.409923,-0.083407,-2.542365,1.219269,-2.328689,1.012106
4357.016350,sim,1.409938,-0.083448,-2.542493,1.219187,-2.329775,1.012105
4357.020335,sim,1.409923,-0.083409,-2.542646,1.219101,-2.330806,1.012093
4357.024447,sim,1.409937,-0.083449,-2.542636,1.219102,-2.330787,1.012098
4357.028398,sim,1.409924,-0.083407,-2.542797,1.219013,-2.331708,1.012081
4357.032379,sim,1.409933,-0.083438,-2.542949,1.218934,-2.332483,1.012088
4357.036314,sim,1.409926,-0.083414,-2.543124,1.218843,-2.333163,1.012069
4357.040391,sim,1.409933,-0.083445,-2.543295,1.218766,-2.333725,1.012077
4357.044378,sim,1.409924,-0.083417,-2.543487,1.218679,-2.334208,1.012062
4357.048294,sim,1.409936,-0.083463,-2.543667,1.218601,-2.334579,1.012065
4357.052296,sim,1.409921,-0.083421,-2.543875,1.218519,-2.334906,1.012054
4357.056789,sim,1.409936,-0.083461,-2.544066,1.218441,-2.335125,1.012055
4357.060551,sim,1.409923,-0.083422,-2.544077,1.218439,-2.335142,1.012047
4357.064383,sim,1.409932,-0.083447,-2.544277,1.218367,-2.335309,1.012053
4357.068332,sim,1.409924,-0.083422,-2.544498,1.218292,-2.335441,1.012040
4357.072322,sim,1.409936,-0.083469,-2.544707,1.218229,-2.335498,1.012045
4357.076340,sim,1.409923,-0.083429,-2.544945,1.218163,-2.335545,1.012031
4357.080592,sim,1.409932,-0.083452,-2.545171,1.218106,-2.335525,1.012038
4357.084269,sim,1.409924,-0.083427,-2.545417,1.218046,-2.335488,1.012025
4357.088343,sim,1.409936,-0.083474,-2.545649,1.217996,-2.335395,1.012030
4357.092367,sim,1.409921,-0.083430,-2.545661,1.217994,-2.335414,1.012023
4357.096313,sim,1.409936,-0.083470,-2.545905,1.217944,-2.335289,1.012024
4357.100312,sim,1.409921,-0.083430,-2.546186,1.217895,-2.335173,1.012015
4357.104278,sim,1.409936,-0.083471,-2.546460,1.217849,-2.334992,1.012015
4357.108299,sim,1.409921,-0.083431,-2.546768,1.217805,-2.334826,1.012005
4357.112365,sim,1.409936,-0.083471,-2.547065,1.217763,-2.334599,1.012005
4357.116246,sim,1.409923,-0.083433,-2.547076,1.217761,-2.334616,1.011997
4357.120412,sim,1.409932,-0.083457,-2.547391,1.217724,-2.334373,1.012001
4357.124352,sim,1.409924,-0.083431,-2.547738,1.217680,-2.334118,1.011986
4357.128395,sim,1.409936,-0.083478,-2.548084,1.217646,-2.333805,1.011986
4357.132388,sim,1.409923,-0.083437,-2.548467,1.217605,-2.333498,1.011968
4357.136355,sim,1.409932,-0.083460,-2.548846,1.217572,-2.333136,1.011968
4357.140502,sim,1.409924,-0.083434,-2.549252,1.217532,-2.332766,1.011948
4357.144374,sim,1.409936,-0.083481,-2.549651,1.217501,-2.332343,1.011945
4357.148253,sim,1.409921,-0.083437,-2.549663,1.217499,-2.332362,1.011938
4357.152267,sim,1.409936,-0.083476,-2.550079,1.217466,-2.331894,1.011928
4357.156337,sim,1.409921,-0.083436,-2.550538,1.217432,-2.331404,1.011902
4357.160459,sim,1.409936,-0.083476,-2.550994,1.217402,-2.330823,1.011880
4357.164308,sim,1.409923,-0.083433,-2.551487,1.217369,-2.330229,1.011839
4357.168403,sim,1.409932,-0.083464,-2.551974,1.217347,-2.329565,1.011816
4357.172372,sim,1.409924,-0.083437,-2.551981,1.217342,-2.329573,1.011806
4357.176362,sim,1.409936,-0.083483,-2.552480,1.217320,-2.328853,1.011772
4357.180538,sim,1.409923,-0.083442,-2.553017,1.217293,-2.328110,1.011713
4357.184297,sim,1.409932,-0.083465,-2.553551,1.217275,-2.327292,1.011665
4357.188342,sim,1.409925,-0.083440,-2.554111,1.217251,-2.326443,1.011589
4357.192324,sim,1.409932,-0.083470,-2.554668,1.217240,-2.325538,1.011531
4357.196356,sim,1.409925,-0.083443,-2.555247,1.217219,-2.324612,1.011440
4357.200359,sim,1.409932,-0.083472,-2.555819,1.217213,-2.323639,1.011368
4357.204354,sim,1.409924,-0.083442,-2.555826,1.217208,-2.323648,1.011359
4357.208394,sim,1.409936,-0.083488,-2.556408,1.217200,-2.322617,1.011270
4357.212294,sim,1.409921,-0.083444,-2.557032,1.217189,-2.321557,1.011149
4357.216327,sim,1.409935,-0.083484,-2.557653,1.217181,-2.320401,1.011021
4357.220422,sim,1.409921,-0.083443,-2.558310,1.217174,-2.319232,1.010869
4357.224356,sim,1.409935,-0.083484,-2.558959,1.217169,-2.317979,1.010712
4357.228381,sim,1.409920,-0.083444,-2.559639,1.217164,-2.316727,1.010532
4357.232418,sim,1.409934,-0.083485,-2.560306,1.217162,-2.315406,1.010350
4357.236344,sim,1.409921,-0.083447,-2.560999,1.217157,-2.314095,1.010145
4357.240726,sim,1.409930,-0.083471,-2.560992,1.217160,-2.314086,1.010154
4357.244361,sim,1.409921,-0.083445,-2.561688,1.217154,-2.312739,1.009933
4357.248313,sim,1.409932,-0.083493,-2.562373,1.217156,-2.311334,1.009705
4357.252403,sim,1.409917,-0.083447,-2.563089,1.217151,-2.309933,1.009440
4357.256390,sim,1.409926,-0.083478,-2.563791,1.217153,-2.308473,1.009174
4357.260421,sim,1.409917,-0.083454,-2.564513,1.217146,-2.307005,1.008869
4357.264374,sim,1.409922,-0.083485,-2.565227,1.217151,-2.305500,1.008571
4357.268351,sim,1.409911,-0.083456,-2.565960,1.217144,-2.303989,1.008236
4357.272407,sim,1.409923,-0.083502,-2.565949,1.217148,-2.303973,1.008243
4357.276374,sim,1.409906,-0.083456,-2.566704,1.217143,-2.302422,1.007878
4357.280489,sim,1.409914,-0.083488,-2.567468,1.217144,-2.300767,1.007487
4357.284355,sim,1.409900,-0.083464,-2.568272,1.217137,-2.299067,1.007037
4357.288409,sim,1.409907,-0.083513,-2.569080,1.217136,-2.297283,1.006565
4357.292309,sim,1.409889,-0.083472,-2.569929,1.217127,-2.295482,1.006040
4357.296402,sim,1.409898,-0.083499,-2.569922,1.217133,-2.295475,1.006054
4357.300423,sim,1.409883,-0.083476,-2.570790,1.217122,-2.293605,1.005488
4357.304387,sim,1.409888,-0.083529,-2.571668,1.217118,-2.291641,1.004888
4357.308269,sim,1.409867,-0.083489,-2.572591,1.217106,-2.289651,1.004226
4357.312309,sim,1.409869,-0.083527,-2.573515,1.217100,-2.287578,1.003538
4357.316332,sim,1.409852,-0.083508,-2.574469,1.217085,-2.285484,1.002795
4357.320443,sim,1.409854,-0.083565,-2.575416,1.217076,-2.283330,1.002032
4357.324364,sim,1.409833,-0.083531,-2.576393,1.217057,-2.281185,1.001219
4357.328307,sim,1.409841,-0.083557,-2.576386,1.217064,-2.281177,1.001232
4357.332319,sim,1.409824,-0.083542,-2.577369,1.217043,-2.278983,1.000379
4357.336424,sim,1.409826,-0.083602,-2.578348,1.217032,-2.276706,0.999489
4357.340453,sim,1.409803,-0.083569,-2.579360,1.217012,-2.274417,0.998538
4357.344330,sim,1.409808,-0.083628,-2.580359,1.216999,-2.272050,0.997561
4357.348347,sim,1.409786,-0.083593,-2.581384,1.216977,-2.269687,0.996532
4357.352372,sim,1.409797,-0.083631,-2.581375,1.216983,-2.269675,0.996543
4357.356295,sim,1.409780,-0.083620,-2.582407,1.216961,-2.267251,0.995473
4357.360382,sim,1.409783,-0.083682,-2.583441,1.216948,-2.264732,0.994366
4357.364397,sim,1.409764,-0.083654,-2.584510,1.216928,-2.262184,0.993196
4357.368429,sim,1.409766,-0.083697,-2.585576,1.216919,-2.259559,0.992005
4357.372324,sim,1.409752,-0.083687,-2.586665,1.216899,-2.256905,0.990756
4357.376415,sim,1.409758,-0.083751,-2.587743,1.216889,-2.254188,0.989486
4357.380736,sim,1.409740,-0.083721,-2.588848,1.216874,-2.251480,0.988176
4357.384295,sim,1.409753,-0.083764,-2.588838,1.216877,-2.251462,0.988182
4357.388306,sim,1.409735,-0.083736,-2.589949,1.216862,-2.248717,0.986832
4357.392336,sim,1.409743,-0.083796,-2.591047,1.216855,-2.245895,0.985444
4357.396374,sim,1.409726,-0.083764,-2.592170,1.216840,-2.243076,0.983998
4357.400483,sim,1.409730,-0.083814,-2.593275,1.216842,-2.240211,0.982542
4357.404382,sim,1.409719,-0.083803,-2.594391,1.216828,-2.237350,0.981032
4357.408318,sim,1.409720,-0.083844,-2.595490,1.216829,-2.234476,0.979523
4357.412367,sim,1.409708,-0.083827,-2.596591,1.216820,-2.231629,0.977984
4357.416316,sim,1.409713,-0.083885,-2.597663,1.216820,-2.228775,0.976450
4357.420383,sim,1.409701,-0.083838,-2.597674,1.216818,-2.228794,0.976445
4357.424545,sim,1.409707,-0.083892,-2.598726,1.216818,-2.225981,0.974914
4357.428426,sim,1.409689,-0.083859,-2.599774,1.216812,-2.223256,0.973382
4357.432329,sim,1.409694,-0.083913,-2.600780,1.216813,-2.220545,0.971867
4357.436335,sim,1.409674,-0.083872,-2.601785,1.216807,-2.217919,0.970348
4357.440342,sim,1.409678,-0.083934,-2.602748,1.216811,-2.215298,0.968853
4357.444396,sim,1.409656,-0.083891,-2.603716,1.216804,-2.212755,0.967348
4357.448324,sim,1.409660,-0.083951,-2.604644,1.216809,-2.210214,0.965867
4357.452361,sim,1.409647,-0.083906,-2.604654,1.216805,-2.210232,0.965861
4357.456316,sim,1.409650,-0.083956,-2.605588,1.216807,-2.207670,0.964356
4357.460480,sim,1.409628,-0.083916,-2.606560,1.216800,-2.205072,0.962793
4357.464351,sim,1.409625,-0.083957,-2.607533,1.216807,-2.202384,0.961213
4357.468240,sim,1.409609,-0.083939,-2.608533,1.216799,-2.199652,0.959574
4357.472433,sim,1.409601,-0.083969,-2.609536,1.216807,-2.196863,0.957931
4357.476478,sim,1.409602,-0.083979,-2.609533,1.216801,-2.196853,0.957920
4357.480643,sim,1.409586,-0.083947,-2.610568,1.216798,-2.194006,0.956221
4357.484360,sim,1.409585,-0.083993,-2.611609,1.216798,-2.191037,0.954478
4357.488328,sim,1.409562,-0.083947,-2.612688,1.216793,-2.188029,0.952692
4357.492373,sim,1.409564,-0.084004,-2.613758,1.216797,-2.184921,0.950885
4357.496405,sim,1.409542,-0.083957,-2.614857,1.216791,-2.181807,0.949044
4357.500305,sim,1.409545,-0.084012,-2.615937,1.216795,-2.178625,0.947204
4357.504420,sim,1.409523,-0.083970,-2.617034,1.216790,-2.175467,0.945350
4357.508366,sim,1.409536,-0.084015,-2.617025,1.216791,-2.175447,0.945350
4357.512329,sim,1.409514,-0.083963,-2.618113,1.216788,-2.172293,0.943503
4357.516307,sim,1.409519,-0.084018,-2.619161,1.216790,-2.169101,0.941669
4357.520358,sim,1.409499,-0.083977,-2.620210,1.216786,-2.165960,0.939838
4357.524303,sim,1.409504,-0.084020,-2.621222,1.216786,-2.162801,0.938027
4357.528310,sim,1.409486,-0.083983,-2.622231,1.216781,-2.159702,0.936230
4357.532218,sim,1.409497,-0.084024,-2.622222,1.216783,-2.159685,0.936233
4357.536341,sim,1.409477,-0.083980,-2.623217,1.216780,-2.156599,0.934449
4357.540491,sim,1.409482,-0.084025,-2.624182,1.216778,-2.153463,0.932660
4357.544297,sim,1.409462,-0.083979,-2.625156,1.216771,-2.150360,0.930869
4357.548237,sim,1.409466,-0.084034,-2.626099,1.216771,-2.147216,0.929087
4357.552323,sim,1.409445,-0.083994,-2.627050,1.216763,-2.144113,0.927303
4357.556348,sim,1.409447,-0.084038,-2.627973,1.216759,-2.140979,0.925527
4357.560463,sim,1.409427,-0.084003,-2.628900,1.216749,-2.137891,0.923757
4357.564299,sim,1.409437,-0.084040,-2.628892,1.216753,-2.137876,0.923761
4357.568284,sim,1.409416,-0.084003,-2.629821,1.216740,-2.134749,0.921971
4357.572391,sim,1.409415,-0.084050,-2.630744,1.216728,-2.131500,0.920137
4357.576379,sim,1.409391,-0.084014,-2.631695,1.216708,-2.128214,0.918264
4357.580465,sim,1.409388,-0.084063,-2.632637,1.216686,-2.124825,0.916354
4357.584437,sim,1.409363,-0.084028,-2.633602,1.216658,-2.121420,0.914419
4357.588382,sim,1.409359,-0.084085,-2.634551,1.216632,-2.117934,0.912461
4357.592402,sim,1.409331,-0.084041,-2.635523,1.216594,-2.114454,0.910483
4357.596269,sim,1.409326,-0.084090,-2.636474,1.216560,-2.110915,0.908496
4357.600378,sim,1.409316,-0.084055,-2.636481,1.216558,-2.110931,0.908497
4357.604385,sim,1.409309,-0.084103,-2.637423,1.216517,-2.107402,0.906512
4357.608305,sim,1.409282,-0.084056,-2.638366,1.216463,-2.103949,0.904542
4357.612260,sim,1.409279,-0.084118,-2.639272,1.216408,-2.100488,0.902585
4357.616319,sim,1.409252,-0.084084,-2.640180,1.216339,-2.097100,0.900640
4357.620445,sim,1.409249,-0.084140,-2.641056,1.216268,-2.093710,0.898707
4357.624409,sim,1.409224,-0.084096,-2.641937,1.216182,-2.090394,0.896786
4357.628318,sim,1.409222,-0.084143,-2.642786,1.216097,-2.087074,0.894877
4357.632358,sim,1.409212,-0.084104,-2.642793,1.216096,-2.087092,0.894880
4357.636353,sim,1.409208,-0.084163,-2.643637,1.216003,-2.083766,0.892961
4357.640539,sim,1.409189,-0.084122,-2.644505,1.215877,-2.080430,0.890989
4357.644361,sim,1.409184,-0.084154,-2.645362,1.215756,-2.077049,0.889008
4357.648309,sim,1.409167,-0.084129,-2.646232,1.215606,-2.073661,0.886985
4357.652403,sim,1.409164,-0.084174,-2.647088,1.215457,-2.070240,0.884954
4357.656418,sim,1.409156,-0.084135,-2.647095,1.215450,-2.070252,0.884949
4357.660357,sim,1.409155,-0.084187,-2.647953,1.215286,-2.066808,0.882891
4357.664350,sim,1.409134,-0.084134,-2.648835,1.215095,-2.063371,0.880798
4357.668395,sim,1.409137,-0.084188,-2.649700,1.214896,-2.059871,0.878678
4357.672327,sim,1.409116,-0.084141,-2.650586,1.214675,-2.056399,0.876538
4357.676289,sim,1.409117,-0.084191,-2.651452,1.214451,-2.052890,0.874390
4357.680476,sim,1.409100,-0.084149,-2.652332,1.214198,-2.049416,0.872222
4357.684374,sim,1.409100,-0.084198,-2.653189,1.213951,-2.045932,0.870066
4357.688318,sim,1.409092,-0.084154,-2.653197,1.213941,-2.045944,0.870057
4357.692233,sim,1.409090,-0.084185,-2.654060,1.213672,-2.042456,0.867881
4357.696327,sim,1.409073,-0.084140,-2.654944,1.213363,-2.038949,0.865650
4357.700396,sim,1.409072,-0.084199,-2.655815,1.213042,-2.035375,0.863384
4357.704327,sim,1.409050,-0.084163,-2.656708,1.212692,-2.031814,0.861090
4357.708261,sim,1.409046,-0.084204,-2.657589,1.212328,-2.028207,0.858771
4357.712271,sim,1.409024,-0.084154,-2.658486,1.211939,-2.024629,0.856436
4357.716344,sim,1.409020,-0.084203,-2.659363,1.211543,-2.021015,0.854088
4357.720409,sim,1.409008,-0.084141,-2.659373,1.211542,-2.021041,0.854096
4357.724297,sim,1.409008,-0.084207,-2.660247,1.211125,-2.017418,0.851725
4357.728301,sim,1.408979,-0.084158,-2.661140,1.210687,-2.013840,0.849356
4357.732295,sim,1.408972,-0.084203,-2.662014,1.210240,-2.010230,0.846975
4357.736338,sim,1.408946,-0.084157,-2.662901,1.209762,-2.006660,0.844583
4357.740432,sim,1.408936,-0.084200,-2.663766,1.209286,-2.003083,0.842202
4357.744374,sim,1.408926,-0.084153,-2.663774,1.209282,-2.003102,0.842204
4357.748342,sim,1.408917,-0.084203,-2.664635,1.208788,-1.999533,0.839814
4357.752382,sim,1.408886,-0.084147,-2.665512,1.208272,-1.996011,0.837425
4357.756339,sim,1.408876,-0.084196,-2.666370,1.207742,-1.992460,0.835013
4357.760385,sim,1.408846,-0.084166,-2.667235,1.207197,-1.988963,0.832611
4357.764351,sim,1.408833,-0.084201,-2.668083,1.206644,-1.985469,0.830210
4357.768354,sim,1.408803,-0.084158,-2.668935,1.206078,-1.982046,0.827830
4357.772392,sim,1.408789,-0.084196,-2.669763,1.205515,-1.978642,0.825465
4357.776470,sim,1.408760,-0.084160,-2.670590,1.204939,-1.975322,0.823125
4357.780674,sim,1.408770,-0.084214,-2.670582,1.204939,-1.975298,0.823114
4357.784311,sim,1.408737,-0.084145,-2.671395,1.204364,-1.972077,0.820825
4357.788322,sim,1.408730,-0.084195,-2.672167,1.203794,-1.968912,0.818572
4357.792308,sim,1.408705,-0.084185,-2.672927,1.203224,-1.965870,0.816378
4357.796420,sim,1.408691,-0.084183,-2.673667,1.202656,-1.962913,0.814230
4357.800480,sim,1.408673,-0.084175,-2.674390,1.202090,-1.960044,0.812127
4357.804352,sim,1.408664,-0.084211,-2.675089,1.201525,-1.957229,0.810055
4357.808459,sim,1.408644,-0.084152,-2.675790,1.200955,-1.954518,0.808032
4357.812414,sim,1.408653,-0.084200,-2.675782,1.200958,-1.954499,0.808025
4357.816353,sim,1.408632,-0.084162,-2.676476,1.200387,-1.951816,0.806017
4357.820384,sim,1.408630,-0.084212,-2.677159,1.199802,-1.949099,0.803989
4357.824299,sim,1.408613,-0.084168,-2.677860,1.199200,-1.946428,0.801977
4357.828360,sim,1.408613,-0.084199,-2.678550,1.198592,-1.943743,0.799962
4357.832295,sim,1.408597,-0.084146,-2.679252,1.197977,-1.941116,0.797976
4357.836294,sim,1.408607,-0.084194,-2.679245,1.197978,-1.941096,0.797966
4357.840414,sim,1.408591,-0.084164,-2.679943,1.197359,-1.938487,0.795997
4357.844404,sim,1.408594,-0.084212,-2.680629,1.196730,-1.935864,0.794029
4357.848378,sim,1.408581,-0.084162,-2.681328,1.196086,-1.933306,0.792098
4357.852285,sim,1.408586,-0.084192,-2.682012,1.195440,-1.930750,0.790184
4357.856343,sim,1.408577,-0.084163,-2.682700,1.194788,-1.928260,0.788312
4357.860368,sim,1.408582,-0.084203,-2.683370,1.194138,-1.925788,0.786470
4357.864295,sim,1.408573,-0.084160,-2.684044,1.193478,-1.923395,0.784679
4357.868368,sim,1.408580,-0.084200,-2.684038,1.193485,-1.923382,0.784679
4357.872308,sim,1.408573,-0.084161,-2.684700,1.192817,-1.921053,0.782946
4357.876396,sim,1.408580,-0.084211,-2.685337,1.192149,-1.918772,0.781285
4357.880619,sim,1.408570,-0.084143,-2.685980,1.191465,-1.916612,0.779716
4357.884251,sim,1.408582,-0.084203,-2.686591,1.190782,-1.914481,0.778201
4357.888582,sim,1.408574,-0.084174,-2.687202,1.190085,-1.912458,0.776766
4357.892335,sim,1.408582,-0.084201,-2.687791,1.189392,-1.910488,0.775397
4357.896280,sim,1.408576,-0.084151,-2.688377,1.188695,-1.908624,0.774110
4357.900284,sim,1.408585,-0.084205,-2.688369,1.188696,-1.908602,0.774098
4357.904328,sim,1.408578,-0.084152,-2.688942,1.187992,-1.906820,0.772886
4357.908374,sim,1.408590,-0.084199,-2.689487,1.187285,-1.905090,0.771742
4357.912294,sim,1.408584,-0.084154,-2.690032,1.186568,-1.903484,0.770695
4357.916349,sim,1.408596,-0.084203,-2.690551,1.185849,-1.901924,0.769708
4357.920377,sim,1.408590,-0.084146,-2.691071,1.185128,-1.900489,0.768819
4357.924423,sim,1.408601,-0.084210,-2.691062,1.185126,-1.900460,0.768800
4357.928411,sim,1.408593,-0.084144,-2.691573,1.184401,-1.899108,0.767988
4357.932300,sim,1.408608,-0.084204,-2.692058,1.183674,-1.897781,0.767224
4357.936373,sim,1.408603,-0.084147,-2.692551,1.182930,-1.896568,0.766545
4357.940437,sim,1.408619,-0.084201,-2.693021,1.182185,-1.895380,0.765910
4357.944336,sim,1.408613,-0.084133,-2.693499,1.181443,-1.894315,0.765374
4357.948291,sim,1.408631,-0.084212,-2.693947,1.180702,-1.893254,0.764865
4357.952340,sim,1.408624,-0.084151,-2.694406,1.179964,-1.892317,0.764451
4357.956399,sim,1.408642,-0.084199,-2.694841,1.179225,-1.891390,0.764058
4357.960436,sim,1.408631,-0.084133,-2.694851,1.179223,-1.891416,0.764073
4357.964271,sim,1.408648,-0.084202,-2.695267,1.178508,-1.890560,0.763741
4357.968297,sim,1.408642,-0.084144,-2.695680,1.177815,-1.889839,0.763493
4357.972386,sim,1.408658,-0.084201,-2.696057,1.177141,-1.889145,0.763259
4357.976388,sim,1.408652,-0.084130,-2.696434,1.176492,-1.888577,0.763107
4357.980553,sim,1.408668,-0.084197,-2.696773,1.175867,-1.888020,0.762962
4357.984326,sim,1.408660,-0.084147,-2.697112,1.175262,-1.887573,0.762883
4357.988375,sim,1.408675,-0.084205,-2.697420,1.174671,-1.887130,0.762798
4357.992369,sim,1.408664,-0.084135,-2.697430,1.174670,-1.887159,0.762815
4357.996307,sim,1.408678,-0.084195,-2.697722,1.174099,-1.886769,0.762760
4358.000399,sim,1.408670,-0.084143,-2.698015,1.173533,-1.886469,0.762743
4358.004351,sim,1.408684,-0.084195,-2.698278,1.172973,-1.886165,0.762706
4358.008364,sim,1.408676,-0.084131,-2.698544,1.172422,-1.885949,0.762711
4358.012259,sim,1.408690,-0.084204,-2.698776,1.171884,-1.885714,0.762692
4358.016343,sim,1.408678,-0.084148,-2.698784,1.171884,-1.885738,0.762708
4358.020478,sim,1.408692,-0.084198,-2.699006,1.171346,-1.885540,0.762694
4358.024353,sim,1.408684,-0.084133,-2.699230,1.170813,-1.885418,0.762715
4358.028380,sim,1.408697,-0.084193,-2.699422,1.170289,-1.885274,0.762713
4358.032286,sim,1.408689,-0.084139,-2.699618,1.169757,-1.885192,0.762729
4358.036369,sim,1.408702,-0.084189,-2.699785,1.169243,-1.885096,0.762731
4358.040421,sim,1.408696,-0.084175,-2.699948,1.168728,-1.885042,0.762746
4358.044338,sim,1.408705,-0.084186,-2.700095,1.168212,-1.884986,0.762747
4358.048374,sim,1.408698,-0.084117,-2.700105,1.168213,-1.885015,0.762766
4358.052736,sim,1.408711,-0.084185,-2.700229,1.167713,-1.884956,0.762762
4358.056377,sim,1.408702,-0.084136,-2.700354,1.167218,-1.884953,0.762787
4358.060359,sim,1.408714,-0.084197,-2.700447,1.166729,-1.884909,0.762778
4358.064323,sim,1.408705,-0.084133,-2.700544,1.166243,-1.884923,0.762798
4358.068404,sim,1.408717,-0.084181,-2.700612,1.165774,-1.884900,0.762796
4358.072405,sim,1.408709,-0.084142,-2.700680,1.165309,-1.884915,0.762812
4358.076292,sim,1.408719,-0.084192,-2.700724,1.164856,-1.884899,0.762804
4358.080549,sim,1.408709,-0.084135,-2.700732,1.164855,-1.884922,0.762818
4358.084429,sim,1.408721,-0.084189,-2.700767,1.164415,-1.884904,0.762806
4358.088417,sim,1.408711,-0.084125,-2.700811,1.163996,-1.884936,0.762825
4358.092299,sim,1.408723,-0.084194,-2.700828,1.163604,-1.884917,0.762814
4358.096346,sim,1.408712,-0.084137,-2.700857,1.163225,-1.884947,0.762829
4358.100387,sim,1.408723,-0.084196,-2.700865,1.162869,-1.884930,0.762814
4358.104344,sim,1.408712,-0.084127,-2.700875,1.162866,-1.884956,0.762829
4358.108264,sim,1.408724,-0.084188,-2.700877,1.162536,-1.884941,0.762819
4358.112282,sim,1.408713,-0.084136,-2.700893,1.162226,-1.884971,0.762833
4358.116308,sim,1.408723,-0.084196,-2.700890,1.161938,-1.884955,0.762817
4358.120406,sim,1.408712,-0.084126,-2.700904,1.161670,-1.884990,0.762832
4358.124282,sim,1.408724,-0.084192,-2.700895,1.161432,-1.884975,0.762819
4358.128288,sim,1.408712,-0.084133,-2.700903,1.161212,-1.885010,0.762836
4358.132363,sim,1.408723,-0.084194,-2.700893,1.161011,-1.884995,0.762817
4358.136361,sim,1.408712,-0.084125,-2.700900,1.160828,-1.885033,0.762832
4358.140499,sim,1.408723,-0.084177,-2.700893,1.160829,-1.885012,0.762819
4358.144283,sim,1.408712,-0.084130,-2.700897,1.160675,-1.885046,0.762835
4358.148351,sim,1.408722,-0.084195,-2.700884,1.160544,-1.885033,0.762819
4358.152373,sim,1.408711,-0.084138,-2.700890,1.160432,-1.885069,0.762833
4358.156325,sim,1.408722,-0.084190,-2.700881,1.160339,-1.885061,0.762818
4358.160392,sim,1.408711,-0.084138,-2.700886,1.160266,-1.885096,0.762831
4358.164363,sim,1.408721,-0.084190,-2.700877,1.160208,-1.885088,0.762816
4358.168349,sim,1.408711,-0.084125,-2.700885,1.160164,-1.885129,0.762832
4358.172253,sim,1.408722,-0.084198,-2.700874,1.160168,-1.885101,0.762817
4358.176323,sim,1.408710,-0.084158,-2.700879,1.160140,-1.885136,0.762834
4358.180519,sim,1.408720,-0.084184,-2.700874,1.160104,-1.885130,0.762814
4358.184352,sim,1.408711,-0.084115,-2.700884,1.160087,-1.885171,0.762834
4358.188377,sim,1.408722,-0.084189,-2.700872,1.160078,-1.885155,0.762819
4358.192539,sim,1.408710,-0.084134,-2.700879,1.160069,-1.885188,0.762832
4358.196420,sim,1.408720,-0.084180,-2.700873,1.160071,-1.885170,0.762822
4358.200450,sim,1.408711,-0.084145,-2.700877,1.160068,-1.885195,0.762832
4358.204319,sim,1.408721,-0.084189,-2.700871,1.160058,-1.885180,0.762812
4358.208564,sim,1.408711,-0.084122,-2.700880,1.160059,-1.885216,0.762831
4358.212424,sim,1.408721,-0.084180,-2.700872,1.160060,-1.885199,0.762816
4358.216307,sim,1.408710,-0.084128,-2.700879,1.160068,-1.885229,0.762837
4358.220426,sim,1.408720,-0.084183,-2.700871,1.160072,-1.885212,0.762821
4358.224457,sim,1.408711,-0.084131,-2.700878,1.160072,-1.885235,0.762831
4358.228502,sim,1.408720,-0.084192,-2.700870,1.160077,-1.885214,0.762820
4358.232386,sim,1.408710,-0.084136,-2.700877,1.160077,-1.885237,0.762830
4358.236430,sim,1.408721,-0.084192,-2.700870,1.160081,-1.885217,0.762814
4358.240490,sim,1.408710,-0.084122,-2.700880,1.160082,-1.885247,0.762830
4358.244463,sim,1.408721,-0.084181,-2.700871,1.160091,-1.885228,0.762820
4358.248362,sim,1.408711,-0.084142,-2.700876,1.160093,-1.885246,0.762831
4358.252421,sim,1.408720,-0.084184,-2.700871,1.160094,-1.885229,0.762817
4358.257232,sim,1.408711,-0.084128,-2.700879,1.160096,-1.885254,0.762833
4358.260558,sim,1.408721,-0.084177,-2.700872,1.160095,-1.885233,0.762818
4358.264427,sim,1.408711,-0.084129,-2.700879,1.160100,-1.885256,0.762835
4358.268447,sim,1.408721,-0.084183,-2.700871,1.160099,-1.885233,0.762817
4358.272440,sim,1.408710,-0.084116,-2.700881,1.160097,-1.885260,0.762832
4358.276477,sim,1.408722,-0.084186,-2.700870,1.160103,-1.885236,0.762819
4358.280699,sim,1.408710,-0.084133,-2.700878,1.160104,-1.885259,0.762833
4358.284403,sim,1.408721,-0.084185,-2.700871,1.160102,-1.885236,0.762817
4358.288426,sim,1.408710,-0.084117,-2.700881,1.160099,-1.885263,0.762831
4358.292471,sim,1.408722,-0.084187,-2.700870,1.160105,-1.885238,0.762819
4358.296492,sim,1.408710,-0.084132,-2.700878,1.160104,-1.885261,0.762832
4358.300432,sim,1.408721,-0.084189,-2.700870,1.160103,-1.885237,0.762815
4358.304445,sim,1.408710,-0.084123,-2.700880,1.160102,-1.885264,0.762832
4358.308491,sim,1.408722,-0.084196,-2.700869,1.160106,-1.885237,0.762817
4358.312522,sim,1.408709,-0.084146,-2.700876,1.160109,-1.885260,0.762834
4358.316410,sim,1.408721,-0.084186,-2.700870,1.160102,-1.885239,0.762814
4358.320553,sim,1.408711,-0.084121,-2.700880,1.160102,-1.885266,0.762832
4358.324506,sim,1.408721,-0.084179,-2.700872,1.160102,-1.885242,0.762816
4358.328478,sim,1.408711,-0.084135,-2.700877,1.160108,-1.885265,0.762836
4358.332511,sim,1.408720,-0.084185,-2.700870,1.160103,-1.885241,0.762817
4358.336469,sim,1.408710,-0.084117,-2.700881,1.160100,-1.885268,0.762832
4358.340586,sim,1.408722,-0.084170,-2.700873,1.160101,-1.885246,0.762818
4358.344542,sim,1.408711,-0.084122,-2.700880,1.160103,-1.885268,0.762834
4358.348455,sim,1.408720,-0.084187,-2.700870,1.160108,-1.885245,0.762822
4358.352547,sim,1.408711,-0.084133,-2.700878,1.160102,-1.885264,0.762831
4358.356616,sim,1.408720,-0.084187,-2.700870,1.160107,-1.885245,0.762821
4358.360757,sim,1.408711,-0.084139,-2.700877,1.160103,-1.885263,0.762829
4358.364490,sim,1.408721,-0.084193,-2.700870,1.160103,-1.885241,0.762814
4358.368528,sim,1.408710,-0.084118,-2.700881,1.160100,-1.885270,0.762832
4358.372573,sim,1.408722,-0.084185,-2.700871,1.160103,-1.885245,0.762817
4358.376611,sim,1.408710,-0.084133,-2.700878,1.160104,-1.885267,0.762833
4358.380584,sim,1.408721,-0.084185,-2.700871,1.160103,-1.885245,0.762816
4358.384541,sim,1.408711,-0.084126,-2.700879,1.160102,-1.885269,0.762831
4358.388596,sim,1.408721,-0.084179,-2.700872,1.160106,-1.885248,0.762819
4358.392538,sim,1.408711,-0.084132,-2.700878,1.160110,-1.885270,0.762836
4358.396557,sim,1.408721,-0.084187,-2.700870,1.160108,-1.885244,0.762815
4358.400535,sim,1.408710,-0.084116,-2.700881,1.160111,-1.885274,0.762835
4358.404527,sim,1.408722,-0.084184,-2.700871,1.160117,-1.885247,0.762820
4358.408500,sim,1.408710,-0.084132,-2.700878,1.160118,-1.885270,0.762834
4358.412513,sim,1.408721,-0.084196,-2.700869,1.160124,-1.885243,0.762816
4358.416531,sim,1.408709,-0.084137,-2.700877,1.160138,-1.885269,0.762837
4358.420687,sim,1.408721,-0.084179,-2.700871,1.160148,-1.885246,0.762819
4358.424494,sim,1.408711,-0.084124,-2.700879,1.160170,-1.885270,0.762837
4358.428505,sim,1.408721,-0.084180,-2.700871,1.160192,-1.885244,0.762818
4358.432587,sim,1.408710,-0.084110,-2.700880,1.160218,-1.885271,0.762836
4358.436510,sim,1.408722,-0.084162,-2.700873,1.160248,-1.885247,0.762821
4358.440699,sim,1.408711,-0.084122,-2.700878,1.160254,-1.885268,0.762839
4358.444530,sim,1.408720,-0.084160,-2.700872,1.160282,-1.885247,0.762823
4358.448510,sim,1.408711,-0.084101,-2.700880,1.160316,-1.885270,0.762840
4358.452622,sim,1.408721,-0.084141,-2.700874,1.160344,-1.885248,0.762824
4358.456610,sim,1.408712,-0.084074,-2.700884,1.160375,-1.885273,0.762840
4358.460607,sim,1.408723,-0.084145,-2.700874,1.160409,-1.885244,0.762826
4358.464612,sim,1.408711,-0.084090,-2.700881,1.160409,-1.885267,0.762841
4358.468731,sim,1.408722,-0.084134,-2.700875,1.160435,-1.885244,0.762825
4358.473401,sim,1.408712,-0.084060,-2.700886,1.160456,-1.885270,0.762840
4358.476577,sim,1.408724,-0.084115,-2.700879,1.160480,-1.885245,0.762827
4358.480761,sim,1.408713,-0.084063,-2.700886,1.160502,-1.885266,0.762844
4358.484658,sim,1.408724,-0.084115,-2.700879,1.160515,-1.885240,0.762825
4358.488587,sim,1.408714,-0.084044,-2.700890,1.160527,-1.885265,0.762842
4358.492508,sim,1.408726,-0.084100,-2.700882,1.160541,-1.885240,0.762830
4358.496654,sim,1.408715,-0.084046,-2.700890,1.160539,-1.885262,0.762843
4358.500704,sim,1.408727,-0.084100,-2.700882,1.160547,-1.885235,0.762825
4358.504569,sim,1.408717,-0.084047,-2.700890,1.160557,-1.885254,0.762843
4358.508513,sim,1.408729,-0.084095,-2.700882,1.160557,-1.885223,0.762825
4358.512550,sim,1.408720,-0.084039,-2.700889,1.160562,-1.885240,0.762843
4358.516590,sim,1.408732,-0.084093,-2.700880,1.160564,-1.885208,0.762827
4358.520696,sim,1.408723,-0.084021,-2.700889,1.160562,-1.885225,0.762844
4358.524532,sim,1.408736,-0.084088,-2.700877,1.160563,-1.885186,0.762828
4358.528744,sim,1.408726,-0.084033,-2.700883,1.160560,-1.885195,0.762842
4358.532674,sim,1.408737,-0.084085,-2.700876,1.160559,-1.885172,0.762826
4358.536619,sim,1.408729,-0.084021,-2.700883,1.160554,-1.885180,0.762842
4358.540751,sim,1.408741,-0.084083,-2.700871,1.160553,-1.885131,0.762829
4358.544585,sim,1.408732,-0.084032,-2.700874,1.160549,-1.885122,0.762843
4358.548562,sim,1.408745,-0.084091,-2.700862,1.160542,-1.885058,0.762825
4358.552638,sim,1.408736,-0.084025,-2.700867,1.160534,-1.885041,0.762841
4358.556641,sim,1.408747,-0.084092,-2.700858,1.160538,-1.885015,0.762827
4358.560730,sim,1.408738,-0.084036,-2.700861,1.160529,-1.884988,0.762841
4358.564675,sim,1.408751,-0.084089,-2.700849,1.160521,-1.884909,0.762826
4358.568635,sim,1.408742,-0.084041,-2.700851,1.160515,-1.884870,0.762843
4358.572594,sim,1.408756,-0.084087,-2.700839,1.160502,-1.884782,0.762825
4358.576635,sim,1.408748,-0.084035,-2.700841,1.160495,-1.884737,0.762842
4358.580856,sim,1.408760,-0.084090,-2.700828,1.160484,-1.884643,0.762825
4358.584585,sim,1.408752,-0.084020,-2.700833,1.160473,-1.884600,0.762842
4358.588606,sim,1.408763,-0.084094,-2.700823,1.160476,-1.884571,0.762825
4358.592620,sim,1.408753,-0.084040,-2.700825,1.160468,-1.884527,0.762841
4358.596649,sim,1.408766,-0.084091,-2.700812,1.160458,-1.884443,0.762824
4358.600805,sim,1.408757,-0.084021,-2.700816,1.160450,-1.884416,0.762842
4358.604661,sim,1.408770,-0.084095,-2.700798,1.160447,-1.884338,0.762825
4358.608680,sim,1.408759,-0.084039,-2.700799,1.160440,-1.884317,0.762840
4358.612660,sim,1.408771,-0.084093,-2.700784,1.160435,-1.884255,0.762823
4358.616628,sim,1.408760,-0.084015,-2.700787,1.160427,-1.884251,0.762839
4358.620756,sim,1.408772,-0.084085,-2.700777,1.160435,-1.884228,0.762829
4358.624622,sim,1.408762,-0.084037,-2.700775,1.160425,-1.884216,0.762836
4358.628651,sim,1.408772,-0.084082,-2.700760,1.160425,-1.884176,0.762826
4358.632645,sim,1.408763,-0.084022,-2.700760,1.160416,-1.884177,0.762835
4358.636623,sim,1.408772,-0.084058,-2.700747,1.160414,-1.884147,0.762828
4358.640710,sim,1.408765,-0.084014,-2.700745,1.160409,-1.884153,0.762835
4358.644649,sim,1.408773,-0.084064,-2.700738,1.160410,-1.884132,0.762824
4358.648610,sim,1.408765,-0.084005,-2.700739,1.160402,-1.884145,0.762834
4358.652623,sim,1.408774,-0.084049,-2.700725,1.160399,-1.884121,0.762824
4358.656637,sim,1.408765,-0.084005,-2.700724,1.160395,-1.884135,0.762839
4358.660783,sim,1.408774,-0.084047,-2.700711,1.160382,-1.884110,0.762822
4358.664719,sim,1.408766,-0.083987,-2.700714,1.160370,-1.884132,0.762835
4358.668619,sim,1.408776,-0.084049,-2.700699,1.160359,-1.884106,0.762821
4358.672649,sim,1.408765,-0.083989,-2.700703,1.160343,-1.884129,0.762834
4358.676703,sim,1.408776,-0.084046,-2.700695,1.160341,-1.884105,0.762817
4358.680797,sim,1.408765,-0.083972,-2.700699,1.160320,-1.884134,0.762835
4358.684642,sim,1.408777,-0.084040,-2.700681,1.160296,-1.884107,0.762820
4358.688604,sim,1.408766,-0.083993,-2.700676,1.160258,-1.884124,0.762829
4358.692671,sim,1.408775,-0.084026,-2.700657,1.160217,-1.884108,0.762820
4358.696803,sim,1.408768,-0.083983,-2.700646,1.160167,-1.884123,0.762827
4358.700651,sim,1.408778,-0.084040,-2.700619,1.160112,-1.884097,0.762810
4358.704725,sim,1.408768,-0.083966,-2.700608,1.160052,-1.884123,0.762827
4358.708665,sim,1.408780,-0.084036,-2.700574,1.159992,-1.884093,0.762812
4358.712768,sim,1.408768,-0.083974,-2.700583,1.159990,-1.884117,0.762826
4358.716643,sim,1.408781,-0.084031,-2.700547,1.159919,-1.884088,0.762809
4358.720870,sim,1.408772,-0.083978,-2.700522,1.159839,-1.884102,0.762822
4358.724778,sim,1.408785,-0.084031,-2.700478,1.159747,-1.884066,0.762802
4358.728751,sim,1.408778,-0.083967,-2.700447,1.159645,-1.884075,0.762813
4358.732987,sim,1.408793,-0.084038,-2.700393,1.159540,-1.884028,0.762792
4358.736751,sim,1.408782,-0.083981,-2.700401,1.159539,-1.884052,0.762807
4358.740857,sim,1.408798,-0.084032,-2.700345,1.159420,-1.884006,0.762785
4358.744688,sim,1.408794,-0.083983,-2.700299,1.159293,-1.884000,0.762791
4358.748618,sim,1.408814,-0.084029,-2.700236,1.159148,-1.883943,0.762760
4358.752637,sim,1.408814,-0.083976,-2.700183,1.159002,-1.883928,0.762759
4358.756703,sim,1.408836,-0.084029,-2.700112,1.158846,-1.883863,0.762724
4358.760936,sim,1.408839,-0.083973,-2.700055,1.158682,-1.883838,0.762711
4358.764704,sim,1.408865,-0.084038,-2.699979,1.158515,-1.883761,0.762663
4358.768723,sim,1.408853,-0.083970,-2.699989,1.158514,-1.883787,0.762679
4358.772799,sim,1.408883,-0.084028,-2.699914,1.158351,-1.883708,0.762620
4358.776707,sim,1.408893,-0.083979,-2.699853,1.158196,-1.883667,0.762564
4358.780787,sim,1.408928,-0.084031,-2.699780,1.158046,-1.883577,0.762451
4358.784765,sim,1.408948,-0.083976,-2.699722,1.157898,-1.883520,0.762337
4358.788747,sim,1.408990,-0.084029,-2.699650,1.157764,-1.883419,0.762178
4358.792768,sim,1.409016,-0.083974,-2.699593,1.157633,-1.883353,0.762021
4358.796660,sim,1.409064,-0.084026,-2.699523,1.157515,-1.883243,0.761819
4358.800799,sim,1.409053,-0.083961,-2.699533,1.157513,-1.883268,0.761834
4358.804735,sim,1.409106,-0.084020,-2.699462,1.157406,-1.883148,0.761586
4358.808759,sim,1.409139,-0.083975,-2.699404,1.157312,-1.883061,0.761296
4358.812735,sim,1.409196,-0.084026,-2.699332,1.157229,-1.882925,0.760912
4358.816745,sim,1.409238,-0.083966,-2.699276,1.157150,-1.882823,0.760491
4358.820792,sim,1.409302,-0.084028,-2.699201,1.157088,-1.882667,0.759985
4358.824749,sim,1.409290,-0.083962,-2.699211,1.157085,-1.882692,0.760000
4358.828755,sim,1.409355,-0.083998,-2.699137,1.157035,-1.882537,0.759432
4358.832734,sim,1.409407,-0.083983,-2.699067,1.156979,-1.882384,0.758777
4358.836811,sim,1.409467,-0.083988,-2.698991,1.156943,-1.882218,0.758050
4358.840962,sim,1.409524,-0.083993,-2.698912,1.156908,-1.882038,0.757244
4358.844712,sim,1.409583,-0.083994,-2.698829,1.156880,-1.881849,0.756369
4358.848724,sim,1.409641,-0.083991,-2.698744,1.156857,-1.881652,0.755432
4358.852746,sim,1.409697,-0.083984,-2.698656,1.156835,-1.881446,0.754435
4358.856736,sim,1.409700,-0.084031,-2.698648,1.156844,-1.881433,0.754433
4358.860824,sim,1.409749,-0.083983,-2.698560,1.156821,-1.881221,0.753360
4358.864754,sim,1.409810,-0.084026,-2.698446,1.156807,-1.880946,0.752165
4358.868808,sim,1.409852,-0.083992,-2.698334,1.156790,-1.880675,0.750890
4358.872796,sim,1.409908,-0.084031,-2.698202,1.156778,-1.880349,0.749515
4358.876723,sim,1.409944,-0.083973,-2.698076,1.156763,-1.880037,0.748086
4358.880944,sim,1.409998,-0.084034,-2.697926,1.156751,-1.879657,0.746561
4358.884770,sim,1.410028,-0.083969,-2.697787,1.156738,-1.879309,0.745014
4358.888797,sim,1.410077,-0.084029,-2.697624,1.156732,-1.878897,0.743396
4358.892714,sim,1.410068,-0.083985,-2.697631,1.156728,-1.878913,0.743403
4358.896836,sim,1.410113,-0.084033,-2.697465,1.156719,-1.878478,0.741745
4358.900874,sim,1.410138,-0.083973,-2.697310,1.156704,-1.878046,0.740073
4358.904743,sim,1.410179,-0.084029,-2.697134,1.156693,-1.877537,0.738340
4358.908721,sim,1.410197,-0.083965,-2.696972,1.156679,-1.877042,0.736604
4358.912827,sim,1.410234,-0.084044,-2.696785,1.156675,-1.876464,0.734812
4358.916898,sim,1.410222,-0.083984,-2.696793,1.156668,-1.876484,0.734821
4358.920885,sim,1.410257,-0.084019,-2.696607,1.156659,-1.875877,0.732979
4358.924847,sim,1.410270,-0.083983,-2.696423,1.156646,-1.875245,0.731072
4358.929141,sim,1.410298,-0.084025,-2.696221,1.156636,-1.874534,0.729081
4358.932840,sim,1.410307,-0.083976,-2.696026,1.156625,-1.873815,0.727053
4358.936836,sim,1.410332,-0.084032,-2.695810,1.156618,-1.873018,0.724953
4358.940898,sim,1.410337,-0.083968,-2.695608,1.156602,-1.872229,0.722836
4358.944959,sim,1.410360,-0.084025,-2.695385,1.156596,-1.871369,0.720668
4358.948838,sim,1.410349,-0.083959,-2.695395,1.156591,-1.871393,0.720680
4358.952869,sim,1.410370,-0.084030,-2.695163,1.156589,-1.870491,0.718460
4358.956770,sim,1.410368,-0.083976,-2.694939,1.156576,-1.869585,0.716184
4358.960886,sim,1.410385,-0.084021,-2.694692,1.156572,-1.868599,0.713822
4358.964800,sim,1.410382,-0.083983,-2.694448,1.156562,-1.867606,0.711415
4358.968833,sim,1.410394,-0.084033,-2.694184,1.156558,-1.866547,0.708943
4358.972782,sim,1.410388,-0.083969,-2.693930,1.156546,-1.865501,0.706451
4358.976924,sim,1.410400,-0.084024,-2.693654,1.156541,-1.864389,0.703901
4358.981106,sim,1.410389,-0.083961,-2.693663,1.156538,-1.864413,0.703915
4358.984751,sim,1.410402,-0.084023,-2.693377,1.156534,-1.863280,0.701325
4358.988774,sim,1.410391,-0.083980,-2.693093,1.156524,-1.862171,0.698710
4358.992851,sim,1.410401,-0.084034,-2.692786,1.156513,-1.861010,0.696029
4358.996879,sim,1.410392,-0.083968,-2.692487,1.156495,-1.859885,0.693345
4359.000893,sim,1.410402,-0.084028,-2.692161,1.156488,-1.858714,0.690622
4359.004735,sim,1.410392,-0.083978,-2.692168,1.156483,-1.858731,0.690630
4359.008816,sim,1.410401,-0.084025,-2.691834,1.156471,-1.857560,0.687880
4359.012783,sim,1.410391,-0.083983,-2.691501,1.156450,-1.856418,0.685114
4359.016796,sim,1.410399,-0.084026,-2.691144,1.156432,-1.855244,0.682305
4359.020861,sim,1.410390,-0.083973,-2.690791,1.156407,-1.854108,0.679496
4359.024941,sim,1.410400,-0.084038,-2.690411,1.156390,-1.852936,0.676659
4359.028831,sim,1.410388,-0.083984,-2.690041,1.156366,-1.851817,0.673846
4359.032861,sim,1.410397,-0.084031,-2.689650,1.156343,-1.850669,0.671014
4359.036828,sim,1.410389,-0.083979,-2.689268,1.156314,-1.849573,0.668217
4359.040895,sim,1.410397,-0.084031,-2.689260,1.156323,-1.849557,0.668213
4359.044892,sim,1.410387,-0.083980,-2.688873,1.156297,-1.848484,0.665447
4359.048892,sim,1.410396,-0.084038,-2.688465,1.156278,-1.847396,0.662689
4359.052879,sim,1.410386,-0.083971,-2.688070,1.156252,-1.846375,0.659986
4359.056860,sim,1.410397,-0.084036,-2.687653,1.156241,-1.845333,0.657288
4359.061042,sim,1.410385,-0.083978,-2.687249,1.156224,-1.844355,0.654644
4359.064924,sim,1.410396,-0.084035,-2.687241,1.156226,-1.844333,0.654629
4359.068857,sim,1.410386,-0.083968,-2.686829,1.156207,-1.843358,0.651961
4359.072868,sim,1.410397,-0.084042,-2.686381,1.156199,-1.842321,0.649203
4359.076888,sim,1.410385,-0.083977,-2.685939,1.156186,-1.841325,0.646426
4359.081097,sim,1.410397,-0.084038,-2.685468,1.156180,-1.840276,0.643582
4359.084853,sim,1.410385,-0.083982,-2.685005,1.156174,-1.839270,0.640738
4359.088860,sim,1.410396,-0.084028,-2.684521,1.156164,-1.838219,0.637842
4359.092864,sim,1.410386,-0.083967,-2.684048,1.156157,-1.837217,0.634971
4359.096862,sim,1.410397,-0.084032,-2.684038,1.156160,-1.837193,0.634957
4359.101044,sim,1.410386,-0.083980,-2.683555,1.156155,-1.836186,0.632062
4359.104813,sim,1.410396,-0.084030,-2.683045,1.156152,-1.835131,0.629102
4359.108841,sim,1.410386,-0.083963,-2.682540,1.156147,-1.834117,0.626143
4359.112845,sim,1.410397,-0.084028,-2.682007,1.156148,-1.833051,0.623128
4359.116902,sim,1.410385,-0.083971,-2.681484,1.156143,-1.832028,0.620125
4359.120915,sim,1.410397,-0.084040,-2.680936,1.156146,-1.830962,0.617086
4359.124866,sim,1.410385,-0.083971,-2.680403,1.156143,-1.829948,0.614075
4359.128918,sim,1.410397,-0.084027,-2.680395,1.156146,-1.829928,0.614062
4359.132846,sim,1.410385,-0.083971,-2.679844,1.156143,-1.828902,0.611005
4359.136880,sim,1.410396,-0.084034,-2.679251,1.156143,-1.827814,0.607840
4359.140987,sim,1.410385,-0.083969,-2.678654,1.156140,-1.826761,0.604637
4359.144857,sim,1.410397,-0.084027,-2.678019,1.156144,-1.825653,0.601348
4359.148993,sim,1.410385,-0.083978,-2.677381,1.156143,-1.824575,0.598035
4359.152912,sim,1.410396,-0.084031,-2.677373,1.156144,-1.824555,0.598021
4359.156987,sim,1.410385,-0.083969,-2.676716,1.156142,-1.823469,0.594645
4359.161074,sim,1.410396,-0.084031,-2.676015,1.156146,-1.822323,0.591164
4359.164859,sim,1.410385,-0.083979,-2.675310,1.156141,-1.821202,0.587644
4359.168854,sim,1.410396,-0.084016,-2.674575,1.156137,-1.820039,0.584053
4359.172918,sim,1.410386,-0.083980,-2.673836,1.156144,-1.818908,0.580464
4359.176973,sim,1.410395,-0.084022,-2.673076,1.156143,-1.817741,0.576832
4359.181055,sim,1.410386,-0.083990,-2.672319,1.156147,-1.816610,0.573226
4359.184995,sim,1.410395,-0.084016,-2.672316,1.156140,-1.816595,0.573212
4359.188904,sim,1.410387,-0.083976,-2.671555,1.156144,-1.815469,0.569608
4359.192925,sim,1.410396,-0.084024,-2.670774,1.156141,-1.814301,0.565966
4359.196882,sim,1.410386,-0.083982,-2.670001,1.156147,-1.813172,0.562355
4359.200948,sim,1.410395,-0.084030,-2.669213,1.156149,-1.812007,0.558724
4359.204955,sim,1.410387,-0.083980,-2.668438,1.156142,-1.810877,0.555120
4359.208949,sim,1.410396,-0.084029,-2.667650,1.156148,-1.809722,0.551524
4359.212918,sim,1.410387,-0.083983,-2.666879,1.156147,-1.808606,0.547971
4359.217037,sim,1.410395,-0.084007,-2.666876,1.156144,-1.808595,0.547962
4359.221120,sim,1.410389,-0.084003,-2.666103,1.156150,-1.807471,0.544421
4359.224939,sim,1.410394,-0.084029,-2.665329,1.156146,-1.806326,0.540871
4359.228927,sim,1.410387,-0.083987,-2.664570,1.156149,-1.805213,0.537358
4359.232893,sim,1.410395,-0.084006,-2.663809,1.156143,-1.804074,0.533843
4359.236992,sim,1.410389,-0.083979,-2.663062,1.156148,-1.802966,0.530376
4359.241088,sim,1.410395,-0.084010,-2.662317,1.156146,-1.801839,0.526925
4359.244953,sim,1.410388,-0.083977,-2.661592,1.156149,-1.800750,0.523536
4359.248933,sim,1.410395,-0.084014,-2.660869,1.156148,-1.799645,0.520176
4359.253837,sim,1.410388,-0.083984,-2.660874,1.156150,-1.799659,0.520186
4359.257000,sim,1.410395,-0.084017,-2.660159,1.156148,-1.798562,0.516853
4359.260991,sim,1.410387,-0.083981,-2.659456,1.156152,-1.797497,0.513542
4359.265029,sim,1.410394,-0.084012,-2.658745,1.156148,-1.796402,0.510205
4359.268984,sim,1.410388,-0.083997,-2.658039,1.156155,-1.795329,0.506880
4359.272975,sim,1.410394,-0.084022,-2.657326,1.156150,-1.794232,0.503523
4359.276922,sim,1.410387,-0.083992,-2.657330,1.156160,-1.794250,0.503541
4359.281178,sim,1.410394,-0.084015,-2.656603,1.156148,-1.793128,0.500104
4359.285058,sim,1.410387,-0.083992,-2.655856,1.156160,-1.792004,0.496581
4359.288934,sim,1.410394,-0.084023,-2.655079,1.156153,-1.790821,0.492923
4359.292916,sim,1.410386,-0.083988,-2.654294,1.156159,-1.789648,0.489212
4359.296981,sim,1.410394,-0.084010,-2.653488,1.156149,-1.788429,0.485407
4359.301023,sim,1.410387,-0.083987,-2.652677,1.156161,-1.787231,0.481592
4359.304955,sim,1.410394,-0.084010,-2.651855,1.156150,-1.785999,0.477716
4359.308900,sim,1.410387,-0.083989,-2.651858,1.156162,-1.786014,0.477733
4359.312939,sim,1.410393,-0.084013,-2.651031,1.156150,-1.784785,0.473834
4359.316954,sim,1.410387,-0.083991,-2.650204,1.156163,-1.783594,0.469944
4359.320993,sim,1.410393,-0.083997,-2.649371,1.156150,-1.782383,0.466004
4359.324956,sim,1.410389,-0.083987,-2.648538,1.156163,-1.781206,0.462084
4359.328921,sim,1.410393,-0.084007,-2.647702,1.156153,-1.780015,0.458134
4359.332910,sim,1.410388,-0.083997,-2.646872,1.156167,-1.778864,0.454223
4359.336954,sim,1.410392,-0.084005,-2.646044,1.156154,-1.777704,0.450300
4359.341053,sim,1.410389,-0.083998,-2.646045,1.156167,-1.777715,0.450314
4359.344967,sim,1.410393,-0.084009,-2.645215,1.156151,-1.776560,0.446364
4359.348951,sim,1.410388,-0.083994,-2.644378,1.156166,-1.775434,0.442388
4359.353015,sim,1.410394,-0.084008,-2.643531,1.156154,-1.774281,0.438326
4359.356986,sim,1.410388,-0.083998,-2.642680,1.156170,-1.773158,0.434255
4359.361123,sim,1.410392,-0.083996,-2.641826,1.156157,-1.772017,0.430122
4359.365069,sim,1.410390,-0.084000,-2.641825,1.156169,-1.772024,0.430132
4359.368980,sim,1.410392,-0.083997,-2.640964,1.156159,-1.770887,0.425953
4359.372953,sim,1.410390,-0.083993,-2.640093,1.156171,-1.769763,0.421727
4359.377024,sim,1.410393,-0.084000,-2.639217,1.156161,-1.768622,0.417430
4359.381212,sim,1.410389,-0.083999,-2.638338,1.156178,-1.767507,0.413129
4359.384944,sim,1.410392,-0.083997,-2.637463,1.156162,-1.766381,0.408784
4359.388995,sim,1.410389,-0.083989,-2.636593,1.156178,-1.765291,0.404474
4359.392927,sim,1.410392,-0.083997,-2.635731,1.156164,-1.764194,0.400154
4359.396988,sim,1.410389,-0.084001,-2.635729,1.156179,-1.764202,0.400167
4359.401097,sim,1.410392,-0.083995,-2.634880,1.156166,-1.763133,0.395874
4359.404984,sim,1.410389,-0.083998,-2.634040,1.156184,-1.762107,0.391626
4359.408982,sim,1.410392,-0.083997,-2.633215,1.156170,-1.761088,0.387376
4359.413040,sim,1.410389,-0.083998,-2.632401,1.156187,-1.760113,0.383184
4359.417030,sim,1.410392,-0.084002,-2.631602,1.156171,-1.759142,0.378996
4359.421057,sim,1.410388,-0.083991,-2.630817,1.156191,-1.758225,0.374889
4359.424982,sim,1.410391,-0.083989,-2.630048,1.156174,-1.757306,0.370795
4359.428977,sim,1.410389,-0.083992,-2.629292,1.156192,-1.756434,0.366786
4359.432965,sim,1.410392,-0.084002,-2.629291,1.156177,-1.756421,0.366770
4359.436918,sim,1.410387,-0.083991,-2.628553,1.156194,-1.755580,0.362830
4359.441024,sim,1.410392,-0.084001,-2.627832,1.156178,-1.754738,0.358925
4359.444989,sim,1.410387,-0.083994,-2.627128,1.156196,-1.753950,0.355121
4359.448982,sim,1.410392,-0.084000,-2.626440,1.156181,-1.753160,0.351342
4359.452932,sim,1.410387,-0.083995,-2.625764,1.156198,-1.752415,0.347651
4359.457099,sim,1.410391,-0.083995,-2.625765,1.156182,-1.752404,0.347636
4359.461200,sim,1.410388,-0.083997,-2.625090,1.156198,-1.751664,0.343924
4359.464980,sim,1.410391,-0.083996,-2.624407,1.156184,-1.750900,0.340106
4359.469022,sim,1.410388,-0.083997,-2.623715,1.156202,-1.750151,0.336244
4359.473118,sim,1.410391,-0.083995,-2.623018,1.156187,-1.749381,0.332293
4359.477045,sim,1.410388,-0.083987,-2.622316,1.156202,-1.748630,0.328317
4359.481283,sim,1.410392,-0.084000,-2.621610,1.156188,-1.747854,0.324266
4359.485010,sim,1.410388,-0.083994,-2.620902,1.156210,-1.747109,0.320218
4359.489011,sim,1.410391,-0.083998,-2.620903,1.156190,-1.747095,0.320199
4359.493068,sim,1.410388,-0.084000,-2.620192,1.156209,-1.746348,0.316093
4359.497061,sim,1.410391,-0.084000,-2.619481,1.156198,-1.745582,0.311889
4359.500979,sim,1.410388,-0.083992,-2.618767,1.156223,-1.744847,0.307670
4359.504950,sim,1.410391,-0.083993,-2.618057,1.156212,-1.744091,0.303380
4359.508980,sim,1.410389,-0.084001,-2.617347,1.156238,-1.743365,0.299101
4359.512931,sim,1.410390,-0.083988,-2.616647,1.156234,-1.742636,0.294797
4359.516992,sim,1.410389,-0.083994,-2.615951,1.156261,-1.741931,0.290529
4359.521136,sim,1.410392,-0.083996,-2.615952,1.156244,-1.741919,0.290513
4359.525082,sim,1.410388,-0.083993,-2.615266,1.156275,-1.741235,0.286267
4359.529060,sim,1.410392,-0.083994,-2.614591,1.156270,-1.740539,0.281997
4359.533020,sim,1.410389,-0.083992,-2.613922,1.156307,-1.739885,0.277782
4359.536990,sim,1.410392,-0.083993,-2.613265,1.156301,-1.739217,0.273547
4359.541145,sim,1.410389,-0.083991,-2.612616,1.156338,-1.738592,0.269381
4359.545042,sim,1.410391,-0.083987,-2.612618,1.156317,-1.738580,0.269363
4359.548914,sim,1.410390,-0.083997,-2.611973,1.156350,-1.737960,0.265197
4359.552991,sim,1.410390,-0.083983,-2.611338,1.156350,-1.737336,0.261002
4359.556943,sim,1.410389,-0.083990,-2.610704,1.156382,-1.736736,0.256840
4359.561182,sim,1.410392,-0.083993,-2.610081,1.156380,-1.736128,0.252673
4359.565044,sim,1.410388,-0.083991,-2.609465,1.156412,-1.735558,0.248577
4359.568989,sim,1.410391,-0.083988,-2.608863,1.156408,-1.734981,0.244501
4359.573045,sim,1.410389,-0.083994,-2.608271,1.156437,-1.734439,0.240519
4359.577009,sim,1.410391,-0.083983,-2.608274,1.156418,-1.734430,0.240505
4359.581126,sim,1.410389,-0.083992,-2.607693,1.156446,-1.733904,0.236577
4359.585063,sim,1.410392,-0.083994,-2.607124,1.156439,-1.733372,0.232650
4359.589074,sim,1.410388,-0.083991,-2.606562,1.156467,-1.732878,0.228790
4359.593098,sim,1.410391,-0.083990,-2.606012,1.156455,-1.732372,0.224927
4359.596980,sim,1.410389,-0.083990,-2.605468,1.156479,-1.731902,0.221132
4359.601070,sim,1.410391,-0.083983,-2.604937,1.156465,-1.731422,0.217343
4359.605034,sim,1.410390,-0.083994,-2.604408,1.156487,-1.730972,0.213620
4359.609015,sim,1.410391,-0.083990,-2.604410,1.156470,-1.730963,0.213606
4359.612926,sim,1.410388,-0.083988,-2.603886,1.156492,-1.730523,0.209869
4359.617039,sim,1.410391,-0.083989,-2.603363,1.156474,-1.730058,0.206028
4359.621157,sim,1.410389,-0.083994,-2.602834,1.156500,-1.729624,0.202172
4359.624994,sim,1.410391,-0.083991,-2.602309,1.156480,-1.729164,0.198229
4359.629000,sim,1.410389,-0.083992,-2.601782,1.156502,-1.728735,0.194287
4359.633187,sim,1.410391,-0.083986,-2.601260,1.156484,-1.728286,0.190289
4359.637153,sim,1.410389,-0.083993,-2.601258,1.156504,-1.728297,0.190305
4359.641198,sim,1.410391,-0.083987,-2.600742,1.156487,-1.727857,0.186314
4359.645078,sim,1.410389,-0.083991,-2.600234,1.156506,-1.727448,0.182385
4359.649012,sim,1.410391,-0.083984,-2.599739,1.156490,-1.727032,0.178464
4359.653088,sim,1.410389,-0.083990,-2.599251,1.156510,-1.726647,0.174611
4359.656993,sim,1.410391,-0.083992,-2.598776,1.156497,-1.726252,0.170770
4359.661128,sim,1.410388,-0.083994,-2.598310,1.156516,-1.725890,0.167002
4359.665350,sim,1.410391,-0.083989,-2.597858,1.156500,-1.725519,0.163252
4359.669126,sim,1.410389,-0.083991,-2.597857,1.156518,-1.725530,0.163268
4359.673100,sim,1.410391,-0.083992,-2.597413,1.156506,-1.725170,0.159535
4359.677010,sim,1.410388,-0.083989,-2.596974,1.156531,-1.724843,0.155814
4359.681196,sim,1.410391,-0.083982,-2.596547,1.156515,-1.724499,0.152048
4359.685113,sim,1.410389,-0.083991,-2.596122,1.156543,-1.724185,0.148314
4359.689133,sim,1.410391,-0.083985,-2.595710,1.156534,-1.723861,0.144557
4359.693023,sim,1.410389,-0.083988,-2.595302,1.156563,-1.723565,0.140844
4359.697156,sim,1.410391,-0.083985,-2.594906,1.156556,-1.723256,0.137123
4359.701121,sim,1.410389,-0.083996,-2.594903,1.156575,-1.723265,0.137137
4359.704970,sim,1.410390,-0.083987,-2.594516,1.156568,-1.722964,0.133418
4359.709047,sim,1.410389,-0.083991,-2.594130,1.156598,-1.722686,0.129708
4359.713032,sim,1.410391,-0.083988,-2.593756,1.156588,-1.722390,0.125953
4359.716960,sim,1.410388,-0.083991,-2.593384,1.156625,-1.722128,0.122234
4359.721109,sim,1.410391,-0.083986,-2.593023,1.156620,-1.721845,0.118484
4359.725060,sim,1.410389,-0.084000,-2.593020,1.156637,-1.721852,0.118496
4359.729037,sim,1.410390,-0.083985,-2.592666,1.156634,-1.721577,0.114727
4359.732996,sim,1.410389,-0.083989,-2.592309,1.156668,-1.721322,0.110941
4359.737043,sim,1.410391,-0.083983,-2.591959,1.156664,-1.721047,0.107086
4359.741115,sim,1.410389,-0.083992,-2.591608,1.156696,-1.720792,0.103229
4359.745009,sim,1.410390,-0.083986,-2.591267,1.156689,-1.720520,0.099320
4359.748993,sim,1.410389,-0.083995,-2.590923,1.156724,-1.720272,0.095431
4359.752993,sim,1.410390,-0.083983,-2.590590,1.156721,-1.720008,0.091506
4359.756998,sim,1.410389,-0.083996,-2.590587,1.156740,-1.720017,0.091521
4359.761135,sim,1.410390,-0.083983,-2.590258,1.156735,-1.719754,0.087581
4359.765156,sim,1.410389,-0.083989,-2.589928,1.156770,-1.719514,0.083654
4359.769064,sim,1.410391,-0.083985,-2.589607,1.156770,-1.719257,0.079691
4359.773034,sim,1.410389,-0.083997,-2.589285,1.156809,-1.719022,0.075762
4359.777093,sim,1.410390,-0.083983,-2.588975,1.156807,-1.718772,0.071819
4359.781326,sim,1.410389,-0.083996,-2.588665,1.156848,-1.718546,0.067935
4359.785100,sim,1.410390,-0.083983,-2.588368,1.156848,-1.718306,0.064059
4359.789107,sim,1.410389,-0.083989,-2.588366,1.156867,-1.718317,0.064074
4359.793034,sim,1.410391,-0.083984,-2.588074,1.156871,-1.718083,0.060232
4359.797063,sim,1.410389,-0.083993,-2.587782,1.156913,-1.717879,0.056441
4359.801139,sim,1.410390,-0.083984,-2.587502,1.156919,-1.717665,0.052649
4359.805043,sim,1.410389,-0.083995,-2.587222,1.156966,-1.717479,0.048919
4359.809082,sim,1.410390,-0.083983,-2.586953,1.156974,-1.717284,0.045195
4359.813107,sim,1.410389,-0.083992,-2.586685,1.157022,-1.717117,0.041544
4359.817187,sim,1.410390,-0.083984,-2.586687,1.157002,-1.717107,0.041529
4359.821156,sim,1.410389,-0.083991,-2.586426,1.157051,-1.716952,0.037936
4359.825270,sim,1.410390,-0.083985,-2.586176,1.157063,-1.716789,0.034383
4359.829148,sim,1.410389,-0.083989,-2.585928,1.157112,-1.716659,0.030927
4359.833011,sim,1.410391,-0.083986,-2.585692,1.157123,-1.716520,0.027504
4359.837025,sim,1.410389,-0.084001,-2.585455,1.157176,-1.716414,0.024175
4359.841160,sim,1.410389,-0.083982,-2.585232,1.157192,-1.716304,0.020878
4359.845082,sim,1.410389,-0.083994,-2.585006,1.157244,-1.716221,0.017663
4359.849045,sim,1.410390,-0.083983,-2.585010,1.157221,-1.716209,0.017646
4359.853039,sim,1.410389,-0.083992,-2.584787,1.157276,-1.716140,0.014434
4359.857384,sim,1.410390,-0.083986,-2.584568,1.157283,-1.716057,0.011138
4359.861202,sim,1.410388,-0.083995,-2.584343,1.157337,-1.716012,0.007841
4359.865096,sim,1.410389,-0.083979,-2.584123,1.157342,-1.715954,0.004475
4359.868986,sim,1.410389,-0.083992,-2.583896,1.157392,-1.715926,0.001119
4359.873040,sim,1.410389,-0.083983,-2.583676,1.157396,-1.715883,-0.002288
4359.877126,sim,1.410389,-0.083998,-2.583450,1.157444,-1.715871,-0.005669
4359.881348,sim,1.410389,-0.083982,-2.583454,1.157419,-1.715859,-0.005687
4359.885011,sim,1.410388,-0.083995,-2.583228,1.157468,-1.715855,-0.009082
4359.889078,sim,1.410389,-0.083982,-2.583010,1.157466,-1.715830,-0.012537
4359.893067,sim,1.410388,-0.083991,-2.582788,1.157504,-1.715830,-0.015973
4359.897093,sim,1.410390,-0.083984,-2.582572,1.157501,-1.715813,-0.019443
4359.901064,sim,1.410388,-0.083999,-2.582353,1.157535,-1.715818,-0.022878
4359.905049,sim,1.410389,-0.083982,-2.582357,1.157513,-1.715808,-0.022894
4359.909048,sim,1.410388,-0.083997,-2.582140,1.157546,-1.715815,-0.026327
4359.913086,sim,1.410389,-0.083981,-2.581933,1.157534,-1.715804,-0.029796
4359.917034,sim,1.410388,-0.083991,-2.581721,1.157562,-1.715814,-0.033231
4359.921130,sim,1.410389,-0.083983,-2.581518,1.157551,-1.715805,-0.036683
4359.925046,sim,1.410388,-0.083999,-2.581311,1.157576,-1.715815,-0.040085
4359.929117,sim,1.410388,-0.083981,-2.581117,1.157556,-1.715806,-0.043489
4359.932979,sim,1.410388,-0.083995,-2.580918,1.157582,-1.715819,-0.046821
4359.937194,sim,1.410388,-0.083978,-2.580922,1.157559,-1.715809,-0.046837
4359.941193,sim,1.410388,-0.083992,-2.580727,1.157584,-1.715822,-0.050133
4359.945073,sim,1.410389,-0.083984,-2.580541,1.157564,-1.715812,-0.053435
4359.949066,sim,1.410387,-0.083995,-2.580353,1.157589,-1.715827,-0.056671
4359.953082,sim,1.410388,-0.083983,-2.580175,1.157566,-1.715816,-0.059905
4359.957036,sim,1.410388,-0.083999,-2.579993,1.157587,-1.715827,-0.063068
4359.961201,sim,1.410388,-0.083981,-2.579822,1.157568,-1.715821,-0.066213
4359.965053,sim,1.410386,-0.083991,-2.579647,1.157591,-1.715834,-0.069280
4359.969230,sim,1.410388,-0.083982,-2.579650,1.157571,-1.715824,-0.069295
4359.973161,sim,1.410387,-0.083995,-2.579478,1.157589,-1.715833,-0.072332
4359.977102,sim,1.410387,-0.083981,-2.579315,1.157567,-1.715823,-0.075376
4359.981344,sim,1.410387,-0.084000,-2.579146,1.157589,-1.715833,-0.078367
4359.985130,sim,1.410387,-0.083982,-2.578987,1.157569,-1.715827,-0.081356
4359.989170,sim,1.410386,-0.083996,-2.578823,1.157593,-1.715838,-0.084283
4359.993132,sim,1.410387,-0.083979,-2.578670,1.157568,-1.715828,-0.087209
4359.997130,sim,1.410386,-0.083997,-2.578666,1.157592,-1.715838,-0.087192
4360.001169,sim,1.410386,-0.083980,-2.578516,1.157568,-1.715828,-0.090070
4360.005130,sim,1.410386,-0.083988,-2.578362,1.157588,-1.715840,-0.092865
4360.009113,sim,1.410387,-0.083985,-2.578215,1.157571,-1.715830,-0.095643
4360.013075,sim,1.410385,-0.084001,-2.578065,1.157592,-1.715840,-0.098352
4360.017149,sim,1.410385,-0.083979,-2.577927,1.157567,-1.715831,-0.101055
4360.021211,sim,1.410385,-0.083993,-2.577782,1.157590,-1.715844,-0.103693
4360.025112,sim,1.410386,-0.083991,-2.577644,1.157573,-1.715834,-0.106336
4360.029087,sim,1.410383,-0.083998,-2.577641,1.157596,-1.715847,-0.106317
4360.033251,sim,1.410384,-0.083978,-2.577507,1.157570,-1.715838,-0.108959
4360.037192,sim,1.410383,-0.083997,-2.577363,1.157594,-1.715852,-0.111581
4360.041310,sim,1.410382,-0.083979,-2.577227,1.157571,-1.715848,-0.114238
4360.045107,sim,1.410380,-0.083997,-2.577083,1.157594,-1.715865,-0.116859
4360.049188,sim,1.410379,-0.083978,-2.576950,1.157568,-1.715862,-0.119498
4360.053191,sim,1.410379,-0.083992,-2.576946,1.157592,-1.715874,-0.119481
4360.057224,sim,1.410378,-0.083983,-2.576811,1.157574,-1.715875,-0.122093
4360.061158,sim,1.410376,-0.083993,-2.576672,1.157592,-1.715895,-0.124650
4360.065132,sim,1.410376,-0.083991,-2.576540,1.157579,-1.715903,-0.127196
4360.069194,sim,1.410372,-0.083998,-2.576406,1.157596,-1.715928,-0.129677
4360.073117,sim,1.410371,-0.083977,-2.576283,1.157570,-1.715936,-0.132142
4360.077111,sim,1.410369,-0.083996,-2.576153,1.157595,-1.715967,-0.134520
4360.081282,sim,1.410367,-0.083979,-2.576035,1.157574,-1.715981,-0.136871
4360.085165,sim,1.410367,-0.083986,-2.576033,1.157589,-1.715988,-0.136860
4360.089207,sim,1.410366,-0.083982,-2.575917,1.157576,-1.716005,-0.139136
4360.093187,sim,1.410364,-0.084002,-2.575800,1.157599,-1.716040,-0.141308
4360.097174,sim,1.410362,-0.083981,-2.575699,1.157574,-1.716058,-0.143433
4360.101273,sim,1.410361,-0.083999,-2.575594,1.157597,-1.716097,-0.145450
4360.105465,sim,1.410359,-0.083980,-2.575503,1.157574,-1.716117,-0.147424
4360.109152,sim,1.410358,-0.083989,-2.575411,1.157593,-1.716159,-0.149295
4360.113155,sim,1.410358,-0.083989,-2.575326,1.157576,-1.716180,-0.151123
4360.117161,sim,1.410357,-0.083999,-2.575323,1.157593,-1.716188,-0.151112
4360.121289,sim,1.410356,-0.083978,-2.575248,1.157571,-1.716211,-0.152875
4360.125131,sim,1.410355,-0.083998,-2.575169,1.157597,-1.716252,-0.154548
4360.129110,sim,1.410354,-0.083977,-2.575107,1.157569,-1.716269,-0.156201
4360.133132,sim,1.410354,-0.083992,-2.575040,1.157592,-1.716307,-0.157763
4360.137220,sim,1.410353,-0.083983,-2.574986,1.157573,-1.716324,-0.159301
4360.141186,sim,1.410352,-0.083995,-2.574930,1.157591,-1.716356,-0.160761
4360.145182,sim,1.410352,-0.083983,-2.574886,1.157569,-1.716369,-0.162199
4360.149188,sim,1.410351,-0.084001,-2.574838,1.157590,-1.716399,-0.163560
4360.153207,sim,1.410352,-0.083980,-2.574843,1.157568,-1.716390,-0.163574
4360.157138,sim,1.410351,-0.083993,-2.574801,1.157585,-1.716417,-0.164871
4360.161963,sim,1.410351,-0.083982,-2.574771,1.157564,-1.716425,-0.166113
4360.165216,sim,1.410351,-0.083996,-2.574739,1.157585,-1.716448,-0.167252
4360.169227,sim,1.410351,-0.083983,-2.574718,1.157560,-1.716448,-0.168348
4360.173180,sim,1.410351,-0.084001,-2.574694,1.157582,-1.716468,-0.169346
4360.177233,sim,1.410351,-0.083981,-2.574699,1.157559,-1.716459,-0.169362
4360.181486,sim,1.410350,-0.084001,-2.574677,1.157583,-1.716478,-0.170303
4360.185126,sim,1.410350,-0.083982,-2.574669,1.157557,-1.716474,-0.171235
4360.189149,sim,1.410350,-0.083996,-2.574654,1.157579,-1.716490,-0.172091
4360.193138,sim,1.410350,-0.083982,-2.574650,1.157553,-1.716482,-0.172939
4360.197167,sim,1.410350,-0.084002,-2.574639,1.157576,-1.716496,-0.173716
4360.201228,sim,1.410349,-0.083982,-2.574639,1.157552,-1.716489,-0.174485
4360.205152,sim,1.410349,-0.084000,-2.574633,1.157571,-1.716498,-0.175191
4360.209149,sim,1.410350,-0.083983,-2.574637,1.157549,-1.716489,-0.175206
4360.213132,sim,1.410348,-0.083991,-2.574633,1.157567,-1.716500,-0.175876
4360.217131,sim,1.410349,-0.083987,-2.574633,1.157552,-1.716492,-0.176536
4360.221204,sim,1.410347,-0.084000,-2.574629,1.157569,-1.716500,-0.177140
4360.225214,sim,1.410348,-0.083985,-2.574633,1.157547,-1.716491,-0.177737
4360.229199,sim,1.410346,-0.083994,-2.574630,1.157566,-1.716501,-0.178277
4360.233144,sim,1.410347,-0.083987,-2.574633,1.157546,-1.716491,-0.178815
4360.237098,sim,1.410345,-0.083999,-2.574631,1.157566,-1.716499,-0.179298
4360.241291,sim,1.410345,-0.083983,-2.574635,1.157542,-1.716489,-0.179313
4360.245284,sim,1.410345,-0.084003,-2.574631,1.157567,-1.716499,-0.179763
4360.249204,sim,1.410344,-0.083982,-2.574637,1.157541,-1.716487,-0.180210
4360.253192,sim,1.410344,-0.083994,-2.574634,1.157560,-1.716496,-0.180594
4360.257196,sim,1.410344,-0.083984,-2.574638,1.157544,-1.716489,-0.180969
4360.261235,sim,1.410343,-0.084004,-2.574633,1.157567,-1.716497,-0.181290
4360.265167,sim,1.410343,-0.083983,-2.574638,1.157543,-1.716487,-0.181306
4360.269215,sim,1.410343,-0.083995,-2.574636,1.157563,-1.716497,-0.181595
4360.273174,sim,1.410343,-0.083984,-2.574639,1.157544,-1.716488,-0.181882
4360.277181,sim,1.410342,-0.083999,-2.574636,1.157565,-1.716496,-0.182113
4360.281435,sim,1.410342,-0.083983,-2.574641,1.157539,-1.716484,-0.182346
4360.285214,sim,1.410342,-0.083997,-2.574637,1.157563,-1.716495,-0.182520
4360.289149,sim,1.410343,-0.083983,-2.574642,1.157537,-1.716482,-0.182702
4360.293204,sim,1.410342,-0.084004,-2.574637,1.157563,-1.716492,-0.182828
4360.297177,sim,1.410342,-0.083984,-2.574641,1.157541,-1.716484,-0.182841
4360.301168,sim,1.410342,-0.084003,-2.574637,1.157562,-1.716492,-0.182947
4360.305156,sim,1.410342,-0.083981,-2.574643,1.157536,-1.716481,-0.183062
4360.309108,sim,1.410342,-0.084001,-2.574639,1.157559,-1.716490,-0.183126
4360.313143,sim,1.410342,-0.083981,-2.574644,1.157533,-1.716477,-0.183205
4360.317119,sim,1.410342,-0.084000,-2.574640,1.157556,-1.716486,-0.183237
4360.321217,sim,1.410342,-0.083981,-2.574645,1.157530,-1.716474,-0.183288
4360.325171,sim,1.410342,-0.083995,-2.574641,1.157552,-1.716483,-0.183295
4360.329169,sim,1.410343,-0.083984,-2.574644,1.157530,-1.716472,-0.183310
4360.333125,sim,1.410342,-0.084005,-2.574639,1.157558,-1.716483,-0.183307
4360.337191,sim,1.410342,-0.083983,-2.574644,1.157529,-1.716468,-0.183336
4360.341265,sim,1.410343,-0.083996,-2.574641,1.157550,-1.716477,-0.183328
4360.345143,sim,1.410343,-0.083985,-2.574644,1.157529,-1.716466,-0.183345
4360.349133,sim,1.410343,-0.084003,-2.574640,1.157549,-1.716472,-0.183332
4360.353192,sim,1.410342,-0.083982,-2.574645,1.157529,-1.716465,-0.183345
4360.357263,sim,1.410343,-0.084005,-2.574639,1.157554,-1.716473,-0.183327
4360.361283,sim,1.410343,-0.083984,-2.574645,1.157527,-1.716460,-0.183342
4360.365180,sim,1.410343,-0.084004,-2.574640,1.157552,-1.716470,-0.183323
4360.369152,sim,1.410343,-0.083984,-2.574645,1.157529,-1.716459,-0.183334
4360.373289,sim,1.410343,-0.084003,-2.574640,1.157551,-1.716467,-0.183315
4360.377097,sim,1.410343,-0.083983,-2.574645,1.157525,-1.716455,-0.183327
4360.381201,sim,1.410343,-0.083999,-2.574641,1.157552,-1.716467,-0.183304
4360.385279,sim,1.410343,-0.083985,-2.574645,1.157529,-1.716455,-0.183315
4360.389148,sim,1.410343,-0.084000,-2.574641,1.157550,-1.716465,-0.183301
4360.393117,sim,1.410343,-0.083984,-2.574646,1.157528,-1.716455,-0.183312
4360.397165,sim,1.410343,-0.083992,-2.574643,1.157547,-1.716464,-0.183294
4360.401236,sim,1.410344,-0.083985,-2.574646,1.157529,-1.716454,-0.183303
4360.405159,sim,1.410343,-0.084007,-2.574641,1.157554,-1.716463,-0.183286
4360.409119,sim,1.410343,-0.083985,-2.574646,1.157530,-1.716454,-0.183299
4360.413116,sim,1.410343,-0.083993,-2.574643,1.157551,-1.716465,-0.183282
4360.417297,sim,1.410344,-0.083985,-2.574646,1.157531,-1.716454,-0.183294
4360.421341,sim,1.410343,-0.084004,-2.574641,1.157554,-1.716463,-0.183280
4360.425193,sim,1.410343,-0.083984,-2.574646,1.157532,-1.716455,-0.183293
4360.429168,sim,1.410343,-0.083997,-2.574643,1.157553,-1.716465,-0.183277
4360.433190,sim,1.410344,-0.083984,-2.574646,1.157533,-1.716455,-0.183290
4360.437201,sim,1.410343,-0.083997,-2.574643,1.157554,-1.716465,-0.183275
4360.441319,sim,1.410344,-0.083984,-2.574646,1.157534,-1.716456,-0.183288
4360.445205,sim,1.410343,-0.084002,-2.574642,1.157554,-1.716463,-0.183276
4360.449161,sim,1.410343,-0.083981,-2.574647,1.157532,-1.716455,-0.183289
4360.453227,sim,1.410343,-0.084002,-2.574641,1.157561,-1.716468,-0.183270
4360.457179,sim,1.410342,-0.083978,-2.574647,1.157531,-1.716455,-0.183289
4360.461265,sim,1.410343,-0.083994,-2.574644,1.157555,-1.716466,-0.183272
4360.465184,sim,1.410344,-0.083984,-2.574646,1.157537,-1.716457,-0.183284
4360.469214,sim,1.410343,-0.084002,-2.574642,1.157556,-1.716465,-0.183272
4360.473205,sim,1.410343,-0.083981,-2.574647,1.157533,-1.716456,-0.183286
4360.477096,sim,1.410343,-0.083995,-2.574643,1.157555,-1.716466,-0.183271
4360.481324,sim,1.410344,-0.083983,-2.574647,1.157534,-1.716456,-0.183285
4360.485213,sim,1.410343,-0.083998,-2.574643,1.157557,-1.716467,-0.183269
4360.489256,sim,1.410343,-0.083984,-2.574646,1.157533,-1.716456,-0.183284
4360.493195,sim,1.410343,-0.084004,-2.574642,1.157557,-1.716466,-0.183269
4360.497198,sim,1.410343,-0.083982,-2.574647,1.157531,-1.716455,-0.183286
4360.501270,sim,1.410343,-0.084002,-2.574642,1.157558,-1.716467,-0.183267
4360.505149,sim,1.410343,-0.083982,-2.574646,1.157530,-1.716455,-0.183285
4360.509203,sim,1.410343,-0.084002,-2.574642,1.157558,-1.716467,-0.183266
4360.513148,sim,1.410343,-0.083984,-2.574646,1.157534,-1.716457,-0.183281
4360.517161,sim,1.410343,-0.083999,-2.574642,1.157555,-1.716467,-0.183266
4360.521226,sim,1.410343,-0.083983,-2.574646,1.157531,-1.716455,-0.183282
4360.525144,sim,1.410343,-0.084002,-2.574641,1.157555,-1.716465,-0.183266
4360.529233,sim,1.410343,-0.083982,-2.574646,1.157529,-1.716454,-0.183282
4360.533132,sim,1.410343,-0.083997,-2.574642,1.157554,-1.716467,-0.183264
4360.537196,sim,1.410343,-0.083982,-2.574646,1.157529,-1.716455,-0.183281
4360.541304,sim,1.410342,-0.084001,-2.574642,1.157554,-1.716466,-0.183263
4360.545190,sim,1.410343,-0.083984,-2.574645,1.157533,-1.716457,-0.183277
4360.549155,sim,1.410343,-0.084003,-2.574641,1.157555,-1.716465,-0.183262
4360.553206,sim,1.410343,-0.083980,-2.574647,1.157528,-1.716454,-0.183278
4360.557207,sim,1.410343,-0.083996,-2.574643,1.157552,-1.716466,-0.183262
4360.561261,sim,1.410343,-0.083985,-2.574645,1.157533,-1.716457,-0.183274
4360.565260,sim,1.410343,-0.084004,-2.574641,1.157554,-1.716465,-0.183259
4360.569271,sim,1.410343,-0.083981,-2.574646,1.157530,-1.716455,-0.183275
4360.573252,sim,1.410343,-0.083996,-2.574642,1.157552,-1.716465,-0.183259
4360.577328,sim,1.410343,-0.083984,-2.574646,1.157530,-1.716455,-0.183273
4360.581536,sim,1.410343,-0.084004,-2.574641,1.157556,-1.716466,-0.183256
4360.585228,sim,1.410343,-0.083982,-2.574646,1.157530,-1.716455,-0.183272
4360.589226,sim,1.410343,-0.084003,-2.574641,1.157557,-1.716467,-0.183253
4360.593163,sim,1.410343,-0.083984,-2.574645,1.157532,-1.716456,-0.183269
4360.597321,sim,1.410343,-0.084003,-2.574640,1.157555,-1.716465,-0.183253
4360.601390,sim,1.410342,-0.083980,-2.574646,1.157530,-1.716455,-0.183270
4360.605234,sim,1.410343,-0.084003,-2.574640,1.157556,-1.716466,-0.183252
4360.609207,sim,1.410343,-0.083981,-2.574646,1.157528,-1.716454,-0.183270
4360.613226,sim,1.410342,-0.083992,-2.574642,1.157553,-1.716467,-0.183251
4360.617229,sim,1.410343,-0.083982,-2.574646,1.157528,-1.716454,-0.183267
4360.621266,sim,1.410343,-0.084003,-2.574641,1.157554,-1.716465,-0.183251
4360.625293,sim,1.410343,-0.083984,-2.574644,1.157534,-1.716457,-0.183264
4360.629233,sim,1.410343,-0.083998,-2.574641,1.157553,-1.716466,-0.183249
4360.633196,sim,1.410343,-0.083982,-2.574646,1.157530,-1.716455,-0.183265
4360.637241,sim,1.410343,-0.084000,-2.574641,1.157556,-1.716467,-0.183247
4360.641395,sim,1.410343,-0.083983,-2.574645,1.157529,-1.716454,-0.183264
4360.645218,sim,1.410343,-0.083999,-2.574641,1.157555,-1.716467,-0.183246
4360.649142,sim,1.410343,-0.083983,-2.574646,1.157530,-1.716455,-0.183262
4360.653176,sim,1.410343,-0.083999,-2.574642,1.157553,-1.716465,-0.183247
4360.657266,sim,1.410343,-0.083985,-2.574645,1.157532,-1.716456,-0.183260
4360.661401,sim,1.410343,-0.084002,-2.574641,1.157556,-1.716466,-0.183245
4360.665239,sim,1.410342,-0.083980,-2.574647,1.157526,-1.716454,-0.183262
4360.669244,sim,1.410344,-0.084005,-2.574640,1.157556,-1.716466,-0.183243
4360.673216,sim,1.410343,-0.083984,-2.574645,1.157531,-1.716455,-0.183259
4360.677211,sim,1.410343,-0.083998,-2.574642,1.157551,-1.716464,-0.183245
4360.681517,sim,1.410343,-0.083985,-2.574645,1.157535,-1.716458,-0.183255
4360.685177,sim,1.410342,-0.084004,-2.574641,1.157553,-1.716464,-0.183243
4360.689287,sim,1.410343,-0.083982,-2.574646,1.157531,-1.716456,-0.183257
4360.693289,sim,1.410343,-0.084001,-2.574641,1.157552,-1.716464,-0.183243
4360.697261,sim,1.410342,-0.083980,-2.574646,1.157529,-1.716455,-0.183257
4360.701269,sim,1.410343,-0.084001,-2.574641,1.157555,-1.716466,-0.183240
4360.705200,sim,1.410343,-0.083985,-2.574645,1.157533,-1.716457,-0.183254
4360.709286,sim,1.410343,-0.084002,-2.574641,1.157555,-1.716466,-0.183240
4360.713215,sim,1.410343,-0.083984,-2.574645,1.157532,-1.716456,-0.183254
4360.717224,sim,1.410342,-0.083999,-2.574641,1.157554,-1.716466,-0.183239
4360.721307,sim,1.410343,-0.083983,-2.574646,1.157530,-1.716455,-0.183255
4360.725308,sim,1.410342,-0.083996,-2.574642,1.157552,-1.716466,-0.183240
4360.729275,sim,1.410343,-0.083984,-2.574646,1.157531,-1.716456,-0.183253
4360.733292,sim,1.410342,-0.084004,-2.574642,1.157554,-1.716465,-0.183238
4360.737291,sim,1.410342,-0.083982,-2.574647,1.157531,-1.716456,-0.183253
4360.741366,sim,1.410343,-0.084002,-2.574642,1.157556,-1.716467,-0.183237
4360.745269,sim,1.410342,-0.083979,-2.574648,1.157525,-1.716454,-0.183255
4360.749203,sim,1.410343,-0.084003,-2.574642,1.157557,-1.716468,-0.183235
4360.753234,sim,1.410342,-0.083985,-2.574646,1.157532,-1.716457,-0.183251
4360.757218,sim,1.410342,-0.083986,-2.574645,1.157547,-1.716466,-0.183238
4360.761396,sim,1.410344,-0.083989,-2.574646,1.157533,-1.716456,-0.183250
4360.765314,sim,1.410342,-0.084007,-2.574641,1.157557,-1.716466,-0.183235
4360.769346,sim,1.410342,-0.083982,-2.574647,1.157529,-1.716456,-0.183251
4360.773336,sim,1.410343,-0.084002,-2.574642,1.157553,-1.716466,-0.183235
4360.777282,sim,1.410342,-0.083982,-2.574647,1.157530,-1.716457,-0.183249
4360.781349,sim,1.410343,-0.084001,-2.574642,1.157554,-1.716466,-0.183235
4360.785274,sim,1.410343,-0.083982,-2.574647,1.157527,-1.716455,-0.183250
4360.789393,sim,1.410343,-0.084004,-2.574641,1.157556,-1.716467,-0.183232
4360.793317,sim,1.410342,-0.083982,-2.574646,1.157530,-1.716457,-0.183248
4360.797248,sim,1.410343,-0.084004,-2.574641,1.157554,-1.716466,-0.183232
4360.801367,sim,1.410343,-0.083982,-2.574646,1.157528,-1.716456,-0.183248
4360.805386,sim,1.410343,-0.084004,-2.574641,1.157557,-1.716468,-0.183229
4360.809282,sim,1.410342,-0.083981,-2.574646,1.157528,-1.716456,-0.183248
4360.813317,sim,1.410343,-0.084003,-2.574641,1.157556,-1.716468,-0.183229
4360.817318,sim,1.410342,-0.083980,-2.574647,1.157525,-1.716455,-0.183247
4360.821420,sim,1.410343,-0.084003,-2.574641,1.157555,-1.716467,-0.183228
4360.825212,sim,1.410342,-0.083983,-2.574646,1.157530,-1.716457,-0.183244
4360.829261,sim,1.410343,-0.084003,-2.574642,1.157552,-1.716466,-0.183229
4360.833390,sim,1.410342,-0.083982,-2.574646,1.157530,-1.716457,-0.183242
4360.837327,sim,1.410342,-0.083999,-2.574642,1.157552,-1.716467,-0.183228
4360.841564,sim,1.410343,-0.083982,-2.574647,1.157529,-1.716456,-0.183242
4360.845277,sim,1.410343,-0.084005,-2.574641,1.157553,-1.716466,-0.183227
4360.849285,sim,1.410343,-0.083984,-2.574646,1.157530,-1.716456,-0.183241
4360.853311,sim,1.410342,-0.084005,-2.574641,1.157556,-1.716467,-0.183224
4360.857291,sim,1.410342,-0.083984,-2.574646,1.157530,-1.716457,-0.183239
4360.861364,sim,1.410342,-0.083999,-2.574643,1.157552,-1.716466,-0.183223
4360.865311,sim,1.410343,-0.083983,-2.574647,1.157529,-1.716456,-0.183237
4360.869454,sim,1.410343,-0.084005,-2.574642,1.157554,-1.716466,-0.183223
4360.873369,sim,1.410342,-0.083981,-2.574647,1.157527,-1.716455,-0.183238
4360.877262,sim,1.410342,-0.084002,-2.574643,1.157552,-1.716465,-0.183221
4360.881546,sim,1.410343,-0.083982,-2.574648,1.157528,-1.716456,-0.183235
4360.885420,sim,1.410342,-0.084003,-2.574643,1.157554,-1.716467,-0.183218
4360.889352,sim,1.410343,-0.083982,-2.574648,1.157529,-1.716456,-0.183232
4360.893217,sim,1.410343,-0.084004,-2.574642,1.157556,-1.716467,-0.183216
4360.897390,sim,1.410342,-0.083982,-2.574648,1.157531,-1.716457,-0.183230
4360.901404,sim,1.410343,-0.084003,-2.574643,1.157555,-1.716467,-0.183214
4360.905432,sim,1.410342,-0.083981,-2.574648,1.157529,-1.716457,-0.183228
4360.909253,sim,1.410343,-0.083998,-2.574644,1.157552,-1.716467,-0.183212
4360.913236,sim,1.410343,-0.083985,-2.574648,1.157531,-1.716457,-0.183225
4360.917288,sim,1.410343,-0.084005,-2.574643,1.157555,-1.716466,-0.183210
4360.921438,sim,1.410343,-0.083984,-2.574648,1.157532,-1.716457,-0.183222
4360.925321,sim,1.410342,-0.083999,-2.574644,1.157552,-1.716466,-0.183208
4360.929298,sim,1.410343,-0.083981,-2.574649,1.157525,-1.716454,-0.183224
4360.933268,sim,1.410342,-0.084002,-2.574644,1.157553,-1.716466,-0.183206
4360.937308,sim,1.410343,-0.083980,-2.574649,1.157530,-1.716457,-0.183219
4360.941348,sim,1.410343,-0.084004,-2.574643,1.157555,-1.716466,-0.183203
4360.945271,sim,1.410343,-0.083984,-2.574648,1.157532,-1.716457,-0.183216
4360.949238,sim,1.410342,-0.083999,-2.574644,1.157553,-1.716467,-0.183202
4360.953264,sim,1.410343,-0.083985,-2.574648,1.157531,-1.716457,-0.183214
4360.957268,sim,1.410343,-0.084004,-2.574643,1.157553,-1.716465,-0.183200
4360.961384,sim,1.410343,-0.083981,-2.574649,1.157529,-1.716457,-0.183214
4360.965427,sim,1.410343,-0.084003,-2.574643,1.157554,-1.716466,-0.183199
4360.969379,sim,1.410342,-0.083982,-2.574649,1.157529,-1.716456,-0.183213
4360.973252,sim,1.410343,-0.084003,-2.574644,1.157554,-1.716466,-0.183197
4360.977426,sim,1.410343,-0.083983,-2.574648,1.157531,-1.716458,-0.183210
4360.981569,sim,1.410343,-0.083999,-2.574645,1.157552,-1.716467,-0.183195
4360.985261,sim,1.410343,-0.083983,-2.574649,1.157529,-1.716457,-0.183210
4360.989372,sim,1.410342,-0.084005,-2.574644,1.157554,-1.716467,-0.183195
4360.993304,sim,1.410342,-0.083982,-2.574649,1.157529,-1.716458,-0.183208
4360.997366,sim,1.410343,-0.084003,-2.574644,1.157554,-1.716469,-0.183192
4361.001370,sim,1.410342,-0.083982,-2.574649,1.157531,-1.716460,-0.183205
4361.005321,sim,1.410343,-0.084005,-2.574644,1.157555,-1.716470,-0.183190
4361.009315,sim,1.410342,-0.083983,-2.574649,1.157530,-1.716461,-0.183203
4361.013320,sim,1.410342,-0.084002,-2.574645,1.157553,-1.716471,-0.183188
4361.017366,sim,1.410343,-0.083982,-2.574649,1.157529,-1.716462,-0.183203
4361.021389,sim,1.410341,-0.084003,-2.574645,1.157554,-1.716473,-0.183186
4361.025369,sim,1.410342,-0.083981,-2.574650,1.157527,-1.716463,-0.183202
4361.029361,sim,1.410342,-0.084003,-2.574644,1.157556,-1.716477,-0.183182
4361.033256,sim,1.410341,-0.083982,-2.574650,1.157529,-1.716467,-0.183198
4361.037334,sim,1.410340,-0.084006,-2.574644,1.157558,-1.716481,-0.183179
4361.041429,sim,1.410340,-0.083982,-2.574650,1.157529,-1.716471,-0.183195
4361.045340,sim,1.410340,-0.084000,-2.574645,1.157552,-1.716483,-0.183179
4361.049313,sim,1.410340,-0.083977,-2.574651,1.157525,-1.716472,-0.183195
4361.053340,sim,1.410339,-0.084004,-2.574644,1.157558,-1.716488,-0.183174
4361.057385,sim,1.410337,-0.083983,-2.574649,1.157531,-1.716480,-0.183189
4361.061745,sim,1.410337,-0.084003,-2.574644,1.157558,-1.716495,-0.183171
4361.065312,sim,1.410335,-0.083982,-2.574650,1.157529,-1.716487,-0.183186
4361.069357,sim,1.410335,-0.083999,-2.574645,1.157553,-1.716503,-0.183169
4361.073657,sim,1.410334,-0.083983,-2.574650,1.157530,-1.716498,-0.183181
4361.077492,sim,1.410333,-0.084001,-2.574645,1.157554,-1.716508,-0.183167
4361.081612,sim,1.410333,-0.083985,-2.574649,1.157532,-1.716506,-0.183178
4361.085406,sim,1.410330,-0.083986,-2.574649,1.157547,-1.716524,-0.183164
4361.089343,sim,1.410332,-0.083992,-2.574649,1.157534,-1.716523,-0.183173
4361.093451,sim,1.410328,-0.084005,-2.574645,1.157555,-1.716544,-0.183157
4361.097367,sim,1.410329,-0.083988,-2.574650,1.157529,-1.716545,-0.183170
4361.101337,sim,1.410326,-0.084001,-2.574646,1.157555,-1.716574,-0.183150
4361.105436,sim,1.410326,-0.083986,-2.574651,1.157527,-1.716576,-0.183165
4361.109306,sim,1.410325,-0.084000,-2.574647,1.157554,-1.716591,-0.183147
4361.113333,sim,1.410325,-0.083987,-2.574651,1.157530,-1.716600,-0.183160
4361.117293,sim,1.410323,-0.083998,-2.574648,1.157552,-1.716640,-0.183141
4361.121335,sim,1.410324,-0.083984,-2.574652,1.157528,-1.716665,-0.183152
4361.125356,sim,1.410321,-0.084001,-2.574648,1.157554,-1.716719,-0.183132
4361.129880,sim,1.410322,-0.083987,-2.574652,1.157528,-1.716754,-0.183144
4361.133281,sim,1.410319,-0.083998,-2.574649,1.157552,-1.716821,-0.183122
4361.137469,sim,1.410320,-0.083986,-2.574653,1.157530,-1.716869,-0.183131
4361.141450,sim,1.410319,-0.083986,-2.574651,1.157548,-1.716881,-0.183118
4361.145329,sim,1.410321,-0.083993,-2.574652,1.157533,-1.716934,-0.183126
4361.149296,sim,1.410316,-0.083991,-2.574651,1.157551,-1.717023,-0.183105
4361.153320,sim,1.410319,-0.083992,-2.574653,1.157529,-1.717093,-0.183115
4361.157294,sim,1.410315,-0.084004,-2.574650,1.157555,-1.717200,-0.183092
4361.161413,sim,1.410316,-0.083987,-2.574655,1.157530,-1.717289,-0.183101
4361.165330,sim,1.410315,-0.083988,-2.574653,1.157551,-1.717303,-0.183086
4361.169370,sim,1.410316,-0.083992,-2.574654,1.157531,-1.717397,-0.183095
4361.173366,sim,1.410311,-0.083991,-2.574653,1.157552,-1.717530,-0.183072
4361.177311,sim,1.410313,-0.083994,-2.574655,1.157532,-1.717644,-0.183080
4361.181518,sim,1.410307,-0.083989,-2.574655,1.157547,-1.717790,-0.183059
4361.185385,sim,1.410310,-0.083992,-2.574657,1.157531,-1.717920,-0.183064
4361.189349,sim,1.410304,-0.083996,-2.574654,1.157554,-1.718082,-0.183041
4361.193334,sim,1.410306,-0.084008,-2.574654,1.157536,-1.718218,-0.183049
4361.197267,sim,1.410301,-0.083990,-2.574656,1.157552,-1.718234,-0.183034
4361.201447,sim,1.410304,-0.084002,-2.574656,1.157534,-1.718379,-0.183041
4361.205329,sim,1.410298,-0.084002,-2.574655,1.157554,-1.718566,-0.183020
4361.209326,sim,1.410299,-0.083996,-2.574659,1.157528,-1.718738,-0.183029
4361.213298,sim,1.410293,-0.083983,-2.574660,1.157551,-1.718954,-0.183003
4361.217396,sim,1.410295,-0.084000,-2.574659,1.157532,-1.719145,-0.183012
4361.221463,sim,1.410288,-0.083986,-2.574661,1.157550,-1.719378,-0.182989
4361.225358,sim,1.410293,-0.084001,-2.574660,1.157533,-1.719362,-0.183004
4361.229285,sim,1.410285,-0.083984,-2.574662,1.157548,-1.719604,-0.182983
4361.233364,sim,1.410288,-0.084000,-2.574662,1.157535,-1.719827,-0.182988
4361.237316,sim,1.410281,-0.083987,-2.574664,1.157549,-1.720085,-0.182969
4361.241465,sim,1.410284,-0.084001,-2.574664,1.157533,-1.720324,-0.182976
4361.245320,sim,1.410277,-0.083986,-2.574666,1.157550,-1.720602,-0.182954
4361.249332,sim,1.410280,-0.084001,-2.574667,1.157533,-1.720857,-0.182963
4361.253304,sim,1.410273,-0.083986,-2.574669,1.157550,-1.721152,-0.182941
4361.257426,sim,1.410278,-0.083998,-2.574669,1.157531,-1.721135,-0.182957
4361.261412,sim,1.410271,-0.083987,-2.574670,1.157551,-1.721453,-0.182934
4361.265323,sim,1.410274,-0.084001,-2.574671,1.157533,-1.721772,-0.182942
4361.269351,sim,1.410267,-0.083986,-2.574674,1.157549,-1.722154,-0.182919
4361.273343,sim,1.410270,-0.084000,-2.574675,1.157532,-1.722533,-0.182925
4361.277325,sim,1.410263,-0.083989,-2.574677,1.157552,-1.722972,-0.182899
4361.281578,sim,1.410266,-0.084002,-2.574680,1.157532,-1.723400,-0.182906
4361.285349,sim,1.410259,-0.083988,-2.574683,1.157551,-1.723882,-0.182879
4361.289330,sim,1.410263,-0.084001,-2.574682,1.157534,-1.723867,-0.182894
4361.293323,sim,1.410257,-0.083987,-2.574686,1.157549,-1.724386,-0.182869
4361.297339,sim,1.410259,-0.084001,-2.574689,1.157534,-1.724931,-0.182871
4361.301407,sim,1.410251,-0.083987,-2.574694,1.157548,-1.725555,-0.182845
4361.305300,sim,1.410253,-0.084003,-2.574698,1.157534,-1.726198,-0.182844
4361.309306,sim,1.410245,-0.083988,-2.574704,1.157548,-1.726911,-0.182817
4361.313338,sim,1.410247,-0.084003,-2.574709,1.157534,-1.727633,-0.182816
4361.317333,sim,1.410238,-0.083988,-2.574717,1.157547,-1.728417,-0.182789
4361.321466,sim,1.410243,-0.084001,-2.574717,1.157529,-1.728401,-0.182804
4361.325239,sim,1.410235,-0.083988,-2.574724,1.157550,-1.729230,-0.182772
4361.329341,sim,1.410236,-0.084002,-2.574734,1.157532,-1.730071,-0.182773
4361.333326,sim,1.410228,-0.083986,-2.574747,1.157543,-1.730981,-0.182748
4361.337404,sim,1.410230,-0.084003,-2.574760,1.157531,-1.731903,-0.182746
4361.341416,sim,1.410221,-0.083990,-2.574777,1.157543,-1.732880,-0.182722
4361.345411,sim,1.410226,-0.084002,-2.574776,1.157524,-1.732864,-0.182737
4361.349346,sim,1.410217,-0.083988,-2.574796,1.157540,-1.733881,-0.182710
4361.353330,sim,1.410220,-0.084004,-2.574817,1.157521,-1.734907,-0.182714
4361.357282,sim,1.410211,-0.083990,-2.574844,1.157531,-1.736000,-0.182690
4361.361363,sim,1.410213,-0.084002,-2.574873,1.157502,-1.737093,-0.182698
4361.365382,sim,1.410206,-0.083990,-2.574905,1.157511,-1.738247,-0.182675
4361.369385,sim,1.410208,-0.084007,-2.574938,1.157483,-1.739391,-0.182682
4361.373616,sim,1.410201,-0.083992,-2.574977,1.157483,-1.740583,-0.182662
4361.377537,sim,1.410206,-0.084005,-2.574976,1.157467,-1.740568,-0.182677
4361.381676,sim,1.410199,-0.083992,-2.575018,1.157460,-1.741789,-0.182657
4361.385347,sim,1.410202,-0.084007,-2.575063,1.157413,-1.743020,-0.182668
4361.389347,sim,1.410195,-0.083995,-2.575114,1.157388,-1.744317,-0.182650
4361.393351,sim,1.410199,-0.084012,-2.575167,1.157326,-1.745613,-0.182661
4361.397382,sim,1.410193,-0.083997,-2.575226,1.157283,-1.746962,-0.182646
4361.401439,sim,1.410197,-0.084012,-2.575286,1.157203,-1.748301,-0.182659
4361.405335,sim,1.410192,-0.084001,-2.575350,1.157151,-1.749685,-0.182641
4361.409428,sim,1.410196,-0.084021,-2.575413,1.157063,-1.751046,-0.182654
4361.413407,sim,1.410191,-0.084004,-2.575415,1.157074,-1.751059,-0.182641
4361.417400,sim,1.410196,-0.084020,-2.575482,1.156975,-1.752427,-0.182655
4361.421368,sim,1.410190,-0.084007,-2.575556,1.156897,-1.753834,-0.182640
4361.425383,sim,1.410195,-0.084025,-2.575631,1.156781,-1.755221,-0.182654
4361.429375,sim,1.410190,-0.084012,-2.575713,1.156685,-1.756645,-0.182640
4361.433345,sim,1.410195,-0.084026,-2.575797,1.156549,-1.758048,-0.182656
4361.437333,sim,1.410190,-0.084015,-2.575797,1.156570,-1.758066,-0.182638
4361.441449,sim,1.410196,-0.084034,-2.575886,1.156425,-1.759497,-0.182654
4361.445401,sim,1.410189,-0.084021,-2.575986,1.156301,-1.761008,-0.182638
4361.449326,sim,1.410195,-0.084036,-2.576090,1.156131,-1.762520,-0.182654
4361.453358,sim,1.410190,-0.084024,-2.576203,1.155985,-1.764095,-0.182638
4361.457374,sim,1.410195,-0.084041,-2.576320,1.155798,-1.765657,-0.182654
4361.461523,sim,1.410190,-0.084028,-2.576444,1.155633,-1.767261,-0.182639
4361.465330,sim,1.410196,-0.084043,-2.576570,1.155428,-1.768835,-0.182656
4361.469408,sim,1.410190,-0.084030,-2.576571,1.155448,-1.768853,-0.182638
4361.473326,sim,1.410196,-0.084046,-2.576704,1.155231,-1.770416,-0.182656
4361.477407,sim,1.410190,-0.084033,-2.576847,1.155037,-1.771998,-0.182638
4361.481699,sim,1.410197,-0.084048,-2.576997,1.154790,-1.773524,-0.182658
4361.485399,sim,1.410190,-0.084034,-2.577155,1.154570,-1.775066,-0.182639
4361.489516,sim,1.410197,-0.084051,-2.577317,1.154305,-1.776551,-0.182654
4361.493413,sim,1.410191,-0.084036,-2.577318,1.154319,-1.776566,-0.182640
4361.497670,sim,1.410197,-0.084051,-2.577490,1.154034,-1.778036,-0.182657
4361.501405,sim,1.410191,-0.084038,-2.577674,1.153763,-1.779540,-0.182639
4361.505371,sim,1.410197,-0.084054,-2.577868,1.153436,-1.781005,-0.182656
4361.509294,sim,1.410191,-0.084037,-2.578075,1.153118,-1.782500,-0.182641
4361.513334,sim,1.410198,-0.084054,-2.578289,1.152750,-1.783957,-0.182657
4361.517355,sim,1.410191,-0.084039,-2.578516,1.152396,-1.785442,-0.182640
4361.521500,sim,1.410198,-0.084057,-2.578749,1.151993,-1.786887,-0.182656
4361.525367,sim,1.410191,-0.084041,-2.578750,1.152007,-1.786903,-0.182642
4361.529325,sim,1.410198,-0.084056,-2.579003,1.151563,-1.788366,-0.182659
4361.533274,sim,1.410191,-0.084042,-2.579287,1.151103,-1.789906,-0.182640
4361.537323,sim,1.410198,-0.084058,-2.579595,1.150555,-1.791444,-0.182658
4361.541492,sim,1.410192,-0.084043,-2.579930,1.149997,-1.793048,-0.182642
4361.545310,sim,1.410198,-0.084060,-2.580283,1.149367,-1.794644,-0.182658
4361.549263,sim,1.410191,-0.084046,-2.580659,1.148732,-1.796294,-0.182641
4361.553364,sim,1.410198,-0.084063,-2.581049,1.148032,-1.797925,-0.182657
4361.557327,sim,1.410191,-0.084046,-2.581051,1.148046,-1.797941,-0.182642
4361.561529,sim,1.410198,-0.084064,-2.581463,1.147304,-1.799592,-0.182657
4361.565320,sim,1.410191,-0.084047,-2.581907,1.146535,-1.801296,-0.182642
4361.569305,sim,1.410198,-0.084064,-2.582371,1.145686,-1.802984,-0.182660
4361.573342,sim,1.410191,-0.084049,-2.582861,1.144828,-1.804719,-0.182641
4361.577421,sim,1.410198,-0.084066,-2.583365,1.143898,-1.806421,-0.182658
4361.581572,sim,1.410191,-0.084050,-2.583888,1.142966,-1.808156,-0.182642
4361.585350,sim,1.410198,-0.084069,-2.584420,1.141978,-1.809850,-0.182658
4361.589317,sim,1.410191,-0.084048,-2.584423,1.141991,-1.809866,-0.182643
4361.593374,sim,1.410198,-0.084071,-2.584972,1.140969,-1.811563,-0.182658
4361.597309,sim,1.410190,-0.084050,-2.585552,1.139923,-1.813302,-0.182643
4361.601385,sim,1.410198,-0.084068,-2.586149,1.138805,-1.815015,-0.182662
4361.605424,sim,1.410190,-0.084050,-2.586770,1.137688,-1.816772,-0.182641
4361.609366,sim,1.410198,-0.084069,-2.587404,1.136502,-1.818491,-0.182661
4361.613317,sim,1.410190,-0.084053,-2.588056,1.135329,-1.820250,-0.182640
4361.617367,sim,1.410198,-0.084072,-2.588053,1.135310,-1.820229,-0.182660
4361.621443,sim,1.410190,-0.084051,-2.588717,1.134114,-1.821978,-0.182641
4361.625338,sim,1.410198,-0.084072,-2.589384,1.132875,-1.823679,-0.182660
4361.629294,sim,1.410190,-0.084053,-2.590065,1.131655,-1.825408,-0.182642
4361.633336,sim,1.410198,-0.084073,-2.590750,1.130393,-1.827092,-0.182660
4361.637336,sim,1.410190,-0.084052,-2.591448,1.129152,-1.828805,-0.182643
4361.641369,sim,1.410198,-0.084073,-2.592147,1.127874,-1.830478,-0.182660
4361.645295,sim,1.410190,-0.084053,-2.592860,1.126616,-1.832182,-0.182642
4361.649326,sim,1.410198,-0.084070,-2.592858,1.126596,-1.832161,-0.182663
4361.653435,sim,1.410190,-0.084053,-2.593598,1.125306,-1.833902,-0.182641
4361.657358,sim,1.410197,-0.084076,-2.594379,1.123918,-1.835672,-0.182659
4361.661375,sim,1.410190,-0.084052,-2.595209,1.122500,-1.837537,-0.182643
4361.665331,sim,1.410198,-0.084071,-2.596070,1.121005,-1.839420,-0.182662
4361.669321,sim,1.410189,-0.084054,-2.596969,1.119502,-1.841385,-0.182641
4361.673311,sim,1.410198,-0.084073,-2.597891,1.117925,-1.843346,-0.182664
4361.677941,sim,1.410190,-0.084055,-2.598843,1.116361,-1.845381,-0.182640
4361.681532,sim,1.410198,-0.084073,-2.598841,1.116340,-1.845359,-0.182663
4361.685377,sim,1.410189,-0.084056,-2.599821,1.114742,-1.847427,-0.182640
4361.689317,sim,1.410198,-0.084074,-2.600828,1.113066,-1.849494,-0.182663
4361.693297,sim,1.410189,-0.084058,-2.601867,1.111405,-1.851637,-0.182639
4361.697347,sim,1.410198,-0.084075,-2.602924,1.109675,-1.853761,-0.182664
4361.701453,sim,1.410189,-0.084059,-2.604003,1.107976,-1.855946,-0.182639
4361.705291,sim,1.410198,-0.084077,-2.605090,1.106222,-1.858096,-0.182665
4361.709345,sim,1.410189,-0.084059,-2.606190,1.104509,-1.860291,-0.182640
4361.713339,sim,1.410198,-0.084080,-2.606187,1.104493,-1.860272,-0.182661
4361.717361,sim,1.410189,-0.084058,-2.607297,1.102768,-1.862468,-0.182643
4361.721476,sim,1.410198,-0.084080,-2.608413,1.101004,-1.864643,-0.182661
4361.725354,sim,1.410189,-0.084059,-2.609545,1.099262,-1.866860,-0.182643
4361.729345,sim,1.410198,-0.084081,-2.610677,1.097490,-1.869044,-0.182662
4361.733315,sim,1.410189,-0.084059,-2.611820,1.095749,-1.871263,-0.182641
4361.737236,sim,1.410198,-0.084080,-2.611816,1.095731,-1.871242,-0.182664
4361.741396,sim,1.410189,-0.084058,-2.612967,1.093986,-1.873470,-0.182642
4361.745324,sim,1.410198,-0.084081,-2.614124,1.092194,-1.875674,-0.182663
4361.749292,sim,1.410189,-0.084058,-2.615298,1.090426,-1.877926,-0.182643
4361.753403,sim,1.410199,-0.084078,-2.616471,1.088627,-1.880145,-0.182664
4361.757317,sim,1.410189,-0.084059,-2.617653,1.086866,-1.882398,-0.182640
4361.761428,sim,1.410199,-0.084079,-2.618827,1.085076,-1.884598,-0.182665
4361.765372,sim,1.410188,-0.084059,-2.620003,1.083342,-1.886826,-0.182638
4361.769365,sim,1.410199,-0.084079,-2.620000,1.083321,-1.886804,-0.182665
4361.773352,sim,1.410188,-0.084059,-2.621174,1.081601,-1.889019,-0.182639
4361.777372,sim,1.410198,-0.084081,-2.622344,1.079858,-1.891189,-0.182663
4361.781638,sim,1.410189,-0.084057,-2.623521,1.078161,-1.893389,-0.182643
4361.785362,sim,1.410199,-0.084080,-2.624687,1.076455,-1.895544,-0.182665
4361.789426,sim,1.410189,-0.084058,-2.625857,1.074800,-1.897723,-0.182642
4361.793421,sim,1.410199,-0.084078,-2.627012,1.073136,-1.899847,-0.182665
4361.797359,sim,1.410188,-0.084059,-2.627015,1.073157,-1.899868,-0.182639
4361.801378,sim,1.410198,-0.084081,-2.628156,1.071524,-1.901966,-0.182661
4361.805585,sim,1.410189,-0.084055,-2.629286,1.069952,-1.904067,-0.182643
4361.809307,sim,1.410198,-0.084082,-2.630389,1.068391,-1.906103,-0.182662
4361.813378,sim,1.410189,-0.084055,-2.631485,1.066880,-1.908143,-0.182646
4361.817376,sim,1.410198,-0.084081,-2.632555,1.065381,-1.910125,-0.182663
4361.822089,sim,1.410187,-0.084058,-2.633617,1.063934,-1.912114,-0.182639
4361.825420,sim,1.410198,-0.084081,-2.634657,1.062479,-1.914042,-0.182662
4361.829357,sim,1.410188,-0.084057,-2.634661,1.062492,-1.914060,-0.182640
4361.833280,sim,1.410198,-0.084082,-2.635697,1.061039,-1.915992,-0.182663
4361.837283,sim,1.410187,-0.084056,-2.636749,1.059592,-1.917987,-0.182641
4361.841373,sim,1.410198,-0.084079,-2.637796,1.058099,-1.919965,-0.182667
4361.845334,sim,1.410187,-0.084057,-2.638853,1.056633,-1.921999,-0.182638
4361.849304,sim,1.410197,-0.084082,-2.639899,1.055120,-1.923999,-0.182667
4361.853299,sim,1.410187,-0.084056,-2.640951,1.053639,-1.926043,-0.182641
4361.857525,sim,1.410197,-0.084082,-2.641986,1.052129,-1.928045,-0.182665
4361.861503,sim,1.410187,-0.084055,-2.641991,1.052142,-1.928064,-0.182642
4361.865452,sim,1.410197,-0.084080,-2.643020,1.050632,-1.930073,-0.182664
4361.869361,sim,1.410187,-0.084054,-2.644053,1.049145,-1.932131,-0.182641
4361.873426,sim,1.410198,-0.084079,-2.645069,1.047626,-1.934161,-0.182668
4361.877428,sim,1.410186,-0.084054,-2.646087,1.046146,-1.936239,-0.182639
4361.881716,sim,1.410198,-0.084081,-2.647084,1.044633,-1.938273,-0.182670
4361.885289,sim,1.410186,-0.084053,-2.647090,1.044651,-1.938296,-0.182640
4361.889351,sim,1.410198,-0.084077,-2.648083,1.043140,-1.940348,-0.182668
4361.893387,sim,1.410186,-0.084054,-2.649087,1.041656,-1.942469,-0.182640
4361.897395,sim,1.410198,-0.084079,-2.650082,1.040132,-1.944572,-0.182668
4361.901374,sim,1.410187,-0.084053,-2.651085,1.038640,-1.946734,-0.182641
4361.905412,sim,1.410198,-0.084081,-2.652073,1.037117,-1.948866,-0.182670
4361.909366,sim,1.410186,-0.084051,-2.653068,1.035632,-1.951047,-0.182640
4361.913246,sim,1.410198,-0.084078,-2.654044,1.034124,-1.953187,-0.182668
4361.917265,sim,1.410188,-0.084049,-2.654049,1.034135,-1.953205,-0.182645
4361.921455,sim,1.410198,-0.084076,-2.655017,1.032640,-1.955344,-0.182668
4361.925417,sim,1.410187,-0.084049,-2.655984,1.031181,-1.957509,-0.182642
4361.929386,sim,1.410198,-0.084078,-2.656928,1.029706,-1.959622,-0.182669
4361.933281,sim,1.410186,-0.084051,-2.657869,1.028278,-1.961758,-0.182639
4361.937369,sim,1.410199,-0.084078,-2.658784,1.026830,-1.963824,-0.182672
4361.941430,sim,1.410186,-0.084067,-2.659689,1.025448,-1.965906,-0.182639
4361.945307,sim,1.410197,-0.084072,-2.660570,1.024038,-1.967912,-0.182672
4361.949246,sim,1.410187,-0.084045,-2.660576,1.024056,-1.967935,-0.182641
4361.953356,sim,1.410199,-0.084075,-2.661433,1.022672,-1.969907,-0.182674
4361.957400,sim,1.410186,-0.084050,-2.662281,1.021340,-1.971900,-0.182639
4361.961511,sim,1.410198,-0.084078,-2.663097,1.019981,-1.973820,-0.182672
4361.965355,sim,1.410187,-0.084048,-2.663905,1.018669,-1.975753,-0.182645
4361.969334,sim,1.410198,-0.084079,-2.664680,1.017349,-1.977618,-0.182669
4361.973355,sim,1.410186,-0.084048,-2.665445,1.016071,-1.979488,-0.182642
4361.977390,sim,1.410198,-0.084078,-2.665439,1.016056,-1.979468,-0.182672
4361.983012,sim,1.410187,-0.084049,-2.666179,1.014800,-1.981299,-0.182646
4361.985391,sim,1.410199,-0.084078,-2.666881,1.013543,-1.983047,-0.182677
4361.989340,sim,1.410185,-0.084051,-2.667568,1.012349,-1.984800,-0.182640
4361.993328,sim,1.410198,-0.084076,-2.668219,1.011138,-1.986469,-0.182675
4361.997295,sim,1.410186,-0.084049,-2.668857,1.009989,-1.988147,-0.182642
4362.001383,sim,1.410198,-0.084081,-2.669462,1.008827,-1.989748,-0.182674
4362.005419,sim,1.410186,-0.084050,-2.670058,1.007716,-1.991362,-0.182644
4362.009292,sim,1.410199,-0.084081,-2.670052,1.007700,-1.991340,-0.182676
4362.013346,sim,1.410186,-0.084049,-2.670634,1.006592,-1.992956,-0.182645
4362.017598,sim,1.410199,-0.084078,-2.671197,1.005443,-1.994558,-0.182676
4362.021497,sim,1.410187,-0.084048,-2.671763,1.004314,-1.996226,-0.182647
4362.025391,sim,1.410199,-0.084077,-2.672308,1.003150,-1.997873,-0.182678
4362.029301,sim,1.410186,-0.084050,-2.672856,1.002019,-1.999579,-0.182640
4362.033341,sim,1.410198,-0.084077,-2.673384,1.000853,-2.001252,-0.182670
4362.037331,sim,1.410187,-0.084047,-2.673912,0.999712,-2.002968,-0.182648
4362.041458,sim,1.410200,-0.084078,-2.673907,0.999697,-2.002947,-0.182680
4362.045309,sim,1.410185,-0.084048,-2.674424,0.998574,-2.004684,-0.182638
4362.049298,sim,1.410200,-0.084077,-2.674912,0.997410,-2.006389,-0.182680
4362.053322,sim,1.410186,-0.084047,-2.675397,0.996294,-2.008155,-0.182644
4362.057393,sim,1.410199,-0.084076,-2.675854,0.995151,-2.009883,-0.182679
4362.061376,sim,1.410185,-0.084048,-2.676305,0.994060,-2.011658,-0.182640
4362.065397,sim,1.410198,-0.084077,-2.676299,0.994043,-2.011637,-0.182674
4362.069417,sim,1.410187,-0.084045,-2.676731,0.992955,-2.013408,-0.182646
4362.073326,sim,1.410200,-0.084078,-2.677130,0.991853,-2.015140,-0.182681
4362.077308,sim,1.410185,-0.084048,-2.677520,0.990804,-2.016913,-0.182641
4362.081508,sim,1.410199,-0.084077,-2.677875,0.989733,-2.018629,-0.182679
4362.085375,sim,1.410187,-0.084046,-2.678221,0.988715,-2.020373,-0.182647
4362.089298,sim,1.410198,-0.084078,-2.678532,0.987696,-2.022057,-0.182673
4362.093236,sim,1.410186,-0.084045,-2.678833,0.986720,-2.023751,-0.182647
4362.097422,sim,1.410200,-0.084077,-2.678827,0.986703,-2.023729,-0.182683
4362.101453,sim,1.410184,-0.084048,-2.679099,0.985754,-2.025414,-0.182642
4362.105320,sim,1.410199,-0.084078,-2.679325,0.984767,-2.027052,-0.182680
4362.109291,sim,1.410186,-0.084045,-2.679533,0.983816,-2.028732,-0.182648
4362.113291,sim,1.410197,-0.084077,-2.679698,0.982844,-2.030372,-0.182675
4362.117373,sim,1.410186,-0.084045,-2.679848,0.981896,-2.032044,-0.182650
4362.121451,sim,1.410198,-0.084078,-2.679961,0.980931,-2.033675,-0.182679
4362.125266,sim,1.410185,-0.084045,-2.680064,0.979993,-2.035339,-0.182648
4362.129413,sim,1.410198,-0.084079,-2.680057,0.979979,-2.035317,-0.182682
4362.133404,sim,1.410186,-0.084048,-2.680136,0.979040,-2.036982,-0.182650
4362.137361,sim,1.410198,-0.084073,-2.680180,0.978067,-2.038613,-0.182680
4362.141433,sim,1.410184,-0.084043,-2.680214,0.977125,-2.040286,-0.182644
4362.145373,sim,1.410198,-0.084073,-2.680215,0.976143,-2.041907,-0.182684
4362.149477,sim,1.410184,-0.084043,-2.680210,0.975206,-2.043567,-0.182644
4362.153293,sim,1.410199,-0.084074,-2.680175,0.974232,-2.045163,-0.182687
4362.157388,sim,1.410184,-0.084044,-2.680182,0.974254,-2.045188,-0.182645
4362.161397,sim,1.410196,-0.084068,-2.680135,0.973301,-2.046761,-0.182677
4362.165338,sim,1.410184,-0.084042,-2.680084,0.972404,-2.048332,-0.182647
4362.169405,sim,1.410196,-0.084075,-2.680009,0.971499,-2.049826,-0.182680
4362.173314,sim,1.410183,-0.084037,-2.679935,0.970644,-2.051327,-0.182646
4362.177379,sim,1.410196,-0.084072,-2.679834,0.969781,-2.052750,-0.182683
4362.181639,sim,1.410183,-0.084037,-2.679737,0.968966,-2.054183,-0.182650
4362.185306,sim,1.410196,-0.084071,-2.679616,0.968144,-2.055545,-0.182685
4362.189334,sim,1.410181,-0.084035,-2.679624,0.968160,-2.055567,-0.182648
4362.193340,sim,1.410194,-0.084069,-2.679487,0.967352,-2.056920,-0.182682
4362.197413,sim,1.410179,-0.084034,-2.679341,0.966583,-2.058321,-0.182650
4362.201524,sim,1.410190,-0.084068,-2.679164,0.965800,-2.059689,-0.182683
4362.205345,sim,1.410174,-0.084033,-2.678981,0.965056,-2.061097,-0.182651
4362.209370,sim,1.410185,-0.084067,-2.678770,0.964302,-2.062465,-0.182683
4362.213318,sim,1.410169,-0.084037,-2.678557,0.963587,-2.063864,-0.182656
4362.217314,sim,1.410177,-0.084066,-2.678320,0.962865,-2.065220,-0.182685
4362.221448,sim,1.410164,-0.084032,-2.678327,0.962878,-2.065240,-0.182653
4362.225339,sim,1.410173,-0.084063,-2.678071,0.962175,-2.066592,-0.182686
4362.229351,sim,1.410154,-0.084033,-2.677800,0.961531,-2.067992,-0.182648
4362.233343,sim,1.410163,-0.084067,-2.677491,0.960875,-2.069353,-0.182685
4362.237343,sim,1.410144,-0.084031,-2.677172,0.960271,-2.070758,-0.182653
4362.241506,sim,1.410153,-0.084065,-2.676818,0.959665,-2.072124,-0.182686
4362.245394,sim,1.410139,-0.084031,-2.676824,0.959678,-2.072143,-0.182654
4362.249349,sim,1.410148,-0.084065,-2.676442,0.959094,-2.073517,-0.182687
4362.253329,sim,1.410128,-0.084029,-2.676041,0.958565,-2.074945,-0.182652
4362.257365,sim,1.410137,-0.084063,-2.675595,0.958032,-2.076338,-0.182688
4362.261517,sim,1.410119,-0.084029,-2.675136,0.957554,-2.077773,-0.182656
4362.265263,sim,1.410128,-0.084063,-2.674640,0.957080,-2.079162,-0.182688
4362.269352,sim,1.410110,-0.084026,-2.674137,0.956660,-2.080579,-0.182659
4362.273467,sim,1.410120,-0.084060,-2.673603,0.956246,-2.081939,-0.182691
4362.277346,sim,1.410106,-0.084025,-2.673610,0.956259,-2.081958,-0.182659
4362.281583,sim,1.410116,-0.084062,-2.673051,0.955887,-2.083287,-0.182694
4362.285288,sim,1.410101,-0.084019,-2.672479,0.955581,-2.084614,-0.182668
4362.289326,sim,1.410111,-0.084054,-2.671865,0.955307,-2.085870,-0.182694
4362.293345,sim,1.410094,-0.084019,-2.671242,0.955097,-2.087124,-0.182659
4362.297312,sim,1.410107,-0.084047,-2.670585,0.954893,-2.088299,-0.182696
4362.301316,sim,1.410092,-0.084008,-2.669926,0.954752,-2.089477,-0.182665
4362.305325,sim,1.410105,-0.084043,-2.669237,0.954618,-2.090579,-0.182700
4362.309291,sim,1.410088,-0.084009,-2.669245,0.954638,-2.090602,-0.182657
4362.313277,sim,1.410104,-0.084038,-2.668534,0.954522,-2.091664,-0.182700
4362.317297,sim,1.410088,-0.084000,-2.667807,0.954467,-2.092740,-0.182661
4362.321362,sim,1.410102,-0.084033,-2.667036,0.954397,-2.093736,-0.182700
4362.325336,sim,1.410088,-0.083990,-2.666256,0.954372,-2.094742,-0.182668
4362.329423,sim,1.410101,-0.084022,-2.665440,0.954342,-2.095678,-0.182698
4362.333270,sim,1.410088,-0.083979,-2.664621,0.954343,-2.096617,-0.182674
4362.337309,sim,1.410102,-0.084015,-2.664614,0.954334,-2.096600,-0.182701
4362.341433,sim,1.410088,-0.083973,-2.663782,0.954347,-2.097503,-0.182670
4362.345374,sim,1.410099,-0.084001,-2.662925,0.954349,-2.098332,-0.182694
4362.349234,sim,1.410087,-0.083960,-2.662069,0.954371,-2.099153,-0.182669
4362.353292,sim,1.410100,-0.083993,-2.661188,0.954378,-2.099900,-0.182699
4362.357329,sim,1.410087,-0.083950,-2.660311,0.954409,-2.100647,-0.182672
4362.361490,sim,1.410101,-0.083982,-2.659409,0.954423,-2.101324,-0.182702
4362.365326,sim,1.410087,-0.083942,-2.658511,0.954458,-2.102001,-0.182676
4362.369420,sim,1.410101,-0.083979,-2.658504,0.954450,-2.101984,-0.182703
4362.373334,sim,1.410088,-0.083934,-2.657569,0.954483,-2.102622,-0.182680
4362.377429,sim,1.410100,-0.083971,-2.656556,0.954511,-2.103192,-0.182700
4362.381579,sim,1.410088,-0.083929,-2.655502,0.954545,-2.103748,-0.182680
4362.385369,sim,1.410102,-0.083963,-2.654384,0.954570,-2.104237,-0.182707
4362.389371,sim,1.410085,-0.083929,-2.653237,0.954620,-2.104725,-0.182671
4362.393366,sim,1.410101,-0.083961,-2.652038,0.954640,-2.105139,-0.182706
4362.397314,sim,1.410087,-0.083924,-2.650824,0.954687,-2.105557,-0.182676
4362.401490,sim,1.410101,-0.083962,-2.650816,0.954675,-2.105537,-0.182709
4362.405415,sim,1.410087,-0.083922,-2.649569,0.954723,-2.105917,-0.182679
4362.409426,sim,1.410100,-0.083956,-2.648272,0.954758,-2.106221,-0.182704
4362.413418,sim,1.410087,-0.083919,-2.646959,0.954812,-2.106516,-0.182678
4362.417437,sim,1.410103,-0.083950,-2.645607,0.954846,-2.106738,-0.182713
4362.421513,sim,1.410085,-0.083916,-2.644252,0.954919,-2.106968,-0.182671
4362.425399,sim,1.410101,-0.083952,-2.644243,0.954904,-2.106947,-0.182707
4362.429432,sim,1.410087,-0.083913,-2.642866,0.954969,-2.107138,-0.182679
4362.433425,sim,1.410102,-0.083947,-2.641449,0.955019,-2.107265,-0.182708
4362.437362,sim,1.410088,-0.083908,-2.640026,0.955092,-2.107397,-0.182681
4362.441452,sim,1.410104,-0.083943,-2.638572,0.955146,-2.107468,-0.182715
4362.445388,sim,1.410088,-0.083901,-2.637126,0.955229,-2.107555,-0.182681
4362.449390,sim,1.410103,-0.083933,-2.635659,0.955290,-2.107585,-0.182711
4362.453371,sim,1.410089,-0.083894,-2.634207,0.955373,-2.107631,-0.182684
4362.457406,sim,1.410104,-0.083930,-2.634199,0.955361,-2.107612,-0.182715
4362.461476,sim,1.410090,-0.083890,-2.632747,0.955446,-2.107645,-0.182685
4362.465428,sim,1.410102,-0.083923,-2.631274,0.955514,-2.107633,-0.182707
4362.469444,sim,1.410087,-0.083879,-2.629816,0.955596,-2.107643,-0.182679
4362.473448,sim,1.410106,-0.083908,-2.628345,0.955650,-2.107604,-0.182717
4362.477412,sim,1.410089,-0.083872,-2.626894,0.955737,-2.107599,-0.182682
4362.481678,sim,1.410105,-0.083902,-2.625436,0.955792,-2.107546,-0.182716
4362.485492,sim,1.410089,-0.083861,-2.624008,0.955872,-2.107525,-0.182684
4362.489394,sim,1.410105,-0.083898,-2.624000,0.955860,-2.107507,-0.182715
4362.493457,sim,1.410090,-0.083856,-2.622559,0.955935,-2.107479,-0.182685
4362.497426,sim,1.410106,-0.083888,-2.621066,0.955983,-2.107406,-0.182716
4362.501504,sim,1.410088,-0.083850,-2.619557,0.956054,-2.107365,-0.182680
4362.505432,sim,1.410106,-0.083878,-2.618003,0.956089,-2.107276,-0.182717
4362.509432,sim,1.410091,-0.083841,-2.616440,0.956146,-2.107219,-0.182689
4362.514251,sim,1.410107,-0.083871,-2.614841,0.956175,-2.107121,-0.182720
4362.517453,sim,1.410089,-0.083843,-2.614848,0.956196,-2.107142,-0.182680
4362.521519,sim,1.410107,-0.083871,-2.613236,0.956214,-2.107034,-0.182722
4362.525455,sim,1.410091,-0.083833,-2.611636,0.956262,-2.106964,-0.182687
4362.529513,sim,1.410106,-0.083869,-2.610017,0.956282,-2.106851,-0.182714
4362.533453,sim,1.410092,-0.083830,-2.608414,0.956314,-2.106766,-0.182692
4362.537450,sim,1.410106,-0.083865,-2.606800,0.956329,-2.106647,-0.182715
4362.541518,sim,1.410093,-0.083827,-2.605206,0.956353,-2.106552,-0.182693
4362.545646,sim,1.410108,-0.083863,-2.603604,0.956360,-2.106423,-0.182719
4362.549501,sim,1.410091,-0.083829,-2.603613,0.956374,-2.106442,-0.182686
4362.553483,sim,1.410108,-0.083861,-2.602001,0.956373,-2.106300,-0.182718
4362.557409,sim,1.410095,-0.083822,-2.600380,0.956391,-2.106177,-0.182698
4362.561548,sim,1.410108,-0.083855,-2.598723,0.956397,-2.106012,-0.182718
4362.565504,sim,1.410095,-0.083815,-2.597064,0.956414,-2.105862,-0.182696
4362.569497,sim,1.410109,-0.083846,-2.595379,0.956419,-2.105672,-0.182718
4362.573473,sim,1.410093,-0.083806,-2.593704,0.956438,-2.105502,-0.182692
4362.577618,sim,1.410112,-0.083828,-2.592013,0.956430,-2.105288,-0.182727
4362.581849,sim,1.410093,-0.083802,-2.592020,0.956451,-2.105309,-0.182688
4362.585462,sim,1.410112,-0.083821,-2.590314,0.956439,-2.105076,-0.182729
4362.589605,sim,1.410094,-0.083787,-2.588593,0.956470,-2.104864,-0.182688
4362.593551,sim,1.410113,-0.083805,-2.586832,0.956456,-2.104584,-0.182732
4362.597614,sim,1.410094,-0.083769,-2.585066,0.956488,-2.104332,-0.182690
4362.601675,sim,1.410111,-0.083772,-2.583272,0.956474,-2.104019,-0.182728
4362.605537,sim,1.410094,-0.083765,-2.583277,0.956502,-2.104040,-0.182685
4362.609509,sim,1.410111,-0.083782,-2.581453,0.956487,-2.103701,-0.182728
4362.613599,sim,1.410094,-0.083742,-2.579614,0.956517,-2.103382,-0.182690
4362.617548,sim,1.410111,-0.083748,-2.577737,0.956502,-2.102999,-0.182729
4362.621586,sim,1.410097,-0.083728,-2.575854,0.956534,-2.102633,-0.182694
4362.625606,sim,1.410112,-0.083732,-2.573955,0.956520,-2.102212,-0.182732
4362.629600,sim,1.410097,-0.083713,-2.572067,0.956553,-2.101816,-0.182695
4362.633477,sim,1.410112,-0.083713,-2.570179,0.956537,-2.101366,-0.182736
4362.637498,sim,1.410096,-0.083709,-2.570183,0.956568,-2.101390,-0.182690
4362.641636,sim,1.410111,-0.083708,-2.568308,0.956551,-2.100920,-0.182732
4362.645533,sim,1.410095,-0.083713,-2.566448,0.956603,-2.100471,-0.182683
4362.649569,sim,1.410111,-0.083692,-2.564597,0.956577,-2.099949,-0.182737
4362.653533,sim,1.410097,-0.083675,-2.562769,0.956624,-2.099458,-0.182692
4362.657518,sim,1.410112,-0.083680,-2.560947,0.956615,-2.098901,-0.182735
4362.661657,sim,1.410096,-0.083686,-2.559150,0.956673,-2.098374,-0.182687
4362.665513,sim,1.410109,-0.083667,-2.557374,0.956660,-2.097789,-0.182733
4362.669541,sim,1.410097,-0.083675,-2.557376,0.956693,-2.097812,-0.182689
4362.673760,sim,1.410112,-0.083656,-2.555612,0.956676,-2.097204,-0.182741
4362.677607,sim,1.410097,-0.083664,-2.553856,0.956739,-2.096621,-0.182688
4362.681885,sim,1.410110,-0.083649,-2.552104,0.956725,-2.095963,-0.182737
4362.685618,sim,1.410097,-0.083653,-2.550366,0.956781,-2.095332,-0.182691
4362.689660,sim,1.410112,-0.083637,-2.548638,0.956764,-2.094635,-0.182741
4362.693569,sim,1.410097,-0.083645,-2.546930,0.956824,-2.093974,-0.182690
4362.697627,sim,1.410111,-0.083632,-2.546929,0.956785,-2.093949,-0.182740
4362.701683,sim,1.410096,-0.083642,-2.545247,0.956846,-2.093280,-0.182686
4362.705595,sim,1.410109,-0.083629,-2.543594,0.956830,-2.092553,-0.182733
4362.710123,sim,1.410098,-0.083634,-2.541975,0.956880,-2.091865,-0.182693
4362.713592,sim,1.410109,-0.083621,-2.540384,0.956869,-2.091129,-0.182733
4362.717544,sim,1.410098,-0.083628,-2.538821,0.956920,-2.090430,-0.182693
4362.721637,sim,1.410109,-0.083614,-2.537283,0.956910,-2.089684,-0.182735
4362.725628,sim,1.410096,-0.083623,-2.535769,0.956969,-2.088978,-0.182689
4362.729640,sim,1.410111,-0.083608,-2.535767,0.956929,-2.088952,-0.182741
4362.733608,sim,1.410096,-0.083619,-2.534247,0.957000,-2.088226,-0.182687
4362.737625,sim,1.410110,-0.083600,-2.532690,0.957002,-2.087404,-0.182738
4362.741742,sim,1.410097,-0.083608,-2.531107,0.957092,-2.086597,-0.182689
4362.745627,sim,1.410111,-0.083588,-2.529496,0.957116,-2.085705,-0.182740
4362.749524,sim,1.410096,-0.083592,-2.527870,0.957228,-2.084837,-0.182688
4362.753603,sim,1.410112,-0.083569,-2.526226,0.957267,-2.083889,-0.182743
4362.757612,sim,1.410096,-0.083574,-2.524575,0.957397,-2.082976,-0.182688
4362.761767,sim,1.410111,-0.083563,-2.524574,0.957358,-2.082949,-0.182740
4362.765649,sim,1.410096,-0.083563,-2.522916,0.957497,-2.082008,-0.182689
4362.769651,sim,1.410109,-0.083545,-2.521251,0.957576,-2.080984,-0.182734
4362.773618,sim,1.410098,-0.083543,-2.519589,0.957731,-2.079976,-0.182696
4362.777686,sim,1.410108,-0.083526,-2.517931,0.957841,-2.078904,-0.182730
4362.781790,sim,1.410098,-0.083525,-2.516283,0.958015,-2.077851,-0.182694
4362.785654,sim,1.410110,-0.083514,-2.516283,0.957982,-2.077828,-0.182737
4362.789707,sim,1.410097,-0.083519,-2.514644,0.958176,-2.076755,-0.182690
4362.793703,sim,1.410110,-0.083498,-2.513011,0.958315,-2.075600,-0.182737
4362.797639,sim,1.410097,-0.083505,-2.511389,0.958541,-2.074468,-0.182690
4362.801760,sim,1.410110,-0.083485,-2.509780,0.958710,-2.073261,-0.182737
4362.805728,sim,1.410097,-0.083493,-2.508188,0.958965,-2.072084,-0.182690
4362.809662,sim,1.410111,-0.083475,-2.506615,0.959161,-2.070839,-0.182739
4362.813612,sim,1.410097,-0.083482,-2.505067,0.959444,-2.069635,-0.182689
4362.817712,sim,1.410111,-0.083471,-2.505065,0.959408,-2.069608,-0.182738
4362.821828,sim,1.410097,-0.083476,-2.503534,0.959715,-2.068380,-0.182689
4362.825684,sim,1.410109,-0.083459,-2.502011,0.959987,-2.067065,-0.182733
4362.829694,sim,1.410097,-0.083466,-2.500500,0.960357,-2.065768,-0.182690
4362.833699,sim,1.410108,-0.083451,-2.499002,0.960692,-2.064399,-0.182731
4362.837646,sim,1.410098,-0.083455,-2.497520,0.961112,-2.063053,-0.182695
4362.841813,sim,1.410110,-0.083439,-2.496052,0.961495,-2.061650,-0.182736
4362.845608,sim,1.410098,-0.083446,-2.494606,0.961962,-2.060281,-0.182694
4362.849722,sim,1.410110,-0.083434,-2.494605,0.961930,-2.060258,-0.182736
4362.853677,sim,1.410098,-0.083443,-2.493170,0.962422,-2.058872,-0.182692
4362.857657,sim,1.410110,-0.083425,-2.491739,0.962874,-2.057409,-0.182736
4362.861753,sim,1.410098,-0.083436,-2.490316,0.963418,-2.055971,-0.182691
4362.865880,sim,1.410107,-0.083423,-2.488904,0.963921,-2.054469,-0.182729
4362.869738,sim,1.410099,-0.083429,-2.487504,0.964496,-2.052993,-0.182695
4362.873748,sim,1.410109,-0.083419,-2.487504,0.964467,-2.052972,-0.182733
4362.877663,sim,1.410099,-0.083426,-2.486112,0.965064,-2.051475,-0.182696
4362.881885,sim,1.410108,-0.083404,-2.484725,0.965626,-2.049904,-0.182733
4362.885803,sim,1.410101,-0.083425,-2.483339,0.966270,-2.048345,-0.182697
4362.889735,sim,1.410107,-0.083404,-2.481968,0.966873,-2.046726,-0.182730
4362.893695,sim,1.410100,-0.083425,-2.480604,0.967551,-2.045127,-0.182693
4362.897742,sim,1.410109,-0.083405,-2.479259,0.968179,-2.043472,-0.182734
4362.901838,sim,1.410101,-0.083420,-2.477932,0.968879,-2.041852,-0.182697
4362.905679,sim,1.410107,-0.083399,-2.476630,0.969530,-2.040189,-0.182730
4362.909732,sim,1.410101,-0.083422,-2.476627,0.969559,-2.040208,-0.182696
4362.913687,sim,1.410109,-0.083405,-2.475351,0.970219,-2.038529,-0.182733
4362.917729,sim,1.410101,-0.083418,-2.474100,0.970953,-2.036866,-0.182697
4362.921764,sim,1.410109,-0.083396,-2.472877,0.971643,-2.035135,-0.182733
4362.925679,sim,1.410101,-0.083420,-2.471670,0.972411,-2.033423,-0.182692
4362.929719,sim,1.410110,-0.083397,-2.470489,0.973123,-2.031638,-0.182736
4362.933682,sim,1.410101,-0.083419,-2.469320,0.973918,-2.029880,-0.182692
4362.937693,sim,1.410109,-0.083396,-2.468171,0.974655,-2.028050,-0.182732
4362.941800,sim,1.410101,-0.083419,-2.468169,0.974688,-2.028073,-0.182692
4362.945737,sim,1.410111,-0.083397,-2.467019,0.975442,-2.026191,-0.182737
4362.949726,sim,1.410101,-0.083419,-2.465858,0.976295,-2.024293,-0.182690
4362.953714,sim,1.410108,-0.083396,-2.464695,0.977098,-2.022285,-0.182730
4362.957661,sim,1.410103,-0.083417,-2.463525,0.977979,-2.020272,-0.182696
4362.961986,sim,1.410111,-0.083393,-2.462363,0.978812,-2.018177,-0.182735
4362.965761,sim,1.410102,-0.083419,-2.462360,0.978847,-2.018201,-0.182693
4362.969726,sim,1.410110,-0.083396,-2.461201,0.979690,-2.016066,-0.182734
4362.973806,sim,1.410102,-0.083420,-2.460037,0.980614,-2.013938,-0.182691
4362.977741,sim,1.410109,-0.083398,-2.458884,0.981478,-2.011729,-0.182729
4362.981963,sim,1.410105,-0.083422,-2.457731,0.982406,-2.009532,-0.182699
4362.985690,sim,1.410108,-0.083395,-2.456597,0.983285,-2.007283,-0.182727
4362.989807,sim,1.410104,-0.083415,-2.455467,0.984215,-2.005056,-0.182697
4362.993834,sim,1.410110,-0.083394,-2.454358,0.985085,-2.002786,-0.182733
4362.997809,sim,1.410103,-0.083418,-2.454355,0.985117,-2.002808,-0.182695
4363.001872,sim,1.410110,-0.083394,-2.453267,0.985980,-2.000532,-0.182734
4363.005739,sim,1.410103,-0.083426,-2.452195,0.986908,-1.998299,-0.182691
4363.010198,sim,1.410110,-0.083391,-2.451157,0.987753,-1.996015,-0.182736
4363.013773,sim,1.410104,-0.083424,-2.450135,0.988666,-1.993788,-0.182693
4363.017751,sim,1.410108,-0.083394,-2.449149,0.989500,-1.991526,-0.182729
4363.021848,sim,1.410106,-0.083424,-2.448180,0.990381,-1.989320,-0.182699
4363.025821,sim,1.410108,-0.083399,-2.447247,0.991198,-1.987104,-0.182726
4363.029818,sim,1.410104,-0.083417,-2.447244,0.991222,-1.987122,-0.182697
4363.033775,sim,1.410111,-0.083389,-2.446332,0.992029,-1.984894,-0.182734
4363.037826,sim,1.410103,-0.083417,-2.445423,0.992911,-1.982676,-0.182693
4363.041950,sim,1.410110,-0.083392,-2.444532,0.993732,-1.980378,-0.182733
4363.045867,sim,1.410105,-0.083426,-2.443644,0.994627,-1.978099,-0.182695
4363.049789,sim,1.410109,-0.083397,-2.442777,0.995462,-1.975755,-0.182730
4363.053786,sim,1.410106,-0.083424,-2.442773,0.995491,-1.975774,-0.182697
4363.057897,sim,1.410109,-0.083389,-2.441912,0.996338,-1.973388,-0.182730
4363.061955,sim,1.410107,-0.083419,-2.441040,0.997261,-1.970979,-0.182698
4363.065830,sim,1.410108,-0.083394,-2.440179,0.998143,-1.968486,-0.182726
4363.069836,sim,1.410106,-0.083424,-2.439314,0.999086,-1.965988,-0.182697
4363.073778,sim,1.410110,-0.083390,-2.438468,0.999975,-1.963427,-0.182732
4363.078095,sim,1.410106,-0.083422,-2.437621,1.000930,-1.960892,-0.182694
4363.082092,sim,1.410111,-0.083392,-2.436798,1.001813,-1.958306,-0.182732
4363.085831,sim,1.410107,-0.083425,-2.435981,1.002755,-1.955771,-0.182696
4363.089971,sim,1.410110,-0.083397,-2.435986,1.002726,-1.955752,-0.182729
4363.093836,sim,1.410107,-0.083422,-2.435197,1.003643,-1.953244,-0.182698
4363.098494,sim,1.410110,-0.083389,-2.434451,1.004477,-1.950744,-0.182729
4363.101838,sim,1.410108,-0.083420,-2.433725,1.005344,-1.948322,-0.182698
4363.105833,sim,1.410111,-0.083392,-2.433037,1.006131,-1.945902,-0.182729
4363.109859,sim,1.410108,-0.083423,-2.432366,1.006952,-1.943554,-0.182698
4363.113732,sim,1.410110,-0.083394,-2.431729,1.007700,-1.941205,-0.182726
4363.117859,sim,1.410108,-0.083425,-2.431102,1.008482,-1.938920,-0.182698
4363.121932,sim,1.410111,-0.083389,-2.431108,1.008451,-1.938900,-0.182732
4363.125855,sim,1.410107,-0.083422,-2.430492,1.009238,-1.936602,-0.182695
4363.129847,sim,1.410110,-0.083394,-2.429885,1.009973,-1.934200,-0.182728
4363.133824,sim,1.410108,-0.083426,-2.429268,1.010777,-1.931785,-0.182698
4363.137849,sim,1.410111,-0.083389,-2.428664,1.011529,-1.929287,-0.182731
4363.141983,sim,1.410109,-0.083419,-2.428052,1.012347,-1.926793,-0.182699
4363.145955,sim,1.410111,-0.083395,-2.428056,1.012321,-1.926775,-0.182728
4363.149771,sim,1.410109,-0.083424,-2.427444,1.013146,-1.924232,-0.182700
4363.153821,sim,1.410112,-0.083392,-2.426843,1.013929,-1.921602,-0.182731
4363.157788,sim,1.410107,-0.083422,-2.426233,1.014783,-1.918973,-0.182696
4363.161953,sim,1.410111,-0.083394,-2.425636,1.015582,-1.916274,-0.182728
4363.165809,sim,1.410109,-0.083425,-2.425036,1.016442,-1.913598,-0.182699
4363.169816,sim,1.410110,-0.083395,-2.424455,1.017248,-1.910886,-0.182726
4363.173852,sim,1.410109,-0.083425,-2.423874,1.018102,-1.908216,-0.182699
4363.177870,sim,1.410110,-0.083394,-2.423879,1.018076,-1.908199,-0.182727
4363.182010,sim,1.410108,-0.083419,-2.423316,1.018926,-1.905547,-0.182700
4363.185885,sim,1.410112,-0.083390,-2.422784,1.019717,-1.902874,-0.182731
4363.189875,sim,1.410109,-0.083424,-2.422261,1.020564,-1.900262,-0.182699
4363.193936,sim,1.410112,-0.083393,-2.421769,1.021345,-1.897635,-0.182730
4363.197841,sim,1.410109,-0.083420,-2.421287,1.022177,-1.895076,-0.182699
4363.201943,sim,1.410111,-0.083396,-2.420833,1.022946,-1.892509,-0.182726
4363.205819,sim,1.410109,-0.083425,-2.420388,1.023756,-1.890013,-0.182699
4363.209933,sim,1.410111,-0.083399,-2.420393,1.023732,-1.889997,-0.182725
4363.213847,sim,1.410109,-0.083423,-2.419968,1.024532,-1.887515,-0.182700
4363.217907,sim,1.410111,-0.083394,-2.419573,1.025278,-1.884998,-0.182727
4363.222037,sim,1.410110,-0.083420,-2.419187,1.026065,-1.882513,-0.182703
4363.225798,sim,1.410111,-0.083394,-2.418830,1.026800,-1.880003,-0.182727
4363.229934,sim,1.410108,-0.083423,-2.418479,1.027577,-1.877537,-0.182699
4363.233912,sim,1.410110,-0.083392,-2.418485,1.027550,-1.877519,-0.182727
4363.237899,sim,1.410109,-0.083417,-2.418152,1.028318,-1.875043,-0.182702
4363.241981,sim,1.410112,-0.083394,-2.417846,1.029034,-1.872514,-0.182727
4363.245887,sim,1.410109,-0.083424,-2.417546,1.029796,-1.870006,-0.182700
4363.251048,sim,1.410111,-0.083394,-2.417274,1.030496,-1.867457,-0.182728
4363.253920,sim,1.410108,-0.083423,-2.417008,1.031246,-1.864949,-0.182697
4363.257820,sim,1.410110,-0.083396,-2.416769,1.031928,-1.862409,-0.182725
4363.262016,sim,1.410109,-0.083425,-2.416536,1.032651,-1.859921,-0.182700
4363.265989,sim,1.410111,-0.083397,-2.416330,1.033309,-1.857422,-0.182726
4363.269926,sim,1.410109,-0.083416,-2.416327,1.033332,-1.857439,-0.182702
4363.273852,sim,1.410111,-0.083394,-2.416142,1.033977,-1.854973,-0.182725
4363.277882,sim,1.410109,-0.083420,-2.415973,1.034651,-1.852573,-0.182701
4363.282135,sim,1.410111,-0.083397,-2.415838,1.035263,-1.850171,-0.182725
4363.285914,sim,1.410109,-0.083425,-2.415715,1.035907,-1.847829,-0.182701
4363.289899,sim,1.410110,-0.083396,-2.415622,1.036491,-1.845482,-0.182725
4363.293862,sim,1.410109,-0.083421,-2.415538,1.037110,-1.843188,-0.182702
4363.297961,sim,1.410111,-0.083395,-2.415480,1.037673,-1.840882,-0.182726
4363.302057,sim,1.410110,-0.083423,-2.415475,1.037697,-1.840897,-0.182702
4363.305769,sim,1.410112,-0.083396,-2.415431,1.038252,-1.838586,-0.182727
4363.309770,sim,1.410109,-0.083424,-2.415389,1.038857,-1.836286,-0.182699
4363.313973,sim,1.410111,-0.083395,-2.415369,1.039402,-1.833934,-0.182725
4363.317928,sim,1.410111,-0.083419,-2.415349,1.039987,-1.831604,-0.182704
4363.321916,sim,1.410111,-0.083402,-2.415346,1.040526,-1.829249,-0.182721
4363.325901,sim,1.410110,-0.083426,-2.415341,1.040546,-1.829261,-0.182701
4363.329842,sim,1.410112,-0.083398,-2.415348,1.041068,-1.826899,-0.182725
4363.333911,sim,1.410111,-0.083423,-2.415351,1.041624,-1.824561,-0.182702
4363.337834,sim,1.410113,-0.083400,-2.415369,1.042123,-1.822191,-0.182724
4363.341909,sim,1.410113,-0.083425,-2.415383,1.042654,-1.819855,-0.182702
4363.345826,sim,1.410114,-0.083399,-2.415412,1.043127,-1.817501,-0.182724
4363.349853,sim,1.410114,-0.083424,-2.415435,1.043630,-1.815191,-0.182702
4363.353813,sim,1.410115,-0.083405,-2.415470,1.044076,-1.812874,-0.182722
4363.357889,sim,1.410114,-0.083429,-2.415465,1.044096,-1.812887,-0.182701
4363.362033,sim,1.410116,-0.083404,-2.415504,1.044523,-1.810579,-0.182722
4363.365866,sim,1.410115,-0.083426,-2.415533,1.044971,-1.808292,-0.182702
4363.369813,sim,1.410118,-0.083405,-2.415572,1.045358,-1.805974,-0.182723
4363.373833,sim,1.410118,-0.083429,-2.415601,1.045768,-1.803688,-0.182704
4363.377881,sim,1.410119,-0.083406,-2.415640,1.046122,-1.801385,-0.182722
4363.382138,sim,1.410119,-0.083430,-2.415668,1.046498,-1.799118,-0.182702
4363.385787,sim,1.410120,-0.083408,-2.415705,1.046816,-1.796841,-0.182722
4363.389899,sim,1.410118,-0.083431,-2.415701,1.046838,-1.796856,-0.182700
4363.393861,sim,1.410120,-0.083403,-2.415737,1.047134,-1.794581,-0.182723
4363.397964,sim,1.410120,-0.083423,-2.415761,1.047453,-1.792327,-0.182702
4363.401975,sim,1.410122,-0.083406,-2.415790,1.047708,-1.790038,-0.182723
4363.405791,sim,1.410121,-0.083435,-2.415807,1.047989,-1.787782,-0.182700
4363.409892,sim,1.410123,-0.083406,-2.415834,1.048199,-1.785499,-0.182724
4363.413838,sim,1.410121,-0.083431,-2.415828,1.048224,-1.785516,-0.182700
4363.417887,sim,1.410122,-0.083407,-2.415852,1.048418,-1.783231,-0.182722
4363.421863,sim,1.410122,-0.083426,-2.415864,1.048633,-1.780959,-0.182702
4363.425916,sim,1.410123,-0.083413,-2.415881,1.048793,-1.778653,-0.182720
4363.429951,sim,1.410122,-0.083432,-2.415890,1.048967,-1.776368,-0.182703
4363.433828,sim,1.410124,-0.083409,-2.415905,1.049086,-1.774064,-0.182722
4363.437805,sim,1.410123,-0.083431,-2.415910,1.049230,-1.771796,-0.182700
4363.441973,sim,1.410124,-0.083414,-2.415922,1.049315,-1.769515,-0.182720
4363.445880,sim,1.410124,-0.083434,-2.415925,1.049424,-1.767284,-0.182702
4363.449924,sim,1.410125,-0.083409,-2.415930,1.049401,-1.767269,-0.182723
4363.453837,sim,1.410124,-0.083431,-2.415932,1.049499,-1.765074,-0.182701
4363.457917,sim,1.410125,-0.083415,-2.415942,1.049540,-1.762887,-0.182720
4363.462062,sim,1.410125,-0.083436,-2.415943,1.049609,-1.760763,-0.182702
4363.465842,sim,1.410126,-0.083413,-2.415953,1.049626,-1.758649,-0.182721
4363.469911,sim,1.410127,-0.083436,-2.415953,1.049673,-1.756591,-0.182702
4363.473894,sim,1.410128,-0.083414,-2.415963,1.049671,-1.754538,-0.182720
4363.477966,sim,1.410129,-0.083434,-2.415963,1.049702,-1.752538,-0.182703
4363.482151,sim,1.410129,-0.083414,-2.415967,1.049684,-1.752527,-0.182720
4363.485838,sim,1.410129,-0.083433,-2.415969,1.049710,-1.750525,-0.182701
4363.489952,sim,1.410132,-0.083416,-2.415980,1.049694,-1.748473,-0.182719
4363.493934,sim,1.410133,-0.083437,-2.415985,1.049716,-1.746425,-0.182702
4363.497944,sim,1.410136,-0.083413,-2.416002,1.049693,-1.744334,-0.182722
4363.501953,sim,1.410138,-0.083437,-2.416010,1.049714,-1.742261,-0.182702
4363.505963,sim,1.410137,-0.083416,-2.416015,1.049694,-1.742249,-0.182719
4363.509946,sim,1.410141,-0.083434,-2.416027,1.049709,-1.740148,-0.182704
4363.513948,sim,1.410144,-0.083422,-2.416050,1.049691,-1.737990,-0.182717
4363.517851,sim,1.410146,-0.083437,-2.416070,1.049702,-1.735821,-0.182703
4363.521993,sim,1.410150,-0.083422,-2.416100,1.049682,-1.733610,-0.182718
4363.525922,sim,1.410153,-0.083442,-2.416125,1.049696,-1.731403,-0.182703
4363.529910,sim,1.410157,-0.083417,-2.416164,1.049670,-1.729163,-0.182722
4363.533914,sim,1.410160,-0.083442,-2.416194,1.049691,-1.726947,-0.182701
4363.537947,sim,1.410160,-0.083424,-2.416198,1.049670,-1.726934,-0.182719
4363.542068,sim,1.410163,-0.083445,-2.416235,1.049687,-1.724692,-0.182701
4363.545859,sim,1.410166,-0.083426,-2.416288,1.049664,-1.722380,-0.182718
4363.549911,sim,1.410169,-0.083445,-2.416338,1.049679,-1.720053,-0.182702
4363.553883,sim,1.410171,-0.083421,-2.416405,1.049653,-1.717671,-0.182722
4363.557931,sim,1.410173,-0.083444,-2.416466,1.049674,-1.715293,-0.182701
4363.562069,sim,1.410174,-0.083426,-2.416541,1.049651,-1.712870,-0.182718
4363.565834,sim,1.410176,-0.083446,-2.416612,1.049668,-1.710460,-0.182702
4363.570072,sim,1.410176,-0.083427,-2.416617,1.049650,-1.710449,-0.182718
4363.573992,sim,1.410177,-0.083444,-2.416694,1.049664,-1.708025,-0.182703
4363.577991,sim,1.410179,-0.083429,-2.416786,1.049646,-1.705567,-0.182718
4363.582046,sim,1.410179,-0.083452,-2.416876,1.049665,-1.703123,-0.182701
4363.585902,sim,1.410179,-0.083432,-2.416982,1.049643,-1.700654,-0.182717
4363.589931,sim,1.410180,-0.083449,-2.417085,1.049659,-1.698214,-0.182703
4363.593947,sim,1.410180,-0.083429,-2.417090,1.049640,-1.698203,-0.182718
4363.597945,sim,1.410181,-0.083446,-2.417198,1.049658,-1.695768,-0.182702
4363.601935,sim,1.410182,-0.083435,-2.417322,1.049639,-1.693307,-0.182717
4363.605883,sim,1.410181,-0.083453,-2.417445,1.049657,-1.690872,-0.182701
4363.609863,sim,1.410181,-0.083432,-2.417585,1.049635,-1.688422,-0.182718
4363.613885,sim,1.410181,-0.083452,-2.417720,1.049654,-1.686011,-0.182700
4363.617896,sim,1.410181,-0.083434,-2.417870,1.049634,-1.683596,-0.182716
4363.622054,sim,1.410181,-0.083451,-2.418016,1.049651,-1.681227,-0.182702
4363.625857,sim,1.410181,-0.083434,-2.418175,1.049632,-1.678867,-0.182717
4363.629903,sim,1.410181,-0.083453,-2.418170,1.049650,-1.678877,-0.182701
4363.633874,sim,1.410181,-0.083438,-2.418333,1.049634,-1.676567,-0.182715
4363.638079,sim,1.410181,-0.083454,-2.418495,1.049649,-1.674334,-0.182702
4363.642080,sim,1.410181,-0.083434,-2.418673,1.049630,-1.672138,-0.182716
4363.645946,sim,1.410182,-0.083453,-2.418847,1.049646,-1.670013,-0.182701
4363.649877,sim,1.410181,-0.083434,-2.419035,1.049627,-1.667914,-0.182716
4363.653965,sim,1.410182,-0.083454,-2.419219,1.049644,-1.665880,-0.182701
4363.657880,sim,1.410181,-0.083434,-2.419417,1.049624,-1.663864,-0.182717
4363.661973,sim,1.410182,-0.083451,-2.419413,1.049642,-1.663874,-0.182702
4363.665916,sim,1.410182,-0.083437,-2.419620,1.049625,-1.661860,-0.182715
4363.669859,sim,1.410182,-0.083456,-2.419837,1.049641,-1.659832,-0.182700
4363.673946,sim,1.410182,-0.083438,-2.420079,1.049621,-1.657756,-0.182715
4363.678164,sim,1.410182,-0.083452,-2.420327,1.049634,-1.655679,-0.182701
4363.682281,sim,1.410182,-0.083438,-2.420595,1.049614,-1.653568,-0.182715
4363.685998,sim,1.410182,-0.083454,-2.420591,1.049631,-1.653578,-0.182701
4363.689955,sim,1.410182,-0.083437,-2.420873,1.049611,-1.651450,-0.182715
4363.693959,sim,1.410182,-0.083453,-2.421161,1.049623,-1.649323,-0.182701
4363.697924,sim,1.410182,-0.083440,-2.421470,1.049605,-1.647169,-0.182714
4363.702053,sim,1.410182,-0.083458,-2.421781,1.049617,-1.645030,-0.182701
4363.705838,sim,1.410182,-0.083438,-2.422112,1.049594,-1.642879,-0.182716
4363.709844,sim,1.410183,-0.083456,-2.422441,1.049607,-1.640763,-0.182701
4363.714043,sim,1.410182,-0.083438,-2.422785,1.049582,-1.638649,-0.182716
4363.717940,sim,1.410182,-0.083455,-2.422780,1.049602,-1.638660,-0.182701
4363.721994,sim,1.410182,-0.083441,-2.423128,1.049580,-1.636588,-0.182715
4363.725892,sim,1.410182,-0.083453,-2.423472,1.049593,-1.634591,-0.182701
4363.729917,sim,1.410182,-0.083442,-2.423828,1.049571,-1.632626,-0.182715
4363.733931,sim,1.410183,-0.083458,-2.424178,1.049584,-1.630738,-0.182702
4363.737935,sim,1.410182,-0.083441,-2.424539,1.049564,-1.628886,-0.182715
4363.741896,sim,1.410183,-0.083457,-2.424889,1.049580,-1.627111,-0.182700
4363.746042,sim,1.410182,-0.083441,-2.425248,1.049558,-1.625371,-0.182714
4363.749887,sim,1.410183,-0.083453,-2.425244,1.049574,-1.625380,-0.182702
4363.753862,sim,1.410183,-0.083443,-2.425605,1.049556,-1.623686,-0.182713
4363.757894,sim,1.410183,-0.083455,-2.425965,1.049569,-1.622039,-0.182702
4363.761986,sim,1.410183,-0.083442,-2.426340,1.049550,-1.620405,-0.182714
4363.765876,sim,1.410184,-0.083453,-2.426713,1.049564,-1.618819,-0.182702
4363.769845,sim,1.410184,-0.083441,-2.427098,1.049548,-1.617244,-0.182714
4363.773871,sim,1.410185,-0.083457,-2.427093,1.049564,-1.617253,-0.182702
4363.777953,sim,1.410185,-0.083441,-2.427489,1.049546,-1.615688,-0.182714
4363.782216,sim,1.410187,-0.083457,-2.427890,1.049562,-1.614136,-0.182702
4363.785907,sim,1.410187,-0.083440,-2.428316,1.049543,-1.612561,-0.182714
4363.789858,sim,1.410190,-0.083457,-2.428745,1.049560,-1.611003,-0.182703
4363.793897,sim,1.410190,-0.083443,-2.429194,1.049544,-1.609428,-0.182713
4363.797954,sim,1.410192,-0.083455,-2.429647,1.049558,-1.607872,-0.182702
4363.801956,sim,1.410193,-0.083441,-2.430117,1.049541,-1.606305,-0.182714
4363.805976,sim,1.410193,-0.083456,-2.430113,1.049557,-1.606313,-0.182702
4363.809885,sim,1.410194,-0.083440,-2.430598,1.049538,-1.604747,-0.182714
4363.813920,sim,1.410196,-0.083456,-2.431090,1.049555,-1.603203,-0.182701
4363.817887,sim,1.410196,-0.083442,-2.431608,1.049533,-1.601644,-0.182713
4363.821915,sim,1.410198,-0.083455,-2.432129,1.049544,-1.600114,-0.182701
4363.825908,sim,1.410198,-0.083440,-2.432669,1.049521,-1.598578,-0.182714
4363.829907,sim,1.410200,-0.083455,-2.433208,1.049530,-1.597078,-0.182703
4363.833935,sim,1.410200,-0.083441,-2.433760,1.049508,-1.595584,-0.182713
4363.837972,sim,1.410202,-0.083456,-2.434305,1.049519,-1.594133,-0.182700
4363.841988,sim,1.410201,-0.083442,-2.434309,1.049501,-1.594124,-0.182713
4363.845937,sim,1.410202,-0.083453,-2.434856,1.049506,-1.592713,-0.182701
4363.849864,sim,1.410202,-0.083443,-2.435409,1.049477,-1.591338,-0.182713
4363.853908,sim,1.410203,-0.083453,-2.435955,1.049478,-1.590030,-0.182702
4363.858023,sim,1.410203,-0.083442,-2.436509,1.049445,-1.588752,-0.182712
4363.862072,sim,1.410204,-0.083458,-2.437053,1.049446,-1.587536,-0.182699
4363.865846,sim,1.410203,-0.083444,-2.437057,1.049428,-1.587526,-0.182712
4363.869873,sim,1.410204,-0.083453,-2.437614,1.049421,-1.586332,-0.182700
4363.873955,sim,1.410203,-0.083442,-2.438198,1.049379,-1.585130,-0.182712
4363.877952,sim,1.410204,-0.083455,-2.438789,1.049367,-1.583958,-0.182700
4363.882042,sim,1.410203,-0.083442,-2.439405,1.049320,-1.582783,-0.182711
4363.885953,sim,1.410204,-0.083457,-2.440023,1.049304,-1.581641,-0.182699
4363.889957,sim,1.410203,-0.083443,-2.440662,1.049252,-1.580499,-0.182711
4363.894010,sim,1.410204,-0.083456,-2.441301,1.049229,-1.579392,-0.182700
4363.898009,sim,1.410202,-0.083440,-2.441306,1.049211,-1.579382,-0.182712
4363.902110,sim,1.410204,-0.083453,-2.441962,1.049188,-1.578290,-0.182700
4363.905924,sim,1.410203,-0.083441,-2.442655,1.049132,-1.577186,-0.182711
4363.909882,sim,1.410204,-0.083454,-2.443364,1.049107,-1.576107,-0.182699
4363.913916,sim,1.410203,-0.083443,-2.444104,1.049048,-1.575018,-0.182710
4363.917920,sim,1.410204,-0.083456,-2.444855,1.049019,-1.573954,-0.182699
4363.922052,sim,1.410203,-0.083443,-2.445631,1.048957,-1.572883,-0.182710
4363.926131,sim,1.410204,-0.083455,-2.446413,1.048928,-1.571840,-0.182699
4363.930043,sim,1.410203,-0.083443,-2.446417,1.048912,-1.571832,-0.182710
4363.933895,sim,1.410204,-0.083455,-2.447216,1.048883,-1.570793,-0.182699
4363.937996,sim,1.410203,-0.083443,-2.448041,1.048824,-1.569738,-0.182709
4363.942063,sim,1.410204,-0.083456,-2.448874,1.048800,-1.568703,-0.182698
4363.945930,sim,1.410203,-0.083442,-2.449727,1.048742,-1.567654,-0.182709
4363.950009,sim,1.410204,-0.083453,-2.450580,1.048720,-1.566630,-0.182698
4363.954018,sim,1.410203,-0.083442,-2.450584,1.048704,-1.566622,-0.182709
4363.958071,sim,1.410205,-0.083457,-2.451444,1.048685,-1.565603,-0.182699
4363.962068,sim,1.410203,-0.083443,-2.452322,1.048638,-1.564570,-0.182708
4363.965924,sim,1.410204,-0.083453,-2.453197,1.048622,-1.563556,-0.182698
4363.969959,sim,1.410203,-0.083442,-2.454084,1.048579,-1.562533,-0.182709
4363.973954,sim,1.410204,-0.083455,-2.454962,1.048570,-1.561534,-0.182699
4363.977935,sim,1.410203,-0.083442,-2.455847,1.048532,-1.560531,-0.182708
4363.982073,sim,1.410204,-0.083454,-2.456718,1.048528,-1.559555,-0.182699
4363.986030,sim,1.410205,-0.083454,-2.456718,1.048519,-1.559550,-0.182706
4363.989965,sim,1.410203,-0.083453,-2.457589,1.048510,-1.558586,-0.182698
4363.993891,sim,1.410203,-0.083438,-2.458464,1.048479,-1.557625,-0.182707
4363.997926,sim,1.410205,-0.083455,-2.459325,1.048484,-1.556693,-0.182698
4364.002072,sim,1.410203,-0.083443,-2.460192,1.048457,-1.555763,-0.182708
4364.005928,sim,1.410204,-0.083453,-2.461045,1.048462,-1.554866,-0.182698
4364.009975,sim,1.410203,-0.083441,-2.461898,1.048437,-1.553971,-0.182708
4364.013887,sim,1.410204,-0.083453,-2.462734,1.048446,-1.553112,-0.182698
4364.018055,sim,1.410203,-0.083442,-2.462738,1.048428,-1.553103,-0.182709
4364.022098,sim,1.410204,-0.083452,-2.463570,1.048441,-1.552267,-0.182697
4364.026019,sim,1.410204,-0.083445,-2.464410,1.048420,-1.551436,-0.182708
4364.029954,sim,1.410204,-0.083455,-2.465244,1.048429,-1.550641,-0.182699
4364.033959,sim,1.410202,-0.083440,-2.466084,1.048410,-1.549857,-0.182707
4364.037964,sim,1.410204,-0.083452,-2.466912,1.048424,-1.549111,-0.182697
4364.042097,sim,1.410204,-0.083445,-2.467742,1.048407,-1.548373,-0.182707
4364.045926,sim,1.410204,-0.083454,-2.467739,1.048423,-1.548380,-0.182697
4364.049958,sim,1.410202,-0.083440,-2.468562,1.048403,-1.547670,-0.182708
4364.054153,sim,1.410204,-0.083452,-2.469365,1.048418,-1.547009,-0.182698
4364.057972,sim,1.410203,-0.083441,-2.470163,1.048403,-1.546367,-0.182707
4364.061970,sim,1.410204,-0.083453,-2.470943,1.048420,-1.545772,-0.182697
4364.065964,sim,1.410203,-0.083441,-2.471721,1.048404,-1.545191,-0.182707
4364.069910,sim,1.410204,-0.083452,-2.472482,1.048420,-1.544655,-0.182698
4364.073982,sim,1.410203,-0.083442,-2.473241,1.048404,-1.544132,-0.182708
4364.077912,sim,1.410204,-0.083450,-2.473237,1.048423,-1.544142,-0.182696
4364.082221,sim,1.410203,-0.083444,-2.473996,1.048408,-1.543650,-0.182706
4364.086036,sim,1.410203,-0.083453,-2.474758,1.048421,-1.543207,-0.182698
4364.090012,sim,1.410203,-0.083443,-2.475534,1.048407,-1.542786,-0.182707
4364.093964,sim,1.410204,-0.083453,-2.476307,1.048422,-1.542410,-0.182698
4364.098019,sim,1.410203,-0.083442,-2.477090,1.048406,-1.542050,-0.182707
4364.102159,sim,1.410203,-0.083451,-2.477866,1.048422,-1.541734,-0.182697
4364.105951,sim,1.410202,-0.083439,-2.478649,1.048404,-1.541429,-0.182706
4364.109974,sim,1.410203,-0.083449,-2.478645,1.048419,-1.541436,-0.182697
4364.114007,sim,1.410203,-0.083442,-2.479431,1.048405,-1.541162,-0.182706
4364.117984,sim,1.410203,-0.083452,-2.480223,1.048418,-1.540931,-0.182698
4364.122091,sim,1.410202,-0.083441,-2.481032,1.048404,-1.540720,-0.182706
4364.125963,sim,1.410202,-0.083449,-2.481843,1.048415,-1.540545,-0.182698
4364.130128,sim,1.410202,-0.083441,-2.482667,1.048398,-1.540384,-0.182708
4364.134046,sim,1.410202,-0.083450,-2.482663,1.048417,-1.540393,-0.182697
4364.138038,sim,1.410202,-0.083441,-2.483496,1.048402,-1.540257,-0.182706
4364.142071,sim,1.410202,-0.083450,-2.484335,1.048416,-1.540153,-0.182698
4364.145986,sim,1.410201,-0.083440,-2.485191,1.048399,-1.540056,-0.182707
4364.149984,sim,1.410202,-0.083451,-2.486045,1.048416,-1.539992,-0.182697
4364.154047,sim,1.410201,-0.083441,-2.486909,1.048400,-1.539928,-0.182706
4364.157994,sim,1.410202,-0.083452,-2.487764,1.048416,-1.539893,-0.182698
4364.162122,sim,1.410202,-0.083443,-2.488622,1.048403,-1.539857,-0.182706
4364.166108,sim,1.410202,-0.083454,-2.488619,1.048416,-1.539862,-0.182698
4364.169947,sim,1.410201,-0.083442,-2.489475,1.048400,-1.539833,-0.182707
4364.173989,sim,1.410202,-0.083447,-2.490320,1.048418,-1.539827,-0.182697
4364.178034,sim,1.410201,-0.083445,-2.491169,1.048402,-1.539807,-0.182707
4364.182254,sim,1.410201,-0.083452,-2.492007,1.048417,-1.539807,-0.182698
4364.185987,sim,1.410201,-0.083442,-2.492845,1.048402,-1.539798,-0.182707
4364.189945,sim,1.410201,-0.083447,-2.493670,1.048418,-1.539806,-0.182697
4364.194063,sim,1.410201,-0.083444,-2.494492,1.048402,-1.539802,-0.182707
4364.197993,sim,1.410201,-0.083450,-2.494489,1.048417,-1.539808,-0.182698
4364.202101,sim,1.410200,-0.083440,-2.495311,1.048402,-1.539806,-0.182706
4364.205985,sim,1.410201,-0.083450,-2.496130,1.048418,-1.539817,-0.182698
4364.210061,sim,1.410202,-0.083453,-2.496956,1.048408,-1.539815,-0.182705
4364.214096,sim,1.410200,-0.083450,-2.497783,1.048418,-1.539825,-0.182698
4364.218037,sim,1.410202,-0.083449,-2.498612,1.048407,-1.539823,-0.182705
4364.222132,sim,1.410200,-0.083446,-2.498611,1.048417,-1.539829,-0.182698
4364.226051,sim,1.410200,-0.083436,-2.499447,1.048401,-1.539827,-0.182705
4364.229949,sim,1.410202,-0.083453,-2.500284,1.048420,-1.539836,-0.182698
4364.233999,sim,1.410200,-0.083440,-2.501137,1.048404,-1.539833,-0.182706
4364.238121,sim,1.410202,-0.083447,-2.501988,1.048419,-1.539843,-0.182697
4364.242083,sim,1.410201,-0.083443,-2.502847,1.048403,-1.539838,-0.182706
4364.246085,sim,1.410201,-0.083452,-2.503699,1.048419,-1.539847,-0.182698
4364.249948,sim,1.410201,-0.083443,-2.504555,1.048405,-1.539844,-0.182705
4364.253982,sim,1.410201,-0.083448,-2.505401,1.048418,-1.539851,-0.182697
4364.258091,sim,1.410201,-0.083442,-2.505404,1.048403,-1.539845,-0.182706
4364.262182,sim,1.410201,-0.083451,-2.506242,1.048417,-1.539853,-0.182698
4364.265975,sim,1.410200,-0.083440,-2.507083,1.048400,-1.539851,-0.182706
4364.269952,sim,1.410202,-0.083449,-2.507912,1.048417,-1.539864,-0.182697
4364.274064,sim,1.410200,-0.083442,-2.508745,1.048399,-1.539863,-0.182706
4364.278048,sim,1.410201,-0.083450,-2.509566,1.048414,-1.539878,-0.182698
4364.282109,sim,1.410200,-0.083442,-2.510391,1.048398,-1.539882,-0.182706
4364.286019,sim,1.410202,-0.083452,-2.511206,1.048417,-1.539902,-0.182697
4364.290045,sim,1.410200,-0.083443,-2.511210,1.048396,-1.539893,-0.182706
4364.294113,sim,1.410201,-0.083453,-2.512032,1.048414,-1.539913,-0.182698
4364.298091,sim,1.410199,-0.083440,-2.512877,1.048394,-1.539919,-0.182706
4364.302118,sim,1.410200,-0.083450,-2.513723,1.048410,-1.539941,-0.182697
4364.306027,sim,1.410199,-0.083442,-2.514585,1.048394,-1.539951,-0.182705
4364.310066,sim,1.410199,-0.083448,-2.515446,1.048407,-1.539973,-0.182697
4364.314114,sim,1.410199,-0.083443,-2.515448,1.048393,-1.539967,-0.182705
4364.317993,sim,1.410199,-0.083452,-2.516313,1.048408,-1.539989,-0.182698
4364.322147,sim,1.410198,-0.083442,-2.517190,1.048390,-1.540000,-0.182705
4364.326062,sim,1.410198,-0.083451,-2.518062,1.048405,-1.540022,-0.182698
4364.330014,sim,1.410197,-0.083442,-2.518941,1.048388,-1.540031,-0.182705
4364.334033,sim,1.410198,-0.083452,-2.519811,1.048404,-1.540052,-0.182697
4364.338055,sim,1.410197,-0.083442,-2.520683,1.048388,-1.540061,-0.182704
4364.342119,sim,1.410197,-0.083449,-2.521541,1.048402,-1.540080,-0.182697
4364.345976,sim,1.410197,-0.083444,-2.521544,1.048386,-1.540073,-0.182704
4364.350017,sim,1.410197,-0.083456,-2.522395,1.048402,-1.540090,-0.182697
4364.354090,sim,1.410195,-0.083442,-2.523253,1.048383,-1.540094,-0.182704
4364.358061,sim,1.410197,-0.083452,-2.524098,1.048399,-1.540110,-0.182696
4364.362144,sim,1.410195,-0.083444,-2.524945,1.048380,-1.540109,-0.182705
4364.365982,sim,1.410196,-0.083450,-2.525780,1.048393,-1.540120,-0.182697
4364.370138,sim,1.410195,-0.083444,-2.526613,1.048376,-1.540119,-0.182704
4364.374063,sim,1.410197,-0.083452,-2.527429,1.048395,-1.540131,-0.182694
4364.378066,sim,1.410195,-0.083444,-2.527433,1.048375,-1.540122,-0.182704
4364.382237,sim,1.410197,-0.083453,-2.528249,1.048391,-1.540132,-0.182695
4364.386095,sim,1.410195,-0.083444,-2.529076,1.048371,-1.540128,-0.182703
4364.390048,sim,1.410196,-0.083450,-2.529902,1.048381,-1.540135,-0.182695
4364.394054,sim,1.410195,-0.083443,-2.530734,1.048361,-1.540130,-0.182702
4364.398203,sim,1.410196,-0.083452,-2.531560,1.048371,-1.540136,-0.182695
4364.402330,sim,1.410195,-0.083443,-2.531563,1.048355,-1.540130,-0.182702
4364.406286,sim,1.410197,-0.083452,-2.532394,1.048365,-1.540137,-0.182694
4364.410150,sim,1.410195,-0.083445,-2.533242,1.048338,-1.540131,-0.182702
4364.414027,sim,1.410196,-0.083451,-2.534093,1.048342,-1.540138,-0.182693
4364.418097,sim,1.410195,-0.083445,-2.534956,1.048310,-1.540131,-0.182702
4364.422263,sim,1.410196,-0.083451,-2.535816,1.048309,-1.540138,-0.182693
4364.426067,sim,1.410195,-0.083446,-2.536686,1.048271,-1.540131,-0.182700
4364.430070,sim,1.410196,-0.083456,-2.537549,1.048261,-1.540136,-0.182693
4364.434247,sim,1.410195,-0.083446,-2.538417,1.048216,-1.540131,-0.182700
4364.438160,sim,1.410195,-0.083454,-2.538414,1.048231,-1.540136,-0.182693
4364.442216,sim,1.410194,-0.083449,-2.539278,1.048179,-1.540130,-0.182700
4364.446106,sim,1.410195,-0.083457,-2.540133,1.048147,-1.540136,-0.182692
4364.450093,sim,1.410194,-0.083453,-2.540990,1.048069,-1.540129,-0.182700
4364.454112,sim,1.410194,-0.083462,-2.541838,1.048014,-1.540136,-0.182691
4364.458033,sim,1.410193,-0.083460,-2.542689,1.047916,-1.540130,-0.182699
4364.462067,sim,1.410193,-0.083471,-2.543532,1.047842,-1.540136,-0.182691
4364.466268,sim,1.410192,-0.083467,-2.544378,1.047726,-1.540131,-0.182698
4364.470267,sim,1.410192,-0.083475,-2.544375,1.047741,-1.540136,-0.182691
4364.474158,sim,1.410191,-0.083473,-2.545233,1.047611,-1.540131,-0.182699
4364.478074,sim,1.410192,-0.083487,-2.546109,1.047494,-1.540138,-0.182691
4364.482350,sim,1.410190,-0.083481,-2.547011,1.047328,-1.540136,-0.182698
4364.486114,sim,1.410191,-0.083500,-2.547922,1.047180,-1.540144,-0.182691
4364.490077,sim,1.410190,-0.083499,-2.548854,1.046985,-1.540143,-0.182698
4364.494053,sim,1.410189,-0.083508,-2.549790,1.046807,-1.540152,-0.182691
4364.498209,sim,1.410189,-0.083504,-2.550737,1.046587,-1.540153,-0.182697
4364.502323,sim,1.410191,-0.083517,-2.550733,1.046607,-1.540159,-0.182691
4364.506025,sim,1.410189,-0.083514,-2.551697,1.046366,-1.540159,-0.182697
4364.510086,sim,1.410189,-0.083525,-2.552681,1.046129,-1.540172,-0.182690
4364.514677,sim,1.410188,-0.083518,-2.553696,1.045832,-1.540175,-0.182697
4364.518154,sim,1.410189,-0.083535,-2.554723,1.045547,-1.540191,-0.182690
4364.522148,sim,1.410187,-0.083529,-2.555775,1.045203,-1.540195,-0.182697
4364.526080,sim,1.410188,-0.083536,-2.555772,1.045218,-1.540201,-0.182690
4364.530193,sim,1.410188,-0.083528,-2.556846,1.044850,-1.540210,-0.182696
4364.534095,sim,1.410189,-0.083543,-2.557942,1.044484,-1.540228,-0.182690
4364.538117,sim,1.410187,-0.083535,-2.559068,1.044057,-1.540239,-0.182697
4364.542157,sim,1.410188,-0.083545,-2.560205,1.043641,-1.540262,-0.182690
4364.546163,sim,1.410186,-0.083535,-2.561362,1.043170,-1.540277,-0.182696
4364.550157,sim,1.410187,-0.083547,-2.562519,1.042717,-1.540303,-0.182690
4364.554018,sim,1.410186,-0.083541,-2.563685,1.042216,-1.540321,-0.182696
4364.558106,sim,1.410186,-0.083547,-2.563682,1.042231,-1.540326,-0.182690
4364.562185,sim,1.410185,-0.083537,-2.564854,1.041716,-1.540348,-0.182695
4364.566104,sim,1.410186,-0.083551,-2.566029,1.041220,-1.540384,-0.182690
4364.570116,sim,1.410185,-0.083544,-2.567218,1.040677,-1.540414,-0.182696
4364.574047,sim,1.410184,-0.083549,-2.568407,1.040154,-1.540458,-0.182689
4364.578045,sim,1.410183,-0.083539,-2.569604,1.039589,-1.540494,-0.182695
4364.582355,sim,1.410184,-0.083554,-2.569600,1.039606,-1.540498,-0.182690
4364.586040,sim,1.410182,-0.083545,-2.570807,1.039033,-1.540539,-0.182696
4364.590061,sim,1.410182,-0.083547,-2.572028,1.038478,-1.540596,-0.182688
4364.594082,sim,1.410182,-0.083545,-2.573266,1.037881,-1.540644,-0.182695
4364.598072,sim,1.410180,-0.083557,-2.574511,1.037307,-1.540706,-0.182689
4364.602222,sim,1.410180,-0.083552,-2.575768,1.036694,-1.540762,-0.182695
4364.606183,sim,1.410178,-0.083556,-2.577026,1.036105,-1.540831,-0.182688
4364.610169,sim,1.410178,-0.083554,-2.578288,1.035481,-1.540892,-0.182695
4364.614189,sim,1.410177,-0.083566,-2.579541,1.034891,-1.540966,-0.182689
4364.618139,sim,1.410176,-0.083562,-2.580792,1.034268,-1.541032,-0.182695
4364.622165,sim,1.410176,-0.083569,-2.582029,1.033679,-1.541110,-0.182688
4364.626295,sim,1.410175,-0.083558,-2.582033,1.033661,-1.541106,-0.182694
4364.630217,sim,1.410175,-0.083573,-2.583267,1.033073,-1.541185,-0.182689
4364.634184,sim,1.410173,-0.083568,-2.584517,1.032447,-1.541258,-0.182694
4364.638070,sim,1.410174,-0.083578,-2.585772,1.031847,-1.541344,-0.182689
4364.642271,sim,1.410172,-0.083569,-2.587041,1.031211,-1.541423,-0.182694
4364.646184,sim,1.410173,-0.083582,-2.588310,1.030605,-1.541513,-0.182689
4364.650193,sim,1.410172,-0.083574,-2.588312,1.030590,-1.541508,-0.182694
4364.654077,sim,1.410172,-0.083584,-2.589609,1.029967,-1.541601,-0.182690
4364.659058,sim,1.410171,-0.083574,-2.590953,1.029297,-1.541692,-0.182694
4364.662297,sim,1.410172,-0.083583,-2.592325,1.028645,-1.541796,-0.182688
4364.666117,sim,1.410170,-0.083580,-2.593730,1.027943,-1.541891,-0.182695
4364.670137,sim,1.410172,-0.083583,-2.595151,1.027271,-1.542005,-0.182687
4364.674143,sim,1.410171,-0.083574,-2.596592,1.026556,-1.542109,-0.182693
4364.678149,sim,1.410172,-0.083589,-2.598034,1.025873,-1.542224,-0.182690
4364.682480,sim,1.410170,-0.083581,-2.598037,1.025858,-1.542220,-0.182694
4364.686085,sim,1.410172,-0.083589,-2.599489,1.025172,-1.542341,-0.182688
4364.690122,sim,1.410169,-0.083580,-2.600962,1.024433,-1.542457,-0.182695
4364.694213,sim,1.410172,-0.083583,-2.602440,1.023727,-1.542594,-0.182687
4364.698127,sim,1.410171,-0.083576,-2.603931,1.022975,-1.542723,-0.182693
4364.702216,sim,1.410172,-0.083588,-2.605421,1.022252,-1.542866,-0.182688
4364.706197,sim,1.410171,-0.083582,-2.605423,1.022236,-1.542861,-0.182694
4364.710178,sim,1.410171,-0.083570,-2.606933,1.021490,-1.543012,-0.182686
4364.714124,sim,1.410172,-0.083580,-2.608465,1.020705,-1.543159,-0.182693
4364.718154,sim,1.410171,-0.083594,-2.610012,1.019926,-1.543318,-0.182690
4364.722217,sim,1.410170,-0.083585,-2.611580,1.019102,-1.543477,-0.182694
4364.726173,sim,1.410172,-0.083583,-2.613151,1.018300,-1.543652,-0.182687
4364.730162,sim,1.410171,-0.083580,-2.614729,1.017454,-1.543816,-0.182694
4364.734161,sim,1.410172,-0.083589,-2.616299,1.016640,-1.543993,-0.182688
4364.738243,sim,1.410170,-0.083585,-2.616302,1.016622,-1.543987,-0.182695
4364.742352,sim,1.410171,-0.083587,-2.617876,1.015799,-1.544169,-0.182688
4364.746199,sim,1.410171,-0.083581,-2.619462,1.014933,-1.544342,-0.182694
4364.750098,sim,1.410172,-0.083586,-2.621050,1.014094,-1.544528,-0.182688
4364.754114,sim,1.410170,-0.083581,-2.622643,1.013215,-1.544704,-0.182694
4364.758206,sim,1.410172,-0.083585,-2.624228,1.012371,-1.544893,-0.182688
4364.762305,sim,1.410170,-0.083579,-2.624231,1.012352,-1.544888,-0.182694
4364.766198,sim,1.410172,-0.083586,-2.625827,1.011503,-1.545077,-0.182688
4364.770186,sim,1.410171,-0.083581,-2.627449,1.010610,-1.545258,-0.182694
4364.774225,sim,1.410171,-0.083590,-2.629088,1.009738,-1.545446,-0.182689
4364.778225,sim,1.410170,-0.083581,-2.630747,1.008828,-1.545627,-0.182694
4364.782386,sim,1.410172,-0.083584,-2.632416,1.007948,-1.545816,-0.182688
4364.786239,sim,1.410171,-0.083582,-2.634098,1.007035,-1.545992,-0.182694
4364.790246,sim,1.410172,-0.083588,-2.635783,1.006153,-1.546173,-0.182688
4364.794191,sim,1.410172,-0.083593,-2.637474,1.005242,-1.546341,-0.182695
4364.798249,sim,1.410172,-0.083583,-2.637474,1.005254,-1.546347,-0.182688
4364.802273,sim,1.410171,-0.083576,-2.639151,1.004354,-1.546507,-0.182693
4364.806246,sim,1.410173,-0.083581,-2.640786,1.003516,-1.546661,-0.182687
4364.810677,sim,1.410172,-0.083576,-2.642389,1.002671,-1.546794,-0.182693
4364.814209,sim,1.410174,-0.083583,-2.643952,1.001886,-1.546924,-0.182687
4364.818201,sim,1.410172,-0.083581,-2.645485,1.001088,-1.547032,-0.182693
4364.822310,sim,1.410174,-0.083586,-2.646979,1.000350,-1.547140,-0.182687
4364.826413,sim,1.410172,-0.083579,-2.648444,0.999595,-1.547227,-0.182693
4364.830212,sim,1.410172,-0.083583,-2.648443,0.999609,-1.547231,-0.182688
4364.834307,sim,1.410172,-0.083580,-2.649894,0.998874,-1.547312,-0.182693
4364.838263,sim,1.410173,-0.083587,-2.651347,0.998173,-1.547392,-0.182688
4364.842350,sim,1.410170,-0.083580,-2.652808,0.997440,-1.547456,-0.182694
4364.846195,sim,1.410172,-0.083582,-2.654267,0.996751,-1.547525,-0.182688
4364.850229,sim,1.410172,-0.083576,-2.655726,0.996040,-1.547579,-0.182691
4364.854278,sim,1.410173,-0.083587,-2.657177,0.995364,-1.547633,-0.182689
4364.858224,sim,1.410170,-0.083580,-2.658627,0.994661,-1.547675,-0.182693
4364.862574,sim,1.410172,-0.083583,-2.658626,0.994677,-1.547680,-0.182688
4364.866400,sim,1.410171,-0.083575,-2.660078,0.993979,-1.547722,-0.182691
4364.870360,sim,1.410172,-0.083586,-2.661538,0.993307,-1.547770,-0.182688
4364.874361,sim,1.410171,-0.083579,-2.663011,0.992600,-1.547813,-0.182691
4364.878209,sim,1.410173,-0.083587,-2.664487,0.991910,-1.547859,-0.182691
4364.882765,sim,1.410170,-0.083577,-2.665968,0.991202,-1.547905,-0.182690
4364.886284,sim,1.410172,-0.083590,-2.665966,0.991208,-1.547904,-0.182692
4364.890208,sim,1.410171,-0.083588,-2.667458,0.990497,-1.547953,-0.182691
4364.894246,sim,1.410171,-0.083587,-2.668972,0.989767,-1.548006,-0.182691
4364.898250,sim,1.410170,-0.083586,-2.670505,0.989020,-1.548061,-0.182691
4364.902361,sim,1.410170,-0.083583,-2.672052,0.988262,-1.548121,-0.182690
4364.906127,sim,1.410171,-0.083581,-2.673610,0.987493,-1.548185,-0.182689
4364.910149,sim,1.410171,-0.083582,-2.675175,0.986712,-1.548250,-0.182690
4364.914331,sim,1.410171,-0.083579,-2.676743,0.985923,-1.548319,-0.182689
4364.918208,sim,1.410171,-0.083583,-2.676743,0.985923,-1.548318,-0.182691
4364.922299,sim,1.410170,-0.083581,-2.678313,0.985126,-1.548394,-0.182689
4364.926221,sim,1.410171,-0.083580,-2.679882,0.984320,-1.548481,-0.182690
4364.930166,sim,1.410169,-0.083590,-2.681446,0.983507,-1.548576,-0.182693
4364.934218,sim,1.410170,-0.083579,-2.683003,0.982694,-1.548686,-0.182689
4364.938198,sim,1.410170,-0.083584,-2.684545,0.981881,-1.548802,-0.182691
4364.942337,sim,1.410171,-0.083575,-2.684545,0.981884,-1.548805,-0.182688
4364.946226,sim,1.410170,-0.083579,-2.686074,0.981071,-1.548932,-0.182690
4364.950221,sim,1.410170,-0.083579,-2.687589,0.980266,-1.549078,-0.182689
4364.954257,sim,1.410171,-0.083576,-2.689089,0.979467,-1.549240,-0.182688
4364.958226,sim,1.410171,-0.083583,-2.690570,0.978675,-1.549415,-0.182691
4364.962529,sim,1.410171,-0.083575,-2.692032,0.977893,-1.549608,-0.182688
4364.966256,sim,1.410169,-0.083587,-2.693469,0.977120,-1.549810,-0.182693
4364.970190,sim,1.410171,-0.083568,-2.694883,0.976367,-1.550035,-0.182685
4364.974190,sim,1.410171,-0.083582,-2.696265,0.975624,-1.550263,-0.182691
4364.978305,sim,1.410171,-0.083583,-2.696265,0.975625,-1.550263,-0.182691
4364.982463,sim,1.410171,-0.083578,-2.697612,0.974910,-1.550518,-0.182689
4364.986221,sim,1.410170,-0.083581,-2.698915,0.974226,-1.550798,-0.182691
4364.990198,sim,1.410170,-0.083579,-2.700178,0.973574,-1.551108,-0.182689
4364.994206,sim,1.410171,-0.083560,-2.701406,0.972947,-1.551448,-0.182685
4364.998221,sim,1.410172,-0.083560,-2.702598,0.972348,-1.551806,-0.182686
4365.002337,sim,1.410171,-0.083568,-2.703757,0.971777,-1.552184,-0.182687
4365.006215,sim,1.410170,-0.083573,-2.704888,0.971226,-1.552582,-0.182688
4365.010273,sim,1.410171,-0.083574,-2.704888,0.971228,-1.552582,-0.182689
4365.014293,sim,1.410171,-0.083576,-2.706013,0.970709,-1.553022,-0.182685
4365.018219,sim,1.410170,-0.083568,-2.707154,0.970186,-1.553513,-0.182689
4365.022224,sim,1.410171,-0.083578,-2.708302,0.969718,-1.554061,-0.182687
4365.026270,sim,1.410168,-0.083582,-2.709460,0.969242,-1.554647,-0.182693
4365.030247,sim,1.410170,-0.083576,-2.710623,0.968818,-1.555288,-0.182686
4365.034153,sim,1.410168,-0.083581,-2.710623,0.968801,-1.555282,-0.182694
4365.038215,sim,1.410170,-0.083572,-2.711795,0.968400,-1.555971,-0.182685
4365.042304,sim,1.410171,-0.083577,-2.712978,0.968005,-1.556699,-0.182692
4365.046232,sim,1.410171,-0.083578,-2.714168,0.967654,-1.557477,-0.182689
4365.050188,sim,1.410169,-0.083590,-2.715361,0.967317,-1.558286,-0.182694
4365.054236,sim,1.410170,-0.083561,-2.716556,0.967007,-1.559139,-0.182685
4365.058248,sim,1.410171,-0.083574,-2.717739,0.966736,-1.560010,-0.182687
4365.062400,sim,1.410170,-0.083566,-2.718913,0.966467,-1.560899,-0.182690
4365.066185,sim,1.410172,-0.083572,-2.718912,0.966484,-1.560903,-0.182685
4365.070220,sim,1.410170,-0.083579,-2.720068,0.966245,-1.561805,-0.182693
4365.074279,sim,1.410171,-0.083570,-2.721207,0.966066,-1.562737,-0.182683
4365.078199,sim,1.410171,-0.083568,-2.722326,0.965886,-1.563672,-0.182690
4365.082417,sim,1.410171,-0.083569,-2.723423,0.965762,-1.564624,-0.182685
4365.086297,sim,1.410169,-0.083574,-2.724500,0.965637,-1.565573,-0.182692
4365.090326,sim,1.410170,-0.083570,-2.725555,0.965560,-1.566537,-0.182683
4365.094313,sim,1.410168,-0.083573,-2.726588,0.965472,-1.567489,-0.182692
4365.098383,sim,1.410170,-0.083569,-2.727595,0.965432,-1.568449,-0.182684
4365.102320,sim,1.410169,-0.083570,-2.727596,0.965418,-1.568443,-0.182691
4365.106252,sim,1.410169,-0.083571,-2.728578,0.965392,-1.569399,-0.182684
4365.110336,sim,1.410166,-0.083574,-2.729538,0.965343,-1.570342,-0.182692
4365.114224,sim,1.410167,-0.083569,-2.730472,0.965335,-1.571297,-0.182683
4365.118172,sim,1.410164,-0.083570,-2.731384,0.965302,-1.572237,-0.182691
4365.122521,sim,1.410163,-0.083559,-2.732274,0.965297,-1.573186,-0.182682
4365.126241,sim,1.410162,-0.083568,-2.732274,0.965296,-1.573183,-0.182687
4365.130285,sim,1.410161,-0.083584,-2.733145,0.965298,-1.574127,-0.182689
4365.134223,sim,1.410156,-0.083566,-2.734012,0.965287,-1.575089,-0.182684
4365.138294,sim,1.410155,-0.083581,-2.734863,0.965292,-1.576052,-0.182689
4365.142448,sim,1.410150,-0.083582,-2.735703,0.965289,-1.577021,-0.182690
4365.146231,sim,1.410146,-0.083577,-2.736528,0.965291,-1.577996,-0.182688
4365.150190,sim,1.410142,-0.083561,-2.737339,0.965288,-1.578973,-0.182684
4365.154449,sim,1.410139,-0.083561,-2.738129,0.965299,-1.579945,-0.182682
4365.158359,sim,1.410140,-0.083573,-2.738128,0.965294,-1.579938,-0.182689
4365.162477,sim,1.410135,-0.083563,-2.738899,0.965300,-1.580912,-0.182684
4365.166223,sim,1.410132,-0.083588,-2.739642,0.965312,-1.581881,-0.182691
4365.170325,sim,1.410126,-0.083572,-2.740369,0.965309,-1.582863,-0.182686
4365.174297,sim,1.410125,-0.083584,-2.741070,0.965319,-1.583841,-0.182690
4365.178256,sim,1.410120,-0.083569,-2.741753,0.965314,-1.584822,-0.182687
4365.182428,sim,1.410119,-0.083557,-2.742414,0.965322,-1.585804,-0.182680
4365.186308,sim,1.410118,-0.083565,-2.743051,0.965319,-1.586769,-0.182687
4365.190274,sim,1.410117,-0.083572,-2.743050,0.965332,-1.586771,-0.182683
4365.194291,sim,1.410114,-0.083578,-2.743668,0.965323,-1.587737,-0.182692
4365.198375,sim,1.410113,-0.083571,-2.744266,0.965338,-1.588722,-0.182682
4365.202428,sim,1.410110,-0.083577,-2.744846,0.965322,-1.589698,-0.182693
4365.206332,sim,1.410110,-0.083553,-2.745410,0.965332,-1.590696,-0.182678
4365.210305,sim,1.410111,-0.083570,-2.745950,0.965328,-1.591674,-0.182690
4365.214249,sim,1.410109,-0.083557,-2.745952,0.965335,-1.591681,-0.182679
4365.218331,sim,1.410109,-0.083575,-2.746476,0.965329,-1.592666,-0.182692
4365.222427,sim,1.410107,-0.083564,-2.746990,0.965331,-1.593679,-0.182685
4365.226213,sim,1.410106,-0.083579,-2.747486,0.965332,-1.594696,-0.182691
4365.230284,sim,1.410105,-0.083572,-2.747970,0.965332,-1.595732,-0.182687
4365.234344,sim,1.410106,-0.083565,-2.748439,0.965338,-1.596778,-0.182682
4365.238309,sim,1.410107,-0.083574,-2.748891,0.965332,-1.597821,-0.182690
4365.242364,sim,1.410106,-0.083558,-2.749330,0.965338,-1.598881,-0.182679
4365.246279,sim,1.410107,-0.083576,-2.749327,0.965332,-1.598872,-0.182692
4365.250356,sim,1.410105,-0.083563,-2.749745,0.965337,-1.599932,-0.182682
4365.254331,sim,1.410106,-0.083579,-2.750134,0.965330,-1.600972,-0.182693
4365.258327,sim,1.410106,-0.083558,-2.750500,0.965338,-1.602023,-0.182679
4365.262299,sim,1.410107,-0.083576,-2.750839,0.965330,-1.603044,-0.182693
4365.266307,sim,1.410107,-0.083557,-2.751158,0.965338,-1.604070,-0.182679
4365.270387,sim,1.410107,-0.083596,-2.751449,0.965334,-1.605055,-0.182699
4365.274321,sim,1.410106,-0.083560,-2.751725,0.965332,-1.606046,-0.182681
4365.278319,sim,1.410107,-0.083586,-2.751975,0.965336,-1.606996,-0.182692
4365.282686,sim,1.410106,-0.083578,-2.751975,0.965334,-1.606997,-0.182688
4365.286361,sim,1.410106,-0.083576,-2.752204,0.965331,-1.607919,-0.182690
4365.290342,sim,1.410106,-0.083561,-2.752407,0.965323,-1.608804,-0.182685
4365.294394,sim,1.410106,-0.083564,-2.752584,0.965318,-1.609645,-0.182688
4365.298409,sim,1.410108,-0.083564,-2.752737,0.965318,-1.610454,-0.182685
4365.302630,sim,1.410108,-0.083563,-2.752870,0.965313,-1.611229,-0.182685
4365.306452,sim,1.410107,-0.083569,-2.752870,0.965312,-1.611227,-0.182688
4365.310299,sim,1.410108,-0.083566,-2.752985,0.965305,-1.611983,-0.182686
4365.314335,sim,1.410106,-0.083569,-2.753084,0.965299,-1.612727,-0.182685
4365.318355,sim,1.410108,-0.083571,-2.753168,0.965277,-1.613453,-0.182690
4365.322321,sim,1.410108,-0.083556,-2.753240,0.965267,-1.614176,-0.182680
4365.326262,sim,1.410108,-0.083593,-2.753294,0.965245,-1.614861,-0.182698
4365.330277,sim,1.410106,-0.083559,-2.753345,0.965223,-1.615555,-0.182680
4365.334311,sim,1.410110,-0.083584,-2.753378,0.965194,-1.616207,-0.182696
4365.338626,sim,1.410107,-0.083552,-2.753382,0.965193,-1.616219,-0.182679
4365.342361,sim,1.410109,-0.083589,-2.753404,0.965160,-1.616849,-0.182698
4365.346324,sim,1.410106,-0.083563,-2.753425,0.965119,-1.617487,-0.182681
4365.350281,sim,1.410110,-0.083584,-2.753432,0.965062,-1.618090,-0.182697
4365.354350,sim,1.410107,-0.083552,-2.753439,0.965001,-1.618699,-0.182679
4365.358377,sim,1.410110,-0.083586,-2.753431,0.964933,-1.619269,-0.182697
4365.362352,sim,1.410108,-0.083564,-2.753424,0.964854,-1.619845,-0.182685
4365.366378,sim,1.410110,-0.083583,-2.753408,0.964777,-1.620397,-0.182692
4365.370352,sim,1.410107,-0.083578,-2.753408,0.964774,-1.620397,-0.182691
4365.374325,sim,1.410108,-0.083563,-2.753392,0.964670,-1.620953,-0.182688
4365.378340,sim,1.410110,-0.083557,-2.753371,0.964554,-1.621513,-0.182685
4365.382551,sim,1.410109,-0.083559,-2.753346,0.964424,-1.622075,-0.182682
4365.386337,sim,1.410109,-0.083572,-2.753317,0.964262,-1.622629,-0.182693
4365.390524,sim,1.410107,-0.083562,-2.753288,0.964097,-1.623200,-0.182683
4365.394569,sim,1.410110,-0.083575,-2.753286,0.964093,-1.623193,-0.182693
4365.398430,sim,1.410107,-0.083560,-2.753256,0.963908,-1.623770,-0.182682
4365.402461,sim,1.410109,-0.083593,-2.753219,0.963693,-1.624336,-0.182699
4365.406264,sim,1.410105,-0.083565,-2.753189,0.963459,-1.624932,-0.182683
4365.410364,sim,1.410108,-0.083588,-2.753152,0.963201,-1.625513,-0.182698
4365.414375,sim,1.410105,-0.083563,-2.753121,0.962925,-1.626114,-0.182688
4365.418252,sim,1.410106,-0.083569,-2.753086,0.962646,-1.626710,-0.182687
4365.422375,sim,1.410107,-0.083575,-2.753051,0.962339,-1.627299,-0.182693
4365.426414,sim,1.410106,-0.083560,-2.753053,0.962345,-1.627307,-0.182682
4365.430447,sim,1.410106,-0.083597,-2.753016,0.962022,-1.627886,-0.182701
4365.434320,sim,1.410104,-0.083573,-2.752990,0.961671,-1.628489,-0.182689
4365.438249,sim,1.410107,-0.083587,-2.752961,0.961306,-1.629080,-0.182694
4365.442367,sim,1.410104,-0.083566,-2.752940,0.960903,-1.629677,-0.182688
4365.446415,sim,1.410106,-0.083564,-2.752918,0.960494,-1.630270,-0.182686
4365.450255,sim,1.410106,-0.083575,-2.752897,0.960057,-1.630848,-0.182695
4365.454385,sim,1.410105,-0.083561,-2.752881,0.959620,-1.631435,-0.182683
4365.458365,sim,1.410106,-0.083594,-2.752877,0.959619,-1.631422,-0.182700
4365.462430,sim,1.410104,-0.083571,-2.752864,0.959150,-1.632002,-0.182689
4365.466251,sim,1.410106,-0.083585,-2.752849,0.958663,-1.632565,-0.182694
4365.471304,sim,1.410104,-0.083585,-2.752838,0.958141,-1.633123,-0.182695
4365.474417,sim,1.410105,-0.083562,-2.752831,0.957596,-1.633680,-0.182688
4365.478364,sim,1.410106,-0.083575,-2.752822,0.957037,-1.634219,-0.182694
4365.482449,sim,1.410106,-0.083568,-2.752816,0.956462,-1.634754,-0.182689
4365.486351,sim,1.410106,-0.083573,-2.752815,0.956461,-1.634752,-0.182693
4365.490461,sim,1.410105,-0.083574,-2.752810,0.955868,-1.635272,-0.182691
4365.494421,sim,1.410106,-0.083573,-2.752805,0.955255,-1.635776,-0.182692
4365.498370,sim,1.410106,-0.083570,-2.752801,0.954626,-1.636267,-0.182690
4365.502829,sim,1.410106,-0.083589,-2.752794,0.953984,-1.636736,-0.182696
4365.506333,sim,1.410105,-0.083566,-2.752793,0.953313,-1.637202,-0.182689
4365.510341,sim,1.410106,-0.083564,-2.752789,0.952636,-1.637652,-0.182687
4365.514277,sim,1.410105,-0.083584,-2.752783,0.951931,-1.638074,-0.182701
4365.518298,sim,1.410106,-0.083559,-2.752786,0.951940,-1.638087,-0.182682
4365.522455,sim,1.410107,-0.083596,-2.752775,0.951216,-1.638491,-0.182703
4365.526398,sim,1.410104,-0.083563,-2.752771,0.950468,-1.638907,-0.182683
4365.530346,sim,1.410108,-0.083588,-2.752758,0.949685,-1.639285,-0.182701
4365.534298,sim,1.410105,-0.083552,-2.752751,0.948886,-1.639671,-0.182681
4365.538314,sim,1.410107,-0.083594,-2.752733,0.948068,-1.640014,-0.182704
4365.542398,sim,1.410104,-0.083563,-2.752721,0.947241,-1.640370,-0.182683
4365.546311,sim,1.410107,-0.083587,-2.752701,0.946398,-1.640689,-0.182701
4365.550358,sim,1.410104,-0.083555,-2.752705,0.946398,-1.640701,-0.182683
4365.554405,sim,1.410108,-0.083589,-2.752682,0.945550,-1.641005,-0.182701
4365.558460,sim,1.410104,-0.083569,-2.752665,0.944683,-1.641317,-0.182690
4365.562429,sim,1.410106,-0.083583,-2.752642,0.943814,-1.641609,-0.182695
4365.566523,sim,1.410105,-0.083581,-2.752619,0.942928,-1.641896,-0.182694
4365.570390,sim,1.410105,-0.083563,-2.752598,0.942032,-1.642177,-0.182690
4365.574343,sim,1.410106,-0.083565,-2.752598,0.942031,-1.642177,-0.182692
4365.578344,sim,1.410106,-0.083569,-2.752574,0.941131,-1.642447,-0.182691
4365.582495,sim,1.410105,-0.083570,-2.752548,0.940215,-1.642712,-0.182692
4365.586389,sim,1.410105,-0.083571,-2.752523,0.939286,-1.642973,-0.182692
4365.590366,sim,1.410106,-0.083568,-2.752497,0.938348,-1.643228,-0.182690
4365.594320,sim,1.410105,-0.083573,-2.752470,0.937402,-1.643475,-0.182693
4365.598396,sim,1.410105,-0.083573,-2.752444,0.936455,-1.643717,-0.182692
4365.602488,sim,1.410105,-0.083572,-2.752418,0.935508,-1.643952,-0.182692
4365.606320,sim,1.410105,-0.083572,-2.752418,0.935508,-1.643952,-0.182692
4365.610369,sim,1.410106,-0.083569,-2.752391,0.934562,-1.644177,-0.182690
4365.614258,sim,1.410105,-0.083575,-2.752363,0.933616,-1.644386,-0.182693
4365.618353,sim,1.410105,-0.083569,-2.752336,0.932672,-1.644586,-0.182691
4365.622565,sim,1.410105,-0.083570,-2.752307,0.931734,-1.644772,-0.182692
4365.626368,sim,1.410105,-0.083571,-2.752278,0.930804,-1.644945,-0.182692
4365.630311,sim,1.410105,-0.083571,-2.752249,0.929883,-1.645108,-0.182692
4365.634340,sim,1.410104,-0.083574,-2.752219,0.928974,-1.645258,-0.182694
4365.638324,sim,1.410105,-0.083573,-2.752189,0.928079,-1.645399,-0.182693
4365.642509,sim,1.410106,-0.083569,-2.752190,0.928079,-1.645400,-0.182691
4365.646279,sim,1.410105,-0.083575,-2.752159,0.927200,-1.645531,-0.182693
4365.650288,sim,1.410105,-0.083569,-2.752127,0.926332,-1.645658,-0.182691
4365.654342,sim,1.410105,-0.083570,-2.752093,0.925477,-1.645778,-0.182692
4365.658398,sim,1.410105,-0.083571,-2.752057,0.924632,-1.645892,-0.182692
4365.662480,sim,1.410105,-0.083571,-2.752020,0.923795,-1.646004,-0.182692
4365.666408,sim,1.410105,-0.083571,-2.752020,0.923795,-1.646003,-0.182692
4365.670375,sim,1.410105,-0.083571,-2.751980,0.922953,-1.646116,-0.182692
4365.674326,sim,1.410105,-0.083571,-2.751936,0.922096,-1.646234,-0.182692
4365.678315,sim,1.410104,-0.083571,-2.751889,0.921226,-1.646358,-0.182692
4365.682558,sim,1.410104,-0.083575,-2.751838,0.920347,-1.646487,-0.182694
4365.686393,sim,1.410104,-0.083573,-2.751784,0.919463,-1.646624,-0.182693
4365.690370,sim,1.410104,-0.083572,-2.751726,0.918576,-1.646767,-0.182693
4365.694317,sim,1.410103,-0.083572,-2.751666,0.917691,-1.646917,-0.182693
4365.698439,sim,1.410104,-0.083572,-2.751666,0.917691,-1.646917,-0.182692
4365.702480,sim,1.410104,-0.083569,-2.751601,0.916805,-1.647084,-0.182691
4365.706281,sim,1.410103,-0.083574,-2.751526,0.915918,-1.647273,-0.182693
4365.710319,sim,1.410102,-0.083569,-2.751445,0.915026,-1.647486,-0.182691
4365.714338,sim,1.410102,-0.083570,-2.751356,0.914137,-1.647719,-0.182692
4365.718345,sim,1.410100,-0.083571,-2.751261,0.913250,-1.647969,-0.182692
4365.722348,sim,1.410100,-0.083571,-2.751161,0.912367,-1.648236,-0.182692
4365.726317,sim,1.410099,-0.083571,-2.751056,0.911492,-1.648518,-0.182692
4365.730405,sim,1.410098,-0.083571,-2.751056,0.911491,-1.648517,-0.182693
4365.734409,sim,1.410098,-0.083571,-2.750943,0.910617,-1.648819,-0.182692
4365.738312,sim,1.410096,-0.083571,-2.750821,0.909739,-1.649147,-0.182693
4365.742395,sim,1.410095,-0.083571,-2.750690,0.908859,-1.649498,-0.182693
4365.746398,sim,1.410094,-0.083571,-2.750550,0.907979,-1.649871,-0.182693
4365.750327,sim,1.410092,-0.083571,-2.750404,0.907101,-1.650262,-0.182693
4365.754245,sim,1.410092,-0.083571,-2.750404,0.907101,-1.650262,-0.182693
4365.758408,sim,1.410091,-0.083571,-2.750248,0.906220,-1.650675,-0.182693
4365.762462,sim,1.410090,-0.083571,-2.750082,0.905333,-1.651112,-0.182693
4365.766286,sim,1.410089,-0.083571,-2.749906,0.904443,-1.651569,-0.182693
4365.770307,sim,1.410088,-0.083570,-2.749720,0.903551,-1.652044,-0.182693
4365.774300,sim,1.410087,-0.083570,-2.749526,0.902662,-1.652534,-0.182693
4365.778298,sim,1.410087,-0.083570,-2.749324,0.901778,-1.653037,-0.182693
4365.782436,sim,1.410086,-0.083570,-2.749116,0.900901,-1.653549,-0.182693
4365.786284,sim,1.410086,-0.083570,-2.749116,0.900901,-1.653549,-0.182693
4365.790282,sim,1.410085,-0.083570,-2.748897,0.900030,-1.654071,-0.182693
4365.794346,sim,1.410085,-0.083570,-2.748661,0.899164,-1.654607,-0.182693
4365.798357,sim,1.410085,-0.083569,-2.748411,0.898302,-1.655154,-0.182693
4365.802386,sim,1.410084,-0.083569,-2.748149,0.897447,-1.655709,-0.182694
4365.806282,sim,1.410084,-0.083569,-2.747875,0.896600,-1.656271,-0.182694
4365.811212,sim,1.410084,-0.083569,-2.747591,0.895761,-1.656838,-0.182694
4365.814385,sim,1.410084,-0.083569,-2.747299,0.894933,-1.657408,-0.182694
4365.818307,sim,1.410084,-0.083569,-2.747001,0.894116,-1.657978,-0.182694
4365.822449,sim,1.410084,-0.083569,-2.747001,0.894116,-1.657978,-0.182694
4365.826348,sim,1.410084,-0.083569,-2.746693,0.893313,-1.658552,-0.182694
4365.830361,sim,1.410084,-0.083569,-2.746373,0.892521,-1.659133,-0.182694
4365.834295,sim,1.410084,-0.083569,-2.746040,0.891741,-1.659722,-0.182694
4365.838499,sim,1.410084,-0.083569,-2.745697,0.890972,-1.660320,-0.182694
4365.842553,sim,1.410084,-0.083569,-2.745342,0.890212,-1.660924,-0.182694
4365.846400,sim,1.410083,-0.083572,-2.745342,0.890211,-1.660923,-0.182696
4365.850318,sim,1.410083,-0.083571,-2.744970,0.889450,-1.661547,-0.182695
4365.854289,sim,1.410084,-0.083566,-2.744574,0.888681,-1.662199,-0.182693
4365.858476,sim,1.410083,-0.083572,-2.744155,0.887907,-1.662872,-0.182696
4365.862509,sim,1.410082,-0.083570,-2.743720,0.887129,-1.663564,-0.182695
4365.866329,sim,1.410083,-0.083569,-2.743268,0.886356,-1.664272,-0.182694
4365.870315,sim,1.410083,-0.083566,-2.742803,0.885588,-1.664992,-0.182693
4365.874741,sim,1.410083,-0.083567,-2.742327,0.884830,-1.665716,-0.182694
4365.878588,sim,1.410082,-0.083572,-2.742326,0.884830,-1.665715,-0.182696
4365.882902,sim,1.410082,-0.083570,-2.741837,0.884087,-1.666446,-0.182695
4365.886588,sim,1.410082,-0.083570,-2.741330,0.883364,-1.667183,-0.182695
4365.890557,sim,1.410083,-0.083566,-2.740807,0.882660,-1.667927,-0.182693
4365.894575,sim,1.410083,-0.083567,-2.740271,0.881975,-1.668671,-0.182694
4365.898578,sim,1.410083,-0.083568,-2.739723,0.881308,-1.669418,-0.182694
4365.902595,sim,1.410083,-0.083568,-2.739166,0.880658,-1.670165,-0.182694
4365.906842,sim,1.410082,-0.083568,-2.738600,0.880026,-1.670912,-0.182694
4365.910667,sim,1.410082,-0.083569,-2.738600,0.880026,-1.670912,-0.182694
4365.914611,sim,1.410082,-0.083569,-2.738022,0.879409,-1.671664,-0.182694
4365.918476,sim,1.410082,-0.083569,-2.737427,0.878802,-1.672428,-0.182694
4365.922772,sim,1.410082,-0.083569,-2.736817,0.878208,-1.673202,-0.182694
4365.926593,sim,1.410082,-0.083569,-2.736195,0.877625,-1.673984,-0.182694
4365.930448,sim,1.410082,-0.083569,-2.735563,0.877055,-1.674772,-0.182694
4365.934362,sim,1.410082,-0.083572,-2.735563,0.877055,-1.674770,-0.182696
4365.938407,sim,1.410082,-0.083571,-2.734920,0.876494,-1.675568,-0.182695
4365.942551,sim,1.410082,-0.083570,-2.734264,0.875940,-1.676380,-0.182695
4365.946299,sim,1.410082,-0.083569,-2.733596,0.875394,-1.677204,-0.182694
4365.950319,sim,1.410082,-0.083569,-2.732919,0.874857,-1.678037,-0.182694
4365.954278,sim,1.410082,-0.083569,-2.732235,0.874329,-1.678877,-0.182694
4365.958382,sim,1.410082,-0.083569,-2.731547,0.873811,-1.679722,-0.182694
4365.962411,sim,1.410082,-0.083565,-2.730858,0.873303,-1.680570,-0.182693
4365.966453,sim,1.410082,-0.083570,-2.730857,0.873303,-1.680568,-0.182695
4365.970346,sim,1.410081,-0.083569,-2.730157,0.872803,-1.681423,-0.182694
4365.974460,sim,1.410081,-0.083572,-2.729438,0.872308,-1.682290,-0.182696
4365.978431,sim,1.410082,-0.083567,-2.728702,0.871818,-1.683169,-0.182693
4365.982503,sim,1.410082,-0.083564,-2.727952,0.871333,-1.684056,-0.182693
4365.986455,sim,1.410082,-0.083566,-2.727189,0.870854,-1.684946,-0.182694
4365.990321,sim,1.410082,-0.083567,-2.726416,0.870380,-1.685839,-0.182694
4365.994330,sim,1.410081,-0.083568,-2.725636,0.869914,-1.686732,-0.182694
4365.998485,sim,1.410081,-0.083568,-2.724850,0.869454,-1.687621,-0.182695
4366.002501,sim,1.410081,-0.083568,-2.724850,0.869454,-1.687621,-0.182695
4366.006360,sim,1.410081,-0.083568,-2.724065,0.869007,-1.688499,-0.182695
4366.010423,sim,1.410081,-0.083568,-2.723282,0.868577,-1.689358,-0.182695
4366.014710,sim,1.410081,-0.083568,-2.722502,0.868163,-1.690200,-0.182695
4366.018351,sim,1.410081,-0.083569,-2.721725,0.867764,-1.691025,-0.182695
4366.022499,sim,1.410080,-0.083572,-2.720951,0.867379,-1.691833,-0.182697
4366.026256,sim,1.410081,-0.083570,-2.720951,0.867379,-1.691834,-0.182696
4366.030319,sim,1.410081,-0.083569,-2.720171,0.867006,-1.692637,-0.182696
4366.034296,sim,1.410081,-0.083569,-2.719374,0.866643,-1.693441,-0.182696
4366.038345,sim,1.410081,-0.083569,-2.718563,0.866291,-1.694245,-0.182696
4366.042328,sim,1.410081,-0.083565,-2.717741,0.865949,-1.695046,-0.182694
4366.046375,sim,1.410081,-0.083567,-2.716910,0.865620,-1.695840,-0.182695
4366.050342,sim,1.410081,-0.083567,-2.716074,0.865303,-1.696627,-0.182696
4366.054329,sim,1.410081,-0.083568,-2.715235,0.865000,-1.697403,-0.182696
4366.058374,sim,1.410081,-0.083568,-2.715235,0.865000,-1.697403,-0.182696
4366.062473,sim,1.410081,-0.083568,-2.714388,0.864717,-1.698167,-0.182696
4366.066435,sim,1.410081,-0.083571,-2.713527,0.864461,-1.698918,-0.182698
4366.070444,sim,1.410080,-0.083573,-2.712656,0.864230,-1.699655,-0.182698
4366.074364,sim,1.410081,-0.083571,-2.711777,0.864024,-1.700380,-0.182697
4366.078373,sim,1.410082,-0.083566,-2.710893,0.863841,-1.701091,-0.182695
4366.082562,sim,1.410082,-0.083567,-2.710004,0.863679,-1.701786,-0.182696
4366.086297,sim,1.410081,-0.083571,-2.709114,0.863538,-1.702465,-0.182698
4366.090328,sim,1.410081,-0.083570,-2.709114,0.863538,-1.702466,-0.182697
4366.094568,sim,1.410082,-0.083565,-2.708218,0.863416,-1.703137,-0.182695
4366.098517,sim,1.410083,-0.083563,-2.707309,0.863314,-1.703805,-0.182694
4366.102580,sim,1.410081,-0.083571,-2.706388,0.863230,-1.704464,-0.182699
4366.106401,sim,1.410082,-0.083566,-2.705462,0.863161,-1.705121,-0.182695
4366.110461,sim,1.410083,-0.083562,-2.704530,0.863107,-1.705773,-0.182695
4366.114400,sim,1.410082,-0.083567,-2.704529,0.863107,-1.705771,-0.182697
4366.118437,sim,1.410081,-0.083566,-2.703588,0.863065,-1.706422,-0.182696
4366.122401,sim,1.410082,-0.083565,-2.702632,0.863032,-1.707079,-0.182696
4366.126344,sim,1.410082,-0.083565,-2.701665,0.863008,-1.707741,-0.182696
4366.130332,sim,1.410081,-0.083564,-2.700689,0.862992,-1.708408,-0.182696
4366.134337,sim,1.410081,-0.083563,-2.699709,0.862983,-1.709078,-0.182696
4366.138332,sim,1.410082,-0.083559,-2.698726,0.862979,-1.709751,-0.182695
4366.142345,sim,1.410082,-0.083565,-2.697743,0.862982,-1.710423,-0.182697
4366.146421,sim,1.410081,-0.083562,-2.697743,0.862980,-1.710423,-0.182697
4366.150383,sim,1.410080,-0.083564,-2.696755,0.862984,-1.711101,-0.182698
4366.154361,sim,1.410081,-0.083559,-2.695756,0.862990,-1.711789,-0.182695
4366.158285,sim,1.410081,-0.083559,-2.694748,0.862997,-1.712482,-0.182696
4366.162453,sim,1.410080,-0.083562,-2.693732,0.863004,-1.713178,-0.182697
4366.166287,sim,1.410081,-0.083557,-2.692715,0.863012,-1.713877,-0.182695
4366.170309,sim,1.410081,-0.083558,-2.691697,0.863021,-1.714573,-0.182696
4366.174365,sim,1.410081,-0.083558,-2.690681,0.863030,-1.715267,-0.182696
4366.178423,sim,1.410081,-0.083558,-2.689670,0.863038,-1.715954,-0.182696
4366.182607,sim,1.410081,-0.083554,-2.689670,0.863038,-1.715955,-0.182695
4366.186378,sim,1.410081,-0.083559,-2.688668,0.863047,-1.716625,-0.182697
4366.190385,sim,1.410080,-0.083561,-2.687676,0.863056,-1.717273,-0.182697
4366.194367,sim,1.410080,-0.083559,-2.686694,0.863065,-1.717901,-0.182697
4366.198421,sim,1.410080,-0.083558,-2.685720,0.863074,-1.718508,-0.182696
4366.202521,sim,1.410081,-0.083554,-2.684754,0.863084,-1.719097,-0.182695
4366.206314,sim,1.410081,-0.083555,-2.684754,0.863084,-1.719097,-0.182696
4366.210479,sim,1.410081,-0.083553,-2.683779,0.863095,-1.719675,-0.182694
4366.214412,sim,1.410081,-0.083554,-2.682782,0.863110,-1.720248,-0.182695
4366.218400,sim,1.410081,-0.083555,-2.681765,0.863127,-1.720817,-0.182696
4366.222340,sim,1.410081,-0.083555,-2.680734,0.863148,-1.721380,-0.182696
4366.226397,sim,1.410081,-0.083555,-2.679691,0.863172,-1.721937,-0.182696
4366.230407,sim,1.410080,-0.083558,-2.678639,0.863199,-1.722486,-0.182697
4366.234246,sim,1.410080,-0.083557,-2.677585,0.863230,-1.723027,-0.182696
4366.238355,sim,1.410081,-0.083553,-2.677585,0.863230,-1.723028,-0.182695
4366.243062,sim,1.410081,-0.083559,-2.676515,0.863269,-1.723562,-0.182697
4366.246307,sim,1.410080,-0.083552,-2.675422,0.863314,-1.724096,-0.182695
4366.250314,sim,1.410081,-0.083553,-2.674306,0.863368,-1.724625,-0.182696
4366.254238,sim,1.410080,-0.083556,-2.673171,0.863431,-1.725150,-0.182697
4366.258329,sim,1.410080,-0.083557,-2.672020,0.863500,-1.725670,-0.182697
4366.262458,sim,1.410081,-0.083548,-2.670859,0.863575,-1.726188,-0.182694
4366.266309,sim,1.410081,-0.083549,-2.669686,0.863656,-1.726698,-0.182695
4366.270761,sim,1.410080,-0.083553,-2.669686,0.863656,-1.726697,-0.182697
4366.274341,sim,1.410080,-0.083551,-2.668499,0.863743,-1.727202,-0.182696
4366.278314,sim,1.410080,-0.083549,-2.667293,0.863837,-1.727700,-0.182696
4366.282569,sim,1.410080,-0.083545,-2.666072,0.863936,-1.728192,-0.182695
4366.286265,sim,1.410080,-0.083544,-2.664840,0.864041,-1.728675,-0.182695
4366.290426,sim,1.410080,-0.083544,-2.663604,0.864151,-1.729149,-0.182695
4366.294442,sim,1.410080,-0.083544,-2.663604,0.864151,-1.729149,-0.182695
4366.298400,sim,1.410080,-0.083543,-2.662362,0.864266,-1.729612,-0.182695
4366.303313,sim,1.410080,-0.083541,-2.661115,0.864386,-1.730064,-0.182696
4366.306385,sim,1.410080,-0.083540,-2.659865,0.864512,-1.730504,-0.182695
4366.310359,sim,1.410080,-0.083539,-2.658613,0.864643,-1.730932,-0.182695
4366.314338,sim,1.410080,-0.083538,-2.657363,0.864779,-1.731347,-0.182695
4366.318322,sim,1.410080,-0.083537,-2.656118,0.864921,-1.731749,-0.182695
4366.322439,sim,1.410079,-0.083535,-2.654878,0.865067,-1.732137,-0.182695
4366.326303,sim,1.410079,-0.083535,-2.654878,0.865067,-1.732137,-0.182695
4366.330369,sim,1.410079,-0.083535,-2.653638,0.865222,-1.732506,-0.182695
4366.334296,sim,1.410079,-0.083534,-2.652388,0.865391,-1.732854,-0.182695
4366.338442,sim,1.410079,-0.083533,-2.651133,0.865573,-1.733181,-0.182695
4366.342518,sim,1.410078,-0.083532,-2.649874,0.865767,-1.733487,-0.182695
4366.346341,sim,1.410078,-0.083532,-2.648615,0.865970,-1.733774,-0.182695
4366.350297,sim,1.410077,-0.083534,-2.647358,0.866182,-1.734041,-0.182696
4366.354379,sim,1.410077,-0.083533,-2.646107,0.866402,-1.734290,-0.182696
4366.358408,sim,1.410076,-0.083532,-2.644864,0.866629,-1.734523,-0.182695
4366.362529,sim,1.410076,-0.083529,-2.644865,0.866629,-1.734523,-0.182694
4366.366341,sim,1.410076,-0.083530,-2.643636,0.866865,-1.734734,-0.182695
4366.370370,sim,1.410075,-0.083530,-2.642423,0.867113,-1.734921,-0.182695
4366.374443,sim,1.410074,-0.083530,-2.641226,0.867373,-1.735086,-0.182695
4366.378422,sim,1.410073,-0.083530,-2.640044,0.867644,-1.735229,-0.182695
4366.382670,sim,1.410072,-0.083530,-2.638876,0.867926,-1.735353,-0.182695
4366.386521,sim,1.410072,-0.083530,-2.638876,0.867926,-1.735353,-0.182695
4366.390502,sim,1.410071,-0.083530,-2.637700,0.868225,-1.735460,-0.182695
4366.394458,sim,1.410070,-0.083530,-2.636496,0.868551,-1.735551,-0.182695
4366.398418,sim,1.410069,-0.083529,-2.635269,0.868900,-1.735629,-0.182695
4366.402466,sim,1.410068,-0.083529,-2.634020,0.869273,-1.735694,-0.182695
4366.406489,sim,1.410067,-0.083528,-2.632751,0.869667,-1.735746,-0.182695
4366.410366,sim,1.410067,-0.083528,-2.631466,0.870081,-1.735789,-0.182695
4366.414454,sim,1.410066,-0.083527,-2.630167,0.870513,-1.735822,-0.182695
4366.418434,sim,1.410066,-0.083529,-2.630166,0.870513,-1.735821,-0.182696
4366.422620,sim,1.410065,-0.083527,-2.628845,0.870973,-1.735847,-0.182695
4366.426401,sim,1.410064,-0.083526,-2.627497,0.871467,-1.735867,-0.182695
4366.430390,sim,1.410064,-0.083522,-2.626128,0.871990,-1.735883,-0.182694
4366.434437,sim,1.410064,-0.083524,-2.624741,0.872541,-1.735893,-0.182696
4366.438425,sim,1.410064,-0.083520,-2.623345,0.873114,-1.735900,-0.182694
4366.442481,sim,1.410064,-0.083521,-2.621942,0.873706,-1.735903,-0.182696
4366.446408,sim,1.410064,-0.083517,-2.620540,0.874314,-1.735904,-0.182694
4366.450545,sim,1.410064,-0.083520,-2.620539,0.874314,-1.735904,-0.182696
4366.454452,sim,1.410064,-0.083515,-2.619136,0.874940,-1.735903,-0.182694
4366.458544,sim,1.410064,-0.083515,-2.617730,0.875586,-1.735901,-0.182695
4366.462522,sim,1.410064,-0.083514,-2.616323,0.876250,-1.735899,-0.182695
4366.466550,sim,1.410064,-0.083513,-2.614918,0.876928,-1.735895,-0.182695
4366.470513,sim,1.410065,-0.083512,-2.613519,0.877618,-1.735892,-0.182695
4366.474517,sim,1.410064,-0.083512,-2.613519,0.877618,-1.735892,-0.182695
4366.478436,sim,1.410065,-0.083511,-2.612117,0.878324,-1.735888,-0.182695
4366.482792,sim,1.410065,-0.083511,-2.610708,0.879049,-1.735884,-0.182695
4366.486463,sim,1.410065,-0.083510,-2.609294,0.879790,-1.735880,-0.182695
4366.490471,sim,1.410066,-0.083511,-2.607880,0.880544,-1.735875,-0.182696
4366.494432,sim,1.410066,-0.083510,-2.606470,0.881309,-1.735871,-0.182695
4366.498535,sim,1.410066,-0.083508,-2.605068,0.882082,-1.735867,-0.182695
4366.502606,sim,1.410067,-0.083508,-2.603677,0.882861,-1.735863,-0.182695
4366.506459,sim,1.410067,-0.083506,-2.603677,0.882861,-1.735864,-0.182694
4366.510464,sim,1.410067,-0.083506,-2.602291,0.883650,-1.735860,-0.182695
4366.514489,sim,1.410068,-0.083506,-2.600905,0.884454,-1.735856,-0.182695
4366.518469,sim,1.410068,-0.083505,-2.599521,0.885272,-1.735853,-0.182695
4366.522454,sim,1.410068,-0.083504,-2.598140,0.886101,-1.735849,-0.182695
4366.526454,sim,1.410069,-0.083503,-2.596766,0.886937,-1.735846,-0.182695
4366.530538,sim,1.410069,-0.083502,-2.595401,0.887779,-1.735843,-0.182695
4366.534498,sim,1.410069,-0.083500,-2.594046,0.888623,-1.735841,-0.182695
4366.538528,sim,1.410069,-0.083500,-2.594046,0.888623,-1.735841,-0.182695
4366.542597,sim,1.410070,-0.083498,-2.592687,0.889479,-1.735838,-0.182695
4366.546447,sim,1.410070,-0.083496,-2.591310,0.890358,-1.735836,-0.182695
4366.550449,sim,1.410070,-0.083495,-2.589918,0.891255,-1.735833,-0.182696
4366.554514,sim,1.410071,-0.083491,-2.588514,0.892169,-1.735830,-0.182696
4366.558474,sim,1.410071,-0.083487,-2.587101,0.893095,-1.735828,-0.182695
4366.562672,sim,1.410072,-0.083483,-2.585683,0.894033,-1.735825,-0.182695
4366.566661,sim,1.410072,-0.083481,-2.585683,0.894033,-1.735826,-0.182695
4366.570540,sim,1.410072,-0.083478,-2.584270,0.894974,-1.735823,-0.182695
4366.574485,sim,1.410073,-0.083475,-2.582871,0.895912,-1.735820,-0.182695
4366.578540,sim,1.410073,-0.083471,-2.581487,0.896847,-1.735817,-0.182695
4366.582749,sim,1.410074,-0.083467,-2.580119,0.897778,-1.735813,-0.182695
4366.586409,sim,1.410074,-0.083465,-2.578768,0.898703,-1.735809,-0.182696
4366.590468,sim,1.410075,-0.083459,-2.577435,0.899622,-1.735806,-0.182695
4366.594938,sim,1.410076,-0.083456,-2.576120,0.900535,-1.735801,-0.182695
4366.598628,sim,1.410076,-0.083457,-2.576120,0.900535,-1.735801,-0.182695
4366.602749,sim,1.410076,-0.083453,-2.574813,0.901450,-1.735796,-0.182695
4366.606499,sim,1.410077,-0.083451,-2.573502,0.902378,-1.735791,-0.182695
4366.611273,sim,1.410078,-0.083448,-2.572191,0.903316,-1.735784,-0.182695
4366.614574,sim,1.410079,-0.083446,-2.570882,0.904260,-1.735777,-0.182695
4366.618514,sim,1.410079,-0.083444,-2.569578,0.905208,-1.735769,-0.182695
4366.622574,sim,1.410080,-0.083442,-2.568281,0.906158,-1.735761,-0.182695
4366.626664,sim,1.410080,-0.083440,-2.566994,0.907107,-1.735753,-0.182695
4366.630605,sim,1.410080,-0.083440,-2.566994,0.907107,-1.735753,-0.182695
4366.634533,sim,1.410081,-0.083439,-2.565712,0.908057,-1.735744,-0.182695
4366.638515,sim,1.410081,-0.083438,-2.564427,0.909013,-1.735736,-0.182695
4366.642640,sim,1.410082,-0.083436,-2.563141,0.909972,-1.735728,-0.182695
4366.646611,sim,1.410082,-0.083436,-2.561857,0.910932,-1.735720,-0.182695
4366.650492,sim,1.410083,-0.083435,-2.560578,0.911890,-1.735712,-0.182695
4366.654542,sim,1.410082,-0.083434,-2.560578,0.911890,-1.735712,-0.182695
4366.658550,sim,1.410083,-0.083433,-2.559293,0.912853,-1.735704,-0.182695
4366.662693,sim,1.410083,-0.083434,-2.557992,0.913826,-1.735697,-0.182695
4366.666536,sim,1.410083,-0.083433,-2.556680,0.914807,-1.735691,-0.182695
4366.670607,sim,1.410083,-0.083434,-2.555358,0.915792,-1.735684,-0.182696
4366.674568,sim,1.410083,-0.083433,-2.554031,0.916780,-1.735678,-0.182696
4366.678566,sim,1.410084,-0.083432,-2.552700,0.917768,-1.735673,-0.182695
4366.682693,sim,1.410084,-0.083432,-2.551369,0.918754,-1.735668,-0.182695
4366.686620,sim,1.410084,-0.083432,-2.551369,0.918754,-1.735668,-0.182695
4366.690596,sim,1.410084,-0.083432,-2.550039,0.919736,-1.735664,-0.182695
4366.694618,sim,1.410084,-0.083432,-2.548711,0.920713,-1.735659,-0.182695
4366.698486,sim,1.410084,-0.083432,-2.547388,0.921683,-1.735655,-0.182695
4366.702543,sim,1.410085,-0.083430,-2.546074,0.922645,-1.735652,-0.182695
4366.706558,sim,1.410085,-0.083431,-2.544773,0.923594,-1.735649,-0.182695
4366.710579,sim,1.410085,-0.083431,-2.543487,0.924530,-1.735646,-0.182695
4366.714553,sim,1.410086,-0.083431,-2.542222,0.925449,-1.735644,-0.182695
4366.718553,sim,1.410086,-0.083431,-2.540980,0.926351,-1.735641,-0.182695
4366.722686,sim,1.410086,-0.083432,-2.540980,0.926350,-1.735641,-0.182695
4366.726608,sim,1.410086,-0.083431,-2.539772,0.927224,-1.735640,-0.182695
4366.730664,sim,1.410087,-0.083432,-2.538605,0.928060,-1.735638,-0.182695
4366.734557,sim,1.410087,-0.083432,-2.537478,0.928863,-1.735636,-0.182695
4366.738620,sim,1.410087,-0.083432,-2.536386,0.929635,-1.735635,-0.182695
4366.742681,sim,1.410088,-0.083432,-2.535326,0.930378,-1.735634,-0.182695
4366.746518,sim,1.410088,-0.083432,-2.535326,0.930378,-1.735634,-0.182695
4366.750515,sim,1.410088,-0.083432,-2.534281,0.931102,-1.735633,-0.182695
4366.754629,sim,1.410088,-0.083432,-2.533235,0.931816,-1.735632,-0.182695
4366.758590,sim,1.410089,-0.083432,-2.532191,0.932518,-1.735631,-0.182695
4366.762683,sim,1.410089,-0.083432,-2.531151,0.933206,-1.735630,-0.182695
4366.766527,sim,1.410088,-0.083430,-2.530118,0.933882,-1.735631,-0.182693
4366.770549,sim,1.410090,-0.083437,-2.529091,0.934539,-1.735628,-0.182696
4366.774571,sim,1.410089,-0.083431,-2.528077,0.935181,-1.735629,-0.182695
4366.778570,sim,1.410089,-0.083431,-2.528077,0.935181,-1.735629,-0.182695
4366.782664,sim,1.410089,-0.083432,-2.527069,0.935804,-1.735629,-0.182695
4366.786654,sim,1.410090,-0.083432,-2.526065,0.936408,-1.735628,-0.182695
4366.790934,sim,1.410089,-0.083431,-2.525067,0.936992,-1.735628,-0.182695
4366.794604,sim,1.410090,-0.083432,-2.524075,0.937558,-1.735628,-0.182695
4366.798531,sim,1.410090,-0.083433,-2.523091,0.938105,-1.735627,-0.182695
4366.802654,sim,1.410090,-0.083432,-2.522117,0.938635,-1.735628,-0.182694
4366.806661,sim,1.410089,-0.083431,-2.521155,0.939149,-1.735629,-0.182693
4366.810628,sim,1.410091,-0.083438,-2.521153,0.939147,-1.735627,-0.182696
4366.814527,sim,1.410089,-0.083431,-2.520196,0.939644,-1.735627,-0.182695
4366.818907,sim,1.410090,-0.083432,-2.519236,0.940131,-1.735628,-0.182695
4366.822599,sim,1.410090,-0.083432,-2.518275,0.940605,-1.735628,-0.182695
4366.826569,sim,1.410090,-0.083432,-2.517317,0.941068,-1.735628,-0.182695
4366.830657,sim,1.410090,-0.083433,-2.516362,0.941518,-1.735627,-0.182695
4366.834699,sim,1.410090,-0.083432,-2.516362,0.941519,-1.735628,-0.182694
4366.838614,sim,1.410090,-0.083433,-2.515409,0.941959,-1.735628,-0.182694
4366.842653,sim,1.410090,-0.083433,-2.514457,0.942391,-1.735628,-0.182694
4366.846570,sim,1.410090,-0.083432,-2.513510,0.942813,-1.735627,-0.182694
4366.850616,sim,1.410090,-0.083432,-2.512570,0.943224,-1.735627,-0.182694
4366.854622,sim,1.410090,-0.083433,-2.511640,0.943625,-1.735628,-0.182694
4366.858650,sim,1.410089,-0.083432,-2.510726,0.944014,-1.735629,-0.182692
4366.862699,sim,1.410091,-0.083437,-2.509828,0.944388,-1.735627,-0.182695
4366.866807,sim,1.410090,-0.083431,-2.508954,0.944747,-1.735627,-0.182694
4366.870718,sim,1.410090,-0.083431,-2.508954,0.944747,-1.735627,-0.182695
4366.874654,sim,1.410090,-0.083433,-2.508114,0.945089,-1.735628,-0.182694
4366.878554,sim,1.410090,-0.083433,-2.507321,0.945407,-1.735627,-0.182694
4366.882838,sim,1.410088,-0.083432,-2.506572,0.945707,-1.735630,-0.182690
4366.886656,sim,1.410092,-0.083437,-2.505863,0.945973,-1.735625,-0.182698
4366.890596,sim,1.410088,-0.083428,-2.505195,0.946233,-1.735629,-0.182691
4366.894542,sim,1.410093,-0.083437,-2.504559,0.946464,-1.735625,-0.182698
4366.898662,sim,1.410088,-0.083430,-2.503958,0.946693,-1.735630,-0.182690
4366.902734,sim,1.410092,-0.083436,-2.503957,0.946685,-1.735625,-0.182699
4366.906584,sim,1.410087,-0.083428,-2.503380,0.946902,-1.735632,-0.182687
4366.910536,sim,1.410093,-0.083450,-2.502811,0.947089,-1.735625,-0.182696
4366.914551,sim,1.410087,-0.083428,-2.502265,0.947267,-1.735629,-0.182691
4366.918661,sim,1.410093,-0.083446,-2.501723,0.947429,-1.735625,-0.182698
4366.922602,sim,1.410087,-0.083421,-2.501202,0.947582,-1.735629,-0.182691
4366.926540,sim,1.410093,-0.083432,-2.501200,0.947576,-1.735625,-0.182699
4366.930691,sim,1.410088,-0.083428,-2.500680,0.947729,-1.735631,-0.182688
4366.934656,sim,1.410093,-0.083450,-2.500155,0.947855,-1.735625,-0.182697
4366.938569,sim,1.410087,-0.083426,-2.499641,0.947976,-1.735630,-0.182690
4366.942603,sim,1.410094,-0.083445,-2.499123,0.948080,-1.735625,-0.182698
4366.946644,sim,1.410087,-0.083422,-2.498618,0.948179,-1.735630,-0.182691
4366.950663,sim,1.410093,-0.083432,-2.498114,0.948260,-1.735626,-0.182697
4366.954570,sim,1.410088,-0.083426,-2.497622,0.948344,-1.735631,-0.182689
4366.958558,sim,1.410093,-0.083448,-2.497618,0.948339,-1.735624,-0.182699
4366.962721,sim,1.410086,-0.083424,-2.497139,0.948411,-1.735632,-0.182687
4366.966600,sim,1.410093,-0.083446,-2.496664,0.948460,-1.735625,-0.182698
4366.970644,sim,1.410089,-0.083423,-2.496210,0.948502,-1.735628,-0.182695
4366.974587,sim,1.410091,-0.083430,-2.495763,0.948541,-1.735629,-0.182694
4366.978596,sim,1.410090,-0.083432,-2.495328,0.948569,-1.735628,-0.182694
4366.982936,sim,1.410090,-0.083432,-2.494906,0.948590,-1.735628,-0.182694
4366.986597,sim,1.410090,-0.083433,-2.494496,0.948604,-1.735627,-0.182694
4366.990649,sim,1.410092,-0.083436,-2.494495,0.948602,-1.735626,-0.182697
4366.994597,sim,1.410090,-0.083431,-2.494100,0.948613,-1.735627,-0.182695
4366.998623,sim,1.410090,-0.083430,-2.493719,0.948624,-1.735629,-0.182692
4367.002661,sim,1.410089,-0.083433,-2.493352,0.948633,-1.735630,-0.182690
4367.006583,sim,1.410092,-0.083436,-2.493001,0.948627,-1.735625,-0.182699
4367.010679,sim,1.410089,-0.083429,-2.492666,0.948638,-1.735631,-0.182689
4367.014618,sim,1.410094,-0.083453,-2.492661,0.948635,-1.735625,-0.182697
4367.018728,sim,1.410086,-0.083426,-2.492345,0.948637,-1.735631,-0.182689
4367.022888,sim,1.410095,-0.083448,-2.492033,0.948631,-1.735624,-0.182699
4367.026735,sim,1.410087,-0.083426,-2.491744,0.948634,-1.735630,-0.182690
4367.030729,sim,1.410094,-0.083445,-2.491460,0.948629,-1.735625,-0.182698
4367.034638,sim,1.410088,-0.083422,-2.491199,0.948628,-1.735630,-0.182691
4367.038645,sim,1.410094,-0.083432,-2.490944,0.948621,-1.735626,-0.182698
4367.042721,sim,1.410089,-0.083428,-2.490706,0.948628,-1.735632,-0.182689
4367.046619,sim,1.410094,-0.083452,-2.490701,0.948623,-1.735624,-0.182699
4367.050649,sim,1.410087,-0.083428,-2.490480,0.948625,-1.735631,-0.182689
4367.054671,sim,1.410094,-0.083446,-2.490265,0.948617,-1.735624,-0.182698
4367.058638,sim,1.410088,-0.083423,-2.490071,0.948618,-1.735630,-0.182691
4367.062680,sim,1.410094,-0.083432,-2.489883,0.948611,-1.735626,-0.182698
4367.066621,sim,1.410088,-0.083427,-2.489709,0.948617,-1.735631,-0.182689
4367.070575,sim,1.410093,-0.083436,-2.489543,0.948608,-1.735625,-0.182698
4367.074705,sim,1.410088,-0.083427,-2.489391,0.948616,-1.735632,-0.182688
4367.078620,sim,1.410094,-0.083451,-2.489242,0.948608,-1.735624,-0.182699
4367.082856,sim,1.410088,-0.083428,-2.489246,0.948612,-1.735629,-0.182691
4367.086616,sim,1.410093,-0.083445,-2.489107,0.948608,-1.735625,-0.182697
4367.090674,sim,1.410088,-0.083424,-2.488984,0.948609,-1.735630,-0.182690
4367.094659,sim,1.410093,-0.083433,-2.488865,0.948602,-1.735626,-0.182698
4367.098578,sim,1.410088,-0.083426,-2.488756,0.948611,-1.735632,-0.182687
4367.102746,sim,1.410094,-0.083450,-2.488649,0.948604,-1.735624,-0.182698
4367.106776,sim,1.410088,-0.083427,-2.488653,0.948607,-1.735629,-0.182691
4367.110698,sim,1.410094,-0.083447,-2.488552,0.948604,-1.735625,-0.182697
4367.114619,sim,1.410087,-0.083422,-2.488465,0.948604,-1.735629,-0.182690
4367.118587,sim,1.410093,-0.083431,-2.488376,0.948598,-1.735626,-0.182697
4367.122697,sim,1.410088,-0.083426,-2.488295,0.948609,-1.735632,-0.182687
4367.126595,sim,1.410094,-0.083450,-2.488213,0.948604,-1.735625,-0.182697
4367.130606,sim,1.410087,-0.083426,-2.488146,0.948609,-1.735631,-0.182687
4367.134619,sim,1.410094,-0.083445,-2.488075,0.948603,-1.735625,-0.182696
4367.138754,sim,1.410088,-0.083422,-2.488079,0.948602,-1.735629,-0.182692
4367.142751,sim,1.410093,-0.083430,-2.488017,0.948599,-1.735626,-0.182696
4367.146619,sim,1.410088,-0.083428,-2.487962,0.948609,-1.735631,-0.182687
4367.150616,sim,1.410094,-0.083437,-2.487911,0.948599,-1.735624,-0.182699
4367.154589,sim,1.410088,-0.083430,-2.487869,0.948612,-1.735632,-0.182686
4367.158645,sim,1.410093,-0.083447,-2.487827,0.948605,-1.735624,-0.182696
4367.162619,sim,1.410088,-0.083422,-2.487797,0.948606,-1.735629,-0.182689
4367.166668,sim,1.410094,-0.083432,-2.487765,0.948602,-1.735625,-0.182696
4367.170701,sim,1.410089,-0.083428,-2.487766,0.948611,-1.735631,-0.182687
4367.174670,sim,1.410094,-0.083450,-2.487736,0.948606,-1.735623,-0.182697
4367.178669,sim,1.410087,-0.083427,-2.487718,0.948612,-1.735631,-0.182687
4367.182745,sim,1.410094,-0.083444,-2.487694,0.948607,-1.735624,-0.182695
4367.186762,sim,1.410087,-0.083420,-2.487682,0.948611,-1.735631,-0.182687
4367.190649,sim,1.410094,-0.083444,-2.487664,0.948608,-1.735625,-0.182694
4367.194620,sim,1.410087,-0.083424,-2.487668,0.948611,-1.735630,-0.182687
4367.198620,sim,1.410095,-0.083444,-2.487652,0.948607,-1.735624,-0.182696
4367.202708,sim,1.410088,-0.083424,-2.487646,0.948612,-1.735630,-0.182687
4367.206608,sim,1.410094,-0.083442,-2.487634,0.948607,-1.735624,-0.182695
4367.210601,sim,1.410087,-0.083422,-2.487631,0.948611,-1.735630,-0.182687
4367.214646,sim,1.410094,-0.083443,-2.487620,0.948609,-1.735625,-0.182694
4367.218661,sim,1.410087,-0.083418,-2.487620,0.948610,-1.735630,-0.182687
4367.222803,sim,1.410093,-0.083428,-2.487613,0.948606,-1.735627,-0.182692
4367.226620,sim,1.410088,-0.083425,-2.487614,0.948614,-1.735632,-0.182685
4367.230646,sim,1.410094,-0.083448,-2.487604,0.948607,-1.735623,-0.182695
4367.234602,sim,1.410087,-0.083424,-2.487602,0.948612,-1.735630,-0.182686
4367.238639,sim,1.410093,-0.083441,-2.487590,0.948609,-1.735625,-0.182692
4367.242723,sim,1.410088,-0.083418,-2.487585,0.948609,-1.735630,-0.182687
4367.246692,sim,1.410093,-0.083430,-2.487571,0.948604,-1.735625,-0.182694
4367.250657,sim,1.410087,-0.083424,-2.487559,0.948615,-1.735632,-0.182682
4367.254830,sim,1.410093,-0.083445,-2.487541,0.948610,-1.735625,-0.182692
4367.258627,sim,1.410086,-0.083422,-2.487530,0.948615,-1.735632,-0.182683
4367.262766,sim,1.410093,-0.083441,-2.487526,0.948609,-1.735625,-0.182691
4367.266739,sim,1.410087,-0.083418,-2.487514,0.948609,-1.735629,-0.182687
4367.270679,sim,1.410092,-0.083426,-2.487493,0.948607,-1.735627,-0.182690
4367.274593,sim,1.410088,-0.083425,-2.487472,0.948616,-1.735632,-0.182682
4367.278629,sim,1.410092,-0.083444,-2.487446,0.948608,-1.735623,-0.182693
4367.283128,sim,1.410088,-0.083424,-2.487426,0.948613,-1.735630,-0.182685
4367.286787,sim,1.410093,-0.083443,-2.487422,0.948610,-1.735624,-0.182692
4367.290726,sim,1.410087,-0.083422,-2.487400,0.948613,-1.735630,-0.182684
4367.294667,sim,1.410093,-0.083441,-2.487369,0.948609,-1.735624,-0.182691
4367.298703,sim,1.410086,-0.083420,-2.487343,0.948614,-1.735631,-0.182683
4367.302839,sim,1.410093,-0.083439,-2.487308,0.948611,-1.735626,-0.182690
4367.306652,sim,1.410086,-0.083413,-2.487281,0.948612,-1.735631,-0.182682
4367.310627,sim,1.410092,-0.083424,-2.487245,0.948607,-1.735626,-0.182690
4367.314798,sim,1.410087,-0.083420,-2.487212,0.948617,-1.735632,-0.182680
4367.318775,sim,1.410093,-0.083444,-2.487207,0.948611,-1.735624,-0.182690
4367.322811,sim,1.410085,-0.083418,-2.487177,0.948616,-1.735631,-0.182680
4367.326650,sim,1.410093,-0.083438,-2.487137,0.948610,-1.735624,-0.182690
4367.330719,sim,1.410086,-0.083416,-2.487105,0.948614,-1.735630,-0.182682
4367.334735,sim,1.410092,-0.083432,-2.487064,0.948611,-1.735626,-0.182687
4367.338710,sim,1.410086,-0.083408,-2.487031,0.948612,-1.735630,-0.182681
4367.342680,sim,1.410092,-0.083417,-2.486990,0.948608,-1.735627,-0.182686
4367.346734,sim,1.410087,-0.083413,-2.486952,0.948616,-1.735632,-0.182678
4367.350756,sim,1.410092,-0.083438,-2.486948,0.948614,-1.735625,-0.182686
4367.354622,sim,1.410087,-0.083415,-2.486912,0.948613,-1.735629,-0.182682
4367.358670,sim,1.410092,-0.083432,-2.486867,0.948612,-1.735625,-0.182685
4367.362810,sim,1.410087,-0.083406,-2.486827,0.948607,-1.735627,-0.182683
4367.366689,sim,1.410088,-0.083412,-2.486779,0.948615,-1.735631,-0.182676
4367.370661,sim,1.410091,-0.083419,-2.486729,0.948606,-1.735624,-0.182685
4367.374684,sim,1.410086,-0.083411,-2.486731,0.948617,-1.735632,-0.182674
4367.378728,sim,1.410092,-0.083432,-2.486675,0.948613,-1.735626,-0.182681
4367.383071,sim,1.410088,-0.083410,-2.486624,0.948610,-1.735628,-0.182679
4367.386700,sim,1.410090,-0.083429,-2.486560,0.948617,-1.735628,-0.182676
4367.390714,sim,1.410089,-0.083426,-2.486497,0.948612,-1.735626,-0.182679
4367.394694,sim,1.410088,-0.083416,-2.486432,0.948611,-1.735627,-0.182677
4367.398733,sim,1.410088,-0.083415,-2.486362,0.948613,-1.735629,-0.182673
4367.402760,sim,1.410089,-0.083419,-2.486287,0.948615,-1.735629,-0.182672
4367.406860,sim,1.410089,-0.083415,-2.486288,0.948611,-1.735628,-0.182675
4367.410765,sim,1.410088,-0.083414,-2.486209,0.948612,-1.735628,-0.182673
4367.414726,sim,1.410089,-0.083416,-2.486123,0.948611,-1.735628,-0.182674
4367.418741,sim,1.410087,-0.083401,-2.486033,0.948606,-1.735628,-0.182673
4367.422784,sim,1.410086,-0.083399,-2.485936,0.948613,-1.735633,-0.182666
4367.426788,sim,1.410089,-0.083408,-2.485831,0.948608,-1.735627,-0.182672
4367.430757,sim,1.410086,-0.083417,-2.485723,0.948621,-1.735633,-0.182663
4367.434884,sim,1.410089,-0.083419,-2.485612,0.948610,-1.735626,-0.182673
4367.438817,sim,1.410083,-0.083395,-2.485503,0.948615,-1.735634,-0.182663
4367.442938,sim,1.410090,-0.083418,-2.485499,0.948611,-1.735627,-0.182672
4367.446784,sim,1.410083,-0.083396,-2.485388,0.948615,-1.735633,-0.182664
4367.450711,sim,1.410089,-0.083414,-2.485269,0.948613,-1.735629,-0.182669
4367.454715,sim,1.410082,-0.083389,-2.485158,0.948614,-1.735634,-0.182662
4367.458798,sim,1.410089,-0.083412,-2.485036,0.948612,-1.735628,-0.182670
4367.462875,sim,1.410082,-0.083391,-2.484923,0.948616,-1.735634,-0.182662
4367.466671,sim,1.410088,-0.083406,-2.484920,0.948612,-1.735629,-0.182669
4367.470770,sim,1.410082,-0.083382,-2.484804,0.948615,-1.735635,-0.182662
4367.474869,sim,1.410088,-0.083391,-2.484677,0.948610,-1.735630,-0.182669
4367.478809,sim,1.410083,-0.083384,-2.484550,0.948619,-1.735636,-0.182660
4367.482785,sim,1.410088,-0.083404,-2.484413,0.948616,-1.735629,-0.182669
4367.486743,sim,1.410082,-0.083378,-2.484282,0.948620,-1.735634,-0.182662
4367.490752,sim,1.410088,-0.083392,-2.484140,0.948618,-1.735630,-0.182669
4367.494785,sim,1.410081,-0.083367,-2.484002,0.948626,-1.735637,-0.182659
4367.498681,sim,1.410088,-0.083387,-2.483998,0.948620,-1.735630,-0.182669
4367.502745,sim,1.410081,-0.083362,-2.483855,0.948629,-1.735637,-0.182659
4367.506734,sim,1.410088,-0.083377,-2.483695,0.948630,-1.735630,-0.182669
4367.510777,sim,1.410081,-0.083351,-2.483535,0.948644,-1.735637,-0.182661
4367.514664,sim,1.410087,-0.083364,-2.483359,0.948654,-1.735632,-0.182667
4367.518661,sim,1.410081,-0.083332,-2.483186,0.948669,-1.735637,-0.182661
4367.522862,sim,1.410087,-0.083337,-2.483000,0.948682,-1.735633,-0.182668
4367.526754,sim,1.410082,-0.083325,-2.482812,0.948710,-1.735638,-0.182659
4367.530655,sim,1.410087,-0.083347,-2.482807,0.948707,-1.735632,-0.182668
4367.535114,sim,1.410081,-0.083315,-2.482616,0.948735,-1.735638,-0.182660
4367.538781,sim,1.410088,-0.083327,-2.482406,0.948765,-1.735633,-0.182667
4367.542862,sim,1.410081,-0.083295,-2.482198,0.948807,-1.735638,-0.182661
4367.546761,sim,1.410087,-0.083296,-2.481976,0.948850,-1.735634,-0.182669
4367.550701,sim,1.410082,-0.083283,-2.481752,0.948914,-1.735639,-0.182660
4367.554831,sim,1.410086,-0.083289,-2.481750,0.948907,-1.735635,-0.182668
4367.558742,sim,1.410081,-0.083272,-2.481520,0.948982,-1.735642,-0.182658
4367.562808,sim,1.410086,-0.083270,-2.481279,0.949050,-1.735636,-0.182669
4367.566697,sim,1.410081,-0.083254,-2.481035,0.949149,-1.735642,-0.182660
4367.570780,sim,1.410086,-0.083251,-2.480782,0.949245,-1.735637,-0.182668
4367.574762,sim,1.410081,-0.083233,-2.480528,0.949368,-1.735643,-0.182660
4367.578768,sim,1.410084,-0.083227,-2.480267,0.949491,-1.735640,-0.182667
4367.582882,sim,1.410080,-0.083208,-2.480005,0.949638,-1.735646,-0.182659
4367.586775,sim,1.410085,-0.083217,-2.480003,0.949632,-1.735641,-0.182667
4367.590834,sim,1.410080,-0.083197,-2.479734,0.949805,-1.735648,-0.182659
4367.594765,sim,1.410085,-0.083190,-2.479450,0.950001,-1.735643,-0.182669
4367.598674,sim,1.410079,-0.083166,-2.479161,0.950249,-1.735650,-0.182660
4367.602876,sim,1.410082,-0.083153,-2.478860,0.950513,-1.735645,-0.182667
4367.606852,sim,1.410078,-0.083127,-2.478555,0.950822,-1.735653,-0.182659
4367.610722,sim,1.410082,-0.083113,-2.478241,0.951142,-1.735648,-0.182668
4367.614812,sim,1.410077,-0.083083,-2.477925,0.951502,-1.735655,-0.182659
4367.618782,sim,1.410081,-0.083065,-2.477603,0.951866,-1.735651,-0.182668
4367.623051,sim,1.410077,-0.083059,-2.477605,0.951874,-1.735656,-0.182659
4367.626677,sim,1.410081,-0.083039,-2.477276,0.952274,-1.735651,-0.182668
4367.630756,sim,1.410076,-0.083002,-2.476938,0.952742,-1.735658,-0.182659
4367.634755,sim,1.410080,-0.082977,-2.476586,0.953239,-1.735652,-0.182670
4367.638746,sim,1.410075,-0.082937,-2.476225,0.953804,-1.735661,-0.182659
4367.642955,sim,1.410079,-0.082914,-2.475850,0.954394,-1.735655,-0.182666
4367.646748,sim,1.410074,-0.082889,-2.475855,0.954395,-1.735660,-0.182660
4367.650793,sim,1.410079,-0.082856,-2.475464,0.955040,-1.735657,-0.182667
4367.654768,sim,1.410074,-0.082807,-2.475052,0.955767,-1.735662,-0.182659
4367.658746,sim,1.410078,-0.082763,-2.474617,0.956540,-1.735657,-0.182668
4367.662801,sim,1.410073,-0.082703,-2.474166,0.957383,-1.735663,-0.182659
4367.666863,sim,1.410078,-0.082656,-2.473696,0.958263,-1.735658,-0.182667
4367.670786,sim,1.410073,-0.082591,-2.473214,0.959201,-1.735664,-0.182659
4367.674805,sim,1.410077,-0.082536,-2.472720,0.960160,-1.735657,-0.182668
4367.678723,sim,1.410073,-0.082531,-2.472721,0.960169,-1.735663,-0.182659
4367.683086,sim,1.410077,-0.082471,-2.472209,0.961178,-1.735657,-0.182668
4367.686764,sim,1.410073,-0.082396,-2.471677,0.962266,-1.735664,-0.182659
4367.690733,sim,1.410077,-0.082329,-2.471123,0.963390,-1.735658,-0.182668
4367.694679,sim,1.410073,-0.082247,-2.470554,0.964579,-1.735664,-0.182659
4367.698714,sim,1.410077,-0.082171,-2.469968,0.965790,-1.735657,-0.182668
4367.702944,sim,1.410072,-0.082080,-2.469372,0.967055,-1.735665,-0.182658
4367.706834,sim,1.410077,-0.082013,-2.468762,0.968332,-1.735658,-0.182667
4367.710798,sim,1.410071,-0.081990,-2.468767,0.968334,-1.735664,-0.182659
4367.714772,sim,1.410078,-0.081916,-2.468141,0.969644,-1.735658,-0.182667
4367.718842,sim,1.410071,-0.081794,-2.467501,0.971002,-1.735663,-0.182660
4367.722793,sim,1.410077,-0.081694,-2.466837,0.972386,-1.735658,-0.182668
4367.726744,sim,1.410073,-0.081580,-2.466156,0.973816,-1.735664,-0.182659
4367.730852,sim,1.410077,-0.081468,-2.465460,0.975251,-1.735657,-0.182668
4367.734803,sim,1.410072,-0.081463,-2.465461,0.975260,-1.735664,-0.182659
4367.738813,sim,1.410076,-0.081342,-2.464746,0.976723,-1.735656,-0.182669
4367.742812,sim,1.410073,-0.081204,-2.464008,0.978240,-1.735663,-0.182659
4367.748998,sim,1.410077,-0.081071,-2.463247,0.979766,-1.735656,-0.182669
4367.750754,sim,1.410073,-0.080920,-2.462470,0.981335,-1.735664,-0.182658
4367.754704,sim,1.410078,-0.080771,-2.461677,0.982897,-1.735655,-0.182670
4367.758825,sim,1.410073,-0.080607,-2.460873,0.984491,-1.735663,-0.182658
4367.762830,sim,1.410077,-0.080449,-2.460060,0.986067,-1.735654,-0.182669
4367.766832,sim,1.410073,-0.080444,-2.460060,0.986077,-1.735662,-0.182659
4367.770814,sim,1.410078,-0.080279,-2.459228,0.987669,-1.735653,-0.182670
4367.774776,sim,1.410073,-0.080099,-2.458368,0.989316,-1.735662,-0.182658
4367.778788,sim,1.410078,-0.079927,-2.457481,0.990965,-1.735652,-0.182668
4367.782923,sim,1.410073,-0.079708,-2.456579,0.992647,-1.735659,-0.182660
4367.786849,sim,1.410078,-0.079516,-2.455654,0.994334,-1.735652,-0.182669
4367.790812,sim,1.410074,-0.079311,-2.454715,0.996051,-1.735658,-0.182659
4367.795020,sim,1.410078,-0.079106,-2.453765,0.997754,-1.735649,-0.182670
4367.798833,sim,1.410075,-0.078892,-2.452808,0.999481,-1.735656,-0.182660
4367.803024,sim,1.410079,-0.078895,-2.452808,0.999467,-1.735646,-0.182672
4367.806828,sim,1.410074,-0.078684,-2.451852,1.001188,-1.735656,-0.182658
4367.810891,sim,1.410080,-0.078488,-2.450906,1.002863,-1.735645,-0.182670
4367.814768,sim,1.410075,-0.078280,-2.449972,1.004544,-1.735655,-0.182657
4367.818780,sim,1.410079,-0.078074,-2.449050,1.006175,-1.735643,-0.182671
4367.822907,sim,1.410075,-0.077852,-2.448141,1.007809,-1.735651,-0.182661
4367.826824,sim,1.410081,-0.077872,-2.448138,1.007804,-1.735643,-0.182669
4367.830797,sim,1.410075,-0.077651,-2.447229,1.009439,-1.735648,-0.182662
4367.834811,sim,1.410081,-0.077456,-2.446306,1.011088,-1.735642,-0.182669
4367.838837,sim,1.410077,-0.077249,-2.445379,1.012770,-1.735647,-0.182660
4367.842910,sim,1.410082,-0.077044,-2.444448,1.014443,-1.735636,-0.182672
4367.846875,sim,1.410077,-0.076836,-2.443516,1.016154,-1.735646,-0.182658
4367.850778,sim,1.410083,-0.076641,-2.442583,1.017845,-1.735634,-0.182669
4367.854881,sim,1.410080,-0.076406,-2.441662,1.019541,-1.735635,-0.182668
4367.858870,sim,1.410080,-0.076411,-2.441661,1.019550,-1.735641,-0.182660
4367.863038,sim,1.410083,-0.076203,-2.440736,1.021249,-1.735630,-0.182672
4367.866857,sim,1.410079,-0.075985,-2.439809,1.022991,-1.735638,-0.182659
4367.870870,sim,1.410084,-0.075771,-2.438881,1.024724,-1.735624,-0.182671
4367.874827,sim,1.410079,-0.075529,-2.437959,1.026488,-1.735633,-0.182660
4367.878893,sim,1.410085,-0.075315,-2.437034,1.028242,-1.735621,-0.182669
4367.882911,sim,1.410081,-0.075061,-2.436122,1.030003,-1.735622,-0.182667
4367.886861,sim,1.410082,-0.074836,-2.435210,1.031771,-1.735623,-0.182659
4367.890868,sim,1.410085,-0.074838,-2.435210,1.031760,-1.735614,-0.182671
4367.894891,sim,1.410081,-0.074597,-2.434304,1.033533,-1.735615,-0.182660
4367.898804,sim,1.410086,-0.074360,-2.433398,1.035298,-1.735595,-0.182672
4367.902846,sim,1.410082,-0.074121,-2.432491,1.037095,-1.735588,-0.182659
4367.906882,sim,1.410087,-0.073886,-2.431589,1.038869,-1.735553,-0.182671
4367.910823,sim,1.410082,-0.073623,-2.430695,1.040660,-1.735537,-0.182661
4367.914795,sim,1.410088,-0.073636,-2.430693,1.040653,-1.735528,-0.182670
4367.918861,sim,1.410084,-0.073374,-2.429802,1.042443,-1.735500,-0.182666
4367.923106,sim,1.410084,-0.073126,-2.428907,1.044246,-1.735461,-0.182660
4367.926827,sim,1.410089,-0.072886,-2.428013,1.046040,-1.735402,-0.182671
4367.930845,sim,1.410086,-0.072616,-2.427129,1.047846,-1.735352,-0.182667
4367.934793,sim,1.410087,-0.072370,-2.426246,1.049652,-1.735293,-0.182660
4367.938892,sim,1.410092,-0.072131,-2.425372,1.051433,-1.735214,-0.182670
4367.942962,sim,1.410089,-0.071862,-2.424514,1.053207,-1.735143,-0.182668
4367.946807,sim,1.410090,-0.071885,-2.424509,1.053220,-1.735148,-0.182658
4367.950796,sim,1.410092,-0.071622,-2.423665,1.054964,-1.735053,-0.182673
4367.954842,sim,1.410091,-0.071354,-2.422834,1.056724,-1.734970,-0.182661
4367.958873,sim,1.410097,-0.071122,-2.422013,1.058463,-1.734860,-0.182665
4367.962912,sim,1.410099,-0.070846,-2.421217,1.060173,-1.734742,-0.182675
4367.966826,sim,1.410100,-0.070607,-2.420429,1.061897,-1.734635,-0.182659
4367.970935,sim,1.410106,-0.070364,-2.419660,1.063571,-1.734493,-0.182673
4367.974921,sim,1.410103,-0.070350,-2.419663,1.063575,-1.734501,-0.182667
4367.978855,sim,1.410107,-0.070117,-2.418914,1.065238,-1.734371,-0.182660
4367.982973,sim,1.410114,-0.069867,-2.418197,1.066842,-1.734223,-0.182674
4367.986920,sim,1.410113,-0.069607,-2.417506,1.068431,-1.734095,-0.182661
4367.990887,sim,1.410123,-0.069377,-2.416836,1.069965,-1.733937,-0.182674
4367.994782,sim,1.410121,-0.069129,-2.416192,1.071488,-1.733802,-0.182661
4367.998794,sim,1.410131,-0.068899,-2.415569,1.072953,-1.733637,-0.182674
4368.003049,sim,1.410132,-0.068649,-2.414971,1.074403,-1.733490,-0.182669
4368.006971,sim,1.410132,-0.068656,-2.414969,1.074409,-1.733494,-0.182663
4368.011450,sim,1.410139,-0.068430,-2.414384,1.075835,-1.733325,-0.182674
4368.014844,sim,1.410139,-0.068172,-2.413816,1.077275,-1.733167,-0.182669
4368.018904,sim,1.410145,-0.067944,-2.413252,1.078718,-1.732997,-0.182664
4368.023072,sim,1.410148,-0.067675,-2.412711,1.080140,-1.732815,-0.182678
4368.026909,sim,1.410149,-0.067441,-2.412172,1.081591,-1.732651,-0.182659
4368.030844,sim,1.410155,-0.067195,-2.411650,1.082997,-1.732451,-0.182679
4368.034902,sim,1.410153,-0.066936,-2.411140,1.084426,-1.732283,-0.182662
4368.038991,sim,1.410158,-0.066944,-2.411140,1.084412,-1.732268,-0.182678
4368.043131,sim,1.410155,-0.066686,-2.410645,1.085825,-1.732096,-0.182663
4368.046866,sim,1.410162,-0.066445,-2.410166,1.087191,-1.731890,-0.182679
4368.050936,sim,1.410158,-0.066192,-2.409704,1.088562,-1.731711,-0.182664
4368.054845,sim,1.410165,-0.065955,-2.409259,1.089881,-1.731499,-0.182680
4368.058833,sim,1.410160,-0.065708,-2.408832,1.091201,-1.731316,-0.182665
4368.062986,sim,1.410165,-0.065714,-2.408832,1.091189,-1.731302,-0.182679
4368.066952,sim,1.410163,-0.065469,-2.408425,1.092472,-1.731108,-0.182673
4368.070878,sim,1.410164,-0.065236,-2.408035,1.093720,-1.730898,-0.182671
4368.074861,sim,1.410164,-0.065005,-2.407667,1.094933,-1.730679,-0.182673
4368.078803,sim,1.410165,-0.064786,-2.407317,1.096117,-1.730456,-0.182673
4368.083200,sim,1.410167,-0.064562,-2.406989,1.097258,-1.730220,-0.182682
4368.086867,sim,1.410164,-0.064349,-2.406678,1.098383,-1.729995,-0.182667
4368.090863,sim,1.410168,-0.064141,-2.406390,1.099443,-1.729737,-0.182683
4368.094828,sim,1.410165,-0.064127,-2.406393,1.099447,-1.729746,-0.182677
4368.098883,sim,1.410166,-0.063938,-2.406126,1.100485,-1.729489,-0.182670
4368.102962,sim,1.410169,-0.063722,-2.405899,1.101452,-1.729196,-0.182688
4368.106854,sim,1.410166,-0.063520,-2.405696,1.102406,-1.728910,-0.182671
4368.110860,sim,1.410172,-0.063339,-2.405519,1.103287,-1.728573,-0.182688
4368.114823,sim,1.410168,-0.063145,-2.405370,1.104149,-1.728247,-0.182679
4368.118907,sim,1.410172,-0.062981,-2.405239,1.104960,-1.727888,-0.182684
4368.122927,sim,1.410170,-0.062791,-2.405136,1.105733,-1.727527,-0.182685
4368.126918,sim,1.410173,-0.062623,-2.405050,1.106470,-1.727151,-0.182685
4368.131059,sim,1.410171,-0.062633,-2.405047,1.106480,-1.727158,-0.182676
4368.134875,sim,1.410176,-0.062487,-2.404977,1.107170,-1.726757,-0.182690
4368.138908,sim,1.410171,-0.062332,-2.404925,1.107837,-1.726364,-0.182677
4368.142872,sim,1.410176,-0.062208,-2.404887,1.108447,-1.725930,-0.182685
4368.146954,sim,1.410176,-0.062064,-2.404869,1.109016,-1.725484,-0.182697
4368.150880,sim,1.410176,-0.061970,-2.404853,1.109582,-1.725042,-0.182678
4368.154819,sim,1.410178,-0.061977,-2.404852,1.109573,-1.725030,-0.182689
4368.158890,sim,1.410177,-0.061869,-2.404853,1.110100,-1.724553,-0.182687
4368.163062,sim,1.410179,-0.061789,-2.404861,1.110606,-1.724023,-0.182688
4368.166911,sim,1.410180,-0.061690,-2.404885,1.111086,-1.723454,-0.182699
4368.170810,sim,1.410179,-0.061626,-2.404910,1.111573,-1.722864,-0.182684
4368.174876,sim,1.410180,-0.061569,-2.404945,1.112024,-1.722220,-0.182692
4368.178960,sim,1.410182,-0.061495,-2.404991,1.112457,-1.721552,-0.182702
4368.183149,sim,1.410180,-0.061455,-2.405037,1.112895,-1.720867,-0.182687
4368.186997,sim,1.410182,-0.061468,-2.405035,1.112891,-1.720859,-0.182693
4368.190829,sim,1.410184,-0.061406,-2.405094,1.113285,-1.720119,-0.182706
4368.194967,sim,1.410181,-0.061384,-2.405149,1.113691,-1.719358,-0.182686
4368.198910,sim,1.410185,-0.061358,-2.405214,1.114038,-1.718522,-0.182707
4368.202976,sim,1.410181,-0.061331,-2.405281,1.114400,-1.717690,-0.182690
4368.206908,sim,1.410184,-0.061326,-2.405350,1.114723,-1.716804,-0.182699
4368.210995,sim,1.410184,-0.061292,-2.405428,1.115020,-1.715899,-0.182711
4368.214928,sim,1.410183,-0.061295,-2.405500,1.115328,-1.714996,-0.182695
4368.218930,sim,1.410184,-0.061298,-2.405500,1.115321,-1.714988,-0.182704
4368.222998,sim,1.410184,-0.061292,-2.405577,1.115594,-1.714060,-0.182703
4368.226924,sim,1.410184,-0.061291,-2.405654,1.115837,-1.713113,-0.182705
4368.230920,sim,1.410184,-0.061288,-2.405734,1.116056,-1.712154,-0.182707
4368.234883,sim,1.410184,-0.061287,-2.405815,1.116254,-1.711188,-0.182708
4368.238900,sim,1.410184,-0.061294,-2.405894,1.116431,-1.710217,-0.182709
4368.243126,sim,1.410184,-0.061299,-2.405893,1.116432,-1.710216,-0.182709
4368.247031,sim,1.410183,-0.061292,-2.405978,1.116581,-1.709232,-0.182714
4368.250883,sim,1.410184,-0.061295,-2.406061,1.116715,-1.708241,-0.182715
4368.254944,sim,1.410184,-0.061303,-2.406145,1.116828,-1.707240,-0.182718
4368.258896,sim,1.410184,-0.061308,-2.406231,1.116922,-1.706234,-0.182721
4368.263089,sim,1.410184,-0.061315,-2.406317,1.117002,-1.705230,-0.182724
4368.266932,sim,1.410184,-0.061319,-2.406403,1.117064,-1.704226,-0.182729
4368.270977,sim,1.410184,-0.061323,-2.406490,1.117113,-1.703230,-0.182734
4368.274997,sim,1.410184,-0.061326,-2.406578,1.117149,-1.702244,-0.182739
4368.279158,sim,1.410184,-0.061330,-2.406577,1.117151,-1.702245,-0.182738
4368.283089,sim,1.410184,-0.061330,-2.406666,1.117174,-1.701270,-0.182749
4368.287007,sim,1.410183,-0.061332,-2.406756,1.117199,-1.700320,-0.182756
4368.291034,sim,1.410184,-0.061341,-2.406849,1.117215,-1.699379,-0.182770
4368.295012,sim,1.410184,-0.061346,-2.406944,1.117227,-1.698454,-0.182786
4368.298933,sim,1.410183,-0.061343,-2.407044,1.117230,-1.697537,-0.182808
4368.303011,sim,1.410184,-0.061350,-2.407144,1.117235,-1.696635,-0.182828
4368.307016,sim,1.410185,-0.061346,-2.407251,1.117225,-1.695731,-0.182862
4368.311088,sim,1.410182,-0.061345,-2.407250,1.117236,-1.695741,-0.182849
4368.314930,sim,1.410184,-0.061348,-2.407360,1.117227,-1.694836,-0.182887
4368.318893,sim,1.410184,-0.061353,-2.407476,1.117229,-1.693930,-0.182923
4368.323125,sim,1.410184,-0.061356,-2.407601,1.117224,-1.693010,-0.182971
4368.327009,sim,1.410184,-0.061358,-2.407731,1.117222,-1.692090,-0.183023
4368.330967,sim,1.410185,-0.061352,-2.407871,1.117209,-1.691160,-0.183092
4368.334961,sim,1.410183,-0.061372,-2.407865,1.117229,-1.691174,-0.183074
4368.338980,sim,1.410184,-0.061349,-2.408014,1.117203,-1.690233,-0.183164
4368.343190,sim,1.410184,-0.061367,-2.408158,1.117220,-1.689325,-0.183222
4368.346982,sim,1.410184,-0.061349,-2.408318,1.117197,-1.688388,-0.183330
4368.350869,sim,1.410184,-0.061367,-2.408473,1.117214,-1.687487,-0.183408
4368.354958,sim,1.410184,-0.061349,-2.408644,1.117192,-1.686564,-0.183535
4368.359029,sim,1.410184,-0.061366,-2.408807,1.117209,-1.685681,-0.183630
4368.363082,sim,1.410184,-0.061349,-2.408983,1.117187,-1.684782,-0.183772
4368.366880,sim,1.410184,-0.061368,-2.409151,1.117207,-1.683930,-0.183881
4368.370987,sim,1.410184,-0.061347,-2.409332,1.117183,-1.683065,-0.184039
4368.374892,sim,1.410184,-0.061368,-2.409325,1.117205,-1.683082,-0.184018
4368.378912,sim,1.410184,-0.061345,-2.409511,1.117181,-1.682234,-0.184199
4368.383011,sim,1.410184,-0.061365,-2.409689,1.117201,-1.681437,-0.184376
4368.387029,sim,1.410184,-0.061348,-2.409885,1.117181,-1.680625,-0.184627
4368.390928,sim,1.410184,-0.061366,-2.410074,1.117199,-1.679857,-0.184870
4368.394895,sim,1.410184,-0.061348,-2.410279,1.117177,-1.679075,-0.185181
4368.398923,sim,1.410184,-0.061365,-2.410274,1.117195,-1.679089,-0.185162
4368.403107,sim,1.410184,-0.061351,-2.410482,1.117176,-1.678318,-0.185504
4368.406993,sim,1.410183,-0.061369,-2.410686,1.117194,-1.677577,-0.185846
4368.410965,sim,1.410184,-0.061350,-2.410906,1.117171,-1.676811,-0.186263
4368.414947,sim,1.410184,-0.061370,-2.411118,1.117189,-1.676080,-0.186676
4368.418936,sim,1.410184,-0.061348,-2.411347,1.117166,-1.675329,-0.187161
4368.423128,sim,1.410184,-0.061361,-2.411342,1.117183,-1.675342,-0.187143
4368.426994,sim,1.410184,-0.061342,-2.411575,1.117162,-1.674597,-0.187677
4368.430953,sim,1.410183,-0.061352,-2.411805,1.117175,-1.673884,-0.188240
4368.434959,sim,1.410185,-0.061357,-2.412044,1.117161,-1.673153,-0.188897
4368.438935,sim,1.410183,-0.061374,-2.412284,1.117173,-1.672452,-0.189585
4368.443060,sim,1.410183,-0.061345,-2.412541,1.117148,-1.671736,-0.190363
4368.446949,sim,1.410184,-0.061355,-2.412791,1.117160,-1.671059,-0.191157
4368.451057,sim,1.410185,-0.061349,-2.413051,1.117140,-1.670367,-0.192035
4368.455074,sim,1.410183,-0.061354,-2.413048,1.117155,-1.670380,-0.192019
4368.458918,sim,1.410185,-0.061349,-2.413312,1.117134,-1.669709,-0.192962
4368.463066,sim,1.410184,-0.061377,-2.413572,1.117153,-1.669093,-0.193946
4368.467041,sim,1.410183,-0.061350,-2.413850,1.117126,-1.668474,-0.195039
4368.471113,sim,1.410185,-0.061369,-2.414119,1.117139,-1.667907,-0.196154
4368.474956,sim,1.410183,-0.061348,-2.414403,1.117115,-1.667342,-0.197356
4368.478975,sim,1.410185,-0.061371,-2.414675,1.117130,-1.666828,-0.198565
4368.483275,sim,1.410184,-0.061347,-2.414960,1.117103,-1.666311,-0.199846
4368.486940,sim,1.410184,-0.061368,-2.415231,1.117120,-1.665850,-0.201112
4368.491039,sim,1.410184,-0.061353,-2.415236,1.117101,-1.665836,-0.201131
4368.494966,sim,1.410183,-0.061355,-2.415509,1.117108,-1.665404,-0.202421
4368.498971,sim,1.410185,-0.061355,-2.415782,1.117090,-1.664988,-0.203759
4368.503135,sim,1.410183,-0.061365,-2.416046,1.117098,-1.664630,-0.205084
4368.506998,sim,1.410185,-0.061352,-2.416314,1.117074,-1.664284,-0.206453
4368.511226,sim,1.410183,-0.061372,-2.416570,1.117087,-1.663995,-0.207799
4368.515325,sim,1.410183,-0.061348,-2.416576,1.117066,-1.663982,-0.207818
4368.519129,sim,1.410184,-0.061369,-2.416831,1.117077,-1.663721,-0.209192
4368.523405,sim,1.410183,-0.061346,-2.417101,1.117050,-1.663462,-0.210646
4368.527093,sim,1.410184,-0.061369,-2.417360,1.117062,-1.663253,-0.212101
4368.531221,sim,1.410183,-0.061348,-2.417633,1.117034,-1.663044,-0.213627
4368.535141,sim,1.410184,-0.061369,-2.417895,1.117045,-1.662883,-0.215145
4368.539140,sim,1.410184,-0.061347,-2.418171,1.117013,-1.662716,-0.216726
4368.543220,sim,1.410184,-0.061369,-2.418433,1.117026,-1.662600,-0.218287
4368.547090,sim,1.410183,-0.061345,-2.418440,1.117004,-1.662586,-0.218306
4368.551115,sim,1.410184,-0.061370,-2.418704,1.117016,-1.662488,-0.219903
4368.555038,sim,1.410183,-0.061350,-2.418986,1.116987,-1.662384,-0.221586
4368.559000,sim,1.410183,-0.061359,-2.419261,1.116992,-1.662322,-0.223277
4368.563176,sim,1.410184,-0.061352,-2.419547,1.116963,-1.662249,-0.225037
4368.567074,sim,1.410184,-0.061375,-2.419823,1.116972,-1.662217,-0.226791
4368.571854,sim,1.410183,-0.061352,-2.420114,1.116942,-1.662173,-0.228600
4368.575015,sim,1.410184,-0.061369,-2.420393,1.116947,-1.662163,-0.230390
4368.579057,sim,1.410183,-0.061350,-2.420398,1.116929,-1.662151,-0.230407
4368.583329,sim,1.410184,-0.061374,-2.420677,1.116937,-1.662149,-0.232224
4368.587094,sim,1.410183,-0.061353,-2.420969,1.116905,-1.662126,-0.234117
4368.591021,sim,1.410184,-0.061378,-2.421251,1.116913,-1.662132,-0.236009
4368.595074,sim,1.410182,-0.061354,-2.421546,1.116881,-1.662117,-0.237963
4368.598952,sim,1.410184,-0.061373,-2.421828,1.116884,-1.662128,-0.239906
4368.603051,sim,1.410183,-0.061352,-2.421834,1.116864,-1.662115,-0.239924
4368.607065,sim,1.410184,-0.061380,-2.422115,1.116873,-1.662131,-0.241893
4368.611113,sim,1.410182,-0.061353,-2.422411,1.116836,-1.662119,-0.243941
4368.614989,sim,1.410185,-0.061378,-2.422692,1.116840,-1.662135,-0.245984
4368.618961,sim,1.410183,-0.061357,-2.422986,1.116806,-1.662127,-0.248087
4368.623152,sim,1.410184,-0.061385,-2.423264,1.116813,-1.662146,-0.250170
4368.627162,sim,1.410183,-0.061358,-2.423554,1.116771,-1.662134,-0.252307
4368.631083,sim,1.410184,-0.061384,-2.423827,1.116777,-1.662155,-0.254405
4368.634991,sim,1.410183,-0.061359,-2.424109,1.116737,-1.662145,-0.256543
4368.639089,sim,1.410185,-0.061386,-2.424101,1.116759,-1.662160,-0.256524
4368.643227,sim,1.410183,-0.061357,-2.424377,1.116713,-1.662147,-0.258640
4368.647142,sim,1.410185,-0.061388,-2.424625,1.116719,-1.662170,-0.260675
4368.651100,sim,1.410182,-0.061357,-2.424880,1.116666,-1.662154,-0.262720
4368.655138,sim,1.410185,-0.061388,-2.425108,1.116666,-1.662176,-0.264685
4368.659106,sim,1.410183,-0.061365,-2.425343,1.116613,-1.662164,-0.266661
4368.663259,sim,1.410185,-0.061390,-2.425556,1.116601,-1.662179,-0.268570
4368.667031,sim,1.410183,-0.061367,-2.425775,1.116546,-1.662168,-0.270485
4368.671062,sim,1.410184,-0.061386,-2.425769,1.116565,-1.662181,-0.270468
4368.675083,sim,1.410183,-0.061369,-2.425981,1.116504,-1.662169,-0.272377
4368.679071,sim,1.410183,-0.061376,-2.426180,1.116465,-1.662182,-0.274265
4368.683255,sim,1.410184,-0.061367,-2.426381,1.116382,-1.662168,-0.276193
4368.687040,sim,1.410184,-0.061399,-2.426564,1.116335,-1.662185,-0.278084
4368.691152,sim,1.410183,-0.061372,-2.426758,1.116226,-1.662170,-0.280014
4368.695160,sim,1.410184,-0.061400,-2.426751,1.116251,-1.662186,-0.279993
4368.699129,sim,1.410183,-0.061374,-2.426939,1.116130,-1.662170,-0.281916
4368.703199,sim,1.410185,-0.061409,-2.427104,1.116046,-1.662187,-0.283786
4368.707099,sim,1.410183,-0.061381,-2.427278,1.115892,-1.662169,-0.285683
4368.711055,sim,1.410185,-0.061418,-2.427428,1.115781,-1.662187,-0.287510
4368.714999,sim,1.410183,-0.061402,-2.427583,1.115608,-1.662172,-0.289347
4368.718983,sim,1.410185,-0.061437,-2.427717,1.115468,-1.662186,-0.291105
4368.723236,sim,1.410183,-0.061416,-2.427857,1.115268,-1.662170,-0.292858
4368.727105,sim,1.410185,-0.061440,-2.427850,1.115289,-1.662184,-0.292839
4368.731083,sim,1.410184,-0.061429,-2.427975,1.115075,-1.662172,-0.294517
4368.735067,sim,1.410186,-0.061462,-2.428074,1.114869,-1.662182,-0.296073
4368.739089,sim,1.410185,-0.061450,-2.428172,1.114600,-1.662169,-0.297576
4368.743228,sim,1.410187,-0.061494,-2.428241,1.114352,-1.662183,-0.298959
4368.747055,sim,1.410187,-0.061485,-2.428314,1.114036,-1.662169,-0.300303
4368.751019,sim,1.410190,-0.061523,-2.428363,1.113744,-1.662181,-0.301534
4368.755142,sim,1.410190,-0.061520,-2.428415,1.113394,-1.662167,-0.302728
4368.759085,sim,1.410192,-0.061546,-2.428408,1.113415,-1.662180,-0.302710
4368.763074,sim,1.410192,-0.061539,-2.428451,1.113044,-1.662167,-0.303827
4368.767013,sim,1.410195,-0.061582,-2.428474,1.112690,-1.662180,-0.304827
4368.771064,sim,1.410195,-0.061569,-2.428506,1.112269,-1.662165,-0.305786
4368.775141,sim,1.410199,-0.061609,-2.428517,1.111872,-1.662177,-0.306634
4368.778994,sim,1.410198,-0.061598,-2.428537,1.111418,-1.662164,-0.307447
4368.783249,sim,1.410201,-0.061629,-2.428529,1.111442,-1.662179,-0.307428
4368.787166,sim,1.410200,-0.061616,-2.428545,1.110966,-1.662164,-0.308175
4368.791091,sim,1.410203,-0.061649,-2.428546,1.110511,-1.662177,-0.308818
4368.795071,sim,1.410202,-0.061635,-2.428556,1.109998,-1.662165,-0.309432
4368.799033,sim,1.410205,-0.061668,-2.428551,1.109508,-1.662177,-0.309951
4368.803159,sim,1.410204,-0.061655,-2.428557,1.108965,-1.662167,-0.310443
4368.807085,sim,1.410206,-0.061680,-2.428550,1.108445,-1.662178,-0.310848
4368.811047,sim,1.410205,-0.061660,-2.428555,1.107875,-1.662165,-0.311234
4368.815070,sim,1.410207,-0.061691,-2.428544,1.107342,-1.662179,-0.311533
4368.819099,sim,1.410205,-0.061669,-2.428549,1.107323,-1.662167,-0.311550
4368.823218,sim,1.410206,-0.061693,-2.428540,1.106788,-1.662180,-0.311802
4368.827065,sim,1.410205,-0.061678,-2.428541,1.106227,-1.662170,-0.312039
4368.831129,sim,1.410206,-0.061704,-2.428531,1.105713,-1.662182,-0.312203
4368.835277,sim,1.410204,-0.061680,-2.428535,1.105171,-1.662171,-0.312361
4368.839139,sim,1.410206,-0.061705,-2.428525,1.104679,-1.662185,-0.312452
4368.843254,sim,1.410204,-0.061684,-2.428528,1.104159,-1.662174,-0.312547
4368.847196,sim,1.410204,-0.061705,-2.428520,1.103690,-1.662189,-0.312581
4368.851243,sim,1.410203,-0.061680,-2.428527,1.103667,-1.662175,-0.312599
4368.855243,sim,1.410204,-0.061704,-2.428519,1.103207,-1.662188,-0.312618
4368.859181,sim,1.410202,-0.061678,-2.428523,1.102715,-1.662177,-0.312660
4368.863528,sim,1.410203,-0.061706,-2.428514,1.102279,-1.662193,-0.312656
4368.867382,sim,1.410201,-0.061680,-2.428519,1.101806,-1.662181,-0.312683
4368.871562,sim,1.410202,-0.061709,-2.428509,1.101391,-1.662198,-0.312665
4368.875122,sim,1.410200,-0.061685,-2.428515,1.101369,-1.662185,-0.312683
4368.880271,sim,1.410201,-0.061700,-2.428509,1.100955,-1.662197,-0.312665
4368.883663,sim,1.410200,-0.061683,-2.428512,1.100520,-1.662190,-0.312674
4368.887423,sim,1.410200,-0.061706,-2.428503,1.100130,-1.662202,-0.312653
4368.891327,sim,1.410199,-0.061680,-2.428508,1.099714,-1.662192,-0.312661
4368.895269,sim,1.410200,-0.061706,-2.428499,1.099351,-1.662206,-0.312635
4368.899392,sim,1.410198,-0.061677,-2.428505,1.098957,-1.662194,-0.312643
4368.903976,sim,1.410200,-0.061702,-2.428496,1.098623,-1.662209,-0.312616
4368.907425,sim,1.410198,-0.061680,-2.428502,1.098603,-1.662197,-0.312633
4368.911429,sim,1.410199,-0.061698,-2.428495,1.098280,-1.662208,-0.312608
4368.915481,sim,1.410198,-0.061674,-2.428500,1.097937,-1.662199,-0.312615
4368.919498,sim,1.410199,-0.061697,-2.428493,1.097647,-1.662210,-0.312593
4368.923789,sim,1.410198,-0.061678,-2.428497,1.097338,-1.662202,-0.312601
4368.927529,sim,1.410198,-0.061702,-2.428490,1.097078,-1.662214,-0.312579
4368.931589,sim,1.410197,-0.061676,-2.428497,1.096789,-1.662202,-0.312592
4368.935358,sim,1.410199,-0.061701,-2.428490,1.096555,-1.662215,-0.312572
4368.939371,sim,1.410198,-0.061682,-2.428495,1.096538,-1.662204,-0.312587
4368.943388,sim,1.410199,-0.061703,-2.428489,1.096314,-1.662215,-0.312569
4368.947445,sim,1.410197,-0.061674,-2.428497,1.096063,-1.662202,-0.312584
4368.951333,sim,1.410198,-0.061691,-2.428492,1.095866,-1.662214,-0.312566
4368.955345,sim,1.410198,-0.061672,-2.428497,1.095645,-1.662202,-0.312581
4368.959338,sim,1.410199,-0.061701,-2.428489,1.095481,-1.662217,-0.312561
4368.963402,sim,1.410197,-0.061678,-2.428495,1.095285,-1.662205,-0.312577
4368.967295,sim,1.410199,-0.061702,-2.428488,1.095305,-1.662217,-0.312561
4368.971246,sim,1.410198,-0.061680,-2.428494,1.095123,-1.662206,-0.312576
4368.975203,sim,1.410199,-0.061701,-2.428488,1.094994,-1.662217,-0.312560
4368.979310,sim,1.410197,-0.061674,-2.428494,1.094839,-1.662204,-0.312577
4368.983438,sim,1.410199,-0.061700,-2.428486,1.094741,-1.662217,-0.312560
4368.987133,sim,1.410197,-0.061676,-2.428492,1.094614,-1.662205,-0.312576
4368.991210,sim,1.410199,-0.061698,-2.428484,1.094540,-1.662218,-0.312560
4368.995224,sim,1.410197,-0.061675,-2.428491,1.094518,-1.662204,-0.312577
4368.999270,sim,1.410199,-0.061704,-2.428482,1.094460,-1.662220,-0.312557
4369.003360,sim,1.410196,-0.061677,-2.428488,1.094365,-1.662206,-0.312575
4369.007189,sim,1.410198,-0.061700,-2.428480,1.094325,-1.662219,-0.312559
4369.011264,sim,1.410196,-0.061676,-2.428485,1.094253,-1.662207,-0.312575
4369.015252,sim,1.410198,-0.061701,-2.428478,1.094231,-1.662220,-0.312558
4369.019204,sim,1.410196,-0.061670,-2.428485,1.094172,-1.662206,-0.312577
4369.023290,sim,1.410198,-0.061697,-2.428477,1.094168,-1.662221,-0.312558
4369.027327,sim,1.410196,-0.061676,-2.428482,1.094127,-1.662209,-0.312575
4369.031302,sim,1.410197,-0.061694,-2.428477,1.094145,-1.662221,-0.312559
4369.035224,sim,1.410196,-0.061676,-2.428482,1.094111,-1.662210,-0.312574
4369.039213,sim,1.410198,-0.061703,-2.428475,1.094119,-1.662225,-0.312557
4369.043436,sim,1.410196,-0.061674,-2.428482,1.094086,-1.662213,-0.312574
4369.047253,sim,1.410198,-0.061699,-2.428476,1.094100,-1.662229,-0.312556
4369.051198,sim,1.410196,-0.061677,-2.428482,1.094075,-1.662220,-0.312572
4369.055271,sim,1.410197,-0.061703,-2.428475,1.094098,-1.662234,-0.312554
4369.059253,sim,1.410195,-0.061674,-2.428483,1.094070,-1.662224,-0.312572
4369.063378,sim,1.410198,-0.061704,-2.428475,1.094092,-1.662243,-0.312552
4369.067225,sim,1.410196,-0.061682,-2.428481,1.094071,-1.662236,-0.312567
4369.071209,sim,1.410197,-0.061700,-2.428476,1.094088,-1.662252,-0.312550
4369.075214,sim,1.410196,-0.061671,-2.428485,1.094062,-1.662242,-0.312568
4369.079299,sim,1.410197,-0.061699,-2.428477,1.094088,-1.662263,-0.312546
4369.083414,sim,1.410196,-0.061672,-2.428484,1.094066,-1.662253,-0.312564
4369.087361,sim,1.410198,-0.061703,-2.428476,1.094092,-1.662270,-0.312544
4369.091310,sim,1.410195,-0.061679,-2.428482,1.094071,-1.662260,-0.312560
4369.095290,sim,1.410197,-0.061698,-2.428477,1.094089,-1.662275,-0.312543
4369.099225,sim,1.410196,-0.061682,-2.428482,1.094077,-1.662271,-0.312553
4369.103210,sim,1.410197,-0.061704,-2.428476,1.094095,-1.662283,-0.312536
4369.107308,sim,1.410195,-0.061673,-2.428484,1.094071,-1.662272,-0.312551
4369.111323,sim,1.410197,-0.061698,-2.428477,1.094094,-1.662287,-0.312531
4369.115201,sim,1.410195,-0.061674,-2.428484,1.094074,-1.662276,-0.312544
4369.119244,sim,1.410198,-0.061701,-2.428476,1.094095,-1.662289,-0.312528
4369.123345,sim,1.410195,-0.061681,-2.428482,1.094079,-1.662280,-0.312538
4369.127336,sim,1.410196,-0.061703,-2.428476,1.094097,-1.662292,-0.312519
4369.131184,sim,1.410194,-0.061677,-2.428483,1.094074,-1.662282,-0.312530
4369.135244,sim,1.410195,-0.061701,-2.428477,1.094093,-1.662295,-0.312507
4369.139317,sim,1.410193,-0.061673,-2.428485,1.094067,-1.662283,-0.312518
4369.143432,sim,1.410195,-0.061703,-2.428476,1.094093,-1.662298,-0.312499
4369.147278,sim,1.410192,-0.061678,-2.428483,1.094066,-1.662286,-0.312509
4369.151235,sim,1.410193,-0.061697,-2.428478,1.094080,-1.662300,-0.312483
4369.155306,sim,1.410192,-0.061680,-2.428484,1.094054,-1.662290,-0.312487
4369.159266,sim,1.410191,-0.061700,-2.428478,1.094062,-1.662303,-0.312460
4369.163363,sim,1.410190,-0.061679,-2.428484,1.094033,-1.662295,-0.312460
4369.167221,sim,1.410190,-0.061699,-2.428479,1.094037,-1.662308,-0.312428
4369.171358,sim,1.410188,-0.061682,-2.428484,1.094004,-1.662300,-0.312425
4369.175288,sim,1.410188,-0.061705,-2.428478,1.094005,-1.662313,-0.312391
4369.179204,sim,1.410187,-0.061676,-2.428486,1.093982,-1.662300,-0.312409
4369.183384,sim,1.410188,-0.061698,-2.428480,1.093978,-1.662316,-0.312366
4369.187236,sim,1.410186,-0.061676,-2.428487,1.093920,-1.662304,-0.312353
4369.191285,sim,1.410187,-0.061704,-2.428479,1.093898,-1.662321,-0.312297
4369.195230,sim,1.410185,-0.061682,-2.428485,1.093822,-1.662310,-0.312271
4369.199204,sim,1.410186,-0.061704,-2.428480,1.093775,-1.662323,-0.312206
4369.203402,sim,1.410184,-0.061674,-2.428488,1.093676,-1.662310,-0.312170
4369.207276,sim,1.410186,-0.061703,-2.428480,1.093619,-1.662326,-0.312090
4369.211282,sim,1.410184,-0.061682,-2.428486,1.093599,-1.662314,-0.312107
4369.215220,sim,1.410185,-0.061704,-2.428480,1.093519,-1.662326,-0.312022
4369.219271,sim,1.410183,-0.061678,-2.428487,1.093377,-1.662314,-0.311958
4369.223328,sim,1.410185,-0.061702,-2.428481,1.093258,-1.662327,-0.311850
4369.227214,sim,1.410183,-0.061682,-2.428486,1.093081,-1.662317,-0.311763
4369.231308,sim,1.410185,-0.061705,-2.428481,1.092923,-1.662328,-0.311635
4369.235325,sim,1.410183,-0.061678,-2.428488,1.092902,-1.662315,-0.311652
4369.239230,sim,1.410185,-0.061703,-2.428481,1.092726,-1.662328,-0.311514
4369.243337,sim,1.410183,-0.061675,-2.428489,1.092481,-1.662314,-0.311397
4369.247252,sim,1.410185,-0.061710,-2.428480,1.092266,-1.662332,-0.311228
4369.251304,sim,1.410182,-0.061683,-2.428488,1.091973,-1.662316,-0.311089
4369.255233,sim,1.410185,-0.061703,-2.428482,1.091705,-1.662329,-0.310902
4369.259220,sim,1.410183,-0.061683,-2.428488,1.091376,-1.662316,-0.310738
4369.263370,sim,1.410185,-0.061709,-2.428482,1.091068,-1.662328,-0.310532
4369.267353,sim,1.410183,-0.061685,-2.428488,1.091049,-1.662316,-0.310549
4369.271254,sim,1.410184,-0.061707,-2.428482,1.090705,-1.662327,-0.310323
4369.275242,sim,1.410183,-0.061683,-2.428489,1.090277,-1.662315,-0.310099
4369.279211,sim,1.410184,-0.061706,-2.428483,1.089845,-1.662326,-0.309817
4369.283450,sim,1.410183,-0.061683,-2.428490,1.089336,-1.662313,-0.309543
4369.287246,sim,1.410184,-0.061705,-2.428485,1.088834,-1.662325,-0.309212
4369.291271,sim,1.410183,-0.061679,-2.428492,1.088260,-1.662311,-0.308895
4369.295242,sim,1.410185,-0.061706,-2.428485,1.087703,-1.662324,-0.308526
4369.299341,sim,1.410183,-0.061686,-2.428491,1.087685,-1.662312,-0.308542
4369.303443,sim,1.410184,-0.061707,-2.428485,1.087091,-1.662324,-0.308139
4369.307172,sim,1.410183,-0.061686,-2.428492,1.086412,-1.662311,-0.307721
4369.311242,sim,1.410185,-0.061711,-2.428486,1.085735,-1.662322,-0.307225
4369.315217,sim,1.410183,-0.061687,-2.428493,1.084980,-1.662310,-0.306719
4369.319288,sim,1.410185,-0.061709,-2.428488,1.084233,-1.662320,-0.306143
4369.323286,sim,1.410183,-0.061686,-2.428494,1.083421,-1.662309,-0.305564
4369.327217,sim,1.410185,-0.061711,-2.428488,1.083442,-1.662321,-0.305548
4369.331347,sim,1.410184,-0.061689,-2.428494,1.082613,-1.662309,-0.304938
4369.335292,sim,1.410185,-0.061709,-2.428489,1.081813,-1.662320,-0.304269
4369.339210,sim,1.410184,-0.061686,-2.428497,1.080967,-1.662306,-0.303606
4369.343322,sim,1.410185,-0.061711,-2.428491,1.080159,-1.662319,-0.302888
4369.347305,sim,1.410183,-0.061685,-2.428500,1.079306,-1.662305,-0.302180
4369.351258,sim,1.410186,-0.061709,-2.428495,1.078495,-1.662317,-0.301421
4369.355211,sim,1.410184,-0.061685,-2.428503,1.077645,-1.662304,-0.300679
4369.359303,sim,1.410186,-0.061716,-2.428494,1.077672,-1.662321,-0.300659
4369.363441,sim,1.410183,-0.061688,-2.428503,1.076818,-1.662305,-0.299886
4369.367298,sim,1.410186,-0.061708,-2.428499,1.076008,-1.662317,-0.299031
4369.371281,sim,1.410184,-0.061689,-2.428507,1.075160,-1.662305,-0.298166
4369.375227,sim,1.410185,-0.061712,-2.428502,1.074353,-1.662317,-0.297234
4369.379307,sim,1.410184,-0.061688,-2.428510,1.073510,-1.662304,-0.296302
4369.383563,sim,1.410186,-0.061709,-2.428506,1.072715,-1.662316,-0.295310
4369.387217,sim,1.410184,-0.061691,-2.428513,1.071891,-1.662304,-0.294328
4369.391267,sim,1.410186,-0.061714,-2.428507,1.071911,-1.662316,-0.294313
4369.395322,sim,1.410184,-0.061689,-2.428515,1.071092,-1.662304,-0.293298
4369.399231,sim,1.410186,-0.061712,-2.428510,1.070322,-1.662316,-0.292207
4369.403319,sim,1.410185,-0.061695,-2.428516,1.069522,-1.662306,-0.291106
4369.407233,sim,1.410185,-0.061713,-2.428512,1.068764,-1.662316,-0.289940
4369.411370,sim,1.410185,-0.061692,-2.428518,1.067977,-1.662303,-0.288773
4369.415263,sim,1.410186,-0.061716,-2.428512,1.067999,-1.662316,-0.288756
4369.419244,sim,1.410184,-0.061691,-2.428519,1.067216,-1.662304,-0.287545
4369.423271,sim,1.410186,-0.061713,-2.428514,1.066473,-1.662314,-0.286249
4369.427304,sim,1.410185,-0.061693,-2.428519,1.065696,-1.662304,-0.284933
4369.431277,sim,1.410185,-0.061714,-2.428514,1.064960,-1.662315,-0.283544
4369.435229,sim,1.410185,-0.061694,-2.428519,1.064193,-1.662304,-0.282147
4369.439234,sim,1.410185,-0.061701,-2.428517,1.063464,-1.662314,-0.280690
4369.443387,sim,1.410186,-0.061694,-2.428519,1.062718,-1.662303,-0.279234
4369.447226,sim,1.410185,-0.061715,-2.428514,1.062736,-1.662314,-0.279220
4369.451227,sim,1.410185,-0.061693,-2.428519,1.061993,-1.662303,-0.277706
4369.455339,sim,1.410185,-0.061711,-2.428514,1.061289,-1.662312,-0.276072
4369.459279,sim,1.410184,-0.061687,-2.428520,1.060556,-1.662302,-0.274384
4369.463465,sim,1.410186,-0.061713,-2.428513,1.059868,-1.662314,-0.272591
4369.467249,sim,1.410185,-0.061697,-2.428517,1.059153,-1.662305,-0.270762
4369.471437,sim,1.410185,-0.061716,-2.428511,1.058477,-1.662314,-0.268849
4369.475311,sim,1.410184,-0.061689,-2.428518,1.057771,-1.662301,-0.266918
4369.479268,sim,1.410185,-0.061710,-2.428512,1.057792,-1.662313,-0.266902
4369.483427,sim,1.410184,-0.061691,-2.428517,1.057103,-1.662303,-0.264902
4369.487248,sim,1.410185,-0.061712,-2.428510,1.056462,-1.662314,-0.262794
4369.491314,sim,1.410184,-0.061694,-2.428515,1.055799,-1.662304,-0.260644
4369.495276,sim,1.410185,-0.061708,-2.428510,1.055180,-1.662311,-0.258409
4369.499305,sim,1.410184,-0.061686,-2.428515,1.054546,-1.662301,-0.256149
4369.503366,sim,1.410185,-0.061715,-2.428507,1.053971,-1.662316,-0.253820
4369.507367,sim,1.410183,-0.061693,-2.428512,1.053949,-1.662303,-0.253837
4369.511294,sim,1.410184,-0.061706,-2.428508,1.053385,-1.662313,-0.251494
4369.515377,sim,1.410184,-0.061691,-2.428511,1.052812,-1.662303,-0.249175
4369.519203,sim,1.410184,-0.061713,-2.428505,1.052298,-1.662314,-0.246823
4369.523436,sim,1.410183,-0.061693,-2.428509,1.051769,-1.662304,-0.244495
4369.527316,sim,1.410184,-0.061711,-2.428503,1.051295,-1.662313,-0.242134
4369.531206,sim,1.410183,-0.061689,-2.428509,1.050803,-1.662302,-0.239797
4369.535525,sim,1.410184,-0.061710,-2.428502,1.050370,-1.662314,-0.237424
4369.539449,sim,1.410182,-0.061692,-2.428507,1.050354,-1.662305,-0.237437
4369.543638,sim,1.410184,-0.061711,-2.428501,1.049930,-1.662313,-0.235011
4369.547281,sim,1.410182,-0.061687,-2.428507,1.049482,-1.662302,-0.232516
4369.551241,sim,1.410183,-0.061710,-2.428500,1.049087,-1.662315,-0.229905
4369.555396,sim,1.410182,-0.061691,-2.428505,1.048664,-1.662304,-0.227256
4369.559288,sim,1.410182,-0.061707,-2.428500,1.048287,-1.662315,-0.224519
4369.563350,sim,1.410181,-0.061689,-2.428504,1.047886,-1.662304,-0.221765
4369.567350,sim,1.410182,-0.061705,-2.428500,1.047532,-1.662314,-0.218951
4369.571338,sim,1.410181,-0.061687,-2.428505,1.047514,-1.662303,-0.218965
4369.575343,sim,1.410180,-0.061705,-2.428499,1.047179,-1.662316,-0.216101
4369.579307,sim,1.410179,-0.061688,-2.428504,1.046821,-1.662303,-0.213205
4369.583433,sim,1.410180,-0.061708,-2.428498,1.046519,-1.662315,-0.210223
4369.587374,sim,1.410178,-0.061690,-2.428502,1.046198,-1.662305,-0.207222
4369.591303,sim,1.410178,-0.061708,-2.428496,1.045928,-1.662316,-0.204154
4369.595319,sim,1.410177,-0.061683,-2.428503,1.045905,-1.662303,-0.204170
4369.599277,sim,1.410178,-0.061707,-2.428496,1.045656,-1.662316,-0.201039
4369.603522,sim,1.410175,-0.061690,-2.428500,1.045384,-1.662306,-0.197857
4369.607328,sim,1.410175,-0.061707,-2.428494,1.045166,-1.662317,-0.194577
4369.611355,sim,1.410173,-0.061689,-2.428499,1.044929,-1.662306,-0.191270
4369.615290,sim,1.410172,-0.061706,-2.428493,1.044744,-1.662316,-0.187890
4369.619344,sim,1.410169,-0.061687,-2.428498,1.044542,-1.662306,-0.184506
4369.623438,sim,1.410168,-0.061708,-2.428491,1.044396,-1.662320,-0.181073
4369.627257,sim,1.410167,-0.061688,-2.428496,1.044376,-1.662307,-0.181089
4369.631284,sim,1.410167,-0.061704,-2.428492,1.044243,-1.662317,-0.177619
4369.635384,sim,1.410163,-0.061685,-2.428496,1.044099,-1.662308,-0.174117
4369.639379,sim,1.410160,-0.061705,-2.428490,1.044012,-1.662320,-0.170537
4369.643433,sim,1.410156,-0.061687,-2.428495,1.043903,-1.662309,-0.166950
4369.647297,sim,1.410153,-0.061705,-2.428489,1.043847,-1.662320,-0.163309
4369.651392,sim,1.410149,-0.061687,-2.428494,1.043770,-1.662309,-0.159682
4369.655541,sim,1.410144,-0.061703,-2.428489,1.043742,-1.662321,-0.156022
4369.659262,sim,1.410139,-0.061685,-2.428494,1.043687,-1.662309,-0.152402
4369.663457,sim,1.410139,-0.061705,-2.428488,1.043709,-1.662322,-0.152385
4369.667393,sim,1.410133,-0.061688,-2.428493,1.043664,-1.662311,-0.148788
4369.671347,sim,1.410129,-0.061703,-2.428489,1.043659,-1.662321,-0.145189
4369.675301,sim,1.410125,-0.061685,-2.428494,1.043625,-1.662310,-0.141647
4369.679279,sim,1.410121,-0.061704,-2.428488,1.043634,-1.662321,-0.138099
4369.683683,sim,1.410116,-0.061688,-2.428492,1.043610,-1.662311,-0.134606
4369.687361,sim,1.410116,-0.061700,-2.428489,1.043627,-1.662323,-0.134591
4369.691262,sim,1.410113,-0.061685,-2.428494,1.043602,-1.662308,-0.131067
4369.695285,sim,1.410110,-0.061705,-2.428487,1.043624,-1.662325,-0.127428
4369.699276,sim,1.410106,-0.061686,-2.428493,1.043602,-1.662311,-0.123759
4369.703406,sim,1.410104,-0.061702,-2.428487,1.043622,-1.662324,-0.120003
4369.707288,sim,1.410102,-0.061689,-2.428492,1.043606,-1.662312,-0.116239
4369.711276,sim,1.410100,-0.061701,-2.428487,1.043626,-1.662324,-0.112420
4369.715444,sim,1.410098,-0.061688,-2.428492,1.043612,-1.662312,-0.108617
4369.719362,sim,1.410098,-0.061699,-2.428488,1.043627,-1.662323,-0.108603
4369.723371,sim,1.410097,-0.061687,-2.428492,1.043616,-1.662314,-0.104752
4369.727310,sim,1.410096,-0.061703,-2.428487,1.043636,-1.662324,-0.100793
4369.731364,sim,1.410095,-0.061687,-2.428492,1.043622,-1.662314,-0.096791
4369.735385,sim,1.410093,-0.061689,-2.428490,1.043638,-1.662325,-0.092701
4369.739291,sim,1.410095,-0.061693,-2.428490,1.043630,-1.662316,-0.088587
4369.743355,sim,1.410093,-0.061707,-2.428486,1.043647,-1.662325,-0.084411
4369.747367,sim,1.410093,-0.061687,-2.428491,1.043632,-1.662317,-0.080234
4369.751337,sim,1.410093,-0.061701,-2.428487,1.043648,-1.662326,-0.080220
4369.755309,sim,1.410093,-0.061686,-2.428492,1.043632,-1.662316,-0.076007
4369.759301,sim,1.410093,-0.061703,-2.428487,1.043651,-1.662327,-0.071719
4369.763496,sim,1.410092,-0.061686,-2.428492,1.043634,-1.662317,-0.067429
4369.767443,sim,1.410093,-0.061700,-2.428488,1.043653,-1.662329,-0.063092
4369.771311,sim,1.410092,-0.061685,-2.428493,1.043636,-1.662318,-0.058780
4369.775302,sim,1.410093,-0.061702,-2.428488,1.043654,-1.662329,-0.058765
4369.779388,sim,1.410093,-0.061685,-2.428492,1.043637,-1.662319,-0.054440
4369.783547,sim,1.410093,-0.061698,-2.428488,1.043655,-1.662331,-0.050062
4369.787244,sim,1.410093,-0.061690,-2.428491,1.043643,-1.662323,-0.045702
4369.791275,sim,1.410092,-0.061701,-2.428487,1.043658,-1.662333,-0.041318
4369.795346,sim,1.410093,-0.061688,-2.428492,1.043640,-1.662322,-0.036976
4369.799261,sim,1.410092,-0.061696,-2.428489,1.043655,-1.662333,-0.032631
4369.803291,sim,1.410094,-0.061688,-2.428492,1.043642,-1.662325,-0.028351
4369.807306,sim,1.410093,-0.061704,-2.428487,1.043659,-1.662334,-0.028337
4369.811421,sim,1.410093,-0.061690,-2.428491,1.043643,-1.662325,-0.024087
4369.815351,sim,1.410093,-0.061706,-2.428487,1.043658,-1.662334,-0.019823
4369.819306,sim,1.410093,-0.061689,-2.428492,1.043642,-1.662325,-0.015609
4369.823346,sim,1.410092,-0.061696,-2.428490,1.043655,-1.662334,-0.011394
4369.827384,sim,1.410094,-0.061687,-2.428493,1.043642,-1.662327,-0.007239
4369.831368,sim,1.410093,-0.061703,-2.428489,1.043659,-1.662337,-0.003096
4369.835298,sim,1.410093,-0.061690,-2.428493,1.043644,-1.662328,0.000972
4369.839389,sim,1.410092,-0.061698,-2.428489,1.043660,-1.662339,0.000988
4369.843477,sim,1.410093,-0.061685,-2.428494,1.043642,-1.662327,0.005052
4369.847358,sim,1.410093,-0.061698,-2.428490,1.043658,-1.662338,0.009188
4369.851323,sim,1.410093,-0.061685,-2.428494,1.043642,-1.662328,0.013325
4369.855281,sim,1.410093,-0.061698,-2.428490,1.043659,-1.662339,0.017514
4369.859329,sim,1.410094,-0.061692,-2.428493,1.043645,-1.662330,0.021687
4369.863439,sim,1.410093,-0.061705,-2.428489,1.043661,-1.662339,0.025893
4369.867316,sim,1.410093,-0.061688,-2.428494,1.043643,-1.662328,0.025877
4369.871270,sim,1.410092,-0.061685,-2.428493,1.043656,-1.662340,0.030058
4369.875351,sim,1.410095,-0.061694,-2.428493,1.043646,-1.662330,0.034165
4369.879346,sim,1.410091,-0.061686,-2.428494,1.043654,-1.662338,0.038244
4369.883562,sim,1.410095,-0.061696,-2.428493,1.043647,-1.662330,0.042253
4369.887303,sim,1.410092,-0.061703,-2.428490,1.043660,-1.662339,0.046231
4369.891378,sim,1.410095,-0.061696,-2.428493,1.043646,-1.662329,0.050130
4369.895336,sim,1.410092,-0.061700,-2.428490,1.043660,-1.662340,0.054002
4369.899270,sim,1.410094,-0.061690,-2.428494,1.043645,-1.662330,0.053988
4369.903521,sim,1.410092,-0.061693,-2.428492,1.043658,-1.662340,0.057847
4369.907303,sim,1.410094,-0.061686,-2.428495,1.043644,-1.662330,0.061699
4369.911399,sim,1.410093,-0.061697,-2.428491,1.043661,-1.662342,0.065595
4369.915326,sim,1.410094,-0.061694,-2.428493,1.043648,-1.662332,0.069464
4369.919575,sim,1.410092,-0.061700,-2.428491,1.043661,-1.662341,0.073356
4369.923512,sim,1.410094,-0.061690,-2.428494,1.043646,-1.662331,0.077205
4369.927397,sim,1.410093,-0.061697,-2.428491,1.043660,-1.662341,0.081059
4369.931371,sim,1.410095,-0.061692,-2.428494,1.043647,-1.662332,0.081046
4369.935383,sim,1.410092,-0.061685,-2.428494,1.043656,-1.662341,0.084895
4369.939485,sim,1.410096,-0.061696,-2.428493,1.043649,-1.662333,0.088740
4369.943478,sim,1.410092,-0.061701,-2.428491,1.043661,-1.662341,0.092619
4369.947366,sim,1.410095,-0.061697,-2.428493,1.043649,-1.662333,0.096476
4369.951473,sim,1.410092,-0.061700,-2.428491,1.043661,-1.662342,0.100354
4369.955589,sim,1.410094,-0.061691,-2.428495,1.043644,-1.662330,0.100339
4369.959392,sim,1.410092,-0.061685,-2.428495,1.043656,-1.662341,0.104236
4369.963396,sim,1.410096,-0.061695,-2.428494,1.043646,-1.662331,0.108145
4369.967302,sim,1.410092,-0.061696,-2.428492,1.043660,-1.662342,0.112105
4369.971420,sim,1.410096,-0.061701,-2.428493,1.043647,-1.662331,0.116052
4369.975395,sim,1.410092,-0.061695,-2.428493,1.043659,-1.662341,0.120031
4369.979353,sim,1.410095,-0.061691,-2.428495,1.043645,-1.662332,0.123976
4369.983564,sim,1.410092,-0.061694,-2.428493,1.043659,-1.662341,0.127930
4369.987395,sim,1.410095,-0.061694,-2.428493,1.043649,-1.662334,0.127919
4369.991327,sim,1.410093,-0.061698,-2.428491,1.043660,-1.662342,0.131881
4369.995337,sim,1.410096,-0.061697,-2.428494,1.043645,-1.662330,0.135853
4369.999283,sim,1.410093,-0.061693,-2.428493,1.043657,-1.662341,0.139883
4370.003404,sim,1.410096,-0.061696,-2.428494,1.043646,-1.662331,0.143905
4370.007376,sim,1.410092,-0.061681,-2.428495,1.043655,-1.662341,0.147961
4370.011343,sim,1.410097,-0.061697,-2.428494,1.043648,-1.662332,0.151995
4370.015263,sim,1.410093,-0.061686,-2.428495,1.043655,-1.662340,0.156036
4370.019336,sim,1.410098,-0.061700,-2.428493,1.043647,-1.662330,0.156026
4370.023420,sim,1.410094,-0.061698,-2.428492,1.043660,-1.662340,0.160062
4370.027334,sim,1.410098,-0.061695,-2.428494,1.043646,-1.662330,0.164060
4370.031281,sim,1.410095,-0.061682,-2.428496,1.043654,-1.662338,0.168064
4370.035376,sim,1.410101,-0.061701,-2.428494,1.043647,-1.662327,0.172019
4370.039352,sim,1.410097,-0.061698,-2.428493,1.043660,-1.662336,0.175959
4370.043474,sim,1.410102,-0.061696,-2.428494,1.043646,-1.662325,0.179827
4370.047258,sim,1.410098,-0.061685,-2.428495,1.043655,-1.662334,0.179838
4370.051372,sim,1.410103,-0.061697,-2.428494,1.043648,-1.662325,0.183631
4370.055657,sim,1.410100,-0.061683,-2.428496,1.043654,-1.662329,0.187339
4370.059307,sim,1.410107,-0.061701,-2.428494,1.043647,-1.662317,0.190930
4370.063345,sim,1.410103,-0.061688,-2.428495,1.043656,-1.662323,0.194449
4370.067356,sim,1.410111,-0.061707,-2.428492,1.043650,-1.662311,0.197861
4370.071296,sim,1.410106,-0.061685,-2.428495,1.043655,-1.662315,0.201208
4370.075249,sim,1.410115,-0.061702,-2.428493,1.043649,-1.662301,0.204460
4370.079278,sim,1.410109,-0.061688,-2.428495,1.043656,-1.662309,0.204469
4370.083688,sim,1.410118,-0.061702,-2.428493,1.043649,-1.662292,0.207684
4370.087300,sim,1.410118,-0.061688,-2.428495,1.043655,-1.662284,0.210913
4370.091296,sim,1.410129,-0.061703,-2.428493,1.043649,-1.662254,0.214114
4370.095228,sim,1.410132,-0.061686,-2.428496,1.043654,-1.662234,0.217318
4370.099307,sim,1.410147,-0.061702,-2.428493,1.043650,-1.662194,0.220483
4370.103394,sim,1.410153,-0.061689,-2.428495,1.043655,-1.662162,0.223635
4370.108018,sim,1.410171,-0.061702,-2.428494,1.043649,-1.662111,0.226736
4370.111348,sim,1.410165,-0.061686,-2.428496,1.043655,-1.662118,0.226745
4370.115415,sim,1.410185,-0.061703,-2.428494,1.043650,-1.662052,0.229816
4370.119408,sim,1.410195,-0.061689,-2.428495,1.043655,-1.661977,0.232879
4370.123459,sim,1.410217,-0.061701,-2.428494,1.043648,-1.661864,0.235896
4370.127327,sim,1.410230,-0.061687,-2.428496,1.043655,-1.661746,0.238901
4370.131399,sim,1.410255,-0.061704,-2.428494,1.043650,-1.661592,0.241854
4370.135453,sim,1.410249,-0.061687,-2.428496,1.043654,-1.661599,0.241861
4370.139340,sim,1.410276,-0.061708,-2.428493,1.043650,-1.661415,0.244794
4370.143364,sim,1.410291,-0.061687,-2.428496,1.043656,-1.661209,0.247734
4370.147340,sim,1.410319,-0.061701,-2.428495,1.043648,-1.660948,0.250640
4370.151376,sim,1.410337,-0.061690,-2.428496,1.043655,-1.660669,0.253541
4370.155360,sim,1.410364,-0.061704,-2.428494,1.043650,-1.660339,0.256396
4370.159271,sim,1.410383,-0.061692,-2.428496,1.043654,-1.659989,0.259228
4370.163427,sim,1.410411,-0.061702,-2.428494,1.043650,-1.659596,0.262004
4370.167354,sim,1.410406,-0.061686,-2.428497,1.043654,-1.659602,0.262011
4370.171289,sim,1.410435,-0.061700,-2.428495,1.043650,-1.659150,0.264741
4370.175302,sim,1.410455,-0.061687,-2.428496,1.043655,-1.658628,0.267443
4370.179413,sim,1.410487,-0.061706,-2.428494,1.043650,-1.658016,0.270084
4370.183618,sim,1.410508,-0.061687,-2.428497,1.043655,-1.657350,0.272695
4370.187290,sim,1.410541,-0.061705,-2.428494,1.043651,-1.656608,0.275243
4370.191332,sim,1.410564,-0.061687,-2.428497,1.043655,-1.655824,0.277754
4370.195346,sim,1.410599,-0.061703,-2.428495,1.043649,-1.654975,0.280198
4370.199309,sim,1.410594,-0.061690,-2.428496,1.043656,-1.654983,0.280207
4370.203281,sim,1.410630,-0.061703,-2.428495,1.043650,-1.654064,0.282609
4370.207304,sim,1.410661,-0.061686,-2.428497,1.043656,-1.653070,0.284998
4370.211569,sim,1.410706,-0.061701,-2.428495,1.043651,-1.651978,0.287339
4370.215376,sim,1.410744,-0.061686,-2.428497,1.043656,-1.650825,0.289660
4370.219316,sim,1.410797,-0.061710,-2.428494,1.043652,-1.649590,0.291929
4370.223453,sim,1.410839,-0.061683,-2.428497,1.043657,-1.648314,0.294178
4370.227449,sim,1.410846,-0.061700,-2.428495,1.043651,-1.648307,0.294170
4370.231436,sim,1.410894,-0.061686,-2.428497,1.043657,-1.646974,0.296372
4370.235368,sim,1.410956,-0.061704,-2.428495,1.043653,-1.645574,0.298511
4370.239333,sim,1.411013,-0.061688,-2.428496,1.043657,-1.644133,0.300620
4370.243482,sim,1.411083,-0.061703,-2.428495,1.043652,-1.642625,0.302674
4370.247373,sim,1.411148,-0.061693,-2.428496,1.043658,-1.641077,0.304706
4370.251343,sim,1.411224,-0.061702,-2.428495,1.043652,-1.639465,0.306692
4370.255891,sim,1.411297,-0.061681,-2.428498,1.043656,-1.637815,0.308664
4370.259446,sim,1.411302,-0.061702,-2.428495,1.043653,-1.637809,0.308657
4370.263472,sim,1.411380,-0.061687,-2.428497,1.043658,-1.636079,0.310618
4370.267252,sim,1.411478,-0.061705,-2.428495,1.043654,-1.634238,0.312565
4370.271382,sim,1.411572,-0.061688,-2.428497,1.043658,-1.632323,0.314521
4370.275427,sim,1.411683,-0.061704,-2.428495,1.043653,-1.630322,0.316451
4370.279385,sim,1.411792,-0.061690,-2.428496,1.043659,-1.628276,0.318381
4370.283491,sim,1.411914,-0.061708,-2.428494,1.043655,-1.626169,0.320276
4370.287425,sim,1.412030,-0.061681,-2.428498,1.043658,-1.624042,0.322159
4370.291495,sim,1.412037,-0.061701,-2.428495,1.043654,-1.624036,0.322153
4370.295407,sim,1.412160,-0.061684,-2.428497,1.043658,-1.621874,0.324004
4370.299297,sim,1.412305,-0.061703,-2.428495,1.043655,-1.619664,0.325812
4370.303510,sim,1.412447,-0.061685,-2.428497,1.043658,-1.617438,0.327600
4370.307357,sim,1.412608,-0.061703,-2.428495,1.043655,-1.615179,0.329340
4370.311352,sim,1.412766,-0.061685,-2.428497,1.043659,-1.612917,0.331059
4370.315370,sim,1.412771,-0.061704,-2.428495,1.043655,-1.612911,0.331052
4370.319312,sim,1.412938,-0.061685,-2.428497,1.043659,-1.610631,0.332740
4370.323463,sim,1.413126,-0.061701,-2.428495,1.043654,-1.608314,0.334389
4370.327396,sim,1.413313,-0.061684,-2.428497,1.043658,-1.605993,0.336024
4370.331255,sim,1.413521,-0.061701,-2.428495,1.043655,-1.603650,0.337618
4370.335286,sim,1.413726,-0.061688,-2.428496,1.043659,-1.601315,0.339191
4370.339327,sim,1.413949,-0.061706,-2.428494,1.043656,-1.598973,0.340719
4370.343379,sim,1.414169,-0.061686,-2.428496,1.043659,-1.596654,0.342225
4370.347289,sim,1.414175,-0.061709,-2.428494,1.043655,-1.596648,0.342217
4370.351298,sim,1.414405,-0.061684,-2.428497,1.043660,-1.594330,0.343690
4370.355378,sim,1.414663,-0.061701,-2.428494,1.043657,-1.591986,0.345116
4370.359326,sim,1.414925,-0.061687,-2.428496,1.043661,-1.589642,0.346523
4370.363393,sim,1.415208,-0.061702,-2.428495,1.043655,-1.587282,0.347882
4370.367292,sim,1.415495,-0.061693,-2.428495,1.043662,-1.584936,0.349225
4370.371348,sim,1.415798,-0.061707,-2.428494,1.043658,-1.582583,0.350520
4370.375292,sim,1.416100,-0.061680,-2.428497,1.043663,-1.580255,0.351798
4370.379312,sim,1.416106,-0.061703,-2.428495,1.043658,-1.580247,0.351790
4370.383414,sim,1.416418,-0.061683,-2.428497,1.043663,-1.577924,0.353032
4370.387361,sim,1.416752,-0.061703,-2.428495,1.043660,-1.575592,0.354225
4370.391359,sim,1.417087,-0.061684,-2.428497,1.043665,-1.573280,0.355394
4370.395305,sim,1.417441,-0.061701,-2.428495,1.043661,-1.570971,0.356515
4370.399305,sim,1.417793,-0.061689,-2.428496,1.043667,-1.568692,0.357613
4370.403492,sim,1.418159,-0.061704,-2.428495,1.043664,-1.566426,0.358661
4370.407395,sim,1.418154,-0.061683,-2.428497,1.043669,-1.566434,0.358669
4370.411266,sim,1.418524,-0.061703,-2.428495,1.043664,-1.564208,0.359673
4370.415283,sim,1.418886,-0.061686,-2.428496,1.043672,-1.562054,0.360649
4370.419349,sim,1.419257,-0.061704,-2.428494,1.043669,-1.559940,0.361565
4370.423560,sim,1.419620,-0.061685,-2.428496,1.043674,-1.557887,0.362455
4370.427315,sim,1.419994,-0.061703,-2.428494,1.043673,-1.555871,0.363292
4370.431266,sim,1.420359,-0.061684,-2.428496,1.043679,-1.553910,0.364108
4370.435575,sim,1.420735,-0.061700,-2.428495,1.043676,-1.551980,0.364877
4370.439383,sim,1.420731,-0.061684,-2.428496,1.043681,-1.551987,0.364884
4370.443336,sim,1.421116,-0.061703,-2.428494,1.043680,-1.550075,0.365631
4370.447318,sim,1.421510,-0.061683,-2.428496,1.043687,-1.548172,0.366377
4370.451367,sim,1.421928,-0.061701,-2.428494,1.043687,-1.546261,0.367096
4370.455276,sim,1.422349,-0.061681,-2.428496,1.043694,-1.544367,0.367814
4370.459317,sim,1.422792,-0.061695,-2.428495,1.043694,-1.542473,0.368504
4370.463365,sim,1.423234,-0.061677,-2.428496,1.043702,-1.540604,0.369193
4370.467443,sim,1.423693,-0.061698,-2.428495,1.043702,-1.538740,0.369853
4370.471337,sim,1.423689,-0.061680,-2.428495,1.043708,-1.538747,0.369861
4370.475356,sim,1.424159,-0.061699,-2.428494,1.043708,-1.536898,0.370510
4370.479292,sim,1.424635,-0.061681,-2.428495,1.043717,-1.535067,0.371166
4370.483621,sim,1.425132,-0.061698,-2.428494,1.043717,-1.533233,0.371800
4370.487316,sim,1.425633,-0.061678,-2.428496,1.043726,-1.531425,0.372442
4370.491310,sim,1.426152,-0.061697,-2.428494,1.043727,-1.529621,0.373062
4370.495346,sim,1.426147,-0.061678,-2.428496,1.043731,-1.529626,0.373069
4370.499375,sim,1.426679,-0.061697,-2.428494,1.043733,-1.527827,0.373683
4370.503486,sim,1.427217,-0.061677,-2.428496,1.043742,-1.526037,0.374310
4370.507373,sim,1.427777,-0.061696,-2.428495,1.043745,-1.524240,0.374920
4370.511257,sim,1.428339,-0.061677,-2.428496,1.043755,-1.522461,0.375538
4370.515384,sim,1.428920,-0.061696,-2.428495,1.043760,-1.520684,0.376137
4370.519365,sim,1.429497,-0.061677,-2.428496,1.043772,-1.518935,0.376741
4370.523329,sim,1.430088,-0.061703,-2.428494,1.043778,-1.517198,0.377321
4370.527286,sim,1.430082,-0.061676,-2.428496,1.043782,-1.517204,0.377328
4370.531433,sim,1.430683,-0.061692,-2.428496,1.043787,-1.515484,0.377899
4370.535400,sim,1.431292,-0.061673,-2.428497,1.043805,-1.513788,0.378478
4370.539318,sim,1.431925,-0.061701,-2.428494,1.043816,-1.512092,0.379033
4370.543334,sim,1.432560,-0.061680,-2.428496,1.043836,-1.510422,0.379594
4370.547323,sim,1.433215,-0.061689,-2.428496,1.043847,-1.508759,0.380133
4370.551260,sim,1.433872,-0.061677,-2.428496,1.043872,-1.507126,0.380679
4370.555302,sim,1.434543,-0.061694,-2.428495,1.043886,-1.505500,0.381199
4370.559292,sim,1.434539,-0.061675,-2.428496,1.043890,-1.505506,0.381207
4370.563563,sim,1.435221,-0.061695,-2.428495,1.043906,-1.503900,0.381720
4370.567357,sim,1.435908,-0.061681,-2.428495,1.043930,-1.502324,0.382238
4370.571262,sim,1.436613,-0.061691,-2.428495,1.043942,-1.500756,0.382730
4370.575283,sim,1.437321,-0.061674,-2.428497,1.043963,-1.499224,0.383228
4370.579391,sim,1.438042,-0.061693,-2.428495,1.043977,-1.497707,0.383700
4370.583575,sim,1.438757,-0.061677,-2.428496,1.043994,-1.496225,0.384173
4370.587420,sim,1.438761,-0.061697,-2.428495,1.043990,-1.496219,0.384166
4370.591272,sim,1.439475,-0.061676,-2.428496,1.044009,-1.494779,0.384626
4370.595367,sim,1.440191,-0.061696,-2.428495,1.044016,-1.493368,0.385051
4370.599294,sim,1.440893,-0.061678,-2.428496,1.044032,-1.492013,0.385477
4370.603415,sim,1.441597,-0.061695,-2.428495,1.044036,-1.490683,0.385868
4370.607274,sim,1.442289,-0.061673,-2.428497,1.044048,-1.489401,0.386260
4370.611438,sim,1.442984,-0.061701,-2.428494,1.044051,-1.488140,0.386621
4370.615306,sim,1.443664,-0.061681,-2.428496,1.044060,-1.486920,0.386984
4370.619301,sim,1.443668,-0.061689,-2.428496,1.044055,-1.486916,0.386977
4370.623332,sim,1.444359,-0.061673,-2.428497,1.044063,-1.485708,0.387326
4370.627362,sim,1.445075,-0.061694,-2.428496,1.044063,-1.484487,0.387649
4370.631337,sim,1.445799,-0.061675,-2.428497,1.044069,-1.483277,0.387974
4370.635289,sim,1.446545,-0.061704,-2.428494,1.044068,-1.482057,0.388272
4370.639262,sim,1.447290,-0.061672,-2.428497,1.044073,-1.480857,0.388575
4370.643416,sim,1.448054,-0.061693,-2.428497,1.044067,-1.479649,0.388848
4370.647310,sim,1.448814,-0.061674,-2.428496,1.044076,-1.478469,0.389130
4370.651250,sim,1.448817,-0.061692,-2.428496,1.044070,-1.478462,0.389121
4370.655274,sim,1.449586,-0.061677,-2.428496,1.044076,-1.477287,0.389386
4370.659290,sim,1.450376,-0.061696,-2.428495,1.044072,-1.476106,0.389617
4370.663493,sim,1.451169,-0.061678,-2.428497,1.044075,-1.474941,0.389846
4370.667296,sim,1.451979,-0.061695,-2.428495,1.044072,-1.473778,0.390046
4370.671356,sim,1.452788,-0.061676,-2.428497,1.044076,-1.472636,0.390245
4370.675422,sim,1.452792,-0.061694,-2.428495,1.044073,-1.472632,0.390238
4370.679374,sim,1.453613,-0.061678,-2.428496,1.044076,-1.471493,0.390419
4370.683542,sim,1.454462,-0.061696,-2.428495,1.044073,-1.470346,0.390571
4370.687417,sim,1.455320,-0.061675,-2.428496,1.044078,-1.469212,0.390723
4370.691457,sim,1.456202,-0.061703,-2.428494,1.044074,-1.468068,0.390842
4370.695385,sim,1.457087,-0.061675,-2.428496,1.044078,-1.466944,0.390964
4370.699311,sim,1.457993,-0.061691,-2.428496,1.044073,-1.465817,0.391055
4370.703583,sim,1.458898,-0.061676,-2.428496,1.044079,-1.464713,0.391151
4370.707390,sim,1.458902,-0.061691,-2.428496,1.044075,-1.464708,0.391143
4370.711433,sim,1.459820,-0.061673,-2.428497,1.044079,-1.463615,0.391224
4370.715308,sim,1.460759,-0.061696,-2.428496,1.044075,-1.462523,0.391276
4370.719265,sim,1.461704,-0.061680,-2.428495,1.044083,-1.461464,0.391336
4370.723477,sim,1.462663,-0.061696,-2.428495,1.044078,-1.460407,0.391367
4370.727351,sim,1.463619,-0.061679,-2.428495,1.044084,-1.459382,0.391406
4370.731262,sim,1.464582,-0.061695,-2.428495,1.044080,-1.458367,0.391420
4370.735285,sim,1.465535,-0.061676,-2.428495,1.044086,-1.457386,0.391445
4370.739342,sim,1.465539,-0.061693,-2.428495,1.044081,-1.457380,0.391435
4370.743436,sim,1.466490,-0.061675,-2.428496,1.044086,-1.456421,0.391454
4370.747258,sim,1.467450,-0.061691,-2.428495,1.044082,-1.455474,0.391454
4370.751316,sim,1.468402,-0.061674,-2.428496,1.044087,-1.454560,0.391467
4370.755354,sim,1.469361,-0.061703,-2.428493,1.044086,-1.453659,0.391463
4370.759356,sim,1.470304,-0.061673,-2.428495,1.044089,-1.452790,0.391471
4370.763301,sim,1.471253,-0.061694,-2.428495,1.044085,-1.451934,0.391462
4370.767305,sim,1.471249,-0.061676,-2.428495,1.044090,-1.451939,0.391471
4370.771388,sim,1.472183,-0.061695,-2.428494,1.044087,-1.451111,0.391461
4370.775345,sim,1.473091,-0.061676,-2.428495,1.044091,-1.450322,0.391468
4370.779323,sim,1.473987,-0.061690,-2.428495,1.044088,-1.449555,0.391458
4370.783527,sim,1.474859,-0.061676,-2.428495,1.044094,-1.448824,0.391465
4370.787340,sim,1.475717,-0.061696,-2.428494,1.044089,-1.448108,0.391453
4370.791380,sim,1.476552,-0.061675,-2.428494,1.044095,-1.447431,0.391460
4370.795292,sim,1.477374,-0.061693,-2.428495,1.044090,-1.446764,0.391448
4370.799309,sim,1.477372,-0.061676,-2.428494,1.044096,-1.446772,0.391459
4370.803518,sim,1.478189,-0.061693,-2.428495,1.044090,-1.446117,0.391446
4370.807350,sim,1.479010,-0.061676,-2.428494,1.044098,-1.445479,0.391455
4370.811367,sim,1.479844,-0.061695,-2.428493,1.044095,-1.444829,0.391444
4370.815321,sim,1.480677,-0.061678,-2.428494,1.044101,-1.444193,0.391451
4370.819354,sim,1.481520,-0.061696,-2.428494,1.044096,-1.443547,0.391440
4370.823518,sim,1.482360,-0.061679,-2.428494,1.044104,-1.442917,0.391449
4370.827285,sim,1.483208,-0.061695,-2.428494,1.044101,-1.442279,0.391439
4370.831373,sim,1.483205,-0.061678,-2.428494,1.044106,-1.442285,0.391448
4370.835447,sim,1.484067,-0.061694,-2.428494,1.044103,-1.441642,0.391439
4370.839386,sim,1.484949,-0.061675,-2.428495,1.044109,-1.440998,0.391447
4370.843526,sim,1.485861,-0.061702,-2.428492,1.044109,-1.440333,0.391438
4370.847352,sim,1.486784,-0.061672,-2.428495,1.044115,-1.439672,0.391446
4370.851580,sim,1.487732,-0.061690,-2.428495,1.044112,-1.438994,0.391437
4370.855376,sim,1.487729,-0.061675,-2.428494,1.044119,-1.439001,0.391447
4370.859364,sim,1.488696,-0.061703,-2.428492,1.044118,-1.438314,0.391437
4370.863360,sim,1.489678,-0.061669,-2.428494,1.044126,-1.437636,0.391448
4370.867414,sim,1.490687,-0.061691,-2.428494,1.044124,-1.436936,0.391438
4370.871361,sim,1.491702,-0.061681,-2.428493,1.044135,-1.436247,0.391447
4370.875280,sim,1.492731,-0.061700,-2.428493,1.044132,-1.435544,0.391436
4370.879339,sim,1.493759,-0.061667,-2.428494,1.044141,-1.434864,0.391448
4370.883586,sim,1.494794,-0.061687,-2.428495,1.044138,-1.434172,0.391437
4370.887338,sim,1.494791,-0.061673,-2.428494,1.044146,-1.434179,0.391447
4370.891265,sim,1.495825,-0.061694,-2.428493,1.044144,-1.433497,0.391437
4370.895367,sim,1.496854,-0.061675,-2.428493,1.044154,-1.432840,0.391447
4370.899361,sim,1.497888,-0.061692,-2.428494,1.044150,-1.432180,0.391437
4370.903420,sim,1.498913,-0.061677,-2.428493,1.044160,-1.431546,0.391447
4370.907319,sim,1.499939,-0.061692,-2.428493,1.044157,-1.430912,0.391437
4370.911319,sim,1.500952,-0.061676,-2.428493,1.044166,-1.430302,0.391447
4370.915343,sim,1.501963,-0.061698,-2.428492,1.044165,-1.429695,0.391438
4370.919257,sim,1.501959,-0.061669,-2.428494,1.044168,-1.429700,0.391447
4370.923376,sim,1.502967,-0.061690,-2.428494,1.044166,-1.429100,0.391437
4370.927272,sim,1.503971,-0.061672,-2.428494,1.044175,-1.428516,0.391447
4370.931281,sim,1.504982,-0.061691,-2.428493,1.044174,-1.427924,0.391438
4370.935311,sim,1.505985,-0.061673,-2.428494,1.044182,-1.427348,0.391447
4370.939319,sim,1.506991,-0.061691,-2.428494,1.044180,-1.426764,0.391437
4370.943374,sim,1.507986,-0.061675,-2.428493,1.044190,-1.426200,0.391446
4370.947398,sim,1.507990,-0.061701,-2.428491,1.044187,-1.426194,0.391437
4370.951382,sim,1.508975,-0.061669,-2.428494,1.044195,-1.425638,0.391447
4370.955253,sim,1.509959,-0.061699,-2.428492,1.044195,-1.425073,0.391437
4370.959318,sim,1.510926,-0.061669,-2.428494,1.044206,-1.424529,0.391447
4370.963602,sim,1.511894,-0.061697,-2.428493,1.044206,-1.423974,0.391436
4370.967439,sim,1.512850,-0.061671,-2.428493,1.044221,-1.423443,0.391448
4370.971365,sim,1.513807,-0.061698,-2.428492,1.044221,-1.422896,0.391437
4370.975814,sim,1.514754,-0.061670,-2.428493,1.044235,-1.422371,0.391448
4370.979481,sim,1.514758,-0.061689,-2.428494,1.044228,-1.422363,0.391437
4370.983741,sim,1.515716,-0.061671,-2.428493,1.044243,-1.421831,0.391447
4370.987350,sim,1.516697,-0.061690,-2.428494,1.044248,-1.421275,0.391437
4370.991278,sim,1.517689,-0.061673,-2.428493,1.044268,-1.420726,0.391448
4370.995438,sim,1.518696,-0.061692,-2.428493,1.044278,-1.420156,0.391438
4370.999347,sim,1.519703,-0.061673,-2.428493,1.044298,-1.419594,0.391447
4371.003361,sim,1.520719,-0.061693,-2.428493,1.044310,-1.419020,0.391437
4371.007421,sim,1.521726,-0.061677,-2.428493,1.044335,-1.418458,0.391447
4371.011406,sim,1.521728,-0.061690,-2.428494,1.044328,-1.418452,0.391437
4371.015321,sim,1.522734,-0.061672,-2.428493,1.044356,-1.417889,0.391448
4371.019339,sim,1.523741,-0.061689,-2.428493,1.044373,-1.417303,0.391438
4371.023393,sim,1.524741,-0.061674,-2.428493,1.044405,-1.416723,0.391447
4371.027344,sim,1.525741,-0.061693,-2.428493,1.044427,-1.416123,0.391437
4371.031309,sim,1.526730,-0.061675,-2.428492,1.044464,-1.415534,0.391448
4371.035305,sim,1.526733,-0.061690,-2.428493,1.044457,-1.415527,0.391438
4371.039321,sim,1.527722,-0.061676,-2.428493,1.044494,-1.414921,0.391446
4371.043502,sim,1.528722,-0.061689,-2.428494,1.044523,-1.414284,0.391437
4371.047333,sim,1.529722,-0.061676,-2.428492,1.044568,-1.413641,0.391447
4371.051304,sim,1.530726,-0.061691,-2.428493,1.044602,-1.412967,0.391437
4371.055338,sim,1.531723,-0.061676,-2.428493,1.044649,-1.412289,0.391446
4371.059388,sim,1.532720,-0.061689,-2.428493,1.044688,-1.411589,0.391438
4371.063543,sim,1.533705,-0.061674,-2.428493,1.044739,-1.410886,0.391447
4371.067407,sim,1.533708,-0.061696,-2.428492,1.044734,-1.410878,0.391437
4371.071376,sim,1.534688,-0.061669,-2.428494,1.044786,-1.410151,0.391447
4371.075392,sim,1.535674,-0.061690,-2.428494,1.044828,-1.409371,0.391437
4371.079381,sim,1.536654,-0.061669,-2.428493,1.044886,-1.408572,0.391448
4371.083585,sim,1.537635,-0.061687,-2.428494,1.044930,-1.407726,0.391438
4371.087366,sim,1.538606,-0.061670,-2.428494,1.044987,-1.406866,0.391447
4371.091482,sim,1.539577,-0.061692,-2.428493,1.045037,-1.405973,0.391438
4371.095400,sim,1.540533,-0.061673,-2.428493,1.045094,-1.405071,0.391447
4371.099340,sim,1.540535,-0.061692,-2.428493,1.045088,-1.405065,0.391437
4371.103531,sim,1.541495,-0.061672,-2.428493,1.045146,-1.404131,0.391447
4371.107421,sim,1.542473,-0.061700,-2.428492,1.045191,-1.403132,0.391437
4371.111446,sim,1.543455,-0.061670,-2.428493,1.045245,-1.402104,0.391448
4371.115444,sim,1.544455,-0.061695,-2.428492,1.045286,-1.401019,0.391437
4371.119380,sim,1.545454,-0.061677,-2.428493,1.045336,-1.399911,0.391446
4371.123706,sim,1.545456,-0.061692,-2.428494,1.045329,-1.399904,0.391436
4371.127449,sim,1.546469,-0.061668,-2.428493,1.045378,-1.398759,0.391448
4371.131402,sim,1.547504,-0.061685,-2.428495,1.045408,-1.397547,0.391436
4371.135385,sim,1.548548,-0.061670,-2.428493,1.045452,-1.396314,0.391448
4371.139668,sim,1.549604,-0.061690,-2.428493,1.045480,-1.395032,0.391438
4371.143497,sim,1.550660,-0.061672,-2.428493,1.045514,-1.393736,0.391447
4371.147483,sim,1.551721,-0.061691,-2.428494,1.045535,-1.392409,0.391437
4371.151391,sim,1.552774,-0.061671,-2.428493,1.045566,-1.391085,0.391448
4371.155617,sim,1.553823,-0.061688,-2.428494,1.045580,-1.389741,0.391437
4371.159508,sim,1.553821,-0.061673,-2.428493,1.045586,-1.389747,0.391447
4371.163490,sim,1.554851,-0.061690,-2.428495,1.045597,-1.388409,0.391436
4371.167379,sim,1.555853,-0.061683,-2.428491,1.045623,-1.387099,0.391449
4371.171499,sim,1.556834,-0.061690,-2.428495,1.045623,-1.385782,0.391434
4371.175457,sim,1.557793,-0.061673,-2.428493,1.045641,-1.384494,0.391448
4371.179497,sim,1.558735,-0.061686,-2.428495,1.045641,-1.383200,0.391438
4371.183582,sim,1.559657,-0.061676,-2.428493,1.045653,-1.381925,0.391447
4371.187583,sim,1.560567,-0.061700,-2.428493,1.045651,-1.380645,0.391437
4371.191507,sim,1.560563,-0.061669,-2.428494,1.045655,-1.380652,0.391447
4371.195388,sim,1.561473,-0.061687,-2.428496,1.045650,-1.379354,0.391436
4371.199406,sim,1.562393,-0.061683,-2.428490,1.045665,-1.378036,0.391450
4371.203628,sim,1.563322,-0.061686,-2.428495,1.045654,-1.376667,0.391436
4371.207465,sim,1.564257,-0.061669,-2.428494,1.045660,-1.375286,0.391447
4371.211748,sim,1.565200,-0.061689,-2.428494,1.045656,-1.373871,0.391438
4371.215525,sim,1.565198,-0.061672,-2.428494,1.045661,-1.373876,0.391447
4371.219565,sim,1.566150,-0.061688,-2.428495,1.045654,-1.372431,0.391437
4371.223621,sim,1.567111,-0.061674,-2.428494,1.045660,-1.370961,0.391447
4371.227467,sim,1.568086,-0.061692,-2.428495,1.045652,-1.369446,0.391435
4371.231483,sim,1.569066,-0.061685,-2.428490,1.045664,-1.367927,0.391450
4371.235503,sim,1.570049,-0.061690,-2.428496,1.045649,-1.366366,0.391434
4371.240304,sim,1.571034,-0.061673,-2.428494,1.045658,-1.364815,0.391448
4371.243497,sim,1.572016,-0.061688,-2.428495,1.045650,-1.363239,0.391437
4371.247552,sim,1.572016,-0.061684,-2.428491,1.045661,-1.363248,0.391450
4371.251599,sim,1.573003,-0.061687,-2.428495,1.045649,-1.361653,0.391436
4371.255558,sim,1.574002,-0.061669,-2.428495,1.045654,-1.360040,0.391447
4371.259481,sim,1.575016,-0.061691,-2.428495,1.045648,-1.358387,0.391436
4371.263602,sim,1.576035,-0.061682,-2.428492,1.045657,-1.356728,0.391449
4371.267520,sim,1.577061,-0.061696,-2.428494,1.045647,-1.355035,0.391435
4371.271487,sim,1.578088,-0.061666,-2.428495,1.045653,-1.353350,0.391448
4371.275457,sim,1.579121,-0.061688,-2.428495,1.045647,-1.351644,0.391438
4371.279527,sim,1.579118,-0.061672,-2.428494,1.045652,-1.351649,0.391447
4371.283782,sim,1.580152,-0.061688,-2.428495,1.045646,-1.349934,0.391437
4371.287602,sim,1.581187,-0.061681,-2.428493,1.045654,-1.348218,0.391448
4371.291542,sim,1.582225,-0.061690,-2.428495,1.045645,-1.346482,0.391435
4371.295505,sim,1.583261,-0.061683,-2.428493,1.045653,-1.344757,0.391447
4371.300312,sim,1.584293,-0.061686,-2.428497,1.045643,-1.343020,0.391435
4371.303643,sim,1.584294,-0.061681,-2.428492,1.045655,-1.343030,0.391449
4371.307481,sim,1.585325,-0.061689,-2.428496,1.045644,-1.341287,0.391435
4371.311551,sim,1.586357,-0.061680,-2.428492,1.045654,-1.339554,0.391449
4371.315659,sim,1.587390,-0.061694,-2.428495,1.045645,-1.337798,0.391436
4371.319577,sim,1.588416,-0.061665,-2.428495,1.045651,-1.336059,0.391449
4371.323634,sim,1.589441,-0.061688,-2.428496,1.045644,-1.334306,0.391437
4371.327652,sim,1.590454,-0.061683,-2.428491,1.045655,-1.332576,0.391449
4371.332125,sim,1.591457,-0.061688,-2.428496,1.045643,-1.330840,0.391435
4371.335621,sim,1.592448,-0.061668,-2.428494,1.045651,-1.329139,0.391448
4371.339515,sim,1.592449,-0.061690,-2.428495,1.045644,-1.329131,0.391436
4371.343625,sim,1.593420,-0.061679,-2.428492,1.045653,-1.327452,0.391449
4371.347599,sim,1.594370,-0.061690,-2.428496,1.045642,-1.325787,0.391434
4371.351596,sim,1.595300,-0.061681,-2.428491,1.045653,-1.324167,0.391449
4371.355592,sim,1.596212,-0.061687,-2.428495,1.045643,-1.322555,0.391436
4371.359574,sim,1.597106,-0.061671,-2.428494,1.045649,-1.320980,0.391447
4371.363754,sim,1.597987,-0.061688,-2.428495,1.045643,-1.319412,0.391437
4371.367619,sim,1.598853,-0.061681,-2.428491,1.045654,-1.317876,0.391449
4371.371514,sim,1.598853,-0.061687,-2.428495,1.045644,-1.317869,0.391436
4371.375591,sim,1.599721,-0.061673,-2.428493,1.045650,-1.316324,0.391448
4371.379631,sim,1.600608,-0.061698,-2.428493,1.045645,-1.314735,0.391436
4371.383764,sim,1.601503,-0.061688,-2.428490,1.045653,-1.313136,0.391447
4371.387540,sim,1.602410,-0.061692,-2.428495,1.045642,-1.311506,0.391435
4371.391748,sim,1.603323,-0.061673,-2.428492,1.045651,-1.309882,0.391449
4371.395668,sim,1.603323,-0.061684,-2.428496,1.045640,-1.309873,0.391435
4371.399583,sim,1.604247,-0.061678,-2.428492,1.045652,-1.308228,0.391449
4371.403766,sim,1.605185,-0.061688,-2.428497,1.045639,-1.306537,0.391434
4371.407621,sim,1.606139,-0.061680,-2.428491,1.045653,-1.304845,0.391450
4371.411649,sim,1.607101,-0.061686,-2.428496,1.045640,-1.303111,0.391435
4371.416535,sim,1.608074,-0.061678,-2.428492,1.045650,-1.301381,0.391449
4371.419634,sim,1.609052,-0.061685,-2.428497,1.045638,-1.299619,0.391435
4371.423774,sim,1.610038,-0.061682,-2.428491,1.045651,-1.297869,0.391450
4371.427696,sim,1.610035,-0.061689,-2.428497,1.045638,-1.297857,0.391433
4371.431622,sim,1.611027,-0.061680,-2.428492,1.045649,-1.296092,0.391449
4371.435607,sim,1.612024,-0.061688,-2.428496,1.045638,-1.294291,0.391435
4371.439632,sim,1.613026,-0.061673,-2.428493,1.045646,-1.292497,0.391449
4371.443741,sim,1.614027,-0.061689,-2.428497,1.045636,-1.290679,0.391435
4371.447597,sim,1.615026,-0.061680,-2.428491,1.045649,-1.288884,0.391451
4371.451597,sim,1.616017,-0.061697,-2.428495,1.045637,-1.287074,0.391435
4371.455606,sim,1.617000,-0.061688,-2.428490,1.045648,-1.285300,0.391449
4371.459629,sim,1.616997,-0.061679,-2.428498,1.045633,-1.285290,0.391435
4371.463756,sim,1.617972,-0.061687,-2.428491,1.045646,-1.283528,0.391449
4371.467622,sim,1.618932,-0.061693,-2.428495,1.045636,-1.281759,0.391435
4371.471688,sim,1.619883,-0.061665,-2.428495,1.045640,-1.280016,0.391448
4371.475769,sim,1.620826,-0.061697,-2.428495,1.045633,-1.278272,0.391436
4371.479647,sim,1.621753,-0.061668,-2.428493,1.045641,-1.276561,0.391450
4371.483791,sim,1.622669,-0.061689,-2.428497,1.045630,-1.274848,0.391435
4371.487738,sim,1.622670,-0.061682,-2.428491,1.045643,-1.274859,0.391451
4371.491708,sim,1.623568,-0.061693,-2.428496,1.045630,-1.273170,0.391435
4371.495664,sim,1.624447,-0.061677,-2.428493,1.045639,-1.271528,0.391449
4371.499554,sim,1.625308,-0.061693,-2.428497,1.045627,-1.269892,0.391434
4371.503784,sim,1.626152,-0.061676,-2.428493,1.045638,-1.268302,0.391450
4371.507674,sim,1.626978,-0.061686,-2.428499,1.045623,-1.266710,0.391434
4371.511603,sim,1.627793,-0.061680,-2.428492,1.045636,-1.265163,0.391451
4371.515635,sim,1.628589,-0.061686,-2.428498,1.045624,-1.263612,0.391436
4371.519606,sim,1.628591,-0.061684,-2.428492,1.045635,-1.263620,0.391449
4371.523845,sim,1.629385,-0.061689,-2.428497,1.045624,-1.262057,0.391435
4371.527664,sim,1.630188,-0.061681,-2.428494,1.045632,-1.260470,0.391448
4371.531707,sim,1.630994,-0.061691,-2.428498,1.045621,-1.258833,0.391435
4371.535778,sim,1.631805,-0.061681,-2.428494,1.045631,-1.257186,0.391449
4371.539678,sim,1.632614,-0.061699,-2.428497,1.045620,-1.255498,0.391434
4371.543811,sim,1.633423,-0.061680,-2.428493,1.045630,-1.253816,0.391449
4371.547648,sim,1.634226,-0.061689,-2.428500,1.045616,-1.252101,0.391433
4371.551715,sim,1.634227,-0.061671,-2.428496,1.045627,-1.252113,0.391449
4371.555727,sim,1.635032,-0.061690,-2.428499,1.045617,-1.250372,0.391435
4371.559633,sim,1.635844,-0.061686,-2.428493,1.045630,-1.248604,0.391449
4371.563857,sim,1.636657,-0.061700,-2.428498,1.045618,-1.246773,0.391433
4371.567648,sim,1.637474,-0.061678,-2.428495,1.045627,-1.244930,0.391449
4371.571724,sim,1.638291,-0.061686,-2.428501,1.045615,-1.243037,0.391434
4371.575707,sim,1.638294,-0.061684,-2.428494,1.045628,-1.243047,0.391449
4371.579672,sim,1.639114,-0.061687,-2.428500,1.045616,-1.241114,0.391435
4371.583854,sim,1.639945,-0.061683,-2.428495,1.045626,-1.239152,0.391448
4371.587658,sim,1.640775,-0.061693,-2.428501,1.045614,-1.237134,0.391432
4371.591715,sim,1.641611,-0.061685,-2.428495,1.045627,-1.235109,0.391448
4371.595643,sim,1.642440,-0.061688,-2.428500,1.045617,-1.233048,0.391436
4371.599628,sim,1.643265,-0.061693,-2.428496,1.045625,-1.230989,0.391446
4371.603742,sim,1.644079,-0.061696,-2.428502,1.045614,-1.228917,0.391432
4371.607654,sim,1.644083,-0.061697,-2.428493,1.045629,-1.228930,0.391448
4371.611616,sim,1.644882,-0.061680,-2.428505,1.045612,-1.226855,0.391432
4371.615619,sim,1.645680,-0.061674,-2.428498,1.045625,-1.224803,0.391450
4371.619685,sim,1.646459,-0.061687,-2.428503,1.045615,-1.222726,0.391435
4371.623799,sim,1.647229,-0.061681,-2.428499,1.045623,-1.220669,0.391447
4371.627637,sim,1.647983,-0.061688,-2.428505,1.045612,-1.218605,0.391433
4371.631674,sim,1.647986,-0.061684,-2.428498,1.045626,-1.218616,0.391449
4371.635771,sim,1.648731,-0.061690,-2.428504,1.045614,-1.216548,0.391434
4371.639765,sim,1.649474,-0.061682,-2.428501,1.045623,-1.214481,0.391447
4371.643749,sim,1.650210,-0.061691,-2.428506,1.045612,-1.212389,0.391433
4371.647634,sim,1.650941,-0.061683,-2.428501,1.045623,-1.210312,0.391448
4371.651869,sim,1.651661,-0.061699,-2.428506,1.045611,-1.208216,0.391432
4371.655699,sim,1.652375,-0.061682,-2.428501,1.045623,-1.206150,0.391448
4371.659676,sim,1.653075,-0.061699,-2.428506,1.045612,-1.204074,0.391433
4371.663858,sim,1.653765,-0.061690,-2.428502,1.045620,-1.202033,0.391446
4371.668812,sim,1.653762,-0.061684,-2.428510,1.045607,-1.202025,0.391433
4371.671768,sim,1.654440,-0.061680,-2.428503,1.045619,-1.200014,0.391448
4371.675697,sim,1.655095,-0.061694,-2.428509,1.045606,-1.198009,0.391432
4371.679659,sim,1.655740,-0.061682,-2.428503,1.045618,-1.196057,0.391449
4371.683925,sim,1.656367,-0.061692,-2.428509,1.045606,-1.194108,0.391433
4371.687727,sim,1.656984,-0.061684,-2.428504,1.045616,-1.192203,0.391448
4371.691713,sim,1.657585,-0.061695,-2.428510,1.045603,-1.190300,0.391431
4371.695784,sim,1.658180,-0.061685,-2.428503,1.045615,-1.188442,0.391449
4371.699780,sim,1.658177,-0.061705,-2.428509,1.045603,-1.188428,0.391430
4371.703817,sim,1.658771,-0.061692,-2.428500,1.045618,-1.186559,0.391450
4371.707700,sim,1.659362,-0.061685,-2.428513,1.045598,-1.184613,0.391431
4371.711707,sim,1.659967,-0.061683,-2.428505,1.045612,-1.182657,0.391448
4371.715742,sim,1.660565,-0.061695,-2.428512,1.045598,-1.180641,0.391431
4371.719690,sim,1.661173,-0.061684,-2.428505,1.045611,-1.178626,0.391449
4371.723794,sim,1.661170,-0.061701,-2.428511,1.045599,-1.178613,0.391431
4371.727717,sim,1.661780,-0.061693,-2.428503,1.045614,-1.176559,0.391449
4371.731749,sim,1.662388,-0.061688,-2.428516,1.045593,-1.174424,0.391430
4371.735693,sim,1.663010,-0.061682,-2.428507,1.045609,-1.172280,0.391449
4371.739732,sim,1.663625,-0.061705,-2.428514,1.045596,-1.170069,0.391430
4371.743791,sim,1.664248,-0.061692,-2.428505,1.045613,-1.167864,0.391450
4371.747796,sim,1.664862,-0.061697,-2.428516,1.045594,-1.165607,0.391430
4371.751703,sim,1.665479,-0.061678,-2.428510,1.045606,-1.163367,0.391448
4371.755724,sim,1.665476,-0.061691,-2.428517,1.045593,-1.163354,0.391431
4371.759719,sim,1.666092,-0.061695,-2.428506,1.045611,-1.161096,0.391450
4371.763846,sim,1.666697,-0.061698,-2.428516,1.045595,-1.158777,0.391431
4371.767799,sim,1.667307,-0.061679,-2.428512,1.045605,-1.156459,0.391447
4371.771739,sim,1.667908,-0.061690,-2.428519,1.045593,-1.154103,0.391432
4371.775734,sim,1.668512,-0.061698,-2.428507,1.045610,-1.151759,0.391449
4371.779794,sim,1.669099,-0.061687,-2.428521,1.045591,-1.149382,0.391430
4371.783794,sim,1.669693,-0.061694,-2.428509,1.045609,-1.147041,0.391449
4371.787706,sim,1.669688,-0.061702,-2.428516,1.045596,-1.147027,0.391431
4371.791731,sim,1.670273,-0.061687,-2.428512,1.045605,-1.144670,0.391447
4371.795777,sim,1.670852,-0.061700,-2.428518,1.045594,-1.142271,0.391431
4371.800236,sim,1.671433,-0.061689,-2.428511,1.045604,-1.139878,0.391447
4371.803780,sim,1.672004,-0.061695,-2.428521,1.045589,-1.137452,0.391430
4371.807696,sim,1.672580,-0.061686,-2.428510,1.045605,-1.135053,0.391450
4371.811874,sim,1.673139,-0.061685,-2.428521,1.045586,-1.132624,0.391431
4371.815764,sim,1.673703,-0.061692,-2.428510,1.045602,-1.130234,0.391449
4371.819748,sim,1.673696,-0.061686,-2.428522,1.045585,-1.130217,0.391430
4371.823782,sim,1.674257,-0.061694,-2.428509,1.045602,-1.127825,0.391449
4371.827801,sim,1.674803,-0.061702,-2.428520,1.045583,-1.125382,0.391428
4371.831770,sim,1.675359,-0.061700,-2.428508,1.045600,-1.122965,0.391449
4371.835729,sim,1.675900,-0.061707,-2.428518,1.045584,-1.120509,0.391430
4371.839754,sim,1.676447,-0.061683,-2.428510,1.045595,-1.118086,0.391449
4371.844019,sim,1.676978,-0.061691,-2.428522,1.045575,-1.115637,0.391431
4371.847882,sim,1.676984,-0.061688,-2.428510,1.045594,-1.115654,0.391450
4371.851723,sim,1.677507,-0.061685,-2.428522,1.045574,-1.113220,0.391431
4371.855897,sim,1.678034,-0.061694,-2.428509,1.045591,-1.110839,0.391449
4371.859833,sim,1.678540,-0.061706,-2.428518,1.045576,-1.108440,0.391430
4371.864025,sim,1.679048,-0.061691,-2.428511,1.045584,-1.106081,0.391447
4371.867756,sim,1.679543,-0.061702,-2.428518,1.045573,-1.103708,0.391432
4371.871819,sim,1.680038,-0.061686,-2.428512,1.045581,-1.101362,0.391448
4371.875861,sim,1.680520,-0.061684,-2.428523,1.045564,-1.098991,0.391432
4371.879884,sim,1.680527,-0.061695,-2.428509,1.045583,-1.099008,0.391449
4371.883865,sim,1.681007,-0.061703,-2.428518,1.045568,-1.096607,0.391431
4371.887813,sim,1.681502,-0.061692,-2.428511,1.045578,-1.094184,0.391448
4371.891867,sim,1.681987,-0.061689,-2.428524,1.045559,-1.091691,0.391430
4371.895817,sim,1.682489,-0.061697,-2.428509,1.045578,-1.089207,0.391450
4371.899830,sim,1.682971,-0.061690,-2.428523,1.045558,-1.086664,0.391430
4371.903838,sim,1.683467,-0.061695,-2.428511,1.045573,-1.084151,0.391449
4371.907894,sim,1.683944,-0.061704,-2.428522,1.045556,-1.081604,0.391429
4371.911838,sim,1.683953,-0.061705,-2.428508,1.045576,-1.081625,0.391449
4371.915712,sim,1.684424,-0.061696,-2.428522,1.045555,-1.079087,0.391430
4371.919849,sim,1.684906,-0.061689,-2.428511,1.045570,-1.076596,0.391450
4371.923876,sim,1.685367,-0.061699,-2.428524,1.045551,-1.074079,0.391429
4371.927824,sim,1.685838,-0.061701,-2.428509,1.045569,-1.071620,0.391449
4371.931848,sim,1.686287,-0.061694,-2.428523,1.045549,-1.069143,0.391430
4371.935864,sim,1.686295,-0.061688,-2.428511,1.045565,-1.069162,0.391450
4371.939818,sim,1.686739,-0.061699,-2.428524,1.045546,-1.066693,0.391429
4371.943944,sim,1.687196,-0.061689,-2.428510,1.045563,-1.064267,0.391450
4371.947813,sim,1.687637,-0.061711,-2.428520,1.045548,-1.061809,0.391431
4371.951794,sim,1.688081,-0.061686,-2.428513,1.045556,-1.059396,0.391448
4371.955889,sim,1.688511,-0.061694,-2.428525,1.045538,-1.056972,0.391431
4371.959760,sim,1.688947,-0.061690,-2.428512,1.045553,-1.054608,0.391449
4371.963879,sim,1.689360,-0.061700,-2.428525,1.045534,-1.052237,0.391429
4371.967806,sim,1.689369,-0.061689,-2.428511,1.045552,-1.052260,0.391450
4371.971890,sim,1.689774,-0.061714,-2.428522,1.045535,-1.049925,0.391430
4371.975849,sim,1.690180,-0.061696,-2.428512,1.045544,-1.047662,0.391448
4371.979797,sim,1.690564,-0.061691,-2.428525,1.045523,-1.045403,0.391431
4371.983918,sim,1.690951,-0.061686,-2.428513,1.045533,-1.043218,0.391450
4371.987822,sim,1.691312,-0.061699,-2.428526,1.045510,-1.041034,0.391429
4371.991916,sim,1.691679,-0.061690,-2.428512,1.045521,-1.038937,0.391450
4371.995773,sim,1.692017,-0.061699,-2.428527,1.045494,-1.036837,0.391429
4371.999805,sim,1.692026,-0.061701,-2.428511,1.045514,-1.036859,0.391449
4372.003963,sim,1.692356,-0.061708,-2.428521,1.045492,-1.034802,0.391431
4372.007893,sim,1.692689,-0.061683,-2.428514,1.045492,-1.032805,0.391448
4372.011760,sim,1.693000,-0.061695,-2.428528,1.045464,-1.030802,0.391430
4372.015803,sim,1.693319,-0.061699,-2.428511,1.045472,-1.028873,0.391449
4372.019936,sim,1.693612,-0.061693,-2.428525,1.045443,-1.026935,0.391431
4372.024032,sim,1.693620,-0.061688,-2.428512,1.045459,-1.026955,0.391450
4372.027894,sim,1.693904,-0.061699,-2.428527,1.045429,-1.025044,0.391429
4372.031814,sim,1.694199,-0.061699,-2.428510,1.045436,-1.023210,0.391449
4372.035853,sim,1.694466,-0.061695,-2.428526,1.045405,-1.021367,0.391429
4372.039819,sim,1.694745,-0.061685,-2.428512,1.045409,-1.019611,0.391451
4372.043967,sim,1.694996,-0.061712,-2.428522,1.045385,-1.017857,0.391430
4372.047806,sim,1.695251,-0.061682,-2.428513,1.045385,-1.016193,0.391449
4372.051926,sim,1.695483,-0.061695,-2.428526,1.045357,-1.014548,0.391430
4372.055864,sim,1.695720,-0.061700,-2.428509,1.045367,-1.013008,0.391449
4372.059781,sim,1.695712,-0.061712,-2.428521,1.045354,-1.012988,0.391429
4372.063914,sim,1.695929,-0.061677,-2.428513,1.045354,-1.011541,0.391449
4372.067915,sim,1.696111,-0.061693,-2.428526,1.045330,-1.010182,0.391430
4372.071908,sim,1.696287,-0.061685,-2.428510,1.045343,-1.008982,0.391450
4372.075835,sim,1.696427,-0.061697,-2.428525,1.045321,-1.007844,0.391430
4372.079793,sim,1.696567,-0.061686,-2.428510,1.045334,-1.006852,0.391450
4372.084022,sim,1.696673,-0.061712,-2.428520,1.045319,-1.005908,0.391430
4372.087909,sim,1.696778,-0.061681,-2.428511,1.045328,-1.005083,0.391448
4372.091806,sim,1.696771,-0.061694,-2.428525,1.045311,-1.005063,0.391430
4372.095888,sim,1.696864,-0.061698,-2.428508,1.045329,-1.004324,0.391449
4372.099971,sim,1.696923,-0.061694,-2.428524,1.045310,-1.003621,0.391429
4372.104026,sim,1.696989,-0.061684,-2.428508,1.045327,-1.003042,0.391450
4372.107924,sim,1.697021,-0.061697,-2.428523,1.045309,-1.002485,0.391429
4372.111963,sim,1.697062,-0.061686,-2.428507,1.045327,-1.002045,0.391450
4372.116045,sim,1.697052,-0.061697,-2.428523,1.045309,-1.002021,0.391429
4372.119928,sim,1.697081,-0.061698,-2.428506,1.045327,-1.001647,0.391448
4372.123957,sim,1.697083,-0.061708,-2.428518,1.045314,-1.001296,0.391429
4372.127837,sim,1.697089,-0.061677,-2.428509,1.045324,-1.001047,0.391448
4372.136971,sim,1.697073,-0.061692,-2.428522,1.045309,-1.000818,0.391429
4372.137212,sim,1.697065,-0.061685,-2.428505,1.045328,-1.000687,0.391449
4372.139877,sim,1.697032,-0.061696,-2.428520,1.045310,-1.000558,0.391428
4372.144078,sim,1.697013,-0.061698,-2.428502,1.045330,-1.000525,0.391448
4372.148012,sim,1.697004,-0.061688,-2.428517,1.045314,-1.000506,0.391430
4372.151961,sim,1.696976,-0.061684,-2.428505,1.045327,-1.000527,0.391447
4372.155916,sim,1.696926,-0.061696,-2.428518,1.045312,-1.000585,0.391428
4372.159921,sim,1.696890,-0.061683,-2.428502,1.045330,-1.000757,0.391448
4372.164069,sim,1.696832,-0.061707,-2.428511,1.045318,-1.000952,0.391429
4372.167936,sim,1.696782,-0.061692,-2.428501,1.045329,-1.001239,0.391445
4372.171874,sim,1.696719,-0.061700,-2.428510,1.045319,-1.001553,0.391429
4372.175982,sim,1.696662,-0.061675,-2.428501,1.045328,-1.001946,0.391446
4372.179979,sim,1.696656,-0.061688,-2.428513,1.045314,-1.001929,0.391429
4372.184191,sim,1.696600,-0.061682,-2.428498,1.045330,-1.002395,0.391447
4372.187964,sim,1.696525,-0.061694,-2.428511,1.045314,-1.002907,0.391427
4372.191902,sim,1.696466,-0.061696,-2.428494,1.045334,-1.003547,0.391447
4372.195937,sim,1.696387,-0.061702,-2.428505,1.045321,-1.004217,0.391428
4372.200040,sim,1.696320,-0.061675,-2.428497,1.045330,-1.004990,0.391445
4372.204050,sim,1.696315,-0.061687,-2.428508,1.045316,-1.004973,0.391429
4372.207968,sim,1.696248,-0.061681,-2.428494,1.045332,-1.005827,0.391446
4372.211890,sim,1.696165,-0.061693,-2.428507,1.045316,-1.006730,0.391427
4372.215979,sim,1.696098,-0.061693,-2.428490,1.045334,-1.007760,0.391446
4372.219872,sim,1.696011,-0.061689,-2.428506,1.045317,-1.008822,0.391426
4372.223994,sim,1.695944,-0.061678,-2.428491,1.045334,-1.009999,0.391447
4372.227938,sim,1.695857,-0.061691,-2.428505,1.045317,-1.011192,0.391427
4372.231998,sim,1.695789,-0.061681,-2.428489,1.045335,-1.012489,0.391447
4372.235966,sim,1.695703,-0.061691,-2.428504,1.045317,-1.013787,0.391426
4372.239932,sim,1.695712,-0.061679,-2.428490,1.045335,-1.013811,0.391447
4372.244132,sim,1.695627,-0.061691,-2.428504,1.045318,-1.015163,0.391426
4372.247968,sim,1.695562,-0.061692,-2.428488,1.045337,-1.016616,0.391446
4372.251945,sim,1.695481,-0.061685,-2.428502,1.045321,-1.018079,0.391427
4372.256010,sim,1.695417,-0.061677,-2.428490,1.045335,-1.019628,0.391446
4372.259989,sim,1.695338,-0.061689,-2.428504,1.045319,-1.021177,0.391426
4372.264089,sim,1.695278,-0.061692,-2.428487,1.045339,-1.022809,0.391446
4372.267963,sim,1.695202,-0.061697,-2.428499,1.045326,-1.024432,0.391427
4372.271975,sim,1.695208,-0.061672,-2.428491,1.045335,-1.024448,0.391445
4372.275963,sim,1.695131,-0.061684,-2.428505,1.045319,-1.026142,0.391426
4372.279975,sim,1.695066,-0.061677,-2.428489,1.045339,-1.027986,0.391447
4372.284058,sim,1.694980,-0.061687,-2.428504,1.045321,-1.029880,0.391425
4372.288099,sim,1.694910,-0.061676,-2.428489,1.045339,-1.031908,0.391446
4372.292009,sim,1.694819,-0.061687,-2.428503,1.045322,-1.033966,0.391425
4372.296012,sim,1.694828,-0.061677,-2.428489,1.045340,-1.033988,0.391446
4372.300021,sim,1.694733,-0.061688,-2.428503,1.045322,-1.036133,0.391425
4372.304096,sim,1.694651,-0.061690,-2.428487,1.045341,-1.038417,0.391445
4372.308120,sim,1.694549,-0.061694,-2.428497,1.045330,-1.040748,0.391428
4372.312018,sim,1.694452,-0.061672,-2.428492,1.045337,-1.043173,0.391443
4372.315991,sim,1.694343,-0.061684,-2.428504,1.045321,-1.045626,0.391425
4372.320015,sim,1.694245,-0.061689,-2.428487,1.045342,-1.048159,0.391445
4372.324192,sim,1.694126,-0.061681,-2.428503,1.045324,-1.050679,0.391425
4372.328040,sim,1.694135,-0.061676,-2.428490,1.045340,-1.050699,0.391445
4372.331913,sim,1.694011,-0.061686,-2.428503,1.045322,-1.053249,0.391424
4372.336065,sim,1.693896,-0.061689,-2.428487,1.045343,-1.055884,0.391445
4372.340197,sim,1.693754,-0.061683,-2.428503,1.045323,-1.058504,0.391424
4372.344101,sim,1.693625,-0.061673,-2.428490,1.045341,-1.061194,0.391446
4372.347917,sim,1.693474,-0.061695,-2.428497,1.045330,-1.063860,0.391428
4372.352028,sim,1.693475,-0.061671,-2.428493,1.045336,-1.063868,0.391441
4372.356035,sim,1.693317,-0.061683,-2.428504,1.045322,-1.066562,0.391425
4372.360037,sim,1.693161,-0.061688,-2.428488,1.045342,-1.069332,0.391444
4372.363970,sim,1.692981,-0.061697,-2.428499,1.045328,-1.072095,0.391424
4372.367904,sim,1.692805,-0.061669,-2.428492,1.045339,-1.074917,0.391444
4372.371999,sim,1.692611,-0.061680,-2.428503,1.045323,-1.077721,0.391426
4372.375940,sim,1.692422,-0.061679,-2.428490,1.045341,-1.080567,0.391444
4372.379946,sim,1.692213,-0.061686,-2.428504,1.045322,-1.083372,0.391423
4372.384193,sim,1.692015,-0.061677,-2.428490,1.045341,-1.086210,0.391445
4372.388026,sim,1.692007,-0.061686,-2.428504,1.045322,-1.086189,0.391424
4372.391979,sim,1.691805,-0.061691,-2.428488,1.045343,-1.088998,0.391444
4372.395897,sim,1.691583,-0.061683,-2.428504,1.045322,-1.091725,0.391423
4372.399946,sim,1.691375,-0.061675,-2.428491,1.045341,-1.094460,0.391445
4352.132964,real,1.412118,-0.083457,-2.646577,1.201177,-1.573962,0.329298
4352.141067,real,1.412119,-0.083457,-2.646577,1.201177,-1.573963,0.329298
4352.149226,real,1.412119,-0.083457,-2.646577,1.201178,-1.573962,0.329298
4352.165636,real,1.412119,-0.083457,-2.646575,1.201182,-1.573963,0.329298
4352.173777,real,1.412119,-0.083457,-2.646576,1.201182,-1.573964,0.329298
4352.181871,real,1.412118,-0.083457,-2.646576,1.201183,-1.573964,0.329298
4352.190023,real,1.412118,-0.083456,-2.646576,1.201183,-1.573964,0.329299
4352.206331,real,1.412118,-0.083456,-2.646576,1.201184,-1.573964,0.329299
4352.214587,real,1.412118,-0.083456,-2.646576,1.201184,-1.573964,0.329299
4352.222672,real,1.412118,-0.083456,-2.646577,1.201184,-1.573964,0.329299
4352.230903,real,1.412118,-0.083456,-2.646577,1.201184,-1.573964,0.329299
4352.239074,real,1.412118,-0.083456,-2.646577,1.201183,-1.573964,0.329299
4352.255695,real,1.412118,-0.083456,-2.646576,1.201183,-1.573964,0.329299
4352.263755,real,1.412118,-0.083456,-2.646575,1.201183,-1.573964,0.329299
4352.271901,real,1.412118,-0.083456,-2.646575,1.201183,-1.573964,0.329299
4352.280637,real,1.412118,-0.083456,-2.646575,1.201183,-1.573964,0.329299
4352.288502,real,1.412118,-0.083456,-2.646575,1.201183,-1.573963,0.329299
4352.304680,real,1.412118,-0.083456,-2.646575,1.201183,-1.573963,0.329299
4352.312820,real,1.412117,-0.083456,-2.646575,1.201183,-1.573963,0.329299
4352.320995,real,1.412117,-0.083456,-2.646575,1.201184,-1.573963,0.329299
4352.329326,real,1.412117,-0.083457,-2.646575,1.201186,-1.573964,0.329299
4352.345639,real,1.412117,-0.083456,-2.646576,1.201195,-1.573964,0.329299
4352.353847,real,1.412117,-0.083455,-2.646574,1.201199,-1.573964,0.329299
4352.362157,real,1.412116,-0.083450,-2.646570,1.201206,-1.573965,0.329299
4352.370188,real,1.412116,-0.083444,-2.646570,1.201209,-1.573966,0.329299
4352.378337,real,1.412116,-0.083437,-2.646571,1.201209,-1.573967,0.329299
4352.394682,real,1.412115,-0.083433,-2.646571,1.201213,-1.573975,0.329299
4352.402933,real,1.412112,-0.083433,-2.646571,1.201219,-1.573987,0.329299
4352.411011,real,1.412103,-0.083433,-2.646571,1.201219,-1.573997,0.329299
4352.419240,real,1.412087,-0.083433,-2.646571,1.201224,-1.574020,0.329300
4352.435724,real,1.412031,-0.083433,-2.646571,1.201227,-1.574127,0.329300
4352.443814,real,1.411991,-0.083433,-2.646571,1.201228,-1.574236,0.329300
4352.451997,real,1.411942,-0.083433,-2.646570,1.201228,-1.574391,0.329300
4352.460160,real,1.411882,-0.083434,-2.646570,1.201228,-1.574605,0.329300
4352.468365,real,1.411807,-0.083434,-2.646571,1.201226,-1.574905,0.329301
4352.484713,real,1.411613,-0.083435,-2.646575,1.201221,-1.575771,0.329301
4352.492746,real,1.411412,-0.083436,-2.646577,1.201218,-1.576752,0.329302
4352.500977,real,1.411243,-0.083436,-2.646577,1.201216,-1.577596,0.329302
4352.509058,real,1.411056,-0.083436,-2.646577,1.201216,-1.578600,0.329303
4352.525389,real,1.410666,-0.083436,-2.646576,1.201216,-1.581108,0.329303
4352.533679,real,1.410462,-0.083436,-2.646576,1.201217,-1.582735,0.329303
4352.541739,real,1.410259,-0.083436,-2.646575,1.201217,-1.584671,0.329304
4352.549930,real,1.410071,-0.083436,-2.646574,1.201217,-1.586918,0.329304
4352.566252,real,1.409826,-0.083436,-2.646574,1.201217,-1.590895,0.329305
4352.574332,real,1.409676,-0.083436,-2.646574,1.201217,-1.593973,0.329306
4352.582606,real,1.409531,-0.083437,-2.646574,1.201216,-1.597380,0.329307
4352.590676,real,1.409398,-0.083437,-2.646576,1.201216,-1.601137,0.329308
4352.598873,real,1.409285,-0.083438,-2.646576,1.201216,-1.605244,0.329309
4352.615257,real,1.409082,-0.083438,-2.646574,1.201216,-1.616692,0.329312
4352.623605,real,1.409035,-0.083437,-2.646573,1.201216,-1.621737,0.329314
4352.631728,real,1.409010,-0.083437,-2.646573,1.201216,-1.627044,0.329315
4352.639643,real,1.409006,-0.083437,-2.646573,1.201216,-1.632639,0.329317
4352.655958,real,1.409008,-0.083437,-2.646573,1.201216,-1.644701,0.329320
4352.664138,real,1.409009,-0.083437,-2.646574,1.201216,-1.651008,0.329321
4352.672276,real,1.409009,-0.083437,-2.646575,1.201216,-1.657410,0.329322
4352.680563,real,1.409010,-0.083437,-2.646576,1.201215,-1.663851,0.329324
4352.688646,real,1.409010,-0.083437,-2.646577,1.201215,-1.670409,0.329326
4352.705115,real,1.409010,-0.083437,-2.646576,1.201213,-1.683973,0.329330
4352.713351,real,1.409010,-0.083437,-2.646575,1.201213,-1.690901,0.329332
4352.721535,real,1.409010,-0.083437,-2.646575,1.201213,-1.697812,0.329334
4352.729645,real,1.409010,-0.083437,-2.646575,1.201212,-1.708224,0.329337
4352.745936,real,1.409010,-0.083437,-2.646575,1.201210,-1.722363,0.329340
4352.754098,real,1.409010,-0.083437,-2.646576,1.201208,-1.729411,0.329341
4352.762262,real,1.409010,-0.083438,-2.646576,1.201205,-1.736339,0.329342
4352.770478,real,1.409010,-0.083438,-2.646577,1.201202,-1.743114,0.329343
4352.778607,real,1.409010,-0.083438,-2.646577,1.201199,-1.749821,0.329344
4352.795030,real,1.409011,-0.083438,-2.646578,1.201198,-1.759827,0.329344
4352.803229,real,1.409012,-0.083438,-2.646578,1.201197,-1.766417,0.329344
4352.811455,real,1.409013,-0.083438,-2.646578,1.201197,-1.772839,0.329345
4352.819812,real,1.409013,-0.083438,-2.646578,1.201197,-1.779116,0.329345
4352.836261,real,1.409014,-0.083438,-2.646578,1.201197,-1.794448,0.329345
4352.844485,real,1.409014,-0.083438,-2.646579,1.201197,-1.800540,0.329346
4352.852623,real,1.409014,-0.083438,-2.646580,1.201197,-1.806508,0.329346
4352.860761,real,1.409014,-0.083438,-2.646581,1.201196,-1.812350,0.329346
4352.868920,real,1.409014,-0.083438,-2.646582,1.201196,-1.818033,0.329346
4352.885333,real,1.409014,-0.083438,-2.646583,1.201196,-1.829180,0.329346
4352.893505,real,1.409014,-0.083438,-2.646583,1.201196,-1.834711,0.329346
4352.901682,real,1.409014,-0.083438,-2.646583,1.201196,-1.840252,0.329346
4352.909794,real,1.409014,-0.083438,-2.646583,1.201196,-1.845718,0.329345
4352.926144,real,1.409014,-0.083438,-2.646585,1.201195,-1.856354,0.329345
4352.934333,real,1.409014,-0.083438,-2.646587,1.201195,-1.861550,0.329345
4352.942557,real,1.409014,-0.083439,-2.646594,1.201195,-1.866755,0.329345
4352.950722,real,1.409015,-0.083439,-2.646607,1.201195,-1.874637,0.329345
4352.958818,real,1.409016,-0.083439,-2.646620,1.201195,-1.879893,0.329345
4352.975262,real,1.409016,-0.083439,-2.646679,1.201194,-1.890152,0.329345
4352.983812,real,1.409016,-0.083439,-2.646719,1.201194,-1.895128,0.329345
4352.991599,real,1.409016,-0.083439,-2.646756,1.201194,-1.900030,0.329345
4352.999689,real,1.409017,-0.083439,-2.646794,1.201194,-1.904943,0.329345
4353.016056,real,1.409016,-0.083440,-2.646868,1.201193,-1.914804,0.329345
4353.024157,real,1.409016,-0.083440,-2.646900,1.201193,-1.919795,0.329345
4353.032576,real,1.409016,-0.083440,-2.646925,1.201192,-1.924762,0.329345
4353.040696,real,1.409016,-0.083440,-2.646942,1.201192,-1.929678,0.329345
4353.048781,real,1.409016,-0.083440,-2.646950,1.201192,-1.934576,0.329345
4353.065129,real,1.409016,-0.083440,-2.646951,1.201191,-1.944346,0.329345
4353.073255,real,1.409016,-0.083440,-2.646951,1.201191,-1.949346,0.329345
4353.081570,real,1.409016,-0.083440,-2.646951,1.201190,-1.956980,0.329346
4353.089702,real,1.409016,-0.083440,-2.646951,1.201190,-1.962055,0.329346
4353.106083,real,1.409016,-0.083440,-2.646951,1.201188,-1.972107,0.329346
4353.114192,real,1.409016,-0.083440,-2.646951,1.201188,-1.977105,0.329347
4353.122357,real,1.409015,-0.083440,-2.646951,1.201187,-1.982172,0.329347
4353.130545,real,1.409015,-0.083441,-2.646950,1.201187,-1.987312,0.329348
4353.138668,real,1.409015,-0.083441,-2.646950,1.201186,-1.992551,0.329349
4353.155103,real,1.409015,-0.083441,-2.646950,1.201185,-2.003209,0.329355
4353.163565,real,1.409014,-0.083441,-2.646949,1.201184,-2.008541,0.329362
4353.171677,real,1.409015,-0.083441,-2.646949,1.201183,-2.013903,0.329371
4353.179785,real,1.409014,-0.083441,-2.646949,1.201182,-2.019282,0.329383
4353.195970,real,1.409015,-0.083441,-2.646949,1.201177,-2.030417,0.329424
4353.204120,real,1.409015,-0.083441,-2.646950,1.201171,-2.036115,0.329457
4353.212206,real,1.409014,-0.083441,-2.646951,1.201161,-2.044594,0.329529
4353.220478,real,1.409014,-0.083441,-2.646951,1.201141,-2.050135,0.329595
4353.228658,real,1.409014,-0.083441,-2.646951,1.201126,-2.052894,0.329635
4353.244879,real,1.409014,-0.083443,-2.646951,1.200971,-2.064019,0.329844
4353.253067,real,1.409013,-0.083443,-2.646951,1.200825,-2.069695,0.329985
4353.261181,real,1.409012,-0.083443,-2.646951,1.200649,-2.075447,0.330150
4353.269406,real,1.409011,-0.083443,-2.646951,1.200450,-2.081170,0.330330
4353.285772,real,1.409010,-0.083443,-2.646951,1.199993,-2.092523,0.330733
4353.293933,real,1.409010,-0.083443,-2.646951,1.199732,-2.098175,0.330957
4353.302099,real,1.409010,-0.083443,-2.646952,1.199449,-2.103916,0.331203
4353.310307,real,1.409010,-0.083443,-2.646953,1.199135,-2.109722,0.331477
4353.318484,real,1.409010,-0.083443,-2.646954,1.198768,-2.115530,0.331780
4353.334794,real,1.409010,-0.083443,-2.646961,1.197828,-2.126840,0.332489
4353.342912,real,1.409010,-0.083443,-2.646967,1.196963,-2.135119,0.333151
4353.351161,real,1.409010,-0.083443,-2.646969,1.196349,-2.140628,0.333661
4353.359352,real,1.409010,-0.083443,-2.646970,1.195698,-2.146163,0.334237
4353.375774,real,1.409010,-0.083444,-2.646970,1.194267,-2.157289,0.335642
4353.383952,real,1.409010,-0.083445,-2.646972,1.193496,-2.162791,0.336513
4353.392090,real,1.409009,-0.083447,-2.646973,1.192681,-2.168251,0.337536
4353.400209,real,1.409008,-0.083447,-2.646973,1.191780,-2.173719,0.338731
4353.408346,real,1.409007,-0.083447,-2.646972,1.190810,-2.179267,0.340091
4353.424799,real,1.409006,-0.083447,-2.646972,1.188589,-2.190671,0.343313
4353.432961,real,1.409006,-0.083447,-2.646973,1.187382,-2.196383,0.345167
4353.441110,real,1.409006,-0.083447,-2.646973,1.186138,-2.202039,0.347137
4353.449245,real,1.409006,-0.083447,-2.646974,1.184836,-2.207607,0.349162
4353.465641,real,1.409006,-0.083447,-2.646987,1.181174,-2.221621,0.354330
4353.473779,real,1.409006,-0.083447,-2.646996,1.179589,-2.227352,0.356403
4353.481959,real,1.409006,-0.083447,-2.647006,1.177988,-2.233146,0.358500
4353.490216,real,1.409007,-0.083447,-2.647019,1.176368,-2.238913,0.360621
4353.498292,real,1.409007,-0.083447,-2.647032,1.174707,-2.244670,0.362782
4353.514593,real,1.409007,-0.083447,-2.647045,1.171238,-2.256266,0.367070
4353.522748,real,1.409007,-0.083447,-2.647047,1.169461,-2.262234,0.369207
4353.530922,real,1.409007,-0.083447,-2.647048,1.167639,-2.268271,0.371362
4353.539099,real,1.409007,-0.083447,-2.647049,1.165774,-2.274290,0.373504
4353.555833,real,1.409007,-0.083448,-2.647052,1.161978,-2.286087,0.377853
4353.563763,real,1.409007,-0.083448,-2.647055,1.160075,-2.291949,0.380041
4353.571895,real,1.409007,-0.083448,-2.647056,1.159126,-2.294893,0.381136
4353.580059,real,1.409008,-0.083448,-2.647063,1.156309,-2.303839,0.384412
4353.596349,real,1.409008,-0.083448,-2.647075,1.152687,-2.315896,0.388774
4353.604639,real,1.409008,-0.083448,-2.647085,1.150873,-2.321897,0.390947
4353.612706,real,1.409008,-0.083448,-2.647095,1.149050,-2.327870,0.393106
4353.620908,real,1.409008,-0.083448,-2.647102,1.147235,-2.333891,0.395234
4353.629042,real,1.409009,-0.083448,-2.647109,1.145439,-2.339995,0.397324
4353.645658,real,1.409009,-0.083447,-2.647113,1.141712,-2.352206,0.401401
4353.653796,real,1.409009,-0.083447,-2.647113,1.139806,-2.358172,0.403426
4353.661892,real,1.409009,-0.083448,-2.647114,1.137881,-2.364005,0.405451
4353.670090,real,1.409009,-0.083448,-2.647114,1.135904,-2.369777,0.407509
4353.686446,real,1.409010,-0.083448,-2.647117,1.130778,-2.384127,0.412732
4353.694659,real,1.409010,-0.083448,-2.647118,1.128656,-2.389795,0.414778
4353.702771,real,1.409010,-0.083447,-2.647119,1.126477,-2.395357,0.416830
4353.710866,real,1.409011,-0.083447,-2.647121,1.124279,-2.400812,0.418865
4353.719186,real,1.409012,-0.083447,-2.647121,1.122068,-2.406177,0.420890
4353.735933,real,1.409015,-0.083447,-2.647121,1.117643,-2.416888,0.424898
4353.743904,real,1.409016,-0.083447,-2.647121,1.115511,-2.422248,0.426794
4353.751936,real,1.409016,-0.083447,-2.647121,1.113452,-2.427526,0.428576
4353.760071,real,1.409016,-0.083447,-2.647121,1.111417,-2.432669,0.430222
4353.776413,real,1.409016,-0.083447,-2.647128,1.107473,-2.442423,0.433077
4353.784570,real,1.409016,-0.083447,-2.647144,1.105535,-2.447138,0.434289
4353.792701,real,1.409016,-0.083447,-2.647165,1.103589,-2.451773,0.435354
4353.800898,real,1.409017,-0.083447,-2.647189,1.101657,-2.456364,0.436264
4353.809110,real,1.409018,-0.083447,-2.647237,1.098854,-2.463187,0.437376
4353.825480,real,1.409021,-0.083447,-2.647337,1.095195,-2.471882,0.438407
4353.833658,real,1.409023,-0.083447,-2.647400,1.093404,-2.476034,0.438721
4353.841764,real,1.409024,-0.083447,-2.647478,1.091639,-2.480074,0.438868
4353.850819,real,1.409026,-0.083447,-2.647570,1.089864,-2.484038,0.438871
4353.859014,real,1.409028,-0.083447,-2.647675,1.088107,-2.487945,0.438870
4353.875323,real,1.409037,-0.083447,-2.647924,1.084733,-2.495802,0.438865
4353.883509,real,1.409043,-0.083447,-2.648066,1.083147,-2.499695,0.438863
4353.892113,real,1.409048,-0.083447,-2.648216,1.081597,-2.503529,0.438861
4353.900038,real,1.409051,-0.083447,-2.648379,1.080063,-2.507239,0.438859
4353.916076,real,1.409053,-0.083447,-2.648761,1.077157,-2.514321,0.438857
4353.924290,real,1.409053,-0.083447,-2.649105,1.075163,-2.519412,0.438854
4353.932547,real,1.409053,-0.083447,-2.649350,1.073860,-2.522782,0.438852
4353.940697,real,1.409053,-0.083447,-2.649476,1.073222,-2.524442,0.438850
4353.948802,real,1.409054,-0.083447,-2.649740,1.071988,-2.527728,0.438847
4353.965255,real,1.409067,-0.083447,-2.650308,1.069803,-2.534224,0.438841
4353.973431,real,1.409077,-0.083447,-2.650589,1.068848,-2.537448,0.438836
4353.981561,real,1.409085,-0.083447,-2.650896,1.067918,-2.540642,0.438832
4353.989741,real,1.409091,-0.083447,-2.651231,1.067048,-2.543778,0.438827
4354.006201,real,1.409095,-0.083446,-2.651886,1.065401,-2.549871,0.438816
4354.014251,real,1.409095,-0.083446,-2.652243,1.064628,-2.552847,0.438807
4354.022426,real,1.409095,-0.083445,-2.652612,1.063945,-2.555803,0.438797
4354.030626,real,1.409095,-0.083445,-2.652978,1.063347,-2.558692,0.438784
4354.038749,real,1.409095,-0.083445,-2.653541,1.062642,-2.562980,0.438758
4354.055233,real,1.409095,-0.083444,-2.654302,1.062047,-2.568810,0.438719
4354.063259,real,1.409095,-0.083444,-2.654678,1.061900,-2.571848,0.438694
4354.071490,real,1.409095,-0.083444,-2.655051,1.061864,-2.574951,0.438665
4354.079658,real,1.409095,-0.083444,-2.655433,1.061868,-2.578080,0.438631
4354.096121,real,1.409101,-0.083443,-2.656199,1.061874,-2.584284,0.438539
4354.104139,real,1.409114,-0.083443,-2.656586,1.061878,-2.587284,0.438485
4354.112317,real,1.409137,-0.083443,-2.656969,1.061879,-2.590168,0.438424
4354.120602,real,1.409169,-0.083443,-2.657365,1.061880,-2.592979,0.438354
4354.128661,real,1.409209,-0.083443,-2.657764,1.061880,-2.595736,0.438278
4354.144954,real,1.409311,-0.083443,-2.658566,1.061883,-2.601229,0.438097
4354.153147,real,1.409401,-0.083443,-2.659166,1.061887,-2.605375,0.437936
4354.161274,real,1.409467,-0.083443,-2.659574,1.061891,-2.608178,0.437809
4354.169402,real,1.409536,-0.083442,-2.659970,1.061893,-2.611012,0.437668
4354.185745,real,1.409665,-0.083441,-2.660762,1.061898,-2.616742,0.437348
4354.193938,real,1.409718,-0.083441,-2.661144,1.061899,-2.619564,0.437168
4354.202088,real,1.409762,-0.083441,-2.661521,1.061900,-2.622297,0.436981
4354.210333,real,1.409802,-0.083441,-2.661892,1.061900,-2.624954,0.436774
4354.218421,real,1.409838,-0.083440,-2.662254,1.061900,-2.627546,0.436538
4354.234902,real,1.409886,-0.083440,-2.662793,1.061901,-2.631274,0.436122
4354.243068,real,1.409915,-0.083440,-2.663111,1.061901,-2.633630,0.435804
4354.251183,real,1.409944,-0.083440,-2.663405,1.061901,-2.635823,0.435456
4354.259408,real,1.409974,-0.083440,-2.663682,1.061901,-2.637890,0.435077
4354.276204,real,1.410033,-0.083441,-2.664206,1.061901,-2.642398,0.433989
4354.284088,real,1.410045,-0.083442,-2.664373,1.061900,-2.643941,0.433536
4354.292246,real,1.410048,-0.083442,-2.664520,1.061897,-2.645345,0.433089
4354.300484,real,1.410047,-0.083443,-2.664635,1.061893,-2.646504,0.432658
4354.308752,real,1.410047,-0.083443,-2.664725,1.061886,-2.647381,0.432261
4354.325049,real,1.410044,-0.083444,-2.664887,1.061866,-2.648349,0.431657
4354.333150,real,1.410043,-0.083445,-2.664949,1.061846,-2.648450,0.431489
4354.341408,real,1.410042,-0.083445,-2.664996,1.061811,-2.648372,0.431436
4354.349618,real,1.410042,-0.083446,-2.665040,1.061748,-2.648193,0.431438
4354.365918,real,1.410042,-0.083446,-2.665120,1.061440,-2.647239,0.431443
4354.374113,real,1.410042,-0.083446,-2.665152,1.061141,-2.646321,0.431447
4354.382263,real,1.410042,-0.083447,-2.665185,1.060696,-2.645063,0.431449
4354.390544,real,1.410042,-0.083448,-2.665222,1.060100,-2.643453,0.431451
4354.398642,real,1.410042,-0.083452,-2.665269,1.058900,-2.640235,0.431454
4354.414977,real,1.410042,-0.083463,-2.665329,1.056595,-2.634328,0.431456
4354.423202,real,1.410042,-0.083469,-2.665365,1.055142,-2.630652,0.431458
4354.431381,real,1.410043,-0.083474,-2.665402,1.053490,-2.626550,0.431459
4354.439633,real,1.410043,-0.083477,-2.665440,1.051651,-2.622002,0.431460
4354.456343,real,1.410043,-0.083478,-2.665540,1.047376,-2.611384,0.431462
4354.464156,real,1.410043,-0.083478,-2.665613,1.044989,-2.605371,0.431462
4354.472312,real,1.410043,-0.083478,-2.665704,1.042464,-2.598988,0.431463
4354.480711,real,1.410043,-0.083478,-2.665878,1.038483,-2.588849,0.431463
4354.488695,real,1.410043,-0.083478,-2.666029,1.035786,-2.581675,0.431463
4354.504996,real,1.410043,-0.083478,-2.666448,1.030178,-2.566055,0.431464
4354.513194,real,1.410043,-0.083478,-2.666723,1.027291,-2.557691,0.431464
4354.521346,real,1.410043,-0.083478,-2.666869,1.025826,-2.553417,0.431464
4354.529578,real,1.410043,-0.083478,-2.667173,1.022879,-2.544720,0.431464
4354.545814,real,1.410043,-0.083478,-2.667885,1.016876,-2.526616,0.431464
4354.553953,real,1.410043,-0.083478,-2.668274,1.013858,-2.517280,0.431464
4354.562160,real,1.410043,-0.083478,-2.668691,1.010814,-2.507890,0.431464
4354.570268,real,1.410043,-0.083478,-2.669131,1.007736,-2.498395,0.431464
4354.578467,real,1.410043,-0.083478,-2.669594,1.004650,-2.488686,0.431464
4354.594840,real,1.410042,-0.083478,-2.670878,0.997085,-2.464080,0.431464
4354.603022,real,1.410042,-0.083478,-2.671416,0.994155,-2.454194,0.431464
4354.611205,real,1.410042,-0.083477,-2.671966,0.991314,-2.444266,0.431464
4354.619365,real,1.410042,-0.083477,-2.672516,0.988555,-2.434437,0.431464
4354.636170,real,1.410042,-0.083477,-2.673657,0.983185,-2.414932,0.431464
4354.644155,real,1.410042,-0.083476,-2.674238,0.980552,-2.405168,0.431464
4354.652178,real,1.410043,-0.083476,-2.674827,0.977987,-2.395503,0.431464
4354.660481,real,1.410043,-0.083476,-2.675438,0.975477,-2.386014,0.431464
4354.668612,real,1.410042,-0.083476,-2.676061,0.973036,-2.376583,0.431464
4354.685057,real,1.410043,-0.083475,-2.677274,0.968309,-2.358032,0.431464
4354.693258,real,1.410043,-0.083475,-2.677879,0.966050,-2.349042,0.431463
4354.701383,real,1.410042,-0.083475,-2.678774,0.962755,-2.335710,0.431463
4354.709637,real,1.410043,-0.083475,-2.679353,0.960694,-2.326861,0.431463
4354.726072,real,1.410042,-0.083476,-2.680471,0.956977,-2.309557,0.431463
4354.734162,real,1.410042,-0.083476,-2.681001,0.955245,-2.301044,0.431463
4354.742413,real,1.410042,-0.083476,-2.681519,0.953613,-2.292594,0.431463
4354.750596,real,1.410042,-0.083475,-2.682018,0.952106,-2.284255,0.431463
4354.758782,real,1.410042,-0.083475,-2.682498,0.950690,-2.276093,0.431463
4354.775172,real,1.410042,-0.083473,-2.683352,0.948005,-2.260150,0.431462
4354.783307,real,1.410042,-0.083472,-2.683735,0.946774,-2.252240,0.431463
4354.791527,real,1.410042,-0.083472,-2.683917,0.946202,-2.248301,0.431462
4354.799584,real,1.410042,-0.083472,-2.684267,0.945136,-2.240508,0.431463
4354.816236,real,1.410042,-0.083473,-2.684975,0.942731,-2.221420,0.431463
4354.824155,real,1.410041,-0.083472,-2.685218,0.941844,-2.213880,0.431462
4354.832195,real,1.410040,-0.083472,-2.685429,0.941028,-2.206474,0.431462
4354.840457,real,1.410040,-0.083472,-2.685576,0.940298,-2.199263,0.431462
4354.848741,real,1.410040,-0.083472,-2.685666,0.939656,-2.192196,0.431462
4354.864951,real,1.410040,-0.083472,-2.685719,0.938609,-2.178167,0.431462
4354.873576,real,1.410039,-0.083472,-2.685702,0.938223,-2.171137,0.431462
4354.883645,real,1.410039,-0.083472,-2.685677,0.937958,-2.164139,0.431461
4354.892086,real,1.410039,-0.083472,-2.685631,0.937752,-2.153696,0.431461
4354.900406,real,1.410039,-0.083471,-2.685619,0.937742,-2.146705,0.431461
4354.908272,real,1.410039,-0.083469,-2.685616,0.937745,-2.139657,0.431461
4354.924706,real,1.410039,-0.083467,-2.685575,0.937760,-2.125586,0.431461
4354.932894,real,1.410039,-0.083467,-2.685551,0.937760,-2.118634,0.431461
4354.941061,real,1.410039,-0.083467,-2.685537,0.937760,-2.111678,0.431461
4354.949170,real,1.410039,-0.083467,-2.685526,0.937762,-2.104625,0.431461
4354.965609,real,1.410038,-0.083467,-2.685515,0.937770,-2.090211,0.431461
4354.973655,real,1.410038,-0.083467,-2.685515,0.937777,-2.082993,0.431461
4354.981819,real,1.410038,-0.083467,-2.685513,0.937793,-2.075799,0.431461
4354.989924,real,1.410038,-0.083465,-2.685506,0.937823,-2.068580,0.431461
4355.006266,real,1.410034,-0.083459,-2.685449,0.937942,-2.050577,0.431461
4355.014470,real,1.410034,-0.083459,-2.685419,0.938017,-2.043560,0.431461
4355.022664,real,1.410034,-0.083459,-2.685396,0.938080,-2.036637,0.431461
4355.030808,real,1.410034,-0.083459,-2.685385,0.938128,-2.029750,0.431461
4355.038935,real,1.410031,-0.083459,-2.685381,0.938155,-2.022821,0.431461
4355.055330,real,1.410028,-0.083459,-2.685381,0.938219,-2.009032,0.431461
4355.063578,real,1.410028,-0.083459,-2.685381,0.938262,-2.002253,0.431462
4355.071681,real,1.410028,-0.083459,-2.685381,0.938329,-1.995532,0.431461
4355.079892,real,1.410027,-0.083458,-2.685377,0.938439,-1.988820,0.431461
4355.096365,real,1.410024,-0.083459,-2.685346,0.938763,-1.975333,0.431462
4355.104315,real,1.410024,-0.083459,-2.685324,0.938966,-1.968656,0.431461
4355.112635,real,1.410024,-0.083458,-2.685303,0.939189,-1.961972,0.431461
4355.120748,real,1.410024,-0.083458,-2.685284,0.939432,-1.955231,0.431461
4355.128861,real,1.410024,-0.083459,-2.685254,0.939872,-1.944826,0.431461
4355.145229,real,1.410024,-0.083458,-2.685217,0.940684,-1.930598,0.431461
4355.153326,real,1.410025,-0.083458,-2.685194,0.941217,-1.923449,0.431461
4355.161521,real,1.410024,-0.083457,-2.685164,0.941825,-1.916249,0.431461
4355.169644,real,1.410025,-0.083456,-2.685126,0.942518,-1.908984,0.431461
4355.186065,real,1.410024,-0.083455,-2.685030,0.944259,-1.894360,0.431461
4355.194217,real,1.410025,-0.083455,-2.684972,0.945344,-1.887139,0.431461
4355.202407,real,1.410025,-0.083455,-2.684909,0.946581,-1.879937,0.431461
4355.210542,real,1.410024,-0.083455,-2.684876,0.947250,-1.876320,0.431461
4355.218642,real,1.410024,-0.083454,-2.684805,0.948695,-1.869006,0.431461
4355.235026,real,1.410024,-0.083454,-2.684574,0.952748,-1.850630,0.431461
4355.243143,real,1.410024,-0.083453,-2.684455,0.954608,-1.843405,0.431461
4355.251278,real,1.410024,-0.083451,-2.684326,0.956608,-1.836221,0.431460
4355.259443,real,1.410024,-0.083448,-2.684188,0.958713,-1.829078,0.431460
4355.275829,real,1.410024,-0.083443,-2.683867,0.963352,-1.815025,0.431460
4355.284352,real,1.410024,-0.083442,-2.683687,0.965879,-1.808201,0.431460
4355.292263,real,1.410024,-0.083441,-2.683505,0.968477,-1.801465,0.431460
4355.300344,real,1.410024,-0.083441,-2.683319,0.971154,-1.794749,0.431460
4355.308602,real,1.410024,-0.083441,-2.683126,0.973948,-1.788002,0.431460
4355.324817,real,1.410023,-0.083440,-2.682717,0.980082,-1.774690,0.431460
4355.332975,real,1.410023,-0.083438,-2.682494,0.983402,-1.768232,0.431459
4355.341132,real,1.410023,-0.083437,-2.682263,0.986863,-1.761888,0.431460
4355.349541,real,1.410020,-0.083433,-2.681916,0.992314,-1.752592,0.431459
4355.365666,real,1.410005,-0.083429,-2.681414,1.000128,-1.740674,0.431459
4355.373868,real,1.409999,-0.083428,-2.681147,1.004248,-1.734987,0.431459
4355.382087,real,1.409997,-0.083428,-2.680892,1.008440,-1.729399,0.431460
4355.390154,real,1.409997,-0.083428,-2.680646,1.012748,-1.723877,0.431460
4355.398405,real,1.409996,-0.083428,-2.680368,1.017155,-1.718342,0.431460
4355.414685,real,1.409983,-0.083428,-2.679765,1.026307,-1.707143,0.431460
4355.422757,real,1.409978,-0.083428,-2.679458,1.031035,-1.701548,0.431460
4355.430951,real,1.409975,-0.083428,-2.679097,1.035889,-1.696014,0.431460
4355.439126,real,1.409973,-0.083428,-2.678687,1.040805,-1.690585,0.431460
4355.455476,real,1.409965,-0.083428,-2.677775,1.050827,-1.679988,0.431461
4355.463703,real,1.409962,-0.083428,-2.677524,1.053374,-1.677399,0.431461
4355.471926,real,1.409952,-0.083428,-2.676979,1.058554,-1.672255,0.431461
4355.480175,real,1.409938,-0.083428,-2.676069,1.066411,-1.664763,0.431462
4355.496409,real,1.409923,-0.083428,-2.674757,1.077013,-1.655437,0.431463
4355.504629,real,1.409919,-0.083427,-2.674006,1.082355,-1.651058,0.431463
4355.512738,real,1.409917,-0.083425,-2.673190,1.087703,-1.646878,0.431463
4355.520859,real,1.409916,-0.083423,-2.672329,1.093047,-1.642864,0.431464
4355.529054,real,1.409916,-0.083422,-2.671424,1.098388,-1.638983,0.431464
4355.545353,real,1.409916,-0.083422,-2.669512,1.109089,-1.631584,0.431465
4355.553653,real,1.409916,-0.083422,-2.668510,1.114438,-1.628173,0.431468
4355.561817,real,1.409916,-0.083422,-2.667458,1.119772,-1.625004,0.431471
4355.569955,real,1.409916,-0.083421,-2.666371,1.125006,-1.622082,0.431476
4355.586314,real,1.409916,-0.083419,-2.663531,1.137742,-1.616082,0.431499
4355.594418,real,1.409916,-0.083419,-2.662335,1.142586,-1.614217,0.431514
4355.602636,real,1.409916,-0.083419,-2.661078,1.147260,-1.612653,0.431535
4355.610678,real,1.409915,-0.083419,-2.659785,1.151761,-1.611364,0.431563
4355.618904,real,1.409914,-0.083419,-2.658468,1.156064,-1.610376,0.431598
4355.635208,real,1.409914,-0.083419,-2.655726,1.164200,-1.609233,0.431707
4355.643313,real,1.409914,-0.083419,-2.654265,1.168055,-1.609002,0.431792
4355.651591,real,1.409914,-0.083419,-2.652759,1.171770,-1.608968,0.431910
4355.659647,real,1.409914,-0.083419,-2.651220,1.175388,-1.609004,0.432070
4355.676363,real,1.409914,-0.083419,-2.648024,1.182242,-1.609169,0.432585
4355.684301,real,1.409914,-0.083419,-2.646342,1.185409,-1.609314,0.432958
4355.692607,real,1.409914,-0.083419,-2.644652,1.188420,-1.609528,0.433425
4355.700657,real,1.409914,-0.083419,-2.642985,1.191261,-1.609814,0.433990
4355.708759,real,1.409915,-0.083419,-2.641269,1.193949,-1.610147,0.434676
4355.725129,real,1.409915,-0.083418,-2.637694,1.198947,-1.610931,0.436453
4355.733432,real,1.409916,-0.083417,-2.635890,1.201207,-1.611396,0.437584
4355.741577,real,1.409916,-0.083417,-2.634084,1.203340,-1.611933,0.438920
4355.749622,real,1.409916,-0.083417,-2.632270,1.205328,-1.612534,0.440481
4355.765970,real,1.409916,-0.083417,-2.628622,1.208853,-1.614013,0.444230
4355.774108,real,1.409916,-0.083417,-2.626784,1.210438,-1.614978,0.446448
4355.782274,real,1.409916,-0.083417,-2.624935,1.211879,-1.616095,0.448903
4355.790444,real,1.409916,-0.083417,-2.623062,1.213192,-1.617381,0.451572
4355.798727,real,1.409916,-0.083417,-2.621135,1.214343,-1.618829,0.454467
4355.814925,real,1.409916,-0.083417,-2.616292,1.216644,-1.623201,0.462570
4355.823016,real,1.409916,-0.083417,-2.614333,1.217389,-1.625252,0.466167
4355.831214,real,1.409916,-0.083417,-2.612366,1.218035,-1.627414,0.469910
4355.839327,real,1.409916,-0.083418,-2.610413,1.218588,-1.629744,0.473802
4355.855745,real,1.409917,-0.083417,-2.606549,1.219465,-1.634880,0.481838
4355.863953,real,1.409917,-0.083417,-2.604660,1.219783,-1.637706,0.486022
4355.872456,real,1.409918,-0.083417,-2.602774,1.219996,-1.640648,0.490327
4355.880285,real,1.409918,-0.083417,-2.600922,1.220105,-1.643689,0.494739
4355.897089,real,1.409918,-0.083417,-2.597302,1.220116,-1.649984,0.504017
4355.905638,real,1.409918,-0.083417,-2.595523,1.220110,-1.653237,0.508821
4355.913877,real,1.409918,-0.083417,-2.592880,1.220101,-1.658223,0.516101
4355.922067,real,1.409918,-0.083417,-2.591136,1.220099,-1.661561,0.521003
4355.930187,real,1.409918,-0.083418,-2.589421,1.220098,-1.664955,0.525950
4355.938443,real,1.409918,-0.083418,-2.587736,1.220097,-1.668435,0.530951
4355.954751,real,1.409918,-0.083418,-2.584440,1.220093,-1.675691,0.541163
4355.962902,real,1.409919,-0.083417,-2.582800,1.220093,-1.679459,0.546380
4355.971177,real,1.409919,-0.083417,-2.581210,1.220093,-1.683342,0.551631
4355.979291,real,1.409921,-0.083417,-2.579646,1.220093,-1.687296,0.556859
4355.995653,real,1.409924,-0.083417,-2.576573,1.220093,-1.695287,0.567361
4356.003856,real,1.409926,-0.083417,-2.575111,1.220093,-1.699352,0.572659
4356.012331,real,1.409926,-0.083416,-2.573696,1.220093,-1.703477,0.578008
4356.020230,real,1.409926,-0.083416,-2.572307,1.220093,-1.707658,0.583431
4356.036712,real,1.409928,-0.083411,-2.569668,1.220094,-1.716397,0.594208
4356.044719,real,1.409928,-0.083406,-2.567830,1.220094,-1.723227,0.602180
4356.052921,real,1.409928,-0.083406,-2.566635,1.220094,-1.727823,0.607467
4356.061052,real,1.409928,-0.083406,-2.565465,1.220094,-1.732424,0.612749
4356.069238,real,1.409928,-0.083406,-2.564346,1.220093,-1.737020,0.618029
4356.085757,real,1.409929,-0.083406,-2.562223,1.220093,-1.746217,0.628597
4356.093716,real,1.409929,-0.083406,-2.561193,1.220093,-1.750896,0.633792
4356.102133,real,1.409929,-0.083406,-2.560683,1.220093,-1.753258,0.636361
4356.110196,real,1.409929,-0.083406,-2.559679,1.220093,-1.758051,0.641499
4356.118619,real,1.409930,-0.083406,-2.558234,1.220093,-1.765391,0.649185
4356.134958,real,1.409932,-0.083405,-2.556853,1.220093,-1.772781,0.656876
4356.143050,real,1.409935,-0.083404,-2.555962,1.220094,-1.777729,0.662030
4356.151347,real,1.409937,-0.083403,-2.555087,1.220094,-1.782700,0.667130
4356.159540,real,1.409937,-0.083402,-2.554236,1.220094,-1.787738,0.672149
4356.175887,real,1.409939,-0.083399,-2.552220,1.220094,-1.800747,0.684392
4356.184082,real,1.409940,-0.083398,-2.551457,1.220094,-1.805988,0.689241
4356.192520,real,1.409940,-0.083398,-2.550706,1.220094,-1.811221,0.694076
4356.200615,real,1.409940,-0.083398,-2.549975,1.220093,-1.816414,0.698919
4356.208633,real,1.409940,-0.083398,-2.549266,1.220094,-1.821612,0.703759
4356.225264,real,1.409940,-0.083398,-2.547912,1.220093,-1.832188,0.713241
4356.233449,real,1.409940,-0.083398,-2.547258,1.220093,-1.837590,0.717883
4356.241772,real,1.409940,-0.083398,-2.546630,1.220093,-1.843040,0.722500
4356.250063,real,1.409940,-0.083398,-2.546017,1.220092,-1.848479,0.727075
4356.266428,real,1.409940,-0.083398,-2.544889,1.220092,-1.859355,0.736220
4356.274465,real,1.409940,-0.083398,-2.544383,1.220091,-1.864826,0.740804
4356.282663,real,1.409940,-0.083398,-2.543666,1.220091,-1.873211,0.747588
4356.290843,real,1.409940,-0.083398,-2.543219,1.220089,-1.878885,0.752032
4356.299048,real,1.409940,-0.083398,-2.542823,1.220089,-1.884532,0.756421
4356.315532,real,1.409940,-0.083398,-2.542121,1.220087,-1.895662,0.765205
4356.323708,real,1.409940,-0.083398,-2.541817,1.220086,-1.901164,0.769632
4356.331807,real,1.409940,-0.083398,-2.541556,1.220086,-1.906686,0.774083
4356.340024,real,1.409940,-0.083398,-2.541318,1.220085,-1.912258,0.778597
4356.356739,real,1.409939,-0.083398,-2.540940,1.220084,-1.923521,0.787670
4356.364629,real,1.409939,-0.083398,-2.540820,1.220083,-1.929121,0.792154
4356.372804,real,1.409939,-0.083398,-2.540729,1.220082,-1.934705,0.796641
4356.380787,real,1.409939,-0.083398,-2.540663,1.220081,-1.940270,0.801141
4356.388931,real,1.409939,-0.083398,-2.540632,1.220079,-1.945892,0.805646
4356.405288,real,1.409939,-0.083398,-2.540636,1.220068,-1.960225,0.817100
4356.413395,real,1.409939,-0.083398,-2.540642,1.220064,-1.965936,0.821726
4356.421676,real,1.409939,-0.083398,-2.540643,1.220061,-1.971591,0.826323
4356.429819,real,1.409939,-0.083398,-2.540643,1.220056,-1.977236,0.830880
4356.446138,real,1.409939,-0.083398,-2.540643,1.220053,-1.988655,0.839957
4356.454298,real,1.409939,-0.083398,-2.540643,1.220052,-1.991547,0.842245
4356.462449,real,1.409939,-0.083398,-2.540643,1.220052,-1.997400,0.846833
4356.470670,real,1.409939,-0.083398,-2.540642,1.220051,-2.003229,0.851461
4356.478753,real,1.409939,-0.083398,-2.540641,1.220051,-2.009063,0.856148
4356.495202,real,1.409939,-0.083398,-2.540641,1.220051,-2.020775,0.865609
4356.503577,real,1.409939,-0.083399,-2.540642,1.220048,-2.029793,0.872639
4356.511610,real,1.409939,-0.083399,-2.540642,1.220041,-2.035869,0.877337
4356.519781,real,1.409938,-0.083399,-2.540643,1.220035,-2.041899,0.882017
4356.536125,real,1.409938,-0.083399,-2.540643,1.220022,-2.053797,0.891425
4356.544535,real,1.409938,-0.083399,-2.540642,1.220019,-2.059713,0.896154
4356.552544,real,1.409938,-0.083399,-2.540641,1.220017,-2.065664,0.900851
4356.560604,real,1.409938,-0.083399,-2.540640,1.220016,-2.071663,0.905482
4356.568704,real,1.409938,-0.083399,-2.540641,1.220016,-2.077681,0.910022
4356.585078,real,1.409938,-0.083399,-2.540642,1.220014,-2.089574,0.918881
4356.593270,real,1.409939,-0.083399,-2.540642,1.220013,-2.095494,0.923258
4356.601427,real,1.409939,-0.083399,-2.540643,1.220011,-2.101464,0.927600
4356.609669,real,1.409939,-0.083399,-2.540643,1.220011,-2.107537,0.931921
4356.626190,real,1.409938,-0.083399,-2.540646,1.220010,-2.119744,0.940473
4356.634259,real,1.409939,-0.083399,-2.540645,1.220010,-2.128745,0.946623
4356.642689,real,1.409939,-0.083399,-2.540644,1.220010,-2.134712,0.950591
4356.650766,real,1.409939,-0.083399,-2.540644,1.220010,-2.140714,0.954495
4356.658898,real,1.409939,-0.083399,-2.540644,1.220010,-2.146780,0.958286
4356.675234,real,1.409939,-0.083399,-2.540645,1.220011,-2.158991,0.965615
4356.683659,real,1.409939,-0.083399,-2.540646,1.220010,-2.165058,0.969189
4356.691880,real,1.409939,-0.083399,-2.540646,1.220010,-2.171124,0.972675
4356.700143,real,1.409939,-0.083399,-2.540647,1.220010,-2.177218,0.976056
4356.708649,real,1.409940,-0.083399,-2.540648,1.220010,-2.183411,0.979301
4356.724752,real,1.409940,-0.083399,-2.540649,1.220010,-2.195891,0.985308
4356.732770,real,1.409940,-0.083399,-2.540649,1.220010,-2.202055,0.988018
4356.741044,real,1.409940,-0.083399,-2.540649,1.220010,-2.208154,0.990574
4356.749094,real,1.409940,-0.083399,-2.540650,1.220010,-2.217324,0.994153
4356.765427,real,1.409940,-0.083399,-2.540657,1.220010,-2.229721,0.998549
4356.773647,real,1.409940,-0.083399,-2.540663,1.220011,-2.235907,1.000533
4356.781755,real,1.409940,-0.083399,-2.540671,1.220012,-2.242043,1.002351
4356.789944,real,1.409939,-0.083399,-2.540681,1.220012,-2.248127,1.004004
4356.806317,real,1.409940,-0.083399,-2.540705,1.220012,-2.260260,1.006827
4356.814514,real,1.409939,-0.083400,-2.540716,1.220011,-2.266318,1.008001
4356.822635,real,1.409939,-0.083400,-2.540728,1.220011,-2.272247,1.009041
4356.830789,real,1.409939,-0.083400,-2.540744,1.220011,-2.277977,1.009931
4356.839065,real,1.409939,-0.083401,-2.540756,1.220011,-2.280738,1.010324
4356.855523,real,1.409938,-0.083403,-2.540835,1.220010,-2.291227,1.011529
4356.863555,real,1.409938,-0.083404,-2.540934,1.220010,-2.298506,1.012009
4356.871686,real,1.409937,-0.083405,-2.541023,1.220008,-2.303071,1.012095
4356.879924,real,1.409937,-0.083405,-2.541120,1.220002,-2.307380,1.012089
4356.896240,real,1.409936,-0.083409,-2.541340,1.219941,-2.315040,1.012084
4356.904702,real,1.409935,-0.083413,-2.541464,1.219873,-2.318387,1.012080
4356.912820,real,1.409934,-0.083417,-2.541596,1.219781,-2.321433,1.012078
4356.921194,real,1.409932,-0.083422,-2.541740,1.219665,-2.324179,1.012076
4356.929566,real,1.409931,-0.083426,-2.541911,1.219526,-2.326636,1.012070
4356.945918,real,1.409929,-0.083430,-2.542331,1.219238,-2.330672,1.012066
4356.954030,real,1.409929,-0.083431,-2.542557,1.219093,-2.332210,1.012064
4356.962199,real,1.409929,-0.083432,-2.542944,1.218880,-2.333991,1.012060
4356.970395,real,1.409929,-0.083432,-2.543237,1.218736,-2.334876,1.012057
4356.978650,real,1.409929,-0.083432,-2.543533,1.218590,-2.335477,1.012054
4356.994968,real,1.409929,-0.083438,-2.544210,1.218302,-2.335794,1.012046
4357.003077,real,1.409929,-0.083444,-2.544627,1.218168,-2.335728,1.012041
4357.011236,real,1.409929,-0.083449,-2.545056,1.218058,-2.335631,1.012035
4357.019587,real,1.409929,-0.083451,-2.545524,1.217955,-2.335505,1.012030
4357.035911,real,1.409929,-0.083451,-2.546588,1.217768,-2.335018,1.012014
4357.044097,real,1.409928,-0.083451,-2.547160,1.217701,-2.334649,1.012004
4357.052552,real,1.409929,-0.083451,-2.547746,1.217646,-2.334219,1.011994
4357.060972,real,1.409929,-0.083451,-2.548355,1.217596,-2.333741,1.011983
4357.068634,real,1.409929,-0.083452,-2.549008,1.217546,-2.333202,1.011970
4357.084869,real,1.409929,-0.083455,-2.550395,1.217435,-2.331886,1.011940
4357.093063,real,1.409929,-0.083456,-2.551541,1.217338,-2.330603,1.011901
4357.101141,real,1.409929,-0.083457,-2.552353,1.217279,-2.329540,1.011861
4357.109405,real,1.409929,-0.083457,-2.553204,1.217231,-2.328300,1.011802
4357.125835,real,1.409929,-0.083458,-2.555033,1.217175,-2.325394,1.011596
4357.133965,real,1.409929,-0.083459,-2.556019,1.217168,-2.323690,1.011445
4357.142145,real,1.409929,-0.083459,-2.557049,1.217166,-2.321778,1.011266
4357.150350,real,1.409929,-0.083460,-2.558136,1.217165,-2.319745,1.011052
4357.158629,real,1.409928,-0.083462,-2.559268,1.217164,-2.317608,1.010802
4357.175008,real,1.409925,-0.083466,-2.561676,1.217161,-2.312908,1.010147
4357.183122,real,1.409925,-0.083468,-2.562977,1.217158,-2.310345,1.009707
4357.191278,real,1.409924,-0.083469,-2.564327,1.217153,-2.307582,1.009188
4357.199505,real,1.409923,-0.083471,-2.565717,1.217149,-2.304655,1.008586
4357.215825,real,1.409915,-0.083474,-2.567905,1.217143,-2.299936,1.007524
4357.224044,real,1.409901,-0.083482,-2.570232,1.217139,-2.294881,1.006245
4357.232192,real,1.409889,-0.083489,-2.571849,1.217135,-2.291347,1.005234
4357.241086,real,1.409873,-0.083498,-2.573469,1.217129,-2.287705,1.004083
4357.248665,real,1.409854,-0.083511,-2.575119,1.217117,-2.284005,1.002793
4357.265017,real,1.409815,-0.083558,-2.578597,1.217049,-2.276345,0.999729
4357.273133,real,1.409796,-0.083593,-2.580362,1.217008,-2.272379,0.997970
4357.281350,real,1.409777,-0.083631,-2.582108,1.216966,-2.268316,0.996091
4357.289598,real,1.409759,-0.083670,-2.583897,1.216912,-2.264098,0.994151
4357.305965,real,1.409738,-0.083735,-2.587519,1.216845,-2.255115,0.990060
4357.314144,real,1.409733,-0.083762,-2.589325,1.216841,-2.250503,0.987918
4357.322263,real,1.409729,-0.083785,-2.591120,1.216829,-2.245887,0.985719
4357.330542,real,1.409726,-0.083819,-2.593825,1.216817,-2.238936,0.982205
4357.338608,real,1.409725,-0.083842,-2.595634,1.216813,-2.234312,0.979746
4357.355097,real,1.409716,-0.083881,-2.599205,1.216811,-2.224881,0.974592
4357.363294,real,1.409703,-0.083895,-2.600976,1.216811,-2.220079,0.971865
4357.371502,real,1.409685,-0.083910,-2.602778,1.216811,-2.215228,0.969023
4357.379645,real,1.409664,-0.083926,-2.604597,1.216811,-2.210361,0.966097
4357.396085,real,1.409617,-0.083956,-2.608168,1.216809,-2.200724,0.960168
4357.404196,real,1.409592,-0.083970,-2.609966,1.216802,-2.195895,0.957188
4357.412708,real,1.409565,-0.083982,-2.611753,1.216799,-2.191048,0.954215
4357.420656,real,1.409541,-0.083990,-2.613543,1.216792,-2.186113,0.951230
4357.428833,real,1.409513,-0.083998,-2.616222,1.216788,-2.178402,0.946809
4357.445203,real,1.409496,-0.083999,-2.619779,1.216786,-2.167786,0.940854
4357.453366,real,1.409493,-0.083999,-2.621548,1.216786,-2.162379,0.937788
4357.461642,real,1.409489,-0.083999,-2.623290,1.216784,-2.156945,0.934650
4357.469775,real,1.409484,-0.083999,-2.624989,1.216783,-2.151427,0.931461
4357.486172,real,1.409458,-0.084005,-2.628364,1.216768,-2.140072,0.924975
4357.494306,real,1.409436,-0.084014,-2.630034,1.216760,-2.134260,0.921690
4357.502407,real,1.409423,-0.084021,-2.630859,1.216755,-2.131358,0.920036
4357.510630,real,1.409395,-0.084034,-2.632496,1.216740,-2.125562,0.916745
4357.518740,real,1.409365,-0.084049,-2.634141,1.216709,-2.119750,0.913462
4357.535025,real,1.409307,-0.084076,-2.637398,1.216605,-2.107968,0.906822
4357.543302,real,1.409277,-0.084090,-2.638995,1.216519,-2.101904,0.903438
4357.551374,real,1.409229,-0.084115,-2.641399,1.216370,-2.092709,0.898284
4357.559572,real,1.409201,-0.084133,-2.642979,1.216238,-2.086551,0.894778
4357.575951,real,1.409160,-0.084164,-2.646113,1.215814,-2.074251,0.887514
4357.584033,real,1.409146,-0.084172,-2.647679,1.215537,-2.068067,0.883814
4357.592186,real,1.409132,-0.084173,-2.649217,1.215213,-2.061866,0.880075
4357.600650,real,1.409116,-0.084173,-2.650744,1.214871,-2.055689,0.876319
4357.608668,real,1.409102,-0.084173,-2.652266,1.214488,-2.049619,0.872546
4357.624870,real,1.409080,-0.084174,-2.655242,1.213504,-2.037713,0.865054
4357.633043,real,1.409069,-0.084174,-2.656711,1.212914,-2.031829,0.861265
4357.641209,real,1.409053,-0.084175,-2.658188,1.212269,-2.025902,0.857419
4357.649298,real,1.409029,-0.084176,-2.659663,1.211597,-2.019962,0.853529
4357.665662,real,1.408955,-0.084180,-2.663249,1.209782,-2.005150,0.843701
4357.673802,real,1.408922,-0.084181,-2.664675,1.208979,-1.999279,0.839741
4357.682047,real,1.408889,-0.084181,-2.666125,1.208133,-1.993429,0.835807
4357.690156,real,1.408851,-0.084182,-2.667538,1.207228,-1.987591,0.831874
4357.698362,real,1.408809,-0.084182,-2.668933,1.206278,-1.981775,0.827925
4357.714657,real,1.408726,-0.084182,-2.671755,1.204254,-1.970423,0.819980
4357.722797,real,1.408691,-0.084182,-2.673134,1.203182,-1.964912,0.815974
4357.730978,real,1.408660,-0.084181,-2.674480,1.202095,-1.959531,0.811926
4357.739143,real,1.408632,-0.084181,-2.675813,1.201012,-1.954266,0.807895
4357.755556,real,1.408588,-0.084181,-2.678473,1.198785,-1.943958,0.800060
4357.763692,real,1.408576,-0.084181,-2.679751,1.197650,-1.938995,0.796291
4357.771826,real,1.408573,-0.084181,-2.680984,1.196487,-1.934198,0.792679
4357.780090,real,1.408574,-0.084181,-2.682209,1.195330,-1.929615,0.789232
4357.796846,real,1.408574,-0.084181,-2.685163,1.192550,-1.919129,0.781344
4357.804745,real,1.408575,-0.084181,-2.685709,1.191991,-1.917181,0.779901
4357.812984,real,1.408575,-0.084181,-2.686779,1.190845,-1.913438,0.777173
4357.821050,real,1.408577,-0.084180,-2.687831,1.189650,-1.909930,0.774685
4357.829241,real,1.408579,-0.084180,-2.688846,1.188421,-1.906632,0.772446
4357.845566,real,1.408586,-0.084177,-2.690706,1.185922,-1.900799,0.768709
4357.853724,real,1.408592,-0.084177,-2.691587,1.184638,-1.898309,0.767209
4357.861880,real,1.408600,-0.084175,-2.692437,1.183329,-1.896099,0.765928
4357.870033,real,1.408610,-0.084173,-2.693234,1.182005,-1.894129,0.764865
4357.878238,real,1.408619,-0.084171,-2.693987,1.180694,-1.892429,0.764019
4357.894571,real,1.408643,-0.084170,-2.695436,1.178241,-1.889728,0.763011
4357.902633,real,1.408663,-0.084169,-2.696464,1.176535,-1.888129,0.762802
4357.910780,real,1.408674,-0.084169,-2.697088,1.175449,-1.887292,0.762807
4357.918891,real,1.408681,-0.084168,-2.697659,1.174390,-1.886622,0.762808
4357.935593,real,1.408683,-0.084167,-2.698715,1.172384,-1.885650,0.762815
4357.943679,real,1.408683,-0.084166,-2.699152,1.171450,-1.885320,0.762817
4357.951920,real,1.408684,-0.084166,-2.699514,1.170545,-1.885093,0.762819
4357.960786,real,1.408686,-0.084166,-2.699845,1.169656,-1.884973,0.762820
4357.968700,real,1.408691,-0.084166,-2.700138,1.168789,-1.884938,0.762820
4357.985036,real,1.408710,-0.084166,-2.700549,1.167050,-1.884941,0.762821
4357.993200,real,1.408718,-0.084166,-2.700696,1.166156,-1.884942,0.762821
4358.001328,real,1.408719,-0.084165,-2.700804,1.165281,-1.884947,0.762822
4358.009499,real,1.408720,-0.084164,-2.700863,1.164459,-1.884952,0.762823
4358.025737,real,1.408719,-0.084162,-2.700882,1.162696,-1.884975,0.762824
4358.033887,real,1.408719,-0.084161,-2.700878,1.162140,-1.884977,0.762824
4358.042055,real,1.408718,-0.084161,-2.700874,1.161658,-1.884982,0.762824
4358.050258,real,1.408718,-0.084160,-2.700875,1.161237,-1.884988,0.762824
4358.058371,real,1.408718,-0.084160,-2.700876,1.160879,-1.884992,0.762824
4358.074639,real,1.408717,-0.084160,-2.700875,1.160368,-1.885010,0.762824
4358.082851,real,1.408716,-0.084160,-2.700874,1.160215,-1.885032,0.762824
4358.091009,real,1.408716,-0.084160,-2.700874,1.160129,-1.885080,0.762825
4358.099146,real,1.408715,-0.084160,-2.700875,1.160102,-1.885128,0.762824
4358.115583,real,1.408716,-0.084160,-2.700875,1.160102,-1.885196,0.762825
4358.123701,real,1.408716,-0.084160,-2.700875,1.160103,-1.885214,0.762825
4358.131868,real,1.408716,-0.084160,-2.700875,1.160103,-1.885224,0.762825
4358.140885,real,1.408716,-0.084160,-2.700875,1.160103,-1.885229,0.762825
4358.148722,real,1.408716,-0.084159,-2.700875,1.160103,-1.885232,0.762825
4358.164670,real,1.408716,-0.084157,-2.700875,1.160103,-1.885235,0.762825
4358.172806,real,1.408716,-0.084157,-2.700875,1.160103,-1.885237,0.762825
4358.180997,real,1.408716,-0.084157,-2.700875,1.160103,-1.885239,0.762825
4358.189120,real,1.408716,-0.084157,-2.700875,1.160103,-1.885242,0.762825
4358.205561,real,1.408716,-0.084157,-2.700875,1.160103,-1.885246,0.762825
4358.213701,real,1.408716,-0.084157,-2.700875,1.160103,-1.885248,0.762825
4358.221833,real,1.408716,-0.084157,-2.700875,1.160103,-1.885250,0.762825
4358.230053,real,1.408716,-0.084157,-2.700874,1.160103,-1.885251,0.762825
4358.246298,real,1.408716,-0.084157,-2.700874,1.160103,-1.885253,0.762825
4358.254486,real,1.408716,-0.084157,-2.700874,1.160103,-1.885253,0.762825
4358.262692,real,1.408716,-0.084157,-2.700875,1.160103,-1.885253,0.762825
4358.270827,real,1.408716,-0.084157,-2.700875,1.160103,-1.885253,0.762825
4358.279100,real,1.408716,-0.084157,-2.700875,1.160103,-1.885254,0.762825
4358.295560,real,1.408716,-0.084157,-2.700875,1.160103,-1.885256,0.762825
4358.303600,real,1.408716,-0.084157,-2.700875,1.160103,-1.885257,0.762825
4358.311777,real,1.408716,-0.084157,-2.700875,1.160103,-1.885258,0.762825
4358.319917,real,1.408716,-0.084157,-2.700875,1.160103,-1.885259,0.762825
4358.336272,real,1.408716,-0.084157,-2.700874,1.160103,-1.885261,0.762825
4358.344920,real,1.408716,-0.084157,-2.700875,1.160105,-1.885261,0.762825
4358.352906,real,1.408716,-0.084157,-2.700875,1.160109,-1.885259,0.762827
4358.361115,real,1.408716,-0.084157,-2.700875,1.160129,-1.885255,0.762829
4358.368980,real,1.408716,-0.084155,-2.700875,1.160182,-1.885256,0.762831
4358.385289,real,1.408716,-0.084138,-2.700876,1.160355,-1.885258,0.762835
4358.393506,real,1.408716,-0.084107,-2.700878,1.160538,-1.885259,0.762835
4358.401608,real,1.408717,-0.084084,-2.700878,1.160587,-1.885259,0.762835
4358.409767,real,1.408718,-0.084065,-2.700879,1.160586,-1.885258,0.762835
4358.426053,real,1.408718,-0.084056,-2.700886,1.160583,-1.885257,0.762835
4358.434257,real,1.408719,-0.084056,-2.700892,1.160577,-1.885251,0.762835
4358.442375,real,1.408721,-0.084056,-2.700895,1.160573,-1.885240,0.762835
4358.450702,real,1.408726,-0.084056,-2.700892,1.160568,-1.885232,0.762835
4358.458861,real,1.408734,-0.084056,-2.700888,1.160559,-1.885231,0.762835
4358.475551,real,1.408738,-0.084058,-2.700877,1.160546,-1.885208,0.762834
4358.483664,real,1.408739,-0.084060,-2.700870,1.160540,-1.885161,0.762834
4358.491727,real,1.408742,-0.084062,-2.700858,1.160535,-1.885058,0.762834
4358.499962,real,1.408750,-0.084065,-2.700841,1.160509,-1.884910,0.762834
4358.508218,real,1.408760,-0.084066,-2.700822,1.160478,-1.884732,0.762834
4358.524801,real,1.408767,-0.084066,-2.700806,1.160440,-1.884324,0.762833
4358.533034,real,1.408767,-0.084065,-2.700804,1.160429,-1.884122,0.762833
4358.541115,real,1.408767,-0.084064,-2.700803,1.160414,-1.884119,0.762832
4358.549086,real,1.408767,-0.084061,-2.700799,1.160416,-1.884120,0.762831
4358.565404,real,1.408767,-0.084051,-2.700753,1.160415,-1.884133,0.762830
4358.573608,real,1.408768,-0.084039,-2.700716,1.160415,-1.884134,0.762830
4358.581674,real,1.408769,-0.084031,-2.700702,1.160414,-1.884133,0.762830
4358.589836,real,1.408771,-0.084009,-2.700688,1.160411,-1.884133,0.762829
4358.606116,real,1.408771,-0.083991,-2.700688,1.160392,-1.884133,0.762827
4358.614327,real,1.408771,-0.083996,-2.700688,1.160362,-1.884132,0.762826
4358.622487,real,1.408771,-0.083999,-2.700688,1.160316,-1.884130,0.762825
4358.630659,real,1.408771,-0.084003,-2.700686,1.160238,-1.884129,0.762823
4358.638750,real,1.408771,-0.084005,-2.700673,1.160129,-1.884125,0.762821
4358.655105,real,1.408772,-0.084005,-2.700545,1.159805,-1.884110,0.762815
4358.663277,real,1.408774,-0.084005,-2.700460,1.159650,-1.884094,0.762811
4358.671632,real,1.408780,-0.084005,-2.700351,1.159457,-1.884066,0.762805
4358.679909,real,1.408790,-0.084006,-2.700226,1.159196,-1.884009,0.762797
4358.696224,real,1.408830,-0.084007,-2.699945,1.158488,-1.883826,0.762763
4358.704273,real,1.408865,-0.084006,-2.699815,1.158110,-1.883705,0.762718
4358.712569,real,1.408909,-0.084003,-2.699693,1.157744,-1.883574,0.762636
4358.720632,real,1.408961,-0.083998,-2.699577,1.157437,-1.883438,0.762492
4358.729151,real,1.409025,-0.083993,-2.699468,1.157201,-1.883280,0.762258
4358.745102,real,1.409197,-0.083990,-2.699275,1.156931,-1.882902,0.761368
4358.753362,real,1.409306,-0.083991,-2.699180,1.156890,-1.882687,0.760655
4358.761726,real,1.409424,-0.083992,-2.699083,1.156888,-1.882460,0.759735
4358.769892,real,1.409542,-0.083995,-2.698982,1.156881,-1.882221,0.758604
4358.786204,real,1.409797,-0.084002,-2.698674,1.156840,-1.881480,0.754786
4358.794296,real,1.409880,-0.084004,-2.698523,1.156815,-1.881103,0.752777
4358.802542,real,1.409949,-0.084004,-2.698342,1.156797,-1.880657,0.750452
4358.810615,real,1.410010,-0.084005,-2.698119,1.156777,-1.880131,0.747866
4358.818784,real,1.410069,-0.084005,-2.697841,1.156759,-1.879540,0.745058
4358.835167,real,1.410187,-0.084004,-2.697207,1.156707,-1.878061,0.738831
4358.843311,real,1.410247,-0.084003,-2.696849,1.156676,-1.877068,0.735379
4358.851553,real,1.410301,-0.084003,-2.696470,1.156644,-1.875890,0.731711
4358.859626,real,1.410343,-0.084002,-2.696096,1.156599,-1.874559,0.727919
4358.875907,real,1.410393,-0.083999,-2.695322,1.156559,-1.871445,0.720054
4358.884270,real,1.410398,-0.083997,-2.694931,1.156555,-1.869710,0.716018
4358.892339,real,1.410397,-0.083995,-2.694528,1.156555,-1.867921,0.711941
4358.900679,real,1.410397,-0.083994,-2.694120,1.156555,-1.866120,0.707802
4358.908957,real,1.410397,-0.083994,-2.693679,1.156555,-1.864251,0.703581
4358.925210,real,1.410392,-0.084001,-2.692476,1.156538,-1.859442,0.692662
4358.933229,real,1.410391,-0.084004,-2.691972,1.156515,-1.857483,0.688132
4358.941709,real,1.410391,-0.084007,-2.691436,1.156479,-1.855504,0.683546
4358.949734,real,1.410390,-0.084009,-2.690864,1.156433,-1.853585,0.678907
4358.966077,real,1.410390,-0.084009,-2.689602,1.156322,-1.849853,0.669457
4358.974667,real,1.410390,-0.084008,-2.688893,1.156278,-1.848016,0.664645
4358.982889,real,1.410390,-0.084007,-2.688122,1.156229,-1.846175,0.659763
4358.991274,real,1.410390,-0.084007,-2.687719,1.156209,-1.845249,0.657278
4358.999234,real,1.410391,-0.084007,-2.686487,1.156166,-1.842434,0.649701
4359.015686,real,1.410392,-0.084004,-2.684792,1.156145,-1.838735,0.639389
4359.023751,real,1.410392,-0.084003,-2.683912,1.156144,-1.836880,0.634200
4359.032127,real,1.410392,-0.084001,-2.683041,1.156144,-1.835047,0.628972
4359.040680,real,1.410392,-0.083999,-2.682160,1.156145,-1.833225,0.623661
4359.048736,real,1.410391,-0.083999,-2.681247,1.156145,-1.831368,0.618289
4359.065280,real,1.410391,-0.084000,-2.679271,1.156145,-1.827621,0.607337
4359.073372,real,1.410391,-0.084001,-2.678230,1.156145,-1.825735,0.601805
4359.081557,real,1.410390,-0.084003,-2.677165,1.156145,-1.823834,0.596235
4359.089772,real,1.410390,-0.084004,-2.676048,1.156144,-1.821964,0.590603
4359.106123,real,1.410390,-0.084005,-2.673662,1.156144,-1.818317,0.579134
4359.114227,real,1.410390,-0.084005,-2.671798,1.156144,-1.815636,0.570303
4359.122418,real,1.410391,-0.084004,-2.670508,1.156144,-1.813836,0.564336
4359.130541,real,1.410391,-0.084004,-2.669177,1.156144,-1.811974,0.558341
4359.138719,real,1.410391,-0.084002,-2.667815,1.156145,-1.810039,0.552324
4359.155013,real,1.410391,-0.084001,-2.665081,1.156147,-1.806114,0.540049
4359.163111,real,1.410391,-0.084001,-2.663737,1.156147,-1.804105,0.533805
4359.171291,real,1.410392,-0.084001,-2.662394,1.156149,-1.802090,0.527511
4359.179440,real,1.410391,-0.084000,-2.661028,1.156149,-1.800049,0.521200
4359.195765,real,1.410391,-0.084000,-2.658331,1.156151,-1.795823,0.508457
4359.203931,real,1.410390,-0.084000,-2.657000,1.156153,-1.793679,0.501983
4359.212035,real,1.410390,-0.084000,-2.656327,1.156153,-1.792601,0.498712
4359.220205,real,1.410390,-0.084000,-2.654238,1.156155,-1.789394,0.488801
4359.228370,real,1.410390,-0.084001,-2.652814,1.156157,-1.787282,0.482136
4359.244767,real,1.410390,-0.084001,-2.649966,1.156158,-1.783060,0.468726
4359.252965,real,1.410390,-0.084001,-2.648523,1.156158,-1.781008,0.461943
4359.261281,real,1.410390,-0.084001,-2.647043,1.156158,-1.778933,0.455117
4359.269427,real,1.410390,-0.084001,-2.645571,1.156158,-1.776922,0.448262
4359.285662,real,1.410391,-0.084000,-2.642735,1.156161,-1.773050,0.434545
4359.293779,real,1.410391,-0.083999,-2.641290,1.156164,-1.771149,0.427655
4359.301945,real,1.410391,-0.083998,-2.639828,1.156165,-1.769306,0.420725
4359.310070,real,1.410391,-0.083996,-2.638393,1.156169,-1.767493,0.413777
4359.318236,real,1.410391,-0.083996,-2.636996,1.156172,-1.765687,0.406812
4359.334654,real,1.410391,-0.083996,-2.633514,1.156176,-1.761373,0.389472
4359.342678,real,1.410390,-0.083996,-2.632167,1.156177,-1.759706,0.382513
4359.350858,real,1.410390,-0.083996,-2.630862,1.156179,-1.758130,0.375540
4359.359039,real,1.410389,-0.083996,-2.629571,1.156184,-1.756622,0.368580
4359.375371,real,1.410389,-0.083996,-2.627005,1.156189,-1.753730,0.354673
4359.383582,real,1.410389,-0.083996,-2.625742,1.156191,-1.752322,0.347682
4359.391745,real,1.410389,-0.083996,-2.624474,1.156193,-1.750958,0.340649
4359.399875,real,1.410390,-0.083996,-2.623208,1.156194,-1.749609,0.333587
4359.416275,real,1.410390,-0.083997,-2.620684,1.156196,-1.746881,0.319472
4359.424475,real,1.410390,-0.083997,-2.619476,1.156197,-1.745545,0.312407
4359.432582,real,1.410390,-0.083996,-2.618304,1.156199,-1.744271,0.305327
4359.440720,real,1.410390,-0.083995,-2.617129,1.156206,-1.743041,0.298222
4359.449300,real,1.410390,-0.083993,-2.615375,1.156222,-1.741260,0.287536
4359.465327,real,1.410390,-0.083990,-2.613160,1.156277,-1.738981,0.273196
4359.473410,real,1.410390,-0.083990,-2.612055,1.156332,-1.737924,0.265974
4359.481628,real,1.410390,-0.083990,-2.610945,1.156388,-1.736905,0.258742
4359.489729,real,1.410390,-0.083990,-2.609857,1.156429,-1.735908,0.251508
4359.506009,real,1.410390,-0.083990,-2.607757,1.156469,-1.733927,0.237226
4359.514094,real,1.410390,-0.083990,-2.606731,1.156478,-1.732961,0.230147
4359.522355,real,1.410390,-0.083990,-2.605718,1.156480,-1.732060,0.223118
4359.530504,real,1.410390,-0.083990,-2.605215,1.156481,-1.731629,0.219623
4359.538635,real,1.410390,-0.083990,-2.604234,1.156482,-1.730787,0.212682
4359.555013,real,1.410390,-0.083990,-2.602324,1.156492,-1.729207,0.198921
4359.563227,real,1.410390,-0.083990,-2.601403,1.156492,-1.728411,0.192094
4359.571607,real,1.410390,-0.083990,-2.600504,1.156494,-1.727641,0.185268
4359.579588,real,1.410390,-0.083990,-2.599205,1.156496,-1.726553,0.175070
4359.595897,real,1.410390,-0.083990,-2.597585,1.156500,-1.725243,0.161729
4359.604132,real,1.410390,-0.083990,-2.596813,1.156505,-1.724648,0.155131
4359.612290,real,1.410390,-0.083989,-2.596074,1.156515,-1.724098,0.148575
4359.620534,real,1.410390,-0.083989,-2.595350,1.156530,-1.723578,0.142025
4359.628617,real,1.410390,-0.083989,-2.594644,1.156551,-1.723086,0.135493
4359.645338,real,1.410390,-0.083989,-2.593299,1.156610,-1.722092,0.122406
4359.653501,real,1.410390,-0.083989,-2.592669,1.156640,-1.721616,0.115856
4359.661531,real,1.410390,-0.083989,-2.592068,1.156675,-1.721147,0.109269
4359.669642,real,1.410390,-0.083989,-2.591478,1.156700,-1.720695,0.102670
4359.685983,real,1.410390,-0.083989,-2.590364,1.156738,-1.719855,0.089588
4359.694120,real,1.410390,-0.083989,-2.589843,1.156757,-1.719456,0.083154
4359.702275,real,1.410390,-0.083989,-2.589335,1.156776,-1.719060,0.076781
4359.710485,real,1.410390,-0.083989,-2.588821,1.156796,-1.718679,0.070465
4359.718603,real,1.410390,-0.083989,-2.588095,1.156852,-1.718093,0.061028
4359.735054,real,1.410390,-0.083989,-2.587151,1.156933,-1.717347,0.048491
4359.743202,real,1.410390,-0.083989,-2.586692,1.156984,-1.717005,0.042234
4359.751364,real,1.410390,-0.083989,-2.586261,1.157037,-1.716696,0.035990
4359.759576,real,1.410390,-0.083989,-2.585834,1.157098,-1.716437,0.029749
4359.775882,real,1.410389,-0.083989,-2.584980,1.157224,-1.716032,0.017326
4359.784113,real,1.410389,-0.083989,-2.584567,1.157296,-1.715912,0.011248
4359.792297,real,1.410389,-0.083988,-2.584175,1.157363,-1.715846,0.005255
4359.800604,real,1.410389,-0.083988,-2.583778,1.157432,-1.715827,-0.000647
4359.808886,real,1.410389,-0.083989,-2.583383,1.157493,-1.715827,-0.006473
4359.825633,real,1.410389,-0.083988,-2.582617,1.157560,-1.715828,-0.017974
4359.833346,real,1.410388,-0.083988,-2.582259,1.157566,-1.715829,-0.023663
4359.841604,real,1.410388,-0.083989,-2.581743,1.157571,-1.715829,-0.032198
4359.849686,real,1.410389,-0.083989,-2.581399,1.157573,-1.715828,-0.037874
4359.866019,real,1.410388,-0.083989,-2.580759,1.157575,-1.715829,-0.049188
4359.874241,real,1.410388,-0.083989,-2.580444,1.157575,-1.715830,-0.054813
4359.882544,real,1.410388,-0.083989,-2.580146,1.157575,-1.715831,-0.060373
4359.890640,real,1.410387,-0.083989,-2.579852,1.157575,-1.715831,-0.065813
4359.898790,real,1.410387,-0.083989,-2.579547,1.157577,-1.715831,-0.071160
4359.915248,real,1.410387,-0.083989,-2.578971,1.157578,-1.715831,-0.081599
4359.923512,real,1.410387,-0.083989,-2.578692,1.157578,-1.715831,-0.086693
4359.931573,real,1.410387,-0.083989,-2.578415,1.157578,-1.715833,-0.091718
4359.939786,real,1.410386,-0.083989,-2.578159,1.157579,-1.715834,-0.096646
4359.956244,real,1.410385,-0.083989,-2.577655,1.157580,-1.715835,-0.106319
4359.964384,real,1.410385,-0.083988,-2.577394,1.157581,-1.715837,-0.111058
4359.972696,real,1.410384,-0.083989,-2.577043,1.157584,-1.715843,-0.118016
4359.980711,real,1.410382,-0.083988,-2.576805,1.157584,-1.715849,-0.122534
4359.988975,real,1.410377,-0.083989,-2.576554,1.157585,-1.715864,-0.126934
4360.005888,real,1.410368,-0.083988,-2.576114,1.157585,-1.715921,-0.135329
4360.014015,real,1.410365,-0.083988,-2.575913,1.157585,-1.715961,-0.139225
4360.022206,real,1.410362,-0.083989,-2.575708,1.157585,-1.716011,-0.142899
4360.030336,real,1.410359,-0.083988,-2.575516,1.157585,-1.716074,-0.146365
4360.038638,real,1.410356,-0.083989,-2.575356,1.157585,-1.716144,-0.149660
4360.055091,real,1.410353,-0.083988,-2.575081,1.157585,-1.716278,-0.155676
4360.063097,real,1.410352,-0.083989,-2.574959,1.157584,-1.716341,-0.158384
4360.071258,real,1.410351,-0.083989,-2.574867,1.157583,-1.716393,-0.160915
4360.079608,real,1.410351,-0.083989,-2.574796,1.157581,-1.716430,-0.163279
4360.095841,real,1.410351,-0.083989,-2.574676,1.157577,-1.716477,-0.167565
4360.104018,real,1.410351,-0.083990,-2.574644,1.157574,-1.716489,-0.169446
4360.112143,real,1.410351,-0.083990,-2.574636,1.157567,-1.716492,-0.172001
4360.120338,real,1.410351,-0.083990,-2.574636,1.157566,-1.716492,-0.172788
4360.128614,real,1.410350,-0.083991,-2.574636,1.157561,-1.716492,-0.174281
4360.144799,real,1.410350,-0.083992,-2.574639,1.157555,-1.716492,-0.176834
4360.152948,real,1.410350,-0.083992,-2.574640,1.157555,-1.716492,-0.177941
4360.161074,real,1.410348,-0.083992,-2.574639,1.157553,-1.716492,-0.178956
4360.169503,real,1.410344,-0.083992,-2.574639,1.157554,-1.716492,-0.179875
4360.185675,real,1.410341,-0.083991,-2.574639,1.157554,-1.716492,-0.181374
4360.193678,real,1.410341,-0.083991,-2.574639,1.157554,-1.716492,-0.181968
4360.201794,real,1.410341,-0.083990,-2.574639,1.157554,-1.716491,-0.182457
4360.209966,real,1.410341,-0.083990,-2.574638,1.157554,-1.716490,-0.182846
4360.226242,real,1.410342,-0.083991,-2.574639,1.157553,-1.716487,-0.183299
4360.234354,real,1.410342,-0.083991,-2.574641,1.157550,-1.716487,-0.183298
4360.242602,real,1.410342,-0.083991,-2.574643,1.157547,-1.716485,-0.183298
4360.250723,real,1.410342,-0.083992,-2.574643,1.157543,-1.716484,-0.183296
4360.258871,real,1.410342,-0.083992,-2.574642,1.157540,-1.716481,-0.183295
4360.275215,real,1.410343,-0.083993,-2.574642,1.157538,-1.716468,-0.183293
4360.283250,real,1.410343,-0.083993,-2.574642,1.157538,-1.716462,-0.183293
4360.291503,real,1.410343,-0.083993,-2.574642,1.157538,-1.716459,-0.183292
4360.299614,real,1.410343,-0.083993,-2.574642,1.157538,-1.716458,-0.183292
4360.315926,real,1.410343,-0.083993,-2.574642,1.157538,-1.716457,-0.183291
4360.324139,real,1.410343,-0.083993,-2.574643,1.157538,-1.716458,-0.183289
4360.332231,real,1.410343,-0.083993,-2.574645,1.157539,-1.716458,-0.183288
4360.340434,real,1.410343,-0.083992,-2.574645,1.157541,-1.716459,-0.183286
4360.348608,real,1.410343,-0.083991,-2.574645,1.157543,-1.716460,-0.183285
4360.364895,real,1.410343,-0.083990,-2.574644,1.157544,-1.716461,-0.183282
4360.373052,real,1.410343,-0.083990,-2.574644,1.157544,-1.716462,-0.183282
4360.381431,real,1.410343,-0.083989,-2.574644,1.157547,-1.716462,-0.183281
4360.389469,real,1.410343,-0.083990,-2.574645,1.157546,-1.716462,-0.183280
4360.405770,real,1.410343,-0.083990,-2.574645,1.157546,-1.716462,-0.183279
4360.413926,real,1.410343,-0.083991,-2.574645,1.157545,-1.716461,-0.183278
4360.422132,real,1.410343,-0.083991,-2.574645,1.157544,-1.716461,-0.183277
4360.430219,real,1.410343,-0.083992,-2.574645,1.157544,-1.716461,-0.183276
4360.438385,real,1.410343,-0.083992,-2.574644,1.157544,-1.716461,-0.183275
4360.454917,real,1.410343,-0.083992,-2.574643,1.157543,-1.716461,-0.183274
4360.463012,real,1.410343,-0.083992,-2.574643,1.157543,-1.716461,-0.183273
4360.471227,real,1.410343,-0.083992,-2.574643,1.157542,-1.716460,-0.183272
4360.479340,real,1.410343,-0.083992,-2.574644,1.157541,-1.716461,-0.183270
4360.495658,real,1.410343,-0.083992,-2.574645,1.157541,-1.716460,-0.183268
4360.503902,real,1.410343,-0.083992,-2.574645,1.157542,-1.716460,-0.183266
4360.512019,real,1.410343,-0.083992,-2.574644,1.157542,-1.716460,-0.183264
4360.520188,real,1.410343,-0.083991,-2.574643,1.157542,-1.716460,-0.183263
4360.528354,real,1.410343,-0.083991,-2.574643,1.157542,-1.716460,-0.183261
4360.544749,real,1.410343,-0.083991,-2.574642,1.157543,-1.716460,-0.183259
4360.552989,real,1.410343,-0.083991,-2.574642,1.157543,-1.716461,-0.183257
4360.561480,real,1.410343,-0.083991,-2.574642,1.157543,-1.716461,-0.183256
4360.569611,real,1.410343,-0.083992,-2.574643,1.157543,-1.716460,-0.183255
4360.585725,real,1.410343,-0.083992,-2.574645,1.157543,-1.716461,-0.183252
4360.593980,real,1.410343,-0.083992,-2.574644,1.157542,-1.716461,-0.183251
4360.602124,real,1.410343,-0.083992,-2.574643,1.157542,-1.716460,-0.183251
4360.610449,real,1.410343,-0.083992,-2.574643,1.157542,-1.716460,-0.183250
4360.618571,real,1.410343,-0.083992,-2.574643,1.157542,-1.716460,-0.183250
4360.634942,real,1.410343,-0.083992,-2.574643,1.157542,-1.716460,-0.183248
4360.643101,real,1.410343,-0.083992,-2.574643,1.157542,-1.716461,-0.183247
4360.651228,real,1.410342,-0.083992,-2.574643,1.157542,-1.716461,-0.183246
4360.659504,real,1.410343,-0.083992,-2.574644,1.157542,-1.716461,-0.183246
4360.675862,real,1.410343,-0.083992,-2.574646,1.157542,-1.716461,-0.183245
4360.683969,real,1.410343,-0.083992,-2.574646,1.157542,-1.716461,-0.183244
4360.692230,real,1.410343,-0.083992,-2.574645,1.157542,-1.716462,-0.183243
4360.700351,real,1.410343,-0.083992,-2.574644,1.157542,-1.716462,-0.183242
4360.708644,real,1.410343,-0.083992,-2.574643,1.157542,-1.716462,-0.183242
4360.725085,real,1.410343,-0.083992,-2.574643,1.157542,-1.716462,-0.183240
4360.733578,real,1.410342,-0.083992,-2.574644,1.157542,-1.716462,-0.183240
4360.741717,real,1.410342,-0.083992,-2.574644,1.157541,-1.716462,-0.183238
4360.749662,real,1.410342,-0.083992,-2.574644,1.157541,-1.716462,-0.183237
4360.765955,real,1.410343,-0.083993,-2.574644,1.157541,-1.716462,-0.183235
4360.774205,real,1.410342,-0.083993,-2.574644,1.157541,-1.716461,-0.183234
4360.782401,real,1.410343,-0.083993,-2.574644,1.157541,-1.716461,-0.183233
4360.790623,real,1.410343,-0.083993,-2.574644,1.157541,-1.716461,-0.183232
4360.798718,real,1.410342,-0.083992,-2.574644,1.157541,-1.716461,-0.183231
4360.815073,real,1.410343,-0.083992,-2.574644,1.157542,-1.716461,-0.183226
4360.823259,real,1.410342,-0.083992,-2.574645,1.157542,-1.716462,-0.183224
4360.831532,real,1.410343,-0.083992,-2.574646,1.157542,-1.716462,-0.183222
4360.839713,real,1.410343,-0.083992,-2.574646,1.157542,-1.716462,-0.183220
4360.855950,real,1.410343,-0.083992,-2.574646,1.157542,-1.716461,-0.183215
4360.864109,real,1.410343,-0.083992,-2.574646,1.157542,-1.716462,-0.183213
4360.872313,real,1.410342,-0.083992,-2.574647,1.157542,-1.716462,-0.183210
4360.880360,real,1.410342,-0.083992,-2.574646,1.157542,-1.716462,-0.183207
4360.888624,real,1.410342,-0.083992,-2.574645,1.157542,-1.716462,-0.183206
4360.904882,real,1.410343,-0.083993,-2.574645,1.157542,-1.716462,-0.183203
4360.913019,real,1.410343,-0.083992,-2.574646,1.157542,-1.716462,-0.183202
4360.921223,real,1.410343,-0.083993,-2.574647,1.157542,-1.716462,-0.183201
4360.929579,real,1.410342,-0.083993,-2.574647,1.157542,-1.716464,-0.183199
4360.945744,real,1.410342,-0.083993,-2.574647,1.157542,-1.716466,-0.183195
4360.953841,real,1.410342,-0.083993,-2.574647,1.157542,-1.716467,-0.183193
4360.962058,real,1.410342,-0.083993,-2.574647,1.157542,-1.716469,-0.183192
4360.970122,real,1.410342,-0.083993,-2.574647,1.157542,-1.716472,-0.183189
4360.978542,real,1.410341,-0.083992,-2.574647,1.157543,-1.716479,-0.183185
4360.994775,real,1.410338,-0.083992,-2.574647,1.157543,-1.716488,-0.183178
4361.002915,real,1.410335,-0.083992,-2.574647,1.157543,-1.716493,-0.183176
4361.011099,real,1.410331,-0.083993,-2.574647,1.157542,-1.716496,-0.183173
4361.019656,real,1.410331,-0.083992,-2.574647,1.157542,-1.716498,-0.183172
4361.036233,real,1.410327,-0.083993,-2.574650,1.157541,-1.716536,-0.183160
4361.044597,real,1.410323,-0.083993,-2.574650,1.157541,-1.716574,-0.183153
4361.052635,real,1.410319,-0.083993,-2.574650,1.157541,-1.716627,-0.183144
4361.060812,real,1.410318,-0.083993,-2.574650,1.157541,-1.716703,-0.183134
4361.068953,real,1.410318,-0.083993,-2.574650,1.157541,-1.716797,-0.183125
4361.085813,real,1.410317,-0.083993,-2.574651,1.157541,-1.717069,-0.183105
4361.093847,real,1.410317,-0.083993,-2.574652,1.157541,-1.717245,-0.183093
4361.101815,real,1.410316,-0.083993,-2.574654,1.157542,-1.717459,-0.183079
4361.109960,real,1.410314,-0.083993,-2.574657,1.157541,-1.717685,-0.183068
4361.118308,real,1.410312,-0.083993,-2.574658,1.157542,-1.717915,-0.183057
4361.134827,real,1.410300,-0.083993,-2.574658,1.157541,-1.718543,-0.183021
4361.143264,real,1.410296,-0.083993,-2.574658,1.157541,-1.718831,-0.183009
4361.151346,real,1.410291,-0.083993,-2.574659,1.157541,-1.719147,-0.182997
4361.159594,real,1.410286,-0.083993,-2.574659,1.157541,-1.719495,-0.182987
4361.175908,real,1.410278,-0.083993,-2.574661,1.157541,-1.720403,-0.182963
4361.183996,real,1.410274,-0.083993,-2.574665,1.157541,-1.720960,-0.182950
4361.192248,real,1.410270,-0.083994,-2.574671,1.157541,-1.721577,-0.182934
4361.200360,real,1.410266,-0.083994,-2.574676,1.157541,-1.722219,-0.182921
4361.208615,real,1.410264,-0.083994,-2.574678,1.157540,-1.722891,-0.182911
4361.225045,real,1.410263,-0.083995,-2.574681,1.157540,-1.724478,-0.182893
4361.233137,real,1.410260,-0.083995,-2.574685,1.157543,-1.725485,-0.182869
4361.241283,real,1.410254,-0.083994,-2.574696,1.157542,-1.726679,-0.182829
4361.249644,real,1.410242,-0.083995,-2.574709,1.157541,-1.728023,-0.182787
4361.265795,real,1.410219,-0.083995,-2.574725,1.157540,-1.731031,-0.182728
4361.273890,real,1.410214,-0.083995,-2.574748,1.157539,-1.733529,-0.182695
4361.282081,real,1.410211,-0.083995,-2.574778,1.157538,-1.735263,-0.182678
4361.290222,real,1.410206,-0.083996,-2.574820,1.157535,-1.737048,-0.182666
4361.298395,real,1.410199,-0.083997,-2.574872,1.157530,-1.738947,-0.182658
4361.314683,real,1.410195,-0.084000,-2.575025,1.157504,-1.743060,-0.182651
4361.322814,real,1.410194,-0.084002,-2.575126,1.157464,-1.745282,-0.182650
4361.331039,real,1.410193,-0.084004,-2.575234,1.157381,-1.747638,-0.182649
4361.339310,real,1.410193,-0.084005,-2.575348,1.157246,-1.750073,-0.182648
4361.355890,real,1.410193,-0.084014,-2.575604,1.156891,-1.755146,-0.182647
4361.363921,real,1.410193,-0.084021,-2.575743,1.156674,-1.757765,-0.182647
4361.372077,real,1.410193,-0.084029,-2.575890,1.156423,-1.760459,-0.182647
4361.380274,real,1.410193,-0.084037,-2.576054,1.156153,-1.763174,-0.182647
4361.388474,real,1.410193,-0.084043,-2.576242,1.155866,-1.765913,-0.182648
4361.404846,real,1.410194,-0.084045,-2.576802,1.155087,-1.772653,-0.182648
4361.413045,real,1.410194,-0.084044,-2.577057,1.154714,-1.775311,-0.182648
4361.421133,real,1.410194,-0.084044,-2.577346,1.154308,-1.777979,-0.182648
4361.429693,real,1.410194,-0.084044,-2.577666,1.153836,-1.780638,-0.182649
4361.445885,real,1.410195,-0.084045,-2.578400,1.152632,-1.785892,-0.182649
4361.454085,real,1.410195,-0.084046,-2.578625,1.152266,-1.787217,-0.182649
4361.462265,real,1.410195,-0.084047,-2.579114,1.151446,-1.789885,-0.182650
4361.470380,real,1.410195,-0.084050,-2.579653,1.150498,-1.792634,-0.182649
4361.478604,real,1.410195,-0.084053,-2.580244,1.149457,-1.795426,-0.182650
4361.494891,real,1.410195,-0.084058,-2.581597,1.147121,-1.801081,-0.182650
4361.502965,real,1.410194,-0.084058,-2.582360,1.145810,-1.803906,-0.182650
4361.511138,real,1.410194,-0.084059,-2.583618,1.143591,-1.808179,-0.182650
4361.519304,real,1.410194,-0.084059,-2.584529,1.141914,-1.811036,-0.182650
4361.535728,real,1.410194,-0.084061,-2.586514,1.138182,-1.816710,-0.182651
4361.543936,real,1.410194,-0.084062,-2.587602,1.136101,-1.819600,-0.182651
4361.552071,real,1.410194,-0.084063,-2.588778,1.133893,-1.822552,-0.182651
4361.560256,real,1.410194,-0.084063,-2.590025,1.131604,-1.825616,-0.182651
4361.568350,real,1.410194,-0.084063,-2.591323,1.129246,-1.828739,-0.182651
4361.584684,real,1.410194,-0.084063,-2.594110,1.124261,-1.835258,-0.182651
4361.592915,real,1.410194,-0.084063,-2.595616,1.121653,-1.838673,-0.182651
4361.600992,real,1.410193,-0.084063,-2.597170,1.118959,-1.842137,-0.182652
4361.609185,real,1.410194,-0.084063,-2.598765,1.116217,-1.845622,-0.182652
4361.625633,real,1.410194,-0.084066,-2.602133,1.110631,-1.852643,-0.182652
4361.633693,real,1.410194,-0.084070,-2.604904,1.106357,-1.857998,-0.182652
4361.641809,real,1.410194,-0.084070,-2.606776,1.103432,-1.861579,-0.182652
4361.649962,real,1.410194,-0.084070,-2.608684,1.100464,-1.865228,-0.182652
4361.666345,real,1.410194,-0.084070,-2.612644,1.094405,-1.872834,-0.182652
4361.674618,real,1.410194,-0.084070,-2.614663,1.091359,-1.876747,-0.182652
4361.682808,real,1.410194,-0.084070,-2.616657,1.088287,-1.880619,-0.182652
4361.690912,real,1.410194,-0.084069,-2.618644,1.085209,-1.884466,-0.182652
4361.699084,real,1.410194,-0.084069,-2.620663,1.082152,-1.888291,-0.182652
4361.715577,real,1.410194,-0.084068,-2.624746,1.076189,-1.895729,-0.182652
4361.723579,real,1.410194,-0.084068,-2.626766,1.073292,-1.899375,-0.182652
4361.731767,real,1.410193,-0.084068,-2.628785,1.070479,-1.903034,-0.182652
4361.739880,real,1.410193,-0.084068,-2.630807,1.067741,-1.906698,-0.182652
4361.756222,real,1.410193,-0.084068,-2.634779,1.062375,-1.914104,-0.182653
4361.764579,real,1.410193,-0.084069,-2.636746,1.059695,-1.917848,-0.182653
4361.772601,real,1.410192,-0.084069,-2.638695,1.056995,-1.921583,-0.182653
4361.780754,real,1.410192,-0.084069,-2.640638,1.054287,-1.925271,-0.182653
4361.788971,real,1.410192,-0.084069,-2.642551,1.051582,-1.928937,-0.182653
4361.805347,real,1.410192,-0.084068,-2.646230,1.046137,-1.936199,-0.182654
4361.813755,real,1.410192,-0.084067,-2.648005,1.043423,-1.939786,-0.182654
4361.821632,real,1.410192,-0.084065,-2.649728,1.040708,-1.943386,-0.182654
4361.829847,real,1.410193,-0.084064,-2.651423,1.038082,-1.947036,-0.182654
4361.846150,real,1.410193,-0.084063,-2.654661,1.033119,-1.954368,-0.182655
4361.854232,real,1.410193,-0.084063,-2.656215,1.030781,-1.957937,-0.182656
4361.862409,real,1.410192,-0.084064,-2.657747,1.028506,-1.961451,-0.182656
4361.870587,real,1.410192,-0.084064,-2.659257,1.026247,-1.964881,-0.182656
4361.878759,real,1.410192,-0.084064,-2.661437,1.022892,-1.969828,-0.182657
4361.895090,real,1.410192,-0.084064,-2.664148,1.018498,-1.976125,-0.182657
4361.903158,real,1.410192,-0.084064,-2.665476,1.016315,-1.979234,-0.182657
4361.911510,real,1.410192,-0.084064,-2.666752,1.014145,-1.982311,-0.182658
4361.919640,real,1.410192,-0.084064,-2.667951,1.011983,-1.985357,-0.182658
4361.935911,real,1.410192,-0.084064,-2.670209,1.007626,-1.991408,-0.182659
4361.944265,real,1.410192,-0.084064,-2.671308,1.005473,-1.994451,-0.182659
4361.952570,real,1.410192,-0.084063,-2.672340,1.003363,-1.997460,-0.182659
4361.960733,real,1.410193,-0.084063,-2.673286,1.001289,-2.000420,-0.182660
4361.968964,real,1.410193,-0.084063,-2.674189,0.999280,-2.003311,-0.182660
4361.985697,real,1.410193,-0.084061,-2.676314,0.994485,-2.010517,-0.182660
4361.993622,real,1.410193,-0.084061,-2.677044,0.992675,-2.013390,-0.182661
4362.001638,real,1.410193,-0.084061,-2.677708,0.990952,-2.016234,-0.182661
4362.009765,real,1.410193,-0.084062,-2.678326,0.989256,-2.019114,-0.182661
4362.026601,real,1.410192,-0.084062,-2.679380,0.985858,-2.025014,-0.182662
4362.034789,real,1.410192,-0.084062,-2.679764,0.984190,-2.028025,-0.182663
4362.042953,real,1.410192,-0.084062,-2.680064,0.982521,-2.031053,-0.182663
4362.051131,real,1.410191,-0.084062,-2.680288,0.980824,-2.034048,-0.182663
4362.059193,real,1.410191,-0.084062,-2.680367,0.979966,-2.035533,-0.182663
4362.075522,real,1.410191,-0.084062,-2.680433,0.976587,-2.041329,-0.182663
4362.083630,real,1.410191,-0.084061,-2.680359,0.974133,-2.045502,-0.182664
4362.091723,real,1.410191,-0.084059,-2.680257,0.972533,-2.048141,-0.182664
4362.099978,real,1.410191,-0.084056,-2.680102,0.970940,-2.050734,-0.182664
4362.116555,real,1.410190,-0.084050,-2.679735,0.967879,-2.055822,-0.182666
4362.124416,real,1.410190,-0.084048,-2.679488,0.966437,-2.058356,-0.182666
4362.132700,real,1.410189,-0.084048,-2.679165,0.965027,-2.060832,-0.182667
4362.140801,real,1.410186,-0.084049,-2.678804,0.963631,-2.063298,-0.182668
4362.148987,real,1.410179,-0.084049,-2.678423,0.962301,-2.065753,-0.182668
4362.165641,real,1.410155,-0.084050,-2.677462,0.959941,-2.070652,-0.182670
4362.173656,real,1.410141,-0.084050,-2.676891,0.958900,-2.073088,-0.182670
4362.181992,real,1.410127,-0.084049,-2.676272,0.957941,-2.075502,-0.182671
4362.189719,real,1.410114,-0.084049,-2.675594,0.957054,-2.077863,-0.182672
4362.206012,real,1.410096,-0.084047,-2.673964,0.955608,-2.082368,-0.182675
4362.214239,real,1.410095,-0.084043,-2.672518,0.954861,-2.085591,-0.182677
4362.222471,real,1.410096,-0.084038,-2.671458,0.954526,-2.087676,-0.182679
4362.230590,real,1.410096,-0.084033,-2.670319,0.954340,-2.089700,-0.182680
4362.238771,real,1.410096,-0.084029,-2.669124,0.954299,-2.091598,-0.182682
4362.255129,real,1.410095,-0.084018,-2.666535,0.954320,-2.095111,-0.182684
4362.263287,real,1.410095,-0.084006,-2.665137,0.954342,-2.096748,-0.182685
4362.271595,real,1.410095,-0.083990,-2.663688,0.954382,-2.098267,-0.182685
4362.279604,real,1.410095,-0.083973,-2.662167,0.954424,-2.099707,-0.182686
4362.295989,real,1.410094,-0.083943,-2.658795,0.954511,-2.102375,-0.182688
4362.304157,real,1.410093,-0.083940,-2.656973,0.954557,-2.103558,-0.182689
4362.312359,real,1.410093,-0.083940,-2.655062,0.954595,-2.104593,-0.182690
4362.320615,real,1.410093,-0.083940,-2.653046,0.954629,-2.105494,-0.182691
4362.328794,real,1.410093,-0.083940,-2.650938,0.954667,-2.106255,-0.182692
4362.345766,real,1.410094,-0.083940,-2.645386,0.954790,-2.107468,-0.182694
4362.353646,real,1.410095,-0.083939,-2.643067,0.954877,-2.107674,-0.182695
4362.361926,real,1.410095,-0.083937,-2.640693,0.954982,-2.107721,-0.182696
4362.370066,real,1.410095,-0.083931,-2.638270,0.955103,-2.107713,-0.182697
4362.386393,real,1.410097,-0.083914,-2.633319,0.955396,-2.107684,-0.182698
4362.394568,real,1.410097,-0.083905,-2.630840,0.955544,-2.107652,-0.182698
4362.402758,real,1.410097,-0.083895,-2.628350,0.955677,-2.107615,-0.182699
4362.410909,real,1.410097,-0.083884,-2.625805,0.955810,-2.107567,-0.182700
4362.419110,real,1.410097,-0.083873,-2.623160,0.955950,-2.107503,-0.182700
4362.435654,real,1.410098,-0.083854,-2.619006,0.956145,-2.107359,-0.182701
4362.443711,real,1.410098,-0.083845,-2.616196,0.956245,-2.107242,-0.182702
4362.451882,real,1.410098,-0.083844,-2.613354,0.956323,-2.107107,-0.182702
4362.460092,real,1.410099,-0.083844,-2.608989,0.956392,-2.106858,-0.182703
4362.468274,real,1.410099,-0.083845,-2.606033,0.956403,-2.106669,-0.182704
4362.484695,real,1.410100,-0.083845,-2.600183,0.956403,-2.106255,-0.182705
4362.492848,real,1.410101,-0.083844,-2.597301,0.956403,-2.106018,-0.182706
4362.501062,real,1.410103,-0.083843,-2.594415,0.956405,-2.105739,-0.182706
4362.509213,real,1.410103,-0.083839,-2.591459,0.956413,-2.105412,-0.182708
4362.525787,real,1.410103,-0.083804,-2.585307,0.956463,-2.104603,-0.182710
4362.533851,real,1.410104,-0.083772,-2.582192,0.956494,-2.104111,-0.182710
4362.541973,real,1.410104,-0.083736,-2.579113,0.956525,-2.103555,-0.182711
4362.550212,real,1.410104,-0.083705,-2.576018,0.956547,-2.102921,-0.182711
4362.558326,real,1.410103,-0.083688,-2.572915,0.956553,-2.102229,-0.182712
4362.574690,real,1.410104,-0.083688,-2.565466,0.956558,-2.100460,-0.182713
4362.582864,real,1.410104,-0.083687,-2.562554,0.956572,-2.099675,-0.182713
4362.591096,real,1.410104,-0.083682,-2.559561,0.956604,-2.098802,-0.182713
4362.599246,real,1.410104,-0.083670,-2.556479,0.956656,-2.097814,-0.182714
4362.615728,real,1.410104,-0.083634,-2.550355,0.956777,-2.095586,-0.182714
4362.623901,real,1.410104,-0.083623,-2.547323,0.956834,-2.094389,-0.182714
4362.632040,real,1.410104,-0.083622,-2.544258,0.956882,-2.093142,-0.182714
4362.640283,real,1.410104,-0.083623,-2.541225,0.956908,-2.091844,-0.182714
4362.648374,real,1.410103,-0.083624,-2.538305,0.956910,-2.090479,-0.182714
4362.664766,real,1.410103,-0.083622,-2.532779,0.956931,-2.087621,-0.182714
4362.672932,real,1.410104,-0.083617,-2.529993,0.956982,-2.086147,-0.182714
4362.681123,real,1.410103,-0.083603,-2.527148,0.957079,-2.084617,-0.182714
4362.689263,real,1.410103,-0.083576,-2.524280,0.957220,-2.083013,-0.182714
4362.705987,real,1.410103,-0.083488,-2.517219,0.957740,-2.078833,-0.182714
4362.713888,real,1.410103,-0.083472,-2.514379,0.958023,-2.077044,-0.182714
4362.722053,real,1.410103,-0.083476,-2.511586,0.958306,-2.075190,-0.182714
4362.730208,real,1.410103,-0.083476,-2.508913,0.958588,-2.073283,-0.182714
4362.738366,real,1.410103,-0.083476,-2.506367,0.958897,-2.071300,-0.182714
4362.754689,real,1.410104,-0.083471,-2.501381,0.959736,-2.067023,-0.182714
4362.762840,real,1.410104,-0.083464,-2.498883,0.960301,-2.064720,-0.182714
4362.771024,real,1.410104,-0.083451,-2.496379,0.960994,-2.062284,-0.182714
4362.779129,real,1.410104,-0.083432,-2.493882,0.961816,-2.059784,-0.182714
4362.795580,real,1.410104,-0.083412,-2.490101,0.963223,-2.055892,-0.182714
4362.803816,real,1.410104,-0.083412,-2.487564,0.964249,-2.053299,-0.182714
4362.811802,real,1.410104,-0.083413,-2.483883,0.965798,-2.049378,-0.182714
4362.820023,real,1.410104,-0.083414,-2.481528,0.966843,-2.046733,-0.182713
4362.836319,real,1.410104,-0.083413,-2.476941,0.969063,-2.041173,-0.182714
4362.844466,real,1.410104,-0.083412,-2.474732,0.970266,-2.038293,-0.182714
4362.852688,real,1.410105,-0.083411,-2.472595,0.971542,-2.035328,-0.182713
4362.860778,real,1.410106,-0.083408,-2.470496,0.972895,-2.032258,-0.182713
4362.868985,real,1.410106,-0.083406,-2.468397,0.974315,-2.028999,-0.182713
4362.885510,real,1.410106,-0.083407,-2.464178,0.977310,-2.022015,-0.182713
4362.893420,real,1.410106,-0.083407,-2.462147,0.978844,-2.018398,-0.182714
4362.901628,real,1.410107,-0.083408,-2.459190,0.981154,-2.012864,-0.182713
4362.910065,real,1.410107,-0.083407,-2.457250,0.982678,-2.009090,-0.182713
4362.926036,real,1.410106,-0.083407,-2.453460,0.985714,-2.001460,-0.182713
4362.934258,real,1.410106,-0.083407,-2.451642,0.987248,-1.997589,-0.182713
4362.942489,real,1.410106,-0.083407,-2.449842,0.988795,-1.993658,-0.182713
4362.950628,real,1.410107,-0.083407,-2.448059,0.990325,-1.989652,-0.182713
4362.958716,real,1.410107,-0.083407,-2.446329,0.991846,-1.985548,-0.182713
4362.975079,real,1.410107,-0.083407,-2.443883,0.994179,-1.979280,-0.182713
4362.983251,real,1.410107,-0.083407,-2.442344,0.995740,-1.975122,-0.182713
4362.991445,real,1.410107,-0.083407,-2.440835,0.997266,-1.971005,-0.182713
4362.999606,real,1.410108,-0.083407,-2.439378,0.998770,-1.966905,-0.182713
4363.015939,real,1.410110,-0.083407,-2.436010,1.002584,-1.956524,-0.182713
4363.024082,real,1.410109,-0.083407,-2.434687,1.004112,-1.952258,-0.182713
4363.032350,real,1.410109,-0.083407,-2.433400,1.005593,-1.947886,-0.182713
4363.040511,real,1.410109,-0.083408,-2.432175,1.007065,-1.943448,-0.182713
4363.048715,real,1.410109,-0.083408,-2.431002,1.008535,-1.938971,-0.182713
4363.065158,real,1.410109,-0.083409,-2.428726,1.011395,-1.930041,-0.182714
4363.073350,real,1.410109,-0.083409,-2.427655,1.012746,-1.925632,-0.182713
4363.081630,real,1.410109,-0.083408,-2.426634,1.014080,-1.921253,-0.182714
4363.090365,real,1.410109,-0.083408,-2.425639,1.015402,-1.916863,-0.182714
4363.106245,real,1.410110,-0.083408,-2.423686,1.018096,-1.908055,-0.182714
4363.114239,real,1.410110,-0.083408,-2.422329,1.020124,-1.901410,-0.182714
4363.122569,real,1.410110,-0.083408,-2.421490,1.021474,-1.897052,-0.182713
4363.130612,real,1.410110,-0.083408,-2.420687,1.022832,-1.892776,-0.182714
4363.138793,real,1.410110,-0.083408,-2.419937,1.024202,-1.888559,-0.182714
4363.155212,real,1.410110,-0.083408,-2.418629,1.026925,-1.880145,-0.182714
4363.163324,real,1.410110,-0.083408,-2.418048,1.028231,-1.875904,-0.182713
4363.171720,real,1.410110,-0.083408,-2.417498,1.029501,-1.871585,-0.182714
4363.179838,real,1.410110,-0.083408,-2.417004,1.030716,-1.867205,-0.182714
4363.196220,real,1.410110,-0.083409,-2.416190,1.033154,-1.858430,-0.182713
4363.204418,real,1.410110,-0.083409,-2.415850,1.034351,-1.854056,-0.182713
4363.212549,real,1.410110,-0.083409,-2.415579,1.035468,-1.849749,-0.182713
4363.220748,real,1.410110,-0.083409,-2.415409,1.036543,-1.845511,-0.182713
4363.228944,real,1.410110,-0.083409,-2.415315,1.037584,-1.841310,-0.182713
4363.245614,real,1.410110,-0.083409,-2.415287,1.040196,-1.831061,-0.182713
4363.253645,real,1.410110,-0.083409,-2.415311,1.041218,-1.826998,-0.182713
4363.261770,real,1.410111,-0.083410,-2.415348,1.042194,-1.822966,-0.182713
4363.270257,real,1.410112,-0.083412,-2.415391,1.043073,-1.819028,-0.182713
4363.286422,real,1.410115,-0.083417,-2.415473,1.044620,-1.811315,-0.182713
4363.294551,real,1.410115,-0.083418,-2.415542,1.045304,-1.807473,-0.182712
4363.302732,real,1.410117,-0.083418,-2.415627,1.045953,-1.803639,-0.182712
4363.310828,real,1.410120,-0.083418,-2.415707,1.046581,-1.799787,-0.182712
4363.319067,real,1.410122,-0.083418,-2.415779,1.047173,-1.795865,-0.182712
4363.335513,real,1.410123,-0.083418,-2.415888,1.048187,-1.787850,-0.182712
4363.343665,real,1.410123,-0.083418,-2.415903,1.048629,-1.783826,-0.182712
4363.351841,real,1.410123,-0.083418,-2.415905,1.049023,-1.779838,-0.182712
4363.360050,real,1.410123,-0.083420,-2.415911,1.049332,-1.775878,-0.182711
4363.376486,real,1.410123,-0.083424,-2.415928,1.049654,-1.768140,-0.182711
4363.384619,real,1.410123,-0.083424,-2.415935,1.049682,-1.764281,-0.182711
4363.392821,real,1.410124,-0.083424,-2.415945,1.049676,-1.760424,-0.182711
4363.401033,real,1.410125,-0.083424,-2.415953,1.049675,-1.756575,-0.182711
4363.409218,real,1.410127,-0.083424,-2.415959,1.049673,-1.752705,-0.182711
4363.425640,real,1.410132,-0.083424,-2.415973,1.049670,-1.744885,-0.182711
4363.434022,real,1.410135,-0.083425,-2.415984,1.049670,-1.741014,-0.182711
4363.442236,real,1.410139,-0.083426,-2.416002,1.049668,-1.737182,-0.182711
4363.450244,real,1.410146,-0.083428,-2.416033,1.049666,-1.733368,-0.182711
4363.466350,real,1.410165,-0.083434,-2.416151,1.049664,-1.725704,-0.182711
4363.474622,real,1.410173,-0.083436,-2.416234,1.049662,-1.721842,-0.182711
4363.482677,real,1.410179,-0.083436,-2.416329,1.049661,-1.717884,-0.182710
4363.490827,real,1.410181,-0.083437,-2.416444,1.049658,-1.713845,-0.182710
4363.498945,real,1.410181,-0.083437,-2.416579,1.049657,-1.709759,-0.182710
4363.515251,real,1.410181,-0.083438,-2.416954,1.049654,-1.699521,-0.182710
4363.523676,real,1.410181,-0.083440,-2.417120,1.049651,-1.695498,-0.182709
4363.531565,real,1.410181,-0.083442,-2.417303,1.049647,-1.691527,-0.182710
4363.539741,real,1.410181,-0.083443,-2.417510,1.049645,-1.687558,-0.182709
4363.556173,real,1.410181,-0.083445,-2.418013,1.049641,-1.679627,-0.182709
4363.564188,real,1.410181,-0.083445,-2.418297,1.049640,-1.675655,-0.182709
4363.572387,real,1.410181,-0.083445,-2.418615,1.049638,-1.671652,-0.182708
4363.580548,real,1.410181,-0.083445,-2.418967,1.049638,-1.667650,-0.182708
4363.588690,real,1.410182,-0.083445,-2.419322,1.049638,-1.663727,-0.182709
4363.605040,real,1.410182,-0.083445,-2.420132,1.049630,-1.656111,-0.182708
4363.613094,real,1.410182,-0.083445,-2.420590,1.049625,-1.652396,-0.182708
4363.621281,real,1.410182,-0.083446,-2.421068,1.049621,-1.648759,-0.182708
4363.629463,real,1.410182,-0.083447,-2.421566,1.049613,-1.645198,-0.182708
4363.645750,real,1.410182,-0.083448,-2.423006,1.049591,-1.636467,-0.182708
4363.654359,real,1.410182,-0.083449,-2.423591,1.049581,-1.633090,-0.182708
4363.662223,real,1.410182,-0.083449,-2.424195,1.049569,-1.629828,-0.182708
4363.670257,real,1.410182,-0.083449,-2.424833,1.049557,-1.626689,-0.182708
4363.678432,real,1.410182,-0.083449,-2.425489,1.049553,-1.623640,-0.182708
4363.694725,real,1.410183,-0.083449,-2.426815,1.049554,-1.617802,-0.182708
4363.702911,real,1.410183,-0.083449,-2.427522,1.049554,-1.615013,-0.182708
4363.711051,real,1.410183,-0.083448,-2.427885,1.049554,-1.613646,-0.182708
4363.719242,real,1.410185,-0.083448,-2.428619,1.049553,-1.610938,-0.182708
4363.735636,real,1.410191,-0.083448,-2.430150,1.049552,-1.605632,-0.182708
4363.743738,real,1.410197,-0.083448,-2.430974,1.049552,-1.603054,-0.182708
4363.751889,real,1.410203,-0.083448,-2.432248,1.049548,-1.599276,-0.182708
4363.760083,real,1.410204,-0.083448,-2.433135,1.049544,-1.596751,-0.182707
4363.776519,real,1.410204,-0.083448,-2.434994,1.049522,-1.591800,-0.182707
4363.784571,real,1.410203,-0.083448,-2.435977,1.049502,-1.589421,-0.182707
4363.792719,real,1.410203,-0.083449,-2.436980,1.049472,-1.587147,-0.182706
4363.800853,real,1.410203,-0.083449,-2.438009,1.049432,-1.584943,-0.182706
4363.809016,real,1.410203,-0.083449,-2.439080,1.049380,-1.582817,-0.182706
4363.825378,real,1.410203,-0.083449,-2.441393,1.049237,-1.578777,-0.182705
4363.833603,real,1.410203,-0.083449,-2.442593,1.049150,-1.576832,-0.182705
4363.841713,real,1.410203,-0.083449,-2.443827,1.049060,-1.574965,-0.182705
4363.850110,real,1.410203,-0.083449,-2.445130,1.048969,-1.573157,-0.182705
4363.866195,real,1.410204,-0.083449,-2.448531,1.048786,-1.568821,-0.182704
4363.874398,real,1.410204,-0.083449,-2.449932,1.048722,-1.567171,-0.182703
4363.882500,real,1.410204,-0.083449,-2.451396,1.048648,-1.565527,-0.182703
4363.890688,real,1.410204,-0.083449,-2.452873,1.048572,-1.563897,-0.182703
4363.898814,real,1.410204,-0.083449,-2.454342,1.048512,-1.562251,-0.182703
4363.915113,real,1.410204,-0.083449,-2.457299,1.048449,-1.558884,-0.182703
4363.923348,real,1.410204,-0.083449,-2.458809,1.048448,-1.557204,-0.182703
4363.931475,real,1.410204,-0.083448,-2.460314,1.048447,-1.555574,-0.182703
4363.939668,real,1.410204,-0.083448,-2.461773,1.048448,-1.553975,-0.182703
4363.956033,real,1.410203,-0.083448,-2.464676,1.048447,-1.550929,-0.182703
4363.964101,real,1.410203,-0.083448,-2.466126,1.048448,-1.549539,-0.182703
4363.972262,real,1.410203,-0.083448,-2.467543,1.048440,-1.548235,-0.182703
4363.980404,real,1.410203,-0.083448,-2.468950,1.048395,-1.546981,-0.182702
4363.988599,real,1.410203,-0.083448,-2.471090,1.048425,-1.545247,-0.182702
4364.004934,real,1.410203,-0.083447,-2.474008,1.048425,-1.543283,-0.182702
4364.013072,real,1.410203,-0.083447,-2.474725,1.048424,-1.542863,-0.182702
4364.021255,real,1.410203,-0.083446,-2.476152,1.048416,-1.542115,-0.182702
4364.029355,real,1.410203,-0.083446,-2.477587,1.048414,-1.541456,-0.182702
4364.045656,real,1.410203,-0.083445,-2.480405,1.048410,-1.540469,-0.182702
4364.053883,real,1.410203,-0.083446,-2.481758,1.048407,-1.540175,-0.182702
4364.062226,real,1.410202,-0.083446,-2.483140,1.048397,-1.539978,-0.182702
4364.070258,real,1.410202,-0.083446,-2.484537,1.048403,-1.539853,-0.182702
4364.078415,real,1.410202,-0.083447,-2.485914,1.048410,-1.539809,-0.182702
4364.094713,real,1.410201,-0.083447,-2.488663,1.048410,-1.539813,-0.182702
4364.102863,real,1.410201,-0.083447,-2.490755,1.048410,-1.539831,-0.182702
4364.111051,real,1.410201,-0.083447,-2.492135,1.048412,-1.539842,-0.182702
4364.119199,real,1.410201,-0.083447,-2.493510,1.048412,-1.539843,-0.182702
4364.135598,real,1.410201,-0.083447,-2.496306,1.048412,-1.539850,-0.182702
4364.143694,real,1.410201,-0.083447,-2.497724,1.048411,-1.539850,-0.182702
4364.151948,real,1.410201,-0.083447,-2.499143,1.048411,-1.539850,-0.182702
4364.160083,real,1.410201,-0.083447,-2.500587,1.048411,-1.539849,-0.182702
4364.176415,real,1.410201,-0.083447,-2.503561,1.048412,-1.539849,-0.182702
4364.184559,real,1.410201,-0.083446,-2.505047,1.048412,-1.539849,-0.182702
4364.192711,real,1.410201,-0.083446,-2.506512,1.048413,-1.539849,-0.182702
4364.200893,real,1.410201,-0.083446,-2.507998,1.048411,-1.539849,-0.182702
4364.209019,real,1.410201,-0.083445,-2.509501,1.048411,-1.539850,-0.182702
4364.225603,real,1.410201,-0.083446,-2.512443,1.048405,-1.539880,-0.182702
4364.233785,real,1.410198,-0.083447,-2.514686,1.048402,-1.539928,-0.182702
4364.242407,real,1.410198,-0.083447,-2.516205,1.048401,-1.539979,-0.182701
4364.250243,real,1.410198,-0.083447,-2.517712,1.048399,-1.540028,-0.182701
4364.266490,real,1.410197,-0.083447,-2.520697,1.048393,-1.540114,-0.182701
4364.274721,real,1.410197,-0.083447,-2.522196,1.048391,-1.540131,-0.182701
4364.282848,real,1.410196,-0.083447,-2.523659,1.048390,-1.540132,-0.182701
4364.291043,real,1.410196,-0.083447,-2.525069,1.048391,-1.540132,-0.182700
4364.299099,real,1.410196,-0.083447,-2.526459,1.048390,-1.540131,-0.182700
4364.315476,real,1.410196,-0.083448,-2.529257,1.048387,-1.540131,-0.182699
4364.323732,real,1.410196,-0.083448,-2.530660,1.048385,-1.540131,-0.182699
4364.331786,real,1.410196,-0.083448,-2.532084,1.048377,-1.540131,-0.182698
4364.339927,real,1.410196,-0.083448,-2.533533,1.048365,-1.540131,-0.182698
4364.356257,real,1.410196,-0.083448,-2.536482,1.048339,-1.540131,-0.182697
4364.364337,real,1.410196,-0.083448,-2.537966,1.048317,-1.540131,-0.182696
4364.372657,real,1.410196,-0.083448,-2.539478,1.048275,-1.540131,-0.182696
4364.380679,real,1.410195,-0.083449,-2.541041,1.048197,-1.540131,-0.182695
4364.388853,real,1.410193,-0.083451,-2.542631,1.048079,-1.540131,-0.182695
4364.405126,real,1.410190,-0.083473,-2.545914,1.047680,-1.540132,-0.182695
4364.413277,real,1.410189,-0.083492,-2.547633,1.047388,-1.540133,-0.182694
4364.421678,real,1.410189,-0.083512,-2.549344,1.047064,-1.540135,-0.182694
4364.429731,real,1.410188,-0.083528,-2.551056,1.046698,-1.540139,-0.182694
4364.446479,real,1.410188,-0.083543,-2.554550,1.045831,-1.540173,-0.182693
4364.454473,real,1.410188,-0.083543,-2.556316,1.045322,-1.540197,-0.182693
4364.462426,real,1.410188,-0.083543,-2.558083,1.044752,-1.540217,-0.182693
4364.470645,real,1.410188,-0.083544,-2.560784,1.043756,-1.540238,-0.182693
4364.478701,real,1.410188,-0.083544,-2.562634,1.042976,-1.540257,-0.182693
4364.495035,real,1.410187,-0.083545,-2.566492,1.041130,-1.540341,-0.182692
4364.503178,real,1.410185,-0.083545,-2.568445,1.040162,-1.540401,-0.182692
4364.511488,real,1.410182,-0.083545,-2.570422,1.039188,-1.540478,-0.182692
4364.519605,real,1.410181,-0.083545,-2.572462,1.038226,-1.540573,-0.182692
4364.535909,real,1.410180,-0.083546,-2.576686,1.036300,-1.540787,-0.182692
4364.544102,real,1.410179,-0.083549,-2.578854,1.035267,-1.540893,-0.182692
4364.552299,real,1.410176,-0.083558,-2.581066,1.034172,-1.541016,-0.182692
4364.560531,real,1.410172,-0.083571,-2.583321,1.033035,-1.541161,-0.182692
4364.568618,real,1.410171,-0.083582,-2.585624,1.031887,-1.541322,-0.182691
4364.584980,real,1.410171,-0.083583,-2.590309,1.029612,-1.541643,-0.182691
4364.593210,real,1.410171,-0.083582,-2.592693,1.028448,-1.541794,-0.182691
4364.601473,real,1.410171,-0.083582,-2.595114,1.027262,-1.541951,-0.182691
4364.609564,real,1.410171,-0.083582,-2.598803,1.025447,-1.542223,-0.182691
4364.626060,real,1.410171,-0.083582,-2.603801,1.023074,-1.542650,-0.182691
4364.634524,real,1.410171,-0.083583,-2.606385,1.021864,-1.542890,-0.182691
4364.642559,real,1.410171,-0.083584,-2.609065,1.020592,-1.543151,-0.182691
4364.650558,real,1.410171,-0.083584,-2.611776,1.019233,-1.543439,-0.182691
4364.658704,real,1.410171,-0.083584,-2.614490,1.017794,-1.543744,-0.182691
4364.675066,real,1.410171,-0.083584,-2.619928,1.014780,-1.544389,-0.182691
4364.683270,real,1.410171,-0.083583,-2.622703,1.013233,-1.544716,-0.182691
4364.691513,real,1.410172,-0.083583,-2.625450,1.011690,-1.545031,-0.182691
4364.699583,real,1.410171,-0.083582,-2.628181,1.010141,-1.545350,-0.182691
4364.716010,real,1.410171,-0.083582,-2.633635,1.007115,-1.546020,-0.182691
4364.724241,real,1.410172,-0.083582,-2.636396,1.005656,-1.546350,-0.182691
4364.732376,real,1.410173,-0.083582,-2.639180,1.004225,-1.546657,-0.182691
4364.740627,real,1.410172,-0.083583,-2.643450,1.002033,-1.547030,-0.182690
4364.748807,real,1.410172,-0.083583,-2.646320,1.000593,-1.547221,-0.182691
4364.765193,real,1.410172,-0.083583,-2.651972,0.997832,-1.547503,-0.182690
4364.773395,real,1.410172,-0.083583,-2.653378,0.997147,-1.547559,-0.182691
4364.781750,real,1.410172,-0.083582,-2.656194,0.995771,-1.547650,-0.182690
4364.789953,real,1.410172,-0.083581,-2.658980,0.994420,-1.547712,-0.182690
4364.806704,real,1.410171,-0.083580,-2.664375,0.991941,-1.547797,-0.182690
4364.814522,real,1.410170,-0.083581,-2.667019,0.990783,-1.547860,-0.182689
4364.822684,real,1.410170,-0.083581,-2.669671,0.989592,-1.547949,-0.182689
4364.830780,real,1.410171,-0.083582,-2.672350,0.988336,-1.548063,-0.182689
4364.838972,real,1.410171,-0.083582,-2.674987,0.987007,-1.548189,-0.182689
4364.855271,real,1.410171,-0.083582,-2.680135,0.984321,-1.548423,-0.182689
4364.863486,real,1.410171,-0.083581,-2.683985,0.982283,-1.548612,-0.182689
4364.871605,real,1.410171,-0.083579,-2.686503,0.980915,-1.548763,-0.182689
4364.879768,real,1.410171,-0.083577,-2.688939,0.979555,-1.548949,-0.182689
4364.896209,real,1.410171,-0.083577,-2.693657,0.976925,-1.549474,-0.182689
4364.904514,real,1.410171,-0.083577,-2.695976,0.975685,-1.549842,-0.182689
4364.912606,real,1.410171,-0.083577,-2.698251,0.974482,-1.550291,-0.182689
4364.920868,real,1.410171,-0.083577,-2.700483,0.973323,-1.550828,-0.182689
4364.928987,real,1.410170,-0.083579,-2.702711,0.972175,-1.551457,-0.182689
4364.945387,real,1.410170,-0.083578,-2.707131,0.969964,-1.553055,-0.182689
4364.953575,real,1.410170,-0.083577,-2.709258,0.968970,-1.554001,-0.182689
4364.961751,real,1.410170,-0.083576,-2.711293,0.968073,-1.555066,-0.182689
4364.969958,real,1.410170,-0.083575,-2.713300,0.967365,-1.556278,-0.182689
4364.986511,real,1.410170,-0.083571,-2.718209,0.966134,-1.559885,-0.182689
4364.994586,real,1.410170,-0.083571,-2.720074,0.965843,-1.561444,-0.182689
4365.002662,real,1.410170,-0.083571,-2.721917,0.965622,-1.563039,-0.182689
4365.010881,real,1.410170,-0.083571,-2.723751,0.965467,-1.564684,-0.182688
4365.018985,real,1.410170,-0.083572,-2.725556,0.965369,-1.566362,-0.182688
4365.035690,real,1.410170,-0.083572,-2.729036,0.965332,-1.569669,-0.182687
4365.043739,real,1.410169,-0.083572,-2.730705,0.965332,-1.571349,-0.182687
4365.051852,real,1.410168,-0.083572,-2.732335,0.965333,-1.573046,-0.182686
4365.060074,real,1.410165,-0.083572,-2.733919,0.965333,-1.574730,-0.182686
4365.068214,real,1.410163,-0.083572,-2.735416,0.965332,-1.576416,-0.182686
4365.086044,real,1.410144,-0.083573,-2.738879,0.965332,-1.580623,-0.182686
4365.094672,real,1.410128,-0.083573,-2.740167,0.965332,-1.582267,-0.182686
4365.102711,real,1.410112,-0.083572,-2.741382,0.965332,-1.583908,-0.182686
4365.110809,real,1.410106,-0.083571,-2.742523,0.965332,-1.585572,-0.182686
4365.118862,real,1.410107,-0.083570,-2.743609,0.965332,-1.587225,-0.182686
4365.135299,real,1.410107,-0.083569,-2.745651,0.965334,-1.590624,-0.182686
4365.143604,real,1.410107,-0.083569,-2.746573,0.965335,-1.592382,-0.182686
4365.151613,real,1.410107,-0.083569,-2.747426,0.965335,-1.594111,-0.182686
4365.159812,real,1.410107,-0.083569,-2.748236,0.965335,-1.595816,-0.182687
4365.176144,real,1.410107,-0.083569,-2.749755,0.965335,-1.599295,-0.182687
4365.184261,real,1.410107,-0.083569,-2.750433,0.965334,-1.601037,-0.182687
4365.192486,real,1.410107,-0.083569,-2.751029,0.965334,-1.602790,-0.182687
4365.200652,real,1.410106,-0.083570,-2.751782,0.965332,-1.605455,-0.182687
4365.208830,real,1.410107,-0.083570,-2.752225,0.965332,-1.607190,-0.182687
4365.225196,real,1.410107,-0.083570,-2.752776,0.965331,-1.609703,-0.182687
4365.233279,real,1.410107,-0.083570,-2.753040,0.965331,-1.611298,-0.182687
4365.241575,real,1.410107,-0.083570,-2.753228,0.965326,-1.612785,-0.182688
4365.249618,real,1.410107,-0.083570,-2.753368,0.965311,-1.614176,-0.182688
4365.265956,real,1.410109,-0.083570,-2.753489,0.965255,-1.616765,-0.182688
4365.274094,real,1.410109,-0.083570,-2.753480,0.965203,-1.617921,-0.182688
4365.282305,real,1.410109,-0.083570,-2.753477,0.965095,-1.618899,-0.182688
4365.290692,real,1.410109,-0.083570,-2.753460,0.964991,-1.619778,-0.182688
4365.298755,real,1.410109,-0.083570,-2.753419,0.964861,-1.620648,-0.182688
4365.314896,real,1.410108,-0.083570,-2.753330,0.964509,-1.622503,-0.182689
4365.323233,real,1.410108,-0.083570,-2.753277,0.964254,-1.623478,-0.182689
4365.331154,real,1.410108,-0.083572,-2.753205,0.963943,-1.624459,-0.182689
4365.339356,real,1.410107,-0.083574,-2.753097,0.963360,-1.625852,-0.182690
4365.355606,real,1.410104,-0.083576,-2.752989,0.962355,-1.627695,-0.182690
4365.363823,real,1.410104,-0.083576,-2.752937,0.961758,-1.628689,-0.182691
4365.371924,real,1.410105,-0.083576,-2.752892,0.961114,-1.629715,-0.182691
4365.380138,real,1.410105,-0.083575,-2.752860,0.960421,-1.630757,-0.182691
4365.388260,real,1.410105,-0.083575,-2.752839,0.959661,-1.631787,-0.182691
4365.404793,real,1.410105,-0.083573,-2.752802,0.957926,-1.633763,-0.182691
4365.412855,real,1.410106,-0.083573,-2.752796,0.956928,-1.634738,-0.182692
4365.421058,real,1.410106,-0.083573,-2.752798,0.955845,-1.635695,-0.182692
4365.429219,real,1.410106,-0.083574,-2.752799,0.954713,-1.636624,-0.182692
4365.445616,real,1.410106,-0.083574,-2.752801,0.952309,-1.638273,-0.182692
4365.453625,real,1.410106,-0.083574,-2.752799,0.950977,-1.638993,-0.182692
4365.461837,real,1.410106,-0.083574,-2.752794,0.949555,-1.639670,-0.182692
4365.470112,real,1.410106,-0.083574,-2.752778,0.948064,-1.640299,-0.182692
4365.486616,real,1.410106,-0.083573,-2.752688,0.944397,-1.641562,-0.182692
4365.494860,real,1.410106,-0.083573,-2.752646,0.942928,-1.641977,-0.182692
4365.503099,real,1.410105,-0.083573,-2.752591,0.941430,-1.642386,-0.182692
4365.510974,real,1.410105,-0.083573,-2.752529,0.939905,-1.642819,-0.182692
4365.519092,real,1.410105,-0.083573,-2.752478,0.938340,-1.643277,-0.182692
4365.535668,real,1.410105,-0.083573,-2.752400,0.935036,-1.644173,-0.182692
4365.543834,real,1.410105,-0.083573,-2.752353,0.933309,-1.644573,-0.182692
4365.551954,real,1.410105,-0.083572,-2.752305,0.931577,-1.644932,-0.182692
4365.560140,real,1.410105,-0.083571,-2.752259,0.929897,-1.645245,-0.182692
4365.568265,real,1.410105,-0.083571,-2.752217,0.928305,-1.645514,-0.182692
4365.584626,real,1.410105,-0.083571,-2.752116,0.925288,-1.645877,-0.182692
4365.592988,real,1.410105,-0.083571,-2.752053,0.923832,-1.646000,-0.182692
4365.601184,real,1.410105,-0.083571,-2.751984,0.922397,-1.646119,-0.182692
4365.609354,real,1.410105,-0.083572,-2.751911,0.920972,-1.646247,-0.182692
4365.625656,real,1.410104,-0.083572,-2.751738,0.917944,-1.646618,-0.182692
4365.633799,real,1.410104,-0.083572,-2.751575,0.915575,-1.647066,-0.182692
4365.641970,real,1.410103,-0.083572,-2.751443,0.914042,-1.647454,-0.182692
4365.650118,real,1.410102,-0.083571,-2.751287,0.912552,-1.647898,-0.182693
4365.658716,real,1.410101,-0.083571,-2.751103,0.911065,-1.648383,-0.182693
4365.674727,real,1.410096,-0.083571,-2.750642,0.908041,-1.649578,-0.182693
4365.682927,real,1.410091,-0.083571,-2.750388,0.906500,-1.650286,-0.182693
4365.691057,real,1.410086,-0.083571,-2.750120,0.904941,-1.651049,-0.182693
4365.699271,real,1.410084,-0.083571,-2.749810,0.903379,-1.651871,-0.182693
4365.715687,real,1.410083,-0.083570,-2.749111,0.900286,-1.653708,-0.182693
4365.723722,real,1.410083,-0.083569,-2.748730,0.898795,-1.654709,-0.182693
4365.731989,real,1.410084,-0.083569,-2.748300,0.897351,-1.655719,-0.182694
4365.740047,real,1.410084,-0.083569,-2.747831,0.895919,-1.656695,-0.182694
4365.756551,real,1.410084,-0.083569,-2.746756,0.893059,-1.658591,-0.182694
4365.764689,real,1.410084,-0.083569,-2.746161,0.891636,-1.659598,-0.182694
4365.772808,real,1.410084,-0.083569,-2.745531,0.890229,-1.660673,-0.182694
4365.781024,real,1.410084,-0.083569,-2.744856,0.888830,-1.661807,-0.182694
4365.789121,real,1.410083,-0.083569,-2.744142,0.887441,-1.663013,-0.182694
4365.805586,real,1.410082,-0.083569,-2.742219,0.884093,-1.666100,-0.182694
4365.813760,real,1.410082,-0.083569,-2.741349,0.882894,-1.667376,-0.182694
4365.821956,real,1.410082,-0.083569,-2.740424,0.881757,-1.668669,-0.182694
4365.830133,real,1.410082,-0.083569,-2.739462,0.880640,-1.669974,-0.182694
4365.846738,real,1.410082,-0.083569,-2.737390,0.878463,-1.672580,-0.182694
4365.854657,real,1.410082,-0.083569,-2.736285,0.877452,-1.673919,-0.182694
4365.862812,real,1.410082,-0.083569,-2.735160,0.876481,-1.675293,-0.182694
4365.870839,real,1.410083,-0.083569,-2.734017,0.875553,-1.676661,-0.182694
4365.879080,real,1.410083,-0.083569,-2.732855,0.874650,-1.678011,-0.182694
4365.895422,real,1.410082,-0.083569,-2.730500,0.872920,-1.680879,-0.182694
4365.903592,real,1.410081,-0.083569,-2.729289,0.872097,-1.682434,-0.182694
4365.911768,real,1.410082,-0.083568,-2.728054,0.871276,-1.684024,-0.182694
4365.919849,real,1.410081,-0.083568,-2.726808,0.870476,-1.685585,-0.182695
4365.936312,real,1.410081,-0.083568,-2.723612,0.868567,-1.689310,-0.182695
4365.944610,real,1.410080,-0.083569,-2.722238,0.867844,-1.690711,-0.182695
4365.952733,real,1.410080,-0.083568,-2.720827,0.867145,-1.692104,-0.182695
4365.960970,real,1.410080,-0.083569,-2.719405,0.866469,-1.693536,-0.182696
4365.969179,real,1.410080,-0.083568,-2.717974,0.865826,-1.694994,-0.182696
4365.985650,real,1.410081,-0.083568,-2.714992,0.864659,-1.697848,-0.182696
4365.993855,real,1.410081,-0.083568,-2.713455,0.864145,-1.699244,-0.182696
4366.001974,real,1.410082,-0.083568,-2.711908,0.863702,-1.700567,-0.182697
4366.010223,real,1.410082,-0.083568,-2.710348,0.863367,-1.701822,-0.182697
4366.018597,real,1.410082,-0.083568,-2.708746,0.863140,-1.702967,-0.182697
4366.034740,real,1.410082,-0.083568,-2.705527,0.862979,-1.705114,-0.182697
4366.042848,real,1.410082,-0.083567,-2.703921,0.862986,-1.706213,-0.182696
4366.051040,real,1.410082,-0.083566,-2.702255,0.862993,-1.707318,-0.182696
4366.059180,real,1.410082,-0.083565,-2.700571,0.862999,-1.708428,-0.182696
4366.075571,real,1.410081,-0.083561,-2.697194,0.863007,-1.710650,-0.182696
4366.083726,real,1.410081,-0.083559,-2.695495,0.863017,-1.711818,-0.182696
4366.091998,real,1.410080,-0.083558,-2.693778,0.863036,-1.713059,-0.182696
4366.100180,real,1.410081,-0.083558,-2.692032,0.863054,-1.714397,-0.182696
4366.108291,real,1.410080,-0.083557,-2.690259,0.863065,-1.715724,-0.182696
4366.124975,real,1.410081,-0.083557,-2.686665,0.863078,-1.718180,-0.182696
4366.133116,real,1.410081,-0.083557,-2.684840,0.863079,-1.719322,-0.182696
4366.141284,real,1.410081,-0.083556,-2.682971,0.863081,-1.720398,-0.182696
4366.149503,real,1.410081,-0.083556,-2.681093,0.863084,-1.721429,-0.182696
4366.165784,real,1.410081,-0.083556,-2.677277,0.863134,-1.723313,-0.182696
4366.173948,real,1.410081,-0.083556,-2.675330,0.863208,-1.724229,-0.182696
4366.182135,real,1.410081,-0.083555,-2.673384,0.863316,-1.725147,-0.182696
4366.190712,real,1.410081,-0.083555,-2.671429,0.863456,-1.726056,-0.182696
4366.198777,real,1.410080,-0.083554,-2.669437,0.863620,-1.726954,-0.182696
4366.214840,real,1.410080,-0.083548,-2.664379,0.864072,-1.729029,-0.182696
4366.222950,real,1.410080,-0.083544,-2.662370,0.864243,-1.729787,-0.182696
4366.231143,real,1.410080,-0.083539,-2.660345,0.864411,-1.730515,-0.182696
4366.239297,real,1.410080,-0.083535,-2.658290,0.864597,-1.731216,-0.182696
4366.255809,real,1.410079,-0.083533,-2.654111,0.865037,-1.732545,-0.182695
4366.264079,real,1.410079,-0.083531,-2.652003,0.865319,-1.733172,-0.182695
4366.272158,real,1.410079,-0.083531,-2.649863,0.865635,-1.733750,-0.182695
4366.280333,real,1.410079,-0.083531,-2.647704,0.865986,-1.734262,-0.182695
4366.288577,real,1.410079,-0.083531,-2.645499,0.866371,-1.734694,-0.182695
4366.304794,real,1.410077,-0.083531,-2.641114,0.867222,-1.735336,-0.182695
4366.312994,real,1.410074,-0.083531,-2.638894,0.867725,-1.735562,-0.182695
4366.321147,real,1.410070,-0.083531,-2.636644,0.868292,-1.735729,-0.182695
4366.329359,real,1.410066,-0.083531,-2.634389,0.868900,-1.735837,-0.182695
4366.345845,real,1.410062,-0.083530,-2.629957,0.870316,-1.735888,-0.182695
4366.353999,real,1.410062,-0.083528,-2.627730,0.871159,-1.735888,-0.182695
4366.362208,real,1.410062,-0.083524,-2.624278,0.872497,-1.735886,-0.182695
4366.370655,real,1.410063,-0.083520,-2.621932,0.873453,-1.735884,-0.182695
4366.378737,real,1.410063,-0.083516,-2.619565,0.874486,-1.735883,-0.182695
4366.394898,real,1.410064,-0.083508,-2.614802,0.876794,-1.735879,-0.182695
4366.402902,real,1.410064,-0.083508,-2.612380,0.878040,-1.735877,-0.182695
4366.411058,real,1.410066,-0.083508,-2.609972,0.879306,-1.735873,-0.182695
4366.419234,real,1.410066,-0.083508,-2.607568,0.880556,-1.735868,-0.182695
4366.435622,real,1.410068,-0.083508,-2.602790,0.883158,-1.735855,-0.182695
4366.443705,real,1.410068,-0.083508,-2.600428,0.884563,-1.735850,-0.182695
4366.451915,real,1.410068,-0.083507,-2.598091,0.885997,-1.735847,-0.182695
4366.460161,real,1.410069,-0.083506,-2.595764,0.887467,-1.735843,-0.182695
4366.468333,real,1.410069,-0.083504,-2.593423,0.888946,-1.735838,-0.182695
4366.484680,real,1.410070,-0.083497,-2.588651,0.892010,-1.735829,-0.182695
4366.492813,real,1.410071,-0.083491,-2.586264,0.893573,-1.735827,-0.182695
4366.501020,real,1.410072,-0.083482,-2.583880,0.895155,-1.735825,-0.182695
4366.509095,real,1.410073,-0.083465,-2.580307,0.897556,-1.735819,-0.182695
4366.525453,real,1.410075,-0.083446,-2.575550,0.900823,-1.735809,-0.182695
4366.533648,real,1.410076,-0.083442,-2.573211,0.902486,-1.735801,-0.182695
4366.541793,real,1.410079,-0.083441,-2.570907,0.904146,-1.735790,-0.182696
4366.549949,real,1.410081,-0.083441,-2.568633,0.905808,-1.735773,-0.182695
4366.566386,real,1.410083,-0.083436,-2.564146,0.909197,-1.735729,-0.182696
4366.574726,real,1.410083,-0.083433,-2.561899,0.910930,-1.735708,-0.182695
4366.583114,real,1.410083,-0.083431,-2.559656,0.912630,-1.735692,-0.182695
4366.590835,real,1.410083,-0.083432,-2.557408,0.914321,-1.735680,-0.182695
4366.599081,real,1.410084,-0.083432,-2.555176,0.916036,-1.735672,-0.182695
4366.615404,real,1.410084,-0.083432,-2.550728,0.919354,-1.735658,-0.182695
4366.623653,real,1.410084,-0.083432,-2.548537,0.920923,-1.735655,-0.182695
4366.631858,real,1.410084,-0.083432,-2.546362,0.922453,-1.735651,-0.182695
4366.640017,real,1.410084,-0.083432,-2.544212,0.923987,-1.735647,-0.182695
4366.648270,real,1.410085,-0.083432,-2.541080,0.926259,-1.735639,-0.182695
4366.664679,real,1.410087,-0.083432,-2.537072,0.929147,-1.735634,-0.182695
4366.672915,real,1.410088,-0.083432,-2.535139,0.930571,-1.735632,-0.182695
4366.681104,real,1.410089,-0.083432,-2.533236,0.931962,-1.735631,-0.182695
4366.689304,real,1.410090,-0.083432,-2.531363,0.933278,-1.735630,-0.182695
4366.705813,real,1.410090,-0.083432,-2.527675,0.935674,-1.735629,-0.182695
4366.714031,real,1.410090,-0.083432,-2.525859,0.936738,-1.735628,-0.182695
4366.722259,real,1.410090,-0.083432,-2.524082,0.937739,-1.735628,-0.182695
4366.730445,real,1.410090,-0.083433,-2.522325,0.938685,-1.735628,-0.182695
4366.738941,real,1.410090,-0.083433,-2.520582,0.939575,-1.735627,-0.182695
4366.755038,real,1.410090,-0.083433,-2.517227,0.941232,-1.735628,-0.182694
4366.763171,real,1.410090,-0.083433,-2.515593,0.941982,-1.735628,-0.182694
4366.771406,real,1.410090,-0.083433,-2.514017,0.942678,-1.735628,-0.182694
4366.779599,real,1.410090,-0.083433,-2.512489,0.943339,-1.735628,-0.182694
4366.795999,real,1.410090,-0.083433,-2.509524,0.944559,-1.735627,-0.182694
4366.804266,real,1.410090,-0.083433,-2.507450,0.945391,-1.735627,-0.182694
4366.812476,real,1.410090,-0.083433,-2.506163,0.945909,-1.735628,-0.182694
4366.820703,real,1.410090,-0.083433,-2.504920,0.946385,-1.735628,-0.182694
4366.828955,real,1.410090,-0.083433,-2.503713,0.946819,-1.735628,-0.182694
4366.845880,real,1.410090,-0.083433,-2.501517,0.947569,-1.735628,-0.182694
4366.854078,real,1.410090,-0.083433,-2.501003,0.947738,-1.735628,-0.182694
4366.862176,real,1.410090,-0.083433,-2.499995,0.948053,-1.735628,-0.182694
4366.870364,real,1.410090,-0.083433,-2.499020,0.948328,-1.735628,-0.182694
4366.878803,real,1.410090,-0.083434,-2.498093,0.948529,-1.735628,-0.182694
4366.894808,real,1.410090,-0.083434,-2.496372,0.948615,-1.735628,-0.182694
4366.903096,real,1.410090,-0.083434,-2.495571,0.948621,-1.735628,-0.182694
4366.911189,real,1.410090,-0.083434,-2.494835,0.948613,-1.735628,-0.182694
4366.919370,real,1.410090,-0.083434,-2.494162,0.948613,-1.735628,-0.182694
4366.935678,real,1.410091,-0.083434,-2.492660,0.948613,-1.735628,-0.182694
4366.943787,real,1.410091,-0.083434,-2.492130,0.948612,-1.735628,-0.182694
4366.951958,real,1.410091,-0.083434,-2.491645,0.948612,-1.735628,-0.182694
4366.960103,real,1.410091,-0.083434,-2.491197,0.948612,-1.735628,-0.182694
4366.968250,real,1.410091,-0.083434,-2.490790,0.948612,-1.735628,-0.182694
4366.984627,real,1.410091,-0.083434,-2.490071,0.948611,-1.735628,-0.182694
4366.992747,real,1.410091,-0.083434,-2.489773,0.948611,-1.735628,-0.182694
4367.000929,real,1.410091,-0.083434,-2.489496,0.948610,-1.735628,-0.182694
4367.009062,real,1.410091,-0.083434,-2.489244,0.948609,-1.735628,-0.182694
4367.025526,real,1.410090,-0.083434,-2.488816,0.948607,-1.735628,-0.182694
4367.033592,real,1.410091,-0.083434,-2.488613,0.948606,-1.735628,-0.182694
4367.041683,real,1.410091,-0.083434,-2.488421,0.948603,-1.735628,-0.182693
4367.049864,real,1.410091,-0.083434,-2.488265,0.948602,-1.735628,-0.182693
4367.066174,real,1.410091,-0.083434,-2.488021,0.948602,-1.735627,-0.182693
4367.074340,real,1.410091,-0.083434,-2.487874,0.948603,-1.735628,-0.182692
4367.082546,real,1.410091,-0.083433,-2.487811,0.948604,-1.735628,-0.182692
4367.091037,real,1.410091,-0.083433,-2.487763,0.948607,-1.735628,-0.182692
4367.098909,real,1.410091,-0.083433,-2.487718,0.948609,-1.735628,-0.182692
4367.115214,real,1.410091,-0.083432,-2.487655,0.948610,-1.735628,-0.182692
4367.123499,real,1.410091,-0.083432,-2.487639,0.948610,-1.735628,-0.182691
4367.131774,real,1.410091,-0.083432,-2.487626,0.948610,-1.735628,-0.182691
4367.139964,real,1.410090,-0.083432,-2.487622,0.948609,-1.735627,-0.182691
4367.156316,real,1.410090,-0.083432,-2.487622,0.948609,-1.735628,-0.182690
4367.164508,real,1.410090,-0.083432,-2.487619,0.948609,-1.735628,-0.182689
4367.172630,real,1.410090,-0.083431,-2.487611,0.948609,-1.735628,-0.182689
4367.180793,real,1.410090,-0.083431,-2.487596,0.948610,-1.735628,-0.182689
4367.188966,real,1.410090,-0.083430,-2.487576,0.948610,-1.735628,-0.182688
4367.205371,real,1.410090,-0.083430,-2.487498,0.948610,-1.735628,-0.182687
4367.213577,real,1.410090,-0.083430,-2.487448,0.948611,-1.735628,-0.182687
4367.221826,real,1.410090,-0.083429,-2.487392,0.948612,-1.735628,-0.182687
4367.229963,real,1.410090,-0.083429,-2.487331,0.948611,-1.735628,-0.182687
4367.246415,real,1.410089,-0.083428,-2.487196,0.948611,-1.735628,-0.182686
4367.254622,real,1.410089,-0.083427,-2.487128,0.948611,-1.735628,-0.182685
4367.263113,real,1.410089,-0.083426,-2.487061,0.948612,-1.735628,-0.182685
4367.271013,real,1.410089,-0.083423,-2.486996,0.948613,-1.735628,-0.182685
4367.279039,real,1.410089,-0.083420,-2.486937,0.948613,-1.735628,-0.182684
4367.295454,real,1.410089,-0.083415,-2.486810,0.948613,-1.735628,-0.182681
4367.303761,real,1.410089,-0.083414,-2.486736,0.948612,-1.735628,-0.182680
4367.311691,real,1.410089,-0.083414,-2.486651,0.948612,-1.735628,-0.182678
4367.319834,real,1.410089,-0.083414,-2.486552,0.948611,-1.735628,-0.182676
4367.336192,real,1.410089,-0.083414,-2.486317,0.948611,-1.735628,-0.182673
4367.344293,real,1.410088,-0.083414,-2.486181,0.948611,-1.735629,-0.182671
4367.352501,real,1.410087,-0.083414,-2.485956,0.948611,-1.735629,-0.182669
4367.360699,real,1.410087,-0.083413,-2.485789,0.948612,-1.735629,-0.182667
4367.368868,real,1.410087,-0.083413,-2.485603,0.948614,-1.735629,-0.182667
4367.385527,real,1.410087,-0.083409,-2.485178,0.948614,-1.735631,-0.182666
4367.393649,real,1.410085,-0.083404,-2.484944,0.948614,-1.735632,-0.182665
4367.401815,real,1.410085,-0.083396,-2.484696,0.948614,-1.735632,-0.182665
4367.409934,real,1.410084,-0.083388,-2.484429,0.948615,-1.735633,-0.182665
4367.426391,real,1.410084,-0.083373,-2.483879,0.948615,-1.735634,-0.182664
4367.434557,real,1.410084,-0.083369,-2.483742,0.948616,-1.735634,-0.182664
4367.442746,real,1.410085,-0.083361,-2.483450,0.948621,-1.735634,-0.182664
4367.451015,real,1.410084,-0.083351,-2.483133,0.948635,-1.735634,-0.182664
4367.459126,real,1.410084,-0.083339,-2.482822,0.948656,-1.735635,-0.182664
4367.475375,real,1.410084,-0.083305,-2.482159,0.948721,-1.735637,-0.182664
4367.483528,real,1.410084,-0.083277,-2.481596,0.948835,-1.735638,-0.182664
4367.491735,real,1.410084,-0.083260,-2.481213,0.948935,-1.735638,-0.182664
4367.500049,real,1.410084,-0.083245,-2.480809,0.949062,-1.735638,-0.182664
4367.516504,real,1.410083,-0.083215,-2.479919,0.949450,-1.735643,-0.182664
4367.524830,real,1.410082,-0.083196,-2.479449,0.949726,-1.735645,-0.182664
4367.532930,real,1.410080,-0.083174,-2.478953,0.950095,-1.735649,-0.182664
4367.541120,real,1.410079,-0.083145,-2.478436,0.950586,-1.735653,-0.182664
4367.549198,real,1.410079,-0.083109,-2.477879,0.951187,-1.735655,-0.182664
4367.565574,real,1.410078,-0.083010,-2.476694,0.952699,-1.735659,-0.182664
4367.574038,real,1.410077,-0.082946,-2.476067,0.953676,-1.735660,-0.182664
4367.582156,real,1.410076,-0.082870,-2.475382,0.954840,-1.735660,-0.182664
4367.590357,real,1.410075,-0.082783,-2.474634,0.956186,-1.735661,-0.182663
4367.598492,real,1.410075,-0.082687,-2.473851,0.957668,-1.735661,-0.182663
4367.615152,real,1.410074,-0.082402,-2.471671,0.962115,-1.735661,-0.182663
4367.623499,real,1.410074,-0.082280,-2.470712,0.964181,-1.735661,-0.182663
4367.631296,real,1.410074,-0.082155,-2.469708,0.966339,-1.735661,-0.182663
4367.639508,real,1.410074,-0.082019,-2.468644,0.968596,-1.735661,-0.182663
4367.655820,real,1.410075,-0.081685,-2.466371,0.973469,-1.735660,-0.182663
4367.663931,real,1.410075,-0.081475,-2.465162,0.976081,-1.735660,-0.182663
4367.672222,real,1.410075,-0.081246,-2.463892,0.978751,-1.735660,-0.182664
4367.680319,real,1.410075,-0.080999,-2.462568,0.981438,-1.735660,-0.182664
4367.688586,real,1.410075,-0.080725,-2.461195,0.984172,-1.735659,-0.182664
4367.704821,real,1.410075,-0.080125,-2.458298,0.989754,-1.735658,-0.182664
4367.712956,real,1.410076,-0.079787,-2.456792,0.992534,-1.735655,-0.182664
4367.721202,real,1.410076,-0.079433,-2.455221,0.995367,-1.735654,-0.182664
4367.729342,real,1.410076,-0.079061,-2.453597,0.998170,-1.735653,-0.182665
4367.745732,real,1.410076,-0.078319,-2.450328,1.003771,-1.735651,-0.182665
4367.753820,real,1.410077,-0.077775,-2.447807,1.008185,-1.735650,-0.182665
4367.762061,real,1.410079,-0.077421,-2.446167,1.011184,-1.735645,-0.182666
4367.770311,real,1.410079,-0.077069,-2.444561,1.014148,-1.735641,-0.182665
4367.778488,real,1.410080,-0.076723,-2.442943,1.017147,-1.735639,-0.182666
4367.794755,real,1.410081,-0.075990,-2.439584,1.023195,-1.735632,-0.182665
4367.803382,real,1.410083,-0.075596,-2.437943,1.026313,-1.735631,-0.182666
4367.811235,real,1.410084,-0.075188,-2.436341,1.029437,-1.735628,-0.182665
4367.819283,real,1.410085,-0.074767,-2.434714,1.032608,-1.735626,-0.182665
4367.835659,real,1.410084,-0.073886,-2.431482,1.038944,-1.735616,-0.182665
4367.843865,real,1.410084,-0.073439,-2.429924,1.042115,-1.735606,-0.182666
4367.851921,real,1.410085,-0.072995,-2.428392,1.045198,-1.735579,-0.182666
4367.860200,real,1.410086,-0.072553,-2.426873,1.048254,-1.735518,-0.182666
4367.868409,real,1.410090,-0.071905,-2.424619,1.052814,-1.735330,-0.182666
4367.884667,real,1.410091,-0.071280,-2.422437,1.057383,-1.735037,-0.182666
4367.892862,real,1.410092,-0.070861,-2.421029,1.060395,-1.734822,-0.182667
4367.900992,real,1.410095,-0.070438,-2.419648,1.063343,-1.734615,-0.182667
4367.909269,real,1.410102,-0.070008,-2.418307,1.066271,-1.734389,-0.182667
4367.925714,real,1.410125,-0.069131,-2.415829,1.071948,-1.733859,-0.182668
4367.933796,real,1.410135,-0.068674,-2.414709,1.074701,-1.733544,-0.182668
4367.941981,real,1.410145,-0.068207,-2.413644,1.077377,-1.733203,-0.182669
4367.950065,real,1.410155,-0.067743,-2.412636,1.080005,-1.732861,-0.182669
4367.958604,real,1.410162,-0.067284,-2.411702,1.082546,-1.732527,-0.182670
4367.975319,real,1.410164,-0.066401,-2.409994,1.087454,-1.731906,-0.182671
4367.983238,real,1.410164,-0.065986,-2.409212,1.089745,-1.731605,-0.182672
4367.991262,real,1.410164,-0.065394,-2.408142,1.093015,-1.731142,-0.182673
4367.999307,real,1.410164,-0.065019,-2.407501,1.095064,-1.730824,-0.182673
4368.015834,real,1.410164,-0.064310,-2.406378,1.098846,-1.730160,-0.182675
4368.024190,real,1.410164,-0.063962,-2.405914,1.100589,-1.729788,-0.182677
4368.032261,real,1.410164,-0.063617,-2.405521,1.102240,-1.729368,-0.182679
4368.040476,real,1.410166,-0.063272,-2.405196,1.103802,-1.728866,-0.182680
4368.048596,real,1.410169,-0.062945,-2.404965,1.105222,-1.728269,-0.182681
4368.064928,real,1.410177,-0.062341,-2.404759,1.107661,-1.726862,-0.182684
4368.073264,real,1.410177,-0.062077,-2.404766,1.108749,-1.726097,-0.182685
4368.081488,real,1.410177,-0.061843,-2.404791,1.109781,-1.725290,-0.182688
4368.089702,real,1.410178,-0.061640,-2.404830,1.110760,-1.724415,-0.182689
4368.106084,real,1.410183,-0.061373,-2.404966,1.112500,-1.722387,-0.182693
4368.114394,real,1.410184,-0.061311,-2.405036,1.113230,-1.721172,-0.182695
4368.122558,real,1.410184,-0.061292,-2.405118,1.113877,-1.719853,-0.182697
4368.130804,real,1.410184,-0.061297,-2.405230,1.114458,-1.718453,-0.182698
4368.139190,real,1.410184,-0.061297,-2.405428,1.115251,-1.716171,-0.182700
4368.155167,real,1.410184,-0.061299,-2.405678,1.116170,-1.712853,-0.182704
4368.163777,real,1.410184,-0.061301,-2.405816,1.116564,-1.711181,-0.182706
4368.171985,real,1.410184,-0.061305,-2.405957,1.116882,-1.709485,-0.182709
4368.180450,real,1.410184,-0.061310,-2.406094,1.117103,-1.707746,-0.182712
4368.188554,real,1.410183,-0.061316,-2.406231,1.117222,-1.706014,-0.182715
4368.204883,real,1.410184,-0.061332,-2.406539,1.117236,-1.702591,-0.182726
4368.213076,real,1.410183,-0.061339,-2.406685,1.117230,-1.700862,-0.182735
4368.221651,real,1.410184,-0.061346,-2.406824,1.117218,-1.699190,-0.182746
4368.229838,real,1.410184,-0.061352,-2.406978,1.117205,-1.697563,-0.182763
4368.246152,real,1.410184,-0.061357,-2.407342,1.117198,-1.694297,-0.182827
4368.254260,real,1.410184,-0.061357,-2.407554,1.117196,-1.692699,-0.182880
4368.262577,real,1.410184,-0.061357,-2.407907,1.117190,-1.690307,-0.183008
4368.270653,real,1.410184,-0.061357,-2.408173,1.117190,-1.688681,-0.183137
4368.278883,real,1.410184,-0.061356,-2.408461,1.117190,-1.687087,-0.183295
4368.295419,real,1.410184,-0.061356,-2.409032,1.117191,-1.684038,-0.183683
4368.303334,real,1.410184,-0.061356,-2.409350,1.117191,-1.682568,-0.183927
4368.311569,real,1.410184,-0.061356,-2.409694,1.117190,-1.681163,-0.184211
4368.319698,real,1.410184,-0.061356,-2.410025,1.117190,-1.679836,-0.184550
4368.336036,real,1.410184,-0.061356,-2.410737,1.117185,-1.677255,-0.185498
4368.344205,real,1.410184,-0.061357,-2.411119,1.117183,-1.675946,-0.186158
4368.352305,real,1.410184,-0.061357,-2.411502,1.117182,-1.674653,-0.186944
4368.360541,real,1.410184,-0.061357,-2.411895,1.117176,-1.673404,-0.187848
4368.368659,real,1.410184,-0.061357,-2.412297,1.117168,-1.672186,-0.188899
4368.385045,real,1.410184,-0.061358,-2.413141,1.117149,-1.669813,-0.191578
4368.393157,real,1.410184,-0.061358,-2.413562,1.117137,-1.668695,-0.193248
4368.401348,real,1.410184,-0.061358,-2.414003,1.117127,-1.667685,-0.195118
4368.409524,real,1.410184,-0.061358,-2.414681,1.117119,-1.666365,-0.198180
4368.425827,real,1.410184,-0.061358,-2.415605,1.117106,-1.664927,-0.202567
4368.433927,real,1.410184,-0.061358,-2.416092,1.117096,-1.664297,-0.204955
4368.442073,real,1.410184,-0.061358,-2.416573,1.117083,-1.663706,-0.207474
4368.450281,real,1.410184,-0.061358,-2.417062,1.117068,-1.663180,-0.210125
4368.458545,real,1.410184,-0.061358,-2.417542,1.117048,-1.662753,-0.212923
4368.475296,real,1.410184,-0.061358,-2.418533,1.117010,-1.662238,-0.218709
4368.483520,real,1.410184,-0.061358,-2.419026,1.116995,-1.662156,-0.221678
4368.491679,real,1.410184,-0.061359,-2.419512,1.116978,-1.662154,-0.224734
4368.499848,real,1.410183,-0.061360,-2.420019,1.116957,-1.662155,-0.227881
4368.516251,real,1.410184,-0.061361,-2.421039,1.116912,-1.662162,-0.234356
4368.524418,real,1.410184,-0.061362,-2.421535,1.116893,-1.662163,-0.237678
4368.532773,real,1.410184,-0.061364,-2.422047,1.116869,-1.662164,-0.241061
4368.540727,real,1.410184,-0.061366,-2.422564,1.116847,-1.662165,-0.244532
4368.548999,real,1.410184,-0.061369,-2.423072,1.116824,-1.662166,-0.248076
4368.565309,real,1.410184,-0.061374,-2.424034,1.116766,-1.662170,-0.255452
4368.573545,real,1.410184,-0.061376,-2.424520,1.116735,-1.662172,-0.259257
4368.581692,real,1.410183,-0.061376,-2.424991,1.116702,-1.662174,-0.263091
4368.589728,real,1.410184,-0.061377,-2.425431,1.116665,-1.662176,-0.266923
4368.606061,real,1.410184,-0.061377,-2.426251,1.116545,-1.662177,-0.274455
4368.614277,real,1.410184,-0.061377,-2.426631,1.116459,-1.662178,-0.278062
4368.622438,real,1.410184,-0.061378,-2.426971,1.116348,-1.662178,-0.281519
4368.630619,real,1.410184,-0.061379,-2.427283,1.116207,-1.662178,-0.284842
4368.638689,real,1.410184,-0.061382,-2.427564,1.116027,-1.662178,-0.288032
4368.655451,real,1.410184,-0.061401,-2.428038,1.115543,-1.662178,-0.293931
4368.663629,real,1.410184,-0.061432,-2.428299,1.115032,-1.662178,-0.297790
4368.671460,real,1.410184,-0.061462,-2.428411,1.114605,-1.662177,-0.300105
4368.679595,real,1.410185,-0.061499,-2.428485,1.114116,-1.662174,-0.302252
4368.695952,real,1.410190,-0.061581,-2.428539,1.112892,-1.662171,-0.305966
4368.704059,real,1.410198,-0.061619,-2.428537,1.112131,-1.662168,-0.307514
4368.712286,real,1.410205,-0.061655,-2.428535,1.111300,-1.662167,-0.308845
4368.720422,real,1.410210,-0.061682,-2.428535,1.110421,-1.662168,-0.309970
4368.728586,real,1.410209,-0.061695,-2.428534,1.109513,-1.662169,-0.310890
4368.744914,real,1.410209,-0.061693,-2.428532,1.107671,-1.662172,-0.312101
4368.753061,real,1.410209,-0.061693,-2.428529,1.106745,-1.662173,-0.312419
4368.761290,real,1.410207,-0.061692,-2.428519,1.105330,-1.662176,-0.312586
4368.769485,real,1.410204,-0.061692,-2.428516,1.104353,-1.662180,-0.312582
4368.785809,real,1.410202,-0.061692,-2.428516,1.102501,-1.662181,-0.312578
4368.793914,real,1.410201,-0.061692,-2.428515,1.101670,-1.662185,-0.312575
4368.802086,real,1.410200,-0.061692,-2.428515,1.100891,-1.662192,-0.312573
4368.810543,real,1.410199,-0.061692,-2.428514,1.100166,-1.662196,-0.312572
4368.818669,real,1.410197,-0.061691,-2.428511,1.099473,-1.662202,-0.312571
4368.835034,real,1.410197,-0.061688,-2.428494,1.098194,-1.662208,-0.312570
4368.843400,real,1.410197,-0.061687,-2.428490,1.097617,-1.662208,-0.312570
4368.851655,real,1.410198,-0.061687,-2.428491,1.097090,-1.662209,-0.312570
4368.859515,real,1.410198,-0.061687,-2.428491,1.096595,-1.662209,-0.312570
4368.876155,real,1.410198,-0.061688,-2.428493,1.095958,-1.662209,-0.312570
4368.884406,real,1.410199,-0.061689,-2.428496,1.095425,-1.662209,-0.312571
4368.892531,real,1.410199,-0.061689,-2.428496,1.095108,-1.662210,-0.312571
4368.900670,real,1.410199,-0.061689,-2.428495,1.094837,-1.662210,-0.312570
4368.908845,real,1.410198,-0.061689,-2.428494,1.094613,-1.662211,-0.312570
4368.925138,real,1.410197,-0.061688,-2.428490,1.094317,-1.662212,-0.312569
4368.933626,real,1.410198,-0.061687,-2.428487,1.094204,-1.662212,-0.312569
4368.941687,real,1.410198,-0.061687,-2.428479,1.094134,-1.662212,-0.312568
4368.949973,real,1.410197,-0.061687,-2.428469,1.094098,-1.662212,-0.312567
4368.966208,real,1.410196,-0.061688,-2.428470,1.094098,-1.662215,-0.312567
4368.974418,real,1.410196,-0.061688,-2.428476,1.094100,-1.662216,-0.312566
4368.982629,real,1.410196,-0.061688,-2.428482,1.094099,-1.662217,-0.312566
4368.990650,real,1.410197,-0.061689,-2.428483,1.094097,-1.662222,-0.312564
4368.998829,real,1.410197,-0.061688,-2.428483,1.094094,-1.662234,-0.312560
4369.015557,real,1.410196,-0.061688,-2.428481,1.094088,-1.662282,-0.312552
4369.023559,real,1.410196,-0.061688,-2.428481,1.094088,-1.662287,-0.312550
4369.031720,real,1.410197,-0.061688,-2.428480,1.094088,-1.662287,-0.312547
4369.039774,real,1.410197,-0.061688,-2.428479,1.094090,-1.662287,-0.312544
4369.056175,real,1.410195,-0.061688,-2.428479,1.094091,-1.662287,-0.312533
4369.064346,real,1.410194,-0.061689,-2.428480,1.094090,-1.662287,-0.312525
4369.072497,real,1.410194,-0.061689,-2.428480,1.094089,-1.662287,-0.312515
4369.080863,real,1.410194,-0.061690,-2.428481,1.094087,-1.662288,-0.312504
4369.089031,real,1.410194,-0.061690,-2.428481,1.094084,-1.662289,-0.312492
4369.105429,real,1.410190,-0.061690,-2.428483,1.094062,-1.662296,-0.312450
4369.113551,real,1.410185,-0.061690,-2.428483,1.094026,-1.662311,-0.312415
4369.122068,real,1.410183,-0.061690,-2.428483,1.093978,-1.662320,-0.312365
4369.130150,real,1.410184,-0.061690,-2.428483,1.093899,-1.662323,-0.312300
4369.138330,real,1.410185,-0.061690,-2.428484,1.093797,-1.662323,-0.312213
4369.154786,real,1.410184,-0.061691,-2.428484,1.093346,-1.662323,-0.311881
4369.162889,real,1.410184,-0.061692,-2.428484,1.093055,-1.662323,-0.311692
4369.171100,real,1.410184,-0.061693,-2.428484,1.092706,-1.662323,-0.311475
4369.179522,real,1.410184,-0.061694,-2.428485,1.092300,-1.662322,-0.311228
4369.195715,real,1.410184,-0.061695,-2.428485,1.091245,-1.662321,-0.310611
4369.203947,real,1.410184,-0.061695,-2.428485,1.090578,-1.662321,-0.310241
4369.212103,real,1.410184,-0.061696,-2.428485,1.089808,-1.662321,-0.309817
4369.220385,real,1.410184,-0.061696,-2.428487,1.088902,-1.662320,-0.309325
4369.228494,real,1.410184,-0.061697,-2.428488,1.087853,-1.662318,-0.308742
4369.244857,real,1.410184,-0.061698,-2.428491,1.085401,-1.662314,-0.307267
4369.253277,real,1.410184,-0.061698,-2.428491,1.084044,-1.662313,-0.306364
4369.261436,real,1.410184,-0.061698,-2.428491,1.082622,-1.662313,-0.305346
4369.269889,real,1.410184,-0.061698,-2.428492,1.081137,-1.662312,-0.304194
4369.286206,real,1.410185,-0.061698,-2.428494,1.077317,-1.662311,-0.300766
4369.294320,real,1.410185,-0.061699,-2.428498,1.075815,-1.662311,-0.299253
4369.302582,real,1.410185,-0.061699,-2.428505,1.074322,-1.662311,-0.297679
4369.310717,real,1.410185,-0.061700,-2.428511,1.072825,-1.662311,-0.296025
4369.318950,real,1.410185,-0.061702,-2.428516,1.071369,-1.662311,-0.294270
4369.335667,real,1.410185,-0.061703,-2.428519,1.068635,-1.662310,-0.290461
4369.343657,real,1.410185,-0.061703,-2.428519,1.067320,-1.662310,-0.288360
4369.351569,real,1.410185,-0.061703,-2.428519,1.066025,-1.662309,-0.286162
4369.359683,real,1.410185,-0.061703,-2.428518,1.064720,-1.662309,-0.283869
4369.376052,real,1.410185,-0.061702,-2.428516,1.062195,-1.662308,-0.278869
4369.384144,real,1.410185,-0.061702,-2.428516,1.060981,-1.662308,-0.276197
4369.392327,real,1.410185,-0.061702,-2.428516,1.059784,-1.662308,-0.273360
4369.400574,real,1.410185,-0.061702,-2.428516,1.058606,-1.662307,-0.270371
4369.408807,real,1.410185,-0.061702,-2.428516,1.057433,-1.662307,-0.267225
4369.425594,real,1.410184,-0.061702,-2.428514,1.054705,-1.662308,-0.258468
4369.433653,real,1.410184,-0.061702,-2.428512,1.053716,-1.662308,-0.254614
4369.441808,real,1.410183,-0.061701,-2.428510,1.052769,-1.662308,-0.250603
4369.449903,real,1.410183,-0.061700,-2.428507,1.051863,-1.662308,-0.246436
4369.466280,real,1.410183,-0.061700,-2.428504,1.050170,-1.662308,-0.237632
4369.474486,real,1.410183,-0.061699,-2.428502,1.049373,-1.662308,-0.233046
4369.482546,real,1.410183,-0.061699,-2.428501,1.048612,-1.662308,-0.228288
4369.490712,real,1.410182,-0.061699,-2.428500,1.047899,-1.662309,-0.223373
4369.498828,real,1.410181,-0.061699,-2.428501,1.047225,-1.662309,-0.218339
4369.515192,real,1.410179,-0.061699,-2.428501,1.046008,-1.662310,-0.207905
4369.523720,real,1.410178,-0.061698,-2.428500,1.045475,-1.662310,-0.202477
4369.531554,real,1.410177,-0.061697,-2.428500,1.044998,-1.662311,-0.196919
4369.539822,real,1.410174,-0.061696,-2.428499,1.044592,-1.662312,-0.191223
4369.556160,real,1.410169,-0.061695,-2.428493,1.044004,-1.662313,-0.179436
4369.564256,real,1.410166,-0.061695,-2.428491,1.043816,-1.662313,-0.173364
4369.572486,real,1.410163,-0.061695,-2.428491,1.043699,-1.662314,-0.167193
4369.580528,real,1.410158,-0.061695,-2.428491,1.043645,-1.662315,-0.160910
4369.588750,real,1.410150,-0.061695,-2.428491,1.043638,-1.662315,-0.154548
4369.605177,real,1.410123,-0.061695,-2.428491,1.043639,-1.662316,-0.141495
4369.613406,real,1.410108,-0.061695,-2.428491,1.043640,-1.662316,-0.134856
4369.621611,real,1.410098,-0.061695,-2.428491,1.043641,-1.662317,-0.128135
4369.630029,real,1.410094,-0.061695,-2.428491,1.043642,-1.662317,-0.121338
4369.646404,real,1.410093,-0.061695,-2.428489,1.043645,-1.662318,-0.107530
4369.654647,real,1.410093,-0.061694,-2.428489,1.043645,-1.662319,-0.100512
4369.662779,real,1.410093,-0.061694,-2.428489,1.043645,-1.662319,-0.093451
4369.671143,real,1.410093,-0.061694,-2.428489,1.043645,-1.662320,-0.086358
4369.679543,real,1.410093,-0.061694,-2.428489,1.043645,-1.662321,-0.079237
4369.695564,real,1.410093,-0.061694,-2.428490,1.043646,-1.662325,-0.061357
4369.703709,real,1.410093,-0.061694,-2.428490,1.043647,-1.662325,-0.054198
4369.711846,real,1.410093,-0.061694,-2.428490,1.043647,-1.662326,-0.047028
4369.720055,real,1.410093,-0.061694,-2.428490,1.043648,-1.662326,-0.039836
4369.736480,real,1.410093,-0.061694,-2.428490,1.043649,-1.662329,-0.025418
4369.744530,real,1.410093,-0.061694,-2.428490,1.043649,-1.662331,-0.018213
4369.752701,real,1.410093,-0.061694,-2.428491,1.043651,-1.662332,-0.011046
4369.760925,real,1.410093,-0.061694,-2.428491,1.043651,-1.662332,-0.003907
4369.769112,real,1.410093,-0.061694,-2.428492,1.043651,-1.662333,0.003179
4369.785491,real,1.410093,-0.061694,-2.428492,1.043651,-1.662334,0.017275
4369.793568,real,1.410093,-0.061694,-2.428492,1.043651,-1.662334,0.024275
4369.801688,real,1.410093,-0.061694,-2.428492,1.043651,-1.662334,0.031249
4369.809900,real,1.410093,-0.061694,-2.428493,1.043651,-1.662335,0.038214
4369.826368,real,1.410093,-0.061694,-2.428492,1.043653,-1.662336,0.055480
4369.834530,real,1.410093,-0.061694,-2.428492,1.043653,-1.662336,0.062324
4369.842550,real,1.410093,-0.061694,-2.428492,1.043653,-1.662336,0.069146
4369.850735,real,1.410093,-0.061694,-2.428492,1.043654,-1.662336,0.075954
4369.858965,real,1.410093,-0.061694,-2.428492,1.043653,-1.662336,0.082736
4369.875760,real,1.410093,-0.061694,-2.428493,1.043653,-1.662337,0.096259
4369.883795,real,1.410093,-0.061694,-2.428493,1.043653,-1.662337,0.103035
4369.891697,real,1.410094,-0.061694,-2.428494,1.043653,-1.662337,0.109829
4369.899701,real,1.410093,-0.061694,-2.428493,1.043653,-1.662337,0.116666
4369.916153,real,1.410093,-0.061695,-2.428493,1.043653,-1.662337,0.130321
4369.924347,real,1.410094,-0.061694,-2.428493,1.043652,-1.662337,0.137146
4369.932515,real,1.410094,-0.061694,-2.428493,1.043652,-1.662337,0.143946
4369.940697,real,1.410094,-0.061694,-2.428493,1.043652,-1.662337,0.150732
4369.948834,real,1.410095,-0.061695,-2.428493,1.043652,-1.662336,0.157466
4369.965220,real,1.410096,-0.061695,-2.428494,1.043652,-1.662335,0.173957
4369.973402,real,1.410097,-0.061695,-2.428494,1.043652,-1.662334,0.180407
4369.981785,real,1.410099,-0.061695,-2.428495,1.043652,-1.662332,0.186758
4369.990015,real,1.410103,-0.061695,-2.428495,1.043652,-1.662328,0.193044
4370.006326,real,1.410109,-0.061695,-2.428494,1.043652,-1.662317,0.205242
4370.014468,real,1.410113,-0.061695,-2.428494,1.043652,-1.662309,0.211186
4370.022659,real,1.410117,-0.061695,-2.428494,1.043652,-1.662296,0.217015
4370.030764,real,1.410125,-0.061695,-2.428494,1.043652,-1.662274,0.222739
4370.038964,real,1.410138,-0.061695,-2.428495,1.043652,-1.662235,0.228367
4370.055377,real,1.410205,-0.061695,-2.428495,1.043652,-1.662054,0.239274
4370.063609,real,1.410255,-0.061695,-2.428495,1.043652,-1.661880,0.244510
4370.071689,real,1.410304,-0.061695,-2.428495,1.043652,-1.661619,0.249615
4370.079801,real,1.410350,-0.061696,-2.428495,1.043652,-1.661257,0.254596
4370.096163,real,1.410432,-0.061696,-2.428496,1.043652,-1.660099,0.264152
4370.104507,real,1.410470,-0.061696,-2.428496,1.043652,-1.659245,0.268772
4370.112508,real,1.410507,-0.061696,-2.428496,1.043652,-1.658222,0.273276
4370.120676,real,1.410543,-0.061696,-2.428495,1.043653,-1.656982,0.277625
4370.128912,real,1.410582,-0.061696,-2.428495,1.043653,-1.655486,0.281837
4370.145543,real,1.410687,-0.061695,-2.428496,1.043653,-1.651811,0.289962
4370.153786,real,1.410757,-0.061695,-2.428497,1.043653,-1.649634,0.293873
4370.161840,real,1.410844,-0.061695,-2.428496,1.043654,-1.647245,0.297695
4370.170052,real,1.410951,-0.061695,-2.428496,1.043654,-1.644650,0.301460
4370.178308,real,1.411080,-0.061694,-2.428496,1.043655,-1.641803,0.305146
4370.194631,real,1.411389,-0.061694,-2.428496,1.043656,-1.635435,0.312299
4370.202756,real,1.411559,-0.061694,-2.428495,1.043656,-1.631980,0.315752
4370.210947,real,1.411836,-0.061694,-2.428496,1.043656,-1.626553,0.320698
4370.219073,real,1.412046,-0.061694,-2.428496,1.043657,-1.622791,0.323840
4370.235750,real,1.412508,-0.061695,-2.428496,1.043657,-1.615155,0.329869
4370.243896,real,1.412771,-0.061695,-2.428496,1.043657,-1.611261,0.332783
4370.251740,real,1.413068,-0.061695,-2.428496,1.043657,-1.607299,0.335582
4370.259880,real,1.413393,-0.061695,-2.428496,1.043657,-1.603287,0.338273
4370.276241,real,1.414160,-0.061695,-2.428496,1.043657,-1.595199,0.343423
4370.284438,real,1.414601,-0.061695,-2.428495,1.043657,-1.591108,0.345908
4370.292556,real,1.415078,-0.061695,-2.428495,1.043658,-1.587111,0.348301
4370.300701,real,1.415584,-0.061695,-2.428495,1.043658,-1.583172,0.350572
4370.308974,real,1.416118,-0.061695,-2.428495,1.043660,-1.579318,0.352704
4370.325327,real,1.417214,-0.061695,-2.428495,1.043664,-1.571766,0.356559
4370.333540,real,1.417773,-0.061695,-2.428496,1.043666,-1.568060,0.358302
4370.341724,real,1.418652,-0.061695,-2.428496,1.043666,-1.562514,0.360736
4370.349855,real,1.419284,-0.061695,-2.428496,1.043667,-1.558831,0.362289
4370.366181,real,1.420671,-0.061694,-2.428495,1.043670,-1.551570,0.365201
4370.374385,real,1.421415,-0.061694,-2.428495,1.043680,-1.548029,0.366530
4370.382556,real,1.422173,-0.061692,-2.428495,1.043687,-1.544524,0.367793
4370.390719,real,1.422944,-0.061690,-2.428495,1.043696,-1.541115,0.369025
4370.398867,real,1.423741,-0.061687,-2.428495,1.043705,-1.537774,0.370229
4370.415536,real,1.425476,-0.061686,-2.428495,1.043727,-1.531262,0.372496
4370.423853,real,1.426405,-0.061686,-2.428495,1.043739,-1.528107,0.373568
4370.431594,real,1.427349,-0.061686,-2.428495,1.043744,-1.525028,0.374631
4370.439837,real,1.428309,-0.061686,-2.428496,1.043748,-1.522018,0.375704
4370.456151,real,1.430339,-0.061686,-2.428497,1.043761,-1.516000,0.377795
4370.464267,real,1.431408,-0.061686,-2.428496,1.043776,-1.513015,0.378780
4370.472508,real,1.432483,-0.061686,-2.428495,1.043808,-1.510159,0.379711
4370.480552,real,1.433552,-0.061686,-2.428494,1.043847,-1.507392,0.380612
4370.488783,real,1.434635,-0.061686,-2.428495,1.043891,-1.504711,0.381479
4370.505070,real,1.437519,-0.061685,-2.428496,1.043999,-1.498247,0.383535
4370.513203,real,1.438693,-0.061686,-2.428495,1.044033,-1.495820,0.384321
4370.521392,real,1.439880,-0.061686,-2.428495,1.044057,-1.493484,0.385078
4370.529500,real,1.441111,-0.061686,-2.428496,1.044069,-1.491227,0.385798
4370.545823,real,1.443668,-0.061686,-2.428498,1.044069,-1.486755,0.387131
4370.553994,real,1.444970,-0.061686,-2.428497,1.044070,-1.484504,0.387761
4370.562186,real,1.446305,-0.061686,-2.428496,1.044071,-1.482259,0.388361
4370.570450,real,1.447662,-0.061686,-2.428495,1.044071,-1.480034,0.388914
4370.578585,real,1.449028,-0.061686,-2.428495,1.044071,-1.477883,0.389413
4370.595093,real,1.451846,-0.061686,-2.428495,1.044071,-1.473660,0.390256
4370.603150,real,1.453296,-0.061685,-2.428496,1.044072,-1.471640,0.390602
4370.611713,real,1.454754,-0.061686,-2.428496,1.044072,-1.469649,0.390897
4370.619570,real,1.456224,-0.061686,-2.428496,1.044073,-1.467678,0.391132
4370.636085,real,1.459226,-0.061686,-2.428496,1.044075,-1.463968,0.391404
4370.644315,real,1.460744,-0.061686,-2.428496,1.044077,-1.462183,0.391440
4370.652524,real,1.463078,-0.061685,-2.428496,1.044079,-1.459646,0.391442
4370.660768,real,1.464638,-0.061685,-2.428496,1.044080,-1.458054,0.391442
4370.668867,real,1.466205,-0.061685,-2.428495,1.044085,-1.456483,0.391442
4370.685437,real,1.469394,-0.061685,-2.428494,1.044087,-1.453413,0.391442
4370.693642,real,1.470999,-0.061685,-2.428495,1.044089,-1.451941,0.391442
4370.701785,real,1.472632,-0.061685,-2.428495,1.044090,-1.450502,0.391442
4370.710060,real,1.474266,-0.061685,-2.428494,1.044090,-1.449122,0.391442
4370.726513,real,1.477522,-0.061685,-2.428493,1.044093,-1.446559,0.391442
4370.734633,real,1.479173,-0.061685,-2.428494,1.044093,-1.445316,0.391442
4370.742841,real,1.480807,-0.061685,-2.428495,1.044094,-1.444081,0.391443
4370.751013,real,1.482460,-0.061685,-2.428495,1.044098,-1.442827,0.391443
4370.759204,real,1.483291,-0.061685,-2.428494,1.044101,-1.442205,0.391442
4370.775661,real,1.486559,-0.061685,-2.428493,1.044106,-1.439810,0.391443
4370.783892,real,1.488202,-0.061685,-2.428493,1.044116,-1.438605,0.391443
4370.791839,real,1.489856,-0.061685,-2.428493,1.044122,-1.437387,0.391443
4370.799958,real,1.492310,-0.061684,-2.428494,1.044130,-1.435621,0.391443
4370.816403,real,1.495659,-0.061683,-2.428493,1.044150,-1.433446,0.391443
4370.824484,real,1.497339,-0.061683,-2.428494,1.044155,-1.432408,0.391442
4370.832696,real,1.499053,-0.061683,-2.428494,1.044162,-1.431363,0.391442
4370.840859,real,1.500774,-0.061683,-2.428493,1.044166,-1.430296,0.391442
4370.849012,real,1.502494,-0.061683,-2.428493,1.044169,-1.429271,0.391442
4370.865451,real,1.505980,-0.061683,-2.428493,1.044178,-1.427342,0.391442
4370.873524,real,1.507711,-0.061683,-2.428493,1.044181,-1.426381,0.391442
4370.881660,real,1.509464,-0.061683,-2.428493,1.044186,-1.425405,0.391442
4370.889849,real,1.511211,-0.061683,-2.428493,1.044195,-1.424390,0.391442
4370.906164,real,1.514689,-0.061683,-2.428493,1.044219,-1.422356,0.391442
4370.914339,real,1.516411,-0.061683,-2.428493,1.044236,-1.421409,0.391442
4370.922475,real,1.518119,-0.061683,-2.428493,1.044254,-1.420476,0.391442
4370.930811,real,1.519838,-0.061683,-2.428493,1.044277,-1.419546,0.391442
4370.938873,real,1.522410,-0.061683,-2.428494,1.044315,-1.418122,0.391442
4370.955481,real,1.525847,-0.061682,-2.428492,1.044401,-1.416171,0.391442
4370.963997,real,1.527535,-0.061682,-2.428492,1.044447,-1.415202,0.391442
4370.971788,real,1.529229,-0.061682,-2.428492,1.044510,-1.414204,0.391442
4370.979848,real,1.530932,-0.061682,-2.428493,1.044580,-1.413172,0.391442
4370.996105,real,1.534311,-0.061682,-2.428494,1.044734,-1.410842,0.391442
4371.004228,real,1.536004,-0.061682,-2.428493,1.044827,-1.409536,0.391442
4371.012454,real,1.537671,-0.061682,-2.428493,1.044923,-1.408146,0.391442
4371.020537,real,1.539328,-0.061682,-2.428493,1.045022,-1.406638,0.391442
4371.028774,real,1.541003,-0.061682,-2.428494,1.045127,-1.405004,0.391442
4371.045104,real,1.544327,-0.061682,-2.428494,1.045319,-1.401471,0.391442
4371.053254,real,1.546017,-0.061682,-2.428493,1.045410,-1.399610,0.391442
4371.061487,real,1.547696,-0.061682,-2.428493,1.045494,-1.397639,0.391442
4371.069574,real,1.549379,-0.061682,-2.428494,1.045562,-1.395592,0.391442
4371.085954,real,1.552799,-0.061682,-2.428494,1.045640,-1.391259,0.391442
4371.094102,real,1.555376,-0.061682,-2.428493,1.045651,-1.387862,0.391442
4371.102409,real,1.557109,-0.061682,-2.428493,1.045652,-1.385573,0.391442
4371.110452,real,1.558830,-0.061682,-2.428494,1.045651,-1.383222,0.391442
4371.118573,real,1.560556,-0.061682,-2.428494,1.045652,-1.380839,0.391442
4371.134875,real,1.564019,-0.061683,-2.428494,1.045651,-1.375819,0.391443
4371.143072,real,1.565749,-0.061683,-2.428494,1.045651,-1.373230,0.391442
4371.151142,real,1.567482,-0.061683,-2.428493,1.045651,-1.370594,0.391442
4371.159900,real,1.569184,-0.061683,-2.428493,1.045651,-1.367962,0.391442
4371.175807,real,1.572591,-0.061683,-2.428494,1.045650,-1.362505,0.391442
4371.183883,real,1.574285,-0.061683,-2.428495,1.045650,-1.359682,0.391442
4371.192061,real,1.575988,-0.061683,-2.428495,1.045650,-1.356824,0.391442
4371.200177,real,1.577704,-0.061683,-2.428494,1.045649,-1.354000,0.391442
4371.208540,real,1.579391,-0.061683,-2.428494,1.045649,-1.351177,0.391442
4371.224726,real,1.582799,-0.061683,-2.428495,1.045649,-1.345540,0.391442
4371.233136,real,1.584495,-0.061683,-2.428496,1.045649,-1.342701,0.391442
4371.241536,real,1.587059,-0.061683,-2.428495,1.045649,-1.338460,0.391442
4371.249886,real,1.588761,-0.061683,-2.428494,1.045649,-1.335627,0.391442
4371.266022,real,1.592118,-0.061683,-2.428494,1.045648,-1.329859,0.391442
4371.274154,real,1.593805,-0.061683,-2.428494,1.045648,-1.326903,0.391442
4371.282340,real,1.595466,-0.061683,-2.428494,1.045648,-1.323927,0.391442
4371.290544,real,1.597140,-0.061683,-2.428493,1.045648,-1.320955,0.391442
4371.298742,real,1.598819,-0.061683,-2.428493,1.045647,-1.317959,0.391442
4371.315097,real,1.602153,-0.061683,-2.428494,1.045647,-1.311921,0.391442
4371.323180,real,1.603839,-0.061683,-2.428494,1.045647,-1.308904,0.391442
4371.331453,real,1.605505,-0.061683,-2.428494,1.045647,-1.305907,0.391442
4371.339746,real,1.607182,-0.061683,-2.428494,1.045646,-1.302949,0.391442
4371.356060,real,1.610511,-0.061684,-2.428494,1.045644,-1.297046,0.391442
4371.364239,real,1.612153,-0.061684,-2.428494,1.045644,-1.294103,0.391442
4371.372395,real,1.613800,-0.061684,-2.428494,1.045642,-1.291180,0.391442
4371.380548,real,1.615421,-0.061684,-2.428494,1.045642,-1.288262,0.391442
4371.388726,real,1.617832,-0.061684,-2.428494,1.045641,-1.283876,0.391442
4371.405309,real,1.620984,-0.061684,-2.428493,1.045639,-1.278048,0.391442
4371.413539,real,1.622532,-0.061684,-2.428494,1.045638,-1.275178,0.391442
4371.421646,real,1.624080,-0.061684,-2.428495,1.045635,-1.272313,0.391442
4371.429866,real,1.625612,-0.061684,-2.428495,1.045633,-1.269447,0.391442
4371.446192,real,1.628660,-0.061685,-2.428495,1.045631,-1.263630,0.391442
4371.454376,real,1.630166,-0.061686,-2.428495,1.045626,-1.260712,0.391442
4371.462532,real,1.631636,-0.061686,-2.428496,1.045625,-1.257781,0.391442
4371.470724,real,1.633112,-0.061686,-2.428497,1.045624,-1.254781,0.391442
4371.478964,real,1.634583,-0.061687,-2.428497,1.045622,-1.251711,0.391442
4371.495273,real,1.637446,-0.061687,-2.428496,1.045622,-1.245362,0.391441
4371.503543,real,1.638863,-0.061687,-2.428496,1.045621,-1.242118,0.391441
4371.511863,real,1.640247,-0.061686,-2.428497,1.045621,-1.238854,0.391441
4371.520119,real,1.641590,-0.061686,-2.428498,1.045621,-1.235533,0.391441
4371.528307,real,1.642915,-0.061686,-2.428498,1.045621,-1.232194,0.391441
4371.544747,real,1.646164,-0.061686,-2.428499,1.045620,-1.223823,0.391441
4371.552907,real,1.647415,-0.061686,-2.428500,1.045620,-1.220426,0.391440
4371.561034,real,1.648658,-0.061687,-2.428501,1.045619,-1.217005,0.391440
4371.569220,real,1.649901,-0.061687,-2.428504,1.045618,-1.213575,0.391440
4371.585668,real,1.652322,-0.061688,-2.428507,1.045618,-1.206569,0.391440
4371.593790,real,1.653512,-0.061689,-2.428506,1.045616,-1.202972,0.391440
4371.602014,real,1.654698,-0.061689,-2.428506,1.045615,-1.199384,0.391440
4371.610205,real,1.655871,-0.061689,-2.428505,1.045613,-1.195796,0.391440
4371.618523,real,1.657010,-0.061689,-2.428505,1.045609,-1.192243,0.391440
4371.635110,real,1.659294,-0.061690,-2.428508,1.045606,-1.185067,0.391440
4371.643413,real,1.660442,-0.061691,-2.428508,1.045603,-1.181446,0.391440
4371.651568,real,1.661558,-0.061691,-2.428508,1.045602,-1.177782,0.391440
4371.659891,real,1.662644,-0.061691,-2.428508,1.045601,-1.174034,0.391440
4371.676044,real,1.664813,-0.061691,-2.428511,1.045601,-1.166281,0.391440
4371.684227,real,1.665891,-0.061691,-2.428515,1.045601,-1.162293,0.391440
4371.692398,real,1.666944,-0.061691,-2.428515,1.045601,-1.158231,0.391440
4371.700536,real,1.667972,-0.061691,-2.428514,1.045601,-1.154121,0.391440
4371.708741,real,1.669001,-0.061691,-2.428514,1.045601,-1.149993,0.391440
4371.725081,real,1.671076,-0.061691,-2.428516,1.045600,-1.141689,0.391439
4371.733402,real,1.672075,-0.061691,-2.428515,1.045599,-1.137508,0.391440
4371.741424,real,1.673050,-0.061691,-2.428515,1.045598,-1.133319,0.391439
4371.749479,real,1.674022,-0.061691,-2.428515,1.045597,-1.129079,0.391440
4371.765934,real,1.675966,-0.061693,-2.428516,1.045589,-1.120521,0.391440
4371.773982,real,1.676907,-0.061694,-2.428515,1.045585,-1.116264,0.391440
4371.782196,real,1.677817,-0.061694,-2.428515,1.045582,-1.112024,0.391440
4371.790411,real,1.678716,-0.061695,-2.428515,1.045579,-1.107788,0.391440
4371.798492,real,1.679625,-0.061695,-2.428516,1.045575,-1.103555,0.391440
4371.814839,real,1.681428,-0.061695,-2.428515,1.045571,-1.094985,0.391440
4371.822980,real,1.682687,-0.061695,-2.428514,1.045568,-1.088480,0.391440
4371.831136,real,1.683498,-0.061696,-2.428516,1.045567,-1.084143,0.391440
4371.839347,real,1.684315,-0.061695,-2.428517,1.045564,-1.079782,0.391440
4371.855696,real,1.685948,-0.061695,-2.428517,1.045558,-1.071178,0.391440
4371.863806,real,1.686734,-0.061695,-2.428516,1.045557,-1.066965,0.391440
4371.872179,real,1.687485,-0.061695,-2.428517,1.045555,-1.062797,0.391440
4371.880265,real,1.688215,-0.061695,-2.428519,1.045552,-1.058681,0.391440
4371.888463,real,1.688947,-0.061695,-2.428520,1.045548,-1.054603,0.391440
4371.904582,real,1.690394,-0.061695,-2.428518,1.045540,-1.046577,0.391440
4371.912819,real,1.691085,-0.061695,-2.428517,1.045537,-1.042708,0.391440
4371.920887,real,1.691736,-0.061695,-2.428518,1.045531,-1.038968,0.391440
4371.929178,real,1.692343,-0.061695,-2.428520,1.045520,-1.035341,0.391440
4371.945505,real,1.693436,-0.061696,-2.428521,1.045485,-1.028411,0.391440
4371.953678,real,1.693932,-0.061695,-2.428520,1.045457,-1.025157,0.391440
4371.961787,real,1.694398,-0.061695,-2.428518,1.045419,-1.022039,0.391440
4371.970081,real,1.695035,-0.061695,-2.428517,1.045357,-1.017630,0.391440
4371.986330,real,1.695811,-0.061694,-2.428519,1.045319,-1.012298,0.391440
4371.994615,real,1.696168,-0.061694,-2.428518,1.045319,-1.009926,0.391440
4372.002830,real,1.696485,-0.061694,-2.428517,1.045319,-1.007781,0.391440
4372.010967,real,1.696754,-0.061693,-2.428516,1.045320,-1.005894,0.391440
4372.019067,real,1.696965,-0.061693,-2.428515,1.045320,-1.004243,0.391439
4372.035557,real,1.697188,-0.061693,-2.428516,1.045320,-1.001700,0.391439
4372.043528,real,1.697213,-0.061693,-2.428517,1.045320,-1.000851,0.391439
4372.052170,real,1.697194,-0.061692,-2.428516,1.045321,-1.000293,0.391439
4372.060048,real,1.697155,-0.061692,-2.428514,1.045321,-1.000011,0.391439
4372.076336,real,1.697028,-0.061692,-2.428510,1.045322,-1.000044,0.391438
4372.084417,real,1.696943,-0.061692,-2.428510,1.045322,-1.000156,0.391438
4372.092524,real,1.696849,-0.061691,-2.428510,1.045324,-1.000370,0.391438
4372.100882,real,1.696753,-0.061690,-2.428509,1.045323,-1.000736,0.391438
4372.108986,real,1.696655,-0.061690,-2.428505,1.045324,-1.001265,0.391437
4372.125443,real,1.696380,-0.061689,-2.428495,1.045324,-1.003418,0.391437
4372.137461,real,1.696258,-0.061689,-2.428496,1.045325,-1.004669,0.391437
