t_rel_s,sim_joint5_deg,real_joint5_deg
0.0000,-92.0000,-92.0000
0.0040,-92.0001,-92.0000
0.0080,-92.0001,-92.0000
0.0120,-92.0000,-92.0000
0.0160,-92.0001,-92.0000
0.0200,-92.0000,-92.0000
0.0240,-92.0001,-92.0000
0.0280,-92.0000,-92.0000
0.0320,-92.0001,-92.0000
0.0360,-92.0000,-92.0000
0.0400,-92.0001,-92.0000
0.0440,-91.9999,-92.0000
0.0480,-92.0001,-92.0000
0.0520,-92.0000,-92.0000
0.0560,-92.0001,-92.0000
0.0600,-91.9999,-92.0000
0.0640,-92.0001,-92.0000
0.0680,-91.9999,-92.0000
0.0720,-92.0001,-92.0000
0.0760,-92.0000,-92.0000
0.0800,-92.0001,-92.0000
0.0840,-92.0000,-92.0000
0.0880,-92.0001,-92.0000
0.0920,-91.9999,-92.0000
0.0960,-92.0002,-92.0000
0.1000,-92.0000,-92.0000
0.1040,-92.0001,-92.0000
0.1080,-92.0000,-92.0000
0.1120,-92.0001,-92.0000
0.1160,-91.9999,-92.0000
0.1200,-92.0001,-92.0000
0.1240,-92.0000,-92.0000
0.1280,-92.0001,-92.0000
0.1320,-91.9999,-92.0000
0.1360,-92.0001,-92.0000
0.1400,-92.0000,-92.0000
0.1440,-92.0001,-92.0000
0.1480,-92.0000,-92.0000
0.1520,-92.0001,-92.0000
0.1560,-92.0000,-92.0000
0.1600,-92.0001,-92.0000
0.1640,-92.0000,-92.0000
0.1680,-92.0002,-92.0000
0.1720,-92.0000,-92.0000
0.1760,-92.0001,-92.0000
0.1800,-92.0000,-92.0000
0.1840,-92.0000,-92.0000
0.1880,-91.9999,-92.0000
0.1920,-92.0001,-92.0000
0.1960,-92.0000,-92.0000
0.2000,-92.0001,-92.0000
0.2040,-92.0000,-92.0000
0.2080,-92.0001,-92.0000
0.2120,-92.0000,-92.0000
0.2160,-92.0002,-92.0000
0.2200,-91.9999,-92.0000
0.2240,-92.0000,-92.0000
0.2280,-91.9999,-92.0000
0.2320,-92.0001,-92.0000
0.2360,-91.9999,-92.0000
0.2400,-92.0001,-92.0000
0.2440,-91.9999,-92.0000
0.2480,-92.0001,-92.0000
0.2520,-92.0000,-92.0000
0.2560,-92.0001,-92.0000
0.2600,-92.0000,-92.0000
0.2640,-92.0000,-92.0000
0.2680,-92.0000,-92.0000
0.2720,-92.0002,-92.0000
0.2760,-92.0000,-92.0000
0.2800,-92.0001,-92.0000
0.2840,-92.0000,-92.0000
0.2880,-92.0001,-92.0000
0.2920,-91.9999,-92.0000
0.2960,-92.0001,-92.0000
0.3000,-92.0001,-92.0000
0.3040,-92.0001,-92.0000
0.3080,-92.0000,-92.0000
0.3120,-92.0001,-92.0000
0.3160,-91.9999,-92.0000
0.3200,-92.0001,-92.0000
0.3240,-92.0000,-92.0000
0.3280,-92.0001,-92.0000
0.3320,-91.9999,-92.0000
0.3360,-92.0001,-92.0000
0.3400,-92.0000,-92.0000
0.3440,-92.0001,-92.0000
0.3480,-91.9999,-92.0000
0.3520,-92.0001,-92.0000
0.3560,-92.0000,-92.0000
0.3600,-92.0001,-92.0000
0.3640,-92.0000,-92.0000
0.3680,-92.0001,-92.0000
0.3720,-91.9999,-92.0000
0.3760,-92.0001,-92.0000
0.3800,-92.0000,-92.0000
0.3840,-92.0001,-92.0000
0.3880,-92.0000,-92.0000
0.3920,-92.0001,-92.0000
0.3960,-92.0000,-92.0000
0.4000,-92.0001,-92.0000
0.4040,-92.0000,-92.0000
0.4080,-92.0001,-92.0000
0.4120,-91.9999,-92.0000
0.4160,-92.0001,-92.0000
0.4200,-92.0000,-92.0000
0.4240,-92.0001,-92.0000
0.4280,-92.0000,-92.0000
0.4320,-92.0001,-92.0000
0.4360,-91.9999,-92.0000
0.4400,-92.0001,-92.0000
0.4440,-92.0000,-92.0000
0.4480,-92.0001,-92.0000
0.4520,-91.9999,-92.0000
0.4560,-92.0002,-92.0000
0.4600,-92.0000,-92.0000
0.4640,-92.0001,-92.0000
0.4680,-92.0000,-92.0000
0.4720,-92.0001,-92.0000
0.4760,-92.0000,-92.0000
0.4800,-92.0002,-92.0000
0.4840,-91.9999,-92.0000
0.4880,-92.0000,-92.0000
0.4920,-91.9999,-92.0000
0.4960,-92.0001,-92.0000
0.5000,-92.0000,-92.0000
0.5040,-92.0001,-92.0000
0.5080,-91.9999,-92.0000
0.5120,-92.0001,-92.0000
0.5160,-92.0000,-92.0000
0.5200,-92.0001,-92.0000
0.5240,-92.0000,-92.0000
0.5280,-92.0001,-92.0000
0.5320,-92.0000,-92.0000
0.5360,-92.0001,-92.0000
0.5400,-92.0000,-92.0000
0.5440,-92.0001,-92.0000
0.5480,-92.0000,-92.0000
0.5520,-92.0001,-92.0000
0.5560,-92.0000,-92.0000
0.5600,-92.0001,-92.0000
0.5640,-91.9999,-92.0000
0.5680,-92.0001,-92.0000
0.5720,-92.0000,-92.0000
0.5760,-92.0001,-92.0000
0.5800,-92.0000,-92.0000
0.5840,-92.0001,-92.0000
0.5880,-92.0000,-92.0000
0.5920,-92.0001,-92.0000
0.5960,-91.9999,-92.0000
0.6000,-92.0000,-92.0000
0.6040,-92.0000,-92.0000
0.6080,-92.0001,-92.0000
0.6120,-92.0000,-92.0000
0.6160,-92.0001,-92.0000
0.6200,-91.9999,-92.0000
0.6240,-92.0001,-92.0000
0.6280,-91.9999,-92.0000
0.6320,-92.0001,-92.0000
0.6360,-92.0000,-92.0000
0.6400,-92.0001,-92.0000
0.6440,-91.9999,-92.0000
0.6480,-92.0001,-92.0000
0.6520,-91.9999,-92.0000
0.6560,-92.0001,-92.0000
0.6600,-92.0000,-92.0000
0.6640,-92.0001,-92.0000
0.6680,-92.0000,-92.0000
0.6720,-92.0001,-92.0000
0.6760,-92.0000,-92.0000
0.6800,-92.0001,-92.0000
0.6840,-92.0000,-92.0000
0.6880,-92.0001,-92.0000
0.6920,-91.9999,-92.0000
0.6960,-92.0001,-92.0000
0.7000,-91.9999,-92.0000
0.7040,-92.0001,-92.0000
0.7080,-92.0000,-92.0000
0.7120,-92.0001,-92.0000
0.7160,-91.9999,-92.0000
0.7200,-92.0001,-92.0000
0.7240,-92.0000,-92.0000
0.7280,-92.0001,-92.0000
0.7320,-92.0000,-92.0000
0.7360,-92.0001,-92.0000
0.7400,-92.0000,-92.0000
0.7440,-92.0001,-92.0000
0.7480,-91.9999,-92.0000
0.7520,-92.0002,-92.0000
0.7560,-92.0000,-92.0000
0.7600,-92.0001,-92.0000
0.7640,-92.0000,-92.0000
0.7680,-92.0001,-92.0000
0.7720,-91.9999,-92.0000
0.7760,-92.0001,-92.0000
0.7800,-92.0000,-92.0000
0.7840,-92.0001,-92.0000
0.7880,-92.0000,-92.0000
0.7920,-92.0001,-92.0000
0.7960,-91.9999,-92.0000
0.8000,-92.0001,-92.0000
0.8040,-92.0000,-92.0000
0.8080,-92.0001,-92.0000
0.8120,-91.9999,-92.0000
0.8160,-92.0001,-92.0000
0.8200,-91.9999,-92.0000
0.8240,-92.0001,-92.0000
0.8280,-92.0000,-92.0000
0.8320,-92.0001,-92.0000
0.8360,-91.9999,-92.0000
0.8400,-92.0001,-92.0000
0.8440,-91.9999,-92.0000
0.8480,-92.0001,-92.0000
0.8520,-92.0000,-92.0000
0.8560,-92.0001,-92.0000
0.8600,-92.0000,-92.0000
0.8640,-92.0001,-92.0000
0.8680,-92.0000,-92.0000
0.8720,-92.0000,-92.0000
0.8760,-91.9999,-92.0000
0.8800,-92.0001,-92.0000
0.8840,-92.0000,-92.0000
0.8880,-92.0001,-92.0000
0.8920,-91.9999,-92.0000
0.8960,-92.0001,-92.0000
0.9000,-91.9999,-92.0000
0.9040,-92.0001,-92.0000
0.9080,-91.9999,-92.0000
0.9120,-92.0001,-92.0000
0.9160,-91.9999,-92.0000
0.9200,-92.0001,-92.0000
0.9240,-92.0000,-92.0000
0.9280,-92.0001,-92.0000
0.9320,-91.9999,-92.0000
0.9360,-92.0000,-92.0000
0.9400,-92.0000,-92.0000
0.9440,-92.0001,-92.0000
0.9480,-92.0000,-92.0000
0.9520,-92.0001,-92.0000
0.9560,-92.0000,-92.0000
0.9600,-92.0001,-92.0000
0.9640,-92.0000,-92.0000
0.9680,-92.0001,-92.0000
0.9720,-91.9999,-92.0000
0.9760,-92.0001,-92.0000
0.9800,-92.0000,-92.0000
0.9840,-92.0001,-92.0000
0.9880,-92.0000,-92.0000
0.9920,-92.0001,-92.0000
0.9960,-92.0000,-92.0000
1.0000,-92.0001,-92.0000
1.0040,-91.9999,-92.0000
1.0080,-92.0001,-92.0000
1.0120,-91.9999,-92.0000
1.0160,-92.0001,-92.0000
1.0200,-92.0000,-92.0000
1.0240,-92.0001,-92.0000
1.0280,-91.9999,-92.0000
1.0320,-92.0001,-92.0000
1.0360,-92.0000,-92.0000
1.0400,-92.0001,-92.0000
1.0440,-91.9999,-92.0000
1.0480,-92.0001,-92.0000
1.0520,-92.0000,-92.0000
1.0560,-92.0001,-92.0000
1.0600,-92.0000,-92.0000
1.0640,-92.0001,-92.0000
1.0680,-92.0000,-92.0000
1.0720,-92.0001,-92.0000
1.0760,-92.0000,-92.0000
1.0800,-92.0001,-92.0000
1.0840,-91.9999,-92.0000
1.0880,-92.0001,-92.0000
1.0920,-92.0000,-92.0000
1.0960,-92.0001,-92.0000
1.1000,-92.0000,-92.0000
1.1040,-92.0001,-92.0000
1.1080,-92.0000,-92.0000
1.1120,-92.0001,-92.0000
1.1160,-92.0000,-92.0000
1.1200,-92.0002,-92.0000
1.1240,-92.0000,-92.0000
1.1280,-92.0001,-92.0000
1.1320,-91.9999,-92.0000
1.1360,-92.0001,-92.0000
1.1400,-92.0000,-92.0000
1.1440,-92.0001,-92.0000
1.1480,-91.9999,-92.0000
1.1520,-92.0001,-92.0000
1.1560,-91.9999,-92.0000
1.1600,-92.0001,-92.0000
1.1640,-92.0000,-92.0000
1.1680,-92.0001,-92.0000
1.1720,-91.9999,-92.0000
1.1760,-92.0001,-92.0000
1.1800,-91.9999,-92.0000
1.1840,-92.0001,-92.0000
1.1880,-92.0000,-92.0000
1.1920,-92.0002,-92.0000
1.1960,-92.0000,-92.0000
1.2000,-92.0001,-92.0000
1.2040,-91.9999,-92.0000
1.2080,-92.0001,-92.0000
1.2120,-92.0000,-92.0000
1.2160,-92.0002,-92.0000
1.2200,-91.9999,-92.0000
1.2240,-92.0001,-92.0000
1.2280,-92.0000,-92.0000
1.2320,-92.0001,-92.0000
1.2360,-91.9999,-92.0000
1.2400,-92.0001,-92.0000
1.2440,-91.9999,-92.0000
1.2480,-92.0001,-92.0000
1.2520,-92.0000,-92.0000
1.2560,-92.0001,-92.0000
1.2600,-91.9999,-92.0000
1.2640,-92.0001,-92.0000
1.2680,-92.0000,-92.0000
1.2720,-92.0001,-92.0000
1.2760,-92.0000,-92.0000
1.2800,-92.0002,-92.0000
1.2840,-92.0000,-92.0000
1.2880,-92.0001,-92.0000
1.2920,-91.9999,-92.0000
1.2960,-92.0001,-92.0000
1.3000,-91.9999,-92.0000
1.3040,-92.0001,-92.0000
1.3080,-91.9999,-92.0000
1.3120,-92.0001,-92.0000
1.3160,-92.0000,-92.0000
1.3200,-92.0001,-92.0000
1.3240,-92.0000,-92.0000
1.3280,-92.0001,-92.0000
1.3320,-92.0000,-92.0000
1.3360,-92.0001,-92.0000
1.3400,-92.0000,-92.0000
1.3440,-92.0001,-92.0000
1.3480,-92.0000,-92.0000
1.3520,-92.0001,-92.0000
1.3560,-92.0000,-92.0000
1.3600,-92.0001,-92.0000
1.3640,-92.0000,-92.0000
1.3680,-92.0001,-92.0000
1.3720,-92.0000,-92.0000
1.3760,-92.0001,-92.0000
1.3800,-92.0000,-92.0000
1.3840,-92.0001,-92.0000
1.3880,-91.9999,-92.0000
1.3920,-92.0001,-92.0000
1.3960,-91.9999,-92.0000
1.4000,-92.0001,-92.0000
1.4040,-91.9999,-92.0000
1.4080,-92.0002,-92.0000
1.4120,-92.0000,-92.0000
1.4160,-92.0001,-92.0000
1.4200,-91.9999,-92.0000
1.4240,-92.0001,-92.0000
1.4280,-92.0000,-92.0000
1.4320,-92.0001,-92.0000
1.4360,-92.0000,-92.0000
1.4400,-92.0001,-92.0000
1.4440,-92.0000,-92.0000
1.4480,-92.0001,-92.0000
1.4520,-91.9999,-92.0000
1.4560,-92.0001,-92.0000
1.4600,-92.0000,-92.0000
1.4640,-92.0001,-92.0000
1.4680,-92.0000,-92.0000
1.4720,-92.0001,-92.0000
1.4760,-91.9999,-92.0000
1.4800,-92.0001,-92.0000
1.4840,-91.9999,-92.0000
1.4880,-92.0001,-92.0000
1.4920,-91.9999,-92.0000
1.4960,-92.0001,-92.0000
1.5000,-92.0000,-92.0000
1.5040,-92.0001,-92.0000
1.5080,-92.0000,-92.0000
1.5120,-92.0000,-92.0000
1.5160,-91.9999,-92.0000
1.5200,-92.0001,-92.0000
1.5240,-92.0000,-92.0000
1.5280,-92.0001,-92.0000
1.5320,-92.0000,-92.0000
1.5360,-92.0002,-92.0000
1.5400,-91.9999,-92.0000
1.5440,-92.0001,-92.0000
1.5480,-91.9999,-92.0000
1.5520,-92.0000,-92.0000
1.5560,-92.0000,-92.0000
1.5600,-92.0001,-92.0000
1.5640,-91.9999,-92.0000
1.5680,-92.0001,-92.0000
1.5720,-92.0000,-92.0000
1.5760,-92.0001,-92.0000
1.5800,-92.0000,-92.0000
1.5840,-92.0001,-92.0000
1.5880,-91.9999,-92.0000
1.5920,-92.0001,-92.0000
1.5960,-92.0000,-92.0000
1.6000,-92.0001,-92.0000
1.6040,-92.0000,-92.0000
1.6080,-92.0001,-92.0000
1.6120,-91.9999,-92.0000
1.6160,-92.0001,-92.0000
1.6200,-92.0000,-92.0000
1.6240,-92.0001,-92.0000
1.6280,-92.0000,-92.0000
1.6320,-92.0001,-92.0000
1.6360,-92.0000,-92.0000
1.6400,-92.0001,-92.0000
1.6440,-92.0000,-92.0000
1.6480,-92.0001,-92.0000
1.6520,-91.9999,-92.0000
1.6560,-92.0001,-92.0000
1.6600,-91.9999,-92.0000
1.6640,-92.0001,-92.0000
1.6680,-91.9999,-92.0000
1.6720,-92.0001,-92.0000
1.6760,-92.0000,-92.0000
1.6800,-92.0001,-92.0000
1.6840,-92.0000,-92.0000
1.6880,-92.0001,-92.0000
1.6920,-91.9999,-92.0000
1.6960,-92.0001,-92.0000
1.7000,-92.0000,-92.0000
1.7040,-92.0002,-92.0000
1.7080,-92.0000,-92.0000
1.7120,-92.0001,-92.0000
1.7160,-92.0000,-92.0000
1.7200,-92.0001,-92.0000
1.7240,-91.9999,-92.0000
1.7280,-92.0001,-92.0000
1.7320,-91.9999,-92.0000
1.7360,-92.0001,-92.0000
1.7400,-91.9999,-92.0000
1.7440,-92.0001,-92.0000
1.7480,-92.0000,-92.0000
1.7520,-92.0001,-92.0000
1.7560,-91.9999,-92.0000
1.7600,-92.0001,-92.0000
1.7640,-92.0000,-92.0000
1.7680,-92.0001,-92.0000
1.7720,-92.0000,-92.0000
1.7760,-92.0001,-92.0000
1.7800,-91.9999,-92.0000
1.7840,-92.0000,-92.0000
1.7880,-91.9999,-92.0000
1.7920,-92.0002,-92.0000
1.7960,-92.0000,-92.0000
1.8000,-92.0001,-92.0000
1.8040,-92.0000,-92.0000
1.8080,-92.0001,-92.0000
1.8120,-91.9999,-92.0000
1.8160,-92.0001,-92.0000
1.8200,-92.0000,-92.0000
1.8240,-92.0001,-92.0000
1.8280,-91.9999,-92.0000
1.8320,-92.0001,-92.0000
1.8360,-92.0000,-92.0000
1.8400,-92.0001,-92.0000
1.8440,-92.0000,-92.0000
1.8480,-92.0001,-92.0000
1.8520,-91.9999,-92.0000
1.8560,-92.0001,-92.0000
1.8600,-91.9999,-92.0000
1.8640,-92.0001,-92.0000
1.8680,-92.0000,-92.0000
1.8720,-92.0001,-92.0000
1.8760,-92.0000,-92.0000
1.8800,-92.0002,-92.0000
1.8840,-91.9999,-92.0000
1.8880,-92.0000,-92.0000
1.8920,-91.9999,-92.0000
1.8960,-92.0000,-92.0000
1.9000,-91.9999,-92.0000
1.9040,-92.0001,-92.0000
1.9080,-91.9999,-92.0000
1.9120,-92.0001,-92.0000
1.9160,-91.9999,-92.0000
1.9200,-92.0001,-92.0000
1.9240,-91.9999,-92.0000
1.9280,-92.0001,-92.0000
1.9320,-91.9999,-92.0000
1.9360,-92.0001,-92.0000
1.9400,-91.9999,-92.0000
1.9440,-92.0001,-92.0000
1.9480,-91.9999,-92.0000
1.9520,-92.0000,-92.0000
1.9560,-91.9999,-92.0000
1.9600,-92.0000,-92.0000
1.9640,-91.9999,-92.0000
1.9680,-92.0001,-92.0000
1.9720,-91.9999,-92.0000
1.9760,-92.0000,-92.0000
1.9800,-91.9999,-92.0000
1.9840,-92.0001,-92.0000
1.9880,-91.9999,-92.0000
1.9920,-92.0000,-92.0000
1.9960,-91.9999,-92.0000
2.0000,-92.0000,-92.0000
2.0040,-91.9999,-92.0000
2.0080,-92.0001,-92.0000
2.0120,-91.9999,-92.0000
2.0160,-92.0001,-92.0000
2.0200,-91.9999,-92.0000
2.0240,-92.0000,-92.0000
2.0280,-91.9999,-92.0000
2.0320,-92.0001,-92.0000
2.0360,-91.9999,-92.0000
2.0400,-92.0000,-92.0000
2.0440,-91.9999,-92.0000
2.0480,-92.0001,-92.0000
2.0520,-91.9999,-92.0000
2.0560,-92.0001,-92.0000
2.0600,-91.9999,-92.0000
2.0640,-92.0001,-92.0000
2.0680,-91.9999,-92.0000
2.0720,-92.0001,-92.0000
2.0760,-91.9999,-92.0000
2.0800,-92.0001,-92.0000
2.0840,-91.9999,-92.0000
2.0880,-92.0001,-92.0000
2.0920,-91.9999,-92.0000
2.0960,-92.0000,-92.0000
2.1000,-91.9999,-92.0000
2.1040,-92.0001,-92.0000
2.1080,-91.9999,-92.0000
2.1120,-92.0000,-92.0000
2.1160,-91.9999,-92.0000
2.1200,-92.0000,-92.0000
2.1240,-91.9999,-92.0000
2.1280,-92.0001,-92.0000
2.1320,-91.9999,-92.0000
2.1360,-92.0000,-92.0000
2.1400,-91.9999,-92.0000
2.1440,-92.0001,-92.0000
2.1480,-92.0000,-92.0000
2.1520,-92.0002,-92.0000
2.1560,-91.9999,-92.0000
2.1600,-92.0000,-92.0000
2.1640,-91.9999,-92.0000
2.1680,-92.0000,-92.0000
2.1720,-91.9998,-92.0000
2.1760,-91.9999,-92.0000
2.1800,-91.9999,-92.0000
2.1840,-92.0001,-92.0000
2.1880,-92.0000,-92.0000
2.1920,-92.0000,-92.0000
2.1960,-91.9999,-92.0000
2.2000,-92.0001,-92.0000
2.2040,-91.9999,-92.0000
2.2080,-92.0001,-92.0000
2.2120,-91.9999,-92.0000
2.2160,-92.0001,-92.0000
2.2200,-91.9999,-92.0000
2.2240,-92.0001,-92.0000
2.2280,-91.9999,-92.0000
2.2320,-92.0000,-92.0000
2.2360,-91.9999,-92.0000
2.2400,-92.0000,-92.0000
2.2440,-91.9999,-92.0000
2.2480,-92.0001,-92.0000
2.2520,-91.9999,-92.0000
2.2560,-92.0001,-92.0000
2.2600,-91.9999,-92.0000
2.2640,-92.0000,-92.0000
2.2680,-91.9999,-92.0000
2.2720,-92.0001,-92.0000
2.2760,-91.9999,-92.0000
2.2800,-92.0001,-92.0000
2.2840,-92.0000,-92.0000
2.2880,-92.0000,-92.0000
2.2920,-91.9999,-92.0000
2.2960,-92.0000,-92.0000
2.3000,-91.9999,-92.0000
2.3040,-92.0001,-92.0000
2.3080,-91.9999,-92.0000
2.3120,-92.0000,-92.0000
2.3160,-92.0000,-92.0000
2.3200,-92.0001,-92.0000
2.3240,-91.9999,-92.0000
2.3280,-92.0000,-92.0000
2.3320,-91.9999,-92.0000
2.3360,-92.0001,-92.0000
2.3400,-91.9999,-92.0000
2.3440,-92.0001,-92.0000
2.3480,-91.9999,-92.0000
2.3520,-92.0001,-92.0000
2.3560,-91.9999,-92.0000
2.3600,-92.0000,-92.0000
2.3640,-91.9999,-92.0000
2.3680,-92.0001,-92.0000
2.3720,-91.9999,-92.0000
2.3760,-92.0001,-92.0000
2.3800,-91.9999,-92.0000
2.3840,-92.0000,-92.0000
2.3880,-91.9999,-92.0000
2.3920,-92.0001,-92.0000
2.3960,-92.0000,-92.0000
2.4000,-92.0001,-92.0000
2.4040,-91.9999,-92.0000
2.4080,-92.0000,-92.0000
2.4120,-91.9999,-92.0000
2.4160,-92.0001,-92.0000
2.4200,-91.9999,-92.0000
2.4240,-92.0000,-92.0000
2.4280,-91.9999,-92.0000
2.4320,-92.0001,-92.0000
2.4360,-91.9999,-92.0000
2.4400,-92.0001,-92.0000
2.4440,-91.9999,-92.0000
2.4480,-92.0000,-92.0000
2.4520,-91.9999,-92.0000
2.4560,-92.0000,-92.0000
2.4600,-91.9999,-92.0000
2.4640,-92.0001,-92.0000
2.4680,-91.9999,-92.0000
2.4720,-92.0001,-92.0000
2.4760,-91.9999,-92.0000
2.4800,-92.0001,-92.0000
2.4840,-91.9999,-92.0000
2.4880,-92.0001,-92.0000
2.4920,-91.9999,-92.0000
2.4960,-92.0001,-92.0000
2.5000,-91.9999,-92.0000
2.5040,-92.0001,-92.0000
2.5080,-91.9999,-92.0000
2.5120,-92.0001,-92.0000
2.5160,-91.9999,-92.0000
2.5200,-92.0001,-92.0000
2.5240,-91.9999,-92.0000
2.5280,-92.0001,-92.0000
2.5320,-91.9998,-92.0000
2.5360,-92.0001,-92.0000
2.5400,-91.9999,-92.0000
2.5440,-92.0001,-92.0000
2.5480,-91.9999,-92.0000
2.5520,-92.0001,-92.0000
2.5560,-91.9999,-92.0000
2.5600,-92.0001,-92.0000
2.5640,-92.0000,-92.0000
2.5680,-92.0000,-92.0000
2.5720,-91.9999,-92.0000
2.5760,-92.0001,-92.0000
2.5800,-91.9999,-92.0000
2.5840,-92.0001,-92.0000
2.5880,-91.9999,-92.0000
2.5920,-92.0002,-92.0000
2.5960,-91.9999,-92.0000
2.6000,-92.0000,-92.0000
2.6040,-91.9998,-92.0000
2.6080,-92.0001,-92.0000
2.6120,-91.9999,-92.0000
2.6160,-92.0001,-92.0000
2.6200,-91.9999,-92.0000
2.6240,-92.0000,-92.0000
2.6280,-91.9999,-92.0000
2.6320,-92.0001,-92.0000
2.6360,-91.9999,-92.0000
2.6400,-92.0001,-92.0000
2.6440,-91.9999,-92.0000
2.6480,-92.0000,-92.0000
2.6520,-91.9999,-92.0000
2.6560,-92.0001,-92.0000
2.6600,-91.9999,-92.0000
2.6640,-92.0001,-92.0000
2.6680,-91.9999,-92.0000
2.6720,-92.0000,-92.0000
2.6760,-91.9999,-92.0000
2.6800,-92.0001,-92.0000
2.6840,-91.9999,-92.0000
2.6880,-92.0000,-92.0000
2.6920,-91.9999,-92.0000
2.6960,-92.0001,-92.0000
2.7000,-92.0000,-92.0000
2.7040,-92.0000,-92.0000
2.7080,-91.9999,-92.0000
2.7120,-92.0001,-92.0000
2.7160,-91.9999,-92.0000
2.7200,-92.0001,-92.0000
2.7240,-91.9999,-92.0000
2.7280,-92.0001,-92.0000
2.7320,-91.9999,-92.0000
2.7360,-92.0001,-92.0000
2.7400,-91.9999,-92.0000
2.7440,-92.0001,-92.0000
2.7480,-91.9999,-92.0000
2.7520,-92.0000,-92.0000
2.7560,-91.9999,-92.0000
2.7600,-92.0001,-92.0000
2.7640,-91.9999,-92.0000
2.7680,-92.0001,-92.0000
2.7720,-91.9999,-92.0000
2.7760,-92.0001,-92.0000
2.7800,-91.9999,-92.0000
2.7840,-92.0000,-92.0000
2.7880,-91.9999,-92.0000
2.7920,-92.0001,-92.0000
2.7960,-91.9999,-92.0000
2.8000,-92.0001,-92.0000
2.8040,-91.9999,-92.0000
2.8080,-92.0000,-92.0000
2.8120,-91.9999,-92.0000
2.8160,-92.0000,-92.0000
2.8200,-91.9999,-92.0000
2.8240,-92.0001,-92.0000
2.8280,-91.9998,-92.0000
2.8320,-92.0001,-92.0000
2.8360,-91.9999,-92.0000
2.8400,-92.0001,-92.0000
2.8440,-91.9999,-92.0000
2.8480,-92.0001,-92.0000
2.8520,-91.9999,-92.0000
2.8560,-92.0001,-92.0000
2.8600,-91.9999,-92.0000
2.8640,-92.0000,-92.0000
2.8680,-91.9999,-92.0000
2.8720,-92.0001,-92.0000
2.8760,-91.9999,-92.0000
2.8800,-92.0001,-92.0000
2.8840,-91.9999,-92.0000
2.8880,-92.0000,-92.0000
2.8920,-91.9999,-92.0000
2.8960,-92.0001,-92.0000
2.9000,-91.9999,-92.0000
2.9040,-92.0001,-92.0000
2.9080,-91.9999,-92.0000
2.9120,-92.0000,-92.0000
2.9160,-91.9999,-92.0000
2.9200,-92.0000,-92.0000
2.9240,-91.9999,-92.0000
2.9280,-92.0001,-92.0000
2.9320,-91.9999,-92.0000
2.9360,-92.0000,-92.0000
2.9400,-91.9999,-92.0000
2.9440,-92.0000,-92.0000
2.9480,-91.9999,-92.0000
2.9520,-92.0001,-92.0000
2.9560,-91.9999,-92.0000
2.9600,-92.0001,-92.0000
2.9640,-91.9999,-92.0000
2.9680,-92.0001,-92.0000
2.9720,-91.9999,-92.0000
2.9760,-92.0001,-92.0000
2.9800,-91.9999,-92.0000
2.9840,-92.0000,-92.0000
2.9880,-91.9999,-92.0000
2.9920,-92.0001,-92.0000
2.9960,-91.9999,-92.0000
3.0000,-92.0001,-92.0000
3.0040,-91.9999,-92.0000
3.0080,-92.0001,-92.0000
3.0120,-91.9999,-92.0000
3.0160,-92.0001,-92.0000
3.0200,-91.9999,-92.0000
3.0240,-92.0001,-92.0000
3.0280,-91.9999,-92.0000
3.0320,-92.0001,-92.0000
3.0360,-91.9999,-92.0000
3.0400,-92.0001,-92.0000
3.0440,-91.9999,-92.0000
3.0480,-92.0001,-92.0000
3.0520,-91.9999,-92.0000
3.0560,-92.0001,-92.0000
3.0600,-91.9999,-92.0000
3.0640,-92.0000,-92.0000
3.0680,-91.9999,-92.0000
3.0720,-92.0001,-92.0000
3.0760,-91.9999,-92.0000
3.0800,-92.0000,-92.0000
3.0840,-91.9999,-92.0000
3.0880,-92.0000,-92.0000
3.0920,-91.9999,-92.0000
3.0960,-92.0001,-92.0000
3.1000,-91.9999,-92.0000
3.1040,-92.0001,-92.0000
3.1080,-91.9999,-92.0000
3.1120,-92.0001,-92.0000
3.1160,-91.9999,-92.0000
3.1200,-92.0000,-92.0000
3.1240,-91.9999,-92.0000
3.1280,-92.0001,-92.0000
3.1320,-91.9999,-92.0000
3.1360,-92.0000,-92.0000
3.1400,-91.9999,-92.0000
3.1440,-92.0001,-92.0000
3.1480,-91.9999,-92.0000
3.1520,-92.0001,-92.0000
3.1560,-91.9999,-92.0000
3.1600,-92.0001,-92.0000
3.1640,-91.9999,-92.0000
3.1680,-92.0001,-92.0000
3.1720,-91.9999,-92.0000
3.1760,-92.0001,-92.0000
3.1800,-91.9999,-92.0000
3.1840,-92.0001,-92.0000
3.1880,-91.9999,-92.0000
3.1920,-92.0001,-92.0000
3.1960,-91.9999,-92.0000
3.2000,-92.0000,-92.0000
3.2040,-91.9999,-92.0000
3.2080,-92.0001,-92.0000
3.2120,-91.9999,-92.0000
3.2160,-92.0001,-92.0000
3.2200,-91.9999,-92.0000
3.2240,-92.0001,-92.0000
3.2280,-91.9999,-92.0000
3.2320,-92.0001,-92.0000
3.2360,-91.9999,-92.0000
3.2400,-92.0001,-92.0000
3.2440,-91.9999,-92.0000
3.2480,-92.0001,-92.0000
3.2520,-91.9999,-92.0000
3.2560,-92.0000,-92.0000
3.2600,-91.9999,-92.0000
3.2640,-92.0001,-92.0000
3.2680,-91.9999,-92.0000
3.2720,-92.0000,-92.0000
3.2760,-91.9999,-92.0000
3.2800,-92.0000,-92.0000
3.2840,-92.0000,-92.0000
3.2880,-92.0001,-92.0000
3.2920,-91.9999,-92.0000
3.2960,-92.0000,-92.0000
3.3000,-91.9999,-92.0000
3.3040,-92.0001,-92.0000
3.3080,-91.9999,-92.0000
3.3120,-92.0001,-92.0000
3.3160,-91.9999,-92.0000
3.3200,-92.0000,-92.0000
3.3240,-91.9999,-92.0000
3.3280,-92.0001,-92.0000
3.3320,-91.9999,-92.0000
3.3360,-92.0001,-92.0000
3.3400,-91.9999,-92.0000
3.3440,-92.0001,-92.0000
3.3480,-91.9999,-92.0000
3.3520,-92.0001,-92.0000
3.3560,-91.9999,-92.0000
3.3600,-92.0001,-92.0000
3.3640,-91.9999,-92.0000
3.3680,-92.0001,-92.0000
3.3720,-92.0000,-92.0000
3.3760,-92.0000,-92.0000
3.3800,-91.9999,-92.0000
3.3840,-92.0001,-92.0000
3.3880,-91.9999,-92.0000
3.3920,-92.0001,-92.0000
3.3960,-91.9999,-92.0000
3.4000,-92.0000,-92.0000
3.4040,-91.9999,-92.0000
3.4080,-92.0000,-92.0000
3.4120,-91.9999,-92.0000
3.4160,-92.0001,-92.0000
3.4200,-91.9999,-92.0000
3.4240,-92.0001,-92.0000
3.4280,-91.9999,-92.0000
3.4320,-92.0000,-92.0000
3.4360,-91.9999,-92.0000
3.4400,-92.0001,-92.0000
3.4440,-91.9998,-92.0000
3.4480,-92.0001,-92.0000
3.4520,-91.9999,-92.0000
3.4560,-92.0000,-92.0000
3.4600,-91.9999,-92.0000
3.4640,-92.0001,-92.0000
3.4680,-91.9999,-92.0000
3.4720,-92.0000,-92.0000
3.4760,-91.9998,-92.0000
3.4800,-92.0001,-92.0000
3.4840,-91.9998,-92.0000
3.4880,-92.0001,-92.0000
3.4920,-91.9999,-92.0000
3.4960,-92.0001,-92.0000
3.5000,-91.9999,-92.0000
3.5040,-92.0001,-92.0000
3.5080,-91.9999,-92.0000
3.5120,-92.0001,-92.0000
3.5160,-91.9999,-92.0000
3.5200,-92.0001,-92.0000
3.5240,-91.9999,-92.0000
3.5280,-92.0001,-92.0000
3.5320,-91.9999,-92.0000
3.5360,-92.0000,-92.0000
3.5400,-91.9999,-92.0000
3.5440,-92.0001,-92.0000
3.5480,-91.9999,-92.0000
3.5520,-92.0001,-92.0000
3.5560,-91.9999,-92.0000
3.5600,-92.0000,-92.0000
3.5640,-91.9999,-92.0000
3.5680,-92.0001,-92.0000
3.5720,-91.9999,-92.0000
3.5760,-92.0001,-92.0000
3.5800,-91.9999,-92.0000
3.5840,-92.0001,-92.0000
3.5880,-91.9999,-92.0000
3.5920,-92.0002,-92.0000
3.5960,-91.9999,-92.0000
3.6000,-92.0001,-92.0000
3.6040,-92.0000,-92.0000
3.6080,-92.0001,-92.0000
3.6120,-91.9999,-92.0000
3.6160,-92.0001,-92.0000
3.6200,-91.9998,-92.0000
3.6240,-92.0001,-92.0000
3.6280,-91.9999,-92.0000
3.6320,-92.0001,-92.0000
3.6360,-91.9998,-92.0000
3.6400,-92.0000,-92.0000
3.6440,-91.9999,-92.0000
3.6480,-92.0001,-92.0000
3.6520,-91.9999,-92.0000
3.6560,-92.0002,-92.0000
3.6600,-91.9998,-92.0000
3.6640,-92.0001,-92.0000
3.6680,-91.9999,-92.0000
3.6720,-92.0001,-92.0000
3.6760,-91.9999,-92.0000
3.6800,-92.0001,-92.0000
3.6840,-91.9999,-92.0000
3.6880,-92.0001,-92.0000
3.6920,-91.9999,-92.0000
3.6960,-92.0001,-92.0000
3.7000,-91.9998,-92.0000
3.7040,-92.0001,-92.0000
3.7080,-91.9999,-92.0000
3.7120,-92.0001,-92.0000
3.7160,-91.9999,-92.0000
3.7200,-92.0002,-92.0000
3.7240,-91.9999,-92.0000
3.7280,-92.0001,-92.0000
3.7320,-91.9998,-92.0000
3.7360,-92.0000,-92.0000
3.7400,-91.9999,-92.0000
3.7440,-92.0001,-92.0000
3.7480,-91.9999,-92.0000
3.7520,-92.0001,-92.0000
3.7560,-91.9999,-92.0000
3.7600,-92.0001,-92.0000
3.7640,-91.9999,-92.0000
3.7680,-92.0001,-92.0000
3.7720,-91.9998,-92.0000
3.7760,-92.0001,-92.0000
3.7800,-91.9999,-92.0000
3.7840,-92.0000,-92.0000
3.7880,-91.9998,-92.0000
3.7920,-92.0002,-92.0000
3.7960,-91.9999,-92.0000
3.8000,-92.0001,-92.0000
3.8040,-91.9998,-92.0000
3.8080,-92.0001,-92.0000
3.8120,-91.9999,-92.0000
3.8160,-92.0002,-92.0000
3.8200,-91.9999,-92.0000
3.8240,-92.0001,-92.0000
3.8280,-91.9999,-92.0000
3.8320,-92.0000,-92.0000
3.8360,-91.9999,-92.0000
3.8400,-92.0001,-92.0000
3.8440,-91.9999,-92.0000
3.8480,-92.0001,-92.0000
3.8520,-91.9999,-92.0000
3.8560,-92.0001,-92.0000
3.8600,-91.9999,-92.0000
3.8640,-92.0001,-92.0000
3.8680,-91.9999,-92.0000
3.8720,-92.0000,-92.0000
3.8760,-91.9998,-92.0000
3.8800,-92.0001,-92.0000
3.8840,-91.9999,-92.0000
3.8880,-92.0001,-92.0000
3.8920,-91.9998,-92.0000
3.8960,-92.0001,-92.0000
3.9000,-91.9999,-92.0000
3.9040,-92.0001,-92.0000
3.9080,-91.9999,-92.0000
3.9120,-92.0001,-92.0000
3.9160,-91.9999,-92.0000
3.9200,-92.0001,-92.0000
3.9240,-91.9999,-92.0000
3.9280,-92.0001,-92.0000
3.9320,-91.9999,-92.0000
3.9360,-92.0001,-92.0000
3.9400,-91.9999,-92.0000
3.9440,-92.0001,-92.0000
3.9480,-91.9998,-92.0000
3.9520,-92.0001,-92.0000
3.9560,-91.9999,-92.0000
3.9600,-92.0001,-92.0000
3.9640,-91.9999,-92.0000
3.9680,-92.0002,-92.0000
3.9720,-91.9999,-92.0000
3.9760,-92.0001,-92.0000
3.9800,-91.9999,-92.0000
3.9840,-92.0001,-92.0000
3.9880,-91.9998,-92.0000
3.9920,-92.0001,-92.0000
3.9960,-91.9999,-92.0000
4.0000,-92.0001,-92.0000
4.0040,-91.9999,-92.0000
4.0080,-92.0001,-92.0000
4.0120,-91.9998,-92.0000
4.0160,-92.0002,-92.0000
4.0200,-91.9999,-92.0000
4.0240,-92.0000,-92.0000
4.0280,-91.9998,-92.0000
4.0320,-92.0002,-92.0000
4.0360,-91.9999,-92.0000
4.0400,-92.0001,-92.0000
4.0440,-91.9999,-92.0000
4.0480,-92.0001,-92.0000
4.0520,-91.9999,-92.0000
4.0560,-92.0001,-92.0000
4.0600,-91.9999,-92.0000
4.0640,-92.0001,-92.0000
4.0680,-91.9998,-92.0000
4.0720,-92.0001,-92.0000
4.0760,-91.9998,-92.0000
4.0800,-92.0002,-92.0000
4.0840,-91.9999,-92.0000
4.0880,-92.0001,-92.0000
4.0920,-91.9998,-92.0000
4.0960,-92.0001,-92.0000
4.1000,-91.9999,-92.0000
4.1040,-92.0001,-92.0000
4.1080,-91.9999,-92.0000
4.1120,-92.0001,-92.0000
4.1160,-91.9998,-92.0000
4.1200,-92.0002,-92.0000
4.1240,-91.9999,-92.0000
4.1280,-92.0001,-92.0000
4.1320,-91.9998,-92.0000
4.1360,-92.0002,-92.0000
4.1400,-91.9999,-92.0000
4.1440,-92.0001,-92.0000
4.1480,-91.9999,-92.0000
4.1520,-92.0001,-92.0000
4.1560,-91.9999,-92.0000
4.1600,-92.0001,-92.0000
4.1640,-91.9999,-92.0000
4.1680,-92.0001,-92.0000
4.1720,-91.9999,-92.0000
4.1760,-92.0001,-92.0000
4.1800,-91.9999,-92.0000
4.1840,-92.0001,-92.0000
4.1880,-91.9998,-92.0000
4.1920,-92.0001,-92.0000
4.1960,-91.9998,-92.0000
4.2000,-92.0001,-92.0000
4.2040,-91.9998,-92.0000
4.2080,-92.0001,-92.0000
4.2120,-91.9999,-92.0000
4.2160,-92.0001,-92.0000
4.2200,-91.9998,-92.0000
4.2240,-92.0001,-92.0000
4.2280,-91.9999,-92.0000
4.2320,-92.0001,-92.0000
4.2360,-91.9999,-92.0000
4.2400,-92.0001,-92.0000
4.2440,-91.9999,-92.0000
4.2480,-92.0001,-92.0000
4.2520,-91.9999,-92.0000
4.2560,-92.0001,-92.0000
4.2600,-91.9999,-92.0000
4.2640,-92.0001,-92.0000
4.2680,-91.9999,-92.0000
4.2720,-92.0001,-92.0000
4.2760,-91.9998,-92.0000
4.2800,-92.0001,-92.0000
4.2840,-91.9998,-92.0000
4.2880,-92.0002,-92.0000
4.2920,-91.9998,-92.0000
4.2960,-92.0001,-92.0000
4.3000,-91.9999,-92.0000
4.3040,-92.0001,-92.0000
4.3080,-91.9997,-92.0000
4.3120,-92.0002,-92.0000
4.3160,-91.9998,-92.0000
4.3200,-92.0001,-92.0000
4.3240,-91.9998,-92.0000
4.3280,-92.0001,-92.0000
4.3320,-91.9999,-92.0000
4.3360,-92.0001,-92.0000
4.3400,-91.9998,-92.0000
4.3440,-92.0001,-92.0000
4.3480,-91.9999,-92.0000
4.3520,-92.0001,-92.0000
4.3560,-91.9998,-92.0000
4.3600,-92.0001,-92.0000
4.3640,-91.9998,-92.0000
4.3680,-92.0002,-92.0000
4.3720,-91.9998,-92.0000
4.3760,-92.0001,-92.0000
4.3800,-91.9998,-92.0000
4.3840,-92.0001,-92.0000
4.3880,-91.9997,-92.0000
4.3920,-92.0003,-92.0000
4.3960,-91.9998,-92.0000
4.4000,-92.0001,-92.0000
4.4040,-91.9998,-92.0000
4.4080,-92.0000,-92.0000
4.4120,-91.9998,-92.0000
4.4160,-92.0002,-92.0000
4.4200,-91.9998,-92.0000
4.4240,-92.0002,-92.0000
4.4280,-91.9998,-92.0000
4.4320,-92.0001,-92.0000
4.4360,-91.9998,-92.0000
4.4400,-92.0002,-92.0000
4.4440,-91.9998,-92.0000
4.4480,-92.0001,-92.0000
4.4520,-91.9998,-92.0000
4.4560,-92.0001,-92.0000
4.4600,-91.9999,-92.0000
4.4640,-92.0001,-92.0000
4.4680,-91.9999,-92.0000
4.4720,-92.0001,-92.0000
4.4760,-91.9998,-92.0000
4.4800,-92.0001,-92.0000
4.4840,-91.9998,-92.0000
4.4880,-92.0001,-92.0000
4.4920,-91.9998,-92.0000
4.4960,-92.0001,-92.0000
4.5000,-91.9998,-92.0000
4.5040,-92.0001,-92.0000
4.5080,-91.9998,-92.0000
4.5120,-92.0003,-92.0000
4.5160,-91.9997,-92.0000
4.5200,-92.0002,-92.0000
4.5240,-91.9998,-92.0000
4.5280,-92.0001,-92.0000
4.5320,-91.9998,-92.0000
4.5360,-92.0001,-92.0000
4.5400,-91.9999,-92.0000
4.5440,-92.0001,-92.0000
4.5480,-91.9998,-92.0000
4.5520,-92.0002,-92.0000
4.5560,-91.9998,-92.0000
4.5600,-92.0001,-92.0000
4.5640,-91.9999,-92.0000
4.5680,-92.0002,-92.0000
4.5720,-91.9998,-92.0000
4.5760,-92.0001,-92.0000
4.5800,-91.9998,-92.0000
4.5840,-92.0002,-92.0000
4.5880,-91.9997,-92.0000
4.5920,-92.0002,-92.0000
4.5960,-91.9998,-92.0000
4.6000,-92.0001,-92.0000
4.6040,-91.9998,-92.0000
4.6080,-92.0002,-92.0000
4.6120,-91.9998,-92.0000
4.6160,-92.0002,-92.0000
4.6200,-91.9998,-92.0000
4.6240,-92.0003,-92.0000
4.6280,-91.9997,-92.0000
4.6320,-92.0002,-92.0000
4.6360,-91.9998,-92.0000
4.6400,-92.0001,-92.0000
4.6440,-91.9998,-92.0000
4.6480,-92.0001,-92.0000
4.6520,-91.9998,-92.0000
4.6560,-92.0001,-92.0000
4.6600,-91.9998,-92.0000
4.6640,-92.0002,-92.0000
4.6680,-91.9998,-92.0000
4.6720,-92.0002,-92.0000
4.6760,-91.9997,-92.0000
4.6800,-92.0002,-92.0000
4.6840,-91.9997,-92.0000
4.6880,-92.0003,-92.0000
4.6920,-91.9997,-92.0000
4.6960,-92.0002,-92.0000
4.7000,-91.9998,-92.0000
4.7040,-92.0001,-92.0000
4.7080,-91.9997,-92.0000
4.7120,-92.0003,-92.0000
4.7160,-91.9998,-92.0000
4.7200,-92.0001,-92.0000
4.7240,-91.9998,-92.0000
4.7280,-92.0002,-92.0000
4.7320,-91.9998,-92.0000
4.7360,-92.0001,-92.0000
4.7400,-91.9998,-92.0000
4.7440,-92.0002,-92.0000
4.7480,-91.9998,-92.0000
4.7520,-92.0002,-92.0000
4.7560,-91.9998,-92.0000
4.7600,-92.0002,-92.0000
4.7640,-91.9998,-92.0000
4.7680,-92.0002,-92.0000
4.7720,-91.9998,-92.0000
4.7760,-92.0001,-92.0000
4.7800,-91.9998,-92.0000
4.7840,-92.0002,-92.0000
4.7880,-91.9998,-92.0000
4.7920,-92.0002,-92.0000
4.7960,-91.9997,-92.0000
4.8000,-92.0004,-92.0000
4.8040,-91.9998,-92.0000
4.8080,-92.0001,-92.0000
4.8120,-91.9998,-92.0000
4.8160,-92.0000,-92.0000
4.8200,-91.9998,-92.0000
4.8240,-92.0002,-92.0000
4.8280,-91.9998,-92.0000
4.8320,-92.0002,-92.0000
4.8360,-91.9997,-92.0000
4.8400,-92.0002,-92.0000
4.8440,-91.9999,-92.0000
4.8480,-92.0002,-92.0000
4.8520,-91.9998,-92.0000
4.8560,-92.0002,-92.0000
4.8600,-91.9998,-92.0000
4.8640,-92.0002,-92.0000
4.8680,-91.9998,-92.0000
4.8720,-92.0001,-92.0000
4.8760,-91.9998,-92.0000
4.8800,-92.0002,-92.0000
4.8840,-91.9997,-92.0000
4.8880,-92.0002,-92.0000
4.8920,-91.9997,-92.0000
4.8960,-92.0002,-92.0000
4.9000,-91.9997,-92.0000
4.9040,-92.0002,-92.0000
4.9080,-91.9998,-92.0000
4.9120,-92.0002,-92.0000
4.9160,-91.9998,-92.0000
4.9200,-92.0002,-92.0000
4.9240,-91.9997,-92.0000
4.9280,-92.0002,-92.0000
4.9320,-91.9998,-92.0000
4.9360,-92.0002,-92.0000
4.9400,-91.9998,-92.0000
4.9440,-92.0002,-92.0000
4.9480,-91.9998,-92.0000
4.9520,-92.0002,-92.0000
4.9560,-91.9998,-92.0000
4.9600,-92.0001,-92.0000
4.9640,-91.9998,-92.0000
4.9680,-92.0002,-92.0000
4.9720,-91.9998,-92.0000
4.9760,-92.0002,-92.0000
4.9800,-91.9998,-92.0000
4.9840,-92.0002,-92.0000
4.9880,-91.9998,-92.0000
4.9920,-92.0002,-92.0000
4.9960,-91.9998,-92.0000
5.0000,-92.0002,-92.0000
5.0040,-91.9997,-92.0000
5.0080,-92.0003,-92.0000
5.0120,-91.9997,-92.0000
5.0160,-92.0003,-92.0000
5.0200,-91.9998,-92.0000
5.0240,-92.0001,-92.0000
5.0280,-91.9999,-92.0000
5.0320,-92.0001,-92.0000
5.0360,-91.9998,-92.0000
5.0400,-92.0002,-92.0000
5.0440,-91.9997,-92.0000
5.0480,-92.0002,-92.0000
5.0520,-91.9997,-92.0000
5.0560,-92.0003,-92.0000
5.0600,-91.9998,-92.0000
5.0640,-92.0001,-92.0000
5.0680,-91.9998,-92.0000
5.0720,-92.0003,-92.0000
5.0760,-91.9998,-92.0000
5.0800,-92.0001,-92.0000
5.0840,-91.9998,-92.0000
5.0880,-92.0001,-92.0000
5.0920,-91.9998,-92.0000
5.0960,-92.0001,-92.0000
5.1000,-91.9998,-92.0000
5.1040,-92.0001,-92.0000
5.1080,-91.9998,-92.0000
5.1120,-92.0002,-92.0000
5.1160,-91.9998,-92.0000
5.1200,-92.0002,-92.0000
5.1240,-91.9998,-92.0000
5.1280,-92.0001,-92.0000
5.1320,-91.9998,-92.0000
5.1360,-92.0002,-92.0000
5.1400,-91.9999,-92.0000
5.1440,-92.0001,-92.0000
5.1480,-91.9998,-92.0000
5.1520,-92.0001,-92.0000
5.1560,-91.9998,-92.0000
5.1600,-92.0001,-92.0000
5.1640,-91.9998,-92.0000
5.1680,-92.0002,-92.0000
5.1720,-91.9998,-92.0000
5.1760,-92.0001,-92.0000
5.1800,-91.9997,-92.0000
5.1840,-92.0003,-92.0000
5.1880,-91.9998,-92.0000
5.1920,-92.0001,-92.0000
5.1960,-91.9999,-92.0000
5.2000,-92.0002,-92.0000
5.2040,-91.9998,-92.0000
5.2080,-92.0001,-92.0000
5.2120,-91.9998,-92.0000
5.2160,-92.0002,-92.0000
5.2200,-91.9998,-92.0000
5.2240,-92.0002,-92.0000
5.2280,-91.9998,-92.0000
5.2320,-92.0001,-92.0000
5.2360,-91.9998,-92.0000
5.2400,-92.0001,-92.0000
5.2440,-91.9998,-92.0000
5.2480,-92.0001,-92.0000
5.2520,-91.9997,-92.0000
5.2560,-92.0003,-92.0000
5.2600,-91.9998,-92.0000
5.2640,-92.0002,-92.0000
5.2680,-91.9998,-92.0000
5.2720,-92.0002,-92.0000
5.2760,-91.9998,-92.0000
5.2800,-92.0001,-92.0000
5.2840,-91.9998,-92.0000
5.2880,-92.0002,-92.0000
5.2920,-91.9999,-92.0000
5.2960,-92.0002,-92.0000
5.3000,-91.9998,-92.0000
5.3040,-92.0001,-92.0000
5.3080,-91.9998,-92.0000
5.3120,-92.0002,-92.0000
5.3160,-91.9998,-92.0000
5.3200,-92.0001,-92.0000
5.3240,-91.9998,-92.0000
5.3280,-92.0002,-92.0000
5.3320,-91.9998,-92.0000
5.3360,-92.0002,-92.0000
5.3400,-91.9998,-92.0000
5.3440,-92.0001,-92.0000
5.3480,-91.9998,-92.0000
5.3520,-92.0002,-92.0000
5.3560,-91.9999,-92.0000
5.3600,-92.0002,-92.0000
5.3640,-91.9998,-92.0000
5.3680,-92.0002,-92.0000
5.3720,-91.9998,-92.0000
5.3760,-92.0001,-92.0000
5.3800,-91.9998,-92.0000
5.3840,-92.0001,-92.0000
5.3880,-91.9998,-92.0000
5.3920,-92.0003,-92.0000
5.3960,-91.9998,-92.0000
5.4000,-92.0002,-92.0000
5.4040,-91.9998,-92.0000
5.4080,-92.0002,-92.0000
5.4120,-91.9998,-92.0000
5.4160,-92.0002,-92.0000
5.4200,-91.9998,-92.0000
5.4240,-92.0003,-92.0000
5.4280,-91.9998,-92.0000
5.4320,-92.0001,-92.0000
5.4360,-91.9997,-92.0000
5.4400,-92.0003,-92.0000
5.4440,-91.9998,-92.0000
5.4480,-92.0001,-92.0000
5.4520,-91.9998,-92.0000
5.4560,-92.0002,-92.0000
5.4600,-91.9997,-92.0000
5.4640,-92.0002,-92.0000
5.4680,-91.9997,-92.0000
5.4720,-92.0002,-92.0000
5.4760,-91.9997,-92.0000
5.4800,-92.0002,-92.0000
5.4840,-91.9997,-92.0000
5.4880,-92.0002,-92.0000
5.4920,-91.9998,-92.0000
5.4960,-92.0002,-92.0000
5.5000,-91.9998,-92.0000
5.5040,-92.0001,-92.0000
5.5080,-91.9998,-92.0000
5.5120,-92.0002,-92.0000
5.5160,-91.9998,-92.0000
5.5200,-92.0002,-92.0000
5.5240,-91.9998,-92.0000
5.5280,-92.0002,-92.0000
5.5320,-91.9998,-92.0000
5.5360,-92.0002,-92.0000
5.5400,-91.9998,-92.0000
5.5440,-92.0001,-92.0000
5.5480,-91.9998,-92.0000
5.5520,-92.0002,-92.0000
5.5560,-91.9998,-92.0000
5.5600,-92.0001,-92.0000
5.5640,-91.9998,-92.0000
5.5680,-92.0001,-92.0000
5.5720,-91.9998,-92.0000
5.5760,-92.0002,-92.0000
5.5800,-91.9998,-92.0000
5.5840,-92.0002,-92.0000
5.5880,-91.9999,-92.0000
5.5920,-92.0002,-92.0000
5.5960,-91.9998,-92.0000
5.6000,-92.0001,-92.0000
5.6040,-91.9998,-92.0000
5.6080,-92.0001,-92.0000
5.6120,-91.9998,-92.0000
5.6160,-92.0002,-92.0000
5.6200,-91.9998,-92.0000
5.6240,-92.0003,-92.0000
5.6280,-91.9998,-92.0000
5.6320,-92.0002,-92.0000
5.6360,-91.9998,-92.0000
5.6400,-92.0001,-92.0000
5.6440,-91.9998,-92.0000
5.6480,-92.0002,-92.0000
5.6520,-91.9998,-92.0000
5.6560,-92.0002,-92.0000
5.6600,-91.9998,-92.0000
5.6640,-92.0002,-92.0000
5.6680,-91.9998,-92.0000
5.6720,-92.0001,-92.0000
5.6760,-91.9997,-92.0000
5.6800,-92.0003,-92.0000
5.6840,-91.9998,-92.0000
5.6880,-92.0001,-92.0000
5.6920,-91.9997,-92.0000
5.6960,-92.0003,-92.0000
5.7000,-91.9997,-92.0000
5.7040,-92.0003,-92.0000
5.7080,-91.9997,-92.0000
5.7120,-92.0003,-92.0000
5.7160,-91.9998,-92.0000
5.7200,-92.0001,-92.0000
5.7240,-91.9998,-92.0000
5.7280,-92.0003,-92.0000
5.7320,-91.9997,-92.0000
5.7360,-92.0016,-92.0000
5.7400,-92.0026,-92.0000
5.7440,-92.0042,-92.0000
5.7480,-92.0052,-92.0000
5.7520,-92.0069,-92.0000
5.7560,-92.0079,-92.0000
5.7600,-92.0095,-92.0000
5.7640,-92.0105,-92.0000
5.7680,-92.0122,-92.0000
5.7720,-92.0131,-92.0000
5.7760,-92.0150,-92.0000
5.7800,-92.0158,-92.0000
5.7840,-92.0175,-92.0000
5.7880,-92.0185,-92.0000
5.7920,-92.0203,-92.0000
5.7960,-92.0210,-92.0000
5.8000,-92.0230,-92.0000
5.8040,-92.0239,-92.0000
5.8080,-92.0254,-92.0000
5.8120,-92.0264,-92.0000
5.8160,-92.0284,-92.0000
5.8200,-92.0292,-92.0000
5.8240,-92.0307,-92.0000
5.8280,-92.0319,-92.0000
5.8320,-92.0335,-92.0000
5.8360,-92.0345,-92.0000
5.8400,-92.0363,-92.0000
5.8440,-92.0371,-92.0000
5.8480,-92.0376,-92.0000
5.8520,-92.0377,-92.0000
5.8560,-92.0378,-92.0000
5.8600,-92.0357,-92.0000
5.8640,-92.0337,-92.0000
5.8680,-92.0303,-92.0000
5.8720,-92.0273,-92.0000
5.8760,-92.0227,-92.0011
5.8800,-92.0192,-92.0026
5.8840,-92.0147,-92.0041
5.8880,-92.0113,-92.0055
5.8920,-92.0075,-92.0095
5.8960,-92.0046,-92.0147
5.9000,-92.0019,-92.0219
5.9040,-92.0022,-92.0302
5.9080,-92.0002,-92.0402
5.9120,-91.9994,-92.0516
5.9160,-91.9985,-92.0640
5.9200,-91.9989,-92.0772
5.9240,-91.9986,-92.0911
5.9280,-92.0000,-92.1058
5.9320,-92.0005,-92.1205
5.9360,-92.0011,-92.1352
5.9400,-92.0024,-92.1505
5.9440,-92.0054,-92.1668
5.9480,-92.0085,-92.1835
5.9520,-92.0133,-92.2013
5.9560,-92.0181,-92.2198
5.9600,-92.0187,-92.2401
5.9640,-92.0249,-92.2610
5.9680,-92.0337,-92.2845
5.9720,-92.0430,-92.3080
5.9760,-92.0552,-92.3315
5.9800,-92.0673,-92.3552
5.9840,-92.0807,-92.3808
5.9880,-92.0944,-92.4064
5.9920,-92.1093,-92.4320
5.9960,-92.1094,-92.4576
6.0000,-92.1252,-92.4853
6.0040,-92.1406,-92.5131
6.0080,-92.1574,-92.5539
6.0120,-92.1739,-92.5959
6.0160,-92.1921,-92.6246
6.0200,-92.2100,-92.6517
6.0240,-92.2287,-92.6789
6.0280,-92.2286,-92.7061
6.0320,-92.2489,-92.7321
6.0360,-92.2706,-92.7578
6.0400,-92.2938,-92.7806
6.0440,-92.3186,-92.8027
6.0480,-92.3450,-92.8217
6.0520,-92.3445,-92.8395
6.0560,-92.3729,-92.8559
6.0600,-92.4031,-92.8714
6.0640,-92.4360,-92.8850
6.0680,-92.4686,-92.8972
6.0720,-92.5026,-92.9095
6.0760,-92.5372,-92.9217
6.0800,-92.5720,-92.9330
6.0840,-92.5716,-92.9432
6.0880,-92.6055,-92.9527
6.0920,-92.6365,-92.9612
6.0960,-92.6684,-92.9692
6.1000,-92.6971,-92.9761
6.1040,-92.7245,-92.9820
6.1080,-92.7497,-92.9856
6.1120,-92.7740,-92.9891
6.1160,-92.7739,-92.9927
6.1200,-92.7975,-92.9958
6.1240,-92.8180,-92.9971
6.1280,-92.8382,-92.9982
6.1320,-92.8556,-92.9988
6.1360,-92.8737,-92.9993
6.1400,-92.8888,-92.9994
6.1440,-92.8896,-92.9995
6.1480,-92.9036,-92.9996
6.1520,-92.9173,-92.9998
6.1560,-92.9291,-92.9998
6.1600,-92.9407,-92.9999
6.1640,-92.9500,-93.0000
6.1680,-92.9594,-93.0001
6.1720,-92.9666,-93.0001
6.1760,-92.9742,-93.0001
6.1800,-92.9798,-93.0002
6.1840,-92.9853,-93.0002
6.1880,-92.9891,-93.0002
6.1920,-92.9929,-93.0002
6.1960,-92.9954,-93.0003
6.2000,-92.9980,-93.0003
6.2040,-92.9991,-93.0003
6.2080,-92.9995,-93.0003
6.2120,-92.9990,-93.0003
6.2160,-92.9995,-93.0003
6.2200,-92.9990,-93.0003
6.2240,-92.9995,-93.0003
6.2280,-92.9990,-93.0004
6.2320,-92.9994,-93.0004
6.2360,-92.9991,-93.0004
6.2400,-93.0007,-93.0004
6.2440,-93.0017,-93.0004
6.2480,-93.0035,-93.0004
6.2520,-93.0044,-93.0004
6.2560,-93.0061,-93.0004
6.2600,-93.0071,-93.0004
6.2640,-93.0088,-93.0004
6.2680,-93.0096,-93.0004
6.2720,-93.0116,-93.0004
6.2760,-93.0124,-93.0004
6.2800,-93.0142,-93.0004
6.2840,-93.0150,-93.0004
6.2880,-93.0168,-93.0004
6.2920,-93.0176,-93.0004
6.2960,-93.0195,-93.0005
6.3000,-93.0204,-93.0005
6.3040,-93.0221,-93.0005
6.3080,-93.0230,-93.0005
6.3120,-93.0248,-93.0005
6.3160,-93.0256,-93.0005
6.3200,-93.0276,-93.0005
6.3240,-93.0283,-93.0005
6.3280,-93.0301,-93.0005
6.3320,-93.0311,-93.0005
6.3360,-93.0329,-93.0005
6.3400,-93.0337,-93.0005
6.3440,-93.0355,-93.0005
6.3480,-93.0363,-93.0005
6.3520,-93.0382,-93.0005
6.3560,-93.0390,-93.0005
6.3600,-93.0409,-93.0005
6.3640,-93.0417,-93.0005
6.3680,-93.0435,-93.0005
6.3720,-93.0444,-93.0006
6.3760,-93.0462,-93.0015
6.3800,-93.0471,-93.0028
6.3840,-93.0488,-93.0040
6.3880,-93.0496,-93.0053
6.3920,-93.0514,-93.0083
6.3960,-93.0523,-93.0125
6.4000,-93.0542,-93.0180
6.4040,-93.0550,-93.0246
6.4080,-93.0569,-93.0328
6.4120,-93.0564,-93.0432
6.4160,-93.0575,-93.0544
6.4200,-93.0562,-93.0666
6.4240,-93.0548,-93.0798
6.4280,-93.0516,-93.0942
6.4320,-93.0486,-93.1086
6.4360,-93.0443,-93.1230
6.4400,-93.0407,-93.1379
6.4440,-93.0404,-93.1538
6.4480,-93.0374,-93.1702
6.4520,-93.0354,-93.1873
6.4560,-93.0358,-93.2077
6.4600,-93.0366,-93.2371
6.4640,-93.0398,-93.2653
6.4680,-93.0432,-93.2891
6.4720,-93.0492,-93.3130
6.4760,-93.0489,-93.3368
6.4800,-93.0564,-93.3609
6.4840,-93.0649,-93.3862
6.4880,-93.0764,-93.4116
6.4920,-93.0882,-93.4387
6.4960,-93.1035,-93.4656
6.5000,-93.1192,-93.4910
6.5040,-93.1197,-93.5165
6.5080,-93.1364,-93.5441
6.5120,-93.1554,-93.5720
6.5160,-93.1765,-93.5999
6.5200,-93.1995,-93.6278
6.5240,-93.2220,-93.6557
6.5280,-93.2468,-93.6836
6.5320,-93.2700,-93.7105
6.5360,-93.2713,-93.7372
6.5400,-93.2958,-93.7616
6.5440,-93.3221,-93.7854
6.5480,-93.3473,-93.8063
6.5520,-93.3734,-93.8263
6.5560,-93.4009,-93.8428
6.5600,-93.4289,-93.8580
6.5640,-93.4562,-93.8732
6.5680,-93.4569,-93.8884
6.5720,-93.4837,-93.9017
6.5760,-93.5132,-93.9138
6.5800,-93.5411,-93.9249
6.5840,-93.5701,-93.9351
6.5880,-93.5980,-93.9451
6.5920,-93.5985,-93.9547
6.5960,-93.6263,-93.9637
6.6000,-93.6554,-93.9715
6.6040,-93.6839,-93.9785
6.6080,-93.7119,-93.9835
6.6120,-93.7382,-93.9886
6.6160,-93.7658,-93.9937
6.6200,-93.7912,-93.9979
6.6240,-93.7920,-93.9991
6.6280,-93.8151,-94.0002
6.6320,-93.8375,-94.0008
6.6360,-93.8573,-94.0013
6.6400,-93.8768,-94.0016
6.6440,-93.8924,-94.0020
6.6480,-93.9084,-94.0033
6.6520,-93.9204,-94.0046
6.6560,-93.9341,-94.0085
6.6600,-93.9450,-94.0129
6.6640,-93.9557,-94.0173
6.6680,-93.9648,-94.0217
6.6720,-93.9738,-94.0296
6.6760,-93.9817,-94.0382
6.6800,-93.9903,-94.0488
6.6840,-93.9897,-94.0598
6.6880,-93.9972,-94.0724
6.6920,-94.0023,-94.0856
6.6960,-94.0077,-94.0999
6.7000,-94.0111,-94.1148
6.7040,-94.0145,-94.1298
6.7080,-94.0167,-94.1447
6.7120,-94.0192,-94.1604
6.7160,-94.0188,-94.1768
6.7200,-94.0217,-94.1938
6.7240,-94.0245,-94.2115
6.7280,-94.0297,-94.2301
6.7320,-94.0345,-94.2497
6.7360,-94.0412,-94.2703
6.7400,-94.0409,-94.2926
6.7440,-94.0493,-94.3178
6.7480,-94.0585,-94.3499
6.7520,-94.0698,-94.3820
6.7560,-94.0823,-94.4141
6.7600,-94.0973,-94.4449
6.7640,-94.1118,-94.4715
6.7680,-94.1282,-94.4983
6.7720,-94.1280,-94.5254
6.7760,-94.1451,-94.5526
6.7800,-94.1632,-94.5799
6.7840,-94.1828,-94.6073
6.7880,-94.2028,-94.6348
6.7920,-94.2241,-94.6622
6.7960,-94.2475,-94.6877
6.8000,-94.2719,-94.7133
6.8040,-94.2953,-94.7389
6.8080,-94.2964,-94.7644
6.8120,-94.2994,-94.7876
6.8160,-94.3037,-94.8102
6.8200,-94.3067,-94.8289
6.8240,-94.3109,-94.8470
6.8280,-94.3139,-94.8625
6.8320,-94.3144,-94.8774
6.8360,-94.3228,-94.8902
6.8400,-94.3417,-94.9021
6.8440,-94.3681,-94.9141
6.8480,-94.4023,-94.9260
6.8520,-94.4400,-94.9370
6.8560,-94.4853,-94.9473
6.8600,-94.5312,-94.9567
6.8640,-94.5317,-94.9654
6.8680,-94.5770,-94.9731
6.8720,-94.6192,-94.9799
6.8760,-94.6595,-94.9847
6.8800,-94.6973,-94.9873
6.8840,-94.7308,-94.9900
6.8880,-94.7627,-94.9929
6.8920,-94.7903,-94.9958
6.8960,-94.7923,-94.9988
6.9000,-94.8180,-95.0010
6.9040,-94.8427,-95.0016
6.9080,-94.8636,-95.0021
6.9120,-94.8831,-95.0025
6.9160,-94.9000,-95.0031
6.9200,-94.9008,-95.0045
6.9240,-94.9156,-95.0063
6.9280,-94.9298,-95.0106
6.9320,-94.9412,-95.0149
6.9360,-94.9528,-95.0192
6.9400,-94.9599,-95.0238
6.9440,-94.9704,-95.0324
6.9480,-94.9766,-95.0411
6.9520,-94.9833,-95.0521
6.9560,-94.9828,-95.0631
6.9600,-94.9886,-95.0766
6.9640,-94.9927,-95.0903
6.9680,-94.9977,-95.1043
6.9720,-95.0008,-95.1182
6.9760,-95.0048,-95.1338
6.9800,-95.0077,-95.1497
6.9840,-95.0114,-95.1657
6.9880,-95.0109,-95.1816
6.9920,-95.0115,-95.1991
6.9960,-95.0149,-95.2172
7.0000,-95.0194,-95.2366
7.0040,-95.0229,-95.2566
7.0080,-95.0276,-95.2775
7.0120,-95.0267,-95.2990
7.0160,-95.0330,-95.3226
7.0200,-95.0411,-95.3483
7.0240,-95.0524,-95.3741
7.0280,-95.0651,-95.3998
7.0320,-95.0804,-95.4328
7.0360,-95.0973,-95.4734
7.0400,-95.1160,-95.5078
7.0440,-95.1155,-95.5352
7.0480,-95.1350,-95.5626
7.0520,-95.1540,-95.5901
7.0560,-95.1758,-95.6176
7.0600,-95.1975,-95.6448
7.0640,-95.2216,-95.6718
7.0680,-95.2447,-95.6978
7.0720,-95.2695,-95.7239
7.0760,-95.2694,-95.7500
7.0800,-95.2958,-95.7752
7.0840,-95.3219,-95.7973
7.0880,-95.3508,-95.8187
7.0920,-95.3772,-95.8370
7.0960,-95.4091,-95.8548
7.1000,-95.4389,-95.8701
7.1040,-95.4395,-95.8850
7.1080,-95.4689,-95.8973
7.1120,-95.4997,-95.9095
7.1160,-95.5318,-95.9218
7.1200,-95.5627,-95.9340
7.1240,-95.5940,-95.9438
7.1280,-95.6252,-95.9536
7.1320,-95.6543,-95.9626
7.1360,-95.6554,-95.9714
7.1400,-95.6826,-95.9785
7.1440,-95.7107,-95.9853
7.1480,-95.7362,-95.9900
7.1520,-95.7606,-95.9944
7.1560,-95.7829,-95.9966
7.1600,-95.8053,-95.9985
7.1640,-95.8045,-96.0004
7.1680,-95.8051,-96.0022
7.1720,-95.8094,-96.0030
7.1760,-95.8193,-96.0035
7.1800,-95.8301,-96.0043
7.1840,-95.8439,-96.0052
7.1880,-95.8578,-96.0069
7.1920,-95.8734,-96.0090
7.1960,-95.8894,-96.0134
7.2000,-95.9078,-96.0189
7.2040,-95.9238,-96.0244
7.2080,-95.9407,-96.0299
7.2120,-95.9556,-96.0379
7.2160,-95.9705,-96.0479
7.2200,-95.9822,-96.0593
7.2240,-95.9828,-96.0717
7.2280,-95.9927,-96.0850
7.2320,-96.0015,-96.0989
7.2360,-96.0083,-96.1133
7.2400,-96.0145,-96.1283
7.2440,-96.0185,-96.1428
7.2480,-96.0228,-96.1566
7.2520,-96.0253,-96.1705
7.2560,-96.0285,-96.1883
7.2600,-96.0280,-96.2060
7.2640,-96.0315,-96.2237
7.2680,-96.0350,-96.2415
7.2720,-96.0405,-96.2626
7.2760,-96.0459,-96.2842
7.2800,-96.0535,-96.3075
7.2840,-96.0530,-96.3310
7.2880,-96.0619,-96.3563
7.2920,-96.0712,-96.3821
7.2960,-96.0847,-96.4084
7.3000,-96.0975,-96.4347
7.3040,-96.1132,-96.4610
7.3080,-96.1288,-96.4874
7.3120,-96.1460,-96.5143
7.3160,-96.1457,-96.5416
7.3200,-96.1643,-96.5690
7.3240,-96.1823,-96.5965
7.3280,-96.2027,-96.6318
7.3320,-96.2019,-96.6723
7.3360,-96.2077,-96.7054
7.3400,-96.2121,-96.7318
7.3440,-96.2180,-96.7559
7.3480,-96.2171,-96.7777
7.3520,-96.2266,-96.7994
7.3560,-96.2429,-96.8212
7.3600,-96.2666,-96.8409
7.3640,-96.2944,-96.8577
7.3680,-96.3288,-96.8733
7.3720,-96.3282,-96.8872
7.3760,-96.3653,-96.9005
7.3800,-96.4048,-96.9129
7.3840,-96.4461,-96.9246
7.3880,-96.4874,-96.9347
7.3920,-96.5275,-96.9449
7.3960,-96.5705,-96.9550
7.4000,-96.6133,-96.9647
7.4040,-96.6137,-96.9725
7.4080,-96.6536,-96.9799
7.4120,-96.6884,-96.9854
7.4160,-96.7230,-96.9908
7.4200,-96.7540,-96.9943
7.4240,-96.7830,-96.9978
7.4280,-96.8077,-96.9997
7.4320,-96.8308,-97.0015
7.4360,-96.8525,-97.0020
7.4400,-96.8535,-97.0026
7.4440,-96.8719,-97.0031
7.4480,-96.8898,-97.0037
7.4520,-96.9044,-97.0044
7.4560,-96.9193,-97.0052
7.4600,-96.9309,-97.0087
7.4640,-96.9423,-97.0126
7.4680,-96.9515,-97.0178
7.4720,-96.9603,-97.0234
7.4760,-96.9675,-97.0323
7.4800,-96.9749,-97.0423
7.4840,-96.9801,-97.0523
7.4880,-96.9863,-97.0622
7.4920,-96.9907,-97.0745
7.4960,-96.9915,-97.0878
7.5000,-96.9960,-97.1016
7.5040,-97.0009,-97.1156
7.5080,-97.0047,-97.1306
7.5120,-97.0093,-97.1463
7.5160,-97.0088,-97.1629
7.5200,-97.0147,-97.1800
7.5240,-97.0194,-97.1971
7.5280,-97.0201,-97.2143
7.5320,-97.0252,-97.2329
7.5360,-97.0323,-97.2529
7.5400,-97.0393,-97.2742
7.5440,-97.0482,-97.2967
7.5480,-97.0566,-97.3201
7.5520,-97.0570,-97.3447
7.5560,-97.0668,-97.3698
7.5600,-97.0798,-97.3957
7.5640,-97.0928,-97.4219
7.5680,-97.1091,-97.4489
7.5720,-97.1247,-97.4759
7.5760,-97.1431,-97.5029
7.5800,-97.1605,-97.5296
7.5840,-97.1612,-97.5558
7.5880,-97.1793,-97.5822
7.5920,-97.1990,-97.6099
7.5960,-97.2203,-97.6375
7.6000,-97.2426,-97.6649
7.6040,-97.2627,-97.6922
7.6080,-97.2877,-97.7176
7.6120,-97.3104,-97.7430
7.6160,-97.3358,-97.7693
7.6200,-97.3356,-97.7956
7.6240,-97.3611,-97.8219
7.6280,-97.3858,-97.8482
7.6320,-97.4115,-97.8658
7.6360,-97.4374,-97.8813
7.6400,-97.4640,-97.8948
7.6440,-97.4641,-97.9078
7.6480,-97.4912,-97.9195
7.6520,-97.5189,-97.9307
7.6560,-97.5505,-97.9406
7.6600,-97.5803,-97.9500
7.6640,-97.6116,-97.9595
7.6680,-97.6425,-97.9689
7.6720,-97.6733,-97.9765
7.6760,-97.6738,-97.9831
7.6800,-97.7039,-97.9886
7.6840,-97.7037,-97.9932
7.6880,-97.7099,-97.9967
7.6920,-97.7150,-97.9991
7.6960,-97.7213,-98.0011
7.7000,-97.7210,-98.0024
7.7040,-97.7302,-98.0033
7.7080,-97.7421,-98.0038
7.7120,-97.7597,-98.0042
7.7160,-97.7791,-98.0046
7.7200,-97.8029,-98.0053
7.7240,-97.8264,-98.0066
7.7280,-97.8523,-98.0083
7.7320,-97.8515,-98.0114
7.7360,-97.8758,-98.0148
7.7400,-97.8973,-98.0203
7.7440,-97.9167,-98.0263
7.7480,-97.9327,-98.0405
7.7520,-97.9481,-98.0545
7.7560,-97.9600,-98.0675
7.7600,-97.9716,-98.0805
7.7640,-97.9797,-98.0934
7.7680,-97.9807,-98.1064
7.7720,-97.9874,-98.1210
7.7760,-97.9954,-98.1359
7.7800,-98.0013,-98.1516
7.7840,-98.0080,-98.1676
7.7880,-98.0131,-98.1843
7.7920,-98.0136,-98.2014
7.7960,-98.0191,-98.2203
7.8000,-98.0270,-98.2400
7.8040,-98.0345,-98.2598
7.8080,-98.0439,-98.2795
7.8120,-98.0525,-98.3017
7.8160,-98.0636,-98.3255
7.8200,-98.0741,-98.3501
7.8240,-98.0748,-98.3754
7.8280,-98.0854,-98.4012
7.8320,-98.0987,-98.4275
7.8360,-98.1119,-98.4540
7.8400,-98.1275,-98.4808
7.8440,-98.1418,-98.5077
7.8480,-98.1590,-98.5349
7.8520,-98.1753,-98.5620
7.8560,-98.1764,-98.5892
7.8600,-98.1934,-98.6167
7.8640,-98.1946,-98.6448
7.8680,-98.2003,-98.6722
7.8720,-98.2069,-98.6980
7.8760,-98.2132,-98.7238
7.8800,-98.2138,-98.7492
7.8840,-98.2239,-98.7745
7.8880,-98.2416,-98.7986
7.8920,-98.2662,-98.8228
7.8960,-98.2989,-98.8469
7.9000,-98.3337,-98.8705
7.9040,-98.3734,-98.8847
7.9080,-98.4131,-98.8989
7.9120,-98.4576,-98.9106
7.9160,-98.5016,-98.9224
7.9200,-98.5418,-98.9333
7.9240,-98.5453,-98.9442
7.9280,-98.5865,-98.9541
7.9320,-98.6213,-98.9640
7.9360,-98.6537,-98.9709
7.9400,-98.6823,-98.9775
7.9440,-98.7090,-98.9841
7.9480,-98.7083,-98.9908
7.9520,-98.7325,-98.9948
7.9560,-98.7565,-98.9982
7.9600,-98.7806,-99.0003
7.9640,-98.8024,-99.0021
7.9680,-98.8256,-99.0032
7.9720,-98.8247,-99.0040
7.9760,-98.8460,-99.0046
7.9800,-98.8653,-99.0052
7.9840,-98.8839,-99.0057
7.9880,-98.8999,-99.0062
7.9920,-98.9155,-99.0077
7.9960,-98.9297,-99.0098
8.0000,-98.9433,-99.0130
8.0040,-98.9425,-99.0172
8.0080,-98.9544,-99.0227
8.0120,-98.9640,-99.0297
8.0160,-98.9733,-99.0380
8.0200,-98.9801,-99.0479
8.0240,-98.9871,-99.0591
8.0280,-98.9899,-99.0722
8.0320,-98.9963,-99.0854
8.0360,-98.9955,-99.0985
8.0400,-98.9963,-99.1146
8.0440,-99.0023,-99.1375
8.0480,-99.0097,-99.1585
8.0520,-99.0155,-99.1748
8.0560,-99.0229,-99.1915
8.0600,-99.0221,-99.2096
8.0640,-99.0301,-99.2271
8.0680,-99.0369,-99.2423
8.0720,-99.0457,-99.2576
8.0760,-99.0543,-99.2728
8.0800,-99.0644,-99.2888
8.0840,-99.0738,-99.3126
8.0880,-99.0851,-99.3364
8.0920,-99.0953,-99.3605
8.0960,-99.0965,-99.3847
8.1000,-99.1075,-99.4232
8.1040,-99.1206,-99.4631
8.1080,-99.1330,-99.4794
8.1120,-99.1473,-99.4930
8.1160,-99.1611,-99.5186
8.1200,-99.1768,-99.5461
8.1240,-99.1919,-99.5736
8.1280,-99.1925,-99.6011
8.1320,-99.2079,-99.6289
8.1360,-99.2271,-99.6568
8.1400,-99.2455,-99.6842
8.1440,-99.2669,-99.7113
8.1480,-99.2875,-99.7364
8.1520,-99.2888,-99.7606
8.1560,-99.3111,-99.7834
8.1600,-99.3380,-99.8053
8.1640,-99.3646,-99.8245
8.1680,-99.3945,-99.8411
8.1720,-99.4238,-99.8577
8.1760,-99.4564,-99.8743
8.1800,-99.4872,-99.8918
8.1840,-99.4883,-99.9108
8.1880,-99.5182,-99.9272
8.1920,-99.5490,-99.9382
8.1960,-99.5792,-99.9487
8.2000,-99.6085,-99.9583
8.2040,-99.6372,-99.9671
8.2080,-99.6648,-99.9738
8.2120,-99.6904,-99.9804
8.2160,-99.6920,-99.9871
8.2200,-99.7157,-99.9932
8.2240,-99.7180,-99.9965
8.2280,-99.7240,-99.9997
8.2320,-99.7318,-100.0015
8.2360,-99.7382,-100.0032
8.2400,-99.7460,-100.0040
8.2440,-99.7453,-100.0047
8.2480,-99.7555,-100.0050
8.2520,-99.7675,-100.0053
8.2560,-99.7850,-100.0065
8.2600,-99.8031,-100.0079
8.2640,-99.8253,-100.0094
8.2680,-99.8468,-100.0108
8.2720,-99.8704,-100.0143
8.2760,-99.8702,-100.0185
8.2800,-99.8931,-100.0248
8.2840,-99.9119,-100.0319
8.2880,-99.9293,-100.0410
8.2920,-99.9428,-100.0509
8.2960,-99.9574,-100.0629
8.3000,-99.9684,-100.0759
8.3040,-99.9784,-100.0889
8.3080,-99.9781,-100.1019
8.3120,-99.9867,-100.1158
8.3160,-99.9939,-100.1306
8.3200,-100.0015,-100.1499
8.3240,-100.0073,-100.1739
8.3280,-100.0142,-100.1952
8.3320,-100.0135,-100.2130
8.3360,-100.0205,-100.2318
8.3400,-100.0275,-100.2520
8.3440,-100.0371,-100.2734
8.3480,-100.0455,-100.2970
8.3520,-100.0559,-100.3205
8.3560,-100.0667,-100.3441
8.3600,-100.0788,-100.3682
8.3640,-100.0783,-100.3940
8.3680,-100.0916,-100.4199
8.3720,-100.1042,-100.4466
8.3760,-100.1204,-100.4734
8.3800,-100.1355,-100.5007
8.3840,-100.1532,-100.5280
8.3880,-100.1699,-100.5555
8.3920,-100.1886,-100.5830
8.3960,-100.1892,-100.6105
8.4000,-100.2097,-100.6380
8.4040,-100.2296,-100.6641
8.4080,-100.2526,-100.6902
8.4120,-100.2752,-100.7167
8.4160,-100.3006,-100.7433
8.4200,-100.3250,-100.7684
8.4240,-100.3265,-100.7932
8.4280,-100.3520,-100.8139
8.4320,-100.3800,-100.8341
8.4360,-100.4085,-100.8500
8.4400,-100.4377,-100.8652
8.4440,-100.4671,-100.8805
8.4480,-100.4978,-100.8958
8.4520,-100.5262,-100.9083
8.4560,-100.5285,-100.9202
8.4600,-100.5573,-100.9350
8.4640,-100.5865,-100.9507
8.4680,-100.6133,-100.9616
8.4720,-100.6408,-100.9705
8.4760,-100.6675,-100.9764
8.4800,-100.6941,-100.9810
8.4840,-100.7186,-100.9856
8.4880,-100.7199,-100.9903
8.4920,-100.7421,-100.9948
8.4960,-100.7667,-100.9994
8.5000,-100.7879,-101.0021
8.5040,-100.8098,-101.0034
8.5080,-100.8297,-101.0042
8.5120,-100.8306,-101.0047
8.5160,-100.8484,-101.0052
8.5200,-100.8676,-101.0056
8.5240,-100.8835,-101.0067
8.5280,-100.9006,-101.0089
8.5320,-100.9142,-101.0110
8.5360,-100.9294,-101.0132
8.5400,-100.9412,-101.0164
8.5440,-100.9425,-101.0219
8.5480,-100.9528,-101.0281
8.5520,-100.9634,-101.0366
8.5560,-100.9717,-101.0457
8.5600,-100.9799,-101.0569
8.5640,-100.9858,-101.0684
8.5680,-100.9868,-101.0822
8.5720,-100.9937,-101.0961
8.5760,-100.9949,-101.1099
8.5800,-101.0014,-101.1238
8.5840,-101.0091,-101.1392
8.5880,-101.0145,-101.1547
8.5920,-101.0207,-101.1710
8.5960,-101.0255,-101.1872
8.6000,-101.0318,-101.2042
8.6040,-101.0311,-101.2213
8.6080,-101.0374,-101.2406
8.6120,-101.0429,-101.2603
8.6160,-101.0515,-101.2831
8.6200,-101.0593,-101.3066
8.6240,-101.0694,-101.3300
8.6280,-101.0784,-101.3535
8.6320,-101.0900,-101.3780
8.6360,-101.0896,-101.4028
8.6400,-101.1013,-101.4360
8.6440,-101.1132,-101.4757
8.6480,-101.1276,-101.5091
8.6520,-101.1412,-101.5363
8.6560,-101.1583,-101.5636
8.6600,-101.1584,-101.5911
8.6640,-101.1760,-101.6184
8.6680,-101.1948,-101.6456
8.6720,-101.2176,-101.6728
8.6760,-101.2410,-101.7001
8.6800,-101.2676,-101.7268
8.6840,-101.2934,-101.7523
8.6880,-101.3222,-101.7769
8.6920,-101.3233,-101.7988
8.6960,-101.3510,-101.8198
8.7000,-101.3794,-101.8378
8.7040,-101.4087,-101.8554
8.7080,-101.4382,-101.8705
8.7120,-101.4680,-101.8855
8.7160,-101.4982,-101.8973
8.7200,-101.5286,-101.9090
8.7240,-101.5578,-101.9207
8.7280,-101.5614,-101.9325
8.7320,-101.5878,-101.9434
8.7360,-101.6138,-101.9541
8.7400,-101.6436,-101.9628
8.7440,-101.6471,-101.9713
8.7480,-101.6542,-101.9782
8.7520,-101.6556,-101.9848
8.7560,-101.6648,-101.9890
8.7600,-101.6804,-101.9924
8.7640,-101.6986,-101.9958
8.7680,-101.7213,-101.9992
8.7720,-101.7444,-102.0013
8.7760,-101.7719,-102.0028
8.7800,-101.7986,-102.0035
8.7840,-101.8011,-102.0038
8.7880,-101.8243,-102.0044
8.7920,-101.8486,-102.0051
8.7960,-101.8703,-102.0067
8.8000,-101.8909,-102.0088
8.8040,-101.9078,-102.0128
8.8080,-101.9245,-102.0183
8.8120,-101.9382,-102.0238
8.8160,-101.9399,-102.0293
8.8200,-101.9504,-102.0365
8.8240,-101.9622,-102.0465
8.8280,-101.9709,-102.0572
8.8320,-101.9797,-102.0696
8.8360,-101.9861,-102.0823
8.8400,-101.9875,-102.0964
8.8440,-101.9922,-102.1107
8.8480,-101.9990,-102.1261
8.8520,-102.0039,-102.1414
8.8560,-102.0103,-102.1568
8.8600,-102.0146,-102.1722
8.8640,-102.0213,-102.1893
8.8680,-102.0261,-102.2065
8.8720,-102.0322,-102.2256
8.8760,-102.0321,-102.2447
8.8800,-102.0383,-102.2658
8.8840,-102.0443,-102.2869
8.8880,-102.0527,-102.3105
8.8920,-102.0602,-102.3342
8.8960,-102.0703,-102.3596
8.9000,-102.0800,-102.3853
8.9040,-102.0915,-102.4109
8.9080,-102.0919,-102.4366
8.9120,-102.1034,-102.4634
8.9160,-102.1161,-102.4904
8.9200,-102.1320,-102.5282
8.9240,-102.1328,-102.5692
8.9280,-102.1416,-102.6008
8.9320,-102.1420,-102.6287
8.9360,-102.1535,-102.6557
8.9400,-102.1694,-102.6823
8.9440,-102.1912,-102.7088
8.9480,-102.2158,-102.7354
8.9520,-102.2445,-102.7601
8.9560,-102.2760,-102.7836
8.9600,-102.3090,-102.8053
8.9640,-102.3127,-102.8253
8.9680,-102.3436,-102.8437
8.9720,-102.3770,-102.8603
8.9760,-102.4112,-102.8757
8.9800,-102.4443,-102.8896
8.9840,-102.4789,-102.9026
8.9880,-102.5114,-102.9140
8.9920,-102.5434,-102.9254
8.9960,-102.5484,-102.9368
9.0000,-102.5781,-102.9476
9.0040,-102.6077,-102.9565
9.0080,-102.6390,-102.9653
9.0120,-102.6672,-102.9731
9.0160,-102.6966,-102.9809
9.0200,-102.7231,-102.9865
9.0240,-102.7268,-102.9920
9.0280,-102.7487,-102.9954
9.0320,-102.7733,-102.9988
9.0360,-102.7973,-103.0003
9.0400,-102.8199,-103.0016
9.0440,-102.8398,-103.0029
9.0480,-102.8605,-103.0042
9.0520,-102.8774,-103.0047
9.0560,-102.8810,-103.0050
9.0600,-102.8946,-103.0056
9.0640,-102.9105,-103.0064
9.0680,-102.9235,-103.0094
9.0720,-102.9361,-103.0133
9.0760,-102.9462,-103.0193
9.0800,-102.9566,-103.0263
9.0840,-102.9619,-103.0333
9.0880,-102.9659,-103.0404
9.0920,-102.9653,-103.0499
9.0960,-102.9739,-103.0614
9.1000,-102.9826,-103.0737
9.1040,-102.9928,-103.0869
9.1080,-103.0015,-103.1008
9.1120,-103.0035,-103.1153
9.1160,-103.0102,-103.1303
9.1200,-103.0188,-103.1455
9.1240,-103.0249,-103.1616
9.1280,-103.0316,-103.1786
9.1320,-103.0362,-103.1956
9.1360,-103.0417,-103.2127
9.1400,-103.0457,-103.2305
9.1440,-103.0470,-103.2501
9.1480,-103.0507,-103.2704
9.1520,-103.0569,-103.2927
9.1560,-103.0638,-103.3156
9.1600,-103.0730,-103.3407
9.1640,-103.0813,-103.3652
9.1680,-103.0921,-103.3871
9.1720,-103.1027,-103.4089
9.1760,-103.1158,-103.4346
9.1800,-103.1170,-103.4616
9.1840,-103.1290,-103.4885
9.1880,-103.1425,-103.5155
9.1920,-103.1569,-103.5430
9.1960,-103.1741,-103.5707
9.2000,-103.1922,-103.5984
9.2040,-103.1940,-103.6261
9.2080,-103.2108,-103.6624
9.2120,-103.2313,-103.7034
9.2160,-103.2555,-103.7336
9.2200,-103.2795,-103.7570
9.2240,-103.3063,-103.7805
9.2280,-103.3330,-103.8040
9.2320,-103.3611,-103.8246
9.2360,-103.3649,-103.8425
9.2400,-103.3896,-103.8591
9.2440,-103.4179,-103.8743
9.2480,-103.4468,-103.8884
9.2520,-103.4749,-103.9012
9.2560,-103.5057,-103.9135
9.2600,-103.5094,-103.9252
9.2640,-103.5347,-103.9362
9.2680,-103.5395,-103.9456
9.2720,-103.5482,-103.9551
9.2760,-103.5577,-103.9645
9.2800,-103.5683,-103.9735
9.2840,-103.5765,-103.9803
9.2880,-103.5880,-103.9868
9.2920,-103.5890,-103.9912
9.2960,-103.6005,-103.9955
9.3000,-103.6178,-103.9981
9.3040,-103.6412,-104.0006
9.3080,-103.6672,-104.0019
9.3120,-103.6979,-104.0031
9.3160,-103.7305,-104.0036
9.3200,-103.7656,-104.0040
9.3240,-103.7970,-104.0044
9.3280,-103.8050,-104.0049
9.3320,-103.8307,-104.0061
9.3360,-103.8617,-104.0073
9.3400,-103.8859,-104.0100
9.3440,-103.9084,-104.0131
9.3480,-103.9271,-104.0181
9.3520,-103.9311,-104.0238
9.3560,-103.9431,-104.0348
9.3600,-103.9578,-104.0476
9.3640,-103.9688,-104.0604
9.3680,-103.9791,-104.0732
9.3720,-103.9866,-104.0869
9.3760,-103.9939,-104.1013
9.3800,-103.9983,-104.1159
9.3840,-103.9998,-104.1307
9.3880,-104.0027,-104.1460
9.3920,-104.0078,-104.1618
9.3960,-104.0119,-104.1781
9.4000,-104.0176,-104.1951
9.4040,-104.0220,-104.2134
9.4080,-104.0284,-104.2333
9.4120,-104.0335,-104.2532
9.4160,-104.0354,-104.2731
9.4200,-104.0407,-104.2942
9.4240,-104.0494,-104.3182
9.4280,-104.0582,-104.3425
9.4320,-104.0696,-104.3680
9.4360,-104.0708,-104.3936
9.4400,-104.0716,-104.4200
9.4440,-104.0809,-104.4463
9.4480,-104.0961,-104.4727
9.4520,-104.1117,-104.4990
9.4560,-104.1317,-104.5253
9.4600,-104.1516,-104.5517
9.4640,-104.1746,-104.5792
9.4680,-104.1968,-104.6067
9.4720,-104.2218,-104.6471
9.4760,-104.2251,-104.6882
9.4800,-104.2466,-104.7151
9.4840,-104.2697,-104.7404
9.4880,-104.2941,-104.7652
9.4920,-104.3156,-104.7900
9.4960,-104.3425,-104.8096
9.5000,-104.3662,-104.8279
9.5040,-104.3900,-104.8463
9.5080,-104.3949,-104.8646
9.5120,-104.4156,-104.8794
9.5160,-104.4412,-104.8927
9.5200,-104.4691,-104.9050
9.5240,-104.4964,-104.9167
9.5280,-104.5261,-104.9277
9.5320,-104.5305,-104.9381
9.5360,-104.5553,-104.9481
9.5400,-104.5852,-104.9576
9.5440,-104.6168,-104.9661
9.5480,-104.6474,-104.9727
9.5520,-104.6783,-104.9792
9.5560,-104.7086,-104.9858
9.5600,-104.7406,-104.9918
9.5640,-104.7446,-104.9952
9.5680,-104.7675,-104.9984
9.5720,-104.7933,-105.0002
9.5760,-104.8190,-105.0020
9.5800,-104.8408,-105.0027
9.5840,-104.8609,-105.0035
9.5880,-104.8641,-105.0038
9.5920,-104.8785,-105.0041
9.5960,-104.8953,-105.0055
9.6000,-104.9119,-105.0069
9.6040,-104.9139,-105.0084
9.6080,-104.9232,-105.0098
9.6120,-104.9335,-105.0135
9.6160,-104.9449,-105.0176
9.6200,-104.9551,-105.0275
9.6240,-104.9577,-105.0395
9.6280,-104.9652,-105.0513
9.6320,-104.9749,-105.0631
9.6360,-104.9819,-105.0765
9.6400,-104.9890,-105.0904
9.6440,-104.9936,-105.1044
9.6480,-104.9989,-105.1183
9.6520,-105.0018,-105.1329
9.6560,-105.0034,-105.1478
9.6600,-105.0054,-105.1628
9.6640,-105.0101,-105.1780
9.6680,-105.0137,-105.1942
9.6720,-105.0195,-105.2123
9.6760,-105.0245,-105.2305
9.6800,-105.0262,-105.2494
9.6840,-105.0310,-105.2690
9.6880,-105.0402,-105.2920
9.6920,-105.0491,-105.3151
9.6960,-105.0613,-105.3382
9.7000,-105.0730,-105.3613
9.7040,-105.0872,-105.3870
9.7080,-105.1008,-105.4127
9.7120,-105.1162,-105.4373
9.7160,-105.1184,-105.4619
9.7200,-105.1318,-105.4887
9.7240,-105.1470,-105.5163
9.7280,-105.1639,-105.5437
9.7320,-105.1797,-105.5711
9.7360,-105.1979,-105.6031
9.7400,-105.2156,-105.6371
9.7440,-105.2346,-105.6712
9.7480,-105.2376,-105.7052
9.7520,-105.2543,-105.7338
9.7560,-105.2754,-105.7591
9.7600,-105.2993,-105.7821
9.7640,-105.3228,-105.8035
9.7680,-105.3492,-105.8234
9.7720,-105.3533,-105.8418
9.7760,-105.3763,-105.8588
9.7800,-105.3812,-105.8739
9.7840,-105.3914,-105.8880
9.7880,-105.4020,-105.9001
9.7920,-105.4139,-105.9123
9.7960,-105.4250,-105.9244
9.8000,-105.4375,-105.9359
9.8040,-105.4388,-105.9457
9.8080,-105.4518,-105.9553
9.8120,-105.4719,-105.9638
9.8160,-105.5000,-105.9722
9.8200,-105.5320,-105.9789
9.8240,-105.5684,-105.9856
9.8280,-105.6071,-105.9899
9.8320,-105.6490,-105.9942
9.8360,-105.6566,-105.9962
9.8400,-105.6898,-105.9980
9.8440,-105.7272,-105.9998
9.8480,-105.7631,-106.0017
9.8520,-105.7937,-106.0023
9.8560,-105.8226,-106.0027
9.8600,-105.8493,-106.0031
9.8640,-105.8557,-106.0034
9.8680,-105.8731,-106.0045
9.8720,-105.8953,-106.0058
9.8760,-105.9132,-106.0107
9.8800,-105.9310,-106.0170
9.8840,-105.9443,-106.0233
9.8880,-105.9569,-106.0297
9.8920,-105.9650,-106.0384
9.8960,-105.9692,-106.0484
9.9000,-105.9754,-106.0597
9.9040,-105.9835,-106.0721
9.9080,-105.9896,-106.0854
9.9120,-105.9957,-106.0997
9.9160,-105.9997,-106.1142
9.9200,-106.0043,-106.1291
9.9240,-106.0077,-106.1449
9.9280,-106.0090,-106.1615
9.9320,-106.0110,-106.1781
9.9360,-106.0160,-106.1947
9.9400,-106.0202,-106.2123
9.9440,-106.0263,-106.2314
9.9480,-106.0319,-106.2511
9.9520,-106.0339,-106.2721
9.9560,-106.0393,-106.2937
9.9600,-106.0490,-106.3168
9.9640,-106.0589,-106.3403
9.9680,-106.0717,-106.3658
9.9720,-106.0838,-106.3912
9.9760,-106.0990,-106.4167
9.9800,-106.1121,-106.4422
9.9840,-106.1170,-106.4693
9.9880,-106.1291,-106.4963
9.9920,-106.1453,-106.5238
9.9960,-106.1633,-106.5513
10.0000,-106.1826,-106.5790
10.0040,-106.2002,-106.6068
10.0080,-106.2214,-106.6350
10.0120,-106.2258,-106.6632
10.0160,-106.2437,-106.6894
10.0200,-106.2657,-106.7154
10.0240,-106.2907,-106.7414
10.0280,-106.3118,-106.7675
10.0320,-106.3399,-106.7972
10.0360,-106.3674,-106.8277
10.0400,-106.3956,-106.8487
10.0440,-106.4001,-106.8659
10.0480,-106.4225,-106.8808
10.0520,-106.4490,-106.8947
10.0560,-106.4777,-106.9070
10.0600,-106.5059,-106.9183
10.0640,-106.5346,-106.9296
10.0680,-106.5624,-106.9410
10.0720,-106.5918,-106.9514
10.0760,-106.5975,-106.9612
10.0800,-106.6215,-106.9699
10.0840,-106.6492,-106.9777
10.0880,-106.6776,-106.9844
10.0920,-106.7029,-106.9900
10.0960,-106.7302,-106.9947
10.1000,-106.7560,-106.9981
10.1040,-106.7820,-107.0007
10.1080,-106.7867,-107.0019
10.1120,-106.8056,-107.0031
10.1160,-106.8276,-107.0043
10.1200,-106.8491,-107.0054
10.1240,-106.8670,-107.0057
10.1280,-106.8853,-107.0060
10.1320,-106.8882,-107.0068
10.1360,-106.9016,-107.0077
10.1400,-106.9155,-107.0098
10.1440,-106.9297,-107.0120
10.1480,-106.9411,-107.0163
10.1520,-106.9530,-107.0207
10.1560,-106.9620,-107.0290
10.1600,-106.9716,-107.0373
10.1640,-106.9783,-107.0457
10.1680,-106.9808,-107.0540
10.1720,-106.9850,-107.0652
10.1760,-106.9915,-107.0770
10.1800,-106.9960,-107.0905
10.1840,-107.0011,-107.1048
10.1880,-107.0044,-107.1194
10.1920,-107.0059,-107.1341
10.1960,-107.0082,-107.1527
10.2000,-107.0132,-107.1736
10.2040,-107.0170,-107.1944
10.2080,-107.0229,-107.2153
10.2120,-107.0278,-107.2357
10.2160,-107.0345,-107.2557
10.2200,-107.0404,-107.2767
10.2240,-107.0424,-107.2986
10.2280,-107.0476,-107.3213
10.2320,-107.0567,-107.3454
10.2360,-107.0659,-107.3703
10.2400,-107.0772,-107.3969
10.2440,-107.0887,-107.4235
10.2480,-107.1031,-107.4504
10.2520,-107.1162,-107.4772
10.2560,-107.1202,-107.5041
10.2600,-107.1317,-107.5309
10.2640,-107.1494,-107.5575
10.2680,-107.1675,-107.5842
10.2720,-107.1869,-107.6114
10.2760,-107.2079,-107.6386
10.2800,-107.2139,-107.6667
10.2840,-107.2316,-107.6946
10.2880,-107.2567,-107.7210
10.2920,-107.2816,-107.7472
10.2960,-107.3116,-107.7690
10.3000,-107.3406,-107.7908
10.3040,-107.3712,-107.8126
10.3080,-107.4013,-107.8344
10.3120,-107.4335,-107.8515
10.3160,-107.4400,-107.8682
10.3200,-107.4637,-107.8823
10.3240,-107.4926,-107.8960
10.3280,-107.5223,-107.9080
10.3320,-107.5493,-107.9198
10.3360,-107.5766,-107.9305
10.3400,-107.6023,-107.9408
10.3440,-107.6284,-107.9511
10.3480,-107.6335,-107.9614
10.3520,-107.6521,-107.9721
10.3560,-107.6769,-107.9829
10.3600,-107.7024,-107.9897
10.3640,-107.7256,-107.9943
10.3680,-107.7484,-107.9976
10.3720,-107.7542,-108.0002
10.3760,-107.7722,-108.0020
10.3800,-107.7940,-108.0033
10.3840,-107.8158,-108.0041
10.3880,-107.8355,-108.0045
10.3920,-107.8551,-108.0050
10.3960,-107.8739,-108.0054
10.4000,-107.8929,-108.0062
10.4040,-107.8964,-108.0075
10.4080,-107.9097,-108.0093
10.4120,-107.9240,-108.0124
10.4160,-107.9382,-108.0161
10.4200,-107.9492,-108.0216
10.4240,-107.9602,-108.0281
10.4280,-107.9681,-108.0380
10.4320,-107.9765,-108.0478
10.4360,-107.9777,-108.0577
10.4400,-107.9834,-108.0680
10.4440,-107.9885,-108.0812
10.4480,-107.9946,-108.0944
10.4520,-107.9986,-108.1089
10.4560,-108.0036,-108.1235
10.4600,-108.0039,-108.1382
10.4640,-108.0083,-108.1529
10.4680,-108.0122,-108.1688
10.4720,-108.0183,-108.1848
10.4760,-108.0238,-108.2029
10.4800,-108.0313,-108.2215
10.4840,-108.0376,-108.2400
10.4880,-108.0402,-108.2586
10.4920,-108.0452,-108.2794
10.4960,-108.0480,-108.3012
10.5000,-108.0536,-108.3328
10.5040,-108.0637,-108.3708
10.5080,-108.0735,-108.4022
10.5120,-108.0854,-108.4289
10.5160,-108.0971,-108.4558
10.5200,-108.1112,-108.4828
10.5240,-108.1244,-108.5101
10.5280,-108.1285,-108.5377
10.5320,-108.1392,-108.5653
10.5360,-108.1569,-108.5928
10.5400,-108.1748,-108.6203
10.5440,-108.1954,-108.6477
10.5480,-108.2163,-108.6746
10.5520,-108.2218,-108.7008
10.5560,-108.2392,-108.7268
10.5600,-108.2659,-108.7525
10.5640,-108.2927,-108.7767
10.5680,-108.3228,-108.7969
10.5720,-108.3532,-108.8171
10.5760,-108.3856,-108.8372
10.5800,-108.4180,-108.8567
10.5840,-108.4264,-108.8722
10.5880,-108.4507,-108.8873
10.5920,-108.4820,-108.9001
10.5960,-108.5133,-108.9128
10.6000,-108.5449,-108.9242
10.6040,-108.5746,-108.9355
10.6080,-108.6052,-108.9456
10.6120,-108.6328,-108.9557
10.6160,-108.6407,-108.9645
10.6200,-108.6614,-108.9732
10.6240,-108.6890,-108.9820
10.6280,-108.7147,-108.9907
10.6320,-108.7404,-108.9950
10.6360,-108.7639,-108.9983
10.6400,-108.7879,-109.0004
10.6440,-108.7932,-109.0021
10.6480,-108.8100,-109.0031
10.6520,-108.8301,-109.0038
10.6560,-108.8506,-109.0044
10.6600,-108.8686,-109.0050
10.6640,-108.8867,-109.0055
10.6680,-108.9021,-109.0060
10.6720,-108.9175,-109.0075
10.6760,-108.9205,-109.0096
10.6800,-108.9315,-109.0129
10.6840,-108.9426,-109.0171
10.6880,-108.9543,-109.0227
10.6920,-108.9624,-109.0293
10.6960,-108.9717,-109.0375
10.7000,-108.9778,-109.0477
10.7040,-108.9847,-109.0592
10.7080,-108.9853,-109.0723
10.7120,-108.9898,-109.0855
10.7160,-108.9938,-109.0987
10.7200,-108.9990,-109.1122
10.7240,-109.0024,-109.1264
10.7280,-109.0073,-109.1409
10.7320,-109.0074,-109.1567
10.7360,-109.0116,-109.1727
10.7400,-109.0159,-109.1904
10.7440,-109.0224,-109.2082
10.7480,-109.0284,-109.2268
10.7520,-109.0362,-109.2455
10.7560,-109.0436,-109.2678
10.7600,-109.0531,-109.2901
10.7640,-109.0545,-109.3124
10.7680,-109.0619,-109.3346
10.7720,-109.0718,-109.3713
10.7760,-109.0843,-109.4093
10.7800,-109.0959,-109.4376
10.7840,-109.1100,-109.4643
10.7880,-109.1237,-109.4913
10.7920,-109.1278,-109.5184
10.7960,-109.1387,-109.5458
10.8000,-109.1571,-109.5732
10.8040,-109.1752,-109.6007
10.8080,-109.1961,-109.6282
10.8120,-109.2166,-109.6558
10.8160,-109.2398,-109.6834
10.8200,-109.2625,-109.7100
10.8240,-109.2692,-109.7360
10.8280,-109.2872,-109.7605
10.8320,-109.3127,-109.7839
10.8360,-109.3378,-109.8054
10.8400,-109.3655,-109.8251
10.8440,-109.3922,-109.8429
10.8480,-109.4204,-109.8582
10.8520,-109.4474,-109.8735
10.8560,-109.4561,-109.8888
10.8600,-109.4766,-109.9029
10.8640,-109.5062,-109.9147
10.8680,-109.5346,-109.9262
10.8720,-109.5645,-109.9370
10.8760,-109.5934,-109.9475
10.8800,-109.6013,-109.9570
10.8840,-109.6224,-109.9660
10.8880,-109.6522,-109.9726
10.8920,-109.6795,-109.9791
10.8960,-109.7088,-109.9857
10.9000,-109.7361,-109.9922
10.9040,-109.7642,-109.9957
10.9080,-109.7895,-109.9991
10.9120,-109.7966,-110.0014
10.9160,-109.8138,-110.0037
10.9200,-109.8374,-110.0043
10.9240,-109.8571,-110.0048
10.9280,-109.8767,-110.0052
10.9320,-109.8923,-110.0055
10.9360,-109.9085,-110.0073
10.9400,-109.9217,-110.0095
10.9440,-109.9349,-110.0116
10.9480,-109.9374,-110.0138
10.9520,-109.9462,-110.0182
10.9560,-109.9553,-110.0239
10.9600,-109.9649,-110.0316
10.9640,-109.9718,-110.0403
10.9680,-109.9792,-110.0505
10.9720,-109.9800,-110.0616
10.9760,-109.9851,-110.0742
10.9800,-109.9895,-110.0881
10.9840,-109.9952,-110.1020
10.9880,-109.9989,-110.1160
10.9920,-110.0038,-110.1306
10.9960,-110.0071,-110.1460
11.0000,-110.0117,-110.1619
11.0040,-110.0118,-110.1784
11.0080,-110.0157,-110.1955
11.0120,-110.0195,-110.2133
11.0160,-110.0260,-110.2318
11.0200,-110.0316,-110.2513
11.0240,-110.0396,-110.2721
11.0280,-110.0466,-110.2955
11.0320,-110.0561,-110.3190
11.0360,-110.0576,-110.3424
11.0400,-110.0658,-110.3662
11.0440,-110.0761,-110.3913
11.0480,-110.0889,-110.4164
11.0520,-110.1018,-110.4423
11.0560,-110.1170,-110.4681
11.0600,-110.1201,-110.4951
11.0640,-110.1332,-110.5220
11.0680,-110.1505,-110.5625
11.0720,-110.1709,-110.6038
11.0760,-110.1924,-110.6325
11.0800,-110.2165,-110.6599
11.0840,-110.2400,-110.6874
11.0880,-110.2649,-110.7148
11.0920,-110.2836,-110.7407
11.0960,-110.2973,-110.7662
11.1000,-110.3166,-110.7884
11.1040,-110.3431,-110.8098
11.1080,-110.3680,-110.8291
11.1120,-110.3949,-110.8474
11.1160,-110.4199,-110.8628
11.1200,-110.4471,-110.8768
11.1240,-110.4729,-110.8907
11.1280,-110.4803,-110.9047
11.1320,-110.4997,-110.9170
11.1360,-110.5282,-110.9280
11.1400,-110.5554,-110.9386
11.1440,-110.5848,-110.9487
11.1480,-110.6129,-110.9582
11.1520,-110.6209,-110.9667
11.1560,-110.6416,-110.9748
11.1600,-110.6711,-110.9817
11.1640,-110.6980,-110.9878
11.1680,-110.7269,-110.9913
11.1720,-110.7527,-110.9949
11.1760,-110.7801,-110.9984
11.1800,-110.8050,-111.0016
11.1840,-110.8120,-111.0028
11.1880,-110.8287,-111.0040
11.1920,-110.8497,-111.0045
11.1960,-110.8699,-111.0050
11.2000,-110.8887,-111.0054
11.2040,-110.9042,-111.0057
11.2080,-110.9195,-111.0070
11.2120,-110.9314,-111.0083
11.2160,-110.9440,-111.0145
11.2200,-110.9537,-111.0207
11.2240,-110.9639,-111.0270
11.2280,-110.9714,-111.0333
11.2320,-110.9802,-111.0428
11.2360,-110.9862,-111.0528
11.2400,-110.9939,-111.0648
11.2440,-110.9947,-111.0773
11.2480,-110.9997,-111.0904
11.2520,-111.0045,-111.1038
11.2560,-111.0098,-111.1185
11.2600,-111.0129,-111.1341
11.2640,-111.0171,-111.1497
11.2680,-111.0195,-111.1652
11.2720,-111.0229,-111.1819
11.2760,-111.0228,-111.1994
11.2800,-111.0257,-111.2171
11.2840,-111.0290,-111.2349
11.2880,-111.0344,-111.2547
11.2920,-111.0403,-111.2769
11.2960,-111.0477,-111.2996
11.3000,-111.0554,-111.3225
11.3040,-111.0649,-111.3469
11.3080,-111.0680,-111.3731
11.3120,-111.0750,-111.3994
11.3160,-111.0860,-111.4256
11.3200,-111.0997,-111.4522
11.3240,-111.1136,-111.4794
11.3280,-111.1296,-111.5066
11.3320,-111.1351,-111.5338
11.3360,-111.1462,-111.5611
11.3400,-111.1653,-111.5886
11.3440,-111.1865,-111.6160
11.3480,-111.2082,-111.6432
11.3520,-111.2327,-111.6704
11.3560,-111.2576,-111.6976
11.3600,-111.2838,-111.7244
11.3640,-111.2931,-111.7490
11.3680,-111.3103,-111.7735
11.3720,-111.3365,-111.7951
11.3760,-111.3641,-111.8168
11.3800,-111.3914,-111.8431
11.3840,-111.4198,-111.8694
11.3880,-111.4297,-111.8839
11.3920,-111.4469,-111.8979
11.3960,-111.4766,-111.9094
11.4000,-111.5082,-111.9208
11.4040,-111.5371,-111.9321
11.4080,-111.5700,-111.9434
11.4120,-111.6039,-111.9533
11.4160,-111.6370,-111.9628
11.4200,-111.6488,-111.9708
11.4240,-111.6678,-111.9785
11.4280,-111.6981,-111.9845
11.4320,-111.7271,-111.9901
11.4360,-111.7534,-111.9934
11.4400,-111.7795,-111.9960
11.4440,-111.8026,-111.9985
11.4480,-111.8253,-112.0010
11.4520,-111.8456,-112.0026
11.4560,-111.8542,-112.0034
11.4600,-111.8653,-112.0039
11.4640,-111.8832,-112.0041
11.4680,-111.8989,-112.0046
11.4720,-111.9133,-112.0054
11.4760,-111.9255,-112.0068
11.4800,-111.9376,-112.0089
11.4840,-111.9473,-112.0124
11.4880,-111.9515,-112.0178
11.4920,-111.9562,-112.0233
11.4960,-111.9646,-112.0287
11.5000,-111.9716,-112.0353
11.5040,-111.9781,-112.0459
11.5080,-111.9833,-112.0569
11.5120,-111.9858,-112.0693
11.5160,-111.9884,-112.0833
11.5200,-111.9933,-112.1047
11.5240,-111.9973,-112.1254
11.5280,-112.0021,-112.1412
11.5320,-112.0058,-112.1571
11.5360,-112.0101,-112.1729
11.5400,-112.0139,-112.1889
11.5440,-112.0159,-112.2063
11.5480,-112.0184,-112.2237
11.5520,-112.0241,-112.2433
11.5560,-112.0302,-112.2630
11.5600,-112.0382,-112.2850
11.5640,-112.0463,-112.3072
11.5680,-112.0500,-112.3314
11.5720,-112.0559,-112.3559
11.5760,-112.0681,-112.3818
11.5800,-112.0814,-112.4081
11.5840,-112.0965,-112.4344
11.5880,-112.1126,-112.4608
11.5920,-112.1305,-112.4876
11.5960,-112.1493,-112.5146
11.6000,-112.1693,-112.5411
11.6040,-112.1765,-112.5674
11.6080,-112.1891,-112.5948
11.6120,-112.2088,-112.6231
11.6160,-112.2297,-112.6508
11.6200,-112.2499,-112.6779
11.6240,-112.2714,-112.7040
11.6280,-112.2894,-112.7291
11.6320,-112.3100,-112.7542
11.6360,-112.3230,-112.7794
11.6400,-112.3375,-112.8023
11.6440,-112.3608,-112.8225
11.6480,-112.3858,-112.8411
11.6520,-112.4107,-112.8574
11.6560,-112.4381,-112.8728
11.6600,-112.4490,-112.8863
11.6640,-112.4666,-112.8998
11.6680,-112.4954,-112.9139
11.6720,-112.5255,-112.9279
11.6760,-112.5566,-112.9419
11.6800,-112.5893,-112.9555
11.6840,-112.6206,-112.9644
11.6880,-112.6528,-112.9731
11.6920,-112.6647,-112.9799
11.6960,-112.6809,-112.9867
11.7000,-112.7114,-112.9912
11.7040,-112.7392,-112.9956
11.7080,-112.7637,-112.9981
11.7120,-112.7874,-113.0005
11.7160,-112.7985,-113.0018
11.7200,-112.7997,-113.0027
11.7240,-112.7999,-113.0036
11.7280,-112.8026,-113.0045
11.7320,-112.8081,-113.0049
11.7360,-112.8181,-113.0053
11.7400,-112.8305,-113.0063
11.7440,-112.8458,-113.0076
11.7480,-112.8620,-113.0101
11.7520,-112.8804,-113.0132
11.7560,-112.8990,-113.0188
11.7600,-112.9184,-113.0257
11.7640,-112.9361,-113.0326
11.7680,-112.9540,-113.0396
11.7720,-112.9694,-113.0487
11.7760,-112.9832,-113.0600
11.7800,-112.9937,-113.0721
11.7840,-112.9978,-113.0851
11.7880,-113.0016,-113.0987
11.7920,-113.0084,-113.1131
11.7960,-113.0139,-113.1278
11.8000,-113.0191,-113.1432
11.8040,-113.0226,-113.1591
11.8080,-113.0265,-113.1764
11.8120,-113.0294,-113.1937
11.8160,-113.0310,-113.2110
11.8200,-113.0328,-113.2288
11.8240,-113.0373,-113.2485
11.8280,-113.0424,-113.2685
11.8320,-113.0491,-113.2910
11.8360,-113.0564,-113.3136
11.8400,-113.0600,-113.3385
11.8440,-113.0653,-113.3634
11.8480,-113.0764,-113.3892
11.8520,-113.0882,-113.4151
11.8560,-113.1028,-113.4478
11.8600,-113.1187,-113.4805
11.8640,-113.1360,-113.5133
11.8680,-113.1529,-113.5460
11.8720,-113.1614,-113.5747
11.8760,-113.1722,-113.6026
11.8800,-113.1930,-113.6300
11.8840,-113.2136,-113.6573
11.8880,-113.2357,-113.6746
11.8920,-113.2580,-113.6884
11.8960,-113.2824,-113.7096
11.9000,-113.3071,-113.7341
11.9040,-113.3328,-113.7586
11.9080,-113.3437,-113.7830
11.9120,-113.3600,-113.8055
11.9160,-113.3866,-113.8260
11.9200,-113.4135,-113.8484
11.9240,-113.4403,-113.8727
11.9280,-113.4682,-113.8912
11.9320,-113.4788,-113.9043
11.9360,-113.4954,-113.9164
11.9400,-113.5231,-113.9277
11.9440,-113.5526,-113.9381
11.9480,-113.5817,-113.9476
11.9520,-113.6114,-113.9570
11.9560,-113.6410,-113.9664
11.9600,-113.6710,-113.9751
11.9640,-113.6835,-113.9819
11.9680,-113.6953,-113.9882
11.9720,-113.7273,-113.9925
11.9760,-113.7539,-113.9965
11.9800,-113.7788,-113.9990
11.9840,-113.8021,-114.0013
11.9880,-113.8233,-114.0025
11.9920,-113.8438,-114.0036
11.9960,-113.8519,-114.0040
12.0000,-113.8634,-114.0043
12.0040,-113.8804,-114.0046
12.0080,-113.8970,-114.0049
12.0120,-113.9114,-114.0050
12.0160,-113.9249,-114.0050
12.0200,-113.9364,-114.0051
12.0240,-113.9477,-114.0052
12.0280,-113.9570,-114.0052
12.0320,-113.9659,-114.0052
12.0360,-113.9735,-114.0052
12.0400,-113.9809,-114.0053
12.0440,-113.9866,-114.0053
12.0480,-113.9927,-114.0053
12.0520,-113.9973,-114.0053
12.0560,-113.9996,-114.0053
12.0600,-114.0016,-114.0053
12.0640,-114.0053,-114.0053
12.0680,-114.0076,-114.0053
12.0720,-114.0095,-114.0053
12.0760,-114.0103,-114.0053
12.0800,-114.0111,-114.0053
12.0840,-114.0111,-114.0053
12.0880,-114.0113,-114.0053
12.0920,-114.0110,-114.0053
12.0960,-114.0111,-114.0053
12.1000,-114.0105,-114.0053
12.1040,-114.0105,-114.0053
12.1080,-114.0098,-114.0053
12.1120,-114.0096,-114.0053
12.1160,-114.0091,-114.0053
12.1200,-114.0090,-114.0053
12.1240,-114.0082,-114.0053
12.1280,-114.0081,-114.0053
12.1320,-114.0074,-114.0053
12.1360,-114.0073,-114.0053
12.1400,-114.0065,-114.0053
12.1440,-114.0067,-114.0053
12.1480,-114.0063,-114.0053
12.1520,-114.0063,-114.0053
12.1560,-114.0058,-114.0052
12.1600,-114.0059,-114.0052
12.1640,-114.0055,-114.0052
12.1680,-114.0058,-114.0052
12.1720,-114.0055,-114.0052
12.1760,-114.0055,-114.0052
12.1800,-114.0053,-114.0052
12.1840,-114.0053,-114.0052
12.1880,-114.0050,-114.0052
12.1920,-114.0053,-114.0052
12.1960,-114.0052,-114.0052
12.2000,-114.0053,-114.0052
12.2040,-114.0049,-114.0052
12.2080,-114.0052,-114.0052
12.2120,-114.0051,-114.0052
12.2160,-114.0053,-114.0051
12.2200,-114.0052,-114.0051
12.2240,-114.0053,-114.0051
12.2280,-114.0050,-114.0051
12.2320,-114.0053,-114.0051
12.2360,-114.0051,-114.0051
12.2400,-114.0053,-114.0051
12.2440,-114.0051,-114.0051
12.2480,-114.0052,-114.0051
12.2520,-114.0050,-114.0051
12.2560,-114.0053,-114.0051
12.2600,-114.0051,-114.0051
12.2640,-114.0053,-114.0051
12.2680,-114.0051,-114.0051
12.2720,-114.0054,-114.0051
12.2760,-114.0051,-114.0051
12.2800,-114.0053,-114.0051
12.2840,-114.0051,-114.0050
12.2880,-114.0052,-114.0050
12.2920,-114.0052,-114.0050
12.2960,-114.0053,-114.0050
12.3000,-114.0050,-114.0050
12.3040,-114.0051,-114.0050
12.3080,-114.0050,-114.0050
12.3120,-114.0053,-114.0050
12.3160,-114.0049,-114.0050
12.3200,-114.0051,-114.0050
12.3240,-114.0049,-114.0050
12.3280,-114.0053,-114.0050
12.3320,-114.0050,-114.0049
12.3360,-114.0052,-114.0049
12.3400,-114.0050,-114.0049
12.3440,-114.0052,-114.0049
12.3480,-114.0048,-114.0049
12.3520,-114.0051,-114.0049
12.3560,-114.0050,-114.0049
12.3600,-114.0051,-114.0049
12.3640,-114.0050,-114.0049
12.3680,-114.0051,-114.0048
12.3720,-114.0050,-114.0048
12.3760,-114.0051,-114.0048
12.3800,-114.0048,-114.0048
12.3840,-114.0051,-114.0048
12.3880,-114.0049,-114.0048
12.3920,-114.0050,-114.0048
12.3960,-114.0049,-114.0048
12.4000,-114.0051,-114.0048
12.4040,-114.0049,-114.0047
12.4080,-114.0049,-114.0047
12.4120,-114.0048,-114.0047
12.4160,-114.0050,-114.0047
12.4200,-114.0050,-114.0047
12.4240,-114.0051,-114.0047
12.4280,-114.0047,-114.0047
12.4320,-114.0050,-114.0047
12.4360,-114.0047,-114.0047
12.4400,-114.0049,-114.0047
12.4440,-114.0048,-114.0047
12.4480,-114.0049,-114.0046
12.4520,-114.0047,-114.0046
12.4560,-114.0049,-114.0046
12.4600,-114.0047,-114.0046
12.4640,-114.0049,-114.0046
12.4680,-114.0048,-114.0046
12.4720,-114.0049,-114.0046
12.4760,-114.0046,-114.0046
12.4800,-114.0048,-114.0045
12.4840,-114.0046,-114.0045
12.4880,-114.0049,-114.0045
12.4920,-114.0047,-114.0045
12.4960,-114.0048,-114.0045
12.5000,-114.0045,-114.0045
12.5040,-114.0048,-114.0045
12.5080,-114.0046,-114.0044
12.5120,-114.0048,-114.0044
12.5160,-114.0047,-114.0044
12.5200,-114.0048,-114.0044
12.5240,-114.0045,-114.0044
12.5280,-114.0047,-114.0044
12.5320,-114.0046,-114.0044
12.5360,-114.0047,-114.0043
12.5400,-114.0045,-114.0043
12.5440,-114.0048,-114.0043
12.5480,-114.0045,-114.0043
12.5520,-114.0047,-114.0043
12.5560,-114.0045,-114.0043
12.5600,-114.0045,-114.0043
12.5640,-114.0046,-114.0042
12.5680,-114.0047,-114.0042
12.5720,-114.0043,-114.0042
12.5760,-114.0045,-114.0042
12.5800,-114.0043,-114.0042
12.5840,-114.0046,-114.0042
12.5880,-114.0043,-114.0042
12.5920,-114.0044,-114.0042
12.5960,-114.0043,-114.0041
12.6000,-114.0045,-114.0041
12.6040,-114.0043,-114.0041
12.6080,-114.0044,-114.0041
12.6120,-114.0043,-114.0041
12.6160,-114.0043,-114.0041
12.6200,-114.0042,-114.0040
12.6240,-114.0044,-114.0040
12.6280,-114.0043,-114.0040
12.6320,-114.0043,-114.0040
12.6360,-114.0042,-114.0040
12.6400,-114.0043,-114.0040
12.6440,-114.0040,-114.0039
12.6480,-114.0044,-114.0039
12.6520,-114.0041,-114.0039
12.6560,-114.0042,-114.0039
12.6600,-114.0041,-114.0039
12.6640,-114.0042,-114.0039
12.6680,-114.0040,-114.0039
12.6720,-114.0041,-114.0038
12.6760,-114.0040,-114.0038
12.6800,-114.0042,-114.0038
12.6840,-114.0040,-114.0038
12.6880,-114.0041,-114.0038
12.6920,-114.0040,-114.0038
12.6960,-114.0040,-114.0037
12.7000,-114.0041,-114.0037
12.7040,-114.0041,-114.0037
12.7080,-114.0038,-114.0037
12.7120,-114.0040,-114.0037
12.7160,-114.0039,-114.0036
12.7200,-114.0040,-114.0036
12.7240,-114.0037,-114.0036
12.7280,-114.0039,-114.0036
12.7320,-114.0038,-114.0036
12.7360,-114.0040,-114.0036
12.7400,-114.0038,-114.0036
12.7440,-114.0039,-114.0035
12.7480,-114.0037,-114.0035
12.7520,-114.0038,-114.0035
12.7560,-114.0039,-114.0035
12.7600,-114.0038,-114.0035
12.7640,-114.0036,-114.0034
12.7680,-114.0039,-114.0034
12.7720,-114.0036,-114.0034
12.7760,-114.0038,-114.0034
12.7800,-114.0038,-114.0034
12.7840,-114.0037,-114.0034
12.7880,-114.0034,-114.0034
12.7920,-114.0037,-114.0033
12.7960,-114.0036,-114.0033
12.8000,-114.0037,-114.0033
12.8040,-114.0035,-114.0033
12.8080,-114.0036,-114.0033
12.8120,-114.0035,-114.0033
12.8160,-114.0037,-114.0033
12.8200,-114.0035,-114.0032
12.8240,-114.0037,-114.0032
12.8280,-114.0035,-114.0032
12.8320,-114.0036,-114.0032
12.8360,-114.0035,-114.0032
12.8400,-114.0036,-114.0032
12.8440,-114.0035,-114.0032
12.8480,-114.0036,-114.0032
12.8520,-114.0035,-114.0031
12.8560,-114.0035,-114.0031
12.8600,-114.0033,-114.0031
12.8640,-114.0035,-114.0031
12.8680,-114.0033,-114.0031
12.8720,-114.0034,-114.0030
12.8760,-114.0034,-114.0030
12.8800,-114.0034,-114.0030
12.8840,-114.0032,-114.0030
12.8880,-114.0033,-114.0030
12.8920,-114.0033,-114.0030
12.8960,-114.0033,-114.0030
12.9000,-114.0033,-114.0029
12.9040,-114.0032,-114.0029
12.9080,-114.0030,-114.0029
12.9120,-114.0033,-114.0029
12.9160,-114.0031,-114.0029
12.9200,-114.0032,-114.0029
12.9240,-114.0031,-114.0029
12.9280,-114.0032,-114.0028
12.9320,-114.0030,-114.0028
12.9360,-114.0031,-114.0028
12.9400,-114.0030,-114.0028
12.9440,-114.0031,-114.0028
12.9480,-114.0030,-114.0028
12.9520,-114.0030,-114.0028
12.9560,-114.0029,-114.0027
12.9600,-114.0031,-114.0027
12.9640,-114.0029,-114.0027
12.9680,-114.0030,-114.0027
12.9720,-114.0029,-114.0027
12.9760,-114.0029,-114.0027
12.9800,-114.0028,-114.0026
12.9840,-114.0029,-114.0026
12.9880,-114.0030,-114.0026
12.9920,-114.0029,-114.0026
12.9960,-114.0028,-114.0026
13.0000,-114.0029,-114.0025
13.0040,-114.0028,-114.0025
13.0080,-114.0029,-114.0025
13.0120,-114.0027,-114.0025
13.0160,-114.0027,-114.0025
13.0200,-114.0027,-114.0025
13.0240,-114.0026,-114.0024
13.0280,-114.0030,-114.0024
13.0320,-114.0027,-114.0024
13.0360,-114.0026,-114.0024
13.0400,-114.0028,-114.0024
13.0440,-114.0026,-114.0024
13.0480,-114.0028,-114.0024
13.0520,-114.0027,-114.0023
13.0560,-114.0027,-114.0023
13.0600,-114.0026,-114.0023
13.0640,-114.0025,-114.0023
13.0680,-114.0025,-114.0023
13.0720,-114.0026,-114.0023
13.0760,-114.0026,-114.0023
13.0800,-114.0025,-114.0023
13.0840,-114.0024,-114.0023
13.0880,-114.0025,-114.0022
13.0920,-114.0026,-114.0022
13.0960,-114.0025,-114.0022
13.1000,-114.0023,-114.0022
13.1040,-114.0025,-114.0022
13.1080,-114.0023,-114.0022
13.1120,-114.0024,-114.0022
13.1160,-114.0025,-114.0022
13.1200,-114.0025,-114.0022
13.1240,-114.0022,-114.0021
13.1280,-114.0025,-114.0021
13.1320,-114.0024,-114.0021
13.1360,-114.0024,-114.0021
13.1400,-114.0022,-114.0021
13.1440,-114.0023,-114.0021
13.1480,-114.0024,-114.0021
13.1520,-114.0022,-114.0021
13.1560,-114.0024,-114.0020
13.1600,-114.0022,-114.0020
13.1640,-114.0021,-114.0020
13.1680,-114.0023,-114.0020
13.1720,-114.0023,-114.0020
13.1760,-114.0022,-114.0020
13.1800,-114.0021,-114.0020
13.1840,-114.0021,-114.0019
13.1880,-114.0022,-114.0019
13.1920,-114.0021,-114.0019
13.1960,-114.0021,-114.0019
13.2000,-114.0021,-114.0019
13.2040,-114.0022,-114.0019
13.2080,-114.0022,-114.0019
13.2120,-114.0021,-114.0019
13.2160,-114.0021,-114.0019
13.2200,-114.0020,-114.0018
13.2240,-114.0021,-114.0018
13.2280,-114.0021,-114.0018
13.2320,-114.0020,-114.0018
13.2360,-114.0020,-114.0018
13.2400,-114.0020,-114.0018
13.2440,-114.0019,-114.0018
13.2480,-114.0020,-114.0017
13.2520,-114.0020,-114.0017
13.2560,-114.0019,-114.0017
13.2600,-114.0019,-114.0017
13.2640,-114.0019,-114.0017
13.2680,-114.0018,-114.0017
13.2720,-114.0019,-114.0017
13.2760,-114.0019,-114.0017
13.2800,-114.0019,-114.0016
13.2840,-114.0019,-114.0016
13.2880,-114.0019,-114.0016
13.2920,-114.0018,-114.0016
13.2960,-114.0017,-114.0016
13.3000,-114.0018,-114.0016
13.3040,-114.0018,-114.0016
13.3080,-114.0017,-114.0015
13.3120,-114.0017,-114.0015
13.3160,-114.0020,-114.0015
13.3200,-114.0018,-114.0015
13.3240,-114.0017,-114.0015
13.3280,-114.0017,-114.0015
13.3320,-114.0016,-114.0015
13.3360,-114.0017,-114.0015
13.3400,-114.0018,-114.0015
13.3440,-114.0017,-114.0015
13.3480,-114.0016,-114.0015
13.3520,-114.0016,-114.0015
13.3560,-114.0016,-114.0014
13.3600,-114.0016,-114.0014
13.3640,-114.0015,-114.0014
13.3680,-114.0016,-114.0014
13.3720,-114.0017,-114.0014
13.3760,-114.0015,-114.0014
13.3800,-114.0016,-114.0014
13.3840,-114.0016,-114.0014
13.3880,-114.0016,-114.0014
13.3920,-114.0015,-114.0014
13.3960,-114.0017,-114.0014
13.4000,-114.0015,-114.0014
13.4040,-114.0014,-114.0014
13.4080,-114.0015,-114.0013
13.4120,-114.0015,-114.0013
13.4160,-114.0014,-114.0013
13.4200,-114.0016,-114.0013
13.4240,-114.0015,-114.0013
13.4280,-114.0015,-114.0013
13.4320,-114.0014,-114.0013
13.4360,-114.0014,-114.0013
13.4400,-114.0014,-114.0013
13.4440,-114.0013,-114.0013
13.4480,-114.0014,-114.0013
13.4520,-114.0015,-114.0012
13.4560,-114.0014,-114.0012
13.4600,-114.0014,-114.0012
13.4640,-114.0013,-114.0012
13.4680,-114.0014,-114.0012
13.4720,-114.0014,-114.0012
13.4760,-114.0015,-114.0012
13.4800,-114.0013,-114.0012
13.4840,-114.0014,-114.0012
13.4880,-114.0013,-114.0012
13.4920,-114.0013,-114.0012
13.4960,-114.0014,-114.0012
13.5000,-114.0014,-114.0011
13.5040,-114.0013,-114.0011
13.5080,-114.0013,-114.0011
13.5120,-114.0013,-114.0011
13.5160,-114.0013,-114.0011
13.5200,-114.0013,-114.0011
13.5240,-114.0012,-114.0011
13.5280,-114.0013,-114.0011
13.5320,-114.0012,-114.0011
13.5360,-114.0012,-114.0011
13.5400,-114.0013,-114.0010
13.5440,-114.0012,-114.0010
13.5480,-114.0011,-114.0010
13.5520,-114.0011,-114.0010
13.5560,-114.0013,-114.0010
13.5600,-114.0011,-114.0010
13.5640,-114.0011,-114.0010
13.5680,-114.0012,-114.0010
13.5720,-114.0012,-114.0010
13.5760,-114.0011,-114.0010
13.5800,-114.0012,-114.0010
13.5840,-114.0010,-114.0010
13.5880,-114.0012,-114.0009
13.5920,-114.0011,-114.0009
13.5960,-114.0009,-114.0009
13.6000,-114.0011,-114.0009
13.6040,-114.0011,-114.0009
13.6080,-114.0010,-114.0009
13.6120,-114.0011,-114.0009
13.6160,-114.0010,-114.0009
13.6200,-114.0010,-114.0009
13.6240,-114.0010,-114.0009
13.6280,-114.0011,-114.0009
13.6320,-114.0010,-114.0009
13.6360,-114.0010,-114.0009
13.6400,-114.0010,-114.0009
13.6440,-114.0009,-114.0009
13.6480,-114.0010,-114.0008
13.6520,-114.0010,-114.0008
13.6560,-114.0010,-114.0008
13.6600,-114.0010,-114.0008
13.6640,-114.0009,-114.0008
13.6680,-114.0009,-114.0008
13.6720,-114.0009,-114.0008
13.6760,-114.0010,-114.0008
13.6800,-114.0009,-114.0008
13.6840,-114.0009,-114.0008
13.6880,-114.0009,-114.0008
13.6920,-114.0009,-114.0008
13.6960,-114.0008,-114.0008
13.7000,-114.0009,-114.0008
13.7040,-114.0008,-114.0008
13.7080,-114.0009,-114.0008
13.7120,-114.0009,-114.0008
13.7160,-114.0008,-114.0008
13.7200,-114.0008,-114.0007
13.7240,-114.0009,-114.0007
13.7280,-114.0009,-114.0007
13.7320,-114.0009,-114.0007
13.7360,-114.0008,-114.0007
13.7400,-114.0006,-114.0007
13.7440,-114.0009,-114.0007
13.7480,-114.0008,-114.0007
13.7520,-114.0008,-114.0007
13.7560,-114.0009,-114.0007
13.7600,-114.0008,-114.0007
13.7640,-114.0007,-114.0007
13.7680,-114.0008,-114.0007
13.7720,-114.0008,-114.0007
13.7760,-114.0007,-114.0007
13.7800,-114.0008,-114.0007
13.7840,-114.0007,-114.0007
13.7880,-114.0007,-114.0006
13.7920,-114.0007,-114.0006
13.7960,-114.0009,-114.0006
13.8000,-114.0007,-114.0006
13.8040,-114.0008,-114.0006
13.8080,-114.0006,-114.0006
13.8120,-114.0007,-114.0006
13.8160,-114.0007,-114.0006
13.8200,-114.0007,-114.0006
13.8240,-114.0006,-114.0006
13.8280,-114.0006,-114.0006
13.8320,-114.0008,-114.0006
13.8360,-114.0007,-114.0006
13.8400,-114.0008,-114.0006
13.8440,-114.0007,-114.0006
13.8480,-114.0007,-114.0006
13.8520,-114.0007,-114.0006
13.8560,-114.0006,-114.0006
13.8600,-114.0007,-114.0006
13.8640,-114.0006,-114.0006
13.8680,-114.0008,-114.0006
13.8720,-114.0005,-114.0005
13.8760,-114.0006,-114.0005
13.8800,-114.0006,-114.0005
13.8840,-114.0008,-114.0005
13.8880,-114.0005,-114.0005
13.8920,-114.0007,-114.0005
13.8960,-114.0005,-114.0005
13.9000,-114.0006,-114.0005
13.9040,-114.0006,-114.0005
13.9080,-114.0005,-114.0005
13.9120,-114.0006,-114.0005
13.9160,-114.0007,-114.0005
13.9200,-114.0006,-114.0005
13.9240,-114.0005,-114.0005
13.9280,-114.0006,-114.0005
13.9320,-114.0006,-114.0005
13.9360,-114.0006,-114.0005
13.9400,-114.0005,-114.0005
13.9440,-114.0006,-114.0005
13.9480,-114.0006,-114.0005
13.9520,-114.0005,-114.0005
13.9560,-114.0005,-114.0005
13.9600,-114.0005,-114.0005
13.9640,-114.0006,-114.0005
13.9680,-114.0005,-114.0005
13.9720,-114.0006,-114.0005
13.9760,-114.0004,-114.0005
13.9800,-114.0005,-114.0004
13.9840,-114.0005,-114.0004
13.9880,-114.0005,-114.0004
13.9920,-114.0004,-114.0004
13.9960,-114.0006,-114.0004
14.0000,-114.0005,-114.0004
14.0040,-114.0005,-114.0004
14.0080,-114.0005,-114.0004
14.0120,-114.0005,-114.0004
14.0160,-114.0005,-114.0004
14.0200,-114.0005,-114.0004
14.0240,-114.0004,-114.0004
14.0280,-114.0004,-114.0004
14.0320,-114.0005,-114.0004
14.0360,-114.0005,-114.0004
14.0400,-114.0005,-114.0004
14.0440,-114.0004,-114.0004
14.0480,-114.0004,-114.0004
14.0520,-114.0006,-114.0004
14.0560,-114.0004,-114.0003
14.0600,-114.0004,-114.0003
14.0640,-114.0004,-114.0003
14.0680,-114.0004,-114.0003
14.0720,-114.0004,-114.0003
14.0760,-114.0004,-114.0003
14.0800,-114.0004,-114.0003
14.0840,-114.0005,-114.0003
14.0880,-114.0004,-114.0003
14.0920,-114.0004,-114.0003
14.0960,-114.0003,-114.0003
14.1000,-114.0003,-114.0003
14.1040,-114.0004,-114.0003
14.1080,-114.0005,-114.0003
14.1120,-114.0003,-114.0003
14.1160,-114.0004,-114.0003
14.1200,-114.0004,-114.0003
14.1240,-114.0003,-114.0003
14.1280,-114.0003,-114.0003
14.1320,-114.0004,-114.0003
14.1360,-114.0004,-114.0003
14.1400,-114.0004,-114.0003
14.1440,-114.0004,-114.0003
14.1480,-114.0003,-114.0003
14.1520,-114.0004,-114.0003
14.1560,-114.0004,-114.0003
14.1600,-114.0004,-114.0003
14.1640,-114.0003,-114.0003
14.1680,-114.0004,-114.0003
14.1720,-114.0004,-114.0003
14.1760,-114.0003,-114.0003
14.1800,-114.0004,-114.0003
14.1840,-114.0001,-114.0003
14.1880,-114.0003,-114.0003
14.1920,-114.0002,-114.0003
14.1960,-114.0004,-114.0003
14.2000,-114.0003,-114.0002
14.2040,-114.0003,-114.0002
14.2080,-114.0003,-114.0002
14.2120,-114.0003,-114.0002
14.2160,-114.0002,-114.0002
14.2200,-114.0003,-114.0002
14.2240,-114.0002,-114.0002
14.2280,-114.0004,-114.0002
14.2320,-114.0002,-114.0002
14.2360,-114.0003,-114.0002
14.2400,-114.0003,-114.0002
14.2440,-114.0004,-114.0002
14.2480,-114.0003,-114.0002
14.2520,-114.0002,-114.0002
14.2560,-114.0002,-114.0002
14.2600,-114.0003,-114.0002
14.2640,-114.0002,-114.0002
14.2680,-114.0003,-114.0002
14.2720,-114.0002,-114.0002
14.2760,-114.0003,-114.0002
14.2800,-114.0003,-114.0002
14.2840,-114.0002,-114.0002
14.2880,-114.0002,-114.0002
14.2920,-114.0004,-114.0002
14.2960,-114.0002,-114.0002
14.3000,-114.0002,-114.0002
14.3040,-114.0002,-114.0002
14.3080,-114.0002,-114.0002
14.3120,-114.0002,-114.0002
14.3160,-114.0002,-114.0002
14.3200,-114.0002,-114.0002
14.3240,-114.0003,-114.0002
14.3280,-114.0002,-114.0002
14.3320,-114.0001,-114.0002
14.3360,-114.0002,-114.0002
14.3400,-114.0003,-114.0002
14.3440,-114.0002,-114.0002
14.3480,-114.0001,-114.0002
14.3520,-114.0002,-114.0002
14.3560,-114.0003,-114.0002
14.3600,-114.0002,-114.0002
14.3640,-114.0002,-114.0002
14.3680,-114.0002,-114.0002
14.3720,-114.0003,-114.0002
14.3760,-114.0001,-114.0001
14.3800,-114.0001,-114.0001
14.3840,-114.0002,-114.0001
14.3880,-114.0002,-114.0001
14.3920,-114.0001,-114.0001
14.3960,-114.0003,-114.0001
14.4000,-114.0001,-114.0001
14.4040,-114.0002,-114.0001
14.4080,-114.0001,-114.0001
14.4120,-114.0002,-114.0001
14.4160,-114.0001,-114.0001
14.4200,-114.0002,-114.0001
14.4240,-114.0002,-114.0001
14.4280,-114.0001,-114.0001
14.4320,-114.0001,-114.0001
14.4360,-114.0002,-114.0001
14.4400,-114.0001,-114.0001
14.4440,-114.0002,-114.0001
14.4480,-114.0001,-114.0001
14.4520,-114.0002,-114.0001
14.4560,-114.0001,-114.0001
14.4600,-114.0001,-114.0001
14.4640,-114.0001,-114.0001
14.4680,-114.0001,-114.0001
14.4720,-114.0001,-114.0001
14.4760,-114.0002,-114.0001
14.4800,-114.0001,-114.0001
14.4840,-114.0001,-114.0001
14.4880,-114.0001,-114.0001
14.4920,-114.0002,-114.0001
14.4960,-114.0001,-114.0001
14.5000,-114.0001,-114.0001
14.5040,-114.0001,-114.0001
14.5080,-114.0001,-114.0001
14.5120,-114.0001,-114.0001
14.5160,-114.0002,-114.0001
14.5200,-114.0001,-114.0001
14.5240,-114.0000,-114.0001
14.5280,-114.0001,-114.0001
14.5320,-114.0001,-114.0001
14.5360,-114.0001,-114.0001
14.5400,-114.0001,-114.0001
14.5440,-114.0001,-114.0001
14.5480,-114.0001,-114.0001
14.5520,-114.0001,-114.0001
14.5560,-114.0001,-114.0001
14.5600,-114.0001,-114.0001
14.5640,-114.0001,-114.0001
14.5680,-114.0001,-114.0001
14.5720,-114.0001,-114.0001
14.5760,-114.0000,-114.0001
14.5800,-114.0001,-114.0001
14.5840,-114.0001,-114.0001
14.5880,-114.0001,-114.0001
14.5920,-114.0000,-114.0001
14.5960,-114.0002,-114.0001
14.6000,-114.0001,-114.0001
14.6040,-114.0002,-114.0001
14.6080,-114.0001,-114.0001
14.6120,-114.0000,-114.0001
14.6160,-114.0001,-114.0001
14.6200,-114.0001,-114.0001
14.6240,-114.0001,-114.0001
14.6280,-114.0001,-114.0001
14.6320,-114.0001,-114.0001
14.6360,-114.0001,-114.0000
14.6400,-114.0001,-114.0000
14.6440,-114.0001,-114.0000
14.6480,-114.0001,-114.0000
14.6520,-114.0001,-114.0000
14.6560,-114.0000,-114.0000
14.6600,-114.0001,-114.0000
14.6640,-114.0001,-114.0000
14.6680,-114.0001,-114.0000
14.6720,-114.0000,-114.0000
14.6760,-114.0001,-114.0000
14.6800,-114.0000,-114.0000
14.6840,-114.0002,-114.0000
14.6880,-114.0000,-114.0000
14.6920,-114.0001,-114.0000
14.6960,-113.9999,-114.0000
14.7000,-114.0000,-114.0000
14.7040,-114.0001,-114.0000
14.7080,-114.0001,-114.0000
14.7120,-114.0000,-114.0000
14.7160,-114.0001,-114.0000
14.7200,-114.0000,-114.0000
14.7240,-114.0000,-114.0000
14.7280,-114.0001,-114.0000
14.7320,-114.0000,-114.0000
14.7360,-114.0000,-114.0000
14.7400,-114.0000,-114.0000
14.7440,-114.0000,-114.0000
14.7480,-114.0000,-114.0000
14.7520,-114.0000,-114.0000
14.7560,-114.0001,-114.0000
14.7600,-114.0000,-114.0000
14.7640,-114.0000,-114.0000
14.7680,-114.0000,-114.0000
14.7720,-114.0002,-114.0000
14.7760,-114.0000,-114.0000
14.7800,-114.0000,-114.0000
14.7840,-114.0000,-114.0000
14.7880,-114.0000,-114.0000
14.7920,-114.0000,-114.0000
14.7960,-114.0001,-114.0000
14.8000,-114.0000,-114.0000
14.8040,-114.0000,-114.0000
14.8080,-114.0000,-114.0000
14.8120,-114.0001,-114.0000
14.8160,-113.9999,-114.0000
14.8200,-114.0002,-114.0000
14.8240,-113.9998,-114.0000
14.8280,-114.0001,-114.0000
14.8320,-113.9999,-114.0000
14.8360,-114.0001,-114.0000
14.8400,-113.9999,-114.0000
14.8440,-114.0001,-114.0000
14.8480,-113.9999,-114.0000
14.8520,-114.0002,-114.0000
14.8560,-113.9999,-114.0000
14.8600,-114.0000,-114.0000
14.8640,-114.0000,-114.0000
14.8680,-114.0001,-114.0000
14.8720,-113.9999,-114.0000
14.8760,-114.0002,-114.0000
14.8800,-114.0000,-114.0000
14.8840,-114.0000,-114.0000
14.8880,-113.9999,-114.0000
14.8920,-114.0001,-114.0000
14.8960,-113.9998,-114.0000
14.9000,-114.0001,-114.0000
14.9040,-113.9999,-114.0000
14.9080,-114.0001,-114.0000
14.9120,-113.9999,-114.0000
14.9160,-114.0001,-114.0000
14.9200,-113.9999,-114.0000
14.9240,-114.0001,-114.0000
14.9280,-113.9999,-114.0000
14.9320,-114.0001,-114.0000
14.9360,-113.9999,-114.0000
14.9400,-114.0001,-114.0000
14.9440,-113.9999,-114.0000
14.9480,-114.0001,-114.0000
14.9520,-113.9998,-114.0000
14.9560,-114.0001,-114.0000
14.9600,-113.9999,-114.0000
14.9640,-114.0001,-114.0000
14.9680,-113.9999,-114.0000
14.9720,-114.0001,-114.0000
14.9760,-113.9998,-114.0000
14.9800,-114.0001,-114.0000
14.9840,-113.9999,-114.0000
14.9880,-114.0001,-114.0000
14.9920,-113.9998,-114.0000
14.9960,-114.0003,-114.0000
15.0000,-113.9998,-114.0000
15.0040,-114.0001,-114.0000
15.0080,-113.9999,-114.0000
15.0120,-114.0002,-114.0000
15.0160,-113.9998,-114.0000
15.0200,-114.0001,-114.0000
15.0240,-113.9998,-114.0000
15.0280,-114.0002,-114.0000
15.0320,-113.9998,-114.0000
15.0360,-114.0002,-114.0000
15.0400,-113.9998,-114.0000
15.0440,-114.0002,-114.0000
15.0480,-113.9999,-114.0000
15.0520,-114.0001,-114.0000
15.0560,-113.9998,-114.0000
15.0600,-114.0002,-114.0000
15.0640,-113.9998,-114.0000
15.0680,-114.0001,-114.0000
15.0720,-113.9998,-114.0000
15.0760,-114.0002,-114.0000
15.0800,-113.9998,-114.0000
15.0840,-114.0002,-114.0000
15.0880,-113.9998,-114.0000
15.0920,-114.0003,-114.0000
15.0960,-113.9997,-114.0000
15.1000,-114.0001,-114.0000
15.1040,-113.9998,-113.9999
15.1080,-114.0002,-114.0000
15.1120,-113.9998,-114.0000
15.1160,-114.0002,-114.0000
15.1200,-113.9998,-114.0000
15.1240,-114.0002,-114.0000
15.1280,-113.9998,-113.9999
15.1320,-114.0002,-113.9999
15.1360,-113.9998,-113.9999
15.1400,-114.0002,-113.9999
15.1440,-113.9998,-113.9999
15.1480,-114.0002,-113.9999
15.1520,-113.9997,-113.9999
15.1560,-114.0003,-113.9999
15.1600,-113.9998,-113.9999
15.1640,-114.0001,-113.9999
15.1680,-113.9998,-113.9999
15.1720,-114.0002,-113.9999
15.1760,-113.9997,-113.9999
15.1800,-114.0002,-113.9999
15.1840,-113.9998,-113.9999
15.1880,-114.0002,-113.9999
15.1920,-113.9996,-113.9999
15.1960,-114.0003,-113.9999
15.2000,-113.9998,-113.9999
15.2040,-114.0002,-113.9999
15.2080,-113.9998,-113.9999
15.2120,-114.0001,-113.9999
15.2160,-113.9997,-113.9999
15.2200,-114.0002,-113.9999
15.2240,-113.9997,-113.9999
15.2280,-114.0001,-113.9999
15.2320,-113.9997,-113.9999
15.2360,-114.0002,-114.0000
15.2400,-113.9997,-113.9999
15.2440,-114.0005,-113.9999
15.2480,-113.9992,-113.9999
15.2520,-114.0002,-113.9999
15.2560,-113.9997,-114.0000
15.2600,-114.0001,-114.0000
15.2640,-113.9998,-114.0000
15.2680,-114.0001,-113.9999
15.2720,-113.9997,-113.9999
15.2760,-114.0002,-113.9999
15.2800,-113.9996,-113.9999
15.2840,-114.0002,-113.9999
15.2880,-113.9997,-113.9999
15.2920,-114.0002,-113.9999
15.2960,-113.9997,-113.9999
15.3000,-114.0001,-113.9999
15.3040,-113.9997,-113.9999
15.3080,-114.0001,-113.9999
15.3120,-113.9997,-113.9999
15.3160,-114.0002,-113.9999
15.3200,-113.9997,-113.9999
15.3240,-114.0002,-113.9999
15.3280,-113.9997,-113.9999
15.3320,-114.0002,-113.9999
15.3360,-113.9997,-113.9999
15.3400,-114.0002,-113.9999
15.3440,-113.9997,-113.9999
15.3480,-114.0001,-113.9999
15.3520,-113.9997,-113.9999
15.3560,-114.0002,-113.9999
15.3600,-113.9997,-113.9999
15.3640,-114.0003,-113.9999
15.3680,-113.9996,-113.9999
15.3720,-114.0002,-113.9999
15.3760,-113.9997,-113.9999
15.3800,-114.0001,-113.9999
15.3840,-113.9997,-113.9999
15.3880,-114.0002,-113.9999
15.3920,-113.9997,-113.9999
15.3960,-114.0003,-113.9999
15.4000,-113.9997,-113.9999
15.4040,-114.0001,-113.9999
15.4080,-113.9997,-113.9999
15.4120,-114.0002,-113.9999
15.4160,-113.9997,-113.9999
15.4200,-114.0001,-113.9999
15.4240,-113.9997,-113.9999
15.4280,-114.0002,-113.9999
15.4320,-113.9997,-113.9999
15.4360,-114.0003,-113.9999
15.4400,-113.9998,-113.9999
15.4440,-114.0001,-113.9999
15.4480,-113.9997,-113.9999
15.4520,-114.0002,-113.9999
15.4560,-113.9997,-113.9999
15.4600,-114.0002,-113.9999
15.4640,-113.9997,-113.9999
15.4680,-114.0001,-113.9999
15.4720,-113.9997,-113.9999
15.4760,-114.0003,-113.9999
15.4800,-113.9997,-113.9999
15.4840,-114.0001,-113.9999
15.4880,-113.9997,-113.9999
15.4920,-114.0003,-113.9999
15.4960,-113.9996,-113.9999
15.5000,-114.0002,-113.9999
15.5040,-113.9997,-113.9999
15.5080,-114.0002,-113.9999
15.5120,-113.9996,-113.9999
15.5160,-114.0003,-113.9999
15.5200,-113.9997,-113.9999
15.5240,-114.0001,-113.9999
15.5280,-113.9997,-113.9999
15.5320,-114.0003,-113.9999
15.5360,-113.9997,-113.9999
15.5400,-114.0002,-113.9999
15.5440,-113.9997,-113.9999
15.5480,-114.0000,-113.9999
15.5520,-113.9997,-113.9999
15.5560,-114.0002,-113.9999
15.5600,-113.9997,-113.9999
15.5640,-114.0002,-113.9999
15.5680,-113.9997,-113.9999
15.5720,-114.0002,-113.9999
15.5760,-113.9996,-113.9999
15.5800,-114.0002,-113.9999
15.5840,-113.9997,-113.9999
15.5880,-114.0003,-113.9999
15.5920,-113.9997,-113.9999
15.5960,-114.0002,-113.9999
15.6000,-113.9997,-113.9999
15.6040,-114.0001,-113.9999
15.6080,-113.9997,-113.9999
15.6120,-114.0003,-113.9999
15.6160,-113.9995,-113.9999
15.6200,-114.0002,-113.9999
15.6240,-113.9997,-113.9999
15.6280,-114.0002,-113.9999
15.6320,-113.9996,-113.9999
15.6360,-114.0003,-113.9999
15.6400,-113.9997,-113.9999
15.6440,-114.0002,-113.9999
15.6480,-113.9997,-113.9999
15.6520,-114.0003,-113.9999
15.6560,-113.9996,-113.9999
15.6600,-114.0001,-113.9999
15.6640,-113.9996,-113.9999
15.6680,-114.0002,-113.9999
15.6720,-113.9996,-113.9999
15.6760,-114.0003,-113.9999
15.6800,-113.9996,-113.9999
15.6840,-114.0002,-113.9999
15.6880,-113.9997,-113.9999
15.6920,-114.0003,-113.9999
15.6960,-113.9995,-113.9999
15.7000,-114.0003,-113.9999
15.7040,-113.9996,-113.9999
15.7080,-114.0002,-113.9999
15.7120,-113.9996,-113.9999
15.7160,-114.0003,-113.9999
15.7200,-113.9996,-113.9999
15.7240,-114.0002,-113.9999
15.7280,-113.9996,-113.9999
15.7320,-114.0003,-113.9999
15.7360,-113.9996,-113.9999
15.7400,-114.0002,-113.9999
15.7440,-113.9996,-113.9999
15.7480,-114.0002,-113.9999
15.7520,-113.9996,-113.9999
15.7560,-114.0003,-113.9999
15.7600,-113.9997,-113.9999
15.7640,-114.0002,-113.9999
15.7680,-113.9996,-113.9999
15.7720,-114.0002,-113.9999
15.7760,-113.9996,-113.9999
15.7800,-114.0002,-113.9999
15.7840,-113.9996,-113.9999
15.7880,-114.0003,-113.9999
15.7920,-113.9996,-113.9999
15.7960,-114.0002,-113.9999
15.8000,-113.9996,-113.9999
15.8040,-114.0002,-113.9999
15.8080,-113.9996,-113.9999
15.8120,-114.0003,-113.9999
15.8160,-113.9996,-113.9999
15.8200,-114.0002,-113.9999
15.8240,-113.9996,-113.9999
15.8280,-114.0002,-113.9999
15.8320,-113.9996,-113.9999
15.8360,-114.0003,-113.9999
15.8400,-113.9996,-113.9999
15.8440,-114.0003,-113.9999
15.8480,-113.9996,-113.9999
15.8520,-114.0003,-113.9999
15.8560,-113.9996,-113.9999
15.8600,-114.0002,-113.9999
15.8640,-113.9997,-113.9999
15.8680,-114.0001,-113.9999
15.8720,-113.9996,-113.9999
15.8760,-114.0003,-113.9999
15.8800,-113.9996,-113.9999
15.8840,-114.0002,-113.9999
15.8880,-113.9995,-113.9999
15.8920,-114.0004,-113.9999
15.8960,-113.9995,-113.9999
15.9000,-114.0001,-113.9999
15.9040,-113.9996,-113.9999
15.9080,-114.0002,-113.9999
15.9120,-113.9996,-113.9999
15.9160,-114.0003,-113.9999
15.9200,-113.9996,-113.9999
15.9240,-114.0003,-113.9999
15.9280,-113.9996,-113.9999
15.9320,-114.0002,-113.9999
15.9360,-113.9996,-113.9999
15.9400,-114.0003,-113.9999
15.9440,-113.9996,-113.9999
15.9480,-114.0002,-113.9999
15.9520,-113.9996,-113.9999
15.9560,-114.0004,-113.9999
15.9600,-113.9996,-113.9999
15.9640,-114.0002,-113.9999
15.9680,-113.9996,-113.9999
15.9720,-114.0002,-113.9999
15.9760,-113.9997,-113.9999
15.9800,-114.0002,-113.9999
15.9840,-113.9996,-113.9999
15.9880,-114.0002,-113.9999
15.9920,-113.9995,-113.9999
15.9960,-114.0004,-113.9999
16.0000,-113.9996,-113.9999
16.0040,-114.0002,-113.9999
16.0080,-113.9996,-113.9999
16.0120,-114.0003,-113.9999
16.0160,-113.9996,-113.9999
16.0200,-114.0002,-113.9999
16.0240,-113.9995,-113.9999
16.0280,-114.0003,-113.9999
16.0320,-113.9995,-113.9999
16.0360,-114.0003,-113.9999
16.0400,-113.9996,-113.9999
16.0440,-114.0001,-113.9999
16.0480,-113.9996,-113.9999
16.0520,-114.0004,-113.9999
16.0560,-113.9996,-113.9999
16.0600,-114.0001,-113.9999
16.0640,-113.9996,-113.9999
16.0680,-114.0002,-113.9999
16.0720,-113.9995,-113.9999
16.0760,-114.0003,-113.9999
16.0800,-113.9996,-113.9999
16.0840,-114.0002,-113.9999
16.0880,-113.9996,-113.9999
16.0920,-114.0004,-113.9999
16.0960,-113.9995,-113.9999
16.1000,-114.0002,-113.9999
16.1040,-113.9996,-113.9999
16.1080,-114.0002,-113.9999
16.1120,-113.9996,-113.9999
16.1160,-114.0003,-113.9999
16.1200,-113.9996,-113.9999
16.1240,-114.0003,-113.9999
16.1280,-113.9996,-113.9999
16.1320,-114.0003,-113.9999
16.1360,-113.9995,-113.9999
16.1400,-114.0002,-113.9999
16.1440,-113.9997,-113.9999
16.1480,-114.0002,-113.9999
16.1520,-113.9996,-113.9999
16.1560,-114.0002,-113.9999
16.1600,-113.9996,-113.9999
16.1640,-114.0004,-113.9999
16.1680,-113.9997,-113.9999
16.1720,-114.0001,-113.9999
16.1760,-113.9995,-113.9999
16.1800,-114.0003,-113.9999
16.1840,-113.9996,-113.9999
16.1880,-114.0003,-113.9999
16.1920,-113.9995,-113.9999
16.1960,-114.0005,-113.9999
16.2000,-113.9995,-113.9999
16.2040,-114.0004,-113.9999
16.2080,-113.9996,-113.9999
16.2120,-114.0004,-113.9999
16.2160,-113.9995,-113.9999
16.2200,-114.0003,-113.9999
16.2240,-113.9996,-113.9999
16.2280,-114.0003,-113.9999
16.2320,-113.9996,-113.9999
16.2360,-114.0002,-113.9999
16.2400,-113.9995,-113.9999
16.2440,-114.0004,-113.9999
16.2480,-113.9995,-113.9999
16.2520,-114.0003,-113.9999
16.2560,-113.9995,-113.9999
16.2600,-114.0003,-113.9999
16.2640,-113.9995,-113.9999
16.2680,-114.0003,-113.9999
16.2720,-113.9995,-113.9999
16.2760,-114.0004,-113.9999
16.2800,-113.9995,-113.9999
16.2840,-114.0003,-113.9999
16.2880,-113.9995,-113.9999
16.2920,-114.0004,-113.9999
16.2960,-113.9994,-113.9999
16.3000,-114.0003,-113.9999
16.3040,-113.9995,-113.9999
16.3080,-114.0003,-113.9999
16.3120,-113.9995,-113.9999
16.3160,-114.0003,-113.9999
16.3200,-113.9996,-113.9999
16.3240,-114.0004,-113.9999
16.3280,-113.9996,-113.9999
16.3320,-114.0001,-113.9999
16.3360,-113.9995,-113.9999
16.3400,-114.0003,-113.9999
16.3440,-113.9996,-113.9999
16.3480,-114.0003,-113.9999
16.3520,-113.9995,-113.9999
16.3560,-114.0003,-113.9999
16.3600,-113.9996,-113.9999
16.3640,-114.0003,-113.9999
16.3680,-113.9995,-113.9999
16.3720,-114.0004,-113.9999
16.3760,-113.9995,-113.9999
16.3800,-114.0004,-113.9999
16.3840,-113.9995,-113.9999
16.3880,-114.0003,-113.9999
16.3920,-113.9994,-113.9999
16.3960,-114.0005,-113.9999
16.4000,-113.9994,-113.9999
16.4040,-114.0004,-113.9999
16.4080,-113.9994,-113.9999
16.4120,-114.0004,-113.9999
16.4160,-113.9995,-113.9999
16.4200,-114.0003,-113.9999
16.4240,-113.9995,-113.9999
16.4280,-114.0003,-113.9999
16.4320,-113.9994,-113.9999
16.4360,-114.0005,-113.9999
16.4400,-113.9995,-113.9999
16.4440,-114.0002,-113.9999
16.4480,-113.9995,-113.9999
16.4520,-114.0004,-113.9999
16.4560,-113.9996,-113.9999
16.4600,-114.0001,-113.9999
16.4640,-113.9996,-113.9999
16.4680,-114.0004,-113.9999
16.4720,-113.9996,-113.9999
16.4760,-114.0003,-113.9999
16.4800,-113.9995,-113.9999
16.4840,-114.0002,-113.9999
16.4880,-113.9996,-113.9999
16.4920,-114.0003,-113.9999
16.4960,-113.9994,-113.9999
16.5000,-114.0003,-113.9999
16.5040,-113.9995,-113.9999
16.5080,-114.0003,-113.9999
16.5120,-113.9995,-113.9999
16.5160,-114.0004,-113.9999
16.5200,-113.9995,-113.9999
16.5240,-114.0004,-113.9999
16.5280,-113.9995,-113.9999
16.5320,-114.0003,-113.9999
16.5360,-113.9994,-113.9999
16.5400,-114.0002,-113.9999
16.5440,-113.9996,-113.9999
16.5480,-114.0004,-113.9999
16.5520,-113.9995,-113.9999
16.5560,-114.0004,-113.9999
16.5600,-113.9996,-113.9999
16.5640,-114.0002,-113.9999
16.5680,-113.9995,-113.9999
16.5720,-114.0004,-113.9999
16.5760,-113.9996,-113.9999
16.5800,-114.0002,-113.9999
16.5840,-113.9995,-113.9999
16.5880,-114.0002,-113.9999
16.5920,-113.9996,-113.9999
16.5960,-114.0004,-113.9999
16.6000,-113.9996,-113.9999
16.6040,-114.0002,-113.9999
16.6080,-113.9995,-113.9999
16.6120,-114.0004,-113.9999
16.6160,-113.9994,-113.9999
16.6200,-114.0004,-113.9999
16.6240,-113.9996,-113.9999
16.6280,-114.0004,-113.9999
16.6320,-113.9992,-113.9999
16.6360,-114.0003,-113.9999
16.6400,-113.9995,-113.9999
16.6440,-114.0004,-113.9999
16.6480,-113.9995,-113.9999
16.6520,-114.0002,-113.9999
16.6560,-113.9996,-113.9999
16.6600,-114.0005,-113.9999
16.6640,-113.9996,-113.9999
16.6680,-114.0002,-113.9999
16.6720,-113.9994,-113.9999
16.6760,-114.0004,-113.9999
16.6800,-113.9996,-113.9999
16.6840,-114.0002,-113.9999
16.6880,-113.9995,-113.9999
16.6920,-114.0005,-113.9999
16.6960,-113.9994,-113.9999
16.7000,-114.0002,-113.9999
16.7040,-113.9993,-113.9999
16.7080,-114.0008,-113.9999
16.7120,-113.9997,-113.9999
16.7160,-114.0002,-113.9999
16.7200,-113.9996,-113.9999
16.7240,-114.0004,-113.9999
16.7280,-113.9996,-113.9999
16.7320,-114.0001,-113.9999
16.7360,-113.9994,-113.9999
16.7400,-114.0004,-113.9999
16.7440,-113.9994,-113.9999
16.7480,-114.0004,-113.9999
16.7520,-113.9996,-113.9999
16.7560,-114.0004,-113.9999
16.7600,-113.9995,-113.9999
16.7640,-114.0002,-113.9999
16.7680,-113.9996,-113.9999
16.7720,-114.0005,-113.9999
16.7760,-113.9995,-113.9999
16.7800,-114.0004,-113.9999
16.7840,-113.9996,-113.9999
16.7880,-114.0003,-113.9999
16.7920,-113.9996,-113.9999
16.7960,-114.0002,-113.9999
16.8000,-113.9995,-113.9999
16.8040,-114.0003,-113.9999
16.8080,-113.9995,-113.9999
16.8120,-114.0004,-113.9999
16.8160,-113.9995,-113.9999
16.8200,-114.0004,-113.9999
16.8240,-113.9995,-113.9999
16.8280,-114.0003,-113.9999
16.8320,-113.9995,-113.9999
16.8360,-114.0003,-113.9999
16.8400,-113.9995,-113.9999
16.8440,-114.0003,-113.9999
16.8480,-113.9994,-113.9999
16.8520,-114.0006,-113.9999
16.8560,-113.9995,-113.9999
16.8600,-114.0002,-113.9999
16.8640,-113.9995,-113.9999
16.8680,-114.0003,-113.9999
16.8720,-113.9995,-113.9999
16.8760,-114.0004,-113.9999
16.8800,-113.9995,-113.9999
16.8840,-114.0003,-113.9999
16.8880,-113.9995,-113.9999
16.8920,-114.0003,-113.9999
16.8960,-113.9994,-113.9999
16.9000,-114.0004,-113.9999
16.9040,-113.9997,-113.9999
16.9080,-114.0002,-113.9999
16.9120,-113.9995,-113.9999
16.9160,-114.0003,-113.9999
16.9200,-113.9996,-113.9999
16.9240,-114.0003,-113.9999
16.9280,-113.9994,-113.9999
16.9320,-114.0004,-113.9999
16.9360,-113.9996,-113.9999
16.9400,-114.0004,-113.9999
16.9440,-113.9996,-113.9999
16.9480,-114.0001,-113.9999
16.9520,-113.9994,-113.9999
16.9560,-114.0005,-113.9999
16.9600,-113.9995,-113.9999
16.9640,-114.0003,-113.9999
16.9680,-113.9995,-113.9999
16.9720,-114.0002,-113.9999
16.9760,-113.9995,-113.9999
16.9800,-114.0004,-113.9999
16.9840,-113.9996,-113.9999
16.9880,-114.0002,-113.9999
16.9920,-113.9995,-113.9999
16.9960,-114.0003,-113.9999
17.0000,-113.9996,-113.9999
17.0040,-114.0002,-113.9999
17.0080,-113.9996,-113.9999
17.0120,-114.0005,-113.9999
17.0160,-113.9995,-113.9999
17.0200,-114.0003,-113.9999
17.0240,-113.9996,-113.9999
17.0280,-114.0003,-113.9999
17.0320,-113.9994,-113.9999
17.0360,-114.0003,-113.9999
17.0400,-113.9995,-113.9999
17.0440,-114.0004,-113.9999
17.0480,-113.9994,-113.9999
17.0520,-114.0004,-113.9999
17.0560,-113.9996,-113.9999
17.0600,-114.0003,-113.9999
17.0640,-113.9995,-113.9999
17.0680,-114.0005,-113.9999
17.0720,-113.9989,-113.9999
17.0760,-114.0004,-113.9999
17.0800,-113.9995,-113.9999
17.0840,-114.0003,-113.9999
17.0880,-113.9995,-113.9999
17.0920,-114.0005,-113.9999
17.0960,-113.9993,-113.9999
17.1000,-114.0004,-113.9999
17.1040,-113.9995,-113.9999
17.1080,-114.0005,-113.9999
17.1120,-113.9995,-113.9999
17.1160,-114.0003,-113.9999
17.1200,-113.9995,-113.9999
17.1240,-114.0004,-113.9999
17.1280,-113.9995,-113.9999
17.1320,-114.0004,-113.9999
17.1360,-113.9995,-113.9999
17.1400,-114.0003,-113.9999
17.1440,-113.9994,-113.9999
17.1480,-114.0004,-113.9999
17.1520,-113.9994,-113.9999
17.1560,-114.0006,-113.9999
17.1600,-113.9995,-113.9999
17.1640,-114.0002,-113.9999
17.1680,-113.9994,-113.9999
17.1720,-114.0005,-113.9999
17.1760,-113.9995,-113.9999
17.1800,-114.0002,-113.9999
17.1840,-113.9996,-113.9999
17.1880,-114.0004,-113.9999
17.1920,-113.9994,-113.9999
17.1960,-114.0004,-113.9999
17.2000,-113.9995,-113.9999
17.2040,-114.0004,-113.9999
17.2080,-113.9995,-113.9999
17.2120,-114.0005,-113.9999
17.2160,-113.9994,-113.9999
17.2200,-114.0005,-113.9999
17.2240,-113.9994,-113.9999
17.2280,-114.0005,-113.9999
17.2320,-113.9995,-113.9999
17.2360,-114.0005,-113.9999
17.2400,-113.9995,-113.9999
17.2440,-114.0003,-113.9999
17.2480,-113.9994,-113.9999
17.2520,-114.0005,-113.9999
17.2560,-113.9994,-113.9999
17.2600,-114.0004,-113.9999
17.2640,-113.9995,-113.9999
17.2680,-114.0002,-113.9999
17.2720,-113.9995,-113.9999
17.2760,-114.0004,-113.9999
17.2800,-113.9995,-113.9999
17.2840,-114.0003,-113.9999
17.2880,-113.9994,-113.9999
17.2920,-114.0005,-113.9999
17.2960,-113.9993,-113.9999
17.3000,-114.0005,-113.9999
17.3040,-113.9994,-113.9999
17.3080,-114.0002,-113.9999
17.3120,-113.9995,-113.9999
17.3160,-114.0005,-113.9999
17.3200,-113.9995,-113.9999
17.3240,-114.0003,-113.9999
17.3280,-113.9995,-113.9999
17.3320,-114.0005,-113.9999
17.3360,-113.9994,-113.9999
17.3400,-114.0004,-113.9999
17.3440,-113.9994,-113.9999
17.3480,-114.0004,-113.9999
17.3520,-113.9993,-113.9999
17.3560,-114.0005,-113.9999
17.3600,-113.9995,-113.9999
17.3640,-114.0002,-113.9999
17.3680,-113.9996,-113.9999
17.3720,-114.0004,-113.9999
17.3760,-113.9994,-113.9999
17.3800,-114.0005,-113.9999
17.3840,-113.9995,-113.9999
17.3880,-114.0004,-113.9999
17.3920,-113.9994,-113.9999
17.3960,-114.0005,-113.9999
17.4000,-113.9995,-113.9999
17.4040,-114.0003,-113.9999
17.4080,-113.9996,-113.9999
17.4120,-114.0004,-113.9999
17.4160,-113.9994,-113.9999
17.4200,-114.0004,-113.9999
17.4240,-113.9994,-113.9999
17.4280,-114.0002,-113.9999
17.4320,-113.9996,-113.9999
17.4360,-114.0005,-113.9999
17.4400,-113.9994,-113.9999
17.4440,-114.0004,-113.9999
17.4480,-113.9995,-113.9999
17.4520,-114.0004,-113.9999
17.4560,-113.9996,-113.9999
17.4600,-114.0002,-113.9999
17.4640,-113.9996,-113.9999
17.4680,-114.0004,-113.9999
17.4720,-113.9994,-113.9999
17.4760,-114.0006,-113.9999
17.4800,-113.9994,-113.9999
17.4840,-114.0004,-113.9999
17.4880,-113.9994,-113.9999
17.4920,-114.0006,-113.9999
17.4960,-113.9993,-113.9999
17.5000,-114.0004,-113.9999
17.5040,-113.9994,-113.9999
17.5080,-114.0004,-113.9999
17.5120,-113.9994,-113.9999
17.5160,-114.0004,-113.9999
17.5200,-113.9995,-113.9999
17.5240,-114.0004,-113.9999
17.5280,-113.9994,-113.9999
17.5320,-114.0005,-113.9999
17.5360,-113.9994,-113.9999
17.5400,-114.0004,-113.9999
17.5440,-113.9993,-113.9999
17.5480,-114.0005,-113.9999
17.5520,-113.9995,-113.9999
17.5560,-114.0005,-113.9999
17.5600,-113.9995,-113.9999
17.5640,-114.0004,-113.9999
17.5680,-113.9995,-113.9999
17.5720,-114.0004,-113.9999
17.5760,-113.9993,-113.9999
17.5800,-114.0005,-113.9999
17.5840,-113.9995,-113.9999
17.5880,-114.0003,-113.9999
17.5920,-113.9995,-113.9999
17.5960,-114.0005,-113.9999
17.6000,-113.9995,-113.9999
17.6040,-114.0005,-113.9999
17.6080,-113.9994,-113.9999
17.6120,-114.0005,-113.9999
17.6160,-113.9995,-113.9999
17.6200,-114.0003,-113.9999
17.6240,-113.9994,-113.9999
17.6280,-114.0004,-113.9999
17.6320,-113.9995,-113.9999
17.6360,-114.0005,-113.9999
17.6400,-113.9994,-113.9999
17.6440,-114.0006,-113.9999
17.6480,-113.9993,-113.9999
17.6520,-114.0003,-113.9999
17.6560,-113.9995,-113.9999
17.6600,-114.0004,-113.9999
17.6640,-113.9994,-113.9999
17.6680,-114.0005,-113.9999
17.6720,-113.9995,-113.9999
17.6760,-114.0006,-113.9999
17.6800,-113.9995,-113.9999
17.6840,-114.0004,-114.0000
17.6880,-113.9994,-113.9999
17.6920,-114.0005,-113.9999
17.6960,-113.9992,-113.9999
17.7000,-114.0005,-113.9999
17.7040,-113.9994,-113.9999
17.7080,-114.0004,-113.9999
17.7120,-113.9994,-113.9999
17.7160,-114.0005,-113.9999
17.7200,-113.9993,-113.9999
17.7240,-114.0005,-113.9999
17.7280,-113.9995,-113.9999
17.7320,-114.0005,-113.9999
17.7360,-113.9993,-113.9999
17.7400,-114.0006,-113.9999
17.7440,-113.9994,-113.9999
17.7480,-114.0005,-113.9999
17.7520,-113.9994,-113.9999
17.7560,-114.0005,-113.9999
17.7600,-113.9994,-113.9999
17.7640,-114.0006,-113.9999
17.7680,-113.9995,-113.9999
17.7720,-114.0002,-113.9999
17.7760,-113.9994,-113.9999
17.7800,-114.0005,-113.9999
17.7840,-113.9995,-113.9999
17.7880,-114.0004,-113.9999
17.7920,-113.9993,-113.9999
17.7960,-114.0007,-113.9999
17.8000,-113.9995,-113.9999
17.8040,-114.0003,-113.9999
17.8080,-113.9995,-113.9999
17.8120,-114.0004,-113.9999
17.8160,-113.9994,-113.9999
17.8200,-114.0006,-113.9999
17.8240,-113.9994,-113.9999
17.8280,-114.0004,-113.9999
17.8320,-113.9993,-113.9999
17.8360,-114.0006,-113.9999
17.8400,-113.9993,-113.9999
17.8440,-114.0005,-113.9999
17.8480,-113.9993,-113.9999
17.8520,-114.0006,-113.9999
17.8560,-113.9992,-113.9999
17.8600,-114.0005,-113.9999
17.8640,-113.9995,-113.9999
17.8680,-114.0004,-113.9999
17.8720,-113.9995,-113.9999
17.8760,-114.0005,-113.9999
17.8800,-113.9993,-113.9999
17.8840,-114.0005,-113.9999
17.8880,-113.9996,-113.9999
17.8920,-114.0004,-113.9999
17.8960,-113.9992,-113.9999
17.9000,-114.0005,-113.9999
17.9040,-113.9994,-113.9999
17.9080,-114.0003,-113.9999
17.9120,-113.9994,-113.9999
17.9160,-114.0006,-113.9999
17.9200,-113.9994,-113.9999
17.9240,-114.0005,-113.9999
17.9280,-113.9994,-113.9999
17.9320,-114.0005,-113.9999
17.9360,-113.9994,-113.9999
17.9400,-114.0004,-113.9999
17.9440,-113.9995,-113.9999
17.9480,-114.0004,-113.9999
17.9520,-113.9993,-113.9999
17.9560,-114.0006,-113.9999
17.9600,-113.9994,-113.9999
17.9640,-114.0004,-113.9999
17.9680,-113.9994,-113.9999
17.9720,-114.0006,-113.9999
17.9760,-113.9993,-113.9999
17.9800,-114.0005,-113.9999
17.9840,-113.9995,-113.9999
17.9880,-114.0004,-113.9999
17.9920,-113.9993,-113.9999
17.9960,-114.0007,-113.9999
18.0000,-113.9993,-113.9999
18.0040,-114.0004,-113.9999
18.0080,-113.9994,-113.9999
18.0120,-114.0006,-113.9999
18.0160,-113.9993,-113.9999
18.0200,-114.0004,-113.9999
18.0240,-113.9995,-113.9999
18.0280,-114.0005,-113.9999
18.0320,-113.9994,-113.9999
18.0360,-114.0006,-113.9999
18.0400,-113.9993,-113.9999
18.0440,-114.0005,-113.9999
18.0480,-113.9993,-113.9999
18.0520,-114.0006,-113.9999
18.0560,-113.9994,-113.9999
18.0600,-114.0005,-113.9999
18.0640,-113.9993,-113.9999
18.0680,-114.0006,-113.9999
18.0720,-113.9993,-113.9999
18.0760,-114.0006,-113.9999
18.0800,-113.9993,-113.9999
18.0840,-114.0007,-113.9999
18.0880,-113.9994,-113.9999
18.0920,-114.0003,-113.9999
18.0960,-113.9993,-113.9999
18.1000,-114.0004,-113.9999
18.1040,-113.9995,-113.9999
18.1080,-114.0005,-113.9999
18.1120,-113.9993,-113.9999
18.1160,-114.0007,-113.9999
18.1200,-113.9993,-113.9999
18.1240,-114.0005,-113.9999
18.1280,-113.9993,-113.9999
18.1320,-114.0007,-113.9999
18.1360,-113.9994,-113.9999
18.1400,-114.0003,-113.9999
18.1440,-113.9994,-113.9999
18.1480,-114.0005,-113.9999
18.1520,-113.9993,-113.9999
18.1560,-114.0006,-113.9999
18.1600,-113.9993,-113.9999
18.1640,-114.0006,-113.9999
18.1680,-113.9993,-113.9999
18.1720,-114.0006,-113.9999
18.1760,-113.9993,-113.9999
18.1800,-114.0004,-113.9999
18.1840,-113.9995,-113.9999
18.1880,-114.0003,-113.9999
18.1920,-113.9994,-113.9999
18.1960,-114.0008,-113.9999
18.2000,-113.9994,-113.9999
18.2040,-114.0005,-113.9999
18.2080,-113.9994,-113.9999
18.2120,-114.0005,-113.9999
18.2160,-113.9993,-113.9999
18.2200,-114.0005,-113.9999
18.2240,-113.9993,-113.9999
18.2280,-114.0006,-113.9999
18.2320,-113.9992,-113.9999
18.2360,-114.0006,-113.9999
18.2400,-113.9995,-113.9999
18.2440,-114.0005,-113.9999
18.2480,-113.9993,-113.9999
18.2520,-114.0006,-113.9999
18.2560,-113.9993,-113.9999
18.2600,-114.0005,-113.9999
18.2640,-113.9993,-113.9999
18.2680,-114.0006,-113.9999
18.2720,-113.9992,-113.9999
18.2760,-114.0007,-113.9999
18.2800,-113.9994,-113.9999
18.2840,-114.0004,-113.9999
18.2880,-113.9994,-113.9999
18.2920,-114.0006,-113.9999
18.2960,-113.9993,-113.9999
18.3000,-114.0005,-113.9999
18.3040,-113.9994,-113.9999
18.3080,-114.0005,-113.9999
18.3120,-113.9994,-113.9999
18.3160,-114.0005,-113.9999
18.3200,-113.9993,-113.9999
18.3240,-114.0005,-113.9999
18.3280,-113.9994,-113.9999
18.3320,-114.0004,-113.9999
18.3360,-113.9994,-113.9999
18.3400,-114.0006,-113.9999
18.3440,-113.9993,-113.9999
18.3480,-114.0006,-113.9999
18.3520,-113.9993,-113.9999
18.3560,-114.0006,-113.9999
18.3600,-113.9993,-113.9999
18.3640,-114.0005,-113.9999
18.3680,-113.9994,-113.9999
18.3720,-114.0007,-113.9999
18.3760,-113.9994,-113.9999
18.3800,-114.0003,-113.9999
18.3840,-113.9994,-113.9999
18.3880,-114.0005,-113.9999
18.3920,-113.9992,-113.9999
18.3960,-114.0006,-113.9999
18.4000,-113.9994,-113.9999
18.4040,-114.0004,-113.9999
18.4080,-113.9994,-113.9999
18.4120,-114.0003,-113.9999
18.4160,-113.9995,-113.9999
18.4200,-114.0006,-113.9999
18.4240,-113.9993,-113.9999
18.4280,-114.0005,-113.9999
18.4320,-113.9994,-113.9999
18.4360,-114.0007,-113.9999
18.4400,-113.9994,-113.9999
18.4440,-114.0005,-113.9999
18.4480,-113.9994,-113.9999
18.4520,-114.0006,-113.9999
18.4560,-113.9993,-113.9999
18.4600,-114.0005,-113.9999
18.4640,-113.9992,-113.9999
18.4680,-114.0006,-113.9999
18.4720,-113.9995,-113.9999
18.4760,-114.0005,-113.9999
18.4800,-113.9993,-113.9999
18.4840,-114.0006,-113.9999
18.4880,-113.9994,-113.9999
18.4920,-114.0006,-113.9999
18.4960,-113.9992,-113.9999
18.5000,-114.0005,-113.9999
18.5040,-113.9994,-113.9999
18.5080,-114.0005,-113.9999
18.5120,-113.9993,-113.9999
18.5160,-114.0007,-113.9999
18.5200,-113.9993,-113.9999
18.5240,-114.0006,-113.9999
18.5280,-113.9995,-113.9999
18.5320,-114.0004,-113.9999
18.5360,-113.9993,-113.9999
18.5400,-114.0006,-113.9999
18.5440,-113.9993,-113.9999
18.5480,-114.0006,-113.9999
18.5520,-113.9993,-113.9999
18.5560,-114.0006,-113.9999
18.5600,-113.9996,-113.9999
18.5640,-114.0003,-113.9999
18.5680,-113.9993,-113.9999
18.5720,-114.0005,-113.9999
18.5760,-113.9995,-113.9999
18.5800,-114.0005,-113.9999
18.5840,-113.9994,-113.9999
18.5880,-114.0005,-113.9999
18.5920,-113.9992,-113.9999
18.5960,-114.0006,-113.9999
18.6000,-113.9994,-113.9999
18.6040,-114.0006,-113.9999
18.6080,-113.9993,-113.9999
18.6120,-114.0005,-113.9999
18.6160,-113.9995,-113.9999
18.6200,-114.0004,-113.9999
18.6240,-113.9993,-113.9999
18.6280,-114.0006,-113.9999
18.6320,-113.9993,-113.9999
18.6360,-114.0005,-113.9999
18.6400,-113.9994,-113.9999
18.6440,-114.0005,-113.9999
18.6480,-113.9993,-113.9999
18.6520,-114.0006,-113.9999
18.6560,-113.9993,-113.9999
18.6600,-114.0005,-113.9999
18.6640,-113.9993,-113.9999
18.6680,-114.0006,-113.9999
18.6720,-113.9992,-113.9999
18.6760,-114.0006,-114.0000
18.6800,-113.9995,-114.0000
18.6840,-114.0005,-113.9999
18.6880,-113.9993,-113.9999
18.6920,-114.0005,-113.9999
18.6960,-113.9993,-113.9999
18.7000,-114.0004,-113.9999
18.7040,-113.9996,-113.9999
18.7080,-114.0004,-113.9999
18.7120,-113.9994,-113.9999
18.7160,-114.0005,-113.9999
18.7200,-113.9993,-113.9999
18.7240,-114.0006,-113.9999
18.7280,-113.9994,-113.9999
18.7320,-114.0005,-113.9999
18.7360,-113.9993,-113.9999
18.7400,-114.0004,-113.9999
18.7440,-113.9995,-113.9999
18.7480,-114.0005,-113.9999
18.7520,-113.9994,-113.9999
18.7560,-114.0006,-113.9999
18.7600,-113.9993,-113.9999
18.7640,-114.0006,-113.9999
18.7680,-113.9993,-113.9999
18.7720,-114.0005,-113.9999
18.7760,-113.9993,-113.9999
18.7800,-114.0006,-114.0000
18.7840,-113.9993,-114.0000
18.7880,-114.0006,-114.0000
18.7920,-113.9993,-113.9999
18.7960,-114.0007,-113.9999
18.8000,-113.9994,-113.9999
18.8040,-114.0005,-113.9999
18.8080,-113.9993,-113.9999
18.8120,-114.0006,-113.9999
18.8160,-113.9994,-113.9999
18.8200,-114.0004,-113.9999
18.8240,-113.9994,-113.9999
18.8280,-114.0006,-113.9999
18.8320,-113.9993,-113.9999
18.8360,-114.0005,-113.9999
18.8400,-113.9995,-113.9999
18.8440,-114.0006,-113.9999
18.8480,-113.9994,-113.9999
18.8520,-114.0005,-113.9999
18.8560,-113.9993,-113.9999
18.8600,-114.0005,-113.9999
18.8640,-113.9993,-113.9999
18.8680,-114.0006,-113.9999
18.8720,-113.9993,-113.9999
18.8760,-114.0006,-113.9999
18.8800,-113.9994,-113.9999
18.8840,-114.0005,-113.9999
18.8880,-113.9994,-113.9999
18.8920,-114.0005,-113.9999
18.8960,-113.9992,-113.9999
18.9000,-114.0007,-113.9999
18.9040,-113.9994,-113.9999
18.9080,-114.0004,-113.9999
18.9120,-113.9995,-113.9999
18.9160,-114.0006,-113.9999
18.9200,-113.9994,-113.9999
18.9240,-114.0005,-113.9999
18.9280,-113.9993,-114.0000
18.9320,-114.0003,-114.0000
18.9360,-113.9995,-114.0000
18.9400,-114.0006,-114.0000
18.9440,-113.9994,-113.9999
18.9480,-114.0004,-113.9999
18.9520,-113.9994,-114.0000
18.9560,-114.0005,-114.0000
18.9600,-113.9993,-113.9999
18.9640,-114.0006,-113.9999
18.9680,-113.9994,-113.9999
18.9720,-114.0005,-113.9999
18.9760,-113.9993,-113.9999
18.9800,-114.0005,-113.9999
18.9840,-113.9993,-113.9999
18.9880,-114.0006,-113.9999
18.9920,-113.9993,-114.0000
18.9960,-114.0006,-114.0000
19.0000,-113.9992,-113.9999
19.0040,-114.0006,-113.9999
19.0080,-113.9995,-113.9999
19.0120,-114.0006,-113.9999
19.0160,-113.9993,-113.9999
19.0200,-114.0006,-113.9999
19.0240,-113.9994,-113.9999
19.0280,-114.0006,-113.9999
19.0320,-113.9992,-113.9999
19.0360,-114.0007,-113.9999
19.0400,-113.9993,-114.0000
19.0440,-114.0006,-114.0000
19.0480,-113.9993,-114.0000
19.0520,-114.0006,-114.0000
19.0560,-113.9993,-114.0000
19.0600,-114.0004,-114.0000
19.0640,-113.9994,-113.9999
19.0680,-114.0007,-113.9999
19.0720,-113.9991,-113.9999
19.0760,-114.0007,-113.9999
19.0800,-113.9993,-113.9999
19.0840,-114.0006,-114.0000
19.0880,-113.9993,-114.0000
19.0920,-114.0005,-114.0000
19.0960,-113.9992,-114.0000
19.1000,-114.0005,-114.0000
19.1040,-113.9994,-114.0000
19.1080,-114.0005,-114.0000
19.1120,-113.9993,-114.0000
19.1160,-114.0007,-114.0000
19.1200,-113.9995,-114.0000
19.1240,-114.0004,-113.9999
19.1280,-113.9992,-113.9999
19.1320,-114.0006,-114.0000
19.1360,-113.9992,-114.0000
19.1400,-114.0006,-113.9999
19.1440,-113.9993,-113.9999
19.1480,-114.0006,-113.9999
19.1520,-113.9993,-113.9999
19.1560,-114.0006,-113.9999
19.1600,-113.9993,-113.9999
19.1640,-114.0005,-113.9999
19.1680,-113.9994,-113.9999
19.1720,-114.0007,-113.9999
19.1760,-113.9991,-113.9999
19.1800,-114.0008,-113.9999
19.1840,-113.9993,-113.9999
19.1880,-114.0006,-113.9999
19.1920,-113.9992,-113.9999
19.1960,-114.0008,-113.9999
19.2000,-113.9991,-113.9999
19.2040,-114.0008,-114.0000
19.2080,-113.9993,-114.0000
19.2120,-114.0006,-114.0000
19.2160,-113.9992,-113.9999
19.2200,-114.0006,-113.9999
19.2240,-113.9993,-113.9999
19.2280,-114.0004,-113.9999
19.2320,-113.9993,-113.9999
19.2360,-114.0005,-113.9999
19.2400,-113.9993,-113.9999
19.2440,-114.0007,-113.9999
19.2480,-113.9994,-113.9999
19.2520,-114.0004,-113.9999
19.2560,-113.9992,-113.9999
19.2600,-114.0006,-113.9999
19.2640,-113.9991,-114.0000
19.2680,-114.0007,-114.0000
19.2720,-113.9992,-114.0000
19.2760,-114.0007,-114.0000
19.2800,-113.9992,-114.0000
19.2840,-114.0008,-114.0000
19.2880,-113.9992,-114.0000
19.2920,-114.0007,-114.0000
19.2960,-113.9992,-114.0000
19.3000,-114.0006,-114.0000
19.3040,-113.9992,-114.0000
19.3080,-114.0006,-113.9999
19.3120,-113.9991,-113.9999
19.3160,-114.0007,-113.9999
19.3200,-113.9993,-113.9999
19.3240,-114.0007,-113.9999
19.3280,-113.9992,-113.9999
19.3320,-114.0006,-113.9999
19.3360,-113.9994,-113.9999
19.3400,-114.0005,-113.9999
19.3440,-113.9992,-113.9999
19.3480,-114.0005,-113.9999
19.3520,-113.9992,-113.9999
19.3560,-114.0007,-114.0000
19.3600,-113.9993,-114.0000
19.3640,-114.0006,-113.9999
19.3680,-113.9993,-113.9999
19.3720,-114.0005,-114.0000
19.3760,-113.9994,-114.0000
19.3800,-114.0005,-114.0000
19.3840,-113.9993,-113.9999
19.3880,-114.0006,-113.9999
19.3920,-113.9992,-113.9999
19.3960,-114.0009,-114.0000
19.4000,-113.9993,-114.0000
19.4040,-114.0005,-114.0000
19.4080,-113.9993,-114.0000
19.4120,-114.0006,-114.0000
19.4160,-113.9990,-114.0000
19.4200,-114.0008,-114.0000
19.4240,-113.9992,-114.0000
19.4280,-114.0007,-114.0000
19.4320,-113.9992,-114.0000
19.4360,-114.0007,-114.0000
19.4400,-113.9991,-114.0000
19.4440,-114.0007,-114.0000
19.4480,-113.9993,-114.0000
19.4520,-114.0006,-114.0000
19.4560,-113.9991,-113.9999
19.4600,-114.0008,-114.0000
19.4640,-113.9992,-114.0000
19.4680,-114.0008,-114.0000
19.4720,-113.9991,-114.0000
19.4760,-114.0009,-114.0000
19.4800,-113.9992,-114.0000
19.4840,-114.0006,-114.0000
19.4880,-113.9991,-114.0000
19.4920,-114.0008,-114.0000
19.4960,-113.9990,-114.0000
19.5000,-114.0007,-114.0000
19.5040,-113.9991,-113.9999
19.5080,-114.0008,-113.9999
19.5120,-113.9993,-114.0000
19.5160,-114.0006,-114.0000
19.5200,-113.9993,-114.0000
19.5240,-114.0006,-114.0000
19.5280,-113.9991,-114.0000
19.5320,-114.0008,-114.0000
19.5360,-113.9991,-114.0000
19.5400,-114.0008,-114.0000
19.5440,-113.9992,-114.0000
19.5480,-114.0006,-114.0000
19.5520,-113.9991,-114.0000
19.5560,-114.0009,-114.0000
19.5600,-113.9992,-114.0000
19.5640,-114.0007,-114.0000
19.5680,-113.9992,-113.9999
19.5720,-114.0007,-113.9999
19.5760,-113.9990,-113.9999
19.5800,-114.0007,-113.9999
19.5840,-113.9992,-113.9999
19.5880,-114.0009,-114.0000
19.5920,-113.9991,-114.0000
19.5960,-114.0008,-114.0000
19.6000,-113.9993,-114.0000
19.6040,-114.0008,-113.9999
19.6080,-113.9992,-113.9999
19.6120,-114.0007,-113.9999
19.6160,-113.9991,-113.9999
19.6200,-114.0008,-113.9999
19.6240,-113.9992,-114.0000
19.6280,-114.0007,-114.0000
19.6320,-113.9993,-114.0000
19.6360,-114.0007,-114.0000
19.6400,-113.9991,-114.0000
19.6440,-114.0008,-113.9999
19.6480,-113.9990,-114.0000
19.6520,-114.0007,-114.0000
19.6560,-113.9991,-114.0000
19.6600,-114.0007,-114.0000
19.6640,-113.9993,-114.0000
19.6680,-114.0006,-113.9999
19.6720,-113.9994,-113.9999
19.6760,-114.0005,-114.0000
19.6800,-113.9993,-114.0000
19.6840,-114.0007,-114.0000
19.6880,-113.9992,-114.0000
19.6920,-114.0007,-114.0000
19.6960,-113.9989,-114.0000
19.7000,-114.0009,-114.0000
19.7040,-113.9993,-114.0000
19.7080,-114.0006,-114.0000
19.7120,-113.9991,-114.0000
19.7160,-114.0009,-114.0000
19.7200,-113.9993,-114.0000
19.7240,-114.0006,-114.0000
19.7280,-113.9991,-114.0000
19.7320,-114.0009,-114.0000
19.7360,-113.9989,-114.0000
19.7400,-114.0008,-114.0000
19.7440,-113.9991,-114.0000
19.7480,-114.0008,-114.0000
19.7520,-113.9993,-114.0000
19.7560,-114.0007,-114.0000
19.7600,-113.9991,-114.0000
19.7640,-114.0008,-114.0000
19.7680,-113.9992,-114.0000
19.7720,-114.0005,-114.0000
19.7760,-113.9990,-113.9999
19.7800,-114.0009,-114.0000
19.7840,-113.9992,-114.0000
19.7880,-114.0008,-114.0000
19.7920,-113.9991,-114.0000
19.7960,-114.0010,-114.0000
19.8000,-113.9990,-114.0000
19.8040,-114.0009,-114.0000
19.8080,-113.9992,-113.9999
19.8120,-114.0008,-114.0000
19.8160,-113.9990,-114.0000
19.8200,-114.0008,-114.0000
19.8240,-113.9992,-114.0000
19.8280,-114.0008,-114.0000
19.8320,-113.9991,-114.0000
19.8360,-114.0009,-114.0000
19.8400,-113.9992,-114.0000
19.8440,-114.0006,-114.0000
19.8480,-113.9991,-114.0000
19.8520,-114.0009,-114.0000
19.8560,-113.9989,-114.0000
19.8600,-114.0008,-114.0000
19.8640,-113.9993,-114.0000
19.8680,-114.0006,-114.0000
19.8720,-113.9991,-114.0000
19.8760,-114.0009,-114.0000
19.8800,-113.9993,-114.0000
19.8840,-114.0005,-114.0000
19.8880,-113.9994,-114.0000
19.8920,-114.0007,-114.0000
19.8960,-113.9990,-114.0000
19.9000,-114.0008,-114.0000
19.9040,-113.9991,-114.0000
19.9080,-114.0008,-114.0000
19.9120,-113.9991,-114.0000
19.9160,-114.0008,-114.0000
19.9200,-113.9990,-114.0000
19.9240,-114.0009,-114.0000
19.9280,-113.9991,-114.0000
19.9320,-114.0008,-114.0000
19.9360,-113.9988,-114.0000
19.9400,-114.0009,-114.0000
19.9440,-113.9991,-114.0000
19.9480,-114.0008,-114.0000
19.9520,-113.9992,-114.0000
19.9560,-114.0008,-114.0000
19.9600,-113.9990,-114.0000
19.9640,-114.0008,-114.0000
19.9680,-113.9992,-114.0000
19.9720,-114.0007,-114.0000
19.9760,-113.9992,-114.0000
19.9800,-114.0008,-114.0000
19.9840,-113.9991,-114.0000
19.9880,-114.0009,-114.0000
19.9920,-113.9990,-114.0000
19.9960,-114.0010,-114.0000
20.0000,-113.9991,-114.0000
20.0040,-114.0008,-114.0000
20.0080,-113.9990,-114.0000
20.0120,-114.0009,-114.0000
20.0160,-113.9989,-114.0000
20.0200,-114.0009,-114.0000
20.0240,-113.9991,-114.0000
20.0280,-114.0009,-114.0000
20.0320,-113.9990,-114.0000
20.0360,-114.0010,-114.0000
20.0400,-113.9990,-114.0000
20.0440,-114.0009,-114.0000
20.0480,-113.9991,-114.0000
20.0520,-114.0007,-114.0000
20.0560,-113.9991,-114.0000
20.0600,-114.0007,-114.0000
20.0640,-113.9992,-114.0000
20.0680,-114.0007,-114.0000
20.0720,-113.9992,-114.0000
20.0760,-114.0009,-114.0000
20.0800,-113.9990,-114.0000
20.0840,-114.0008,-114.0000
20.0880,-113.9991,-114.0000
20.0920,-114.0009,-114.0000
20.0960,-113.9990,-114.0000
20.1000,-114.0008,-114.0000
20.1040,-113.9990,-114.0000
20.1080,-114.0008,-114.0000
20.1120,-113.9991,-114.0000
20.1160,-114.0009,-114.0000
20.1200,-113.9992,-114.0000
20.1240,-114.0008,-114.0000
20.1280,-113.9991,-114.0000
20.1320,-114.0007,-114.0000
20.1360,-113.9991,-114.0000
20.1400,-114.0007,-114.0000
20.1440,-113.9992,-114.0000
20.1480,-114.0008,-114.0000
20.1520,-113.9991,-114.0000
20.1560,-114.0009,-114.0000
20.1600,-113.9991,-114.0000
20.1640,-114.0008,-114.0000
20.1680,-113.9991,-114.0000
20.1720,-114.0008,-114.0000
20.1760,-113.9990,-114.0000
20.1800,-114.0008,-114.0000
20.1840,-113.9990,-114.0000
20.1880,-114.0011,-114.0000
20.1920,-113.9992,-114.0000
20.1960,-114.0009,-114.0000
20.2000,-113.9990,-114.0000
20.2040,-114.0009,-114.0000
20.2080,-113.9992,-114.0000
20.2120,-114.0007,-114.0000
20.2160,-113.9989,-114.0000
20.2200,-114.0008,-114.0000
20.2240,-113.9991,-114.0000
20.2280,-114.0009,-114.0000
20.2320,-113.9991,-114.0000
20.2360,-114.0009,-114.0000
20.2400,-113.9990,-114.0000
20.2440,-114.0010,-114.0000
20.2480,-113.9992,-114.0000
20.2520,-114.0006,-114.0000
20.2560,-113.9990,-114.0000
20.2600,-114.0009,-114.0000
20.2640,-113.9990,-114.0000
20.2680,-114.0009,-114.0000
20.2720,-113.9989,-114.0000
20.2760,-114.0010,-114.0000
20.2800,-113.9989,-114.0000
20.2840,-114.0009,-114.0000
20.2880,-113.9991,-114.0000
20.2920,-114.0008,-114.0000
20.2960,-113.9988,-114.0000
20.3000,-114.0009,-114.0000
20.3040,-113.9990,-114.0000
20.3080,-114.0010,-114.0000
20.3120,-113.9991,-114.0000
20.3160,-114.0009,-114.0000
20.3200,-113.9990,-114.0000
20.3240,-114.0008,-114.0000
20.3280,-113.9990,-114.0000
20.3320,-114.0008,-114.0000
20.3360,-113.9990,-114.0000
20.3400,-114.0009,-114.0000
20.3440,-113.9991,-114.0000
20.3480,-114.0010,-114.0000
20.3520,-113.9990,-114.0000
20.3560,-114.0009,-114.0000
20.3600,-113.9992,-114.0000
20.3640,-114.0008,-114.0000
20.3680,-113.9991,-114.0000
20.3720,-114.0009,-114.0000
20.3760,-113.9989,-114.0000
20.3800,-114.0008,-114.0000
20.3840,-113.9991,-114.0000
20.3880,-114.0010,-114.0000
20.3920,-113.9990,-114.0000
20.3960,-114.0008,-114.0000
20.4000,-113.9990,-114.0000
20.4040,-114.0009,-114.0000
20.4080,-113.9992,-114.0000
20.4120,-114.0008,-114.0000
20.4160,-113.9989,-114.0000
20.4200,-114.0010,-114.0000
20.4240,-113.9992,-114.0000
20.4280,-114.0007,-114.0000
20.4320,-113.9990,-114.0000
20.4360,-114.0009,-114.0000
20.4400,-113.9993,-114.0000
20.4440,-114.0008,-114.0000
20.4480,-113.9990,-114.0000
20.4520,-114.0009,-114.0000
20.4560,-113.9989,-114.0000
20.4600,-114.0010,-114.0000
20.4640,-113.9990,-114.0000
20.4680,-114.0008,-114.0000
20.4720,-113.9991,-114.0000
20.4760,-114.0009,-114.0000
20.4800,-113.9990,-114.0000
20.4840,-114.0009,-114.0000
20.4880,-113.9991,-114.0000
20.4920,-114.0008,-114.0000
20.4960,-113.9990,-114.0000
20.5000,-114.0007,-114.0000
20.5040,-113.9992,-114.0000
20.5080,-114.0009,-114.0000
20.5120,-113.9989,-114.0000
20.5160,-114.0011,-114.0000
20.5200,-113.9989,-114.0000
20.5240,-114.0009,-114.0000
20.5280,-113.9990,-114.0000
20.5320,-114.0010,-114.0000
20.5360,-113.9990,-114.0000
20.5400,-114.0009,-114.0000
20.5440,-113.9990,-114.0000
20.5480,-114.0009,-114.0000
20.5520,-113.9990,-114.0000
20.5560,-114.0008,-114.0000
20.5600,-113.9990,-114.0000
20.5640,-114.0009,-114.0000
20.5680,-113.9993,-114.0000
20.5720,-114.0006,-113.9999
20.5760,-113.9990,-113.9999
20.5800,-114.0009,-113.9999
20.5840,-113.9993,-114.0000
20.5880,-114.0008,-114.0000
20.5920,-113.9990,-114.0000
20.5960,-114.0012,-114.0000
20.6000,-113.9990,-114.0000
20.6040,-114.0009,-114.0000
20.6080,-113.9989,-114.0000
20.6120,-114.0010,-114.0000
20.6160,-113.9990,-114.0000
20.6200,-114.0009,-114.0000
20.6240,-113.9991,-114.0000
20.6280,-114.0007,-114.0000
20.6320,-113.9990,-114.0000
20.6360,-114.0009,-114.0000
20.6400,-113.9992,-114.0000
20.6440,-114.0009,-114.0000
20.6480,-113.9992,-114.0000
20.6520,-114.0008,-114.0000
20.6560,-113.9989,-114.0000
20.6600,-114.0008,-114.0000
20.6640,-113.9992,-114.0000
20.6680,-114.0009,-114.0000
20.6720,-113.9989,-114.0000
20.6760,-114.0009,-114.0000
20.6800,-113.9990,-114.0000
20.6840,-114.0009,-114.0000
20.6880,-113.9991,-114.0000
20.6920,-114.0010,-114.0000
20.6960,-113.9989,-114.0000
20.7000,-114.0008,-114.0000
20.7040,-113.9991,-114.0000
20.7080,-114.0009,-114.0000
20.7120,-113.9989,-114.0000
20.7160,-114.0009,-114.0000
20.7200,-113.9991,-114.0000
20.7240,-114.0008,-114.0000
20.7280,-113.9991,-114.0000
20.7320,-114.0008,-114.0000
20.7360,-113.9989,-114.0000
20.7400,-114.0010,-114.0000
20.7440,-113.9989,-114.0000
20.7480,-114.0009,-114.0000
20.7520,-113.9990,-114.0000
20.7560,-114.0011,-114.0000
20.7600,-113.9990,-114.0000
20.7640,-114.0009,-114.0000
20.7680,-113.9989,-114.0000
20.7720,-114.0010,-114.0000
20.7760,-113.9989,-114.0000
20.7800,-114.0010,-114.0000
20.7840,-113.9989,-114.0000
20.7880,-114.0009,-114.0000
20.7920,-113.9993,-114.0000
20.7960,-114.0007,-114.0000
20.8000,-113.9990,-114.0000
20.8040,-114.0010,-114.0000
20.8080,-113.9990,-114.0000
20.8120,-114.0009,-114.0000
20.8160,-113.9989,-114.0000
20.8200,-114.0009,-114.0000
20.8240,-113.9989,-114.0000
20.8280,-114.0010,-114.0000
20.8320,-113.9988,-114.0000
20.8360,-114.0010,-114.0000
20.8400,-113.9990,-114.0000
20.8440,-114.0009,-114.0000
20.8480,-113.9991,-114.0000
20.8520,-114.0008,-114.0000
20.8560,-113.9990,-114.0000
20.8600,-114.0008,-114.0000
20.8640,-113.9991,-114.0000
20.8680,-114.0010,-114.0000
20.8720,-113.9991,-114.0000
20.8760,-114.0008,-114.0000
20.8800,-113.9989,-114.0000
20.8840,-114.0009,-114.0000
20.8880,-113.9991,-114.0000
20.8920,-114.0008,-114.0000
20.8960,-113.9990,-114.0000
20.9000,-114.0008,-114.0000
20.9040,-113.9989,-114.0000
20.9080,-114.0009,-114.0000
20.9120,-113.9991,-114.0000
20.9160,-114.0010,-114.0000
20.9200,-113.9990,-114.0000
20.9240,-114.0010,-114.0000
20.9280,-113.9991,-114.0000
20.9320,-114.0009,-114.0000
20.9360,-113.9990,-114.0000
20.9400,-114.0010,-114.0000
20.9440,-113.9991,-114.0000
20.9480,-114.0008,-114.0000
20.9520,-113.9989,-114.0000
20.9560,-114.0009,-114.0000
20.9600,-113.9990,-114.0000
20.9640,-114.0009,-114.0000
20.9680,-113.9990,-114.0000
20.9720,-114.0009,-114.0000
20.9760,-113.9988,-114.0000
20.9800,-114.0011,-114.0000
20.9840,-113.9989,-114.0000
20.9880,-114.0011,-114.0000
20.9920,-113.9991,-114.0000
20.9960,-114.0008,-114.0000
21.0000,-113.9991,-114.0000
21.0040,-114.0009,-114.0000
21.0080,-113.9990,-114.0000
21.0120,-114.0008,-114.0000
21.0160,-113.9991,-114.0000
21.0200,-114.0009,-114.0000
21.0240,-113.9993,-114.0000
21.0280,-114.0007,-114.0000
21.0320,-113.9989,-114.0000
21.0360,-114.0010,-114.0000
21.0400,-113.9989,-114.0000
21.0440,-114.0010,-114.0000
21.0480,-113.9991,-114.0000
21.0520,-114.0008,-114.0000
21.0560,-113.9992,-114.0000
21.0600,-114.0008,-114.0000
21.0640,-113.9989,-114.0000
21.0680,-114.0009,-114.0000
21.0720,-113.9991,-114.0000
21.0760,-114.0009,-114.0000
21.0800,-113.9990,-114.0000
21.0840,-114.0010,-114.0000
21.0880,-113.9991,-114.0000
21.0920,-114.0009,-114.0000
21.0960,-113.9989,-114.0000
21.1000,-114.0008,-114.0000
21.1040,-113.9990,-114.0000
21.1080,-114.0011,-114.0000
21.1120,-113.9990,-114.0000
21.1160,-114.0009,-114.0000
21.1200,-113.9988,-114.0000
21.1240,-114.0011,-114.0000
21.1280,-113.9990,-114.0000
21.1320,-114.0010,-114.0000
21.1360,-113.9988,-114.0000
21.1400,-114.0010,-114.0000
21.1440,-113.9990,-114.0000
21.1480,-114.0010,-114.0000
21.1520,-113.9988,-114.0000
21.1560,-114.0011,-114.0000
21.1600,-113.9988,-114.0000
21.1640,-114.0011,-114.0000
21.1680,-113.9987,-114.0000
21.1720,-114.0012,-114.0000
21.1760,-113.9988,-114.0000
21.1800,-114.0009,-114.0000
21.1840,-113.9990,-114.0000
21.1880,-114.0009,-114.0000
21.1920,-113.9991,-114.0000
21.1960,-114.0009,-114.0000
21.2000,-113.9991,-114.0000
21.2040,-114.0010,-114.0000
21.2080,-113.9988,-114.0000
21.2120,-114.0012,-114.0000
21.2160,-113.9988,-114.0000
21.2200,-114.0011,-114.0000
21.2240,-113.9990,-114.0000
21.2280,-114.0008,-114.0000
21.2320,-113.9991,-114.0000
21.2360,-114.0010,-114.0000
21.2400,-113.9988,-114.0000
21.2440,-114.0011,-114.0000
21.2480,-113.9989,-114.0000
21.2520,-114.0011,-114.0000
21.2560,-113.9989,-114.0000
21.2600,-114.0009,-114.0000
21.2640,-113.9988,-114.0000
21.2680,-114.0012,-114.0000
21.2720,-113.9988,-114.0000
21.2760,-114.0012,-114.0000
21.2800,-113.9988,-114.0000
21.2840,-114.0010,-114.0000
21.2880,-113.9990,-114.0000
21.2920,-114.0009,-114.0000
21.2960,-113.9988,-114.0000
21.3000,-114.0012,-114.0000
21.3040,-113.9989,-114.0000
21.3080,-114.0010,-114.0000
21.3120,-113.9990,-114.0000
21.3160,-114.0011,-114.0000
21.3200,-113.9988,-114.0000
21.3240,-114.0011,-114.0000
21.3280,-113.9989,-114.0000
21.3320,-114.0008,-114.0000
21.3360,-113.9990,-114.0000
21.3400,-114.0010,-114.0000
21.3440,-113.9990,-114.0000
21.3480,-114.0009,-114.0000
21.3520,-113.9989,-114.0000
21.3560,-114.0010,-114.0000
21.3600,-113.9990,-114.0000
21.3640,-114.0010,-114.0000
21.3680,-113.9988,-114.0000
21.3720,-114.0011,-114.0000
21.3760,-113.9987,-114.0000
21.3800,-114.0011,-114.0000
21.3840,-113.9989,-114.0000
21.3880,-114.0010,-114.0000
21.3920,-113.9990,-114.0000
21.3960,-114.0010,-114.0000
21.4000,-113.9992,-114.0000
21.4040,-114.0009,-114.0000
21.4080,-113.9991,-114.0000
21.4120,-114.0010,-114.0000
21.4160,-113.9989,-114.0000
21.4200,-114.0007,-114.0000
21.4240,-113.9990,-114.0000
21.4280,-114.0012,-114.0000
21.4320,-113.9988,-114.0000
21.4360,-114.0012,-114.0000
21.4400,-113.9990,-114.0000
21.4440,-114.0010,-114.0000
21.4480,-113.9988,-114.0000
21.4520,-114.0010,-114.0000
21.4560,-113.9989,-114.0000
21.4600,-114.0010,-114.0000
21.4640,-113.9992,-114.0000
21.4680,-114.0008,-114.0000
21.4720,-113.9989,-114.0000
21.4760,-114.0013,-114.0000
21.4800,-113.9991,-114.0000
21.4840,-114.0009,-114.0000
21.4880,-113.9988,-114.0000
21.4920,-114.0012,-114.0000
21.4960,-113.9987,-114.0000
21.5000,-114.0010,-114.0000
21.5040,-113.9989,-114.0000
21.5080,-114.0012,-114.0000
21.5120,-113.9989,-114.0000
21.5160,-114.0010,-114.0000
21.5200,-113.9987,-114.0000
21.5240,-114.0012,-114.0000
21.5280,-113.9989,-114.0000
21.5320,-114.0009,-114.0000
21.5360,-113.9989,-114.0000
21.5400,-114.0010,-114.0000
21.5440,-113.9991,-114.0000
21.5480,-114.0009,-114.0000
21.5520,-113.9988,-114.0000
21.5560,-114.0013,-114.0000
21.5600,-113.9989,-114.0000
21.5640,-114.0009,-114.0000
21.5680,-113.9989,-114.0000
21.5720,-114.0011,-114.0000
21.5760,-113.9988,-114.0000
21.5800,-114.0011,-114.0000
21.5840,-113.9988,-114.0000
21.5880,-114.0012,-114.0000
21.5920,-113.9989,-114.0000
21.5960,-114.0011,-114.0000
21.6000,-113.9989,-114.0000
21.6040,-114.0011,-114.0000
21.6080,-113.9989,-114.0000
21.6120,-114.0011,-114.0000
21.6160,-113.9986,-114.0000
21.6200,-114.0010,-114.0000
21.6240,-113.9990,-114.0000
21.6280,-114.0011,-114.0000
21.6320,-113.9990,-114.0000
21.6360,-114.0008,-114.0000
21.6400,-113.9989,-114.0000
21.6440,-114.0012,-114.0000
21.6480,-113.9987,-114.0000
21.6520,-114.0012,-114.0000
21.6560,-113.9989,-114.0000
21.6600,-114.0009,-114.0000
21.6640,-113.9989,-114.0000
21.6680,-114.0011,-114.0000
21.6720,-113.9991,-114.0000
21.6760,-114.0008,-114.0000
21.6800,-113.9988,-114.0000
21.6840,-114.0012,-114.0000
21.6880,-113.9989,-114.0000
21.6920,-114.0011,-114.0000
21.6960,-113.9988,-114.0000
21.7000,-114.0011,-114.0000
21.7040,-113.9988,-114.0000
21.7080,-114.0012,-114.0000
21.7120,-113.9987,-114.0000
21.7160,-114.0013,-114.0000
21.7200,-113.9989,-114.0000
21.7240,-114.0011,-114.0000
21.7280,-113.9989,-114.0000
21.7320,-114.0011,-114.0000
21.7360,-113.9988,-114.0000
21.7400,-114.0010,-114.0000
21.7440,-113.9989,-114.0000
21.7480,-114.0011,-114.0000
21.7520,-113.9987,-114.0000
21.7560,-114.0013,-114.0000
21.7600,-113.9989,-114.0000
21.7640,-114.0011,-114.0000
21.7680,-113.9987,-114.0000
21.7720,-114.0011,-114.0000
21.7760,-113.9989,-114.0000
21.7800,-114.0011,-114.0000
21.7840,-113.9988,-114.0000
21.7880,-114.0010,-114.0000
21.7920,-113.9990,-114.0000
21.7960,-114.0012,-114.0000
21.8000,-113.9989,-114.0000
21.8040,-114.0011,-114.0000
21.8080,-113.9990,-114.0000
21.8120,-114.0008,-114.0000
21.8160,-113.9989,-114.0000
21.8200,-114.0011,-114.0000
21.8240,-113.9988,-114.0000
21.8280,-114.0010,-114.0000
21.8320,-113.9989,-114.0000
21.8360,-114.0010,-114.0000
21.8400,-113.9988,-114.0000
21.8440,-114.0013,-114.0000
21.8480,-113.9989,-114.0000
21.8520,-114.0010,-114.0000
21.8560,-113.9989,-114.0000
21.8600,-114.0011,-114.0000
21.8640,-113.9988,-114.0000
21.8680,-114.0011,-114.0000
21.8720,-113.9987,-114.0000
21.8760,-114.0013,-114.0000
21.8800,-113.9990,-114.0000
21.8840,-114.0008,-114.0000
21.8880,-113.9989,-114.0000
21.8920,-114.0012,-114.0000
21.8960,-113.9988,-114.0000
21.9000,-114.0011,-114.0000
21.9040,-113.9988,-114.0000
21.9080,-114.0011,-114.0000
21.9120,-113.9988,-114.0000
21.9160,-114.0012,-114.0000
21.9200,-113.9988,-114.0000
21.9240,-114.0012,-114.0000
21.9280,-113.9987,-114.0000
21.9320,-114.0012,-114.0000
21.9360,-113.9987,-114.0000
21.9400,-114.0012,-114.0000
21.9440,-113.9987,-114.0000
21.9480,-114.0011,-114.0000
21.9520,-113.9989,-114.0000
21.9560,-114.0012,-114.0000
21.9600,-113.9987,-114.0000
21.9640,-114.0013,-114.0000
21.9680,-113.9986,-114.0000
21.9720,-114.0013,-114.0000
21.9760,-113.9986,-114.0000
21.9800,-114.0013,-114.0000
21.9840,-113.9986,-114.0000
21.9880,-114.0012,-114.0000
21.9920,-113.9989,-114.0000
21.9960,-114.0011,-114.0000
22.0000,-113.9991,-114.0000
22.0040,-114.0011,-114.0000
22.0080,-113.9988,-114.0000
22.0120,-114.0011,-114.0000
22.0160,-113.9987,-114.0000
22.0200,-114.0011,-114.0000
22.0240,-113.9987,-114.0000
22.0280,-114.0013,-114.0000
22.0320,-113.9987,-114.0000
22.0360,-114.0011,-114.0000
22.0400,-113.9989,-114.0000
22.0440,-114.0011,-114.0000
22.0480,-113.9987,-114.0000
22.0520,-114.0013,-114.0000
22.0560,-113.9987,-114.0000
22.0600,-114.0012,-114.0000
22.0640,-113.9987,-114.0000
22.0680,-114.0013,-114.0000
22.0720,-113.9986,-114.0000
22.0760,-114.0012,-114.0000
22.0800,-113.9988,-114.0000
22.0840,-114.0013,-114.0000
22.0880,-113.9986,-114.0000
22.0920,-114.0012,-114.0000
22.0960,-113.9989,-114.0000
22.1000,-114.0011,-114.0000
22.1040,-113.9988,-114.0000
22.1080,-114.0013,-114.0000
22.1120,-113.9987,-114.0000
22.1160,-114.0012,-114.0000
22.1200,-113.9986,-114.0000
22.1240,-114.0012,-114.0000
22.1280,-113.9988,-114.0000
22.1320,-114.0012,-114.0000
22.1360,-113.9990,-114.0000
22.1400,-114.0010,-114.0000
22.1440,-113.9987,-114.0000
22.1480,-114.0013,-114.0000
22.1520,-113.9986,-114.0000
22.1560,-114.0012,-114.0000
22.1600,-113.9990,-114.0000
22.1640,-114.0011,-114.0000
22.1680,-113.9987,-114.0000
22.1720,-114.0010,-114.0000
22.1760,-113.9987,-114.0000
22.1800,-114.0012,-114.0000
22.1840,-113.9988,-114.0000
22.1880,-114.0013,-114.0000
22.1920,-113.9990,-114.0000
22.1960,-114.0009,-114.0000
22.2000,-113.9989,-114.0000
22.2040,-114.0010,-114.0000
22.2080,-113.9989,-114.0000
22.2120,-114.0011,-114.0000
22.2160,-113.9988,-114.0000
22.2200,-114.0012,-114.0000
22.2240,-113.9990,-114.0000
22.2280,-114.0010,-114.0000
22.2320,-113.9987,-114.0000
22.2360,-114.0012,-114.0000
22.2400,-113.9988,-114.0000
22.2440,-114.0010,-114.0000
22.2480,-113.9987,-114.0000
22.2520,-114.0013,-114.0000
22.2560,-113.9986,-114.0000
22.2600,-114.0012,-114.0000
22.2640,-113.9988,-114.0000
22.2680,-114.0012,-114.0000
22.2720,-113.9989,-114.0000
22.2760,-114.0012,-114.0000
22.2800,-113.9987,-114.0000
22.2840,-114.0011,-114.0000
22.2880,-113.9988,-114.0000
22.2920,-114.0013,-114.0000
22.2960,-113.9988,-114.0000
22.3000,-114.0012,-114.0000
22.3040,-113.9987,-114.0000
22.3080,-114.0014,-114.0000
22.3120,-113.9986,-114.0000
22.3160,-114.0014,-114.0000
22.3200,-113.9989,-114.0000
22.3240,-114.0011,-114.0000
22.3280,-113.9987,-114.0000
22.3320,-114.0011,-114.0000
22.3360,-113.9989,-114.0000
22.3400,-114.0011,-114.0000
22.3440,-113.9987,-114.0000
22.3480,-114.0012,-114.0000
22.3520,-113.9987,-114.0000
22.3560,-114.0012,-114.0000
22.3600,-113.9989,-114.0000
22.3640,-114.0010,-114.0000
22.3680,-113.9989,-114.0000
22.3720,-114.0013,-114.0000
22.3760,-113.9989,-114.0000
22.3800,-114.0013,-114.0000
22.3840,-113.9986,-114.0000
22.3880,-114.0014,-114.0000
22.3920,-113.9987,-114.0000
22.3960,-114.0012,-114.0000
22.4000,-113.9987,-114.0000
22.4040,-114.0013,-114.0000
22.4080,-113.9987,-114.0000
22.4120,-114.0012,-114.0000
22.4160,-113.9987,-114.0000
22.4200,-114.0012,-114.0000
22.4240,-113.9987,-114.0000
22.4280,-114.0014,-114.0000
22.4320,-113.9989,-114.0000
22.4360,-114.0010,-114.0000
22.4400,-113.9986,-114.0000
22.4440,-114.0012,-114.0000
22.4480,-113.9988,-114.0000
22.4520,-114.0013,-114.0000
22.4560,-113.9986,-114.0000
22.4600,-114.0012,-114.0000
22.4640,-113.9987,-114.0000
22.4680,-114.0014,-114.0000
22.4720,-113.9986,-114.0000
22.4760,-114.0013,-114.0000
22.4800,-113.9986,-114.0000
22.4840,-114.0014,-114.0000
22.4880,-113.9986,-114.0000
22.4920,-114.0014,-114.0000
22.4960,-113.9989,-114.0000
22.5000,-114.0010,-114.0000
22.5040,-113.9987,-114.0000
22.5080,-114.0012,-114.0000
22.5120,-113.9989,-114.0000
22.5160,-114.0010,-114.0000
22.5200,-113.9988,-114.0000
22.5240,-114.0011,-114.0000
22.5280,-113.9989,-114.0000
22.5320,-114.0013,-114.0000
22.5360,-113.9988,-114.0000
22.5400,-114.0011,-114.0000
22.5440,-113.9987,-114.0000
22.5480,-114.0012,-114.0000
22.5520,-113.9987,-114.0000
22.5560,-114.0012,-114.0000
22.5600,-113.9987,-114.0000
22.5640,-114.0014,-114.0000
22.5680,-113.9989,-114.0000
22.5720,-114.0011,-114.0000
22.5760,-113.9988,-114.0000
22.5800,-114.0012,-114.0000
22.5840,-113.9988,-114.0000
22.5880,-114.0010,-114.0000
22.5920,-113.9988,-114.0000
22.5960,-114.0011,-114.0000
22.6000,-113.9985,-114.0000
22.6040,-114.0014,-114.0000
22.6080,-113.9985,-114.0000
22.6120,-114.0014,-114.0000
22.6160,-113.9987,-114.0000
22.6200,-114.0011,-114.0000
22.6240,-113.9989,-114.0000
22.6280,-114.0010,-114.0000
22.6320,-113.9987,-114.0000
22.6360,-114.0012,-114.0000
22.6400,-113.9987,-114.0000
22.6440,-114.0011,-114.0000
22.6480,-113.9987,-114.0000
22.6520,-114.0012,-114.0000
22.6560,-113.9989,-114.0000
22.6600,-114.0012,-114.0000
22.6640,-113.9987,-114.0000
22.6680,-114.0013,-114.0000
22.6720,-113.9985,-114.0000
22.6760,-114.0011,-114.0000
22.6800,-113.9987,-114.0000
22.6840,-114.0012,-114.0000
22.6880,-113.9988,-114.0000
22.6920,-114.0012,-114.0000
22.6960,-113.9988,-114.0000
22.7000,-114.0013,-114.0000
22.7040,-113.9989,-114.0000
22.7080,-114.0011,-114.0000
22.7120,-113.9987,-114.0000
22.7160,-114.0013,-114.0000
22.7200,-113.9987,-114.0000
22.7240,-114.0014,-114.0000
22.7280,-113.9986,-114.0000
22.7320,-114.0013,-114.0000
22.7360,-113.9988,-114.0000
22.7400,-114.0014,-114.0000
22.7440,-113.9985,-114.0000
22.7480,-114.0013,-114.0000
22.7520,-113.9988,-114.0000
22.7560,-114.0012,-114.0000
22.7600,-113.9989,-114.0000
22.7640,-114.0011,-114.0000
22.7680,-113.9988,-114.0000
22.7720,-114.0013,-114.0000
22.7760,-113.9989,-114.0000
22.7800,-114.0011,-114.0000
22.7840,-113.9986,-114.0000
22.7880,-114.0014,-114.0000
22.7920,-113.9987,-114.0000
22.7960,-114.0012,-114.0000
22.8000,-113.9986,-114.0000
22.8040,-114.0012,-114.0000
22.8080,-113.9987,-114.0000
22.8120,-114.0014,-114.0000
22.8160,-113.9987,-114.0000
22.8200,-114.0012,-114.0000
22.8240,-113.9988,-114.0000
22.8280,-114.0011,-114.0000
22.8320,-113.9987,-114.0000
22.8360,-114.0013,-114.0000
22.8400,-113.9986,-114.0000
22.8440,-114.0012,-114.0000
22.8480,-113.9987,-114.0000
22.8520,-114.0013,-114.0000
22.8560,-113.9988,-114.0000
22.8600,-114.0012,-114.0000
22.8640,-113.9987,-114.0000
22.8680,-114.0012,-114.0000
22.8720,-113.9986,-114.0000
22.8760,-114.0012,-114.0000
22.8800,-113.9987,-114.0000
22.8840,-114.0010,-114.0000
22.8880,-113.9990,-114.0000
22.8920,-114.0010,-114.0000
22.8960,-113.9989,-114.0000
22.9000,-114.0014,-114.0000
22.9040,-113.9986,-114.0000
22.9080,-114.0014,-114.0000
22.9120,-113.9986,-114.0000
22.9160,-114.0011,-114.0000
22.9200,-113.9991,-114.0000
22.9240,-114.0009,-114.0000
22.9280,-113.9989,-114.0000
22.9320,-114.0012,-114.0000
22.9360,-113.9988,-114.0000
22.9400,-114.0013,-114.0000
22.9440,-113.9987,-114.0000
22.9480,-114.0012,-114.0000
22.9520,-113.9987,-114.0000
22.9560,-114.0010,-114.0000
22.9600,-113.9990,-114.0000
22.9640,-114.0011,-114.0000
22.9680,-113.9989,-114.0000
22.9720,-114.0011,-114.0000
22.9760,-113.9988,-114.0000
22.9800,-114.0012,-114.0000
22.9840,-113.9987,-114.0000
22.9880,-114.0012,-114.0000
22.9920,-113.9987,-114.0000
22.9960,-114.0011,-114.0000
23.0000,-113.9985,-114.0000
23.0040,-114.0014,-114.0000
23.0080,-113.9986,-114.0000
23.0120,-114.0014,-114.0000
23.0160,-113.9987,-114.0000
23.0200,-114.0013,-114.0000
23.0240,-113.9987,-114.0000
23.0280,-114.0012,-114.0000
23.0320,-113.9986,-114.0000
23.0360,-114.0013,-114.0000
23.0400,-113.9989,-114.0000
23.0440,-114.0007,-114.0000
23.0480,-113.9994,-114.0000
23.0520,-114.0008,-114.0000
23.0560,-113.9989,-114.0000
23.0600,-114.0010,-114.0000
23.0640,-113.9988,-114.0000
23.0680,-114.0013,-114.0000
23.0720,-113.9989,-114.0000
23.0760,-114.0008,-114.0000
23.0800,-113.9990,-114.0000
23.0840,-114.0009,-114.0000
23.0880,-113.9989,-114.0000
23.0920,-114.0011,-114.0000
23.0960,-113.9988,-114.0000
23.1000,-114.0012,-114.0000
23.1040,-113.9989,-114.0000
23.1080,-114.0012,-114.0000
23.1120,-113.9989,-114.0000
23.1160,-114.0011,-114.0000
23.1200,-113.9987,-114.0000
23.1240,-114.0012,-114.0000
23.1280,-113.9987,-114.0000
23.1320,-114.0011,-114.0000
23.1360,-113.9992,-114.0000
23.1400,-114.0011,-114.0000
23.1440,-113.9990,-114.0000
23.1480,-114.0009,-114.0000
23.1520,-113.9991,-114.0000
23.1560,-114.0009,-114.0000
23.1600,-113.9990,-114.0000
23.1640,-114.0010,-114.0000
23.1680,-113.9986,-114.0000
23.1720,-114.0012,-114.0000
23.1760,-113.9989,-114.0000
23.1800,-114.0011,-114.0000
23.1840,-113.9987,-114.0000
23.1880,-114.0012,-114.0000
23.1920,-113.9987,-114.0000
23.1960,-114.0011,-114.0000
23.2000,-113.9989,-114.0000
23.2040,-114.0012,-114.0000
23.2080,-113.9986,-114.0000
23.2120,-114.0013,-114.0000
23.2160,-113.9987,-114.0000
23.2200,-114.0012,-114.0000
23.2240,-113.9987,-114.0000
23.2280,-114.0014,-114.0000
23.2320,-113.9987,-114.0000
23.2360,-114.0012,-114.0000
23.2400,-113.9986,-114.0000
23.2440,-114.0014,-114.0000
23.2480,-113.9988,-114.0000
23.2520,-114.0011,-114.0000
23.2560,-113.9987,-114.0000
23.2600,-114.0013,-114.0000
23.2640,-113.9986,-114.0000
23.2680,-114.0011,-114.0000
23.2720,-113.9988,-114.0000
23.2760,-114.0010,-114.0000
23.2800,-113.9989,-114.0000
23.2840,-114.0011,-114.0000
23.2880,-113.9987,-114.0000
23.2920,-114.0014,-114.0000
23.2960,-113.9988,-114.0000
23.3000,-114.0013,-114.0000
23.3040,-113.9988,-114.0000
23.3080,-114.0012,-114.0000
23.3120,-113.9988,-114.0000
23.3160,-114.0009,-114.0000
23.3200,-113.9987,-114.0000
23.3240,-114.0014,-114.0000
23.3280,-113.9986,-114.0000
23.3320,-114.0013,-114.0000
23.3360,-113.9988,-114.0000
23.3400,-114.0012,-114.0000
23.3440,-113.9986,-114.0000
23.3480,-114.0011,-114.0000
23.3520,-113.9988,-114.0000
23.3560,-114.0011,-114.0000
23.3600,-113.9990,-114.0000
23.3640,-114.0013,-114.0000
23.3680,-113.9991,-114.0000
23.3720,-114.0012,-114.0000
23.3760,-113.9988,-114.0000
23.3800,-114.0014,-114.0000
23.3840,-113.9986,-114.0000
23.3880,-114.0012,-114.0000
23.3920,-113.9989,-114.0000
23.3960,-114.0011,-114.0000
23.4000,-113.9986,-114.0000
23.4040,-114.0014,-114.0000
23.4080,-113.9986,-114.0000
23.4120,-114.0012,-114.0000
23.4160,-113.9988,-114.0000
23.4200,-114.0014,-114.0000
23.4240,-113.9986,-114.0000
23.4280,-114.0014,-114.0000
23.4320,-113.9986,-114.0000
23.4360,-114.0013,-114.0000
23.4400,-113.9987,-114.0000
23.4440,-114.0010,-114.0000
23.4480,-113.9988,-114.0000
23.4520,-114.0014,-114.0000
23.4560,-113.9987,-114.0000
23.4600,-114.0012,-114.0000
23.4640,-113.9987,-114.0000
23.4680,-114.0012,-114.0000
23.4720,-113.9987,-114.0000
23.4760,-114.0011,-114.0000
23.4800,-113.9990,-114.0000
23.4840,-114.0010,-114.0000
23.4880,-113.9988,-114.0000
23.4920,-114.0013,-114.0000
23.4960,-113.9987,-114.0000
23.5000,-114.0013,-114.0000
23.5040,-113.9986,-114.0000
23.5080,-114.0013,-114.0000
23.5120,-113.9988,-114.0000
23.5160,-114.0012,-114.0000
23.5200,-113.9988,-114.0000
23.5240,-114.0010,-114.0000
23.5280,-113.9991,-114.0000
23.5320,-114.0011,-114.0000
23.5360,-113.9987,-114.0000
23.5400,-114.0012,-114.0000
23.5440,-113.9988,-114.0000
23.5480,-114.0011,-114.0000
23.5520,-113.9988,-114.0000
23.5560,-114.0013,-114.0000
23.5600,-113.9986,-114.0000
23.5640,-114.0014,-114.0000
23.5680,-113.9989,-114.0000
23.5720,-114.0012,-114.0000
23.5760,-113.9987,-114.0000
23.5800,-114.0012,-114.0000
23.5840,-113.9987,-114.0000
23.5880,-114.0012,-114.0000
23.5920,-113.9989,-114.0000
23.5960,-114.0012,-114.0000
23.6000,-113.9988,-114.0000
23.6040,-114.0012,-114.0000
23.6080,-113.9988,-114.0000
23.6120,-114.0012,-114.0000
23.6160,-113.9987,-114.0000
23.6200,-114.0012,-114.0000
23.6240,-113.9987,-114.0000
23.6280,-114.0014,-114.0000
23.6320,-113.9987,-114.0000
23.6360,-114.0012,-114.0000
23.6400,-113.9988,-114.0000
23.6440,-114.0012,-114.0000
23.6480,-113.9988,-114.0000
23.6520,-114.0011,-114.0000
23.6560,-113.9989,-114.0000
23.6600,-114.0012,-114.0000
23.6640,-113.9986,-114.0000
23.6680,-114.0012,-114.0000
23.6720,-113.9989,-114.0000
23.6760,-114.0010,-114.0000
23.6800,-113.9987,-114.0000
23.6840,-114.0013,-114.0000
23.6880,-113.9987,-114.0000
23.6920,-114.0011,-114.0000
23.6960,-113.9992,-114.0000
23.7000,-114.0009,-114.0000
23.7040,-113.9989,-114.0000
23.7080,-114.0012,-114.0000
23.7120,-113.9988,-114.0000
23.7160,-114.0012,-114.0000
23.7200,-113.9987,-114.0000
23.7240,-114.0012,-114.0000
23.7280,-113.9991,-114.0000
23.7320,-114.0010,-114.0000
23.7360,-113.9990,-114.0000
23.7400,-114.0011,-114.0000
23.7440,-113.9986,-114.0000
23.7480,-114.0012,-114.0000
23.7520,-113.9988,-114.0000
23.7560,-114.0011,-114.0000
23.7600,-113.9987,-114.0000
23.7640,-114.0014,-114.0000
23.7680,-113.9989,-114.0000
23.7720,-114.0011,-114.0000
23.7760,-113.9988,-114.0000
23.7800,-114.0012,-114.0000
23.7840,-113.9987,-114.0000
23.7880,-114.0010,-114.0000
23.7920,-113.9989,-114.0000
23.7960,-114.0011,-114.0000
23.8000,-113.9986,-114.0000
23.8040,-114.0013,-114.0000
23.8080,-113.9986,-114.0000
23.8120,-114.0011,-114.0000
23.8160,-113.9988,-114.0000
23.8200,-114.0012,-114.0000
23.8240,-113.9987,-114.0000
23.8280,-114.0011,-114.0000
23.8320,-113.9987,-114.0000
23.8360,-114.0013,-114.0000
23.8400,-113.9987,-114.0000
23.8440,-114.0013,-114.0000
23.8480,-113.9986,-114.0000
23.8520,-114.0013,-114.0000
23.8560,-113.9987,-114.0000
23.8600,-114.0011,-114.0000
23.8640,-113.9987,-114.0000
23.8680,-114.0014,-114.0000
23.8720,-113.9987,-114.0000
23.8760,-114.0012,-114.0000
23.8800,-113.9986,-114.0000
23.8840,-114.0013,-114.0000
23.8880,-113.9987,-114.0000
23.8920,-114.0013,-114.0000
23.8960,-113.9989,-114.0000
23.9000,-114.0012,-114.0000
23.9040,-113.9988,-114.0000
23.9080,-114.0012,-114.0000
23.9120,-113.9987,-114.0000
23.9160,-114.0010,-114.0000
23.9200,-113.9990,-114.0000
23.9240,-114.0011,-114.0000
23.9280,-113.9986,-114.0000
23.9320,-114.0011,-114.0000
23.9360,-113.9990,-114.0000
23.9400,-114.0010,-114.0000
23.9440,-113.9993,-114.0000
23.9480,-114.0007,-114.0000
23.9520,-113.9991,-114.0000
23.9560,-114.0010,-114.0000
23.9600,-113.9988,-114.0000
23.9640,-114.0012,-114.0000
23.9680,-113.9989,-114.0000
23.9720,-114.0010,-114.0000
23.9760,-113.9987,-114.0000
23.9800,-114.0012,-114.0000
23.9840,-113.9987,-114.0000
23.9880,-114.0013,-114.0000
23.9920,-113.9986,-114.0000
23.9960,-114.0011,-114.0000
24.0000,-113.9988,-114.0000
24.0040,-114.0011,-114.0000
24.0080,-113.9988,-114.0000
24.0120,-114.0012,-114.0000
24.0160,-113.9988,-114.0000
24.0200,-114.0013,-114.0000
24.0240,-113.9991,-114.0000
24.0280,-114.0011,-114.0000
24.0320,-113.9988,-114.0000
24.0360,-114.0013,-114.0000
24.0400,-113.9987,-114.0000
24.0440,-114.0013,-114.0000
24.0480,-113.9987,-114.0000
24.0520,-114.0013,-114.0000
24.0560,-113.9987,-114.0000
24.0600,-114.0013,-114.0000
24.0640,-113.9988,-114.0000
24.0680,-114.0010,-114.0000
24.0720,-113.9988,-114.0000
24.0760,-114.0011,-114.0000
24.0800,-113.9988,-114.0000
24.0840,-114.0011,-114.0000
24.0880,-113.9990,-114.0000
24.0920,-114.0012,-114.0000
24.0960,-113.9989,-114.0000
24.1000,-114.0011,-114.0000
24.1040,-113.9989,-114.0000
24.1080,-114.0011,-114.0000
24.1120,-113.9989,-114.0000
24.1160,-114.0010,-114.0000
24.1200,-113.9988,-114.0000
24.1240,-114.0013,-114.0000
24.1280,-113.9987,-114.0000
24.1320,-114.0013,-114.0000
24.1360,-113.9989,-114.0000
24.1400,-114.0012,-114.0000
24.1440,-113.9988,-114.0000
24.1480,-114.0011,-114.0000
24.1520,-113.9988,-114.0000
24.1560,-114.0012,-114.0000
24.1600,-113.9986,-114.0000
24.1640,-114.0012,-114.0000
24.1680,-113.9988,-114.0000
24.1720,-114.0012,-114.0000
24.1760,-113.9990,-114.0000
24.1800,-114.0011,-114.0000
24.1840,-113.9986,-114.0000
24.1880,-114.0011,-114.0000
24.1920,-113.9988,-114.0000
24.1960,-114.0010,-114.0000
24.2000,-113.9988,-114.0000
24.2040,-114.0013,-114.0000
24.2080,-113.9987,-114.0000
24.2120,-114.0012,-114.0000
24.2160,-113.9987,-114.0000
24.2200,-114.0013,-114.0000
24.2240,-113.9989,-114.0000
24.2280,-114.0012,-114.0000
24.2320,-113.9986,-114.0000
24.2360,-114.0010,-114.0000
24.2400,-113.9988,-114.0000
24.2440,-114.0013,-114.0000
24.2480,-113.9987,-114.0000
24.2520,-114.0012,-114.0000
24.2560,-113.9988,-114.0000
24.2600,-114.0011,-114.0000
24.2640,-113.9988,-114.0000
24.2680,-114.0013,-114.0000
24.2720,-113.9987,-114.0000
24.2760,-114.0012,-114.0000
24.2800,-113.9989,-114.0000
24.2840,-114.0011,-114.0000
24.2880,-113.9987,-114.0000
24.2920,-114.0012,-114.0000
24.2960,-113.9988,-114.0000
24.3000,-114.0011,-114.0000
24.3040,-113.9989,-114.0000
24.3080,-114.0010,-114.0000
24.3120,-113.9988,-114.0000
24.3160,-114.0013,-114.0000
24.3200,-113.9987,-114.0000
24.3240,-114.0013,-114.0000
24.3280,-113.9989,-114.0000
24.3320,-114.0010,-114.0000
24.3360,-113.9990,-114.0000
24.3400,-114.0009,-114.0000
24.3440,-113.9989,-114.0000
24.3480,-114.0010,-114.0000
24.3520,-113.9988,-114.0000
24.3560,-114.0012,-114.0000
24.3600,-113.9987,-114.0000
24.3640,-114.0011,-114.0000
24.3680,-113.9988,-114.0000
24.3720,-114.0013,-114.0000
24.3760,-113.9988,-114.0000
24.3800,-114.0011,-114.0000
24.3840,-113.9990,-114.0000
24.3880,-114.0011,-114.0000
24.3920,-113.9987,-114.0000
24.3960,-114.0012,-114.0000
24.4000,-113.9989,-114.0000
24.4040,-114.0011,-114.0000
24.4080,-113.9990,-114.0000
24.4120,-114.0011,-114.0000
24.4160,-113.9989,-114.0000
24.4200,-114.0012,-114.0000
24.4240,-113.9988,-114.0000
24.4280,-114.0010,-114.0000
24.4320,-113.9989,-114.0000
24.4360,-114.0011,-114.0000
24.4400,-113.9988,-114.0000
24.4440,-114.0011,-114.0000
24.4480,-113.9988,-114.0000
24.4520,-114.0012,-114.0000
24.4560,-113.9987,-114.0000
24.4600,-114.0011,-114.0000
24.4640,-113.9989,-114.0000
24.4680,-114.0011,-114.0000
24.4720,-113.9988,-114.0000
24.4760,-114.0011,-114.0000
24.4800,-113.9987,-114.0000
24.4840,-114.0011,-114.0000
24.4880,-113.9988,-114.0000
24.4920,-114.0011,-114.0000
24.4960,-113.9991,-114.0000
24.5000,-114.0010,-114.0000
24.5040,-113.9990,-114.0000
24.5080,-114.0010,-114.0000
24.5120,-113.9990,-114.0000
24.5160,-114.0011,-114.0000
24.5200,-113.9989,-114.0000
24.5240,-114.0012,-114.0000
24.5280,-113.9989,-114.0000
24.5320,-114.0009,-114.0000
24.5360,-113.9990,-114.0000
24.5400,-114.0010,-114.0000
24.5440,-113.9989,-114.0000
24.5480,-114.0011,-114.0000
24.5520,-113.9989,-114.0000
24.5560,-114.0011,-114.0000
24.5600,-113.9988,-114.0000
24.5640,-114.0011,-114.0000
24.5680,-113.9988,-114.0000
24.5720,-114.0012,-114.0000
24.5760,-113.9991,-114.0000
24.5800,-114.0011,-114.0000
24.5840,-113.9989,-114.0000
24.5880,-114.0011,-114.0000
24.5920,-113.9989,-114.0000
24.5960,-114.0010,-114.0000
24.6000,-113.9989,-114.0000
24.6040,-114.0011,-114.0000
24.6080,-113.9989,-114.0000
24.6120,-114.0010,-114.0000
24.6160,-113.9990,-114.0000
24.6200,-114.0010,-114.0000
24.6240,-113.9994,-114.0000
24.6280,-114.0010,-114.0000
24.6320,-113.9988,-114.0000
24.6360,-114.0011,-114.0000
24.6400,-113.9988,-114.0000
24.6440,-114.0010,-114.0000
24.6480,-113.9989,-114.0000
24.6520,-114.0012,-114.0000
24.6560,-113.9989,-114.0000
24.6600,-114.0010,-114.0000
24.6640,-113.9990,-114.0000
24.6680,-114.0010,-114.0000
24.6720,-113.9989,-114.0000
24.6760,-114.0012,-114.0000
24.6800,-113.9988,-114.0000
24.6840,-114.0012,-114.0000
24.6880,-113.9988,-114.0000
24.6920,-114.0010,-114.0000
24.6960,-113.9990,-114.0000
24.7000,-114.0012,-114.0000
24.7040,-113.9990,-114.0000
24.7080,-114.0010,-114.0000
24.7120,-113.9988,-114.0000
24.7160,-114.0010,-114.0000
24.7200,-113.9991,-114.0000
24.7240,-114.0009,-114.0000
24.7280,-113.9991,-114.0000
24.7320,-114.0011,-114.0000
24.7360,-113.9989,-114.0000
24.7400,-114.0011,-114.0000
24.7440,-113.9990,-114.0000
24.7480,-114.0011,-114.0000
24.7520,-113.9989,-114.0000
24.7560,-114.0010,-114.0000
24.7600,-113.9988,-114.0000
24.7640,-114.0009,-114.0000
24.7680,-113.9991,-114.0000
24.7720,-114.0008,-114.0000
24.7760,-113.9991,-114.0000
24.7800,-114.0010,-114.0000
24.7840,-113.9989,-114.0000
24.7880,-114.0009,-114.0000
24.7920,-113.9989,-114.0000
24.7960,-114.0010,-114.0000
24.8000,-113.9989,-114.0000
24.8040,-114.0011,-114.0000
24.8080,-113.9988,-114.0000
24.8120,-114.0011,-114.0000
24.8160,-113.9991,-114.0000
24.8200,-114.0008,-114.0000
24.8240,-113.9989,-114.0000
24.8280,-114.0011,-114.0000
24.8320,-113.9992,-114.0000
24.8360,-114.0007,-114.0000
24.8400,-113.9996,-114.0000
24.8440,-114.0004,-114.0000
24.8480,-113.9997,-114.0000
24.8520,-114.0003,-114.0000
24.8560,-113.9997,-114.0000
24.8600,-114.0003,-114.0000
24.8640,-114.0000,-114.0000
24.8680,-114.0000,-114.0000
24.8720,-113.9998,-114.0000
24.8760,-113.9998,-114.0000
24.8800,-114.0003,-114.0000
24.8840,-113.9999,-114.0000
24.8880,-114.0001,-114.0000
24.8920,-113.9996,-114.0000
24.8960,-114.0002,-114.0000
24.9000,-114.0000,-114.0000
24.9040,-114.0001,-114.0000
24.9080,-113.9998,-114.0000
24.9120,-114.0001,-114.0000
24.9160,-114.0000,-114.0000
24.9200,-114.0000,-114.0000
24.9240,-113.9998,-114.0000
24.9280,-114.0002,-114.0000
24.9320,-114.0001,-114.0000
24.9360,-114.0000,-114.0000
24.9400,-113.9997,-114.0000
24.9440,-114.0002,-114.0000
24.9480,-113.9999,-114.0000
24.9520,-114.0000,-114.0000
24.9560,-113.9998,-114.0000
24.9600,-114.0002,-114.0000
24.9640,-113.9998,-114.0000
24.9680,-114.0003,-114.0000
24.9720,-113.9999,-114.0000
24.9760,-113.9997,-114.0000
24.9800,-114.0002,-114.0000
24.9840,-114.0000,-114.0000
24.9880,-114.0001,-114.0000
24.9920,-113.9999,-114.0000
24.9960,-113.9999,-114.0000
25.0000,-114.0001,-114.0000
25.0040,-113.9998,-114.0000
25.0080,-113.9999,-114.0000
25.0120,-114.0002,-114.0000
25.0160,-113.9999,-114.0000
25.0200,-114.0001,-114.0000
25.0240,-113.9998,-114.0000
25.0280,-114.0002,-114.0000
25.0320,-113.9999,-114.0000
25.0360,-114.0002,-114.0000
25.0400,-114.0000,-114.0000
25.0440,-113.9997,-114.0000
25.0480,-113.9997,-114.0000
25.0520,-114.0001,-114.0000
25.0560,-114.0000,-114.0000
25.0600,-113.9999,-114.0000
25.0640,-114.0002,-114.0000
25.0680,-113.9994,-114.0000
25.0720,-114.0007,-114.0000
25.0760,-113.9992,-114.0000
25.0800,-114.0008,-114.0000
25.0840,-113.9990,-114.0000
25.0880,-114.0008,-114.0000
25.0920,-113.9990,-114.0000
25.0960,-114.0009,-114.0000
25.1000,-113.9990,-114.0000
25.1040,-114.0011,-114.0000
25.1080,-113.9989,-114.0000
25.1120,-114.0009,-114.0000
25.1160,-113.9990,-114.0000
25.1200,-114.0009,-114.0000
25.1240,-113.9990,-114.0000
25.1280,-114.0010,-114.0000
25.1320,-113.9991,-114.0000
25.1360,-114.0009,-114.0000
25.1400,-113.9989,-114.0000
25.1440,-114.0010,-114.0000
25.1480,-113.9989,-114.0000
25.1520,-114.0009,-114.0000
25.1560,-113.9990,-114.0000
25.1600,-114.0010,-114.0000
25.1640,-113.9989,-114.0000
25.1680,-114.0010,-114.0000
25.1720,-113.9991,-114.0000
25.1760,-114.0008,-114.0000
25.1800,-113.9990,-114.0000
25.1840,-114.0009,-114.0000
25.1880,-113.9989,-114.0000
25.1920,-114.0011,-114.0000
25.1960,-113.9991,-114.0000
25.2000,-114.0009,-114.0000
25.2040,-113.9989,-114.0000
25.2080,-114.0010,-114.0000
25.2120,-113.9989,-114.0000
25.2160,-114.0010,-114.0000
25.2200,-113.9989,-114.0000
25.2240,-114.0010,-114.0000
25.2280,-113.9989,-114.0000
25.2320,-114.0010,-114.0000
25.2360,-113.9991,-114.0000
25.2400,-114.0009,-114.0000
25.2440,-113.9990,-114.0000
25.2480,-114.0009,-114.0000
25.2520,-113.9989,-114.0000
25.2560,-114.0009,-114.0000
25.2600,-113.9991,-114.0000
25.2640,-114.0009,-114.0000
25.2680,-113.9990,-114.0000
25.2720,-114.0009,-114.0000
25.2760,-113.9991,-114.0000
25.2800,-114.0010,-114.0000
25.2840,-113.9991,-114.0000
25.2880,-114.0009,-114.0000
25.2920,-113.9990,-114.0000
25.2960,-114.0008,-114.0000
25.3000,-113.9991,-114.0000
25.3040,-114.0008,-114.0000
25.3080,-113.9991,-114.0000
25.3120,-114.0008,-114.0000
25.3160,-113.9990,-114.0000
25.3200,-114.0009,-114.0000
25.3240,-113.9991,-114.0000
25.3280,-114.0009,-114.0000
25.3320,-113.9991,-114.0000
25.3360,-114.0008,-114.0000
25.3400,-113.9991,-114.0000
25.3440,-114.0010,-114.0000
25.3480,-113.9991,-114.0000
25.3520,-114.0007,-114.0000
25.3560,-113.9991,-114.0000
25.3600,-114.0010,-114.0000
25.3640,-113.9990,-114.0000
25.3680,-114.0010,-114.0000
25.3720,-113.9989,-114.0000
25.3760,-114.0009,-114.0000
25.3800,-113.9990,-114.0000
25.3840,-114.0010,-114.0000
25.3880,-113.9992,-114.0000
25.3920,-114.0009,-114.0000
25.3960,-113.9992,-114.0000
25.4000,-114.0009,-114.0000
25.4040,-113.9989,-114.0000
25.4080,-114.0010,-114.0000
25.4120,-113.9990,-114.0000
25.4160,-114.0009,-114.0000
25.4200,-113.9990,-114.0000
25.4240,-114.0011,-114.0000
25.4280,-113.9991,-114.0000
25.4320,-114.0009,-114.0000
25.4360,-113.9990,-114.0000
25.4400,-114.0009,-114.0000
25.4440,-113.9992,-114.0000
25.4480,-114.0009,-114.0000
25.4520,-113.9990,-114.0000
25.4560,-114.0009,-114.0000
25.4600,-113.9993,-114.0000
25.4640,-114.0007,-114.0000
25.4680,-113.9990,-114.0000
25.4720,-114.0010,-114.0000
25.4760,-113.9992,-114.0000
25.4800,-114.0009,-114.0000
25.4840,-113.9990,-114.0000
25.4880,-114.0010,-114.0000
25.4920,-113.9990,-114.0000
25.4960,-114.0008,-114.0000
25.5000,-113.9991,-114.0000
25.5040,-114.0008,-114.0000
25.5080,-113.9994,-114.0000
25.5120,-114.0007,-114.0000
25.5160,-113.9992,-114.0000
25.5200,-114.0007,-114.0000
25.5240,-113.9992,-114.0000
25.5280,-114.0007,-114.0000
25.5320,-113.9992,-114.0000
25.5360,-114.0007,-114.0000
25.5400,-113.9992,-114.0000
25.5440,-114.0008,-114.0000
25.5480,-113.9992,-114.0000
25.5520,-114.0007,-114.0000
25.5560,-113.9991,-114.0000
25.5600,-114.0009,-114.0000
25.5640,-113.9991,-114.0000
25.5680,-114.0009,-114.0000
25.5720,-113.9991,-114.0000
25.5760,-114.0008,-114.0000
25.5800,-113.9990,-114.0000
25.5840,-114.0009,-114.0000
25.5880,-113.9991,-114.0000
25.5920,-114.0009,-114.0000
25.5960,-113.9992,-114.0000
25.6000,-114.0008,-114.0000
25.6040,-113.9992,-114.0000
25.6080,-114.0008,-114.0000
25.6120,-113.9992,-114.0000
25.6160,-114.0007,-114.0000
25.6200,-113.9991,-114.0000
25.6240,-114.0009,-114.0000
25.6280,-113.9993,-114.0000
25.6320,-114.0006,-114.0000
25.6360,-113.9992,-114.0000
25.6400,-114.0007,-114.0000
25.6440,-113.9991,-114.0000
25.6480,-114.0009,-114.0000
25.6520,-113.9991,-114.0000
25.6560,-114.0008,-114.0000
25.6600,-113.9990,-114.0000
25.6640,-114.0008,-114.0000
25.6680,-113.9991,-114.0000
25.6720,-114.0009,-114.0000
25.6760,-113.9992,-114.0000
25.6800,-114.0008,-114.0000
25.6840,-113.9993,-114.0000
25.6880,-114.0007,-114.0000
25.6920,-113.9991,-114.0000
25.6960,-114.0006,-114.0000
25.7000,-113.9993,-114.0000
25.7040,-114.0008,-114.0000
25.7080,-113.9992,-114.0000
25.7120,-114.0007,-114.0000
25.7160,-113.9992,-114.0000
25.7200,-114.0008,-114.0000
25.7240,-113.9994,-114.0000
25.7280,-114.0006,-114.0000
25.7320,-113.9991,-114.0000
25.7360,-114.0009,-114.0000
25.7400,-113.9992,-114.0000
25.7440,-114.0008,-114.0000
25.7480,-113.9993,-114.0000
25.7520,-114.0007,-114.0000
25.7560,-113.9991,-114.0000
25.7600,-114.0009,-114.0000
25.7640,-113.9991,-114.0000
25.7680,-114.0008,-114.0000
25.7720,-113.9993,-114.0000
25.7760,-114.0008,-114.0000
25.7800,-113.9993,-114.0000
25.7840,-114.0007,-114.0000
25.7880,-113.9992,-114.0000
25.7920,-114.0007,-114.0000
25.7960,-113.9992,-114.0000
25.8000,-114.0008,-114.0000
25.8040,-113.9991,-114.0000
25.8080,-114.0009,-114.0000
25.8120,-113.9993,-114.0000
25.8160,-114.0007,-114.0000
25.8200,-113.9990,-114.0000
25.8240,-114.0008,-114.0000
25.8280,-113.9992,-114.0000
25.8320,-114.0009,-114.0000
25.8360,-113.9994,-114.0000
25.8400,-114.0007,-114.0000
25.8440,-113.9993,-114.0000
25.8480,-114.0007,-114.0000
25.8520,-113.9990,-114.0000
25.8560,-114.0007,-114.0000
25.8600,-113.9992,-114.0000
25.8640,-114.0009,-114.0000
25.8680,-113.9991,-114.0000
25.8720,-114.0009,-114.0000
25.8760,-113.9992,-114.0000
25.8800,-114.0008,-114.0000
25.8840,-113.9991,-114.0000
25.8880,-114.0007,-114.0000
25.8920,-113.9993,-114.0000
25.8960,-114.0007,-114.0000
25.9000,-113.9992,-114.0000
25.9040,-114.0008,-114.0000
25.9080,-113.9991,-114.0000
25.9120,-114.0008,-114.0000
25.9160,-113.9993,-114.0000
25.9200,-114.0008,-114.0000
25.9240,-113.9991,-114.0000
25.9280,-114.0007,-114.0000
25.9320,-113.9994,-114.0000
25.9360,-114.0005,-114.0000
25.9400,-113.9992,-114.0000
25.9440,-114.0007,-114.0000
25.9480,-113.9993,-114.0000
25.9520,-114.0007,-114.0000
25.9560,-113.9992,-114.0000
25.9600,-114.0009,-114.0000
25.9640,-113.9991,-114.0000
25.9680,-114.0009,-114.0000
25.9720,-113.9991,-114.0000
25.9760,-114.0007,-114.0000
25.9800,-113.9993,-114.0000
25.9840,-114.0007,-114.0000
25.9880,-113.9992,-114.0000
25.9920,-114.0009,-114.0000
25.9960,-113.9996,-114.0000
26.0000,-114.0006,-114.0000
26.0040,-113.9992,-114.0000
26.0080,-114.0006,-114.0000
26.0120,-113.9992,-114.0000
26.0160,-114.0008,-114.0000
26.0200,-113.9992,-114.0000
26.0240,-114.0008,-114.0000
26.0280,-113.9992,-114.0000
26.0320,-114.0008,-114.0000
26.0360,-113.9991,-114.0000
26.0400,-114.0008,-114.0000
26.0440,-113.9992,-114.0000
26.0480,-114.0008,-114.0000
26.0520,-113.9992,-114.0000
26.0560,-114.0007,-114.0000
26.0600,-113.9991,-114.0000
26.0640,-114.0007,-114.0000
26.0680,-113.9992,-114.0000
26.0720,-114.0009,-114.0000
26.0760,-113.9992,-114.0000
26.0800,-114.0007,-114.0000
26.0840,-113.9994,-114.0000
26.0880,-114.0006,-114.0000
26.0920,-113.9991,-114.0000
26.0960,-114.0008,-114.0000
26.1000,-113.9994,-114.0000
26.1040,-114.0005,-114.0000
26.1080,-113.9991,-114.0000
26.1120,-114.0008,-114.0000
26.1160,-113.9992,-114.0000
26.1200,-114.0008,-114.0000
26.1240,-113.9992,-114.0000
26.1280,-114.0009,-114.0000
26.1320,-113.9992,-114.0000
26.1360,-114.0008,-114.0000
26.1400,-113.9992,-114.0000
26.1440,-114.0008,-114.0000
26.1480,-113.9991,-114.0000
26.1520,-114.0009,-114.0000
26.1560,-113.9992,-114.0000
26.1600,-114.0008,-114.0000
26.1640,-113.9992,-114.0000
26.1680,-114.0006,-114.0000
26.1720,-113.9992,-114.0000
26.1760,-114.0008,-114.0000
26.1800,-113.9991,-114.0000
26.1840,-114.0007,-114.0000
26.1880,-113.9992,-114.0000
26.1920,-114.0009,-114.0000
26.1960,-113.9994,-114.0000
26.2000,-114.0006,-114.0000
26.2040,-113.9992,-114.0000
26.2080,-114.0009,-114.0000
26.2120,-113.9991,-114.0000
26.2160,-114.0009,-114.0000
26.2200,-113.9991,-114.0000
26.2240,-114.0008,-114.0000
26.2280,-113.9992,-114.0000
26.2320,-114.0007,-114.0000
26.2360,-113.9993,-114.0000
26.2400,-114.0007,-114.0000
26.2440,-113.9992,-114.0000
26.2480,-114.0009,-114.0000
26.2520,-113.9993,-114.0000
26.2560,-114.0007,-114.0000
26.2600,-113.9993,-114.0000
26.2640,-114.0008,-114.0000
26.2680,-113.9991,-114.0000
26.2720,-114.0008,-114.0000
26.2760,-113.9994,-114.0000
26.2800,-114.0006,-114.0000
26.2840,-113.9992,-114.0000
26.2880,-114.0007,-114.0000
26.2920,-113.9993,-114.0000
26.2960,-114.0008,-114.0000
26.3000,-113.9992,-114.0000
26.3040,-114.0008,-114.0000
26.3080,-113.9992,-114.0000
26.3120,-114.0008,-114.0000
26.3160,-113.9993,-114.0000
26.3200,-114.0006,-114.0000
26.3240,-113.9992,-114.0000
26.3280,-114.0008,-114.0000
26.3320,-113.9993,-114.0000
26.3360,-114.0007,-114.0000
26.3400,-113.9992,-114.0000
26.3440,-114.0008,-114.0000
26.3480,-113.9991,-114.0000
26.3520,-114.0007,-114.0000
26.3560,-113.9995,-114.0000
26.3600,-114.0005,-114.0000
26.3640,-113.9992,-114.0000
26.3680,-114.0008,-114.0000
26.3720,-113.9993,-114.0000
26.3760,-114.0007,-114.0000
26.3800,-113.9991,-114.0000
26.3840,-114.0008,-114.0000
26.3880,-113.9993,-114.0000
26.3920,-114.0006,-114.0000
26.3960,-113.9995,-114.0000
26.4000,-114.0007,-114.0000
26.4040,-113.9993,-114.0000
26.4080,-114.0007,-114.0000
26.4120,-113.9991,-114.0000
26.4160,-114.0007,-114.0000
26.4200,-113.9992,-114.0000
26.4240,-114.0008,-114.0000
26.4280,-113.9993,-114.0000
26.4320,-114.0005,-114.0000
26.4360,-113.9994,-114.0000
26.4400,-114.0008,-114.0000
26.4440,-113.9994,-114.0000
26.4480,-114.0007,-114.0000
26.4520,-113.9993,-114.0000
26.4560,-114.0007,-114.0000
26.4600,-113.9992,-114.0000
26.4640,-114.0007,-114.0000
26.4680,-113.9993,-114.0000
26.4720,-114.0007,-114.0000
26.4760,-113.9994,-114.0000
26.4800,-114.0006,-114.0000
26.4840,-113.9995,-114.0000
26.4880,-114.0007,-114.0000
26.4920,-113.9992,-114.0000
26.4960,-114.0005,-114.0000
26.5000,-113.9996,-114.0000
26.5040,-114.0006,-114.0000
26.5080,-113.9992,-114.0000
26.5120,-114.0007,-114.0000
26.5160,-113.9993,-114.0000
26.5200,-114.0006,-114.0000
26.5240,-113.9994,-114.0000
26.5280,-114.0007,-114.0000
26.5320,-113.9992,-114.0000
26.5360,-114.0007,-114.0000
26.5400,-113.9992,-114.0000
26.5440,-114.0008,-114.0000
26.5480,-113.9993,-114.0000
26.5520,-114.0006,-114.0000
26.5560,-113.9993,-114.0000
26.5600,-114.0007,-114.0000
26.5640,-113.9993,-114.0000
26.5680,-114.0005,-114.0000
26.5720,-113.9993,-114.0000
26.5760,-114.0008,-114.0000
26.5800,-113.9994,-114.0000
26.5840,-114.0007,-114.0000
26.5880,-113.9993,-114.0000
26.5920,-114.0007,-114.0000
26.5960,-113.9995,-114.0000
26.6000,-114.0006,-114.0000
26.6040,-113.9993,-114.0000
26.6080,-114.0007,-114.0000
26.6120,-113.9993,-114.0000
26.6160,-114.0005,-114.0000
26.6200,-113.9993,-114.0000
26.6240,-114.0007,-114.0000
26.6280,-113.9991,-114.0000
26.6320,-114.0007,-114.0000
26.6360,-113.9995,-114.0000
26.6400,-114.0006,-114.0000
26.6440,-113.9992,-114.0000
26.6480,-114.0007,-114.0000
26.6520,-113.9996,-114.0000
26.6560,-114.0005,-114.0000
26.6600,-113.9991,-114.0000
26.6640,-114.0007,-114.0000
26.6680,-113.9992,-114.0000
26.6720,-114.0008,-114.0000
26.6760,-113.9994,-114.0000
26.6800,-114.0007,-114.0000
26.6840,-113.9993,-114.0000
26.6880,-114.0005,-114.0000
26.6920,-113.9995,-114.0000
26.6960,-114.0006,-114.0000
26.7000,-113.9993,-114.0000
26.7040,-114.0006,-114.0000
26.7080,-113.9999,-114.0000
26.7120,-113.9999,-114.0000
26.7160,-113.9994,-114.0000
26.7200,-114.0007,-114.0000
26.7240,-113.9994,-114.0000
26.7280,-114.0006,-114.0000
26.7320,-113.9991,-114.0000
26.7360,-114.0008,-114.0000
26.7400,-113.9992,-114.0000
26.7440,-114.0008,-114.0000
26.7480,-113.9992,-114.0000
26.7520,-114.0007,-114.0000
26.7560,-113.9993,-114.0000
26.7600,-114.0007,-114.0000
26.7640,-113.9994,-114.0000
26.7680,-114.0007,-114.0000
26.7720,-113.9993,-114.0000
26.7760,-114.0007,-114.0000
26.7800,-113.9993,-114.0000
26.7840,-114.0006,-114.0000
26.7880,-113.9994,-114.0000
26.7920,-114.0007,-114.0000
26.7960,-113.9994,-114.0000
26.8000,-114.0007,-114.0000
26.8040,-113.9993,-114.0000
26.8080,-114.0007,-114.0000
26.8120,-113.9991,-114.0000
26.8160,-114.0008,-114.0000
26.8200,-113.9993,-114.0000
26.8240,-114.0007,-114.0000
26.8280,-113.9992,-114.0000
26.8320,-114.0008,-114.0000
26.8360,-113.9993,-114.0000
26.8400,-114.0005,-114.0000
26.8440,-113.9992,-114.0000
26.8480,-114.0006,-114.0000
26.8520,-113.9993,-114.0000
26.8560,-114.0006,-114.0000
26.8600,-113.9993,-114.0000
26.8640,-114.0008,-114.0000
26.8680,-113.9993,-114.0000
26.8720,-114.0006,-114.0000
26.8760,-113.9993,-114.0000
26.8800,-114.0008,-114.0000
26.8840,-113.9994,-114.0000
26.8880,-114.0006,-114.0000
26.8920,-113.9993,-114.0000
26.8960,-114.0006,-114.0000
26.9000,-113.9994,-114.0000
26.9040,-114.0007,-114.0000
26.9080,-113.9993,-114.0000
26.9120,-114.0007,-114.0000
26.9160,-113.9993,-114.0000
26.9200,-114.0007,-114.0000
26.9240,-113.9992,-114.0000
26.9280,-114.0006,-114.0000
26.9320,-113.9994,-114.0000
26.9360,-114.0007,-114.0000
26.9400,-113.9994,-114.0000
26.9440,-114.0006,-114.0000
26.9480,-113.9992,-114.0000
26.9520,-114.0008,-114.0000
26.9560,-113.9992,-114.0000
26.9600,-114.0008,-114.0000
26.9640,-113.9993,-114.0000
26.9680,-114.0004,-114.0000
26.9720,-113.9996,-114.0000
26.9760,-114.0006,-114.0000
26.9800,-113.9994,-114.0000
26.9840,-114.0007,-114.0000
26.9880,-113.9993,-114.0000
26.9920,-114.0007,-114.0000
26.9960,-113.9993,-114.0000
27.0000,-114.0005,-114.0000
27.0040,-113.9994,-114.0000
27.0080,-114.0005,-114.0000
27.0120,-113.9994,-114.0000
27.0160,-114.0007,-114.0000
27.0200,-113.9992,-114.0000
27.0240,-114.0008,-114.0000
27.0280,-113.9993,-114.0000
27.0320,-114.0007,-114.0000
27.0360,-113.9993,-114.0000
27.0400,-114.0007,-114.0000
27.0440,-113.9992,-114.0000
27.0480,-114.0006,-114.0000
27.0520,-113.9993,-114.0000
27.0560,-114.0007,-114.0000
27.0600,-113.9994,-114.0000
27.0640,-114.0007,-114.0000
27.0680,-113.9993,-114.0000
27.0720,-114.0005,-114.0000
27.0760,-113.9993,-114.0000
27.0800,-114.0008,-114.0000
27.0840,-113.9993,-114.0000
27.0880,-114.0007,-114.0000
27.0920,-113.9992,-114.0000
27.0960,-114.0005,-114.0000
27.1000,-113.9993,-114.0000
27.1040,-114.0008,-114.0000
27.1080,-113.9994,-114.0000
27.1120,-114.0007,-114.0000
27.1160,-113.9994,-114.0000
27.1200,-114.0006,-114.0000
27.1240,-113.9992,-114.0000
27.1280,-114.0007,-114.0000
27.1320,-113.9993,-114.0000
27.1360,-114.0006,-114.0000
27.1400,-113.9993,-114.0000
27.1440,-114.0005,-114.0000
27.1480,-113.9995,-114.0000
27.1520,-114.0005,-114.0000
27.1560,-113.9994,-114.0000
27.1600,-114.0007,-114.0000
27.1640,-113.9993,-114.0000
27.1680,-114.0006,-114.0000
27.1720,-113.9993,-114.0000
27.1760,-114.0007,-114.0000
27.1800,-113.9993,-114.0000
27.1840,-114.0008,-114.0000
27.1880,-113.9994,-114.0000
27.1920,-114.0006,-114.0000
27.1960,-113.9994,-114.0000
27.2000,-114.0006,-114.0000
27.2040,-113.9995,-114.0000
27.2080,-114.0006,-114.0000
27.2120,-113.9993,-114.0000
27.2160,-114.0005,-114.0000
27.2200,-113.9993,-114.0000
27.2240,-114.0006,-114.0000
27.2280,-113.9993,-114.0000
27.2320,-114.0008,-114.0000
27.2360,-113.9994,-114.0000
27.2400,-114.0005,-114.0000
27.2440,-113.9993,-114.0000
27.2480,-114.0008,-114.0000
27.2520,-113.9993,-114.0000
27.2560,-114.0008,-114.0000
27.2600,-113.9993,-114.0000
27.2640,-114.0007,-114.0000
27.2680,-113.9994,-114.0000
27.2720,-114.0006,-114.0000
27.2760,-113.9994,-114.0000
27.2800,-114.0006,-114.0000
27.2840,-113.9994,-114.0000
27.2880,-114.0006,-114.0000
27.2920,-113.9993,-114.0000
27.2960,-114.0007,-114.0000
27.3000,-113.9996,-114.0000
27.3040,-114.0006,-114.0000
27.3080,-113.9994,-114.0000
27.3120,-114.0006,-114.0000
27.3160,-113.9994,-114.0000
27.3200,-114.0006,-114.0000
27.3240,-113.9993,-114.0000
27.3280,-114.0006,-114.0000
27.3320,-113.9993,-114.0000
27.3360,-114.0006,-114.0000
27.3400,-113.9993,-114.0000
27.3440,-114.0006,-114.0000
27.3480,-113.9994,-114.0000
27.3520,-114.0006,-114.0000
27.3560,-113.9993,-114.0000
27.3600,-114.0007,-114.0000
27.3640,-113.9995,-114.0000
27.3680,-114.0006,-114.0000
27.3720,-113.9993,-114.0000
27.3760,-114.0006,-114.0000
27.3800,-113.9994,-114.0000
27.3840,-114.0006,-114.0000
27.3880,-113.9993,-114.0000
27.3920,-114.0005,-114.0000
27.3960,-113.9994,-114.0000
27.4000,-114.0007,-114.0000
27.4040,-113.9992,-114.0000
27.4080,-114.0008,-114.0000
27.4120,-113.9992,-114.0000
27.4160,-114.0006,-114.0000
27.4200,-113.9993,-114.0000
27.4240,-114.0008,-114.0000
27.4280,-113.9994,-114.0000
27.4320,-114.0007,-114.0000
27.4360,-113.9992,-114.0000
27.4400,-114.0006,-114.0000
27.4440,-113.9993,-114.0000
27.4480,-114.0006,-114.0000
27.4520,-113.9994,-114.0000
27.4560,-114.0006,-114.0000
27.4600,-113.9994,-114.0000
27.4640,-114.0007,-114.0000
27.4680,-113.9994,-114.0000
27.4720,-114.0007,-114.0000
27.4760,-113.9994,-114.0000
27.4800,-114.0005,-114.0000
27.4840,-113.9994,-114.0000
27.4880,-114.0006,-114.0000
27.4920,-113.9993,-114.0000
27.4960,-114.0007,-114.0000
27.5000,-113.9996,-114.0000
27.5040,-114.0005,-114.0000
27.5080,-113.9992,-114.0000
27.5120,-114.0006,-114.0000
27.5160,-113.9994,-114.0000
27.5200,-114.0007,-114.0000
27.5240,-113.9992,-114.0000
27.5280,-114.0007,-114.0000
27.5320,-113.9993,-114.0000
27.5360,-114.0007,-114.0000
27.5400,-113.9993,-114.0000
27.5440,-114.0007,-114.0000
27.5480,-113.9992,-114.0000
27.5520,-114.0006,-114.0000
27.5560,-113.9994,-114.0000
27.5600,-114.0008,-114.0000
27.5640,-113.9992,-114.0000
27.5680,-114.0006,-114.0000
27.5720,-113.9993,-114.0000
27.5760,-114.0007,-114.0000
27.5800,-113.9995,-114.0000
27.5840,-114.0005,-114.0000
27.5880,-113.9993,-114.0000
27.5920,-114.0007,-114.0000
27.5960,-113.9994,-114.0000
27.6000,-114.0006,-114.0000
27.6040,-113.9993,-114.0000
27.6080,-114.0007,-114.0000
27.6120,-113.9992,-114.0000
27.6160,-114.0006,-114.0000
27.6200,-113.9993,-114.0000
27.6240,-114.0008,-114.0000
27.6280,-113.9992,-114.0000
27.6320,-114.0006,-114.0000
27.6360,-113.9996,-114.0000
27.6400,-114.0005,-114.0000
27.6440,-113.9995,-114.0000
27.6480,-114.0006,-114.0000
27.6520,-113.9992,-114.0000
27.6560,-114.0006,-114.0000
27.6600,-113.9993,-114.0000
27.6640,-113.9988,-114.0000
27.6680,-113.9992,-114.0000
27.6720,-113.9996,-114.0000
27.6760,-114.0000,-114.0000
27.6800,-114.0004,-114.0000
27.6840,-114.0008,-114.0000
27.6880,-114.0012,-114.0000
27.6920,-114.0011,-114.0000
27.6960,-114.0004,-114.0000
27.7000,-113.9994,-114.0000
27.7040,-114.0007,-114.0000
27.7080,-113.9993,-114.0000
27.7120,-114.0007,-114.0000
27.7160,-113.9993,-114.0000
27.7200,-114.0006,-114.0000
27.7240,-113.9994,-114.0000
27.7280,-114.0007,-114.0000
27.7320,-113.9993,-114.0000
27.7360,-114.0007,-114.0000
27.7400,-113.9992,-114.0000
27.7440,-114.0008,-114.0000
27.7480,-113.9994,-114.0000
27.7520,-114.0007,-114.0000
27.7560,-113.9993,-114.0000
27.7600,-114.0007,-114.0000
27.7640,-113.9993,-114.0000
27.7680,-114.0007,-114.0000
27.7720,-113.9993,-114.0000
27.7760,-114.0006,-114.0000
27.7800,-113.9996,-114.0000
27.7840,-114.0006,-114.0000
27.7880,-113.9993,-114.0000
27.7920,-114.0005,-114.0000
27.7960,-113.9993,-114.0000
27.8000,-114.0006,-114.0000
27.8040,-113.9995,-114.0000
27.8080,-114.0006,-114.0000
27.8120,-113.9993,-114.0000
27.8160,-114.0007,-114.0000
27.8200,-113.9992,-114.0000
27.8240,-114.0007,-114.0000
27.8280,-113.9993,-114.0000
27.8320,-114.0006,-114.0000
27.8360,-113.9995,-114.0000
27.8400,-114.0006,-114.0000
27.8440,-113.9992,-114.0000
27.8480,-114.0008,-114.0000
27.8520,-113.9994,-114.0000
27.8560,-114.0006,-114.0000
27.8600,-113.9992,-114.0000
27.8640,-114.0006,-114.0000
27.8680,-113.9993,-114.0000
27.8720,-114.0006,-114.0000
27.8760,-113.9994,-114.0000
27.8800,-114.0008,-114.0000
27.8840,-113.9994,-114.0000
27.8880,-114.0006,-114.0000
27.8920,-113.9993,-114.0000
27.8960,-114.0006,-114.0000
27.9000,-113.9992,-114.0000
27.9040,-114.0006,-114.0000
27.9080,-113.9993,-114.0000
27.9120,-114.0007,-114.0000
27.9160,-113.9993,-114.0000
27.9200,-114.0008,-114.0000
27.9240,-113.9995,-114.0000
27.9280,-114.0006,-114.0000
27.9320,-113.9993,-114.0000
27.9360,-114.0006,-114.0000
27.9400,-113.9993,-114.0000
27.9440,-114.0007,-114.0000
27.9480,-113.9991,-114.0000
27.9520,-114.0008,-114.0000
27.9560,-113.9994,-114.0000
27.9600,-114.0007,-114.0000
27.9640,-113.9993,-114.0000
27.9680,-114.0005,-114.0000
27.9720,-113.9994,-114.0000
27.9760,-114.0007,-114.0000
27.9800,-113.9992,-114.0000
27.9840,-114.0007,-114.0000
27.9880,-113.9996,-114.0000
27.9920,-114.0005,-114.0000
27.9960,-113.9995,-114.0000
28.0000,-114.0004,-114.0000
28.0040,-113.9993,-114.0000
28.0080,-114.0006,-114.0000
28.0120,-113.9992,-114.0000
28.0160,-114.0007,-114.0000
28.0200,-113.9994,-114.0000
28.0240,-114.0006,-114.0000
28.0280,-113.9992,-114.0000
28.0320,-114.0007,-114.0000
28.0360,-113.9996,-114.0000
28.0400,-114.0005,-114.0000
28.0440,-113.9992,-114.0000
28.0480,-114.0006,-114.0000
28.0520,-113.9993,-114.0000
28.0560,-114.0006,-114.0000
28.0600,-113.9995,-114.0000
28.0640,-114.0007,-114.0000
28.0680,-113.9992,-114.0000
28.0720,-114.0008,-114.0000
28.0760,-113.9992,-114.0000
28.0800,-114.0006,-114.0000
28.0840,-113.9993,-114.0000
28.0880,-114.0008,-114.0000
28.0920,-113.9993,-114.0000
28.0960,-114.0006,-114.0000
28.1000,-113.9992,-114.0000
28.1040,-114.0007,-114.0000
28.1080,-113.9993,-114.0000
28.1120,-114.0008,-114.0000
28.1160,-113.9994,-114.0000
28.1200,-114.0007,-114.0000
28.1240,-113.9992,-114.0000
28.1280,-114.0008,-114.0000
28.1320,-113.9994,-114.0000
28.1360,-114.0007,-114.0000
28.1400,-113.9993,-114.0000
28.1440,-114.0006,-114.0000
28.1480,-113.9993,-114.0000
28.1520,-114.0006,-114.0000
28.1560,-113.9992,-114.0000
28.1600,-114.0008,-114.0000
28.1640,-113.9992,-114.0000
28.1680,-114.0006,-114.0000
28.1720,-113.9994,-114.0000
28.1760,-114.0006,-114.0000
28.1800,-113.9992,-114.0000
28.1840,-114.0008,-114.0000
28.1880,-113.9993,-114.0000
28.1920,-114.0007,-114.0000
28.1960,-113.9994,-114.0000
28.2000,-114.0007,-114.0000
28.2040,-113.9993,-114.0000
28.2080,-114.0007,-114.0000
28.2120,-113.9993,-114.0000
28.2160,-114.0005,-114.0000
28.2200,-113.9993,-114.0000
28.2240,-114.0008,-114.0000
28.2280,-113.9993,-114.0000
28.2320,-114.0007,-114.0000
28.2360,-113.9992,-114.0000
28.2400,-114.0006,-114.0000
28.2440,-113.9993,-114.0000
28.2480,-114.0007,-114.0000
28.2520,-113.9994,-114.0000
28.2560,-114.0004,-114.0000
28.2600,-113.9995,-114.0000
28.2640,-114.0007,-114.0000
28.2680,-113.9993,-114.0000
28.2720,-114.0007,-114.0000
28.2760,-113.9994,-114.0000
28.2800,-114.0007,-114.0000
28.2840,-113.9992,-114.0000
28.2880,-114.0008,-114.0000
28.2920,-113.9992,-114.0000
28.2960,-114.0007,-114.0000
28.3000,-113.9992,-114.0000
28.3040,-114.0007,-114.0000
28.3080,-113.9994,-114.0000
28.3120,-114.0007,-114.0000
28.3160,-113.9992,-114.0000
28.3200,-114.0008,-114.0000
28.3240,-113.9992,-114.0000
28.3280,-114.0006,-114.0000
28.3320,-113.9992,-114.0000
28.3360,-114.0006,-114.0000
28.3400,-113.9996,-114.0000
28.3440,-114.0007,-114.0000
28.3480,-113.9994,-114.0000
28.3520,-114.0006,-114.0000
28.3560,-113.9994,-114.0000
28.3600,-114.0005,-114.0000
28.3640,-113.9993,-114.0000
28.3680,-114.0007,-114.0000
28.3720,-113.9993,-114.0000
28.3760,-114.0006,-114.0000
28.3800,-113.9993,-114.0000
28.3840,-114.0007,-114.0000
28.3880,-113.9993,-114.0000
28.3920,-114.0005,-114.0000
28.3960,-113.9993,-114.0000
28.4000,-114.0006,-114.0000
28.4040,-113.9993,-114.0000
28.4080,-114.0008,-114.0000
28.4120,-113.9993,-114.0000
28.4160,-114.0007,-114.0000
28.4200,-113.9994,-114.0000
28.4240,-114.0005,-114.0000
28.4280,-113.9992,-114.0000
28.4320,-114.0007,-114.0000
28.4360,-113.9995,-114.0000
28.4400,-114.0007,-114.0000
28.4440,-113.9993,-114.0000
28.4480,-114.0006,-114.0000
28.4520,-113.9992,-114.0000
28.4560,-114.0006,-114.0000
28.4600,-113.9993,-114.0000
28.4640,-114.0007,-114.0000
28.4680,-113.9993,-114.0000
28.4720,-114.0008,-114.0000
28.4760,-113.9993,-114.0000
28.4800,-114.0006,-114.0000
28.4840,-113.9993,-114.0000
28.4880,-114.0008,-114.0000
28.4920,-113.9993,-114.0000
28.4960,-114.0005,-114.0000
28.5000,-113.9993,-114.0000
28.5040,-114.0008,-114.0000
28.5080,-113.9993,-114.0000
28.5120,-114.0008,-114.0000
28.5160,-113.9993,-114.0000
28.5200,-114.0006,-114.0000
28.5240,-113.9993,-114.0000
28.5280,-114.0008,-114.0000
28.5320,-113.9993,-114.0000
28.5360,-114.0007,-114.0000
28.5400,-113.9994,-114.0000
28.5440,-114.0005,-114.0000
28.5480,-113.9993,-114.0000
28.5520,-114.0007,-114.0000
28.5560,-113.9995,-114.0000
28.5600,-114.0006,-114.0000
28.5640,-113.9994,-114.0000
28.5680,-114.0004,-114.0000
28.5720,-113.9996,-114.0000
28.5760,-114.0005,-114.0000
28.5800,-113.9993,-114.0000
28.5840,-114.0006,-114.0000
28.5880,-113.9995,-114.0000
28.5920,-114.0005,-114.0000
28.5960,-113.9994,-114.0000
28.6000,-114.0005,-114.0000
28.6040,-113.9994,-114.0000
28.6080,-114.0007,-114.0000
28.6120,-113.9994,-114.0000
28.6160,-114.0007,-114.0000
28.6200,-113.9995,-114.0000
28.6240,-114.0006,-114.0000
28.6280,-113.9994,-114.0000
28.6320,-114.0006,-114.0000
28.6360,-113.9993,-114.0000
28.6400,-114.0005,-114.0000
28.6440,-113.9994,-114.0000
28.6480,-114.0007,-114.0000
28.6520,-113.9995,-114.0000
28.6560,-114.0005,-114.0000
28.6600,-113.9994,-114.0000
28.6640,-114.0005,-114.0000
28.6680,-113.9994,-114.0000
28.6720,-114.0005,-114.0000
28.6760,-113.9995,-114.0000
28.6800,-114.0007,-114.0000
28.6840,-113.9996,-114.0000
28.6880,-114.0004,-114.0000
28.6920,-113.9995,-114.0000
28.6960,-114.0005,-114.0000
28.7000,-113.9994,-114.0000
28.7040,-114.0005,-114.0000
28.7080,-113.9995,-114.0000
28.7120,-114.0006,-114.0000
28.7160,-113.9994,-114.0000
28.7200,-114.0006,-114.0000
28.7240,-113.9994,-114.0000
28.7280,-114.0005,-114.0000
28.7320,-113.9994,-114.0000
28.7360,-114.0005,-114.0000
28.7400,-113.9995,-114.0000
28.7440,-114.0005,-114.0000
28.7480,-113.9994,-114.0000
28.7520,-114.0006,-114.0000
28.7560,-113.9995,-114.0000
28.7600,-114.0006,-114.0000
28.7640,-113.9996,-114.0000
28.7680,-114.0005,-114.0000
28.7720,-113.9995,-114.0000
28.7760,-114.0004,-114.0000
28.7800,-113.9994,-114.0000
28.7840,-114.0004,-114.0000
28.7880,-113.9996,-114.0000
28.7920,-114.0004,-114.0000
28.7960,-113.9996,-114.0000
28.8000,-114.0004,-114.0000
28.8040,-113.9997,-114.0000
28.8080,-114.0005,-114.0000
28.8120,-113.9994,-114.0000
28.8160,-114.0004,-114.0000
28.8200,-113.9995,-114.0000
28.8240,-114.0004,-114.0000
28.8280,-113.9995,-114.0000
28.8320,-114.0006,-114.0000
28.8360,-113.9996,-114.0000
28.8400,-114.0005,-114.0000
28.8440,-113.9995,-114.0000
28.8480,-114.0005,-114.0000
28.8520,-113.9996,-114.0000
28.8560,-114.0004,-114.0000
28.8600,-113.9995,-114.0000
28.8640,-114.0005,-114.0000
28.8680,-113.9996,-114.0000
28.8720,-114.0005,-114.0000
28.8760,-113.9995,-114.0000
28.8800,-114.0004,-114.0000
28.8840,-113.9996,-114.0000
28.8880,-114.0004,-114.0000
28.8920,-113.9995,-114.0000
28.8960,-114.0005,-114.0000
28.9000,-113.9996,-114.0000
28.9040,-114.0004,-114.0000
28.9080,-113.9996,-114.0000
28.9120,-114.0005,-114.0000
28.9160,-113.9995,-114.0000
28.9200,-114.0005,-114.0000
28.9240,-113.9995,-114.0000
28.9280,-114.0005,-114.0000
28.9320,-113.9996,-114.0000
28.9360,-114.0004,-114.0000
28.9400,-113.9994,-114.0000
28.9440,-114.0005,-114.0000
28.9480,-113.9996,-114.0000
28.9520,-114.0005,-114.0000
28.9560,-113.9995,-114.0000
28.9600,-114.0003,-114.0000
28.9640,-113.9996,-114.0000
28.9680,-114.0005,-114.0000
28.9720,-113.9996,-114.0000
28.9760,-114.0004,-114.0000
28.9800,-113.9996,-114.0000
28.9840,-114.0003,-114.0000
28.9880,-113.9996,-114.0000
28.9920,-114.0005,-114.0000
28.9960,-113.9997,-114.0000
29.0000,-114.0004,-114.0000
29.0040,-113.9994,-114.0000
29.0080,-114.0004,-114.0000
29.0120,-113.9996,-114.0000
29.0160,-114.0004,-114.0000
29.0200,-113.9995,-114.0000
29.0240,-114.0005,-114.0000
29.0280,-113.9996,-114.0000
29.0320,-114.0005,-114.0000
29.0360,-113.9995,-114.0000
29.0400,-114.0004,-114.0000
29.0440,-113.9997,-114.0000
29.0480,-114.0005,-114.0000
29.0520,-113.9997,-114.0000
29.0560,-114.0003,-114.0000
29.0600,-113.9996,-114.0000
29.0640,-114.0004,-114.0000
29.0680,-113.9997,-114.0000
29.0720,-114.0004,-114.0000
29.0760,-113.9996,-114.0000
29.0800,-114.0003,-114.0000
29.0840,-113.9995,-114.0000
29.0880,-114.0002,-114.0000
29.0920,-113.9998,-114.0000
29.0960,-114.0004,-114.0000
29.1000,-113.9997,-114.0000
29.1040,-114.0002,-114.0000
29.1080,-113.9995,-114.0000
29.1120,-114.0003,-114.0000
29.1160,-113.9998,-114.0000
29.1200,-114.0004,-114.0000
29.1240,-113.9995,-114.0000
29.1280,-114.0004,-114.0000
29.1320,-113.9997,-114.0000
29.1360,-114.0004,-114.0000
29.1400,-113.9997,-114.0000
29.1440,-114.0004,-114.0000
29.1480,-113.9997,-114.0000
29.1520,-114.0002,-114.0000
29.1560,-113.9997,-114.0000
29.1600,-114.0002,-114.0000
29.1640,-113.9996,-114.0000
29.1680,-114.0004,-114.0000
29.1720,-113.9996,-114.0000
29.1760,-114.0004,-114.0000
29.1800,-113.9996,-114.0000
29.1840,-114.0005,-114.0000
29.1880,-113.9996,-114.0000
29.1920,-114.0003,-114.0000
29.1960,-113.9998,-114.0000
29.2000,-114.0003,-114.0000
29.2040,-113.9996,-114.0000
29.2080,-114.0004,-114.0000
29.2120,-113.9999,-114.0000
29.2160,-114.0002,-114.0000
29.2200,-113.9995,-114.0000
29.2240,-114.0004,-114.0000
29.2280,-113.9995,-114.0000
29.2320,-114.0005,-114.0000
29.2360,-113.9998,-114.0000
29.2400,-114.0003,-114.0000
29.2440,-113.9995,-114.0000
29.2480,-114.0003,-114.0000
29.2520,-113.9998,-114.0000
29.2560,-114.0004,-114.0000
29.2600,-113.9995,-114.0000
29.2640,-114.0003,-114.0000
29.2680,-113.9996,-114.0000
29.2720,-114.0004,-114.0000
29.2760,-113.9997,-114.0000
29.2800,-114.0004,-114.0000
29.2840,-113.9996,-114.0000
29.2880,-114.0004,-114.0000
29.2920,-113.9996,-114.0000
29.2960,-114.0003,-114.0000
29.3000,-113.9997,-114.0000
29.3040,-114.0003,-114.0000
29.3080,-113.9996,-114.0000
29.3120,-114.0003,-114.0000
29.3160,-113.9997,-114.0000
29.3200,-114.0004,-114.0000
29.3240,-113.9996,-114.0000
29.3280,-114.0004,-114.0000
29.3320,-113.9996,-114.0000
29.3360,-114.0004,-114.0000
29.3400,-113.9996,-114.0000
29.3440,-114.0004,-114.0000
29.3480,-113.9996,-114.0000
29.3520,-114.0003,-114.0000
29.3560,-113.9997,-114.0000
29.3600,-114.0003,-114.0000
29.3640,-113.9996,-114.0000
29.3680,-114.0003,-114.0000
29.3720,-113.9997,-114.0000
29.3760,-114.0003,-114.0000
29.3800,-113.9997,-114.0000
29.3840,-114.0004,-114.0000
29.3880,-113.9996,-114.0000
29.3920,-114.0003,-114.0000
29.3960,-113.9998,-114.0000
29.4000,-114.0004,-114.0000
29.4040,-113.9996,-114.0000
29.4080,-114.0004,-114.0000
29.4120,-113.9997,-114.0000
29.4160,-114.0004,-114.0000
29.4200,-113.9996,-114.0000
29.4240,-114.0004,-114.0000
29.4280,-113.9996,-114.0000
29.4320,-114.0003,-114.0000
29.4360,-113.9996,-114.0000
29.4400,-114.0004,-114.0000
29.4440,-113.9996,-114.0000
29.4480,-114.0004,-114.0000
29.4520,-113.9996,-114.0000
29.4560,-114.0002,-114.0000
29.4600,-113.9997,-114.0000
29.4640,-114.0004,-114.0000
29.4680,-113.9996,-114.0000
29.4720,-114.0004,-114.0000
29.4760,-113.9998,-114.0000
29.4800,-114.0004,-114.0000
29.4840,-113.9997,-114.0000
29.4880,-114.0004,-114.0000
29.4920,-113.9997,-114.0000
29.4960,-114.0003,-114.0000
29.5000,-113.9997,-114.0000
29.5040,-114.0003,-114.0000
29.5080,-113.9998,-114.0000
29.5120,-114.0003,-114.0000
29.5160,-113.9997,-114.0000
29.5200,-114.0003,-114.0000
29.5240,-113.9996,-114.0000
29.5280,-114.0004,-114.0000
29.5320,-113.9996,-114.0000
29.5360,-114.0002,-114.0000
29.5400,-113.9998,-114.0000
29.5440,-114.0004,-114.0000
29.5480,-113.9995,-114.0000
29.5520,-114.0003,-114.0000
29.5560,-113.9997,-114.0000
29.5600,-114.0004,-114.0000
29.5640,-113.9996,-114.0000
29.5680,-114.0004,-114.0000
29.5720,-113.9996,-114.0000
29.5760,-114.0004,-114.0000
29.5800,-113.9999,-114.0000
29.5840,-114.0003,-114.0000
29.5880,-113.9996,-114.0000
29.5920,-114.0003,-114.0000
29.5960,-113.9997,-114.0000
29.6000,-114.0003,-114.0000
29.6040,-113.9998,-114.0000
29.6080,-114.0003,-114.0000
29.6120,-113.9996,-114.0000
29.6160,-114.0003,-114.0000
29.6200,-113.9996,-114.0000
29.6240,-114.0004,-114.0000
29.6280,-113.9996,-114.0000
29.6320,-114.0003,-114.0000
29.6360,-113.9998,-114.0000
29.6400,-114.0002,-114.0000
29.6440,-113.9996,-114.0000
29.6480,-114.0004,-114.0000
29.6520,-113.9996,-114.0000
29.6560,-114.0004,-114.0000
29.6600,-113.9997,-114.0000
29.6640,-114.0003,-114.0000
29.6680,-113.9997,-114.0000
29.6720,-114.0003,-114.0000
29.6760,-113.9996,-114.0000
29.6800,-114.0002,-114.0000
29.6840,-113.9998,-114.0000
29.6880,-114.0003,-114.0000
29.6920,-113.9997,-114.0000
29.6960,-114.0001,-114.0000
29.7000,-113.9998,-114.0000
29.7040,-114.0004,-114.0000
29.7080,-113.9996,-114.0000
29.7120,-114.0003,-114.0000
29.7160,-113.9997,-114.0000
29.7200,-114.0003,-114.0000
29.7240,-113.9997,-114.0000
29.7280,-114.0003,-114.0000
29.7320,-113.9997,-114.0000
29.7360,-114.0003,-114.0000
29.7400,-113.9998,-114.0000
29.7440,-114.0003,-114.0000
29.7480,-113.9997,-114.0000
29.7520,-114.0003,-114.0000
29.7560,-113.9997,-114.0000
29.7600,-114.0002,-114.0000
29.7640,-113.9997,-114.0000
29.7680,-114.0003,-114.0000
29.7720,-113.9996,-114.0000
29.7760,-114.0002,-114.0000
29.7800,-113.9997,-114.0000
29.7840,-114.0003,-114.0000
29.7880,-113.9997,-114.0000
29.7920,-114.0002,-114.0000
29.7960,-113.9998,-114.0000
29.8000,-114.0003,-114.0000
29.8040,-113.9998,-114.0000
29.8080,-114.0003,-114.0000
29.8120,-113.9997,-114.0000
29.8160,-114.0003,-114.0000
29.8200,-113.9996,-114.0000
29.8240,-114.0002,-114.0000
29.8280,-113.9997,-114.0000
29.8320,-114.0004,-114.0000
29.8360,-113.9997,-114.0000
29.8400,-114.0002,-114.0000
29.8440,-113.9997,-114.0000
29.8480,-114.0004,-114.0000
29.8520,-113.9999,-114.0000
29.8560,-114.0002,-114.0000
29.8600,-113.9998,-114.0000
29.8640,-114.0002,-114.0000
29.8680,-113.9997,-114.0000
29.8720,-114.0002,-114.0000
29.8760,-113.9998,-114.0000
29.8800,-114.0002,-114.0000
29.8840,-113.9997,-114.0000
29.8880,-114.0002,-114.0000
29.8920,-113.9998,-114.0000
29.8960,-114.0003,-114.0000
29.9000,-113.9998,-114.0000
29.9040,-114.0003,-114.0000
29.9080,-113.9997,-114.0000
29.9120,-114.0002,-114.0000
29.9160,-113.9998,-114.0000
29.9200,-114.0003,-114.0000
29.9240,-113.9997,-114.0000
29.9280,-114.0003,-114.0000
29.9320,-113.9999,-114.0000
29.9360,-114.0001,-114.0000
29.9400,-113.9997,-114.0000
29.9440,-114.0002,-114.0000
29.9480,-113.9998,-114.0000
29.9520,-114.0003,-114.0000
29.9560,-113.9997,-114.0000
29.9600,-114.0002,-114.0000
29.9640,-113.9998,-114.0000
29.9680,-114.0003,-114.0000
29.9720,-113.9999,-114.0000
29.9760,-114.0001,-114.0000
29.9800,-113.9997,-114.0000
29.9840,-114.0002,-114.0000
29.9880,-113.9997,-114.0000
29.9920,-114.0002,-114.0000
