t_mono_s,source,Thumb_rad,Index_rad,Middle_rad,Ring_rad,Little_rad,Rotate_rad
2850.053689,sim,0.080001,0.120001,0.213043,0.205912,0.189971,0.000008
2850.054174,sim,0.079999,0.119999,0.213041,0.205911,0.189969,-0.000005
2850.054479,sim,0.080001,0.120001,0.213043,0.205912,0.189971,0.000009
2850.054674,sim,0.079999,0.119999,0.213041,0.205911,0.189969,-0.000005
2850.055057,sim,0.080001,0.120001,0.184637,0.178457,0.164641,0.000008
2850.055314,sim,0.079999,0.119999,0.184636,0.178456,0.164640,-0.000005
2850.055530,sim,0.080001,0.120001,0.184637,0.178457,0.164641,0.000009
2850.055697,sim,0.080000,0.120000,0.184636,0.178456,0.164640,-0.000005
2850.055857,sim,0.080001,0.120001,0.184637,0.178457,0.164641,0.000009
2850.056059,sim,0.079999,0.119999,0.160017,0.154662,0.142688,-0.000005
2850.056215,sim,0.080001,0.120001,0.160019,0.154663,0.142689,0.000008
2850.056360,sim,0.080000,0.120000,0.160017,0.154662,0.142688,-0.000005
2850.056783,sim,0.080001,0.120001,0.160019,0.154663,0.142689,0.000008
2850.056955,sim,0.080000,0.120000,0.138682,0.134040,0.123663,-0.000005
2850.057122,sim,0.080001,0.120001,0.138683,0.134041,0.123664,0.000008
2850.057316,sim,0.079999,0.119999,0.138682,0.134040,0.123663,-0.000005
2850.057610,sim,0.080001,0.120001,0.138683,0.134042,0.123664,0.000008
2850.057770,sim,0.080000,0.120000,0.138682,0.134040,0.123663,-0.000005
2850.057917,sim,0.080001,0.120001,0.138683,0.134041,0.123664,0.000008
2850.058076,sim,0.080000,0.120000,0.120191,0.120000,0.120000,-0.000005
2850.058233,sim,0.080002,0.120002,0.120193,0.120002,0.120002,0.000019
2850.058384,sim,0.079999,0.119999,0.120190,0.119999,0.119999,-0.000012
2850.058529,sim,0.080002,0.120002,0.120193,0.120002,0.120002,0.000018
2850.058671,sim,0.079999,0.119999,0.120190,0.119999,0.119999,-0.000012
2850.058827,sim,0.080001,0.120002,0.120002,0.120002,0.120002,0.000017
2850.059061,sim,0.079999,0.119999,0.119999,0.119999,0.119999,-0.000011
2850.059302,sim,0.080002,0.120002,0.120002,0.120002,0.120002,0.000021
2850.059533,sim,0.079999,0.119999,0.119999,0.119999,0.119999,-0.000013
2850.059771,sim,0.080002,0.120002,0.120002,0.120002,0.120002,0.000022
2850.059993,sim,0.079999,0.119999,0.119999,0.119999,0.119999,-0.000014
2850.060164,sim,0.080002,0.120002,0.120002,0.120002,0.120002,0.000024
2850.060311,sim,0.079998,0.119998,0.119998,0.119998,0.119998,-0.000015
2850.060458,sim,0.080002,0.120002,0.120002,0.120002,0.120002,0.000022
2850.060611,sim,0.079999,0.119999,0.119999,0.119999,0.119999,-0.000014
2850.060756,sim,0.080002,0.120002,0.120002,0.120002,0.120002,0.000023
2850.060900,sim,0.079998,0.119998,0.119998,0.119998,0.119998,-0.000015
2850.061054,sim,0.080002,0.120002,0.120002,0.120002,0.120002,0.000022
2850.061269,sim,0.079998,0.119998,0.119998,0.119998,0.119998,-0.000014
2850.061697,sim,0.080002,0.120002,0.120002,0.120002,0.120002,0.000021
2850.061933,sim,0.079999,0.119999,0.119999,0.119999,0.119999,-0.000014
2850.062170,sim,0.080002,0.120002,0.120002,0.120002,0.120002,0.000022
2850.062392,sim,0.079999,0.119999,0.119999,0.119999,0.119999,-0.000014
2850.062548,sim,0.080002,0.120002,0.120002,0.120002,0.120002,0.000022
2850.062694,sim,0.079999,0.119999,0.119999,0.119999,0.119999,-0.000014
2850.062844,sim,0.080002,0.120002,0.120002,0.120002,0.120002,0.000021
2850.063070,sim,0.079999,0.119999,0.119999,0.119999,0.119999,-0.000014
2850.063293,sim,0.080002,0.120002,0.120002,0.120002,0.120002,0.000020
2850.063528,sim,0.079999,0.119999,0.119999,0.119999,0.119999,-0.000013
2850.063747,sim,0.080002,0.120002,0.120002,0.120002,0.120002,0.000023
2850.063978,sim,0.079999,0.119999,0.119999,0.119999,0.119999,-0.000014
2850.064180,sim,0.080002,0.120002,0.120002,0.120002,0.120002,0.000022
2850.064329,sim,0.079999,0.119999,0.119999,0.119999,0.119999,-0.000014
2850.064464,sim,0.080002,0.120002,0.120002,0.120002,0.120002,0.000021
2850.064598,sim,0.079999,0.119999,0.119999,0.119999,0.119999,-0.000014
2850.064732,sim,0.080002,0.120002,0.120002,0.120002,0.120002,0.000022
2850.064874,sim,0.079998,0.119998,0.119998,0.119998,0.119998,-0.000014
2850.065017,sim,0.080002,0.120002,0.120002,0.120002,0.120002,0.000021
2850.065154,sim,0.079999,0.119999,0.119999,0.119999,0.119999,-0.000014
2850.065287,sim,0.080002,0.120002,0.120002,0.120002,0.120002,0.000022
2850.065421,sim,0.079999,0.119999,0.119999,0.119999,0.119999,-0.000014
2850.065585,sim,0.080002,0.120002,0.120002,0.120002,0.120002,0.000025
2850.065759,sim,0.079998,0.119998,0.119998,0.119998,0.119998,-0.000016
2850.065905,sim,0.080002,0.120002,0.120002,0.120002,0.120002,0.000022
2850.066058,sim,0.079999,0.119999,0.119999,0.119999,0.119999,-0.000014
2850.066201,sim,0.080002,0.120002,0.120002,0.120002,0.120002,0.000024
2850.066523,sim,0.079999,0.119999,0.119999,0.119999,0.119999,-0.000015
2850.066946,sim,0.080002,0.120002,0.120002,0.120002,0.120002,0.000024
2850.067187,sim,0.079998,0.119998,0.119998,0.119998,0.119998,-0.000016
2850.067403,sim,0.080002,0.120002,0.120002,0.120002,0.120002,0.000025
2850.067625,sim,0.079998,0.119998,0.119998,0.119998,0.119998,-0.000016
2850.067851,sim,0.080002,0.120002,0.120002,0.120002,0.120002,0.000023
2850.068126,sim,0.079998,0.119998,0.119998,0.119998,0.119998,-0.000015
2850.068363,sim,0.080002,0.120002,0.120002,0.120002,0.120002,0.000022
2850.068540,sim,0.079998,0.119998,0.119998,0.119998,0.119998,-0.000014
2850.068690,sim,0.080002,0.120002,0.120002,0.120002,0.120002,0.000023
2850.068829,sim,0.079999,0.119999,0.119999,0.119999,0.119999,-0.000014
2850.068967,sim,0.080002,0.120002,0.120002,0.120002,0.120002,0.000022
2850.069128,sim,0.079999,0.119999,0.119999,0.119999,0.119999,-0.000014
2850.069273,sim,0.080002,0.120002,0.120002,0.120002,0.120002,0.000022
2850.069412,sim,0.079999,0.119999,0.119999,0.119999,0.119999,-0.000014
2850.069545,sim,0.080002,0.120002,0.120002,0.120002,0.120002,0.000021
2850.069681,sim,0.079999,0.119999,0.119999,0.119999,0.119999,-0.000014
2850.069814,sim,0.080002,0.120002,0.120002,0.120002,0.120002,0.000024
2850.069948,sim,0.079998,0.119998,0.119998,0.119998,0.119998,-0.000015
2850.070100,sim,0.080002,0.120002,0.120002,0.120002,0.120002,0.000024
2850.070243,sim,0.079998,0.119998,0.119998,0.119998,0.119998,-0.000015
2850.070377,sim,0.080002,0.120002,0.120002,0.120002,0.120002,0.000022
2850.070509,sim,0.079999,0.119999,0.119999,0.119999,0.119999,-0.000014
2850.070640,sim,0.080002,0.120002,0.120002,0.120002,0.120002,0.000023
2850.070803,sim,0.079999,0.119999,0.119999,0.119999,0.119999,-0.000014
2850.071024,sim,0.080002,0.120002,0.120002,0.120002,0.120002,0.000024
2850.071265,sim,0.079998,0.119998,0.119998,0.119998,0.119998,-0.000015
2850.071496,sim,0.080002,0.120002,0.120002,0.120002,0.120002,0.000023
2850.071912,sim,0.079998,0.119998,0.119998,0.119998,0.119998,-0.000015
2850.072139,sim,0.080002,0.120002,0.120002,0.120002,0.120002,0.000021
2850.072370,sim,0.079999,0.119999,0.119999,0.119999,0.119999,-0.000014
2850.072590,sim,0.080002,0.120002,0.120002,0.120002,0.120002,0.000023
2850.072803,sim,0.079999,0.119999,0.119999,0.119999,0.119999,-0.000015
2850.073037,sim,0.080002,0.120002,0.120002,0.120002,0.120002,0.000024
2850.073193,sim,0.079998,0.119998,0.119998,0.119998,0.119998,-0.000016
2850.073335,sim,0.080002,0.120002,0.120002,0.120002,0.120002,0.000023
2850.073474,sim,0.079998,0.119998,0.119998,0.119998,0.119998,-0.000015
2850.073660,sim,0.080002,0.120002,0.120002,0.120002,0.120002,0.000021
2850.073852,sim,0.079999,0.119999,0.119999,0.119999,0.119999,-0.000014
2850.074055,sim,0.080002,0.120002,0.120002,0.120002,0.120002,0.000021
2850.074910,sim,0.079998,0.119998,0.119998,0.119998,0.119998,-0.000014
2850.078937,sim,0.080002,0.120002,0.120002,0.120002,0.120002,0.000022
2850.083009,sim,0.079999,0.119999,0.119999,0.119999,0.119999,-0.000014
2850.087190,sim,0.080002,0.120002,0.120002,0.120002,0.120002,0.000021
2850.091200,sim,0.079999,0.119999,0.119999,0.119999,0.119999,-0.000014
2850.094922,sim,0.080002,0.120002,0.120002,0.120002,0.120002,0.000022
2850.098953,sim,0.079999,0.119999,0.119999,0.119999,0.119999,-0.000014
2850.102983,sim,0.080002,0.120002,0.120002,0.120002,0.120002,0.000023
2850.107007,sim,0.079999,0.119999,0.119999,0.119999,0.119999,-0.000014
2850.110970,sim,0.080002,0.120002,0.120002,0.120002,0.120002,0.000023
2850.115098,sim,0.079998,0.119998,0.119998,0.119998,0.119998,-0.000015
2850.119065,sim,0.080002,0.120002,0.120002,0.120002,0.120002,0.000023
2850.123006,sim,0.079999,0.119999,0.119999,0.119999,0.119999,-0.000015
2850.127037,sim,0.080002,0.120002,0.120002,0.120002,0.120002,0.000024
2850.131178,sim,0.079999,0.119999,0.119999,0.119999,0.119999,-0.000015
2850.135096,sim,0.080002,0.120002,0.120002,0.120002,0.120002,0.000024
2850.139043,sim,0.079999,0.119999,0.119999,0.119999,0.119999,-0.000015
2850.142906,sim,0.080002,0.120002,0.120002,0.120002,0.120002,0.000025
2850.146976,sim,0.079998,0.119998,0.119998,0.119998,0.119998,-0.000016
2850.151177,sim,0.080002,0.120002,0.120002,0.120002,0.120002,0.000024
2850.155043,sim,0.109275,0.119998,0.119998,0.119998,0.119998,-0.000015
2850.158965,sim,0.109278,0.120002,0.120002,0.120002,0.120002,0.000022
2850.162945,sim,0.109275,0.119999,0.119999,0.119999,0.119999,-0.000014
2850.167030,sim,0.109278,0.120002,0.120002,0.120002,0.120002,0.000022
2850.171442,sim,0.109275,0.119999,0.119999,0.119999,0.119999,-0.000014
2850.175079,sim,0.144641,0.120002,0.120002,0.120002,0.120002,0.000020
2850.179009,sim,0.144638,0.119999,0.119999,0.119999,0.119999,-0.000013
2850.183139,sim,0.144641,0.120002,0.120002,0.120002,0.120002,0.000021
2850.187057,sim,0.144638,0.119999,0.119999,0.119999,0.119999,-0.000014
2850.191177,sim,0.144641,0.120002,0.120002,0.120002,0.120002,0.000020
2850.195162,sim,0.183607,0.119999,0.119999,0.119999,0.119999,-0.000013
2850.199382,sim,0.183610,0.120002,0.120002,0.120002,0.120002,0.000023
2850.203098,sim,0.183607,0.119999,0.119999,0.119999,0.119999,-0.000014
2850.206995,sim,0.183610,0.120001,0.120001,0.120001,0.120001,0.000021
2850.211055,sim,0.183607,0.119999,0.119999,0.119999,0.119999,-0.000013
2850.215105,sim,0.224318,0.120001,0.120001,0.120001,0.120001,0.000018
2850.219066,sim,0.224316,0.119999,0.119999,0.119999,0.119999,-0.000012
2850.222894,sim,0.224319,0.120002,0.120002,0.120002,0.120002,0.000022
2850.226954,sim,0.224316,0.119999,0.119999,0.119999,0.119999,-0.000014
2850.231182,sim,0.224319,0.120002,0.120002,0.120002,0.120002,0.000024
2850.235111,sim,0.260984,0.119999,0.119999,0.119999,0.119999,-0.000015
2850.239018,sim,0.260987,0.120002,0.120002,0.120002,0.120002,0.000024
2850.243015,sim,0.260984,0.119999,0.119999,0.119999,0.119999,-0.000016
2850.247044,sim,0.260986,0.120001,0.120001,0.120001,0.120001,0.000022
2850.251388,sim,0.260984,0.119999,0.119999,0.119999,0.119999,-0.000015
2850.254989,sim,0.292765,0.120002,0.120002,0.120002,0.120002,0.000023
2850.258936,sim,0.292762,0.119999,0.119999,0.119999,0.119999,-0.000015
2850.263037,sim,0.292765,0.120002,0.120002,0.120002,0.120002,0.000023
2850.267072,sim,0.292763,0.119999,0.119999,0.119999,0.119999,-0.000015
2850.271474,sim,0.292765,0.120002,0.120002,0.120002,0.120002,0.000024
2850.274998,sim,0.320304,0.119999,0.119999,0.148678,0.145636,-0.000016
2850.279157,sim,0.320306,0.120001,0.120001,0.148680,0.145638,0.000014
2850.283074,sim,0.320305,0.119999,0.119999,0.148678,0.145637,-0.000009
2850.287017,sim,0.320306,0.120001,0.120001,0.148680,0.145638,0.000013
2850.292000,sim,0.320305,0.119999,0.119999,0.148678,0.145637,-0.000008
2850.295302,sim,0.344175,0.120001,0.120001,0.189884,0.188635,0.000012
2850.299148,sim,0.344174,0.119999,0.119999,0.189883,0.188634,-0.000007
2850.303102,sim,0.344176,0.120001,0.120001,0.189885,0.188635,0.000012
2850.306975,sim,0.344174,0.119999,0.119999,0.189883,0.188634,-0.000008
2850.311406,sim,0.344176,0.120001,0.120001,0.189885,0.188635,0.000013
2850.315049,sim,0.364861,0.119999,0.126356,0.233916,0.234220,-0.000009
2850.319098,sim,0.364862,0.120000,0.126358,0.233917,0.234222,0.000007
2850.323009,sim,0.364861,0.120000,0.126357,0.233916,0.234221,-0.000005
2850.327032,sim,0.364862,0.120001,0.126358,0.233917,0.234222,0.000007
2850.331346,sim,0.364861,0.120000,0.126357,0.233916,0.234221,-0.000005
2850.335015,sim,0.382791,0.120001,0.166378,0.280401,0.283439,0.000007
2850.338995,sim,0.382790,0.120000,0.166377,0.280400,0.283438,-0.000005
2850.343034,sim,0.382791,0.120001,0.166378,0.280401,0.283439,0.000007
2850.347015,sim,0.382790,0.120000,0.166377,0.280400,0.283438,-0.000005
2850.351183,sim,0.382791,0.120001,0.166378,0.280401,0.283439,0.000007
2850.355029,sim,0.398328,0.120000,0.207996,0.330396,0.333028,-0.000005
2850.359106,sim,0.398329,0.120001,0.207997,0.330397,0.333029,0.000007
2850.363017,sim,0.398328,0.120000,0.207996,0.330396,0.333028,-0.000005
2850.366920,sim,0.398329,0.120001,0.207997,0.330397,0.333029,0.000008
2850.371147,sim,0.398328,0.120000,0.207996,0.330396,0.333028,-0.000005
2850.375041,sim,0.411795,0.120001,0.253776,0.380661,0.385717,0.000008
2850.379014,sim,0.411794,0.119999,0.253775,0.380660,0.385716,-0.000005
2850.383023,sim,0.411795,0.120001,0.253776,0.380661,0.385717,0.000008
2850.386963,sim,0.411794,0.120000,0.253775,0.380660,0.385716,-0.000005
2850.391121,sim,0.411795,0.120001,0.253776,0.380661,0.385717,0.000008
2850.395070,sim,0.423465,0.119999,0.300385,0.432544,0.439700,-0.000005
2850.399034,sim,0.423466,0.120001,0.300386,0.432546,0.439701,0.000008
2850.402953,sim,0.423465,0.119999,0.300385,0.432544,0.439700,-0.000005
2850.408167,sim,0.423466,0.120001,0.300386,0.432546,0.439701,0.000008
2850.411471,sim,0.423465,0.119999,0.300385,0.432544,0.439700,-0.000005
2850.415484,sim,0.433581,0.120001,0.350491,0.485834,0.494810,0.000007
2850.419502,sim,0.433580,0.120000,0.350490,0.485833,0.494809,-0.000004
2850.423475,sim,0.433581,0.120001,0.350491,0.485834,0.494810,0.000008
2850.427306,sim,0.433580,0.119999,0.350490,0.485833,0.494809,-0.000005
2850.431508,sim,0.433581,0.120001,0.350491,0.485834,0.494810,0.000008
2850.435379,sim,0.442346,0.119999,0.402236,0.541726,0.550892,-0.000005
2850.439215,sim,0.442347,0.120001,0.402237,0.541727,0.550893,0.000009
2850.443217,sim,0.442346,0.119999,0.402236,0.541726,0.550892,-0.000006
2850.447141,sim,0.442347,0.120001,0.402237,0.541727,0.550893,0.000009
2850.451535,sim,0.442346,0.119999,0.402236,0.541726,0.550892,-0.000006
2850.455565,sim,0.449944,0.120001,0.455406,0.598489,0.609207,0.000009
2850.459257,sim,0.449943,0.119999,0.455405,0.598488,0.609206,-0.000006
2850.463237,sim,0.449944,0.120001,0.455406,0.598489,0.609207,0.000009
2850.467162,sim,0.449943,0.119999,0.455405,0.598488,0.609206,-0.000006
2850.471473,sim,0.449944,0.120001,0.455406,0.598489,0.609207,0.000010
2850.475273,sim,0.449943,0.119999,0.455405,0.598488,0.609206,-0.000006
2850.479144,sim,0.456529,0.120001,0.512582,0.658780,0.670843,0.000010
2850.483200,sim,0.456527,0.119999,0.512580,0.658778,0.670841,-0.000006
2850.487462,sim,0.456529,0.120001,0.512582,0.658780,0.670843,0.000010
2850.491232,sim,0.456527,0.119999,0.512580,0.658778,0.670841,-0.000006
2850.495131,sim,0.456529,0.120001,0.512582,0.658780,0.670843,0.000010
2850.499134,sim,0.462234,0.119999,0.570455,0.720739,0.731193,-0.000006
2850.503184,sim,0.462235,0.120001,0.570456,0.720740,0.731195,0.000010
2850.507154,sim,0.462234,0.119999,0.570455,0.720739,0.731193,-0.000007
2850.511351,sim,0.462235,0.120001,0.570456,0.720740,0.731195,0.000008
2850.515949,sim,0.462234,0.119999,0.570455,0.720739,0.731193,-0.000006
2850.519495,sim,0.467181,0.120001,0.628936,0.781375,0.793209,0.000007
2850.523323,sim,0.467179,0.119999,0.628935,0.781373,0.793208,-0.000005
2850.527378,sim,0.467181,0.120001,0.628936,0.781374,0.793209,0.000006
2850.531568,sim,0.467179,0.120000,0.628935,0.781373,0.793208,-0.000004
2850.535844,sim,0.467181,0.120001,0.628936,0.781374,0.793209,0.000007
2850.539377,sim,0.471466,0.119999,0.687939,0.843632,0.853889,-0.000005
2850.543268,sim,0.471467,0.120001,0.687941,0.843633,0.853890,0.000008
2850.547324,sim,0.471465,0.119999,0.687939,0.843632,0.853888,-0.000006
2850.551389,sim,0.471467,0.120001,0.687941,0.843634,0.853890,0.000009
2850.555272,sim,0.475180,0.119999,0.746012,0.904525,0.913414,-0.000005
2850.559208,sim,0.475182,0.120001,0.746013,0.904526,0.913415,0.000010
2850.563222,sim,0.475180,0.119999,0.746012,0.904525,0.913414,-0.000006
2850.567228,sim,0.475182,0.120001,0.746013,0.904526,0.913415,0.000010
2850.571432,sim,0.475180,0.119999,0.746012,0.904525,0.913414,-0.000007
2850.575207,sim,0.475182,0.120001,0.746013,0.904526,0.913415,0.000008
2850.579194,sim,0.478399,0.119999,0.804663,0.967007,0.973324,-0.000006
2850.583243,sim,0.478401,0.120001,0.804665,0.967009,0.973326,0.000009
2850.587134,sim,0.478400,0.119999,0.804663,0.967008,0.973324,-0.000005
2850.591248,sim,0.478401,0.120001,0.804665,0.967009,0.973326,0.000010
2850.595176,sim,0.478400,0.119999,0.804663,0.967008,0.973324,-0.000006
2850.599337,sim,0.481191,0.120001,0.865205,1.000001,1.000001,0.000011
2850.603257,sim,0.481187,0.119996,0.865201,0.999997,0.999997,-0.000018
2850.607206,sim,0.481190,0.120000,0.865205,1.000000,1.000000,0.000010
2850.611447,sim,0.481185,0.119995,0.865199,0.999995,0.999995,-0.000028
2850.615460,sim,0.481192,0.120001,0.865206,1.000001,1.000001,0.000024
2850.619260,sim,0.483604,0.119996,0.925991,0.999996,0.999996,-0.000028
2850.623432,sim,0.483609,0.120001,0.925995,1.000001,1.000001,0.000025
2850.627163,sim,0.483604,0.119996,0.925991,0.999996,0.999996,-0.000031
2850.631312,sim,0.483609,0.120001,0.925996,1.000001,1.000001,0.000028
2850.635335,sim,0.483605,0.119996,0.925991,0.999996,0.999996,-0.000028
2850.639195,sim,0.485705,0.120001,0.985616,1.000001,1.000001,0.000025
2850.643220,sim,0.485700,0.119996,0.985611,0.999996,0.999996,-0.000029
2850.647215,sim,0.485705,0.120001,0.985616,1.000001,1.000001,0.000026
2850.651317,sim,0.485700,0.119996,0.985611,0.999996,0.999996,-0.000028
2850.655197,sim,0.485705,0.120001,0.985616,1.000001,1.000001,0.000026
2850.659190,sim,0.487516,0.119996,0.999996,0.999996,0.999996,-0.000030
2850.663266,sim,0.487521,0.120001,1.000001,1.000001,1.000001,0.000028
2850.667217,sim,0.487515,0.119995,0.999995,0.999995,0.999995,-0.000042
2850.671359,sim,0.487522,0.120001,1.000002,1.000002,1.000002,0.000039
2850.675354,sim,0.487515,0.119995,0.999995,0.999995,0.999995,-0.000046
2850.679219,sim,0.489096,0.120002,1.000002,1.000002,1.000002,0.000044
2850.683223,sim,0.489090,0.119996,0.999996,0.999996,0.999996,-0.000047
2850.687135,sim,0.489095,0.120001,1.000001,1.000001,1.000001,0.000046
2850.691202,sim,0.489089,0.119995,0.999995,0.999995,0.999995,-0.000049
2850.695397,sim,0.489096,0.120002,1.000002,1.000002,1.000002,0.000048
2850.699297,sim,0.490455,0.119996,0.999996,0.999996,0.999996,-0.000047
2850.703211,sim,0.490460,0.120001,1.000001,1.000001,1.000001,0.000046
2850.707249,sim,0.490453,0.119995,0.999995,0.999995,0.999995,-0.000047
2850.711243,sim,0.490460,0.120001,1.000001,1.000001,1.000001,0.000046
2850.715222,sim,0.490454,0.119995,0.999995,0.999995,0.999995,-0.000048
2850.719152,sim,0.491643,0.120002,1.000002,1.000002,1.000002,0.000047
2850.723212,sim,0.491637,0.119996,0.999996,0.999996,0.999996,-0.000049
2850.727282,sim,0.491642,0.120001,1.000001,1.000001,1.000001,0.000048
2850.731369,sim,0.491636,0.119995,0.999995,0.999995,0.999995,-0.000048
2850.735316,sim,0.491643,0.120002,1.000002,1.000002,1.000002,0.000047
2850.739487,sim,0.492662,0.119996,0.999996,0.999996,0.999996,-0.000047
2850.743496,sim,0.492667,0.120001,1.000001,1.000001,1.000001,0.000046
2850.747344,sim,0.492661,0.119995,0.999995,0.999995,0.999995,-0.000046
2850.751401,sim,0.492667,0.120002,1.000002,1.000002,1.000002,0.000045
2850.755452,sim,0.492661,0.119996,0.999996,0.999996,0.999996,-0.000047
2850.759354,sim,0.493555,0.120001,1.000001,1.000001,1.000001,0.000045
2850.763348,sim,0.493549,0.119995,0.999995,0.999995,0.999995,-0.000045
2850.767144,sim,0.493555,0.120002,1.000002,1.000002,1.000002,0.000043
2850.771388,sim,0.493548,0.119995,0.999995,0.999995,0.999995,-0.000048
2850.775513,sim,0.493556,0.120002,1.000002,1.000002,1.000002,0.000047
2850.779181,sim,0.494319,0.119996,0.999996,0.999996,0.999996,-0.000048
2850.783232,sim,0.494325,0.120001,1.000001,1.000001,1.000001,0.000046
2850.787244,sim,0.494318,0.119995,0.999995,0.999995,0.999995,-0.000047
2850.791311,sim,0.494325,0.120002,1.000002,1.000002,1.000002,0.000046
2850.795258,sim,0.494319,0.119996,0.999996,0.999996,0.999996,-0.000047
2850.799233,sim,0.494991,0.120001,1.000001,1.000001,1.000001,0.000046
2850.803221,sim,0.494985,0.119995,0.999995,0.999995,0.999995,-0.000047
2850.807233,sim,0.494992,0.120002,1.000002,1.000002,1.000002,0.000046
2850.811279,sim,0.494986,0.119996,0.999996,0.999996,0.999996,-0.000045
2850.815264,sim,0.494991,0.120001,1.000001,1.000001,1.000001,0.000044
2850.819281,sim,0.494985,0.119995,0.999995,0.999995,0.999995,-0.000045
2850.823299,sim,0.495570,0.120002,1.000002,1.000002,1.000002,0.000043
2850.827345,sim,0.495565,0.119996,0.999996,0.999996,0.999996,-0.000045
2850.831221,sim,0.495569,0.120001,1.000001,1.000001,1.000001,0.000044
2850.835262,sim,0.495563,0.119995,0.999995,0.999995,0.999995,-0.000048
2850.839336,sim,0.495570,0.120001,1.000001,1.000001,1.000001,0.000046
2850.843328,sim,0.496065,0.119995,0.999995,0.999995,0.999995,-0.000047
2850.847274,sim,0.496572,0.120002,1.000002,1.000002,1.000002,0.000046
2850.851289,sim,0.497067,0.119996,0.999996,0.999996,0.999996,-0.000048
2850.855269,sim,0.497574,0.120001,1.000001,1.000001,1.000001,0.000047
2850.859364,sim,0.498068,0.119995,0.999995,0.999995,0.999995,-0.000046
2850.863315,sim,0.498576,0.120002,1.000002,1.000002,1.000002,0.000045
2850.867286,sim,0.499071,0.119995,0.999995,0.999995,0.999995,-0.000045
2850.871838,sim,0.499328,0.120001,1.000002,1.000002,1.000002,0.000044
2850.875449,sim,0.499321,0.119995,0.999995,0.999995,0.999995,-0.000046
2850.879346,sim,0.499327,0.120001,1.000001,1.000001,1.000001,0.000045
2850.883459,sim,0.499321,0.119995,0.999995,0.999995,0.999995,-0.000047
2850.887408,sim,0.499328,0.120002,1.000002,1.000002,1.000002,0.000046
2850.891472,sim,0.499321,0.119995,0.999995,0.999995,0.999995,-0.000048
2850.895266,sim,0.499328,0.120002,1.000002,1.000002,1.000002,0.000047
2850.899854,sim,0.499321,0.119995,0.999995,0.999995,0.999995,-0.000050
2850.903315,sim,0.499327,0.120001,1.000001,1.000001,1.000001,0.000048
2850.907390,sim,0.499321,0.119995,0.999995,0.999995,0.999995,-0.000048
2850.911341,sim,0.499328,0.120002,1.000002,1.000002,1.000002,0.000047
2850.915230,sim,0.499321,0.119995,0.999995,0.999995,0.999995,-0.000049
2850.919423,sim,0.499328,0.120002,1.000002,1.000002,1.000002,0.000047
2850.923329,sim,0.499322,0.119996,0.999996,0.999996,0.999996,-0.000048
2850.927425,sim,0.499327,0.120001,1.000001,1.000001,1.000001,0.000047
2850.931314,sim,0.499321,0.119995,0.999995,0.999995,0.999995,-0.000048
2850.935429,sim,0.499327,0.120001,1.000001,1.000001,1.000001,0.000046
2850.939294,sim,0.499321,0.119995,0.999995,0.999995,0.999995,-0.000049
2850.944044,sim,0.499328,0.120001,1.000002,1.000002,1.000002,0.000049
2850.947240,sim,0.499321,0.119995,0.999995,0.999995,0.999995,-0.000049
2850.951424,sim,0.499328,0.120002,1.000002,1.000002,1.000002,0.000048
2850.955324,sim,0.499322,0.119996,0.999996,0.999996,0.999996,-0.000048
2850.959376,sim,0.499327,0.120001,1.000001,1.000001,1.000001,0.000047
2850.963521,sim,0.499321,0.119995,0.999995,0.999995,0.999995,-0.000047
2850.967571,sim,0.499328,0.120002,1.000002,1.000002,1.000002,0.000045
2850.971652,sim,0.499321,0.119995,0.999995,0.999995,0.999995,-0.000048
2850.975424,sim,0.499328,0.120002,1.000002,1.000002,1.000002,0.000047
2850.979276,sim,0.499322,0.119996,0.999996,0.999996,0.999996,-0.000048
2850.983372,sim,0.499327,0.120001,1.000001,1.000001,1.000001,0.000047
2850.987366,sim,0.499321,0.119995,0.999995,0.999995,0.999995,-0.000047
2850.991350,sim,0.499328,0.120002,1.000002,1.000002,1.000002,0.000046
2850.995298,sim,0.499321,0.119995,0.999995,0.999995,0.999995,-0.000048
2851.000093,sim,0.499328,0.120001,1.000002,1.000002,1.000002,0.000047
2851.003361,sim,0.493773,0.119995,0.999995,0.999995,0.999995,-0.000050
2851.007337,sim,0.493779,0.120001,1.000001,1.000001,1.000001,0.000048
2851.011366,sim,0.493773,0.119995,0.999995,0.999995,0.999995,-0.000048
2851.015377,sim,0.493780,0.120002,1.000002,1.000002,1.000002,0.000047
2851.019423,sim,0.493773,0.119995,0.999995,0.999995,0.999995,-0.000048
2851.023465,sim,0.477875,0.120002,1.000002,1.000002,1.000002,0.000047
2851.027307,sim,0.477870,0.119996,0.999996,0.999996,0.999996,-0.000047
2851.031375,sim,0.477875,0.120001,1.000001,1.000001,1.000001,0.000046
2851.035258,sim,0.477868,0.119995,0.999995,0.999995,0.999995,-0.000047
2851.039224,sim,0.477875,0.120002,1.000002,1.000002,1.000002,0.000046
2851.043265,sim,0.454376,0.119996,0.999996,0.999996,0.999996,-0.000049
2851.047509,sim,0.454381,0.120001,1.000001,1.000001,1.000001,0.000048
2851.051461,sim,0.454375,0.119995,0.999995,0.999995,0.999995,-0.000049
2851.055381,sim,0.454382,0.120001,1.000001,1.000001,1.000001,0.000047
2851.059365,sim,0.454376,0.119995,0.999995,0.999995,0.999995,-0.000048
2851.063397,sim,0.424313,0.120002,1.000002,1.000002,1.000002,0.000047
2851.067340,sim,0.424307,0.119996,0.999996,0.999996,0.999996,-0.000047
2851.071362,sim,0.424312,0.120001,1.000001,1.000001,1.000001,0.000046
2851.075297,sim,0.424305,0.119995,0.999995,0.999995,0.999995,-0.000048
2851.079323,sim,0.424313,0.120002,1.000002,1.000002,1.000002,0.000046
2851.083240,sim,0.391311,0.119996,0.999996,0.999996,0.999996,-0.000047
2851.087603,sim,0.391316,0.120001,1.000001,1.000001,1.000001,0.000046
2851.091356,sim,0.391310,0.119995,0.999995,0.999995,0.999995,-0.000047
2851.095380,sim,0.391317,0.120001,1.000001,1.000001,1.000001,0.000045
2851.099295,sim,0.391310,0.119995,0.999995,0.999995,0.999995,-0.000048
2851.103325,sim,0.354399,0.120002,1.000002,1.000002,1.000002,0.000047
2851.107303,sim,0.354393,0.119996,0.999996,0.999996,0.999996,-0.000045
2851.111555,sim,0.354398,0.120001,1.000001,1.000001,1.000001,0.000044
2851.115310,sim,0.354391,0.119994,0.999994,0.999994,0.999994,-0.000046
2851.119341,sim,0.354399,0.120002,1.000002,1.000002,1.000002,0.000044
2851.123317,sim,0.314075,0.119996,0.999996,0.999996,0.999996,-0.000046
2851.127373,sim,0.314080,0.120001,1.000001,1.000001,1.000001,0.000045
2851.131426,sim,0.314074,0.119995,0.999995,0.999995,0.999995,-0.000046
2851.135295,sim,0.314081,0.120002,1.000002,1.000002,1.000002,0.000045
2851.139462,sim,0.314075,0.119996,0.999996,0.999996,0.999996,-0.000046
2851.143509,sim,0.273590,0.120001,1.000001,1.000001,1.000001,0.000045
2851.147515,sim,0.273583,0.119994,0.999994,0.999994,0.999994,-0.000049
2851.151495,sim,0.273591,0.120001,1.000001,1.000001,1.000001,0.000047
2851.155387,sim,0.273585,0.119996,0.999996,0.999996,0.999996,-0.000049
2851.159583,sim,0.273590,0.120001,1.000001,1.000001,1.000001,0.000049
2851.163724,sim,0.238492,0.119994,0.999995,0.999995,0.999995,-0.000049
2851.167580,sim,0.238500,0.120002,1.000002,1.000002,1.000002,0.000048
2851.171670,sim,0.238493,0.119996,0.999996,0.999996,0.999996,-0.000048
2851.176393,sim,0.238498,0.120001,1.000001,1.000001,1.000001,0.000047
2851.179912,sim,0.238492,0.119994,0.999995,0.999995,0.999995,-0.000049
2851.183477,sim,0.208086,0.120001,1.000001,1.000001,1.000001,0.000047
2851.189169,sim,0.208080,0.119995,0.999995,0.999995,0.999995,-0.000049
2851.191541,sim,0.208087,0.120002,1.000002,1.000002,1.000002,0.000049
2851.195574,sim,0.208080,0.119996,0.999996,0.999996,0.999996,-0.000049
2851.199411,sim,0.208086,0.120001,1.000001,1.000001,1.000001,0.000048
2851.203353,sim,0.181721,0.119994,0.999994,0.999994,0.999994,-0.000050
2851.207419,sim,0.181729,0.120002,1.000002,1.000002,1.000002,0.000049
2851.211557,sim,0.181723,0.119996,0.999996,0.999996,0.999996,-0.000049
2851.215300,sim,0.181728,0.120001,1.000001,1.000001,1.000001,0.000048
2851.219338,sim,0.181722,0.119994,0.999994,0.999994,0.999994,-0.000049
2851.223407,sim,0.158886,0.120002,1.000002,1.000002,1.000002,0.000048
2851.227309,sim,0.158880,0.119996,0.999996,0.999996,0.999996,-0.000048
2851.231315,sim,0.158885,0.120001,1.000001,1.000001,1.000001,0.000047
2851.235266,sim,0.158879,0.119995,0.999995,0.999995,0.999995,-0.000047
2851.239435,sim,0.158886,0.120002,1.000002,1.000002,1.000002,0.000045
2851.243357,sim,0.139083,0.119996,0.999996,0.984160,0.999996,-0.000036
2851.247283,sim,0.139088,0.120001,1.000001,0.984165,1.000001,0.000035
2851.251351,sim,0.139082,0.119995,0.999995,0.984159,0.999995,-0.000034
2851.255293,sim,0.139088,0.120002,1.000002,0.984166,1.000002,0.000033
2851.259359,sim,0.139081,0.119995,0.999995,0.984159,0.999995,-0.000035
2851.263263,sim,0.121932,0.120003,0.999469,0.937554,0.959044,0.000034
2851.267295,sim,0.121928,0.119999,0.999464,0.937549,0.959040,-0.000012
2851.271707,sim,0.121929,0.120001,0.999466,0.937551,0.959042,0.000013
2851.275363,sim,0.121928,0.119999,0.999464,0.937549,0.959040,-0.000007
2851.279327,sim,0.121929,0.120001,0.999466,0.937551,0.959042,0.000008
2851.283441,sim,0.121928,0.119999,0.999464,0.937549,0.959040,-0.000004
2851.287473,sim,0.107059,0.120001,0.952199,0.887443,0.907455,0.000008
2851.291535,sim,0.107058,0.119999,0.952197,0.887442,0.907454,-0.000003
2851.295348,sim,0.107059,0.120001,0.952199,0.887443,0.907455,0.000007
2851.299984,sim,0.107058,0.119999,0.952197,0.887441,0.907454,-0.000005
2851.303486,sim,0.094172,0.120001,0.905686,0.838468,0.855812,0.000007
2851.307447,sim,0.094170,0.119999,0.905685,0.838467,0.855811,-0.000004
2851.311492,sim,0.094172,0.120001,0.905686,0.838468,0.855812,0.000008
2851.315329,sim,0.094170,0.119999,0.905685,0.838467,0.855811,-0.000005
2851.319467,sim,0.094172,0.120001,0.905686,0.838468,0.855812,0.000009
2851.323358,sim,0.083001,0.119999,0.857052,0.790474,0.802731,-0.000006
2851.327319,sim,0.083003,0.120001,0.857053,0.790476,0.802733,0.000010
2851.331437,sim,0.083001,0.119999,0.857052,0.790474,0.802731,-0.000006
2851.335312,sim,0.083003,0.120001,0.857053,0.790476,0.802733,0.000010
2851.339404,sim,0.083001,0.119999,0.857052,0.790474,0.802731,-0.000006
2851.343380,sim,0.080001,0.120001,0.807969,0.740560,0.749796,0.000010
2851.347356,sim,0.079999,0.119999,0.807968,0.740558,0.749794,-0.000007
2851.351441,sim,0.080001,0.120001,0.807969,0.740560,0.749796,0.000010
2851.355312,sim,0.079999,0.119999,0.807967,0.740558,0.749794,-0.000007
2851.359361,sim,0.080001,0.120001,0.807970,0.740560,0.749796,0.000012
2851.363354,sim,0.079999,0.119999,0.807967,0.740558,0.749794,-0.000007
2851.367308,sim,0.080001,0.120001,0.757108,0.688977,0.694208,0.000010
2851.371540,sim,0.079999,0.119999,0.757106,0.688975,0.694206,-0.000006
2851.375244,sim,0.080001,0.120001,0.757108,0.688977,0.694208,0.000010
2851.379286,sim,0.079999,0.119999,0.757106,0.688975,0.694206,-0.000007
2851.383352,sim,0.080001,0.120001,0.757108,0.688977,0.694208,0.000012
2851.387486,sim,0.079999,0.119999,0.704704,0.637335,0.637707,-0.000007
2851.391366,sim,0.080001,0.120001,0.704706,0.637338,0.637710,0.000012
2851.395487,sim,0.079999,0.119999,0.704704,0.637335,0.637707,-0.000008
2851.399786,sim,0.080002,0.120002,0.704706,0.637338,0.637710,0.000012
2851.403828,sim,0.079999,0.119999,0.655128,0.588419,0.583194,-0.000008
2851.407659,sim,0.080002,0.120002,0.655130,0.588422,0.583196,0.000012
2851.412229,sim,0.079999,0.119999,0.655128,0.588419,0.583194,-0.000007
2851.415459,sim,0.080001,0.120002,0.655130,0.588422,0.583196,0.000012
2851.419622,sim,0.079999,0.119999,0.655128,0.588419,0.583194,-0.000008
2851.423559,sim,0.080001,0.120001,0.605229,0.537706,0.529016,0.000010
2851.427793,sim,0.079999,0.119999,0.605227,0.537704,0.529014,-0.000006
2851.431633,sim,0.080001,0.120001,0.605229,0.537706,0.529016,0.000011
2851.435514,sim,0.079999,0.119999,0.605227,0.537704,0.529014,-0.000007
2851.439531,sim,0.080001,0.120001,0.605229,0.537706,0.529016,0.000011
2851.443650,sim,0.079999,0.119999,0.553657,0.486815,0.473735,-0.000007
2851.447588,sim,0.080001,0.120001,0.553660,0.486817,0.473738,0.000011
2851.451617,sim,0.079999,0.119999,0.553657,0.486815,0.473735,-0.000007
2851.455371,sim,0.080001,0.120001,0.553659,0.486817,0.473738,0.000009
2851.459329,sim,0.079999,0.119999,0.553657,0.486815,0.473736,-0.000006
2851.463486,sim,0.080001,0.120001,0.553659,0.486817,0.473738,0.000009
2851.467423,sim,0.079999,0.119999,0.500641,0.434389,0.416119,-0.000006
2851.471460,sim,0.080001,0.120001,0.500643,0.434391,0.416121,0.000009
2851.475347,sim,0.079999,0.119999,0.500641,0.434389,0.416119,-0.000006
2851.479281,sim,0.080001,0.120001,0.500643,0.434391,0.416121,0.000007
2851.483619,sim,0.079999,0.119999,0.500641,0.434389,0.416119,-0.000005
2851.487327,sim,0.080001,0.120001,0.447761,0.380634,0.360638,0.000009
2851.491451,sim,0.079999,0.119999,0.447759,0.380632,0.360636,-0.000005
2851.495376,sim,0.080001,0.120001,0.447761,0.380634,0.360638,0.000009
2851.499402,sim,0.079999,0.119999,0.447759,0.380632,0.360636,-0.000006
2851.503321,sim,0.080001,0.120001,0.396382,0.331270,0.312553,0.000009
2851.507367,sim,0.079999,0.119999,0.396380,0.331268,0.312551,-0.000006
2851.511618,sim,0.080001,0.120001,0.396382,0.331270,0.312553,0.000010
2851.515356,sim,0.079999,0.119999,0.396380,0.331268,0.312551,-0.000006
2851.519258,sim,0.080001,0.120001,0.396382,0.331270,0.312553,0.000010
2851.523430,sim,0.079999,0.119999,0.396380,0.331268,0.312551,-0.000006
2851.527474,sim,0.080001,0.120001,0.343531,0.287101,0.270880,0.000009
2851.531408,sim,0.079999,0.119999,0.343529,0.287099,0.270878,-0.000006
2851.535246,sim,0.080001,0.120001,0.343531,0.287100,0.270880,0.000008
2851.539316,sim,0.079999,0.119999,0.343529,0.287099,0.270878,-0.000005
2851.543447,sim,0.080001,0.120001,0.343531,0.287100,0.270880,0.000008
2851.547342,sim,0.079999,0.119999,0.297725,0.248819,0.234761,-0.000005
2851.551456,sim,0.080001,0.120001,0.297727,0.248821,0.234762,0.000008
2851.555330,sim,0.079999,0.119999,0.297725,0.248819,0.234761,-0.000005
2851.559324,sim,0.080001,0.120001,0.297727,0.248821,0.234762,0.000009
2851.563577,sim,0.079999,0.119999,0.297725,0.248819,0.234761,-0.000006
2851.567279,sim,0.080001,0.120001,0.258030,0.215645,0.203461,0.000008
2851.571486,sim,0.079999,0.119999,0.258029,0.215643,0.203459,-0.000005
2851.575384,sim,0.080001,0.120001,0.258030,0.215644,0.203461,0.000007
2851.579292,sim,0.079999,0.119999,0.258029,0.215643,0.203459,-0.000004
2851.583417,sim,0.080001,0.120001,0.258030,0.215645,0.203461,0.000008
2851.587329,sim,0.079999,0.119999,0.223625,0.186891,0.176331,-0.000005
2851.591472,sim,0.080001,0.120001,0.223626,0.186892,0.176333,0.000008
2851.595286,sim,0.079999,0.119999,0.223625,0.186891,0.176331,-0.000005
2851.599255,sim,0.080001,0.120001,0.223626,0.186892,0.176333,0.000009
2851.603382,sim,0.079999,0.119999,0.223625,0.186891,0.176331,-0.000005
2851.607428,sim,0.080001,0.120001,0.223626,0.186892,0.176333,0.000009
2851.611538,sim,0.079999,0.119999,0.223625,0.186890,0.176331,-0.000006
2851.615341,sim,0.080001,0.120001,0.223626,0.186892,0.176333,0.000008
2851.619516,sim,0.080000,0.120000,0.223625,0.186891,0.176331,-0.000005
2851.623686,sim,0.080001,0.120001,0.223626,0.186892,0.176333,0.000008
2851.627402,sim,0.079999,0.119999,0.193808,0.161972,0.152820,-0.000005
2851.631422,sim,0.080001,0.120001,0.193809,0.161973,0.152822,0.000007
2851.635308,sim,0.079999,0.119999,0.193808,0.161972,0.152820,-0.000004
2851.639372,sim,0.080001,0.120001,0.193809,0.161973,0.152822,0.000007
2851.643568,sim,0.079999,0.119999,0.193808,0.161972,0.152820,-0.000004
2851.647366,sim,0.080001,0.120001,0.167968,0.140377,0.132446,0.000007
2851.651753,sim,0.079999,0.119999,0.167967,0.140375,0.132444,-0.000004
2851.655548,sim,0.080001,0.120001,0.167968,0.140377,0.132446,0.000008
2851.659466,sim,0.080000,0.120000,0.167967,0.140376,0.132444,-0.000005
2851.663782,sim,0.080001,0.120001,0.167968,0.140377,0.132446,0.000007
2851.667621,sim,0.080000,0.120000,0.145571,0.121659,0.120000,-0.000004
2851.671653,sim,0.080001,0.120001,0.145573,0.121660,0.120001,0.000013
2851.675399,sim,0.079999,0.119999,0.145571,0.121658,0.119999,-0.000009
2851.679274,sim,0.080001,0.120001,0.145573,0.121660,0.120001,0.000013
2851.683435,sim,0.079999,0.119999,0.145571,0.121658,0.119999,-0.000009
2851.687376,sim,0.080001,0.120001,0.126163,0.120001,0.120001,0.000013
2851.691378,sim,0.079999,0.119999,0.126161,0.119999,0.119999,-0.000008
2851.695538,sim,0.080002,0.120002,0.126164,0.120001,0.120001,0.000017
2851.699651,sim,0.079999,0.119999,0.126161,0.119999,0.119999,-0.000011
2851.703379,sim,0.080002,0.120002,0.120002,0.120002,0.120002,0.000019
2851.707427,sim,0.079999,0.119999,0.119999,0.119999,0.119999,-0.000012
2851.711396,sim,0.080002,0.120002,0.120002,0.120002,0.120002,0.000022
2851.715334,sim,0.079999,0.119999,0.119999,0.119999,0.119999,-0.000014
2851.719302,sim,0.080002,0.120002,0.120002,0.120002,0.120002,0.000022
2851.723336,sim,0.079999,0.119999,0.119999,0.119999,0.119999,-0.000014
2851.727323,sim,0.080002,0.120002,0.120002,0.120002,0.120002,0.000024
2851.731771,sim,0.079998,0.119998,0.119998,0.119998,0.119998,-0.000015
2851.735539,sim,0.080002,0.120002,0.120002,0.120002,0.120002,0.000023
2851.739493,sim,0.079999,0.119999,0.119999,0.119999,0.119999,-0.000014
2851.743518,sim,0.080002,0.120002,0.120002,0.120002,0.120002,0.000024
2851.747415,sim,0.079998,0.119998,0.119998,0.119998,0.119998,-0.000016
2851.751603,sim,0.080002,0.120002,0.120002,0.120002,0.120002,0.000024
2851.755487,sim,0.079998,0.119998,0.119998,0.119998,0.119998,-0.000016
2851.759451,sim,0.080002,0.120002,0.120002,0.120002,0.120002,0.000025
2851.763481,sim,0.079998,0.119998,0.119998,0.119998,0.119998,-0.000016
2851.767487,sim,0.080002,0.120002,0.120002,0.120002,0.120002,0.000022
2851.771778,sim,0.079999,0.119999,0.119999,0.119999,0.119999,-0.000014
2851.775326,sim,0.080002,0.120002,0.120002,0.120002,0.120002,0.000023
2851.779321,sim,0.079999,0.119999,0.119999,0.119999,0.119999,-0.000015
2851.783426,sim,0.080002,0.120002,0.120002,0.120002,0.120002,0.000023
2851.787341,sim,0.079999,0.119999,0.119999,0.119999,0.119999,-0.000015
2851.791462,sim,0.080002,0.120002,0.120002,0.120002,0.120002,0.000021
2851.795279,sim,0.079999,0.119999,0.119999,0.119999,0.119999,-0.000013
2851.799301,sim,0.080002,0.120002,0.120002,0.120002,0.120002,0.000024
2851.803300,sim,0.079998,0.119998,0.119998,0.119998,0.119998,-0.000015
2851.807367,sim,0.080002,0.120002,0.120002,0.120002,0.120002,0.000024
2851.811338,sim,0.079999,0.119999,0.119999,0.119999,0.119999,-0.000015
2851.815354,sim,0.080002,0.120002,0.120002,0.120002,0.120002,0.000025
2851.819391,sim,0.079999,0.119999,0.119999,0.119999,0.119999,-0.000016
2851.823365,sim,0.080002,0.120002,0.120002,0.120002,0.120002,0.000023
2851.827307,sim,0.079998,0.119998,0.119998,0.119998,0.119998,-0.000015
2851.831428,sim,0.080002,0.120002,0.120002,0.120002,0.120002,0.000023
2851.835312,sim,0.079999,0.119999,0.119999,0.119999,0.119999,-0.000015
2851.839290,sim,0.080002,0.120002,0.120002,0.120002,0.120002,0.000023
2851.843813,sim,0.079998,0.119998,0.119998,0.119998,0.119998,-0.000015
2851.847386,sim,0.080002,0.120002,0.120002,0.120002,0.120002,0.000021
2851.851551,sim,0.079999,0.119999,0.119999,0.119999,0.119999,-0.000014
2851.855415,sim,0.080002,0.120002,0.120002,0.120002,0.120002,0.000024
2851.859496,sim,0.079998,0.119998,0.119998,0.119998,0.119998,-0.000015
2851.863711,sim,0.080002,0.120002,0.120002,0.120002,0.120002,0.000024
2851.867703,sim,0.079999,0.119999,0.119999,0.119999,0.119999,-0.000016
2851.872156,sim,0.080002,0.120002,0.120002,0.120002,0.120002,0.000024
2851.875546,sim,0.079998,0.119998,0.119998,0.119998,0.119998,-0.000015
2851.879487,sim,0.080002,0.120002,0.120002,0.120002,0.120002,0.000024
2851.883553,sim,0.079998,0.119998,0.119998,0.119998,0.119998,-0.000015
2851.887535,sim,0.080002,0.120002,0.120002,0.120002,0.120002,0.000024
2851.891692,sim,0.079999,0.119999,0.119999,0.119999,0.119999,-0.000016
2851.895855,sim,0.080002,0.120002,0.120002,0.120002,0.120002,0.000020
2851.899759,sim,0.079999,0.119999,0.119999,0.119999,0.119999,-0.000013
2851.903502,sim,0.080002,0.120002,0.120002,0.120002,0.120002,0.000022
2851.907417,sim,0.079999,0.119999,0.119999,0.119999,0.119999,-0.000014
2851.911473,sim,0.080002,0.120002,0.120002,0.120002,0.120002,0.000024
2851.915343,sim,0.079999,0.119999,0.119999,0.119999,0.119999,-0.000015
2851.919349,sim,0.080002,0.120002,0.120002,0.120002,0.120002,0.000024
2851.923295,sim,0.079999,0.119999,0.119999,0.119999,0.119999,-0.000015
2851.927364,sim,0.080002,0.120002,0.120002,0.120002,0.120002,0.000023
2851.931487,sim,0.079999,0.119999,0.119999,0.119999,0.119999,-0.000015
2851.935381,sim,0.080002,0.120002,0.120002,0.120002,0.120002,0.000023
2851.939329,sim,0.079999,0.119999,0.119999,0.119999,0.119999,-0.000015
2851.943384,sim,0.080002,0.120002,0.120002,0.120002,0.120002,0.000022
2851.947331,sim,0.079999,0.119999,0.119999,0.119999,0.119999,-0.000014
2851.951329,sim,0.080002,0.120002,0.120002,0.120002,0.120002,0.000022
2851.955268,sim,0.079999,0.119999,0.119999,0.119999,0.119999,-0.000014
2851.959527,sim,0.080002,0.120002,0.120002,0.120002,0.120002,0.000023
2851.963414,sim,0.079998,0.119998,0.119998,0.119998,0.119998,-0.000015
2851.967498,sim,0.080002,0.120002,0.120002,0.120002,0.120002,0.000022
2851.971505,sim,0.079999,0.119999,0.119999,0.119999,0.119999,-0.000014
2851.975405,sim,0.080002,0.120002,0.120002,0.120002,0.120002,0.000022
2851.979398,sim,0.079998,0.119998,0.119998,0.119998,0.119998,-0.000014
2851.983283,sim,0.080002,0.120002,0.120002,0.120002,0.120002,0.000022
2851.987454,sim,0.079998,0.119998,0.119998,0.119998,0.119998,-0.000014
2851.991694,sim,0.080002,0.120002,0.120002,0.120002,0.120002,0.000024
2851.995463,sim,0.079999,0.119999,0.119999,0.119999,0.119999,-0.000015
2852.001805,sim,0.080002,0.120002,0.120002,0.120002,0.120002,0.000024
2852.003370,sim,0.079999,0.119999,0.119999,0.119999,0.119999,-0.000015
2852.007625,sim,0.080002,0.120002,0.120002,0.120002,0.120002,0.000023
2852.011514,sim,0.079999,0.119999,0.119999,0.119999,0.119999,0.006422
2852.015339,sim,0.080002,0.120002,0.120002,0.120002,0.120002,0.006446
2852.019587,sim,0.079999,0.119999,0.119999,0.119999,0.119999,0.006443
2852.023489,sim,0.080002,0.120002,0.120002,0.120002,0.120002,0.006446
2852.027621,sim,0.079999,0.119999,0.119999,0.119999,0.119999,0.006443
2852.031376,sim,0.080002,0.120002,0.120002,0.120002,0.120002,0.021698
2852.035334,sim,0.079999,0.119999,0.119999,0.119999,0.119999,0.021694
2852.039360,sim,0.080002,0.120002,0.120002,0.120002,0.120002,0.021698
2852.043323,sim,0.079999,0.119999,0.119999,0.119999,0.119999,0.021694
2852.047527,sim,0.080002,0.120002,0.120002,0.120002,0.120002,0.021698
2852.051541,sim,0.079999,0.119999,0.119999,0.119999,0.119999,0.038134
2852.055599,sim,0.080002,0.120002,0.120002,0.120002,0.120002,0.038138
2852.059445,sim,0.079999,0.119999,0.119999,0.119999,0.119999,0.038135
2852.063335,sim,0.080002,0.120002,0.120002,0.120002,0.120002,0.038138
2852.067401,sim,0.079999,0.119999,0.119999,0.119999,0.119999,0.038135
2852.071713,sim,0.097421,0.120002,0.120002,0.120002,0.120002,0.053460
2852.075404,sim,0.097418,0.119999,0.119999,0.119999,0.119999,0.053457
2852.079338,sim,0.097421,0.120001,0.120001,0.120001,0.120001,0.053459
2852.083889,sim,0.097419,0.119999,0.119999,0.119999,0.119999,0.053457
2852.087595,sim,0.097421,0.120002,0.120002,0.120002,0.120002,0.053460
2852.091508,sim,0.137136,0.119999,0.119999,0.119999,0.119999,0.066736
2852.095344,sim,0.137139,0.120002,0.120002,0.120002,0.120002,0.066739
2852.099473,sim,0.137136,0.119999,0.119999,0.119999,0.119999,0.066736
2852.103605,sim,0.137138,0.120001,0.120001,0.120001,0.120001,0.066739
2852.107785,sim,0.137136,0.119999,0.119999,0.119999,0.119999,0.066736
2852.111477,sim,0.184043,0.120001,0.120001,0.120001,0.120001,0.078247
2852.115536,sim,0.184041,0.119999,0.119999,0.119999,0.119999,0.078245
2852.119604,sim,0.184043,0.120001,0.120001,0.120001,0.120001,0.078247
2852.123465,sim,0.184041,0.119999,0.119999,0.119999,0.119999,0.078245
2852.127664,sim,0.184043,0.120001,0.120001,0.120001,0.120001,0.078247
2852.131796,sim,0.233014,0.158051,0.119999,0.119999,0.119999,0.088219
2852.135386,sim,0.233016,0.158053,0.120001,0.120001,0.120001,0.088221
2852.139441,sim,0.233014,0.158051,0.119999,0.119999,0.119999,0.088219
2852.143379,sim,0.233016,0.158053,0.120001,0.120001,0.120001,0.088221
2852.147370,sim,0.233014,0.158051,0.119999,0.119999,0.119999,0.088219
2852.151837,sim,0.287943,0.199396,0.120001,0.120001,0.120001,0.096866
2852.155512,sim,0.287940,0.199393,0.119999,0.119999,0.119999,0.096863
2852.159388,sim,0.287942,0.199396,0.120001,0.120001,0.120001,0.096866
2852.163323,sim,0.287940,0.199393,0.119999,0.119999,0.119999,0.096863
2852.167457,sim,0.287942,0.199396,0.120001,0.120001,0.120001,0.096865
2852.171678,sim,0.343865,0.243545,0.119999,0.119999,0.119999,0.104355
2852.175309,sim,0.343867,0.243547,0.120001,0.120001,0.120001,0.104357
2852.179367,sim,0.343865,0.243545,0.119999,0.119999,0.119999,0.104355
2852.183714,sim,0.343867,0.243547,0.120001,0.120001,0.120001,0.104357
2852.187619,sim,0.399269,0.287358,0.119999,0.119999,0.119999,0.110848
2852.191798,sim,0.399271,0.287360,0.120001,0.120001,0.120001,0.110850
2852.195513,sim,0.399269,0.287358,0.119999,0.119999,0.119999,0.110848
2852.199533,sim,0.399271,0.287360,0.120001,0.120001,0.120001,0.110850
2852.203441,sim,0.399269,0.287358,0.119999,0.119999,0.119999,0.110848
2852.207496,sim,0.399271,0.287360,0.120001,0.120001,0.120001,0.110850
2852.211496,sim,0.459768,0.336426,0.119999,0.119999,0.119999,0.115401
2852.215537,sim,0.459770,0.336428,0.120001,0.120001,0.120001,0.115403
2852.219386,sim,0.459768,0.336426,0.119999,0.119999,0.119999,0.115401
2852.223482,sim,0.459770,0.336428,0.120001,0.120001,0.120001,0.115403
2852.227672,sim,0.459768,0.336426,0.119999,0.119999,0.119999,0.115401
2852.231666,sim,0.523298,0.385887,0.120000,0.149890,0.144880,0.119348
2852.235555,sim,0.523298,0.385887,0.120000,0.149889,0.144879,0.119348
2852.239321,sim,0.523298,0.385887,0.120000,0.149890,0.144879,0.119348
2852.243456,sim,0.523298,0.385887,0.120000,0.149889,0.144879,0.119348
2852.247812,sim,0.523298,0.385887,0.120000,0.149890,0.144879,0.119348
2852.251511,sim,0.586678,0.437074,0.120000,0.188159,0.183816,0.122767
2852.255524,sim,0.586679,0.437075,0.120000,0.188159,0.183817,0.122768
2852.259525,sim,0.586678,0.437074,0.120000,0.188159,0.183816,0.122767
2852.263601,sim,0.586679,0.437075,0.120000,0.188159,0.183817,0.122768
2852.267585,sim,0.586678,0.437074,0.120000,0.188159,0.183816,0.122767
2852.271761,sim,0.645769,0.488372,0.127324,0.228261,0.225885,0.125732
2852.275519,sim,0.645769,0.488372,0.127324,0.228261,0.225885,0.125731
2852.279440,sim,0.645769,0.488372,0.127324,0.228261,0.225885,0.125731
2852.283308,sim,0.645769,0.488372,0.127324,0.228261,0.225885,0.125731
2852.287775,sim,0.645769,0.488372,0.127324,0.228261,0.225885,0.125731
2852.291414,sim,0.696981,0.541152,0.164441,0.272725,0.270665,0.128300
2852.295429,sim,0.696981,0.541152,0.164441,0.272725,0.270665,0.128300
2852.299320,sim,0.696981,0.541152,0.164441,0.272725,0.270665,0.128300
2852.303651,sim,0.696981,0.541152,0.164441,0.272725,0.270665,0.128300
2852.307908,sim,0.696981,0.541152,0.164441,0.272725,0.270665,0.128300
2852.311478,sim,0.741365,0.592443,0.204931,0.318196,0.317798,0.130526
2852.315356,sim,0.741365,0.592443,0.204931,0.318196,0.317798,0.130526
2852.319269,sim,0.741365,0.592443,0.204931,0.318196,0.317798,0.130526
2852.323299,sim,0.741365,0.592443,0.204931,0.318196,0.317798,0.130526
2852.327413,sim,0.741365,0.592443,0.204931,0.318196,0.317798,0.130526
2852.331465,sim,0.779831,0.647991,0.246958,0.365926,0.364194,0.132456
2852.335413,sim,0.779831,0.647991,0.246958,0.365926,0.364194,0.132456
2852.339365,sim,0.779831,0.647991,0.246958,0.365926,0.364194,0.132456
2852.343379,sim,0.779831,0.647991,0.246958,0.365926,0.364194,0.132456
2852.347499,sim,0.779831,0.647991,0.246958,0.365926,0.364194,0.132456
2852.351473,sim,0.813168,0.703068,0.291703,0.412840,0.412726,0.134128
2852.355608,sim,0.813168,0.703068,0.291703,0.412840,0.412726,0.134128
2852.359396,sim,0.813168,0.703068,0.291703,0.412840,0.412726,0.134128
2852.363331,sim,0.813168,0.703068,0.291703,0.412840,0.412726,0.134128
2852.367322,sim,0.813168,0.703068,0.291703,0.412840,0.412726,0.134128
2852.371582,sim,0.813168,0.703068,0.291703,0.412840,0.412726,0.134128
2852.375462,sim,0.842061,0.760511,0.340191,0.463208,0.465883,0.135577
2852.379300,sim,0.842061,0.760511,0.340191,0.463208,0.465883,0.135577
2852.383741,sim,0.842061,0.760511,0.340191,0.463208,0.465883,0.135577
2852.387432,sim,0.842061,0.760511,0.340191,0.463208,0.465883,0.135577
2852.391513,sim,0.842061,0.760511,0.340191,0.463208,0.465883,0.135577
2852.395384,sim,0.867100,0.815842,0.389150,0.516569,0.518888,0.136833
2852.399334,sim,0.867100,0.815842,0.389150,0.516569,0.518888,0.136833
2852.403576,sim,0.867100,0.815842,0.389150,0.516569,0.518888,0.136833
2852.407470,sim,0.867100,0.815842,0.389150,0.516569,0.518888,0.136833
2852.411585,sim,0.888802,0.863796,0.438515,0.564203,0.571760,0.137921
2852.415404,sim,0.888802,0.863796,0.438515,0.564203,0.571760,0.137921
2852.419375,sim,0.888802,0.863796,0.438515,0.564203,0.571760,0.137921
2852.423415,sim,0.888802,0.863796,0.438515,0.564203,0.571760,0.137921
2852.427446,sim,0.888802,0.863796,0.438515,0.564203,0.571760,0.137921
2852.431697,sim,0.888802,0.863796,0.438515,0.564203,0.571760,0.137921
2852.435406,sim,0.907609,0.905356,0.491008,0.617968,0.624518,0.138865
2852.439424,sim,0.907609,0.905356,0.491008,0.617968,0.624518,0.138865
2852.443405,sim,0.907609,0.905356,0.491008,0.617968,0.624518,0.138865
2852.447448,sim,0.907609,0.905356,0.491008,0.617968,0.624518,0.138865
2852.451587,sim,0.907609,0.905356,0.491008,0.617968,0.624518,0.138865
2852.455644,sim,0.923909,0.941375,0.544824,0.672887,0.678564,0.139682
2852.459561,sim,0.923909,0.941375,0.544824,0.672887,0.678564,0.139682
2852.463562,sim,0.923909,0.941375,0.544824,0.672887,0.678564,0.139682
2852.467718,sim,0.923909,0.941375,0.544824,0.672887,0.678564,0.139682
2852.472479,sim,0.938036,0.972591,0.597012,0.727418,0.732338,0.140391
2852.475464,sim,0.938036,0.972591,0.597012,0.727418,0.732338,0.140391
2852.479415,sim,0.938036,0.972591,0.597012,0.727418,0.732338,0.140391
2852.483392,sim,0.938036,0.972591,0.597012,0.727418,0.732338,0.140391
2852.487452,sim,0.938036,0.972591,0.597012,0.727418,0.732338,0.140391
2852.491790,sim,0.938036,0.972591,0.597012,0.727418,0.732338,0.140391
2852.495500,sim,0.950279,0.999645,0.651951,0.784388,0.780330,0.141005
2852.499476,sim,0.950279,0.999645,0.651951,0.784388,0.780330,0.141005
2852.503551,sim,0.950279,0.999645,0.651951,0.784388,0.780330,0.141005
2852.507602,sim,0.950279,0.999645,0.651951,0.784388,0.780330,0.141005
2852.511944,sim,0.950279,0.999645,0.651951,0.784388,0.780330,0.141005
2852.515501,sim,0.960890,1.000000,0.707886,0.835148,0.821922,0.141537
2852.519561,sim,0.960889,0.999999,0.707885,0.835147,0.821921,0.141536
2852.523664,sim,0.960890,1.000000,0.707887,0.835149,0.821923,0.141538
2852.527925,sim,0.960889,0.999999,0.707886,0.835148,0.821921,0.141536
2852.531767,sim,0.960892,1.000002,0.707889,0.835151,0.821925,0.141540
2852.535607,sim,0.970089,1.000003,0.763303,0.880531,0.857972,0.142001
2852.539605,sim,0.970088,1.000002,0.763302,0.880530,0.857971,0.142000
2852.543488,sim,0.970088,1.000002,0.763301,0.880530,0.857971,0.142000
2852.547514,sim,0.970088,1.000002,0.763301,0.880530,0.857971,0.142000
2852.551750,sim,0.970088,1.000002,0.763301,0.880530,0.857971,0.142000
2852.555790,sim,0.978058,1.000002,0.819648,0.919859,0.889212,0.142400
2852.559552,sim,0.978058,1.000002,0.819648,0.919859,0.889212,0.142400
2852.563632,sim,0.978058,1.000002,0.819648,0.919859,0.889212,0.142400
2852.567639,sim,0.978058,1.000002,0.819648,0.919859,0.889212,0.142400
2852.571979,sim,0.978058,1.000002,0.819648,0.919859,0.889212,0.142400
2852.575562,sim,0.984965,1.000002,0.868482,0.953945,0.916288,0.142746
2852.579848,sim,0.984965,1.000002,0.868482,0.953945,0.916288,0.142746
2852.583808,sim,0.984965,1.000002,0.868482,0.953945,0.916288,0.142746
2852.588817,sim,0.984965,1.000002,0.868482,0.953945,0.916288,0.142746
2852.592087,sim,0.984965,1.000002,0.868482,0.953945,0.916288,0.142746
2852.595590,sim,0.990951,1.000002,0.910804,0.983485,0.939753,0.143047
2852.599678,sim,0.990951,1.000002,0.910804,0.983485,0.939753,0.143047
2852.603645,sim,0.990951,1.000002,0.910804,0.983485,0.939753,0.143047
2852.607496,sim,0.990951,1.000002,0.910804,0.983485,0.939753,0.143047
2852.611614,sim,0.990951,1.000002,0.910804,0.983485,0.939753,0.143047
2852.615616,sim,0.990951,1.000002,0.910804,0.983485,0.939753,0.143047
2852.619586,sim,0.996139,1.000002,0.947484,1.000002,0.960089,0.143307
2852.623563,sim,0.996140,1.000002,0.947484,1.000002,0.960090,0.143307
2852.627518,sim,0.996140,1.000002,0.947484,1.000002,0.960090,0.143307
2852.631949,sim,0.996136,0.999999,0.947481,0.999999,0.960087,0.143304
2852.635606,sim,0.996135,0.999998,0.947480,0.999998,0.960085,0.143303
2852.639922,sim,1.000003,1.000003,0.979274,1.000003,0.977715,0.143533
2852.643771,sim,0.999999,0.999999,0.979270,0.999999,0.977712,0.143530
2852.648191,sim,0.999999,0.999999,0.979270,0.999999,0.977712,0.143530
2852.652209,sim,1.000000,1.000000,0.979271,1.000000,0.977712,0.143530
2852.655839,sim,0.999999,0.999999,0.999999,0.999999,0.992987,0.143725
2852.659828,sim,0.999999,0.999999,0.999999,0.999999,0.992987,0.143725
2852.663857,sim,1.000000,1.000000,1.000000,1.000000,0.992988,0.143726
2852.667944,sim,0.999998,0.999998,0.999998,0.999998,0.992985,0.143724
2852.672372,sim,1.000001,1.000001,1.000001,1.000001,0.992988,0.143727
2852.676866,sim,0.999997,0.999997,0.999997,0.999997,0.992984,0.143723
2852.681239,sim,1.000001,1.000001,1.000001,1.000001,1.000001,0.143897
2852.685557,sim,0.999996,0.999996,0.999996,0.999996,0.999996,0.144061
2852.688635,sim,1.000000,1.000000,1.000000,1.000000,1.000000,0.144065
2852.698566,sim,0.999994,0.999994,0.999994,0.999994,0.999994,0.144059
2852.700379,sim,0.999996,0.999996,0.999996,0.999996,0.999996,0.144309
2852.704793,sim,1.000000,1.000000,1.000000,1.000000,1.000000,0.144314
2852.707914,sim,0.999994,0.999994,0.999994,0.999994,0.999994,0.144307
2852.712190,sim,1.000001,1.000001,1.000001,1.000001,1.000001,0.144315
2852.715948,sim,0.999996,0.999996,0.999996,0.999996,0.999996,0.144309
2852.720047,sim,1.000001,1.000001,1.000001,1.000001,1.000001,0.144405
2852.723938,sim,0.999995,0.999995,0.999995,0.999995,0.999995,0.144399
2852.727783,sim,1.000002,1.000002,1.000002,1.000002,1.000002,0.144406
2852.731941,sim,0.999995,0.999995,0.999995,0.999995,0.999995,0.144400
2852.736397,sim,1.000000,1.000000,1.000000,1.000000,1.000000,0.144405
2852.740380,sim,0.999994,0.999994,0.999994,0.999994,0.999994,0.144478
2852.745073,sim,1.000002,1.000002,1.000002,1.000002,1.000002,0.144485
2852.748180,sim,0.999996,0.999996,0.999996,0.999996,0.999996,0.144548
2852.752343,sim,1.000000,1.000000,1.000000,1.000000,1.000000,0.144552
2852.756212,sim,0.999994,0.999994,0.999994,0.999994,0.999994,0.144546
2852.760024,sim,1.000001,1.000001,1.000001,1.000001,1.000001,0.144612
2852.763911,sim,0.999995,0.999995,0.999995,0.999995,0.999995,0.144607
2852.767898,sim,1.000001,1.000001,1.000001,1.000001,1.000001,0.144663
2852.772522,sim,0.999994,0.999994,0.999994,0.999994,0.999994,0.144708
2852.776093,sim,1.000001,1.000001,1.000001,1.000001,1.000001,0.144766
2852.779954,sim,0.999996,0.999996,0.999996,0.999996,0.999996,0.144812
2852.783932,sim,1.000001,1.000001,1.000001,1.000001,1.000001,0.144869
2852.787861,sim,0.999994,0.999994,0.999994,0.999994,0.999994,0.144914
2852.792047,sim,1.000002,1.000002,1.000002,1.000002,1.000002,0.144972
2852.795881,sim,0.999996,0.999996,0.999996,0.999996,0.999996,0.144993
2852.799832,sim,1.000001,1.000001,1.000001,1.000001,1.000001,0.144997
2852.803824,sim,0.999994,0.999994,0.999994,0.999994,0.999994,0.144990
2852.807873,sim,1.000001,1.000001,1.000001,1.000001,1.000001,0.144998
2852.811918,sim,0.999996,0.999996,0.999996,0.999996,0.999996,0.144993
2852.815842,sim,1.000000,1.000000,1.000000,1.000000,1.000000,0.144997
2852.819975,sim,0.999995,0.999995,0.999995,0.999995,0.999995,0.144991
2852.823933,sim,1.000001,1.000001,1.000001,1.000001,1.000001,0.144998
2852.827881,sim,0.999996,0.999996,0.999996,0.999996,0.999996,0.144993
2852.832024,sim,1.000000,1.000000,1.000000,1.000000,1.000000,0.144997
2852.835934,sim,0.999994,0.999994,0.999994,0.999994,0.999994,0.144991
2852.840049,sim,1.000002,1.000002,1.000002,1.000002,1.000002,0.144998
2852.844008,sim,0.999996,0.999996,0.999996,0.999996,0.999996,0.144992
2852.847847,sim,1.000000,1.000000,1.000000,1.000000,1.000000,0.144997
2852.851990,sim,0.999994,0.999994,0.999994,0.999994,0.999994,0.144990
2852.856231,sim,1.000002,1.000002,1.000002,1.000002,1.000002,0.144998
2852.860424,sim,0.999996,0.999996,0.999996,0.999996,0.999996,0.144992
2852.864150,sim,1.000000,1.000000,1.000000,1.000000,1.000000,0.144996
2852.868304,sim,0.999995,0.999995,0.999995,0.999995,0.999995,0.144991
2852.872400,sim,1.000002,1.000002,1.000002,1.000002,1.000002,0.144998
2852.876238,sim,0.999996,0.999996,0.999996,0.999996,0.999996,0.144993
2852.879815,sim,1.000000,1.000000,1.000000,1.000000,1.000000,0.144997
2852.884062,sim,0.999995,0.999995,0.999995,0.999995,0.999995,0.144991
2852.888066,sim,1.000002,1.000002,1.000002,1.000002,1.000002,0.144998
2852.892224,sim,0.999996,0.999996,0.999996,0.999996,0.999996,0.144992
2852.895934,sim,1.000000,1.000000,1.000000,1.000000,1.000000,0.144997
2852.900084,sim,0.999995,0.999995,0.999995,0.999995,0.999995,0.144991
2852.904019,sim,1.000002,1.000002,1.000002,1.000002,1.000002,0.144998
2852.907987,sim,0.999996,0.999996,0.999996,0.999996,0.999996,0.144992
2852.912024,sim,1.000000,1.000000,1.000000,1.000000,1.000000,0.144997
2852.916101,sim,0.999994,0.999994,0.999994,0.999994,0.999994,0.144991
2852.920201,sim,1.000002,1.000002,1.000002,1.000002,1.000002,0.144998
2852.924007,sim,0.999996,0.999996,0.999996,0.999996,0.999996,0.144992
2852.927986,sim,1.000001,1.000001,1.000001,1.000001,1.000001,0.144997
2852.931984,sim,0.999994,0.999994,0.999994,0.999994,0.999994,0.144991
2852.936268,sim,1.000001,1.000001,1.000001,1.000001,1.000001,0.144997
2852.940021,sim,0.973672,0.999996,0.999996,0.999996,0.999996,0.142844
2852.943964,sim,0.973679,1.000002,1.000002,1.000002,1.000002,0.142851
2852.947907,sim,0.973671,0.999995,0.999995,0.999995,0.999995,0.142843
2852.952117,sim,0.973680,1.000003,1.000003,1.000003,1.000003,0.142852
2852.956038,sim,0.973670,0.999994,0.999994,0.999994,0.999994,0.142842
2852.959906,sim,0.936786,1.000003,1.000003,1.000003,1.000003,0.132397
2852.964032,sim,0.936777,0.999994,0.999994,0.999994,0.999994,0.132388
2852.968075,sim,0.936786,1.000003,1.000003,1.000003,1.000003,0.132398
2852.972173,sim,0.936777,0.999994,0.999994,0.999994,0.999994,0.132389
2852.975915,sim,0.936786,1.000003,1.000003,1.000003,1.000003,0.132397
2852.980152,sim,0.936777,0.999994,0.999994,0.999994,0.999994,0.132389
2852.984041,sim,0.890942,1.000003,1.000003,1.000003,1.000003,0.115819
2852.988011,sim,0.890932,0.999994,0.999994,0.999994,0.999994,0.115810
2852.991937,sim,0.890941,1.000002,1.000002,1.000002,1.000002,0.115818
2852.996111,sim,0.890934,0.999995,0.999995,0.999995,0.999995,0.115811
2852.999997,sim,0.842889,1.000005,1.000005,1.000005,0.994983,0.100378
2853.003944,sim,0.842882,0.999997,0.999997,0.999997,0.994976,0.100371
2853.007944,sim,0.842887,1.000003,1.000003,1.000003,0.994982,0.100377
2853.012056,sim,0.842881,0.999997,0.999997,0.999997,0.994976,0.100371
2853.016310,sim,0.842888,1.000003,1.000003,1.000003,0.994982,0.100377
2853.020102,sim,0.788751,0.999080,0.999997,0.999997,0.963564,0.086987
2853.024054,sim,0.788756,0.999084,1.000001,1.000001,0.963568,0.086991
2853.027999,sim,0.788751,0.999080,0.999997,0.999997,0.963564,0.086987
2853.032110,sim,0.788756,0.999085,1.000002,1.000002,0.963569,0.086992
2853.035996,sim,0.788752,0.999080,0.999997,0.999997,0.963564,0.086987
2853.039963,sim,0.732134,0.956029,1.000001,1.000001,0.926636,0.076467
2853.044099,sim,0.732129,0.956025,0.999996,0.999996,0.926631,0.076462
2853.048077,sim,0.732135,0.956030,1.000002,1.000002,0.926636,0.076468
2853.052037,sim,0.732130,0.956025,0.999997,0.999997,0.926632,0.076463
2853.055933,sim,0.732134,0.956029,1.000001,1.000001,0.926636,0.076467
2853.060028,sim,0.732129,0.956025,0.999996,0.999996,0.926631,0.076462
2853.064097,sim,0.667806,0.907620,1.000002,0.968585,0.884919,0.067347
2853.068106,sim,0.667802,0.907616,0.999998,0.968581,0.884915,0.067343
2853.072135,sim,0.667805,0.907619,1.000001,0.968584,0.884919,0.067346
2853.076100,sim,0.667802,0.907616,0.999998,0.968581,0.884915,0.067343
2853.080168,sim,0.667805,0.907619,1.000001,0.968584,0.884919,0.067346
2853.083983,sim,0.599568,0.855953,0.959723,0.926821,0.841827,0.059439
2853.087996,sim,0.599568,0.855953,0.959723,0.926821,0.841827,0.059439
2853.092151,sim,0.599568,0.855953,0.959723,0.926821,0.841827,0.059439
2853.096233,sim,0.599568,0.855953,0.959723,0.926821,0.841827,0.059439
2853.099976,sim,0.533496,0.805629,0.919142,0.886466,0.797547,0.052588
2853.104078,sim,0.533496,0.805629,0.919142,0.886466,0.797547,0.052588
2853.108202,sim,0.533496,0.805629,0.919142,0.886466,0.797547,0.052588
2853.112220,sim,0.533496,0.805629,0.919142,0.886466,0.797547,0.052588
2853.116027,sim,0.533496,0.805629,0.919142,0.886466,0.797547,0.052588
2853.119984,sim,0.533496,0.805629,0.919142,0.886466,0.797547,0.052588
2853.124061,sim,0.462363,0.750918,0.877037,0.841782,0.750849,0.046650
2853.128079,sim,0.462363,0.750918,0.877037,0.841782,0.750849,0.046650
2853.132039,sim,0.462363,0.750918,0.877037,0.841782,0.750849,0.046650
2853.136040,sim,0.462363,0.750918,0.877037,0.841782,0.750849,0.046650
2853.140503,sim,0.462363,0.750918,0.877037,0.841782,0.750849,0.046650
2853.144188,sim,0.400715,0.693793,0.832224,0.796121,0.700669,0.041504
2853.148047,sim,0.400715,0.693793,0.832224,0.796121,0.700669,0.041504
2853.151950,sim,0.400715,0.693793,0.832224,0.796121,0.700669,0.041504
2853.155995,sim,0.400715,0.693793,0.832224,0.796121,0.700669,0.041504
2853.160401,sim,0.400715,0.693793,0.832224,0.796121,0.700669,0.041504
2853.163922,sim,0.347286,0.637350,0.785063,0.749614,0.648857,0.037045
2853.168255,sim,0.347286,0.637350,0.785063,0.749614,0.648857,0.037045
2853.172332,sim,0.347286,0.637350,0.785063,0.749614,0.648857,0.037045
2853.176158,sim,0.347286,0.637350,0.785063,0.749614,0.648857,0.037045
2853.179951,sim,0.347286,0.637350,0.785063,0.749614,0.648857,0.037045
2853.183990,sim,0.300981,0.578723,0.738643,0.700985,0.597018,0.033179
2853.187970,sim,0.300981,0.578723,0.738643,0.700985,0.597018,0.033179
2853.192071,sim,0.300981,0.578723,0.738643,0.700985,0.597018,0.033179
2853.196042,sim,0.300981,0.578723,0.738643,0.700985,0.597018,0.033179
2853.200697,sim,0.300981,0.578723,0.738643,0.700985,0.597018,0.033179
2853.204167,sim,0.260851,0.520978,0.690090,0.654679,0.543769,0.029829
2853.208134,sim,0.260851,0.520978,0.690090,0.654679,0.543769,0.029829
2853.212201,sim,0.260851,0.520978,0.690090,0.654679,0.543769,0.029829
2853.216110,sim,0.260851,0.520978,0.690090,0.654679,0.543769,0.029829
2853.220381,sim,0.260851,0.520978,0.690090,0.654679,0.543769,0.029829
2853.224246,sim,0.226070,0.461224,0.641075,0.607612,0.490685,0.026926
2853.228062,sim,0.226070,0.461224,0.641075,0.607612,0.490685,0.026926
2853.232052,sim,0.226070,0.461224,0.641075,0.607612,0.490685,0.026926
2853.235997,sim,0.226070,0.461224,0.641075,0.607612,0.490685,0.026926
2853.240286,sim,0.226070,0.461224,0.641075,0.607612,0.490685,0.026926
2853.244105,sim,0.195928,0.402501,0.590274,0.558498,0.436356,0.024410
2853.248094,sim,0.195928,0.402501,0.590274,0.558498,0.436356,0.024410
2853.252094,sim,0.195928,0.402501,0.590274,0.558498,0.436356,0.024410
2853.256035,sim,0.195928,0.402501,0.590274,0.558498,0.436356,0.024410
2853.260143,sim,0.195928,0.402501,0.590274,0.558498,0.436356,0.024410
2853.263947,sim,0.169804,0.351608,0.542085,0.507611,0.382336,0.022229
2853.268070,sim,0.169804,0.351608,0.542085,0.507611,0.382336,0.022229
2853.272354,sim,0.169804,0.351608,0.542085,0.507611,0.382336,0.022229
2853.275988,sim,0.169804,0.351608,0.542085,0.507611,0.382336,0.022229
2853.280014,sim,0.169804,0.351608,0.542085,0.507611,0.382336,0.022229
2853.284124,sim,0.147163,0.307501,0.490612,0.459348,0.331358,0.020340
2853.288046,sim,0.147163,0.307501,0.490612,0.459348,0.331358,0.020340
2853.292063,sim,0.147163,0.307501,0.490612,0.459348,0.331358,0.020340
2853.296036,sim,0.147163,0.307501,0.490612,0.459348,0.331358,0.020340
2853.300357,sim,0.147163,0.307501,0.490612,0.459348,0.331358,0.020340
2853.304307,sim,0.147163,0.307501,0.490612,0.459348,0.331358,0.020340
2853.308234,sim,0.147163,0.307501,0.490612,0.459348,0.331358,0.020340
2853.312291,sim,0.147163,0.307501,0.490612,0.459348,0.331358,0.020340
2853.316353,sim,0.147163,0.307501,0.490612,0.459348,0.331358,0.020340
2853.320555,sim,0.147163,0.307501,0.490612,0.459348,0.331358,0.020340
2853.324384,sim,0.127542,0.269275,0.432132,0.400875,0.287177,0.018702
2853.328154,sim,0.127542,0.269275,0.432132,0.400875,0.287177,0.018702
2853.332291,sim,0.127542,0.269275,0.432132,0.400875,0.287177,0.018702
2853.336211,sim,0.127542,0.269275,0.432132,0.400875,0.287177,0.018702
2853.340274,sim,0.127542,0.269275,0.432132,0.400875,0.287177,0.018702
2853.344091,sim,0.110536,0.236146,0.375902,0.347425,0.248887,0.017282
2853.348175,sim,0.110536,0.236146,0.375902,0.347425,0.248887,0.017282
2853.352194,sim,0.110536,0.236146,0.375902,0.347425,0.248887,0.017282
2853.356268,sim,0.110536,0.236146,0.375902,0.347425,0.248887,0.017282
2853.360274,sim,0.110536,0.236146,0.375902,0.347425,0.248887,0.017282
2853.364257,sim,0.095798,0.207434,0.325782,0.301102,0.215702,0.016052
2853.368273,sim,0.095798,0.207434,0.325782,0.301102,0.215702,0.016052
2853.372445,sim,0.095798,0.207434,0.325782,0.301102,0.215702,0.016052
2853.376084,sim,0.095798,0.207434,0.325782,0.301102,0.215702,0.016052
2853.380315,sim,0.095798,0.207434,0.325782,0.301102,0.215702,0.016052
2853.384602,sim,0.083025,0.181163,0.282344,0.260955,0.186942,0.014986
2853.388432,sim,0.083025,0.181163,0.282344,0.260955,0.186942,0.014986
2853.392446,sim,0.083025,0.181163,0.282344,0.260955,0.186942,0.014986
2853.396143,sim,0.083025,0.181163,0.282344,0.260955,0.186942,0.014986
2853.400315,sim,0.083025,0.181163,0.282344,0.260955,0.186942,0.014986
2853.404311,sim,0.083025,0.181163,0.282344,0.260955,0.186942,0.014986
2853.408111,sim,0.080001,0.158395,0.244699,0.226162,0.162017,0.014062
2853.412297,sim,0.080000,0.158395,0.244698,0.226161,0.162016,0.014061
2853.416207,sim,0.080000,0.158395,0.244698,0.226161,0.162016,0.014061
2853.420351,sim,0.080000,0.158395,0.244698,0.226161,0.162016,0.014062
2853.424338,sim,0.080000,0.138662,0.212071,0.196006,0.140414,0.013261
2853.428327,sim,0.080000,0.138663,0.212072,0.196006,0.140414,0.013261
2853.432505,sim,0.080000,0.138662,0.212071,0.196006,0.140414,0.013261
2853.436390,sim,0.080000,0.138663,0.212072,0.196006,0.140414,0.013261
2853.440511,sim,0.080000,0.138662,0.212071,0.196006,0.140414,0.013261
2853.444554,sim,0.080000,0.121561,0.183796,0.169872,0.121692,0.012567
2853.448443,sim,0.080000,0.121561,0.183795,0.169872,0.121692,0.012567
2853.452558,sim,0.080000,0.121561,0.183796,0.169872,0.121692,0.012567
2853.456273,sim,0.080000,0.121561,0.183795,0.169872,0.121692,0.012567
2853.460179,sim,0.080000,0.121561,0.183796,0.169872,0.121692,0.012567
2853.464450,sim,0.080000,0.121561,0.183795,0.169872,0.121692,0.012567
2853.468281,sim,0.080000,0.120000,0.159290,0.147223,0.120000,0.011965
2853.472366,sim,0.080000,0.120000,0.159290,0.147223,0.120000,0.011966
2853.476153,sim,0.080000,0.120000,0.159289,0.147222,0.120000,0.011965
2853.480336,sim,0.080001,0.120001,0.159291,0.147224,0.120001,0.011966
2853.484470,sim,0.079999,0.119999,0.138050,0.127592,0.119999,0.011443
2853.488211,sim,0.080001,0.120001,0.138052,0.127594,0.120001,0.011445
2853.492219,sim,0.079999,0.119999,0.138050,0.127592,0.119999,0.011443
2853.496145,sim,0.080001,0.120001,0.138052,0.127594,0.120001,0.011445
2853.500083,sim,0.079999,0.119999,0.138050,0.127592,0.119999,0.011443
2853.504390,sim,0.080001,0.120001,0.138052,0.127594,0.120001,0.011445
2853.508158,sim,0.079999,0.119999,0.119999,0.119999,0.119999,0.010991
2853.512350,sim,0.080002,0.120002,0.120002,0.120002,0.120002,0.010994
2853.516124,sim,0.079999,0.119999,0.119999,0.119999,0.119999,0.010991
2853.520123,sim,0.080002,0.120002,0.120002,0.120002,0.120002,0.010994
2853.524466,sim,0.079999,0.119999,0.119999,0.119999,0.119999,0.010991
2853.528282,sim,0.080002,0.120002,0.120002,0.120002,0.120002,0.010602
2853.532474,sim,0.079999,0.119999,0.119999,0.119999,0.119999,0.010599
2853.536286,sim,0.080002,0.120002,0.120002,0.120002,0.120002,0.010602
2853.540401,sim,0.079999,0.119999,0.119999,0.119999,0.119999,0.010599
2853.544652,sim,0.080002,0.120002,0.120002,0.120002,0.120002,0.010603
2853.548309,sim,0.079999,0.119999,0.119999,0.119999,0.119999,0.010260
2853.552290,sim,0.080002,0.120002,0.120002,0.120002,0.120002,0.010263
2853.556314,sim,0.079999,0.119999,0.119999,0.119999,0.119999,0.010260
2853.560241,sim,0.080002,0.120002,0.120002,0.120002,0.120002,0.009969
2853.564154,sim,0.079999,0.119999,0.119999,0.119999,0.119999,0.009672
2853.568195,sim,0.080002,0.120002,0.120002,0.120002,0.120002,0.009381
2853.572405,sim,0.079999,0.119999,0.119999,0.119999,0.119999,0.009083
2853.576315,sim,0.080002,0.120002,0.120002,0.120002,0.120002,0.008792
2853.580212,sim,0.079999,0.119999,0.119999,0.119999,0.119999,0.008495
2853.584142,sim,0.080002,0.120002,0.120002,0.120002,0.120002,0.008205
2853.588215,sim,0.079999,0.119999,0.119999,0.119999,0.119999,0.008054
2853.592351,sim,0.080002,0.120002,0.120002,0.120002,0.120002,0.008057
2853.596151,sim,0.079999,0.119999,0.119999,0.119999,0.119999,0.008054
2853.600259,sim,0.080002,0.120002,0.120002,0.120002,0.120002,0.008057
2853.604193,sim,0.079999,0.119999,0.119999,0.119999,0.119999,0.008054
2853.608225,sim,0.080002,0.120002,0.120002,0.120002,0.120002,0.008057
2853.612334,sim,0.079999,0.119999,0.119999,0.119999,0.119999,0.008054
2853.616192,sim,0.080002,0.120002,0.120002,0.120002,0.120002,0.008057
2853.620234,sim,0.079999,0.119999,0.119999,0.119999,0.119999,0.008054
2853.624403,sim,0.080002,0.120002,0.120002,0.120002,0.120002,0.008057
2853.628465,sim,0.079999,0.119999,0.119999,0.119999,0.119999,0.008054
2853.632419,sim,0.080002,0.120002,0.120002,0.120002,0.120002,0.008057
2853.636268,sim,0.079999,0.119999,0.119999,0.119999,0.119999,0.008054
2853.640361,sim,0.080002,0.120002,0.120002,0.120002,0.120002,0.008057
2853.644218,sim,0.079999,0.119999,0.119999,0.119999,0.119999,0.008054
2853.648212,sim,0.080002,0.120002,0.120002,0.120002,0.120002,0.008057
2853.652352,sim,0.079999,0.119999,0.119999,0.119999,0.119999,0.008054
2853.656574,sim,0.080002,0.120002,0.120002,0.120002,0.120002,0.008057
2853.660352,sim,0.079999,0.119999,0.119999,0.119999,0.119999,0.008054
2853.664303,sim,0.080002,0.120002,0.120002,0.120002,0.120002,0.008057
2853.668492,sim,0.079999,0.119999,0.119999,0.119999,0.119999,0.008054
2853.672629,sim,0.080002,0.120002,0.120002,0.120002,0.120002,0.008057
2853.676302,sim,0.079999,0.119999,0.119999,0.119999,0.119999,0.008054
2853.680268,sim,0.080002,0.120002,0.120002,0.120002,0.120002,0.008057
2853.684464,sim,0.079999,0.119999,0.119999,0.119999,0.119999,0.008054
2853.688458,sim,0.080002,0.120002,0.120002,0.120002,0.120002,0.008058
2853.692459,sim,0.079998,0.119998,0.119998,0.119998,0.119998,0.008054
2853.696241,sim,0.080002,0.120002,0.120002,0.120002,0.120002,0.008057
2853.700600,sim,0.079999,0.119999,0.119999,0.119999,0.119999,0.008054
2853.704424,sim,0.080002,0.120002,0.120002,0.120002,0.120002,0.008057
2853.708614,sim,0.079999,0.119999,0.119999,0.119999,0.119999,0.008054
2853.712372,sim,0.080002,0.120002,0.120002,0.120002,0.120002,0.008057
2853.716590,sim,0.079999,0.119999,0.119999,0.119999,0.119999,0.008054
2853.720555,sim,0.080002,0.120002,0.120002,0.120002,0.120002,0.008057
2853.724556,sim,0.079999,0.119999,0.119999,0.119999,0.119999,0.008054
2853.728373,sim,0.080002,0.120002,0.120002,0.120002,0.120002,0.008057
2853.732442,sim,0.079999,0.119999,0.119999,0.119999,0.119999,0.008054
2853.736444,sim,0.080002,0.120002,0.120002,0.120002,0.120002,0.008057
2853.740327,sim,0.079999,0.119999,0.119999,0.119999,0.119999,0.008054
2853.744229,sim,0.080002,0.120002,0.120002,0.120002,0.120002,0.008057
2853.748437,sim,0.079999,0.119999,0.119999,0.119999,0.119999,0.008054
2853.752597,sim,0.080002,0.120002,0.120002,0.120002,0.120002,0.014501
2853.756491,sim,0.079999,0.119999,0.119999,0.119999,0.119999,0.014498
2853.761462,sim,0.080002,0.120002,0.120002,0.120002,0.120002,0.014502
2853.764538,sim,0.079999,0.119999,0.119999,0.119999,0.119999,0.014498
2853.768665,sim,0.080002,0.120002,0.120002,0.120002,0.120002,0.027605
2853.772655,sim,0.079999,0.119999,0.119999,0.119999,0.119999,0.027602
2853.776264,sim,0.080002,0.120002,0.120002,0.120002,0.120002,0.027605
2853.780473,sim,0.079999,0.119999,0.119999,0.119999,0.119999,0.027602
2853.784460,sim,0.080002,0.120002,0.120002,0.120002,0.120002,0.027605
2853.788416,sim,0.079999,0.119999,0.119999,0.119999,0.119999,0.027602
2853.792407,sim,0.080002,0.120002,0.120002,0.120002,0.120002,0.046480
2853.796332,sim,0.079999,0.119999,0.119999,0.119999,0.119999,0.046476
2853.800437,sim,0.080002,0.120002,0.120002,0.120002,0.120002,0.046480
2853.804371,sim,0.079999,0.119999,0.119999,0.119999,0.119999,0.046476
2853.808373,sim,0.080002,0.120002,0.120002,0.120002,0.120002,0.064986
2853.812634,sim,0.079999,0.119999,0.119999,0.119999,0.119999,0.064982
2853.816532,sim,0.080002,0.120002,0.120002,0.120002,0.120002,0.064986
2853.820445,sim,0.079999,0.119999,0.119999,0.119999,0.119999,0.064982
2853.824431,sim,0.080002,0.120002,0.120002,0.120002,0.120002,0.064986
2853.828707,sim,0.079999,0.119999,0.119999,0.119999,0.119999,0.064982
2853.832608,sim,0.107480,0.120002,0.120002,0.120002,0.120002,0.081024
2853.836424,sim,0.107477,0.119999,0.119999,0.119999,0.119999,0.081021
2853.840470,sim,0.107480,0.120001,0.120001,0.120001,0.120001,0.081024
2853.844476,sim,0.107477,0.119999,0.119999,0.119999,0.119999,0.081021
2853.848457,sim,0.107480,0.120002,0.120002,0.120002,0.120002,0.081024
2853.852524,sim,0.152788,0.119999,0.119999,0.119999,0.119999,0.094921
2853.856357,sim,0.152791,0.120002,0.120001,0.120002,0.120002,0.094924
2853.860386,sim,0.152788,0.119999,0.119999,0.119999,0.119999,0.094921
2853.864460,sim,0.152791,0.120002,0.120002,0.120002,0.120002,0.094924
2853.868478,sim,0.152788,0.119999,0.119999,0.119999,0.119999,0.094921
2853.872786,sim,0.201770,0.120001,0.120001,0.120001,0.120001,0.105896
2853.877232,sim,0.201768,0.119999,0.119999,0.119999,0.119999,0.105894
2853.880472,sim,0.201770,0.120002,0.120002,0.120002,0.120002,0.105897
2853.884612,sim,0.201767,0.119999,0.119999,0.119999,0.119999,0.105894
2853.888525,sim,0.201770,0.120002,0.120002,0.120002,0.120002,0.105897
2853.892839,sim,0.255312,0.119999,0.119999,0.119999,0.119999,0.115404
2853.896633,sim,0.255314,0.120001,0.120001,0.120001,0.120001,0.115406
2853.900533,sim,0.255312,0.119999,0.119999,0.119999,0.119999,0.115404
2853.904640,sim,0.255315,0.120002,0.120002,0.120002,0.120002,0.115407
2853.908630,sim,0.308652,0.141060,0.119999,0.119999,0.119999,0.123646
2853.912660,sim,0.308654,0.141062,0.120001,0.120001,0.120001,0.123648
2853.916451,sim,0.308653,0.141060,0.119999,0.119999,0.119999,0.123646
2853.920401,sim,0.308654,0.141062,0.120001,0.120001,0.120001,0.123648
2853.924439,sim,0.308653,0.141060,0.119999,0.119999,0.119999,0.123646
2853.928523,sim,0.308654,0.141062,0.120001,0.120001,0.120001,0.123648
2853.932693,sim,0.368751,0.180507,0.119999,0.119999,0.119999,0.130789
2853.936460,sim,0.368753,0.180509,0.120001,0.120001,0.120001,0.130791
2853.940516,sim,0.368751,0.180507,0.119999,0.119999,0.119999,0.130789
2853.944601,sim,0.368753,0.180509,0.120001,0.120001,0.120001,0.130791
2853.948555,sim,0.368751,0.180507,0.119999,0.119999,0.119999,0.130789
2853.952533,sim,0.429160,0.223018,0.120001,0.120001,0.120001,0.136981
2853.956461,sim,0.429158,0.223016,0.119999,0.119999,0.119999,0.136979
2853.960522,sim,0.429160,0.223018,0.120001,0.120001,0.120001,0.136981
2853.964672,sim,0.429158,0.223016,0.119999,0.119999,0.119999,0.136979
2853.968628,sim,0.429160,0.223018,0.120001,0.120001,0.120001,0.136981
2853.972732,sim,0.492608,0.266792,0.119999,0.119999,0.137805,0.142344
2853.976454,sim,0.492609,0.266794,0.120001,0.120001,0.137806,0.142346
2853.980370,sim,0.492608,0.266793,0.120000,0.120000,0.137805,0.142345
2853.984474,sim,0.492609,0.266794,0.120001,0.120001,0.137806,0.142346
2853.988516,sim,0.492608,0.266793,0.120000,0.120000,0.137805,0.142345
2853.992497,sim,0.557308,0.313055,0.120001,0.120001,0.176300,0.146996
2853.996551,sim,0.557306,0.313054,0.120000,0.120000,0.176299,0.146994
2854.000522,sim,0.557307,0.313055,0.120001,0.120001,0.176300,0.146995
2854.004459,sim,0.557306,0.313054,0.120000,0.120000,0.176299,0.146994
2854.008729,sim,0.557308,0.313055,0.120001,0.120001,0.176300,0.146995
2854.012493,sim,0.618927,0.361470,0.127501,0.120000,0.217982,0.151024
2854.016434,sim,0.618927,0.361471,0.127502,0.120000,0.217983,0.151025
2854.020507,sim,0.618927,0.361470,0.127502,0.120000,0.217982,0.151024
2854.024500,sim,0.618927,0.361470,0.127502,0.120000,0.217983,0.151025
2854.028637,sim,0.618927,0.361470,0.127502,0.120000,0.217982,0.151024
2854.032494,sim,0.672331,0.411752,0.163208,0.153878,0.261043,0.154517
2854.036441,sim,0.672331,0.411752,0.163208,0.153878,0.261043,0.154517
2854.040387,sim,0.672331,0.411752,0.163208,0.153878,0.261043,0.154517
2854.044325,sim,0.672331,0.411752,0.163208,0.153878,0.261043,0.154517
2854.048447,sim,0.672331,0.411752,0.163208,0.153878,0.261043,0.154517
2854.052609,sim,0.718614,0.462265,0.202476,0.191616,0.306684,0.157544
2854.056513,sim,0.718614,0.462265,0.202476,0.191616,0.306684,0.157544
2854.060460,sim,0.718614,0.462265,0.202476,0.191616,0.306684,0.157544
2854.064384,sim,0.718614,0.462265,0.202476,0.191616,0.306684,0.157544
2854.068798,sim,0.718614,0.462265,0.202476,0.191616,0.306684,0.157544
2854.072752,sim,0.758727,0.512978,0.243443,0.232644,0.353175,0.160167
2854.076402,sim,0.758727,0.512978,0.243443,0.232644,0.353175,0.160167
2854.080370,sim,0.758727,0.512978,0.243443,0.232644,0.353175,0.160167
2854.084524,sim,0.758727,0.512978,0.243443,0.232644,0.353175,0.160167
2854.088607,sim,0.758727,0.512978,0.243443,0.232644,0.353175,0.160167
2854.092827,sim,0.793491,0.566639,0.287270,0.275136,0.401789,0.162441
2854.096434,sim,0.793491,0.566639,0.287270,0.275136,0.401789,0.162441
2854.100672,sim,0.793491,0.566639,0.287270,0.275136,0.401789,0.162441
2854.104702,sim,0.793491,0.566639,0.287270,0.275136,0.401789,0.162441
2854.108738,sim,0.793491,0.566639,0.287270,0.275136,0.401789,0.162441
2854.112532,sim,0.823620,0.620079,0.333575,0.320285,0.452243,0.164411
2854.116939,sim,0.823620,0.620079,0.333575,0.320285,0.452243,0.164411
2854.121204,sim,0.823620,0.620079,0.333575,0.320285,0.452243,0.164411
2854.124646,sim,0.823620,0.620079,0.333575,0.320285,0.452243,0.164411
2854.128610,sim,0.849731,0.671943,0.380642,0.364963,0.501519,0.166118
2854.132750,sim,0.849731,0.671943,0.380642,0.364963,0.501519,0.166118
2854.136600,sim,0.849731,0.671943,0.380642,0.364963,0.501519,0.166118
2854.140559,sim,0.849731,0.671943,0.380642,0.364963,0.501519,0.166118
2854.144423,sim,0.849731,0.671943,0.380642,0.364963,0.501519,0.166118
2854.148517,sim,0.849731,0.671943,0.380642,0.364963,0.501519,0.166118
2854.152803,sim,0.849731,0.671943,0.380642,0.364963,0.501519,0.166118
2854.156572,sim,0.872361,0.729374,0.432529,0.416166,0.555320,0.167598
2854.160467,sim,0.872361,0.729374,0.432529,0.416166,0.555320,0.167598
2854.164596,sim,0.872361,0.729374,0.432529,0.416166,0.555320,0.167598
2854.168598,sim,0.872361,0.729374,0.432529,0.416166,0.555320,0.167598
2854.172861,sim,0.891974,0.784696,0.483045,0.466091,0.607496,0.168881
2854.176474,sim,0.891974,0.784696,0.483045,0.466091,0.607496,0.168881
2854.180490,sim,0.891974,0.784696,0.483045,0.466091,0.607496,0.168881
2854.184722,sim,0.891974,0.784696,0.483045,0.466091,0.607496,0.168881
2854.188556,sim,0.891974,0.784696,0.483045,0.466091,0.607496,0.168881
2854.192544,sim,0.908972,0.836803,0.535149,0.516294,0.661037,0.169993
2854.196522,sim,0.908972,0.836803,0.535149,0.516294,0.661037,0.169993
2854.200555,sim,0.908972,0.836803,0.535149,0.516294,0.661037,0.169993
2854.204492,sim,0.908972,0.836803,0.535149,0.516294,0.661037,0.169993
2854.208561,sim,0.908972,0.836803,0.535149,0.516294,0.661037,0.169993
2854.213046,sim,0.923703,0.881962,0.587240,0.568125,0.714374,0.170956
2854.217309,sim,0.923703,0.881962,0.587240,0.568125,0.714374,0.170956
2854.220698,sim,0.923703,0.881962,0.587240,0.568125,0.714374,0.170956
2854.224656,sim,0.923703,0.881962,0.587240,0.568125,0.714374,0.170956
2854.228612,sim,0.923703,0.881962,0.587240,0.568125,0.714374,0.170956
2854.232790,sim,0.936471,0.921100,0.640708,0.619980,0.764761,0.171791
2854.236630,sim,0.936471,0.921100,0.640708,0.619980,0.764761,0.171791
2854.240447,sim,0.936471,0.921100,0.640708,0.619980,0.764761,0.171791
2854.244511,sim,0.936471,0.921100,0.640708,0.619980,0.764761,0.171791
2854.248816,sim,0.936471,0.921100,0.640708,0.619980,0.764761,0.171791
2854.252726,sim,0.947535,0.955019,0.693982,0.674631,0.808430,0.172515
2854.256439,sim,0.947535,0.955019,0.693982,0.674631,0.808430,0.172515
2854.260497,sim,0.947535,0.955019,0.693982,0.674631,0.808430,0.172515
2854.264505,sim,0.947535,0.955019,0.693982,0.674631,0.808430,0.172515
2854.268436,sim,0.947535,0.955019,0.693982,0.674631,0.808430,0.172515
2854.272707,sim,0.947535,0.955019,0.693982,0.674631,0.808430,0.172515
2854.276607,sim,0.957125,0.984416,0.749862,0.730317,0.846276,0.173142
2854.280548,sim,0.957125,0.984416,0.749862,0.730317,0.846276,0.173142
2854.284508,sim,0.957125,0.984416,0.749862,0.730317,0.846276,0.173142
2854.288435,sim,0.957125,0.984416,0.749862,0.730317,0.846276,0.173142
2854.292616,sim,0.957125,0.984416,0.749862,0.730317,0.846276,0.173142
2854.296588,sim,0.965434,0.999998,0.806611,0.786899,0.879074,0.173684
2854.300590,sim,0.965438,1.000002,0.806615,0.786902,0.879078,0.173687
2854.304559,sim,0.965439,1.000003,0.806616,0.786903,0.879079,0.173688
2854.308724,sim,0.965438,1.000002,0.806615,0.786902,0.879078,0.173687
2854.312886,sim,0.972641,1.000002,0.858573,0.837328,0.907504,0.174158
2854.316616,sim,0.972641,1.000002,0.858573,0.837328,0.907504,0.174158
2854.320569,sim,0.972641,1.000002,0.858573,0.837328,0.907504,0.174158
2854.324568,sim,0.972641,1.000002,0.858573,0.837328,0.907504,0.174158
2854.328583,sim,0.972641,1.000002,0.858573,0.837328,0.907504,0.174158
2854.332889,sim,0.972641,1.000002,0.858573,0.837328,0.907504,0.174158
2854.336519,sim,0.978883,1.000002,0.903604,0.882417,0.932141,0.174566
2854.340512,sim,0.978883,1.000002,0.903604,0.882417,0.932141,0.174566
2854.344467,sim,0.978883,1.000002,0.903604,0.882417,0.932141,0.174566
2854.348451,sim,0.978883,1.000002,0.903604,0.882417,0.932141,0.174566
2854.352744,sim,0.978883,1.000002,0.903604,0.882417,0.932141,0.174566
2854.356604,sim,0.984293,1.000002,0.942631,0.921495,0.953492,0.174920
2854.360528,sim,0.984293,1.000002,0.942631,0.921495,0.953492,0.174920
2854.364482,sim,0.984293,1.000002,0.942631,0.921495,0.953492,0.174920
2854.368428,sim,0.984293,1.000002,0.942631,0.921495,0.953492,0.174920
2854.372874,sim,0.984293,1.000002,0.942631,0.921495,0.953492,0.174920
2854.376548,sim,0.988982,1.000002,0.976454,0.955362,0.971997,0.175227
2854.380510,sim,0.988982,1.000002,0.976454,0.955362,0.971997,0.175227
2854.384458,sim,0.988982,1.000002,0.976454,0.955362,0.971997,0.175227
2854.388448,sim,0.988982,1.000002,0.976454,0.955362,0.971997,0.175227
2854.392657,sim,0.988982,1.000002,0.976454,0.955362,0.971997,0.175227
2854.396585,sim,0.993046,1.000002,1.000002,0.984713,0.988034,0.175493
2854.400522,sim,0.993044,1.000000,1.000000,0.984712,0.988033,0.175491
2854.404594,sim,0.993047,1.000003,1.000003,0.984714,0.988035,0.175493
2854.408496,sim,0.993046,1.000002,1.000002,0.984714,0.988034,0.175493
2854.412542,sim,0.993046,1.000002,1.000002,0.984714,0.988034,0.175493
2854.416541,sim,0.996567,1.000002,1.000002,1.000002,1.000002,0.175723
2854.420514,sim,0.996565,1.000000,1.000000,1.000000,1.000000,0.175721
2854.424637,sim,0.996567,1.000001,1.000001,1.000001,1.000001,0.175722
2854.428580,sim,0.996563,0.999997,0.999997,0.999997,0.999997,0.175718
2854.432656,sim,0.996567,1.000001,1.000001,1.000001,1.000001,0.175722
2854.437032,sim,0.996559,0.999994,0.999994,0.999994,0.999994,0.175715
2854.440720,sim,0.999621,1.000003,1.000003,1.000003,1.000003,0.175923
2854.444647,sim,0.999612,0.999994,0.999994,0.999994,0.999994,0.175914
2854.448498,sim,0.999621,1.000003,1.000003,1.000003,1.000003,0.175924
2854.452682,sim,0.999612,0.999994,0.999994,0.999994,0.999994,0.175914
2854.456665,sim,0.999621,1.000003,1.000003,1.000003,1.000003,0.175924
2854.460567,sim,0.999994,0.999994,0.999994,0.999994,0.999994,0.176088
2854.464519,sim,1.000001,1.000001,1.000001,1.000001,1.000001,0.176094
2854.468505,sim,0.999994,0.999994,0.999994,0.999994,0.999994,0.176088
2854.472807,sim,1.000002,1.000002,1.000002,1.000002,1.000002,0.176095
2854.476697,sim,0.999996,0.999996,0.999996,0.999996,0.999996,0.176089
2854.480617,sim,1.000000,1.000000,1.000000,1.000000,1.000000,0.176244
2854.484698,sim,0.999994,0.999994,0.999994,0.999994,0.999994,0.176238
2854.488689,sim,1.000002,1.000002,1.000002,1.000002,1.000002,0.176245
2854.492724,sim,0.999995,0.999995,0.999995,0.999995,0.999995,0.176239
2854.496541,sim,1.000000,1.000000,1.000000,1.000000,1.000000,0.176374
2854.500577,sim,0.999994,0.999994,0.999994,0.999994,0.999994,0.176367
2854.504603,sim,1.000001,1.000001,1.000001,1.000001,1.000001,0.176375
2854.508559,sim,0.999996,0.999996,0.999996,0.999996,0.999996,0.176369
2854.512702,sim,1.000001,1.000001,1.000001,1.000001,1.000001,0.176374
2854.516847,sim,0.999994,0.999994,0.999994,0.999994,0.999994,0.176480
2854.520683,sim,1.000002,1.000002,1.000002,1.000002,1.000002,0.176488
2854.524572,sim,0.999995,0.999995,0.999995,0.999995,0.999995,0.176481
2854.528556,sim,1.000001,1.000001,1.000001,1.000001,1.000001,0.176487
2854.533496,sim,0.999994,0.999994,0.999994,0.999994,0.999994,0.176480
2854.536728,sim,1.000002,1.000002,1.000002,1.000002,1.000002,0.176585
2854.540903,sim,0.999996,0.999996,0.999996,0.999996,0.999996,0.176579
2854.544814,sim,1.000001,1.000001,1.000001,1.000001,1.000001,0.176584
2854.548726,sim,0.999994,0.999994,0.999994,0.999994,0.999994,0.176578
2854.552960,sim,1.000001,1.000001,1.000001,1.000001,1.000001,0.176584
2854.556720,sim,0.999996,0.999996,0.999996,0.999996,0.999996,0.176664
2854.560588,sim,1.000000,1.000000,1.000000,1.000000,1.000000,0.176668
2854.564623,sim,0.999994,0.999994,0.999994,0.999994,0.999994,0.176662
2854.568688,sim,1.000001,1.000001,1.000001,1.000001,1.000001,0.176670
2854.573407,sim,0.999995,0.999995,0.999995,0.999995,0.999995,0.176664
2854.576813,sim,0.993311,1.000003,1.000003,1.000003,1.000003,0.176744
2854.580831,sim,0.993302,0.999995,0.999995,0.999995,0.999995,0.176736
2854.584756,sim,0.993310,1.000002,1.000002,1.000002,1.000002,0.176744
2854.588715,sim,0.993302,0.999994,0.999994,0.999994,0.999994,0.176736
2854.592887,sim,0.993311,1.000003,1.000003,1.000003,1.000003,0.176745
2854.596758,sim,0.970435,0.999994,0.999994,0.999994,0.999994,0.176799
2854.600621,sim,0.970444,1.000003,1.000003,1.000003,1.000003,0.176808
2854.604771,sim,0.970435,0.999994,0.999994,0.999994,0.999994,0.176799
2854.609190,sim,0.970444,1.000003,1.000003,1.000003,1.000003,0.176808
2854.613037,sim,0.970436,0.999995,0.999995,0.999995,0.999995,0.176800
2854.617137,sim,0.939530,1.000003,1.000003,1.000003,1.000003,0.176863
2854.621032,sim,0.939521,0.999994,0.999994,0.999994,0.999994,0.176854
2854.624959,sim,0.939530,1.000003,1.000003,1.000003,1.000003,0.176863
2854.629030,sim,0.939521,0.999994,0.999994,0.999994,0.999994,0.176854
2854.633083,sim,0.939530,1.000003,1.000003,1.000003,1.000003,0.176863
2854.637544,sim,0.900249,0.999998,0.999998,0.999998,0.995514,0.173683
2854.641111,sim,0.900255,1.000003,1.000003,1.000003,0.995519,0.173688
2854.644836,sim,0.900249,0.999997,0.999997,0.999997,0.995513,0.173683
2854.649047,sim,0.900255,1.000003,1.000003,1.000003,0.995519,0.173689
2854.653297,sim,0.900249,0.999997,0.999997,0.999997,0.995513,0.173683
2854.657453,sim,0.855120,1.000002,1.000002,1.000002,0.966809,0.163419
2854.660936,sim,0.855114,0.999997,0.999997,0.999997,0.966804,0.163413
2854.665361,sim,0.855120,1.000003,1.000003,1.000003,0.966810,0.163419
2854.669233,sim,0.855114,0.999997,0.999997,0.999997,0.966804,0.163413
2854.673734,sim,0.855120,1.000002,1.000002,1.000002,0.966809,0.163419
2854.677315,sim,0.804902,0.999998,0.999998,0.998059,0.933601,0.145921
2854.681269,sim,0.804907,1.000003,1.000003,0.998064,0.933606,0.145926
2854.685092,sim,0.804902,0.999998,0.999998,0.998059,0.933601,0.145921
2854.688864,sim,0.804907,1.000003,1.000003,0.998064,0.933606,0.145926
2854.692976,sim,0.804902,0.999998,0.999998,0.998059,0.933601,0.145921
2854.697467,sim,0.804907,1.000003,1.000003,0.998064,0.933606,0.145926
2854.700918,sim,0.748902,0.964877,0.999118,0.964851,0.895117,0.126466
2854.704897,sim,0.748903,0.964878,0.999119,0.964852,0.895118,0.126467
2854.708765,sim,0.748903,0.964878,0.999119,0.964852,0.895118,0.126467
2854.712951,sim,0.748903,0.964878,0.999119,0.964852,0.895118,0.126467
2854.716807,sim,0.748903,0.964878,0.999119,0.964852,0.895118,0.126467
2854.720736,sim,0.687886,0.920836,0.962994,0.929135,0.854829,0.109605
2854.724802,sim,0.687886,0.920836,0.962994,0.929135,0.854829,0.109605
2854.728939,sim,0.687886,0.920836,0.962994,0.929135,0.854829,0.109605
2854.733057,sim,0.687886,0.920836,0.962994,0.929135,0.854829,0.109605
2854.736821,sim,0.687886,0.920836,0.962994,0.929135,0.854829,0.109605
2854.740828,sim,0.625295,0.874344,0.923364,0.891245,0.811590,0.094991
2854.744874,sim,0.625295,0.874344,0.923364,0.891245,0.811590,0.094991
2854.748755,sim,0.625295,0.874344,0.923364,0.891245,0.811590,0.094991
2854.752796,sim,0.625295,0.874344,0.923364,0.891245,0.811590,0.094991
2854.757105,sim,0.625295,0.874344,0.923364,0.891245,0.811590,0.094991
2854.760866,sim,0.559954,0.825728,0.883470,0.848699,0.765793,0.082325
2854.764858,sim,0.559954,0.825728,0.883470,0.848699,0.765793,0.082325
2854.768722,sim,0.559954,0.825728,0.883470,0.848699,0.765793,0.082325
2854.773121,sim,0.559954,0.825728,0.883470,0.848699,0.765793,0.082325
2854.776774,sim,0.559954,0.825728,0.883470,0.848699,0.765793,0.082325
2854.780901,sim,0.493615,0.775273,0.840573,0.804890,0.717781,0.071349
2854.784835,sim,0.493615,0.775273,0.840573,0.804890,0.717781,0.071349
2854.790302,sim,0.493615,0.775273,0.840573,0.804890,0.717781,0.071349
2854.793904,sim,0.493615,0.775273,0.840573,0.804890,0.717781,0.071349
2854.796999,sim,0.429187,0.724610,0.797847,0.761374,0.670623,0.061836
2854.800850,sim,0.429187,0.724610,0.797847,0.761374,0.670623,0.061836
2854.804793,sim,0.429187,0.724610,0.797847,0.761374,0.670623,0.061836
2854.808817,sim,0.429187,0.724610,0.797847,0.761374,0.670623,0.061836
2854.813269,sim,0.429187,0.724610,0.797847,0.761374,0.670623,0.061836
2854.816806,sim,0.429187,0.724610,0.797847,0.761374,0.670623,0.061836
2854.821107,sim,0.371962,0.670993,0.752496,0.715338,0.620043,0.053591
2854.825059,sim,0.371962,0.670993,0.752496,0.715338,0.620043,0.053591
2854.828903,sim,0.371962,0.670993,0.752496,0.715338,0.620043,0.053591
2854.832922,sim,0.371962,0.670993,0.752496,0.715338,0.620043,0.053591
2854.837118,sim,0.371962,0.670993,0.752496,0.715338,0.620043,0.053591
2854.840912,sim,0.322367,0.617589,0.706257,0.668505,0.567885,0.046445
2854.844908,sim,0.322367,0.617589,0.706257,0.668505,0.567885,0.046445
2854.848733,sim,0.322367,0.617589,0.706257,0.668505,0.567885,0.046445
2854.853266,sim,0.322367,0.617589,0.706257,0.668505,0.567885,0.046445
2854.857413,sim,0.322367,0.617589,0.706257,0.668505,0.567885,0.046445
2854.860933,sim,0.279385,0.561598,0.659248,0.620982,0.515746,0.040253
2854.864788,sim,0.279385,0.561598,0.659248,0.620982,0.515746,0.040253
2854.868909,sim,0.279385,0.561598,0.659248,0.620982,0.515746,0.040253
2854.873101,sim,0.279385,0.561598,0.659248,0.620982,0.515746,0.040253
2854.877153,sim,0.279385,0.561598,0.659248,0.620982,0.515746,0.040253
2854.881043,sim,0.242134,0.506136,0.610185,0.572859,0.462237,0.034886
2854.886363,sim,0.242134,0.506136,0.610185,0.572859,0.462237,0.034886
2854.889303,sim,0.242134,0.506136,0.610185,0.572859,0.462237,0.034886
2854.893097,sim,0.242134,0.506136,0.610185,0.572859,0.462237,0.034886
2854.896871,sim,0.242134,0.506136,0.610185,0.572859,0.462237,0.034886
2854.901116,sim,0.242134,0.506136,0.610185,0.572859,0.462237,0.034886
2854.904874,sim,0.242134,0.506136,0.610185,0.572859,0.462237,0.034886
2854.908864,sim,0.242134,0.506136,0.610185,0.572859,0.462237,0.034886
2854.912805,sim,0.242134,0.506136,0.610185,0.572859,0.462237,0.034886
2854.917504,sim,0.242134,0.506136,0.610185,0.572859,0.462237,0.034886
2854.920981,sim,0.209849,0.441425,0.553793,0.517283,0.400606,0.030234
2854.924871,sim,0.209849,0.441425,0.553793,0.517283,0.400606,0.030234
2854.928850,sim,0.209849,0.441425,0.553793,0.517283,0.400606,0.030234
2854.932928,sim,0.209849,0.441425,0.553793,0.517283,0.400606,0.030234
2854.937172,sim,0.209849,0.441425,0.553793,0.517283,0.400606,0.030234
2854.940837,sim,0.181869,0.385343,0.499372,0.460795,0.347191,0.026203
2854.944972,sim,0.181869,0.385343,0.499372,0.460795,0.347191,0.026203
2854.948938,sim,0.181869,0.385343,0.499372,0.460795,0.347191,0.026203
2854.953078,sim,0.181869,0.385343,0.499372,0.460795,0.347191,0.026203
2854.956957,sim,0.181869,0.385343,0.499372,0.460795,0.347191,0.026203
2854.960837,sim,0.157620,0.336738,0.443885,0.407678,0.300899,0.022709
2854.964989,sim,0.157620,0.336738,0.443885,0.407678,0.300899,0.022709
2854.968967,sim,0.157620,0.336738,0.443885,0.407678,0.300899,0.022709
2854.973280,sim,0.157620,0.336738,0.443885,0.407678,0.300899,0.022709
2854.977427,sim,0.157620,0.336738,0.443885,0.407678,0.300899,0.022709
2854.981446,sim,0.136604,0.293226,0.388862,0.353321,0.260779,0.019681
2854.986058,sim,0.136604,0.293226,0.388862,0.353321,0.260779,0.019681
2854.989183,sim,0.136604,0.293226,0.388862,0.353321,0.260779,0.019681
2854.993301,sim,0.136604,0.293226,0.388862,0.353321,0.260779,0.019681
2854.997052,sim,0.136604,0.293226,0.388862,0.353321,0.260779,0.019681
2855.001243,sim,0.136604,0.293226,0.388862,0.353321,0.260779,0.019681
2855.005013,sim,0.136604,0.293226,0.388862,0.353321,0.260779,0.019681
2855.009120,sim,0.136604,0.293226,0.388862,0.353321,0.260779,0.019681
2855.013144,sim,0.136604,0.293226,0.388862,0.353321,0.260779,0.019681
2855.017053,sim,0.136604,0.293226,0.388862,0.353321,0.260779,0.019681
2855.021039,sim,0.118390,0.255516,0.337014,0.306212,0.226009,0.017057
2855.024942,sim,0.118390,0.255516,0.337014,0.306212,0.226009,0.017057
2855.028947,sim,0.118390,0.255516,0.337014,0.306212,0.226009,0.017057
2855.033027,sim,0.118390,0.255516,0.337014,0.306212,0.226009,0.017057
2855.036908,sim,0.118390,0.255516,0.337014,0.306212,0.226009,0.017057
2855.041110,sim,0.118390,0.255516,0.337014,0.306212,0.226009,0.017057
2855.045023,sim,0.102605,0.222835,0.292078,0.265383,0.195874,0.014783
2855.048978,sim,0.102605,0.222835,0.292078,0.265383,0.195874,0.014783
2855.053093,sim,0.102605,0.222835,0.292078,0.265383,0.195874,0.014783
2855.056864,sim,0.102605,0.222835,0.292078,0.265383,0.195874,0.014783
2855.060901,sim,0.102605,0.222835,0.292078,0.265383,0.195874,0.014783
2855.064964,sim,0.088924,0.194510,0.253135,0.229999,0.169758,0.012812
2855.068866,sim,0.088924,0.194510,0.253135,0.229999,0.169758,0.012812
2855.073103,sim,0.088924,0.194510,0.253135,0.229999,0.169758,0.012812
2855.076902,sim,0.088924,0.194510,0.253135,0.229999,0.169758,0.012812
2855.081112,sim,0.088924,0.194510,0.253135,0.229999,0.169758,0.012812
2855.084889,sim,0.080001,0.169963,0.219384,0.199333,0.147124,0.011104
2855.088933,sim,0.080000,0.169962,0.219383,0.199332,0.147123,0.011103
2855.092959,sim,0.080000,0.169962,0.219383,0.199332,0.147123,0.011103
2855.096971,sim,0.080000,0.169963,0.219383,0.199333,0.147123,0.011104
2855.101410,sim,0.080000,0.169962,0.219383,0.199332,0.147123,0.011103
2855.105661,sim,0.080000,0.148688,0.190132,0.172755,0.127507,0.009623
2855.109177,sim,0.080000,0.148688,0.190132,0.172754,0.127507,0.009623
2855.113154,sim,0.080000,0.148688,0.190132,0.172755,0.127507,0.009623
2855.116916,sim,0.080000,0.148688,0.190132,0.172754,0.127507,0.009623
2855.121174,sim,0.080000,0.148688,0.190132,0.172755,0.127507,0.009623
2855.125536,sim,0.080000,0.130250,0.164781,0.149721,0.120000,0.008340
2855.129106,sim,0.080000,0.130250,0.164782,0.149721,0.120000,0.008340
2855.133393,sim,0.080000,0.130250,0.164781,0.149721,0.120000,0.008340
2855.137077,sim,0.080001,0.130251,0.164782,0.149721,0.120001,0.008341
2855.141677,sim,0.080000,0.130250,0.164781,0.149720,0.120000,0.008340
2855.145133,sim,0.080001,0.120001,0.142811,0.129759,0.120001,0.007229
2855.148947,sim,0.080000,0.120000,0.142810,0.129758,0.120000,0.007228
2855.152971,sim,0.080000,0.120000,0.142811,0.129758,0.120000,0.007228
2855.156920,sim,0.080000,0.120000,0.142810,0.129758,0.120000,0.007228
2855.160963,sim,0.080001,0.120001,0.142811,0.129759,0.120001,0.007229
2855.164871,sim,0.079999,0.119999,0.123768,0.119999,0.119999,0.006264
2855.168886,sim,0.080001,0.120002,0.123771,0.120001,0.120002,0.006266
2855.173078,sim,0.079999,0.119999,0.123768,0.119999,0.119999,0.006263
2855.176875,sim,0.080002,0.120002,0.123771,0.120002,0.120002,0.006266
2855.180965,sim,0.079999,0.119999,0.123768,0.119999,0.119999,0.006263
2855.184907,sim,0.080001,0.120001,0.120001,0.120001,0.120001,0.005431
2855.188920,sim,0.079999,0.119999,0.119999,0.119999,0.119999,0.005428
2855.193281,sim,0.080002,0.120002,0.120002,0.120002,0.120002,0.005431
2855.196952,sim,0.079999,0.119999,0.119999,0.119999,0.119999,0.005428
2855.201029,sim,0.080002,0.120002,0.120002,0.120002,0.120002,0.005431
2855.205327,sim,0.079999,0.119999,0.119999,0.119999,0.119999,0.004704
2855.209431,sim,0.080002,0.120002,0.120002,0.120002,0.120002,0.003984
2855.213245,sim,0.079998,0.119998,0.119998,0.119998,0.119998,0.003256
2855.216883,sim,0.080002,0.120002,0.120002,0.120002,0.120002,0.002536
2855.221230,sim,0.079999,0.119999,0.119999,0.119999,0.119999,0.001808
2855.224996,sim,0.080002,0.120002,0.120002,0.120002,0.120002,0.001088
2855.228931,sim,0.079999,0.119999,0.119999,0.119999,0.119999,0.000360
2855.232886,sim,0.080002,0.120002,0.120002,0.120002,0.120002,0.000024
2855.236951,sim,0.079999,0.119999,0.119999,0.119999,0.119999,-0.000015
2855.240940,sim,0.080002,0.120002,0.120002,0.120002,0.120002,0.000024
2855.244960,sim,0.079999,0.119999,0.119999,0.119999,0.119999,-0.000015
2855.248964,sim,0.080002,0.120002,0.120002,0.120002,0.120002,0.000023
2855.253041,sim,0.079999,0.119999,0.119999,0.119999,0.119999,-0.000015
2855.256930,sim,0.080002,0.120002,0.120002,0.120002,0.120002,0.000023
2855.260913,sim,0.079998,0.119998,0.119998,0.119998,0.119998,-0.000015
2855.264879,sim,0.080002,0.120002,0.120002,0.120002,0.120002,0.000023
2855.268896,sim,0.079999,0.119999,0.119999,0.119999,0.119999,-0.000014
2855.273153,sim,0.080002,0.120002,0.120002,0.120002,0.120002,0.000023
2855.276856,sim,0.079999,0.119999,0.119999,0.119999,0.119999,-0.000015
2855.280894,sim,0.080002,0.120002,0.120002,0.120002,0.120002,0.000022
2855.284973,sim,0.079999,0.119999,0.119999,0.119999,0.119999,-0.000014
2855.288959,sim,0.080002,0.120002,0.120002,0.120002,0.120002,0.000024
2855.293042,sim,0.079998,0.119998,0.119998,0.119998,0.119998,-0.000015
2855.296928,sim,0.080002,0.120002,0.120002,0.120002,0.120002,0.000022
2855.301209,sim,0.079999,0.119999,0.119999,0.119999,0.119999,-0.000014
2855.305018,sim,0.080002,0.120002,0.120002,0.120002,0.120002,0.000022
2855.308915,sim,0.079999,0.119999,0.119999,0.119999,0.119999,-0.000014
2855.312995,sim,0.080002,0.120002,0.120002,0.120002,0.120002,0.000022
2855.316990,sim,0.079999,0.119999,0.119999,0.119999,0.119999,-0.000014
2855.321355,sim,0.080002,0.120002,0.120002,0.120002,0.120002,0.000023
2855.325103,sim,0.079999,0.119999,0.119999,0.119999,0.119999,-0.000015
2855.328949,sim,0.080002,0.120002,0.120002,0.120002,0.120002,0.000024
2855.333855,sim,0.079998,0.119998,0.119998,0.119998,0.119998,-0.000015
2855.337168,sim,0.080002,0.120002,0.120002,0.120002,0.120002,0.000023
2855.341016,sim,0.079998,0.119998,0.119998,0.119998,0.119998,-0.000015
2855.344952,sim,0.080002,0.120002,0.120002,0.120002,0.120002,0.000023
2855.349189,sim,0.079999,0.119999,0.119999,0.119999,0.119999,-0.000015
2855.353043,sim,0.080002,0.120002,0.120002,0.120002,0.120002,0.000023
2855.356921,sim,0.079998,0.119998,0.119998,0.119998,0.119998,-0.000015
2855.360883,sim,0.080002,0.120002,0.120002,0.120002,0.120002,0.000023
2855.365057,sim,0.079998,0.119998,0.119998,0.119998,0.119998,-0.000015
2855.369095,sim,0.080002,0.120002,0.120002,0.120002,0.120002,0.000021
2855.373291,sim,0.079999,0.119999,0.119999,0.119999,0.119999,-0.000014
2855.377522,sim,0.080002,0.120002,0.120002,0.120002,0.120002,0.000022
2855.381015,sim,0.079998,0.119998,0.119998,0.119998,0.119998,-0.000014
2855.384950,sim,0.080002,0.120002,0.120002,0.120002,0.120002,0.000021
2855.388926,sim,0.079999,0.119999,0.119999,0.119999,0.119999,-0.000014
2855.393105,sim,0.080002,0.120002,0.120002,0.120002,0.120002,0.000021
2855.397021,sim,0.079999,0.119999,0.119999,0.119999,0.119999,-0.000014
2855.401031,sim,0.080002,0.120002,0.120002,0.120002,0.120002,0.000024
2855.404957,sim,0.079998,0.119998,0.119998,0.119998,0.119998,-0.000015
2855.408975,sim,0.080002,0.120002,0.120002,0.120002,0.120002,0.000021
2855.413247,sim,0.079999,0.119999,0.119999,0.119999,0.119999,-0.000013
2855.417015,sim,0.080002,0.120002,0.120002,0.120002,0.120002,0.000023
2855.421119,sim,0.079999,0.119999,0.119999,0.119999,0.119999,-0.000014
2855.425138,sim,0.080002,0.120002,0.120002,0.120002,0.120002,0.000025
2855.429160,sim,0.079998,0.119998,0.119998,0.119998,0.119998,-0.000016
2855.433446,sim,0.080002,0.120002,0.120002,0.120002,0.120002,0.000024
2855.437172,sim,0.079999,0.119999,0.119999,0.119999,0.119999,-0.000015
2855.441140,sim,0.080002,0.120002,0.120002,0.120002,0.120002,0.000024
2855.445166,sim,0.079998,0.119998,0.119998,0.119998,0.119998,-0.000016
2855.448989,sim,0.080002,0.120002,0.120002,0.120002,0.120002,0.005372
2855.453109,sim,0.079999,0.119999,0.119999,0.119999,0.119999,0.005369
2855.456924,sim,0.080002,0.120002,0.120002,0.120002,0.120002,0.005372
2855.460954,sim,0.079999,0.119999,0.119999,0.119999,0.119999,0.005369
2855.465296,sim,0.080002,0.120002,0.120002,0.120002,0.120002,0.005372
2855.469016,sim,0.079999,0.119999,0.119999,0.119999,0.119999,0.019690
2855.473149,sim,0.080002,0.120002,0.120002,0.120002,0.120002,0.019693
2855.477060,sim,0.079999,0.119999,0.119999,0.119999,0.119999,0.019689
2855.480969,sim,0.080002,0.120002,0.120002,0.120002,0.120002,0.019693
2855.485179,sim,0.079998,0.119998,0.119998,0.119998,0.119998,0.019689
2855.488983,sim,0.080002,0.120002,0.120002,0.120002,0.120002,0.036400
2855.493043,sim,0.079999,0.119999,0.119999,0.119999,0.119999,0.036397
2855.496980,sim,0.080002,0.120002,0.120002,0.120002,0.120002,0.036400
2855.500936,sim,0.079999,0.119999,0.119999,0.119999,0.119999,0.036397
2855.504969,sim,0.080002,0.120002,0.120002,0.120002,0.120002,0.036400
2855.509045,sim,0.094696,0.119999,0.119999,0.119999,0.119999,0.051951
2855.513168,sim,0.094699,0.120001,0.120001,0.120001,0.120001,0.051953
2855.517019,sim,0.094697,0.119999,0.119999,0.119999,0.119999,0.051951
2855.520908,sim,0.094699,0.120002,0.120002,0.120002,0.120002,0.051954
2855.526021,sim,0.094696,0.119999,0.119999,0.119999,0.119999,0.051951
2855.528983,sim,0.137554,0.120002,0.120002,0.120002,0.120002,0.065434
2855.532991,sim,0.137551,0.119999,0.119999,0.119999,0.119999,0.065431
2855.536912,sim,0.137554,0.120002,0.120002,0.120002,0.120002,0.065434
2855.541214,sim,0.137551,0.119999,0.119999,0.119999,0.119999,0.065431
2855.545120,sim,0.137554,0.120001,0.120002,0.120001,0.120001,0.065434
2855.549048,sim,0.184400,0.119999,0.119999,0.119999,0.119999,0.077114
2855.553171,sim,0.184403,0.120002,0.120002,0.120002,0.120002,0.077116
2855.557607,sim,0.184400,0.119999,0.119999,0.119999,0.119999,0.077113
2855.561399,sim,0.184403,0.120001,0.120001,0.120001,0.120001,0.077116
2855.565311,sim,0.231938,0.119999,0.119999,0.119999,0.119999,0.087239
2855.569208,sim,0.231941,0.120001,0.120001,0.120001,0.120001,0.087241
2855.573330,sim,0.231938,0.119999,0.119999,0.119999,0.119999,0.087238
2855.577064,sim,0.231941,0.120002,0.120002,0.120002,0.120002,0.087241
2855.581018,sim,0.231938,0.119999,0.119999,0.119999,0.119999,0.087238
2855.585413,sim,0.231941,0.120001,0.120001,0.120001,0.120001,0.087241
2855.589045,sim,0.285621,0.119999,0.119999,0.119999,0.119999,0.096014
2855.593196,sim,0.285623,0.120001,0.120001,0.120001,0.120001,0.096016
2855.596978,sim,0.285621,0.119999,0.119999,0.119999,0.119999,0.096014
2855.600927,sim,0.285624,0.120002,0.120001,0.120001,0.120002,0.096016
2855.605192,sim,0.285621,0.119999,0.119999,0.119999,0.119999,0.096013
2855.609169,sim,0.343245,0.120001,0.120001,0.120001,0.120001,0.102547
2855.613226,sim,0.343242,0.119999,0.119999,0.119999,0.119999,0.102544
2855.617210,sim,0.343245,0.120002,0.120002,0.120002,0.120002,0.102547
2855.621127,sim,0.343242,0.119999,0.119999,0.119999,0.119999,0.102544
2855.625104,sim,0.343245,0.120001,0.120001,0.120001,0.120001,0.102547
2855.628978,sim,0.402890,0.119999,0.119999,0.119999,0.119999,0.108205
2855.633097,sim,0.402892,0.120002,0.120002,0.120002,0.120002,0.108207
2855.637109,sim,0.402890,0.119999,0.119999,0.119999,0.119999,0.108205
2855.641091,sim,0.402892,0.120001,0.120001,0.120001,0.120001,0.108207
2855.645407,sim,0.402890,0.119999,0.119999,0.119999,0.119999,0.108205
2855.649479,sim,0.465682,0.129500,0.120001,0.120001,0.120001,0.113112
2855.653324,sim,0.465681,0.129498,0.119999,0.119999,0.119999,0.113111
2855.657279,sim,0.465682,0.129500,0.120001,0.120001,0.120001,0.113112
2855.661178,sim,0.465681,0.129498,0.119999,0.119999,0.119999,0.113110
2855.665456,sim,0.527036,0.164939,0.120001,0.120001,0.131488,0.117363
2855.669257,sim,0.527035,0.164938,0.120000,0.120000,0.131487,0.117362
2855.673406,sim,0.527036,0.164939,0.120001,0.120001,0.131488,0.117363
2855.677051,sim,0.527035,0.164938,0.120000,0.120000,0.131487,0.117362
2855.681279,sim,0.527036,0.164939,0.120001,0.120001,0.131488,0.117363
2855.685214,sim,0.527035,0.164938,0.120000,0.120000,0.131487,0.117362
2855.689214,sim,0.591305,0.205363,0.120001,0.120001,0.170824,0.121048
2855.693185,sim,0.591304,0.205362,0.120000,0.120000,0.170823,0.121047
2855.697067,sim,0.591305,0.205363,0.120000,0.120001,0.170824,0.121048
2855.701162,sim,0.591304,0.205362,0.120000,0.120000,0.170823,0.121047
2855.705372,sim,0.591305,0.205363,0.120001,0.120001,0.170824,0.121048
2855.709092,sim,0.649778,0.248719,0.121983,0.120000,0.211850,0.124240
2855.713238,sim,0.649779,0.248719,0.121983,0.120000,0.211850,0.124241
2855.717154,sim,0.649778,0.248719,0.121983,0.120000,0.211850,0.124240
2855.721109,sim,0.649779,0.248719,0.121983,0.120000,0.211850,0.124241
2855.725059,sim,0.649778,0.248719,0.121983,0.120000,0.211850,0.124240
2855.729105,sim,0.700456,0.294616,0.158425,0.156601,0.257115,0.127008
2855.733309,sim,0.700456,0.294616,0.158425,0.156601,0.257115,0.127008
2855.737072,sim,0.700456,0.294616,0.158425,0.156601,0.257115,0.127008
2855.741043,sim,0.700456,0.294616,0.158425,0.156601,0.257115,0.127008
2855.745169,sim,0.700456,0.294616,0.158425,0.156601,0.257115,0.127008
2855.749344,sim,0.744376,0.342716,0.198330,0.195362,0.304667,0.129406
2855.753266,sim,0.744376,0.342716,0.198330,0.195362,0.304667,0.129406
2855.757094,sim,0.744376,0.342716,0.198330,0.195362,0.304667,0.129406
2855.760972,sim,0.744376,0.342716,0.198330,0.195362,0.304667,0.129406
2855.765215,sim,0.744376,0.342716,0.198330,0.195362,0.304667,0.129406
2855.769076,sim,0.782441,0.392725,0.239850,0.237278,0.351427,0.131485
2855.773883,sim,0.782441,0.392725,0.239850,0.237278,0.351427,0.131485
2855.777142,sim,0.782441,0.392725,0.239850,0.237278,0.351427,0.131485
2855.781308,sim,0.782441,0.392725,0.239850,0.237278,0.351427,0.131485
2855.785570,sim,0.782441,0.392725,0.239850,0.237278,0.351427,0.131485
2855.789379,sim,0.815430,0.443001,0.284156,0.280540,0.401661,0.133287
2855.793422,sim,0.815430,0.443001,0.284156,0.280540,0.401661,0.133287
2855.797164,sim,0.815430,0.443001,0.284156,0.280540,0.401661,0.133287
2855.801139,sim,0.815430,0.443001,0.284156,0.280540,0.401661,0.133287
2855.805426,sim,0.815430,0.443001,0.284156,0.280540,0.401661,0.133287
2855.809188,sim,0.844021,0.494895,0.330877,0.326355,0.452133,0.134848
2855.813208,sim,0.844021,0.494895,0.330877,0.326355,0.452133,0.134848
2855.817225,sim,0.844021,0.494895,0.330877,0.326355,0.452133,0.134848
2855.821074,sim,0.844021,0.494895,0.330877,0.326355,0.452133,0.134848
2855.825160,sim,0.844021,0.494895,0.330877,0.326355,0.452133,0.134848
2855.829648,sim,0.844021,0.494895,0.330877,0.326355,0.452133,0.134848
2855.833251,sim,0.868799,0.549580,0.379690,0.375771,0.505584,0.136201
2855.837270,sim,0.868799,0.549580,0.379690,0.375771,0.505584,0.136201
2855.841203,sim,0.868799,0.549580,0.379690,0.375771,0.505584,0.136201
2855.845175,sim,0.868799,0.549580,0.379690,0.375771,0.505584,0.136201
2855.849241,sim,0.890274,0.602521,0.428930,0.424147,0.557456,0.137374
2855.853279,sim,0.890274,0.602521,0.428930,0.424147,0.557456,0.137374
2855.857104,sim,0.890274,0.602521,0.428930,0.424147,0.557456,0.137374
2855.861162,sim,0.890274,0.602521,0.428930,0.424147,0.557456,0.137374
2855.865241,sim,0.890274,0.602521,0.428930,0.424147,0.557456,0.137374
2855.869929,sim,0.908885,0.655338,0.479926,0.473007,0.610734,0.138390
2855.873411,sim,0.908885,0.655338,0.479926,0.473007,0.610734,0.138390
2855.877242,sim,0.908885,0.655338,0.479926,0.473007,0.610734,0.138390
2855.881435,sim,0.908885,0.655338,0.479926,0.473007,0.610734,0.138390
2855.885435,sim,0.908885,0.655338,0.479926,0.473007,0.610734,0.138390
2855.889390,sim,0.925015,0.709436,0.531059,0.523675,0.663843,0.139271
2855.893384,sim,0.925015,0.709436,0.531059,0.523675,0.663843,0.139271
2855.897336,sim,0.925015,0.709436,0.531059,0.523675,0.663843,0.139271
2855.901493,sim,0.925015,0.709436,0.531059,0.523675,0.663843,0.139271
2855.905123,sim,0.925015,0.709436,0.531059,0.523675,0.663843,0.139271
2855.909235,sim,0.925015,0.709436,0.531059,0.523675,0.663843,0.139271
2855.913309,sim,0.938995,0.766029,0.585082,0.577296,0.719581,0.140034
2855.917213,sim,0.938995,0.766029,0.585082,0.577296,0.719581,0.140034
2855.921140,sim,0.938995,0.766029,0.585082,0.577296,0.719581,0.140034
2855.925148,sim,0.938995,0.766029,0.585082,0.577296,0.719581,0.140034
2855.929396,sim,0.938995,0.766029,0.585082,0.577296,0.719581,0.140034
2855.933387,sim,0.951110,0.819238,0.640225,0.632090,0.769273,0.140696
2855.937292,sim,0.951110,0.819238,0.640225,0.632090,0.769273,0.140696
2855.941181,sim,0.951110,0.819238,0.640225,0.632090,0.769273,0.140696
2855.945188,sim,0.951110,0.819238,0.640225,0.632090,0.769273,0.140696
2855.949546,sim,0.951110,0.819238,0.640225,0.632090,0.769273,0.140696
2855.953285,sim,0.961610,0.868126,0.694950,0.687900,0.812340,0.141269
2855.957212,sim,0.961610,0.868126,0.694950,0.687900,0.812340,0.141269
2855.961140,sim,0.961610,0.868126,0.694950,0.687900,0.812340,0.141269
2855.965151,sim,0.961610,0.868126,0.694950,0.687900,0.812340,0.141269
2855.969594,sim,0.961610,0.868126,0.694950,0.687900,0.812340,0.141269
2855.973399,sim,0.970710,0.910496,0.750701,0.743204,0.849665,0.141766
2855.977236,sim,0.970710,0.910496,0.750701,0.743204,0.849665,0.141766
2855.981115,sim,0.970710,0.910496,0.750701,0.743204,0.849665,0.141766
2855.985115,sim,0.970710,0.910496,0.750701,0.743204,0.849665,0.141766
2855.989269,sim,0.970710,0.910496,0.750701,0.743204,0.849665,0.141766
2855.993345,sim,0.978597,0.947216,0.805953,0.799456,0.882013,0.142197
2855.997173,sim,0.978597,0.947216,0.805953,0.799456,0.882013,0.142197
2856.001135,sim,0.978597,0.947216,0.805953,0.799456,0.882013,0.142197
2856.005358,sim,0.978597,0.947216,0.805953,0.799456,0.882013,0.142197
2856.011113,sim,0.978597,0.947216,0.805953,0.799456,0.882013,0.142197
2856.013602,sim,0.985432,0.979041,0.855226,0.850981,0.910048,0.142570
2856.017589,sim,0.985432,0.979041,0.855226,0.850981,0.910048,0.142570
2856.021598,sim,0.985432,0.979041,0.855226,0.850981,0.910048,0.142570
2856.025394,sim,0.985432,0.979041,0.855226,0.850981,0.910048,0.142570
2856.029798,sim,0.985432,0.979041,0.855226,0.850981,0.910048,0.142570
2856.033580,sim,0.991358,1.000002,0.897931,0.895639,0.934347,0.142896
2856.037296,sim,0.991358,1.000003,0.897931,0.895640,0.934348,0.142897
2856.041226,sim,0.991357,1.000002,0.897930,0.895639,0.934347,0.142896
2856.045339,sim,0.991357,1.000002,0.897930,0.895639,0.934347,0.142896
2856.049648,sim,0.991357,1.000002,0.897930,0.895639,0.934347,0.142896
2856.053696,sim,0.996491,1.000002,0.934939,0.934341,0.955404,0.143176
2856.057646,sim,0.996491,1.000002,0.934939,0.934341,0.955404,0.143176
2856.061520,sim,0.996491,1.000002,0.934939,0.934341,0.955404,0.143176
2856.065513,sim,0.996491,1.000002,0.934939,0.934341,0.955404,0.143176
2856.069586,sim,0.996491,1.000002,0.934939,0.934341,0.955404,0.143176
2856.073807,sim,1.000002,1.000002,0.967014,0.967882,0.973654,0.143419
2856.077523,sim,1.000000,1.000000,0.967012,0.967880,0.973652,0.143417
2856.082516,sim,1.000003,1.000003,0.967015,0.967883,0.973655,0.143420
2856.085520,sim,1.000000,1.000000,0.967012,0.967880,0.973652,0.143417
2856.089726,sim,1.000003,1.000003,0.967015,0.967883,0.973655,0.143420
2856.093761,sim,1.000000,1.000000,0.994810,0.996949,0.989469,0.143628
2856.098044,sim,1.000003,1.000003,0.994813,0.996952,0.989471,0.143630
2856.101307,sim,1.000000,1.000000,0.994810,0.996949,0.989469,0.143628
2856.105326,sim,1.000003,1.000003,0.994813,0.996952,0.989471,0.143630
2856.109560,sim,1.000000,1.000000,0.994810,0.996949,0.989469,0.143628
2856.113518,sim,1.000003,1.000003,1.000003,1.000003,1.000003,0.143813
2856.118019,sim,0.999999,0.999999,0.999999,0.999999,0.999999,0.143810
2856.121539,sim,1.000000,1.000000,1.000000,1.000000,1.000000,0.143810
2856.125334,sim,0.999989,0.999989,0.999989,0.999989,0.999989,0.143800
2856.129285,sim,1.000004,1.000004,1.000004,1.000004,1.000004,0.143814
2856.134345,sim,0.999996,0.999996,0.999996,0.999996,0.999996,0.143807
2856.137396,sim,1.000000,1.000000,1.000000,1.000000,1.000000,0.143968
2856.141695,sim,0.999995,0.999995,0.999995,0.999995,0.999995,0.143964
2856.145534,sim,1.000001,1.000001,1.000001,1.000001,1.000001,0.143970
2856.149705,sim,0.999996,0.999996,0.999996,0.999996,0.999996,0.143964
2856.153715,sim,1.000000,1.000000,1.000000,1.000000,1.000000,0.144106
2856.157339,sim,0.999995,0.999995,0.999995,0.999995,0.999995,0.144100
2856.161284,sim,1.000001,1.000001,1.000001,1.000001,1.000001,0.144107
2856.165364,sim,0.999995,0.999995,0.999995,0.999995,0.999995,0.144101
2856.169307,sim,1.000001,1.000001,1.000001,1.000001,1.000001,0.144106
2856.173648,sim,0.999995,0.999995,0.999995,0.999995,0.999995,0.144100
2856.177257,sim,1.000002,1.000002,1.000002,1.000002,1.000002,0.144226
2856.181317,sim,0.999995,0.999995,0.999995,0.999995,0.999995,0.144220
2856.185421,sim,1.000001,1.000001,1.000001,1.000001,1.000001,0.144225
2856.189413,sim,0.999994,0.999994,0.999994,0.999994,0.999994,0.144219
2856.193351,sim,1.000001,1.000001,1.000001,1.000001,1.000001,0.144329
2856.197408,sim,0.999996,0.999996,0.999996,0.999996,0.999996,0.144323
2856.201313,sim,1.000001,1.000001,1.000001,1.000001,1.000001,0.144328
2856.205284,sim,0.999994,0.999994,0.999994,0.999994,0.999994,0.144322
2856.209226,sim,1.000001,1.000001,1.000001,1.000001,1.000001,0.144329
2856.214071,sim,0.999996,0.999996,0.999996,0.999996,0.999996,0.144323
2856.217640,sim,1.000000,1.000000,1.000000,1.000000,1.000000,0.144417
2856.221502,sim,0.999994,0.999994,0.999994,0.999994,0.999994,0.144410
2856.225371,sim,1.000002,1.000002,1.000002,1.000002,1.000002,0.144418
2856.229343,sim,0.999995,0.999995,0.999995,0.999995,0.999995,0.144411
2856.233637,sim,1.000001,1.000001,1.000001,1.000001,1.000001,0.144417
2856.237313,sim,0.999995,0.999995,0.999995,0.999995,0.999995,0.144488
2856.241343,sim,1.000001,1.000001,1.000001,1.000001,1.000001,0.144495
2856.245324,sim,0.999996,0.999996,0.999996,0.999996,0.999996,0.144490
2856.249341,sim,1.000000,1.000000,1.000000,1.000000,1.000000,0.144494
2856.253484,sim,0.999994,0.999994,0.999994,0.999994,0.999994,0.144488
2856.257387,sim,1.000002,1.000002,1.000002,1.000002,1.000002,0.144563
2856.261325,sim,0.999996,0.999996,0.999996,0.999996,0.999996,0.144557
2856.265367,sim,1.000000,1.000000,1.000000,1.000000,1.000000,0.144561
2856.269299,sim,0.999994,0.999994,0.999994,0.999994,0.999994,0.144555
2856.273617,sim,1.000002,1.000002,1.000002,1.000002,1.000002,0.144562
2856.277693,sim,0.999996,0.999996,0.999996,0.999996,0.999996,0.144615
2856.281429,sim,1.000000,1.000000,1.000000,1.000000,1.000000,0.144619
2856.285369,sim,0.999994,0.999994,0.999994,0.999994,0.999994,0.144613
2856.289482,sim,1.000001,1.000001,1.000001,1.000001,1.000001,0.144620
2856.293471,sim,0.999996,0.999996,0.999996,0.999996,0.999996,0.144665
2856.297394,sim,1.000001,1.000001,1.000001,1.000001,1.000001,0.144670
2856.301355,sim,0.999994,0.999994,0.999994,0.999994,0.999994,0.144663
2856.305310,sim,1.000002,1.000002,1.000002,1.000002,1.000002,0.144671
2856.309313,sim,0.999996,0.999996,0.999996,0.999996,0.999996,0.144665
2856.313486,sim,1.000000,1.000000,1.000000,1.000000,1.000000,0.144670
2856.317332,sim,0.999995,0.999995,0.999995,0.999995,0.999995,0.144707
2856.321289,sim,1.000001,1.000001,1.000001,1.000001,1.000001,0.144714
2856.325467,sim,0.999996,0.999995,0.999996,0.999996,0.999996,0.144708
2856.329467,sim,1.000000,1.000000,1.000000,1.000000,1.000000,0.144713
2856.333918,sim,0.999995,0.999995,0.999995,0.999995,0.999995,0.142597
2856.337450,sim,1.000001,1.000001,1.000001,1.000001,1.000001,0.142604
2856.341546,sim,0.999996,0.999996,0.999996,0.999996,0.999996,0.142599
2856.345443,sim,1.000000,1.000000,1.000000,1.000000,1.000000,0.142603
2856.349375,sim,0.999995,0.999995,0.999995,0.999995,0.999995,0.142597
2856.353389,sim,1.000002,1.000002,1.000002,1.000002,1.000002,0.142604
2856.357515,sim,0.999996,0.999996,0.999996,0.999996,0.999996,0.132177
2856.361501,sim,1.000001,1.000001,1.000001,1.000001,1.000001,0.132182
2856.365392,sim,0.999994,0.999994,0.999994,0.999994,0.999994,0.132176
2856.369356,sim,1.000001,1.000001,1.000001,1.000001,1.000001,0.132183
2856.374055,sim,0.999996,0.999996,0.999996,0.999996,0.999996,0.132177
2856.377415,sim,0.996060,1.000003,1.000003,1.000003,1.000003,0.115634
2856.381341,sim,0.996052,0.999995,0.999995,0.999995,0.999995,0.115626
2856.385244,sim,0.996060,1.000003,1.000003,1.000003,1.000003,0.115634
2856.389365,sim,0.996052,0.999995,0.999995,0.999995,0.999995,0.115626
2856.393505,sim,0.996060,1.000003,1.000003,1.000003,1.000003,0.115634
2856.397303,sim,0.996052,0.999994,0.999994,0.999994,0.999994,0.115626
2856.401365,sim,0.996060,1.000003,1.000003,1.000003,1.000003,0.115634
2856.405420,sim,0.996051,0.999994,0.999994,0.999994,0.999994,0.115625
2856.409388,sim,0.996060,1.000003,1.000003,1.000003,1.000003,0.115634
2856.413447,sim,0.996052,0.999994,0.999994,0.999994,0.999994,0.115625
2856.417777,sim,0.956183,1.000003,1.000003,1.000003,1.000003,0.100217
2856.421459,sim,0.956174,0.999994,0.999994,0.999994,0.999994,0.100208
2856.425408,sim,0.956183,1.000003,1.000003,1.000003,1.000003,0.100217
2856.429433,sim,0.956174,0.999994,0.999994,0.999994,0.999994,0.100208
2856.433716,sim,0.956183,1.000003,1.000003,1.000003,1.000003,0.100217
2856.437472,sim,0.909130,0.999994,0.999994,0.999994,0.999994,0.086846
2856.441393,sim,0.909139,1.000003,1.000003,1.000003,1.000003,0.086855
2856.445279,sim,0.909130,0.999994,0.999994,0.999994,0.999994,0.086846
2856.449648,sim,0.909139,1.000003,1.000003,1.000003,1.000003,0.086855
2856.453951,sim,0.909130,0.999994,0.999994,0.999994,0.999994,0.086846
2856.457546,sim,0.857273,1.000004,1.000004,1.000004,0.975264,0.075276
2856.461527,sim,0.857266,0.999997,0.999997,0.999997,0.975256,0.075268
2856.465506,sim,0.857272,1.000003,1.000003,1.000003,0.975262,0.075274
2856.469421,sim,0.857265,0.999997,0.999997,0.999997,0.975256,0.075268
2856.473631,sim,0.857272,1.000003,1.000003,1.000003,0.975262,0.075275
2856.477277,sim,0.799830,0.999996,0.999996,0.999996,0.938151,0.065232
2856.482239,sim,0.799837,1.000003,1.000003,1.000003,0.938158,0.065238
2856.485288,sim,0.799831,0.999997,0.999997,0.999997,0.938152,0.065232
2856.489381,sim,0.799837,1.000003,1.000003,1.000003,0.938158,0.065238
2856.493444,sim,0.799830,0.999996,0.999996,0.999996,0.938151,0.065232
2856.497332,sim,0.799837,1.000003,1.000003,1.000003,0.938157,0.065238
2856.501394,sim,0.799831,0.999997,0.999997,0.999997,0.938151,0.065232
2856.505297,sim,0.799837,1.000003,1.000003,1.000003,0.938158,0.065238
2856.509259,sim,0.799831,0.999997,0.999997,0.999997,0.938152,0.065232
2856.513471,sim,0.799837,1.000003,1.000003,1.000003,0.938157,0.065238
2856.517676,sim,0.727862,0.953123,0.999997,0.962893,0.889351,0.056535
2856.521438,sim,0.727866,0.953127,1.000001,0.962897,0.889355,0.056539
2856.525370,sim,0.727863,0.953123,0.999998,0.962894,0.889351,0.056535
2856.529329,sim,0.727866,0.953126,1.000001,0.962897,0.889355,0.056539
2856.533935,sim,0.727863,0.953123,0.999998,0.962894,0.889352,0.056536
2856.537403,sim,0.654397,0.898168,1.000001,0.913571,0.840125,0.049000
2856.541276,sim,0.654394,0.898165,0.999998,0.913568,0.840122,0.048997
2856.545333,sim,0.654397,0.898168,1.000001,0.913571,0.840125,0.049000
2856.549883,sim,0.654394,0.898165,0.999998,0.913568,0.840122,0.048997
2856.553954,sim,0.654397,0.898168,1.000001,0.913571,0.840125,0.049000
2856.557643,sim,0.578237,0.842212,0.999998,0.863883,0.789134,0.042464
2856.561554,sim,0.578240,0.842215,1.000001,0.863886,0.789137,0.042467
2856.565840,sim,0.578237,0.842212,0.999998,0.863883,0.789134,0.042464
2856.569454,sim,0.578240,0.842215,1.000001,0.863886,0.789137,0.042467
2856.573702,sim,0.578237,0.842212,0.999998,0.863883,0.789134,0.042464
2856.577351,sim,0.578240,0.842215,1.000001,0.863886,0.789137,0.042467
2856.581573,sim,0.501139,0.782623,0.999998,0.811114,0.733849,0.036802
2856.585397,sim,0.501142,0.782627,1.000001,0.811118,0.733852,0.036805
2856.589291,sim,0.501139,0.782623,0.999998,0.811114,0.733849,0.036802
2856.593469,sim,0.501142,0.782627,1.000001,0.811118,0.733852,0.036805
2856.597933,sim,0.501139,0.782623,0.999998,0.811114,0.733849,0.036802
2856.601522,sim,0.434323,0.721274,1.000001,0.757062,0.679002,0.031898
2856.605384,sim,0.434320,0.721271,0.999998,0.757059,0.678999,0.031895
2856.609359,sim,0.434323,0.721274,1.000001,0.757062,0.679002,0.031898
2856.613709,sim,0.434320,0.721271,0.999998,0.757059,0.678999,0.031895
2856.618320,sim,0.376413,0.661167,1.000001,0.704666,0.625918,0.027645
2856.621382,sim,0.376410,0.661164,0.999998,0.704663,0.625915,0.027642
2856.625295,sim,0.376413,0.661167,1.000001,0.704666,0.625918,0.027645
2856.629328,sim,0.376410,0.661164,0.999998,0.704663,0.625915,0.027642
2856.633487,sim,0.376413,0.661167,1.000001,0.704666,0.625918,0.027645
2856.637499,sim,0.326222,0.602136,0.999998,0.655093,0.571587,0.023956
2856.641402,sim,0.326225,0.602139,1.000001,0.655096,0.571590,0.023959
2856.645808,sim,0.326222,0.602136,0.999998,0.655093,0.571587,0.023956
2856.649373,sim,0.326225,0.602139,1.000001,0.655096,0.571590,0.023959
2856.653486,sim,0.326222,0.602136,0.999998,0.655093,0.571587,0.023956
2856.657368,sim,0.326225,0.602139,1.000001,0.655096,0.571590,0.023959
2856.661436,sim,0.282727,0.539884,0.977277,0.599650,0.513408,0.020763
2856.665335,sim,0.282727,0.539884,0.977277,0.599650,0.513408,0.020763
2856.669342,sim,0.282727,0.539884,0.977277,0.599650,0.513408,0.020763
2856.673889,sim,0.282727,0.539884,0.977277,0.599650,0.513408,0.020763
2856.677511,sim,0.282727,0.539884,0.977277,0.599650,0.513408,0.020763
2856.681461,sim,0.245030,0.474834,0.934356,0.543276,0.456050,0.017995
2856.685333,sim,0.245030,0.474834,0.934356,0.543276,0.456050,0.017995
2856.689446,sim,0.245030,0.474834,0.934356,0.543276,0.456050,0.017995
2856.693570,sim,0.245030,0.474834,0.934356,0.543276,0.456050,0.017995
2856.697483,sim,0.212360,0.414297,0.890222,0.488870,0.399404,0.015596
2856.702386,sim,0.212360,0.414297,0.890222,0.488870,0.399404,0.015596
2856.705493,sim,0.212360,0.414297,0.890222,0.488870,0.399404,0.015596
2856.709478,sim,0.212360,0.414297,0.890222,0.488870,0.399404,0.015596
2856.713494,sim,0.212360,0.414297,0.890222,0.488870,0.399404,0.015596
2856.717431,sim,0.184045,0.359057,0.845037,0.433397,0.347537,0.013516
2856.721351,sim,0.184045,0.359057,0.845037,0.433397,0.347537,0.013516
2856.725369,sim,0.184045,0.359057,0.845037,0.433397,0.347537,0.013516
2856.729343,sim,0.184045,0.359057,0.845037,0.433397,0.347537,0.013516
2856.733427,sim,0.184045,0.359057,0.845037,0.433397,0.347537,0.013516
2856.737589,sim,0.184045,0.359057,0.845037,0.433397,0.347537,0.013516
2856.741447,sim,0.159506,0.311183,0.796169,0.376997,0.302586,0.011714
2856.745342,sim,0.159506,0.311183,0.796169,0.376997,0.302586,0.011714
2856.749268,sim,0.159506,0.311183,0.796169,0.376997,0.302586,0.011714
2856.753406,sim,0.159506,0.311183,0.796169,0.376997,0.302586,0.011714
2856.757519,sim,0.159506,0.311183,0.796169,0.376997,0.302586,0.011714
2856.761388,sim,0.138238,0.269692,0.745493,0.328118,0.263628,0.010152
2856.765321,sim,0.138238,0.269692,0.745493,0.328118,0.263628,0.010152
2856.769618,sim,0.138238,0.269692,0.745493,0.328118,0.263628,0.010152
2856.773670,sim,0.138238,0.269692,0.745493,0.328118,0.263628,0.010152
2856.777525,sim,0.138238,0.269692,0.745493,0.328118,0.263628,0.010152
2856.781774,sim,0.119806,0.233733,0.694640,0.285756,0.229865,0.008799
2856.786511,sim,0.119806,0.233733,0.694640,0.285756,0.229865,0.008799
2856.789503,sim,0.119806,0.233733,0.694640,0.285756,0.229865,0.008799
2856.794168,sim,0.119806,0.233733,0.694640,0.285756,0.229865,0.008799
2856.797519,sim,0.119806,0.233733,0.694640,0.285756,0.229865,0.008799
2856.801501,sim,0.103832,0.202569,0.642245,0.249042,0.200603,0.007625
2856.805433,sim,0.103832,0.202569,0.642245,0.249042,0.200603,0.007625
2856.809324,sim,0.103832,0.202569,0.642245,0.249042,0.200603,0.007625
2856.813310,sim,0.103832,0.202569,0.642245,0.249042,0.200603,0.007625
2856.817326,sim,0.103832,0.202569,0.642245,0.249042,0.200603,0.007625
2856.821765,sim,0.089988,0.175560,0.589900,0.217224,0.175243,0.006609
2856.825418,sim,0.089988,0.175560,0.589900,0.217224,0.175243,0.006609
2856.829409,sim,0.089988,0.175560,0.589900,0.217224,0.175243,0.006609
2856.833526,sim,0.089988,0.175560,0.589900,0.217224,0.175243,0.006609
2856.837565,sim,0.089988,0.175560,0.589900,0.217224,0.175243,0.006609
2856.841471,sim,0.080000,0.152151,0.536213,0.189647,0.153264,0.005727
2856.845473,sim,0.080000,0.152151,0.536213,0.189647,0.153264,0.005727
2856.850073,sim,0.080000,0.152152,0.536214,0.189648,0.153265,0.005728
2856.854058,sim,0.080000,0.152151,0.536213,0.189647,0.153264,0.005727
2856.857376,sim,0.080000,0.152152,0.536214,0.189648,0.153265,0.005728
2856.861407,sim,0.080000,0.131864,0.482749,0.164361,0.134216,0.004964
2856.865609,sim,0.080000,0.131865,0.482750,0.164361,0.134216,0.004964
2856.869384,sim,0.080000,0.131864,0.482749,0.164361,0.134216,0.004964
2856.873631,sim,0.080000,0.131865,0.482750,0.164361,0.134216,0.004964
2856.877663,sim,0.080000,0.131864,0.482749,0.164361,0.134216,0.004964
2856.881302,sim,0.080000,0.120000,0.428092,0.142447,0.120000,0.004302
2856.885306,sim,0.080000,0.120000,0.428092,0.142447,0.120000,0.004303
2856.889341,sim,0.079999,0.119999,0.428091,0.142446,0.119999,0.004301
2856.893524,sim,0.080002,0.120002,0.428094,0.142448,0.120002,0.004304
2856.897536,sim,0.079999,0.119999,0.428091,0.142445,0.119999,0.004301
2856.901439,sim,0.080001,0.120002,0.376563,0.123455,0.120002,0.003730
2856.905501,sim,0.079999,0.119999,0.376560,0.123453,0.119999,0.003728
2856.909472,sim,0.080001,0.120001,0.376562,0.123455,0.120001,0.003730
2856.913613,sim,0.079999,0.119999,0.376560,0.123453,0.119999,0.003727
2856.917671,sim,0.080001,0.120001,0.376562,0.123455,0.120001,0.003730
2856.921516,sim,0.079999,0.119999,0.330513,0.119999,0.119999,0.003230
2856.925539,sim,0.080002,0.120002,0.330516,0.120002,0.120002,0.003233
2856.929496,sim,0.079999,0.119999,0.330513,0.119999,0.119999,0.003230
2856.933410,sim,0.080002,0.120002,0.330516,0.120002,0.120002,0.003233
2856.937349,sim,0.079999,0.119999,0.330513,0.119999,0.119999,0.003230
2856.941339,sim,0.080002,0.120002,0.290608,0.120002,0.120002,0.002802
2856.945298,sim,0.079999,0.119999,0.290605,0.119999,0.119999,0.002799
2856.949374,sim,0.080002,0.120002,0.290608,0.120002,0.120002,0.002802
2856.953462,sim,0.079999,0.119999,0.290605,0.119999,0.119999,0.002799
2856.957469,sim,0.080002,0.120002,0.290608,0.120002,0.120002,0.002802
2856.961537,sim,0.079999,0.119999,0.256019,0.119999,0.119999,0.002426
2856.965648,sim,0.080002,0.120002,0.256022,0.120002,0.120002,0.002429
2856.969438,sim,0.079999,0.119999,0.256019,0.119999,0.119999,0.002426
2856.973568,sim,0.080002,0.120002,0.256022,0.120002,0.120002,0.002429
2856.977314,sim,0.079999,0.119999,0.256019,0.119999,0.119999,0.002426
2856.981512,sim,0.080002,0.120002,0.256022,0.120002,0.120002,0.002429
2856.985382,sim,0.079999,0.119999,0.226044,0.119999,0.119999,0.002102
2856.989405,sim,0.080002,0.120002,0.226047,0.120002,0.120002,0.002105
2856.993531,sim,0.079999,0.119999,0.226044,0.119999,0.119999,0.002102
2856.997621,sim,0.080001,0.120002,0.226047,0.120002,0.120002,0.002105
2857.001650,sim,0.079999,0.119999,0.226044,0.119999,0.119999,0.002102
2857.005880,sim,0.080002,0.120002,0.200068,0.120002,0.120002,0.001825
2857.009670,sim,0.079999,0.119999,0.200066,0.119999,0.119999,0.001822
2857.013597,sim,0.080002,0.120002,0.200068,0.120002,0.120002,0.001825
2857.017685,sim,0.079999,0.119999,0.200066,0.119999,0.119999,0.001822
2857.021529,sim,0.080002,0.120002,0.177554,0.120002,0.120002,0.001582
2857.025521,sim,0.079999,0.119999,0.177551,0.119999,0.119999,0.001579
2857.029489,sim,0.080001,0.120001,0.177554,0.120001,0.120001,0.001581
2857.033578,sim,0.079999,0.119999,0.177551,0.119999,0.119999,0.001579
2857.037520,sim,0.080002,0.120002,0.177554,0.120002,0.120002,0.001582
2857.041492,sim,0.079999,0.119999,0.177551,0.119999,0.119999,0.001579
2857.045453,sim,0.080002,0.120002,0.158041,0.120002,0.120002,0.001371
2857.049496,sim,0.079999,0.119999,0.158039,0.119999,0.119999,0.001368
2857.053534,sim,0.080001,0.120001,0.158041,0.120001,0.120001,0.001371
2857.057487,sim,0.079999,0.119999,0.158039,0.119999,0.119999,0.001368
2857.061520,sim,0.080001,0.120001,0.158041,0.120001,0.120001,0.001371
2857.065517,sim,0.079999,0.119999,0.141128,0.119999,0.119999,0.001185
2857.069502,sim,0.080002,0.120002,0.141130,0.120002,0.120002,0.001188
2857.073569,sim,0.079999,0.119999,0.141128,0.119999,0.119999,0.001185
2857.077449,sim,0.080001,0.120001,0.141130,0.120001,0.120001,0.001188
2857.081557,sim,0.079999,0.119999,0.141128,0.119999,0.119999,0.001185
2857.085425,sim,0.080001,0.120001,0.126474,0.120001,0.120001,0.001030
2857.089392,sim,0.079999,0.119999,0.126472,0.119999,0.119999,0.001027
2857.093630,sim,0.080002,0.120002,0.126474,0.120002,0.120002,0.001030
2857.097517,sim,0.079999,0.119999,0.126471,0.119999,0.119999,0.001027
2857.101570,sim,0.080002,0.120002,0.120002,0.120002,0.120002,0.000893
2857.105474,sim,0.079999,0.119999,0.119999,0.119999,0.119999,0.000753
2857.109562,sim,0.080002,0.120002,0.120002,0.120002,0.120002,0.000619
2857.113638,sim,0.079999,0.119999,0.119999,0.119999,0.119999,0.000478
2857.117413,sim,0.080002,0.120002,0.120002,0.120002,0.120002,0.000345
2857.121466,sim,0.079999,0.119999,0.119999,0.119999,0.119999,0.000204
2857.125531,sim,0.080002,0.120002,0.120002,0.120002,0.120002,0.000074
2857.129502,sim,0.079999,0.119999,0.119999,0.119999,0.119999,0.000002
2857.133506,sim,0.080002,0.120002,0.120002,0.120002,0.120002,0.000022
2857.138402,sim,0.079999,0.119999,0.119999,0.119999,0.119999,-0.000015
2857.142020,sim,0.080002,0.120002,0.120002,0.120002,0.120002,0.000023
2857.145891,sim,0.079998,0.119998,0.119998,0.119998,0.119998,-0.000015
2857.149839,sim,0.080002,0.120002,0.120002,0.120002,0.120002,0.000022
2857.153797,sim,0.079999,0.119999,0.119999,0.119999,0.119999,-0.000014
2857.157544,sim,0.080002,0.120002,0.120002,0.120002,0.120002,0.000023
2857.161550,sim,0.079998,0.119998,0.119998,0.119998,0.119998,-0.000015
2857.165591,sim,0.080002,0.120002,0.120002,0.120002,0.120002,0.000021
2857.169546,sim,0.079999,0.119999,0.119999,0.119999,0.119999,-0.000013
2857.173726,sim,0.080002,0.120002,0.120002,0.120002,0.120002,0.000023
2857.177635,sim,0.079998,0.119998,0.119998,0.119998,0.119998,-0.000015
2857.181603,sim,0.080002,0.120002,0.120002,0.120002,0.120002,0.000024
2857.185440,sim,0.079998,0.119998,0.119998,0.119998,0.119998,-0.000015
2857.189531,sim,0.080002,0.120002,0.120002,0.120002,0.120002,0.000023
2857.193586,sim,0.079998,0.119998,0.119998,0.119998,0.119998,-0.000015
2857.197674,sim,0.080002,0.120002,0.120002,0.120002,0.120002,0.000021
2857.201504,sim,0.079999,0.119999,0.119999,0.119999,0.119999,-0.000014
2857.205507,sim,0.080002,0.120002,0.120002,0.120002,0.120002,0.000022
2857.209570,sim,0.079999,0.119999,0.119999,0.119999,0.119999,-0.000014
2857.213545,sim,0.080002,0.120002,0.120002,0.120002,0.120002,0.000023
2857.217528,sim,0.079999,0.119999,0.119999,0.119999,0.119999,-0.000015
2857.221632,sim,0.080002,0.120002,0.120002,0.120002,0.120002,0.000022
2857.226099,sim,0.079999,0.119999,0.119999,0.119999,0.119999,-0.000014
2857.229551,sim,0.080002,0.120002,0.120002,0.120002,0.120002,0.000024
2857.233653,sim,0.079998,0.119998,0.119998,0.119998,0.119998,-0.000016
2857.237712,sim,0.080002,0.120002,0.120002,0.120002,0.120002,0.000024
2857.241692,sim,0.079999,0.119999,0.119999,0.119999,0.119999,-0.000015
2857.245600,sim,0.080002,0.120002,0.120002,0.120002,0.120002,0.000025
2857.249567,sim,0.079998,0.119998,0.119998,0.119998,0.119998,-0.000016
2857.253708,sim,0.080002,0.120002,0.120002,0.120002,0.120002,0.000022
2857.257480,sim,0.079999,0.119999,0.119999,0.119999,0.119999,-0.000014
2857.261561,sim,0.080002,0.120002,0.120002,0.120002,0.120002,0.000023
2857.265570,sim,0.079999,0.119999,0.119999,0.119999,0.119999,-0.000015
2857.269582,sim,0.080002,0.120002,0.120002,0.120002,0.120002,0.000024
2857.273800,sim,0.079998,0.119998,0.119998,0.119998,0.119998,-0.000015
2857.277511,sim,0.080002,0.120002,0.120002,0.120002,0.120002,0.000023
2857.281584,sim,0.079998,0.119998,0.119998,0.119998,0.119998,-0.000015
2857.285728,sim,0.080002,0.120002,0.120002,0.120002,0.120002,0.004298
2857.289545,sim,0.079999,0.119999,0.119999,0.119999,0.119999,0.004295
2857.293651,sim,0.080002,0.120002,0.120002,0.120002,0.120002,0.004298
2857.297609,sim,0.079999,0.119999,0.119999,0.119999,0.119999,0.004295
2857.302035,sim,0.080002,0.120002,0.120002,0.120002,0.120002,0.004298
2857.305995,sim,0.079999,0.119999,0.119999,0.119999,0.119999,0.016610
2857.309861,sim,0.080002,0.120002,0.120002,0.120002,0.120002,0.016614
2857.314034,sim,0.079999,0.119999,0.119999,0.119999,0.119999,0.016611
2857.317765,sim,0.080002,0.120002,0.120002,0.120002,0.120002,0.016614
2857.322140,sim,0.079999,0.119999,0.119999,0.119999,0.119999,0.016611
2857.325763,sim,0.080002,0.120002,0.120002,0.120002,0.120002,0.034806
2857.329635,sim,0.079999,0.119999,0.119999,0.119999,0.119999,0.034802
2857.334185,sim,0.080002,0.120002,0.120002,0.120002,0.120002,0.034806
2857.337761,sim,0.079999,0.119999,0.119999,0.119999,0.119999,0.034802
2857.341921,sim,0.080002,0.120002,0.120002,0.120002,0.120002,0.034806
2857.345950,sim,0.079999,0.119999,0.119999,0.119999,0.119999,0.053791
2857.349780,sim,0.080002,0.120002,0.120002,0.120002,0.120002,0.053794
2857.353848,sim,0.079999,0.119999,0.119999,0.119999,0.119999,0.053791
2857.357544,sim,0.080002,0.120002,0.120002,0.120002,0.120002,0.053794
2857.361777,sim,0.079999,0.119999,0.119999,0.119999,0.119999,0.053791
2857.366208,sim,0.094699,0.120002,0.120002,0.120002,0.120002,0.071325
2857.369707,sim,0.094696,0.119999,0.119999,0.119999,0.119999,0.071322
2857.373881,sim,0.094699,0.120001,0.120001,0.120001,0.120001,0.071325
2857.377797,sim,0.094697,0.119999,0.119999,0.119999,0.119999,0.071322
2857.382007,sim,0.094699,0.120002,0.120002,0.120002,0.120002,0.071325
2857.385644,sim,0.137551,0.119999,0.119999,0.119999,0.119999,0.086515
2857.389564,sim,0.137554,0.120002,0.120002,0.120002,0.120002,0.086518
2857.393941,sim,0.137551,0.119999,0.119999,0.119999,0.119999,0.086515
2857.397914,sim,0.137554,0.120002,0.120002,0.120002,0.120002,0.086518
2857.402083,sim,0.137551,0.119999,0.119999,0.119999,0.119999,0.086515
2857.405824,sim,0.183015,0.146584,0.120000,0.132200,0.131846,0.098610
2857.409830,sim,0.183015,0.146584,0.120000,0.132200,0.131846,0.098610
2857.413951,sim,0.183015,0.146584,0.120000,0.132200,0.131846,0.098610
2857.417746,sim,0.183014,0.146584,0.120000,0.132200,0.131846,0.098610
2857.421823,sim,0.183015,0.146584,0.120000,0.132200,0.131846,0.098611
2857.426356,sim,0.233511,0.185294,0.120000,0.168667,0.169747,0.109091
2857.430025,sim,0.233512,0.185294,0.120000,0.168667,0.169748,0.109092
2857.434216,sim,0.233511,0.185294,0.120000,0.168667,0.169747,0.109091
2857.437751,sim,0.233512,0.185294,0.120000,0.168667,0.169748,0.109092
2857.441766,sim,0.233511,0.185294,0.120000,0.168666,0.169747,0.109091
2857.445835,sim,0.286985,0.227165,0.120000,0.208594,0.209531,0.118175
2857.449815,sim,0.286984,0.227165,0.120000,0.208593,0.209530,0.118175
2857.453870,sim,0.286985,0.227165,0.120000,0.208594,0.209530,0.118175
2857.457975,sim,0.286984,0.227165,0.120000,0.208593,0.209530,0.118175
2857.461784,sim,0.286985,0.227165,0.120000,0.208594,0.209530,0.118175
2857.465719,sim,0.286984,0.227165,0.120000,0.208593,0.209530,0.118174
2857.469871,sim,0.347199,0.274550,0.120000,0.252906,0.253718,0.126048
2857.474249,sim,0.347198,0.274549,0.120000,0.252906,0.253717,0.126047
2857.478233,sim,0.347199,0.274550,0.120000,0.252906,0.253718,0.126048
2857.481935,sim,0.347198,0.274549,0.120000,0.252906,0.253718,0.126047
2857.485796,sim,0.406319,0.321164,0.120000,0.296859,0.297562,0.132870
2857.489918,sim,0.406318,0.321163,0.120000,0.296858,0.297561,0.132870
2857.494173,sim,0.406319,0.321164,0.120000,0.296858,0.297562,0.132870
2857.497837,sim,0.406318,0.321163,0.120000,0.296858,0.297561,0.132870
2857.501836,sim,0.406319,0.321164,0.120000,0.296858,0.297562,0.132870
2857.505767,sim,0.406318,0.321163,0.120000,0.296858,0.297561,0.132870
2857.510159,sim,0.470039,0.371272,0.120000,0.344660,0.345269,0.138784
2857.513935,sim,0.470039,0.371272,0.120000,0.344659,0.345268,0.138783
2857.517787,sim,0.470039,0.371272,0.120000,0.344659,0.345269,0.138783
2857.521816,sim,0.470039,0.371272,0.120000,0.344659,0.345268,0.138783
2857.525825,sim,0.470039,0.371272,0.120000,0.344659,0.345269,0.138783
2857.529823,sim,0.536359,0.421634,0.120000,0.393021,0.394937,0.143907
2857.533931,sim,0.536360,0.421635,0.120001,0.393022,0.394938,0.143908
2857.537725,sim,0.536359,0.421634,0.120000,0.393021,0.394937,0.143907
2857.541750,sim,0.536360,0.421635,0.120000,0.393022,0.394937,0.143908
2857.545811,sim,0.536359,0.421634,0.120000,0.393021,0.394937,0.143907
2857.549919,sim,0.600773,0.473604,0.143510,0.443258,0.444918,0.148349
2857.554193,sim,0.600773,0.473604,0.143510,0.443258,0.444918,0.148349
2857.558122,sim,0.600773,0.473604,0.143510,0.443258,0.444918,0.148349
2857.561923,sim,0.600773,0.473604,0.143510,0.443258,0.444918,0.148349
2857.566793,sim,0.656597,0.524192,0.177082,0.492344,0.493783,0.152198
2857.569903,sim,0.656597,0.524192,0.177082,0.492344,0.493783,0.152198
2857.574132,sim,0.656597,0.524192,0.177082,0.492344,0.493783,0.152198
2857.577857,sim,0.656597,0.524192,0.177082,0.492344,0.493783,0.152198
2857.581928,sim,0.656597,0.524192,0.177082,0.492344,0.493783,0.152198
2857.585929,sim,0.656597,0.524192,0.177082,0.492344,0.493783,0.152198
2857.589835,sim,0.704979,0.579131,0.215887,0.544595,0.545842,0.155534
2857.593909,sim,0.704979,0.579131,0.215887,0.544595,0.545842,0.155534
2857.597739,sim,0.704979,0.579131,0.215887,0.544595,0.545842,0.155534
2857.601893,sim,0.704979,0.579131,0.215887,0.544595,0.545842,0.155534
2857.606093,sim,0.704979,0.579131,0.215887,0.544595,0.545842,0.155534
2857.609849,sim,0.746909,0.633680,0.257840,0.596814,0.599281,0.158425
2857.614146,sim,0.746909,0.633680,0.257840,0.596814,0.599281,0.158425
2857.618243,sim,0.746909,0.633680,0.257840,0.596814,0.599281,0.158425
2857.621827,sim,0.746909,0.633680,0.257840,0.596814,0.599281,0.158425
2857.625975,sim,0.746909,0.633680,0.257840,0.596814,0.599281,0.158425
2857.629963,sim,0.783249,0.689278,0.301134,0.651779,0.652531,0.160931
2857.634418,sim,0.783249,0.689278,0.301134,0.651779,0.652531,0.160931
2857.638048,sim,0.783249,0.689278,0.301134,0.651779,0.652531,0.160931
2857.642037,sim,0.783249,0.689278,0.301134,0.651779,0.652531,0.160931
2857.646843,sim,0.783249,0.689278,0.301134,0.651779,0.652531,0.160931
2857.649920,sim,0.814743,0.745785,0.346978,0.706351,0.707002,0.163103
2857.654303,sim,0.814743,0.745785,0.346978,0.706351,0.707002,0.163103
2857.657970,sim,0.814743,0.745785,0.346978,0.706351,0.707002,0.163103
2857.662154,sim,0.814743,0.745785,0.346978,0.706351,0.707002,0.163103
2857.665977,sim,0.814743,0.745785,0.346978,0.706351,0.707002,0.163103
2857.670089,sim,0.842038,0.801693,0.395031,0.761969,0.758372,0.164985
2857.674613,sim,0.842038,0.801693,0.395031,0.761969,0.758372,0.164985
2857.678685,sim,0.842038,0.801693,0.395031,0.761969,0.758372,0.164985
2857.681935,sim,0.842038,0.801693,0.395031,0.761969,0.758372,0.164985
2857.686211,sim,0.842038,0.801693,0.395031,0.761969,0.758372,0.164985
2857.689938,sim,0.865694,0.851533,0.443613,0.817106,0.802893,0.166616
2857.693994,sim,0.865694,0.851533,0.443613,0.817106,0.802893,0.166616
2857.697825,sim,0.865694,0.851533,0.443613,0.817106,0.802893,0.166616
2857.701857,sim,0.865694,0.851533,0.443613,0.817106,0.802893,0.166616
2857.705918,sim,0.865694,0.851533,0.443613,0.817106,0.802893,0.166616
2857.710031,sim,0.886196,0.894729,0.494039,0.864891,0.841477,0.168029
2857.713917,sim,0.886196,0.894729,0.494039,0.864891,0.841477,0.168029
2857.717941,sim,0.886196,0.894729,0.494039,0.864891,0.841477,0.168029
2857.721907,sim,0.886196,0.894729,0.494039,0.864891,0.841477,0.168029
2857.725823,sim,0.886196,0.894729,0.494039,0.864891,0.841477,0.168029
2857.729920,sim,0.886196,0.894729,0.494039,0.864891,0.841477,0.168029
2857.734052,sim,0.903964,0.932164,0.546063,0.906305,0.874917,0.169255
2857.737857,sim,0.903964,0.932164,0.546063,0.906305,0.874917,0.169255
2857.741765,sim,0.903964,0.932164,0.546063,0.906305,0.874917,0.169255
2857.745976,sim,0.903964,0.932164,0.546063,0.906305,0.874917,0.169255
2857.750050,sim,0.919363,0.964609,0.598086,0.942197,0.903898,0.170316
2857.753989,sim,0.919363,0.964609,0.598086,0.942197,0.903898,0.170316
2857.757859,sim,0.919363,0.964609,0.598086,0.942197,0.903898,0.170316
2857.761794,sim,0.919363,0.964609,0.598086,0.942197,0.903898,0.170316
2857.766384,sim,0.919363,0.964609,0.598086,0.942197,0.903898,0.170316
2857.770124,sim,0.932709,0.992727,0.650108,0.973304,0.929015,0.171237
2857.774308,sim,0.932709,0.992727,0.650108,0.973304,0.929015,0.171237
2857.777986,sim,0.932709,0.992727,0.650108,0.973304,0.929015,0.171237
2857.782488,sim,0.932709,0.992727,0.650108,0.973304,0.929015,0.171237
2857.786923,sim,0.932709,0.992727,0.650108,0.973304,0.929015,0.171237
2857.790368,sim,0.944275,1.000000,0.703515,1.000000,0.950783,0.172034
2857.795827,sim,0.944275,0.999999,0.703515,0.999999,0.950782,0.172034
2857.799564,sim,0.944274,0.999999,0.703514,0.999999,0.950782,0.172033
2857.804618,sim,0.944275,1.000000,0.703515,1.000000,0.950783,0.172034
2857.806435,sim,0.944273,0.999997,0.703513,0.999997,0.950780,0.172031
2857.812137,sim,0.954302,1.000003,0.756740,1.000003,0.969651,0.172728
2857.815570,sim,0.954298,0.999999,0.756736,0.999999,0.969647,0.172724
2857.818822,sim,0.954301,1.000001,0.756739,1.000001,0.969650,0.172727
2857.824355,sim,0.962985,0.999998,0.807022,0.999998,0.985997,0.173322
2857.829170,sim,0.962989,1.000002,0.807026,1.000002,0.986001,0.173326
2857.832173,sim,0.962986,0.999999,0.807022,0.999999,0.985998,0.173323
2857.835570,sim,0.962989,1.000001,0.807025,1.000001,0.986000,0.173326
2857.839364,sim,0.962985,0.999998,0.807022,0.999998,0.985997,0.173322
2857.843412,sim,0.962989,1.000002,0.807026,1.000002,0.986001,0.173326
2857.847344,sim,0.970516,0.999999,0.856152,0.999999,0.999999,0.173842
2857.851464,sim,0.970516,1.000000,0.856153,1.000000,1.000000,0.173843
2857.855268,sim,0.977037,0.999995,0.898727,0.999995,0.999995,0.174288
2857.863515,sim,0.977044,1.000002,0.898735,1.000002,1.000002,0.174296
2857.868774,sim,0.977039,0.999997,0.898730,0.999997,0.999997,0.174291
2857.869584,sim,0.982698,1.000001,0.935635,1.000001,1.000001,0.174684
2857.873796,sim,0.982693,0.999996,0.935630,0.999996,0.999996,0.174679
2857.878224,sim,0.982699,1.000002,0.935636,1.000002,1.000002,0.174685
2857.882345,sim,0.982693,0.999996,0.935630,0.999996,0.999996,0.174679
2857.885691,sim,0.987601,1.000002,0.967618,1.000002,1.000002,0.175023
2857.889432,sim,0.987595,0.999996,0.967612,0.999996,0.999996,0.175017
2857.893277,sim,0.987600,1.000001,0.967618,1.000001,1.000001,0.175023
2857.897335,sim,0.987594,0.999996,0.967612,0.999996,0.999996,0.175017
2857.901155,sim,0.987600,1.000002,0.967618,1.000002,1.000002,0.175023
2857.905371,sim,0.987595,0.999996,0.967612,0.999996,0.999996,0.175017
2857.909659,sim,0.991848,1.000002,0.995335,1.000002,1.000002,0.175316
2857.913212,sim,0.991843,0.999996,0.995329,0.999996,0.999996,0.175310
2857.917388,sim,0.991848,1.000002,0.995335,1.000002,1.000002,0.175316
2857.921112,sim,0.991842,0.999996,0.995329,0.999996,0.999996,0.175310
2857.924920,sim,0.991848,1.000001,0.995335,1.000001,1.000001,0.175316
2857.928954,sim,0.995524,0.999996,0.999996,0.999996,0.999996,0.175564
2857.932878,sim,0.995530,1.000002,1.000002,1.000002,1.000002,0.175570
2857.936830,sim,0.995522,0.999994,0.999994,0.999994,0.999994,0.175562
2857.940752,sim,0.995531,1.000003,1.000003,1.000003,1.000003,0.175571
2857.945088,sim,0.995522,0.999994,0.999994,0.999994,0.999994,0.175562
2857.948844,sim,0.998722,1.000003,1.000003,1.000003,1.000003,0.175791
2857.952778,sim,0.998712,0.999994,0.999994,0.999994,0.999994,0.175782
2857.956725,sim,0.998721,1.000003,1.000003,1.000003,1.000003,0.175791
2857.960683,sim,0.998713,0.999994,0.999994,0.999994,0.999994,0.175782
2857.964886,sim,0.998722,1.000003,1.000003,1.000003,1.000003,0.175791
2857.968566,sim,0.999994,0.999994,0.999994,0.999994,0.999994,0.175973
2857.972560,sim,1.000001,1.000001,1.000001,1.000001,1.000001,0.175980
2857.976727,sim,0.999996,0.999996,0.999996,0.999996,0.999996,0.175975
2857.980518,sim,1.000000,1.000000,1.000000,1.000000,1.000000,0.175979
2857.984459,sim,0.999994,0.999994,0.999994,0.999994,0.999994,0.175973
2857.988531,sim,1.000002,1.000002,1.000002,1.000002,1.000002,0.176146
2857.992472,sim,0.999995,0.999995,0.999995,0.999995,0.999995,0.176139
2857.996577,sim,1.000001,1.000001,1.000001,1.000001,1.000001,0.176145
2858.000372,sim,0.999994,0.999994,0.999994,0.999994,0.999994,0.176138
2858.004364,sim,1.000002,1.000002,1.000002,1.000002,1.000002,0.176145
2858.008389,sim,0.999995,0.999995,0.999995,0.999995,0.999995,0.176282
2858.012305,sim,1.000001,1.000001,1.000001,1.000001,1.000001,0.176288
2858.016272,sim,0.999995,0.999995,0.999995,0.999995,0.999995,0.176282
2858.020353,sim,1.000001,1.000001,1.000001,1.000001,1.000001,0.176288
2858.024398,sim,0.999996,0.999996,0.999996,0.999996,0.999996,0.176407
2858.028325,sim,1.000001,1.000001,1.000001,1.000001,1.000001,0.176412
2858.032263,sim,0.999994,0.999994,0.999994,0.999994,0.999994,0.176406
2858.036220,sim,1.000002,1.000002,1.000002,1.000002,1.000002,0.176413
2858.040255,sim,0.999995,0.999995,0.999995,0.999995,0.999995,0.176407
2858.044277,sim,1.000001,1.000001,1.000001,1.000001,1.000001,0.176412
2858.048156,sim,0.999994,0.999994,0.999994,0.999994,0.999994,0.176513
2858.052147,sim,1.000002,1.000002,1.000002,1.000002,1.000002,0.176521
2858.056162,sim,0.999996,0.999996,0.999996,0.999996,0.999996,0.176514
2858.060060,sim,1.000001,1.000001,1.000001,1.000001,1.000001,0.176520
2858.064008,sim,0.999994,0.999994,0.999994,0.999994,0.999994,0.176513
2858.068082,sim,1.000001,1.000001,1.000001,1.000001,1.000001,0.176613
2858.072071,sim,0.999996,0.999996,0.999996,0.999996,0.999996,0.176608
2858.076205,sim,1.000001,1.000001,1.000001,1.000001,1.000001,0.176613
2858.079940,sim,0.999994,0.999994,0.999994,0.999994,0.999994,0.176607
2858.083948,sim,1.000001,1.000001,1.000001,1.000001,1.000001,0.176613
2858.087917,sim,0.999996,0.999996,0.999996,0.999996,0.999996,0.176689
2858.091907,sim,1.000001,1.000001,1.000001,1.000001,1.000001,0.176693
2858.096156,sim,0.999995,0.999995,0.999995,0.999995,0.999995,0.176688
2858.099838,sim,1.000001,1.000001,1.000001,1.000001,1.000001,0.176694
2858.103929,sim,0.999996,0.999996,0.999996,0.999996,0.999996,0.176689
2858.107950,sim,1.000000,1.000000,1.000000,1.000000,1.000000,0.176763
2858.111863,sim,0.999994,0.999994,0.999994,0.999994,0.999994,0.176757
2858.116170,sim,1.000001,1.000001,1.000001,1.000001,1.000001,0.176764
2858.120154,sim,0.999996,0.999996,0.999996,0.999996,0.999996,0.176759
2858.123954,sim,1.000001,1.000001,1.000001,1.000001,1.000001,0.176824
2858.127993,sim,0.999994,0.999994,0.999994,0.999994,0.999994,0.176818
2858.131859,sim,1.000001,1.000001,1.000001,1.000001,1.000001,0.176824
2858.136334,sim,0.999996,0.999996,0.999996,0.999996,0.999996,0.176820
2858.139855,sim,1.000001,1.000001,1.000001,1.000001,1.000001,0.176824
2858.144295,sim,0.999994,0.999994,0.999994,0.999994,0.999994,0.176870
2858.147994,sim,1.000001,1.000001,1.000001,1.000001,1.000001,0.176877
2858.152014,sim,0.999996,0.999996,0.999996,0.999996,0.999996,0.176872
2858.155969,sim,1.000001,1.000001,1.000001,1.000001,1.000001,0.176877
2858.159884,sim,0.999995,0.999995,0.999995,0.999995,0.999995,0.176871
2858.163824,sim,1.000001,1.000001,1.000001,1.000001,1.000001,0.176923
2858.167817,sim,0.999995,0.999995,0.999995,0.999995,0.999995,0.176917
2858.171731,sim,1.000001,1.000001,1.000001,1.000001,1.000001,0.176922
2858.175819,sim,0.999994,0.999994,0.999994,0.999994,0.999994,0.176916
2858.179617,sim,1.000001,1.000001,1.000001,1.000001,1.000001,0.176923
2858.183776,sim,0.999995,0.999995,0.999995,0.999995,0.999995,0.176957
2858.187639,sim,1.000001,1.000001,1.000001,1.000001,1.000001,0.176962
2858.191489,sim,0.999994,0.999994,0.999994,0.999994,0.999994,0.176955
2858.195685,sim,1.000001,1.000001,1.000001,1.000001,1.000001,0.176963
2858.199673,sim,0.999996,0.999996,0.999996,0.999996,0.999996,0.176957
2858.203600,sim,1.000001,1.000001,1.000001,1.000001,1.000001,0.176996
2858.207612,sim,0.999994,0.999994,0.999994,0.999994,0.999994,0.176989
2858.211751,sim,1.000001,1.000001,1.000001,1.000001,1.000001,0.176996
2858.215792,sim,0.999996,0.999996,0.999996,0.999996,0.999996,0.176992
2858.219545,sim,1.000000,1.000000,1.000000,1.000000,1.000000,0.176996
2858.223456,sim,0.999995,0.999995,0.999995,0.999995,0.999995,0.174872
2858.227501,sim,1.000001,1.000001,1.000001,1.000001,1.000001,0.174878
2858.231584,sim,0.999996,0.999996,0.999996,0.999996,0.999996,0.174873
2858.235479,sim,1.000001,1.000001,1.000001,1.000001,1.000001,0.174878
2858.239533,sim,0.999995,0.999995,0.999995,0.999995,0.999995,0.174872
2858.243630,sim,1.000001,1.000001,1.000001,1.000001,1.000001,0.167672
2858.247388,sim,0.999995,0.999995,0.999995,0.999995,0.999995,0.167666
2858.251333,sim,1.000001,1.000001,1.000001,1.000001,1.000001,0.167672
2858.255284,sim,0.999995,0.999995,0.999995,0.999995,0.999995,0.167666
2858.259281,sim,1.000001,1.000001,1.000001,1.000001,1.000001,0.167672
2858.263388,sim,0.999875,0.999995,0.999995,0.999995,0.999995,0.151754
2858.267267,sim,0.999883,1.000003,1.000003,1.000003,1.000003,0.151762
2858.271289,sim,0.999874,0.999994,0.999994,0.999994,0.999994,0.151753
2858.275558,sim,0.999883,1.000003,1.000003,1.000003,1.000003,0.151762
2858.279335,sim,0.999874,0.999994,0.999994,0.999994,0.999994,0.151753
2858.283276,sim,0.976140,1.000003,1.000003,1.000003,1.000003,0.131528
2858.287209,sim,0.976131,0.999995,0.999995,0.999995,0.999995,0.131519
2858.291208,sim,0.976140,1.000003,1.000003,1.000003,1.000003,0.131527
2858.295381,sim,0.976131,0.999994,0.999994,0.999994,0.999994,0.131518
2858.299311,sim,0.947241,1.000003,1.000003,1.000003,1.000003,0.113991
2858.303331,sim,0.947232,0.999994,0.999994,0.999994,0.999994,0.113982
2858.307207,sim,0.947240,1.000003,1.000003,1.000003,1.000003,0.113991
2858.311222,sim,0.947231,0.999994,0.999994,0.999994,0.999994,0.113982
2858.315270,sim,0.947241,1.000003,1.000003,1.000003,1.000003,0.113991
2858.319256,sim,0.947232,0.999994,0.999994,0.999994,0.999994,0.113982
2858.323104,sim,0.908324,1.000003,1.000003,1.000003,1.000003,0.098792
2858.327165,sim,0.908316,0.999994,0.999994,0.999994,0.999994,0.098784
2858.331204,sim,0.908324,1.000003,1.000003,1.000003,1.000003,0.098792
2858.335230,sim,0.908315,0.999994,0.999994,0.999994,0.999994,0.098783
2858.339169,sim,0.908324,1.000003,1.000003,1.000003,1.000003,0.098793
2858.343451,sim,0.863495,0.999998,0.999998,0.999998,0.991464,0.085615
2858.347272,sim,0.863501,1.000003,1.000003,1.000003,0.991469,0.085621
2858.351304,sim,0.863494,0.999997,0.999997,0.999997,0.991463,0.085614
2858.355253,sim,0.863501,1.000003,1.000003,1.000003,0.991469,0.085621
2858.359828,sim,0.863495,0.999997,0.999997,0.999997,0.991463,0.085615
2858.363586,sim,0.812170,1.000003,1.000003,1.000003,0.957752,0.074205
2858.367263,sim,0.812164,0.999997,0.999997,0.999997,0.957746,0.074199
2858.371212,sim,0.812170,1.000003,1.000003,1.000003,0.957752,0.074205
2858.375272,sim,0.812164,0.999997,0.999997,0.999997,0.957746,0.074199
2858.379105,sim,0.812170,1.000003,1.000003,1.000003,0.957752,0.074205
2858.383060,sim,0.755195,0.967785,0.999997,0.992145,0.920202,0.064306
2858.387035,sim,0.755199,0.967788,1.000001,0.992148,0.920206,0.064309
2858.393081,sim,0.755196,0.967785,0.999998,0.992145,0.920203,0.064306
2858.395575,sim,0.755199,0.967788,1.000001,0.992148,0.920206,0.064309
2858.399201,sim,0.697501,0.924742,0.999998,0.954176,0.880730,0.055732
2858.403032,sim,0.697504,0.924745,1.000001,0.954179,0.880733,0.055735
2858.407086,sim,0.697501,0.924742,0.999998,0.954176,0.880730,0.055732
2858.411064,sim,0.697504,0.924745,1.000001,0.954179,0.880733,0.055735
2858.415030,sim,0.697501,0.924742,0.999998,0.954176,0.880730,0.055732
2858.419045,sim,0.697504,0.924745,1.000001,0.954179,0.880733,0.055735
2858.423087,sim,0.632241,0.876342,0.999998,0.911561,0.838198,0.048301
2858.427130,sim,0.632244,0.876345,1.000001,0.911564,0.838201,0.048304
2858.430911,sim,0.632241,0.876342,0.999998,0.911561,0.838198,0.048301
2858.435027,sim,0.632244,0.876345,1.000001,0.911564,0.838201,0.048304
2858.439189,sim,0.632241,0.876342,0.999998,0.911561,0.838198,0.048301
2858.443044,sim,0.564589,0.824689,1.000001,0.866308,0.791631,0.041864
2858.447077,sim,0.564586,0.824686,0.999998,0.866305,0.791628,0.041860
2858.451361,sim,0.564589,0.824689,1.000001,0.866308,0.791631,0.041864
2858.456265,sim,0.564586,0.824686,0.999998,0.866305,0.791628,0.041860
2858.459660,sim,0.497633,0.772985,1.000001,0.821538,0.747109,0.036282
2858.463236,sim,0.497630,0.772982,0.999998,0.821535,0.747106,0.036279
2858.467217,sim,0.497633,0.772985,1.000001,0.821538,0.747109,0.036282
2858.470966,sim,0.497630,0.772982,0.999998,0.821535,0.747106,0.036279
2858.475130,sim,0.497633,0.772985,1.000001,0.821538,0.747109,0.036282
2858.478935,sim,0.497630,0.772982,0.999998,0.821535,0.747106,0.036279
2858.482976,sim,0.432669,0.717079,1.000001,0.773029,0.697427,0.031444
2858.487152,sim,0.432666,0.717076,0.999998,0.773026,0.697424,0.031441
2858.491028,sim,0.432669,0.717079,1.000001,0.773029,0.697427,0.031444
2858.495173,sim,0.432666,0.717076,0.999998,0.773026,0.697424,0.031441
2858.498969,sim,0.432669,0.717079,1.000001,0.773029,0.697427,0.031444
2858.503099,sim,0.376364,0.660302,0.999998,0.724049,0.646045,0.027249
2858.506983,sim,0.376367,0.660305,1.000001,0.724052,0.646048,0.027252
2858.510927,sim,0.376364,0.660302,0.999998,0.724049,0.646045,0.027249
2858.514996,sim,0.376367,0.660305,1.000001,0.724052,0.646048,0.027252
2858.519618,sim,0.376364,0.660302,0.999998,0.724049,0.646045,0.027249
2858.522983,sim,0.327572,0.601392,1.000001,0.673283,0.593197,0.023619
2858.526953,sim,0.327569,0.601389,0.999998,0.673280,0.593194,0.023616
2858.530886,sim,0.327572,0.601392,1.000001,0.673283,0.593197,0.023619
2858.535017,sim,0.327569,0.601389,0.999998,0.673280,0.593194,0.023616
2858.538832,sim,0.327572,0.601392,1.000001,0.673283,0.593197,0.023619
2858.542961,sim,0.285280,0.543396,0.999998,0.622346,0.539067,0.020467
2858.546860,sim,0.285283,0.543399,1.000001,0.622349,0.539070,0.020470
2858.550967,sim,0.285280,0.543396,0.999998,0.622346,0.539067,0.020467
2858.554955,sim,0.285283,0.543399,1.000001,0.622349,0.539070,0.020470
2858.558923,sim,0.285280,0.543396,0.999998,0.622346,0.539067,0.020467
2858.562861,sim,0.248632,0.483429,0.981788,0.569883,0.485225,0.017740
2858.567176,sim,0.248631,0.483428,0.981787,0.569882,0.485224,0.017739
2858.570901,sim,0.248631,0.483428,0.981787,0.569882,0.485224,0.017739
2858.575021,sim,0.248631,0.483428,0.981787,0.569882,0.485224,0.017739
2858.579355,sim,0.248631,0.483428,0.981787,0.569882,0.485224,0.017739
2858.583327,sim,0.216867,0.423132,0.938264,0.517477,0.430237,0.015374
2858.586973,sim,0.216867,0.423132,0.938264,0.517477,0.430237,0.015374
2858.590932,sim,0.216867,0.423132,0.938264,0.517477,0.430237,0.015374
2858.595040,sim,0.216867,0.423132,0.938264,0.517477,0.430237,0.015374
2858.598945,sim,0.216867,0.423132,0.938264,0.517477,0.430237,0.015374
2858.602819,sim,0.189339,0.368101,0.893609,0.465125,0.375646,0.013324
2858.606760,sim,0.189339,0.368101,0.893609,0.465125,0.375646,0.013324
2858.611062,sim,0.189339,0.368101,0.893609,0.465125,0.375646,0.013324
2858.615145,sim,0.189339,0.368101,0.893609,0.465125,0.375646,0.013324
2858.619064,sim,0.189339,0.368101,0.893609,0.465125,0.375646,0.013324
2858.622819,sim,0.165480,0.320408,0.845199,0.411430,0.325560,0.011548
2858.626816,sim,0.165480,0.320408,0.845199,0.411430,0.325560,0.011548
2858.630891,sim,0.165480,0.320408,0.845199,0.411430,0.325560,0.011548
2858.634836,sim,0.165480,0.320408,0.845199,0.411430,0.325560,0.011548
2858.638720,sim,0.165480,0.320408,0.845199,0.411430,0.325560,0.011548
2858.643046,sim,0.144803,0.279074,0.796309,0.359347,0.282152,0.010008
2858.646991,sim,0.144803,0.279074,0.796309,0.359347,0.282152,0.010008
2858.650871,sim,0.144803,0.279074,0.796309,0.359347,0.282152,0.010008
2858.654951,sim,0.144803,0.279074,0.796309,0.359347,0.282152,0.010008
2858.659052,sim,0.144803,0.279074,0.796309,0.359347,0.282152,0.010008
2858.662871,sim,0.126883,0.243251,0.745615,0.314208,0.244532,0.008674
2858.666794,sim,0.126883,0.243251,0.745615,0.314208,0.244532,0.008674
2858.670745,sim,0.126883,0.243251,0.745615,0.314208,0.244532,0.008674
2858.675250,sim,0.126883,0.243251,0.745615,0.314208,0.244532,0.008674
2858.679157,sim,0.126883,0.243251,0.745615,0.314208,0.244532,0.008674
2858.683040,sim,0.111353,0.212205,0.694745,0.273701,0.211927,0.007517
2858.686989,sim,0.111353,0.212205,0.694745,0.273701,0.211927,0.007517
2858.690806,sim,0.111353,0.212205,0.694745,0.273701,0.211927,0.007517
2858.695101,sim,0.111353,0.212205,0.694745,0.273701,0.211927,0.007517
2858.698885,sim,0.111353,0.212205,0.694745,0.273701,0.211927,0.007517
2858.703374,sim,0.097893,0.185298,0.642336,0.238594,0.183670,0.006515
2858.706942,sim,0.097893,0.185298,0.642336,0.238594,0.183670,0.006515
2858.710830,sim,0.097893,0.185298,0.642336,0.238594,0.183670,0.006515
2858.714864,sim,0.097893,0.185298,0.642336,0.238594,0.183670,0.006515
2858.718828,sim,0.097893,0.185298,0.642336,0.238594,0.183670,0.006515
2858.722690,sim,0.086227,0.161978,0.588593,0.208169,0.159181,0.005646
2858.726829,sim,0.086227,0.161978,0.588593,0.208169,0.159181,0.005646
2858.730744,sim,0.086227,0.161978,0.588593,0.208169,0.159181,0.005646
2858.734757,sim,0.086227,0.161978,0.588593,0.208169,0.159181,0.005646
2858.738970,sim,0.086227,0.161978,0.588593,0.208169,0.159181,0.005646
2858.742875,sim,0.080000,0.141768,0.535080,0.181800,0.137957,0.004893
2858.746768,sim,0.080000,0.141768,0.535080,0.181800,0.137957,0.004893
2858.750673,sim,0.080000,0.141768,0.535080,0.181800,0.137957,0.004893
2858.754777,sim,0.080000,0.141768,0.535080,0.181800,0.137957,0.004893
2858.758872,sim,0.080000,0.141768,0.535080,0.181800,0.137957,0.004893
2858.762734,sim,0.080000,0.124253,0.478993,0.158947,0.120000,0.004241
2858.766930,sim,0.080001,0.124254,0.478994,0.158948,0.120001,0.004242
2858.770789,sim,0.080000,0.124253,0.478993,0.158947,0.120000,0.004241
2858.775296,sim,0.080001,0.124254,0.478994,0.158948,0.120001,0.004242
2858.778837,sim,0.080000,0.124252,0.478993,0.158946,0.120000,0.004240
2858.782787,sim,0.080001,0.120001,0.424837,0.139142,0.120001,0.003676
2858.786719,sim,0.079999,0.119999,0.424836,0.139140,0.119999,0.003675
2858.790840,sim,0.080001,0.120001,0.424838,0.139142,0.120001,0.003677
2858.794863,sim,0.079999,0.119999,0.424835,0.139140,0.119999,0.003674
2858.798992,sim,0.080001,0.120001,0.424838,0.139142,0.120001,0.003677
2858.803460,sim,0.079999,0.119999,0.372352,0.121975,0.119999,0.003184
2858.807366,sim,0.080001,0.120001,0.372354,0.121977,0.120001,0.003187
2858.810797,sim,0.079999,0.119999,0.372352,0.121975,0.119999,0.003184
2858.814794,sim,0.080001,0.120001,0.372354,0.121977,0.120001,0.003187
2858.818738,sim,0.079999,0.119999,0.372352,0.121975,0.119999,0.003184
2858.822696,sim,0.080001,0.120001,0.325481,0.120001,0.120001,0.002762
2858.826667,sim,0.079999,0.119999,0.325479,0.119999,0.119999,0.002760
2858.830953,sim,0.080002,0.120002,0.325481,0.120002,0.120002,0.002762
2858.834797,sim,0.079999,0.119999,0.325478,0.119999,0.119999,0.002759
2858.838789,sim,0.080002,0.120002,0.325481,0.120002,0.120002,0.002763
2858.842758,sim,0.079999,0.119999,0.325478,0.119999,0.119999,0.002759
2858.846713,sim,0.080002,0.120002,0.284858,0.120002,0.120002,0.002394
2858.850744,sim,0.079999,0.119999,0.284855,0.119999,0.119999,0.002391
2858.854786,sim,0.080002,0.120002,0.284858,0.120002,0.120002,0.002394
2858.858648,sim,0.079999,0.119999,0.284855,0.119999,0.119999,0.002391
2858.862714,sim,0.080002,0.120002,0.284858,0.120002,0.120002,0.002394
2858.866760,sim,0.079999,0.119999,0.249648,0.119999,0.119999,0.002072
2858.870669,sim,0.080002,0.120002,0.249651,0.120002,0.120002,0.002075
2858.874799,sim,0.079999,0.119999,0.249648,0.119999,0.119999,0.002072
2858.878573,sim,0.080002,0.120002,0.249651,0.120002,0.120002,0.002075
2858.882609,sim,0.079999,0.119999,0.249648,0.119999,0.119999,0.002072
2858.886662,sim,0.080002,0.120002,0.219139,0.120002,0.120002,0.001799
2858.890738,sim,0.079999,0.119999,0.219136,0.119999,0.119999,0.001796
2858.894764,sim,0.080002,0.120002,0.219139,0.120002,0.120002,0.001799
2858.898706,sim,0.079999,0.119999,0.219136,0.119999,0.119999,0.001796
2858.903200,sim,0.080002,0.120002,0.219139,0.120002,0.120002,0.001799
2858.906855,sim,0.079999,0.119999,0.192692,0.119999,0.119999,0.001556
2858.910866,sim,0.080002,0.120002,0.192694,0.120002,0.120002,0.001559
2858.914704,sim,0.079999,0.119999,0.192692,0.119999,0.119999,0.001556
2858.918628,sim,0.080002,0.120002,0.192694,0.120002,0.120002,0.001559
2858.923072,sim,0.079999,0.119999,0.192692,0.119999,0.119999,0.001556
2858.926653,sim,0.080001,0.120001,0.169776,0.120001,0.120001,0.001351
2858.930613,sim,0.079999,0.119999,0.169773,0.119999,0.119999,0.001349
2858.934726,sim,0.080002,0.120002,0.169776,0.120002,0.120002,0.001352
2858.938619,sim,0.079999,0.119999,0.169773,0.119999,0.119999,0.001348
2858.942626,sim,0.080001,0.120001,0.169776,0.120001,0.120001,0.001351
2858.947099,sim,0.079999,0.119999,0.149911,0.119999,0.119999,0.001169
2858.950748,sim,0.080001,0.120001,0.149913,0.120001,0.120001,0.001171
2858.954753,sim,0.079999,0.119999,0.149911,0.119999,0.119999,0.001169
2858.958582,sim,0.080001,0.120001,0.149913,0.120001,0.120001,0.001171
2858.962715,sim,0.079999,0.119999,0.149911,0.119999,0.119999,0.001169
2858.966690,sim,0.080001,0.120001,0.132699,0.120001,0.120001,0.001015
2858.970763,sim,0.079999,0.119999,0.132697,0.119999,0.119999,0.001013
2858.974784,sim,0.080002,0.120002,0.132699,0.120002,0.120002,0.001016
2858.978625,sim,0.079999,0.119999,0.132697,0.119999,0.119999,0.001013
2858.982844,sim,0.080002,0.120002,0.132699,0.120001,0.120002,0.001016
2858.986617,sim,0.079999,0.119999,0.119999,0.119999,0.119999,0.000877
2858.990625,sim,0.080002,0.120002,0.120002,0.120002,0.120002,0.000881
2858.994646,sim,0.079999,0.119999,0.119999,0.119999,0.119999,0.000877
2858.998573,sim,0.080002,0.120002,0.120002,0.120002,0.120002,0.000881
2859.002906,sim,0.079999,0.119999,0.119999,0.119999,0.119999,0.000877
2859.006616,sim,0.080002,0.120002,0.120002,0.120002,0.120002,0.000764
2859.010646,sim,0.079999,0.119999,0.119999,0.119999,0.119999,0.000760
2859.014759,sim,0.080002,0.120002,0.120002,0.120002,0.120002,0.000764
2859.018745,sim,0.079999,0.119999,0.119999,0.119999,0.119999,0.000760
2859.022746,sim,0.080002,0.120002,0.120002,0.120002,0.120002,0.000662
2859.026546,sim,0.079999,0.119999,0.119999,0.119999,0.119999,0.000557
2859.030736,sim,0.080002,0.120002,0.120002,0.120002,0.120002,0.000459
2859.034724,sim,0.079999,0.119999,0.119999,0.119999,0.119999,0.000353
2859.038584,sim,0.080002,0.120002,0.120002,0.120002,0.120002,0.000257
2859.042854,sim,0.079999,0.119999,0.119999,0.119999,0.119999,0.000150
2859.046773,sim,0.080002,0.120002,0.120002,0.120002,0.120002,0.000056
2859.050647,sim,0.079999,0.119999,0.119999,0.119999,0.119999,0.000046
2859.054585,sim,0.080002,0.120002,0.120002,0.120002,0.120002,0.000057
2859.058585,sim,0.079999,0.119999,0.119999,0.119999,0.119999,0.000045
2859.062750,sim,0.080002,0.120002,0.120002,0.120002,0.120002,0.000057
2859.066585,sim,0.079999,0.119999,0.119999,0.119999,0.119999,0.000038
2859.070509,sim,0.080002,0.120002,0.120002,0.120002,0.120002,0.000051
2859.074828,sim,0.079999,0.119999,0.119999,0.119999,0.119999,0.000037
2859.078660,sim,0.080002,0.120002,0.120002,0.120002,0.120002,0.000051
2859.082627,sim,0.079999,0.119999,0.119999,0.119999,0.119999,0.000038
2859.086641,sim,0.080002,0.120002,0.120002,0.120002,0.120002,0.003262
2859.090616,sim,0.079999,0.119999,0.119999,0.119999,0.119999,0.003259
2859.094856,sim,0.080002,0.120002,0.120002,0.120002,0.120002,0.003262
2859.098701,sim,0.079999,0.119999,0.119999,0.119999,0.119999,0.003259
2859.102926,sim,0.080002,0.120002,0.120002,0.120002,0.120002,0.003262
2859.106753,sim,0.079999,0.119999,0.119999,0.119999,0.119999,0.014639
2859.110739,sim,0.080002,0.120002,0.120002,0.120002,0.120002,0.014642
2859.114873,sim,0.079999,0.119999,0.119999,0.119999,0.119999,0.014639
2859.118996,sim,0.080002,0.120002,0.120002,0.120002,0.120002,0.014642
2859.123312,sim,0.079999,0.119999,0.119999,0.119999,0.119999,0.014639
2859.127312,sim,0.080002,0.120002,0.120002,0.120002,0.120002,0.030949
2859.131127,sim,0.079999,0.119999,0.119999,0.119999,0.119999,0.030946
2859.135244,sim,0.080002,0.120002,0.120002,0.120002,0.120002,0.030949
2859.140419,sim,0.079999,0.119999,0.119999,0.119999,0.119999,0.030946
2859.142813,sim,0.080002,0.120002,0.120002,0.120002,0.120002,0.047230
2859.146831,sim,0.079999,0.119999,0.119999,0.119999,0.119999,0.047226
2859.150702,sim,0.080002,0.120002,0.120002,0.120002,0.120002,0.047229
2859.154802,sim,0.079999,0.119999,0.119999,0.119999,0.119999,0.047226
2859.158755,sim,0.080002,0.120002,0.120002,0.120002,0.120002,0.047230
2859.162805,sim,0.079999,0.119999,0.119999,0.119999,0.119999,0.047226
2859.166726,sim,0.110611,0.120002,0.120002,0.120001,0.120002,0.061339
2859.170813,sim,0.110609,0.119999,0.119999,0.119999,0.119999,0.061336
2859.174915,sim,0.110611,0.120001,0.120001,0.120001,0.120001,0.061339
2859.178630,sim,0.110609,0.119999,0.119999,0.119999,0.119999,0.061336
2859.182637,sim,0.110611,0.120002,0.120002,0.120002,0.120002,0.061339
2859.186674,sim,0.152728,0.119999,0.119999,0.119999,0.119999,0.073565
2859.190724,sim,0.152731,0.120002,0.120002,0.120002,0.120002,0.073568
2859.194718,sim,0.152728,0.119999,0.119999,0.119999,0.119999,0.073565
2859.199051,sim,0.152731,0.120002,0.120002,0.120002,0.120002,0.073568
2859.203330,sim,0.152728,0.119999,0.119999,0.119999,0.119999,0.073565
2859.206774,sim,0.200330,0.148851,0.120001,0.150413,0.135702,0.083091
2859.210736,sim,0.200329,0.148850,0.120000,0.150413,0.135702,0.083090
2859.215085,sim,0.200330,0.148851,0.120000,0.150413,0.135702,0.083090
2859.219188,sim,0.200329,0.148850,0.120000,0.150412,0.135702,0.083090
2859.222822,sim,0.200330,0.148851,0.120000,0.150413,0.135702,0.083091
2859.226735,sim,0.251292,0.188645,0.120000,0.187225,0.173089,0.091344
2859.230789,sim,0.251292,0.188646,0.120000,0.187226,0.173089,0.091345
2859.234748,sim,0.251291,0.188645,0.120000,0.187225,0.173089,0.091344
2859.238832,sim,0.251292,0.188646,0.120000,0.187226,0.173089,0.091345
2859.242966,sim,0.251292,0.188645,0.120000,0.187225,0.173089,0.091344
2859.246688,sim,0.306556,0.230070,0.120000,0.227452,0.213814,0.098498
2859.251011,sim,0.306555,0.230069,0.120000,0.227452,0.213813,0.098498
2859.255106,sim,0.306556,0.230070,0.120000,0.227452,0.213814,0.098498
2859.259065,sim,0.306555,0.230069,0.120000,0.227452,0.213813,0.098498
2859.263425,sim,0.306556,0.230070,0.120000,0.227452,0.213813,0.098498
2859.266888,sim,0.365546,0.275679,0.120000,0.269250,0.257430,0.104698
2859.270831,sim,0.365547,0.275680,0.120000,0.269250,0.257430,0.104698
2859.274870,sim,0.365546,0.275679,0.120000,0.269249,0.257429,0.104697
2859.278720,sim,0.365547,0.275680,0.120000,0.269250,0.257430,0.104698
2859.282889,sim,0.365546,0.275679,0.120000,0.269249,0.257429,0.104698
2859.286700,sim,0.426382,0.322144,0.120001,0.312410,0.303553,0.110071
2859.290936,sim,0.426381,0.322143,0.120000,0.312409,0.303552,0.110071
2859.294941,sim,0.426382,0.322144,0.120000,0.312410,0.303553,0.110071
2859.298675,sim,0.426381,0.322143,0.120000,0.312409,0.303552,0.110071
2859.302758,sim,0.426382,0.322144,0.120000,0.312410,0.303553,0.110071
2859.306757,sim,0.488814,0.370734,0.120000,0.358137,0.350461,0.114728
2859.310666,sim,0.488814,0.370734,0.120000,0.358138,0.350461,0.114728
2859.314777,sim,0.488813,0.370734,0.120000,0.358137,0.350461,0.114727
2859.318747,sim,0.488814,0.370734,0.120000,0.358137,0.350461,0.114728
2859.323348,sim,0.488813,0.370734,0.120000,0.358137,0.350461,0.114727
2859.326972,sim,0.552632,0.421169,0.120001,0.406090,0.399438,0.118764
2859.330799,sim,0.552631,0.421168,0.120000,0.406089,0.399437,0.118763
2859.334928,sim,0.552631,0.421168,0.120000,0.406090,0.399437,0.118764
2859.338838,sim,0.552631,0.421168,0.120000,0.406089,0.399437,0.118763
2859.342751,sim,0.552631,0.421168,0.120000,0.406090,0.399437,0.118764
2859.347035,sim,0.614875,0.471813,0.138467,0.454584,0.450205,0.122261
2859.351338,sim,0.614875,0.471813,0.138467,0.454584,0.450205,0.122261
2859.355394,sim,0.614875,0.471813,0.138467,0.454584,0.450205,0.122261
2859.358932,sim,0.614875,0.471813,0.138467,0.454584,0.450205,0.122261
2859.362963,sim,0.614875,0.471813,0.138467,0.454584,0.450205,0.122261
2859.366908,sim,0.668819,0.524027,0.174098,0.504934,0.501139,0.125293
2859.370747,sim,0.668819,0.524027,0.174098,0.504934,0.501139,0.125293
2859.374976,sim,0.668819,0.524027,0.174098,0.504934,0.501139,0.125293
2859.378657,sim,0.668819,0.524027,0.174098,0.504934,0.501139,0.125293
2859.383310,sim,0.668819,0.524027,0.174098,0.504934,0.501139,0.125293
2859.387044,sim,0.715571,0.576214,0.213301,0.555506,0.553604,0.127920
2859.390719,sim,0.715571,0.576214,0.213301,0.555506,0.553604,0.127920
2859.394920,sim,0.715571,0.576214,0.213301,0.555506,0.553604,0.127920
2859.398854,sim,0.715571,0.576214,0.213301,0.555506,0.553604,0.127920
2859.402812,sim,0.715571,0.576214,0.213301,0.555506,0.553604,0.127920
2859.407198,sim,0.715571,0.576214,0.213301,0.555506,0.553604,0.127920
2859.410765,sim,0.756089,0.631152,0.256985,0.609044,0.608783,0.130197
2859.415251,sim,0.756089,0.631152,0.256985,0.609044,0.608783,0.130197
2859.418779,sim,0.756089,0.631152,0.256985,0.609044,0.608783,0.130197
2859.422695,sim,0.756089,0.631152,0.256985,0.609044,0.608783,0.130197
2859.426630,sim,0.756089,0.631152,0.256985,0.609044,0.608783,0.130197
2859.430805,sim,0.791205,0.688474,0.301781,0.663766,0.660765,0.132170
2859.434759,sim,0.791205,0.688474,0.301781,0.663766,0.660765,0.132170
2859.438578,sim,0.791205,0.688474,0.301781,0.663766,0.660765,0.132170
2859.442638,sim,0.791205,0.688474,0.301781,0.663766,0.660765,0.132170
2859.447411,sim,0.791205,0.688474,0.301781,0.663766,0.660765,0.132170
2859.450820,sim,0.821638,0.745088,0.348925,0.718126,0.714139,0.133880
2859.455041,sim,0.821638,0.745088,0.348925,0.718126,0.714139,0.133880
2859.458700,sim,0.821638,0.745088,0.348925,0.718126,0.714139,0.133880
2859.462796,sim,0.821638,0.745088,0.348925,0.718126,0.714139,0.133880
2859.466978,sim,0.821638,0.745088,0.348925,0.718126,0.714139,0.133880
2859.470739,sim,0.848014,0.801089,0.396719,0.774948,0.764557,0.135362
2859.475980,sim,0.848014,0.801089,0.396719,0.774948,0.764557,0.135362
2859.479388,sim,0.848014,0.801089,0.396719,0.774948,0.764557,0.135362
2859.483212,sim,0.848014,0.801089,0.396719,0.774948,0.764557,0.135362
2859.486964,sim,0.870873,0.851010,0.443688,0.826967,0.809640,0.136647
2859.491126,sim,0.870873,0.851010,0.443688,0.826967,0.809640,0.136647
2859.494968,sim,0.870873,0.851010,0.443688,0.826967,0.809640,0.136647
2859.498715,sim,0.870873,0.851010,0.443688,0.826967,0.809640,0.136647
2859.502681,sim,0.870873,0.851010,0.443688,0.826967,0.809640,0.136647
2859.507177,sim,0.870873,0.851010,0.443688,0.826967,0.809640,0.136647
2859.510883,sim,0.890684,0.894275,0.494104,0.874825,0.848712,0.137760
2859.514795,sim,0.890684,0.894275,0.494104,0.874825,0.848712,0.137760
2859.518739,sim,0.890684,0.894275,0.494104,0.874825,0.848712,0.137760
2859.522863,sim,0.890684,0.894275,0.494104,0.874825,0.848712,0.137760
2859.526881,sim,0.890684,0.894275,0.494104,0.874825,0.848712,0.137760
2859.530880,sim,0.907854,0.931771,0.546120,0.916302,0.882574,0.138725
2859.534792,sim,0.907854,0.931771,0.546120,0.916302,0.882574,0.138725
2859.538947,sim,0.907854,0.931771,0.546120,0.916302,0.882574,0.138725
2859.542856,sim,0.907854,0.931771,0.546120,0.916302,0.882574,0.138725
2859.547253,sim,0.907854,0.931771,0.546120,0.916302,0.882574,0.138725
2859.550784,sim,0.922735,0.964268,0.598136,0.952248,0.911921,0.139561
2859.554869,sim,0.922735,0.964268,0.598136,0.952248,0.911921,0.139561
2859.558794,sim,0.922735,0.964268,0.598136,0.952248,0.911921,0.139561
2859.562810,sim,0.922735,0.964268,0.598136,0.952248,0.911921,0.139561
2859.566873,sim,0.922735,0.964268,0.598136,0.952248,0.911921,0.139561
2859.570945,sim,0.935631,0.992432,0.651538,0.983401,0.937355,0.140286
2859.575670,sim,0.935631,0.992432,0.651538,0.983401,0.937355,0.140286
2859.578999,sim,0.935631,0.992432,0.651538,0.983401,0.937355,0.140286
2859.582853,sim,0.935631,0.992432,0.651538,0.983401,0.937355,0.140286
2859.587135,sim,0.935631,0.992432,0.651538,0.983401,0.937355,0.140286
2859.590898,sim,0.935631,0.992432,0.651538,0.983401,0.937355,0.140286
2859.594981,sim,0.935631,0.992432,0.651538,0.983401,0.937355,0.140286
2859.598782,sim,0.935631,0.992432,0.651538,0.983401,0.937355,0.140286
2859.602940,sim,0.935631,0.992432,0.651538,0.983401,0.937355,0.140286
2859.607076,sim,0.935631,0.992432,0.651538,0.983401,0.937355,0.140286
2859.610813,sim,0.946811,1.000003,0.713080,1.000003,0.959402,0.140917
2859.614805,sim,0.946808,1.000000,0.713077,1.000000,0.959398,0.140914
2859.618830,sim,0.946806,0.999998,0.713075,0.999998,0.959397,0.140912
2859.622821,sim,0.946810,1.000002,0.713079,1.000002,0.959401,0.140916
2859.627061,sim,0.946806,0.999999,0.713075,0.999999,0.959397,0.140913
2859.630692,sim,0.956496,1.000001,0.771960,1.000001,0.978504,0.141460
2859.634906,sim,0.956492,0.999998,0.771957,0.999998,0.978500,0.141456
2859.638785,sim,0.956496,1.000002,0.771960,1.000002,0.978504,0.141460
2859.642770,sim,0.956493,0.999999,0.771957,0.999999,0.978501,0.141457
2859.646833,sim,0.956496,1.000001,0.771960,1.000001,0.978504,0.141460
2859.650923,sim,0.964887,0.999998,0.827149,0.999998,0.995057,0.141928
2859.654954,sim,0.964891,1.000002,0.827153,1.000002,0.995061,0.141932
2859.658872,sim,0.964888,0.999999,0.827149,0.999999,0.995058,0.141929
2859.662763,sim,0.964891,1.000002,0.827152,1.000002,0.995061,0.141932
2859.666877,sim,0.964888,0.999998,0.827149,0.999998,0.995057,0.141928
2859.670824,sim,0.972167,1.000002,0.874986,1.000002,1.000002,0.142341
2859.674998,sim,0.972162,0.999997,0.874980,0.999997,0.999997,0.142336
2859.678847,sim,0.972166,1.000001,0.874985,1.000001,1.000001,0.142340
2859.682752,sim,0.972161,0.999996,0.874980,0.999996,0.999996,0.142335
2859.686807,sim,0.972167,1.000001,0.874985,1.000001,1.000001,0.142340
2859.690847,sim,0.978466,0.999996,0.916435,0.999996,0.999996,0.142689
2859.694912,sim,0.978472,1.000002,0.916441,1.000002,1.000002,0.142695
2859.698905,sim,0.978467,0.999996,0.916435,0.999996,0.999996,0.142689
2859.703139,sim,0.978472,1.000001,0.916441,1.000001,1.000001,0.142695
2859.707072,sim,0.978466,0.999996,0.916435,0.999996,0.999996,0.142689
2859.711036,sim,0.983938,1.000002,0.952369,1.000002,1.000002,0.143002
2859.715073,sim,0.983932,0.999996,0.952363,0.999996,0.999996,0.142996
2859.719556,sim,0.983937,1.000002,0.952369,1.000002,1.000002,0.143002
2859.722796,sim,0.983931,0.999996,0.952363,0.999996,0.999996,0.142996
2859.726793,sim,0.983937,1.000001,0.952369,1.000001,1.000001,0.143002
2859.730799,sim,0.983931,0.999996,0.952363,0.999996,0.999996,0.142996
2859.735024,sim,0.988674,1.000002,0.983507,1.000002,1.000002,0.143269
2859.738813,sim,0.988668,0.999996,0.983501,0.999996,0.999996,0.143262
2859.742721,sim,0.988673,1.000001,0.983506,1.000001,1.000001,0.143268
2859.746847,sim,0.988668,0.999996,0.983501,0.999996,0.999996,0.143263
2859.750885,sim,0.988673,1.000001,0.983506,1.000001,1.000001,0.143268
2859.754994,sim,0.992773,0.999996,0.999996,0.999996,0.999996,0.143493
2859.758759,sim,0.992778,1.000002,1.000002,1.000002,1.000002,0.143499
2859.762766,sim,0.992771,0.999994,0.999994,0.999994,0.999994,0.143492
2859.766789,sim,0.992779,1.000003,1.000003,1.000003,1.000003,0.143500
2859.771143,sim,0.992771,0.999994,0.999994,0.999994,0.999994,0.143491
2859.774900,sim,0.996337,1.000003,1.000003,1.000003,1.000003,0.143700
2859.778765,sim,0.996328,0.999995,0.999995,0.999995,0.999995,0.143692
2859.782796,sim,0.996337,1.000003,1.000003,1.000003,1.000003,0.143700
2859.786826,sim,0.996328,0.999994,0.999994,0.999994,0.999994,0.143691
2859.790967,sim,0.996337,1.000003,1.000003,1.000003,1.000003,0.143700
2859.794903,sim,0.999412,0.999995,0.999995,0.999995,0.999995,0.143865
2859.798818,sim,0.999420,1.000003,1.000003,1.000003,1.000003,0.143873
2859.802826,sim,0.999411,0.999994,0.999994,0.999994,0.999994,0.143864
2859.806719,sim,0.999420,1.000003,1.000003,1.000003,1.000003,0.143874
2859.811110,sim,0.999411,0.999994,0.999994,0.999994,0.999994,0.143865
2859.814992,sim,1.000003,1.000003,1.000003,1.000003,1.000003,0.144023
2859.818794,sim,0.999994,0.999994,0.999994,0.999994,0.999994,0.144015
2859.822791,sim,1.000001,1.000001,1.000001,1.000001,1.000001,0.144021
2859.826795,sim,0.999995,0.999995,0.999995,0.999995,0.999995,0.144015
2859.830954,sim,1.000001,1.000001,1.000001,1.000001,1.000001,0.144022
2859.834915,sim,0.999996,0.999996,0.999996,0.999996,0.999996,0.144147
2859.838830,sim,1.000000,1.000000,1.000000,1.000000,1.000000,0.144151
2859.842760,sim,0.999994,0.999994,0.999994,0.999994,0.999994,0.144145
2859.846836,sim,1.000002,1.000002,1.000002,1.000002,1.000002,0.144153
2859.850830,sim,0.999996,0.999996,0.999996,0.999996,0.999996,0.144259
2859.854839,sim,1.000001,1.000001,1.000001,1.000001,1.000001,0.144377
2859.858703,sim,0.999994,0.999994,0.999994,0.999994,0.999994,0.144483
2859.862820,sim,1.000002,1.000002,1.000002,1.000002,1.000002,0.144604
2859.866720,sim,0.999996,0.999996,0.999996,0.999996,0.999996,0.144710
2859.870781,sim,1.000001,1.000001,1.000001,1.000001,1.000001,0.144828
2859.874966,sim,0.999994,0.999994,0.999994,0.999994,0.999994,0.144934
2859.879013,sim,1.000002,1.000002,1.000002,1.000002,1.000002,0.144998
2859.882993,sim,0.999996,0.999996,0.999996,0.999996,0.999996,0.144992
2859.886815,sim,1.000001,1.000001,1.000001,1.000001,1.000001,0.144997
2859.891016,sim,0.999995,0.999995,0.999995,0.999995,0.999995,0.144991
2859.894900,sim,1.000001,1.000001,1.000001,1.000001,1.000001,0.144998
2859.898820,sim,0.999996,0.999996,0.999996,0.999996,0.999996,0.144993
2859.902768,sim,1.000000,1.000000,1.000000,1.000000,1.000000,0.144997
2859.906878,sim,0.999995,0.999995,0.999995,0.999995,0.999995,0.144991
2859.910982,sim,1.000001,1.000001,1.000001,1.000001,1.000001,0.144998
2859.914938,sim,0.999996,0.999996,0.999996,0.999996,0.999996,0.144993
2859.919078,sim,1.000000,1.000000,1.000000,1.000000,1.000000,0.144997
2859.922878,sim,0.999994,0.999994,0.999994,0.999994,0.999994,0.144990
2859.927055,sim,1.000002,1.000002,1.000002,1.000002,1.000002,0.144998
2859.930982,sim,0.999996,0.999996,0.999996,0.999996,0.999996,0.144992
2859.935233,sim,1.000000,1.000000,1.000000,1.000000,1.000000,0.144997
2859.939141,sim,0.999995,0.999995,0.999995,0.999995,0.999995,0.144992
2859.942848,sim,1.000001,1.000001,1.000001,1.000001,1.000001,0.144998
2859.947305,sim,0.999996,0.999996,0.999996,0.999996,0.999996,0.144992
2859.950959,sim,1.000001,1.000001,1.000001,1.000001,1.000001,0.144997
2859.955073,sim,0.999994,0.999994,0.999994,0.999994,0.999994,0.144990
2859.958842,sim,1.000002,1.000002,1.000002,1.000002,1.000002,0.144998
2859.962813,sim,0.999995,0.999995,0.999995,0.999995,0.999995,0.144992
2859.966778,sim,1.000001,1.000001,1.000001,1.000001,1.000001,0.144997
2859.971041,sim,0.999994,0.999994,0.999994,0.999994,0.999994,0.144991
2859.975161,sim,0.996806,1.000004,1.000004,1.000004,1.000004,0.145000
2859.978828,sim,0.996796,0.999994,0.999994,0.999994,0.999994,0.144990
2859.982871,sim,0.996805,1.000002,1.000002,1.000002,1.000002,0.144999
2859.986735,sim,0.996797,0.999995,0.999995,0.999995,0.999995,0.144991
2859.991094,sim,0.996806,1.000003,1.000003,1.000003,1.000003,0.145000
2859.994938,sim,0.970690,0.999994,0.999994,0.999994,0.999994,0.144991
2859.998856,sim,0.970699,1.000003,1.000003,1.000003,1.000003,0.145000
2860.002848,sim,0.970690,0.999994,0.999994,0.999994,0.999994,0.144991
2860.006934,sim,0.970699,1.000003,1.000003,1.000003,1.000003,0.145000
2860.011198,sim,0.970690,0.999994,0.999994,0.999994,0.999994,0.144991
2860.014838,sim,0.936977,1.000003,1.000003,1.000003,1.000003,0.145000
2860.019106,sim,0.936968,0.999994,0.999994,0.999994,0.999994,0.144991
2860.022930,sim,0.936977,1.000003,1.000003,1.000003,1.000003,0.145000
2860.026821,sim,0.936967,0.999993,0.999993,0.999993,0.999993,0.144990
2860.031094,sim,0.936977,1.000003,1.000003,1.000003,1.000003,0.145000
2860.035226,sim,0.896646,0.999994,0.999994,0.999994,0.999994,0.139621
2860.038899,sim,0.896655,1.000003,1.000003,1.000003,1.000003,0.139629
2860.042820,sim,0.896646,0.999994,0.999994,0.999994,0.999994,0.139621
2860.046802,sim,0.896655,1.000003,1.000003,1.000003,1.000003,0.139629
2860.051066,sim,0.896646,0.999994,0.999994,0.999994,0.999994,0.139621
2860.054953,sim,0.850615,1.000004,1.000004,1.000004,0.990969,0.126384
2860.058909,sim,0.850607,0.999997,0.999997,0.999997,0.990961,0.126376
2860.062859,sim,0.850613,1.000003,1.000003,1.000003,0.990967,0.126382
2860.066881,sim,0.850607,0.999997,0.999997,0.999997,0.990961,0.126377
2860.071231,sim,0.850613,1.000002,1.000002,1.000002,0.990967,0.126382
2860.075166,sim,0.799608,0.999997,0.999997,0.999997,0.955924,0.111674
2860.078846,sim,0.799614,1.000003,1.000003,1.000003,0.955930,0.111680
2860.082948,sim,0.799608,0.999997,0.999997,0.999997,0.955924,0.111674
2860.086931,sim,0.799614,1.000003,1.000003,1.000003,0.955930,0.111680
2860.090927,sim,0.799608,0.999997,0.999997,0.999997,0.955924,0.111674
2860.095016,sim,0.745704,0.971046,1.000001,0.995622,0.918627,0.098936
2860.100279,sim,0.745701,0.971042,0.999998,0.995619,0.918624,0.098933
2860.102919,sim,0.745704,0.971045,1.000001,0.995622,0.918627,0.098936
2860.106875,sim,0.745701,0.971042,0.999998,0.995619,0.918624,0.098933
2860.110899,sim,0.745704,0.971045,1.000001,0.995622,0.918627,0.098936
2860.114961,sim,0.686499,0.927567,0.986732,0.957189,0.879364,0.087892
2860.118875,sim,0.686499,0.927567,0.986732,0.957189,0.879364,0.087892
2860.122890,sim,0.686500,0.927567,0.986732,0.957189,0.879364,0.087892
2860.127270,sim,0.686500,0.927567,0.986732,0.957189,0.879364,0.087892
2860.130877,sim,0.686500,0.927567,0.986732,0.957189,0.879364,0.087892
2860.134994,sim,0.625481,0.880177,0.946711,0.916946,0.837014,0.077247
2860.138864,sim,0.625481,0.880177,0.946711,0.916946,0.837014,0.077247
2860.142900,sim,0.625481,0.880177,0.946711,0.916946,0.837014,0.077247
2860.146897,sim,0.625481,0.880177,0.946711,0.916946,0.837014,0.077247
2860.151690,sim,0.625481,0.880177,0.946711,0.916946,0.837014,0.077247
2860.155604,sim,0.560114,0.832171,0.905091,0.875133,0.791989,0.068021
2860.159260,sim,0.560114,0.832171,0.905091,0.875133,0.791989,0.068021
2860.163066,sim,0.560114,0.832171,0.905091,0.875133,0.791989,0.068021
2860.167310,sim,0.560114,0.832171,0.905091,0.875133,0.791989,0.068021
2860.170939,sim,0.560114,0.832171,0.905091,0.875133,0.791989,0.068021
2860.175193,sim,0.493755,0.780857,0.862085,0.833348,0.747419,0.060026
2860.178853,sim,0.493755,0.780857,0.862085,0.833348,0.747419,0.060026
2860.183161,sim,0.493755,0.780857,0.862085,0.833348,0.747419,0.060026
2860.187022,sim,0.493755,0.780857,0.862085,0.833348,0.747419,0.060026
2860.190912,sim,0.493755,0.780857,0.862085,0.833348,0.747419,0.060026
2860.195013,sim,0.427921,0.729449,0.816491,0.790198,0.699083,0.053096
2860.199058,sim,0.427921,0.729449,0.816491,0.790198,0.699083,0.053096
2860.202914,sim,0.427921,0.729449,0.816491,0.790198,0.699083,0.053096
2860.206832,sim,0.427921,0.729449,0.816491,0.790198,0.699083,0.053096
2860.211106,sim,0.427921,0.729449,0.816491,0.790198,0.699083,0.053096
2860.216017,sim,0.370865,0.675187,0.771429,0.743093,0.650256,0.047091
2860.219123,sim,0.370865,0.675187,0.771429,0.743093,0.650256,0.047091
2860.223069,sim,0.370865,0.675187,0.771429,0.743093,0.650256,0.047091
2860.227535,sim,0.370865,0.675187,0.771429,0.743093,0.650256,0.047091
2860.231201,sim,0.370865,0.675187,0.771429,0.743093,0.650256,0.047091
2860.235211,sim,0.321416,0.621224,0.724052,0.696721,0.602392,0.041886
2860.239237,sim,0.321416,0.621224,0.724052,0.696721,0.602392,0.041886
2860.244579,sim,0.321416,0.621224,0.724052,0.696721,0.602392,0.041886
2860.248496,sim,0.321416,0.621224,0.724052,0.696721,0.602392,0.041886
2860.251239,sim,0.321416,0.621224,0.724052,0.696721,0.602392,0.041886
2860.256012,sim,0.278561,0.566135,0.676057,0.649596,0.553974,0.037375
2860.259272,sim,0.278561,0.566135,0.676057,0.649596,0.553974,0.037375
2860.263706,sim,0.278561,0.566135,0.676057,0.649596,0.553974,0.037375
2860.267149,sim,0.278561,0.566135,0.676057,0.649596,0.553974,0.037375
2860.271187,sim,0.278561,0.566135,0.676057,0.649596,0.553974,0.037375
2860.275966,sim,0.241419,0.510068,0.627527,0.600433,0.502303,0.033466
2860.279541,sim,0.241419,0.510068,0.627527,0.600433,0.502303,0.033466
2860.283138,sim,0.241419,0.510068,0.627527,0.600433,0.502303,0.033466
2860.287254,sim,0.241419,0.510068,0.627527,0.600433,0.502303,0.033466
2860.291157,sim,0.241419,0.510068,0.627527,0.600433,0.502303,0.033466
2860.295829,sim,0.241419,0.510068,0.627527,0.600433,0.502303,0.033466
2860.299376,sim,0.209230,0.451768,0.575758,0.550890,0.447813,0.030078
2860.303290,sim,0.209230,0.451768,0.575758,0.550890,0.447813,0.030078
2860.307633,sim,0.209230,0.451768,0.575758,0.550890,0.447813,0.030078
2860.311941,sim,0.209230,0.451768,0.575758,0.550890,0.447813,0.030078
2860.315779,sim,0.181333,0.394307,0.526731,0.501017,0.396427,0.027142
2860.319471,sim,0.181333,0.394307,0.526731,0.501017,0.396427,0.027142
2860.323364,sim,0.181333,0.394307,0.526731,0.501017,0.396427,0.027142
2860.327167,sim,0.181333,0.394307,0.526731,0.501017,0.396427,0.027142
2860.331218,sim,0.181333,0.394307,0.526731,0.501017,0.396427,0.027142
2860.335861,sim,0.181333,0.394307,0.526731,0.501017,0.396427,0.027142
2860.339499,sim,0.157155,0.343119,0.474531,0.449472,0.344957,0.024597
2860.343122,sim,0.157155,0.343119,0.474531,0.449472,0.344957,0.024597
2860.347254,sim,0.157155,0.343119,0.474531,0.449472,0.344957,0.024597
2860.351128,sim,0.157155,0.343119,0.474531,0.449472,0.344957,0.024597
2860.355729,sim,0.157155,0.343119,0.474531,0.449472,0.344957,0.024597
2860.359636,sim,0.136201,0.298757,0.422356,0.397864,0.298962,0.022391
2860.363390,sim,0.136201,0.298757,0.422356,0.397864,0.298962,0.022391
2860.367547,sim,0.136201,0.298757,0.422356,0.397864,0.298962,0.022391
2860.371452,sim,0.136201,0.298757,0.422356,0.397864,0.298962,0.022391
2860.375623,sim,0.118041,0.260310,0.371590,0.347590,0.259101,0.020480
2860.379233,sim,0.118041,0.260310,0.371590,0.347590,0.259101,0.020480
2860.383139,sim,0.118041,0.260310,0.371590,0.347590,0.259101,0.020480
2860.387155,sim,0.118041,0.260310,0.371590,0.347590,0.259101,0.020480
2860.391114,sim,0.118041,0.260310,0.371590,0.347590,0.259101,0.020480
2860.395269,sim,0.118041,0.260310,0.371590,0.347590,0.259101,0.020480
2860.399199,sim,0.102302,0.226989,0.322045,0.301244,0.224554,0.018823
2860.403568,sim,0.102302,0.226989,0.322045,0.301244,0.224554,0.018823
2860.407207,sim,0.102302,0.226989,0.322045,0.301244,0.224554,0.018823
2860.411137,sim,0.102302,0.226989,0.322045,0.301244,0.224554,0.018823
2860.415267,sim,0.102302,0.226989,0.322045,0.301244,0.224554,0.018823
2860.419180,sim,0.088662,0.198111,0.279106,0.261079,0.194613,0.017388
2860.423230,sim,0.088662,0.198111,0.279106,0.261079,0.194613,0.017388
2860.427120,sim,0.088662,0.198111,0.279106,0.261079,0.194613,0.017388
2860.431321,sim,0.088662,0.198111,0.279106,0.261079,0.194613,0.017388
2860.435332,sim,0.088662,0.198111,0.279106,0.261079,0.194613,0.017388
2860.439360,sim,0.088662,0.198111,0.279106,0.261079,0.194613,0.017388
2860.443206,sim,0.080000,0.173083,0.241892,0.226268,0.168665,0.016143
2860.447061,sim,0.080000,0.173083,0.241892,0.226268,0.168665,0.016143
2860.451094,sim,0.080000,0.173083,0.241892,0.226268,0.168665,0.016143
2860.455206,sim,0.080000,0.173083,0.241892,0.226268,0.168665,0.016143
2860.459149,sim,0.080000,0.173083,0.241892,0.226268,0.168665,0.016143
2860.463830,sim,0.080000,0.151392,0.209639,0.196099,0.146176,0.015065
2860.467140,sim,0.080000,0.151392,0.209639,0.196099,0.146176,0.015065
2860.471287,sim,0.080000,0.151392,0.209639,0.196099,0.146176,0.015065
2860.475474,sim,0.080000,0.151392,0.209639,0.196099,0.146176,0.015065
2860.479102,sim,0.080000,0.151392,0.209639,0.196099,0.146176,0.015065
2860.483344,sim,0.080000,0.132594,0.181687,0.169952,0.126686,0.014130
2860.487418,sim,0.080000,0.132594,0.181687,0.169952,0.126686,0.014130
2860.491377,sim,0.080000,0.132593,0.181687,0.169952,0.126686,0.014130
2860.496293,sim,0.080000,0.132594,0.181688,0.169953,0.126686,0.014130
2860.499354,sim,0.080000,0.120000,0.157462,0.147292,0.120000,0.013320
2860.503361,sim,0.080001,0.120000,0.157463,0.147293,0.120000,0.013321
2860.507149,sim,0.080000,0.120000,0.157462,0.147292,0.120000,0.013320
2860.511083,sim,0.080001,0.120001,0.157463,0.147293,0.120001,0.013321
2860.515242,sim,0.079999,0.119999,0.157462,0.147292,0.119999,0.013320
2860.519397,sim,0.080001,0.120001,0.157464,0.147293,0.120001,0.013321
2860.523335,sim,0.079999,0.119999,0.136467,0.127652,0.119999,0.012617
2860.527502,sim,0.080001,0.120001,0.136469,0.127654,0.120001,0.012619
2860.531572,sim,0.079999,0.119999,0.136467,0.127652,0.119999,0.012618
2860.535539,sim,0.080001,0.120001,0.136469,0.127654,0.120001,0.012619
2860.539410,sim,0.079999,0.119999,0.136467,0.127652,0.119999,0.012618
2860.543296,sim,0.080001,0.120001,0.120001,0.120001,0.120001,0.012011
2860.547272,sim,0.079999,0.119999,0.119999,0.119999,0.119999,0.012009
2860.551257,sim,0.080002,0.120002,0.120002,0.120002,0.120002,0.012012
2860.555313,sim,0.079999,0.119999,0.119999,0.119999,0.119999,0.012008
2860.559197,sim,0.080002,0.120002,0.120002,0.120002,0.120002,0.012012
2860.563234,sim,0.079999,0.119999,0.119999,0.119999,0.119999,0.011481
2860.567280,sim,0.080002,0.120002,0.120002,0.120002,0.120002,0.011484
2860.571246,sim,0.079999,0.119999,0.119999,0.119999,0.119999,0.011481
2860.575298,sim,0.080002,0.120002,0.120002,0.120002,0.120002,0.011484
2860.579438,sim,0.079999,0.119999,0.119999,0.119999,0.119999,0.011481
2860.583521,sim,0.080002,0.120002,0.120002,0.120002,0.120002,0.011028
2860.587305,sim,0.079999,0.119999,0.119999,0.119999,0.119999,0.011024
2860.591327,sim,0.080002,0.120002,0.120002,0.120002,0.120002,0.011027
2860.595377,sim,0.079999,0.119999,0.119999,0.119999,0.119999,0.011024
2860.599276,sim,0.080002,0.120002,0.120002,0.120002,0.120002,0.010631
2860.603254,sim,0.079999,0.119999,0.119999,0.119999,0.119999,0.010232
2860.607182,sim,0.080002,0.120002,0.120002,0.120002,0.120002,0.009839
2860.611227,sim,0.079999,0.119999,0.119999,0.119999,0.119999,0.009440
2860.615388,sim,0.080002,0.120002,0.120002,0.120002,0.120002,0.009047
2860.619147,sim,0.079999,0.119999,0.119999,0.119999,0.119999,0.008648
2860.623322,sim,0.080002,0.120002,0.120002,0.120002,0.120002,0.008255
2860.627198,sim,0.079999,0.119999,0.119999,0.119999,0.119999,0.008054
2860.631259,sim,0.080002,0.120002,0.120002,0.120002,0.120002,0.008057
2860.635215,sim,0.079999,0.119999,0.119999,0.119999,0.119999,0.008054
2860.639246,sim,0.080002,0.120002,0.120002,0.120002,0.120002,0.008057
2860.643194,sim,0.079999,0.119999,0.119999,0.119999,0.119999,0.008054
2860.647315,sim,0.080002,0.120002,0.120002,0.120002,0.120002,0.008057
2860.651367,sim,0.079999,0.119999,0.119999,0.119999,0.119999,0.008054
2860.655222,sim,0.080002,0.120002,0.120002,0.120002,0.120002,0.008057
2860.659162,sim,0.079999,0.119999,0.119999,0.119999,0.119999,0.008054
2860.663216,sim,0.080002,0.120002,0.120002,0.120002,0.120002,0.008057
2860.667214,sim,0.079999,0.119999,0.119999,0.119999,0.119999,0.008054
2860.671186,sim,0.080002,0.120002,0.120002,0.120002,0.120002,0.008057
2860.675273,sim,0.079999,0.119999,0.119999,0.119999,0.119999,0.008054
2860.679170,sim,0.080002,0.120002,0.120002,0.120002,0.120002,0.008057
2860.683181,sim,0.079999,0.119999,0.119999,0.119999,0.119999,0.008054
2860.687153,sim,0.080002,0.120002,0.120002,0.120002,0.120002,0.008057
2860.691110,sim,0.079999,0.119999,0.119999,0.119999,0.119999,0.008054
2860.695329,sim,0.080002,0.120002,0.120002,0.120002,0.120002,0.008057
2860.699564,sim,0.079999,0.119999,0.119999,0.119999,0.119999,0.008054
2860.703078,sim,0.080002,0.120002,0.120002,0.120002,0.120002,0.008057
2860.707309,sim,0.079999,0.119999,0.119999,0.119999,0.119999,0.008054
2860.711811,sim,0.080002,0.120002,0.120002,0.120002,0.120002,0.008057
2860.715524,sim,0.079999,0.119999,0.119999,0.119999,0.119999,0.008054
2860.719336,sim,0.080002,0.120002,0.120002,0.120002,0.120002,0.008057
2860.723316,sim,0.079999,0.119999,0.119999,0.119999,0.119999,0.008054
2860.727220,sim,0.080002,0.120002,0.120002,0.120002,0.120002,0.008057
2860.731210,sim,0.079999,0.119999,0.119999,0.119999,0.119999,0.008054
2860.735208,sim,0.080002,0.120002,0.120002,0.120002,0.120002,0.008057
2860.739151,sim,0.079999,0.119999,0.119999,0.119999,0.119999,0.008054
2860.743203,sim,0.080002,0.120002,0.120002,0.120002,0.120002,0.008057
2860.747149,sim,0.079999,0.119999,0.119999,0.119999,0.119999,0.008054
2860.751248,sim,0.080002,0.120002,0.120002,0.120002,0.120002,0.008057
2860.755248,sim,0.079999,0.119999,0.119999,0.119999,0.119999,0.008054
2860.759238,sim,0.080002,0.120002,0.120002,0.120002,0.120002,0.008057
2860.763181,sim,0.079999,0.119999,0.119999,0.119999,0.119999,0.008054
2860.767153,sim,0.080002,0.120002,0.120002,0.120002,0.120002,0.008057
2860.771114,sim,0.079999,0.119999,0.119999,0.119999,0.119999,0.008054
2860.775533,sim,0.080002,0.120002,0.120002,0.120002,0.120002,0.008057
2860.779160,sim,0.079999,0.119999,0.119999,0.119999,0.119999,0.008054
2860.783090,sim,0.080002,0.120002,0.120002,0.120002,0.120002,0.008057
2860.788025,sim,0.079999,0.119999,0.119999,0.119999,0.119999,0.008054
2860.791352,sim,0.080002,0.120002,0.120002,0.120002,0.120002,0.008057
2860.795692,sim,0.079999,0.119999,0.119999,0.119999,0.119999,0.008054
2860.799176,sim,0.080002,0.120002,0.120002,0.120002,0.120002,0.008057
2860.803310,sim,0.079999,0.119999,0.119999,0.119999,0.119999,0.008054
2860.807708,sim,0.080002,0.120002,0.120002,0.120002,0.120002,0.008057
2860.811366,sim,0.079999,0.119999,0.119999,0.119999,0.119999,0.008054
2860.815693,sim,0.080002,0.120002,0.120002,0.120002,0.120002,0.008057
2860.819700,sim,0.079999,0.119999,0.119999,0.119999,0.119999,0.008054
2860.823322,sim,0.080002,0.120002,0.120002,0.120002,0.120002,0.008057
2860.827315,sim,0.079999,0.119999,0.119999,0.119999,0.119999,0.008054
2860.831233,sim,0.080002,0.120002,0.120002,0.120002,0.120002,0.008057
2860.835528,sim,0.079999,0.119999,0.119999,0.119999,0.119999,0.008054
2860.839270,sim,0.080002,0.120002,0.120002,0.120002,0.120002,0.008057
2860.843156,sim,0.079999,0.119999,0.119999,0.119999,0.119999,0.008054
2860.847121,sim,0.080002,0.120002,0.120002,0.120002,0.120002,0.008057
2860.851373,sim,0.079999,0.119999,0.119999,0.119999,0.119999,0.008054
2860.855468,sim,0.080002,0.120002,0.120002,0.120002,0.120002,0.008057
2860.859261,sim,0.079999,0.119999,0.119999,0.119999,0.119999,0.008054
2860.863156,sim,0.080002,0.120002,0.120002,0.120002,0.120002,0.008057
2860.867222,sim,0.079999,0.119999,0.119999,0.119999,0.119999,0.008054
2860.871265,sim,0.080002,0.120002,0.120002,0.120002,0.120002,0.008057
2860.875551,sim,0.079999,0.119999,0.119999,0.119999,0.119999,0.008054
2860.879263,sim,0.080002,0.120002,0.120002,0.120002,0.120002,0.008057
2860.883276,sim,0.079999,0.119999,0.119999,0.119999,0.119999,0.008054
2860.887382,sim,0.080002,0.120002,0.120002,0.120002,0.120002,0.008057
2860.891341,sim,0.079999,0.119999,0.119999,0.119999,0.119999,0.008054
2860.895194,sim,0.080002,0.120002,0.120002,0.120002,0.120002,0.008057
2860.899170,sim,0.079999,0.119999,0.119999,0.119999,0.119999,0.008054
2860.903285,sim,0.080002,0.120002,0.120002,0.120002,0.120002,0.008057
2860.907189,sim,0.079999,0.119999,0.119999,0.119999,0.119999,0.008054
2860.911186,sim,0.080002,0.120002,0.120002,0.120002,0.120002,0.008057
2860.915305,sim,0.079999,0.119999,0.119999,0.119999,0.119999,0.008054
2860.919278,sim,0.080002,0.120002,0.120002,0.120002,0.120002,0.008057
2860.923494,sim,0.079999,0.119999,0.119999,0.119999,0.119999,0.008054
2860.927209,sim,0.080002,0.120002,0.120002,0.120002,0.120002,0.011279
2860.931296,sim,0.079999,0.119999,0.119999,0.119999,0.119999,0.011276
2860.935514,sim,0.080002,0.120002,0.120002,0.120002,0.120002,0.011279
2860.939363,sim,0.079999,0.119999,0.119999,0.119999,0.119999,0.011276
2860.943414,sim,0.080002,0.120002,0.120002,0.120002,0.120002,0.011279
2860.947381,sim,0.079999,0.119999,0.119999,0.119999,0.119999,0.022661
2860.951307,sim,0.080002,0.120002,0.120002,0.120002,0.120002,0.022664
2860.955378,sim,0.079999,0.119999,0.119999,0.119999,0.119999,0.022661
2860.959256,sim,0.080002,0.120002,0.120002,0.120002,0.120002,0.022664
2860.963516,sim,0.079999,0.119999,0.119999,0.119999,0.119999,0.022661
2860.967328,sim,0.080002,0.120002,0.120002,0.120002,0.120002,0.040050
2860.971333,sim,0.079999,0.119999,0.119999,0.119999,0.119999,0.040046
2860.975420,sim,0.080002,0.120002,0.120002,0.120002,0.120002,0.040049
2860.979439,sim,0.079999,0.119999,0.119999,0.119999,0.119999,0.040046
2860.983423,sim,0.080002,0.120002,0.120002,0.120002,0.120002,0.057265
2860.987210,sim,0.079999,0.119999,0.119999,0.119999,0.119999,0.057262
2860.991172,sim,0.080002,0.120002,0.120002,0.120002,0.120002,0.057265
2860.995358,sim,0.079999,0.119999,0.119999,0.119999,0.119999,0.057262
2860.999311,sim,0.080002,0.120002,0.120002,0.120002,0.120002,0.057265
2861.003252,sim,0.108333,0.119999,0.119999,0.119999,0.119999,0.074330
2861.007231,sim,0.108336,0.120002,0.120002,0.120002,0.120002,0.074333
2861.011168,sim,0.108333,0.119999,0.119999,0.119999,0.119999,0.074330
2861.015336,sim,0.108336,0.120002,0.120002,0.120002,0.120002,0.074333
2861.019994,sim,0.108333,0.119999,0.119999,0.119999,0.119999,0.074330
2861.023503,sim,0.108336,0.120002,0.120002,0.120002,0.120002,0.074333
2861.027251,sim,0.152143,0.119999,0.119999,0.119999,0.119999,0.089122
2861.031426,sim,0.152146,0.120002,0.120002,0.120002,0.120002,0.089125
2861.035546,sim,0.152143,0.119999,0.119999,0.119999,0.119999,0.089122
2861.039356,sim,0.152146,0.120002,0.120002,0.120002,0.120002,0.089125
2861.044278,sim,0.152143,0.119999,0.119999,0.119999,0.119999,0.089122
2861.048465,sim,0.202598,0.120002,0.120002,0.120002,0.120002,0.101945
2861.051376,sim,0.202595,0.119999,0.119999,0.119999,0.119999,0.101942
2861.055489,sim,0.202598,0.120001,0.120001,0.120001,0.120001,0.101945
2861.059304,sim,0.202595,0.119999,0.119999,0.119999,0.119999,0.101942
2861.063417,sim,0.202598,0.120002,0.120001,0.120001,0.120002,0.101945
2861.067311,sim,0.254642,0.119999,0.119999,0.119999,0.119999,0.113053
2861.071275,sim,0.254645,0.120001,0.120001,0.120001,0.120001,0.113055
2861.075403,sim,0.254642,0.119999,0.119999,0.119999,0.119999,0.113053
2861.079964,sim,0.254645,0.120002,0.120002,0.120002,0.120002,0.113056
2861.083881,sim,0.308072,0.119999,0.119999,0.119999,0.119999,0.122682
2861.087327,sim,0.308075,0.120002,0.120002,0.120002,0.120002,0.122685
2861.091270,sim,0.308072,0.119999,0.119999,0.119999,0.119999,0.122682
2861.095456,sim,0.308075,0.120002,0.120001,0.120001,0.120001,0.122685
2861.099427,sim,0.308072,0.119999,0.119999,0.119999,0.119999,0.122682
2861.103567,sim,0.308075,0.120001,0.120001,0.120001,0.120001,0.122685
2861.107375,sim,0.366861,0.119999,0.119999,0.119999,0.119999,0.129954
2861.111493,sim,0.366863,0.120001,0.120001,0.120001,0.120001,0.129956
2861.115434,sim,0.366861,0.119999,0.119999,0.119999,0.119999,0.129954
2861.119295,sim,0.366863,0.120001,0.120001,0.120001,0.120001,0.129956
2861.123469,sim,0.366861,0.119999,0.119999,0.119999,0.119999,0.129954
2861.127340,sim,0.428910,0.120002,0.120002,0.120002,0.120002,0.136258
2861.131317,sim,0.428907,0.119999,0.119999,0.119999,0.119999,0.136255
2861.135321,sim,0.428909,0.120001,0.120001,0.120001,0.120001,0.136258
2861.139852,sim,0.428907,0.119999,0.119999,0.119999,0.119999,0.136255
2861.144293,sim,0.428909,0.120001,0.120001,0.120001,0.120001,0.136257
2861.147995,sim,0.491003,0.146172,0.119999,0.119999,0.119999,0.141717
2861.151829,sim,0.491005,0.146174,0.120001,0.120001,0.120001,0.141719
2861.155948,sim,0.491003,0.146172,0.119999,0.119999,0.119999,0.141717
2861.159970,sim,0.491005,0.146174,0.120001,0.120001,0.120001,0.141719
2861.163869,sim,0.491003,0.146172,0.119999,0.119999,0.119999,0.141717
2861.167560,sim,0.555917,0.183551,0.120001,0.120001,0.157948,0.146452
2861.171972,sim,0.555916,0.183550,0.120000,0.120000,0.157947,0.146451
2861.175927,sim,0.555917,0.183551,0.120000,0.120000,0.157948,0.146452
2861.179567,sim,0.555916,0.183550,0.120000,0.120000,0.157947,0.146451
2861.183662,sim,0.555917,0.183551,0.120001,0.120001,0.157948,0.146452
2861.187645,sim,0.619108,0.224267,0.120000,0.120000,0.197916,0.150553
2861.191635,sim,0.619109,0.224268,0.120001,0.120001,0.197917,0.150554
2861.195742,sim,0.619108,0.224267,0.120000,0.120000,0.197916,0.150553
2861.199540,sim,0.619109,0.224268,0.120001,0.120001,0.197917,0.150554
2861.203757,sim,0.619108,0.224267,0.120000,0.120000,0.197916,0.150553
2861.207717,sim,0.673876,0.267877,0.146751,0.148631,0.240879,0.154109
2861.211568,sim,0.673876,0.267877,0.146751,0.148631,0.240879,0.154109
2861.215584,sim,0.673876,0.267877,0.146751,0.148631,0.240879,0.154109
2861.219551,sim,0.673876,0.267877,0.146751,0.148631,0.240879,0.154109
2861.223567,sim,0.673876,0.267877,0.146751,0.148631,0.240879,0.154109
2861.227538,sim,0.721340,0.313994,0.185439,0.187069,0.285048,0.157190
2861.231489,sim,0.721340,0.313994,0.185439,0.187069,0.285048,0.157190
2861.235785,sim,0.721340,0.313994,0.185439,0.187069,0.285048,0.157190
2861.239683,sim,0.721340,0.313994,0.185439,0.187069,0.285048,0.157190
2861.243534,sim,0.721340,0.313994,0.185439,0.187069,0.285048,0.157190
2861.247527,sim,0.721340,0.313994,0.185439,0.187069,0.285048,0.157190
2861.251791,sim,0.762476,0.365058,0.228678,0.230090,0.331649,0.159860
2861.255795,sim,0.762476,0.365058,0.228678,0.230090,0.331649,0.159860
2861.259633,sim,0.762476,0.365058,0.228678,0.230090,0.331649,0.159860
2861.263653,sim,0.762476,0.365058,0.228678,0.230090,0.331649,0.159860
2861.267901,sim,0.798127,0.414862,0.273086,0.272923,0.380359,0.162175
2861.272054,sim,0.798127,0.414862,0.273086,0.272923,0.380359,0.162175
2861.275996,sim,0.798127,0.414862,0.273086,0.272923,0.380359,0.162175
2861.279715,sim,0.798127,0.414862,0.273086,0.272923,0.380359,0.162175
2861.283796,sim,0.798127,0.414862,0.273086,0.272923,0.380359,0.162175
2861.287658,sim,0.798127,0.414862,0.273086,0.272923,0.380359,0.162175
2861.291569,sim,0.829025,0.467734,0.319896,0.319754,0.432284,0.164181
2861.296475,sim,0.829025,0.467734,0.319896,0.319754,0.432284,0.164181
2861.299574,sim,0.829025,0.467734,0.319896,0.319754,0.432284,0.164181
2861.303701,sim,0.829025,0.467734,0.319896,0.319754,0.432284,0.164181
2861.307704,sim,0.855803,0.519105,0.367399,0.365890,0.484220,0.165919
2861.311509,sim,0.855803,0.519105,0.367399,0.365890,0.484220,0.165919
2861.315731,sim,0.855803,0.519105,0.367399,0.365890,0.484220,0.165919
2861.319613,sim,0.855803,0.519105,0.367399,0.365890,0.484220,0.165919
2861.323671,sim,0.855803,0.519105,0.367399,0.365890,0.484220,0.165919
2861.327638,sim,0.855803,0.519105,0.367399,0.365890,0.484220,0.165919
2861.331713,sim,0.879011,0.573336,0.418278,0.414195,0.536167,0.167425
2861.335743,sim,0.879011,0.573336,0.418278,0.414195,0.536167,0.167425
2861.339634,sim,0.879011,0.573336,0.418278,0.414195,0.536167,0.167425
2861.343592,sim,0.879011,0.573336,0.418278,0.414195,0.536167,0.167425
2861.347712,sim,0.879011,0.573336,0.418278,0.414195,0.536167,0.167425
2861.351686,sim,0.899124,0.627270,0.469308,0.465770,0.590897,0.168731
2861.355723,sim,0.899124,0.627270,0.469308,0.465770,0.590897,0.168731
2861.359808,sim,0.899124,0.627270,0.469308,0.465770,0.590897,0.168731
2861.363744,sim,0.899124,0.627270,0.469308,0.465770,0.590897,0.168731
2861.367982,sim,0.899124,0.627270,0.469308,0.465770,0.590897,0.168731
2861.371688,sim,0.916555,0.682336,0.521856,0.517402,0.646651,0.169863
2861.376025,sim,0.916555,0.682336,0.521856,0.517402,0.646651,0.169863
2861.379668,sim,0.916555,0.682336,0.521856,0.517402,0.646651,0.169863
2861.383664,sim,0.916555,0.682336,0.521856,0.517402,0.646651,0.169863
2861.387655,sim,0.916555,0.682336,0.521856,0.517402,0.646651,0.169863
2861.392053,sim,0.931663,0.738382,0.574332,0.570473,0.700520,0.170843
2861.395698,sim,0.931663,0.738382,0.574332,0.570473,0.700520,0.170843
2861.399611,sim,0.931663,0.738382,0.574332,0.570473,0.700520,0.170843
2861.403619,sim,0.931663,0.738382,0.574332,0.570473,0.700520,0.170843
2861.407645,sim,0.931663,0.738382,0.574332,0.570473,0.700520,0.170843
2861.411660,sim,0.944756,0.793890,0.628134,0.623402,0.752754,0.171693
2861.415830,sim,0.944756,0.793890,0.628134,0.623402,0.752754,0.171693
2861.419648,sim,0.944756,0.793890,0.628134,0.623402,0.752754,0.171693
2861.423577,sim,0.944756,0.793890,0.628134,0.623402,0.752754,0.171693
2861.427579,sim,0.944756,0.793890,0.628134,0.623402,0.752754,0.171693
2861.431684,sim,0.956103,0.846158,0.681698,0.677597,0.798023,0.172430
2861.435749,sim,0.956103,0.846158,0.681698,0.677597,0.798023,0.172430
2861.439538,sim,0.956103,0.846158,0.681698,0.677597,0.798023,0.172430
2861.443576,sim,0.956103,0.846158,0.681698,0.677597,0.798023,0.172430
2861.447638,sim,0.956103,0.846158,0.681698,0.677597,0.798023,0.172430
2861.451676,sim,0.965937,0.891456,0.736441,0.731500,0.837257,0.173068
2861.455613,sim,0.965937,0.891456,0.736441,0.731500,0.837257,0.173068
2861.459596,sim,0.965937,0.891456,0.736441,0.731500,0.837257,0.173068
2861.463675,sim,0.965937,0.891456,0.736441,0.731500,0.837257,0.173068
2861.467965,sim,0.965937,0.891456,0.736441,0.731500,0.837257,0.173068
2861.471564,sim,0.974460,0.930715,0.790821,0.787926,0.871259,0.173622
2861.475724,sim,0.974460,0.930715,0.790821,0.787926,0.871259,0.173622
2861.479531,sim,0.974460,0.930715,0.790821,0.787926,0.871259,0.173622
2861.483634,sim,0.974460,0.930715,0.790821,0.787926,0.871259,0.173622
2861.487891,sim,0.974460,0.930715,0.790821,0.787926,0.871259,0.173622
2861.491752,sim,0.981847,0.964740,0.843498,0.839602,0.900728,0.174101
2861.496007,sim,0.981847,0.964740,0.843498,0.839602,0.900728,0.174101
2861.499772,sim,0.981847,0.964740,0.843498,0.839602,0.900728,0.174101
2861.503691,sim,0.981847,0.964740,0.843498,0.839602,0.900728,0.174101
2861.507820,sim,0.981847,0.964740,0.843498,0.839602,0.900728,0.174101
2861.511698,sim,0.988248,0.994228,0.889152,0.884388,0.926268,0.174517
2861.515813,sim,0.988248,0.994228,0.889152,0.884388,0.926268,0.174517
2861.519707,sim,0.988248,0.994228,0.889152,0.884388,0.926268,0.174517
2861.523553,sim,0.988248,0.994228,0.889152,0.884388,0.926268,0.174517
2861.527694,sim,0.988248,0.994228,0.889152,0.884388,0.926268,0.174517
2861.531638,sim,0.993799,1.000002,0.928720,0.923204,0.948404,0.174879
2861.535573,sim,0.993800,1.000003,0.928721,0.923205,0.948405,0.174880
2861.539565,sim,0.993799,1.000002,0.928720,0.923204,0.948404,0.174879
2861.543582,sim,0.993798,1.000002,0.928720,0.923204,0.948404,0.174879
2861.547812,sim,0.993798,1.000002,0.928720,0.923204,0.948404,0.174879
2861.551911,sim,0.998607,1.000002,0.963011,0.956843,0.967587,0.175191
2861.555683,sim,0.998607,1.000002,0.963011,0.956843,0.967587,0.175191
2861.559611,sim,0.998607,1.000002,0.963011,0.956843,0.967587,0.175191
2861.563530,sim,0.998607,1.000002,0.963011,0.956843,0.967587,0.175191
2861.567682,sim,0.998607,1.000002,0.963011,0.956843,0.967587,0.175191
2861.571585,sim,1.000002,1.000002,0.992729,0.985997,0.984213,0.175461
2861.575906,sim,1.000000,1.000000,0.992727,0.985995,0.984210,0.175459
2861.579870,sim,1.000003,1.000003,0.992730,0.985998,0.984213,0.175462
2861.583587,sim,1.000001,1.000001,0.992729,0.985997,0.984212,0.175461
2861.587951,sim,1.000000,1.000000,0.992728,0.985996,0.984211,0.175460
2861.592029,sim,1.000003,1.000003,1.000003,1.000003,0.998622,0.175697
2861.595854,sim,0.999999,0.999999,0.999999,0.999999,0.998618,0.175693
2861.599759,sim,1.000003,1.000003,1.000003,1.000003,0.998622,0.175697
2861.603594,sim,1.000000,1.000000,1.000000,1.000000,0.998619,0.175694
2861.607600,sim,1.000000,1.000000,1.000000,1.000000,0.998620,0.175694
2861.611528,sim,0.999993,0.999993,0.999993,0.999993,0.999993,0.175891
2861.615686,sim,1.000001,1.000001,1.000001,1.000001,1.000001,0.175898
2861.619572,sim,0.999996,0.999996,0.999996,0.999996,0.999996,0.175893
2861.623514,sim,1.000000,1.000000,1.000000,1.000000,1.000000,0.175897
2861.627503,sim,0.999994,0.999994,0.999994,0.999994,0.999994,0.175892
2861.631589,sim,1.000001,1.000001,1.000001,1.000001,1.000001,0.175899
2861.635813,sim,0.999996,0.999996,0.999996,0.999996,0.999996,0.176069
2861.639564,sim,1.000000,1.000000,1.000000,1.000000,1.000000,0.176074
2861.643480,sim,0.999994,0.999994,0.999994,0.999994,0.999994,0.176068
2861.647485,sim,1.000001,1.000001,1.000001,1.000001,1.000001,0.176075
2861.651594,sim,0.999996,0.999996,0.999996,0.999996,0.999996,0.176222
2861.655773,sim,1.000000,1.000000,1.000000,1.000000,1.000000,0.176226
2861.659633,sim,0.999994,0.999994,0.999994,0.999994,0.999994,0.176220
2861.663518,sim,1.000002,1.000002,1.000002,1.000002,1.000002,0.176228
2861.667485,sim,0.999995,0.999995,0.999995,0.999995,0.999995,0.176221
2861.671633,sim,1.000001,1.000001,1.000001,1.000001,1.000001,0.176227
2861.676096,sim,0.999995,0.999995,0.999995,0.999995,0.999995,0.176353
2861.679498,sim,1.000002,1.000002,1.000002,1.000002,1.000002,0.176360
2861.683569,sim,0.999996,0.999996,0.999996,0.999996,0.999996,0.176354
2861.687567,sim,1.000001,1.000001,1.000001,1.000001,1.000001,0.176359
2861.691539,sim,0.999995,0.999995,0.999995,0.999995,0.999995,0.176468
2861.695582,sim,1.000001,1.000001,1.000001,1.000001,1.000001,0.176589
2861.699486,sim,0.999996,0.999996,0.999996,0.999996,0.999996,0.176698
2861.703552,sim,1.000000,1.000000,1.000000,1.000000,1.000000,0.176817
2861.707691,sim,0.999994,0.999994,0.999994,0.999994,0.999994,0.176925
2861.711513,sim,1.000002,1.000002,1.000002,1.000002,1.000002,0.177048
2861.715738,sim,0.999996,0.999996,0.999996,0.999996,0.999996,0.177157
2861.719890,sim,1.000000,1.000000,1.000000,1.000000,1.000000,0.177218
2861.723723,sim,0.999994,0.999994,0.999994,0.999994,0.999994,0.177212
2861.727556,sim,1.000002,1.000002,1.000002,1.000002,1.000002,0.177220
2861.731547,sim,0.999995,0.999995,0.999995,0.999995,0.999995,0.177213
2861.735779,sim,1.000001,1.000001,1.000001,1.000001,1.000001,0.177219
2861.739580,sim,0.999995,0.999995,0.999995,0.999995,0.999995,0.177213
2861.743503,sim,1.000001,1.000001,1.000001,1.000001,1.000001,0.177219
2861.747529,sim,0.999996,0.999996,0.999996,0.999996,0.999996,0.177214
2861.751556,sim,1.000001,1.000001,1.000001,1.000001,1.000001,0.177219
2861.755685,sim,0.999995,0.999995,0.999995,0.999995,0.999995,0.177213
2861.759503,sim,1.000001,1.000001,1.000001,1.000001,1.000001,0.177219
2861.763475,sim,0.999995,0.999995,0.999995,0.999995,0.999995,0.177213
2861.767608,sim,1.000001,1.000001,1.000001,1.000001,1.000001,0.177219
2861.771516,sim,0.999994,0.999994,0.999994,0.999994,0.999994,0.177212
2861.775646,sim,1.000002,1.000002,1.000002,1.000002,1.000002,0.177220
2861.780173,sim,0.999995,0.999995,0.999995,0.999995,0.999995,0.177213
2861.783889,sim,1.000001,1.000001,1.000001,1.000001,1.000001,0.177219
2861.787494,sim,0.999995,0.999995,0.999995,0.999995,0.999995,0.177213
2861.791455,sim,1.000001,1.000001,1.000001,1.000001,1.000001,0.177219
2861.795607,sim,0.999996,0.999996,0.999996,0.999996,0.999996,0.177214
2861.799581,sim,1.000001,1.000001,1.000001,1.000001,1.000001,0.177219
2861.803519,sim,0.999995,0.999995,0.999995,0.999995,0.999995,0.177213
2861.807561,sim,1.000001,1.000001,1.000001,1.000001,1.000001,0.177219
2861.812891,sim,0.999995,0.999995,0.999995,0.999995,0.999995,0.177213
2861.816132,sim,1.000000,1.000000,1.000000,1.000000,1.000000,0.177218
2861.819809,sim,0.999995,0.999995,0.999995,0.999995,0.999995,0.177213
2861.823769,sim,1.000001,1.000001,1.000001,1.000001,1.000001,0.177219
2861.827729,sim,0.999996,0.999996,0.999996,0.999996,0.999996,0.177214
2861.831540,sim,1.000001,1.000001,1.000001,1.000001,1.000001,0.177219
2861.835662,sim,0.999994,0.999994,0.999994,0.999994,0.999994,0.177212
2861.839856,sim,1.000002,1.000002,1.000002,1.000002,1.000002,0.177220
2861.843589,sim,0.999996,0.999996,0.999996,0.999996,0.999996,0.177214
2861.847690,sim,1.000001,1.000001,1.000001,1.000001,1.000001,0.177219
2861.851775,sim,0.999994,0.999994,0.999994,0.999994,0.999994,0.177212
2861.855875,sim,1.000002,1.000002,1.000002,1.000002,1.000002,0.177220
2861.859716,sim,0.999996,0.999996,0.999996,0.999996,0.999996,0.177214
2861.865082,sim,1.000000,1.000000,1.000000,1.000000,1.000000,0.177218
2861.867841,sim,0.999994,0.999994,0.999994,0.999994,0.999994,0.177212
2861.873353,sim,1.000002,1.000002,1.000002,1.000002,1.000002,0.177220
2861.876123,sim,0.999996,0.999996,0.999996,0.999996,0.999996,0.177214
2861.880011,sim,1.000001,1.000001,1.000001,1.000001,1.000001,0.177219
2861.884035,sim,0.999994,0.999994,0.999994,0.999994,0.999994,0.177212
2861.887887,sim,1.000001,1.000001,1.000001,1.000001,1.000001,0.177219
2861.892511,sim,0.999996,0.999996,0.999996,0.999996,0.999996,0.177214
2861.895934,sim,1.000000,1.000000,1.000000,1.000000,1.000000,0.177218
2861.899910,sim,0.999994,0.999994,0.999994,0.999994,0.999994,0.177212
2861.903913,sim,1.000002,1.000002,1.000002,1.000002,1.000002,0.177220
2861.907921,sim,0.999996,0.999996,0.999996,0.999996,0.999996,0.177214
2861.911919,sim,0.985077,1.000003,1.000003,1.000003,1.000003,0.177221
2861.915880,sim,0.985069,0.999994,0.999994,0.999994,0.999994,0.177212
2861.919805,sim,0.985078,1.000003,1.000003,1.000003,1.000003,0.177221
2861.923772,sim,0.985068,0.999994,0.999994,0.999994,0.999994,0.177212
2861.927831,sim,0.985077,1.000003,1.000003,1.000003,1.000003,0.177221
2861.932040,sim,0.985069,0.999994,0.999994,0.999994,0.999994,0.177212
2861.936171,sim,0.950826,1.000003,1.000003,1.000003,1.000003,0.167555
2861.939777,sim,0.950817,0.999994,0.999994,0.999994,0.999994,0.167546
2861.943851,sim,0.950825,1.000003,1.000003,1.000003,1.000003,0.167554
2861.947978,sim,0.950817,0.999994,0.999994,0.999994,0.999994,0.167546
2861.952323,sim,0.912818,1.000003,1.000003,1.000003,1.000003,0.153807
2861.955869,sim,0.912809,0.999994,0.999994,0.999994,0.999994,0.153797
2861.959792,sim,0.912819,1.000003,1.000003,1.000003,1.000003,0.153807
2861.964072,sim,0.912809,0.999994,0.999994,0.999994,0.999994,0.153798
2861.967883,sim,0.912818,1.000003,1.000003,1.000003,1.000003,0.153807
2861.971816,sim,0.912809,0.999994,0.999994,0.999994,0.999994,0.153798
2861.975940,sim,0.864621,1.000003,1.000003,1.000003,1.000003,0.133300
2861.979668,sim,0.864612,0.999994,0.999994,0.999994,0.999994,0.133291
2861.983643,sim,0.864621,1.000003,1.000003,1.000003,1.000003,0.133300
2861.987611,sim,0.864612,0.999994,0.999994,0.999994,0.999994,0.133290
2861.991943,sim,0.864621,1.000003,1.000003,1.000003,1.000003,0.133300
2861.996471,sim,0.810362,0.999998,0.999998,0.999998,0.974478,0.115521
2861.999919,sim,0.810367,1.000003,1.000003,1.000003,0.974483,0.115526
2862.003754,sim,0.810361,0.999997,0.999997,0.999997,0.974477,0.115520
2862.007802,sim,0.810367,1.000002,1.000002,1.000002,0.974483,0.115526
2862.012015,sim,0.810361,0.999997,0.999997,0.999997,0.974477,0.115520
2862.015891,sim,0.753637,0.972463,1.000001,1.000001,0.937481,0.100121
2862.019918,sim,0.753633,0.972459,0.999997,0.999997,0.937477,0.100118
2862.024071,sim,0.753637,0.972464,1.000002,1.000002,0.937482,0.100122
2862.027981,sim,0.753632,0.972459,0.999997,0.999997,0.937477,0.100117
2862.032118,sim,0.753638,0.972464,1.000002,1.000002,0.937482,0.100122
2862.036150,sim,0.691985,0.927407,0.999998,0.973120,0.897089,0.086769
2862.040239,sim,0.691989,0.927410,1.000001,0.973123,0.897092,0.086772
2862.043889,sim,0.691986,0.927407,0.999998,0.973120,0.897089,0.086769
2862.047932,sim,0.691989,0.927410,1.000001,0.973123,0.897092,0.086772
2862.051880,sim,0.691986,0.927407,0.999998,0.973120,0.897089,0.086769
2862.056559,sim,0.628851,0.880041,0.965251,0.933529,0.855153,0.075203
2862.060174,sim,0.628850,0.880040,0.965250,0.933528,0.855152,0.075202
2862.063916,sim,0.628850,0.880040,0.965250,0.933528,0.855152,0.075202
2862.067757,sim,0.628850,0.880040,0.965250,0.933528,0.855152,0.075202
2862.071804,sim,0.628850,0.880040,0.965250,0.933528,0.855152,0.075202
2862.076015,sim,0.561647,0.830665,0.923932,0.892279,0.810482,0.065175
2862.079657,sim,0.561647,0.830665,0.923932,0.892279,0.810482,0.065175
2862.083791,sim,0.561647,0.830665,0.923932,0.892279,0.810482,0.065175
2862.087933,sim,0.561647,0.830665,0.923932,0.892279,0.810482,0.065175
2862.091903,sim,0.561647,0.830665,0.923932,0.892279,0.810482,0.065175
2862.096525,sim,0.492309,0.779552,0.882575,0.850981,0.764834,0.056485
2862.100074,sim,0.492309,0.779552,0.882575,0.850981,0.764834,0.056485
2862.103921,sim,0.492309,0.779552,0.882575,0.850981,0.764834,0.056485
2862.108109,sim,0.492309,0.779552,0.882575,0.850981,0.764834,0.056485
2862.111740,sim,0.492309,0.779552,0.882575,0.850981,0.764834,0.056485
2862.116122,sim,0.492309,0.779552,0.882575,0.850981,0.764834,0.056485
2862.120098,sim,0.426668,0.724157,0.837023,0.805481,0.714175,0.048953
2862.123931,sim,0.426668,0.724157,0.837023,0.805481,0.714175,0.048953
2862.127962,sim,0.426668,0.724157,0.837023,0.805481,0.714175,0.048953
2862.131952,sim,0.426668,0.724157,0.837023,0.805481,0.714175,0.048953
2862.136143,sim,0.369779,0.670600,0.791997,0.759112,0.664724,0.042426
2862.139893,sim,0.369779,0.670600,0.791997,0.759112,0.664724,0.042426
2862.143799,sim,0.369779,0.670600,0.791997,0.759112,0.664724,0.042426
2862.148624,sim,0.369779,0.670600,0.791997,0.759112,0.664724,0.042426
2862.152285,sim,0.369779,0.670600,0.791997,0.759112,0.664724,0.042426
2862.156132,sim,0.320475,0.615862,0.746039,0.714765,0.613543,0.036770
2862.159921,sim,0.320475,0.615862,0.746039,0.714765,0.613543,0.036770
2862.164422,sim,0.320475,0.615862,0.746039,0.714765,0.613543,0.036770
2862.168575,sim,0.320475,0.615862,0.746039,0.714765,0.613543,0.036770
2862.172127,sim,0.320475,0.615862,0.746039,0.714765,0.613543,0.036770
2862.176488,sim,0.320475,0.615862,0.746039,0.714765,0.613543,0.036770
2862.181307,sim,0.277745,0.558714,0.696500,0.665234,0.559478,0.031867
2862.184046,sim,0.235015,0.501565,0.646961,0.615704,0.505412,0.026964
2862.188067,sim,0.235015,0.501565,0.646961,0.615704,0.505412,0.026964
2862.192028,sim,0.235015,0.501565,0.646961,0.615704,0.505412,0.026964
2862.196506,sim,0.203680,0.454108,0.607858,0.575221,0.460216,0.023369
2862.200295,sim,0.203680,0.454108,0.607858,0.575221,0.460216,0.023369
2862.203967,sim,0.203680,0.454108,0.607858,0.575221,0.460216,0.023369
2862.207858,sim,0.203680,0.454108,0.607858,0.575221,0.460216,0.023369
2862.212261,sim,0.203680,0.454108,0.607858,0.575221,0.460216,0.023369
2862.216567,sim,0.203680,0.454108,0.607858,0.575221,0.460216,0.023369
2862.220011,sim,0.176522,0.401882,0.562872,0.530426,0.411337,0.020253
2862.223988,sim,0.176522,0.401882,0.562872,0.530426,0.411337,0.020253
2862.228044,sim,0.176522,0.401882,0.562872,0.530426,0.411337,0.020253
2862.232168,sim,0.176522,0.401882,0.562872,0.530426,0.411337,0.020253
2862.237049,sim,0.152986,0.348298,0.518337,0.486056,0.363427,0.017553
2862.239853,sim,0.152986,0.348298,0.518337,0.486056,0.363427,0.017553
2862.244315,sim,0.152986,0.348298,0.518337,0.486056,0.363427,0.017553
2862.248101,sim,0.152986,0.348298,0.518337,0.486056,0.363427,0.017553
2862.251952,sim,0.152986,0.348298,0.518337,0.486056,0.363427,0.017553
2862.256091,sim,0.152986,0.348298,0.518337,0.486056,0.363427,0.017553
2862.260313,sim,0.132588,0.301858,0.471418,0.439280,0.314970,0.015212
2862.264221,sim,0.132588,0.301858,0.471418,0.439280,0.314970,0.015212
2862.268061,sim,0.132588,0.301858,0.471418,0.439280,0.314970,0.015212
2862.272166,sim,0.132588,0.301858,0.471418,0.439280,0.314970,0.015212
2862.277136,sim,0.132588,0.301858,0.471418,0.439280,0.314970,0.015212
2862.280351,sim,0.114910,0.261610,0.422432,0.393192,0.272974,0.013184
2862.284206,sim,0.114910,0.261610,0.422432,0.393192,0.272974,0.013184
2862.288066,sim,0.114910,0.261610,0.422432,0.393192,0.272974,0.013184
2862.291982,sim,0.114910,0.261610,0.422432,0.393192,0.272974,0.013184
2862.296762,sim,0.114910,0.261610,0.422432,0.393192,0.272974,0.013184
2862.300096,sim,0.099588,0.226729,0.374430,0.343541,0.236578,0.011426
2862.304069,sim,0.099588,0.226729,0.374430,0.343541,0.236578,0.011426
2862.308318,sim,0.099588,0.226729,0.374430,0.343541,0.236578,0.011426
2862.312165,sim,0.099588,0.226729,0.374430,0.343541,0.236578,0.011426
2862.316552,sim,0.099588,0.226729,0.374430,0.343541,0.236578,0.011426
2862.320137,sim,0.086310,0.196499,0.324506,0.297735,0.205034,0.009903
2862.324029,sim,0.086310,0.196499,0.324506,0.297735,0.205034,0.009903
2862.328130,sim,0.086310,0.196499,0.324506,0.297735,0.205034,0.009903
2862.332110,sim,0.086310,0.196499,0.324506,0.297735,0.205034,0.009903
2862.336465,sim,0.086310,0.196499,0.324506,0.297735,0.205034,0.009903
2862.340473,sim,0.080001,0.170299,0.281239,0.258038,0.177697,0.008583
2862.344274,sim,0.079999,0.170298,0.281238,0.258037,0.177696,0.008582
2862.348162,sim,0.080000,0.170299,0.281238,0.258037,0.177696,0.008582
2862.352215,sim,0.080000,0.170299,0.281238,0.258037,0.177696,0.008582
2862.356236,sim,0.080000,0.170299,0.281238,0.258037,0.177696,0.008582
2862.360293,sim,0.080000,0.147592,0.243740,0.223632,0.154003,0.007438
2862.364129,sim,0.080000,0.147592,0.243740,0.223632,0.154003,0.007438
2862.368148,sim,0.080000,0.147592,0.243740,0.223632,0.154003,0.007438
2862.372464,sim,0.080000,0.147592,0.243740,0.223632,0.154003,0.007438
2862.377870,sim,0.080000,0.147592,0.243740,0.223632,0.154003,0.007438
2862.380079,sim,0.080000,0.127913,0.211241,0.193814,0.133469,0.006446
2862.384243,sim,0.080000,0.127913,0.211241,0.193814,0.133469,0.006446
2862.388208,sim,0.080000,0.127913,0.211241,0.193814,0.133469,0.006446
2862.392072,sim,0.080000,0.127913,0.211241,0.193814,0.133469,0.006446
2862.396293,sim,0.080000,0.127913,0.211241,0.193814,0.133469,0.006446
2862.400275,sim,0.080000,0.120000,0.183076,0.167972,0.120000,0.005587
2862.404134,sim,0.080000,0.120000,0.183076,0.167973,0.120000,0.005587
2862.408168,sim,0.080000,0.120000,0.183076,0.167973,0.120000,0.005587
2862.412189,sim,0.080001,0.120001,0.183076,0.167973,0.120001,0.005587
2862.416129,sim,0.080000,0.120000,0.183075,0.167972,0.120000,0.005586
2862.420253,sim,0.080001,0.120001,0.158667,0.145577,0.120001,0.004843
2862.424094,sim,0.079999,0.119999,0.158665,0.145575,0.119999,0.004841
2862.428292,sim,0.080001,0.120001,0.158667,0.145577,0.120001,0.004843
2862.432517,sim,0.079999,0.119999,0.158665,0.145575,0.119999,0.004841
2862.437221,sim,0.080001,0.120001,0.158667,0.145577,0.120001,0.004843
2862.441363,sim,0.079999,0.119999,0.137510,0.126165,0.119999,0.004196
2862.444180,sim,0.080001,0.120001,0.137511,0.126167,0.120001,0.004197
2862.448533,sim,0.079999,0.119999,0.137510,0.126165,0.119999,0.004196
2862.452279,sim,0.080001,0.120001,0.137511,0.126167,0.120001,0.004197
2862.457345,sim,0.079999,0.119999,0.119999,0.119999,0.119999,0.003636
2862.461317,sim,0.080002,0.120002,0.120002,0.120002,0.120002,0.003639
2862.464763,sim,0.079999,0.119999,0.119999,0.119999,0.119999,0.003150
2862.469162,sim,0.080002,0.120002,0.120002,0.120002,0.120002,0.003154
2862.472228,sim,0.079999,0.119999,0.119999,0.119999,0.119999,0.003151
2862.476747,sim,0.080002,0.120002,0.120002,0.120002,0.120002,0.003154
2862.480494,sim,0.079999,0.119999,0.119999,0.119999,0.119999,0.002730
2862.485935,sim,0.080002,0.120002,0.120002,0.120002,0.120002,0.002733
2862.488345,sim,0.079999,0.119999,0.119999,0.119999,0.119999,0.002730
2862.492313,sim,0.080002,0.120002,0.120002,0.120002,0.120002,0.002734
2862.497453,sim,0.079999,0.119999,0.119999,0.119999,0.119999,0.002730
2862.500662,sim,0.080002,0.120002,0.120002,0.120002,0.120002,0.002370
2862.504276,sim,0.079999,0.119999,0.119999,0.119999,0.119999,0.002366
2862.509701,sim,0.080002,0.120002,0.120002,0.120002,0.120002,0.002369
2862.512531,sim,0.079999,0.119999,0.119999,0.119999,0.119999,0.002366
2862.516631,sim,0.080002,0.120002,0.120002,0.120002,0.120002,0.002054
2862.521938,sim,0.079999,0.119999,0.119999,0.119999,0.119999,0.002050
2862.524978,sim,0.080002,0.120002,0.120002,0.120002,0.120002,0.001780
2862.529505,sim,0.079999,0.119999,0.119999,0.119999,0.119999,0.001503
2862.532679,sim,0.080002,0.120002,0.120002,0.120002,0.120002,0.001507
2862.536669,sim,0.079999,0.119999,0.119999,0.119999,0.119999,0.001303
2862.541411,sim,0.080002,0.120002,0.120002,0.120002,0.120002,0.001105
2862.545336,sim,0.079999,0.119999,0.119999,0.119999,0.119999,0.000901
2862.549794,sim,0.080002,0.120002,0.120002,0.120002,0.120002,0.000704
2862.553964,sim,0.079999,0.119999,0.119999,0.119999,0.119999,0.000500
2862.557221,sim,0.080002,0.120002,0.120002,0.120002,0.120002,0.000304
2862.561980,sim,0.079999,0.119999,0.119999,0.119999,0.119999,0.000098
2862.566252,sim,0.080002,0.120002,0.120002,0.120002,0.120002,0.000023
2862.571194,sim,0.079999,0.119999,0.119999,0.119999,0.119999,-0.000015
2862.574942,sim,0.080002,0.120002,0.120002,0.120002,0.120002,0.000022
2862.578278,sim,0.079999,0.119999,0.119999,0.119999,0.119999,-0.000014
2862.582527,sim,0.080002,0.120002,0.120002,0.120002,0.120002,0.000020
2862.586094,sim,0.079999,0.119999,0.119999,0.119999,0.119999,-0.000013
2862.589784,sim,0.080002,0.120002,0.120002,0.120002,0.120002,0.000022
2862.593718,sim,0.079998,0.119998,0.119998,0.119998,0.119998,-0.000014
2862.597944,sim,0.080002,0.120002,0.120002,0.120002,0.120002,0.000022
2862.601831,sim,0.079999,0.119999,0.119999,0.119999,0.119999,-0.000014
2862.605824,sim,0.080002,0.120002,0.120002,0.120002,0.120002,0.000022
2862.609693,sim,0.079999,0.119999,0.119999,0.119999,0.119999,-0.000014
2862.613878,sim,0.080002,0.120002,0.120002,0.120002,0.120002,0.000025
2862.617807,sim,0.079998,0.119998,0.119998,0.119998,0.119998,-0.000016
2862.621893,sim,0.080002,0.120002,0.120002,0.120002,0.120002,0.000025
2862.626065,sim,0.079998,0.119998,0.119998,0.119998,0.119998,-0.000016
2862.630168,sim,0.080002,0.120002,0.120002,0.120002,0.120002,0.000025
2862.633976,sim,0.079999,0.119999,0.119999,0.119999,0.119999,-0.000016
2862.637866,sim,0.080002,0.120002,0.120002,0.120002,0.120002,0.000024
2862.641681,sim,0.079998,0.119998,0.119998,0.119998,0.119998,-0.000016
2862.645611,sim,0.080002,0.120002,0.120002,0.120002,0.120002,0.000023
2862.649690,sim,0.079999,0.119999,0.119999,0.119999,0.119999,-0.000015
2862.653704,sim,0.080002,0.120002,0.120002,0.120002,0.120002,0.000024
2862.657687,sim,0.079999,0.119999,0.119999,0.119999,0.119999,-0.000015
2862.661781,sim,0.080002,0.120002,0.120002,0.120002,0.120002,0.000026
2862.665795,sim,0.079998,0.119998,0.119998,0.119998,0.119998,-0.000016
2862.669784,sim,0.080002,0.120002,0.120002,0.120002,0.120002,0.000024
2862.673610,sim,0.079999,0.119999,0.119999,0.119999,0.119999,-0.000015
2862.678204,sim,0.080002,0.120002,0.120002,0.120002,0.120002,0.000024
2862.681687,sim,0.079999,0.119999,0.119999,0.119999,0.119999,-0.000015
2862.685753,sim,0.080002,0.120002,0.120002,0.120002,0.120002,0.000024
2862.689567,sim,0.079999,0.119999,0.119999,0.119999,0.119999,-0.000015
2862.693574,sim,0.080002,0.120002,0.120002,0.120002,0.120002,0.000021
2862.697631,sim,0.079999,0.119999,0.119999,0.119999,0.119999,-0.000014
2862.701549,sim,0.080002,0.120002,0.120002,0.120002,0.120002,0.000022
2862.705365,sim,0.079999,0.119999,0.119999,0.119999,0.119999,-0.000014
2862.709734,sim,0.080002,0.120002,0.120002,0.120002,0.120002,0.000021
2862.713574,sim,0.079999,0.119999,0.119999,0.119999,0.119999,-0.000014
2862.718223,sim,0.080002,0.120002,0.120002,0.120002,0.120002,0.000023
2862.721761,sim,0.079999,0.119999,0.119999,0.119999,0.119999,-0.000015
2862.725770,sim,0.080002,0.120002,0.120002,0.120002,0.120002,0.000022
2862.730366,sim,0.079999,0.119999,0.119999,0.119999,0.119999,-0.000014
2862.733547,sim,0.080002,0.120002,0.120002,0.120002,0.120002,0.000020
2862.737890,sim,0.079999,0.119999,0.119999,0.119999,0.119999,-0.000013
2862.741361,sim,0.080002,0.120002,0.120002,0.120002,0.120002,0.000022
2862.745699,sim,0.079999,0.119999,0.119999,0.119999,0.119999,-0.000014
2862.750119,sim,0.080002,0.120002,0.120002,0.120002,0.120002,0.000022
2862.753459,sim,0.079999,0.119999,0.119999,0.119999,0.119999,-0.000014
2862.757365,sim,0.080002,0.120002,0.120002,0.120002,0.120002,0.000022
2862.761485,sim,0.079999,0.119999,0.119999,0.119999,0.119999,-0.000014
2862.765782,sim,0.080002,0.120002,0.120002,0.120002,0.120002,0.000022
2862.769377,sim,0.079999,0.119999,0.119999,0.119999,0.119999,-0.000014
2862.773474,sim,0.080002,0.120002,0.120002,0.120002,0.120002,0.000021
2862.777687,sim,0.079999,0.119999,0.119999,0.119999,0.119999,-0.000014
2862.781314,sim,0.080002,0.120002,0.120002,0.120002,0.120002,0.000023
2862.786205,sim,0.079998,0.119998,0.119998,0.119998,0.119998,-0.000015
2862.789328,sim,0.080002,0.120002,0.120002,0.120002,0.120002,0.000022
2862.793400,sim,0.079999,0.119999,0.119999,0.119999,0.119999,-0.000014
2862.797235,sim,0.080002,0.120002,0.120002,0.120002,0.120002,0.000024
2862.801153,sim,0.079999,0.119999,0.119999,0.119999,0.119999,-0.000015
2862.806564,sim,0.080002,0.120002,0.120002,0.120002,0.120002,0.000024
2862.809480,sim,0.079999,0.119999,0.119999,0.119999,0.119999,-0.000015
2862.813554,sim,0.080002,0.120002,0.120002,0.120002,0.120002,0.000022
2862.818944,sim,0.079999,0.119999,0.119999,0.119999,0.119999,-0.000014
2862.821172,sim,0.080002,0.120002,0.120002,0.120002,0.120002,0.000023
2862.827435,sim,0.079999,0.119999,0.119999,0.119999,0.119999,-0.000014
2862.829245,sim,0.080002,0.120002,0.120002,0.120002,0.120002,0.000023
2862.833306,sim,0.079999,0.119999,0.119999,0.119999,0.119999,-0.000015
2862.837624,sim,0.080002,0.120002,0.120002,0.120002,0.120002,0.000023
2862.841166,sim,0.079999,0.119999,0.119999,0.119999,0.119999,-0.000015
2862.845279,sim,0.080002,0.120002,0.120002,0.120002,0.120002,0.000022
2862.849111,sim,0.079999,0.119999,0.119999,0.119999,0.119999,-0.000014
2862.853205,sim,0.080002,0.120002,0.120002,0.120002,0.120002,0.000025
2862.857276,sim,0.079999,0.119999,0.119999,0.119999,0.119999,-0.000016
2862.861186,sim,0.080002,0.120002,0.120002,0.120002,0.120002,0.000023
2862.865185,sim,0.079999,0.119999,0.119999,0.119999,0.119999,-0.000015
2862.869920,sim,0.080002,0.120002,0.120002,0.120002,0.120002,0.000024
2862.873189,sim,0.079999,0.119999,0.119999,0.119999,0.119999,0.002125
2862.878895,sim,0.080002,0.120002,0.120002,0.120002,0.120002,0.002150
2862.882345,sim,0.079999,0.119999,0.119999,0.119999,0.119999,0.002147
2862.886358,sim,0.080002,0.120002,0.120002,0.120002,0.120002,0.002150
2862.890015,sim,0.079999,0.119999,0.119999,0.119999,0.119999,0.002147
2862.893455,sim,0.080002,0.120002,0.120002,0.120002,0.120002,0.011530
2862.897577,sim,0.079999,0.119999,0.119999,0.119999,0.119999,0.011527
2862.901527,sim,0.080002,0.120002,0.120002,0.120002,0.120002,0.011530
2862.906038,sim,0.079999,0.119999,0.119999,0.119999,0.119999,0.011527
2862.909895,sim,0.080002,0.120002,0.120002,0.120002,0.120002,0.027178
2862.913388,sim,0.079999,0.119999,0.119999,0.119999,0.119999,0.027174
2862.918141,sim,0.080002,0.120002,0.120002,0.120002,0.120002,0.027178
2862.921417,sim,0.079999,0.119999,0.119999,0.119999,0.119999,0.027174
2862.925714,sim,0.080002,0.120002,0.120002,0.120002,0.120002,0.027178
2862.929520,sim,0.079999,0.119999,0.119999,0.119999,0.119999,0.027174
2862.933565,sim,0.080002,0.120002,0.120002,0.120002,0.120002,0.042887
2862.938050,sim,0.079999,0.119999,0.119999,0.119999,0.119999,0.042884
2862.941652,sim,0.080002,0.120002,0.120002,0.120002,0.120002,0.042887
2862.946254,sim,0.079999,0.119999,0.119999,0.119999,0.119999,0.042884
2862.950032,sim,0.080002,0.120002,0.120002,0.120002,0.120002,0.042887
2862.953979,sim,0.114137,0.119999,0.119999,0.119999,0.119999,0.058647
2862.958511,sim,0.114140,0.120001,0.120001,0.120001,0.120001,0.058650
2862.961972,sim,0.151626,0.119999,0.119999,0.119999,0.119999,0.072308
2862.966346,sim,0.151629,0.120002,0.120002,0.120002,0.120002,0.072311
2862.971749,sim,0.189663,0.119999,0.119999,0.119999,0.119999,0.084148
2862.979822,sim,0.189666,0.120001,0.120001,0.120001,0.120001,0.084151
2862.980873,sim,0.189663,0.119999,0.119999,0.119999,0.119999,0.084148
2862.987423,sim,0.226793,0.120001,0.120001,0.120001,0.120001,0.093337
2862.990054,sim,0.263918,0.119999,0.119999,0.119999,0.119999,0.102522
2862.995941,sim,0.263920,0.120002,0.120002,0.120002,0.120002,0.102525
2863.001436,sim,0.263918,0.119999,0.119999,0.119999,0.119999,0.102522
2863.004153,sim,0.263920,0.120001,0.120001,0.120001,0.120001,0.102525
2863.009105,sim,0.263918,0.119999,0.119999,0.119999,0.119999,0.102522
2863.013474,sim,0.263920,0.120001,0.120001,0.120001,0.120001,0.102525
2863.016929,sim,0.263918,0.119999,0.119999,0.119999,0.119999,0.102522
2863.020298,sim,0.310565,0.120001,0.120001,0.120001,0.120001,0.108188
2863.025176,sim,0.310562,0.119999,0.119999,0.119999,0.119999,0.108185
2863.028621,sim,0.310565,0.120001,0.120001,0.120001,0.120001,0.108188
2863.033337,sim,0.310562,0.119999,0.119999,0.119999,0.119999,0.108185
2863.036179,sim,0.310565,0.120001,0.120001,0.120001,0.120001,0.108188
2863.043250,sim,0.310563,0.119999,0.119999,0.119999,0.119999,0.108185
2863.044289,sim,0.364860,0.122358,0.120001,0.120001,0.120001,0.113095
2863.049306,sim,0.364859,0.122357,0.119999,0.119999,0.119999,0.113094
2863.054197,sim,0.416078,0.153203,0.120001,0.120001,0.120001,0.117349
2863.056404,sim,0.416076,0.153201,0.119999,0.119999,0.119999,0.117347
2863.062104,sim,0.416077,0.153202,0.120001,0.120001,0.120001,0.117349
2863.064936,sim,0.416076,0.153201,0.119999,0.119999,0.119999,0.117347
2863.072044,sim,0.416078,0.153203,0.120001,0.120001,0.120001,0.117349
2863.075036,sim,0.470173,0.189642,0.119999,0.119999,0.119999,0.121034
2863.079024,sim,0.470175,0.189643,0.120001,0.120001,0.120001,0.121035
2863.082049,sim,0.470173,0.189642,0.119999,0.119999,0.119999,0.121034
2863.086275,sim,0.470175,0.189643,0.120001,0.120001,0.120001,0.121035
2863.089836,sim,0.470173,0.189642,0.119999,0.119999,0.119999,0.121034
2863.094867,sim,0.528156,0.230935,0.120001,0.120001,0.120001,0.124230
2863.098194,sim,0.528154,0.230933,0.119999,0.119999,0.119999,0.124229
2863.101642,sim,0.582566,0.269494,0.120001,0.120001,0.149706,0.126999
2863.105535,sim,0.582565,0.269493,0.120000,0.120000,0.149705,0.126998
2863.109325,sim,0.582566,0.269494,0.120001,0.120001,0.149706,0.126999
2863.113350,sim,0.636656,0.308459,0.120000,0.120000,0.183838,0.129398
2863.117149,sim,0.636657,0.308460,0.120001,0.120001,0.183839,0.129399
2863.121193,sim,0.636656,0.308459,0.120000,0.120000,0.183838,0.129398
2863.125205,sim,0.636657,0.308460,0.120001,0.120001,0.183839,0.129399
2863.129566,sim,0.636656,0.308459,0.120000,0.120000,0.183838,0.129398
2863.133508,sim,0.687697,0.350553,0.127772,0.120000,0.220356,0.131478
2863.136934,sim,0.687697,0.350553,0.127771,0.120000,0.220355,0.131478
2863.140974,sim,0.687697,0.350553,0.127772,0.120000,0.220356,0.131478
2863.145016,sim,0.687697,0.350553,0.127771,0.120000,0.220355,0.131478
2863.149549,sim,0.731931,0.393968,0.157894,0.148270,0.257551,0.133280
2863.152843,sim,0.731931,0.393968,0.157894,0.148270,0.257551,0.133280
2863.157549,sim,0.731931,0.393968,0.157894,0.148270,0.257551,0.133280
2863.160826,sim,0.731931,0.393968,0.157894,0.148270,0.257551,0.133280
2863.164907,sim,0.731931,0.393968,0.157894,0.148270,0.257551,0.133280
2863.168895,sim,0.770268,0.435756,0.193709,0.181207,0.298110,0.134843
2863.173331,sim,0.770268,0.435756,0.193709,0.181207,0.298110,0.134843
2863.176650,sim,0.770268,0.435756,0.193709,0.181207,0.298110,0.134843
2863.180579,sim,0.770268,0.435756,0.193709,0.181207,0.298110,0.134843
2863.184917,sim,0.770268,0.435756,0.193709,0.181207,0.298110,0.134843
2863.189030,sim,0.803493,0.481682,0.228910,0.218075,0.340196,0.136196
2863.194028,sim,0.803493,0.481682,0.228910,0.218075,0.340196,0.136196
2863.196547,sim,0.803493,0.481682,0.228910,0.218075,0.340196,0.136196
2863.200417,sim,0.803493,0.481682,0.228910,0.218075,0.340196,0.136196
2863.204848,sim,0.803493,0.481682,0.228910,0.218075,0.340196,0.136196
2863.208092,sim,0.832289,0.529806,0.269126,0.256962,0.384993,0.137370
2863.212149,sim,0.832289,0.529806,0.269126,0.256962,0.384993,0.137370
2863.216092,sim,0.832289,0.529806,0.269126,0.256962,0.384993,0.137370
2863.220340,sim,0.832289,0.529806,0.269126,0.256962,0.384993,0.137370
2863.225160,sim,0.857244,0.578449,0.309529,0.298986,0.430751,0.138387
2863.228089,sim,0.857244,0.578449,0.309529,0.298986,0.430751,0.138387
2863.232115,sim,0.857244,0.578449,0.309529,0.298986,0.430751,0.138387
2863.236059,sim,0.857244,0.578449,0.309529,0.298986,0.430751,0.138387
2863.240763,sim,0.857244,0.578449,0.309529,0.298986,0.430751,0.138387
2863.244564,sim,0.857244,0.578449,0.309529,0.298986,0.430751,0.138387
2863.248466,sim,0.878873,0.630315,0.355640,0.345117,0.478731,0.139268
2863.252262,sim,0.878873,0.630315,0.355640,0.345117,0.478731,0.139268
2863.256035,sim,0.878873,0.630315,0.355640,0.345117,0.478731,0.139268
2863.259677,sim,0.878873,0.630315,0.355640,0.345117,0.478731,0.139268
2863.263792,sim,0.878873,0.630315,0.355640,0.345117,0.478731,0.139268
2863.268114,sim,0.897617,0.682200,0.403926,0.392031,0.528636,0.140032
2863.271728,sim,0.897617,0.682200,0.403926,0.392031,0.528636,0.140032
2863.275696,sim,0.897617,0.682200,0.403926,0.392031,0.528636,0.140032
2863.279773,sim,0.897617,0.682200,0.403926,0.392031,0.528636,0.140032
2863.284722,sim,0.897617,0.682200,0.403926,0.392031,0.528636,0.140032
2863.289935,sim,0.913863,0.735490,0.452708,0.439626,0.578821,0.140694
2863.291720,sim,0.913863,0.735490,0.452708,0.439626,0.578821,0.140694
2863.295697,sim,0.913863,0.735490,0.452708,0.439626,0.578821,0.140694
2863.299863,sim,0.913863,0.735490,0.452708,0.439626,0.578821,0.140694
2863.303591,sim,0.927942,0.787222,0.500534,0.486422,0.627864,0.141267
2863.307966,sim,0.927942,0.787222,0.500534,0.486422,0.627864,0.141267
2863.311289,sim,0.927942,0.787222,0.500534,0.486422,0.627864,0.141267
2863.315715,sim,0.927942,0.787222,0.500534,0.486422,0.627864,0.141267
2863.319632,sim,0.927942,0.787222,0.500534,0.486422,0.627864,0.141267
2863.323552,sim,0.940144,0.837605,0.550306,0.535301,0.678689,0.141765
2863.327339,sim,0.940144,0.837605,0.550306,0.535301,0.678689,0.141765
2863.331600,sim,0.940144,0.837605,0.550306,0.535301,0.678689,0.141765
2863.335230,sim,0.940144,0.837605,0.550306,0.535301,0.678689,0.141765
2863.339133,sim,0.940144,0.837605,0.550306,0.535301,0.678689,0.141765
2863.343080,sim,0.950719,0.884045,0.600376,0.585985,0.731060,0.142196
2863.347442,sim,0.950719,0.884045,0.600376,0.585985,0.731060,0.142196
2863.351133,sim,0.950719,0.884045,0.600376,0.585985,0.731060,0.142196
2863.355086,sim,0.950719,0.884045,0.600376,0.585985,0.731060,0.142196
2863.359140,sim,0.950719,0.884045,0.600376,0.585985,0.731060,0.142196
2863.363140,sim,0.959884,0.924292,0.652093,0.636846,0.779222,0.142569
2863.367220,sim,0.959884,0.924292,0.652093,0.636846,0.779222,0.142569
2863.371027,sim,0.959884,0.924292,0.652093,0.636846,0.779222,0.142569
2863.374766,sim,0.959884,0.924292,0.652093,0.636846,0.779222,0.142569
2863.379329,sim,0.959884,0.924292,0.652093,0.636846,0.779222,0.142569
2863.383325,sim,0.959884,0.924292,0.652093,0.636846,0.779222,0.142569
2863.386812,sim,0.959884,0.924292,0.652093,0.636846,0.779222,0.142569
2863.390766,sim,0.959884,0.924292,0.652093,0.636846,0.779222,0.142569
2863.394753,sim,0.959884,0.924292,0.652093,0.636846,0.779222,0.142569
2863.399406,sim,0.959884,0.924292,0.652093,0.636846,0.779222,0.142569
2863.402989,sim,0.967827,0.959173,0.712171,0.696183,0.820963,0.142893
2863.406778,sim,0.967827,0.959173,0.712171,0.696183,0.820963,0.142893
2863.410796,sim,0.967827,0.959173,0.712171,0.696183,0.820963,0.142893
2863.414903,sim,0.967827,0.959173,0.712171,0.696183,0.820963,0.142893
2863.418763,sim,0.967827,0.959173,0.712171,0.696183,0.820963,0.142893
2863.422768,sim,0.974711,0.989403,0.771174,0.757318,0.857138,0.143173
2863.426714,sim,0.974711,0.989403,0.771174,0.757318,0.857138,0.143173
2863.430846,sim,0.974711,0.989403,0.771174,0.757318,0.857138,0.143173
2863.434667,sim,0.974711,0.989403,0.771174,0.757318,0.857138,0.143173
2863.438807,sim,0.974711,0.989403,0.771174,0.757318,0.857138,0.143173
2863.442897,sim,0.980677,1.000000,0.827857,0.813074,0.888489,0.143416
2863.446755,sim,0.980679,1.000002,0.827859,0.813077,0.888491,0.143418
2863.450766,sim,0.980680,1.000003,0.827860,0.813078,0.888492,0.143419
2863.454463,sim,0.980679,1.000002,0.827859,0.813077,0.888491,0.143418
2863.458702,sim,0.980679,1.000002,0.827859,0.813077,0.888491,0.143418
2863.462860,sim,0.985850,1.000002,0.876985,0.861399,0.915663,0.143629
2863.466555,sim,0.985850,1.000002,0.876985,0.861399,0.915663,0.143629
2863.470435,sim,0.985850,1.000002,0.876985,0.861399,0.915663,0.143629
2863.474976,sim,0.985850,1.000002,0.876985,0.861399,0.915663,0.143629
2863.478791,sim,0.990331,1.000002,0.919561,0.903279,0.939211,0.143811
2863.483182,sim,0.990331,1.000002,0.919561,0.903279,0.939211,0.143811
2863.486464,sim,0.990331,1.000002,0.919561,0.903279,0.939211,0.143811
2863.490435,sim,0.990331,1.000002,0.919561,0.903279,0.939211,0.143811
2863.494455,sim,0.990331,1.000002,0.919561,0.903279,0.939211,0.143811
2863.498771,sim,0.990331,1.000002,0.919561,0.903279,0.939211,0.143811
2863.502879,sim,0.994215,1.000002,0.956460,0.939575,0.959620,0.143970
2863.506601,sim,0.994215,1.000002,0.956460,0.939575,0.959620,0.143970
2863.510643,sim,0.994215,1.000002,0.956460,0.939575,0.959620,0.143970
2863.514368,sim,0.994215,1.000002,0.956460,0.939575,0.959620,0.143970
2863.518361,sim,0.997581,1.000002,0.988439,0.971032,0.977308,0.144107
2863.522505,sim,0.997581,1.000002,0.988439,0.971032,0.977308,0.144107
2863.526265,sim,0.997581,1.000002,0.988439,0.971032,0.977308,0.144107
2863.530517,sim,0.997581,1.000002,0.988439,0.971032,0.977308,0.144107
2863.534345,sim,0.997581,1.000002,0.988439,0.971032,0.977308,0.144107
2863.538617,sim,0.997581,1.000002,0.988439,0.971032,0.977308,0.144107
2863.542538,sim,1.000002,1.000002,1.000002,0.998294,0.992637,0.144226
2863.546180,sim,0.999999,0.999999,0.999999,0.998292,0.992635,0.144223
2863.550252,sim,1.000003,1.000003,1.000003,0.998295,0.992638,0.144227
2863.554044,sim,1.000002,1.000002,1.000002,0.998294,0.992637,0.144226
2863.558459,sim,0.999998,0.999998,0.999998,0.998291,0.992634,0.144222
2863.562359,sim,1.000002,1.000002,1.000002,1.000002,1.000002,0.144329
2863.566096,sim,0.999992,0.999992,0.999992,0.999992,0.999992,0.144319
2863.570021,sim,1.000002,1.000002,1.000002,1.000002,1.000002,0.144329
2863.573999,sim,0.999996,0.999996,0.999996,0.999996,0.999996,0.144323
2863.578478,sim,1.000001,1.000001,1.000001,1.000001,1.000001,0.144417
2863.582218,sim,0.999994,0.999994,0.999994,0.999994,0.999994,0.144410
2863.585922,sim,1.000002,1.000002,1.000002,1.000002,1.000002,0.144418
2863.590067,sim,0.999996,0.999996,0.999996,0.999996,0.999996,0.144412
2863.593978,sim,1.000001,1.000001,1.000001,1.000001,1.000001,0.144417
2863.598012,sim,0.999995,0.999995,0.999995,0.999995,0.999995,0.144411
2863.601957,sim,1.000001,1.000001,1.000001,1.000001,1.000001,0.144495
2863.605833,sim,0.999996,0.999996,0.999996,0.999996,0.999996,0.144490
2863.609787,sim,1.000000,1.000000,1.000000,1.000000,1.000000,0.144494
2863.613880,sim,0.999995,0.999995,0.999995,0.999995,0.999995,0.144488
2863.617843,sim,1.000002,1.000002,1.000002,1.000002,1.000002,0.144496
2863.622210,sim,0.999995,0.999995,0.999995,0.999995,0.999995,0.144556
2863.625859,sim,1.000001,1.000001,1.000001,1.000001,1.000001,0.144561
2863.629757,sim,0.999994,0.999994,0.999994,0.999994,0.999994,0.144555
2863.633681,sim,1.000002,1.000002,1.000002,1.000002,1.000002,0.144563
2863.637937,sim,0.999996,0.999996,0.999996,0.999996,0.999996,0.144556
2863.641860,sim,1.000001,1.000001,1.000001,1.000001,1.000001,0.144620
2863.645664,sim,0.999994,0.999994,0.999994,0.999994,0.999994,0.144671
2863.649687,sim,1.000002,1.000002,1.000002,1.000002,1.000002,0.144737
2863.653762,sim,0.999996,0.999996,0.999996,0.999996,0.999996,0.144789
2863.657660,sim,1.000000,1.000000,1.000000,1.000000,1.000000,0.144851
2863.661645,sim,0.999994,0.999994,0.999994,0.999994,0.999994,0.144903
2863.665597,sim,1.000002,1.000002,1.000002,1.000002,1.000002,0.144969
2863.669724,sim,0.999995,0.999995,0.999995,0.999995,0.999995,0.144992
2863.673918,sim,1.000001,1.000001,1.000001,1.000001,1.000001,0.144998
2863.677720,sim,0.999994,0.999994,0.999994,0.999994,0.999994,0.144991
2863.682224,sim,1.000001,1.000001,1.000001,1.000001,1.000001,0.144998
2863.685640,sim,0.999995,0.999995,0.999995,0.999995,0.999995,0.144992
2863.689573,sim,1.000001,1.000001,1.000001,1.000001,1.000001,0.144997
2863.693639,sim,0.999995,0.999995,0.999995,0.999995,0.999995,0.144991
2863.698019,sim,1.000001,1.000001,1.000001,1.000001,1.000001,0.144998
2863.702525,sim,0.999996,0.999996,0.999996,0.999996,0.999996,0.144992
2863.706046,sim,1.000000,1.000000,1.000000,1.000000,1.000000,0.144997
2863.709629,sim,0.999994,0.999994,0.999994,0.999994,0.999994,0.144990
2863.713773,sim,1.000002,1.000002,1.000002,1.000002,1.000002,0.144998
2863.718234,sim,0.999995,0.999995,0.999995,0.999995,0.999995,0.144992
2863.722087,sim,1.000000,1.000000,1.000000,1.000000,1.000000,0.144997
2863.725597,sim,0.999995,0.999995,0.999995,0.999995,0.999995,0.144992
2863.729673,sim,1.000002,1.000002,1.000002,1.000002,1.000002,0.144998
2863.734378,sim,0.999996,0.999996,0.999996,0.999996,0.999996,0.144992
2863.737748,sim,1.000001,1.000001,1.000001,1.000001,1.000001,0.144997
2863.741609,sim,0.999994,0.999994,0.999994,0.999994,0.999994,0.144991
2863.745467,sim,1.000001,1.000001,1.000001,1.000001,1.000001,0.144998
2863.749646,sim,0.999996,0.999996,0.999996,0.999996,0.999996,0.144992
2863.753509,sim,1.000001,1.000001,1.000001,1.000001,1.000001,0.144997
2863.757531,sim,0.999994,0.999994,0.999994,0.999994,0.999994,0.144991
2863.761428,sim,1.000002,1.000002,1.000002,1.000002,1.000002,0.144998
2863.765620,sim,0.999996,0.999996,0.999996,0.999996,0.999996,0.144992
2863.769484,sim,1.000001,1.000001,1.000001,1.000001,1.000001,0.144997
2863.773493,sim,0.999995,0.999995,0.999995,0.999995,0.999995,0.144991
2863.777257,sim,0.990426,1.000003,1.000003,1.000003,1.000003,0.145000
2863.781572,sim,0.990417,0.999994,0.999994,0.999994,0.999994,0.144991
2863.785403,sim,0.990425,1.000003,1.000003,1.000003,1.000003,0.145000
2863.789282,sim,0.990417,0.999994,0.999994,0.999994,0.999994,0.144991
2863.793300,sim,0.990425,1.000003,1.000003,1.000003,1.000003,0.144999
2863.797503,sim,0.990417,0.999995,0.999995,0.999995,0.999995,0.144991
2863.801608,sim,0.961008,1.000003,1.000003,1.000003,1.000003,0.145000
2863.805333,sim,0.960999,0.999994,0.999994,0.999994,0.999994,0.144991
2863.809185,sim,0.961008,1.000003,1.000003,1.000003,1.000003,0.145000
2863.813473,sim,0.961000,0.999994,0.999994,0.999994,0.999994,0.144991
2863.817313,sim,0.961008,1.000003,1.000003,1.000003,1.000003,0.144999
2863.821557,sim,0.924408,0.999994,0.999994,0.999994,0.999994,0.140694
2863.825301,sim,0.924417,1.000003,1.000003,1.000003,1.000003,0.140703
2863.829273,sim,0.924409,0.999995,0.999995,0.999995,0.999995,0.140695
2863.833408,sim,0.924417,1.000003,1.000003,1.000003,1.000003,0.140703
2863.837239,sim,0.882986,0.999993,0.999993,0.999993,0.999993,0.131600
2863.841321,sim,0.882997,1.000004,1.000004,1.000004,1.000004,0.131610
2863.845588,sim,0.882987,0.999994,0.999994,0.999994,0.999994,0.131601
2863.849347,sim,0.882996,1.000003,1.000003,1.000003,1.000003,0.131610
2863.853622,sim,0.882986,0.999993,0.999993,0.999993,0.999993,0.131600
2863.857614,sim,0.837390,1.000005,1.000005,1.000005,0.977580,0.116212
2863.861669,sim,0.837383,0.999997,0.999997,0.999997,0.977572,0.116204
2863.865395,sim,0.837388,1.000002,1.000002,1.000002,0.977578,0.116210
2863.869222,sim,0.837382,0.999997,0.999997,0.999997,0.977572,0.116204
2863.873640,sim,0.837388,1.000003,1.000003,1.000003,0.977578,0.116210
2863.877306,sim,0.785372,0.999997,0.999997,0.999997,0.942933,0.100710
2863.881585,sim,0.785379,1.000003,1.000003,1.000003,0.942939,0.100716
2863.885509,sim,0.785373,0.999997,0.999997,0.999997,0.942933,0.100710
2863.889520,sim,0.785379,1.000003,1.000003,1.000003,0.942939,0.100716
2863.893261,sim,0.785373,0.999997,0.999997,0.999997,0.942933,0.100710
2863.897215,sim,0.785379,1.000003,1.000003,1.000003,0.942939,0.100716
2863.901307,sim,0.727815,0.972388,0.999997,0.985018,0.903204,0.087282
2863.905127,sim,0.727819,0.972392,1.000001,0.985021,0.903207,0.087286
2863.909169,sim,0.727816,0.972389,0.999998,0.985018,0.903204,0.087283
2863.913223,sim,0.727819,0.972392,1.000001,0.985021,0.903207,0.087286
2863.917413,sim,0.668225,0.928734,0.980355,0.948001,0.863226,0.076721
2863.921464,sim,0.668225,0.928734,0.980355,0.948001,0.863226,0.076721
2863.925241,sim,0.668225,0.928734,0.980355,0.948001,0.863226,0.076721
2863.929247,sim,0.668225,0.928734,0.980355,0.948001,0.863226,0.076721
2863.933323,sim,0.668225,0.928734,0.980355,0.948001,0.863226,0.076721
2863.937199,sim,0.606868,0.881188,0.943958,0.907596,0.820254,0.067565
2863.941697,sim,0.606868,0.881188,0.943958,0.907596,0.820254,0.067565
2863.945558,sim,0.606868,0.881188,0.943958,0.907596,0.820254,0.067565
2863.949310,sim,0.606868,0.881188,0.943958,0.907596,0.820254,0.067565
2863.953365,sim,0.606868,0.881188,0.943958,0.907596,0.820254,0.067565
2863.957356,sim,0.541210,0.833048,0.901318,0.867030,0.776076,0.059631
2863.961560,sim,0.541210,0.833048,0.901318,0.867030,0.776076,0.059631
2863.966078,sim,0.541210,0.833048,0.901318,0.867030,0.776076,0.059631
2863.969153,sim,0.541210,0.833048,0.901318,0.867030,0.776076,0.059631
2863.973159,sim,0.541210,0.833048,0.901318,0.867030,0.776076,0.059631
2863.977554,sim,0.541210,0.833048,0.901318,0.867030,0.776076,0.059631
2863.981783,sim,0.541210,0.833048,0.901318,0.867030,0.776076,0.059631
2863.985287,sim,0.541210,0.833048,0.901318,0.867030,0.776076,0.059631
2863.989119,sim,0.541210,0.833048,0.901318,0.867030,0.776076,0.059631
2863.993218,sim,0.541210,0.833048,0.901318,0.867030,0.776076,0.059631
2863.997117,sim,0.541210,0.833048,0.901318,0.867030,0.776076,0.059631
2864.001147,sim,0.469048,0.770520,0.849106,0.815229,0.718371,0.052754
2864.005232,sim,0.469048,0.770520,0.849106,0.815229,0.718371,0.052754
2864.009263,sim,0.469048,0.770520,0.849106,0.815229,0.718371,0.052754
2864.013218,sim,0.469048,0.770520,0.849106,0.815229,0.718371,0.052754
2864.017081,sim,0.469048,0.770520,0.849106,0.815229,0.718371,0.052754
2864.021234,sim,0.406509,0.709395,0.796921,0.764787,0.660038,0.046794
2864.025055,sim,0.406509,0.709395,0.796921,0.764787,0.660038,0.046794
2864.029262,sim,0.406509,0.709395,0.796921,0.764787,0.660038,0.046794
2864.033378,sim,0.406509,0.709395,0.796921,0.764787,0.660038,0.046794
2864.037175,sim,0.406509,0.709395,0.796921,0.764787,0.660038,0.046794
2864.041368,sim,0.352308,0.646710,0.744758,0.711361,0.602547,0.041629
2864.044996,sim,0.352308,0.646710,0.744758,0.711361,0.602547,0.041629
2864.048996,sim,0.352308,0.646710,0.744758,0.711361,0.602547,0.041629
2864.053046,sim,0.352308,0.646710,0.744758,0.711361,0.602547,0.041629
2864.057115,sim,0.352308,0.646710,0.744758,0.711361,0.602547,0.041629
2864.061186,sim,0.305333,0.585448,0.691229,0.660897,0.544400,0.037152
2864.065135,sim,0.305333,0.585448,0.691229,0.660897,0.544400,0.037152
2864.069334,sim,0.305333,0.585448,0.691229,0.660897,0.544400,0.037152
2864.073771,sim,0.305333,0.585448,0.691229,0.660897,0.544400,0.037152
2864.077394,sim,0.264622,0.525420,0.639288,0.610227,0.488457,0.033273
2864.081706,sim,0.264622,0.525420,0.639288,0.610227,0.488457,0.033273
2864.086076,sim,0.264622,0.525420,0.639288,0.610227,0.488457,0.033273
2864.089104,sim,0.264622,0.525420,0.639288,0.610227,0.488457,0.033273
2864.093079,sim,0.264622,0.525420,0.639288,0.610227,0.488457,0.033273
2864.097645,sim,0.264622,0.525420,0.639288,0.610227,0.488457,0.033273
2864.101418,sim,0.229339,0.462299,0.587338,0.556604,0.430265,0.029911
2864.105292,sim,0.229339,0.462299,0.587338,0.556604,0.430265,0.029911
2864.109065,sim,0.229339,0.462299,0.587338,0.556604,0.430265,0.029911
2864.113131,sim,0.229339,0.462299,0.587338,0.556604,0.430265,0.029911
2864.118135,sim,0.229339,0.462299,0.587338,0.556604,0.430265,0.029911
2864.121210,sim,0.198761,0.402046,0.535380,0.503195,0.374283,0.026997
2864.125120,sim,0.198761,0.402046,0.535380,0.503195,0.374283,0.026997
2864.129304,sim,0.198761,0.402046,0.535380,0.503195,0.374283,0.026997
2864.133341,sim,0.198761,0.402046,0.535380,0.503195,0.374283,0.026997
2864.138060,sim,0.172259,0.348440,0.484801,0.451360,0.324379,0.024471
2864.141354,sim,0.172259,0.348440,0.484801,0.451360,0.324379,0.024471
2864.145151,sim,0.172259,0.348440,0.484801,0.451360,0.324379,0.024471
2864.149263,sim,0.172259,0.348440,0.484801,0.451360,0.324379,0.024471
2864.153902,sim,0.172259,0.348440,0.484801,0.451360,0.324379,0.024471
2864.157323,sim,0.172259,0.348440,0.484801,0.451360,0.324379,0.024471
2864.161052,sim,0.149291,0.301981,0.431257,0.398113,0.281128,0.022282
2864.165254,sim,0.149291,0.301981,0.431257,0.398113,0.281128,0.022282
2864.169364,sim,0.149291,0.301981,0.431257,0.398113,0.281128,0.022282
2864.173146,sim,0.149291,0.301981,0.431257,0.398113,0.281128,0.022282
2864.177749,sim,0.149291,0.301981,0.431257,0.398113,0.281128,0.022282
2864.181515,sim,0.129386,0.261717,0.379304,0.345032,0.243644,0.020385
2864.185541,sim,0.129386,0.261717,0.379304,0.345032,0.243644,0.020385
2864.189238,sim,0.129386,0.261717,0.379304,0.345032,0.243644,0.020385
2864.193187,sim,0.129386,0.261717,0.379304,0.345032,0.243644,0.020385
2864.197578,sim,0.129386,0.261717,0.379304,0.345032,0.243644,0.020385
2864.201307,sim,0.112134,0.226821,0.328730,0.299027,0.211159,0.018741
2864.205029,sim,0.112134,0.226821,0.328730,0.299027,0.211159,0.018741
2864.209141,sim,0.112134,0.226821,0.328730,0.299027,0.211159,0.018741
2864.213664,sim,0.112134,0.226821,0.328730,0.299027,0.211159,0.018741
2864.217329,sim,0.112134,0.226821,0.328730,0.299027,0.211159,0.018741
2864.221249,sim,0.097183,0.196579,0.284900,0.259157,0.183004,0.017317
2864.225378,sim,0.097183,0.196579,0.284900,0.259157,0.183004,0.017317
2864.229270,sim,0.097183,0.196579,0.284900,0.259157,0.183004,0.017317
2864.233201,sim,0.097183,0.196579,0.284900,0.259157,0.183004,0.017317
2864.237293,sim,0.097183,0.196579,0.284900,0.259157,0.183004,0.017317
2864.241153,sim,0.084225,0.170368,0.246913,0.224603,0.158604,0.016082
2864.245212,sim,0.084225,0.170368,0.246913,0.224603,0.158604,0.016082
2864.249178,sim,0.084225,0.170368,0.246913,0.224603,0.158604,0.016082
2864.253247,sim,0.084225,0.170368,0.246913,0.224603,0.158604,0.016082
2864.257578,sim,0.084225,0.170368,0.246913,0.224603,0.158604,0.016082
2864.261388,sim,0.080000,0.147652,0.213991,0.194656,0.137456,0.015012
2864.265413,sim,0.080000,0.147652,0.213991,0.194655,0.137456,0.015011
2864.269158,sim,0.080000,0.147653,0.213991,0.194656,0.137457,0.015012
2864.273357,sim,0.080000,0.147652,0.213991,0.194655,0.137456,0.015011
2864.278308,sim,0.080000,0.147653,0.213991,0.194656,0.137457,0.015012
2864.282126,sim,0.080000,0.147652,0.213991,0.194655,0.137456,0.015011
2864.286564,sim,0.080000,0.147653,0.213991,0.194656,0.137457,0.015012
2864.290043,sim,0.080000,0.147652,0.213991,0.194655,0.137456,0.015011
2864.293501,sim,0.080000,0.147653,0.213991,0.194656,0.137457,0.015012
2864.299106,sim,0.080000,0.147652,0.213991,0.194655,0.137456,0.015011
2864.301647,sim,0.080000,0.127966,0.185459,0.168702,0.120000,0.014084
2864.305334,sim,0.080000,0.127966,0.185459,0.168702,0.120000,0.014084
2864.309410,sim,0.080000,0.127965,0.185459,0.168701,0.120000,0.014084
2864.313335,sim,0.080001,0.127966,0.185460,0.168702,0.120001,0.014085
2864.317941,sim,0.080000,0.127965,0.185459,0.168701,0.120000,0.014084
2864.321868,sim,0.080001,0.127966,0.185460,0.168702,0.120001,0.014085
2864.325479,sim,0.080000,0.120000,0.160731,0.146208,0.120000,0.013280
2864.329583,sim,0.080001,0.120001,0.160732,0.146209,0.120001,0.013281
2864.333344,sim,0.079999,0.119999,0.160730,0.146207,0.119999,0.013279
2864.337264,sim,0.080001,0.120001,0.160732,0.146209,0.120001,0.013281
2864.342656,sim,0.079999,0.119999,0.160731,0.146207,0.119999,0.013280
2864.345533,sim,0.080001,0.120001,0.139302,0.126715,0.120001,0.012585
2864.349353,sim,0.079999,0.119999,0.139300,0.126713,0.119999,0.012583
2864.353559,sim,0.080001,0.120001,0.139302,0.126715,0.120001,0.012585
2864.357314,sim,0.079999,0.119999,0.139300,0.126713,0.119999,0.012583
2864.361548,sim,0.080001,0.120001,0.139302,0.126715,0.120001,0.012585
2864.365970,sim,0.079999,0.119999,0.120726,0.119999,0.119999,0.011979
2864.369612,sim,0.080001,0.120001,0.120728,0.120001,0.120001,0.011981
2864.373451,sim,0.079999,0.119999,0.120726,0.119999,0.119999,0.011979
2864.377406,sim,0.080002,0.120002,0.120729,0.120002,0.120002,0.011981
2864.381629,sim,0.079999,0.119999,0.120726,0.119999,0.119999,0.011979
2864.385232,sim,0.080001,0.120001,0.120001,0.120001,0.120001,0.011458
2864.389369,sim,0.079999,0.119999,0.119999,0.119999,0.119999,0.011455
2864.393391,sim,0.080002,0.120002,0.120002,0.120002,0.120002,0.011459
2864.397339,sim,0.079999,0.119999,0.119999,0.119999,0.119999,0.011455
2864.401483,sim,0.080002,0.120002,0.120002,0.120002,0.120002,0.011005
2864.405622,sim,0.079999,0.119999,0.119999,0.119999,0.119999,0.010548
2864.409589,sim,0.080002,0.120002,0.120002,0.120002,0.120002,0.010098
2864.413480,sim,0.079999,0.119999,0.119999,0.119999,0.119999,0.009641
2864.417265,sim,0.080002,0.120002,0.120002,0.120002,0.120002,0.009191
2864.421523,sim,0.079999,0.119999,0.119999,0.119999,0.119999,0.008734
2864.425288,sim,0.080002,0.120002,0.120002,0.120002,0.120002,0.008284
2864.429224,sim,0.079999,0.119999,0.119999,0.119999,0.119999,0.008054
2864.433203,sim,0.080002,0.120002,0.120002,0.120002,0.120002,0.008057
2864.437371,sim,0.079999,0.119999,0.119999,0.119999,0.119999,0.008054
2864.441405,sim,0.080002,0.120002,0.120002,0.120002,0.120002,0.008057
2864.445202,sim,0.079999,0.119999,0.119999,0.119999,0.119999,0.008054
2864.449165,sim,0.080002,0.120002,0.120002,0.120002,0.120002,0.008057
2864.453466,sim,0.079999,0.119999,0.119999,0.119999,0.119999,0.008054
2864.457208,sim,0.080002,0.120002,0.120002,0.120002,0.120002,0.008057
2864.461231,sim,0.079999,0.119999,0.119999,0.119999,0.119999,0.008054
2864.465302,sim,0.080002,0.120002,0.120002,0.120002,0.120002,0.008057
2864.469285,sim,0.079999,0.119999,0.119999,0.119999,0.119999,0.008054
2864.473157,sim,0.080002,0.120002,0.120002,0.120002,0.120002,0.008057
2864.477202,sim,0.079999,0.119999,0.119999,0.119999,0.119999,0.008054
2864.481328,sim,0.080002,0.120002,0.120002,0.120002,0.120002,0.008057
2864.485427,sim,0.079999,0.119999,0.119999,0.119999,0.119999,0.008054
2864.489226,sim,0.080002,0.120002,0.120002,0.120002,0.120002,0.008057
2864.493196,sim,0.079999,0.119999,0.119999,0.119999,0.119999,0.008054
2864.497140,sim,0.080002,0.120002,0.120002,0.120002,0.120002,0.008057
2864.501710,sim,0.079999,0.119999,0.119999,0.119999,0.119999,0.008054
2864.505274,sim,0.080002,0.120002,0.120002,0.120002,0.120002,0.008057
2864.509488,sim,0.079999,0.119999,0.119999,0.119999,0.119999,0.008054
2864.513330,sim,0.080002,0.120002,0.120002,0.120002,0.120002,0.008057
2864.517370,sim,0.079999,0.119999,0.119999,0.119999,0.119999,0.008054
2864.521401,sim,0.080002,0.120002,0.120002,0.120002,0.120002,0.008057
2864.525146,sim,0.079999,0.119999,0.119999,0.119999,0.119999,0.008054
2864.529331,sim,0.080002,0.120002,0.120002,0.120002,0.120002,0.008057
2864.533304,sim,0.079999,0.119999,0.119999,0.119999,0.119999,0.008054
2864.537361,sim,0.080002,0.120002,0.120002,0.120002,0.120002,0.008057
2864.541392,sim,0.079999,0.119999,0.119999,0.119999,0.119999,0.008054
2864.545159,sim,0.080002,0.120002,0.120002,0.120002,0.120002,0.008057
2864.549349,sim,0.079999,0.119999,0.119999,0.119999,0.119999,0.008054
2864.553260,sim,0.080002,0.120002,0.120002,0.120002,0.120002,0.008057
2864.557156,sim,0.079999,0.119999,0.119999,0.119999,0.119999,0.008054
2864.561226,sim,0.080002,0.120002,0.120002,0.120002,0.120002,0.008057
2864.565200,sim,0.079999,0.119999,0.119999,0.119999,0.119999,0.008054
2864.569189,sim,0.080002,0.120002,0.120002,0.120002,0.120002,0.008057
2864.573187,sim,0.079999,0.119999,0.119999,0.119999,0.119999,0.008054
2864.577149,sim,0.080002,0.120002,0.120002,0.120002,0.120002,0.008057
2864.581524,sim,0.079999,0.119999,0.119999,0.119999,0.119999,0.008054
2864.585275,sim,0.080002,0.120002,0.120002,0.120002,0.120002,0.008057
2864.589197,sim,0.079999,0.119999,0.119999,0.119999,0.119999,0.008054
2864.593091,sim,0.080002,0.120002,0.120002,0.120002,0.120002,0.008057
2864.597253,sim,0.079999,0.119999,0.119999,0.119999,0.119999,0.008054
2864.601542,sim,0.080002,0.120002,0.120002,0.120002,0.120002,0.008057
2864.605190,sim,0.079999,0.119999,0.119999,0.119999,0.119999,0.008054
2864.609065,sim,0.080002,0.120002,0.120002,0.120002,0.120002,0.008057
2864.613222,sim,0.079999,0.119999,0.119999,0.119999,0.119999,0.008054
2864.617211,sim,0.080002,0.120002,0.120002,0.120002,0.120002,0.008057
2864.621295,sim,0.079999,0.119999,0.119999,0.119999,0.119999,0.008054
2864.625114,sim,0.080002,0.120002,0.120002,0.120002,0.120002,0.008057
2864.629336,sim,0.079999,0.119999,0.119999,0.119999,0.119999,0.008054
2864.633352,sim,0.080002,0.120002,0.120002,0.120002,0.120002,0.008057
2864.638010,sim,0.079999,0.119999,0.119999,0.119999,0.119999,0.008054
2864.641199,sim,0.080002,0.120002,0.120002,0.120002,0.120002,0.008057
2864.645494,sim,0.079999,0.119999,0.119999,0.119999,0.119999,0.008054
2864.649195,sim,0.080002,0.120002,0.120002,0.120002,0.120002,0.008057
2864.653151,sim,0.079999,0.119999,0.119999,0.119999,0.119999,0.008054
2864.657019,sim,0.080002,0.120002,0.120002,0.120002,0.120002,0.008057
2864.661182,sim,0.079999,0.119999,0.119999,0.119999,0.119999,0.008054
2864.665293,sim,0.080002,0.120002,0.120002,0.120002,0.120002,0.008057
2864.669071,sim,0.079999,0.119999,0.119999,0.119999,0.119999,0.011276
2864.673462,sim,0.080002,0.120002,0.120002,0.120002,0.120002,0.011279
2864.677150,sim,0.079999,0.119999,0.119999,0.119999,0.119999,0.011276
2864.681366,sim,0.080002,0.120002,0.120002,0.120002,0.120002,0.011279
2864.685105,sim,0.079999,0.119999,0.119999,0.119999,0.119999,0.011276
2864.689051,sim,0.080002,0.120002,0.120002,0.120002,0.120002,0.022664
2864.693130,sim,0.079999,0.119999,0.119999,0.119999,0.119999,0.022661
2864.697184,sim,0.080002,0.120002,0.120002,0.120002,0.120002,0.022664
2864.701336,sim,0.079999,0.119999,0.119999,0.119999,0.119999,0.022661
2864.705175,sim,0.080002,0.120002,0.120002,0.120002,0.120002,0.038976
2864.709314,sim,0.079999,0.119999,0.119999,0.119999,0.119999,0.038972
2864.713353,sim,0.080002,0.120002,0.120002,0.120002,0.120002,0.038976
2864.717278,sim,0.079999,0.119999,0.119999,0.119999,0.119999,0.038972
2864.721385,sim,0.080002,0.120002,0.120002,0.120002,0.120002,0.038976
2864.725583,sim,0.079999,0.119999,0.119999,0.119999,0.119999,0.056331
2864.729352,sim,0.080002,0.120002,0.120002,0.120002,0.120002,0.056334
2864.733252,sim,0.079999,0.119999,0.119999,0.119999,0.119999,0.056331
2864.737963,sim,0.080002,0.120002,0.120002,0.120002,0.120002,0.056334
2864.741664,sim,0.079999,0.119999,0.119999,0.119999,0.119999,0.056331
2864.745433,sim,0.089002,0.120002,0.120002,0.120002,0.120002,0.072452
2864.749383,sim,0.089000,0.119999,0.119999,0.119999,0.119999,0.072449
2864.753309,sim,0.089003,0.120002,0.120002,0.120002,0.120002,0.072452
2864.757237,sim,0.089000,0.119999,0.119999,0.119999,0.119999,0.072449
2864.761409,sim,0.089002,0.120001,0.120001,0.120001,0.120001,0.072452
2864.765139,sim,0.129840,0.119999,0.119999,0.119999,0.119999,0.086418
2864.769225,sim,0.129842,0.120002,0.120002,0.120002,0.120002,0.086421
2864.773205,sim,0.129839,0.119999,0.119999,0.119999,0.119999,0.086418
2864.777245,sim,0.129842,0.120001,0.120001,0.120001,0.120001,0.086421
2864.782040,sim,0.129840,0.119999,0.119999,0.119999,0.119999,0.086418
2864.785462,sim,0.129842,0.120002,0.120002,0.120002,0.120002,0.086421
2864.789209,sim,0.177717,0.119999,0.119999,0.119999,0.119999,0.098525
2864.793187,sim,0.177720,0.120002,0.120002,0.120002,0.120002,0.098527
2864.798023,sim,0.177717,0.119999,0.119999,0.119999,0.119999,0.098525
2864.801212,sim,0.177720,0.120002,0.120002,0.120001,0.120001,0.098527
2864.805465,sim,0.177717,0.119999,0.119999,0.119999,0.119999,0.098525
2864.809235,sim,0.228923,0.120001,0.120001,0.120001,0.120002,0.109020
2864.813236,sim,0.228920,0.119999,0.119999,0.119999,0.119999,0.109017
2864.817064,sim,0.228923,0.120001,0.120001,0.120001,0.120001,0.109019
2864.821313,sim,0.228920,0.119999,0.119999,0.119999,0.119999,0.109017
2864.825172,sim,0.228923,0.120002,0.120002,0.120002,0.120001,0.109020
2864.829126,sim,0.284393,0.119999,0.119999,0.119999,0.119999,0.118110
2864.833304,sim,0.284395,0.120002,0.120002,0.120002,0.120002,0.118113
2864.837808,sim,0.284392,0.119999,0.119999,0.119999,0.119999,0.118110
2864.841329,sim,0.284395,0.120002,0.120002,0.120002,0.120002,0.118113
2864.845312,sim,0.284392,0.119999,0.119999,0.119999,0.119999,0.118110
2864.849096,sim,0.342179,0.150429,0.120001,0.120001,0.132093,0.125993
2864.853310,sim,0.342178,0.150429,0.120000,0.120000,0.132092,0.125992
2864.857354,sim,0.342179,0.150429,0.120001,0.120001,0.132093,0.125993
2864.861460,sim,0.342178,0.150428,0.120000,0.120000,0.132092,0.125992
2864.865384,sim,0.342179,0.150430,0.120001,0.120001,0.132093,0.125993
2864.869399,sim,0.403355,0.190013,0.120000,0.120000,0.171347,0.132822
2864.873240,sim,0.403356,0.190014,0.120001,0.120001,0.171348,0.132823
2864.877167,sim,0.403355,0.190013,0.119999,0.119999,0.171347,0.132822
2864.881266,sim,0.403356,0.190014,0.120001,0.120001,0.171348,0.132823
2864.885231,sim,0.403355,0.190013,0.119999,0.119999,0.171347,0.132822
2864.889128,sim,0.466084,0.232642,0.120000,0.122502,0.212304,0.138742
2864.893102,sim,0.466084,0.232642,0.120000,0.122501,0.212304,0.138742
2864.897262,sim,0.466084,0.232642,0.120000,0.122502,0.212304,0.138742
2864.901298,sim,0.466084,0.232642,0.120000,0.122501,0.212304,0.138742
2864.905199,sim,0.466084,0.232642,0.120000,0.122502,0.212304,0.138742
2864.909291,sim,0.530158,0.277909,0.120000,0.157487,0.256121,0.143872
2864.913098,sim,0.530158,0.277909,0.120000,0.157488,0.256122,0.143872
2864.917136,sim,0.530158,0.277909,0.120000,0.157487,0.256121,0.143872
2864.921311,sim,0.530158,0.277909,0.120000,0.157488,0.256122,0.143872
2864.925201,sim,0.530158,0.277909,0.120000,0.157487,0.256122,0.143872
2864.929242,sim,0.595398,0.325463,0.120000,0.196131,0.302419,0.148318
2864.933430,sim,0.595397,0.325462,0.120000,0.196131,0.302419,0.148318
2864.937125,sim,0.595398,0.325463,0.120000,0.196131,0.302419,0.148318
2864.941350,sim,0.595398,0.325462,0.120000,0.196131,0.302419,0.148318
2864.945125,sim,0.595398,0.325463,0.120000,0.196131,0.302419,0.148318
2864.949311,sim,0.653326,0.374998,0.142170,0.236557,0.350866,0.152171
2864.953137,sim,0.653326,0.374998,0.142170,0.236557,0.350866,0.152171
2864.957074,sim,0.653326,0.374998,0.142170,0.236557,0.350866,0.152171
2864.961393,sim,0.653326,0.374998,0.142170,0.236557,0.350866,0.152171
2864.965317,sim,0.653326,0.374998,0.142170,0.236557,0.350866,0.152171
2864.969197,sim,0.703531,0.423476,0.181469,0.281302,0.401175,0.155511
2864.973071,sim,0.703531,0.423476,0.181469,0.281302,0.401175,0.155511
2864.977036,sim,0.703531,0.423476,0.181469,0.281302,0.401175,0.155511
2864.981315,sim,0.703531,0.423476,0.181469,0.281302,0.401175,0.155511
2864.985118,sim,0.703531,0.423476,0.181469,0.281302,0.401175,0.155511
2864.989359,sim,0.747041,0.476587,0.222463,0.328403,0.451711,0.158405
2864.993169,sim,0.747041,0.476587,0.222463,0.328403,0.451711,0.158405
2864.997193,sim,0.747041,0.476587,0.222463,0.328403,0.451711,0.158405
2865.001233,sim,0.747041,0.476587,0.222463,0.328403,0.451711,0.158405
2865.005198,sim,0.747041,0.476587,0.222463,0.328403,0.451711,0.158405
2865.009104,sim,0.784750,0.528164,0.266313,0.376159,0.503831,0.160914
2865.013160,sim,0.784750,0.528164,0.266313,0.376159,0.503831,0.160914
2865.017107,sim,0.784750,0.528164,0.266313,0.376159,0.503831,0.160914
2865.021476,sim,0.784750,0.528164,0.266313,0.376159,0.503831,0.160914
2865.025397,sim,0.784750,0.528164,0.266313,0.376159,0.503831,0.160914
2865.029212,sim,0.817432,0.581187,0.311252,0.424483,0.555937,0.163088
2865.033175,sim,0.817432,0.581187,0.311252,0.424483,0.555937,0.163088
2865.037113,sim,0.817432,0.581187,0.311252,0.424483,0.555937,0.163088
2865.041103,sim,0.817432,0.581187,0.311252,0.424483,0.555937,0.163088
2865.045290,sim,0.817432,0.581187,0.311252,0.424483,0.555937,0.163088
2865.049133,sim,0.845755,0.635462,0.358520,0.474685,0.609418,0.164972
2865.053394,sim,0.845755,0.635462,0.358520,0.474685,0.609418,0.164972
2865.057134,sim,0.845755,0.635462,0.358520,0.474685,0.609418,0.164972
2865.061341,sim,0.845755,0.635462,0.358520,0.474685,0.609418,0.164972
2865.065248,sim,0.845755,0.635462,0.358520,0.474685,0.609418,0.164972
2865.069218,sim,0.870303,0.690822,0.406422,0.526516,0.662703,0.166604
2865.073137,sim,0.870303,0.690822,0.406422,0.526516,0.662703,0.166604
2865.077213,sim,0.870303,0.690822,0.406422,0.526516,0.662703,0.166604
2865.081315,sim,0.870303,0.690822,0.406422,0.526516,0.662703,0.166604
2865.085531,sim,0.870303,0.690822,0.406422,0.526516,0.662703,0.166604
2865.089106,sim,0.891577,0.745736,0.457646,0.578372,0.717205,0.168020
2865.093126,sim,0.891577,0.745736,0.457646,0.578372,0.717205,0.168020
2865.097437,sim,0.891577,0.745736,0.457646,0.578372,0.717205,0.168020
2865.101353,sim,0.891577,0.745736,0.457646,0.578372,0.717205,0.168020
2865.105445,sim,0.891577,0.745736,0.457646,0.578372,0.717205,0.168020
2865.109294,sim,0.910015,0.801651,0.508974,0.631635,0.765827,0.169246
2865.113170,sim,0.910015,0.801651,0.508974,0.631635,0.765827,0.169246
2865.117406,sim,0.910015,0.801651,0.508974,0.631635,0.765827,0.169246
2865.121250,sim,0.910015,0.801651,0.508974,0.631635,0.765827,0.169246
2865.125702,sim,0.910015,0.801651,0.508974,0.631635,0.765827,0.169246
2865.129126,sim,0.925994,0.852884,0.561782,0.686119,0.807967,0.170309
2865.133150,sim,0.925994,0.852884,0.561782,0.686119,0.807967,0.170309
2865.137044,sim,0.925994,0.852884,0.561782,0.686119,0.807967,0.170309
2865.141370,sim,0.925994,0.852884,0.561782,0.686119,0.807967,0.170309
2865.145341,sim,0.925994,0.852884,0.561782,0.686119,0.807967,0.170309
2865.149337,sim,0.939843,0.897286,0.614483,0.741660,0.844488,0.171230
2865.153167,sim,0.939843,0.897286,0.614483,0.741660,0.844488,0.171230
2865.157126,sim,0.939843,0.897286,0.614483,0.741660,0.844488,0.171230
2865.161212,sim,0.939843,0.897286,0.614483,0.741660,0.844488,0.171230
2865.165219,sim,0.939843,0.897286,0.614483,0.741660,0.844488,0.171230
2865.169161,sim,0.951845,0.935768,0.668480,0.796731,0.876139,0.172029
2865.173348,sim,0.951845,0.935768,0.668480,0.796731,0.876139,0.172029
2865.177355,sim,0.951845,0.935768,0.668480,0.796731,0.876139,0.172029
2865.181908,sim,0.951845,0.935768,0.668480,0.796731,0.876139,0.172029
2865.185581,sim,0.951845,0.935768,0.668480,0.796731,0.876139,0.172029
2865.189545,sim,0.962247,0.969119,0.722212,0.847233,0.903570,0.172721
2865.193334,sim,0.962247,0.969119,0.722212,0.847233,0.903570,0.172721
2865.197328,sim,0.962247,0.969119,0.722212,0.847233,0.903570,0.172721
2865.202030,sim,0.962247,0.969119,0.722212,0.847233,0.903570,0.172721
2865.205238,sim,0.962247,0.969119,0.722212,0.847233,0.903570,0.172721
2865.209400,sim,0.962247,0.969119,0.722212,0.847233,0.903570,0.172721
2865.213131,sim,0.971262,0.998023,0.778489,0.891001,0.927344,0.173320
2865.217105,sim,0.971262,0.998023,0.778489,0.891001,0.927344,0.173320
2865.221219,sim,0.971262,0.998023,0.778489,0.891001,0.927344,0.173320
2865.225202,sim,0.971262,0.998023,0.778489,0.891001,0.927344,0.173320
2865.229136,sim,0.979074,0.999999,0.834196,0.928933,0.947946,0.173838
2865.233055,sim,0.979074,0.999999,0.834196,0.928933,0.947947,0.173839
2865.237160,sim,0.979075,1.000000,0.834197,0.928934,0.947948,0.173840
2865.241373,sim,0.979074,0.999999,0.834196,0.928933,0.947947,0.173839
2865.245185,sim,0.979077,1.000002,0.834199,0.928936,0.947950,0.173842
2865.249199,sim,0.979078,1.000003,0.834200,0.928937,0.947951,0.173843
2865.253260,sim,0.985848,1.000002,0.883866,0.961811,0.965806,0.174292
2865.257126,sim,0.985848,1.000002,0.883866,0.961811,0.965806,0.174292
2865.261209,sim,0.985848,1.000002,0.883866,0.961811,0.965806,0.174292
2865.265263,sim,0.985848,1.000002,0.883866,0.961811,0.965806,0.174292
2865.269857,sim,0.991717,1.000002,0.926912,0.990303,0.981282,0.174683
2865.273180,sim,0.991717,1.000002,0.926912,0.990303,0.981282,0.174683
2865.277138,sim,0.991717,1.000002,0.926912,0.990302,0.981282,0.174682
2865.281205,sim,0.991717,1.000002,0.926912,0.990303,0.981282,0.174682
2865.285398,sim,0.991717,1.000002,0.926912,0.990303,0.981282,0.174682
2865.289185,sim,0.996803,1.000002,0.964218,1.000002,0.994694,0.175021
2865.293224,sim,0.996802,1.000001,0.964217,1.000001,0.994693,0.175020
2865.297205,sim,0.996801,1.000000,0.964216,1.000000,0.994692,0.175019
2865.302034,sim,0.996798,0.999997,0.964213,0.999997,0.994689,0.175016
2865.305261,sim,0.996804,1.000003,0.964219,1.000003,0.994695,0.175022
2865.309646,sim,0.996800,0.999999,0.964215,0.999999,0.994691,0.175018
2865.313281,sim,1.000002,1.000002,0.996549,1.000002,1.000002,0.175314
2865.318432,sim,0.999995,0.999995,0.996543,0.999995,0.999995,0.175308
2865.321503,sim,1.000000,1.000000,0.996547,1.000000,1.000000,0.175312
2865.325257,sim,0.999997,0.999997,0.996545,0.999997,0.999997,0.175309
2865.329361,sim,0.999999,0.999999,0.996547,0.999999,0.999999,0.175311
2865.333440,sim,0.999997,0.999997,0.999997,0.999997,0.999997,0.175564
2865.337341,sim,1.000000,1.000000,1.000000,1.000000,1.000000,0.175566
2865.341231,sim,0.999996,0.999996,0.999996,0.999996,0.999996,0.175562
2865.345085,sim,1.000000,1.000000,1.000000,1.000000,1.000000,0.175566
2865.349225,sim,0.999995,0.999995,0.999995,0.999995,0.999995,0.175561
2865.353245,sim,1.000001,1.000001,1.000001,1.000001,1.000001,0.175788
2865.357226,sim,0.999996,0.999996,0.999996,0.999996,0.999996,0.175782
2865.361275,sim,1.000000,1.000000,1.000000,1.000000,1.000000,0.175787
2865.365516,sim,0.999994,0.999994,0.999994,0.999994,0.999994,0.175780
2865.369260,sim,1.000002,1.000002,1.000002,1.000002,1.000002,0.175789
2865.373168,sim,0.999996,0.999996,0.999996,0.999996,0.999996,0.175973
2865.377174,sim,1.000000,1.000000,1.000000,1.000000,1.000000,0.175977
2865.381382,sim,0.999994,0.999994,0.999994,0.999994,0.999994,0.175972
2865.385154,sim,1.000001,1.000001,1.000001,1.000001,1.000001,0.175979
2865.389257,sim,0.999996,0.999996,0.999996,0.999996,0.999996,0.175973
2865.393179,sim,1.000000,1.000000,1.000000,1.000000,1.000000,0.176143
2865.397353,sim,0.999994,0.999994,0.999994,0.999994,0.999994,0.176137
2865.401430,sim,1.000001,1.000001,1.000001,1.000001,1.000001,0.176144
2865.405270,sim,0.999996,0.999996,0.999996,0.999996,0.999996,0.176139
2865.409185,sim,1.000000,1.000000,1.000000,1.000000,1.000000,0.176143
2865.413664,sim,0.999994,0.999994,0.999994,0.999994,0.999994,0.176281
2865.417468,sim,1.000001,1.000001,1.000001,1.000001,1.000001,0.176287
2865.421572,sim,0.999996,0.999996,0.999996,0.999996,0.999996,0.176282
2865.425167,sim,1.000001,1.000001,1.000001,1.000001,1.000001,0.176287
2865.429230,sim,0.999995,0.999995,0.999995,0.999995,0.999995,0.176281
2865.433426,sim,1.000002,1.000002,1.000002,1.000002,1.000002,0.176288
2865.437138,sim,0.999996,0.999996,0.999996,0.999996,0.999996,0.176406
2865.441236,sim,1.000000,1.000000,1.000000,1.000000,1.000000,0.176411
2865.445182,sim,0.999994,0.999994,0.999994,0.999994,0.999994,0.176512
2865.449176,sim,1.000001,1.000001,1.000001,1.000001,1.000001,0.176627
2865.453190,sim,0.999995,0.999995,0.999995,0.999995,0.999995,0.176729
2865.457183,sim,1.000000,1.000000,1.000000,1.000000,1.000000,0.176842
2865.461281,sim,0.999994,0.999994,0.999994,0.999994,0.999994,0.176943
2865.465337,sim,1.000002,1.000002,1.000002,1.000002,1.000002,0.177058
2865.469265,sim,0.999995,0.999995,0.999995,0.999995,0.999995,0.177160
2865.473182,sim,1.000001,1.000001,1.000001,1.000001,1.000001,0.177219
2865.477294,sim,0.999994,0.999994,0.999994,0.999994,0.999994,0.177212
2865.481435,sim,1.000002,1.000002,1.000002,1.000002,1.000002,0.177220
2865.485150,sim,0.999995,0.999995,0.999995,0.999995,0.999995,0.177214
2865.489241,sim,1.000001,1.000001,1.000001,1.000001,1.000001,0.177219
2865.493547,sim,0.999995,0.999995,0.999995,0.999995,0.999995,0.177213
2865.497290,sim,1.000001,1.000001,1.000001,1.000001,1.000001,0.177219
2865.501327,sim,0.999995,0.999995,0.999995,0.999995,0.999995,0.177213
2865.505100,sim,1.000001,1.000001,1.000001,1.000001,1.000001,0.177219
2865.509345,sim,0.999994,0.999994,0.999994,0.999994,0.999994,0.177212
2865.513256,sim,1.000002,1.000002,1.000002,1.000002,1.000002,0.177220
2865.517237,sim,0.999996,0.999996,0.999996,0.999996,0.999996,0.177214
2865.521258,sim,1.000000,1.000000,1.000000,1.000000,1.000000,0.177218
2865.525484,sim,0.999995,0.999995,0.999995,0.999995,0.999995,0.177213
2865.529531,sim,1.000001,1.000001,1.000001,1.000001,1.000001,0.177219
2865.533218,sim,0.999995,0.999995,0.999995,0.999995,0.999995,0.177213
2865.537211,sim,1.000001,1.000001,1.000001,1.000001,1.000001,0.177219
2865.541297,sim,0.999994,0.999994,0.999994,0.999994,0.999994,0.177212
2865.545240,sim,1.000002,1.000002,1.000002,1.000002,1.000002,0.177220
2865.549286,sim,0.999995,0.999995,0.999995,0.999995,0.999995,0.177213
2865.553269,sim,1.000001,1.000001,1.000001,1.000001,1.000001,0.177219
2865.557497,sim,0.999994,0.999994,0.999994,0.999994,0.999994,0.177212
2865.561476,sim,1.000002,1.000002,1.000002,1.000002,1.000002,0.177220
2865.565322,sim,0.999996,0.999996,0.999996,0.999996,0.999996,0.177214
2865.569641,sim,1.000000,1.000000,1.000000,1.000000,1.000000,0.177218
2865.573303,sim,0.999994,0.999994,0.999994,0.999994,0.999994,0.177212
2865.577367,sim,1.000002,1.000002,1.000002,1.000002,1.000002,0.177220
2865.581392,sim,0.999995,0.999995,0.999995,0.999995,0.999995,0.177213
2865.585250,sim,1.000001,1.000001,1.000001,1.000001,1.000001,0.177219
2865.589352,sim,0.999995,0.999995,0.999995,0.999995,0.999995,0.177213
2865.593399,sim,0.971251,1.000004,1.000004,1.000004,1.000004,0.176148
2865.597324,sim,0.971241,0.999994,0.999994,0.999994,0.999994,0.176138
2865.601474,sim,0.971250,1.000003,1.000003,1.000003,1.000003,0.176147
2865.605381,sim,0.971241,0.999994,0.999994,0.999994,0.999994,0.176138
2865.609302,sim,0.971251,1.000003,1.000003,1.000003,1.000003,0.176147
2865.613345,sim,0.936059,0.999994,0.999994,0.999994,0.999994,0.173059
2865.617319,sim,0.936068,1.000003,1.000003,1.000003,1.000003,0.173068
2865.621332,sim,0.936059,0.999994,0.999994,0.999994,0.999994,0.173059
2865.625332,sim,0.936068,1.000003,1.000003,1.000003,1.000003,0.173068
2865.629338,sim,0.936059,0.999994,0.999994,0.999994,0.999994,0.173059
2865.633316,sim,0.893095,1.000005,1.000005,1.000005,0.985460,0.163957
2865.637554,sim,0.893087,0.999997,0.999997,0.999997,0.985452,0.163949
2865.641696,sim,0.893093,1.000003,1.000003,1.000003,0.985458,0.163955
2865.645395,sim,0.893087,0.999997,0.999997,0.999997,0.985452,0.163949
2865.649459,sim,0.893093,1.000003,1.000003,1.000003,0.985458,0.163955
2865.653386,sim,0.846133,0.999996,0.999996,0.999996,0.951149,0.146385
2865.657435,sim,0.846139,1.000003,1.000003,1.000003,0.951155,0.146391
2865.661386,sim,0.846133,0.999997,0.999997,0.999997,0.951149,0.146385
2865.665213,sim,0.846139,1.000002,1.000002,1.000002,0.951155,0.146391
2865.669473,sim,0.846133,0.999997,0.999997,0.999997,0.951149,0.146385
2865.673336,sim,0.794348,0.990900,1.000001,1.000001,0.913102,0.126871
2865.677233,sim,0.794344,0.990895,0.999997,0.999997,0.913098,0.126867
2865.681649,sim,0.794348,0.990900,1.000001,1.000001,0.913102,0.126871
2865.685589,sim,0.794343,0.990895,0.999996,0.999996,0.913097,0.126866
2865.689339,sim,0.794349,0.990901,1.000002,1.000002,0.913103,0.126872
2865.693324,sim,0.738365,0.947546,0.999998,0.966673,0.873186,0.109952
2865.697234,sim,0.738368,0.947549,1.000001,0.966676,0.873189,0.109955
2865.701376,sim,0.738365,0.947546,0.999998,0.966673,0.873186,0.109952
2865.705280,sim,0.738368,0.947549,1.000001,0.966676,0.873189,0.109955
2865.709287,sim,0.738365,0.947546,0.999998,0.966673,0.873186,0.109952
2865.713548,sim,0.678755,0.901656,0.963950,0.927942,0.830276,0.095294
2865.717502,sim,0.678754,0.901655,0.963949,0.927941,0.830275,0.095293
2865.721508,sim,0.678754,0.901655,0.963949,0.927941,0.830275,0.095293
2865.725368,sim,0.678754,0.901655,0.963949,0.927941,0.830275,0.095293
2865.729312,sim,0.678754,0.901655,0.963949,0.927941,0.830275,0.095293
2865.733657,sim,0.678754,0.901655,0.963949,0.927941,0.830275,0.095293
2865.737524,sim,0.613220,0.850785,0.921418,0.884663,0.783374,0.082588
2865.742134,sim,0.613220,0.850785,0.921418,0.884663,0.783374,0.082588
2865.745577,sim,0.613220,0.850785,0.921418,0.884663,0.783374,0.082588
2865.749567,sim,0.613220,0.850785,0.921418,0.884663,0.783374,0.082588
2865.753577,sim,0.548102,0.801150,0.879009,0.842993,0.737179,0.071576
2865.757408,sim,0.548102,0.801150,0.879009,0.842993,0.737179,0.071576
2865.761350,sim,0.548102,0.801150,0.879009,0.842993,0.737179,0.071576
2865.765383,sim,0.548102,0.801150,0.879009,0.842993,0.737179,0.071576
2865.769331,sim,0.548102,0.801150,0.879009,0.842993,0.737179,0.071576
2865.773363,sim,0.479182,0.751198,0.835320,0.798558,0.688821,0.062032
2865.777419,sim,0.479182,0.751198,0.835320,0.798558,0.688821,0.062032
2865.781593,sim,0.479182,0.751198,0.835320,0.798558,0.688821,0.062032
2865.785441,sim,0.479182,0.751198,0.835320,0.798558,0.688821,0.062032
2865.789456,sim,0.479182,0.751198,0.835320,0.798558,0.688821,0.062032
2865.793300,sim,0.479182,0.751198,0.835320,0.798558,0.688821,0.062032
2865.797417,sim,0.415291,0.695423,0.790521,0.750338,0.637202,0.053761
2865.801478,sim,0.415291,0.695423,0.790521,0.750338,0.637202,0.053761
2865.805679,sim,0.415291,0.695423,0.790521,0.750338,0.637202,0.053761
2865.809325,sim,0.415291,0.695423,0.790521,0.750338,0.637202,0.053761
2865.813407,sim,0.415291,0.695423,0.790521,0.750338,0.637202,0.053761
2865.817427,sim,0.359919,0.638762,0.741986,0.704387,0.584143,0.046593
2865.821480,sim,0.359919,0.638762,0.741986,0.704387,0.584143,0.046593
2865.825242,sim,0.359919,0.638762,0.741986,0.704387,0.584143,0.046593
2865.829272,sim,0.359919,0.638762,0.741986,0.704387,0.584143,0.046593
2865.833373,sim,0.359919,0.638762,0.741986,0.704387,0.584143,0.046593
2865.837601,sim,0.311930,0.581334,0.692987,0.654853,0.533998,0.040381
2865.841387,sim,0.311930,0.581334,0.692987,0.654853,0.533998,0.040381
2865.845378,sim,0.311930,0.581334,0.692987,0.654853,0.533998,0.040381
2865.849440,sim,0.311930,0.581334,0.692987,0.654853,0.533998,0.040381
2865.853719,sim,0.311930,0.581334,0.692987,0.654853,0.533998,0.040381
2865.857345,sim,0.270339,0.524628,0.643586,0.606376,0.479442,0.034997
2865.861889,sim,0.270339,0.524628,0.643586,0.606376,0.479442,0.034997
2865.865508,sim,0.270339,0.524628,0.643586,0.606376,0.479442,0.034997
2865.869575,sim,0.270339,0.524628,0.643586,0.606376,0.479442,0.034997
2865.873696,sim,0.234294,0.467161,0.595224,0.557427,0.426613,0.030330
2865.877439,sim,0.234294,0.467161,0.595224,0.557427,0.426613,0.030330
2865.881748,sim,0.234294,0.467161,0.595224,0.557427,0.426613,0.030330
2865.885393,sim,0.234294,0.467161,0.595224,0.557427,0.426613,0.030330
2865.889296,sim,0.234294,0.467161,0.595224,0.557427,0.426613,0.030330
2865.893438,sim,0.234294,0.467161,0.595224,0.557427,0.426613,0.030330
2865.897411,sim,0.203055,0.406260,0.544988,0.508070,0.371118,0.026286
2865.901712,sim,0.203055,0.406260,0.544988,0.508070,0.371118,0.026286
2865.905347,sim,0.203055,0.406260,0.544988,0.508070,0.371118,0.026286
2865.909417,sim,0.203055,0.406260,0.544988,0.508070,0.371118,0.026286
2865.913428,sim,0.203055,0.406260,0.544988,0.508070,0.371118,0.026286
2865.917428,sim,0.175981,0.352092,0.493128,0.458358,0.321636,0.022782
2865.921386,sim,0.175981,0.352092,0.493128,0.458358,0.321636,0.022782
2865.925340,sim,0.175981,0.352092,0.493128,0.458358,0.321636,0.022782
2865.929327,sim,0.175981,0.352092,0.493128,0.458358,0.321636,0.022782
2865.933963,sim,0.175981,0.352092,0.493128,0.458358,0.321636,0.022782
2865.937349,sim,0.152517,0.305146,0.441248,0.406953,0.278751,0.019744
2865.941481,sim,0.152517,0.305146,0.441248,0.406953,0.278751,0.019744
2865.945457,sim,0.152517,0.305146,0.441248,0.406953,0.278751,0.019744
2865.949370,sim,0.152517,0.305146,0.441248,0.406953,0.278751,0.019744
2865.953516,sim,0.152517,0.305146,0.441248,0.406953,0.278751,0.019744
2865.957755,sim,0.132181,0.264460,0.389350,0.355467,0.241584,0.017111
2865.962224,sim,0.132181,0.264460,0.389350,0.355467,0.241584,0.017111
2865.965819,sim,0.132181,0.264460,0.389350,0.355467,0.241584,0.017111
2865.969738,sim,0.132181,0.264460,0.389350,0.355467,0.241584,0.017111
2865.973785,sim,0.114557,0.229199,0.338824,0.308071,0.209373,0.014830
2865.977442,sim,0.114557,0.229199,0.338824,0.308071,0.209373,0.014830
2865.981687,sim,0.114557,0.229199,0.338824,0.308071,0.209373,0.014830
2865.985844,sim,0.114557,0.229199,0.338824,0.308071,0.209373,0.014830
2865.989313,sim,0.114557,0.229199,0.338824,0.308071,0.209373,0.014830
2865.993806,sim,0.114557,0.229199,0.338824,0.308071,0.209373,0.014830
2865.997470,sim,0.099283,0.198639,0.293647,0.266995,0.181456,0.012853
2866.001727,sim,0.099283,0.198639,0.293647,0.266995,0.181456,0.012853
2866.005438,sim,0.099283,0.198639,0.293647,0.266995,0.181456,0.012853
2866.009366,sim,0.099283,0.198639,0.293647,0.266995,0.181456,0.012853
2866.013405,sim,0.099283,0.198639,0.293647,0.266995,0.181456,0.012853
2866.017404,sim,0.099283,0.198639,0.293647,0.266995,0.181456,0.012853
2866.021494,sim,0.086045,0.172154,0.254494,0.231396,0.157262,0.011139
2866.025457,sim,0.086045,0.172154,0.254494,0.231396,0.157262,0.011139
2866.029491,sim,0.086045,0.172154,0.254494,0.231396,0.157262,0.011139
2866.033378,sim,0.086045,0.172154,0.254494,0.231396,0.157262,0.011139
2866.037387,sim,0.086045,0.172154,0.254494,0.231396,0.157262,0.011139
2866.041552,sim,0.080000,0.149200,0.220562,0.200543,0.136294,0.009654
2866.045394,sim,0.080000,0.149200,0.220562,0.200543,0.136294,0.009654
2866.049383,sim,0.080000,0.149200,0.220561,0.200543,0.136294,0.009654
2866.053468,sim,0.080000,0.149200,0.220562,0.200543,0.136294,0.009654
2866.057692,sim,0.080000,0.129306,0.191153,0.173804,0.120000,0.008366
2866.061491,sim,0.080000,0.129307,0.191154,0.173804,0.120000,0.008367
2866.065370,sim,0.080000,0.129306,0.191153,0.173804,0.120000,0.008366
2866.069380,sim,0.080001,0.129307,0.191154,0.173805,0.120001,0.008367
2866.073352,sim,0.080000,0.129306,0.191153,0.173803,0.120000,0.008366
2866.077292,sim,0.080001,0.129307,0.191154,0.173805,0.120001,0.008367
2866.081492,sim,0.080000,0.120000,0.165666,0.150630,0.120000,0.007251
2866.085382,sim,0.080001,0.120001,0.165667,0.150631,0.120001,0.007252
2866.089520,sim,0.079999,0.119999,0.165666,0.150629,0.119999,0.007250
2866.093390,sim,0.080001,0.120001,0.165668,0.150631,0.120001,0.007252
2866.097462,sim,0.079999,0.119999,0.143577,0.130545,0.119999,0.006283
2866.101620,sim,0.080001,0.120001,0.143579,0.130547,0.120001,0.006285
2866.105422,sim,0.079999,0.119999,0.143577,0.130545,0.119999,0.006283
2866.109397,sim,0.080001,0.120001,0.143579,0.130547,0.120001,0.006285
2866.113267,sim,0.079999,0.119999,0.143577,0.130545,0.119999,0.006284
2866.117688,sim,0.080001,0.120001,0.143579,0.130547,0.120001,0.006285
2866.121490,sim,0.079999,0.119999,0.124433,0.119999,0.119999,0.005446
2866.125379,sim,0.080001,0.120001,0.124435,0.120001,0.120001,0.005448
2866.129267,sim,0.079999,0.119999,0.124433,0.119999,0.119999,0.005445
2866.133243,sim,0.080002,0.120002,0.124436,0.120002,0.120002,0.005448
2866.137631,sim,0.079999,0.119999,0.124433,0.119999,0.119999,0.005445
2866.141623,sim,0.080001,0.120001,0.120001,0.120001,0.120001,0.004722
2866.145378,sim,0.079999,0.119999,0.119999,0.119999,0.119999,0.004719
2866.149359,sim,0.080002,0.120002,0.120002,0.120002,0.120002,0.004722
2866.153340,sim,0.079999,0.119999,0.119999,0.119999,0.119999,0.004719
2866.157618,sim,0.080002,0.120002,0.120002,0.120002,0.120002,0.004722
2866.161361,sim,0.079999,0.119999,0.119999,0.119999,0.119999,0.004089
2866.165391,sim,0.080002,0.120002,0.120002,0.120002,0.120002,0.004093
2866.169309,sim,0.079999,0.119999,0.119999,0.119999,0.119999,0.004089
2866.173285,sim,0.080002,0.120002,0.120002,0.120002,0.120002,0.004093
2866.177363,sim,0.079999,0.119999,0.119999,0.119999,0.119999,0.004089
2866.182073,sim,0.080002,0.120002,0.120002,0.120002,0.120002,0.003547
2866.185380,sim,0.079999,0.119999,0.119999,0.119999,0.119999,0.003544
2866.189514,sim,0.080002,0.120002,0.120002,0.120002,0.120002,0.003547
2866.193422,sim,0.079999,0.119999,0.119999,0.119999,0.119999,0.003071
2866.197454,sim,0.080002,0.120002,0.120002,0.120002,0.120002,0.002602
2866.201559,sim,0.079999,0.119999,0.119999,0.119999,0.119999,0.002126
2866.205380,sim,0.080002,0.120002,0.120002,0.120002,0.120002,0.001657
2866.209310,sim,0.079999,0.119999,0.119999,0.119999,0.119999,0.001180
2866.213372,sim,0.080002,0.120002,0.120002,0.120002,0.120002,0.000711
2866.217387,sim,0.079999,0.119999,0.119999,0.119999,0.119999,0.000235
2866.221394,sim,0.080002,0.120002,0.120002,0.120002,0.120002,0.000022
2866.225276,sim,0.079999,0.119999,0.119999,0.119999,0.119999,-0.000014
2866.229301,sim,0.080002,0.120002,0.120002,0.120002,0.120002,0.000023
2866.233339,sim,0.079998,0.119998,0.119998,0.119998,0.119998,-0.000015
2866.237294,sim,0.080002,0.120002,0.120002,0.120002,0.120002,0.000022
2866.241335,sim,0.079999,0.119999,0.119999,0.119999,0.119999,-0.000014
2866.245348,sim,0.080002,0.120002,0.120002,0.120002,0.120002,0.000022
2866.249313,sim,0.079999,0.119999,0.119999,0.119999,0.119999,-0.000014
2866.253336,sim,0.080002,0.120002,0.120002,0.120002,0.120002,0.000024
2866.257349,sim,0.079999,0.119999,0.119999,0.119999,0.119999,-0.000015
2866.261377,sim,0.080002,0.120002,0.120002,0.120002,0.120002,0.000023
2866.265350,sim,0.079999,0.119999,0.119999,0.119999,0.119999,-0.000015
2866.269213,sim,0.080002,0.120002,0.120002,0.120002,0.120002,0.000022
2866.273283,sim,0.079999,0.119999,0.119999,0.119999,0.119999,-0.000014
2866.277290,sim,0.080002,0.120002,0.120002,0.120002,0.120002,0.000023
2866.281585,sim,0.079999,0.119999,0.119999,0.119999,0.119999,-0.000015
2866.285254,sim,0.080002,0.120002,0.120002,0.120002,0.120002,0.000023
2866.289336,sim,0.079999,0.119999,0.119999,0.119999,0.119999,-0.000015
2866.293323,sim,0.080002,0.120002,0.120002,0.120002,0.120002,0.000022
2866.297268,sim,0.079999,0.119999,0.119999,0.119999,0.119999,-0.000014
2866.301363,sim,0.080002,0.120002,0.120002,0.120002,0.120002,0.000024
2866.306240,sim,0.079998,0.119998,0.119998,0.119998,0.119998,-0.000015
2866.309535,sim,0.080002,0.120002,0.120002,0.120002,0.120002,0.000023
2866.313666,sim,0.079999,0.119999,0.119999,0.119999,0.119999,-0.000014
2866.317715,sim,0.080002,0.120002,0.120002,0.120002,0.120002,0.000024
2866.321429,sim,0.079999,0.119999,0.119999,0.119999,0.119999,-0.000015
2866.325529,sim,0.080002,0.120002,0.120002,0.120002,0.120002,0.000022
2866.329473,sim,0.079999,0.119999,0.119999,0.119999,0.119999,-0.000014
2866.333440,sim,0.080002,0.120002,0.120002,0.120002,0.120002,0.000022
2866.337298,sim,0.079999,0.119999,0.119999,0.119999,0.119999,-0.000015
2866.341461,sim,0.080002,0.120002,0.120002,0.120002,0.120002,0.000021
2866.345316,sim,0.079999,0.119999,0.119999,0.119999,0.119999,-0.000014
2866.349304,sim,0.080002,0.120002,0.120002,0.120002,0.120002,0.000021
2866.353501,sim,0.079999,0.119999,0.119999,0.119999,0.119999,-0.000014
2866.357325,sim,0.080002,0.120002,0.120002,0.120002,0.120002,0.000022
2866.361533,sim,0.079998,0.119998,0.119998,0.119998,0.119998,-0.000014
2866.365444,sim,0.080002,0.120002,0.120002,0.120002,0.120002,0.000022
2866.369260,sim,0.079999,0.119999,0.119999,0.119999,0.119999,-0.000014
2866.373573,sim,0.080002,0.120002,0.120002,0.120002,0.120002,0.000023
2866.377435,sim,0.079999,0.119999,0.119999,0.119999,0.119999,-0.000015
2866.381580,sim,0.080002,0.120002,0.120002,0.120002,0.120002,0.000023
2866.385251,sim,0.079999,0.119999,0.119999,0.119999,0.119999,-0.000015
2866.389306,sim,0.080002,0.120002,0.120002,0.120002,0.120002,0.000022
2866.393296,sim,0.079999,0.119999,0.119999,0.119999,0.119999,-0.000014
2866.397342,sim,0.080002,0.120002,0.120002,0.120002,0.120002,0.000024
2866.401479,sim,0.079999,0.119999,0.119999,0.119999,0.119999,-0.000015
2866.405437,sim,0.080002,0.120002,0.120002,0.120002,0.120002,0.000022
2866.409472,sim,0.079999,0.119999,0.119999,0.119999,0.119999,-0.000014
2866.413654,sim,0.080002,0.120002,0.120002,0.120002,0.120002,0.000022
2866.417704,sim,0.079999,0.119999,0.119999,0.119999,0.119999,-0.000014
2866.421539,sim,0.080002,0.120002,0.120002,0.120002,0.120002,0.000024
2866.425504,sim,0.079998,0.119998,0.119998,0.119998,0.119998,-0.000015
2866.429324,sim,0.080002,0.120002,0.120002,0.120002,0.120002,0.000024
2866.433234,sim,0.079998,0.119998,0.119998,0.119998,0.119998,-0.000015
2866.437372,sim,0.080002,0.120002,0.120002,0.120002,0.120002,0.000022
2866.441508,sim,0.079998,0.119998,0.119998,0.119998,0.119998,-0.000015
2866.445361,sim,0.080002,0.120002,0.120002,0.120002,0.120002,0.000023
2866.449320,sim,0.079999,0.119999,0.119999,0.119999,0.119999,-0.000015
2866.453311,sim,0.080002,0.120002,0.120002,0.120002,0.120002,0.000022
2866.457346,sim,0.079999,0.119999,0.119999,0.119999,0.119999,-0.000014
2866.461522,sim,0.080002,0.120002,0.120002,0.120002,0.120002,0.000022
2866.465434,sim,0.079999,0.119999,0.119999,0.119999,0.119999,0.004275
2866.469357,sim,0.080002,0.120002,0.120002,0.120002,0.120002,0.004298
2866.473291,sim,0.079999,0.119999,0.119999,0.119999,0.119999,0.004295
2866.477254,sim,0.080002,0.120002,0.120002,0.120002,0.120002,0.004298
2866.481677,sim,0.079999,0.119999,0.119999,0.119999,0.119999,0.004295
2866.485435,sim,0.080002,0.120002,0.120002,0.120002,0.120002,0.016614
2866.489333,sim,0.079999,0.119999,0.119999,0.119999,0.119999,0.016610
2866.493277,sim,0.080002,0.120002,0.120002,0.120002,0.120002,0.016614
2866.497279,sim,0.079999,0.119999,0.119999,0.119999,0.119999,0.016611
2866.501828,sim,0.080002,0.120002,0.120002,0.120002,0.120002,0.016614
2866.505354,sim,0.079999,0.119999,0.119999,0.119999,0.119999,0.035877
2866.509280,sim,0.080002,0.120002,0.120002,0.120002,0.120002,0.035880
2866.513237,sim,0.079999,0.119999,0.119999,0.119999,0.119999,0.035877
2866.517361,sim,0.080002,0.120002,0.120002,0.120002,0.120002,0.035880
2866.521433,sim,0.079999,0.119999,0.119999,0.119999,0.119999,0.035877
2866.525308,sim,0.080002,0.120002,0.120002,0.120002,0.120002,0.054725
2866.529321,sim,0.079999,0.119999,0.119999,0.119999,0.119999,0.054722
2866.533465,sim,0.080002,0.120002,0.120002,0.120002,0.120002,0.054725
2866.537425,sim,0.079999,0.119999,0.119999,0.119999,0.119999,0.054722
2866.541835,sim,0.095257,0.120001,0.120001,0.120001,0.120001,0.071057
2866.545421,sim,0.095254,0.119999,0.119999,0.119999,0.119999,0.071055
2866.549469,sim,0.095257,0.120002,0.120002,0.120002,0.120002,0.071058
2866.553389,sim,0.095254,0.119999,0.119999,0.119999,0.119999,0.071055
2866.557381,sim,0.095257,0.120001,0.120001,0.120001,0.120001,0.071057
2866.561466,sim,0.095254,0.119999,0.119999,0.119999,0.119999,0.071055
2866.565494,sim,0.138037,0.120002,0.120002,0.120002,0.120002,0.085213
2866.569339,sim,0.138034,0.119999,0.119999,0.119999,0.119999,0.085210
2866.573315,sim,0.138037,0.120001,0.120001,0.120001,0.120001,0.085212
2866.577283,sim,0.138034,0.119999,0.119999,0.119999,0.119999,0.085210
2866.581705,sim,0.138037,0.120002,0.120002,0.120002,0.120002,0.085212
2866.585364,sim,0.184819,0.119999,0.119999,0.119999,0.119999,0.097477
2866.589293,sim,0.184822,0.120001,0.120001,0.120001,0.120001,0.097480
2866.593421,sim,0.184819,0.119999,0.119999,0.119999,0.119999,0.097477
2866.597424,sim,0.184822,0.120001,0.120001,0.120001,0.120001,0.097480
2866.601703,sim,0.184819,0.119999,0.119999,0.119999,0.119999,0.097477
2866.605384,sim,0.236465,0.120001,0.120001,0.120001,0.120001,0.108112
2866.609283,sim,0.236462,0.119999,0.119999,0.119999,0.119999,0.108109
2866.613479,sim,0.236465,0.120001,0.120001,0.120001,0.120001,0.108112
2866.617380,sim,0.236463,0.119999,0.119999,0.119999,0.119999,0.108109
2866.621534,sim,0.236465,0.120001,0.120001,0.120001,0.120001,0.108112
2866.625650,sim,0.290929,0.119999,0.119999,0.119999,0.119999,0.117324
2866.629428,sim,0.290932,0.120001,0.120001,0.120001,0.120001,0.117326
2866.633399,sim,0.290929,0.119999,0.119999,0.119999,0.119999,0.117324
2866.637393,sim,0.290932,0.120002,0.120002,0.120002,0.120002,0.117326
2866.641469,sim,0.290929,0.119999,0.119999,0.119999,0.119999,0.117324
2866.645456,sim,0.349232,0.120001,0.120001,0.120001,0.120001,0.125312
2866.649410,sim,0.349229,0.119999,0.119999,0.119999,0.119999,0.125309
2866.653340,sim,0.349232,0.120001,0.120001,0.120001,0.120001,0.125312
2866.657355,sim,0.349230,0.119999,0.119999,0.119999,0.119999,0.125309
2866.661528,sim,0.349232,0.120002,0.120002,0.120001,0.120001,0.125312
2866.665432,sim,0.408079,0.119999,0.119999,0.119999,0.119999,0.132230
2866.669374,sim,0.408081,0.120001,0.120001,0.120001,0.120001,0.132233
2866.673264,sim,0.408079,0.119999,0.119999,0.119999,0.119999,0.132230
2866.677422,sim,0.408081,0.120001,0.120001,0.120001,0.120001,0.132233
2866.681847,sim,0.408079,0.119999,0.119999,0.119999,0.119999,0.132231
2866.685460,sim,0.470179,0.127334,0.120001,0.120001,0.124188,0.138231
2866.689396,sim,0.470178,0.127333,0.120000,0.120000,0.124186,0.138229
2866.693366,sim,0.470179,0.127334,0.120000,0.120000,0.124187,0.138230
2866.697327,sim,0.470178,0.127334,0.120000,0.120000,0.124187,0.138230
2866.701683,sim,0.470179,0.127334,0.120001,0.120000,0.124187,0.138230
2866.705276,sim,0.533706,0.165836,0.120000,0.120000,0.160335,0.143428
2866.709372,sim,0.533707,0.165837,0.120001,0.120001,0.160336,0.143429
2866.713335,sim,0.533706,0.165836,0.120000,0.120000,0.160335,0.143428
2866.717458,sim,0.533707,0.165837,0.120001,0.120001,0.160336,0.143429
2866.721600,sim,0.597086,0.204753,0.120000,0.120000,0.197212,0.147933
2866.725434,sim,0.597087,0.204754,0.120001,0.120001,0.197213,0.147934
2866.729372,sim,0.597086,0.204753,0.120000,0.120000,0.197211,0.147933
2866.733406,sim,0.597087,0.204754,0.120001,0.120001,0.197213,0.147934
2866.737299,sim,0.597086,0.204753,0.120000,0.120000,0.197211,0.147933
2866.741488,sim,0.597087,0.204754,0.120001,0.120001,0.197213,0.147934
2866.745363,sim,0.653402,0.249578,0.140353,0.136193,0.240267,0.151838
2866.749488,sim,0.653402,0.249578,0.140353,0.136193,0.240268,0.151838
2866.753379,sim,0.653402,0.249578,0.140353,0.136193,0.240268,0.151838
2866.758119,sim,0.653402,0.249578,0.140353,0.136193,0.240268,0.151838
2866.761728,sim,0.653402,0.249578,0.140353,0.136193,0.240268,0.151838
2866.765595,sim,0.702210,0.293974,0.179894,0.173514,0.285905,0.155222
2866.769562,sim,0.702210,0.293974,0.179894,0.173514,0.285905,0.155222
2866.773440,sim,0.702210,0.293974,0.179894,0.173514,0.285905,0.155222
2866.777481,sim,0.702210,0.293974,0.179894,0.173514,0.285905,0.155222
2866.782243,sim,0.702210,0.293974,0.179894,0.173514,0.285905,0.155222
2866.785630,sim,0.744509,0.342159,0.221098,0.212795,0.332392,0.158155
2866.789401,sim,0.744509,0.342159,0.221098,0.212795,0.332392,0.158155
2866.793345,sim,0.744509,0.342159,0.221098,0.212795,0.332392,0.158155
2866.797442,sim,0.744509,0.342159,0.221098,0.212795,0.332392,0.158155
2866.801563,sim,0.744509,0.342159,0.221098,0.212795,0.332392,0.158155
2866.805430,sim,0.781169,0.390855,0.263743,0.256547,0.381004,0.160697
2866.809376,sim,0.781169,0.390855,0.263743,0.256547,0.381004,0.160697
2866.813438,sim,0.781169,0.390855,0.263743,0.256547,0.381004,0.160697
2866.817536,sim,0.781169,0.390855,0.263743,0.256547,0.381004,0.160697
2866.821547,sim,0.781169,0.390855,0.263743,0.256547,0.381004,0.160697
2866.825357,sim,0.812941,0.441381,0.310411,0.302788,0.430068,0.162900
2866.829313,sim,0.812941,0.441381,0.310411,0.302788,0.430068,0.162900
2866.833283,sim,0.812941,0.441381,0.310411,0.302788,0.430068,0.162900
2866.837342,sim,0.812941,0.441381,0.310411,0.302788,0.430068,0.162900
2866.842644,sim,0.812941,0.441381,0.310411,0.302788,0.430068,0.162900
2866.845480,sim,0.840476,0.494878,0.357792,0.351185,0.480913,0.164809
2866.849404,sim,0.840476,0.494878,0.357792,0.351185,0.480913,0.164809
2866.853372,sim,0.840476,0.494878,0.357792,0.351185,0.480913,0.164809
2866.857543,sim,0.840476,0.494878,0.357792,0.351185,0.480913,0.164809
2866.861652,sim,0.840476,0.494878,0.357792,0.351185,0.480913,0.164809
2866.865595,sim,0.864340,0.548178,0.407178,0.400065,0.531914,0.166463
2866.869498,sim,0.864340,0.548178,0.407178,0.400065,0.531914,0.166463
2866.873610,sim,0.864340,0.548178,0.407178,0.400065,0.531914,0.166463
2866.877530,sim,0.864340,0.548178,0.407178,0.400065,0.531914,0.166463
2866.881622,sim,0.864340,0.548178,0.407178,0.400065,0.531914,0.166463
2866.885471,sim,0.864340,0.548178,0.407178,0.400065,0.531914,0.166463
2866.889404,sim,0.885023,0.604080,0.459688,0.452136,0.585823,0.167897
2866.893273,sim,0.885023,0.604080,0.459688,0.452136,0.585823,0.167897
2866.897315,sim,0.885023,0.604080,0.459688,0.452136,0.585823,0.167897
2866.901506,sim,0.885023,0.604080,0.459688,0.452136,0.585823,0.167897
2866.905636,sim,0.902947,0.658077,0.512131,0.502812,0.639480,0.169140
2866.909520,sim,0.902947,0.658077,0.512131,0.502812,0.639480,0.169140
2866.913245,sim,0.902947,0.658077,0.512131,0.502812,0.639480,0.169140
2866.918202,sim,0.902947,0.658077,0.512131,0.502812,0.639480,0.169140
2866.921470,sim,0.902947,0.658077,0.512131,0.502812,0.639480,0.169140
2866.925445,sim,0.918482,0.713196,0.564518,0.555054,0.692918,0.170217
2866.929293,sim,0.918482,0.713196,0.564518,0.555054,0.692918,0.170217
2866.933508,sim,0.918482,0.713196,0.564518,0.555054,0.692918,0.170217
2866.937925,sim,0.918482,0.713196,0.564518,0.555054,0.692918,0.170217
2866.941519,sim,0.918482,0.713196,0.564518,0.555054,0.692918,0.170217
2866.945320,sim,0.918482,0.713196,0.564518,0.555054,0.692918,0.170217
2866.949366,sim,0.931945,0.770675,0.618241,0.610040,0.746166,0.171151
2866.953296,sim,0.931945,0.770675,0.618241,0.610040,0.746166,0.171151
2866.957263,sim,0.931945,0.770675,0.618241,0.610040,0.746166,0.171151
2866.961538,sim,0.931945,0.770675,0.618241,0.610040,0.746166,0.171151
2866.965561,sim,0.931945,0.770675,0.618241,0.610040,0.746166,0.171151
2866.969594,sim,0.943614,0.826038,0.674511,0.663242,0.792314,0.171960
2866.973368,sim,0.943614,0.826038,0.674511,0.663242,0.792314,0.171960
2866.977399,sim,0.943614,0.826038,0.674511,0.663242,0.792314,0.171960
2866.981572,sim,0.943614,0.826038,0.674511,0.663242,0.792314,0.171960
2866.985539,sim,0.943614,0.826038,0.674511,0.663242,0.792314,0.171960
2866.989447,sim,0.953726,0.874020,0.730213,0.720446,0.832308,0.172661
2866.993452,sim,0.953726,0.874020,0.730213,0.720446,0.832308,0.172661
2866.997766,sim,0.953726,0.874020,0.730213,0.720446,0.832308,0.172661
2867.001718,sim,0.953726,0.874020,0.730213,0.720446,0.832308,0.172661
2867.005521,sim,0.962490,0.915604,0.784036,0.775571,0.866971,0.173268
2867.009461,sim,0.962490,0.915604,0.784036,0.775571,0.866971,0.173268
2867.013493,sim,0.962490,0.915604,0.784036,0.775571,0.866971,0.173268
2867.017363,sim,0.962490,0.915604,0.784036,0.775571,0.866971,0.173268
2867.021577,sim,0.962490,0.915604,0.784036,0.775571,0.866971,0.173268
2867.025396,sim,0.970086,0.951643,0.839005,0.828895,0.897011,0.173795
2867.029638,sim,0.970086,0.951643,0.839005,0.828895,0.897011,0.173795
2867.033389,sim,0.970086,0.951643,0.839005,0.828895,0.897011,0.173795
2867.037361,sim,0.970086,0.951643,0.839005,0.828895,0.897011,0.173795
2867.041425,sim,0.970086,0.951643,0.839005,0.828895,0.897011,0.173795
2867.045376,sim,0.970086,0.951643,0.839005,0.828895,0.897011,0.173795
2867.049277,sim,0.976669,0.982877,0.886644,0.875108,0.923047,0.174251
2867.053236,sim,0.976669,0.982877,0.886644,0.875108,0.923047,0.174251
2867.057316,sim,0.976669,0.982877,0.886644,0.875108,0.923047,0.174251
2867.061849,sim,0.976669,0.982877,0.886644,0.875108,0.923047,0.174251
2867.065365,sim,0.976669,0.982877,0.886644,0.875108,0.923047,0.174251
2867.069315,sim,0.982377,1.000004,0.927935,0.915164,0.945614,0.174650
2867.073399,sim,0.982376,1.000002,0.927934,0.915162,0.945612,0.174649
2867.077364,sim,0.982376,1.000002,0.927934,0.915162,0.945612,0.174649
2867.081638,sim,0.982376,1.000002,0.927934,0.915162,0.945612,0.174649
2867.085345,sim,0.982376,1.000002,0.927934,0.915162,0.945612,0.174649
2867.089331,sim,0.987320,1.000002,0.963716,0.949873,0.965168,0.174992
2867.093517,sim,0.987320,1.000002,0.963716,0.949873,0.965168,0.174992
2867.103742,sim,0.987320,1.000002,0.963716,0.949873,0.965168,0.174992
2867.105898,sim,0.987320,1.000002,0.963716,0.949873,0.965168,0.174992
2867.109740,sim,0.987320,1.000002,0.963716,0.949873,0.965168,0.174992
2867.112668,sim,0.987320,1.000002,0.963716,0.949873,0.965168,0.174992
2867.116748,sim,0.987320,1.000002,0.963716,0.949873,0.965168,0.174992
2867.123838,sim,0.987320,1.000002,0.963716,0.949873,0.965168,0.174992
2867.124885,sim,0.991605,1.000002,0.994728,0.979957,0.982116,0.175289
2867.129018,sim,0.995890,1.000002,1.000002,1.000002,0.999064,0.175586
2867.132457,sim,1.000002,1.000002,1.000002,1.000002,1.000002,0.175883
2867.136340,sim,0.999995,0.999995,0.999995,0.999995,0.999995,0.175876
2867.140499,sim,0.999997,0.999997,0.999997,0.999997,0.999997,0.175878
2867.145037,sim,1.000002,1.000002,1.000002,1.000002,1.000002,0.176061
2867.148424,sim,0.999994,0.999994,0.999994,0.999994,0.999994,0.176053
2867.152328,sim,1.000001,1.000001,1.000001,1.000001,1.000001,0.176060
2867.156482,sim,0.999996,0.999996,0.999996,0.999996,0.999996,0.176055
2867.160469,sim,1.000000,1.000000,1.000000,1.000000,1.000000,0.176214
2867.164483,sim,0.999994,0.999994,0.999994,0.999994,0.999994,0.176208
2867.168185,sim,1.000002,1.000002,1.000002,1.000002,1.000002,0.176216
2867.172166,sim,0.999996,0.999996,0.999996,0.999996,0.999996,0.176210
2867.176264,sim,1.000001,1.000001,1.000001,1.000001,1.000001,0.176215
2867.180236,sim,0.999994,0.999994,0.999994,0.999994,0.999994,0.176208
2867.184194,sim,1.000002,1.000002,1.000002,1.000002,1.000002,0.176350
2867.188250,sim,0.999995,0.999995,0.999995,0.999995,0.999995,0.176343
2867.192178,sim,1.000000,1.000000,1.000000,1.000000,1.000000,0.176348
2867.196203,sim,0.999994,0.999994,0.999994,0.999994,0.999994,0.176342
2867.200232,sim,1.000002,1.000002,1.000002,1.000002,1.000002,0.176466
2867.204249,sim,0.999996,0.999996,0.999996,0.999996,0.999996,0.176459
2867.208014,sim,1.000001,1.000001,1.000001,1.000001,1.000001,0.176464
2867.211872,sim,0.999995,0.999995,0.999995,0.999995,0.999995,0.176458
2867.215908,sim,1.000001,1.000001,1.000001,1.000001,1.000001,0.176465
2867.219902,sim,0.999996,0.999996,0.999996,0.999996,0.999996,0.176460
2867.223945,sim,1.000001,1.000001,1.000001,1.000001,1.000001,0.176565
2867.227802,sim,0.999995,0.999995,0.999995,0.999995,0.999995,0.176559
2867.231795,sim,1.000001,1.000001,1.000001,1.000001,1.000001,0.176565
2867.235774,sim,0.999996,0.999996,0.999996,0.999996,0.999996,0.176648
2867.239891,sim,1.000001,1.000001,1.000001,1.000001,1.000001,0.176739
2867.243893,sim,0.999994,0.999994,0.999994,0.999994,0.999994,0.176820
2867.247704,sim,1.000002,1.000002,1.000002,1.000002,1.000002,0.176915
2867.251685,sim,0.999996,0.999996,0.999996,0.999996,0.999996,0.176996
2867.255994,sim,1.000000,1.000000,1.000000,1.000000,1.000000,0.177088
2867.259771,sim,0.999994,0.999994,0.999994,0.999994,0.999994,0.177169
2867.263711,sim,1.000002,1.000002,1.000002,1.000002,1.000002,0.177220
2867.267617,sim,0.999995,0.999995,0.999995,0.999995,0.999995,0.177214
2867.271640,sim,1.000001,1.000001,1.000001,1.000001,1.000001,0.177219
2867.275577,sim,0.999994,0.999994,0.999994,0.999994,0.999994,0.177212
2867.279679,sim,1.000002,1.000002,1.000002,1.000002,1.000002,0.177220
2867.284344,sim,0.999996,0.999996,0.999996,0.999996,0.999996,0.177214
2867.287877,sim,1.000000,1.000000,1.000000,1.000000,1.000000,0.177218
2867.291611,sim,0.999995,0.999995,0.999995,0.999995,0.999995,0.177213
2867.295622,sim,1.000001,1.000001,1.000001,1.000001,1.000001,0.177219
2867.299507,sim,0.999996,0.999996,0.999996,0.999996,0.999996,0.177214
2867.303664,sim,1.000000,1.000000,1.000000,1.000000,1.000000,0.177218
2867.307547,sim,0.999994,0.999994,0.999994,0.999994,0.999994,0.177212
2867.311453,sim,1.000002,1.000002,1.000002,1.000002,1.000002,0.177220
2867.315718,sim,0.999995,0.999995,0.999995,0.999995,0.999995,0.177213
2867.319965,sim,1.000000,1.000000,1.000000,1.000000,1.000000,0.177218
2867.323856,sim,0.999995,0.999995,0.999995,0.999995,0.999995,0.177213
2867.327606,sim,1.000001,1.000001,1.000001,1.000001,1.000001,0.177219
2867.331670,sim,0.999995,0.999995,0.999995,0.999995,0.999995,0.177213
2867.335604,sim,1.000001,1.000001,1.000001,1.000001,1.000001,0.177219
2867.339420,sim,0.999994,0.999994,0.999994,0.999994,0.999994,0.177212
2867.343374,sim,1.000002,1.000002,1.000002,1.000002,1.000002,0.177220
2867.348100,sim,0.999996,0.999996,0.999996,0.999996,0.999996,0.177214
2867.351615,sim,1.000000,1.000000,1.000000,1.000000,1.000000,0.177219
2867.355393,sim,0.999994,0.999994,0.999994,0.999994,0.999994,0.177212
2867.359297,sim,1.000001,1.000001,1.000001,1.000001,1.000001,0.177219
2867.363433,sim,0.999995,0.999995,0.999995,0.999995,0.999995,0.177213
2867.367424,sim,1.000001,1.000001,1.000001,1.000001,1.000001,0.177219
2867.371303,sim,0.999994,0.999994,0.999994,0.999994,0.999994,0.177212
2867.375298,sim,1.000002,1.000002,1.000002,1.000002,1.000002,0.177220
2867.379894,sim,0.999996,0.999996,0.999996,0.999996,0.999996,0.177214
2867.383645,sim,1.000000,1.000000,1.000000,1.000000,1.000000,0.177218
2867.387244,sim,0.999994,0.999994,0.999994,0.999994,0.999994,0.177212
2867.391151,sim,1.000001,1.000001,1.000001,1.000001,1.000001,0.177219
2867.395208,sim,0.999996,0.999996,0.999996,0.999996,0.999996,0.177214
2867.399266,sim,0.979002,1.000003,1.000003,1.000003,1.000003,0.176147
2867.403387,sim,0.978993,0.999994,0.999994,0.999994,0.999994,0.176138
2867.407176,sim,0.979003,1.000003,1.000003,1.000003,1.000003,0.176147
2867.411304,sim,0.978994,0.999994,0.999994,0.999994,0.999994,0.176138
2867.415946,sim,0.949721,1.000003,1.000003,1.000003,1.000003,0.170920
2867.419424,sim,0.949712,0.999994,0.999994,0.999994,0.999994,0.170911
2867.423559,sim,0.949721,1.000003,1.000003,1.000003,1.000003,0.170920
2867.427477,sim,0.949713,0.999994,0.999994,0.999994,0.999994,0.170911
2867.431197,sim,0.949721,1.000003,1.000003,1.000003,1.000003,0.170920
2867.435355,sim,0.949712,0.999994,0.999994,0.999994,0.999994,0.170911
2867.439141,sim,0.909088,1.000004,1.000004,1.000004,1.000004,0.157798
2867.443651,sim,0.909078,0.999994,0.999994,0.999994,0.999994,0.157789
2867.447226,sim,0.909088,1.000003,1.000003,1.000003,1.000003,0.157798
2867.451136,sim,0.909079,0.999994,0.999994,0.999994,0.999994,0.157789
2867.455153,sim,0.909087,1.000003,1.000003,1.000003,1.000003,0.157798
2867.459299,sim,0.864157,0.999998,0.999998,0.999998,0.981602,0.137827
2867.463329,sim,0.864162,1.000003,1.000003,1.000003,0.981606,0.137832
2867.467142,sim,0.864156,0.999997,0.999997,0.999997,0.981600,0.137826
2867.470994,sim,0.864162,1.000003,1.000003,1.000003,0.981606,0.137832
2867.475287,sim,0.864156,0.999997,0.999997,0.999997,0.981601,0.137826
2867.479103,sim,0.812743,1.000003,1.000003,1.000003,0.946430,0.119455
2867.483527,sim,0.812737,0.999997,0.999997,0.999997,0.946424,0.119449
2867.486954,sim,0.812743,1.000003,1.000003,1.000003,0.946430,0.119455
2867.491089,sim,0.812737,0.999996,0.999996,0.999996,0.946424,0.119448
2867.495392,sim,0.812744,1.000003,1.000003,1.000003,0.946430,0.119455
2867.499189,sim,0.758466,0.986493,0.999997,0.993154,0.909003,0.103522
2867.503255,sim,0.758470,0.986497,1.000001,0.993158,0.909007,0.103526
2867.506970,sim,0.758467,0.986494,0.999998,0.993155,0.909004,0.103523
2867.511087,sim,0.758470,0.986497,1.000001,0.993158,0.909007,0.103526
2867.515182,sim,0.758467,0.986494,0.999998,0.993155,0.909004,0.103523
2867.518918,sim,0.698951,0.942346,0.993959,0.955054,0.866866,0.089723
2867.523150,sim,0.698950,0.942345,0.993958,0.955053,0.866865,0.089722
2867.527090,sim,0.698950,0.942345,0.993958,0.955053,0.866865,0.089722
2867.531074,sim,0.698950,0.942345,0.993958,0.955053,0.866865,0.089722
2867.535798,sim,0.698950,0.942345,0.993958,0.955053,0.866865,0.089722
2867.539204,sim,0.634884,0.894372,0.954360,0.916481,0.823408,0.077759
2867.543541,sim,0.634884,0.894372,0.954360,0.916481,0.823408,0.077759
2867.548082,sim,0.634884,0.894372,0.954360,0.916481,0.823408,0.077759
2867.551152,sim,0.634884,0.894372,0.954360,0.916481,0.823408,0.077759
2867.555405,sim,0.634884,0.894372,0.954360,0.916481,0.823408,0.077759
2867.559295,sim,0.569651,0.845860,0.914494,0.874731,0.777423,0.067391
2867.563054,sim,0.569651,0.845860,0.914494,0.874731,0.777423,0.067391
2867.567076,sim,0.569651,0.845860,0.914494,0.874731,0.777423,0.067391
2867.570847,sim,0.569651,0.845860,0.914494,0.874731,0.777423,0.067391
2867.575504,sim,0.569651,0.845860,0.914494,0.874731,0.777423,0.067391
2867.579063,sim,0.500633,0.794108,0.870235,0.830225,0.729247,0.058406
2867.583228,sim,0.500633,0.794108,0.870235,0.830225,0.729247,0.058406
2867.586915,sim,0.500633,0.794108,0.870235,0.830225,0.729247,0.058406
2867.590861,sim,0.500633,0.794108,0.870235,0.830225,0.729247,0.058406
2867.594950,sim,0.500633,0.794108,0.870235,0.830225,0.729247,0.058406
2867.599520,sim,0.435269,0.740933,0.824941,0.784718,0.679173,0.050618
2867.602985,sim,0.435269,0.740933,0.824941,0.784718,0.679173,0.050618
2867.606875,sim,0.435269,0.740933,0.824941,0.784718,0.679173,0.050618
2867.610772,sim,0.435269,0.740933,0.824941,0.784718,0.679173,0.050618
2867.614849,sim,0.435269,0.740933,0.824941,0.784718,0.679173,0.050618
2867.618824,sim,0.378620,0.686527,0.778752,0.738344,0.627453,0.043869
2867.622923,sim,0.378620,0.686527,0.778752,0.738344,0.627453,0.043869
2867.626771,sim,0.378620,0.686527,0.778752,0.738344,0.627453,0.043869
2867.631015,sim,0.378620,0.686527,0.778752,0.738344,0.627453,0.043869
2867.635413,sim,0.378620,0.686527,0.778752,0.738344,0.627453,0.043869
2867.639021,sim,0.329524,0.631052,0.733173,0.689830,0.577081,0.038020
2867.643128,sim,0.329524,0.631052,0.733173,0.689830,0.577081,0.038020
2867.646874,sim,0.329524,0.631052,0.733173,0.689830,0.577081,0.038020
2867.650740,sim,0.329524,0.631052,0.733173,0.689830,0.577081,0.038020
2867.655175,sim,0.329524,0.631052,0.733173,0.689830,0.577081,0.038020
2867.659266,sim,0.286975,0.576039,0.683962,0.642238,0.523716,0.032951
2867.663485,sim,0.286975,0.576039,0.683962,0.642238,0.523716,0.032951
2867.666860,sim,0.286975,0.576039,0.683962,0.642238,0.523716,0.032951
2867.670824,sim,0.286975,0.576039,0.683962,0.642238,0.523716,0.032951
2867.675052,sim,0.286975,0.576039,0.683962,0.642238,0.523716,0.032951
2867.678912,sim,0.250098,0.518652,0.635765,0.594055,0.470532,0.028557
2867.683052,sim,0.250098,0.518652,0.635765,0.594055,0.470532,0.028557
2867.686868,sim,0.250098,0.518652,0.635765,0.594055,0.470532,0.028557
2867.692062,sim,0.250098,0.518652,0.635765,0.594055,0.470532,0.028557
2867.694899,sim,0.250098,0.518652,0.635765,0.594055,0.470532,0.028557
2867.698781,sim,0.218139,0.461982,0.585672,0.545362,0.416116,0.024750
2867.702960,sim,0.218139,0.461982,0.585672,0.545362,0.416116,0.024750
2867.706691,sim,0.218139,0.461982,0.585672,0.545362,0.416116,0.024750
2867.710610,sim,0.218139,0.461982,0.585672,0.545362,0.416116,0.024750
2867.715227,sim,0.218139,0.461982,0.585672,0.545362,0.416116,0.024750
2867.719033,sim,0.190441,0.403158,0.538096,0.494840,0.363408,0.021450
2867.723023,sim,0.190441,0.403158,0.538096,0.494840,0.363408,0.021450
2867.726844,sim,0.190441,0.403158,0.538096,0.494840,0.363408,0.021450
2867.730676,sim,0.190441,0.403158,0.538096,0.494840,0.363408,0.021450
2867.734798,sim,0.190441,0.403158,0.538096,0.494840,0.363408,0.021450
2867.738701,sim,0.166436,0.349404,0.487155,0.445505,0.314954,0.018590
2867.742662,sim,0.166436,0.349404,0.487155,0.445505,0.314954,0.018590
2867.746675,sim,0.166436,0.349404,0.487155,0.445505,0.314954,0.018590
2867.750673,sim,0.166436,0.349404,0.487155,0.445505,0.314954,0.018590
2867.754948,sim,0.166436,0.349404,0.487155,0.445505,0.314954,0.018590
2867.758861,sim,0.145631,0.302817,0.436072,0.395814,0.272960,0.016111
2867.762740,sim,0.145631,0.302817,0.436072,0.395814,0.272960,0.016111
2867.766984,sim,0.145631,0.302817,0.436072,0.395814,0.272960,0.016111
2867.770805,sim,0.145631,0.302817,0.436072,0.395814,0.272960,0.016111
2867.776944,sim,0.145631,0.302817,0.436072,0.395814,0.272960,0.016111
2867.778788,sim,0.127601,0.262441,0.384864,0.344426,0.236565,0.013963
2867.783211,sim,0.127601,0.262441,0.384864,0.344426,0.236565,0.013963
2867.786809,sim,0.127601,0.262441,0.384864,0.344426,0.236565,0.013963
2867.790936,sim,0.127601,0.262441,0.384864,0.344426,0.236565,0.013963
2867.794698,sim,0.127601,0.262441,0.384864,0.344426,0.236565,0.013963
2867.798955,sim,0.111974,0.227449,0.334936,0.298502,0.205023,0.012101
2867.802832,sim,0.111974,0.227449,0.334936,0.298502,0.205023,0.012101
2867.806708,sim,0.111974,0.227449,0.334936,0.298502,0.205023,0.012101
2867.810555,sim,0.111974,0.227449,0.334936,0.298502,0.205023,0.012101
2867.814742,sim,0.111974,0.227449,0.334936,0.298502,0.205023,0.012101
2867.819162,sim,0.098431,0.197122,0.290278,0.258702,0.177687,0.010488
2867.822785,sim,0.098431,0.197122,0.290278,0.258702,0.177687,0.010488
2867.826599,sim,0.098431,0.197122,0.290278,0.258702,0.177687,0.010488
2867.830711,sim,0.098431,0.197122,0.290278,0.258702,0.177687,0.010488
2867.834671,sim,0.098431,0.197122,0.290278,0.258702,0.177687,0.010488
2867.838747,sim,0.098431,0.197122,0.290278,0.258702,0.177687,0.010488
2867.842711,sim,0.086694,0.170839,0.251574,0.224208,0.153995,0.009089
2867.846752,sim,0.086694,0.170839,0.251574,0.224208,0.153995,0.009089
2867.850772,sim,0.086694,0.170839,0.251574,0.224208,0.153995,0.009089
2867.854815,sim,0.086694,0.170839,0.251574,0.224208,0.153995,0.009089
2867.858619,sim,0.080000,0.148061,0.218031,0.194314,0.133462,0.007877
2867.862984,sim,0.080000,0.148061,0.218031,0.194314,0.133463,0.007878
2867.866911,sim,0.080000,0.148061,0.218031,0.194314,0.133462,0.007877
2867.870846,sim,0.080000,0.148061,0.218030,0.194314,0.133462,0.007877
2867.874757,sim,0.080000,0.148061,0.218031,0.194314,0.133463,0.007878
2867.879341,sim,0.080000,0.128319,0.188960,0.168405,0.120000,0.006827
2867.883294,sim,0.080001,0.128320,0.188961,0.168406,0.120001,0.006828
2867.886711,sim,0.080000,0.128319,0.188960,0.168405,0.120000,0.006827
2867.890604,sim,0.080001,0.128320,0.188961,0.168406,0.120001,0.006828
2867.894644,sim,0.080000,0.128319,0.188959,0.168405,0.120000,0.006827
2867.898663,sim,0.080001,0.128320,0.188961,0.168406,0.120001,0.006828
2867.902682,sim,0.080000,0.120000,0.163765,0.145951,0.120000,0.005916
2867.906521,sim,0.080001,0.120001,0.163766,0.145952,0.120001,0.005918
2867.910822,sim,0.079999,0.119999,0.163764,0.145951,0.119999,0.005916
2867.914658,sim,0.080001,0.120001,0.163766,0.145952,0.120001,0.005918
2867.918678,sim,0.079999,0.119999,0.141929,0.126490,0.119999,0.005127
2867.922696,sim,0.080001,0.120001,0.141931,0.126492,0.120001,0.005129
2867.926617,sim,0.079999,0.119999,0.141929,0.126490,0.119999,0.005127
2867.930676,sim,0.080001,0.120001,0.141931,0.126492,0.120001,0.005129
2867.934774,sim,0.079999,0.119999,0.141929,0.126490,0.119999,0.005127
2867.938632,sim,0.080001,0.120001,0.123007,0.120001,0.120001,0.004445
2867.943172,sim,0.079999,0.119999,0.123005,0.119999,0.119999,0.004443
2867.946726,sim,0.080001,0.120001,0.123007,0.120001,0.120001,0.004446
2867.950657,sim,0.079999,0.119999,0.123005,0.119999,0.119999,0.004443
2867.954561,sim,0.080001,0.120001,0.123007,0.120001,0.120001,0.004446
2867.958845,sim,0.079999,0.119999,0.123005,0.119999,0.119999,0.004443
2867.962637,sim,0.080001,0.120001,0.120001,0.120001,0.120001,0.003853
2867.966526,sim,0.079999,0.119999,0.119999,0.119999,0.119999,0.003850
2867.970539,sim,0.080002,0.120002,0.120002,0.120002,0.120002,0.003853
2867.974826,sim,0.079999,0.119999,0.119999,0.119999,0.119999,0.003850
2867.978908,sim,0.080002,0.120002,0.120002,0.120002,0.120002,0.003340
2867.982792,sim,0.079999,0.119999,0.119999,0.119999,0.119999,0.003337
2867.986619,sim,0.080002,0.120002,0.120002,0.120002,0.120002,0.003340
2867.990755,sim,0.079999,0.119999,0.119999,0.119999,0.119999,0.003337
2867.994634,sim,0.080002,0.120002,0.120002,0.120002,0.120002,0.003340
2867.998693,sim,0.079999,0.119999,0.119999,0.119999,0.119999,0.003337
2868.002978,sim,0.080002,0.120002,0.120002,0.120002,0.120002,0.002895
2868.006633,sim,0.079999,0.119999,0.119999,0.119999,0.119999,0.002891
2868.010602,sim,0.080002,0.120002,0.120002,0.120002,0.120002,0.002509
2868.014511,sim,0.079999,0.119999,0.119999,0.119999,0.119999,0.002120
2868.018551,sim,0.080002,0.120002,0.120002,0.120002,0.120002,0.001738
2868.022813,sim,0.079999,0.119999,0.119999,0.119999,0.119999,0.001349
2868.026668,sim,0.080002,0.120002,0.120002,0.120002,0.120002,0.000967
2868.030569,sim,0.079999,0.119999,0.119999,0.119999,0.119999,0.000577
2868.034505,sim,0.080002,0.120002,0.120002,0.120002,0.120002,0.000196
2868.038644,sim,0.079999,0.119999,0.119999,0.119999,0.119999,0.000003
2868.042673,sim,0.080002,0.120002,0.120002,0.120002,0.120002,0.000024
2868.046512,sim,0.079998,0.119998,0.119998,0.119998,0.119998,-0.000015
2868.050454,sim,0.080002,0.120002,0.120002,0.120002,0.120002,0.000022
2868.054562,sim,0.079999,0.119999,0.119999,0.119999,0.119999,-0.000014
2868.058614,sim,0.080002,0.120002,0.120002,0.120002,0.120002,0.000022
2868.062484,sim,0.079999,0.119999,0.119999,0.119999,0.119999,-0.000014
2868.066499,sim,0.080002,0.120002,0.120002,0.120002,0.120002,0.000021
2868.070569,sim,0.079999,0.119999,0.119999,0.119999,0.119999,-0.000013
2868.074600,sim,0.080002,0.120002,0.120002,0.120002,0.120002,0.000021
2868.078436,sim,0.079999,0.119999,0.119999,0.119999,0.119999,-0.000014
2868.082668,sim,0.080002,0.120002,0.120002,0.120002,0.120002,0.000024
2868.086510,sim,0.079998,0.119998,0.119998,0.119998,0.119998,-0.000015
2868.090536,sim,0.080002,0.120002,0.120002,0.120002,0.120002,0.000021
2868.094713,sim,0.079999,0.119999,0.119999,0.119999,0.119999,-0.000014
2868.098749,sim,0.080002,0.120002,0.120002,0.120002,0.120002,0.000024
2868.102968,sim,0.079999,0.119999,0.119999,0.119999,0.119999,-0.000015
2868.106599,sim,0.080002,0.120002,0.120002,0.120002,0.120002,0.000022
2868.110594,sim,0.079999,0.119999,0.119999,0.119999,0.119999,-0.000014
2868.114443,sim,0.080002,0.120002,0.120002,0.120002,0.120002,0.000023
2868.118501,sim,0.079999,0.119999,0.119999,0.119999,0.119999,-0.000015
2868.122678,sim,0.080002,0.120002,0.120002,0.120002,0.120002,0.000024
2868.126512,sim,0.079998,0.119998,0.119998,0.119998,0.119998,-0.000015
2868.130494,sim,0.080002,0.120002,0.120002,0.120002,0.120002,0.000024
2868.134609,sim,0.079998,0.119998,0.119998,0.119998,0.119998,-0.000015
2868.138563,sim,0.080002,0.120002,0.120002,0.120002,0.120002,0.000022
2868.142653,sim,0.079999,0.119999,0.119999,0.119999,0.119999,-0.000014
2868.146541,sim,0.080002,0.120002,0.120002,0.120002,0.120002,0.000023
2868.150597,sim,0.079999,0.119999,0.119999,0.119999,0.119999,-0.000014
2868.154529,sim,0.080002,0.120002,0.120002,0.120002,0.120002,0.000022
2868.158418,sim,0.079999,0.119999,0.119999,0.119999,0.119999,-0.000014
2868.162528,sim,0.080002,0.120002,0.120002,0.120002,0.120002,0.000023
2868.166579,sim,0.079998,0.119998,0.119998,0.119998,0.119998,-0.000015
2868.170516,sim,0.080002,0.120002,0.120002,0.120002,0.120002,0.000024
2868.174456,sim,0.079998,0.119998,0.119998,0.119998,0.119998,-0.000015
2868.178473,sim,0.080002,0.120002,0.120002,0.120002,0.120002,0.000024
2868.182745,sim,0.079999,0.119999,0.119999,0.119999,0.119999,-0.000015
2868.186510,sim,0.080002,0.120002,0.120002,0.120002,0.120002,0.000025
2868.190457,sim,0.079999,0.119999,0.119999,0.119999,0.119999,-0.000016
2868.194650,sim,0.080002,0.120002,0.120002,0.120002,0.120002,0.000021
2868.198598,sim,0.079999,0.119999,0.119999,0.119999,0.119999,-0.000013
2868.202695,sim,0.080002,0.120002,0.120002,0.120002,0.120002,0.000024
2868.206541,sim,0.079998,0.119998,0.119998,0.119998,0.119998,-0.000015
2868.210528,sim,0.080002,0.120002,0.120002,0.120002,0.120002,0.000025
2868.214754,sim,0.079999,0.119999,0.119999,0.119999,0.119999,-0.000016
2868.218802,sim,0.080002,0.120002,0.120002,0.120002,0.120002,0.000022
2868.222846,sim,0.079998,0.119998,0.119998,0.119998,0.119998,-0.000015
2868.226974,sim,0.080002,0.120002,0.120002,0.120002,0.120002,0.000022
2868.230645,sim,0.079998,0.119998,0.119998,0.119998,0.119998,-0.000014
2868.234576,sim,0.080002,0.120002,0.120002,0.120002,0.120002,0.000023
2868.238520,sim,0.079999,0.119999,0.119999,0.119999,0.119999,-0.000014
2868.242727,sim,0.080002,0.120002,0.120002,0.120002,0.120002,0.000024
2868.246570,sim,0.079998,0.119998,0.119998,0.119998,0.119998,-0.000016
2868.250532,sim,0.080002,0.120002,0.120002,0.120002,0.120002,0.000022
2868.254365,sim,0.079999,0.119999,0.119999,0.119999,0.119999,-0.000014
2868.258370,sim,0.080002,0.120002,0.120002,0.120002,0.120002,0.000020
2868.262607,sim,0.079999,0.119999,0.119999,0.119999,0.119999,-0.000013
2868.266492,sim,0.080002,0.120002,0.120002,0.120002,0.120002,0.003224
2868.270524,sim,0.079999,0.119999,0.119999,0.119999,0.119999,0.003221
2868.274397,sim,0.080002,0.120002,0.120002,0.120002,0.120002,0.003224
2868.278523,sim,0.079999,0.119999,0.119999,0.119999,0.119999,0.003221
2868.282820,sim,0.080002,0.120002,0.120002,0.120002,0.120002,0.012461
2868.286564,sim,0.079999,0.119998,0.119999,0.119999,0.119999,0.012457
2868.290540,sim,0.080002,0.120002,0.120002,0.120002,0.120002,0.012461
2868.294761,sim,0.079999,0.119999,0.119999,0.119999,0.119999,0.012458
2868.298619,sim,0.080002,0.120002,0.120002,0.120002,0.120002,0.012461
2868.302745,sim,0.079999,0.119999,0.119999,0.119999,0.119999,0.029055
2868.307232,sim,0.080002,0.120002,0.120002,0.120002,0.120002,0.029059
2868.310549,sim,0.079998,0.119998,0.119998,0.119998,0.119998,0.029055
2868.314509,sim,0.080002,0.120002,0.120002,0.120002,0.120002,0.029058
2868.318816,sim,0.079999,0.119999,0.119999,0.119999,0.119999,0.029055
2868.323385,sim,0.080002,0.120002,0.120002,0.120002,0.120002,0.044517
2868.327078,sim,0.079999,0.119999,0.119999,0.119999,0.119999,0.044514
2868.330792,sim,0.080002,0.120002,0.120002,0.120002,0.120002,0.044517
2868.334500,sim,0.079999,0.119999,0.119999,0.119999,0.119999,0.044514
2868.338571,sim,0.080002,0.120002,0.120002,0.120002,0.120002,0.044517
2868.342686,sim,0.092400,0.119999,0.119999,0.119999,0.119999,0.060059
2868.346527,sim,0.092403,0.120002,0.120002,0.120002,0.120002,0.060063
2868.350470,sim,0.092401,0.119999,0.119999,0.119999,0.119999,0.060060
2868.354627,sim,0.092403,0.120002,0.120002,0.120002,0.120002,0.060062
2868.358600,sim,0.092401,0.119999,0.119999,0.119999,0.119999,0.060060
2868.362684,sim,0.132790,0.120002,0.120002,0.120002,0.120002,0.072461
2868.366516,sim,0.132787,0.119999,0.119999,0.119999,0.119999,0.072458
2868.370961,sim,0.132790,0.120002,0.120001,0.120002,0.120002,0.072461
2868.374527,sim,0.132787,0.119999,0.119999,0.119999,0.119999,0.072458
2868.378487,sim,0.132790,0.120001,0.120001,0.120001,0.120001,0.072461
2868.382655,sim,0.177498,0.119999,0.119999,0.119999,0.119999,0.083204
2868.386757,sim,0.177501,0.120002,0.120002,0.120002,0.120002,0.083207
2868.390570,sim,0.177498,0.119999,0.119999,0.119999,0.119999,0.083204
2868.394533,sim,0.177500,0.120001,0.120001,0.120001,0.120001,0.083207
2868.398456,sim,0.177498,0.119999,0.119999,0.119999,0.119999,0.083204
2868.402770,sim,0.177500,0.120001,0.120001,0.120001,0.120001,0.083207
2868.406591,sim,0.228730,0.119999,0.119999,0.119999,0.119999,0.091443
2868.410485,sim,0.228733,0.120002,0.120002,0.120002,0.120002,0.091446
2868.414423,sim,0.228730,0.119999,0.119999,0.119999,0.119999,0.091443
2868.419102,sim,0.228733,0.120002,0.120002,0.120002,0.120002,0.091446
2868.422721,sim,0.282840,0.119999,0.119999,0.119999,0.119999,0.098583
2868.426481,sim,0.282843,0.120001,0.120002,0.120002,0.120001,0.098586
2868.430415,sim,0.282841,0.119999,0.119999,0.119999,0.119999,0.098583
2868.434455,sim,0.282843,0.120001,0.120001,0.120001,0.120001,0.098586
2868.438624,sim,0.282840,0.119999,0.119999,0.119999,0.119999,0.098583
2868.442656,sim,0.282843,0.120002,0.120002,0.120002,0.120002,0.098586
2868.446614,sim,0.340833,0.148350,0.119999,0.119999,0.139555,0.104772
2868.453612,sim,0.340834,0.148351,0.120001,0.120001,0.139557,0.104773
2868.456546,sim,0.340833,0.148350,0.120000,0.120000,0.139556,0.104772
2868.464466,sim,0.340834,0.148351,0.120001,0.120001,0.139557,0.104773
2868.468639,sim,0.400802,0.186825,0.120000,0.120000,0.176429,0.110135
2868.468921,sim,0.400803,0.186826,0.120001,0.120001,0.176430,0.110137
2868.472376,sim,0.458323,0.222943,0.120000,0.124577,0.213934,0.114784
2868.476899,sim,0.458324,0.222944,0.120000,0.124578,0.213934,0.114784
2868.482145,sim,0.458323,0.222944,0.120000,0.124577,0.213934,0.114784
2868.486288,sim,0.510949,0.261182,0.120000,0.153739,0.247826,0.118813
2868.491894,sim,0.510949,0.261182,0.120000,0.153738,0.247825,0.118812
2868.495769,sim,0.510949,0.261182,0.120000,0.153739,0.247826,0.118813
2868.499616,sim,0.510949,0.261182,0.120000,0.153738,0.247825,0.118812
2868.503463,sim,0.510949,0.261182,0.120000,0.153739,0.247826,0.118813
2868.507499,sim,0.510949,0.261182,0.120000,0.153738,0.247825,0.118812
2868.513101,sim,0.570428,0.305418,0.120000,0.190108,0.291068,0.122304
2868.515853,sim,0.570428,0.305417,0.120000,0.190108,0.291068,0.122303
2868.521777,sim,0.626138,0.345142,0.126645,0.223015,0.329932,0.125329
2868.524456,sim,0.626138,0.345142,0.126645,0.223015,0.329932,0.125329
2868.528561,sim,0.626138,0.345142,0.126645,0.223015,0.329932,0.125329
2868.531833,sim,0.626138,0.345142,0.126645,0.223015,0.329932,0.125329
2868.535418,sim,0.626138,0.345142,0.126645,0.223015,0.329932,0.125329
2868.539062,sim,0.626138,0.345142,0.126645,0.223015,0.329932,0.125329
2868.543543,sim,0.626138,0.345142,0.126645,0.223015,0.329932,0.125329
2868.548033,sim,0.678580,0.392053,0.161079,0.264017,0.376097,0.127952
2868.551118,sim,0.678580,0.392053,0.161079,0.264017,0.376097,0.127952
2868.554971,sim,0.678580,0.392053,0.161079,0.264017,0.376097,0.127952
2868.558803,sim,0.678580,0.392053,0.161079,0.264017,0.376097,0.127952
2868.563055,sim,0.678580,0.392053,0.161079,0.264017,0.376097,0.127952
2868.566941,sim,0.724030,0.441032,0.200630,0.306488,0.421655,0.130224
2868.570671,sim,0.724030,0.441032,0.200630,0.306488,0.421655,0.130224
2868.574662,sim,0.724030,0.441032,0.200630,0.306488,0.421655,0.130224
2868.579049,sim,0.724030,0.441032,0.200630,0.306488,0.421655,0.130224
2868.582932,sim,0.724030,0.441032,0.200630,0.306488,0.421655,0.130224
2868.586761,sim,0.763421,0.491802,0.240456,0.351618,0.470847,0.132194
2868.590487,sim,0.763421,0.491802,0.240456,0.351618,0.470847,0.132194
2868.594481,sim,0.763421,0.491802,0.240456,0.351618,0.470847,0.132194
2868.598460,sim,0.763421,0.491802,0.240456,0.351618,0.470847,0.132194
2868.602620,sim,0.763421,0.491802,0.240456,0.351618,0.470847,0.132194
2868.606456,sim,0.797559,0.542738,0.283294,0.397666,0.521803,0.133901
2868.610366,sim,0.797559,0.542738,0.283294,0.397666,0.521803,0.133901
2868.614357,sim,0.797559,0.542738,0.283294,0.397666,0.521803,0.133901
2868.618169,sim,0.797559,0.542738,0.283294,0.397666,0.521803,0.133901
2868.622168,sim,0.797559,0.542738,0.283294,0.397666,0.521803,0.133901
2868.626265,sim,0.827145,0.595204,0.328743,0.444509,0.572900,0.135380
2868.630173,sim,0.827145,0.595204,0.328743,0.444509,0.572900,0.135380
2868.634082,sim,0.827145,0.595204,0.328743,0.444509,0.572900,0.135380
2868.638550,sim,0.827145,0.595204,0.328743,0.444509,0.572900,0.135380
2868.642211,sim,0.852787,0.646223,0.373680,0.492041,0.622732,0.136663
2868.646353,sim,0.852787,0.646223,0.373680,0.492041,0.622732,0.136663
2868.650034,sim,0.852787,0.646223,0.373680,0.492041,0.622732,0.136663
2868.653940,sim,0.852787,0.646223,0.373680,0.492041,0.622732,0.136663
2868.657873,sim,0.852787,0.646223,0.373680,0.492041,0.622732,0.136663
2868.661889,sim,0.852787,0.646223,0.373680,0.492041,0.622732,0.136663
2868.665960,sim,0.875010,0.701536,0.422334,0.542945,0.675628,0.137774
2868.669916,sim,0.875010,0.701536,0.422334,0.542945,0.675628,0.137774
2868.673790,sim,0.875010,0.701536,0.422334,0.542945,0.675628,0.137774
2868.677835,sim,0.875010,0.701536,0.422334,0.542945,0.675628,0.137774
2868.681770,sim,0.894269,0.755021,0.470049,0.592610,0.727020,0.138737
2868.687046,sim,0.894269,0.755021,0.470049,0.592610,0.727020,0.138737
2868.689672,sim,0.894269,0.755021,0.470049,0.592610,0.727020,0.138737
2868.693692,sim,0.894269,0.755021,0.470049,0.592610,0.727020,0.138737
2868.697877,sim,0.894269,0.755021,0.470049,0.592610,0.727020,0.138737
2868.702341,sim,0.910961,0.806924,0.519724,0.642588,0.774334,0.139571
2868.705855,sim,0.910961,0.806924,0.519724,0.642588,0.774334,0.139571
2868.709627,sim,0.910961,0.806924,0.519724,0.642588,0.774334,0.139571
2868.713731,sim,0.910961,0.806924,0.519724,0.642588,0.774334,0.139571
2868.717553,sim,0.910961,0.806924,0.519724,0.642588,0.774334,0.139571
2868.721469,sim,0.925427,0.856067,0.569711,0.694224,0.815339,0.140295
2868.725390,sim,0.925427,0.856067,0.569711,0.694224,0.815339,0.140295
2868.729392,sim,0.925427,0.856067,0.569711,0.694224,0.815339,0.140295
2868.733601,sim,0.925427,0.856067,0.569711,0.694224,0.815339,0.140295
2868.737515,sim,0.925427,0.856067,0.569711,0.694224,0.815339,0.140295
2868.741265,sim,0.937965,0.898657,0.621355,0.747298,0.850877,0.140922
2868.745401,sim,0.937965,0.898657,0.621355,0.747298,0.850877,0.140922
2868.749189,sim,0.937965,0.898657,0.621355,0.747298,0.850877,0.140922
2868.753153,sim,0.937965,0.898657,0.621355,0.747298,0.850877,0.140922
2868.757381,sim,0.937965,0.898657,0.621355,0.747298,0.850877,0.140922
2868.761255,sim,0.948830,0.935569,0.674435,0.801617,0.881676,0.141465
2868.765765,sim,0.948830,0.935569,0.674435,0.801617,0.881676,0.141465
2868.769449,sim,0.948830,0.935569,0.674435,0.801617,0.881676,0.141465
2868.773268,sim,0.948830,0.935569,0.674435,0.801617,0.881676,0.141465
2868.777345,sim,0.948830,0.935569,0.674435,0.801617,0.881676,0.141465
2868.781063,sim,0.958247,0.967560,0.727373,0.851467,0.908369,0.141936
2868.785307,sim,0.958247,0.967560,0.727373,0.851467,0.908369,0.141936
2868.788973,sim,0.958247,0.967560,0.727373,0.851467,0.908369,0.141936
2868.793115,sim,0.958247,0.967560,0.727373,0.851467,0.908369,0.141936
2868.797057,sim,0.958247,0.967560,0.727373,0.851467,0.908369,0.141936
2868.800885,sim,0.966408,0.995285,0.781575,0.894671,0.931503,0.142344
2868.804938,sim,0.966408,0.995285,0.781575,0.894671,0.931503,0.142344
2868.808856,sim,0.966408,0.995285,0.781575,0.894671,0.931503,0.142344
2868.812854,sim,0.966408,0.995285,0.781575,0.894671,0.931503,0.142344
2868.816795,sim,0.966408,0.995285,0.781575,0.894671,0.931503,0.142344
2868.821343,sim,0.973481,1.000000,0.834098,0.932114,0.951552,0.142697
2868.825080,sim,0.973480,0.999999,0.834096,0.932113,0.951551,0.142696
2868.828781,sim,0.973482,1.000000,0.834098,0.932115,0.951553,0.142698
2868.832707,sim,0.973480,0.999999,0.834097,0.932113,0.951551,0.142696
2868.837039,sim,0.973484,1.000002,0.834100,0.932117,0.951555,0.142700
2868.840742,sim,0.979615,1.000003,0.881008,0.964568,0.968931,0.143007
2868.844726,sim,0.979613,1.000002,0.881006,0.964567,0.968930,0.143006
2868.848534,sim,0.979613,1.000002,0.881006,0.964567,0.968930,0.143006
2868.852729,sim,0.979613,1.000002,0.881006,0.964567,0.968930,0.143006
2868.856933,sim,0.984926,1.000002,0.921659,0.992692,0.983990,0.143272
2868.860638,sim,0.984926,1.000002,0.921659,0.992692,0.983990,0.143272
2868.864534,sim,0.984926,1.000002,0.921659,0.992692,0.983990,0.143272
2868.868632,sim,0.984926,1.000002,0.921659,0.992692,0.983990,0.143272
2868.872572,sim,0.984926,1.000002,0.921659,0.992692,0.983990,0.143272
2868.876472,sim,0.989531,1.000002,0.956891,1.000002,0.997041,0.143502
2868.880384,sim,0.989530,1.000001,0.956890,1.000001,0.997040,0.143501
2868.884902,sim,0.989528,0.999999,0.956889,0.999999,0.997038,0.143499
2868.888621,sim,0.989526,0.999997,0.956887,0.999997,0.997036,0.143497
2868.892574,sim,0.989532,1.000003,0.956893,1.000003,0.997042,0.143503
2868.896462,sim,0.993518,0.999999,0.987423,0.999999,0.999999,0.143698
2868.900645,sim,0.993519,1.000000,0.987424,1.000000,1.000000,0.143699
2868.904790,sim,0.993515,0.999995,0.987420,0.999995,0.999995,0.143695
2868.908508,sim,0.993521,1.000002,0.987426,1.000002,1.000002,0.143702
2868.912449,sim,0.993516,0.999997,0.987421,0.999997,0.999997,0.143696
2868.916423,sim,0.993520,1.000001,0.987425,1.000001,1.000001,0.143701
2868.920483,sim,0.996974,0.999996,0.999996,0.999996,0.999996,0.143868
2868.924408,sim,0.996980,1.000002,1.000002,1.000002,1.000002,0.143875
2868.928124,sim,0.996972,0.999994,0.999994,0.999994,0.999994,0.143867
2868.932175,sim,0.996981,1.000003,1.000003,1.000003,1.000003,0.143876
2868.936236,sim,0.996972,0.999994,0.999994,0.999994,0.999994,0.143867
2868.940202,sim,0.999978,1.000003,1.000003,1.000003,1.000003,0.144025
2868.944147,sim,0.999969,0.999995,0.999995,0.999995,0.999995,0.144017
2868.948111,sim,0.999978,1.000003,1.000003,1.000003,1.000003,0.144025
2868.952451,sim,0.999969,0.999994,0.999994,0.999994,0.999994,0.144017
2868.956233,sim,1.000001,1.000001,1.000001,1.000001,1.000001,0.144153
2868.960111,sim,0.999996,0.999996,0.999996,0.999996,0.999996,0.144148
2868.964102,sim,1.000001,1.000001,1.000001,1.000001,1.000001,0.144153
2868.968140,sim,0.999994,0.999994,0.999994,0.999994,0.999994,0.144146
2868.972061,sim,1.000002,1.000002,1.000002,1.000002,1.000002,0.144154
2868.976097,sim,0.999996,0.999996,0.999996,0.999996,0.999996,0.144148
2868.980204,sim,1.000001,1.000001,1.000001,1.000001,1.000001,0.144265
2868.984491,sim,0.999994,0.999994,0.999994,0.999994,0.999994,0.144259
2868.988142,sim,1.000002,1.000002,1.000002,1.000002,1.000002,0.144266
2868.991927,sim,0.999995,0.999995,0.999995,0.999995,0.999995,0.144260
2868.996067,sim,1.000001,1.000001,1.000001,1.000001,1.000001,0.144266
2869.000116,sim,0.999994,0.999994,0.999994,0.999994,0.999994,0.144356
2869.004182,sim,1.000001,1.000001,1.000001,1.000001,1.000001,0.144364
2869.007875,sim,0.999996,0.999996,0.999996,0.999996,0.999996,0.144358
2869.012097,sim,1.000000,1.000000,1.000000,1.000000,1.000000,0.144362
2869.016191,sim,0.999995,0.999995,0.999995,0.999995,0.999995,0.144357
2869.020054,sim,1.000002,1.000002,1.000002,1.000002,1.000002,0.144449
2869.024143,sim,0.999996,0.999996,0.999996,0.999996,0.999996,0.144443
2869.027939,sim,1.000000,1.000000,1.000000,1.000000,1.000000,0.144447
2869.031899,sim,0.999994,0.999994,0.999994,0.999994,0.999994,0.144441
2869.035845,sim,1.000002,1.000002,1.000002,1.000002,1.000002,0.144522
2869.039822,sim,0.999996,0.999996,0.999996,0.999996,0.999996,0.144516
2869.044238,sim,1.000001,1.000001,1.000001,1.000001,1.000001,0.144521
2869.047946,sim,0.999994,0.999994,0.999994,0.999994,0.999994,0.144514
2869.051880,sim,1.000001,1.000001,1.000001,1.000001,1.000001,0.144522
2869.055807,sim,0.999996,0.999996,0.999996,0.999996,0.999996,0.144580
2869.059851,sim,1.000001,1.000001,1.000001,1.000001,1.000001,0.144584
2869.063991,sim,0.999995,0.999995,0.999995,0.999995,0.999995,0.144578
2869.067932,sim,1.000001,1.000001,1.000001,1.000001,1.000001,0.144585
2869.071832,sim,0.999996,0.999996,0.999996,0.999996,0.999996,0.144579
2869.076165,sim,1.000001,1.000001,1.000001,1.000001,1.000001,0.144639
2869.080056,sim,0.999994,0.999994,0.999994,0.999994,0.999994,0.144633
2869.084236,sim,1.000001,1.000001,1.000001,1.000001,1.000001,0.144640
2869.087983,sim,0.999996,0.999996,0.999996,0.999996,0.999996,0.144635
2869.092367,sim,0.997354,1.000003,1.000003,1.000003,1.000003,0.144689
2869.096054,sim,0.997346,0.999994,0.999994,0.999994,0.999994,0.144681
2869.100097,sim,0.997355,1.000003,1.000003,1.000003,1.000003,0.144689
2869.104068,sim,0.997346,0.999994,0.999994,0.999994,0.999994,0.144681
2869.107989,sim,0.997355,1.000003,1.000003,1.000003,1.000003,0.144689
2869.112584,sim,0.997346,0.999994,0.999994,0.999994,0.999994,0.144681
2869.115796,sim,0.973949,1.000003,1.000003,1.000003,1.000003,0.144731
2869.119651,sim,0.973940,0.999994,0.999994,0.999994,0.999994,0.144722
2869.123900,sim,0.973948,1.000003,1.000003,1.000003,1.000003,0.144730
2869.127909,sim,0.973940,0.999994,0.999994,0.999994,0.999994,0.144722
2869.131735,sim,0.973949,1.000003,1.000003,1.000003,1.000003,0.144731
2869.135763,sim,0.941172,0.999994,0.999994,0.999994,0.999994,0.144758
2869.139758,sim,0.941181,1.000003,1.000003,1.000003,1.000003,0.144767
2869.143884,sim,0.941171,0.999994,0.999994,0.999994,0.999994,0.144758
2869.147690,sim,0.941181,1.000003,1.000003,1.000003,1.000003,0.144767
2869.151599,sim,0.941172,0.999994,0.999994,0.999994,0.999994,0.144758
2869.155744,sim,0.901685,1.000003,1.000003,1.000003,1.000003,0.141575
2869.159688,sim,0.901676,0.999994,0.999994,0.999994,0.999994,0.141566
2869.163782,sim,0.901685,1.000003,1.000003,1.000003,1.000003,0.141576
2869.167595,sim,0.901676,0.999994,0.999994,0.999994,0.999994,0.141567
2869.171982,sim,0.901685,1.000003,1.000003,1.000003,1.000003,0.141576
2869.175781,sim,0.856354,0.999997,0.999997,0.999997,0.979111,0.132360
2869.179571,sim,0.856360,1.000003,1.000003,1.000003,0.979116,0.132366
2869.183904,sim,0.856353,0.999997,0.999997,0.999997,0.979110,0.132359
2869.187555,sim,0.856360,1.000003,1.000003,1.000003,0.979116,0.132366
2869.191645,sim,0.856354,0.999997,0.999997,0.999997,0.979110,0.132360
2869.195565,sim,0.807368,1.000003,1.000003,1.000003,0.948433,0.116865
2869.199517,sim,0.807362,0.999996,0.999996,0.999996,0.948426,0.116859
2869.203626,sim,0.807368,1.000003,1.000003,1.000003,0.948432,0.116865
2869.207493,sim,0.807362,0.999997,0.999997,0.999997,0.948426,0.116859
2869.211589,sim,0.807369,1.000003,1.000003,1.000003,0.948433,0.116865
2869.215487,sim,0.753810,0.965574,0.996979,0.971989,0.912128,0.101280
2869.219588,sim,0.753811,0.965575,0.996980,0.971990,0.912129,0.101281
2869.223609,sim,0.753811,0.965575,0.996980,0.971990,0.912129,0.101281
2869.227447,sim,0.753811,0.965575,0.996980,0.971990,0.912129,0.101281
2869.231507,sim,0.753811,0.965575,0.996980,0.971990,0.912129,0.101281
2869.235503,sim,0.753811,0.965575,0.996980,0.971990,0.912129,0.101281
2869.239522,sim,0.692139,0.920053,0.961141,0.932547,0.873732,0.087777
2869.243498,sim,0.692139,0.920053,0.961141,0.932547,0.873732,0.087777
2869.247784,sim,0.692139,0.920053,0.961141,0.932547,0.873733,0.087777
2869.251448,sim,0.692139,0.920053,0.961141,0.932547,0.873733,0.087777
2869.255557,sim,0.631755,0.875052,0.925919,0.894203,0.833521,0.076073
2869.259502,sim,0.631755,0.875052,0.925919,0.894203,0.833521,0.076073
2869.263431,sim,0.631755,0.875052,0.925919,0.894203,0.833521,0.076073
2869.267413,sim,0.631755,0.875052,0.925919,0.894203,0.833521,0.076073
2869.271633,sim,0.631755,0.875052,0.925919,0.894203,0.833521,0.076073
2869.275730,sim,0.569713,0.827729,0.887071,0.852649,0.791735,0.067004
2869.279377,sim,0.569713,0.827729,0.887071,0.852649,0.791735,0.067004
2869.283594,sim,0.569713,0.827729,0.887071,0.852649,0.791735,0.067004
2869.287522,sim,0.569713,0.827729,0.887071,0.852649,0.791735,0.067004
2869.291502,sim,0.569713,0.827729,0.887071,0.852649,0.791735,0.067004
2869.295256,sim,0.503461,0.778394,0.845081,0.811087,0.747199,0.059144
2869.299325,sim,0.503461,0.778394,0.845081,0.811087,0.747199,0.059144
2869.303473,sim,0.503461,0.778394,0.845081,0.811087,0.747199,0.059144
2869.307905,sim,0.503461,0.778394,0.845081,0.811087,0.747199,0.059144
2869.311574,sim,0.503461,0.778394,0.845081,0.811087,0.747199,0.059144
2869.315705,sim,0.437720,0.727315,0.803141,0.766745,0.701667,0.052332
2869.319664,sim,0.437720,0.727315,0.803141,0.766745,0.701667,0.052332
2869.324159,sim,0.437720,0.727315,0.803141,0.766745,0.701667,0.052332
2869.327527,sim,0.437720,0.727315,0.803141,0.766745,0.701667,0.052332
2869.331534,sim,0.437720,0.727315,0.803141,0.766745,0.701667,0.052332
2869.335825,sim,0.380744,0.674724,0.759858,0.721380,0.653883,0.046429
2869.339534,sim,0.380744,0.674724,0.759858,0.721380,0.653883,0.046429
2869.343596,sim,0.380744,0.674724,0.759858,0.721380,0.653883,0.046429
2869.347338,sim,0.380744,0.674724,0.759858,0.721380,0.653883,0.046429
2869.351400,sim,0.380744,0.674724,0.759858,0.721380,0.653883,0.046429
2869.355461,sim,0.331365,0.620823,0.714025,0.675129,0.605535,0.041312
2869.359390,sim,0.331365,0.620823,0.714025,0.675129,0.605535,0.041312
2869.363416,sim,0.331365,0.620823,0.714025,0.675129,0.605535,0.041312
2869.367453,sim,0.331365,0.620823,0.714025,0.675129,0.605535,0.041312
2869.371492,sim,0.331365,0.620823,0.714025,0.675129,0.605535,0.041312
2869.375317,sim,0.288570,0.567174,0.665980,0.629496,0.556698,0.036878
2869.379802,sim,0.288570,0.567174,0.665980,0.629496,0.556698,0.036878
2869.383719,sim,0.288570,0.567174,0.665980,0.629496,0.556698,0.036878
2869.387331,sim,0.288570,0.567174,0.665980,0.629496,0.556698,0.036878
2869.391324,sim,0.288570,0.567174,0.665980,0.629496,0.556698,0.036878
2869.395316,sim,0.288570,0.567174,0.665980,0.629496,0.556698,0.036878
2869.399671,sim,0.251481,0.510969,0.616019,0.580239,0.504664,0.033035
2869.403573,sim,0.251481,0.510969,0.616019,0.580239,0.504664,0.033035
2869.407320,sim,0.251481,0.510969,0.616019,0.580239,0.504664,0.033035
2869.411350,sim,0.251481,0.510969,0.616019,0.580239,0.504664,0.033035
2869.415383,sim,0.251481,0.510969,0.616019,0.580239,0.504664,0.033035
2869.419324,sim,0.219337,0.452549,0.565785,0.529227,0.454020,0.029704
2869.423381,sim,0.219337,0.452549,0.565785,0.529227,0.454020,0.029704
2869.427381,sim,0.219337,0.452549,0.565785,0.529227,0.454020,0.029704
2869.432230,sim,0.219337,0.452549,0.565785,0.529227,0.454020,0.029704
2869.435559,sim,0.191479,0.396370,0.519474,0.479468,0.405967,0.026818
2869.439343,sim,0.191479,0.396370,0.519474,0.479468,0.405967,0.026818
2869.443368,sim,0.191479,0.396370,0.519474,0.479468,0.405967,0.026818
2869.447514,sim,0.191479,0.396370,0.519474,0.479468,0.405967,0.026818
2869.451598,sim,0.191479,0.396370,0.519474,0.479468,0.405967,0.026818
2869.455556,sim,0.167336,0.346295,0.469629,0.430796,0.354612,0.024316
2869.459836,sim,0.167336,0.346295,0.469629,0.430796,0.354612,0.024316
2869.463574,sim,0.167336,0.346295,0.469629,0.430796,0.354612,0.024316
2869.467461,sim,0.167336,0.346295,0.469629,0.430796,0.354612,0.024316
2869.471357,sim,0.167336,0.346295,0.469629,0.430796,0.354612,0.024316
2869.475233,sim,0.167336,0.346295,0.469629,0.430796,0.354612,0.024316
2869.479371,sim,0.146411,0.302896,0.416721,0.378905,0.308717,0.022148
2869.483578,sim,0.146411,0.302896,0.416721,0.378905,0.308717,0.022148
2869.487177,sim,0.146411,0.302896,0.416721,0.378905,0.308717,0.022148
2869.491477,sim,0.146411,0.302896,0.416721,0.378905,0.308717,0.022148
2869.495517,sim,0.146411,0.302896,0.416721,0.378905,0.308717,0.022148
2869.499380,sim,0.128277,0.263897,0.365319,0.328384,0.268942,0.020269
2869.503333,sim,0.128277,0.263897,0.365319,0.328384,0.268942,0.020269
2869.507230,sim,0.128277,0.263897,0.365319,0.328384,0.268942,0.020269
2869.511205,sim,0.128277,0.263897,0.365319,0.328384,0.268942,0.020269
2869.515239,sim,0.128277,0.263897,0.365319,0.328384,0.268942,0.020269
2869.519138,sim,0.112560,0.230098,0.316610,0.284600,0.234470,0.018641
2869.523565,sim,0.112560,0.230098,0.316610,0.284600,0.234470,0.018641
2869.527298,sim,0.112560,0.230098,0.316610,0.284600,0.234470,0.018641
2869.531249,sim,0.112560,0.230098,0.316610,0.284600,0.234470,0.018641
2869.535277,sim,0.112560,0.230098,0.316610,0.284600,0.234470,0.018641
2869.539406,sim,0.098939,0.200805,0.274395,0.246653,0.204594,0.017229
2869.543596,sim,0.098939,0.200805,0.274395,0.246653,0.204594,0.017229
2869.547367,sim,0.098939,0.200805,0.274395,0.246653,0.204594,0.017229
2869.551298,sim,0.098939,0.200805,0.274395,0.246653,0.204594,0.017229
2869.555518,sim,0.098939,0.200805,0.274395,0.246653,0.204594,0.017229
2869.559553,sim,0.087134,0.175418,0.237809,0.213766,0.178702,0.016006
2869.563337,sim,0.087134,0.175418,0.237809,0.213766,0.178702,0.016006
2869.567233,sim,0.087134,0.175418,0.237809,0.213766,0.178702,0.016006
2869.571175,sim,0.087134,0.175418,0.237809,0.213766,0.178702,0.016006
2869.575178,sim,0.087134,0.175418,0.237809,0.213766,0.178702,0.016006
2869.579179,sim,0.080000,0.153416,0.206101,0.185264,0.156262,0.014946
2869.583506,sim,0.080000,0.153416,0.206101,0.185264,0.156262,0.014946
2869.587378,sim,0.080000,0.153416,0.206101,0.185264,0.156262,0.014946
2869.591472,sim,0.080000,0.153416,0.206101,0.185264,0.156262,0.014946
2869.595631,sim,0.080000,0.153416,0.206101,0.185264,0.156262,0.014946
2869.599305,sim,0.080000,0.134347,0.178621,0.160562,0.136814,0.014027
2869.603336,sim,0.080000,0.134347,0.178621,0.160562,0.136814,0.014027
2869.607272,sim,0.080000,0.134347,0.178621,0.160562,0.136814,0.014027
2869.611191,sim,0.080000,0.134347,0.178621,0.160562,0.136814,0.014027
2869.615224,sim,0.080000,0.134347,0.178621,0.160562,0.136814,0.014027
2869.619576,sim,0.080000,0.120000,0.154805,0.139154,0.120000,0.013231
2869.623540,sim,0.080000,0.120000,0.154805,0.139154,0.120000,0.013231
2869.627224,sim,0.080000,0.120000,0.154805,0.139153,0.120000,0.013231
2869.631160,sim,0.080001,0.120001,0.154806,0.139155,0.120001,0.013232
2869.635482,sim,0.080000,0.120000,0.154805,0.139153,0.120000,0.013230
2869.639261,sim,0.080001,0.120001,0.134166,0.120601,0.120001,0.012542
2869.643421,sim,0.079999,0.119999,0.134164,0.120599,0.119999,0.012540
2869.647267,sim,0.080001,0.120001,0.134165,0.120601,0.120001,0.012542
2869.651244,sim,0.079999,0.119999,0.134164,0.120599,0.119999,0.012540
2869.655655,sim,0.080001,0.120001,0.134165,0.120601,0.120001,0.012542
2869.659249,sim,0.079999,0.119999,0.119999,0.119999,0.119999,0.011942
2869.663243,sim,0.080002,0.120002,0.120002,0.120002,0.120002,0.011945
2869.667373,sim,0.079999,0.119999,0.119999,0.119999,0.119999,0.011941
2869.671237,sim,0.080002,0.120002,0.120002,0.120002,0.120002,0.011945
2869.675211,sim,0.079999,0.119999,0.119999,0.119999,0.119999,0.011942
2869.679236,sim,0.080002,0.120002,0.120002,0.120002,0.120002,0.011426
2869.683948,sim,0.079999,0.119999,0.119999,0.119999,0.119999,0.011423
2869.687344,sim,0.080002,0.120002,0.120002,0.120002,0.120002,0.011426
2869.691192,sim,0.079999,0.119999,0.119999,0.119999,0.119999,0.011423
2869.695172,sim,0.080002,0.120002,0.120002,0.120002,0.120002,0.011426
2869.699188,sim,0.079999,0.119999,0.119999,0.119999,0.119999,0.010974
2869.703339,sim,0.080002,0.120002,0.120002,0.120002,0.120002,0.010977
2869.707165,sim,0.079999,0.119999,0.119999,0.119999,0.119999,0.010974
2869.711118,sim,0.080002,0.120002,0.120002,0.120002,0.120002,0.010977
2869.715160,sim,0.079999,0.119999,0.119999,0.119999,0.119999,0.010974
2869.719179,sim,0.080002,0.120002,0.120002,0.120002,0.120002,0.010977
2869.723249,sim,0.079999,0.119999,0.119999,0.119999,0.119999,0.010585
2869.727152,sim,0.080002,0.120002,0.120002,0.120002,0.120002,0.010199
2869.731124,sim,0.079999,0.119999,0.119999,0.119999,0.119999,0.009806
2869.735266,sim,0.080002,0.120002,0.120002,0.120002,0.120002,0.009420
2869.739238,sim,0.079999,0.119999,0.119999,0.119999,0.119999,0.009027
2869.743210,sim,0.080002,0.120002,0.120002,0.120002,0.120002,0.008641
2869.747166,sim,0.079999,0.119999,0.119999,0.119999,0.119999,0.008249
2869.751242,sim,0.080002,0.120002,0.120002,0.120002,0.120002,0.008057
2869.755172,sim,0.079999,0.119999,0.119999,0.119999,0.119999,0.008054
2869.759148,sim,0.080002,0.120002,0.120002,0.120002,0.120002,0.008057
2869.763277,sim,0.079999,0.119999,0.119999,0.119999,0.119999,0.008054
2869.767405,sim,0.080002,0.120002,0.120002,0.120002,0.120002,0.008057
2869.771506,sim,0.079999,0.119999,0.119999,0.119999,0.119999,0.008054
2869.775261,sim,0.080002,0.120002,0.120002,0.120002,0.120002,0.008057
2869.779367,sim,0.079999,0.119999,0.119999,0.119999,0.119999,0.008054
2869.783514,sim,0.080002,0.120002,0.120002,0.120002,0.120002,0.008057
2869.787189,sim,0.079999,0.119999,0.119999,0.119999,0.119999,0.008054
2869.791171,sim,0.080002,0.120002,0.120002,0.120002,0.120002,0.008057
2869.795148,sim,0.079999,0.119999,0.119999,0.119999,0.119999,0.008054
2869.799171,sim,0.080002,0.120002,0.120002,0.120002,0.120002,0.008057
2869.803278,sim,0.079999,0.119999,0.119999,0.119999,0.119999,0.008054
2869.807173,sim,0.080002,0.120002,0.120002,0.120002,0.120002,0.008057
2869.811280,sim,0.079999,0.119999,0.119999,0.119999,0.119999,0.008054
2869.815284,sim,0.080002,0.120002,0.120002,0.120002,0.120002,0.008057
2869.819322,sim,0.079999,0.119999,0.119999,0.119999,0.119999,0.008054
2869.823255,sim,0.080002,0.120002,0.120002,0.120002,0.120002,0.008057
2869.827178,sim,0.079999,0.119999,0.119999,0.119999,0.119999,0.008054
2869.831185,sim,0.080002,0.120002,0.120002,0.120002,0.120002,0.008057
2869.835257,sim,0.079999,0.119999,0.119999,0.119999,0.119999,0.008054
2869.839132,sim,0.080002,0.120002,0.120002,0.120002,0.120002,0.008057
2869.843259,sim,0.079999,0.119999,0.119999,0.119999,0.119999,0.008054
2869.847216,sim,0.080002,0.120002,0.120002,0.120002,0.120002,0.008057
2869.851112,sim,0.079999,0.119999,0.119999,0.119999,0.119999,0.008054
2869.855079,sim,0.080002,0.120002,0.120002,0.120002,0.120002,0.008057
2869.859129,sim,0.079999,0.119999,0.119999,0.119999,0.119999,0.008054
2869.863241,sim,0.080002,0.120002,0.120002,0.120002,0.120002,0.008057
2869.867150,sim,0.079999,0.119999,0.119999,0.119999,0.119999,0.008054
2869.871132,sim,0.080002,0.120002,0.120002,0.120002,0.120002,0.008057
2869.875289,sim,0.079999,0.119999,0.119999,0.119999,0.119999,0.008054
2869.879280,sim,0.080002,0.120002,0.120002,0.120002,0.120002,0.008057
2869.883387,sim,0.079999,0.119999,0.119999,0.119999,0.119999,0.008054
2869.887165,sim,0.080002,0.120002,0.120002,0.120002,0.120002,0.008057
2869.891114,sim,0.079999,0.119999,0.119999,0.119999,0.119999,0.008054
2869.895391,sim,0.080002,0.120002,0.120002,0.120002,0.120002,0.008057
2869.899691,sim,0.079999,0.119999,0.119999,0.119999,0.119999,0.008054
2869.903481,sim,0.080002,0.120002,0.120002,0.120002,0.120002,0.008057
2869.907288,sim,0.079999,0.119999,0.119999,0.119999,0.119999,0.008054
2869.911490,sim,0.080002,0.120002,0.120002,0.120002,0.120002,0.008057
2869.915227,sim,0.079999,0.119999,0.119999,0.119999,0.119999,0.008054
2869.919208,sim,0.080002,0.120002,0.120002,0.120002,0.120002,0.008057
2869.923173,sim,0.079999,0.119999,0.119999,0.119999,0.119999,0.008054
2869.927201,sim,0.080002,0.120002,0.120002,0.120002,0.120002,0.008057
2869.931080,sim,0.079999,0.119999,0.119999,0.119999,0.119999,0.008054
2869.935044,sim,0.080002,0.120002,0.120002,0.120002,0.120002,0.008057
2869.939334,sim,0.079999,0.119999,0.119999,0.119999,0.119999,0.008054
2869.943246,sim,0.080002,0.120002,0.120002,0.120002,0.120002,0.008057
2869.947123,sim,0.079999,0.119999,0.119999,0.119999,0.119999,0.008054
2869.951020,sim,0.080002,0.120002,0.120002,0.120002,0.120002,0.008057
2869.955188,sim,0.079999,0.119999,0.119999,0.119999,0.119999,0.008054
2869.959350,sim,0.080002,0.120002,0.120002,0.120002,0.120002,0.008057
2869.963185,sim,0.079999,0.119999,0.119999,0.119999,0.119999,0.013424
2869.967148,sim,0.080002,0.120002,0.120002,0.120002,0.120002,0.013428
2869.971128,sim,0.079999,0.119999,0.119999,0.119999,0.119999,0.013424
2869.975160,sim,0.080002,0.120002,0.120002,0.120002,0.120002,0.013427
2869.979401,sim,0.079999,0.119999,0.119999,0.119999,0.119999,0.013424
2869.983216,sim,0.080002,0.120002,0.120002,0.120002,0.120002,0.025600
2869.987129,sim,0.079999,0.119999,0.119999,0.119999,0.119999,0.025597
2869.991092,sim,0.080002,0.120002,0.120002,0.120002,0.120002,0.025600
2869.995041,sim,0.079999,0.119999,0.119999,0.119999,0.119999,0.025597
2869.999250,sim,0.080002,0.120002,0.120002,0.120002,0.120002,0.025600
2870.003327,sim,0.079999,0.119999,0.119999,0.119999,0.119999,0.044739
2870.007173,sim,0.080002,0.120002,0.120002,0.120002,0.120002,0.044742
2870.011116,sim,0.079999,0.119999,0.119999,0.119999,0.119999,0.044739
2870.014967,sim,0.080002,0.120002,0.120002,0.120002,0.120002,0.044742
2870.019096,sim,0.079999,0.119999,0.119999,0.119999,0.119999,0.044739
2870.023362,sim,0.089396,0.120002,0.120002,0.120002,0.120002,0.063480
2870.027180,sim,0.089393,0.119999,0.119999,0.119999,0.119999,0.063477
2870.030995,sim,0.089396,0.120002,0.120002,0.120002,0.120002,0.063480
2870.035197,sim,0.089393,0.119999,0.119999,0.119999,0.119999,0.063477
2870.039242,sim,0.089396,0.120002,0.120002,0.120002,0.120002,0.063479
2870.043286,sim,0.127406,0.119999,0.119999,0.119999,0.119999,0.079716
2870.047025,sim,0.127409,0.120002,0.120002,0.120002,0.120002,0.079719
2870.051231,sim,0.127406,0.119999,0.119999,0.119999,0.119999,0.079716
2870.055170,sim,0.127409,0.120002,0.120002,0.120002,0.120002,0.079719
2870.064571,sim,0.127406,0.119999,0.119999,0.119999,0.119999,0.079716
2870.067740,sim,0.172837,0.120001,0.120001,0.120001,0.120001,0.093793
2870.068279,sim,0.172834,0.119999,0.119999,0.119999,0.119999,0.093790
2870.071845,sim,0.172837,0.120001,0.120001,0.120001,0.120001,0.093793
2870.075052,sim,0.172834,0.119999,0.119999,0.119999,0.119999,0.093790
2870.079134,sim,0.172837,0.120002,0.120002,0.120002,0.120002,0.093793
2870.083379,sim,0.223301,0.119999,0.119999,0.119999,0.119999,0.105988
2870.087556,sim,0.223304,0.120001,0.120001,0.120001,0.120001,0.105991
2870.091142,sim,0.223301,0.119999,0.119999,0.119999,0.119999,0.105988
2870.095101,sim,0.223304,0.120001,0.120001,0.120001,0.120001,0.105990
2870.099338,sim,0.223301,0.119999,0.119999,0.119999,0.119999,0.105988
2870.103408,sim,0.276751,0.120001,0.120001,0.120001,0.120001,0.116562
2870.107179,sim,0.276749,0.119999,0.119999,0.119999,0.119999,0.116559
2870.111351,sim,0.276751,0.120002,0.120002,0.120002,0.120002,0.116562
2870.115328,sim,0.276749,0.119999,0.119999,0.119999,0.119999,0.116559
2870.119624,sim,0.330007,0.120001,0.120001,0.120001,0.120001,0.125723
2870.123615,sim,0.330005,0.119999,0.119999,0.119999,0.119999,0.125721
2870.127371,sim,0.330007,0.120001,0.120001,0.120001,0.120001,0.125723
2870.131347,sim,0.330005,0.119999,0.119999,0.119999,0.119999,0.125721
2870.135704,sim,0.330007,0.120001,0.120001,0.120001,0.120001,0.125723
2870.139383,sim,0.387256,0.119999,0.119999,0.119999,0.119999,0.133661
2870.144333,sim,0.387259,0.120001,0.120001,0.120001,0.120001,0.133664
2870.147498,sim,0.387256,0.119999,0.119999,0.119999,0.119999,0.133661
2870.151274,sim,0.387259,0.120001,0.120001,0.120001,0.120001,0.133664
2870.155205,sim,0.387256,0.119999,0.119999,0.119999,0.119999,0.133661
2870.159197,sim,0.387259,0.120001,0.120001,0.120001,0.120001,0.133664
2870.163361,sim,0.449357,0.119999,0.119999,0.119999,0.119999,0.140543
2870.167225,sim,0.449360,0.120001,0.120001,0.120001,0.120001,0.140545
2870.171261,sim,0.449357,0.119999,0.119999,0.119999,0.119999,0.140543
2870.175231,sim,0.449360,0.120001,0.120001,0.120001,0.120001,0.140545
2870.179388,sim,0.449357,0.119999,0.119999,0.119999,0.119999,0.140543
2870.183531,sim,0.511502,0.155296,0.120001,0.120001,0.141939,0.145434
2870.187227,sim,0.511501,0.155295,0.120000,0.120000,0.141938,0.145433
2870.191133,sim,0.511502,0.155296,0.120001,0.120001,0.141939,0.145434
2870.195141,sim,0.511501,0.155295,0.120000,0.120000,0.141938,0.145433
2870.199201,sim,0.511502,0.155296,0.120001,0.120001,0.141939,0.145434
2870.203313,sim,0.576454,0.195618,0.120000,0.120000,0.181267,0.149671
2870.207259,sim,0.576456,0.195619,0.120001,0.120001,0.181269,0.149672
2870.211259,sim,0.576454,0.195618,0.120000,0.120000,0.181267,0.149671
2870.215241,sim,0.576456,0.195619,0.120001,0.120001,0.181269,0.149672
2870.219296,sim,0.576455,0.195618,0.120000,0.120000,0.181268,0.149671
2870.223193,sim,0.635523,0.238887,0.120001,0.120001,0.222289,0.153345
2870.227276,sim,0.635521,0.238886,0.119999,0.119999,0.222288,0.153344
2870.231280,sim,0.635523,0.238887,0.120001,0.120001,0.222289,0.153345
2870.235188,sim,0.635521,0.238886,0.120000,0.120000,0.222288,0.153344
2870.239422,sim,0.635522,0.238887,0.120000,0.120000,0.222289,0.153345
2870.243552,sim,0.686713,0.283321,0.152067,0.146807,0.266162,0.156527
2870.247267,sim,0.686713,0.283321,0.152068,0.146808,0.266162,0.156528
2870.251285,sim,0.686713,0.283321,0.152068,0.146808,0.266162,0.156528
2870.255148,sim,0.686713,0.283321,0.152068,0.146808,0.266162,0.156528
2870.259245,sim,0.686713,0.283321,0.152068,0.146808,0.266162,0.156528
2870.263421,sim,0.731079,0.330153,0.191434,0.185488,0.311121,0.159286
2870.267676,sim,0.731079,0.330153,0.191434,0.185488,0.311121,0.159286
2870.271370,sim,0.731079,0.330153,0.191434,0.185488,0.311121,0.159286
2870.275257,sim,0.731079,0.330153,0.191434,0.185488,0.311121,0.159286
2870.279591,sim,0.731079,0.330153,0.191434,0.185488,0.311121,0.159286
2870.283566,sim,0.769530,0.377676,0.232486,0.225946,0.357020,0.161677
2870.287162,sim,0.769530,0.377676,0.232486,0.225946,0.357020,0.161677
2870.291161,sim,0.769530,0.377676,0.232486,0.225946,0.357020,0.161677
2870.295329,sim,0.769530,0.377676,0.232486,0.225946,0.357020,0.161677
2870.299561,sim,0.769530,0.377676,0.232486,0.225946,0.357020,0.161677
2870.303628,sim,0.802853,0.427184,0.275000,0.269332,0.403734,0.163749
2870.307265,sim,0.802853,0.427184,0.275000,0.269332,0.403734,0.163749
2870.311344,sim,0.802853,0.427184,0.275000,0.269332,0.403734,0.163749
2870.315225,sim,0.802853,0.427184,0.275000,0.269332,0.403734,0.163749
2870.319221,sim,0.802853,0.427184,0.275000,0.269332,0.403734,0.163749
2870.323387,sim,0.831734,0.478414,0.321554,0.313868,0.453929,0.165545
2870.327303,sim,0.831734,0.478414,0.321554,0.313868,0.453929,0.165545
2870.331429,sim,0.831734,0.478414,0.321554,0.313868,0.453929,0.165545
2870.336069,sim,0.831734,0.478414,0.321554,0.313868,0.453929,0.165545
2870.339238,sim,0.831734,0.478414,0.321554,0.313868,0.453929,0.165545
2870.343775,sim,0.856764,0.531134,0.367449,0.360788,0.504367,0.167102
2870.350442,sim,0.856764,0.531134,0.367449,0.360788,0.504367,0.167102
2870.351457,sim,0.856764,0.531134,0.367449,0.360788,0.504367,0.167102
2870.355455,sim,0.856764,0.531134,0.367449,0.360788,0.504367,0.167102
2870.360199,sim,0.856764,0.531134,0.367449,0.360788,0.504367,0.167102
2870.364187,sim,0.878456,0.583761,0.416934,0.408387,0.556401,0.168450
2870.367559,sim,0.878456,0.583761,0.416934,0.408387,0.556401,0.168450
2870.371498,sim,0.878456,0.583761,0.416934,0.408387,0.556401,0.168450
2870.375323,sim,0.878456,0.583761,0.416934,0.408387,0.556401,0.168450
2870.379314,sim,0.878456,0.583761,0.416934,0.408387,0.556401,0.168450
2870.383372,sim,0.897256,0.637693,0.466756,0.457962,0.607046,0.169619
2870.387314,sim,0.897256,0.637693,0.466756,0.457962,0.607046,0.169619
2870.391331,sim,0.897256,0.637693,0.466756,0.457962,0.607046,0.169619
2870.395510,sim,0.897256,0.637693,0.466756,0.457962,0.607046,0.169619
2870.399446,sim,0.897256,0.637693,0.466756,0.457962,0.607046,0.169619
2870.403474,sim,0.913550,0.691369,0.518257,0.507861,0.660647,0.170633
2850.056567,real,0.041610,0.000000,0.000000,0.000000,0.000000,0.000000
2850.061455,real,0.062416,0.000000,0.000000,0.000000,0.000000,0.000000
2850.066707,real,0.083221,0.000000,0.000000,0.000000,0.000000,0.000000
2850.071689,real,0.093624,0.000000,0.000000,0.000000,0.000000,0.000000
2850.076315,real,0.114429,0.000000,0.000000,0.000000,0.000000,0.000000
2850.081097,real,0.124831,0.000000,0.000000,0.000000,0.000000,0.000000
2850.086279,real,0.135234,0.000000,0.000000,0.000000,0.000000,0.000000
2850.091567,real,0.156039,0.000000,0.000000,0.000000,0.000000,0.000000
2850.096175,real,0.166442,0.000000,0.000000,0.000000,0.000000,0.000000
2850.102162,real,0.187247,0.000000,0.000000,0.000000,0.000000,0.000000
2850.102437,real,0.187247,0.000000,0.000000,0.000000,0.000000,0.000000
2850.106396,real,0.197650,0.000000,0.000000,0.000000,0.000000,0.000000
2850.111311,real,0.208052,0.000000,0.000000,0.000000,0.000000,0.000000
2850.116322,real,0.228858,0.000000,0.000000,0.000000,0.000000,0.000000
2850.121288,real,0.249663,0.000000,0.000000,0.000000,0.000000,0.000000
2850.126307,real,0.260066,0.000000,0.000000,0.000000,0.000000,0.000000
2850.131494,real,0.280871,0.000000,0.000000,0.000000,0.000000,0.000000
2850.136449,real,0.280871,0.000000,0.000000,0.000000,0.000000,0.000000
2850.141447,real,0.312079,0.000000,0.000000,0.000000,0.000000,0.000000
2850.146352,real,0.322481,0.000000,0.000000,0.010403,0.010403,0.000000
2850.151478,real,0.332884,0.000000,0.000000,0.010403,0.010403,0.000000
2850.156491,real,0.353689,0.000000,0.000000,0.031208,0.031208,0.000000
2850.161156,real,0.364092,0.000000,0.000000,0.052013,0.041610,0.000000
2850.166445,real,0.374494,0.000000,0.000000,0.072818,0.052013,0.000000
2850.171762,real,0.395300,0.000000,0.000000,0.083221,0.072818,0.000000
2850.176197,real,0.405702,0.000000,0.000000,0.104026,0.083221,0.000000
2850.181408,real,0.426508,0.000000,0.000000,0.114429,0.093624,0.000000
2850.186375,real,0.436910,0.000000,0.000000,0.135234,0.124831,0.000000
2850.191453,real,0.447313,0.000000,0.000000,0.156039,0.135234,0.000000
2850.196447,real,0.457715,0.000000,0.010403,0.166442,0.166442,0.000000
2850.201858,real,0.457715,0.000000,0.010403,0.187247,0.176845,0.000000
2850.206456,real,0.488923,0.000000,0.031208,0.197650,0.187247,0.000000
2850.211302,real,0.499326,0.000000,0.052013,0.208052,0.208052,0.000000
2850.216286,real,0.499326,0.000000,0.062416,0.239260,0.218455,0.000000
2850.221133,real,0.499326,0.000000,0.083221,0.249663,0.249663,0.000000
2850.226019,real,0.499326,0.000000,0.093624,0.260066,0.260066,0.000000
2850.231466,real,0.499326,0.000000,0.104026,0.280871,0.270468,0.000000
2850.236240,real,0.499326,0.000000,0.135234,0.291273,0.291273,0.000000
2850.240967,real,0.499326,0.000000,0.145637,0.312079,0.301676,0.000000
2850.246299,real,0.499326,0.000000,0.156039,0.322481,0.322481,0.000000
2850.251094,real,0.499326,0.000000,0.176845,0.332884,0.343287,0.000000
2850.256063,real,0.499326,0.000000,0.197650,0.364092,0.353689,0.000000
2850.261074,real,0.499326,0.000000,0.218455,0.374494,0.374494,0.000000
2850.266254,real,0.499326,0.000000,0.228858,0.395300,0.395300,0.000000
2850.271127,real,0.499326,0.000000,0.239260,0.405702,0.405702,0.000000
2850.275956,real,0.499326,0.000000,0.260066,0.416105,0.436910,0.000000
2850.281088,real,0.499326,0.000000,0.270468,0.436910,0.447313,0.000000
2850.286017,real,0.499326,0.000000,0.291273,0.457715,0.468118,0.000000
2850.291510,real,0.499326,0.000000,0.312079,0.468118,0.478521,0.000000
2850.296215,real,0.499326,0.000000,0.322481,0.488923,0.499326,0.000000
2850.301516,real,0.499326,0.000000,0.343287,0.499326,0.520131,0.000000
2850.301740,real,0.499326,0.000000,0.343287,0.499326,0.520131,0.000000
2850.306010,real,0.499326,0.000000,0.353689,0.520131,0.530534,0.000000
2850.311108,real,0.499326,0.000000,0.364092,0.540936,0.540936,0.000000
2850.315874,real,0.499326,0.000000,0.395300,0.551339,0.561742,0.000000
2850.320779,real,0.499326,0.000000,0.405702,0.572144,0.572144,0.000000
2850.325947,real,0.499326,0.000000,0.426508,0.582547,0.603352,0.000000
2850.331000,real,0.499326,0.000000,0.436910,0.603352,0.613755,0.000000
2850.335864,real,0.499326,0.000000,0.447313,0.624157,0.624157,0.000000
2850.340846,real,0.499326,0.000000,0.457715,0.634560,0.644963,0.000000
2850.345956,real,0.499326,0.000000,0.478521,0.655365,0.655365,0.000000
2850.350827,real,0.499326,0.000000,0.509729,0.665768,0.676171,0.000000
2850.355946,real,0.499326,0.000000,0.520131,0.676171,0.686573,0.000000
2850.360852,real,0.499326,0.000000,0.530534,0.696976,0.707378,0.000000
2850.365752,real,0.499326,0.000000,0.551339,0.707378,0.728184,0.000000
2850.370791,real,0.499326,0.000000,0.561742,0.728184,0.738586,0.000000
2850.375901,real,0.499326,0.000000,0.572144,0.738586,0.759392,0.000000
2850.380745,real,0.499326,0.000000,0.592950,0.748989,0.780197,0.000000
2850.385763,real,0.499326,0.000000,0.603352,0.769794,0.790599,0.000000
2850.390853,real,0.499326,0.000000,0.634560,0.790599,0.811405,0.000000
2850.395811,real,0.499326,0.000000,0.644963,0.811405,0.821807,0.000000
2850.401059,real,0.499326,0.000000,0.655365,0.821807,0.832210,0.000000
2850.401392,real,0.499326,0.000000,0.665768,0.821807,0.842613,0.000000
2850.406175,real,0.499326,0.000000,0.676171,0.832210,0.853015,0.000000
2850.411102,real,0.499326,0.000000,0.686573,0.863418,0.863418,0.000000
2850.416337,real,0.499326,0.000000,0.707378,0.873820,0.894626,0.000000
2850.421105,real,0.499326,0.000000,0.728184,0.884223,0.905028,0.000000
2850.426374,real,0.499326,0.000000,0.738586,0.905028,0.915431,0.000000
2850.431089,real,0.499326,0.000000,0.759392,0.915431,0.936236,0.000000
2850.436019,real,0.499326,0.000000,0.769794,0.936236,0.957041,0.000000
2850.441057,real,0.499326,0.000000,0.780197,0.946639,0.967444,0.000000
2850.445760,real,0.499326,0.000000,0.801002,0.967444,0.988249,0.000000
2850.451118,real,0.499326,0.000000,0.811405,0.988249,0.998652,0.000000
2850.456344,real,0.499326,0.000000,0.842613,0.998652,1.019457,0.000000
2850.460748,real,0.499326,0.000000,0.853015,1.009055,1.040262,0.000000
2850.465643,real,0.499326,0.000000,0.863418,1.040262,1.050665,0.000000
2850.470665,real,0.499326,0.000000,0.884223,1.050665,1.071470,0.000000
2850.475922,real,0.499326,0.000000,0.894626,1.071470,1.071470,0.000000
2850.480451,real,0.499326,0.000000,0.925834,1.081873,1.102678,0.000000
2850.485647,real,0.499326,0.000000,0.936236,1.092276,1.113081,0.000000
2850.490707,real,0.499326,0.000000,0.946639,1.123483,1.123483,0.000000
2850.495632,real,0.499326,0.000000,0.967444,1.133886,1.133886,0.000000
2850.501174,real,0.499326,0.000000,0.977847,1.154691,1.154691,0.000000
2850.501477,real,0.499326,0.000000,0.977847,1.154691,1.154691,0.000000
2850.505532,real,0.499326,0.000000,0.988249,1.165094,1.165094,0.000000
2850.510582,real,0.499326,0.000000,1.009055,1.175497,1.196302,0.000000
2850.516499,real,0.499326,0.000000,1.019457,1.206704,1.206704,0.000000
2850.521045,real,0.499326,0.000000,1.050665,1.217107,1.227510,0.000000
2850.525733,real,0.499326,0.000000,1.061068,1.227510,1.227510,0.000000
2850.530784,real,0.499326,0.000000,1.071470,1.248315,1.248315,0.000000
2850.536181,real,0.499326,0.000000,1.092276,1.258718,1.258718,0.000000
2850.540748,real,0.499326,0.000000,1.092276,1.289925,1.279523,0.000000
2850.545502,real,0.499326,0.000000,1.123483,1.300328,1.300328,0.000000
2850.550900,real,0.499326,0.000000,1.123483,1.310731,1.310731,0.000000
2850.555687,real,0.499326,0.000000,1.144289,1.331536,1.321133,0.000000
2850.560384,real,0.499326,0.000000,1.165094,1.341939,1.341939,0.000000
2850.565476,real,0.499326,0.000000,1.175497,1.362744,1.352341,0.000000
2850.570595,real,0.499326,0.000000,1.185899,1.373146,1.362744,0.000000
2850.575477,real,0.499326,0.000000,1.217107,1.383549,1.373146,0.000000
2850.580390,real,0.499326,0.000000,1.227510,1.383549,1.373146,0.000000
2850.585394,real,0.499326,0.000000,1.237912,1.383549,1.373146,0.000000
2850.590313,real,0.499326,0.000000,1.258718,1.383549,1.373146,0.000000
2850.595472,real,0.499326,0.000000,1.269120,1.383549,1.373146,0.000000
2850.600876,real,0.499326,0.000000,1.289925,1.383549,1.373146,0.000000
2850.601139,real,0.499326,0.000000,1.289925,1.383549,1.373146,0.000000
2850.605480,real,0.499326,0.000000,1.300328,1.383549,1.373146,0.000000
2850.610465,real,0.499326,0.000000,1.321133,1.383549,1.373146,0.000000
2850.615868,real,0.499326,0.000000,1.341939,1.383549,1.373146,0.000000
2850.620442,real,0.499326,0.000000,1.352341,1.383549,1.373146,0.000000
2850.625307,real,0.499326,0.000000,1.373146,1.383549,1.373146,0.000000
2850.630401,real,0.499326,0.000000,1.373146,1.383549,1.373146,0.000000
2850.635649,real,0.499326,0.000000,1.373146,1.383549,1.373146,0.000000
2850.640353,real,0.499326,0.000000,1.383549,1.383549,1.373146,0.000000
2850.645383,real,0.499326,0.000000,1.383549,1.383549,1.373146,0.000000
2850.650358,real,0.499326,0.000000,1.383549,1.383549,1.373146,0.000000
2850.655490,real,0.499326,0.000000,1.383549,1.383549,1.373146,0.000000
2850.660330,real,0.499326,0.000000,1.383549,1.383549,1.373146,0.000000
2850.665243,real,0.499326,0.000000,1.383549,1.383549,1.373146,0.000000
2850.670242,real,0.499326,0.000000,1.383549,1.383549,1.373146,0.000000
2850.675049,real,0.499326,0.000000,1.383549,1.383549,1.373146,0.000000
2850.680132,real,0.499326,0.000000,1.383549,1.383549,1.373146,0.000000
2850.684972,real,0.499326,0.000000,1.383549,1.383549,1.373146,0.000000
2850.689996,real,0.499326,0.000000,1.383549,1.383549,1.373146,0.000000
2850.695128,real,0.499326,0.000000,1.383549,1.383549,1.373146,0.000000
2850.700647,real,0.499326,0.000000,1.383549,1.383549,1.373146,0.000000
2850.704944,real,0.499326,0.000000,1.383549,1.383549,1.373146,0.000000
2850.709934,real,0.499326,0.000000,1.383549,1.383549,1.373146,0.000000
2850.714991,real,0.499326,0.000000,1.383549,1.383549,1.373146,0.000000
2850.720090,real,0.499326,0.000000,1.383549,1.383549,1.373146,0.000000
2850.724869,real,0.499326,0.000000,1.383549,1.383549,1.373146,0.000000
2850.730054,real,0.499326,0.000000,1.383549,1.383549,1.373146,0.000000
2850.734990,real,0.499326,0.000000,1.383549,1.383549,1.373146,0.000000
2850.740497,real,0.499326,0.000000,1.383549,1.383549,1.373146,0.000000
2850.745268,real,0.499326,0.000000,1.383549,1.383549,1.373146,0.000000
2850.750151,real,0.499326,0.000000,1.383549,1.383549,1.373146,0.000000
2850.755121,real,0.499326,0.000000,1.383549,1.383549,1.373146,0.000000
2850.760250,real,0.499326,0.000000,1.383549,1.383549,1.373146,0.000000
2850.764989,real,0.499326,0.000000,1.383549,1.383549,1.373146,0.000000
2850.769930,real,0.499326,0.000000,1.383549,1.383549,1.373146,0.000000
2850.775195,real,0.499326,0.000000,1.383549,1.383549,1.373146,0.000000
2850.780098,real,0.499326,0.000000,1.383549,1.383549,1.373146,0.000000
2850.784855,real,0.499326,0.000000,1.383549,1.383549,1.373146,0.000000
2850.789580,real,0.499326,0.000000,1.383549,1.383549,1.373146,0.000000
2850.794803,real,0.499326,0.000000,1.383549,1.383549,1.373146,0.000000
2850.800742,real,0.499326,0.000000,1.383549,1.383549,1.373146,0.000000
2850.800985,real,0.499326,0.000000,1.383549,1.383549,1.373146,0.000000
2850.804622,real,0.499326,0.000000,1.383549,1.383549,1.373146,0.000000
2850.809534,real,0.499326,0.000000,1.383549,1.383549,1.373146,0.000000
2850.814511,real,0.499326,0.000000,1.383549,1.383549,1.373146,0.000000
2850.819743,real,0.499326,0.000000,1.383549,1.383549,1.373146,0.000000
2850.824636,real,0.499326,0.000000,1.383549,1.383549,1.373146,0.000000
2850.829478,real,0.499326,0.000000,1.383549,1.383549,1.373146,0.000000
2850.834580,real,0.499326,0.000000,1.383549,1.383549,1.373146,0.000000
2850.900332,real,0.499326,0.000000,1.383549,1.383549,1.373146,0.000000
2850.944726,real,0.499326,0.000000,1.383549,1.383549,1.373146,0.000000
2850.949619,real,0.499326,0.000000,1.383549,1.383549,1.373146,0.000000
2850.954936,real,0.499326,0.000000,1.383549,1.383549,1.373146,0.000000
2850.959901,real,0.499326,0.000000,1.383549,1.383549,1.373146,0.000000
2850.964943,real,0.499326,0.000000,1.383549,1.383549,1.373146,0.000000
2850.969841,real,0.499326,0.000000,1.383549,1.383549,1.373146,0.000000
2850.974730,real,0.499326,0.000000,1.383549,1.383549,1.373146,0.000000
2850.979625,real,0.499326,0.000000,1.383549,1.383549,1.373146,0.000000
2850.984600,real,0.478521,0.000000,1.383549,1.383549,1.373146,0.000000
2850.989553,real,0.468118,0.000000,1.383549,1.362744,1.373146,0.000000
2850.994422,real,0.457715,0.000000,1.383549,1.352341,1.373146,0.000000
2851.000389,real,0.436910,0.000000,1.383549,1.331536,1.373146,0.000000
2851.000587,real,0.436910,0.000000,1.383549,1.331536,1.373146,0.000000
2851.004600,real,0.426508,0.000000,1.373146,1.321133,1.373146,0.000000
2851.009396,real,0.405702,0.000000,1.362744,1.289925,1.373146,0.000000
2851.014624,real,0.374494,0.000000,1.362744,1.279523,1.341939,0.000000
2851.020604,real,0.364092,0.000000,1.341939,1.258718,1.341939,0.000000
2851.024391,real,0.332884,0.000000,1.331536,1.248315,1.321133,0.000000
2851.029476,real,0.312079,0.000000,1.310731,1.237912,1.300328,0.000000
2851.034488,real,0.301676,0.000000,1.300328,1.217107,1.289925,0.000000
2851.039445,real,0.270468,0.000000,1.279523,1.206704,1.269120,0.000000
2851.044478,real,0.260066,0.000000,1.269120,1.196302,1.269120,0.000000
2851.049577,real,0.239260,0.000000,1.258718,1.196302,1.248315,0.000000
2851.054611,real,0.228858,0.000000,1.248315,1.175497,1.237912,0.000000
2851.059675,real,0.218455,0.000000,1.237912,1.154691,1.217107,0.000000
2851.064381,real,0.197650,0.000000,1.217107,1.144289,1.206704,0.000000
2851.069368,real,0.187247,0.000000,1.206704,1.144289,1.185899,0.000000
2851.074333,real,0.176845,0.000000,1.206704,1.123483,1.165094,0.000000
2851.079585,real,0.156039,0.000000,1.175497,1.102678,1.144289,0.000000
2851.084465,real,0.145637,0.000000,1.165094,1.081873,1.133886,0.000000
2851.089275,real,0.124831,0.000000,1.154691,1.071470,1.123483,0.000000
2851.094332,real,0.114429,0.000000,1.133886,1.061068,1.102678,0.000000
2851.099907,real,0.093624,0.000000,1.123483,1.040262,1.102678,0.000000
2851.100291,real,0.093624,0.000000,1.123483,1.040262,1.102678,0.000000
2851.104273,real,0.083221,0.000000,1.102678,1.029860,1.081873,0.000000
2851.109189,real,0.072818,0.000000,1.092276,1.029860,1.081873,0.000000
2851.114245,real,0.052013,0.000000,1.081873,1.009055,1.061068,0.000000
2851.119556,real,0.041610,0.000000,1.071470,0.998652,1.029860,0.000000
2851.124284,real,0.031208,0.000000,1.061068,0.977847,1.019457,0.000000
2851.129245,real,0.010403,0.000000,1.050665,0.977847,1.009055,0.000000
2851.134374,real,0.010403,0.000000,1.029860,0.957041,0.988249,0.000000
2851.139727,real,0.010403,0.000000,1.019457,0.936236,0.977847,0.000000
2851.144401,real,0.010403,0.000000,0.998652,0.925834,0.957041,0.000000
2851.149439,real,0.010403,0.000000,0.988249,0.915431,0.946639,0.000000
2851.154470,real,0.010403,0.000000,0.977847,0.915431,0.936236,0.000000
2851.159969,real,0.010403,0.000000,0.957041,0.894626,0.915431,0.000000
2851.165070,real,0.010403,0.000000,0.946639,0.873820,0.905028,0.000000
2851.169545,real,0.010403,0.000000,0.936236,0.863418,0.884223,0.000000
2851.174291,real,0.010403,0.000000,0.936236,0.863418,0.873820,0.000000
2851.179479,real,0.010403,0.000000,0.915431,0.832210,0.863418,0.000000
2851.184338,real,0.010403,0.000000,0.894626,0.821807,0.842613,0.000000
2851.189456,real,0.010403,0.000000,0.884223,0.801002,0.832210,0.000000
2851.194384,real,0.010403,0.000000,0.873820,0.790599,0.821807,0.000000
2851.199694,real,0.010403,0.000000,0.853015,0.780197,0.801002,0.000000
2851.204253,real,0.010403,0.000000,0.842613,0.759392,0.790599,0.000000
2851.209139,real,0.010403,0.000000,0.832210,0.748989,0.769794,0.000000
2851.214078,real,0.010403,0.000000,0.811405,0.728184,0.759392,0.000000
2851.219031,real,0.010403,0.000000,0.801002,0.728184,0.748989,0.000000
2851.224263,real,0.010403,0.000000,0.780197,0.728184,0.728184,0.000000
2851.228913,real,0.010403,0.000000,0.769794,0.696976,0.717781,0.000000
2851.233986,real,0.010403,0.000000,0.748989,0.696976,0.696976,0.000000
2851.239157,real,0.010403,0.000000,0.748989,0.676171,0.686573,0.000000
2851.244224,real,0.010403,0.000000,0.748989,0.655365,0.676171,0.000000
2851.248901,real,0.010403,0.000000,0.717781,0.644963,0.655365,0.000000
2851.254165,real,0.010403,0.000000,0.707378,0.634560,0.644963,0.000000
2851.259072,real,0.010403,0.000000,0.696976,0.634560,0.634560,0.000000
2851.263866,real,0.010403,0.000000,0.676171,0.613755,0.613755,0.000000
2851.268883,real,0.010403,0.000000,0.665768,0.592950,0.603352,0.000000
2851.274085,real,0.010403,0.000000,0.644963,0.582547,0.582547,0.000000
2851.278804,real,0.010403,0.000000,0.644963,0.561742,0.572144,0.000000
2851.283911,real,0.010403,0.000000,0.644963,0.551339,0.561742,0.000000
2851.289056,real,0.010403,0.000000,0.613755,0.540936,0.540936,0.000000
2851.293962,real,0.010403,0.000000,0.603352,0.520131,0.520131,0.000000
2851.300547,real,0.010403,0.000000,0.582547,0.509729,0.499326,0.000000
2851.300929,real,0.010403,0.000000,0.582547,0.509729,0.499326,0.000000
2851.304129,real,0.010403,0.000000,0.572144,0.499326,0.488923,0.000000
2851.308898,real,0.010403,0.000000,0.561742,0.499326,0.478521,0.000000
2851.313781,real,0.010403,0.000000,0.540936,0.478521,0.457715,0.000000
2851.318933,real,0.010403,0.000000,0.530534,0.457715,0.457715,0.000000
2851.324025,real,0.010403,0.000000,0.520131,0.447313,0.457715,0.000000
2851.328727,real,0.010403,0.000000,0.499326,0.436910,0.416105,0.000000
2851.333939,real,0.010403,0.000000,0.488923,0.416105,0.405702,0.000000
2851.338906,real,0.010403,0.000000,0.488923,0.405702,0.384897,0.000000
2851.343822,real,0.010403,0.000000,0.468118,0.384897,0.374494,0.000000
2851.348725,real,0.010403,0.000000,0.457715,0.374494,0.364092,0.000000
2851.353875,real,0.010403,0.000000,0.436910,0.374494,0.353689,0.000000
2851.358788,real,0.010403,0.000000,0.426508,0.353689,0.332884,0.000000
2851.363842,real,0.010403,0.000000,0.405702,0.353689,0.312079,0.000000
2851.368742,real,0.010403,0.000000,0.395300,0.332884,0.301676,0.000000
2851.373593,real,0.010403,0.000000,0.384897,0.322481,0.291273,0.000000
2851.378686,real,0.010403,0.000000,0.364092,0.301676,0.270468,0.000000
2851.383864,real,0.010403,0.000000,0.364092,0.291273,0.260066,0.000000
2851.388831,real,0.010403,0.000000,0.364092,0.291273,0.249663,0.000000
2851.393688,real,0.010403,0.000000,0.332884,0.270468,0.228858,0.000000
2851.400094,real,0.010403,0.000000,0.322481,0.249663,0.218455,0.000000
2851.400523,real,0.010403,0.000000,0.322481,0.249663,0.218455,0.000000
2851.404281,real,0.010403,0.000000,0.301676,0.239260,0.208052,0.000000
2851.408848,real,0.010403,0.000000,0.291273,0.218455,0.187247,0.000000
2851.413809,real,0.010403,0.000000,0.280871,0.208052,0.176845,0.000000
2851.419211,real,0.010403,0.000000,0.260066,0.208052,0.156039,0.000000
2851.423966,real,0.010403,0.000000,0.249663,0.176845,0.145637,0.000000
2851.429477,real,0.010403,0.000000,0.228858,0.166442,0.124831,0.000000
2851.433810,real,0.010403,0.000000,0.218455,0.156039,0.114429,0.000000
2851.438833,real,0.010403,0.000000,0.218455,0.145637,0.104026,0.000000
2851.444114,real,0.010403,0.000000,0.197650,0.145637,0.083221,0.000000
2851.448706,real,0.010403,0.000000,0.187247,0.114429,0.072818,0.000000
2851.453679,real,0.010403,0.000000,0.176845,0.104026,0.062416,0.000000
2851.458697,real,0.010403,0.000000,0.156039,0.093624,0.041610,0.000000
2851.463911,real,0.010403,0.000000,0.145637,0.072818,0.031208,0.000000
2851.468610,real,0.010403,0.000000,0.124831,0.072818,0.010403,0.000000
2851.473430,real,0.010403,0.000000,0.114429,0.041610,0.000000,0.000000
2851.478586,real,0.010403,0.000000,0.104026,0.031208,0.000000,0.000000
2851.483888,real,0.010403,0.000000,0.083221,0.020805,0.000000,0.000000
2851.488383,real,0.010403,0.000000,0.083221,0.010403,0.000000,0.000000
2851.493432,real,0.010403,0.000000,0.062416,0.010403,0.000000,0.000000
2851.498974,real,0.010403,0.000000,0.052013,0.000000,0.000000,0.000000
2851.499559,real,0.010403,0.000000,0.052013,0.000000,0.000000,0.000000
2851.503604,real,0.010403,0.000000,0.041610,0.000000,0.000000,0.000000
2851.508438,real,0.010403,0.000000,0.020805,0.000000,0.000000,0.000000
2851.513478,real,0.010403,0.000000,0.010403,0.000000,0.000000,0.000000
2851.518414,real,0.010403,0.000000,0.000000,0.000000,0.000000,0.000000
2851.523715,real,0.010403,0.000000,0.000000,0.000000,0.000000,0.000000
2851.528505,real,0.010403,0.000000,0.000000,0.000000,0.000000,0.000000
2851.533508,real,0.010403,0.000000,0.000000,0.000000,0.000000,0.000000
2851.538393,real,0.010403,0.000000,0.000000,0.000000,0.000000,0.000000
2851.543881,real,0.010403,0.000000,0.000000,0.000000,0.000000,0.000000
2851.548464,real,0.010403,0.000000,0.000000,0.000000,0.000000,0.000000
2851.553395,real,0.010403,0.000000,0.000000,0.000000,0.000000,0.000000
2851.558465,real,0.010403,0.000000,0.000000,0.000000,0.000000,0.000000
2851.563272,real,0.010403,0.000000,0.000000,0.000000,0.000000,0.000000
2851.568116,real,0.010403,0.000000,0.000000,0.000000,0.000000,0.000000
2851.573164,real,0.010403,0.000000,0.000000,0.000000,0.000000,0.000000
2851.578261,real,0.010403,0.000000,0.000000,0.000000,0.000000,0.000000
2851.583098,real,0.010403,0.000000,0.000000,0.000000,0.000000,0.000000
2851.588218,real,0.010403,0.000000,0.000000,0.000000,0.000000,0.000000
2851.593159,real,0.010403,0.000000,0.000000,0.000000,0.000000,0.000000
2851.598576,real,0.010403,0.000000,0.000000,0.000000,0.000000,0.000000
2851.598874,real,0.010403,0.000000,0.000000,0.000000,0.000000,0.000000
2851.603170,real,0.010403,0.000000,0.000000,0.000000,0.000000,0.000000
2851.608302,real,0.010403,0.000000,0.000000,0.000000,0.000000,0.000000
2851.613337,real,0.010403,0.000000,0.000000,0.000000,0.000000,0.000000
2851.618420,real,0.010403,0.000000,0.000000,0.000000,0.000000,0.000000
2851.623329,real,0.010403,0.000000,0.000000,0.000000,0.000000,0.000000
2851.628306,real,0.010403,0.000000,0.000000,0.000000,0.000000,0.000000
2851.633194,real,0.010403,0.000000,0.000000,0.000000,0.000000,0.000000
2851.638148,real,0.010403,0.000000,0.000000,0.000000,0.000000,0.000000
2851.643263,real,0.010403,0.000000,0.000000,0.000000,0.000000,0.000000
2851.648409,real,0.010403,0.000000,0.000000,0.000000,0.000000,0.000000
2851.653410,real,0.010403,0.000000,0.000000,0.000000,0.000000,0.000000
2851.658311,real,0.010403,0.000000,0.000000,0.000000,0.000000,0.000000
2851.663429,real,0.010403,0.000000,0.000000,0.000000,0.000000,0.000000
2851.668905,real,0.010403,0.000000,0.000000,0.000000,0.000000,0.000000
2851.673183,real,0.010403,0.000000,0.000000,0.000000,0.000000,0.000000
2851.677996,real,0.010403,0.000000,0.000000,0.000000,0.000000,0.000000
2851.683138,real,0.010403,0.000000,0.000000,0.000000,0.000000,0.000000
2851.688286,real,0.010403,0.000000,0.000000,0.000000,0.000000,0.000000
2851.693066,real,0.010403,0.000000,0.000000,0.000000,0.000000,0.000000
2851.699044,real,0.010403,0.000000,0.000000,0.000000,0.000000,0.000000
2851.703067,real,0.010403,0.000000,0.000000,0.000000,0.000000,0.000000
2851.708181,real,0.010403,0.000000,0.000000,0.000000,0.000000,0.000000
2851.712657,real,0.010403,0.000000,0.000000,0.000000,0.000000,0.000000
2851.717829,real,0.010403,0.000000,0.000000,0.000000,0.000000,0.000000
2851.722905,real,0.010403,0.000000,0.000000,0.000000,0.000000,0.000000
2851.727758,real,0.010403,0.000000,0.000000,0.000000,0.000000,0.000000
2851.732873,real,0.010403,0.000000,0.000000,0.000000,0.000000,0.000000
2851.798736,real,0.010403,0.000000,0.000000,0.000000,0.000000,0.000000
2851.898705,real,0.010403,0.000000,0.000000,0.000000,0.000000,0.000000
2851.957623,real,0.010403,0.000000,0.000000,0.000000,0.000000,0.000000
2851.962511,real,0.010403,0.000000,0.000000,0.000000,0.000000,0.000000
2851.967839,real,0.010403,0.000000,0.000000,0.000000,0.000000,0.000000
2851.972361,real,0.010403,0.000000,0.000000,0.000000,0.000000,0.000000
2851.977335,real,0.010403,0.000000,0.000000,0.000000,0.000000,0.000000
2851.982506,real,0.010403,0.000000,0.000000,0.000000,0.000000,0.000000
2851.987861,real,0.010403,0.000000,0.000000,0.000000,0.000000,0.000000
2851.992583,real,0.031208,0.010403,0.000000,0.000000,0.000000,0.032221
2851.998440,real,0.062416,0.010403,0.000000,0.000000,0.000000,0.040277
2852.001987,real,0.062416,0.010403,0.000000,0.000000,0.000000,0.040277
2852.002300,real,0.072818,0.031208,0.000000,0.000000,0.000000,0.048332
2852.007376,real,0.093624,0.052013,0.000000,0.000000,0.000000,0.072498
2852.012447,real,0.114429,0.062416,0.000000,0.000000,0.000000,0.088609
2852.017547,real,0.135234,0.072818,0.000000,0.000000,0.000000,0.112775
2852.022593,real,0.145637,0.093624,0.000000,0.000000,0.000000,0.120830
2852.027328,real,0.176845,0.104026,0.000000,0.000000,0.000000,0.128886
2852.032433,real,0.197650,0.135234,0.000000,0.000000,0.000000,0.144997
2852.037405,real,0.218455,0.145637,0.000000,0.000000,0.000000,0.144997
2852.042191,real,0.239260,0.156039,0.000000,0.000000,0.000000,0.144997
2852.047294,real,0.249663,0.176845,0.000000,0.000000,0.000000,0.153052
2852.052808,real,0.280871,0.187247,0.000000,0.000000,0.000000,0.153052
2852.057658,real,0.291273,0.208052,0.000000,0.000000,0.000000,0.153052
2852.062681,real,0.322481,0.218455,0.000000,0.000000,0.000000,0.153052
2852.067571,real,0.332884,0.228858,0.000000,0.000000,0.000000,0.153052
2852.072477,real,0.353689,0.249663,0.000000,0.000000,0.000000,0.153052
2852.077336,real,0.384897,0.270468,0.000000,0.000000,0.000000,0.153052
2852.082563,real,0.395300,0.280871,0.000000,0.000000,0.000000,0.153052
2852.087979,real,0.416105,0.301676,0.000000,0.000000,0.000000,0.153052
2852.092484,real,0.436910,0.312079,0.000000,0.010403,0.000000,0.153052
2852.097600,real,0.457715,0.322481,0.000000,0.010403,0.000000,0.153052
2852.098212,real,0.457715,0.322481,0.000000,0.010403,0.000000,0.153052
2852.102719,real,0.488923,0.322481,0.000000,0.010403,0.000000,0.153052
2852.107438,real,0.499326,0.353689,0.000000,0.041610,0.041610,0.153052
2852.112343,real,0.509729,0.374494,0.000000,0.062416,0.052013,0.153052
2852.117531,real,0.540936,0.384897,0.000000,0.083221,0.072818,0.153052
2852.122842,real,0.551339,0.405702,0.000000,0.093624,0.083221,0.153052
2852.127906,real,0.582547,0.416105,0.000000,0.114429,0.083221,0.153052
2852.132851,real,0.603352,0.426508,0.000000,0.124831,0.083221,0.153052
2852.137271,real,0.613755,0.457715,0.000000,0.145637,0.124831,0.153052
2852.142509,real,0.644963,0.468118,0.010403,0.156039,0.145637,0.153052
2852.147759,real,0.655365,0.478521,0.010403,0.156039,0.156039,0.153052
2852.152843,real,0.665768,0.488923,0.010403,0.176845,0.166442,0.153052
2852.157315,real,0.696976,0.509729,0.041610,0.187247,0.187247,0.153052
2852.162167,real,0.707378,0.530534,0.041610,0.208052,0.197650,0.153052
2852.167856,real,0.738586,0.540936,0.062416,0.208052,0.208052,0.153052
2852.172354,real,0.748989,0.551339,0.083221,0.228858,0.228858,0.153052
2852.177111,real,0.759392,0.572144,0.093624,0.249663,0.239260,0.153052
2852.182826,real,0.790599,0.582547,0.114429,0.270468,0.260066,0.153052
2852.187960,real,0.801002,0.603352,0.124831,0.280871,0.270468,0.153052
2852.192734,real,0.832210,0.624157,0.135234,0.301676,0.280871,0.153052
2852.197421,real,0.842613,0.634560,0.156039,0.312079,0.301676,0.144997
2852.202400,real,0.853015,0.655365,0.166442,0.332884,0.312079,0.144997
2852.207813,real,0.884223,0.665768,0.187247,0.343287,0.343287,0.144997
2852.212427,real,0.894626,0.676171,0.197650,0.343287,0.353689,0.144997
2852.217397,real,0.905028,0.696976,0.208052,0.364092,0.364092,0.144997
2852.222245,real,0.936236,0.707378,0.228858,0.374494,0.384897,0.144997
2852.227288,real,0.946639,0.728184,0.239260,0.395300,0.395300,0.144997
2852.232342,real,0.967444,0.738586,0.249663,0.405702,0.405702,0.144997
2852.237170,real,0.988249,0.748989,0.260066,0.416105,0.426508,0.144997
2852.241951,real,0.998652,0.769794,0.280871,0.436910,0.436910,0.144997
2852.247404,real,1.019457,0.780197,0.301676,0.447313,0.457715,0.144997
2852.252608,real,1.019457,0.801002,0.312079,0.468118,0.468118,0.144997
2852.257365,real,1.019457,0.811405,0.322481,0.468118,0.478521,0.144997
2852.262523,real,1.029860,0.821807,0.353689,0.488923,0.499326,0.144997
2852.267804,real,1.029860,0.842613,0.364092,0.509729,0.509729,0.144997
2852.272253,real,1.029860,0.853015,0.384897,0.520131,0.520131,0.144997
2852.276986,real,1.029860,0.863418,0.395300,0.540936,0.551339,0.144997
2852.282022,real,1.029860,0.884223,0.405702,0.561742,0.561742,0.144997
2852.287463,real,1.029860,0.894626,0.426508,0.572144,0.582547,0.144997
2852.292117,real,1.029860,0.915431,0.436910,0.592950,0.592950,0.144997
2852.297398,real,1.029860,0.925834,0.447313,0.603352,0.592950,0.144997
2852.298902,real,1.029860,0.925834,0.457715,0.603352,0.592950,0.144997
2852.302033,real,1.029860,0.925834,0.468118,0.613755,0.624157,0.144997
2852.307518,real,1.029860,0.967444,0.478521,0.634560,0.634560,0.144997
2852.312257,real,1.029860,0.977847,0.499326,0.644963,0.655365,0.144997
2852.316922,real,1.029860,0.998652,0.509729,0.644963,0.665768,0.144997
2852.321790,real,1.029860,1.009055,0.520131,0.676171,0.665768,0.144997
2852.327061,real,1.029860,1.019457,0.540936,0.686573,0.696976,0.144997
2852.331920,real,1.029860,1.040262,0.551339,0.686573,0.707378,0.144997
2852.337146,real,1.029860,1.050665,0.572144,0.707378,0.717781,0.144997
2852.341852,real,1.029860,1.061068,0.582547,0.717781,0.728184,0.144997
2852.346984,real,1.029860,1.081873,0.592950,0.738586,0.728184,0.144997
2852.352132,real,1.029860,1.092276,0.613755,0.748989,0.769794,0.144997
2852.356917,real,1.029860,1.113081,0.624157,0.769794,0.780197,0.144997
2852.361853,real,1.029860,1.123483,0.634560,0.780197,0.790599,0.144997
2852.366764,real,1.029860,1.133886,0.655365,0.790599,0.811405,0.144997
2852.371985,real,1.029860,1.154691,0.655365,0.811405,0.811405,0.144997
2852.376807,real,1.029860,1.154691,0.686573,0.821807,0.832210,0.144997
2852.381908,real,1.029860,1.175497,0.696976,0.832210,0.853015,0.144997
2852.386731,real,1.029860,1.175497,0.707378,0.863418,0.863418,0.144997
2852.391972,real,1.029860,1.175497,0.738586,0.873820,0.873820,0.144997
2852.396964,real,1.029860,1.175497,0.748989,0.873820,0.873820,0.144997
2852.397313,real,1.029860,1.175497,0.748989,0.873820,0.873820,0.144997
2852.402014,real,1.029860,1.175497,0.759392,0.873820,0.915431,0.144997
2852.406897,real,1.029860,1.175497,0.780197,0.905028,0.925834,0.144997
2852.411879,real,1.029860,1.175497,0.790599,0.925834,0.936236,0.144997
2852.416753,real,1.029860,1.175497,0.811405,0.925834,0.946639,0.144997
2852.421862,real,1.029860,1.175497,0.821807,0.957041,0.946639,0.144997
2852.426651,real,1.029860,1.175497,0.832210,0.967444,0.967444,0.144997
2852.431977,real,1.029860,1.175497,0.853015,0.988249,0.998652,0.144997
2852.436602,real,1.029860,1.175497,0.863418,1.009055,1.009055,0.144997
2852.441515,real,1.029860,1.175497,0.884223,1.019457,1.029860,0.144997
2852.446489,real,1.029860,1.175497,0.894626,1.029860,1.029860,0.144997
2852.451908,real,1.029860,1.175497,0.905028,1.050665,1.050665,0.144997
2852.456889,real,1.029860,1.175497,0.925834,1.061068,1.071470,0.144997
2852.462061,real,1.029860,1.175497,0.936236,1.081873,1.081873,0.144997
2852.467013,real,1.029860,1.175497,0.957041,1.092276,1.081873,0.144997
2852.472070,real,1.029860,1.175497,0.967444,1.102678,1.081873,0.144997
2852.476683,real,1.029860,1.175497,0.977847,1.123483,1.092276,0.144997
2852.481413,real,1.029860,1.175497,0.998652,1.133886,1.092276,0.144997
2852.486502,real,1.029860,1.175497,1.009055,1.154691,1.092276,0.144997
2852.492150,real,1.029860,1.175497,1.019457,1.165094,1.092276,0.144997
2852.496950,real,1.029860,1.175497,1.040262,1.165094,1.092276,0.144997
2852.498752,real,1.029860,1.175497,1.040262,1.165094,1.092276,0.144997
2852.501639,real,1.029860,1.175497,1.050665,1.165094,1.092276,0.144997
2852.506686,real,1.029860,1.175497,1.071470,1.165094,1.092276,0.144997
2852.511615,real,1.029860,1.175497,1.081873,1.165094,1.092276,0.144997
2852.516439,real,1.029860,1.175497,1.092276,1.175497,1.092276,0.144997
2852.521621,real,1.029860,1.175497,1.113081,1.175497,1.092276,0.144997
2852.526679,real,1.029860,1.175497,1.123483,1.175497,1.092276,0.144997
2852.531428,real,1.029860,1.175497,1.144289,1.175497,1.092276,0.144997
2852.536578,real,1.029860,1.175497,1.154691,1.175497,1.092276,0.144997
2852.541348,real,1.029860,1.175497,1.165094,1.175497,1.092276,0.144997
2852.546419,real,1.029860,1.175497,1.185899,1.175497,1.092276,0.144997
2852.552054,real,1.029860,1.175497,1.185899,1.175497,1.092276,0.144997
2852.556961,real,1.029860,1.175497,1.185899,1.175497,1.092276,0.144997
2852.561370,real,1.029860,1.175497,1.185899,1.175497,1.092276,0.144997
2852.566672,real,1.029860,1.175497,1.185899,1.175497,1.092276,0.144997
2852.571706,real,1.029860,1.175497,1.185899,1.175497,1.092276,0.144997
2852.576436,real,1.029860,1.175497,1.185899,1.175497,1.092276,0.144997
2852.581571,real,1.029860,1.175497,1.185899,1.175497,1.092276,0.144997
2852.586905,real,1.029860,1.175497,1.185899,1.175497,1.092276,0.144997
2852.591670,real,1.029860,1.175497,1.185899,1.175497,1.092276,0.144997
2852.596591,real,1.029860,1.175497,1.185899,1.175497,1.092276,0.144997
2852.596892,real,1.029860,1.175497,1.185899,1.175497,1.092276,0.144997
2852.601058,real,1.029860,1.175497,1.185899,1.175497,1.092276,0.144997
2852.605995,real,1.029860,1.175497,1.185899,1.175497,1.092276,0.144997
2852.610943,real,1.029860,1.175497,1.185899,1.175497,1.092276,0.144997
2852.616123,real,1.029860,1.175497,1.185899,1.175497,1.092276,0.144997
2852.620919,real,1.029860,1.175497,1.185899,1.175497,1.092276,0.144997
2852.625871,real,1.029860,1.175497,1.185899,1.175497,1.092276,0.144997
2852.631083,real,1.029860,1.175497,1.185899,1.175497,1.092276,0.144997
2852.636130,real,1.029860,1.175497,1.185899,1.175497,1.092276,0.144997
2852.641315,real,1.029860,1.175497,1.185899,1.175497,1.092276,0.144997
2852.646419,real,1.029860,1.175497,1.185899,1.175497,1.092276,0.144997
2852.652879,real,1.029860,1.175497,1.185899,1.175497,1.092276,0.144997
2852.656327,real,1.029860,1.175497,1.185899,1.175497,1.092276,0.144997
2852.661152,real,1.029860,1.175497,1.185899,1.175497,1.092276,0.144997
2852.666484,real,1.029860,1.175497,1.185899,1.175497,1.092276,0.144997
2852.671568,real,1.029860,1.175497,1.185899,1.175497,1.092276,0.144997
2852.677631,real,1.029860,1.175497,1.185899,1.175497,1.092276,0.144997
2852.682413,real,1.029860,1.175497,1.185899,1.175497,1.092276,0.144997
2852.686535,real,1.029860,1.175497,1.185899,1.175497,1.092276,0.144997
2852.693955,real,1.029860,1.175497,1.185899,1.175497,1.092276,0.144997
2852.698099,real,1.029860,1.175497,1.185899,1.175497,1.092276,0.144997
2852.701424,real,1.029860,1.175497,1.185899,1.175497,1.092276,0.144997
2852.706070,real,1.029860,1.175497,1.185899,1.175497,1.092276,0.144997
2852.711237,real,1.029860,1.175497,1.185899,1.175497,1.092276,0.144997
2852.716282,real,1.029860,1.175497,1.185899,1.175497,1.092276,0.144997
2852.720958,real,1.029860,1.175497,1.185899,1.175497,1.092276,0.144997
2852.725968,real,1.029860,1.175497,1.185899,1.175497,1.092276,0.144997
2852.730859,real,1.029860,1.175497,1.185899,1.175497,1.092276,0.144997
2852.737156,real,1.029860,1.175497,1.185899,1.175497,1.092276,0.144997
2852.745331,real,1.029860,1.175497,1.185899,1.175497,1.092276,0.144997
2852.745750,real,1.029860,1.175497,1.185899,1.175497,1.092276,0.144997
2852.751328,real,1.029860,1.175497,1.185899,1.175497,1.092276,0.144997
2852.755915,real,1.029860,1.175497,1.185899,1.175497,1.092276,0.144997
2852.796722,real,1.029860,1.175497,1.185899,1.175497,1.092276,0.144997
2852.851309,real,1.029860,1.175497,1.185899,1.175497,1.092276,0.144997
2852.856762,real,1.029860,1.175497,1.185899,1.175497,1.092276,0.144997
2852.861572,real,1.029860,1.175497,1.185899,1.175497,1.092276,0.144997
2852.865973,real,1.029860,1.175497,1.185899,1.175497,1.092276,0.144997
2852.870846,real,1.029860,1.175497,1.185899,1.175497,1.092276,0.144997
2852.875866,real,1.029860,1.175497,1.185899,1.175497,1.092276,0.144997
2852.880905,real,0.988249,1.154691,1.185899,1.175497,1.092276,0.144997
2852.885677,real,0.977847,1.144289,1.185899,1.175497,1.092276,0.144997
2852.891140,real,0.967444,1.123483,1.185899,1.165094,1.092276,0.144997
2852.896067,real,0.936236,1.113081,1.185899,1.165094,1.071470,0.144997
2852.896430,real,0.936236,1.113081,1.185899,1.165094,1.071470,0.144997
2852.901502,real,0.915431,1.092276,1.165094,1.133886,1.071470,0.144997
2852.905934,real,0.905028,1.081873,1.154691,1.123483,1.071470,0.144997
2852.910797,real,0.873820,1.071470,1.154691,1.113081,1.040262,0.144997
2852.915709,real,0.853015,1.040262,1.133886,1.081873,1.029860,0.144997
2852.921054,real,0.821807,1.029860,1.123483,1.071470,1.019457,0.144997
2852.925742,real,0.811405,1.019457,1.102678,1.061068,0.998652,0.144997
2852.930591,real,0.790599,0.998652,1.092276,1.040262,0.988249,0.128886
2852.935828,real,0.759392,0.988249,1.071470,1.029860,0.967444,0.120830
2852.940796,real,0.748989,0.957041,1.061068,1.019457,0.957041,0.096664
2852.945426,real,0.717781,0.946639,1.050665,0.998652,0.946639,0.088609
2852.951041,real,0.696976,0.936236,1.029860,0.998652,0.925834,0.064443
2852.955754,real,0.686573,0.915431,1.029860,0.977847,0.915431,0.056388
2852.960682,real,0.655365,0.905028,1.009055,0.967444,0.894626,0.048332
2852.965662,real,0.634560,0.884223,1.009055,0.957041,0.884223,0.024166
2852.970479,real,0.624157,0.863418,0.988249,0.936236,0.873820,0.016111
2852.975440,real,0.592950,0.853015,0.977847,0.925834,0.842613,0.008055
2852.981058,real,0.572144,0.832210,0.957041,0.925834,0.832210,0.008055
2852.985687,real,0.540936,0.821807,0.946639,0.905028,0.821807,0.000000
2852.990497,real,0.530534,0.811405,0.925834,0.894626,0.801002,0.000000
2852.995784,real,0.499326,0.780197,0.915431,0.873820,0.790599,0.000000
2852.996387,real,0.499326,0.780197,0.915431,0.873820,0.790599,0.000000
2853.000848,real,0.488923,0.769794,0.894626,0.863418,0.780197,0.000000
2853.005577,real,0.468118,0.748989,0.894626,0.863418,0.780197,0.000000
2853.010589,real,0.436910,0.738586,0.884223,0.832210,0.759392,0.000000
2853.015926,real,0.426508,0.728184,0.873820,0.821807,0.738586,0.000000
2853.020745,real,0.405702,0.696976,0.853015,0.801002,0.728184,0.000000
2853.025416,real,0.374494,0.686573,0.832210,0.790599,0.696976,0.000000
2853.030550,real,0.364092,0.676171,0.821807,0.780197,0.686573,0.008055
2853.035531,real,0.343287,0.655365,0.811405,0.759392,0.676171,0.008055
2853.040533,real,0.312079,0.644963,0.790599,0.748989,0.655365,0.008055
2853.045524,real,0.301676,0.613755,0.780197,0.728184,0.644963,0.008055
2853.050478,real,0.270468,0.603352,0.769794,0.717781,0.634560,0.008055
2853.055234,real,0.249663,0.592950,0.748989,0.717781,0.613755,0.008055
2853.060365,real,0.239260,0.572144,0.738586,0.696976,0.603352,0.008055
2853.065400,real,0.208052,0.561742,0.728184,0.686573,0.582547,0.008055
2853.070202,real,0.187247,0.540936,0.707378,0.676171,0.572144,0.008055
2853.075248,real,0.156039,0.520131,0.696976,0.655365,0.561742,0.008055
2853.080768,real,0.145637,0.509729,0.686573,0.655365,0.540936,0.008055
2853.085268,real,0.124831,0.488923,0.686573,0.634560,0.530534,0.008055
2853.090355,real,0.104026,0.478521,0.655365,0.624157,0.509729,0.008055
2853.095914,real,0.083221,0.468118,0.644963,0.613755,0.499326,0.008055
2853.097997,real,0.083221,0.457715,0.644963,0.603352,0.499326,0.008055
2853.100340,real,0.062416,0.447313,0.634560,0.592950,0.488923,0.008055
2853.106172,real,0.031208,0.436910,0.624157,0.582547,0.468118,0.008055
2853.110358,real,0.020805,0.405702,0.624157,0.561742,0.457715,0.008055
2853.115334,real,0.000000,0.395300,0.603352,0.551339,0.447313,0.008055
2853.120337,real,0.000000,0.384897,0.572144,0.540936,0.426508,0.008055
2853.125191,real,0.000000,0.364092,0.561742,0.520131,0.416105,0.008055
2853.130078,real,0.000000,0.343287,0.540936,0.509729,0.384897,0.008055
2853.135296,real,0.000000,0.322481,0.540936,0.499326,0.374494,0.008055
2853.140883,real,0.000000,0.312079,0.540936,0.488923,0.364092,0.008055
2853.145296,real,0.000000,0.301676,0.509729,0.478521,0.343287,0.008055
2853.150120,real,0.000000,0.280871,0.499326,0.457715,0.332884,0.008055
2853.155078,real,0.000000,0.270468,0.478521,0.447313,0.312079,0.008055
2853.160564,real,0.000000,0.260066,0.468118,0.436910,0.301676,0.008055
2853.165118,real,0.000000,0.228858,0.468118,0.416105,0.291273,0.008055
2853.170316,real,0.000000,0.218455,0.447313,0.405702,0.270468,0.008055
2853.175124,real,0.000000,0.197650,0.436910,0.384897,0.260066,0.008055
2853.180245,real,0.000000,0.187247,0.426508,0.374494,0.249663,0.008055
2853.185278,real,0.000000,0.176845,0.405702,0.364092,0.228858,0.008055
2853.190059,real,0.000000,0.156039,0.395300,0.353689,0.218455,0.008055
2853.195229,real,0.000000,0.145637,0.374494,0.353689,0.197650,0.008055
2853.201154,real,0.000000,0.124831,0.364092,0.332884,0.187247,0.008055
2853.205169,real,0.000000,0.104026,0.353689,0.312079,0.176845,0.008055
2853.209999,real,0.000000,0.093624,0.332884,0.301676,0.156039,0.008055
2853.215060,real,0.000000,0.072818,0.322481,0.301676,0.145637,0.008055
2853.220712,real,0.000000,0.062416,0.301676,0.280871,0.135234,0.008055
2853.225290,real,0.000000,0.041610,0.291273,0.270468,0.114429,0.008055
2853.229926,real,0.000000,0.041610,0.280871,0.249663,0.104026,0.008055
2853.234885,real,0.000000,0.020805,0.260066,0.239260,0.083221,0.008055
2853.239997,real,0.000000,0.020805,0.260066,0.218455,0.072818,0.008055
2853.244912,real,0.000000,0.020805,0.260066,0.208052,0.062416,0.008055
2853.250048,real,0.000000,0.020805,0.228858,0.197650,0.041610,0.008055
2853.254948,real,0.000000,0.020805,0.228858,0.176845,0.031208,0.008055
2853.259905,real,0.000000,0.020805,0.197650,0.166442,0.010403,0.008055
2853.264883,real,0.000000,0.020805,0.187247,0.166442,0.010403,0.008055
2853.269994,real,0.000000,0.020805,0.187247,0.145637,0.010403,0.008055
2853.274832,real,0.000000,0.020805,0.156039,0.145637,0.000000,0.008055
2853.279711,real,0.000000,0.020805,0.145637,0.114429,0.000000,0.008055
2853.284988,real,0.000000,0.020805,0.124831,0.104026,0.000000,0.008055
2853.289835,real,0.000000,0.020805,0.124831,0.093624,0.000000,0.008055
2853.295281,real,0.000000,0.020805,0.124831,0.072818,0.000000,0.008055
2853.297797,real,0.000000,0.020805,0.104026,0.072818,0.000000,0.008055
2853.300060,real,0.000000,0.020805,0.093624,0.062416,0.000000,0.008055
2853.305070,real,0.000000,0.020805,0.093624,0.041610,0.000000,0.008055
2853.310142,real,0.000000,0.020805,0.072818,0.031208,0.000000,0.008055
2853.315205,real,0.000000,0.020805,0.052013,0.020805,0.000000,0.008055
2853.320143,real,0.000000,0.020805,0.052013,0.010403,0.000000,0.008055
2853.325076,real,0.000000,0.020805,0.031208,0.010403,0.000000,0.008055
2853.330016,real,0.000000,0.020805,0.020805,0.000000,0.000000,0.008055
2853.335059,real,0.000000,0.020805,0.010403,0.000000,0.000000,0.008055
2853.339955,real,0.000000,0.020805,0.010403,0.000000,0.000000,0.008055
2853.344840,real,0.000000,0.020805,0.000000,0.000000,0.000000,0.008055
2853.350029,real,0.000000,0.020805,0.000000,0.000000,0.000000,0.008055
2853.354946,real,0.000000,0.020805,0.000000,0.000000,0.000000,0.008055
2853.359900,real,0.000000,0.020805,0.000000,0.000000,0.000000,0.008055
2853.364922,real,0.000000,0.020805,0.000000,0.000000,0.000000,0.008055
2853.369837,real,0.000000,0.010403,0.000000,0.000000,0.000000,0.008055
2853.374545,real,0.000000,0.010403,0.000000,0.000000,0.000000,0.008055
2853.379824,real,0.000000,0.010403,0.000000,0.000000,0.000000,0.008055
2853.385030,real,0.000000,0.010403,0.000000,0.000000,0.000000,0.008055
2853.389889,real,0.000000,0.010403,0.000000,0.000000,0.000000,0.008055
2853.395088,real,0.000000,0.010403,0.000000,0.000000,0.000000,0.008055
2853.397120,real,0.000000,0.010403,0.000000,0.000000,0.000000,0.008055
2853.399661,real,0.000000,0.010403,0.000000,0.000000,0.000000,0.008055
2853.404967,real,0.000000,0.010403,0.000000,0.000000,0.000000,0.008055
2853.409528,real,0.000000,0.010403,0.000000,0.000000,0.000000,0.008055
2853.414619,real,0.000000,0.010403,0.000000,0.000000,0.000000,0.008055
2853.419797,real,0.000000,0.010403,0.000000,0.000000,0.000000,0.008055
2853.424909,real,0.000000,0.010403,0.000000,0.000000,0.000000,0.008055
2853.429669,real,0.000000,0.010403,0.000000,0.000000,0.000000,0.008055
2853.434796,real,0.000000,0.010403,0.000000,0.000000,0.000000,0.008055
2853.439900,real,0.000000,0.010403,0.000000,0.000000,0.000000,0.008055
2853.446034,real,0.000000,0.010403,0.000000,0.000000,0.000000,0.008055
2853.449862,real,0.000000,0.010403,0.000000,0.000000,0.000000,0.008055
2853.454414,real,0.000000,0.010403,0.000000,0.000000,0.000000,0.008055
2853.459301,real,0.000000,0.010403,0.000000,0.000000,0.000000,0.008055
2853.464766,real,0.000000,0.010403,0.000000,0.000000,0.000000,0.008055
2853.469389,real,0.000000,0.010403,0.000000,0.000000,0.000000,0.008055
2853.474131,real,0.000000,0.010403,0.000000,0.000000,0.000000,0.008055
2853.479845,real,0.000000,0.010403,0.000000,0.000000,0.000000,0.008055
2853.484689,real,0.000000,0.010403,0.000000,0.000000,0.000000,0.008055
2853.489035,real,0.000000,0.010403,0.000000,0.000000,0.000000,0.008055
2853.494758,real,0.000000,0.010403,0.000000,0.000000,0.000000,0.008055
2853.495083,real,0.000000,0.010403,0.000000,0.000000,0.000000,0.008055
2853.499141,real,0.000000,0.010403,0.000000,0.000000,0.000000,0.008055
2853.504142,real,0.000000,0.010403,0.000000,0.000000,0.000000,0.008055
2853.509129,real,0.000000,0.010403,0.000000,0.000000,0.000000,0.008055
2853.514035,real,0.000000,0.010403,0.000000,0.000000,0.000000,0.008055
2853.519136,real,0.000000,0.010403,0.000000,0.000000,0.000000,0.008055
2853.524194,real,0.000000,0.010403,0.000000,0.000000,0.000000,0.008055
2853.529301,real,0.000000,0.010403,0.000000,0.000000,0.000000,0.008055
2853.534409,real,0.000000,0.010403,0.000000,0.000000,0.000000,0.008055
2853.539438,real,0.000000,0.010403,0.000000,0.000000,0.000000,0.008055
2853.544224,real,0.000000,0.010403,0.000000,0.000000,0.000000,0.008055
2853.548995,real,0.000000,0.010403,0.000000,0.000000,0.000000,0.008055
2853.595346,real,0.000000,0.010403,0.000000,0.000000,0.000000,0.008055
2853.694627,real,0.000000,0.010403,0.000000,0.000000,0.000000,0.008055
2853.704060,real,0.000000,0.010403,0.000000,0.000000,0.000000,0.008055
2853.709028,real,0.000000,0.010403,0.000000,0.000000,0.000000,0.008055
2853.713559,real,0.000000,0.010403,0.000000,0.000000,0.000000,0.008055
2853.719403,real,0.000000,0.010403,0.000000,0.000000,0.000000,0.008055
2853.723857,real,0.000000,0.010403,0.000000,0.000000,0.000000,0.008055
2853.728757,real,0.000000,0.010403,0.000000,0.000000,0.000000,0.016111
2853.733519,real,0.000000,0.010403,0.000000,0.000000,0.000000,0.024166
2853.738480,real,0.020805,0.010403,0.000000,0.000000,0.000000,0.048332
2853.743446,real,0.031208,0.010403,0.000000,0.000000,0.000000,0.056388
2853.748954,real,0.041610,0.010403,0.000000,0.000000,0.000000,0.080554
2853.753853,real,0.072818,0.010403,0.000000,0.000000,0.000000,0.096664
2853.758649,real,0.093624,0.010403,0.000000,0.000000,0.000000,0.112775
2853.764159,real,0.124831,0.010403,0.000000,0.000000,0.000000,0.128886
2853.769065,real,0.135234,0.010403,0.000000,0.000000,0.000000,0.136941
2853.773681,real,0.156039,0.010403,0.000000,0.000000,0.000000,0.161107
2853.778804,real,0.187247,0.010403,0.000000,0.000000,0.000000,0.169163
2853.783759,real,0.197650,0.010403,0.000000,0.000000,0.000000,0.169163
2853.788970,real,0.208052,0.031208,0.000000,0.000000,0.000000,0.169163
2853.794107,real,0.239260,0.031208,0.000000,0.000000,0.000000,0.177218
2853.795903,real,0.239260,0.031208,0.000000,0.000000,0.000000,0.185273
2853.798879,real,0.260066,0.052013,0.000000,0.000000,0.000000,0.185273
2853.803727,real,0.291273,0.062416,0.000000,0.000000,0.000000,0.185273
2853.809046,real,0.301676,0.072818,0.000000,0.000000,0.000000,0.185273
2853.813660,real,0.312079,0.093624,0.000000,0.000000,0.000000,0.185273
2853.818581,real,0.343287,0.114429,0.000000,0.000000,0.000000,0.185273
2853.823793,real,0.353689,0.135234,0.000000,0.000000,0.000000,0.185273
2853.829052,real,0.384897,0.145637,0.000000,0.000000,0.000000,0.185273
2853.833551,real,0.405702,0.156039,0.000000,0.000000,0.000000,0.185273
2853.838422,real,0.426508,0.176845,0.000000,0.000000,0.000000,0.185273
2853.843711,real,0.447313,0.187247,0.000000,0.000000,0.010403,0.185273
2853.849216,real,0.468118,0.208052,0.000000,0.000000,0.010403,0.177218
2853.853624,real,0.478521,0.218455,0.000000,0.000000,0.010403,0.177218
2853.858635,real,0.509729,0.228858,0.000000,0.000000,0.052013,0.177218
2853.863636,real,0.520131,0.249663,0.000000,0.000000,0.062416,0.177218
2853.869219,real,0.551339,0.270468,0.000000,0.000000,0.072818,0.177218
2853.873812,real,0.561742,0.280871,0.000000,0.000000,0.093624,0.177218
2853.878941,real,0.572144,0.301676,0.000000,0.000000,0.104026,0.177218
2853.883725,real,0.603352,0.312079,0.010403,0.000000,0.124831,0.177218
2853.888840,real,0.613755,0.332884,0.020805,0.010403,0.135234,0.177218
2853.894403,real,0.644963,0.343287,0.020805,0.010403,0.145637,0.177218
2853.896934,real,0.644963,0.343287,0.020805,0.010403,0.166442,0.177218
2853.898588,real,0.655365,0.343287,0.041610,0.010403,0.176845,0.177218
2853.904128,real,0.676171,0.364092,0.052013,0.041610,0.187247,0.177218
2853.908839,real,0.696976,0.364092,0.072818,0.052013,0.208052,0.177218
2853.913732,real,0.717781,0.395300,0.083221,0.062416,0.218455,0.177218
2853.918592,real,0.728184,0.426508,0.093624,0.083221,0.228858,0.177218
2853.923498,real,0.759392,0.436910,0.114429,0.104026,0.249663,0.177218
2853.928830,real,0.769794,0.457715,0.114429,0.124831,0.260066,0.177218
2853.933635,real,0.790599,0.457715,0.135234,0.135234,0.270468,0.177218
2853.938609,real,0.811405,0.478521,0.156039,0.145637,0.291273,0.177218
2853.943835,real,0.821807,0.499326,0.166442,0.156039,0.301676,0.177218
2853.948849,real,0.853015,0.509729,0.187247,0.156039,0.322481,0.177218
2853.953722,real,0.863418,0.530534,0.197650,0.176845,0.332884,0.177218
2853.958484,real,0.894626,0.530534,0.208052,0.197650,0.343287,0.177218
2853.963614,real,0.905028,0.551339,0.228858,0.208052,0.364092,0.177218
2853.968779,real,0.915431,0.572144,0.239260,0.228858,0.374494,0.177218
2853.973452,real,0.946639,0.582547,0.260066,0.239260,0.395300,0.177218
2853.978361,real,0.957041,0.592950,0.270468,0.260066,0.405702,0.177218
2853.983371,real,0.977847,0.613755,0.280871,0.280871,0.426508,0.177218
2853.988777,real,0.998652,0.624157,0.301676,0.291273,0.447313,0.177218
2853.993819,real,1.009055,0.644963,0.312079,0.301676,0.457715,0.177218
2853.995610,real,1.009055,0.644963,0.312079,0.301676,0.457715,0.177218
2853.998411,real,1.019457,0.665768,0.332884,0.312079,0.468118,0.177218
2854.003475,real,1.019457,0.676171,0.343287,0.322481,0.488923,0.177218
2854.009192,real,1.019457,0.696976,0.353689,0.343287,0.499326,0.177218
2854.013400,real,1.019457,0.707378,0.374494,0.343287,0.520131,0.177218
2854.018414,real,1.019457,0.728184,0.384897,0.364092,0.530534,0.177218
2854.023468,real,1.019457,0.738586,0.395300,0.384897,0.540936,0.177218
2854.029110,real,1.019457,0.748989,0.416105,0.395300,0.561742,0.177218
2854.033315,real,1.019457,0.759392,0.436910,0.416105,0.572144,0.177218
2854.038277,real,1.019457,0.780197,0.457715,0.426508,0.592950,0.177218
2854.043248,real,1.019457,0.790599,0.457715,0.436910,0.603352,0.177218
2854.048154,real,1.019457,0.811405,0.468118,0.457715,0.613755,0.177218
2854.053338,real,1.019457,0.821807,0.478521,0.468118,0.634560,0.177218
2854.058268,real,1.019457,0.842613,0.499326,0.488923,0.644963,0.177218
2854.063184,real,1.019457,0.842613,0.509729,0.499326,0.655365,0.177218
2854.069251,real,1.019457,0.863418,0.530534,0.509729,0.676171,0.177218
2854.073475,real,1.019457,0.884223,0.540936,0.520131,0.686573,0.177218
2854.078212,real,1.019457,0.894626,0.561742,0.540936,0.707378,0.177218
2854.083143,real,1.019457,0.915431,0.572144,0.551339,0.717781,0.177218
2854.088404,real,1.019457,0.925834,0.592950,0.572144,0.728184,0.177218
2854.093766,real,1.019457,0.936236,0.613755,0.582547,0.748989,0.177218
2854.095639,real,1.019457,0.936236,0.613755,0.582547,0.748989,0.177218
2854.098205,real,1.019457,0.946639,0.624157,0.592950,0.759392,0.177218
2854.103461,real,1.019457,0.967444,0.634560,0.613755,0.780197,0.177218
2854.108370,real,1.019457,0.977847,0.634560,0.624157,0.790599,0.177218
2854.113265,real,1.019457,0.998652,0.655365,0.644963,0.801002,0.177218
2854.118673,real,1.019457,1.009055,0.686573,0.655365,0.821807,0.177218
2854.123462,real,1.019457,1.029860,0.696976,0.676171,0.832210,0.177218
2854.128291,real,1.019457,1.040262,0.707378,0.686573,0.842613,0.177218
2854.133541,real,1.019457,1.050665,0.728184,0.696976,0.863418,0.177218
2854.138035,real,1.019457,1.071470,0.738586,0.717781,0.873820,0.177218
2854.142976,real,1.019457,1.081873,0.748989,0.728184,0.894626,0.177218
2854.148022,real,1.019457,1.102678,0.769794,0.748989,0.905028,0.177218
2854.153365,real,1.019457,1.113081,0.780197,0.748989,0.915431,0.177218
2854.158200,real,1.019457,1.123483,0.801002,0.769794,0.925834,0.177218
2854.163103,real,1.019457,1.144289,0.811405,0.790599,0.946639,0.177218
2854.168097,real,1.019457,1.154691,0.832210,0.801002,0.967444,0.177218
2854.173233,real,1.019457,1.165094,0.842613,0.811405,0.967444,0.177218
2854.177997,real,1.019457,1.175497,0.853015,0.832210,0.988249,0.177218
2854.183210,real,1.019457,1.175497,0.873820,0.842613,1.009055,0.177218
2854.188091,real,1.019457,1.175497,0.884223,0.863418,1.019457,0.177218
2854.192952,real,1.019457,1.175497,0.884223,0.873820,1.029860,0.177218
2854.198122,real,1.019457,1.175497,0.915431,0.884223,1.050665,0.177218
2854.202911,real,1.019457,1.175497,0.925834,0.905028,1.061068,0.177218
2854.208038,real,1.019457,1.175497,0.946639,0.915431,1.081873,0.177218
2854.213593,real,1.019457,1.175497,0.957041,0.925834,1.081873,0.177218
2854.218352,real,1.019457,1.175497,0.967444,0.946639,1.081873,0.177218
2854.223036,real,1.019457,1.175497,0.988249,0.957041,1.092276,0.177218
2854.227966,real,1.019457,1.175497,0.998652,0.977847,1.092276,0.177218
2854.233231,real,1.019457,1.175497,1.019457,0.988249,1.092276,0.177218
2854.237922,real,1.019457,1.175497,1.029860,1.009055,1.092276,0.177218
2854.242703,real,1.019457,1.175497,1.040262,1.029860,1.092276,0.177218
2854.248258,real,1.019457,1.175497,1.061068,1.029860,1.092276,0.177218
2854.253064,real,1.019457,1.175497,1.071470,1.029860,1.092276,0.177218
2854.257655,real,1.019457,1.175497,1.081873,1.061068,1.092276,0.177218
2854.262866,real,1.019457,1.175497,1.102678,1.081873,1.092276,0.177218
2854.267648,real,1.019457,1.175497,1.113081,1.092276,1.092276,0.177218
2854.273115,real,1.019457,1.175497,1.133886,1.092276,1.092276,0.177218
2854.277827,real,1.019457,1.175497,1.144289,1.123483,1.092276,0.177218
2854.282651,real,1.019457,1.175497,1.154691,1.144289,1.092276,0.177218
2854.287760,real,1.019457,1.175497,1.175497,1.154691,1.092276,0.177218
2854.293183,real,1.019457,1.175497,1.175497,1.165094,1.092276,0.177218
2854.293436,real,1.019457,1.175497,1.175497,1.165094,1.092276,0.177218
2854.297888,real,1.019457,1.175497,1.185899,1.165094,1.092276,0.177218
2854.302671,real,1.019457,1.175497,1.196302,1.165094,1.092276,0.177218
2854.308119,real,1.019457,1.175497,1.196302,1.165094,1.092276,0.177218
2854.313235,real,1.019457,1.175497,1.196302,1.165094,1.092276,0.177218
2854.317961,real,1.019457,1.175497,1.196302,1.175497,1.092276,0.177218
2854.322846,real,1.019457,1.175497,1.196302,1.175497,1.092276,0.177218
2854.327974,real,1.019457,1.175497,1.196302,1.175497,1.092276,0.177218
2854.332637,real,1.019457,1.175497,1.196302,1.175497,1.092276,0.177218
2854.337481,real,1.019457,1.175497,1.196302,1.175497,1.092276,0.177218
2854.342493,real,1.019457,1.175497,1.196302,1.175497,1.092276,0.177218
2854.347696,real,1.019457,1.175497,1.196302,1.175497,1.092276,0.177218
2854.352924,real,1.019457,1.175497,1.196302,1.175497,1.092276,0.177218
2854.357650,real,1.019457,1.175497,1.196302,1.175497,1.092276,0.177218
2854.362445,real,1.019457,1.175497,1.196302,1.175497,1.092276,0.177218
2854.367481,real,1.019457,1.175497,1.196302,1.175497,1.092276,0.177218
2854.372558,real,1.019457,1.175497,1.196302,1.175497,1.092276,0.177218
2854.377613,real,1.019457,1.175497,1.196302,1.175497,1.092276,0.177218
2854.382351,real,1.019457,1.175497,1.196302,1.175497,1.092276,0.177218
2854.387457,real,1.019457,1.175497,1.196302,1.175497,1.092276,0.177218
2854.392952,real,1.019457,1.175497,1.196302,1.175497,1.092276,0.177218
2854.393302,real,1.019457,1.175497,1.196302,1.175497,1.092276,0.177218
2854.397367,real,1.019457,1.175497,1.196302,1.175497,1.092276,0.177218
2854.402188,real,1.019457,1.175497,1.196302,1.175497,1.092276,0.177218
2854.407222,real,1.019457,1.175497,1.196302,1.175497,1.092276,0.177218
2854.412193,real,1.019457,1.175497,1.196302,1.175497,1.092276,0.177218
2854.417448,real,1.019457,1.175497,1.196302,1.175497,1.092276,0.177218
2854.422089,real,1.019457,1.175497,1.196302,1.175497,1.092276,0.177218
2854.427099,real,1.019457,1.175497,1.196302,1.175497,1.092276,0.177218
2854.432098,real,1.019457,1.175497,1.196302,1.175497,1.092276,0.177218
2854.437608,real,1.019457,1.175497,1.196302,1.175497,1.092276,0.177218
2854.442230,real,1.019457,1.175497,1.196302,1.175497,1.092276,0.177218
2854.447041,real,1.019457,1.175497,1.196302,1.175497,1.092276,0.177218
2854.452095,real,1.019457,1.175497,1.196302,1.175497,1.092276,0.177218
2854.457324,real,1.019457,1.175497,1.196302,1.175497,1.092276,0.177218
2854.461967,real,1.019457,1.175497,1.196302,1.175497,1.092276,0.177218
2854.467138,real,1.019457,1.175497,1.196302,1.175497,1.092276,0.177218
2854.472251,real,1.019457,1.175497,1.196302,1.175497,1.092276,0.177218
2854.477274,real,1.019457,1.175497,1.196302,1.175497,1.092276,0.177218
2854.482308,real,1.019457,1.175497,1.196302,1.175497,1.092276,0.177218
2854.487191,real,1.019457,1.175497,1.196302,1.175497,1.092276,0.177218
2854.493565,real,1.019457,1.175497,1.196302,1.175497,1.092276,0.177218
2854.493804,real,1.019457,1.175497,1.196302,1.175497,1.092276,0.177218
2854.497421,real,1.019457,1.175497,1.196302,1.175497,1.092276,0.177218
2854.502250,real,1.019457,1.175497,1.196302,1.175497,1.092276,0.177218
2854.507374,real,1.019457,1.175497,1.196302,1.175497,1.092276,0.177218
2854.512241,real,1.019457,1.175497,1.196302,1.175497,1.092276,0.177218
2854.517773,real,1.019457,1.175497,1.196302,1.175497,1.092276,0.177218
2854.522421,real,1.019457,1.175497,1.196302,1.175497,1.092276,0.177218
2854.527108,real,1.019457,1.175497,1.196302,1.175497,1.092276,0.177218
2854.532933,real,1.019457,1.175497,1.185899,1.175497,1.092276,0.177218
2854.537476,real,1.019457,1.175497,1.175497,1.175497,1.092276,0.177218
2854.542461,real,0.998652,1.175497,1.175497,1.144289,1.071470,0.177218
2854.547400,real,0.988249,1.154691,1.175497,1.144289,1.071470,0.177218
2854.552624,real,0.967444,1.133886,1.154691,1.113081,1.071470,0.177218
2854.557312,real,0.936236,1.123483,1.144289,1.102678,1.050665,0.177218
2854.562151,real,0.925834,1.113081,1.123483,1.092276,1.029860,0.177218
2854.567380,real,0.905028,1.081873,1.113081,1.071470,1.029860,0.177218
2854.572477,real,0.884223,1.071470,1.092276,1.050665,0.998652,0.177218
2854.577289,real,0.863418,1.050665,1.092276,1.029860,0.977847,0.177218
2854.582363,real,0.832210,1.040262,1.092276,1.029860,0.967444,0.177218
2854.587395,real,0.821807,1.019457,1.061068,1.029860,0.957041,0.177218
2854.592593,real,0.790599,0.998652,1.050665,0.998652,0.936236,0.177218
2854.594357,real,0.790599,0.998652,1.050665,0.998652,0.936236,0.177218
2854.597665,real,0.769794,0.988249,1.029860,0.988249,0.915431,0.177218
2854.602223,real,0.759392,0.977847,1.019457,0.977847,0.905028,0.177218
2854.607545,real,0.738586,0.957041,1.009055,0.957041,0.894626,0.177218
2854.612329,real,0.707378,0.946639,0.988249,0.957041,0.873820,0.177218
2854.617766,real,0.696976,0.925834,0.977847,0.936236,0.863418,0.177218
2854.622572,real,0.665768,0.915431,0.957041,0.925834,0.853015,0.177218
2854.627629,real,0.644963,0.894626,0.957041,0.915431,0.832210,0.153052
2854.632475,real,0.634560,0.873820,0.957041,0.894626,0.821807,0.136941
2854.638167,real,0.603352,0.863418,0.925834,0.884223,0.801002,0.128886
2854.642667,real,0.582547,0.842613,0.915431,0.863418,0.790599,0.112775
2854.647659,real,0.561742,0.832210,0.905028,0.853015,0.780197,0.096664
2854.652609,real,0.540936,0.821807,0.884223,0.842613,0.759392,0.072498
2854.658362,real,0.530534,0.801002,0.873820,0.821807,0.748989,0.064443
2854.662192,real,0.499326,0.790599,0.853015,0.811405,0.728184,0.056388
2854.667771,real,0.478521,0.780197,0.842613,0.801002,0.717781,0.032221
2854.672928,real,0.468118,0.759392,0.832210,0.780197,0.707378,0.016111
2854.677742,real,0.436910,0.748989,0.821807,0.769794,0.686573,0.008055
2854.682507,real,0.426508,0.728184,0.811405,0.748989,0.676171,0.000000
2854.687110,real,0.395300,0.707378,0.811405,0.748989,0.665768,0.000000
2854.692075,real,0.384897,0.696976,0.780197,0.748989,0.644963,0.000000
2854.697963,real,0.364092,0.676171,0.769794,0.717781,0.634560,0.000000
2854.702147,real,0.332884,0.665768,0.748989,0.707378,0.613755,0.000000
2854.706904,real,0.322481,0.644963,0.738586,0.696976,0.603352,0.000000
2854.712101,real,0.291273,0.634560,0.728184,0.696976,0.592950,0.000000
2854.717157,real,0.280871,0.624157,0.707378,0.676171,0.572144,0.000000
2854.722075,real,0.270468,0.592950,0.696976,0.655365,0.561742,0.000000
2854.727212,real,0.239260,0.582547,0.676171,0.644963,0.540936,0.000000
2854.732201,real,0.218455,0.572144,0.665768,0.644963,0.530534,0.000000
2854.737145,real,0.208052,0.551339,0.655365,0.613755,0.520131,0.000000
2854.741990,real,0.176845,0.540936,0.655365,0.613755,0.488923,0.000000
2854.746902,real,0.166442,0.520131,0.634560,0.582547,0.478521,0.000000
2854.751648,real,0.135234,0.509729,0.624157,0.572144,0.468118,0.000000
2854.756844,real,0.114429,0.499326,0.603352,0.572144,0.457715,0.000000
2854.761962,real,0.104026,0.478521,0.592950,0.572144,0.457715,0.000000
2854.766801,real,0.072818,0.468118,0.572144,0.540936,0.416105,0.000000
2854.771679,real,0.062416,0.447313,0.561742,0.520131,0.405702,0.000000
2854.777152,real,0.031208,0.436910,0.551339,0.509729,0.395300,0.000000
2854.781793,real,0.020805,0.426508,0.530534,0.499326,0.374494,0.000000
2854.786948,real,0.010403,0.395300,0.520131,0.478521,0.364092,0.000000
2854.793075,real,0.000000,0.384897,0.509729,0.468118,0.343287,0.000000
2854.793643,real,0.000000,0.384897,0.509729,0.468118,0.343287,0.000000
2854.796772,real,0.000000,0.364092,0.499326,0.457715,0.332884,0.000000
2854.801699,real,0.000000,0.353689,0.499326,0.436910,0.322481,0.000000
2854.806841,real,0.000000,0.343287,0.468118,0.426508,0.301676,0.000000
2854.811890,real,0.000000,0.322481,0.457715,0.416105,0.291273,0.000000
2854.816516,real,0.000000,0.312079,0.457715,0.405702,0.280871,0.000000
2854.822318,real,0.000000,0.301676,0.436910,0.405702,0.260066,0.000000
2854.826824,real,0.000000,0.280871,0.436910,0.374494,0.249663,0.000000
2854.831688,real,0.000000,0.270468,0.405702,0.364092,0.228858,0.000000
2854.836808,real,0.000000,0.239260,0.405702,0.343287,0.218455,0.000000
2854.841586,real,0.000000,0.228858,0.384897,0.332884,0.208052,0.000000
2854.846627,real,0.000000,0.218455,0.374494,0.332884,0.187247,0.000000
2854.851887,real,0.000000,0.197650,0.353689,0.312079,0.176845,0.000000
2854.856984,real,0.000000,0.187247,0.332884,0.312079,0.156039,0.000000
2854.861609,real,0.000000,0.176845,0.322481,0.291273,0.145637,0.000000
2854.866821,real,0.000000,0.156039,0.312079,0.270468,0.135234,0.000000
2854.871805,real,0.000000,0.145637,0.291273,0.260066,0.114429,0.000000
2854.876762,real,0.000000,0.124831,0.280871,0.239260,0.104026,0.000000
2854.881682,real,0.000000,0.114429,0.270468,0.228858,0.093624,0.000000
2854.886772,real,0.000000,0.093624,0.249663,0.218455,0.072818,0.000000
2854.892222,real,0.000000,0.072818,0.249663,0.197650,0.072818,0.000000
2854.894745,real,0.000000,0.072818,0.249663,0.197650,0.072818,0.000000
2854.896417,real,0.000000,0.062416,0.228858,0.197650,0.041610,0.000000
2854.901611,real,0.000000,0.041610,0.218455,0.176845,0.031208,0.000000
2854.906431,real,0.000000,0.031208,0.208052,0.166442,0.020805,0.000000
2854.911221,real,0.000000,0.020805,0.187247,0.156039,0.000000,0.000000
2854.916899,real,0.000000,0.020805,0.176845,0.135234,0.000000,0.000000
2854.921548,real,0.000000,0.020805,0.166442,0.124831,0.000000,0.000000
2854.926292,real,0.000000,0.020805,0.156039,0.114429,0.000000,0.000000
2854.931414,real,0.000000,0.020805,0.145637,0.093624,0.000000,0.000000
2854.936694,real,0.000000,0.020805,0.124831,0.083221,0.000000,0.000000
2854.941576,real,0.000000,0.020805,0.114429,0.062416,0.000000,0.000000
2854.946595,real,0.000000,0.020805,0.093624,0.062416,0.000000,0.000000
2854.951694,real,0.000000,0.020805,0.083221,0.062416,0.000000,0.000000
2854.956484,real,0.000000,0.020805,0.083221,0.031208,0.000000,0.000000
2854.962131,real,0.000000,0.010403,0.052013,0.020805,0.000000,0.000000
2854.966525,real,0.000000,0.010403,0.041610,0.010403,0.000000,0.000000
2854.971407,real,0.000000,0.010403,0.031208,0.000000,0.000000,0.000000
2854.977066,real,0.000000,0.010403,0.031208,0.000000,0.000000,0.000000
2854.981949,real,0.000000,0.010403,0.031208,0.000000,0.000000,0.000000
2854.986828,real,0.000000,0.010403,0.000000,0.000000,0.000000,0.000000
2854.992162,real,0.000000,0.010403,0.000000,0.000000,0.000000,0.000000
2854.992475,real,0.000000,0.010403,0.000000,0.000000,0.000000,0.000000
2854.996720,real,0.000000,0.010403,0.000000,0.000000,0.000000,0.000000
2855.001837,real,0.000000,0.010403,0.000000,0.000000,0.000000,0.000000
2855.006257,real,0.000000,0.010403,0.000000,0.000000,0.000000,0.000000
2855.011422,real,0.000000,0.010403,0.000000,0.000000,0.000000,0.000000
2855.016671,real,0.000000,0.010403,0.000000,0.000000,0.000000,0.000000
2855.021382,real,0.000000,0.010403,0.000000,0.000000,0.000000,0.000000
2855.026122,real,0.000000,0.010403,0.000000,0.000000,0.000000,0.000000
2855.031331,real,0.000000,0.010403,0.000000,0.000000,0.000000,0.000000
2855.036238,real,0.000000,0.010403,0.000000,0.000000,0.000000,0.000000
2855.041473,real,0.000000,0.010403,0.000000,0.000000,0.000000,0.000000
2855.046208,real,0.000000,0.010403,0.000000,0.000000,0.000000,0.000000
2855.051088,real,0.000000,0.010403,0.000000,0.000000,0.000000,0.000000
2855.055997,real,0.000000,0.010403,0.000000,0.000000,0.000000,0.000000
2855.061459,real,0.000000,0.010403,0.000000,0.000000,0.000000,0.000000
2855.066155,real,0.000000,0.010403,0.000000,0.000000,0.000000,0.000000
2855.070977,real,0.000000,0.010403,0.000000,0.000000,0.000000,0.000000
2855.076100,real,0.000000,0.010403,0.000000,0.000000,0.000000,0.000000
2855.081667,real,0.000000,0.010403,0.000000,0.000000,0.000000,0.000000
2855.086037,real,0.000000,0.010403,0.000000,0.000000,0.000000,0.000000
2855.091435,real,0.000000,0.010403,0.000000,0.000000,0.000000,0.000000
2855.091799,real,0.000000,0.010403,0.000000,0.000000,0.000000,0.000000
2855.096183,real,0.000000,0.010403,0.000000,0.000000,0.000000,0.000000
2855.101992,real,0.000000,0.010403,0.000000,0.000000,0.000000,0.000000
2855.106138,real,0.000000,0.010403,0.000000,0.000000,0.000000,0.000000
2855.111298,real,0.000000,0.010403,0.000000,0.000000,0.000000,0.000000
2855.116102,real,0.000000,0.010403,0.000000,0.000000,0.000000,0.000000
2855.121519,real,0.000000,0.010403,0.000000,0.000000,0.000000,0.000000
2855.126281,real,0.000000,0.010403,0.000000,0.000000,0.000000,0.000000
2855.130856,real,0.000000,0.010403,0.000000,0.000000,0.000000,0.000000
2855.135730,real,0.000000,0.010403,0.000000,0.000000,0.000000,0.000000
2855.141161,real,0.000000,0.010403,0.000000,0.000000,0.000000,0.000000
2855.145863,real,0.000000,0.010403,0.000000,0.000000,0.000000,0.000000
2855.150725,real,0.000000,0.010403,0.000000,0.000000,0.000000,0.000000
2855.155660,real,0.000000,0.010403,0.000000,0.000000,0.000000,0.000000
2855.160732,real,0.000000,0.010403,0.000000,0.000000,0.000000,0.000000
2855.165672,real,0.000000,0.010403,0.000000,0.000000,0.000000,0.000000
2855.170561,real,0.000000,0.010403,0.000000,0.000000,0.000000,0.000000
2855.175693,real,0.000000,0.010403,0.000000,0.000000,0.000000,0.000000
2855.180714,real,0.000000,0.010403,0.000000,0.000000,0.000000,0.000000
2855.185801,real,0.000000,0.010403,0.000000,0.000000,0.000000,0.000000
2855.191557,real,0.000000,0.010403,0.000000,0.000000,0.000000,0.000000
2855.195597,real,0.000000,0.010403,0.000000,0.000000,0.000000,0.000000
2855.291546,real,0.000000,0.010403,0.000000,0.000000,0.000000,0.000000
2855.391401,real,0.000000,0.010403,0.000000,0.000000,0.000000,0.000000
2855.400307,real,0.000000,0.010403,0.000000,0.000000,0.000000,0.000000
2855.405221,real,0.000000,0.010403,0.000000,0.000000,0.000000,0.000000
2855.409993,real,0.000000,0.010403,0.000000,0.000000,0.000000,0.000000
2855.415083,real,0.000000,0.010403,0.000000,0.000000,0.000000,0.000000
2855.420190,real,0.000000,0.010403,0.000000,0.000000,0.000000,0.000000
2855.425453,real,0.000000,0.010403,0.000000,0.000000,0.000000,0.000000
2855.430468,real,0.041610,0.010403,0.000000,0.000000,0.000000,0.000000
2855.435144,real,0.052013,0.010403,0.000000,0.000000,0.000000,0.032221
2855.440132,real,0.083221,0.010403,0.000000,0.000000,0.000000,0.040277
2855.445529,real,0.104026,0.010403,0.000000,0.000000,0.000000,0.064443
2855.449919,real,0.114429,0.010403,0.000000,0.000000,0.000000,0.072498
2855.454757,real,0.145637,0.010403,0.000000,0.000000,0.000000,0.088609
2855.459889,real,0.156039,0.010403,0.000000,0.000000,0.000000,0.112775
2855.465043,real,0.187247,0.010403,0.000000,0.000000,0.000000,0.120830
2855.469851,real,0.208052,0.010403,0.000000,0.000000,0.000000,0.128886
2855.474855,real,0.218455,0.010403,0.000000,0.000000,0.000000,0.144997
2855.479945,real,0.249663,0.010403,0.000000,0.000000,0.000000,0.144997
2855.484843,real,0.260066,0.010403,0.000000,0.000000,0.000000,0.153052
2855.490787,real,0.280871,0.010403,0.000000,0.000000,0.000000,0.153052
2855.490951,real,0.291273,0.010403,0.000000,0.000000,0.000000,0.153052
2855.495312,real,0.312079,0.010403,0.000000,0.000000,0.000000,0.153052
2855.500092,real,0.322481,0.010403,0.000000,0.000000,0.000000,0.153052
2855.505250,real,0.353689,0.010403,0.000000,0.000000,0.000000,0.153052
2855.510125,real,0.364092,0.010403,0.000000,0.000000,0.000000,0.153052
2855.515145,real,0.384897,0.010403,0.000000,0.000000,0.000000,0.153052
2855.520048,real,0.416105,0.010403,0.000000,0.000000,0.000000,0.153052
2855.526261,real,0.426508,0.031208,0.000000,0.000000,0.000000,0.153052
2855.529979,real,0.457715,0.031208,0.000000,0.000000,0.000000,0.153052
2855.534846,real,0.468118,0.031208,0.000000,0.000000,0.000000,0.153052
2855.540165,real,0.488923,0.031208,0.000000,0.000000,0.000000,0.153052
2855.545492,real,0.509729,0.052013,0.000000,0.000000,0.020805,0.153052
2855.550307,real,0.530534,0.062416,0.000000,0.000000,0.031208,0.153052
2855.555538,real,0.540936,0.083221,0.000000,0.000000,0.031208,0.153052
2855.560676,real,0.572144,0.104026,0.000000,0.000000,0.062416,0.153052
2855.565687,real,0.582547,0.124831,0.000000,0.000000,0.072818,0.153052
2855.570321,real,0.613755,0.135234,0.000000,0.000000,0.083221,0.153052
2855.575352,real,0.624157,0.145637,0.000000,0.000000,0.104026,0.153052
2855.580159,real,0.634560,0.166442,0.000000,0.000000,0.114429,0.153052
2855.585103,real,0.665768,0.176845,0.020805,0.000000,0.145637,0.153052
2855.590601,real,0.676171,0.197650,0.031208,0.010403,0.156039,0.144997
2855.592367,real,0.676171,0.197650,0.031208,0.010403,0.156039,0.144997
2855.594939,real,0.707378,0.208052,0.031208,0.020805,0.166442,0.144997
2855.599812,real,0.717781,0.228858,0.031208,0.031208,0.187247,0.144997
2855.605590,real,0.738586,0.239260,0.062416,0.052013,0.197650,0.144997
2855.610059,real,0.759392,0.239260,0.083221,0.072818,0.218455,0.144997
2855.614768,real,0.769794,0.270468,0.093624,0.083221,0.228858,0.144997
2855.620045,real,0.790599,0.291273,0.104026,0.104026,0.239260,0.144997
2855.625262,real,0.821807,0.301676,0.124831,0.114429,0.260066,0.144997
2855.629958,real,0.832210,0.322481,0.135234,0.135234,0.270468,0.144997
2855.634971,real,0.853015,0.332884,0.156039,0.145637,0.280871,0.144997
2855.640201,real,0.873820,0.343287,0.166442,0.156039,0.301676,0.144997
2855.645116,real,0.884223,0.364092,0.176845,0.176845,0.301676,0.144997
2855.650153,real,0.905028,0.374494,0.197650,0.187247,0.332884,0.144997
2855.655226,real,0.925834,0.395300,0.208052,0.208052,0.343287,0.144997
2855.660386,real,0.946639,0.405702,0.218455,0.218455,0.353689,0.144997
2855.665139,real,0.967444,0.426508,0.239260,0.228858,0.374494,0.144997
2855.670168,real,0.977847,0.447313,0.249663,0.249663,0.395300,0.144997
2855.674717,real,0.998652,0.457715,0.270468,0.260066,0.416105,0.144997
2855.680250,real,1.009055,0.468118,0.280871,0.270468,0.426508,0.144997
2855.684824,real,1.019457,0.488923,0.291273,0.291273,0.436910,0.144997
2855.690300,real,1.029860,0.499326,0.312079,0.301676,0.457715,0.144997
2855.694854,real,1.029860,0.520131,0.322481,0.322481,0.468118,0.144997
2855.699906,real,1.029860,0.530534,0.332884,0.332884,0.478521,0.144997
2855.705051,real,1.029860,0.540936,0.353689,0.343287,0.499326,0.144997
2855.709796,real,1.029860,0.561742,0.364092,0.364092,0.509729,0.144997
2855.714967,real,1.029860,0.561742,0.384897,0.374494,0.530534,0.144997
2855.719798,real,1.029860,0.592950,0.395300,0.395300,0.551339,0.144997
2855.724677,real,1.029860,0.603352,0.405702,0.405702,0.551339,0.144997
2855.729796,real,1.029860,0.613755,0.436910,0.416105,0.582547,0.144997
2855.734921,real,1.029860,0.634560,0.447313,0.436910,0.592950,0.144997
2855.739623,real,1.029860,0.655365,0.457715,0.447313,0.613755,0.144997
2855.744733,real,1.029860,0.665768,0.457715,0.457715,0.624157,0.144997
2855.750028,real,1.029860,0.686573,0.457715,0.478521,0.634560,0.144997
2855.754516,real,1.029860,0.696976,0.499326,0.488923,0.655365,0.144997
2855.759434,real,1.029860,0.717781,0.509729,0.509729,0.655365,0.144997
2855.764812,real,1.029860,0.728184,0.520131,0.520131,0.655365,0.144997
2855.769791,real,1.029860,0.738586,0.540936,0.530534,0.696976,0.144997
2855.775127,real,1.029860,0.759392,0.551339,0.551339,0.707378,0.144997
2855.779939,real,1.029860,0.769794,0.572144,0.561742,0.728184,0.144997
2855.785920,real,1.029860,0.790599,0.592950,0.582547,0.738586,0.144997
2855.790192,real,1.029860,0.801002,0.603352,0.592950,0.748989,0.144997
2855.790373,real,1.029860,0.801002,0.613755,0.592950,0.759392,0.144997
2855.794837,real,1.029860,0.811405,0.624157,0.603352,0.769794,0.144997
2855.799617,real,1.029860,0.832210,0.634560,0.624157,0.780197,0.144997
2855.805103,real,1.029860,0.842613,0.655365,0.634560,0.801002,0.144997
2855.809897,real,1.029860,0.853015,0.655365,0.634560,0.801002,0.144997
2855.814686,real,1.029860,0.873820,0.655365,0.665768,0.821807,0.144997
2855.819704,real,1.029860,0.884223,0.686573,0.676171,0.842613,0.144997
2855.824658,real,1.029860,0.905028,0.696976,0.696976,0.853015,0.144997
2855.829915,real,1.029860,0.915431,0.707378,0.707378,0.863418,0.144997
2855.834630,real,1.029860,0.925834,0.738586,0.717781,0.884223,0.144997
2855.839749,real,1.029860,0.946639,0.748989,0.738586,0.894626,0.144997
2855.844691,real,1.029860,0.957041,0.748989,0.748989,0.915431,0.144997
2855.849656,real,1.029860,0.977847,0.780197,0.769794,0.925834,0.144997
2855.854429,real,1.029860,0.988249,0.790599,0.780197,0.936236,0.144997
2855.859533,real,1.029860,0.998652,0.811405,0.790599,0.957041,0.144997
2855.864656,real,1.029860,1.019457,0.821807,0.811405,0.957041,0.144997
2855.870627,real,1.029860,1.029860,0.842613,0.811405,0.988249,0.144997
2855.874611,real,1.029860,1.040262,0.842613,0.832210,0.998652,0.144997
2855.879516,real,1.029860,1.061068,0.863418,0.853015,1.009055,0.144997
2855.885034,real,1.029860,1.071470,0.884223,0.863418,1.029860,0.144997
2855.889975,real,1.029860,1.102678,0.894626,0.884223,1.040262,0.144997
2855.890227,real,1.029860,1.102678,0.894626,0.884223,1.040262,0.144997
2855.894552,real,1.029860,1.113081,0.915431,0.894626,1.050665,0.144997
2855.899672,real,1.029860,1.123483,0.925834,0.905028,1.071470,0.144997
2855.904221,real,1.029860,1.133886,0.936236,0.925834,1.081873,0.144997
2855.909517,real,1.029860,1.144289,0.957041,0.925834,1.092276,0.144997
2855.914267,real,1.029860,1.165094,0.967444,0.967444,1.092276,0.144997
2855.919167,real,1.029860,1.165094,0.977847,0.977847,1.092276,0.144997
2855.924169,real,1.029860,1.165094,0.998652,0.988249,1.092276,0.144997
2855.929810,real,1.029860,1.185899,1.009055,1.009055,1.092276,0.144997
2855.934419,real,1.029860,1.185899,1.029860,1.019457,1.092276,0.144997
2855.939100,real,1.029860,1.185899,1.040262,1.029860,1.092276,0.144997
2855.944398,real,1.029860,1.185899,1.050665,1.050665,1.092276,0.144997
2855.949213,real,1.029860,1.185899,1.071470,1.061068,1.092276,0.144997
2855.954233,real,1.029860,1.185899,1.081873,1.081873,1.092276,0.144997
2855.959223,real,1.029860,1.185899,1.092276,1.092276,1.092276,0.144997
2855.964136,real,1.029860,1.185899,1.113081,1.102678,1.092276,0.144997
2855.969220,real,1.029860,1.185899,1.113081,1.133886,1.092276,0.144997
2855.974322,real,1.029860,1.185899,1.144289,1.144289,1.092276,0.144997
2855.979035,real,1.029860,1.185899,1.154691,1.154691,1.092276,0.144997
2855.984059,real,1.029860,1.185899,1.165094,1.165094,1.092276,0.144997
2855.989590,real,1.029860,1.185899,1.175497,1.165094,1.092276,0.144997
2855.989873,real,1.029860,1.185899,1.175497,1.175497,1.092276,0.144997
2855.994384,real,1.029860,1.185899,1.175497,1.185899,1.092276,0.144997
2855.999095,real,1.029860,1.185899,1.175497,1.185899,1.092276,0.144997
2856.004423,real,1.029860,1.185899,1.175497,1.185899,1.092276,0.144997
2856.011322,real,1.029860,1.185899,1.175497,1.185899,1.092276,0.144997
2856.014636,real,1.029860,1.185899,1.175497,1.185899,1.092276,0.144997
2856.019413,real,1.029860,1.185899,1.175497,1.185899,1.092276,0.144997
2856.024510,real,1.029860,1.185899,1.175497,1.185899,1.092276,0.144997
2856.029413,real,1.029860,1.185899,1.175497,1.185899,1.092276,0.144997
2856.034068,real,1.029860,1.185899,1.175497,1.185899,1.092276,0.144997
2856.039008,real,1.029860,1.185899,1.175497,1.185899,1.092276,0.144997
2856.044066,real,1.029860,1.185899,1.175497,1.185899,1.092276,0.144997
2856.049359,real,1.029860,1.185899,1.175497,1.185899,1.092276,0.144997
2856.054309,real,1.029860,1.185899,1.175497,1.185899,1.092276,0.144997
2856.059293,real,1.029860,1.185899,1.175497,1.185899,1.092276,0.144997
2856.064102,real,1.029860,1.185899,1.175497,1.185899,1.092276,0.144997
2856.069180,real,1.029860,1.185899,1.175497,1.185899,1.092276,0.144997
2856.074387,real,1.029860,1.185899,1.175497,1.185899,1.092276,0.144997
2856.079260,real,1.029860,1.185899,1.175497,1.185899,1.092276,0.144997
2856.084406,real,1.029860,1.185899,1.175497,1.185899,1.092276,0.144997
2856.090152,real,1.029860,1.185899,1.175497,1.185899,1.092276,0.144997
2856.090362,real,1.029860,1.185899,1.175497,1.185899,1.092276,0.144997
2856.094281,real,1.029860,1.185899,1.175497,1.185899,1.092276,0.144997
2856.099384,real,1.029860,1.185899,1.175497,1.185899,1.092276,0.144997
2856.103984,real,1.029860,1.185899,1.175497,1.185899,1.092276,0.144997
2856.109226,real,1.029860,1.185899,1.175497,1.185899,1.092276,0.144997
2856.114068,real,1.029860,1.185899,1.175497,1.185899,1.092276,0.144997
2856.119283,real,1.029860,1.185899,1.175497,1.185899,1.092276,0.144997
2856.123717,real,1.029860,1.185899,1.175497,1.185899,1.092276,0.144997
2856.128420,real,1.029860,1.185899,1.175497,1.185899,1.092276,0.144997
2856.134531,real,1.029860,1.185899,1.175497,1.185899,1.092276,0.144997
2856.138770,real,1.029860,1.185899,1.175497,1.185899,1.092276,0.144997
2856.143826,real,1.029860,1.185899,1.175497,1.185899,1.092276,0.144997
2856.149238,real,1.029860,1.185899,1.175497,1.185899,1.092276,0.144997
2856.154039,real,1.029860,1.185899,1.175497,1.185899,1.092276,0.144997
2856.158438,real,1.029860,1.185899,1.175497,1.185899,1.092276,0.144997
2856.163406,real,1.029860,1.185899,1.175497,1.185899,1.092276,0.144997
2856.168624,real,1.029860,1.185899,1.175497,1.185899,1.092276,0.144997
2856.173814,real,1.029860,1.185899,1.175497,1.185899,1.092276,0.144997
2856.178455,real,1.029860,1.185899,1.175497,1.185899,1.092276,0.144997
2856.183582,real,1.029860,1.185899,1.175497,1.185899,1.092276,0.144997
2856.189728,real,1.029860,1.185899,1.175497,1.185899,1.092276,0.144997
2856.193563,real,1.029860,1.185899,1.175497,1.185899,1.092276,0.144997
2856.198602,real,1.029860,1.185899,1.175497,1.185899,1.092276,0.144997
2856.203354,real,1.029860,1.185899,1.175497,1.185899,1.092276,0.144997
2856.208225,real,1.029860,1.185899,1.185899,1.185899,1.092276,0.144997
2856.213619,real,1.029860,1.185899,1.185899,1.185899,1.092276,0.144997
2856.218584,real,1.029860,1.185899,1.185899,1.185899,1.092276,0.144997
2856.223345,real,1.029860,1.185899,1.185899,1.185899,1.092276,0.144997
2856.228232,real,1.029860,1.185899,1.185899,1.185899,1.092276,0.144997
2856.233305,real,1.029860,1.185899,1.185899,1.185899,1.092276,0.144997
2856.238141,real,1.029860,1.185899,1.185899,1.185899,1.092276,0.144997
2856.243184,real,1.029860,1.185899,1.185899,1.185899,1.092276,0.144997
2856.248268,real,1.029860,1.185899,1.185899,1.185899,1.092276,0.144997
2856.253637,real,1.029860,1.185899,1.185899,1.185899,1.092276,0.144997
2856.258108,real,1.029860,1.185899,1.185899,1.185899,1.092276,0.144997
2856.263270,real,1.029860,1.185899,1.185899,1.185899,1.092276,0.144997
2856.268086,real,1.029860,1.185899,1.185899,1.185899,1.092276,0.144997
2856.273098,real,1.029860,1.185899,1.185899,1.185899,1.092276,0.144997
2856.278458,real,1.029860,1.185899,1.185899,1.185899,1.092276,0.144997
2856.283238,real,1.029860,1.185899,1.185899,1.185899,1.092276,0.144997
2856.289000,real,1.029860,1.185899,1.185899,1.185899,1.092276,0.144997
2856.289671,real,1.029860,1.185899,1.185899,1.185899,1.092276,0.144997
2856.293914,real,1.029860,1.185899,1.185899,1.185899,1.092276,0.144997
2856.298626,real,1.029860,1.185899,1.185899,1.185899,1.092276,0.144997
2856.303448,real,1.029860,1.185899,1.185899,1.185899,1.092276,0.144997
2856.308524,real,1.029860,1.185899,1.196302,1.185899,1.092276,0.144997
2856.313804,real,1.029860,1.185899,1.196302,1.185899,1.092276,0.144997
2856.318435,real,1.029860,1.185899,1.196302,1.185899,1.092276,0.144997
2856.323459,real,1.029860,1.185899,1.196302,1.185899,1.092276,0.128886
2856.328914,real,1.029860,1.185899,1.196302,1.185899,1.092276,0.112775
2856.334343,real,1.009055,1.165094,1.196302,1.165094,1.092276,0.104720
2856.338849,real,0.988249,1.165094,1.196302,1.154691,1.092276,0.096664
2856.343827,real,0.977847,1.165094,1.196302,1.154691,1.071470,0.072498
2856.348681,real,0.946639,1.133886,1.196302,1.133886,1.061068,0.064443
2856.353644,real,0.936236,1.123483,1.196302,1.123483,1.040262,0.040277
2856.358649,real,0.915431,1.102678,1.196302,1.092276,1.029860,0.024166
2856.363673,real,0.884223,1.092276,1.196302,1.071470,1.009055,0.016111
2856.368483,real,0.873820,1.071470,1.196302,1.061068,0.998652,0.008055
2856.373616,real,0.853015,1.050665,1.196302,1.040262,0.988249,0.008055
2856.378566,real,0.821807,1.040262,1.196302,1.029860,0.967444,0.000000
2856.383297,real,0.811405,1.009055,1.196302,1.009055,0.957041,0.000000
2856.388830,real,0.780197,0.998652,1.196302,0.998652,0.936236,0.000000
2856.391017,real,0.780197,0.998652,1.196302,0.998652,0.936236,0.000000
2856.393841,real,0.759392,0.988249,1.196302,0.988249,0.925834,0.000000
2856.398555,real,0.748989,0.967444,1.196302,0.967444,0.915431,0.000000
2856.403550,real,0.717781,0.957041,1.196302,0.957041,0.884223,0.000000
2856.408606,real,0.696976,0.936236,1.196302,0.946639,0.873820,0.000000
2856.413681,real,0.665768,0.915431,1.196302,0.925834,0.863418,0.000000
2856.418810,real,0.655365,0.905028,1.196302,0.925834,0.842613,0.000000
2856.423394,real,0.634560,0.873820,1.196302,0.894626,0.832210,0.000000
2856.428411,real,0.603352,0.863418,1.196302,0.884223,0.821807,0.000000
2856.433424,real,0.582547,0.853015,1.196302,0.873820,0.801002,0.000000
2856.438467,real,0.572144,0.832210,1.196302,0.853015,0.790599,0.000000
2856.443484,real,0.540936,0.821807,1.196302,0.842613,0.769794,0.000000
2856.448538,real,0.520131,0.801002,1.196302,0.821807,0.759392,0.000000
2856.453423,real,0.488923,0.790599,1.196302,0.811405,0.748989,0.000000
2856.458578,real,0.478521,0.780197,1.196302,0.801002,0.728184,0.000000
2856.463348,real,0.457715,0.748989,1.196302,0.780197,0.717781,0.000000
2856.468389,real,0.426508,0.738586,1.196302,0.769794,0.696976,0.000000
2856.473412,real,0.416105,0.717781,1.196302,0.748989,0.686573,0.000000
2856.478291,real,0.384897,0.707378,1.196302,0.738586,0.676171,0.000000
2856.482997,real,0.364092,0.696976,1.185899,0.738586,0.655365,0.000000
2856.488701,real,0.332884,0.676171,1.185899,0.707378,0.644963,0.000000
2856.491168,real,0.332884,0.676171,1.185899,0.707378,0.644963,0.000000
2856.493216,real,0.312079,0.655365,1.185899,0.696976,0.624157,0.000000
2856.498111,real,0.301676,0.644963,1.165094,0.686573,0.603352,0.000000
2856.503154,real,0.280871,0.613755,1.154691,0.665768,0.592950,0.000000
2856.508126,real,0.260066,0.603352,1.133886,0.655365,0.572144,0.000000
2856.513191,real,0.239260,0.582547,1.123483,0.634560,0.561742,0.000000
2856.518687,real,0.208052,0.572144,1.102678,0.624157,0.551339,0.000000
2856.523342,real,0.187247,0.561742,1.092276,0.613755,0.530534,0.000000
2856.528013,real,0.176845,0.540936,1.092276,0.592950,0.520131,0.000000
2856.533558,real,0.145637,0.530534,1.061068,0.582547,0.499326,0.000000
2856.538133,real,0.124831,0.499326,1.050665,0.561742,0.488923,0.000000
2856.543128,real,0.093624,0.488923,1.040262,0.551339,0.478521,0.000000
2856.548269,real,0.083221,0.478521,1.019457,0.540936,0.457715,0.000000
2856.553372,real,0.062416,0.447313,1.009055,0.520131,0.447313,0.000000
2856.558782,real,0.031208,0.436910,0.988249,0.509729,0.426508,0.000000
2856.563416,real,0.020805,0.426508,0.977847,0.499326,0.405702,0.000000
2856.568345,real,0.010403,0.405702,0.967444,0.478521,0.395300,0.000000
2856.572995,real,0.000000,0.395300,0.946639,0.468118,0.374494,0.000000
2856.577959,real,0.000000,0.364092,0.946639,0.457715,0.364092,0.000000
2856.583256,real,0.000000,0.353689,0.915431,0.436910,0.353689,0.000000
2856.588412,real,0.000000,0.343287,0.905028,0.426508,0.332884,0.000000
2856.588678,real,0.000000,0.332884,0.905028,0.416105,0.332884,0.000000
2856.592938,real,0.000000,0.322481,0.894626,0.405702,0.322481,0.000000
2856.598423,real,0.000000,0.312079,0.873820,0.395300,0.301676,0.000000
2856.603202,real,0.000000,0.280871,0.863418,0.374494,0.291273,0.000000
2856.608100,real,0.000000,0.270468,0.853015,0.364092,0.280871,0.000000
2856.613151,real,0.000000,0.260066,0.832210,0.353689,0.260066,0.000000
2856.618562,real,0.000000,0.239260,0.821807,0.332884,0.249663,0.000000
2856.622791,real,0.000000,0.228858,0.790599,0.332884,0.228858,0.000000
2856.627796,real,0.000000,0.218455,0.780197,0.332884,0.218455,0.000000
2856.633021,real,0.000000,0.187247,0.769794,0.291273,0.208052,0.000000
2856.638032,real,0.000000,0.176845,0.748989,0.280871,0.187247,0.000000
2856.642969,real,0.000000,0.156039,0.738586,0.260066,0.176845,0.000000
2856.648029,real,0.000000,0.145637,0.717781,0.249663,0.166442,0.000000
2856.652872,real,0.000000,0.135234,0.707378,0.239260,0.135234,0.000000
2856.657847,real,0.000000,0.104026,0.696976,0.218455,0.124831,0.000000
2856.662948,real,0.000000,0.093624,0.676171,0.208052,0.124831,0.000000
2856.667758,real,0.000000,0.072818,0.665768,0.187247,0.104026,0.000000
2856.672853,real,0.000000,0.052013,0.655365,0.176845,0.083221,0.000000
2856.678151,real,0.000000,0.041610,0.634560,0.166442,0.062416,0.000000
2856.682752,real,0.000000,0.020805,0.624157,0.145637,0.052013,0.000000
2856.688075,real,0.000000,0.020805,0.603352,0.135234,0.031208,0.000000
2856.693076,real,0.000000,0.020805,0.592950,0.124831,0.020805,0.000000
2856.698028,real,0.000000,0.000000,0.582547,0.104026,0.020805,0.000000
2856.702902,real,0.000000,0.000000,0.561742,0.093624,0.010403,0.000000
2856.707898,real,0.000000,0.000000,0.551339,0.072818,0.010403,0.000000
2856.712969,real,0.000000,0.000000,0.540936,0.062416,0.010403,0.000000
2856.717793,real,0.000000,0.000000,0.520131,0.052013,0.010403,0.000000
2856.722479,real,0.000000,0.000000,0.509729,0.031208,0.010403,0.000000
2856.727790,real,0.000000,0.000000,0.488923,0.020805,0.010403,0.000000
2856.732677,real,0.000000,0.000000,0.478521,0.010403,0.010403,0.000000
2856.737952,real,0.000000,0.000000,0.468118,0.010403,0.010403,0.000000
2856.743008,real,0.000000,0.000000,0.447313,0.010403,0.010403,0.000000
2856.747547,real,0.000000,0.000000,0.436910,0.010403,0.010403,0.000000
2856.752679,real,0.000000,0.000000,0.416105,0.010403,0.010403,0.000000
2856.757944,real,0.000000,0.000000,0.405702,0.010403,0.010403,0.000000
2856.762728,real,0.000000,0.000000,0.395300,0.010403,0.010403,0.000000
2856.767892,real,0.000000,0.000000,0.374494,0.010403,0.010403,0.000000
2856.772813,real,0.000000,0.000000,0.364092,0.010403,0.010403,0.000000
2856.777883,real,0.000000,0.000000,0.353689,0.010403,0.010403,0.000000
2856.782807,real,0.000000,0.000000,0.332884,0.010403,0.010403,0.000000
2856.788176,real,0.000000,0.000000,0.322481,0.010403,0.010403,0.000000
2856.790551,real,0.000000,0.000000,0.322481,0.010403,0.010403,0.000000
2856.792791,real,0.000000,0.000000,0.301676,0.010403,0.010403,0.000000
2856.797890,real,0.000000,0.000000,0.291273,0.010403,0.010403,0.000000
2856.802811,real,0.000000,0.000000,0.280871,0.010403,0.010403,0.000000
2856.807473,real,0.000000,0.000000,0.270468,0.010403,0.010403,0.000000
2856.812451,real,0.000000,0.000000,0.249663,0.010403,0.010403,0.000000
2856.817631,real,0.000000,0.000000,0.228858,0.010403,0.010403,0.000000
2856.822642,real,0.000000,0.000000,0.218455,0.010403,0.010403,0.000000
2856.827687,real,0.000000,0.000000,0.208052,0.010403,0.010403,0.000000
2856.832795,real,0.000000,0.000000,0.187247,0.010403,0.010403,0.000000
2856.837908,real,0.000000,0.000000,0.176845,0.000000,0.010403,0.000000
2856.842550,real,0.000000,0.000000,0.156039,0.000000,0.010403,0.000000
2856.847478,real,0.000000,0.000000,0.156039,0.000000,0.010403,0.000000
2856.852548,real,0.000000,0.000000,0.135234,0.000000,0.010403,0.000000
2856.857570,real,0.000000,0.000000,0.114429,0.000000,0.010403,0.000000
2856.862452,real,0.000000,0.000000,0.104026,0.000000,0.010403,0.000000
2856.867584,real,0.000000,0.000000,0.104026,0.000000,0.010403,0.000000
2856.872804,real,0.000000,0.000000,0.072818,0.000000,0.010403,0.000000
2856.877336,real,0.000000,0.000000,0.062416,0.000000,0.010403,0.000000
2856.882408,real,0.000000,0.000000,0.041610,0.000000,0.010403,0.000000
2856.887579,real,0.000000,0.000000,0.041610,0.000000,0.010403,0.000000
2856.888194,real,0.000000,0.000000,0.041610,0.000000,0.010403,0.000000
2856.892484,real,0.000000,0.000000,0.041610,0.000000,0.010403,0.000000
2856.897930,real,0.000000,0.000000,0.031208,0.000000,0.010403,0.000000
2856.902778,real,0.000000,0.000000,0.031208,0.000000,0.010403,0.000000
2856.907843,real,0.000000,0.000000,0.031208,0.000000,0.010403,0.000000
2856.912899,real,0.000000,0.000000,0.031208,0.000000,0.010403,0.000000
2856.918164,real,0.000000,0.000000,0.031208,0.000000,0.010403,0.000000
2856.922717,real,0.000000,0.000000,0.031208,0.000000,0.010403,0.000000
2856.926952,real,0.000000,0.000000,0.031208,0.000000,0.010403,0.000000
2856.931844,real,0.000000,0.000000,0.031208,0.000000,0.010403,0.000000
2856.936974,real,0.000000,0.000000,0.031208,0.000000,0.010403,0.000000
2856.941966,real,0.000000,0.000000,0.031208,0.000000,0.010403,0.000000
2856.946640,real,0.000000,0.000000,0.031208,0.000000,0.010403,0.000000
2856.951811,real,0.000000,0.000000,0.031208,0.000000,0.010403,0.000000
2856.956990,real,0.000000,0.000000,0.031208,0.000000,0.010403,0.000000
2856.961835,real,0.000000,0.000000,0.031208,0.000000,0.010403,0.000000
2856.966805,real,0.000000,0.000000,0.031208,0.000000,0.010403,0.000000
2856.971609,real,0.000000,0.000000,0.031208,0.000000,0.010403,0.000000
2856.976530,real,0.000000,0.000000,0.031208,0.000000,0.010403,0.000000
2856.981891,real,0.000000,0.000000,0.031208,0.000000,0.010403,0.000000
2856.987489,real,0.000000,0.000000,0.031208,0.000000,0.010403,0.000000
2856.989531,real,0.000000,0.000000,0.031208,0.000000,0.010403,0.000000
2856.991482,real,0.000000,0.000000,0.031208,0.000000,0.010403,0.000000
2856.996769,real,0.000000,0.000000,0.031208,0.000000,0.010403,0.000000
2857.002111,real,0.000000,0.000000,0.031208,0.000000,0.010403,0.000000
2857.006982,real,0.000000,0.000000,0.031208,0.000000,0.010403,0.000000
2857.011680,real,0.000000,0.000000,0.031208,0.000000,0.010403,0.000000
2857.017025,real,0.000000,0.000000,0.031208,0.000000,0.010403,0.000000
2857.021883,real,0.000000,0.000000,0.031208,0.000000,0.010403,0.000000
2857.026561,real,0.000000,0.000000,0.031208,0.000000,0.010403,0.000000
2857.031494,real,0.000000,0.000000,0.031208,0.000000,0.010403,0.000000
2857.036539,real,0.000000,0.000000,0.031208,0.000000,0.010403,0.000000
2857.041702,real,0.000000,0.000000,0.031208,0.000000,0.010403,0.000000
2857.046591,real,0.000000,0.000000,0.031208,0.000000,0.010403,0.000000
2857.051455,real,0.000000,0.000000,0.031208,0.000000,0.010403,0.000000
2857.056506,real,0.000000,0.000000,0.031208,0.000000,0.010403,0.000000
2857.061773,real,0.000000,0.000000,0.031208,0.000000,0.010403,0.000000
2857.066507,real,0.000000,0.000000,0.031208,0.000000,0.010403,0.000000
2857.071304,real,0.000000,0.000000,0.031208,0.000000,0.010403,0.000000
2857.076440,real,0.000000,0.000000,0.031208,0.000000,0.010403,0.000000
2857.081796,real,0.000000,0.000000,0.031208,0.000000,0.010403,0.000000
2857.087464,real,0.000000,0.000000,0.031208,0.000000,0.010403,0.000000
2857.087773,real,0.000000,0.000000,0.031208,0.000000,0.010403,0.000000
2857.091469,real,0.000000,0.000000,0.031208,0.000000,0.010403,0.000000
2857.187153,real,0.000000,0.000000,0.031208,0.000000,0.010403,0.000000
2857.247012,real,0.000000,0.000000,0.031208,0.000000,0.010403,0.000000
2857.251412,real,0.000000,0.000000,0.031208,0.000000,0.010403,0.000000
2857.256615,real,0.000000,0.000000,0.031208,0.000000,0.010403,0.000000
2857.261352,real,0.000000,0.000000,0.031208,0.000000,0.010403,0.008055
2857.266369,real,0.000000,0.000000,0.031208,0.000000,0.010403,0.008055
2857.271660,real,0.000000,0.000000,0.031208,0.000000,0.010403,0.008055
2857.276388,real,0.000000,0.000000,0.031208,0.000000,0.010403,0.032221
2857.281738,real,0.000000,0.031208,0.031208,0.020805,0.010403,0.048332
2857.286980,real,0.041610,0.031208,0.031208,0.020805,0.031208,0.056388
2857.288796,real,0.041610,0.031208,0.031208,0.020805,0.031208,0.072498
2857.291275,real,0.052013,0.052013,0.031208,0.052013,0.031208,0.080554
2857.296322,real,0.083221,0.072818,0.031208,0.062416,0.031208,0.096664
2857.302399,real,0.093624,0.083221,0.031208,0.072818,0.062416,0.112775
2857.306923,real,0.114429,0.104026,0.031208,0.093624,0.072818,0.128886
2857.311434,real,0.145637,0.114429,0.031208,0.114429,0.104026,0.136941
2857.316727,real,0.156039,0.145637,0.031208,0.124831,0.114429,0.153052
2857.321755,real,0.176845,0.156039,0.031208,0.145637,0.124831,0.161107
2857.326636,real,0.208052,0.156039,0.031208,0.156039,0.145637,0.169163
2857.331723,real,0.218455,0.156039,0.031208,0.156039,0.156039,0.169163
2857.336638,real,0.249663,0.187247,0.031208,0.176845,0.166442,0.177218
2857.342346,real,0.260066,0.197650,0.031208,0.187247,0.187247,0.185273
2857.346599,real,0.280871,0.228858,0.031208,0.208052,0.197650,0.185273
2857.351691,real,0.301676,0.239260,0.031208,0.218455,0.218455,0.185273
2857.356371,real,0.322481,0.260066,0.031208,0.239260,0.228858,0.185273
2857.361469,real,0.353689,0.270468,0.031208,0.249663,0.239260,0.185273
2857.366896,real,0.364092,0.280871,0.031208,0.260066,0.260066,0.185273
2857.371393,real,0.384897,0.312079,0.031208,0.280871,0.270468,0.185273
2857.376338,real,0.416105,0.322481,0.031208,0.291273,0.291273,0.185273
2857.381592,real,0.426508,0.322481,0.031208,0.291273,0.301676,0.185273
2857.386735,real,0.447313,0.343287,0.031208,0.322481,0.312079,0.177218
2857.388181,real,0.447313,0.343287,0.031208,0.322481,0.322481,0.177218
2857.391278,real,0.468118,0.353689,0.031208,0.332884,0.332884,0.177218
2857.396561,real,0.478521,0.384897,0.031208,0.343287,0.343287,0.177218
2857.401671,real,0.509729,0.395300,0.031208,0.364092,0.353689,0.177218
2857.406678,real,0.520131,0.405702,0.031208,0.374494,0.374494,0.177218
2857.411339,real,0.540936,0.426508,0.031208,0.395300,0.384897,0.177218
2857.416374,real,0.561742,0.436910,0.031208,0.405702,0.416105,0.177218
2857.421499,real,0.582547,0.457715,0.031208,0.426508,0.426508,0.177218
2857.427108,real,0.613755,0.468118,0.031208,0.436910,0.436910,0.177218
2857.431444,real,0.624157,0.478521,0.041610,0.447313,0.457715,0.177218
2857.436465,real,0.634560,0.499326,0.041610,0.468118,0.468118,0.177218
2857.441428,real,0.665768,0.520131,0.072818,0.478521,0.488923,0.177218
2857.446441,real,0.676171,0.530534,0.083221,0.488923,0.499326,0.177218
2857.451080,real,0.696976,0.551339,0.093624,0.509729,0.509729,0.177218
2857.456233,real,0.717781,0.561742,0.114429,0.520131,0.530534,0.177218
2857.461109,real,0.738586,0.582547,0.124831,0.540936,0.540936,0.177218
2857.466339,real,0.759392,0.592950,0.145637,0.551339,0.551339,0.177218
2857.471115,real,0.769794,0.603352,0.156039,0.561742,0.572144,0.177218
2857.476472,real,0.790599,0.624157,0.166442,0.582547,0.582547,0.177218
2857.481381,real,0.821807,0.634560,0.187247,0.592950,0.592950,0.177218
2857.486462,real,0.832210,0.655365,0.197650,0.624157,0.613755,0.177218
2857.486866,real,0.832210,0.655365,0.197650,0.624157,0.613755,0.177218
2857.491407,real,0.853015,0.665768,0.208052,0.634560,0.624157,0.177218
2857.496233,real,0.873820,0.676171,0.208052,0.644963,0.644963,0.177218
2857.501104,real,0.884223,0.696976,0.228858,0.655365,0.655365,0.177218
2857.506273,real,0.905028,0.707378,0.260066,0.665768,0.665768,0.177218
2857.511365,real,0.925834,0.717781,0.260066,0.665768,0.686573,0.177218
2857.515949,real,0.936236,0.738586,0.260066,0.696976,0.696976,0.177218
2857.520943,real,0.967444,0.748989,0.291273,0.707378,0.717781,0.177218
2857.526322,real,0.977847,0.769794,0.291273,0.728184,0.728184,0.177218
2857.530876,real,0.998652,0.780197,0.322481,0.738586,0.738586,0.177218
2857.535899,real,1.009055,0.790599,0.332884,0.748989,0.759392,0.177218
2857.541100,real,1.019457,0.811405,0.353689,0.769794,0.769794,0.177218
2857.546080,real,1.019457,0.811405,0.374494,0.780197,0.790599,0.177218
2857.551340,real,1.019457,0.842613,0.384897,0.801002,0.801002,0.177218
2857.556045,real,1.019457,0.853015,0.395300,0.811405,0.811405,0.177218
2857.561428,real,1.019457,0.863418,0.416105,0.821807,0.832210,0.177218
2857.567017,real,1.019457,0.894626,0.426508,0.842613,0.842613,0.177218
2857.571112,real,1.019457,0.905028,0.447313,0.853015,0.863418,0.177218
2857.576056,real,1.019457,0.915431,0.457715,0.863418,0.863418,0.177218
2857.581122,real,1.019457,0.936236,0.468118,0.884223,0.884223,0.177218
2857.586402,real,1.019457,0.946639,0.478521,0.894626,0.905028,0.177218
2857.588092,real,1.019457,0.946639,0.478521,0.894626,0.905028,0.177218
2857.590969,real,1.019457,0.967444,0.499326,0.915431,0.915431,0.177218
2857.595791,real,1.019457,0.967444,0.520131,0.925834,0.925834,0.177218
2857.601125,real,1.019457,0.988249,0.530534,0.936236,0.946639,0.177218
2857.605815,real,1.019457,1.009055,0.540936,0.957041,0.946639,0.177218
2857.610900,real,1.019457,1.019457,0.540936,0.967444,0.977847,0.177218
2857.615745,real,1.019457,1.040262,0.572144,0.998652,0.988249,0.177218
2857.620986,real,1.019457,1.050665,0.582547,1.009055,0.998652,0.177218
2857.626391,real,1.019457,1.061068,0.603352,1.019457,1.019457,0.177218
2857.630826,real,1.019457,1.081873,0.613755,1.029860,1.029860,0.177218
2857.635712,real,1.019457,1.092276,0.634560,1.029860,1.050665,0.177218
2857.641215,real,1.019457,1.113081,0.644963,1.061068,1.061068,0.177218
2857.646328,real,1.019457,1.123483,0.655365,1.081873,1.071470,0.177218
2857.651202,real,1.019457,1.133886,0.676171,1.092276,1.071470,0.177218
2857.656585,real,1.019457,1.154691,0.686573,1.113081,1.092276,0.177218
2857.660816,real,1.019457,1.165094,0.707378,1.123483,1.092276,0.177218
2857.665678,real,1.019457,1.175497,0.717781,1.133886,1.092276,0.177218
2857.671156,real,1.019457,1.175497,0.728184,1.154691,1.092276,0.177218
2857.676222,real,1.019457,1.175497,0.748989,1.165094,1.092276,0.177218
2857.680970,real,1.019457,1.175497,0.759392,1.175497,1.092276,0.177218
2857.686628,real,1.019457,1.175497,0.769794,1.175497,1.092276,0.177218
2857.690823,real,1.019457,1.175497,0.790599,1.175497,1.092276,0.177218
2857.695379,real,1.019457,1.175497,0.801002,1.175497,1.092276,0.177218
2857.700799,real,1.019457,1.175497,0.821807,1.175497,1.092276,0.177218
2857.705620,real,1.019457,1.175497,0.832210,1.175497,1.092276,0.177218
2857.710545,real,1.019457,1.175497,0.842613,1.175497,1.092276,0.177218
2857.715455,real,1.019457,1.175497,0.863418,1.175497,1.092276,0.177218
2857.720583,real,1.019457,1.175497,0.873820,1.175497,1.092276,0.177218
2857.725408,real,1.019457,1.175497,0.884223,1.175497,1.092276,0.177218
2857.730591,real,1.019457,1.175497,0.905028,1.175497,1.092276,0.177218
2857.735625,real,1.019457,1.175497,0.915431,1.175497,1.092276,0.177218
2857.740569,real,1.019457,1.175497,0.936236,1.175497,1.092276,0.177218
2857.745635,real,1.019457,1.175497,0.946639,1.175497,1.092276,0.177218
2857.750662,real,1.019457,1.175497,0.957041,1.175497,1.092276,0.177218
2857.755318,real,1.019457,1.175497,0.977847,1.175497,1.092276,0.177218
2857.760286,real,1.019457,1.175497,0.988249,1.175497,1.092276,0.177218
2857.766009,real,1.019457,1.175497,1.009055,1.175497,1.092276,0.177218
2857.770732,real,1.019457,1.175497,1.009055,1.175497,1.092276,0.177218
2857.775426,real,1.019457,1.175497,1.029860,1.175497,1.092276,0.177218
2857.780704,real,1.019457,1.175497,1.050665,1.175497,1.092276,0.177218
2857.789403,real,1.019457,1.175497,1.061068,1.175497,1.092276,0.177218
2857.789643,real,1.019457,1.175497,1.061068,1.175497,1.092276,0.177218
2857.790866,real,1.019457,1.175497,1.081873,1.175497,1.092276,0.177218
2857.799021,real,1.019457,1.175497,1.092276,1.175497,1.092276,0.177218
2857.804976,real,1.019457,1.175497,1.102678,1.175497,1.092276,0.177218
2857.805794,real,1.019457,1.175497,1.123483,1.175497,1.092276,0.177218
2857.811659,real,1.019457,1.175497,1.133886,1.175497,1.092276,0.177218
2857.816961,real,1.019457,1.175497,1.133886,1.175497,1.092276,0.177218
2857.821666,real,1.019457,1.175497,1.165094,1.175497,1.092276,0.177218
2857.826340,real,1.019457,1.175497,1.175497,1.175497,1.092276,0.177218
2857.831802,real,1.019457,1.175497,1.175497,1.175497,1.092276,0.177218
2857.836066,real,1.019457,1.175497,1.175497,1.175497,1.092276,0.177218
2857.842544,real,1.019457,1.175497,1.175497,1.175497,1.092276,0.177218
2857.845838,real,1.019457,1.175497,1.175497,1.175497,1.092276,0.177218
2857.850991,real,1.019457,1.175497,1.175497,1.175497,1.092276,0.177218
2857.855801,real,1.019457,1.175497,1.175497,1.175497,1.092276,0.177218
2857.869096,real,1.019457,1.175497,1.175497,1.175497,1.092276,0.177218
2857.869332,real,1.019457,1.175497,1.175497,1.175497,1.092276,0.177218
2857.870381,real,1.019457,1.175497,1.175497,1.175497,1.092276,0.177218
2857.875514,real,1.019457,1.175497,1.175497,1.175497,1.092276,0.177218
2857.880952,real,1.019457,1.175497,1.175497,1.175497,1.092276,0.177218
2857.887020,real,1.019457,1.175497,1.175497,1.175497,1.092276,0.177218
2857.887293,real,1.019457,1.175497,1.175497,1.175497,1.092276,0.177218
2857.890091,real,1.019457,1.175497,1.175497,1.175497,1.092276,0.177218
2857.894861,real,1.019457,1.175497,1.175497,1.175497,1.092276,0.177218
2857.899819,real,1.019457,1.175497,1.175497,1.175497,1.092276,0.177218
2857.905025,real,1.019457,1.175497,1.175497,1.175497,1.092276,0.177218
2857.910277,real,1.019457,1.175497,1.175497,1.175497,1.092276,0.177218
2857.915092,real,1.019457,1.175497,1.175497,1.175497,1.092276,0.177218
2857.919895,real,1.019457,1.175497,1.175497,1.175497,1.092276,0.177218
2857.924578,real,1.019457,1.175497,1.175497,1.175497,1.092276,0.177218
2857.929834,real,1.019457,1.175497,1.175497,1.175497,1.092276,0.177218
2857.934655,real,1.019457,1.175497,1.175497,1.175497,1.092276,0.177218
2857.939658,real,1.019457,1.175497,1.175497,1.175497,1.092276,0.177218
2857.944790,real,1.019457,1.175497,1.175497,1.175497,1.092276,0.177218
2857.949649,real,1.019457,1.175497,1.175497,1.175497,1.092276,0.177218
2857.954511,real,1.019457,1.175497,1.175497,1.175497,1.092276,0.177218
2857.959679,real,1.019457,1.175497,1.175497,1.175497,1.092276,0.177218
2857.964618,real,1.019457,1.175497,1.175497,1.175497,1.092276,0.177218
2857.969545,real,1.019457,1.175497,1.175497,1.175497,1.092276,0.177218
2857.974573,real,1.019457,1.175497,1.175497,1.175497,1.092276,0.177218
2857.979455,real,1.019457,1.175497,1.175497,1.175497,1.092276,0.177218
2857.985502,real,1.019457,1.175497,1.175497,1.175497,1.092276,0.177218
2857.985950,real,1.019457,1.175497,1.175497,1.175497,1.092276,0.177218
2857.989488,real,1.019457,1.175497,1.175497,1.175497,1.092276,0.177218
2857.994437,real,1.019457,1.175497,1.175497,1.175497,1.092276,0.177218
2857.999395,real,1.019457,1.175497,1.175497,1.175497,1.092276,0.177218
2858.004602,real,1.019457,1.175497,1.175497,1.175497,1.092276,0.177218
2858.009518,real,1.019457,1.175497,1.175497,1.175497,1.092276,0.177218
2858.014298,real,1.019457,1.175497,1.175497,1.175497,1.092276,0.177218
2858.019502,real,1.019457,1.175497,1.175497,1.175497,1.092276,0.177218
2858.024800,real,1.019457,1.175497,1.175497,1.175497,1.092276,0.177218
2858.029461,real,1.019457,1.175497,1.175497,1.175497,1.092276,0.177218
2858.034340,real,1.019457,1.175497,1.175497,1.175497,1.092276,0.177218
2858.039592,real,1.019457,1.175497,1.175497,1.175497,1.092276,0.177218
2858.044617,real,1.019457,1.175497,1.175497,1.175497,1.092276,0.177218
2858.049276,real,1.019457,1.175497,1.175497,1.175497,1.092276,0.177218
2858.054392,real,1.019457,1.175497,1.196302,1.175497,1.092276,0.177218
2858.059373,real,1.019457,1.175497,1.196302,1.175497,1.092276,0.177218
2858.064201,real,1.019457,1.175497,1.196302,1.175497,1.092276,0.177218
2858.069399,real,1.019457,1.175497,1.217107,1.175497,1.092276,0.177218
2858.074223,real,1.019457,1.175497,1.217107,1.175497,1.092276,0.177218
2858.079303,real,1.019457,1.175497,1.217107,1.175497,1.092276,0.177218
2858.085183,real,1.019457,1.175497,1.217107,1.175497,1.092276,0.177218
2858.085367,real,1.019457,1.175497,1.217107,1.175497,1.092276,0.177218
2858.089253,real,1.019457,1.175497,1.217107,1.175497,1.092276,0.177218
2858.094192,real,1.019457,1.175497,1.217107,1.175497,1.092276,0.177218
2858.099287,real,1.019457,1.175497,1.217107,1.175497,1.092276,0.177218
2858.104453,real,1.019457,1.175497,1.217107,1.175497,1.092276,0.177218
2858.109201,real,1.019457,1.175497,1.217107,1.175497,1.092276,0.177218
2858.114284,real,1.019457,1.175497,1.217107,1.175497,1.092276,0.177218
2858.119660,real,1.019457,1.175497,1.217107,1.175497,1.092276,0.177218
2858.124601,real,1.019457,1.175497,1.217107,1.175497,1.092276,0.177218
2858.129162,real,1.019457,1.175497,1.217107,1.175497,1.092276,0.177218
2858.134345,real,1.019457,1.175497,1.217107,1.175497,1.092276,0.177218
2858.139533,real,1.019457,1.175497,1.217107,1.175497,1.092276,0.177218
2858.146452,real,1.019457,1.175497,1.217107,1.175497,1.092276,0.177218
2858.149494,real,1.019457,1.175497,1.217107,1.175497,1.092276,0.177218
2858.154459,real,1.019457,1.175497,1.217107,1.175497,1.092276,0.177218
2858.159514,real,1.019457,1.175497,1.217107,1.175497,1.092276,0.177218
2858.164297,real,1.019457,1.175497,1.217107,1.175497,1.092276,0.177218
2858.169294,real,1.019457,1.175497,1.217107,1.175497,1.092276,0.177218
2858.174195,real,1.019457,1.175497,1.217107,1.175497,1.092276,0.177218
2858.179142,real,1.019457,1.175497,1.217107,1.175497,1.092276,0.177218
2858.185023,real,1.019457,1.175497,1.217107,1.175497,1.092276,0.177218
2858.189731,real,1.019457,1.175497,1.217107,1.175497,1.092276,0.177218
2858.194661,real,1.019457,1.175497,1.217107,1.175497,1.092276,0.177218
2858.199956,real,1.019457,1.175497,1.217107,1.175497,1.092276,0.177218
2858.204935,real,1.019457,1.175497,1.217107,1.175497,1.092276,0.177218
2858.210157,real,1.019457,1.175497,1.217107,1.175497,1.092276,0.177218
2858.214672,real,1.019457,1.175497,1.217107,1.175497,1.092276,0.161107
2858.219913,real,1.019457,1.175497,1.217107,1.175497,1.092276,0.153052
2858.224624,real,1.019457,1.175497,1.217107,1.175497,1.092276,0.136941
2858.229814,real,1.019457,1.154691,1.217107,1.175497,1.092276,0.128886
2858.234727,real,0.988249,1.144289,1.217107,1.175497,1.081873,0.120830
2858.239940,real,0.988249,1.133886,1.217107,1.144289,1.081873,0.096664
2858.245067,real,0.946639,1.113081,1.217107,1.144289,1.081873,0.088609
2858.249527,real,0.936236,1.102678,1.217107,1.123483,1.050665,0.064443
2858.254471,real,0.915431,1.081873,1.217107,1.092276,1.040262,0.048332
2858.259696,real,0.884223,1.071470,1.217107,1.081873,1.019457,0.040277
2858.264606,real,0.873820,1.050665,1.217107,1.071470,1.009055,0.016111
2858.269519,real,0.842613,1.029860,1.217107,1.050665,0.998652,0.008055
2858.274494,real,0.821807,1.019457,1.217107,1.040262,0.967444,0.000000
2858.279615,real,0.811405,0.998652,1.217107,1.019457,0.957041,0.000000
2858.284615,real,0.780197,0.988249,1.217107,1.009055,0.936236,0.000000
2858.284831,real,0.780197,0.988249,1.217107,1.009055,0.936236,0.000000
2858.289234,real,0.759392,0.977847,1.217107,0.998652,0.925834,0.000000
2858.294830,real,0.748989,0.946639,1.217107,0.977847,0.915431,0.000000
2858.299686,real,0.717781,0.936236,1.217107,0.977847,0.894626,0.000000
2858.304593,real,0.696976,0.915431,1.217107,0.946639,0.884223,0.000000
2858.309353,real,0.665768,0.905028,1.217107,0.936236,0.873820,0.000000
2858.314237,real,0.655365,0.884223,1.217107,0.925834,0.853015,0.000000
2858.319635,real,0.634560,0.863418,1.217107,0.905028,0.842613,0.000000
2858.324373,real,0.603352,0.853015,1.217107,0.894626,0.821807,0.000000
2858.329409,real,0.592950,0.832210,1.217107,0.884223,0.811405,0.000000
2858.334406,real,0.572144,0.821807,1.217107,0.863418,0.801002,0.000000
2858.339606,real,0.540936,0.801002,1.217107,0.853015,0.780197,0.000000
2858.344648,real,0.530534,0.780197,1.217107,0.832210,0.769794,0.000000
2858.349396,real,0.488923,0.769794,1.217107,0.821807,0.759392,0.000000
2858.354161,real,0.478521,0.759392,1.217107,0.801002,0.738586,0.000000
2858.360453,real,0.457715,0.738586,1.217107,0.780197,0.728184,0.000000
2858.364832,real,0.436910,0.728184,1.217107,0.769794,0.696976,0.000000
2858.369185,real,0.416105,0.696976,1.217107,0.748989,0.686573,0.000000
2858.374118,real,0.384897,0.686573,1.217107,0.738586,0.676171,0.000000
2858.379358,real,0.364092,0.676171,1.217107,0.738586,0.655365,0.000000
2858.384313,real,0.332884,0.655365,1.206704,0.717781,0.644963,0.000000
2858.384678,real,0.332884,0.655365,1.206704,0.717781,0.644963,0.000000
2858.389317,real,0.322481,0.644963,1.196302,0.707378,0.624157,0.000000
2858.394708,real,0.301676,0.624157,1.196302,0.696976,0.613755,0.000000
2858.399361,real,0.291273,0.603352,1.175497,0.686573,0.603352,0.000000
2858.404066,real,0.260066,0.592950,1.165094,0.665768,0.582547,0.000000
2858.409164,real,0.239260,0.572144,1.144289,0.644963,0.572144,0.000000
2858.414285,real,0.208052,0.561742,1.123483,0.634560,0.561742,0.000000
2858.419225,real,0.187247,0.540936,1.113081,0.624157,0.540936,0.000000
2858.424419,real,0.176845,0.520131,1.102678,0.603352,0.530534,0.000000
2858.429182,real,0.145637,0.509729,1.081873,0.592950,0.499326,0.000000
2858.434035,real,0.124831,0.488923,1.071470,0.572144,0.488923,0.000000
2858.439551,real,0.093624,0.468118,1.071470,0.561742,0.478521,0.000000
2858.444323,real,0.083221,0.457715,1.040262,0.551339,0.457715,0.000000
2858.449186,real,0.062416,0.436910,1.019457,0.530534,0.457715,0.000000
2858.455070,real,0.031208,0.426508,0.998652,0.520131,0.426508,0.000000
2858.460036,real,0.020805,0.416105,0.988249,0.509729,0.416105,0.000000
2858.464555,real,0.010403,0.384897,0.977847,0.488923,0.405702,0.000000
2858.469300,real,0.010403,0.374494,0.957041,0.478521,0.384897,0.000000
2858.473937,real,0.010403,0.353689,0.946639,0.457715,0.374494,0.000000
2858.479181,real,0.010403,0.332884,0.925834,0.447313,0.353689,0.000000
2858.484490,real,0.010403,0.322481,0.915431,0.436910,0.332884,0.000000
2858.486126,real,0.010403,0.312079,0.915431,0.426508,0.332884,0.000000
2858.489384,real,0.010403,0.301676,0.915431,0.416105,0.332884,0.000000
2858.493942,real,0.010403,0.291273,0.884223,0.405702,0.312079,0.000000
2858.499324,real,0.010403,0.270468,0.873820,0.395300,0.291273,0.000000
2858.504118,real,0.010403,0.260066,0.863418,0.374494,0.280871,0.000000
2858.508778,real,0.010403,0.249663,0.842613,0.364092,0.260066,0.000000
2858.513932,real,0.010403,0.218455,0.832210,0.343287,0.249663,0.000000
2858.520016,real,0.010403,0.208052,0.811405,0.332884,0.228858,0.000000
2858.524360,real,0.010403,0.197650,0.801002,0.322481,0.218455,0.000000
2858.528790,real,0.010403,0.176845,0.790599,0.301676,0.208052,0.000000
2858.533882,real,0.010403,0.166442,0.769794,0.291273,0.187247,0.000000
2858.539062,real,0.010403,0.145637,0.759392,0.270468,0.176845,0.000000
2858.543737,real,0.010403,0.124831,0.738586,0.260066,0.166442,0.000000
2858.549212,real,0.010403,0.114429,0.728184,0.249663,0.145637,0.000000
2858.553883,real,0.010403,0.093624,0.717781,0.228858,0.135234,0.000000
2858.559276,real,0.010403,0.083221,0.686573,0.218455,0.114429,0.000000
2858.563889,real,0.010403,0.052013,0.686573,0.197650,0.104026,0.000000
2858.568992,real,0.010403,0.041610,0.686573,0.187247,0.093624,0.000000
2858.573747,real,0.010403,0.031208,0.655365,0.176845,0.072818,0.000000
2858.579698,real,0.010403,0.020805,0.655365,0.156039,0.062416,0.000000
2858.584635,real,0.010403,0.020805,0.624157,0.145637,0.041610,0.000000
2858.586635,real,0.010403,0.020805,0.624157,0.145637,0.041610,0.000000
2858.588793,real,0.010403,0.010403,0.624157,0.145637,0.041610,0.000000
2858.593668,real,0.010403,0.010403,0.603352,0.124831,0.020805,0.000000
2858.598673,real,0.010403,0.010403,0.572144,0.104026,0.010403,0.000000
2858.603709,real,0.010403,0.010403,0.561742,0.083221,0.010403,0.000000
2858.608596,real,0.010403,0.010403,0.540936,0.072818,0.000000,0.000000
2858.614226,real,0.010403,0.010403,0.530534,0.062416,0.000000,0.000000
2858.618778,real,0.010403,0.010403,0.520131,0.041610,0.000000,0.000000
2858.623643,real,0.010403,0.010403,0.499326,0.031208,0.000000,0.000000
2858.628576,real,0.010403,0.010403,0.488923,0.020805,0.000000,0.000000
2858.633604,real,0.010403,0.010403,0.478521,0.020805,0.000000,0.000000
2858.638890,real,0.010403,0.010403,0.457715,0.020805,0.000000,0.000000
2858.643936,real,0.010403,0.010403,0.447313,0.020805,0.000000,0.000000
2858.648604,real,0.010403,0.010403,0.426508,0.020805,0.000000,0.000000
2858.653709,real,0.010403,0.010403,0.416105,0.020805,0.000000,0.000000
2858.658563,real,0.010403,0.010403,0.405702,0.010403,0.000000,0.000000
2858.663876,real,0.010403,0.010403,0.384897,0.010403,0.000000,0.000000
2858.668402,real,0.010403,0.010403,0.374494,0.010403,0.000000,0.000000
2858.673693,real,0.010403,0.010403,0.364092,0.010403,0.000000,0.000000
2858.678819,real,0.010403,0.010403,0.343287,0.010403,0.000000,0.000000
2858.684258,real,0.010403,0.010403,0.332884,0.010403,0.000000,0.000000
2858.688452,real,0.010403,0.010403,0.312079,0.010403,0.000000,0.000000
2858.693777,real,0.010403,0.010403,0.301676,0.010403,0.000000,0.000000
2858.698561,real,0.010403,0.010403,0.291273,0.010403,0.000000,0.000000
2858.703860,real,0.010403,0.010403,0.270468,0.010403,0.000000,0.000000
2858.708478,real,0.010403,0.010403,0.260066,0.010403,0.000000,0.000000
2858.713527,real,0.010403,0.010403,0.239260,0.010403,0.000000,0.000000
2858.718484,real,0.010403,0.010403,0.218455,0.010403,0.000000,0.000000
2858.723798,real,0.010403,0.010403,0.218455,0.010403,0.000000,0.000000
2858.728485,real,0.010403,0.010403,0.197650,0.010403,0.000000,0.000000
2858.733443,real,0.010403,0.010403,0.187247,0.010403,0.000000,0.000000
2858.738572,real,0.010403,0.010403,0.166442,0.010403,0.000000,0.000000
2858.743786,real,0.010403,0.010403,0.156039,0.010403,0.000000,0.000000
2858.748203,real,0.010403,0.010403,0.135234,0.010403,0.000000,0.000000
2858.753316,real,0.010403,0.010403,0.114429,0.010403,0.000000,0.000000
2858.758594,real,0.010403,0.010403,0.104026,0.010403,0.000000,0.000000
2858.763526,real,0.010403,0.010403,0.104026,0.010403,0.000000,0.000000
2858.768357,real,0.010403,0.010403,0.083221,0.010403,0.000000,0.000000
2858.773845,real,0.010403,0.010403,0.072818,0.010403,0.000000,0.000000
2858.778420,real,0.010403,0.010403,0.052013,0.010403,0.000000,0.000000
2858.783782,real,0.010403,0.010403,0.041610,0.010403,0.000000,0.000000
2858.785584,real,0.010403,0.010403,0.041610,0.010403,0.000000,0.000000
2858.788454,real,0.010403,0.010403,0.031208,0.010403,0.000000,0.000000
2858.793455,real,0.010403,0.010403,0.031208,0.010403,0.000000,0.000000
2858.798567,real,0.010403,0.010403,0.020805,0.010403,0.000000,0.000000
2858.803856,real,0.010403,0.010403,0.020805,0.010403,0.000000,0.000000
2858.808788,real,0.010403,0.010403,0.020805,0.010403,0.000000,0.000000
2858.813694,real,0.010403,0.010403,0.020805,0.010403,0.000000,0.000000
2858.818437,real,0.010403,0.010403,0.020805,0.010403,0.000000,0.000000
2858.823671,real,0.010403,0.010403,0.020805,0.010403,0.000000,0.000000
2858.828079,real,0.010403,0.010403,0.020805,0.010403,0.000000,0.000000
2858.832809,real,0.010403,0.010403,0.020805,0.010403,0.000000,0.000000
2858.838182,real,0.010403,0.010403,0.020805,0.010403,0.000000,0.000000
2858.843031,real,0.010403,0.010403,0.020805,0.010403,0.000000,0.000000
2858.847541,real,0.010403,0.010403,0.020805,0.010403,0.000000,0.000000
2858.852633,real,0.010403,0.010403,0.020805,0.010403,0.000000,0.000000
2858.857710,real,0.010403,0.010403,0.020805,0.010403,0.000000,0.000000
2858.862537,real,0.010403,0.010403,0.020805,0.010403,0.000000,0.000000
2858.867614,real,0.010403,0.010403,0.020805,0.010403,0.000000,0.000000
2858.872559,real,0.010403,0.010403,0.020805,0.010403,0.000000,0.000000
2858.877473,real,0.010403,0.010403,0.020805,0.010403,0.000000,0.000000
2858.883442,real,0.010403,0.010403,0.020805,0.010403,0.000000,0.000000
2858.883635,real,0.010403,0.010403,0.020805,0.010403,0.000000,0.000000
2858.887558,real,0.010403,0.010403,0.020805,0.010403,0.000000,0.000000
2858.892508,real,0.010403,0.010403,0.020805,0.010403,0.000000,0.000000
2858.897621,real,0.010403,0.010403,0.020805,0.010403,0.000000,0.000000
2858.903742,real,0.010403,0.010403,0.020805,0.010403,0.000000,0.000000
2858.907857,real,0.010403,0.010403,0.020805,0.010403,0.000000,0.000000
2858.912438,real,0.010403,0.010403,0.020805,0.010403,0.000000,0.000000
2858.917561,real,0.010403,0.010403,0.020805,0.010403,0.000000,0.000000
2858.922768,real,0.010403,0.010403,0.020805,0.010403,0.000000,0.000000
2858.927467,real,0.010403,0.010403,0.020805,0.010403,0.000000,0.000000
2858.932450,real,0.010403,0.010403,0.020805,0.010403,0.000000,0.000000
2858.937577,real,0.010403,0.010403,0.020805,0.010403,0.000000,0.000000
2858.942416,real,0.010403,0.010403,0.020805,0.010403,0.000000,0.000000
2858.947496,real,0.010403,0.010403,0.020805,0.010403,0.000000,0.000000
2858.952585,real,0.010403,0.010403,0.020805,0.010403,0.000000,0.000000
2858.957543,real,0.010403,0.010403,0.020805,0.010403,0.000000,0.000000
2858.962346,real,0.010403,0.010403,0.020805,0.010403,0.000000,0.000000
2858.967603,real,0.010403,0.010403,0.020805,0.010403,0.000000,0.000000
2858.972363,real,0.010403,0.010403,0.020805,0.010403,0.000000,0.000000
2858.977348,real,0.010403,0.010403,0.020805,0.010403,0.000000,0.000000
2858.983986,real,0.010403,0.010403,0.020805,0.010403,0.000000,0.000000
2858.984219,real,0.010403,0.010403,0.020805,0.010403,0.000000,0.000000
2858.987379,real,0.010403,0.010403,0.020805,0.010403,0.000000,0.000000
2858.992384,real,0.010403,0.010403,0.020805,0.010403,0.000000,0.000000
2858.997482,real,0.010403,0.010403,0.020805,0.010403,0.000000,0.000000
2859.002543,real,0.010403,0.010403,0.020805,0.010403,0.000000,0.000000
2859.007355,real,0.010403,0.010403,0.020805,0.010403,0.000000,0.000000
2859.012471,real,0.010403,0.010403,0.020805,0.010403,0.000000,0.000000
2859.043260,real,0.010403,0.010403,0.020805,0.010403,0.000000,0.000000
2859.047830,real,0.010403,0.010403,0.020805,0.010403,0.000000,0.000000
2859.052602,real,0.010403,0.010403,0.020805,0.010403,0.000000,0.000000
2859.057709,real,0.010403,0.010403,0.020805,0.010403,0.000000,0.000000
2859.062990,real,0.010403,0.010403,0.020805,0.010403,0.000000,0.000000
2859.067691,real,0.010403,0.010403,0.020805,0.010403,0.000000,0.000000
2859.072724,real,0.010403,0.010403,0.020805,0.010403,0.000000,0.000000
2859.077898,real,0.031208,0.031208,0.020805,0.031208,0.020805,0.024166
2859.083032,real,0.041610,0.031208,0.020805,0.041610,0.020805,0.040277
2859.083435,real,0.041610,0.031208,0.020805,0.041610,0.020805,0.040277
2859.087624,real,0.072818,0.031208,0.020805,0.062416,0.020805,0.056388
2859.092647,real,0.083221,0.052013,0.020805,0.072818,0.052013,0.064443
2859.097818,real,0.093624,0.062416,0.020805,0.093624,0.062416,0.088609
2859.103372,real,0.124831,0.083221,0.020805,0.104026,0.072818,0.096664
2859.107856,real,0.145637,0.104026,0.020805,0.114429,0.093624,0.120830
2859.112547,real,0.156039,0.124831,0.020805,0.135234,0.104026,0.128886
2859.117845,real,0.187247,0.135234,0.020805,0.145637,0.124831,0.136941
2859.123555,real,0.208052,0.156039,0.020805,0.166442,0.135234,0.144997
2859.127888,real,0.228858,0.166442,0.020805,0.176845,0.145637,0.144997
2859.132680,real,0.249663,0.176845,0.020805,0.176845,0.166442,0.153052
2859.138245,real,0.260066,0.197650,0.020805,0.208052,0.176845,0.153052
2859.143062,real,0.291273,0.208052,0.020805,0.218455,0.197650,0.153052
2859.147658,real,0.301676,0.239260,0.020805,0.228858,0.208052,0.153052
2859.152652,real,0.332884,0.249663,0.020805,0.249663,0.218455,0.153052
2859.157839,real,0.353689,0.260066,0.020805,0.260066,0.239260,0.153052
2859.162471,real,0.364092,0.280871,0.020805,0.280871,0.249663,0.153052
2859.167872,real,0.395300,0.291273,0.020805,0.291273,0.260066,0.153052
2859.172626,real,0.416105,0.301676,0.020805,0.301676,0.280871,0.153052
2859.177469,real,0.426508,0.322481,0.020805,0.322481,0.291273,0.153052
2859.182957,real,0.457715,0.332884,0.020805,0.332884,0.312079,0.153052
2859.187718,real,0.468118,0.343287,0.020805,0.332884,0.322481,0.144997
2859.192481,real,0.499326,0.364092,0.020805,0.353689,0.343287,0.144997
2859.197713,real,0.509729,0.374494,0.020805,0.364092,0.364092,0.144997
2859.202838,real,0.530534,0.405702,0.020805,0.384897,0.364092,0.144997
2859.207483,real,0.551339,0.416105,0.020805,0.395300,0.395300,0.144997
2859.212430,real,0.572144,0.436910,0.020805,0.405702,0.405702,0.144997
2859.217526,real,0.582547,0.447313,0.020805,0.426508,0.416105,0.144997
2859.222561,real,0.613755,0.457715,0.031208,0.436910,0.436910,0.144997
2859.227817,real,0.624157,0.478521,0.041610,0.468118,0.447313,0.144997
2859.232363,real,0.655365,0.488923,0.041610,0.478521,0.457715,0.144997
2859.237561,real,0.665768,0.499326,0.062416,0.488923,0.478521,0.144997
2859.242619,real,0.676171,0.520131,0.072818,0.499326,0.488923,0.144997
2859.247543,real,0.707378,0.530534,0.093624,0.499326,0.520131,0.144997
2859.252815,real,0.728184,0.561742,0.093624,0.530534,0.530534,0.144997
2859.257872,real,0.748989,0.572144,0.093624,0.540936,0.540936,0.144997
2859.262937,real,0.759392,0.572144,0.135234,0.561742,0.561742,0.144997
2859.267724,real,0.780197,0.592950,0.145637,0.561742,0.572144,0.144997
2859.272413,real,0.801002,0.603352,0.166442,0.592950,0.572144,0.144997
2859.277447,real,0.821807,0.624157,0.176845,0.592950,0.603352,0.144997
2859.282537,real,0.842613,0.644963,0.187247,0.624157,0.613755,0.144997
2859.283047,real,0.842613,0.644963,0.197650,0.624157,0.624157,0.144997
2859.287548,real,0.863418,0.655365,0.197650,0.634560,0.634560,0.144997
2859.292710,real,0.873820,0.676171,0.197650,0.655365,0.644963,0.144997
2859.297071,real,0.894626,0.686573,0.228858,0.655365,0.655365,0.144997
2859.302278,real,0.915431,0.696976,0.239260,0.655365,0.676171,0.144997
2859.307247,real,0.925834,0.717781,0.249663,0.686573,0.686573,0.144997
2859.312093,real,0.946639,0.728184,0.270468,0.696976,0.707378,0.144997
2859.317331,real,0.967444,0.748989,0.280871,0.717781,0.717781,0.144997
2859.322725,real,0.988249,0.759392,0.301676,0.728184,0.717781,0.144997
2859.327494,real,0.998652,0.769794,0.322481,0.738586,0.748989,0.144997
2859.332268,real,1.009055,0.790599,0.322481,0.759392,0.759392,0.144997
2859.337442,real,1.019457,0.801002,0.353689,0.769794,0.780197,0.144997
2859.342413,real,1.019457,0.811405,0.364092,0.780197,0.780197,0.144997
2859.347446,real,1.019457,0.832210,0.374494,0.801002,0.801002,0.144997
2859.352848,real,1.019457,0.842613,0.384897,0.811405,0.821807,0.144997
2859.357188,real,1.019457,0.863418,0.405702,0.832210,0.832210,0.144997
2859.362479,real,1.019457,0.873820,0.426508,0.842613,0.842613,0.144997
2859.367366,real,1.019457,0.884223,0.436910,0.853015,0.842613,0.144997
2859.372106,real,1.019457,0.905028,0.447313,0.873820,0.863418,0.144997
2859.376862,real,1.019457,0.915431,0.468118,0.884223,0.894626,0.144997
2859.382840,real,1.019457,0.936236,0.478521,0.905028,0.905028,0.144997
2859.385331,real,1.019457,0.936236,0.478521,0.905028,0.905028,0.144997
2859.387488,real,1.019457,0.946639,0.488923,0.915431,0.915431,0.144997
2859.391980,real,1.019457,0.957041,0.509729,0.925834,0.936236,0.144997
2859.397125,real,1.019457,0.977847,0.509729,0.946639,0.946639,0.144997
2859.402148,real,1.019457,0.988249,0.540936,0.957041,0.967444,0.144997
2859.407308,real,1.019457,1.009055,0.540936,0.967444,0.977847,0.144997
2859.412092,real,1.019457,1.029860,0.561742,0.988249,0.988249,0.144997
2859.417167,real,1.019457,1.029860,0.561742,0.998652,0.998652,0.144997
2859.421972,real,1.019457,1.061068,0.592950,1.019457,0.998652,0.144997
2859.426872,real,1.019457,1.071470,0.613755,1.029860,1.029860,0.144997
2859.431935,real,1.019457,1.081873,0.624157,1.040262,1.050665,0.144997
2859.436809,real,1.019457,1.102678,0.634560,1.061068,1.061068,0.144997
2859.441956,real,1.019457,1.113081,0.655365,1.071470,1.061068,0.144997
2859.447780,real,1.019457,1.133886,0.665768,1.092276,1.081873,0.144997
2859.452174,real,1.019457,1.133886,0.665768,1.102678,1.092276,0.144997
2859.456665,real,1.019457,1.154691,0.686573,1.123483,1.092276,0.144997
2859.461952,real,1.019457,1.165094,0.707378,1.144289,1.092276,0.144997
2859.467401,real,1.019457,1.175497,0.728184,1.154691,1.102678,0.144997
2859.471656,real,1.019457,1.175497,0.738586,1.165094,1.102678,0.144997
2859.477219,real,1.019457,1.175497,0.748989,1.165094,1.102678,0.144997
2859.482843,real,1.019457,1.175497,0.769794,1.175497,1.102678,0.144997
2859.484811,real,1.019457,1.175497,0.769794,1.175497,1.102678,0.144997
2859.487253,real,1.019457,1.175497,0.780197,1.185899,1.102678,0.144997
2859.492162,real,1.019457,1.175497,0.801002,1.185899,1.102678,0.144997
2859.496728,real,1.019457,1.175497,0.811405,1.185899,1.102678,0.144997
2859.501654,real,1.019457,1.175497,0.821807,1.185899,1.102678,0.144997
2859.506750,real,1.019457,1.175497,0.842613,1.185899,1.102678,0.144997
2859.511828,real,1.019457,1.175497,0.853015,1.185899,1.102678,0.144997
2859.516579,real,1.019457,1.175497,0.863418,1.185899,1.102678,0.144997
2859.521781,real,1.019457,1.175497,0.884223,1.185899,1.102678,0.144997
2859.527302,real,1.019457,1.175497,0.894626,1.185899,1.102678,0.144997
2859.531781,real,1.019457,1.175497,0.915431,1.185899,1.102678,0.144997
2859.536556,real,1.019457,1.175497,0.925834,1.185899,1.102678,0.144997
2859.541837,real,1.019457,1.175497,0.936236,1.185899,1.102678,0.144997
2859.546846,real,1.019457,1.175497,0.957041,1.185899,1.102678,0.144997
2859.551673,real,1.019457,1.175497,0.967444,1.185899,1.102678,0.144997
2859.556590,real,1.019457,1.175497,0.977847,1.185899,1.102678,0.144997
2859.561596,real,1.019457,1.175497,0.998652,1.185899,1.102678,0.144997
2859.566616,real,1.019457,1.175497,1.009055,1.185899,1.102678,0.144997
2859.571831,real,1.019457,1.175497,1.029860,1.185899,1.102678,0.144997
2859.577148,real,1.019457,1.175497,1.040262,1.185899,1.102678,0.144997
2859.581973,real,1.019457,1.175497,1.050665,1.185899,1.102678,0.144997
2859.582280,real,1.019457,1.175497,1.061068,1.185899,1.102678,0.144997
2859.586795,real,1.019457,1.175497,1.071470,1.185899,1.102678,0.144997
2859.591714,real,1.019457,1.175497,1.081873,1.185899,1.102678,0.144997
2859.596455,real,1.019457,1.175497,1.102678,1.185899,1.102678,0.144997
2859.601598,real,1.019457,1.175497,1.113081,1.185899,1.102678,0.144997
2859.606793,real,1.019457,1.175497,1.123483,1.185899,1.102678,0.144997
2859.611588,real,1.019457,1.175497,1.144289,1.185899,1.102678,0.144997
2859.616386,real,1.019457,1.175497,1.154691,1.185899,1.102678,0.144997
2859.621516,real,1.019457,1.175497,1.154691,1.185899,1.102678,0.144997
2859.626750,real,1.019457,1.175497,1.175497,1.185899,1.102678,0.144997
2859.631521,real,1.019457,1.175497,1.185899,1.185899,1.102678,0.144997
2859.636806,real,1.019457,1.175497,1.185899,1.185899,1.102678,0.144997
2859.641652,real,1.019457,1.175497,1.185899,1.185899,1.102678,0.144997
2859.647040,real,1.019457,1.175497,1.185899,1.185899,1.102678,0.144997
2859.651699,real,1.019457,1.175497,1.185899,1.185899,1.102678,0.144997
2859.656569,real,1.019457,1.175497,1.185899,1.185899,1.102678,0.144997
2859.661438,real,1.019457,1.175497,1.185899,1.185899,1.102678,0.144997
2859.666633,real,1.019457,1.175497,1.185899,1.185899,1.102678,0.144997
2859.671681,real,1.019457,1.175497,1.185899,1.185899,1.102678,0.144997
2859.676486,real,1.019457,1.175497,1.185899,1.185899,1.102678,0.144997
2859.681664,real,1.019457,1.175497,1.185899,1.185899,1.102678,0.144997
2859.686276,real,1.019457,1.175497,1.185899,1.185899,1.102678,0.144997
2859.691262,real,1.019457,1.175497,1.185899,1.185899,1.102678,0.144997
2859.695811,real,1.019457,1.175497,1.185899,1.185899,1.102678,0.144997
2859.701174,real,1.019457,1.175497,1.185899,1.185899,1.102678,0.144997
2859.706234,real,1.019457,1.175497,1.185899,1.185899,1.102678,0.144997
2859.711422,real,1.019457,1.175497,1.185899,1.185899,1.102678,0.144997
2859.715990,real,1.019457,1.175497,1.185899,1.185899,1.102678,0.144997
2859.720872,real,1.019457,1.175497,1.185899,1.185899,1.102678,0.144997
2859.725806,real,1.019457,1.175497,1.185899,1.185899,1.102678,0.144997
2859.731135,real,1.019457,1.175497,1.185899,1.185899,1.102678,0.144997
2859.736072,real,1.019457,1.175497,1.185899,1.185899,1.102678,0.144997
2859.740787,real,1.019457,1.175497,1.185899,1.185899,1.102678,0.144997
2859.745637,real,1.019457,1.175497,1.185899,1.185899,1.102678,0.144997
2859.751154,real,1.019457,1.175497,1.185899,1.185899,1.102678,0.144997
2859.755889,real,1.019457,1.175497,1.185899,1.185899,1.102678,0.144997
2859.760672,real,1.019457,1.175497,1.185899,1.185899,1.102678,0.144997
2859.765678,real,1.019457,1.175497,1.185899,1.185899,1.102678,0.144997
2859.770815,real,1.019457,1.175497,1.185899,1.185899,1.102678,0.144997
2859.775688,real,1.019457,1.175497,1.185899,1.185899,1.102678,0.144997
2859.781624,real,1.019457,1.175497,1.185899,1.185899,1.102678,0.144997
2859.784078,real,1.019457,1.175497,1.185899,1.185899,1.102678,0.144997
2859.785595,real,1.019457,1.175497,1.185899,1.185899,1.102678,0.144997
2859.790675,real,1.019457,1.175497,1.185899,1.185899,1.102678,0.144997
2859.795654,real,1.019457,1.175497,1.185899,1.185899,1.102678,0.144997
2859.800700,real,1.019457,1.175497,1.185899,1.185899,1.102678,0.144997
2859.805684,real,1.019457,1.175497,1.185899,1.185899,1.102678,0.144997
2859.810825,real,1.019457,1.175497,1.185899,1.185899,1.102678,0.144997
2859.815728,real,1.019457,1.175497,1.185899,1.185899,1.102678,0.144997
2859.820633,real,1.019457,1.175497,1.185899,1.185899,1.102678,0.144997
2859.825629,real,1.019457,1.175497,1.185899,1.185899,1.102678,0.144997
2859.830718,real,1.019457,1.175497,1.185899,1.185899,1.102678,0.144997
2859.835726,real,1.019457,1.175497,1.185899,1.185899,1.102678,0.144997
2859.840470,real,1.019457,1.175497,1.185899,1.185899,1.102678,0.144997
2859.881943,real,1.019457,1.175497,1.185899,1.185899,1.102678,0.144997
2859.896224,real,1.019457,1.175497,1.185899,1.185899,1.102678,0.144997
2859.901161,real,1.019457,1.175497,1.185899,1.185899,1.102678,0.144997
2859.906260,real,1.019457,1.175497,1.185899,1.185899,1.102678,0.144997
2859.911339,real,1.019457,1.175497,1.185899,1.185899,1.102678,0.144997
2859.915910,real,1.019457,1.175497,1.185899,1.185899,1.102678,0.144997
2859.921080,real,1.019457,1.175497,1.185899,1.185899,1.102678,0.144997
2859.926262,real,1.019457,1.175497,1.185899,1.175497,1.102678,0.144997
2859.931354,real,1.019457,1.175497,1.185899,1.175497,1.102678,0.144997
2859.936417,real,0.998652,1.165094,1.185899,1.175497,1.102678,0.144997
2859.941126,real,0.998652,1.165094,1.185899,1.154691,1.102678,0.144997
2859.946090,real,0.967444,1.165094,1.185899,1.144289,1.081873,0.144997
2859.951529,real,0.957041,1.133886,1.154691,1.123483,1.071470,0.144997
2859.955842,real,0.936236,1.113081,1.144289,1.102678,1.050665,0.144997
2859.960731,real,0.905028,1.092276,1.123483,1.092276,1.029860,0.144997
2859.965688,real,0.894626,1.071470,1.113081,1.081873,1.019457,0.144997
2859.971223,real,0.863418,1.061068,1.102678,1.061068,1.009055,0.144997
2859.975937,real,0.842613,1.050665,1.081873,1.050665,0.988249,0.144997
2859.981227,real,0.832210,1.029860,1.071470,1.029860,0.977847,0.144997
2859.981491,real,0.832210,1.029860,1.071470,1.029860,0.977847,0.144997
2859.986045,real,0.801002,1.009055,1.071470,1.029860,0.957041,0.144997
2859.990793,real,0.780197,0.998652,1.050665,1.009055,0.946639,0.144997
2859.995871,real,0.769794,0.977847,1.040262,0.988249,0.936236,0.144997
2860.000897,real,0.738586,0.967444,1.019457,0.977847,0.915431,0.144997
2860.006091,real,0.717781,0.946639,1.019457,0.977847,0.905028,0.144997
2860.010807,real,0.686573,0.936236,0.998652,0.957041,0.894626,0.144997
2860.015735,real,0.676171,0.925834,0.977847,0.946639,0.873820,0.120830
2860.020823,real,0.655365,0.905028,0.967444,0.925834,0.863418,0.112775
2860.025754,real,0.634560,0.884223,0.946639,0.915431,0.842613,0.104720
2860.030735,real,0.613755,0.863418,0.946639,0.915431,0.832210,0.088609
2860.035868,real,0.582547,0.853015,0.946639,0.894626,0.821807,0.072498
2860.040668,real,0.572144,0.842613,0.915431,0.894626,0.801002,0.064443
2860.045568,real,0.551339,0.821807,0.905028,0.863418,0.790599,0.040277
2860.050830,real,0.530534,0.811405,0.884223,0.853015,0.769794,0.032221
2860.055887,real,0.509729,0.801002,0.873820,0.842613,0.759392,0.024166
2860.060652,real,0.499326,0.780197,0.863418,0.821807,0.748989,0.024166
2860.065597,real,0.468118,0.769794,0.842613,0.821807,0.728184,0.016111
2860.070797,real,0.447313,0.748989,0.832210,0.790599,0.717781,0.016111
2860.075610,real,0.426508,0.738586,0.821807,0.780197,0.707378,0.016111
2860.080787,real,0.405702,0.717781,0.811405,0.769794,0.686573,0.016111
2860.082732,real,0.405702,0.717781,0.811405,0.759392,0.686573,0.016111
2860.085821,real,0.395300,0.707378,0.811405,0.748989,0.676171,0.016111
2860.090453,real,0.364092,0.696976,0.780197,0.738586,0.665768,0.016111
2860.095927,real,0.343287,0.676171,0.769794,0.728184,0.644963,0.016111
2860.100573,real,0.312079,0.655365,0.759392,0.728184,0.634560,0.016111
2860.105538,real,0.301676,0.644963,0.748989,0.707378,0.624157,0.016111
2860.110371,real,0.291273,0.624157,0.728184,0.696976,0.624157,0.008055
2860.115520,real,0.260066,0.613755,0.707378,0.676171,0.624157,0.008055
2860.120629,real,0.239260,0.592950,0.696976,0.676171,0.582547,0.008055
2860.125652,real,0.228858,0.572144,0.686573,0.655365,0.561742,0.008055
2860.130457,real,0.197650,0.561742,0.665768,0.644963,0.540936,0.008055
2860.135780,real,0.187247,0.540936,0.655365,0.624157,0.530534,0.008055
2860.140891,real,0.156039,0.530534,0.655365,0.613755,0.520131,0.008055
2860.145558,real,0.135234,0.520131,0.634560,0.603352,0.499326,0.008055
2860.152045,real,0.124831,0.499326,0.624157,0.582547,0.488923,0.008055
2860.156165,real,0.093624,0.488923,0.603352,0.572144,0.468118,0.008055
2860.160896,real,0.083221,0.457715,0.592950,0.561742,0.457715,0.008055
2860.165324,real,0.062416,0.447313,0.582547,0.561742,0.457715,0.008055
2860.170524,real,0.031208,0.436910,0.561742,0.540936,0.436910,0.008055
2860.175629,real,0.020805,0.416105,0.551339,0.520131,0.426508,0.008055
2860.180977,real,0.000000,0.405702,0.530534,0.509729,0.395300,0.008055
2860.185800,real,0.000000,0.395300,0.520131,0.509729,0.384897,0.008055
2860.190374,real,0.000000,0.374494,0.520131,0.478521,0.374494,0.008055
2860.195227,real,0.000000,0.364092,0.499326,0.468118,0.353689,0.008055
2860.200521,real,0.000000,0.332884,0.488923,0.447313,0.343287,0.008055
2860.205228,real,0.000000,0.322481,0.478521,0.436910,0.332884,0.008055
2860.210465,real,0.000000,0.312079,0.468118,0.426508,0.312079,0.008055
2860.216571,real,0.000000,0.291273,0.447313,0.416105,0.301676,0.008055
2860.220676,real,0.000000,0.280871,0.426508,0.405702,0.291273,0.008055
2860.225611,real,0.000000,0.270468,0.416105,0.395300,0.291273,0.008055
2860.230400,real,0.000000,0.249663,0.405702,0.374494,0.270468,0.008055
2860.235710,real,0.000000,0.239260,0.384897,0.364092,0.249663,0.008055
2860.240334,real,0.000000,0.218455,0.384897,0.343287,0.239260,0.008055
2860.245587,real,0.000000,0.208052,0.364092,0.343287,0.239260,0.008055
2860.250668,real,0.000000,0.197650,0.353689,0.343287,0.208052,0.008055
2860.256245,real,0.000000,0.176845,0.343287,0.312079,0.197650,0.008055
2860.260444,real,0.000000,0.166442,0.322481,0.301676,0.176845,0.008055
2860.265612,real,0.000000,0.145637,0.312079,0.280871,0.166442,0.008055
2860.270671,real,0.000000,0.135234,0.301676,0.270468,0.156039,0.008055
2860.276297,real,0.000000,0.124831,0.280871,0.260066,0.135234,0.008055
2860.280896,real,0.000000,0.093624,0.270468,0.249663,0.124831,0.008055
2860.282524,real,0.000000,0.093624,0.270468,0.249663,0.124831,0.008055
2860.285076,real,0.000000,0.083221,0.249663,0.228858,0.114429,0.008055
2860.290385,real,0.000000,0.072818,0.239260,0.228858,0.093624,0.008055
2860.296427,real,0.000000,0.052013,0.228858,0.208052,0.093624,0.008055
2860.300340,real,0.000000,0.041610,0.228858,0.197650,0.072818,0.008055
2860.305666,real,0.000000,0.020805,0.208052,0.176845,0.062416,0.008055
2860.310763,real,0.000000,0.020805,0.187247,0.166442,0.052013,0.008055
2860.315376,real,0.000000,0.020805,0.176845,0.156039,0.041610,0.008055
2860.320322,real,0.000000,0.010403,0.166442,0.145637,0.020805,0.008055
2860.325097,real,0.000000,0.010403,0.145637,0.145637,0.010403,0.008055
2860.330373,real,0.000000,0.010403,0.135234,0.114429,0.010403,0.008055
2860.336130,real,0.000000,0.010403,0.124831,0.104026,0.000000,0.008055
2860.340476,real,0.000000,0.010403,0.104026,0.093624,0.000000,0.008055
2860.345044,real,0.000000,0.010403,0.104026,0.083221,0.000000,0.008055
2860.349914,real,0.000000,0.010403,0.083221,0.062416,0.000000,0.008055
2860.355361,real,0.000000,0.010403,0.083221,0.052013,0.000000,0.008055
2860.360317,real,0.000000,0.010403,0.062416,0.031208,0.000000,0.008055
2860.365401,real,0.000000,0.010403,0.041610,0.020805,0.000000,0.008055
2860.370545,real,0.000000,0.010403,0.031208,0.010403,0.000000,0.008055
2860.375311,real,0.000000,0.010403,0.020805,0.010403,0.000000,0.008055
2860.380185,real,0.000000,0.010403,0.020805,0.000000,0.000000,0.008055
2860.380526,real,0.000000,0.010403,0.020805,0.000000,0.000000,0.008055
2860.385052,real,0.000000,0.010403,0.000000,0.000000,0.000000,0.008055
2860.389979,real,0.000000,0.010403,0.000000,0.000000,0.000000,0.008055
2860.394902,real,0.000000,0.010403,0.000000,0.000000,0.000000,0.008055
2860.400201,real,0.000000,0.010403,0.000000,0.000000,0.000000,0.008055
2860.404969,real,0.000000,0.010403,0.000000,0.000000,0.000000,0.008055
2860.409897,real,0.000000,0.010403,0.000000,0.000000,0.000000,0.008055
2860.414965,real,0.000000,0.010403,0.000000,0.000000,0.000000,0.008055
2860.419731,real,0.000000,0.010403,0.000000,0.000000,0.000000,0.008055
2860.424731,real,0.000000,0.010403,0.000000,0.000000,0.000000,0.008055
2860.429982,real,0.000000,0.010403,0.000000,0.000000,0.000000,0.008055
2860.434699,real,0.000000,0.010403,0.000000,0.000000,0.000000,0.008055
2860.439832,real,0.000000,0.010403,0.000000,0.000000,0.000000,0.008055
2860.444671,real,0.000000,0.010403,0.000000,0.000000,0.000000,0.008055
2860.449918,real,0.000000,0.010403,0.000000,0.000000,0.000000,0.008055
2860.454567,real,0.000000,0.010403,0.000000,0.000000,0.000000,0.008055
2860.459742,real,0.000000,0.010403,0.000000,0.000000,0.000000,0.008055
2860.464729,real,0.000000,0.010403,0.000000,0.000000,0.000000,0.008055
2860.470215,real,0.000000,0.010403,0.000000,0.000000,0.000000,0.008055
2860.474774,real,0.000000,0.010403,0.000000,0.000000,0.000000,0.008055
2860.480041,real,0.000000,0.010403,0.000000,0.000000,0.000000,0.008055
2860.480298,real,0.000000,0.010403,0.000000,0.000000,0.000000,0.008055
2860.484984,real,0.000000,0.010403,0.000000,0.000000,0.000000,0.008055
2860.490133,real,0.000000,0.010403,0.000000,0.000000,0.000000,0.008055
2860.495765,real,0.000000,0.010403,0.000000,0.000000,0.000000,0.008055
2860.499650,real,0.000000,0.010403,0.000000,0.000000,0.000000,0.008055
2860.504861,real,0.000000,0.010403,0.000000,0.000000,0.000000,0.008055
2860.509643,real,0.000000,0.010403,0.000000,0.000000,0.000000,0.008055
2860.514623,real,0.000000,0.010403,0.000000,0.000000,0.000000,0.008055
2860.519710,real,0.000000,0.010403,0.000000,0.000000,0.000000,0.008055
2860.524813,real,0.000000,0.010403,0.000000,0.000000,0.000000,0.008055
2860.529485,real,0.000000,0.010403,0.000000,0.000000,0.000000,0.008055
2860.534737,real,0.000000,0.010403,0.000000,0.000000,0.000000,0.008055
2860.539897,real,0.000000,0.010403,0.000000,0.000000,0.000000,0.008055
2860.544240,real,0.000000,0.010403,0.000000,0.000000,0.000000,0.008055
2860.549286,real,0.000000,0.010403,0.000000,0.000000,0.000000,0.008055
2860.554328,real,0.000000,0.010403,0.000000,0.000000,0.000000,0.008055
2860.559451,real,0.000000,0.010403,0.000000,0.000000,0.000000,0.008055
2860.564282,real,0.000000,0.010403,0.000000,0.000000,0.000000,0.008055
2860.569280,real,0.000000,0.010403,0.000000,0.000000,0.000000,0.008055
2860.574303,real,0.000000,0.010403,0.000000,0.000000,0.000000,0.008055
2860.580736,real,0.000000,0.010403,0.000000,0.000000,0.000000,0.008055
2860.580949,real,0.000000,0.010403,0.000000,0.000000,0.000000,0.008055
2860.584181,real,0.000000,0.010403,0.000000,0.000000,0.000000,0.008055
2860.589122,real,0.000000,0.010403,0.000000,0.000000,0.000000,0.008055
2860.680071,real,0.000000,0.010403,0.000000,0.000000,0.000000,0.008055
2860.779908,real,0.000000,0.010403,0.000000,0.000000,0.000000,0.008055
2860.879880,real,0.000000,0.010403,0.000000,0.000000,0.000000,0.008055
2860.888678,real,0.000000,0.010403,0.000000,0.000000,0.000000,0.008055
2860.893482,real,0.000000,0.010403,0.000000,0.000000,0.000000,0.008055
2860.898324,real,0.000000,0.010403,0.000000,0.000000,0.000000,0.008055
2860.903602,real,0.000000,0.010403,0.000000,0.000000,0.000000,0.008055
2860.908318,real,0.000000,0.010403,0.000000,0.000000,0.000000,0.008055
2860.913436,real,0.000000,0.010403,0.000000,0.000000,0.000000,0.024166
2860.918405,real,0.041610,0.010403,0.000000,0.000000,0.000000,0.032221
2860.923662,real,0.052013,0.010403,0.000000,0.000000,0.000000,0.040277
2860.928191,real,0.072818,0.010403,0.000000,0.000000,0.000000,0.064443
2860.933635,real,0.104026,0.010403,0.000000,0.000000,0.000000,0.072498
2860.938505,real,0.114429,0.010403,0.000000,0.000000,0.000000,0.096664
2860.943793,real,0.124831,0.010403,0.000000,0.000000,0.000000,0.112775
2860.948364,real,0.156039,0.010403,0.000000,0.000000,0.000000,0.120830
2860.953282,real,0.176845,0.010403,0.000000,0.000000,0.000000,0.144997
2860.958307,real,0.208052,0.010403,0.000000,0.000000,0.000000,0.153052
2860.963246,real,0.218455,0.010403,0.000000,0.000000,0.000000,0.161107
2860.968333,real,0.239260,0.010403,0.000000,0.000000,0.000000,0.169163
2860.973172,real,0.260066,0.010403,0.000000,0.000000,0.000000,0.169163
2860.979096,real,0.280871,0.010403,0.000000,0.000000,0.000000,0.185273
2860.979599,real,0.280871,0.010403,0.000000,0.000000,0.000000,0.185273
2860.983824,real,0.312079,0.010403,0.000000,0.000000,0.000000,0.185273
2860.988563,real,0.322481,0.010403,0.000000,0.000000,0.000000,0.185273
2860.993503,real,0.332884,0.010403,0.000000,0.000000,0.000000,0.185273
2860.998660,real,0.364092,0.010403,0.000000,0.000000,0.000000,0.185273
2861.003516,real,0.384897,0.010403,0.000000,0.000000,0.000000,0.185273
2861.008303,real,0.395300,0.010403,0.000000,0.000000,0.000000,0.185273
2861.013393,real,0.426508,0.010403,0.000000,0.000000,0.000000,0.185273
2861.018534,real,0.436910,0.031208,0.000000,0.000000,0.000000,0.185273
2861.023896,real,0.468118,0.031208,0.000000,0.000000,0.000000,0.185273
2861.028386,real,0.478521,0.031208,0.000000,0.000000,0.020805,0.185273
2861.033908,real,0.499326,0.052013,0.000000,0.000000,0.031208,0.185273
2861.038688,real,0.530534,0.062416,0.000000,0.000000,0.031208,0.185273
2861.044462,real,0.540936,0.083221,0.000000,0.000000,0.052013,0.185273
2861.049041,real,0.551339,0.093624,0.000000,0.000000,0.072818,0.185273
2861.053576,real,0.582547,0.104026,0.000000,0.000000,0.093624,0.185273
2861.058452,real,0.592950,0.135234,0.000000,0.000000,0.104026,0.185273
2861.063845,real,0.624157,0.145637,0.010403,0.000000,0.114429,0.185273
2861.068462,real,0.634560,0.156039,0.020805,0.000000,0.135234,0.185273
2861.073394,real,0.655365,0.176845,0.020805,0.020805,0.145637,0.185273
2861.079387,real,0.676171,0.187247,0.031208,0.020805,0.166442,0.177218
2861.080193,real,0.676171,0.187247,0.031208,0.020805,0.166442,0.177218
2861.084128,real,0.696976,0.208052,0.041610,0.052013,0.176845,0.177218
2861.088447,real,0.717781,0.218455,0.041610,0.062416,0.187247,0.177218
2861.093426,real,0.738586,0.228858,0.072818,0.072818,0.208052,0.177218
2861.098558,real,0.748989,0.249663,0.083221,0.093624,0.218455,0.177218
2861.103885,real,0.769794,0.270468,0.104026,0.104026,0.239260,0.177218
2861.108509,real,0.790599,0.280871,0.114429,0.114429,0.249663,0.177218
2861.113493,real,0.801002,0.301676,0.114429,0.135234,0.260066,0.177218
2861.118250,real,0.832210,0.312079,0.145637,0.145637,0.280871,0.177218
2861.123230,real,0.842613,0.332884,0.156039,0.166442,0.291273,0.177218
2861.128562,real,0.873820,0.343287,0.176845,0.176845,0.312079,0.177218
2861.133271,real,0.884223,0.353689,0.187247,0.187247,0.322481,0.177218
2861.138606,real,0.894626,0.374494,0.197650,0.197650,0.322481,0.177218
2861.143714,real,0.915431,0.384897,0.218455,0.218455,0.353689,0.177218
2861.148938,real,0.936236,0.405702,0.228858,0.239260,0.364092,0.177218
2861.153497,real,0.957041,0.416105,0.239260,0.249663,0.384897,0.177218
2861.158607,real,0.977847,0.426508,0.260066,0.260066,0.405702,0.177218
2861.163576,real,0.988249,0.457715,0.270468,0.280871,0.416105,0.177218
2861.168293,real,1.009055,0.468118,0.291273,0.291273,0.436910,0.177218
2861.173219,real,1.019457,0.478521,0.301676,0.301676,0.447313,0.177218
2861.178468,real,1.029860,0.488923,0.312079,0.322481,0.457715,0.177218
2861.183299,real,1.029860,0.509729,0.332884,0.332884,0.478521,0.177218
2861.188323,real,1.029860,0.530534,0.343287,0.343287,0.488923,0.177218
2861.193114,real,1.029860,0.540936,0.364092,0.364092,0.499326,0.177218
2861.198139,real,1.029860,0.551339,0.374494,0.374494,0.520131,0.177218
2861.203456,real,1.029860,0.572144,0.395300,0.395300,0.540936,0.177218
2861.208481,real,1.029860,0.582547,0.416105,0.395300,0.551339,0.177218
2861.213156,real,1.029860,0.603352,0.416105,0.426508,0.551339,0.177218
2861.218053,real,1.029860,0.613755,0.436910,0.436910,0.572144,0.177218
2861.223257,real,1.029860,0.624157,0.457715,0.447313,0.592950,0.177218
2861.228133,real,1.029860,0.655365,0.468118,0.468118,0.603352,0.177218
2861.233409,real,1.029860,0.665768,0.488923,0.478521,0.634560,0.177218
2861.238294,real,1.029860,0.676171,0.488923,0.488923,0.634560,0.177218
2861.242930,real,1.029860,0.696976,0.509729,0.509729,0.634560,0.177218
2861.248108,real,1.029860,0.696976,0.530534,0.520131,0.676171,0.177218
2861.253211,real,1.029860,0.728184,0.540936,0.540936,0.686573,0.177218
2861.258146,real,1.029860,0.738586,0.561742,0.551339,0.696976,0.177218
2861.263140,real,1.029860,0.748989,0.561742,0.561742,0.717781,0.177218
2861.268716,real,1.029860,0.748989,0.561742,0.582547,0.728184,0.177218
2861.273341,real,1.029860,0.780197,0.603352,0.592950,0.748989,0.177218
2861.278541,real,1.029860,0.801002,0.613755,0.613755,0.759392,0.177218
2861.278775,real,1.029860,0.801002,0.613755,0.613755,0.759392,0.177218
2861.282970,real,1.029860,0.811405,0.624157,0.624157,0.769794,0.177218
2861.288249,real,1.029860,0.821807,0.634560,0.634560,0.780197,0.177218
2861.292876,real,1.029860,0.842613,0.634560,0.655365,0.801002,0.177218
2861.298147,real,1.029860,0.853015,0.676171,0.665768,0.821807,0.177218
2861.303218,real,1.029860,0.863418,0.686573,0.676171,0.821807,0.177218
2861.308132,real,1.029860,0.873820,0.696976,0.696976,0.821807,0.177218
2861.312830,real,1.029860,0.894626,0.717781,0.696976,0.853015,0.177218
2861.318032,real,1.029860,0.915431,0.728184,0.717781,0.863418,0.177218
2861.322999,real,1.029860,0.925834,0.748989,0.728184,0.873820,0.177218
2861.327893,real,1.029860,0.936236,0.759392,0.738586,0.905028,0.177218
2861.332886,real,1.029860,0.957041,0.769794,0.748989,0.905028,0.177218
2861.337928,real,1.029860,0.967444,0.790599,0.769794,0.936236,0.177218
2861.342911,real,1.029860,0.977847,0.801002,0.801002,0.946639,0.177218
2861.347988,real,1.029860,0.998652,0.811405,0.811405,0.957041,0.177218
2861.353037,real,1.029860,1.009055,0.832210,0.821807,0.977847,0.177218
2861.357823,real,1.029860,1.029860,0.842613,0.842613,0.988249,0.177218
2861.363130,real,1.029860,1.040262,0.863418,0.853015,1.009055,0.177218
2861.368487,real,1.029860,1.050665,0.873820,0.863418,1.019457,0.177218
2861.372962,real,1.029860,1.071470,0.884223,0.884223,1.029860,0.177218
2861.378286,real,1.029860,1.081873,0.905028,0.894626,1.050665,0.177218
2861.379965,real,1.029860,1.081873,0.905028,0.894626,1.050665,0.177218
2861.382850,real,1.029860,1.102678,0.915431,0.915431,1.050665,0.177218
2861.388014,real,1.029860,1.113081,0.925834,0.925834,1.071470,0.177218
2861.392965,real,1.029860,1.123483,0.946639,0.936236,1.071470,0.177218
2861.397838,real,1.029860,1.144289,0.957041,0.957041,1.092276,0.177218
2861.402695,real,1.029860,1.154691,0.977847,0.967444,1.092276,0.177218
2861.408043,real,1.029860,1.165094,0.988249,0.988249,1.092276,0.177218
2861.412666,real,1.029860,1.165094,0.998652,0.998652,1.092276,0.177218
2861.417821,real,1.029860,1.175497,1.019457,1.009055,1.092276,0.177218
2861.422763,real,1.029860,1.185899,1.029860,1.029860,1.092276,0.177218
2861.427706,real,1.029860,1.185899,1.050665,1.040262,1.092276,0.177218
2861.432815,real,1.029860,1.185899,1.061068,1.050665,1.092276,0.177218
2861.437504,real,1.029860,1.185899,1.071470,1.071470,1.092276,0.177218
2861.442634,real,1.029860,1.185899,1.092276,1.081873,1.092276,0.177218
2861.447806,real,1.029860,1.185899,1.102678,1.102678,1.092276,0.177218
2861.452885,real,1.029860,1.185899,1.113081,1.123483,1.092276,0.177218
2861.457598,real,1.029860,1.185899,1.133886,1.133886,1.092276,0.177218
2861.462832,real,1.029860,1.185899,1.144289,1.154691,1.092276,0.177218
2861.468140,real,1.029860,1.185899,1.165094,1.165094,1.092276,0.177218
2861.472404,real,1.029860,1.185899,1.175497,1.165094,1.092276,0.177218
2861.477843,real,1.029860,1.185899,1.185899,1.175497,1.092276,0.177218
2861.478187,real,1.029860,1.185899,1.185899,1.175497,1.092276,0.177218
2861.482867,real,1.029860,1.185899,1.185899,1.175497,1.092276,0.177218
2861.487567,real,1.029860,1.185899,1.185899,1.175497,1.092276,0.177218
2861.492592,real,1.029860,1.185899,1.185899,1.175497,1.092276,0.177218
2861.497956,real,1.029860,1.185899,1.185899,1.175497,1.092276,0.177218
2861.502824,real,1.029860,1.185899,1.185899,1.175497,1.092276,0.177218
2861.507535,real,1.029860,1.185899,1.185899,1.175497,1.092276,0.177218
2861.512753,real,1.029860,1.185899,1.185899,1.175497,1.092276,0.177218
2861.517709,real,1.029860,1.185899,1.185899,1.175497,1.092276,0.177218
2861.522453,real,1.029860,1.185899,1.185899,1.175497,1.092276,0.177218
2861.528050,real,1.029860,1.185899,1.185899,1.175497,1.092276,0.177218
2861.532344,real,1.029860,1.185899,1.185899,1.175497,1.092276,0.177218
2861.537126,real,1.029860,1.185899,1.185899,1.175497,1.092276,0.177218
2861.542505,real,1.029860,1.185899,1.185899,1.175497,1.092276,0.177218
2861.548179,real,1.029860,1.185899,1.185899,1.175497,1.092276,0.177218
2861.552598,real,1.029860,1.185899,1.185899,1.175497,1.092276,0.177218
2861.557531,real,1.029860,1.185899,1.185899,1.175497,1.092276,0.177218
2861.562398,real,1.029860,1.185899,1.185899,1.175497,1.092276,0.177218
2861.567482,real,1.029860,1.185899,1.185899,1.175497,1.092276,0.177218
2861.572487,real,1.029860,1.185899,1.185899,1.175497,1.092276,0.177218
2861.577859,real,1.029860,1.185899,1.185899,1.175497,1.092276,0.177218
2861.578144,real,1.029860,1.185899,1.185899,1.175497,1.092276,0.177218
2861.582380,real,1.029860,1.185899,1.185899,1.175497,1.092276,0.177218
2861.587549,real,1.029860,1.185899,1.185899,1.175497,1.092276,0.177218
2861.592651,real,1.029860,1.185899,1.185899,1.175497,1.092276,0.177218
2861.597563,real,1.029860,1.185899,1.185899,1.175497,1.092276,0.177218
2861.602139,real,1.029860,1.185899,1.185899,1.175497,1.092276,0.177218
2861.607195,real,1.029860,1.185899,1.185899,1.175497,1.092276,0.177218
2861.612060,real,1.029860,1.185899,1.185899,1.175497,1.092276,0.177218
2861.616762,real,1.029860,1.185899,1.185899,1.175497,1.092276,0.177218
2861.621927,real,1.029860,1.185899,1.185899,1.175497,1.092276,0.177218
2861.626877,real,1.029860,1.185899,1.185899,1.175497,1.092276,0.177218
2861.631910,real,1.029860,1.185899,1.185899,1.175497,1.092276,0.177218
2861.637130,real,1.029860,1.185899,1.185899,1.175497,1.092276,0.177218
2861.641901,real,1.029860,1.185899,1.185899,1.175497,1.092276,0.177218
2861.647157,real,1.029860,1.185899,1.185899,1.175497,1.092276,0.177218
2861.652027,real,1.029860,1.185899,1.185899,1.175497,1.092276,0.177218
2861.656890,real,1.029860,1.185899,1.185899,1.175497,1.092276,0.177218
2861.661864,real,1.029860,1.185899,1.185899,1.175497,1.092276,0.177218
2861.666947,real,1.029860,1.185899,1.185899,1.175497,1.092276,0.177218
2861.672151,real,1.029860,1.185899,1.185899,1.175497,1.092276,0.177218
2861.677818,real,1.029860,1.185899,1.185899,1.175497,1.092276,0.177218
2861.681816,real,1.029860,1.185899,1.185899,1.175497,1.092276,0.177218
2861.777586,real,1.029860,1.185899,1.185899,1.175497,1.092276,0.177218
2861.832491,real,1.029860,1.185899,1.185899,1.175497,1.092276,0.177218
2861.836892,real,1.029860,1.185899,1.185899,1.175497,1.092276,0.177218
2861.841881,real,1.029860,1.185899,1.185899,1.175497,1.092276,0.177218
2861.846948,real,1.029860,1.185899,1.185899,1.175497,1.092276,0.177218
2861.852195,real,1.029860,1.185899,1.185899,1.175497,1.092276,0.177218
2861.856888,real,1.029860,1.165094,1.185899,1.175497,1.092276,0.177218
2861.862271,real,1.009055,1.165094,1.185899,1.175497,1.092276,0.177218
2861.866840,real,0.977847,1.144289,1.185899,1.175497,1.092276,0.177218
2861.873530,real,0.957041,1.123483,1.185899,1.154691,1.092276,0.177218
2861.877197,real,0.946639,1.102678,1.185899,1.133886,1.081873,0.177218
2861.877612,real,0.946639,1.102678,1.185899,1.133886,1.081873,0.177218
2861.882392,real,0.915431,1.092276,1.154691,1.123483,1.071470,0.177218
2861.887489,real,0.894626,1.081873,1.154691,1.113081,1.050665,0.177218
2861.893495,real,0.884223,1.061068,1.133886,1.092276,1.040262,0.177218
2861.896852,real,0.853015,1.040262,1.113081,1.081873,1.019457,0.177218
2861.901965,real,0.832210,1.019457,1.102678,1.061068,1.009055,0.177218
2861.907128,real,0.801002,1.009055,1.092276,1.050665,0.998652,0.177218
2861.912396,real,0.780197,0.998652,1.071470,1.040262,0.977847,0.153052
2861.916970,real,0.769794,0.977847,1.071470,1.029860,0.967444,0.144997
2861.922197,real,0.738586,0.967444,1.050665,1.029860,0.946639,0.128886
2861.926984,real,0.728184,0.946639,1.040262,0.998652,0.936236,0.104720
2861.932288,real,0.696976,0.925834,1.029860,0.977847,0.925834,0.096664
2861.937029,real,0.676171,0.915431,1.009055,0.967444,0.905028,0.088609
2861.941913,real,0.665768,0.894626,0.998652,0.967444,0.894626,0.064443
2861.946986,real,0.634560,0.884223,0.977847,0.946639,0.884223,0.048332
2861.952584,real,0.613755,0.873820,0.967444,0.936236,0.863418,0.024166
2861.956769,real,0.603352,0.853015,0.957041,0.915431,0.863418,0.016111
2861.962072,real,0.572144,0.842613,0.936236,0.905028,0.821807,0.008055
2861.966836,real,0.551339,0.811405,0.925834,0.884223,0.811405,0.000000
2861.971558,real,0.520131,0.801002,0.925834,0.873820,0.801002,0.000000
2861.977100,real,0.509729,0.780197,0.905028,0.863418,0.790599,0.000000
2861.978945,real,0.509729,0.780197,0.905028,0.853015,0.790599,0.000000
2861.981667,real,0.488923,0.769794,0.894626,0.842613,0.790599,0.000000
2861.986516,real,0.457715,0.759392,0.873820,0.832210,0.759392,0.000000
2861.992307,real,0.447313,0.738586,0.863418,0.821807,0.748989,0.000000
2861.997168,real,0.436910,0.728184,0.853015,0.801002,0.728184,0.000000
2862.001773,real,0.405702,0.717781,0.832210,0.790599,0.707378,0.000000
2862.006888,real,0.384897,0.696976,0.821807,0.769794,0.696976,0.000000
2862.011640,real,0.353689,0.686573,0.801002,0.759392,0.686573,0.000000
2862.016482,real,0.332884,0.676171,0.790599,0.759392,0.665768,0.000000
2862.021719,real,0.322481,0.644963,0.780197,0.738586,0.655365,0.000000
2862.026913,real,0.291273,0.634560,0.759392,0.728184,0.634560,0.000000
2862.032298,real,0.280871,0.613755,0.759392,0.707378,0.624157,0.000000
2862.036823,real,0.249663,0.603352,0.759392,0.707378,0.613755,0.000000
2862.041744,real,0.228858,0.592950,0.728184,0.707378,0.592950,0.000000
2862.046537,real,0.218455,0.572144,0.717781,0.676171,0.582547,0.000000
2862.051401,real,0.187247,0.561742,0.696976,0.665768,0.561742,0.000000
2862.057399,real,0.166442,0.551339,0.686573,0.655365,0.551339,0.000000
2862.061778,real,0.156039,0.530534,0.676171,0.634560,0.540936,0.000000
2862.066628,real,0.124831,0.509729,0.655365,0.624157,0.520131,0.000000
2862.071406,real,0.104026,0.488923,0.655365,0.603352,0.509729,0.000000
2862.076970,real,0.072818,0.478521,0.634560,0.592950,0.499326,0.000000
2862.078773,real,0.072818,0.478521,0.634560,0.592950,0.488923,0.000000
2862.081509,real,0.062416,0.468118,0.624157,0.582547,0.478521,0.000000
2862.086553,real,0.041610,0.447313,0.613755,0.582547,0.468118,0.000000
2862.091478,real,0.010403,0.436910,0.592950,0.561742,0.447313,0.000000
2862.096858,real,0.000000,0.416105,0.582547,0.540936,0.436910,0.000000
2862.101376,real,0.000000,0.395300,0.572144,0.530534,0.426508,0.000000
2862.106448,real,0.000000,0.384897,0.551339,0.520131,0.405702,0.000000
2862.111061,real,0.000000,0.364092,0.540936,0.509729,0.384897,0.000000
2862.116609,real,0.000000,0.353689,0.520131,0.488923,0.364092,0.000000
2862.121584,real,0.000000,0.343287,0.509729,0.478521,0.353689,0.000000
2862.126526,real,0.000000,0.322481,0.499326,0.457715,0.343287,0.000000
2862.131460,real,0.000000,0.312079,0.488923,0.447313,0.322481,0.000000
2862.136476,real,0.000000,0.280871,0.488923,0.426508,0.312079,0.000000
2862.141367,real,0.000000,0.270468,0.457715,0.426508,0.312079,0.000000
2862.146190,real,0.000000,0.260066,0.447313,0.426508,0.280871,0.000000
2862.151831,real,0.000000,0.239260,0.436910,0.395300,0.270468,0.000000
2862.156516,real,0.000000,0.228858,0.416105,0.395300,0.249663,0.000000
2862.161255,real,0.000000,0.208052,0.405702,0.364092,0.239260,0.000000
2862.166840,real,0.000000,0.197650,0.395300,0.353689,0.228858,0.000000
2862.171298,real,0.000000,0.187247,0.374494,0.343287,0.208052,0.000000
2862.179811,real,0.000000,0.166442,0.364092,0.332884,0.208052,0.000000
2862.183425,real,0.000000,0.156039,0.353689,0.332884,0.187247,0.000000
2862.186452,real,0.000000,0.145637,0.353689,0.312079,0.166442,0.000000
2862.191653,real,0.000000,0.124831,0.332884,0.291273,0.156039,0.000000
2862.196909,real,0.000000,0.104026,0.312079,0.280871,0.135234,0.000000
2862.201334,real,0.000000,0.083221,0.301676,0.260066,0.124831,0.000000
2862.206182,real,0.000000,0.072818,0.280871,0.249663,0.114429,0.000000
2862.211202,real,0.000000,0.062416,0.270468,0.239260,0.093624,0.000000
2862.216782,real,0.000000,0.041610,0.260066,0.218455,0.083221,0.000000
2862.221186,real,0.000000,0.020805,0.239260,0.208052,0.062416,0.000000
2862.225958,real,0.000000,0.000000,0.228858,0.197650,0.052013,0.000000
2862.231632,real,0.000000,0.000000,0.218455,0.197650,0.041610,0.000000
2862.237249,real,0.000000,0.000000,0.197650,0.176845,0.020805,0.000000
2862.241031,real,0.000000,0.000000,0.197650,0.156039,0.020805,0.000000
2862.246282,real,0.000000,0.000000,0.176845,0.145637,0.000000,0.000000
2862.251158,real,0.000000,0.000000,0.166442,0.135234,0.000000,0.000000
2862.256384,real,0.000000,0.000000,0.156039,0.114429,0.000000,0.000000
2862.261087,real,0.000000,0.000000,0.135234,0.104026,0.000000,0.000000
2862.266255,real,0.000000,0.000000,0.124831,0.093624,0.000000,0.000000
2862.271169,real,0.000000,0.000000,0.104026,0.093624,0.000000,0.000000
2862.277519,real,0.000000,0.000000,0.093624,0.072818,0.000000,0.000000
2862.278097,real,0.000000,0.000000,0.093624,0.062416,0.000000,0.000000
2862.281395,real,0.000000,0.000000,0.083221,0.052013,0.000000,0.000000
2862.286042,real,0.000000,0.000000,0.083221,0.041610,0.000000,0.000000
2862.291268,real,0.000000,0.000000,0.062416,0.020805,0.000000,0.000000
2862.296317,real,0.000000,0.000000,0.052013,0.020805,0.000000,0.000000
2862.301148,real,0.000000,0.000000,0.031208,0.020805,0.000000,0.000000
2862.306239,real,0.000000,0.000000,0.020805,0.000000,0.000000,0.000000
2862.311206,real,0.000000,0.000000,0.000000,0.000000,0.000000,0.000000
2862.316195,real,0.000000,0.000000,0.000000,0.000000,0.000000,0.000000
2862.321157,real,0.000000,0.000000,0.000000,0.000000,0.000000,0.000000
2862.325974,real,0.000000,0.000000,0.000000,0.000000,0.000000,0.000000
2862.331179,real,0.000000,0.000000,0.000000,0.000000,0.000000,0.000000
2862.336096,real,0.000000,0.000000,0.000000,0.000000,0.000000,0.000000
2862.341197,real,0.000000,0.000000,0.000000,0.000000,0.000000,0.000000
2862.346027,real,0.000000,0.000000,0.000000,0.000000,0.000000,0.000000
2862.350942,real,0.000000,0.000000,0.000000,0.000000,0.000000,0.000000
2862.355647,real,0.000000,0.000000,0.000000,0.000000,0.000000,0.000000
2862.360979,real,0.000000,0.000000,0.000000,0.000000,0.000000,0.000000
2862.366048,real,0.000000,0.000000,0.000000,0.000000,0.000000,0.000000
2862.370877,real,0.000000,0.000000,0.000000,0.000000,0.000000,0.000000
2862.378100,real,0.000000,0.000000,0.000000,0.000000,0.000000,0.000000
2862.378984,real,0.000000,0.000000,0.000000,0.000000,0.000000,0.000000
2862.380758,real,0.000000,0.000000,0.000000,0.000000,0.000000,0.000000
2862.385606,real,0.000000,0.000000,0.000000,0.000000,0.000000,0.000000
2862.390754,real,0.000000,0.000000,0.000000,0.000000,0.000000,0.000000
2862.395697,real,0.000000,0.000000,0.000000,0.000000,0.000000,0.000000
2862.400832,real,0.000000,0.000000,0.000000,0.000000,0.000000,0.000000
2862.405624,real,0.000000,0.000000,0.000000,0.000000,0.000000,0.000000
2862.410828,real,0.000000,0.000000,0.000000,0.000000,0.000000,0.000000
2862.415623,real,0.000000,0.000000,0.000000,0.000000,0.000000,0.000000
2862.420808,real,0.000000,0.000000,0.000000,0.000000,0.000000,0.000000
2862.425742,real,0.000000,0.000000,0.000000,0.000000,0.000000,0.000000
2862.430866,real,0.000000,0.000000,0.000000,0.000000,0.000000,0.000000
2862.436745,real,0.000000,0.000000,0.000000,0.000000,0.000000,0.000000
2862.441551,real,0.000000,0.000000,0.000000,0.000000,0.000000,0.000000
2862.445455,real,0.000000,0.000000,0.000000,0.000000,0.000000,0.000000
2862.451544,real,0.000000,0.000000,0.000000,0.000000,0.000000,0.000000
2862.455491,real,0.000000,0.000000,0.000000,0.000000,0.000000,0.000000
2862.461541,real,0.000000,0.000000,0.000000,0.000000,0.000000,0.000000
2862.465804,real,0.000000,0.000000,0.000000,0.000000,0.000000,0.000000
2862.470443,real,0.000000,0.000000,0.000000,0.000000,0.000000,0.000000
2862.476306,real,0.000000,0.000000,0.000000,0.000000,0.000000,0.000000
2862.479010,real,0.000000,0.000000,0.000000,0.000000,0.000000,0.000000
2862.480644,real,0.000000,0.000000,0.000000,0.000000,0.000000,0.000000
2862.486439,real,0.000000,0.000000,0.000000,0.000000,0.000000,0.000000
2862.490580,real,0.000000,0.000000,0.000000,0.000000,0.000000,0.000000
2862.496066,real,0.000000,0.000000,0.000000,0.000000,0.000000,0.000000
2862.501341,real,0.000000,0.000000,0.000000,0.000000,0.000000,0.000000
2862.505480,real,0.000000,0.000000,0.000000,0.000000,0.000000,0.000000
2862.510905,real,0.000000,0.000000,0.000000,0.000000,0.000000,0.000000
2862.515498,real,0.000000,0.000000,0.000000,0.000000,0.000000,0.000000
2862.523363,real,0.000000,0.000000,0.000000,0.000000,0.000000,0.000000
2862.576164,real,0.000000,0.000000,0.000000,0.000000,0.000000,0.000000
2862.675737,real,0.000000,0.000000,0.000000,0.000000,0.000000,0.000000
2862.775582,real,0.000000,0.000000,0.000000,0.000000,0.000000,0.000000
2862.835286,real,0.000000,0.000000,0.000000,0.000000,0.000000,0.000000
2862.839509,real,0.000000,0.000000,0.000000,0.000000,0.000000,0.000000
2862.844576,real,0.000000,0.000000,0.000000,0.000000,0.000000,0.000000
2862.850438,real,0.000000,0.000000,0.000000,0.000000,0.000000,0.000000
2862.854340,real,0.000000,0.000000,0.000000,0.000000,0.000000,0.000000
2862.859455,real,0.000000,0.000000,0.000000,0.000000,0.000000,0.000000
2862.864463,real,0.031208,0.000000,0.000000,0.000000,0.000000,0.016111
2862.870119,real,0.062416,0.000000,0.000000,0.000000,0.000000,0.024166
2862.875444,real,0.072818,0.000000,0.000000,0.000000,0.000000,0.048332
2862.878171,real,0.072818,0.000000,0.000000,0.000000,0.000000,0.048332
2862.880736,real,0.114429,0.000000,0.000000,0.000000,0.000000,0.056388
2862.884691,real,0.124831,0.000000,0.000000,0.000000,0.000000,0.072498
2862.889603,real,0.135234,0.000000,0.000000,0.000000,0.000000,0.096664
2862.894403,real,0.166442,0.000000,0.000000,0.000000,0.000000,0.104720
2862.899322,real,0.187247,0.000000,0.000000,0.000000,0.000000,0.128886
2862.905032,real,0.208052,0.000000,0.000000,0.000000,0.000000,0.136941
2862.909543,real,0.228858,0.000000,0.000000,0.000000,0.000000,0.144997
2862.914471,real,0.249663,0.000000,0.000000,0.000000,0.000000,0.144997
2862.919519,real,0.280871,0.000000,0.000000,0.000000,0.000000,0.144997
2862.924489,real,0.291273,0.000000,0.000000,0.000000,0.000000,0.144997
2862.929695,real,0.312079,0.000000,0.000000,0.000000,0.000000,0.161107
2862.934409,real,0.332884,0.031208,0.000000,0.000000,0.000000,0.161107
2862.939738,real,0.343287,0.041610,0.000000,0.000000,0.000000,0.161107
2862.944586,real,0.364092,0.062416,0.000000,0.000000,0.000000,0.161107
2862.950792,real,0.395300,0.072818,0.000000,0.000000,0.000000,0.161107
2862.955203,real,0.405702,0.104026,0.000000,0.000000,0.000000,0.161107
2862.961488,real,0.436910,0.114429,0.000000,0.000000,0.000000,0.161107
2862.965120,real,0.457715,0.124831,0.000000,0.000000,0.000000,0.153052
2862.972684,real,0.468118,0.156039,0.000000,0.000000,0.010403,0.153052
2862.979292,real,0.488923,0.156039,0.000000,0.000000,0.010403,0.153052
2862.979969,real,0.488923,0.156039,0.000000,0.000000,0.010403,0.153052
2862.980472,real,0.509729,0.187247,0.000000,0.000000,0.020805,0.153052
2862.985218,real,0.540936,0.197650,0.000000,0.000000,0.031208,0.153052
2862.990429,real,0.551339,0.208052,0.000000,0.000000,0.062416,0.153052
2862.997050,real,0.561742,0.228858,0.000000,0.000000,0.072818,0.153052
2863.002793,real,0.592950,0.239260,0.000000,0.000000,0.093624,0.153052
2863.006350,real,0.613755,0.249663,0.000000,0.000000,0.093624,0.144997
2863.009839,real,0.624157,0.270468,0.000000,0.000000,0.093624,0.144997
2863.015097,real,0.655365,0.280871,0.000000,0.000000,0.135234,0.144997
2863.019750,real,0.665768,0.301676,0.020805,0.000000,0.145637,0.144997
2863.025851,real,0.686573,0.312079,0.031208,0.000000,0.156039,0.144997
2863.030298,real,0.707378,0.322481,0.031208,0.000000,0.176845,0.144997
2863.035216,real,0.717781,0.343287,0.052013,0.041610,0.187247,0.144997
2863.040308,real,0.748989,0.353689,0.072818,0.052013,0.208052,0.144997
2863.047119,real,0.759392,0.364092,0.083221,0.072818,0.218455,0.144997
2863.050925,real,0.790599,0.395300,0.093624,0.083221,0.228858,0.144997
2863.055138,real,0.801002,0.405702,0.114429,0.093624,0.249663,0.144997
2863.062608,real,0.821807,0.426508,0.124831,0.114429,0.260066,0.144997
2863.065946,real,0.842613,0.436910,0.145637,0.124831,0.280871,0.144997
2863.072939,real,0.853015,0.447313,0.156039,0.135234,0.291273,0.144997
2863.075565,real,0.884223,0.468118,0.166442,0.156039,0.301676,0.144997
2863.078564,real,0.884223,0.468118,0.176845,0.156039,0.312079,0.144997
2863.079405,real,0.894626,0.478521,0.187247,0.166442,0.322481,0.144997
2863.084649,real,0.905028,0.499326,0.197650,0.187247,0.332884,0.144997
2863.089441,real,0.936236,0.520131,0.218455,0.197650,0.343287,0.144997
2863.095313,real,0.957041,0.530534,0.228858,0.208052,0.364092,0.144997
2863.099606,real,0.967444,0.551339,0.239260,0.228858,0.384897,0.144997
2863.104703,real,0.988249,0.561742,0.260066,0.239260,0.405702,0.144997
2863.109792,real,0.998652,0.572144,0.270468,0.260066,0.416105,0.144997
2863.115051,real,1.019457,0.592950,0.280871,0.270468,0.426508,0.144997
2863.119320,real,1.019457,0.603352,0.301676,0.280871,0.447313,0.144997
2863.124284,real,1.019457,0.624157,0.312079,0.301676,0.457715,0.144997
2863.130169,real,1.019457,0.634560,0.332884,0.312079,0.468118,0.144997
2863.134446,real,1.019457,0.644963,0.343287,0.322481,0.488923,0.144997
2863.138941,real,1.019457,0.676171,0.353689,0.343287,0.499326,0.144997
2863.144351,real,1.019457,0.686573,0.374494,0.343287,0.520131,0.144997
2863.149912,real,1.019457,0.707378,0.384897,0.374494,0.530534,0.144997
2863.153968,real,1.019457,0.707378,0.405702,0.384897,0.540936,0.144997
2863.159426,real,1.019457,0.707378,0.426508,0.395300,0.561742,0.144997
2863.164247,real,1.019457,0.748989,0.426508,0.416105,0.572144,0.144997
2863.169425,real,1.019457,0.759392,0.457715,0.426508,0.592950,0.144997
2863.174423,real,1.019457,0.759392,0.457715,0.447313,0.592950,0.144997
2863.179137,real,1.019457,0.780197,0.457715,0.457715,0.613755,0.144997
2863.184508,real,1.019457,0.790599,0.488923,0.468118,0.644963,0.144997
2863.190179,real,1.019457,0.821807,0.499326,0.488923,0.655365,0.144997
2863.194741,real,1.019457,0.832210,0.520131,0.499326,0.655365,0.144997
2863.199563,real,1.019457,0.842613,0.530534,0.509729,0.676171,0.144997
2863.204397,real,1.019457,0.853015,0.540936,0.540936,0.686573,0.144997
2863.208864,real,1.019457,0.873820,0.561742,0.551339,0.717781,0.144997
2863.214077,real,1.019457,0.894626,0.572144,0.572144,0.728184,0.144997
2863.219331,real,1.019457,0.905028,0.592950,0.572144,0.738586,0.144997
2863.224469,real,1.019457,0.915431,0.613755,0.592950,0.748989,0.144997
2863.228959,real,1.019457,0.936236,0.624157,0.613755,0.769794,0.144997
2863.234176,real,1.019457,0.946639,0.644963,0.624157,0.790599,0.144997
2863.239139,real,1.019457,0.967444,0.655365,0.644963,0.790599,0.144997
2863.244802,real,1.019457,0.977847,0.665768,0.655365,0.790599,0.144997
2863.248841,real,1.019457,0.988249,0.665768,0.655365,0.821807,0.144997
2863.253930,real,1.019457,1.009055,0.686573,0.676171,0.832210,0.144997
2863.258983,real,1.019457,1.019457,0.717781,0.696976,0.853015,0.144997
2863.264371,real,1.019457,1.029860,0.728184,0.707378,0.863418,0.144997
2863.269019,real,1.019457,1.050665,0.738586,0.707378,0.873820,0.144997
2863.274297,real,1.019457,1.061068,0.759392,0.728184,0.884223,0.144997
2863.276446,real,1.019457,1.061068,0.759392,0.728184,0.884223,0.144997
2863.278781,real,1.019457,1.081873,0.769794,0.748989,0.905028,0.144997
2863.285192,real,1.019457,1.092276,0.769794,0.759392,0.915431,0.144997
2863.290253,real,1.019457,1.102678,0.801002,0.769794,0.936236,0.144997
2863.294166,real,1.019457,1.123483,0.811405,0.790599,0.946639,0.144997
2863.299240,real,1.019457,1.123483,0.821807,0.801002,0.967444,0.144997
2863.304314,real,1.019457,1.154691,0.842613,0.832210,0.977847,0.144997
2863.308853,real,1.019457,1.165094,0.853015,0.842613,0.988249,0.144997
2863.313716,real,1.019457,1.165094,0.873820,0.853015,1.009055,0.144997
2863.319182,real,1.019457,1.175497,0.884223,0.873820,1.019457,0.144997
2863.323962,real,1.019457,1.185899,0.905028,0.884223,1.050665,0.144997
2863.328891,real,1.019457,1.185899,0.915431,0.894626,1.061068,0.144997
2863.333871,real,1.019457,1.185899,0.925834,0.915431,1.071470,0.144997
2863.338679,real,1.019457,1.185899,0.946639,0.925834,1.081873,0.144997
2863.343580,real,1.019457,1.185899,0.957041,0.946639,1.081873,0.144997
2863.349074,real,1.019457,1.185899,0.957041,0.957041,1.081873,0.144997
2863.353838,real,1.019457,1.185899,0.988249,0.967444,1.092276,0.144997
2863.358785,real,1.019457,1.185899,0.998652,0.988249,1.092276,0.144997
2863.363789,real,1.019457,1.185899,1.019457,0.998652,1.092276,0.144997
2863.369125,real,1.019457,1.185899,1.029860,1.019457,1.092276,0.144997
2863.373833,real,1.019457,1.185899,1.040262,1.029860,1.092276,0.144997
2863.374094,real,1.019457,1.185899,1.050665,1.029860,1.092276,0.144997
2863.378969,real,1.019457,1.185899,1.061068,1.040262,1.092276,0.144997
2863.384151,real,1.019457,1.185899,1.071470,1.061068,1.092276,0.144997
2863.388522,real,1.019457,1.185899,1.092276,1.071470,1.092276,0.144997
2863.393580,real,1.019457,1.185899,1.102678,1.081873,1.092276,0.144997
2863.398879,real,1.019457,1.185899,1.113081,1.113081,1.092276,0.144997
2863.403524,real,1.019457,1.185899,1.133886,1.123483,1.092276,0.144997
2863.408578,real,1.019457,1.185899,1.144289,1.144289,1.092276,0.144997
2863.413666,real,1.019457,1.185899,1.154691,1.154691,1.092276,0.144997
2863.419054,real,1.019457,1.185899,1.175497,1.165094,1.092276,0.144997
2863.423736,real,1.019457,1.185899,1.175497,1.175497,1.092276,0.144997
2863.428841,real,1.019457,1.185899,1.175497,1.175497,1.092276,0.144997
2863.433846,real,1.019457,1.185899,1.196302,1.175497,1.092276,0.144997
2863.439305,real,1.019457,1.185899,1.196302,1.175497,1.092276,0.144997
2863.444023,real,1.019457,1.185899,1.196302,1.175497,1.092276,0.144997
2863.448904,real,1.019457,1.185899,1.196302,1.175497,1.092276,0.144997
2863.453459,real,1.019457,1.185899,1.196302,1.175497,1.092276,0.144997
2863.458894,real,1.019457,1.185899,1.196302,1.175497,1.092276,0.144997
2863.463845,real,1.019457,1.185899,1.196302,1.175497,1.092276,0.144997
2863.468437,real,1.019457,1.185899,1.196302,1.175497,1.092276,0.144997
2863.474564,real,1.019457,1.185899,1.196302,1.175497,1.092276,0.144997
2863.477160,real,1.019457,1.185899,1.196302,1.175497,1.092276,0.144997
2863.479118,real,1.019457,1.185899,1.196302,1.175497,1.092276,0.144997
2863.484677,real,1.019457,1.185899,1.196302,1.175497,1.092276,0.144997
2863.488280,real,1.019457,1.185899,1.196302,1.175497,1.092276,0.144997
2863.493638,real,1.019457,1.185899,1.196302,1.175497,1.092276,0.144997
2863.499382,real,1.019457,1.185899,1.196302,1.175497,1.092276,0.144997
2863.503838,real,1.019457,1.185899,1.196302,1.175497,1.092276,0.144997
2863.508709,real,1.019457,1.185899,1.196302,1.175497,1.092276,0.144997
2863.513777,real,1.019457,1.185899,1.196302,1.175497,1.092276,0.144997
2863.518790,real,1.019457,1.185899,1.196302,1.175497,1.092276,0.144997
2863.523457,real,1.019457,1.185899,1.196302,1.175497,1.092276,0.144997
2863.528296,real,1.019457,1.185899,1.196302,1.175497,1.092276,0.144997
2863.533167,real,1.019457,1.185899,1.196302,1.175497,1.092276,0.144997
2863.538886,real,1.019457,1.185899,1.196302,1.175497,1.092276,0.144997
2863.543458,real,1.019457,1.185899,1.196302,1.175497,1.092276,0.144997
2863.548056,real,1.019457,1.185899,1.196302,1.175497,1.092276,0.144997
2863.552993,real,1.019457,1.185899,1.196302,1.175497,1.092276,0.144997
2863.558768,real,1.019457,1.185899,1.196302,1.175497,1.092276,0.144997
2863.563155,real,1.019457,1.185899,1.196302,1.175497,1.092276,0.144997
2863.567903,real,1.019457,1.185899,1.196302,1.175497,1.092276,0.144997
2863.573411,real,1.019457,1.185899,1.196302,1.175497,1.092276,0.144997
2863.573656,real,1.019457,1.185899,1.196302,1.175497,1.092276,0.144997
2863.578014,real,1.019457,1.185899,1.196302,1.175497,1.092276,0.144997
2863.583062,real,1.019457,1.185899,1.196302,1.175497,1.092276,0.144997
2863.588158,real,1.019457,1.185899,1.196302,1.175497,1.092276,0.144997
2863.593118,real,1.019457,1.185899,1.196302,1.175497,1.092276,0.144997
2863.598291,real,1.019457,1.185899,1.196302,1.175497,1.092276,0.144997
2863.602782,real,1.019457,1.185899,1.196302,1.175497,1.092276,0.144997
2863.607888,real,1.019457,1.185899,1.196302,1.175497,1.092276,0.144997
2863.612860,real,1.019457,1.185899,1.196302,1.175497,1.092276,0.144997
2863.618023,real,1.019457,1.185899,1.196302,1.175497,1.092276,0.144997
2863.623148,real,1.019457,1.185899,1.196302,1.175497,1.092276,0.144997
2863.628037,real,1.019457,1.185899,1.196302,1.175497,1.092276,0.144997
2863.632622,real,1.019457,1.185899,1.196302,1.175497,1.092276,0.144997
2863.674487,real,1.019457,1.185899,1.196302,1.175497,1.092276,0.144997
2863.698392,real,1.019457,1.185899,1.196302,1.175497,1.092276,0.144997
2863.703302,real,1.019457,1.185899,1.196302,1.175497,1.092276,0.144997
2863.708072,real,1.019457,1.185899,1.196302,1.175497,1.092276,0.144997
2863.713271,real,1.019457,1.185899,1.196302,1.175497,1.092276,0.144997
2863.719119,real,1.019457,1.185899,1.196302,1.175497,1.092276,0.144997
2863.723122,real,1.019457,1.185899,1.196302,1.175497,1.092276,0.144997
2863.728050,real,1.019457,1.185899,1.196302,1.175497,1.092276,0.144997
2863.733669,real,1.019457,1.165094,1.196302,1.175497,1.092276,0.144997
2863.738166,real,0.988249,1.165094,1.196302,1.165094,1.092276,0.144997
2863.742871,real,0.988249,1.165094,1.175497,1.154691,1.071470,0.144997
2863.747631,real,0.967444,1.144289,1.165094,1.154691,1.071470,0.144997
2863.752743,real,0.936236,1.133886,1.144289,1.123483,1.071470,0.144997
2863.757886,real,0.925834,1.113081,1.133886,1.113081,1.040262,0.144997
2863.763063,real,0.905028,1.102678,1.123483,1.092276,1.029860,0.144997
2863.768120,real,0.873820,1.092276,1.123483,1.081873,1.009055,0.144997
2863.772946,real,0.863418,1.071470,1.102678,1.061068,0.998652,0.144997
2863.773259,real,0.863418,1.071470,1.102678,1.061068,0.998652,0.144997
2863.777888,real,0.832210,1.050665,1.092276,1.050665,0.977847,0.144997
2863.782782,real,0.811405,1.040262,1.071470,1.040262,0.967444,0.144997
2863.787607,real,0.801002,1.019457,1.061068,1.019457,0.957041,0.144997
2863.792640,real,0.769794,1.009055,1.050665,1.009055,0.936236,0.144997
2863.797988,real,0.748989,0.988249,1.040262,0.998652,0.925834,0.144997
2863.802752,real,0.717781,0.977847,1.029860,0.988249,0.915431,0.144997
2863.807406,real,0.707378,0.967444,1.009055,0.977847,0.884223,0.120830
2863.812676,real,0.686573,0.936236,0.998652,0.957041,0.873820,0.112775
2863.817772,real,0.655365,0.925834,0.977847,0.946639,0.853015,0.104720
2863.823041,real,0.644963,0.905028,0.977847,0.936236,0.842613,0.088609
2863.827598,real,0.613755,0.894626,0.957041,0.915431,0.832210,0.072498
2863.832792,real,0.603352,0.884223,0.936236,0.905028,0.811405,0.064443
2863.837627,real,0.582547,0.853015,0.925834,0.884223,0.801002,0.040277
2863.842617,real,0.551339,0.842613,0.905028,0.873820,0.790599,0.032221
2863.847851,real,0.540936,0.832210,0.894626,0.863418,0.780197,0.016111
2863.853209,real,0.520131,0.811405,0.894626,0.842613,0.780197,0.008055
2863.858100,real,0.499326,0.801002,0.873820,0.832210,0.738586,0.008055
2863.862705,real,0.478521,0.780197,0.873820,0.811405,0.728184,0.000000
2863.867615,real,0.447313,0.769794,0.853015,0.801002,0.717781,0.000000
2863.872755,real,0.436910,0.738586,0.832210,0.790599,0.696976,0.000000
2863.873044,real,0.436910,0.738586,0.832210,0.790599,0.696976,0.000000
2863.877830,real,0.416105,0.728184,0.821807,0.769794,0.686573,0.000000
2863.882957,real,0.384897,0.728184,0.811405,0.769794,0.665768,0.000000
2863.888049,real,0.374494,0.707378,0.790599,0.769794,0.655365,0.000000
2863.892641,real,0.353689,0.686573,0.780197,0.738586,0.644963,0.000000
2863.897630,real,0.322481,0.676171,0.759392,0.738586,0.624157,0.000000
2863.902500,real,0.312079,0.655365,0.748989,0.707378,0.613755,0.008055
2863.907499,real,0.280871,0.644963,0.728184,0.707378,0.603352,0.008055
2863.912914,real,0.270468,0.624157,0.717781,0.707378,0.582547,0.008055
2863.918110,real,0.249663,0.603352,0.707378,0.676171,0.572144,0.008055
2863.922555,real,0.228858,0.592950,0.707378,0.665768,0.551339,0.008055
2863.927689,real,0.208052,0.572144,0.707378,0.644963,0.540936,0.008055
2863.932625,real,0.176845,0.561742,0.676171,0.634560,0.530534,0.008055
2863.937452,real,0.166442,0.551339,0.655365,0.624157,0.509729,0.008055
2863.942805,real,0.145637,0.530534,0.644963,0.624157,0.499326,0.008055
2863.947534,real,0.114429,0.520131,0.624157,0.603352,0.488923,0.008055
2863.952713,real,0.104026,0.499326,0.624157,0.592950,0.468118,0.008055
2863.957731,real,0.093624,0.478521,0.603352,0.572144,0.457715,0.008055
2863.962458,real,0.062416,0.468118,0.582547,0.572144,0.436910,0.008055
2863.967363,real,0.041610,0.447313,0.572144,0.540936,0.426508,0.008055
2863.972511,real,0.020805,0.426508,0.551339,0.540936,0.405702,0.008055
2863.972818,real,0.020805,0.426508,0.551339,0.540936,0.395300,0.008055
2863.977960,real,0.010403,0.416105,0.540936,0.520131,0.384897,0.008055
2863.983035,real,0.000000,0.395300,0.530534,0.499326,0.374494,0.008055
2863.987301,real,0.000000,0.384897,0.530534,0.488923,0.353689,0.008055
2863.992358,real,0.000000,0.364092,0.509729,0.478521,0.343287,0.008055
2863.997444,real,0.000000,0.353689,0.499326,0.468118,0.332884,0.008055
2864.002145,real,0.000000,0.343287,0.478521,0.457715,0.312079,0.008055
2864.007531,real,0.000000,0.322481,0.468118,0.436910,0.301676,0.008055
2864.012286,real,0.000000,0.312079,0.457715,0.436910,0.280871,0.008055
2864.017346,real,0.000000,0.301676,0.457715,0.416105,0.270468,0.008055
2864.022233,real,0.000000,0.270468,0.436910,0.395300,0.260066,0.008055
2864.027335,real,0.000000,0.260066,0.416105,0.384897,0.239260,0.008055
2864.032120,real,0.000000,0.239260,0.405702,0.364092,0.228858,0.008055
2864.037385,real,0.000000,0.228858,0.384897,0.353689,0.218455,0.008055
2864.042625,real,0.000000,0.218455,0.374494,0.343287,0.197650,0.008055
2864.047186,real,0.000000,0.197650,0.364092,0.332884,0.187247,0.008055
2864.052079,real,0.000000,0.187247,0.343287,0.332884,0.166442,0.008055
2864.057400,real,0.000000,0.156039,0.332884,0.301676,0.156039,0.008055
2864.062326,real,0.000000,0.145637,0.322481,0.291273,0.145637,0.008055
2864.067123,real,0.000000,0.135234,0.301676,0.280871,0.124831,0.008055
2864.073253,real,0.000000,0.114429,0.291273,0.260066,0.114429,0.008055
2864.073980,real,0.000000,0.114429,0.291273,0.260066,0.114429,0.008055
2864.077099,real,0.000000,0.104026,0.270468,0.249663,0.093624,0.008055
2864.082422,real,0.000000,0.093624,0.260066,0.239260,0.083221,0.008055
2864.087132,real,0.000000,0.062416,0.249663,0.218455,0.072818,0.008055
2864.091946,real,0.000000,0.052013,0.249663,0.208052,0.052013,0.008055
2864.098414,real,0.000000,0.031208,0.228858,0.197650,0.041610,0.008055
2864.102447,real,0.000000,0.020805,0.218455,0.197650,0.041610,0.008055
2864.107041,real,0.000000,0.010403,0.197650,0.176845,0.010403,0.008055
2864.112071,real,0.000000,0.010403,0.197650,0.156039,0.010403,0.008055
2864.118396,real,0.000000,0.000000,0.176845,0.145637,0.000000,0.008055
2864.122335,real,0.000000,0.000000,0.166442,0.124831,0.000000,0.008055
2864.127280,real,0.000000,0.000000,0.156039,0.114429,0.000000,0.008055
2864.132803,real,0.000000,0.000000,0.135234,0.104026,0.000000,0.008055
2864.138313,real,0.000000,0.000000,0.135234,0.083221,0.000000,0.008055
2864.142011,real,0.000000,0.000000,0.104026,0.083221,0.000000,0.008055
2864.147342,real,0.000000,0.000000,0.093624,0.083221,0.000000,0.008055
2864.152104,real,0.000000,0.000000,0.083221,0.052013,0.000000,0.008055
2864.156968,real,0.000000,0.000000,0.072818,0.041610,0.000000,0.008055
2864.162328,real,0.000000,0.000000,0.052013,0.031208,0.000000,0.008055
2864.166914,real,0.000000,0.000000,0.041610,0.010403,0.000000,0.008055
2864.172215,real,0.000000,0.000000,0.041610,0.000000,0.000000,0.008055
2864.177390,real,0.000000,0.000000,0.020805,0.000000,0.000000,0.008055
2864.182173,real,0.000000,0.000000,0.000000,0.000000,0.000000,0.008055
2864.187621,real,0.000000,0.000000,0.000000,0.000000,0.000000,0.008055
2864.191980,real,0.000000,0.000000,0.000000,0.000000,0.000000,0.008055
2864.198043,real,0.000000,0.000000,0.000000,0.000000,0.000000,0.008055
2864.202265,real,0.000000,0.000000,0.000000,0.000000,0.000000,0.008055
2864.207023,real,0.000000,0.000000,0.000000,0.000000,0.000000,0.008055
2864.211981,real,0.000000,0.000000,0.000000,0.000000,0.000000,0.008055
2864.217041,real,0.000000,0.000000,0.000000,0.000000,0.000000,0.008055
2864.221825,real,0.000000,0.000000,0.000000,0.000000,0.000000,0.008055
2864.227330,real,0.000000,0.000000,0.000000,0.000000,0.000000,0.008055
2864.231743,real,0.000000,0.000000,0.000000,0.000000,0.000000,0.008055
2864.236932,real,0.000000,0.000000,0.000000,0.000000,0.000000,0.008055
2864.242039,real,0.000000,0.000000,0.000000,0.000000,0.000000,0.008055
2864.246671,real,0.000000,0.000000,0.000000,0.000000,0.000000,0.008055
2864.251838,real,0.000000,0.000000,0.000000,0.000000,0.000000,0.008055
2864.257131,real,0.000000,0.000000,0.000000,0.000000,0.000000,0.008055
2864.262083,real,0.000000,0.000000,0.000000,0.000000,0.000000,0.008055
2864.266747,real,0.000000,0.000000,0.000000,0.000000,0.000000,0.008055
2864.272188,real,0.000000,0.000000,0.000000,0.000000,0.000000,0.008055
2864.272585,real,0.000000,0.000000,0.000000,0.000000,0.000000,0.008055
2864.277020,real,0.000000,0.000000,0.000000,0.000000,0.000000,0.008055
2864.282585,real,0.000000,0.000000,0.000000,0.000000,0.000000,0.008055
2864.287983,real,0.000000,0.000000,0.000000,0.000000,0.000000,0.008055
2864.292333,real,0.000000,0.000000,0.000000,0.000000,0.000000,0.008055
2864.299920,real,0.000000,0.000000,0.000000,0.000000,0.000000,0.008055
2864.302055,real,0.000000,0.000000,0.000000,0.000000,0.000000,0.008055
2864.306687,real,0.000000,0.000000,0.000000,0.000000,0.000000,0.008055
2864.311916,real,0.000000,0.000000,0.000000,0.000000,0.000000,0.008055
2864.316486,real,0.000000,0.000000,0.000000,0.000000,0.000000,0.008055
2864.322138,real,0.000000,0.000000,0.000000,0.000000,0.000000,0.008055
2864.326666,real,0.000000,0.000000,0.000000,0.000000,0.000000,0.008055
2864.331332,real,0.000000,0.000000,0.000000,0.000000,0.000000,0.008055
2864.336008,real,0.000000,0.000000,0.000000,0.000000,0.000000,0.008055
2864.342331,real,0.000000,0.000000,0.000000,0.000000,0.000000,0.008055
2864.346734,real,0.000000,0.000000,0.000000,0.000000,0.000000,0.008055
2864.351263,real,0.000000,0.000000,0.000000,0.000000,0.000000,0.008055
2864.356206,real,0.000000,0.000000,0.000000,0.000000,0.000000,0.008055
2864.361256,real,0.000000,0.000000,0.000000,0.000000,0.000000,0.008055
2864.366337,real,0.000000,0.000000,0.000000,0.000000,0.000000,0.008055
2864.372479,real,0.000000,0.000000,0.000000,0.000000,0.000000,0.008055
2864.372718,real,0.000000,0.000000,0.000000,0.000000,0.000000,0.008055
2864.376407,real,0.000000,0.000000,0.000000,0.000000,0.000000,0.008055
2864.381337,real,0.000000,0.000000,0.000000,0.000000,0.000000,0.008055
2864.385990,real,0.000000,0.000000,0.000000,0.000000,0.000000,0.008055
2864.391148,real,0.000000,0.000000,0.000000,0.000000,0.000000,0.008055
2864.472108,real,0.000000,0.000000,0.000000,0.000000,0.000000,0.008055
2864.571825,real,0.000000,0.000000,0.000000,0.000000,0.000000,0.008055
2864.630870,real,0.000000,0.000000,0.000000,0.000000,0.000000,0.008055
2864.635793,real,0.000000,0.000000,0.000000,0.000000,0.000000,0.008055
2864.640507,real,0.000000,0.000000,0.000000,0.000000,0.000000,0.008055
2864.645880,real,0.000000,0.000000,0.000000,0.000000,0.000000,0.008055
2864.650518,real,0.000000,0.000000,0.000000,0.000000,0.000000,0.008055
2864.655313,real,0.000000,0.000000,0.000000,0.000000,0.000000,0.024166
2864.660507,real,0.020805,0.000000,0.000000,0.000000,0.000000,0.032221
2864.665640,real,0.031208,0.000000,0.000000,0.000000,0.000000,0.056388
2864.671035,real,0.041610,0.000000,0.000000,0.000000,0.000000,0.064443
2864.675685,real,0.062416,0.000000,0.000000,0.000000,0.000000,0.072498
2864.680720,real,0.083221,0.000000,0.000000,0.000000,0.000000,0.096664
2864.685711,real,0.114429,0.000000,0.000000,0.000000,0.000000,0.112775
2864.690592,real,0.124831,0.000000,0.000000,0.000000,0.000000,0.120830
2864.695898,real,0.135234,0.000000,0.000000,0.000000,0.000000,0.144997
2864.700726,real,0.166442,0.000000,0.000000,0.000000,0.000000,0.153052
2864.705816,real,0.187247,0.000000,0.000000,0.000000,0.000000,0.169163
2864.710785,real,0.197650,0.010403,0.000000,0.000000,0.000000,0.169163
2864.715702,real,0.228858,0.020805,0.000000,0.000000,0.000000,0.169163
2864.720968,real,0.239260,0.020805,0.000000,0.000000,0.000000,0.177218
2864.726330,real,0.270468,0.041610,0.000000,0.000000,0.020805,0.177218
2864.730884,real,0.291273,0.052013,0.000000,0.000000,0.031208,0.177218
2864.735722,real,0.301676,0.072818,0.000000,0.000000,0.031208,0.177218
2864.741115,real,0.332884,0.083221,0.000000,0.000000,0.062416,0.177218
2864.746156,real,0.343287,0.104026,0.000000,0.000000,0.072818,0.177218
2864.751107,real,0.374494,0.114429,0.000000,0.000000,0.083221,0.177218
2864.755746,real,0.395300,0.124831,0.000000,0.000000,0.104026,0.177218
2864.760954,real,0.405702,0.156039,0.000000,0.000000,0.124831,0.177218
2864.765640,real,0.436910,0.166442,0.000000,0.000000,0.124831,0.177218
2864.771927,real,0.447313,0.176845,0.000000,0.000000,0.156039,0.177218
2864.772206,real,0.447313,0.176845,0.000000,0.000000,0.156039,0.177218
2864.775667,real,0.478521,0.176845,0.000000,0.031208,0.166442,0.177218
2864.780604,real,0.488923,0.208052,0.000000,0.041610,0.187247,0.177218
2864.786013,real,0.509729,0.228858,0.000000,0.062416,0.197650,0.177218
2864.790745,real,0.530534,0.239260,0.000000,0.072818,0.208052,0.177218
2864.795735,real,0.551339,0.249663,0.000000,0.083221,0.228858,0.177218
2864.800474,real,0.561742,0.270468,0.000000,0.093624,0.239260,0.177218
2864.805886,real,0.592950,0.280871,0.000000,0.114429,0.260066,0.177218
2864.810506,real,0.603352,0.301676,0.000000,0.145637,0.270468,0.177218
2864.815473,real,0.634560,0.312079,0.000000,0.145637,0.280871,0.177218
2864.820347,real,0.644963,0.322481,0.000000,0.145637,0.301676,0.177218
2864.825621,real,0.655365,0.343287,0.031208,0.176845,0.312079,0.177218
2864.830268,real,0.686573,0.353689,0.052013,0.176845,0.332884,0.177218
2864.835710,real,0.707378,0.374494,0.062416,0.197650,0.343287,0.177218
2864.840619,real,0.717781,0.395300,0.072818,0.218455,0.353689,0.177218
2864.845728,real,0.748989,0.405702,0.093624,0.228858,0.374494,0.177218
2864.850581,real,0.759392,0.426508,0.104026,0.249663,0.384897,0.177218
2864.855874,real,0.780197,0.436910,0.124831,0.270468,0.405702,0.177218
2864.860430,real,0.801002,0.447313,0.135234,0.280871,0.426508,0.177218
2864.865889,real,0.811405,0.468118,0.145637,0.301676,0.436910,0.177218
2864.870830,real,0.842613,0.478521,0.166442,0.301676,0.457715,0.177218
2864.872488,real,0.842613,0.478521,0.166442,0.301676,0.457715,0.177218
2864.875223,real,0.853015,0.499326,0.176845,0.332884,0.468118,0.177218
2864.880259,real,0.873820,0.509729,0.187247,0.343287,0.478521,0.177218
2864.885625,real,0.894626,0.520131,0.208052,0.353689,0.499326,0.177218
2864.890377,real,0.905028,0.551339,0.218455,0.353689,0.509729,0.177218
2864.895220,real,0.936236,0.561742,0.239260,0.374494,0.530534,0.177218
2864.900519,real,0.946639,0.572144,0.249663,0.384897,0.540936,0.177218
2864.905572,real,0.957041,0.592950,0.260066,0.405702,0.551339,0.177218
2864.910526,real,0.988249,0.603352,0.280871,0.416105,0.582547,0.177218
2864.915230,real,0.998652,0.624157,0.291273,0.436910,0.592950,0.177218
2864.920396,real,1.019457,0.634560,0.312079,0.447313,0.603352,0.177218
2864.925629,real,1.029860,0.644963,0.322481,0.468118,0.613755,0.177218
2864.930422,real,1.029860,0.665768,0.343287,0.488923,0.634560,0.177218
2864.935217,real,1.029860,0.676171,0.364092,0.499326,0.655365,0.177218
2864.940301,real,1.029860,0.696976,0.374494,0.499326,0.665768,0.177218
2864.945418,real,1.029860,0.707378,0.384897,0.520131,0.665768,0.177218
2864.950447,real,1.029860,0.717781,0.405702,0.530534,0.686573,0.177218
2864.955227,real,1.029860,0.738586,0.416105,0.561742,0.696976,0.177218
2864.960409,real,1.029860,0.738586,0.436910,0.572144,0.728184,0.177218
2864.965612,real,1.029860,0.759392,0.447313,0.582547,0.738586,0.177218
2864.970506,real,1.029860,0.790599,0.457715,0.603352,0.748989,0.177218
2864.972024,real,1.029860,0.790599,0.468118,0.603352,0.748989,0.177218
2864.975115,real,1.029860,0.801002,0.478521,0.613755,0.769794,0.177218
2864.980073,real,1.029860,0.821807,0.488923,0.634560,0.780197,0.177218
2864.985444,real,1.029860,0.832210,0.509729,0.644963,0.790599,0.177218
2864.990256,real,1.029860,0.842613,0.520131,0.655365,0.811405,0.177218
2864.995269,real,1.029860,0.863418,0.530534,0.676171,0.821807,0.177218
2865.000090,real,1.029860,0.863418,0.551339,0.686573,0.842613,0.177218
2865.005613,real,1.029860,0.884223,0.561742,0.707378,0.853015,0.177218
2865.010070,real,1.029860,0.894626,0.572144,0.707378,0.863418,0.177218
2865.015306,real,1.029860,0.905028,0.592950,0.707378,0.884223,0.177218
2865.020272,real,1.029860,0.925834,0.603352,0.738586,0.894626,0.177218
2865.025080,real,1.029860,0.936236,0.624157,0.748989,0.915431,0.177218
2865.030333,real,1.029860,0.936236,0.634560,0.759392,0.925834,0.177218
2865.035118,real,1.029860,0.977847,0.644963,0.790599,0.936236,0.177218
2865.039736,real,1.029860,0.988249,0.665768,0.801002,0.957041,0.177218
2865.045729,real,1.029860,1.009055,0.676171,0.821807,0.957041,0.177218
2865.050061,real,1.029860,1.019457,0.686573,0.821807,0.957041,0.177218
2865.054988,real,1.029860,1.019457,0.707378,0.842613,0.998652,0.177218
2865.060181,real,1.029860,1.050665,0.717781,0.863418,1.009055,0.177218
2865.065000,real,1.029860,1.061068,0.738586,0.873820,1.029860,0.177218
2865.070326,real,1.029860,1.081873,0.748989,0.894626,1.040262,0.177218
2865.070483,real,1.029860,1.081873,0.748989,0.894626,1.040262,0.177218
2865.074951,real,1.029860,1.092276,0.759392,0.905028,1.050665,0.177218
2865.079957,real,1.029860,1.102678,0.790599,0.915431,1.071470,0.177218
2865.086179,real,1.029860,1.123483,0.801002,0.936236,1.081873,0.177218
2865.090048,real,1.029860,1.133886,0.821807,0.946639,1.081873,0.177218
2865.094897,real,1.029860,1.144289,0.832210,0.957041,1.081873,0.177218
2865.099975,real,1.029860,1.165094,0.842613,0.977847,1.081873,0.177218
2865.105099,real,1.029860,1.165094,0.863418,0.988249,1.081873,0.177218
2865.110056,real,1.029860,1.165094,0.873820,1.019457,1.081873,0.177218
2865.115188,real,1.029860,1.185899,0.884223,1.029860,1.081873,0.177218
2865.119811,real,1.029860,1.185899,0.905028,1.040262,1.081873,0.177218
2865.125269,real,1.029860,1.185899,0.905028,1.040262,1.081873,0.177218
2865.129900,real,1.029860,1.185899,0.936236,1.040262,1.081873,0.177218
2865.134722,real,1.029860,1.185899,0.946639,1.081873,1.081873,0.177218
2865.139960,real,1.029860,1.185899,0.957041,1.102678,1.081873,0.177218
2865.144876,real,1.029860,1.185899,0.977847,1.113081,1.081873,0.177218
2865.149960,real,1.029860,1.185899,0.988249,1.133886,1.081873,0.177218
2865.154555,real,1.029860,1.185899,1.009055,1.144289,1.081873,0.177218
2865.159749,real,1.029860,1.185899,1.019457,1.154691,1.081873,0.177218
2865.164716,real,1.029860,1.185899,1.029860,1.175497,1.081873,0.177218
2865.169908,real,1.029860,1.185899,1.050665,1.175497,1.081873,0.177218
2865.175072,real,1.029860,1.185899,1.061068,1.175497,1.081873,0.177218
2865.179882,real,1.029860,1.185899,1.071470,1.175497,1.081873,0.177218
2865.185136,real,1.029860,1.185899,1.092276,1.175497,1.081873,0.177218
2865.190044,real,1.029860,1.185899,1.102678,1.175497,1.081873,0.177218
2865.194860,real,1.029860,1.185899,1.123483,1.175497,1.081873,0.177218
2865.199811,real,1.029860,1.185899,1.133886,1.175497,1.081873,0.177218
2865.204531,real,1.029860,1.185899,1.144289,1.175497,1.081873,0.177218
2865.210463,real,1.029860,1.185899,1.165094,1.175497,1.081873,0.177218
2865.214586,real,1.029860,1.185899,1.175497,1.175497,1.081873,0.177218
2865.219586,real,1.029860,1.185899,1.196302,1.175497,1.081873,0.177218
2865.224794,real,1.029860,1.185899,1.196302,1.175497,1.081873,0.177218
2865.229545,real,1.029860,1.185899,1.196302,1.175497,1.081873,0.177218
2865.234448,real,1.029860,1.185899,1.206704,1.175497,1.081873,0.177218
2865.239730,real,1.029860,1.185899,1.206704,1.175497,1.081873,0.177218
2865.244492,real,1.029860,1.185899,1.206704,1.175497,1.081873,0.177218
2865.249671,real,1.029860,1.185899,1.206704,1.175497,1.081873,0.177218
2865.254833,real,1.029860,1.185899,1.206704,1.175497,1.081873,0.177218
2865.259583,real,1.029860,1.185899,1.206704,1.175497,1.081873,0.177218
2865.264706,real,1.029860,1.185899,1.206704,1.175497,1.081873,0.177218
2865.270325,real,1.029860,1.185899,1.206704,1.175497,1.081873,0.177218
2865.270588,real,1.029860,1.185899,1.206704,1.175497,1.081873,0.177218
2865.274619,real,1.029860,1.185899,1.206704,1.175497,1.081873,0.177218
2865.279245,real,1.029860,1.185899,1.206704,1.175497,1.081873,0.177218
2865.284845,real,1.029860,1.185899,1.206704,1.175497,1.081873,0.177218
2865.289490,real,1.029860,1.185899,1.206704,1.175497,1.081873,0.177218
2865.294225,real,1.029860,1.185899,1.206704,1.175497,1.081873,0.177218
2865.299079,real,1.029860,1.185899,1.206704,1.175497,1.081873,0.177218
2865.304472,real,1.029860,1.185899,1.206704,1.175497,1.081873,0.177218
2865.310020,real,1.029860,1.185899,1.206704,1.175497,1.081873,0.177218
2865.314347,real,1.029860,1.185899,1.206704,1.175497,1.081873,0.177218
2865.319626,real,1.029860,1.185899,1.206704,1.175497,1.081873,0.177218
2865.324150,real,1.029860,1.185899,1.206704,1.175497,1.081873,0.177218
2865.329101,real,1.029860,1.185899,1.206704,1.175497,1.081873,0.177218
2865.334350,real,1.029860,1.185899,1.206704,1.175497,1.081873,0.177218
2865.338925,real,1.029860,1.185899,1.206704,1.175497,1.081873,0.177218
2865.343958,real,1.029860,1.185899,1.206704,1.175497,1.081873,0.177218
2865.349379,real,1.029860,1.185899,1.206704,1.175497,1.081873,0.177218
2865.354082,real,1.029860,1.185899,1.206704,1.175497,1.081873,0.177218
2865.358834,real,1.029860,1.185899,1.206704,1.175497,1.081873,0.177218
2865.364177,real,1.029860,1.185899,1.206704,1.175497,1.081873,0.177218
2865.369809,real,1.029860,1.185899,1.206704,1.175497,1.081873,0.177218
2865.372011,real,1.029860,1.185899,1.206704,1.175497,1.081873,0.177218
2865.373842,real,1.029860,1.185899,1.206704,1.175497,1.081873,0.177218
2865.378640,real,1.029860,1.185899,1.206704,1.175497,1.081873,0.177218
2865.383748,real,1.029860,1.185899,1.206704,1.175497,1.081873,0.177218
2865.388800,real,1.029860,1.185899,1.206704,1.175497,1.081873,0.177218
2865.393845,real,1.029860,1.185899,1.206704,1.175497,1.081873,0.177218
2865.398990,real,1.029860,1.185899,1.206704,1.175497,1.081873,0.177218
2865.404111,real,1.029860,1.185899,1.206704,1.175497,1.081873,0.177218
2865.408743,real,1.029860,1.185899,1.206704,1.175497,1.081873,0.177218
2865.414313,real,1.029860,1.185899,1.206704,1.175497,1.081873,0.177218
2865.418890,real,1.029860,1.185899,1.206704,1.175497,1.081873,0.177218
2865.423958,real,1.029860,1.185899,1.206704,1.175497,1.081873,0.177218
2865.428713,real,1.029860,1.185899,1.206704,1.175497,1.081873,0.177218
2865.433854,real,1.029860,1.185899,1.206704,1.175497,1.081873,0.177218
2865.469941,real,1.029860,1.185899,1.206704,1.175497,1.081873,0.177218
2865.484537,real,1.029860,1.185899,1.206704,1.175497,1.081873,0.177218
2865.489594,real,1.029860,1.185899,1.206704,1.175497,1.081873,0.177218
2865.494289,real,1.029860,1.185899,1.206704,1.175497,1.081873,0.177218
2865.498953,real,1.029860,1.185899,1.206704,1.175497,1.081873,0.177218
2865.503971,real,1.029860,1.185899,1.206704,1.175497,1.081873,0.177218
2865.509021,real,1.029860,1.185899,1.206704,1.175497,1.081873,0.177218
2865.514033,real,1.029860,1.185899,1.206704,1.175497,1.081873,0.177218
2865.518718,real,1.029860,1.165094,1.196302,1.175497,1.081873,0.177218
2865.524135,real,1.029860,1.165094,1.185899,1.175497,1.081873,0.177218
2865.529898,real,0.998652,1.165094,1.185899,1.144289,1.081873,0.177218
2865.535139,real,0.988249,1.144289,1.165094,1.144289,1.050665,0.177218
2865.538898,real,0.977847,1.123483,1.154691,1.123483,1.050665,0.177218
2865.543928,real,0.957041,1.113081,1.133886,1.102678,1.019457,0.177218
2865.548939,real,0.936236,1.092276,1.133886,1.092276,1.009055,0.177218
2865.553992,real,0.925834,1.071470,1.113081,1.071470,0.998652,0.177218
2865.558912,real,0.894626,1.061068,1.092276,1.061068,0.977847,0.177218
2865.564022,real,0.873820,1.040262,1.081873,1.040262,0.967444,0.177218
2865.569280,real,0.853015,1.029860,1.071470,1.029860,0.957041,0.169163
2865.571339,real,0.853015,1.029860,1.061068,1.029860,0.957041,0.169163
2865.574030,real,0.832210,1.009055,1.061068,1.019457,0.936236,0.169163
2865.578865,real,0.811405,0.988249,1.061068,0.998652,0.925834,0.169163
2865.583819,real,0.780197,0.977847,1.029860,0.988249,0.905028,0.169163
2865.588992,real,0.769794,0.957041,1.019457,0.988249,0.894626,0.169163
2865.594177,real,0.738586,0.946639,1.009055,0.967444,0.884223,0.169163
2865.598881,real,0.717781,0.936236,0.988249,0.957041,0.863418,0.169163
2865.603894,real,0.707378,0.915431,0.977847,0.936236,0.863418,0.153052
2865.608889,real,0.676171,0.905028,0.957041,0.925834,0.863418,0.144997
2865.613871,real,0.665768,0.884223,0.946639,0.915431,0.821807,0.120830
2865.618900,real,0.644963,0.863418,0.936236,0.894626,0.811405,0.112775
2865.624115,real,0.613755,0.853015,0.925834,0.884223,0.790599,0.104720
2865.629054,real,0.603352,0.832210,0.925834,0.863418,0.780197,0.080554
2865.634837,real,0.572144,0.821807,0.905028,0.853015,0.769794,0.064443
2865.639546,real,0.561742,0.811405,0.884223,0.842613,0.738586,0.048332
2865.643861,real,0.540936,0.780197,0.873820,0.821807,0.728184,0.032221
2865.648921,real,0.509729,0.769794,0.853015,0.821807,0.707378,0.024166
2865.653888,real,0.499326,0.748989,0.842613,0.821807,0.696976,0.008055
2865.658747,real,0.478521,0.738586,0.832210,0.790599,0.686573,0.000000
2865.663497,real,0.457715,0.728184,0.811405,0.780197,0.665768,0.000000
2865.669138,real,0.436910,0.707378,0.801002,0.769794,0.655365,0.000000
2865.674102,real,0.405702,0.696976,0.780197,0.748989,0.634560,0.000000
2865.678635,real,0.395300,0.686573,0.769794,0.738586,0.624157,0.000000
2865.683824,real,0.374494,0.665768,0.759392,0.717781,0.613755,0.000000
2865.688840,real,0.343287,0.655365,0.759392,0.707378,0.592950,0.000000
2865.693739,real,0.332884,0.624157,0.738586,0.707378,0.582547,0.000000
2865.698531,real,0.301676,0.613755,0.728184,0.686573,0.572144,0.000000
2865.703652,real,0.291273,0.603352,0.707378,0.676171,0.551339,0.000000
2865.708877,real,0.270468,0.582547,0.696976,0.655365,0.540936,0.000000
2865.714016,real,0.239260,0.572144,0.686573,0.644963,0.520131,0.000000
2865.718703,real,0.228858,0.561742,0.665768,0.634560,0.509729,0.000000
2865.723711,real,0.197650,0.540936,0.655365,0.624157,0.499326,0.000000
2865.728609,real,0.187247,0.520131,0.644963,0.603352,0.478521,0.000000
2865.734292,real,0.166442,0.499326,0.644963,0.603352,0.468118,0.000000
2865.738916,real,0.135234,0.488923,0.613755,0.582547,0.457715,0.000000
2865.744036,real,0.124831,0.478521,0.603352,0.572144,0.436910,0.000000
2865.749200,real,0.104026,0.447313,0.592950,0.551339,0.426508,0.000000
2865.753893,real,0.072818,0.436910,0.572144,0.540936,0.405702,0.000000
2865.758692,real,0.062416,0.426508,0.561742,0.520131,0.384897,0.000000
2865.763381,real,0.031208,0.426508,0.551339,0.509729,0.374494,0.000000
2865.768773,real,0.020805,0.395300,0.530534,0.499326,0.353689,0.000000
2865.768994,real,0.020805,0.384897,0.530534,0.488923,0.353689,0.000000
2865.773572,real,0.010403,0.374494,0.520131,0.478521,0.343287,0.000000
2865.778463,real,0.000000,0.364092,0.499326,0.468118,0.322481,0.000000
2865.783708,real,0.000000,0.353689,0.499326,0.457715,0.312079,0.000000
2865.788554,real,0.000000,0.332884,0.499326,0.436910,0.301676,0.000000
2865.793578,real,0.000000,0.322481,0.468118,0.436910,0.280871,0.000000
2865.798439,real,0.000000,0.301676,0.457715,0.416105,0.270468,0.000000
2865.803538,real,0.000000,0.291273,0.436910,0.405702,0.260066,0.000000
2865.808329,real,0.000000,0.270468,0.426508,0.405702,0.239260,0.000000
2865.813782,real,0.000000,0.249663,0.416105,0.374494,0.228858,0.000000
2865.818419,real,0.000000,0.239260,0.395300,0.364092,0.208052,0.000000
2865.823315,real,0.000000,0.218455,0.384897,0.343287,0.208052,0.000000
2865.828232,real,0.000000,0.208052,0.374494,0.332884,0.208052,0.000000
2865.833612,real,0.000000,0.197650,0.353689,0.332884,0.176845,0.000000
2865.838598,real,0.000000,0.176845,0.343287,0.312079,0.176845,0.000000
2865.843315,real,0.000000,0.156039,0.332884,0.301676,0.135234,0.000000
2865.848512,real,0.000000,0.156039,0.322481,0.291273,0.124831,0.000000
2865.853377,real,0.000000,0.156039,0.322481,0.270468,0.114429,0.000000
2865.858469,real,0.000000,0.124831,0.291273,0.260066,0.093624,0.000000
2865.863429,real,0.000000,0.093624,0.280871,0.239260,0.083221,0.000000
2865.868979,real,0.000000,0.083221,0.270468,0.239260,0.072818,0.000000
2865.871894,real,0.000000,0.083221,0.270468,0.239260,0.062416,0.000000
2865.873410,real,0.000000,0.072818,0.249663,0.218455,0.052013,0.000000
2865.878466,real,0.000000,0.052013,0.239260,0.218455,0.041610,0.000000
2865.883139,real,0.000000,0.031208,0.218455,0.197650,0.020805,0.000000
2865.888228,real,0.000000,0.010403,0.218455,0.187247,0.010403,0.000000
2865.893101,real,0.000000,0.000000,0.218455,0.166442,0.010403,0.000000
2865.898427,real,0.000000,0.000000,0.187247,0.156039,0.000000,0.000000
2865.903326,real,0.000000,0.000000,0.176845,0.145637,0.000000,0.000000
2865.908272,real,0.000000,0.000000,0.156039,0.135234,0.000000,0.000000
2865.913207,real,0.000000,0.000000,0.156039,0.124831,0.000000,0.000000
2865.918197,real,0.000000,0.000000,0.135234,0.104026,0.000000,0.000000
2865.923093,real,0.000000,0.000000,0.114429,0.093624,0.000000,0.000000
2865.928299,real,0.000000,0.000000,0.104026,0.072818,0.000000,0.000000
2865.933526,real,0.000000,0.000000,0.093624,0.072818,0.000000,0.000000
2865.938054,real,0.000000,0.000000,0.093624,0.072818,0.000000,0.000000
2865.943184,real,0.000000,0.000000,0.072818,0.031208,0.000000,0.000000
2865.948277,real,0.000000,0.000000,0.052013,0.020805,0.000000,0.000000
2865.953046,real,0.000000,0.000000,0.041610,0.000000,0.000000,0.000000
2865.958705,real,0.000000,0.000000,0.031208,0.000000,0.000000,0.000000
2865.964216,real,0.000000,0.000000,0.010403,0.000000,0.000000,0.000000
2865.968975,real,0.000000,0.000000,0.000000,0.000000,0.000000,0.000000
2865.971207,real,0.000000,0.000000,0.000000,0.000000,0.000000,0.000000
2865.973418,real,0.000000,0.000000,0.000000,0.000000,0.000000,0.000000
2865.978036,real,0.000000,0.000000,0.000000,0.000000,0.000000,0.000000
2865.983169,real,0.000000,0.000000,0.000000,0.000000,0.000000,0.000000
2865.987854,real,0.000000,0.000000,0.000000,0.000000,0.000000,0.000000
2865.993430,real,0.000000,0.000000,0.000000,0.000000,0.000000,0.000000
2865.998157,real,0.000000,0.000000,0.000000,0.000000,0.000000,0.000000
2866.003157,real,0.000000,0.000000,0.000000,0.000000,0.000000,0.000000
2866.007822,real,0.000000,0.000000,0.000000,0.000000,0.000000,0.000000
2866.012788,real,0.000000,0.000000,0.000000,0.000000,0.000000,0.000000
2866.017884,real,0.000000,0.000000,0.000000,0.000000,0.000000,0.000000
2866.022914,real,0.000000,0.000000,0.000000,0.000000,0.000000,0.000000
2866.028094,real,0.000000,0.000000,0.000000,0.000000,0.000000,0.000000
2866.032580,real,0.000000,0.000000,0.000000,0.000000,0.000000,0.000000
2866.037884,real,0.000000,0.000000,0.000000,0.000000,0.000000,0.000000
2866.042796,real,0.000000,0.000000,0.000000,0.000000,0.000000,0.000000
2866.047701,real,0.000000,0.000000,0.000000,0.000000,0.000000,0.000000
2866.052879,real,0.000000,0.000000,0.000000,0.000000,0.000000,0.000000
2866.058081,real,0.000000,0.000000,0.000000,0.000000,0.000000,0.000000
2866.062788,real,0.000000,0.000000,0.000000,0.000000,0.000000,0.000000
2866.068364,real,0.000000,0.000000,0.000000,0.000000,0.000000,0.000000
2866.068670,real,0.000000,0.000000,0.000000,0.000000,0.000000,0.000000
2866.072789,real,0.000000,0.000000,0.000000,0.000000,0.000000,0.000000
2866.077969,real,0.000000,0.000000,0.000000,0.000000,0.000000,0.000000
2866.082803,real,0.000000,0.000000,0.000000,0.000000,0.000000,0.000000
2866.088175,real,0.000000,0.000000,0.000000,0.000000,0.000000,0.000000
2866.093040,real,0.000000,0.000000,0.000000,0.000000,0.000000,0.000000
2866.097950,real,0.000000,0.000000,0.000000,0.000000,0.000000,0.000000
2866.102734,real,0.000000,0.000000,0.000000,0.000000,0.000000,0.000000
2866.108055,real,0.000000,0.000000,0.000000,0.000000,0.000000,0.000000
2866.112377,real,0.000000,0.000000,0.000000,0.000000,0.000000,0.000000
2866.118183,real,0.000000,0.000000,0.000000,0.000000,0.000000,0.000000
2866.122387,real,0.000000,0.000000,0.000000,0.000000,0.000000,0.000000
2866.127172,real,0.000000,0.000000,0.000000,0.000000,0.000000,0.000000
2866.132299,real,0.000000,0.000000,0.000000,0.000000,0.000000,0.000000
2866.138056,real,0.000000,0.000000,0.000000,0.000000,0.000000,0.000000
2866.142710,real,0.000000,0.000000,0.000000,0.000000,0.000000,0.000000
2866.147312,real,0.000000,0.000000,0.000000,0.000000,0.000000,0.000000
2866.152461,real,0.000000,0.000000,0.000000,0.000000,0.000000,0.000000
2866.157382,real,0.000000,0.000000,0.000000,0.000000,0.000000,0.000000
2866.162318,real,0.000000,0.000000,0.000000,0.000000,0.000000,0.000000
2866.168084,real,0.000000,0.000000,0.000000,0.000000,0.000000,0.000000
2866.172334,real,0.000000,0.000000,0.000000,0.000000,0.000000,0.000000
2866.177084,real,0.000000,0.000000,0.000000,0.000000,0.000000,0.000000
2866.182523,real,0.000000,0.000000,0.000000,0.000000,0.000000,0.000000
2866.268098,real,0.000000,0.000000,0.000000,0.000000,0.000000,0.000000
2866.367586,real,0.000000,0.000000,0.000000,0.000000,0.000000,0.000000
2866.426903,real,0.000000,0.000000,0.000000,0.000000,0.000000,0.000000
2866.431455,real,0.000000,0.000000,0.000000,0.000000,0.000000,0.000000
2866.436488,real,0.000000,0.000000,0.000000,0.000000,0.000000,0.000000
2866.441914,real,0.000000,0.000000,0.000000,0.000000,0.000000,0.000000
2866.446454,real,0.000000,0.000000,0.000000,0.000000,0.000000,0.016111
2866.451425,real,0.000000,0.000000,0.000000,0.000000,0.000000,0.024166
2866.456571,real,0.000000,0.000000,0.000000,0.000000,0.000000,0.032221
2866.461768,real,0.020805,0.000000,0.000000,0.000000,0.000000,0.048332
2866.467346,real,0.041610,0.000000,0.000000,0.000000,0.000000,0.056388
2866.467577,real,0.041610,0.000000,0.000000,0.000000,0.000000,0.056388
2866.471507,real,0.062416,0.000000,0.000000,0.000000,0.000000,0.080554
2866.476582,real,0.093624,0.000000,0.000000,0.000000,0.000000,0.096664
2866.481423,real,0.104026,0.000000,0.000000,0.000000,0.000000,0.104720
2866.486621,real,0.114429,0.000000,0.000000,0.000000,0.000000,0.128886
2866.491458,real,0.145637,0.000000,0.000000,0.000000,0.000000,0.144997
2866.496374,real,0.166442,0.000000,0.000000,0.000000,0.000000,0.161107
2866.502226,real,0.176845,0.000000,0.000000,0.000000,0.000000,0.169163
2866.506361,real,0.208052,0.000000,0.000000,0.000000,0.000000,0.169163
2866.511243,real,0.218455,0.000000,0.000000,0.000000,0.000000,0.177218
2866.516501,real,0.249663,0.000000,0.000000,0.000000,0.000000,0.177218
2866.522073,real,0.270468,0.000000,0.000000,0.000000,0.000000,0.177218
2866.526519,real,0.280871,0.000000,0.000000,0.000000,0.000000,0.177218
2866.531761,real,0.312079,0.000000,0.000000,0.000000,0.000000,0.177218
2866.537012,real,0.322481,0.000000,0.000000,0.000000,0.000000,0.177218
2866.542318,real,0.343287,0.000000,0.000000,0.000000,0.000000,0.177218
2866.546751,real,0.374494,0.000000,0.000000,0.000000,0.000000,0.177218
2866.551935,real,0.384897,0.000000,0.000000,0.000000,0.000000,0.177218
2866.556691,real,0.416105,0.000000,0.000000,0.000000,0.000000,0.177218
2866.561862,real,0.426508,0.000000,0.000000,0.000000,0.000000,0.177218
2866.567300,real,0.447313,0.010403,0.000000,0.000000,0.010403,0.177218
2866.568944,real,0.457715,0.010403,0.000000,0.000000,0.010403,0.177218
2866.571909,real,0.468118,0.010403,0.000000,0.000000,0.020805,0.177218
2866.576504,real,0.488923,0.041610,0.000000,0.000000,0.041610,0.177218
2866.581961,real,0.509729,0.052013,0.000000,0.000000,0.052013,0.177218
2866.586870,real,0.530534,0.062416,0.000000,0.000000,0.072818,0.177218
2866.591828,real,0.540936,0.083221,0.000000,0.000000,0.072818,0.177218
2866.596648,real,0.572144,0.104026,0.000000,0.000000,0.104026,0.177218
2866.602056,real,0.582547,0.124831,0.000000,0.000000,0.114429,0.177218
2866.606757,real,0.603352,0.135234,0.000000,0.000000,0.124831,0.177218
2866.611695,real,0.624157,0.145637,0.000000,0.000000,0.145637,0.177218
2866.616824,real,0.644963,0.166442,0.020805,0.010403,0.156039,0.177218
2866.621871,real,0.665768,0.176845,0.041610,0.031208,0.176845,0.177218
2866.626661,real,0.686573,0.176845,0.052013,0.041610,0.187247,0.177218
2866.631783,real,0.696976,0.208052,0.062416,0.062416,0.197650,0.177218
2866.636735,real,0.728184,0.228858,0.083221,0.072818,0.218455,0.177218
2866.641756,real,0.738586,0.249663,0.083221,0.093624,0.228858,0.177218
2866.646850,real,0.759392,0.260066,0.104026,0.104026,0.239260,0.177218
2866.651549,real,0.780197,0.270468,0.104026,0.114429,0.270468,0.177218
2866.656640,real,0.790599,0.291273,0.124831,0.135234,0.280871,0.177218
2866.661823,real,0.821807,0.301676,0.156039,0.145637,0.301676,0.177218
2866.666847,real,0.832210,0.322481,0.166442,0.156039,0.312079,0.177218
2866.671382,real,0.863418,0.332884,0.176845,0.176845,0.322481,0.177218
2866.676550,real,0.873820,0.343287,0.197650,0.187247,0.343287,0.177218
2866.681521,real,0.884223,0.364092,0.197650,0.208052,0.353689,0.177218
2866.686571,real,0.915431,0.374494,0.228858,0.218455,0.364092,0.177218
2866.691534,real,0.925834,0.384897,0.239260,0.228858,0.384897,0.177218
2866.696489,real,0.946639,0.416105,0.249663,0.249663,0.395300,0.177218
2866.701404,real,0.967444,0.426508,0.270468,0.260066,0.416105,0.177218
2866.706272,real,0.977847,0.447313,0.280871,0.280871,0.426508,0.177218
2866.711367,real,1.009055,0.457715,0.291273,0.291273,0.436910,0.177218
2866.716796,real,1.019457,0.468118,0.312079,0.301676,0.457715,0.177218
2866.722044,real,1.019457,0.488923,0.322481,0.332884,0.468118,0.177218
2866.726634,real,1.019457,0.499326,0.343287,0.343287,0.488923,0.177218
2866.731267,real,1.019457,0.509729,0.353689,0.343287,0.499326,0.177218
2866.736276,real,1.019457,0.540936,0.364092,0.343287,0.520131,0.177218
2866.741856,real,1.019457,0.551339,0.384897,0.374494,0.540936,0.177218
2866.746548,real,1.019457,0.572144,0.395300,0.395300,0.540936,0.177218
2866.751387,real,1.019457,0.582547,0.426508,0.405702,0.540936,0.177218
2866.756547,real,1.019457,0.582547,0.436910,0.416105,0.582547,0.177218
2866.762019,real,1.019457,0.613755,0.447313,0.447313,0.592950,0.177218
2866.766991,real,1.019457,0.624157,0.468118,0.457715,0.603352,0.177218
2866.769023,real,1.019457,0.624157,0.468118,0.457715,0.603352,0.177218
2866.771408,real,1.019457,0.644963,0.468118,0.468118,0.603352,0.177218
2866.776695,real,1.019457,0.655365,0.488923,0.468118,0.634560,0.177218
2866.781705,real,1.019457,0.665768,0.509729,0.468118,0.655365,0.177218
2866.786497,real,1.019457,0.686573,0.509729,0.509729,0.665768,0.177218
2866.791344,real,1.019457,0.696976,0.530534,0.520131,0.686573,0.177218
2866.796386,real,1.019457,0.707378,0.540936,0.540936,0.696976,0.177218
2866.801282,real,1.019457,0.728184,0.561742,0.561742,0.707378,0.177218
2866.806456,real,1.019457,0.738586,0.582547,0.572144,0.728184,0.177218
2866.811597,real,1.019457,0.759392,0.592950,0.592950,0.738586,0.177218
2866.816138,real,1.019457,0.769794,0.613755,0.603352,0.748989,0.177218
2866.821866,real,1.019457,0.790599,0.624157,0.613755,0.769794,0.177218
2866.826173,real,1.019457,0.811405,0.634560,0.634560,0.780197,0.177218
2866.831060,real,1.019457,0.811405,0.655365,0.644963,0.801002,0.177218
2866.836184,real,1.019457,0.842613,0.665768,0.665768,0.811405,0.177218
2866.841296,real,1.019457,0.842613,0.676171,0.676171,0.821807,0.177218
2866.846542,real,1.019457,0.863418,0.696976,0.686573,0.842613,0.177218
2866.851617,real,1.019457,0.884223,0.707378,0.707378,0.853015,0.177218
2866.856454,real,1.019457,0.894626,0.728184,0.717781,0.863418,0.177218
2866.861153,real,1.019457,0.905028,0.738586,0.717781,0.863418,0.177218
2866.866718,real,1.019457,0.915431,0.748989,0.738586,0.884223,0.177218
2866.866921,real,1.019457,0.915431,0.759392,0.738586,0.894626,0.177218
2866.871295,real,1.019457,0.936236,0.769794,0.748989,0.905028,0.177218
2866.876432,real,1.019457,0.957041,0.780197,0.780197,0.925834,0.177218
2866.880948,real,1.019457,0.967444,0.801002,0.790599,0.936236,0.177218
2866.886307,real,1.019457,0.977847,0.811405,0.801002,0.957041,0.177218
2866.891053,real,1.019457,0.998652,0.832210,0.821807,0.957041,0.177218
2866.895981,real,1.019457,1.009055,0.853015,0.832210,0.988249,0.177218
2866.900972,real,1.019457,1.029860,0.863418,0.853015,0.998652,0.177218
2866.906529,real,1.019457,1.040262,0.873820,0.863418,1.009055,0.177218
2866.910856,real,1.019457,1.050665,0.894626,0.873820,1.029860,0.177218
2866.916118,real,1.019457,1.071470,0.905028,0.894626,1.040262,0.177218
2866.921171,real,1.019457,1.092276,0.925834,0.905028,1.061068,0.177218
2866.926190,real,1.019457,1.102678,0.936236,0.915431,1.071470,0.177218
2866.930997,real,1.019457,1.123483,0.936236,0.936236,1.071470,0.177218
2866.936325,real,1.019457,1.133886,0.967444,0.946639,1.081873,0.177218
2866.940874,real,1.019457,1.144289,0.967444,0.967444,1.092276,0.177218
2866.945816,real,1.019457,1.165094,0.988249,0.977847,1.092276,0.177218
2866.950914,real,1.019457,1.165094,1.009055,0.988249,1.092276,0.177218
2866.955806,real,1.019457,1.165094,1.019457,1.009055,1.092276,0.177218
2866.960936,real,1.019457,1.185899,1.040262,1.009055,1.092276,0.177218
2866.966739,real,1.019457,1.185899,1.050665,1.040262,1.092276,0.177218
2866.968795,real,1.019457,1.185899,1.050665,1.040262,1.092276,0.177218
2866.970988,real,1.019457,1.185899,1.061068,1.040262,1.092276,0.177218
2866.975695,real,1.019457,1.185899,1.081873,1.061068,1.092276,0.177218
2866.980814,real,1.019457,1.185899,1.092276,1.092276,1.092276,0.177218
2866.986024,real,1.019457,1.185899,1.113081,1.102678,1.092276,0.177218
2866.990902,real,1.019457,1.185899,1.123483,1.113081,1.092276,0.177218
2866.996013,real,1.019457,1.185899,1.133886,1.133886,1.092276,0.177218
2867.001344,real,1.019457,1.185899,1.154691,1.144289,1.092276,0.177218
2867.005823,real,1.019457,1.185899,1.165094,1.165094,1.092276,0.177218
2867.010668,real,1.019457,1.185899,1.175497,1.175497,1.092276,0.177218
2867.016166,real,1.019457,1.185899,1.196302,1.175497,1.092276,0.177218
2867.021173,real,1.019457,1.185899,1.196302,1.175497,1.092276,0.177218
2867.025813,real,1.019457,1.185899,1.196302,1.175497,1.092276,0.177218
2867.031131,real,1.019457,1.185899,1.196302,1.175497,1.092276,0.177218
2867.035740,real,1.019457,1.185899,1.196302,1.175497,1.092276,0.177218
2867.040688,real,1.019457,1.185899,1.196302,1.175497,1.092276,0.177218
2867.046015,real,1.019457,1.185899,1.196302,1.175497,1.092276,0.177218
2867.050727,real,1.019457,1.185899,1.196302,1.175497,1.092276,0.177218
2867.055502,real,1.019457,1.185899,1.196302,1.175497,1.092276,0.177218
2867.060811,real,1.019457,1.185899,1.196302,1.175497,1.092276,0.177218
2867.066049,real,1.019457,1.185899,1.196302,1.175497,1.092276,0.177218
2867.066386,real,1.019457,1.185899,1.196302,1.175497,1.092276,0.177218
2867.070418,real,1.019457,1.185899,1.196302,1.175497,1.092276,0.177218
2867.075617,real,1.019457,1.185899,1.196302,1.175497,1.092276,0.177218
2867.080627,real,1.019457,1.185899,1.196302,1.175497,1.092276,0.177218
2867.085782,real,1.019457,1.185899,1.196302,1.175497,1.092276,0.177218
2867.090596,real,1.019457,1.185899,1.196302,1.175497,1.092276,0.177218
2867.095769,real,1.019457,1.185899,1.196302,1.175497,1.092276,0.177218
2867.104514,real,1.019457,1.185899,1.196302,1.175497,1.092276,0.177218
2867.106376,real,1.019457,1.185899,1.196302,1.175497,1.092276,0.177218
2867.111212,real,1.019457,1.185899,1.196302,1.175497,1.092276,0.177218
2867.116037,real,1.019457,1.185899,1.196302,1.175497,1.092276,0.177218
2867.124528,real,1.019457,1.185899,1.196302,1.175497,1.092276,0.177218
2867.127970,real,1.019457,1.185899,1.196302,1.175497,1.092276,0.177218
2867.130875,real,1.019457,1.185899,1.196302,1.175497,1.092276,0.177218
2867.135716,real,1.019457,1.185899,1.196302,1.175497,1.092276,0.177218
2867.140876,real,1.019457,1.185899,1.196302,1.175497,1.092276,0.177218
2867.145725,real,1.019457,1.185899,1.196302,1.175497,1.092276,0.177218
2867.150616,real,1.019457,1.185899,1.196302,1.175497,1.092276,0.177218
2867.155639,real,1.019457,1.185899,1.196302,1.175497,1.092276,0.177218
2867.160965,real,1.019457,1.185899,1.196302,1.175497,1.092276,0.177218
2867.165996,real,1.019457,1.185899,1.196302,1.175497,1.092276,0.177218
2867.170323,real,1.019457,1.185899,1.196302,1.175497,1.092276,0.177218
2867.175454,real,1.019457,1.185899,1.196302,1.175497,1.092276,0.177218
2867.180718,real,1.019457,1.185899,1.196302,1.175497,1.092276,0.177218
2867.185356,real,1.019457,1.185899,1.196302,1.175497,1.092276,0.177218
2867.190382,real,1.019457,1.185899,1.196302,1.175497,1.092276,0.177218
2867.195473,real,1.019457,1.185899,1.196302,1.175497,1.092276,0.177218
2867.201474,real,1.019457,1.185899,1.196302,1.175497,1.092276,0.177218
2867.205196,real,1.019457,1.185899,1.196302,1.175497,1.092276,0.177218
2867.210123,real,1.019457,1.185899,1.196302,1.175497,1.092276,0.177218
2867.214952,real,1.019457,1.185899,1.196302,1.175497,1.092276,0.177218
2867.220309,real,1.019457,1.185899,1.196302,1.175497,1.092276,0.177218
2867.225231,real,1.019457,1.185899,1.196302,1.175497,1.092276,0.177218
2867.265881,real,1.019457,1.185899,1.196302,1.175497,1.092276,0.177218
2867.300226,real,1.019457,1.185899,1.196302,1.175497,1.092276,0.177218
2867.305100,real,1.019457,1.185899,1.196302,1.175497,1.092276,0.177218
2867.310063,real,1.019457,1.185899,1.196302,1.175497,1.092276,0.177218
2867.315308,real,1.019457,1.185899,1.196302,1.175497,1.092276,0.177218
2867.320619,real,1.019457,1.185899,1.196302,1.175497,1.092276,0.177218
2867.325437,real,1.019457,1.185899,1.196302,1.175497,1.092276,0.177218
2867.330581,real,1.019457,1.185899,1.196302,1.175497,1.092276,0.177218
2867.335235,real,1.019457,1.185899,1.196302,1.175497,1.092276,0.177218
2867.340481,real,1.019457,1.185899,1.196302,1.175497,1.092276,0.177218
2867.345071,real,0.998652,1.165094,1.196302,1.154691,1.071470,0.177218
2867.351971,real,0.977847,1.165094,1.175497,1.144289,1.071470,0.177218
2867.355738,real,0.967444,1.133886,1.165094,1.133886,1.071470,0.177218
2867.360053,real,0.946639,1.123483,1.165094,1.102678,1.040262,0.177218
2867.365997,real,0.925834,1.113081,1.133886,1.092276,1.019457,0.177218
2867.367719,real,0.925834,1.113081,1.133886,1.092276,1.019457,0.177218
2867.370045,real,0.915431,1.092276,1.123483,1.071470,1.009055,0.177218
2867.374923,real,0.884223,1.081873,1.102678,1.061068,0.988249,0.177218
2867.380451,real,0.863418,1.061068,1.102678,1.050665,0.977847,0.177218
2867.385100,real,0.853015,1.040262,1.102678,1.029860,0.967444,0.177218
2867.389962,real,0.821807,1.029860,1.071470,1.029860,0.946639,0.169163
2867.394887,real,0.801002,1.009055,1.061068,1.009055,0.936236,0.169163
2867.400382,real,0.769794,0.998652,1.050665,1.009055,0.925834,0.169163
2867.404914,real,0.759392,0.988249,1.029860,0.988249,0.905028,0.136941
2867.410821,real,0.738586,0.967444,1.019457,0.977847,0.894626,0.128886
2867.415486,real,0.707378,0.946639,0.998652,0.957041,0.873820,0.112775
2867.420605,real,0.696976,0.925834,0.988249,0.946639,0.863418,0.096664
2867.425052,real,0.665768,0.915431,0.977847,0.925834,0.853015,0.080554
2867.429941,real,0.644963,0.905028,0.957041,0.925834,0.832210,0.072498
2867.434980,real,0.634560,0.884223,0.957041,0.905028,0.821807,0.048332
2867.439788,real,0.603352,0.873820,0.936236,0.894626,0.811405,0.032221
2867.444936,real,0.592950,0.863418,0.925834,0.884223,0.790599,0.016111
2867.450246,real,0.572144,0.842613,0.915431,0.863418,0.780197,0.008055
2867.455532,real,0.540936,0.832210,0.894626,0.863418,0.769794,0.000000
2867.460122,real,0.530534,0.801002,0.884223,0.832210,0.748989,0.000000
2867.465221,real,0.499326,0.790599,0.873820,0.821807,0.738586,0.000000
2867.466779,real,0.499326,0.790599,0.863418,0.821807,0.728184,0.000000
2867.469881,real,0.478521,0.780197,0.853015,0.811405,0.717781,0.000000
2867.474984,real,0.468118,0.759392,0.842613,0.790599,0.707378,0.000000
2867.480031,real,0.436910,0.748989,0.832210,0.780197,0.676171,0.000000
2867.485014,real,0.426508,0.728184,0.821807,0.769794,0.665768,0.000000
2867.489877,real,0.405702,0.717781,0.811405,0.748989,0.665768,0.000000
2867.495609,real,0.374494,0.696976,0.790599,0.738586,0.665768,0.000000
2867.500028,real,0.364092,0.676171,0.790599,0.728184,0.634560,0.000000
2867.505097,real,0.332884,0.665768,0.759392,0.728184,0.613755,0.000000
2867.510051,real,0.312079,0.655365,0.748989,0.707378,0.592950,0.000000
2867.514910,real,0.301676,0.634560,0.738586,0.686573,0.582547,0.000000
2867.520197,real,0.270468,0.624157,0.717781,0.676171,0.561742,0.000000
2867.524882,real,0.249663,0.592950,0.707378,0.665768,0.551339,0.000000
2867.529757,real,0.218455,0.582547,0.696976,0.665768,0.540936,0.000000
2867.535345,real,0.208052,0.572144,0.676171,0.644963,0.520131,0.000000
2867.540272,real,0.197650,0.551339,0.665768,0.624157,0.509729,0.000000
2867.545124,real,0.156039,0.540936,0.655365,0.613755,0.488923,0.000000
2867.549754,real,0.145637,0.530534,0.655365,0.603352,0.478521,0.000000
2867.555096,real,0.124831,0.509729,0.655365,0.582547,0.478521,0.000000
2867.559981,real,0.093624,0.499326,0.613755,0.572144,0.447313,0.000000
2867.565024,real,0.083221,0.468118,0.603352,0.551339,0.436910,0.000000
2867.565349,real,0.083221,0.468118,0.603352,0.551339,0.436910,0.000000
2867.569624,real,0.052013,0.457715,0.582547,0.540936,0.416105,0.000000
2867.575083,real,0.031208,0.447313,0.572144,0.530534,0.405702,0.000000
2867.579924,real,0.020805,0.426508,0.561742,0.509729,0.395300,0.000000
2867.584452,real,0.010403,0.416105,0.540936,0.509729,0.364092,0.000000
2867.589647,real,0.010403,0.395300,0.530534,0.488923,0.353689,0.000000
2867.594627,real,0.010403,0.384897,0.520131,0.488923,0.343287,0.000000
2867.600330,real,0.010403,0.374494,0.509729,0.468118,0.322481,0.000000
2867.604577,real,0.010403,0.343287,0.499326,0.457715,0.312079,0.000000
2867.609458,real,0.010403,0.332884,0.478521,0.436910,0.291273,0.000000
2867.614596,real,0.010403,0.322481,0.468118,0.426508,0.280871,0.000000
2867.620974,real,0.010403,0.301676,0.457715,0.405702,0.270468,0.000000
2867.624318,real,0.010403,0.291273,0.457715,0.395300,0.249663,0.000000
2867.629685,real,0.010403,0.270468,0.436910,0.374494,0.249663,0.000000
2867.635869,real,0.010403,0.260066,0.405702,0.364092,0.228858,0.000000
2867.639918,real,0.010403,0.249663,0.395300,0.364092,0.208052,0.000000
2867.644481,real,0.010403,0.228858,0.384897,0.343287,0.197650,0.000000
2867.649296,real,0.010403,0.218455,0.364092,0.332884,0.176845,0.000000
2867.654821,real,0.010403,0.187247,0.364092,0.312079,0.176845,0.000000
2867.659712,real,0.010403,0.176845,0.364092,0.301676,0.156039,0.000000
2867.664916,real,0.010403,0.166442,0.332884,0.291273,0.135234,0.000000
2867.669528,real,0.010403,0.145637,0.322481,0.280871,0.124831,0.000000
2867.674717,real,0.010403,0.135234,0.301676,0.270468,0.104026,0.000000
2867.679535,real,0.010403,0.124831,0.291273,0.260066,0.093624,0.000000
2867.684570,real,0.010403,0.104026,0.280871,0.239260,0.083221,0.000000
2867.689501,real,0.010403,0.093624,0.260066,0.228858,0.062416,0.000000
2867.694617,real,0.010403,0.062416,0.249663,0.208052,0.052013,0.000000
2867.699577,real,0.010403,0.052013,0.239260,0.208052,0.041610,0.000000
2867.704465,real,0.010403,0.041610,0.228858,0.187247,0.020805,0.000000
2867.709296,real,0.010403,0.020805,0.228858,0.166442,0.020805,0.000000
2867.714732,real,0.010403,0.010403,0.197650,0.166442,0.000000,0.000000
2867.719729,real,0.010403,0.000000,0.187247,0.145637,0.000000,0.000000
2867.724792,real,0.010403,0.000000,0.176845,0.135234,0.000000,0.000000
2867.729160,real,0.010403,0.000000,0.156039,0.124831,0.000000,0.000000
2867.734535,real,0.010403,0.000000,0.145637,0.104026,0.000000,0.000000
2867.739525,real,0.010403,0.000000,0.124831,0.093624,0.000000,0.000000
2867.744165,real,0.010403,0.000000,0.114429,0.083221,0.000000,0.000000
2867.749144,real,0.010403,0.000000,0.104026,0.072818,0.000000,0.000000
2867.754612,real,0.010403,0.000000,0.104026,0.052013,0.000000,0.000000
2867.759292,real,0.010403,0.000000,0.083221,0.031208,0.000000,0.000000
2867.764774,real,0.010403,0.000000,0.062416,0.020805,0.000000,0.000000
2867.766633,real,0.010403,0.000000,0.062416,0.020805,0.000000,0.000000
2867.769446,real,0.010403,0.000000,0.052013,0.010403,0.000000,0.000000
2867.776622,real,0.010403,0.000000,0.041610,0.000000,0.000000,0.000000
2867.779459,real,0.010403,0.000000,0.020805,0.000000,0.000000,0.000000
2867.784487,real,0.010403,0.000000,0.010403,0.000000,0.000000,0.000000
2867.789753,real,0.010403,0.000000,0.010403,0.000000,0.000000,0.000000
2867.794247,real,0.010403,0.000000,0.000000,0.000000,0.000000,0.000000
2867.799489,real,0.010403,0.000000,0.000000,0.000000,0.000000,0.000000
2867.804190,real,0.010403,0.000000,0.000000,0.000000,0.000000,0.000000
2867.808916,real,0.010403,0.000000,0.000000,0.000000,0.000000,0.000000
2867.814296,real,0.010403,0.000000,0.000000,0.000000,0.000000,0.000000
2867.819534,real,0.010403,0.000000,0.000000,0.000000,0.000000,0.000000
2867.823939,real,0.010403,0.000000,0.000000,0.000000,0.000000,0.000000
2867.829247,real,0.010403,0.000000,0.000000,0.000000,0.000000,0.000000
2867.834032,real,0.010403,0.000000,0.000000,0.000000,0.000000,0.000000
2867.839053,real,0.010403,0.000000,0.000000,0.000000,0.000000,0.000000
2867.843864,real,0.010403,0.000000,0.000000,0.000000,0.000000,0.000000
2867.849188,real,0.010403,0.000000,0.000000,0.000000,0.000000,0.000000
2867.854130,real,0.010403,0.000000,0.000000,0.000000,0.000000,0.000000
2867.858904,real,0.010403,0.000000,0.000000,0.000000,0.000000,0.000000
2867.864678,real,0.010403,0.000000,0.000000,0.000000,0.000000,0.000000
2867.867116,real,0.010403,0.000000,0.000000,0.000000,0.000000,0.000000
2867.869176,real,0.010403,0.000000,0.000000,0.000000,0.000000,0.000000
2867.874109,real,0.010403,0.000000,0.000000,0.000000,0.000000,0.000000
2867.879864,real,0.010403,0.000000,0.000000,0.000000,0.000000,0.000000
2867.883894,real,0.010403,0.000000,0.000000,0.000000,0.000000,0.000000
2867.888667,real,0.010403,0.000000,0.000000,0.000000,0.000000,0.000000
2867.894072,real,0.010403,0.000000,0.000000,0.000000,0.000000,0.000000
2867.899041,real,0.010403,0.000000,0.000000,0.000000,0.000000,0.000000
2867.903702,real,0.010403,0.000000,0.000000,0.000000,0.000000,0.000000
2867.909226,real,0.010403,0.000000,0.000000,0.000000,0.000000,0.000000
2867.914157,real,0.010403,0.000000,0.000000,0.000000,0.000000,0.000000
2867.919437,real,0.010403,0.000000,0.000000,0.000000,0.000000,0.000000
2867.923856,real,0.010403,0.000000,0.000000,0.000000,0.000000,0.000000
2867.928883,real,0.010403,0.000000,0.000000,0.000000,0.000000,0.000000
2867.934207,real,0.010403,0.000000,0.000000,0.000000,0.000000,0.000000
2867.938920,real,0.010403,0.000000,0.000000,0.000000,0.000000,0.000000
2867.943842,real,0.010403,0.000000,0.000000,0.000000,0.000000,0.000000
2867.948527,real,0.010403,0.000000,0.000000,0.000000,0.000000,0.000000
2867.953464,real,0.010403,0.000000,0.000000,0.000000,0.000000,0.000000
2867.958607,real,0.010403,0.000000,0.000000,0.000000,0.000000,0.000000
2867.964497,real,0.010403,0.000000,0.000000,0.000000,0.000000,0.000000
2867.964821,real,0.010403,0.000000,0.000000,0.000000,0.000000,0.000000
2867.968379,real,0.010403,0.000000,0.000000,0.000000,0.000000,0.000000
2867.974107,real,0.010403,0.000000,0.000000,0.000000,0.000000,0.000000
2867.978619,real,0.010403,0.000000,0.000000,0.000000,0.000000,0.000000
2867.983496,real,0.010403,0.000000,0.000000,0.000000,0.000000,0.000000
2867.988341,real,0.010403,0.000000,0.000000,0.000000,0.000000,0.000000
2867.993446,real,0.010403,0.000000,0.000000,0.000000,0.000000,0.000000
2867.998455,real,0.010403,0.000000,0.000000,0.000000,0.000000,0.000000
2868.064118,real,0.010403,0.000000,0.000000,0.000000,0.000000,0.000000
2868.163849,real,0.010403,0.000000,0.000000,0.000000,0.000000,0.000000
2868.223564,real,0.010403,0.000000,0.000000,0.000000,0.000000,0.000000
2868.228122,real,0.010403,0.000000,0.000000,0.000000,0.000000,0.000000
2868.232899,real,0.010403,0.000000,0.000000,0.000000,0.000000,0.000000
2868.237708,real,0.010403,0.000000,0.000000,0.000000,0.000000,0.000000
2868.242924,real,0.010403,0.000000,0.000000,0.000000,0.000000,0.000000
2868.247818,real,0.010403,0.000000,0.000000,0.000000,0.000000,0.000000
2868.252660,real,0.010403,0.000000,0.000000,0.000000,0.000000,0.016111
2868.257703,real,0.010403,0.000000,0.000000,0.000000,0.000000,0.024166
2868.263689,real,0.031208,0.000000,0.000000,0.000000,0.000000,0.048332
2868.265446,real,0.031208,0.000000,0.000000,0.000000,0.000000,0.048332
2868.267988,real,0.052013,0.000000,0.000000,0.000000,0.000000,0.056388
2868.272875,real,0.072818,0.000000,0.000000,0.000000,0.000000,0.072498
2868.278121,real,0.083221,0.000000,0.000000,0.000000,0.000000,0.096664
2868.283226,real,0.114429,0.000000,0.000000,0.000000,0.000000,0.104720
2868.287857,real,0.124831,0.000000,0.000000,0.000000,0.000000,0.112775
2868.292992,real,0.135234,0.000000,0.000000,0.000000,0.000000,0.136941
2868.298273,real,0.166442,0.000000,0.000000,0.000000,0.000000,0.144997
2868.303122,real,0.187247,0.000000,0.000000,0.000000,0.000000,0.144997
2868.307802,real,0.218455,0.000000,0.000000,0.000000,0.000000,0.144997
2868.312912,real,0.228858,0.000000,0.000000,0.000000,0.010403,0.144997
2868.318461,real,0.249663,0.031208,0.000000,0.000000,0.010403,0.161107
2868.323932,real,0.270468,0.041610,0.000000,0.000000,0.031208,0.161107
2868.327960,real,0.291273,0.052013,0.000000,0.000000,0.052013,0.161107
2868.333158,real,0.301676,0.072818,0.000000,0.000000,0.052013,0.161107
2868.338125,real,0.332884,0.083221,0.000000,0.000000,0.083221,0.161107
2868.342993,real,0.343287,0.104026,0.000000,0.000000,0.093624,0.161107
2868.348049,real,0.374494,0.114429,0.000000,0.000000,0.104026,0.161107
2868.352843,real,0.395300,0.124831,0.000000,0.000000,0.124831,0.153052
2868.357955,real,0.405702,0.145637,0.000000,0.000000,0.135234,0.153052
2868.363359,real,0.436910,0.166442,0.000000,0.010403,0.156039,0.153052
2868.363539,real,0.436910,0.166442,0.000000,0.010403,0.156039,0.153052
2868.368084,real,0.447313,0.187247,0.000000,0.031208,0.166442,0.153052
2868.373009,real,0.468118,0.197650,0.000000,0.041610,0.176845,0.153052
2868.378118,real,0.488923,0.208052,0.000000,0.062416,0.197650,0.153052
2868.383081,real,0.509729,0.228858,0.000000,0.083221,0.208052,0.153052
2868.388123,real,0.540936,0.239260,0.000000,0.093624,0.218455,0.144997
2868.392922,real,0.551339,0.249663,0.000000,0.104026,0.249663,0.144997
2868.397954,real,0.561742,0.270468,0.000000,0.124831,0.260066,0.144997
2868.403251,real,0.592950,0.280871,0.000000,0.135234,0.280871,0.144997
2868.407894,real,0.603352,0.312079,0.020805,0.156039,0.280871,0.144997
2868.412806,real,0.634560,0.322481,0.031208,0.166442,0.301676,0.144997
2868.418659,real,0.644963,0.332884,0.031208,0.176845,0.322481,0.144997
2868.423037,real,0.665768,0.353689,0.052013,0.197650,0.332884,0.144997
2868.427784,real,0.686573,0.364092,0.072818,0.197650,0.353689,0.144997
2868.432548,real,0.707378,0.374494,0.083221,0.218455,0.364092,0.144997
2868.437952,real,0.717781,0.395300,0.093624,0.239260,0.374494,0.144997
2868.443119,real,0.748989,0.405702,0.114429,0.249663,0.395300,0.144997
2868.447885,real,0.759392,0.426508,0.124831,0.270468,0.405702,0.144997
2868.454111,real,0.790599,0.436910,0.145637,0.280871,0.416105,0.144997
2868.458403,real,0.801002,0.447313,0.156039,0.291273,0.436910,0.144997
2868.464716,real,0.832210,0.457715,0.166442,0.312079,0.457715,0.144997
2868.465036,real,0.832210,0.457715,0.176845,0.312079,0.457715,0.144997
2868.469755,real,0.842613,0.488923,0.187247,0.322481,0.468118,0.144997
2868.474971,real,0.853015,0.509729,0.197650,0.343287,0.468118,0.144997
2868.482411,real,0.884223,0.520131,0.208052,0.353689,0.499326,0.144997
2868.484209,real,0.894626,0.530534,0.228858,0.364092,0.520131,0.144997
2868.488094,real,0.905028,0.551339,0.239260,0.384897,0.530534,0.144997
2868.493183,real,0.936236,0.561742,0.260066,0.384897,0.551339,0.144997
2868.497814,real,0.946639,0.572144,0.270468,0.405702,0.561742,0.144997
2868.502710,real,0.957041,0.592950,0.280871,0.426508,0.572144,0.144997
2868.508017,real,0.988249,0.603352,0.301676,0.436910,0.582547,0.144997
2868.515060,real,0.998652,0.624157,0.312079,0.457715,0.582547,0.144997
2868.520872,real,1.019457,0.634560,0.332884,0.468118,0.624157,0.144997
2868.523154,real,1.019457,0.655365,0.343287,0.478521,0.634560,0.144997
2868.530240,real,1.019457,0.655365,0.353689,0.499326,0.644963,0.144997
2868.533109,real,1.019457,0.686573,0.374494,0.509729,0.655365,0.144997
2868.537699,real,1.019457,0.696976,0.384897,0.530534,0.676171,0.144997
2868.543094,real,1.019457,0.717781,0.395300,0.540936,0.686573,0.144997
2868.548507,real,1.019457,0.728184,0.416105,0.551339,0.707378,0.144997
2868.552922,real,1.019457,0.748989,0.426508,0.572144,0.717781,0.144997
2868.557421,real,1.019457,0.759392,0.457715,0.582547,0.717781,0.144997
2868.563788,real,1.019457,0.769794,0.457715,0.592950,0.738586,0.144997
2868.565304,real,1.019457,0.780197,0.457715,0.603352,0.738586,0.144997
2868.567642,real,1.019457,0.790599,0.457715,0.613755,0.759392,0.144997
2868.572374,real,1.019457,0.801002,0.488923,0.624157,0.780197,0.144997
2868.577558,real,1.019457,0.821807,0.499326,0.644963,0.790599,0.144997
2868.582638,real,1.019457,0.832210,0.520131,0.655365,0.801002,0.144997
2868.587548,real,1.019457,0.842613,0.530534,0.665768,0.821807,0.144997
2868.592380,real,1.019457,0.863418,0.540936,0.686573,0.832210,0.144997
2868.597463,real,1.019457,0.873820,0.561742,0.696976,0.853015,0.144997
2868.602335,real,1.019457,0.894626,0.582547,0.707378,0.863418,0.144997
2868.607573,real,1.019457,0.905028,0.592950,0.707378,0.873820,0.144997
2868.612274,real,1.019457,0.915431,0.613755,0.728184,0.873820,0.144997
2868.617542,real,1.019457,0.936236,0.624157,0.748989,0.905028,0.144997
2868.622521,real,1.019457,0.946639,0.634560,0.759392,0.925834,0.144997
2868.627359,real,1.019457,0.957041,0.634560,0.759392,0.936236,0.144997
2868.632196,real,1.019457,0.977847,0.665768,0.801002,0.946639,0.144997
2868.637629,real,1.019457,0.988249,0.686573,0.811405,0.946639,0.144997
2868.642630,real,1.019457,1.009055,0.696976,0.832210,0.967444,0.144997
2868.647573,real,1.019457,1.019457,0.717781,0.842613,0.988249,0.144997
2868.652204,real,1.019457,1.029860,0.728184,0.853015,1.009055,0.144997
2868.657133,real,1.019457,1.061068,0.738586,0.873820,1.019457,0.144997
2868.662773,real,1.019457,1.071470,0.759392,0.884223,1.040262,0.144997
2868.667372,real,1.019457,1.092276,0.759392,0.905028,1.050665,0.144997
2868.672429,real,1.019457,1.102678,0.780197,0.915431,1.061068,0.144997
2868.677477,real,1.019457,1.102678,0.801002,0.915431,1.081873,0.144997
2868.682550,real,1.019457,1.123483,0.811405,0.946639,1.081873,0.144997
2868.687331,real,1.019457,1.123483,0.832210,0.957041,1.081873,0.144997
2868.692180,real,1.019457,1.144289,0.842613,0.967444,1.081873,0.144997
2868.697503,real,1.019457,1.154691,0.853015,0.988249,1.081873,0.144997
2868.702926,real,1.019457,1.175497,0.873820,0.998652,1.081873,0.144997
2868.707451,real,1.019457,1.175497,0.884223,1.019457,1.081873,0.144997
2868.712442,real,1.019457,1.175497,0.894626,1.029860,1.081873,0.144997
2868.717295,real,1.019457,1.175497,0.915431,1.040262,1.081873,0.144997
2868.722103,real,1.019457,1.175497,0.925834,1.061068,1.081873,0.144997
2868.727019,real,1.019457,1.175497,0.946639,1.071470,1.081873,0.144997
2868.732386,real,1.019457,1.175497,0.957041,1.092276,1.081873,0.144997
2868.737232,real,1.019457,1.175497,0.967444,1.102678,1.081873,0.144997
2868.742245,real,1.019457,1.175497,0.988249,1.123483,1.081873,0.144997
2868.747097,real,1.019457,1.175497,0.998652,1.144289,1.081873,0.144997
2868.752035,real,1.019457,1.175497,1.019457,1.154691,1.081873,0.144997
2868.757594,real,1.019457,1.175497,1.029860,1.165094,1.081873,0.144997
2868.762787,real,1.019457,1.175497,1.040262,1.165094,1.081873,0.144997
2868.764546,real,1.019457,1.175497,1.050665,1.165094,1.081873,0.144997
2868.767467,real,1.019457,1.175497,1.061068,1.175497,1.081873,0.144997
2868.772325,real,1.019457,1.175497,1.071470,1.175497,1.081873,0.144997
2868.777815,real,1.019457,1.175497,1.081873,1.175497,1.081873,0.144997
2868.782183,real,1.019457,1.175497,1.102678,1.175497,1.081873,0.144997
2868.786990,real,1.019457,1.175497,1.113081,1.175497,1.081873,0.144997
2868.792073,real,1.019457,1.175497,1.133886,1.175497,1.081873,0.144997
2868.797533,real,1.019457,1.175497,1.144289,1.175497,1.081873,0.144997
2868.802145,real,1.019457,1.175497,1.154691,1.175497,1.081873,0.144997
2868.807074,real,1.019457,1.175497,1.175497,1.175497,1.081873,0.144997
2868.812026,real,1.019457,1.175497,1.175497,1.175497,1.081873,0.144997
2868.817292,real,1.019457,1.175497,1.175497,1.175497,1.081873,0.144997
2868.821936,real,1.019457,1.175497,1.185899,1.175497,1.081873,0.144997
2868.827170,real,1.019457,1.175497,1.185899,1.175497,1.081873,0.144997
2868.831950,real,1.019457,1.175497,1.185899,1.175497,1.081873,0.144997
2868.837450,real,1.019457,1.175497,1.185899,1.175497,1.081873,0.144997
2868.842093,real,1.019457,1.175497,1.185899,1.175497,1.081873,0.144997
2868.846689,real,1.019457,1.175497,1.185899,1.175497,1.081873,0.144997
2868.852147,real,1.019457,1.175497,1.185899,1.175497,1.081873,0.144997
2868.857375,real,1.019457,1.175497,1.185899,1.175497,1.081873,0.144997
2868.862065,real,1.019457,1.175497,1.185899,1.175497,1.081873,0.144997
2868.862600,real,1.019457,1.175497,1.185899,1.175497,1.081873,0.144997
2868.866921,real,1.019457,1.175497,1.185899,1.175497,1.081873,0.144997
2868.872097,real,1.019457,1.175497,1.185899,1.175497,1.081873,0.144997
2868.876925,real,1.019457,1.175497,1.185899,1.175497,1.081873,0.144997
2868.881634,real,1.019457,1.175497,1.185899,1.175497,1.081873,0.144997
2868.887235,real,1.019457,1.175497,1.185899,1.175497,1.081873,0.144997
2868.892191,real,1.019457,1.175497,1.185899,1.175497,1.081873,0.144997
2868.896938,real,1.019457,1.175497,1.185899,1.175497,1.081873,0.144997
2868.902053,real,1.019457,1.175497,1.185899,1.175497,1.081873,0.144997
2868.906925,real,1.019457,1.175497,1.185899,1.175497,1.081873,0.144997
2868.911312,real,1.019457,1.175497,1.185899,1.175497,1.081873,0.144997
2868.916557,real,1.019457,1.175497,1.185899,1.175497,1.081873,0.144997
2868.921694,real,1.019457,1.175497,1.185899,1.175497,1.081873,0.144997
2868.926343,real,1.019457,1.175497,1.185899,1.175497,1.081873,0.144997
2868.931335,real,1.019457,1.175497,1.185899,1.175497,1.081873,0.144997
2868.936676,real,1.019457,1.175497,1.185899,1.175497,1.081873,0.144997
2868.941446,real,1.019457,1.175497,1.185899,1.175497,1.081873,0.144997
2868.946368,real,1.019457,1.175497,1.185899,1.175497,1.081873,0.144997
2868.951680,real,1.019457,1.175497,1.185899,1.175497,1.081873,0.144997
2868.956505,real,1.019457,1.175497,1.185899,1.175497,1.081873,0.144997
2868.961703,real,1.019457,1.175497,1.185899,1.175497,1.081873,0.144997
2868.962092,real,1.019457,1.175497,1.185899,1.175497,1.081873,0.144997
2868.966362,real,1.019457,1.175497,1.185899,1.175497,1.081873,0.144997
2868.971253,real,1.019457,1.175497,1.185899,1.175497,1.081873,0.144997
2868.976415,real,1.019457,1.175497,1.185899,1.175497,1.081873,0.144997
2868.981626,real,1.019457,1.175497,1.185899,1.175497,1.081873,0.144997
2868.986360,real,1.019457,1.175497,1.185899,1.175497,1.081873,0.144997
2868.991250,real,1.019457,1.175497,1.185899,1.175497,1.081873,0.144997
2868.996390,real,1.019457,1.175497,1.185899,1.175497,1.081873,0.144997
2869.001233,real,1.019457,1.175497,1.185899,1.175497,1.081873,0.144997
2869.005948,real,1.019457,1.175497,1.185899,1.175497,1.081873,0.144997
2869.011124,real,1.019457,1.175497,1.185899,1.175497,1.081873,0.144997
2869.017069,real,1.019457,1.175497,1.185899,1.175497,1.081873,0.144997
2869.021611,real,1.019457,1.175497,1.185899,1.175497,1.081873,0.144997
2869.026367,real,1.019457,1.175497,1.185899,1.175497,1.081873,0.144997
2869.031504,real,1.019457,1.175497,1.185899,1.175497,1.081873,0.144997
2869.036317,real,1.019457,1.175497,1.185899,1.175497,1.081873,0.144997
2869.041305,real,1.019457,1.175497,1.185899,1.175497,1.081873,0.144997
2869.046701,real,1.019457,1.175497,1.185899,1.175497,1.081873,0.144997
2869.051602,real,1.019457,1.175497,1.185899,1.175497,1.081873,0.144997
2869.056670,real,1.019457,1.165094,1.185899,1.175497,1.081873,0.144997
2869.061933,real,0.988249,1.154691,1.175497,1.144289,1.081873,0.144997
2869.065431,real,0.988249,1.154691,1.175497,1.144289,1.081873,0.144997
2869.067022,real,0.977847,1.154691,1.175497,1.144289,1.081873,0.144997
2869.071398,real,0.967444,1.123483,1.154691,1.113081,1.081873,0.144997
2869.076702,real,0.946639,1.113081,1.133886,1.092276,1.061068,0.144997
2869.081482,real,0.936236,1.102678,1.123483,1.081873,1.050665,0.144997
2869.087616,real,0.915431,1.081873,1.123483,1.061068,1.029860,0.144997
2869.091818,real,0.884223,1.071470,1.092276,1.050665,1.009055,0.144997
2869.096863,real,0.873820,1.050665,1.081873,1.029860,0.998652,0.144997
2869.101775,real,0.842613,1.029860,1.071470,1.029860,0.988249,0.144997
2869.106947,real,0.821807,1.019457,1.050665,1.009055,0.967444,0.144997
2869.112077,real,0.811405,0.998652,1.050665,1.009055,0.957041,0.144997
2869.117030,real,0.780197,0.988249,1.029860,0.988249,0.936236,0.144997
2869.121340,real,0.759392,0.967444,1.019457,0.977847,0.925834,0.144997
2869.126412,real,0.728184,0.957041,1.009055,0.957041,0.915431,0.144997
2869.131305,real,0.707378,0.946639,0.988249,0.946639,0.894626,0.144997
2869.136661,real,0.696976,0.915431,0.977847,0.936236,0.884223,0.144997
2869.141505,real,0.665768,0.905028,0.957041,0.925834,0.863418,0.144997
2869.146390,real,0.644963,0.894626,0.946639,0.925834,0.853015,0.120830
2869.151251,real,0.634560,0.873820,0.936236,0.894626,0.842613,0.112775
2869.156522,real,0.603352,0.863418,0.925834,0.884223,0.821807,0.104720
2869.161382,real,0.592950,0.842613,0.925834,0.863418,0.811405,0.088609
2869.166263,real,0.561742,0.832210,0.905028,0.853015,0.801002,0.072498
2869.171599,real,0.540936,0.821807,0.884223,0.842613,0.780197,0.056388
2869.176549,real,0.530534,0.801002,0.873820,0.821807,0.780197,0.040277
2869.181175,real,0.499326,0.780197,0.853015,0.811405,0.759392,0.032221
2869.186033,real,0.488923,0.759392,0.842613,0.801002,0.748989,0.016111
2869.191238,real,0.457715,0.748989,0.832210,0.780197,0.738586,0.008055
2869.196106,real,0.447313,0.738586,0.811405,0.769794,0.717781,0.008055
2869.200948,real,0.426508,0.717781,0.801002,0.748989,0.696976,0.000000
2869.206200,real,0.405702,0.707378,0.780197,0.738586,0.676171,0.000000
2869.211186,real,0.384897,0.696976,0.769794,0.738586,0.665768,0.000000
2869.216161,real,0.364092,0.676171,0.769794,0.717781,0.665768,0.000000
2869.221083,real,0.332884,0.665768,0.748989,0.707378,0.665768,0.000000
2869.225989,real,0.322481,0.644963,0.738586,0.696976,0.634560,0.000000
2869.230917,real,0.291273,0.624157,0.728184,0.676171,0.624157,0.000000
2869.236143,real,0.280871,0.613755,0.707378,0.676171,0.603352,0.000000
2869.241087,real,0.270468,0.592950,0.696976,0.655365,0.592950,0.000000
2869.246143,real,0.239260,0.582547,0.696976,0.644963,0.572144,0.000000
2869.251183,real,0.218455,0.561742,0.665768,0.644963,0.561742,0.000000
2869.256581,real,0.197650,0.551339,0.655365,0.613755,0.551339,0.000000
2869.261420,real,0.176845,0.540936,0.634560,0.603352,0.530534,0.008055
2869.263068,real,0.176845,0.540936,0.634560,0.603352,0.530534,0.008055
2869.266118,real,0.166442,0.520131,0.634560,0.582547,0.520131,0.008055
2869.271265,real,0.135234,0.509729,0.613755,0.572144,0.509729,0.008055
2869.276456,real,0.114429,0.499326,0.603352,0.561742,0.488923,0.008055
2869.280882,real,0.104026,0.468118,0.592950,0.551339,0.478521,0.008055
2869.286166,real,0.072818,0.457715,0.572144,0.540936,0.457715,0.008055
2869.291267,real,0.062416,0.436910,0.561742,0.530534,0.447313,0.008055
2869.295877,real,0.031208,0.426508,0.551339,0.509729,0.436910,0.008055
2869.300925,real,0.020805,0.416105,0.530534,0.499326,0.416105,0.008055
2869.306200,real,0.010403,0.395300,0.530534,0.478521,0.405702,0.008055
2869.311086,real,0.010403,0.384897,0.499326,0.478521,0.384897,0.008055
2869.316311,real,0.010403,0.353689,0.499326,0.447313,0.374494,0.008055
2869.321173,real,0.010403,0.343287,0.488923,0.436910,0.364092,0.008055
2869.326068,real,0.010403,0.332884,0.478521,0.426508,0.343287,0.008055
2869.330917,real,0.010403,0.322481,0.457715,0.405702,0.332884,0.008055
2869.336510,real,0.010403,0.312079,0.436910,0.395300,0.322481,0.008055
2869.341171,real,0.010403,0.291273,0.426508,0.395300,0.301676,0.008055
2869.345846,real,0.010403,0.270468,0.416105,0.374494,0.291273,0.008055
2869.350985,real,0.010403,0.260066,0.395300,0.364092,0.280871,0.008055
2869.356031,real,0.010403,0.239260,0.384897,0.343287,0.270468,0.008055
2869.360884,real,0.010403,0.228858,0.374494,0.332884,0.270468,0.008055
2869.361359,real,0.010403,0.228858,0.374494,0.332884,0.249663,0.008055
2869.365859,real,0.010403,0.218455,0.353689,0.332884,0.239260,0.008055
2869.370966,real,0.010403,0.197650,0.343287,0.312079,0.228858,0.008055
2869.375781,real,0.010403,0.187247,0.322481,0.312079,0.208052,0.008055
2869.380665,real,0.010403,0.176845,0.322481,0.291273,0.197650,0.008055
2869.385786,real,0.010403,0.156039,0.322481,0.270468,0.187247,0.008055
2869.390644,real,0.010403,0.145637,0.291273,0.260066,0.166442,0.008055
2869.395837,real,0.010403,0.124831,0.280871,0.239260,0.156039,0.008055
2869.400921,real,0.010403,0.114429,0.270468,0.228858,0.145637,0.008055
2869.405695,real,0.010403,0.093624,0.249663,0.218455,0.135234,0.008055
2869.410567,real,0.010403,0.072818,0.239260,0.197650,0.124831,0.008055
2869.416202,real,0.010403,0.062416,0.218455,0.187247,0.104026,0.008055
2869.420493,real,0.010403,0.041610,0.218455,0.166442,0.093624,0.008055
2869.425458,real,0.010403,0.031208,0.218455,0.156039,0.093624,0.008055
2869.431121,real,0.010403,0.020805,0.187247,0.156039,0.062416,0.008055
2869.435919,real,0.010403,0.020805,0.176845,0.135234,0.052013,0.008055
2869.440788,real,0.010403,0.020805,0.166442,0.124831,0.041610,0.008055
2869.445850,real,0.010403,0.020805,0.145637,0.114429,0.020805,0.008055
2869.451064,real,0.010403,0.020805,0.135234,0.093624,0.020805,0.008055
2869.456046,real,0.010403,0.020805,0.114429,0.083221,0.020805,0.008055
2869.461561,real,0.010403,0.020805,0.104026,0.062416,0.020805,0.008055
2869.462087,real,0.010403,0.020805,0.104026,0.062416,0.020805,0.008055
2869.466059,real,0.010403,0.020805,0.083221,0.052013,0.010403,0.008055
2869.470510,real,0.010403,0.020805,0.072818,0.041610,0.010403,0.008055
2869.475592,real,0.010403,0.020805,0.072818,0.020805,0.010403,0.008055
2869.480679,real,0.010403,0.020805,0.052013,0.010403,0.010403,0.008055
2869.485597,real,0.010403,0.010403,0.041610,0.000000,0.010403,0.008055
2869.490660,real,0.010403,0.010403,0.031208,0.000000,0.010403,0.008055
2869.495992,real,0.010403,0.010403,0.010403,0.000000,0.010403,0.008055
2869.500629,real,0.010403,0.010403,0.010403,0.000000,0.010403,0.008055
2869.505464,real,0.010403,0.010403,0.000000,0.000000,0.010403,0.008055
2869.510484,real,0.010403,0.010403,0.000000,0.000000,0.010403,0.008055
2869.515875,real,0.010403,0.010403,0.000000,0.000000,0.010403,0.008055
2869.520298,real,0.010403,0.010403,0.000000,0.000000,0.010403,0.008055
2869.525560,real,0.010403,0.010403,0.000000,0.000000,0.010403,0.008055
2869.530515,real,0.010403,0.010403,0.000000,0.000000,0.010403,0.008055
2869.535691,real,0.010403,0.010403,0.000000,0.000000,0.010403,0.008055
2869.540452,real,0.010403,0.010403,0.000000,0.000000,0.010403,0.008055
2869.545578,real,0.010403,0.010403,0.000000,0.000000,0.010403,0.008055
2869.550417,real,0.010403,0.010403,0.000000,0.000000,0.010403,0.008055
2869.555954,real,0.010403,0.010403,0.000000,0.000000,0.010403,0.008055
2869.560791,real,0.010403,0.010403,0.000000,0.000000,0.010403,0.008055
2869.561020,real,0.010403,0.010403,0.000000,0.000000,0.010403,0.008055
2869.565203,real,0.010403,0.010403,0.000000,0.000000,0.010403,0.008055
2869.570065,real,0.010403,0.010403,0.000000,0.000000,0.010403,0.008055
2869.575415,real,0.010403,0.010403,0.000000,0.000000,0.010403,0.008055
2869.580182,real,0.010403,0.010403,0.000000,0.000000,0.010403,0.008055
2869.585519,real,0.010403,0.010403,0.000000,0.000000,0.010403,0.008055
2869.590500,real,0.010403,0.010403,0.000000,0.000000,0.010403,0.008055
2869.595879,real,0.010403,0.010403,0.000000,0.000000,0.010403,0.008055
2869.600474,real,0.010403,0.010403,0.000000,0.000000,0.010403,0.008055
2869.605109,real,0.010403,0.010403,0.000000,0.000000,0.010403,0.008055
2869.610386,real,0.010403,0.010403,0.000000,0.000000,0.010403,0.008055
2869.615483,real,0.010403,0.010403,0.000000,0.000000,0.010403,0.008055
2869.620490,real,0.010403,0.010403,0.000000,0.000000,0.010403,0.008055
2869.625399,real,0.010403,0.010403,0.000000,0.000000,0.010403,0.008055
2869.630165,real,0.010403,0.010403,0.000000,0.000000,0.010403,0.008055
2869.635130,real,0.010403,0.010403,0.000000,0.000000,0.010403,0.008055
2869.640201,real,0.010403,0.010403,0.000000,0.000000,0.010403,0.008055
2869.645201,real,0.010403,0.010403,0.000000,0.000000,0.010403,0.008055
2869.650380,real,0.010403,0.010403,0.000000,0.000000,0.010403,0.008055
2869.655278,real,0.010403,0.010403,0.000000,0.000000,0.010403,0.008055
2869.660745,real,0.010403,0.010403,0.000000,0.000000,0.010403,0.008055
2869.664720,real,0.010403,0.010403,0.000000,0.000000,0.010403,0.008055
2869.669915,real,0.010403,0.010403,0.000000,0.000000,0.010403,0.008055
2869.674828,real,0.010403,0.010403,0.000000,0.000000,0.010403,0.008055
2869.680065,real,0.010403,0.010403,0.000000,0.000000,0.010403,0.008055
2869.684880,real,0.010403,0.010403,0.000000,0.000000,0.010403,0.008055
2869.689772,real,0.010403,0.010403,0.000000,0.000000,0.010403,0.008055
2869.694794,real,0.010403,0.010403,0.000000,0.000000,0.010403,0.008055
2869.699585,real,0.010403,0.010403,0.000000,0.000000,0.010403,0.008055
2869.704554,real,0.010403,0.010403,0.000000,0.000000,0.010403,0.008055
2869.709441,real,0.010403,0.010403,0.000000,0.000000,0.010403,0.008055
2869.714565,real,0.010403,0.010403,0.000000,0.000000,0.010403,0.008055
2869.760341,real,0.010403,0.010403,0.000000,0.000000,0.010403,0.008055
2869.860197,real,0.010403,0.010403,0.000000,0.000000,0.010403,0.008055
2869.919709,real,0.010403,0.010403,0.000000,0.000000,0.010403,0.008055
2869.924245,real,0.010403,0.010403,0.000000,0.000000,0.010403,0.008055
2869.929120,real,0.010403,0.010403,0.000000,0.000000,0.010403,0.008055
2869.934143,real,0.010403,0.010403,0.000000,0.000000,0.010403,0.008055
2869.939096,real,0.010403,0.010403,0.000000,0.000000,0.010403,0.008055
2869.944207,real,0.010403,0.010403,0.000000,0.000000,0.010403,0.024166
2869.948931,real,0.031208,0.010403,0.000000,0.000000,0.010403,0.032221
2869.954072,real,0.052013,0.010403,0.000000,0.000000,0.010403,0.048332
2869.960137,real,0.083221,0.010403,0.000000,0.000000,0.010403,0.064443
2869.960415,real,0.083221,0.010403,0.000000,0.000000,0.010403,0.064443
2869.964074,real,0.093624,0.010403,0.000000,0.000000,0.010403,0.080554
2869.968903,real,0.114429,0.010403,0.000000,0.000000,0.010403,0.096664
2869.974181,real,0.135234,0.010403,0.000000,0.000000,0.010403,0.104720
2869.979622,real,0.156039,0.010403,0.000000,0.000000,0.010403,0.128886
2869.984019,real,0.187247,0.010403,0.000000,0.000000,0.010403,0.144997
2869.988961,real,0.197650,0.010403,0.000000,0.000000,0.010403,0.153052
2869.993981,real,0.218455,0.010403,0.000000,0.000000,0.010403,0.169163
2869.998990,real,0.239260,0.010403,0.000000,0.000000,0.010403,0.169163
2870.004027,real,0.260066,0.010403,0.000000,0.000000,0.010403,0.177218
2870.008956,real,0.291273,0.010403,0.000000,0.000000,0.010403,0.185273
2870.014263,real,0.301676,0.010403,0.000000,0.000000,0.010403,0.185273
2870.019494,real,0.322481,0.010403,0.000000,0.000000,0.010403,0.185273
2870.024531,real,0.343287,0.010403,0.000000,0.000000,0.010403,0.185273
2870.029320,real,0.364092,0.010403,0.000000,0.000000,0.010403,0.185273
2870.034501,real,0.374494,0.010403,0.000000,0.000000,0.010403,0.185273
2870.039580,real,0.405702,0.010403,0.000000,0.000000,0.010403,0.185273
2870.044390,real,0.426508,0.010403,0.000000,0.000000,0.010403,0.185273
2870.049344,real,0.447313,0.031208,0.000000,0.000000,0.010403,0.185273
2870.054224,real,0.468118,0.031208,0.000000,0.000000,0.031208,0.185273
2870.067948,real,0.478521,0.031208,0.000000,0.000000,0.031208,0.185273
2870.068390,real,0.488923,0.031208,0.000000,0.000000,0.031208,0.185273
2870.068616,real,0.499326,0.052013,0.000000,0.000000,0.031208,0.185273
2870.069549,real,0.520131,0.072818,0.000000,0.000000,0.052013,0.185273
2870.074201,real,0.551339,0.083221,0.000000,0.000000,0.062416,0.185273
2870.079484,real,0.561742,0.093624,0.000000,0.000000,0.093624,0.185273
2870.084706,real,0.572144,0.124831,0.000000,0.000000,0.093624,0.185273
2870.089521,real,0.603352,0.135234,0.000000,0.000000,0.124831,0.185273
2870.094369,real,0.624157,0.145637,0.000000,0.000000,0.135234,0.185273
2870.099725,real,0.634560,0.166442,0.000000,0.000000,0.135234,0.185273
2870.104160,real,0.665768,0.176845,0.020805,0.010403,0.156039,0.185273
2870.108986,real,0.676171,0.197650,0.020805,0.010403,0.156039,0.185273
2870.114774,real,0.707378,0.208052,0.020805,0.010403,0.187247,0.185273
2870.120067,real,0.717781,0.218455,0.052013,0.041610,0.208052,0.185273
2870.124618,real,0.728184,0.239260,0.062416,0.062416,0.218455,0.185273
2870.129248,real,0.759392,0.249663,0.083221,0.072818,0.239260,0.185273
2870.134576,real,0.769794,0.280871,0.093624,0.083221,0.249663,0.185273
2870.139872,real,0.801002,0.291273,0.104026,0.104026,0.260066,0.185273
2870.144993,real,0.811405,0.301676,0.124831,0.114429,0.280871,0.185273
2870.149488,real,0.832210,0.322481,0.135234,0.135234,0.291273,0.185273
2870.154367,real,0.853015,0.332884,0.156039,0.135234,0.312079,0.185273
2870.159554,real,0.863418,0.343287,0.166442,0.156039,0.322481,0.177218
2870.164303,real,0.884223,0.364092,0.176845,0.176845,0.332884,0.177218
2870.169138,real,0.905028,0.374494,0.197650,0.187247,0.353689,0.177218
2870.174496,real,0.915431,0.395300,0.208052,0.208052,0.364092,0.177218
2870.179776,real,0.946639,0.405702,0.218455,0.218455,0.374494,0.177218
2870.184447,real,0.957041,0.416105,0.239260,0.228858,0.405702,0.177218
2870.189108,real,0.967444,0.447313,0.249663,0.249663,0.416105,0.177218
2870.193840,real,0.998652,0.457715,0.270468,0.260066,0.436910,0.177218
2870.199498,real,1.009055,0.468118,0.280871,0.270468,0.447313,0.177218
2870.204235,real,1.019457,0.468118,0.291273,0.291273,0.457715,0.177218
2870.209216,real,1.019457,0.499326,0.312079,0.301676,0.478521,0.177218
2870.214549,real,1.019457,0.520131,0.322481,0.322481,0.488923,0.177218
2870.218970,real,1.019457,0.530534,0.343287,0.332884,0.499326,0.177218
2870.224019,real,1.019457,0.540936,0.353689,0.343287,0.520131,0.177218
2870.229066,real,1.019457,0.561742,0.364092,0.364092,0.530534,0.177218
2870.233869,real,1.019457,0.572144,0.384897,0.374494,0.551339,0.177218
2870.239092,real,1.019457,0.592950,0.395300,0.395300,0.561742,0.177218
2870.244122,real,1.019457,0.603352,0.405702,0.405702,0.572144,0.177218
2870.248998,real,1.019457,0.613755,0.436910,0.416105,0.592950,0.177218
2870.253767,real,1.019457,0.634560,0.447313,0.436910,0.603352,0.177218
2870.259430,real,1.019457,0.644963,0.457715,0.447313,0.624157,0.177218
2870.259777,real,1.019457,0.644963,0.457715,0.447313,0.624157,0.177218
2870.264257,real,1.019457,0.676171,0.457715,0.457715,0.634560,0.177218
2870.269306,real,1.019457,0.686573,0.457715,0.478521,0.644963,0.177218
2870.273830,real,1.019457,0.686573,0.499326,0.488923,0.655365,0.177218
2870.279251,real,1.019457,0.707378,0.509729,0.509729,0.676171,0.177218
2870.284096,real,1.019457,0.717781,0.530534,0.520131,0.686573,0.177218
2870.288679,real,1.019457,0.728184,0.540936,0.530534,0.707378,0.177218
2870.293933,real,1.019457,0.748989,0.551339,0.551339,0.707378,0.177218
2870.299215,real,1.019457,0.759392,0.572144,0.561742,0.738586,0.177218
2870.304068,real,1.019457,0.790599,0.592950,0.582547,0.748989,0.177218
2870.308768,real,1.019457,0.801002,0.603352,0.592950,0.759392,0.177218
2870.313752,real,1.019457,0.811405,0.624157,0.603352,0.780197,0.177218
2870.318902,real,1.019457,0.821807,0.624157,0.624157,0.790599,0.177218
2870.324204,real,1.019457,0.842613,0.624157,0.634560,0.811405,0.177218
2870.328930,real,1.019457,0.853015,0.655365,0.644963,0.821807,0.177218
2870.333983,real,1.019457,0.873820,0.665768,0.665768,0.832210,0.177218
2870.338773,real,1.019457,0.884223,0.686573,0.676171,0.853015,0.177218
2870.344172,real,1.019457,0.905028,0.696976,0.696976,0.863418,0.177218
2870.350639,real,1.019457,0.915431,0.728184,0.707378,0.863418,0.177218
2870.354225,real,1.019457,0.925834,0.738586,0.717781,0.894626,0.177218
2870.359644,real,1.019457,0.946639,0.748989,0.738586,0.905028,0.177218
2870.362692,real,1.019457,0.946639,0.759392,0.738586,0.905028,0.177218
2870.364417,real,1.019457,0.946639,0.759392,0.748989,0.925834,0.177218
2870.368967,real,1.019457,0.977847,0.780197,0.769794,0.936236,0.177218
2870.373633,real,1.019457,0.988249,0.790599,0.780197,0.936236,0.177218
2870.378781,real,1.019457,0.998652,0.811405,0.790599,0.967444,0.177218
2870.383831,real,1.019457,1.009055,0.821807,0.811405,0.977847,0.177218
2870.388692,real,1.019457,1.029860,0.842613,0.821807,0.998652,0.177218
2870.394029,real,1.019457,1.040262,0.853015,0.832210,1.009055,0.177218
2870.398807,real,1.019457,1.061068,0.863418,0.853015,1.009055,0.177218
2870.403719,real,1.019457,1.071470,0.884223,0.863418,1.040262,0.177218
