t_mono_s,source,Thumb_rad,Index_rad,Middle_rad,Ring_rad,Little_rad,Rotate_rad
2473.417269,sim,0.080002,0.120002,0.120002,0.120002,0.120002,0.008057
2473.417900,sim,0.079999,0.119999,0.119999,0.119999,0.119999,0.008054
2473.418140,sim,0.080002,0.120002,0.120002,0.120002,0.120002,0.008057
2473.418336,sim,0.079999,0.119999,0.119999,0.119999,0.119999,0.008054
2473.418605,sim,0.080002,0.120002,0.120002,0.120002,0.120002,0.008057
2473.418769,sim,0.079999,0.119999,0.119999,0.119999,0.119999,0.008054
2473.418945,sim,0.080002,0.120002,0.120002,0.120002,0.120002,0.008057
2473.419119,sim,0.079999,0.119999,0.119999,0.119999,0.119999,0.008054
2473.419287,sim,0.080002,0.120002,0.120002,0.120002,0.120002,0.008057
2473.419482,sim,0.079999,0.119999,0.119999,0.119999,0.119999,0.008054
2473.419657,sim,0.080002,0.120002,0.120002,0.120002,0.120002,0.008057
2473.419868,sim,0.079999,0.119999,0.119999,0.119999,0.119999,0.008054
2473.420068,sim,0.080002,0.120002,0.120002,0.120002,0.120002,0.008057
2473.420252,sim,0.079999,0.119999,0.119999,0.119999,0.119999,0.008054
2473.420468,sim,0.080002,0.120002,0.120002,0.120002,0.120002,0.008057
2473.420652,sim,0.079999,0.119999,0.119999,0.119999,0.119999,0.008054
2473.420861,sim,0.080002,0.120002,0.120002,0.120002,0.120002,0.008057
2473.421060,sim,0.079999,0.119999,0.119999,0.119999,0.119999,0.008054
2473.421223,sim,0.080002,0.120002,0.120002,0.120002,0.120002,0.008057
2473.421394,sim,0.079999,0.119999,0.119999,0.119999,0.119999,0.008054
2473.421566,sim,0.080002,0.120002,0.120002,0.120002,0.120002,0.008057
2473.421754,sim,0.079999,0.119999,0.119999,0.119999,0.119999,0.008054
2473.422010,sim,0.080002,0.120002,0.120002,0.120002,0.120002,0.008057
2473.422159,sim,0.079999,0.119999,0.119999,0.119999,0.119999,0.008054
2473.422300,sim,0.080002,0.120002,0.120002,0.120002,0.120002,0.008057
2473.422510,sim,0.079999,0.119999,0.119999,0.119999,0.119999,0.008054
2473.422707,sim,0.080002,0.120002,0.120002,0.120002,0.120002,0.008057
2473.422854,sim,0.079999,0.119999,0.119999,0.119999,0.119999,0.008054
2473.422996,sim,0.080002,0.120002,0.120002,0.120002,0.120002,0.008057
2473.423142,sim,0.079999,0.119999,0.119999,0.119999,0.119999,0.008054
2473.423274,sim,0.080002,0.120002,0.120002,0.120002,0.120002,0.008057
2473.423424,sim,0.079999,0.119999,0.119999,0.119999,0.119999,0.008054
2473.423566,sim,0.080002,0.120002,0.120002,0.120002,0.120002,0.008057
2473.423721,sim,0.079999,0.119999,0.119999,0.119999,0.119999,0.008054
2473.423859,sim,0.080002,0.120002,0.120002,0.120002,0.120002,0.008057
2473.423992,sim,0.079999,0.119999,0.119999,0.119999,0.119999,0.008054
2473.424149,sim,0.080002,0.120002,0.120002,0.120002,0.120002,0.008057
2473.424285,sim,0.079999,0.119999,0.119999,0.119999,0.119999,0.008054
2473.424416,sim,0.080002,0.120002,0.120002,0.120002,0.120002,0.008057
2473.424561,sim,0.079999,0.119999,0.119999,0.119999,0.119999,0.008054
2473.424694,sim,0.080002,0.120002,0.120002,0.120002,0.120002,0.008057
2473.424831,sim,0.079999,0.119999,0.119999,0.119999,0.119999,0.008054
2473.424965,sim,0.080002,0.120002,0.120002,0.120002,0.120002,0.008057
2473.425128,sim,0.079999,0.119999,0.119999,0.119999,0.119999,0.008054
2473.425262,sim,0.080002,0.120002,0.120002,0.120002,0.120002,0.008057
2473.425392,sim,0.079999,0.119999,0.119999,0.119999,0.119999,0.008054
2473.425539,sim,0.080002,0.120002,0.120002,0.120002,0.120002,0.008057
2473.425681,sim,0.079999,0.119999,0.119999,0.119999,0.119999,0.008054
2473.425813,sim,0.080002,0.120002,0.120002,0.120002,0.120002,0.008057
2473.425947,sim,0.079999,0.119999,0.119999,0.119999,0.119999,0.008054
2473.426094,sim,0.080002,0.120002,0.120002,0.120002,0.120002,0.008057
2473.426233,sim,0.079998,0.119998,0.119998,0.119998,0.119998,0.008054
2473.426384,sim,0.080002,0.120002,0.120002,0.120002,0.120002,0.008057
2473.426605,sim,0.079999,0.119999,0.119999,0.119999,0.119999,0.008054
2473.426792,sim,0.080002,0.120002,0.120002,0.120002,0.120002,0.008057
2473.426980,sim,0.079999,0.119999,0.119999,0.119999,0.119999,0.008054
2473.427217,sim,0.080002,0.120002,0.120002,0.120002,0.120002,0.008057
2473.427437,sim,0.079999,0.119999,0.119999,0.119999,0.119999,0.008054
2473.427586,sim,0.080002,0.120002,0.120002,0.120002,0.120002,0.008057
2473.427721,sim,0.079999,0.119999,0.119999,0.119999,0.119999,0.008054
2473.427853,sim,0.080002,0.120002,0.120002,0.120002,0.120002,0.008057
2473.427989,sim,0.079999,0.119999,0.119999,0.119999,0.119999,0.008054
2473.428132,sim,0.080002,0.120002,0.120002,0.120002,0.120002,0.008057
2473.428265,sim,0.079999,0.119999,0.119999,0.119999,0.119999,0.008054
2473.428409,sim,0.080002,0.120002,0.120002,0.120002,0.120002,0.008057
2473.428541,sim,0.079999,0.119999,0.119999,0.119999,0.119999,0.008054
2473.428673,sim,0.080002,0.120002,0.120002,0.120002,0.120002,0.008057
2473.428812,sim,0.079999,0.119999,0.119999,0.119999,0.119999,0.008054
2473.428949,sim,0.080002,0.120002,0.120002,0.120002,0.120002,0.008057
2473.429168,sim,0.079999,0.119999,0.119999,0.119999,0.119999,0.008054
2473.429362,sim,0.080002,0.120002,0.120002,0.120002,0.120002,0.008057
2473.429536,sim,0.079999,0.119999,0.119999,0.119999,0.119999,0.008054
2473.429707,sim,0.080002,0.120002,0.120002,0.120002,0.120002,0.008057
2473.429876,sim,0.079999,0.119999,0.119999,0.119999,0.119999,0.008054
2473.430066,sim,0.080002,0.120002,0.120002,0.120002,0.120002,0.008057
2473.430235,sim,0.079999,0.119999,0.119999,0.119999,0.119999,0.008054
2473.430437,sim,0.080002,0.120002,0.120002,0.120002,0.120002,0.008057
2473.430665,sim,0.079999,0.119999,0.119999,0.119999,0.119999,0.008054
2473.430828,sim,0.080002,0.120002,0.120002,0.120002,0.120002,0.008057
2473.431065,sim,0.079999,0.119999,0.119999,0.119999,0.119999,0.008054
2473.431276,sim,0.080002,0.120002,0.120002,0.120002,0.120002,0.008057
2473.431569,sim,0.079999,0.119999,0.119999,0.119999,0.119999,0.008054
2473.431719,sim,0.080002,0.120002,0.120002,0.120002,0.120002,0.008057
2473.431864,sim,0.079999,0.119999,0.119999,0.119999,0.119999,0.008054
2473.432039,sim,0.080002,0.120002,0.120002,0.120002,0.120002,0.008057
2473.432212,sim,0.079999,0.119999,0.119999,0.119999,0.119999,0.008054
2473.432355,sim,0.080002,0.120002,0.120002,0.120002,0.120002,0.008057
2473.432493,sim,0.079999,0.119999,0.119999,0.119999,0.119999,0.008054
2473.432635,sim,0.080002,0.120002,0.120002,0.120002,0.120002,0.008057
2473.432778,sim,0.079999,0.119999,0.119999,0.119999,0.119999,0.008054
2473.432918,sim,0.080002,0.120002,0.120002,0.120002,0.120002,0.008057
2473.433066,sim,0.079999,0.119999,0.119999,0.119999,0.119999,0.008054
2473.433201,sim,0.080002,0.120002,0.120002,0.120002,0.120002,0.008057
2473.433337,sim,0.079999,0.119999,0.119999,0.119999,0.119999,0.008054
2473.433469,sim,0.080002,0.120002,0.120002,0.120002,0.120002,0.008057
2473.433604,sim,0.079999,0.119999,0.119999,0.119999,0.119999,0.008054
2473.433735,sim,0.080002,0.120002,0.120002,0.120002,0.120002,0.008057
2473.433978,sim,0.079999,0.119999,0.119999,0.119999,0.119999,0.008054
2473.434252,sim,0.080002,0.120002,0.120002,0.120002,0.120002,0.008057
2473.434499,sim,0.079999,0.119999,0.119999,0.119999,0.119999,0.008054
2473.434751,sim,0.080002,0.120002,0.120002,0.120002,0.120002,0.008057
2473.434987,sim,0.079999,0.119999,0.119999,0.119999,0.119999,0.008054
2473.435188,sim,0.080002,0.120002,0.120002,0.120002,0.120002,0.008057
2473.435354,sim,0.079999,0.119999,0.119999,0.119999,0.119999,0.008054
2473.435521,sim,0.080002,0.120002,0.120002,0.120002,0.120002,0.008057
2473.438590,sim,0.079999,0.119999,0.119999,0.119999,0.119999,0.008054
2473.442544,sim,0.080002,0.120002,0.120002,0.120002,0.120002,0.008057
2473.446560,sim,0.079999,0.119999,0.119999,0.119999,0.119999,0.008054
2473.450543,sim,0.080002,0.120002,0.120002,0.120002,0.120002,0.008057
2473.454519,sim,0.079999,0.119999,0.119999,0.119999,0.119999,0.008054
2473.458657,sim,0.080002,0.120002,0.120002,0.120002,0.120002,0.008057
2473.462586,sim,0.079999,0.119999,0.119999,0.119999,0.119999,0.008054
2473.466583,sim,0.080002,0.120002,0.120002,0.120002,0.120002,0.008057
2473.470554,sim,0.079999,0.119999,0.119999,0.119999,0.119999,0.008054
2473.474565,sim,0.080002,0.120002,0.120002,0.120002,0.120002,0.008057
2473.478797,sim,0.079999,0.119999,0.119999,0.119999,0.119999,0.008054
2473.482535,sim,0.080002,0.120002,0.120002,0.120002,0.120002,0.008057
2473.486511,sim,0.079999,0.119999,0.119999,0.119999,0.119999,0.008054
2473.490505,sim,0.080002,0.120002,0.120002,0.120002,0.120002,0.008057
2473.494566,sim,0.079999,0.119999,0.119999,0.119999,0.119999,0.008054
2473.498640,sim,0.080002,0.120002,0.120002,0.120002,0.120002,0.008057
2473.502701,sim,0.079999,0.119999,0.119999,0.119999,0.119999,0.008054
2473.507460,sim,0.080002,0.120002,0.120002,0.120002,0.120002,0.008057
2473.511118,sim,0.079999,0.119999,0.119999,0.119999,0.119999,0.008054
2473.514931,sim,0.080002,0.120002,0.120002,0.120002,0.120002,0.008057
2473.518799,sim,0.079999,0.119999,0.119999,0.119999,0.119999,0.008054
2473.522764,sim,0.080002,0.120002,0.120002,0.120002,0.120002,0.008057
2473.526726,sim,0.079999,0.119999,0.119999,0.119999,0.119999,0.008054
2473.530669,sim,0.080002,0.120002,0.120002,0.120002,0.120002,0.008057
2473.534519,sim,0.079999,0.119999,0.119999,0.119999,0.119999,0.008054
2473.538727,sim,0.080002,0.120002,0.120002,0.120002,0.120002,0.008057
2473.542694,sim,0.079999,0.119999,0.119999,0.119999,0.119999,0.008054
2473.546542,sim,0.080002,0.120002,0.120002,0.120002,0.120002,0.008057
2473.550547,sim,0.079999,0.119999,0.119999,0.119999,0.119999,0.008054
2473.554607,sim,0.080002,0.120002,0.120002,0.120002,0.120002,0.008057
2473.558749,sim,0.079999,0.119999,0.119999,0.119999,0.119999,0.008054
2473.562630,sim,0.080002,0.120002,0.120002,0.120002,0.120002,0.008057
2473.566687,sim,0.079999,0.119999,0.119999,0.119999,0.119999,0.008054
2473.570564,sim,0.080002,0.120002,0.120002,0.120002,0.120002,0.008057
2473.574648,sim,0.079999,0.119999,0.119999,0.119999,0.119999,0.008054
2473.578928,sim,0.080002,0.120002,0.120002,0.120002,0.120002,0.008057
2473.582592,sim,0.079999,0.119999,0.119999,0.119999,0.119999,0.008054
2473.586612,sim,0.080002,0.120002,0.120002,0.120002,0.120002,0.008057
2473.590693,sim,0.079999,0.119999,0.119999,0.119999,0.119999,0.008054
2473.594602,sim,0.080002,0.120002,0.120002,0.120002,0.120002,0.008057
2473.598651,sim,0.079999,0.119999,0.119999,0.119999,0.119999,0.008054
2473.602649,sim,0.080002,0.120002,0.120002,0.120002,0.120002,0.008057
2473.606568,sim,0.079999,0.119999,0.119999,0.119999,0.119999,0.008054
2473.610612,sim,0.080002,0.120002,0.120002,0.120002,0.120002,0.008057
2473.614642,sim,0.079999,0.119999,0.119999,0.119999,0.119999,0.008054
2473.618754,sim,0.080002,0.120002,0.120002,0.120002,0.120002,0.008057
2473.622714,sim,0.079999,0.119999,0.119999,0.119999,0.119999,0.008054
2473.627410,sim,0.080002,0.120002,0.120002,0.120002,0.120002,0.008057
2473.630569,sim,0.079999,0.119999,0.119999,0.119999,0.119999,0.008054
2473.635337,sim,0.080002,0.120002,0.120002,0.120002,0.120002,0.008057
2473.638825,sim,0.079999,0.119999,0.119999,0.119999,0.119999,0.008054
2473.642729,sim,0.080002,0.120002,0.120002,0.120002,0.120002,0.008057
2473.646656,sim,0.079999,0.119999,0.119999,0.119999,0.119999,0.008054
2473.650568,sim,0.080002,0.120002,0.120002,0.120002,0.120002,0.008057
2473.654567,sim,0.079999,0.119999,0.119999,0.119999,0.119999,0.008054
2473.658740,sim,0.080002,0.120002,0.120002,0.120002,0.120002,0.008057
2473.662741,sim,0.079999,0.119999,0.119999,0.119999,0.119999,0.008054
2473.666629,sim,0.080002,0.120002,0.120002,0.120002,0.120002,0.008057
2473.670600,sim,0.079999,0.119999,0.119999,0.119999,0.119999,0.008054
2473.674691,sim,0.080002,0.120002,0.120002,0.120002,0.120002,0.008057
2473.680531,sim,0.079999,0.119999,0.119999,0.119999,0.119999,0.008054
2473.682705,sim,0.080002,0.120002,0.120002,0.120002,0.120002,0.008057
2473.686901,sim,0.079999,0.119999,0.119999,0.119999,0.119999,0.008054
2473.690642,sim,0.080002,0.120002,0.120002,0.120002,0.120002,0.008057
2473.694622,sim,0.079999,0.119999,0.119999,0.119999,0.119999,0.008054
2473.698690,sim,0.080002,0.120002,0.120002,0.120002,0.120002,0.008057
2473.702658,sim,0.079999,0.119999,0.119999,0.119999,0.119999,0.008054
2473.706593,sim,0.080002,0.120002,0.120002,0.120002,0.120002,0.008057
2473.710834,sim,0.079999,0.119999,0.119999,0.119999,0.119999,0.008054
2473.714658,sim,0.080002,0.120002,0.120002,0.120002,0.120002,0.008057
2473.718760,sim,0.079999,0.119999,0.119999,0.119999,0.119999,0.008054
2473.722618,sim,0.080002,0.120002,0.120002,0.120002,0.120002,0.008057
2473.726550,sim,0.079999,0.119999,0.119999,0.119999,0.119999,0.008054
2473.730936,sim,0.080002,0.120002,0.120002,0.120002,0.120002,0.008057
2473.734641,sim,0.079999,0.119999,0.119999,0.119999,0.119999,0.012350
2473.738719,sim,0.080002,0.120002,0.120002,0.120002,0.120002,0.012353
2473.742514,sim,0.079999,0.119999,0.119999,0.119999,0.119999,0.012350
2473.746566,sim,0.080002,0.120002,0.120002,0.120002,0.120002,0.012354
2473.750685,sim,0.079999,0.119999,0.119999,0.119999,0.119999,0.012350
2473.754679,sim,0.080002,0.120002,0.120002,0.120002,0.120002,0.023595
2473.758765,sim,0.079999,0.119999,0.119999,0.119999,0.119999,0.023592
2473.762650,sim,0.080002,0.120002,0.120002,0.120002,0.120002,0.023595
2473.766631,sim,0.079999,0.119999,0.119999,0.119999,0.119999,0.023592
2473.771082,sim,0.080002,0.120002,0.120002,0.120002,0.120002,0.023595
2473.774660,sim,0.079999,0.119999,0.119999,0.119999,0.119999,0.041927
2473.778847,sim,0.080002,0.120002,0.120002,0.120002,0.120002,0.041930
2473.782641,sim,0.079999,0.119999,0.119999,0.119999,0.119999,0.041927
2473.786743,sim,0.080002,0.120002,0.120002,0.120002,0.120002,0.041930
2473.790676,sim,0.079999,0.119999,0.119999,0.119999,0.119999,0.058892
2473.794662,sim,0.080002,0.120002,0.120002,0.120002,0.120002,0.058895
2473.798796,sim,0.079999,0.119999,0.119999,0.119999,0.119999,0.058892
2473.802625,sim,0.080002,0.120002,0.120002,0.120002,0.120002,0.058895
2473.806547,sim,0.079999,0.119999,0.119999,0.119999,0.119999,0.058892
2473.810824,sim,0.080002,0.120002,0.120002,0.120002,0.120002,0.058895
2473.814704,sim,0.095524,0.119999,0.119999,0.119999,0.119999,0.075742
2473.818904,sim,0.095527,0.120002,0.120002,0.120002,0.120002,0.075745
2473.822670,sim,0.095524,0.119999,0.119999,0.119999,0.119999,0.075743
2473.826737,sim,0.095527,0.120002,0.120002,0.120002,0.120002,0.075745
2473.830757,sim,0.095524,0.119999,0.119999,0.119999,0.119999,0.075742
2473.834741,sim,0.128562,0.120002,0.120002,0.120002,0.120002,0.090349
2473.838773,sim,0.128559,0.119999,0.119999,0.119999,0.119999,0.090346
2473.842709,sim,0.128562,0.120001,0.120001,0.120001,0.120001,0.090349
2473.846640,sim,0.128559,0.119999,0.119999,0.119999,0.119999,0.090347
2473.851075,sim,0.128562,0.120002,0.120002,0.120002,0.120002,0.090349
2473.854646,sim,0.165511,0.119999,0.119999,0.119999,0.119999,0.101929
2473.858845,sim,0.165514,0.120002,0.120002,0.120002,0.120002,0.101932
2473.862716,sim,0.165511,0.119999,0.119999,0.119999,0.119999,0.101929
2473.866660,sim,0.165514,0.120002,0.120002,0.120002,0.120002,0.101932
2473.870668,sim,0.165511,0.119999,0.119999,0.119999,0.119999,0.101929
2473.874700,sim,0.205862,0.120002,0.120002,0.120002,0.120002,0.111970
2473.878963,sim,0.205859,0.119999,0.119999,0.119999,0.119999,0.111968
2473.882687,sim,0.205861,0.120001,0.120001,0.120001,0.120001,0.111970
2473.886573,sim,0.205859,0.119999,0.119999,0.119999,0.119999,0.111968
2473.890768,sim,0.205862,0.120002,0.120002,0.120002,0.120001,0.111970
2473.894710,sim,0.205859,0.119999,0.119999,0.119999,0.119999,0.111968
2473.898820,sim,0.205861,0.120001,0.120001,0.120001,0.120001,0.111970
2473.902675,sim,0.205859,0.119999,0.119999,0.119999,0.119999,0.111968
2473.906826,sim,0.205862,0.120001,0.120001,0.120001,0.120001,0.111970
2473.911124,sim,0.205859,0.119999,0.119999,0.119999,0.119999,0.111967
2473.914791,sim,0.257474,0.120001,0.120001,0.120002,0.120001,0.120670
2473.918747,sim,0.257471,0.119999,0.119999,0.119999,0.119999,0.120667
2473.922694,sim,0.257474,0.120001,0.120002,0.120002,0.120001,0.120670
2473.926763,sim,0.257471,0.119999,0.119999,0.119999,0.119999,0.120667
2473.930801,sim,0.257473,0.120001,0.120001,0.120001,0.120001,0.120670
2473.934646,sim,0.309137,0.148821,0.119999,0.119999,0.141015,0.128208
2473.938946,sim,0.309138,0.148823,0.120001,0.120001,0.141016,0.128209
2473.942795,sim,0.309137,0.148822,0.120000,0.120000,0.141015,0.128208
2473.946792,sim,0.309138,0.148823,0.120001,0.120001,0.141016,0.128209
2473.950754,sim,0.309137,0.148822,0.120000,0.120000,0.141015,0.128208
2473.954768,sim,0.363624,0.191396,0.120001,0.120001,0.184630,0.134744
2473.958900,sim,0.363623,0.191394,0.119999,0.119999,0.184629,0.134743
2473.962814,sim,0.363624,0.191396,0.120001,0.120001,0.184630,0.134744
2473.966673,sim,0.363623,0.191394,0.119999,0.119999,0.184629,0.134743
2473.970769,sim,0.363624,0.191396,0.120001,0.120001,0.184630,0.134744
2473.974817,sim,0.419166,0.236613,0.120000,0.137079,0.229362,0.140406
2473.978857,sim,0.419167,0.236614,0.120000,0.137080,0.229363,0.140407
2473.982656,sim,0.419166,0.236613,0.120000,0.137079,0.229363,0.140406
2473.986690,sim,0.419167,0.236614,0.120000,0.137080,0.229363,0.140407
2473.990880,sim,0.419166,0.236613,0.120000,0.137079,0.229363,0.140406
2473.994674,sim,0.474239,0.282738,0.120000,0.172896,0.276454,0.145315
2473.999174,sim,0.474239,0.282738,0.120000,0.172896,0.276454,0.145315
2474.002710,sim,0.474239,0.282738,0.120000,0.172896,0.276454,0.145315
2474.006723,sim,0.474239,0.282738,0.120000,0.172896,0.276454,0.145315
2474.010742,sim,0.474239,0.282738,0.120000,0.172896,0.276454,0.145315
2474.014616,sim,0.530290,0.331034,0.123252,0.212259,0.322814,0.149568
2474.018769,sim,0.530290,0.331035,0.123253,0.212259,0.322815,0.149568
2474.022700,sim,0.530290,0.331035,0.123253,0.212259,0.322815,0.149568
2474.026642,sim,0.530290,0.331035,0.123253,0.212259,0.322815,0.149568
2474.030757,sim,0.530290,0.331035,0.123253,0.212259,0.322815,0.149568
2474.034663,sim,0.587191,0.379827,0.158138,0.254695,0.371316,0.153255
2474.038862,sim,0.587191,0.379827,0.158138,0.254695,0.371316,0.153255
2474.042658,sim,0.587191,0.379827,0.158138,0.254695,0.371316,0.153255
2474.046596,sim,0.587191,0.379827,0.158138,0.254695,0.371316,0.153255
2474.050693,sim,0.587191,0.379827,0.158138,0.254695,0.371316,0.153255
2474.054788,sim,0.587191,0.379827,0.158138,0.254695,0.371316,0.153255
2474.058888,sim,0.644826,0.430435,0.196695,0.299796,0.421672,0.156450
2474.062697,sim,0.644826,0.430435,0.196695,0.299796,0.421672,0.156450
2474.066747,sim,0.644826,0.430435,0.196695,0.299796,0.421672,0.156450
2474.070752,sim,0.644826,0.430435,0.196695,0.299796,0.421672,0.156450
2474.074768,sim,0.696164,0.482618,0.235659,0.344431,0.472249,0.159219
2474.078816,sim,0.696164,0.482618,0.235659,0.344431,0.472249,0.159219
2474.082686,sim,0.696164,0.482618,0.235659,0.344431,0.472249,0.159219
2474.086664,sim,0.696164,0.482618,0.235659,0.344431,0.472249,0.159219
2474.090639,sim,0.696164,0.482618,0.235659,0.344431,0.472249,0.159219
2474.094765,sim,0.696164,0.482618,0.235659,0.344431,0.472249,0.159219
2474.098938,sim,0.740657,0.536166,0.276363,0.390050,0.525792,0.161619
2474.102795,sim,0.740657,0.536166,0.276363,0.390050,0.525792,0.161619
2474.106695,sim,0.740657,0.536166,0.276363,0.390050,0.525792,0.161619
2474.110729,sim,0.740657,0.536166,0.276363,0.390050,0.525792,0.161619
2474.114790,sim,0.740657,0.536166,0.276363,0.390050,0.525792,0.161619
2474.118890,sim,0.779217,0.589508,0.319961,0.437909,0.580518,0.163699
2474.122812,sim,0.779217,0.589508,0.319961,0.437909,0.580518,0.163699
2474.126677,sim,0.779217,0.589508,0.319961,0.437909,0.580518,0.163699
2474.130702,sim,0.779217,0.589508,0.319961,0.437909,0.580518,0.163699
2474.134850,sim,0.779217,0.589508,0.319961,0.437909,0.580518,0.163699
2474.138966,sim,0.812636,0.644061,0.364682,0.487708,0.633495,0.165501
2474.143037,sim,0.812636,0.644061,0.364682,0.487708,0.633495,0.165501
2474.146757,sim,0.812636,0.644061,0.364682,0.487708,0.633495,0.165501
2474.150820,sim,0.812636,0.644061,0.364682,0.487708,0.633495,0.165501
2474.154841,sim,0.812636,0.644061,0.364682,0.487708,0.633495,0.165501
2474.158837,sim,0.841599,0.698275,0.410375,0.535029,0.686344,0.167064
2474.162807,sim,0.841599,0.698275,0.410375,0.535029,0.686344,0.167064
2474.166711,sim,0.841599,0.698275,0.410375,0.535029,0.686344,0.167064
2474.170851,sim,0.841599,0.698275,0.410375,0.535029,0.686344,0.167064
2474.174709,sim,0.841599,0.698275,0.410375,0.535029,0.686344,0.167064
2474.179142,sim,0.866701,0.753582,0.456910,0.584362,0.739081,0.168418
2474.182781,sim,0.866701,0.753582,0.456910,0.584362,0.739081,0.168418
2474.186911,sim,0.866701,0.753582,0.456910,0.584362,0.739081,0.168418
2474.190763,sim,0.866701,0.753582,0.456910,0.584362,0.739081,0.168418
2474.194859,sim,0.888455,0.807063,0.504176,0.632666,0.784787,0.169591
2474.198936,sim,0.888455,0.807063,0.504176,0.632666,0.784787,0.169591
2474.202794,sim,0.888455,0.807063,0.504176,0.632666,0.784787,0.169591
2474.206676,sim,0.888455,0.807063,0.504176,0.632666,0.784787,0.169591
2474.210787,sim,0.888455,0.807063,0.504176,0.632666,0.784787,0.169591
2474.214847,sim,0.888455,0.807063,0.504176,0.632666,0.784787,0.169591
2474.219044,sim,0.907309,0.856188,0.553462,0.684238,0.824398,0.170608
2474.222660,sim,0.907309,0.856188,0.553462,0.684238,0.824398,0.170608
2474.226700,sim,0.907309,0.856188,0.553462,0.684238,0.824398,0.170608
2474.230825,sim,0.907309,0.856188,0.553462,0.684238,0.824398,0.170608
2474.234895,sim,0.907309,0.856188,0.553462,0.684238,0.824398,0.170608
2474.238839,sim,0.923649,0.898762,0.603112,0.735869,0.858728,0.171489
2474.242898,sim,0.923649,0.898762,0.603112,0.735869,0.858728,0.171489
2474.246817,sim,0.923649,0.898762,0.603112,0.735869,0.858728,0.171489
2474.250838,sim,0.923649,0.898762,0.603112,0.735869,0.858728,0.171489
2474.255058,sim,0.923649,0.898762,0.603112,0.735869,0.858728,0.171489
2474.259031,sim,0.937811,0.935660,0.650302,0.788938,0.888481,0.172253
2474.262779,sim,0.937811,0.935660,0.650302,0.788938,0.888481,0.172253
2474.266711,sim,0.937811,0.935660,0.650302,0.788938,0.888481,0.172253
2474.270674,sim,0.937811,0.935660,0.650302,0.788938,0.888481,0.172253
2474.275047,sim,0.937811,0.935660,0.650302,0.788938,0.888481,0.172253
2474.278954,sim,0.950084,0.967638,0.700910,0.839092,0.914266,0.172915
2474.282816,sim,0.950084,0.967638,0.700910,0.839092,0.914266,0.172915
2474.286753,sim,0.950084,0.967638,0.700910,0.839092,0.914266,0.172915
2474.290799,sim,0.950084,0.967638,0.700910,0.839092,0.914266,0.172915
2474.294812,sim,0.950084,0.967638,0.700910,0.839092,0.914266,0.172915
2474.299040,sim,0.960721,0.995353,0.751705,0.882559,0.936614,0.173489
2474.302746,sim,0.960721,0.995353,0.751705,0.882559,0.936614,0.173489
2474.306784,sim,0.960721,0.995353,0.751705,0.882559,0.936614,0.173489
2474.310790,sim,0.960721,0.995353,0.751705,0.882559,0.936614,0.173489
2474.314841,sim,0.960721,0.995353,0.751705,0.882559,0.936614,0.173489
2474.318879,sim,0.969940,1.000001,0.802663,0.920231,0.955982,0.173987
2474.322834,sim,0.969943,1.000003,0.802666,0.920234,0.955985,0.173989
2474.326845,sim,0.969941,1.000002,0.802664,0.920232,0.955984,0.173988
2474.330786,sim,0.969941,1.000002,0.802664,0.920232,0.955984,0.173988
2474.334971,sim,0.969941,1.000002,0.802664,0.920232,0.955984,0.173988
2474.338839,sim,0.977931,1.000002,0.853763,0.952881,0.972769,0.174419
2474.342778,sim,0.977930,1.000002,0.853762,0.952880,0.972769,0.174419
2474.346785,sim,0.977930,1.000002,0.853762,0.952880,0.972769,0.174419
2474.350688,sim,0.977930,1.000002,0.853762,0.952880,0.972769,0.174419
2474.355160,sim,0.977930,1.000002,0.853762,0.952880,0.972769,0.174419
2474.358943,sim,0.984855,1.000002,0.900822,0.981176,0.987317,0.174792
2474.362864,sim,0.984855,1.000002,0.900822,0.981176,0.987317,0.174792
2474.367130,sim,0.984855,1.000002,0.900822,0.981176,0.987317,0.174792
2474.370743,sim,0.984855,1.000002,0.900822,0.981176,0.987317,0.174792
2474.374952,sim,0.984855,1.000002,0.900822,0.981176,0.987317,0.174792
2474.379038,sim,0.990856,1.000002,0.941606,1.000002,0.999924,0.175116
2474.382777,sim,0.990854,1.000000,0.941605,1.000000,0.999923,0.175114
2474.386745,sim,0.990854,1.000001,0.941605,1.000001,0.999923,0.175115
2474.390754,sim,0.990856,1.000002,0.941607,1.000002,0.999925,0.175117
2474.394771,sim,0.990855,1.000001,0.941605,1.000001,0.999923,0.175115
2474.398870,sim,0.996056,1.000002,0.976953,1.000002,1.000002,0.175397
2474.402833,sim,0.996055,1.000000,0.976951,1.000000,1.000000,0.175395
2474.406872,sim,0.996055,1.000000,0.976951,1.000000,1.000000,0.175395
2474.410862,sim,0.996048,0.999993,0.976944,0.999993,0.999993,0.175388
2474.414822,sim,0.996058,1.000003,0.976954,1.000003,1.000003,0.175398
2474.419227,sim,0.996050,0.999996,0.976947,0.999996,0.999996,0.175391
2474.422896,sim,1.000002,1.000002,1.000002,1.000002,1.000002,0.175640
2474.426915,sim,0.999994,0.999994,0.999994,0.999994,0.999994,0.175632
2474.430920,sim,1.000000,1.000000,1.000000,1.000000,1.000000,0.175638
2474.434912,sim,0.999994,0.999994,0.999994,0.999994,0.999994,0.175632
2474.439039,sim,1.000001,1.000001,1.000001,1.000001,1.000001,0.175639
2474.442850,sim,0.999996,0.999996,0.999996,0.999996,0.999996,0.175844
2474.446866,sim,1.000001,1.000001,1.000001,1.000001,1.000001,0.175849
2474.450834,sim,0.999995,0.999995,0.999995,0.999995,0.999995,0.175843
2474.454828,sim,1.000001,1.000001,1.000001,1.000001,1.000001,0.175850
2474.458988,sim,0.999996,0.999996,0.999996,0.999996,0.999996,0.176027
2474.462846,sim,1.000000,1.000000,1.000000,1.000000,1.000000,0.176031
2474.466813,sim,0.999995,0.999995,0.999995,0.999995,0.999995,0.176026
2474.470806,sim,1.000002,1.000002,1.000002,1.000002,1.000002,0.176033
2474.474800,sim,0.999996,0.999996,0.999996,0.999996,0.999996,0.176027
2474.479119,sim,1.000001,1.000001,1.000001,1.000001,1.000001,0.176032
2474.482858,sim,0.999993,0.999993,0.999993,0.999993,0.999993,0.176183
2474.486808,sim,1.000002,1.000002,1.000002,1.000002,1.000002,0.176191
2474.490760,sim,0.999996,0.999996,0.999996,0.999996,0.999996,0.176185
2474.494743,sim,1.000001,1.000001,1.000001,1.000001,1.000001,0.176190
2474.499178,sim,0.999994,0.999994,0.999994,0.999994,0.999994,0.176184
2474.502863,sim,1.000001,1.000001,1.000001,1.000001,1.000001,0.176328
2474.506789,sim,0.999996,0.999996,0.999996,0.999996,0.999996,0.176322
2474.510748,sim,1.000001,1.000001,1.000001,1.000001,1.000001,0.176327
2474.514875,sim,0.999995,0.999995,0.999995,0.999995,0.999995,0.176321
2474.519333,sim,1.000001,1.000001,1.000001,1.000001,1.000001,0.176328
2474.522849,sim,0.999996,0.999996,0.999996,0.999996,0.999996,0.176441
2474.526816,sim,1.000001,1.000001,1.000001,1.000001,1.000001,0.176446
2474.530857,sim,0.999994,0.999994,0.999994,0.999994,0.999994,0.176440
2474.534817,sim,1.000001,1.000001,1.000001,1.000001,1.000001,0.176447
2474.539179,sim,0.999996,0.999996,0.999996,0.999996,0.999996,0.176441
2474.542814,sim,1.000001,1.000001,1.000001,1.000001,1.000001,0.176549
2474.546837,sim,0.999994,0.999994,0.999994,0.999994,0.999994,0.176543
2474.550804,sim,1.000002,1.000002,1.000002,1.000002,1.000002,0.176550
2474.554818,sim,0.999996,0.999996,0.999996,0.999996,0.999996,0.176544
2474.558896,sim,1.000000,1.000000,1.000000,1.000000,1.000000,0.176638
2474.562826,sim,0.999994,0.999994,0.999994,0.999994,0.999994,0.176721
2474.566869,sim,1.000001,1.000001,1.000001,1.000001,1.000001,0.176818
2474.570865,sim,0.999995,0.999995,0.999995,0.999995,0.999995,0.176901
2474.574841,sim,1.000000,1.000000,1.000000,1.000000,1.000000,0.176995
2474.579065,sim,0.999995,0.999995,0.999995,0.999995,0.999995,0.177079
2474.582850,sim,1.000002,1.000002,1.000002,1.000002,1.000002,0.177175
2474.587051,sim,0.999996,0.999996,0.999996,0.999996,0.999996,0.177214
2474.590890,sim,1.000001,1.000001,1.000001,1.000001,1.000001,0.177219
2474.594847,sim,0.999994,0.999994,0.999994,0.999994,0.999994,0.177212
2474.598925,sim,1.000001,1.000001,1.000001,1.000001,1.000001,0.177219
2474.602830,sim,0.999995,0.999995,0.999995,0.999995,0.999995,0.177213
2474.606839,sim,1.000001,1.000001,1.000001,1.000001,1.000001,0.177219
2474.610786,sim,0.999994,0.999994,0.999994,0.999994,0.999994,0.177212
2474.614860,sim,1.000002,1.000002,1.000002,1.000002,1.000002,0.177220
2474.619016,sim,0.999996,0.999996,0.999996,0.999996,0.999996,0.177214
2474.622857,sim,1.000001,1.000001,1.000001,1.000001,1.000001,0.177219
2474.626842,sim,0.999995,0.999995,0.999995,0.999995,0.999995,0.177213
2474.630972,sim,1.000001,1.000001,1.000001,1.000001,1.000001,0.177219
2474.634876,sim,0.999996,0.999996,0.999996,0.999996,0.999996,0.177214
2474.638917,sim,1.000001,1.000001,1.000001,1.000001,1.000001,0.177219
2474.642901,sim,0.999994,0.999994,0.999994,0.999994,0.999994,0.177212
2474.646901,sim,1.000002,1.000002,1.000002,1.000002,1.000002,0.177220
2474.650788,sim,0.999995,0.999995,0.999995,0.999995,0.999995,0.177213
2474.654855,sim,1.000000,1.000000,1.000000,1.000000,1.000000,0.177218
2474.658930,sim,0.999994,0.999994,0.999994,0.999994,0.999994,0.177212
2474.662879,sim,1.000001,1.000001,1.000001,1.000001,1.000001,0.177219
2474.666883,sim,0.999996,0.999996,0.999996,0.999996,0.999996,0.177214
2474.670841,sim,1.000001,1.000001,1.000001,1.000001,1.000001,0.177219
2474.674861,sim,0.999994,0.999994,0.999994,0.999994,0.999994,0.177212
2474.679136,sim,1.000002,1.000002,1.000002,1.000002,1.000002,0.177220
2474.682819,sim,0.999996,0.999996,0.999996,0.999996,0.999996,0.177214
2474.686809,sim,1.000000,1.000000,1.000000,1.000000,1.000000,0.177218
2474.690871,sim,0.999994,0.999994,0.999994,0.999994,0.999994,0.177212
2474.694894,sim,1.000002,1.000002,1.000002,1.000002,1.000002,0.177220
2474.698974,sim,0.999996,0.999996,0.999996,0.999996,0.999996,0.177214
2474.702859,sim,1.000000,1.000000,1.000000,1.000000,1.000000,0.177218
2474.706866,sim,0.999994,0.999994,0.999994,0.999994,0.999994,0.177212
2474.710951,sim,1.000001,1.000001,1.000001,1.000001,1.000001,0.177219
2474.714895,sim,0.999995,0.999995,0.999995,0.999995,0.999995,0.177213
2474.718942,sim,1.000000,1.000000,1.000000,1.000000,1.000000,0.177218
2474.722938,sim,0.999994,0.999994,0.999994,0.999994,0.999994,0.177212
2474.726948,sim,1.000001,1.000001,1.000001,1.000001,1.000001,0.177219
2474.730829,sim,0.999996,0.999996,0.999996,0.999996,0.999996,0.177214
2474.734856,sim,1.000001,1.000001,1.000001,1.000001,1.000001,0.177219
2474.738957,sim,0.999994,0.999994,0.999994,0.999994,0.999994,0.177212
2474.742867,sim,1.000002,1.000002,1.000002,1.000002,1.000002,0.177220
2474.746908,sim,0.999996,0.999996,0.999996,0.999996,0.999996,0.177214
2474.750845,sim,1.000001,1.000001,1.000001,1.000001,1.000001,0.177219
2474.754885,sim,0.999994,0.999994,0.999994,0.999994,0.999994,0.177212
2474.759057,sim,1.000001,1.000001,1.000001,1.000001,1.000001,0.177219
2474.762917,sim,0.999996,0.999996,0.999996,0.999996,0.999996,0.177214
2474.766866,sim,1.000001,1.000001,1.000001,1.000001,1.000001,0.177219
2474.770885,sim,0.999994,0.999994,0.999994,0.999994,0.999994,0.177212
2474.774863,sim,1.000001,1.000001,1.000001,1.000001,1.000001,0.177219
2474.779296,sim,0.999996,0.999996,0.999996,0.999996,0.999996,0.177214
2474.782937,sim,1.000000,1.000000,1.000000,1.000000,1.000000,0.177218
2474.786893,sim,0.999994,0.999994,0.999994,0.999994,0.999994,0.177212
2474.790877,sim,1.000001,1.000001,1.000001,1.000001,1.000001,0.177219
2474.794880,sim,0.999996,0.999996,0.999996,0.999996,0.999996,0.177214
2474.798910,sim,1.000001,1.000001,1.000001,1.000001,1.000001,0.177219
2474.803042,sim,0.999995,0.999995,0.999995,0.999995,0.999995,0.177213
2474.806925,sim,1.000001,1.000001,1.000001,1.000001,1.000001,0.177219
2474.810917,sim,0.999996,0.999996,0.999996,0.999996,0.999996,0.177214
2474.814957,sim,1.000000,1.000000,1.000000,1.000000,1.000000,0.177218
2474.819010,sim,0.999994,0.999994,0.999994,0.999994,0.999994,0.177212
2474.822973,sim,1.000002,1.000002,1.000002,1.000002,1.000002,0.177220
2474.826904,sim,0.999996,0.999996,0.999996,0.999996,0.999996,0.177214
2474.830846,sim,1.000000,1.000000,1.000000,1.000000,1.000000,0.177218
2474.834908,sim,0.999994,0.999994,0.999994,0.999994,0.999994,0.177212
2474.839270,sim,1.000002,1.000002,1.000002,1.000002,1.000002,0.177220
2474.842996,sim,0.999996,0.999996,0.999996,0.999996,0.999996,0.177214
2474.846976,sim,1.000001,1.000001,1.000001,1.000001,1.000001,0.177219
2474.851017,sim,0.999994,0.999994,0.999994,0.999994,0.999994,0.177212
2474.854914,sim,1.000002,1.000002,1.000002,1.000002,1.000002,0.177220
2474.859043,sim,0.999996,0.999996,0.999996,0.999996,0.999996,0.177214
2474.862968,sim,0.986464,1.000003,1.000003,1.000003,1.000003,0.177221
2474.866960,sim,0.986456,0.999995,0.999995,0.999995,0.999995,0.177213
2474.870916,sim,0.986465,1.000003,1.000003,1.000003,1.000003,0.177221
2474.874840,sim,0.986455,0.999994,0.999994,0.999994,0.999994,0.177212
2474.879034,sim,0.986464,1.000003,1.000003,1.000003,1.000003,0.177221
2474.882968,sim,0.986457,0.999995,0.999995,0.999995,0.999995,0.177213
2474.886896,sim,0.958963,1.000003,1.000003,1.000003,1.000003,0.170777
2474.890879,sim,0.958953,0.999994,0.999994,0.999994,0.999994,0.170767
2474.894821,sim,0.958963,1.000003,1.000003,1.000003,1.000003,0.170777
2474.899027,sim,0.958953,0.999994,0.999994,0.999994,0.999994,0.170768
2474.902995,sim,0.929580,1.000003,1.000003,1.000003,1.000003,0.158747
2474.906936,sim,0.929571,0.999994,0.999994,0.999994,0.999994,0.158738
2474.910922,sim,0.929579,1.000003,1.000003,1.000003,1.000003,0.158747
2474.915007,sim,0.929571,0.999994,0.999994,0.999994,0.999994,0.158739
2474.919155,sim,0.929580,1.000003,1.000003,1.000003,1.000003,0.158748
2474.922944,sim,0.895786,0.999997,0.999997,0.999997,0.986943,0.139724
2474.926941,sim,0.895792,1.000003,1.000003,1.000003,0.986949,0.139729
2474.931085,sim,0.895786,0.999997,0.999997,0.999997,0.986942,0.139723
2474.934966,sim,0.895792,1.000003,1.000003,1.000003,0.986949,0.139729
2474.939187,sim,0.895786,0.999997,0.999997,0.999997,0.986943,0.139724
2474.942938,sim,0.859574,1.000003,1.000003,1.000003,0.953834,0.121099
2474.947019,sim,0.859568,0.999997,0.999997,0.999997,0.953828,0.121093
2474.951070,sim,0.859574,1.000003,1.000003,1.000003,0.953834,0.121099
2474.954974,sim,0.859569,0.999997,0.999997,0.999997,0.953829,0.121094
2474.958977,sim,0.859574,1.000003,1.000003,1.000003,0.953834,0.121099
2474.963152,sim,0.859568,0.999997,0.999997,0.999997,0.953828,0.121093
2474.967017,sim,0.818475,0.971850,1.000001,0.985733,0.915424,0.104951
2474.970898,sim,0.818472,0.971847,0.999998,0.985730,0.915421,0.104948
2474.975166,sim,0.818475,0.971850,1.000001,0.985733,0.915424,0.104951
2474.979370,sim,0.818472,0.971847,0.999998,0.985730,0.915421,0.104948
2474.983218,sim,0.777309,0.926878,1.000001,0.947232,0.876589,0.090958
2474.987114,sim,0.777306,0.926875,0.999998,0.947229,0.876586,0.090955
2474.991020,sim,0.777309,0.926878,1.000001,0.947232,0.876589,0.090958
2474.995032,sim,0.777306,0.926875,0.999998,0.947229,0.876586,0.090955
2474.999222,sim,0.777309,0.926878,1.000001,0.947232,0.876589,0.090958
2475.003074,sim,0.777306,0.926875,0.999998,0.947229,0.876586,0.090955
2475.007245,sim,0.731922,0.878194,0.977119,0.906930,0.833222,0.078830
2475.011360,sim,0.731921,0.878192,0.977118,0.906929,0.833221,0.078829
2475.015165,sim,0.731921,0.878193,0.977118,0.906929,0.833221,0.078829
2475.019349,sim,0.731921,0.878193,0.977118,0.906929,0.833221,0.078829
2475.023186,sim,0.731921,0.878193,0.977118,0.906929,0.833221,0.078829
2475.027154,sim,0.682878,0.827677,0.935605,0.863678,0.788702,0.068319
2475.031093,sim,0.682878,0.827677,0.935605,0.863678,0.788702,0.068319
2475.035050,sim,0.682878,0.827677,0.935605,0.863678,0.788702,0.068319
2475.039087,sim,0.682878,0.827677,0.935605,0.863678,0.788702,0.068319
2475.043211,sim,0.682878,0.827677,0.935605,0.863678,0.788702,0.068319
2475.047173,sim,0.633438,0.775575,0.892692,0.817872,0.741796,0.059210
2475.051087,sim,0.633438,0.775575,0.892692,0.817872,0.741796,0.059210
2475.055029,sim,0.633438,0.775575,0.892692,0.817872,0.741796,0.059210
2475.059199,sim,0.633438,0.775575,0.892692,0.817872,0.741796,0.059210
2475.063241,sim,0.633438,0.775575,0.892692,0.817872,0.741796,0.059210
2475.067133,sim,0.583655,0.722097,0.847178,0.772625,0.691436,0.051315
2475.071095,sim,0.583655,0.722097,0.847178,0.772625,0.691436,0.051315
2475.075101,sim,0.583655,0.722097,0.847178,0.772625,0.691436,0.051315
2475.079328,sim,0.583655,0.722097,0.847178,0.772625,0.691436,0.051315
2475.083120,sim,0.583655,0.722097,0.847178,0.772625,0.691436,0.051315
2475.087077,sim,0.533574,0.666041,0.800798,0.725089,0.640855,0.044473
2475.091124,sim,0.533574,0.666041,0.800798,0.725089,0.640855,0.044473
2475.095090,sim,0.533574,0.666041,0.800798,0.725089,0.640855,0.044473
2475.099292,sim,0.533574,0.666041,0.800798,0.725089,0.640855,0.044473
2475.103359,sim,0.533574,0.666041,0.800798,0.725089,0.640855,0.044473
2475.107291,sim,0.480462,0.610524,0.753666,0.676956,0.588696,0.038543
2475.111102,sim,0.480462,0.610524,0.753666,0.676956,0.588696,0.038543
2475.115098,sim,0.480462,0.610524,0.753666,0.676956,0.588696,0.038543
2475.119126,sim,0.480462,0.610524,0.753666,0.676956,0.588696,0.038543
2475.123398,sim,0.480462,0.610524,0.753666,0.676956,0.588696,0.038543
2475.127224,sim,0.428884,0.554087,0.705884,0.628306,0.536556,0.033404
2475.131052,sim,0.428884,0.554087,0.705884,0.628306,0.536556,0.033404
2475.135115,sim,0.428884,0.554087,0.705884,0.628306,0.536556,0.033404
2475.139276,sim,0.428884,0.554087,0.705884,0.628306,0.536556,0.033404
2475.143436,sim,0.428884,0.554087,0.705884,0.628306,0.536556,0.033404
2475.147163,sim,0.375860,0.496853,0.657538,0.579207,0.483047,0.028950
2475.151045,sim,0.375860,0.496853,0.657538,0.579207,0.483047,0.028950
2475.155080,sim,0.375860,0.496853,0.657538,0.579207,0.483047,0.028950
2475.159174,sim,0.375860,0.496853,0.657538,0.579207,0.483047,0.028950
2475.163187,sim,0.375860,0.496853,0.657538,0.579207,0.483047,0.028950
2475.167029,sim,0.325746,0.437541,0.610090,0.531107,0.429737,0.025090
2475.171087,sim,0.325746,0.437541,0.610090,0.531107,0.429737,0.025090
2475.175068,sim,0.325746,0.437541,0.610090,0.531107,0.429737,0.025090
2475.179265,sim,0.325746,0.437541,0.610090,0.531107,0.429737,0.025090
2475.183035,sim,0.325746,0.437541,0.610090,0.531107,0.429737,0.025090
2475.187192,sim,0.282313,0.381976,0.562033,0.482485,0.375212,0.021745
2475.191095,sim,0.282313,0.381976,0.562033,0.482485,0.375212,0.021745
2475.195114,sim,0.282313,0.381976,0.562033,0.482485,0.375212,0.021745
2475.199162,sim,0.282313,0.381976,0.562033,0.482485,0.375212,0.021745
2475.203217,sim,0.282313,0.381976,0.562033,0.482485,0.375212,0.021745
2475.207111,sim,0.244671,0.333820,0.512061,0.432024,0.326571,0.018846
2475.211040,sim,0.244671,0.333820,0.512061,0.432024,0.326571,0.018846
2475.214989,sim,0.244671,0.333820,0.512061,0.432024,0.326571,0.018846
2475.219152,sim,0.244671,0.333820,0.512061,0.432024,0.326571,0.018846
2475.223223,sim,0.244671,0.333820,0.512061,0.432024,0.326571,0.018846
2475.227293,sim,0.212048,0.292085,0.460431,0.381356,0.284415,0.016333
2475.231080,sim,0.212048,0.292085,0.460431,0.381356,0.284415,0.016333
2475.235104,sim,0.212048,0.292085,0.460431,0.381356,0.284415,0.016333
2475.239131,sim,0.212048,0.292085,0.460431,0.381356,0.284415,0.016333
2475.243067,sim,0.212048,0.292085,0.460431,0.381356,0.284415,0.016333
2475.247068,sim,0.183775,0.255914,0.411523,0.330508,0.247880,0.014155
2475.251067,sim,0.183775,0.255914,0.411523,0.330508,0.247880,0.014155
2475.255077,sim,0.183775,0.255914,0.411523,0.330508,0.247880,0.014155
2475.259265,sim,0.183775,0.255914,0.411523,0.330508,0.247880,0.014155
2475.263068,sim,0.183775,0.255914,0.411523,0.330508,0.247880,0.014155
2475.267153,sim,0.159272,0.224566,0.360814,0.286440,0.216217,0.012268
2475.271129,sim,0.159272,0.224566,0.360814,0.286440,0.216217,0.012268
2475.275125,sim,0.159272,0.224566,0.360814,0.286440,0.216217,0.012268
2475.279130,sim,0.159272,0.224566,0.360814,0.286440,0.216217,0.012268
2475.283345,sim,0.159272,0.224566,0.360814,0.286440,0.216217,0.012268
2475.287092,sim,0.138036,0.197398,0.312706,0.248248,0.188775,0.010632
2475.291056,sim,0.138036,0.197398,0.312706,0.248248,0.188775,0.010632
2475.294988,sim,0.138036,0.197398,0.312706,0.248248,0.188775,0.010632
2475.299180,sim,0.138036,0.197398,0.312706,0.248248,0.188775,0.010632
2475.303105,sim,0.138036,0.197398,0.312706,0.248248,0.188775,0.010632
2475.307094,sim,0.119631,0.173852,0.271012,0.215149,0.164992,0.009214
2475.311065,sim,0.119631,0.173852,0.271012,0.215149,0.164992,0.009214
2475.315071,sim,0.119631,0.173852,0.271012,0.215149,0.164992,0.009214
2475.319210,sim,0.119631,0.173852,0.271012,0.215149,0.164992,0.009214
2475.323067,sim,0.119631,0.173852,0.271012,0.215149,0.164992,0.009214
2475.327049,sim,0.103680,0.153446,0.234877,0.186462,0.144380,0.007986
2475.331069,sim,0.103680,0.153446,0.234877,0.186462,0.144380,0.007986
2475.335106,sim,0.103680,0.153446,0.234877,0.186462,0.144380,0.007986
2475.339120,sim,0.103680,0.153446,0.234877,0.186462,0.144380,0.007986
2475.342997,sim,0.103680,0.153446,0.234877,0.186462,0.144380,0.007986
2475.347124,sim,0.103680,0.153446,0.234877,0.186462,0.144380,0.007986
2475.351057,sim,0.089856,0.135761,0.203560,0.161600,0.126516,0.006921
2475.355063,sim,0.089856,0.135761,0.203560,0.161600,0.126516,0.006921
2475.359046,sim,0.089856,0.135761,0.203560,0.161600,0.126516,0.006921
2475.363173,sim,0.089856,0.135761,0.203560,0.161600,0.126516,0.006921
2475.367128,sim,0.080001,0.120434,0.176419,0.140054,0.120001,0.005999
2475.371059,sim,0.080000,0.120433,0.176418,0.140053,0.120000,0.005998
2475.374977,sim,0.080001,0.120434,0.176419,0.140054,0.120001,0.005999
2475.379224,sim,0.080000,0.120433,0.176418,0.140053,0.120000,0.005998
2475.383135,sim,0.080000,0.120434,0.176419,0.140054,0.120000,0.005999
2475.387100,sim,0.080000,0.120000,0.152896,0.121380,0.120000,0.005198
2475.391056,sim,0.080001,0.120001,0.152897,0.121381,0.120001,0.005199
2475.395403,sim,0.079999,0.119999,0.152895,0.121379,0.119999,0.005198
2475.399281,sim,0.080001,0.120001,0.152897,0.121381,0.120001,0.005200
2475.403093,sim,0.079999,0.119999,0.152895,0.121379,0.119999,0.005198
2475.407275,sim,0.080001,0.120001,0.152897,0.121381,0.120001,0.005200
2475.411083,sim,0.079999,0.119999,0.132509,0.119999,0.119999,0.004505
2475.415201,sim,0.080001,0.120001,0.132511,0.120001,0.120001,0.004507
2475.419220,sim,0.079999,0.119999,0.132509,0.119999,0.119999,0.004505
2475.422978,sim,0.080002,0.120002,0.132512,0.120002,0.120002,0.004507
2475.427534,sim,0.079999,0.119999,0.132509,0.119999,0.119999,0.004504
2475.431113,sim,0.080002,0.120002,0.120002,0.120002,0.120002,0.003906
2475.435115,sim,0.079999,0.119999,0.119999,0.119999,0.119999,0.003903
2475.439550,sim,0.080002,0.120002,0.120002,0.120002,0.120002,0.003907
2475.443078,sim,0.079999,0.119999,0.119999,0.119999,0.119999,0.003903
2475.447166,sim,0.080002,0.120002,0.120002,0.120002,0.120002,0.003907
2475.451825,sim,0.079999,0.119999,0.119999,0.119999,0.119999,0.003383
2475.455069,sim,0.080002,0.120002,0.120002,0.120002,0.120002,0.003386
2475.459209,sim,0.079999,0.119999,0.119999,0.119999,0.119999,0.003383
2475.463062,sim,0.080002,0.120002,0.120002,0.120002,0.120002,0.003386
2475.467033,sim,0.079999,0.119999,0.119999,0.119999,0.119999,0.003383
2475.471099,sim,0.080002,0.120002,0.120002,0.120002,0.120002,0.002935
2475.475227,sim,0.079999,0.119999,0.119999,0.119999,0.119999,0.002931
2475.479329,sim,0.080002,0.120002,0.120002,0.120002,0.120002,0.002935
2475.483144,sim,0.079999,0.119999,0.119999,0.119999,0.119999,0.002931
2475.487184,sim,0.080002,0.120002,0.120002,0.120002,0.120002,0.002544
2475.491131,sim,0.079999,0.119999,0.119999,0.119999,0.119999,0.002540
2475.495036,sim,0.080002,0.120002,0.120002,0.120002,0.120002,0.002544
2475.499142,sim,0.079999,0.119999,0.119999,0.119999,0.119999,0.002201
2475.503072,sim,0.080002,0.120002,0.120002,0.120002,0.120002,0.001866
2475.507099,sim,0.079999,0.119999,0.119999,0.119999,0.119999,0.001524
2475.511195,sim,0.080002,0.120002,0.120002,0.120002,0.120002,0.001188
2475.515078,sim,0.079999,0.119999,0.119999,0.119999,0.119999,0.000846
2475.519177,sim,0.080002,0.120002,0.120002,0.120002,0.120002,0.000511
2475.523137,sim,0.079999,0.119999,0.119999,0.119999,0.119999,0.000167
2475.527277,sim,0.080002,0.120002,0.120002,0.120002,0.120002,0.000024
2475.531055,sim,0.079999,0.119999,0.119999,0.119999,0.119999,-0.000016
2475.535062,sim,0.080002,0.120002,0.120002,0.120002,0.120002,0.000023
2475.539172,sim,0.079999,0.119999,0.119999,0.119999,0.119999,-0.000015
2475.543073,sim,0.080002,0.120002,0.120002,0.120002,0.120002,0.000024
2475.547122,sim,0.079999,0.119999,0.119999,0.119999,0.119999,-0.000015
2475.551102,sim,0.080002,0.120002,0.120002,0.120002,0.120002,0.000024
2475.555056,sim,0.079998,0.119998,0.119998,0.119998,0.119998,-0.000015
2475.559170,sim,0.080002,0.120002,0.120002,0.120002,0.120002,0.000023
2475.563142,sim,0.079999,0.119999,0.119999,0.119999,0.119999,-0.000015
2475.567069,sim,0.080002,0.120002,0.120002,0.120002,0.120002,0.000023
2475.571078,sim,0.079999,0.119999,0.119999,0.119999,0.119999,-0.000015
2475.575123,sim,0.080002,0.120002,0.120002,0.120002,0.120002,0.000023
2475.579423,sim,0.079998,0.119998,0.119998,0.119998,0.119998,-0.000015
2475.583129,sim,0.080002,0.120002,0.120002,0.120002,0.120002,0.000022
2475.587294,sim,0.079999,0.119999,0.119999,0.119999,0.119999,-0.000014
2475.591275,sim,0.080002,0.120002,0.120002,0.120002,0.120002,0.000022
2475.595231,sim,0.079999,0.119999,0.119999,0.119999,0.119999,-0.000014
2475.599193,sim,0.080002,0.120002,0.120002,0.120002,0.120002,0.000023
2475.603138,sim,0.079999,0.119999,0.119999,0.119999,0.119999,-0.000015
2475.607082,sim,0.080002,0.120002,0.120002,0.120002,0.120002,0.000023
2475.611013,sim,0.079999,0.119999,0.119999,0.119999,0.119999,-0.000015
2475.615124,sim,0.080002,0.120002,0.120002,0.120002,0.120002,0.000024
2475.619202,sim,0.079998,0.119998,0.119998,0.119998,0.119998,-0.000015
2475.623134,sim,0.080002,0.120002,0.120002,0.120002,0.120002,0.000023
2475.627120,sim,0.079999,0.119999,0.119999,0.119999,0.119999,-0.000015
2475.631148,sim,0.080002,0.120002,0.120002,0.120002,0.120002,0.000023
2475.635108,sim,0.079999,0.119999,0.119999,0.119999,0.119999,-0.000015
2475.639170,sim,0.080002,0.120002,0.120002,0.120002,0.120002,0.000022
2475.643103,sim,0.079999,0.119999,0.119999,0.119999,0.119999,-0.000014
2475.647123,sim,0.080002,0.120002,0.120002,0.120002,0.120002,0.000022
2475.651101,sim,0.079999,0.119999,0.119999,0.119999,0.119999,-0.000014
2475.655091,sim,0.080002,0.120002,0.120002,0.120002,0.120002,0.000021
2475.659219,sim,0.079999,0.119999,0.119999,0.119999,0.119999,-0.000014
2475.663042,sim,0.080002,0.120002,0.120002,0.120002,0.120002,0.000024
2475.667170,sim,0.079999,0.119999,0.119999,0.119999,0.119999,-0.000015
2475.671170,sim,0.080002,0.120002,0.120002,0.120002,0.120002,0.000024
2475.675082,sim,0.079999,0.119999,0.119999,0.119999,0.119999,-0.000015
2475.679200,sim,0.080002,0.120002,0.120002,0.120002,0.120002,0.000024
2475.683155,sim,0.079999,0.119999,0.119999,0.119999,0.119999,-0.000016
2475.687191,sim,0.080002,0.120002,0.120002,0.120002,0.120002,0.000021
2475.691100,sim,0.079999,0.119999,0.119999,0.119999,0.119999,-0.000014
2475.695090,sim,0.080002,0.120002,0.120002,0.120002,0.120002,0.000025
2475.699201,sim,0.079999,0.119999,0.119999,0.119999,0.119999,-0.000016
2475.703163,sim,0.080002,0.120002,0.120002,0.120002,0.120002,0.000023
2475.707119,sim,0.079999,0.119998,0.119999,0.119999,0.119999,-0.000015
2475.711140,sim,0.080002,0.120002,0.120002,0.120002,0.120002,0.000024
2475.715131,sim,0.079998,0.119998,0.119998,0.119998,0.119998,-0.000015
2475.719166,sim,0.080002,0.120002,0.120002,0.120002,0.120002,0.000022
2475.723117,sim,0.079999,0.119999,0.119999,0.119999,0.119999,-0.000014
2475.727254,sim,0.080002,0.120002,0.120002,0.120002,0.120002,0.000024
2475.731197,sim,0.079999,0.119999,0.119999,0.119999,0.119999,-0.000015
2475.735225,sim,0.080002,0.120002,0.120002,0.120002,0.120002,0.000025
2475.739289,sim,0.079998,0.119998,0.119998,0.119998,0.119998,-0.000016
2475.743195,sim,0.080002,0.120002,0.120002,0.120002,0.120002,0.000022
2475.747168,sim,0.079999,0.119999,0.119999,0.119999,0.119999,-0.000015
2475.751166,sim,0.080002,0.120002,0.120002,0.120002,0.120002,0.000023
2475.755218,sim,0.079998,0.119998,0.119998,0.119998,0.119998,-0.000015
2475.759329,sim,0.080002,0.120002,0.120002,0.120002,0.120002,0.000023
2475.763442,sim,0.079999,0.119999,0.119999,0.119999,0.119999,-0.000015
2475.767254,sim,0.080002,0.120002,0.120002,0.120002,0.120002,0.000023
2475.771267,sim,0.079999,0.119999,0.119999,0.119999,0.119999,-0.000015
2475.775188,sim,0.080002,0.120002,0.120002,0.120002,0.120002,0.000024
2475.779454,sim,0.079999,0.119999,0.119999,0.119999,0.119999,-0.000015
2475.783161,sim,0.080002,0.120002,0.120002,0.120002,0.120002,0.000025
2475.787191,sim,0.079999,0.119999,0.119999,0.119999,0.119999,-0.000016
2475.791183,sim,0.080002,0.120002,0.120002,0.120002,0.120002,0.000022
2475.795339,sim,0.079999,0.119999,0.119999,0.119999,0.119999,-0.000014
2475.799356,sim,0.080002,0.120002,0.120002,0.120002,0.120002,0.000022
2475.803219,sim,0.079998,0.119998,0.119998,0.119998,0.119998,-0.000014
2475.807147,sim,0.080002,0.120002,0.120002,0.120002,0.120002,0.000022
2475.811180,sim,0.079999,0.119999,0.119999,0.119999,0.119999,-0.000014
2475.815234,sim,0.080002,0.120002,0.120002,0.120002,0.120002,0.000023
2475.819320,sim,0.079998,0.119998,0.119998,0.119998,0.119998,-0.000015
2475.823169,sim,0.080002,0.120002,0.120002,0.120002,0.120002,0.000023
2475.827211,sim,0.079999,0.119999,0.119999,0.119999,0.119999,-0.000015
2475.831224,sim,0.080002,0.120002,0.120002,0.120002,0.120002,0.000023
2475.835264,sim,0.079999,0.119999,0.119999,0.119999,0.119999,-0.000015
2475.839257,sim,0.080002,0.120002,0.120002,0.120002,0.120002,0.000022
2475.843209,sim,0.079999,0.119999,0.119999,0.119999,0.119999,-0.000014
2475.847280,sim,0.080002,0.120002,0.120002,0.120002,0.120002,0.000021
2475.851326,sim,0.079999,0.119999,0.119999,0.119999,0.119999,-0.000013
2475.855216,sim,0.080002,0.120002,0.120002,0.120002,0.120002,0.000022
2475.859268,sim,0.079999,0.119999,0.119999,0.119999,0.119999,-0.000014
2475.863170,sim,0.080002,0.120002,0.120002,0.120002,0.120002,0.000022
2475.867172,sim,0.079999,0.119999,0.119999,0.119999,0.119999,-0.000014
2475.871297,sim,0.080002,0.120002,0.120002,0.120002,0.120002,0.000023
2475.875202,sim,0.079999,0.119999,0.119999,0.119999,0.119999,-0.000015
2475.879505,sim,0.080002,0.120002,0.120002,0.120002,0.120002,0.000023
2475.883184,sim,0.079999,0.119999,0.119999,0.119999,0.119999,-0.000015
2475.887231,sim,0.080002,0.120002,0.120002,0.120002,0.120002,0.000023
2475.891701,sim,0.079999,0.119999,0.119999,0.119999,0.119999,-0.000015
2475.895197,sim,0.080002,0.120002,0.120002,0.120002,0.120002,0.007520
2475.899343,sim,0.079999,0.119999,0.119999,0.119999,0.119999,0.007517
2475.903190,sim,0.080002,0.120002,0.120002,0.120002,0.120002,0.007520
2475.907298,sim,0.079999,0.119999,0.119999,0.119999,0.119999,0.007517
2475.911463,sim,0.080002,0.120002,0.120002,0.120002,0.120002,0.007520
2475.915271,sim,0.079999,0.119999,0.119999,0.119999,0.119999,0.023699
2475.919327,sim,0.080002,0.120002,0.120002,0.120002,0.120002,0.023703
2475.923272,sim,0.079999,0.119999,0.119999,0.119999,0.119999,0.023699
2475.927269,sim,0.080002,0.120002,0.120002,0.120002,0.120002,0.023703
2475.931513,sim,0.079999,0.119999,0.119999,0.119999,0.119999,0.023699
2475.935232,sim,0.080002,0.120002,0.120002,0.120002,0.120002,0.039875
2475.939318,sim,0.079999,0.119999,0.119999,0.119999,0.119999,0.039872
2475.943186,sim,0.080002,0.120002,0.120002,0.120002,0.120002,0.039875
2475.947257,sim,0.079999,0.119999,0.119999,0.119999,0.119999,0.039872
2475.951245,sim,0.080002,0.120002,0.120002,0.120002,0.120002,0.039875
2475.955252,sim,0.079999,0.119999,0.119999,0.119999,0.119999,0.054962
2475.959380,sim,0.080002,0.120002,0.120002,0.120002,0.120002,0.054966
2475.963178,sim,0.079999,0.119999,0.119999,0.119999,0.119999,0.054963
2475.967202,sim,0.080002,0.120002,0.120002,0.120002,0.120002,0.054966
2475.971267,sim,0.079999,0.119999,0.119999,0.119999,0.119999,0.054963
2475.975316,sim,0.080002,0.120002,0.120002,0.120002,0.120002,0.068044
2475.979599,sim,0.079999,0.119999,0.119999,0.119999,0.119999,0.068041
2475.983172,sim,0.080002,0.120002,0.120002,0.120002,0.120002,0.068044
2475.987190,sim,0.079999,0.119999,0.119999,0.119999,0.119999,0.068041
2475.991520,sim,0.080002,0.120002,0.120002,0.120002,0.120002,0.068044
2475.995198,sim,0.079999,0.119999,0.119999,0.119999,0.119999,0.078302
2475.999231,sim,0.080002,0.120002,0.120002,0.120002,0.120002,0.078305
2476.003237,sim,0.079999,0.119999,0.119999,0.119999,0.119999,0.078301
2476.007324,sim,0.080002,0.120002,0.120002,0.120002,0.120002,0.078305
2476.011629,sim,0.079999,0.119999,0.119999,0.119999,0.119999,0.078301
2476.015266,sim,0.086028,0.120002,0.120002,0.120002,0.120002,0.087197
2476.019360,sim,0.086025,0.119999,0.119999,0.119999,0.119999,0.087194
2476.023250,sim,0.086028,0.120001,0.120001,0.120001,0.120001,0.087197
2476.027321,sim,0.086026,0.119999,0.119999,0.119999,0.119999,0.087194
2476.031344,sim,0.086028,0.120002,0.120002,0.120002,0.120002,0.087197
2476.035495,sim,0.118940,0.127461,0.119999,0.119999,0.119999,0.094901
2476.039451,sim,0.118942,0.127463,0.120001,0.120001,0.120001,0.094903
2476.043248,sim,0.118940,0.127461,0.119999,0.119999,0.119999,0.094901
2476.047213,sim,0.118942,0.127463,0.120001,0.120001,0.120001,0.094903
2476.051554,sim,0.118940,0.127461,0.119999,0.119999,0.119999,0.094901
2476.055274,sim,0.157177,0.161788,0.120001,0.120001,0.135826,0.101582
2476.059343,sim,0.157175,0.161786,0.119999,0.119999,0.135825,0.101581
2476.063267,sim,0.157177,0.161788,0.120001,0.120001,0.135826,0.101582
2476.067289,sim,0.157175,0.161786,0.119999,0.119999,0.135825,0.101581
2476.071530,sim,0.157177,0.161787,0.120001,0.120001,0.135826,0.101582
2476.075378,sim,0.197247,0.199856,0.119999,0.119999,0.171808,0.107370
2476.079463,sim,0.197249,0.199858,0.120001,0.120001,0.171810,0.107371
2476.083251,sim,0.197247,0.199856,0.119999,0.119999,0.171808,0.107370
2476.087251,sim,0.197249,0.199858,0.120001,0.120001,0.171810,0.107371
2476.091336,sim,0.197247,0.199856,0.119999,0.119999,0.171808,0.107370
2476.095254,sim,0.240300,0.239787,0.120001,0.120001,0.211318,0.112388
2476.099519,sim,0.240298,0.239785,0.119999,0.119999,0.211316,0.112386
2476.103316,sim,0.240300,0.239787,0.120001,0.120001,0.211318,0.112388
2476.107332,sim,0.240298,0.239786,0.119999,0.119999,0.211316,0.112386
2476.111305,sim,0.240300,0.239787,0.120001,0.120001,0.211318,0.112388
2476.115442,sim,0.285932,0.282713,0.120000,0.139174,0.252492,0.116734
2476.119465,sim,0.285932,0.282714,0.120000,0.139175,0.252493,0.116735
2476.123374,sim,0.285932,0.282713,0.120000,0.139175,0.252492,0.116735
2476.127449,sim,0.285932,0.282714,0.120000,0.139175,0.252493,0.116735
2476.131379,sim,0.285932,0.282713,0.120000,0.139175,0.252492,0.116735
2476.135357,sim,0.333803,0.326853,0.120000,0.174712,0.296500,0.123726
2476.139473,sim,0.333802,0.326852,0.120000,0.174712,0.296499,0.123725
2476.143264,sim,0.333803,0.326853,0.120000,0.174712,0.296500,0.123726
2476.147300,sim,0.333803,0.326852,0.120000,0.174712,0.296499,0.123725
2476.151346,sim,0.333803,0.326853,0.120000,0.174712,0.296500,0.123726
2476.155215,sim,0.383613,0.373428,0.120000,0.212446,0.341574,0.131931
2476.159299,sim,0.383613,0.373429,0.120000,0.212446,0.341575,0.131932
2476.163376,sim,0.383613,0.373428,0.120000,0.212445,0.341574,0.131931
2476.167219,sim,0.383613,0.373429,0.120000,0.212446,0.341575,0.131932
2476.171355,sim,0.383613,0.373428,0.120000,0.212445,0.341574,0.131931
2476.175278,sim,0.435104,0.420729,0.149266,0.252083,0.388961,0.140118
2476.179575,sim,0.435104,0.420729,0.149266,0.252083,0.388961,0.140118
2476.183260,sim,0.435104,0.420729,0.149266,0.252083,0.388961,0.140118
2476.187269,sim,0.435104,0.420729,0.149266,0.252083,0.388961,0.140118
2476.191293,sim,0.435104,0.420729,0.149266,0.252083,0.388961,0.140118
2476.195337,sim,0.435104,0.420729,0.149266,0.252083,0.388961,0.140118
2476.199343,sim,0.490825,0.471432,0.187619,0.294758,0.439739,0.147213
2476.203205,sim,0.490825,0.471432,0.187619,0.294758,0.439739,0.147213
2476.207175,sim,0.490825,0.471432,0.187619,0.294758,0.439739,0.147213
2476.211346,sim,0.490825,0.471432,0.187619,0.294758,0.439739,0.147213
2476.215435,sim,0.544665,0.520923,0.223632,0.337291,0.486520,0.153362
2476.219487,sim,0.544665,0.520923,0.223632,0.337291,0.486520,0.153362
2476.223302,sim,0.544665,0.520923,0.223632,0.337291,0.486520,0.153362
2476.227304,sim,0.544665,0.520923,0.223632,0.337291,0.486520,0.153362
2476.231281,sim,0.544665,0.520923,0.223632,0.337291,0.486520,0.153362
2476.235267,sim,0.544665,0.520923,0.223632,0.337291,0.486520,0.153362
2476.239402,sim,0.601036,0.573524,0.265939,0.381088,0.538160,0.158691
2476.243324,sim,0.601036,0.573524,0.265939,0.381088,0.538160,0.158691
2476.247231,sim,0.601036,0.573524,0.265939,0.381088,0.538160,0.158691
2476.251230,sim,0.601036,0.573524,0.265939,0.381088,0.538160,0.158691
2476.255197,sim,0.601036,0.573524,0.265939,0.381088,0.538160,0.158691
2476.259442,sim,0.656825,0.627434,0.308153,0.428754,0.589850,0.163309
2476.263289,sim,0.656825,0.627434,0.308153,0.428754,0.589850,0.163309
2476.267206,sim,0.656825,0.627434,0.308153,0.428754,0.589850,0.163309
2476.271237,sim,0.656825,0.627434,0.308153,0.428754,0.589850,0.163309
2476.275343,sim,0.656825,0.627434,0.308153,0.428754,0.589850,0.163309
2476.279575,sim,0.705176,0.681090,0.351674,0.475613,0.642970,0.167312
2476.283257,sim,0.705176,0.681090,0.351674,0.475613,0.642970,0.167312
2476.287242,sim,0.705176,0.681090,0.351674,0.475613,0.642970,0.167312
2476.291402,sim,0.705176,0.681090,0.351674,0.475613,0.642970,0.167312
2476.295437,sim,0.705176,0.681090,0.351674,0.475613,0.642970,0.167312
2476.299438,sim,0.747080,0.735915,0.396327,0.524547,0.695942,0.170781
2476.303257,sim,0.747080,0.735915,0.396327,0.524547,0.695942,0.170781
2476.307330,sim,0.747080,0.735915,0.396327,0.524547,0.695942,0.170781
2476.311312,sim,0.747080,0.735915,0.396327,0.524547,0.695942,0.170781
2476.315326,sim,0.747080,0.735915,0.396327,0.524547,0.695942,0.170781
2476.319422,sim,0.783397,0.790365,0.443349,0.572504,0.748787,0.173787
2476.323341,sim,0.783397,0.790365,0.443349,0.572504,0.748787,0.173787
2476.327369,sim,0.783397,0.790365,0.443349,0.572504,0.748787,0.173787
2476.331396,sim,0.783397,0.790365,0.443349,0.572504,0.748787,0.173787
2476.335275,sim,0.783397,0.790365,0.443349,0.572504,0.748787,0.173787
2476.339445,sim,0.814872,0.840329,0.492423,0.622388,0.794585,0.176393
2476.343295,sim,0.814872,0.840329,0.492423,0.622388,0.794585,0.176393
2476.347286,sim,0.814872,0.840329,0.492423,0.622388,0.794585,0.176393
2476.351345,sim,0.814872,0.840329,0.492423,0.622388,0.794585,0.176393
2476.355515,sim,0.814872,0.840329,0.492423,0.622388,0.794585,0.176393
2476.359575,sim,0.842150,0.883631,0.540502,0.673944,0.834277,0.178651
2476.363379,sim,0.842150,0.883631,0.540502,0.673944,0.834277,0.178651
2476.367299,sim,0.842150,0.883631,0.540502,0.673944,0.834277,0.178651
2476.371303,sim,0.842150,0.883631,0.540502,0.673944,0.834277,0.178651
2476.375587,sim,0.842150,0.883631,0.540502,0.673944,0.834277,0.178651
2476.379449,sim,0.865791,0.921159,0.590493,0.724173,0.868677,0.180608
2476.383324,sim,0.865791,0.921159,0.590493,0.724173,0.868677,0.180608
2476.387382,sim,0.865791,0.921159,0.590493,0.724173,0.868677,0.180608
2476.391388,sim,0.865791,0.921159,0.590493,0.724173,0.868677,0.180608
2476.395541,sim,0.865791,0.921159,0.590493,0.724173,0.868677,0.180608
2476.399696,sim,0.886280,0.953684,0.637979,0.777415,0.898490,0.182304
2476.403323,sim,0.886280,0.953684,0.637979,0.777415,0.898490,0.182304
2476.407386,sim,0.886280,0.953684,0.637979,0.777415,0.898490,0.182304
2476.411297,sim,0.886280,0.953684,0.637979,0.777415,0.898490,0.182304
2476.415642,sim,0.886280,0.953684,0.637979,0.777415,0.898490,0.182304
2476.419408,sim,0.904037,0.981872,0.688843,0.826331,0.924328,0.183774
2476.423399,sim,0.904037,0.981872,0.688843,0.826331,0.924328,0.183774
2476.427315,sim,0.904037,0.981872,0.688843,0.826331,0.924328,0.183774
2476.431278,sim,0.904037,0.981872,0.688843,0.826331,0.924328,0.183774
2476.435354,sim,0.904037,0.981872,0.688843,0.826331,0.924328,0.183774
2476.439430,sim,0.919428,1.000002,0.739861,0.871501,0.946723,0.185049
2476.443286,sim,0.919429,1.000003,0.739862,0.871502,0.946724,0.185051
2476.447333,sim,0.919428,1.000002,0.739861,0.871501,0.946723,0.185050
2476.451355,sim,0.919428,1.000002,0.739861,0.871501,0.946723,0.185050
2476.455463,sim,0.919428,1.000002,0.739861,0.871501,0.946723,0.185050
2476.459443,sim,0.932765,1.000002,0.791011,0.910647,0.966130,0.186154
2476.463408,sim,0.932765,1.000002,0.791011,0.910647,0.966130,0.186154
2476.467348,sim,0.932765,1.000002,0.791011,0.910647,0.966130,0.186154
2476.471260,sim,0.932765,1.000002,0.791011,0.910647,0.966130,0.186154
2476.475457,sim,0.932765,1.000002,0.791011,0.910647,0.966130,0.186154
2476.479530,sim,0.944325,1.000002,0.842276,0.944574,0.982950,0.187111
2476.483368,sim,0.944325,1.000002,0.842276,0.944574,0.982950,0.187111
2476.487317,sim,0.944325,1.000002,0.842276,0.944574,0.982950,0.187111
2476.491243,sim,0.944325,1.000002,0.842276,0.944574,0.982950,0.187111
2476.495379,sim,0.944325,1.000002,0.842276,0.944574,0.982950,0.187111
2476.499717,sim,0.954342,1.000002,0.892254,0.973977,0.997527,0.187940
2476.503425,sim,0.954342,1.000002,0.892254,0.973977,0.997527,0.187940
2476.507353,sim,0.954342,1.000002,0.892254,0.973977,0.997527,0.187940
2476.511292,sim,0.954342,1.000002,0.892254,0.973977,0.997527,0.187940
2476.515498,sim,0.954342,1.000002,0.892254,0.973977,0.997527,0.187940
2476.519482,sim,0.963025,1.000002,0.935568,0.999459,1.000002,0.188659
2476.523322,sim,0.963023,1.000000,0.935567,0.999458,1.000000,0.188657
2476.527300,sim,0.963024,1.000001,0.935567,0.999458,1.000001,0.188658
2476.531369,sim,0.963022,0.999999,0.935565,0.999456,0.999999,0.188656
2476.535464,sim,0.963023,1.000000,0.935566,0.999457,1.000000,0.188657
2476.539541,sim,0.970547,1.000000,0.973105,1.000000,1.000000,0.189280
2476.543320,sim,0.970547,1.000000,0.973105,1.000000,1.000000,0.189280
2476.547344,sim,0.970546,0.999998,0.973103,0.999998,0.999998,0.189278
2476.551325,sim,0.970548,1.000000,0.973105,1.000000,1.000000,0.189280
2476.555398,sim,0.970547,0.999999,0.973104,0.999999,0.999999,0.189279
2476.559420,sim,0.970548,1.000000,0.973105,1.000000,1.000000,0.189280
2476.563358,sim,0.977069,1.000000,1.000000,1.000000,1.000000,0.189820
2476.567325,sim,0.977069,1.000000,1.000000,1.000000,1.000000,0.189820
2476.571300,sim,0.977069,1.000000,1.000000,1.000000,1.000000,0.189820
2476.575340,sim,0.977067,0.999998,0.999998,0.999998,0.999998,0.189818
2476.579526,sim,0.977069,1.000000,1.000000,1.000000,1.000000,0.189820
2476.583350,sim,0.982719,0.999999,0.999999,0.999999,0.999999,0.190286
2476.587391,sim,0.982721,1.000000,1.000000,1.000000,1.000000,0.190288
2476.591274,sim,0.982720,1.000000,1.000000,1.000000,1.000000,0.190287
2476.595336,sim,0.982720,1.000000,1.000000,1.000000,1.000000,0.190287
2476.599735,sim,0.982720,1.000000,1.000000,1.000000,1.000000,0.190287
2476.603409,sim,0.987618,1.000000,1.000000,1.000000,1.000000,0.190693
2476.607320,sim,0.987619,1.000000,1.000000,1.000000,1.000000,0.190693
2476.611291,sim,0.987618,0.999999,0.999999,0.999999,0.999999,0.190693
2476.615295,sim,0.987619,1.000000,1.000000,1.000000,1.000000,0.190693
2476.619813,sim,0.987618,1.000000,1.000000,1.000000,1.000000,0.190693
2476.623338,sim,0.991864,1.000000,1.000000,1.000000,1.000000,0.191045
2476.627350,sim,0.991863,0.999999,0.999999,0.999999,0.999999,0.191044
2476.631334,sim,0.991864,1.000000,1.000000,1.000000,1.000000,0.191044
2476.635355,sim,0.991864,1.000000,1.000000,1.000000,1.000000,0.191045
2476.639717,sim,0.991862,0.999998,0.999998,0.999998,0.999998,0.191043
2476.643337,sim,0.995543,1.000000,1.000000,1.000000,1.000000,0.191349
2476.647392,sim,0.995542,0.999999,0.999999,0.999999,0.999999,0.191348
2476.651297,sim,0.995543,1.000000,1.000000,1.000000,1.000000,0.191349
2476.655256,sim,0.995543,1.000000,1.000000,1.000000,1.000000,0.191349
2476.659450,sim,0.995541,0.999998,0.999998,0.999998,0.999998,0.191347
2476.663445,sim,0.998732,1.000001,1.000001,1.000001,1.000001,0.191614
2476.667395,sim,0.998730,0.999998,0.999998,0.999998,0.999998,0.191611
2476.671303,sim,0.998732,1.000001,1.000001,1.000001,1.000001,0.191614
2476.675379,sim,0.998730,0.999998,0.999998,0.999998,0.999998,0.191611
2476.679676,sim,0.998732,1.000001,1.000001,1.000001,1.000001,0.191614
2476.683290,sim,0.999998,0.999998,0.999998,0.999998,0.999998,0.191840
2476.687373,sim,0.999999,0.999999,0.999999,0.999999,0.999999,0.191841
2476.691359,sim,0.999999,0.999999,0.999999,0.999999,0.999999,0.191841
2476.695401,sim,0.999998,0.999998,0.999998,0.999998,0.999998,0.192038
2476.699492,sim,1.000001,1.000001,1.000001,1.000001,1.000001,0.192239
2476.703334,sim,0.999998,0.999998,0.999998,0.999998,0.999998,0.192434
2476.707332,sim,1.000001,1.000001,1.000001,1.000001,1.000001,0.192636
2476.711374,sim,0.999997,0.999997,0.999997,0.999997,0.999997,0.192830
2476.715376,sim,1.000001,1.000001,1.000001,1.000001,1.000001,0.193033
2476.719414,sim,0.999993,0.999993,0.999993,0.999993,0.999993,0.193223
2476.723302,sim,1.000002,1.000002,1.000002,1.000002,1.000002,0.193330
2476.727318,sim,0.999996,0.999996,0.999996,0.999996,0.999996,0.193324
2476.731233,sim,1.000001,1.000001,1.000001,1.000001,1.000001,0.193329
2476.735380,sim,0.999994,0.999994,0.999994,0.999994,0.999994,0.193323
2476.739400,sim,1.000002,1.000002,1.000002,1.000002,1.000002,0.193330
2476.743337,sim,0.999996,0.999996,0.999996,0.999996,0.999996,0.193325
2476.747252,sim,1.000000,1.000000,1.000000,1.000000,1.000000,0.193329
2476.751291,sim,0.999994,0.999994,0.999994,0.999994,0.999994,0.193323
2476.755362,sim,1.000001,1.000001,1.000001,1.000001,1.000001,0.193330
2476.759428,sim,0.999995,0.999995,0.999995,0.999995,0.999995,0.193324
2476.763271,sim,1.000000,1.000000,1.000000,1.000000,1.000000,0.193329
2476.767319,sim,0.999994,0.999994,0.999994,0.999994,0.999994,0.193323
2476.771318,sim,1.000001,1.000001,1.000001,1.000001,1.000001,0.193329
2476.775347,sim,0.999996,0.999996,0.999996,0.999996,0.999996,0.193325
2476.779519,sim,1.000001,1.000001,1.000001,1.000001,1.000001,0.193329
2476.783275,sim,0.999995,0.999995,0.999995,0.999995,0.999995,0.193323
2476.787352,sim,1.000002,1.000002,1.000002,1.000002,1.000002,0.193330
2476.791427,sim,0.999996,0.999996,0.999996,0.999996,0.999996,0.193325
2476.795381,sim,1.000000,1.000000,1.000000,1.000000,1.000000,0.193329
2476.799448,sim,0.999994,0.999994,0.999994,0.999994,0.999994,0.193323
2476.803361,sim,1.000001,1.000001,1.000001,1.000001,1.000001,0.193329
2476.807345,sim,0.999996,0.999996,0.999996,0.999996,0.999996,0.193325
2476.811339,sim,1.000001,1.000001,1.000001,1.000001,1.000001,0.193329
2476.815407,sim,0.999994,0.999994,0.999994,0.999994,0.999994,0.193323
2476.819466,sim,1.000002,1.000002,1.000002,1.000002,1.000002,0.193330
2476.823403,sim,0.999996,0.999996,0.999996,0.999996,0.999996,0.193325
2476.827275,sim,1.000000,1.000000,1.000000,1.000000,1.000000,0.193329
2476.831417,sim,0.999995,0.999995,0.999995,0.999995,0.999995,0.193324
2476.835352,sim,1.000001,1.000001,1.000001,1.000001,1.000001,0.193330
2476.839667,sim,0.999996,0.999996,0.999996,0.999996,0.999996,0.193325
2476.843378,sim,1.000000,1.000000,1.000000,1.000000,1.000000,0.193329
2476.847361,sim,0.999994,0.999994,0.999994,0.999994,0.999994,0.193323
2476.851389,sim,1.000002,1.000002,1.000002,1.000002,1.000002,0.193331
2476.855391,sim,0.999996,0.999996,0.999996,0.999996,0.999996,0.193325
2476.859830,sim,1.000000,1.000000,1.000000,1.000000,1.000000,0.193329
2476.863275,sim,0.999994,0.999994,0.999994,0.999994,0.999994,0.193323
2476.867389,sim,1.000002,1.000002,1.000002,1.000002,1.000002,0.193330
2476.871454,sim,0.999996,0.999996,0.999996,0.999996,0.999996,0.193325
2476.875351,sim,1.000000,1.000000,1.000000,1.000000,1.000000,0.193329
2476.879558,sim,0.999994,0.999994,0.999994,0.999994,0.999994,0.193323
2476.883359,sim,1.000001,1.000001,1.000001,1.000001,1.000001,0.193330
2476.887455,sim,0.999996,0.999996,0.999996,0.999996,0.999996,0.193324
2476.891529,sim,1.000001,1.000001,1.000001,1.000001,1.000001,0.193329
2476.895817,sim,0.999994,0.999994,0.999994,0.999994,0.999994,0.193323
2476.899618,sim,1.000001,1.000001,1.000001,1.000001,1.000001,0.193330
2476.903316,sim,0.999996,0.999996,0.999996,0.999996,0.999996,0.193325
2476.907365,sim,1.000001,1.000001,1.000001,1.000001,1.000001,0.193330
2476.911266,sim,0.999995,0.999995,0.999995,0.999995,0.999995,0.193323
2476.915311,sim,1.000001,1.000001,1.000001,1.000001,1.000001,0.193330
2476.919518,sim,0.999996,0.999996,0.999996,0.999996,0.999996,0.193324
2476.923339,sim,0.980734,1.000002,1.000002,1.000002,1.000002,0.191183
2476.927272,sim,0.980726,0.999994,0.999994,0.999994,0.999994,0.191175
2476.931377,sim,0.980735,1.000003,1.000003,1.000003,1.000003,0.191184
2476.935777,sim,0.980726,0.999994,0.999994,0.999994,0.999994,0.191175
2476.939584,sim,0.980734,1.000003,1.000003,1.000003,1.000003,0.191183
2476.943380,sim,0.956762,0.999994,0.999994,0.999994,0.999994,0.181795
2476.947449,sim,0.956771,1.000003,1.000003,1.000003,1.000003,0.181803
2476.951421,sim,0.956762,0.999994,0.999994,0.999994,0.999994,0.181795
2476.955657,sim,0.956771,1.000003,1.000003,1.000003,1.000003,0.181803
2476.959465,sim,0.956762,0.999994,0.999994,0.999994,0.999994,0.181794
2476.963541,sim,0.927680,1.000003,1.000003,1.000003,1.000003,0.165082
2476.967412,sim,0.927671,0.999994,0.999994,0.999994,0.999994,0.165073
2476.971392,sim,0.927680,1.000003,1.000003,1.000003,1.000003,0.165082
2476.978547,sim,0.927671,0.999994,0.999994,0.999994,0.999994,0.165073
2476.982681,sim,0.927680,1.000003,1.000003,1.000003,1.000003,0.165082
2476.986363,sim,0.927671,0.999994,0.999994,0.999994,0.999994,0.165073
2476.990208,sim,0.927680,1.000003,1.000003,1.000003,1.000003,0.165082
2476.994513,sim,0.927671,0.999994,0.999994,0.999994,0.999994,0.165073
2476.998272,sim,0.888599,1.000005,1.000005,1.000005,0.994791,0.143073
2477.002331,sim,0.888592,0.999997,0.999997,0.999997,0.994784,0.143066
2477.006071,sim,0.888597,1.000003,1.000003,1.000003,0.994790,0.143071
2477.010119,sim,0.888592,0.999997,0.999997,0.999997,0.994784,0.143065
2477.014247,sim,0.888597,1.000003,1.000003,1.000003,0.994790,0.143071
2477.018115,sim,0.846398,0.999997,0.999997,0.999997,0.956463,0.123990
2477.022047,sim,0.846404,1.000003,1.000003,1.000003,0.956469,0.123995
2477.026083,sim,0.846398,0.999997,0.999997,0.999997,0.956463,0.123990
2477.030020,sim,0.846404,1.000002,1.000002,1.000002,0.956468,0.123995
2477.034080,sim,0.846398,0.999997,0.999997,0.999997,0.956462,0.123989
2477.038029,sim,0.802900,0.967745,1.000001,0.982121,0.916320,0.107462
2477.042483,sim,0.802897,0.967742,0.999998,0.982118,0.916317,0.107458
2477.045927,sim,0.802900,0.967745,1.000001,0.982121,0.916320,0.107461
2477.049948,sim,0.802897,0.967742,0.999998,0.982118,0.916317,0.107458
2477.054192,sim,0.802900,0.967745,1.000001,0.982121,0.916320,0.107461
2477.057916,sim,0.756872,0.921930,0.999998,0.942712,0.873201,0.093130
2477.062020,sim,0.756875,0.921933,1.000001,0.942715,0.873204,0.093133
2477.065814,sim,0.756872,0.921930,0.999998,0.942712,0.873201,0.093130
2477.069647,sim,0.756875,0.921933,1.000001,0.942715,0.873204,0.093133
2477.073764,sim,0.756872,0.921930,0.999998,0.942712,0.873201,0.093130
2477.077768,sim,0.708665,0.872521,0.960847,0.900240,0.827515,0.080716
2477.082437,sim,0.708664,0.872520,0.960846,0.900239,0.827514,0.080715
2477.085700,sim,0.708664,0.872520,0.960846,0.900239,0.827514,0.080715
2477.089663,sim,0.708664,0.872520,0.960846,0.900239,0.827514,0.080715
2477.093745,sim,0.708664,0.872520,0.960846,0.900239,0.827514,0.080715
2477.097702,sim,0.658560,0.821374,0.917341,0.856493,0.782368,0.069953
2477.101756,sim,0.658560,0.821374,0.917341,0.856493,0.782368,0.069953
2477.105591,sim,0.658560,0.821374,0.917341,0.856493,0.782368,0.069953
2477.109603,sim,0.658560,0.821374,0.917341,0.856493,0.782368,0.069953
2477.113748,sim,0.658560,0.821374,0.917341,0.856493,0.782368,0.069953
2477.117548,sim,0.606815,0.768725,0.872702,0.810258,0.734920,0.060626
2477.121606,sim,0.606815,0.768725,0.872702,0.810258,0.734920,0.060626
2477.125518,sim,0.606815,0.768725,0.872702,0.810258,0.734920,0.060626
2477.129505,sim,0.606815,0.768725,0.872702,0.810258,0.734920,0.060626
2477.133451,sim,0.606815,0.768725,0.872702,0.810258,0.734920,0.060626
2477.137416,sim,0.555033,0.713387,0.825692,0.764639,0.684090,0.052542
2477.141547,sim,0.555033,0.713387,0.825692,0.764639,0.684090,0.052542
2477.145395,sim,0.555033,0.713387,0.825692,0.764639,0.684090,0.052542
2477.149334,sim,0.555033,0.713387,0.825692,0.764639,0.684090,0.052542
2477.153347,sim,0.555033,0.713387,0.825692,0.764639,0.684090,0.052542
2477.157430,sim,0.501834,0.658492,0.778016,0.716781,0.631714,0.045537
2477.161461,sim,0.501834,0.658492,0.778016,0.716781,0.631714,0.045537
2477.165169,sim,0.501834,0.658492,0.778016,0.716781,0.631714,0.045537
2477.169197,sim,0.501834,0.658492,0.778016,0.716781,0.631714,0.045537
2477.173260,sim,0.501834,0.658492,0.778016,0.716781,0.631714,0.045537
2477.177303,sim,0.448793,0.602594,0.729761,0.668369,0.579387,0.039465
2477.181271,sim,0.448793,0.602594,0.729761,0.668369,0.579387,0.039465
2477.185215,sim,0.448793,0.602594,0.729761,0.668369,0.579387,0.039465
2477.189195,sim,0.448793,0.602594,0.729761,0.668369,0.579387,0.039465
2477.193223,sim,0.397276,0.547215,0.682392,0.622251,0.528489,0.034203
2477.197081,sim,0.397276,0.547215,0.682392,0.622251,0.528489,0.034203
2477.201176,sim,0.397276,0.547215,0.682392,0.622251,0.528489,0.034203
2477.205113,sim,0.397276,0.547215,0.682392,0.622251,0.528489,0.034203
2477.209041,sim,0.397276,0.547215,0.682392,0.622251,0.528489,0.034203
2477.213101,sim,0.397276,0.547215,0.682392,0.622251,0.528489,0.034203
2477.217075,sim,0.345693,0.489510,0.633017,0.572572,0.474668,0.029643
2477.221191,sim,0.345693,0.489510,0.633017,0.572572,0.474668,0.029643
2477.224995,sim,0.345693,0.489510,0.633017,0.572572,0.474668,0.029643
2477.228986,sim,0.345693,0.489510,0.633017,0.572572,0.474668,0.029643
2477.232990,sim,0.345693,0.489510,0.633017,0.572572,0.474668,0.029643
2477.237077,sim,0.300988,0.431177,0.581903,0.522583,0.419701,0.025690
2477.241192,sim,0.300988,0.431177,0.581903,0.522583,0.419701,0.025690
2477.244931,sim,0.300988,0.431177,0.581903,0.522583,0.419701,0.025690
2477.248906,sim,0.300988,0.431177,0.581903,0.522583,0.419701,0.025690
2477.252969,sim,0.300988,0.431177,0.581903,0.522583,0.419701,0.025690
2477.256965,sim,0.262243,0.376461,0.532056,0.472323,0.366515,0.022265
2477.261052,sim,0.262243,0.376461,0.532056,0.472323,0.366515,0.022265
2477.264881,sim,0.262243,0.376461,0.532056,0.472323,0.366515,0.022265
2477.268972,sim,0.262243,0.376461,0.532056,0.472323,0.366515,0.022265
2477.272899,sim,0.228664,0.327653,0.483308,0.423217,0.319033,0.019296
2477.276805,sim,0.228664,0.327653,0.483308,0.423217,0.319033,0.019296
2477.281123,sim,0.228664,0.327653,0.483308,0.423217,0.319033,0.019296
2477.284891,sim,0.228664,0.327653,0.483308,0.423217,0.319033,0.019296
2477.288881,sim,0.228664,0.327653,0.483308,0.423217,0.319033,0.019296
2477.292830,sim,0.199563,0.285353,0.432737,0.373723,0.277882,0.016723
2477.296796,sim,0.199563,0.285353,0.432737,0.373723,0.277882,0.016723
2477.300968,sim,0.199563,0.285353,0.432737,0.373723,0.277882,0.016723
2477.304749,sim,0.199563,0.285353,0.432737,0.373723,0.277882,0.016723
2477.308808,sim,0.199563,0.285353,0.432737,0.373723,0.277882,0.016723
2477.312728,sim,0.174341,0.248693,0.383361,0.323893,0.242218,0.014494
2477.316807,sim,0.174341,0.248693,0.383361,0.323893,0.242218,0.014494
2477.320819,sim,0.174341,0.248693,0.383361,0.323893,0.242218,0.014494
2477.324618,sim,0.174341,0.248693,0.383361,0.323893,0.242218,0.014494
2477.328864,sim,0.174341,0.248693,0.383361,0.323893,0.242218,0.014494
2477.332970,sim,0.152483,0.216921,0.332246,0.280708,0.211310,0.012561
2477.336782,sim,0.152483,0.216921,0.332246,0.280708,0.211310,0.012561
2477.340819,sim,0.152483,0.216921,0.332246,0.280708,0.211310,0.012561
2477.344758,sim,0.152483,0.216921,0.332246,0.280708,0.211310,0.012561
2477.348674,sim,0.152483,0.216921,0.332246,0.280708,0.211310,0.012561
2477.352646,sim,0.133539,0.189385,0.287947,0.243280,0.184522,0.010886
2477.356564,sim,0.133539,0.189385,0.287947,0.243280,0.184522,0.010886
2477.360708,sim,0.133539,0.189385,0.287947,0.243280,0.184522,0.010886
2477.364582,sim,0.133539,0.189385,0.287947,0.243280,0.184522,0.010886
2477.368852,sim,0.133539,0.189385,0.287947,0.243280,0.184522,0.010886
2477.372528,sim,0.117121,0.165521,0.249554,0.210843,0.161306,0.009435
2477.376640,sim,0.117121,0.165521,0.249554,0.210843,0.161306,0.009435
2477.380866,sim,0.117121,0.165521,0.249554,0.210843,0.161306,0.009435
2477.384558,sim,0.117121,0.165521,0.249554,0.210843,0.161306,0.009435
2477.388684,sim,0.117121,0.165521,0.249554,0.210843,0.161306,0.009435
2477.392529,sim,0.102892,0.144838,0.216280,0.182730,0.141186,0.008177
2477.396622,sim,0.102892,0.144838,0.216280,0.182730,0.141186,0.008177
2477.400693,sim,0.102892,0.144838,0.216280,0.182730,0.141186,0.008177
2477.404562,sim,0.102892,0.144838,0.216280,0.182730,0.141186,0.008177
2477.408517,sim,0.102892,0.144838,0.216280,0.182730,0.141186,0.008177
2477.412788,sim,0.090560,0.126914,0.187443,0.158366,0.123748,0.007087
2477.416582,sim,0.090560,0.126914,0.187443,0.158366,0.123748,0.007087
2477.420486,sim,0.090560,0.126914,0.187443,0.158366,0.123748,0.007087
2477.424453,sim,0.090560,0.126914,0.187443,0.158366,0.123748,0.007087
2477.428576,sim,0.090560,0.126914,0.187443,0.158366,0.123748,0.007087
2477.432538,sim,0.080000,0.120000,0.162451,0.137251,0.120000,0.006142
2477.436433,sim,0.080000,0.120000,0.162450,0.137250,0.120000,0.006141
2477.440506,sim,0.080001,0.120001,0.162451,0.137252,0.120001,0.006143
2477.444516,sim,0.079999,0.119999,0.162449,0.137250,0.119999,0.006141
2477.448948,sim,0.080001,0.120001,0.162451,0.137252,0.120001,0.006143
2477.452354,sim,0.079999,0.119999,0.140789,0.119999,0.119999,0.005322
2477.456395,sim,0.080002,0.120001,0.140792,0.120001,0.120001,0.005324
2477.460584,sim,0.079999,0.119999,0.140789,0.119999,0.119999,0.005322
2477.464442,sim,0.080002,0.120002,0.140792,0.120002,0.120002,0.005324
2477.468451,sim,0.079999,0.119999,0.140789,0.119999,0.119999,0.005322
2477.473504,sim,0.080001,0.120001,0.122020,0.120001,0.120001,0.004615
2477.476532,sim,0.079999,0.119999,0.122017,0.119999,0.119999,0.004612
2477.481394,sim,0.080001,0.120001,0.122020,0.120001,0.120001,0.004614
2477.484459,sim,0.079999,0.119999,0.122017,0.119999,0.119999,0.004612
2477.488364,sim,0.080001,0.120001,0.122020,0.120001,0.120001,0.004615
2477.492545,sim,0.079999,0.119999,0.122017,0.119999,0.119999,0.004612
2477.496480,sim,0.080002,0.120001,0.120002,0.120002,0.120001,0.004000
2477.500374,sim,0.079999,0.119999,0.119999,0.119999,0.119999,0.003997
2477.504274,sim,0.080002,0.120002,0.120002,0.120002,0.120002,0.004000
2477.508367,sim,0.079999,0.119999,0.119999,0.119999,0.119999,0.003997
2477.512342,sim,0.080002,0.120002,0.120002,0.120002,0.120002,0.004000
2477.516288,sim,0.079999,0.119999,0.119999,0.119999,0.119999,0.003464
2477.520357,sim,0.080002,0.120002,0.120002,0.120002,0.120002,0.003467
2477.524284,sim,0.079999,0.119999,0.119999,0.119999,0.119999,0.003464
2477.528291,sim,0.080002,0.120002,0.120002,0.120002,0.120002,0.003467
2477.532225,sim,0.079999,0.119999,0.119999,0.119999,0.119999,0.003464
2477.536302,sim,0.080002,0.120002,0.120002,0.120002,0.120002,0.003005
2477.540370,sim,0.079999,0.119999,0.119999,0.119999,0.119999,0.003002
2477.544309,sim,0.080002,0.120002,0.120002,0.120002,0.120002,0.003005
2477.548182,sim,0.079999,0.119999,0.119999,0.119999,0.119999,0.002601
2477.552280,sim,0.080002,0.120002,0.120002,0.120002,0.120002,0.002204
2477.556217,sim,0.079999,0.119999,0.119999,0.119999,0.119999,0.001800
2477.560379,sim,0.080002,0.120002,0.120002,0.120002,0.120002,0.001403
2477.564199,sim,0.079999,0.119999,0.119999,0.119999,0.119999,0.000999
2477.568180,sim,0.080002,0.120002,0.120002,0.120002,0.120002,0.000603
2477.572243,sim,0.079999,0.119999,0.119999,0.119999,0.119999,0.000198
2477.576213,sim,0.080002,0.120002,0.120002,0.120002,0.120002,0.000023
2477.580297,sim,0.079999,0.119999,0.119999,0.119999,0.119999,-0.000015
2477.584140,sim,0.080002,0.120002,0.120002,0.120002,0.120002,0.000024
2477.588163,sim,0.079999,0.119999,0.119999,0.119999,0.119999,-0.000015
2477.592236,sim,0.080002,0.120002,0.120002,0.120002,0.120002,0.000021
2477.596146,sim,0.079999,0.119999,0.119999,0.119999,0.119999,-0.000014
2477.600202,sim,0.080002,0.120002,0.120002,0.120002,0.120002,0.000023
2477.604196,sim,0.079998,0.119998,0.119998,0.119998,0.119998,-0.000015
2477.608180,sim,0.080002,0.120002,0.120002,0.120002,0.120002,0.000022
2477.612171,sim,0.079999,0.119999,0.119999,0.119999,0.119999,-0.000014
2477.616150,sim,0.080002,0.120002,0.120002,0.120002,0.120002,0.000024
2477.620247,sim,0.079999,0.119999,0.119999,0.119999,0.119999,-0.000015
2477.624213,sim,0.080002,0.120002,0.120002,0.120002,0.120002,0.000022
2477.628195,sim,0.079999,0.119999,0.119999,0.119999,0.119999,-0.000014
2477.632196,sim,0.080002,0.120002,0.120002,0.120002,0.120002,0.000023
2477.636167,sim,0.079999,0.119999,0.119999,0.119999,0.119999,-0.000015
2477.640237,sim,0.080002,0.120002,0.120002,0.120002,0.120002,0.000024
2477.644163,sim,0.079999,0.119999,0.119999,0.119999,0.119999,-0.000015
2477.648196,sim,0.080002,0.120002,0.120002,0.120002,0.120002,0.000025
2477.652188,sim,0.079999,0.119999,0.119999,0.119999,0.119999,-0.000016
2477.656166,sim,0.080002,0.120002,0.120002,0.120002,0.120002,0.000024
2477.660186,sim,0.079999,0.119999,0.119999,0.119999,0.119999,-0.000015
2477.664109,sim,0.080002,0.120002,0.120002,0.120002,0.120002,0.000025
2477.668121,sim,0.079998,0.119998,0.119998,0.119998,0.119998,-0.000016
2477.672039,sim,0.080002,0.120002,0.120002,0.120002,0.120002,0.000024
2477.676082,sim,0.079998,0.119998,0.119998,0.119998,0.119998,-0.000015
2477.680263,sim,0.080002,0.120002,0.120002,0.120002,0.120002,0.000024
2477.684170,sim,0.079999,0.119999,0.119999,0.119999,0.119999,-0.000015
2477.688082,sim,0.080002,0.120002,0.120002,0.120002,0.120002,0.000024
2477.692103,sim,0.079999,0.119999,0.119999,0.119999,0.119999,-0.000015
2477.696129,sim,0.080002,0.120002,0.120002,0.120002,0.120002,0.000023
2477.700305,sim,0.079999,0.119999,0.119999,0.119999,0.119999,-0.000015
2477.704190,sim,0.080002,0.120002,0.120002,0.120002,0.120002,0.000023
2477.708043,sim,0.079998,0.119998,0.119998,0.119998,0.119998,-0.000015
2477.712069,sim,0.080002,0.120002,0.120002,0.120002,0.120002,0.000022
2477.716108,sim,0.079998,0.119998,0.119998,0.119998,0.119998,-0.000014
2477.720189,sim,0.080002,0.120002,0.120002,0.120002,0.120002,0.000022
2477.724140,sim,0.079999,0.119999,0.119999,0.119999,0.119999,-0.000014
2477.728202,sim,0.080002,0.120002,0.120002,0.120002,0.120002,0.000023
2477.732118,sim,0.079999,0.119999,0.119999,0.119999,0.119999,-0.000015
2477.736121,sim,0.080002,0.120002,0.120002,0.120002,0.120002,0.000022
2477.740114,sim,0.079999,0.119999,0.119999,0.119999,0.119999,-0.000015
2477.744017,sim,0.080002,0.120002,0.120002,0.120002,0.120002,0.000023
2477.748039,sim,0.079999,0.119999,0.119999,0.119999,0.119999,-0.000015
2477.752387,sim,0.080002,0.120002,0.120002,0.120002,0.120002,0.000022
2477.756038,sim,0.079999,0.119999,0.119999,0.119999,0.119999,-0.000014
2477.760136,sim,0.080002,0.120002,0.120002,0.120002,0.120002,0.000022
2477.764101,sim,0.079999,0.119999,0.119999,0.119999,0.119999,-0.000014
2477.768088,sim,0.080002,0.120002,0.120002,0.120002,0.120002,0.000023
2477.772370,sim,0.079998,0.119998,0.119998,0.119998,0.119998,-0.000015
2477.775994,sim,0.080002,0.120002,0.120002,0.120002,0.120002,0.003224
2477.780317,sim,0.079999,0.119999,0.119999,0.119999,0.119999,0.003221
2477.784113,sim,0.080002,0.120002,0.120002,0.120002,0.120002,0.003224
2477.788013,sim,0.079999,0.119999,0.119999,0.119999,0.119999,0.003221
2477.792132,sim,0.080002,0.120002,0.120002,0.120002,0.120002,0.003224
2477.796020,sim,0.079999,0.119999,0.119999,0.119999,0.119999,0.013531
2477.800232,sim,0.080002,0.120002,0.120002,0.120002,0.120002,0.013535
2477.804017,sim,0.079999,0.119999,0.119999,0.119999,0.119999,0.013532
2477.807987,sim,0.080002,0.120002,0.120002,0.120002,0.120002,0.013535
2477.812177,sim,0.079999,0.119999,0.119999,0.119999,0.119999,0.013532
2477.816041,sim,0.080002,0.120002,0.120002,0.120002,0.120002,0.031063
2477.820024,sim,0.079999,0.119999,0.119999,0.119999,0.119999,0.031060
2477.824029,sim,0.080002,0.120002,0.120002,0.120002,0.120002,0.031063
2477.828646,sim,0.079999,0.119999,0.119999,0.119999,0.119999,0.031060
2477.832087,sim,0.080002,0.120002,0.120002,0.120002,0.120002,0.031063
2477.836049,sim,0.079999,0.119999,0.119999,0.119999,0.119999,0.046251
2477.840105,sim,0.080002,0.120002,0.120002,0.120002,0.120002,0.046255
2477.844058,sim,0.079999,0.119999,0.119999,0.119999,0.119999,0.046251
2477.847964,sim,0.080002,0.120002,0.120002,0.120002,0.120002,0.046255
2477.851983,sim,0.079999,0.119999,0.119999,0.119999,0.119999,0.046251
2477.855981,sim,0.080002,0.120002,0.120002,0.120002,0.120002,0.061569
2477.860149,sim,0.079999,0.119999,0.119999,0.119999,0.119999,0.061565
2477.863953,sim,0.080002,0.120002,0.120002,0.120002,0.120002,0.061569
2477.867938,sim,0.079999,0.119999,0.119999,0.119999,0.119999,0.061565
2477.872093,sim,0.080002,0.120002,0.120002,0.120002,0.120002,0.061569
2477.875989,sim,0.079999,0.119999,0.119999,0.119999,0.119999,0.073763
2477.880183,sim,0.080002,0.120002,0.120002,0.120002,0.120002,0.073766
2477.883877,sim,0.079999,0.119999,0.119999,0.119999,0.119999,0.073763
2477.888036,sim,0.080002,0.120002,0.120002,0.120002,0.120002,0.073767
2477.892145,sim,0.079999,0.119999,0.119999,0.119999,0.119999,0.073763
2477.896085,sim,0.080002,0.120002,0.120002,0.120002,0.120002,0.083264
2477.900049,sim,0.079999,0.119999,0.119999,0.119999,0.119999,0.083261
2477.903922,sim,0.080002,0.120002,0.120002,0.120002,0.120002,0.083264
2477.908060,sim,0.079999,0.119999,0.119999,0.119999,0.119999,0.083261
2477.911973,sim,0.102345,0.120002,0.120001,0.120002,0.120002,0.091495
2477.915978,sim,0.102342,0.119999,0.119999,0.119999,0.119999,0.091492
2477.919998,sim,0.102345,0.120002,0.120002,0.120002,0.120002,0.091495
2477.923991,sim,0.102342,0.119999,0.119999,0.119999,0.119999,0.091492
2477.928110,sim,0.102345,0.120002,0.120002,0.120002,0.120002,0.091495
2477.931940,sim,0.102342,0.119999,0.119999,0.119999,0.119999,0.091492
2477.935961,sim,0.137245,0.120002,0.120002,0.120002,0.120002,0.098629
2477.940012,sim,0.137242,0.119999,0.119999,0.119999,0.119999,0.098626
2477.944354,sim,0.137245,0.120002,0.120002,0.120002,0.120002,0.098629
2477.947994,sim,0.137242,0.119999,0.119999,0.119999,0.119999,0.098626
2477.951960,sim,0.137245,0.120002,0.120002,0.120002,0.120002,0.098629
2477.956078,sim,0.174423,0.119999,0.119999,0.119999,0.119999,0.104809
2477.960056,sim,0.174426,0.120002,0.120002,0.120002,0.120002,0.104811
2477.963944,sim,0.174423,0.119999,0.119999,0.119999,0.119999,0.104809
2477.967871,sim,0.174426,0.120001,0.120001,0.120001,0.120001,0.104811
2477.971939,sim,0.174423,0.119999,0.119999,0.119999,0.119999,0.104809
2477.976030,sim,0.213585,0.120001,0.120001,0.120001,0.120001,0.110169
2477.980183,sim,0.213583,0.119999,0.119999,0.119999,0.119999,0.110167
2477.983904,sim,0.213585,0.120002,0.120002,0.120002,0.120002,0.110170
2477.988048,sim,0.213582,0.119999,0.119999,0.119999,0.119999,0.110167
2477.991917,sim,0.213585,0.120002,0.120002,0.120002,0.120002,0.110170
2477.995870,sim,0.257230,0.138673,0.119999,0.119999,0.125746,0.114811
2477.999913,sim,0.257231,0.138674,0.120001,0.120001,0.125748,0.114813
2478.003924,sim,0.257230,0.138673,0.120000,0.120000,0.125747,0.114811
2478.007918,sim,0.257232,0.138674,0.120001,0.120001,0.125748,0.114813
2478.012146,sim,0.257230,0.138673,0.120000,0.120000,0.125747,0.114811
2478.015829,sim,0.303381,0.175665,0.120001,0.120001,0.161688,0.118837
2478.019969,sim,0.303380,0.175664,0.120000,0.120000,0.161687,0.118836
2478.023908,sim,0.303381,0.175665,0.120001,0.120001,0.161688,0.118837
2478.027821,sim,0.303380,0.175664,0.120000,0.120000,0.161687,0.118836
2478.031972,sim,0.303381,0.175665,0.120001,0.120001,0.161688,0.118837
2478.035868,sim,0.350311,0.216045,0.119999,0.119999,0.201157,0.122324
2478.040075,sim,0.350312,0.216046,0.120001,0.120001,0.201159,0.122325
2478.043884,sim,0.350311,0.216045,0.119999,0.119999,0.201157,0.122324
2478.047866,sim,0.350312,0.216046,0.120001,0.120001,0.201159,0.122325
2478.052345,sim,0.350311,0.216045,0.120000,0.120000,0.201158,0.122324
2478.055968,sim,0.400695,0.257977,0.125262,0.131037,0.242301,0.125348
2478.059971,sim,0.400695,0.257977,0.125262,0.131037,0.242301,0.125347
2478.063910,sim,0.400695,0.257977,0.125262,0.131037,0.242301,0.125347
2478.067956,sim,0.400695,0.257977,0.125262,0.131037,0.242301,0.125347
2478.072225,sim,0.400695,0.257977,0.125262,0.131037,0.242301,0.125347
2478.075885,sim,0.451295,0.302640,0.159880,0.164885,0.283506,0.127967
2478.080114,sim,0.451295,0.302640,0.159880,0.164885,0.283506,0.127967
2478.083944,sim,0.451295,0.302640,0.159880,0.164885,0.283506,0.127967
2478.087895,sim,0.451295,0.302640,0.159880,0.164885,0.283506,0.127967
2478.092097,sim,0.451295,0.302640,0.159880,0.164885,0.283506,0.127967
2478.095952,sim,0.504858,0.348283,0.196817,0.201155,0.328926,0.130238
2478.100392,sim,0.504858,0.348283,0.196817,0.201155,0.328926,0.130238
2478.104010,sim,0.504858,0.348283,0.196817,0.201155,0.328926,0.130238
2478.107931,sim,0.504858,0.348283,0.196817,0.201155,0.328926,0.130238
2478.111924,sim,0.504858,0.348283,0.196817,0.201155,0.328926,0.130238
2478.115941,sim,0.558214,0.396163,0.235765,0.240911,0.375225,0.132206
2478.120093,sim,0.558214,0.396163,0.235765,0.240911,0.375225,0.132206
2478.123878,sim,0.558214,0.396163,0.235765,0.240911,0.375225,0.132206
2478.127854,sim,0.558214,0.396163,0.235765,0.240911,0.375225,0.132206
2478.132592,sim,0.558214,0.396163,0.235765,0.240911,0.375225,0.132206
2478.136036,sim,0.612778,0.443206,0.276454,0.280914,0.423673,0.133911
2478.140078,sim,0.612778,0.443206,0.276454,0.280914,0.423673,0.133911
2478.143901,sim,0.612778,0.443206,0.276454,0.280914,0.423673,0.133911
2478.148319,sim,0.612778,0.443206,0.276454,0.280914,0.423673,0.133911
2478.152082,sim,0.612778,0.443206,0.276454,0.280914,0.423673,0.133911
2478.155871,sim,0.667002,0.493686,0.318654,0.323906,0.471210,0.135389
2478.160104,sim,0.667002,0.493686,0.318654,0.323906,0.471210,0.135389
2478.163966,sim,0.667002,0.493686,0.318654,0.323906,0.471210,0.135389
2478.167974,sim,0.667002,0.493686,0.318654,0.323906,0.471210,0.135389
2478.172015,sim,0.667002,0.493686,0.318654,0.323906,0.471210,0.135389
2478.175935,sim,0.713996,0.541597,0.360774,0.366714,0.520730,0.136670
2478.180202,sim,0.713996,0.541597,0.360774,0.366714,0.520730,0.136670
2478.183944,sim,0.713996,0.541597,0.360774,0.366714,0.520730,0.136670
2478.187876,sim,0.713996,0.541597,0.360774,0.366714,0.520730,0.136670
2478.191920,sim,0.713996,0.541597,0.360774,0.366714,0.520730,0.136670
2478.195989,sim,0.713996,0.541597,0.360774,0.366714,0.520730,0.136670
2478.200152,sim,0.754724,0.594215,0.406988,0.412136,0.573357,0.137780
2478.203837,sim,0.754724,0.594215,0.406988,0.412136,0.573357,0.137780
2478.207903,sim,0.754724,0.594215,0.406988,0.412136,0.573357,0.137780
2478.211985,sim,0.754724,0.594215,0.406988,0.412136,0.573357,0.137780
2478.215923,sim,0.790022,0.646753,0.453975,0.457049,0.624515,0.138743
2478.219965,sim,0.790022,0.646753,0.453975,0.457049,0.624515,0.138743
2478.223910,sim,0.790022,0.646753,0.453975,0.457049,0.624515,0.138743
2478.227925,sim,0.790022,0.646753,0.453975,0.457049,0.624515,0.138743
2478.231958,sim,0.790022,0.646753,0.453975,0.457049,0.624515,0.138743
2478.235867,sim,0.820613,0.699221,0.501633,0.504297,0.677174,0.139576
2478.240744,sim,0.820613,0.699221,0.501633,0.504297,0.677174,0.139576
2478.244051,sim,0.820613,0.699221,0.501633,0.504297,0.677174,0.139576
2478.247994,sim,0.820613,0.699221,0.501633,0.504297,0.677174,0.139576
2478.251929,sim,0.820613,0.699221,0.501633,0.504297,0.677174,0.139576
2478.255978,sim,0.820613,0.699221,0.501633,0.504297,0.677174,0.139576
2478.260142,sim,0.847126,0.754402,0.551258,0.553567,0.731134,0.140299
2478.263882,sim,0.847126,0.754402,0.551258,0.553567,0.731134,0.140299
2478.267821,sim,0.847126,0.754402,0.551258,0.553567,0.731134,0.140299
2478.271930,sim,0.847126,0.754402,0.551258,0.553567,0.731134,0.140299
2478.275917,sim,0.847126,0.754402,0.551258,0.553567,0.731134,0.140299
2478.280107,sim,0.870103,0.807774,0.601201,0.603202,0.780673,0.140925
2478.283846,sim,0.870103,0.807774,0.601201,0.603202,0.780673,0.140925
2478.287851,sim,0.870103,0.807774,0.601201,0.603202,0.780673,0.140925
2478.291959,sim,0.870103,0.807774,0.601201,0.603202,0.780673,0.140925
2478.296025,sim,0.890017,0.856804,0.650034,0.653155,0.823607,0.141468
2478.299920,sim,0.890017,0.856804,0.650034,0.653155,0.823607,0.141468
2478.303884,sim,0.890017,0.856804,0.650034,0.653155,0.823607,0.141468
2478.308042,sim,0.890017,0.856804,0.650034,0.653155,0.823607,0.141468
2478.311955,sim,0.890017,0.856804,0.650034,0.653155,0.823607,0.141468
2478.315961,sim,0.890017,0.856804,0.650034,0.653155,0.823607,0.141468
2478.320064,sim,0.907276,0.899296,0.700677,0.703382,0.860817,0.141939
2478.323991,sim,0.907276,0.899296,0.700677,0.703382,0.860817,0.141939
2478.327876,sim,0.907276,0.899296,0.700677,0.703382,0.860817,0.141939
2478.331835,sim,0.907276,0.899296,0.700677,0.703382,0.860817,0.141939
2478.335960,sim,0.907276,0.899296,0.700677,0.703382,0.860817,0.141939
2478.340060,sim,0.922233,0.936123,0.752890,0.755235,0.893065,0.142346
2478.343949,sim,0.922233,0.936123,0.752890,0.755235,0.893065,0.142346
2478.347853,sim,0.922233,0.936123,0.752890,0.755235,0.893065,0.142346
2478.351890,sim,0.922233,0.936123,0.752890,0.755235,0.893065,0.142346
2478.356117,sim,0.922233,0.936123,0.752890,0.755235,0.893065,0.142346
2478.360135,sim,0.935196,0.968039,0.802303,0.808496,0.921013,0.142700
2478.363844,sim,0.935196,0.968039,0.802303,0.808496,0.921013,0.142700
2478.367830,sim,0.935196,0.968039,0.802303,0.808496,0.921013,0.142700
2478.371880,sim,0.935196,0.968039,0.802303,0.808496,0.921013,0.142700
2478.375910,sim,0.935196,0.968039,0.802303,0.808496,0.921013,0.142700
2478.380073,sim,0.946431,0.995700,0.854836,0.854655,0.945235,0.143006
2478.383934,sim,0.946431,0.995700,0.854836,0.854655,0.945235,0.143006
2478.388047,sim,0.946431,0.995700,0.854836,0.854655,0.945235,0.143006
2478.391963,sim,0.946431,0.995700,0.854836,0.854655,0.945235,0.143006
2478.396029,sim,0.946431,0.995700,0.854836,0.854655,0.945235,0.143006
2478.399982,sim,0.956172,1.000004,0.901755,0.894663,0.966231,0.143275
2478.403906,sim,0.956170,1.000002,0.901753,0.894661,0.966229,0.143273
2478.407997,sim,0.956170,1.000002,0.901753,0.894662,0.966229,0.143273
2478.411889,sim,0.956170,1.000002,0.901753,0.894662,0.966229,0.143273
2478.416251,sim,0.956170,1.000002,0.901753,0.894662,0.966229,0.143273
2478.420144,sim,0.964608,1.000002,0.942414,0.929332,0.984423,0.143503
2478.423997,sim,0.964608,1.000002,0.942414,0.929332,0.984423,0.143503
2478.427870,sim,0.964608,1.000002,0.942414,0.929332,0.984423,0.143503
2478.432095,sim,0.964608,1.000002,0.942414,0.929332,0.984423,0.143503
2478.436469,sim,0.971922,1.000002,0.977653,0.959381,1.000002,0.143703
2478.440104,sim,0.971922,1.000002,0.977653,0.959381,1.000002,0.143703
2478.443978,sim,0.971918,0.999998,0.977649,0.959377,0.999998,0.143699
2478.447978,sim,0.971918,0.999998,0.977649,0.959377,0.999998,0.143699
2478.451894,sim,0.971916,0.999996,0.977647,0.959375,0.999996,0.143697
2478.455983,sim,0.971918,0.999998,0.977649,0.959377,0.999998,0.143699
2478.460026,sim,0.978257,0.999999,0.999999,0.985419,0.999999,0.143872
2478.463963,sim,0.978258,1.000000,1.000000,0.985420,1.000000,0.143873
2478.467956,sim,0.978258,0.999999,0.999999,0.985420,0.999999,0.143873
2478.471897,sim,0.978260,1.000001,1.000001,0.985422,1.000001,0.143875
2478.475985,sim,0.978253,0.999995,0.999995,0.985415,0.999995,0.143868
2478.480186,sim,0.983755,1.000003,1.000003,1.000003,1.000003,0.144026
2478.483984,sim,0.983745,0.999993,0.999993,0.999993,0.999993,0.144017
2478.487976,sim,0.983755,1.000003,1.000003,1.000003,1.000003,0.144027
2478.491821,sim,0.983745,0.999994,0.999994,0.999994,0.999994,0.144017
2478.495953,sim,0.983755,1.000003,1.000003,1.000003,1.000003,0.144026
2478.500174,sim,0.988506,0.999994,0.999994,0.999994,0.999994,0.144147
2478.503963,sim,0.988515,1.000003,1.000003,1.000003,1.000003,0.144156
2478.507876,sim,0.988507,0.999995,0.999995,0.999995,0.999995,0.144148
2478.511873,sim,0.988515,1.000003,1.000003,1.000003,1.000003,0.144156
2478.516066,sim,0.988507,0.999994,0.999994,0.999994,0.999994,0.144148
2478.520108,sim,0.992641,1.000003,1.000003,1.000003,1.000003,0.144269
2478.523891,sim,0.992632,0.999994,0.999994,0.999994,0.999994,0.144260
2478.528136,sim,0.992642,1.000003,1.000003,1.000003,1.000003,0.144269
2478.531969,sim,0.992633,0.999994,0.999994,0.999994,0.999994,0.144260
2478.536040,sim,0.992640,1.000002,1.000002,1.000002,1.000002,0.144268
2478.540149,sim,0.996209,0.999995,0.999995,0.999995,0.999995,0.144358
2478.544576,sim,0.996217,1.000003,1.000003,1.000003,1.000003,0.144366
2478.547959,sim,0.996208,0.999994,0.999994,0.999994,0.999994,0.144357
2478.552515,sim,0.996217,1.000003,1.000003,1.000003,1.000003,0.144366
2478.555884,sim,0.996208,0.999994,0.999994,0.999994,0.999994,0.144357
2478.559943,sim,0.996217,1.000003,1.000003,1.000003,1.000003,0.144366
2478.564015,sim,0.999308,0.999994,0.999994,0.999994,0.999994,0.144442
2478.567995,sim,0.999316,1.000003,1.000003,1.000003,1.000003,0.144450
2478.571894,sim,0.999307,0.999994,0.999994,0.999994,0.999994,0.144441
2478.575976,sim,0.999316,1.000003,1.000003,1.000003,1.000003,0.144450
2478.580251,sim,0.999994,0.999995,0.999995,0.999995,0.999995,0.144515
2478.583986,sim,1.000001,1.000001,1.000001,1.000001,1.000001,0.144522
2478.587869,sim,0.999996,0.999996,0.999996,0.999996,0.999996,0.144517
2478.591882,sim,1.000000,1.000000,1.000000,1.000000,1.000000,0.144521
2478.595941,sim,0.999994,0.999994,0.999994,0.999994,0.999994,0.144578
2478.600095,sim,1.000001,1.000001,1.000001,1.000001,1.000001,0.144649
2478.603852,sim,0.999995,0.999995,0.999995,0.999995,0.999995,0.144706
2478.607944,sim,1.000001,1.000001,1.000001,1.000001,1.000001,0.144775
2478.611883,sim,0.999994,0.999994,0.999994,0.999994,0.999994,0.144832
2478.615965,sim,1.000002,1.000002,1.000002,1.000002,1.000002,0.144903
2478.620092,sim,0.999996,0.999996,0.999996,0.999996,0.999996,0.144961
2478.623913,sim,1.000000,1.000000,1.000000,1.000000,1.000000,0.144997
2478.627878,sim,0.999994,0.999994,0.999994,0.999994,0.999994,0.144991
2478.631898,sim,1.000002,1.000002,1.000002,1.000002,1.000002,0.144998
2478.635983,sim,0.999996,0.999996,0.999996,0.999996,0.999996,0.144992
2478.639939,sim,1.000001,1.000001,1.000001,1.000001,1.000001,0.144997
2478.643929,sim,0.999994,0.999994,0.999994,0.999994,0.999994,0.144990
2478.647894,sim,1.000002,1.000002,1.000002,1.000002,1.000002,0.144998
2478.651881,sim,0.999996,0.999996,0.999996,0.999996,0.999996,0.144992
2478.655892,sim,1.000001,1.000001,1.000001,1.000001,1.000001,0.144997
2478.660136,sim,0.999995,0.999995,0.999995,0.999995,0.999995,0.144991
2478.663944,sim,1.000002,1.000002,1.000002,1.000002,1.000002,0.144998
2478.667917,sim,0.999996,0.999996,0.999996,0.999996,0.999996,0.144992
2478.671919,sim,1.000001,1.000001,1.000001,1.000001,1.000001,0.144997
2478.676034,sim,0.999994,0.999994,0.999994,0.999994,0.999994,0.144991
2478.680259,sim,1.000002,1.000002,1.000002,1.000002,1.000002,0.144998
2478.683965,sim,0.999996,0.999996,0.999996,0.999996,0.999996,0.144992
2478.687935,sim,1.000000,1.000000,1.000000,1.000000,1.000000,0.144997
2478.692272,sim,0.999995,0.999995,0.999995,0.999995,0.999995,0.144991
2478.696130,sim,1.000002,1.000002,1.000002,1.000002,1.000002,0.144998
2478.700175,sim,0.999996,0.999996,0.999996,0.999996,0.999996,0.144992
2478.704016,sim,1.000000,1.000000,1.000000,1.000000,1.000000,0.144997
2478.708023,sim,0.999995,0.999995,0.999995,0.999995,0.999995,0.144991
2478.713021,sim,1.000002,1.000002,1.000002,1.000002,1.000002,0.144998
2478.716000,sim,0.999996,0.999996,0.999996,0.999996,0.999996,0.144992
2478.720200,sim,1.000000,1.000000,1.000000,1.000000,1.000000,0.144997
2478.724034,sim,0.999994,0.999994,0.999994,0.999994,0.999994,0.144991
2478.728038,sim,1.000001,1.000001,1.000001,1.000001,1.000001,0.144997
2478.731888,sim,0.999996,0.999996,0.999996,0.999996,0.999996,0.144993
2478.735925,sim,1.000001,1.000001,1.000001,1.000001,1.000001,0.144997
2478.740146,sim,0.999995,0.999995,0.999995,0.999995,0.999995,0.144991
2478.743992,sim,1.000001,1.000001,1.000001,1.000001,1.000001,0.144998
2478.747925,sim,0.999996,0.999996,0.999996,0.999996,0.999996,0.144992
2478.751952,sim,1.000001,1.000001,1.000001,1.000001,1.000001,0.144997
2478.756714,sim,0.999995,0.999995,0.999995,0.999995,0.999995,0.144991
2478.760194,sim,1.000002,1.000002,1.000002,1.000002,1.000002,0.144998
2478.764049,sim,0.999996,0.999996,0.999996,0.999996,0.999996,0.144993
2478.767975,sim,1.000000,1.000000,1.000000,1.000000,1.000000,0.144996
2478.771950,sim,0.999995,0.999995,0.999995,0.999995,0.999995,0.144991
2478.776142,sim,1.000001,1.000001,1.000001,1.000001,1.000001,0.144998
2478.780137,sim,0.999995,0.999995,0.999995,0.999995,0.999995,0.144992
2478.783978,sim,1.000001,1.000001,1.000001,1.000001,1.000001,0.144997
2478.788152,sim,0.999994,0.999994,0.999994,0.999994,0.999994,0.144991
2478.791994,sim,1.000002,1.000002,1.000002,1.000002,1.000002,0.144998
2478.795940,sim,0.999996,0.999996,0.999996,0.999996,0.999996,0.144992
2478.800056,sim,1.000000,1.000000,1.000000,1.000000,1.000000,0.144997
2478.804068,sim,0.980725,0.999994,0.999994,0.999994,0.999994,0.144990
2478.808047,sim,0.980736,1.000004,1.000004,1.000004,1.000004,0.145001
2478.812012,sim,0.980726,0.999994,0.999994,0.999994,0.999994,0.144991
2478.815977,sim,0.980735,1.000003,1.000003,1.000003,1.000003,0.145000
2478.820246,sim,0.980726,0.999994,0.999994,0.999994,0.999994,0.144990
2478.824089,sim,0.955384,1.000003,1.000003,1.000003,1.000003,0.139629
2478.827923,sim,0.955375,0.999994,0.999994,0.999994,0.999994,0.139620
2478.831961,sim,0.955383,1.000002,1.000002,1.000002,1.000002,0.139628
2478.835961,sim,0.955375,0.999995,0.999995,0.999995,0.999995,0.139621
2478.840172,sim,0.955384,1.000003,1.000003,1.000003,1.000003,0.139629
2478.844021,sim,0.925082,0.999994,0.999994,0.999994,0.999994,0.128522
2478.848013,sim,0.925091,1.000003,1.000003,1.000003,1.000003,0.128531
2478.851961,sim,0.925082,0.999994,0.999994,0.999994,0.999994,0.128522
2478.856048,sim,0.925091,1.000003,1.000003,1.000003,1.000003,0.128531
2478.860513,sim,0.925082,0.999994,0.999994,0.999994,0.999994,0.128522
2478.863960,sim,0.891903,1.000005,1.000005,1.000005,0.994639,0.111395
2478.868090,sim,0.891896,0.999997,0.999997,0.999997,0.994632,0.111388
2478.872013,sim,0.891901,1.000003,1.000003,1.000003,0.994637,0.111393
2478.875925,sim,0.891895,0.999997,0.999997,0.999997,0.994631,0.111387
2478.880233,sim,0.891902,1.000003,1.000003,1.000003,0.994637,0.111394
2478.884065,sim,0.891895,0.999997,0.999997,0.999997,0.994631,0.111387
2478.888018,sim,0.891901,1.000002,1.000002,1.000002,0.994637,0.111393
2478.891894,sim,0.891896,0.999997,0.999997,0.999997,0.994631,0.111388
2478.896028,sim,0.891901,1.000002,1.000002,1.000002,0.994637,0.111393
2478.900261,sim,0.891896,0.999997,0.999997,0.999997,0.994631,0.111388
2478.904079,sim,0.847880,1.000002,1.000002,1.000002,0.950788,0.096541
2478.907973,sim,0.847875,0.999997,0.999997,0.999997,0.950782,0.096535
2478.911979,sim,0.847880,1.000003,1.000003,1.000003,0.950788,0.096541
2478.916061,sim,0.847875,0.999997,0.999997,0.999997,0.950782,0.096535
2478.920619,sim,0.847881,1.000003,1.000003,1.000003,0.950788,0.096542
2478.923987,sim,0.801402,0.957383,0.999997,0.973521,0.904459,0.083664
2478.928214,sim,0.801405,0.957387,1.000001,0.973525,0.904462,0.083668
2478.931983,sim,0.801402,0.957384,0.999998,0.973522,0.904459,0.083665
2478.936078,sim,0.801405,0.957387,1.000001,0.973525,0.904462,0.083668
2478.940383,sim,0.801402,0.957384,0.999998,0.973522,0.904459,0.083665
2478.944058,sim,0.754193,0.906021,1.000001,0.928330,0.858766,0.072512
2478.948251,sim,0.754190,0.906018,0.999998,0.928327,0.858763,0.072509
2478.952104,sim,0.754193,0.906021,1.000001,0.928330,0.858766,0.072512
2478.956190,sim,0.754190,0.906018,0.999998,0.928327,0.858763,0.072509
2478.960214,sim,0.754193,0.906021,1.000001,0.928330,0.858766,0.072512
2478.964164,sim,0.706340,0.854568,0.956487,0.886385,0.809453,0.062843
2478.968173,sim,0.706340,0.854568,0.956487,0.886386,0.809453,0.062843
2478.972221,sim,0.706340,0.854568,0.956487,0.886386,0.809453,0.062843
2478.976210,sim,0.706340,0.854568,0.956487,0.886386,0.809453,0.062843
2478.980490,sim,0.706340,0.854568,0.956487,0.886386,0.809453,0.062843
2478.984126,sim,0.656546,0.800268,0.912177,0.838939,0.759781,0.054464
2478.988059,sim,0.656546,0.800268,0.912177,0.838939,0.759781,0.054464
2478.992591,sim,0.656546,0.800268,0.912177,0.838939,0.759781,0.054464
2478.996076,sim,0.656546,0.800268,0.912177,0.838939,0.759781,0.054464
2479.000159,sim,0.656546,0.800268,0.912177,0.838939,0.759781,0.054464
2479.003972,sim,0.606456,0.746272,0.865452,0.793657,0.708409,0.047202
2479.008208,sim,0.606456,0.746272,0.865452,0.793657,0.708409,0.047202
2479.012054,sim,0.606456,0.746272,0.865452,0.793657,0.708409,0.047202
2479.016014,sim,0.606456,0.746272,0.865452,0.793657,0.708409,0.047202
2479.020271,sim,0.606456,0.746272,0.865452,0.793657,0.708409,0.047202
2479.024066,sim,0.557496,0.689767,0.818022,0.746091,0.656952,0.040909
2479.028134,sim,0.557496,0.689767,0.818022,0.746091,0.656952,0.040909
2479.032041,sim,0.557496,0.689767,0.818022,0.746091,0.656952,0.040909
2479.036344,sim,0.557496,0.689767,0.818022,0.746091,0.656952,0.040909
2479.040123,sim,0.557496,0.689767,0.818022,0.746091,0.656952,0.040909
2479.044233,sim,0.505356,0.633860,0.769981,0.696545,0.604034,0.035454
2479.048195,sim,0.505356,0.633860,0.769981,0.696545,0.604034,0.035454
2479.052064,sim,0.505356,0.633860,0.769981,0.696545,0.604034,0.035454
2479.056026,sim,0.505356,0.633860,0.769981,0.696545,0.604034,0.035454
2479.060299,sim,0.505356,0.633860,0.769981,0.696545,0.604034,0.035454
2479.064086,sim,0.453232,0.575699,0.721411,0.646670,0.551236,0.030727
2479.068067,sim,0.453232,0.575699,0.721411,0.646670,0.551236,0.030727
2479.072074,sim,0.453232,0.575699,0.721411,0.646670,0.551236,0.030727
2479.076083,sim,0.453232,0.575699,0.721411,0.646670,0.551236,0.030727
2479.080373,sim,0.453232,0.575699,0.721411,0.646670,0.551236,0.030727
2479.084010,sim,0.453232,0.575699,0.721411,0.646670,0.551236,0.030727
2479.088063,sim,0.398349,0.515583,0.670994,0.595122,0.495769,0.026630
2479.092089,sim,0.398349,0.515583,0.670994,0.595122,0.495769,0.026630
2479.096153,sim,0.398349,0.515583,0.670994,0.595122,0.495769,0.026630
2479.100182,sim,0.398349,0.515583,0.670994,0.595122,0.495769,0.026630
2479.104071,sim,0.346623,0.456548,0.621752,0.544900,0.440763,0.023079
2479.108077,sim,0.346623,0.456548,0.621752,0.544900,0.440763,0.023079
2479.112058,sim,0.346623,0.456548,0.621752,0.544900,0.440763,0.023079
2479.115971,sim,0.346623,0.456548,0.621752,0.544900,0.440763,0.023079
2479.120223,sim,0.346623,0.456548,0.621752,0.544900,0.440763,0.023079
2479.124265,sim,0.346623,0.456548,0.621752,0.544900,0.440763,0.023079
2479.128071,sim,0.300407,0.395675,0.569366,0.494439,0.386156,0.020002
2479.132054,sim,0.300407,0.395675,0.569366,0.494439,0.386156,0.020002
2479.136090,sim,0.300407,0.395675,0.569366,0.494439,0.386156,0.020002
2479.140422,sim,0.300407,0.395675,0.569366,0.494439,0.386156,0.020002
2479.144286,sim,0.300407,0.395675,0.569366,0.494439,0.386156,0.020002
2479.148123,sim,0.260352,0.342918,0.517030,0.442384,0.334668,0.017335
2479.152068,sim,0.260352,0.342918,0.517030,0.442384,0.334668,0.017335
2479.156204,sim,0.260352,0.342918,0.517030,0.442384,0.334668,0.017335
2479.160720,sim,0.260352,0.342918,0.517030,0.442384,0.334668,0.017335
2479.164166,sim,0.225639,0.297196,0.466124,0.393109,0.290046,0.015024
2479.168093,sim,0.225639,0.297196,0.466124,0.393109,0.290046,0.015024
2479.172099,sim,0.225639,0.297196,0.466124,0.393109,0.290046,0.015024
2479.176116,sim,0.225639,0.297196,0.466124,0.393109,0.290046,0.015024
2479.180520,sim,0.225639,0.297196,0.466124,0.393109,0.290046,0.015024
2479.184078,sim,0.225639,0.297196,0.466124,0.393109,0.290046,0.015024
2479.188233,sim,0.195554,0.257570,0.415070,0.342081,0.251373,0.013021
2479.192142,sim,0.195554,0.257570,0.415070,0.342081,0.251373,0.013021
2479.196101,sim,0.195554,0.257570,0.415070,0.342081,0.251373,0.013021
2479.200373,sim,0.195554,0.257570,0.415070,0.342081,0.251373,0.013021
2479.204453,sim,0.195554,0.257570,0.415070,0.342081,0.251373,0.013021
2479.208177,sim,0.169480,0.223227,0.362501,0.296470,0.217857,0.011285
2479.212139,sim,0.169480,0.223227,0.362501,0.296470,0.217857,0.011285
2479.216101,sim,0.169480,0.223227,0.362501,0.296470,0.217857,0.011285
2479.220226,sim,0.169480,0.223227,0.362501,0.296470,0.217857,0.011285
2479.224180,sim,0.169480,0.223227,0.362501,0.296470,0.217857,0.011285
2479.228127,sim,0.146882,0.193463,0.314168,0.256941,0.188809,0.009780
2479.232182,sim,0.146882,0.193463,0.314168,0.256941,0.188809,0.009780
2479.236106,sim,0.146882,0.193463,0.314168,0.256941,0.188809,0.009780
2479.240152,sim,0.146882,0.193463,0.314168,0.256941,0.188809,0.009780
2479.244131,sim,0.146882,0.193463,0.314168,0.256941,0.188809,0.009780
2479.249162,sim,0.127298,0.167668,0.272279,0.222682,0.163635,0.008476
2479.252099,sim,0.127298,0.167668,0.272279,0.222682,0.163635,0.008476
2479.256091,sim,0.127298,0.167668,0.272279,0.222682,0.163635,0.008476
2479.260043,sim,0.127298,0.167668,0.272279,0.222682,0.163635,0.008476
2479.264575,sim,0.127298,0.167668,0.272279,0.222682,0.163635,0.008476
2479.268087,sim,0.110325,0.145313,0.235975,0.192991,0.141817,0.007346
2479.272066,sim,0.110325,0.145313,0.235975,0.192991,0.141817,0.007346
2479.275982,sim,0.110325,0.145313,0.235975,0.192991,0.141817,0.007346
2479.280224,sim,0.110325,0.145313,0.235975,0.192991,0.141817,0.007346
2479.284486,sim,0.110325,0.145313,0.235975,0.192991,0.141817,0.007346
2479.288142,sim,0.095615,0.125938,0.204512,0.167259,0.122908,0.006366
2479.292054,sim,0.095615,0.125938,0.204512,0.167259,0.122908,0.006366
2479.296077,sim,0.095615,0.125938,0.204512,0.167259,0.122908,0.006366
2479.300191,sim,0.095615,0.125938,0.204512,0.167259,0.122908,0.006366
2479.304201,sim,0.095615,0.125938,0.204512,0.167259,0.122908,0.006366
2479.308087,sim,0.082866,0.120000,0.177243,0.144958,0.120000,0.005518
2479.312100,sim,0.082866,0.120000,0.177243,0.144958,0.120000,0.005517
2479.316137,sim,0.082867,0.120000,0.177244,0.144958,0.120000,0.005518
2479.320253,sim,0.082866,0.120000,0.177243,0.144957,0.120000,0.005517
2479.324131,sim,0.082867,0.120000,0.177244,0.144958,0.120000,0.005518
2479.328120,sim,0.080000,0.120000,0.153611,0.125630,0.120000,0.004781
2479.332103,sim,0.080001,0.120001,0.153612,0.125631,0.120001,0.004783
2479.336100,sim,0.079999,0.119999,0.153610,0.125629,0.119999,0.004781
2479.340118,sim,0.080001,0.120001,0.153612,0.125631,0.120001,0.004783
2479.344119,sim,0.079999,0.119999,0.153610,0.125629,0.119999,0.004781
2479.348090,sim,0.080001,0.120001,0.133131,0.120001,0.120001,0.004145
2479.352090,sim,0.079999,0.119999,0.133129,0.119999,0.119999,0.004143
2479.356107,sim,0.080002,0.120002,0.133131,0.120002,0.120002,0.004146
2479.360155,sim,0.079999,0.119999,0.133128,0.119999,0.119999,0.004143
2479.364159,sim,0.080002,0.120002,0.133131,0.120002,0.120002,0.004146
2479.368175,sim,0.079999,0.119999,0.119999,0.119999,0.119999,0.003590
2479.372200,sim,0.080002,0.120002,0.120002,0.120002,0.120002,0.003594
2479.376147,sim,0.079999,0.119999,0.119999,0.119999,0.119999,0.003590
2479.380464,sim,0.080002,0.120002,0.120002,0.120002,0.120002,0.003594
2479.384170,sim,0.079999,0.119999,0.119999,0.119999,0.119999,0.003590
2479.388132,sim,0.080002,0.120002,0.120002,0.120002,0.120002,0.003115
2479.392163,sim,0.079999,0.119999,0.119999,0.119999,0.119999,0.003111
2479.396194,sim,0.080002,0.120002,0.120002,0.120002,0.120002,0.003115
2479.400391,sim,0.079999,0.119999,0.119999,0.119999,0.119999,0.003111
2479.404442,sim,0.080002,0.120002,0.120002,0.120002,0.120002,0.003115
2479.408847,sim,0.079999,0.119999,0.119999,0.119999,0.119999,0.003111
2479.412284,sim,0.080002,0.120002,0.120002,0.120002,0.120002,0.002700
2479.416223,sim,0.079999,0.119999,0.119999,0.119999,0.119999,0.002696
2479.420280,sim,0.080002,0.120002,0.120002,0.120002,0.120002,0.002700
2479.424160,sim,0.079999,0.119999,0.119999,0.119999,0.119999,0.002696
2479.428162,sim,0.080002,0.120002,0.120002,0.120002,0.120002,0.002340
2479.432218,sim,0.079999,0.119999,0.119999,0.119999,0.119999,0.001977
2479.436156,sim,0.080002,0.120002,0.120002,0.120002,0.120002,0.001621
2479.440231,sim,0.079999,0.119999,0.119999,0.119999,0.119999,0.001258
2479.444177,sim,0.080002,0.120002,0.120002,0.120002,0.120002,0.000901
2479.448134,sim,0.079999,0.119999,0.119999,0.119999,0.119999,0.000538
2479.452122,sim,0.080002,0.120002,0.120002,0.120002,0.120002,0.000183
2479.456146,sim,0.079999,0.119998,0.119999,0.119999,0.119998,0.000003
2479.460334,sim,0.080002,0.120002,0.120002,0.120002,0.120002,0.000023
2479.464159,sim,0.079999,0.119999,0.119999,0.119999,0.119999,-0.000015
2479.468163,sim,0.080002,0.120002,0.120002,0.120002,0.120002,0.000023
2479.472180,sim,0.079999,0.119999,0.119999,0.119999,0.119999,-0.000014
2479.476180,sim,0.080002,0.120002,0.120002,0.120002,0.120002,0.000022
2479.480387,sim,0.079999,0.119999,0.119999,0.119999,0.119999,-0.000014
2479.484188,sim,0.080002,0.120002,0.120002,0.120002,0.120002,0.000022
2479.488116,sim,0.079999,0.119999,0.119999,0.119999,0.119999,-0.000014
2479.492144,sim,0.080002,0.120002,0.120002,0.120002,0.120002,0.000023
2479.496203,sim,0.079999,0.119999,0.119999,0.119999,0.119999,-0.000015
2479.500209,sim,0.080002,0.120002,0.120002,0.120002,0.120002,0.000023
2479.504136,sim,0.079999,0.119999,0.119999,0.119999,0.119999,-0.000015
2479.508165,sim,0.080002,0.120002,0.120002,0.120002,0.120002,0.000024
2479.512337,sim,0.079999,0.119999,0.119999,0.119999,0.119999,-0.000015
2479.516232,sim,0.080002,0.120002,0.120002,0.120002,0.120002,0.000025
2479.520318,sim,0.079998,0.119998,0.119998,0.119998,0.119998,-0.000016
2479.524160,sim,0.080002,0.120002,0.120002,0.120002,0.120002,0.000024
2479.528247,sim,0.079999,0.119999,0.119999,0.119999,0.119999,-0.000015
2479.532178,sim,0.080002,0.120002,0.120002,0.120002,0.120002,0.000024
2479.536177,sim,0.079998,0.119998,0.119998,0.119998,0.119998,-0.000015
2479.540347,sim,0.080002,0.120002,0.120002,0.120002,0.120002,0.000022
2479.544186,sim,0.079999,0.119999,0.119999,0.119999,0.119999,-0.000014
2479.548181,sim,0.080002,0.120002,0.120002,0.120002,0.120002,0.000023
2479.552170,sim,0.079999,0.119999,0.119999,0.119999,0.119999,-0.000015
2479.556142,sim,0.080002,0.120002,0.120002,0.120002,0.120002,0.000023
2479.560308,sim,0.079998,0.119998,0.119998,0.119998,0.119998,-0.000015
2479.564080,sim,0.080002,0.120002,0.120002,0.120002,0.120002,0.000023
2479.568199,sim,0.079999,0.119999,0.119999,0.119999,0.119999,-0.000015
2479.572171,sim,0.080002,0.120002,0.120002,0.120002,0.120002,0.000023
2479.576147,sim,0.079999,0.119999,0.119999,0.119999,0.119999,-0.000015
2479.580209,sim,0.080002,0.120002,0.120002,0.120002,0.120002,0.000022
2479.584228,sim,0.079999,0.119999,0.119999,0.119999,0.119999,-0.000014
2479.588145,sim,0.080002,0.120002,0.120002,0.120002,0.120002,0.000023
2479.592179,sim,0.079998,0.119998,0.119998,0.119998,0.119998,-0.000015
2479.596171,sim,0.080002,0.120002,0.120002,0.120002,0.120002,0.000024
2479.600280,sim,0.079999,0.119999,0.119999,0.119999,0.119999,-0.000015
2479.604208,sim,0.080002,0.120002,0.120002,0.120002,0.120002,0.000024
2479.608241,sim,0.079999,0.119999,0.119999,0.119999,0.119999,-0.000015
2479.612212,sim,0.080002,0.120002,0.120002,0.120002,0.120002,0.000022
2479.616175,sim,0.079999,0.119999,0.119999,0.119999,0.119999,-0.000014
2479.620331,sim,0.080002,0.120002,0.120002,0.120002,0.120002,0.000024
2479.624250,sim,0.079999,0.119999,0.119999,0.119999,0.119999,-0.000015
2479.628202,sim,0.080002,0.120002,0.120002,0.120002,0.120002,0.000024
2479.632223,sim,0.079998,0.119998,0.119998,0.119998,0.119998,-0.000015
2479.636186,sim,0.080002,0.120002,0.120002,0.120002,0.120002,0.000022
2479.640242,sim,0.079999,0.119999,0.119999,0.119999,0.119999,-0.000014
2479.644150,sim,0.080002,0.120002,0.120002,0.120002,0.120002,0.000022
2479.648183,sim,0.079999,0.119999,0.119999,0.119999,0.119999,-0.000014
2479.652210,sim,0.080002,0.120002,0.120002,0.120002,0.120002,0.000023
2479.656238,sim,0.079999,0.119999,0.119999,0.119999,0.119999,-0.000015
2479.660289,sim,0.080002,0.120002,0.120002,0.120002,0.120002,0.000022
2479.664345,sim,0.079999,0.119999,0.119999,0.119999,0.119999,-0.000014
2479.668288,sim,0.080002,0.120002,0.120002,0.120002,0.120002,0.000024
2479.672275,sim,0.079999,0.119999,0.119999,0.119999,0.119999,-0.000015
2479.676173,sim,0.080002,0.120002,0.120002,0.120002,0.120002,0.000023
2479.680293,sim,0.079998,0.119998,0.119998,0.119998,0.119998,-0.000015
2479.684248,sim,0.080002,0.120002,0.120002,0.120002,0.120002,0.000022
2479.688307,sim,0.079998,0.119998,0.119998,0.119998,0.119998,-0.000014
2479.692173,sim,0.080002,0.120002,0.120002,0.120002,0.120002,0.000023
2479.696261,sim,0.079999,0.119999,0.119999,0.119999,0.119999,-0.000014
2479.700321,sim,0.080002,0.120002,0.120002,0.120002,0.120002,0.000023
2479.704234,sim,0.079999,0.119999,0.119999,0.119999,0.119999,-0.000015
2479.708205,sim,0.080002,0.120002,0.120002,0.120002,0.120002,0.000022
2479.712541,sim,0.079999,0.119999,0.119999,0.119999,0.119999,-0.000014
2479.716177,sim,0.080002,0.120002,0.120002,0.120002,0.120002,0.000023
2479.720683,sim,0.079998,0.119998,0.119998,0.119998,0.119998,-0.000015
2479.724129,sim,0.080002,0.120002,0.120002,0.120002,0.120002,0.000023
2479.728183,sim,0.079999,0.119999,0.119999,0.119999,0.119999,-0.000015
2479.732347,sim,0.080002,0.120002,0.120002,0.120002,0.120002,0.000023
2479.736282,sim,0.079999,0.119999,0.119999,0.119999,0.119999,-0.000015
2479.740199,sim,0.080002,0.120002,0.120002,0.120002,0.120002,0.000023
2479.744235,sim,0.079999,0.119999,0.119999,0.119999,0.119999,-0.000015
2479.748241,sim,0.080002,0.120002,0.120002,0.120002,0.120002,0.000022
2479.752212,sim,0.079998,0.119998,0.119998,0.119998,0.119998,-0.000015
2479.756188,sim,0.080002,0.120002,0.120002,0.120002,0.120002,0.000022
2479.760830,sim,0.079998,0.119998,0.119998,0.119998,0.119998,-0.000014
2479.764195,sim,0.080002,0.120002,0.120002,0.120002,0.120002,0.000023
2479.768246,sim,0.079999,0.119999,0.119999,0.119999,0.119999,-0.000014
2479.772178,sim,0.080002,0.120002,0.120002,0.120002,0.120002,0.000023
2479.776155,sim,0.079999,0.119999,0.119999,0.119999,0.119999,-0.000015
2479.780407,sim,0.080002,0.120002,0.120002,0.120002,0.120002,0.000023
2479.784229,sim,0.079999,0.119998,0.119998,0.119998,0.119998,-0.000015
2479.788206,sim,0.080002,0.120002,0.120002,0.120002,0.120002,0.000023
2479.792599,sim,0.079999,0.119999,0.119999,0.119999,0.119999,-0.000014
2479.796217,sim,0.080002,0.120002,0.120002,0.120002,0.120002,0.000023
2479.800400,sim,0.079999,0.119999,0.119999,0.119999,0.119999,-0.000015
2479.804118,sim,0.080002,0.120002,0.120002,0.120002,0.120002,0.000022
2479.808151,sim,0.079999,0.119999,0.119999,0.119999,0.119999,-0.000014
2479.812286,sim,0.080002,0.120002,0.120002,0.120002,0.120002,0.000021
2479.816251,sim,0.079999,0.119999,0.119999,0.119999,0.119999,-0.000014
2479.820271,sim,0.080002,0.120002,0.120002,0.120002,0.120002,0.000022
2479.824157,sim,0.079999,0.119999,0.119999,0.119999,0.119999,-0.000014
2479.828325,sim,0.080002,0.120002,0.120002,0.120002,0.120002,0.000025
2479.832262,sim,0.079999,0.119999,0.119999,0.119999,0.119999,0.005346
2479.836202,sim,0.080002,0.120002,0.120002,0.120002,0.120002,0.005372
2479.840258,sim,0.079999,0.119999,0.119999,0.119999,0.119999,0.005369
2479.844229,sim,0.080002,0.120002,0.120002,0.120002,0.120002,0.005372
2479.848214,sim,0.079999,0.119999,0.119999,0.119999,0.119999,0.005369
2479.852266,sim,0.080002,0.120002,0.120002,0.120002,0.120002,0.019693
2479.856204,sim,0.079999,0.119999,0.119999,0.119999,0.119999,0.019690
2479.860355,sim,0.080002,0.120002,0.120002,0.120002,0.120002,0.019693
2479.864232,sim,0.079999,0.119999,0.119999,0.119999,0.119999,0.019689
2479.868212,sim,0.080002,0.120002,0.120002,0.120002,0.120002,0.019693
2479.872195,sim,0.079999,0.119999,0.119999,0.119999,0.119999,0.019689
2479.876281,sim,0.080002,0.120002,0.120002,0.120002,0.120002,0.037474
2479.880425,sim,0.079999,0.119999,0.119999,0.119999,0.119999,0.037471
2479.884132,sim,0.080002,0.120002,0.120002,0.120002,0.120002,0.037474
2479.888433,sim,0.079999,0.119999,0.119999,0.119999,0.119999,0.037471
2479.892280,sim,0.080002,0.120002,0.120002,0.120002,0.120002,0.052885
2479.896260,sim,0.079999,0.119999,0.119999,0.119999,0.119999,0.052881
2479.900313,sim,0.080002,0.120002,0.120002,0.120002,0.120002,0.052885
2479.904196,sim,0.079999,0.119999,0.119999,0.119999,0.119999,0.052882
2479.908422,sim,0.080002,0.120002,0.120002,0.120002,0.120002,0.052885
2479.912268,sim,0.079999,0.119999,0.119999,0.119999,0.119999,0.066238
2479.916247,sim,0.080002,0.120002,0.120002,0.120002,0.120002,0.066241
2479.920349,sim,0.079999,0.119999,0.119999,0.119999,0.119999,0.066237
2479.924258,sim,0.080002,0.120002,0.120002,0.120002,0.120002,0.066241
2479.928344,sim,0.079999,0.119999,0.119999,0.119999,0.119999,0.066237
2479.932194,sim,0.080002,0.120002,0.120002,0.120002,0.120002,0.077816
2479.936278,sim,0.079999,0.119999,0.119999,0.119999,0.119999,0.077813
2479.940433,sim,0.080002,0.120002,0.120002,0.120002,0.120002,0.077816
2479.944276,sim,0.079999,0.119999,0.119999,0.119999,0.119999,0.077813
2479.948215,sim,0.080002,0.120002,0.120002,0.120002,0.120002,0.077816
2479.952270,sim,0.079999,0.119999,0.119999,0.119999,0.119999,0.087844
2479.956410,sim,0.080002,0.120002,0.120002,0.120002,0.120002,0.087848
2479.960454,sim,0.079999,0.119999,0.119999,0.119999,0.119999,0.087844
2479.964284,sim,0.080002,0.120002,0.120002,0.120002,0.120002,0.087847
2479.968200,sim,0.079999,0.119999,0.119999,0.119999,0.119999,0.087844
2479.972313,sim,0.080002,0.120002,0.120002,0.120002,0.120002,0.087847
2479.976326,sim,0.113704,0.119999,0.119999,0.119999,0.119999,0.096538
2479.980491,sim,0.113707,0.120001,0.120001,0.120001,0.120001,0.096541
2479.984215,sim,0.113704,0.119999,0.119999,0.119999,0.119999,0.096539
2479.988339,sim,0.113707,0.120001,0.120001,0.120002,0.120001,0.096541
2479.992306,sim,0.149863,0.124121,0.119999,0.119999,0.119999,0.103000
2479.996270,sim,0.149865,0.124123,0.120001,0.120001,0.120001,0.103002
2480.000379,sim,0.149863,0.124121,0.119999,0.119999,0.119999,0.103000
2480.004361,sim,0.149865,0.124123,0.120001,0.120001,0.120001,0.103002
2480.008333,sim,0.149863,0.124122,0.119999,0.119999,0.119999,0.103000
2480.012305,sim,0.188138,0.160280,0.120001,0.120001,0.144582,0.108601
2480.016325,sim,0.188137,0.160279,0.120000,0.120000,0.144581,0.108600
2480.020440,sim,0.188138,0.160280,0.120001,0.120001,0.144582,0.108601
2480.024300,sim,0.188137,0.160279,0.120000,0.120000,0.144581,0.108600
2480.028292,sim,0.188138,0.160280,0.120001,0.120001,0.144582,0.108601
2480.032284,sim,0.231015,0.198550,0.119999,0.119999,0.183558,0.113452
2480.036392,sim,0.231017,0.198551,0.120001,0.120001,0.183560,0.113454
2480.040451,sim,0.231015,0.198550,0.119999,0.119999,0.183558,0.113453
2480.044388,sim,0.231017,0.198551,0.120001,0.120001,0.183560,0.113454
2480.048292,sim,0.231015,0.198550,0.120000,0.120000,0.183558,0.113453
2480.052397,sim,0.231017,0.198551,0.120001,0.120001,0.183560,0.113454
2480.056346,sim,0.277886,0.241427,0.119999,0.130617,0.225661,0.117658
2480.060339,sim,0.277887,0.241428,0.120000,0.130618,0.225661,0.117659
2480.064282,sim,0.277887,0.241428,0.120000,0.130617,0.225661,0.117659
2480.068332,sim,0.277887,0.241428,0.120000,0.130618,0.225661,0.117659
2480.072367,sim,0.277887,0.241428,0.120000,0.130617,0.225661,0.117659
2480.076223,sim,0.325444,0.286911,0.120000,0.167296,0.269085,0.121304
2480.080460,sim,0.325443,0.286910,0.120000,0.167295,0.269085,0.121304
2480.084340,sim,0.325443,0.286910,0.120000,0.167295,0.269085,0.121304
2480.088346,sim,0.325443,0.286910,0.120000,0.167295,0.269085,0.121304
2480.092197,sim,0.325443,0.286910,0.120000,0.167295,0.269085,0.121304
2480.096335,sim,0.376368,0.333264,0.120000,0.204631,0.315041,0.124463
2480.100446,sim,0.376368,0.333264,0.120000,0.204631,0.315041,0.124463
2480.104286,sim,0.376368,0.333264,0.120000,0.204631,0.315041,0.124463
2480.108210,sim,0.376368,0.333264,0.120000,0.204631,0.315041,0.124463
2480.112334,sim,0.376368,0.333264,0.120000,0.204631,0.315041,0.124463
2480.116304,sim,0.428825,0.378985,0.142441,0.245311,0.361804,0.127201
2480.120403,sim,0.428825,0.378985,0.142441,0.245311,0.361804,0.127201
2480.124248,sim,0.428825,0.378985,0.142441,0.245311,0.361804,0.127201
2480.128253,sim,0.428825,0.378985,0.142441,0.245311,0.361804,0.127201
2480.132499,sim,0.428825,0.378985,0.142441,0.245311,0.361804,0.127201
2480.136360,sim,0.481222,0.428319,0.178930,0.286114,0.410655,0.129574
2480.140340,sim,0.481222,0.428319,0.178930,0.286114,0.410655,0.129574
2480.144287,sim,0.481222,0.428319,0.178930,0.286114,0.410655,0.129574
2480.148335,sim,0.481222,0.428319,0.178930,0.286114,0.410655,0.129574
2480.152405,sim,0.481222,0.428319,0.178930,0.286114,0.410655,0.129574
2480.156222,sim,0.534956,0.479397,0.216101,0.329800,0.459927,0.131630
2480.160530,sim,0.534956,0.479397,0.216101,0.329800,0.459927,0.131630
2480.164338,sim,0.534956,0.479397,0.216101,0.329800,0.459927,0.131630
2480.168328,sim,0.534956,0.479397,0.216101,0.329800,0.459927,0.131630
2480.172240,sim,0.534956,0.479397,0.216101,0.329800,0.459927,0.131630
2480.176289,sim,0.589847,0.531987,0.256639,0.374596,0.510952,0.133412
2480.180721,sim,0.589847,0.531987,0.256639,0.374596,0.510952,0.133412
2480.184313,sim,0.589847,0.531987,0.256639,0.374596,0.510952,0.133412
2480.188328,sim,0.589847,0.531987,0.256639,0.374596,0.510952,0.133412
2480.192343,sim,0.589847,0.531987,0.256639,0.374596,0.510952,0.133412
2480.196307,sim,0.645741,0.584499,0.298706,0.420354,0.562108,0.134957
2480.200442,sim,0.645741,0.584499,0.298706,0.420354,0.562108,0.134957
2480.204336,sim,0.645741,0.584499,0.298706,0.420354,0.562108,0.134957
2480.208400,sim,0.645741,0.584499,0.298706,0.420354,0.562108,0.134957
2480.212460,sim,0.645741,0.584499,0.298706,0.420354,0.562108,0.134957
2480.216335,sim,0.696957,0.638333,0.342100,0.466946,0.613379,0.136295
2480.220567,sim,0.696957,0.638333,0.342100,0.466946,0.613379,0.136295
2480.224304,sim,0.696957,0.638333,0.342100,0.466946,0.613379,0.136295
2480.228524,sim,0.696957,0.638333,0.342100,0.466946,0.613379,0.136295
2480.232745,sim,0.696957,0.638333,0.342100,0.466946,0.613379,0.136295
2480.236339,sim,0.741344,0.690536,0.385255,0.514261,0.666136,0.137456
2480.240449,sim,0.741344,0.690536,0.385255,0.514261,0.666136,0.137456
2480.244440,sim,0.741344,0.690536,0.385255,0.514261,0.666136,0.137456
2480.248341,sim,0.741344,0.690536,0.385255,0.514261,0.666136,0.137456
2480.252511,sim,0.741344,0.690536,0.385255,0.514261,0.666136,0.137456
2480.256321,sim,0.779813,0.745489,0.429592,0.563589,0.718793,0.138461
2480.260558,sim,0.779813,0.745489,0.429592,0.563589,0.718793,0.138461
2480.264379,sim,0.779813,0.745489,0.429592,0.563589,0.718793,0.138461
2480.268308,sim,0.779813,0.745489,0.429592,0.563589,0.718793,0.138461
2480.272369,sim,0.779813,0.745489,0.429592,0.563589,0.718793,0.138461
2480.276471,sim,0.813152,0.800049,0.477726,0.611888,0.769978,0.139332
2480.280598,sim,0.813152,0.800049,0.477726,0.611888,0.769978,0.139332
2480.284291,sim,0.813152,0.800049,0.477726,0.611888,0.769978,0.139332
2480.288349,sim,0.813152,0.800049,0.477726,0.611888,0.769978,0.139332
2480.292497,sim,0.813152,0.800049,0.477726,0.611888,0.769978,0.139332
2480.296495,sim,0.842047,0.850109,0.526378,0.662070,0.814338,0.140088
2480.300430,sim,0.842047,0.850109,0.526378,0.662070,0.814338,0.140088
2480.304355,sim,0.842047,0.850109,0.526378,0.662070,0.814338,0.140088
2480.308475,sim,0.842047,0.850109,0.526378,0.662070,0.814338,0.140088
2480.312571,sim,0.842047,0.850109,0.526378,0.662070,0.814338,0.140088
2480.316364,sim,0.867089,0.893494,0.575478,0.712495,0.852783,0.140742
2480.320437,sim,0.867089,0.893494,0.575478,0.712495,0.852783,0.140742
2480.324364,sim,0.867089,0.893494,0.575478,0.712495,0.852783,0.140742
2480.328628,sim,0.867089,0.893494,0.575478,0.712495,0.852783,0.140742
2480.332510,sim,0.867089,0.893494,0.575478,0.712495,0.852783,0.140742
2480.336477,sim,0.888791,0.931094,0.624966,0.763133,0.886103,0.141309
2480.340579,sim,0.888791,0.931094,0.624966,0.763133,0.886103,0.141309
2480.344495,sim,0.888791,0.931094,0.624966,0.763133,0.886103,0.141309
2480.348275,sim,0.888791,0.931094,0.624966,0.763133,0.886103,0.141309
2480.352504,sim,0.888791,0.931094,0.624966,0.763133,0.886103,0.141309
2480.356540,sim,0.907600,0.963681,0.674791,0.813954,0.914980,0.141801
2480.360592,sim,0.907600,0.963681,0.674791,0.813954,0.914980,0.141801
2480.364525,sim,0.907600,0.963681,0.674791,0.813954,0.914980,0.141801
2480.368371,sim,0.907600,0.963681,0.674791,0.813954,0.914980,0.141801
2480.372490,sim,0.907600,0.963681,0.674791,0.813954,0.914980,0.141801
2480.376379,sim,0.923902,0.991923,0.724907,0.860772,0.940006,0.142227
2480.380790,sim,0.923902,0.991923,0.724907,0.860772,0.940006,0.142227
2480.384361,sim,0.923902,0.991923,0.724907,0.860772,0.940006,0.142227
2480.388384,sim,0.923902,0.991923,0.724907,0.860772,0.940006,0.142227
2480.392439,sim,0.923902,0.991923,0.724907,0.860772,0.940006,0.142227
2480.396384,sim,0.938029,1.000000,0.775276,0.901348,0.961695,0.142596
2480.400408,sim,0.938028,0.999999,0.775275,0.901347,0.961694,0.142595
2480.404352,sim,0.938030,1.000000,0.775277,0.901349,0.961696,0.142597
2480.408316,sim,0.938028,0.999999,0.775275,0.901347,0.961694,0.142595
2480.412351,sim,0.938032,1.000002,0.775279,0.901351,0.961698,0.142599
2480.416446,sim,0.950276,1.000003,0.825868,0.936517,0.980496,0.142919
2480.420525,sim,0.950275,1.000002,0.825867,0.936516,0.980495,0.142918
2480.424491,sim,0.950275,1.000002,0.825867,0.936516,0.980495,0.142918
2480.428300,sim,0.950275,1.000002,0.825867,0.936516,0.980495,0.142918
2480.432502,sim,0.950275,1.000002,0.825867,0.936516,0.980495,0.142918
2480.436466,sim,0.960887,1.000002,0.876646,0.966994,0.996786,0.143196
2480.440788,sim,0.960887,1.000002,0.876646,0.966994,0.996786,0.143196
2480.444407,sim,0.960887,1.000002,0.876646,0.966994,0.996786,0.143196
2480.448327,sim,0.960887,1.000002,0.876646,0.966994,0.996786,0.143196
2480.452415,sim,0.960887,1.000002,0.876646,0.966994,0.996786,0.143196
2480.456475,sim,0.970083,1.000002,0.920654,0.993407,1.000002,0.143436
2480.460458,sim,0.970080,0.999998,0.920650,0.993404,0.999998,0.143432
2480.464353,sim,0.970082,1.000000,0.920652,0.993405,1.000000,0.143434
2480.468349,sim,0.970081,1.000000,0.920652,0.993405,1.000000,0.143434
2480.472362,sim,0.970081,1.000000,0.920652,0.993405,1.000000,0.143434
2480.476351,sim,0.978052,1.000000,0.958792,1.000000,1.000000,0.143642
2480.480606,sim,0.978051,0.999999,0.958791,0.999999,0.999999,0.143642
2480.484421,sim,0.978052,1.000000,0.958792,1.000000,1.000000,0.143642
2480.488368,sim,0.978047,0.999995,0.958787,0.999995,0.999995,0.143637
2480.492272,sim,0.978055,1.000002,0.958795,1.000002,1.000002,0.143645
2480.496345,sim,0.978048,0.999996,0.958788,0.999996,0.999996,0.143638
2480.500505,sim,0.984961,1.000001,0.991849,1.000001,1.000001,0.143825
2480.504417,sim,0.984955,0.999996,0.991843,0.999996,0.999996,0.143819
2480.508274,sim,0.984962,1.000002,0.991849,1.000002,1.000002,0.143825
2480.512289,sim,0.984955,0.999996,0.991843,0.999996,0.999996,0.143819
2480.516370,sim,0.984962,1.000002,0.991849,1.000002,1.000002,0.143825
2480.520507,sim,0.990942,0.999995,0.999995,0.999995,0.999995,0.143975
2480.524356,sim,0.990949,1.000002,1.000002,1.000002,1.000002,0.143982
2480.528327,sim,0.990940,0.999994,0.999994,0.999994,0.999994,0.143973
2480.532315,sim,0.990950,1.000003,1.000003,1.000003,1.000003,0.143983
2480.536392,sim,0.990941,0.999994,0.999994,0.999994,0.999994,0.143974
2480.540328,sim,0.996138,1.000003,1.000003,1.000003,1.000003,0.144118
2480.544345,sim,0.996129,0.999994,0.999994,0.999994,0.999994,0.144110
2480.548435,sim,0.996138,1.000003,1.000003,1.000003,1.000003,0.144118
2480.552338,sim,0.996129,0.999994,0.999994,0.999994,0.999994,0.144109
2480.556423,sim,0.996138,1.000003,1.000003,1.000003,1.000003,0.144118
2480.560461,sim,0.999994,0.999994,0.999994,0.999994,0.999994,0.144226
2480.564356,sim,1.000001,1.000001,1.000001,1.000001,1.000001,0.144234
2480.568357,sim,0.999995,0.999995,0.999995,0.999995,0.999995,0.144227
2480.572321,sim,1.000001,1.000001,1.000001,1.000001,1.000001,0.144233
2480.576373,sim,0.999996,0.999996,0.999996,0.999996,0.999996,0.144330
2480.580653,sim,1.000000,1.000000,1.000000,1.000000,1.000000,0.144335
2480.584324,sim,0.999994,0.999994,0.999994,0.999994,0.999994,0.144328
2480.588327,sim,1.000002,1.000002,1.000002,1.000002,1.000002,0.144336
2480.592280,sim,0.999996,0.999996,0.999996,0.999996,0.999996,0.144330
2480.596469,sim,1.000000,1.000000,1.000000,1.000000,1.000000,0.144335
2480.600451,sim,0.999994,0.999994,0.999994,0.999994,0.999994,0.144417
2480.604281,sim,1.000002,1.000002,1.000002,1.000002,1.000002,0.144425
2480.608690,sim,0.999995,0.999995,0.999995,0.999995,0.999995,0.144418
2480.612346,sim,1.000000,1.000000,1.000000,1.000000,1.000000,0.144423
2480.616326,sim,0.999995,0.999995,0.999995,0.999995,0.999995,0.144418
2480.620584,sim,1.000001,1.000001,1.000001,1.000001,1.000001,0.144500
2480.624312,sim,0.999995,0.999995,0.999995,0.999995,0.999995,0.144494
2480.628342,sim,1.000001,1.000001,1.000001,1.000001,1.000001,0.144500
2480.632316,sim,0.999994,0.999994,0.999994,0.999994,0.999994,0.144493
2480.636312,sim,1.000001,1.000001,1.000001,1.000001,1.000001,0.144501
2480.640399,sim,0.999995,0.999995,0.999995,0.999995,0.999995,0.144561
2480.644321,sim,1.000001,1.000001,1.000001,1.000001,1.000001,0.144633
2480.648412,sim,0.999994,0.999994,0.999994,0.999994,0.999994,0.144692
2480.652262,sim,1.000002,1.000002,1.000002,1.000002,1.000002,0.144766
2480.656283,sim,0.999996,0.999996,0.999996,0.999996,0.999996,0.144827
2480.660529,sim,1.000000,1.000000,1.000000,1.000000,1.000000,0.144898
2480.664318,sim,0.999995,0.999995,0.999995,0.999995,0.999995,0.144958
2480.668353,sim,1.000001,1.000001,1.000001,1.000001,1.000001,0.144998
2480.672474,sim,0.999995,0.999995,0.999995,0.999995,0.999995,0.144992
2480.676472,sim,1.000001,1.000001,1.000001,1.000001,1.000001,0.144997
2480.680718,sim,0.999994,0.999994,0.999994,0.999994,0.999994,0.144991
2480.684298,sim,1.000002,1.000002,1.000002,1.000002,1.000002,0.144998
2480.688397,sim,0.999996,0.999996,0.999996,0.999996,0.999996,0.144992
2480.692360,sim,1.000000,1.000000,1.000000,1.000000,1.000000,0.144997
2480.696358,sim,0.999995,0.999995,0.999995,0.999995,0.999995,0.144991
2480.700444,sim,1.000001,1.000001,1.000001,1.000001,1.000001,0.144997
2480.704444,sim,0.999996,0.999996,0.999996,0.999996,0.999996,0.144993
2480.708355,sim,1.000001,1.000001,1.000001,1.000001,1.000001,0.144997
2480.712332,sim,0.999995,0.999995,0.999995,0.999995,0.999995,0.144991
2480.716328,sim,1.000001,1.000001,1.000001,1.000001,1.000001,0.144998
2480.720374,sim,0.999996,0.999996,0.999996,0.999996,0.999996,0.144993
2480.724360,sim,1.000000,1.000000,1.000000,1.000000,1.000000,0.144996
2480.728327,sim,0.999994,0.999994,0.999994,0.999994,0.999994,0.144991
2480.732309,sim,1.000002,1.000002,1.000002,1.000002,1.000002,0.144998
2480.736261,sim,0.999996,0.999996,0.999996,0.999996,0.999996,0.144992
2480.740500,sim,1.000001,1.000001,1.000001,1.000001,1.000001,0.144997
2480.744365,sim,0.999994,0.999994,0.999994,0.999994,0.999994,0.144991
2480.748346,sim,1.000002,1.000002,1.000002,1.000002,1.000002,0.144998
2480.752527,sim,0.999996,0.999996,0.999996,0.999996,0.999996,0.144992
2480.756306,sim,1.000001,1.000001,1.000001,1.000001,1.000001,0.144997
2480.760433,sim,0.999994,0.999994,0.999994,0.999994,0.999994,0.144991
2480.764233,sim,1.000001,1.000001,1.000001,1.000001,1.000001,0.144998
2480.768323,sim,0.999996,0.999996,0.999996,0.999996,0.999996,0.144992
2480.772346,sim,1.000001,1.000001,1.000001,1.000001,1.000001,0.144997
2480.776321,sim,0.999995,0.999995,0.999995,0.999995,0.999995,0.144991
2480.780539,sim,1.000001,1.000001,1.000001,1.000001,1.000001,0.144998
2480.784282,sim,0.999995,0.999995,0.999995,0.999995,0.999995,0.144992
2480.788298,sim,1.000000,1.000000,1.000000,1.000000,1.000000,0.144997
2480.792331,sim,0.999994,0.999994,0.999994,0.999994,0.999994,0.144991
2480.796304,sim,1.000002,1.000002,1.000002,1.000002,1.000002,0.144998
2480.800501,sim,0.999996,0.999996,0.999996,0.999996,0.999996,0.144992
2480.804458,sim,1.000001,1.000001,1.000001,1.000001,1.000001,0.144997
2480.808382,sim,0.999994,0.999994,0.999994,0.999994,0.999994,0.144990
2480.812381,sim,1.000002,1.000002,1.000002,1.000002,1.000002,0.144998
2480.816293,sim,0.999996,0.999996,0.999996,0.999996,0.999996,0.144993
2480.820521,sim,1.000000,1.000000,1.000000,1.000000,1.000000,0.144997
2480.824294,sim,0.999994,0.999994,0.999994,0.999994,0.999994,0.144991
2480.828372,sim,1.000002,1.000002,1.000002,1.000002,1.000002,0.144998
2480.832338,sim,0.999995,0.999995,0.999995,0.999995,0.999995,0.144991
2480.836290,sim,1.000001,1.000001,1.000001,1.000001,1.000001,0.144997
2480.840439,sim,0.999994,0.999994,0.999994,0.999994,0.999994,0.144991
2480.844358,sim,1.000002,1.000002,1.000002,1.000002,1.000002,0.144998
2480.848304,sim,0.999996,0.999996,0.999996,0.999996,0.999996,0.144992
2480.852333,sim,1.000001,1.000001,1.000001,1.000001,1.000001,0.144997
2480.856351,sim,0.999994,0.999994,0.999994,0.999994,0.999994,0.144991
2480.860368,sim,1.000001,1.000001,1.000001,1.000001,1.000001,0.144998
2480.864282,sim,0.999995,0.999995,0.999995,0.999995,0.999995,0.144992
2480.868352,sim,1.000001,1.000001,1.000001,1.000001,1.000001,0.144998
2480.872350,sim,0.999994,0.999994,0.999994,0.999994,0.999994,0.144991
2480.876294,sim,1.000002,1.000002,1.000002,1.000002,1.000002,0.144998
2480.880466,sim,0.999995,0.999995,0.999995,0.999995,0.999995,0.144992
2480.884365,sim,1.000001,1.000001,1.000001,1.000001,1.000001,0.144997
2480.888261,sim,0.999994,0.999994,0.999994,0.999994,0.999994,0.144991
2480.892244,sim,1.000002,1.000002,1.000002,1.000002,1.000002,0.144998
2480.896278,sim,0.999996,0.999996,0.999996,0.999996,0.999996,0.144992
2480.900442,sim,1.000000,1.000000,1.000000,1.000000,1.000000,0.144997
2480.904322,sim,0.999994,0.999994,0.999994,0.999994,0.999994,0.144991
2480.908402,sim,1.000002,1.000002,1.000002,1.000002,1.000002,0.144998
2480.912309,sim,0.999996,0.999996,0.999996,0.999996,0.999996,0.144992
2480.916278,sim,1.000001,1.000001,1.000001,1.000001,1.000001,0.144997
2480.920469,sim,0.999995,0.999995,0.999995,0.999995,0.999995,0.144991
2480.924248,sim,1.000001,1.000001,1.000001,1.000001,1.000001,0.144998
2480.928260,sim,0.999996,0.999996,0.999996,0.999996,0.999996,0.144992
2480.932306,sim,1.000001,1.000001,1.000001,1.000001,1.000001,0.144997
2480.936327,sim,0.999994,0.999994,0.999994,0.999994,0.999994,0.144991
2480.940370,sim,1.000001,1.000001,1.000001,1.000001,1.000001,0.144998
2480.944268,sim,0.999996,0.999996,0.999996,0.999996,0.999996,0.144992
2480.948611,sim,1.000001,1.000001,1.000001,1.000001,1.000001,0.144997
2480.952404,sim,0.999994,0.999994,0.999994,0.999994,0.999994,0.144991
2480.956488,sim,1.000002,1.000002,1.000002,1.000002,1.000002,0.144998
2480.960415,sim,0.999996,0.999996,0.999996,0.999996,0.999996,0.144992
2480.964420,sim,1.000000,1.000000,1.000000,1.000000,1.000000,0.144997
2480.968352,sim,0.999994,0.999994,0.999994,0.999994,0.999994,0.144991
2480.972228,sim,1.000001,1.000001,1.000001,1.000001,1.000001,0.144997
2480.976330,sim,0.999996,0.999996,0.999996,0.999996,0.999996,0.144993
2480.980756,sim,1.000001,1.000001,1.000001,1.000001,1.000001,0.144997
2480.984498,sim,0.999994,0.999994,0.999994,0.999994,0.999994,0.144991
2480.988358,sim,1.000002,1.000002,1.000002,1.000002,1.000002,0.144998
2480.992333,sim,0.999996,0.999996,0.999996,0.999996,0.999996,0.144992
2480.996327,sim,1.000000,1.000000,1.000000,1.000000,1.000000,0.144997
2481.000567,sim,0.999994,0.999994,0.999994,0.999994,0.999994,0.144991
2481.004320,sim,1.000001,1.000001,1.000001,1.000001,1.000001,0.144997
2481.008346,sim,0.999996,0.999996,0.999996,0.999996,0.999996,0.144993
2481.012479,sim,1.000001,1.000001,1.000001,1.000001,1.000001,0.144997
2481.016406,sim,0.999995,0.999995,0.999995,0.999995,0.999995,0.144991
2481.020534,sim,1.000001,1.000001,1.000001,1.000001,1.000001,0.144998
2481.024360,sim,0.999996,0.999995,0.999995,0.999995,0.999995,0.144992
2481.028365,sim,1.000001,1.000001,1.000001,1.000001,1.000001,0.144997
2481.032363,sim,0.999994,0.999994,0.999994,0.999994,0.999994,0.144991
2481.036295,sim,1.000002,1.000002,1.000002,1.000002,1.000002,0.144998
2481.040506,sim,0.999995,0.999995,0.999995,0.999995,0.999995,0.144992
2481.044389,sim,0.991137,1.000002,1.000002,1.000002,1.000002,0.144999
2481.048381,sim,0.991129,0.999995,0.999995,0.999995,0.999995,0.144991
2481.052332,sim,0.991137,1.000003,1.000003,1.000003,1.000003,0.144999
2481.056347,sim,0.991128,0.999994,0.999994,0.999994,0.999994,0.144991
2481.060540,sim,0.991137,1.000003,1.000003,1.000003,1.000003,0.145000
2481.064471,sim,0.964390,0.999994,0.999994,0.999994,0.999994,0.144990
2481.068273,sim,0.964399,1.000002,1.000002,1.000002,1.000002,0.144999
2481.072784,sim,0.964391,0.999995,0.999995,0.999995,0.999995,0.144991
2481.076337,sim,0.964399,1.000003,1.000003,1.000003,1.000003,0.145000
2481.080730,sim,0.964391,0.999994,0.999994,0.999994,0.999994,0.144991
2481.084285,sim,0.935678,1.000003,1.000003,1.000003,1.000003,0.135333
2481.088292,sim,0.935669,0.999994,0.999994,0.999994,0.999994,0.135324
2481.092324,sim,0.935678,1.000003,1.000003,1.000003,1.000003,0.135333
2481.096329,sim,0.935671,0.999995,0.999995,0.999995,0.999995,0.135325
2481.100632,sim,0.935678,1.000003,1.000003,1.000003,1.000003,0.135333
2481.104402,sim,0.902455,0.999994,0.999994,0.999994,0.999994,0.119428
2481.108387,sim,0.902465,1.000003,1.000003,1.000003,1.000003,0.119437
2481.112320,sim,0.902456,0.999994,0.999994,0.999994,0.999994,0.119428
2481.116369,sim,0.902464,1.000002,1.000002,1.000002,1.000002,0.119437
2481.120621,sim,0.902456,0.999994,0.999994,0.999994,0.999994,0.119428
2481.124407,sim,0.866746,1.000005,1.000005,1.000005,0.993074,0.103514
2481.128383,sim,0.866738,0.999997,0.999997,0.999997,0.993066,0.103506
2481.132376,sim,0.866744,1.000003,1.000003,1.000003,0.993072,0.103512
2481.136332,sim,0.866738,0.999997,0.999997,0.999997,0.993066,0.103506
2481.140658,sim,0.866744,1.000003,1.000003,1.000003,0.993072,0.103512
2481.144429,sim,0.827458,0.999996,0.999996,0.999996,0.957748,0.089705
2481.148283,sim,0.827464,1.000003,1.000003,1.000003,0.957754,0.089711
2481.152341,sim,0.827459,0.999997,0.999997,0.999997,0.957748,0.089705
2481.156355,sim,0.827464,1.000003,1.000003,1.000003,0.957754,0.089711
2481.160578,sim,0.827459,0.999997,0.999997,0.999997,0.957748,0.089705
2481.164444,sim,0.786486,0.957996,1.000001,0.984116,0.918822,0.078823
2481.168352,sim,0.786483,0.957992,0.999998,0.984113,0.918818,0.078819
2481.172324,sim,0.786486,0.957995,1.000001,0.984116,0.918821,0.078822
2481.176340,sim,0.786483,0.957993,0.999998,0.984113,0.918818,0.078819
2481.180453,sim,0.786486,0.957995,1.000001,0.984116,0.918821,0.078822
2481.184300,sim,0.742647,0.913481,0.999998,0.945828,0.876756,0.069384
2481.188401,sim,0.742650,0.913484,1.000001,0.945831,0.876759,0.069387
2481.192358,sim,0.742647,0.913481,0.999998,0.945828,0.876756,0.069384
2481.196294,sim,0.742650,0.913484,1.000001,0.945831,0.876759,0.069387
2481.200768,sim,0.742647,0.913481,0.999998,0.945828,0.876756,0.069384
2481.204462,sim,0.697723,0.866585,0.960374,0.905715,0.833370,0.061209
2481.208460,sim,0.697722,0.866584,0.960373,0.905714,0.833369,0.061208
2481.212326,sim,0.697722,0.866584,0.960373,0.905714,0.833369,0.061208
2481.216301,sim,0.697722,0.866584,0.960373,0.905714,0.833369,0.061208
2481.220629,sim,0.697722,0.866584,0.960373,0.905714,0.833369,0.061208
2481.224424,sim,0.650464,0.817616,0.918318,0.864012,0.787443,0.054121
2481.228318,sim,0.650464,0.817616,0.918318,0.864012,0.787443,0.054121
2481.232430,sim,0.650464,0.817616,0.918318,0.864012,0.787443,0.054121
2481.236342,sim,0.650464,0.817616,0.918318,0.864012,0.787443,0.054121
2481.240612,sim,0.650464,0.817616,0.918318,0.864012,0.787443,0.054121
2481.244410,sim,0.602572,0.766855,0.876323,0.820935,0.740705,0.047979
2481.248355,sim,0.602572,0.766855,0.876323,0.820935,0.740705,0.047979
2481.252308,sim,0.602572,0.766855,0.876323,0.820935,0.740705,0.047979
2481.256312,sim,0.602572,0.766855,0.876323,0.820935,0.740705,0.047979
2481.260503,sim,0.602572,0.766855,0.876323,0.820935,0.740705,0.047979
2481.264358,sim,0.552744,0.713154,0.832991,0.776667,0.690490,0.042656
2481.268378,sim,0.552744,0.713154,0.832991,0.776667,0.690490,0.042656
2481.272407,sim,0.552744,0.713154,0.832991,0.776667,0.690490,0.042656
2481.276230,sim,0.552744,0.713154,0.832991,0.776667,0.690490,0.042656
2481.280611,sim,0.552744,0.713154,0.832991,0.776667,0.690490,0.042656
2481.284335,sim,0.504011,0.658290,0.787116,0.729979,0.640035,0.038043
2481.288310,sim,0.504011,0.658290,0.787116,0.729979,0.640035,0.038043
2481.292276,sim,0.504011,0.658290,0.787116,0.729979,0.640035,0.038043
2481.296345,sim,0.504011,0.658290,0.787116,0.729979,0.640035,0.038043
2481.300557,sim,0.504011,0.658290,0.787116,0.729979,0.640035,0.038043
2481.304395,sim,0.453454,0.603806,0.743196,0.683968,0.587985,0.034044
2481.308313,sim,0.453454,0.603806,0.743196,0.683968,0.587985,0.034044
2481.312334,sim,0.453454,0.603806,0.743196,0.683968,0.587985,0.034044
2481.316387,sim,0.453454,0.603806,0.743196,0.683968,0.587985,0.034044
2481.320615,sim,0.453454,0.603806,0.743196,0.683968,0.587985,0.034044
2481.324338,sim,0.401315,0.546878,0.695423,0.635770,0.537328,0.030579
2481.328317,sim,0.401315,0.546878,0.695423,0.635770,0.537328,0.030579
2481.332365,sim,0.401315,0.546878,0.695423,0.635770,0.537328,0.030579
2481.336294,sim,0.401315,0.546878,0.695423,0.635770,0.537328,0.030579
2481.340406,sim,0.401315,0.546878,0.695423,0.635770,0.537328,0.030579
2481.344319,sim,0.401315,0.546878,0.695423,0.635770,0.537328,0.030579
2481.348414,sim,0.347806,0.487831,0.644310,0.585676,0.482328,0.027576
2481.352714,sim,0.347806,0.487831,0.644310,0.585676,0.482328,0.027576
2481.356223,sim,0.347806,0.487831,0.644310,0.585676,0.482328,0.027576
2481.360462,sim,0.347806,0.487831,0.644310,0.585676,0.482328,0.027576
2481.364621,sim,0.301432,0.429722,0.594464,0.536713,0.429114,0.024973
2481.368394,sim,0.301432,0.429722,0.594464,0.536713,0.429114,0.024973
2481.372378,sim,0.301432,0.429722,0.594464,0.536713,0.429114,0.024973
2481.376321,sim,0.301432,0.429722,0.594464,0.536713,0.429114,0.024973
2481.380627,sim,0.301432,0.429722,0.594464,0.536713,0.429114,0.024973
2481.384402,sim,0.301432,0.429722,0.594464,0.536713,0.429114,0.024973
2481.388285,sim,0.261241,0.373813,0.542943,0.485957,0.374673,0.022718
2481.392296,sim,0.261241,0.373813,0.542943,0.485957,0.374673,0.022718
2481.396866,sim,0.261241,0.373813,0.542943,0.485957,0.374673,0.022718
2481.400530,sim,0.261241,0.373813,0.542943,0.485957,0.374673,0.022718
2481.404293,sim,0.226409,0.325358,0.492743,0.436420,0.324716,0.020763
2481.408313,sim,0.226409,0.325358,0.492743,0.436420,0.324716,0.020763
2481.412400,sim,0.226409,0.325358,0.492743,0.436420,0.324716,0.020763
2481.416326,sim,0.226409,0.325358,0.492743,0.436420,0.324716,0.020763
2481.420418,sim,0.226409,0.325358,0.492743,0.436420,0.324716,0.020763
2481.424413,sim,0.226409,0.325358,0.492743,0.436420,0.324716,0.020763
2481.428403,sim,0.196221,0.283364,0.440914,0.383778,0.281421,0.019068
2481.432374,sim,0.196221,0.283364,0.440914,0.383778,0.281421,0.019068
2481.436261,sim,0.196221,0.283364,0.440914,0.383778,0.281421,0.019068
2481.440368,sim,0.196221,0.283364,0.440914,0.383778,0.281421,0.019068
2481.444486,sim,0.196221,0.283364,0.440914,0.383778,0.281421,0.019068
2481.448404,sim,0.170058,0.246969,0.390447,0.333995,0.243898,0.017600
2481.452318,sim,0.170058,0.246969,0.390447,0.333995,0.243898,0.017600
2481.456293,sim,0.170058,0.246969,0.390447,0.333995,0.243898,0.017600
2481.460543,sim,0.170058,0.246969,0.390447,0.333995,0.243898,0.017600
2481.464323,sim,0.170058,0.246969,0.390447,0.333995,0.243898,0.017600
2481.468360,sim,0.147384,0.215427,0.338388,0.289462,0.211378,0.016327
2481.472326,sim,0.147384,0.215427,0.338388,0.289462,0.211378,0.016327
2481.476297,sim,0.147384,0.215427,0.338388,0.289462,0.211378,0.016327
2481.481027,sim,0.147384,0.215427,0.338388,0.289462,0.211378,0.016327
2481.484370,sim,0.147384,0.215427,0.338388,0.289462,0.211378,0.016327
2481.488326,sim,0.127733,0.188090,0.293269,0.250867,0.183195,0.015224
2481.492490,sim,0.127733,0.188090,0.293269,0.250867,0.183195,0.015224
2481.496301,sim,0.127733,0.188090,0.293269,0.250867,0.183195,0.015224
2481.500327,sim,0.127733,0.188090,0.293269,0.250867,0.183195,0.015224
2481.504322,sim,0.127733,0.188090,0.293269,0.250867,0.183195,0.015224
2481.508296,sim,0.110702,0.164399,0.254167,0.217418,0.158769,0.014268
2481.512337,sim,0.110702,0.164399,0.254167,0.217418,0.158769,0.014268
2481.516239,sim,0.110702,0.164399,0.254167,0.217418,0.158769,0.014268
2481.520379,sim,0.110702,0.164399,0.254167,0.217418,0.158769,0.014268
2481.524376,sim,0.110702,0.164399,0.254167,0.217418,0.158769,0.014268
2481.528377,sim,0.095942,0.143866,0.220278,0.188429,0.137599,0.013440
2481.532355,sim,0.095942,0.143866,0.220278,0.188429,0.137599,0.013440
2481.536740,sim,0.095942,0.143866,0.220278,0.188429,0.137599,0.013440
2481.540471,sim,0.095942,0.143866,0.220278,0.188429,0.137599,0.013440
2481.544344,sim,0.095942,0.143866,0.220278,0.188429,0.137599,0.013440
2481.548324,sim,0.083149,0.126071,0.190908,0.163305,0.120000,0.012722
2481.552487,sim,0.083149,0.126071,0.190907,0.163305,0.120000,0.012722
2481.556612,sim,0.083149,0.126071,0.190907,0.163305,0.120000,0.012722
2481.560606,sim,0.083150,0.126071,0.190908,0.163306,0.120000,0.012722
2481.564433,sim,0.083149,0.126071,0.190907,0.163305,0.120000,0.012722
2481.568503,sim,0.080000,0.120000,0.165453,0.141532,0.120000,0.012100
2481.572531,sim,0.080000,0.120000,0.165453,0.141531,0.120000,0.012100
2481.576376,sim,0.080001,0.120001,0.165454,0.141532,0.120001,0.012101
2481.580675,sim,0.079999,0.119999,0.165452,0.141531,0.119999,0.012099
2481.584535,sim,0.080001,0.120001,0.165454,0.141533,0.120001,0.012101
2481.588527,sim,0.079999,0.119999,0.143392,0.122660,0.119999,0.011560
2481.592386,sim,0.080001,0.120001,0.143394,0.122662,0.120001,0.011562
2481.596298,sim,0.079999,0.119999,0.143392,0.122660,0.119999,0.011560
2481.600391,sim,0.080001,0.120001,0.143394,0.122662,0.120001,0.011562
2481.604560,sim,0.079999,0.119999,0.143392,0.122660,0.119999,0.011560
2481.608419,sim,0.080001,0.120001,0.124275,0.120001,0.120001,0.011094
2481.612405,sim,0.079999,0.119999,0.124273,0.119999,0.119999,0.011092
2481.616410,sim,0.080001,0.120001,0.124275,0.120001,0.120001,0.011095
2481.620621,sim,0.079999,0.119999,0.124273,0.119999,0.119999,0.011092
2481.624601,sim,0.080001,0.120001,0.124275,0.120001,0.120001,0.011095
2481.628292,sim,0.079999,0.119999,0.119999,0.119999,0.119999,0.010687
2481.632328,sim,0.080002,0.120002,0.120002,0.120002,0.120002,0.010690
2481.636323,sim,0.079999,0.119999,0.119999,0.119999,0.119999,0.010687
2481.640403,sim,0.080002,0.120002,0.120002,0.120002,0.120002,0.010690
2481.644468,sim,0.079999,0.119999,0.119999,0.119999,0.119999,0.010687
2481.648813,sim,0.080002,0.120002,0.120002,0.120002,0.120002,0.010339
2481.652400,sim,0.079999,0.119999,0.119999,0.119999,0.119999,0.010336
2481.656564,sim,0.080002,0.120002,0.120002,0.120002,0.120002,0.010339
2481.660420,sim,0.079999,0.119999,0.119999,0.119999,0.119999,0.010336
2481.664319,sim,0.080002,0.120002,0.120002,0.120002,0.120002,0.010339
2481.668455,sim,0.079999,0.119999,0.119999,0.119999,0.119999,0.010336
2481.672284,sim,0.080002,0.120002,0.120002,0.120002,0.120002,0.010035
2481.676344,sim,0.079999,0.119999,0.119999,0.119999,0.119999,0.010032
2481.680588,sim,0.080002,0.120002,0.120002,0.120002,0.120002,0.009771
2481.684390,sim,0.079999,0.119999,0.119999,0.119999,0.119999,0.009504
2481.688341,sim,0.080002,0.120002,0.120002,0.120002,0.120002,0.009244
2481.692259,sim,0.079999,0.119999,0.119999,0.119999,0.119999,0.008977
2481.696315,sim,0.080002,0.120002,0.120002,0.120002,0.120002,0.008716
2481.700445,sim,0.079999,0.119999,0.119999,0.119999,0.119999,0.008450
2481.704392,sim,0.080002,0.120002,0.120002,0.120002,0.120002,0.008189
2481.708369,sim,0.079999,0.119999,0.119999,0.119999,0.119999,0.008054
2481.712255,sim,0.080002,0.120002,0.120002,0.120002,0.120002,0.008057
2481.716298,sim,0.079999,0.119999,0.119999,0.119999,0.119999,0.008054
2481.720444,sim,0.080002,0.120002,0.120002,0.120002,0.120002,0.008057
2481.724294,sim,0.079999,0.119999,0.119999,0.119999,0.119999,0.008054
2481.728242,sim,0.080002,0.120002,0.120002,0.120002,0.120002,0.008057
2481.732312,sim,0.079999,0.119999,0.119999,0.119999,0.119999,0.008054
2481.736343,sim,0.080002,0.120002,0.120002,0.120002,0.120002,0.008057
2481.740372,sim,0.079999,0.119999,0.119999,0.119999,0.119999,0.008054
2481.744617,sim,0.080002,0.120002,0.120002,0.120002,0.120002,0.008057
2481.748283,sim,0.079999,0.119999,0.119999,0.119999,0.119999,0.008054
2481.752584,sim,0.080002,0.120002,0.120002,0.120002,0.120002,0.008057
2481.756278,sim,0.079999,0.119999,0.119999,0.119999,0.119999,0.008054
2481.760338,sim,0.080002,0.120002,0.120002,0.120002,0.120002,0.008057
2481.764306,sim,0.079999,0.119999,0.119999,0.119999,0.119999,0.008054
2481.768338,sim,0.080002,0.120002,0.120002,0.120002,0.120002,0.008057
2481.772245,sim,0.079999,0.119999,0.119999,0.119999,0.119999,0.008054
2481.776278,sim,0.080002,0.120002,0.120002,0.120002,0.120002,0.008057
2481.780565,sim,0.079999,0.119999,0.119999,0.119999,0.119999,0.008054
2481.784329,sim,0.080002,0.120002,0.120002,0.120002,0.120002,0.008057
2481.788261,sim,0.079999,0.119999,0.119999,0.119999,0.119999,0.008054
2481.792260,sim,0.080002,0.120002,0.120002,0.120002,0.120002,0.008057
2481.796300,sim,0.079999,0.119999,0.119999,0.119999,0.119999,0.008054
2481.800433,sim,0.080002,0.120002,0.120002,0.120002,0.120002,0.008057
2481.804248,sim,0.079999,0.119999,0.119999,0.119999,0.119999,0.008054
2481.808327,sim,0.080002,0.120002,0.120002,0.120002,0.120002,0.008057
2481.812356,sim,0.079999,0.119999,0.119999,0.119999,0.119999,0.008054
2481.816400,sim,0.080002,0.120002,0.120002,0.120002,0.120002,0.008057
2481.820432,sim,0.079999,0.119999,0.119999,0.119999,0.119999,0.008054
2481.824316,sim,0.080002,0.120002,0.120002,0.120002,0.120002,0.008057
2481.828318,sim,0.079999,0.119999,0.119999,0.119999,0.119999,0.008054
2481.832296,sim,0.080002,0.120002,0.120002,0.120002,0.120002,0.008057
2481.836253,sim,0.079999,0.119999,0.119999,0.119999,0.119999,0.008054
2481.840319,sim,0.080002,0.120002,0.120002,0.120002,0.120002,0.008057
2481.844332,sim,0.079999,0.119999,0.119999,0.119999,0.119999,0.008054
2481.848274,sim,0.080002,0.120002,0.120002,0.120002,0.120002,0.008057
2481.852335,sim,0.079999,0.119999,0.119999,0.119999,0.119999,0.008054
2481.856290,sim,0.080002,0.120002,0.120002,0.120002,0.120002,0.008057
2481.860426,sim,0.079999,0.119999,0.119999,0.119999,0.119999,0.008054
2481.864313,sim,0.080002,0.120002,0.120002,0.120002,0.120002,0.008057
2481.868309,sim,0.079999,0.119999,0.119999,0.119999,0.119999,0.008054
2481.872339,sim,0.080002,0.120002,0.120002,0.120002,0.120002,0.008057
2481.876429,sim,0.079999,0.119999,0.119999,0.119999,0.119999,0.008054
2481.880899,sim,0.080002,0.120002,0.120002,0.120002,0.120002,0.008057
2481.884407,sim,0.079999,0.119999,0.119999,0.119999,0.119999,0.008054
2481.888400,sim,0.080002,0.120002,0.120002,0.120002,0.120002,0.008057
2481.892380,sim,0.079999,0.119999,0.119999,0.119999,0.119999,0.008054
2481.896321,sim,0.080002,0.120002,0.120002,0.120002,0.120002,0.008057
2481.900459,sim,0.079999,0.119999,0.119999,0.119999,0.119999,0.008054
2481.904356,sim,0.080002,0.120002,0.120002,0.120002,0.120002,0.008057
2481.908335,sim,0.079999,0.119999,0.119999,0.119999,0.119999,0.008054
2481.912333,sim,0.080002,0.120002,0.120002,0.120002,0.120002,0.008057
2481.916320,sim,0.079999,0.119999,0.119999,0.119999,0.119999,0.008054
2481.920375,sim,0.080002,0.120002,0.120002,0.120002,0.120002,0.008057
2481.924359,sim,0.079999,0.119999,0.119999,0.119999,0.119999,0.008054
2481.928413,sim,0.080002,0.120002,0.120002,0.120002,0.120002,0.008057
2481.932367,sim,0.079999,0.119999,0.119999,0.119999,0.119999,0.008054
2481.936300,sim,0.080002,0.120002,0.120002,0.120002,0.120002,0.008057
2481.940487,sim,0.079999,0.119999,0.119999,0.119999,0.119999,0.008054
2481.944389,sim,0.080002,0.120002,0.120002,0.120002,0.120002,0.008057
2481.948292,sim,0.079999,0.119999,0.119999,0.119999,0.119999,0.008054
2481.952433,sim,0.080002,0.120002,0.120002,0.120002,0.120002,0.008057
2481.956404,sim,0.079999,0.119999,0.119999,0.119999,0.119999,0.008054
2481.960446,sim,0.080002,0.120002,0.120002,0.120002,0.120002,0.008057
2481.964304,sim,0.079999,0.119999,0.119999,0.119999,0.119999,0.008054
2481.968312,sim,0.080002,0.120002,0.120002,0.120002,0.120002,0.008057
2481.972392,sim,0.079999,0.119999,0.119999,0.119999,0.119999,0.008054
2481.976364,sim,0.080002,0.120002,0.120002,0.120002,0.120002,0.008057
2481.980403,sim,0.079999,0.119999,0.119999,0.119999,0.119999,0.008054
2481.984259,sim,0.080002,0.120002,0.120002,0.120002,0.120002,0.008057
2481.988343,sim,0.079999,0.119999,0.119999,0.119999,0.119999,0.008054
2481.992319,sim,0.080002,0.120002,0.120002,0.120002,0.120002,0.008057
2481.996304,sim,0.079999,0.119999,0.119999,0.119999,0.119999,0.008054
2482.000358,sim,0.080002,0.120002,0.120002,0.120002,0.120002,0.008057
2482.004314,sim,0.079999,0.119999,0.119999,0.119999,0.119999,0.008054
2482.008340,sim,0.080002,0.120002,0.120002,0.120002,0.120002,0.008057
2482.012294,sim,0.079999,0.119999,0.119999,0.119999,0.119999,0.008054
2482.016319,sim,0.080002,0.120002,0.120002,0.120002,0.120002,0.008057
2482.020522,sim,0.079999,0.119999,0.119999,0.119999,0.119999,0.008054
2482.024380,sim,0.080002,0.120002,0.120002,0.120002,0.120002,0.008057
2482.028297,sim,0.079999,0.119999,0.119999,0.119999,0.119999,0.008054
2482.032264,sim,0.080002,0.120002,0.120002,0.120002,0.120002,0.008057
2482.036360,sim,0.079999,0.119999,0.119999,0.119999,0.119999,0.008054
2482.040468,sim,0.080002,0.120002,0.120002,0.120002,0.120002,0.008057
2482.044356,sim,0.079999,0.119999,0.119999,0.119999,0.119999,0.008054
2482.048310,sim,0.080002,0.120002,0.120002,0.120002,0.120002,0.008057
2482.052366,sim,0.079999,0.119999,0.119999,0.119999,0.119999,0.008054
2482.056367,sim,0.080002,0.120002,0.120002,0.120002,0.120002,0.008057
2482.060395,sim,0.079999,0.119999,0.119999,0.119999,0.119999,0.008054
2482.064444,sim,0.080002,0.120002,0.120002,0.120002,0.120002,0.008057
2482.068468,sim,0.079999,0.119999,0.119999,0.119999,0.119999,0.008054
2482.072395,sim,0.080002,0.120002,0.120002,0.120002,0.120002,0.008057
2482.076382,sim,0.079999,0.119999,0.119999,0.119999,0.119999,0.008054
2482.080530,sim,0.080002,0.120002,0.120002,0.120002,0.120002,0.008057
2482.084307,sim,0.079999,0.119999,0.119999,0.119999,0.119999,0.008054
2482.088360,sim,0.080002,0.120002,0.120002,0.120002,0.120002,0.008057
2482.092269,sim,0.079999,0.119999,0.119999,0.119999,0.119999,0.008054
2482.097241,sim,0.080002,0.120002,0.120002,0.120002,0.120002,0.008057
2482.100420,sim,0.079999,0.119999,0.119999,0.119999,0.119999,0.008054
2482.104361,sim,0.080002,0.120002,0.120002,0.120002,0.120002,0.008057
2482.108345,sim,0.079999,0.119999,0.119999,0.119999,0.119999,0.008054
2482.112378,sim,0.080002,0.120002,0.120002,0.120002,0.120002,0.008057
2482.116313,sim,0.079999,0.119999,0.119999,0.119999,0.119999,0.008054
2482.120447,sim,0.080002,0.120002,0.120002,0.120002,0.120002,0.008057
2482.124257,sim,0.079999,0.119999,0.119999,0.119999,0.119999,0.008054
2482.128290,sim,0.080002,0.120002,0.120002,0.120002,0.120002,0.008057
2482.132428,sim,0.079999,0.119999,0.119999,0.119999,0.119999,0.008054
2482.136375,sim,0.080002,0.120002,0.120002,0.120002,0.120002,0.008057
2482.140394,sim,0.079999,0.119999,0.119999,0.119999,0.119999,0.008054
2482.144322,sim,0.080002,0.120002,0.120002,0.120002,0.120002,0.008057
2482.148333,sim,0.079999,0.119999,0.119999,0.119999,0.119999,0.008054
2482.152338,sim,0.080002,0.120002,0.120002,0.120002,0.120002,0.008057
2482.156251,sim,0.079999,0.119999,0.119999,0.119999,0.119999,0.008054
2482.160327,sim,0.080002,0.120002,0.120002,0.120002,0.120002,0.008057
2482.164303,sim,0.079999,0.119999,0.119999,0.119999,0.119999,0.008054
2482.168548,sim,0.080002,0.120002,0.120002,0.120002,0.120002,0.008057
2482.172273,sim,0.079999,0.119999,0.119999,0.119999,0.119999,0.008054
2482.176326,sim,0.080002,0.120002,0.120002,0.120002,0.120002,0.008057
2482.180539,sim,0.079999,0.119999,0.119999,0.119999,0.119999,0.008054
2482.184292,sim,0.080002,0.120002,0.120002,0.120002,0.120002,0.008057
2482.188333,sim,0.079999,0.119999,0.119999,0.119999,0.119999,0.008054
2482.192369,sim,0.080002,0.120002,0.120002,0.120002,0.120002,0.008057
2482.196360,sim,0.079999,0.119999,0.119999,0.119999,0.119999,0.008054
2482.200502,sim,0.080002,0.120002,0.120002,0.120002,0.120002,0.008057
2482.204324,sim,0.079999,0.119999,0.119999,0.119999,0.119999,0.008054
2482.208261,sim,0.080002,0.120002,0.120002,0.120002,0.120002,0.008057
2482.212307,sim,0.079999,0.119999,0.119999,0.119999,0.119999,0.008054
2482.216430,sim,0.080002,0.120002,0.120002,0.120002,0.120002,0.010205
2482.220340,sim,0.079999,0.119999,0.119999,0.119999,0.119999,0.010202
2482.224323,sim,0.080002,0.120002,0.120002,0.120002,0.120002,0.010205
2482.228315,sim,0.079999,0.119999,0.119999,0.119999,0.119999,0.010202
2482.232433,sim,0.080002,0.120002,0.120002,0.120002,0.120002,0.010206
2482.236343,sim,0.079999,0.119999,0.119999,0.119999,0.119999,0.020656
2482.240380,sim,0.080002,0.120002,0.120002,0.120002,0.120002,0.020659
2482.244293,sim,0.079999,0.119999,0.119999,0.119999,0.119999,0.020656
2482.248367,sim,0.080002,0.120002,0.120002,0.120002,0.120002,0.020660
2482.252374,sim,0.079999,0.119999,0.119999,0.119999,0.119999,0.020656
2482.256298,sim,0.080002,0.120002,0.120002,0.120002,0.120002,0.038312
2482.260376,sim,0.079999,0.119999,0.119999,0.119999,0.119999,0.038309
2482.264262,sim,0.080002,0.120002,0.120002,0.120002,0.120002,0.038312
2482.268658,sim,0.079999,0.119999,0.119999,0.119999,0.119999,0.038309
2482.272335,sim,0.080002,0.120002,0.120002,0.120002,0.120002,0.055759
2482.276360,sim,0.079999,0.119999,0.119999,0.119999,0.119999,0.055756
2482.280564,sim,0.080002,0.120002,0.120002,0.120002,0.120002,0.055759
2482.284294,sim,0.079999,0.119999,0.119999,0.119999,0.119999,0.055756
2482.288333,sim,0.080002,0.120002,0.120002,0.120002,0.120002,0.055759
2482.292352,sim,0.079999,0.119999,0.119999,0.119999,0.119999,0.055756
2482.296349,sim,0.080002,0.120002,0.120002,0.120002,0.120002,0.073028
2482.300438,sim,0.079999,0.119999,0.119999,0.119999,0.119999,0.073025
2482.304280,sim,0.080002,0.120002,0.120002,0.120002,0.120002,0.073028
2482.308318,sim,0.079999,0.119998,0.119998,0.119999,0.119998,0.073024
2482.312359,sim,0.080002,0.120002,0.120002,0.120002,0.120002,0.073028
2482.316363,sim,0.079999,0.119999,0.119999,0.119999,0.119999,0.087991
2482.320422,sim,0.080002,0.120002,0.120002,0.120002,0.120002,0.087994
2482.324384,sim,0.079999,0.119999,0.119999,0.119999,0.119999,0.087991
2482.328370,sim,0.080002,0.120002,0.120002,0.120002,0.120002,0.087994
2482.332348,sim,0.079999,0.119999,0.119999,0.119999,0.119999,0.099888
2482.336899,sim,0.080002,0.120002,0.120002,0.120002,0.120002,0.099891
2482.340477,sim,0.079998,0.119998,0.119998,0.119998,0.119998,0.099887
2482.344378,sim,0.080002,0.120002,0.120002,0.120002,0.120002,0.099891
2482.348292,sim,0.079998,0.119998,0.119998,0.119998,0.119998,0.099887
2482.353875,sim,0.080002,0.120002,0.120002,0.120002,0.120002,0.099891
2482.356431,sim,0.108816,0.119999,0.119999,0.119999,0.119999,0.110198
2482.360520,sim,0.108819,0.120002,0.120002,0.120002,0.120002,0.110201
2482.364294,sim,0.108816,0.119999,0.119999,0.119999,0.119999,0.110198
2482.368386,sim,0.108819,0.120002,0.120002,0.120002,0.120002,0.110201
2482.372467,sim,0.141466,0.122115,0.119999,0.119999,0.119999,0.119134
2482.376501,sim,0.141468,0.122118,0.120001,0.120001,0.120001,0.119137
2482.380670,sim,0.141466,0.122116,0.119999,0.119999,0.119999,0.119135
2482.384452,sim,0.141468,0.122118,0.120001,0.120001,0.120001,0.119136
2482.388545,sim,0.141466,0.122116,0.119999,0.119999,0.119999,0.119135
2482.392464,sim,0.141468,0.122118,0.120001,0.120001,0.120001,0.119137
2482.396467,sim,0.180858,0.158540,0.119999,0.119999,0.119999,0.126879
2482.400521,sim,0.180860,0.158542,0.120001,0.120001,0.120001,0.126881
2482.404458,sim,0.180858,0.158540,0.119999,0.119999,0.119999,0.126879
2482.408615,sim,0.180860,0.158542,0.120001,0.120001,0.120001,0.126881
2482.412539,sim,0.180858,0.158540,0.119999,0.119999,0.119999,0.126879
2482.416476,sim,0.224709,0.197045,0.120001,0.120001,0.120001,0.133593
2482.420679,sim,0.224707,0.197043,0.119999,0.119999,0.119999,0.133591
2482.424563,sim,0.224710,0.197045,0.120001,0.120001,0.120001,0.133593
2482.428580,sim,0.224708,0.197043,0.119999,0.119999,0.119999,0.133591
2482.432499,sim,0.224710,0.197045,0.120001,0.120001,0.120001,0.133593
2482.436582,sim,0.269645,0.238734,0.119999,0.119999,0.119999,0.139407
2482.440637,sim,0.269647,0.238736,0.120001,0.120001,0.120001,0.139410
2482.444516,sim,0.269645,0.238734,0.119999,0.119999,0.119999,0.139407
2482.448534,sim,0.269647,0.238736,0.120001,0.120001,0.120001,0.139409
2482.452632,sim,0.269645,0.238734,0.119999,0.119999,0.119999,0.139408
2482.456562,sim,0.316915,0.281804,0.120001,0.120001,0.152504,0.144451
2482.460562,sim,0.316914,0.281802,0.119999,0.119999,0.152503,0.144449
2482.464546,sim,0.316915,0.281803,0.120001,0.120001,0.152504,0.144450
2482.468565,sim,0.316914,0.281802,0.119999,0.119999,0.152503,0.144449
2482.472618,sim,0.316915,0.281803,0.120001,0.120001,0.152504,0.144450
2482.476549,sim,0.364815,0.327449,0.119999,0.119999,0.191811,0.148818
2482.480712,sim,0.364816,0.327451,0.120001,0.120001,0.191812,0.148820
2482.484647,sim,0.364815,0.327449,0.119999,0.119999,0.191811,0.148818
2482.488584,sim,0.364816,0.327451,0.120001,0.120001,0.191812,0.148819
2482.492794,sim,0.364815,0.327449,0.119999,0.119999,0.191811,0.148818
2482.496547,sim,0.416038,0.373946,0.123253,0.130657,0.234200,0.152605
2482.500747,sim,0.416038,0.373946,0.123253,0.130657,0.234200,0.152605
2482.504636,sim,0.416038,0.373946,0.123253,0.130657,0.234200,0.152605
2482.508543,sim,0.416038,0.373946,0.123253,0.130657,0.234200,0.152605
2482.512833,sim,0.416038,0.373946,0.123253,0.130657,0.234200,0.152605
2482.516639,sim,0.467367,0.422565,0.156751,0.165943,0.277872,0.155887
2482.520750,sim,0.467367,0.422565,0.156751,0.165943,0.277872,0.155887
2482.524625,sim,0.467367,0.422565,0.156751,0.165943,0.277872,0.155887
2482.528574,sim,0.467367,0.422565,0.156751,0.165943,0.277872,0.155887
2482.533059,sim,0.467367,0.422565,0.156751,0.165943,0.277872,0.155887
2482.536766,sim,0.521561,0.471636,0.194106,0.203459,0.324044,0.158731
2482.540757,sim,0.521561,0.471636,0.194106,0.203459,0.324044,0.158731
2482.544560,sim,0.521561,0.471636,0.194106,0.203459,0.324044,0.158731
2482.548619,sim,0.521561,0.471636,0.194106,0.203459,0.324044,0.158731
2482.552620,sim,0.521561,0.471636,0.194106,0.203459,0.324044,0.158731
2482.556625,sim,0.575464,0.522487,0.232028,0.242908,0.370994,0.161196
2482.560717,sim,0.575464,0.522487,0.232028,0.242908,0.370994,0.161196
2482.564693,sim,0.575464,0.522487,0.232028,0.242908,0.370994,0.161196
2482.568699,sim,0.575464,0.522487,0.232028,0.242908,0.370994,0.161196
2482.572977,sim,0.575464,0.522487,0.232028,0.242908,0.370994,0.161196
2482.576723,sim,0.575464,0.522487,0.232028,0.242908,0.370994,0.161196
2482.581153,sim,0.575464,0.522487,0.232028,0.242908,0.370994,0.161196
2482.584722,sim,0.575464,0.522487,0.232028,0.242908,0.370994,0.161196
2482.588609,sim,0.575464,0.522487,0.232028,0.242908,0.370994,0.161196
2482.592694,sim,0.575464,0.522487,0.232028,0.242908,0.370994,0.161196
2482.596787,sim,0.634663,0.580427,0.280151,0.290967,0.425554,0.163332
2482.600844,sim,0.634663,0.580427,0.280151,0.290967,0.425554,0.163332
2482.604639,sim,0.634663,0.580427,0.280151,0.290967,0.425554,0.163332
2482.608696,sim,0.634663,0.580427,0.280151,0.290967,0.425554,0.163332
2482.612789,sim,0.634663,0.580427,0.280151,0.290967,0.425554,0.163332
2482.616836,sim,0.685969,0.637578,0.328792,0.338166,0.481162,0.165184
2482.620724,sim,0.685969,0.637578,0.328792,0.338166,0.481162,0.165184
2482.624698,sim,0.685969,0.637578,0.328792,0.338166,0.481162,0.165184
2482.628678,sim,0.685969,0.637578,0.328792,0.338166,0.481162,0.165184
2482.632754,sim,0.685969,0.637578,0.328792,0.338166,0.481162,0.165184
2482.636760,sim,0.685969,0.637578,0.328792,0.338166,0.481162,0.165184
2482.640839,sim,0.730434,0.696817,0.377884,0.388782,0.539065,0.166788
2482.644827,sim,0.730434,0.696817,0.377884,0.388782,0.539065,0.166788
2482.648756,sim,0.730434,0.696817,0.377884,0.388782,0.539065,0.166788
2482.652760,sim,0.730434,0.696817,0.377884,0.388782,0.539065,0.166788
2482.656749,sim,0.730434,0.696817,0.377884,0.388782,0.539065,0.166788
2482.661060,sim,0.768970,0.755093,0.428751,0.440970,0.596182,0.168179
2482.664869,sim,0.768970,0.755093,0.428751,0.440970,0.596182,0.168179
2482.668720,sim,0.768970,0.755093,0.428751,0.440970,0.596182,0.168179
2482.672770,sim,0.768970,0.755093,0.428751,0.440970,0.596182,0.168179
2482.676870,sim,0.802369,0.811147,0.479772,0.488975,0.652619,0.169384
2482.681184,sim,0.802369,0.811147,0.479772,0.488975,0.652619,0.169384
2482.684778,sim,0.802369,0.811147,0.479772,0.488975,0.652619,0.169384
2482.689537,sim,0.802369,0.811147,0.479772,0.488975,0.652619,0.169384
2482.692851,sim,0.802369,0.811147,0.479772,0.488975,0.652619,0.169384
2482.696941,sim,0.802369,0.811147,0.479772,0.488975,0.652619,0.169384
2482.700909,sim,0.831314,0.859727,0.530925,0.541674,0.708466,0.170429
2482.704796,sim,0.831314,0.859727,0.530925,0.541674,0.708466,0.170429
2482.708813,sim,0.831314,0.859727,0.530925,0.541674,0.708466,0.170429
2482.712884,sim,0.831314,0.859727,0.530925,0.541674,0.708466,0.170429
2482.716875,sim,0.831314,0.859727,0.530925,0.541674,0.708466,0.170429
2482.720962,sim,0.856400,0.901829,0.583579,0.592896,0.758253,0.171334
2482.724954,sim,0.856400,0.901829,0.583579,0.592896,0.758253,0.171334
2482.728850,sim,0.856400,0.901829,0.583579,0.592896,0.758253,0.171334
2482.732778,sim,0.856400,0.901829,0.583579,0.592896,0.758253,0.171334
2482.736946,sim,0.856400,0.901829,0.583579,0.592896,0.758253,0.171334
2482.740965,sim,0.878141,0.938318,0.636148,0.645609,0.801402,0.172118
2482.744808,sim,0.878141,0.938318,0.636148,0.645609,0.801402,0.172118
2482.748764,sim,0.878141,0.938318,0.636148,0.645609,0.801402,0.172118
2482.752835,sim,0.878141,0.938318,0.636148,0.645609,0.801402,0.172118
2482.757087,sim,0.878141,0.938318,0.636148,0.645609,0.801402,0.172118
2482.761174,sim,0.896983,0.969942,0.688643,0.699617,0.838799,0.172798
2482.764842,sim,0.896983,0.969942,0.688643,0.699617,0.838799,0.172798
2482.768913,sim,0.896983,0.969942,0.688643,0.699617,0.838799,0.172798
2482.772958,sim,0.896983,0.969942,0.688643,0.699617,0.838799,0.172798
2482.776916,sim,0.896983,0.969942,0.688643,0.699617,0.838799,0.172798
2482.780945,sim,0.913313,0.997349,0.742461,0.753358,0.871208,0.173388
2482.784845,sim,0.913313,0.997349,0.742461,0.753358,0.871208,0.173388
2482.788994,sim,0.913313,0.997349,0.742461,0.753358,0.871208,0.173388
2482.792900,sim,0.913313,0.997349,0.742461,0.753358,0.871208,0.173388
2482.797206,sim,0.913313,0.997349,0.742461,0.753358,0.871208,0.173388
2482.800933,sim,0.927464,0.999999,0.794649,0.808255,0.899296,0.173897
2482.804941,sim,0.927465,1.000000,0.794651,0.808257,0.899297,0.173899
2482.808906,sim,0.927464,0.999999,0.794649,0.808255,0.899296,0.173897
2482.812807,sim,0.927468,1.000002,0.794653,0.808259,0.899299,0.173901
2482.817150,sim,0.927468,1.000003,0.794653,0.808259,0.899300,0.173901
2482.821134,sim,0.939733,1.000002,0.846819,0.858611,0.923642,0.174343
2482.825029,sim,0.939733,1.000002,0.846819,0.858611,0.923642,0.174343
2482.828855,sim,0.939733,1.000002,0.846819,0.858611,0.923642,0.174343
2482.832833,sim,0.939733,1.000002,0.846819,0.858611,0.923642,0.174343
2482.836971,sim,0.939733,1.000002,0.846819,0.858611,0.923642,0.174343
2482.841166,sim,0.950363,1.000002,0.894804,0.902249,0.944740,0.174726
2482.844897,sim,0.950363,1.000002,0.894804,0.902249,0.944740,0.174726
2482.849054,sim,0.950363,1.000002,0.894804,0.902249,0.944740,0.174726
2482.852899,sim,0.950363,1.000002,0.894804,0.902249,0.944740,0.174726
2482.857025,sim,0.950363,1.000002,0.894804,0.902249,0.944740,0.174726
2482.861131,sim,0.959576,1.000002,0.936391,0.940070,0.963025,0.175059
2482.864856,sim,0.959576,1.000002,0.936391,0.940070,0.963025,0.175059
2482.868866,sim,0.959576,1.000002,0.936391,0.940070,0.963025,0.175059
2482.872898,sim,0.959576,1.000002,0.936391,0.940070,0.963025,0.175059
2482.876905,sim,0.959576,1.000002,0.936391,0.940070,0.963025,0.175059
2482.881261,sim,0.967560,1.000002,0.972433,0.972847,0.978871,0.175347
2482.885064,sim,0.967560,1.000002,0.972433,0.972847,0.978871,0.175347
2482.888971,sim,0.967560,1.000002,0.972433,0.972847,0.978871,0.175347
2482.892826,sim,0.967560,1.000002,0.972433,0.972847,0.978871,0.175347
2482.896979,sim,0.967560,1.000002,0.972433,0.972847,0.978871,0.175347
2482.901168,sim,0.974480,1.000002,1.000002,1.000002,0.992605,0.175597
2482.904958,sim,0.974481,1.000003,1.000003,1.000003,0.992606,0.175598
2482.908905,sim,0.974481,1.000003,1.000003,1.000003,0.992606,0.175598
2482.912916,sim,0.974478,0.999999,0.999999,0.999999,0.992603,0.175594
2482.916939,sim,0.974473,0.999995,0.999995,0.999995,0.992598,0.175590
2482.921421,sim,0.974482,1.000004,1.000004,1.000004,0.992608,0.175599
2482.924957,sim,0.980472,0.999997,0.999997,0.999997,0.999997,0.175808
2482.928948,sim,0.980476,1.000001,1.000001,1.000001,1.000001,0.175812
2482.932945,sim,0.980469,0.999994,0.999994,0.999994,0.999994,0.175805
2482.936939,sim,0.980479,1.000003,1.000003,1.000003,1.000003,0.175814
2482.941111,sim,0.980469,0.999994,0.999994,0.999994,0.999994,0.175805
2482.944972,sim,0.985676,1.000003,1.000003,1.000003,1.000003,0.176002
2482.949044,sim,0.985667,0.999994,0.999994,0.999994,0.999994,0.175993
2482.952937,sim,0.985676,1.000003,1.000003,1.000003,1.000003,0.176002
2482.956954,sim,0.985668,0.999995,0.999995,0.999995,0.999995,0.175994
2482.961477,sim,0.985676,1.000003,1.000003,1.000003,1.000003,0.176002
2482.965166,sim,0.990172,0.999994,0.999994,0.999994,0.999994,0.176156
2482.969055,sim,0.990181,1.000003,1.000003,1.000003,1.000003,0.176165
2482.972949,sim,0.990172,0.999994,0.999994,0.999994,0.999994,0.176156
2482.977103,sim,0.990180,1.000003,1.000003,1.000003,1.000003,0.176164
2482.981282,sim,0.990172,0.999994,0.999994,0.999994,0.999994,0.176156
2482.985179,sim,0.994084,1.000003,1.000003,1.000003,1.000003,0.176305
2482.988950,sim,0.994076,0.999994,0.999994,0.999994,0.999994,0.176296
2482.992929,sim,0.994084,1.000003,1.000003,1.000003,1.000003,0.176305
2482.996969,sim,0.994076,0.999994,0.999994,0.999994,0.999994,0.176297
2483.001241,sim,0.994084,1.000003,1.000003,1.000003,1.000003,0.176305
2483.004943,sim,0.997459,0.999994,0.999994,0.999994,0.999994,0.176419
2483.008965,sim,0.997468,1.000003,1.000003,1.000003,1.000003,0.176427
2483.013046,sim,0.997459,0.999994,0.999994,0.999994,0.999994,0.176419
2483.017063,sim,0.997468,1.000003,1.000003,1.000003,1.000003,0.176428
2483.021532,sim,0.997459,0.999994,0.999994,0.999994,0.999994,0.176419
2483.025051,sim,1.000003,1.000003,1.000003,1.000003,1.000003,0.176533
2483.029079,sim,0.999994,0.999994,0.999994,0.999994,0.999994,0.176525
2483.033155,sim,1.000001,1.000001,1.000001,1.000001,1.000001,0.176531
2483.037056,sim,0.999994,0.999994,0.999994,0.999994,0.999994,0.176616
2483.041097,sim,1.000001,1.000001,1.000001,1.000001,1.000001,0.176715
2483.045190,sim,0.999995,0.999995,0.999995,0.999995,0.999995,0.176801
2483.049139,sim,1.000001,1.000001,1.000001,1.000001,1.000001,0.176898
2483.053020,sim,0.999994,0.999994,0.999994,0.999994,0.999994,0.176983
2483.057024,sim,1.000001,1.000001,1.000001,1.000001,1.000001,0.177082
2483.061186,sim,0.999996,0.999996,0.999996,0.999996,0.999996,0.177168
2483.065099,sim,1.000001,1.000001,1.000001,1.000001,1.000001,0.177219
2483.068947,sim,0.999994,0.999994,0.999994,0.999994,0.999994,0.177212
2483.073076,sim,1.000001,1.000001,1.000001,1.000001,1.000001,0.177219
2483.077148,sim,0.999996,0.999996,0.999996,0.999996,0.999996,0.177214
2483.081187,sim,1.000000,1.000000,1.000000,1.000000,1.000000,0.177218
2483.085019,sim,0.999995,0.999995,0.999995,0.999995,0.999995,0.177213
2483.089028,sim,1.000002,1.000002,1.000002,1.000002,1.000002,0.177220
2483.093112,sim,0.999996,0.999996,0.999996,0.999996,0.999996,0.177214
2483.097133,sim,1.000000,1.000000,1.000000,1.000000,1.000000,0.177218
2483.101084,sim,0.999995,0.999995,0.999995,0.999995,0.999995,0.177213
2483.105066,sim,1.000002,1.000002,1.000002,1.000002,1.000002,0.177220
2483.109075,sim,0.999995,0.999995,0.999995,0.999995,0.999995,0.177213
2483.113214,sim,1.000000,1.000000,1.000000,1.000000,1.000000,0.177218
2483.116979,sim,0.999995,0.999995,0.999995,0.999995,0.999995,0.177213
2483.121170,sim,1.000002,1.000002,1.000002,1.000002,1.000002,0.177220
2483.125088,sim,0.999996,0.999996,0.999996,0.999996,0.999996,0.177214
2483.129123,sim,1.000000,1.000000,1.000000,1.000000,1.000000,0.177218
2483.133107,sim,0.999995,0.999995,0.999995,0.999995,0.999995,0.177213
2483.137052,sim,1.000001,1.000001,1.000001,1.000001,1.000001,0.177219
2483.141211,sim,0.999995,0.999995,0.999995,0.999995,0.999995,0.177213
2483.145097,sim,1.000001,1.000001,1.000001,1.000001,1.000001,0.177219
2483.149048,sim,0.999994,0.999994,0.999994,0.999994,0.999994,0.177212
2483.153075,sim,1.000001,1.000001,1.000001,1.000001,1.000001,0.177219
2483.157123,sim,0.999996,0.999996,0.999996,0.999996,0.999996,0.177214
2483.161136,sim,1.000000,1.000000,1.000000,1.000000,1.000000,0.177218
2483.165049,sim,0.999995,0.999995,0.999995,0.999995,0.999995,0.177213
2483.169055,sim,1.000002,1.000002,1.000002,1.000002,1.000002,0.177220
2483.173145,sim,0.999996,0.999996,0.999996,0.999996,0.999996,0.177214
2483.177122,sim,1.000001,1.000001,1.000001,1.000001,1.000001,0.177219
2483.181304,sim,0.999994,0.999994,0.999994,0.999994,0.999994,0.177212
2483.185094,sim,1.000002,1.000002,1.000002,1.000002,1.000002,0.177220
2483.189130,sim,0.999996,0.999996,0.999996,0.999996,0.999996,0.177214
2483.193101,sim,1.000001,1.000001,1.000001,1.000001,1.000001,0.177219
2483.197086,sim,0.999994,0.999994,0.999994,0.999994,0.999994,0.177212
2483.201122,sim,1.000001,1.000001,1.000001,1.000001,1.000001,0.177219
2483.205081,sim,0.999996,0.999996,0.999996,0.999996,0.999996,0.177214
2483.209026,sim,1.000000,1.000000,1.000000,1.000000,1.000000,0.177219
2483.213087,sim,0.999994,0.999994,0.999994,0.999994,0.999994,0.177212
2483.217009,sim,1.000002,1.000002,1.000002,1.000002,1.000002,0.177220
2483.221269,sim,0.999996,0.999996,0.999996,0.999996,0.999996,0.177214
2483.225055,sim,1.000000,1.000000,1.000000,1.000000,1.000000,0.177218
2483.229089,sim,0.999994,0.999994,0.999994,0.999994,0.999994,0.177212
2483.233117,sim,1.000002,1.000002,1.000002,1.000002,1.000002,0.177220
2483.237113,sim,0.999996,0.999996,0.999996,0.999996,0.999996,0.177214
2483.241275,sim,1.000000,1.000000,1.000000,1.000000,1.000000,0.177218
2483.245017,sim,0.999994,0.999994,0.999994,0.999994,0.999994,0.177212
2483.249084,sim,1.000002,1.000002,1.000002,1.000002,1.000002,0.177220
2483.253047,sim,0.999996,0.999996,0.999996,0.999996,0.999996,0.177214
2483.257175,sim,1.000001,1.000001,1.000001,1.000001,1.000001,0.177219
2483.261177,sim,0.999994,0.999994,0.999994,0.999994,0.999994,0.177212
2483.265080,sim,1.000001,1.000001,1.000001,1.000001,1.000001,0.177219
2483.269203,sim,0.999996,0.999996,0.999996,0.999996,0.999996,0.177214
2483.273095,sim,1.000001,1.000001,1.000001,1.000001,1.000001,0.177219
2483.277146,sim,0.999994,0.999994,0.999994,0.999994,0.999994,0.177212
2483.281210,sim,1.000001,1.000001,1.000001,1.000001,1.000001,0.177219
2483.285158,sim,0.999995,0.999995,0.999995,0.999995,0.999995,0.177213
2483.289183,sim,1.000001,1.000001,1.000001,1.000001,1.000001,0.177219
2483.293139,sim,0.999994,0.999994,0.999994,0.999994,0.999994,0.177212
2483.297108,sim,1.000001,1.000001,1.000001,1.000001,1.000001,0.177219
2483.301291,sim,0.999996,0.999996,0.999996,0.999996,0.999996,0.177214
2483.305122,sim,1.000001,1.000001,1.000001,1.000001,1.000001,0.177219
2483.309069,sim,0.999994,0.999994,0.999994,0.999994,0.999994,0.177212
2483.313129,sim,1.000002,1.000002,1.000002,1.000002,1.000002,0.177220
2483.317124,sim,0.999995,0.999995,0.999995,0.999995,0.999995,0.177213
2483.321108,sim,1.000001,1.000001,1.000001,1.000001,1.000001,0.177219
2483.325084,sim,0.999994,0.999994,0.999994,0.999994,0.999994,0.177212
2483.329136,sim,1.000002,1.000002,1.000002,1.000002,1.000002,0.177220
2483.333185,sim,0.999996,0.999996,0.999996,0.999996,0.999996,0.177214
2483.337174,sim,1.000000,1.000000,1.000000,1.000000,1.000000,0.177218
2483.341207,sim,0.999994,0.999994,0.999994,0.999994,0.999994,0.177212
2483.345087,sim,1.000001,1.000001,1.000001,1.000001,1.000001,0.177219
2483.349171,sim,0.999995,0.999995,0.999995,0.999995,0.999995,0.177213
2483.353108,sim,1.000001,1.000001,1.000001,1.000001,1.000001,0.177219
2483.357143,sim,0.999994,0.999994,0.999994,0.999994,0.999994,0.177212
2483.361271,sim,1.000002,1.000002,1.000002,1.000002,1.000002,0.177220
2483.365150,sim,0.999996,0.999996,0.999996,0.999996,0.999996,0.177214
2483.369099,sim,1.000000,1.000000,1.000000,1.000000,1.000000,0.177218
2483.373163,sim,0.999994,0.999994,0.999994,0.999994,0.999994,0.177212
2483.377120,sim,1.000002,1.000002,1.000002,1.000002,1.000002,0.177220
2483.381426,sim,0.999996,0.999996,0.999996,0.999996,0.999996,0.177214
2483.385159,sim,1.000001,1.000001,1.000001,1.000001,1.000001,0.177219
2483.389051,sim,0.999995,0.999995,0.999995,0.999995,0.999995,0.177213
2483.393070,sim,1.000001,1.000001,1.000001,1.000001,1.000001,0.177219
2483.397097,sim,0.999995,0.999995,0.999995,0.999995,0.999995,0.177213
2483.401234,sim,1.000000,1.000000,1.000000,1.000000,1.000000,0.177218
2483.405067,sim,0.999994,0.999994,0.999994,0.999994,0.999994,0.177212
2483.409050,sim,1.000002,1.000002,1.000002,1.000002,1.000002,0.177220
2483.413122,sim,0.999996,0.999996,0.999996,0.999996,0.999996,0.177214
2483.417093,sim,1.000000,1.000000,1.000000,1.000000,1.000000,0.177218
2483.421127,sim,0.999995,0.999995,0.999995,0.999995,0.999995,0.177213
2483.425057,sim,1.000001,1.000001,1.000001,1.000001,1.000001,0.177219
2483.429086,sim,0.999996,0.999996,0.999996,0.999996,0.999996,0.177214
2483.433131,sim,1.000000,1.000000,1.000000,1.000000,1.000000,0.177218
2483.437031,sim,0.999994,0.999994,0.999994,0.999994,0.999994,0.177212
2483.441201,sim,1.000002,1.000002,1.000002,1.000002,1.000002,0.177220
2483.445172,sim,0.999996,0.999996,0.999996,0.999996,0.999996,0.177214
2483.449172,sim,1.000001,1.000001,1.000001,1.000001,1.000001,0.177219
2483.453058,sim,0.999995,0.999995,0.999995,0.999995,0.999995,0.177213
2483.457092,sim,1.000001,1.000001,1.000001,1.000001,1.000001,0.177219
2483.461248,sim,0.999996,0.999996,0.999996,0.999996,0.999996,0.177214
2483.465140,sim,1.000000,1.000000,1.000000,1.000000,1.000000,0.177218
2483.469110,sim,0.999994,0.999994,0.999994,0.999994,0.999994,0.177212
2483.473145,sim,1.000002,1.000002,1.000002,1.000002,1.000002,0.177220
2483.477139,sim,0.999995,0.999995,0.999995,0.999995,0.999995,0.177213
2483.481291,sim,1.000001,1.000001,1.000001,1.000001,1.000001,0.177219
2483.485181,sim,0.999994,0.999994,0.999994,0.999994,0.999994,0.177212
2483.489108,sim,1.000001,1.000001,1.000001,1.000001,1.000001,0.177219
2483.493191,sim,0.999996,0.999996,0.999996,0.999996,0.999996,0.177214
2483.497141,sim,1.000000,1.000000,1.000000,1.000000,1.000000,0.177218
2483.501152,sim,0.999994,0.999994,0.999994,0.999994,0.999994,0.177212
2483.505099,sim,1.000002,1.000002,1.000002,1.000002,1.000002,0.177220
2483.509116,sim,0.999996,0.999996,0.999996,0.999996,0.999996,0.177214
2483.513141,sim,0.999999,0.999999,0.999999,0.999999,0.999999,0.177218
2483.517097,sim,0.999995,0.999995,0.999995,0.999995,0.999995,0.177213
2483.521150,sim,1.000001,1.000001,1.000001,1.000001,1.000001,0.177219
2483.525117,sim,0.999996,0.999996,0.999996,0.999996,0.999996,0.177214
2483.529182,sim,1.000001,1.000001,1.000001,1.000001,1.000001,0.177219
2483.533118,sim,0.999994,0.999994,0.999994,0.999994,0.999994,0.177212
2483.537097,sim,1.000002,1.000002,1.000002,1.000002,1.000002,0.177220
2483.541227,sim,0.999995,0.999995,0.999995,0.999995,0.999995,0.177213
2483.545132,sim,1.000000,1.000000,1.000000,1.000000,1.000000,0.177218
2483.549180,sim,0.999994,0.999994,0.999994,0.999994,0.999994,0.177212
2483.553099,sim,1.000001,1.000001,1.000001,1.000001,1.000001,0.177219
2483.557174,sim,0.999996,0.999996,0.999996,0.999996,0.999996,0.177214
2483.561209,sim,1.000001,1.000001,1.000001,1.000001,1.000001,0.177219
2483.565198,sim,0.999995,0.999995,0.999995,0.999995,0.999995,0.177213
2483.569140,sim,1.000001,1.000001,1.000001,1.000001,1.000001,0.177219
2483.573206,sim,0.999996,0.999996,0.999996,0.999996,0.999996,0.177214
2483.577186,sim,1.000001,1.000001,1.000001,1.000001,1.000001,0.177219
2483.581261,sim,0.999995,0.999995,0.999995,0.999995,0.999995,0.177213
2483.585148,sim,1.000002,1.000002,1.000002,1.000002,1.000002,0.177220
2483.589210,sim,0.999996,0.999996,0.999996,0.999996,0.999996,0.177214
2483.593175,sim,1.000000,1.000000,1.000000,1.000000,1.000000,0.177218
2483.597172,sim,0.999995,0.999995,0.999995,0.999995,0.999995,0.177213
2483.601226,sim,1.000002,1.000002,1.000002,1.000002,1.000002,0.177220
2483.605260,sim,0.999996,0.999996,0.999996,0.999996,0.999996,0.177214
2483.609129,sim,1.000000,1.000000,1.000000,1.000000,1.000000,0.177218
2483.613155,sim,0.999994,0.999994,0.999994,0.999994,0.999994,0.177212
2483.617101,sim,1.000002,1.000002,1.000002,1.000002,1.000002,0.177220
2483.621232,sim,0.999996,0.999996,0.999996,0.999996,0.999996,0.177214
2483.625178,sim,1.000000,1.000000,1.000000,1.000000,1.000000,0.177219
2483.629126,sim,0.999994,0.999994,0.999994,0.999994,0.999994,0.177212
2483.633132,sim,1.000001,1.000001,1.000001,1.000001,1.000001,0.177219
2483.637188,sim,0.999995,0.999995,0.999995,0.999995,0.999995,0.177213
2483.641178,sim,1.000000,1.000000,1.000000,1.000000,1.000000,0.177218
2483.645138,sim,0.999994,0.999994,0.999994,0.999994,0.999994,0.177212
2483.649143,sim,1.000001,1.000001,1.000001,1.000001,1.000001,0.177219
2483.653220,sim,0.999996,0.999996,0.999996,0.999996,0.999996,0.177214
2483.657178,sim,1.000001,1.000001,1.000001,1.000001,1.000001,0.177219
2483.661283,sim,0.999994,0.999994,0.999994,0.999994,0.999994,0.177212
2483.665214,sim,1.000001,1.000001,1.000001,1.000001,1.000001,0.177219
2483.669254,sim,0.999996,0.999996,0.999996,0.999996,0.999996,0.177214
2483.673263,sim,1.000000,1.000000,1.000000,1.000000,1.000000,0.177218
2483.677152,sim,0.999994,0.999994,0.999994,0.999994,0.999994,0.177212
2483.681356,sim,1.000001,1.000001,1.000001,1.000001,1.000001,0.177219
2483.685187,sim,0.999996,0.999996,0.999996,0.999996,0.999996,0.177214
2483.689200,sim,1.000001,1.000001,1.000001,1.000001,1.000001,0.177219
2483.693146,sim,0.999995,0.999995,0.999995,0.999995,0.999995,0.177213
2483.697129,sim,1.000001,1.000001,1.000001,1.000001,1.000001,0.177219
2483.701278,sim,0.999995,0.999995,0.999995,0.999995,0.999995,0.177213
2483.705127,sim,1.000001,1.000001,1.000001,1.000001,1.000001,0.177219
2483.709082,sim,0.999995,0.999995,0.999995,0.999995,0.999995,0.177213
2483.713139,sim,1.000001,1.000001,1.000001,1.000001,1.000001,0.177219
2483.717193,sim,0.999996,0.999996,0.999996,0.999996,0.999996,0.177214
2483.721278,sim,1.000000,1.000000,1.000000,1.000000,1.000000,0.177218
2483.725165,sim,0.999994,0.999994,0.999994,0.999994,0.999994,0.177212
2483.729149,sim,1.000002,1.000002,1.000002,1.000002,1.000002,0.177220
2483.734259,sim,0.999996,0.999996,0.999996,0.999996,0.999996,0.177214
2483.737178,sim,1.000001,1.000001,1.000001,1.000001,1.000001,0.177219
2483.741346,sim,0.999994,0.999994,0.999994,0.999994,0.999994,0.177212
2483.745160,sim,1.000001,1.000001,1.000001,1.000001,1.000001,0.177219
2483.749253,sim,0.999996,0.999996,0.999996,0.999996,0.999996,0.177214
2483.753170,sim,1.000000,1.000000,1.000000,1.000000,1.000000,0.177218
2483.757192,sim,0.999995,0.999995,0.999995,0.999995,0.999995,0.177213
2483.761178,sim,1.000001,1.000001,1.000001,1.000001,1.000001,0.177219
2483.765217,sim,0.999996,0.999996,0.999996,0.999996,0.999996,0.177214
2483.769232,sim,1.000001,1.000001,1.000001,1.000001,1.000001,0.177219
2483.773198,sim,0.999994,0.999994,0.999994,0.999994,0.999994,0.177212
2483.777155,sim,1.000001,1.000001,1.000001,1.000001,1.000001,0.177219
2483.781373,sim,0.999996,0.999996,0.999996,0.999996,0.999996,0.177214
2483.785220,sim,1.000000,1.000000,1.000000,1.000000,1.000000,0.177218
2483.789231,sim,0.999995,0.999995,0.999995,0.999995,0.999995,0.177213
2483.793136,sim,1.000001,1.000001,1.000001,1.000001,1.000001,0.177219
2483.797209,sim,0.999995,0.999995,0.999995,0.999995,0.999995,0.177213
2483.801309,sim,1.000001,1.000001,1.000001,1.000001,1.000001,0.177219
2483.805155,sim,0.999994,0.999994,0.999994,0.999994,0.999994,0.177212
2483.809195,sim,1.000002,1.000002,1.000002,1.000002,1.000002,0.177220
2483.813288,sim,0.999996,0.999996,0.999996,0.999996,0.999996,0.177214
2483.817208,sim,1.000000,1.000000,1.000000,1.000000,1.000000,0.177218
2483.821168,sim,0.999995,0.999995,0.999995,0.999995,0.999995,0.177213
2483.825257,sim,1.000002,1.000002,1.000002,1.000002,1.000002,0.177220
2483.829306,sim,0.999996,0.999996,0.999996,0.999996,0.999996,0.177214
2483.833290,sim,1.000000,1.000000,1.000000,1.000000,1.000000,0.177218
2483.837260,sim,0.999995,0.999995,0.999995,0.999995,0.999995,0.177213
2483.841281,sim,1.000001,1.000001,1.000001,1.000001,1.000001,0.177219
2483.845251,sim,0.999996,0.999996,0.999996,0.999996,0.999996,0.177214
2483.849246,sim,1.000001,1.000001,1.000001,1.000001,1.000001,0.177219
2483.853152,sim,0.999995,0.999995,0.999995,0.999995,0.999995,0.177213
2483.857144,sim,1.000001,1.000001,1.000001,1.000001,1.000001,0.177219
2483.861376,sim,0.999996,0.999996,0.999996,0.999996,0.999996,0.177214
2483.865237,sim,1.000000,1.000000,1.000000,1.000000,1.000000,0.177218
2483.869208,sim,0.999994,0.999994,0.999994,0.999994,0.999994,0.177212
2483.873263,sim,1.000002,1.000002,1.000002,1.000002,1.000002,0.177220
2483.877239,sim,0.999996,0.999996,0.999996,0.999996,0.999996,0.177214
2483.881692,sim,1.000000,1.000000,1.000000,1.000000,1.000000,0.177218
2483.885291,sim,0.999995,0.999995,0.999995,0.999995,0.999995,0.177213
2483.889262,sim,1.000001,1.000001,1.000001,1.000001,1.000001,0.177219
2483.893252,sim,0.999995,0.999995,0.999995,0.999995,0.999995,0.177213
2483.897211,sim,1.000000,1.000000,1.000000,1.000000,1.000000,0.177218
2483.901253,sim,0.999994,0.999994,0.999994,0.999994,0.999994,0.177212
2483.905248,sim,1.000002,1.000002,1.000002,1.000002,1.000002,0.177220
2483.909413,sim,0.999995,0.999995,0.999995,0.999995,0.999995,0.177213
2483.913367,sim,1.000001,1.000001,1.000001,1.000001,1.000001,0.177219
2483.917249,sim,0.999994,0.999994,0.999994,0.999994,0.999994,0.177212
2483.921280,sim,1.000001,1.000001,1.000001,1.000001,1.000001,0.177219
2483.925256,sim,0.999996,0.999996,0.999996,0.999996,0.999996,0.177214
2483.929406,sim,1.000001,1.000001,1.000001,1.000001,1.000001,0.177219
2483.933256,sim,0.999995,0.999995,0.999995,0.999995,0.999995,0.177213
2483.937432,sim,1.000002,1.000002,1.000002,1.000002,1.000002,0.177220
2483.941441,sim,0.999996,0.999996,0.999996,0.999996,0.999996,0.177214
2483.945279,sim,1.000000,1.000000,1.000000,1.000000,1.000000,0.177218
2483.949378,sim,0.999995,0.999995,0.999995,0.999995,0.999995,0.177213
2483.953362,sim,1.000001,1.000001,1.000001,1.000001,1.000001,0.177219
2483.957342,sim,0.999995,0.999995,0.999995,0.999995,0.999995,0.177213
2483.961423,sim,1.000001,1.000001,1.000001,1.000001,1.000001,0.177219
2483.965234,sim,0.999994,0.999994,0.999994,0.999994,0.999994,0.177212
2483.969287,sim,1.000001,1.000001,1.000001,1.000001,1.000001,0.177219
2483.973359,sim,0.985934,0.999995,0.999995,0.999995,0.999995,0.177213
2483.977261,sim,0.985941,1.000003,1.000003,1.000003,1.000003,0.177221
2483.981379,sim,0.985933,0.999994,0.999994,0.999994,0.999994,0.177212
2483.985259,sim,0.985941,1.000002,1.000002,1.000002,1.000002,0.177220
2483.989374,sim,0.985933,0.999995,0.999995,0.999995,0.999995,0.177213
2483.993306,sim,0.961283,1.000003,1.000003,1.000003,1.000003,0.177221
2483.997273,sim,0.961274,0.999994,0.999994,0.999994,0.999994,0.177212
2484.001347,sim,0.961283,1.000003,1.000003,1.000003,1.000003,0.177221
2484.005385,sim,0.961274,0.999994,0.999994,0.999994,0.999994,0.177212
2484.009364,sim,0.961284,1.000003,1.000003,1.000003,1.000003,0.177221
2484.013292,sim,0.930195,0.999994,0.999994,0.999994,0.999994,0.173990
2484.017286,sim,0.930204,1.000003,1.000003,1.000003,1.000003,0.173999
2484.021375,sim,0.930195,0.999994,0.999994,0.999994,0.999994,0.173990
2484.025255,sim,0.930203,1.000002,1.000002,1.000002,1.000002,0.173998
2484.029311,sim,0.930195,0.999994,0.999994,0.999994,0.999994,0.173990
2484.033407,sim,0.896333,1.000003,1.000003,1.000003,1.000003,0.161540
2484.037374,sim,0.896324,0.999994,0.999994,0.999994,0.999994,0.161531
2484.041484,sim,0.896333,1.000003,1.000003,1.000003,1.000003,0.161540
2484.045227,sim,0.896324,0.999994,0.999994,0.999994,0.999994,0.161531
2484.049468,sim,0.896334,1.000003,1.000003,1.000003,1.000003,0.161540
2484.053362,sim,0.858651,0.999998,0.999998,0.999998,0.973856,0.143218
2484.057316,sim,0.858656,1.000002,1.000002,1.000002,0.973861,0.143223
2484.061359,sim,0.858650,0.999997,0.999997,0.999997,0.973855,0.143217
2484.065272,sim,0.858656,1.000003,1.000003,1.000003,0.973861,0.143224
2484.069423,sim,0.858650,0.999997,0.999997,0.999997,0.973855,0.143218
2484.073320,sim,0.858656,1.000002,1.000002,1.000002,0.973861,0.143223
2484.077330,sim,0.858650,0.999997,0.999997,0.999997,0.973855,0.143217
2484.081465,sim,0.858656,1.000003,1.000003,1.000003,0.973861,0.143224
2484.085339,sim,0.858650,0.999997,0.999997,0.999997,0.973855,0.143217
2484.089400,sim,0.858656,1.000003,1.000003,1.000003,0.973861,0.143223
2484.093378,sim,0.812127,0.999997,0.999997,0.999997,0.928615,0.124121
2484.097282,sim,0.812133,1.000003,1.000003,1.000003,0.928621,0.124127
2484.101419,sim,0.812127,0.999997,0.999997,0.999997,0.928615,0.124121
2484.105272,sim,0.812133,1.000003,1.000003,1.000003,0.928622,0.124128
2484.109448,sim,0.812127,0.999997,0.999997,0.999997,0.928616,0.124122
2484.113307,sim,0.764876,0.950632,1.000002,0.972382,0.882477,0.107576
2484.117392,sim,0.764873,0.950629,0.999998,0.972378,0.882474,0.107573
2484.121375,sim,0.764876,0.950632,1.000001,0.972381,0.882477,0.107576
2484.125259,sim,0.764873,0.950629,0.999999,0.972378,0.882474,0.107573
2484.129341,sim,0.764876,0.950632,1.000001,0.972381,0.882477,0.107576
2484.133470,sim,0.716985,0.900166,0.981309,0.927337,0.834163,0.093231
2484.137303,sim,0.716985,0.900166,0.981309,0.927337,0.834163,0.093231
2484.141378,sim,0.716985,0.900166,0.981309,0.927337,0.834163,0.093231
2484.145357,sim,0.716985,0.900166,0.981309,0.927337,0.834163,0.093231
2484.149435,sim,0.716985,0.900166,0.981309,0.927337,0.834163,0.093231
2484.153373,sim,0.668546,0.846721,0.936463,0.881365,0.786744,0.080801
2484.157337,sim,0.668546,0.846721,0.936463,0.881365,0.786744,0.080801
2484.161407,sim,0.668546,0.846721,0.936463,0.881365,0.786744,0.080801
2484.165371,sim,0.668546,0.846721,0.936463,0.881365,0.786744,0.080801
2484.169328,sim,0.668546,0.846721,0.936463,0.881365,0.786744,0.080801
2484.173283,sim,0.668546,0.846721,0.936463,0.881365,0.786744,0.080801
2484.177326,sim,0.668546,0.846721,0.936463,0.881365,0.786744,0.080801
2484.181557,sim,0.668546,0.846721,0.936463,0.881365,0.786744,0.080801
2484.185306,sim,0.668546,0.846721,0.936463,0.881365,0.786744,0.080801
2484.189358,sim,0.668546,0.846721,0.936463,0.881365,0.786744,0.080801
2484.193390,sim,0.614082,0.783757,0.883726,0.827653,0.727617,0.070027
2484.197443,sim,0.614082,0.783757,0.883726,0.827653,0.727617,0.070027
2484.201429,sim,0.614082,0.783757,0.883726,0.827653,0.727617,0.070027
2484.205286,sim,0.614082,0.783757,0.883726,0.827653,0.727617,0.070027
2484.209357,sim,0.614082,0.783757,0.883726,0.827653,0.727617,0.070027
2484.213450,sim,0.614082,0.783757,0.883726,0.827653,0.727617,0.070027
2484.217486,sim,0.555783,0.718093,0.829699,0.771393,0.666663,0.060690
2484.221346,sim,0.555783,0.718093,0.829699,0.771393,0.666663,0.060690
2484.225325,sim,0.555783,0.718093,0.829699,0.771393,0.666663,0.060690
2484.229384,sim,0.555783,0.718093,0.829699,0.771393,0.666663,0.060690
2484.233372,sim,0.498323,0.655635,0.777327,0.717086,0.608289,0.052598
2484.237408,sim,0.498323,0.655635,0.777327,0.717086,0.608289,0.052598
2484.242186,sim,0.498323,0.655635,0.777327,0.717086,0.608289,0.052598
2484.245280,sim,0.498323,0.655635,0.777327,0.717086,0.608289,0.052598
2484.249361,sim,0.498323,0.655635,0.777327,0.717086,0.608289,0.052598
2484.253291,sim,0.444363,0.594571,0.723616,0.664472,0.549376,0.045585
2484.257322,sim,0.444363,0.594571,0.723616,0.664472,0.549376,0.045585
2484.261428,sim,0.444363,0.594571,0.723616,0.664472,0.549376,0.045585
2484.265447,sim,0.444363,0.594571,0.723616,0.664472,0.549376,0.045585
2484.269310,sim,0.444363,0.594571,0.723616,0.664472,0.549376,0.045585
2484.273327,sim,0.444363,0.594571,0.723616,0.664472,0.549376,0.045585
2484.277423,sim,0.386502,0.530552,0.668744,0.610551,0.488609,0.039507
2484.281541,sim,0.386502,0.530552,0.668744,0.610551,0.488609,0.039507
2484.285227,sim,0.386502,0.530552,0.668744,0.610551,0.488609,0.039507
2484.289332,sim,0.386502,0.530552,0.668744,0.610551,0.488609,0.039507
2484.293408,sim,0.386502,0.530552,0.668744,0.610551,0.488609,0.039507
2484.297328,sim,0.334968,0.466747,0.614254,0.555498,0.429009,0.034239
2484.301299,sim,0.334968,0.466747,0.614254,0.555498,0.429009,0.034239
2484.305251,sim,0.334968,0.466747,0.614254,0.555498,0.429009,0.034239
2484.309345,sim,0.334968,0.466747,0.614254,0.555498,0.429009,0.034239
2484.313427,sim,0.334968,0.466747,0.614254,0.555498,0.429009,0.034239
2484.317324,sim,0.290306,0.407288,0.560094,0.500849,0.371808,0.029674
2484.321323,sim,0.290306,0.407288,0.560094,0.500849,0.371808,0.029674
2484.325278,sim,0.290306,0.407288,0.560094,0.500849,0.371808,0.029674
2484.329298,sim,0.290306,0.407288,0.560094,0.500849,0.371808,0.029674
2484.333240,sim,0.290306,0.407288,0.560094,0.500849,0.371808,0.029674
2484.337319,sim,0.251598,0.354370,0.506220,0.446553,0.322234,0.025718
2484.341726,sim,0.251598,0.354370,0.506220,0.446553,0.322234,0.025718
2484.345295,sim,0.251598,0.354370,0.506220,0.446553,0.322234,0.025718
2484.349324,sim,0.251598,0.354370,0.506220,0.446553,0.322234,0.025718
2484.353392,sim,0.251598,0.354370,0.506220,0.446553,0.322234,0.025718
2484.357470,sim,0.218052,0.308507,0.451207,0.392560,0.279269,0.022289
2484.361540,sim,0.218052,0.308507,0.451207,0.392560,0.279269,0.022289
2484.365301,sim,0.218052,0.308507,0.451207,0.392560,0.279269,0.022289
2484.369302,sim,0.218052,0.308507,0.451207,0.392560,0.279269,0.022289
2484.373395,sim,0.218052,0.308507,0.451207,0.392560,0.279269,0.022289
2484.377439,sim,0.188978,0.268760,0.396594,0.340219,0.242033,0.019317
2484.381385,sim,0.188978,0.268760,0.396594,0.340219,0.242033,0.019317
2484.385376,sim,0.188978,0.268760,0.396594,0.340219,0.242033,0.019317
2484.389386,sim,0.188978,0.268760,0.396594,0.340219,0.242033,0.019317
2484.393463,sim,0.163781,0.234312,0.343715,0.294856,0.209762,0.016741
2484.397294,sim,0.163781,0.234312,0.343715,0.294856,0.209762,0.016741
2484.401384,sim,0.163781,0.234312,0.343715,0.294856,0.209762,0.016741
2484.405361,sim,0.163781,0.234312,0.343715,0.294856,0.209762,0.016741
2484.409426,sim,0.163781,0.234312,0.343715,0.294856,0.209762,0.016741
2484.413283,sim,0.163781,0.234312,0.343715,0.294856,0.209762,0.016741
2484.417401,sim,0.141944,0.204458,0.297886,0.255542,0.181794,0.014509
2484.421570,sim,0.141944,0.204458,0.297886,0.255542,0.181794,0.014509
2484.425333,sim,0.141944,0.204458,0.297886,0.255542,0.181794,0.014509
2484.429259,sim,0.141944,0.204458,0.297886,0.255542,0.181794,0.014509
2484.433586,sim,0.141944,0.204458,0.297886,0.255542,0.181794,0.014509
2484.437470,sim,0.123018,0.178584,0.258168,0.221470,0.157555,0.012575
2484.441535,sim,0.123018,0.178584,0.258168,0.221470,0.157555,0.012575
2484.445237,sim,0.123018,0.178584,0.258168,0.221470,0.157555,0.012575
2484.449905,sim,0.123018,0.178584,0.258168,0.221470,0.157555,0.012575
2484.453412,sim,0.106616,0.156160,0.223746,0.191941,0.136547,0.010898
2484.457455,sim,0.106616,0.156160,0.223746,0.191941,0.136547,0.010898
2484.461446,sim,0.106616,0.156160,0.223746,0.191941,0.136547,0.010898
2484.465336,sim,0.106616,0.156160,0.223746,0.191941,0.136547,0.010898
2484.469313,sim,0.106616,0.156160,0.223746,0.191941,0.136547,0.010898
2484.473350,sim,0.106616,0.156160,0.223746,0.191941,0.136547,0.010898
2484.477368,sim,0.092400,0.136725,0.193913,0.166349,0.120000,0.009445
2484.481466,sim,0.092400,0.136725,0.193913,0.166349,0.120000,0.009445
2484.485328,sim,0.092400,0.136725,0.193913,0.166349,0.120000,0.009445
2484.489329,sim,0.092400,0.136725,0.193913,0.166349,0.120000,0.009445
2484.493380,sim,0.092400,0.136725,0.193913,0.166348,0.120000,0.009445
2484.497346,sim,0.080080,0.120000,0.168058,0.144169,0.120000,0.008186
2484.501454,sim,0.080080,0.120000,0.168058,0.144168,0.120000,0.008185
2484.505390,sim,0.080081,0.120001,0.168059,0.144170,0.120001,0.008186
2484.509232,sim,0.080079,0.119999,0.168057,0.144168,0.119999,0.008185
2484.513552,sim,0.080081,0.120001,0.168059,0.144169,0.120001,0.008186
2484.517407,sim,0.079999,0.119999,0.145650,0.124946,0.119999,0.007094
2484.521442,sim,0.080001,0.120001,0.145651,0.124947,0.120001,0.007095
2484.525290,sim,0.079999,0.119999,0.145649,0.124946,0.119999,0.007093
2484.529248,sim,0.080001,0.120001,0.145651,0.124947,0.120001,0.007095
2484.533539,sim,0.079999,0.119999,0.145649,0.124945,0.119999,0.007093
2484.537415,sim,0.080001,0.120001,0.126231,0.120001,0.120001,0.006149
2484.541394,sim,0.079999,0.119999,0.126229,0.119999,0.119999,0.006147
2484.545318,sim,0.080002,0.120002,0.126232,0.120002,0.120002,0.006150
2484.549272,sim,0.079999,0.119999,0.126229,0.119999,0.119999,0.006147
2484.553485,sim,0.080001,0.120001,0.126232,0.120001,0.120001,0.006150
2484.557315,sim,0.079999,0.119999,0.119999,0.119999,0.119999,0.005327
2484.561496,sim,0.080002,0.120002,0.120002,0.120002,0.120002,0.005330
2484.565300,sim,0.079999,0.119999,0.119999,0.119999,0.119999,0.005327
2484.569268,sim,0.080002,0.120002,0.120002,0.120002,0.120002,0.005330
2484.573305,sim,0.079999,0.119999,0.119999,0.119999,0.119999,0.005327
2484.577329,sim,0.080002,0.120002,0.120002,0.120002,0.120002,0.004620
2484.581575,sim,0.079999,0.119999,0.119999,0.119999,0.119999,0.004617
2484.585356,sim,0.080002,0.120002,0.120002,0.120002,0.120002,0.004620
2484.589212,sim,0.079999,0.119999,0.119999,0.119999,0.119999,0.004617
2484.593440,sim,0.080002,0.120002,0.120002,0.120002,0.120002,0.004620
2484.597370,sim,0.079999,0.119999,0.119999,0.119999,0.119999,0.004617
2484.601428,sim,0.080002,0.120002,0.120002,0.120002,0.120002,0.004004
2484.605321,sim,0.079999,0.119999,0.119999,0.119999,0.119999,0.003385
2484.609269,sim,0.080002,0.120002,0.120002,0.120002,0.120002,0.002773
2484.613297,sim,0.079999,0.119999,0.119999,0.119999,0.119999,0.002153
2484.617331,sim,0.080002,0.120002,0.120002,0.120002,0.120002,0.001541
2484.621443,sim,0.079999,0.119999,0.119999,0.119999,0.119999,0.000922
2484.625709,sim,0.080002,0.120002,0.120002,0.120002,0.120002,0.000311
2484.629515,sim,0.079999,0.119999,0.119999,0.119999,0.119999,0.000004
2484.633485,sim,0.080002,0.120002,0.120002,0.120002,0.120002,0.000024
2484.637347,sim,0.079998,0.119998,0.119998,0.119998,0.119998,-0.000016
2484.641421,sim,0.080002,0.120002,0.120002,0.120002,0.120002,0.000024
2484.645392,sim,0.079999,0.119999,0.119999,0.119999,0.119999,-0.000015
2484.649404,sim,0.080002,0.120002,0.120002,0.120002,0.120002,0.000022
2484.653303,sim,0.079999,0.119999,0.119999,0.119999,0.119999,-0.000014
2484.657390,sim,0.080002,0.120002,0.120002,0.120002,0.120002,0.000022
2484.661520,sim,0.079999,0.119999,0.119999,0.119999,0.119999,-0.000014
2484.665365,sim,0.080002,0.120002,0.120002,0.120002,0.120002,0.000024
2484.669322,sim,0.079999,0.119999,0.119999,0.119999,0.119999,-0.000015
2484.673288,sim,0.080002,0.120002,0.120002,0.120002,0.120002,0.000024
2484.677345,sim,0.079998,0.119998,0.119998,0.119998,0.119998,-0.000016
2484.681562,sim,0.080002,0.120002,0.120002,0.120002,0.120002,0.000024
2484.685365,sim,0.079999,0.119999,0.119999,0.119999,0.119999,-0.000015
2484.689297,sim,0.080002,0.120002,0.120002,0.120002,0.120002,0.000026
2484.693357,sim,0.079998,0.119998,0.119998,0.119998,0.119998,-0.000016
2484.697387,sim,0.080002,0.120002,0.120002,0.120002,0.120002,0.000024
2484.701406,sim,0.079998,0.119998,0.119998,0.119998,0.119998,-0.000015
2484.705320,sim,0.080002,0.120002,0.120002,0.120002,0.120002,0.000023
2484.709340,sim,0.079999,0.119999,0.119999,0.119999,0.119999,-0.000015
2484.713338,sim,0.080002,0.120002,0.120002,0.120002,0.120002,0.000024
2484.717348,sim,0.079999,0.119999,0.119999,0.119999,0.119999,-0.000015
2484.721414,sim,0.080002,0.120002,0.120002,0.120002,0.120002,0.000024
2484.725399,sim,0.079999,0.119999,0.119999,0.119999,0.119999,-0.000015
2484.729327,sim,0.080002,0.120002,0.120002,0.120002,0.120002,0.000022
2484.733299,sim,0.079999,0.119999,0.119999,0.119999,0.119999,-0.000014
2484.737402,sim,0.080002,0.120002,0.120002,0.120002,0.120002,0.000022
2484.741636,sim,0.079999,0.119999,0.119999,0.119999,0.119999,-0.000014
2484.745491,sim,0.080002,0.120002,0.120002,0.120002,0.120002,0.000023
2484.749413,sim,0.079998,0.119998,0.119998,0.119998,0.119998,-0.000015
2484.753317,sim,0.080002,0.120002,0.120002,0.120002,0.120002,0.000022
2484.757413,sim,0.079999,0.119999,0.119999,0.119999,0.119999,-0.000014
2484.761485,sim,0.080002,0.120002,0.120002,0.120002,0.120002,0.000023
2484.765265,sim,0.079999,0.119999,0.119999,0.119999,0.119999,-0.000015
2484.769318,sim,0.080002,0.120002,0.120002,0.120002,0.120002,0.000023
2484.773317,sim,0.079999,0.119999,0.119999,0.119999,0.119999,-0.000015
2484.777380,sim,0.080002,0.120002,0.120002,0.120002,0.120002,0.000021
2484.781386,sim,0.079999,0.119999,0.119999,0.119999,0.119999,-0.000014
2484.785285,sim,0.080002,0.120002,0.120002,0.120002,0.120002,0.000022
2484.789361,sim,0.079999,0.119999,0.119999,0.119999,0.119999,-0.000014
2484.793276,sim,0.080002,0.120002,0.120002,0.120002,0.120002,0.000024
2484.797375,sim,0.079999,0.119999,0.119999,0.119999,0.119999,-0.000015
2484.801385,sim,0.080002,0.120002,0.120002,0.120002,0.120002,0.000023
2484.805410,sim,0.079998,0.119998,0.119998,0.119998,0.119998,-0.000015
2484.809367,sim,0.080002,0.120002,0.120002,0.120002,0.120002,0.000023
2484.813289,sim,0.079999,0.119999,0.119999,0.119999,0.119999,-0.000014
2484.817320,sim,0.080002,0.120002,0.120002,0.120002,0.120002,0.000022
2484.821394,sim,0.079999,0.119999,0.119999,0.119999,0.119999,-0.000014
2484.825399,sim,0.080002,0.120002,0.120002,0.120002,0.120002,0.000022
2484.829356,sim,0.079998,0.119998,0.119998,0.119998,0.119998,-0.000014
2484.833281,sim,0.080002,0.120002,0.120002,0.120002,0.120002,0.000023
2484.837340,sim,0.079999,0.119999,0.119999,0.119999,0.119999,-0.000014
2484.841430,sim,0.080002,0.120002,0.120002,0.120002,0.120002,0.000024
2484.845306,sim,0.079998,0.119998,0.119998,0.119998,0.119998,-0.000015
2484.849301,sim,0.080002,0.120002,0.120002,0.120002,0.120002,0.000023
2484.853307,sim,0.079999,0.119999,0.119999,0.119999,0.119999,-0.000015
2484.857330,sim,0.080002,0.120002,0.120002,0.120002,0.120002,0.000024
2484.861477,sim,0.079999,0.119999,0.119999,0.119999,0.119999,-0.000015
2484.865336,sim,0.080002,0.120002,0.120002,0.120002,0.120002,0.000020
2484.869435,sim,0.079999,0.119999,0.119999,0.119999,0.119999,-0.000013
2484.873355,sim,0.080002,0.120002,0.120002,0.120002,0.120002,0.000022
2484.877382,sim,0.079998,0.119998,0.119998,0.119998,0.119998,-0.000014
2484.881531,sim,0.080002,0.120002,0.120002,0.120002,0.120002,0.000022
2484.885369,sim,0.079999,0.119999,0.119999,0.119999,0.119999,-0.000014
2484.889288,sim,0.080002,0.120002,0.120002,0.120002,0.120002,0.000022
2484.893258,sim,0.079999,0.119999,0.119999,0.119999,0.119999,-0.000014
2484.897392,sim,0.080002,0.120002,0.120002,0.120002,0.120002,0.000022
2484.901465,sim,0.079999,0.119999,0.119999,0.119999,0.119999,-0.000014
2484.905315,sim,0.080002,0.120002,0.120002,0.120002,0.120002,0.000023
2484.909366,sim,0.079999,0.119999,0.119999,0.119999,0.119999,-0.000015
2484.913319,sim,0.080002,0.120002,0.120002,0.120002,0.120002,0.000024
2484.917484,sim,0.079999,0.119999,0.119999,0.119999,0.119999,-0.000016
2484.921570,sim,0.080002,0.120002,0.120002,0.120002,0.120002,0.000023
2484.925427,sim,0.079999,0.119999,0.119999,0.119999,0.119999,-0.000015
2484.929334,sim,0.080002,0.120002,0.120002,0.120002,0.120002,0.000023
2484.933469,sim,0.079999,0.119999,0.119999,0.119999,0.119999,-0.000015
2484.937327,sim,0.080002,0.120002,0.120002,0.120002,0.120002,0.000023
2484.941474,sim,0.079999,0.119999,0.119999,0.119999,0.119999,-0.000015
2484.945340,sim,0.080002,0.120002,0.120002,0.120002,0.120002,0.000023
2484.949396,sim,0.079998,0.119998,0.119998,0.119998,0.119998,-0.000015
2484.953286,sim,0.080002,0.120002,0.120002,0.120002,0.120002,0.000022
2484.957315,sim,0.079999,0.119999,0.119999,0.119999,0.119999,-0.000014
2484.961420,sim,0.080002,0.120002,0.120002,0.120002,0.120002,0.000022
2484.965319,sim,0.079999,0.119999,0.119999,0.119999,0.119999,-0.000014
2484.969315,sim,0.080002,0.120002,0.120002,0.120002,0.120002,0.000021
2484.973232,sim,0.079999,0.119999,0.119999,0.119999,0.119999,-0.000014
2484.977357,sim,0.080002,0.120002,0.120002,0.120002,0.120002,0.000024
2484.981888,sim,0.079998,0.119998,0.119998,0.119998,0.119998,-0.000015
2484.985358,sim,0.080002,0.120002,0.120002,0.120002,0.120002,0.000023
2484.989284,sim,0.079999,0.119999,0.119999,0.119999,0.119999,-0.000015
2484.993401,sim,0.080002,0.120002,0.120002,0.120002,0.120002,0.000022
2484.997470,sim,0.079999,0.119999,0.119999,0.119999,0.119999,-0.000014
2485.001526,sim,0.080002,0.120002,0.120002,0.120002,0.120002,0.000021
2485.005379,sim,0.079999,0.119999,0.119999,0.119999,0.119999,-0.000014
2485.009424,sim,0.080002,0.120002,0.120002,0.120002,0.120002,0.000022
2485.013419,sim,0.079998,0.119998,0.119998,0.119998,0.119998,-0.000014
2485.017373,sim,0.080002,0.120002,0.120002,0.120002,0.120002,0.000022
2485.021310,sim,0.079999,0.119999,0.119999,0.119999,0.119999,-0.000014
2485.025264,sim,0.080002,0.120002,0.120002,0.120002,0.120002,0.000023
2485.029316,sim,0.079999,0.119999,0.119999,0.119999,0.119999,-0.000015
2485.033303,sim,0.080002,0.120002,0.120002,0.120002,0.120002,0.000023
2485.037263,sim,0.079998,0.119998,0.119998,0.119998,0.119998,-0.000015
2485.041348,sim,0.080002,0.120002,0.120002,0.120002,0.120002,0.000024
2485.045362,sim,0.079998,0.119998,0.119998,0.119998,0.119998,-0.000015
2485.049395,sim,0.080002,0.120002,0.120002,0.120002,0.120002,0.000024
2485.053287,sim,0.079999,0.119999,0.119999,0.119999,0.119999,-0.000015
2485.057359,sim,0.080002,0.120002,0.120002,0.120002,0.120002,0.000023
2485.061415,sim,0.079999,0.119999,0.119999,0.119999,0.119999,-0.000015
2485.065308,sim,0.080002,0.120002,0.120002,0.120002,0.120002,0.003224
2485.069264,sim,0.079999,0.119999,0.119999,0.119999,0.119999,0.003221
2485.073255,sim,0.080002,0.120002,0.120002,0.120002,0.120002,0.003224
2485.077352,sim,0.079999,0.119999,0.119999,0.119999,0.119999,0.003221
2485.081665,sim,0.080002,0.120002,0.120002,0.120002,0.120002,0.011387
2485.085329,sim,0.079999,0.119999,0.119999,0.119999,0.119999,0.011383
2485.089262,sim,0.080002,0.120002,0.120002,0.120002,0.120002,0.011387
2485.093342,sim,0.079999,0.119999,0.119999,0.119999,0.119999,0.011384
2485.097362,sim,0.080002,0.120002,0.120002,0.120002,0.120002,0.011387
2485.101378,sim,0.079999,0.119999,0.119999,0.119999,0.119999,0.028124
2485.105377,sim,0.080002,0.120002,0.120002,0.120002,0.120002,0.028128
2485.109434,sim,0.079999,0.119999,0.119999,0.119999,0.119999,0.028124
2485.113341,sim,0.080002,0.120002,0.120002,0.120002,0.120002,0.028128
2485.117415,sim,0.079999,0.119999,0.119999,0.119999,0.119999,0.028124
2485.121439,sim,0.080002,0.120002,0.120002,0.120002,0.120002,0.043710
2485.125520,sim,0.079999,0.119999,0.119999,0.119999,0.119999,0.043707
2485.129378,sim,0.080002,0.120002,0.120002,0.120002,0.120002,0.043710
2485.133816,sim,0.079999,0.119999,0.119999,0.119999,0.119999,0.043707
2485.137339,sim,0.080002,0.120002,0.120002,0.120002,0.120002,0.043711
2485.141548,sim,0.079999,0.119999,0.119999,0.119999,0.119999,0.059360
2485.145330,sim,0.080002,0.120002,0.120002,0.120002,0.120002,0.059364
2485.149348,sim,0.079999,0.119999,0.119999,0.119999,0.119999,0.059360
2485.153392,sim,0.080002,0.120002,0.120002,0.120002,0.120002,0.059364
2485.157384,sim,0.079999,0.119999,0.119999,0.119999,0.119999,0.059360
2485.161535,sim,0.108828,0.120002,0.120002,0.120002,0.120002,0.071855
2485.165305,sim,0.108825,0.119999,0.119999,0.119999,0.119999,0.071853
2485.169398,sim,0.108828,0.120001,0.120001,0.120001,0.120001,0.071855
2485.173412,sim,0.108825,0.119999,0.119999,0.119999,0.119999,0.071852
2485.177588,sim,0.108828,0.120001,0.120001,0.120001,0.120001,0.071855
2485.181540,sim,0.145634,0.119999,0.119999,0.119999,0.119999,0.082679
2485.185416,sim,0.145637,0.120002,0.120002,0.120002,0.120002,0.082682
2485.189378,sim,0.145634,0.119999,0.119999,0.119999,0.119999,0.082679
2485.193404,sim,0.145637,0.120002,0.120002,0.120002,0.120002,0.082682
2485.197369,sim,0.145634,0.119999,0.119999,0.119999,0.119999,0.082679
2485.201487,sim,0.184474,0.120002,0.120002,0.120002,0.120002,0.090991
2485.205439,sim,0.184471,0.119999,0.119999,0.119999,0.119999,0.090988
2485.209340,sim,0.184474,0.120001,0.120001,0.120001,0.120001,0.090991
2485.213273,sim,0.184471,0.119999,0.119999,0.119999,0.119999,0.090988
2485.217349,sim,0.184474,0.120001,0.120001,0.120001,0.120001,0.090990
2485.221612,sim,0.227839,0.119999,0.119999,0.119999,0.119999,0.098189
2485.225479,sim,0.227842,0.120002,0.120002,0.120002,0.120002,0.098192
2485.229316,sim,0.227839,0.119999,0.119999,0.119999,0.119999,0.098189
2485.233355,sim,0.227841,0.120001,0.120001,0.120001,0.120001,0.098191
2485.237342,sim,0.227839,0.119999,0.119999,0.119999,0.119999,0.098189
2485.241649,sim,0.227841,0.120001,0.120001,0.120001,0.120001,0.098192
2485.245341,sim,0.275133,0.156128,0.119999,0.119999,0.129566,0.104430
2485.249310,sim,0.275135,0.156130,0.120001,0.120001,0.129568,0.104432
2485.253369,sim,0.275134,0.156128,0.120000,0.120000,0.129567,0.104430
2485.257418,sim,0.275135,0.156129,0.120001,0.120001,0.129568,0.104432
2485.261380,sim,0.323057,0.193566,0.120000,0.120000,0.166385,0.109839
2485.265376,sim,0.323058,0.193567,0.120001,0.120001,0.166386,0.109840
2485.269374,sim,0.323057,0.193566,0.120000,0.120000,0.166385,0.109839
2485.273330,sim,0.323058,0.193567,0.120001,0.120001,0.166386,0.109840
2485.277369,sim,0.323057,0.193566,0.119999,0.119999,0.166385,0.109839
2485.281582,sim,0.323058,0.193567,0.120001,0.120001,0.166386,0.109840
2485.285486,sim,0.374300,0.235721,0.119999,0.119999,0.205229,0.114527
2485.289483,sim,0.374301,0.235722,0.120001,0.120001,0.205230,0.114528
2485.293306,sim,0.374300,0.235721,0.119999,0.119999,0.205229,0.114527
2485.297346,sim,0.374301,0.235722,0.120001,0.120001,0.205230,0.114528
2485.301582,sim,0.374300,0.235721,0.119999,0.119999,0.205229,0.114527
2485.305326,sim,0.427033,0.280578,0.120000,0.147560,0.249990,0.118590
2485.309257,sim,0.427033,0.280578,0.120000,0.147559,0.249990,0.118590
2485.313352,sim,0.427033,0.280578,0.120000,0.147560,0.249990,0.118590
2485.317391,sim,0.427033,0.280577,0.120000,0.147559,0.249990,0.118590
2485.321574,sim,0.427033,0.280578,0.120000,0.147560,0.249990,0.118590
2485.325321,sim,0.481056,0.326388,0.120000,0.184752,0.297105,0.122111
2485.329344,sim,0.481057,0.326389,0.120000,0.184753,0.297105,0.122111
2485.333344,sim,0.481056,0.326388,0.120000,0.184752,0.297105,0.122110
2485.337446,sim,0.481057,0.326389,0.120000,0.184753,0.297105,0.122111
2485.341461,sim,0.481056,0.326388,0.120000,0.184752,0.297105,0.122110
2485.345569,sim,0.534812,0.374413,0.128280,0.223922,0.343486,0.125162
2485.349370,sim,0.534812,0.374413,0.128280,0.223922,0.343486,0.125162
2485.353320,sim,0.534812,0.374413,0.128280,0.223922,0.343486,0.125162
2485.357340,sim,0.534812,0.374413,0.128280,0.223922,0.343486,0.125162
2485.361372,sim,0.534812,0.374413,0.128280,0.223922,0.343486,0.125162
2485.365372,sim,0.591109,0.422969,0.163882,0.264803,0.392005,0.127807
2485.369391,sim,0.591109,0.422969,0.163882,0.264803,0.392005,0.127807
2485.373281,sim,0.591109,0.422969,0.163882,0.264803,0.392005,0.127807
2485.377395,sim,0.591109,0.422969,0.163882,0.264803,0.392005,0.127807
2485.381943,sim,0.645448,0.470600,0.200286,0.305782,0.439603,0.130099
2485.385342,sim,0.645448,0.470600,0.200286,0.305782,0.439603,0.130099
2485.389262,sim,0.645448,0.470600,0.200286,0.305782,0.439603,0.130099
2485.393345,sim,0.645448,0.470600,0.200286,0.305782,0.439603,0.130099
2485.397336,sim,0.645448,0.470600,0.200286,0.305782,0.439603,0.130099
2485.401527,sim,0.645448,0.470600,0.200286,0.305782,0.439603,0.130099
2485.405270,sim,0.695316,0.521588,0.238771,0.349619,0.489176,0.132085
2485.409347,sim,0.695316,0.521588,0.238771,0.349619,0.489176,0.132085
2485.413342,sim,0.695316,0.521588,0.238771,0.349619,0.489176,0.132085
2485.417393,sim,0.695316,0.521588,0.238771,0.349619,0.489176,0.132085
2485.421370,sim,0.695316,0.521588,0.238771,0.349619,0.489176,0.132085
2485.425339,sim,0.738535,0.574101,0.280447,0.394546,0.540462,0.133807
2485.429389,sim,0.738535,0.574101,0.280447,0.394546,0.540462,0.133807
2485.433325,sim,0.738535,0.574101,0.280447,0.394546,0.540462,0.133807
2485.437441,sim,0.738535,0.574101,0.280447,0.394546,0.540462,0.133807
2485.441878,sim,0.738535,0.574101,0.280447,0.394546,0.540462,0.133807
2485.445451,sim,0.775991,0.626547,0.324888,0.440418,0.593232,0.135299
2485.449512,sim,0.775991,0.626547,0.324888,0.440418,0.593232,0.135299
2485.453326,sim,0.775991,0.626547,0.324888,0.440418,0.593232,0.135299
2485.457281,sim,0.775991,0.626547,0.324888,0.440418,0.593232,0.135299
2485.461597,sim,0.775991,0.626547,0.324888,0.440418,0.593232,0.135299
2485.465439,sim,0.808453,0.680322,0.368951,0.488496,0.644514,0.136592
2485.469340,sim,0.808453,0.680322,0.368951,0.488496,0.644514,0.136592
2485.473334,sim,0.808453,0.680322,0.368951,0.488496,0.644514,0.136592
2485.477375,sim,0.808453,0.680322,0.368951,0.488496,0.644514,0.136592
2485.481587,sim,0.808453,0.680322,0.368951,0.488496,0.644514,0.136592
2485.485329,sim,0.836587,0.731088,0.414075,0.535712,0.697281,0.137712
2485.489382,sim,0.836587,0.731088,0.414075,0.535712,0.697281,0.137712
2485.493371,sim,0.836587,0.731088,0.414075,0.535712,0.697281,0.137712
2485.497348,sim,0.836587,0.731088,0.414075,0.535712,0.697281,0.137712
2485.501613,sim,0.836587,0.731088,0.414075,0.535712,0.697281,0.137712
2485.505395,sim,0.860970,0.784794,0.460117,0.584954,0.748560,0.138684
2485.509383,sim,0.860970,0.784794,0.460117,0.584954,0.748560,0.138684
2485.513337,sim,0.860970,0.784794,0.460117,0.584954,0.748560,0.138684
2485.517229,sim,0.860970,0.784794,0.460117,0.584954,0.748560,0.138684
2485.521452,sim,0.860970,0.784794,0.460117,0.584954,0.748560,0.138684
2485.525335,sim,0.882102,0.835501,0.508343,0.633179,0.794388,0.139525
2485.529353,sim,0.882102,0.835501,0.508343,0.633179,0.794388,0.139525
2485.533283,sim,0.882102,0.835501,0.508343,0.633179,0.794388,0.139525
2485.537398,sim,0.882102,0.835501,0.508343,0.633179,0.794388,0.139525
2485.541618,sim,0.882102,0.835501,0.508343,0.633179,0.794388,0.139525
2485.545414,sim,0.900416,0.882221,0.554299,0.683295,0.834107,0.140255
2485.549337,sim,0.900416,0.882221,0.554299,0.683295,0.834107,0.140255
2485.553325,sim,0.900416,0.882221,0.554299,0.683295,0.834107,0.140255
2485.557403,sim,0.900416,0.882221,0.554299,0.683295,0.834107,0.140255
2485.561854,sim,0.900416,0.882221,0.554299,0.683295,0.834107,0.140255
2485.565328,sim,0.916288,0.922711,0.603837,0.733665,0.868529,0.140887
2485.569364,sim,0.916288,0.922711,0.603837,0.733665,0.868529,0.140887
2485.573427,sim,0.916288,0.922711,0.603837,0.733665,0.868529,0.140887
2485.577404,sim,0.916288,0.922711,0.603837,0.733665,0.868529,0.140887
2485.581439,sim,0.916288,0.922711,0.603837,0.733665,0.868529,0.140887
2485.585380,sim,0.916288,0.922711,0.603837,0.733665,0.868529,0.140887
2485.589388,sim,0.930044,0.957803,0.655092,0.787028,0.898362,0.141435
2485.593450,sim,0.930044,0.957803,0.655092,0.787028,0.898362,0.141435
2485.597256,sim,0.930044,0.957803,0.655092,0.787028,0.898362,0.141435
2485.601439,sim,0.930044,0.957803,0.655092,0.787028,0.898362,0.141435
2485.605354,sim,0.941966,0.988216,0.705061,0.837437,0.924217,0.141910
2485.609367,sim,0.941966,0.988216,0.705061,0.837437,0.924217,0.141910
2485.613246,sim,0.941966,0.988216,0.705061,0.837437,0.924217,0.141910
2485.617252,sim,0.941966,0.988216,0.705061,0.837437,0.924217,0.141910
2485.621439,sim,0.941966,0.988216,0.705061,0.837437,0.924217,0.141910
2485.625345,sim,0.941966,0.988216,0.705061,0.837437,0.924217,0.141910
2485.629322,sim,0.952296,0.999998,0.758075,0.882510,0.946623,0.142320
2485.633364,sim,0.952300,1.000002,0.758079,0.882513,0.946627,0.142324
2485.637405,sim,0.952301,1.000003,0.758079,0.882514,0.946628,0.142324
2485.641525,sim,0.952299,1.000002,0.758078,0.882513,0.946627,0.142323
2485.645287,sim,0.952299,1.000002,0.758078,0.882513,0.946627,0.142323
2485.649322,sim,0.961254,1.000002,0.810960,0.921578,0.966047,0.142680
2485.653380,sim,0.961254,1.000002,0.810960,0.921578,0.966047,0.142680
2485.657348,sim,0.961254,1.000002,0.810960,0.921578,0.966047,0.142680
2485.661383,sim,0.961254,1.000002,0.810960,0.921578,0.966047,0.142680
2485.666179,sim,0.969015,1.000002,0.862339,0.955434,0.982878,0.142989
2485.669357,sim,0.969015,1.000002,0.862339,0.955434,0.982878,0.142989
2485.673312,sim,0.969015,1.000002,0.862339,0.955434,0.982878,0.142989
2485.677280,sim,0.969015,1.000002,0.862339,0.955434,0.982878,0.142989
2485.681657,sim,0.969015,1.000002,0.862339,0.955434,0.982878,0.142989
2485.685521,sim,0.969015,1.000002,0.862339,0.955434,0.982878,0.142989
2485.689342,sim,0.975741,1.000002,0.908255,0.984776,0.997464,0.143257
2485.693271,sim,0.975741,1.000002,0.908255,0.984776,0.997464,0.143257
2485.697356,sim,0.975741,1.000002,0.908255,0.984776,0.997464,0.143257
2485.701450,sim,0.975741,1.000002,0.908255,0.984776,0.997464,0.143257
2485.705353,sim,0.975741,1.000002,0.908255,0.984776,0.997464,0.143257
2485.709310,sim,0.981570,1.000002,0.948049,1.000002,1.000002,0.143489
2485.713343,sim,0.981570,1.000002,0.948049,1.000002,1.000002,0.143489
2485.717378,sim,0.981567,0.999999,0.948046,0.999999,0.999999,0.143486
2485.721418,sim,0.981561,0.999993,0.948040,0.999993,0.999993,0.143481
2485.725353,sim,0.981571,1.000003,0.948050,1.000003,1.000003,0.143490
2485.729350,sim,0.986617,0.999997,0.982531,0.999997,0.999997,0.143685
2485.733356,sim,0.986621,1.000001,0.982535,1.000001,1.000001,0.143690
2485.737358,sim,0.986616,0.999996,0.982530,0.999996,0.999996,0.143684
2485.741375,sim,0.986622,1.000002,0.982536,1.000002,1.000002,0.143690
2485.745457,sim,0.986616,0.999996,0.982530,0.999996,0.999996,0.143684
2485.749376,sim,0.991000,1.000001,1.000001,1.000001,1.000001,0.143864
2485.753304,sim,0.990992,0.999994,0.999994,0.999994,0.999994,0.143857
2485.757233,sim,0.991002,1.000003,1.000003,1.000003,1.000003,0.143866
2485.761546,sim,0.990992,0.999994,0.999994,0.999994,0.999994,0.143857
2485.765405,sim,0.991001,1.000003,1.000003,1.000003,1.000003,0.143865
2485.769403,sim,0.990993,0.999994,0.999994,0.999994,0.999994,0.143857
2485.773295,sim,0.991001,1.000002,1.000002,1.000002,1.000002,0.143865
2485.777274,sim,0.990993,0.999994,0.999994,0.999994,0.999994,0.143857
2485.782191,sim,0.991001,1.000003,1.000003,1.000003,1.000003,0.143866
2485.785449,sim,0.990993,0.999995,0.999995,0.999995,0.999995,0.143858
2485.789285,sim,0.994796,1.000003,1.000003,1.000003,1.000003,0.144017
2485.793298,sim,0.994787,0.999995,0.999995,0.999995,0.999995,0.144009
2485.797385,sim,0.994796,1.000003,1.000003,1.000003,1.000003,0.144017
2485.801390,sim,0.994787,0.999995,0.999995,0.999995,0.999995,0.144009
2485.805299,sim,0.994796,1.000003,1.000003,1.000003,1.000003,0.144017
2485.809311,sim,0.998076,0.999994,0.999994,0.999994,0.999994,0.144139
2485.813446,sim,0.998084,1.000003,1.000003,1.000003,1.000003,0.144148
2485.817323,sim,0.998076,0.999994,0.999994,0.999994,0.999994,0.144139
2485.821316,sim,0.998085,1.000003,1.000003,1.000003,1.000003,0.144148
2485.825296,sim,0.998075,0.999994,0.999994,0.999994,0.999994,0.144139
2485.829314,sim,1.000003,1.000003,1.000003,1.000003,1.000003,0.144262
2485.833276,sim,0.999994,0.999994,0.999994,0.999994,0.999994,0.144253
2485.837258,sim,1.000001,1.000001,1.000001,1.000001,1.000001,0.144259
2485.841413,sim,0.999995,0.999995,0.999995,0.999995,0.999995,0.144253
2485.845622,sim,1.000001,1.000001,1.000001,1.000001,1.000001,0.144260
2485.849410,sim,0.999996,0.999996,0.999996,0.999996,0.999996,0.144353
2485.853266,sim,1.000001,1.000001,1.000001,1.000001,1.000001,0.144358
2485.857342,sim,0.999994,0.999994,0.999994,0.999994,0.999994,0.144351
2485.861670,sim,1.000001,1.000001,1.000001,1.000001,1.000001,0.144358
2485.865452,sim,0.999996,0.999996,0.999996,0.999996,0.999996,0.144439
2485.869404,sim,1.000001,1.000001,1.000001,1.000001,1.000001,0.144443
2485.873367,sim,0.999994,0.999994,0.999994,0.999994,0.999994,0.144436
2485.877388,sim,1.000001,1.000001,1.000001,1.000001,1.000001,0.144517
2485.881687,sim,0.999996,0.999996,0.999996,0.999996,0.999996,0.144586
2485.885358,sim,1.000001,1.000001,1.000001,1.000001,1.000001,0.144665
2485.889356,sim,0.999995,0.999995,0.999995,0.999995,0.999995,0.144732
2485.893494,sim,1.000001,1.000001,1.000001,1.000001,1.000001,0.144813
2485.897357,sim,0.999996,0.999996,0.999996,0.999996,0.999996,0.144881
2485.901470,sim,1.000000,1.000000,1.000000,1.000000,1.000000,0.144960
2485.905370,sim,0.999994,0.999994,0.999994,0.999994,0.999994,0.144991
2485.909500,sim,1.000002,1.000002,1.000002,1.000002,1.000002,0.144998
2485.913471,sim,0.999996,0.999996,0.999996,0.999996,0.999996,0.144993
2485.917429,sim,1.000001,1.000001,1.000001,1.000001,1.000001,0.144997
2485.921490,sim,0.999994,0.999994,0.999994,0.999994,0.999994,0.144991
2485.925735,sim,1.000002,1.000002,1.000002,1.000002,1.000002,0.144998
2485.929446,sim,0.999996,0.999996,0.999996,0.999996,0.999996,0.144992
2485.933411,sim,1.000000,1.000000,1.000000,1.000000,1.000000,0.144997
2485.937491,sim,0.999995,0.999995,0.999995,0.999995,0.999995,0.144991
2485.941600,sim,1.000001,1.000001,1.000001,1.000001,1.000001,0.144998
2485.945479,sim,0.999995,0.999995,0.999995,0.999995,0.999995,0.144992
2485.949506,sim,1.000000,1.000000,1.000000,1.000000,1.000000,0.144996
2485.953464,sim,0.999995,0.999994,0.999995,0.999995,0.999995,0.144991
2485.957575,sim,1.000001,1.000001,1.000001,1.000001,1.000001,0.144998
2485.961652,sim,0.999996,0.999996,0.999996,0.999996,0.999996,0.144992
2485.965533,sim,1.000001,1.000001,1.000001,1.000001,1.000001,0.144997
2485.969528,sim,0.999994,0.999994,0.999994,0.999994,0.999994,0.144990
2485.973623,sim,1.000002,1.000002,1.000002,1.000002,1.000002,0.144998
2485.977515,sim,0.999996,0.999996,0.999996,0.999996,0.999996,0.144992
2485.981714,sim,1.000001,1.000001,1.000001,1.000001,1.000001,0.144997
2485.985476,sim,0.999994,0.999994,0.999994,0.999994,0.999994,0.144991
2485.989534,sim,1.000002,1.000002,1.000002,1.000002,1.000002,0.144998
2485.993514,sim,0.999995,0.999995,0.999995,0.999995,0.999995,0.144992
2485.997465,sim,1.000001,1.000001,1.000001,1.000001,1.000001,0.144997
2486.001576,sim,0.999994,0.999994,0.999994,0.999994,0.999994,0.144991
2486.005554,sim,1.000001,1.000001,1.000001,1.000001,1.000001,0.144998
2486.009546,sim,0.999996,0.999996,0.999996,0.999996,0.999996,0.144992
2486.013509,sim,1.000001,1.000001,1.000001,1.000001,1.000001,0.144997
2486.017552,sim,0.999994,0.999994,0.999994,0.999994,0.999994,0.144991
2486.021596,sim,1.000001,1.000001,1.000001,1.000001,1.000001,0.144998
2486.025531,sim,0.999997,0.999997,0.999997,0.999997,0.999997,0.144993
2486.029550,sim,1.000000,1.000000,1.000000,1.000000,1.000000,0.144997
2486.033528,sim,0.999995,0.999995,0.999995,0.999995,0.999995,0.144991
2486.037565,sim,1.000002,1.000002,1.000002,1.000002,1.000002,0.144998
2486.041664,sim,0.999995,0.999995,0.999995,0.999995,0.999995,0.144991
2486.045578,sim,1.000001,1.000001,1.000001,1.000001,1.000001,0.144997
2486.049546,sim,0.999995,0.999995,0.999995,0.999995,0.999995,0.144991
2486.053602,sim,1.000002,1.000002,1.000002,1.000002,1.000002,0.144998
2486.057583,sim,0.999995,0.999995,0.999995,0.999995,0.999995,0.144991
2486.061557,sim,1.000001,1.000001,1.000001,1.000001,1.000001,0.144997
2486.065558,sim,0.999994,0.999994,0.999994,0.999994,0.999994,0.144991
2486.069617,sim,1.000001,1.000001,1.000001,1.000001,1.000001,0.144997
2486.073561,sim,0.999996,0.999996,0.999996,0.999996,0.999996,0.144993
2486.077574,sim,1.000001,1.000001,1.000001,1.000001,1.000001,0.144997
2486.081745,sim,0.999994,0.999994,0.999994,0.999994,0.999994,0.144991
2486.085736,sim,1.000002,1.000002,1.000002,1.000002,1.000002,0.144998
2486.089658,sim,0.999996,0.999996,0.999996,0.999996,0.999996,0.144992
2486.093603,sim,1.000000,1.000001,1.000001,1.000001,1.000001,0.144997
2486.097652,sim,0.999994,0.999994,0.999994,0.999994,0.999994,0.144991
2486.101708,sim,1.000001,1.000001,1.000001,1.000001,1.000001,0.144997
2486.105669,sim,0.999996,0.999996,0.999996,0.999996,0.999996,0.144993
2486.109614,sim,1.000000,1.000000,1.000000,1.000000,1.000000,0.144997
2486.113682,sim,0.999994,0.999994,0.999994,0.999994,0.999994,0.144990
2486.117657,sim,1.000002,1.000002,1.000002,1.000002,1.000002,0.144998
2486.121650,sim,0.999995,0.999995,0.999995,0.999995,0.999995,0.144992
2486.125534,sim,1.000001,1.000001,1.000001,1.000001,1.000001,0.144997
2486.129679,sim,0.999995,0.999995,0.999995,0.999995,0.999995,0.144991
2486.133635,sim,1.000001,1.000001,1.000001,1.000001,1.000001,0.144997
2486.137620,sim,0.999996,0.999996,0.999996,0.999996,0.999996,0.144992
2486.141669,sim,1.000001,1.000001,1.000001,1.000001,1.000001,0.144997
2486.145641,sim,0.999994,0.999994,0.999994,0.999994,0.999994,0.144991
2486.149717,sim,1.000002,1.000002,1.000002,1.000002,1.000002,0.144998
2486.153583,sim,0.999996,0.999996,0.999996,0.999996,0.999996,0.144992
2486.157683,sim,1.000000,1.000000,1.000000,1.000000,1.000000,0.144997
2486.161705,sim,0.999994,0.999994,0.999994,0.999994,0.999994,0.144991
2486.165690,sim,1.000002,1.000002,1.000002,1.000002,1.000002,0.144998
2486.169597,sim,0.999996,0.999996,0.999996,0.999996,0.999996,0.144992
2486.173633,sim,1.000000,1.000000,1.000000,1.000000,1.000000,0.144997
2486.177624,sim,0.999995,0.999995,0.999995,0.999995,0.999995,0.144991
2486.182078,sim,1.000001,1.000001,1.000001,1.000001,1.000001,0.144998
2486.185610,sim,0.999996,0.999996,0.999996,0.999996,0.999996,0.144993
2486.189711,sim,1.000001,1.000001,1.000001,1.000001,1.000001,0.144997
2486.193654,sim,0.999994,0.999994,0.999994,0.999994,0.999994,0.144991
2486.197764,sim,1.000002,1.000002,1.000002,1.000002,1.000002,0.144998
2486.201769,sim,0.999996,0.999996,0.999996,0.999996,0.999996,0.144992
2486.205674,sim,1.000001,1.000001,1.000001,1.000001,1.000001,0.144997
2486.209693,sim,0.999994,0.999994,0.999994,0.999994,0.999994,0.144991
2486.213766,sim,1.000001,1.000001,1.000001,1.000001,1.000001,0.144998
2486.217752,sim,0.999996,0.999996,0.999996,0.999996,0.999996,0.144992
2486.221715,sim,1.000001,1.000001,1.000001,1.000001,1.000001,0.144997
2486.225704,sim,0.999994,0.999994,0.999994,0.999994,0.999994,0.144991
2486.229714,sim,1.000002,1.000002,1.000002,1.000002,1.000002,0.144998
2486.233757,sim,0.999996,0.999996,0.999996,0.999996,0.999996,0.144993
2486.237634,sim,1.000001,1.000001,1.000001,1.000001,1.000001,0.144997
2486.242166,sim,0.999994,0.999994,0.999994,0.999994,0.999994,0.144991
2486.245751,sim,1.000001,1.000001,1.000001,1.000001,1.000001,0.144998
2486.249747,sim,0.999995,0.999995,0.999995,0.999995,0.999995,0.144992
2486.253632,sim,1.000001,1.000001,1.000001,1.000001,1.000001,0.144997
2486.257662,sim,0.999994,0.999994,0.999994,0.999994,0.999994,0.144991
2486.261734,sim,1.000002,1.000002,1.000002,1.000002,1.000002,0.144998
2486.265751,sim,0.999996,0.999996,0.999996,0.999996,0.999996,0.144992
2486.269687,sim,1.000001,1.000001,1.000001,1.000001,1.000001,0.144997
2486.273710,sim,0.999994,0.999994,0.999994,0.999994,0.999994,0.144991
2486.277804,sim,1.000001,1.000001,1.000001,1.000001,1.000001,0.144997
2486.282044,sim,0.999996,0.999996,0.999996,0.999996,0.999996,0.144993
2486.285761,sim,1.000001,1.000001,1.000001,1.000001,1.000001,0.144997
2486.289721,sim,0.999994,0.999994,0.999994,0.999994,0.999994,0.144991
2486.293788,sim,1.000002,1.000002,1.000002,1.000002,1.000002,0.144998
2486.297729,sim,0.999996,0.999996,0.999996,0.999996,0.999996,0.144992
2486.301845,sim,1.000000,1.000000,1.000000,1.000000,1.000000,0.144997
2486.305729,sim,0.999995,0.999995,0.999995,0.999995,0.999995,0.144991
2486.309792,sim,1.000002,1.000002,1.000002,1.000002,1.000002,0.144998
2486.313686,sim,0.999995,0.999995,0.999995,0.999995,0.999995,0.144992
2486.317710,sim,1.000000,1.000000,1.000000,1.000000,1.000000,0.144997
2486.321759,sim,0.999994,0.999994,0.999994,0.999994,0.999994,0.144991
2486.325776,sim,1.000001,1.000001,1.000001,1.000001,1.000001,0.144998
2486.329750,sim,0.999996,0.999996,0.999996,0.999996,0.999996,0.144992
2486.333719,sim,1.000001,1.000001,1.000001,1.000001,1.000001,0.144998
2486.337710,sim,0.999994,0.999994,0.999994,0.999994,0.999994,0.144990
2486.341845,sim,1.000001,1.000001,1.000001,1.000001,1.000001,0.144998
2486.345742,sim,0.999996,0.999996,0.999996,0.999996,0.999996,0.144992
2486.349779,sim,1.000001,1.000001,1.000001,1.000001,1.000001,0.144998
2486.353731,sim,0.999994,0.999994,0.999994,0.999994,0.999994,0.144990
2486.357823,sim,1.000001,1.000001,1.000001,1.000001,1.000001,0.144998
2486.361885,sim,0.999995,0.999995,0.999995,0.999995,0.999995,0.144992
2486.365757,sim,1.000000,1.000000,1.000000,1.000000,1.000000,0.144997
2486.369734,sim,0.999995,0.999995,0.999995,0.999995,0.999995,0.144991
2486.373742,sim,1.000002,1.000002,1.000002,1.000002,1.000002,0.144998
2486.377732,sim,0.999996,0.999996,0.999996,0.999996,0.999996,0.144993
2486.381976,sim,1.000000,1.000000,1.000000,1.000000,1.000000,0.144997
2486.385741,sim,0.999994,0.999994,0.999994,0.999994,0.999994,0.144990
2486.389789,sim,1.000001,1.000001,1.000001,1.000001,1.000001,0.144998
2486.393905,sim,0.999996,0.999996,0.999996,0.999996,0.999996,0.144992
2486.397771,sim,1.000000,1.000000,1.000000,1.000000,1.000000,0.144996
2486.401909,sim,0.999995,0.999995,0.999995,0.999995,0.999995,0.144992
2486.405895,sim,1.000001,1.000001,1.000001,1.000001,1.000001,0.144998
2486.409865,sim,0.999996,0.999996,0.999996,0.999996,0.999996,0.144992
2486.413782,sim,1.000000,1.000000,1.000000,1.000000,1.000000,0.144997
2486.417798,sim,0.999995,0.999995,0.999995,0.999995,0.999995,0.144992
2486.421957,sim,1.000002,1.000002,1.000002,1.000002,1.000002,0.144998
2486.425788,sim,0.999996,0.999996,0.999996,0.999996,0.999996,0.144992
2486.429798,sim,1.000000,1.000000,1.000000,1.000000,1.000000,0.144996
2486.433817,sim,0.999995,0.999995,0.999995,0.999995,0.999995,0.144992
2486.437905,sim,1.000001,1.000001,1.000001,1.000001,1.000001,0.144998
2486.441930,sim,0.999995,0.999995,0.999995,0.999995,0.999995,0.144992
2486.445760,sim,1.000001,1.000001,1.000001,1.000001,1.000001,0.144997
2486.449840,sim,0.999994,0.999994,0.999994,0.999994,0.999994,0.144991
2486.453948,sim,1.000001,1.000001,1.000001,1.000001,1.000001,0.144998
2486.457920,sim,0.999996,0.999996,0.999996,0.999996,0.999996,0.144993
2486.462058,sim,1.000000,1.000000,1.000000,1.000000,1.000000,0.144997
2486.465901,sim,0.999995,0.999995,0.999995,0.999995,0.999995,0.144991
2486.469868,sim,1.000001,1.000001,1.000001,1.000001,1.000001,0.144998
2486.473976,sim,0.999996,0.999996,0.999996,0.999996,0.999996,0.144992
2486.477849,sim,0.996805,1.000003,1.000003,1.000003,1.000003,0.144999
2486.482170,sim,0.996797,0.999994,0.999994,0.999994,0.999994,0.144991
2486.485944,sim,0.996806,1.000003,1.000003,1.000003,1.000003,0.144999
2486.489822,sim,0.996797,0.999994,0.999994,0.999994,0.999994,0.144991
2486.493847,sim,0.996806,1.000003,1.000003,1.000003,1.000003,0.145000
2486.497975,sim,0.972077,0.999994,0.999994,0.999994,0.999994,0.144991
2486.501957,sim,0.972086,1.000003,1.000003,1.000003,1.000003,0.144999
2486.505880,sim,0.972077,0.999994,0.999994,0.999994,0.999994,0.144991
2486.509803,sim,0.972086,1.000003,1.000003,1.000003,1.000003,0.145000
2486.513848,sim,0.972077,0.999994,0.999994,0.999994,0.999994,0.144991
2486.517907,sim,0.945114,1.000003,1.000003,1.000003,1.000003,0.144999
2486.521906,sim,0.945105,0.999994,0.999994,0.999994,0.999994,0.144991
2486.525840,sim,0.945114,1.000003,1.000003,1.000003,1.000003,0.144999
2486.529913,sim,0.945105,0.999994,0.999994,0.999994,0.999994,0.144990
2486.533932,sim,0.945114,1.000003,1.000003,1.000003,1.000003,0.145000
2486.537879,sim,0.913407,0.999994,0.999994,0.999994,0.999994,0.144991
2486.541860,sim,0.913416,1.000003,1.000003,1.000003,1.000003,0.144999
2486.545875,sim,0.913407,0.999994,0.999994,0.999994,0.999994,0.144990
2486.549855,sim,0.913416,1.000003,1.000003,1.000003,1.000003,0.145000
2486.553878,sim,0.913407,0.999994,0.999994,0.999994,0.999994,0.144991
2486.557836,sim,0.877623,1.000003,1.000003,1.000003,1.000003,0.141777
2486.561939,sim,0.877614,0.999994,0.999994,0.999994,0.999994,0.141768
2486.565830,sim,0.877623,1.000003,1.000003,1.000003,1.000003,0.141777
2486.569861,sim,0.877614,0.999994,0.999994,0.999994,0.999994,0.141768
2486.573923,sim,0.877623,1.000003,1.000003,1.000003,1.000003,0.141777
2486.577899,sim,0.839662,0.999998,0.999998,0.999998,0.982665,0.130388
2486.582138,sim,0.839667,1.000003,1.000003,1.000003,0.982669,0.130392
2486.585875,sim,0.839660,0.999996,0.999996,0.999996,0.982663,0.130386
2486.589892,sim,0.839667,1.000003,1.000003,1.000003,0.982670,0.130392
2486.593929,sim,0.839661,0.999997,0.999997,0.999997,0.982664,0.130386
2486.597934,sim,0.801222,0.969273,1.000001,1.000001,0.948737,0.116228
2486.602066,sim,0.801217,0.969269,0.999997,0.999997,0.948733,0.116223
2486.605829,sim,0.801222,0.969273,1.000001,1.000001,0.948737,0.116228
2486.609820,sim,0.801217,0.969269,0.999996,0.999996,0.948732,0.116223
2486.613946,sim,0.801222,0.969274,1.000002,1.000002,0.948737,0.116228
2486.617971,sim,0.762353,0.924642,0.999998,0.974992,0.911005,0.102876
2486.621970,sim,0.762356,0.924645,1.000001,0.974994,0.911008,0.102879
2486.625858,sim,0.762353,0.924642,0.999998,0.974991,0.911005,0.102876
2486.629919,sim,0.762356,0.924645,1.000001,0.974994,0.911008,0.102879
2486.634235,sim,0.762353,0.924642,0.999998,0.974991,0.911005,0.102876
2486.637948,sim,0.720350,0.879032,0.983679,0.935151,0.871374,0.091310
2486.641981,sim,0.720349,0.879031,0.983678,0.935150,0.871373,0.091309
2486.645925,sim,0.720349,0.879031,0.983678,0.935150,0.871373,0.091309
2486.649886,sim,0.720349,0.879031,0.983678,0.935150,0.871373,0.091309
2486.654021,sim,0.720349,0.879031,0.983678,0.935150,0.871373,0.091309
2486.657939,sim,0.677009,0.829791,0.942677,0.893685,0.830089,0.080208
2486.662047,sim,0.677009,0.829791,0.942677,0.893685,0.830089,0.080208
2486.665908,sim,0.677009,0.829791,0.942677,0.893685,0.830089,0.080208
2486.669805,sim,0.677009,0.829791,0.942677,0.893685,0.830089,0.080208
2486.673980,sim,0.677009,0.829791,0.942677,0.893685,0.830089,0.080208
2486.677902,sim,0.632513,0.780181,0.900207,0.850813,0.785987,0.070588
2486.682126,sim,0.632513,0.780181,0.900207,0.850813,0.785987,0.070588
2486.685885,sim,0.632513,0.780181,0.900207,0.850813,0.785987,0.070588
2486.689871,sim,0.632513,0.780181,0.900207,0.850813,0.785987,0.070588
2486.693955,sim,0.632513,0.780181,0.900207,0.850813,0.785987,0.070588
2486.697939,sim,0.588401,0.728863,0.856466,0.806722,0.740831,0.062250
2486.702032,sim,0.588401,0.728863,0.856466,0.806722,0.740831,0.062250
2486.706061,sim,0.588401,0.728863,0.856466,0.806722,0.740831,0.062250
2486.709975,sim,0.588401,0.728863,0.856466,0.806722,0.740831,0.062250
2486.714140,sim,0.588401,0.728863,0.856466,0.806722,0.740831,0.062250
2486.717923,sim,0.541849,0.677453,0.811621,0.761575,0.693373,0.055024
2486.722104,sim,0.541849,0.677453,0.811621,0.761575,0.693373,0.055024
2486.725978,sim,0.541849,0.677453,0.811621,0.761575,0.693373,0.055024
2486.729932,sim,0.541849,0.677453,0.811621,0.761575,0.693373,0.055024
2486.733935,sim,0.541849,0.677453,0.811621,0.761575,0.693373,0.055024
2486.738280,sim,0.497343,0.624575,0.765821,0.714125,0.645308,0.048762
2486.742142,sim,0.497343,0.624575,0.765821,0.714125,0.645308,0.048762
2486.745991,sim,0.497343,0.624575,0.765821,0.714125,0.645308,0.048762
2486.749864,sim,0.497343,0.624575,0.765821,0.714125,0.645308,0.048762
2486.753908,sim,0.497343,0.624575,0.765821,0.714125,0.645308,0.048762
2486.758031,sim,0.497343,0.624575,0.765821,0.714125,0.645308,0.048762
2486.762040,sim,0.449062,0.567652,0.717805,0.664680,0.593942,0.043334
2486.765873,sim,0.449062,0.567652,0.717805,0.664680,0.593942,0.043334
2486.769906,sim,0.449062,0.567652,0.717805,0.664680,0.593942,0.043334
2486.774035,sim,0.449062,0.567652,0.717805,0.664680,0.593942,0.043334
2486.777986,sim,0.403057,0.512770,0.670643,0.617666,0.545264,0.038630
2486.782164,sim,0.403057,0.512770,0.670643,0.617666,0.545264,0.038630
2486.785979,sim,0.403057,0.512770,0.670643,0.617666,0.545264,0.038630
2486.789931,sim,0.403057,0.512770,0.670643,0.617666,0.545264,0.038630
2486.793961,sim,0.403057,0.512770,0.670643,0.617666,0.545264,0.038630
2486.797994,sim,0.356251,0.458271,0.621448,0.572760,0.494755,0.034554
2486.802117,sim,0.356251,0.458271,0.621448,0.572760,0.494755,0.034554
2486.805954,sim,0.356251,0.458271,0.621448,0.572760,0.494755,0.034554
2486.809887,sim,0.356251,0.458271,0.621448,0.572760,0.494755,0.034554
2486.813910,sim,0.356251,0.458271,0.621448,0.572760,0.494755,0.034554
2486.818023,sim,0.310138,0.402716,0.573263,0.522746,0.444044,0.031021
2486.822132,sim,0.310138,0.402716,0.573263,0.522746,0.444044,0.031021
2486.825949,sim,0.310138,0.402716,0.573263,0.522746,0.444044,0.031021
2486.829920,sim,0.310138,0.402716,0.573263,0.522746,0.444044,0.031021
2486.834025,sim,0.310138,0.402716,0.573263,0.522746,0.444044,0.031021
2486.838072,sim,0.310138,0.402716,0.573263,0.522746,0.444044,0.031021
2486.842178,sim,0.270173,0.350408,0.521794,0.471077,0.390387,0.027959
2486.846028,sim,0.270173,0.350408,0.521794,0.471077,0.390387,0.027959
2486.850047,sim,0.270173,0.350408,0.521794,0.471077,0.390387,0.027959
2486.854136,sim,0.270173,0.350408,0.521794,0.471077,0.390387,0.027959
2486.858064,sim,0.235537,0.305074,0.470253,0.420750,0.341109,0.025305
2486.862086,sim,0.235537,0.305074,0.470253,0.420750,0.341109,0.025305
2486.865980,sim,0.235537,0.305074,0.470253,0.420750,0.341109,0.025305
2486.870143,sim,0.235537,0.305074,0.470253,0.420750,0.341109,0.025305
2486.874089,sim,0.235537,0.305074,0.470253,0.420750,0.341109,0.025305
2486.878107,sim,0.235537,0.305074,0.470253,0.420750,0.341109,0.025305
2486.882186,sim,0.205519,0.265784,0.420036,0.370198,0.295628,0.023005
2486.886087,sim,0.205519,0.265784,0.420036,0.370198,0.295628,0.023005
2486.890032,sim,0.205519,0.265784,0.420036,0.370198,0.295628,0.023005
2486.894087,sim,0.205519,0.265784,0.420036,0.370198,0.295628,0.023005
2486.898039,sim,0.205519,0.265784,0.420036,0.370198,0.295628,0.023005
2486.902153,sim,0.179504,0.231733,0.368192,0.320838,0.256211,0.021012
2486.906090,sim,0.179504,0.231733,0.368192,0.320838,0.256211,0.021012
2486.909991,sim,0.179504,0.231733,0.368192,0.320838,0.256211,0.021012
2486.914083,sim,0.179504,0.231733,0.368192,0.320838,0.256211,0.021012
2486.918207,sim,0.179504,0.231733,0.368192,0.320838,0.256211,0.021012
2486.922207,sim,0.156957,0.202223,0.319100,0.278060,0.222049,0.019284
2486.926039,sim,0.156957,0.202223,0.319100,0.278060,0.222049,0.019284
2486.930046,sim,0.156957,0.202223,0.319100,0.278060,0.222049,0.019284
2486.933990,sim,0.156957,0.202223,0.319100,0.278060,0.222049,0.019284
2486.938132,sim,0.156957,0.202223,0.319100,0.278060,0.222049,0.019284
2486.942109,sim,0.137416,0.176647,0.276553,0.240985,0.192443,0.017787
2486.946088,sim,0.137416,0.176647,0.276553,0.240985,0.192443,0.017787
2486.950079,sim,0.137416,0.176647,0.276553,0.240985,0.192443,0.017787
2486.954053,sim,0.137416,0.176647,0.276553,0.240985,0.192443,0.017787
2486.958075,sim,0.137416,0.176647,0.276553,0.240985,0.192443,0.017787
2486.962202,sim,0.120481,0.154481,0.239679,0.208854,0.166784,0.016489
2486.966058,sim,0.120481,0.154481,0.239679,0.208854,0.166784,0.016489
2486.970112,sim,0.120481,0.154481,0.239679,0.208854,0.166784,0.016489
2486.974028,sim,0.120481,0.154481,0.239679,0.208854,0.166784,0.016489
2486.978448,sim,0.120481,0.154481,0.239679,0.208854,0.166784,0.016489
2486.982466,sim,0.104417,0.135270,0.207722,0.181007,0.144546,0.015365
2486.986118,sim,0.104417,0.135270,0.207722,0.181007,0.144546,0.015365
2486.989986,sim,0.104417,0.135270,0.207722,0.181007,0.144546,0.015365
2486.994204,sim,0.104417,0.135270,0.207722,0.181007,0.144546,0.015365
2486.998131,sim,0.104417,0.135270,0.207722,0.181007,0.144546,0.015365
2487.002305,sim,0.090495,0.120000,0.180026,0.156873,0.125273,0.014390
2487.006068,sim,0.090495,0.120000,0.180026,0.156872,0.125273,0.014390
2487.010031,sim,0.090495,0.120000,0.180026,0.156873,0.125274,0.014391
2487.014089,sim,0.090494,0.120000,0.180026,0.156872,0.125273,0.014390
2487.018076,sim,0.090495,0.120000,0.180026,0.156873,0.125274,0.014391
2487.022072,sim,0.080000,0.120000,0.156022,0.135956,0.120000,0.013545
2487.026051,sim,0.080001,0.120001,0.156024,0.135958,0.120001,0.013547
2487.030118,sim,0.079999,0.119999,0.156021,0.135955,0.119999,0.013545
2487.034036,sim,0.080001,0.120001,0.156024,0.135957,0.120001,0.013547
2487.038196,sim,0.079999,0.119999,0.156022,0.135955,0.119999,0.013545
2487.042191,sim,0.080001,0.120001,0.135221,0.120001,0.120001,0.012815
2487.046242,sim,0.079999,0.119999,0.135219,0.119999,0.119999,0.012813
2487.050103,sim,0.080002,0.120001,0.135221,0.120002,0.120002,0.012815
2487.054117,sim,0.079999,0.119999,0.135218,0.119999,0.119999,0.012812
2487.058210,sim,0.080002,0.120002,0.135221,0.120002,0.120002,0.012815
2487.062253,sim,0.079999,0.119999,0.119999,0.119999,0.119999,0.012178
2487.066198,sim,0.080002,0.120002,0.120002,0.120002,0.120002,0.012181
2487.070137,sim,0.079999,0.119999,0.119999,0.119999,0.119999,0.012178
2487.074052,sim,0.080002,0.120002,0.120002,0.120002,0.120002,0.012181
2487.078076,sim,0.079999,0.119999,0.119999,0.119999,0.119999,0.012178
2487.082246,sim,0.080002,0.120002,0.120002,0.120002,0.120002,0.011631
2487.086069,sim,0.079999,0.119999,0.119999,0.119999,0.119999,0.011628
2487.090079,sim,0.080002,0.120002,0.120002,0.120002,0.120002,0.011631
2487.094124,sim,0.079999,0.119999,0.119999,0.119999,0.119999,0.011628
2487.098096,sim,0.080002,0.120002,0.120002,0.120002,0.120002,0.011631
2487.102265,sim,0.079999,0.119999,0.119999,0.119999,0.119999,0.011151
2487.106120,sim,0.080002,0.120002,0.120002,0.120002,0.120002,0.011155
2487.110177,sim,0.079999,0.119999,0.119999,0.119999,0.119999,0.011151
2487.114069,sim,0.080002,0.120002,0.120002,0.120002,0.120002,0.011155
2487.118079,sim,0.079999,0.119999,0.119999,0.119999,0.119999,0.011151
2487.122282,sim,0.080002,0.120002,0.120002,0.120002,0.120002,0.010742
2487.126201,sim,0.079999,0.119999,0.119999,0.119999,0.119999,0.010325
2487.130195,sim,0.080002,0.120002,0.120002,0.120002,0.120002,0.009916
2487.134097,sim,0.079999,0.119999,0.119999,0.119999,0.119999,0.009499
2487.138146,sim,0.080002,0.120002,0.120002,0.120002,0.120002,0.009090
2487.142272,sim,0.079999,0.119999,0.119999,0.119999,0.119999,0.008673
2487.146192,sim,0.080002,0.120002,0.120002,0.120002,0.120002,0.008264
2487.150111,sim,0.079999,0.119999,0.119999,0.119999,0.119999,0.008054
2487.154119,sim,0.080002,0.120002,0.120002,0.120002,0.120002,0.008057
2487.158190,sim,0.079999,0.119999,0.119999,0.119999,0.119999,0.008054
2487.162190,sim,0.080002,0.120002,0.120002,0.120002,0.120002,0.008057
2487.166167,sim,0.079999,0.119999,0.119999,0.119999,0.119999,0.008054
2487.170130,sim,0.080002,0.120002,0.120002,0.120002,0.120002,0.008057
2487.174192,sim,0.079999,0.119999,0.119999,0.119999,0.119999,0.008054
2487.178192,sim,0.080002,0.120002,0.120002,0.120002,0.120002,0.008057
2487.182317,sim,0.079999,0.119999,0.119999,0.119999,0.119999,0.008054
2487.186103,sim,0.080002,0.120002,0.120002,0.120002,0.120002,0.008057
2487.190187,sim,0.079999,0.119999,0.119999,0.119999,0.119999,0.008054
2487.194174,sim,0.080002,0.120002,0.120002,0.120002,0.120002,0.008057
2487.198140,sim,0.079999,0.119999,0.119999,0.119999,0.119999,0.008054
2487.202189,sim,0.080002,0.120002,0.120002,0.120002,0.120002,0.008057
2487.206232,sim,0.079999,0.119999,0.119999,0.119999,0.119999,0.008054
2487.210217,sim,0.080002,0.120002,0.120002,0.120002,0.120002,0.008057
2487.214073,sim,0.079999,0.119999,0.119999,0.119999,0.119999,0.008054
2487.218079,sim,0.080002,0.120002,0.120002,0.120002,0.120002,0.008057
2487.222207,sim,0.079999,0.119999,0.119999,0.119999,0.119999,0.008054
2487.226108,sim,0.080002,0.120002,0.120002,0.120002,0.120002,0.008057
2487.230129,sim,0.079999,0.119999,0.119999,0.119999,0.119999,0.008054
2487.234106,sim,0.080002,0.120002,0.120002,0.120002,0.120002,0.008057
2487.238145,sim,0.079999,0.119999,0.119999,0.119999,0.119999,0.008054
2487.242276,sim,0.080002,0.120002,0.120002,0.120002,0.120002,0.008057
2487.246128,sim,0.079999,0.119999,0.119999,0.119999,0.119999,0.008054
2487.250114,sim,0.080002,0.120002,0.120002,0.120002,0.120002,0.008057
2487.254158,sim,0.079999,0.119999,0.119999,0.119999,0.119999,0.008054
2487.258215,sim,0.080002,0.120002,0.120002,0.120002,0.120002,0.008057
2487.262180,sim,0.079999,0.119999,0.119999,0.119999,0.119999,0.008054
2487.266149,sim,0.080002,0.120002,0.120002,0.120002,0.120002,0.008057
2487.270155,sim,0.079999,0.119999,0.119999,0.119999,0.119999,0.008054
2487.274196,sim,0.080002,0.120002,0.120002,0.120002,0.120002,0.008057
2487.278058,sim,0.079999,0.119999,0.119999,0.119999,0.119999,0.008054
2487.282438,sim,0.080002,0.120002,0.120002,0.120002,0.120002,0.008057
2487.286139,sim,0.079999,0.119999,0.119999,0.119999,0.119999,0.008054
2487.290185,sim,0.080002,0.120002,0.120002,0.120002,0.120002,0.008057
2487.294167,sim,0.079999,0.119999,0.119999,0.119999,0.119999,0.008054
2487.298140,sim,0.080002,0.120002,0.120002,0.120002,0.120002,0.008057
2487.302293,sim,0.079999,0.119999,0.119999,0.119999,0.119999,0.008054
2487.306176,sim,0.080002,0.120002,0.120002,0.120002,0.120002,0.008057
2487.310160,sim,0.079999,0.119999,0.119999,0.119999,0.119999,0.008054
2487.314160,sim,0.080002,0.120002,0.120002,0.120002,0.120002,0.008057
2487.318222,sim,0.079999,0.119999,0.119999,0.119999,0.119999,0.008054
2487.322230,sim,0.080002,0.120002,0.120002,0.120002,0.120002,0.008057
2487.326177,sim,0.079999,0.119999,0.119999,0.119999,0.119999,0.008054
2487.330162,sim,0.080002,0.120002,0.120002,0.120002,0.120002,0.008057
2487.334223,sim,0.079999,0.119999,0.119999,0.119999,0.119999,0.008054
2487.338143,sim,0.080002,0.120002,0.120002,0.120002,0.120002,0.008057
2487.342260,sim,0.079999,0.119999,0.119999,0.119999,0.119999,0.008054
2487.346189,sim,0.080002,0.120002,0.120002,0.120002,0.120002,0.008057
2487.350171,sim,0.079999,0.119999,0.119999,0.119999,0.119999,0.008054
2487.354108,sim,0.080002,0.120002,0.120002,0.120002,0.120002,0.008057
2487.358278,sim,0.079999,0.119999,0.119999,0.119999,0.119999,0.008054
2487.362406,sim,0.080002,0.120002,0.120002,0.120002,0.120002,0.008057
2487.366266,sim,0.079999,0.119999,0.119999,0.119999,0.119999,0.008054
2487.370099,sim,0.080002,0.120002,0.120002,0.120002,0.120002,0.008057
2487.374196,sim,0.079999,0.119999,0.119999,0.119999,0.119999,0.008054
2487.378346,sim,0.080002,0.120002,0.120002,0.120002,0.120002,0.008057
2487.382696,sim,0.079999,0.119999,0.119999,0.119999,0.119999,0.008054
2487.386723,sim,0.080002,0.120002,0.120002,0.120002,0.120002,0.008057
2487.390262,sim,0.079999,0.119999,0.119999,0.119999,0.119999,0.008054
2487.394208,sim,0.080002,0.120002,0.120002,0.120002,0.120002,0.008057
2487.398295,sim,0.079999,0.119999,0.119999,0.119999,0.119999,0.008054
2487.402329,sim,0.080002,0.120002,0.120002,0.120002,0.120002,0.008057
2487.406172,sim,0.079999,0.119999,0.119999,0.119999,0.119999,0.008054
2487.410162,sim,0.080002,0.120002,0.120002,0.120002,0.120002,0.008057
2487.414161,sim,0.079999,0.119999,0.119999,0.119999,0.119999,0.008054
2487.418208,sim,0.080002,0.120002,0.120002,0.120002,0.120002,0.008057
2487.422148,sim,0.079999,0.119999,0.119999,0.119999,0.119999,0.008054
2487.426114,sim,0.080002,0.120002,0.120002,0.120002,0.120002,0.008057
2487.430137,sim,0.079999,0.119999,0.119999,0.119999,0.119999,0.008054
2487.434181,sim,0.080002,0.120002,0.120002,0.120002,0.120002,0.008057
2487.438137,sim,0.079999,0.119999,0.119999,0.119999,0.119999,0.008054
2487.442253,sim,0.080002,0.120002,0.120002,0.120002,0.120002,0.008057
2487.446143,sim,0.079999,0.119999,0.119999,0.119999,0.119999,0.008054
2487.450252,sim,0.080002,0.120002,0.120002,0.120002,0.120002,0.008057
2487.454140,sim,0.079999,0.119999,0.119999,0.119999,0.119999,0.008054
2487.458188,sim,0.080002,0.120002,0.120002,0.120002,0.120002,0.008057
2487.462272,sim,0.079999,0.119999,0.119999,0.119999,0.119999,0.008054
2487.466268,sim,0.080002,0.120002,0.120002,0.120002,0.120002,0.008057
2487.470652,sim,0.079999,0.119999,0.119999,0.119999,0.119999,0.008054
2487.474312,sim,0.080002,0.120002,0.120002,0.120002,0.120002,0.008057
2487.478333,sim,0.079999,0.119999,0.119999,0.119999,0.119999,0.008054
2487.482534,sim,0.080002,0.120002,0.120002,0.120002,0.120002,0.008057
2487.486247,sim,0.079999,0.119999,0.119999,0.119999,0.119999,0.008054
2487.490161,sim,0.080002,0.120002,0.120002,0.120002,0.120002,0.008057
2487.494216,sim,0.079999,0.119999,0.119999,0.119999,0.119999,0.008054
2487.498215,sim,0.080002,0.120002,0.120002,0.120002,0.120002,0.008057
2487.502194,sim,0.079999,0.119999,0.119999,0.119999,0.119999,0.008054
2487.506197,sim,0.080002,0.120002,0.120002,0.120002,0.120002,0.008057
2487.510200,sim,0.079999,0.119999,0.119999,0.119999,0.119999,0.008054
2487.514163,sim,0.080002,0.120002,0.120002,0.120002,0.120002,0.008057
2487.518183,sim,0.079999,0.119999,0.119999,0.119999,0.119999,0.008054
2487.522221,sim,0.080002,0.120002,0.120002,0.120002,0.120002,0.008057
2487.526175,sim,0.079999,0.119999,0.119999,0.119999,0.119999,0.008054
2487.530119,sim,0.080002,0.120002,0.120002,0.120002,0.120002,0.008057
2487.534147,sim,0.079999,0.119999,0.119999,0.119999,0.119999,0.008054
2487.538201,sim,0.080002,0.120002,0.120002,0.120002,0.120002,0.008058
2487.542321,sim,0.079999,0.119999,0.119999,0.119999,0.119999,0.008054
2487.546259,sim,0.080001,0.120001,0.120001,0.120001,0.120001,0.008057
2487.550148,sim,0.079999,0.119999,0.119999,0.119999,0.119999,0.008054
2487.554144,sim,0.080002,0.120002,0.120002,0.120002,0.120002,0.008057
2487.558177,sim,0.079999,0.119999,0.119999,0.119999,0.119999,0.008054
2487.562325,sim,0.080002,0.120002,0.120002,0.120002,0.120002,0.008057
2487.566111,sim,0.079999,0.119999,0.119999,0.119999,0.119999,0.008054
2487.570181,sim,0.080002,0.120002,0.120002,0.120002,0.120002,0.008057
2487.574238,sim,0.079999,0.119999,0.119999,0.119999,0.119999,0.008054
2487.578194,sim,0.080002,0.120002,0.120002,0.120002,0.120002,0.008057
2487.582363,sim,0.079999,0.119999,0.119999,0.119999,0.119999,0.008054
2487.586178,sim,0.080002,0.120002,0.120002,0.120002,0.120002,0.008057
2487.590262,sim,0.079999,0.119999,0.119999,0.119999,0.119999,0.008054
2487.594185,sim,0.080002,0.120002,0.120002,0.120002,0.120002,0.008057
2487.598171,sim,0.079999,0.119999,0.119999,0.119999,0.119999,0.008054
2487.602227,sim,0.080002,0.120002,0.120002,0.120002,0.120002,0.008057
2487.606259,sim,0.079999,0.119999,0.119999,0.119999,0.119999,0.008054
2487.610196,sim,0.080002,0.120002,0.120002,0.120002,0.120002,0.008057
2487.614147,sim,0.079999,0.119999,0.119999,0.119999,0.119999,0.008054
2487.618173,sim,0.080002,0.120002,0.120002,0.120002,0.120002,0.008057
2487.622265,sim,0.079999,0.119999,0.119999,0.119999,0.119999,0.008054
2487.626206,sim,0.080002,0.120002,0.120002,0.120002,0.120002,0.008057
2487.630122,sim,0.079999,0.119999,0.119999,0.119999,0.119999,0.008054
2487.634168,sim,0.080002,0.120002,0.120002,0.120002,0.120002,0.008057
2487.638202,sim,0.079999,0.119999,0.119999,0.119999,0.119999,0.008054
2487.642262,sim,0.080002,0.120002,0.120002,0.120002,0.120002,0.008057
2487.646286,sim,0.079999,0.119999,0.119999,0.119999,0.119999,0.008054
2487.650239,sim,0.080002,0.120002,0.120002,0.120002,0.120002,0.008057
2487.654342,sim,0.079999,0.119999,0.119999,0.119999,0.119999,0.008054
2487.658182,sim,0.080002,0.120002,0.120002,0.120002,0.120002,0.008057
2487.662286,sim,0.079999,0.119999,0.119999,0.119999,0.119999,0.008054
2487.666191,sim,0.080002,0.120002,0.120002,0.120002,0.120002,0.008057
2487.670218,sim,0.079999,0.119999,0.119999,0.119999,0.119999,0.008054
2487.674218,sim,0.080002,0.120002,0.120002,0.120002,0.120002,0.008057
2487.678198,sim,0.079999,0.119999,0.119999,0.119999,0.119999,0.008054
2487.682480,sim,0.080002,0.120002,0.120002,0.120002,0.120002,0.008057
2487.686253,sim,0.079999,0.119999,0.119999,0.119999,0.119999,0.008054
2487.690268,sim,0.080002,0.120002,0.120002,0.120002,0.120002,0.008057
2487.694219,sim,0.079999,0.119999,0.119999,0.119999,0.119999,0.008054
2487.698250,sim,0.080002,0.120002,0.120002,0.120002,0.120002,0.008057
2487.702357,sim,0.079999,0.119999,0.119999,0.119999,0.119999,0.008054
2487.706182,sim,0.080002,0.120002,0.120002,0.120002,0.120002,0.008057
2487.710195,sim,0.079999,0.119999,0.119999,0.119999,0.119999,0.008054
2487.714279,sim,0.080002,0.120002,0.120002,0.120002,0.120002,0.008057
2487.718379,sim,0.079999,0.119999,0.119999,0.119999,0.119999,0.008054
2487.722351,sim,0.080002,0.120002,0.120002,0.120002,0.120002,0.008057
2487.726167,sim,0.079999,0.119999,0.119999,0.119999,0.119999,0.008054
2487.730302,sim,0.080002,0.120002,0.120002,0.120002,0.120002,0.008057
2487.734283,sim,0.079999,0.119999,0.119999,0.119999,0.119999,0.008054
2487.738244,sim,0.080002,0.120002,0.120002,0.120002,0.120002,0.008057
2487.742307,sim,0.079999,0.119999,0.119999,0.119999,0.119999,0.008054
2487.746272,sim,0.080002,0.120002,0.120002,0.120002,0.120002,0.008057
2487.750287,sim,0.079999,0.119999,0.119999,0.119999,0.119999,0.008054
2487.754303,sim,0.080002,0.120002,0.120002,0.120002,0.120002,0.008057
2487.758197,sim,0.079999,0.119999,0.119999,0.119999,0.119999,0.008054
2487.762356,sim,0.080002,0.120002,0.120002,0.120002,0.120002,0.008057
2487.766549,sim,0.079999,0.119999,0.119999,0.119999,0.119999,0.008054
2487.770250,sim,0.080002,0.120002,0.120002,0.120002,0.120002,0.008057
2487.774180,sim,0.079999,0.119999,0.119999,0.119999,0.119999,0.008054
2487.778207,sim,0.080002,0.120002,0.120002,0.120002,0.120002,0.008057
2487.782412,sim,0.079999,0.119999,0.119999,0.119999,0.119999,0.008054
2487.786205,sim,0.080002,0.120002,0.120002,0.120002,0.120002,0.008057
2487.790219,sim,0.079999,0.119999,0.119999,0.119999,0.119999,0.008054
2487.794210,sim,0.080002,0.120002,0.120002,0.120002,0.120002,0.008057
2487.798266,sim,0.079999,0.119999,0.119999,0.119999,0.119999,0.008054
2487.802298,sim,0.080002,0.120002,0.120002,0.120002,0.120002,0.008057
2487.806247,sim,0.079999,0.119999,0.119999,0.119999,0.119999,0.008054
2487.810208,sim,0.080002,0.120002,0.120002,0.120002,0.120002,0.012354
2487.814261,sim,0.079999,0.119999,0.119999,0.119999,0.119999,0.012350
2487.818256,sim,0.080002,0.120002,0.120002,0.120002,0.120002,0.012354
2487.822262,sim,0.079999,0.119999,0.119999,0.119999,0.119999,0.012350
2487.826209,sim,0.080002,0.120002,0.120002,0.120002,0.120002,0.012353
2487.830234,sim,0.079999,0.119999,0.119999,0.119999,0.119999,0.025740
2487.834261,sim,0.080002,0.120002,0.120002,0.120002,0.120002,0.025743
2487.838180,sim,0.079999,0.119999,0.119999,0.119999,0.119999,0.025740
2487.842278,sim,0.080002,0.120002,0.120002,0.120002,0.120002,0.025743
2487.846335,sim,0.079999,0.119999,0.119999,0.119999,0.119999,0.025740
2487.850296,sim,0.080002,0.120002,0.120002,0.120002,0.120002,0.044866
2487.854189,sim,0.079999,0.119999,0.119999,0.119999,0.119999,0.044863
2487.858296,sim,0.080002,0.120002,0.120002,0.120002,0.120002,0.044866
2487.862334,sim,0.079999,0.119999,0.119999,0.119999,0.119999,0.044863
2487.866401,sim,0.080002,0.120002,0.120002,0.120002,0.120002,0.044866
2487.870181,sim,0.079999,0.119999,0.119999,0.119999,0.119999,0.063584
2487.874200,sim,0.080002,0.120002,0.120002,0.120002,0.120002,0.063587
2487.878213,sim,0.079999,0.119999,0.119999,0.119999,0.119999,0.063584
2487.882415,sim,0.080002,0.120002,0.120002,0.120002,0.120002,0.063588
2487.886266,sim,0.079999,0.119999,0.119999,0.119999,0.119999,0.063584
2487.890243,sim,0.080002,0.120002,0.120002,0.120002,0.120002,0.079812
2487.894323,sim,0.079999,0.119999,0.119999,0.119999,0.119999,0.079809
2487.898228,sim,0.080002,0.120002,0.120002,0.120002,0.120002,0.079812
2487.902251,sim,0.079999,0.119999,0.119999,0.119999,0.119999,0.079809
2487.906256,sim,0.080002,0.120002,0.120002,0.120002,0.120002,0.079812
2487.910377,sim,0.079999,0.119999,0.119999,0.119999,0.119999,0.093871
2487.914520,sim,0.080002,0.120002,0.120002,0.120002,0.120002,0.093874
2487.918229,sim,0.079998,0.119998,0.119998,0.119998,0.119998,0.093871
2487.922375,sim,0.080002,0.120002,0.120002,0.120002,0.120002,0.093874
2487.926493,sim,0.079998,0.119998,0.119998,0.119998,0.119998,0.093871
2487.930253,sim,0.080002,0.120002,0.120002,0.120002,0.120002,0.104987
2487.934193,sim,0.079998,0.119998,0.119998,0.119998,0.119998,0.104983
2487.938297,sim,0.080002,0.120002,0.120002,0.120002,0.120002,0.104987
2487.942357,sim,0.079998,0.119998,0.119998,0.119998,0.119998,0.104983
2487.946366,sim,0.080002,0.120002,0.120002,0.120002,0.120002,0.104987
2487.950276,sim,0.107468,0.119999,0.119999,0.119999,0.119999,0.114615
2487.954622,sim,0.107471,0.120001,0.120002,0.120002,0.120002,0.114618
2487.958363,sim,0.107469,0.119999,0.119999,0.119999,0.119999,0.114615
2487.962441,sim,0.107472,0.120002,0.120002,0.120002,0.120002,0.114618
2487.966525,sim,0.107469,0.119999,0.119999,0.119999,0.119999,0.114615
2487.970291,sim,0.141688,0.120002,0.120002,0.120002,0.120002,0.122965
2487.974379,sim,0.141685,0.119999,0.119999,0.119999,0.119999,0.122962
2487.978308,sim,0.141688,0.120002,0.120002,0.120002,0.120002,0.122965
2487.982411,sim,0.141685,0.119999,0.119999,0.119999,0.119999,0.122962
2487.986404,sim,0.141688,0.120002,0.120002,0.120002,0.120002,0.122965
2487.990391,sim,0.181048,0.119999,0.119999,0.119999,0.119999,0.130196
2487.994303,sim,0.181051,0.120002,0.120002,0.120002,0.120002,0.130199
2487.998221,sim,0.181048,0.119999,0.119999,0.119999,0.119999,0.130196
2488.002396,sim,0.181051,0.120001,0.120001,0.120001,0.120001,0.130198
2488.006779,sim,0.181048,0.119999,0.119999,0.119999,0.119999,0.130196
2488.010376,sim,0.222101,0.120001,0.120001,0.120001,0.120001,0.136468
2488.014251,sim,0.222098,0.119999,0.119999,0.119999,0.119999,0.136465
2488.018281,sim,0.222101,0.120002,0.120002,0.120002,0.120002,0.136468
2488.022452,sim,0.222098,0.119999,0.119999,0.119999,0.119999,0.136465
2488.026378,sim,0.222101,0.120002,0.120002,0.120002,0.120002,0.136468
2488.030357,sim,0.267384,0.141365,0.119999,0.119999,0.130393,0.141899
2488.034282,sim,0.267386,0.141366,0.120001,0.120001,0.130395,0.141901
2488.038393,sim,0.267384,0.141365,0.120000,0.120000,0.130393,0.141900
2488.042495,sim,0.267386,0.141367,0.120001,0.120001,0.130395,0.141901
2488.046369,sim,0.267384,0.141365,0.119999,0.119999,0.130393,0.141899
2488.050363,sim,0.267386,0.141367,0.120001,0.120001,0.130395,0.141901
2488.054335,sim,0.316341,0.179384,0.119999,0.119999,0.169875,0.146609
2488.058285,sim,0.316342,0.179385,0.120001,0.120001,0.169877,0.146610
2488.062282,sim,0.316341,0.179384,0.120000,0.120000,0.169875,0.146609
2488.066282,sim,0.316342,0.179385,0.120001,0.120001,0.169876,0.146610
2488.070469,sim,0.316341,0.179384,0.120000,0.120000,0.169875,0.146609
2488.074375,sim,0.365707,0.220657,0.120001,0.120001,0.211029,0.150691
2488.078270,sim,0.365705,0.220656,0.120000,0.120000,0.211028,0.150690
2488.082578,sim,0.365706,0.220657,0.120001,0.120001,0.211029,0.150691
2488.086437,sim,0.365705,0.220656,0.119999,0.119999,0.211028,0.150690
2488.090379,sim,0.416810,0.261974,0.133130,0.130403,0.252242,0.154227
2488.094338,sim,0.416810,0.261973,0.133130,0.130403,0.252242,0.154227
2488.098340,sim,0.416810,0.261973,0.133130,0.130403,0.252242,0.154227
2488.102455,sim,0.416810,0.261973,0.133130,0.130403,0.252242,0.154227
2488.106391,sim,0.416810,0.261973,0.133130,0.130403,0.252242,0.154227
2488.110323,sim,0.416810,0.261973,0.133130,0.130403,0.252242,0.154227
2488.114337,sim,0.469423,0.307491,0.169473,0.167110,0.297670,0.157293
2488.118393,sim,0.469423,0.307491,0.169473,0.167110,0.297670,0.157293
2488.122427,sim,0.469423,0.307491,0.169473,0.167110,0.297670,0.157293
2488.126322,sim,0.469423,0.307491,0.169473,0.167110,0.297670,0.157293
2488.130691,sim,0.521956,0.352487,0.206518,0.203083,0.341201,0.159949
2488.134402,sim,0.521956,0.352487,0.206518,0.203083,0.341201,0.159949
2488.138734,sim,0.521956,0.352487,0.206518,0.203083,0.341201,0.159949
2488.142420,sim,0.521956,0.352487,0.206518,0.203083,0.341201,0.159949
2488.146951,sim,0.521956,0.352487,0.206518,0.203083,0.341201,0.159949
2488.150320,sim,0.521956,0.352487,0.206518,0.203083,0.341201,0.159949
2488.154443,sim,0.578580,0.401193,0.246946,0.242582,0.388638,0.162252
2488.158255,sim,0.578580,0.401193,0.246946,0.242582,0.388638,0.162252
2488.162598,sim,0.578580,0.401193,0.246946,0.242582,0.388638,0.162252
2488.166378,sim,0.578580,0.401193,0.246946,0.242582,0.388638,0.162252
2488.170377,sim,0.578580,0.401193,0.246946,0.242582,0.388638,0.162252
2488.174367,sim,0.633203,0.450340,0.288919,0.283750,0.438072,0.164247
2488.178581,sim,0.633203,0.450340,0.288919,0.283750,0.438072,0.164247
2488.182528,sim,0.633203,0.450340,0.288919,0.283750,0.438072,0.164247
2488.186318,sim,0.633203,0.450340,0.288919,0.283750,0.438072,0.164247
2488.190334,sim,0.633203,0.450340,0.288919,0.283750,0.438072,0.164247
2488.194416,sim,0.686090,0.501256,0.332230,0.327750,0.487850,0.165977
2488.198378,sim,0.686090,0.501256,0.332230,0.327750,0.487850,0.165977
2488.202390,sim,0.686090,0.501256,0.332230,0.327750,0.487850,0.165977
2488.206256,sim,0.686090,0.501256,0.332230,0.327750,0.487850,0.165977
2488.210402,sim,0.686090,0.501256,0.332230,0.327750,0.487850,0.165977
2488.214346,sim,0.731926,0.552318,0.375315,0.372819,0.539312,0.167476
2488.218424,sim,0.731926,0.552318,0.375315,0.372819,0.539312,0.167476
2488.222333,sim,0.731926,0.552318,0.375315,0.372819,0.539312,0.167476
2488.226535,sim,0.731926,0.552318,0.375315,0.372819,0.539312,0.167476
2488.230682,sim,0.731926,0.552318,0.375315,0.372819,0.539312,0.167476
2488.234371,sim,0.771651,0.604894,0.422364,0.418814,0.592236,0.168775
2488.238366,sim,0.771651,0.604894,0.422364,0.418814,0.592236,0.168775
2488.242433,sim,0.771651,0.604894,0.422364,0.418814,0.592236,0.168775
2488.246404,sim,0.771651,0.604894,0.422364,0.418814,0.592236,0.168775
2488.250394,sim,0.771651,0.604894,0.422364,0.418814,0.592236,0.168775
2488.254393,sim,0.806079,0.657395,0.468688,0.465612,0.640876,0.169900
2488.258358,sim,0.806079,0.657395,0.468688,0.465612,0.640876,0.169900
2488.262582,sim,0.806079,0.657395,0.468688,0.465612,0.640876,0.169900
2488.266367,sim,0.806079,0.657395,0.468688,0.465612,0.640876,0.169900
2488.270433,sim,0.806079,0.657395,0.468688,0.465612,0.640876,0.169900
2488.274395,sim,0.835916,0.709831,0.517158,0.513104,0.694128,0.170876
2488.278426,sim,0.835916,0.709831,0.517158,0.513104,0.694128,0.170876
2488.282628,sim,0.835916,0.709831,0.517158,0.513104,0.694128,0.170876
2488.286272,sim,0.835916,0.709831,0.517158,0.513104,0.694128,0.170876
2488.290366,sim,0.835916,0.709831,0.517158,0.513104,0.694128,0.170876
2488.294436,sim,0.861775,0.763598,0.566100,0.562587,0.747214,0.171722
2488.298324,sim,0.861775,0.763598,0.566100,0.562587,0.747214,0.171722
2488.302338,sim,0.861775,0.763598,0.566100,0.562587,0.747214,0.171722
2488.306320,sim,0.861775,0.763598,0.566100,0.562587,0.747214,0.171722
2488.310452,sim,0.861775,0.763598,0.566100,0.562587,0.747214,0.171722
2488.314376,sim,0.884186,0.815744,0.615451,0.611020,0.793222,0.172455
2488.318246,sim,0.884186,0.815744,0.615451,0.611020,0.793222,0.172455
2488.322422,sim,0.884186,0.815744,0.615451,0.611020,0.793222,0.172455
2488.326391,sim,0.884186,0.815744,0.615451,0.611020,0.793222,0.172455
2488.330404,sim,0.884186,0.815744,0.615451,0.611020,0.793222,0.172455
2488.334361,sim,0.903610,0.862324,0.665158,0.661317,0.833096,0.173090
2488.338397,sim,0.903610,0.862324,0.665158,0.661317,0.833096,0.173090
2488.342508,sim,0.903610,0.862324,0.665158,0.661317,0.833096,0.173090
2488.346400,sim,0.903610,0.862324,0.665158,0.661317,0.833096,0.173090
2488.350375,sim,0.903610,0.862324,0.665158,0.661317,0.833096,0.173090
2488.354405,sim,0.920443,0.902693,0.713785,0.710456,0.867653,0.173640
2488.358307,sim,0.920443,0.902693,0.713785,0.710456,0.867653,0.173640
2488.362575,sim,0.920443,0.902693,0.713785,0.710456,0.867653,0.173640
2488.366274,sim,0.920443,0.902693,0.713785,0.710456,0.867653,0.173640
2488.370548,sim,0.920443,0.902693,0.713785,0.710456,0.867653,0.173640
2488.374412,sim,0.935032,0.937680,0.764250,0.761365,0.897603,0.174117
2488.378572,sim,0.935032,0.937680,0.764250,0.761365,0.897603,0.174117
2488.382430,sim,0.935032,0.937680,0.764250,0.761365,0.897603,0.174117
2488.386401,sim,0.935032,0.937680,0.764250,0.761365,0.897603,0.174117
2488.390490,sim,0.935032,0.937680,0.764250,0.761365,0.897603,0.174117
2488.394490,sim,0.947676,0.968002,0.814922,0.812422,0.923559,0.174531
2488.398292,sim,0.947676,0.968002,0.814922,0.812422,0.923559,0.174531
2488.402486,sim,0.947676,0.968002,0.814922,0.812422,0.923559,0.174531
2488.406360,sim,0.947676,0.968002,0.814922,0.812422,0.923559,0.174531
2488.410348,sim,0.947676,0.968002,0.814922,0.812422,0.923559,0.174531
2488.414332,sim,0.958634,0.994281,0.865773,0.859445,0.946055,0.174889
2488.418379,sim,0.958634,0.994281,0.865773,0.859445,0.946055,0.174889
2488.422470,sim,0.958634,0.994281,0.865773,0.859445,0.946055,0.174889
2488.426386,sim,0.958634,0.994281,0.865773,0.859445,0.946055,0.174889
2488.430374,sim,0.958634,0.994281,0.865773,0.859445,0.946055,0.174889
2488.434437,sim,0.968127,0.999997,0.912614,0.900195,0.965548,0.175196
2488.438402,sim,0.968129,0.999998,0.912616,0.900196,0.965549,0.175198
2488.442543,sim,0.968129,0.999998,0.912615,0.900196,0.965549,0.175198
2488.446253,sim,0.968129,0.999998,0.912615,0.900196,0.965549,0.175198
2488.450403,sim,0.968129,0.999998,0.912615,0.900196,0.965549,0.175198
2488.454328,sim,0.976359,0.999998,0.953214,0.935516,0.982446,0.175467
2488.458399,sim,0.976359,0.999998,0.953214,0.935516,0.982446,0.175467
2488.462863,sim,0.976359,0.999998,0.953214,0.935516,0.982446,0.175467
2488.466389,sim,0.976359,0.999998,0.953214,0.935516,0.982446,0.175467
2488.470344,sim,0.976359,0.999998,0.953214,0.935516,0.982446,0.175467
2488.474392,sim,0.983492,0.999998,0.988400,0.966126,0.997090,0.175700
2488.478391,sim,0.983492,0.999998,0.988400,0.966126,0.997090,0.175700
2488.482497,sim,0.983492,0.999998,0.988400,0.966126,0.997090,0.175700
2488.486373,sim,0.983492,0.999998,0.988400,0.966126,0.997090,0.175700
2488.490417,sim,0.983492,0.999998,0.988400,0.966126,0.997090,0.175700
2488.494314,sim,0.989674,0.999998,0.999998,0.992655,0.999998,0.175902
2488.498319,sim,0.989673,0.999997,0.999997,0.992653,0.999997,0.175901
2488.502407,sim,0.989672,0.999996,0.999996,0.992652,0.999996,0.175900
2488.506299,sim,0.989676,1.000000,1.000000,0.992656,1.000000,0.175904
2488.510365,sim,0.989676,0.999999,0.999999,0.992656,0.999999,0.175903
2488.514377,sim,0.989680,1.000004,1.000004,0.992660,1.000004,0.175908
2488.518383,sim,0.995032,0.999998,0.999998,0.999998,0.999998,0.176077
2488.522356,sim,0.995035,1.000001,1.000001,1.000001,1.000001,0.176080
2488.526237,sim,0.995027,0.999993,0.999993,0.999993,0.999993,0.176072
2488.530348,sim,0.995038,1.000004,1.000004,1.000004,1.000004,0.176083
2488.534398,sim,0.995028,0.999994,0.999994,0.999994,0.999994,0.176073
2488.538359,sim,0.999681,1.000003,1.000003,1.000003,1.000003,0.176235
2488.542443,sim,0.999671,0.999994,0.999994,0.999994,0.999994,0.176225
2488.546417,sim,0.999681,1.000003,1.000003,1.000003,1.000003,0.176234
2488.550352,sim,0.999671,0.999994,0.999994,0.999994,0.999994,0.176225
2488.554337,sim,0.999680,1.000002,1.000002,1.000002,1.000002,0.176234
2488.558350,sim,0.999995,0.999995,0.999995,0.999995,0.999995,0.176358
2488.562425,sim,1.000001,1.000001,1.000001,1.000001,1.000001,0.176363
2488.566300,sim,0.999995,0.999995,0.999995,0.999995,0.999995,0.176358
2488.570352,sim,1.000001,1.000001,1.000001,1.000001,1.000001,0.176363
2488.574316,sim,0.999994,0.999994,0.999994,0.999994,0.999994,0.176357
2488.578322,sim,1.000002,1.000002,1.000002,1.000002,1.000002,0.176478
2488.582603,sim,0.999996,0.999996,0.999996,0.999996,0.999996,0.176472
2488.586314,sim,1.000001,1.000001,1.000001,1.000001,1.000001,0.176477
2488.590229,sim,0.999994,0.999994,0.999994,0.999994,0.999994,0.176471
2488.594314,sim,1.000002,1.000002,1.000002,1.000002,1.000002,0.176478
2488.598315,sim,0.999996,0.999996,0.999996,0.999996,0.999996,0.176571
2488.602461,sim,1.000001,1.000001,1.000001,1.000001,1.000001,0.176576
2488.606242,sim,0.999994,0.999994,0.999994,0.999994,0.999994,0.176570
2488.610394,sim,1.000001,1.000001,1.000001,1.000001,1.000001,0.176577
2488.614388,sim,0.999997,0.999997,0.999997,0.999997,0.999997,0.176572
2488.618338,sim,1.000000,1.000000,1.000000,1.000000,1.000000,0.176662
2488.622341,sim,0.999994,0.999994,0.999994,0.999994,0.999994,0.176655
2488.626299,sim,1.000001,1.000001,1.000001,1.000001,1.000001,0.176737
2488.630277,sim,0.999996,0.999996,0.999996,0.999996,0.999996,0.176805
2488.634330,sim,1.000001,1.000001,1.000001,1.000001,1.000001,0.176885
2488.638308,sim,0.999994,0.999994,0.999994,0.999994,0.999994,0.176953
2488.642790,sim,1.000001,1.000001,1.000001,1.000001,1.000001,0.177034
2488.646389,sim,0.999996,0.999996,0.999996,0.999996,0.999996,0.177103
2488.650367,sim,1.000000,1.000000,1.000000,1.000000,1.000000,0.177181
2488.654310,sim,0.999995,0.999995,0.999995,0.999995,0.999995,0.177213
2488.658312,sim,1.000002,1.000002,1.000002,1.000002,1.000002,0.177220
2488.662448,sim,0.999995,0.999995,0.999995,0.999995,0.999995,0.177213
2488.666424,sim,1.000001,1.000001,1.000001,1.000001,1.000001,0.177219
2488.670339,sim,0.999994,0.999994,0.999994,0.999994,0.999994,0.177212
2488.674291,sim,1.000002,1.000002,1.000002,1.000002,1.000002,0.177220
2488.678350,sim,0.999996,0.999996,0.999996,0.999996,0.999996,0.177214
2488.682663,sim,1.000000,1.000000,1.000000,1.000000,1.000000,0.177218
2488.686270,sim,0.999995,0.999995,0.999995,0.999995,0.999995,0.177213
2488.690323,sim,1.000001,1.000001,1.000001,1.000001,1.000001,0.177220
2488.694416,sim,0.999996,0.999996,0.999996,0.999996,0.999996,0.177214
2488.698379,sim,1.000001,1.000001,1.000001,1.000001,1.000001,0.177219
2488.702441,sim,0.999994,0.999994,0.999994,0.999994,0.999994,0.177212
2488.706353,sim,1.000001,1.000001,1.000001,1.000001,1.000001,0.177219
2488.710376,sim,0.999996,0.999996,0.999996,0.999996,0.999996,0.177214
2488.714588,sim,1.000000,1.000000,1.000000,1.000000,1.000000,0.177218
2488.718324,sim,0.999994,0.999994,0.999994,0.999994,0.999994,0.177212
2488.722621,sim,1.000002,1.000002,1.000002,1.000002,1.000002,0.177220
2488.726349,sim,0.999996,0.999996,0.999996,0.999996,0.999996,0.177214
2488.730361,sim,1.000000,1.000000,1.000000,1.000000,1.000000,0.177218
2488.734379,sim,0.999994,0.999994,0.999994,0.999994,0.999994,0.177212
2488.738381,sim,1.000002,1.000002,1.000002,1.000002,1.000002,0.177220
2488.742462,sim,0.999996,0.999996,0.999996,0.999996,0.999996,0.177214
2488.746388,sim,1.000001,1.000001,1.000001,1.000001,1.000001,0.177219
2488.750989,sim,0.999994,0.999994,0.999994,0.999994,0.999994,0.177212
2488.754373,sim,1.000002,1.000002,1.000002,1.000002,1.000002,0.177220
2488.758377,sim,0.999996,0.999996,0.999996,0.999996,0.999996,0.177214
2488.762546,sim,1.000000,1.000000,1.000000,1.000000,1.000000,0.177218
2488.766346,sim,0.999994,0.999994,0.999994,0.999994,0.999994,0.177212
2488.770350,sim,1.000002,1.000002,1.000002,1.000002,1.000002,0.177220
2488.774361,sim,0.999996,0.999996,0.999996,0.999996,0.999996,0.177214
2488.778355,sim,1.000000,1.000000,1.000000,1.000000,1.000000,0.177218
2488.782514,sim,0.999994,0.999994,0.999994,0.999994,0.999994,0.177212
2488.786434,sim,1.000002,1.000002,1.000002,1.000002,1.000002,0.177220
2488.790321,sim,0.999996,0.999996,0.999996,0.999996,0.999996,0.177214
2488.794495,sim,1.000001,1.000001,1.000001,1.000001,1.000001,0.177219
2488.798320,sim,0.999995,0.999995,0.999995,0.999995,0.999995,0.177213
2488.802385,sim,1.000002,1.000002,1.000002,1.000002,1.000002,0.177220
2488.806365,sim,0.999995,0.999995,0.999995,0.999995,0.999995,0.177213
2488.810402,sim,1.000001,1.000001,1.000001,1.000001,1.000001,0.177219
2488.814351,sim,0.999995,0.999995,0.999995,0.999995,0.999995,0.177213
2488.818352,sim,1.000001,1.000001,1.000001,1.000001,1.000001,0.177219
2488.822376,sim,0.999995,0.999995,0.999995,0.999995,0.999995,0.177213
2488.826309,sim,1.000000,1.000000,1.000000,1.000000,1.000000,0.177218
2488.830282,sim,0.999995,0.999995,0.999995,0.999995,0.999995,0.177213
2488.834333,sim,1.000002,1.000002,1.000002,1.000002,1.000002,0.177220
2488.838395,sim,0.999996,0.999996,0.999996,0.999996,0.999996,0.177214
2488.842469,sim,1.000001,1.000001,1.000001,1.000001,1.000001,0.177219
2488.846338,sim,0.999994,0.999994,0.999994,0.999994,0.999994,0.177212
2488.850357,sim,1.000002,1.000002,1.000002,1.000002,1.000002,0.177220
2488.854352,sim,0.999996,0.999996,0.999996,0.999996,0.999996,0.177214
2488.858375,sim,1.000000,1.000000,1.000000,1.000000,1.000000,0.177218
2488.862430,sim,0.999995,0.999995,0.999995,0.999995,0.999995,0.177213
2488.866345,sim,1.000002,1.000002,1.000002,1.000002,1.000002,0.177220
2488.870425,sim,0.999996,0.999996,0.999996,0.999996,0.999996,0.177214
2488.874373,sim,1.000000,1.000000,1.000000,1.000000,1.000000,0.177218
2488.878340,sim,0.999994,0.999994,0.999994,0.999994,0.999994,0.177212
2488.882552,sim,1.000001,1.000001,1.000001,1.000001,1.000001,0.177219
2488.886337,sim,0.999995,0.999995,0.999995,0.999995,0.999995,0.177213
2488.890317,sim,1.000001,1.000001,1.000001,1.000001,1.000001,0.177219
2488.894308,sim,0.999994,0.999994,0.999994,0.999994,0.999994,0.177212
2488.898700,sim,1.000001,1.000001,1.000001,1.000001,1.000001,0.177219
2488.902458,sim,0.999996,0.999996,0.999996,0.999996,0.999996,0.177214
2488.906301,sim,1.000001,1.000001,1.000001,1.000001,1.000001,0.177219
2488.910336,sim,0.999995,0.999995,0.999995,0.999995,0.999995,0.177213
2488.914329,sim,1.000001,1.000001,1.000001,1.000001,1.000001,0.177219
2488.918430,sim,0.999996,0.999996,0.999996,0.999996,0.999996,0.177214
2488.922421,sim,1.000000,1.000000,1.000000,1.000000,1.000000,0.177218
2488.926326,sim,0.999994,0.999994,0.999994,0.999994,0.999994,0.177212
2488.930345,sim,1.000001,1.000001,1.000001,1.000001,1.000001,0.177219
2488.934386,sim,0.999996,0.999996,0.999996,0.999996,0.999996,0.177214
2488.938356,sim,1.000000,1.000000,1.000000,1.000000,1.000000,0.177218
2488.942367,sim,0.999994,0.999994,0.999994,0.999994,0.999994,0.177212
2488.946376,sim,1.000001,1.000001,1.000001,1.000001,1.000001,0.177219
2488.950333,sim,0.999995,0.999995,0.999995,0.999995,0.999995,0.177213
2488.954327,sim,1.000001,1.000001,1.000001,1.000001,1.000001,0.177219
2488.958215,sim,0.999994,0.999994,0.999994,0.999994,0.999994,0.177212
2488.962444,sim,1.000001,1.000001,1.000001,1.000001,1.000001,0.177219
2488.966367,sim,0.999996,0.999996,0.999996,0.999996,0.999996,0.177214
2488.970255,sim,1.000001,1.000001,1.000001,1.000001,1.000001,0.177219
2488.974290,sim,0.999994,0.999994,0.999994,0.999994,0.999994,0.177212
2488.978608,sim,1.000002,1.000002,1.000002,1.000002,1.000002,0.177220
2488.982690,sim,0.999996,0.999996,0.999996,0.999996,0.999996,0.177214
2488.986325,sim,1.000001,1.000001,1.000001,1.000001,1.000001,0.177219
2488.990322,sim,0.999995,0.999995,0.999995,0.999995,0.999995,0.177213
2488.994375,sim,1.000002,1.000002,1.000002,1.000002,1.000002,0.177220
2488.998255,sim,0.999996,0.999996,0.999996,0.999996,0.999996,0.177214
2489.002381,sim,1.000000,1.000000,1.000000,1.000000,1.000000,0.177218
2489.006318,sim,0.999994,0.999994,0.999994,0.999994,0.999994,0.177212
2489.010372,sim,1.000002,1.000002,1.000002,1.000002,1.000002,0.177220
2489.014308,sim,0.999995,0.999995,0.999995,0.999995,0.999995,0.177213
2489.018407,sim,1.000000,1.000000,1.000000,1.000000,1.000000,0.177219
2489.022327,sim,0.999995,0.999995,0.999995,0.999995,0.999995,0.177213
2489.026368,sim,1.000002,1.000002,1.000002,1.000002,1.000002,0.177220
2489.030404,sim,0.999996,0.999996,0.999996,0.999996,0.999996,0.177214
2489.034534,sim,1.000000,1.000000,1.000000,1.000000,1.000000,0.177218
2489.038305,sim,0.999995,0.999995,0.999995,0.999995,0.999995,0.177213
2489.042422,sim,1.000002,1.000002,1.000002,1.000002,1.000002,0.177220
2489.046400,sim,0.999996,0.999996,0.999996,0.999996,0.999996,0.177214
2489.050341,sim,1.000001,1.000001,1.000001,1.000001,1.000001,0.177219
2489.054435,sim,0.999995,0.999995,0.999995,0.999995,0.999995,0.177213
2489.058304,sim,1.000001,1.000001,1.000001,1.000001,1.000001,0.177219
2489.062379,sim,0.999995,0.999995,0.999995,0.999995,0.999995,0.177213
2489.066325,sim,1.000001,1.000001,1.000001,1.000001,1.000001,0.177219
2489.070317,sim,0.999994,0.999994,0.999994,0.999994,0.999994,0.177212
2489.074315,sim,1.000002,1.000002,1.000002,1.000002,1.000002,0.177220
2489.078301,sim,0.999995,0.999995,0.999995,0.999995,0.999995,0.177214
2489.082669,sim,1.000001,1.000001,1.000001,1.000001,1.000001,0.177219
2489.086317,sim,0.999994,0.999994,0.999994,0.999994,0.999994,0.177212
2489.090362,sim,1.000001,1.000001,1.000001,1.000001,1.000001,0.177219
2489.094380,sim,0.999996,0.999996,0.999996,0.999996,0.999996,0.177214
2489.098315,sim,1.000000,1.000000,1.000000,1.000000,1.000000,0.177218
2489.102323,sim,0.999994,0.999994,0.999994,0.999994,0.999994,0.177212
2489.106311,sim,1.000002,1.000002,1.000002,1.000002,1.000002,0.177220
2489.110382,sim,0.999996,0.999996,0.999996,0.999996,0.999996,0.177214
2489.114351,sim,1.000000,1.000000,1.000000,1.000000,1.000000,0.177218
2489.118316,sim,0.999995,0.999995,0.999995,0.999995,0.999995,0.177213
2489.122371,sim,1.000001,1.000001,1.000001,1.000001,1.000001,0.177219
2489.126967,sim,0.999996,0.999996,0.999996,0.999996,0.999996,0.177214
2489.130336,sim,1.000000,1.000000,1.000000,1.000000,1.000000,0.177218
2489.134376,sim,0.999995,0.999995,0.999995,0.999995,0.999995,0.177213
2489.138431,sim,1.000001,1.000001,1.000001,1.000001,1.000001,0.177220
2489.142517,sim,0.999996,0.999996,0.999996,0.999996,0.999996,0.177214
2489.146393,sim,1.000001,1.000001,1.000001,1.000001,1.000001,0.177219
2489.150311,sim,0.999994,0.999994,0.999994,0.999994,0.999994,0.177212
2489.154426,sim,1.000001,1.000001,1.000001,1.000001,1.000001,0.177219
2489.158327,sim,0.999995,0.999995,0.999995,0.999995,0.999995,0.177213
2489.162491,sim,1.000000,1.000000,1.000000,1.000000,1.000000,0.177218
2489.166301,sim,0.999994,0.999994,0.999994,0.999994,0.999994,0.177212
2489.170325,sim,1.000001,1.000001,1.000001,1.000001,1.000001,0.177219
2489.174393,sim,0.999996,0.999996,0.999996,0.999996,0.999996,0.177214
2489.178368,sim,1.000001,1.000001,1.000001,1.000001,1.000001,0.177219
2489.182489,sim,0.999995,0.999995,0.999995,0.999995,0.999995,0.177213
2489.186307,sim,1.000001,1.000001,1.000001,1.000001,1.000001,0.177219
2489.190376,sim,0.999996,0.999996,0.999996,0.999996,0.999996,0.177214
2489.194371,sim,1.000000,1.000000,1.000000,1.000000,1.000000,0.177218
2489.198320,sim,0.999995,0.999995,0.999995,0.999995,0.999995,0.177213
2489.202437,sim,1.000001,1.000001,1.000001,1.000001,1.000001,0.177219
2489.206434,sim,0.999995,0.999995,0.999995,0.999995,0.999995,0.177213
2489.210382,sim,1.000001,1.000001,1.000001,1.000001,1.000001,0.177219
2489.214367,sim,0.999995,0.999995,0.999995,0.999995,0.999995,0.177213
2489.218325,sim,1.000001,1.000001,1.000001,1.000001,1.000001,0.177219
2489.222431,sim,0.999996,0.999996,0.999996,0.999996,0.999996,0.177214
2489.226359,sim,1.000001,1.000001,1.000001,1.000001,1.000001,0.177219
2489.230294,sim,0.999995,0.999995,0.999995,0.999995,0.999995,0.177213
2489.234295,sim,1.000001,1.000001,1.000001,1.000001,1.000001,0.177219
2489.238399,sim,0.999996,0.999996,0.999996,0.999996,0.999996,0.177214
2489.242493,sim,1.000001,1.000001,1.000001,1.000001,1.000001,0.177219
2489.246356,sim,0.999994,0.999994,0.999994,0.999994,0.999994,0.177212
2489.250316,sim,1.000001,1.000001,1.000001,1.000001,1.000001,0.177219
2489.254397,sim,0.999996,0.999996,0.999996,0.999996,0.999996,0.177214
2489.258355,sim,1.000001,1.000001,1.000001,1.000001,1.000001,0.177219
2489.262361,sim,0.999993,0.999993,0.999993,0.999993,0.999993,0.177211
2489.266310,sim,1.000002,1.000002,1.000002,1.000002,1.000002,0.177220
2489.270381,sim,0.999995,0.999995,0.999995,0.999995,0.999995,0.177213
2489.274404,sim,1.000000,1.000000,1.000000,1.000000,1.000000,0.177218
2489.278262,sim,0.999994,0.999994,0.999994,0.999994,0.999994,0.177212
2489.282474,sim,1.000002,1.000002,1.000002,1.000002,1.000002,0.177220
2489.286352,sim,0.999995,0.999995,0.999995,0.999995,0.999995,0.177213
2489.290342,sim,1.000001,1.000001,1.000001,1.000001,1.000001,0.177219
2489.294310,sim,0.999995,0.999995,0.999995,0.999995,0.999995,0.177213
2489.298270,sim,1.000001,1.000001,1.000001,1.000001,1.000001,0.177219
2489.302383,sim,0.999995,0.999995,0.999995,0.999995,0.999995,0.177214
2489.306323,sim,1.000001,1.000001,1.000001,1.000001,1.000001,0.177219
2489.310358,sim,0.999995,0.999995,0.999995,0.999995,0.999995,0.177213
2489.314435,sim,1.000001,1.000001,1.000001,1.000001,1.000001,0.177219
2489.318403,sim,0.999996,0.999996,0.999996,0.999996,0.999996,0.177214
2489.322348,sim,1.000000,1.000000,1.000000,1.000000,1.000000,0.177218
2489.326354,sim,0.999995,0.999995,0.999995,0.999995,0.999995,0.177213
2489.330384,sim,1.000001,1.000001,1.000001,1.000001,1.000001,0.177219
2489.334387,sim,0.999995,0.999995,0.999995,0.999995,0.999995,0.177213
2489.338390,sim,1.000000,1.000000,1.000000,1.000000,1.000000,0.177218
2489.342436,sim,0.999994,0.999994,0.999994,0.999994,0.999994,0.177212
2489.346342,sim,1.000001,1.000001,1.000001,1.000001,1.000001,0.177219
2489.350371,sim,0.999996,0.999996,0.999996,0.999996,0.999996,0.177214
2489.354299,sim,1.000001,1.000001,1.000001,1.000001,1.000001,0.177219
2489.358338,sim,0.999995,0.999995,0.999995,0.999995,0.999995,0.177213
2489.362413,sim,1.000002,1.000002,1.000002,1.000002,1.000002,0.177220
2489.366370,sim,0.999995,0.999995,0.999995,0.999995,0.999995,0.177213
2489.370338,sim,1.000000,1.000000,1.000000,1.000000,1.000000,0.177218
2489.374318,sim,0.999995,0.999995,0.999995,0.999995,0.999995,0.177213
2489.378342,sim,1.000002,1.000002,1.000002,1.000002,1.000002,0.177220
2489.382553,sim,0.999996,0.999996,0.999996,0.999996,0.999996,0.177214
2489.386289,sim,1.000000,1.000000,1.000000,1.000000,1.000000,0.177218
2489.390287,sim,0.999994,0.999994,0.999994,0.999994,0.999994,0.177212
2489.394288,sim,1.000002,1.000002,1.000002,1.000002,1.000002,0.177220
2489.398328,sim,0.999995,0.999995,0.999995,0.999995,0.999995,0.177213
2489.402482,sim,1.000000,1.000000,1.000000,1.000000,1.000000,0.177218
2489.406243,sim,0.999995,0.999995,0.999995,0.999995,0.999995,0.177213
2489.410304,sim,1.000001,1.000001,1.000001,1.000001,1.000001,0.177219
2489.414324,sim,0.999996,0.999996,0.999996,0.999996,0.999996,0.177214
2489.418370,sim,1.000000,1.000000,1.000000,1.000000,1.000000,0.177218
2489.422397,sim,0.999994,0.999994,0.999994,0.999994,0.999994,0.177212
2489.426406,sim,1.000001,1.000001,1.000001,1.000001,1.000001,0.177219
2489.430393,sim,0.999996,0.999996,0.999996,0.999996,0.999996,0.177214
2489.434404,sim,1.000001,1.000001,1.000001,1.000001,1.000001,0.177219
2489.438371,sim,0.999995,0.999995,0.999995,0.999995,0.999995,0.177213
2489.442436,sim,1.000002,1.000002,1.000002,1.000002,1.000002,0.177220
2489.446451,sim,0.999995,0.999995,0.999995,0.999995,0.999995,0.177213
2489.450346,sim,1.000000,1.000000,1.000000,1.000000,1.000000,0.177219
2489.454327,sim,0.999994,0.999994,0.999994,0.999994,0.999994,0.177213
2489.458324,sim,1.000001,1.000001,1.000001,1.000001,1.000001,0.177219
2489.463249,sim,0.999997,0.999997,0.999997,0.999997,0.999997,0.177215
2489.466447,sim,1.000001,1.000001,1.000001,1.000001,1.000001,0.177219
2489.470304,sim,0.999994,0.999994,0.999994,0.999994,0.999994,0.177212
2489.474305,sim,1.000001,1.000001,1.000001,1.000001,1.000001,0.177219
2489.478371,sim,0.999996,0.999996,0.999996,0.999996,0.999996,0.177214
2489.482659,sim,1.000001,1.000001,1.000001,1.000001,1.000001,0.177219
2489.486374,sim,0.999994,0.999994,0.999994,0.999994,0.999994,0.177212
2489.490385,sim,1.000002,1.000002,1.000002,1.000002,1.000002,0.177220
2489.494350,sim,0.999995,0.999995,0.999995,0.999995,0.999995,0.177214
2489.498376,sim,1.000000,1.000000,1.000000,1.000000,1.000000,0.177218
2489.502336,sim,0.999995,0.999995,0.999995,0.999995,0.999995,0.177213
2489.506375,sim,1.000002,1.000002,1.000002,1.000002,1.000002,0.177220
2489.510422,sim,0.999996,0.999996,0.999996,0.999996,0.999996,0.177214
2489.514368,sim,1.000000,1.000000,1.000000,1.000000,1.000000,0.177218
2489.518291,sim,0.999994,0.999994,0.999994,0.999994,0.999994,0.177212
2489.522558,sim,1.000001,1.000001,1.000001,1.000001,1.000001,0.177219
2489.526376,sim,0.986112,0.999995,0.999995,0.999995,0.999995,0.177213
2489.530387,sim,0.986119,1.000003,1.000003,1.000003,1.000003,0.177221
2489.534243,sim,0.986111,0.999994,0.999994,0.999994,0.999994,0.177212
2489.538462,sim,0.986119,1.000003,1.000003,1.000003,1.000003,0.177221
2489.542904,sim,0.986111,0.999995,0.999995,0.999995,0.999995,0.177213
2489.546412,sim,0.957276,1.000003,1.000003,1.000003,1.000003,0.173999
2489.550381,sim,0.957268,0.999994,0.999994,0.999994,0.999994,0.173990
2489.554507,sim,0.957276,1.000003,1.000003,1.000003,1.000003,0.173999
2489.558533,sim,0.957267,0.999994,0.999994,0.999994,0.999994,0.173990
2489.562577,sim,0.957277,1.000003,1.000003,1.000003,1.000003,0.173999
2489.566376,sim,0.926722,0.999994,0.999994,0.999994,0.999994,0.163679
2489.570391,sim,0.926731,1.000003,1.000003,1.000003,1.000003,0.163688
2489.574381,sim,0.926723,0.999995,0.999995,0.999995,0.999995,0.163680
2489.578438,sim,0.926731,1.000003,1.000003,1.000003,1.000003,0.163688
2489.582688,sim,0.926722,0.999994,0.999994,0.999994,0.999994,0.163679
2489.586587,sim,0.893324,1.000003,1.000003,1.000003,1.000003,0.147234
2489.590404,sim,0.893314,0.999994,0.999994,0.999994,0.999994,0.147224
2489.594378,sim,0.893324,1.000003,1.000003,1.000003,1.000003,0.147234
2489.598339,sim,0.893314,0.999994,0.999994,0.999994,0.999994,0.147224
2489.602523,sim,0.893323,1.000003,1.000003,1.000003,1.000003,0.147233
2489.606493,sim,0.856043,0.999998,0.999998,0.999998,0.976704,0.127598
2489.610423,sim,0.856048,1.000003,1.000003,1.000003,0.976709,0.127602
2489.614316,sim,0.856042,0.999997,0.999997,0.999997,0.976703,0.127596
2489.618417,sim,0.856048,1.000003,1.000003,1.000003,0.976709,0.127603
2489.622546,sim,0.856042,0.999997,0.999997,0.999997,0.976703,0.127597
2489.626405,sim,0.815418,0.992035,1.000001,1.000001,0.940797,0.110587
2489.630459,sim,0.815415,0.992031,0.999997,0.999997,0.940793,0.110584
2489.634385,sim,0.815419,0.992035,1.000001,1.000001,0.940797,0.110588
2489.638400,sim,0.815414,0.992031,0.999996,0.999996,0.940792,0.110583
2489.642800,sim,0.815419,0.992036,1.000002,1.000002,0.940797,0.110588
2489.646466,sim,0.773270,0.949917,0.999998,0.963179,0.902737,0.095840
2489.650440,sim,0.773273,0.949920,1.000001,0.963182,0.902740,0.095843
2489.654414,sim,0.773270,0.949917,0.999998,0.963179,0.902737,0.095840
2489.658429,sim,0.773273,0.949920,1.000001,0.963182,0.902740,0.095843
2489.662641,sim,0.773270,0.949917,0.999998,0.963179,0.902737,0.095840
2489.666512,sim,0.728425,0.905098,0.984736,0.924914,0.861434,0.083064
2489.670613,sim,0.728424,0.905097,0.984735,0.924913,0.861433,0.083063
2489.674499,sim,0.728424,0.905097,0.984735,0.924913,0.861433,0.083063
2489.678412,sim,0.728424,0.905097,0.984735,0.924913,0.861433,0.083063
2489.682818,sim,0.728424,0.905097,0.984735,0.924913,0.861433,0.083063
2489.686458,sim,0.684007,0.857929,0.943593,0.883425,0.818700,0.071988
2489.690487,sim,0.684007,0.857929,0.943593,0.883425,0.818700,0.071988
2489.694634,sim,0.684007,0.857929,0.943593,0.883425,0.818700,0.071988
2489.698484,sim,0.684007,0.857929,0.943593,0.883425,0.818700,0.071988
2489.702706,sim,0.684007,0.857929,0.943593,0.883425,0.818700,0.071988
2489.706477,sim,0.635804,0.808729,0.901002,0.841921,0.771956,0.062389
2489.710494,sim,0.635804,0.808729,0.901002,0.841921,0.771956,0.062389
2489.714481,sim,0.635804,0.808729,0.901002,0.841921,0.771956,0.062389
2489.718494,sim,0.635804,0.808729,0.901002,0.841921,0.771956,0.062389
2489.722625,sim,0.635804,0.808729,0.901002,0.841921,0.771956,0.062389
2489.726560,sim,0.587092,0.759153,0.857154,0.797629,0.724509,0.054071
2489.730493,sim,0.587092,0.759153,0.857154,0.797629,0.724509,0.054071
2489.734536,sim,0.587092,0.759153,0.857154,0.797629,0.724509,0.054071
2489.738706,sim,0.587092,0.759153,0.857154,0.797629,0.724509,0.054071
2489.742730,sim,0.587092,0.759153,0.857154,0.797629,0.724509,0.054071
2489.747036,sim,0.537941,0.706478,0.812218,0.752307,0.675067,0.046861
2489.750594,sim,0.537941,0.706478,0.812218,0.752307,0.675067,0.046861
2489.754513,sim,0.537941,0.706478,0.812218,0.752307,0.675067,0.046861
2489.758442,sim,0.537941,0.706478,0.812218,0.752307,0.675067,0.046861
2489.762680,sim,0.537941,0.706478,0.812218,0.752307,0.675067,0.046861
2489.766595,sim,0.487021,0.652504,0.764951,0.704706,0.623894,0.040613
2489.770623,sim,0.487021,0.652504,0.764951,0.704706,0.623894,0.040613
2489.774503,sim,0.487021,0.652504,0.764951,0.704706,0.623894,0.040613
2489.778663,sim,0.487021,0.652504,0.764951,0.704706,0.623894,0.040613
2489.782893,sim,0.487021,0.652504,0.764951,0.704706,0.623894,0.040613
2489.786685,sim,0.435955,0.596018,0.719825,0.656517,0.572610,0.035198
2489.790627,sim,0.435955,0.596018,0.719825,0.656517,0.572610,0.035198
2489.794564,sim,0.435955,0.596018,0.719825,0.656517,0.572610,0.035198
2489.798510,sim,0.435955,0.596018,0.719825,0.656517,0.572610,0.035198
2489.802719,sim,0.435955,0.596018,0.719825,0.656517,0.572610,0.035198
2489.806599,sim,0.435955,0.596018,0.719825,0.656517,0.572610,0.035198
2489.810574,sim,0.381988,0.538741,0.669620,0.607818,0.518454,0.030505
2489.814617,sim,0.381988,0.538741,0.669620,0.607818,0.518454,0.030505
2489.818607,sim,0.381988,0.538741,0.669620,0.607818,0.518454,0.030505
2489.822612,sim,0.381988,0.538741,0.669620,0.607818,0.518454,0.030505
2489.826552,sim,0.381988,0.538741,0.669620,0.607818,0.518454,0.030505
2489.830606,sim,0.331057,0.479392,0.617787,0.557290,0.464584,0.026438
2489.834628,sim,0.331057,0.479392,0.617787,0.557290,0.464584,0.026438
2489.838508,sim,0.331057,0.479392,0.617787,0.557290,0.464584,0.026438
2489.842643,sim,0.331057,0.479392,0.617787,0.557290,0.464584,0.026438
2489.846650,sim,0.331057,0.479392,0.617787,0.557290,0.464584,0.026438
2489.850640,sim,0.286916,0.418247,0.567317,0.507951,0.409575,0.022913
2489.854548,sim,0.286916,0.418247,0.567317,0.507951,0.409575,0.022913
2489.858655,sim,0.286916,0.418247,0.567317,0.507951,0.409575,0.022913
2489.862758,sim,0.286916,0.418247,0.567317,0.507951,0.409575,0.022913
2489.866608,sim,0.286916,0.418247,0.567317,0.507951,0.409575,0.022913
2489.870671,sim,0.248660,0.362481,0.515254,0.456868,0.354965,0.019858
2489.874631,sim,0.248660,0.362481,0.515254,0.456868,0.354965,0.019858
2489.878685,sim,0.248660,0.362481,0.515254,0.456868,0.354965,0.019858
2489.882928,sim,0.248660,0.362481,0.515254,0.456868,0.354965,0.019858
2489.886699,sim,0.248660,0.362481,0.515254,0.456868,0.354965,0.019858
2489.890709,sim,0.215506,0.314150,0.463197,0.404274,0.307636,0.017210
2489.894664,sim,0.215506,0.314150,0.463197,0.404274,0.307636,0.017210
2489.898628,sim,0.215506,0.314150,0.463197,0.404274,0.307636,0.017210
2489.902822,sim,0.215506,0.314150,0.463197,0.404274,0.307636,0.017210
2489.906672,sim,0.215506,0.314150,0.463197,0.404274,0.307636,0.017210
2489.910725,sim,0.186772,0.272264,0.411147,0.351758,0.266618,0.014915
2489.914699,sim,0.186772,0.272264,0.411147,0.351758,0.266618,0.014915
2489.918554,sim,0.186772,0.272264,0.411147,0.351758,0.266618,0.014915
2489.922716,sim,0.186772,0.272264,0.411147,0.351758,0.266618,0.014915
2489.926727,sim,0.186772,0.272264,0.411147,0.351758,0.266618,0.014915
2489.930694,sim,0.161869,0.235962,0.360488,0.304857,0.231069,0.012927
2489.934671,sim,0.161869,0.235962,0.360488,0.304857,0.231069,0.012927
2489.938715,sim,0.161869,0.235962,0.360488,0.304857,0.231069,0.012927
2489.942753,sim,0.161869,0.235962,0.360488,0.304857,0.231069,0.012927
2489.946771,sim,0.161869,0.235962,0.360488,0.304857,0.231069,0.012927
2489.950633,sim,0.140286,0.204500,0.312423,0.264209,0.200260,0.011203
2489.954650,sim,0.140286,0.204500,0.312423,0.264209,0.200260,0.011203
2489.958696,sim,0.140286,0.204500,0.312423,0.264209,0.200260,0.011203
2489.962869,sim,0.140286,0.204500,0.312423,0.264209,0.200260,0.011203
2489.966705,sim,0.140286,0.204500,0.312423,0.264209,0.200260,0.011203
2489.970786,sim,0.121581,0.177234,0.270767,0.228982,0.173558,0.009709
2489.974720,sim,0.121581,0.177234,0.270767,0.228982,0.173558,0.009709
2489.978723,sim,0.121581,0.177234,0.270767,0.228982,0.173558,0.009709
2489.982799,sim,0.121581,0.177234,0.270767,0.228982,0.173558,0.009709
2489.986707,sim,0.121581,0.177234,0.270767,0.228982,0.173558,0.009709
2489.990682,sim,0.105371,0.153602,0.234665,0.198451,0.150417,0.008415
2489.994694,sim,0.105371,0.153602,0.234665,0.198451,0.150417,0.008415
2489.998587,sim,0.105371,0.153602,0.234665,0.198451,0.150417,0.008415
2490.002832,sim,0.105371,0.153602,0.234665,0.198451,0.150417,0.008415
2490.006707,sim,0.105371,0.153602,0.234665,0.198451,0.150417,0.008415
2490.010706,sim,0.091321,0.133122,0.203376,0.171991,0.130362,0.007293
2490.014572,sim,0.091321,0.133122,0.203376,0.171991,0.130362,0.007293
2490.018658,sim,0.091321,0.133122,0.203376,0.171991,0.130362,0.007293
2490.022669,sim,0.091321,0.133122,0.203376,0.171991,0.130362,0.007293
2490.026672,sim,0.091321,0.133122,0.203376,0.171991,0.130362,0.007293
2490.030605,sim,0.080001,0.120001,0.176260,0.149059,0.120001,0.006321
2490.034646,sim,0.079999,0.119999,0.176258,0.149058,0.119999,0.006320
2490.038665,sim,0.080001,0.120001,0.176260,0.149060,0.120001,0.006322
2490.042780,sim,0.079999,0.119999,0.176258,0.149058,0.119999,0.006320
2490.046850,sim,0.080001,0.120001,0.176260,0.149060,0.120001,0.006322
2490.050637,sim,0.079999,0.119999,0.152757,0.129183,0.119999,0.005477
2490.054684,sim,0.080001,0.120001,0.152759,0.129185,0.120001,0.005479
2490.058725,sim,0.079999,0.119999,0.152757,0.129183,0.119999,0.005477
2490.062695,sim,0.080001,0.120001,0.152759,0.129185,0.120001,0.005479
2490.066717,sim,0.079999,0.119999,0.152757,0.129183,0.119999,0.005477
2490.070794,sim,0.080001,0.120001,0.132391,0.120001,0.120001,0.004749
2490.074764,sim,0.079999,0.119999,0.132389,0.119999,0.119999,0.004746
2490.078624,sim,0.080002,0.120002,0.132392,0.120002,0.120002,0.004749
2490.082839,sim,0.079999,0.119999,0.132389,0.119999,0.119999,0.004746
2490.086699,sim,0.080002,0.120002,0.132392,0.120002,0.120002,0.004749
2490.090729,sim,0.079999,0.119999,0.119999,0.119999,0.119999,0.004113
2490.094688,sim,0.080002,0.120002,0.120002,0.120002,0.120002,0.004116
2490.098659,sim,0.079999,0.119999,0.119999,0.119999,0.119999,0.004113
2490.102854,sim,0.080002,0.120002,0.120002,0.120002,0.120002,0.004116
2490.106765,sim,0.079999,0.119999,0.119999,0.119999,0.119999,0.004113
2490.110657,sim,0.080002,0.120002,0.120002,0.120002,0.120002,0.003568
2490.114719,sim,0.079999,0.119999,0.119999,0.119999,0.119999,0.003564
2490.118841,sim,0.080002,0.120002,0.120002,0.120002,0.120002,0.003568
2490.122770,sim,0.079999,0.119999,0.119999,0.119999,0.119999,0.003564
2490.126719,sim,0.080002,0.120002,0.120002,0.120002,0.120002,0.003568
2490.130730,sim,0.079999,0.119999,0.119999,0.119999,0.119999,0.003564
2490.134748,sim,0.080002,0.120002,0.120002,0.120002,0.120002,0.003092
2490.138710,sim,0.079999,0.119999,0.119999,0.119999,0.119999,0.003089
2490.142744,sim,0.080002,0.120002,0.120002,0.120002,0.120002,0.003092
2490.146723,sim,0.079999,0.119999,0.119999,0.119999,0.119999,0.003089
2490.150914,sim,0.080002,0.120002,0.120002,0.120002,0.120002,0.003092
2490.154957,sim,0.079999,0.119999,0.119999,0.119999,0.119999,0.002677
2490.158731,sim,0.080002,0.120002,0.120002,0.120002,0.120002,0.002680
2490.163299,sim,0.079999,0.119999,0.119999,0.119999,0.119999,0.002320
2490.166910,sim,0.080002,0.120002,0.120002,0.120002,0.120002,0.001966
2490.170872,sim,0.079999,0.119999,0.119999,0.119999,0.119999,0.001605
2490.174737,sim,0.080002,0.120002,0.120002,0.120002,0.120002,0.001252
2490.178957,sim,0.079999,0.119999,0.119999,0.119999,0.119999,0.000891
2490.183134,sim,0.080002,0.120002,0.120002,0.120002,0.120002,0.000538
2490.186744,sim,0.079999,0.119999,0.119999,0.119999,0.119999,0.000177
2490.190735,sim,0.080002,0.120002,0.120002,0.120002,0.120002,0.000023
2490.194721,sim,0.079999,0.119999,0.119999,0.119999,0.119999,-0.000015
2490.198760,sim,0.080002,0.120002,0.120002,0.120002,0.120002,0.000024
2490.202888,sim,0.079999,0.119999,0.119999,0.119999,0.119999,-0.000015
2490.206735,sim,0.080002,0.120002,0.120002,0.120002,0.120002,0.000024
2490.210797,sim,0.079999,0.119999,0.119999,0.119999,0.119999,-0.000015
2490.214706,sim,0.080002,0.120002,0.120002,0.120002,0.120002,0.000023
2490.218820,sim,0.079999,0.119999,0.119999,0.119999,0.119999,-0.000015
2490.222739,sim,0.080002,0.120002,0.120002,0.120002,0.120002,0.000023
2490.226797,sim,0.079999,0.119999,0.119999,0.119999,0.119999,-0.000015
2490.230802,sim,0.080002,0.120002,0.120002,0.120002,0.120002,0.000023
2490.234764,sim,0.079999,0.119999,0.119999,0.119999,0.119999,-0.000015
2490.238770,sim,0.080002,0.120002,0.120002,0.120002,0.120002,0.000022
2490.242874,sim,0.079999,0.119999,0.119999,0.119999,0.119999,-0.000014
2490.246821,sim,0.080002,0.120002,0.120002,0.120002,0.120002,0.000024
2490.250727,sim,0.079999,0.119999,0.119999,0.119999,0.119999,-0.000015
2490.254747,sim,0.080002,0.120002,0.120002,0.120002,0.120002,0.000023
2490.258737,sim,0.079999,0.119999,0.119999,0.119999,0.119999,-0.000015
2490.262897,sim,0.080002,0.120002,0.120002,0.120002,0.120002,0.000022
2490.266784,sim,0.079999,0.119999,0.119999,0.119999,0.119999,-0.000014
2490.270763,sim,0.080002,0.120002,0.120002,0.120002,0.120002,0.000022
2490.274753,sim,0.079999,0.119999,0.119999,0.119999,0.119999,-0.000014
2490.278728,sim,0.080002,0.120002,0.120002,0.120002,0.120002,0.000022
2490.283046,sim,0.079998,0.119998,0.119998,0.119998,0.119998,-0.000014
2490.286749,sim,0.080002,0.120002,0.120002,0.120002,0.120002,0.000022
2490.290815,sim,0.079999,0.119999,0.119999,0.119999,0.119999,-0.000014
2490.294850,sim,0.080002,0.120002,0.120002,0.120002,0.120002,0.000021
2490.298833,sim,0.079999,0.119999,0.119999,0.119999,0.119999,-0.000014
2490.302891,sim,0.080002,0.120002,0.120002,0.120002,0.120002,0.000022
2490.306922,sim,0.079998,0.119998,0.119998,0.119998,0.119998,-0.000014
2490.310921,sim,0.080002,0.120002,0.120002,0.120002,0.120002,0.000021
2490.314838,sim,0.079999,0.119999,0.119999,0.119999,0.119999,-0.000014
2490.318816,sim,0.080002,0.120002,0.120002,0.120002,0.120002,0.000022
2490.322881,sim,0.079999,0.119999,0.119999,0.119999,0.119999,-0.000014
2490.326838,sim,0.080002,0.120002,0.120002,0.120002,0.120002,0.000023
2490.330799,sim,0.079999,0.119999,0.119999,0.119999,0.119999,-0.000015
2490.334782,sim,0.080002,0.120002,0.120002,0.120002,0.120002,0.000023
2490.338792,sim,0.079998,0.119998,0.119998,0.119998,0.119998,-0.000015
2490.342920,sim,0.080002,0.120002,0.120002,0.120002,0.120002,0.000021
2490.346805,sim,0.079999,0.119999,0.119999,0.119999,0.119999,-0.000014
2490.350736,sim,0.080002,0.120002,0.120002,0.120002,0.120002,0.000022
2490.354795,sim,0.079999,0.119999,0.119999,0.119999,0.119999,-0.000014
2490.358830,sim,0.080002,0.120002,0.120002,0.120002,0.120002,0.000023
2490.362890,sim,0.079998,0.119998,0.119998,0.119998,0.119998,-0.000015
2490.366842,sim,0.080002,0.120002,0.120002,0.120002,0.120002,0.000024
2490.370790,sim,0.079999,0.119999,0.119999,0.119999,0.119999,-0.000015
2490.374881,sim,0.080002,0.120002,0.120002,0.120002,0.120002,0.000023
2490.378824,sim,0.079998,0.119998,0.119998,0.119998,0.119998,-0.000015
2490.383140,sim,0.080002,0.120002,0.120002,0.120002,0.120002,0.000024
2490.386824,sim,0.079999,0.119999,0.119999,0.119999,0.119999,-0.000015
2490.390875,sim,0.080002,0.120002,0.120002,0.120002,0.120002,0.000022
2490.394857,sim,0.079999,0.119999,0.119999,0.119999,0.119999,-0.000014
2490.398854,sim,0.080002,0.120002,0.120002,0.120002,0.120002,0.000022
2490.402908,sim,0.079999,0.119999,0.119999,0.119999,0.119999,-0.000014
2490.406829,sim,0.080002,0.120002,0.120002,0.120002,0.120002,0.000024
2490.410853,sim,0.079998,0.119998,0.119998,0.119998,0.119998,-0.000015
2490.414846,sim,0.080002,0.120002,0.120002,0.120002,0.120002,0.000022
2490.418892,sim,0.079999,0.119999,0.119999,0.119999,0.119999,-0.000014
2490.422984,sim,0.080002,0.120002,0.120002,0.120002,0.120002,0.000023
2490.426892,sim,0.079998,0.119998,0.119998,0.119998,0.119998,-0.000015
2490.430912,sim,0.080002,0.120002,0.120002,0.120002,0.120002,0.000022
2490.434861,sim,0.079999,0.119999,0.119999,0.119999,0.119999,-0.000014
2490.438870,sim,0.080002,0.120002,0.120002,0.120002,0.120002,0.000022
2490.442857,sim,0.079999,0.119999,0.119999,0.119999,0.119999,-0.000014
2490.446847,sim,0.080002,0.120002,0.120002,0.120002,0.120002,0.000023
2490.451038,sim,0.079999,0.119999,0.119999,0.119999,0.119999,-0.000015
2490.454878,sim,0.080002,0.120002,0.120002,0.120002,0.120002,0.000024
2490.458882,sim,0.079998,0.119998,0.119998,0.119998,0.119998,-0.000015
2490.462884,sim,0.080002,0.120002,0.120002,0.120002,0.120002,0.000023
2490.466861,sim,0.079999,0.119999,0.119999,0.119999,0.119999,-0.000015
2490.470894,sim,0.080002,0.120002,0.120002,0.120002,0.120002,0.000022
2490.474868,sim,0.079999,0.119999,0.119999,0.119999,0.119999,-0.000014
2490.478822,sim,0.080002,0.120002,0.120002,0.120002,0.120002,0.000023
2490.483060,sim,0.079999,0.119999,0.119999,0.119999,0.119999,-0.000014
2490.486927,sim,0.080002,0.120002,0.120002,0.120002,0.120002,0.000022
2490.490900,sim,0.079999,0.119999,0.119999,0.119999,0.119999,-0.000014
2490.495035,sim,0.080002,0.120002,0.120002,0.120002,0.120002,0.000023
2490.498855,sim,0.079999,0.119999,0.119999,0.119999,0.119999,-0.000015
2490.502915,sim,0.080002,0.120002,0.120002,0.120002,0.120002,0.000022
2490.506909,sim,0.079999,0.119999,0.119999,0.119999,0.119999,-0.000014
2490.510887,sim,0.080002,0.120002,0.120002,0.120002,0.120002,0.000023
2490.514875,sim,0.079999,0.119999,0.119999,0.119999,0.119999,-0.000015
2490.518912,sim,0.080002,0.120002,0.120002,0.120002,0.120002,0.000022
2490.522836,sim,0.079998,0.119998,0.119998,0.119998,0.119998,-0.000015
2490.526822,sim,0.080002,0.120002,0.120002,0.120002,0.120002,0.000023
2490.530890,sim,0.079999,0.119999,0.119999,0.119999,0.119999,-0.000015
2490.534854,sim,0.080002,0.120002,0.120002,0.120002,0.120002,0.000023
2490.538886,sim,0.079999,0.119999,0.119999,0.119999,0.119999,-0.000015
2490.542870,sim,0.080002,0.120002,0.120002,0.120002,0.120002,0.000024
2490.546858,sim,0.079999,0.119999,0.119999,0.119999,0.119999,-0.000015
2490.550820,sim,0.080002,0.120002,0.120002,0.120002,0.120002,0.000023
2490.554853,sim,0.079999,0.119999,0.119999,0.119999,0.119999,-0.000015
2490.558817,sim,0.080002,0.120002,0.120002,0.120002,0.120002,0.000025
2490.562955,sim,0.079999,0.119999,0.119999,0.119999,0.119999,-0.000016
2490.566836,sim,0.080002,0.120002,0.120002,0.120002,0.120002,0.000022
2490.570898,sim,0.079999,0.119999,0.119999,0.119999,0.119999,-0.000015
2490.574881,sim,0.080002,0.120002,0.120002,0.120002,0.120002,0.000022
2490.578889,sim,0.079999,0.119999,0.119999,0.119999,0.119999,-0.000014
2490.583084,sim,0.080002,0.120002,0.120002,0.120002,0.120002,0.000023
2490.586925,sim,0.079999,0.119999,0.119999,0.119999,0.119999,-0.000014
2490.590835,sim,0.080002,0.120002,0.120002,0.120002,0.120002,0.000025
2490.594838,sim,0.079998,0.119998,0.119998,0.119998,0.119998,-0.000016
2490.598861,sim,0.080002,0.120002,0.120002,0.120002,0.120002,0.000023
2490.602993,sim,0.079999,0.119999,0.119999,0.119999,0.119999,-0.000015
2490.606899,sim,0.080002,0.120002,0.120002,0.120002,0.120002,0.000024
2490.610855,sim,0.079998,0.119998,0.119998,0.119998,0.119998,-0.000016
2490.614856,sim,0.080002,0.120002,0.120002,0.120002,0.120002,0.000023
2490.618900,sim,0.079999,0.119999,0.119999,0.119999,0.119999,-0.000015
2490.622901,sim,0.080002,0.120002,0.120002,0.120002,0.120002,0.000021
2490.626858,sim,0.079999,0.119999,0.119999,0.119999,0.119999,-0.000014
2490.630831,sim,0.080002,0.120002,0.120002,0.120002,0.120002,0.000023
2490.634962,sim,0.079999,0.119999,0.119999,0.119999,0.119999,-0.000015
2490.638821,sim,0.080002,0.120002,0.120002,0.120002,0.120002,0.000022
2490.642914,sim,0.079999,0.119999,0.119999,0.119999,0.119999,-0.000014
2490.646876,sim,0.080002,0.120002,0.120002,0.120002,0.120002,0.000021
2490.650830,sim,0.079999,0.119999,0.119999,0.119999,0.119999,-0.000014
2490.654907,sim,0.080002,0.120002,0.120002,0.120002,0.120002,0.000022
2490.658884,sim,0.079999,0.119998,0.119999,0.119999,0.119999,-0.000014
2490.662919,sim,0.080002,0.120002,0.120002,0.120002,0.120002,0.000021
2490.666855,sim,0.079999,0.119999,0.119999,0.119999,0.119999,-0.000014
2490.670904,sim,0.080002,0.120002,0.120002,0.120002,0.120002,0.000021
2490.674837,sim,0.079999,0.119999,0.119999,0.119999,0.119999,-0.000014
2490.678898,sim,0.080002,0.120002,0.120002,0.120002,0.120002,0.000022
2490.683153,sim,0.079998,0.119998,0.119998,0.119998,0.119998,-0.000014
2490.686973,sim,0.080002,0.120002,0.120002,0.120002,0.120002,0.000024
2490.690973,sim,0.079999,0.119999,0.119999,0.119999,0.119999,-0.000015
2490.694955,sim,0.080002,0.120002,0.120002,0.120002,0.120002,0.000023
2490.698906,sim,0.079998,0.119998,0.119998,0.119998,0.119998,-0.000015
2490.702965,sim,0.080002,0.120002,0.120002,0.120002,0.120002,0.000021
2490.706919,sim,0.079999,0.119999,0.119999,0.119999,0.119999,-0.000014
2490.710927,sim,0.080002,0.120002,0.120002,0.120002,0.120002,0.000023
2490.714891,sim,0.079998,0.119998,0.119998,0.119998,0.119998,-0.000015
2490.718827,sim,0.080002,0.120002,0.120002,0.120002,0.120002,0.000022
2490.722967,sim,0.079999,0.119999,0.119999,0.119999,0.119999,-0.000014
2490.726906,sim,0.080002,0.120002,0.120002,0.120002,0.120002,0.000022
2490.730883,sim,0.079999,0.119999,0.119999,0.119999,0.119999,-0.000014
2490.734823,sim,0.080002,0.120002,0.120002,0.120002,0.120002,0.000024
2490.738845,sim,0.079998,0.119998,0.119998,0.119998,0.119998,-0.000015
2490.742976,sim,0.080002,0.120002,0.120002,0.120002,0.120002,0.000024
2490.746875,sim,0.079999,0.119999,0.119999,0.119999,0.119999,-0.000015
2490.750930,sim,0.080002,0.120002,0.120002,0.120002,0.120002,0.000023
2490.754902,sim,0.079998,0.119998,0.119998,0.119998,0.119998,-0.000015
2490.758971,sim,0.080002,0.120002,0.120002,0.120002,0.120002,0.000022
2490.763110,sim,0.079999,0.119999,0.119999,0.119999,0.119999,-0.000014
2490.766897,sim,0.080002,0.120002,0.120002,0.120002,0.120002,0.000022
2490.770898,sim,0.079998,0.119998,0.119998,0.119998,0.119998,-0.000014
2490.774908,sim,0.080002,0.120002,0.120002,0.120002,0.120002,0.000021
2490.778890,sim,0.079999,0.119999,0.119999,0.119999,0.119999,-0.000014
2490.783111,sim,0.080002,0.120002,0.120002,0.120002,0.120002,0.000023
2490.786944,sim,0.079999,0.119999,0.119999,0.119999,0.119999,-0.000014
2490.790934,sim,0.080002,0.120002,0.120002,0.120002,0.120002,0.000021
2490.794944,sim,0.079999,0.119999,0.119999,0.119999,0.119999,-0.000013
2490.798915,sim,0.080002,0.120002,0.120002,0.120002,0.120002,0.000023
2490.803086,sim,0.079999,0.119999,0.119999,0.119999,0.119999,-0.000014
2490.806922,sim,0.080002,0.120002,0.120002,0.120002,0.120002,0.000021
2490.810838,sim,0.079999,0.119999,0.119999,0.119999,0.119999,-0.000014
2490.814941,sim,0.080002,0.120002,0.120002,0.120002,0.120002,0.000023
2490.818963,sim,0.079999,0.119999,0.119999,0.119999,0.119999,-0.000015
2490.822960,sim,0.080002,0.120002,0.120002,0.120002,0.120002,0.000022
2490.826799,sim,0.079998,0.119998,0.119998,0.119998,0.119998,-0.000014
2490.830834,sim,0.080002,0.120002,0.120002,0.120002,0.120002,0.000022
2490.834978,sim,0.079998,0.119998,0.119998,0.119998,0.119998,-0.000014
2490.838903,sim,0.080002,0.120002,0.120002,0.120002,0.120002,0.000022
2490.842900,sim,0.079998,0.119998,0.119998,0.119998,0.119998,-0.000014
2490.846810,sim,0.080002,0.120002,0.120002,0.120002,0.120002,0.000022
2490.851070,sim,0.079999,0.119999,0.119999,0.119999,0.119999,-0.000014
2490.855280,sim,0.080002,0.120002,0.120002,0.120002,0.120002,0.003224
2490.858901,sim,0.079999,0.119999,0.119999,0.119999,0.119999,0.003221
2490.862964,sim,0.080002,0.120002,0.120002,0.120002,0.120002,0.003224
2490.866874,sim,0.079999,0.119999,0.119999,0.119999,0.119999,0.003221
2490.870893,sim,0.080002,0.120002,0.120002,0.120002,0.120002,0.003224
2490.875052,sim,0.079999,0.119999,0.119999,0.119999,0.119999,0.003221
2490.878896,sim,0.080002,0.120002,0.120002,0.120002,0.120002,0.016757
2490.883237,sim,0.079999,0.119999,0.119999,0.119999,0.119999,0.016754
2490.886936,sim,0.080002,0.120002,0.120002,0.120002,0.120002,0.016757
2490.890873,sim,0.079999,0.119999,0.119999,0.119999,0.119999,0.016754
2490.894919,sim,0.080002,0.120002,0.120002,0.120002,0.120002,0.016757
2490.898869,sim,0.079999,0.119999,0.119999,0.119999,0.119999,0.033853
2490.903038,sim,0.080002,0.120002,0.120002,0.120002,0.120002,0.033856
2490.906826,sim,0.079999,0.119999,0.119999,0.119999,0.119999,0.033853
2490.910819,sim,0.080002,0.120002,0.120002,0.120002,0.120002,0.033856
2490.915165,sim,0.079999,0.119999,0.119999,0.119999,0.119999,0.033853
2490.918930,sim,0.080002,0.120002,0.120002,0.120002,0.120002,0.049749
2490.922983,sim,0.079999,0.119999,0.119999,0.119999,0.119999,0.049746
2490.926888,sim,0.080002,0.120002,0.120002,0.120002,0.120002,0.049749
2490.930895,sim,0.079999,0.119999,0.119999,0.119999,0.119999,0.049746
2490.935247,sim,0.080002,0.120002,0.120002,0.120002,0.120002,0.049749
2490.938913,sim,0.102095,0.119999,0.119999,0.119999,0.119999,0.063520
2490.943031,sim,0.102098,0.120002,0.120002,0.120002,0.120002,0.063523
2490.946918,sim,0.102095,0.119999,0.119999,0.119999,0.119999,0.063520
2490.950920,sim,0.102098,0.120002,0.120002,0.120002,0.120002,0.063523
2490.955207,sim,0.102095,0.119999,0.119999,0.119999,0.119999,0.063520
2490.958973,sim,0.137030,0.120002,0.120002,0.120002,0.120001,0.075460
2490.963077,sim,0.137028,0.119999,0.119999,0.119999,0.119999,0.075457
2490.966940,sim,0.137030,0.120001,0.120001,0.120001,0.120001,0.075460
2490.970927,sim,0.137028,0.119999,0.119999,0.119999,0.119999,0.075457
2490.974979,sim,0.137030,0.120002,0.120002,0.120002,0.120002,0.075460
2490.979192,sim,0.175625,0.119999,0.119999,0.119999,0.119999,0.084729
2490.983264,sim,0.175627,0.120001,0.120001,0.120001,0.120001,0.084731
2490.986960,sim,0.175625,0.119999,0.119999,0.119999,0.119999,0.084729
2490.990941,sim,0.175628,0.120002,0.120002,0.120002,0.120002,0.084732
2490.995136,sim,0.175625,0.119999,0.119999,0.119999,0.119999,0.084729
2490.999014,sim,0.218788,0.120002,0.120002,0.120002,0.120002,0.092767
2491.003092,sim,0.218785,0.119999,0.119999,0.119999,0.119999,0.092765
2491.006873,sim,0.218787,0.120001,0.120001,0.120001,0.120001,0.092767
2491.011018,sim,0.218785,0.119999,0.119999,0.119999,0.119999,0.092765
2491.015264,sim,0.218787,0.120001,0.120001,0.120001,0.120001,0.092767
2491.019027,sim,0.263125,0.119999,0.119999,0.119999,0.119999,0.099729
2491.022948,sim,0.263128,0.120002,0.120002,0.120002,0.120002,0.099731
2491.026926,sim,0.263125,0.119999,0.119999,0.119999,0.119999,0.099729
2491.030943,sim,0.263128,0.120001,0.120001,0.120001,0.120001,0.099731
2491.035065,sim,0.263125,0.119999,0.119999,0.119999,0.119999,0.099729
2491.038992,sim,0.309878,0.122203,0.120001,0.120001,0.145031,0.105766
2491.043147,sim,0.309876,0.122201,0.120000,0.120000,0.145030,0.105765
2491.047021,sim,0.309878,0.122203,0.120001,0.120001,0.145031,0.105766
2491.050978,sim,0.309876,0.122201,0.120000,0.120000,0.145030,0.105765
2491.054964,sim,0.309877,0.122203,0.120001,0.120001,0.145031,0.105766
2491.059052,sim,0.309876,0.122201,0.120000,0.120000,0.145030,0.105765
2491.063130,sim,0.309877,0.122203,0.120001,0.120001,0.145031,0.105766
2491.066953,sim,0.309876,0.122201,0.119999,0.119999,0.145030,0.105765
2491.070992,sim,0.309878,0.122203,0.120001,0.120001,0.145031,0.105766
2491.075029,sim,0.309876,0.122201,0.120000,0.120000,0.145030,0.105765
2491.079165,sim,0.367039,0.158616,0.120001,0.120001,0.192271,0.110997
2491.083278,sim,0.367038,0.158615,0.120000,0.120000,0.192269,0.110996
2491.086933,sim,0.367039,0.158616,0.120001,0.120001,0.192271,0.110997
2491.090968,sim,0.367038,0.158615,0.120000,0.120000,0.192269,0.110996
2491.095149,sim,0.367039,0.158616,0.120001,0.120001,0.192271,0.110997
2491.098979,sim,0.423513,0.195721,0.120000,0.140973,0.237371,0.115529
2491.103366,sim,0.423513,0.195721,0.120000,0.140974,0.237372,0.115530
2491.107106,sim,0.423513,0.195721,0.120000,0.140973,0.237372,0.115529
2491.110963,sim,0.423513,0.195721,0.120000,0.140974,0.237372,0.115530
2491.115102,sim,0.423513,0.195721,0.120000,0.140973,0.237372,0.115529
2491.119077,sim,0.480780,0.234815,0.120000,0.179045,0.287556,0.119459
2491.123174,sim,0.480780,0.234815,0.120000,0.179045,0.287556,0.119458
2491.127025,sim,0.480780,0.234815,0.120000,0.179045,0.287557,0.119459
2491.131018,sim,0.480780,0.234814,0.120000,0.179045,0.287556,0.119458
2491.134965,sim,0.480780,0.234815,0.120000,0.179045,0.287556,0.119459
2491.139119,sim,0.480780,0.234814,0.120000,0.179045,0.287556,0.119458
2491.143219,sim,0.541507,0.275631,0.132817,0.221749,0.337984,0.122864
2491.147055,sim,0.541507,0.275631,0.132817,0.221749,0.337984,0.122864
2491.150958,sim,0.541507,0.275631,0.132817,0.221749,0.337984,0.122864
2491.154985,sim,0.541507,0.275631,0.132817,0.221749,0.337984,0.122864
2491.159102,sim,0.541507,0.275631,0.132817,0.221749,0.337984,0.122864
2491.163144,sim,0.601073,0.317940,0.170589,0.268468,0.390011,0.125815
2491.167041,sim,0.601073,0.317940,0.170589,0.268468,0.390011,0.125815
2491.171040,sim,0.601073,0.317940,0.170589,0.268468,0.390011,0.125815
2491.174962,sim,0.601073,0.317940,0.170589,0.268468,0.390011,0.125815
2491.178990,sim,0.601073,0.317940,0.170589,0.268468,0.390011,0.125815
2491.183206,sim,0.658245,0.358769,0.210259,0.313120,0.443423,0.128372
2491.187031,sim,0.658245,0.358769,0.210259,0.313120,0.443423,0.128372
2491.191219,sim,0.658245,0.358769,0.210259,0.313120,0.443423,0.128372
2491.195032,sim,0.658245,0.358769,0.210259,0.313120,0.443423,0.128372
2491.198992,sim,0.658245,0.358769,0.210259,0.313120,0.443423,0.128372
2491.203207,sim,0.709180,0.401089,0.251576,0.361526,0.496648,0.130589
2491.207089,sim,0.709180,0.401089,0.251576,0.361526,0.496648,0.130589
2491.210952,sim,0.709180,0.401089,0.251576,0.361526,0.496648,0.130589
2491.215033,sim,0.709180,0.401089,0.251576,0.361526,0.496648,0.130589
2491.219390,sim,0.709180,0.401089,0.251576,0.361526,0.496648,0.130589
2491.223211,sim,0.753325,0.444702,0.294318,0.409027,0.551099,0.132510
2491.227086,sim,0.753325,0.444702,0.294318,0.409027,0.551099,0.132510
2491.230949,sim,0.753325,0.444702,0.294318,0.409027,0.551099,0.132510
2491.235096,sim,0.753325,0.444702,0.294318,0.409027,0.551099,0.132510
2491.239082,sim,0.753325,0.444702,0.294318,0.409027,0.551099,0.132510
2491.243104,sim,0.791583,0.489435,0.338297,0.457129,0.605224,0.134175
2491.247038,sim,0.791583,0.489435,0.338297,0.457129,0.605224,0.134175
2491.251170,sim,0.791583,0.489435,0.338297,0.457129,0.605224,0.134175
2491.255089,sim,0.791583,0.489435,0.338297,0.457129,0.605224,0.134175
2491.259082,sim,0.791583,0.489435,0.338297,0.457129,0.605224,0.134175
2491.263056,sim,0.824740,0.533751,0.383347,0.505753,0.659069,0.135618
2491.267124,sim,0.824740,0.533751,0.383347,0.505753,0.659069,0.135618
2491.271054,sim,0.824740,0.533751,0.383347,0.505753,0.659069,0.135618
2491.275290,sim,0.824740,0.533751,0.383347,0.505753,0.659069,0.135618
2491.279164,sim,0.824740,0.533751,0.383347,0.505753,0.659069,0.135618
2491.283557,sim,0.853477,0.576319,0.430712,0.556216,0.712668,0.136868
2491.287171,sim,0.853477,0.576319,0.430712,0.556216,0.712668,0.136868
2491.291099,sim,0.853477,0.576319,0.430712,0.556216,0.712668,0.136868
2491.294996,sim,0.853477,0.576319,0.430712,0.556216,0.712668,0.136868
2491.299222,sim,0.853477,0.576319,0.430712,0.556216,0.712668,0.136868
2491.303233,sim,0.878381,0.620147,0.478697,0.605498,0.763283,0.137952
2491.307056,sim,0.878381,0.620147,0.478697,0.605498,0.763283,0.137952
2491.311012,sim,0.878381,0.620147,0.478697,0.605498,0.763283,0.137952
2491.315058,sim,0.878381,0.620147,0.478697,0.605498,0.763283,0.137952
2491.319152,sim,0.878381,0.620147,0.478697,0.605498,0.763283,0.137952
2491.323232,sim,0.899965,0.663680,0.527219,0.656532,0.807148,0.138891
2491.327110,sim,0.899965,0.663680,0.527219,0.656532,0.807148,0.138891
2491.331159,sim,0.899965,0.663680,0.527219,0.656532,0.807148,0.138891
2491.335146,sim,0.899965,0.663680,0.527219,0.656532,0.807148,0.138891
2491.339206,sim,0.899965,0.663680,0.527219,0.656532,0.807148,0.138891
2491.343145,sim,0.918672,0.706956,0.576207,0.707696,0.845165,0.139705
2491.347158,sim,0.918672,0.706956,0.576207,0.707696,0.845165,0.139705
2491.351121,sim,0.918672,0.706956,0.576207,0.707696,0.845165,0.139705
2491.355105,sim,0.918672,0.706956,0.576207,0.707696,0.845165,0.139705
2491.359236,sim,0.918672,0.706956,0.576207,0.707696,0.845165,0.139705
2491.363431,sim,0.934884,0.751396,0.625598,0.760360,0.878113,0.140411
2491.367138,sim,0.934884,0.751396,0.625598,0.760360,0.878113,0.140411
2491.371180,sim,0.934884,0.751396,0.625598,0.760360,0.878113,0.140411
2491.375039,sim,0.934884,0.751396,0.625598,0.760360,0.878113,0.140411
2491.379589,sim,0.934884,0.751396,0.625598,0.760360,0.878113,0.140411
2491.383372,sim,0.948934,0.798234,0.675338,0.811551,0.906668,0.141022
2491.387142,sim,0.948934,0.798234,0.675338,0.811551,0.906668,0.141022
2491.391051,sim,0.948934,0.798234,0.675338,0.811551,0.906668,0.141022
2491.395085,sim,0.948934,0.798234,0.675338,0.811551,0.906668,0.141022
2491.399162,sim,0.948934,0.798234,0.675338,0.811551,0.906668,0.141022
2491.403197,sim,0.961111,0.844375,0.726769,0.860077,0.931416,0.141552
2491.407083,sim,0.961111,0.844375,0.726769,0.860077,0.931416,0.141552
2491.411085,sim,0.961111,0.844375,0.726769,0.860077,0.931416,0.141552
2491.415040,sim,0.961111,0.844375,0.726769,0.860077,0.931416,0.141552
2491.419044,sim,0.961111,0.844375,0.726769,0.860077,0.931416,0.141552
2491.423132,sim,0.971665,0.885750,0.776890,0.902133,0.952864,0.142011
2491.427082,sim,0.971665,0.885750,0.776890,0.902133,0.952864,0.142011
2491.431067,sim,0.971665,0.885750,0.776890,0.902133,0.952864,0.142011
2491.435068,sim,0.971665,0.885750,0.776890,0.902133,0.952864,0.142011
2491.439163,sim,0.971665,0.885750,0.776890,0.902133,0.952864,0.142011
2491.443186,sim,0.980811,0.921609,0.827263,0.938581,0.971452,0.142409
2491.447177,sim,0.980811,0.921609,0.827263,0.938581,0.971452,0.142409
2491.451112,sim,0.980811,0.921609,0.827263,0.938581,0.971452,0.142409
2491.455053,sim,0.980811,0.921609,0.827263,0.938581,0.971452,0.142409
2491.459149,sim,0.980811,0.921609,0.827263,0.938581,0.971452,0.142409
2491.463266,sim,0.988738,0.952687,0.876469,0.970170,0.987562,0.142754
2491.467139,sim,0.988738,0.952687,0.876469,0.970170,0.987562,0.142754
2491.471074,sim,0.988738,0.952687,0.876469,0.970170,0.987562,0.142754
2491.475109,sim,0.988738,0.952687,0.876469,0.970170,0.987562,0.142754
2491.479184,sim,0.988738,0.952687,0.876469,0.970170,0.987562,0.142754
2491.483304,sim,0.995605,0.979618,0.921885,0.997544,0.999997,0.143051
2491.487110,sim,0.995605,0.979618,0.921884,0.997544,0.999997,0.143051
2491.491150,sim,0.995606,0.979619,0.921885,0.997545,0.999998,0.143051
2491.495135,sim,0.995606,0.979619,0.921885,0.997545,0.999998,0.143051
2491.499103,sim,0.995606,0.979619,0.921885,0.997545,0.999998,0.143051
2491.503300,sim,0.995606,0.979619,0.921885,0.997545,0.999998,0.143051
2491.507273,sim,0.999998,0.999998,0.961248,0.999998,0.999998,0.143310
2491.511178,sim,0.999997,0.999997,0.961247,0.999997,0.999997,0.143310
2491.515067,sim,1.000002,1.000002,0.961252,1.000002,1.000002,0.143315
2491.519198,sim,0.999998,0.999998,0.961247,0.999998,0.999998,0.143310
2491.523288,sim,1.000000,1.000000,0.961250,1.000000,1.000000,0.143313
2491.527166,sim,0.999998,0.999998,0.995362,0.999998,0.999998,0.143535
2491.531142,sim,1.000001,1.000001,0.995365,1.000001,1.000001,0.143538
2491.535035,sim,0.999996,0.999996,0.995360,0.999996,0.999996,0.143533
2491.539159,sim,1.000001,1.000001,0.995366,1.000001,1.000001,0.143538
2491.543204,sim,0.999996,0.999996,0.995360,0.999996,0.999996,0.143533
2491.547091,sim,1.000001,1.000001,1.000001,1.000001,1.000001,0.143733
2491.551180,sim,0.999995,0.999995,0.999995,0.999995,0.999995,0.143726
2491.555138,sim,1.000001,1.000001,1.000001,1.000001,1.000001,0.143733
2491.559152,sim,0.999996,0.999996,0.999996,0.999996,0.999996,0.143727
2491.563314,sim,1.000000,1.000000,1.000000,1.000000,1.000000,0.143732
2491.567222,sim,0.999994,0.999994,0.999994,0.999994,0.999994,0.143894
2491.571227,sim,1.000001,1.000001,1.000001,1.000001,1.000001,0.143902
2491.575151,sim,0.999995,0.999995,0.999995,0.999995,0.999995,0.143895
2491.579176,sim,1.000001,1.000001,1.000001,1.000001,1.000001,0.143901
2491.583717,sim,0.999994,0.999994,0.999994,0.999994,0.999994,0.143894
2491.587301,sim,1.000001,1.000001,1.000001,1.000001,1.000001,0.144048
2491.591248,sim,0.999996,0.999996,0.999996,0.999996,0.999996,0.144042
2491.595175,sim,1.000000,1.000000,1.000000,1.000000,1.000000,0.144047
2491.599078,sim,0.999994,0.999994,0.999994,0.999994,0.999994,0.144040
2491.603408,sim,1.000002,1.000002,1.000002,1.000002,1.000002,0.144048
2491.607219,sim,0.999996,0.999996,0.999996,0.999996,0.999996,0.144169
2491.611256,sim,1.000000,1.000000,1.000000,1.000000,1.000000,0.144173
2491.615169,sim,0.999994,0.999994,0.999994,0.999994,0.999994,0.144168
2491.619280,sim,1.000002,1.000002,1.000002,1.000002,1.000002,0.144175
2491.623445,sim,0.999996,0.999996,0.999996,0.999996,0.999996,0.144169
2491.627233,sim,1.000000,1.000000,1.000000,1.000000,1.000000,0.144283
2491.631181,sim,0.999994,0.999994,0.999994,0.999994,0.999994,0.144277
2491.635177,sim,1.000002,1.000002,1.000002,1.000002,1.000002,0.144285
2491.639164,sim,0.999996,0.999996,0.999996,0.999996,0.999996,0.144278
2491.643254,sim,1.000001,1.000001,1.000001,1.000001,1.000001,0.144284
2491.647226,sim,0.999994,0.999994,0.999994,0.999994,0.999994,0.144372
2491.651211,sim,1.000001,1.000001,1.000001,1.000001,1.000001,0.144379
2491.655196,sim,0.999996,0.999996,0.999996,0.999996,0.999996,0.144374
2491.659200,sim,1.000000,1.000000,1.000000,1.000000,1.000000,0.144378
2491.663275,sim,0.999994,0.999994,0.999994,0.999994,0.999994,0.144455
2491.667182,sim,1.000002,1.000002,1.000002,1.000002,1.000002,0.144545
2491.671238,sim,0.999996,0.999996,0.999996,0.999996,0.999996,0.144622
2491.675235,sim,1.000000,1.000000,1.000000,1.000000,1.000000,0.144708
2491.679244,sim,0.999994,0.999994,0.999994,0.999994,0.999994,0.144785
2491.683440,sim,1.000001,1.000001,1.000001,1.000001,1.000001,0.144874
2491.687237,sim,0.999997,0.999997,0.999997,0.999997,0.999997,0.144952
2491.691303,sim,1.000001,1.000001,1.000001,1.000001,1.000001,0.144997
2491.695151,sim,0.999995,0.999995,0.999995,0.999995,0.999995,0.144991
2491.699327,sim,1.000001,1.000001,1.000001,1.000001,1.000001,0.144998
2491.703432,sim,0.999996,0.999996,0.999996,0.999996,0.999996,0.144992
2491.707267,sim,1.000001,1.000001,1.000001,1.000001,1.000001,0.144997
2491.711296,sim,0.999994,0.999994,0.999994,0.999994,0.999994,0.144991
2491.715237,sim,1.000001,1.000001,1.000001,1.000001,1.000001,0.144998
2491.719230,sim,0.999996,0.999996,0.999996,0.999996,0.999996,0.144992
2491.723363,sim,1.000001,1.000001,1.000001,1.000001,1.000001,0.144997
2491.727150,sim,0.999995,0.999995,0.999995,0.999995,0.999995,0.144991
2491.731218,sim,1.000001,1.000001,1.000001,1.000001,1.000001,0.144998
2491.735200,sim,0.999996,0.999996,0.999996,0.999996,0.999996,0.144992
2491.739155,sim,1.000000,1.000000,1.000000,1.000000,1.000000,0.144997
2491.743163,sim,0.999994,0.999994,0.999994,0.999994,0.999994,0.144991
2491.747192,sim,1.000001,1.000001,1.000001,1.000001,1.000001,0.144998
2491.751173,sim,0.999996,0.999996,0.999996,0.999996,0.999996,0.144992
2491.755219,sim,1.000001,1.000001,1.000001,1.000001,1.000001,0.144997
2491.759096,sim,0.999994,0.999994,0.999994,0.999994,0.999994,0.144991
2491.763332,sim,1.000002,1.000002,1.000002,1.000002,1.000002,0.144998
2491.767151,sim,0.999996,0.999996,0.999996,0.999996,0.999996,0.144992
2491.771197,sim,1.000001,1.000001,1.000001,1.000001,1.000001,0.144997
2491.775117,sim,0.999994,0.999994,0.999994,0.999994,0.999994,0.144990
2491.779233,sim,1.000002,1.000002,1.000002,1.000002,1.000002,0.144998
2491.783357,sim,0.999996,0.999996,0.999996,0.999996,0.999996,0.144992
2491.787198,sim,1.000001,1.000001,1.000001,1.000001,1.000001,0.144997
2491.791252,sim,0.999995,0.999995,0.999995,0.999995,0.999995,0.144991
2491.795284,sim,1.000001,1.000001,1.000001,1.000001,1.000001,0.144998
2491.799256,sim,0.999996,0.999995,0.999995,0.999995,0.999995,0.144992
2491.803336,sim,1.000000,1.000000,1.000000,1.000000,1.000000,0.144997
2491.807269,sim,0.999995,0.999995,0.999995,0.999995,0.999995,0.144991
2491.811288,sim,1.000002,1.000002,1.000002,1.000002,1.000002,0.144999
2491.815259,sim,0.999996,0.999996,0.999996,0.999996,0.999996,0.144992
2491.819203,sim,1.000001,1.000001,1.000001,1.000001,1.000001,0.144997
2491.823267,sim,0.999994,0.999994,0.999994,0.999994,0.999994,0.144991
2491.827253,sim,1.000002,1.000002,1.000002,1.000002,1.000002,0.144998
2491.831237,sim,0.999995,0.999995,0.999995,0.999995,0.999995,0.144992
2491.835186,sim,1.000001,1.000001,1.000001,1.000001,1.000001,0.144998
2491.839209,sim,0.999994,0.999994,0.999994,0.999994,0.999994,0.144991
2491.843346,sim,1.000001,1.000001,1.000001,1.000001,1.000001,0.144998
2491.847343,sim,0.999995,0.999995,0.999995,0.999995,0.999995,0.144992
2491.851209,sim,1.000000,1.000000,1.000000,1.000000,1.000000,0.144997
2491.855260,sim,0.999994,0.999994,0.999994,0.999994,0.999994,0.144990
2491.859247,sim,1.000002,1.000002,1.000002,1.000002,1.000002,0.144998
2491.863336,sim,0.999996,0.999996,0.999996,0.999996,0.999996,0.144992
2491.867249,sim,1.000000,1.000000,1.000000,1.000000,1.000000,0.144997
2491.871235,sim,0.999994,0.999994,0.999994,0.999994,0.999994,0.144991
2491.875196,sim,1.000002,1.000002,1.000002,1.000002,1.000002,0.144998
2491.879242,sim,0.999996,0.999996,0.999996,0.999996,0.999996,0.144992
2491.883315,sim,1.000000,1.000000,1.000000,1.000000,1.000000,0.144997
2491.887264,sim,0.999994,0.999994,0.999994,0.999994,0.999994,0.144991
2491.891275,sim,1.000002,1.000002,1.000002,1.000002,1.000002,0.144998
2491.895292,sim,0.999996,0.999996,0.999996,0.999996,0.999996,0.144992
2491.899322,sim,1.000001,1.000001,1.000001,1.000001,1.000001,0.144997
2491.903382,sim,0.999994,0.999994,0.999994,0.999994,0.999994,0.144991
2491.907222,sim,1.000001,1.000001,1.000001,1.000001,1.000001,0.144997
2491.911220,sim,0.999996,0.999996,0.999996,0.999996,0.999996,0.144993
2491.915207,sim,1.000000,1.000000,1.000000,1.000000,1.000000,0.144997
2491.919218,sim,0.999995,0.999995,0.999995,0.999995,0.999995,0.144991
2491.923347,sim,1.000001,1.000001,1.000001,1.000001,1.000001,0.144998
2491.927257,sim,0.999995,0.999995,0.999995,0.999995,0.999995,0.144992
2491.931228,sim,1.000001,1.000001,1.000001,1.000001,1.000001,0.144997
2491.935237,sim,0.999994,0.999994,0.999994,0.999994,0.999994,0.144991
2491.939218,sim,1.000002,1.000002,1.000002,1.000002,1.000002,0.144998
2491.943331,sim,0.999996,0.999996,0.999996,0.999996,0.999996,0.144992
2491.947232,sim,1.000001,1.000001,1.000001,1.000001,1.000001,0.144997
2491.951197,sim,0.999994,0.999994,0.999994,0.999994,0.999994,0.144991
2491.955315,sim,1.000001,1.000001,1.000001,1.000001,1.000001,0.144998
2491.959282,sim,0.999996,0.999995,0.999995,0.999995,0.999995,0.144992
2491.963313,sim,1.000001,1.000001,1.000001,1.000001,1.000001,0.144998
2491.967193,sim,0.999994,0.999994,0.999994,0.999994,0.999994,0.144991
2491.971227,sim,1.000002,1.000002,1.000002,1.000002,1.000002,0.144998
2491.975226,sim,0.999996,0.999996,0.999996,0.999996,0.999996,0.144992
2491.979302,sim,1.000001,1.000001,1.000001,1.000001,1.000001,0.144997
2491.983620,sim,0.999994,0.999994,0.999994,0.999994,0.999994,0.144990
2491.987293,sim,1.000001,1.000001,1.000001,1.000001,1.000001,0.144998
2491.991274,sim,0.999995,0.999995,0.999995,0.999995,0.999995,0.144992
2491.995254,sim,1.000000,1.000000,1.000000,1.000000,1.000000,0.144997
2491.999259,sim,0.999994,0.999994,0.999994,0.999994,0.999994,0.144990
2492.003318,sim,1.000001,1.000001,1.000001,1.000001,1.000001,0.144997
2492.007261,sim,0.999996,0.999996,0.999996,0.999996,0.999996,0.144993
2492.011250,sim,1.000001,1.000001,1.000001,1.000001,1.000001,0.144997
2492.015292,sim,0.999995,0.999995,0.999995,0.999995,0.999995,0.144991
2492.019242,sim,1.000001,1.000001,1.000001,1.000001,1.000001,0.144997
2492.023296,sim,0.999995,0.999995,0.999995,0.999995,0.999995,0.144992
2492.027206,sim,1.000001,1.000001,1.000001,1.000001,1.000001,0.144998
2492.031262,sim,0.999994,0.999994,0.999994,0.999994,0.999994,0.144991
2492.035285,sim,1.000002,1.000002,1.000002,1.000002,1.000002,0.144998
2492.039282,sim,0.999995,0.999995,0.999995,0.999995,0.999995,0.144992
2492.043310,sim,1.000000,1.000000,1.000000,1.000000,1.000000,0.144997
2492.047245,sim,0.999994,0.999994,0.999994,0.999994,0.999994,0.144991
2492.051466,sim,1.000002,1.000002,1.000002,1.000002,1.000002,0.144998
2492.055277,sim,0.999995,0.999995,0.999995,0.999995,0.999995,0.144991
2492.059266,sim,1.000001,1.000001,1.000001,1.000001,1.000001,0.144997
2492.063414,sim,0.999995,0.999995,0.999995,0.999995,0.999995,0.144991
2492.067328,sim,1.000002,1.000002,1.000002,1.000002,1.000002,0.144998
2492.071340,sim,0.999996,0.999996,0.999996,0.999996,0.999996,0.144992
2492.075304,sim,1.000000,1.000001,1.000000,1.000000,1.000001,0.144997
2492.079235,sim,0.999994,0.999994,0.999994,0.999994,0.999994,0.144991
2492.083489,sim,1.000002,1.000002,1.000002,1.000002,1.000002,0.144998
2492.087227,sim,0.999996,0.999996,0.999996,0.999996,0.999996,0.144992
2492.091275,sim,1.000000,1.000000,1.000000,1.000000,1.000000,0.144996
2492.095250,sim,0.999994,0.999994,0.999994,0.999994,0.999994,0.144991
2492.099330,sim,1.000002,1.000002,1.000002,1.000002,1.000002,0.144998
2492.103366,sim,0.999996,0.999996,0.999996,0.999996,0.999996,0.144992
2492.107272,sim,1.000001,1.000001,1.000001,1.000001,1.000001,0.144997
2492.111401,sim,0.999994,0.999994,0.999994,0.999994,0.999994,0.144991
2492.115284,sim,1.000001,1.000001,1.000001,1.000001,1.000001,0.144998
2492.119252,sim,0.999996,0.999996,0.999996,0.999996,0.999996,0.144993
2492.123341,sim,1.000001,1.000001,1.000001,1.000001,1.000001,0.144997
2492.127236,sim,0.999995,0.999995,0.999995,0.999995,0.999995,0.144991
2492.131305,sim,1.000001,1.000001,1.000001,1.000001,1.000001,0.144997
2492.135258,sim,0.999995,0.999995,0.999995,0.999995,0.999995,0.144992
2492.139295,sim,1.000000,1.000000,1.000000,1.000000,1.000000,0.144997
2492.143334,sim,0.999995,0.999995,0.999995,0.999995,0.999995,0.144991
2492.147311,sim,1.000002,1.000002,1.000002,1.000002,1.000002,0.144998
2492.151359,sim,0.999995,0.999995,0.999995,0.999995,0.999995,0.144992
2492.155315,sim,1.000001,1.000001,1.000001,1.000001,1.000001,0.144998
2492.159224,sim,0.999995,0.999995,0.999995,0.999995,0.999995,0.144991
2492.163456,sim,1.000001,1.000001,1.000001,1.000001,1.000001,0.144998
2492.167292,sim,0.999996,0.999996,0.999996,0.999996,0.999996,0.144992
2492.171253,sim,1.000000,1.000000,1.000000,1.000000,1.000000,0.144997
2492.175213,sim,0.999994,0.999994,0.999994,0.999994,0.999994,0.144991
2492.179343,sim,1.000001,1.000001,1.000001,1.000001,1.000001,0.144998
2492.183599,sim,0.999995,0.999995,0.999995,0.999995,0.999995,0.144992
2492.187292,sim,1.000001,1.000001,1.000001,1.000001,1.000001,0.144997
2492.191224,sim,0.999995,0.999995,0.999995,0.999995,0.999995,0.144991
2492.195318,sim,1.000001,1.000001,1.000001,1.000001,1.000001,0.144997
2492.199273,sim,0.999996,0.999996,0.999996,0.999996,0.999996,0.144993
2492.203369,sim,1.000001,1.000001,1.000001,1.000001,1.000001,0.144998
2492.207300,sim,0.999994,0.999994,0.999994,0.999994,0.999994,0.144991
2492.211285,sim,1.000002,1.000002,1.000002,1.000002,1.000002,0.144998
2492.215318,sim,0.999996,0.999996,0.999996,0.999996,0.999996,0.144992
2492.219225,sim,1.000000,1.000000,1.000000,1.000000,1.000000,0.144997
2492.223328,sim,0.999994,0.999994,0.999994,0.999994,0.999994,0.144991
2492.227366,sim,1.000002,1.000002,1.000002,1.000002,1.000002,0.144998
2492.231391,sim,0.999996,0.999996,0.999996,0.999996,0.999996,0.144992
2492.235267,sim,1.000000,1.000000,1.000000,1.000000,1.000000,0.144997
2492.239350,sim,0.999994,0.999994,0.999994,0.999994,0.999994,0.144990
2492.243422,sim,1.000001,1.000001,1.000001,1.000001,1.000001,0.144998
2492.247390,sim,0.999995,0.999995,0.999995,0.999995,0.999995,0.144992
2492.251244,sim,1.000000,1.000000,1.000000,1.000000,1.000000,0.144997
2492.255324,sim,0.999994,0.999994,0.999994,0.999994,0.999994,0.144991
2492.259304,sim,1.000001,1.000001,1.000001,1.000001,1.000001,0.144998
2492.263374,sim,0.999996,0.999996,0.999996,0.999996,0.999996,0.144992
2492.267359,sim,1.000000,1.000000,1.000000,1.000000,1.000000,0.144997
2492.271328,sim,0.999995,0.999995,0.999995,0.999995,0.999995,0.144991
2492.275322,sim,1.000001,1.000001,1.000001,1.000001,1.000001,0.144998
2492.279352,sim,0.999996,0.999996,0.999996,0.999996,0.999996,0.144992
2492.283497,sim,1.000001,1.000001,1.000001,1.000001,1.000001,0.144998
2492.287373,sim,0.999995,0.999995,0.999995,0.999995,0.999995,0.144991
2492.291444,sim,1.000001,1.000001,1.000001,1.000001,1.000001,0.144998
2492.295356,sim,0.999996,0.999996,0.999996,0.999996,0.999996,0.144992
2492.299347,sim,1.000000,1.000000,1.000000,1.000000,1.000000,0.144997
2492.303327,sim,0.999994,0.999994,0.999994,0.999994,0.999994,0.144991
2492.307335,sim,1.000001,1.000001,1.000001,1.000001,1.000001,0.144998
2492.311280,sim,0.999995,0.999995,0.999995,0.999995,0.999995,0.144992
2492.315213,sim,1.000001,1.000001,1.000001,1.000001,1.000001,0.144997
2492.319381,sim,0.999995,0.999995,0.999995,0.999995,0.999995,0.144991
2492.323358,sim,1.000001,1.000001,1.000001,1.000001,1.000001,0.144997
2492.327278,sim,0.999997,0.999997,0.999997,0.999997,0.999997,0.144993
2492.331345,sim,1.000000,1.000000,1.000000,1.000000,1.000000,0.144997
2492.335276,sim,0.999994,0.999994,0.999994,0.999994,0.999994,0.144991
2492.339327,sim,1.000001,1.000001,1.000001,1.000001,1.000001,0.144997
2492.343336,sim,0.999996,0.999996,0.999996,0.999996,0.999996,0.144992
2492.347396,sim,1.000001,1.000001,1.000001,1.000001,1.000001,0.144997
2492.351276,sim,0.999995,0.999995,0.999995,0.999995,0.999995,0.144991
2492.355411,sim,1.000001,1.000001,1.000001,1.000001,1.000001,0.144998
2492.359322,sim,0.999995,0.999995,0.999995,0.999995,0.999995,0.144992
2492.363304,sim,1.000000,1.000000,1.000000,1.000000,1.000000,0.144997
2492.367348,sim,0.999994,0.999994,0.999994,0.999994,0.999994,0.144991
2492.371360,sim,1.000002,1.000002,1.000002,1.000002,1.000002,0.144998
2492.375289,sim,0.999996,0.999996,0.999996,0.999996,0.999996,0.144992
2492.379258,sim,1.000001,1.000001,1.000001,1.000001,1.000001,0.144997
2492.383488,sim,0.999994,0.999994,0.999994,0.999994,0.999994,0.144991
2492.387387,sim,1.000001,1.000001,1.000001,1.000001,1.000001,0.144997
2492.391306,sim,0.999996,0.999996,0.999996,0.999996,0.999996,0.144992
2492.395301,sim,1.000001,1.000001,1.000001,1.000001,1.000001,0.144997
2492.399319,sim,0.999995,0.999995,0.999995,0.999995,0.999995,0.144991
2492.403472,sim,1.000002,1.000002,1.000002,1.000002,1.000002,0.144998
2492.407408,sim,0.999995,0.999995,0.999995,0.999995,0.999995,0.144992
2492.411308,sim,1.000000,1.000000,1.000000,1.000000,1.000000,0.144997
2492.415308,sim,0.999995,0.999995,0.999995,0.999995,0.999995,0.144991
2492.419450,sim,1.000002,1.000002,1.000002,1.000002,1.000002,0.144998
2492.423438,sim,0.999996,0.999996,0.999996,0.999996,0.999996,0.144992
2492.427296,sim,1.000000,1.000000,1.000000,1.000000,1.000000,0.144996
2492.431357,sim,0.999995,0.999995,0.999995,0.999995,0.999995,0.144991
2492.435373,sim,1.000002,1.000002,1.000002,1.000002,1.000002,0.144998
2492.439363,sim,0.999995,0.999995,0.999995,0.999995,0.999995,0.144992
2492.443377,sim,1.000001,1.000001,1.000001,1.000001,1.000001,0.144998
2492.447722,sim,0.999994,0.999994,0.999994,0.999994,0.999994,0.144991
2492.451440,sim,1.000002,1.000002,1.000002,1.000002,1.000002,0.144998
2492.455420,sim,0.999996,0.999996,0.999996,0.999996,0.999996,0.144992
2492.459397,sim,1.000001,1.000001,1.000001,1.000001,1.000001,0.144997
2492.463405,sim,0.999995,0.999995,0.999995,0.999995,0.999995,0.144991
2492.467367,sim,1.000001,1.000001,1.000001,1.000001,1.000001,0.144998
2492.471361,sim,0.999996,0.999996,0.999996,0.999996,0.999996,0.144992
2492.475331,sim,1.000000,1.000000,1.000000,1.000000,1.000000,0.144997
2492.479302,sim,0.999994,0.999994,0.999994,0.999994,0.999994,0.144991
2492.483680,sim,1.000001,1.000001,1.000001,1.000001,1.000001,0.144998
2492.487393,sim,0.999996,0.999996,0.999996,0.999996,0.999996,0.144993
2492.491301,sim,1.000001,1.000001,1.000001,1.000001,1.000001,0.144997
2492.495367,sim,0.999994,0.999994,0.999994,0.999994,0.999994,0.144991
2492.499398,sim,1.000002,1.000002,1.000002,1.000002,1.000002,0.144998
2492.503399,sim,0.999996,0.999996,0.999996,0.999996,0.999996,0.144992
2492.507303,sim,1.000001,1.000001,1.000001,1.000001,1.000001,0.144997
2492.511347,sim,0.999994,0.999994,0.999994,0.999994,0.999994,0.144991
2492.515296,sim,1.000001,1.000001,1.000001,1.000001,1.000001,0.144998
2492.519341,sim,0.999995,0.999995,0.999995,0.999995,0.999995,0.144991
2492.523297,sim,1.000001,1.000001,1.000001,1.000001,1.000001,0.144997
2492.527333,sim,0.999994,0.999994,0.999994,0.999994,0.999994,0.144991
2492.531322,sim,1.000002,1.000002,1.000002,1.000002,1.000002,0.144998
2492.535332,sim,0.999996,0.999996,0.999996,0.999996,0.999996,0.144993
2492.539306,sim,1.000001,1.000001,1.000001,1.000001,1.000001,0.144997
2492.543323,sim,0.999994,0.999994,0.999994,0.999994,0.999994,0.144991
2492.547329,sim,1.000002,1.000002,1.000002,1.000002,1.000002,0.144998
2492.551498,sim,0.999996,0.999996,0.999996,0.999996,0.999996,0.144992
2492.555321,sim,1.000001,1.000001,1.000001,1.000001,1.000001,0.144997
2492.559303,sim,0.999995,0.999995,0.999995,0.999995,0.999995,0.144991
2492.563441,sim,1.000001,1.000001,1.000001,1.000001,1.000001,0.144998
2492.567369,sim,0.999995,0.999995,0.999995,0.999995,0.999995,0.144992
2492.571484,sim,1.000001,1.000001,1.000001,1.000001,1.000001,0.144997
2492.575353,sim,0.999994,0.999994,0.999994,0.999994,0.999994,0.144991
2492.579431,sim,1.000002,1.000002,1.000002,1.000002,1.000002,0.144998
2492.583739,sim,0.999996,0.999996,0.999996,0.999996,0.999996,0.144992
2492.587283,sim,1.000000,1.000000,1.000000,1.000000,1.000000,0.144997
2492.591317,sim,0.999993,0.999993,0.999993,0.999993,0.999993,0.144990
2492.595393,sim,1.000002,1.000002,1.000002,1.000002,1.000002,0.144999
2492.599308,sim,0.999996,0.999996,0.999996,0.999996,0.999996,0.144993
2492.603414,sim,1.000000,1.000000,1.000000,1.000000,1.000000,0.144997
2492.607315,sim,0.999994,0.999994,0.999994,0.999994,0.999994,0.144991
2492.611491,sim,1.000001,1.000001,1.000001,1.000001,1.000001,0.144998
2492.615331,sim,0.999996,0.999996,0.999996,0.999996,0.999996,0.144992
2492.619329,sim,1.000001,1.000001,1.000001,1.000001,1.000001,0.144997
2492.623358,sim,0.999994,0.999994,0.999994,0.999994,0.999994,0.144991
2492.627288,sim,1.000002,1.000002,1.000002,1.000002,1.000002,0.144998
2492.631686,sim,0.999996,0.999996,0.999996,0.999996,0.999996,0.144992
2492.635557,sim,1.000001,1.000001,1.000001,1.000001,1.000001,0.144997
2492.639343,sim,0.999994,0.999994,0.999994,0.999994,0.999994,0.144991
2492.643432,sim,1.000002,1.000002,1.000002,1.000002,1.000002,0.144998
2492.647478,sim,0.999995,0.999995,0.999995,0.999995,0.999995,0.144992
2492.651332,sim,1.000001,1.000001,1.000001,1.000001,1.000001,0.144997
2492.655388,sim,0.999994,0.999994,0.999994,0.999994,0.999994,0.144991
2492.659423,sim,1.000001,1.000001,1.000001,1.000001,1.000001,0.144998
2492.663419,sim,0.999996,0.999995,0.999995,0.999995,0.999995,0.144992
2492.667376,sim,1.000000,1.000000,1.000000,1.000000,1.000000,0.144997
2492.671510,sim,0.999995,0.999995,0.999995,0.999995,0.999995,0.144991
2492.675319,sim,1.000002,1.000002,1.000002,1.000002,1.000002,0.144998
2492.679424,sim,0.999995,0.999995,0.999995,0.999995,0.999995,0.144992
2492.683542,sim,1.000000,1.000000,1.000000,1.000000,1.000000,0.144997
2492.687305,sim,0.999995,0.999995,0.999995,0.999995,0.999995,0.144991
2492.691347,sim,1.000001,1.000001,1.000001,1.000001,1.000001,0.144998
2492.695376,sim,0.977879,0.999995,0.999995,0.999995,0.999995,0.140696
2492.699323,sim,0.977887,1.000003,1.000003,1.000003,1.000003,0.140703
2492.703324,sim,0.977878,0.999994,0.999994,0.999994,0.999994,0.140694
2492.707327,sim,0.977887,1.000003,1.000003,1.000003,1.000003,0.140704
2492.711447,sim,0.977878,0.999995,0.999995,0.999995,0.999995,0.140695
2492.715377,sim,0.945980,1.000003,1.000003,1.000003,1.000003,0.130536
2492.719403,sim,0.945972,0.999994,0.999994,0.999994,0.999994,0.130527
2492.723451,sim,0.945980,1.000003,1.000003,1.000003,1.000003,0.130536
2492.727354,sim,0.945972,0.999994,0.999994,0.999994,0.999994,0.130527
2492.731541,sim,0.945981,1.000003,1.000003,1.000003,1.000003,0.130536
2492.735378,sim,0.909997,0.999994,0.999994,0.999994,0.999994,0.115270
2492.739382,sim,0.910006,1.000003,1.000003,1.000003,1.000003,0.115279
2492.743392,sim,0.909997,0.999994,0.999994,0.999994,0.999994,0.115271
2492.747302,sim,0.910006,1.000003,1.000003,1.000003,1.000003,0.115280
2492.751274,sim,0.909997,0.999994,0.999994,0.999994,0.999994,0.115271
2492.755323,sim,0.871895,1.000004,1.000004,1.000004,0.975983,0.099911
2492.759279,sim,0.871887,0.999997,0.999997,0.999997,0.975976,0.099903
2492.763324,sim,0.871893,1.000003,1.000003,1.000003,0.975982,0.099909
2492.767278,sim,0.871887,0.999997,0.999997,0.999997,0.975976,0.099903
2492.771415,sim,0.871893,1.000003,1.000003,1.000003,0.975982,0.099909
2492.775389,sim,0.831921,0.999997,0.999997,0.999997,0.940162,0.086582
2492.779320,sim,0.831927,1.000003,1.000003,1.000003,0.940168,0.086588
2492.783615,sim,0.831921,0.999997,0.999997,0.999997,0.940162,0.086582
2492.787345,sim,0.831927,1.000003,1.000003,1.000003,0.940168,0.086588
2492.791500,sim,0.831921,0.999997,0.999997,0.999997,0.940162,0.086582
2492.795299,sim,0.788966,0.984959,1.000001,0.985675,0.900806,0.076116
2492.799241,sim,0.788963,0.984956,0.999998,0.985672,0.900803,0.076113
2492.803457,sim,0.788966,0.984959,1.000001,0.985675,0.900806,0.076116
2492.807282,sim,0.788963,0.984956,0.999998,0.985672,0.900803,0.076113
2492.811383,sim,0.788966,0.984959,1.000001,0.985675,0.900806,0.076116
2492.815254,sim,0.788963,0.984956,0.999998,0.985672,0.900803,0.076113
2492.819375,sim,0.742025,0.950722,1.000001,0.944408,0.856985,0.067041
2492.823401,sim,0.742022,0.950719,0.999998,0.944405,0.856982,0.067038
2492.827303,sim,0.742025,0.950722,1.000001,0.944408,0.856985,0.067041
2492.831286,sim,0.742022,0.950719,0.999998,0.944405,0.856982,0.067038
2492.835347,sim,0.742025,0.950722,1.000001,0.944408,0.856985,0.067041
2492.839293,sim,0.694407,0.912727,0.960375,0.901707,0.812070,0.059175
2492.843297,sim,0.694407,0.912727,0.960375,0.901707,0.812070,0.059175
2492.847272,sim,0.694407,0.912727,0.960376,0.901707,0.812070,0.059175
2492.851434,sim,0.694407,0.912727,0.960376,0.901707,0.812070,0.059175
2492.855397,sim,0.694407,0.912727,0.960376,0.901707,0.812070,0.059175
2492.859402,sim,0.644817,0.872864,0.916933,0.857765,0.766210,0.052359
2492.863327,sim,0.644817,0.872864,0.916933,0.857765,0.766210,0.052359
2492.867316,sim,0.644817,0.872864,0.916933,0.857765,0.766210,0.052359
2492.871314,sim,0.644817,0.872864,0.916933,0.857765,0.766210,0.052359
2492.875321,sim,0.644817,0.872864,0.916933,0.857765,0.766210,0.052359
2492.879383,sim,0.594904,0.835542,0.872349,0.811360,0.716755,0.046452
2492.883729,sim,0.594904,0.835542,0.872349,0.811360,0.716755,0.046452
2492.887339,sim,0.594904,0.835542,0.872349,0.811360,0.716755,0.046452
2492.891314,sim,0.594904,0.835542,0.872349,0.811360,0.716755,0.046452
2492.895436,sim,0.544711,0.796262,0.828160,0.766982,0.668346,0.041333
2492.899648,sim,0.544711,0.796262,0.828160,0.766982,0.668346,0.041333
2492.903495,sim,0.544711,0.796262,0.828160,0.766982,0.668346,0.041333
2492.907480,sim,0.544711,0.796262,0.828160,0.766982,0.668346,0.041333
2492.911426,sim,0.544711,0.796262,0.828160,0.766982,0.668346,0.041333
2492.915364,sim,0.544711,0.796262,0.828160,0.766982,0.668346,0.041333
2492.919398,sim,0.492888,0.753896,0.781542,0.718811,0.616683,0.036896
2492.923441,sim,0.492888,0.753896,0.781542,0.718811,0.616683,0.036896
2492.927299,sim,0.492888,0.753896,0.781542,0.718811,0.616683,0.036896
2492.931421,sim,0.492888,0.753896,0.781542,0.718811,0.616683,0.036896
2492.935425,sim,0.492888,0.753896,0.781542,0.718811,0.616683,0.036896
2492.939349,sim,0.441040,0.713018,0.732817,0.671515,0.563586,0.033050
2492.943335,sim,0.441040,0.713018,0.732817,0.671515,0.563586,0.033050
2492.947367,sim,0.441040,0.713018,0.732817,0.671515,0.563586,0.033050
2492.951292,sim,0.441040,0.713018,0.732817,0.671515,0.563586,0.033050
2492.955263,sim,0.441040,0.713018,0.732817,0.671515,0.563586,0.033050
2492.959347,sim,0.387782,0.669269,0.685041,0.624977,0.510633,0.029718
2492.963436,sim,0.387782,0.669269,0.685041,0.624977,0.510633,0.029718
2492.967362,sim,0.387782,0.669269,0.685041,0.624977,0.510633,0.029718
2492.971311,sim,0.387782,0.669269,0.685041,0.624977,0.510633,0.029718
2492.975354,sim,0.387782,0.669269,0.685041,0.624977,0.510633,0.029718
2492.979492,sim,0.336078,0.627192,0.635312,0.576322,0.456419,0.026829
2492.983504,sim,0.336078,0.627192,0.635312,0.576322,0.456419,0.026829
2492.987350,sim,0.336078,0.627192,0.635312,0.576322,0.456419,0.026829
2492.991310,sim,0.336078,0.627192,0.635312,0.576322,0.456419,0.026829
2492.995395,sim,0.336078,0.627192,0.635312,0.576322,0.456419,0.026829
2492.999366,sim,0.291268,0.582403,0.583892,0.525833,0.402498,0.024326
2493.003380,sim,0.291268,0.582403,0.583892,0.525833,0.402498,0.024326
2493.007429,sim,0.291268,0.582403,0.583892,0.525833,0.402498,0.024326
2493.011446,sim,0.291268,0.582403,0.583892,0.525833,0.402498,0.024326
2493.015427,sim,0.291268,0.582403,0.583892,0.525833,0.402498,0.024326
2493.019397,sim,0.252432,0.536650,0.533780,0.475140,0.350219,0.022157
2493.023391,sim,0.252432,0.536650,0.533780,0.475140,0.350219,0.022157
2493.027338,sim,0.252432,0.536650,0.533780,0.475140,0.350219,0.022157
2493.031310,sim,0.252432,0.536650,0.533780,0.475140,0.350219,0.022157
2493.035319,sim,0.252432,0.536650,0.533780,0.475140,0.350219,0.022157
2493.039382,sim,0.218774,0.491450,0.482028,0.424271,0.304910,0.020277
2493.043450,sim,0.218774,0.491450,0.482028,0.424271,0.304910,0.020277
2493.047380,sim,0.218774,0.491450,0.482028,0.424271,0.304910,0.020277
2493.051334,sim,0.218774,0.491450,0.482028,0.424271,0.304910,0.020277
2493.055351,sim,0.218774,0.491450,0.482028,0.424271,0.304910,0.020277
2493.059367,sim,0.189605,0.448116,0.431628,0.371863,0.265642,0.018647
2493.063467,sim,0.189605,0.448116,0.431628,0.371863,0.265642,0.018647
2493.067286,sim,0.189605,0.448116,0.431628,0.371863,0.265642,0.018647
2493.071315,sim,0.189605,0.448116,0.431628,0.371863,0.265642,0.018647
2493.075678,sim,0.189605,0.448116,0.431628,0.371863,0.265642,0.018647
2493.079357,sim,0.164324,0.402237,0.379625,0.322281,0.231610,0.017235
2493.083539,sim,0.164324,0.402237,0.379625,0.322281,0.231610,0.017235
2493.087292,sim,0.164324,0.402237,0.379625,0.322281,0.231610,0.017235
2493.091438,sim,0.164324,0.402237,0.379625,0.322281,0.231610,0.017235
2493.095491,sim,0.164324,0.402237,0.379625,0.322281,0.231610,0.017235
2493.099425,sim,0.142414,0.355541,0.329009,0.279310,0.202116,0.016011
2493.103342,sim,0.142414,0.355541,0.329009,0.279310,0.202116,0.016011
2493.108072,sim,0.142414,0.355541,0.329009,0.279310,0.202116,0.016011
2493.111394,sim,0.142414,0.355541,0.329009,0.279310,0.202116,0.016011
2493.115711,sim,0.142414,0.355541,0.329009,0.279310,0.202116,0.016011
2493.119421,sim,0.123426,0.309522,0.285141,0.242069,0.176554,0.014950
2493.123465,sim,0.123426,0.309522,0.285141,0.242069,0.176554,0.014950
2493.127329,sim,0.123426,0.309522,0.285141,0.242069,0.176554,0.014950
2493.131309,sim,0.123426,0.309522,0.285141,0.242069,0.176554,0.014950
2493.135358,sim,0.123426,0.309522,0.285141,0.242069,0.176554,0.014950
2493.139361,sim,0.106969,0.268253,0.247122,0.209793,0.154401,0.014031
2493.143477,sim,0.106969,0.268253,0.247122,0.209793,0.154401,0.014031
2493.147686,sim,0.106969,0.268253,0.247122,0.209793,0.154401,0.014031
2493.151237,sim,0.106969,0.268253,0.247122,0.209793,0.154401,0.014031
2493.155496,sim,0.106969,0.268253,0.247122,0.209793,0.154401,0.014031
2493.159351,sim,0.092706,0.232486,0.214172,0.181821,0.135201,0.013234
2493.163524,sim,0.092706,0.232486,0.214172,0.181821,0.135201,0.013234
2493.167390,sim,0.092706,0.232486,0.214172,0.181821,0.135201,0.013234
2493.171428,sim,0.092706,0.232486,0.214172,0.181821,0.135201,0.013234
2493.175777,sim,0.092706,0.232486,0.214172,0.181821,0.135201,0.013234
2493.179552,sim,0.080346,0.201488,0.185616,0.157578,0.120000,0.012544
2493.183587,sim,0.080345,0.201487,0.185616,0.157578,0.120000,0.012543
2493.187313,sim,0.080346,0.201488,0.185617,0.157578,0.120000,0.012544
2493.191336,sim,0.080345,0.201487,0.185616,0.157578,0.120000,0.012543
2493.195445,sim,0.080346,0.201488,0.185617,0.157578,0.120000,0.012544
2493.199374,sim,0.080000,0.174622,0.160867,0.136567,0.120000,0.011945
2493.203437,sim,0.080001,0.174623,0.160868,0.136568,0.120001,0.011946
2493.207372,sim,0.080000,0.174622,0.160867,0.136567,0.120000,0.011945
2493.211266,sim,0.080001,0.174623,0.160868,0.136568,0.120001,0.011946
2493.215436,sim,0.080000,0.174622,0.160867,0.136567,0.120000,0.011945
2493.219443,sim,0.080001,0.151340,0.139419,0.120001,0.120001,0.011427
2493.223513,sim,0.079999,0.151339,0.139418,0.119999,0.119999,0.011426
2493.227330,sim,0.080001,0.151340,0.139419,0.120001,0.120001,0.011427
2493.231505,sim,0.079999,0.151339,0.139418,0.119999,0.119999,0.011426
2493.235479,sim,0.080001,0.151341,0.139419,0.120001,0.120001,0.011428
2493.239542,sim,0.079999,0.131160,0.120828,0.119999,0.119999,0.010976
2493.243498,sim,0.080001,0.131162,0.120830,0.120001,0.120001,0.010978
2493.247271,sim,0.079999,0.131160,0.120829,0.119999,0.119999,0.010976
2493.251418,sim,0.080001,0.131162,0.120830,0.120001,0.120001,0.010978
2493.255353,sim,0.079999,0.131160,0.120829,0.119999,0.119999,0.010976
2493.259312,sim,0.080001,0.120001,0.120001,0.120001,0.120001,0.010588
2493.263399,sim,0.079999,0.119999,0.119999,0.119999,0.119999,0.010587
2493.267381,sim,0.080002,0.120002,0.120002,0.120002,0.120002,0.010589
2493.271303,sim,0.079999,0.119999,0.119999,0.119999,0.119999,0.010586
2493.275287,sim,0.080002,0.120002,0.120002,0.120002,0.120002,0.010589
2493.279347,sim,0.079999,0.119999,0.119999,0.119999,0.119999,0.010586
2493.283614,sim,0.080002,0.120002,0.120002,0.120002,0.120002,0.010252
2493.287381,sim,0.079999,0.119999,0.119999,0.119999,0.119999,0.010248
2493.291313,sim,0.080002,0.120002,0.120002,0.120002,0.120002,0.010252
2493.296527,sim,0.079999,0.119999,0.119999,0.119999,0.119999,0.010249
2493.299478,sim,0.080002,0.120002,0.120002,0.120002,0.120002,0.010252
2493.303548,sim,0.079999,0.119999,0.119999,0.119999,0.119999,0.009956
2493.307255,sim,0.080002,0.120002,0.120002,0.120002,0.120002,0.009959
2493.311361,sim,0.079999,0.119999,0.119999,0.119999,0.119999,0.009956
2493.315269,sim,0.080002,0.120002,0.120002,0.120002,0.120002,0.009959
2493.319379,sim,0.079999,0.119999,0.119999,0.119999,0.119999,0.009956
2493.323480,sim,0.080002,0.120002,0.120002,0.120002,0.120002,0.009706
2493.327333,sim,0.079999,0.119999,0.119999,0.119999,0.119999,0.009702
2493.331291,sim,0.080002,0.120002,0.120002,0.120002,0.120002,0.009706
2493.335339,sim,0.079999,0.119999,0.119999,0.119999,0.119999,0.009702
2493.339395,sim,0.080002,0.120002,0.120002,0.120002,0.120002,0.009706
2493.343404,sim,0.079999,0.119999,0.119999,0.119999,0.119999,0.009482
2493.347383,sim,0.080002,0.120002,0.120002,0.120002,0.120002,0.009486
2493.351403,sim,0.079999,0.119999,0.119999,0.119999,0.119999,0.009482
2493.355457,sim,0.080002,0.120002,0.120002,0.120002,0.120002,0.009295
2493.359359,sim,0.079999,0.119999,0.119999,0.119999,0.119999,0.009102
2493.363564,sim,0.080002,0.120002,0.120002,0.120002,0.120002,0.008914
2493.367387,sim,0.079999,0.119999,0.119999,0.119999,0.119999,0.008721
2493.371438,sim,0.080002,0.120002,0.120002,0.120002,0.120002,0.008533
2493.375346,sim,0.079999,0.119999,0.119999,0.119999,0.119999,0.008340
2493.379440,sim,0.080002,0.120002,0.120002,0.120002,0.120002,0.008152
2493.383593,sim,0.079999,0.119999,0.119999,0.119999,0.119999,0.008054
2493.387349,sim,0.080002,0.120002,0.120002,0.120002,0.120002,0.008057
2493.391452,sim,0.079999,0.119999,0.119999,0.119999,0.119999,0.008054
2493.395396,sim,0.080002,0.120002,0.120002,0.120002,0.120002,0.008057
2493.399459,sim,0.079999,0.119999,0.119999,0.119999,0.119999,0.008054
2493.403519,sim,0.080002,0.120002,0.120002,0.120002,0.120002,0.008057
2493.407411,sim,0.079999,0.119999,0.119999,0.119999,0.119999,0.008054
2493.411619,sim,0.080002,0.120002,0.120002,0.120002,0.120002,0.008057
2493.415470,sim,0.079999,0.119999,0.119999,0.119999,0.119999,0.008054
2493.419433,sim,0.080002,0.120002,0.120002,0.120002,0.120002,0.008057
2493.428678,sim,0.079999,0.119999,0.119999,0.119999,0.119999,0.008054
2493.429050,sim,0.080002,0.120002,0.120002,0.120002,0.120002,0.008057
2493.431550,sim,0.079999,0.119999,0.119999,0.119999,0.119999,0.008054
2493.435575,sim,0.080002,0.120002,0.120002,0.120002,0.120002,0.008057
2493.439459,sim,0.079999,0.119999,0.119999,0.119999,0.119999,0.008054
2493.443679,sim,0.080002,0.120002,0.120002,0.120002,0.120002,0.008057
2493.447507,sim,0.079999,0.119999,0.119999,0.119999,0.119999,0.008054
2493.451512,sim,0.080002,0.120002,0.120002,0.120002,0.120002,0.008057
2493.455451,sim,0.079999,0.119999,0.119999,0.119999,0.119999,0.008054
2493.459664,sim,0.080002,0.120002,0.120002,0.120002,0.120002,0.008057
2493.463744,sim,0.079999,0.119999,0.119999,0.119999,0.119999,0.008054
2493.467579,sim,0.080002,0.120002,0.120002,0.120002,0.120002,0.008057
2493.471515,sim,0.079999,0.119999,0.119999,0.119999,0.119999,0.008054
2493.475636,sim,0.080002,0.120002,0.120002,0.120002,0.120002,0.008057
2493.479533,sim,0.079999,0.119999,0.119999,0.119999,0.119999,0.008054
2493.483862,sim,0.080002,0.120002,0.120002,0.120002,0.120002,0.008057
2493.487697,sim,0.079999,0.119999,0.119999,0.119999,0.119999,0.008054
2493.491610,sim,0.080002,0.120002,0.120002,0.120002,0.120002,0.008057
2493.495532,sim,0.079999,0.119999,0.119999,0.119999,0.119999,0.008054
2493.499560,sim,0.080002,0.120002,0.120002,0.120002,0.120002,0.008057
2493.503648,sim,0.079999,0.119999,0.119999,0.119999,0.119999,0.008054
2493.507730,sim,0.080002,0.120002,0.120002,0.120002,0.120002,0.008057
2493.511590,sim,0.079999,0.119999,0.119999,0.119999,0.119999,0.008054
2493.515983,sim,0.080002,0.120002,0.120002,0.120002,0.120002,0.008057
2493.519544,sim,0.079999,0.119999,0.119999,0.119999,0.119999,0.008054
2493.523732,sim,0.080002,0.120002,0.120002,0.120002,0.120002,0.008057
2493.527557,sim,0.079999,0.119999,0.119999,0.119999,0.119999,0.008054
2493.531509,sim,0.080002,0.120002,0.120002,0.120002,0.120002,0.008057
2493.535601,sim,0.079999,0.119999,0.119999,0.119999,0.119999,0.008054
2493.539610,sim,0.080002,0.120002,0.120002,0.120002,0.120002,0.008057
2493.543726,sim,0.079999,0.119999,0.119999,0.119999,0.119999,0.008054
2493.547638,sim,0.080002,0.120002,0.120002,0.120002,0.120002,0.008057
2493.551602,sim,0.079999,0.119999,0.119999,0.119999,0.119999,0.008054
2493.555611,sim,0.080002,0.120002,0.120002,0.120002,0.120002,0.008057
2493.559560,sim,0.079999,0.119999,0.119999,0.119999,0.119999,0.008054
2493.563586,sim,0.080002,0.120002,0.120002,0.120002,0.120002,0.008057
2493.567539,sim,0.079999,0.119999,0.119999,0.119999,0.119999,0.008054
2493.571613,sim,0.080002,0.120002,0.120002,0.120002,0.120002,0.008057
2493.575561,sim,0.079999,0.119999,0.119999,0.119999,0.119999,0.008054
2493.579587,sim,0.080002,0.120002,0.120002,0.120002,0.120002,0.008057
2493.583952,sim,0.079999,0.119999,0.119999,0.119999,0.119999,0.008054
2493.587657,sim,0.080002,0.120002,0.120002,0.120002,0.120002,0.008057
2493.591637,sim,0.079999,0.119999,0.119999,0.119999,0.119999,0.008054
2493.595589,sim,0.080002,0.120002,0.120002,0.120002,0.120002,0.008057
2493.599580,sim,0.079999,0.119999,0.119999,0.119999,0.119999,0.008054
2493.603699,sim,0.080002,0.120002,0.120002,0.120002,0.120002,0.008057
2493.607607,sim,0.079999,0.119999,0.119999,0.119999,0.119999,0.008054
2493.611592,sim,0.080002,0.120002,0.120002,0.120002,0.120002,0.008057
2493.615655,sim,0.079999,0.119999,0.119999,0.119999,0.119999,0.008054
2493.619617,sim,0.080002,0.120002,0.120002,0.120002,0.120002,0.008057
2493.623681,sim,0.079999,0.119999,0.119999,0.119999,0.119999,0.008054
2493.627580,sim,0.080002,0.120002,0.120002,0.120002,0.120002,0.008057
2493.631748,sim,0.079999,0.119999,0.119999,0.119999,0.119999,0.008054
2493.635681,sim,0.080002,0.120002,0.120002,0.120002,0.120002,0.008057
2493.639613,sim,0.079999,0.119999,0.119999,0.119999,0.119999,0.008054
2493.643679,sim,0.080002,0.120002,0.120002,0.120002,0.120002,0.008057
2493.647618,sim,0.079999,0.119999,0.119999,0.119999,0.119999,0.008054
2493.651715,sim,0.080002,0.120002,0.120002,0.120002,0.120002,0.008057
2493.655649,sim,0.079999,0.119999,0.119999,0.119999,0.119999,0.008054
2493.659607,sim,0.080002,0.120002,0.120002,0.120002,0.120002,0.008057
2493.663729,sim,0.079999,0.119999,0.119999,0.119999,0.119999,0.008054
2493.667790,sim,0.080002,0.120002,0.120002,0.120002,0.120002,0.008057
2493.671676,sim,0.079999,0.119999,0.119999,0.119999,0.119999,0.008054
2493.675564,sim,0.080002,0.120002,0.120002,0.120002,0.120002,0.008057
2493.679999,sim,0.079999,0.119999,0.119999,0.119999,0.119999,0.008054
2493.684064,sim,0.080002,0.120002,0.120002,0.120002,0.120002,0.008057
2493.687722,sim,0.079999,0.119999,0.119999,0.119999,0.119999,0.008054
2493.691651,sim,0.080002,0.120002,0.120002,0.120002,0.120002,0.008057
2473.487114,real,0.010403,0.000000,0.000000,0.000000,0.000000,0.008055
2473.586952,real,0.010403,0.000000,0.000000,0.000000,0.000000,0.008055
2473.686626,real,0.010403,0.000000,0.000000,0.000000,0.000000,0.008055
2473.695487,real,0.010403,0.000000,0.000000,0.000000,0.000000,0.008055
2473.700619,real,0.010403,0.000000,0.000000,0.000000,0.000000,0.008055
2473.705561,real,0.010403,0.000000,0.000000,0.000000,0.000000,0.008055
2473.710537,real,0.010403,0.000000,0.000000,0.000000,0.000000,0.008055
2473.715529,real,0.010403,0.000000,0.000000,0.000000,0.000000,0.008055
2473.720488,real,0.020805,0.000000,0.000000,0.000000,0.000000,0.024166
2473.725507,real,0.031208,0.000000,0.000000,0.000000,0.000000,0.040277
2473.730530,real,0.031208,0.000000,0.000000,0.000000,0.000000,0.048332
2473.735511,real,0.072818,0.000000,0.000000,0.000000,0.000000,0.056388
2473.740638,real,0.083221,0.000000,0.000000,0.000000,0.000000,0.080554
2473.745579,real,0.114429,0.000000,0.000000,0.000000,0.000000,0.096664
2473.751000,real,0.124831,0.000000,0.000000,0.000000,0.000000,0.112775
2473.755483,real,0.135234,0.000000,0.000000,0.000000,0.000000,0.128886
2473.760600,real,0.156039,0.000000,0.000000,0.000000,0.000000,0.136941
2473.765709,real,0.166442,0.000000,0.000000,0.000000,0.000000,0.161107
2473.770709,real,0.187247,0.000000,0.000000,0.000000,0.000000,0.169163
2473.775449,real,0.197650,0.000000,0.000000,0.000000,0.000000,0.169163
2473.780607,real,0.208052,0.000000,0.000000,0.000000,0.000000,0.169163
2473.786177,real,0.208052,0.000000,0.000000,0.000000,0.010403,0.169163
2473.786519,real,0.208052,0.000000,0.000000,0.000000,0.010403,0.169163
2473.791040,real,0.228858,0.020805,0.000000,0.000000,0.010403,0.185273
2473.795889,real,0.249663,0.031208,0.000000,0.000000,0.010403,0.185273
2473.800787,real,0.270468,0.041610,0.000000,0.000000,0.041610,0.185273
2473.805710,real,0.280871,0.062416,0.000000,0.000000,0.041610,0.185273
2473.811249,real,0.301676,0.072818,0.000000,0.000000,0.062416,0.185273
2473.815805,real,0.312079,0.072818,0.000000,0.000000,0.083221,0.185273
2473.820701,real,0.322481,0.114429,0.000000,0.000000,0.093624,0.185273
2473.825765,real,0.343287,0.124831,0.000000,0.000000,0.114429,0.185273
2473.831050,real,0.353689,0.145637,0.000000,0.010403,0.124831,0.185273
2473.835679,real,0.384897,0.156039,0.000000,0.010403,0.145637,0.185273
2473.840754,real,0.395300,0.156039,0.000000,0.020805,0.156039,0.177218
2473.845645,real,0.405702,0.187247,0.000000,0.052013,0.156039,0.177218
2473.850694,real,0.426508,0.197650,0.000000,0.062416,0.197650,0.177218
2473.855691,real,0.436910,0.208052,0.000000,0.072818,0.208052,0.177218
2473.860761,real,0.447313,0.228858,0.000000,0.093624,0.218455,0.177218
2473.865902,real,0.468118,0.239260,0.000000,0.104026,0.239260,0.177218
2473.870826,real,0.478521,0.260066,0.000000,0.124831,0.249663,0.177218
2473.875550,real,0.499326,0.270468,0.000000,0.135234,0.260066,0.177218
2473.880670,real,0.509729,0.280871,0.000000,0.145637,0.270468,0.177218
2473.885891,real,0.540936,0.301676,0.000000,0.145637,0.270468,0.177218
2473.886369,real,0.540936,0.301676,0.000000,0.145637,0.270468,0.177218
2473.891024,real,0.551339,0.312079,0.031208,0.166442,0.301676,0.177218
2473.895620,real,0.561742,0.312079,0.041610,0.187247,0.312079,0.177218
2473.900334,real,0.582547,0.332884,0.052013,0.187247,0.332884,0.177218
2473.905542,real,0.592950,0.343287,0.062416,0.187247,0.353689,0.177218
2473.910672,real,0.603352,0.374494,0.083221,0.218455,0.364092,0.177218
2473.915718,real,0.624157,0.384897,0.083221,0.228858,0.384897,0.177218
2473.920567,real,0.634560,0.395300,0.104026,0.239260,0.384897,0.177218
2473.925645,real,0.644963,0.416105,0.114429,0.249663,0.384897,0.177218
2473.930453,real,0.665768,0.426508,0.135234,0.270468,0.426508,0.177218
2473.935306,real,0.676171,0.447313,0.135234,0.291273,0.436910,0.177218
2473.940674,real,0.707378,0.457715,0.156039,0.301676,0.447313,0.177218
2473.945550,real,0.717781,0.468118,0.166442,0.312079,0.468118,0.177218
2473.950333,real,0.728184,0.488923,0.176845,0.332884,0.468118,0.177218
2473.955399,real,0.748989,0.499326,0.197650,0.332884,0.499326,0.177218
2473.960394,real,0.748989,0.520131,0.208052,0.353689,0.509729,0.177218
2473.965199,real,0.780197,0.530534,0.218455,0.364092,0.520131,0.177218
2473.970344,real,0.790599,0.540936,0.239260,0.374494,0.540936,0.177218
2473.975451,real,0.801002,0.561742,0.249663,0.384897,0.551339,0.177218
2473.980386,real,0.821807,0.572144,0.249663,0.384897,0.572144,0.177218
2473.985448,real,0.832210,0.582547,0.270468,0.405702,0.582547,0.177218
2473.990515,real,0.842613,0.603352,0.280871,0.436910,0.592950,0.177218
2473.995227,real,0.863418,0.613755,0.301676,0.447313,0.592950,0.177218
2474.000386,real,0.873820,0.634560,0.312079,0.457715,0.613755,0.177218
2474.005427,real,0.894626,0.644963,0.322481,0.468118,0.624157,0.177218
2474.010326,real,0.905028,0.655365,0.343287,0.468118,0.644963,0.177218
2474.015149,real,0.915431,0.676171,0.353689,0.499326,0.655365,0.177218
2474.020284,real,0.946639,0.686573,0.374494,0.509729,0.665768,0.177218
2474.025183,real,0.957041,0.696976,0.384897,0.530534,0.686573,0.177218
2474.030184,real,0.977847,0.696976,0.395300,0.540936,0.696976,0.177218
2474.035176,real,0.988249,0.728184,0.416105,0.551339,0.728184,0.177218
2474.040428,real,0.998652,0.748989,0.426508,0.572144,0.738586,0.177218
2474.045021,real,1.019457,0.759392,0.447313,0.582547,0.748989,0.177218
2474.050075,real,1.019457,0.759392,0.447313,0.592950,0.748989,0.177218
2474.055542,real,1.019457,0.790599,0.447313,0.603352,0.769794,0.177218
2474.060178,real,1.029860,0.790599,0.478521,0.603352,0.790599,0.177218
2474.065216,real,1.029860,0.821807,0.488923,0.634560,0.801002,0.177218
2474.070441,real,1.029860,0.821807,0.488923,0.644963,0.811405,0.177218
2474.075187,real,1.029860,0.832210,0.520131,0.655365,0.821807,0.177218
2474.080060,real,1.029860,0.842613,0.520131,0.676171,0.842613,0.177218
2474.085534,real,1.029860,0.863418,0.540936,0.686573,0.863418,0.177218
2474.085865,real,1.029860,0.863418,0.540936,0.686573,0.863418,0.177218
2474.090222,real,1.029860,0.884223,0.540936,0.686573,0.873820,0.177218
2474.095336,real,1.029860,0.894626,0.561742,0.707378,0.873820,0.177218
2474.100436,real,1.029860,0.905028,0.582547,0.717781,0.905028,0.177218
2474.105115,real,1.029860,0.925834,0.592950,0.738586,0.915431,0.177218
2474.109981,real,1.029860,0.936236,0.603352,0.748989,0.936236,0.177218
2474.115328,real,1.029860,0.946639,0.624157,0.748989,0.946639,0.177218
2474.120401,real,1.029860,0.967444,0.634560,0.769794,0.946639,0.177218
2474.124893,real,1.029860,0.977847,0.644963,0.780197,0.967444,0.177218
2474.129919,real,1.029860,0.998652,0.655365,0.811405,0.977847,0.177218
2474.135198,real,1.029860,1.009055,0.655365,0.811405,0.988249,0.177218
2474.140118,real,1.029860,1.009055,0.686573,0.811405,1.019457,0.177218
2474.145044,real,1.029860,1.040262,0.696976,0.842613,1.029860,0.177218
2474.150026,real,1.029860,1.050665,0.707378,0.842613,1.029860,0.177218
2474.155310,real,1.029860,1.071470,0.728184,0.863418,1.029860,0.177218
2474.160046,real,1.029860,1.081873,0.738586,0.884223,1.061068,0.177218
2474.164933,real,1.029860,1.092276,0.748989,0.894626,1.081873,0.177218
2474.170145,real,1.029860,1.113081,0.759392,0.905028,1.081873,0.177218
2474.175162,real,1.029860,1.123483,0.780197,0.905028,1.081873,0.177218
2474.180167,real,1.029860,1.133886,0.790599,0.925834,1.081873,0.177218
2474.185306,real,1.029860,1.154691,0.801002,0.946639,1.081873,0.177218
2474.185674,real,1.029860,1.154691,0.811405,0.946639,1.081873,0.177218
2474.190222,real,1.029860,1.154691,0.821807,0.957041,1.081873,0.177218
2474.195307,real,1.029860,1.175497,0.832210,0.977847,1.081873,0.177218
2474.199854,real,1.029860,1.175497,0.842613,0.988249,1.081873,0.177218
2474.204675,real,1.029860,1.175497,0.853015,0.998652,1.081873,0.177218
2474.209892,real,1.029860,1.175497,0.873820,1.019457,1.081873,0.177218
2474.215131,real,1.029860,1.175497,0.884223,1.029860,1.081873,0.177218
2474.219850,real,1.029860,1.175497,0.894626,1.040262,1.081873,0.177218
2474.224664,real,1.029860,1.175497,0.905028,1.061068,1.081873,0.177218
2474.229837,real,1.029860,1.175497,0.925834,1.071470,1.081873,0.177218
2474.235091,real,1.029860,1.175497,0.936236,1.081873,1.081873,0.177218
2474.239945,real,1.029860,1.175497,0.957041,1.081873,1.081873,0.177218
2474.244891,real,1.029860,1.175497,0.957041,1.113081,1.081873,0.177218
2474.249691,real,1.029860,1.175497,0.957041,1.133886,1.081873,0.177218
2474.254749,real,1.029860,1.175497,0.988249,1.144289,1.081873,0.177218
2474.260171,real,1.029860,1.175497,0.998652,1.154691,1.081873,0.177218
2474.264659,real,1.029860,1.175497,1.009055,1.154691,1.081873,0.177218
2474.269672,real,1.029860,1.175497,1.029860,1.165094,1.081873,0.177218
2474.274753,real,1.029860,1.175497,1.040262,1.165094,1.081873,0.177218
2474.279734,real,1.029860,1.175497,1.061068,1.165094,1.081873,0.177218
2474.284983,real,1.029860,1.175497,1.071470,1.165094,1.081873,0.177218
2474.287448,real,1.029860,1.175497,1.071470,1.165094,1.081873,0.177218
2474.289629,real,1.029860,1.175497,1.081873,1.165094,1.081873,0.177218
2474.295030,real,1.029860,1.175497,1.092276,1.165094,1.081873,0.177218
2474.299783,real,1.029860,1.175497,1.092276,1.165094,1.081873,0.177218
2474.304535,real,1.029860,1.175497,1.123483,1.165094,1.081873,0.177218
2474.309674,real,1.029860,1.175497,1.133886,1.165094,1.081873,0.177218
2474.315105,real,1.029860,1.175497,1.144289,1.165094,1.081873,0.177218
2474.319692,real,1.029860,1.175497,1.165094,1.165094,1.081873,0.177218
2474.324637,real,1.029860,1.175497,1.175497,1.165094,1.081873,0.177218
2474.329573,real,1.029860,1.175497,1.185899,1.165094,1.081873,0.177218
2474.334719,real,1.029860,1.175497,1.206704,1.165094,1.081873,0.177218
2474.340028,real,1.029860,1.175497,1.206704,1.165094,1.081873,0.177218
2474.344836,real,1.029860,1.175497,1.206704,1.165094,1.081873,0.177218
2474.349559,real,1.029860,1.175497,1.206704,1.165094,1.081873,0.177218
2474.354827,real,1.029860,1.175497,1.206704,1.165094,1.081873,0.177218
2474.359974,real,1.029860,1.175497,1.206704,1.165094,1.081873,0.177218
2474.364547,real,1.029860,1.175497,1.206704,1.165094,1.081873,0.177218
2474.369583,real,1.029860,1.175497,1.206704,1.165094,1.081873,0.177218
2474.374694,real,1.029860,1.175497,1.206704,1.165094,1.081873,0.177218
2474.379647,real,1.029860,1.175497,1.206704,1.165094,1.081873,0.177218
2474.384701,real,1.029860,1.175497,1.206704,1.165094,1.081873,0.177218
2474.385108,real,1.029860,1.175497,1.206704,1.165094,1.081873,0.177218
2474.389259,real,1.029860,1.175497,1.206704,1.165094,1.081873,0.177218
2474.394360,real,1.029860,1.175497,1.206704,1.165094,1.081873,0.177218
2474.399419,real,1.029860,1.175497,1.206704,1.165094,1.081873,0.177218
2474.404178,real,1.029860,1.175497,1.206704,1.165094,1.081873,0.177218
2474.409124,real,1.029860,1.175497,1.217107,1.165094,1.081873,0.177218
2474.414080,real,1.029860,1.175497,1.217107,1.165094,1.081873,0.177218
2474.419655,real,1.029860,1.175497,1.217107,1.165094,1.081873,0.177218
2474.424218,real,1.029860,1.175497,1.217107,1.165094,1.081873,0.177218
2474.429053,real,1.029860,1.175497,1.217107,1.165094,1.081873,0.177218
2474.434330,real,1.029860,1.175497,1.217107,1.165094,1.081873,0.177218
2474.439405,real,1.029860,1.175497,1.217107,1.165094,1.081873,0.177218
2474.443950,real,1.029860,1.175497,1.217107,1.165094,1.081873,0.177218
2474.448963,real,1.029860,1.175497,1.217107,1.165094,1.081873,0.177218
2474.454514,real,1.029860,1.175497,1.217107,1.165094,1.081873,0.177218
2474.459264,real,1.029860,1.175497,1.217107,1.165094,1.081873,0.177218
2474.463964,real,1.029860,1.175497,1.217107,1.165094,1.081873,0.177218
2474.469066,real,1.029860,1.175497,1.217107,1.165094,1.081873,0.177218
2474.474036,real,1.029860,1.175497,1.217107,1.165094,1.081873,0.177218
2474.478866,real,1.029860,1.175497,1.217107,1.165094,1.081873,0.177218
2474.484780,real,1.029860,1.175497,1.217107,1.165094,1.081873,0.177218
2474.488823,real,1.029860,1.175497,1.217107,1.165094,1.081873,0.177218
2474.493772,real,1.029860,1.175497,1.217107,1.165094,1.081873,0.177218
2474.498896,real,1.029860,1.175497,1.217107,1.165094,1.081873,0.177218
2474.504009,real,1.029860,1.175497,1.217107,1.165094,1.081873,0.177218
2474.508682,real,1.029860,1.175497,1.217107,1.165094,1.081873,0.177218
2474.513776,real,1.029860,1.175497,1.217107,1.165094,1.081873,0.177218
2474.518937,real,1.029860,1.175497,1.217107,1.165094,1.081873,0.177218
2474.523740,real,1.029860,1.175497,1.217107,1.165094,1.081873,0.177218
2474.528658,real,1.029860,1.175497,1.217107,1.165094,1.081873,0.177218
2474.533762,real,1.029860,1.175497,1.217107,1.165094,1.081873,0.177218
2474.538894,real,1.029860,1.175497,1.217107,1.165094,1.081873,0.177218
2474.543742,real,1.029860,1.175497,1.217107,1.165094,1.081873,0.177218
2474.548678,real,1.029860,1.175497,1.217107,1.165094,1.081873,0.177218
2474.584919,real,1.029860,1.175497,1.217107,1.165094,1.081873,0.177218
2474.684494,real,1.029860,1.175497,1.217107,1.165094,1.081873,0.177218
2474.768700,real,1.029860,1.175497,1.217107,1.165094,1.081873,0.177218
2474.773801,real,1.029860,1.175497,1.217107,1.165094,1.081873,0.177218
2474.778809,real,1.029860,1.175497,1.217107,1.165094,1.081873,0.177218
2474.784094,real,1.029860,1.175497,1.217107,1.165094,1.081873,0.177218
2474.784314,real,1.029860,1.175497,1.217107,1.165094,1.081873,0.177218
2474.788786,real,1.029860,1.175497,1.217107,1.165094,1.081873,0.177218
2474.793796,real,1.029860,1.175497,1.217107,1.165094,1.081873,0.177218
2474.798483,real,1.029860,1.175497,1.217107,1.165094,1.081873,0.177218
2474.803712,real,1.009055,1.175497,1.217107,1.165094,1.081873,0.177218
2474.808601,real,0.998652,1.154691,1.217107,1.154691,1.081873,0.177218
2474.813599,real,0.977847,1.144289,1.196302,1.154691,1.081873,0.177218
2474.818529,real,0.967444,1.123483,1.196302,1.123483,1.081873,0.177218
2474.823621,real,0.946639,1.113081,1.196302,1.113081,1.061068,0.177218
2474.828401,real,0.925834,1.102678,1.165094,1.092276,1.050665,0.177218
2474.833500,real,0.915431,1.081873,1.154691,1.071470,1.050665,0.177218
2474.838972,real,0.884223,1.071470,1.133886,1.061068,1.019457,0.177218
2474.843779,real,0.873820,1.050665,1.123483,1.040262,1.009055,0.177218
2474.848487,real,0.853015,1.040262,1.113081,1.029860,0.998652,0.177218
2474.853663,real,0.842613,1.019457,1.102678,1.019457,0.967444,0.177218
2474.858651,real,0.832210,0.998652,1.102678,0.998652,0.957041,0.177218
2474.863485,real,0.811405,0.988249,1.071470,0.998652,0.936236,0.177218
2474.868536,real,0.801002,0.977847,1.061068,0.998652,0.925834,0.153052
2474.873397,real,0.801002,0.957041,1.050665,0.967444,0.925834,0.144997
2474.878455,real,0.780197,0.946639,1.029860,0.957041,0.894626,0.128886
2474.883890,real,0.769794,0.925834,1.019457,0.936236,0.884223,0.112775
2474.884190,real,0.769794,0.925834,1.019457,0.936236,0.884223,0.112775
2474.888389,real,0.748989,0.905028,0.998652,0.925834,0.873820,0.104720
2474.893264,real,0.738586,0.894626,0.988249,0.915431,0.853015,0.080554
2474.898425,real,0.728184,0.873820,0.977847,0.894626,0.842613,0.064443
2474.903595,real,0.707378,0.863418,0.967444,0.884223,0.821807,0.056388
2474.908369,real,0.696976,0.842613,0.967444,0.884223,0.811405,0.032221
2474.913295,real,0.676171,0.832210,0.946639,0.863418,0.801002,0.016111
2474.918650,real,0.665768,0.821807,0.925834,0.853015,0.780197,0.008055
2474.923466,real,0.655365,0.790599,0.915431,0.832210,0.769794,0.008055
2474.928305,real,0.634560,0.780197,0.905028,0.821807,0.748989,0.008055
2474.933600,real,0.624157,0.769794,0.905028,0.821807,0.738586,0.000000
2474.938649,real,0.624157,0.748989,0.884223,0.790599,0.728184,0.000000
2474.943480,real,0.592950,0.738586,0.863418,0.780197,0.707378,0.000000
2474.948458,real,0.582547,0.717781,0.853015,0.769794,0.696976,0.000000
2474.953776,real,0.561742,0.707378,0.853015,0.748989,0.686573,0.000000
2474.958282,real,0.551339,0.696976,0.821807,0.738586,0.665768,0.000000
2474.963731,real,0.540936,0.665768,0.811405,0.717781,0.655365,0.000000
2474.968529,real,0.520131,0.655365,0.790599,0.717781,0.634560,0.000000
2474.973362,real,0.509729,0.634560,0.780197,0.696976,0.624157,0.000000
2474.978651,real,0.488923,0.624157,0.769794,0.686573,0.613755,0.000000
2474.983783,real,0.478521,0.613755,0.748989,0.686573,0.592950,0.000000
2474.988289,real,0.468118,0.592950,0.748989,0.655365,0.582547,0.000000
2474.993084,real,0.447313,0.572144,0.717781,0.644963,0.561742,0.000000
2474.998216,real,0.436910,0.561742,0.707378,0.644963,0.551339,0.000000
2475.003310,real,0.426508,0.540936,0.707378,0.624157,0.540936,0.000000
2475.008221,real,0.405702,0.530534,0.707378,0.613755,0.520131,0.000000
2475.013285,real,0.395300,0.509729,0.676171,0.592950,0.509729,0.000000
2475.018337,real,0.364092,0.499326,0.665768,0.582547,0.499326,0.000000
2475.023390,real,0.353689,0.488923,0.644963,0.572144,0.478521,0.000000
2475.028233,real,0.343287,0.468118,0.634560,0.551339,0.468118,0.000000
2475.033051,real,0.322481,0.457715,0.634560,0.540936,0.447313,0.000000
2475.038119,real,0.312079,0.436910,0.613755,0.520131,0.436910,0.000000
2475.043559,real,0.312079,0.416105,0.603352,0.509729,0.436910,0.000000
2475.048291,real,0.291273,0.405702,0.582547,0.499326,0.395300,0.000000
2475.053054,real,0.280871,0.384897,0.572144,0.488923,0.384897,0.000000
2475.058145,real,0.260066,0.374494,0.551339,0.478521,0.364092,0.000000
2475.063654,real,0.260066,0.353689,0.540936,0.468118,0.353689,0.000000
2475.068041,real,0.239260,0.332884,0.530534,0.447313,0.343287,0.000000
2475.073158,real,0.218455,0.322481,0.509729,0.436910,0.322481,0.000000
2475.078110,real,0.208052,0.301676,0.499326,0.416105,0.312079,0.000000
2475.083433,real,0.197650,0.291273,0.499326,0.405702,0.301676,0.000000
2475.083748,real,0.197650,0.291273,0.488923,0.405702,0.291273,0.000000
2475.087949,real,0.176845,0.280871,0.478521,0.395300,0.280871,0.000000
2475.092999,real,0.156039,0.260066,0.478521,0.374494,0.270468,0.000000
2475.097929,real,0.135234,0.249663,0.447313,0.364092,0.249663,0.000000
2475.102998,real,0.124831,0.228858,0.436910,0.364092,0.239260,0.000000
2475.108194,real,0.124831,0.218455,0.426508,0.343287,0.228858,0.000000
2475.112972,real,0.104026,0.208052,0.405702,0.343287,0.208052,0.000000
2475.117849,real,0.093624,0.187247,0.395300,0.312079,0.197650,0.000000
2475.123036,real,0.072818,0.166442,0.384897,0.301676,0.176845,0.000000
2475.128032,real,0.062416,0.156039,0.384897,0.291273,0.166442,0.000000
2475.132751,real,0.052013,0.135234,0.364092,0.270468,0.156039,0.000000
2475.138068,real,0.031208,0.124831,0.343287,0.260066,0.135234,0.000000
2475.143106,real,0.020805,0.104026,0.332884,0.239260,0.124831,0.000000
2475.147804,real,0.000000,0.093624,0.322481,0.228858,0.114429,0.000000
2475.152775,real,0.000000,0.083221,0.301676,0.218455,0.093624,0.000000
2475.157909,real,0.000000,0.052013,0.301676,0.218455,0.083221,0.000000
2475.162915,real,0.000000,0.041610,0.270468,0.197650,0.062416,0.000000
2475.167728,real,0.000000,0.031208,0.260066,0.187247,0.052013,0.000000
2475.172817,real,0.000000,0.031208,0.249663,0.166442,0.041610,0.000000
2475.177750,real,0.000000,0.020805,0.249663,0.166442,0.020805,0.000000
2475.183187,real,0.000000,0.020805,0.228858,0.145637,0.010403,0.000000
2475.183575,real,0.000000,0.020805,0.228858,0.145637,0.010403,0.000000
2475.188180,real,0.000000,0.020805,0.208052,0.145637,0.010403,0.000000
2475.192808,real,0.000000,0.020805,0.197650,0.145637,0.010403,0.000000
2475.197867,real,0.000000,0.020805,0.187247,0.104026,0.010403,0.000000
2475.202922,real,0.000000,0.020805,0.166442,0.093624,0.010403,0.000000
2475.207934,real,0.000000,0.020805,0.156039,0.072818,0.010403,0.000000
2475.212589,real,0.000000,0.020805,0.145637,0.072818,0.010403,0.000000
2475.217770,real,0.000000,0.020805,0.124831,0.052013,0.010403,0.000000
2475.222849,real,0.000000,0.020805,0.114429,0.031208,0.010403,0.000000
2475.227784,real,0.000000,0.020805,0.093624,0.020805,0.010403,0.000000
2475.232807,real,0.000000,0.020805,0.093624,0.010403,0.010403,0.000000
2475.237764,real,0.000000,0.020805,0.093624,0.000000,0.010403,0.000000
2475.242662,real,0.000000,0.020805,0.062416,0.000000,0.010403,0.000000
2475.248090,real,0.000000,0.020805,0.052013,0.000000,0.010403,0.000000
2475.252672,real,0.000000,0.020805,0.052013,0.000000,0.010403,0.000000
2475.257740,real,0.000000,0.020805,0.031208,0.000000,0.010403,0.000000
2475.262684,real,0.000000,0.020805,0.020805,0.000000,0.010403,0.000000
2475.267604,real,0.000000,0.020805,0.000000,0.000000,0.010403,0.000000
2475.272598,real,0.000000,0.020805,0.000000,0.000000,0.010403,0.000000
2475.277621,real,0.000000,0.020805,0.000000,0.000000,0.010403,0.000000
2475.283029,real,0.000000,0.020805,0.000000,0.000000,0.010403,0.000000
2475.283455,real,0.000000,0.020805,0.000000,0.000000,0.010403,0.000000
2475.287711,real,0.000000,0.020805,0.000000,0.000000,0.010403,0.000000
2475.292403,real,0.000000,0.020805,0.000000,0.000000,0.010403,0.000000
2475.297443,real,0.000000,0.020805,0.000000,0.000000,0.010403,0.000000
2475.302613,real,0.000000,0.020805,0.000000,0.000000,0.010403,0.000000
2475.307736,real,0.000000,0.020805,0.000000,0.000000,0.010403,0.000000
2475.312617,real,0.000000,0.020805,0.000000,0.000000,0.010403,0.000000
2475.317632,real,0.000000,0.020805,0.000000,0.000000,0.010403,0.000000
2475.322600,real,0.000000,0.020805,0.000000,0.000000,0.010403,0.000000
2475.327776,real,0.000000,0.020805,0.000000,0.000000,0.010403,0.000000
2475.332481,real,0.000000,0.020805,0.000000,0.000000,0.010403,0.000000
2475.337627,real,0.000000,0.020805,0.000000,0.000000,0.010403,0.000000
2475.342461,real,0.000000,0.020805,0.000000,0.000000,0.010403,0.000000
2475.347833,real,0.000000,0.020805,0.000000,0.000000,0.010403,0.000000
2475.352594,real,0.000000,0.020805,0.000000,0.000000,0.010403,0.000000
2475.357488,real,0.000000,0.020805,0.000000,0.000000,0.010403,0.000000
2475.362753,real,0.000000,0.020805,0.000000,0.000000,0.010403,0.000000
2475.367597,real,0.000000,0.020805,0.000000,0.000000,0.010403,0.000000
2475.372355,real,0.000000,0.020805,0.000000,0.000000,0.010403,0.000000
2475.377282,real,0.000000,0.020805,0.000000,0.000000,0.010403,0.000000
2475.382838,real,0.000000,0.020805,0.000000,0.000000,0.010403,0.000000
2475.383325,real,0.000000,0.020805,0.000000,0.000000,0.010403,0.000000
2475.387461,real,0.000000,0.020805,0.000000,0.000000,0.010403,0.000000
2475.392162,real,0.000000,0.020805,0.000000,0.000000,0.010403,0.000000
2475.397313,real,0.000000,0.020805,0.000000,0.000000,0.010403,0.000000
2475.402089,real,0.000000,0.020805,0.000000,0.000000,0.010403,0.000000
2475.407026,real,0.000000,0.020805,0.000000,0.000000,0.010403,0.000000
2475.412139,real,0.000000,0.020805,0.000000,0.000000,0.010403,0.000000
2475.417128,real,0.000000,0.020805,0.000000,0.000000,0.010403,0.000000
2475.422012,real,0.000000,0.020805,0.000000,0.000000,0.010403,0.000000
2475.427160,real,0.000000,0.020805,0.000000,0.000000,0.010403,0.000000
2475.432096,real,0.000000,0.020805,0.000000,0.000000,0.010403,0.000000
2475.437111,real,0.000000,0.020805,0.000000,0.000000,0.010403,0.000000
2475.442015,real,0.000000,0.020805,0.000000,0.000000,0.010403,0.000000
2475.447341,real,0.000000,0.020805,0.000000,0.000000,0.010403,0.000000
2475.452101,real,0.000000,0.020805,0.000000,0.000000,0.010403,0.000000
2475.456757,real,0.000000,0.020805,0.000000,0.000000,0.010403,0.000000
2475.461806,real,0.000000,0.020805,0.000000,0.000000,0.010403,0.000000
2475.466785,real,0.000000,0.020805,0.000000,0.000000,0.010403,0.000000
2475.471770,real,0.000000,0.020805,0.000000,0.000000,0.010403,0.000000
2475.476838,real,0.000000,0.020805,0.000000,0.000000,0.010403,0.000000
2475.482683,real,0.000000,0.020805,0.000000,0.000000,0.010403,0.000000
2475.486799,real,0.000000,0.020805,0.000000,0.000000,0.010403,0.000000
2475.582501,real,0.000000,0.020805,0.000000,0.000000,0.010403,0.000000
2475.682305,real,0.000000,0.020805,0.000000,0.000000,0.010403,0.000000
2475.782242,real,0.000000,0.020805,0.000000,0.000000,0.010403,0.000000
2475.840950,real,0.000000,0.020805,0.000000,0.000000,0.010403,0.000000
2475.846065,real,0.000000,0.020805,0.000000,0.000000,0.010403,0.000000
2475.850989,real,0.000000,0.020805,0.000000,0.000000,0.010403,0.000000
2475.855891,real,0.000000,0.020805,0.000000,0.000000,0.010403,0.000000
2475.860937,real,0.000000,0.020805,0.000000,0.000000,0.010403,0.000000
2475.865808,real,0.000000,0.020805,0.000000,0.000000,0.010403,0.000000
2475.870916,real,0.000000,0.020805,0.000000,0.000000,0.010403,0.016111
2475.875971,real,0.000000,0.020805,0.000000,0.000000,0.010403,0.024166
2475.881840,real,0.000000,0.020805,0.000000,0.000000,0.010403,0.048332
2475.882130,real,0.000000,0.020805,0.000000,0.000000,0.010403,0.048332
2475.886226,real,0.000000,0.020805,0.000000,0.000000,0.010403,0.056388
2475.891313,real,0.000000,0.020805,0.000000,0.000000,0.010403,0.072498
2475.896219,real,0.000000,0.020805,0.000000,0.000000,0.010403,0.096664
2475.900917,real,0.000000,0.020805,0.000000,0.000000,0.010403,0.104720
2475.906020,real,0.000000,0.020805,0.000000,0.000000,0.010403,0.128886
2475.911190,real,0.000000,0.020805,0.000000,0.000000,0.010403,0.136941
2475.916147,real,0.000000,0.020805,0.000000,0.000000,0.010403,0.144997
2475.920956,real,0.010403,0.031208,0.000000,0.000000,0.010403,0.144997
2475.926094,real,0.010403,0.041610,0.000000,0.000000,0.010403,0.144997
2475.931236,real,0.010403,0.041610,0.000000,0.000000,0.010403,0.144997
2475.936172,real,0.052013,0.062416,0.000000,0.000000,0.031208,0.153052
2475.941131,real,0.083221,0.072818,0.000000,0.000000,0.041610,0.153052
2475.946489,real,0.093624,0.083221,0.000000,0.000000,0.062416,0.153052
2475.951015,real,0.104026,0.114429,0.000000,0.000000,0.072818,0.153052
2475.956351,real,0.124831,0.124831,0.000000,0.000000,0.093624,0.153052
2475.961170,real,0.135234,0.145637,0.000000,0.000000,0.104026,0.153052
2475.965973,real,0.156039,0.156039,0.000000,0.000000,0.114429,0.153052
2475.971520,real,0.166442,0.166442,0.000000,0.000000,0.135234,0.153052
2475.976178,real,0.176845,0.187247,0.000000,0.010403,0.145637,0.153052
2475.981143,real,0.197650,0.197650,0.000000,0.010403,0.166442,0.144997
2475.986187,real,0.208052,0.218455,0.000000,0.031208,0.176845,0.144997
2475.991244,real,0.228858,0.228858,0.000000,0.041610,0.187247,0.144997
2475.996425,real,0.239260,0.239260,0.000000,0.062416,0.208052,0.144997
2476.001186,real,0.249663,0.260066,0.000000,0.072818,0.218455,0.144997
2476.006364,real,0.280871,0.270468,0.000000,0.072818,0.239260,0.144997
2476.011291,real,0.291273,0.280871,0.000000,0.104026,0.249663,0.144997
2476.016269,real,0.301676,0.301676,0.000000,0.124831,0.249663,0.144997
2476.021029,real,0.322481,0.312079,0.000000,0.124831,0.280871,0.144997
2476.026270,real,0.332884,0.322481,0.000000,0.124831,0.291273,0.144997
2476.031116,real,0.353689,0.343287,0.000000,0.156039,0.301676,0.144997
2476.036433,real,0.364092,0.353689,0.020805,0.166442,0.322481,0.144997
2476.041126,real,0.374494,0.374494,0.031208,0.166442,0.332884,0.144997
2476.046107,real,0.405702,0.384897,0.052013,0.187247,0.343287,0.144997
2476.051249,real,0.416105,0.405702,0.062416,0.197650,0.364092,0.144997
2476.056115,real,0.436910,0.416105,0.072818,0.218455,0.374494,0.144997
2476.060922,real,0.447313,0.426508,0.093624,0.228858,0.395300,0.144997
2476.065907,real,0.457715,0.447313,0.104026,0.249663,0.405702,0.144997
2476.071192,real,0.478521,0.457715,0.104026,0.260066,0.426508,0.144997
2476.076033,real,0.488923,0.468118,0.124831,0.270468,0.436910,0.144997
2476.081121,real,0.509729,0.488923,0.135234,0.291273,0.447313,0.144997
2476.081482,real,0.509729,0.488923,0.145637,0.291273,0.447313,0.144997
2476.086145,real,0.520131,0.499326,0.156039,0.301676,0.468118,0.144997
2476.090963,real,0.530534,0.520131,0.166442,0.322481,0.478521,0.144997
2476.096019,real,0.540936,0.530534,0.176845,0.322481,0.488923,0.144997
2476.101058,real,0.572144,0.540936,0.197650,0.322481,0.509729,0.144997
2476.106048,real,0.582547,0.561742,0.197650,0.353689,0.520131,0.144997
2476.111020,real,0.603352,0.572144,0.218455,0.364092,0.540936,0.144997
2476.116032,real,0.613755,0.592950,0.228858,0.374494,0.551339,0.169163
2476.121069,real,0.634560,0.592950,0.239260,0.384897,0.561742,0.169163
2476.125905,real,0.644963,0.613755,0.260066,0.405702,0.582547,0.169163
2476.131008,real,0.655365,0.634560,0.270468,0.426508,0.592950,0.185273
2476.136112,real,0.676171,0.644963,0.280871,0.426508,0.613755,0.185273
2476.140906,real,0.696976,0.655365,0.301676,0.426508,0.624157,0.185273
2476.145829,real,0.707378,0.676171,0.312079,0.457715,0.634560,0.185273
2476.150925,real,0.728184,0.686573,0.332884,0.468118,0.655365,0.185273
2476.155944,real,0.738586,0.707378,0.343287,0.488923,0.665768,0.193329
2476.161078,real,0.759392,0.717781,0.353689,0.499326,0.676171,0.193329
2476.165839,real,0.769794,0.728184,0.364092,0.509729,0.696976,0.193329
2476.170738,real,0.780197,0.748989,0.364092,0.509729,0.696976,0.193329
2476.175764,real,0.801002,0.759392,0.395300,0.540936,0.717781,0.193329
2476.181049,real,0.811405,0.780197,0.405702,0.551339,0.728184,0.193329
2476.181416,real,0.811405,0.780197,0.405702,0.561742,0.728184,0.193329
2476.185654,real,0.832210,0.790599,0.416105,0.572144,0.748989,0.193329
2476.190630,real,0.853015,0.801002,0.436910,0.572144,0.769794,0.193329
2476.195897,real,0.863418,0.821807,0.447313,0.592950,0.769794,0.193329
2476.200609,real,0.884223,0.832210,0.457715,0.603352,0.790599,0.193329
2476.205467,real,0.894626,0.842613,0.457715,0.613755,0.790599,0.193329
2476.210778,real,0.905028,0.863418,0.478521,0.634560,0.811405,0.193329
2476.215784,real,0.925834,0.873820,0.499326,0.644963,0.832210,0.193329
2476.220468,real,0.936236,0.894626,0.509729,0.665768,0.842613,0.193329
2476.225543,real,0.957041,0.905028,0.509729,0.665768,0.853015,0.193329
2476.230657,real,0.967444,0.915431,0.540936,0.665768,0.873820,0.193329
2476.235651,real,0.977847,0.925834,0.540936,0.696976,0.884223,0.193329
2476.240518,real,0.998652,0.946639,0.561742,0.707378,0.905028,0.193329
2476.245479,real,1.009055,0.967444,0.572144,0.717781,0.905028,0.193329
2476.250433,real,1.019457,0.977847,0.582547,0.738586,0.925834,0.193329
2476.255488,real,1.019457,0.988249,0.603352,0.738586,0.946639,0.193329
2476.260697,real,1.019457,0.988249,0.613755,0.759392,0.957041,0.193329
2476.265574,real,1.019457,1.019457,0.634560,0.769794,0.967444,0.193329
2476.270459,real,1.019457,1.029860,0.634560,0.780197,0.988249,0.193329
2476.275639,real,1.019457,1.050665,0.655365,0.801002,0.998652,0.193329
2476.280902,real,1.019457,1.061068,0.665768,0.811405,1.019457,0.193329
2476.282739,real,1.019457,1.061068,0.665768,0.811405,1.019457,0.193329
2476.285426,real,1.019457,1.081873,0.686573,0.832210,1.029860,0.193329
2476.290594,real,1.019457,1.092276,0.686573,0.842613,1.040262,0.193329
2476.295957,real,1.019457,1.092276,0.707378,0.853015,1.040262,0.193329
2476.300289,real,1.019457,1.123483,0.717781,0.873820,1.061068,0.193329
2476.305408,real,1.019457,1.133886,0.738586,0.884223,1.081873,0.193329
2476.310629,real,1.019457,1.144289,0.748989,0.884223,1.092276,0.193329
2476.315608,real,1.019457,1.144289,0.759392,0.905028,1.092276,0.193329
2476.320419,real,1.019457,1.165094,0.780197,0.915431,1.092276,0.193329
2476.325428,real,1.019457,1.165094,0.790599,0.936236,1.092276,0.193329
2476.330429,real,1.019457,1.165094,0.811405,0.946639,1.092276,0.193329
2476.335571,real,1.019457,1.165094,0.821807,0.957041,1.092276,0.193329
2476.340603,real,1.019457,1.165094,0.832210,0.977847,1.092276,0.193329
2476.345246,real,1.019457,1.165094,0.853015,0.988249,1.092276,0.193329
2476.350351,real,1.019457,1.165094,0.853015,1.009055,1.092276,0.193329
2476.355943,real,1.019457,1.165094,0.853015,1.019457,1.092276,0.193329
2476.360558,real,1.019457,1.165094,0.884223,1.029860,1.092276,0.193329
2476.365334,real,1.019457,1.165094,0.894626,1.029860,1.092276,0.193329
2476.370265,real,1.019457,1.165094,0.915431,1.050665,1.092276,0.193329
2476.375330,real,1.019457,1.165094,0.925834,1.061068,1.092276,0.193329
2476.380566,real,1.019457,1.165094,0.936236,1.081873,1.092276,0.193329
2476.382208,real,1.019457,1.165094,0.946639,1.081873,1.092276,0.193329
2476.385423,real,1.019457,1.165094,0.946639,1.092276,1.092276,0.193329
2476.390546,real,1.019457,1.165094,0.946639,1.123483,1.092276,0.193329
2476.395169,real,1.019457,1.165094,0.977847,1.133886,1.092276,0.193329
2476.400285,real,1.019457,1.165094,0.988249,1.144289,1.092276,0.193329
2476.405224,real,1.019457,1.165094,0.998652,1.144289,1.092276,0.193329
2476.410057,real,1.019457,1.165094,1.019457,1.144289,1.092276,0.193329
2476.415298,real,1.019457,1.165094,1.029860,1.165094,1.092276,0.193329
2476.420464,real,1.019457,1.165094,1.040262,1.165094,1.092276,0.193329
2476.425072,real,1.019457,1.165094,1.061068,1.165094,1.092276,0.193329
2476.430027,real,1.019457,1.165094,1.071470,1.165094,1.092276,0.193329
2476.435602,real,1.019457,1.165094,1.092276,1.165094,1.092276,0.193329
2476.440142,real,1.019457,1.165094,1.092276,1.165094,1.092276,0.193329
2476.444994,real,1.019457,1.165094,1.092276,1.165094,1.092276,0.193329
2476.450273,real,1.019457,1.165094,1.123483,1.165094,1.092276,0.193329
2476.455193,real,1.019457,1.165094,1.133886,1.165094,1.092276,0.193329
2476.460089,real,1.019457,1.165094,1.154691,1.165094,1.092276,0.193329
2476.464986,real,1.019457,1.165094,1.165094,1.165094,1.092276,0.193329
2476.470087,real,1.019457,1.165094,1.175497,1.165094,1.092276,0.193329
2476.475218,real,1.019457,1.165094,1.196302,1.165094,1.092276,0.193329
2476.480626,real,1.019457,1.165094,1.196302,1.165094,1.092276,0.193329
2476.485554,real,1.019457,1.165094,1.206704,1.165094,1.092276,0.193329
2476.490189,real,1.019457,1.165094,1.217107,1.165094,1.092276,0.193329
2476.495592,real,1.019457,1.165094,1.217107,1.165094,1.092276,0.193329
2476.500556,real,1.019457,1.165094,1.217107,1.165094,1.092276,0.193329
2476.505126,real,1.019457,1.165094,1.217107,1.165094,1.092276,0.193329
2476.510144,real,1.019457,1.165094,1.217107,1.165094,1.092276,0.193329
2476.515205,real,1.019457,1.165094,1.217107,1.165094,1.092276,0.193329
2476.520143,real,1.019457,1.165094,1.217107,1.165094,1.092276,0.193329
2476.524821,real,1.019457,1.165094,1.217107,1.165094,1.092276,0.193329
2476.529899,real,1.019457,1.165094,1.217107,1.165094,1.092276,0.193329
2476.534733,real,1.019457,1.165094,1.217107,1.165094,1.092276,0.193329
2476.539783,real,1.019457,1.165094,1.217107,1.165094,1.092276,0.193329
2476.544704,real,1.019457,1.165094,1.217107,1.165094,1.092276,0.193329
2476.549579,real,1.019457,1.165094,1.217107,1.165094,1.092276,0.193329
2476.554741,real,1.019457,1.165094,1.217107,1.165094,1.092276,0.193329
2476.559789,real,1.019457,1.165094,1.217107,1.165094,1.092276,0.193329
2476.564660,real,1.019457,1.165094,1.217107,1.165094,1.092276,0.193329
2476.569652,real,1.019457,1.165094,1.217107,1.165094,1.092276,0.193329
2476.574514,real,1.019457,1.165094,1.217107,1.165094,1.092276,0.193329
2476.580467,real,1.019457,1.165094,1.217107,1.165094,1.092276,0.193329
2476.580802,real,1.019457,1.165094,1.217107,1.165094,1.092276,0.193329
2476.584624,real,1.019457,1.165094,1.217107,1.165094,1.092276,0.193329
2476.589373,real,1.019457,1.165094,1.217107,1.165094,1.092276,0.193329
2476.594643,real,1.019457,1.165094,1.217107,1.165094,1.092276,0.193329
2476.600132,real,1.019457,1.165094,1.217107,1.165094,1.092276,0.193329
2476.604719,real,1.019457,1.165094,1.217107,1.165094,1.092276,0.193329
2476.609418,real,1.019457,1.165094,1.217107,1.165094,1.092276,0.193329
2476.614381,real,1.019457,1.165094,1.217107,1.165094,1.092276,0.193329
2476.619369,real,1.019457,1.165094,1.217107,1.165094,1.092276,0.193329
2476.624278,real,1.019457,1.165094,1.217107,1.165094,1.092276,0.193329
2476.629294,real,1.019457,1.165094,1.217107,1.165094,1.092276,0.193329
2476.634478,real,1.019457,1.165094,1.217107,1.165094,1.092276,0.193329
2476.639420,real,1.019457,1.165094,1.217107,1.165094,1.092276,0.193329
2476.644442,real,1.019457,1.165094,1.217107,1.165094,1.092276,0.193329
2476.649248,real,1.019457,1.165094,1.217107,1.165094,1.092276,0.193329
2476.654338,real,1.019457,1.165094,1.217107,1.165094,1.092276,0.193329
2476.659607,real,1.019457,1.165094,1.217107,1.165094,1.092276,0.193329
2476.664440,real,1.019457,1.165094,1.217107,1.165094,1.092276,0.193329
2476.669133,real,1.019457,1.165094,1.217107,1.165094,1.092276,0.193329
2476.674287,real,1.019457,1.165094,1.217107,1.165094,1.092276,0.193329
2476.680625,real,1.019457,1.165094,1.217107,1.165094,1.092276,0.193329
2476.681332,real,1.019457,1.165094,1.217107,1.165094,1.092276,0.193329
2476.684166,real,1.019457,1.165094,1.217107,1.165094,1.092276,0.193329
2476.780417,real,1.019457,1.165094,1.217107,1.165094,1.092276,0.193329
2476.834688,real,1.019457,1.165094,1.217107,1.165094,1.092276,0.193329
2476.839412,real,1.019457,1.165094,1.217107,1.165094,1.092276,0.193329
2476.844282,real,1.019457,1.165094,1.217107,1.165094,1.092276,0.193329
2476.849313,real,1.019457,1.165094,1.217107,1.165094,1.092276,0.193329
2476.854372,real,1.019457,1.165094,1.217107,1.165094,1.092276,0.193329
2476.859441,real,1.019457,1.165094,1.217107,1.165094,1.092276,0.193329
2476.864561,real,1.019457,1.165094,1.217107,1.165094,1.092276,0.193329
2476.869401,real,1.019457,1.165094,1.217107,1.154691,1.092276,0.193329
2476.874370,real,0.988249,1.165094,1.217107,1.154691,1.092276,0.193329
2476.880189,real,0.977847,1.144289,1.196302,1.154691,1.092276,0.193329
2476.880457,real,0.977847,1.144289,1.196302,1.154691,1.092276,0.193329
2476.884487,real,0.967444,1.144289,1.196302,1.123483,1.071470,0.193329
2476.889279,real,0.936236,1.144289,1.165094,1.113081,1.061068,0.193329
2476.894181,real,0.915431,1.113081,1.154691,1.092276,1.061068,0.193329
2476.899383,real,0.905028,1.092276,1.144289,1.071470,1.061068,0.193329
2476.904278,real,0.884223,1.081873,1.123483,1.061068,1.019457,0.193329
2476.909181,real,0.873820,1.061068,1.113081,1.040262,1.009055,0.193329
2476.914172,real,0.842613,1.040262,1.102678,1.029860,0.988249,0.177218
2476.919288,real,0.832210,1.029860,1.081873,1.019457,0.967444,0.169163
2476.924345,real,0.821807,1.009055,1.081873,0.998652,0.957041,0.153052
2476.929110,real,0.801002,0.998652,1.061068,0.988249,0.936236,0.136941
2476.934494,real,0.801002,0.967444,1.050665,0.977847,0.925834,0.120830
2476.939348,real,0.780197,0.967444,1.040262,0.977847,0.915431,0.104720
2476.944461,real,0.769794,0.967444,1.019457,0.957041,0.894626,0.080554
2476.949408,real,0.759392,0.925834,1.009055,0.936236,0.884223,0.072498
2476.954287,real,0.738586,0.915431,0.988249,0.925834,0.863418,0.056388
2476.959643,real,0.728184,0.905028,0.977847,0.915431,0.853015,0.032221
2476.964355,real,0.717781,0.884223,0.967444,0.915431,0.842613,0.024166
2476.969467,real,0.696976,0.873820,0.946639,0.894626,0.821807,0.016111
2476.974177,real,0.676171,0.842613,0.946639,0.873820,0.811405,0.000000
2476.979418,real,0.655365,0.832210,0.946639,0.863418,0.801002,0.000000
2476.984145,real,0.644963,0.821807,0.915431,0.853015,0.780197,0.000000
2476.988890,real,0.634560,0.801002,0.905028,0.832210,0.769794,0.000000
2476.994227,real,0.613755,0.790599,0.884223,0.821807,0.748989,0.000000
2476.999403,real,0.603352,0.769794,0.873820,0.801002,0.738586,0.000000
2477.003917,real,0.582547,0.759392,0.863418,0.790599,0.728184,0.000000
2477.008976,real,0.572144,0.748989,0.842613,0.780197,0.707378,0.000000
2477.014528,real,0.561742,0.738586,0.832210,0.759392,0.696976,0.000000
2477.019222,real,0.540936,0.717781,0.811405,0.748989,0.676171,0.000000
2477.023856,real,0.530534,0.696976,0.801002,0.738586,0.665768,0.000000
2477.029378,real,0.520131,0.676171,0.801002,0.738586,0.655365,0.000000
2477.034365,real,0.499326,0.665768,0.780197,0.717781,0.634560,0.000000
2477.039112,real,0.488923,0.644963,0.759392,0.696976,0.624157,0.000000
2477.044057,real,0.468118,0.634560,0.759392,0.686573,0.613755,0.000000
2477.048899,real,0.457715,0.624157,0.738586,0.686573,0.592950,0.000000
2477.053859,real,0.447313,0.592950,0.728184,0.655365,0.582547,0.000000
2477.059043,real,0.426508,0.582547,0.707378,0.644963,0.561742,0.000000
2477.063790,real,0.416105,0.561742,0.696976,0.644963,0.540936,0.000000
2477.068782,real,0.395300,0.551339,0.686573,0.624157,0.530534,0.000000
2477.074027,real,0.374494,0.540936,0.665768,0.613755,0.509729,0.000000
2477.079147,real,0.364092,0.520131,0.665768,0.592950,0.509729,0.000000
2477.079391,real,0.364092,0.520131,0.665768,0.592950,0.509729,0.000000
2477.083687,real,0.343287,0.509729,0.644963,0.582547,0.488923,0.000000
2477.088799,real,0.332884,0.488923,0.634560,0.572144,0.488923,0.000000
2477.094081,real,0.322481,0.468118,0.624157,0.551339,0.468118,0.000000
2477.098967,real,0.301676,0.457715,0.603352,0.540936,0.447313,0.000000
2477.103839,real,0.291273,0.447313,0.592950,0.520131,0.436910,0.000000
2477.108922,real,0.270468,0.426508,0.582547,0.509729,0.426508,0.000000
2477.114081,real,0.260066,0.416105,0.561742,0.499326,0.395300,0.000000
2477.118886,real,0.249663,0.395300,0.551339,0.488923,0.384897,0.000000
2477.123692,real,0.228858,0.384897,0.530534,0.488923,0.364092,0.000000
2477.128687,real,0.218455,0.353689,0.520131,0.468118,0.353689,0.000000
2477.133839,real,0.197650,0.343287,0.520131,0.447313,0.343287,0.000000
2477.138668,real,0.187247,0.332884,0.499326,0.436910,0.322481,0.000000
2477.143603,real,0.176845,0.312079,0.499326,0.416105,0.312079,0.000000
2477.148594,real,0.156039,0.301676,0.468118,0.405702,0.291273,0.000000
2477.153839,real,0.145637,0.291273,0.457715,0.395300,0.280871,0.000000
2477.158680,real,0.135234,0.270468,0.447313,0.374494,0.270468,0.000000
2477.163461,real,0.114429,0.270468,0.426508,0.374494,0.249663,0.000000
2477.168508,real,0.104026,0.239260,0.416105,0.353689,0.239260,0.000000
2477.173740,real,0.083221,0.228858,0.405702,0.343287,0.228858,0.000000
2477.178810,real,0.072818,0.218455,0.384897,0.332884,0.208052,0.000000
2477.179136,real,0.072818,0.208052,0.384897,0.322481,0.208052,0.000000
2477.183629,real,0.062416,0.187247,0.374494,0.322481,0.197650,0.000000
2477.188788,real,0.031208,0.176845,0.374494,0.301676,0.176845,0.000000
2477.193663,real,0.020805,0.156039,0.353689,0.291273,0.166442,0.000000
2477.198386,real,0.010403,0.145637,0.343287,0.291273,0.156039,0.000000
2477.203540,real,0.010403,0.135234,0.322481,0.270468,0.135234,0.000000
2477.208538,real,0.010403,0.114429,0.312079,0.249663,0.124831,0.000000
2477.213497,real,0.010403,0.104026,0.291273,0.239260,0.104026,0.000000
2477.218472,real,0.010403,0.093624,0.280871,0.228858,0.104026,0.000000
2477.223447,real,0.010403,0.062416,0.270468,0.208052,0.083221,0.000000
2477.228371,real,0.010403,0.052013,0.249663,0.197650,0.062416,0.000000
2477.233660,real,0.010403,0.031208,0.239260,0.176845,0.052013,0.000000
2477.238403,real,0.010403,0.020805,0.228858,0.166442,0.041610,0.000000
2477.243313,real,0.010403,0.020805,0.228858,0.166442,0.020805,0.000000
2477.248347,real,0.010403,0.020805,0.208052,0.145637,0.020805,0.000000
2477.253541,real,0.010403,0.020805,0.187247,0.135234,0.010403,0.000000
2477.258515,real,0.010403,0.010403,0.176845,0.124831,0.010403,0.000000
2477.263494,real,0.010403,0.010403,0.166442,0.104026,0.010403,0.000000
2477.268556,real,0.010403,0.010403,0.145637,0.093624,0.010403,0.000000
2477.273771,real,0.010403,0.010403,0.135234,0.072818,0.010403,0.000000
2477.278708,real,0.010403,0.010403,0.114429,0.062416,0.010403,0.000000
2477.280535,real,0.010403,0.010403,0.114429,0.062416,0.010403,0.000000
2477.283723,real,0.010403,0.010403,0.104026,0.052013,0.010403,0.000000
2477.288556,real,0.010403,0.010403,0.093624,0.031208,0.010403,0.000000
2477.293493,real,0.010403,0.010403,0.083221,0.020805,0.010403,0.000000
2477.298597,real,0.010403,0.010403,0.083221,0.000000,0.010403,0.000000
2477.303305,real,0.010403,0.010403,0.062416,0.000000,0.010403,0.000000
2477.308347,real,0.010403,0.010403,0.052013,0.000000,0.010403,0.000000
2477.313393,real,0.010403,0.010403,0.031208,0.000000,0.010403,0.000000
2477.318333,real,0.010403,0.010403,0.010403,0.000000,0.010403,0.000000
2477.323314,real,0.010403,0.010403,0.000000,0.000000,0.010403,0.000000
2477.328448,real,0.010403,0.010403,0.000000,0.000000,0.010403,0.000000
2477.333747,real,0.010403,0.010403,0.000000,0.000000,0.010403,0.000000
2477.338378,real,0.010403,0.010403,0.000000,0.000000,0.010403,0.000000
2477.343270,real,0.010403,0.010403,0.000000,0.000000,0.010403,0.000000
2477.348301,real,0.010403,0.010403,0.000000,0.000000,0.010403,0.000000
2477.353361,real,0.010403,0.010403,0.000000,0.000000,0.010403,0.000000
2477.358058,real,0.010403,0.010403,0.000000,0.000000,0.010403,0.000000
2477.363343,real,0.010403,0.010403,0.000000,0.000000,0.010403,0.000000
2477.368571,real,0.010403,0.010403,0.000000,0.000000,0.010403,0.000000
2477.373305,real,0.010403,0.010403,0.000000,0.000000,0.010403,0.000000
2477.378508,real,0.010403,0.010403,0.000000,0.000000,0.010403,0.000000
2477.378867,real,0.010403,0.010403,0.000000,0.000000,0.010403,0.000000
2477.383214,real,0.010403,0.010403,0.000000,0.000000,0.010403,0.000000
2477.388188,real,0.010403,0.010403,0.000000,0.000000,0.010403,0.000000
2477.393159,real,0.010403,0.010403,0.000000,0.000000,0.010403,0.000000
2477.398423,real,0.010403,0.010403,0.000000,0.000000,0.010403,0.000000
2477.403372,real,0.010403,0.010403,0.000000,0.000000,0.010403,0.000000
2477.408126,real,0.010403,0.010403,0.000000,0.000000,0.010403,0.000000
2477.413357,real,0.010403,0.010403,0.000000,0.000000,0.010403,0.000000
2477.418074,real,0.010403,0.010403,0.000000,0.000000,0.010403,0.000000
2477.422921,real,0.010403,0.010403,0.000000,0.000000,0.010403,0.000000
2477.428235,real,0.010403,0.010403,0.000000,0.000000,0.010403,0.000000
2477.433308,real,0.010403,0.010403,0.000000,0.000000,0.010403,0.000000
2477.437938,real,0.010403,0.010403,0.000000,0.000000,0.010403,0.000000
2477.443189,real,0.010403,0.010403,0.000000,0.000000,0.010403,0.000000
2477.448517,real,0.010403,0.010403,0.000000,0.000000,0.010403,0.000000
2477.452995,real,0.010403,0.010403,0.000000,0.000000,0.010403,0.000000
2477.457828,real,0.010403,0.010403,0.000000,0.000000,0.010403,0.000000
2477.462844,real,0.010403,0.010403,0.000000,0.000000,0.010403,0.000000
2477.468011,real,0.010403,0.010403,0.000000,0.000000,0.010403,0.000000
2477.473688,real,0.010403,0.010403,0.000000,0.000000,0.010403,0.000000
2477.478625,real,0.010403,0.010403,0.000000,0.000000,0.010403,0.000000
2477.482792,real,0.010403,0.010403,0.000000,0.000000,0.010403,0.000000
2477.487619,real,0.010403,0.010403,0.000000,0.000000,0.010403,0.000000
2477.493166,real,0.010403,0.010403,0.000000,0.000000,0.010403,0.000000
2477.497713,real,0.010403,0.010403,0.000000,0.000000,0.010403,0.000000
2477.502604,real,0.010403,0.010403,0.000000,0.000000,0.010403,0.000000
2477.507806,real,0.010403,0.010403,0.000000,0.000000,0.010403,0.000000
2477.512724,real,0.010403,0.010403,0.000000,0.000000,0.010403,0.000000
2477.517496,real,0.010403,0.010403,0.000000,0.000000,0.010403,0.000000
2477.522516,real,0.010403,0.010403,0.000000,0.000000,0.010403,0.000000
2477.527532,real,0.010403,0.010403,0.000000,0.000000,0.010403,0.000000
2477.532511,real,0.010403,0.010403,0.000000,0.000000,0.010403,0.000000
2477.537445,real,0.010403,0.010403,0.000000,0.000000,0.010403,0.000000
2477.578703,real,0.010403,0.010403,0.000000,0.000000,0.010403,0.000000
2477.677990,real,0.010403,0.010403,0.000000,0.000000,0.010403,0.000000
2477.737522,real,0.010403,0.010403,0.000000,0.000000,0.010403,0.000000
2477.741813,real,0.010403,0.010403,0.000000,0.000000,0.010403,0.000000
2477.746963,real,0.010403,0.010403,0.000000,0.000000,0.010403,0.000000
2477.752076,real,0.010403,0.010403,0.000000,0.000000,0.010403,0.000000
2477.757088,real,0.010403,0.010403,0.000000,0.000000,0.010403,0.000000
2477.761847,real,0.010403,0.010403,0.000000,0.000000,0.010403,0.008055
2477.766987,real,0.010403,0.010403,0.000000,0.000000,0.010403,0.024166
2477.772022,real,0.010403,0.010403,0.000000,0.000000,0.010403,0.032221
2477.777733,real,0.010403,0.010403,0.000000,0.000000,0.010403,0.056388
2477.778016,real,0.010403,0.010403,0.000000,0.000000,0.010403,0.056388
2477.782072,real,0.010403,0.010403,0.000000,0.000000,0.010403,0.064443
2477.786892,real,0.010403,0.010403,0.000000,0.000000,0.010403,0.080554
2477.791838,real,0.010403,0.010403,0.000000,0.000000,0.010403,0.104720
2477.797089,real,0.010403,0.010403,0.000000,0.000000,0.010403,0.112775
2477.801794,real,0.010403,0.010403,0.000000,0.000000,0.010403,0.128886
2477.806771,real,0.010403,0.010403,0.000000,0.000000,0.010403,0.144997
2477.811939,real,0.010403,0.010403,0.000000,0.000000,0.010403,0.144997
2477.816966,real,0.010403,0.010403,0.000000,0.000000,0.010403,0.144997
2477.821751,real,0.031208,0.010403,0.000000,0.000000,0.010403,0.144997
2477.826806,real,0.041610,0.010403,0.000000,0.000000,0.010403,0.144997
2477.832349,real,0.062416,0.010403,0.000000,0.000000,0.010403,0.161107
2477.836978,real,0.083221,0.010403,0.000000,0.000000,0.010403,0.161107
2477.841989,real,0.104026,0.010403,0.000000,0.000000,0.010403,0.161107
2477.847043,real,0.114429,0.010403,0.000000,0.000000,0.010403,0.161107
2477.852238,real,0.135234,0.010403,0.000000,0.000000,0.010403,0.153052
2477.857093,real,0.145637,0.010403,0.000000,0.000000,0.010403,0.153052
2477.861907,real,0.166442,0.010403,0.000000,0.000000,0.010403,0.153052
2477.866903,real,0.176845,0.010403,0.000000,0.000000,0.010403,0.153052
2477.871893,real,0.187247,0.031208,0.000000,0.000000,0.010403,0.153052
2477.877554,real,0.208052,0.031208,0.000000,0.000000,0.031208,0.153052
2477.877829,real,0.208052,0.031208,0.000000,0.000000,0.031208,0.153052
2477.882267,real,0.218455,0.052013,0.000000,0.000000,0.031208,0.144997
2477.887268,real,0.239260,0.062416,0.000000,0.000000,0.031208,0.144997
2477.892549,real,0.249663,0.072818,0.000000,0.000000,0.062416,0.144997
2477.897384,real,0.260066,0.093624,0.000000,0.000000,0.072818,0.144997
2477.901978,real,0.291273,0.104026,0.000000,0.000000,0.093624,0.144997
2477.907569,real,0.301676,0.114429,0.000000,0.000000,0.104026,0.144997
2477.912260,real,0.312079,0.135234,0.000000,0.000000,0.114429,0.144997
2477.917242,real,0.332884,0.145637,0.000000,0.000000,0.135234,0.144997
2477.922121,real,0.332884,0.166442,0.000000,0.000000,0.145637,0.144997
2477.927224,real,0.364092,0.176845,0.000000,0.010403,0.156039,0.144997
2477.932285,real,0.374494,0.187247,0.020805,0.010403,0.176845,0.144997
2477.937077,real,0.384897,0.218455,0.031208,0.041610,0.187247,0.144997
2477.942255,real,0.405702,0.228858,0.052013,0.052013,0.208052,0.144997
2477.946986,real,0.416105,0.249663,0.062416,0.072818,0.218455,0.144997
2477.952372,real,0.436910,0.260066,0.072818,0.083221,0.218455,0.144997
2477.957555,real,0.447313,0.270468,0.093624,0.093624,0.249663,0.144997
2477.962076,real,0.468118,0.291273,0.093624,0.114429,0.260066,0.144997
2477.966909,real,0.468118,0.301676,0.124831,0.124831,0.280871,0.144997
2477.972264,real,0.499326,0.312079,0.124831,0.135234,0.291273,0.144997
2477.977289,real,0.509729,0.312079,0.124831,0.156039,0.301676,0.144997
2477.981847,real,0.530534,0.332884,0.156039,0.156039,0.322481,0.144997
2477.987157,real,0.540936,0.353689,0.166442,0.176845,0.332884,0.144997
2477.992094,real,0.561742,0.364092,0.176845,0.176845,0.343287,0.144997
2477.996931,real,0.572144,0.374494,0.197650,0.197650,0.364092,0.144997
2478.001753,real,0.582547,0.405702,0.208052,0.218455,0.374494,0.144997
2478.007142,real,0.603352,0.416105,0.228858,0.228858,0.395300,0.144997
2478.011927,real,0.613755,0.426508,0.239260,0.249663,0.405702,0.144997
2478.016785,real,0.634560,0.447313,0.249663,0.260066,0.416105,0.144997
2478.022024,real,0.644963,0.457715,0.260066,0.270468,0.447313,0.144997
2478.026862,real,0.655365,0.478521,0.260066,0.291273,0.457715,0.144997
2478.031761,real,0.686573,0.488923,0.291273,0.291273,0.468118,0.144997
2478.037059,real,0.696976,0.499326,0.301676,0.291273,0.478521,0.144997
2478.041793,real,0.707378,0.520131,0.312079,0.322481,0.488923,0.144997
2478.047200,real,0.728184,0.530534,0.332884,0.332884,0.509729,0.144997
2478.051978,real,0.738586,0.551339,0.343287,0.343287,0.520131,0.144997
2478.056963,real,0.759392,0.561742,0.353689,0.364092,0.530534,0.144997
2478.061736,real,0.769794,0.572144,0.374494,0.364092,0.551339,0.144997
2478.066876,real,0.780197,0.592950,0.384897,0.384897,0.551339,0.144997
2478.071821,real,0.801002,0.603352,0.395300,0.395300,0.582547,0.144997
2478.076889,real,0.811405,0.603352,0.395300,0.416105,0.592950,0.144997
2478.077443,real,0.811405,0.603352,0.395300,0.416105,0.592950,0.144997
2478.081855,real,0.842613,0.634560,0.416105,0.426508,0.603352,0.144997
2478.086906,real,0.853015,0.644963,0.436910,0.436910,0.624157,0.144997
2478.091771,real,0.863418,0.665768,0.447313,0.447313,0.634560,0.144997
2478.096707,real,0.884223,0.676171,0.468118,0.468118,0.655365,0.144997
2478.102070,real,0.894626,0.686573,0.478521,0.478521,0.665768,0.144997
2478.106794,real,0.905028,0.707378,0.488923,0.499326,0.676171,0.144997
2478.111642,real,0.925834,0.717781,0.509729,0.509729,0.696976,0.144997
2478.116709,real,0.936236,0.738586,0.509729,0.509729,0.696976,0.144997
2478.121558,real,0.957041,0.748989,0.509729,0.530534,0.696976,0.144997
2478.126694,real,0.967444,0.748989,0.540936,0.540936,0.738586,0.144997
2478.132221,real,0.977847,0.780197,0.551339,0.561742,0.748989,0.144997
2478.136714,real,0.998652,0.790599,0.572144,0.572144,0.769794,0.144997
2478.141419,real,1.009055,0.811405,0.582547,0.582547,0.780197,0.144997
2478.146659,real,1.019457,0.821807,0.592950,0.603352,0.780197,0.144997
2478.151783,real,1.019457,0.832210,0.613755,0.613755,0.811405,0.144997
2478.156598,real,1.019457,0.853015,0.624157,0.624157,0.821807,0.144997
2478.161556,real,1.019457,0.853015,0.634560,0.644963,0.832210,0.144997
2478.166746,real,1.019457,0.853015,0.634560,0.644963,0.842613,0.144997
2478.171693,real,1.019457,0.884223,0.655365,0.665768,0.853015,0.144997
2478.176882,real,1.019457,0.894626,0.676171,0.676171,0.873820,0.144997
2478.177153,real,1.019457,0.894626,0.676171,0.676171,0.873820,0.144997
2478.181802,real,1.019457,0.915431,0.686573,0.696976,0.884223,0.144997
2478.186620,real,1.019457,0.925834,0.696976,0.707378,0.894626,0.144997
2478.191397,real,1.019457,0.936236,0.707378,0.707378,0.915431,0.144997
2478.196671,real,1.019457,0.957041,0.728184,0.728184,0.925834,0.144997
2478.201485,real,1.019457,0.967444,0.748989,0.728184,0.936236,0.144997
2478.206467,real,1.019457,0.988249,0.759392,0.748989,0.957041,0.144997
2478.211591,real,1.019457,0.998652,0.759392,0.769794,0.967444,0.144997
2478.216508,real,1.019457,1.009055,0.780197,0.780197,0.988249,0.144997
2478.221332,real,1.019457,1.029860,0.790599,0.801002,0.998652,0.144997
2478.226508,real,1.019457,1.040262,0.811405,0.811405,1.019457,0.144997
2478.231547,real,1.019457,1.050665,0.821807,0.821807,1.029860,0.144997
2478.236339,real,1.019457,1.071470,0.832210,0.842613,1.040262,0.144997
2478.241492,real,1.019457,1.081873,0.853015,0.853015,1.061068,0.144997
2478.246572,real,1.019457,1.102678,0.863418,0.873820,1.061068,0.144997
2478.251293,real,1.019457,1.113081,0.873820,0.873820,1.081873,0.144997
2478.256501,real,1.019457,1.123483,0.884223,0.873820,1.081873,0.144997
2478.261372,real,1.019457,1.133886,0.905028,0.905028,1.081873,0.144997
2478.266330,real,1.019457,1.154691,0.905028,0.915431,1.102678,0.144997
2478.271257,real,1.019457,1.154691,0.925834,0.925834,1.102678,0.144997
2478.276790,real,1.019457,1.175497,0.936236,0.946639,1.102678,0.144997
2478.277042,real,1.019457,1.175497,0.946639,0.946639,1.102678,0.144997
2478.281429,real,1.019457,1.175497,0.957041,0.957041,1.102678,0.144997
2478.286247,real,1.019457,1.175497,0.967444,0.977847,1.102678,0.144997
2478.291502,real,1.019457,1.175497,0.967444,0.988249,1.102678,0.144997
2478.296441,real,1.019457,1.175497,0.988249,0.998652,1.102678,0.144997
2478.301109,real,1.019457,1.175497,0.998652,1.019457,1.102678,0.144997
2478.306445,real,1.019457,1.175497,1.019457,1.029860,1.102678,0.144997
2478.311445,real,1.019457,1.175497,1.029860,1.029860,1.102678,0.144997
2478.316447,real,1.019457,1.175497,1.040262,1.050665,1.102678,0.144997
2478.321287,real,1.019457,1.175497,1.050665,1.061068,1.102678,0.144997
2478.326193,real,1.019457,1.175497,1.071470,1.081873,1.102678,0.144997
2478.331181,real,1.019457,1.175497,1.092276,1.092276,1.102678,0.144997
2478.336236,real,1.019457,1.175497,1.102678,1.092276,1.102678,0.144997
2478.341386,real,1.019457,1.175497,1.102678,1.123483,1.102678,0.144997
2478.346099,real,1.019457,1.175497,1.123483,1.133886,1.102678,0.144997
2478.351169,real,1.019457,1.175497,1.123483,1.154691,1.102678,0.144997
2478.356477,real,1.019457,1.175497,1.154691,1.154691,1.102678,0.144997
2478.361201,real,1.019457,1.175497,1.165094,1.154691,1.102678,0.144997
2478.366101,real,1.019457,1.175497,1.175497,1.154691,1.102678,0.144997
2478.371148,real,1.019457,1.175497,1.196302,1.154691,1.102678,0.144997
2478.376514,real,1.019457,1.175497,1.196302,1.154691,1.102678,0.144997
2478.376813,real,1.019457,1.175497,1.196302,1.154691,1.102678,0.144997
2478.381336,real,1.019457,1.175497,1.206704,1.154691,1.102678,0.144997
2478.386285,real,1.019457,1.175497,1.206704,1.154691,1.102678,0.144997
2478.391121,real,1.019457,1.175497,1.206704,1.154691,1.102678,0.144997
2478.396278,real,1.019457,1.175497,1.206704,1.154691,1.102678,0.144997
2478.400996,real,1.019457,1.175497,1.206704,1.154691,1.102678,0.144997
2478.406346,real,1.019457,1.175497,1.206704,1.154691,1.102678,0.144997
2478.411310,real,1.019457,1.175497,1.206704,1.154691,1.102678,0.144997
2478.415948,real,1.019457,1.175497,1.206704,1.154691,1.102678,0.144997
2478.421094,real,1.019457,1.175497,1.206704,1.154691,1.102678,0.144997
2478.425839,real,1.019457,1.175497,1.206704,1.154691,1.102678,0.144997
2478.432362,real,1.019457,1.175497,1.206704,1.154691,1.102678,0.144997
2478.436150,real,1.019457,1.175497,1.206704,1.154691,1.102678,0.144997
2478.441177,real,1.019457,1.175497,1.206704,1.154691,1.102678,0.144997
2478.445923,real,1.019457,1.175497,1.206704,1.154691,1.102678,0.144997
2478.450933,real,1.019457,1.175497,1.206704,1.154691,1.102678,0.144997
2478.456166,real,1.019457,1.175497,1.206704,1.154691,1.102678,0.144997
2478.460968,real,1.019457,1.175497,1.206704,1.154691,1.102678,0.144997
2478.465890,real,1.019457,1.175497,1.206704,1.154691,1.102678,0.144997
2478.470881,real,1.019457,1.175497,1.206704,1.154691,1.102678,0.144997
2478.476430,real,1.019457,1.175497,1.206704,1.154691,1.102678,0.144997
2478.480752,real,1.019457,1.175497,1.206704,1.154691,1.102678,0.144997
2478.485504,real,1.019457,1.175497,1.206704,1.154691,1.102678,0.144997
2478.490539,real,1.019457,1.175497,1.206704,1.165094,1.102678,0.144997
2478.495549,real,1.019457,1.175497,1.206704,1.165094,1.102678,0.144997
2478.500821,real,1.019457,1.175497,1.206704,1.165094,1.102678,0.144997
2478.505521,real,1.019457,1.175497,1.206704,1.165094,1.102678,0.144997
2478.510577,real,1.019457,1.175497,1.206704,1.165094,1.102678,0.144997
2478.515552,real,1.019457,1.175497,1.206704,1.165094,1.102678,0.144997
2478.520518,real,1.019457,1.175497,1.206704,1.165094,1.102678,0.144997
2478.525473,real,1.019457,1.175497,1.206704,1.165094,1.102678,0.144997
2478.530719,real,1.019457,1.175497,1.206704,1.165094,1.102678,0.144997
2478.535531,real,1.019457,1.175497,1.206704,1.165094,1.102678,0.144997
2478.540628,real,1.019457,1.175497,1.206704,1.165094,1.102678,0.144997
2478.545568,real,1.019457,1.175497,1.206704,1.165094,1.102678,0.144997
2478.550438,real,1.019457,1.175497,1.206704,1.165094,1.102678,0.144997
2478.555388,real,1.019457,1.175497,1.206704,1.165094,1.102678,0.144997
2478.560431,real,1.019457,1.175497,1.206704,1.165094,1.102678,0.144997
2478.565453,real,1.019457,1.175497,1.206704,1.165094,1.102678,0.144997
2478.570495,real,1.019457,1.175497,1.206704,1.165094,1.102678,0.144997
2478.576825,real,1.019457,1.175497,1.206704,1.165094,1.102678,0.144997
2478.576993,real,1.019457,1.175497,1.206704,1.165094,1.102678,0.144997
2478.580528,real,1.019457,1.175497,1.206704,1.165094,1.102678,0.144997
2478.585148,real,1.019457,1.175497,1.206704,1.165094,1.102678,0.144997
2478.676388,real,1.019457,1.175497,1.206704,1.165094,1.102678,0.144997
2478.710825,real,1.019457,1.175497,1.206704,1.165094,1.102678,0.144997
2478.715612,real,1.019457,1.175497,1.206704,1.165094,1.102678,0.144997
2478.720519,real,1.019457,1.175497,1.206704,1.165094,1.102678,0.144997
2478.725426,real,1.019457,1.175497,1.206704,1.165094,1.102678,0.144997
2478.730336,real,1.019457,1.175497,1.206704,1.165094,1.102678,0.144997
2478.735241,real,1.019457,1.175497,1.206704,1.165094,1.102678,0.144997
2478.740798,real,1.019457,1.175497,1.206704,1.165094,1.102678,0.144997
2478.745393,real,1.019457,1.165094,1.206704,1.165094,1.102678,0.144997
2478.750189,real,0.988249,1.154691,1.206704,1.144289,1.081873,0.144997
2478.755555,real,0.977847,1.154691,1.196302,1.144289,1.081873,0.144997
2478.761406,real,0.957041,1.133886,1.196302,1.144289,1.081873,0.144997
2478.765176,real,0.946639,1.113081,1.196302,1.092276,1.050665,0.144997
2478.770209,real,0.915431,1.102678,1.175497,1.081873,1.040262,0.144997
2478.775548,real,0.905028,1.081873,1.165094,1.071470,1.019457,0.144997
2478.775894,real,0.905028,1.071470,1.165094,1.061068,1.019457,0.144997
2478.780587,real,0.894626,1.061068,1.144289,1.050665,1.009055,0.144997
2478.785432,real,0.863418,1.050665,1.123483,1.040262,0.988249,0.144997
2478.790367,real,0.853015,1.040262,1.113081,1.029860,0.977847,0.144997
2478.795355,real,0.842613,1.009055,1.102678,1.009055,0.967444,0.144997
2478.800539,real,0.821807,0.998652,1.092276,0.998652,0.946639,0.144997
2478.805274,real,0.811405,0.977847,1.092276,0.998652,0.936236,0.128886
2478.810145,real,0.790599,0.967444,1.071470,0.977847,0.925834,0.120830
2478.815274,real,0.790599,0.957041,1.050665,0.967444,0.905028,0.104720
2478.820570,real,0.790599,0.936236,1.040262,0.946639,0.894626,0.096664
2478.825137,real,0.759392,0.925834,1.019457,0.936236,0.873820,0.088609
2478.830151,real,0.748989,0.905028,1.009055,0.915431,0.863418,0.064443
2478.835124,real,0.728184,0.884223,0.998652,0.915431,0.853015,0.056388
2478.840488,real,0.717781,0.873820,0.977847,0.894626,0.832210,0.032221
2478.845145,real,0.707378,0.853015,0.967444,0.894626,0.821807,0.024166
2478.850008,real,0.686573,0.842613,0.957041,0.873820,0.801002,0.016111
2478.855177,real,0.676171,0.832210,0.957041,0.863418,0.790599,0.000000
2478.860148,real,0.665768,0.811405,0.936236,0.842613,0.780197,0.000000
2478.865398,real,0.644963,0.801002,0.915431,0.832210,0.759392,0.000000
2478.870099,real,0.634560,0.780197,0.905028,0.821807,0.748989,0.000000
2478.875309,real,0.613755,0.769794,0.894626,0.821807,0.738586,0.000000
2478.875580,real,0.613755,0.769794,0.884223,0.821807,0.728184,0.000000
2478.880554,real,0.603352,0.748989,0.873820,0.790599,0.717781,0.000000
2478.885195,real,0.592950,0.728184,0.863418,0.769794,0.707378,0.000000
2478.890059,real,0.572144,0.717781,0.842613,0.759392,0.676171,0.000000
2478.895239,real,0.561742,0.696976,0.832210,0.738586,0.665768,0.000000
2478.900698,real,0.551339,0.686573,0.821807,0.738586,0.655365,0.000000
2478.905161,real,0.551339,0.676171,0.811405,0.717781,0.634560,0.000000
2478.910006,real,0.530534,0.655365,0.811405,0.717781,0.624157,0.000000
2478.915209,real,0.499326,0.644963,0.780197,0.717781,0.603352,0.000000
2478.920817,real,0.488923,0.634560,0.769794,0.686573,0.592950,0.000000
2478.925010,real,0.478521,0.603352,0.759392,0.665768,0.582547,0.000000
2478.929991,real,0.457715,0.592950,0.738586,0.655365,0.582547,0.000000
2478.935064,real,0.447313,0.572144,0.728184,0.634560,0.561742,0.000000
2478.940162,real,0.447313,0.561742,0.717781,0.624157,0.551339,0.000000
2478.945006,real,0.426508,0.551339,0.696976,0.613755,0.520131,0.000000
2478.950184,real,0.416105,0.530534,0.686573,0.613755,0.509729,0.000000
2478.954964,real,0.395300,0.520131,0.665768,0.613755,0.488923,0.000000
2478.959863,real,0.374494,0.488923,0.655365,0.572144,0.478521,0.000000
2478.965188,real,0.353689,0.478521,0.644963,0.561742,0.468118,0.000000
2478.970120,real,0.343287,0.468118,0.644963,0.551339,0.447313,0.000000
2478.975048,real,0.332884,0.447313,0.624157,0.530534,0.436910,0.000000
2478.980179,real,0.312079,0.436910,0.603352,0.520131,0.416105,0.000000
2478.984975,real,0.312079,0.426508,0.592950,0.509729,0.405702,0.000000
2478.989747,real,0.312079,0.405702,0.582547,0.499326,0.395300,0.000000
2478.994736,real,0.280871,0.395300,0.561742,0.499326,0.374494,0.000000
2478.999849,real,0.270468,0.364092,0.551339,0.468118,0.353689,0.000000
2479.004744,real,0.249663,0.353689,0.540936,0.457715,0.343287,0.000000
2479.009657,real,0.239260,0.343287,0.520131,0.447313,0.322481,0.000000
2479.015075,real,0.239260,0.322481,0.509729,0.436910,0.322481,0.000000
2479.019968,real,0.208052,0.312079,0.499326,0.416105,0.301676,0.000000
2479.024888,real,0.197650,0.291273,0.499326,0.395300,0.291273,0.000000
2479.029779,real,0.176845,0.280871,0.478521,0.384897,0.280871,0.000000
2479.034794,real,0.166442,0.270468,0.457715,0.374494,0.260066,0.000000
2479.039695,real,0.156039,0.239260,0.447313,0.353689,0.249663,0.000000
2479.044872,real,0.135234,0.228858,0.426508,0.343287,0.228858,0.000000
2479.049755,real,0.124831,0.218455,0.416105,0.343287,0.228858,0.000000
2479.054587,real,0.114429,0.197650,0.405702,0.322481,0.208052,0.000000
2479.059818,real,0.093624,0.187247,0.384897,0.312079,0.187247,0.000000
2479.064680,real,0.083221,0.166442,0.384897,0.291273,0.176845,0.000000
2479.069537,real,0.062416,0.156039,0.384897,0.280871,0.166442,0.000000
2479.074881,real,0.052013,0.145637,0.353689,0.280871,0.135234,0.000000
2479.075245,real,0.052013,0.135234,0.353689,0.280871,0.135234,0.000000
2479.079696,real,0.041610,0.124831,0.343287,0.260066,0.135234,0.000000
2479.084484,real,0.020805,0.114429,0.332884,0.249663,0.104026,0.000000
2479.089458,real,0.010403,0.083221,0.312079,0.239260,0.093624,0.000000
2479.094730,real,0.010403,0.072818,0.301676,0.218455,0.083221,0.000000
2479.099748,real,0.010403,0.062416,0.280871,0.208052,0.062416,0.000000
2479.104523,real,0.010403,0.041610,0.270468,0.187247,0.052013,0.000000
2479.109546,real,0.010403,0.031208,0.260066,0.176845,0.041610,0.000000
2479.114515,real,0.000000,0.020805,0.239260,0.166442,0.031208,0.000000
2479.119509,real,0.000000,0.000000,0.228858,0.166442,0.031208,0.000000
2479.124735,real,0.000000,0.000000,0.218455,0.145637,0.000000,0.000000
2479.129908,real,0.000000,0.000000,0.218455,0.124831,0.000000,0.000000
2479.134550,real,0.000000,0.000000,0.218455,0.114429,0.000000,0.000000
2479.139791,real,0.000000,0.000000,0.176845,0.104026,0.000000,0.000000
2479.145076,real,0.000000,0.000000,0.166442,0.083221,0.000000,0.000000
2479.149467,real,0.000000,0.000000,0.145637,0.072818,0.000000,0.000000
2479.154721,real,0.000000,0.000000,0.135234,0.072818,0.000000,0.000000
2479.159753,real,0.000000,0.000000,0.124831,0.041610,0.000000,0.000000
2479.164418,real,0.000000,0.000000,0.104026,0.031208,0.000000,0.000000
2479.169505,real,0.000000,0.000000,0.104026,0.010403,0.000000,0.000000
2479.174993,real,0.000000,0.000000,0.083221,0.010403,0.000000,0.000000
2479.177097,real,0.000000,0.000000,0.083221,0.010403,0.000000,0.000000
2479.179401,real,0.000000,0.000000,0.083221,0.010403,0.000000,0.000000
2479.184474,real,0.000000,0.000000,0.062416,0.000000,0.000000,0.000000
2479.189714,real,0.000000,0.000000,0.041610,0.000000,0.000000,0.000000
2479.194351,real,0.000000,0.000000,0.041610,0.000000,0.000000,0.000000
2479.199485,real,0.000000,0.000000,0.020805,0.000000,0.000000,0.000000
2479.204924,real,0.000000,0.000000,0.020805,0.000000,0.000000,0.000000
2479.209357,real,0.000000,0.000000,0.000000,0.000000,0.000000,0.000000
2479.214233,real,0.000000,0.000000,0.000000,0.000000,0.000000,0.000000
2479.219392,real,0.000000,0.000000,0.000000,0.000000,0.000000,0.000000
2479.224503,real,0.000000,0.000000,0.000000,0.000000,0.000000,0.000000
2479.229240,real,0.000000,0.000000,0.000000,0.000000,0.000000,0.000000
2479.234189,real,0.000000,0.000000,0.000000,0.000000,0.000000,0.000000
2479.239262,real,0.000000,0.000000,0.000000,0.000000,0.000000,0.000000
2479.244380,real,0.000000,0.000000,0.000000,0.000000,0.000000,0.000000
2479.249390,real,0.000000,0.000000,0.000000,0.000000,0.000000,0.000000
2479.254242,real,0.000000,0.000000,0.000000,0.000000,0.000000,0.000000
2479.259325,real,0.000000,0.000000,0.000000,0.000000,0.000000,0.000000
2479.264679,real,0.000000,0.000000,0.000000,0.000000,0.000000,0.000000
2479.269274,real,0.000000,0.000000,0.000000,0.000000,0.000000,0.000000
2479.274467,real,0.000000,0.000000,0.000000,0.000000,0.000000,0.000000
2479.274928,real,0.000000,0.000000,0.000000,0.000000,0.000000,0.000000
2479.279463,real,0.000000,0.000000,0.000000,0.000000,0.000000,0.000000
2479.284810,real,0.000000,0.000000,0.000000,0.000000,0.000000,0.000000
2479.289391,real,0.000000,0.000000,0.000000,0.000000,0.000000,0.000000
2479.294497,real,0.000000,0.000000,0.000000,0.000000,0.000000,0.000000
2479.299384,real,0.000000,0.000000,0.000000,0.000000,0.000000,0.000000
2479.304481,real,0.000000,0.000000,0.000000,0.000000,0.000000,0.000000
2479.309066,real,0.000000,0.000000,0.000000,0.000000,0.000000,0.000000
2479.314090,real,0.000000,0.000000,0.000000,0.000000,0.000000,0.000000
2479.319128,real,0.000000,0.000000,0.000000,0.000000,0.000000,0.000000
2479.324259,real,0.000000,0.000000,0.000000,0.000000,0.000000,0.000000
2479.329067,real,0.000000,0.000000,0.000000,0.000000,0.000000,0.000000
2479.334048,real,0.000000,0.000000,0.000000,0.000000,0.000000,0.000000
2479.338809,real,0.000000,0.000000,0.000000,0.000000,0.000000,0.000000
2479.343792,real,0.000000,0.000000,0.000000,0.000000,0.000000,0.000000
2479.349034,real,0.000000,0.000000,0.000000,0.000000,0.000000,0.000000
2479.353654,real,0.000000,0.000000,0.000000,0.000000,0.000000,0.000000
2479.358724,real,0.000000,0.000000,0.000000,0.000000,0.000000,0.000000
2479.363710,real,0.000000,0.000000,0.000000,0.000000,0.000000,0.000000
2479.368910,real,0.000000,0.000000,0.000000,0.000000,0.000000,0.000000
2479.374186,real,0.000000,0.000000,0.000000,0.000000,0.000000,0.000000
2479.374561,real,0.000000,0.000000,0.000000,0.000000,0.000000,0.000000
2479.378820,real,0.000000,0.000000,0.000000,0.000000,0.000000,0.000000
2479.383757,real,0.000000,0.000000,0.000000,0.000000,0.000000,0.000000
2479.388619,real,0.000000,0.000000,0.000000,0.000000,0.000000,0.000000
2479.393502,real,0.000000,0.000000,0.000000,0.000000,0.000000,0.000000
2479.398839,real,0.000000,0.000000,0.000000,0.000000,0.000000,0.000000
2479.403730,real,0.000000,0.000000,0.000000,0.000000,0.000000,0.000000
2479.409121,real,0.000000,0.000000,0.000000,0.000000,0.000000,0.000000
2479.413682,real,0.000000,0.000000,0.000000,0.000000,0.000000,0.000000
2479.418535,real,0.000000,0.000000,0.000000,0.000000,0.000000,0.000000
2479.474288,real,0.000000,0.000000,0.000000,0.000000,0.000000,0.000000
2479.574290,real,0.000000,0.000000,0.000000,0.000000,0.000000,0.000000
2479.674103,real,0.000000,0.000000,0.000000,0.000000,0.000000,0.000000
2479.773619,real,0.000000,0.000000,0.000000,0.000000,0.000000,0.000000
2479.782888,real,0.000000,0.000000,0.000000,0.000000,0.000000,0.000000
2479.787734,real,0.000000,0.000000,0.000000,0.000000,0.000000,0.000000
2479.792886,real,0.000000,0.000000,0.000000,0.000000,0.000000,0.000000
2479.797697,real,0.000000,0.000000,0.000000,0.000000,0.000000,0.000000
2479.802562,real,0.000000,0.000000,0.000000,0.000000,0.000000,0.000000
2479.807693,real,0.000000,0.000000,0.000000,0.000000,0.000000,0.000000
2479.812808,real,0.000000,0.000000,0.000000,0.000000,0.000000,0.000000
2479.817610,real,0.000000,0.000000,0.000000,0.000000,0.000000,0.032221
2479.822435,real,0.000000,0.000000,0.000000,0.000000,0.000000,0.040277
2479.828016,real,0.000000,0.000000,0.000000,0.000000,0.000000,0.064443
2479.832993,real,0.000000,0.000000,0.000000,0.000000,0.000000,0.072498
2479.837728,real,0.000000,0.000000,0.000000,0.000000,0.000000,0.088609
2479.842762,real,0.000000,0.000000,0.000000,0.000000,0.000000,0.112775
2479.847846,real,0.000000,0.000000,0.000000,0.000000,0.000000,0.120830
2479.852935,real,0.000000,0.000000,0.000000,0.000000,0.000000,0.128886
2479.857709,real,0.000000,0.000000,0.000000,0.000000,0.000000,0.136941
2479.862812,real,0.000000,0.000000,0.000000,0.000000,0.000000,0.136941
2479.867669,real,0.020805,0.000000,0.000000,0.000000,0.000000,0.153052
2479.873216,real,0.052013,0.000000,0.000000,0.000000,0.000000,0.153052
2479.873453,real,0.052013,0.000000,0.000000,0.000000,0.000000,0.153052
2479.877993,real,0.062416,0.020805,0.000000,0.000000,0.000000,0.153052
2479.882833,real,0.072818,0.041610,0.000000,0.000000,0.020805,0.153052
2479.887902,real,0.104026,0.052013,0.000000,0.000000,0.031208,0.153052
2479.893305,real,0.114429,0.062416,0.000000,0.000000,0.052013,0.153052
2479.897835,real,0.124831,0.083221,0.000000,0.000000,0.062416,0.153052
2479.902698,real,0.145637,0.093624,0.000000,0.000000,0.083221,0.153052
2479.908059,real,0.156039,0.124831,0.000000,0.000000,0.093624,0.153052
2479.913097,real,0.176845,0.135234,0.000000,0.000000,0.104026,0.153052
2479.917684,real,0.187247,0.145637,0.000000,0.000000,0.124831,0.153052
2479.922860,real,0.197650,0.166442,0.000000,0.010403,0.135234,0.153052
2479.928699,real,0.208052,0.176845,0.000000,0.010403,0.156039,0.153052
2479.932755,real,0.208052,0.187247,0.000000,0.031208,0.166442,0.153052
2479.937825,real,0.239260,0.208052,0.000000,0.062416,0.176845,0.153052
2479.942756,real,0.260066,0.218455,0.000000,0.072818,0.197650,0.153052
2479.947894,real,0.270468,0.239260,0.000000,0.093624,0.208052,0.153052
2479.953105,real,0.291273,0.249663,0.000000,0.104026,0.218455,0.153052
2479.957790,real,0.301676,0.260066,0.000000,0.114429,0.239260,0.153052
2479.962790,real,0.312079,0.280871,0.000000,0.114429,0.249663,0.153052
2479.967674,real,0.332884,0.291273,0.000000,0.135234,0.260066,0.153052
2479.973207,real,0.343287,0.312079,0.000000,0.156039,0.280871,0.144997
2479.977832,real,0.364092,0.322481,0.000000,0.166442,0.291273,0.144997
2479.982645,real,0.384897,0.332884,0.031208,0.176845,0.312079,0.144997
2479.987794,real,0.395300,0.353689,0.041610,0.197650,0.322481,0.144997
2479.993142,real,0.416105,0.364092,0.062416,0.197650,0.343287,0.144997
2479.997730,real,0.426508,0.374494,0.072818,0.197650,0.353689,0.144997
2480.002865,real,0.436910,0.395300,0.083221,0.228858,0.364092,0.144997
2480.007959,real,0.457715,0.405702,0.093624,0.239260,0.384897,0.144997
2480.012774,real,0.468118,0.426508,0.093624,0.260066,0.395300,0.144997
2480.017618,real,0.488923,0.436910,0.114429,0.260066,0.416105,0.144997
2480.022642,real,0.509729,0.447313,0.135234,0.280871,0.436910,0.144997
2480.027762,real,0.509729,0.468118,0.145637,0.301676,0.447313,0.144997
2480.032785,real,0.540936,0.478521,0.166442,0.312079,0.457715,0.144997
2480.037679,real,0.551339,0.499326,0.176845,0.332884,0.468118,0.144997
2480.042674,real,0.572144,0.509729,0.187247,0.332884,0.478521,0.144997
2480.047603,real,0.582547,0.520131,0.208052,0.332884,0.499326,0.144997
2480.052764,real,0.592950,0.540936,0.218455,0.364092,0.520131,0.144997
2480.057657,real,0.613755,0.551339,0.218455,0.374494,0.540936,0.144997
2480.062680,real,0.624157,0.551339,0.239260,0.384897,0.551339,0.144997
2480.067551,real,0.634560,0.582547,0.249663,0.405702,0.551339,0.144997
2480.073076,real,0.655365,0.592950,0.270468,0.416105,0.582547,0.144997
2480.073409,real,0.655365,0.592950,0.270468,0.416105,0.582547,0.144997
2480.077603,real,0.665768,0.613755,0.270468,0.436910,0.582547,0.144997
2480.082435,real,0.686573,0.624157,0.291273,0.447313,0.582547,0.144997
2480.087604,real,0.707378,0.634560,0.301676,0.447313,0.613755,0.144997
2480.092587,real,0.717781,0.665768,0.312079,0.468118,0.613755,0.144997
2480.097481,real,0.738586,0.676171,0.322481,0.468118,0.644963,0.144997
2480.102510,real,0.748989,0.676171,0.343287,0.499326,0.655365,0.144997
2480.107422,real,0.769794,0.676171,0.353689,0.509729,0.665768,0.144997
2480.112576,real,0.780197,0.707378,0.374494,0.520131,0.686573,0.144997
2480.117467,real,0.790599,0.728184,0.384897,0.540936,0.696976,0.144997
2480.122345,real,0.811405,0.738586,0.405702,0.551339,0.717781,0.144997
2480.127458,real,0.821807,0.748989,0.416105,0.551339,0.728184,0.144997
2480.132810,real,0.832210,0.769794,0.426508,0.582547,0.738586,0.144997
2480.137532,real,0.853015,0.780197,0.447313,0.592950,0.759392,0.144997
2480.142225,real,0.863418,0.801002,0.457715,0.613755,0.769794,0.144997
2480.147346,real,0.884223,0.811405,0.457715,0.613755,0.780197,0.144997
2480.152705,real,0.894626,0.821807,0.478521,0.634560,0.801002,0.144997
2480.157478,real,0.905028,0.842613,0.488923,0.634560,0.811405,0.144997
2480.162321,real,0.936236,0.842613,0.509729,0.655365,0.832210,0.144997
2480.167361,real,0.946639,0.873820,0.520131,0.665768,0.842613,0.144997
2480.172903,real,0.946639,0.884223,0.530534,0.686573,0.842613,0.144997
2480.174858,real,0.946639,0.884223,0.540936,0.686573,0.842613,0.144997
2480.177425,real,0.946639,0.894626,0.540936,0.696976,0.863418,0.144997
2480.182479,real,0.977847,0.915431,0.540936,0.707378,0.873820,0.144997
2480.187486,real,1.009055,0.925834,0.572144,0.717781,0.894626,0.144997
2480.192586,real,1.019457,0.936236,0.582547,0.717781,0.905028,0.144997
2480.197565,real,1.019457,0.957041,0.592950,0.748989,0.915431,0.144997
2480.202277,real,1.029860,0.967444,0.613755,0.748989,0.925834,0.144997
2480.207289,real,1.029860,0.988249,0.624157,0.769794,0.946639,0.144997
2480.212800,real,1.029860,0.998652,0.634560,0.780197,0.957041,0.144997
2480.217479,real,1.029860,1.009055,0.644963,0.790599,0.977847,0.144997
2480.222071,real,1.029860,1.029860,0.665768,0.811405,0.988249,0.144997
2480.227406,real,1.029860,1.029860,0.665768,0.821807,1.009055,0.144997
2480.232381,real,1.029860,1.061068,0.686573,0.832210,1.019457,0.144997
2480.237158,real,1.029860,1.071470,0.696976,0.853015,1.029860,0.144997
2480.242034,real,1.029860,1.081873,0.717781,0.863418,1.050665,0.144997
2480.247234,real,1.029860,1.102678,0.717781,0.884223,1.061068,0.144997
2480.252222,real,1.029860,1.113081,0.748989,0.894626,1.081873,0.144997
2480.257325,real,1.029860,1.123483,0.759392,0.905028,1.081873,0.144997
2480.262123,real,1.029860,1.144289,0.769794,0.905028,1.081873,0.144997
2480.267276,real,1.029860,1.154691,0.790599,0.925834,1.102678,0.144997
2480.272726,real,1.029860,1.165094,0.801002,0.946639,1.102678,0.144997
2480.272934,real,1.029860,1.165094,0.801002,0.946639,1.102678,0.144997
2480.277625,real,1.029860,1.175497,0.821807,0.957041,1.102678,0.144997
2480.282113,real,1.029860,1.175497,0.832210,0.957041,1.102678,0.144997
2480.287052,real,1.029860,1.175497,0.842613,0.988249,1.102678,0.144997
2480.292135,real,1.029860,1.175497,0.853015,0.998652,1.102678,0.144997
2480.297331,real,1.029860,1.175497,0.853015,1.009055,1.102678,0.144997
2480.302039,real,1.029860,1.175497,0.873820,1.029860,1.102678,0.144997
2480.307162,real,1.029860,1.175497,0.894626,1.040262,1.102678,0.144997
2480.312257,real,1.029860,1.175497,0.905028,1.061068,1.102678,0.144997
2480.316992,real,1.029860,1.175497,0.925834,1.071470,1.102678,0.144997
2480.322140,real,1.029860,1.175497,0.936236,1.081873,1.102678,0.144997
2480.327501,real,1.029860,1.175497,0.946639,1.092276,1.102678,0.144997
2480.332219,real,1.029860,1.175497,0.946639,1.113081,1.102678,0.144997
2480.337162,real,1.029860,1.175497,0.967444,1.133886,1.102678,0.144997
2480.342156,real,1.029860,1.175497,0.977847,1.144289,1.102678,0.144997
2480.346954,real,1.029860,1.175497,0.998652,1.144289,1.102678,0.144997
2480.352187,real,1.029860,1.175497,1.009055,1.165094,1.102678,0.144997
2480.357293,real,1.029860,1.175497,1.029860,1.165094,1.102678,0.144997
2480.362247,real,1.029860,1.175497,1.040262,1.165094,1.102678,0.144997
2480.367151,real,1.029860,1.175497,1.050665,1.165094,1.102678,0.144997
2480.372890,real,1.029860,1.175497,1.071470,1.165094,1.102678,0.144997
2480.374268,real,1.029860,1.175497,1.071470,1.165094,1.102678,0.144997
2480.376980,real,1.029860,1.175497,1.071470,1.165094,1.102678,0.144997
2480.381788,real,1.029860,1.175497,1.092276,1.165094,1.102678,0.144997
2480.386857,real,1.029860,1.175497,1.102678,1.165094,1.102678,0.144997
2480.391911,real,1.029860,1.175497,1.113081,1.165094,1.102678,0.144997
2480.397035,real,1.029860,1.175497,1.133886,1.165094,1.102678,0.144997
2480.401808,real,1.029860,1.175497,1.144289,1.165094,1.102678,0.144997
2480.406916,real,1.029860,1.175497,1.154691,1.165094,1.102678,0.144997
2480.411892,real,1.029860,1.175497,1.175497,1.165094,1.102678,0.144997
2480.417078,real,1.029860,1.175497,1.185899,1.165094,1.102678,0.144997
2480.421695,real,1.029860,1.175497,1.206704,1.165094,1.102678,0.144997
2480.426811,real,1.029860,1.175497,1.206704,1.165094,1.102678,0.144997
2480.431929,real,1.029860,1.175497,1.206704,1.165094,1.102678,0.144997
2480.437237,real,1.029860,1.175497,1.206704,1.165094,1.102678,0.144997
2480.441989,real,1.029860,1.175497,1.206704,1.165094,1.102678,0.144997
2480.446904,real,1.029860,1.175497,1.206704,1.165094,1.102678,0.144997
2480.451946,real,1.029860,1.175497,1.206704,1.165094,1.102678,0.144997
2480.456848,real,1.029860,1.175497,1.206704,1.165094,1.102678,0.144997
2480.461624,real,1.029860,1.175497,1.206704,1.165094,1.102678,0.144997
2480.466700,real,1.029860,1.175497,1.206704,1.165094,1.102678,0.144997
2480.472077,real,1.029860,1.175497,1.206704,1.165094,1.102678,0.144997
2480.476721,real,1.029860,1.175497,1.206704,1.165094,1.102678,0.144997
2480.481563,real,1.029860,1.175497,1.206704,1.165094,1.102678,0.144997
2480.486605,real,1.029860,1.175497,1.206704,1.165094,1.102678,0.144997
2480.491347,real,1.029860,1.175497,1.206704,1.165094,1.102678,0.144997
2480.496482,real,1.029860,1.175497,1.206704,1.165094,1.102678,0.144997
2480.501461,real,1.029860,1.175497,1.206704,1.165094,1.102678,0.144997
2480.506239,real,1.029860,1.175497,1.206704,1.165094,1.102678,0.144997
2480.511303,real,1.029860,1.175497,1.206704,1.165094,1.102678,0.144997
2480.516661,real,1.029860,1.175497,1.206704,1.165094,1.102678,0.144997
2480.521461,real,1.029860,1.175497,1.206704,1.165094,1.102678,0.144997
2480.526225,real,1.029860,1.175497,1.206704,1.165094,1.102678,0.144997
2480.531342,real,1.029860,1.175497,1.206704,1.165094,1.102678,0.144997
2480.536696,real,1.029860,1.175497,1.206704,1.165094,1.102678,0.144997
2480.541199,real,1.029860,1.175497,1.206704,1.165094,1.102678,0.144997
2480.546262,real,1.029860,1.175497,1.206704,1.165094,1.102678,0.144997
2480.551228,real,1.029860,1.175497,1.206704,1.165094,1.102678,0.144997
2480.556172,real,1.029860,1.175497,1.206704,1.165094,1.102678,0.144997
2480.561378,real,1.029860,1.175497,1.206704,1.165094,1.102678,0.144997
2480.566089,real,1.029860,1.175497,1.206704,1.165094,1.102678,0.144997
2480.571888,real,1.029860,1.175497,1.206704,1.165094,1.102678,0.144997
2480.572158,real,1.029860,1.175497,1.206704,1.165094,1.102678,0.144997
2480.576038,real,1.029860,1.175497,1.206704,1.165094,1.102678,0.144997
2480.581302,real,1.029860,1.175497,1.206704,1.165094,1.102678,0.144997
2480.585955,real,1.029860,1.175497,1.206704,1.165094,1.102678,0.144997
2480.590954,real,1.029860,1.175497,1.206704,1.165094,1.102678,0.144997
2480.596170,real,1.029860,1.175497,1.206704,1.165094,1.102678,0.144997
2480.601344,real,1.029860,1.175497,1.206704,1.165094,1.102678,0.144997
2480.605933,real,1.029860,1.175497,1.206704,1.165094,1.102678,0.144997
2480.611162,real,1.029860,1.175497,1.206704,1.165094,1.102678,0.144997
2480.615959,real,1.029860,1.175497,1.206704,1.165094,1.102678,0.144997
2480.620954,real,1.029860,1.175497,1.206704,1.165094,1.102678,0.144997
2480.625916,real,1.029860,1.175497,1.206704,1.165094,1.102678,0.144997
2480.631008,real,1.029860,1.175497,1.206704,1.165094,1.102678,0.144997
2480.672123,real,1.029860,1.175497,1.206704,1.165094,1.102678,0.144997
2480.771771,real,1.029860,1.175497,1.206704,1.165094,1.102678,0.144997
2480.871767,real,1.029860,1.175497,1.206704,1.165094,1.102678,0.144997
2480.966095,real,1.029860,1.175497,1.206704,1.165094,1.102678,0.144997
2480.970989,real,1.029860,1.175497,1.206704,1.165094,1.102678,0.144997
2480.975676,real,1.029860,1.175497,1.206704,1.165094,1.102678,0.144997
2480.981177,real,1.029860,1.175497,1.206704,1.165094,1.102678,0.144997
2480.985772,real,1.029860,1.175497,1.206704,1.165094,1.102678,0.144997
2480.990542,real,1.009055,1.175497,1.206704,1.165094,1.102678,0.144997
2480.995716,real,0.998652,1.175497,1.206704,1.165094,1.102678,0.144997
2481.001032,real,0.988249,1.175497,1.206704,1.165094,1.102678,0.144997
2481.005439,real,0.957041,1.154691,1.196302,1.165094,1.081873,0.144997
2481.010652,real,0.946639,1.144289,1.196302,1.165094,1.081873,0.144997
2481.015614,real,0.925834,1.123483,1.196302,1.133886,1.081873,0.144997
2481.020762,real,0.905028,1.113081,1.165094,1.123483,1.061068,0.144997
2481.025794,real,0.884223,1.092276,1.165094,1.102678,1.050665,0.144997
2481.030552,real,0.863418,1.081873,1.165094,1.081873,1.040262,0.144997
2481.035567,real,0.853015,1.071470,1.133886,1.071470,1.019457,0.144997
2481.040849,real,0.842613,1.040262,1.123483,1.050665,1.009055,0.144997
2481.045583,real,0.821807,1.029860,1.102678,1.040262,0.988249,0.144997
2481.050664,real,0.811405,1.009055,1.092276,1.029860,0.977847,0.144997
2481.055561,real,0.790599,0.998652,1.081873,1.029860,0.967444,0.144997
2481.060921,real,0.780197,0.988249,1.061068,1.009055,0.946639,0.112775
2481.065551,real,0.780197,0.967444,1.061068,0.988249,0.936236,0.104720
2481.070926,real,0.759392,0.946639,1.040262,0.977847,0.915431,0.096664
2481.072981,real,0.759392,0.946639,1.040262,0.977847,0.915431,0.096664
2481.075444,real,0.748989,0.936236,1.019457,0.967444,0.905028,0.072498
2481.081037,real,0.738586,0.915431,1.009055,0.946639,0.894626,0.056388
2481.085457,real,0.717781,0.905028,0.998652,0.936236,0.873820,0.048332
2481.090385,real,0.707378,0.884223,0.988249,0.915431,0.863418,0.024166
2481.095449,real,0.686573,0.873820,0.977847,0.915431,0.853015,0.016111
2481.100826,real,0.676171,0.863418,0.957041,0.915431,0.832210,0.008055
2481.105541,real,0.665768,0.853015,0.946639,0.884223,0.821807,0.008055
2481.110586,real,0.644963,0.832210,0.925834,0.873820,0.801002,0.000000
2481.115400,real,0.634560,0.801002,0.915431,0.853015,0.790599,0.000000
2481.120399,real,0.624157,0.790599,0.915431,0.842613,0.780197,0.000000
2481.125651,real,0.603352,0.780197,0.884223,0.832210,0.759392,0.000000
2481.130585,real,0.592950,0.759392,0.873820,0.811405,0.748989,0.000000
2481.135719,real,0.572144,0.748989,0.873820,0.801002,0.728184,0.000000
2481.141025,real,0.561742,0.738586,0.873820,0.790599,0.717781,0.000000
2481.145379,real,0.551339,0.717781,0.842613,0.769794,0.696976,0.000000
2481.150402,real,0.530534,0.707378,0.821807,0.759392,0.676171,0.008055
2481.155456,real,0.520131,0.676171,0.811405,0.748989,0.665768,0.008055
2481.160900,real,0.499326,0.665768,0.801002,0.748989,0.655365,0.008055
2481.165303,real,0.488923,0.655365,0.780197,0.728184,0.634560,0.008055
2481.170594,real,0.468118,0.634560,0.769794,0.707378,0.624157,0.008055
2481.171092,real,0.468118,0.634560,0.769794,0.707378,0.624157,0.008055
2481.175337,real,0.457715,0.624157,0.748989,0.696976,0.603352,0.008055
2481.180128,real,0.447313,0.603352,0.748989,0.686573,0.592950,0.008055
2481.185298,real,0.426508,0.592950,0.728184,0.665768,0.582547,0.008055
2481.190328,real,0.416105,0.582547,0.707378,0.665768,0.561742,0.008055
2481.195479,real,0.405702,0.561742,0.696976,0.644963,0.551339,0.008055
2481.200923,real,0.384897,0.540936,0.696976,0.634560,0.530534,0.008055
2481.205313,real,0.374494,0.530534,0.676171,0.624157,0.520131,0.008055
2481.210107,real,0.364092,0.509729,0.665768,0.603352,0.509729,0.008055
2481.215025,real,0.343287,0.499326,0.644963,0.592950,0.488923,0.008055
2481.220304,real,0.332884,0.478521,0.634560,0.572144,0.478521,0.008055
2481.225202,real,0.312079,0.468118,0.634560,0.561742,0.468118,0.008055
2481.229916,real,0.301676,0.457715,0.613755,0.561742,0.447313,0.008055
2481.235075,real,0.291273,0.436910,0.603352,0.540936,0.436910,0.008055
2481.240244,real,0.280871,0.416105,0.582547,0.540936,0.416105,0.008055
2481.245020,real,0.260066,0.395300,0.572144,0.520131,0.405702,0.008055
2481.249947,real,0.239260,0.384897,0.551339,0.509729,0.395300,0.008055
2481.255039,real,0.228858,0.364092,0.551339,0.488923,0.364092,0.008055
2481.260026,real,0.228858,0.343287,0.530534,0.468118,0.353689,0.008055
2481.265174,real,0.208052,0.332884,0.520131,0.457715,0.332884,0.008055
2481.270558,real,0.197650,0.322481,0.499326,0.447313,0.332884,0.008055
2481.272179,real,0.197650,0.322481,0.499326,0.436910,0.332884,0.008055
2481.274982,real,0.187247,0.301676,0.488923,0.426508,0.312079,0.008055
2481.280044,real,0.166442,0.291273,0.468118,0.416105,0.291273,0.008055
2481.285066,real,0.156039,0.270468,0.457715,0.395300,0.280871,0.008055
2481.289915,real,0.135234,0.260066,0.457715,0.384897,0.270468,0.008055
2481.295095,real,0.124831,0.249663,0.457715,0.384897,0.249663,0.008055
2481.300122,real,0.124831,0.228858,0.426508,0.364092,0.239260,0.008055
2481.304940,real,0.093624,0.208052,0.405702,0.353689,0.239260,0.008055
2481.309779,real,0.083221,0.187247,0.395300,0.343287,0.218455,0.008055
2481.314960,real,0.062416,0.176845,0.384897,0.322481,0.208052,0.008055
2481.320076,real,0.052013,0.166442,0.374494,0.312079,0.187247,0.008055
2481.324879,real,0.041610,0.145637,0.353689,0.301676,0.176845,0.008055
2481.329781,real,0.020805,0.135234,0.332884,0.291273,0.156039,0.008055
2481.334873,real,0.010403,0.124831,0.322481,0.291273,0.135234,0.008055
2481.339865,real,0.000000,0.104026,0.312079,0.260066,0.124831,0.008055
2481.344830,real,0.000000,0.083221,0.291273,0.249663,0.104026,0.008055
2481.349810,real,0.000000,0.062416,0.291273,0.228858,0.093624,0.008055
2481.354760,real,0.000000,0.052013,0.270468,0.218455,0.083221,0.008055
2481.359937,real,0.000000,0.041610,0.270468,0.208052,0.062416,0.008055
2481.365142,real,0.000000,0.020805,0.249663,0.187247,0.052013,0.008055
2481.370299,real,0.000000,0.010403,0.239260,0.176845,0.041610,0.008055
2481.371985,real,0.000000,0.010403,0.239260,0.176845,0.041610,0.008055
2481.375136,real,0.000000,0.010403,0.218455,0.176845,0.031208,0.008055
2481.379896,real,0.000000,0.010403,0.208052,0.156039,0.020805,0.008055
2481.384947,real,0.000000,0.010403,0.187247,0.145637,0.000000,0.008055
2481.389634,real,0.000000,0.010403,0.187247,0.124831,0.000000,0.008055
2481.394919,real,0.000000,0.010403,0.166442,0.114429,0.000000,0.008055
2481.400105,real,0.000000,0.010403,0.156039,0.104026,0.000000,0.008055
2481.404836,real,0.000000,0.010403,0.156039,0.083221,0.000000,0.008055
2481.409640,real,0.000000,0.010403,0.124831,0.072818,0.000000,0.008055
2481.414692,real,0.000000,0.010403,0.114429,0.052013,0.000000,0.008055
2481.419780,real,0.000000,0.010403,0.104026,0.041610,0.000000,0.008055
2481.425099,real,0.000000,0.010403,0.093624,0.031208,0.000000,0.008055
2481.429783,real,0.000000,0.010403,0.072818,0.010403,0.000000,0.008055
2481.434586,real,0.000000,0.010403,0.062416,0.010403,0.000000,0.008055
2481.439787,real,0.000000,0.010403,0.062416,0.010403,0.000000,0.008055
2481.444838,real,0.000000,0.010403,0.041610,0.000000,0.000000,0.008055
2481.449694,real,0.000000,0.010403,0.020805,0.000000,0.000000,0.008055
2481.454514,real,0.000000,0.010403,0.010403,0.000000,0.000000,0.008055
2481.459663,real,0.000000,0.010403,0.000000,0.000000,0.000000,0.008055
2481.464717,real,0.000000,0.010403,0.000000,0.000000,0.000000,0.008055
2481.469600,real,0.000000,0.010403,0.000000,0.000000,0.000000,0.008055
2481.474714,real,0.000000,0.010403,0.000000,0.000000,0.000000,0.008055
2481.479609,real,0.000000,0.010403,0.000000,0.000000,0.000000,0.008055
2481.484760,real,0.000000,0.010403,0.000000,0.000000,0.000000,0.008055
2481.489434,real,0.000000,0.010403,0.000000,0.000000,0.000000,0.008055
2481.494506,real,0.000000,0.010403,0.000000,0.000000,0.000000,0.008055
2481.499577,real,0.000000,0.010403,0.000000,0.000000,0.000000,0.008055
2481.504630,real,0.000000,0.010403,0.000000,0.000000,0.000000,0.008055
2481.509485,real,0.000000,0.010403,0.000000,0.000000,0.000000,0.008055
2481.514483,real,0.000000,0.010403,0.000000,0.000000,0.000000,0.008055
2481.519423,real,0.000000,0.010403,0.000000,0.000000,0.000000,0.008055
2481.524971,real,0.000000,0.010403,0.000000,0.000000,0.000000,0.008055
2481.529663,real,0.000000,0.010403,0.000000,0.000000,0.000000,0.008055
2481.534450,real,0.000000,0.010403,0.000000,0.000000,0.000000,0.008055
2481.539612,real,0.000000,0.010403,0.000000,0.000000,0.000000,0.008055
2481.544786,real,0.000000,0.010403,0.000000,0.000000,0.000000,0.008055
2481.549451,real,0.000000,0.010403,0.000000,0.000000,0.000000,0.008055
2481.554909,real,0.000000,0.010403,0.000000,0.000000,0.000000,0.008055
2481.559569,real,0.000000,0.010403,0.000000,0.000000,0.000000,0.008055
2481.564674,real,0.000000,0.010403,0.000000,0.000000,0.000000,0.008055
2481.569845,real,0.000000,0.010403,0.000000,0.000000,0.000000,0.008055
2481.572180,real,0.000000,0.010403,0.000000,0.000000,0.000000,0.008055
2481.574365,real,0.000000,0.010403,0.000000,0.000000,0.000000,0.008055
2481.579368,real,0.000000,0.010403,0.000000,0.000000,0.000000,0.008055
2481.584719,real,0.000000,0.010403,0.000000,0.000000,0.000000,0.008055
2481.589562,real,0.000000,0.010403,0.000000,0.000000,0.000000,0.008055
2481.594129,real,0.000000,0.010403,0.000000,0.000000,0.000000,0.008055
2481.598996,real,0.000000,0.010403,0.000000,0.000000,0.000000,0.008055
2481.604202,real,0.000000,0.010403,0.000000,0.000000,0.000000,0.008055
2481.609141,real,0.000000,0.010403,0.000000,0.000000,0.000000,0.008055
2481.614225,real,0.000000,0.010403,0.000000,0.000000,0.000000,0.008055
2481.619261,real,0.000000,0.010403,0.000000,0.000000,0.000000,0.008055
2481.624335,real,0.000000,0.010403,0.000000,0.000000,0.000000,0.008055
2481.629157,real,0.000000,0.010403,0.000000,0.000000,0.000000,0.008055
2481.633947,real,0.000000,0.010403,0.000000,0.000000,0.000000,0.008055
2481.639042,real,0.000000,0.010403,0.000000,0.000000,0.000000,0.008055
2481.644198,real,0.000000,0.010403,0.000000,0.000000,0.000000,0.008055
2481.649352,real,0.000000,0.010403,0.000000,0.000000,0.000000,0.008055
2481.654060,real,0.000000,0.010403,0.000000,0.000000,0.000000,0.008055
2481.658735,real,0.000000,0.010403,0.000000,0.000000,0.000000,0.008055
2481.663782,real,0.000000,0.010403,0.000000,0.000000,0.000000,0.008055
2481.670049,real,0.000000,0.010403,0.000000,0.000000,0.000000,0.008055
2481.670219,real,0.000000,0.010403,0.000000,0.000000,0.000000,0.008055
2481.770056,real,0.000000,0.010403,0.000000,0.000000,0.000000,0.008055
2481.869370,real,0.000000,0.010403,0.000000,0.000000,0.000000,0.008055
2481.969165,real,0.000000,0.010403,0.000000,0.000000,0.000000,0.008055
2482.069109,real,0.000000,0.010403,0.000000,0.000000,0.000000,0.008055
2482.169245,real,0.000000,0.010403,0.000000,0.000000,0.000000,0.008055
2482.177607,real,0.000000,0.010403,0.000000,0.000000,0.000000,0.008055
2482.182640,real,0.000000,0.010403,0.000000,0.000000,0.000000,0.008055
2482.187579,real,0.000000,0.010403,0.000000,0.000000,0.000000,0.008055
2482.192636,real,0.000000,0.010403,0.000000,0.000000,0.000000,0.008055
2482.197611,real,0.000000,0.010403,0.000000,0.000000,0.000000,0.008055
2482.202491,real,0.000000,0.010403,0.000000,0.000000,0.000000,0.016111
2482.207542,real,0.000000,0.010403,0.000000,0.000000,0.000000,0.024166
2482.212834,real,0.000000,0.010403,0.000000,0.000000,0.000000,0.048332
2482.217563,real,0.000000,0.010403,0.000000,0.000000,0.000000,0.056388
2482.222775,real,0.000000,0.010403,0.000000,0.000000,0.000000,0.080554
2482.227729,real,0.000000,0.010403,0.000000,0.000000,0.000000,0.088609
2482.232928,real,0.000000,0.010403,0.000000,0.000000,0.000000,0.112775
2482.237674,real,0.000000,0.010403,0.000000,0.000000,0.000000,0.128886
2482.242588,real,0.000000,0.010403,0.000000,0.000000,0.000000,0.136941
2482.247700,real,0.000000,0.010403,0.000000,0.000000,0.000000,0.153052
2482.252711,real,0.000000,0.010403,0.000000,0.000000,0.000000,0.161107
2482.257657,real,0.031208,0.010403,0.000000,0.000000,0.000000,0.169163
2482.262598,real,0.062416,0.031208,0.000000,0.000000,0.000000,0.169163
2482.268331,real,0.083221,0.041610,0.000000,0.000000,0.000000,0.185273
2482.268783,real,0.083221,0.041610,0.000000,0.000000,0.000000,0.185273
2482.272985,real,0.093624,0.041610,0.000000,0.000000,0.000000,0.185273
2482.277800,real,0.124831,0.062416,0.000000,0.000000,0.000000,0.185273
2482.282692,real,0.135234,0.072818,0.000000,0.000000,0.000000,0.185273
2482.287766,real,0.145637,0.093624,0.000000,0.000000,0.000000,0.185273
2482.292886,real,0.166442,0.114429,0.000000,0.000000,0.000000,0.185273
2482.297642,real,0.176845,0.135234,0.000000,0.000000,0.000000,0.185273
2482.302604,real,0.197650,0.145637,0.000000,0.000000,0.000000,0.185273
2482.307668,real,0.208052,0.156039,0.000000,0.000000,0.000000,0.185273
2482.312828,real,0.208052,0.176845,0.000000,0.000000,0.000000,0.177218
2482.317671,real,0.228858,0.187247,0.000000,0.000000,0.020805,0.177218
2482.323218,real,0.239260,0.208052,0.000000,0.000000,0.020805,0.177218
2482.327979,real,0.260066,0.208052,0.000000,0.000000,0.020805,0.177218
2482.332776,real,0.270468,0.228858,0.000000,0.000000,0.052013,0.177218
2482.337831,real,0.291273,0.249663,0.000000,0.000000,0.072818,0.177218
2482.342860,real,0.312079,0.260066,0.000000,0.000000,0.093624,0.177218
2482.347627,real,0.322481,0.270468,0.000000,0.000000,0.104026,0.177218
2482.354034,real,0.322481,0.291273,0.000000,0.000000,0.114429,0.177218
2482.357817,real,0.343287,0.301676,0.000000,0.000000,0.135234,0.177218
2482.362731,real,0.353689,0.322481,0.000000,0.010403,0.135234,0.177218
2482.367986,real,0.384897,0.332884,0.010403,0.010403,0.156039,0.177218
2482.368635,real,0.384897,0.332884,0.010403,0.010403,0.166442,0.177218
2482.372813,real,0.395300,0.343287,0.010403,0.010403,0.176845,0.177218
2482.377931,real,0.405702,0.364092,0.031208,0.041610,0.187247,0.177218
2482.382740,real,0.426508,0.374494,0.052013,0.052013,0.197650,0.177218
2482.387806,real,0.436910,0.395300,0.062416,0.062416,0.197650,0.177218
2482.392707,real,0.457715,0.405702,0.072818,0.093624,0.218455,0.177218
2482.397688,real,0.468118,0.416105,0.093624,0.104026,0.249663,0.177218
2482.402725,real,0.478521,0.436910,0.093624,0.124831,0.260066,0.177218
2482.407820,real,0.509729,0.447313,0.114429,0.135234,0.260066,0.177218
2482.412901,real,0.520131,0.457715,0.124831,0.135234,0.291273,0.177218
2482.417552,real,0.530534,0.457715,0.124831,0.156039,0.301676,0.177218
2482.422987,real,0.551339,0.488923,0.156039,0.166442,0.322481,0.177218
2482.427516,real,0.561742,0.509729,0.166442,0.187247,0.332884,0.177218
2482.432779,real,0.582547,0.520131,0.176845,0.187247,0.343287,0.177218
2482.439914,real,0.592950,0.530534,0.197650,0.187247,0.353689,0.177218
2482.442448,real,0.603352,0.551339,0.197650,0.218455,0.353689,0.177218
2482.447738,real,0.624157,0.561742,0.218455,0.228858,0.395300,0.177218
2482.452826,real,0.634560,0.582547,0.228858,0.239260,0.405702,0.177218
2482.457710,real,0.655365,0.592950,0.239260,0.260066,0.416105,0.177218
2482.462536,real,0.665768,0.603352,0.260066,0.270468,0.436910,0.177218
2482.467783,real,0.676171,0.624157,0.270468,0.291273,0.447313,0.177218
2482.473072,real,0.707378,0.634560,0.291273,0.301676,0.468118,0.177218
2482.477490,real,0.717781,0.644963,0.301676,0.312079,0.478521,0.177218
2482.482572,real,0.728184,0.665768,0.301676,0.322481,0.488923,0.177218
2482.487656,real,0.748989,0.676171,0.322481,0.322481,0.509729,0.177218
2482.492490,real,0.759392,0.696976,0.332884,0.353689,0.520131,0.177218
2482.497442,real,0.780197,0.707378,0.343287,0.364092,0.530534,0.177218
2482.502534,real,0.790599,0.717781,0.364092,0.374494,0.551339,0.177218
2482.507543,real,0.801002,0.738586,0.374494,0.395300,0.561742,0.177218
2482.512434,real,0.821807,0.738586,0.395300,0.395300,0.582547,0.177218
2482.517466,real,0.832210,0.769794,0.405702,0.416105,0.592950,0.177218
2482.522423,real,0.863418,0.780197,0.416105,0.436910,0.603352,0.177218
2482.527316,real,0.873820,0.790599,0.436910,0.447313,0.624157,0.177218
2482.532659,real,0.884223,0.811405,0.436910,0.447313,0.634560,0.177218
2482.537429,real,0.905028,0.821807,0.468118,0.468118,0.644963,0.177218
2482.542292,real,0.915431,0.832210,0.468118,0.478521,0.644963,0.177218
2482.547300,real,0.925834,0.853015,0.478521,0.499326,0.676171,0.177218
2482.552299,real,0.946639,0.853015,0.488923,0.509729,0.696976,0.177218
2482.557346,real,0.957041,0.873820,0.509729,0.530534,0.707378,0.177218
2482.562287,real,0.977847,0.884223,0.520131,0.540936,0.717781,0.177218
2482.567692,real,0.988249,0.894626,0.530534,0.551339,0.738586,0.177218
2482.567990,real,0.988249,0.905028,0.530534,0.551339,0.738586,0.177218
2482.572592,real,0.998652,0.905028,0.530534,0.572144,0.738586,0.177218
2482.577287,real,1.019457,0.925834,0.561742,0.582547,0.769794,0.177218
2482.582477,real,1.019457,0.946639,0.572144,0.592950,0.769794,0.177218
2482.587152,real,1.019457,0.957041,0.592950,0.603352,0.780197,0.177218
2482.592255,real,1.019457,0.967444,0.592950,0.613755,0.790599,0.177218
2482.597348,real,1.019457,0.988249,0.613755,0.634560,0.811405,0.177218
2482.602368,real,1.019457,0.998652,0.624157,0.644963,0.821807,0.177218
2482.607282,real,1.019457,1.009055,0.644963,0.644963,0.842613,0.177218
2482.612288,real,1.019457,1.029860,0.655365,0.676171,0.853015,0.177218
2482.617369,real,1.019457,1.040262,0.676171,0.686573,0.863418,0.177218
2482.622199,real,1.019457,1.061068,0.686573,0.696976,0.884223,0.177218
2482.627149,real,1.019457,1.071470,0.696976,0.707378,0.894626,0.177218
2482.632183,real,1.019457,1.081873,0.696976,0.717781,0.915431,0.177218
2482.637408,real,1.019457,1.102678,0.717781,0.738586,0.915431,0.177218
2482.642240,real,1.019457,1.113081,0.738586,0.748989,0.946639,0.177218
2482.647089,real,1.019457,1.123483,0.748989,0.748989,0.957041,0.177218
2482.652213,real,1.019457,1.133886,0.759392,0.780197,0.967444,0.177218
2482.657331,real,1.019457,1.154691,0.780197,0.790599,0.977847,0.177218
2482.662206,real,1.019457,1.154691,0.790599,0.801002,0.998652,0.177218
2482.667486,real,1.019457,1.175497,0.811405,0.801002,1.009055,0.177218
2482.667686,real,1.019457,1.175497,0.811405,0.801002,1.019457,0.177218
2482.672481,real,1.019457,1.175497,0.821807,0.801002,1.029860,0.177218
2482.677299,real,1.019457,1.175497,0.832210,0.842613,1.040262,0.177218
2482.682180,real,1.019457,1.175497,0.853015,0.853015,1.050665,0.177218
2482.687095,real,1.019457,1.175497,0.863418,0.873820,1.050665,0.177218
2482.692201,real,1.019457,1.175497,0.863418,0.884223,1.071470,0.177218
2482.697523,real,1.019457,1.175497,0.884223,0.894626,1.081873,0.177218
2482.701848,real,1.019457,1.175497,0.894626,0.905028,1.081873,0.177218
2482.707119,real,1.019457,1.175497,0.915431,0.905028,1.081873,0.177218
2482.712135,real,1.019457,1.175497,0.925834,0.925834,1.081873,0.177218
2482.717504,real,1.019457,1.175497,0.936236,0.946639,1.081873,0.177218
2482.722097,real,1.019457,1.175497,0.957041,0.957041,1.081873,0.177218
2482.727143,real,1.019457,1.175497,0.957041,0.967444,1.081873,0.177218
2482.732032,real,1.019457,1.175497,0.977847,0.988249,1.081873,0.177218
2482.737319,real,1.019457,1.175497,0.988249,0.998652,1.081873,0.177218
2482.742187,real,1.019457,1.175497,0.998652,1.019457,1.081873,0.177218
2482.746884,real,1.019457,1.175497,1.019457,1.029860,1.081873,0.177218
2482.752031,real,1.019457,1.175497,1.029860,1.050665,1.081873,0.177218
2482.757439,real,1.019457,1.175497,1.040262,1.061068,1.081873,0.177218
2482.761904,real,1.019457,1.175497,1.061068,1.071470,1.081873,0.177218
2482.767237,real,1.019457,1.175497,1.071470,1.092276,1.081873,0.177218
2482.769364,real,1.019457,1.175497,1.071470,1.092276,1.081873,0.177218
2482.772155,real,1.019457,1.175497,1.092276,1.102678,1.081873,0.177218
2482.777101,real,1.019457,1.175497,1.102678,1.113081,1.081873,0.177218
2482.781812,real,1.019457,1.175497,1.113081,1.133886,1.081873,0.177218
2482.787051,real,1.019457,1.175497,1.113081,1.144289,1.081873,0.177218
2482.792068,real,1.019457,1.175497,1.133886,1.165094,1.081873,0.177218
2482.796837,real,1.019457,1.175497,1.154691,1.165094,1.081873,0.177218
2482.801779,real,1.019457,1.175497,1.165094,1.165094,1.081873,0.177218
2482.806752,real,1.019457,1.175497,1.175497,1.185899,1.081873,0.177218
2482.811752,real,1.019457,1.175497,1.185899,1.185899,1.081873,0.177218
2482.816855,real,1.019457,1.175497,1.206704,1.185899,1.081873,0.177218
2482.822204,real,1.019457,1.175497,1.206704,1.185899,1.081873,0.177218
2482.826816,real,1.019457,1.175497,1.206704,1.185899,1.081873,0.177218
2482.831781,real,1.019457,1.175497,1.206704,1.185899,1.081873,0.177218
2482.837488,real,1.019457,1.175497,1.206704,1.185899,1.081873,0.177218
2482.841874,real,1.019457,1.175497,1.206704,1.185899,1.081873,0.177218
2482.846750,real,1.019457,1.175497,1.206704,1.185899,1.081873,0.177218
2482.851963,real,1.019457,1.175497,1.206704,1.185899,1.081873,0.177218
2482.857430,real,1.019457,1.175497,1.206704,1.185899,1.081873,0.177218
2482.861697,real,1.019457,1.175497,1.206704,1.185899,1.081873,0.177218
2482.867011,real,1.019457,1.175497,1.206704,1.185899,1.081873,0.177218
2482.867495,real,1.019457,1.175497,1.206704,1.185899,1.081873,0.177218
2482.871655,real,1.019457,1.175497,1.206704,1.185899,1.081873,0.177218
2482.876477,real,1.019457,1.175497,1.206704,1.185899,1.081873,0.177218
2482.881845,real,1.019457,1.175497,1.206704,1.185899,1.081873,0.177218
2482.886537,real,1.019457,1.175497,1.206704,1.185899,1.081873,0.177218
2482.891517,real,1.019457,1.175497,1.206704,1.185899,1.081873,0.177218
2482.896540,real,1.019457,1.175497,1.206704,1.185899,1.081873,0.177218
2482.901756,real,1.019457,1.175497,1.206704,1.185899,1.081873,0.177218
2482.906422,real,1.019457,1.175497,1.206704,1.185899,1.081873,0.177218
2482.911367,real,1.019457,1.175497,1.206704,1.185899,1.081873,0.177218
2482.916345,real,1.019457,1.175497,1.206704,1.185899,1.081873,0.177218
2482.921563,real,1.019457,1.175497,1.206704,1.185899,1.081873,0.177218
2482.926117,real,1.019457,1.175497,1.206704,1.185899,1.081873,0.177218
2482.931250,real,1.019457,1.175497,1.206704,1.185899,1.081873,0.177218
2482.936335,real,1.019457,1.175497,1.206704,1.185899,1.081873,0.177218
2482.941370,real,1.019457,1.175497,1.206704,1.185899,1.081873,0.177218
2482.946182,real,1.019457,1.175497,1.206704,1.185899,1.081873,0.177218
2482.951156,real,1.019457,1.175497,1.206704,1.185899,1.081873,0.177218
2482.956425,real,1.019457,1.175497,1.206704,1.185899,1.081873,0.177218
2482.961651,real,1.019457,1.175497,1.206704,1.185899,1.081873,0.177218
2482.966902,real,1.019457,1.175497,1.206704,1.185899,1.092276,0.177218
2482.971215,real,1.019457,1.175497,1.206704,1.185899,1.092276,0.177218
2482.976168,real,1.019457,1.175497,1.206704,1.185899,1.092276,0.177218
2482.981587,real,1.019457,1.175497,1.206704,1.185899,1.092276,0.177218
2482.986275,real,1.019457,1.175497,1.206704,1.185899,1.092276,0.177218
2482.991167,real,1.019457,1.175497,1.206704,1.185899,1.092276,0.177218
2482.996239,real,1.019457,1.175497,1.206704,1.185899,1.092276,0.177218
2483.001643,real,1.019457,1.175497,1.206704,1.185899,1.092276,0.177218
2483.006058,real,1.019457,1.175497,1.206704,1.185899,1.092276,0.177218
2483.011322,real,1.019457,1.175497,1.206704,1.185899,1.092276,0.177218
2483.016544,real,1.019457,1.175497,1.206704,1.185899,1.092276,0.177218
2483.021181,real,1.019457,1.175497,1.206704,1.185899,1.092276,0.177218
2483.025942,real,1.019457,1.175497,1.206704,1.185899,1.092276,0.177218
2483.067153,real,1.019457,1.175497,1.206704,1.185899,1.092276,0.177218
2483.166547,real,1.019457,1.175497,1.206704,1.185899,1.092276,0.177218
2483.266399,real,1.019457,1.175497,1.206704,1.185899,1.092276,0.177218
2483.366378,real,1.019457,1.175497,1.206704,1.185899,1.092276,0.177218
2483.466453,real,1.019457,1.175497,1.206704,1.185899,1.092276,0.177218
2483.565909,real,1.019457,1.175497,1.206704,1.185899,1.092276,0.177218
2483.665714,real,1.019457,1.175497,1.206704,1.185899,1.092276,0.177218
2483.765604,real,1.029860,1.175497,1.206704,1.185899,1.092276,0.177218
2483.865626,real,1.029860,1.175497,1.206704,1.185899,1.092276,0.177218
2483.889701,real,1.029860,1.175497,1.206704,1.185899,1.092276,0.177218
2483.894679,real,1.029860,1.175497,1.206704,1.185899,1.092276,0.177218
2483.899415,real,1.029860,1.175497,1.206704,1.185899,1.092276,0.177218
2483.904525,real,1.029860,1.175497,1.206704,1.185899,1.092276,0.177218
2483.909784,real,1.029860,1.175497,1.206704,1.185899,1.092276,0.177218
2483.914515,real,1.009055,1.175497,1.206704,1.185899,1.092276,0.177218
2483.919473,real,0.998652,1.175497,1.206704,1.185899,1.092276,0.177218
2483.924529,real,0.988249,1.175497,1.206704,1.165094,1.092276,0.177218
2483.929731,real,0.957041,1.165094,1.206704,1.165094,1.092276,0.177218
2483.934538,real,0.946639,1.165094,1.206704,1.165094,1.071470,0.177218
2483.939446,real,0.915431,1.165094,1.206704,1.144289,1.071470,0.177218
2483.944663,real,0.905028,1.133886,1.175497,1.133886,1.071470,0.177218
2483.949612,real,0.894626,1.113081,1.175497,1.102678,1.040262,0.177218
2483.954411,real,0.863418,1.102678,1.175497,1.092276,1.019457,0.177218
2483.959478,real,0.853015,1.081873,1.144289,1.071470,1.009055,0.177218
2483.964523,real,0.832210,1.071470,1.133886,1.061068,0.998652,0.177218
2483.969780,real,0.821807,1.061068,1.113081,1.050665,0.977847,0.177218
2483.974455,real,0.811405,1.029860,1.102678,1.029860,0.967444,0.177218
2483.979478,real,0.801002,1.019457,1.081873,1.019457,0.946639,0.177218
2483.984363,real,0.801002,1.009055,1.071470,1.009055,0.936236,0.177218
2483.989729,real,0.780197,0.988249,1.071470,1.009055,0.936236,0.177218
2483.994314,real,0.759392,0.977847,1.050665,0.988249,0.905028,0.177218
2483.999410,real,0.748989,0.957041,1.040262,0.967444,0.894626,0.153052
2484.004607,real,0.728184,0.946639,1.029860,0.957041,0.884223,0.153052
2484.009702,real,0.717781,0.925834,1.009055,0.946639,0.853015,0.128886
2484.014266,real,0.707378,0.905028,0.998652,0.925834,0.853015,0.112775
2484.019431,real,0.686573,0.894626,0.977847,0.915431,0.832210,0.104720
2484.024278,real,0.676171,0.873820,0.967444,0.894626,0.821807,0.080554
2484.030166,real,0.655365,0.863418,0.957041,0.884223,0.801002,0.072498
2484.034492,real,0.644963,0.853015,0.936236,0.873820,0.780197,0.048332
2484.039245,real,0.634560,0.842613,0.925834,0.873820,0.780197,0.032221
2484.044240,real,0.613755,0.821807,0.925834,0.873820,0.759392,0.024166
2484.049246,real,0.613755,0.801002,0.905028,0.842613,0.748989,0.008055
2484.054293,real,0.613755,0.780197,0.894626,0.821807,0.738586,0.000000
2484.059259,real,0.582547,0.769794,0.873820,0.811405,0.707378,0.000000
2484.064513,real,0.572144,0.748989,0.863418,0.790599,0.696976,0.000000
2484.064848,real,0.572144,0.748989,0.863418,0.790599,0.696976,0.000000
2484.069785,real,0.551339,0.738586,0.842613,0.780197,0.686573,0.000000
2484.074228,real,0.540936,0.728184,0.832210,0.769794,0.665768,0.000000
2484.079100,real,0.530534,0.707378,0.821807,0.748989,0.655365,0.000000
2484.084275,real,0.509729,0.696976,0.801002,0.738586,0.634560,0.000000
2484.089605,real,0.499326,0.676171,0.801002,0.728184,0.624157,0.000000
2484.094204,real,0.478521,0.665768,0.780197,0.728184,0.613755,0.000000
2484.099162,real,0.468118,0.655365,0.759392,0.707378,0.592950,0.000000
2484.104211,real,0.457715,0.624157,0.759392,0.686573,0.582547,0.000000
2484.109197,real,0.457715,0.613755,0.759392,0.676171,0.561742,0.000000
2484.114201,real,0.436910,0.603352,0.728184,0.665768,0.551339,0.000000
2484.119174,real,0.426508,0.582547,0.717781,0.644963,0.540936,0.000000
2484.123908,real,0.405702,0.572144,0.696976,0.634560,0.520131,0.000000
2484.128993,real,0.405702,0.551339,0.686573,0.634560,0.509729,0.000000
2484.134250,real,0.374494,0.530534,0.676171,0.613755,0.499326,0.000000
2484.138917,real,0.364092,0.520131,0.655365,0.603352,0.478521,0.000000
2484.143837,real,0.353689,0.499326,0.644963,0.582547,0.478521,0.000000
2484.149023,real,0.332884,0.488923,0.634560,0.572144,0.447313,0.000000
2484.153996,real,0.322481,0.468118,0.634560,0.551339,0.436910,0.000000
2484.158824,real,0.301676,0.457715,0.613755,0.540936,0.426508,0.000000
2484.164420,real,0.291273,0.447313,0.592950,0.530534,0.405702,0.000000
2484.164771,real,0.291273,0.426508,0.592950,0.530534,0.405702,0.000000
2484.168974,real,0.280871,0.416105,0.582547,0.509729,0.384897,0.000000
2484.173807,real,0.260066,0.405702,0.561742,0.499326,0.364092,0.000000
2484.178973,real,0.260066,0.395300,0.551339,0.499326,0.353689,0.000000
2484.183995,real,0.260066,0.374494,0.540936,0.478521,0.343287,0.000000
2484.188907,real,0.228858,0.364092,0.520131,0.478521,0.322481,0.000000
2484.194121,real,0.218455,0.343287,0.509729,0.447313,0.312079,0.000000
2484.198976,real,0.197650,0.332884,0.499326,0.447313,0.312079,0.000000
2484.203938,real,0.187247,0.322481,0.499326,0.426508,0.280871,0.000000
2484.208855,real,0.176845,0.291273,0.478521,0.405702,0.270468,0.000000
2484.214039,real,0.156039,0.280871,0.457715,0.395300,0.249663,0.000000
2484.218893,real,0.145637,0.260066,0.447313,0.374494,0.239260,0.000000
2484.223733,real,0.124831,0.249663,0.436910,0.364092,0.228858,0.000000
2484.229030,real,0.114429,0.239260,0.416105,0.353689,0.208052,0.000000
2484.233995,real,0.114429,0.218455,0.405702,0.353689,0.197650,0.000000
2484.238672,real,0.093624,0.208052,0.384897,0.332884,0.176845,0.000000
2484.243786,real,0.093624,0.197650,0.374494,0.322481,0.166442,0.000000
2484.248879,real,0.072818,0.176845,0.374494,0.301676,0.156039,0.000000
2484.253680,real,0.052013,0.166442,0.353689,0.291273,0.135234,0.000000
2484.258756,real,0.041610,0.145637,0.343287,0.280871,0.124831,0.000000
2484.264068,real,0.020805,0.124831,0.332884,0.280871,0.124831,0.000000
2484.264378,real,0.020805,0.124831,0.322481,0.280871,0.104026,0.000000
2484.268807,real,0.010403,0.114429,0.312079,0.260066,0.093624,0.000000
2484.273825,real,0.000000,0.093624,0.301676,0.239260,0.083221,0.000000
2484.278637,real,0.000000,0.083221,0.291273,0.218455,0.062416,0.000000
2484.283553,real,0.000000,0.062416,0.270468,0.218455,0.052013,0.000000
2484.288590,real,0.000000,0.052013,0.260066,0.197650,0.041610,0.000000
2484.293978,real,0.000000,0.031208,0.239260,0.187247,0.020805,0.000000
2484.298659,real,0.000000,0.020805,0.228858,0.166442,0.010403,0.000000
2484.303545,real,0.000000,0.020805,0.208052,0.156039,0.000000,0.000000
2484.308735,real,0.000000,0.020805,0.208052,0.145637,0.000000,0.000000
2484.313853,real,0.000000,0.010403,0.208052,0.135234,0.000000,0.000000
2484.318699,real,0.000000,0.010403,0.176845,0.124831,0.000000,0.000000
2484.323578,real,0.000000,0.010403,0.166442,0.104026,0.000000,0.000000
2484.328782,real,0.000000,0.010403,0.156039,0.093624,0.000000,0.000000
2484.333550,real,0.000000,0.010403,0.135234,0.083221,0.000000,0.000000
2484.338755,real,0.000000,0.010403,0.124831,0.072818,0.000000,0.000000
2484.343498,real,0.000000,0.010403,0.104026,0.072818,0.000000,0.000000
2484.348612,real,0.000000,0.010403,0.093624,0.041610,0.000000,0.000000
2484.353908,real,0.000000,0.010403,0.093624,0.020805,0.000000,0.000000
2484.358717,real,0.000000,0.010403,0.072818,0.010403,0.000000,0.000000
2484.363861,real,0.000000,0.010403,0.062416,0.000000,0.000000,0.000000
2484.364144,real,0.000000,0.010403,0.062416,0.000000,0.000000,0.000000
2484.368593,real,0.000000,0.010403,0.041610,0.000000,0.000000,0.000000
2484.373685,real,0.000000,0.010403,0.031208,0.000000,0.000000,0.000000
2484.378726,real,0.000000,0.010403,0.020805,0.000000,0.000000,0.000000
2484.383515,real,0.000000,0.010403,0.000000,0.000000,0.000000,0.000000
2484.388855,real,0.000000,0.010403,0.000000,0.000000,0.000000,0.000000
2484.393949,real,0.000000,0.010403,0.000000,0.000000,0.000000,0.000000
2484.398511,real,0.000000,0.010403,0.000000,0.000000,0.000000,0.000000
2484.403366,real,0.000000,0.010403,0.000000,0.000000,0.000000,0.000000
2484.408619,real,0.000000,0.010403,0.000000,0.000000,0.000000,0.000000
2484.413516,real,0.000000,0.010403,0.000000,0.000000,0.000000,0.000000
2484.418749,real,0.000000,0.010403,0.000000,0.000000,0.000000,0.000000
2484.423549,real,0.000000,0.010403,0.000000,0.000000,0.000000,0.000000
2484.428321,real,0.000000,0.010403,0.000000,0.000000,0.000000,0.000000
2484.433937,real,0.000000,0.010403,0.000000,0.000000,0.000000,0.000000
2484.438478,real,0.000000,0.010403,0.000000,0.000000,0.000000,0.000000
2484.443344,real,0.000000,0.010403,0.000000,0.000000,0.000000,0.000000
2484.448390,real,0.000000,0.010403,0.000000,0.000000,0.000000,0.000000
2484.453703,real,0.000000,0.010403,0.000000,0.000000,0.000000,0.000000
2484.458488,real,0.000000,0.010403,0.000000,0.000000,0.000000,0.000000
2484.463486,real,0.000000,0.010403,0.000000,0.000000,0.000000,0.000000
2484.468536,real,0.000000,0.010403,0.000000,0.000000,0.000000,0.000000
2484.473618,real,0.000000,0.010403,0.000000,0.000000,0.000000,0.000000
2484.478391,real,0.000000,0.010403,0.000000,0.000000,0.000000,0.000000
2484.483369,real,0.000000,0.010403,0.000000,0.000000,0.000000,0.000000
2484.488460,real,0.000000,0.010403,0.000000,0.000000,0.000000,0.000000
2484.493784,real,0.000000,0.010403,0.000000,0.000000,0.000000,0.000000
2484.498490,real,0.000000,0.010403,0.000000,0.000000,0.000000,0.000000
2484.503181,real,0.000000,0.010403,0.000000,0.000000,0.000000,0.000000
2484.508236,real,0.000000,0.010403,0.000000,0.000000,0.000000,0.000000
2484.513237,real,0.000000,0.010403,0.000000,0.000000,0.000000,0.000000
2484.518145,real,0.000000,0.010403,0.000000,0.000000,0.000000,0.000000
2484.523012,real,0.000000,0.010403,0.000000,0.000000,0.000000,0.000000
2484.528048,real,0.000000,0.010403,0.000000,0.000000,0.000000,0.000000
2484.533153,real,0.000000,0.010403,0.000000,0.000000,0.000000,0.000000
2484.538053,real,0.000000,0.010403,0.000000,0.000000,0.000000,0.000000
2484.542736,real,0.000000,0.010403,0.000000,0.000000,0.000000,0.000000
2484.547807,real,0.000000,0.010403,0.000000,0.000000,0.000000,0.000000
2484.552981,real,0.000000,0.010403,0.000000,0.000000,0.000000,0.000000
2484.557994,real,0.000000,0.010403,0.000000,0.000000,0.000000,0.000000
2484.564217,real,0.000000,0.010403,0.000000,0.000000,0.000000,0.000000
2484.564467,real,0.000000,0.010403,0.000000,0.000000,0.000000,0.000000
2484.567891,real,0.000000,0.010403,0.000000,0.000000,0.000000,0.000000
2484.572865,real,0.000000,0.010403,0.000000,0.000000,0.000000,0.000000
2484.577766,real,0.000000,0.010403,0.000000,0.000000,0.000000,0.000000
2484.582628,real,0.000000,0.010403,0.000000,0.000000,0.000000,0.000000
2484.587539,real,0.000000,0.010403,0.000000,0.000000,0.000000,0.000000
2484.592591,real,0.000000,0.010403,0.000000,0.000000,0.000000,0.000000
2484.663812,real,0.000000,0.010403,0.000000,0.000000,0.000000,0.000000
2484.763468,real,0.000000,0.010403,0.000000,0.000000,0.000000,0.000000
2484.863145,real,0.000000,0.010403,0.000000,0.000000,0.000000,0.000000
2484.962956,real,0.000000,0.010403,0.000000,0.000000,0.000000,0.000000
2485.021869,real,0.000000,0.010403,0.000000,0.000000,0.000000,0.000000
2485.026745,real,0.000000,0.010403,0.000000,0.000000,0.000000,0.000000
2485.031779,real,0.000000,0.010403,0.000000,0.000000,0.000000,0.000000
2485.036685,real,0.000000,0.010403,0.000000,0.000000,0.000000,0.000000
2485.041779,real,0.000000,0.010403,0.000000,0.000000,0.000000,0.000000
2485.046736,real,0.000000,0.010403,0.000000,0.000000,0.000000,0.000000
2485.051622,real,0.000000,0.010403,0.000000,0.000000,0.000000,0.016111
2485.056649,real,0.020805,0.010403,0.000000,0.000000,0.000000,0.024166
2485.062573,real,0.031208,0.010403,0.000000,0.000000,0.000000,0.048332
2485.064543,real,0.031208,0.010403,0.000000,0.000000,0.000000,0.048332
2485.066881,real,0.062416,0.010403,0.000000,0.000000,0.000000,0.056388
2485.071779,real,0.072818,0.010403,0.000000,0.000000,0.000000,0.064443
2485.076945,real,0.093624,0.010403,0.000000,0.000000,0.000000,0.088609
2485.082092,real,0.114429,0.010403,0.000000,0.000000,0.000000,0.104720
2485.086720,real,0.124831,0.010403,0.000000,0.000000,0.000000,0.128886
2485.091867,real,0.135234,0.010403,0.000000,0.000000,0.000000,0.136941
2485.096988,real,0.156039,0.010403,0.000000,0.000000,0.000000,0.144997
2485.101793,real,0.166442,0.020805,0.000000,0.000000,0.000000,0.144997
2485.106806,real,0.187247,0.020805,0.000000,0.000000,0.000000,0.144997
2485.111746,real,0.197650,0.020805,0.000000,0.000000,0.010403,0.144997
2485.116899,real,0.197650,0.052013,0.000000,0.000000,0.010403,0.161107
2485.122313,real,0.218455,0.062416,0.000000,0.000000,0.010403,0.161107
2485.126864,real,0.239260,0.072818,0.000000,0.000000,0.041610,0.161107
2485.131873,real,0.249663,0.093624,0.000000,0.000000,0.052013,0.161107
2485.136999,real,0.270468,0.104026,0.000000,0.000000,0.062416,0.161107
2485.141934,real,0.280871,0.124831,0.000000,0.000000,0.083221,0.161107
2485.146822,real,0.301676,0.135234,0.000000,0.000000,0.093624,0.153052
2485.151836,real,0.312079,0.145637,0.000000,0.000000,0.114429,0.153052
2485.156945,real,0.312079,0.166442,0.000000,0.000000,0.124831,0.153052
2485.162480,real,0.343287,0.176845,0.000000,0.010403,0.145637,0.153052
2485.164369,real,0.343287,0.176845,0.000000,0.010403,0.145637,0.153052
2485.167050,real,0.364092,0.197650,0.000000,0.010403,0.156039,0.153052
2485.172206,real,0.384897,0.208052,0.000000,0.010403,0.166442,0.153052
2485.176924,real,0.395300,0.218455,0.000000,0.052013,0.187247,0.153052
2485.182139,real,0.405702,0.239260,0.000000,0.072818,0.197650,0.144997
2485.187040,real,0.426508,0.239260,0.000000,0.083221,0.218455,0.144997
2485.192128,real,0.436910,0.260066,0.000000,0.093624,0.228858,0.144997
2485.197093,real,0.447313,0.280871,0.000000,0.104026,0.239260,0.144997
2485.202152,real,0.478521,0.291273,0.000000,0.124831,0.260066,0.144997
2485.206987,real,0.488923,0.312079,0.000000,0.124831,0.270468,0.144997
2485.211860,real,0.509729,0.322481,0.000000,0.145637,0.280871,0.144997
2485.217080,real,0.520131,0.332884,0.000000,0.156039,0.301676,0.144997
2485.221979,real,0.530534,0.353689,0.031208,0.166442,0.312079,0.144997
2485.226709,real,0.551339,0.364092,0.052013,0.187247,0.332884,0.144997
2485.231762,real,0.561742,0.384897,0.062416,0.187247,0.343287,0.144997
2485.236831,real,0.582547,0.395300,0.072818,0.208052,0.353689,0.144997
2485.241993,real,0.603352,0.405702,0.093624,0.218455,0.374494,0.144997
2485.246570,real,0.613755,0.426508,0.104026,0.239260,0.384897,0.144997
2485.251643,real,0.634560,0.436910,0.114429,0.260066,0.405702,0.144997
2485.256954,real,0.644963,0.447313,0.114429,0.270468,0.426508,0.144997
2485.262084,real,0.665768,0.457715,0.135234,0.291273,0.436910,0.144997
2485.263751,real,0.665768,0.457715,0.145637,0.291273,0.447313,0.144997
2485.266551,real,0.676171,0.478521,0.156039,0.291273,0.457715,0.144997
2485.271595,real,0.686573,0.509729,0.166442,0.291273,0.457715,0.144997
2485.276564,real,0.707378,0.509729,0.176845,0.322481,0.457715,0.144997
2485.281899,real,0.717781,0.509729,0.197650,0.332884,0.488923,0.144997
2485.286885,real,0.738586,0.540936,0.197650,0.332884,0.509729,0.144997
2485.291605,real,0.759392,0.540936,0.218455,0.353689,0.530534,0.144997
2485.296709,real,0.769794,0.572144,0.228858,0.364092,0.540936,0.144997
2485.301997,real,0.790599,0.572144,0.239260,0.384897,0.540936,0.144997
2485.306599,real,0.801002,0.592950,0.260066,0.395300,0.572144,0.144997
2485.311395,real,0.811405,0.603352,0.260066,0.416105,0.582547,0.144997
2485.316687,real,0.832210,0.624157,0.291273,0.426508,0.603352,0.144997
2485.321888,real,0.842613,0.644963,0.301676,0.436910,0.603352,0.144997
2485.326600,real,0.853015,0.665768,0.301676,0.447313,0.603352,0.144997
2485.331679,real,0.873820,0.676171,0.322481,0.447313,0.634560,0.144997
2485.336511,real,0.884223,0.686573,0.322481,0.478521,0.644963,0.144997
2485.341864,real,0.905028,0.696976,0.343287,0.488923,0.655365,0.144997
2485.346510,real,0.915431,0.707378,0.364092,0.499326,0.676171,0.144997
2485.351460,real,0.925834,0.717781,0.374494,0.520131,0.686573,0.144997
2485.356435,real,0.957041,0.738586,0.395300,0.530534,0.707378,0.144997
2485.361765,real,0.967444,0.759392,0.405702,0.540936,0.717781,0.144997
2485.362054,real,0.967444,0.759392,0.405702,0.551339,0.717781,0.144997
2485.366556,real,0.988249,0.769794,0.405702,0.561742,0.728184,0.144997
2485.371479,real,0.998652,0.780197,0.436910,0.572144,0.748989,0.144997
2485.376767,real,1.009055,0.801002,0.447313,0.582547,0.759392,0.144997
2485.381613,real,1.019457,0.811405,0.468118,0.603352,0.780197,0.144997
2485.386492,real,1.019457,0.821807,0.468118,0.603352,0.790599,0.144997
2485.391307,real,1.019457,0.842613,0.488923,0.624157,0.801002,0.144997
2485.396724,real,1.019457,0.853015,0.488923,0.634560,0.811405,0.144997
2485.401816,real,1.019457,0.863418,0.509729,0.655365,0.811405,0.144997
2485.406244,real,1.019457,0.884223,0.520131,0.665768,0.832210,0.144997
2485.411364,real,1.019457,0.894626,0.540936,0.676171,0.863418,0.144997
2485.416767,real,1.019457,0.915431,0.551339,0.686573,0.873820,0.144997
2485.421609,real,1.019457,0.925834,0.551339,0.686573,0.873820,0.144997
2485.426446,real,1.019457,0.946639,0.582547,0.707378,0.905028,0.144997
2485.431423,real,1.019457,0.957041,0.592950,0.728184,0.915431,0.144997
2485.436446,real,1.019457,0.967444,0.613755,0.738586,0.936236,0.144997
2485.441593,real,1.019457,0.977847,0.613755,0.748989,0.946639,0.144997
2485.446340,real,1.019457,0.977847,0.634560,0.748989,0.946639,0.144997
2485.451238,real,1.019457,1.009055,0.644963,0.780197,0.967444,0.144997
2485.456198,real,1.019457,1.029860,0.655365,0.801002,0.977847,0.144997
2485.461783,real,1.019457,1.040262,0.676171,0.811405,0.998652,0.144997
2485.466331,real,1.019457,1.061068,0.686573,0.811405,1.009055,0.144997
2485.471308,real,1.019457,1.061068,0.686573,0.832210,1.019457,0.144997
2485.476503,real,1.019457,1.061068,0.707378,0.842613,1.040262,0.144997
2485.481140,real,1.019457,1.092276,0.728184,0.863418,1.050665,0.144997
2485.486226,real,1.019457,1.102678,0.738586,0.873820,1.071470,0.144997
2485.491374,real,1.019457,1.123483,0.738586,0.884223,1.081873,0.144997
2485.496193,real,1.019457,1.133886,0.759392,0.905028,1.081873,0.144997
2485.501276,real,1.019457,1.144289,0.780197,0.915431,1.081873,0.144997
2485.506242,real,1.019457,1.165094,0.790599,0.915431,1.081873,0.144997
2485.511242,real,1.019457,1.165094,0.811405,0.936236,1.081873,0.144997
2485.516306,real,1.019457,1.165094,0.821807,0.946639,1.092276,0.144997
2485.521054,real,1.019457,1.185899,0.832210,0.967444,1.092276,0.144997
2485.526202,real,1.019457,1.185899,0.853015,0.977847,1.092276,0.144997
2485.531052,real,1.019457,1.185899,0.853015,0.998652,1.092276,0.144997
2485.536167,real,1.019457,1.185899,0.853015,1.009055,1.092276,0.144997
2485.541179,real,1.019457,1.185899,0.884223,1.019457,1.092276,0.144997
2485.546067,real,1.019457,1.185899,0.894626,1.040262,1.092276,0.144997
2485.551015,real,1.019457,1.185899,0.915431,1.040262,1.092276,0.144997
2485.556168,real,1.019457,1.185899,0.925834,1.061068,1.092276,0.144997
2485.561549,real,1.019457,1.185899,0.936236,1.081873,1.092276,0.144997
2485.561954,real,1.019457,1.185899,0.946639,1.081873,1.092276,0.144997
2485.565934,real,1.019457,1.185899,0.957041,1.092276,1.092276,0.144997
2485.571108,real,1.019457,1.185899,0.967444,1.113081,1.092276,0.144997
2485.576122,real,1.019457,1.185899,0.967444,1.123483,1.092276,0.144997
2485.581012,real,1.019457,1.185899,0.988249,1.133886,1.092276,0.144997
2485.586017,real,1.019457,1.185899,0.998652,1.154691,1.092276,0.144997
2485.591608,real,1.019457,1.185899,1.019457,1.165094,1.092276,0.144997
2485.596015,real,1.019457,1.185899,1.029860,1.165094,1.092276,0.144997
2485.600937,real,1.019457,1.185899,1.040262,1.165094,1.092276,0.144997
2485.606069,real,1.019457,1.185899,1.061068,1.165094,1.092276,0.144997
2485.610814,real,1.019457,1.185899,1.071470,1.175497,1.092276,0.144997
2485.615865,real,1.019457,1.185899,1.092276,1.175497,1.092276,0.144997
2485.620898,real,1.019457,1.185899,1.102678,1.175497,1.092276,0.144997
2485.626071,real,1.019457,1.185899,1.102678,1.175497,1.092276,0.144997
2485.630861,real,1.019457,1.185899,1.123483,1.175497,1.092276,0.144997
2485.636029,real,1.019457,1.185899,1.133886,1.175497,1.092276,0.144997
2485.640911,real,1.019457,1.185899,1.154691,1.175497,1.092276,0.144997
2485.645792,real,1.019457,1.185899,1.165094,1.175497,1.092276,0.144997
2485.650733,real,1.019457,1.185899,1.175497,1.175497,1.092276,0.144997
2485.655838,real,1.019457,1.185899,1.196302,1.175497,1.092276,0.144997
2485.661119,real,1.019457,1.185899,1.196302,1.175497,1.092276,0.144997
2485.661601,real,1.019457,1.185899,1.196302,1.175497,1.092276,0.144997
2485.666288,real,1.019457,1.185899,1.196302,1.175497,1.092276,0.144997
2485.670832,real,1.019457,1.185899,1.206704,1.175497,1.092276,0.144997
2485.675929,real,1.019457,1.185899,1.206704,1.175497,1.092276,0.144997
2485.680870,real,1.019457,1.185899,1.206704,1.175497,1.092276,0.144997
2485.686292,real,1.019457,1.185899,1.206704,1.175497,1.092276,0.144997
2485.690896,real,1.019457,1.185899,1.206704,1.175497,1.092276,0.144997
2485.695865,real,1.019457,1.185899,1.206704,1.175497,1.092276,0.144997
2485.700877,real,1.019457,1.185899,1.206704,1.175497,1.092276,0.144997
2485.705847,real,1.019457,1.185899,1.206704,1.175497,1.092276,0.144997
2485.710429,real,1.019457,1.185899,1.206704,1.175497,1.092276,0.144997
2485.715917,real,1.019457,1.185899,1.206704,1.175497,1.092276,0.144997
2485.720594,real,1.019457,1.185899,1.206704,1.175497,1.092276,0.144997
2485.725614,real,1.019457,1.185899,1.206704,1.175497,1.092276,0.144997
2485.730466,real,1.019457,1.185899,1.206704,1.175497,1.092276,0.144997
2485.735304,real,1.019457,1.185899,1.206704,1.175497,1.092276,0.144997
2485.740203,real,1.019457,1.185899,1.206704,1.175497,1.092276,0.144997
2485.745241,real,1.019457,1.185899,1.206704,1.175497,1.092276,0.144997
2485.750610,real,1.019457,1.185899,1.206704,1.175497,1.092276,0.144997
2485.755353,real,1.019457,1.185899,1.206704,1.175497,1.092276,0.144997
2485.760954,real,1.019457,1.185899,1.206704,1.175497,1.092276,0.144997
2485.761287,real,1.019457,1.185899,1.206704,1.175497,1.092276,0.144997
2485.765678,real,1.019457,1.185899,1.206704,1.175497,1.092276,0.144997
2485.770211,real,1.019457,1.185899,1.206704,1.175497,1.092276,0.144997
2485.775132,real,1.019457,1.185899,1.206704,1.175497,1.092276,0.144997
2485.780674,real,1.019457,1.185899,1.206704,1.175497,1.092276,0.144997
2485.785839,real,1.019457,1.185899,1.206704,1.175497,1.092276,0.144997
2485.790292,real,1.019457,1.185899,1.206704,1.175497,1.092276,0.144997
2485.795225,real,1.019457,1.185899,1.206704,1.175497,1.092276,0.144997
2485.800150,real,1.019457,1.185899,1.206704,1.175497,1.092276,0.144997
2485.804961,real,1.019457,1.185899,1.206704,1.175497,1.092276,0.144997
2485.810194,real,1.019457,1.185899,1.206704,1.175497,1.092276,0.144997
2485.815085,real,1.019457,1.185899,1.206704,1.175497,1.092276,0.144997
2485.819957,real,1.019457,1.185899,1.206704,1.175497,1.092276,0.144997
2485.824998,real,1.019457,1.185899,1.206704,1.175497,1.092276,0.144997
2485.830302,real,1.019457,1.185899,1.206704,1.175497,1.092276,0.144997
2485.834917,real,1.019457,1.185899,1.206704,1.175497,1.092276,0.144997
2485.839869,real,1.019457,1.185899,1.206704,1.175497,1.092276,0.144997
2485.845274,real,1.019457,1.185899,1.206704,1.175497,1.092276,0.144997
2485.850204,real,1.019457,1.185899,1.206704,1.175497,1.092276,0.144997
2485.854881,real,1.019457,1.185899,1.206704,1.175497,1.092276,0.144997
2485.861398,real,1.019457,1.185899,1.206704,1.175497,1.092276,0.144997
2485.861925,real,1.019457,1.185899,1.206704,1.175497,1.092276,0.144997
2485.865156,real,1.019457,1.185899,1.206704,1.175497,1.092276,0.144997
2485.961134,real,1.019457,1.185899,1.206704,1.175497,1.092276,0.144997
2486.060471,real,1.019457,1.185899,1.206704,1.175497,1.092276,0.144997
2486.160315,real,1.019457,1.185899,1.206704,1.175497,1.092276,0.144997
2486.260216,real,1.019457,1.185899,1.206704,1.175497,1.092276,0.144997
2486.360117,real,1.019457,1.185899,1.206704,1.175497,1.092276,0.144997
2486.414481,real,1.019457,1.185899,1.206704,1.175497,1.092276,0.144997
2486.419318,real,1.019457,1.185899,1.206704,1.175497,1.092276,0.144997
2486.424280,real,1.019457,1.185899,1.206704,1.175497,1.092276,0.144997
2486.430112,real,1.019457,1.185899,1.206704,1.175497,1.092276,0.144997
2486.434243,real,1.019457,1.185899,1.206704,1.175497,1.092276,0.144997
2486.439306,real,1.019457,1.154691,1.206704,1.175497,1.092276,0.144997
2486.444177,real,0.988249,1.154691,1.206704,1.175497,1.092276,0.144997
2486.449197,real,0.967444,1.154691,1.206704,1.175497,1.092276,0.144997
2486.454452,real,0.957041,1.113081,1.206704,1.154691,1.092276,0.144997
2486.459523,real,0.925834,1.102678,1.185899,1.144289,1.092276,0.144997
2486.464106,real,0.905028,1.092276,1.185899,1.144289,1.071470,0.144997
2486.469168,real,0.894626,1.071470,1.185899,1.113081,1.071470,0.144997
2486.474380,real,0.863418,1.050665,1.144289,1.102678,1.071470,0.144997
2486.479064,real,0.853015,1.029860,1.133886,1.081873,1.040262,0.144997
2486.484147,real,0.821807,1.019457,1.123483,1.071470,1.029860,0.144997
2486.489216,real,0.811405,1.009055,1.102678,1.050665,1.009055,0.144997
2486.494135,real,0.801002,0.988249,1.092276,1.029860,0.998652,0.144997
2486.499109,real,0.780197,0.967444,1.081873,1.029860,0.977847,0.144997
2486.503999,real,0.769794,0.946639,1.081873,1.029860,0.967444,0.144997
2486.508973,real,0.769794,0.936236,1.061068,0.998652,0.957041,0.144997
2486.514377,real,0.748989,0.925834,1.040262,0.988249,0.936236,0.144997
2486.519094,real,0.738586,0.905028,1.029860,0.967444,0.925834,0.144997
2486.523916,real,0.717781,0.894626,1.009055,0.957041,0.915431,0.144997
2486.528914,real,0.707378,0.884223,0.998652,0.946639,0.894626,0.144997
2486.534223,real,0.696976,0.863418,0.988249,0.946639,0.884223,0.144997
2486.538968,real,0.676171,0.853015,0.967444,0.925834,0.863418,0.144997
2486.543847,real,0.665768,0.832210,0.957041,0.905028,0.853015,0.128886
2486.549036,real,0.644963,0.821807,0.957041,0.894626,0.842613,0.120830
2486.554146,real,0.644963,0.811405,0.936236,0.884223,0.821807,0.096664
2486.559151,real,0.613755,0.790599,0.925834,0.863418,0.811405,0.088609
2486.559525,real,0.613755,0.790599,0.925834,0.863418,0.811405,0.088609
2486.563948,real,0.613755,0.769794,0.905028,0.853015,0.790599,0.080554
2486.569087,real,0.592950,0.748989,0.894626,0.842613,0.780197,0.056388
2486.574228,real,0.582547,0.738586,0.884223,0.821807,0.780197,0.040277
2486.578919,real,0.572144,0.728184,0.863418,0.811405,0.748989,0.032221
2486.584177,real,0.572144,0.707378,0.853015,0.790599,0.738586,0.024166
2486.589058,real,0.551339,0.696976,0.832210,0.780197,0.728184,0.024166
2486.594076,real,0.551339,0.686573,0.821807,0.769794,0.707378,0.016111
2486.598893,real,0.551339,0.665768,0.811405,0.748989,0.696976,0.016111
2486.603736,real,0.509729,0.655365,0.811405,0.738586,0.676171,0.016111
2486.608759,real,0.509729,0.634560,0.790599,0.738586,0.665768,0.016111
2486.614233,real,0.488923,0.624157,0.780197,0.717781,0.665768,0.016111
2486.618998,real,0.468118,0.613755,0.759392,0.707378,0.644963,0.016111
2486.623682,real,0.457715,0.592950,0.748989,0.686573,0.634560,0.016111
2486.628863,real,0.447313,0.582547,0.728184,0.676171,0.613755,0.016111
2486.633918,real,0.447313,0.572144,0.717781,0.665768,0.603352,0.016111
2486.638846,real,0.426508,0.551339,0.707378,0.665768,0.592950,0.008055
2486.643836,real,0.405702,0.540936,0.686573,0.644963,0.572144,0.008055
2486.648802,real,0.395300,0.509729,0.676171,0.624157,0.561742,0.008055
2486.653691,real,0.395300,0.499326,0.665768,0.613755,0.551339,0.008055
2486.659047,real,0.374494,0.488923,0.655365,0.603352,0.530534,0.008055
2486.659415,real,0.374494,0.478521,0.655365,0.592950,0.530534,0.008055
2486.663773,real,0.364092,0.468118,0.655365,0.582547,0.520131,0.008055
2486.668721,real,0.343287,0.457715,0.624157,0.572144,0.499326,0.008055
2486.673724,real,0.332884,0.436910,0.613755,0.561742,0.488923,0.008055
2486.679021,real,0.332884,0.426508,0.603352,0.540936,0.478521,0.008055
2486.683844,real,0.312079,0.416105,0.582547,0.540936,0.457715,0.008055
2486.688554,real,0.301676,0.395300,0.572144,0.520131,0.447313,0.008055
2486.693692,real,0.280871,0.384897,0.551339,0.509729,0.426508,0.008055
2486.698607,real,0.270468,0.374494,0.540936,0.509729,0.416105,0.008055
2486.703503,real,0.260066,0.353689,0.540936,0.478521,0.405702,0.008055
2486.708749,real,0.239260,0.343287,0.520131,0.468118,0.384897,0.008055
2486.714504,real,0.239260,0.322481,0.509729,0.457715,0.374494,0.008055
2486.718788,real,0.218455,0.312079,0.499326,0.436910,0.364092,0.008055
2486.723502,real,0.208052,0.301676,0.478521,0.426508,0.353689,0.008055
2486.728532,real,0.208052,0.280871,0.468118,0.405702,0.332884,0.008055
2486.733629,real,0.187247,0.260066,0.447313,0.395300,0.312079,0.008055
2486.738963,real,0.176845,0.260066,0.447313,0.395300,0.301676,0.008055
2486.743539,real,0.156039,0.228858,0.447313,0.374494,0.291273,0.008055
2486.748567,real,0.145637,0.218455,0.416105,0.364092,0.270468,0.008055
2486.753463,real,0.135234,0.197650,0.405702,0.343287,0.260066,0.008055
2486.759084,real,0.135234,0.187247,0.395300,0.343287,0.260066,0.008055
2486.759370,real,0.135234,0.187247,0.395300,0.343287,0.260066,0.008055
2486.763421,real,0.114429,0.166442,0.374494,0.343287,0.239260,0.008055
2486.768482,real,0.104026,0.156039,0.364092,0.312079,0.228858,0.008055
2486.773561,real,0.093624,0.145637,0.343287,0.301676,0.208052,0.008055
2486.778510,real,0.093624,0.124831,0.332884,0.280871,0.208052,0.008055
2486.783351,real,0.062416,0.114429,0.312079,0.280871,0.187247,0.008055
2486.788511,real,0.052013,0.104026,0.301676,0.280871,0.166442,0.008055
2486.793525,real,0.041610,0.083221,0.291273,0.239260,0.156039,0.008055
2486.798430,real,0.031208,0.072818,0.270468,0.228858,0.135234,0.008055
2486.803472,real,0.031208,0.052013,0.260066,0.208052,0.124831,0.008055
2486.808399,real,0.010403,0.041610,0.260066,0.197650,0.114429,0.008055
2486.813513,real,0.010403,0.031208,0.239260,0.197650,0.093624,0.008055
2486.818599,real,0.010403,0.020805,0.239260,0.176845,0.083221,0.008055
2486.823550,real,0.010403,0.020805,0.208052,0.176845,0.062416,0.008055
2486.828360,real,0.010403,0.010403,0.208052,0.156039,0.052013,0.008055
2486.833493,real,0.010403,0.010403,0.187247,0.135234,0.041610,0.008055
2486.838848,real,0.010403,0.010403,0.166442,0.124831,0.020805,0.008055
2486.843327,real,0.010403,0.010403,0.156039,0.104026,0.020805,0.008055
2486.848280,real,0.010403,0.010403,0.135234,0.093624,0.020805,0.008055
2486.853440,real,0.010403,0.010403,0.124831,0.083221,0.000000,0.008055
2486.858798,real,0.010403,0.010403,0.114429,0.062416,0.000000,0.008055
2486.859037,real,0.010403,0.010403,0.114429,0.062416,0.000000,0.008055
2486.863396,real,0.010403,0.010403,0.104026,0.052013,0.000000,0.008055
2486.868294,real,0.010403,0.010403,0.093624,0.041610,0.000000,0.008055
2486.873507,real,0.010403,0.010403,0.093624,0.041610,0.000000,0.008055
2486.878467,real,0.010403,0.010403,0.062416,0.020805,0.000000,0.008055
2486.883290,real,0.010403,0.010403,0.052013,0.000000,0.000000,0.008055
2486.888343,real,0.010403,0.010403,0.031208,0.000000,0.000000,0.008055
2486.893213,real,0.010403,0.010403,0.031208,0.000000,0.000000,0.008055
2486.898594,real,0.010403,0.010403,0.020805,0.000000,0.000000,0.008055
2486.903231,real,0.010403,0.010403,0.010403,0.000000,0.000000,0.008055
2486.908267,real,0.010403,0.010403,0.000000,0.000000,0.000000,0.008055
2486.913515,real,0.010403,0.010403,0.000000,0.000000,0.000000,0.008055
2486.918649,real,0.010403,0.010403,0.000000,0.000000,0.000000,0.008055
2486.923133,real,0.010403,0.010403,0.000000,0.000000,0.000000,0.008055
2486.928013,real,0.010403,0.010403,0.000000,0.000000,0.000000,0.008055
2486.933277,real,0.010403,0.010403,0.000000,0.000000,0.000000,0.008055
2486.938482,real,0.010403,0.010403,0.000000,0.000000,0.000000,0.008055
2486.943168,real,0.010403,0.010403,0.000000,0.000000,0.000000,0.008055
2486.948058,real,0.010403,0.010403,0.000000,0.000000,0.000000,0.008055
2486.953110,real,0.010403,0.010403,0.000000,0.000000,0.000000,0.008055
2486.958331,real,0.010403,0.010403,0.000000,0.000000,0.000000,0.008055
2486.963229,real,0.010403,0.010403,0.000000,0.000000,0.000000,0.008055
2486.968330,real,0.010403,0.010403,0.000000,0.000000,0.000000,0.008055
2486.973334,real,0.000000,0.010403,0.000000,0.000000,0.000000,0.008055
2486.978730,real,0.000000,0.010403,0.000000,0.000000,0.000000,0.008055
2486.983198,real,0.000000,0.010403,0.000000,0.000000,0.000000,0.008055
2486.988213,real,0.000000,0.010403,0.000000,0.000000,0.000000,0.008055
2486.993321,real,0.000000,0.010403,0.000000,0.000000,0.000000,0.008055
2486.998441,real,0.000000,0.010403,0.000000,0.000000,0.000000,0.008055
2487.003142,real,0.000000,0.010403,0.000000,0.000000,0.000000,0.008055
2487.007967,real,0.000000,0.010403,0.000000,0.000000,0.000000,0.008055
2487.013203,real,0.000000,0.010403,0.000000,0.000000,0.000000,0.008055
2487.018386,real,0.000000,0.010403,0.000000,0.000000,0.000000,0.008055
2487.023121,real,0.000000,0.010403,0.000000,0.000000,0.000000,0.008055
2487.028118,real,0.000000,0.010403,0.000000,0.000000,0.000000,0.008055
2487.032752,real,0.000000,0.010403,0.000000,0.000000,0.000000,0.008055
2487.037683,real,0.000000,0.010403,0.000000,0.000000,0.000000,0.008055
2487.042769,real,0.000000,0.010403,0.000000,0.000000,0.000000,0.008055
2487.047719,real,0.000000,0.010403,0.000000,0.000000,0.000000,0.008055
2487.052766,real,0.000000,0.010403,0.000000,0.000000,0.000000,0.008055
2487.058554,real,0.000000,0.010403,0.000000,0.000000,0.000000,0.008055
2487.060453,real,0.000000,0.010403,0.000000,0.000000,0.000000,0.008055
2487.062702,real,0.000000,0.010403,0.000000,0.000000,0.000000,0.008055
2487.067499,real,0.000000,0.010403,0.000000,0.000000,0.000000,0.008055
2487.072664,real,0.000000,0.010403,0.000000,0.000000,0.000000,0.008055
2487.077696,real,0.000000,0.010403,0.000000,0.000000,0.000000,0.008055
2487.082610,real,0.000000,0.010403,0.000000,0.000000,0.000000,0.008055
2487.087488,real,0.000000,0.010403,0.000000,0.000000,0.000000,0.008055
2487.092689,real,0.000000,0.010403,0.000000,0.000000,0.000000,0.008055
2487.097862,real,0.000000,0.010403,0.000000,0.000000,0.000000,0.008055
2487.102546,real,0.000000,0.010403,0.000000,0.000000,0.000000,0.008055
2487.107356,real,0.000000,0.010403,0.000000,0.000000,0.000000,0.008055
2487.112417,real,0.000000,0.010403,0.000000,0.000000,0.000000,0.008055
2487.158812,real,0.000000,0.010403,0.000000,0.000000,0.000000,0.008055
2487.258547,real,0.000000,0.010403,0.000000,0.000000,0.000000,0.008055
2487.358035,real,0.000000,0.010403,0.000000,0.000000,0.000000,0.008055
2487.457803,real,0.000000,0.010403,0.000000,0.000000,0.000000,0.008055
2487.557651,real,0.000000,0.010403,0.000000,0.000000,0.000000,0.008055
2487.657578,real,0.000000,0.010403,0.000000,0.000000,0.000000,0.008055
2487.756909,real,0.000000,0.010403,0.000000,0.000000,0.000000,0.008055
2487.766279,real,0.000000,0.010403,0.000000,0.000000,0.000000,0.008055
2487.771185,real,0.000000,0.010403,0.000000,0.000000,0.000000,0.008055
2487.775761,real,0.000000,0.010403,0.000000,0.000000,0.000000,0.008055
2487.780844,real,0.000000,0.010403,0.000000,0.000000,0.000000,0.008055
2487.785901,real,0.000000,0.010403,0.000000,0.000000,0.000000,0.008055
2487.790898,real,0.000000,0.010403,0.000000,0.000000,0.000000,0.024166
2487.795811,real,0.000000,0.010403,0.000000,0.000000,0.000000,0.024166
2487.800774,real,0.000000,0.010403,0.000000,0.000000,0.000000,0.040277
2487.805816,real,0.000000,0.010403,0.000000,0.000000,0.000000,0.064443
2487.811063,real,0.000000,0.010403,0.000000,0.000000,0.000000,0.072498
2487.815812,real,0.000000,0.010403,0.000000,0.000000,0.000000,0.096664
2487.820720,real,0.000000,0.010403,0.000000,0.000000,0.000000,0.112775
2487.825803,real,0.000000,0.010403,0.000000,0.000000,0.000000,0.120830
2487.830927,real,0.000000,0.010403,0.000000,0.000000,0.000000,0.144997
2487.835711,real,0.000000,0.010403,0.000000,0.000000,0.000000,0.153052
2487.840766,real,0.000000,0.010403,0.000000,0.000000,0.000000,0.169163
2487.845897,real,0.010403,0.010403,0.000000,0.000000,0.000000,0.169163
2487.850807,real,0.020805,0.010403,0.000000,0.000000,0.000000,0.169163
2487.856584,real,0.041610,0.010403,0.000000,0.000000,0.000000,0.185273
2487.856854,real,0.062416,0.010403,0.000000,0.000000,0.000000,0.185273
2487.861128,real,0.072818,0.010403,0.000000,0.000000,0.000000,0.185273
2487.866137,real,0.083221,0.010403,0.000000,0.000000,0.000000,0.185273
2487.871023,real,0.104026,0.010403,0.000000,0.000000,0.000000,0.185273
2487.876009,real,0.124831,0.010403,0.000000,0.000000,0.000000,0.185273
2487.881113,real,0.135234,0.010403,0.000000,0.000000,0.000000,0.185273
2487.885987,real,0.156039,0.010403,0.000000,0.000000,0.000000,0.185273
2487.891142,real,0.166442,0.010403,0.000000,0.000000,0.000000,0.185273
2487.895948,real,0.176845,0.020805,0.000000,0.000000,0.000000,0.185273
2487.900891,real,0.197650,0.020805,0.000000,0.000000,0.000000,0.185273
2487.905941,real,0.208052,0.020805,0.000000,0.000000,0.020805,0.177218
2487.911363,real,0.208052,0.041610,0.000000,0.000000,0.031208,0.177218
2487.916202,real,0.239260,0.052013,0.000000,0.000000,0.052013,0.177218
2487.921231,real,0.249663,0.072818,0.000000,0.000000,0.062416,0.177218
2487.926183,real,0.270468,0.072818,0.000000,0.000000,0.072818,0.177218
2487.931073,real,0.280871,0.072818,0.000000,0.000000,0.072818,0.177218
2487.936033,real,0.291273,0.114429,0.000000,0.000000,0.093624,0.177218
2487.941117,real,0.312079,0.124831,0.000000,0.000000,0.124831,0.177218
2487.946036,real,0.322481,0.145637,0.000000,0.000000,0.135234,0.177218
2487.950944,real,0.343287,0.156039,0.000000,0.000000,0.145637,0.177218
2487.956441,real,0.353689,0.166442,0.010403,0.000000,0.156039,0.177218
2487.961112,real,0.364092,0.187247,0.010403,0.000000,0.156039,0.177218
2487.966266,real,0.395300,0.197650,0.041610,0.020805,0.197650,0.177218
2487.970948,real,0.405702,0.208052,0.052013,0.031208,0.208052,0.177218
2487.976112,real,0.416105,0.228858,0.062416,0.062416,0.218455,0.177218
2487.981021,real,0.436910,0.239260,0.083221,0.072818,0.239260,0.177218
2487.985938,real,0.447313,0.260066,0.093624,0.093624,0.239260,0.177218
2487.991124,real,0.468118,0.270468,0.104026,0.104026,0.239260,0.177218
2487.995805,real,0.478521,0.280871,0.104026,0.114429,0.280871,0.177218
2488.001007,real,0.488923,0.301676,0.124831,0.124831,0.291273,0.177218
2488.006379,real,0.520131,0.312079,0.145637,0.135234,0.312079,0.177218
2488.010995,real,0.530534,0.332884,0.156039,0.156039,0.322481,0.177218
2488.015900,real,0.551339,0.343287,0.166442,0.166442,0.322481,0.177218
2488.021063,real,0.561742,0.353689,0.187247,0.166442,0.343287,0.177218
2488.025885,real,0.572144,0.374494,0.197650,0.187247,0.353689,0.177218
2488.030872,real,0.592950,0.384897,0.208052,0.187247,0.374494,0.177218
2488.035943,real,0.603352,0.395300,0.208052,0.208052,0.395300,0.177218
2488.041024,real,0.613755,0.416105,0.228858,0.228858,0.405702,0.177218
2488.045781,real,0.634560,0.426508,0.249663,0.239260,0.426508,0.177218
2488.050885,real,0.644963,0.447313,0.260066,0.260066,0.436910,0.177218
2488.056176,real,0.665768,0.457715,0.260066,0.270468,0.447313,0.177218
2488.056409,real,0.665768,0.457715,0.260066,0.270468,0.457715,0.177218
2488.060661,real,0.676171,0.468118,0.291273,0.280871,0.468118,0.177218
2488.065709,real,0.686573,0.488923,0.301676,0.301676,0.478521,0.177218
2488.071124,real,0.717781,0.499326,0.312079,0.312079,0.478521,0.177218
2488.075836,real,0.728184,0.520131,0.312079,0.322481,0.509729,0.177218
2488.080778,real,0.748989,0.530534,0.312079,0.322481,0.520131,0.177218
2488.085930,real,0.759392,0.540936,0.353689,0.343287,0.540936,0.177218
2488.090933,real,0.769794,0.561742,0.364092,0.364092,0.551339,0.177218
2488.095568,real,0.790599,0.572144,0.384897,0.374494,0.572144,0.177218
2488.100900,real,0.801002,0.582547,0.395300,0.384897,0.582547,0.177218
2488.105684,real,0.811405,0.603352,0.405702,0.405702,0.592950,0.177218
2488.110817,real,0.832210,0.613755,0.416105,0.416105,0.613755,0.177218
2488.115618,real,0.842613,0.634560,0.436910,0.416105,0.624157,0.177218
2488.120775,real,0.863418,0.644963,0.447313,0.436910,0.624157,0.177218
2488.125928,real,0.873820,0.655365,0.457715,0.447313,0.644963,0.177218
2488.131136,real,0.884223,0.676171,0.457715,0.468118,0.655365,0.177218
2488.135637,real,0.905028,0.676171,0.488923,0.478521,0.676171,0.177218
2488.140479,real,0.925834,0.707378,0.499326,0.499326,0.676171,0.177218
2488.145524,real,0.946639,0.717781,0.509729,0.499326,0.696976,0.177218
2488.150593,real,0.957041,0.728184,0.530534,0.520131,0.717781,0.177218
2488.155734,real,0.967444,0.748989,0.540936,0.540936,0.738586,0.177218
2488.156093,real,0.967444,0.748989,0.540936,0.540936,0.738586,0.177218
2488.160621,real,0.967444,0.759392,0.540936,0.551339,0.759392,0.177218
2488.165680,real,0.988249,0.769794,0.561742,0.551339,0.759392,0.177218
2488.170672,real,0.998652,0.790599,0.572144,0.572144,0.759392,0.177218
2488.175383,real,1.019457,0.801002,0.592950,0.582547,0.790599,0.177218
2488.180541,real,1.029860,0.821807,0.603352,0.603352,0.801002,0.177218
2488.185624,real,1.029860,0.832210,0.613755,0.613755,0.811405,0.177218
2488.190642,real,1.029860,0.842613,0.634560,0.624157,0.821807,0.177218
2488.195453,real,1.029860,0.863418,0.634560,0.644963,0.821807,0.177218
2488.200447,real,1.029860,0.863418,0.655365,0.655365,0.853015,0.177218
2488.205380,real,1.029860,0.884223,0.655365,0.665768,0.873820,0.177218
2488.210685,real,1.029860,0.894626,0.676171,0.665768,0.884223,0.177218
2488.215484,real,1.029860,0.915431,0.696976,0.686573,0.905028,0.177218
2488.220383,real,1.029860,0.936236,0.707378,0.707378,0.905028,0.177218
2488.225370,real,1.029860,0.946639,0.728184,0.717781,0.936236,0.177218
2488.230875,real,1.029860,0.957041,0.738586,0.728184,0.946639,0.177218
2488.235407,real,1.029860,0.977847,0.748989,0.748989,0.957041,0.177218
2488.240391,real,1.029860,0.988249,0.769794,0.748989,0.957041,0.177218
2488.245570,real,1.029860,0.998652,0.769794,0.769794,0.957041,0.177218
2488.250759,real,1.029860,0.998652,0.769794,0.780197,0.988249,0.177218
2488.255806,real,1.029860,1.019457,0.801002,0.790599,1.009055,0.177218
2488.257458,real,1.029860,1.029860,0.801002,0.801002,1.009055,0.177218
2488.260565,real,1.029860,1.040262,0.811405,0.811405,1.019457,0.177218
2488.265380,real,1.029860,1.050665,0.832210,0.821807,1.040262,0.177218
2488.270252,real,1.029860,1.071470,0.842613,0.832210,1.050665,0.177218
2488.275602,real,1.029860,1.081873,0.853015,0.853015,1.050665,0.177218
2488.280415,real,1.029860,1.092276,0.873820,0.863418,1.081873,0.177218
2488.285337,real,1.029860,1.113081,0.884223,0.884223,1.092276,0.177218
2488.290636,real,1.029860,1.123483,0.905028,0.884223,1.092276,0.177218
2488.295527,real,1.029860,1.133886,0.905028,0.905028,1.092276,0.177218
2488.300252,real,1.029860,1.154691,0.905028,0.905028,1.092276,0.177218
2488.305256,real,1.029860,1.154691,0.936236,0.925834,1.092276,0.177218
2488.310826,real,1.029860,1.165094,0.946639,0.946639,1.092276,0.177218
2488.315451,real,1.029860,1.165094,0.957041,0.957041,1.092276,0.177218
2488.320525,real,1.029860,1.165094,0.977847,0.967444,1.092276,0.177218
2488.325387,real,1.029860,1.165094,0.988249,0.988249,1.092276,0.177218
2488.330563,real,1.029860,1.165094,1.009055,0.998652,1.092276,0.177218
2488.335173,real,1.029860,1.165094,1.009055,1.009055,1.092276,0.177218
2488.340333,real,1.029860,1.165094,1.029860,1.029860,1.092276,0.177218
2488.345276,real,1.029860,1.165094,1.029860,1.029860,1.092276,0.177218
2488.350139,real,1.029860,1.165094,1.050665,1.061068,1.092276,0.177218
2488.355644,real,1.029860,1.165094,1.071470,1.071470,1.092276,0.177218
2488.357432,real,1.029860,1.165094,1.071470,1.071470,1.092276,0.177218
2488.360073,real,1.029860,1.165094,1.081873,1.071470,1.092276,0.177218
2488.365026,real,1.029860,1.165094,1.092276,1.092276,1.092276,0.177218
2488.370184,real,1.029860,1.165094,1.113081,1.113081,1.092276,0.177218
2488.375463,real,1.029860,1.165094,1.123483,1.133886,1.092276,0.177218
2488.380147,real,1.029860,1.165094,1.123483,1.144289,1.092276,0.177218
2488.385243,real,1.029860,1.165094,1.144289,1.144289,1.092276,0.177218
2488.390195,real,1.029860,1.165094,1.154691,1.165094,1.092276,0.177218
2488.395151,real,1.029860,1.165094,1.175497,1.165094,1.092276,0.177218
2488.400145,real,1.029860,1.165094,1.185899,1.165094,1.092276,0.177218
2488.405163,real,1.029860,1.165094,1.196302,1.165094,1.092276,0.177218
2488.410748,real,1.029860,1.165094,1.196302,1.165094,1.092276,0.177218
2488.415108,real,1.029860,1.165094,1.206704,1.165094,1.092276,0.177218
2488.420140,real,1.029860,1.165094,1.217107,1.165094,1.092276,0.177218
2488.425346,real,1.029860,1.165094,1.217107,1.165094,1.092276,0.177218
2488.430498,real,1.029860,1.165094,1.217107,1.165094,1.092276,0.177218
2488.435206,real,1.029860,1.165094,1.217107,1.165094,1.092276,0.177218
2488.439957,real,1.029860,1.165094,1.217107,1.165094,1.092276,0.177218
2488.444893,real,1.029860,1.165094,1.217107,1.165094,1.092276,0.177218
2488.449961,real,1.029860,1.165094,1.217107,1.165094,1.092276,0.177218
2488.455437,real,1.029860,1.165094,1.217107,1.165094,1.092276,0.177218
2488.460118,real,1.029860,1.165094,1.217107,1.165094,1.092276,0.177218
2488.464843,real,1.029860,1.165094,1.217107,1.165094,1.092276,0.177218
2488.469985,real,1.029860,1.165094,1.217107,1.165094,1.092276,0.177218
2488.475035,real,1.029860,1.165094,1.217107,1.165094,1.092276,0.177218
2488.479847,real,1.029860,1.165094,1.217107,1.165094,1.092276,0.177218
2488.484906,real,1.029860,1.165094,1.217107,1.165094,1.092276,0.177218
2488.489878,real,1.029860,1.165094,1.217107,1.165094,1.092276,0.177218
2488.494869,real,1.029860,1.165094,1.217107,1.165094,1.092276,0.177218
2488.499905,real,1.029860,1.165094,1.217107,1.165094,1.092276,0.177218
2488.504697,real,1.029860,1.165094,1.217107,1.165094,1.092276,0.177218
2488.509707,real,1.029860,1.165094,1.217107,1.165094,1.092276,0.177218
2488.514702,real,1.029860,1.165094,1.217107,1.165094,1.092276,0.177218
2488.519511,real,1.029860,1.165094,1.217107,1.165094,1.092276,0.177218
2488.524358,real,1.029860,1.165094,1.217107,1.165094,1.092276,0.177218
2488.529472,real,1.029860,1.165094,1.217107,1.165094,1.092276,0.177218
2488.534716,real,1.029860,1.165094,1.217107,1.165094,1.092276,0.177218
2488.539320,real,1.029860,1.165094,1.217107,1.165094,1.092276,0.177218
2488.544446,real,1.029860,1.165094,1.217107,1.165094,1.092276,0.177218
2488.549755,real,1.029860,1.165094,1.217107,1.165094,1.092276,0.177218
2488.555120,real,1.029860,1.165094,1.217107,1.165094,1.092276,0.177218
2488.555400,real,1.029860,1.165094,1.217107,1.165094,1.092276,0.177218
2488.559362,real,1.029860,1.165094,1.217107,1.165094,1.092276,0.177218
2488.564477,real,1.029860,1.165094,1.217107,1.165094,1.092276,0.177218
2488.569550,real,1.029860,1.165094,1.217107,1.165094,1.092276,0.177218
2488.574618,real,1.029860,1.165094,1.217107,1.165094,1.092276,0.177218
2488.579584,real,1.029860,1.165094,1.217107,1.165094,1.092276,0.177218
2488.584394,real,1.029860,1.165094,1.217107,1.165094,1.092276,0.177218
2488.589450,real,1.029860,1.165094,1.217107,1.165094,1.092276,0.177218
2488.594533,real,1.029860,1.165094,1.217107,1.165094,1.092276,0.177218
2488.599404,real,1.029860,1.165094,1.217107,1.165094,1.092276,0.177218
2488.604094,real,1.029860,1.165094,1.217107,1.165094,1.092276,0.177218
2488.609238,real,1.029860,1.165094,1.217107,1.165094,1.092276,0.177218
2488.614200,real,1.029860,1.165094,1.217107,1.165094,1.092276,0.177218
2488.655110,real,1.029860,1.165094,1.217107,1.165094,1.092276,0.177218
2488.754989,real,1.029860,1.165094,1.217107,1.165094,1.092276,0.177218
2488.855046,real,1.029860,1.165094,1.217107,1.165094,1.092276,0.177218
2488.954917,real,1.029860,1.165094,1.217107,1.165094,1.092276,0.177218
2489.054212,real,1.029860,1.165094,1.217107,1.165094,1.092276,0.177218
2489.154118,real,1.029860,1.165094,1.217107,1.165094,1.092276,0.177218
2489.253995,real,1.029860,1.165094,1.217107,1.165094,1.092276,0.177218
2489.353916,real,1.029860,1.165094,1.217107,1.165094,1.092276,0.177218
2489.438087,real,1.029860,1.165094,1.217107,1.165094,1.092276,0.177218
2489.443113,real,1.029860,1.165094,1.217107,1.165094,1.092276,0.177218
2489.448038,real,1.029860,1.165094,1.217107,1.165094,1.092276,0.177218
2489.452944,real,1.029860,1.165094,1.217107,1.165094,1.092276,0.177218
2489.457852,real,1.029860,1.165094,1.217107,1.165094,1.092276,0.177218
2489.463416,real,1.029860,1.165094,1.217107,1.165094,1.092276,0.177218
2489.467716,real,1.009055,1.165094,1.217107,1.165094,1.092276,0.177218
2489.472816,real,0.988249,1.165094,1.217107,1.165094,1.092276,0.177218
2489.477890,real,0.967444,1.165094,1.196302,1.165094,1.092276,0.177218
2489.483030,real,0.936236,1.144289,1.196302,1.144289,1.092276,0.177218
2489.488074,real,0.925834,1.144289,1.196302,1.144289,1.081873,0.177218
2489.492775,real,0.915431,1.144289,1.175497,1.123483,1.081873,0.177218
2489.497878,real,0.884223,1.113081,1.165094,1.102678,1.061068,0.177218
2489.502783,real,0.873820,1.102678,1.144289,1.092276,1.050665,0.177218
2489.507969,real,0.863418,1.081873,1.133886,1.071470,1.040262,0.177218
2489.513014,real,0.842613,1.071470,1.113081,1.061068,1.019457,0.177218
2489.517905,real,0.832210,1.050665,1.102678,1.040262,1.009055,0.177218
2489.522910,real,0.811405,1.029860,1.102678,1.029860,0.998652,0.177218
2489.527774,real,0.801002,1.019457,1.081873,1.029860,0.967444,0.177218
2489.532668,real,0.790599,0.998652,1.071470,0.998652,0.957041,0.161107
2489.537699,real,0.769794,0.988249,1.050665,0.988249,0.936236,0.153052
2489.543197,real,0.769794,0.967444,1.040262,0.977847,0.936236,0.136941
2489.547650,real,0.748989,0.957041,1.029860,0.957041,0.936236,0.128886
2489.553037,real,0.738586,0.946639,1.009055,0.957041,0.894626,0.120830
2489.555095,real,0.738586,0.946639,1.009055,0.957041,0.894626,0.112775
2489.557920,real,0.728184,0.925834,0.998652,0.936236,0.884223,0.096664
2489.562830,real,0.707378,0.905028,0.977847,0.925834,0.863418,0.088609
2489.567560,real,0.696976,0.894626,0.967444,0.915431,0.853015,0.064443
2489.572821,real,0.676171,0.873820,0.957041,0.894626,0.842613,0.048332
2489.577754,real,0.676171,0.863418,0.946639,0.884223,0.821807,0.040277
2489.582983,real,0.655365,0.842613,0.946639,0.863418,0.811405,0.016111
2489.588020,real,0.644963,0.832210,0.925834,0.853015,0.801002,0.008055
2489.592624,real,0.624157,0.821807,0.905028,0.842613,0.780197,0.000000
2489.597613,real,0.613755,0.790599,0.894626,0.821807,0.769794,0.000000
2489.602908,real,0.592950,0.780197,0.873820,0.811405,0.748989,0.000000
2489.607727,real,0.582547,0.759392,0.863418,0.790599,0.738586,0.000000
2489.612496,real,0.572144,0.748989,0.853015,0.780197,0.728184,0.000000
2489.617584,real,0.551339,0.738586,0.832210,0.769794,0.707378,0.000000
2489.622840,real,0.540936,0.717781,0.832210,0.748989,0.696976,0.000000
2489.627475,real,0.520131,0.707378,0.811405,0.748989,0.686573,0.000000
2489.632562,real,0.509729,0.696976,0.811405,0.748989,0.665768,0.000000
2489.637678,real,0.499326,0.676171,0.790599,0.717781,0.655365,0.000000
2489.642935,real,0.478521,0.665768,0.769794,0.707378,0.634560,0.000000
2489.647462,real,0.468118,0.634560,0.759392,0.696976,0.624157,0.000000
2489.652793,real,0.447313,0.624157,0.748989,0.696976,0.613755,0.000000
2489.653179,real,0.447313,0.624157,0.738586,0.696976,0.603352,0.000000
2489.657534,real,0.436910,0.613755,0.728184,0.676171,0.592950,0.000000
2489.662440,real,0.426508,0.592950,0.717781,0.655365,0.582547,0.000000
2489.667598,real,0.416105,0.582547,0.696976,0.644963,0.561742,0.000000
2489.672383,real,0.416105,0.561742,0.696976,0.634560,0.551339,0.000000
2489.677416,real,0.395300,0.551339,0.676171,0.613755,0.540936,0.000000
2489.682497,real,0.364092,0.530534,0.655365,0.613755,0.520131,0.000000
2489.687368,real,0.353689,0.509729,0.655365,0.592950,0.520131,0.000000
2489.692222,real,0.332884,0.499326,0.655365,0.582547,0.499326,0.000000
2489.697302,real,0.322481,0.488923,0.624157,0.572144,0.468118,0.000000
2489.702888,real,0.322481,0.468118,0.613755,0.551339,0.457715,0.000000
2489.707570,real,0.301676,0.457715,0.592950,0.540936,0.436910,0.000000
2489.712215,real,0.291273,0.436910,0.582547,0.520131,0.426508,0.000000
2489.717380,real,0.270468,0.436910,0.572144,0.509729,0.416105,0.000000
2489.722327,real,0.260066,0.416105,0.551339,0.499326,0.395300,0.000000
2489.727186,real,0.249663,0.384897,0.540936,0.488923,0.384897,0.000000
2489.732343,real,0.228858,0.374494,0.530534,0.468118,0.364092,0.000000
2489.737572,real,0.218455,0.364092,0.520131,0.457715,0.353689,0.000000
2489.742462,real,0.208052,0.343287,0.520131,0.436910,0.343287,0.000000
2489.747339,real,0.187247,0.332884,0.488923,0.436910,0.322481,0.000000
2489.752641,real,0.176845,0.312079,0.478521,0.416105,0.312079,0.000000
2489.752924,real,0.176845,0.312079,0.478521,0.416105,0.312079,0.000000
2489.757212,real,0.156039,0.301676,0.457715,0.395300,0.291273,0.000000
2489.762211,real,0.145637,0.291273,0.447313,0.395300,0.280871,0.000000
2489.767344,real,0.135234,0.260066,0.447313,0.374494,0.270468,0.000000
2489.772142,real,0.114429,0.249663,0.426508,0.364092,0.249663,0.000000
2489.777277,real,0.104026,0.228858,0.426508,0.343287,0.239260,0.000000
2489.782428,real,0.093624,0.218455,0.395300,0.332884,0.228858,0.000000
2489.787292,real,0.093624,0.208052,0.374494,0.332884,0.208052,0.000000
2489.792039,real,0.072818,0.187247,0.374494,0.312079,0.197650,0.000000
2489.797183,real,0.041610,0.176845,0.374494,0.312079,0.176845,0.000000
2489.802115,real,0.031208,0.166442,0.343287,0.291273,0.166442,0.000000
2489.807271,real,0.031208,0.145637,0.332884,0.280871,0.156039,0.000000
2489.812062,real,0.010403,0.145637,0.312079,0.260066,0.135234,0.000000
2489.817155,real,0.000000,0.114429,0.301676,0.239260,0.124831,0.000000
2489.822112,real,0.000000,0.093624,0.280871,0.228858,0.114429,0.000000
2489.827164,real,0.000000,0.083221,0.280871,0.218455,0.104026,0.000000
2489.831992,real,0.000000,0.062416,0.260066,0.197650,0.083221,0.000000
2489.836888,real,0.000000,0.041610,0.239260,0.187247,0.062416,0.000000
2489.841983,real,0.000000,0.020805,0.239260,0.187247,0.052013,0.000000
2489.847221,real,0.000000,0.010403,0.239260,0.166442,0.041610,0.000000
2489.852211,real,0.000000,0.010403,0.208052,0.156039,0.020805,0.000000
2489.852544,real,0.000000,0.010403,0.208052,0.145637,0.020805,0.000000
2489.857147,real,0.000000,0.000000,0.197650,0.135234,0.020805,0.000000
2489.862100,real,0.000000,0.000000,0.176845,0.124831,0.000000,0.000000
2489.867017,real,0.000000,0.000000,0.166442,0.114429,0.000000,0.000000
2489.872036,real,0.000000,0.000000,0.166442,0.093624,0.000000,0.000000
2489.876922,real,0.000000,0.000000,0.135234,0.083221,0.000000,0.000000
2489.882178,real,0.000000,0.000000,0.124831,0.062416,0.000000,0.000000
2489.887088,real,0.000000,0.000000,0.114429,0.052013,0.000000,0.000000
2489.892041,real,0.000000,0.000000,0.114429,0.041610,0.000000,0.000000
2489.896951,real,0.000000,0.000000,0.093624,0.020805,0.000000,0.000000
2489.901838,real,0.000000,0.000000,0.072818,0.010403,0.000000,0.000000
2489.907353,real,0.000000,0.000000,0.062416,0.010403,0.000000,0.000000
2489.912059,real,0.000000,0.000000,0.062416,0.000000,0.000000,0.000000
2489.916759,real,0.000000,0.000000,0.041610,0.000000,0.000000,0.000000
2489.921867,real,0.000000,0.000000,0.031208,0.000000,0.000000,0.000000
2489.927244,real,0.000000,0.000000,0.010403,0.000000,0.000000,0.000000
2489.931916,real,0.000000,0.000000,0.000000,0.000000,0.000000,0.000000
2489.936808,real,0.000000,0.000000,0.000000,0.000000,0.000000,0.000000
2489.941873,real,0.000000,0.000000,0.000000,0.000000,0.000000,0.000000
2489.947136,real,0.000000,0.000000,0.000000,0.000000,0.000000,0.000000
2489.951890,real,0.000000,0.000000,0.000000,0.000000,0.000000,0.000000
2489.956997,real,0.000000,0.000000,0.000000,0.000000,0.000000,0.000000
2489.961767,real,0.000000,0.000000,0.000000,0.000000,0.000000,0.000000
2489.967201,real,0.000000,0.000000,0.000000,0.000000,0.000000,0.000000
2489.971997,real,0.000000,0.000000,0.000000,0.000000,0.000000,0.000000
2489.976805,real,0.000000,0.000000,0.000000,0.000000,0.000000,0.000000
2489.981747,real,0.000000,0.000000,0.000000,0.000000,0.000000,0.000000
2489.987130,real,0.000000,0.000000,0.000000,0.000000,0.000000,0.000000
2489.991729,real,0.000000,0.000000,0.000000,0.000000,0.000000,0.000000
2489.996684,real,0.000000,0.000000,0.000000,0.000000,0.000000,0.000000
2490.001874,real,0.000000,0.000000,0.000000,0.000000,0.000000,0.000000
2490.007016,real,0.000000,0.000000,0.000000,0.000000,0.000000,0.000000
2490.011656,real,0.000000,0.000000,0.000000,0.000000,0.000000,0.000000
2490.016608,real,0.000000,0.000000,0.000000,0.000000,0.000000,0.000000
2490.021648,real,0.000000,0.000000,0.000000,0.000000,0.000000,0.000000
2490.027000,real,0.000000,0.000000,0.000000,0.000000,0.000000,0.000000
2490.031704,real,0.000000,0.000000,0.000000,0.000000,0.000000,0.000000
2490.036655,real,0.000000,0.000000,0.000000,0.000000,0.000000,0.000000
2490.041573,real,0.000000,0.000000,0.000000,0.000000,0.000000,0.000000
2490.046608,real,0.000000,0.000000,0.000000,0.000000,0.000000,0.000000
2490.051903,real,0.000000,0.000000,0.000000,0.000000,0.000000,0.000000
2490.052364,real,0.000000,0.000000,0.000000,0.000000,0.000000,0.000000
2490.056549,real,0.000000,0.000000,0.000000,0.000000,0.000000,0.000000
2490.061479,real,0.000000,0.000000,0.000000,0.000000,0.000000,0.000000
2490.067096,real,0.000000,0.000000,0.000000,0.000000,0.000000,0.000000
2490.071561,real,0.000000,0.000000,0.000000,0.000000,0.000000,0.000000
2490.076046,real,0.000000,0.000000,0.000000,0.000000,0.000000,0.000000
2490.081126,real,0.000000,0.000000,0.000000,0.000000,0.000000,0.000000
2490.086284,real,0.000000,0.000000,0.000000,0.000000,0.000000,0.000000
2490.091315,real,0.000000,0.000000,0.000000,0.000000,0.000000,0.000000
2490.096111,real,0.000000,0.000000,0.000000,0.000000,0.000000,0.000000
2490.101681,real,0.000000,0.000000,0.000000,0.000000,0.000000,0.000000
2490.106500,real,0.000000,0.000000,0.000000,0.000000,0.000000,0.000000
2490.111345,real,0.000000,0.000000,0.000000,0.000000,0.000000,0.000000
2490.116374,real,0.000000,0.000000,0.000000,0.000000,0.000000,0.000000
2490.121245,real,0.000000,0.000000,0.000000,0.000000,0.000000,0.000000
2490.126245,real,0.000000,0.000000,0.000000,0.000000,0.000000,0.000000
2490.131386,real,0.000000,0.000000,0.000000,0.000000,0.000000,0.000000
2490.136235,real,0.000000,0.000000,0.000000,0.000000,0.000000,0.000000
2490.140893,real,0.000000,0.000000,0.000000,0.000000,0.000000,0.000000
2490.146085,real,0.000000,0.000000,0.000000,0.000000,0.000000,0.000000
2490.152140,real,0.000000,0.000000,0.000000,0.000000,0.000000,0.000000
2490.251734,real,0.000000,0.000000,0.000000,0.000000,0.000000,0.000000
2490.351565,real,0.000000,0.000000,0.000000,0.000000,0.000000,0.000000
2490.451551,real,0.000000,0.000000,0.000000,0.000000,0.000000,0.000000
2490.551517,real,0.000000,0.000000,0.000000,0.000000,0.000000,0.000000
2490.651066,real,0.000000,0.000000,0.000000,0.000000,0.000000,0.000000
2490.751202,real,0.000000,0.000000,0.000000,0.000000,0.000000,0.000000
2490.810052,real,0.000000,0.000000,0.000000,0.000000,0.000000,0.000000
2490.814664,real,0.000000,0.000000,0.000000,0.000000,0.000000,0.000000
2490.819839,real,0.000000,0.000000,0.000000,0.000000,0.000000,0.000000
2490.824558,real,0.000000,0.000000,0.000000,0.000000,0.000000,0.000000
2490.829575,real,0.000000,0.000000,0.000000,0.000000,0.000000,0.000000
2490.834701,real,0.000000,0.000000,0.000000,0.000000,0.000000,0.000000
2490.839718,real,0.020805,0.000000,0.000000,0.000000,0.000000,0.000000
2490.844409,real,0.031208,0.000000,0.000000,0.000000,0.000000,0.024166
2490.850486,real,0.062416,0.000000,0.000000,0.000000,0.000000,0.040277
2490.850847,real,0.062416,0.000000,0.000000,0.000000,0.000000,0.048332
2490.854951,real,0.083221,0.000000,0.000000,0.000000,0.000000,0.064443
2490.859756,real,0.104026,0.000000,0.000000,0.000000,0.000000,0.072498
2490.864605,real,0.124831,0.000000,0.000000,0.000000,0.000000,0.080554
2490.869775,real,0.135234,0.000000,0.000000,0.000000,0.000000,0.104720
2490.874773,real,0.156039,0.000000,0.000000,0.000000,0.000000,0.120830
2490.879856,real,0.166442,0.000000,0.000000,0.000000,0.000000,0.136941
2490.884773,real,0.176845,0.000000,0.000000,0.000000,0.000000,0.144997
2490.889644,real,0.187247,0.000000,0.000000,0.000000,0.000000,0.144997
2490.894654,real,0.187247,0.000000,0.000000,0.000000,0.000000,0.144997
2490.899760,real,0.218455,0.010403,0.000000,0.000000,0.000000,0.153052
2490.904828,real,0.228858,0.010403,0.000000,0.000000,0.000000,0.153052
2490.909787,real,0.239260,0.031208,0.000000,0.000000,0.031208,0.153052
2490.914895,real,0.260066,0.041610,0.000000,0.000000,0.031208,0.153052
2490.920073,real,0.270468,0.062416,0.000000,0.000000,0.031208,0.153052
2490.924611,real,0.301676,0.072818,0.000000,0.000000,0.062416,0.153052
2490.929683,real,0.312079,0.072818,0.000000,0.000000,0.083221,0.153052
2490.934874,real,0.322481,0.093624,0.000000,0.000000,0.093624,0.153052
2490.939666,real,0.343287,0.104026,0.000000,0.000000,0.114429,0.153052
2490.944775,real,0.353689,0.114429,0.000000,0.000000,0.124831,0.153052
2490.950092,real,0.364092,0.114429,0.000000,0.010403,0.135234,0.153052
2490.955359,real,0.384897,0.135234,0.000000,0.010403,0.156039,0.144997
2490.959794,real,0.395300,0.156039,0.000000,0.041610,0.166442,0.144997
2490.964850,real,0.416105,0.156039,0.000000,0.062416,0.176845,0.144997
2490.969682,real,0.426508,0.156039,0.000000,0.072818,0.208052,0.144997
2490.974616,real,0.436910,0.187247,0.000000,0.093624,0.218455,0.144997
2490.979987,real,0.457715,0.197650,0.000000,0.104026,0.218455,0.144997
2490.984738,real,0.468118,0.197650,0.000000,0.124831,0.239260,0.144997
2490.989789,real,0.499326,0.218455,0.000000,0.135234,0.249663,0.144997
2490.994758,real,0.509729,0.228858,0.000000,0.135234,0.270468,0.144997
2490.999764,real,0.520131,0.239260,0.000000,0.156039,0.280871,0.144997
2491.004526,real,0.540936,0.239260,0.000000,0.166442,0.301676,0.144997
2491.009540,real,0.551339,0.260066,0.031208,0.176845,0.312079,0.144997
2491.014855,real,0.561742,0.270468,0.041610,0.187247,0.322481,0.144997
2491.019810,real,0.582547,0.270468,0.062416,0.187247,0.343287,0.144997
2491.024494,real,0.592950,0.301676,0.072818,0.218455,0.353689,0.144997
2491.029540,real,0.613755,0.312079,0.083221,0.228858,0.364092,0.144997
2491.034592,real,0.624157,0.312079,0.093624,0.239260,0.384897,0.144997
2491.039540,real,0.634560,0.332884,0.093624,0.260066,0.395300,0.144997
2491.044820,real,0.655365,0.332884,0.124831,0.260066,0.426508,0.144997
2491.050069,real,0.665768,0.332884,0.135234,0.291273,0.436910,0.144997
2491.052152,real,0.665768,0.332884,0.135234,0.291273,0.436910,0.144997
2491.054621,real,0.696976,0.364092,0.145637,0.301676,0.447313,0.144997
2491.059781,real,0.707378,0.374494,0.166442,0.301676,0.457715,0.144997
2491.064645,real,0.717781,0.374494,0.176845,0.322481,0.457715,0.144997
2491.069547,real,0.738586,0.395300,0.197650,0.322481,0.499326,0.144997
2491.074654,real,0.748989,0.405702,0.197650,0.343287,0.509729,0.144997
2491.079813,real,0.759392,0.426508,0.197650,0.364092,0.520131,0.144997
2491.084550,real,0.780197,0.436910,0.228858,0.374494,0.530534,0.144997
2491.089413,real,0.790599,0.436910,0.239260,0.374494,0.530534,0.144997
2491.094806,real,0.811405,0.457715,0.249663,0.395300,0.561742,0.144997
2491.099549,real,0.821807,0.457715,0.270468,0.405702,0.582547,0.144997
2491.104680,real,0.832210,0.457715,0.280871,0.426508,0.592950,0.144997
2491.109377,real,0.853015,0.488923,0.301676,0.426508,0.613755,0.144997
2491.114499,real,0.863418,0.509729,0.301676,0.457715,0.613755,0.144997
2491.119572,real,0.884223,0.520131,0.301676,0.468118,0.634560,0.144997
2491.124527,real,0.894626,0.520131,0.332884,0.478521,0.655365,0.144997
2491.129232,real,0.905028,0.540936,0.343287,0.499326,0.665768,0.144997
2491.134361,real,0.936236,0.540936,0.364092,0.499326,0.665768,0.144997
2491.139491,real,0.946639,0.561742,0.374494,0.520131,0.686573,0.144997
2491.144217,real,0.957041,0.561742,0.384897,0.540936,0.696976,0.144997
2491.149458,real,0.977847,0.582547,0.405702,0.551339,0.717781,0.144997
2491.149960,real,0.977847,0.582547,0.405702,0.551339,0.717781,0.144997
2491.154314,real,0.988249,0.592950,0.416105,0.572144,0.728184,0.144997
2491.159431,real,1.009055,0.592950,0.426508,0.582547,0.738586,0.144997
2491.164121,real,1.019457,0.613755,0.447313,0.582547,0.759392,0.144997
2491.169265,real,1.019457,0.624157,0.457715,0.603352,0.769794,0.144997
2491.174315,real,1.029860,0.624157,0.468118,0.603352,0.790599,0.144997
2491.179410,real,1.040262,0.655365,0.488923,0.634560,0.801002,0.144997
2491.184208,real,1.040262,0.665768,0.488923,0.644963,0.811405,0.144997
2491.189466,real,1.040262,0.676171,0.509729,0.655365,0.821807,0.144997
2491.194244,real,1.040262,0.676171,0.520131,0.676171,0.842613,0.144997
2491.199242,real,1.040262,0.696976,0.530534,0.676171,0.863418,0.144997
2491.204515,real,1.040262,0.707378,0.530534,0.676171,0.873820,0.144997
2491.209351,real,1.040262,0.707378,0.551339,0.707378,0.884223,0.144997
2491.214174,real,1.040262,0.728184,0.572144,0.717781,0.905028,0.144997
2491.219774,real,1.040262,0.738586,0.592950,0.738586,0.915431,0.144997
2491.224179,real,1.040262,0.738586,0.603352,0.738586,0.925834,0.144997
2491.228996,real,1.040262,0.759392,0.603352,0.738586,0.946639,0.144997
2491.234447,real,1.040262,0.780197,0.624157,0.769794,0.957041,0.144997
2491.239313,real,1.040262,0.780197,0.644963,0.780197,0.957041,0.144997
2491.244203,real,1.040262,0.801002,0.655365,0.801002,0.977847,0.144997
2491.249364,real,1.040262,0.811405,0.665768,0.811405,0.988249,0.144997
2491.249703,real,1.040262,0.811405,0.676171,0.811405,0.998652,0.144997
2491.254372,real,1.040262,0.821807,0.676171,0.821807,1.009055,0.144997
2491.259288,real,1.040262,0.821807,0.696976,0.842613,1.019457,0.144997
2491.263956,real,1.040262,0.842613,0.696976,0.853015,1.040262,0.144997
2491.269317,real,1.040262,0.853015,0.728184,0.863418,1.040262,0.144997
2491.274208,real,1.040262,0.853015,0.738586,0.884223,1.061068,0.144997
2491.279425,real,1.040262,0.873820,0.759392,0.894626,1.081873,0.144997
2491.284159,real,1.040262,0.894626,0.759392,0.905028,1.092276,0.144997
2491.288986,real,1.040262,0.905028,0.759392,0.905028,1.092276,0.144997
2491.293869,real,1.040262,0.905028,0.790599,0.925834,1.092276,0.144997
2491.299666,real,1.040262,0.925834,0.801002,0.946639,1.092276,0.144997
2491.304247,real,1.040262,0.936236,0.821807,0.957041,1.092276,0.144997
2491.308777,real,1.040262,0.946639,0.832210,0.977847,1.092276,0.144997
2491.313894,real,1.040262,0.946639,0.842613,0.988249,1.092276,0.144997
2491.319318,real,1.040262,0.967444,0.863418,0.998652,1.092276,0.144997
2491.323946,real,1.040262,0.988249,0.863418,1.019457,1.092276,0.144997
2491.328941,real,1.040262,0.988249,0.884223,1.029860,1.092276,0.144997
2491.333999,real,1.040262,0.988249,0.894626,1.040262,1.092276,0.144997
2491.339564,real,1.040262,1.019457,0.905028,1.050665,1.092276,0.144997
2491.343854,real,1.040262,1.019457,0.925834,1.071470,1.092276,0.144997
2491.349162,real,1.040262,1.040262,0.936236,1.092276,1.092276,0.144997
2491.349719,real,1.040262,1.040262,0.936236,1.092276,1.092276,0.144997
2491.353790,real,1.040262,1.040262,0.946639,1.102678,1.092276,0.144997
2491.358980,real,1.040262,1.061068,0.946639,1.113081,1.092276,0.144997
2491.364248,real,1.040262,1.071470,0.967444,1.123483,1.092276,0.144997
2491.368792,real,1.040262,1.071470,0.988249,1.123483,1.092276,0.144997
2491.373693,real,1.040262,1.102678,0.998652,1.144289,1.092276,0.144997
2491.379058,real,1.040262,1.113081,1.009055,1.165094,1.092276,0.144997
2491.383956,real,1.040262,1.123483,1.029860,1.175497,1.092276,0.144997
2491.388638,real,1.040262,1.123483,1.040262,1.175497,1.092276,0.144997
2491.393744,real,1.040262,1.144289,1.061068,1.175497,1.092276,0.144997
2491.398839,real,1.040262,1.154691,1.071470,1.175497,1.092276,0.144997
2491.404069,real,1.040262,1.154691,1.081873,1.175497,1.092276,0.144997
2491.408588,real,1.040262,1.154691,1.081873,1.175497,1.092276,0.144997
2491.413735,real,1.040262,1.154691,1.102678,1.175497,1.092276,0.144997
2491.418726,real,1.040262,1.154691,1.113081,1.175497,1.092276,0.144997
2491.423692,real,1.040262,1.154691,1.133886,1.175497,1.092276,0.144997
2491.428662,real,1.040262,1.154691,1.144289,1.175497,1.092276,0.144997
2491.433652,real,1.040262,1.154691,1.154691,1.175497,1.092276,0.144997
2491.438765,real,1.040262,1.154691,1.175497,1.175497,1.092276,0.144997
2491.443723,real,1.040262,1.154691,1.185899,1.175497,1.092276,0.144997
2491.449008,real,1.040262,1.154691,1.196302,1.175497,1.092276,0.144997
2491.453818,real,1.040262,1.154691,1.196302,1.175497,1.092276,0.144997
2491.458685,real,1.040262,1.154691,1.217107,1.175497,1.092276,0.144997
2491.463695,real,1.040262,1.154691,1.217107,1.175497,1.092276,0.144997
2491.468566,real,1.040262,1.154691,1.217107,1.175497,1.092276,0.144997
2491.473652,real,1.040262,1.154691,1.217107,1.175497,1.092276,0.144997
2491.478782,real,1.040262,1.154691,1.217107,1.175497,1.092276,0.144997
2491.483750,real,1.040262,1.154691,1.217107,1.175497,1.092276,0.144997
2491.488666,real,1.040262,1.154691,1.217107,1.175497,1.092276,0.144997
2491.493726,real,1.040262,1.154691,1.217107,1.175497,1.092276,0.144997
2491.498280,real,1.040262,1.154691,1.217107,1.175497,1.092276,0.144997
2491.503610,real,1.040262,1.154691,1.217107,1.175497,1.092276,0.144997
2491.508459,real,1.040262,1.154691,1.217107,1.175497,1.092276,0.144997
2491.513247,real,1.040262,1.154691,1.217107,1.175497,1.092276,0.144997
2491.518413,real,1.040262,1.154691,1.217107,1.175497,1.092276,0.144997
2491.523555,real,1.040262,1.154691,1.217107,1.175497,1.092276,0.144997
2491.528324,real,1.040262,1.154691,1.217107,1.175497,1.092276,0.144997
2491.533105,real,1.040262,1.154691,1.217107,1.175497,1.092276,0.144997
2491.538222,real,1.040262,1.154691,1.217107,1.175497,1.092276,0.144997
2491.543525,real,1.040262,1.154691,1.217107,1.175497,1.092276,0.144997
2491.548791,real,1.040262,1.154691,1.217107,1.175497,1.092276,0.144997
2491.550357,real,1.040262,1.154691,1.217107,1.175497,1.092276,0.144997
2491.553236,real,1.040262,1.154691,1.217107,1.175497,1.092276,0.144997
2491.558383,real,1.040262,1.154691,1.217107,1.175497,1.092276,0.144997
2491.563551,real,1.040262,1.154691,1.217107,1.175497,1.092276,0.144997
2491.568309,real,1.040262,1.154691,1.217107,1.175497,1.092276,0.144997
2491.573771,real,1.040262,1.154691,1.217107,1.175497,1.092276,0.144997
2491.578320,real,1.040262,1.154691,1.217107,1.175497,1.092276,0.144997
2491.583403,real,1.040262,1.154691,1.217107,1.175497,1.092276,0.144997
2491.588353,real,1.040262,1.154691,1.217107,1.175497,1.092276,0.144997
2491.593175,real,1.040262,1.154691,1.217107,1.175497,1.092276,0.144997
2491.597999,real,1.040262,1.154691,1.217107,1.175497,1.092276,0.144997
2491.603142,real,1.040262,1.154691,1.217107,1.175497,1.092276,0.144997
2491.608123,real,1.040262,1.154691,1.217107,1.175497,1.092276,0.144997
2491.612883,real,1.040262,1.154691,1.217107,1.175497,1.092276,0.144997
2491.618051,real,1.040262,1.154691,1.217107,1.175497,1.092276,0.144997
2491.623109,real,1.040262,1.154691,1.217107,1.175497,1.092276,0.144997
2491.627867,real,1.040262,1.154691,1.217107,1.175497,1.092276,0.144997
2491.632768,real,1.040262,1.154691,1.217107,1.175497,1.092276,0.144997
2491.637975,real,1.040262,1.154691,1.217107,1.175497,1.092276,0.144997
2491.642918,real,1.040262,1.154691,1.217107,1.175497,1.092276,0.144997
2491.648932,real,1.040262,1.154691,1.217107,1.175497,1.092276,0.144997
2491.649118,real,1.040262,1.154691,1.217107,1.175497,1.092276,0.144997
2491.652833,real,1.040262,1.154691,1.217107,1.175497,1.092276,0.144997
2491.748730,real,1.040262,1.154691,1.217107,1.175497,1.092276,0.144997
2491.848643,real,1.040262,1.154691,1.217107,1.175497,1.092276,0.144997
2491.948295,real,1.040262,1.154691,1.217107,1.175497,1.092276,0.144997
2492.048059,real,1.040262,1.154691,1.217107,1.175497,1.092276,0.144997
2492.148025,real,1.040262,1.154691,1.217107,1.175497,1.092276,0.144997
2492.248051,real,1.040262,1.154691,1.217107,1.175497,1.092276,0.144997
2492.347851,real,1.040262,1.154691,1.217107,1.175497,1.092276,0.144997
2492.447354,real,1.040262,1.154691,1.217107,1.175497,1.092276,0.144997
2492.546940,real,1.040262,1.154691,1.217107,1.175497,1.092276,0.144997
2492.591599,real,1.040262,1.154691,1.217107,1.175497,1.092276,0.144997
2492.596450,real,1.040262,1.154691,1.217107,1.175497,1.092276,0.144997
2492.601332,real,1.040262,1.154691,1.217107,1.175497,1.092276,0.144997
2492.606181,real,1.040262,1.154691,1.217107,1.175497,1.092276,0.144997
2492.611274,real,1.040262,1.154691,1.217107,1.175497,1.092276,0.144997
2492.616567,real,1.009055,1.154691,1.217107,1.175497,1.092276,0.144997
2492.621214,real,0.998652,1.154691,1.217107,1.175497,1.092276,0.144997
2492.626230,real,0.977847,1.154691,1.217107,1.175497,1.092276,0.144997
2492.631336,real,0.967444,1.154691,1.217107,1.175497,1.092276,0.144997
2492.636985,real,0.946639,1.123483,1.217107,1.154691,1.092276,0.144997
2492.641323,real,0.915431,1.123483,1.196302,1.144289,1.071470,0.144997
2492.646713,real,0.905028,1.092276,1.196302,1.144289,1.061068,0.144997
2492.648933,real,0.905028,1.092276,1.196302,1.123483,1.061068,0.144997
2492.651645,real,0.884223,1.081873,1.175497,1.113081,1.061068,0.144997
2492.656224,real,0.873820,1.071470,1.154691,1.092276,1.029860,0.144997
2492.661243,real,0.863418,1.050665,1.144289,1.071470,1.019457,0.144997
2492.666251,real,0.842613,1.040262,1.123483,1.061068,0.998652,0.144997
2492.671228,real,0.832210,1.040262,1.113081,1.050665,0.988249,0.144997
2492.676271,real,0.821807,1.019457,1.102678,1.029860,0.967444,0.144997
2492.681145,real,0.811405,1.019457,1.081873,1.029860,0.957041,0.128886
2492.685996,real,0.790599,1.019457,1.081873,1.009055,0.957041,0.112775
2492.691103,real,0.769794,0.988249,1.081873,0.998652,0.957041,0.104720
2492.696138,real,0.769794,0.988249,1.050665,0.988249,0.915431,0.080554
2492.701066,real,0.769794,0.988249,1.040262,0.967444,0.905028,0.072498
2492.706040,real,0.738586,0.957041,1.019457,0.957041,0.873820,0.064443
2492.711151,real,0.728184,0.957041,1.009055,0.946639,0.863418,0.040277
2492.716219,real,0.717781,0.957041,0.998652,0.925834,0.853015,0.024166
2492.721030,real,0.696976,0.925834,0.977847,0.925834,0.832210,0.016111
2492.726260,real,0.676171,0.905028,0.967444,0.905028,0.821807,0.016111
2492.731200,real,0.655365,0.894626,0.946639,0.894626,0.811405,0.016111
2492.736048,real,0.644963,0.884223,0.936236,0.884223,0.790599,0.000000
2492.741033,real,0.634560,0.873820,0.936236,0.863418,0.780197,0.000000
2492.746259,real,0.624157,0.873820,0.915431,0.863418,0.759392,0.000000
2492.746587,real,0.624157,0.873820,0.915431,0.863418,0.759392,0.000000
2492.751024,real,0.613755,0.853015,0.905028,0.832210,0.748989,0.000000
2492.756086,real,0.592950,0.853015,0.894626,0.821807,0.738586,0.000000
2492.760997,real,0.592950,0.853015,0.873820,0.811405,0.717781,0.000000
2492.765947,real,0.572144,0.821807,0.863418,0.790599,0.707378,0.000000
2492.771091,real,0.551339,0.821807,0.842613,0.780197,0.686573,0.000000
2492.776114,real,0.540936,0.790599,0.832210,0.769794,0.676171,0.008055
2492.780843,real,0.530534,0.780197,0.821807,0.748989,0.665768,0.008055
2492.785973,real,0.509729,0.769794,0.801002,0.748989,0.644963,0.008055
2492.791120,real,0.499326,0.759392,0.801002,0.728184,0.634560,0.008055
2492.796047,real,0.478521,0.759392,0.769794,0.717781,0.624157,0.008055
2492.800966,real,0.468118,0.738586,0.759392,0.707378,0.603352,0.008055
2492.805802,real,0.457715,0.728184,0.759392,0.686573,0.592950,0.008055
2492.810745,real,0.436910,0.728184,0.759392,0.676171,0.572144,0.008055
2492.815857,real,0.426508,0.696976,0.728184,0.655365,0.561742,0.008055
2492.820830,real,0.405702,0.686573,0.717781,0.655365,0.551339,0.008055
2492.825732,real,0.395300,0.686573,0.696976,0.655365,0.530534,0.008055
2492.830645,real,0.384897,0.665768,0.686573,0.624157,0.520131,0.008055
2492.835912,real,0.364092,0.655365,0.665768,0.613755,0.488923,0.008055
2492.840886,real,0.353689,0.644963,0.655365,0.603352,0.478521,0.008055
2492.846214,real,0.332884,0.624157,0.655365,0.582547,0.468118,0.008055
2492.848134,real,0.332884,0.624157,0.655365,0.582547,0.468118,0.008055
2492.850811,real,0.322481,0.613755,0.634560,0.572144,0.468118,0.008055
2492.855744,real,0.312079,0.613755,0.624157,0.561742,0.468118,0.008055
2492.860621,real,0.291273,0.592950,0.603352,0.540936,0.436910,0.008055
2492.865603,real,0.280871,0.592950,0.592950,0.530534,0.416105,0.008055
2492.870764,real,0.270468,0.592950,0.582547,0.509729,0.395300,0.008055
2492.875791,real,0.249663,0.561742,0.561742,0.509729,0.374494,0.008055
2492.880772,real,0.239260,0.540936,0.551339,0.488923,0.364092,0.008055
2492.885819,real,0.218455,0.540936,0.540936,0.478521,0.353689,0.008055
2492.890883,real,0.218455,0.540936,0.520131,0.468118,0.332884,0.008055
2492.896020,real,0.218455,0.509729,0.509729,0.447313,0.322481,0.008055
2492.901094,real,0.187247,0.499326,0.499326,0.436910,0.301676,0.008055
2492.905697,real,0.166442,0.499326,0.499326,0.426508,0.291273,0.008055
2492.910690,real,0.156039,0.478521,0.478521,0.405702,0.280871,0.008055
2492.915715,real,0.145637,0.468118,0.457715,0.395300,0.260066,0.008055
2492.920638,real,0.135234,0.447313,0.447313,0.384897,0.249663,0.008055
2492.925439,real,0.124831,0.447313,0.426508,0.384897,0.239260,0.008055
2492.930637,real,0.104026,0.447313,0.416105,0.364092,0.218455,0.008055
2492.935839,real,0.093624,0.416105,0.405702,0.343287,0.208052,0.008055
2492.940437,real,0.072818,0.416105,0.384897,0.332884,0.187247,0.008055
2492.945656,real,0.062416,0.395300,0.374494,0.322481,0.176845,0.008055
2492.950562,real,0.041610,0.384897,0.374494,0.322481,0.166442,0.008055
2492.955445,real,0.031208,0.374494,0.353689,0.301676,0.145637,0.008055
2492.960562,real,0.020805,0.353689,0.343287,0.280871,0.135234,0.008055
2492.965551,real,0.000000,0.353689,0.332884,0.270468,0.114429,0.008055
2492.970598,real,0.000000,0.353689,0.312079,0.260066,0.104026,0.008055
2492.975675,real,0.000000,0.322481,0.301676,0.239260,0.093624,0.008055
2492.980665,real,0.000000,0.322481,0.280871,0.228858,0.072818,0.008055
2492.985576,real,0.000000,0.301676,0.270468,0.208052,0.062416,0.008055
2492.990457,real,0.000000,0.291273,0.249663,0.197650,0.052013,0.008055
2492.995691,real,0.000000,0.291273,0.239260,0.187247,0.031208,0.008055
2493.000666,real,0.000000,0.270468,0.228858,0.166442,0.020805,0.008055
2493.005351,real,0.000000,0.270468,0.208052,0.156039,0.010403,0.008055
2493.010387,real,0.000000,0.239260,0.208052,0.145637,0.010403,0.008055
2493.015763,real,0.000000,0.239260,0.208052,0.145637,0.010403,0.008055
2493.020341,real,0.000000,0.228858,0.176845,0.124831,0.010403,0.008055
2493.025285,real,0.000000,0.218455,0.166442,0.104026,0.010403,0.008055
2493.030511,real,0.000000,0.197650,0.145637,0.093624,0.010403,0.008055
2493.035552,real,0.000000,0.187247,0.135234,0.083221,0.010403,0.008055
2493.040555,real,0.000000,0.187247,0.124831,0.062416,0.010403,0.008055
2493.045956,real,0.000000,0.166442,0.104026,0.052013,0.010403,0.008055
2493.047676,real,0.000000,0.166442,0.104026,0.052013,0.010403,0.008055
2493.050329,real,0.000000,0.166442,0.104026,0.031208,0.010403,0.008055
2493.055465,real,0.000000,0.166442,0.083221,0.020805,0.010403,0.008055
2493.060527,real,0.000000,0.135234,0.072818,0.010403,0.010403,0.008055
2493.065288,real,0.000000,0.114429,0.062416,0.010403,0.010403,0.008055
2493.070124,real,0.000000,0.104026,0.041610,0.000000,0.010403,0.008055
2493.075349,real,0.000000,0.093624,0.031208,0.000000,0.010403,0.008055
2493.080455,real,0.000000,0.093624,0.020805,0.000000,0.010403,0.008055
2493.085282,real,0.000000,0.072818,0.000000,0.000000,0.010403,0.008055
2493.090341,real,0.000000,0.052013,0.000000,0.000000,0.010403,0.008055
2493.095238,real,0.000000,0.041610,0.000000,0.000000,0.010403,0.008055
2493.100482,real,0.000000,0.041610,0.000000,0.000000,0.010403,0.008055
2493.105210,real,0.000000,0.020805,0.000000,0.000000,0.010403,0.008055
2493.110316,real,0.000000,0.010403,0.000000,0.000000,0.010403,0.008055
2493.115384,real,0.000000,0.010403,0.000000,0.000000,0.010403,0.008055
2493.120207,real,0.000000,0.000000,0.000000,0.000000,0.010403,0.008055
2493.125136,real,0.000000,0.000000,0.000000,0.000000,0.010403,0.008055
2493.130243,real,0.000000,0.000000,0.000000,0.000000,0.010403,0.008055
2493.135630,real,0.000000,0.000000,0.000000,0.000000,0.010403,0.008055
2493.140519,real,0.000000,0.000000,0.000000,0.000000,0.010403,0.008055
2493.145436,real,0.000000,0.000000,0.000000,0.000000,0.010403,0.008055
2493.145794,real,0.000000,0.000000,0.000000,0.000000,0.010403,0.008055
2493.150156,real,0.000000,0.000000,0.000000,0.000000,0.010403,0.008055
2493.155210,real,0.000000,0.000000,0.000000,0.000000,0.010403,0.008055
2493.160409,real,0.000000,0.000000,0.000000,0.000000,0.010403,0.008055
2493.165026,real,0.000000,0.000000,0.000000,0.000000,0.010403,0.008055
2493.170100,real,0.000000,0.000000,0.000000,0.000000,0.010403,0.008055
2493.175402,real,0.000000,0.000000,0.000000,0.000000,0.010403,0.008055
2493.180612,real,0.000000,0.000000,0.000000,0.000000,0.010403,0.008055
2493.184943,real,0.000000,0.000000,0.000000,0.000000,0.010403,0.008055
2493.189999,real,0.000000,0.000000,0.000000,0.000000,0.010403,0.008055
2493.195110,real,0.000000,0.000000,0.000000,0.000000,0.010403,0.008055
2493.200180,real,0.000000,0.000000,0.000000,0.000000,0.010403,0.008055
2493.205017,real,0.000000,0.000000,0.000000,0.000000,0.010403,0.008055
2493.209938,real,0.000000,0.000000,0.000000,0.000000,0.010403,0.008055
2493.215153,real,0.000000,0.000000,0.000000,0.000000,0.010403,0.008055
2493.220132,real,0.000000,0.000000,0.000000,0.000000,0.010403,0.008055
2493.224913,real,0.000000,0.000000,0.000000,0.000000,0.010403,0.008055
2493.229833,real,0.000000,0.000000,0.000000,0.000000,0.010403,0.008055
2493.234989,real,0.000000,0.000000,0.000000,0.000000,0.010403,0.008055
2493.240105,real,0.000000,0.000000,0.000000,0.000000,0.010403,0.008055
2493.245105,real,0.000000,0.000000,0.000000,0.000000,0.010403,0.008055
2493.245479,real,0.000000,0.000000,0.000000,0.000000,0.010403,0.008055
2493.249722,real,0.000000,0.000000,0.000000,0.000000,0.010403,0.008055
2493.254978,real,0.000000,0.000000,0.000000,0.000000,0.010403,0.008055
2493.259960,real,0.000000,0.000000,0.000000,0.000000,0.010403,0.008055
2493.264770,real,0.000000,0.000000,0.000000,0.000000,0.010403,0.008055
2493.269793,real,0.000000,0.000000,0.000000,0.000000,0.010403,0.008055
2493.274830,real,0.000000,0.000000,0.000000,0.000000,0.010403,0.008055
2493.279717,real,0.000000,0.000000,0.000000,0.000000,0.010403,0.008055
2493.284681,real,0.000000,0.000000,0.000000,0.000000,0.010403,0.008055
2493.289574,real,0.000000,0.000000,0.000000,0.000000,0.010403,0.008055
2493.294704,real,0.000000,0.000000,0.000000,0.000000,0.010403,0.008055
2493.299916,real,0.000000,0.000000,0.000000,0.000000,0.010403,0.008055
2493.304578,real,0.000000,0.000000,0.000000,0.000000,0.010403,0.008055
2493.309362,real,0.000000,0.000000,0.000000,0.000000,0.010403,0.008055
2493.314443,real,0.000000,0.000000,0.000000,0.000000,0.010403,0.008055
2493.319658,real,0.000000,0.000000,0.000000,0.000000,0.010403,0.008055
2493.324357,real,0.000000,0.000000,0.000000,0.000000,0.010403,0.008055
2493.329283,real,0.000000,0.000000,0.000000,0.000000,0.010403,0.008055
2493.334395,real,0.000000,0.000000,0.000000,0.000000,0.010403,0.008055
2493.339707,real,0.000000,0.000000,0.000000,0.000000,0.010403,0.008055
2493.345515,real,0.000000,0.000000,0.000000,0.000000,0.000000,0.008055
2493.345784,real,0.000000,0.000000,0.000000,0.000000,0.000000,0.008055
2493.445442,real,0.000000,0.000000,0.000000,0.000000,0.000000,0.008055
2493.545211,real,0.000000,0.000000,0.000000,0.000000,0.000000,0.008055
2493.644662,real,0.000000,0.000000,0.000000,0.000000,0.000000,0.008055
