t_rel_s,sim_Index_deg,real_Index_deg
0.0000,6.8755,0.0000
0.0040,6.8755,0.0000
0.0080,6.8755,0.0000
0.0120,6.8754,0.0000
0.0160,6.8756,0.0000
0.0200,6.8755,0.0000
0.0240,6.8755,0.0000
0.0280,6.8755,0.0000
0.0320,6.8755,0.0000
0.0360,6.8755,0.0000
0.0400,6.8755,0.0000
0.0440,6.8755,0.0000
0.0480,6.8755,0.0000
0.0520,6.8755,0.0000
0.0560,6.8755,0.0000
0.0600,6.8755,0.0000
0.0640,6.8755,0.0000
0.0680,6.8755,0.0000
0.0720,6.8755,0.0000
0.0760,6.8755,0.0000
0.0800,6.8755,0.0000
0.0840,6.8755,0.0000
0.0880,6.8755,0.0000
0.0920,6.8755,0.0000
0.0960,6.8755,0.0000
0.1000,6.8755,0.0000
0.1040,6.8755,0.0000
0.1080,6.8755,0.0000
0.1120,6.8755,0.0000
0.1160,6.8755,0.0000
0.1200,6.8755,0.0000
0.1240,6.8755,0.0000
0.1280,6.8755,0.0000
0.1320,6.8755,0.0000
0.1360,6.8755,0.0000
0.1400,6.8755,0.0000
0.1440,6.8755,0.0000
0.1480,6.8755,0.0000
0.1520,6.8755,0.0000
0.1560,6.8755,0.0000
0.1600,6.8755,0.0000
0.1640,6.8755,0.0000
0.1680,6.8755,0.0000
0.1720,6.8755,0.0000
0.1760,6.8755,0.0000
0.1800,6.8755,0.0000
0.1840,6.8755,0.0000
0.1880,6.8755,0.0000
0.1920,6.8755,0.0000
0.1960,6.8755,0.0000
0.2000,6.8755,0.0000
0.2040,6.8755,0.0000
0.2080,6.8755,0.0000
0.2120,6.8755,0.0000
0.2160,6.8755,0.0000
0.2200,6.8755,0.0000
0.2240,6.8755,0.0000
0.2280,6.8755,0.0000
0.2320,6.8755,0.0000
0.2360,6.8755,0.0000
0.2400,6.8755,0.0000
0.2440,6.8755,0.0000
0.2480,6.8755,0.0000
0.2520,6.8755,0.0000
0.2560,6.8755,0.0000
0.2600,6.8755,0.0000
0.2640,6.8755,0.0000
0.2680,6.8755,0.0000
0.2720,6.8755,0.0000
0.2760,6.8755,0.0000
0.2800,6.8755,0.0000
0.2840,6.8755,0.0000
0.2880,6.8755,0.0000
0.2920,6.8755,0.0000
0.2960,6.8755,0.0000
0.3000,6.8755,0.0000
0.3040,6.8755,0.0000
0.3080,6.8755,0.0000
0.3120,6.8755,0.0000
0.3160,6.8755,0.0000
0.3200,6.8755,0.0000
0.3240,6.8755,0.0000
0.3280,6.8755,0.0000
0.3320,6.8755,0.0000
0.3360,6.8755,0.0000
0.3400,6.8755,0.0000
0.3440,6.8755,0.0000
0.3480,6.8755,0.0000
0.3520,6.8755,0.0000
0.3560,6.8755,0.0000
0.3600,6.8755,0.0000
0.3640,6.8755,0.0000
0.3680,6.8755,0.0000
0.3720,6.8755,0.0000
0.3760,6.8755,0.0000
0.3800,6.8755,0.0000
0.3840,6.8755,0.0000
0.3880,6.8755,0.0000
0.3920,6.8755,0.0000
0.3960,6.8755,0.0000
0.4000,6.8755,0.0000
0.4040,6.8755,0.0000
0.4080,6.8755,0.0000
0.4120,6.8755,0.0000
0.4160,6.8755,0.0000
0.4200,6.8755,0.0000
0.4240,6.8755,0.0000
0.4280,6.8755,0.0000
0.4320,6.8755,0.0000
0.4360,6.8755,0.0000
0.4400,6.8755,0.0000
0.4440,6.8755,0.0000
0.4480,6.8755,0.0000
0.4520,6.8755,0.0000
0.4560,6.8755,0.0000
0.4600,6.8755,0.0000
0.4640,6.8755,0.0000
0.4680,6.8755,0.0000
0.4720,6.8755,0.0000
0.4760,6.8755,0.0000
0.4800,6.8755,0.0000
0.4840,6.8755,0.0000
0.4880,6.8755,0.0000
0.4920,6.8755,0.0000
0.4960,6.8755,0.0000
0.5000,6.8755,0.0000
0.5040,6.8755,0.0000
0.5080,6.8755,0.0000
0.5120,6.8755,0.0000
0.5160,6.8755,0.0000
0.5200,6.8755,0.0000
0.5240,6.8755,0.0000
0.5280,6.8755,0.0000
0.5320,6.8755,0.0000
0.5360,6.8755,0.0000
0.5400,6.8755,0.0000
0.5440,6.8755,0.0000
0.5480,6.8754,0.0000
0.5520,6.8754,0.0000
0.5560,6.8753,0.0000
0.5600,6.8755,0.0000
0.5640,6.8753,0.0000
0.5680,6.8754,0.0000
0.5720,6.8754,0.0000
0.5760,6.8755,0.0000
0.5800,6.8754,0.0000
0.5840,6.8754,0.0000
0.5880,6.8754,0.0000
0.5920,6.8755,0.0000
0.5960,6.8754,0.0000
0.6000,6.8754,0.0000
0.6040,6.8754,0.0000
0.6080,6.8754,0.0000
0.6120,6.8753,0.0000
0.6160,6.8755,0.0000
0.6200,6.8753,0.0000
0.6240,6.8755,0.0000
0.6280,6.8754,0.0000
0.6320,6.8754,0.0000
0.6360,6.8753,0.0000
0.6400,6.8755,0.0000
0.6440,6.8754,0.0000
0.6480,6.8754,0.0000
0.6520,6.8753,0.0000
0.6560,6.8755,0.0000
0.6600,6.8753,0.0000
0.6640,6.8755,0.0000
0.6680,6.8754,0.0000
0.6720,6.8754,0.0000
0.6760,6.8753,0.0000
0.6800,6.8755,0.0000
0.6840,6.8753,0.0000
0.6880,6.8755,0.0000
0.6920,6.8753,0.0000
0.6960,6.8755,0.0000
0.7000,6.8753,0.0000
0.7040,6.8755,0.0000
0.7080,6.8753,0.0000
0.7120,6.8754,0.0000
0.7160,6.8753,0.0000
0.7200,6.8755,0.0000
0.7240,6.8754,0.0000
0.7280,6.8754,0.0000
0.7320,6.8753,0.0000
0.7360,6.8755,0.0000
0.7400,6.8754,0.0000
0.7440,6.8754,0.0000
0.7480,6.8753,0.0000
0.7520,6.8755,0.0000
0.7560,6.8754,0.0000
0.7600,6.8754,0.0000
0.7640,6.8753,0.0000
0.7680,6.8755,0.0000
0.7720,6.8754,0.0000
0.7760,6.8754,0.0000
0.7800,6.8753,0.0000
0.7840,6.8755,0.0000
0.7880,6.8753,0.0000
0.7920,6.8755,0.0000
0.7960,6.8753,0.0000
0.8000,6.8754,0.0000
0.8040,6.8753,0.0000
0.8080,6.8755,0.0000
0.8120,6.8753,0.0000
0.8160,6.8755,0.0000
0.8200,6.8753,0.0000
0.8240,6.8755,0.0000
0.8280,6.8753,0.0000
0.8320,6.8755,0.0000
0.8360,6.8753,0.0000
0.8400,6.8755,0.0000
0.8440,6.8753,0.0000
0.8480,6.8755,0.0000
0.8520,6.8753,0.0000
0.8560,6.8755,0.0000
0.8600,6.8753,0.0000
0.8640,6.8755,0.0000
0.8680,6.8753,0.0000
0.8720,6.8754,0.0000
0.8760,6.8753,0.0000
0.8800,6.8755,0.0000
0.8840,6.8753,0.0000
0.8880,6.8755,0.0000
0.8920,6.8753,0.0000
0.8960,6.8755,0.0000
0.9000,6.8754,0.0000
0.9040,6.8754,0.0000
0.9080,6.8753,0.0000
0.9120,6.8755,0.0000
0.9160,6.8753,0.0000
0.9200,6.8755,0.0000
0.9240,6.8753,0.0000
0.9280,6.8754,0.0000
0.9320,6.8753,0.0000
0.9360,6.8755,0.0000
0.9400,6.8753,0.0000
0.9440,6.8755,0.0000
0.9480,6.8753,0.0000
0.9520,6.8755,0.0000
0.9560,6.8753,0.0000
0.9600,6.8755,0.0000
0.9640,6.8753,0.0000
0.9680,6.8755,0.0000
0.9720,6.8754,0.0000
0.9760,6.8754,0.0000
0.9800,6.8753,0.0000
0.9840,6.8755,0.0000
0.9880,6.8753,0.0000
0.9920,6.8754,0.0000
0.9960,6.8753,0.0000
1.0000,6.8755,0.0000
1.0040,6.8753,0.0000
1.0080,6.8755,0.0000
1.0120,6.8753,0.0000
1.0160,6.8754,0.0000
1.0200,6.8753,0.0000
1.0240,6.8755,0.0000
1.0280,6.8754,0.0000
1.0320,6.8755,0.0000
1.0360,6.8753,0.0000
1.0400,6.8755,0.0000
1.0440,6.8753,0.0000
1.0480,6.8755,0.0000
1.0520,6.8753,0.0000
1.0560,6.8754,0.0000
1.0600,6.8753,0.0000
1.0640,6.8755,0.0000
1.0680,6.8753,0.0000
1.0720,6.8754,0.0000
1.0760,6.8753,0.0000
1.0800,6.8755,0.0000
1.0840,6.8753,0.0000
1.0880,6.8755,0.0000
1.0920,6.8753,0.0000
1.0960,6.8755,0.0000
1.1000,6.8753,0.0000
1.1040,6.8755,0.0000
1.1080,6.8753,0.0000
1.1120,6.8755,0.0000
1.1160,6.8753,0.0000
1.1200,6.8755,0.0000
1.1240,6.8753,0.0000
1.1280,6.8755,0.0000
1.1320,6.8752,0.0000
1.1360,6.8755,0.0000
1.1400,6.8753,0.0000
1.1440,6.8754,0.0000
1.1480,6.8753,0.0000
1.1520,6.8755,0.0000
1.1560,6.8753,0.0000
1.1600,6.8754,0.0000
1.1640,6.8753,0.0000
1.1680,6.8755,0.0000
1.1720,6.8753,0.0000
1.1760,6.8754,0.0000
1.1800,6.8753,0.0000
1.1840,6.8755,0.0000
1.1880,6.8754,0.0000
1.1920,6.8755,0.0000
1.1960,6.8753,0.0000
1.2000,6.8755,0.0000
1.2040,6.8754,0.0000
1.2080,6.8756,0.0000
1.2120,6.8755,0.0000
1.2160,6.8755,0.0000
1.2200,6.8755,0.0000
1.2240,6.8755,0.0000
1.2280,6.8755,0.0000
1.2320,6.8755,0.0000
1.2360,6.8755,0.0000
1.2400,6.8755,0.0000
1.2440,6.8755,0.0000
1.2480,6.8755,0.0000
1.2520,6.8755,0.0000
1.2560,6.8755,0.0000
1.2600,6.8755,0.0000
1.2640,6.8755,0.0000
1.2680,6.8755,0.0000
1.2720,6.8755,0.0000
1.2760,6.8755,0.0000
1.2800,6.8755,0.0000
1.2840,6.8755,0.0000
1.2880,6.8755,0.0000
1.2920,6.8755,0.0000
1.2960,6.8755,0.0000
1.3000,6.8755,0.0000
1.3040,6.8755,0.0000
1.3080,6.8755,0.0000
1.3120,6.8755,0.0000
1.3160,6.8755,0.0000
1.3200,6.8755,0.0000
1.3240,6.8755,0.0000
1.3280,6.8755,0.0000
1.3320,6.8755,0.0000
1.3360,6.8755,0.0000
1.3400,6.8755,0.0000
1.3440,6.8756,0.0000
1.3480,6.8755,0.0000
1.3520,6.8756,0.0000
1.3560,6.8755,0.0000
1.3600,6.8755,0.0000
1.3640,6.8755,0.0000
1.3680,6.8755,0.0000
1.3720,6.8755,0.0000
1.3760,6.8755,0.0000
1.3800,6.8755,0.0000
1.3840,6.8755,0.0000
1.3880,6.8755,0.0000
1.3920,6.8755,0.0000
1.3960,6.8755,0.0000
1.4000,6.8755,0.0000
1.4040,6.8755,0.0000
1.4080,6.8755,0.0000
1.4120,6.8755,0.0000
1.4160,6.8755,0.0000
1.4200,6.8755,0.0000
1.4240,6.8755,0.0000
1.4280,6.8755,0.0000
1.4320,6.8755,0.0000
1.4360,6.8755,0.0000
1.4400,6.8755,0.0000
1.4440,6.8755,0.0000
1.4480,6.8755,0.0000
1.4520,6.8755,0.0000
1.4560,6.8755,0.0000
1.4600,6.8755,0.0000
1.4640,6.8755,0.0000
1.4680,6.8755,0.0000
1.4720,6.8755,0.0000
1.4760,6.8755,0.0000
1.4800,6.8755,0.0000
1.4840,6.8755,0.0000
1.4880,6.8755,0.0000
1.4920,6.8755,0.0000
1.4960,6.8755,0.0000
1.5000,6.8755,0.0000
1.5040,6.8755,0.0000
1.5080,6.8755,0.0000
1.5120,6.8755,0.0000
1.5160,6.8755,0.0000
1.5200,6.8755,0.0000
1.5240,6.8755,0.0000
1.5280,6.8755,0.0000
1.5320,6.8755,0.0000
1.5360,6.8755,0.0000
1.5400,6.8755,0.0000
1.5440,6.8755,0.0000
1.5480,6.8755,0.0000
1.5520,6.8755,0.0000
1.5560,6.8755,0.0000
1.5600,6.8755,0.0000
1.5640,6.8755,0.0000
1.5680,6.8755,0.0000
1.5720,6.8755,0.0000
1.5760,6.8755,0.0000
1.5800,6.8755,0.0000
1.5840,6.8755,0.0000
1.5880,6.8755,0.0000
1.5920,6.8755,0.0000
1.5960,6.8755,0.0000
1.6000,6.8755,0.0000
1.6040,6.8755,0.0000
1.6080,6.8755,0.0000
1.6120,6.8755,0.0000
1.6160,6.8755,0.0000
1.6200,6.8755,0.0000
1.6240,6.8755,0.0000
1.6280,6.8755,0.0000
1.6320,6.8755,0.0000
1.6360,6.8755,0.0000
1.6400,6.8755,0.0000
1.6440,6.8755,0.0000
1.6480,6.8755,0.0000
1.6520,6.8755,0.0000
1.6560,6.8755,0.0000
1.6600,6.8755,0.0000
1.6640,6.8755,0.0000
1.6680,6.8755,0.0000
1.6720,6.8756,0.0000
1.6760,6.8754,0.0000
1.6800,6.8756,0.0000
1.6840,6.8755,0.0000
1.6880,6.8756,0.0000
1.6920,6.8755,0.0000
1.6960,6.8756,0.0000
1.7000,6.8755,0.0000
1.7040,6.8756,0.0000
1.7080,6.8755,0.0000
1.7120,6.8756,0.0000
1.7160,6.8755,0.0000
1.7200,6.8755,0.0000
1.7240,6.8755,0.0000
1.7280,6.8755,0.0000
1.7320,6.8755,0.0000
1.7360,6.8755,0.0000
1.7400,6.8755,0.0000
1.7440,6.8755,0.0000
1.7480,6.8755,0.0000
1.7520,6.8756,0.0000
1.7560,6.8755,0.0000
1.7600,6.8755,0.0000
1.7640,6.8755,0.0000
1.7680,6.8755,0.0000
1.7720,6.8755,0.0000
1.7760,6.8755,0.0000
1.7800,6.8755,0.0000
1.7840,6.8755,0.0000
1.7880,6.8754,0.0000
1.7920,6.8755,0.0000
1.7960,6.8755,0.0000
1.8000,6.8756,0.0000
1.8040,6.8755,0.0000
1.8080,6.8756,0.0000
1.8120,6.8754,0.0000
1.8160,6.8756,0.0000
1.8200,6.8755,0.0000
1.8240,6.8756,0.0000
1.8280,6.8755,0.0000
1.8320,6.8756,0.0000
1.8360,6.8754,0.0000
1.8400,6.8756,0.0000
1.8440,6.8755,0.0000
1.8480,6.8756,0.0000
1.8520,6.8755,0.0000
1.8560,6.8756,0.0000
1.8600,6.8755,0.0000
1.8640,6.8755,0.0000
1.8680,6.8755,0.0000
1.8720,6.8755,0.0000
1.8760,6.8755,0.0000
1.8800,6.8755,0.0000
1.8840,6.8755,0.0000
1.8880,6.8755,0.0000
1.8920,6.8755,0.0000
1.8960,6.8755,0.0000
1.9000,6.8755,0.0000
1.9040,6.8756,0.0000
1.9080,6.8755,0.0000
1.9120,6.8756,0.0000
1.9160,6.8755,0.0000
1.9200,6.8755,0.0000
1.9240,6.8755,0.0000
1.9280,6.8755,0.0000
1.9320,6.8755,0.0891
1.9360,6.8756,0.5940
1.9400,6.8754,0.5960
1.9440,6.8756,0.5960
1.9480,6.8755,2.3203
1.9520,6.8756,3.1201
1.9560,6.8755,3.5902
1.9600,6.8755,4.0576
1.9640,6.8755,4.8855
1.9680,6.8756,5.6127
1.9720,6.8755,6.3942
1.9760,6.8755,7.7644
1.9800,6.8755,8.2438
1.9840,6.8755,8.7381
1.9880,6.8755,9.4953
1.9920,6.8756,10.2700
1.9960,6.8755,10.7023
2.0000,6.8756,11.6523
2.0040,6.8755,12.2656
2.0080,6.8755,12.7464
2.0120,6.8755,13.3545
2.0160,6.8755,14.3267
2.0200,6.8755,15.3079
2.0240,6.8755,15.8650
2.0280,6.8755,16.5337
2.0320,6.8756,17.3625
2.0360,6.8755,17.8904
2.0400,6.8755,18.3564
2.0440,6.8755,18.4768
2.0480,6.8755,19.1768
2.0520,6.8755,20.5392
2.0560,6.8755,21.4827
2.0600,6.8755,21.9422
2.0640,6.8755,22.7343
2.0680,6.8755,23.4480
2.0720,7.3519,23.9207
2.0760,9.0557,24.4028
2.0800,9.0558,25.9401
2.0840,9.0557,26.6002
2.0880,9.0558,27.0548
2.0920,9.6901,27.5119
2.0960,11.4245,27.9808
2.1000,11.4244,29.0057
2.1040,11.4245,30.0042
2.1080,11.4244,30.6488
2.1120,12.0895,31.0876
2.1160,13.9542,31.6427
2.1200,13.9542,32.6451
2.1240,13.9541,33.1419
2.1280,14.5021,33.7816
2.1320,16.4645,34.7209
2.1360,16.4645,35.7197
2.1400,16.4645,36.2489
2.1440,16.4645,37.1107
2.1480,16.4645,37.7882
2.1520,17.2168,38.2430
2.1560,19.2758,38.7752
2.1600,19.2759,39.7347
2.1640,19.2758,40.3235
2.1680,19.2759,41.0786
2.1720,19.9104,41.8726
2.1760,22.1097,42.3456
2.1800,22.1097,42.8395
2.1840,22.1097,43.7607
2.1880,22.1097,44.3918
2.1920,22.7078,44.9682
2.1960,25.0425,45.8846
2.2000,25.0425,46.3900
2.2040,25.0425,46.8600
2.2080,25.0425,47.5473
2.2120,25.7332,48.3802
2.2160,27.9817,48.9136
2.2200,27.9817,49.4174
2.2240,27.9817,50.3178
2.2280,27.9817,50.9410
2.2320,28.6395,51.5409
2.2360,31.0058,52.5010
2.2400,31.0058,52.9526
2.2440,31.0058,53.0464
2.2480,31.0058,54.1475
2.2520,31.5482,55.5624
2.2560,33.9445,56.1057
2.2600,33.9445,57.1278
2.2640,33.9445,57.6648
2.2680,33.9445,58.1285
2.2720,34.8505,58.7799
2.2760,37.1272,59.6764
2.2800,37.1272,60.1326
2.2840,37.1272,60.6319
2.2880,37.1272,61.4252
2.2920,37.9747,62.1699
2.2960,40.2828,62.6909
2.3000,40.2828,63.6874
2.3040,40.2828,64.2155
2.3080,40.2828,64.7002
2.3120,40.2828,65.3785
2.3160,41.1179,66.1589
2.3200,43.5741,66.1589
2.3240,43.5741,67.0375
2.3280,43.5741,67.3510
2.3320,43.5741,67.3510
2.3360,44.4369,67.3510
2.3400,46.7443,67.3510
2.3440,46.7443,67.3510
2.3480,46.7443,67.3510
2.3520,47.4766,67.3510
2.3560,49.4919,67.3510
2.3600,49.4919,67.3510
2.3640,49.4919,67.3510
2.3680,49.4919,67.3510
2.3720,49.4919,67.3510
2.3760,50.0503,67.3510
2.3800,51.8731,67.3510
2.3840,51.8731,67.3510
2.3880,51.8731,67.3510
2.3920,51.8731,67.3510
2.3960,52.3715,67.3510
2.4000,53.9368,67.3510
2.4040,53.9368,67.3510
2.4080,53.9368,67.3510
2.4120,54.2555,67.3510
2.4160,55.7254,67.3510
2.4200,55.7254,67.3510
2.4240,55.7254,67.3510
2.4280,55.7254,67.3510
2.4320,55.7254,67.3510
2.4360,56.0498,67.3510
2.4400,57.2754,67.3510
2.4440,57.2754,67.3510
2.4480,57.2754,67.3510
2.4520,57.2754,67.3510
2.4560,57.2790,67.3510
2.4600,57.2957,67.3510
2.4640,57.2957,67.3510
2.4680,57.2958,67.3510
2.4720,57.2958,67.3510
2.4760,57.2959,67.3510
2.4800,57.2959,67.3510
2.4840,57.2959,67.3510
2.4880,57.2959,67.3510
2.4920,57.2959,67.3510
2.4960,57.2959,67.3510
2.5000,57.2959,67.3510
2.5040,57.2959,67.3510
2.5080,57.2959,67.3510
2.5120,57.2959,67.3510
2.5160,57.2959,67.3510
2.5200,57.2959,67.3510
2.5240,57.2959,67.3510
2.5280,57.2959,67.3510
2.5320,57.2959,67.3510
2.5360,57.2959,67.3510
2.5400,57.2959,67.3510
2.5440,57.2959,67.3510
2.5480,57.2959,67.3510
2.5520,57.2959,67.3510
2.5560,57.2959,67.3510
2.5600,57.2959,67.3510
2.5640,57.2959,67.3510
2.5680,57.2959,67.3510
2.5720,57.2959,67.3510
2.5760,57.2957,67.3510
2.5800,57.2957,67.3510
2.5840,57.2959,67.3510
2.5880,57.2957,67.3510
2.5920,57.2957,67.3510
2.5960,57.2958,67.3510
2.6000,57.2957,67.3510
2.6040,57.2957,67.3510
2.6080,57.2958,67.3510
2.6120,57.2957,67.3510
2.6160,57.2958,67.3510
2.6200,57.2956,67.3510
2.6240,57.2958,67.3510
2.6280,57.2956,67.3510
2.6320,57.2958,67.3510
2.6360,57.2957,67.3510
2.6400,57.2955,67.3510
2.6440,57.2955,67.3510
2.6480,57.2958,67.3510
2.6520,57.2955,67.3510
2.6560,57.2958,67.3510
2.6600,57.2956,67.3510
2.6640,57.2958,67.3510
2.6680,57.2956,67.3510
2.6720,57.2958,67.3510
2.6760,57.2956,67.3510
2.6800,57.2958,67.3510
2.6840,57.2955,67.3510
2.6880,57.2958,67.3510
2.6920,57.2956,67.3510
2.6960,57.2958,67.3510
2.7000,57.2955,67.3510
2.7040,57.2958,67.3510
2.7080,57.2956,67.3510
2.7120,57.2958,67.3510
2.7160,57.2955,67.3510
2.7200,57.2958,67.3510
2.7240,57.2956,67.3510
2.7280,57.2958,67.3510
2.7320,57.2955,67.3510
2.7360,57.2958,67.3510
2.7400,57.2956,67.3510
2.7440,57.2957,67.3510
2.7480,57.2955,67.3510
2.7520,57.2958,67.3510
2.7560,57.2956,67.3510
2.7600,57.2957,67.3510
2.7640,57.2955,67.3510
2.7680,57.2958,67.3510
2.7720,57.2956,67.3510
2.7760,57.2957,67.3510
2.7800,57.2955,67.3510
2.7840,57.2958,67.3510
2.7880,57.2956,67.3510
2.7920,57.2957,67.3510
2.7960,57.2955,67.3510
2.8000,57.2958,67.3510
2.8040,57.2955,67.3510
2.8080,57.2957,67.3510
2.8120,57.2955,67.3510
2.8160,57.2959,67.3510
2.8200,57.2956,67.1852
2.8240,57.2957,66.2390
2.8280,57.2955,65.7016
2.8320,57.2958,64.9324
2.8360,57.2956,64.1983
2.8400,57.2957,63.7427
2.8440,57.2955,62.8026
2.8480,57.2958,62.1706
2.8520,57.2956,61.6641
2.8560,57.2958,60.7465
2.8600,57.2955,59.5070
2.8640,57.2958,59.0609
2.8680,57.2956,58.5600
2.8720,57.2958,57.7162
2.8760,57.2955,56.9937
2.8800,57.2958,56.3568
2.8840,57.2956,54.9170
2.8880,57.2958,54.3490
2.8920,57.2956,53.9051
2.8960,57.2959,53.2566
2.9000,57.2955,52.3521
2.9040,57.2959,51.8683
2.9080,57.2955,50.9245
2.9120,57.2959,49.9435
2.9160,57.2955,49.2194
2.9200,57.2959,48.6351
2.9240,57.2955,47.7864
2.9280,57.2959,47.2304
2.9320,57.2955,46.7293
2.9360,57.2959,45.7902
2.9400,57.2956,44.6780
2.9440,57.2960,44.1436
2.9480,57.2957,43.1687
2.9520,57.2959,42.5584
2.9560,57.2956,42.0971
2.9600,57.2924,41.4842
2.9640,57.2431,39.9998
2.9680,57.2433,39.4461
2.9720,57.2431,38.9720
2.9760,57.2433,38.2591
2.9800,56.8881,37.4262
2.9840,54.7764,36.9415
2.9880,54.7762,35.5087
2.9920,54.7764,34.7995
2.9960,54.7762,34.3078
3.0000,54.7764,33.6638
3.0040,54.4094,32.7576
3.0080,52.0028,32.2841
3.0120,52.0026,31.3994
3.0160,52.0027,30.4348
3.0200,52.0026,29.6590
3.0240,51.6936,29.2270
3.0280,49.0425,28.1990
3.0320,49.0425,27.6267
3.0360,49.0425,27.1801
3.0400,48.7855,26.6345
3.0440,46.1591,25.6060
3.0480,46.1591,25.1972
3.0520,46.1591,24.0101
3.0560,46.1591,22.9805
3.0600,46.1591,22.5021
3.0640,45.7111,21.9967
3.0680,43.0244,21.0144
3.0720,43.0244,20.0376
3.0760,43.0244,19.1004
3.0800,43.0244,18.3413
3.0840,42.9676,17.9145
3.0880,39.7514,17.3833
3.0920,39.7514,16.4766
3.0960,39.7514,15.7986
3.1000,39.7514,15.3350
3.1040,39.5996,14.8998
3.1080,36.5175,13.3291
3.1120,36.5175,12.7172
3.1160,36.5175,11.9586
3.1200,36.5175,11.1566
3.1240,36.0057,10.6904
3.1280,33.1584,10.2167
3.1320,33.1584,9.3125
3.1360,33.1584,8.6513
3.1400,33.1584,8.0753
3.1440,33.1584,7.2705
3.1480,29.8499,6.1393
3.1520,29.8499,5.5410
3.1560,29.8499,4.7595
3.1600,29.8499,4.0133
3.1640,29.6855,3.5915
3.1680,26.4262,2.5725
3.1720,26.4262,2.3841
3.1760,26.4262,1.7494
3.1800,26.4262,1.1921
3.1840,26.1791,1.1921
3.1880,23.0616,1.1921
3.1920,23.0616,1.1921
3.1960,23.0616,1.1921
3.2000,23.0616,1.1921
3.2040,22.7373,1.1921
3.2080,20.1457,1.1921
3.2120,20.1457,1.1921
3.2160,20.1457,1.1921
3.2200,20.1457,1.1921
3.2240,19.8058,1.1921
3.2280,17.6185,1.1921
3.2320,17.6185,1.1921
3.2360,17.6185,1.1921
3.2400,17.6185,1.1921
3.2440,17.6185,1.1921
3.2480,17.6185,1.1921
3.2520,17.6185,1.1921
3.2560,17.6185,1.1921
3.2600,17.6185,1.1921
3.2640,17.6117,1.1921
3.2680,15.4283,1.1921
3.2720,15.4283,1.1921
3.2760,15.4283,1.1921
3.2800,15.4283,1.1921
3.2840,15.2827,1.1921
3.2880,13.5302,1.1921
3.2920,13.5302,1.1921
3.2960,13.5302,1.1921
3.3000,13.5302,1.1921
3.3040,13.4094,1.1921
3.3080,11.8851,1.1921
3.3120,11.8851,0.7501
3.3160,11.8851,0.5960
3.3200,11.8851,0.5960
3.3240,11.7967,0.5960
3.3280,10.3922,0.5960
3.3320,10.3799,0.5960
3.3360,10.3799,0.5960
3.3400,10.3799,0.5960
3.3440,10.3799,0.5960
3.3480,10.2922,0.5960
3.3520,9.0754,0.5960
3.3560,9.0753,0.5960
3.3600,9.0753,0.5960
3.3640,9.0143,0.5960
3.3680,7.9448,0.5960
3.3720,7.9448,0.5960
3.3760,7.9448,0.5960
3.3800,7.9448,0.5960
3.3840,7.9314,0.5960
3.3880,6.9650,0.5960
3.3920,6.9649,0.5960
3.3960,6.9650,0.5960
3.4000,6.9649,0.5960
3.4040,6.9650,0.5960
3.4080,6.9622,0.5960
3.4120,6.8755,0.5960
3.4160,6.8755,0.5960
3.4200,6.8755,0.5960
3.4240,6.8756,0.5960
3.4280,6.8755,0.5960
3.4320,6.8755,0.5960
3.4360,6.8755,0.5960
3.4400,6.8755,0.5960
3.4440,6.8755,0.5960
3.4480,6.8756,0.5960
3.4520,6.8755,0.5960
3.4560,6.8756,0.5960
3.4600,6.8754,0.5960
3.4640,6.8756,0.5960
3.4680,6.8754,0.5960
3.4720,6.8756,0.5960
3.4760,6.8754,0.5960
3.4800,6.8756,0.5960
3.4840,6.8754,0.5960
3.4880,6.8756,0.5960
3.4920,6.8754,0.5960
3.4960,6.8756,0.5960
3.5000,6.8754,0.5960
3.5040,6.8756,0.5960
3.5080,6.8754,0.5960
3.5120,6.8756,0.5960
3.5160,6.8754,0.5960
3.5200,6.8756,0.5960
3.5240,6.8754,0.5960
3.5280,6.8756,0.5960
3.5320,6.8754,0.5960
3.5360,6.8756,0.5960
3.5400,6.8754,0.5960
3.5440,6.8756,0.5960
3.5480,6.8754,0.5960
3.5520,6.8756,0.5960
3.5560,6.8754,0.5960
3.5600,6.8756,0.5960
3.5640,6.8754,0.5960
3.5680,6.8756,0.5960
3.5720,6.8754,0.5960
3.5760,6.8756,0.5960
3.5800,6.8754,0.5960
3.5840,6.8756,0.5960
3.5880,6.8754,0.5960
3.5920,6.8756,0.5960
3.5960,6.8754,0.5960
3.6000,6.8756,0.5960
3.6040,6.8754,0.5960
3.6080,6.8756,0.5960
3.6120,6.8754,0.5960
3.6160,6.8756,0.5960
3.6200,6.8754,0.5960
3.6240,6.8756,0.5960
3.6280,6.8754,0.5960
3.6320,6.8756,0.5960
3.6360,6.8754,0.5960
3.6400,6.8756,0.5960
3.6440,6.8754,0.5960
3.6480,6.8756,0.5960
3.6520,6.8754,0.5960
3.6560,6.8756,0.5960
3.6600,6.8754,0.5960
3.6640,6.8756,0.5960
3.6680,6.8754,0.5960
3.6720,6.8756,0.5960
3.6760,6.8754,0.5960
3.6800,6.8756,0.5960
3.6840,6.8754,0.5960
3.6880,6.8756,0.5960
3.6920,6.8754,0.5960
3.6960,6.8756,0.5960
3.7000,6.8754,0.5960
3.7040,6.8756,0.5960
3.7080,6.8754,0.5960
3.7120,6.8756,0.5960
3.7160,6.8754,0.5960
3.7200,6.8756,0.5960
3.7240,6.8754,0.5960
3.7280,6.8756,0.7807
3.7320,6.8754,1.6958
3.7360,6.8756,1.7881
3.7400,6.8754,2.0539
3.7440,6.8756,3.1876
3.7480,6.8754,3.6702
3.7520,6.8756,4.1184
3.7560,6.8754,5.0817
3.7600,6.8756,6.0684
3.7640,6.8754,7.0105
3.7680,6.8756,7.8361
3.7720,6.8754,8.2894
3.7760,6.8756,8.8099
3.7800,6.8754,9.6783
3.7840,6.8756,10.3741
3.7880,6.8754,10.9138
3.7920,6.8756,11.7799
3.7960,6.8754,12.3736
3.8000,6.8756,12.8666
3.8040,6.8754,13.5730
3.8080,6.8756,14.5033
3.8120,6.8754,15.3574
3.8160,6.8756,15.9311
3.8200,6.8755,16.7329
3.8240,6.8756,17.4873
3.8280,6.8754,18.0769
3.8320,6.8756,19.0092
3.8360,6.8754,19.4722
3.8400,6.8756,19.6689
3.8440,6.8754,20.0946
3.8480,6.8756,20.8609
3.8520,8.0630,20.8609
3.8560,8.0823,22.2230
3.8600,8.0822,23.6919
3.8640,8.0823,24.6770
3.8680,8.0822,25.2719
3.8720,8.1058,26.1662
3.8760,10.2738,26.2252
3.8800,10.3424,26.9278
3.8840,10.3423,27.8638
3.8880,10.3424,28.6962
3.8920,10.3493,29.1718
3.8960,12.7780,30.1147
3.9000,12.7779,30.3974
3.9040,12.7780,30.8813
3.9080,12.7779,31.8093
3.9120,12.7780,32.7323
3.9160,15.1849,33.2645
3.9200,15.2862,33.7556
3.9240,15.2861,34.4982
3.9280,15.2861,35.2974
3.9320,15.3197,35.7384
3.9360,17.9367,36.6575
3.9400,17.9367,37.3606
3.9440,17.9367,38.3994
3.9480,17.9367,38.9694
3.9520,17.9367,39.8033
3.9560,20.7107,40.4118
3.9600,20.7107,41.2826
3.9640,20.7107,41.9757
3.9680,20.7107,42.4340
3.9720,20.7107,42.8565
3.9760,23.5917,43.4039
3.9800,23.5917,44.2911
3.9840,23.5917,44.9765
3.9880,23.5917,45.6183
3.9920,23.6750,46.5375
3.9960,26.4562,46.9974
4.0000,26.4858,47.8668
4.0040,26.4858,48.2781
4.0080,26.4858,48.5499
4.0120,26.4858,49.3358
4.0160,29.2555,50.4060
4.0200,29.3915,51.0513
4.0240,29.3915,51.8275
4.0280,29.3915,52.6116
4.0320,29.3915,53.0644
4.0360,32.2761,53.5090
4.0400,32.4660,53.8578
4.0440,32.4660,54.7740
4.0480,32.4660,55.5647
4.0520,32.4660,56.0743
4.0560,35.5279,57.0485
4.0600,35.5279,57.5824
4.0640,35.5279,58.2859
4.0680,35.5279,59.1429
4.0720,38.4668,59.6340
4.0760,38.4995,60.0880
4.0800,38.4995,61.0012
4.0840,38.4995,61.6961
4.0880,38.4995,62.3625
4.0920,38.4995,63.2396
4.0960,38.4995,63.6858
4.1000,41.7852,64.1695
4.1040,41.7901,64.9462
4.1080,41.7901,65.7376
4.1120,41.7901,66.2135
4.1160,44.7411,66.6776
4.1200,44.9598,67.1720
4.1240,44.9598,67.3510
4.1280,44.9598,67.3510
4.1320,44.9679,67.3510
4.1360,47.9453,67.3510
4.1400,47.9453,67.3510
4.1440,47.9453,67.3510
4.1480,47.9453,67.3510
4.1520,47.9484,67.3510
4.1560,50.2559,67.3510
4.1600,50.5327,67.3510
4.1640,50.5327,67.3510
4.1680,50.5327,67.3510
4.1720,50.5327,67.3510
4.1760,52.6554,67.3510
4.1800,52.7751,67.3510
4.1840,52.7751,67.3510
4.1880,52.7751,67.3510
4.1920,52.7751,67.3510
4.1960,54.6392,67.3510
4.2000,54.7186,67.3510
4.2040,54.7186,67.3510
4.2080,54.7186,67.3510
4.2120,54.7186,67.3510
4.2160,54.7186,67.3510
4.2200,56.3854,67.3510
4.2240,56.4029,67.3510
4.2280,56.4029,67.3510
4.2320,56.4029,67.3510
4.2360,56.4029,67.3510
4.2400,57.2909,67.3510
4.2440,57.2959,67.3510
4.2480,57.2959,67.3510
4.2520,57.2959,67.3510
4.2560,57.2959,67.3510
4.2600,57.2959,67.3510
4.2640,57.2959,67.3510
4.2680,57.2959,67.3510
4.2720,57.2959,67.3510
4.2760,57.2959,67.3510
4.2800,57.2959,67.3510
4.2840,57.2959,67.3510
4.2880,57.2959,67.3510
4.2920,57.2959,67.3510
4.2960,57.2959,67.3510
4.3000,57.2959,67.3510
4.3040,57.2959,67.3510
4.3080,57.2959,67.3510
4.3120,57.2959,67.3510
4.3160,57.2959,67.3510
4.3200,57.2959,67.3510
4.3240,57.2959,67.3510
4.3280,57.2959,67.3510
4.3320,57.2959,67.3510
4.3360,57.2959,67.3510
4.3400,57.2959,67.3510
4.3440,57.2958,67.3510
4.3480,57.2959,67.3510
4.3520,57.2959,67.3510
4.3560,57.2959,67.3510
4.3600,57.2959,67.3510
4.3640,57.2958,67.3510
4.3680,57.2959,67.3510
4.3720,57.2956,67.3510
4.3760,57.2958,67.3510
4.3800,57.2955,67.3510
4.3840,57.2959,67.3510
4.3880,57.2954,67.3510
4.3920,57.2960,67.3510
4.3960,57.2954,67.3510
4.4000,57.2959,67.3510
4.4040,57.2954,67.3510
4.4080,57.2958,67.3510
4.4120,57.2955,67.3510
4.4160,57.2958,67.3510
4.4200,57.2955,67.3510
4.4240,57.2958,67.3510
4.4280,57.2955,67.3510
4.4320,57.2959,67.3510
4.4360,57.2955,67.3510
4.4400,57.2958,67.3510
4.4440,57.2954,67.3510
4.4480,57.2958,67.3510
4.4520,57.2956,67.3510
4.4560,57.2958,67.3510
4.4600,57.2955,67.3510
4.4640,57.2959,67.3510
4.4680,57.2955,67.3510
4.4720,57.2958,67.3510
4.4760,57.2955,67.3510
4.4800,57.2959,67.3510
4.4840,57.2956,67.3510
4.4880,57.2958,66.8427
4.4920,57.2955,65.8926
4.4960,57.2958,64.9799
4.5000,57.2956,64.4656
4.5040,57.2958,63.9700
4.5080,57.2954,62.9488
4.5120,57.2958,61.8480
4.5160,57.2956,61.3685
4.5200,57.2959,60.3776
4.5240,57.2955,59.8136
4.5280,57.2959,59.0806
4.5320,57.2955,58.1419
4.5360,57.2959,57.2246
4.5400,57.2955,56.8204
4.5440,57.2959,56.2431
4.5480,57.2955,55.5016
4.5520,57.2959,54.7072
4.5560,57.2955,54.1864
4.5600,57.2959,53.3094
4.5640,57.2955,52.6991
4.5680,57.2959,51.9802
4.5720,57.2955,51.0277
4.5760,57.2959,50.0567
4.5800,57.2957,49.6378
4.5840,57.2959,48.8346
4.5880,57.2956,48.0514
4.5920,57.2959,47.5729
4.5960,57.2957,47.0913
4.6000,57.2958,46.2660
4.6040,57.2956,45.5510
4.6080,57.2959,45.0444
4.6120,57.2957,44.5181
4.6160,57.2958,43.5935
4.6200,57.2957,43.0594
4.6240,57.2959,42.2073
4.6280,57.2957,41.1886
4.6320,57.2959,40.3550
4.6360,57.2957,39.8342
4.6400,57.2959,39.0245
4.6440,55.4882,38.3709
4.6480,55.2835,37.5393
4.6520,55.2835,36.7629
4.6560,55.2835,36.3027
4.6600,55.2835,35.8312
4.6640,52.8688,34.5220
4.6680,52.7600,33.6844
4.6720,52.7600,33.2156
4.6760,52.7600,32.6933
4.6800,52.7600,31.7289
4.6840,50.2701,31.1685
4.6880,50.0962,30.3681
4.6920,50.0962,29.5922
4.6960,50.0962,29.0999
4.7000,50.0962,28.6411
4.7040,47.5324,27.7422
4.7080,47.3108,27.0964
4.7120,47.3108,26.3897
4.7160,47.3108,25.5325
4.7200,47.3108,25.0969
4.7240,44.6544,24.5946
4.7280,44.4199,23.4750
4.7320,44.4199,22.4915
4.7360,44.4199,22.1024
4.7400,41.9229,20.9393
4.7440,41.5171,20.4019
4.7480,41.5171,19.9325
4.7520,41.5171,19.2614
4.7560,41.5171,18.3896
4.7600,41.5171,17.8757
4.7640,38.8312,17.4647
4.7680,38.4451,16.6900
4.7720,38.4451,15.8792
4.7760,38.4451,15.1899
4.7800,38.4451,13.7930
4.7840,35.6638,13.2397
4.7880,35.3853,12.7602
4.7920,35.3853,12.0770
4.7960,35.3853,11.2450
4.8000,35.3853,10.7772
4.8040,32.5115,10.2668
4.8080,32.1772,9.4560
4.8120,32.1772,8.7316
4.8160,32.1772,8.1612
4.8200,32.1772,7.1993
4.8240,29.3889,6.6914
4.8280,28.9995,5.8807
4.8320,28.9995,4.9717
4.8360,28.9995,4.1722
4.8400,28.9995,3.5418
4.8440,28.9995,2.6239
4.8480,28.9995,2.0187
4.8520,28.9995,1.5224
4.8560,28.9995,1.1921
4.8600,28.9995,1.1921
4.8640,25.7339,1.1921
4.8680,25.2918,1.1921
4.8720,25.2918,1.1921
4.8760,25.2918,1.1921
4.8800,25.2918,1.1921
4.8840,22.3153,1.1921
4.8880,22.0785,1.1921
4.8920,22.0785,1.1921
4.8960,22.0785,1.1921
4.9000,22.0785,1.1834
4.9040,19.4876,0.7611
4.9080,19.2936,0.5960
4.9120,19.2936,0.5960
4.9160,19.2936,0.5960
4.9200,19.2936,0.5960
4.9240,17.3461,0.5960
4.9280,16.8006,0.5960
4.9320,16.8006,0.5960
4.9360,16.8006,0.5960
4.9400,16.8006,0.5960
4.9440,16.8006,0.5960
4.9480,16.8006,0.5960
4.9520,16.8006,0.5960
4.9560,16.8006,0.5960
4.9600,16.8006,0.5960
4.9640,14.8961,0.5960
4.9680,14.6400,0.5960
4.9720,14.6400,0.5960
4.9760,14.6400,0.5960
4.9800,14.6400,0.5960
4.9840,14.6400,0.5960
4.9880,12.9860,0.5960
4.9920,12.7675,0.5960
4.9960,12.7675,0.5960
5.0000,12.7675,0.5960
5.0040,12.7675,0.5960
5.0080,11.3032,0.5960
5.0120,11.1446,0.5960
5.0160,11.1446,0.5960
5.0200,11.1446,0.5960
5.0240,11.1446,0.5960
5.0280,9.8583,0.5960
5.0320,9.7381,0.5960
5.0360,9.7381,0.5960
5.0400,9.7381,0.5960
5.0440,9.7381,0.5960
5.0480,8.8330,0.5960
5.0520,8.5192,0.5960
5.0560,8.5192,0.5960
5.0600,8.5192,0.5960
5.0640,8.5192,0.5960
5.0680,7.6976,0.5960
5.0720,7.4628,0.5960
5.0760,7.4628,0.5960
5.0800,7.4628,0.5960
5.0840,7.4628,0.5960
5.0880,6.9718,0.5960
5.0920,6.8755,0.5960
5.0960,6.8755,0.5960
5.1000,6.8755,0.5960
5.1040,6.8755,0.5960
5.1080,6.8755,0.5960
5.1120,6.8756,0.5960
5.1160,6.8754,0.5960
5.1200,6.8756,0.5960
5.1240,6.8754,0.5960
5.1280,6.8756,0.5960
5.1320,6.8754,0.5960
5.1360,6.8756,0.5960
5.1400,6.8754,0.5960
5.1440,6.8756,0.5960
5.1480,6.8754,0.5960
5.1520,6.8756,0.5960
5.1560,6.8754,0.5960
5.1600,6.8756,0.5960
5.1640,6.8754,0.5960
5.1680,6.8756,0.5960
5.1720,6.8754,0.5960
5.1760,6.8756,0.5960
5.1800,6.8754,0.5960
5.1840,6.8756,0.5960
5.1880,6.8754,0.5960
5.1920,6.8756,0.5960
5.1960,6.8754,0.5960
5.2000,6.8756,0.5960
5.2040,6.8754,0.5960
5.2080,6.8756,0.5960
5.2120,6.8754,0.5960
5.2160,6.8756,0.5960
5.2200,6.8754,0.5960
5.2240,6.8756,0.5960
5.2280,6.8754,0.5960
5.2320,6.8756,0.5960
5.2360,6.8754,0.5960
5.2400,6.8756,0.5960
5.2440,6.8754,0.5960
5.2480,6.8756,0.5960
5.2520,6.8754,0.5960
5.2560,6.8756,0.5960
5.2600,6.8754,0.5960
5.2640,6.8756,0.5960
5.2680,6.8754,0.5960
5.2720,6.8756,0.5960
5.2760,6.8755,0.5960
5.2800,6.8756,0.5960
5.2840,6.8754,0.5960
5.2880,6.8756,0.5960
5.2920,6.8754,0.5960
5.2960,6.8756,0.5960
5.3000,6.8754,0.5960
5.3040,6.8756,0.5960
5.3080,6.8754,0.5960
5.3120,6.8756,0.5960
5.3160,6.8754,0.5960
5.3200,6.8756,0.5960
5.3240,6.8754,0.5960
5.3280,6.8756,0.5960
5.3320,6.8754,0.5960
5.3360,6.8756,0.5960
5.3400,6.8754,0.5960
5.3440,6.8756,0.5960
5.3480,6.8754,0.5960
5.3520,6.8756,0.5960
5.3560,6.8754,0.5960
5.3600,6.8756,0.5960
5.3640,6.8754,0.5960
5.3680,6.8756,0.5960
5.3720,6.8754,0.5960
5.3760,6.8756,0.5960
5.3800,6.8754,0.5960
5.3840,6.8756,0.5960
5.3880,6.8754,0.5960
5.3920,6.8756,0.5960
5.3960,6.8754,0.5960
5.4000,6.8756,0.5960
5.4040,6.8754,0.5960
5.4080,6.8756,0.5960
5.4120,6.8754,0.5960
5.4160,6.8756,0.5960
5.4200,6.8754,0.5960
5.4240,6.8756,0.5960
5.4280,6.8754,0.5960
5.4320,6.8756,0.5960
5.4360,6.8754,0.5960
5.4400,6.8756,0.5960
5.4440,6.8754,0.5960
5.4480,6.8756,0.5960
5.4520,6.8754,0.5960
5.4560,6.8755,0.5960
5.4600,6.8754,0.5960
5.4640,6.8756,0.6955
5.4680,6.8755,1.4629
5.4720,6.8756,1.7881
5.4760,6.8754,1.7881
5.4800,6.8756,1.7881
5.4840,6.8754,1.8780
5.4880,6.8756,2.7731
5.4920,6.8754,3.3607
5.4960,6.8756,4.0910
5.5000,6.8755,5.0068
5.5040,6.8755,5.9349
5.5080,6.8755,6.8858
5.5120,6.8755,7.5227
5.5160,6.8754,8.0144
5.5200,6.8756,8.6456
5.5240,6.8754,9.5855
5.5280,6.8755,10.0678
5.5320,6.8755,10.8834
5.5360,6.8755,11.3708
5.5400,6.8754,12.3188
5.5440,6.8756,13.1904
5.5480,6.8754,13.6030
5.5520,6.8755,13.7086
5.5560,6.8755,14.6607
5.5600,6.8756,15.9030
5.5640,6.8754,16.7483
5.5680,6.8755,17.2053
5.5720,6.8755,18.1236
5.5760,6.8756,18.7870
5.5800,6.8754,19.2547
5.5840,6.8755,19.7575
5.5880,6.8755,20.7276
5.5920,7.2978,21.2692
5.5960,7.4197,22.0241
5.6000,7.4198,22.8039
5.6040,7.4197,23.2902
5.6080,9.0282,24.2934
5.6120,9.4503,25.2495
5.6160,9.4503,25.9434
5.6200,9.4503,26.4244
5.6240,9.4503,26.9038
5.6280,9.4503,27.9463
5.6320,11.3915,28.4206
5.6360,11.7664,29.2026
5.6400,11.7664,30.0034
5.6440,11.7664,30.4739
5.6480,11.7664,30.9372
5.6520,13.8995,31.8764
5.6560,14.2505,32.1854
5.6600,14.2505,32.7775
5.6640,14.2506,34.0674
5.6680,14.2505,34.5561
5.6720,16.5305,35.0224
5.6760,16.8803,35.8100
5.6800,16.8803,36.7748
5.6840,16.8803,37.6597
5.6880,16.8803,38.1263
5.6920,19.1230,39.0087
5.6960,19.6362,39.6749
5.7000,19.6362,40.4309
5.7040,19.6362,41.2514
5.7080,19.6362,41.6947
5.7120,22.1231,42.1713
5.7160,22.5015,42.9380
5.7200,22.5015,43.6882
5.7240,22.5015,44.2310
5.7280,22.5015,45.0283
5.7320,24.7678,45.6673
5.7360,25.3821,46.1869
5.7400,25.3821,46.9214
5.7440,25.3821,47.7853
5.7480,25.3821,48.2198
5.7520,27.8644,48.7087
5.7560,28.3554,49.5386
5.7600,28.3554,50.2896
5.7640,28.3554,50.8699
5.7680,28.3554,51.8323
5.7720,28.3554,52.2974
5.7760,30.8934,52.7855
5.7800,31.4886,53.4973
5.7840,31.4886,54.3370
5.7880,31.4886,54.8194
5.7920,34.0184,55.7649
5.7960,34.5219,56.3899
5.8000,34.5219,56.8721
5.8040,34.5219,57.4590
5.8080,34.5219,58.3898
5.8120,36.6684,58.8009
5.8160,37.5481,59.2967
5.8200,37.5481,60.0779
5.8240,37.5481,60.9082
5.8280,37.5481,61.3402
5.8320,40.0022,62.6691
5.8360,40.6477,63.5012
5.8400,40.6477,64.0093
5.8440,40.6477,64.4880
5.8480,40.6477,65.0057
5.8520,40.6477,65.4560
5.8560,43.2992,66.3282
5.8600,43.8902,66.7550
5.8640,43.8902,66.7550
5.8680,43.8902,66.8391
5.8720,43.8902,67.6842
5.8760,46.3118,67.9470
5.8800,46.9389,67.9470
5.8840,46.9389,67.9470
5.8880,46.9389,67.9470
5.8920,46.9389,67.9470
5.8960,49.2016,67.9470
5.9000,49.7399,67.9470
5.9040,49.7399,67.9470
5.9080,49.7399,67.9470
5.9120,49.7399,67.9470
5.9160,51.6366,67.9470
5.9200,52.1676,67.9470
5.9240,52.1676,67.9470
5.9280,52.1676,67.9470
5.9320,52.1676,67.9470
5.9360,53.8698,67.9470
5.9400,54.2715,67.9470
5.9440,54.2715,67.9470
5.9480,54.2715,67.9470
5.9520,54.2715,67.9470
5.9560,55.3365,67.9470
5.9600,56.0949,67.9470
5.9640,56.0949,67.9470
5.9680,56.0949,67.9470
5.9720,56.0949,67.9470
5.9760,56.9741,67.9470
5.9800,57.2959,67.9470
5.9840,57.2959,67.9470
5.9880,57.2959,67.9470
5.9920,57.2959,67.9470
5.9960,57.2959,67.9470
6.0000,57.2959,67.9470
6.0040,57.2959,67.9470
6.0080,57.2959,67.9470
6.0120,57.2959,67.9470
6.0160,57.2959,67.9470
6.0200,57.2958,67.9470
6.0240,57.2959,67.9470
6.0280,57.2958,67.9470
6.0320,57.2959,67.9470
6.0360,57.2958,67.9470
6.0400,57.2959,67.9470
6.0440,57.2958,67.9470
6.0480,57.2959,67.9470
6.0520,57.2958,67.9470
6.0560,57.2959,67.9470
6.0600,57.2958,67.9470
6.0640,57.2958,67.9470
6.0680,57.2953,67.9470
6.0720,57.2959,67.9470
6.0760,57.2957,67.9470
6.0800,57.2957,67.9470
6.0840,57.2956,67.9470
6.0880,57.2958,67.9470
6.0920,57.2956,67.9470
6.0960,57.2957,67.9470
6.1000,57.2955,67.9470
6.1040,57.2958,67.9470
6.1080,57.2956,67.9470
6.1120,57.2958,67.9470
6.1160,57.2956,67.9470
6.1200,57.2958,67.9470
6.1240,57.2956,67.9470
6.1280,57.2958,67.9470
6.1320,57.2955,67.9470
6.1360,57.2958,67.9470
6.1400,57.2956,67.9470
6.1440,57.2958,67.9470
6.1480,57.2955,67.9470
6.1520,57.2958,67.9470
6.1560,57.2956,67.9470
6.1600,57.2957,67.9470
6.1640,57.2955,67.9470
6.1680,57.2958,67.9470
6.1720,57.2956,67.9470
6.1760,57.2957,67.9470
6.1800,57.2955,67.9470
6.1840,57.2958,67.9470
6.1880,57.2956,67.9470
6.1920,57.2957,67.9470
6.1960,57.2955,67.9470
6.2000,57.2958,67.9470
6.2040,57.2956,67.9470
6.2080,57.2958,67.9470
6.2120,57.2955,67.9470
6.2160,57.2958,67.9470
6.2200,57.2956,67.9470
6.2240,57.2957,67.9470
6.2280,57.2955,67.9470
6.2320,57.2958,67.9470
6.2360,57.2956,67.9470
6.2400,57.2958,67.9470
6.2440,57.2955,67.9470
6.2480,57.2958,67.9470
6.2520,57.2956,67.9470
6.2560,57.2958,67.9470
6.2600,57.2955,67.9470
6.2640,57.2958,67.9470
6.2680,57.2956,67.9470
6.2720,57.2957,67.9470
6.2760,57.2956,67.1450
6.2800,57.2957,66.7550
6.2840,57.2956,66.7550
6.2880,57.2957,66.4826
6.2920,57.2955,65.0090
6.2960,57.2958,64.5003
6.3000,57.2956,63.6748
6.3040,57.2958,62.9513
6.3080,57.2955,62.3612
6.3120,57.2958,61.3713
6.3160,57.2956,60.4423
6.3200,57.2958,59.8434
6.3240,57.2956,58.8466
6.3280,57.2959,57.6778
6.3320,57.2956,57.2469
6.3360,57.2958,56.8914
6.3400,57.2955,55.9333
6.3440,57.2958,55.1905
6.3480,57.2955,54.5947
6.3520,57.2958,53.6516
6.3560,57.2956,52.7122
6.3600,57.2958,52.1150
6.3640,57.2956,51.1691
6.3680,57.2958,49.9269
6.3720,57.2955,49.4517
6.3760,57.2958,48.9761
6.3800,57.2956,48.1312
6.3840,57.2958,47.4327
6.3880,57.2955,46.8308
6.3920,57.2958,45.8905
6.3960,57.2956,45.4025
6.4000,57.2959,44.9346
6.4040,57.2957,43.9567
6.4080,57.2959,42.7699
6.4120,57.2957,42.2758
6.4160,57.2959,41.3266
6.4200,57.2956,40.7405
6.4240,57.2958,40.2416
6.4280,57.2957,39.6058
6.4320,57.2959,38.7698
6.4360,57.2957,37.9279
6.4400,57.2959,37.1417
6.4440,57.2957,36.0831
6.4480,57.2959,34.9963
6.4520,57.2957,34.4658
6.4560,57.2959,33.5244
6.4600,55.3183,33.0114
6.4640,54.6101,32.5408
6.4680,54.6100,31.8730
6.4720,54.6101,30.9339
6.4760,54.6100,30.5039
6.4800,52.2209,29.2216
6.4840,51.4611,28.3189
6.4880,51.4612,27.8464
6.4920,51.4611,27.3129
6.4960,51.4612,25.9112
6.5000,49.1909,25.2772
6.5040,48.2553,24.8036
6.5080,48.2552,24.1589
6.5120,48.2553,23.2166
6.5160,48.2552,22.7039
6.5200,48.2553,21.3624
6.5240,45.6549,20.5675
6.5280,44.8412,20.1134
6.5320,44.8411,19.3218
6.5360,44.8412,18.5288
6.5400,44.8411,18.0826
6.5440,42.2617,17.0789
6.5480,41.3258,15.9267
6.5520,41.3259,15.4416
6.5560,41.3258,14.9696
6.5600,39.1915,14.1482
6.5640,37.8819,13.4261
6.5680,37.8820,12.9012
6.5720,37.8819,12.2530
6.5760,37.8820,10.8840
6.5800,35.2861,10.3067
6.5840,34.5000,9.5204
6.5880,34.4999,8.7522
6.5920,34.5000,8.2782
6.5960,34.4999,7.7859
6.6000,34.5000,6.4206
6.6040,31.6953,5.6425
6.6080,30.9331,4.9631
6.6120,30.9331,3.9831
6.6160,30.9331,3.0471
6.6200,30.9331,2.5623
6.6240,28.0502,1.7582
6.6280,27.2060,1.1921
6.6320,27.2060,1.1921
6.6360,27.2060,1.1921
6.6400,24.5499,0.3517
6.6440,23.7375,0.0000
6.6480,23.7375,0.0000
6.6520,23.7375,0.0000
6.6560,23.7375,0.0000
6.6600,21.2674,0.0000
6.6640,20.5725,0.0000
6.6680,20.5725,0.0000
6.6720,20.5725,0.0000
6.6760,20.5725,0.0000
6.6800,20.5725,0.0000
6.6840,18.4556,0.0000
6.6880,17.8295,0.0000
6.6920,17.8295,0.0000
6.6960,17.8295,0.0000
6.7000,17.8295,0.0000
6.7040,15.9568,0.0000
6.7080,15.4522,0.0000
6.7120,15.4522,0.0000
6.7160,15.4522,0.0000
6.7200,15.4522,0.0000
6.7240,13.9772,0.0000
6.7280,13.3919,0.0000
6.7320,13.3919,0.0000
6.7360,13.3919,0.0000
6.7400,13.3919,0.0000
6.7440,12.0254,0.0000
6.7480,11.6063,0.0000
6.7520,11.6063,0.0000
6.7560,11.6063,0.0000
6.7600,11.6063,0.0000
6.7640,10.4766,0.0000
6.7680,10.0588,0.0000
6.7720,10.0588,0.0000
6.7760,10.0588,0.0000
6.7800,10.0588,0.0000
6.7840,9.0282,0.0000
6.7880,8.7176,0.0000
6.7920,8.7176,0.0000
6.7960,8.7176,0.0000
6.8000,8.7176,0.0000
6.8040,7.7977,0.0000
6.8080,7.5553,0.0000
6.8120,7.5553,0.0000
6.8160,7.5553,0.0000
6.8200,7.5553,0.0000
6.8240,7.0129,0.0000
6.8280,6.8755,0.0000
6.8320,6.8755,0.0000
6.8360,6.8756,0.0000
6.8400,6.8755,0.0000
6.8440,6.8755,0.0000
6.8480,6.8755,0.0000
6.8520,6.8755,0.0000
6.8560,6.8755,0.0000
6.8600,6.8755,0.0000
6.8640,6.8755,0.0000
6.8680,6.8756,0.0000
6.8720,6.8755,0.0000
6.8760,6.8756,0.0000
6.8800,6.8755,0.0000
6.8840,6.8756,0.0000
6.8880,6.8755,0.0000
6.8920,6.8756,0.0000
6.8960,6.8755,0.0000
6.9000,6.8755,0.0000
6.9040,6.8755,0.0000
6.9080,6.8755,0.0000
6.9120,6.8755,0.0000
6.9160,6.8755,0.0000
6.9200,6.8755,0.0000
6.9240,6.8756,0.0000
6.9280,6.8755,0.0000
6.9320,6.8756,0.0000
6.9360,6.8755,0.0000
6.9400,6.8755,0.0000
6.9440,6.8755,0.0000
6.9480,6.8755,0.0000
6.9520,6.8755,0.0000
6.9560,6.8755,0.0000
6.9600,6.8755,0.0000
6.9640,6.8755,0.0000
6.9680,6.8755,0.0000
6.9720,6.8755,0.0000
6.9760,6.8755,0.0000
6.9800,6.8756,0.0000
6.9840,6.8755,0.0000
6.9880,6.8756,0.0000
6.9920,6.8755,0.0000
6.9960,6.8755,0.0000
7.0000,6.8755,0.0000
7.0040,6.8755,0.0000
7.0080,6.8755,0.0000
7.0120,6.8755,0.0000
7.0160,6.8755,0.0000
7.0200,6.8755,0.0000
7.0240,6.8755,0.0000
7.0280,6.8755,0.0000
7.0320,6.8755,0.0000
7.0360,6.8755,0.0000
7.0400,6.8755,0.0000
7.0440,6.8755,0.0000
7.0480,6.8755,0.0000
7.0520,6.8756,0.0000
7.0560,6.8755,0.0000
7.0600,6.8756,0.0000
7.0640,6.8755,0.0000
7.0680,6.8756,0.0000
7.0720,6.8755,0.0000
7.0760,6.8756,0.0000
7.0800,6.8755,0.0000
7.0840,6.8755,0.0000
7.0880,6.8755,0.0000
7.0920,6.8755,0.0000
7.0960,6.8755,0.0000
7.1000,6.8756,0.0000
7.1040,6.8755,0.0000
7.1080,6.8755,0.0000
7.1120,6.8755,0.0000
7.1160,6.8756,0.0000
7.1200,6.8755,0.0000
7.1240,6.8756,0.0000
7.1280,6.8755,0.0000
7.1320,6.8756,0.0000
7.1360,6.8755,0.0000
7.1400,6.8755,0.0000
7.1440,6.8755,0.0000
7.1480,6.8756,0.0000
7.1520,6.8755,0.0000
7.1560,6.8756,0.0000
7.1600,6.8755,0.0000
7.1640,6.8756,0.0000
7.1680,6.8755,0.0000
7.1720,6.8756,0.0000
7.1760,6.8755,0.0000
7.1800,6.8756,0.0000
7.1840,6.8755,0.0000
7.1880,6.8756,0.0000
7.1920,6.8755,0.0000
7.1960,6.8755,0.0000
7.2000,6.8755,0.0000
7.2040,6.8756,0.0000
7.2080,6.8755,0.0000
7.2120,6.8756,0.0000
7.2160,6.8755,0.0000
7.2200,6.8756,0.0596
7.2240,6.8755,1.3965
7.2280,6.8755,1.7881
7.2320,6.8755,1.7881
7.2360,6.8755,3.2853
7.2400,6.8755,4.1962
7.2440,6.8755,4.5885
7.2480,6.8755,5.3393
7.2520,6.8755,6.1774
7.2560,6.8755,6.9389
7.2600,6.8755,8.2901
7.2640,6.8755,8.7995
7.2680,6.8755,8.9404
7.2720,6.8755,8.9404
7.2760,6.8755,9.2474
7.2800,6.8755,10.7025
7.2840,6.8755,11.1387
7.2880,6.8755,12.2581
7.2920,6.8755,13.3429
7.2960,6.8755,13.9316
7.3000,6.8755,14.9235
7.3040,6.8755,15.3912
7.3080,6.8755,15.8369
7.3120,6.8755,16.7570
7.3160,6.8755,18.0223
7.3200,6.8755,18.4768
7.3240,6.8755,18.4768
7.3280,6.8755,19.1663
7.3320,6.8755,19.7430
7.3360,6.8755,20.7010
7.3400,6.8755,22.0536
7.3440,6.8755,22.5202
7.3480,7.8865,22.9937
7.3520,8.3986,23.7280
7.3560,8.3986,24.5824
7.3600,8.3986,25.0778
7.3640,8.3986,26.0083
7.3680,9.7409,26.5511
7.3720,10.6166,27.0216
7.3760,10.6166,27.6837
7.3800,10.6166,28.6337
7.3840,10.6166,29.5945
7.3880,12.2677,30.1745
7.3920,13.0156,30.9436
7.3960,13.0156,31.7614
7.4000,13.0156,32.2670
7.4040,13.0156,33.2449
7.4080,13.0156,33.7715
7.4120,14.8777,34.2515
7.4160,15.7305,34.8925
7.4200,15.7305,35.7730
7.4240,15.7305,36.2587
7.4280,17.5506,37.1050
7.4320,18.4013,37.7729
7.4360,18.4013,38.2889
7.4400,18.4013,38.8234
7.4440,18.4013,39.8023
7.4480,18.4013,40.3330
7.4520,20.2315,40.7983
7.4560,21.2723,41.4384
7.4600,21.2723,42.3916
7.4640,21.2723,42.8690
7.4680,21.2723,43.7170
7.4720,23.2511,44.3998
7.4760,24.1579,44.9026
7.4800,24.1579,45.4511
7.4840,24.1579,46.3677
7.4880,24.1578,46.4901
7.4920,26.1550,47.3353
7.4960,27.1355,48.4336
7.5000,27.1355,48.9319
7.5040,27.1355,49.3748
7.5080,28.7091,50.4743
7.5120,30.0340,51.4838
7.5160,30.0340,52.0297
7.5200,30.0340,52.5705
7.5240,30.0340,53.5118
7.5280,30.0340,54.0313
7.5320,32.1597,54.4349
7.5360,33.1818,55.4305
7.5400,33.1818,55.6038
7.5440,33.1818,56.4978
7.5480,33.1818,57.4974
7.5520,35.2399,58.1371
7.5560,36.3072,58.8206
7.5600,36.3072,59.6961
7.5640,36.3072,60.1510
7.5680,36.3072,60.5936
7.5720,38.3774,61.3795
7.5760,39.4927,62.1991
7.5800,39.4927,62.7679
7.5840,39.4927,63.6343
7.5880,39.4927,64.1655
7.5920,41.3066,64.6446
7.5960,42.7303,65.2691
7.6000,42.7303,66.1548
7.6040,42.7303,66.7198
7.6080,42.7303,67.2148
7.6120,44.7477,67.3510
7.6160,45.9336,67.3510
7.6200,45.9336,67.3510
7.6240,45.9336,67.3510
7.6280,45.9336,67.3510
7.6320,47.7386,67.3510
7.6360,48.7893,67.3510
7.6400,48.7893,67.3510
7.6440,48.7893,67.3510
7.6480,48.7893,67.3510
7.6520,50.3829,67.3510
7.6560,51.2642,67.3510
7.6600,51.2642,67.3510
7.6640,51.2642,67.3510
7.6680,51.2642,67.3510
7.6720,51.2642,67.3510
7.6760,52.6381,67.3510
7.6800,53.4091,67.3510
7.6840,53.4091,67.3510
7.6880,53.4091,67.3510
7.6920,54.5910,67.3510
7.6960,55.2680,67.3510
7.7000,55.2680,67.3510
7.7040,55.2680,67.3510
7.7080,55.2680,67.3510
7.7120,56.2082,67.3510
7.7160,56.8791,67.3510
7.7200,56.8791,67.3510
7.7240,56.8791,67.3510
7.7280,56.8791,67.3510
7.7320,57.0779,67.3510
7.7360,57.2958,67.3510
7.7400,57.2957,67.3510
7.7440,57.2957,67.3510
7.7480,57.2958,67.3510
7.7520,57.2957,67.3510
7.7560,57.2959,67.3510
7.7600,57.2957,67.3510
7.7640,57.2958,67.3510
7.7680,57.2957,67.3510
7.7720,57.2959,67.3510
7.7760,57.2957,67.3510
7.7800,57.2958,67.3510
7.7840,57.2957,67.3510
7.7880,57.2958,67.3510
7.7920,57.2957,67.3510
7.7960,57.2957,67.3510
7.8000,57.2956,67.3510
7.8040,57.2958,67.3510
7.8080,57.2958,67.3510
7.8120,57.2956,67.3510
7.8160,57.2956,67.3510
7.8200,57.2958,67.3510
7.8240,57.2957,67.3510
7.8280,57.2958,67.3510
7.8320,57.2956,67.3510
7.8360,57.2958,67.3510
7.8400,57.2956,67.3510
7.8440,57.2958,67.3510
7.8480,57.2956,67.3510
7.8520,57.2958,67.3510
7.8560,57.2956,67.3510
7.8600,57.2958,67.3510
7.8640,57.2956,67.3510
7.8680,57.2958,67.3510
7.8720,57.2956,67.3510
7.8760,57.2959,67.3510
7.8800,57.2955,67.3510
7.8840,57.2959,67.3510
7.8880,57.2955,67.3510
7.8920,57.2959,67.3510
7.8960,57.2955,67.3510
7.9000,57.2959,67.3510
7.9040,57.2955,67.3510
7.9080,57.2959,67.3510
7.9120,57.2955,67.3510
7.9160,57.2958,67.3510
7.9200,57.2955,67.3510
7.9240,57.2958,67.3510
7.9280,57.2955,67.3510
7.9320,57.2959,67.3510
7.9360,57.2955,67.3510
7.9400,57.2958,67.3510
7.9440,57.2955,67.3510
7.9480,57.2958,67.3510
7.9520,57.2955,67.3510
7.9560,57.2958,67.3510
7.9600,57.2955,67.3510
7.9640,57.2958,67.3510
7.9680,57.2955,67.3510
7.9720,57.2958,67.3510
7.9760,57.2955,67.3510
7.9800,57.2958,67.3510
7.9840,57.2955,67.3510
7.9880,57.2958,67.3510
7.9920,57.2955,67.3510
7.9960,57.2958,67.3510
8.0000,57.2956,67.3510
8.0040,57.2958,67.3510
8.0080,57.2955,67.3510
8.0120,57.2958,67.3510
8.0160,57.2956,67.3510
8.0200,57.2958,67.3510
8.0240,57.2955,67.3510
8.0280,57.2958,67.3510
8.0320,57.2956,67.3510
8.0360,57.2958,67.3510
8.0400,57.2955,67.3510
8.0440,57.2958,67.3510
8.0480,57.2956,67.3510
8.0520,57.2957,67.3510
8.0560,57.2955,67.3510
8.0600,57.2958,67.3510
8.0640,57.2956,67.3510
8.0680,57.2958,67.3510
8.0720,57.2955,67.3510
8.0760,57.2958,67.3510
8.0800,57.2956,67.3510
8.0840,57.2958,67.3510
8.0880,57.2955,67.3510
8.0920,57.2958,67.3510
8.0960,57.2956,67.3510
8.1000,57.2958,67.3510
8.1040,57.2955,67.3510
8.1080,57.2958,67.3510
8.1120,57.2956,67.3510
8.1160,57.2957,67.3510
8.1200,57.2955,67.3510
8.1240,57.2958,67.3510
8.1280,57.2956,67.3510
8.1320,57.2957,67.3510
8.1360,57.2955,67.3510
8.1400,57.2958,67.3510
8.1440,57.2956,67.3510
8.1480,57.2957,67.3510
8.1520,57.2955,67.3510
8.1560,57.2958,67.3510
8.1600,57.2956,67.3510
8.1640,57.2957,67.3510
8.1680,57.2956,67.3510
8.1720,57.2957,66.4454
8.1760,57.2956,65.8250
8.1800,57.2957,65.3526
8.1840,57.2956,64.8212
8.1880,57.2958,63.8912
8.1920,57.2956,63.3072
8.1960,57.2957,62.4460
8.2000,57.2956,61.7477
8.2040,57.2957,61.1794
8.2080,57.2956,60.2082
8.2120,57.2958,59.2377
8.2160,57.2956,58.6415
8.2200,57.2958,57.9281
8.2240,57.2956,57.1051
8.2280,57.2958,56.6282
8.2320,57.2956,56.1168
8.2360,57.2958,54.9617
8.2400,57.2956,54.0253
8.2440,57.2958,53.4284
8.2480,57.2956,52.4568
8.2520,57.2958,51.9528
8.2560,57.2956,51.0700
8.2600,57.2958,50.1479
8.2640,57.2956,49.3530
8.2680,57.2958,48.8283
8.2720,57.2956,47.8814
8.2760,57.2958,47.3054
8.2800,57.2956,46.5907
8.2840,57.2959,45.6669
8.2880,57.2957,44.7212
8.2920,57.2958,44.2101
8.2960,57.2957,43.7094
8.3000,57.2959,43.0542
8.3040,57.2957,42.3024
8.3080,57.2959,41.7579
8.3120,57.2957,40.1878
8.3160,57.2958,39.5252
8.3200,57.2957,39.0592
8.3240,56.6138,38.4509
8.3280,55.4501,37.5497
8.3320,55.4501,37.0501
8.3360,55.4500,36.2352
8.3400,54.7757,35.2855
8.3440,52.9839,34.4168
8.3480,52.9839,33.8564
8.3520,52.9839,32.9212
8.3560,52.9839,32.3855
8.3600,52.9839,31.6350
8.3640,51.9399,30.6856
8.3680,50.2107,29.7829
8.3720,50.2108,29.2823
8.3760,50.2108,28.3739
8.3800,50.2108,27.4661
8.3840,49.1535,26.6943
8.3880,47.2511,26.1655
8.3920,47.2511,25.1849
8.3960,47.2511,24.6906
8.4000,46.9875,24.2574
8.4040,44.2887,23.6310
8.4080,44.2887,22.0515
8.4120,44.2887,21.5491
8.4160,44.2887,20.6173
8.4200,44.2887,19.6672
8.4240,42.9954,18.9173
8.4280,41.0855,18.4491
8.4320,41.0855,17.4344
8.4360,41.0855,16.8686
8.4400,41.0855,16.1074
8.4440,39.8274,15.3422
8.4480,37.8326,14.8433
8.4520,37.8326,14.3317
8.4560,37.8326,12.9904
8.4600,37.8326,12.2585
8.4640,36.8812,11.8450
8.4680,34.4572,11.2689
8.4720,34.4571,10.1926
8.4760,34.4572,9.6904
8.4800,34.4571,8.9187
8.4840,33.0611,7.9607
8.4880,31.1344,7.0620
8.4920,31.1344,6.6266
8.4960,31.1344,5.7002
8.5000,31.1344,5.0676
8.5040,29.7003,4.2679
8.5080,27.6984,2.9009
8.5120,27.6984,2.4338
8.5160,27.6984,1.9360
8.5200,27.6984,1.5057
8.5240,26.6446,1.1921
8.5280,24.2437,1.1921
8.5320,24.2437,0.6587
8.5360,24.2437,0.5960
8.5400,24.2437,0.5960
8.5440,22.9240,0.5960
8.5480,21.0906,0.5960
8.5520,21.0906,0.5960
8.5560,21.0906,0.5960
8.5600,21.0906,0.5960
8.5640,19.9972,0.5960
8.5680,18.3580,0.5960
8.5720,18.3580,0.5960
8.5760,18.3580,0.5960
8.5800,18.3580,0.5960
8.5840,17.3471,0.5960
8.5880,15.9898,0.5960
8.5920,15.9898,0.5960
8.5960,15.9898,0.5960
8.6000,15.9898,0.5960
8.6040,15.1756,0.5960
8.6080,13.9373,0.5960
8.6120,13.9373,0.5960
8.6160,13.9373,0.5960
8.6200,13.9373,0.5960
8.6240,13.2915,0.5960
8.6280,12.1584,0.5960
8.6320,12.1584,0.5960
8.6360,12.1584,0.5960
8.6400,12.1584,0.5960
8.6440,11.5808,0.5960
8.6480,10.6168,0.5960
8.6520,10.6168,0.5960
8.6560,10.6168,0.5960
8.6600,10.6168,0.5960
8.6640,10.0154,0.5960
8.6680,9.2807,0.5960
8.6720,9.2807,0.5960
8.6760,9.2807,0.5960
8.6800,9.2807,0.5960
8.6840,8.8073,0.5960
8.6880,8.1227,0.5960
8.6920,8.1227,0.5960
8.6960,8.1227,0.5960
8.7000,8.1227,0.5960
8.7040,7.6823,0.5960
8.7080,7.1192,0.5960
8.7120,7.1192,0.5960
8.7160,7.1192,0.5960
8.7200,7.1192,0.5960
8.7240,7.0125,0.5960
8.7280,6.8755,0.5960
8.7320,6.8755,0.5960
8.7360,6.8755,0.5960
8.7400,6.8755,0.5960
8.7440,6.8755,0.5960
8.7480,6.8755,0.5960
8.7520,6.8755,0.5960
8.7560,6.8755,0.5960
8.7600,6.8755,0.5960
8.7640,6.8755,0.5960
8.7680,6.8755,0.5960
8.7720,6.8755,0.5960
8.7760,6.8755,0.5960
8.7800,6.8755,0.5960
8.7840,6.8755,0.5960
8.7880,6.8755,0.5960
8.7920,6.8755,0.5960
8.7960,6.8755,0.5960
8.8000,6.8755,0.5960
8.8040,6.8755,0.5960
8.8080,6.8755,0.5960
8.8120,6.8755,0.5960
8.8160,6.8755,0.5960
8.8200,6.8755,0.5960
8.8240,6.8755,0.5960
8.8280,6.8755,0.5960
8.8320,6.8755,0.5960
8.8360,6.8755,0.5960
8.8400,6.8755,0.5960
8.8440,6.8755,0.5960
8.8480,6.8755,0.5960
8.8520,6.8755,0.5960
8.8560,6.8755,0.5960
8.8600,6.8755,0.5960
8.8640,6.8755,0.5960
8.8680,6.8755,0.5960
8.8720,6.8755,0.5960
8.8760,6.8755,0.5960
8.8800,6.8755,0.5960
8.8840,6.8755,0.5960
8.8880,6.8755,0.5960
8.8920,6.8755,0.5960
8.8960,6.8755,0.5960
8.9000,6.8755,0.5960
8.9040,6.8755,0.5960
8.9080,6.8755,0.5960
8.9120,6.8755,0.5960
8.9160,6.8755,0.5960
8.9200,6.8755,0.5960
8.9240,6.8755,0.5960
8.9280,6.8755,0.5960
8.9320,6.8755,0.5960
8.9360,6.8755,0.5960
8.9400,6.8755,0.5960
8.9440,6.8755,0.5960
8.9480,6.8755,0.5960
8.9520,6.8755,0.5960
8.9560,6.8755,0.5960
8.9600,6.8755,0.5960
8.9640,6.8755,0.5960
8.9680,6.8755,0.5960
8.9720,6.8755,0.5960
8.9760,6.8755,0.5960
8.9800,6.8755,0.5960
8.9840,6.8755,0.5960
8.9880,6.8755,0.5960
8.9920,6.8755,0.5960
8.9960,6.8755,0.5960
9.0000,6.8755,0.5960
9.0040,6.8755,0.5960
9.0080,6.8755,0.5960
9.0120,6.8755,0.5960
9.0160,6.8755,0.5960
9.0200,6.8755,1.4813
9.0240,6.8755,1.7881
9.0280,6.8755,1.7881
9.0320,6.8755,2.0117
9.0360,6.8755,2.9611
9.0400,6.8755,3.4319
9.0440,6.8755,4.1661
9.0480,6.8755,5.0858
9.0520,6.8755,6.1409
9.0560,6.8755,7.1545
9.0600,6.8755,7.6045
9.0640,6.8755,8.3165
9.0680,6.8755,9.0795
9.0720,6.8755,9.6208
9.0760,6.8755,10.1183
9.0800,6.8756,10.9649
9.0840,6.8754,11.6118
9.0880,6.8755,12.5060
9.0920,6.8755,13.8171
9.0960,6.8755,14.2944
9.1000,6.8755,14.7544
9.1040,6.8755,15.6026
9.1080,6.8755,16.3240
9.1120,6.8755,16.7758
9.1160,6.8755,17.2773
9.1200,6.8755,18.2546
9.1240,6.8755,18.8132
9.1280,6.8755,19.2743
9.1320,6.8755,19.8812
9.1360,6.8755,20.8707
9.1400,6.8755,21.3264
9.1440,6.8755,22.4525
9.1480,7.4690,23.4668
9.1520,8.5285,24.1022
9.1560,8.5285,25.0491
9.1600,8.5285,25.5170
9.1640,8.5285,25.9891
9.1680,9.5452,26.6800
9.1720,10.8086,27.5155
9.1760,10.8086,28.0366
9.1800,10.8086,28.4952
9.1840,10.8086,29.3176
9.1880,11.8291,30.0371
9.1920,13.1820,30.7445
9.1960,13.1820,32.1013
9.2000,13.1820,32.6276
9.2040,13.1820,32.7815
9.2080,14.0436,33.1872
9.2120,15.7953,34.0806
9.2160,15.7953,34.6058
9.2200,15.7953,35.5531
9.2240,15.7953,36.4922
9.2280,16.9670,37.1549
9.2320,18.4575,37.7849
9.2360,18.4574,38.7085
9.2400,18.4575,39.2689
9.2440,18.4574,39.7379
9.2480,19.7164,40.4829
9.2520,21.2415,41.2881
9.2560,21.2415,41.8296
9.2600,21.2415,42.7400
9.2640,21.2415,43.2714
9.2680,22.2131,43.7401
9.2720,24.1312,44.3738
9.2760,24.1311,45.3324
9.2800,24.1312,45.7932
9.2840,24.1311,46.2687
9.2880,25.3611,47.0001
9.2920,27.0329,47.8058
9.2960,27.0329,48.2471
9.3000,27.0329,49.2994
9.3040,27.0329,49.8508
9.3080,28.2490,50.3209
9.3120,30.0245,50.9642
9.3160,30.0245,51.9121
9.3200,30.0245,52.4133
9.3240,30.0245,53.1891
9.3280,31.0307,53.6424
9.3320,33.0146,54.3815
9.3360,33.0146,54.9702
9.3400,33.0146,55.8970
9.3440,33.0146,56.4349
9.3480,33.0146,57.1813
9.3520,34.2221,58.1282
9.3560,36.1623,59.0066
9.3600,36.1623,59.0066
9.3640,36.1623,60.2715
9.3680,36.1623,61.1103
9.3720,37.6859,61.5902
9.3760,39.4467,62.1412
9.3800,39.4467,63.1195
9.3840,39.4467,63.6140
9.3880,39.4467,64.3092
9.3920,40.5460,64.9669
9.3960,42.6904,65.0710
9.4000,42.6904,66.1327
9.4040,42.6904,66.5988
9.4080,42.6904,67.0409
9.4120,44.0458,67.3510
9.4160,45.8990,67.3510
9.4200,45.8990,67.3510
9.4240,45.8990,67.3510
9.4280,46.9318,67.3510
9.4320,48.7593,67.3510
9.4360,48.7593,67.3510
9.4400,48.7593,67.3510
9.4440,48.7593,67.3510
9.4480,48.7593,67.3510
9.4520,49.6890,67.3510
9.4560,51.2382,67.3510
9.4600,51.2382,67.3510
9.4640,51.2382,67.3510
9.4680,51.2382,67.3510
9.4720,52.1438,67.3510
9.4760,53.3866,67.3510
9.4800,53.3866,67.3510
9.4840,53.3866,67.3510
9.4880,53.3866,67.3510
9.4920,54.0791,67.3510
9.4960,55.2485,67.3510
9.5000,55.2485,67.3510
9.5040,55.2485,67.3510
9.5080,55.2485,67.3510
9.5120,55.9196,67.3510
9.5160,56.8621,67.3510
9.5200,56.8621,67.3510
9.5240,56.8621,67.3510
9.5280,56.8621,67.3510
9.5320,56.8621,67.3510
9.5360,56.8621,67.3510
9.5400,56.8621,67.3510
9.5440,56.8621,67.3510
9.5480,56.8621,67.3510
9.5520,57.0352,67.3510
9.5560,57.2959,67.3510
9.5600,57.2957,67.3510
9.5640,57.2958,67.3510
9.5680,57.2958,67.3510
9.5720,57.2958,67.3510
9.5760,57.2958,67.3510
9.5800,57.2958,67.3510
9.5840,57.2958,67.3510
9.5880,57.2958,67.3510
9.5920,57.2958,67.3510
9.5960,57.2958,67.3510
9.6000,57.2958,67.3510
9.6040,57.2958,67.3510
9.6080,57.2958,67.3510
9.6120,57.2958,67.3510
9.6160,57.2958,67.3510
9.6200,57.2957,67.3510
9.6240,57.2957,67.3510
9.6280,57.2957,67.3510
9.6320,57.2957,67.3510
9.6360,57.2957,67.3510
9.6400,57.2957,67.3510
9.6440,57.2957,67.3510
9.6480,57.2957,67.3510
9.6520,57.2957,67.3510
9.6560,57.2958,67.3510
9.6600,57.2957,67.3510
9.6640,57.2958,67.3510
9.6680,57.2957,67.3510
9.6720,57.2957,67.3510
9.6760,57.2957,67.3510
9.6800,57.2958,67.3510
9.6840,57.2957,67.3510
9.6880,57.2957,67.3510
9.6920,57.2957,67.3510
9.6960,57.2957,67.3510
9.7000,57.2957,67.3510
9.7040,57.2957,67.3510
9.7080,57.2957,67.3510
9.7120,57.2957,67.3510
9.7160,57.2956,67.3510
9.7200,57.2957,67.3510
9.7240,57.2957,67.3510
9.7280,57.2957,67.3510
9.7320,57.2957,67.3510
9.7360,57.2958,67.3510
9.7400,57.2957,67.3510
9.7440,57.2957,67.3510
9.7480,57.2957,67.3510
9.7520,57.2957,67.3510
9.7560,57.2956,67.3510
9.7600,57.2957,67.3510
9.7640,57.2956,67.3510
9.7680,57.2957,67.3510
9.7720,57.2956,67.3510
9.7760,57.2957,67.3510
9.7800,57.2957,67.3510
9.7840,57.2957,67.3510
9.7880,57.2956,67.3510
9.7920,57.2957,67.3510
9.7960,57.2957,67.3510
9.8000,57.2956,67.3510
9.8040,57.2956,67.3510
9.8080,57.2957,67.3510
9.8120,57.2957,67.3510
9.8160,57.2956,67.3510
9.8200,57.2956,67.3510
9.8240,57.2958,67.3510
9.8280,57.2956,67.3510
9.8320,57.2957,67.3510
9.8360,57.2956,67.3510
9.8400,57.2957,67.3510
9.8440,57.2957,67.3510
9.8480,57.2957,67.3510
9.8520,57.2956,67.3510
9.8560,57.2957,67.3510
9.8600,57.2957,67.3510
9.8640,57.2957,67.3510
9.8680,57.2956,67.3510
9.8720,57.2957,67.3510
9.8760,57.2956,67.2082
9.8800,57.2957,66.7550
9.8840,57.2956,66.7550
9.8880,57.2957,66.7550
9.8920,57.2956,65.9407
9.8960,57.2957,64.6802
9.9000,57.2956,63.5982
9.9040,57.2957,62.6228
9.9080,57.2957,61.6604
9.9120,57.2957,61.0808
9.9160,57.2956,60.6248
9.9200,57.2958,60.0568
9.9240,57.2956,59.1554
9.9280,57.2957,58.2016
9.9320,57.2957,57.4980
9.9360,57.2958,56.8022
9.9400,57.2957,55.9440
9.9440,57.2957,55.4696
9.9480,57.2957,54.5882
9.9520,57.2958,53.9255
9.9560,57.2956,53.4296
9.9600,57.2958,52.8516
9.9640,57.2956,51.9145
9.9680,57.2957,50.9493
9.9720,57.2956,49.9891
9.9760,57.2958,49.2575
9.9800,57.2956,48.7875
9.9840,57.2957,48.2907
9.9880,57.2957,47.3298
9.9920,57.2957,46.7464
9.9960,57.2957,46.2854
10.0000,57.2958,45.7240
10.0040,57.2957,44.7233
10.0080,57.2958,44.2302
10.0120,57.2957,43.4253
10.0160,57.2958,42.6948
10.0200,57.2957,42.0977
10.0240,57.2958,41.1766
10.0280,57.2957,40.7718
10.0320,57.2958,40.1765
10.0360,56.6306,39.4735
10.0400,55.6368,38.5775
10.0440,55.6367,37.5514
10.0480,55.6367,37.0703
10.0520,55.6367,36.2067
10.0560,54.6142,35.5075
10.0600,53.1457,34.9214
10.0640,53.1457,33.9880
10.0680,53.1457,33.0390
10.0720,53.1457,32.4199
10.0760,52.0312,31.7130
10.0800,50.4304,30.9017
10.0840,50.4304,30.4352
10.0880,50.4304,29.9280
10.0920,50.4304,29.2485
10.0960,49.8146,28.5338
10.1000,47.6799,27.8615
10.1040,47.6799,26.3496
10.1080,47.6799,25.7310
10.1120,47.6799,25.2575
10.1160,46.5551,24.5562
10.1200,44.7398,23.7365
10.1240,44.7398,23.2907
10.1280,44.7398,22.8014
10.1320,44.7398,21.9279
10.1360,43.5514,21.1877
10.1400,41.7943,20.4086
10.1440,41.7943,19.0671
10.1480,41.7943,18.5605
10.1520,41.7943,18.0968
10.1560,40.8698,17.4705
10.1600,38.6853,16.6897
10.1640,38.6853,16.1087
10.1680,38.6853,15.6229
10.1720,38.6853,14.7611
10.1760,37.6325,14.0615
10.1800,35.5935,13.4879
10.1840,35.5935,12.4902
10.1880,35.5935,12.0363
10.1920,35.5935,11.5710
10.1960,34.7158,10.9187
10.2000,32.4371,10.0868
10.2040,32.4371,9.5081
10.2080,32.4371,8.5855
10.2120,32.4371,7.9963
10.2160,31.5097,7.5475
10.2200,29.2248,7.0475
10.2240,29.2248,5.4923
10.2280,29.2248,4.8873
10.2320,29.2248,4.3763
10.2360,29.2248,3.7417
10.2400,28.5300,2.9589
10.2440,25.8844,2.3335
10.2480,25.8844,1.4381
10.2520,25.8844,1.1921
10.2560,25.3479,1.1921
10.2600,22.5921,1.0485
10.2640,22.5921,0.5960
10.2680,22.5921,0.5960
10.2720,22.5921,0.5960
10.2760,22.5921,0.5960
10.2800,22.0232,0.5960
10.2840,19.6593,0.5960
10.2880,19.6593,0.5960
10.2920,19.6593,0.5960
10.2960,19.6593,0.5960
10.3000,19.1145,0.5960
10.3040,17.1175,0.5960
10.3080,17.1175,0.5960
10.3120,17.1175,0.5960
10.3160,16.5290,0.5960
10.3200,14.9147,0.5960
10.3240,14.9147,0.5960
10.3280,14.9147,0.5960
10.3320,14.9147,0.5960
10.3360,14.9147,0.5960
10.3400,14.2843,0.5960
10.3440,13.0055,0.5960
10.3480,13.0055,0.5960
10.3520,13.0055,0.5960
10.3560,13.0055,0.5960
10.3600,12.4560,0.5960
10.3640,11.3509,0.5960
10.3680,11.3509,0.5960
10.3720,11.3509,0.5960
10.3760,11.3509,0.5960
10.3800,11.3509,0.5960
10.3840,10.9010,0.5960
10.3880,9.9169,0.5960
10.3920,9.9169,0.5960
10.3960,9.9169,0.5960
10.4000,9.9169,0.5960
10.4040,9.5405,0.5960
10.4080,8.6741,0.5960
10.4120,8.6741,0.5960
10.4160,8.6741,0.5960
10.4200,8.6741,0.5960
10.4240,8.3024,0.5960
10.4280,7.5971,0.5960
10.4320,7.5971,0.5960
10.4360,7.5970,0.5960
10.4400,7.5325,0.5960
10.4440,6.8755,0.5960
10.4480,6.8755,0.5960
10.4520,6.8755,0.5960
10.4560,6.8755,0.5960
10.4600,6.8755,0.5960
10.4640,6.8755,0.5960
10.4680,6.8755,0.5960
10.4720,6.8755,0.5960
10.4760,6.8755,0.5960
10.4800,6.8755,0.5960
10.4840,6.8755,0.5960
10.4880,6.8755,0.5960
10.4920,6.8755,0.5960
10.4960,6.8755,0.5960
10.5000,6.8755,0.5960
10.5040,6.8755,0.5960
10.5080,6.8755,0.5960
10.5120,6.8755,0.5960
10.5160,6.8755,0.5960
10.5200,6.8755,0.5960
10.5240,6.8755,0.5960
10.5280,6.8755,0.5960
10.5320,6.8755,0.5960
10.5360,6.8755,0.5960
10.5400,6.8755,0.5960
10.5440,6.8755,0.5960
10.5480,6.8755,0.5960
10.5520,6.8755,0.5960
10.5560,6.8755,0.5960
10.5600,6.8755,0.5960
10.5640,6.8755,0.5960
10.5680,6.8755,0.5960
10.5720,6.8755,0.5960
10.5760,6.8755,0.5960
10.5800,6.8755,0.5960
10.5840,6.8755,0.5960
10.5880,6.8755,0.5960
10.5920,6.8755,0.5960
10.5960,6.8755,0.5960
10.6000,6.8755,0.5960
10.6040,6.8755,0.5960
10.6080,6.8755,0.5960
10.6120,6.8755,0.5960
10.6160,6.8755,0.5960
10.6200,6.8755,0.5960
10.6240,6.8755,0.5960
10.6280,6.8755,0.5960
10.6320,6.8755,0.5960
10.6360,6.8755,0.5960
10.6400,6.8755,0.5960
10.6440,6.8755,0.5960
10.6480,6.8755,0.5960
10.6520,6.8755,0.5960
10.6560,6.8756,0.5960
10.6600,6.8755,0.5960
10.6640,6.8755,0.5960
10.6680,6.8755,0.5960
10.6720,6.8755,0.5960
10.6760,6.8755,0.5960
10.6800,6.8755,0.5960
10.6840,6.8755,0.5960
10.6880,6.8755,0.5960
10.6920,6.8755,0.5960
10.6960,6.8755,0.5960
10.7000,6.8755,0.5960
10.7040,6.8755,0.5960
10.7080,6.8755,0.5960
10.7120,6.8755,0.5960
10.7160,6.8755,0.5960
10.7200,6.8755,0.5960
10.7240,6.8755,0.5960
10.7280,6.8755,0.5960
10.7320,6.8754,0.5960
10.7360,6.8755,0.5960
10.7400,6.8755,0.5960
10.7440,6.8755,0.5960
10.7480,6.8755,0.5960
10.7520,6.8756,0.5960
10.7560,6.8755,0.5960
10.7600,6.8756,0.5960
10.7640,6.8755,0.5960
10.7680,6.8755,0.5960
10.7720,6.8755,0.5960
10.7760,6.8755,0.5960
10.7800,6.8755,0.5960
10.7840,6.8755,0.5960
10.7880,6.8755,0.5960
10.7920,6.8755,0.5960
10.7960,6.8755,0.5960
10.8000,6.8755,0.5960
10.8040,6.8755,0.5960
10.8080,6.8755,0.5960
10.8120,6.8755,0.5960
10.8160,6.8755,0.5960
10.8200,6.8755,0.5960
10.8240,6.8755,0.5960
10.8280,6.8755,0.5960
10.8320,6.8755,0.5960
10.8360,6.8755,0.5960
10.8400,6.8755,0.5960
10.8440,6.8755,0.5960
10.8480,6.8755,0.5960
10.8520,6.8755,0.5960
10.8560,6.8755,0.5960
10.8600,6.8755,0.5960
10.8640,6.8755,0.5960
10.8680,6.8755,0.5960
10.8720,6.8755,0.5960
10.8760,6.8755,0.5960
10.8800,6.8755,0.5960
10.8840,6.8755,0.5960
10.8880,6.8755,0.5960
10.8920,6.8755,0.5960
10.8960,6.8755,0.5960
10.9000,6.8755,0.5960
10.9040,6.8755,0.5960
10.9080,6.8755,0.5960
10.9120,6.8755,0.5960
10.9160,6.8755,0.5960
10.9200,6.8755,0.5960
10.9240,6.8755,0.5960
10.9280,6.8755,0.5960
10.9320,6.8755,0.5960
10.9360,6.8755,0.5960
10.9400,6.8755,0.5960
10.9440,6.8755,0.5960
10.9480,6.8755,0.5960
10.9520,6.8755,0.5960
10.9560,6.8755,0.5960
10.9600,6.8755,1.3319
10.9640,6.8754,1.7881
10.9680,6.8755,1.7881
10.9720,6.8755,1.8270
10.9760,6.8755,2.6906
10.9800,6.8755,3.3116
10.9840,6.8755,3.9639
10.9880,6.8754,4.7818
10.9920,6.8756,5.3024
10.9960,6.8755,5.8276
11.0000,6.8755,7.0570
11.0040,6.8755,7.9820
11.0080,6.8755,8.4375
11.0120,6.8755,8.9658
11.0160,6.8755,9.9324
11.0200,6.8755,10.4479
11.0240,6.8756,10.8417
11.0280,6.8755,11.9810
11.0320,6.8755,12.5309
11.0360,6.8755,13.0098
11.0400,6.8755,13.8420
11.0440,6.8755,14.7541
11.0480,6.8755,15.5846
11.0520,6.8755,16.1065
11.0560,6.8755,17.0632
11.0600,6.8755,17.6699
11.0640,6.8755,18.4353
11.0680,6.8755,19.2223
11.0720,6.8755,19.6695
11.0760,6.8755,20.1757
11.0800,6.8755,21.0013
11.0840,6.8755,21.6857
11.0880,6.9863,22.2475
11.0920,8.3751,23.1604
11.0960,8.3751,23.7194
11.1000,8.3751,24.1991
11.1040,8.3751,25.1422
11.1080,8.7800,26.3503
11.1120,10.5167,26.8543
11.1160,10.5167,27.3383
11.1200,10.5167,27.7973
11.1240,10.5167,28.5311
11.1280,11.0464,29.5061
11.1320,12.8496,30.4276
11.1360,12.8496,30.9253
11.1400,12.8496,31.4029
11.1440,12.8496,32.1336
11.1480,13.3603,32.9132
11.1520,15.3482,33.3992
11.1560,15.3482,34.4192
11.1600,15.3482,34.9846
11.1640,15.3482,35.4534
11.1680,16.0132,36.2418
11.1720,17.9905,37.5987
11.1760,17.9905,38.0505
11.1800,17.9905,38.5309
11.1840,17.9905,39.3260
11.1880,17.9905,39.9338
11.1920,18.7039,40.0943
11.1960,20.9163,41.4961
11.2000,20.9163,42.1271
11.2040,20.9163,42.6068
11.2080,21.5301,42.9139
11.2120,23.7698,42.9139
11.2160,23.7698,44.4027
11.2200,23.7698,45.4414
11.2240,23.7698,46.1486
11.2280,23.7698,46.6704
11.2320,24.4734,47.1679
11.2360,26.7992,48.1983
11.2400,26.7992,48.6955
11.2440,26.7992,49.1586
11.2480,27.4353,49.6338
11.2520,29.7425,50.1766
11.2560,29.7425,51.1913
11.2600,29.7425,52.1145
11.2640,29.7425,52.7545
11.2680,29.7425,53.2373
11.2720,30.4506,53.8031
11.2760,32.8497,54.7582
11.2800,32.8497,55.2695
11.2840,32.8497,55.7460
11.2880,32.8497,56.4152
11.2920,33.5144,57.2869
11.2960,35.9399,57.7591
11.3000,35.9399,58.6937
11.3040,35.9399,59.3148
11.3080,35.9399,59.7625
11.3120,36.4376,60.2200
11.3160,39.0950,61.2853
11.3200,39.0950,61.7943
11.3240,39.0950,62.2351
11.3280,39.0950,63.3769
11.3320,39.7607,63.8414
11.3360,42.3061,64.3229
11.3400,42.3061,65.2518
11.3440,42.3061,65.8977
11.3480,42.3061,66.3676
11.3520,43.0362,66.7550
11.3560,45.4865,66.7550
11.3600,45.4865,67.2060
11.3640,45.4865,67.6821
11.3680,45.4865,67.9470
11.3720,46.2072,67.9470
11.3760,48.4813,67.9470
11.3800,48.4813,67.9470
11.3840,48.4813,67.9470
11.3880,48.4813,67.9470
11.3920,49.0780,67.9470
11.3960,51.0767,67.9470
11.4000,51.0767,67.9470
11.4040,51.0767,67.9470
11.4080,51.0767,67.9470
11.4120,51.4529,67.9470
11.4160,53.3261,67.9470
11.4200,53.3261,67.9470
11.4240,53.3261,67.9470
11.4280,53.3261,67.9470
11.4320,53.6673,67.9470
11.4360,55.2755,67.9470
11.4400,55.2755,67.9470
11.4440,55.2755,67.9470
11.4480,55.2755,67.9470
11.4520,55.6010,67.9470
11.4560,56.9651,67.9470
11.4600,56.9651,67.9470
11.4640,56.9651,67.9470
11.4680,56.9651,67.9470
11.4720,57.0383,67.9470
11.4760,57.2959,67.9470
11.4800,57.2959,67.9470
11.4840,57.2959,67.9470
11.4880,57.2959,67.9470
11.4920,57.2959,67.9470
11.4960,57.2959,67.9470
11.5000,57.2959,67.9470
11.5040,57.2959,67.9470
11.5080,57.2959,67.9470
11.5120,57.2959,67.9470
11.5160,57.2959,67.9470
11.5200,57.2958,67.9470
11.5240,57.2959,67.9470
11.5280,57.2958,67.9470
11.5320,57.2958,67.9470
11.5360,57.2959,67.9470
11.5400,57.2957,67.9470
11.5440,57.2959,67.9470
11.5480,57.2958,67.9470
11.5520,57.2957,67.9470
11.5560,57.2955,67.9470
11.5600,57.2958,67.9470
11.5640,57.2956,67.9470
11.5680,57.2957,67.9470
11.5720,57.2956,67.9470
11.5760,57.2958,67.9470
11.5800,57.2956,67.9470
11.5840,57.2957,67.9470
11.5880,57.2956,67.9470
11.5920,57.2958,67.9470
11.5960,57.2956,67.9470
11.6000,57.2957,67.9470
11.6040,57.2956,67.9470
11.6080,57.2958,67.9470
11.6120,57.2956,67.9470
11.6160,57.2957,67.9470
11.6200,57.2955,67.9470
11.6240,57.2958,67.9470
11.6280,57.2956,67.9470
11.6320,57.2957,67.9470
11.6360,57.2956,67.9470
11.6400,57.2958,67.9470
11.6440,57.2956,67.9470
11.6480,57.2957,67.9470
11.6520,57.2955,67.9470
11.6560,57.2958,67.9470
11.6600,57.2956,67.9470
11.6640,57.2957,67.9470
11.6680,57.2955,67.9470
11.6720,57.2958,67.9470
11.6760,57.2956,67.9470
11.6800,57.2957,67.9470
11.6840,57.2956,67.9470
11.6880,57.2958,67.9470
11.6920,57.2956,67.9470
11.6960,57.2957,67.9470
11.7000,57.2956,67.9470
11.7040,57.2957,67.9470
11.7080,57.2956,67.9470
11.7120,57.2958,67.9470
11.7160,57.2956,67.9470
11.7200,57.2958,67.9470
11.7240,57.2955,67.9470
11.7280,57.2958,67.9470
11.7320,57.2956,67.9470
11.7360,57.2958,67.9470
11.7400,57.2956,67.9470
11.7440,57.2957,67.9470
11.7480,57.2956,67.9470
11.7520,57.2958,67.9470
11.7560,57.2955,67.9470
11.7600,57.2958,67.9470
11.7640,57.2955,67.9470
11.7680,57.2958,67.9470
11.7720,57.2956,67.9470
11.7760,57.2957,67.9470
11.7800,57.2955,67.9470
11.7840,57.2958,67.9470
11.7880,57.2956,67.9470
11.7920,57.2957,67.9470
11.7960,57.2955,67.8525
11.8000,57.2958,66.8367
11.8040,57.2956,66.7550
11.8080,57.2958,66.1560
11.8120,57.2955,65.2552
11.8160,57.2958,64.5425
11.8200,57.2956,63.3837
11.8240,57.2958,62.8104
11.8280,57.2955,62.3285
11.8320,57.2958,61.7729
11.8360,57.2955,60.9789
11.8400,57.2957,59.7039
11.8440,57.2955,58.7366
11.8480,57.2958,58.1103
11.8520,57.2956,57.6518
11.8560,57.2959,57.1740
11.8600,57.2955,56.1317
11.8640,57.2958,55.6164
11.8680,57.2955,54.8404
11.8720,57.2958,53.8828
11.8760,57.2955,53.0114
11.8800,57.2959,52.5085
11.8840,57.2956,51.5869
11.8880,57.2959,50.9465
11.8920,57.2955,50.4940
11.8960,57.2959,50.0681
11.9000,57.2955,48.9318
11.9040,57.2959,48.4474
11.9080,57.2955,47.3419
11.9120,57.2959,46.2716
11.9160,57.2955,45.6770
11.9200,57.2959,44.8166
11.9240,57.2956,44.3469
11.9280,57.2958,43.7495
11.9320,57.2955,43.0878
11.9360,57.2959,42.2860
11.9400,57.2957,41.7956
11.9440,57.2959,41.2819
11.9480,57.2957,40.4748
11.9520,57.2959,39.7232
11.9560,57.0711,39.2237
11.9600,55.7180,38.7129
11.9640,55.7178,37.3471
11.9680,55.7180,36.6269
11.9720,55.7178,35.9916
11.9760,55.4308,35.1302
11.9800,53.1365,34.6033
11.9840,53.1366,34.1161
11.9880,53.1365,33.2715
11.9920,53.1366,32.5327
11.9960,52.7384,32.0696
12.0000,50.4226,31.6722
12.0040,50.4226,30.7271
12.0080,50.4226,29.7119
12.0120,50.4226,28.7216
12.0160,49.9103,27.8889
12.0200,47.5936,27.4604
12.0240,47.5936,27.0265
12.0280,47.5936,26.0986
12.0320,47.5936,25.3855
12.0360,47.1731,24.7920
12.0400,44.6650,23.9056
12.0440,44.6650,22.8625
12.0480,44.6650,22.2741
12.0520,44.6650,21.5055
12.0560,44.6650,20.6991
12.0600,44.3103,20.2694
12.0640,41.4911,19.7908
12.0680,41.4911,18.9495
12.0720,41.4911,18.2303
12.0760,41.0411,17.4863
12.0800,38.4226,16.0817
12.0840,38.4226,15.5942
12.0880,38.4226,15.1013
12.0920,38.4226,14.3985
12.0960,38.1932,13.6151
12.1000,35.2863,13.0999
12.1040,35.2863,12.0938
12.1080,35.2863,11.5671
12.1120,35.2863,11.0937
12.1160,35.2863,10.5508
12.1200,35.2331,9.9907
12.1240,32.5151,9.4118
12.1280,28.7376,8.7156
12.1320,28.7376,7.8598
12.1360,28.4104,6.9451
12.1400,26.0185,6.0380
12.1440,26.0185,4.9749
12.1480,26.0185,4.3708
12.1520,26.0185,3.8891
12.1560,26.0185,3.2847
12.1600,26.0185,2.4302
12.1640,23.0262,1.3597
12.1680,23.0262,0.3476
12.1720,23.0262,0.0000
12.1760,22.7756,0.0000
12.1800,20.2593,0.0000
12.1840,19.9560,0.0000
12.1880,19.9560,0.0000
12.1920,19.9560,0.0000
12.1960,19.9560,0.0000
12.2000,19.6563,0.0000
12.2040,17.2952,0.0000
12.2080,17.2952,0.0000
12.2120,17.2952,0.0000
12.2160,17.2952,0.0000
12.2200,17.2952,0.0000
12.2240,14.9892,0.0000
12.2280,14.9892,0.0000
12.2320,14.9892,0.0000
12.2360,14.9892,0.0000
12.2400,14.9892,0.0000
12.2440,12.9906,0.0000
12.2480,12.9906,0.0000
12.2520,12.9906,0.0000
12.2560,12.9906,0.0000
12.2600,12.9837,0.0000
12.2640,11.2585,0.0000
12.2680,11.2585,0.0000
12.2720,11.2585,0.0000
12.2760,11.2585,0.0000
12.2800,11.2205,0.0000
12.2840,9.7574,0.0000
12.2880,9.7574,0.0000
12.2920,9.7574,0.0000
12.2960,9.7574,0.0000
12.3000,9.6513,0.0000
12.3040,8.4564,0.0000
12.3080,8.4564,0.0000
12.3120,8.4564,0.0000
12.3160,8.4564,0.0000
12.3200,8.4564,0.0000
12.3240,7.3289,0.0000
12.3280,7.3289,0.0000
12.3320,7.3289,0.0000
12.3360,7.3289,0.0000
12.3400,7.2978,0.0000
12.3440,6.8755,0.0000
12.3480,6.8755,0.0000
12.3520,6.8755,0.0000
12.3560,6.8755,0.0000
12.3600,6.8755,0.0000
12.3640,6.8756,0.0000
12.3680,6.8755,0.0000
12.3720,6.8755,0.0000
12.3760,6.8754,0.0000
12.3800,6.8755,0.0000
12.3840,6.8755,0.0000
12.3880,6.8755,0.0000
12.3920,6.8754,0.0000
12.3960,6.8755,0.0000
12.4000,6.8755,0.0000
12.4040,6.8756,0.0000
12.4080,6.8754,0.0000
12.4120,6.8756,0.0000
12.4160,6.8754,0.0000
12.4200,6.8756,0.0000
12.4240,6.8754,0.0000
12.4280,6.8755,0.0000
12.4320,6.8754,0.0000
12.4360,6.8756,0.0000
12.4400,6.8754,0.0000
12.4440,6.8756,0.0000
12.4480,6.8754,0.0000
12.4520,6.8756,0.0000
12.4560,6.8754,0.0000
12.4600,6.8756,0.0000
12.4640,6.8755,0.0000
12.4680,6.8756,0.0000
12.4720,6.8755,0.0000
12.4760,6.8756,0.0000
12.4800,6.8754,0.0000
12.4840,6.8756,0.0000
12.4880,6.8755,0.0000
12.4920,6.8756,0.0000
12.4960,6.8755,0.0000
12.5000,6.8756,0.0000
12.5040,6.8755,0.0000
12.5080,6.8755,0.0000
12.5120,6.8755,0.0000
12.5160,6.8755,0.0000
12.5200,6.8755,0.0000
12.5240,6.8755,0.0000
12.5280,6.8755,0.0000
12.5320,6.8755,0.0000
12.5360,6.8755,0.0000
12.5400,6.8755,0.0000
12.5440,6.8755,0.0000
12.5480,6.8755,0.0000
12.5520,6.8755,0.0000
12.5560,6.8756,0.0000
12.5600,6.8755,0.0000
12.5640,6.8755,0.0000
12.5680,6.8755,0.0000
12.5720,6.8755,0.0000
12.5760,6.8755,0.0000
12.5800,6.8755,0.0000
12.5840,6.8755,0.0000
12.5880,6.8755,0.0000
12.5920,6.8755,0.0000
12.5960,6.8756,0.0000
12.6000,6.8755,0.0000
12.6040,6.8756,0.0000
12.6080,6.8755,0.0000
12.6120,6.8755,0.0000
12.6160,6.8755,0.0000
12.6200,6.8755,0.0000
12.6240,6.8755,0.0000
12.6280,6.8755,0.0000
12.6320,6.8755,0.0000
12.6360,6.8755,0.0000
12.6400,6.8755,0.0000
12.6440,6.8756,0.0000
12.6480,6.8755,0.0000
12.6520,6.8755,0.0000
12.6560,6.8755,0.0000
12.6600,6.8755,0.0000
12.6640,6.8755,0.0000
12.6680,6.8755,0.0000
12.6720,6.8755,0.0000
12.6760,6.8755,0.0000
12.6800,6.8755,0.0000
12.6840,6.8756,0.0000
12.6880,6.8755,0.0000
12.6920,6.8755,0.0000
12.6960,6.8755,0.0000
12.7000,6.8756,0.0000
12.7040,6.8755,0.0000
12.7080,6.8755,0.0000
12.7120,6.8755,0.0000
12.7160,6.8756,0.0000
12.7200,6.8755,0.0000
12.7240,6.8756,0.0000
12.7280,6.8755,0.0000
12.7320,6.8756,0.0000
12.7360,6.8755,0.0000
12.7400,6.8756,0.0000
12.7440,6.8754,0.0000
12.7480,6.8755,0.0000
12.7520,6.8755,0.0000
12.7560,6.8756,0.0000
12.7600,6.8755,0.0000
12.7640,6.8756,0.0000
12.7680,6.8755,0.0000
12.7720,6.8755,0.0000
12.7760,6.8754,0.0000
12.7800,6.8756,0.0000
12.7840,6.8754,0.0000
12.7880,6.8756,0.0000
12.7920,6.8754,0.0000
12.7960,6.8756,0.0000
12.8000,6.8754,0.0000
12.8040,6.8756,0.0000
12.8080,6.8754,0.0000
12.8120,6.8756,0.0000
12.8160,6.8755,0.0000
12.8200,6.8755,0.0000
12.8240,6.8755,0.0000
12.8280,6.8755,0.0000
12.8320,6.8755,0.0000
12.8360,6.8756,0.0000
12.8400,6.8755,0.0000
12.8440,6.8756,0.0000
12.8480,6.8755,0.0000
12.8520,6.8755,0.0000
12.8560,6.8755,0.0000
12.8600,6.8755,0.0000
12.8640,6.8755,0.0000
12.8680,6.8755,0.0000
12.8720,6.8755,0.0000
12.8760,6.8756,1.0892
12.8800,6.8755,2.0294
12.8840,6.8755,2.5878
12.8880,6.8755,3.5713
12.8920,6.8755,3.9584
12.8960,6.8755,4.8915
12.9000,6.8755,6.0896
12.9040,6.8755,6.4689
12.9080,6.8755,7.0615
12.9120,6.8755,7.9671
12.9160,6.8754,8.9127
12.9200,6.8755,8.9404
12.9240,6.8755,10.7404
12.9280,6.8755,11.2427
12.9320,6.8755,11.7075
12.9360,6.8755,12.3054
12.9400,6.8756,13.0256
12.9440,6.8754,13.4775
12.9480,6.8756,14.0058
12.9520,6.8754,15.0621
12.9560,6.8755,15.8059
12.9600,6.8754,16.4691
12.9640,6.8756,17.3645
12.9680,6.8754,17.7553
12.9720,6.8756,18.2448
12.9760,6.8754,19.0267
12.9800,6.8756,19.8270
12.9840,6.8755,20.2876
12.9880,7.0106,20.6376
12.9920,7.0105,21.5410
12.9960,8.1887,22.8813
13.0000,8.7778,23.4730
13.0040,8.7778,24.1113
13.0080,8.7778,24.7869
13.0120,8.7778,25.2565
13.0160,9.1426,25.5974
13.0200,10.8657,26.8212
13.0240,10.8657,27.6813
13.0280,10.8657,28.5906
13.0320,10.8657,29.5837
13.0360,12.1500,30.1185
13.0400,13.2315,30.7453
13.0440,14.7519,31.7017
13.0480,15.4408,32.1695
13.0520,15.4409,32.6380
13.0560,17.2391,33.4105
13.0600,17.6735,34.1852
13.0640,17.6734,34.8689
13.0680,17.6735,35.7902
13.0720,17.6734,36.1953
13.0760,19.5091,36.6917
13.0800,20.0852,37.7971
13.0840,20.0852,38.9208
13.0880,20.0852,39.3839
13.0920,22.0335,40.2413
13.0960,22.5727,40.5298
13.1000,22.5727,40.5298
13.1040,22.5727,41.0937
13.1080,22.5727,42.9507
13.1120,24.7696,43.4111
13.1160,24.9670,43.5099
13.1200,24.9670,44.0520
13.1240,24.9670,44.8607
13.1280,24.9670,45.3166
13.1320,27.3020,46.5778
13.1360,27.5983,47.3981
13.1400,27.5983,47.9078
13.1440,27.5983,48.4019
13.1480,27.5983,48.9195
13.1520,30.3556,49.9869
13.1560,30.3556,50.9128
13.1600,30.3556,51.5407
13.1640,30.4865,51.9976
13.1680,32.7993,52.4763
13.1720,33.1427,53.5381
13.1760,33.1427,54.0545
13.1800,33.1427,54.8125
13.1840,33.1427,55.5807
13.1880,33.1446,56.0017
13.1920,36.1144,56.5820
13.1960,36.1144,57.4952
13.2000,36.1144,58.1256
13.2040,36.1144,58.5858
13.2080,36.6474,59.0568
13.2120,39.0872,60.0827
13.2160,39.0872,60.5993
13.2200,39.0872,60.8563
13.2240,39.0872,62.1528
13.2280,39.0872,62.5247
13.2320,41.3391,62.9802
13.2360,42.1405,63.8836
13.2400,42.1405,64.3709
13.2440,42.6999,64.8384
13.2480,45.1045,66.1921
13.2520,45.1045,66.7173
13.2560,45.1045,66.7550
13.2600,45.1045,67.0658
13.2640,45.7925,67.5236
13.2680,47.9913,67.9470
13.2720,47.9913,67.9470
13.2760,47.9913,67.9470
13.2800,47.9913,67.9470
13.2840,48.9578,67.9470
13.2880,50.6520,67.9470
13.2920,50.6520,67.9470
13.2960,50.6520,67.9470
13.3000,50.6520,67.9470
13.3040,51.4744,67.9470
13.3080,52.9580,67.9470
13.3120,52.9580,67.9470
13.3160,52.9580,67.9470
13.3200,52.9580,67.9470
13.3240,52.9580,67.9470
13.3280,52.9580,67.9470
13.3320,52.9580,67.9470
13.3360,52.9580,67.9470
13.3400,52.9580,67.9470
13.3440,53.6054,67.9470
13.3480,54.9566,67.9470
13.3520,54.9566,67.9470
13.3560,54.9566,67.9470
13.3600,54.9566,67.9470
13.3640,55.7366,67.9470
13.3680,56.6886,67.9470
13.3720,56.6886,67.9470
13.3760,56.6886,67.9470
13.3800,56.6886,67.9470
13.3840,56.9499,67.9470
13.3880,57.2958,67.9470
13.3920,57.2959,67.9470
13.3960,57.2959,67.9470
13.4000,57.2959,67.9470
13.4040,57.2959,67.9470
13.4080,57.2959,67.9470
13.4120,57.2959,67.9470
13.4160,57.2959,67.9470
13.4200,57.2959,67.9470
13.4240,57.2959,67.9470
13.4280,57.2959,67.9470
13.4320,57.2959,67.9470
13.4360,57.2959,67.9470
13.4400,57.2959,67.9470
13.4440,57.2959,67.9470
13.4480,57.2959,67.9470
13.4520,57.2959,67.9470
13.4560,57.2959,67.9470
13.4600,57.2959,67.9470
13.4640,57.2959,67.9470
13.4680,57.2959,67.9470
13.4720,57.2959,67.9470
13.4760,57.2959,67.9470
13.4800,57.2959,67.9470
13.4840,57.2959,67.9470
13.4880,57.2958,67.9470
13.4920,57.2959,67.9470
13.4960,57.2959,67.9470
13.5000,57.2958,67.9470
13.5040,57.2958,67.9470
13.5080,57.2955,67.9470
13.5120,57.2957,67.9470
13.5160,57.2957,67.9470
13.5200,57.2957,67.9470
13.5240,57.2956,67.9470
13.5280,57.2957,67.9470
13.5320,57.2957,67.9470
13.5360,57.2957,67.9470
13.5400,57.2956,67.9470
13.5440,57.2957,67.9470
13.5480,57.2957,67.9470
13.5520,57.2957,67.9470
13.5560,57.2956,67.9470
13.5600,57.2958,67.9470
13.5640,57.2957,67.9470
13.5680,57.2957,67.9470
13.5720,57.2956,67.9470
13.5760,57.2958,67.9470
13.5800,57.2957,67.9470
13.5840,57.2957,67.9470
13.5880,57.2956,67.9470
13.5920,57.2958,67.9470
13.5960,57.2956,67.9470
13.6000,57.2957,67.9470
13.6040,57.2955,67.9470
13.6080,57.2957,67.9470
13.6120,57.2956,67.9470
13.6160,57.2957,67.9470
13.6200,57.2956,67.9470
13.6240,57.2957,67.9470
13.6280,57.2956,67.9470
13.6320,57.2957,67.9470
13.6360,57.2956,67.9470
13.6400,57.2957,67.9470
13.6440,57.2957,67.9470
13.6480,57.2957,67.9470
13.6520,57.2955,67.9470
13.6560,57.2958,67.9470
13.6600,57.2957,67.9470
13.6640,57.2957,67.9470
13.6680,57.2956,67.9470
13.6720,57.2958,67.8374
13.6760,57.2957,66.9889
13.6800,57.2957,66.7550
13.6840,57.2956,66.7550
13.6880,57.2958,66.3304
13.6920,57.2956,65.4538
13.6960,57.2958,64.9874
13.7000,57.2955,64.0806
13.7040,57.2958,63.4662
13.7080,57.2956,63.0016
13.7120,57.2958,62.4725
13.7160,57.2956,61.4845
13.7200,57.2959,60.5389
13.7240,57.2956,59.8724
13.7280,57.2958,59.1618
13.7320,57.2955,58.2970
13.7360,57.2959,57.8232
13.7400,57.2956,56.9393
13.7440,57.2958,56.2999
13.7480,57.2955,55.7941
13.7520,57.2959,55.0368
13.7560,57.2956,53.6794
13.7600,57.2958,53.1873
13.7640,57.2955,52.4141
13.7680,57.2958,51.6548
13.7720,57.2956,51.1472
13.7760,57.2958,50.6882
13.7800,57.2955,49.2663
13.7840,57.2959,48.5230
13.7880,57.2956,48.0561
13.7920,57.2958,47.5229
13.7960,57.2955,46.6329
13.8000,57.2959,46.0809
13.8040,57.2957,45.2555
13.8080,57.2958,44.4760
13.8120,57.2956,43.7748
13.8160,57.2958,42.3833
13.8200,57.2957,41.8792
13.8240,57.2959,41.7219
13.8280,57.2957,41.3451
13.8320,57.2959,40.3955
13.8360,57.2957,39.3571
13.8400,57.2959,38.8688
13.8440,56.0000,38.0229
13.8480,55.7139,37.3033
13.8520,55.7138,36.7186
13.8560,55.7139,35.8381
13.8600,53.7180,34.9236
13.8640,53.2125,34.2401
13.8680,53.2125,33.5065
13.8720,53.2125,32.6755
13.8760,53.2125,32.1925
13.8800,50.9331,31.6987
13.8840,50.4884,30.8958
13.8880,50.4884,30.1753
13.8920,50.4884,29.5637
13.8960,50.4884,28.6429
13.9000,48.2759,27.6939
13.9040,47.7301,27.0597
13.9080,47.7301,26.3087
13.9120,47.7301,25.3505
13.9160,47.7301,24.4371
13.9200,47.7301,24.0026
13.9240,47.7301,23.2288
13.9280,47.7301,22.4350
13.9320,47.7301,21.7547
13.9360,47.7301,20.8365
13.9400,47.7301,20.3677
13.9440,44.6639,19.8690
13.9480,44.1475,19.1329
13.9520,44.1475,18.3470
13.9560,44.1475,17.8477
13.9600,44.1475,17.3766
13.9640,41.2080,16.1065
13.9680,40.6453,15.2241
13.9720,40.6453,14.5938
13.9760,40.6453,13.6581
13.9800,40.6453,13.2053
13.9840,37.7404,12.7507
13.9880,37.0538,12.0091
13.9920,37.0538,11.1564
13.9960,37.0538,10.5647
14.0000,37.0538,9.2205
14.0040,34.0778,8.5572
14.0080,33.5437,8.0660
14.0120,33.5437,7.4677
14.0160,33.5437,6.6898
14.0200,30.8899,6.0620
14.0240,30.1043,5.5720
14.0280,30.1043,4.5500
14.0320,30.1043,3.3985
14.0360,30.1043,2.8658
14.0400,30.1043,2.1286
14.0440,27.3037,1.4700
14.0480,26.4878,0.9171
14.0520,26.4878,0.5960
14.0560,26.4878,0.5493
14.0600,26.4878,0.1724
14.0640,23.7576,0.0000
14.0680,23.0355,0.0000
14.0720,23.0355,0.0000
14.0760,23.0355,0.0000
14.0800,20.9364,0.0000
14.0840,19.9641,0.0000
14.0880,19.9641,0.0000
14.0920,19.9641,0.0000
14.0960,19.9641,0.0000
14.1000,19.9641,0.0000
14.1040,17.6489,0.0000
14.1080,17.3023,0.0000
14.1120,17.3023,0.0000
14.1160,17.3023,0.0000
14.1200,17.3023,0.0000
14.1240,15.5762,0.0000
14.1280,14.9953,0.0000
14.1320,14.9953,0.0000
14.1360,14.9953,0.0000
14.1400,14.9953,0.0000
14.1440,13.3929,0.0000
14.1480,12.9959,0.0000
14.1520,12.9959,0.0000
14.1560,12.9959,0.0000
14.1600,12.9959,0.0000
14.1640,11.5647,0.0000
14.1680,11.2631,0.0000
14.1720,11.2631,0.0000
14.1760,11.2631,0.0000
14.1800,11.2631,0.0000
14.1840,9.9895,0.0000
14.1880,9.7614,0.0000
14.1920,9.7614,0.0000
14.1960,9.7614,0.0000
14.2000,9.7614,0.0000
14.2040,8.7404,0.0000
14.2080,8.4598,0.0000
14.2120,8.4599,0.0000
14.2160,8.4598,0.0000
14.2200,8.4599,0.0000
14.2240,8.4599,0.0000
14.2280,8.4599,0.0000
14.2320,8.4599,0.0000
14.2360,8.4599,0.0000
14.2400,8.4599,0.0000
14.2440,7.8116,0.0000
14.2480,7.3319,0.0000
14.2520,7.3319,0.0000
14.2560,7.3319,0.0000
14.2600,7.3319,0.0000
14.2640,7.3319,0.0000
14.2680,6.9908,0.0000
14.2720,6.8755,0.0000
14.2760,6.8755,0.0000
14.2800,6.8755,0.0000
14.2840,6.8755,0.0000
14.2880,6.8755,0.0000
14.2920,6.8755,0.0000
14.2960,6.8755,0.0000
14.3000,6.8755,0.0000
14.3040,6.8755,0.0000
14.3080,6.8755,0.0000
14.3120,6.8755,0.0000
14.3160,6.8755,0.0000
14.3200,6.8755,0.0000
14.3240,6.8755,0.0000
14.3280,6.8755,0.0000
14.3320,6.8755,0.0000
14.3360,6.8756,0.0000
14.3400,6.8755,0.0000
14.3440,6.8756,0.0000
14.3480,6.8755,0.0000
14.3520,6.8756,0.0000
14.3560,6.8755,0.0000
14.3600,6.8756,0.0000
14.3640,6.8755,0.0000
14.3680,6.8756,0.0000
14.3720,6.8754,0.0000
14.3760,6.8756,0.0000
14.3800,6.8755,0.0000
14.3840,6.8756,0.0000
14.3880,6.8754,0.0000
14.3920,6.8756,0.0000
14.3960,6.8755,0.0000
14.4000,6.8756,0.0000
14.4040,6.8754,0.0000
14.4080,6.8756,0.0000
14.4120,6.8754,0.0000
14.4160,6.8756,0.0000
14.4200,6.8754,0.0000
14.4240,6.8756,0.0000
14.4280,6.8755,0.0000
14.4320,6.8756,0.0000
14.4360,6.8754,0.0000
14.4400,6.8756,0.0000
14.4440,6.8755,0.0000
14.4480,6.8756,0.0000
14.4520,6.8755,0.0000
14.4560,6.8756,0.0000
14.4600,6.8755,0.0000
14.4640,6.8756,0.0000
14.4680,6.8754,0.0000
14.4720,6.8756,0.0000
14.4760,6.8755,0.0000
14.4800,6.8756,0.0000
14.4840,6.8755,0.0000
14.4880,6.8756,0.0000
14.4920,6.8754,0.0000
14.4960,6.8756,0.0000
14.5000,6.8754,0.0000
14.5040,6.8756,0.0000
14.5080,6.8754,0.0000
14.5120,6.8756,0.0000
14.5160,6.8754,0.0000
14.5200,6.8756,0.0000
14.5240,6.8755,0.0000
14.5280,6.8756,0.0000
14.5320,6.8754,0.0000
14.5360,6.8756,0.0000
14.5400,6.8754,0.0000
14.5440,6.8756,0.0000
14.5480,6.8754,0.0000
14.5520,6.8756,0.0000
14.5560,6.8754,0.0000
14.5600,6.8756,0.0000
14.5640,6.8754,0.0000
14.5680,6.8756,0.0000
14.5720,6.8755,0.0000
14.5760,6.8756,0.0000
14.5800,6.8755,0.0000
14.5840,6.8756,0.0000
14.5880,6.8755,0.0000
14.5920,6.8756,0.0000
14.5960,6.8754,0.0000
14.6000,6.8756,0.0000
14.6040,6.8754,0.0000
14.6080,6.8756,0.0000
14.6120,6.8754,0.0000
14.6160,6.8756,0.0000
14.6200,6.8754,0.0000
14.6240,6.8756,0.0000
14.6280,6.8754,0.0000
14.6320,6.8756,0.0000
14.6360,6.8754,0.0000
14.6400,6.8756,0.0000
14.6440,6.8754,0.0000
14.6480,6.8756,0.0000
14.6520,6.8755,0.3299
14.6560,6.8756,0.8120
14.6600,6.8754,1.1921
14.6640,6.8756,1.1921
14.6680,6.8755,1.9920
14.6720,6.8756,2.6768
14.6760,6.8754,3.3947
14.6800,6.8755,4.2655
14.6840,6.8755,4.7076
14.6880,6.8755,5.5843
14.6920,6.8755,6.2504
14.6960,6.8756,6.7438
14.7000,6.8754,7.4341
14.7040,6.8755,8.8074
14.7080,6.8755,9.3999
14.7120,6.8756,9.8139
14.7160,6.8754,10.1325
14.7200,6.8755,10.4581
14.7240,6.8755,11.9069
14.7280,6.8755,12.7937
14.7320,6.8754,13.4342
14.7360,6.8756,13.9262
14.7400,6.8755,14.5137
14.7440,6.8755,15.5069
14.7480,6.8755,15.9474
14.7520,6.8755,16.7844
14.7560,6.8754,17.5320
14.7600,6.8755,18.0146
14.7640,6.8755,18.5264
14.7680,6.8756,19.4306
14.7720,6.8754,20.0467
14.7760,6.8756,20.7684
14.7800,6.8755,21.6649
14.7840,6.8755,22.6363
14.7880,6.8755,23.1095
14.7920,8.3750,23.9423
14.7960,8.6189,24.6607
14.8000,8.6190,25.1237
14.8040,8.6189,25.6589
14.8080,8.6190,26.5324
14.8120,10.4169,27.1442
14.8160,10.8870,27.4514
14.8200,10.8869,28.7683
14.8240,10.8870,29.2395
14.8280,10.8869,29.6838
14.8320,12.9775,30.9082
14.8360,13.3294,31.8589
14.8400,13.3294,32.3369
14.8440,13.3294,32.7928
14.8480,13.3294,33.7363
14.8520,15.4636,34.3338
14.8560,15.9230,35.0866
14.8600,15.9230,35.9158
14.8640,15.9230,36.3770
14.8680,15.9230,36.8326
14.8720,18.1920,37.6842
14.8760,18.6476,38.4122
14.8800,18.6476,39.0581
14.8840,18.6476,39.9647
14.8880,18.6476,40.4306
14.8920,20.9813,40.9029
14.8960,21.4858,41.6544
14.9000,21.4858,42.3179
14.9040,21.4858,42.3539
14.9080,21.4858,43.2703
14.9120,23.8120,44.5894
14.9160,24.2634,45.4027
14.9200,24.2634,46.2430
14.9240,24.2634,47.1408
14.9280,24.2634,47.5848
14.9320,26.7377,48.0689
14.9360,27.3064,48.8276
14.9400,27.3064,49.4702
14.9440,27.3064,49.5730
14.9480,27.3064,50.4364
14.9520,29.8552,51.0573
14.9560,30.2616,51.5425
14.9600,30.2616,52.1569
14.9640,30.2616,53.0829
14.9680,30.2616,53.5788
14.9720,32.7852,53.6424
14.9760,33.2996,54.7553
14.9800,33.2996,56.2135
14.9840,33.2996,56.7876
14.9880,33.2996,57.5833
14.9920,35.9510,58.2049
14.9960,36.4093,58.4106
15.0000,36.4093,58.9542
15.0040,36.4093,60.2463
15.0080,36.4093,60.7411
15.0120,39.0609,61.5930
15.0160,39.5812,62.2647
15.0200,39.5812,62.7751
15.0240,39.5812,63.2957
15.0280,39.5812,64.0619
15.0320,42.2526,64.7386
15.0360,42.7276,65.2764
15.0400,42.7276,65.9548
15.0440,42.7276,66.7550
15.0480,42.7276,66.7550
15.0520,45.3256,66.7550
15.0560,45.9312,67.3381
15.0600,45.9312,67.9470
15.0640,45.9312,67.9470
15.0680,45.9312,67.9470
15.0720,48.3872,67.9470
15.0760,48.8666,67.9470
15.0800,48.8666,67.9470
15.0840,48.8666,67.9470
15.0880,48.8666,67.9470
15.0920,50.9204,67.9470
15.0960,51.4107,67.9470
15.1000,51.4107,67.9470
15.1040,51.4107,67.9470
15.1080,51.4107,67.9470
15.1120,53.2831,67.9470
15.1160,53.6155,67.9470
15.1200,53.6155,67.9470
15.1240,53.6155,67.9470
15.1280,53.6155,67.9470
15.1320,55.0547,67.9470
15.1360,55.5264,67.9470
15.1400,55.5264,67.9470
15.1440,55.5264,67.9470
15.1480,55.5264,67.9470
15.1520,55.5264,67.9470
15.1560,56.9320,67.9470
15.1600,57.1825,67.9470
15.1640,57.1825,67.9470
15.1680,57.1825,67.9470
15.1720,57.2793,67.9470
15.1760,57.2957,67.9470
15.1800,57.2958,67.9470
15.1840,57.2957,67.9470
15.1880,57.2959,67.9470
15.1920,57.2959,67.9470
15.1960,57.2959,67.9470
15.2000,57.2959,67.9470
15.2040,57.2959,67.9470
15.2080,57.2959,67.9470
15.2120,57.2959,67.9470
15.2160,57.2959,67.9470
15.2200,57.2959,67.9470
15.2240,57.2959,67.9470
15.2280,57.2959,67.9470
15.2320,57.2959,67.9470
15.2360,57.2958,67.9470
15.2400,57.2958,67.9470
15.2440,57.2956,67.9470
15.2480,57.2959,67.9470
15.2520,57.2958,67.9470
15.2560,57.2958,67.9470
15.2600,57.2956,67.9470
15.2640,57.2957,67.9470
15.2680,57.2956,67.9470
15.2720,57.2957,67.9470
15.2760,57.2956,67.9470
15.2800,57.2957,67.9470
15.2840,57.2956,67.9470
15.2880,57.2958,67.9470
15.2920,57.2955,67.9470
15.2960,57.2958,67.9470
15.3000,57.2956,67.9470
15.3040,57.2958,67.9470
15.3080,57.2955,67.9470
15.3120,57.2958,67.9470
15.3160,57.2956,67.9470
15.3200,57.2957,67.9470
15.3240,57.2955,67.9470
15.3280,57.2958,67.9470
15.3320,57.2956,67.9470
15.3360,57.2958,67.9470
15.3400,57.2955,67.9470
15.3440,57.2958,67.9470
15.3480,57.2956,67.9470
15.3520,57.2958,67.9470
15.3560,57.2955,67.9470
15.3600,57.2958,67.9470
15.3640,57.2956,67.9470
15.3680,57.2958,67.9470
15.3720,57.2955,67.9470
15.3760,57.2958,67.9470
15.3800,57.2956,67.9470
15.3840,57.2958,67.9470
15.3880,57.2955,67.9470
15.3920,57.2958,67.9470
15.3960,57.2956,67.9470
15.4000,57.2958,67.9470
15.4040,57.2955,67.9470
15.4080,57.2958,67.9470
15.4120,57.2956,67.9470
15.4160,57.2958,67.9470
15.4200,57.2955,67.9470
15.4240,57.2958,67.9470
15.4280,57.2956,67.9470
15.4320,57.2958,67.9470
15.4360,57.2956,67.9470
15.4400,57.2958,67.9470
15.4440,57.2956,67.9470
15.4480,57.2958,67.9470
15.4520,57.2955,67.9470
15.4560,57.2958,67.9470
15.4600,57.2956,67.3025
15.4640,57.2957,66.7550
15.4680,57.2956,66.7550
15.4720,57.2958,66.7550
15.4760,57.2956,66.1480
15.4800,57.2958,65.1103
15.4840,57.2955,64.1732
15.4880,57.2958,63.6230
15.4920,57.2956,62.6713
15.4960,57.2958,61.7270
15.5000,57.2955,61.0788
15.5040,57.2958,60.4088
15.5080,57.2956,59.5410
15.5120,57.2957,59.0875
15.5160,57.2955,58.4627
15.5200,57.2958,57.1892
15.5240,57.2956,56.4178
15.5280,57.2958,55.8543
15.5320,57.2955,54.9324
15.5360,57.2959,54.4235
15.5400,57.2955,53.9357
15.5440,57.2958,53.2416
15.5480,57.2955,52.3701
15.5520,57.2959,51.8928
15.5560,57.2955,50.9744
15.5600,57.2959,50.0233
15.5640,57.2955,49.2797
15.5680,57.2959,48.7652
15.5720,57.2956,47.7998
15.5760,57.2959,47.3201
15.5800,57.2957,46.8672
15.5840,57.2959,46.0670
15.5880,57.2957,44.6189
15.5920,57.2959,44.1478
15.5960,57.2957,43.2311
15.6000,57.2959,42.5853
15.6040,57.2957,42.0895
15.6080,57.2959,41.4958
15.6120,57.2957,40.6505
15.6160,56.8782,40.1181
15.6200,56.7742,39.6097
15.6240,56.7743,38.8941
15.6280,56.7742,38.0575
15.6320,56.7744,37.5822
15.6360,54.7623,36.1895
15.6400,54.2905,35.4099
15.6440,54.2904,34.9287
15.6480,54.2905,34.3609
15.6520,54.2904,33.4484
15.6560,52.2667,32.9496
15.6600,51.6610,32.4571
15.6640,51.6610,31.7420
15.6680,51.6610,30.7852
15.6720,51.6610,29.8116
15.6760,51.6610,28.9711
15.6800,49.4677,28.3161
15.6840,48.7464,27.8211
15.6880,48.7464,27.2334
15.6920,48.7464,25.8486
15.6960,46.6194,25.2016
15.7000,45.9025,24.7011
15.7040,45.9025,24.4371
15.7080,45.9025,24.0440
15.7120,45.9025,22.7176
15.7160,43.6056,21.5879
15.7200,43.0405,21.0920
15.7240,43.0405,20.6219
15.7280,43.0405,20.0537
15.7320,43.0405,19.0714
15.7360,43.0405,18.5968
15.7400,40.5051,17.7439
15.7440,39.8448,17.0361
15.7480,39.8448,16.4328
15.7520,39.8448,15.4448
15.7560,39.8448,14.5704
15.7600,37.2935,13.9468
15.7640,36.5984,13.1858
15.7680,36.5984,12.3648
15.7720,36.5984,11.8835
15.7760,36.5984,11.4403
15.7800,34.1130,10.6182
15.7840,33.3080,9.6350
15.7880,33.3080,8.9404
15.7920,33.3080,8.9404
15.7960,33.3080,8.9404
15.8000,30.7562,7.8203
15.8040,30.0590,6.3961
15.8080,30.0590,5.2421
15.8120,30.0590,4.8125
15.8160,27.6690,4.5037
15.8200,26.7663,3.4279
15.8240,26.7663,2.4443
15.8280,26.7663,1.4537
15.8320,26.7663,0.5546
15.8360,26.7663,0.0654
15.8400,24.0184,0.0000
15.8440,23.2770,0.0000
15.8480,23.2770,0.0000
15.8520,23.2770,0.0000
15.8560,23.2770,0.0000
15.8600,20.8416,0.0000
15.8640,20.1734,0.0000
15.8680,20.1734,0.0000
15.8720,20.1734,0.0000
15.8760,20.1734,0.0000
15.8800,18.1051,0.0000
15.8840,17.4836,0.0000
15.8880,17.4836,0.0000
15.8920,17.4836,0.0000
15.8960,17.4836,0.0000
15.9000,15.8061,0.0000
15.9040,15.1524,0.0000
15.9080,15.1524,0.0000
15.9120,15.1524,0.0000
15.9160,13.7405,0.0000
15.9200,13.1321,0.0000
15.9240,13.1321,0.0000
15.9280,13.1321,0.0000
15.9320,13.1321,0.0000
15.9360,13.1321,0.0000
15.9400,11.8129,0.0000
15.9440,11.3812,0.0000
15.9480,11.3812,0.0000
15.9520,11.3812,0.0000
15.9560,11.3812,0.0000
15.9600,11.3812,0.0000
15.9640,10.2077,0.0000
15.9680,9.8637,0.0000
15.9720,9.8637,0.0000
15.9760,9.8637,0.0000
15.9800,9.8637,0.0000
15.9840,8.8597,0.0000
15.9880,8.5485,0.0000
15.9920,8.5485,0.0000
15.9960,8.5485,0.0000
16.0000,7.7125,0.0000
16.0040,7.4087,0.0000
16.0080,7.4087,0.0000
16.0120,7.4087,0.0000
16.0160,7.4087,0.0000
16.0200,7.4087,0.0000
16.0240,6.9930,0.0000
16.0280,6.8755,0.0000
16.0320,6.8755,0.0000
16.0360,6.8755,0.0000
16.0400,6.8755,0.0000
16.0440,6.8755,0.0000
16.0480,6.8755,0.0000
16.0520,6.8755,0.0000
16.0560,6.8755,0.0000
16.0600,6.8755,0.0000
16.0640,6.8755,0.0000
16.0680,6.8755,0.0000
16.0720,6.8755,0.0000
16.0760,6.8756,0.0000
16.0800,6.8755,0.0000
16.0840,6.8755,0.0000
16.0880,6.8755,0.0000
16.0920,6.8756,0.0000
16.0960,6.8754,0.0000
16.1000,6.8755,0.0000
16.1040,6.8755,0.0000
16.1080,6.8756,0.0000
16.1120,6.8754,0.0000
16.1160,6.8756,0.0000
16.1200,6.8755,0.0000
16.1240,6.8755,0.0000
16.1280,6.8755,0.0000
16.1320,6.8756,0.0000
16.1360,6.8755,0.0000
16.1400,6.8756,0.0000
16.1440,6.8755,0.0000
16.1480,6.8756,0.0000
16.1520,6.8754,0.0000
16.1560,6.8756,0.0000
16.1600,6.8755,0.0000
16.1640,6.8756,0.0000
16.1680,6.8754,0.0000
16.1720,6.8756,0.0000
16.1760,6.8754,0.0000
16.1800,6.8756,0.0000
16.1840,6.8754,0.0000
16.1880,6.8756,0.0000
16.1920,6.8754,0.0000
16.1960,6.8756,0.0000
16.2000,6.8755,0.0000
16.2040,6.8756,0.0000
16.2080,6.8754,0.0000
16.2120,6.8756,0.0000
16.2160,6.8754,0.0000
16.2200,6.8756,0.0000
16.2240,6.8755,0.0000
16.2280,6.8756,0.0000
16.2320,6.8754,0.0000
16.2360,6.8756,0.0000
16.2400,6.8754,0.0000
16.2440,6.8756,0.0000
16.2480,6.8755,0.0000
16.2520,6.8755,0.0000
16.2560,6.8755,0.0000
16.2600,6.8756,0.0000
16.2640,6.8755,0.0000
16.2680,6.8756,0.0000
16.2720,6.8755,0.0000
16.2760,6.8756,0.0000
16.2800,6.8754,0.0000
16.2840,6.8756,0.0000
16.2880,6.8755,0.0000
16.2920,6.8756,0.0000
16.2960,6.8755,0.0000
16.3000,6.8756,0.0000
16.3040,6.8755,0.0000
16.3080,6.8756,0.0000
16.3120,6.8754,0.0000
16.3160,6.8756,0.0000
16.3200,6.8755,0.0000
16.3240,6.8756,0.0000
16.3280,6.8754,0.0000
16.3320,6.8756,0.0000
16.3360,6.8754,0.0000
16.3400,6.8756,0.0000
16.3440,6.8755,0.0000
16.3480,6.8756,0.0000
16.3520,6.8755,0.0000
16.3560,6.8756,0.0000
16.3600,6.8755,0.0000
16.3640,6.8756,0.0000
16.3680,6.8755,0.0000
16.3720,6.8756,0.0000
16.3760,6.8754,0.0000
16.3800,6.8756,0.0000
16.3840,6.8755,0.0000
16.3880,6.8756,0.0000
16.3920,6.8754,0.0000
16.3960,6.8756,0.0000
16.4000,6.8754,0.0000
16.4040,6.8756,0.0000
16.4080,6.8755,0.0000
16.4120,6.8756,0.0000
16.4160,6.8755,0.0000
16.4200,6.8756,0.0000
16.4240,6.8755,0.0000
16.4280,6.8756,0.0000
16.4320,6.8754,0.0000
16.4360,6.8756,0.0000
16.4400,6.8755,0.0000
16.4440,6.8755,0.0000
16.4480,6.8755,0.0000
16.4520,6.8756,0.0000
16.4560,6.8754,0.0000
16.4600,6.8756,0.0000
16.4640,6.8755,0.0000
16.4680,6.8756,0.0000
16.4720,6.8755,0.0000
16.4760,6.8756,0.0000
16.4800,6.8755,0.0000
16.4840,6.8755,0.0000
16.4880,6.8755,0.0000
16.4920,6.8756,0.0000
16.4960,6.8755,0.0000
16.5000,6.8755,0.0000
16.5040,6.8755,0.0000
16.5080,6.8756,0.2964
16.5120,6.8755,0.5960
16.5160,6.8755,0.8521
16.5200,6.8754,2.3910
16.5240,6.8755,2.8279
16.5280,6.8755,3.2965
16.5320,6.8755,3.9842
16.5360,6.8755,4.9510
16.5400,6.8755,5.9402
16.5440,6.8755,6.8241
16.5480,6.8755,7.4706
16.5520,6.8755,7.9667
16.5560,6.8755,8.5469
16.5600,6.8755,9.4765
16.5640,6.8755,9.9784
16.5680,6.8755,10.1325
16.5720,6.8755,10.7976
16.5760,6.8755,12.1091
16.5800,6.8755,13.0721
16.5840,6.8755,14.0222
16.5880,6.8755,14.6334
16.5920,6.8755,15.1183
16.5960,6.8755,15.7349
16.6000,6.8755,16.6715
16.6040,6.8755,17.1403
16.6080,6.8755,17.9357
16.6120,6.8755,18.7028
16.6160,6.8755,19.2095
16.6200,6.8755,19.6729
16.6240,6.8755,20.6321
16.6280,7.1918,21.2204
16.6320,7.2957,21.6966
16.6360,7.2957,22.4256
16.6400,7.2957,23.8505
16.6440,7.2957,24.3356
16.6480,9.0661,25.2115
16.6520,9.5018,25.8975
16.6560,9.5017,26.3568
16.6600,9.5018,26.7960
16.6640,11.1753,27.6777
16.6680,11.7315,28.3408
16.6720,11.7315,28.8579
16.6760,11.7315,29.6692
16.6800,11.7315,31.0245
16.6840,11.7316,31.4517
16.6880,13.7717,32.2780
16.6920,14.2998,33.0301
16.6960,14.2998,33.3775
16.7000,14.2998,33.3837
16.7040,14.2998,34.6909
16.7080,16.1671,35.4709
16.7120,16.8435,35.7616
16.7160,16.8435,37.0842
16.7200,16.8435,37.5352
16.7240,16.8435,38.0102
16.7280,18.7372,38.8575
16.7320,19.6043,39.5922
16.7360,19.6043,40.0783
16.7400,19.6043,40.5738
16.7440,19.6043,41.5477
16.7480,21.7715,42.1002
16.7520,22.3944,42.8072
16.7560,22.3944,43.6372
16.7600,22.3944,44.1951
16.7640,22.3944,45.0276
16.7680,24.6886,46.0455
16.7720,25.2892,46.4901
16.7760,25.2892,47.0158
16.7800,25.2892,48.2781
16.7840,25.2892,48.2781
16.7880,27.3672,49.0213
16.7920,28.3544,49.9457
16.7960,28.3544,50.7792
16.8000,28.3544,51.2726
16.8040,28.3544,51.7799
16.8080,30.6117,52.2199
16.8120,31.4083,52.8988
16.8160,31.4083,53.9375
16.8200,31.4083,54.8522
16.8240,31.4083,55.3801
16.8280,31.4083,55.8329
16.8320,33.9295,56.5940
16.8360,34.6112,57.4016
16.8400,34.6112,57.9544
16.8440,34.6112,58.9098
16.8480,36.9040,59.3922
16.8520,37.7050,59.8833
16.8560,37.7050,60.5861
16.8600,37.7050,61.4965
16.8640,37.7050,62.4401
16.8680,40.1654,62.9860
16.8720,40.8631,63.7683
16.8760,40.8631,64.5465
16.8800,40.8631,64.9985
16.8840,40.8631,65.5226
16.8880,40.8631,66.4535
16.8920,43.5058,66.7550
16.8960,44.1564,66.7550
16.9000,44.1564,66.9316
16.9040,44.1564,67.8612
16.9080,44.1564,67.9470
16.9120,46.5202,67.9470
16.9160,47.3285,67.9470
16.9200,47.3285,67.9470
16.9240,47.3285,67.9470
16.9280,47.3285,67.9470
16.9320,49.4583,67.9470
16.9360,50.0776,67.9470
16.9400,50.0776,67.9470
16.9440,50.0776,67.9470
16.9480,51.8624,67.9470
16.9520,52.4602,67.9470
16.9560,52.4602,67.9470
16.9600,52.4602,67.9470
16.9640,52.4602,67.9470
16.9680,54.0765,67.9470
16.9720,54.5251,67.9470
16.9760,54.5251,67.9470
16.9800,54.5251,67.9470
16.9840,54.5251,67.9470
16.9880,54.5251,67.9470
16.9920,55.9886,67.9470
16.9960,56.3147,67.9470
17.0000,56.3147,67.9470
17.0040,56.3147,67.9470
17.0080,56.3147,67.9470
17.0120,57.1101,67.9470
17.0160,57.2959,67.9470
17.0200,57.2959,67.9470
17.0240,57.2959,67.9470
17.0280,57.2959,67.9470
17.0320,57.2959,67.9470
17.0360,57.2959,67.9470
17.0400,57.2959,67.9470
17.0440,57.2959,67.9470
17.0480,57.2959,67.9470
17.0520,57.2959,67.9470
17.0560,57.2959,67.9470
17.0600,57.2959,67.9470
17.0640,57.2959,67.9470
17.0680,57.2959,67.9470
17.0720,57.2959,67.9470
17.0760,57.2959,67.9470
17.0800,57.2955,67.9470
17.0840,57.2956,67.9470
17.0880,57.2959,67.9470
17.0920,57.2954,67.9470
17.0960,57.2958,67.9470
17.1000,57.2956,67.9470
17.1040,57.2958,67.9470
17.1080,57.2954,67.9470
17.1120,57.2959,67.9470
17.1160,57.2956,67.9470
17.1200,57.2958,67.9470
17.1240,57.2955,67.9470
17.1280,57.2959,67.9470
17.1320,57.2955,67.9470
17.1360,57.2958,67.9470
17.1400,57.2955,67.9470
17.1440,57.2959,67.9470
17.1480,57.2955,67.9470
17.1520,57.2958,67.9470
17.1560,57.2955,67.9470
17.1600,57.2958,67.9470
17.1640,57.2956,67.9470
17.1680,57.2958,67.9470
17.1720,57.2955,67.9470
17.1760,57.2958,67.9470
17.1800,57.2956,67.9470
17.1840,57.2958,67.9470
17.1880,57.2955,67.9470
17.1920,57.2958,67.9470
17.1960,57.2956,67.9470
17.2000,57.2958,67.9470
17.2040,57.2955,67.9470
17.2080,57.2958,67.9470
17.2120,57.2956,67.9470
17.2160,57.2957,67.9470
17.2200,57.2955,67.9470
17.2240,57.2958,67.9470
17.2280,57.2956,67.9470
17.2320,57.2957,67.9470
17.2360,57.2956,67.9470
17.2400,57.2958,67.9470
17.2440,57.2956,67.9470
17.2480,57.2957,67.9470
17.2520,57.2955,67.9470
17.2560,57.2958,67.9470
17.2600,57.2956,67.9470
17.2640,57.2957,67.9470
17.2680,57.2956,67.9470
17.2720,57.2958,67.9470
17.2760,57.2956,67.9470
17.2800,57.2957,67.9470
17.2840,57.2956,67.9247
17.2880,57.2958,66.8860
17.2920,57.2956,66.7550
17.2960,57.2957,66.4723
17.3000,57.2956,64.8524
17.3040,57.2957,64.3193
17.3080,57.2956,63.9182
17.3120,57.2957,63.3406
17.3160,57.2956,62.2747
17.3200,57.2958,61.6324
17.3240,57.2956,60.7651
17.3280,57.2957,59.7394
17.3320,57.2956,59.1777
17.3360,57.2957,58.3762
17.3400,57.2957,57.6324
17.3440,57.2958,57.1943
17.3480,57.2956,56.6682
17.3520,57.2958,55.8854
17.3560,57.2956,54.9844
17.3600,57.2959,53.9868
17.3640,57.2956,53.0552
17.3680,57.2958,52.5154
17.3720,57.2956,52.0219
17.3760,57.2958,51.2333
17.3800,57.2956,50.4656
17.3840,57.2958,49.9761
17.3880,57.2956,49.5129
17.3920,57.2958,48.6551
17.3960,57.2956,48.0165
17.4000,57.2959,47.2790
17.4040,57.2957,45.8420
17.4080,57.2958,45.3745
17.4120,57.2957,44.9545
17.4160,57.2958,44.0746
17.4200,57.2957,43.3231
17.4240,57.2958,42.7858
17.4280,57.2957,41.8288
17.4320,57.2958,41.2864
17.4360,57.2957,40.5665
17.4400,57.0566,39.6755
17.4440,56.5220,38.6784
17.4480,56.5220,38.2080
17.4520,56.5220,37.7283
17.4560,56.5220,36.9325
17.4600,55.5846,36.1708
17.4640,53.9924,35.6207
17.4680,53.9924,34.0940
17.4720,53.9924,33.5230
17.4760,53.9924,33.0778
17.4800,53.3725,32.4859
17.4840,51.2437,31.5532
17.4880,51.2437,31.0619
17.4920,51.2437,30.5502
17.4960,51.2437,29.7697
17.5000,50.4138,29.0258
17.5040,48.4642,28.4015
17.5080,48.4642,26.9833
17.5120,48.4642,26.3726
17.5160,48.4642,25.9039
17.5200,47.5791,25.2637
17.5240,45.4990,24.3525
17.5280,45.4990,23.8147
17.5320,45.4990,22.8969
17.5360,45.4990,22.2996
17.5400,44.4214,21.8503
17.5440,42.4523,21.3572
17.5480,42.4523,19.6734
17.5520,42.4523,19.1817
17.5560,42.4523,18.7123
17.5600,41.1053,18.1086
17.5640,39.3351,17.3610
17.5680,39.3351,16.6335
17.5720,39.3351,15.7451
17.5760,39.3351,15.2190
17.5800,38.3192,14.7980
17.5840,36.1566,14.1353
17.5880,36.1566,13.1020
17.5920,36.1566,12.6069
17.5960,36.1566,11.4581
17.6000,35.0843,10.5158
17.6040,33.0046,10.0346
17.6080,33.0046,9.5764
17.6120,33.0046,8.5929
17.6160,33.0046,7.9954
17.6200,31.7147,7.5196
17.6240,29.7166,6.9082
17.6280,29.7166,5.9611
17.6320,29.7166,5.4771
17.6360,29.7166,4.2928
17.6400,28.3220,3.3419
17.6440,26.4696,2.8595
17.6480,26.4696,2.3590
17.6520,26.4696,1.3720
17.6560,26.4696,0.8335
17.6600,25.2836,0.3772
17.6640,23.0993,0.0000
17.6680,23.0993,0.0000
17.6720,23.0993,0.0000
17.6760,23.0993,0.0000
17.6800,21.7037,0.0000
17.6840,20.0194,0.0000
17.6880,20.0194,0.0000
17.6920,20.0194,0.0000
17.6960,20.0194,0.0000
17.7000,18.9156,0.0000
17.7040,17.3501,0.0000
17.7080,17.3501,0.0000
17.7120,17.3501,0.0000
17.7160,17.3501,0.0000
17.7200,17.3501,0.0000
17.7240,15.0368,0.0000
17.7280,15.0368,0.0000
17.7320,15.0368,0.0000
17.7360,15.0368,0.0000
17.7400,14.1569,0.0000
17.7440,13.0319,0.0000
17.7480,13.0319,0.0000
17.7520,13.0319,0.0000
17.7560,13.0319,0.0000
17.7600,12.3145,0.0000
17.7640,11.2943,0.0000
17.7680,11.2943,0.0000
17.7720,11.2943,0.0000
17.7760,11.2943,0.0000
17.7800,11.2943,0.0000
17.7840,10.6030,0.0000
17.7880,9.7884,0.0000
17.7920,9.7884,0.0000
17.7960,9.7884,0.0000
17.8000,9.1875,0.0000
17.8040,8.4833,0.0000
17.8080,8.4833,0.0000
17.8120,8.4833,0.0000
17.8160,8.4833,0.0000
17.8200,8.0369,0.0000
17.8240,7.3522,0.0000
17.8280,7.3522,0.0000
17.8320,7.3522,0.0000
17.8360,7.3522,0.0000
17.8400,7.3522,0.0000
17.8440,7.1264,0.0000
17.8480,6.8755,0.0000
17.8520,6.8755,0.0000
17.8560,6.8755,0.0000
17.8600,6.8755,0.0000
17.8640,6.8755,0.0000
17.8680,6.8755,0.0000
17.8720,6.8755,0.0000
17.8760,6.8755,0.0000
17.8800,6.8755,0.0000
17.8840,6.8755,0.0000
17.8880,6.8755,0.0000
17.8920,6.8755,0.0000
17.8960,6.8755,0.0000
17.9000,6.8755,0.0000
17.9040,6.8755,0.0000
17.9080,6.8755,0.0000
17.9120,6.8755,0.0000
17.9160,6.8755,0.0000
17.9200,6.8755,0.0000
17.9240,6.8755,0.0000
17.9280,6.8755,0.0000
17.9320,6.8755,0.0000
17.9360,6.8755,0.0000
17.9400,6.8755,0.0000
17.9440,6.8755,0.0000
17.9480,6.8755,0.0000
17.9520,6.8755,0.0000
17.9560,6.8755,0.0000
17.9600,6.8755,0.0000
17.9640,6.8755,0.0000
17.9680,6.8755,0.0000
17.9720,6.8755,0.0000
17.9760,6.8755,0.0000
17.9800,6.8755,0.0000
17.9840,6.8755,0.0000
17.9880,6.8755,0.0000
17.9920,6.8755,0.0000
17.9960,6.8755,0.0000
18.0000,6.8755,0.0000
18.0040,6.8755,0.0000
18.0080,6.8755,0.0000
18.0120,6.8755,0.0000
18.0160,6.8755,0.0000
18.0200,6.8755,0.0000
18.0240,6.8755,0.0000
18.0280,6.8755,0.0000
18.0320,6.8755,0.0000
18.0360,6.8755,0.0000
18.0400,6.8755,0.0000
18.0440,6.8755,0.0000
18.0480,6.8755,0.0000
18.0520,6.8755,0.0000
18.0560,6.8755,0.0000
18.0600,6.8755,0.0000
18.0640,6.8755,0.0000
18.0680,6.8755,0.0000
18.0720,6.8755,0.0000
18.0760,6.8755,0.0000
18.0800,6.8755,0.0000
18.0840,6.8755,0.0000
18.0880,6.8755,0.0000
18.0920,6.8755,0.0000
18.0960,6.8755,0.0000
18.1000,6.8755,0.0000
18.1040,6.8755,0.0000
18.1080,6.8755,0.0000
18.1120,6.8755,0.0000
18.1160,6.8755,0.0000
18.1200,6.8755,0.0000
18.1240,6.8755,0.0000
18.1280,6.8755,0.0000
18.1320,6.8755,0.0000
18.1360,6.8755,0.0000
18.1400,6.8755,0.0000
18.1440,6.8755,0.0000
18.1480,6.8755,0.0000
18.1520,6.8755,0.0000
18.1560,6.8755,0.0000
18.1600,6.8755,0.0000
18.1640,6.8755,0.0000
18.1680,6.8755,0.0000
18.1720,6.8755,0.0000
18.1760,6.8755,0.0000
18.1800,6.8755,0.0000
18.1840,6.8755,0.0000
18.1880,6.8755,0.0000
18.1920,6.8755,0.0000
18.1960,6.8755,0.0000
18.2000,6.8755,0.0000
18.2040,6.8755,0.0000
18.2080,6.8755,0.0000
18.2120,6.8755,0.0000
18.2160,6.8755,0.0000
18.2200,6.8755,0.0000
18.2240,6.8755,0.0000
18.2280,6.8755,0.0000
18.2320,6.8755,0.0000
18.2360,6.8755,0.0000
18.2400,6.8755,0.0000
18.2440,6.8755,0.0000
18.2480,6.8755,0.0000
18.2520,6.8755,0.0000
18.2560,6.8755,0.0000
18.2600,6.8755,1.1775
18.2640,6.8755,2.0174
18.2680,6.8755,2.4780
18.2720,6.8755,3.1192
18.2760,6.8755,4.0366
18.2800,6.8755,4.5812
18.2840,6.8755,5.3661
18.2880,6.8755,6.1457
18.2920,6.8755,6.6207
18.2960,6.8755,7.1180
18.3000,6.8755,8.0206
18.3040,6.8755,8.9205
18.3080,6.8755,9.8059
18.3120,6.8755,10.7868
18.3160,6.8755,11.2709
18.3200,6.8755,11.7395
18.3240,6.8755,12.5086
18.3280,6.8755,13.2882
18.3320,6.8755,13.7637
18.3360,6.8755,14.2605
18.3400,6.8755,15.1680
18.3440,6.8755,15.7907
18.3480,6.8755,16.5995
18.3520,6.8755,17.9624
18.3560,6.8755,18.4478
18.3600,6.8755,18.8598
18.3640,6.8755,19.5922
18.3680,6.8755,20.4569
18.3720,6.8755,20.9588
18.3760,6.8755,21.4611
18.3800,6.8755,22.3434
18.3840,6.8755,22.9506
18.3880,7.6597,23.6071
18.3920,8.4998,24.5023
18.3960,8.4999,24.8852
18.4000,8.4998,25.3741
18.4040,8.4999,25.8334
18.4080,8.5528,26.2111
18.4120,10.6662,27.5629
18.4160,12.7737,28.6558
18.4200,12.7738,29.3331
18.4240,12.7737,29.6536
18.4280,14.0544,30.5071
18.4320,14.9646,31.6448
18.4360,14.9646,32.1132
18.4400,14.9646,32.6209
18.4440,14.9646,33.4516
18.4480,14.9646,34.1820
18.4520,15.4476,34.6626
18.4560,17.2572,35.3396
18.4600,17.7733,35.9161
18.4640,19.3102,36.3263
18.4680,19.7752,37.5497
18.4720,19.7752,37.5497
18.4760,19.7752,38.9998
18.4800,19.7752,39.7867
18.4840,19.7752,40.5674
18.4880,20.3881,41.2880
18.4920,22.4630,41.7378
18.4960,22.4630,42.8180
18.5000,22.4630,43.3967
18.5040,22.4630,43.8044
18.5080,23.5545,44.4122
18.5120,25.2693,45.4145
18.5160,25.2693,45.9383
18.5200,25.2693,46.8581
18.5240,25.2693,47.4391
18.5280,26.5109,47.9162
18.5320,28.1782,48.5295
18.5360,28.1782,49.4921
18.5400,28.1782,49.9611
18.5440,28.1782,50.8256
18.5480,29.6590,51.5122
18.5520,31.0966,51.9802
18.5560,31.0966,52.5166
18.5600,31.0966,53.4217
18.5640,31.0966,54.0045
18.5680,32.8562,54.4904
18.5720,34.1027,55.1320
18.5760,34.1027,56.0671
18.5800,34.1027,56.5060
18.5840,35.7126,57.3227
18.5880,37.0259,58.0480
18.5920,37.0259,58.5384
18.5960,37.0259,59.1381
18.6000,37.0259,60.5892
18.6040,37.0259,61.1576
18.6080,39.1103,61.8556
18.6120,40.1950,62.7236
18.6160,40.1950,63.1788
18.6200,40.1950,63.1788
18.6240,42.3224,63.9048
18.6280,43.2595,64.3709
18.6320,43.2595,64.6746
18.6360,43.2595,65.6062
18.6400,43.2595,66.0541
18.6440,45.0510,66.8324
18.6480,46.2333,67.3510
18.6520,46.2333,67.3510
18.6560,46.2333,67.3510
18.6600,46.2333,67.3510
18.6640,48.4001,67.3510
18.6680,49.0490,67.3510
18.6720,49.0490,67.3510
18.6760,49.0490,67.3510
18.6800,49.0490,67.3510
18.6840,51.0348,67.3510
18.6880,51.4893,67.3510
18.6920,51.4893,67.3510
18.6960,51.4893,67.3510
18.7000,51.4893,67.3510
18.7040,53.2285,67.3510
18.7080,53.6042,67.3510
18.7120,53.6042,67.3510
18.7160,53.6042,67.3510
18.7200,53.6042,67.3510
18.7240,55.1924,67.3510
18.7280,55.4371,67.3510
18.7320,55.4371,67.3510
18.7360,55.4371,67.3510
18.7400,55.4371,67.3510
18.7440,56.8934,67.3510
18.7480,57.0256,67.3510
18.7520,57.0256,67.3510
18.7560,57.0256,67.3510
18.7600,57.0256,67.3510
18.7640,57.2496,67.3510
18.7680,57.2957,67.3510
18.7720,57.2958,67.3510
18.7760,57.2957,67.3510
18.7800,57.2959,67.3510
18.7840,57.2959,67.3510
18.7880,57.2959,67.3510
18.7920,57.2959,67.3510
18.7960,57.2959,67.3510
18.8000,57.2959,67.3510
18.8040,57.2959,67.3510
18.8080,57.2959,67.3510
18.8120,57.2959,67.3510
18.8160,57.2959,67.3510
18.8200,57.2959,67.3510
18.8240,57.2958,67.3510
18.8280,57.2957,67.3510
18.8320,57.2956,67.3510
18.8360,57.2960,67.3510
18.8400,57.2957,67.3510
18.8440,57.2958,67.3510
18.8480,57.2955,67.3510
18.8520,57.2959,67.3510
18.8560,57.2956,67.3510
18.8600,57.2958,67.3510
18.8640,57.2956,67.3510
18.8680,57.2959,67.3510
18.8720,57.2955,67.3510
18.8760,57.2959,67.3510
18.8800,57.2955,67.3510
18.8840,57.2959,67.3510
18.8880,57.2955,67.3510
18.8920,57.2959,67.3510
18.8960,57.2955,67.3510
18.9000,57.2958,67.3510
18.9040,57.2956,67.3510
18.9080,57.2958,67.3510
18.9120,57.2955,67.3510
18.9160,57.2958,67.3510
18.9200,57.2956,67.3510
18.9240,57.2958,67.3510
18.9280,57.2955,67.3510
18.9320,57.2958,67.3510
18.9360,57.2956,67.3510
18.9400,57.2958,67.3510
18.9440,57.2955,67.3510
18.9480,57.2958,67.3510
18.9520,57.2956,67.3510
18.9560,57.2957,67.3510
18.9600,57.2955,67.3510
18.9640,57.2958,67.3510
18.9680,57.2956,67.3510
18.9720,57.2957,67.3510
18.9760,57.2955,67.3510
18.9800,57.2958,67.3510
18.9840,57.2956,67.3510
18.9880,57.2958,67.3510
18.9920,57.2955,67.3510
18.9960,57.2958,67.2376
19.0000,57.2956,66.7671
19.0040,57.2958,66.3137
19.0080,57.2955,66.1589
19.0120,57.2958,65.5277
19.0160,57.2956,64.2395
19.0200,57.2958,63.7901
19.0240,57.2955,63.2929
19.0280,57.2958,62.5793
19.0320,57.2956,61.8519
19.0360,57.2959,61.2138
19.0400,57.2955,60.2687
19.0440,57.2959,59.2999
19.0480,57.2955,58.6850
19.0520,57.2959,58.0343
19.0560,57.2955,57.1596
19.0600,57.2958,56.6783
19.0640,57.2955,55.6444
19.0680,57.2958,55.0513
19.0720,57.2955,54.5720
19.0760,57.2958,53.8174
19.0800,57.2955,52.4820
19.0840,57.2958,51.9697
19.0880,57.2955,51.4807
19.0920,57.2958,50.7245
19.0960,57.2956,49.9175
19.1000,57.2958,49.4593
19.1040,57.2955,48.4781
19.1080,57.2958,47.8893
19.1120,57.2955,47.4248
19.1160,57.2959,46.8530
19.1200,57.2957,45.8895
19.1240,57.2959,44.8587
19.1280,57.2956,43.8697
19.1320,57.2959,43.2198
19.1360,57.2957,42.7513
19.1400,57.2958,42.2045
19.1440,57.2957,41.2198
19.1480,57.2958,40.7152
19.1520,57.2957,40.2469
19.1560,56.8013,39.6029
19.1600,55.3233,38.6926
19.1640,55.3234,38.2083
19.1680,55.3234,37.2992
19.1720,55.3234,36.3301
19.1760,55.3234,35.5735
19.1800,54.6333,35.0634
19.1840,52.7151,34.0991
19.1880,52.7151,33.5633
19.1920,52.7151,32.8042
19.1960,52.0135,32.0326
19.2000,50.1368,31.5910
19.2040,50.1368,31.0985
19.2080,50.1368,30.4077
19.2120,50.1368,29.5178
19.2160,49.5190,29.0559
19.2200,47.4254,28.5647
19.2240,47.4254,26.9485
19.2280,47.4254,26.4056
19.2320,47.4254,25.6642
19.2360,46.6238,24.8651
19.2400,44.5987,24.3557
19.2440,44.5987,23.8834
19.2480,44.5987,23.0182
19.2520,44.5987,22.3603
19.2560,43.8954,21.5462
19.2600,41.6721,20.2335
19.2640,41.6721,19.7432
19.2680,41.6721,19.2557
19.2720,41.6721,18.7658
19.2760,40.9468,18.3010
19.2800,38.6588,17.8664
19.2840,38.6588,16.8434
19.2880,38.6588,15.8230
19.2920,38.6588,15.1811
19.2960,37.7715,14.5270
19.3000,35.5706,13.6429
19.3040,35.5706,13.1516
19.3080,35.5706,12.6877
19.3120,35.5706,11.8846
19.3160,34.7072,11.1264
19.3200,32.4967,10.6326
19.3240,32.4967,10.1444
19.3280,32.4967,9.2242
19.3320,32.4967,8.5992
19.3360,32.4967,7.9030
19.3400,31.5721,7.0668
19.3440,29.2764,6.5979
19.3480,29.2764,5.6460
19.3520,29.2764,4.6616
19.3560,29.2764,3.9607
19.3600,28.2711,3.4750
19.3640,25.9292,2.3752
19.3680,25.9292,1.8951
19.3720,25.9292,1.4609
19.3760,25.6040,1.1921
19.3800,22.7103,1.1921
19.3840,22.7103,1.1921
19.3880,22.7103,1.1921
19.3920,22.7103,1.1921
19.3960,22.0081,1.1921
19.4000,19.8412,1.1921
19.4040,19.8412,1.1921
19.4080,19.8412,1.1921
19.4120,19.8412,1.1921
19.4160,19.8412,1.1921
19.4200,19.0399,1.1921
19.4240,17.3547,1.1921
19.4280,17.3547,0.7209
19.4320,17.3547,0.5960
19.4360,17.3547,0.5960
19.4400,16.7478,0.5960
19.4440,15.1202,0.5960
19.4480,15.1202,0.5960
19.4520,15.1202,0.5960
19.4560,15.1202,0.5960
19.4600,14.4607,0.5960
19.4640,13.1836,0.5960
19.4680,13.1836,0.5960
19.4720,13.1836,0.5960
19.4760,13.1836,0.5960
19.4800,12.6595,0.5960
19.4840,11.5053,0.5960
19.4880,11.5053,0.5960
19.4920,11.5053,0.5960
19.4960,11.5053,0.5960
19.5000,11.1273,0.5960
19.5040,10.0507,0.5960
19.5080,10.0507,0.5960
19.5120,10.0507,0.5960
19.5160,10.0507,0.5960
19.5200,9.6133,0.5960
19.5240,8.7901,0.5960
19.5280,8.7901,0.5960
19.5320,8.7901,0.5960
19.5360,8.7901,0.5960
19.5400,8.5119,0.5960
19.5440,7.6975,0.5960
19.5480,7.6975,0.5960
19.5520,7.6975,0.5960
19.5560,7.6975,0.5960
19.5600,7.4439,0.5960
19.5640,6.8755,0.5960
19.5680,6.8755,0.5960
19.5720,6.8755,0.5960
19.5760,6.8755,0.5960
19.5800,6.8755,0.5960
19.5840,6.8755,0.5960
19.5880,6.8755,0.5960
19.5920,6.8755,0.5960
19.5960,6.8755,0.5960
19.6000,6.8755,0.5960
19.6040,6.8755,0.5960
19.6080,6.8755,0.5960
19.6120,6.8755,0.5960
19.6160,6.8755,0.5960
19.6200,6.8755,0.5960
19.6240,6.8755,0.5960
19.6280,6.8755,0.5960
19.6320,6.8755,0.5960
19.6360,6.8755,0.5960
19.6400,6.8755,0.5960
19.6440,6.8755,0.5960
19.6480,6.8755,0.5960
19.6520,6.8755,0.5960
19.6560,6.8755,0.5960
19.6600,6.8755,0.5960
19.6640,6.8755,0.5960
19.6680,6.8755,0.5960
19.6720,6.8755,0.5960
19.6760,6.8755,0.5960
19.6800,6.8755,0.5960
19.6840,6.8755,0.5960
19.6880,6.8755,0.5960
19.6920,6.8755,0.5960
19.6960,6.8755,0.5960
19.7000,6.8755,0.5960
19.7040,6.8755,0.5960
19.7080,6.8755,0.5960
19.7120,6.8756,0.5960
19.7160,6.8755,0.5960
19.7200,6.8755,0.5960
19.7240,6.8755,0.5960
19.7280,6.8756,0.5960
19.7320,6.8755,0.5960
19.7360,6.8755,0.5960
19.7400,6.8755,0.5960
19.7440,6.8755,0.5960
19.7480,6.8755,0.5960
19.7520,6.8755,0.5960
19.7560,6.8755,0.5960
19.7600,6.8755,0.5960
19.7640,6.8755,0.5960
19.7680,6.8755,0.5960
19.7720,6.8755,0.5960
19.7760,6.8755,0.5960
19.7800,6.8755,0.5960
19.7840,6.8755,0.5960
19.7880,6.8755,0.5960
19.7920,6.8755,0.5960
19.7960,6.8755,0.5960
19.8000,6.8755,0.5960
19.8040,6.8755,0.5960
19.8080,6.8755,0.5960
19.8120,6.8755,0.5960
19.8160,6.8755,0.5960
19.8200,6.8755,0.5960
19.8240,6.8755,0.5960
19.8280,6.8755,0.5960
19.8320,6.8755,0.5960
19.8360,6.8755,0.5960
19.8400,6.8755,0.5960
19.8440,6.8755,0.5960
19.8480,6.8755,0.5960
19.8520,6.8755,0.5960
19.8560,6.8756,0.5960
19.8600,6.8755,0.5960
19.8640,6.8755,0.5960
19.8680,6.8755,0.5960
19.8720,6.8755,0.5960
19.8760,6.8755,0.5960
19.8800,6.8755,0.5960
19.8840,6.8755,0.5960
19.8880,6.8755,0.5960
19.8920,6.8755,0.5960
19.8960,6.8755,0.5960
19.9000,6.8755,0.5960
19.9040,6.8755,0.5960
19.9080,6.8755,0.5960
19.9120,6.8755,0.5960
19.9160,6.8755,0.5960
19.9200,6.8755,0.5960
19.9240,6.8755,0.5960
19.9280,6.8755,0.5960
19.9320,6.8755,0.5960
19.9360,6.8755,0.5960
19.9400,6.8755,0.5960
19.9440,6.8755,0.5960
19.9480,6.8755,0.5960
19.9520,6.8755,0.5960
19.9560,6.8755,0.5960
19.9600,6.8755,0.5960
19.9640,6.8755,0.5960
19.9680,6.8755,0.5960
19.9720,6.8755,0.5960
19.9760,6.8755,0.5960
19.9800,6.8755,0.5960
19.9840,6.8755,0.5960
19.9880,6.8755,0.6385
19.9920,6.8755,1.6010
19.9960,6.8755,1.7881
