ISO-10303-21;
HEADER;
FILE_DESCRIPTION (( 'STEP AP203' ),
    '1' );
FILE_NAME ('¹Ì¶¨¶Ë·¨À¼.STEP',
    '2025-02-13T11:10:14',
    ( '' ),
    ( '' ),
    'SwSTEP 2.0',
    'SolidWorks 2023',
    '' );
FILE_SCHEMA (( 'CONFIG_CONTROL_DESIGN' ));
ENDSEC;

DATA;
#1 = EDGE_CURVE ( 'NONE', #831, #130, #1195, .T. ) ;
#2 = CIRCLE ( 'NONE', #1538, 5.399999999999998579 ) ;
#3 = AXIS2_PLACEMENT_3D ( 'NONE', #655, #1289, #1578 ) ;
#4 = DIRECTION ( 'NONE',  ( 0.000000000000000000, 0.000000000000000000, 1.000000000000000000 ) ) ;
#5 = AXIS2_PLACEMENT_3D ( 'NONE', #518, #1427, #1030 ) ;
#6 = DIRECTION ( 'NONE',  ( -1.000000000000000000, 0.000000000000000000, -0.000000000000000000 ) ) ;
#7 = AXIS2_PLACEMENT_3D ( 'NONE', #211, #609, #82 ) ;
#8 = ADVANCED_FACE ( 'NONE', ( #522 ), #1152, .F. ) ;
#9 = ORIENTED_EDGE ( 'NONE', *, *, #661, .F. ) ;
#10 = ORIENTED_EDGE ( 'NONE', *, *, #1501, .T. ) ;
#11 = EDGE_CURVE ( 'NONE', #1432, #795, #884, .T. ) ;
#12 = DIRECTION ( 'NONE',  ( -0.000000000000000000, -0.000000000000000000, 1.000000000000000000 ) ) ;
#13 = EDGE_CURVE ( 'NONE', #1519, #553, #506, .T. ) ;
#14 = CARTESIAN_POINT ( 'NONE',  ( 0.000000000000000000, 0.000000000000000000, 0.4999999999999865663 ) ) ;
#15 = DIRECTION ( 'NONE',  ( 1.000000000000000000, 0.000000000000000000, 0.000000000000000000 ) ) ;
#16 = ORIENTED_EDGE ( 'NONE', *, *, #1693, .F. ) ;
#17 = EDGE_LOOP ( 'NONE', ( #115, #604 ) ) ;
#18 = EDGE_CURVE ( 'NONE', #135, #780, #1253, .T. ) ;
#19 = CARTESIAN_POINT ( 'NONE',  ( 17.67766952966470839, -17.67766952966266558, 2.000000000000000000 ) ) ;
#20 = DIRECTION ( 'NONE',  ( 0.000000000000000000, 0.000000000000000000, 1.000000000000000000 ) ) ;
#21 = DIRECTION ( 'NONE',  ( -0.000000000000000000, -0.000000000000000000, 1.000000000000000000 ) ) ;
#22 = EDGE_LOOP ( 'NONE', ( #1654, #907, #1352, #950 ) ) ;
#23 = ORIENTED_EDGE ( 'NONE', *, *, #1459, .T. ) ;
#24 = DIRECTION ( 'NONE',  ( -1.000000000000000000, 0.000000000000000000, -0.000000000000000000 ) ) ;
#25 = AXIS2_PLACEMENT_3D ( 'NONE', #150, #625, #1144 ) ;
#26 = VECTOR ( 'NONE', #1503, 1000.000000000000000 ) ;
#27 = DIRECTION ( 'NONE',  ( 1.000000000000000000, 0.000000000000000000, 0.000000000000000000 ) ) ;
#28 = AXIS2_PLACEMENT_3D ( 'NONE', #1508, #1090, #78 ) ;
#29 = VECTOR ( 'NONE', #529, 1000.000000000000000 ) ;
#30 = CARTESIAN_POINT ( 'NONE',  ( 11.28666472974709656, -31.00985648593497146, 0.000000000000000000 ) ) ;
#31 = CIRCLE ( 'NONE', #654, 1.649999999999998579 ) ;
#32 = DIRECTION ( 'NONE',  ( 1.000000000000000000, 0.000000000000000000, 0.000000000000000000 ) ) ;
#33 = EDGE_CURVE ( 'NONE', #328, #512, #1553, .T. ) ;
#34 = LOCAL_TIME ( 19, 10, 14.00000000000000000, #869 ) ;
#35 = ORIENTED_EDGE ( 'NONE', *, *, #857, .F. ) ;
#36 = CARTESIAN_POINT ( 'NONE',  ( 23.07766952966365537, 17.67766952966470484, 6.000000000000000000 ) ) ;
#37 = DIRECTION ( 'NONE',  ( 1.000000000000000000, 0.000000000000000000, 0.000000000000000000 ) ) ;
#38 = CARTESIAN_POINT ( 'NONE',  ( 12.27766952966470804, -17.67766952966266558, 6.000000000000000000 ) ) ;
#39 = DIRECTION ( 'NONE',  ( 1.000000000000000000, 0.000000000000000000, 0.000000000000000000 ) ) ;
#40 = ORIENTED_EDGE ( 'NONE', *, *, #301, .F. ) ;
#41 = ORIENTED_EDGE ( 'NONE', *, *, #1413, .T. ) ;
#42 = APPLICATION_CONTEXT ( 'configuration controlled 3d designs of mechanical parts and assemblies' ) ;
#43 = EDGE_CURVE ( 'NONE', #1627, #896, #752, .T. ) ;
#44 = CARTESIAN_POINT ( 'NONE',  ( 12.27766952966365466, 17.67766952966470484, 2.000000000000000000 ) ) ;
#45 = EDGE_CURVE ( 'NONE', #188, #811, #841, .T. ) ;
#46 = DIRECTION ( 'NONE',  ( 1.000000000000000000, 0.000000000000000000, 0.000000000000000000 ) ) ;
#47 = DIRECTION ( 'NONE',  ( -0.000000000000000000, -0.000000000000000000, 1.000000000000000000 ) ) ;
#48 = ORIENTED_EDGE ( 'NONE', *, *, #1268, .F. ) ;
#49 = DIRECTION ( 'NONE',  ( 1.000000000000000000, 0.000000000000000000, 0.000000000000000000 ) ) ;
#50 = ADVANCED_FACE ( 'NONE', ( #626, #1417, #244, #875, #1574, #113, #1009, #372, #762, #902, #1285, #641, #134, #127, #634, #1400 ), #511, .T. ) ;
#51 = EDGE_LOOP ( 'NONE', ( #278, #581 ) ) ;
#52 = ORIENTED_EDGE ( 'NONE', *, *, #154, .F. ) ;
#53 = DIRECTION ( 'NONE',  ( 1.000000000000000000, 0.000000000000000000, 0.000000000000000000 ) ) ;
#54 = AXIS2_PLACEMENT_3D ( 'NONE', #1351, #47, #177 ) ;
#55 = CARTESIAN_POINT ( 'NONE',  ( -17.67766952966267269, -17.67766952966371719, 2.000000000000000000 ) ) ;
#56 = CARTESIAN_POINT ( 'NONE',  ( 22.86199111965601105, 25.27946662292610114, 6.000000000000000000 ) ) ;
#57 = VERTEX_POINT ( 'NONE', #230 ) ;
#58 = AXIS2_PLACEMENT_3D ( 'NONE', #676, #433, #426 ) ;
#59 = DIRECTION ( 'NONE',  ( 1.000000000000000000, 0.000000000000000000, 0.000000000000000000 ) ) ;
#60 = AXIS2_PLACEMENT_3D ( 'NONE', #1441, #1433, #32 ) ;
#61 = ORIENTED_EDGE ( 'NONE', *, *, #262, .T. ) ;
#62 = CIRCLE ( 'NONE', #334, 2.499999999999998668 ) ;
#63 = ORIENTED_EDGE ( 'NONE', *, *, #394, .F. ) ;
#64 = DIRECTION ( 'NONE',  ( -0.000000000000000000, -0.000000000000000000, 1.000000000000000000 ) ) ;
#65 = DIRECTION ( 'NONE',  ( 1.000000000000000000, 0.000000000000000000, 0.000000000000000000 ) ) ;
#66 = CARTESIAN_POINT ( 'NONE',  ( -31.07883832488647968, 16.49999999999999289, 0.000000000000000000 ) ) ;
#67 = CARTESIAN_POINT ( 'NONE',  ( 17.67766952966365324, 17.67766952966470484, 2.000000000000000000 ) ) ;
#68 = VERTEX_POINT ( 'NONE', #256 ) ;
#69 = EDGE_CURVE ( 'NONE', #606, #664, #815, .T. ) ;
#70 = DIRECTION ( 'NONE',  ( 1.000000000000000000, 0.000000000000000000, 0.000000000000000000 ) ) ;
#71 = EDGE_LOOP ( 'NONE', ( #1379, #1000, #919, #1386 ) ) ;
#72 = VERTEX_POINT ( 'NONE', #396 ) ;
#73 = DIRECTION ( 'NONE',  ( -0.000000000000000000, -0.000000000000000000, 1.000000000000000000 ) ) ;
#74 = APPROVAL_STATUS ( 'not_yet_approved' ) ;
#75 = FACE_OUTER_BOUND ( 'NONE', #524, .T. ) ;
#76 = CYLINDRICAL_SURFACE ( 'NONE', #432, 3.099999999999998757 ) ;
#77 = VERTEX_POINT ( 'NONE', #745 ) ;
#78 = DIRECTION ( 'NONE',  ( 1.000000000000000000, 0.000000000000000000, 0.000000000000000000 ) ) ;
#79 = ORIENTED_EDGE ( 'NONE', *, *, #997, .T. ) ;
#80 = ORIENTED_EDGE ( 'NONE', *, *, #748, .F. ) ;
#81 = FACE_OUTER_BOUND ( 'NONE', #991, .T. ) ;
#82 = DIRECTION ( 'NONE',  ( 1.000000000000000000, 0.000000000000000000, 0.000000000000000000 ) ) ;
#83 = LINE ( 'NONE', #218, #728 ) ;
#84 = ORIENTED_EDGE ( 'NONE', *, *, #394, .T. ) ;
#85 = AXIS2_PLACEMENT_3D ( 'NONE', #1265, #463, #1660 ) ;
#86 = CARTESIAN_POINT ( 'NONE',  ( 12.27766952966365288, 17.67766952966470484, 6.000000000000000000 ) ) ;
#87 = AXIS2_PLACEMENT_3D ( 'NONE', #1409, #510, #1042 ) ;
#88 = ORIENTED_EDGE ( 'NONE', *, *, #799, .F. ) ;
#89 = AXIS2_PLACEMENT_3D ( 'NONE', #1244, #594, #1521 ) ;
#90 = EDGE_CURVE ( 'NONE', #885, #1243, #1476, .T. ) ;
#91 = CIRCLE ( 'NONE', #297, 37.49999999999999289 ) ;
#92 = AXIS2_PLACEMENT_3D ( 'NONE', #205, #1523, #1634 ) ;
#93 = ORIENTED_EDGE ( 'NONE', *, *, #560, .F. ) ;
#94 = AXIS2_PLACEMENT_3D ( 'NONE', #826, #325, #1350 ) ;
#95 = CARTESIAN_POINT ( 'NONE',  ( 20.77766952966470626, -17.67766952966266558, 0.000000000000000000 ) ) ;
#96 = APPROVAL_DATE_TIME ( #730, #504 ) ;
#97 = CARTESIAN_POINT ( 'NONE',  ( 0.000000000000000000, -33.00000000000000000, 0.000000000000000000 ) ) ;
#98 = CARTESIAN_POINT ( 'NONE',  ( 0.000000000000000000, 25.00000000000000000, 6.000000000000000000 ) ) ;
#99 = ORIENTED_EDGE ( 'NONE', *, *, #151, .F. ) ;
#100 = EDGE_CURVE ( 'NONE', #592, #1043, #120, .T. ) ;
#101 = ORIENTED_EDGE ( 'NONE', *, *, #1146, .F. ) ;
#102 = APPLICATION_PROTOCOL_DEFINITION ( 'international standard', 'config_control_design', 1994, #798 ) ;
#103 = CYLINDRICAL_SURFACE ( 'NONE', #293, 3.099999999999998757 ) ;
#104 = DIRECTION ( 'NONE',  ( -0.000000000000000000, -0.000000000000000000, 1.000000000000000000 ) ) ;
#105 = EDGE_CURVE ( 'NONE', #135, #225, #1371, .T. ) ;
#106 = ORIENTED_EDGE ( 'NONE', *, *, #537, .T. ) ;
#107 = FACE_BOUND ( 'NONE', #1661, .T. ) ;
#108 = EDGE_CURVE ( 'NONE', #720, #1338, #83, .T. ) ;
#109 = SHAPE_DEFINITION_REPRESENTATION ( #1408, #984 ) ;
#110 = DIRECTION ( 'NONE',  ( 1.000000000000000000, 0.000000000000000000, 0.000000000000000000 ) ) ;
#111 = EDGE_CURVE ( 'NONE', #553, #245, #1700, .T. ) ;
#112 = DIRECTION ( 'NONE',  ( 1.000000000000000000, 0.000000000000000000, 0.000000000000000000 ) ) ;
#113 = FACE_BOUND ( 'NONE', #1391, .T. ) ;
#114 = CIRCLE ( 'NONE', #1054, 3.099999999999998757 ) ;
#115 = ORIENTED_EDGE ( 'NONE', *, *, #797, .F. ) ;
#116 = PRODUCT ( '\X2\56fa5b9a7aef6cd55170\X0\', '\X2\56fa5b9a7aef6cd55170\X0\', '', ( #1255 ) ) ;
#117 = CIRCLE ( 'NONE', #1279, 5.400000000000002132 ) ;
#118 = FACE_BOUND ( 'NONE', #1089, .T. ) ;
#119 = CIRCLE ( 'NONE', #224, 1.649999999999998579 ) ;
#120 = CIRCLE ( 'NONE', #388, 1.649999999999998579 ) ;
#121 = CIRCLE ( 'NONE', #1117, 2.500000000000000888 ) ;
#122 = DIRECTION ( 'NONE',  ( -0.000000000000000000, -0.000000000000000000, 1.000000000000000000 ) ) ;
#123 = CC_DESIGN_PERSON_AND_ORGANIZATION_ASSIGNMENT ( #1548, #1659, ( #358 ) ) ;
#124 = DIRECTION ( 'NONE',  ( 0.000000000000000000, 0.000000000000000000, -1.000000000000000000 ) ) ;
#125 = ADVANCED_FACE ( 'NONE', ( #714 ), #1398, .F. ) ;
#126 = DIRECTION ( 'NONE',  ( -0.000000000000000000, -0.000000000000000000, 1.000000000000000000 ) ) ;
#127 = FACE_BOUND ( 'NONE', #1293, .T. ) ;
#128 = EDGE_LOOP ( 'NONE', ( #824, #1247, #1092, #793 ) ) ;
#129 = CARTESIAN_POINT ( 'NONE',  ( -9.636664729747090874, -31.00985648593497501, 6.000000000000000000 ) ) ;
#130 = VERTEX_POINT ( 'NONE', #743 ) ;
#131 = CARTESIAN_POINT ( 'NONE',  ( 9.636664729747097979, -31.00985648593497146, 6.000000000000000000 ) ) ;
#132 = DIRECTION ( 'NONE',  ( -0.000000000000000000, -0.000000000000000000, 1.000000000000000000 ) ) ;
#133 = DIRECTION ( 'NONE',  ( -0.000000000000000000, -0.000000000000000000, 1.000000000000000000 ) ) ;
#134 = FACE_BOUND ( 'NONE', #926, .T. ) ;
#135 = VERTEX_POINT ( 'NONE', #870 ) ;
#136 = FACE_BOUND ( 'NONE', #1214, .T. ) ;
#137 = EDGE_LOOP ( 'NONE', ( #1486, #456 ) ) ;
#138 = CARTESIAN_POINT ( 'NONE',  ( 2.999999999999886757, -24.99999999999999289, 6.000000000000000000 ) ) ;
#139 = CARTESIAN_POINT ( 'NONE',  ( 17.67766952966365324, 17.67766952966470484, 0.000000000000000000 ) ) ;
#140 = DIRECTION ( 'NONE',  ( 1.000000000000000000, 0.000000000000000000, 0.000000000000000000 ) ) ;
#141 = ORIENTED_EDGE ( 'NONE', *, *, #452, .T. ) ;
#142 = AXIS2_PLACEMENT_3D ( 'NONE', #1283, #1008, #633 ) ;
#143 = VECTOR ( 'NONE', #265, 1000.000000000000000 ) ;
#144 = ORIENTED_EDGE ( 'NONE', *, *, #13, .F. ) ;
#145 = CIRCLE ( 'NONE', #1364, 1.649999999999998579 ) ;
#146 = CARTESIAN_POINT ( 'NONE',  ( 17.67766952966365324, 17.67766952966470484, 2.000000000000000000 ) ) ;
#147 = AXIS2_PLACEMENT_3D ( 'NONE', #509, #631, #1149 ) ;
#148 = DIRECTION ( 'NONE',  ( 1.000000000000000000, 0.000000000000000000, 0.000000000000000000 ) ) ;
#149 = VECTOR ( 'NONE', #899, 1000.000000000000000 ) ;
#150 = CARTESIAN_POINT ( 'NONE',  ( 11.28666472974709656, -31.00985648593497146, 0.000000000000000000 ) ) ;
#151 = EDGE_CURVE ( 'NONE', #1071, #459, #1096, .T. ) ;
#152 = ORIENTED_EDGE ( 'NONE', *, *, #1394, .T. ) ;
#153 = VERTEX_POINT ( 'NONE', #852 ) ;
#154 = EDGE_CURVE ( 'NONE', #645, #611, #677, .T. ) ;
#155 = CARTESIAN_POINT ( 'NONE',  ( -28.57883832488647968, 16.49999999999999289, 0.000000000000000000 ) ) ;
#156 = CARTESIAN_POINT ( 'NONE',  ( -19.56199111965567639, 25.27946662292639601, 6.000000000000000000 ) ) ;
#157 = VERTEX_POINT ( 'NONE', #598 ) ;
#158 = ORIENTED_EDGE ( 'NONE', *, *, #1346, .F. ) ;
#159 = DIRECTION ( 'NONE',  ( -0.000000000000000000, -0.000000000000000000, 1.000000000000000000 ) ) ;
#160 = CARTESIAN_POINT ( 'NONE',  ( 17.67766952966470839, -17.67766952966266558, 6.000000000000000000 ) ) ;
#161 = CARTESIAN_POINT ( 'NONE',  ( 0.000000000000000000, 0.000000000000000000, 0.000000000000000000 ) ) ;
#162 = FACE_OUTER_BOUND ( 'NONE', #404, .T. ) ;
#163 = VERTEX_POINT ( 'NONE', #705 ) ;
#164 = VERTEX_POINT ( 'NONE', #1666 ) ;
#165 = CYLINDRICAL_SURFACE ( 'NONE', #58, 5.400000000000002132 ) ;
#166 = VECTOR ( 'NONE', #446, 1000.000000000000000 ) ;
#167 = CIRCLE ( 'NONE', #600, 1.649999999999998579 ) ;
#168 = CARTESIAN_POINT ( 'NONE',  ( -17.67766952966267269, -17.67766952966371719, 2.000000000000000000 ) ) ;
#169 = FACE_OUTER_BOUND ( 'NONE', #431, .T. ) ;
#170 = CIRCLE ( 'NONE', #605, 3.099999999999998757 ) ;
#171 = CARTESIAN_POINT ( 'NONE',  ( -11.28666472974708945, -31.00985648593497501, 0.000000000000000000 ) ) ;
#172 = EDGE_CURVE ( 'NONE', #319, #245, #731, .T. ) ;
#173 = ORIENTED_EDGE ( 'NONE', *, *, #1461, .T. ) ;
#174 = CARTESIAN_POINT ( 'NONE',  ( -32.49865584940285146, 5.730389863008826801, 6.000000000000000000 ) ) ;
#175 = EDGE_CURVE ( 'NONE', #1500, #711, #808, .T. ) ;
#176 = CARTESIAN_POINT ( 'NONE',  ( -17.67766952966372074, 17.67766952966365324, 2.000000000000000000 ) ) ;
#177 = DIRECTION ( 'NONE',  ( 1.000000000000000000, 0.000000000000000000, 0.000000000000000000 ) ) ;
#178 = VERTEX_POINT ( 'NONE', #193 ) ;
#179 = CARTESIAN_POINT ( 'NONE',  ( 17.67766952966470839, -17.67766952966266558, 0.000000000000000000 ) ) ;
#180 = ORIENTED_EDGE ( 'NONE', *, *, #383, .F. ) ;
#181 = EDGE_LOOP ( 'NONE', ( #853, #273 ) ) ;
#182 = DIRECTION ( 'NONE',  ( -0.000000000000000000, -0.000000000000000000, 1.000000000000000000 ) ) ;
#183 = CARTESIAN_POINT ( 'NONE',  ( 22.86199111965601105, 25.27946662292610114, 6.000000000000000000 ) ) ;
#184 = DIRECTION ( 'NONE',  ( -0.000000000000000000, -0.000000000000000000, 1.000000000000000000 ) ) ;
#185 = EDGE_LOOP ( 'NONE', ( #202, #1490, #865, #802 ) ) ;
#186 = DIRECTION ( 'NONE',  ( 1.000000000000000000, 0.000000000000000000, 0.000000000000000000 ) ) ;
#187 = ORIENTED_EDGE ( 'NONE', *, *, #1312, .F. ) ;
#188 = VERTEX_POINT ( 'NONE', #1238 ) ;
#189 = ADVANCED_FACE ( 'NONE', ( #75 ), #103, .F. ) ;
#190 = DIRECTION ( 'NONE',  ( -0.000000000000000000, -0.000000000000000000, 1.000000000000000000 ) ) ;
#191 = VECTOR ( 'NONE', #1134, 1000.000000000000000 ) ;
#192 = CARTESIAN_POINT ( 'NONE',  ( 32.49865584940292251, 5.730389863008380935, 6.000000000000000000 ) ) ;
#193 = CARTESIAN_POINT ( 'NONE',  ( -12.27766952966267233, -17.67766952966371719, 2.000000000000000000 ) ) ;
#194 = DIRECTION ( 'NONE',  ( -0.000000000000000000, -0.000000000000000000, 1.000000000000000000 ) ) ;
#195 = ORIENTED_EDGE ( 'NONE', *, *, #549, .T. ) ;
#196 = AXIS2_PLACEMENT_3D ( 'NONE', #423, #895, #1137 ) ;
#197 = DIRECTION ( 'NONE',  ( -0.000000000000000000, -0.000000000000000000, 1.000000000000000000 ) ) ;
#198 = CIRCLE ( 'NONE', #927, 3.099999999999998757 ) ;
#199 = CIRCLE ( 'NONE', #763, 2.499999999999998668 ) ;
#200 = ORIENTED_EDGE ( 'NONE', *, *, #997, .F. ) ;
#201 = AXIS2_PLACEMENT_3D ( 'NONE', #139, #4, #530 ) ;
#202 = ORIENTED_EDGE ( 'NONE', *, *, #1445, .F. ) ;
#203 = CARTESIAN_POINT ( 'NONE',  ( -1.144917494144692682E-13, -24.99999999999999289, 0.000000000000000000 ) ) ;
#204 = FACE_OUTER_BOUND ( 'NONE', #1510, .T. ) ;
#205 = CARTESIAN_POINT ( 'NONE',  ( -17.67766952966267269, -17.67766952966371719, 6.000000000000000000 ) ) ;
#206 = DIRECTION ( 'NONE',  ( -0.000000000000000000, -0.000000000000000000, 1.000000000000000000 ) ) ;
#207 = ORIENTED_EDGE ( 'NONE', *, *, #1401, .F. ) ;
#208 = CARTESIAN_POINT ( 'NONE',  ( 0.000000000000000000, 25.00000000000000000, 6.000000000000000000 ) ) ;
#209 = ORIENTED_EDGE ( 'NONE', *, *, #1124, .F. ) ;
#210 = ORIENTED_EDGE ( 'NONE', *, *, #476, .T. ) ;
#211 = CARTESIAN_POINT ( 'NONE',  ( 0.000000000000000000, 0.000000000000000000, 0.000000000000000000 ) ) ;
#212 = CARTESIAN_POINT ( 'NONE',  ( 37.49999999999999289, 0.000000000000000000, 0.4999999999999865663 ) ) ;
#213 = VERTEX_POINT ( 'NONE', #1505 ) ;
#214 = CARTESIAN_POINT ( 'NONE',  ( -37.49999999999999289, 0.000000000000000000, 5.499999999999985789 ) ) ;
#215 = ORIENTED_EDGE ( 'NONE', *, *, #263, .F. ) ;
#216 = ORIENTED_EDGE ( 'NONE', *, *, #617, .T. ) ;
#217 = CARTESIAN_POINT ( 'NONE',  ( -28.57883832488647968, 16.49999999999999289, 0.000000000000000000 ) ) ;
#218 = CARTESIAN_POINT ( 'NONE',  ( -36.99999999999997868, 0.000000000000000000, 6.000000000000000000 ) ) ;
#219 = EDGE_LOOP ( 'NONE', ( #1224, #292, #1091, #80 ) ) ;
#220 = CARTESIAN_POINT ( 'NONE',  ( 0.000000000000000000, 0.000000000000000000, 0.4999999999999865663 ) ) ;
#221 = VECTOR ( 'NONE', #589, 1000.000000000000000 ) ;
#222 = ORIENTED_EDGE ( 'NONE', *, *, #1445, .T. ) ;
#223 = EDGE_CURVE ( 'NONE', #245, #553, #199, .T. ) ;
#224 = AXIS2_PLACEMENT_3D ( 'NONE', #946, #1480, #1499 ) ;
#225 = VERTEX_POINT ( 'NONE', #1106 ) ;
#226 = VECTOR ( 'NONE', #1593, 1000.000000000000114 ) ;
#227 = FACE_OUTER_BOUND ( 'NONE', #635, .T. ) ;
#228 = PERSON_AND_ORGANIZATION ( #881, #1651 ) ;
#229 = DIRECTION ( 'NONE',  ( -0.000000000000000000, -0.000000000000000000, 1.000000000000000000 ) ) ;
#230 = CARTESIAN_POINT ( 'NONE',  ( -23.07766952966371932, 17.67766952966365324, 2.000000000000000000 ) ) ;
#231 = ADVANCED_FACE ( 'NONE', ( #1641 ), #981, .F. ) ;
#232 = EDGE_LOOP ( 'NONE', ( #61, #338 ) ) ;
#233 = DIRECTION ( 'NONE',  ( 1.000000000000000000, 0.000000000000000000, 0.000000000000000000 ) ) ;
#234 = LINE ( 'NONE', #533, #29 ) ;
#235 = DIRECTION ( 'NONE',  ( 1.000000000000000000, 0.000000000000000000, 0.000000000000000000 ) ) ;
#236 = CARTESIAN_POINT ( 'NONE',  ( 14.57766952966365537, 17.67766952966470484, 2.000000000000000000 ) ) ;
#237 = DIRECTION ( 'NONE',  ( -0.000000000000000000, -0.000000000000000000, 1.000000000000000000 ) ) ;
#238 = VERTEX_POINT ( 'NONE', #1246 ) ;
#239 = CARTESIAN_POINT ( 'NONE',  ( -17.67766952966372074, 17.67766952966365324, 2.000000000000000000 ) ) ;
#240 = ADVANCED_FACE ( 'NONE', ( #1378 ), #481, .F. ) ;
#241 = DIRECTION ( 'NONE',  ( 1.000000000000000000, 0.000000000000000000, 0.000000000000000000 ) ) ;
#242 = DIRECTION ( 'NONE',  ( 1.000000000000000000, 0.000000000000000000, 0.000000000000000000 ) ) ;
#243 = LINE ( 'NONE', #761, #924 ) ;
#244 = FACE_BOUND ( 'NONE', #1604, .T. ) ;
#245 = VERTEX_POINT ( 'NONE', #475 ) ;
#246 = AXIS2_PLACEMENT_3D ( 'NONE', #203, #73, #487 ) ;
#247 = CLOSED_SHELL ( 'NONE', ( #1435, #1334, #696, #920, #934, #231, #918, #1368, #891, #1447, #1035, #1705, #8, #993, #718, #125, #1110, #240, #1464, #345, #507, #878, #938, #50, #1094, #346, #862, #1471, #822, #1388, #1184, #189, #502, #876, #1318, #1582, #531, #1119, #277, #391, #821, #670, #1579, #1347, #1384, #519, #266, #917, #1332, #777 ) ) ;
#248 = FACE_BOUND ( 'NONE', #1575, .T. ) ;
#249 = CIRCLE ( 'NONE', #1197, 1.649999999999998579 ) ;
#250 = EDGE_LOOP ( 'NONE', ( #584, #996 ) ) ;
#251 = CIRCLE ( 'NONE', #1428, 3.000000000000000888 ) ;
#252 = CARTESIAN_POINT ( 'NONE',  ( 0.000000000000000000, 0.000000000000000000, 0.4999999999999865663 ) ) ;
#253 = EDGE_CURVE ( 'NONE', #1411, #803, #527, .T. ) ;
#254 = DIRECTION ( 'NONE',  ( 0.000000000000000000, 0.000000000000000000, -1.000000000000000000 ) ) ;
#255 = CARTESIAN_POINT ( 'NONE',  ( -17.67766952966267269, -17.67766952966371719, 2.000000000000000000 ) ) ;
#256 = CARTESIAN_POINT ( 'NONE',  ( 3.000000000000000888, 25.00000000000000000, 0.000000000000000000 ) ) ;
#257 = ORIENTED_EDGE ( 'NONE', *, *, #514, .F. ) ;
#258 = FACE_BOUND ( 'NONE', #1526, .T. ) ;
#259 = ORIENTED_EDGE ( 'NONE', *, *, #1482, .F. ) ;
#260 = CYLINDRICAL_SURFACE ( 'NONE', #812, 1.649999999999998579 ) ;
#261 = CARTESIAN_POINT ( 'NONE',  ( -3.000000000000000888, 25.00000000000000000, 6.000000000000000000 ) ) ;
#262 = EDGE_CURVE ( 'NONE', #1432, #948, #1426, .T. ) ;
#263 = EDGE_CURVE ( 'NONE', #153, #333, #234, .T. ) ;
#264 = ORIENTED_EDGE ( 'NONE', *, *, #365, .T. ) ;
#265 = DIRECTION ( 'NONE',  ( -0.000000000000000000, -0.000000000000000000, 1.000000000000000000 ) ) ;
#266 = ADVANCED_FACE ( 'NONE', ( #1178 ), #517, .F. ) ;
#267 = ORIENTED_EDGE ( 'NONE', *, *, #1369, .T. ) ;
#268 = CARTESIAN_POINT ( 'NONE',  ( 9.636664729747097979, -31.00985648593497146, 6.000000000000000000 ) ) ;
#269 = CARTESIAN_POINT ( 'NONE',  ( 36.99999999999997868, 4.531193156845203637E-15, 6.000000000000000000 ) ) ;
#270 = DIRECTION ( 'NONE',  ( -0.000000000000000000, -0.000000000000000000, 1.000000000000000000 ) ) ;
#271 = EDGE_LOOP ( 'NONE', ( #957, #1099, #538, #936 ) ) ;
#272 = AXIS2_PLACEMENT_3D ( 'NONE', #1611, #1067, #1605 ) ;
#273 = ORIENTED_EDGE ( 'NONE', *, *, #1179, .T. ) ;
#274 = CIRCLE ( 'NONE', #548, 1.649999999999998579 ) ;
#275 = CARTESIAN_POINT ( 'NONE',  ( 17.67766952966470839, -17.67766952966266558, 6.000000000000000000 ) ) ;
#276 = DIRECTION ( 'NONE',  ( -0.000000000000000000, -0.000000000000000000, 1.000000000000000000 ) ) ;
#277 = ADVANCED_FACE ( 'NONE', ( #1280 ), #369, .F. ) ;
#278 = ORIENTED_EDGE ( 'NONE', *, *, #69, .T. ) ;
#279 = VERTEX_POINT ( 'NONE', #138 ) ;
#280 = FACE_OUTER_BOUND ( 'NONE', #484, .T. ) ;
#281 = DIRECTION ( 'NONE',  ( 1.000000000000000000, 0.000000000000000000, 0.000000000000000000 ) ) ;
#282 = DIRECTION ( 'NONE',  ( 1.000000000000000000, 0.000000000000000000, 0.000000000000000000 ) ) ;
#283 = ORIENTED_EDGE ( 'NONE', *, *, #1153, .F. ) ;
#284 = EDGE_CURVE ( 'NONE', #711, #1500, #468, .T. ) ;
#285 = EDGE_LOOP ( 'NONE', ( #585, #216 ) ) ;
#286 = FACE_OUTER_BOUND ( 'NONE', #1492, .T. ) ;
#287 = CC_DESIGN_DATE_AND_TIME_ASSIGNMENT ( #742, #888, ( #358 ) ) ;
#288 = DIRECTION ( 'NONE',  ( 0.000000000000000000, 0.000000000000000000, 1.000000000000000000 ) ) ;
#289 = CARTESIAN_POINT ( 'NONE',  ( 20.77766952966365110, 17.67766952966470484, 6.000000000000000000 ) ) ;
#290 = DIRECTION ( 'NONE',  ( -0.000000000000000000, -0.000000000000000000, 1.000000000000000000 ) ) ;
#291 = ORIENTED_EDGE ( 'NONE', *, *, #1671, .T. ) ;
#292 = ORIENTED_EDGE ( 'NONE', *, *, #447, .T. ) ;
#293 = AXIS2_PLACEMENT_3D ( 'NONE', #610, #1256, #722 ) ;
#294 = FACE_OUTER_BOUND ( 'NONE', #1610, .T. ) ;
#295 = CIRCLE ( 'NONE', #1302, 1.649999999999998579 ) ;
#296 = CARTESIAN_POINT ( 'NONE',  ( -12.27766952966372038, 17.67766952966365324, 2.000000000000000000 ) ) ;
#297 = AXIS2_PLACEMENT_3D ( 'NONE', #1204, #1636, #39 ) ;
#298 = AXIS2_PLACEMENT_3D ( 'NONE', #618, #1022, #381 ) ;
#299 = DIRECTION ( 'NONE',  ( -0.000000000000000000, -0.000000000000000000, 1.000000000000000000 ) ) ;
#300 = ORIENTED_EDGE ( 'NONE', *, *, #175, .T. ) ;
#301 = EDGE_CURVE ( 'NONE', #967, #77, #1647, .T. ) ;
#302 = CONICAL_SURFACE ( 'NONE', #1485, 36.99999999999997868, 0.7853981633974482790 ) ;
#303 = DIRECTION ( 'NONE',  ( -0.000000000000000000, -0.000000000000000000, 1.000000000000000000 ) ) ;
#304 = ORIENTED_EDGE ( 'NONE', *, *, #284, .T. ) ;
#305 = EDGE_LOOP ( 'NONE', ( #1234, #1465, #682, #1421 ) ) ;
#306 = LINE ( 'NONE', #1349, #979 ) ;
#307 = EDGE_CURVE ( 'NONE', #565, #164, #903, .T. ) ;
#308 = DIRECTION ( 'NONE',  ( 1.000000000000000000, 0.000000000000000000, 0.000000000000000000 ) ) ;
#309 = DIRECTION ( 'NONE',  ( -0.000000000000000000, -0.000000000000000000, 1.000000000000000000 ) ) ;
#310 = ORIENTED_EDGE ( 'NONE', *, *, #1403, .T. ) ;
#311 = DIRECTION ( 'NONE',  ( -0.000000000000000000, -0.000000000000000000, 1.000000000000000000 ) ) ;
#312 = ORIENTED_EDGE ( 'NONE', *, *, #649, .F. ) ;
#313 = EDGE_LOOP ( 'NONE', ( #458, #222 ) ) ;
#314 = CARTESIAN_POINT ( 'NONE',  ( 9.636664729747097979, -31.00985648593497146, 0.000000000000000000 ) ) ;
#315 = DIRECTION ( 'NONE',  ( 1.000000000000000000, 0.000000000000000000, 0.000000000000000000 ) ) ;
#316 = DIRECTION ( 'NONE',  ( -0.000000000000000000, -0.000000000000000000, 1.000000000000000000 ) ) ;
#317 = EDGE_LOOP ( 'NONE', ( #442, #846, #1200, #1547 ) ) ;
#318 = FACE_OUTER_BOUND ( 'NONE', #541, .T. ) ;
#319 = VERTEX_POINT ( 'NONE', #1424 ) ;
#320 = CC_DESIGN_PERSON_AND_ORGANIZATION_ASSIGNMENT ( #1139, #1011, ( #1437 ) ) ;
#321 = ORIENTED_EDGE ( 'NONE', *, *, #151, .T. ) ;
#322 = EDGE_CURVE ( 'NONE', #861, #344, #1704, .T. ) ;
#323 = DIRECTION ( 'NONE',  ( -0.000000000000000000, -0.000000000000000000, 1.000000000000000000 ) ) ;
#324 = CIRCLE ( 'NONE', #1612, 15.75000000000000000 ) ;
#325 = DIRECTION ( 'NONE',  ( -0.000000000000000000, -0.000000000000000000, 1.000000000000000000 ) ) ;
#326 = DIRECTION ( 'NONE',  ( 0.7071067811865426878, 0.000000000000000000, 0.7071067811865524577 ) ) ;
#327 = LINE ( 'NONE', #1088, #221 ) ;
#328 = VERTEX_POINT ( 'NONE', #400 ) ;
#329 = AXIS2_PLACEMENT_3D ( 'NONE', #1287, #636, #551 ) ;
#330 = DIRECTION ( 'NONE',  ( -0.000000000000000000, -0.000000000000000000, 1.000000000000000000 ) ) ;
#331 = AXIS2_PLACEMENT_3D ( 'NONE', #717, #449, #49 ) ;
#332 = AXIS2_PLACEMENT_3D ( 'NONE', #843, #616, #1516 ) ;
#333 = VERTEX_POINT ( 'NONE', #889 ) ;
#334 = AXIS2_PLACEMENT_3D ( 'NONE', #155, #20, #27 ) ;
#335 = ORIENTED_EDGE ( 'NONE', *, *, #406, .T. ) ;
#336 = DIRECTION ( 'NONE',  ( 1.000000000000000000, 0.000000000000000000, 0.000000000000000000 ) ) ;
#337 = DIRECTION ( 'NONE',  ( 1.000000000000000000, 0.000000000000000000, 0.000000000000000000 ) ) ;
#338 = ORIENTED_EDGE ( 'NONE', *, *, #1682, .T. ) ;
#339 = FACE_OUTER_BOUND ( 'NONE', #305, .T. ) ;
#340 = ORIENTED_EDGE ( 'NONE', *, *, #1617, .T. ) ;
#341 = CYLINDRICAL_SURFACE ( 'NONE', #246, 3.000000000000001332 ) ;
#342 = COORDINATED_UNIVERSAL_TIME_OFFSET ( 8, 0, .AHEAD. ) ;
#343 = DIRECTION ( 'NONE',  ( -0.000000000000000000, -0.000000000000000000, 1.000000000000000000 ) ) ;
#344 = VERTEX_POINT ( 'NONE', #268 ) ;
#345 = ADVANCED_FACE ( 'NONE', ( #914 ), #1028, .F. ) ;
#346 = ADVANCED_FACE ( 'NONE', ( #1012 ), #1414, .F. ) ;
#347 = ORIENTED_EDGE ( 'NONE', *, *, #473, .F. ) ;
#348 = DIRECTION ( 'NONE',  ( -1.000000000000000000, 0.000000000000000000, 0.000000000000000000 ) ) ;
#349 = DATE_AND_TIME ( #597, #34 ) ;
#350 = DIRECTION ( 'NONE',  ( 1.000000000000000000, 0.000000000000000000, 0.000000000000000000 ) ) ;
#351 = AXIS2_PLACEMENT_3D ( 'NONE', #1545, #892, #1416 ) ;
#352 = FACE_OUTER_BOUND ( 'NONE', #1672, .T. ) ;
#353 = VECTOR ( 'NONE', #1322, 1000.000000000000000 ) ;
#354 = DIRECTION ( 'NONE',  ( -0.000000000000000000, -0.000000000000000000, -1.000000000000000000 ) ) ;
#355 = AXIS2_PLACEMENT_3D ( 'NONE', #457, #1077, #59 ) ;
#356 = AXIS2_PLACEMENT_3D ( 'NONE', #657, #415, #932 ) ;
#357 = ORIENTED_EDGE ( 'NONE', *, *, #1658, .T. ) ;
#358 = SECURITY_CLASSIFICATION ( '', '', #474 ) ;
#359 = CARTESIAN_POINT ( 'NONE',  ( -17.67766952966372074, 17.67766952966365324, 6.000000000000000000 ) ) ;
#360 = DIRECTION ( 'NONE',  ( -0.000000000000000000, -0.000000000000000000, 1.000000000000000000 ) ) ;
#361 = CARTESIAN_POINT ( 'NONE',  ( 20.77766952966470626, -17.67766952966266558, 2.000000000000000000 ) ) ;
#362 = DIRECTION ( 'NONE',  ( 0.000000000000000000, 0.000000000000000000, 1.000000000000000000 ) ) ;
#363 = CARTESIAN_POINT ( 'NONE',  ( -26.07883832488648324, 16.49999999999999289, 0.000000000000000000 ) ) ;
#364 = ORIENTED_EDGE ( 'NONE', *, *, #322, .F. ) ;
#365 = EDGE_CURVE ( 'NONE', #424, #1440, #1621, .T. ) ;
#366 = FACE_BOUND ( 'NONE', #575, .T. ) ;
#367 = EDGE_CURVE ( 'NONE', #403, #1257, #380, .T. ) ;
#368 = APPLICATION_PROTOCOL_DEFINITION ( 'international standard', 'config_control_design', 1994, #42 ) ;
#369 = CYLINDRICAL_SURFACE ( 'NONE', #627, 1.649999999999998579 ) ;
#370 = LINE ( 'NONE', #1518, #149 ) ;
#371 = DIRECTION ( 'NONE',  ( -0.000000000000000000, -0.000000000000000000, 1.000000000000000000 ) ) ;
#372 = FACE_BOUND ( 'NONE', #451, .T. ) ;
#373 = VERTEX_POINT ( 'NONE', #622 ) ;
#374 = DIRECTION ( 'NONE',  ( 1.000000000000000000, 0.000000000000000000, 0.000000000000000000 ) ) ;
#375 = ORIENTED_EDGE ( 'NONE', *, *, #688, .F. ) ;
#376 = CARTESIAN_POINT ( 'NONE',  ( -19.56199111965567639, 25.27946662292639601, 6.000000000000000000 ) ) ;
#377 = EDGE_CURVE ( 'NONE', #1642, #532, #1018, .T. ) ;
#378 = CARTESIAN_POINT ( 'NONE',  ( -32.49865584940285146, 5.730389863008826801, 0.000000000000000000 ) ) ;
#379 = DIRECTION ( 'NONE',  ( -0.000000000000000000, -0.000000000000000000, 1.000000000000000000 ) ) ;
#380 = CIRCLE ( 'NONE', #1326, 3.099999999999998757 ) ;
#381 = DIRECTION ( 'NONE',  ( 1.000000000000000000, 0.000000000000000000, -0.000000000000000000 ) ) ;
#382 = CIRCLE ( 'NONE', #1390, 3.000000000000000888 ) ;
#383 = EDGE_CURVE ( 'NONE', #225, #1129, #1560, .T. ) ;
#384 = ORIENTED_EDGE ( 'NONE', *, *, #583, .T. ) ;
#385 = AXIS2_PLACEMENT_3D ( 'NONE', #712, #1236, #336 ) ;
#386 = CARTESIAN_POINT ( 'NONE',  ( 14.57766952966470875, -17.67766952966266558, 6.000000000000000000 ) ) ;
#387 = VECTOR ( 'NONE', #311, 1000.000000000000000 ) ;
#388 = AXIS2_PLACEMENT_3D ( 'NONE', #1385, #995, #1005 ) ;
#389 = ORIENTED_EDGE ( 'NONE', *, *, #537, .F. ) ;
#390 = CIRCLE ( 'NONE', #1337, 15.75000000000000000 ) ;
#391 = ADVANCED_FACE ( 'NONE', ( #1694 ), #260, .F. ) ;
#392 = DIRECTION ( 'NONE',  ( -0.000000000000000000, -0.000000000000000000, 1.000000000000000000 ) ) ;
#393 = LOCAL_TIME ( 19, 10, 14.00000000000000000, #1004 ) ;
#394 = EDGE_CURVE ( 'NONE', #344, #443, #949, .T. ) ;
#395 = CYLINDRICAL_SURFACE ( 'NONE', #1563, 15.75000000000000000 ) ;
#396 = CARTESIAN_POINT ( 'NONE',  ( 30.84865584940292393, 5.730389863008380935, 0.000000000000000000 ) ) ;
#397 = EDGE_LOOP ( 'NONE', ( #1589, #1025 ) ) ;
#398 = CARTESIAN_POINT ( 'NONE',  ( -37.49999999999999289, 0.000000000000000000, 0.4999999999999865663 ) ) ;
#399 = ORIENTED_EDGE ( 'NONE', *, *, #753, .T. ) ;
#400 = CARTESIAN_POINT ( 'NONE',  ( 23.07766952966470697, -17.67766952966266558, 2.000000000000000000 ) ) ;
#401 = FACE_OUTER_BOUND ( 'NONE', #128, .T. ) ;
#402 = DIRECTION ( 'NONE',  ( 1.000000000000000000, 0.000000000000000000, 0.000000000000000000 ) ) ;
#403 = VERTEX_POINT ( 'NONE', #236 ) ;
#404 = EDGE_LOOP ( 'NONE', ( #975, #665, #921, #1389 ) ) ;
#405 = DIRECTION ( 'NONE',  ( -0.000000000000000000, -0.000000000000000000, 1.000000000000000000 ) ) ;
#406 = EDGE_CURVE ( 'NONE', #1295, #443, #916, .T. ) ;
#407 = ORIENTED_EDGE ( 'NONE', *, *, #450, .T. ) ;
#408 = CIRCLE ( 'NONE', #729, 1.649999999999998579 ) ;
#409 = EDGE_CURVE ( 'NONE', #780, #135, #1479, .T. ) ;
#410 = CONICAL_SURFACE ( 'NONE', #1422, 36.99999999999997868, 0.7853981633974482790 ) ;
#411 = EDGE_LOOP ( 'NONE', ( #1531, #1483, #653, #1248 ) ) ;
#412 = CARTESIAN_POINT ( 'NONE',  ( -23.07766952966371932, 17.67766952966365324, 6.000000000000000000 ) ) ;
#413 = AXIS2_PLACEMENT_3D ( 'NONE', #1678, #392, #241 ) ;
#414 = CIRCLE ( 'NONE', #201, 3.099999999999998757 ) ;
#415 = DIRECTION ( 'NONE',  ( -0.000000000000000000, -0.000000000000000000, 1.000000000000000000 ) ) ;
#416 = CARTESIAN_POINT ( 'NONE',  ( 0.000000000000000000, 0.000000000000000000, 5.499999999999985789 ) ) ;
#417 = EDGE_LOOP ( 'NONE', ( #1065, #1109 ) ) ;
#418 = APPROVAL ( #74, 'æœª' ) ;
#419 = ORIENTED_EDGE ( 'NONE', *, *, #1569, .F. ) ;
#420 = CARTESIAN_POINT ( 'NONE',  ( -37.00000000000001421, 4.561809326823891368E-15, 0.000000000000000000 ) ) ;
#421 = FACE_BOUND ( 'NONE', #250, .T. ) ;
#422 = DIRECTION ( 'NONE',  ( 0.000000000000000000, 0.000000000000000000, 1.000000000000000000 ) ) ;
#423 = CARTESIAN_POINT ( 'NONE',  ( 0.000000000000000000, 0.000000000000000000, 6.000000000000000000 ) ) ;
#424 = VERTEX_POINT ( 'NONE', #505 ) ;
#425 = EDGE_LOOP ( 'NONE', ( #976, #1527, #210, #671 ) ) ;
#426 = DIRECTION ( 'NONE',  ( 1.000000000000000000, 0.000000000000000000, 0.000000000000000000 ) ) ;
#427 = DIRECTION ( 'NONE',  ( 0.000000000000000000, 0.000000000000000000, 1.000000000000000000 ) ) ;
#428 = CYLINDRICAL_SURFACE ( 'NONE', #434, 3.000000000000001332 ) ;
#429 = DIRECTION ( 'NONE',  ( -0.000000000000000000, -0.000000000000000000, 1.000000000000000000 ) ) ;
#430 = ORIENTED_EDGE ( 'NONE', *, *, #1174, .F. ) ;
#431 = EDGE_LOOP ( 'NONE', ( #364, #736, #335, #384 ) ) ;
#432 = AXIS2_PLACEMENT_3D ( 'NONE', #580, #206, #963 ) ;
#433 = DIRECTION ( 'NONE',  ( -0.000000000000000000, -0.000000000000000000, 1.000000000000000000 ) ) ;
#434 = AXIS2_PLACEMENT_3D ( 'NONE', #535, #945, #1478 ) ;
#435 = CIRCLE ( 'NONE', #733, 1.649999999999998579 ) ;
#436 = DIRECTION ( 'NONE',  ( -1.000000000000000000, 0.000000000000000000, -0.000000000000000000 ) ) ;
#437 = CIRCLE ( 'NONE', #355, 1.649999999999998579 ) ;
#438 = CARTESIAN_POINT ( 'NONE',  ( -23.07766952966267127, -17.67766952966371719, 6.000000000000000000 ) ) ;
#439 = EDGE_LOOP ( 'NONE', ( #1157, #9 ) ) ;
#440 = CIRCLE ( 'NONE', #1059, 1.649999999999998579 ) ;
#441 = CARTESIAN_POINT ( 'NONE',  ( -14.57766952966372109, 17.67766952966365324, 0.000000000000000000 ) ) ;
#442 = ORIENTED_EDGE ( 'NONE', *, *, #496, .F. ) ;
#443 = VERTEX_POINT ( 'NONE', #1552 ) ;
#444 = CYLINDRICAL_SURFACE ( 'NONE', #1003, 1.649999999999998579 ) ;
#445 = CARTESIAN_POINT ( 'NONE',  ( 37.49999999999999289, 4.592425496802573578E-15, 6.000000000000000000 ) ) ;
#446 = DIRECTION ( 'NONE',  ( -0.000000000000000000, -0.000000000000000000, 1.000000000000000000 ) ) ;
#447 = EDGE_CURVE ( 'NONE', #885, #716, #1581, .T. ) ;
#448 = EDGE_LOOP ( 'NONE', ( #913, #1323 ) ) ;
#449 = DIRECTION ( 'NONE',  ( 0.000000000000000000, 0.000000000000000000, 1.000000000000000000 ) ) ;
#450 = EDGE_CURVE ( 'NONE', #795, #213, #324, .T. ) ;
#451 = EDGE_LOOP ( 'NONE', ( #485, #63 ) ) ;
#452 = EDGE_CURVE ( 'NONE', #1309, #1315, #1166, .T. ) ;
#453 = CARTESIAN_POINT ( 'NONE',  ( -15.75000000000000000, 1.928818708657081344E-15, 0.000000000000000000 ) ) ;
#454 = CARTESIAN_POINT ( 'NONE',  ( 32.49865584940292251, 5.730389863008380935, 6.000000000000000000 ) ) ;
#455 = LINE ( 'NONE', #1231, #1395 ) ;
#456 = ORIENTED_EDGE ( 'NONE', *, *, #1048, .F. ) ;
#457 = CARTESIAN_POINT ( 'NONE',  ( -21.21199111965567496, 25.27946662292639601, 6.000000000000000000 ) ) ;
#458 = ORIENTED_EDGE ( 'NONE', *, *, #253, .T. ) ;
#459 = VERTEX_POINT ( 'NONE', #1439 ) ;
#460 = EDGE_CURVE ( 'NONE', #894, #645, #1160, .T. ) ;
#461 = CARTESIAN_POINT ( 'NONE',  ( 0.000000000000000000, 25.00000000000000000, 0.000000000000000000 ) ) ;
#462 = APPROVAL_ROLE ( '' ) ;
#463 = DIRECTION ( 'NONE',  ( -0.000000000000000000, -0.000000000000000000, 1.000000000000000000 ) ) ;
#464 = ORIENTED_EDGE ( 'NONE', *, *, #756, .F. ) ;
#465 = AXIS2_PLACEMENT_3D ( 'NONE', #461, #64, #978 ) ;
#466 = CARTESIAN_POINT ( 'NONE',  ( 32.49865584940292251, 5.730389863008380935, 0.000000000000000000 ) ) ;
#467 = AXIS2_PLACEMENT_3D ( 'NONE', #998, #1282, #1532 ) ;
#468 = CIRCLE ( 'NONE', #1595, 1.649999999999998579 ) ;
#469 = VERTEX_POINT ( 'NONE', #1429 ) ;
#470 = CIRCLE ( 'NONE', #1199, 5.399999999999998579 ) ;
#471 = ORIENTED_EDGE ( 'NONE', *, *, #223, .T. ) ;
#472 = DIRECTION ( 'NONE',  ( -0.000000000000000000, -0.000000000000000000, 1.000000000000000000 ) ) ;
#473 = EDGE_CURVE ( 'NONE', #611, #645, #1449, .T. ) ;
#474 = SECURITY_CLASSIFICATION_LEVEL ( 'unclassified' ) ;
#475 = CARTESIAN_POINT ( 'NONE',  ( -31.07883832488647968, 16.49999999999999289, 6.000000000000000000 ) ) ;
#476 = EDGE_CURVE ( 'NONE', #1440, #279, #1697, .T. ) ;
#477 = CARTESIAN_POINT ( 'NONE',  ( 17.67766952966365324, 17.67766952966470484, 6.000000000000000000 ) ) ;
#478 = EDGE_LOOP ( 'NONE', ( #1692, #787 ) ) ;
#479 = DIRECTION ( 'NONE',  ( -0.000000000000000000, -0.000000000000000000, -1.000000000000000000 ) ) ;
#480 =( NAMED_UNIT ( * ) PLANE_ANGLE_UNIT ( ) SI_UNIT ( $, .RADIAN. ) );
#481 = CYLINDRICAL_SURFACE ( 'NONE', #1198, 5.400000000000002132 ) ;
#482 = ORIENTED_EDGE ( 'NONE', *, *, #496, .T. ) ;
#483 = DIRECTION ( 'NONE',  ( 0.000000000000000000, 0.000000000000000000, 1.000000000000000000 ) ) ;
#484 = EDGE_LOOP ( 'NONE', ( #99, #1577, #856, #1583 ) ) ;
#485 = ORIENTED_EDGE ( 'NONE', *, *, #583, .F. ) ;
#486 = EDGE_CURVE ( 'NONE', #1295, #861, #867, .T. ) ;
#487 = DIRECTION ( 'NONE',  ( 1.000000000000000000, 0.000000000000000000, 0.000000000000000000 ) ) ;
#488 = PERSON_AND_ORGANIZATION_ROLE ( 'design_supplier' ) ;
#489 = DIRECTION ( 'NONE',  ( 0.000000000000000000, 0.000000000000000000, 1.000000000000000000 ) ) ;
#490 = CIRCLE ( 'NONE', #1168, 1.649999999999998579 ) ;
#491 = FACE_OUTER_BOUND ( 'NONE', #317, .T. ) ;
#492 = VECTOR ( 'NONE', #700, 1000.000000000000000 ) ;
#493 = CYLINDRICAL_SURFACE ( 'NONE', #351, 3.099999999999998757 ) ;
#494 = DIRECTION ( 'NONE',  ( -0.000000000000000000, -0.000000000000000000, 1.000000000000000000 ) ) ;
#495 = AXIS2_PLACEMENT_3D ( 'NONE', #220, #1525, #235 ) ;
#496 = EDGE_CURVE ( 'NONE', #992, #983, #898, .T. ) ;
#497 = CIRCLE ( 'NONE', #1175, 3.099999999999998757 ) ;
#498 = VERTEX_POINT ( 'NONE', #261 ) ;
#499 = CARTESIAN_POINT ( 'NONE',  ( -17.67766952966267269, -17.67766952966371719, 2.000000000000000000 ) ) ;
#500 = APPROVAL_DATE_TIME ( #880, #1690 ) ;
#501 = CARTESIAN_POINT ( 'NONE',  ( -17.67766952966267269, -17.67766952966371719, 6.000000000000000000 ) ) ;
#502 = ADVANCED_FACE ( 'NONE', ( #776, #883 ), #1681, .F. ) ;
#503 = EDGE_CURVE ( 'NONE', #238, #999, #1291, .T. ) ;
#504 = APPROVAL ( #1665, 'æœª' ) ;
#505 = CARTESIAN_POINT ( 'NONE',  ( -3.000000000000115907, -24.99999999999999289, 0.000000000000000000 ) ) ;
#506 = LINE ( 'NONE', #363, #1114 ) ;
#507 = ADVANCED_FACE ( 'NONE', ( #1668 ), #493, .F. ) ;
#508 = ORIENTED_EDGE ( 'NONE', *, *, #1163, .F. ) ;
#509 = CARTESIAN_POINT ( 'NONE',  ( -1.144917494144692682E-13, -24.99999999999999289, 0.000000000000000000 ) ) ;
#510 = DIRECTION ( 'NONE',  ( -0.000000000000000000, -0.000000000000000000, 1.000000000000000000 ) ) ;
#511 = PLANE ( 'NONE',  #298 ) ;
#512 = VERTEX_POINT ( 'NONE', #901 ) ;
#513 = PLANE ( 'NONE',  #760 ) ;
#514 = EDGE_CURVE ( 'NONE', #72, #1500, #243, .T. ) ;
#515 = EDGE_CURVE ( 'NONE', #837, #333, #114, .T. ) ;
#516 = EDGE_LOOP ( 'NONE', ( #1324, #1517, #723, #1564 ) ) ;
#517 = CYLINDRICAL_SURFACE ( 'NONE', #413, 3.000000000000000888 ) ;
#518 = CARTESIAN_POINT ( 'NONE',  ( 0.000000000000000000, -33.00000000000000000, 0.000000000000000000 ) ) ;
#519 = ADVANCED_FACE ( 'NONE', ( #1573 ), #395, .F. ) ;
#520 = CARTESIAN_POINT ( 'NONE',  ( -11.28666472974708945, -31.00985648593497501, 0.000000000000000000 ) ) ;
#521 = AXIS2_PLACEMENT_3D ( 'NONE', #1292, #1698, #1032 ) ;
#522 = FACE_OUTER_BOUND ( 'NONE', #219, .T. ) ;
#523 = CIRCLE ( 'NONE', #1221, 3.000000000000001332 ) ;
#524 = EDGE_LOOP ( 'NONE', ( #773, #593, #941, #1136 ) ) ;
#525 = LINE ( 'NONE', #386, #353 ) ;
#526 = AXIS2_PLACEMENT_3D ( 'NONE', #1010, #1024, #887 ) ;
#527 = CIRCLE ( 'NONE', #1484, 5.399999999999998579 ) ;
#528 = ORIENTED_EDGE ( 'NONE', *, *, #1073, .T. ) ;
#529 = DIRECTION ( 'NONE',  ( -0.000000000000000000, -0.000000000000000000, 1.000000000000000000 ) ) ;
#530 = DIRECTION ( 'NONE',  ( 1.000000000000000000, 0.000000000000000000, 0.000000000000000000 ) ) ;
#531 = ADVANCED_FACE ( 'NONE', ( #1047 ), #940, .F. ) ;
#532 = VERTEX_POINT ( 'NONE', #156 ) ;
#533 = CARTESIAN_POINT ( 'NONE',  ( -14.57766952966267304, -17.67766952966371719, 6.000000000000000000 ) ) ;
#534 = CARTESIAN_POINT ( 'NONE',  ( -17.67766952966267269, -17.67766952966371719, 6.000000000000000000 ) ) ;
#535 = CARTESIAN_POINT ( 'NONE',  ( -1.144917494144692682E-13, -24.99999999999999289, 0.000000000000000000 ) ) ;
#536 = ORIENTED_EDGE ( 'NONE', *, *, #1296, .T. ) ;
#537 = EDGE_CURVE ( 'NONE', #1301, #1315, #923, .T. ) ;
#538 = ORIENTED_EDGE ( 'NONE', *, *, #1206, .T. ) ;
#539 = CARTESIAN_POINT ( 'NONE',  ( 2.500000000000000888, -33.00000000000000000, 0.000000000000000000 ) ) ;
#540 = CARTESIAN_POINT ( 'NONE',  ( -12.27766952966267056, -17.67766952966371719, 6.000000000000000000 ) ) ;
#541 = EDGE_LOOP ( 'NONE', ( #375, #16, #959, #1260 ) ) ;
#542 = VECTOR ( 'NONE', #1372, 1000.000000000000000 ) ;
#543 = CIRCLE ( 'NONE', #1511, 3.099999999999998757 ) ;
#544 = EDGE_LOOP ( 'NONE', ( #590, #1101, #1442, #719 ) ) ;
#545 = AXIS2_PLACEMENT_3D ( 'NONE', #1608, #1361, #689 ) ;
#546 = FACE_OUTER_BOUND ( 'NONE', #1288, .T. ) ;
#547 = VECTOR ( 'NONE', #104, 1000.000000000000000 ) ;
#548 = AXIS2_PLACEMENT_3D ( 'NONE', #800, #132, #1159 ) ;
#549 = EDGE_CURVE ( 'NONE', #1627, #561, #295, .T. ) ;
#550 = DIRECTION ( 'NONE',  ( 1.000000000000000000, 0.000000000000000000, 0.000000000000000000 ) ) ;
#551 = DIRECTION ( 'NONE',  ( 1.000000000000000000, 0.000000000000000000, 0.000000000000000000 ) ) ;
#552 = ORIENTED_EDGE ( 'NONE', *, *, #1534, .T. ) ;
#553 = VERTEX_POINT ( 'NONE', #1063 ) ;
#554 = EDGE_CURVE ( 'NONE', #992, #592, #1463, .T. ) ;
#555 = DIRECTION ( 'NONE',  ( 1.000000000000000000, 0.000000000000000000, 0.000000000000000000 ) ) ;
#556 = CYLINDRICAL_SURFACE ( 'NONE', #1676, 1.649999999999998579 ) ;
#557 = DIRECTION ( 'NONE',  ( 0.000000000000000000, 0.000000000000000000, -1.000000000000000000 ) ) ;
#558 = CARTESIAN_POINT ( 'NONE',  ( 12.93666472974709514, -31.00985648593497146, 0.000000000000000000 ) ) ;
#559 = ORIENTED_EDGE ( 'NONE', *, *, #929, .F. ) ;
#560 = EDGE_CURVE ( 'NONE', #1474, #279, #523, .T. ) ;
#561 = VERTEX_POINT ( 'NONE', #1314 ) ;
#562 = CARTESIAN_POINT ( 'NONE',  ( 17.67766952966470839, -17.67766952966266558, 6.000000000000000000 ) ) ;
#563 = FACE_OUTER_BOUND ( 'NONE', #1207, .T. ) ;
#564 = DIRECTION ( 'NONE',  ( -0.000000000000000000, -0.000000000000000000, 1.000000000000000000 ) ) ;
#565 = VERTEX_POINT ( 'NONE', #686 ) ;
#566 = LINE ( 'NONE', #1220, #788 ) ;
#567 = EDGE_LOOP ( 'NONE', ( #1311, #1242, #106, #528 ) ) ;
#568 = ORIENTED_EDGE ( 'NONE', *, *, #1275, .T. ) ;
#569 = CIRCLE ( 'NONE', #838, 1.649999999999998579 ) ;
#570 = DIRECTION ( 'NONE',  ( -0.000000000000000000, -0.000000000000000000, 1.000000000000000000 ) ) ;
#571 = CIRCLE ( 'NONE', #1141, 3.000000000000000888 ) ;
#572 = DIRECTION ( 'NONE',  ( -0.000000000000000000, -0.000000000000000000, 1.000000000000000000 ) ) ;
#573 = AXIS2_PLACEMENT_3D ( 'NONE', #55, #805, #37 ) ;
#574 = CARTESIAN_POINT ( 'NONE',  ( 34.14865584940292109, 5.730389863008380935, 6.000000000000000000 ) ) ;
#575 = EDGE_LOOP ( 'NONE', ( #291, #399 ) ) ;
#576 = CYLINDRICAL_SURFACE ( 'NONE', #1306, 5.400000000000002132 ) ;
#577 = EDGE_LOOP ( 'NONE', ( #732, #960, #1219, #407 ) ) ;
#578 = DIRECTION ( 'NONE',  ( 0.000000000000000000, 0.000000000000000000, 1.000000000000000000 ) ) ;
#579 = DIRECTION ( 'NONE',  ( -0.000000000000000000, -0.000000000000000000, 1.000000000000000000 ) ) ;
#580 = CARTESIAN_POINT ( 'NONE',  ( -17.67766952966372074, 17.67766952966365324, 6.000000000000000000 ) ) ;
#581 = ORIENTED_EDGE ( 'NONE', *, *, #1457, .T. ) ;
#582 = DIRECTION ( 'NONE',  ( -0.000000000000000000, -0.000000000000000000, 1.000000000000000000 ) ) ;
#583 = EDGE_CURVE ( 'NONE', #443, #344, #569, .T. ) ;
#584 = ORIENTED_EDGE ( 'NONE', *, *, #1073, .F. ) ;
#585 = ORIENTED_EDGE ( 'NONE', *, *, #486, .T. ) ;
#586 = CARTESIAN_POINT ( 'NONE',  ( -23.07766952966267127, -17.67766952966371719, 2.000000000000000000 ) ) ;
#587 = COORDINATED_UNIVERSAL_TIME_OFFSET ( 8, 0, .AHEAD. ) ;
#588 = DIRECTION ( 'NONE',  ( 1.000000000000000000, 0.000000000000000000, 0.000000000000000000 ) ) ;
#589 = DIRECTION ( 'NONE',  ( -0.000000000000000000, -0.000000000000000000, 1.000000000000000000 ) ) ;
#590 = ORIENTED_EDGE ( 'NONE', *, *, #1468, .F. ) ;
#591 = CYLINDRICAL_SURFACE ( 'NONE', #1335, 3.099999999999998757 ) ;
#592 = VERTEX_POINT ( 'NONE', #1470 ) ;
#593 = ORIENTED_EDGE ( 'NONE', *, *, #69, .F. ) ;
#594 = DIRECTION ( 'NONE',  ( -0.000000000000000000, -0.000000000000000000, 1.000000000000000000 ) ) ;
#595 = VECTOR ( 'NONE', #897, 1000.000000000000000 ) ;
#596 = VECTOR ( 'NONE', #371, 1000.000000000000000 ) ;
#597 = CALENDAR_DATE ( 2025, 13, 2 ) ;
#598 = CARTESIAN_POINT ( 'NONE',  ( 12.27766952966470981, -17.67766952966266558, 2.000000000000000000 ) ) ;
#599 = ORIENTED_EDGE ( 'NONE', *, *, #1215, .T. ) ;
#600 = AXIS2_PLACEMENT_3D ( 'NONE', #1064, #1472, #1675 ) ;
#601 = CYLINDRICAL_SURFACE ( 'NONE', #871, 2.499999999999998668 ) ;
#602 = CONICAL_SURFACE ( 'NONE', #495, 37.49999999999999289, 0.7853981633974415066 ) ;
#603 = AXIS2_PLACEMENT_3D ( 'NONE', #1410, #354, #1689 ) ;
#604 = ORIENTED_EDGE ( 'NONE', *, *, #307, .F. ) ;
#605 = AXIS2_PLACEMENT_3D ( 'NONE', #168, #1633, #315 ) ;
#606 = VERTEX_POINT ( 'NONE', #1614 ) ;
#607 = CARTESIAN_POINT ( 'NONE',  ( -12.93666472974708803, -31.00985648593497501, 0.000000000000000000 ) ) ;
#608 = EDGE_CURVE ( 'NONE', #606, #1257, #1602, .T. ) ;
#609 = DIRECTION ( 'NONE',  ( 0.000000000000000000, 0.000000000000000000, 1.000000000000000000 ) ) ;
#610 = CARTESIAN_POINT ( 'NONE',  ( 17.67766952966365324, 17.67766952966470484, 6.000000000000000000 ) ) ;
#611 = VERTEX_POINT ( 'NONE', #540 ) ;
#612 = EDGE_LOOP ( 'NONE', ( #173, #79 ) ) ;
#613 = ORIENTED_EDGE ( 'NONE', *, *, #643, .T. ) ;
#614 = CYLINDRICAL_SURFACE ( 'NONE', #385, 1.649999999999998579 ) ;
#615 = APPROVAL_ROLE ( '' ) ;
#616 = DIRECTION ( 'NONE',  ( 0.000000000000000000, 0.000000000000000000, 1.000000000000000000 ) ) ;
#617 = EDGE_CURVE ( 'NONE', #861, #1295, #490, .T. ) ;
#618 = CARTESIAN_POINT ( 'NONE',  ( 0.000000000000000000, 0.000000000000000000, 6.000000000000000000 ) ) ;
#619 = ORIENTED_EDGE ( 'NONE', *, *, #515, .T. ) ;
#620 = FACE_BOUND ( 'NONE', #51, .T. ) ;
#621 = PERSON_AND_ORGANIZATION ( #881, #1651 ) ;
#622 = CARTESIAN_POINT ( 'NONE',  ( 36.99999999999997868, 4.561809326823888213E-15, 6.000000000000000000 ) ) ;
#623 = AXIS2_PLACEMENT_3D ( 'NONE', #680, #1181, #15 ) ;
#624 = DIRECTION ( 'NONE',  ( 1.000000000000000000, 0.000000000000000000, 0.000000000000000000 ) ) ;
#625 = DIRECTION ( 'NONE',  ( -0.000000000000000000, -0.000000000000000000, 1.000000000000000000 ) ) ;
#626 = FACE_OUTER_BOUND ( 'NONE', #987, .T. ) ;
#627 = AXIS2_PLACEMENT_3D ( 'NONE', #1556, #1045, #1140 ) ;
#628 = AXIS2_PLACEMENT_3D ( 'NONE', #534, #1580, #639 ) ;
#629 = EDGE_LOOP ( 'NONE', ( #158, #321, #864, #1609 ) ) ;
#630 = DIRECTION ( 'NONE',  ( -0.000000000000000000, -0.000000000000000000, 1.000000000000000000 ) ) ;
#631 = DIRECTION ( 'NONE',  ( 0.000000000000000000, 0.000000000000000000, 1.000000000000000000 ) ) ;
#632 = DIRECTION ( 'NONE',  ( -1.000000000000000000, 0.000000000000000000, -0.000000000000000000 ) ) ;
#633 = DIRECTION ( 'NONE',  ( 1.000000000000000000, 0.000000000000000000, 0.000000000000000000 ) ) ;
#634 = FACE_BOUND ( 'NONE', #137, .T. ) ;
#635 = EDGE_LOOP ( 'NONE', ( #200, #1039, #471, #144 ) ) ;
#636 = DIRECTION ( 'NONE',  ( -0.000000000000000000, -0.000000000000000000, 1.000000000000000000 ) ) ;
#637 = ORIENTED_EDGE ( 'NONE', *, *, #1321, .F. ) ;
#638 = DIRECTION ( 'NONE',  ( -0.000000000000000000, -0.000000000000000000, 1.000000000000000000 ) ) ;
#639 = DIRECTION ( 'NONE',  ( 1.000000000000000000, 0.000000000000000000, 0.000000000000000000 ) ) ;
#640 = CARTESIAN_POINT ( 'NONE',  ( 0.000000000000000000, 0.000000000000000000, 6.000000000000000000 ) ) ;
#641 = FACE_BOUND ( 'NONE', #1165, .T. ) ;
#642 = ORIENTED_EDGE ( 'NONE', *, *, #460, .T. ) ;
#643 = EDGE_CURVE ( 'NONE', #1338, #1615, #1670, .T. ) ;
#644 = FACE_OUTER_BOUND ( 'NONE', #448, .T. ) ;
#645 = VERTEX_POINT ( 'NONE', #438 ) ;
#646 = DIRECTION ( 'NONE',  ( -0.000000000000000000, -0.000000000000000000, 1.000000000000000000 ) ) ;
#647 = CARTESIAN_POINT ( 'NONE',  ( -17.67766952966372074, 17.67766952966365324, 2.000000000000000000 ) ) ;
#648 = VECTOR ( 'NONE', #379, 1000.000000000000000 ) ;
#649 = EDGE_CURVE ( 'NONE', #532, #459, #408, .T. ) ;
#650 = ORIENTED_EDGE ( 'NONE', *, *, #1502, .T. ) ;
#651 = VECTOR ( 'NONE', #190, 1000.000000000000000 ) ;
#652 = AXIS2_PLACEMENT_3D ( 'NONE', #501, #1436, #757 ) ;
#653 = ORIENTED_EDGE ( 'NONE', *, *, #1312, .T. ) ;
#654 = AXIS2_PLACEMENT_3D ( 'NONE', #817, #962, #1341 ) ;
#655 = CARTESIAN_POINT ( 'NONE',  ( 0.000000000000000000, 0.000000000000000000, 0.000000000000000000 ) ) ;
#656 = LOCAL_TIME ( 19, 10, 14.00000000000000000, #587 ) ;
#657 = CARTESIAN_POINT ( 'NONE',  ( -32.49865584940285146, 5.730389863008826801, 6.000000000000000000 ) ) ;
#658 = CARTESIAN_POINT ( 'NONE',  ( -14.57766952966372109, 17.67766952966365324, 6.000000000000000000 ) ) ;
#659 = ORIENTED_EDGE ( 'NONE', *, *, #301, .T. ) ;
#660 = EDGE_LOOP ( 'NONE', ( #877, #1655, #23, #10 ) ) ;
#661 = EDGE_CURVE ( 'NONE', #999, #1588, #977, .T. ) ;
#662 = DIRECTION ( 'NONE',  ( 1.000000000000000000, 0.000000000000000000, 0.000000000000000000 ) ) ;
#663 = CARTESIAN_POINT ( 'NONE',  ( 11.28666472974709656, -31.00985648593497146, 6.000000000000000000 ) ) ;
#664 = VERTEX_POINT ( 'NONE', #1328 ) ;
#665 = ORIENTED_EDGE ( 'NONE', *, *, #1023, .T. ) ;
#666 = CARTESIAN_POINT ( 'NONE',  ( -14.57766952966267304, -17.67766952966371719, 2.000000000000000000 ) ) ;
#667 = LINE ( 'NONE', #1190, #844 ) ;
#668 = CARTESIAN_POINT ( 'NONE',  ( 0.000000000000000000, -33.00000000000000000, 6.000000000000000000 ) ) ;
#669 = FACE_BOUND ( 'NONE', #285, .T. ) ;
#670 = ADVANCED_FACE ( 'NONE', ( #169 ), #1489, .F. ) ;
#671 = ORIENTED_EDGE ( 'NONE', *, *, #1016, .T. ) ;
#672 = VECTOR ( 'NONE', #299, 1000.000000000000000 ) ;
#673 = VECTOR ( 'NONE', #1600, 1000.000000000000000 ) ;
#674 = ORIENTED_EDGE ( 'NONE', *, *, #1023, .F. ) ;
#675 = AXIS2_PLACEMENT_3D ( 'NONE', #882, #1407, #1271 ) ;
#676 = CARTESIAN_POINT ( 'NONE',  ( 17.67766952966365324, 17.67766952966470484, 6.000000000000000000 ) ) ;
#677 = CIRCLE ( 'NONE', #92, 5.400000000000000355 ) ;
#678 = AXIS2_PLACEMENT_3D ( 'NONE', #1452, #775, #922 ) ;
#679 = DIRECTION ( 'NONE',  ( 1.000000000000000000, 0.000000000000000000, 0.000000000000000000 ) ) ;
#680 = CARTESIAN_POINT ( 'NONE',  ( 11.28666472974709656, -31.00985648593497146, 6.000000000000000000 ) ) ;
#681 = LINE ( 'NONE', #86, #1396 ) ;
#682 = ORIENTED_EDGE ( 'NONE', *, *, #799, .T. ) ;
#683 = ORIENTED_EDGE ( 'NONE', *, *, #781, .F. ) ;
#684 = DIRECTION ( 'NONE',  ( 0.000000000000000000, 0.000000000000000000, 1.000000000000000000 ) ) ;
#685 = CARTESIAN_POINT ( 'NONE',  ( 2.500000000000000888, -33.00000000000000000, 6.000000000000000000 ) ) ;
#686 = CARTESIAN_POINT ( 'NONE',  ( 14.57766952966470875, -17.67766952966266558, 2.000000000000000000 ) ) ;
#687 = ORIENTED_EDGE ( 'NONE', *, *, #111, .T. ) ;
#688 = EDGE_CURVE ( 'NONE', #157, #1362, #1203, .T. ) ;
#689 = DIRECTION ( 'NONE',  ( 1.000000000000000000, 0.000000000000000000, 0.000000000000000000 ) ) ;
#690 = ORIENTED_EDGE ( 'NONE', *, *, #1124, .T. ) ;
#691 = DIRECTION ( 'NONE',  ( 1.000000000000000000, 0.000000000000000000, 0.000000000000000000 ) ) ;
#692 = LINE ( 'NONE', #833, #1036 ) ;
#693 = CARTESIAN_POINT ( 'NONE',  ( 14.57766952966365537, 17.67766952966470484, 6.000000000000000000 ) ) ;
#694 = EDGE_LOOP ( 'NONE', ( #767, #1155, #619, #215 ) ) ;
#695 = DIRECTION ( 'NONE',  ( -0.000000000000000000, -0.000000000000000000, 1.000000000000000000 ) ) ;
#696 = ADVANCED_FACE ( 'NONE', ( #1607 ), #428, .F. ) ;
#697 = EDGE_LOOP ( 'NONE', ( #1037, #1182, #1187, #1559 ) ) ;
#698 = EDGE_LOOP ( 'NONE', ( #347, #52 ) ) ;
#699 = AXIS2_PLACEMENT_3D ( 'NONE', #1444, #1171, #6 ) ;
#700 = DIRECTION ( 'NONE',  ( -0.000000000000000000, -0.000000000000000000, 1.000000000000000000 ) ) ;
#701 = AXIS2_PLACEMENT_3D ( 'NONE', #359, #472, #988 ) ;
#702 = EDGE_CURVE ( 'NONE', #1102, #837, #818, .T. ) ;
#703 = AXIS2_PLACEMENT_3D ( 'NONE', #1007, #1259, #242 ) ;
#704 = DIRECTION ( 'NONE',  ( -0.7071067811865426878, 8.659560562354874926E-17, 0.7071067811865524577 ) ) ;
#705 = CARTESIAN_POINT ( 'NONE',  ( 34.14865584940292109, 5.730389863008380935, 0.000000000000000000 ) ) ;
#706 = DIRECTION ( 'NONE',  ( -1.000000000000000000, 0.000000000000000000, 0.000000000000000000 ) ) ;
#707 = EDGE_LOOP ( 'NONE', ( #1348, #482 ) ) ;
#708 = LOCAL_TIME ( 19, 10, 14.00000000000000000, #1640 ) ;
#709 = CARTESIAN_POINT ( 'NONE',  ( -12.27766952966372038, 17.67766952966365324, 6.000000000000000000 ) ) ;
#710 = ORIENTED_EDGE ( 'NONE', *, *, #739, .F. ) ;
#711 = VERTEX_POINT ( 'NONE', #574 ) ;
#712 = CARTESIAN_POINT ( 'NONE',  ( 11.28666472974709656, -31.00985648593497146, 6.000000000000000000 ) ) ;
#713 = CARTESIAN_POINT ( 'NONE',  ( -17.67766952966267269, -17.67766952966371719, 0.000000000000000000 ) ) ;
#714 = FACE_OUTER_BOUND ( 'NONE', #185, .T. ) ;
#715 = DIRECTION ( 'NONE',  ( 1.000000000000000000, 0.000000000000000000, 0.000000000000000000 ) ) ;
#716 = VERTEX_POINT ( 'NONE', #1497 ) ;
#717 = CARTESIAN_POINT ( 'NONE',  ( -17.67766952966267269, -17.67766952966371719, 0.000000000000000000 ) ) ;
#718 = ADVANCED_FACE ( 'NONE', ( #1635 ), #76, .F. ) ;
#719 = ORIENTED_EDGE ( 'NONE', *, *, #1192, .F. ) ;
#720 = VERTEX_POINT ( 'NONE', #1218 ) ;
#721 = CARTESIAN_POINT ( 'NONE',  ( -30.84865584940285643, 5.730389863008826801, 6.000000000000000000 ) ) ;
#722 = DIRECTION ( 'NONE',  ( 1.000000000000000000, 0.000000000000000000, 0.000000000000000000 ) ) ;
#723 = ORIENTED_EDGE ( 'NONE', *, *, #367, .T. ) ;
#724 = FACE_OUTER_BOUND ( 'NONE', #789, .T. ) ;
#725 = EDGE_CURVE ( 'NONE', #57, #811, #327, .T. ) ;
#726 = ORIENTED_EDGE ( 'NONE', *, *, #1154, .T. ) ;
#727 = FACE_OUTER_BOUND ( 'NONE', #1376, .T. ) ;
#728 = VECTOR ( 'NONE', #1230, 1000.000000000000114 ) ;
#729 = AXIS2_PLACEMENT_3D ( 'NONE', #1320, #309, #933 ) ;
#730 = DATE_AND_TIME ( #1652, #656 ) ;
#731 = LINE ( 'NONE', #66, #1513 ) ;
#732 = ORIENTED_EDGE ( 'NONE', *, *, #1021, .F. ) ;
#733 = AXIS2_PLACEMENT_3D ( 'NONE', #174, #570, #937 ) ;
#734 = DIRECTION ( 'NONE',  ( 1.000000000000000000, 0.000000000000000000, 0.000000000000000000 ) ) ;
#735 = AXIS2_PLACEMENT_3D ( 'NONE', #1550, #1303, #110 ) ;
#736 = ORIENTED_EDGE ( 'NONE', *, *, #486, .F. ) ;
#737 = AXIS2_PLACEMENT_3D ( 'NONE', #160, #769, #148 ) ;
#738 = ORIENTED_EDGE ( 'NONE', *, *, #781, .T. ) ;
#739 = EDGE_CURVE ( 'NONE', #1257, #403, #1420, .T. ) ;
#740 = EDGE_CURVE ( 'NONE', #664, #403, #1626, .T. ) ;
#741 = CARTESIAN_POINT ( 'NONE',  ( 0.000000000000000000, 0.000000000000000000, 0.000000000000000000 ) ) ;
#742 = DATE_AND_TIME ( #859, #1120 ) ;
#743 = CARTESIAN_POINT ( 'NONE',  ( 12.27766952966365110, 17.67766952966470484, 6.000000000000000000 ) ) ;
#744 = FACE_OUTER_BOUND ( 'NONE', #1176, .T. ) ;
#745 = CARTESIAN_POINT ( 'NONE',  ( 14.57766952966470875, -17.67766952966266558, 0.000000000000000000 ) ) ;
#746 = EDGE_LOOP ( 'NONE', ( #209, #1494 ) ) ;
#747 = CYLINDRICAL_SURFACE ( 'NONE', #526, 3.099999999999998757 ) ;
#748 = EDGE_CURVE ( 'NONE', #1243, #1598, #1359, .T. ) ;
#749 = PERSON_AND_ORGANIZATION_ROLE ( 'creator' ) ;
#750 = DIRECTION ( 'NONE',  ( -0.000000000000000000, -0.000000000000000000, 1.000000000000000000 ) ) ;
#751 = CARTESIAN_POINT ( 'NONE',  ( 19.56199111965601389, 25.27946662292610114, 6.000000000000000000 ) ) ;
#752 = LINE ( 'NONE', #771, #547 ) ;
#753 = EDGE_CURVE ( 'NONE', #1373, #68, #382, .T. ) ;
#754 = ORIENTED_EDGE ( 'NONE', *, *, #1682, .F. ) ;
#755 = CARTESIAN_POINT ( 'NONE',  ( -34.14865584940285714, 5.730389863008826801, 6.000000000000000000 ) ) ;
#756 = EDGE_CURVE ( 'NONE', #163, #711, #455, .T. ) ;
#757 = DIRECTION ( 'NONE',  ( 1.000000000000000000, 0.000000000000000000, 0.000000000000000000 ) ) ;
#758 = VECTOR ( 'NONE', #1307, 1000.000000000000000 ) ;
#759 = CYLINDRICAL_SURFACE ( 'NONE', #467, 2.500000000000000888 ) ;
#760 = AXIS2_PLACEMENT_3D ( 'NONE', #1194, #766, #1148 ) ;
#761 = CARTESIAN_POINT ( 'NONE',  ( 30.84865584940292393, 5.730389863008380935, 6.000000000000000000 ) ) ;
#762 = FACE_BOUND ( 'NONE', #1354, .T. ) ;
#763 = AXIS2_PLACEMENT_3D ( 'NONE', #1132, #489, #588 ) ;
#764 = AXIS2_PLACEMENT_3D ( 'NONE', #915, #1019, #1046 ) ;
#765 = ORIENTED_EDGE ( 'NONE', *, *, #223, .F. ) ;
#766 = DIRECTION ( 'NONE',  ( 0.000000000000000000, 0.000000000000000000, 1.000000000000000000 ) ) ;
#767 = ORIENTED_EDGE ( 'NONE', *, *, #1186, .F. ) ;
#768 = CC_DESIGN_PERSON_AND_ORGANIZATION_ASSIGNMENT ( #1522, #749, ( #1310 ) ) ;
#769 = DIRECTION ( 'NONE',  ( -0.000000000000000000, -0.000000000000000000, 1.000000000000000000 ) ) ;
#770 = DIRECTION ( 'NONE',  ( -0.000000000000000000, -0.000000000000000000, 1.000000000000000000 ) ) ;
#771 = CARTESIAN_POINT ( 'NONE',  ( -30.84865584940285643, 5.730389863008826801, 6.000000000000000000 ) ) ;
#772 = CYLINDRICAL_SURFACE ( 'NONE', #329, 1.649999999999998579 ) ;
#773 = ORIENTED_EDGE ( 'NONE', *, *, #740, .F. ) ;
#774 = CARTESIAN_POINT ( 'NONE',  ( -32.49865584940285146, 5.730389863008826801, 6.000000000000000000 ) ) ;
#775 = DIRECTION ( 'NONE',  ( -0.000000000000000000, -0.000000000000000000, 1.000000000000000000 ) ) ;
#776 = FACE_BOUND ( 'NONE', #990, .T. ) ;
#777 = ADVANCED_FACE ( 'NONE', ( #972 ), #410, .T. ) ;
#778 = ORIENTED_EDGE ( 'NONE', *, *, #1186, .T. ) ;
#779 = FACE_BOUND ( 'NONE', #181, .T. ) ;
#780 = VERTEX_POINT ( 'NONE', #420 ) ;
#781 = EDGE_CURVE ( 'NONE', #896, #1261, #435, .T. ) ;
#782 = CARTESIAN_POINT ( 'NONE',  ( -3.000000000000115907, -24.99999999999999289, 6.000000000000000000 ) ) ;
#783 = CARTESIAN_POINT ( 'NONE',  ( -2.500000000000000888, -33.00000000000000000, 0.000000000000000000 ) ) ;
#784 = AXIS2_PLACEMENT_3D ( 'NONE', #520, #1020, #1558 ) ;
#785 = EDGE_CURVE ( 'NONE', #1411, #831, #306, .T. ) ;
#786 = AXIS2_PLACEMENT_3D ( 'NONE', #666, #1189, #24 ) ;
#787 = ORIENTED_EDGE ( 'NONE', *, *, #90, .T. ) ;
#788 = VECTOR ( 'NONE', #197, 1000.000000000000000 ) ;
#789 = EDGE_LOOP ( 'NONE', ( #1286, #1418, #180, #830 ) ) ;
#790 = DIRECTION ( 'NONE',  ( 1.000000000000000000, 0.000000000000000000, 0.000000000000000000 ) ) ;
#791 = DIRECTION ( 'NONE',  ( 0.000000000000000000, 0.000000000000000000, 1.000000000000000000 ) ) ;
#792 = EDGE_CURVE ( 'NONE', #57, #1648, #868, .T. ) ;
#793 = ORIENTED_EDGE ( 'NONE', *, *, #108, .F. ) ;
#794 = CC_DESIGN_DATE_AND_TIME_ASSIGNMENT ( #851, #1677, ( #1437 ) ) ;
#795 = VERTEX_POINT ( 'NONE', #1495 ) ;
#796 = DIRECTION ( 'NONE',  ( -0.000000000000000000, -0.000000000000000000, 1.000000000000000000 ) ) ;
#797 = EDGE_CURVE ( 'NONE', #164, #565, #1080, .T. ) ;
#798 = APPLICATION_CONTEXT ( 'configuration controlled 3d designs of mechanical parts and assemblies' ) ;
#799 = EDGE_CURVE ( 'NONE', #819, #1588, #1084, .T. ) ;
#800 = CARTESIAN_POINT ( 'NONE',  ( -21.21199111965567496, 25.27946662292639601, 0.000000000000000000 ) ) ;
#801 = DIRECTION ( 'NONE',  ( 1.000000000000000000, 0.000000000000000000, 0.000000000000000000 ) ) ;
#802 = ORIENTED_EDGE ( 'NONE', *, *, #785, .F. ) ;
#803 = VERTEX_POINT ( 'NONE', #44 ) ;
#804 = CARTESIAN_POINT ( 'NONE',  ( -3.000000000000115907, -24.99999999999999289, 0.000000000000000000 ) ) ;
#805 = DIRECTION ( 'NONE',  ( -0.000000000000000000, -0.000000000000000000, 1.000000000000000000 ) ) ;
#806 = DIRECTION ( 'NONE',  ( 1.000000000000000000, 0.000000000000000000, 0.000000000000000000 ) ) ;
#807 = DIRECTION ( 'NONE',  ( 1.000000000000000000, 0.000000000000000000, 0.000000000000000000 ) ) ;
#808 = CIRCLE ( 'NONE', #928, 1.649999999999998579 ) ;
#809 = UNCERTAINTY_MEASURE_WITH_UNIT (LENGTH_MEASURE( 1.000000000000000082E-05 ), #1126, 'distance_accuracy_value', 'NONE');
#810 = EDGE_CURVE ( 'NONE', #1588, #999, #1536, .T. ) ;
#811 = VERTEX_POINT ( 'NONE', #412 ) ;
#812 = AXIS2_PLACEMENT_3D ( 'NONE', #774, #1297, #1277 ) ;
#813 = ORIENTED_EDGE ( 'NONE', *, *, #13, .T. ) ;
#814 = CYLINDRICAL_SURFACE ( 'NONE', #1055, 37.49999999999999289 ) ;
#815 = CIRCLE ( 'NONE', #521, 3.099999999999998757 ) ;
#816 = CIRCLE ( 'NONE', #94, 5.399999999999998579 ) ;
#817 = CARTESIAN_POINT ( 'NONE',  ( 21.21199111965601247, 25.27946662292610114, 6.000000000000000000 ) ) ;
#818 = LINE ( 'NONE', #1342, #542 ) ;
#819 = VERTEX_POINT ( 'NONE', #1590 ) ;
#820 = DIRECTION ( 'NONE',  ( 1.000000000000000000, 0.000000000000000000, 0.000000000000000000 ) ) ;
#821 = ADVANCED_FACE ( 'NONE', ( #280 ), #444, .F. ) ;
#822 = ADVANCED_FACE ( 'NONE', ( #286 ), #1325, .F. ) ;
#823 = ORIENTED_EDGE ( 'NONE', *, *, #473, .T. ) ;
#824 = ORIENTED_EDGE ( 'NONE', *, *, #1275, .F. ) ;
#825 = CARTESIAN_POINT ( 'NONE',  ( -20.77766952966267056, -17.67766952966371719, 2.000000000000000000 ) ) ;
#826 = CARTESIAN_POINT ( 'NONE',  ( 17.67766952966470839, -17.67766952966266558, 2.000000000000000000 ) ) ;
#827 = DIRECTION ( 'NONE',  ( -0.000000000000000000, -0.000000000000000000, 1.000000000000000000 ) ) ;
#828 = ORIENTED_EDGE ( 'NONE', *, *, #18, .F. ) ;
#829 = CARTESIAN_POINT ( 'NONE',  ( 17.67766952966470839, -17.67766952966266558, 6.000000000000000000 ) ) ;
#830 = ORIENTED_EDGE ( 'NONE', *, *, #105, .F. ) ;
#831 = VERTEX_POINT ( 'NONE', #36 ) ;
#832 = FACE_BOUND ( 'NONE', #848, .T. ) ;
#833 = CARTESIAN_POINT ( 'NONE',  ( -37.49999999999999289, 4.592425496802573578E-15, 0.4999999999999865663 ) ) ;
#834 = DIRECTION ( 'NONE',  ( 1.000000000000000000, 0.000000000000000000, 0.000000000000000000 ) ) ;
#835 = ORIENTED_EDGE ( 'NONE', *, *, #45, .T. ) ;
#836 = LINE ( 'NONE', #709, #1172 ) ;
#837 = VERTEX_POINT ( 'NONE', #825 ) ;
#838 = AXIS2_PLACEMENT_3D ( 'NONE', #663, #21, #956 ) ;
#839 = DIRECTION ( 'NONE',  ( 0.000000000000000000, 0.000000000000000000, 1.000000000000000000 ) ) ;
#840 = AXIS2_PLACEMENT_3D ( 'NONE', #1380, #1133, #624 ) ;
#841 = CIRCLE ( 'NONE', #947, 5.400000000000000355 ) ;
#842 = CARTESIAN_POINT ( 'NONE',  ( 37.49999999999999289, 4.592425496802573578E-15, 5.499999999999985789 ) ) ;
#843 = CARTESIAN_POINT ( 'NONE',  ( -28.57883832488647968, 16.49999999999999289, 6.000000000000000000 ) ) ;
#844 = VECTOR ( 'NONE', #1313, 1000.000000000000000 ) ;
#845 = CARTESIAN_POINT ( 'NONE',  ( 0.000000000000000000, 0.000000000000000000, 6.000000000000000000 ) ) ;
#846 = ORIENTED_EDGE ( 'NONE', *, *, #554, .T. ) ;
#847 = FACE_OUTER_BOUND ( 'NONE', #567, .T. ) ;
#848 = EDGE_LOOP ( 'NONE', ( #419, #1240 ) ) ;
#849 = ORIENTED_EDGE ( 'NONE', *, *, #1021, .T. ) ;
#850 = EDGE_CURVE ( 'NONE', #983, #1043, #961, .T. ) ;
#851 = DATE_AND_TIME ( #1377, #708 ) ;
#852 = CARTESIAN_POINT ( 'NONE',  ( -14.57766952966267304, -17.67766952966371719, 0.000000000000000000 ) ) ;
#853 = ORIENTED_EDGE ( 'NONE', *, *, #1254, .T. ) ;
#854 = EDGE_CURVE ( 'NONE', #424, #1474, #1072, .T. ) ;
#855 = ORIENTED_EDGE ( 'NONE', *, *, #1206, .F. ) ;
#856 = ORIENTED_EDGE ( 'NONE', *, *, #377, .T. ) ;
#857 = EDGE_CURVE ( 'NONE', #130, #831, #1113, .T. ) ;
#858 = CARTESIAN_POINT ( 'NONE',  ( 0.000000000000000000, 0.000000000000000000, 6.000000000000000000 ) ) ;
#859 = CALENDAR_DATE ( 2025, 13, 2 ) ;
#860 = DIRECTION ( 'NONE',  ( -0.000000000000000000, -0.000000000000000000, 1.000000000000000000 ) ) ;
#861 = VERTEX_POINT ( 'NONE', #314 ) ;
#862 = ADVANCED_FACE ( 'NONE', ( #832, #931 ), #1460, .F. ) ;
#863 = CARTESIAN_POINT ( 'NONE',  ( -21.21199111965567496, 25.27946662292639601, 0.000000000000000000 ) ) ;
#864 = ORIENTED_EDGE ( 'NONE', *, *, #1268, .T. ) ;
#865 = ORIENTED_EDGE ( 'NONE', *, *, #857, .T. ) ;
#866 = CARTESIAN_POINT ( 'NONE',  ( -15.75000000000000000, 1.928818708657081344E-15, 0.000000000000000000 ) ) ;
#867 = CIRCLE ( 'NONE', #25, 1.649999999999998579 ) ;
#868 = CIRCLE ( 'NONE', #1304, 5.399999999999998579 ) ;
#869 = COORDINATED_UNIVERSAL_TIME_OFFSET ( 8, 0, .AHEAD. ) ;
#870 = CARTESIAN_POINT ( 'NONE',  ( 37.00000000000001421, 0.000000000000000000, 0.000000000000000000 ) ) ;
#871 = AXIS2_PLACEMENT_3D ( 'NONE', #872, #1415, #734 ) ;
#872 = CARTESIAN_POINT ( 'NONE',  ( -28.57883832488647968, 16.49999999999999289, 0.000000000000000000 ) ) ;
#873 = AXIS2_PLACEMENT_3D ( 'NONE', #171, #429, #1374 ) ;
#874 = AXIS2_PLACEMENT_3D ( 'NONE', #1686, #122, #1566 ) ;
#875 = FACE_BOUND ( 'NONE', #417, .T. ) ;
#876 = ADVANCED_FACE ( 'NONE', ( #546 ), #165, .F. ) ;
#877 = ORIENTED_EDGE ( 'NONE', *, *, #1628, .F. ) ;
#878 = ADVANCED_FACE ( 'NONE', ( #294 ), #814, .T. ) ;
#879 = CARTESIAN_POINT ( 'NONE',  ( -2.500000000000000888, -33.00000000000000000, 6.000000000000000000 ) ) ;
#880 = DATE_AND_TIME ( #1540, #393 ) ;
#881 = PERSON ( 'æœª', 'æœª', 'æœª', ('æœª'), ('æœª'), ('æœª') ) ;
#882 = CARTESIAN_POINT ( 'NONE',  ( 0.000000000000000000, 0.000000000000000000, 6.000000000000000000 ) ) ;
#883 = FACE_OUTER_BOUND ( 'NONE', #313, .T. ) ;
#884 = LINE ( 'NONE', #1683, #1027 ) ;
#885 = VERTEX_POINT ( 'NONE', #1208 ) ;
#886 = EDGE_CURVE ( 'NONE', #967, #164, #952, .T. ) ;
#887 = DIRECTION ( 'NONE',  ( 1.000000000000000000, 0.000000000000000000, 0.000000000000000000 ) ) ;
#888 = DATE_TIME_ROLE ( 'classification_date' ) ;
#889 = CARTESIAN_POINT ( 'NONE',  ( -14.57766952966267304, -17.67766952966371719, 2.000000000000000000 ) ) ;
#890 = CYLINDRICAL_SURFACE ( 'NONE', #703, 1.649999999999998579 ) ;
#891 = ADVANCED_FACE ( 'NONE', ( #727 ), #614, .F. ) ;
#892 = DIRECTION ( 'NONE',  ( -0.000000000000000000, -0.000000000000000000, 1.000000000000000000 ) ) ;
#893 = DIRECTION ( 'NONE',  ( -0.000000000000000000, -0.000000000000000000, 1.000000000000000000 ) ) ;
#894 = VERTEX_POINT ( 'NONE', #586 ) ;
#895 = DIRECTION ( 'NONE',  ( 0.000000000000000000, 0.000000000000000000, 1.000000000000000000 ) ) ;
#896 = VERTEX_POINT ( 'NONE', #721 ) ;
#897 = DIRECTION ( 'NONE',  ( -0.000000000000000000, -0.000000000000000000, 1.000000000000000000 ) ) ;
#898 = CIRCLE ( 'NONE', #784, 1.649999999999998579 ) ;
#899 = DIRECTION ( 'NONE',  ( -0.000000000000000000, -0.000000000000000000, 1.000000000000000000 ) ) ;
#900 = CIRCLE ( 'NONE', #1170, 3.000000000000001332 ) ;
#901 = CARTESIAN_POINT ( 'NONE',  ( 23.07766952966471052, -17.67766952966266558, 6.000000000000000000 ) ) ;
#902 = FACE_BOUND ( 'NONE', #1050, .T. ) ;
#903 = CIRCLE ( 'NONE', #735, 3.099999999999998757 ) ;
#904 = CIRCLE ( 'NONE', #954, 3.099999999999998757 ) ;
#905 = EDGE_LOOP ( 'NONE', ( #1507, #93 ) ) ;
#906 = CYLINDRICAL_SURFACE ( 'NONE', #60, 1.649999999999998579 ) ;
#907 = ORIENTED_EDGE ( 'NONE', *, *, #854, .T. ) ;
#908 = CARTESIAN_POINT ( 'NONE',  ( 17.67766952966470839, -17.67766952966266558, 0.000000000000000000 ) ) ;
#909 = DIRECTION ( 'NONE',  ( -0.000000000000000000, -0.000000000000000000, 1.000000000000000000 ) ) ;
#910 = CARTESIAN_POINT ( 'NONE',  ( 2.999999999999886757, -24.99999999999999289, 0.000000000000000000 ) ) ;
#911 = ORIENTED_EDGE ( 'NONE', *, *, #1628, .T. ) ;
#912 = DIRECTION ( 'NONE',  ( -0.000000000000000000, -0.000000000000000000, 1.000000000000000000 ) ) ;
#913 = ORIENTED_EDGE ( 'NONE', *, *, #18, .T. ) ;
#914 = FACE_OUTER_BOUND ( 'NONE', #1584, .T. ) ;
#915 = CARTESIAN_POINT ( 'NONE',  ( -17.67766952966372074, 17.67766952966365324, 0.000000000000000000 ) ) ;
#916 = LINE ( 'NONE', #1688, #758 ) ;
#917 = ADVANCED_FACE ( 'NONE', ( #1262 ), #341, .F. ) ;
#918 = ADVANCED_FACE ( 'NONE', ( #227 ), #1103, .F. ) ;
#919 = ORIENTED_EDGE ( 'NONE', *, *, #263, .T. ) ;
#920 = ADVANCED_FACE ( 'NONE', ( #994 ), #1664, .F. ) ;
#921 = ORIENTED_EDGE ( 'NONE', *, *, #1482, .T. ) ;
#922 = DIRECTION ( 'NONE',  ( 1.000000000000000000, 0.000000000000000000, 0.000000000000000000 ) ) ;
#923 = LINE ( 'NONE', #658, #1591 ) ;
#924 = VECTOR ( 'NONE', #126, 1000.000000000000000 ) ;
#925 = VECTOR ( 'NONE', #1093, 1000.000000000000000 ) ;
#926 = EDGE_LOOP ( 'NONE', ( #1703, #187 ) ) ;
#927 = AXIS2_PLACEMENT_3D ( 'NONE', #179, #1618, #820 ) ;
#928 = AXIS2_PLACEMENT_3D ( 'NONE', #454, #971, #1264 ) ;
#929 = EDGE_CURVE ( 'NONE', #1243, #885, #1481, .T. ) ;
#930 = ORIENTED_EDGE ( 'NONE', *, *, #1693, .T. ) ;
#931 = FACE_OUTER_BOUND ( 'NONE', #397, .T. ) ;
#932 = DIRECTION ( 'NONE',  ( 1.000000000000000000, 0.000000000000000000, 0.000000000000000000 ) ) ;
#933 = DIRECTION ( 'NONE',  ( 1.000000000000000000, 0.000000000000000000, 0.000000000000000000 ) ) ;
#934 = ADVANCED_FACE ( 'NONE', ( #81 ), #1112, .F. ) ;
#935 = ORIENTED_EDGE ( 'NONE', *, *, #11, .F. ) ;
#936 = ORIENTED_EDGE ( 'NONE', *, *, #1163, .T. ) ;
#937 = DIRECTION ( 'NONE',  ( 1.000000000000000000, 0.000000000000000000, 0.000000000000000000 ) ) ;
#938 = ADVANCED_FACE ( 'NONE', ( #1250 ), #1650, .T. ) ;
#939 = CARTESIAN_POINT ( 'NONE',  ( 0.000000000000000000, -33.00000000000000000, 0.000000000000000000 ) ) ;
#940 = CYLINDRICAL_SURFACE ( 'NONE', #54, 5.399999999999998579 ) ;
#941 = ORIENTED_EDGE ( 'NONE', *, *, #608, .T. ) ;
#942 = ORIENTED_EDGE ( 'NONE', *, *, #748, .T. ) ;
#943 = CARTESIAN_POINT ( 'NONE',  ( 0.000000000000000000, 0.000000000000000000, 6.000000000000000000 ) ) ;
#944 = CARTESIAN_POINT ( 'NONE',  ( -30.84865584940285643, 5.730389863008826801, 0.000000000000000000 ) ) ;
#945 = DIRECTION ( 'NONE',  ( -0.000000000000000000, -0.000000000000000000, 1.000000000000000000 ) ) ;
#946 = CARTESIAN_POINT ( 'NONE',  ( 32.49865584940292251, 5.730389863008380935, 0.000000000000000000 ) ) ;
#947 = AXIS2_PLACEMENT_3D ( 'NONE', #1014, #1161, #1272 ) ;
#948 = VERTEX_POINT ( 'NONE', #866 ) ;
#949 = CIRCLE ( 'NONE', #87, 1.649999999999998579 ) ;
#950 = ORIENTED_EDGE ( 'NONE', *, *, #476, .F. ) ;
#951 = CIRCLE ( 'NONE', #873, 1.649999999999998579 ) ;
#952 = LINE ( 'NONE', #1487, #26 ) ;
#953 = VECTOR ( 'NONE', #12, 1000.000000000000000 ) ;
#954 = AXIS2_PLACEMENT_3D ( 'NONE', #713, #1202, #1327 ) ;
#955 = DIRECTION ( 'NONE',  ( 0.000000000000000000, 0.000000000000000000, 1.000000000000000000 ) ) ;
#956 = DIRECTION ( 'NONE',  ( 1.000000000000000000, 0.000000000000000000, 0.000000000000000000 ) ) ;
#957 = ORIENTED_EDGE ( 'NONE', *, *, #1296, .F. ) ;
#958 = CARTESIAN_POINT ( 'NONE',  ( 22.86199111965601105, 25.27946662292610114, 0.000000000000000000 ) ) ;
#959 = ORIENTED_EDGE ( 'NONE', *, *, #33, .T. ) ;
#960 = ORIENTED_EDGE ( 'NONE', *, *, #262, .F. ) ;
#961 = LINE ( 'NONE', #1317, #651 ) ;
#962 = DIRECTION ( 'NONE',  ( -0.000000000000000000, -0.000000000000000000, 1.000000000000000000 ) ) ;
#963 = DIRECTION ( 'NONE',  ( 1.000000000000000000, 0.000000000000000000, 0.000000000000000000 ) ) ;
#964 = ORIENTED_EDGE ( 'NONE', *, *, #172, .F. ) ;
#965 = LINE ( 'NONE', #1643, #1081 ) ;
#966 = EDGE_CURVE ( 'NONE', #1440, #424, #900, .T. ) ;
#967 = VERTEX_POINT ( 'NONE', #95 ) ;
#968 = ORIENTED_EDGE ( 'NONE', *, *, #886, .T. ) ;
#969 = DIRECTION ( 'NONE',  ( 1.000000000000000000, 0.000000000000000000, 0.000000000000000000 ) ) ;
#970 = CARTESIAN_POINT ( 'NONE',  ( -17.67766952966372074, 17.67766952966365324, 0.000000000000000000 ) ) ;
#971 = DIRECTION ( 'NONE',  ( -0.000000000000000000, -0.000000000000000000, 1.000000000000000000 ) ) ;
#972 = FACE_OUTER_BOUND ( 'NONE', #544, .T. ) ;
#973 = ORIENTED_EDGE ( 'NONE', *, *, #1617, .F. ) ;
#974 = DIRECTION ( 'NONE',  ( 1.000000000000000000, 0.000000000000000000, 0.000000000000000000 ) ) ;
#975 = ORIENTED_EDGE ( 'NONE', *, *, #1413, .F. ) ;
#976 = ORIENTED_EDGE ( 'NONE', *, *, #854, .F. ) ;
#977 = CIRCLE ( 'NONE', #1702, 2.500000000000000888 ) ;
#978 = DIRECTION ( 'NONE',  ( 1.000000000000000000, 0.000000000000000000, 0.000000000000000000 ) ) ;
#979 = VECTOR ( 'NONE', #182, 1000.000000000000000 ) ;
#980 = AXIS2_PLACEMENT_3D ( 'NONE', #1629, #1233, #70 ) ;
#981 = CYLINDRICAL_SURFACE ( 'NONE', #1142, 2.500000000000000888 ) ;
#982 = CIRCLE ( 'NONE', #573, 5.399999999999998579 ) ;
#983 = VERTEX_POINT ( 'NONE', #1537 ) ;
#984 = ADVANCED_BREP_SHAPE_REPRESENTATION ( '\X2\56fa5b9a7aef6cd55170\X0\', ( #1274, #7 ), #1086 ) ;
#985 = CARTESIAN_POINT ( 'NONE',  ( 20.77766952966365110, 17.67766952966470484, 2.000000000000000000 ) ) ;
#986 = EDGE_LOOP ( 'NONE', ( #1044, #1249, #300, #464 ) ) ;
#987 = EDGE_LOOP ( 'NONE', ( #1382, #568 ) ) ;
#988 = DIRECTION ( 'NONE',  ( 1.000000000000000000, 0.000000000000000000, 0.000000000000000000 ) ) ;
#989 = CARTESIAN_POINT ( 'NONE',  ( 17.67766952966365324, 17.67766952966470484, 2.000000000000000000 ) ) ;
#990 = EDGE_LOOP ( 'NONE', ( #710, #1524 ) ) ;
#991 = EDGE_LOOP ( 'NONE', ( #754, #849, #152, #935 ) ) ;
#992 = VERTEX_POINT ( 'NONE', #607 ) ;
#993 = ADVANCED_FACE ( 'NONE', ( #1657 ), #1383, .F. ) ;
#994 = FACE_OUTER_BOUND ( 'NONE', #1623, .T. ) ;
#995 = DIRECTION ( 'NONE',  ( -0.000000000000000000, -0.000000000000000000, 1.000000000000000000 ) ) ;
#996 = ORIENTED_EDGE ( 'NONE', *, *, #452, .F. ) ;
#997 = EDGE_CURVE ( 'NONE', #319, #1519, #1592, .T. ) ;
#998 = CARTESIAN_POINT ( 'NONE',  ( 0.000000000000000000, -33.00000000000000000, 0.000000000000000000 ) ) ;
#999 = VERTEX_POINT ( 'NONE', #879 ) ;
#1000 = ORIENTED_EDGE ( 'NONE', *, *, #1502, .F. ) ;
#1001 = DIRECTION ( 'NONE',  ( 1.000000000000000000, 0.000000000000000000, 0.000000000000000000 ) ) ;
#1002 = AXIS2_PLACEMENT_3D ( 'NONE', #252, #638, #1158 ) ;
#1003 = AXIS2_PLACEMENT_3D ( 'NONE', #1051, #796, #53 ) ;
#1004 = COORDINATED_UNIVERSAL_TIME_OFFSET ( 8, 0, .AHEAD. ) ;
#1005 = DIRECTION ( 'NONE',  ( 1.000000000000000000, 0.000000000000000000, 0.000000000000000000 ) ) ;
#1006 = CIRCLE ( 'NONE', #28, 36.99999999999997868 ) ;
#1007 = CARTESIAN_POINT ( 'NONE',  ( -11.28666472974708945, -31.00985648593497501, 6.000000000000000000 ) ) ;
#1008 = DIRECTION ( 'NONE',  ( -0.000000000000000000, -0.000000000000000000, -1.000000000000000000 ) ) ;
#1009 = FACE_BOUND ( 'NONE', #746, .T. ) ;
#1010 = CARTESIAN_POINT ( 'NONE',  ( 17.67766952966365324, 17.67766952966470484, 6.000000000000000000 ) ) ;
#1011 = PERSON_AND_ORGANIZATION_ROLE ( 'creator' ) ;
#1012 = FACE_OUTER_BOUND ( 'NONE', #71, .T. ) ;
#1013 = CARTESIAN_POINT ( 'NONE',  ( -17.67766952966267269, -17.67766952966371719, 6.000000000000000000 ) ) ;
#1014 = CARTESIAN_POINT ( 'NONE',  ( -17.67766952966372074, 17.67766952966365324, 6.000000000000000000 ) ) ;
#1015 = EDGE_LOOP ( 'NONE', ( #283, #1213, #1232, #1473 ) ) ;
#1016 = EDGE_CURVE ( 'NONE', #279, #1474, #1616, .T. ) ;
#1017 = FACE_BOUND ( 'NONE', #232, .T. ) ;
#1018 = LINE ( 'NONE', #376, #595 ) ;
#1019 = DIRECTION ( 'NONE',  ( 0.000000000000000000, 0.000000000000000000, 1.000000000000000000 ) ) ;
#1020 = DIRECTION ( 'NONE',  ( -0.000000000000000000, -0.000000000000000000, 1.000000000000000000 ) ) ;
#1021 = EDGE_CURVE ( 'NONE', #948, #213, #1226, .T. ) ;
#1022 = DIRECTION ( 'NONE',  ( 0.000000000000000000, 0.000000000000000000, 1.000000000000000000 ) ) ;
#1023 = EDGE_CURVE ( 'NONE', #561, #1261, #1632, .T. ) ;
#1024 = DIRECTION ( 'NONE',  ( -0.000000000000000000, -0.000000000000000000, 1.000000000000000000 ) ) ;
#1025 = ORIENTED_EDGE ( 'NONE', *, *, #1542, .T. ) ;
#1026 = EDGE_CURVE ( 'NONE', #77, #565, #525, .T. ) ;
#1027 = VECTOR ( 'NONE', #237, 1000.000000000000000 ) ;
#1028 = CYLINDRICAL_SURFACE ( 'NONE', #652, 5.399999999999998579 ) ;
#1029 = EDGE_CURVE ( 'NONE', #720, #373, #1251, .T. ) ;
#1030 = DIRECTION ( 'NONE',  ( 1.000000000000000000, 0.000000000000000000, 0.000000000000000000 ) ) ;
#1031 = DIRECTION ( 'NONE',  ( 1.000000000000000000, 0.000000000000000000, 0.000000000000000000 ) ) ;
#1032 = DIRECTION ( 'NONE',  ( 1.000000000000000000, 0.000000000000000000, 0.000000000000000000 ) ) ;
#1033 = CIRCLE ( 'NONE', #331, 3.099999999999998757 ) ;
#1034 = AXIS2_PLACEMENT_3D ( 'NONE', #908, #1040, #1406 ) ;
#1035 = ADVANCED_FACE ( 'NONE', ( #162 ), #772, .F. ) ;
#1036 = VECTOR ( 'NONE', #704, 1000.000000000000000 ) ;
#1037 = ORIENTED_EDGE ( 'NONE', *, *, #1154, .F. ) ;
#1038 = FACE_OUTER_BOUND ( 'NONE', #516, .T. ) ;
#1039 = ORIENTED_EDGE ( 'NONE', *, *, #172, .T. ) ;
#1040 = DIRECTION ( 'NONE',  ( 0.000000000000000000, 0.000000000000000000, 1.000000000000000000 ) ) ;
#1041 = CYLINDRICAL_SURFACE ( 'NONE', #628, 5.399999999999998579 ) ;
#1042 = DIRECTION ( 'NONE',  ( 1.000000000000000000, 0.000000000000000000, 0.000000000000000000 ) ) ;
#1043 = VERTEX_POINT ( 'NONE', #129 ) ;
#1044 = ORIENTED_EDGE ( 'NONE', *, *, #1179, .F. ) ;
#1045 = DIRECTION ( 'NONE',  ( -0.000000000000000000, -0.000000000000000000, 1.000000000000000000 ) ) ;
#1046 = DIRECTION ( 'NONE',  ( 1.000000000000000000, 0.000000000000000000, 0.000000000000000000 ) ) ;
#1047 = FACE_OUTER_BOUND ( 'NONE', #1402, .T. ) ;
#1048 = EDGE_CURVE ( 'NONE', #1362, #512, #117, .T. ) ;
#1049 = ORIENTED_EDGE ( 'NONE', *, *, #322, .T. ) ;
#1050 = EDGE_LOOP ( 'NONE', ( #683, #259 ) ) ;
#1051 = CARTESIAN_POINT ( 'NONE',  ( -21.21199111965567496, 25.27946662292639601, 6.000000000000000000 ) ) ;
#1052 = CYLINDRICAL_SURFACE ( 'NONE', #737, 3.099999999999998757 ) ;
#1053 = DIRECTION ( 'NONE',  ( 1.000000000000000000, 0.000000000000000000, 0.000000000000000000 ) ) ;
#1054 = AXIS2_PLACEMENT_3D ( 'NONE', #255, #133, #1031 ) ;
#1055 = AXIS2_PLACEMENT_3D ( 'NONE', #943, #1340, #1475 ) ;
#1056 = ORIENTED_EDGE ( 'NONE', *, *, #554, .F. ) ;
#1057 = CIRCLE ( 'NONE', #545, 5.399999999999998579 ) ;
#1058 = AXIS2_PLACEMENT_3D ( 'NONE', #1541, #360, #350 ) ;
#1059 = AXIS2_PLACEMENT_3D ( 'NONE', #378, #1696, #662 ) ;
#1060 = ORIENTED_EDGE ( 'NONE', *, *, #105, .T. ) ;
#1061 = DIRECTION ( 'NONE',  ( 1.000000000000000000, 0.000000000000000000, 0.000000000000000000 ) ) ;
#1062 = CARTESIAN_POINT ( 'NONE',  ( 0.000000000000000000, 0.000000000000000000, 0.000000000000000000 ) ) ;
#1063 = CARTESIAN_POINT ( 'NONE',  ( -26.07883832488648324, 16.49999999999999289, 6.000000000000000000 ) ) ;
#1064 = CARTESIAN_POINT ( 'NONE',  ( 21.21199111965601247, 25.27946662292610114, 6.000000000000000000 ) ) ;
#1065 = ORIENTED_EDGE ( 'NONE', *, *, #450, .F. ) ;
#1066 = ORIENTED_EDGE ( 'NONE', *, *, #1, .F. ) ;
#1067 = DIRECTION ( 'NONE',  ( -0.000000000000000000, -0.000000000000000000, 1.000000000000000000 ) ) ;
#1068 = DIRECTION ( 'NONE',  ( -0.000000000000000000, -0.000000000000000000, 1.000000000000000000 ) ) ;
#1069 = DIRECTION ( 'NONE',  ( -0.000000000000000000, -0.000000000000000000, 1.000000000000000000 ) ) ;
#1070 = LINE ( 'NONE', #1344, #387 ) ;
#1071 = VERTEX_POINT ( 'NONE', #1294 ) ;
#1072 = LINE ( 'NONE', #804, #492 ) ;
#1073 = EDGE_CURVE ( 'NONE', #1315, #1309, #543, .T. ) ;
#1074 = DIRECTION ( 'NONE',  ( 0.000000000000000000, 0.000000000000000000, -1.000000000000000000 ) ) ;
#1075 = DIRECTION ( 'NONE',  ( 1.000000000000000000, 0.000000000000000000, 0.000000000000000000 ) ) ;
#1076 = ORIENTED_EDGE ( 'NONE', *, *, #797, .T. ) ;
#1077 = DIRECTION ( 'NONE',  ( -0.000000000000000000, -0.000000000000000000, 1.000000000000000000 ) ) ;
#1078 = VECTOR ( 'NONE', #270, 1000.000000000000000 ) ;
#1079 = ORIENTED_EDGE ( 'NONE', *, *, #753, .F. ) ;
#1080 = CIRCLE ( 'NONE', #1363, 3.099999999999998757 ) ;
#1081 = VECTOR ( 'NONE', #582, 1000.000000000000000 ) ;
#1082 = ORIENTED_EDGE ( 'NONE', *, *, #617, .F. ) ;
#1083 = CIRCLE ( 'NONE', #356, 1.649999999999998579 ) ;
#1084 = LINE ( 'NONE', #539, #673 ) ;
#1085 = AXIS2_PLACEMENT_3D ( 'NONE', #1546, #893, #1533 ) ;
#1086 =( GEOMETRIC_REPRESENTATION_CONTEXT ( 3 ) GLOBAL_UNCERTAINTY_ASSIGNED_CONTEXT ( ( #809 ) ) GLOBAL_UNIT_ASSIGNED_CONTEXT ( ( #1126, #480, #1405 ) ) REPRESENTATION_CONTEXT ( 'NONE', 'WORKASPACE' ) );
#1087 = CARTESIAN_POINT ( 'NONE',  ( -14.57766952966372109, 17.67766952966365324, 2.000000000000000000 ) ) ;
#1088 = CARTESIAN_POINT ( 'NONE',  ( -23.07766952966371932, 17.67766952966365324, 6.000000000000000000 ) ) ;
#1089 = EDGE_LOOP ( 'NONE', ( #310, #552 ) ) ;
#1090 = DIRECTION ( 'NONE',  ( 0.000000000000000000, 0.000000000000000000, 1.000000000000000000 ) ) ;
#1091 = ORIENTED_EDGE ( 'NONE', *, *, #1104, .T. ) ;
#1092 = ORIENTED_EDGE ( 'NONE', *, *, #643, .F. ) ;
#1093 = DIRECTION ( 'NONE',  ( -0.000000000000000000, -0.000000000000000000, 1.000000000000000000 ) ) ;
#1094 = ADVANCED_FACE ( 'NONE', ( #644, #258, #366, #1017, #248, #1603, #1419, #669, #1701, #1412, #779, #1156, #118, #620, #107, #136 ), #513, .F. ) ;
#1095 = DIRECTION ( 'NONE',  ( -0.000000000000000000, -0.000000000000000000, -1.000000000000000000 ) ) ;
#1096 = LINE ( 'NONE', #1358, #1336 ) ;
#1097 = CARTESIAN_POINT ( 'NONE',  ( 0.000000000000000000, 25.00000000000000000, 0.000000000000000000 ) ) ;
#1098 = CC_DESIGN_PERSON_AND_ORGANIZATION_ASSIGNMENT ( #1269, #488, ( #1310 ) ) ;
#1099 = ORIENTED_EDGE ( 'NONE', *, *, #1671, .F. ) ;
#1100 = CARTESIAN_POINT ( 'NONE',  ( -14.57766952966372109, 17.67766952966365324, 2.000000000000000000 ) ) ;
#1101 = ORIENTED_EDGE ( 'NONE', *, *, #1029, .F. ) ;
#1102 = VERTEX_POINT ( 'NONE', #1555 ) ;
#1103 = CYLINDRICAL_SURFACE ( 'NONE', #1223, 2.499999999999998668 ) ;
#1104 = EDGE_CURVE ( 'NONE', #716, #1598, #167, .T. ) ;
#1105 = PERSON_AND_ORGANIZATION ( #881, #1651 ) ;
#1106 = CARTESIAN_POINT ( 'NONE',  ( 37.49999999999999289, 4.592425496802573578E-15, 0.4999999999999865663 ) ) ;
#1107 = EDGE_LOOP ( 'NONE', ( #964, #1345, #813, #687 ) ) ;
#1108 = CARTESIAN_POINT ( 'NONE',  ( -17.67766952966372074, 17.67766952966365324, 6.000000000000000000 ) ) ;
#1109 = ORIENTED_EDGE ( 'NONE', *, *, #1394, .F. ) ;
#1110 = ADVANCED_FACE ( 'NONE', ( #1038 ), #747, .F. ) ;
#1111 = VECTOR ( 'NONE', #316, 1000.000000000000000 ) ;
#1112 = CYLINDRICAL_SURFACE ( 'NONE', #1450, 15.75000000000000000 ) ;
#1113 = CIRCLE ( 'NONE', #272, 5.400000000000002132 ) ;
#1114 = VECTOR ( 'NONE', #494, 1000.000000000000000 ) ;
#1115 = APPROVAL_ROLE ( '' ) ;
#1116 = DIRECTION ( 'NONE',  ( -0.000000000000000000, -0.000000000000000000, 1.000000000000000000 ) ) ;
#1117 = AXIS2_PLACEMENT_3D ( 'NONE', #939, #427, #1625 ) ;
#1118 = ORIENTED_EDGE ( 'NONE', *, *, #1104, .F. ) ;
#1119 = ADVANCED_FACE ( 'NONE', ( #1561 ), #906, .F. ) ;
#1120 = LOCAL_TIME ( 19, 10, 14.00000000000000000, #342 ) ;
#1121 = CARTESIAN_POINT ( 'NONE',  ( 12.27766952966470626, -17.67766952966266558, 6.000000000000000000 ) ) ;
#1122 = ORIENTED_EDGE ( 'NONE', *, *, #460, .F. ) ;
#1123 = EDGE_LOOP ( 'NONE', ( #1554, #1333 ) ) ;
#1124 = EDGE_CURVE ( 'NONE', #1043, #592, #1567, .T. ) ;
#1125 = DIRECTION ( 'NONE',  ( -0.000000000000000000, -0.000000000000000000, 1.000000000000000000 ) ) ;
#1126 =( LENGTH_UNIT ( ) NAMED_UNIT ( * ) SI_UNIT ( .MILLI., .METRE. ) );
#1127 = DIRECTION ( 'NONE',  ( 1.000000000000000000, 0.000000000000000000, 0.000000000000000000 ) ) ;
#1128 = ORIENTED_EDGE ( 'NONE', *, *, #1369, .F. ) ;
#1129 = VERTEX_POINT ( 'NONE', #398 ) ;
#1130 = ORIENTED_EDGE ( 'NONE', *, *, #850, .T. ) ;
#1131 = DIRECTION ( 'NONE',  ( 1.000000000000000000, 0.000000000000000000, 0.000000000000000000 ) ) ;
#1132 = CARTESIAN_POINT ( 'NONE',  ( -28.57883832488647968, 16.49999999999999289, 6.000000000000000000 ) ) ;
#1133 = DIRECTION ( 'NONE',  ( -0.000000000000000000, -0.000000000000000000, 1.000000000000000000 ) ) ;
#1134 = DIRECTION ( 'NONE',  ( -0.000000000000000000, -0.000000000000000000, 1.000000000000000000 ) ) ;
#1135 = CARTESIAN_POINT ( 'NONE',  ( 23.07766952966471052, -17.67766952966266558, 6.000000000000000000 ) ) ;
#1136 = ORIENTED_EDGE ( 'NONE', *, *, #739, .T. ) ;
#1137 = DIRECTION ( 'NONE',  ( 1.000000000000000000, 0.000000000000000000, 0.000000000000000000 ) ) ;
#1138 = AXIS2_PLACEMENT_3D ( 'NONE', #416, #557, #1075 ) ;
#1139 = PERSON_AND_ORGANIZATION ( #881, #1651 ) ;
#1140 = DIRECTION ( 'NONE',  ( 1.000000000000000000, 0.000000000000000000, 0.000000000000000000 ) ) ;
#1141 = AXIS2_PLACEMENT_3D ( 'NONE', #98, #483, #1687 ) ;
#1142 = AXIS2_PLACEMENT_3D ( 'NONE', #97, #860, #337 ) ;
#1143 = FACE_BOUND ( 'NONE', #17, .T. ) ;
#1144 = DIRECTION ( 'NONE',  ( 1.000000000000000000, 0.000000000000000000, 0.000000000000000000 ) ) ;
#1145 = DIRECTION ( 'NONE',  ( -0.000000000000000000, -0.000000000000000000, 1.000000000000000000 ) ) ;
#1146 = EDGE_CURVE ( 'NONE', #178, #894, #2, .T. ) ;
#1147 = ORIENTED_EDGE ( 'NONE', *, *, #1658, .F. ) ;
#1148 = DIRECTION ( 'NONE',  ( 1.000000000000000000, 0.000000000000000000, -0.000000000000000000 ) ) ;
#1149 = DIRECTION ( 'NONE',  ( 1.000000000000000000, 0.000000000000000000, 0.000000000000000000 ) ) ;
#1150 = FACE_OUTER_BOUND ( 'NONE', #1107, .T. ) ;
#1151 = CARTESIAN_POINT ( 'NONE',  ( -23.07766952966267127, -17.67766952966371719, 6.000000000000000000 ) ) ;
#1152 = CYLINDRICAL_SURFACE ( 'NONE', #1085, 1.649999999999998579 ) ;
#1153 = EDGE_CURVE ( 'NONE', #157, #328, #1057, .T. ) ;
#1154 = EDGE_CURVE ( 'NONE', #77, #967, #198, .T. ) ;
#1155 = ORIENTED_EDGE ( 'NONE', *, *, #702, .T. ) ;
#1156 = FACE_BOUND ( 'NONE', #478, .T. ) ;
#1157 = ORIENTED_EDGE ( 'NONE', *, *, #810, .F. ) ;
#1158 = DIRECTION ( 'NONE',  ( 1.000000000000000000, 0.000000000000000000, 0.000000000000000000 ) ) ;
#1159 = DIRECTION ( 'NONE',  ( 1.000000000000000000, 0.000000000000000000, 0.000000000000000000 ) ) ;
#1160 = LINE ( 'NONE', #1151, #648 ) ;
#1161 = DIRECTION ( 'NONE',  ( -0.000000000000000000, -0.000000000000000000, 1.000000000000000000 ) ) ;
#1162 = EDGE_LOOP ( 'NONE', ( #1599, #1684, #141, #389 ) ) ;
#1163 = EDGE_CURVE ( 'NONE', #1656, #498, #1281, .T. ) ;
#1164 = CARTESIAN_POINT ( 'NONE',  ( -11.28666472974708945, -31.00985648593497501, 6.000000000000000000 ) ) ;
#1165 = EDGE_LOOP ( 'NONE', ( #1147, #1118 ) ) ;
#1166 = CIRCLE ( 'NONE', #1193, 3.099999999999998757 ) ;
#1167 = DIRECTION ( 'NONE',  ( 1.000000000000000000, 0.000000000000000000, 0.000000000000000000 ) ) ;
#1168 = AXIS2_PLACEMENT_3D ( 'NONE', #30, #564, #1053 ) ;
#1169 = FACE_OUTER_BOUND ( 'NONE', #629, .T. ) ;
#1170 = AXIS2_PLACEMENT_3D ( 'NONE', #1367, #578, #969 ) ;
#1171 = DIRECTION ( 'NONE',  ( 0.000000000000000000, 0.000000000000000000, -1.000000000000000000 ) ) ;
#1172 = VECTOR ( 'NONE', #303, 1000.000000000000000 ) ;
#1173 = VECTOR ( 'NONE', #1669, 1000.000000000000000 ) ;
#1174 = EDGE_CURVE ( 'NONE', #983, #992, #951, .T. ) ;
#1175 = AXIS2_PLACEMENT_3D ( 'NONE', #970, #288, #550 ) ;
#1176 = EDGE_LOOP ( 'NONE', ( #1645, #828, #1060, #1699 ) ) ;
#1177 = ORIENTED_EDGE ( 'NONE', *, *, #406, .F. ) ;
#1178 = FACE_OUTER_BOUND ( 'NONE', #271, .T. ) ;
#1179 = EDGE_CURVE ( 'NONE', #72, #163, #119, .T. ) ;
#1180 = CARTESIAN_POINT ( 'NONE',  ( 30.84865584940292393, 5.730389863008380935, 6.000000000000000000 ) ) ;
#1181 = DIRECTION ( 'NONE',  ( -0.000000000000000000, -0.000000000000000000, 1.000000000000000000 ) ) ;
#1182 = ORIENTED_EDGE ( 'NONE', *, *, #1026, .T. ) ;
#1183 = ORIENTED_EDGE ( 'NONE', *, *, #1, .T. ) ;
#1184 = ADVANCED_FACE ( 'NONE', ( #318 ), #576, .F. ) ;
#1185 = CARTESIAN_POINT ( 'NONE',  ( 2.999999999999886757, -24.99999999999999289, 0.000000000000000000 ) ) ;
#1186 = EDGE_CURVE ( 'NONE', #1102, #153, #1033, .T. ) ;
#1187 = ORIENTED_EDGE ( 'NONE', *, *, #307, .T. ) ;
#1188 = ORIENTED_EDGE ( 'NONE', *, *, #1542, .F. ) ;
#1189 = DIRECTION ( 'NONE',  ( 0.000000000000000000, 0.000000000000000000, -1.000000000000000000 ) ) ;
#1190 = CARTESIAN_POINT ( 'NONE',  ( -37.49999999999999289, 0.000000000000000000, 6.000000000000000000 ) ) ;
#1191 = DIRECTION ( 'NONE',  ( 1.000000000000000000, 0.000000000000000000, 0.000000000000000000 ) ) ;
#1192 = EDGE_CURVE ( 'NONE', #1615, #1338, #91, .T. ) ;
#1193 = AXIS2_PLACEMENT_3D ( 'NONE', #647, #1299, #402 ) ;
#1194 = CARTESIAN_POINT ( 'NONE',  ( 0.000000000000000000, 0.000000000000000000, 0.000000000000000000 ) ) ;
#1195 = CIRCLE ( 'NONE', #1674, 5.400000000000002132 ) ;
#1196 = ORIENTED_EDGE ( 'NONE', *, *, #175, .F. ) ;
#1197 = AXIS2_PLACEMENT_3D ( 'NONE', #863, #1667, #1387 ) ;
#1198 = AXIS2_PLACEMENT_3D ( 'NONE', #1530, #1116, #1653 ) ;
#1199 = AXIS2_PLACEMENT_3D ( 'NONE', #1570, #909, #281 ) ;
#1200 = ORIENTED_EDGE ( 'NONE', *, *, #100, .T. ) ;
#1201 = CARTESIAN_POINT ( 'NONE',  ( -17.67766952966372074, 17.67766952966365324, 2.000000000000000000 ) ) ;
#1202 = DIRECTION ( 'NONE',  ( 0.000000000000000000, 0.000000000000000000, 1.000000000000000000 ) ) ;
#1203 = LINE ( 'NONE', #38, #1278 ) ;
#1204 = CARTESIAN_POINT ( 'NONE',  ( 0.000000000000000000, 0.000000000000000000, 5.499999999999985789 ) ) ;
#1205 = ORIENTED_EDGE ( 'NONE', *, *, #1572, .F. ) ;
#1206 = EDGE_CURVE ( 'NONE', #68, #1656, #566, .T. ) ;
#1207 = EDGE_LOOP ( 'NONE', ( #1056, #430, #1130, #690 ) ) ;
#1208 = CARTESIAN_POINT ( 'NONE',  ( 19.56199111965601389, 25.27946662292610114, 0.000000000000000000 ) ) ;
#1209 = CARTESIAN_POINT ( 'NONE',  ( -19.56199111965567639, 25.27946662292639601, 0.000000000000000000 ) ) ;
#1210 = CARTESIAN_POINT ( 'NONE',  ( -1.144917494144692682E-13, -24.99999999999999289, 6.000000000000000000 ) ) ;
#1211 = ORIENTED_EDGE ( 'NONE', *, *, #1459, .F. ) ;
#1212 = DIRECTION ( 'NONE',  ( 0.000000000000000000, 0.000000000000000000, 1.000000000000000000 ) ) ;
#1213 = ORIENTED_EDGE ( 'NONE', *, *, #688, .T. ) ;
#1214 = EDGE_LOOP ( 'NONE', ( #650, #778 ) ) ;
#1215 = EDGE_CURVE ( 'NONE', #1648, #188, #836, .T. ) ;
#1216 = DIRECTION ( 'NONE',  ( -0.000000000000000000, -0.000000000000000000, 1.000000000000000000 ) ) ;
#1217 = FACE_OUTER_BOUND ( 'NONE', #986, .T. ) ;
#1218 = CARTESIAN_POINT ( 'NONE',  ( -36.99999999999997868, 0.000000000000000000, 6.000000000000000000 ) ) ;
#1219 = ORIENTED_EDGE ( 'NONE', *, *, #11, .T. ) ;
#1220 = CARTESIAN_POINT ( 'NONE',  ( 3.000000000000000888, 25.00000000000000000, 0.000000000000000000 ) ) ;
#1221 = AXIS2_PLACEMENT_3D ( 'NONE', #1210, #791, #801 ) ;
#1222 = EDGE_LOOP ( 'NONE', ( #257, #1375, #1273, #304 ) ) ;
#1223 = AXIS2_PLACEMENT_3D ( 'NONE', #1639, #1125, #1131 ) ;
#1224 = ORIENTED_EDGE ( 'NONE', *, *, #90, .F. ) ;
#1225 = CIRCLE ( 'NONE', #1539, 37.49999999999999289 ) ;
#1226 = LINE ( 'NONE', #453, #925 ) ;
#1227 = CC_DESIGN_PERSON_AND_ORGANIZATION_ASSIGNMENT ( #621, #1245, ( #116 ) ) ;
#1228 = APPROVAL_PERSON_ORGANIZATION ( #1105, #1690, #615 ) ;
#1229 = DIRECTION ( 'NONE',  ( -0.000000000000000000, -0.000000000000000000, 1.000000000000000000 ) ) ;
#1230 = DIRECTION ( 'NONE',  ( -0.7071067811865474617, 0.000000000000000000, -0.7071067811865474617 ) ) ;
#1231 = CARTESIAN_POINT ( 'NONE',  ( 34.14865584940292109, 5.730389863008380935, 6.000000000000000000 ) ) ;
#1232 = ORIENTED_EDGE ( 'NONE', *, *, #1048, .T. ) ;
#1233 = DIRECTION ( 'NONE',  ( -0.000000000000000000, -0.000000000000000000, 1.000000000000000000 ) ) ;
#1234 = ORIENTED_EDGE ( 'NONE', *, *, #503, .F. ) ;
#1235 = EDGE_LOOP ( 'NONE', ( #674, #1498, #1300, #738 ) ) ;
#1236 = DIRECTION ( 'NONE',  ( -0.000000000000000000, -0.000000000000000000, 1.000000000000000000 ) ) ;
#1237 = CARTESIAN_POINT ( 'NONE',  ( 3.000000000000000888, 25.00000000000000000, 6.000000000000000000 ) ) ;
#1238 = CARTESIAN_POINT ( 'NONE',  ( -12.27766952966371861, 17.67766952966365324, 6.000000000000000000 ) ) ;
#1239 = DIRECTION ( 'NONE',  ( 0.000000000000000000, 0.000000000000000000, -1.000000000000000000 ) ) ;
#1240 = ORIENTED_EDGE ( 'NONE', *, *, #515, .F. ) ;
#1241 = CARTESIAN_POINT ( 'NONE',  ( -34.14865584940285714, 5.730389863008826801, 6.000000000000000000 ) ) ;
#1242 = ORIENTED_EDGE ( 'NONE', *, *, #1403, .F. ) ;
#1243 = VERTEX_POINT ( 'NONE', #958 ) ;
#1244 = CARTESIAN_POINT ( 'NONE',  ( 21.21199111965601247, 25.27946662292610114, 0.000000000000000000 ) ) ;
#1245 = PERSON_AND_ORGANIZATION_ROLE ( 'design_owner' ) ;
#1246 = CARTESIAN_POINT ( 'NONE',  ( -2.500000000000000888, -33.00000000000000000, 0.000000000000000000 ) ) ;
#1247 = ORIENTED_EDGE ( 'NONE', *, *, #1468, .T. ) ;
#1248 = ORIENTED_EDGE ( 'NONE', *, *, #1215, .F. ) ;
#1249 = ORIENTED_EDGE ( 'NONE', *, *, #514, .T. ) ;
#1250 = FACE_OUTER_BOUND ( 'NONE', #660, .T. ) ;
#1251 = CIRCLE ( 'NONE', #196, 36.99999999999997868 ) ;
#1252 = AXIS2_PLACEMENT_3D ( 'NONE', #1164, #1576, #1267 ) ;
#1253 = CIRCLE ( 'NONE', #603, 37.00000000000001421 ) ;
#1254 = EDGE_CURVE ( 'NONE', #163, #72, #145, .T. ) ;
#1255 = MECHANICAL_CONTEXT ( 'NONE', #798, 'mechanical' ) ;
#1256 = DIRECTION ( 'NONE',  ( -0.000000000000000000, -0.000000000000000000, 1.000000000000000000 ) ) ;
#1257 = VERTEX_POINT ( 'NONE', #985 ) ;
#1258 = APPROVAL_PERSON_ORGANIZATION ( #228, #418, #462 ) ;
#1259 = DIRECTION ( 'NONE',  ( -0.000000000000000000, -0.000000000000000000, 1.000000000000000000 ) ) ;
#1260 = ORIENTED_EDGE ( 'NONE', *, *, #1451, .T. ) ;
#1261 = VERTEX_POINT ( 'NONE', #1241 ) ;
#1262 = FACE_OUTER_BOUND ( 'NONE', #425, .T. ) ;
#1263 = APPROVAL_STATUS ( 'not_yet_approved' ) ;
#1264 = DIRECTION ( 'NONE',  ( 1.000000000000000000, 0.000000000000000000, 0.000000000000000000 ) ) ;
#1265 = CARTESIAN_POINT ( 'NONE',  ( 21.21199111965601247, 25.27946662292610114, 0.000000000000000000 ) ) ;
#1266 = ORIENTED_EDGE ( 'NONE', *, *, #966, .T. ) ;
#1267 = DIRECTION ( 'NONE',  ( 1.000000000000000000, 0.000000000000000000, 0.000000000000000000 ) ) ;
#1268 = EDGE_CURVE ( 'NONE', #459, #532, #437, .T. ) ;
#1269 = PERSON_AND_ORGANIZATION ( #881, #1651 ) ;
#1270 = DIRECTION ( 'NONE',  ( 1.000000000000000000, 0.000000000000000000, 0.000000000000000000 ) ) ;
#1271 = DIRECTION ( 'NONE',  ( 1.000000000000000000, 0.000000000000000000, 0.000000000000000000 ) ) ;
#1272 = DIRECTION ( 'NONE',  ( 1.000000000000000000, 0.000000000000000000, 0.000000000000000000 ) ) ;
#1273 = ORIENTED_EDGE ( 'NONE', *, *, #756, .T. ) ;
#1274 = MANIFOLD_SOLID_BREP ( 'µ¹½Ç1', #247 ) ;
#1275 = EDGE_CURVE ( 'NONE', #373, #720, #1006, .T. ) ;
#1276 = DIRECTION ( 'NONE',  ( -0.000000000000000000, -0.000000000000000000, 1.000000000000000000 ) ) ;
#1277 = DIRECTION ( 'NONE',  ( 1.000000000000000000, 0.000000000000000000, 0.000000000000000000 ) ) ;
#1278 = VECTOR ( 'NONE', #1069, 1000.000000000000000 ) ;
#1279 = AXIS2_PLACEMENT_3D ( 'NONE', #1685, #630, #374 ) ;
#1280 = FACE_OUTER_BOUND ( 'NONE', #1222, .T. ) ;
#1281 = CIRCLE ( 'NONE', #1620, 3.000000000000000888 ) ;
#1282 = DIRECTION ( 'NONE',  ( -0.000000000000000000, -0.000000000000000000, 1.000000000000000000 ) ) ;
#1283 = CARTESIAN_POINT ( 'NONE',  ( 0.000000000000000000, 0.000000000000000000, 0.000000000000000000 ) ) ;
#1284 = EDGE_CURVE ( 'NONE', #469, #1309, #1070, .T. ) ;
#1285 = FACE_BOUND ( 'NONE', #1360, .T. ) ;
#1286 = ORIENTED_EDGE ( 'NONE', *, *, #409, .F. ) ;
#1287 = CARTESIAN_POINT ( 'NONE',  ( -32.49865584940285146, 5.730389863008826801, 6.000000000000000000 ) ) ;
#1288 = EDGE_LOOP ( 'NONE', ( #637, #1520, #1316, #1183 ) ) ;
#1289 = DIRECTION ( 'NONE',  ( 0.000000000000000000, 0.000000000000000000, 1.000000000000000000 ) ) ;
#1290 = FACE_OUTER_BOUND ( 'NONE', #1458, .T. ) ;
#1291 = LINE ( 'NONE', #783, #1078 ) ;
#1292 = CARTESIAN_POINT ( 'NONE',  ( 17.67766952966365324, 17.67766952966470484, 0.000000000000000000 ) ) ;
#1293 = EDGE_LOOP ( 'NONE', ( #1066, #35 ) ) ;
#1294 = CARTESIAN_POINT ( 'NONE',  ( -22.86199111965567354, 25.27946662292639601, 0.000000000000000000 ) ) ;
#1295 = VERTEX_POINT ( 'NONE', #558 ) ;
#1296 = EDGE_CURVE ( 'NONE', #1373, #498, #965, .T. ) ;
#1297 = DIRECTION ( 'NONE',  ( -0.000000000000000000, -0.000000000000000000, 1.000000000000000000 ) ) ;
#1298 = DIRECTION ( 'NONE',  ( -0.000000000000000000, -0.000000000000000000, 1.000000000000000000 ) ) ;
#1299 = DIRECTION ( 'NONE',  ( -0.000000000000000000, -0.000000000000000000, 1.000000000000000000 ) ) ;
#1300 = ORIENTED_EDGE ( 'NONE', *, *, #43, .T. ) ;
#1301 = VERTEX_POINT ( 'NONE', #441 ) ;
#1302 = AXIS2_PLACEMENT_3D ( 'NONE', #1454, #827, #282 ) ;
#1303 = DIRECTION ( 'NONE',  ( -0.000000000000000000, -0.000000000000000000, 1.000000000000000000 ) ) ;
#1304 = AXIS2_PLACEMENT_3D ( 'NONE', #1201, #1467, #1061 ) ;
#1305 = DIRECTION ( 'NONE',  ( -1.000000000000000000, 0.000000000000000000, 0.000000000000000000 ) ) ;
#1306 = AXIS2_PLACEMENT_3D ( 'NONE', #829, #330, #186 ) ;
#1307 = DIRECTION ( 'NONE',  ( -0.000000000000000000, -0.000000000000000000, 1.000000000000000000 ) ) ;
#1308 = CIRCLE ( 'NONE', #5, 2.500000000000000888 ) ;
#1309 = VERTEX_POINT ( 'NONE', #1330 ) ;
#1310 = PRODUCT_DEFINITION_FORMATION_WITH_SPECIFIED_SOURCE ( 'ä»', '', #116, .NOT_KNOWN. ) ;
#1311 = ORIENTED_EDGE ( 'NONE', *, *, #1284, .F. ) ;
#1312 = EDGE_CURVE ( 'NONE', #811, #188, #1453, .T. ) ;
#1313 = DIRECTION ( 'NONE',  ( -0.000000000000000000, -0.000000000000000000, -1.000000000000000000 ) ) ;
#1314 = CARTESIAN_POINT ( 'NONE',  ( -34.14865584940285714, 5.730389863008826801, 0.000000000000000000 ) ) ;
#1315 = VERTEX_POINT ( 'NONE', #1100 ) ;
#1316 = ORIENTED_EDGE ( 'NONE', *, *, #785, .T. ) ;
#1317 = CARTESIAN_POINT ( 'NONE',  ( -9.636664729747090874, -31.00985648593497501, 6.000000000000000000 ) ) ;
#1318 = ADVANCED_FACE ( 'NONE', ( #847 ), #591, .F. ) ;
#1319 = CARTESIAN_POINT ( 'NONE',  ( 0.000000000000000000, 0.000000000000000000, 6.000000000000000000 ) ) ;
#1320 = CARTESIAN_POINT ( 'NONE',  ( -21.21199111965567496, 25.27946662292639601, 6.000000000000000000 ) ) ;
#1321 = EDGE_CURVE ( 'NONE', #803, #130, #681, .T. ) ;
#1322 = DIRECTION ( 'NONE',  ( -0.000000000000000000, -0.000000000000000000, 1.000000000000000000 ) ) ;
#1323 = ORIENTED_EDGE ( 'NONE', *, *, #409, .T. ) ;
#1324 = ORIENTED_EDGE ( 'NONE', *, *, #1457, .F. ) ;
#1325 = CYLINDRICAL_SURFACE ( 'NONE', #1392, 3.099999999999998757 ) ;
#1326 = AXIS2_PLACEMENT_3D ( 'NONE', #146, #750, #1270 ) ;
#1327 = DIRECTION ( 'NONE',  ( 1.000000000000000000, 0.000000000000000000, 0.000000000000000000 ) ) ;
#1328 = CARTESIAN_POINT ( 'NONE',  ( 14.57766952966365537, 17.67766952966470484, 0.000000000000000000 ) ) ;
#1329 = AXIS2_PLACEMENT_3D ( 'NONE', #1013, #770, #140 ) ;
#1330 = CARTESIAN_POINT ( 'NONE',  ( -20.77766952966371861, 17.67766952966365324, 2.000000000000000000 ) ) ;
#1331 = AXIS2_PLACEMENT_3D ( 'NONE', #1528, #1404, #233 ) ;
#1332 = ADVANCED_FACE ( 'NONE', ( #744 ), #602, .T. ) ;
#1333 = ORIENTED_EDGE ( 'NONE', *, *, #1346, .T. ) ;
#1334 = ADVANCED_FACE ( 'NONE', ( #724 ), #1512, .T. ) ;
#1335 = AXIS2_PLACEMENT_3D ( 'NONE', #1108, #290, #807 ) ;
#1336 = VECTOR ( 'NONE', #579, 1000.000000000000000 ) ;
#1337 = AXIS2_PLACEMENT_3D ( 'NONE', #1062, #1370, #308 ) ;
#1338 = VERTEX_POINT ( 'NONE', #214 ) ;
#1339 = CC_DESIGN_SECURITY_CLASSIFICATION ( #358, ( #1310 ) ) ;
#1340 = DIRECTION ( 'NONE',  ( -0.000000000000000000, -0.000000000000000000, -1.000000000000000000 ) ) ;
#1341 = DIRECTION ( 'NONE',  ( 1.000000000000000000, 0.000000000000000000, 0.000000000000000000 ) ) ;
#1342 = CARTESIAN_POINT ( 'NONE',  ( -20.77766952966267056, -17.67766952966371719, 6.000000000000000000 ) ) ;
#1343 = ORIENTED_EDGE ( 'NONE', *, *, #503, .T. ) ;
#1344 = CARTESIAN_POINT ( 'NONE',  ( -20.77766952966371861, 17.67766952966365324, 6.000000000000000000 ) ) ;
#1345 = ORIENTED_EDGE ( 'NONE', *, *, #1461, .F. ) ;
#1346 = EDGE_CURVE ( 'NONE', #1071, #1642, #249, .T. ) ;
#1347 = ADVANCED_FACE ( 'NONE', ( #1150 ), #601, .F. ) ;
#1348 = ORIENTED_EDGE ( 'NONE', *, *, #1174, .T. ) ;
#1349 = CARTESIAN_POINT ( 'NONE',  ( 23.07766952966365537, 17.67766952966470484, 6.000000000000000000 ) ) ;
#1350 = DIRECTION ( 'NONE',  ( 1.000000000000000000, 0.000000000000000000, 0.000000000000000000 ) ) ;
#1351 = CARTESIAN_POINT ( 'NONE',  ( -17.67766952966372074, 17.67766952966365324, 6.000000000000000000 ) ) ;
#1352 = ORIENTED_EDGE ( 'NONE', *, *, #560, .T. ) ;
#1353 = DIRECTION ( 'NONE',  ( 1.000000000000000000, 0.000000000000000000, 0.000000000000000000 ) ) ;
#1354 = EDGE_LOOP ( 'NONE', ( #312, #48 ) ) ;
#1355 = ORIENTED_EDGE ( 'NONE', *, *, #661, .T. ) ;
#1356 = CARTESIAN_POINT ( 'NONE',  ( 0.000000000000000000, -33.00000000000000000, 6.000000000000000000 ) ) ;
#1357 = CYLINDRICAL_SURFACE ( 'NONE', #1622, 1.649999999999998579 ) ;
#1358 = CARTESIAN_POINT ( 'NONE',  ( -22.86199111965567354, 25.27946662292639601, 6.000000000000000000 ) ) ;
#1359 = LINE ( 'NONE', #56, #1111 ) ;
#1360 = EDGE_LOOP ( 'NONE', ( #1619, #1196 ) ) ;
#1361 = DIRECTION ( 'NONE',  ( -0.000000000000000000, -0.000000000000000000, 1.000000000000000000 ) ) ;
#1362 = VERTEX_POINT ( 'NONE', #1121 ) ;
#1363 = AXIS2_PLACEMENT_3D ( 'NONE', #19, #1216, #691 ) ;
#1364 = AXIS2_PLACEMENT_3D ( 'NONE', #466, #695, #1491 ) ;
#1365 = ORIENTED_EDGE ( 'NONE', *, *, #447, .F. ) ;
#1366 = CIRCLE ( 'NONE', #1571, 5.399999999999998579 ) ;
#1367 = CARTESIAN_POINT ( 'NONE',  ( -1.144917494144692682E-13, -24.99999999999999289, 0.000000000000000000 ) ) ;
#1368 = ADVANCED_FACE ( 'NONE', ( #491 ), #890, .F. ) ;
#1369 = EDGE_CURVE ( 'NONE', #498, #1656, #571, .T. ) ;
#1370 = DIRECTION ( 'NONE',  ( 0.000000000000000000, 0.000000000000000000, 1.000000000000000000 ) ) ;
#1371 = LINE ( 'NONE', #212, #1568 ) ;
#1372 = DIRECTION ( 'NONE',  ( -0.000000000000000000, -0.000000000000000000, 1.000000000000000000 ) ) ;
#1373 = VERTEX_POINT ( 'NONE', #1544 ) ;
#1374 = DIRECTION ( 'NONE',  ( 1.000000000000000000, 0.000000000000000000, 0.000000000000000000 ) ) ;
#1375 = ORIENTED_EDGE ( 'NONE', *, *, #1254, .F. ) ;
#1376 = EDGE_LOOP ( 'NONE', ( #1082, #1049, #84, #1177 ) ) ;
#1377 = CALENDAR_DATE ( 2025, 13, 2 ) ;
#1378 = FACE_OUTER_BOUND ( 'NONE', #1015, .T. ) ;
#1379 = ORIENTED_EDGE ( 'NONE', *, *, #702, .F. ) ;
#1380 = CARTESIAN_POINT ( 'NONE',  ( 0.000000000000000000, 0.000000000000000000, 0.4999999999999865663 ) ) ;
#1381 = ORIENTED_EDGE ( 'NONE', *, *, #1153, .T. ) ;
#1382 = ORIENTED_EDGE ( 'NONE', *, *, #1029, .T. ) ;
#1383 = CYLINDRICAL_SURFACE ( 'NONE', #701, 5.399999999999998579 ) ;
#1384 = ADVANCED_FACE ( 'NONE', ( #339 ), #759, .F. ) ;
#1385 = CARTESIAN_POINT ( 'NONE',  ( -11.28666472974708945, -31.00985648593497501, 6.000000000000000000 ) ) ;
#1386 = ORIENTED_EDGE ( 'NONE', *, *, #1569, .T. ) ;
#1387 = DIRECTION ( 'NONE',  ( 1.000000000000000000, 0.000000000000000000, 0.000000000000000000 ) ) ;
#1388 = ADVANCED_FACE ( 'NONE', ( #1143, #352 ), #1680, .F. ) ;
#1389 = ORIENTED_EDGE ( 'NONE', *, *, #43, .F. ) ;
#1390 = AXIS2_PLACEMENT_3D ( 'NONE', #1097, #1506, #834 ) ;
#1391 = EDGE_LOOP ( 'NONE', ( #1446, #765 ) ) ;
#1392 = AXIS2_PLACEMENT_3D ( 'NONE', #562, #159, #555 ) ;
#1393 = DIRECTION ( 'NONE',  ( 1.000000000000000000, 0.000000000000000000, 0.000000000000000000 ) ) ;
#1394 = EDGE_CURVE ( 'NONE', #213, #795, #1425, .T. ) ;
#1395 = VECTOR ( 'NONE', #194, 1000.000000000000000 ) ;
#1396 = VECTOR ( 'NONE', #1551, 1000.000000000000000 ) ;
#1397 = APPROVAL_DATE_TIME ( #349, #418 ) ;
#1398 = CYLINDRICAL_SURFACE ( 'NONE', #1058, 5.400000000000002132 ) ;
#1399 = CIRCLE ( 'NONE', #764, 3.099999999999998757 ) ;
#1400 = FACE_BOUND ( 'NONE', #698, .T. ) ;
#1401 = EDGE_CURVE ( 'NONE', #178, #611, #370, .T. ) ;
#1402 = EDGE_LOOP ( 'NONE', ( #1663, #1205, #599, #835 ) ) ;
#1403 = EDGE_CURVE ( 'NONE', #1301, #469, #1399, .T. ) ;
#1404 = DIRECTION ( 'NONE',  ( 0.000000000000000000, 0.000000000000000000, 1.000000000000000000 ) ) ;
#1405 =( NAMED_UNIT ( * ) SI_UNIT ( $, .STERADIAN. ) SOLID_ANGLE_UNIT ( ) );
#1406 = DIRECTION ( 'NONE',  ( 1.000000000000000000, 0.000000000000000000, 0.000000000000000000 ) ) ;
#1407 = DIRECTION ( 'NONE',  ( 0.000000000000000000, 0.000000000000000000, 1.000000000000000000 ) ) ;
#1408 = PRODUCT_DEFINITION_SHAPE ( 'NONE', 'NONE',  #1437 ) ;
#1409 = CARTESIAN_POINT ( 'NONE',  ( 11.28666472974709656, -31.00985648593497146, 6.000000000000000000 ) ) ;
#1410 = CARTESIAN_POINT ( 'NONE',  ( 0.000000000000000000, 0.000000000000000000, 0.000000000000000000 ) ) ;
#1411 = VERTEX_POINT ( 'NONE', #1462 ) ;
#1412 = FACE_BOUND ( 'NONE', #1662, .T. ) ;
#1413 = EDGE_CURVE ( 'NONE', #561, #1627, #440, .T. ) ;
#1414 = CYLINDRICAL_SURFACE ( 'NONE', #874, 3.099999999999998757 ) ;
#1415 = DIRECTION ( 'NONE',  ( -0.000000000000000000, -0.000000000000000000, 1.000000000000000000 ) ) ;
#1416 = DIRECTION ( 'NONE',  ( 1.000000000000000000, 0.000000000000000000, 0.000000000000000000 ) ) ;
#1417 = FACE_BOUND ( 'NONE', #905, .T. ) ;
#1418 = ORIENTED_EDGE ( 'NONE', *, *, #1695, .T. ) ;
#1419 = FACE_BOUND ( 'NONE', #707, .T. ) ;
#1420 = CIRCLE ( 'NONE', #1644, 3.099999999999998757 ) ;
#1421 = ORIENTED_EDGE ( 'NONE', *, *, #810, .T. ) ;
#1422 = AXIS2_PLACEMENT_3D ( 'NONE', #845, #1239, #706 ) ;
#1423 = EDGE_CURVE ( 'NONE', #819, #238, #1308, .T. ) ;
#1424 = CARTESIAN_POINT ( 'NONE',  ( -31.07883832488647968, 16.49999999999999289, 0.000000000000000000 ) ) ;
#1425 = CIRCLE ( 'NONE', #675, 15.75000000000000000 ) ;
#1426 = CIRCLE ( 'NONE', #3, 15.75000000000000000 ) ;
#1427 = DIRECTION ( 'NONE',  ( 0.000000000000000000, 0.000000000000000000, 1.000000000000000000 ) ) ;
#1428 = AXIS2_PLACEMENT_3D ( 'NONE', #1613, #955, #1488 ) ;
#1429 = CARTESIAN_POINT ( 'NONE',  ( -20.77766952966371861, 17.67766952966365324, 0.000000000000000000 ) ) ;
#1430 = DIRECTION ( 'NONE',  ( 1.000000000000000000, 0.000000000000000000, 0.000000000000000000 ) ) ;
#1431 = CC_DESIGN_APPROVAL ( #418, ( #1437 ) ) ;
#1432 = VERTEX_POINT ( 'NONE', #1586 ) ;
#1433 = DIRECTION ( 'NONE',  ( -0.000000000000000000, -0.000000000000000000, 1.000000000000000000 ) ) ;
#1434 = ORIENTED_EDGE ( 'NONE', *, *, #1026, .F. ) ;
#1435 = ADVANCED_FACE ( 'NONE', ( #401 ), #302, .T. ) ;
#1436 = DIRECTION ( 'NONE',  ( -0.000000000000000000, -0.000000000000000000, 1.000000000000000000 ) ) ;
#1437 = PRODUCT_DEFINITION ( 'æœ', '', #1310, #1549 ) ;
#1438 = CYLINDRICAL_SURFACE ( 'NONE', #678, 1.649999999999998579 ) ;
#1439 = CARTESIAN_POINT ( 'NONE',  ( -22.86199111965567354, 25.27946662292639601, 6.000000000000000000 ) ) ;
#1440 = VERTEX_POINT ( 'NONE', #1185 ) ;
#1441 = CARTESIAN_POINT ( 'NONE',  ( 21.21199111965601247, 25.27946662292610114, 6.000000000000000000 ) ) ;
#1442 = ORIENTED_EDGE ( 'NONE', *, *, #108, .T. ) ;
#1443 = FACE_OUTER_BOUND ( 'NONE', #697, .T. ) ;
#1444 = CARTESIAN_POINT ( 'NONE',  ( 20.77766952966365110, 17.67766952966470484, 2.000000000000000000 ) ) ;
#1445 = EDGE_CURVE ( 'NONE', #803, #1411, #470, .T. ) ;
#1446 = ORIENTED_EDGE ( 'NONE', *, *, #111, .F. ) ;
#1447 = ADVANCED_FACE ( 'NONE', ( #1169 ), #1438, .F. ) ;
#1448 = ORIENTED_EDGE ( 'NONE', *, *, #1423, .T. ) ;
#1449 = CIRCLE ( 'NONE', #1329, 5.400000000000000355 ) ;
#1450 = AXIS2_PLACEMENT_3D ( 'NONE', #741, #323, #1001 ) ;
#1451 = EDGE_CURVE ( 'NONE', #512, #1362, #1455, .T. ) ;
#1452 = CARTESIAN_POINT ( 'NONE',  ( -21.21199111965567496, 25.27946662292639601, 6.000000000000000000 ) ) ;
#1453 = CIRCLE ( 'NONE', #980, 5.400000000000000355 ) ;
#1454 = CARTESIAN_POINT ( 'NONE',  ( -32.49865584940285146, 5.730389863008826801, 0.000000000000000000 ) ) ;
#1455 = CIRCLE ( 'NONE', #1649, 5.400000000000002132 ) ;
#1456 = CC_DESIGN_APPROVAL ( #1690, ( #358 ) ) ;
#1457 = EDGE_CURVE ( 'NONE', #664, #606, #414, .T. ) ;
#1458 = EDGE_LOOP ( 'NONE', ( #1122, #101, #1638, #823 ) ) ;
#1459 = EDGE_CURVE ( 'NONE', #1338, #1129, #667, .T. ) ;
#1460 = PLANE ( 'NONE',  #786 ) ;
#1461 = EDGE_CURVE ( 'NONE', #1519, #319, #62, .T. ) ;
#1462 = CARTESIAN_POINT ( 'NONE',  ( 23.07766952966365182, 17.67766952966470484, 2.000000000000000000 ) ) ;
#1463 = LINE ( 'NONE', #1596, #1509 ) ;
#1464 = ADVANCED_FACE ( 'NONE', ( #1443 ), #1052, .F. ) ;
#1465 = ORIENTED_EDGE ( 'NONE', *, *, #1423, .F. ) ;
#1466 = ORIENTED_EDGE ( 'NONE', *, *, #1572, .T. ) ;
#1467 = DIRECTION ( 'NONE',  ( -0.000000000000000000, -0.000000000000000000, 1.000000000000000000 ) ) ;
#1468 = EDGE_CURVE ( 'NONE', #373, #1615, #1557, .T. ) ;
#1469 = CARTESIAN_POINT ( 'NONE',  ( -26.07883832488648324, 16.49999999999999289, 0.000000000000000000 ) ) ;
#1470 = CARTESIAN_POINT ( 'NONE',  ( -12.93666472974708803, -31.00985648593497501, 6.000000000000000000 ) ) ;
#1471 = ADVANCED_FACE ( 'NONE', ( #1290 ), #1041, .F. ) ;
#1472 = DIRECTION ( 'NONE',  ( -0.000000000000000000, -0.000000000000000000, 1.000000000000000000 ) ) ;
#1473 = ORIENTED_EDGE ( 'NONE', *, *, #33, .F. ) ;
#1474 = VERTEX_POINT ( 'NONE', #782 ) ;
#1475 = DIRECTION ( 'NONE',  ( -1.000000000000000000, 0.000000000000000000, 0.000000000000000000 ) ) ;
#1476 = CIRCLE ( 'NONE', #85, 1.649999999999998579 ) ;
#1477 = LINE ( 'NONE', #445, #1515 ) ;
#1478 = DIRECTION ( 'NONE',  ( 1.000000000000000000, 0.000000000000000000, 0.000000000000000000 ) ) ;
#1479 = CIRCLE ( 'NONE', #142, 37.00000000000001421 ) ;
#1480 = DIRECTION ( 'NONE',  ( -0.000000000000000000, -0.000000000000000000, 1.000000000000000000 ) ) ;
#1481 = CIRCLE ( 'NONE', #89, 1.649999999999998579 ) ;
#1482 = EDGE_CURVE ( 'NONE', #1261, #896, #1083, .T. ) ;
#1483 = ORIENTED_EDGE ( 'NONE', *, *, #725, .T. ) ;
#1484 = AXIS2_PLACEMENT_3D ( 'NONE', #989, #343, #1127 ) ;
#1485 = AXIS2_PLACEMENT_3D ( 'NONE', #1319, #254, #1305 ) ;
#1486 = ORIENTED_EDGE ( 'NONE', *, *, #1451, .F. ) ;
#1487 = CARTESIAN_POINT ( 'NONE',  ( 20.77766952966470626, -17.67766952966266558, 6.000000000000000000 ) ) ;
#1488 = DIRECTION ( 'NONE',  ( 1.000000000000000000, 0.000000000000000000, 0.000000000000000000 ) ) ;
#1489 = CYLINDRICAL_SURFACE ( 'NONE', #623, 1.649999999999998579 ) ;
#1490 = ORIENTED_EDGE ( 'NONE', *, *, #1321, .T. ) ;
#1491 = DIRECTION ( 'NONE',  ( 1.000000000000000000, 0.000000000000000000, 0.000000000000000000 ) ) ;
#1492 = EDGE_LOOP ( 'NONE', ( #1434, #40, #968, #1076 ) ) ;
#1493 = EDGE_CURVE ( 'NONE', #1642, #1071, #274, .T. ) ;
#1494 = ORIENTED_EDGE ( 'NONE', *, *, #100, .F. ) ;
#1495 = CARTESIAN_POINT ( 'NONE',  ( 15.75000000000000000, 0.000000000000000000, 6.000000000000000000 ) ) ;
#1496 = PLANE ( 'NONE',  #1597 ) ;
#1497 = CARTESIAN_POINT ( 'NONE',  ( 19.56199111965601389, 25.27946662292610114, 6.000000000000000000 ) ) ;
#1498 = ORIENTED_EDGE ( 'NONE', *, *, #549, .F. ) ;
#1499 = DIRECTION ( 'NONE',  ( 1.000000000000000000, 0.000000000000000000, 0.000000000000000000 ) ) ;
#1500 = VERTEX_POINT ( 'NONE', #1180 ) ;
#1501 = EDGE_CURVE ( 'NONE', #1129, #225, #1225, .T. ) ;
#1502 = EDGE_CURVE ( 'NONE', #153, #1102, #904, .T. ) ;
#1503 = DIRECTION ( 'NONE',  ( -0.000000000000000000, -0.000000000000000000, 1.000000000000000000 ) ) ;
#1504 = DIRECTION ( 'NONE',  ( -0.000000000000000000, -0.000000000000000000, 1.000000000000000000 ) ) ;
#1505 = CARTESIAN_POINT ( 'NONE',  ( -15.75000000000000000, 1.928818708657081344E-15, 6.000000000000000000 ) ) ;
#1506 = DIRECTION ( 'NONE',  ( 0.000000000000000000, 0.000000000000000000, 1.000000000000000000 ) ) ;
#1507 = ORIENTED_EDGE ( 'NONE', *, *, #1016, .F. ) ;
#1508 = CARTESIAN_POINT ( 'NONE',  ( 0.000000000000000000, 0.000000000000000000, 6.000000000000000000 ) ) ;
#1509 = VECTOR ( 'NONE', #276, 1000.000000000000000 ) ;
#1510 = EDGE_LOOP ( 'NONE', ( #1466, #1631 ) ) ;
#1511 = AXIS2_PLACEMENT_3D ( 'NONE', #239, #1276, #1691 ) ;
#1512 = CONICAL_SURFACE ( 'NONE', #840, 37.49999999999999289, 0.7853981633974415066 ) ;
#1513 = VECTOR ( 'NONE', #229, 1000.000000000000000 ) ;
#1514 = EDGE_LOOP ( 'NONE', ( #973, #1343, #1355, #88 ) ) ;
#1515 = VECTOR ( 'NONE', #1095, 1000.000000000000000 ) ;
#1516 = DIRECTION ( 'NONE',  ( 1.000000000000000000, 0.000000000000000000, 0.000000000000000000 ) ) ;
#1517 = ORIENTED_EDGE ( 'NONE', *, *, #740, .T. ) ;
#1518 = CARTESIAN_POINT ( 'NONE',  ( -12.27766952966267233, -17.67766952966371719, 6.000000000000000000 ) ) ;
#1519 = VERTEX_POINT ( 'NONE', #1469 ) ;
#1520 = ORIENTED_EDGE ( 'NONE', *, *, #253, .F. ) ;
#1521 = DIRECTION ( 'NONE',  ( 1.000000000000000000, 0.000000000000000000, 0.000000000000000000 ) ) ;
#1522 = PERSON_AND_ORGANIZATION ( #881, #1651 ) ;
#1523 = DIRECTION ( 'NONE',  ( -0.000000000000000000, -0.000000000000000000, 1.000000000000000000 ) ) ;
#1524 = ORIENTED_EDGE ( 'NONE', *, *, #367, .F. ) ;
#1525 = DIRECTION ( 'NONE',  ( -0.000000000000000000, -0.000000000000000000, 1.000000000000000000 ) ) ;
#1526 = EDGE_LOOP ( 'NONE', ( #1266, #264 ) ) ;
#1527 = ORIENTED_EDGE ( 'NONE', *, *, #966, .F. ) ;
#1528 = CARTESIAN_POINT ( 'NONE',  ( -1.144917494144692682E-13, -24.99999999999999289, 6.000000000000000000 ) ) ;
#1529 = PERSON_AND_ORGANIZATION ( #881, #1651 ) ;
#1530 = CARTESIAN_POINT ( 'NONE',  ( 17.67766952966470839, -17.67766952966266558, 6.000000000000000000 ) ) ;
#1531 = ORIENTED_EDGE ( 'NONE', *, *, #792, .F. ) ;
#1532 = DIRECTION ( 'NONE',  ( 1.000000000000000000, 0.000000000000000000, 0.000000000000000000 ) ) ;
#1533 = DIRECTION ( 'NONE',  ( 1.000000000000000000, 0.000000000000000000, 0.000000000000000000 ) ) ;
#1534 = EDGE_CURVE ( 'NONE', #469, #1301, #497, .T. ) ;
#1535 = ORIENTED_EDGE ( 'NONE', *, *, #383, .T. ) ;
#1536 = CIRCLE ( 'NONE', #1565, 2.500000000000000888 ) ;
#1537 = CARTESIAN_POINT ( 'NONE',  ( -9.636664729747090874, -31.00985648593497501, 0.000000000000000000 ) ) ;
#1538 = AXIS2_PLACEMENT_3D ( 'NONE', #499, #912, #974 ) ;
#1539 = AXIS2_PLACEMENT_3D ( 'NONE', #14, #572, #679 ) ;
#1540 = CALENDAR_DATE ( 2025, 13, 2 ) ;
#1541 = CARTESIAN_POINT ( 'NONE',  ( 17.67766952966365324, 17.67766952966470484, 6.000000000000000000 ) ) ;
#1542 = EDGE_CURVE ( 'NONE', #894, #178, #982, .T. ) ;
#1543 = CC_DESIGN_APPROVAL ( #504, ( #1310 ) ) ;
#1544 = CARTESIAN_POINT ( 'NONE',  ( -3.000000000000000888, 25.00000000000000000, 0.000000000000000000 ) ) ;
#1545 = CARTESIAN_POINT ( 'NONE',  ( -17.67766952966267269, -17.67766952966371719, 6.000000000000000000 ) ) ;
#1546 = CARTESIAN_POINT ( 'NONE',  ( 21.21199111965601247, 25.27946662292610114, 6.000000000000000000 ) ) ;
#1547 = ORIENTED_EDGE ( 'NONE', *, *, #850, .F. ) ;
#1548 = PERSON_AND_ORGANIZATION ( #881, #1651 ) ;
#1549 = DESIGN_CONTEXT ( 'detailed design', #42, 'design' ) ;
#1550 = CARTESIAN_POINT ( 'NONE',  ( 17.67766952966470839, -17.67766952966266558, 2.000000000000000000 ) ) ;
#1551 = DIRECTION ( 'NONE',  ( -0.000000000000000000, -0.000000000000000000, 1.000000000000000000 ) ) ;
#1552 = CARTESIAN_POINT ( 'NONE',  ( 12.93666472974709514, -31.00985648593497146, 6.000000000000000000 ) ) ;
#1553 = LINE ( 'NONE', #1135, #1173 ) ;
#1554 = ORIENTED_EDGE ( 'NONE', *, *, #1493, .T. ) ;
#1555 = CARTESIAN_POINT ( 'NONE',  ( -20.77766952966267056, -17.67766952966371719, 0.000000000000000000 ) ) ;
#1556 = CARTESIAN_POINT ( 'NONE',  ( 32.49865584940292251, 5.730389863008380935, 6.000000000000000000 ) ) ;
#1557 = LINE ( 'NONE', #269, #226 ) ;
#1558 = DIRECTION ( 'NONE',  ( 1.000000000000000000, 0.000000000000000000, 0.000000000000000000 ) ) ;
#1559 = ORIENTED_EDGE ( 'NONE', *, *, #886, .F. ) ;
#1560 = CIRCLE ( 'NONE', #1002, 37.49999999999999289 ) ;
#1561 = FACE_OUTER_BOUND ( 'NONE', #1630, .T. ) ;
#1562 = PRODUCT_RELATED_PRODUCT_CATEGORY ( 'detail', '', ( #116 ) ) ;
#1563 = AXIS2_PLACEMENT_3D ( 'NONE', #161, #405, #1191 ) ;
#1564 = ORIENTED_EDGE ( 'NONE', *, *, #608, .F. ) ;
#1565 = AXIS2_PLACEMENT_3D ( 'NONE', #1356, #684, #1624 ) ;
#1566 = DIRECTION ( 'NONE',  ( 1.000000000000000000, 0.000000000000000000, 0.000000000000000000 ) ) ;
#1567 = CIRCLE ( 'NONE', #1252, 1.649999999999998579 ) ;
#1568 = VECTOR ( 'NONE', #326, 1000.000000000000000 ) ;
#1569 = EDGE_CURVE ( 'NONE', #333, #837, #170, .T. ) ;
#1570 = CARTESIAN_POINT ( 'NONE',  ( 17.67766952966365324, 17.67766952966470484, 2.000000000000000000 ) ) ;
#1571 = AXIS2_PLACEMENT_3D ( 'NONE', #176, #1068, #46 ) ;
#1572 = EDGE_CURVE ( 'NONE', #1648, #57, #1366, .T. ) ;
#1573 = FACE_OUTER_BOUND ( 'NONE', #577, .T. ) ;
#1574 = FACE_BOUND ( 'NONE', #439, .T. ) ;
#1575 = EDGE_LOOP ( 'NONE', ( #1448, #340 ) ) ;
#1576 = DIRECTION ( 'NONE',  ( -0.000000000000000000, -0.000000000000000000, 1.000000000000000000 ) ) ;
#1577 = ORIENTED_EDGE ( 'NONE', *, *, #1493, .F. ) ;
#1578 = DIRECTION ( 'NONE',  ( 1.000000000000000000, 0.000000000000000000, 0.000000000000000000 ) ) ;
#1579 = ADVANCED_FACE ( 'NONE', ( #563 ), #556, .F. ) ;
#1580 = DIRECTION ( 'NONE',  ( -0.000000000000000000, -0.000000000000000000, 1.000000000000000000 ) ) ;
#1581 = LINE ( 'NONE', #751, #191 ) ;
#1582 = ADVANCED_FACE ( 'NONE', ( #421, #204 ), #1496, .F. ) ;
#1583 = ORIENTED_EDGE ( 'NONE', *, *, #649, .T. ) ;
#1584 = EDGE_LOOP ( 'NONE', ( #1188, #642, #1637, #207 ) ) ;
#1585 = CARTESIAN_POINT ( 'NONE',  ( 32.49865584940292251, 5.730389863008380935, 6.000000000000000000 ) ) ;
#1586 = CARTESIAN_POINT ( 'NONE',  ( 15.75000000000000000, 0.000000000000000000, 0.000000000000000000 ) ) ;
#1587 = DIRECTION ( 'NONE',  ( -0.000000000000000000, -0.000000000000000000, 1.000000000000000000 ) ) ;
#1588 = VERTEX_POINT ( 'NONE', #685 ) ;
#1589 = ORIENTED_EDGE ( 'NONE', *, *, #1146, .T. ) ;
#1590 = CARTESIAN_POINT ( 'NONE',  ( 2.500000000000000888, -33.00000000000000000, 0.000000000000000000 ) ) ;
#1591 = VECTOR ( 'NONE', #1587, 1000.000000000000000 ) ;
#1592 = CIRCLE ( 'NONE', #1673, 2.499999999999998668 ) ;
#1593 = DIRECTION ( 'NONE',  ( 0.7071067811865474617, 8.659560562354932858E-17, -0.7071067811865474617 ) ) ;
#1594 = AXIS2_PLACEMENT_3D ( 'NONE', #361, #124, #632 ) ;
#1595 = AXIS2_PLACEMENT_3D ( 'NONE', #1585, #646, #1167 ) ;
#1596 = CARTESIAN_POINT ( 'NONE',  ( -12.93666472974708803, -31.00985648593497501, 6.000000000000000000 ) ) ;
#1597 = AXIS2_PLACEMENT_3D ( 'NONE', #1087, #1074, #436 ) ;
#1598 = VERTEX_POINT ( 'NONE', #183 ) ;
#1599 = ORIENTED_EDGE ( 'NONE', *, *, #1534, .F. ) ;
#1600 = DIRECTION ( 'NONE',  ( -0.000000000000000000, -0.000000000000000000, 1.000000000000000000 ) ) ;
#1601 = DIRECTION ( 'NONE',  ( 1.000000000000000000, 0.000000000000000000, 0.000000000000000000 ) ) ;
#1602 = LINE ( 'NONE', #289, #672 ) ;
#1603 = FACE_BOUND ( 'NONE', #612, .T. ) ;
#1604 = EDGE_LOOP ( 'NONE', ( #508, #1128 ) ) ;
#1605 = DIRECTION ( 'NONE',  ( 1.000000000000000000, 0.000000000000000000, 0.000000000000000000 ) ) ;
#1606 = CARTESIAN_POINT ( 'NONE',  ( -11.28666472974708945, -31.00985648593497501, 6.000000000000000000 ) ) ;
#1607 = FACE_OUTER_BOUND ( 'NONE', #22, .T. ) ;
#1608 = CARTESIAN_POINT ( 'NONE',  ( 17.67766952966470839, -17.67766952966266558, 2.000000000000000000 ) ) ;
#1609 = ORIENTED_EDGE ( 'NONE', *, *, #377, .F. ) ;
#1610 = EDGE_LOOP ( 'NONE', ( #613, #911, #1535, #1211 ) ) ;
#1611 = CARTESIAN_POINT ( 'NONE',  ( 17.67766952966365324, 17.67766952966470484, 6.000000000000000000 ) ) ;
#1612 = AXIS2_PLACEMENT_3D ( 'NONE', #640, #362, #112 ) ;
#1613 = CARTESIAN_POINT ( 'NONE',  ( 0.000000000000000000, 25.00000000000000000, 0.000000000000000000 ) ) ;
#1614 = CARTESIAN_POINT ( 'NONE',  ( 20.77766952966365110, 17.67766952966470484, 0.000000000000000000 ) ) ;
#1615 = VERTEX_POINT ( 'NONE', #842 ) ;
#1616 = CIRCLE ( 'NONE', #1331, 3.000000000000001332 ) ;
#1617 = EDGE_CURVE ( 'NONE', #238, #819, #121, .T. ) ;
#1618 = DIRECTION ( 'NONE',  ( 0.000000000000000000, 0.000000000000000000, 1.000000000000000000 ) ) ;
#1619 = ORIENTED_EDGE ( 'NONE', *, *, #284, .F. ) ;
#1620 = AXIS2_PLACEMENT_3D ( 'NONE', #208, #1212, #1353 ) ;
#1621 = CIRCLE ( 'NONE', #147, 3.000000000000001332 ) ;
#1622 = AXIS2_PLACEMENT_3D ( 'NONE', #192, #1229, #65 ) ;
#1623 = EDGE_LOOP ( 'NONE', ( #1079, #536, #267, #855 ) ) ;
#1624 = DIRECTION ( 'NONE',  ( 1.000000000000000000, 0.000000000000000000, 0.000000000000000000 ) ) ;
#1625 = DIRECTION ( 'NONE',  ( 1.000000000000000000, 0.000000000000000000, 0.000000000000000000 ) ) ;
#1626 = LINE ( 'NONE', #693, #166 ) ;
#1627 = VERTEX_POINT ( 'NONE', #944 ) ;
#1628 = EDGE_CURVE ( 'NONE', #1615, #225, #1477, .T. ) ;
#1629 = CARTESIAN_POINT ( 'NONE',  ( -17.67766952966372074, 17.67766952966365324, 6.000000000000000000 ) ) ;
#1630 = EDGE_LOOP ( 'NONE', ( #1365, #559, #942, #357 ) ) ;
#1631 = ORIENTED_EDGE ( 'NONE', *, *, #792, .T. ) ;
#1632 = LINE ( 'NONE', #755, #143 ) ;
#1633 = DIRECTION ( 'NONE',  ( -0.000000000000000000, -0.000000000000000000, 1.000000000000000000 ) ) ;
#1634 = DIRECTION ( 'NONE',  ( 1.000000000000000000, 0.000000000000000000, 0.000000000000000000 ) ) ;
#1635 = FACE_OUTER_BOUND ( 'NONE', #1162, .T. ) ;
#1636 = DIRECTION ( 'NONE',  ( 0.000000000000000000, 0.000000000000000000, -1.000000000000000000 ) ) ;
#1637 = ORIENTED_EDGE ( 'NONE', *, *, #154, .T. ) ;
#1638 = ORIENTED_EDGE ( 'NONE', *, *, #1401, .T. ) ;
#1639 = CARTESIAN_POINT ( 'NONE',  ( -28.57883832488647968, 16.49999999999999289, 0.000000000000000000 ) ) ;
#1640 = COORDINATED_UNIVERSAL_TIME_OFFSET ( 8, 0, .AHEAD. ) ;
#1641 = FACE_OUTER_BOUND ( 'NONE', #1514, .T. ) ;
#1642 = VERTEX_POINT ( 'NONE', #1209 ) ;
#1643 = CARTESIAN_POINT ( 'NONE',  ( -3.000000000000000888, 25.00000000000000000, 0.000000000000000000 ) ) ;
#1644 = AXIS2_PLACEMENT_3D ( 'NONE', #67, #184, #715 ) ;
#1645 = ORIENTED_EDGE ( 'NONE', *, *, #1695, .F. ) ;
#1646 = AXIS2_PLACEMENT_3D ( 'NONE', #858, #479, #348 ) ;
#1647 = CIRCLE ( 'NONE', #1034, 3.099999999999998757 ) ;
#1648 = VERTEX_POINT ( 'NONE', #296 ) ;
#1649 = AXIS2_PLACEMENT_3D ( 'NONE', #275, #1298, #790 ) ;
#1650 = CYLINDRICAL_SURFACE ( 'NONE', #1646, 37.49999999999999289 ) ;
#1651 = ORGANIZATION ( 'æœª', 'æœª', '' ) ;
#1652 = CALENDAR_DATE ( 2025, 13, 2 ) ;
#1653 = DIRECTION ( 'NONE',  ( 1.000000000000000000, 0.000000000000000000, 0.000000000000000000 ) ) ;
#1654 = ORIENTED_EDGE ( 'NONE', *, *, #365, .F. ) ;
#1655 = ORIENTED_EDGE ( 'NONE', *, *, #1192, .T. ) ;
#1656 = VERTEX_POINT ( 'NONE', #1237 ) ;
#1657 = FACE_OUTER_BOUND ( 'NONE', #411, .T. ) ;
#1658 = EDGE_CURVE ( 'NONE', #1598, #716, #31, .T. ) ;
#1659 = PERSON_AND_ORGANIZATION_ROLE ( 'classification_officer' ) ;
#1660 = DIRECTION ( 'NONE',  ( 1.000000000000000000, 0.000000000000000000, 0.000000000000000000 ) ) ;
#1661 = EDGE_LOOP ( 'NONE', ( #659, #726 ) ) ;
#1662 = EDGE_LOOP ( 'NONE', ( #195, #41 ) ) ;
#1663 = ORIENTED_EDGE ( 'NONE', *, *, #725, .F. ) ;
#1664 = CYLINDRICAL_SURFACE ( 'NONE', #465, 3.000000000000000888 ) ;
#1665 = APPROVAL_STATUS ( 'not_yet_approved' ) ;
#1666 = CARTESIAN_POINT ( 'NONE',  ( 20.77766952966470626, -17.67766952966266558, 2.000000000000000000 ) ) ;
#1667 = DIRECTION ( 'NONE',  ( -0.000000000000000000, -0.000000000000000000, 1.000000000000000000 ) ) ;
#1668 = FACE_OUTER_BOUND ( 'NONE', #694, .T. ) ;
#1669 = DIRECTION ( 'NONE',  ( -0.000000000000000000, -0.000000000000000000, 1.000000000000000000 ) ) ;
#1670 = CIRCLE ( 'NONE', #1138, 37.49999999999999289 ) ;
#1671 = EDGE_CURVE ( 'NONE', #68, #1373, #251, .T. ) ;
#1672 = EDGE_LOOP ( 'NONE', ( #930, #1381 ) ) ;
#1673 = AXIS2_PLACEMENT_3D ( 'NONE', #217, #839, #1393 ) ;
#1674 = AXIS2_PLACEMENT_3D ( 'NONE', #477, #1145, #1430 ) ;
#1675 = DIRECTION ( 'NONE',  ( 1.000000000000000000, 0.000000000000000000, 0.000000000000000000 ) ) ;
#1676 = AXIS2_PLACEMENT_3D ( 'NONE', #1606, #1504, #1601 ) ;
#1677 = DATE_TIME_ROLE ( 'creation_date' ) ;
#1678 = CARTESIAN_POINT ( 'NONE',  ( 0.000000000000000000, 25.00000000000000000, 0.000000000000000000 ) ) ;
#1679 = APPROVAL_PERSON_ORGANIZATION ( #1529, #504, #1115 ) ;
#1680 = PLANE ( 'NONE',  #1594 ) ;
#1681 = PLANE ( 'NONE',  #699 ) ;
#1682 = EDGE_CURVE ( 'NONE', #948, #1432, #390, .T. ) ;
#1683 = CARTESIAN_POINT ( 'NONE',  ( 15.75000000000000000, 0.000000000000000000, 0.000000000000000000 ) ) ;
#1684 = ORIENTED_EDGE ( 'NONE', *, *, #1284, .T. ) ;
#1685 = CARTESIAN_POINT ( 'NONE',  ( 17.67766952966470839, -17.67766952966266558, 6.000000000000000000 ) ) ;
#1686 = CARTESIAN_POINT ( 'NONE',  ( -17.67766952966267269, -17.67766952966371719, 6.000000000000000000 ) ) ;
#1687 = DIRECTION ( 'NONE',  ( 1.000000000000000000, 0.000000000000000000, 0.000000000000000000 ) ) ;
#1688 = CARTESIAN_POINT ( 'NONE',  ( 12.93666472974709514, -31.00985648593497146, 6.000000000000000000 ) ) ;
#1689 = DIRECTION ( 'NONE',  ( 1.000000000000000000, 0.000000000000000000, 0.000000000000000000 ) ) ;
#1690 = APPROVAL ( #1263, 'æœª' ) ;
#1691 = DIRECTION ( 'NONE',  ( 1.000000000000000000, 0.000000000000000000, 0.000000000000000000 ) ) ;
#1692 = ORIENTED_EDGE ( 'NONE', *, *, #929, .T. ) ;
#1693 = EDGE_CURVE ( 'NONE', #328, #157, #816, .T. ) ;
#1694 = FACE_OUTER_BOUND ( 'NONE', #1235, .T. ) ;
#1695 = EDGE_CURVE ( 'NONE', #780, #1129, #692, .T. ) ;
#1696 = DIRECTION ( 'NONE',  ( -0.000000000000000000, -0.000000000000000000, 1.000000000000000000 ) ) ;
#1697 = LINE ( 'NONE', #910, #596 ) ;
#1698 = DIRECTION ( 'NONE',  ( 0.000000000000000000, 0.000000000000000000, 1.000000000000000000 ) ) ;
#1699 = ORIENTED_EDGE ( 'NONE', *, *, #1501, .F. ) ;
#1700 = CIRCLE ( 'NONE', #332, 2.499999999999998668 ) ;
#1701 = FACE_BOUND ( 'NONE', #1123, .T. ) ;
#1702 = AXIS2_PLACEMENT_3D ( 'NONE', #668, #422, #806 ) ;
#1703 = ORIENTED_EDGE ( 'NONE', *, *, #45, .F. ) ;
#1704 = LINE ( 'NONE', #131, #953 ) ;
#1705 = ADVANCED_FACE ( 'NONE', ( #1217 ), #1357, .F. ) ;
ENDSEC;
END-ISO-10303-21;
