ISO-10303-21;
HEADER;
/* Generated by software containing ST-Developer
 * from STEP Tools, Inc. (www.steptools.com) 
 */

FILE_DESCRIPTION(
/* description */ (''),
/* implementation_level */ '2;1');

FILE_NAME(
/* name */ 'MONTAGEM_FA7155_stack.step',
/* time_stamp */ '2026-08-18T08:29:03-03:00',
/* author */ (''),
/* organization */ (''),
/* preprocessor_version */ 'ST-DEVELOPER v20.1',
/* originating_system */ 'Autodesk Translation Framework v15.8.0.0',
/* authorisation */ '');

FILE_SCHEMA (('AUTOMOTIVE_DESIGN { 1 0 10303 214 3 1 1 }'));
ENDSEC;

DATA;
#10=MECHANICAL_DESIGN_GEOMETRIC_PRESENTATION_REPRESENTATION('',(#56,#57,
#58,#59),#4438);
#11=B_SPLINE_SURFACE_WITH_KNOTS('',8,3,((#4055,#4056,#4057,#4058),(#4059,
#4060,#4061,#4062),(#4063,#4064,#4065,#4066),(#4067,#4068,#4069,#4070),
(#4071,#4072,#4073,#4074),(#4075,#4076,#4077,#4078),(#4079,#4080,#4081,
#4082),(#4083,#4084,#4085,#4086),(#4087,#4088,#4089,#4090)),
 .UNSPECIFIED.,.F.,.F.,.F.,(9,9),(4,4),(4.,5.),(0.,1.),.UNSPECIFIED.);
#12=B_SPLINE_SURFACE_WITH_KNOTS('',8,3,((#4114,#4115,#4116,#4117),(#4118,
#4119,#4120,#4121),(#4122,#4123,#4124,#4125),(#4126,#4127,#4128,#4129),
(#4130,#4131,#4132,#4133),(#4134,#4135,#4136,#4137),(#4138,#4139,#4140,
#4141),(#4142,#4143,#4144,#4145),(#4146,#4147,#4148,#4149)),
 .UNSPECIFIED.,.F.,.F.,.F.,(9,9),(4,4),(0.,1.),(0.,1.),.UNSPECIFIED.);
#13=B_SPLINE_SURFACE_WITH_KNOTS('',8,3,((#4162,#4163,#4164,#4165),(#4166,
#4167,#4168,#4169),(#4170,#4171,#4172,#4173),(#4174,#4175,#4176,#4177),
(#4178,#4179,#4180,#4181),(#4182,#4183,#4184,#4185),(#4186,#4187,#4188,
#4189),(#4190,#4191,#4192,#4193),(#4194,#4195,#4196,#4197)),
 .UNSPECIFIED.,.F.,.F.,.F.,(9,9),(4,4),(3.,4.),(0.,1.),.UNSPECIFIED.);
#14=B_SPLINE_SURFACE_WITH_KNOTS('',8,3,((#4238,#4239,#4240,#4241),(#4242,
#4243,#4244,#4245),(#4246,#4247,#4248,#4249),(#4250,#4251,#4252,#4253),
(#4254,#4255,#4256,#4257),(#4258,#4259,#4260,#4261),(#4262,#4263,#4264,
#4265),(#4266,#4267,#4268,#4269),(#4270,#4271,#4272,#4273)),
 .UNSPECIFIED.,.F.,.F.,.F.,(9,9),(4,4),(1.,2.),(0.,1.),.UNSPECIFIED.);
#15=B_SPLINE_SURFACE_WITH_KNOTS('',8,3,((#4279,#4280,#4281,#4282),(#4283,
#4284,#4285,#4286),(#4287,#4288,#4289,#4290),(#4291,#4292,#4293,#4294),
(#4295,#4296,#4297,#4298),(#4299,#4300,#4301,#4302),(#4303,#4304,#4305,
#4306),(#4307,#4308,#4309,#4310),(#4311,#4312,#4313,#4314)),
 .UNSPECIFIED.,.F.,.F.,.F.,(9,9),(4,4),(2.,3.),(0.,1.),.UNSPECIFIED.);
#16=ITEM_DEFINED_TRANSFORMATION($,$,#2515,#2618);
#17=ITEM_DEFINED_TRANSFORMATION($,$,#2620,#2684);
#18=ITEM_DEFINED_TRANSFORMATION($,$,#2442,#2744);
#19=ITEM_DEFINED_TRANSFORMATION($,$,#2514,#2745);
#20=ITEM_DEFINED_TRANSFORMATION($,$,#2619,#2746);
#21=ITEM_DEFINED_TRANSFORMATION($,$,#2685,#2747);
#22=(
REPRESENTATION_RELATIONSHIP($,$,#4466,#4465)
REPRESENTATION_RELATIONSHIP_WITH_TRANSFORMATION(#16)
SHAPE_REPRESENTATION_RELATIONSHIP()
);
#23=(
REPRESENTATION_RELATIONSHIP($,$,#4468,#4467)
REPRESENTATION_RELATIONSHIP_WITH_TRANSFORMATION(#17)
SHAPE_REPRESENTATION_RELATIONSHIP()
);
#24=(
REPRESENTATION_RELATIONSHIP($,$,#4464,#4463)
REPRESENTATION_RELATIONSHIP_WITH_TRANSFORMATION(#18)
SHAPE_REPRESENTATION_RELATIONSHIP()
);
#25=(
REPRESENTATION_RELATIONSHIP($,$,#4465,#4463)
REPRESENTATION_RELATIONSHIP_WITH_TRANSFORMATION(#19)
SHAPE_REPRESENTATION_RELATIONSHIP()
);
#26=(
REPRESENTATION_RELATIONSHIP($,$,#4467,#4463)
REPRESENTATION_RELATIONSHIP_WITH_TRANSFORMATION(#20)
SHAPE_REPRESENTATION_RELATIONSHIP()
);
#27=(
REPRESENTATION_RELATIONSHIP($,$,#4469,#4463)
REPRESENTATION_RELATIONSHIP_WITH_TRANSFORMATION(#21)
SHAPE_REPRESENTATION_RELATIONSHIP()
);
#28=CONTEXT_DEPENDENT_SHAPE_REPRESENTATION(#22,#4454);
#29=CONTEXT_DEPENDENT_SHAPE_REPRESENTATION(#23,#4457);
#30=CONTEXT_DEPENDENT_SHAPE_REPRESENTATION(#24,#4459);
#31=CONTEXT_DEPENDENT_SHAPE_REPRESENTATION(#25,#4460);
#32=CONTEXT_DEPENDENT_SHAPE_REPRESENTATION(#26,#4461);
#33=CONTEXT_DEPENDENT_SHAPE_REPRESENTATION(#27,#4462);
#34=NEXT_ASSEMBLY_USAGE_OCCURRENCE('FA7155D_20Nm:1','FA7155D_20Nm:1',
'FA7155D_20Nm:1',#4473,#4474,'FA7155D_20Nm:1');
#35=NEXT_ASSEMBLY_USAGE_OCCURRENCE('acoplador_celula_hotswap (1):1',
'acoplador_celula_hotswap (1):1','acoplador_celula_hotswap (1):1',#4475,
#4476,'acoplador_celula_hotswap (1):1');
#36=NEXT_ASSEMBLY_USAGE_OCCURRENCE(
'FA7155 \X2\56FA5B9A7AEF6CD55170FF08970053E68D2DFF09\X0\:1',
'FA7155 \X2\56FA5B9A7AEF6CD55170FF08970053E68D2DFF09\X0\:1',
'FA7155 \X2\56FA5B9A7AEF6CD55170FF08970053E68D2DFF09\X0\:1',#4471,#4472,
'FA7155 \X2\56FA5B9A7AEF6CD55170FF08970053E68D2DFF09\X0\:1');
#37=NEXT_ASSEMBLY_USAGE_OCCURRENCE('FA7155D_20Nm (1):1',
'FA7155D_20Nm (1):1','FA7155D_20Nm (1):1',#4471,#4473,
'FA7155D_20Nm (1):1');
#38=NEXT_ASSEMBLY_USAGE_OCCURRENCE('acoplador_celula_hotswap:1',
'acoplador_celula_hotswap:1','acoplador_celula_hotswap:1',#4471,#4475,
'acoplador_celula_hotswap:1');
#39=NEXT_ASSEMBLY_USAGE_OCCURRENCE('ponteira_F_retangular_15x17:1',
'ponteira_F_retangular_15x17:1','ponteira_F_retangular_15x17:1',#4471,#4477,
'ponteira_F_retangular_15x17:1');
#40=B_SPLINE_CURVE_WITH_KNOTS('',3,(#3658,#3659,#3660,#3661,#3662,#3663,
#3664,#3665,#3666,#3667),.UNSPECIFIED.,.F.,.F.,(4,2,2,2,4),(1.15357412505667,
1.18761651506102,1.31957421055246,1.45153121995341,1.58348822935437),
 .UNSPECIFIED.);
#41=B_SPLINE_CURVE_WITH_KNOTS('',3,(#3671,#3672,#3673,#3674,#3675,#3676,
#3677,#3678,#3679,#3680,#3681,#3682,#3683,#3684,#3685,#3686,#3687,#3688,
#3689,#3690,#3691,#3692,#3693),.UNSPECIFIED.,.F.,.F.,(4,3,2,2,2,2,2,2,2,
2,4),(-0.097904230356246,0.,0.131922930128964,0.263845860257927,0.395768450056866,
0.527691039855804,0.659613629654743,0.791536219453681,0.923459149582645,
1.05538207971161,1.15328631011146),.UNSPECIFIED.);
#42=B_SPLINE_CURVE_WITH_KNOTS('',3,(#3696,#3697,#3698,#3699,#3700,#3701,
#3702,#3703,#3704,#3705),.UNSPECIFIED.,.F.,.F.,(4,2,2,2,4),(1.58348822935437,
1.71544523875532,1.84740224815628,1.97935994364772,2.01340233365207),
 .UNSPECIFIED.);
#43=B_SPLINE_CURVE_WITH_KNOTS('',3,(#4094,#4095,#4096,#4097),
 .UNSPECIFIED.,.F.,.F.,(4,4),(0.,1.),.UNSPECIFIED.);
#44=B_SPLINE_CURVE_WITH_KNOTS('',3,(#4099,#4100,#4101,#4102),
 .UNSPECIFIED.,.F.,.F.,(4,4),(0.,1.),.UNSPECIFIED.);
#45=B_SPLINE_CURVE_WITH_KNOTS('',3,(#4153,#4154,#4155,#4156),
 .UNSPECIFIED.,.F.,.F.,(4,4),(0.,1.),.UNSPECIFIED.);
#46=B_SPLINE_CURVE_WITH_KNOTS('',3,(#4204,#4205,#4206,#4207),
 .UNSPECIFIED.,.F.,.F.,(4,4),(0.,1.),.UNSPECIFIED.);
#47=B_SPLINE_CURVE_WITH_KNOTS('',3,(#4274,#4275,#4276,#4277),
 .UNSPECIFIED.,.F.,.F.,(4,4),(0.,1.),.UNSPECIFIED.);
#48=SHAPE_REPRESENTATION_RELATIONSHIP('SRR','None',#4464,#52);
#49=SHAPE_REPRESENTATION_RELATIONSHIP('SRR','None',#4466,#53);
#50=SHAPE_REPRESENTATION_RELATIONSHIP('SRR','None',#4468,#54);
#51=SHAPE_REPRESENTATION_RELATIONSHIP('SRR','None',#4469,#55);
#52=ADVANCED_BREP_SHAPE_REPRESENTATION('',(#60),#4432);
#53=ADVANCED_BREP_SHAPE_REPRESENTATION('',(#61),#4434);
#54=ADVANCED_BREP_SHAPE_REPRESENTATION('',(#62),#4436);
#55=ADVANCED_BREP_SHAPE_REPRESENTATION('',(#63),#4437);
#56=STYLED_ITEM('',(#4502),#60);
#57=STYLED_ITEM('',(#4502),#61);
#58=STYLED_ITEM('',(#4502),#62);
#59=STYLED_ITEM('',(#4502),#63);
#60=MANIFOLD_SOLID_BREP('Corpo1',#2392);
#61=MANIFOLD_SOLID_BREP('Corpo1',#2393);
#62=MANIFOLD_SOLID_BREP('acoplador_celula_hotswap',#2394);
#63=MANIFOLD_SOLID_BREP('Corpo1',#2395);
#64=FACE_BOUND('',#444,.T.);
#65=FACE_BOUND('',#445,.T.);
#66=FACE_BOUND('',#446,.T.);
#67=FACE_BOUND('',#447,.T.);
#68=FACE_BOUND('',#448,.T.);
#69=FACE_BOUND('',#449,.T.);
#70=FACE_BOUND('',#450,.T.);
#71=FACE_BOUND('',#451,.T.);
#72=FACE_BOUND('',#452,.T.);
#73=FACE_BOUND('',#453,.T.);
#74=FACE_BOUND('',#454,.T.);
#75=FACE_BOUND('',#455,.T.);
#76=FACE_BOUND('',#456,.T.);
#77=FACE_BOUND('',#457,.T.);
#78=FACE_BOUND('',#458,.T.);
#79=FACE_BOUND('',#460,.T.);
#80=FACE_BOUND('',#461,.T.);
#81=FACE_BOUND('',#462,.T.);
#82=FACE_BOUND('',#463,.T.);
#83=FACE_BOUND('',#464,.T.);
#84=FACE_BOUND('',#465,.T.);
#85=FACE_BOUND('',#466,.T.);
#86=FACE_BOUND('',#467,.T.);
#87=FACE_BOUND('',#468,.T.);
#88=FACE_BOUND('',#469,.T.);
#89=FACE_BOUND('',#470,.T.);
#90=FACE_BOUND('',#471,.T.);
#91=FACE_BOUND('',#472,.T.);
#92=FACE_BOUND('',#473,.T.);
#93=FACE_BOUND('',#474,.T.);
#94=FACE_BOUND('',#476,.T.);
#95=FACE_BOUND('',#478,.T.);
#96=FACE_BOUND('',#480,.T.);
#97=FACE_BOUND('',#482,.T.);
#98=FACE_BOUND('',#530,.T.);
#99=FACE_BOUND('',#531,.T.);
#100=FACE_BOUND('',#532,.T.);
#101=FACE_BOUND('',#533,.T.);
#102=FACE_BOUND('',#534,.T.);
#103=FACE_BOUND('',#535,.T.);
#104=FACE_BOUND('',#536,.T.);
#105=FACE_BOUND('',#538,.T.);
#106=FACE_BOUND('',#539,.T.);
#107=FACE_BOUND('',#540,.T.);
#108=FACE_BOUND('',#541,.T.);
#109=FACE_BOUND('',#542,.T.);
#110=FACE_BOUND('',#543,.T.);
#111=FACE_BOUND('',#544,.T.);
#112=FACE_BOUND('',#548,.T.);
#113=FACE_BOUND('',#549,.T.);
#114=FACE_BOUND('',#550,.T.);
#115=FACE_BOUND('',#551,.T.);
#116=FACE_BOUND('',#552,.T.);
#117=FACE_BOUND('',#553,.T.);
#118=FACE_BOUND('',#554,.T.);
#119=FACE_BOUND('',#555,.T.);
#120=FACE_BOUND('',#560,.T.);
#121=FACE_BOUND('',#563,.T.);
#122=FACE_BOUND('',#566,.T.);
#123=FACE_BOUND('',#569,.T.);
#124=FACE_BOUND('',#576,.T.);
#125=FACE_BOUND('',#578,.T.);
#126=FACE_BOUND('',#592,.T.);
#127=FACE_BOUND('',#593,.T.);
#128=FACE_BOUND('',#594,.T.);
#129=FACE_BOUND('',#595,.T.);
#130=FACE_BOUND('',#596,.T.);
#131=FACE_BOUND('',#597,.T.);
#132=FACE_BOUND('',#598,.T.);
#133=FACE_BOUND('',#600,.T.);
#134=FACE_BOUND('',#601,.T.);
#135=FACE_BOUND('',#602,.T.);
#136=FACE_BOUND('',#603,.T.);
#137=FACE_BOUND('',#604,.T.);
#138=FACE_BOUND('',#605,.T.);
#139=FACE_BOUND('',#622,.T.);
#140=PLANE('',#2508);
#141=PLANE('',#2509);
#142=PLANE('',#2510);
#143=PLANE('',#2511);
#144=PLANE('',#2512);
#145=PLANE('',#2513);
#146=PLANE('',#2518);
#147=PLANE('',#2526);
#148=PLANE('',#2530);
#149=PLANE('',#2534);
#150=PLANE('',#2538);
#151=PLANE('',#2542);
#152=PLANE('',#2546);
#153=PLANE('',#2550);
#154=PLANE('',#2554);
#155=PLANE('',#2558);
#156=PLANE('',#2562);
#157=PLANE('',#2566);
#158=PLANE('',#2570);
#159=PLANE('',#2574);
#160=PLANE('',#2578);
#161=PLANE('',#2582);
#162=PLANE('',#2586);
#163=PLANE('',#2590);
#164=PLANE('',#2594);
#165=PLANE('',#2598);
#166=PLANE('',#2602);
#167=PLANE('',#2606);
#168=PLANE('',#2610);
#169=PLANE('',#2611);
#170=PLANE('',#2616);
#171=PLANE('',#2617);
#172=PLANE('',#2630);
#173=PLANE('',#2635);
#174=PLANE('',#2640);
#175=PLANE('',#2645);
#176=PLANE('',#2658);
#177=PLANE('',#2668);
#178=PLANE('',#2669);
#179=PLANE('',#2670);
#180=PLANE('',#2671);
#181=PLANE('',#2672);
#182=PLANE('',#2673);
#183=PLANE('',#2674);
#184=PLANE('',#2675);
#185=PLANE('',#2676);
#186=PLANE('',#2677);
#187=PLANE('',#2678);
#188=PLANE('',#2682);
#189=PLANE('',#2683);
#190=PLANE('',#2686);
#191=PLANE('',#2687);
#192=PLANE('',#2688);
#193=PLANE('',#2691);
#194=PLANE('',#2694);
#195=PLANE('',#2698);
#196=PLANE('',#2699);
#197=PLANE('',#2700);
#198=PLANE('',#2710);
#199=PLANE('',#2711);
#200=PLANE('',#2723);
#201=PLANE('',#2724);
#202=PLANE('',#2725);
#203=PLANE('',#2726);
#204=PLANE('',#2727);
#205=PLANE('',#2728);
#206=PLANE('',#2729);
#207=PLANE('',#2730);
#208=PLANE('',#2731);
#209=PLANE('',#2733);
#210=PLANE('',#2734);
#211=PLANE('',#2736);
#212=PLANE('',#2737);
#213=PLANE('',#2739);
#214=PLANE('',#2740);
#215=CYLINDRICAL_SURFACE('',#2450,3.);
#216=CYLINDRICAL_SURFACE('',#2453,3.);
#217=CYLINDRICAL_SURFACE('',#2456,15.75);
#218=CYLINDRICAL_SURFACE('',#2459,2.5);
#219=CYLINDRICAL_SURFACE('',#2462,2.5);
#220=CYLINDRICAL_SURFACE('',#2465,1.65);
#221=CYLINDRICAL_SURFACE('',#2468,1.65);
#222=CYLINDRICAL_SURFACE('',#2471,1.65);
#223=CYLINDRICAL_SURFACE('',#2474,1.65);
#224=CYLINDRICAL_SURFACE('',#2477,1.65);
#225=CYLINDRICAL_SURFACE('',#2480,1.65);
#226=CYLINDRICAL_SURFACE('',#2483,5.4);
#227=CYLINDRICAL_SURFACE('',#2486,3.1);
#228=CYLINDRICAL_SURFACE('',#2489,5.4);
#229=CYLINDRICAL_SURFACE('',#2492,3.1);
#230=CYLINDRICAL_SURFACE('',#2495,5.4);
#231=CYLINDRICAL_SURFACE('',#2498,3.1);
#232=CYLINDRICAL_SURFACE('',#2501,5.4);
#233=CYLINDRICAL_SURFACE('',#2504,3.1);
#234=CYLINDRICAL_SURFACE('',#2507,37.5);
#235=CYLINDRICAL_SURFACE('',#2516,3.5);
#236=CYLINDRICAL_SURFACE('',#2519,31.5);
#237=CYLINDRICAL_SURFACE('',#2523,2.);
#238=CYLINDRICAL_SURFACE('',#2527,2.);
#239=CYLINDRICAL_SURFACE('',#2531,2.);
#240=CYLINDRICAL_SURFACE('',#2535,2.);
#241=CYLINDRICAL_SURFACE('',#2539,2.);
#242=CYLINDRICAL_SURFACE('',#2543,2.);
#243=CYLINDRICAL_SURFACE('',#2547,2.5);
#244=CYLINDRICAL_SURFACE('',#2551,2.5);
#245=CYLINDRICAL_SURFACE('',#2555,3.);
#246=CYLINDRICAL_SURFACE('',#2559,2.5);
#247=CYLINDRICAL_SURFACE('',#2563,2.5);
#248=CYLINDRICAL_SURFACE('',#2567,2.5);
#249=CYLINDRICAL_SURFACE('',#2571,2.5);
#250=CYLINDRICAL_SURFACE('',#2575,3.);
#251=CYLINDRICAL_SURFACE('',#2579,3.);
#252=CYLINDRICAL_SURFACE('',#2583,4.);
#253=CYLINDRICAL_SURFACE('',#2587,3.);
#254=CYLINDRICAL_SURFACE('',#2591,3.);
#255=CYLINDRICAL_SURFACE('',#2595,3.);
#256=CYLINDRICAL_SURFACE('',#2599,3.);
#257=CYLINDRICAL_SURFACE('',#2603,3.);
#258=CYLINDRICAL_SURFACE('',#2607,19.);
#259=CYLINDRICAL_SURFACE('',#2612,37.5);
#260=CYLINDRICAL_SURFACE('',#2621,3.);
#261=CYLINDRICAL_SURFACE('',#2624,3.);
#262=CYLINDRICAL_SURFACE('',#2627,5.5);
#263=CYLINDRICAL_SURFACE('',#2632,5.5);
#264=CYLINDRICAL_SURFACE('',#2637,5.5);
#265=CYLINDRICAL_SURFACE('',#2642,5.5);
#266=CYLINDRICAL_SURFACE('',#2647,3.3);
#267=CYLINDRICAL_SURFACE('',#2649,3.3);
#268=CYLINDRICAL_SURFACE('',#2651,3.3);
#269=CYLINDRICAL_SURFACE('',#2653,3.3);
#270=CYLINDRICAL_SURFACE('',#2655,6.);
#271=CYLINDRICAL_SURFACE('',#2660,5.);
#272=CYLINDRICAL_SURFACE('',#2679,33.);
#273=CYLINDRICAL_SURFACE('',#2701,10.);
#274=CYLINDRICAL_SURFACE('',#2714,5.1);
#275=CYLINDRICAL_SURFACE('',#2742,7.6);
#276=CYLINDRICAL_SURFACE('',#2743,7.6);
#277=FACE_OUTER_BOUND('',#421,.T.);
#278=FACE_OUTER_BOUND('',#422,.T.);
#279=FACE_OUTER_BOUND('',#423,.T.);
#280=FACE_OUTER_BOUND('',#424,.T.);
#281=FACE_OUTER_BOUND('',#425,.T.);
#282=FACE_OUTER_BOUND('',#426,.T.);
#283=FACE_OUTER_BOUND('',#427,.T.);
#284=FACE_OUTER_BOUND('',#428,.T.);
#285=FACE_OUTER_BOUND('',#429,.T.);
#286=FACE_OUTER_BOUND('',#430,.T.);
#287=FACE_OUTER_BOUND('',#431,.T.);
#288=FACE_OUTER_BOUND('',#432,.T.);
#289=FACE_OUTER_BOUND('',#433,.T.);
#290=FACE_OUTER_BOUND('',#434,.T.);
#291=FACE_OUTER_BOUND('',#435,.T.);
#292=FACE_OUTER_BOUND('',#436,.T.);
#293=FACE_OUTER_BOUND('',#437,.T.);
#294=FACE_OUTER_BOUND('',#438,.T.);
#295=FACE_OUTER_BOUND('',#439,.T.);
#296=FACE_OUTER_BOUND('',#440,.T.);
#297=FACE_OUTER_BOUND('',#441,.T.);
#298=FACE_OUTER_BOUND('',#442,.T.);
#299=FACE_OUTER_BOUND('',#443,.T.);
#300=FACE_OUTER_BOUND('',#459,.T.);
#301=FACE_OUTER_BOUND('',#475,.T.);
#302=FACE_OUTER_BOUND('',#477,.T.);
#303=FACE_OUTER_BOUND('',#479,.T.);
#304=FACE_OUTER_BOUND('',#481,.T.);
#305=FACE_OUTER_BOUND('',#483,.T.);
#306=FACE_OUTER_BOUND('',#484,.T.);
#307=FACE_OUTER_BOUND('',#485,.T.);
#308=FACE_OUTER_BOUND('',#486,.T.);
#309=FACE_OUTER_BOUND('',#487,.T.);
#310=FACE_OUTER_BOUND('',#488,.T.);
#311=FACE_OUTER_BOUND('',#489,.T.);
#312=FACE_OUTER_BOUND('',#490,.T.);
#313=FACE_OUTER_BOUND('',#491,.T.);
#314=FACE_OUTER_BOUND('',#492,.T.);
#315=FACE_OUTER_BOUND('',#493,.T.);
#316=FACE_OUTER_BOUND('',#494,.T.);
#317=FACE_OUTER_BOUND('',#495,.T.);
#318=FACE_OUTER_BOUND('',#496,.T.);
#319=FACE_OUTER_BOUND('',#497,.T.);
#320=FACE_OUTER_BOUND('',#498,.T.);
#321=FACE_OUTER_BOUND('',#499,.T.);
#322=FACE_OUTER_BOUND('',#500,.T.);
#323=FACE_OUTER_BOUND('',#501,.T.);
#324=FACE_OUTER_BOUND('',#502,.T.);
#325=FACE_OUTER_BOUND('',#503,.T.);
#326=FACE_OUTER_BOUND('',#504,.T.);
#327=FACE_OUTER_BOUND('',#505,.T.);
#328=FACE_OUTER_BOUND('',#506,.T.);
#329=FACE_OUTER_BOUND('',#507,.T.);
#330=FACE_OUTER_BOUND('',#508,.T.);
#331=FACE_OUTER_BOUND('',#509,.T.);
#332=FACE_OUTER_BOUND('',#510,.T.);
#333=FACE_OUTER_BOUND('',#511,.T.);
#334=FACE_OUTER_BOUND('',#512,.T.);
#335=FACE_OUTER_BOUND('',#513,.T.);
#336=FACE_OUTER_BOUND('',#514,.T.);
#337=FACE_OUTER_BOUND('',#515,.T.);
#338=FACE_OUTER_BOUND('',#516,.T.);
#339=FACE_OUTER_BOUND('',#517,.T.);
#340=FACE_OUTER_BOUND('',#518,.T.);
#341=FACE_OUTER_BOUND('',#519,.T.);
#342=FACE_OUTER_BOUND('',#520,.T.);
#343=FACE_OUTER_BOUND('',#521,.T.);
#344=FACE_OUTER_BOUND('',#522,.T.);
#345=FACE_OUTER_BOUND('',#523,.T.);
#346=FACE_OUTER_BOUND('',#524,.T.);
#347=FACE_OUTER_BOUND('',#525,.T.);
#348=FACE_OUTER_BOUND('',#526,.T.);
#349=FACE_OUTER_BOUND('',#527,.T.);
#350=FACE_OUTER_BOUND('',#528,.T.);
#351=FACE_OUTER_BOUND('',#529,.T.);
#352=FACE_OUTER_BOUND('',#537,.T.);
#353=FACE_OUTER_BOUND('',#545,.T.);
#354=FACE_OUTER_BOUND('',#546,.T.);
#355=FACE_OUTER_BOUND('',#547,.T.);
#356=FACE_OUTER_BOUND('',#556,.T.);
#357=FACE_OUTER_BOUND('',#557,.T.);
#358=FACE_OUTER_BOUND('',#558,.T.);
#359=FACE_OUTER_BOUND('',#559,.T.);
#360=FACE_OUTER_BOUND('',#561,.T.);
#361=FACE_OUTER_BOUND('',#562,.T.);
#362=FACE_OUTER_BOUND('',#564,.T.);
#363=FACE_OUTER_BOUND('',#565,.T.);
#364=FACE_OUTER_BOUND('',#567,.T.);
#365=FACE_OUTER_BOUND('',#568,.T.);
#366=FACE_OUTER_BOUND('',#570,.T.);
#367=FACE_OUTER_BOUND('',#571,.T.);
#368=FACE_OUTER_BOUND('',#572,.T.);
#369=FACE_OUTER_BOUND('',#573,.T.);
#370=FACE_OUTER_BOUND('',#574,.T.);
#371=FACE_OUTER_BOUND('',#575,.T.);
#372=FACE_OUTER_BOUND('',#577,.T.);
#373=FACE_OUTER_BOUND('',#579,.T.);
#374=FACE_OUTER_BOUND('',#580,.T.);
#375=FACE_OUTER_BOUND('',#581,.T.);
#376=FACE_OUTER_BOUND('',#582,.T.);
#377=FACE_OUTER_BOUND('',#583,.T.);
#378=FACE_OUTER_BOUND('',#584,.T.);
#379=FACE_OUTER_BOUND('',#585,.T.);
#380=FACE_OUTER_BOUND('',#586,.T.);
#381=FACE_OUTER_BOUND('',#587,.T.);
#382=FACE_OUTER_BOUND('',#588,.T.);
#383=FACE_OUTER_BOUND('',#589,.T.);
#384=FACE_OUTER_BOUND('',#590,.T.);
#385=FACE_OUTER_BOUND('',#591,.T.);
#386=FACE_OUTER_BOUND('',#599,.T.);
#387=FACE_OUTER_BOUND('',#606,.T.);
#388=FACE_OUTER_BOUND('',#607,.T.);
#389=FACE_OUTER_BOUND('',#608,.T.);
#390=FACE_OUTER_BOUND('',#609,.T.);
#391=FACE_OUTER_BOUND('',#610,.T.);
#392=FACE_OUTER_BOUND('',#611,.T.);
#393=FACE_OUTER_BOUND('',#612,.T.);
#394=FACE_OUTER_BOUND('',#613,.T.);
#395=FACE_OUTER_BOUND('',#614,.T.);
#396=FACE_OUTER_BOUND('',#615,.T.);
#397=FACE_OUTER_BOUND('',#616,.T.);
#398=FACE_OUTER_BOUND('',#617,.T.);
#399=FACE_OUTER_BOUND('',#618,.T.);
#400=FACE_OUTER_BOUND('',#619,.T.);
#401=FACE_OUTER_BOUND('',#620,.T.);
#402=FACE_OUTER_BOUND('',#621,.T.);
#403=FACE_OUTER_BOUND('',#623,.T.);
#404=FACE_OUTER_BOUND('',#624,.T.);
#405=FACE_OUTER_BOUND('',#625,.T.);
#406=FACE_OUTER_BOUND('',#626,.T.);
#407=FACE_OUTER_BOUND('',#627,.T.);
#408=FACE_OUTER_BOUND('',#628,.T.);
#409=FACE_OUTER_BOUND('',#629,.T.);
#410=FACE_OUTER_BOUND('',#630,.T.);
#411=FACE_OUTER_BOUND('',#631,.T.);
#412=FACE_OUTER_BOUND('',#632,.T.);
#413=FACE_OUTER_BOUND('',#633,.T.);
#414=FACE_OUTER_BOUND('',#634,.T.);
#415=FACE_OUTER_BOUND('',#635,.T.);
#416=FACE_OUTER_BOUND('',#636,.T.);
#417=FACE_OUTER_BOUND('',#637,.T.);
#418=FACE_OUTER_BOUND('',#638,.T.);
#419=FACE_OUTER_BOUND('',#639,.T.);
#420=FACE_OUTER_BOUND('',#640,.T.);
#421=EDGE_LOOP('',(#1620,#1621,#1622,#1623));
#422=EDGE_LOOP('',(#1624,#1625,#1626,#1627,#1628));
#423=EDGE_LOOP('',(#1629,#1630,#1631,#1632));
#424=EDGE_LOOP('',(#1633,#1634,#1635,#1636));
#425=EDGE_LOOP('',(#1637,#1638,#1639,#1640));
#426=EDGE_LOOP('',(#1641,#1642,#1643,#1644));
#427=EDGE_LOOP('',(#1645,#1646,#1647,#1648));
#428=EDGE_LOOP('',(#1649,#1650,#1651,#1652));
#429=EDGE_LOOP('',(#1653,#1654,#1655,#1656));
#430=EDGE_LOOP('',(#1657,#1658,#1659,#1660));
#431=EDGE_LOOP('',(#1661,#1662,#1663,#1664));
#432=EDGE_LOOP('',(#1665,#1666,#1667,#1668));
#433=EDGE_LOOP('',(#1669,#1670,#1671,#1672));
#434=EDGE_LOOP('',(#1673,#1674,#1675,#1676));
#435=EDGE_LOOP('',(#1677,#1678,#1679,#1680));
#436=EDGE_LOOP('',(#1681,#1682,#1683,#1684));
#437=EDGE_LOOP('',(#1685,#1686,#1687,#1688));
#438=EDGE_LOOP('',(#1689,#1690,#1691,#1692));
#439=EDGE_LOOP('',(#1693,#1694,#1695,#1696));
#440=EDGE_LOOP('',(#1697,#1698,#1699,#1700));
#441=EDGE_LOOP('',(#1701,#1702,#1703,#1704));
#442=EDGE_LOOP('',(#1705,#1706,#1707,#1708,#1709));
#443=EDGE_LOOP('',(#1710));
#444=EDGE_LOOP('',(#1711));
#445=EDGE_LOOP('',(#1712));
#446=EDGE_LOOP('',(#1713));
#447=EDGE_LOOP('',(#1714));
#448=EDGE_LOOP('',(#1715));
#449=EDGE_LOOP('',(#1716));
#450=EDGE_LOOP('',(#1717));
#451=EDGE_LOOP('',(#1718));
#452=EDGE_LOOP('',(#1719));
#453=EDGE_LOOP('',(#1720));
#454=EDGE_LOOP('',(#1721));
#455=EDGE_LOOP('',(#1722));
#456=EDGE_LOOP('',(#1723));
#457=EDGE_LOOP('',(#1724));
#458=EDGE_LOOP('',(#1725));
#459=EDGE_LOOP('',(#1726));
#460=EDGE_LOOP('',(#1727));
#461=EDGE_LOOP('',(#1728));
#462=EDGE_LOOP('',(#1729));
#463=EDGE_LOOP('',(#1730));
#464=EDGE_LOOP('',(#1731));
#465=EDGE_LOOP('',(#1732));
#466=EDGE_LOOP('',(#1733));
#467=EDGE_LOOP('',(#1734));
#468=EDGE_LOOP('',(#1735));
#469=EDGE_LOOP('',(#1736));
#470=EDGE_LOOP('',(#1737));
#471=EDGE_LOOP('',(#1738));
#472=EDGE_LOOP('',(#1739));
#473=EDGE_LOOP('',(#1740));
#474=EDGE_LOOP('',(#1741));
#475=EDGE_LOOP('',(#1742));
#476=EDGE_LOOP('',(#1743));
#477=EDGE_LOOP('',(#1744));
#478=EDGE_LOOP('',(#1745));
#479=EDGE_LOOP('',(#1746));
#480=EDGE_LOOP('',(#1747));
#481=EDGE_LOOP('',(#1748));
#482=EDGE_LOOP('',(#1749));
#483=EDGE_LOOP('',(#1750,#1751,#1752,#1753,#1754,#1755,#1756,#1757));
#484=EDGE_LOOP('',(#1758));
#485=EDGE_LOOP('',(#1759,#1760,#1761,#1762,#1763,#1764,#1765));
#486=EDGE_LOOP('',(#1766,#1767,#1768,#1769));
#487=EDGE_LOOP('',(#1770));
#488=EDGE_LOOP('',(#1771,#1772,#1773,#1774));
#489=EDGE_LOOP('',(#1775));
#490=EDGE_LOOP('',(#1776,#1777,#1778,#1779));
#491=EDGE_LOOP('',(#1780));
#492=EDGE_LOOP('',(#1781,#1782,#1783,#1784));
#493=EDGE_LOOP('',(#1785));
#494=EDGE_LOOP('',(#1786,#1787,#1788,#1789));
#495=EDGE_LOOP('',(#1790));
#496=EDGE_LOOP('',(#1791,#1792,#1793,#1794));
#497=EDGE_LOOP('',(#1795));
#498=EDGE_LOOP('',(#1796,#1797,#1798,#1799));
#499=EDGE_LOOP('',(#1800));
#500=EDGE_LOOP('',(#1801,#1802,#1803,#1804));
#501=EDGE_LOOP('',(#1805));
#502=EDGE_LOOP('',(#1806,#1807,#1808,#1809));
#503=EDGE_LOOP('',(#1810));
#504=EDGE_LOOP('',(#1811,#1812,#1813,#1814));
#505=EDGE_LOOP('',(#1815));
#506=EDGE_LOOP('',(#1816,#1817,#1818,#1819));
#507=EDGE_LOOP('',(#1820));
#508=EDGE_LOOP('',(#1821,#1822,#1823,#1824));
#509=EDGE_LOOP('',(#1825));
#510=EDGE_LOOP('',(#1826,#1827,#1828,#1829));
#511=EDGE_LOOP('',(#1830));
#512=EDGE_LOOP('',(#1831,#1832,#1833,#1834));
#513=EDGE_LOOP('',(#1835));
#514=EDGE_LOOP('',(#1836,#1837,#1838,#1839));
#515=EDGE_LOOP('',(#1840));
#516=EDGE_LOOP('',(#1841,#1842,#1843,#1844));
#517=EDGE_LOOP('',(#1845));
#518=EDGE_LOOP('',(#1846,#1847,#1848,#1849));
#519=EDGE_LOOP('',(#1850));
#520=EDGE_LOOP('',(#1851,#1852,#1853,#1854));
#521=EDGE_LOOP('',(#1855));
#522=EDGE_LOOP('',(#1856,#1857,#1858,#1859));
#523=EDGE_LOOP('',(#1860));
#524=EDGE_LOOP('',(#1861,#1862,#1863,#1864));
#525=EDGE_LOOP('',(#1865));
#526=EDGE_LOOP('',(#1866,#1867,#1868,#1869));
#527=EDGE_LOOP('',(#1870));
#528=EDGE_LOOP('',(#1871,#1872,#1873,#1874));
#529=EDGE_LOOP('',(#1875));
#530=EDGE_LOOP('',(#1876));
#531=EDGE_LOOP('',(#1877));
#532=EDGE_LOOP('',(#1878));
#533=EDGE_LOOP('',(#1879));
#534=EDGE_LOOP('',(#1880));
#535=EDGE_LOOP('',(#1881));
#536=EDGE_LOOP('',(#1882));
#537=EDGE_LOOP('',(#1883));
#538=EDGE_LOOP('',(#1884));
#539=EDGE_LOOP('',(#1885));
#540=EDGE_LOOP('',(#1886));
#541=EDGE_LOOP('',(#1887));
#542=EDGE_LOOP('',(#1888));
#543=EDGE_LOOP('',(#1889));
#544=EDGE_LOOP('',(#1890));
#545=EDGE_LOOP('',(#1891,#1892,#1893,#1894,#1895,#1896));
#546=EDGE_LOOP('',(#1897,#1898,#1899,#1900,#1901,#1902));
#547=EDGE_LOOP('',(#1903));
#548=EDGE_LOOP('',(#1904));
#549=EDGE_LOOP('',(#1905));
#550=EDGE_LOOP('',(#1906));
#551=EDGE_LOOP('',(#1907));
#552=EDGE_LOOP('',(#1908));
#553=EDGE_LOOP('',(#1909));
#554=EDGE_LOOP('',(#1910));
#555=EDGE_LOOP('',(#1911));
#556=EDGE_LOOP('',(#1912,#1913,#1914,#1915));
#557=EDGE_LOOP('',(#1916,#1917,#1918,#1919));
#558=EDGE_LOOP('',(#1920,#1921,#1922,#1923));
#559=EDGE_LOOP('',(#1924));
#560=EDGE_LOOP('',(#1925));
#561=EDGE_LOOP('',(#1926,#1927,#1928,#1929));
#562=EDGE_LOOP('',(#1930));
#563=EDGE_LOOP('',(#1931));
#564=EDGE_LOOP('',(#1932,#1933,#1934,#1935));
#565=EDGE_LOOP('',(#1936));
#566=EDGE_LOOP('',(#1937));
#567=EDGE_LOOP('',(#1938,#1939,#1940,#1941));
#568=EDGE_LOOP('',(#1942));
#569=EDGE_LOOP('',(#1943));
#570=EDGE_LOOP('',(#1944,#1945,#1946,#1947));
#571=EDGE_LOOP('',(#1948,#1949,#1950,#1951));
#572=EDGE_LOOP('',(#1952,#1953,#1954,#1955));
#573=EDGE_LOOP('',(#1956,#1957,#1958,#1959));
#574=EDGE_LOOP('',(#1960,#1961,#1962,#1963));
#575=EDGE_LOOP('',(#1964));
#576=EDGE_LOOP('',(#1965));
#577=EDGE_LOOP('',(#1966,#1967,#1968,#1969,#1970,#1971,#1972,#1973,#1974,
#1975,#1976,#1977));
#578=EDGE_LOOP('',(#1978,#1979,#1980,#1981));
#579=EDGE_LOOP('',(#1982,#1983,#1984,#1985));
#580=EDGE_LOOP('',(#1986,#1987,#1988,#1989));
#581=EDGE_LOOP('',(#1990,#1991,#1992,#1993));
#582=EDGE_LOOP('',(#1994,#1995,#1996,#1997));
#583=EDGE_LOOP('',(#1998));
#584=EDGE_LOOP('',(#1999,#2000,#2001,#2002,#2003));
#585=EDGE_LOOP('',(#2004,#2005,#2006,#2007));
#586=EDGE_LOOP('',(#2008,#2009,#2010,#2011,#2012));
#587=EDGE_LOOP('',(#2013,#2014,#2015,#2016));
#588=EDGE_LOOP('',(#2017,#2018,#2019,#2020));
#589=EDGE_LOOP('',(#2021,#2022,#2023,#2024));
#590=EDGE_LOOP('',(#2025,#2026,#2027,#2028));
#591=EDGE_LOOP('',(#2029));
#592=EDGE_LOOP('',(#2030));
#593=EDGE_LOOP('',(#2031));
#594=EDGE_LOOP('',(#2032));
#595=EDGE_LOOP('',(#2033));
#596=EDGE_LOOP('',(#2034));
#597=EDGE_LOOP('',(#2035));
#598=EDGE_LOOP('',(#2036));
#599=EDGE_LOOP('',(#2037));
#600=EDGE_LOOP('',(#2038));
#601=EDGE_LOOP('',(#2039));
#602=EDGE_LOOP('',(#2040));
#603=EDGE_LOOP('',(#2041));
#604=EDGE_LOOP('',(#2042));
#605=EDGE_LOOP('',(#2043));
#606=EDGE_LOOP('',(#2044,#2045,#2046,#2047,#2048,#2049,#2050));
#607=EDGE_LOOP('',(#2051,#2052,#2053,#2054,#2055,#2056));
#608=EDGE_LOOP('',(#2057,#2058,#2059,#2060));
#609=EDGE_LOOP('',(#2061,#2062,#2063,#2064,#2065,#2066));
#610=EDGE_LOOP('',(#2067,#2068,#2069,#2070,#2071,#2072));
#611=EDGE_LOOP('',(#2073,#2074,#2075,#2076,#2077,#2078));
#612=EDGE_LOOP('',(#2079,#2080,#2081,#2082));
#613=EDGE_LOOP('',(#2083,#2084,#2085,#2086,#2087,#2088,#2089,#2090));
#614=EDGE_LOOP('',(#2091,#2092,#2093,#2094,#2095,#2096));
#615=EDGE_LOOP('',(#2097,#2098,#2099,#2100));
#616=EDGE_LOOP('',(#2101,#2102,#2103,#2104));
#617=EDGE_LOOP('',(#2105,#2106,#2107,#2108,#2109,#2110,#2111,#2112,#2113,
#2114,#2115,#2116,#2117,#2118,#2119,#2120,#2121));
#618=EDGE_LOOP('',(#2122,#2123,#2124,#2125,#2126,#2127,#2128,#2129));
#619=EDGE_LOOP('',(#2130,#2131,#2132,#2133));
#620=EDGE_LOOP('',(#2134,#2135,#2136,#2137,#2138,#2139,#2140,#2141,#2142));
#621=EDGE_LOOP('',(#2143));
#622=EDGE_LOOP('',(#2144,#2145,#2146,#2147,#2148,#2149,#2150,#2151));
#623=EDGE_LOOP('',(#2152,#2153,#2154,#2155,#2156,#2157,#2158,#2159,#2160,
#2161,#2162,#2163,#2164,#2165,#2166,#2167,#2168,#2169,#2170,#2171));
#624=EDGE_LOOP('',(#2172,#2173,#2174,#2175,#2176,#2177,#2178,#2179));
#625=EDGE_LOOP('',(#2180,#2181,#2182,#2183));
#626=EDGE_LOOP('',(#2184,#2185,#2186,#2187));
#627=EDGE_LOOP('',(#2188,#2189,#2190,#2191,#2192,#2193,#2194,#2195));
#628=EDGE_LOOP('',(#2196,#2197,#2198,#2199));
#629=EDGE_LOOP('',(#2200,#2201,#2202,#2203));
#630=EDGE_LOOP('',(#2204,#2205,#2206,#2207));
#631=EDGE_LOOP('',(#2208));
#632=EDGE_LOOP('',(#2209,#2210,#2211,#2212));
#633=EDGE_LOOP('',(#2213,#2214,#2215,#2216));
#634=EDGE_LOOP('',(#2217,#2218,#2219,#2220));
#635=EDGE_LOOP('',(#2221,#2222,#2223,#2224,#2225));
#636=EDGE_LOOP('',(#2226,#2227,#2228,#2229));
#637=EDGE_LOOP('',(#2230,#2231,#2232,#2233));
#638=EDGE_LOOP('',(#2234,#2235,#2236,#2237));
#639=EDGE_LOOP('',(#2238,#2239,#2240,#2241));
#640=EDGE_LOOP('',(#2242,#2243,#2244,#2245));
#641=LINE('',#3518,#791);
#642=LINE('',#3526,#792);
#643=LINE('',#3532,#793);
#644=LINE('',#3538,#794);
#645=LINE('',#3544,#795);
#646=LINE('',#3550,#796);
#647=LINE('',#3556,#797);
#648=LINE('',#3562,#798);
#649=LINE('',#3568,#799);
#650=LINE('',#3574,#800);
#651=LINE('',#3580,#801);
#652=LINE('',#3586,#802);
#653=LINE('',#3592,#803);
#654=LINE('',#3598,#804);
#655=LINE('',#3604,#805);
#656=LINE('',#3610,#806);
#657=LINE('',#3616,#807);
#658=LINE('',#3622,#808);
#659=LINE('',#3628,#809);
#660=LINE('',#3634,#810);
#661=LINE('',#3640,#811);
#662=LINE('',#3643,#812);
#663=LINE('',#3656,#813);
#664=LINE('',#3669,#814);
#665=LINE('',#3695,#815);
#666=LINE('',#3711,#816);
#667=LINE('',#3718,#817);
#668=LINE('',#3725,#818);
#669=LINE('',#3732,#819);
#670=LINE('',#3739,#820);
#671=LINE('',#3746,#821);
#672=LINE('',#3753,#822);
#673=LINE('',#3760,#823);
#674=LINE('',#3767,#824);
#675=LINE('',#3774,#825);
#676=LINE('',#3781,#826);
#677=LINE('',#3788,#827);
#678=LINE('',#3795,#828);
#679=LINE('',#3802,#829);
#680=LINE('',#3809,#830);
#681=LINE('',#3816,#831);
#682=LINE('',#3823,#832);
#683=LINE('',#3830,#833);
#684=LINE('',#3837,#834);
#685=LINE('',#3844,#835);
#686=LINE('',#3851,#836);
#687=LINE('',#3858,#837);
#688=LINE('',#3865,#838);
#689=LINE('',#3873,#839);
#690=LINE('',#3885,#840);
#691=LINE('',#3891,#841);
#692=LINE('',#3897,#842);
#693=LINE('',#3906,#843);
#694=LINE('',#3915,#844);
#695=LINE('',#3924,#845);
#696=LINE('',#3931,#846);
#697=LINE('',#3935,#847);
#698=LINE('',#3939,#848);
#699=LINE('',#3943,#849);
#700=LINE('',#3949,#850);
#701=LINE('',#3958,#851);
#702=LINE('',#3962,#852);
#703=LINE('',#3965,#853);
#704=LINE('',#3969,#854);
#705=LINE('',#3975,#855);
#706=LINE('',#3978,#856);
#707=LINE('',#3981,#857);
#708=LINE('',#3983,#858);
#709=LINE('',#3984,#859);
#710=LINE('',#3987,#860);
#711=LINE('',#3988,#861);
#712=LINE('',#3991,#862);
#713=LINE('',#3992,#863);
#714=LINE('',#3994,#864);
#715=LINE('',#3998,#865);
#716=LINE('',#4000,#866);
#717=LINE('',#4001,#867);
#718=LINE('',#4004,#868);
#719=LINE('',#4005,#869);
#720=LINE('',#4008,#870);
#721=LINE('',#4009,#871);
#722=LINE('',#4011,#872);
#723=LINE('',#4018,#873);
#724=LINE('',#4027,#874);
#725=LINE('',#4029,#875);
#726=LINE('',#4031,#876);
#727=LINE('',#4033,#877);
#728=LINE('',#4035,#878);
#729=LINE('',#4037,#879);
#730=LINE('',#4038,#880);
#731=LINE('',#4041,#881);
#732=LINE('',#4043,#882);
#733=LINE('',#4045,#883);
#734=LINE('',#4047,#884);
#735=LINE('',#4048,#885);
#736=LINE('',#4051,#886);
#737=LINE('',#4053,#887);
#738=LINE('',#4054,#888);
#739=LINE('',#4106,#889);
#740=LINE('',#4108,#890);
#741=LINE('',#4110,#891);
#742=LINE('',#4112,#892);
#743=LINE('',#4113,#893);
#744=LINE('',#4160,#894);
#745=LINE('',#4161,#895);
#746=LINE('',#4209,#896);
#747=LINE('',#4211,#897);
#748=LINE('',#4213,#898);
#749=LINE('',#4214,#899);
#750=LINE('',#4217,#900);
#751=LINE('',#4218,#901);
#752=LINE('',#4220,#902);
#753=LINE('',#4227,#903);
#754=LINE('',#4320,#904);
#755=LINE('',#4322,#905);
#756=LINE('',#4324,#906);
#757=LINE('',#4328,#907);
#758=LINE('',#4330,#908);
#759=LINE('',#4331,#909);
#760=LINE('',#4336,#910);
#761=LINE('',#4338,#911);
#762=LINE('',#4342,#912);
#763=LINE('',#4346,#913);
#764=LINE('',#4350,#914);
#765=LINE('',#4354,#915);
#766=LINE('',#4356,#916);
#767=LINE('',#4360,#917);
#768=LINE('',#4363,#918);
#769=LINE('',#4366,#919);
#770=LINE('',#4368,#920);
#771=LINE('',#4369,#921);
#772=LINE('',#4371,#922);
#773=LINE('',#4372,#923);
#774=LINE('',#4375,#924);
#775=LINE('',#4376,#925);
#776=LINE('',#4378,#926);
#777=LINE('',#4381,#927);
#778=LINE('',#4382,#928);
#779=LINE('',#4384,#929);
#780=LINE('',#4386,#930);
#781=LINE('',#4387,#931);
#782=LINE('',#4390,#932);
#783=LINE('',#4391,#933);
#784=LINE('',#4393,#934);
#785=LINE('',#4398,#935);
#786=LINE('',#4402,#936);
#787=LINE('',#4403,#937);
#788=LINE('',#4409,#938);
#789=LINE('',#4413,#939);
#790=LINE('',#4414,#940);
#791=VECTOR('',#2756,37.);
#792=VECTOR('',#2765,37.5);
#793=VECTOR('',#2772,3.);
#794=VECTOR('',#2779,3.);
#795=VECTOR('',#2786,15.75);
#796=VECTOR('',#2793,2.5);
#797=VECTOR('',#2800,2.5);
#798=VECTOR('',#2807,1.65);
#799=VECTOR('',#2814,1.65);
#800=VECTOR('',#2821,1.65);
#801=VECTOR('',#2828,1.65);
#802=VECTOR('',#2835,1.65);
#803=VECTOR('',#2842,1.65);
#804=VECTOR('',#2849,5.4);
#805=VECTOR('',#2856,3.1);
#806=VECTOR('',#2863,5.4);
#807=VECTOR('',#2870,3.1);
#808=VECTOR('',#2877,5.4);
#809=VECTOR('',#2884,3.1);
#810=VECTOR('',#2891,5.4);
#811=VECTOR('',#2898,3.1);
#812=VECTOR('',#2903,37.5);
#813=VECTOR('',#2924,3.5);
#814=VECTOR('',#2925,10.);
#815=VECTOR('',#2926,10.);
#816=VECTOR('',#2933,31.5);
#817=VECTOR('',#2942,2.);
#818=VECTOR('',#2951,2.);
#819=VECTOR('',#2960,2.);
#820=VECTOR('',#2969,2.);
#821=VECTOR('',#2978,2.);
#822=VECTOR('',#2987,2.);
#823=VECTOR('',#2996,2.5);
#824=VECTOR('',#3005,2.5);
#825=VECTOR('',#3014,3.);
#826=VECTOR('',#3023,2.5);
#827=VECTOR('',#3032,2.5);
#828=VECTOR('',#3041,2.5);
#829=VECTOR('',#3050,2.5);
#830=VECTOR('',#3059,3.);
#831=VECTOR('',#3068,3.);
#832=VECTOR('',#3077,4.);
#833=VECTOR('',#3086,3.);
#834=VECTOR('',#3095,3.);
#835=VECTOR('',#3104,3.);
#836=VECTOR('',#3113,3.);
#837=VECTOR('',#3122,3.);
#838=VECTOR('',#3131,19.);
#839=VECTOR('',#3142,37.5);
#840=VECTOR('',#3161,3.);
#841=VECTOR('',#3168,3.);
#842=VECTOR('',#3175,5.5);
#843=VECTOR('',#3186,5.5);
#844=VECTOR('',#3197,5.5);
#845=VECTOR('',#3208,5.5);
#846=VECTOR('',#3217,3.3);
#847=VECTOR('',#3222,3.3);
#848=VECTOR('',#3227,3.3);
#849=VECTOR('',#3232,3.3);
#850=VECTOR('',#3239,6.);
#851=VECTOR('',#3250,5.);
#852=VECTOR('',#3253,1.);
#853=VECTOR('',#3256,5.);
#854=VECTOR('',#3259,1.);
#855=VECTOR('',#3264,1.);
#856=VECTOR('',#3267,1.);
#857=VECTOR('',#3270,1.);
#858=VECTOR('',#3271,1.);
#859=VECTOR('',#3272,1.);
#860=VECTOR('',#3275,1.);
#861=VECTOR('',#3276,1.);
#862=VECTOR('',#3279,1.);
#863=VECTOR('',#3280,1.);
#864=VECTOR('',#3283,1.);
#865=VECTOR('',#3288,1.);
#866=VECTOR('',#3289,1.);
#867=VECTOR('',#3290,1.);
#868=VECTOR('',#3293,1.);
#869=VECTOR('',#3294,1.);
#870=VECTOR('',#3297,1.);
#871=VECTOR('',#3298,1.);
#872=VECTOR('',#3301,1.);
#873=VECTOR('',#3310,33.);
#874=VECTOR('',#3323,1.);
#875=VECTOR('',#3324,10.);
#876=VECTOR('',#3325,10.);
#877=VECTOR('',#3326,10.);
#878=VECTOR('',#3327,10.);
#879=VECTOR('',#3328,1.);
#880=VECTOR('',#3329,1.);
#881=VECTOR('',#3332,1.);
#882=VECTOR('',#3333,1.);
#883=VECTOR('',#3334,10.);
#884=VECTOR('',#3335,10.);
#885=VECTOR('',#3336,10.);
#886=VECTOR('',#3339,1.00000000000065);
#887=VECTOR('',#3340,1.00000000000065);
#888=VECTOR('',#3341,1.);
#889=VECTOR('',#3348,10.);
#890=VECTOR('',#3349,10.);
#891=VECTOR('',#3350,10.);
#892=VECTOR('',#3351,1.);
#893=VECTOR('',#3352,1.);
#894=VECTOR('',#3359,1.00000000000065);
#895=VECTOR('',#3360,1.);
#896=VECTOR('',#3369,1.);
#897=VECTOR('',#3370,10.);
#898=VECTOR('',#3371,10.);
#899=VECTOR('',#3372,10.);
#900=VECTOR('',#3375,1.);
#901=VECTOR('',#3376,1.);
#902=VECTOR('',#3379,1.00000000000065);
#903=VECTOR('',#3386,10.);
#904=VECTOR('',#3405,1.);
#905=VECTOR('',#3406,1.);
#906=VECTOR('',#3407,1.);
#907=VECTOR('',#3410,1.);
#908=VECTOR('',#3411,1.);
#909=VECTOR('',#3412,1.);
#910=VECTOR('',#3417,1.);
#911=VECTOR('',#3418,1.);
#912=VECTOR('',#3421,1.);
#913=VECTOR('',#3424,1.);
#914=VECTOR('',#3427,5.1);
#915=VECTOR('',#3432,1.);
#916=VECTOR('',#3433,1.);
#917=VECTOR('',#3436,1.);
#918=VECTOR('',#3439,1.);
#919=VECTOR('',#3442,1.);
#920=VECTOR('',#3443,1.);
#921=VECTOR('',#3444,1.);
#922=VECTOR('',#3445,1.);
#923=VECTOR('',#3446,1.);
#924=VECTOR('',#3449,1.);
#925=VECTOR('',#3450,1.);
#926=VECTOR('',#3453,1.);
#927=VECTOR('',#3456,1.);
#928=VECTOR('',#3457,1.);
#929=VECTOR('',#3458,1.);
#930=VECTOR('',#3459,1.);
#931=VECTOR('',#3460,1.);
#932=VECTOR('',#3463,1.);
#933=VECTOR('',#3464,1.);
#934=VECTOR('',#3467,1.);
#935=VECTOR('',#3474,1.00000000000025);
#936=VECTOR('',#3479,1.00000000000025);
#937=VECTOR('',#3480,1.);
#938=VECTOR('',#3489,1.00000000000025);
#939=VECTOR('',#3494,1.00000000000025);
#940=VECTOR('',#3495,1.);
#941=CIRCLE('',#2444,37.5);
#942=CIRCLE('',#2445,37.);
#943=CIRCLE('',#2447,37.5);
#944=CIRCLE('',#2448,37.5);
#945=CIRCLE('',#2449,37.);
#946=CIRCLE('',#2451,3.);
#947=CIRCLE('',#2452,3.);
#948=CIRCLE('',#2454,3.);
#949=CIRCLE('',#2455,3.);
#950=CIRCLE('',#2457,15.75);
#951=CIRCLE('',#2458,15.75);
#952=CIRCLE('',#2460,2.5);
#953=CIRCLE('',#2461,2.5);
#954=CIRCLE('',#2463,2.5);
#955=CIRCLE('',#2464,2.5);
#956=CIRCLE('',#2466,1.65);
#957=CIRCLE('',#2467,1.65);
#958=CIRCLE('',#2469,1.65);
#959=CIRCLE('',#2470,1.65);
#960=CIRCLE('',#2472,1.65);
#961=CIRCLE('',#2473,1.65);
#962=CIRCLE('',#2475,1.65);
#963=CIRCLE('',#2476,1.65);
#964=CIRCLE('',#2478,1.65);
#965=CIRCLE('',#2479,1.65);
#966=CIRCLE('',#2481,1.65);
#967=CIRCLE('',#2482,1.65);
#968=CIRCLE('',#2484,5.4);
#969=CIRCLE('',#2485,5.4);
#970=CIRCLE('',#2487,3.1);
#971=CIRCLE('',#2488,3.1);
#972=CIRCLE('',#2490,5.4);
#973=CIRCLE('',#2491,5.4);
#974=CIRCLE('',#2493,3.1);
#975=CIRCLE('',#2494,3.1);
#976=CIRCLE('',#2496,5.4);
#977=CIRCLE('',#2497,5.4);
#978=CIRCLE('',#2499,3.1);
#979=CIRCLE('',#2500,3.1);
#980=CIRCLE('',#2502,5.4);
#981=CIRCLE('',#2503,5.4);
#982=CIRCLE('',#2505,3.1);
#983=CIRCLE('',#2506,3.1);
#984=CIRCLE('',#2517,3.5);
#985=CIRCLE('',#2520,31.5);
#986=CIRCLE('',#2521,31.5);
#987=CIRCLE('',#2522,31.5);
#988=CIRCLE('',#2524,2.);
#989=CIRCLE('',#2525,2.);
#990=CIRCLE('',#2528,2.);
#991=CIRCLE('',#2529,2.);
#992=CIRCLE('',#2532,2.);
#993=CIRCLE('',#2533,2.);
#994=CIRCLE('',#2536,2.);
#995=CIRCLE('',#2537,2.);
#996=CIRCLE('',#2540,2.);
#997=CIRCLE('',#2541,2.);
#998=CIRCLE('',#2544,2.);
#999=CIRCLE('',#2545,2.);
#1000=CIRCLE('',#2548,2.5);
#1001=CIRCLE('',#2549,2.5);
#1002=CIRCLE('',#2552,2.5);
#1003=CIRCLE('',#2553,2.5);
#1004=CIRCLE('',#2556,3.);
#1005=CIRCLE('',#2557,3.);
#1006=CIRCLE('',#2560,2.5);
#1007=CIRCLE('',#2561,2.5);
#1008=CIRCLE('',#2564,2.5);
#1009=CIRCLE('',#2565,2.5);
#1010=CIRCLE('',#2568,2.5);
#1011=CIRCLE('',#2569,2.5);
#1012=CIRCLE('',#2572,2.5);
#1013=CIRCLE('',#2573,2.5);
#1014=CIRCLE('',#2576,3.);
#1015=CIRCLE('',#2577,3.);
#1016=CIRCLE('',#2580,3.);
#1017=CIRCLE('',#2581,3.);
#1018=CIRCLE('',#2584,4.);
#1019=CIRCLE('',#2585,4.);
#1020=CIRCLE('',#2588,3.);
#1021=CIRCLE('',#2589,3.);
#1022=CIRCLE('',#2592,3.);
#1023=CIRCLE('',#2593,3.);
#1024=CIRCLE('',#2596,3.);
#1025=CIRCLE('',#2597,3.);
#1026=CIRCLE('',#2600,3.);
#1027=CIRCLE('',#2601,3.);
#1028=CIRCLE('',#2604,3.);
#1029=CIRCLE('',#2605,3.);
#1030=CIRCLE('',#2608,19.);
#1031=CIRCLE('',#2609,19.);
#1032=CIRCLE('',#2613,37.5);
#1033=CIRCLE('',#2614,37.5);
#1034=CIRCLE('',#2615,37.5);
#1035=CIRCLE('',#2622,3.);
#1036=CIRCLE('',#2623,3.);
#1037=CIRCLE('',#2625,3.);
#1038=CIRCLE('',#2626,3.);
#1039=CIRCLE('',#2628,5.5);
#1040=CIRCLE('',#2629,5.5);
#1041=CIRCLE('',#2631,3.3);
#1042=CIRCLE('',#2633,5.5);
#1043=CIRCLE('',#2634,5.5);
#1044=CIRCLE('',#2636,3.3);
#1045=CIRCLE('',#2638,5.5);
#1046=CIRCLE('',#2639,5.5);
#1047=CIRCLE('',#2641,3.3);
#1048=CIRCLE('',#2643,5.5);
#1049=CIRCLE('',#2644,5.5);
#1050=CIRCLE('',#2646,3.3);
#1051=CIRCLE('',#2648,3.3);
#1052=CIRCLE('',#2650,3.3);
#1053=CIRCLE('',#2652,3.3);
#1054=CIRCLE('',#2654,3.3);
#1055=CIRCLE('',#2656,6.);
#1056=CIRCLE('',#2657,6.);
#1057=CIRCLE('',#2659,5.);
#1058=CIRCLE('',#2661,5.);
#1059=CIRCLE('',#2662,5.);
#1060=CIRCLE('',#2663,5.);
#1061=CIRCLE('',#2664,5.);
#1062=CIRCLE('',#2665,5.);
#1063=CIRCLE('',#2666,5.);
#1064=CIRCLE('',#2667,5.);
#1065=CIRCLE('',#2680,33.);
#1066=CIRCLE('',#2681,33.);
#1067=CIRCLE('',#2689,10.);
#1068=CIRCLE('',#2690,10.);
#1069=CIRCLE('',#2692,10.);
#1070=CIRCLE('',#2693,10.);
#1071=CIRCLE('',#2695,10.0000000010598);
#1072=CIRCLE('',#2696,10.0000000010598);
#1073=CIRCLE('',#2697,10.0000000010598);
#1074=CIRCLE('',#2702,10.0000000030069);
#1075=CIRCLE('',#2703,10.0000000030069);
#1076=CIRCLE('',#2704,10.);
#1077=CIRCLE('',#2705,10.0000000030069);
#1078=CIRCLE('',#2706,10.0000000030069);
#1079=CIRCLE('',#2707,10.0000000010466);
#1080=CIRCLE('',#2708,10.0000000010466);
#1081=CIRCLE('',#2709,10.0000000010466);
#1082=CIRCLE('',#2712,5.1);
#1083=CIRCLE('',#2713,5.1);
#1084=CIRCLE('',#2715,5.1);
#1085=CIRCLE('',#2716,5.1);
#1086=CIRCLE('',#2717,5.1);
#1087=CIRCLE('',#2718,5.1);
#1088=CIRCLE('',#2719,5.1);
#1089=CIRCLE('',#2720,5.1);
#1090=CIRCLE('',#2721,5.1);
#1091=CIRCLE('',#2722,5.1);
#1092=CIRCLE('',#2732,7.6);
#1093=CIRCLE('',#2735,7.6);
#1094=CIRCLE('',#2738,7.6);
#1095=CIRCLE('',#2741,7.6);
#1096=VERTEX_POINT('',#3515);
#1097=VERTEX_POINT('',#3517);
#1098=VERTEX_POINT('',#3521);
#1099=VERTEX_POINT('',#3522);
#1100=VERTEX_POINT('',#3525);
#1101=VERTEX_POINT('',#3529);
#1102=VERTEX_POINT('',#3531);
#1103=VERTEX_POINT('',#3535);
#1104=VERTEX_POINT('',#3537);
#1105=VERTEX_POINT('',#3541);
#1106=VERTEX_POINT('',#3543);
#1107=VERTEX_POINT('',#3547);
#1108=VERTEX_POINT('',#3549);
#1109=VERTEX_POINT('',#3553);
#1110=VERTEX_POINT('',#3555);
#1111=VERTEX_POINT('',#3559);
#1112=VERTEX_POINT('',#3561);
#1113=VERTEX_POINT('',#3565);
#1114=VERTEX_POINT('',#3567);
#1115=VERTEX_POINT('',#3571);
#1116=VERTEX_POINT('',#3573);
#1117=VERTEX_POINT('',#3577);
#1118=VERTEX_POINT('',#3579);
#1119=VERTEX_POINT('',#3583);
#1120=VERTEX_POINT('',#3585);
#1121=VERTEX_POINT('',#3589);
#1122=VERTEX_POINT('',#3591);
#1123=VERTEX_POINT('',#3595);
#1124=VERTEX_POINT('',#3597);
#1125=VERTEX_POINT('',#3601);
#1126=VERTEX_POINT('',#3603);
#1127=VERTEX_POINT('',#3607);
#1128=VERTEX_POINT('',#3609);
#1129=VERTEX_POINT('',#3613);
#1130=VERTEX_POINT('',#3615);
#1131=VERTEX_POINT('',#3619);
#1132=VERTEX_POINT('',#3621);
#1133=VERTEX_POINT('',#3625);
#1134=VERTEX_POINT('',#3627);
#1135=VERTEX_POINT('',#3631);
#1136=VERTEX_POINT('',#3633);
#1137=VERTEX_POINT('',#3637);
#1138=VERTEX_POINT('',#3639);
#1139=VERTEX_POINT('',#3653);
#1140=VERTEX_POINT('',#3655);
#1141=VERTEX_POINT('',#3657);
#1142=VERTEX_POINT('',#3668);
#1143=VERTEX_POINT('',#3670);
#1144=VERTEX_POINT('',#3694);
#1145=VERTEX_POINT('',#3708);
#1146=VERTEX_POINT('',#3710);
#1147=VERTEX_POINT('',#3715);
#1148=VERTEX_POINT('',#3717);
#1149=VERTEX_POINT('',#3722);
#1150=VERTEX_POINT('',#3724);
#1151=VERTEX_POINT('',#3729);
#1152=VERTEX_POINT('',#3731);
#1153=VERTEX_POINT('',#3736);
#1154=VERTEX_POINT('',#3738);
#1155=VERTEX_POINT('',#3743);
#1156=VERTEX_POINT('',#3745);
#1157=VERTEX_POINT('',#3750);
#1158=VERTEX_POINT('',#3752);
#1159=VERTEX_POINT('',#3757);
#1160=VERTEX_POINT('',#3759);
#1161=VERTEX_POINT('',#3764);
#1162=VERTEX_POINT('',#3766);
#1163=VERTEX_POINT('',#3771);
#1164=VERTEX_POINT('',#3773);
#1165=VERTEX_POINT('',#3778);
#1166=VERTEX_POINT('',#3780);
#1167=VERTEX_POINT('',#3785);
#1168=VERTEX_POINT('',#3787);
#1169=VERTEX_POINT('',#3792);
#1170=VERTEX_POINT('',#3794);
#1171=VERTEX_POINT('',#3799);
#1172=VERTEX_POINT('',#3801);
#1173=VERTEX_POINT('',#3806);
#1174=VERTEX_POINT('',#3808);
#1175=VERTEX_POINT('',#3813);
#1176=VERTEX_POINT('',#3815);
#1177=VERTEX_POINT('',#3820);
#1178=VERTEX_POINT('',#3822);
#1179=VERTEX_POINT('',#3827);
#1180=VERTEX_POINT('',#3829);
#1181=VERTEX_POINT('',#3834);
#1182=VERTEX_POINT('',#3836);
#1183=VERTEX_POINT('',#3841);
#1184=VERTEX_POINT('',#3843);
#1185=VERTEX_POINT('',#3848);
#1186=VERTEX_POINT('',#3850);
#1187=VERTEX_POINT('',#3855);
#1188=VERTEX_POINT('',#3857);
#1189=VERTEX_POINT('',#3862);
#1190=VERTEX_POINT('',#3864);
#1191=VERTEX_POINT('',#3870);
#1192=VERTEX_POINT('',#3872);
#1193=VERTEX_POINT('',#3882);
#1194=VERTEX_POINT('',#3884);
#1195=VERTEX_POINT('',#3888);
#1196=VERTEX_POINT('',#3890);
#1197=VERTEX_POINT('',#3894);
#1198=VERTEX_POINT('',#3896);
#1199=VERTEX_POINT('',#3900);
#1200=VERTEX_POINT('',#3903);
#1201=VERTEX_POINT('',#3905);
#1202=VERTEX_POINT('',#3909);
#1203=VERTEX_POINT('',#3912);
#1204=VERTEX_POINT('',#3914);
#1205=VERTEX_POINT('',#3918);
#1206=VERTEX_POINT('',#3921);
#1207=VERTEX_POINT('',#3923);
#1208=VERTEX_POINT('',#3927);
#1209=VERTEX_POINT('',#3930);
#1210=VERTEX_POINT('',#3934);
#1211=VERTEX_POINT('',#3938);
#1212=VERTEX_POINT('',#3942);
#1213=VERTEX_POINT('',#3946);
#1214=VERTEX_POINT('',#3948);
#1215=VERTEX_POINT('',#3952);
#1216=VERTEX_POINT('',#3955);
#1217=VERTEX_POINT('',#3957);
#1218=VERTEX_POINT('',#3959);
#1219=VERTEX_POINT('',#3961);
#1220=VERTEX_POINT('',#3963);
#1221=VERTEX_POINT('',#3966);
#1222=VERTEX_POINT('',#3968);
#1223=VERTEX_POINT('',#3971);
#1224=VERTEX_POINT('',#3972);
#1225=VERTEX_POINT('',#3974);
#1226=VERTEX_POINT('',#3976);
#1227=VERTEX_POINT('',#3980);
#1228=VERTEX_POINT('',#3982);
#1229=VERTEX_POINT('',#3986);
#1230=VERTEX_POINT('',#3990);
#1231=VERTEX_POINT('',#3997);
#1232=VERTEX_POINT('',#3999);
#1233=VERTEX_POINT('',#4003);
#1234=VERTEX_POINT('',#4007);
#1235=VERTEX_POINT('',#4015);
#1236=VERTEX_POINT('',#4017);
#1237=VERTEX_POINT('',#4025);
#1238=VERTEX_POINT('',#4026);
#1239=VERTEX_POINT('',#4028);
#1240=VERTEX_POINT('',#4030);
#1241=VERTEX_POINT('',#4032);
#1242=VERTEX_POINT('',#4034);
#1243=VERTEX_POINT('',#4036);
#1244=VERTEX_POINT('',#4040);
#1245=VERTEX_POINT('',#4042);
#1246=VERTEX_POINT('',#4044);
#1247=VERTEX_POINT('',#4046);
#1248=VERTEX_POINT('',#4050);
#1249=VERTEX_POINT('',#4052);
#1250=VERTEX_POINT('',#4091);
#1251=VERTEX_POINT('',#4092);
#1252=VERTEX_POINT('',#4098);
#1253=VERTEX_POINT('',#4105);
#1254=VERTEX_POINT('',#4107);
#1255=VERTEX_POINT('',#4109);
#1256=VERTEX_POINT('',#4111);
#1257=VERTEX_POINT('',#4150);
#1258=VERTEX_POINT('',#4151);
#1259=VERTEX_POINT('',#4159);
#1260=VERTEX_POINT('',#4198);
#1261=VERTEX_POINT('',#4199);
#1262=VERTEX_POINT('',#4201);
#1263=VERTEX_POINT('',#4210);
#1264=VERTEX_POINT('',#4212);
#1265=VERTEX_POINT('',#4216);
#1266=VERTEX_POINT('',#4222);
#1267=VERTEX_POINT('',#4224);
#1268=VERTEX_POINT('',#4226);
#1269=VERTEX_POINT('',#4229);
#1270=VERTEX_POINT('',#4231);
#1271=VERTEX_POINT('',#4233);
#1272=VERTEX_POINT('',#4235);
#1273=VERTEX_POINT('',#4316);
#1274=VERTEX_POINT('',#4317);
#1275=VERTEX_POINT('',#4319);
#1276=VERTEX_POINT('',#4321);
#1277=VERTEX_POINT('',#4323);
#1278=VERTEX_POINT('',#4325);
#1279=VERTEX_POINT('',#4327);
#1280=VERTEX_POINT('',#4329);
#1281=VERTEX_POINT('',#4333);
#1282=VERTEX_POINT('',#4334);
#1283=VERTEX_POINT('',#4337);
#1284=VERTEX_POINT('',#4339);
#1285=VERTEX_POINT('',#4341);
#1286=VERTEX_POINT('',#4343);
#1287=VERTEX_POINT('',#4345);
#1288=VERTEX_POINT('',#4347);
#1289=VERTEX_POINT('',#4349);
#1290=VERTEX_POINT('',#4352);
#1291=VERTEX_POINT('',#4355);
#1292=VERTEX_POINT('',#4357);
#1293=VERTEX_POINT('',#4359);
#1294=VERTEX_POINT('',#4361);
#1295=VERTEX_POINT('',#4365);
#1296=VERTEX_POINT('',#4367);
#1297=VERTEX_POINT('',#4370);
#1298=VERTEX_POINT('',#4374);
#1299=VERTEX_POINT('',#4380);
#1300=VERTEX_POINT('',#4383);
#1301=VERTEX_POINT('',#4385);
#1302=VERTEX_POINT('',#4389);
#1303=VERTEX_POINT('',#4397);
#1304=VERTEX_POINT('',#4401);
#1305=VERTEX_POINT('',#4408);
#1306=VERTEX_POINT('',#4412);
#1307=EDGE_CURVE('',#1096,#1096,#941,.T.);
#1308=EDGE_CURVE('',#1096,#1097,#641,.T.);
#1309=EDGE_CURVE('',#1097,#1097,#942,.T.);
#1310=EDGE_CURVE('',#1098,#1099,#943,.T.);
#1311=EDGE_CURVE('',#1099,#1098,#944,.T.);
#1312=EDGE_CURVE('',#1099,#1100,#642,.T.);
#1313=EDGE_CURVE('',#1100,#1100,#945,.T.);
#1314=EDGE_CURVE('',#1101,#1101,#946,.T.);
#1315=EDGE_CURVE('',#1101,#1102,#643,.T.);
#1316=EDGE_CURVE('',#1102,#1102,#947,.T.);
#1317=EDGE_CURVE('',#1103,#1103,#948,.T.);
#1318=EDGE_CURVE('',#1103,#1104,#644,.T.);
#1319=EDGE_CURVE('',#1104,#1104,#949,.T.);
#1320=EDGE_CURVE('',#1105,#1105,#950,.T.);
#1321=EDGE_CURVE('',#1105,#1106,#645,.T.);
#1322=EDGE_CURVE('',#1106,#1106,#951,.T.);
#1323=EDGE_CURVE('',#1107,#1107,#952,.T.);
#1324=EDGE_CURVE('',#1107,#1108,#646,.T.);
#1325=EDGE_CURVE('',#1108,#1108,#953,.T.);
#1326=EDGE_CURVE('',#1109,#1109,#954,.T.);
#1327=EDGE_CURVE('',#1109,#1110,#647,.T.);
#1328=EDGE_CURVE('',#1110,#1110,#955,.T.);
#1329=EDGE_CURVE('',#1111,#1111,#956,.T.);
#1330=EDGE_CURVE('',#1111,#1112,#648,.T.);
#1331=EDGE_CURVE('',#1112,#1112,#957,.T.);
#1332=EDGE_CURVE('',#1113,#1113,#958,.T.);
#1333=EDGE_CURVE('',#1113,#1114,#649,.T.);
#1334=EDGE_CURVE('',#1114,#1114,#959,.T.);
#1335=EDGE_CURVE('',#1115,#1115,#960,.T.);
#1336=EDGE_CURVE('',#1115,#1116,#650,.T.);
#1337=EDGE_CURVE('',#1116,#1116,#961,.T.);
#1338=EDGE_CURVE('',#1117,#1117,#962,.T.);
#1339=EDGE_CURVE('',#1117,#1118,#651,.T.);
#1340=EDGE_CURVE('',#1118,#1118,#963,.T.);
#1341=EDGE_CURVE('',#1119,#1119,#964,.T.);
#1342=EDGE_CURVE('',#1119,#1120,#652,.T.);
#1343=EDGE_CURVE('',#1120,#1120,#965,.T.);
#1344=EDGE_CURVE('',#1121,#1121,#966,.T.);
#1345=EDGE_CURVE('',#1121,#1122,#653,.T.);
#1346=EDGE_CURVE('',#1122,#1122,#967,.T.);
#1347=EDGE_CURVE('',#1123,#1123,#968,.T.);
#1348=EDGE_CURVE('',#1123,#1124,#654,.T.);
#1349=EDGE_CURVE('',#1124,#1124,#969,.T.);
#1350=EDGE_CURVE('',#1125,#1125,#970,.T.);
#1351=EDGE_CURVE('',#1125,#1126,#655,.T.);
#1352=EDGE_CURVE('',#1126,#1126,#971,.T.);
#1353=EDGE_CURVE('',#1127,#1127,#972,.T.);
#1354=EDGE_CURVE('',#1127,#1128,#656,.T.);
#1355=EDGE_CURVE('',#1128,#1128,#973,.T.);
#1356=EDGE_CURVE('',#1129,#1129,#974,.T.);
#1357=EDGE_CURVE('',#1129,#1130,#657,.T.);
#1358=EDGE_CURVE('',#1130,#1130,#975,.T.);
#1359=EDGE_CURVE('',#1131,#1131,#976,.T.);
#1360=EDGE_CURVE('',#1131,#1132,#658,.T.);
#1361=EDGE_CURVE('',#1132,#1132,#977,.T.);
#1362=EDGE_CURVE('',#1133,#1133,#978,.T.);
#1363=EDGE_CURVE('',#1133,#1134,#659,.T.);
#1364=EDGE_CURVE('',#1134,#1134,#979,.T.);
#1365=EDGE_CURVE('',#1135,#1135,#980,.T.);
#1366=EDGE_CURVE('',#1135,#1136,#660,.T.);
#1367=EDGE_CURVE('',#1136,#1136,#981,.T.);
#1368=EDGE_CURVE('',#1137,#1137,#982,.T.);
#1369=EDGE_CURVE('',#1137,#1138,#661,.T.);
#1370=EDGE_CURVE('',#1138,#1138,#983,.T.);
#1371=EDGE_CURVE('',#1098,#1096,#662,.T.);
#1372=EDGE_CURVE('',#1139,#1139,#984,.T.);
#1373=EDGE_CURVE('',#1139,#1140,#663,.T.);
#1374=EDGE_CURVE('',#1141,#1140,#40,.T.);
#1375=EDGE_CURVE('',#1142,#1141,#664,.T.);
#1376=EDGE_CURVE('',#1143,#1142,#41,.T.);
#1377=EDGE_CURVE('',#1144,#1143,#665,.T.);
#1378=EDGE_CURVE('',#1140,#1144,#42,.T.);
#1379=EDGE_CURVE('',#1145,#1145,#985,.T.);
#1380=EDGE_CURVE('',#1145,#1146,#666,.T.);
#1381=EDGE_CURVE('',#1141,#1146,#986,.T.);
#1382=EDGE_CURVE('',#1146,#1144,#987,.T.);
#1383=EDGE_CURVE('',#1147,#1147,#988,.T.);
#1384=EDGE_CURVE('',#1147,#1148,#667,.T.);
#1385=EDGE_CURVE('',#1148,#1148,#989,.T.);
#1386=EDGE_CURVE('',#1149,#1149,#990,.T.);
#1387=EDGE_CURVE('',#1149,#1150,#668,.T.);
#1388=EDGE_CURVE('',#1150,#1150,#991,.T.);
#1389=EDGE_CURVE('',#1151,#1151,#992,.T.);
#1390=EDGE_CURVE('',#1151,#1152,#669,.T.);
#1391=EDGE_CURVE('',#1152,#1152,#993,.T.);
#1392=EDGE_CURVE('',#1153,#1153,#994,.T.);
#1393=EDGE_CURVE('',#1153,#1154,#670,.T.);
#1394=EDGE_CURVE('',#1154,#1154,#995,.T.);
#1395=EDGE_CURVE('',#1155,#1155,#996,.T.);
#1396=EDGE_CURVE('',#1155,#1156,#671,.T.);
#1397=EDGE_CURVE('',#1156,#1156,#997,.T.);
#1398=EDGE_CURVE('',#1157,#1157,#998,.T.);
#1399=EDGE_CURVE('',#1157,#1158,#672,.T.);
#1400=EDGE_CURVE('',#1158,#1158,#999,.T.);
#1401=EDGE_CURVE('',#1159,#1159,#1000,.T.);
#1402=EDGE_CURVE('',#1159,#1160,#673,.T.);
#1403=EDGE_CURVE('',#1160,#1160,#1001,.T.);
#1404=EDGE_CURVE('',#1161,#1161,#1002,.T.);
#1405=EDGE_CURVE('',#1161,#1162,#674,.T.);
#1406=EDGE_CURVE('',#1162,#1162,#1003,.T.);
#1407=EDGE_CURVE('',#1163,#1163,#1004,.T.);
#1408=EDGE_CURVE('',#1163,#1164,#675,.T.);
#1409=EDGE_CURVE('',#1164,#1164,#1005,.T.);
#1410=EDGE_CURVE('',#1165,#1165,#1006,.T.);
#1411=EDGE_CURVE('',#1165,#1166,#676,.T.);
#1412=EDGE_CURVE('',#1166,#1166,#1007,.T.);
#1413=EDGE_CURVE('',#1167,#1167,#1008,.T.);
#1414=EDGE_CURVE('',#1167,#1168,#677,.T.);
#1415=EDGE_CURVE('',#1168,#1168,#1009,.T.);
#1416=EDGE_CURVE('',#1169,#1169,#1010,.T.);
#1417=EDGE_CURVE('',#1169,#1170,#678,.T.);
#1418=EDGE_CURVE('',#1170,#1170,#1011,.T.);
#1419=EDGE_CURVE('',#1171,#1171,#1012,.T.);
#1420=EDGE_CURVE('',#1171,#1172,#679,.T.);
#1421=EDGE_CURVE('',#1172,#1172,#1013,.T.);
#1422=EDGE_CURVE('',#1173,#1173,#1014,.T.);
#1423=EDGE_CURVE('',#1173,#1174,#680,.T.);
#1424=EDGE_CURVE('',#1174,#1174,#1015,.T.);
#1425=EDGE_CURVE('',#1175,#1175,#1016,.T.);
#1426=EDGE_CURVE('',#1175,#1176,#681,.T.);
#1427=EDGE_CURVE('',#1176,#1176,#1017,.T.);
#1428=EDGE_CURVE('',#1177,#1177,#1018,.T.);
#1429=EDGE_CURVE('',#1177,#1178,#682,.T.);
#1430=EDGE_CURVE('',#1178,#1178,#1019,.T.);
#1431=EDGE_CURVE('',#1179,#1179,#1020,.T.);
#1432=EDGE_CURVE('',#1179,#1180,#683,.T.);
#1433=EDGE_CURVE('',#1180,#1180,#1021,.T.);
#1434=EDGE_CURVE('',#1181,#1181,#1022,.T.);
#1435=EDGE_CURVE('',#1181,#1182,#684,.T.);
#1436=EDGE_CURVE('',#1182,#1182,#1023,.T.);
#1437=EDGE_CURVE('',#1183,#1183,#1024,.T.);
#1438=EDGE_CURVE('',#1183,#1184,#685,.T.);
#1439=EDGE_CURVE('',#1184,#1184,#1025,.T.);
#1440=EDGE_CURVE('',#1185,#1185,#1026,.T.);
#1441=EDGE_CURVE('',#1185,#1186,#686,.T.);
#1442=EDGE_CURVE('',#1186,#1186,#1027,.T.);
#1443=EDGE_CURVE('',#1187,#1187,#1028,.T.);
#1444=EDGE_CURVE('',#1187,#1188,#687,.T.);
#1445=EDGE_CURVE('',#1188,#1188,#1029,.T.);
#1446=EDGE_CURVE('',#1189,#1189,#1030,.T.);
#1447=EDGE_CURVE('',#1189,#1190,#688,.T.);
#1448=EDGE_CURVE('',#1190,#1190,#1031,.T.);
#1449=EDGE_CURVE('',#1191,#1142,#1032,.T.);
#1450=EDGE_CURVE('',#1191,#1192,#689,.T.);
#1451=EDGE_CURVE('',#1192,#1192,#1033,.T.);
#1452=EDGE_CURVE('',#1143,#1191,#1034,.T.);
#1453=EDGE_CURVE('',#1193,#1193,#1035,.T.);
#1454=EDGE_CURVE('',#1193,#1194,#690,.T.);
#1455=EDGE_CURVE('',#1194,#1194,#1036,.T.);
#1456=EDGE_CURVE('',#1195,#1195,#1037,.T.);
#1457=EDGE_CURVE('',#1195,#1196,#691,.T.);
#1458=EDGE_CURVE('',#1196,#1196,#1038,.T.);
#1459=EDGE_CURVE('',#1197,#1197,#1039,.T.);
#1460=EDGE_CURVE('',#1197,#1198,#692,.T.);
#1461=EDGE_CURVE('',#1198,#1198,#1040,.T.);
#1462=EDGE_CURVE('',#1199,#1199,#1041,.T.);
#1463=EDGE_CURVE('',#1200,#1200,#1042,.T.);
#1464=EDGE_CURVE('',#1200,#1201,#693,.T.);
#1465=EDGE_CURVE('',#1201,#1201,#1043,.T.);
#1466=EDGE_CURVE('',#1202,#1202,#1044,.T.);
#1467=EDGE_CURVE('',#1203,#1203,#1045,.T.);
#1468=EDGE_CURVE('',#1203,#1204,#694,.T.);
#1469=EDGE_CURVE('',#1204,#1204,#1046,.T.);
#1470=EDGE_CURVE('',#1205,#1205,#1047,.T.);
#1471=EDGE_CURVE('',#1206,#1206,#1048,.T.);
#1472=EDGE_CURVE('',#1206,#1207,#695,.T.);
#1473=EDGE_CURVE('',#1207,#1207,#1049,.T.);
#1474=EDGE_CURVE('',#1208,#1208,#1050,.T.);
#1475=EDGE_CURVE('',#1199,#1209,#696,.T.);
#1476=EDGE_CURVE('',#1209,#1209,#1051,.T.);
#1477=EDGE_CURVE('',#1202,#1210,#697,.T.);
#1478=EDGE_CURVE('',#1210,#1210,#1052,.T.);
#1479=EDGE_CURVE('',#1205,#1211,#698,.T.);
#1480=EDGE_CURVE('',#1211,#1211,#1053,.T.);
#1481=EDGE_CURVE('',#1208,#1212,#699,.T.);
#1482=EDGE_CURVE('',#1212,#1212,#1054,.T.);
#1483=EDGE_CURVE('',#1213,#1213,#1055,.T.);
#1484=EDGE_CURVE('',#1213,#1214,#700,.T.);
#1485=EDGE_CURVE('',#1214,#1214,#1056,.T.);
#1486=EDGE_CURVE('',#1215,#1215,#1057,.T.);
#1487=EDGE_CURVE('',#1216,#1216,#1058,.T.);
#1488=EDGE_CURVE('',#1216,#1217,#701,.T.);
#1489=EDGE_CURVE('',#1217,#1218,#1059,.T.);
#1490=EDGE_CURVE('',#1219,#1218,#702,.T.);
#1491=EDGE_CURVE('',#1220,#1219,#1060,.T.);
#1492=EDGE_CURVE('',#1220,#1215,#703,.T.);
#1493=EDGE_CURVE('',#1221,#1220,#1061,.T.);
#1494=EDGE_CURVE('',#1221,#1222,#704,.T.);
#1495=EDGE_CURVE('',#1222,#1217,#1062,.T.);
#1496=EDGE_CURVE('',#1223,#1224,#1063,.T.);
#1497=EDGE_CURVE('',#1223,#1225,#705,.T.);
#1498=EDGE_CURVE('',#1225,#1226,#1064,.T.);
#1499=EDGE_CURVE('',#1224,#1226,#706,.T.);
#1500=EDGE_CURVE('',#1226,#1227,#707,.T.);
#1501=EDGE_CURVE('',#1225,#1228,#708,.T.);
#1502=EDGE_CURVE('',#1228,#1227,#709,.T.);
#1503=EDGE_CURVE('',#1223,#1229,#710,.T.);
#1504=EDGE_CURVE('',#1229,#1228,#711,.T.);
#1505=EDGE_CURVE('',#1224,#1230,#712,.T.);
#1506=EDGE_CURVE('',#1229,#1230,#713,.T.);
#1507=EDGE_CURVE('',#1230,#1227,#714,.T.);
#1508=EDGE_CURVE('',#1231,#1221,#715,.T.);
#1509=EDGE_CURVE('',#1232,#1219,#716,.T.);
#1510=EDGE_CURVE('',#1232,#1231,#717,.T.);
#1511=EDGE_CURVE('',#1233,#1218,#718,.T.);
#1512=EDGE_CURVE('',#1232,#1233,#719,.T.);
#1513=EDGE_CURVE('',#1234,#1222,#720,.T.);
#1514=EDGE_CURVE('',#1233,#1234,#721,.T.);
#1515=EDGE_CURVE('',#1231,#1234,#722,.T.);
#1516=EDGE_CURVE('',#1235,#1235,#1065,.T.);
#1517=EDGE_CURVE('',#1235,#1236,#723,.T.);
#1518=EDGE_CURVE('',#1236,#1236,#1066,.T.);
#1519=EDGE_CURVE('',#1237,#1238,#724,.T.);
#1520=EDGE_CURVE('',#1237,#1239,#725,.T.);
#1521=EDGE_CURVE('',#1239,#1240,#726,.T.);
#1522=EDGE_CURVE('',#1240,#1241,#727,.T.);
#1523=EDGE_CURVE('',#1241,#1242,#728,.T.);
#1524=EDGE_CURVE('',#1242,#1243,#729,.T.);
#1525=EDGE_CURVE('',#1238,#1243,#730,.T.);
#1526=EDGE_CURVE('',#1244,#1238,#731,.T.);
#1527=EDGE_CURVE('',#1245,#1244,#732,.T.);
#1528=EDGE_CURVE('',#1245,#1246,#733,.T.);
#1529=EDGE_CURVE('',#1246,#1247,#734,.T.);
#1530=EDGE_CURVE('',#1247,#1237,#735,.T.);
#1531=EDGE_CURVE('',#1238,#1248,#736,.T.);
#1532=EDGE_CURVE('',#1243,#1249,#737,.T.);
#1533=EDGE_CURVE('',#1248,#1249,#738,.T.);
#1534=EDGE_CURVE('',#1250,#1251,#1067,.T.);
#1535=EDGE_CURVE('',#1250,#1240,#43,.T.);
#1536=EDGE_CURVE('',#1252,#1237,#44,.T.);
#1537=EDGE_CURVE('',#1251,#1252,#1068,.T.);
#1538=EDGE_CURVE('',#1242,#1253,#739,.T.);
#1539=EDGE_CURVE('',#1253,#1254,#740,.T.);
#1540=EDGE_CURVE('',#1254,#1255,#741,.T.);
#1541=EDGE_CURVE('',#1255,#1256,#742,.T.);
#1542=EDGE_CURVE('',#1256,#1243,#743,.T.);
#1543=EDGE_CURVE('',#1257,#1258,#1069,.T.);
#1544=EDGE_CURVE('',#1257,#1242,#45,.T.);
#1545=EDGE_CURVE('',#1258,#1250,#1070,.T.);
#1546=EDGE_CURVE('',#1244,#1259,#744,.T.);
#1547=EDGE_CURVE('',#1259,#1248,#745,.T.);
#1548=EDGE_CURVE('',#1260,#1261,#1071,.T.);
#1549=EDGE_CURVE('',#1261,#1262,#1072,.T.);
#1550=EDGE_CURVE('',#1262,#1252,#1073,.T.);
#1551=EDGE_CURVE('',#1260,#1245,#46,.T.);
#1552=EDGE_CURVE('',#1244,#1256,#746,.T.);
#1553=EDGE_CURVE('',#1255,#1263,#747,.T.);
#1554=EDGE_CURVE('',#1263,#1264,#748,.T.);
#1555=EDGE_CURVE('',#1264,#1245,#749,.T.);
#1556=EDGE_CURVE('',#1259,#1265,#750,.T.);
#1557=EDGE_CURVE('',#1265,#1249,#751,.T.);
#1558=EDGE_CURVE('',#1256,#1265,#752,.T.);
#1559=EDGE_CURVE('',#1266,#1260,#1074,.T.);
#1560=EDGE_CURVE('',#1267,#1266,#1075,.T.);
#1561=EDGE_CURVE('',#1267,#1268,#753,.T.);
#1562=EDGE_CURVE('',#1268,#1268,#1076,.T.);
#1563=EDGE_CURVE('',#1269,#1267,#1077,.T.);
#1564=EDGE_CURVE('',#1270,#1269,#1078,.T.);
#1565=EDGE_CURVE('',#1271,#1270,#1079,.T.);
#1566=EDGE_CURVE('',#1272,#1271,#1080,.T.);
#1567=EDGE_CURVE('',#1257,#1272,#1081,.T.);
#1568=EDGE_CURVE('',#1270,#1255,#47,.T.);
#1569=EDGE_CURVE('',#1273,#1274,#1082,.T.);
#1570=EDGE_CURVE('',#1274,#1275,#754,.T.);
#1571=EDGE_CURVE('',#1276,#1275,#755,.T.);
#1572=EDGE_CURVE('',#1277,#1276,#756,.T.);
#1573=EDGE_CURVE('',#1277,#1278,#1083,.T.);
#1574=EDGE_CURVE('',#1279,#1278,#757,.T.);
#1575=EDGE_CURVE('',#1279,#1280,#758,.T.);
#1576=EDGE_CURVE('',#1280,#1273,#759,.T.);
#1577=EDGE_CURVE('',#1281,#1282,#1084,.T.);
#1578=EDGE_CURVE('',#1278,#1281,#760,.T.);
#1579=EDGE_CURVE('',#1277,#1283,#761,.T.);
#1580=EDGE_CURVE('',#1283,#1284,#1085,.T.);
#1581=EDGE_CURVE('',#1284,#1285,#762,.T.);
#1582=EDGE_CURVE('',#1286,#1285,#1086,.T.);
#1583=EDGE_CURVE('',#1286,#1287,#763,.T.);
#1584=EDGE_CURVE('',#1288,#1287,#1087,.T.);
#1585=EDGE_CURVE('',#1288,#1289,#764,.T.);
#1586=EDGE_CURVE('',#1289,#1289,#1088,.T.);
#1587=EDGE_CURVE('',#1290,#1288,#1089,.T.);
#1588=EDGE_CURVE('',#1274,#1290,#765,.T.);
#1589=EDGE_CURVE('',#1273,#1291,#766,.T.);
#1590=EDGE_CURVE('',#1291,#1292,#1090,.T.);
#1591=EDGE_CURVE('',#1292,#1293,#767,.T.);
#1592=EDGE_CURVE('',#1294,#1293,#1091,.T.);
#1593=EDGE_CURVE('',#1294,#1282,#768,.T.);
#1594=EDGE_CURVE('',#1294,#1295,#769,.T.);
#1595=EDGE_CURVE('',#1296,#1295,#770,.T.);
#1596=EDGE_CURVE('',#1296,#1291,#771,.T.);
#1597=EDGE_CURVE('',#1280,#1297,#772,.T.);
#1598=EDGE_CURVE('',#1282,#1297,#773,.T.);
#1599=EDGE_CURVE('',#1279,#1298,#774,.T.);
#1600=EDGE_CURVE('',#1298,#1297,#775,.T.);
#1601=EDGE_CURVE('',#1281,#1298,#776,.T.);
#1602=EDGE_CURVE('',#1276,#1299,#777,.T.);
#1603=EDGE_CURVE('',#1299,#1287,#778,.T.);
#1604=EDGE_CURVE('',#1300,#1286,#779,.T.);
#1605=EDGE_CURVE('',#1301,#1300,#780,.T.);
#1606=EDGE_CURVE('',#1283,#1301,#781,.T.);
#1607=EDGE_CURVE('',#1275,#1302,#782,.T.);
#1608=EDGE_CURVE('',#1299,#1302,#783,.T.);
#1609=EDGE_CURVE('',#1302,#1290,#784,.T.);
#1610=EDGE_CURVE('',#1303,#1293,#785,.T.);
#1611=EDGE_CURVE('',#1295,#1303,#1092,.T.);
#1612=EDGE_CURVE('',#1292,#1304,#786,.T.);
#1613=EDGE_CURVE('',#1304,#1303,#787,.T.);
#1614=EDGE_CURVE('',#1296,#1304,#1093,.T.);
#1615=EDGE_CURVE('',#1305,#1285,#788,.T.);
#1616=EDGE_CURVE('',#1300,#1305,#1094,.T.);
#1617=EDGE_CURVE('',#1284,#1306,#789,.T.);
#1618=EDGE_CURVE('',#1306,#1305,#790,.T.);
#1619=EDGE_CURVE('',#1301,#1306,#1095,.T.);
#1620=ORIENTED_EDGE('',*,*,#1307,.F.);
#1621=ORIENTED_EDGE('',*,*,#1308,.T.);
#1622=ORIENTED_EDGE('',*,*,#1309,.F.);
#1623=ORIENTED_EDGE('',*,*,#1308,.F.);
#1624=ORIENTED_EDGE('',*,*,#1310,.F.);
#1625=ORIENTED_EDGE('',*,*,#1311,.F.);
#1626=ORIENTED_EDGE('',*,*,#1312,.T.);
#1627=ORIENTED_EDGE('',*,*,#1313,.F.);
#1628=ORIENTED_EDGE('',*,*,#1312,.F.);
#1629=ORIENTED_EDGE('',*,*,#1314,.F.);
#1630=ORIENTED_EDGE('',*,*,#1315,.T.);
#1631=ORIENTED_EDGE('',*,*,#1316,.T.);
#1632=ORIENTED_EDGE('',*,*,#1315,.F.);
#1633=ORIENTED_EDGE('',*,*,#1317,.F.);
#1634=ORIENTED_EDGE('',*,*,#1318,.T.);
#1635=ORIENTED_EDGE('',*,*,#1319,.T.);
#1636=ORIENTED_EDGE('',*,*,#1318,.F.);
#1637=ORIENTED_EDGE('',*,*,#1320,.F.);
#1638=ORIENTED_EDGE('',*,*,#1321,.T.);
#1639=ORIENTED_EDGE('',*,*,#1322,.T.);
#1640=ORIENTED_EDGE('',*,*,#1321,.F.);
#1641=ORIENTED_EDGE('',*,*,#1323,.F.);
#1642=ORIENTED_EDGE('',*,*,#1324,.T.);
#1643=ORIENTED_EDGE('',*,*,#1325,.T.);
#1644=ORIENTED_EDGE('',*,*,#1324,.F.);
#1645=ORIENTED_EDGE('',*,*,#1326,.F.);
#1646=ORIENTED_EDGE('',*,*,#1327,.T.);
#1647=ORIENTED_EDGE('',*,*,#1328,.T.);
#1648=ORIENTED_EDGE('',*,*,#1327,.F.);
#1649=ORIENTED_EDGE('',*,*,#1329,.F.);
#1650=ORIENTED_EDGE('',*,*,#1330,.T.);
#1651=ORIENTED_EDGE('',*,*,#1331,.T.);
#1652=ORIENTED_EDGE('',*,*,#1330,.F.);
#1653=ORIENTED_EDGE('',*,*,#1332,.F.);
#1654=ORIENTED_EDGE('',*,*,#1333,.T.);
#1655=ORIENTED_EDGE('',*,*,#1334,.T.);
#1656=ORIENTED_EDGE('',*,*,#1333,.F.);
#1657=ORIENTED_EDGE('',*,*,#1335,.F.);
#1658=ORIENTED_EDGE('',*,*,#1336,.T.);
#1659=ORIENTED_EDGE('',*,*,#1337,.T.);
#1660=ORIENTED_EDGE('',*,*,#1336,.F.);
#1661=ORIENTED_EDGE('',*,*,#1338,.F.);
#1662=ORIENTED_EDGE('',*,*,#1339,.T.);
#1663=ORIENTED_EDGE('',*,*,#1340,.T.);
#1664=ORIENTED_EDGE('',*,*,#1339,.F.);
#1665=ORIENTED_EDGE('',*,*,#1341,.F.);
#1666=ORIENTED_EDGE('',*,*,#1342,.T.);
#1667=ORIENTED_EDGE('',*,*,#1343,.T.);
#1668=ORIENTED_EDGE('',*,*,#1342,.F.);
#1669=ORIENTED_EDGE('',*,*,#1344,.F.);
#1670=ORIENTED_EDGE('',*,*,#1345,.T.);
#1671=ORIENTED_EDGE('',*,*,#1346,.T.);
#1672=ORIENTED_EDGE('',*,*,#1345,.F.);
#1673=ORIENTED_EDGE('',*,*,#1347,.F.);
#1674=ORIENTED_EDGE('',*,*,#1348,.T.);
#1675=ORIENTED_EDGE('',*,*,#1349,.T.);
#1676=ORIENTED_EDGE('',*,*,#1348,.F.);
#1677=ORIENTED_EDGE('',*,*,#1350,.F.);
#1678=ORIENTED_EDGE('',*,*,#1351,.T.);
#1679=ORIENTED_EDGE('',*,*,#1352,.T.);
#1680=ORIENTED_EDGE('',*,*,#1351,.F.);
#1681=ORIENTED_EDGE('',*,*,#1353,.F.);
#1682=ORIENTED_EDGE('',*,*,#1354,.T.);
#1683=ORIENTED_EDGE('',*,*,#1355,.T.);
#1684=ORIENTED_EDGE('',*,*,#1354,.F.);
#1685=ORIENTED_EDGE('',*,*,#1356,.F.);
#1686=ORIENTED_EDGE('',*,*,#1357,.T.);
#1687=ORIENTED_EDGE('',*,*,#1358,.T.);
#1688=ORIENTED_EDGE('',*,*,#1357,.F.);
#1689=ORIENTED_EDGE('',*,*,#1359,.F.);
#1690=ORIENTED_EDGE('',*,*,#1360,.T.);
#1691=ORIENTED_EDGE('',*,*,#1361,.T.);
#1692=ORIENTED_EDGE('',*,*,#1360,.F.);
#1693=ORIENTED_EDGE('',*,*,#1362,.F.);
#1694=ORIENTED_EDGE('',*,*,#1363,.T.);
#1695=ORIENTED_EDGE('',*,*,#1364,.T.);
#1696=ORIENTED_EDGE('',*,*,#1363,.F.);
#1697=ORIENTED_EDGE('',*,*,#1365,.F.);
#1698=ORIENTED_EDGE('',*,*,#1366,.T.);
#1699=ORIENTED_EDGE('',*,*,#1367,.T.);
#1700=ORIENTED_EDGE('',*,*,#1366,.F.);
#1701=ORIENTED_EDGE('',*,*,#1368,.F.);
#1702=ORIENTED_EDGE('',*,*,#1369,.T.);
#1703=ORIENTED_EDGE('',*,*,#1370,.T.);
#1704=ORIENTED_EDGE('',*,*,#1369,.F.);
#1705=ORIENTED_EDGE('',*,*,#1310,.T.);
#1706=ORIENTED_EDGE('',*,*,#1311,.T.);
#1707=ORIENTED_EDGE('',*,*,#1371,.T.);
#1708=ORIENTED_EDGE('',*,*,#1307,.T.);
#1709=ORIENTED_EDGE('',*,*,#1371,.F.);
#1710=ORIENTED_EDGE('',*,*,#1309,.T.);
#1711=ORIENTED_EDGE('',*,*,#1316,.F.);
#1712=ORIENTED_EDGE('',*,*,#1319,.F.);
#1713=ORIENTED_EDGE('',*,*,#1322,.F.);
#1714=ORIENTED_EDGE('',*,*,#1325,.F.);
#1715=ORIENTED_EDGE('',*,*,#1328,.F.);
#1716=ORIENTED_EDGE('',*,*,#1331,.F.);
#1717=ORIENTED_EDGE('',*,*,#1334,.F.);
#1718=ORIENTED_EDGE('',*,*,#1337,.F.);
#1719=ORIENTED_EDGE('',*,*,#1340,.F.);
#1720=ORIENTED_EDGE('',*,*,#1343,.F.);
#1721=ORIENTED_EDGE('',*,*,#1346,.F.);
#1722=ORIENTED_EDGE('',*,*,#1349,.F.);
#1723=ORIENTED_EDGE('',*,*,#1355,.F.);
#1724=ORIENTED_EDGE('',*,*,#1361,.F.);
#1725=ORIENTED_EDGE('',*,*,#1367,.F.);
#1726=ORIENTED_EDGE('',*,*,#1313,.T.);
#1727=ORIENTED_EDGE('',*,*,#1314,.T.);
#1728=ORIENTED_EDGE('',*,*,#1317,.T.);
#1729=ORIENTED_EDGE('',*,*,#1320,.T.);
#1730=ORIENTED_EDGE('',*,*,#1323,.T.);
#1731=ORIENTED_EDGE('',*,*,#1326,.T.);
#1732=ORIENTED_EDGE('',*,*,#1329,.T.);
#1733=ORIENTED_EDGE('',*,*,#1332,.T.);
#1734=ORIENTED_EDGE('',*,*,#1335,.T.);
#1735=ORIENTED_EDGE('',*,*,#1338,.T.);
#1736=ORIENTED_EDGE('',*,*,#1341,.T.);
#1737=ORIENTED_EDGE('',*,*,#1344,.T.);
#1738=ORIENTED_EDGE('',*,*,#1350,.T.);
#1739=ORIENTED_EDGE('',*,*,#1356,.T.);
#1740=ORIENTED_EDGE('',*,*,#1362,.T.);
#1741=ORIENTED_EDGE('',*,*,#1368,.T.);
#1742=ORIENTED_EDGE('',*,*,#1365,.T.);
#1743=ORIENTED_EDGE('',*,*,#1370,.F.);
#1744=ORIENTED_EDGE('',*,*,#1359,.T.);
#1745=ORIENTED_EDGE('',*,*,#1364,.F.);
#1746=ORIENTED_EDGE('',*,*,#1353,.T.);
#1747=ORIENTED_EDGE('',*,*,#1358,.F.);
#1748=ORIENTED_EDGE('',*,*,#1347,.T.);
#1749=ORIENTED_EDGE('',*,*,#1352,.F.);
#1750=ORIENTED_EDGE('',*,*,#1372,.F.);
#1751=ORIENTED_EDGE('',*,*,#1373,.T.);
#1752=ORIENTED_EDGE('',*,*,#1374,.F.);
#1753=ORIENTED_EDGE('',*,*,#1375,.F.);
#1754=ORIENTED_EDGE('',*,*,#1376,.F.);
#1755=ORIENTED_EDGE('',*,*,#1377,.F.);
#1756=ORIENTED_EDGE('',*,*,#1378,.F.);
#1757=ORIENTED_EDGE('',*,*,#1373,.F.);
#1758=ORIENTED_EDGE('',*,*,#1372,.T.);
#1759=ORIENTED_EDGE('',*,*,#1379,.F.);
#1760=ORIENTED_EDGE('',*,*,#1380,.T.);
#1761=ORIENTED_EDGE('',*,*,#1381,.F.);
#1762=ORIENTED_EDGE('',*,*,#1374,.T.);
#1763=ORIENTED_EDGE('',*,*,#1378,.T.);
#1764=ORIENTED_EDGE('',*,*,#1382,.F.);
#1765=ORIENTED_EDGE('',*,*,#1380,.F.);
#1766=ORIENTED_EDGE('',*,*,#1383,.F.);
#1767=ORIENTED_EDGE('',*,*,#1384,.T.);
#1768=ORIENTED_EDGE('',*,*,#1385,.F.);
#1769=ORIENTED_EDGE('',*,*,#1384,.F.);
#1770=ORIENTED_EDGE('',*,*,#1383,.T.);
#1771=ORIENTED_EDGE('',*,*,#1386,.F.);
#1772=ORIENTED_EDGE('',*,*,#1387,.T.);
#1773=ORIENTED_EDGE('',*,*,#1388,.F.);
#1774=ORIENTED_EDGE('',*,*,#1387,.F.);
#1775=ORIENTED_EDGE('',*,*,#1386,.T.);
#1776=ORIENTED_EDGE('',*,*,#1389,.F.);
#1777=ORIENTED_EDGE('',*,*,#1390,.T.);
#1778=ORIENTED_EDGE('',*,*,#1391,.F.);
#1779=ORIENTED_EDGE('',*,*,#1390,.F.);
#1780=ORIENTED_EDGE('',*,*,#1389,.T.);
#1781=ORIENTED_EDGE('',*,*,#1392,.F.);
#1782=ORIENTED_EDGE('',*,*,#1393,.T.);
#1783=ORIENTED_EDGE('',*,*,#1394,.F.);
#1784=ORIENTED_EDGE('',*,*,#1393,.F.);
#1785=ORIENTED_EDGE('',*,*,#1392,.T.);
#1786=ORIENTED_EDGE('',*,*,#1395,.F.);
#1787=ORIENTED_EDGE('',*,*,#1396,.T.);
#1788=ORIENTED_EDGE('',*,*,#1397,.F.);
#1789=ORIENTED_EDGE('',*,*,#1396,.F.);
#1790=ORIENTED_EDGE('',*,*,#1395,.T.);
#1791=ORIENTED_EDGE('',*,*,#1398,.F.);
#1792=ORIENTED_EDGE('',*,*,#1399,.T.);
#1793=ORIENTED_EDGE('',*,*,#1400,.F.);
#1794=ORIENTED_EDGE('',*,*,#1399,.F.);
#1795=ORIENTED_EDGE('',*,*,#1398,.T.);
#1796=ORIENTED_EDGE('',*,*,#1401,.F.);
#1797=ORIENTED_EDGE('',*,*,#1402,.T.);
#1798=ORIENTED_EDGE('',*,*,#1403,.T.);
#1799=ORIENTED_EDGE('',*,*,#1402,.F.);
#1800=ORIENTED_EDGE('',*,*,#1403,.F.);
#1801=ORIENTED_EDGE('',*,*,#1404,.F.);
#1802=ORIENTED_EDGE('',*,*,#1405,.T.);
#1803=ORIENTED_EDGE('',*,*,#1406,.T.);
#1804=ORIENTED_EDGE('',*,*,#1405,.F.);
#1805=ORIENTED_EDGE('',*,*,#1406,.F.);
#1806=ORIENTED_EDGE('',*,*,#1407,.F.);
#1807=ORIENTED_EDGE('',*,*,#1408,.T.);
#1808=ORIENTED_EDGE('',*,*,#1409,.T.);
#1809=ORIENTED_EDGE('',*,*,#1408,.F.);
#1810=ORIENTED_EDGE('',*,*,#1409,.F.);
#1811=ORIENTED_EDGE('',*,*,#1410,.F.);
#1812=ORIENTED_EDGE('',*,*,#1411,.T.);
#1813=ORIENTED_EDGE('',*,*,#1412,.T.);
#1814=ORIENTED_EDGE('',*,*,#1411,.F.);
#1815=ORIENTED_EDGE('',*,*,#1412,.F.);
#1816=ORIENTED_EDGE('',*,*,#1413,.F.);
#1817=ORIENTED_EDGE('',*,*,#1414,.T.);
#1818=ORIENTED_EDGE('',*,*,#1415,.T.);
#1819=ORIENTED_EDGE('',*,*,#1414,.F.);
#1820=ORIENTED_EDGE('',*,*,#1415,.F.);
#1821=ORIENTED_EDGE('',*,*,#1416,.F.);
#1822=ORIENTED_EDGE('',*,*,#1417,.T.);
#1823=ORIENTED_EDGE('',*,*,#1418,.T.);
#1824=ORIENTED_EDGE('',*,*,#1417,.F.);
#1825=ORIENTED_EDGE('',*,*,#1418,.F.);
#1826=ORIENTED_EDGE('',*,*,#1419,.F.);
#1827=ORIENTED_EDGE('',*,*,#1420,.T.);
#1828=ORIENTED_EDGE('',*,*,#1421,.T.);
#1829=ORIENTED_EDGE('',*,*,#1420,.F.);
#1830=ORIENTED_EDGE('',*,*,#1421,.F.);
#1831=ORIENTED_EDGE('',*,*,#1422,.F.);
#1832=ORIENTED_EDGE('',*,*,#1423,.T.);
#1833=ORIENTED_EDGE('',*,*,#1424,.T.);
#1834=ORIENTED_EDGE('',*,*,#1423,.F.);
#1835=ORIENTED_EDGE('',*,*,#1424,.F.);
#1836=ORIENTED_EDGE('',*,*,#1425,.F.);
#1837=ORIENTED_EDGE('',*,*,#1426,.T.);
#1838=ORIENTED_EDGE('',*,*,#1427,.T.);
#1839=ORIENTED_EDGE('',*,*,#1426,.F.);
#1840=ORIENTED_EDGE('',*,*,#1427,.F.);
#1841=ORIENTED_EDGE('',*,*,#1428,.F.);
#1842=ORIENTED_EDGE('',*,*,#1429,.T.);
#1843=ORIENTED_EDGE('',*,*,#1430,.T.);
#1844=ORIENTED_EDGE('',*,*,#1429,.F.);
#1845=ORIENTED_EDGE('',*,*,#1430,.F.);
#1846=ORIENTED_EDGE('',*,*,#1431,.F.);
#1847=ORIENTED_EDGE('',*,*,#1432,.T.);
#1848=ORIENTED_EDGE('',*,*,#1433,.T.);
#1849=ORIENTED_EDGE('',*,*,#1432,.F.);
#1850=ORIENTED_EDGE('',*,*,#1433,.F.);
#1851=ORIENTED_EDGE('',*,*,#1434,.F.);
#1852=ORIENTED_EDGE('',*,*,#1435,.T.);
#1853=ORIENTED_EDGE('',*,*,#1436,.T.);
#1854=ORIENTED_EDGE('',*,*,#1435,.F.);
#1855=ORIENTED_EDGE('',*,*,#1436,.F.);
#1856=ORIENTED_EDGE('',*,*,#1437,.F.);
#1857=ORIENTED_EDGE('',*,*,#1438,.T.);
#1858=ORIENTED_EDGE('',*,*,#1439,.T.);
#1859=ORIENTED_EDGE('',*,*,#1438,.F.);
#1860=ORIENTED_EDGE('',*,*,#1439,.F.);
#1861=ORIENTED_EDGE('',*,*,#1440,.F.);
#1862=ORIENTED_EDGE('',*,*,#1441,.T.);
#1863=ORIENTED_EDGE('',*,*,#1442,.T.);
#1864=ORIENTED_EDGE('',*,*,#1441,.F.);
#1865=ORIENTED_EDGE('',*,*,#1442,.F.);
#1866=ORIENTED_EDGE('',*,*,#1443,.F.);
#1867=ORIENTED_EDGE('',*,*,#1444,.T.);
#1868=ORIENTED_EDGE('',*,*,#1445,.T.);
#1869=ORIENTED_EDGE('',*,*,#1444,.F.);
#1870=ORIENTED_EDGE('',*,*,#1445,.F.);
#1871=ORIENTED_EDGE('',*,*,#1446,.F.);
#1872=ORIENTED_EDGE('',*,*,#1447,.T.);
#1873=ORIENTED_EDGE('',*,*,#1448,.T.);
#1874=ORIENTED_EDGE('',*,*,#1447,.F.);
#1875=ORIENTED_EDGE('',*,*,#1448,.F.);
#1876=ORIENTED_EDGE('',*,*,#1443,.T.);
#1877=ORIENTED_EDGE('',*,*,#1440,.T.);
#1878=ORIENTED_EDGE('',*,*,#1437,.T.);
#1879=ORIENTED_EDGE('',*,*,#1434,.T.);
#1880=ORIENTED_EDGE('',*,*,#1431,.T.);
#1881=ORIENTED_EDGE('',*,*,#1428,.T.);
#1882=ORIENTED_EDGE('',*,*,#1425,.T.);
#1883=ORIENTED_EDGE('',*,*,#1379,.T.);
#1884=ORIENTED_EDGE('',*,*,#1446,.T.);
#1885=ORIENTED_EDGE('',*,*,#1422,.T.);
#1886=ORIENTED_EDGE('',*,*,#1419,.T.);
#1887=ORIENTED_EDGE('',*,*,#1416,.T.);
#1888=ORIENTED_EDGE('',*,*,#1413,.T.);
#1889=ORIENTED_EDGE('',*,*,#1410,.T.);
#1890=ORIENTED_EDGE('',*,*,#1407,.T.);
#1891=ORIENTED_EDGE('',*,*,#1376,.T.);
#1892=ORIENTED_EDGE('',*,*,#1449,.F.);
#1893=ORIENTED_EDGE('',*,*,#1450,.T.);
#1894=ORIENTED_EDGE('',*,*,#1451,.T.);
#1895=ORIENTED_EDGE('',*,*,#1450,.F.);
#1896=ORIENTED_EDGE('',*,*,#1452,.F.);
#1897=ORIENTED_EDGE('',*,*,#1375,.T.);
#1898=ORIENTED_EDGE('',*,*,#1381,.T.);
#1899=ORIENTED_EDGE('',*,*,#1382,.T.);
#1900=ORIENTED_EDGE('',*,*,#1377,.T.);
#1901=ORIENTED_EDGE('',*,*,#1452,.T.);
#1902=ORIENTED_EDGE('',*,*,#1449,.T.);
#1903=ORIENTED_EDGE('',*,*,#1451,.F.);
#1904=ORIENTED_EDGE('',*,*,#1404,.T.);
#1905=ORIENTED_EDGE('',*,*,#1401,.T.);
#1906=ORIENTED_EDGE('',*,*,#1400,.T.);
#1907=ORIENTED_EDGE('',*,*,#1397,.T.);
#1908=ORIENTED_EDGE('',*,*,#1394,.T.);
#1909=ORIENTED_EDGE('',*,*,#1391,.T.);
#1910=ORIENTED_EDGE('',*,*,#1388,.T.);
#1911=ORIENTED_EDGE('',*,*,#1385,.T.);
#1912=ORIENTED_EDGE('',*,*,#1453,.F.);
#1913=ORIENTED_EDGE('',*,*,#1454,.T.);
#1914=ORIENTED_EDGE('',*,*,#1455,.F.);
#1915=ORIENTED_EDGE('',*,*,#1454,.F.);
#1916=ORIENTED_EDGE('',*,*,#1456,.F.);
#1917=ORIENTED_EDGE('',*,*,#1457,.T.);
#1918=ORIENTED_EDGE('',*,*,#1458,.F.);
#1919=ORIENTED_EDGE('',*,*,#1457,.F.);
#1920=ORIENTED_EDGE('',*,*,#1459,.F.);
#1921=ORIENTED_EDGE('',*,*,#1460,.T.);
#1922=ORIENTED_EDGE('',*,*,#1461,.T.);
#1923=ORIENTED_EDGE('',*,*,#1460,.F.);
#1924=ORIENTED_EDGE('',*,*,#1461,.F.);
#1925=ORIENTED_EDGE('',*,*,#1462,.F.);
#1926=ORIENTED_EDGE('',*,*,#1463,.F.);
#1927=ORIENTED_EDGE('',*,*,#1464,.T.);
#1928=ORIENTED_EDGE('',*,*,#1465,.T.);
#1929=ORIENTED_EDGE('',*,*,#1464,.F.);
#1930=ORIENTED_EDGE('',*,*,#1465,.F.);
#1931=ORIENTED_EDGE('',*,*,#1466,.F.);
#1932=ORIENTED_EDGE('',*,*,#1467,.F.);
#1933=ORIENTED_EDGE('',*,*,#1468,.T.);
#1934=ORIENTED_EDGE('',*,*,#1469,.T.);
#1935=ORIENTED_EDGE('',*,*,#1468,.F.);
#1936=ORIENTED_EDGE('',*,*,#1469,.F.);
#1937=ORIENTED_EDGE('',*,*,#1470,.F.);
#1938=ORIENTED_EDGE('',*,*,#1471,.F.);
#1939=ORIENTED_EDGE('',*,*,#1472,.T.);
#1940=ORIENTED_EDGE('',*,*,#1473,.T.);
#1941=ORIENTED_EDGE('',*,*,#1472,.F.);
#1942=ORIENTED_EDGE('',*,*,#1473,.F.);
#1943=ORIENTED_EDGE('',*,*,#1474,.F.);
#1944=ORIENTED_EDGE('',*,*,#1462,.T.);
#1945=ORIENTED_EDGE('',*,*,#1475,.T.);
#1946=ORIENTED_EDGE('',*,*,#1476,.F.);
#1947=ORIENTED_EDGE('',*,*,#1475,.F.);
#1948=ORIENTED_EDGE('',*,*,#1466,.T.);
#1949=ORIENTED_EDGE('',*,*,#1477,.T.);
#1950=ORIENTED_EDGE('',*,*,#1478,.F.);
#1951=ORIENTED_EDGE('',*,*,#1477,.F.);
#1952=ORIENTED_EDGE('',*,*,#1470,.T.);
#1953=ORIENTED_EDGE('',*,*,#1479,.T.);
#1954=ORIENTED_EDGE('',*,*,#1480,.F.);
#1955=ORIENTED_EDGE('',*,*,#1479,.F.);
#1956=ORIENTED_EDGE('',*,*,#1474,.T.);
#1957=ORIENTED_EDGE('',*,*,#1481,.T.);
#1958=ORIENTED_EDGE('',*,*,#1482,.F.);
#1959=ORIENTED_EDGE('',*,*,#1481,.F.);
#1960=ORIENTED_EDGE('',*,*,#1483,.F.);
#1961=ORIENTED_EDGE('',*,*,#1484,.T.);
#1962=ORIENTED_EDGE('',*,*,#1485,.F.);
#1963=ORIENTED_EDGE('',*,*,#1484,.F.);
#1964=ORIENTED_EDGE('',*,*,#1483,.T.);
#1965=ORIENTED_EDGE('',*,*,#1486,.F.);
#1966=ORIENTED_EDGE('',*,*,#1487,.F.);
#1967=ORIENTED_EDGE('',*,*,#1488,.T.);
#1968=ORIENTED_EDGE('',*,*,#1489,.T.);
#1969=ORIENTED_EDGE('',*,*,#1490,.F.);
#1970=ORIENTED_EDGE('',*,*,#1491,.F.);
#1971=ORIENTED_EDGE('',*,*,#1492,.T.);
#1972=ORIENTED_EDGE('',*,*,#1486,.T.);
#1973=ORIENTED_EDGE('',*,*,#1492,.F.);
#1974=ORIENTED_EDGE('',*,*,#1493,.F.);
#1975=ORIENTED_EDGE('',*,*,#1494,.T.);
#1976=ORIENTED_EDGE('',*,*,#1495,.T.);
#1977=ORIENTED_EDGE('',*,*,#1488,.F.);
#1978=ORIENTED_EDGE('',*,*,#1496,.F.);
#1979=ORIENTED_EDGE('',*,*,#1497,.T.);
#1980=ORIENTED_EDGE('',*,*,#1498,.T.);
#1981=ORIENTED_EDGE('',*,*,#1499,.F.);
#1982=ORIENTED_EDGE('',*,*,#1500,.F.);
#1983=ORIENTED_EDGE('',*,*,#1498,.F.);
#1984=ORIENTED_EDGE('',*,*,#1501,.T.);
#1985=ORIENTED_EDGE('',*,*,#1502,.T.);
#1986=ORIENTED_EDGE('',*,*,#1497,.F.);
#1987=ORIENTED_EDGE('',*,*,#1503,.T.);
#1988=ORIENTED_EDGE('',*,*,#1504,.T.);
#1989=ORIENTED_EDGE('',*,*,#1501,.F.);
#1990=ORIENTED_EDGE('',*,*,#1505,.T.);
#1991=ORIENTED_EDGE('',*,*,#1506,.F.);
#1992=ORIENTED_EDGE('',*,*,#1503,.F.);
#1993=ORIENTED_EDGE('',*,*,#1496,.T.);
#1994=ORIENTED_EDGE('',*,*,#1499,.T.);
#1995=ORIENTED_EDGE('',*,*,#1500,.T.);
#1996=ORIENTED_EDGE('',*,*,#1507,.F.);
#1997=ORIENTED_EDGE('',*,*,#1505,.F.);
#1998=ORIENTED_EDGE('',*,*,#1487,.T.);
#1999=ORIENTED_EDGE('',*,*,#1508,.T.);
#2000=ORIENTED_EDGE('',*,*,#1493,.T.);
#2001=ORIENTED_EDGE('',*,*,#1491,.T.);
#2002=ORIENTED_EDGE('',*,*,#1509,.F.);
#2003=ORIENTED_EDGE('',*,*,#1510,.T.);
#2004=ORIENTED_EDGE('',*,*,#1509,.T.);
#2005=ORIENTED_EDGE('',*,*,#1490,.T.);
#2006=ORIENTED_EDGE('',*,*,#1511,.F.);
#2007=ORIENTED_EDGE('',*,*,#1512,.F.);
#2008=ORIENTED_EDGE('',*,*,#1513,.F.);
#2009=ORIENTED_EDGE('',*,*,#1514,.F.);
#2010=ORIENTED_EDGE('',*,*,#1511,.T.);
#2011=ORIENTED_EDGE('',*,*,#1489,.F.);
#2012=ORIENTED_EDGE('',*,*,#1495,.F.);
#2013=ORIENTED_EDGE('',*,*,#1508,.F.);
#2014=ORIENTED_EDGE('',*,*,#1515,.T.);
#2015=ORIENTED_EDGE('',*,*,#1513,.T.);
#2016=ORIENTED_EDGE('',*,*,#1494,.F.);
#2017=ORIENTED_EDGE('',*,*,#1504,.F.);
#2018=ORIENTED_EDGE('',*,*,#1506,.T.);
#2019=ORIENTED_EDGE('',*,*,#1507,.T.);
#2020=ORIENTED_EDGE('',*,*,#1502,.F.);
#2021=ORIENTED_EDGE('',*,*,#1512,.T.);
#2022=ORIENTED_EDGE('',*,*,#1514,.T.);
#2023=ORIENTED_EDGE('',*,*,#1515,.F.);
#2024=ORIENTED_EDGE('',*,*,#1510,.F.);
#2025=ORIENTED_EDGE('',*,*,#1516,.F.);
#2026=ORIENTED_EDGE('',*,*,#1517,.T.);
#2027=ORIENTED_EDGE('',*,*,#1518,.T.);
#2028=ORIENTED_EDGE('',*,*,#1517,.F.);
#2029=ORIENTED_EDGE('',*,*,#1516,.T.);
#2030=ORIENTED_EDGE('',*,*,#1459,.T.);
#2031=ORIENTED_EDGE('',*,*,#1463,.T.);
#2032=ORIENTED_EDGE('',*,*,#1467,.T.);
#2033=ORIENTED_EDGE('',*,*,#1471,.T.);
#2034=ORIENTED_EDGE('',*,*,#1485,.T.);
#2035=ORIENTED_EDGE('',*,*,#1456,.T.);
#2036=ORIENTED_EDGE('',*,*,#1453,.T.);
#2037=ORIENTED_EDGE('',*,*,#1518,.F.);
#2038=ORIENTED_EDGE('',*,*,#1455,.T.);
#2039=ORIENTED_EDGE('',*,*,#1458,.T.);
#2040=ORIENTED_EDGE('',*,*,#1476,.T.);
#2041=ORIENTED_EDGE('',*,*,#1478,.T.);
#2042=ORIENTED_EDGE('',*,*,#1480,.T.);
#2043=ORIENTED_EDGE('',*,*,#1482,.T.);
#2044=ORIENTED_EDGE('',*,*,#1519,.F.);
#2045=ORIENTED_EDGE('',*,*,#1520,.T.);
#2046=ORIENTED_EDGE('',*,*,#1521,.T.);
#2047=ORIENTED_EDGE('',*,*,#1522,.T.);
#2048=ORIENTED_EDGE('',*,*,#1523,.T.);
#2049=ORIENTED_EDGE('',*,*,#1524,.T.);
#2050=ORIENTED_EDGE('',*,*,#1525,.F.);
#2051=ORIENTED_EDGE('',*,*,#1519,.T.);
#2052=ORIENTED_EDGE('',*,*,#1526,.F.);
#2053=ORIENTED_EDGE('',*,*,#1527,.F.);
#2054=ORIENTED_EDGE('',*,*,#1528,.T.);
#2055=ORIENTED_EDGE('',*,*,#1529,.T.);
#2056=ORIENTED_EDGE('',*,*,#1530,.T.);
#2057=ORIENTED_EDGE('',*,*,#1531,.F.);
#2058=ORIENTED_EDGE('',*,*,#1525,.T.);
#2059=ORIENTED_EDGE('',*,*,#1532,.T.);
#2060=ORIENTED_EDGE('',*,*,#1533,.F.);
#2061=ORIENTED_EDGE('',*,*,#1534,.F.);
#2062=ORIENTED_EDGE('',*,*,#1535,.T.);
#2063=ORIENTED_EDGE('',*,*,#1521,.F.);
#2064=ORIENTED_EDGE('',*,*,#1520,.F.);
#2065=ORIENTED_EDGE('',*,*,#1536,.F.);
#2066=ORIENTED_EDGE('',*,*,#1537,.F.);
#2067=ORIENTED_EDGE('',*,*,#1524,.F.);
#2068=ORIENTED_EDGE('',*,*,#1538,.T.);
#2069=ORIENTED_EDGE('',*,*,#1539,.T.);
#2070=ORIENTED_EDGE('',*,*,#1540,.T.);
#2071=ORIENTED_EDGE('',*,*,#1541,.T.);
#2072=ORIENTED_EDGE('',*,*,#1542,.T.);
#2073=ORIENTED_EDGE('',*,*,#1543,.F.);
#2074=ORIENTED_EDGE('',*,*,#1544,.T.);
#2075=ORIENTED_EDGE('',*,*,#1523,.F.);
#2076=ORIENTED_EDGE('',*,*,#1522,.F.);
#2077=ORIENTED_EDGE('',*,*,#1535,.F.);
#2078=ORIENTED_EDGE('',*,*,#1545,.F.);
#2079=ORIENTED_EDGE('',*,*,#1546,.F.);
#2080=ORIENTED_EDGE('',*,*,#1526,.T.);
#2081=ORIENTED_EDGE('',*,*,#1531,.T.);
#2082=ORIENTED_EDGE('',*,*,#1547,.F.);
#2083=ORIENTED_EDGE('',*,*,#1548,.T.);
#2084=ORIENTED_EDGE('',*,*,#1549,.T.);
#2085=ORIENTED_EDGE('',*,*,#1550,.T.);
#2086=ORIENTED_EDGE('',*,*,#1536,.T.);
#2087=ORIENTED_EDGE('',*,*,#1530,.F.);
#2088=ORIENTED_EDGE('',*,*,#1529,.F.);
#2089=ORIENTED_EDGE('',*,*,#1528,.F.);
#2090=ORIENTED_EDGE('',*,*,#1551,.F.);
#2091=ORIENTED_EDGE('',*,*,#1527,.T.);
#2092=ORIENTED_EDGE('',*,*,#1552,.T.);
#2093=ORIENTED_EDGE('',*,*,#1541,.F.);
#2094=ORIENTED_EDGE('',*,*,#1553,.T.);
#2095=ORIENTED_EDGE('',*,*,#1554,.T.);
#2096=ORIENTED_EDGE('',*,*,#1555,.T.);
#2097=ORIENTED_EDGE('',*,*,#1556,.F.);
#2098=ORIENTED_EDGE('',*,*,#1547,.T.);
#2099=ORIENTED_EDGE('',*,*,#1533,.T.);
#2100=ORIENTED_EDGE('',*,*,#1557,.F.);
#2101=ORIENTED_EDGE('',*,*,#1558,.T.);
#2102=ORIENTED_EDGE('',*,*,#1557,.T.);
#2103=ORIENTED_EDGE('',*,*,#1532,.F.);
#2104=ORIENTED_EDGE('',*,*,#1542,.F.);
#2105=ORIENTED_EDGE('',*,*,#1534,.T.);
#2106=ORIENTED_EDGE('',*,*,#1537,.T.);
#2107=ORIENTED_EDGE('',*,*,#1550,.F.);
#2108=ORIENTED_EDGE('',*,*,#1549,.F.);
#2109=ORIENTED_EDGE('',*,*,#1548,.F.);
#2110=ORIENTED_EDGE('',*,*,#1559,.F.);
#2111=ORIENTED_EDGE('',*,*,#1560,.F.);
#2112=ORIENTED_EDGE('',*,*,#1561,.T.);
#2113=ORIENTED_EDGE('',*,*,#1562,.T.);
#2114=ORIENTED_EDGE('',*,*,#1561,.F.);
#2115=ORIENTED_EDGE('',*,*,#1563,.F.);
#2116=ORIENTED_EDGE('',*,*,#1564,.F.);
#2117=ORIENTED_EDGE('',*,*,#1565,.F.);
#2118=ORIENTED_EDGE('',*,*,#1566,.F.);
#2119=ORIENTED_EDGE('',*,*,#1567,.F.);
#2120=ORIENTED_EDGE('',*,*,#1543,.T.);
#2121=ORIENTED_EDGE('',*,*,#1545,.T.);
#2122=ORIENTED_EDGE('',*,*,#1567,.T.);
#2123=ORIENTED_EDGE('',*,*,#1566,.T.);
#2124=ORIENTED_EDGE('',*,*,#1565,.T.);
#2125=ORIENTED_EDGE('',*,*,#1568,.T.);
#2126=ORIENTED_EDGE('',*,*,#1540,.F.);
#2127=ORIENTED_EDGE('',*,*,#1539,.F.);
#2128=ORIENTED_EDGE('',*,*,#1538,.F.);
#2129=ORIENTED_EDGE('',*,*,#1544,.F.);
#2130=ORIENTED_EDGE('',*,*,#1546,.T.);
#2131=ORIENTED_EDGE('',*,*,#1556,.T.);
#2132=ORIENTED_EDGE('',*,*,#1558,.F.);
#2133=ORIENTED_EDGE('',*,*,#1552,.F.);
#2134=ORIENTED_EDGE('',*,*,#1564,.T.);
#2135=ORIENTED_EDGE('',*,*,#1563,.T.);
#2136=ORIENTED_EDGE('',*,*,#1560,.T.);
#2137=ORIENTED_EDGE('',*,*,#1559,.T.);
#2138=ORIENTED_EDGE('',*,*,#1551,.T.);
#2139=ORIENTED_EDGE('',*,*,#1555,.F.);
#2140=ORIENTED_EDGE('',*,*,#1554,.F.);
#2141=ORIENTED_EDGE('',*,*,#1553,.F.);
#2142=ORIENTED_EDGE('',*,*,#1568,.F.);
#2143=ORIENTED_EDGE('',*,*,#1562,.F.);
#2144=ORIENTED_EDGE('',*,*,#1569,.T.);
#2145=ORIENTED_EDGE('',*,*,#1570,.T.);
#2146=ORIENTED_EDGE('',*,*,#1571,.F.);
#2147=ORIENTED_EDGE('',*,*,#1572,.F.);
#2148=ORIENTED_EDGE('',*,*,#1573,.T.);
#2149=ORIENTED_EDGE('',*,*,#1574,.F.);
#2150=ORIENTED_EDGE('',*,*,#1575,.T.);
#2151=ORIENTED_EDGE('',*,*,#1576,.T.);
#2152=ORIENTED_EDGE('',*,*,#1577,.F.);
#2153=ORIENTED_EDGE('',*,*,#1578,.F.);
#2154=ORIENTED_EDGE('',*,*,#1573,.F.);
#2155=ORIENTED_EDGE('',*,*,#1579,.T.);
#2156=ORIENTED_EDGE('',*,*,#1580,.T.);
#2157=ORIENTED_EDGE('',*,*,#1581,.T.);
#2158=ORIENTED_EDGE('',*,*,#1582,.F.);
#2159=ORIENTED_EDGE('',*,*,#1583,.T.);
#2160=ORIENTED_EDGE('',*,*,#1584,.F.);
#2161=ORIENTED_EDGE('',*,*,#1585,.T.);
#2162=ORIENTED_EDGE('',*,*,#1586,.T.);
#2163=ORIENTED_EDGE('',*,*,#1585,.F.);
#2164=ORIENTED_EDGE('',*,*,#1587,.F.);
#2165=ORIENTED_EDGE('',*,*,#1588,.F.);
#2166=ORIENTED_EDGE('',*,*,#1569,.F.);
#2167=ORIENTED_EDGE('',*,*,#1589,.T.);
#2168=ORIENTED_EDGE('',*,*,#1590,.T.);
#2169=ORIENTED_EDGE('',*,*,#1591,.T.);
#2170=ORIENTED_EDGE('',*,*,#1592,.F.);
#2171=ORIENTED_EDGE('',*,*,#1593,.T.);
#2172=ORIENTED_EDGE('',*,*,#1593,.F.);
#2173=ORIENTED_EDGE('',*,*,#1594,.T.);
#2174=ORIENTED_EDGE('',*,*,#1595,.F.);
#2175=ORIENTED_EDGE('',*,*,#1596,.T.);
#2176=ORIENTED_EDGE('',*,*,#1589,.F.);
#2177=ORIENTED_EDGE('',*,*,#1576,.F.);
#2178=ORIENTED_EDGE('',*,*,#1597,.T.);
#2179=ORIENTED_EDGE('',*,*,#1598,.F.);
#2180=ORIENTED_EDGE('',*,*,#1599,.T.);
#2181=ORIENTED_EDGE('',*,*,#1600,.T.);
#2182=ORIENTED_EDGE('',*,*,#1597,.F.);
#2183=ORIENTED_EDGE('',*,*,#1575,.F.);
#2184=ORIENTED_EDGE('',*,*,#1578,.T.);
#2185=ORIENTED_EDGE('',*,*,#1601,.T.);
#2186=ORIENTED_EDGE('',*,*,#1599,.F.);
#2187=ORIENTED_EDGE('',*,*,#1574,.T.);
#2188=ORIENTED_EDGE('',*,*,#1579,.F.);
#2189=ORIENTED_EDGE('',*,*,#1572,.T.);
#2190=ORIENTED_EDGE('',*,*,#1602,.T.);
#2191=ORIENTED_EDGE('',*,*,#1603,.T.);
#2192=ORIENTED_EDGE('',*,*,#1583,.F.);
#2193=ORIENTED_EDGE('',*,*,#1604,.F.);
#2194=ORIENTED_EDGE('',*,*,#1605,.F.);
#2195=ORIENTED_EDGE('',*,*,#1606,.F.);
#2196=ORIENTED_EDGE('',*,*,#1602,.F.);
#2197=ORIENTED_EDGE('',*,*,#1571,.T.);
#2198=ORIENTED_EDGE('',*,*,#1607,.T.);
#2199=ORIENTED_EDGE('',*,*,#1608,.F.);
#2200=ORIENTED_EDGE('',*,*,#1570,.F.);
#2201=ORIENTED_EDGE('',*,*,#1588,.T.);
#2202=ORIENTED_EDGE('',*,*,#1609,.F.);
#2203=ORIENTED_EDGE('',*,*,#1607,.F.);
#2204=ORIENTED_EDGE('',*,*,#1598,.T.);
#2205=ORIENTED_EDGE('',*,*,#1600,.F.);
#2206=ORIENTED_EDGE('',*,*,#1601,.F.);
#2207=ORIENTED_EDGE('',*,*,#1577,.T.);
#2208=ORIENTED_EDGE('',*,*,#1586,.F.);
#2209=ORIENTED_EDGE('',*,*,#1594,.F.);
#2210=ORIENTED_EDGE('',*,*,#1592,.T.);
#2211=ORIENTED_EDGE('',*,*,#1610,.F.);
#2212=ORIENTED_EDGE('',*,*,#1611,.F.);
#2213=ORIENTED_EDGE('',*,*,#1591,.F.);
#2214=ORIENTED_EDGE('',*,*,#1612,.T.);
#2215=ORIENTED_EDGE('',*,*,#1613,.T.);
#2216=ORIENTED_EDGE('',*,*,#1610,.T.);
#2217=ORIENTED_EDGE('',*,*,#1590,.F.);
#2218=ORIENTED_EDGE('',*,*,#1596,.F.);
#2219=ORIENTED_EDGE('',*,*,#1614,.T.);
#2220=ORIENTED_EDGE('',*,*,#1612,.F.);
#2221=ORIENTED_EDGE('',*,*,#1609,.T.);
#2222=ORIENTED_EDGE('',*,*,#1587,.T.);
#2223=ORIENTED_EDGE('',*,*,#1584,.T.);
#2224=ORIENTED_EDGE('',*,*,#1603,.F.);
#2225=ORIENTED_EDGE('',*,*,#1608,.T.);
#2226=ORIENTED_EDGE('',*,*,#1604,.T.);
#2227=ORIENTED_EDGE('',*,*,#1582,.T.);
#2228=ORIENTED_EDGE('',*,*,#1615,.F.);
#2229=ORIENTED_EDGE('',*,*,#1616,.F.);
#2230=ORIENTED_EDGE('',*,*,#1581,.F.);
#2231=ORIENTED_EDGE('',*,*,#1617,.T.);
#2232=ORIENTED_EDGE('',*,*,#1618,.T.);
#2233=ORIENTED_EDGE('',*,*,#1615,.T.);
#2234=ORIENTED_EDGE('',*,*,#1580,.F.);
#2235=ORIENTED_EDGE('',*,*,#1606,.T.);
#2236=ORIENTED_EDGE('',*,*,#1619,.T.);
#2237=ORIENTED_EDGE('',*,*,#1617,.F.);
#2238=ORIENTED_EDGE('',*,*,#1595,.T.);
#2239=ORIENTED_EDGE('',*,*,#1611,.T.);
#2240=ORIENTED_EDGE('',*,*,#1613,.F.);
#2241=ORIENTED_EDGE('',*,*,#1614,.F.);
#2242=ORIENTED_EDGE('',*,*,#1605,.T.);
#2243=ORIENTED_EDGE('',*,*,#1616,.T.);
#2244=ORIENTED_EDGE('',*,*,#1618,.F.);
#2245=ORIENTED_EDGE('',*,*,#1619,.F.);
#2246=CONICAL_SURFACE('',#2443,37.,0.785398163397448);
#2247=CONICAL_SURFACE('',#2446,37.5,0.785398163397442);
#2248=ADVANCED_FACE('',(#277),#2246,.T.);
#2249=ADVANCED_FACE('',(#278),#2247,.T.);
#2250=ADVANCED_FACE('',(#279),#215,.F.);
#2251=ADVANCED_FACE('',(#280),#216,.F.);
#2252=ADVANCED_FACE('',(#281),#217,.F.);
#2253=ADVANCED_FACE('',(#282),#218,.F.);
#2254=ADVANCED_FACE('',(#283),#219,.F.);
#2255=ADVANCED_FACE('',(#284),#220,.F.);
#2256=ADVANCED_FACE('',(#285),#221,.F.);
#2257=ADVANCED_FACE('',(#286),#222,.F.);
#2258=ADVANCED_FACE('',(#287),#223,.F.);
#2259=ADVANCED_FACE('',(#288),#224,.F.);
#2260=ADVANCED_FACE('',(#289),#225,.F.);
#2261=ADVANCED_FACE('',(#290),#226,.F.);
#2262=ADVANCED_FACE('',(#291),#227,.F.);
#2263=ADVANCED_FACE('',(#292),#228,.F.);
#2264=ADVANCED_FACE('',(#293),#229,.F.);
#2265=ADVANCED_FACE('',(#294),#230,.F.);
#2266=ADVANCED_FACE('',(#295),#231,.F.);
#2267=ADVANCED_FACE('',(#296),#232,.F.);
#2268=ADVANCED_FACE('',(#297),#233,.F.);
#2269=ADVANCED_FACE('',(#298),#234,.T.);
#2270=ADVANCED_FACE('',(#299,#64,#65,#66,#67,#68,#69,#70,#71,#72,#73,#74,
#75,#76,#77,#78),#140,.T.);
#2271=ADVANCED_FACE('',(#300,#79,#80,#81,#82,#83,#84,#85,#86,#87,#88,#89,
#90,#91,#92,#93),#141,.F.);
#2272=ADVANCED_FACE('',(#301,#94),#142,.F.);
#2273=ADVANCED_FACE('',(#302,#95),#143,.F.);
#2274=ADVANCED_FACE('',(#303,#96),#144,.F.);
#2275=ADVANCED_FACE('',(#304,#97),#145,.F.);
#2276=ADVANCED_FACE('',(#305),#235,.T.);
#2277=ADVANCED_FACE('',(#306),#146,.T.);
#2278=ADVANCED_FACE('',(#307),#236,.T.);
#2279=ADVANCED_FACE('',(#308),#237,.T.);
#2280=ADVANCED_FACE('',(#309),#147,.F.);
#2281=ADVANCED_FACE('',(#310),#238,.T.);
#2282=ADVANCED_FACE('',(#311),#148,.F.);
#2283=ADVANCED_FACE('',(#312),#239,.T.);
#2284=ADVANCED_FACE('',(#313),#149,.F.);
#2285=ADVANCED_FACE('',(#314),#240,.T.);
#2286=ADVANCED_FACE('',(#315),#150,.F.);
#2287=ADVANCED_FACE('',(#316),#241,.T.);
#2288=ADVANCED_FACE('',(#317),#151,.F.);
#2289=ADVANCED_FACE('',(#318),#242,.T.);
#2290=ADVANCED_FACE('',(#319),#152,.F.);
#2291=ADVANCED_FACE('',(#320),#243,.F.);
#2292=ADVANCED_FACE('',(#321),#153,.F.);
#2293=ADVANCED_FACE('',(#322),#244,.F.);
#2294=ADVANCED_FACE('',(#323),#154,.F.);
#2295=ADVANCED_FACE('',(#324),#245,.F.);
#2296=ADVANCED_FACE('',(#325),#155,.T.);
#2297=ADVANCED_FACE('',(#326),#246,.F.);
#2298=ADVANCED_FACE('',(#327),#156,.T.);
#2299=ADVANCED_FACE('',(#328),#247,.F.);
#2300=ADVANCED_FACE('',(#329),#157,.T.);
#2301=ADVANCED_FACE('',(#330),#248,.F.);
#2302=ADVANCED_FACE('',(#331),#158,.T.);
#2303=ADVANCED_FACE('',(#332),#249,.F.);
#2304=ADVANCED_FACE('',(#333),#159,.T.);
#2305=ADVANCED_FACE('',(#334),#250,.F.);
#2306=ADVANCED_FACE('',(#335),#160,.T.);
#2307=ADVANCED_FACE('',(#336),#251,.F.);
#2308=ADVANCED_FACE('',(#337),#161,.T.);
#2309=ADVANCED_FACE('',(#338),#252,.F.);
#2310=ADVANCED_FACE('',(#339),#162,.T.);
#2311=ADVANCED_FACE('',(#340),#253,.F.);
#2312=ADVANCED_FACE('',(#341),#163,.T.);
#2313=ADVANCED_FACE('',(#342),#254,.F.);
#2314=ADVANCED_FACE('',(#343),#164,.T.);
#2315=ADVANCED_FACE('',(#344),#255,.F.);
#2316=ADVANCED_FACE('',(#345),#165,.T.);
#2317=ADVANCED_FACE('',(#346),#256,.F.);
#2318=ADVANCED_FACE('',(#347),#166,.T.);
#2319=ADVANCED_FACE('',(#348),#257,.F.);
#2320=ADVANCED_FACE('',(#349),#167,.T.);
#2321=ADVANCED_FACE('',(#350),#258,.F.);
#2322=ADVANCED_FACE('',(#351,#98,#99,#100,#101,#102,#103,#104),#168,.T.);
#2323=ADVANCED_FACE('',(#352,#105,#106,#107,#108,#109,#110,#111),#169,.T.);
#2324=ADVANCED_FACE('',(#353),#259,.T.);
#2325=ADVANCED_FACE('',(#354),#170,.T.);
#2326=ADVANCED_FACE('',(#355,#112,#113,#114,#115,#116,#117,#118,#119),#171,
 .F.);
#2327=ADVANCED_FACE('',(#356),#260,.F.);
#2328=ADVANCED_FACE('',(#357),#261,.F.);
#2329=ADVANCED_FACE('',(#358),#262,.F.);
#2330=ADVANCED_FACE('',(#359,#120),#172,.T.);
#2331=ADVANCED_FACE('',(#360),#263,.F.);
#2332=ADVANCED_FACE('',(#361,#121),#173,.T.);
#2333=ADVANCED_FACE('',(#362),#264,.F.);
#2334=ADVANCED_FACE('',(#363,#122),#174,.T.);
#2335=ADVANCED_FACE('',(#364),#265,.F.);
#2336=ADVANCED_FACE('',(#365,#123),#175,.T.);
#2337=ADVANCED_FACE('',(#366),#266,.F.);
#2338=ADVANCED_FACE('',(#367),#267,.F.);
#2339=ADVANCED_FACE('',(#368),#268,.F.);
#2340=ADVANCED_FACE('',(#369),#269,.F.);
#2341=ADVANCED_FACE('',(#370),#270,.T.);
#2342=ADVANCED_FACE('',(#371,#124),#176,.T.);
#2343=ADVANCED_FACE('',(#372,#125),#271,.T.);
#2344=ADVANCED_FACE('',(#373),#177,.T.);
#2345=ADVANCED_FACE('',(#374),#178,.F.);
#2346=ADVANCED_FACE('',(#375),#179,.F.);
#2347=ADVANCED_FACE('',(#376),#180,.T.);
#2348=ADVANCED_FACE('',(#377),#181,.T.);
#2349=ADVANCED_FACE('',(#378),#182,.F.);
#2350=ADVANCED_FACE('',(#379),#183,.F.);
#2351=ADVANCED_FACE('',(#380),#184,.T.);
#2352=ADVANCED_FACE('',(#381),#185,.T.);
#2353=ADVANCED_FACE('',(#382),#186,.T.);
#2354=ADVANCED_FACE('',(#383),#187,.F.);
#2355=ADVANCED_FACE('',(#384),#272,.T.);
#2356=ADVANCED_FACE('',(#385,#126,#127,#128,#129,#130,#131,#132),#188,.T.);
#2357=ADVANCED_FACE('',(#386,#133,#134,#135,#136,#137,#138),#189,.F.);
#2358=ADVANCED_FACE('',(#387),#190,.T.);
#2359=ADVANCED_FACE('',(#388),#191,.F.);
#2360=ADVANCED_FACE('',(#389),#192,.T.);
#2361=ADVANCED_FACE('',(#390),#11,.T.);
#2362=ADVANCED_FACE('',(#391),#193,.T.);
#2363=ADVANCED_FACE('',(#392),#12,.T.);
#2364=ADVANCED_FACE('',(#393),#194,.F.);
#2365=ADVANCED_FACE('',(#394),#13,.T.);
#2366=ADVANCED_FACE('',(#395),#195,.F.);
#2367=ADVANCED_FACE('',(#396),#196,.T.);
#2368=ADVANCED_FACE('',(#397),#197,.T.);
#2369=ADVANCED_FACE('',(#398),#273,.T.);
#2370=ADVANCED_FACE('',(#399),#14,.T.);
#2371=ADVANCED_FACE('',(#400),#198,.F.);
#2372=ADVANCED_FACE('',(#401),#15,.T.);
#2373=ADVANCED_FACE('',(#402,#139),#199,.F.);
#2374=ADVANCED_FACE('',(#403),#274,.F.);
#2375=ADVANCED_FACE('',(#404),#200,.F.);
#2376=ADVANCED_FACE('',(#405),#201,.F.);
#2377=ADVANCED_FACE('',(#406),#202,.T.);
#2378=ADVANCED_FACE('',(#407),#203,.T.);
#2379=ADVANCED_FACE('',(#408),#204,.T.);
#2380=ADVANCED_FACE('',(#409),#205,.F.);
#2381=ADVANCED_FACE('',(#410),#206,.F.);
#2382=ADVANCED_FACE('',(#411),#207,.F.);
#2383=ADVANCED_FACE('',(#412),#208,.F.);
#2384=ADVANCED_FACE('',(#413),#209,.T.);
#2385=ADVANCED_FACE('',(#414),#210,.T.);
#2386=ADVANCED_FACE('',(#415),#211,.F.);
#2387=ADVANCED_FACE('',(#416),#212,.F.);
#2388=ADVANCED_FACE('',(#417),#213,.T.);
#2389=ADVANCED_FACE('',(#418),#214,.T.);
#2390=ADVANCED_FACE('',(#419),#275,.F.);
#2391=ADVANCED_FACE('',(#420),#276,.F.);
#2392=CLOSED_SHELL('',(#2248,#2249,#2250,#2251,#2252,#2253,#2254,#2255,
#2256,#2257,#2258,#2259,#2260,#2261,#2262,#2263,#2264,#2265,#2266,#2267,
#2268,#2269,#2270,#2271,#2272,#2273,#2274,#2275));
#2393=CLOSED_SHELL('',(#2276,#2277,#2278,#2279,#2280,#2281,#2282,#2283,
#2284,#2285,#2286,#2287,#2288,#2289,#2290,#2291,#2292,#2293,#2294,#2295,
#2296,#2297,#2298,#2299,#2300,#2301,#2302,#2303,#2304,#2305,#2306,#2307,
#2308,#2309,#2310,#2311,#2312,#2313,#2314,#2315,#2316,#2317,#2318,#2319,
#2320,#2321,#2322,#2323,#2324,#2325,#2326));
#2394=CLOSED_SHELL('',(#2327,#2328,#2329,#2330,#2331,#2332,#2333,#2334,
#2335,#2336,#2337,#2338,#2339,#2340,#2341,#2342,#2343,#2344,#2345,#2346,
#2347,#2348,#2349,#2350,#2351,#2352,#2353,#2354,#2355,#2356,#2357));
#2395=CLOSED_SHELL('',(#2358,#2359,#2360,#2361,#2362,#2363,#2364,#2365,
#2366,#2367,#2368,#2369,#2370,#2371,#2372,#2373,#2374,#2375,#2376,#2377,
#2378,#2379,#2380,#2381,#2382,#2383,#2384,#2385,#2386,#2387,#2388,#2389,
#2390,#2391));
#2396=DERIVED_UNIT_ELEMENT(#2404,1.);
#2397=DERIVED_UNIT_ELEMENT(#4440,-3.);
#2398=DERIVED_UNIT_ELEMENT(#2404,1.);
#2399=DERIVED_UNIT_ELEMENT(#4440,-3.);
#2400=DERIVED_UNIT_ELEMENT(#2404,1.);
#2401=DERIVED_UNIT_ELEMENT(#4440,-3.);
#2402=DERIVED_UNIT_ELEMENT(#2404,1.);
#2403=DERIVED_UNIT_ELEMENT(#4440,-3.);
#2404=(
MASS_UNIT()
NAMED_UNIT(*)
SI_UNIT(.KILO.,.GRAM.)
);
#2405=DERIVED_UNIT((#2396,#2397));
#2406=DERIVED_UNIT((#2398,#2399));
#2407=DERIVED_UNIT((#2400,#2401));
#2408=DERIVED_UNIT((#2402,#2403));
#2409=MEASURE_REPRESENTATION_ITEM('density measure',
POSITIVE_RATIO_MEASURE(7850.),#2405);
#2410=MEASURE_REPRESENTATION_ITEM('density measure',
POSITIVE_RATIO_MEASURE(7850.),#2406);
#2411=MEASURE_REPRESENTATION_ITEM('density measure',
POSITIVE_RATIO_MEASURE(7850.),#2407);
#2412=MEASURE_REPRESENTATION_ITEM('density measure',
POSITIVE_RATIO_MEASURE(0.),#2408);
#2413=PROPERTY_DEFINITION_REPRESENTATION(#2433,#2421);
#2414=PROPERTY_DEFINITION_REPRESENTATION(#2434,#2422);
#2415=PROPERTY_DEFINITION_REPRESENTATION(#2435,#2423);
#2416=PROPERTY_DEFINITION_REPRESENTATION(#2436,#2424);
#2417=PROPERTY_DEFINITION_REPRESENTATION(#2437,#2425);
#2418=PROPERTY_DEFINITION_REPRESENTATION(#2438,#2426);
#2419=PROPERTY_DEFINITION_REPRESENTATION(#2439,#2427);
#2420=PROPERTY_DEFINITION_REPRESENTATION(#2440,#2428);
#2421=REPRESENTATION('material name',(#2429),#4432);
#2422=REPRESENTATION('density',(#2409),#4432);
#2423=REPRESENTATION('material name',(#2430),#4434);
#2424=REPRESENTATION('density',(#2410),#4434);
#2425=REPRESENTATION('material name',(#2431),#4436);
#2426=REPRESENTATION('density',(#2411),#4436);
#2427=REPRESENTATION('material name',(#2432),#4437);
#2428=REPRESENTATION('density',(#2412),#4437);
#2429=DESCRIPTIVE_REPRESENTATION_ITEM('A\X\E7o','A\X\E7o');
#2430=DESCRIPTIVE_REPRESENTATION_ITEM('A\X\E7o','A\X\E7o');
#2431=DESCRIPTIVE_REPRESENTATION_ITEM('A\X\E7o','A\X\E7o');
#2432=DESCRIPTIVE_REPRESENTATION_ITEM('cadpy:sourceHash',
'cadpy:sourceHash');
#2433=PROPERTY_DEFINITION('material property','material name',#4472);
#2434=PROPERTY_DEFINITION('material property','density of part',#4472);
#2435=PROPERTY_DEFINITION('material property','material name',#4474);
#2436=PROPERTY_DEFINITION('material property','density of part',#4474);
#2437=PROPERTY_DEFINITION('material property','material name',#4476);
#2438=PROPERTY_DEFINITION('material property','density of part',#4476);
#2439=PROPERTY_DEFINITION('material property','material name',#4477);
#2440=PROPERTY_DEFINITION('material property','density of part',#4477);
#2441=AXIS2_PLACEMENT_3D('',#3512,#2748,#2749);
#2442=AXIS2_PLACEMENT_3D('',#3513,#2750,#2751);
#2443=AXIS2_PLACEMENT_3D('',#3514,#2752,#2753);
#2444=AXIS2_PLACEMENT_3D('',#3516,#2754,#2755);
#2445=AXIS2_PLACEMENT_3D('',#3519,#2757,#2758);
#2446=AXIS2_PLACEMENT_3D('',#3520,#2759,#2760);
#2447=AXIS2_PLACEMENT_3D('',#3523,#2761,#2762);
#2448=AXIS2_PLACEMENT_3D('',#3524,#2763,#2764);
#2449=AXIS2_PLACEMENT_3D('',#3527,#2766,#2767);
#2450=AXIS2_PLACEMENT_3D('',#3528,#2768,#2769);
#2451=AXIS2_PLACEMENT_3D('',#3530,#2770,#2771);
#2452=AXIS2_PLACEMENT_3D('',#3533,#2773,#2774);
#2453=AXIS2_PLACEMENT_3D('',#3534,#2775,#2776);
#2454=AXIS2_PLACEMENT_3D('',#3536,#2777,#2778);
#2455=AXIS2_PLACEMENT_3D('',#3539,#2780,#2781);
#2456=AXIS2_PLACEMENT_3D('',#3540,#2782,#2783);
#2457=AXIS2_PLACEMENT_3D('',#3542,#2784,#2785);
#2458=AXIS2_PLACEMENT_3D('',#3545,#2787,#2788);
#2459=AXIS2_PLACEMENT_3D('',#3546,#2789,#2790);
#2460=AXIS2_PLACEMENT_3D('',#3548,#2791,#2792);
#2461=AXIS2_PLACEMENT_3D('',#3551,#2794,#2795);
#2462=AXIS2_PLACEMENT_3D('',#3552,#2796,#2797);
#2463=AXIS2_PLACEMENT_3D('',#3554,#2798,#2799);
#2464=AXIS2_PLACEMENT_3D('',#3557,#2801,#2802);
#2465=AXIS2_PLACEMENT_3D('',#3558,#2803,#2804);
#2466=AXIS2_PLACEMENT_3D('',#3560,#2805,#2806);
#2467=AXIS2_PLACEMENT_3D('',#3563,#2808,#2809);
#2468=AXIS2_PLACEMENT_3D('',#3564,#2810,#2811);
#2469=AXIS2_PLACEMENT_3D('',#3566,#2812,#2813);
#2470=AXIS2_PLACEMENT_3D('',#3569,#2815,#2816);
#2471=AXIS2_PLACEMENT_3D('',#3570,#2817,#2818);
#2472=AXIS2_PLACEMENT_3D('',#3572,#2819,#2820);
#2473=AXIS2_PLACEMENT_3D('',#3575,#2822,#2823);
#2474=AXIS2_PLACEMENT_3D('',#3576,#2824,#2825);
#2475=AXIS2_PLACEMENT_3D('',#3578,#2826,#2827);
#2476=AXIS2_PLACEMENT_3D('',#3581,#2829,#2830);
#2477=AXIS2_PLACEMENT_3D('',#3582,#2831,#2832);
#2478=AXIS2_PLACEMENT_3D('',#3584,#2833,#2834);
#2479=AXIS2_PLACEMENT_3D('',#3587,#2836,#2837);
#2480=AXIS2_PLACEMENT_3D('',#3588,#2838,#2839);
#2481=AXIS2_PLACEMENT_3D('',#3590,#2840,#2841);
#2482=AXIS2_PLACEMENT_3D('',#3593,#2843,#2844);
#2483=AXIS2_PLACEMENT_3D('',#3594,#2845,#2846);
#2484=AXIS2_PLACEMENT_3D('',#3596,#2847,#2848);
#2485=AXIS2_PLACEMENT_3D('',#3599,#2850,#2851);
#2486=AXIS2_PLACEMENT_3D('',#3600,#2852,#2853);
#2487=AXIS2_PLACEMENT_3D('',#3602,#2854,#2855);
#2488=AXIS2_PLACEMENT_3D('',#3605,#2857,#2858);
#2489=AXIS2_PLACEMENT_3D('',#3606,#2859,#2860);
#2490=AXIS2_PLACEMENT_3D('',#3608,#2861,#2862);
#2491=AXIS2_PLACEMENT_3D('',#3611,#2864,#2865);
#2492=AXIS2_PLACEMENT_3D('',#3612,#2866,#2867);
#2493=AXIS2_PLACEMENT_3D('',#3614,#2868,#2869);
#2494=AXIS2_PLACEMENT_3D('',#3617,#2871,#2872);
#2495=AXIS2_PLACEMENT_3D('',#3618,#2873,#2874);
#2496=AXIS2_PLACEMENT_3D('',#3620,#2875,#2876);
#2497=AXIS2_PLACEMENT_3D('',#3623,#2878,#2879);
#2498=AXIS2_PLACEMENT_3D('',#3624,#2880,#2881);
#2499=AXIS2_PLACEMENT_3D('',#3626,#2882,#2883);
#2500=AXIS2_PLACEMENT_3D('',#3629,#2885,#2886);
#2501=AXIS2_PLACEMENT_3D('',#3630,#2887,#2888);
#2502=AXIS2_PLACEMENT_3D('',#3632,#2889,#2890);
#2503=AXIS2_PLACEMENT_3D('',#3635,#2892,#2893);
#2504=AXIS2_PLACEMENT_3D('',#3636,#2894,#2895);
#2505=AXIS2_PLACEMENT_3D('',#3638,#2896,#2897);
#2506=AXIS2_PLACEMENT_3D('',#3641,#2899,#2900);
#2507=AXIS2_PLACEMENT_3D('',#3642,#2901,#2902);
#2508=AXIS2_PLACEMENT_3D('',#3644,#2904,#2905);
#2509=AXIS2_PLACEMENT_3D('',#3645,#2906,#2907);
#2510=AXIS2_PLACEMENT_3D('',#3646,#2908,#2909);
#2511=AXIS2_PLACEMENT_3D('',#3647,#2910,#2911);
#2512=AXIS2_PLACEMENT_3D('',#3648,#2912,#2913);
#2513=AXIS2_PLACEMENT_3D('',#3649,#2914,#2915);
#2514=AXIS2_PLACEMENT_3D('',#3650,#2916,#2917);
#2515=AXIS2_PLACEMENT_3D('',#3651,#2918,#2919);
#2516=AXIS2_PLACEMENT_3D('',#3652,#2920,#2921);
#2517=AXIS2_PLACEMENT_3D('',#3654,#2922,#2923);
#2518=AXIS2_PLACEMENT_3D('',#3706,#2927,#2928);
#2519=AXIS2_PLACEMENT_3D('',#3707,#2929,#2930);
#2520=AXIS2_PLACEMENT_3D('',#3709,#2931,#2932);
#2521=AXIS2_PLACEMENT_3D('',#3712,#2934,#2935);
#2522=AXIS2_PLACEMENT_3D('',#3713,#2936,#2937);
#2523=AXIS2_PLACEMENT_3D('',#3714,#2938,#2939);
#2524=AXIS2_PLACEMENT_3D('',#3716,#2940,#2941);
#2525=AXIS2_PLACEMENT_3D('',#3719,#2943,#2944);
#2526=AXIS2_PLACEMENT_3D('',#3720,#2945,#2946);
#2527=AXIS2_PLACEMENT_3D('',#3721,#2947,#2948);
#2528=AXIS2_PLACEMENT_3D('',#3723,#2949,#2950);
#2529=AXIS2_PLACEMENT_3D('',#3726,#2952,#2953);
#2530=AXIS2_PLACEMENT_3D('',#3727,#2954,#2955);
#2531=AXIS2_PLACEMENT_3D('',#3728,#2956,#2957);
#2532=AXIS2_PLACEMENT_3D('',#3730,#2958,#2959);
#2533=AXIS2_PLACEMENT_3D('',#3733,#2961,#2962);
#2534=AXIS2_PLACEMENT_3D('',#3734,#2963,#2964);
#2535=AXIS2_PLACEMENT_3D('',#3735,#2965,#2966);
#2536=AXIS2_PLACEMENT_3D('',#3737,#2967,#2968);
#2537=AXIS2_PLACEMENT_3D('',#3740,#2970,#2971);
#2538=AXIS2_PLACEMENT_3D('',#3741,#2972,#2973);
#2539=AXIS2_PLACEMENT_3D('',#3742,#2974,#2975);
#2540=AXIS2_PLACEMENT_3D('',#3744,#2976,#2977);
#2541=AXIS2_PLACEMENT_3D('',#3747,#2979,#2980);
#2542=AXIS2_PLACEMENT_3D('',#3748,#2981,#2982);
#2543=AXIS2_PLACEMENT_3D('',#3749,#2983,#2984);
#2544=AXIS2_PLACEMENT_3D('',#3751,#2985,#2986);
#2545=AXIS2_PLACEMENT_3D('',#3754,#2988,#2989);
#2546=AXIS2_PLACEMENT_3D('',#3755,#2990,#2991);
#2547=AXIS2_PLACEMENT_3D('',#3756,#2992,#2993);
#2548=AXIS2_PLACEMENT_3D('',#3758,#2994,#2995);
#2549=AXIS2_PLACEMENT_3D('',#3761,#2997,#2998);
#2550=AXIS2_PLACEMENT_3D('',#3762,#2999,#3000);
#2551=AXIS2_PLACEMENT_3D('',#3763,#3001,#3002);
#2552=AXIS2_PLACEMENT_3D('',#3765,#3003,#3004);
#2553=AXIS2_PLACEMENT_3D('',#3768,#3006,#3007);
#2554=AXIS2_PLACEMENT_3D('',#3769,#3008,#3009);
#2555=AXIS2_PLACEMENT_3D('',#3770,#3010,#3011);
#2556=AXIS2_PLACEMENT_3D('',#3772,#3012,#3013);
#2557=AXIS2_PLACEMENT_3D('',#3775,#3015,#3016);
#2558=AXIS2_PLACEMENT_3D('',#3776,#3017,#3018);
#2559=AXIS2_PLACEMENT_3D('',#3777,#3019,#3020);
#2560=AXIS2_PLACEMENT_3D('',#3779,#3021,#3022);
#2561=AXIS2_PLACEMENT_3D('',#3782,#3024,#3025);
#2562=AXIS2_PLACEMENT_3D('',#3783,#3026,#3027);
#2563=AXIS2_PLACEMENT_3D('',#3784,#3028,#3029);
#2564=AXIS2_PLACEMENT_3D('',#3786,#3030,#3031);
#2565=AXIS2_PLACEMENT_3D('',#3789,#3033,#3034);
#2566=AXIS2_PLACEMENT_3D('',#3790,#3035,#3036);
#2567=AXIS2_PLACEMENT_3D('',#3791,#3037,#3038);
#2568=AXIS2_PLACEMENT_3D('',#3793,#3039,#3040);
#2569=AXIS2_PLACEMENT_3D('',#3796,#3042,#3043);
#2570=AXIS2_PLACEMENT_3D('',#3797,#3044,#3045);
#2571=AXIS2_PLACEMENT_3D('',#3798,#3046,#3047);
#2572=AXIS2_PLACEMENT_3D('',#3800,#3048,#3049);
#2573=AXIS2_PLACEMENT_3D('',#3803,#3051,#3052);
#2574=AXIS2_PLACEMENT_3D('',#3804,#3053,#3054);
#2575=AXIS2_PLACEMENT_3D('',#3805,#3055,#3056);
#2576=AXIS2_PLACEMENT_3D('',#3807,#3057,#3058);
#2577=AXIS2_PLACEMENT_3D('',#3810,#3060,#3061);
#2578=AXIS2_PLACEMENT_3D('',#3811,#3062,#3063);
#2579=AXIS2_PLACEMENT_3D('',#3812,#3064,#3065);
#2580=AXIS2_PLACEMENT_3D('',#3814,#3066,#3067);
#2581=AXIS2_PLACEMENT_3D('',#3817,#3069,#3070);
#2582=AXIS2_PLACEMENT_3D('',#3818,#3071,#3072);
#2583=AXIS2_PLACEMENT_3D('',#3819,#3073,#3074);
#2584=AXIS2_PLACEMENT_3D('',#3821,#3075,#3076);
#2585=AXIS2_PLACEMENT_3D('',#3824,#3078,#3079);
#2586=AXIS2_PLACEMENT_3D('',#3825,#3080,#3081);
#2587=AXIS2_PLACEMENT_3D('',#3826,#3082,#3083);
#2588=AXIS2_PLACEMENT_3D('',#3828,#3084,#3085);
#2589=AXIS2_PLACEMENT_3D('',#3831,#3087,#3088);
#2590=AXIS2_PLACEMENT_3D('',#3832,#3089,#3090);
#2591=AXIS2_PLACEMENT_3D('',#3833,#3091,#3092);
#2592=AXIS2_PLACEMENT_3D('',#3835,#3093,#3094);
#2593=AXIS2_PLACEMENT_3D('',#3838,#3096,#3097);
#2594=AXIS2_PLACEMENT_3D('',#3839,#3098,#3099);
#2595=AXIS2_PLACEMENT_3D('',#3840,#3100,#3101);
#2596=AXIS2_PLACEMENT_3D('',#3842,#3102,#3103);
#2597=AXIS2_PLACEMENT_3D('',#3845,#3105,#3106);
#2598=AXIS2_PLACEMENT_3D('',#3846,#3107,#3108);
#2599=AXIS2_PLACEMENT_3D('',#3847,#3109,#3110);
#2600=AXIS2_PLACEMENT_3D('',#3849,#3111,#3112);
#2601=AXIS2_PLACEMENT_3D('',#3852,#3114,#3115);
#2602=AXIS2_PLACEMENT_3D('',#3853,#3116,#3117);
#2603=AXIS2_PLACEMENT_3D('',#3854,#3118,#3119);
#2604=AXIS2_PLACEMENT_3D('',#3856,#3120,#3121);
#2605=AXIS2_PLACEMENT_3D('',#3859,#3123,#3124);
#2606=AXIS2_PLACEMENT_3D('',#3860,#3125,#3126);
#2607=AXIS2_PLACEMENT_3D('',#3861,#3127,#3128);
#2608=AXIS2_PLACEMENT_3D('',#3863,#3129,#3130);
#2609=AXIS2_PLACEMENT_3D('',#3866,#3132,#3133);
#2610=AXIS2_PLACEMENT_3D('',#3867,#3134,#3135);
#2611=AXIS2_PLACEMENT_3D('',#3868,#3136,#3137);
#2612=AXIS2_PLACEMENT_3D('',#3869,#3138,#3139);
#2613=AXIS2_PLACEMENT_3D('',#3871,#3140,#3141);
#2614=AXIS2_PLACEMENT_3D('',#3874,#3143,#3144);
#2615=AXIS2_PLACEMENT_3D('',#3875,#3145,#3146);
#2616=AXIS2_PLACEMENT_3D('',#3876,#3147,#3148);
#2617=AXIS2_PLACEMENT_3D('',#3877,#3149,#3150);
#2618=AXIS2_PLACEMENT_3D('',#3878,#3151,#3152);
#2619=AXIS2_PLACEMENT_3D('',#3879,#3153,#3154);
#2620=AXIS2_PLACEMENT_3D('',#3880,#3155,#3156);
#2621=AXIS2_PLACEMENT_3D('',#3881,#3157,#3158);
#2622=AXIS2_PLACEMENT_3D('',#3883,#3159,#3160);
#2623=AXIS2_PLACEMENT_3D('',#3886,#3162,#3163);
#2624=AXIS2_PLACEMENT_3D('',#3887,#3164,#3165);
#2625=AXIS2_PLACEMENT_3D('',#3889,#3166,#3167);
#2626=AXIS2_PLACEMENT_3D('',#3892,#3169,#3170);
#2627=AXIS2_PLACEMENT_3D('',#3893,#3171,#3172);
#2628=AXIS2_PLACEMENT_3D('',#3895,#3173,#3174);
#2629=AXIS2_PLACEMENT_3D('',#3898,#3176,#3177);
#2630=AXIS2_PLACEMENT_3D('',#3899,#3178,#3179);
#2631=AXIS2_PLACEMENT_3D('',#3901,#3180,#3181);
#2632=AXIS2_PLACEMENT_3D('',#3902,#3182,#3183);
#2633=AXIS2_PLACEMENT_3D('',#3904,#3184,#3185);
#2634=AXIS2_PLACEMENT_3D('',#3907,#3187,#3188);
#2635=AXIS2_PLACEMENT_3D('',#3908,#3189,#3190);
#2636=AXIS2_PLACEMENT_3D('',#3910,#3191,#3192);
#2637=AXIS2_PLACEMENT_3D('',#3911,#3193,#3194);
#2638=AXIS2_PLACEMENT_3D('',#3913,#3195,#3196);
#2639=AXIS2_PLACEMENT_3D('',#3916,#3198,#3199);
#2640=AXIS2_PLACEMENT_3D('',#3917,#3200,#3201);
#2641=AXIS2_PLACEMENT_3D('',#3919,#3202,#3203);
#2642=AXIS2_PLACEMENT_3D('',#3920,#3204,#3205);
#2643=AXIS2_PLACEMENT_3D('',#3922,#3206,#3207);
#2644=AXIS2_PLACEMENT_3D('',#3925,#3209,#3210);
#2645=AXIS2_PLACEMENT_3D('',#3926,#3211,#3212);
#2646=AXIS2_PLACEMENT_3D('',#3928,#3213,#3214);
#2647=AXIS2_PLACEMENT_3D('',#3929,#3215,#3216);
#2648=AXIS2_PLACEMENT_3D('',#3932,#3218,#3219);
#2649=AXIS2_PLACEMENT_3D('',#3933,#3220,#3221);
#2650=AXIS2_PLACEMENT_3D('',#3936,#3223,#3224);
#2651=AXIS2_PLACEMENT_3D('',#3937,#3225,#3226);
#2652=AXIS2_PLACEMENT_3D('',#3940,#3228,#3229);
#2653=AXIS2_PLACEMENT_3D('',#3941,#3230,#3231);
#2654=AXIS2_PLACEMENT_3D('',#3944,#3233,#3234);
#2655=AXIS2_PLACEMENT_3D('',#3945,#3235,#3236);
#2656=AXIS2_PLACEMENT_3D('',#3947,#3237,#3238);
#2657=AXIS2_PLACEMENT_3D('',#3950,#3240,#3241);
#2658=AXIS2_PLACEMENT_3D('',#3951,#3242,#3243);
#2659=AXIS2_PLACEMENT_3D('',#3953,#3244,#3245);
#2660=AXIS2_PLACEMENT_3D('',#3954,#3246,#3247);
#2661=AXIS2_PLACEMENT_3D('',#3956,#3248,#3249);
#2662=AXIS2_PLACEMENT_3D('',#3960,#3251,#3252);
#2663=AXIS2_PLACEMENT_3D('',#3964,#3254,#3255);
#2664=AXIS2_PLACEMENT_3D('',#3967,#3257,#3258);
#2665=AXIS2_PLACEMENT_3D('',#3970,#3260,#3261);
#2666=AXIS2_PLACEMENT_3D('',#3973,#3262,#3263);
#2667=AXIS2_PLACEMENT_3D('',#3977,#3265,#3266);
#2668=AXIS2_PLACEMENT_3D('',#3979,#3268,#3269);
#2669=AXIS2_PLACEMENT_3D('',#3985,#3273,#3274);
#2670=AXIS2_PLACEMENT_3D('',#3989,#3277,#3278);
#2671=AXIS2_PLACEMENT_3D('',#3993,#3281,#3282);
#2672=AXIS2_PLACEMENT_3D('',#3995,#3284,#3285);
#2673=AXIS2_PLACEMENT_3D('',#3996,#3286,#3287);
#2674=AXIS2_PLACEMENT_3D('',#4002,#3291,#3292);
#2675=AXIS2_PLACEMENT_3D('',#4006,#3295,#3296);
#2676=AXIS2_PLACEMENT_3D('',#4010,#3299,#3300);
#2677=AXIS2_PLACEMENT_3D('',#4012,#3302,#3303);
#2678=AXIS2_PLACEMENT_3D('',#4013,#3304,#3305);
#2679=AXIS2_PLACEMENT_3D('',#4014,#3306,#3307);
#2680=AXIS2_PLACEMENT_3D('',#4016,#3308,#3309);
#2681=AXIS2_PLACEMENT_3D('',#4019,#3311,#3312);
#2682=AXIS2_PLACEMENT_3D('',#4020,#3313,#3314);
#2683=AXIS2_PLACEMENT_3D('',#4021,#3315,#3316);
#2684=AXIS2_PLACEMENT_3D('',#4022,#3317,#3318);
#2685=AXIS2_PLACEMENT_3D('',#4023,#3319,#3320);
#2686=AXIS2_PLACEMENT_3D('',#4024,#3321,#3322);
#2687=AXIS2_PLACEMENT_3D('',#4039,#3330,#3331);
#2688=AXIS2_PLACEMENT_3D('',#4049,#3337,#3338);
#2689=AXIS2_PLACEMENT_3D('',#4093,#3342,#3343);
#2690=AXIS2_PLACEMENT_3D('',#4103,#3344,#3345);
#2691=AXIS2_PLACEMENT_3D('',#4104,#3346,#3347);
#2692=AXIS2_PLACEMENT_3D('',#4152,#3353,#3354);
#2693=AXIS2_PLACEMENT_3D('',#4157,#3355,#3356);
#2694=AXIS2_PLACEMENT_3D('',#4158,#3357,#3358);
#2695=AXIS2_PLACEMENT_3D('',#4200,#3361,#3362);
#2696=AXIS2_PLACEMENT_3D('',#4202,#3363,#3364);
#2697=AXIS2_PLACEMENT_3D('',#4203,#3365,#3366);
#2698=AXIS2_PLACEMENT_3D('',#4208,#3367,#3368);
#2699=AXIS2_PLACEMENT_3D('',#4215,#3373,#3374);
#2700=AXIS2_PLACEMENT_3D('',#4219,#3377,#3378);
#2701=AXIS2_PLACEMENT_3D('',#4221,#3380,#3381);
#2702=AXIS2_PLACEMENT_3D('',#4223,#3382,#3383);
#2703=AXIS2_PLACEMENT_3D('',#4225,#3384,#3385);
#2704=AXIS2_PLACEMENT_3D('',#4228,#3387,#3388);
#2705=AXIS2_PLACEMENT_3D('',#4230,#3389,#3390);
#2706=AXIS2_PLACEMENT_3D('',#4232,#3391,#3392);
#2707=AXIS2_PLACEMENT_3D('',#4234,#3393,#3394);
#2708=AXIS2_PLACEMENT_3D('',#4236,#3395,#3396);
#2709=AXIS2_PLACEMENT_3D('',#4237,#3397,#3398);
#2710=AXIS2_PLACEMENT_3D('',#4278,#3399,#3400);
#2711=AXIS2_PLACEMENT_3D('',#4315,#3401,#3402);
#2712=AXIS2_PLACEMENT_3D('',#4318,#3403,#3404);
#2713=AXIS2_PLACEMENT_3D('',#4326,#3408,#3409);
#2714=AXIS2_PLACEMENT_3D('',#4332,#3413,#3414);
#2715=AXIS2_PLACEMENT_3D('',#4335,#3415,#3416);
#2716=AXIS2_PLACEMENT_3D('',#4340,#3419,#3420);
#2717=AXIS2_PLACEMENT_3D('',#4344,#3422,#3423);
#2718=AXIS2_PLACEMENT_3D('',#4348,#3425,#3426);
#2719=AXIS2_PLACEMENT_3D('',#4351,#3428,#3429);
#2720=AXIS2_PLACEMENT_3D('',#4353,#3430,#3431);
#2721=AXIS2_PLACEMENT_3D('',#4358,#3434,#3435);
#2722=AXIS2_PLACEMENT_3D('',#4362,#3437,#3438);
#2723=AXIS2_PLACEMENT_3D('',#4364,#3440,#3441);
#2724=AXIS2_PLACEMENT_3D('',#4373,#3447,#3448);
#2725=AXIS2_PLACEMENT_3D('',#4377,#3451,#3452);
#2726=AXIS2_PLACEMENT_3D('',#4379,#3454,#3455);
#2727=AXIS2_PLACEMENT_3D('',#4388,#3461,#3462);
#2728=AXIS2_PLACEMENT_3D('',#4392,#3465,#3466);
#2729=AXIS2_PLACEMENT_3D('',#4394,#3468,#3469);
#2730=AXIS2_PLACEMENT_3D('',#4395,#3470,#3471);
#2731=AXIS2_PLACEMENT_3D('',#4396,#3472,#3473);
#2732=AXIS2_PLACEMENT_3D('',#4399,#3475,#3476);
#2733=AXIS2_PLACEMENT_3D('',#4400,#3477,#3478);
#2734=AXIS2_PLACEMENT_3D('',#4404,#3481,#3482);
#2735=AXIS2_PLACEMENT_3D('',#4405,#3483,#3484);
#2736=AXIS2_PLACEMENT_3D('',#4406,#3485,#3486);
#2737=AXIS2_PLACEMENT_3D('',#4407,#3487,#3488);
#2738=AXIS2_PLACEMENT_3D('',#4410,#3490,#3491);
#2739=AXIS2_PLACEMENT_3D('',#4411,#3492,#3493);
#2740=AXIS2_PLACEMENT_3D('',#4415,#3496,#3497);
#2741=AXIS2_PLACEMENT_3D('',#4416,#3498,#3499);
#2742=AXIS2_PLACEMENT_3D('',#4417,#3500,#3501);
#2743=AXIS2_PLACEMENT_3D('',#4418,#3502,#3503);
#2744=AXIS2_PLACEMENT_3D('',#4419,#3504,#3505);
#2745=AXIS2_PLACEMENT_3D('',#4420,#3506,#3507);
#2746=AXIS2_PLACEMENT_3D('',#4421,#3508,#3509);
#2747=AXIS2_PLACEMENT_3D('',#4422,#3510,#3511);
#2748=DIRECTION('axis',(0.,0.,1.));
#2749=DIRECTION('refdir',(1.,0.,0.));
#2750=DIRECTION('axis',(0.,0.,1.));
#2751=DIRECTION('refdir',(1.,0.,0.));
#2752=DIRECTION('center_axis',(0.,0.,-1.));
#2753=DIRECTION('ref_axis',(-1.,0.,0.));
#2754=DIRECTION('center_axis',(0.,0.,-1.));
#2755=DIRECTION('ref_axis',(1.,0.,0.));
#2756=DIRECTION('',(-0.707106781186548,8.65956056235493E-17,0.707106781186548));
#2757=DIRECTION('center_axis',(0.,0.,1.));
#2758=DIRECTION('ref_axis',(1.,0.,0.));
#2759=DIRECTION('center_axis',(0.,0.,1.));
#2760=DIRECTION('ref_axis',(1.,0.,0.));
#2761=DIRECTION('center_axis',(0.,0.,1.));
#2762=DIRECTION('ref_axis',(1.,0.,0.));
#2763=DIRECTION('center_axis',(0.,0.,1.));
#2764=DIRECTION('ref_axis',(1.,0.,0.));
#2765=DIRECTION('',(0.707106781186543,8.65956056235487E-17,-0.707106781186552));
#2766=DIRECTION('center_axis',(0.,0.,-1.));
#2767=DIRECTION('ref_axis',(1.,0.,0.));
#2768=DIRECTION('center_axis',(0.,0.,1.));
#2769=DIRECTION('ref_axis',(1.,0.,0.));
#2770=DIRECTION('center_axis',(0.,0.,1.));
#2771=DIRECTION('ref_axis',(1.,0.,0.));
#2772=DIRECTION('',(0.,0.,1.));
#2773=DIRECTION('center_axis',(0.,0.,1.));
#2774=DIRECTION('ref_axis',(1.,0.,0.));
#2775=DIRECTION('center_axis',(0.,0.,1.));
#2776=DIRECTION('ref_axis',(1.,0.,0.));
#2777=DIRECTION('center_axis',(0.,0.,1.));
#2778=DIRECTION('ref_axis',(1.,0.,0.));
#2779=DIRECTION('',(0.,0.,1.));
#2780=DIRECTION('center_axis',(0.,0.,1.));
#2781=DIRECTION('ref_axis',(1.,0.,0.));
#2782=DIRECTION('center_axis',(0.,0.,1.));
#2783=DIRECTION('ref_axis',(1.,0.,0.));
#2784=DIRECTION('center_axis',(0.,0.,1.));
#2785=DIRECTION('ref_axis',(1.,0.,0.));
#2786=DIRECTION('',(0.,0.,1.));
#2787=DIRECTION('center_axis',(0.,0.,1.));
#2788=DIRECTION('ref_axis',(1.,0.,0.));
#2789=DIRECTION('center_axis',(0.,0.,1.));
#2790=DIRECTION('ref_axis',(1.,0.,0.));
#2791=DIRECTION('center_axis',(0.,0.,1.));
#2792=DIRECTION('ref_axis',(1.,0.,0.));
#2793=DIRECTION('',(0.,0.,1.));
#2794=DIRECTION('center_axis',(0.,0.,1.));
#2795=DIRECTION('ref_axis',(1.,0.,0.));
#2796=DIRECTION('center_axis',(0.,0.,1.));
#2797=DIRECTION('ref_axis',(1.,0.,0.));
#2798=DIRECTION('center_axis',(0.,0.,1.));
#2799=DIRECTION('ref_axis',(1.,0.,0.));
#2800=DIRECTION('',(0.,0.,1.));
#2801=DIRECTION('center_axis',(0.,0.,1.));
#2802=DIRECTION('ref_axis',(1.,0.,0.));
#2803=DIRECTION('center_axis',(0.,0.,1.));
#2804=DIRECTION('ref_axis',(1.,0.,0.));
#2805=DIRECTION('center_axis',(0.,0.,1.));
#2806=DIRECTION('ref_axis',(1.,0.,0.));
#2807=DIRECTION('',(0.,0.,1.));
#2808=DIRECTION('center_axis',(0.,0.,1.));
#2809=DIRECTION('ref_axis',(1.,0.,0.));
#2810=DIRECTION('center_axis',(0.,0.,1.));
#2811=DIRECTION('ref_axis',(1.,0.,0.));
#2812=DIRECTION('center_axis',(0.,0.,1.));
#2813=DIRECTION('ref_axis',(1.,0.,0.));
#2814=DIRECTION('',(0.,0.,1.));
#2815=DIRECTION('center_axis',(0.,0.,1.));
#2816=DIRECTION('ref_axis',(1.,0.,0.));
#2817=DIRECTION('center_axis',(0.,0.,1.));
#2818=DIRECTION('ref_axis',(1.,0.,0.));
#2819=DIRECTION('center_axis',(0.,0.,1.));
#2820=DIRECTION('ref_axis',(1.,0.,0.));
#2821=DIRECTION('',(0.,0.,1.));
#2822=DIRECTION('center_axis',(0.,0.,1.));
#2823=DIRECTION('ref_axis',(1.,0.,0.));
#2824=DIRECTION('center_axis',(0.,0.,1.));
#2825=DIRECTION('ref_axis',(1.,0.,0.));
#2826=DIRECTION('center_axis',(0.,0.,1.));
#2827=DIRECTION('ref_axis',(1.,0.,0.));
#2828=DIRECTION('',(0.,0.,1.));
#2829=DIRECTION('center_axis',(0.,0.,1.));
#2830=DIRECTION('ref_axis',(1.,0.,0.));
#2831=DIRECTION('center_axis',(0.,0.,1.));
#2832=DIRECTION('ref_axis',(1.,0.,0.));
#2833=DIRECTION('center_axis',(0.,0.,1.));
#2834=DIRECTION('ref_axis',(1.,0.,0.));
#2835=DIRECTION('',(0.,0.,1.));
#2836=DIRECTION('center_axis',(0.,0.,1.));
#2837=DIRECTION('ref_axis',(1.,0.,0.));
#2838=DIRECTION('center_axis',(0.,0.,1.));
#2839=DIRECTION('ref_axis',(1.,0.,0.));
#2840=DIRECTION('center_axis',(0.,0.,1.));
#2841=DIRECTION('ref_axis',(1.,0.,0.));
#2842=DIRECTION('',(0.,0.,1.));
#2843=DIRECTION('center_axis',(0.,0.,1.));
#2844=DIRECTION('ref_axis',(1.,0.,0.));
#2845=DIRECTION('center_axis',(0.,0.,1.));
#2846=DIRECTION('ref_axis',(1.,0.,0.));
#2847=DIRECTION('center_axis',(0.,0.,1.));
#2848=DIRECTION('ref_axis',(1.,0.,0.));
#2849=DIRECTION('',(0.,0.,1.));
#2850=DIRECTION('center_axis',(0.,0.,1.));
#2851=DIRECTION('ref_axis',(1.,0.,0.));
#2852=DIRECTION('center_axis',(0.,0.,1.));
#2853=DIRECTION('ref_axis',(1.,0.,0.));
#2854=DIRECTION('center_axis',(0.,0.,1.));
#2855=DIRECTION('ref_axis',(1.,0.,0.));
#2856=DIRECTION('',(0.,0.,1.));
#2857=DIRECTION('center_axis',(0.,0.,1.));
#2858=DIRECTION('ref_axis',(1.,0.,0.));
#2859=DIRECTION('center_axis',(0.,0.,1.));
#2860=DIRECTION('ref_axis',(1.,0.,0.));
#2861=DIRECTION('center_axis',(0.,0.,1.));
#2862=DIRECTION('ref_axis',(1.,0.,0.));
#2863=DIRECTION('',(0.,0.,1.));
#2864=DIRECTION('center_axis',(0.,0.,1.));
#2865=DIRECTION('ref_axis',(1.,0.,0.));
#2866=DIRECTION('center_axis',(0.,0.,1.));
#2867=DIRECTION('ref_axis',(1.,0.,0.));
#2868=DIRECTION('center_axis',(0.,0.,1.));
#2869=DIRECTION('ref_axis',(1.,0.,0.));
#2870=DIRECTION('',(0.,0.,1.));
#2871=DIRECTION('center_axis',(0.,0.,1.));
#2872=DIRECTION('ref_axis',(1.,0.,0.));
#2873=DIRECTION('center_axis',(0.,0.,1.));
#2874=DIRECTION('ref_axis',(1.,0.,0.));
#2875=DIRECTION('center_axis',(0.,0.,1.));
#2876=DIRECTION('ref_axis',(1.,0.,0.));
#2877=DIRECTION('',(0.,0.,1.));
#2878=DIRECTION('center_axis',(0.,0.,1.));
#2879=DIRECTION('ref_axis',(1.,0.,0.));
#2880=DIRECTION('center_axis',(0.,0.,1.));
#2881=DIRECTION('ref_axis',(1.,0.,0.));
#2882=DIRECTION('center_axis',(0.,0.,1.));
#2883=DIRECTION('ref_axis',(1.,0.,0.));
#2884=DIRECTION('',(0.,0.,1.));
#2885=DIRECTION('center_axis',(0.,0.,1.));
#2886=DIRECTION('ref_axis',(1.,0.,0.));
#2887=DIRECTION('center_axis',(0.,0.,1.));
#2888=DIRECTION('ref_axis',(1.,0.,0.));
#2889=DIRECTION('center_axis',(0.,0.,1.));
#2890=DIRECTION('ref_axis',(1.,0.,0.));
#2891=DIRECTION('',(0.,0.,1.));
#2892=DIRECTION('center_axis',(0.,0.,1.));
#2893=DIRECTION('ref_axis',(1.,0.,0.));
#2894=DIRECTION('center_axis',(0.,0.,1.));
#2895=DIRECTION('ref_axis',(1.,0.,0.));
#2896=DIRECTION('center_axis',(0.,0.,1.));
#2897=DIRECTION('ref_axis',(1.,0.,0.));
#2898=DIRECTION('',(0.,0.,1.));
#2899=DIRECTION('center_axis',(0.,0.,1.));
#2900=DIRECTION('ref_axis',(1.,0.,0.));
#2901=DIRECTION('center_axis',(0.,0.,-1.));
#2902=DIRECTION('ref_axis',(-1.,0.,0.));
#2903=DIRECTION('',(0.,0.,1.));
#2904=DIRECTION('center_axis',(0.,0.,1.));
#2905=DIRECTION('ref_axis',(1.,0.,0.));
#2906=DIRECTION('center_axis',(0.,0.,1.));
#2907=DIRECTION('ref_axis',(1.,0.,0.));
#2908=DIRECTION('center_axis',(0.,0.,-1.));
#2909=DIRECTION('ref_axis',(-1.,0.,0.));
#2910=DIRECTION('center_axis',(0.,0.,-1.));
#2911=DIRECTION('ref_axis',(-1.,0.,0.));
#2912=DIRECTION('center_axis',(0.,0.,-1.));
#2913=DIRECTION('ref_axis',(-1.,0.,0.));
#2914=DIRECTION('center_axis',(0.,0.,-1.));
#2915=DIRECTION('ref_axis',(-1.,0.,0.));
#2916=DIRECTION('axis',(0.,0.,1.));
#2917=DIRECTION('refdir',(1.,0.,0.));
#2918=DIRECTION('axis',(0.,0.,1.));
#2919=DIRECTION('refdir',(1.,0.,0.));
#2920=DIRECTION('center_axis',(1.,0.,0.));
#2921=DIRECTION('ref_axis',(0.,0.,-1.));
#2922=DIRECTION('center_axis',(1.,0.,0.));
#2923=DIRECTION('ref_axis',(0.,0.,-1.));
#2924=DIRECTION('',(-1.,0.,0.));
#2925=DIRECTION('',(-1.,0.,0.));
#2926=DIRECTION('',(1.,0.,0.));
#2927=DIRECTION('center_axis',(1.,0.,0.));
#2928=DIRECTION('ref_axis',(0.,0.,-1.));
#2929=DIRECTION('center_axis',(0.,0.,1.));
#2930=DIRECTION('ref_axis',(1.,0.,0.));
#2931=DIRECTION('center_axis',(0.,0.,1.));
#2932=DIRECTION('ref_axis',(1.,0.,0.));
#2933=DIRECTION('',(0.,0.,-1.));
#2934=DIRECTION('center_axis',(0.,0.,-1.));
#2935=DIRECTION('ref_axis',(1.,0.,0.));
#2936=DIRECTION('center_axis',(0.,0.,-1.));
#2937=DIRECTION('ref_axis',(1.,0.,0.));
#2938=DIRECTION('center_axis',(0.,0.,-1.));
#2939=DIRECTION('ref_axis',(1.,0.,0.));
#2940=DIRECTION('center_axis',(0.,0.,-1.));
#2941=DIRECTION('ref_axis',(1.,0.,0.));
#2942=DIRECTION('',(0.,0.,1.));
#2943=DIRECTION('center_axis',(0.,0.,1.));
#2944=DIRECTION('ref_axis',(1.,0.,0.));
#2945=DIRECTION('center_axis',(0.,0.,1.));
#2946=DIRECTION('ref_axis',(1.,0.,0.));
#2947=DIRECTION('center_axis',(0.,0.,-1.));
#2948=DIRECTION('ref_axis',(1.,0.,0.));
#2949=DIRECTION('center_axis',(0.,0.,-1.));
#2950=DIRECTION('ref_axis',(1.,0.,0.));
#2951=DIRECTION('',(0.,0.,1.));
#2952=DIRECTION('center_axis',(0.,0.,1.));
#2953=DIRECTION('ref_axis',(1.,0.,0.));
#2954=DIRECTION('center_axis',(0.,0.,1.));
#2955=DIRECTION('ref_axis',(1.,0.,0.));
#2956=DIRECTION('center_axis',(0.,0.,-1.));
#2957=DIRECTION('ref_axis',(1.,0.,0.));
#2958=DIRECTION('center_axis',(0.,0.,-1.));
#2959=DIRECTION('ref_axis',(1.,0.,0.));
#2960=DIRECTION('',(0.,0.,1.));
#2961=DIRECTION('center_axis',(0.,0.,1.));
#2962=DIRECTION('ref_axis',(1.,0.,0.));
#2963=DIRECTION('center_axis',(0.,0.,1.));
#2964=DIRECTION('ref_axis',(1.,0.,0.));
#2965=DIRECTION('center_axis',(0.,0.,-1.));
#2966=DIRECTION('ref_axis',(1.,0.,0.));
#2967=DIRECTION('center_axis',(0.,0.,-1.));
#2968=DIRECTION('ref_axis',(1.,0.,0.));
#2969=DIRECTION('',(0.,0.,1.));
#2970=DIRECTION('center_axis',(0.,0.,1.));
#2971=DIRECTION('ref_axis',(1.,0.,0.));
#2972=DIRECTION('center_axis',(0.,0.,1.));
#2973=DIRECTION('ref_axis',(1.,0.,0.));
#2974=DIRECTION('center_axis',(0.,0.,-1.));
#2975=DIRECTION('ref_axis',(1.,0.,0.));
#2976=DIRECTION('center_axis',(0.,0.,-1.));
#2977=DIRECTION('ref_axis',(1.,0.,0.));
#2978=DIRECTION('',(0.,0.,1.));
#2979=DIRECTION('center_axis',(0.,0.,1.));
#2980=DIRECTION('ref_axis',(1.,0.,0.));
#2981=DIRECTION('center_axis',(0.,0.,1.));
#2982=DIRECTION('ref_axis',(1.,0.,0.));
#2983=DIRECTION('center_axis',(0.,0.,-1.));
#2984=DIRECTION('ref_axis',(1.,0.,0.));
#2985=DIRECTION('center_axis',(0.,0.,-1.));
#2986=DIRECTION('ref_axis',(1.,0.,0.));
#2987=DIRECTION('',(0.,0.,1.));
#2988=DIRECTION('center_axis',(0.,0.,1.));
#2989=DIRECTION('ref_axis',(1.,0.,0.));
#2990=DIRECTION('center_axis',(0.,0.,1.));
#2991=DIRECTION('ref_axis',(1.,0.,0.));
#2992=DIRECTION('center_axis',(0.,0.,1.));
#2993=DIRECTION('ref_axis',(1.,0.,0.));
#2994=DIRECTION('center_axis',(0.,0.,1.));
#2995=DIRECTION('ref_axis',(1.,0.,0.));
#2996=DIRECTION('',(0.,0.,1.));
#2997=DIRECTION('center_axis',(0.,0.,1.));
#2998=DIRECTION('ref_axis',(1.,0.,0.));
#2999=DIRECTION('center_axis',(0.,0.,1.));
#3000=DIRECTION('ref_axis',(1.,0.,0.));
#3001=DIRECTION('center_axis',(0.,0.,1.));
#3002=DIRECTION('ref_axis',(1.,0.,0.));
#3003=DIRECTION('center_axis',(0.,0.,1.));
#3004=DIRECTION('ref_axis',(1.,0.,0.));
#3005=DIRECTION('',(0.,0.,1.));
#3006=DIRECTION('center_axis',(0.,0.,1.));
#3007=DIRECTION('ref_axis',(1.,0.,0.));
#3008=DIRECTION('center_axis',(0.,0.,1.));
#3009=DIRECTION('ref_axis',(1.,0.,0.));
#3010=DIRECTION('center_axis',(0.,0.,-1.));
#3011=DIRECTION('ref_axis',(1.,0.,0.));
#3012=DIRECTION('center_axis',(0.,0.,-1.));
#3013=DIRECTION('ref_axis',(1.,0.,0.));
#3014=DIRECTION('',(0.,0.,-1.));
#3015=DIRECTION('center_axis',(0.,0.,-1.));
#3016=DIRECTION('ref_axis',(1.,0.,0.));
#3017=DIRECTION('center_axis',(0.,0.,1.));
#3018=DIRECTION('ref_axis',(1.,0.,0.));
#3019=DIRECTION('center_axis',(0.,0.,-1.));
#3020=DIRECTION('ref_axis',(1.,0.,0.));
#3021=DIRECTION('center_axis',(0.,0.,-1.));
#3022=DIRECTION('ref_axis',(1.,0.,0.));
#3023=DIRECTION('',(0.,0.,-1.));
#3024=DIRECTION('center_axis',(0.,0.,-1.));
#3025=DIRECTION('ref_axis',(1.,0.,0.));
#3026=DIRECTION('center_axis',(0.,0.,1.));
#3027=DIRECTION('ref_axis',(1.,0.,0.));
#3028=DIRECTION('center_axis',(0.,0.,-1.));
#3029=DIRECTION('ref_axis',(1.,0.,0.));
#3030=DIRECTION('center_axis',(0.,0.,-1.));
#3031=DIRECTION('ref_axis',(1.,0.,0.));
#3032=DIRECTION('',(0.,0.,-1.));
#3033=DIRECTION('center_axis',(0.,0.,-1.));
#3034=DIRECTION('ref_axis',(1.,0.,0.));
#3035=DIRECTION('center_axis',(0.,0.,1.));
#3036=DIRECTION('ref_axis',(1.,0.,0.));
#3037=DIRECTION('center_axis',(0.,0.,-1.));
#3038=DIRECTION('ref_axis',(1.,0.,0.));
#3039=DIRECTION('center_axis',(0.,0.,-1.));
#3040=DIRECTION('ref_axis',(1.,0.,0.));
#3041=DIRECTION('',(0.,0.,-1.));
#3042=DIRECTION('center_axis',(0.,0.,-1.));
#3043=DIRECTION('ref_axis',(1.,0.,0.));
#3044=DIRECTION('center_axis',(0.,0.,1.));
#3045=DIRECTION('ref_axis',(1.,0.,0.));
#3046=DIRECTION('center_axis',(0.,0.,-1.));
#3047=DIRECTION('ref_axis',(1.,0.,0.));
#3048=DIRECTION('center_axis',(0.,0.,-1.));
#3049=DIRECTION('ref_axis',(1.,0.,0.));
#3050=DIRECTION('',(0.,0.,-1.));
#3051=DIRECTION('center_axis',(0.,0.,-1.));
#3052=DIRECTION('ref_axis',(1.,0.,0.));
#3053=DIRECTION('center_axis',(0.,0.,1.));
#3054=DIRECTION('ref_axis',(1.,0.,0.));
#3055=DIRECTION('center_axis',(0.,0.,-1.));
#3056=DIRECTION('ref_axis',(1.,0.,0.));
#3057=DIRECTION('center_axis',(0.,0.,-1.));
#3058=DIRECTION('ref_axis',(1.,0.,0.));
#3059=DIRECTION('',(0.,0.,-1.));
#3060=DIRECTION('center_axis',(0.,0.,-1.));
#3061=DIRECTION('ref_axis',(1.,0.,0.));
#3062=DIRECTION('center_axis',(0.,0.,1.));
#3063=DIRECTION('ref_axis',(1.,0.,0.));
#3064=DIRECTION('center_axis',(0.,0.,-1.));
#3065=DIRECTION('ref_axis',(1.,0.,0.));
#3066=DIRECTION('center_axis',(0.,0.,-1.));
#3067=DIRECTION('ref_axis',(1.,0.,0.));
#3068=DIRECTION('',(0.,0.,-1.));
#3069=DIRECTION('center_axis',(0.,0.,-1.));
#3070=DIRECTION('ref_axis',(1.,0.,0.));
#3071=DIRECTION('center_axis',(0.,0.,1.));
#3072=DIRECTION('ref_axis',(1.,0.,0.));
#3073=DIRECTION('center_axis',(0.,0.,-1.));
#3074=DIRECTION('ref_axis',(1.,0.,0.));
#3075=DIRECTION('center_axis',(0.,0.,-1.));
#3076=DIRECTION('ref_axis',(1.,0.,0.));
#3077=DIRECTION('',(0.,0.,-1.));
#3078=DIRECTION('center_axis',(0.,0.,-1.));
#3079=DIRECTION('ref_axis',(1.,0.,0.));
#3080=DIRECTION('center_axis',(0.,0.,1.));
#3081=DIRECTION('ref_axis',(1.,0.,0.));
#3082=DIRECTION('center_axis',(0.,0.,-1.));
#3083=DIRECTION('ref_axis',(1.,0.,0.));
#3084=DIRECTION('center_axis',(0.,0.,-1.));
#3085=DIRECTION('ref_axis',(1.,0.,0.));
#3086=DIRECTION('',(0.,0.,-1.));
#3087=DIRECTION('center_axis',(0.,0.,-1.));
#3088=DIRECTION('ref_axis',(1.,0.,0.));
#3089=DIRECTION('center_axis',(0.,0.,1.));
#3090=DIRECTION('ref_axis',(1.,0.,0.));
#3091=DIRECTION('center_axis',(0.,0.,-1.));
#3092=DIRECTION('ref_axis',(1.,0.,0.));
#3093=DIRECTION('center_axis',(0.,0.,-1.));
#3094=DIRECTION('ref_axis',(1.,0.,0.));
#3095=DIRECTION('',(0.,0.,-1.));
#3096=DIRECTION('center_axis',(0.,0.,-1.));
#3097=DIRECTION('ref_axis',(1.,0.,0.));
#3098=DIRECTION('center_axis',(0.,0.,1.));
#3099=DIRECTION('ref_axis',(1.,0.,0.));
#3100=DIRECTION('center_axis',(0.,0.,-1.));
#3101=DIRECTION('ref_axis',(1.,0.,0.));
#3102=DIRECTION('center_axis',(0.,0.,-1.));
#3103=DIRECTION('ref_axis',(1.,0.,0.));
#3104=DIRECTION('',(0.,0.,-1.));
#3105=DIRECTION('center_axis',(0.,0.,-1.));
#3106=DIRECTION('ref_axis',(1.,0.,0.));
#3107=DIRECTION('center_axis',(0.,0.,1.));
#3108=DIRECTION('ref_axis',(1.,0.,0.));
#3109=DIRECTION('center_axis',(0.,0.,-1.));
#3110=DIRECTION('ref_axis',(1.,0.,0.));
#3111=DIRECTION('center_axis',(0.,0.,-1.));
#3112=DIRECTION('ref_axis',(1.,0.,0.));
#3113=DIRECTION('',(0.,0.,-1.));
#3114=DIRECTION('center_axis',(0.,0.,-1.));
#3115=DIRECTION('ref_axis',(1.,0.,0.));
#3116=DIRECTION('center_axis',(0.,0.,1.));
#3117=DIRECTION('ref_axis',(1.,0.,0.));
#3118=DIRECTION('center_axis',(0.,0.,-1.));
#3119=DIRECTION('ref_axis',(1.,0.,0.));
#3120=DIRECTION('center_axis',(0.,0.,-1.));
#3121=DIRECTION('ref_axis',(1.,0.,0.));
#3122=DIRECTION('',(0.,0.,-1.));
#3123=DIRECTION('center_axis',(0.,0.,-1.));
#3124=DIRECTION('ref_axis',(1.,0.,0.));
#3125=DIRECTION('center_axis',(0.,0.,1.));
#3126=DIRECTION('ref_axis',(1.,0.,0.));
#3127=DIRECTION('center_axis',(0.,0.,-1.));
#3128=DIRECTION('ref_axis',(1.,0.,0.));
#3129=DIRECTION('center_axis',(0.,0.,-1.));
#3130=DIRECTION('ref_axis',(1.,0.,0.));
#3131=DIRECTION('',(0.,0.,-1.));
#3132=DIRECTION('center_axis',(0.,0.,-1.));
#3133=DIRECTION('ref_axis',(1.,0.,0.));
#3134=DIRECTION('center_axis',(0.,0.,1.));
#3135=DIRECTION('ref_axis',(1.,0.,0.));
#3136=DIRECTION('center_axis',(0.,0.,1.));
#3137=DIRECTION('ref_axis',(1.,0.,0.));
#3138=DIRECTION('center_axis',(0.,0.,1.));
#3139=DIRECTION('ref_axis',(1.,0.,0.));
#3140=DIRECTION('center_axis',(0.,0.,1.));
#3141=DIRECTION('ref_axis',(1.,0.,0.));
#3142=DIRECTION('',(0.,0.,-1.));
#3143=DIRECTION('center_axis',(0.,0.,1.));
#3144=DIRECTION('ref_axis',(1.,0.,0.));
#3145=DIRECTION('center_axis',(0.,0.,1.));
#3146=DIRECTION('ref_axis',(1.,0.,0.));
#3147=DIRECTION('center_axis',(0.,0.,1.));
#3148=DIRECTION('ref_axis',(1.,0.,0.));
#3149=DIRECTION('center_axis',(0.,0.,1.));
#3150=DIRECTION('ref_axis',(1.,0.,0.));
#3151=DIRECTION('',(0.,0.,1.));
#3152=DIRECTION('',(1.,0.,0.));
#3153=DIRECTION('axis',(0.,0.,1.));
#3154=DIRECTION('refdir',(1.,0.,0.));
#3155=DIRECTION('axis',(0.,0.,1.));
#3156=DIRECTION('refdir',(1.,0.,0.));
#3157=DIRECTION('center_axis',(0.,0.,-1.));
#3158=DIRECTION('ref_axis',(1.,0.,0.));
#3159=DIRECTION('center_axis',(0.,0.,-1.));
#3160=DIRECTION('ref_axis',(1.,0.,0.));
#3161=DIRECTION('',(0.,0.,-1.));
#3162=DIRECTION('center_axis',(0.,0.,1.));
#3163=DIRECTION('ref_axis',(1.,0.,0.));
#3164=DIRECTION('center_axis',(0.,0.,-1.));
#3165=DIRECTION('ref_axis',(1.,0.,0.));
#3166=DIRECTION('center_axis',(0.,0.,-1.));
#3167=DIRECTION('ref_axis',(1.,0.,0.));
#3168=DIRECTION('',(0.,0.,-1.));
#3169=DIRECTION('center_axis',(0.,0.,1.));
#3170=DIRECTION('ref_axis',(1.,0.,0.));
#3171=DIRECTION('center_axis',(0.,0.,-1.));
#3172=DIRECTION('ref_axis',(1.,0.,0.));
#3173=DIRECTION('center_axis',(0.,0.,-1.));
#3174=DIRECTION('ref_axis',(1.,0.,0.));
#3175=DIRECTION('',(0.,0.,-1.));
#3176=DIRECTION('center_axis',(0.,0.,-1.));
#3177=DIRECTION('ref_axis',(1.,0.,0.));
#3178=DIRECTION('center_axis',(0.,0.,1.));
#3179=DIRECTION('ref_axis',(1.,0.,0.));
#3180=DIRECTION('center_axis',(0.,0.,1.));
#3181=DIRECTION('ref_axis',(1.,0.,0.));
#3182=DIRECTION('center_axis',(0.,0.,-1.));
#3183=DIRECTION('ref_axis',(1.,0.,0.));
#3184=DIRECTION('center_axis',(0.,0.,-1.));
#3185=DIRECTION('ref_axis',(1.,0.,0.));
#3186=DIRECTION('',(0.,0.,-1.));
#3187=DIRECTION('center_axis',(0.,0.,-1.));
#3188=DIRECTION('ref_axis',(1.,0.,0.));
#3189=DIRECTION('center_axis',(0.,0.,1.));
#3190=DIRECTION('ref_axis',(1.,0.,0.));
#3191=DIRECTION('center_axis',(0.,0.,1.));
#3192=DIRECTION('ref_axis',(1.,0.,0.));
#3193=DIRECTION('center_axis',(0.,0.,-1.));
#3194=DIRECTION('ref_axis',(1.,0.,0.));
#3195=DIRECTION('center_axis',(0.,0.,-1.));
#3196=DIRECTION('ref_axis',(1.,0.,0.));
#3197=DIRECTION('',(0.,0.,-1.));
#3198=DIRECTION('center_axis',(0.,0.,-1.));
#3199=DIRECTION('ref_axis',(1.,0.,0.));
#3200=DIRECTION('center_axis',(0.,0.,1.));
#3201=DIRECTION('ref_axis',(1.,0.,0.));
#3202=DIRECTION('center_axis',(0.,0.,1.));
#3203=DIRECTION('ref_axis',(1.,0.,0.));
#3204=DIRECTION('center_axis',(0.,0.,-1.));
#3205=DIRECTION('ref_axis',(1.,0.,0.));
#3206=DIRECTION('center_axis',(0.,0.,-1.));
#3207=DIRECTION('ref_axis',(1.,0.,0.));
#3208=DIRECTION('',(0.,0.,-1.));
#3209=DIRECTION('center_axis',(0.,0.,-1.));
#3210=DIRECTION('ref_axis',(1.,0.,0.));
#3211=DIRECTION('center_axis',(0.,0.,1.));
#3212=DIRECTION('ref_axis',(1.,0.,0.));
#3213=DIRECTION('center_axis',(0.,0.,1.));
#3214=DIRECTION('ref_axis',(1.,0.,0.));
#3215=DIRECTION('center_axis',(0.,0.,-1.));
#3216=DIRECTION('ref_axis',(1.,0.,0.));
#3217=DIRECTION('',(0.,0.,-1.));
#3218=DIRECTION('center_axis',(0.,0.,1.));
#3219=DIRECTION('ref_axis',(1.,0.,0.));
#3220=DIRECTION('center_axis',(0.,0.,-1.));
#3221=DIRECTION('ref_axis',(1.,0.,0.));
#3222=DIRECTION('',(0.,0.,-1.));
#3223=DIRECTION('center_axis',(0.,0.,1.));
#3224=DIRECTION('ref_axis',(1.,0.,0.));
#3225=DIRECTION('center_axis',(0.,0.,-1.));
#3226=DIRECTION('ref_axis',(1.,0.,0.));
#3227=DIRECTION('',(0.,0.,-1.));
#3228=DIRECTION('center_axis',(0.,0.,1.));
#3229=DIRECTION('ref_axis',(1.,0.,0.));
#3230=DIRECTION('center_axis',(0.,0.,-1.));
#3231=DIRECTION('ref_axis',(1.,0.,0.));
#3232=DIRECTION('',(0.,0.,-1.));
#3233=DIRECTION('center_axis',(0.,0.,1.));
#3234=DIRECTION('ref_axis',(1.,0.,0.));
#3235=DIRECTION('center_axis',(0.,0.,1.));
#3236=DIRECTION('ref_axis',(1.,0.,0.));
#3237=DIRECTION('center_axis',(0.,0.,1.));
#3238=DIRECTION('ref_axis',(1.,0.,0.));
#3239=DIRECTION('',(0.,0.,-1.));
#3240=DIRECTION('center_axis',(0.,0.,-1.));
#3241=DIRECTION('ref_axis',(1.,0.,0.));
#3242=DIRECTION('center_axis',(0.,0.,1.));
#3243=DIRECTION('ref_axis',(1.,0.,0.));
#3244=DIRECTION('center_axis',(0.,0.,1.));
#3245=DIRECTION('ref_axis',(1.,0.,0.));
#3246=DIRECTION('center_axis',(0.,0.,1.));
#3247=DIRECTION('ref_axis',(1.,0.,0.));
#3248=DIRECTION('center_axis',(0.,0.,1.));
#3249=DIRECTION('ref_axis',(1.,0.,0.));
#3250=DIRECTION('',(0.,0.,-1.));
#3251=DIRECTION('center_axis',(0.,0.,1.));
#3252=DIRECTION('ref_axis',(1.,0.,0.));
#3253=DIRECTION('',(0.,0.,1.));
#3254=DIRECTION('center_axis',(0.,0.,1.));
#3255=DIRECTION('ref_axis',(1.,0.,0.));
#3256=DIRECTION('',(0.,0.,-1.));
#3257=DIRECTION('center_axis',(0.,0.,1.));
#3258=DIRECTION('ref_axis',(1.,0.,0.));
#3259=DIRECTION('',(0.,0.,1.));
#3260=DIRECTION('center_axis',(0.,0.,1.));
#3261=DIRECTION('ref_axis',(1.,0.,0.));
#3262=DIRECTION('center_axis',(0.,0.,1.));
#3263=DIRECTION('ref_axis',(1.,0.,0.));
#3264=DIRECTION('',(0.,0.,1.));
#3265=DIRECTION('center_axis',(0.,0.,1.));
#3266=DIRECTION('ref_axis',(1.,0.,0.));
#3267=DIRECTION('',(0.,0.,1.));
#3268=DIRECTION('center_axis',(0.,0.,1.));
#3269=DIRECTION('ref_axis',(1.,0.,0.));
#3270=DIRECTION('',(1.,0.,0.));
#3271=DIRECTION('',(1.,0.,0.));
#3272=DIRECTION('',(0.,1.,0.));
#3273=DIRECTION('center_axis',(0.,1.,0.));
#3274=DIRECTION('ref_axis',(0.,0.,1.));
#3275=DIRECTION('',(1.,0.,0.));
#3276=DIRECTION('',(0.,0.,1.));
#3277=DIRECTION('center_axis',(0.,0.,1.));
#3278=DIRECTION('ref_axis',(1.,0.,0.));
#3279=DIRECTION('',(1.,0.,0.));
#3280=DIRECTION('',(0.,1.,0.));
#3281=DIRECTION('center_axis',(0.,1.,0.));
#3282=DIRECTION('ref_axis',(0.,0.,1.));
#3283=DIRECTION('',(0.,0.,1.));
#3284=DIRECTION('center_axis',(0.,0.,1.));
#3285=DIRECTION('ref_axis',(1.,0.,0.));
#3286=DIRECTION('center_axis',(0.,0.,1.));
#3287=DIRECTION('ref_axis',(1.,0.,0.));
#3288=DIRECTION('',(1.,0.,0.));
#3289=DIRECTION('',(1.,0.,0.));
#3290=DIRECTION('',(0.,1.,0.));
#3291=DIRECTION('center_axis',(0.,1.,0.));
#3292=DIRECTION('ref_axis',(0.,0.,1.));
#3293=DIRECTION('',(1.,0.,0.));
#3294=DIRECTION('',(0.,0.,1.));
#3295=DIRECTION('center_axis',(0.,0.,1.));
#3296=DIRECTION('ref_axis',(1.,0.,0.));
#3297=DIRECTION('',(1.,0.,0.));
#3298=DIRECTION('',(0.,1.,0.));
#3299=DIRECTION('center_axis',(0.,1.,0.));
#3300=DIRECTION('ref_axis',(0.,0.,1.));
#3301=DIRECTION('',(0.,0.,1.));
#3302=DIRECTION('center_axis',(1.,0.,0.));
#3303=DIRECTION('ref_axis',(0.,0.,1.));
#3304=DIRECTION('center_axis',(1.,0.,0.));
#3305=DIRECTION('ref_axis',(0.,0.,1.));
#3306=DIRECTION('center_axis',(0.,0.,1.));
#3307=DIRECTION('ref_axis',(1.,0.,0.));
#3308=DIRECTION('center_axis',(0.,0.,1.));
#3309=DIRECTION('ref_axis',(1.,0.,0.));
#3310=DIRECTION('',(0.,0.,-1.));
#3311=DIRECTION('center_axis',(0.,0.,1.));
#3312=DIRECTION('ref_axis',(1.,0.,0.));
#3313=DIRECTION('center_axis',(0.,0.,1.));
#3314=DIRECTION('ref_axis',(1.,0.,0.));
#3315=DIRECTION('center_axis',(0.,0.,1.));
#3316=DIRECTION('ref_axis',(1.,0.,0.));
#3317=DIRECTION('',(0.,0.,1.));
#3318=DIRECTION('',(1.,0.,0.));
#3319=DIRECTION('axis',(0.,0.,1.));
#3320=DIRECTION('refdir',(1.,0.,0.));
#3321=DIRECTION('center_axis',(1.,0.,0.));
#3322=DIRECTION('ref_axis',(0.,0.,1.));
#3323=DIRECTION('',(0.,0.,1.));
#3324=DIRECTION('',(0.,1.,0.));
#3325=DIRECTION('',(0.,1.,0.));
#3326=DIRECTION('',(0.,1.,0.));
#3327=DIRECTION('',(0.,1.,0.));
#3328=DIRECTION('',(0.,0.,1.));
#3329=DIRECTION('',(0.,1.,0.));
#3330=DIRECTION('center_axis',(0.,1.,0.));
#3331=DIRECTION('ref_axis',(0.,0.,1.));
#3332=DIRECTION('',(1.,0.,0.));
#3333=DIRECTION('',(0.,0.,1.));
#3334=DIRECTION('',(1.,0.,0.));
#3335=DIRECTION('',(1.,0.,0.));
#3336=DIRECTION('',(1.,0.,0.));
#3337=DIRECTION('center_axis',(0.707106781186548,0.,0.707106781186548));
#3338=DIRECTION('ref_axis',(0.,1.,0.));
#3339=DIRECTION('',(-0.577350269189626,0.577350269189626,0.577350269189626));
#3340=DIRECTION('',(-0.577350269189626,-0.577350269189626,0.577350269189626));
#3341=DIRECTION('',(0.,1.,0.));
#3342=DIRECTION('center_axis',(0.,0.,-1.));
#3343=DIRECTION('ref_axis',(1.,-4.44769504262E-16,0.));
#3344=DIRECTION('center_axis',(0.,0.,-1.));
#3345=DIRECTION('ref_axis',(1.,-4.44769504262E-16,0.));
#3346=DIRECTION('center_axis',(0.,1.,0.));
#3347=DIRECTION('ref_axis',(0.,0.,1.));
#3348=DIRECTION('',(-1.,0.,0.));
#3349=DIRECTION('',(-1.,0.,0.));
#3350=DIRECTION('',(-1.,0.,0.));
#3351=DIRECTION('',(0.,0.,1.));
#3352=DIRECTION('',(1.,0.,0.));
#3353=DIRECTION('center_axis',(0.,0.,-1.));
#3354=DIRECTION('ref_axis',(1.,-4.44769504262E-16,0.));
#3355=DIRECTION('center_axis',(0.,0.,-1.));
#3356=DIRECTION('ref_axis',(1.,-4.44769504262E-16,0.));
#3357=DIRECTION('center_axis',(6.98316161862353E-18,0.707106781186548,-0.707106781186548));
#3358=DIRECTION('ref_axis',(-1.,4.93784093465033E-18,-4.93784093465033E-18));
#3359=DIRECTION('',(0.577350269189626,0.577350269189626,0.577350269189626));
#3360=DIRECTION('',(1.,0.,0.));
#3361=DIRECTION('center_axis',(0.,-1.93082254582108E-12,1.));
#3362=DIRECTION('ref_axis',(0.665856331577432,-0.746079986126317,-1.44062539660092E-12));
#3363=DIRECTION('center_axis',(0.,-1.93082254582108E-12,1.));
#3364=DIRECTION('ref_axis',(0.665856331577432,-0.746079986126317,-1.44062539660092E-12));
#3365=DIRECTION('center_axis',(0.,-1.93082254582108E-12,1.));
#3366=DIRECTION('ref_axis',(0.665856331577432,-0.746079986126317,-1.44062539660092E-12));
#3367=DIRECTION('center_axis',(1.,0.,0.));
#3368=DIRECTION('ref_axis',(0.,0.,1.));
#3369=DIRECTION('',(0.,1.,0.));
#3370=DIRECTION('',(0.,-1.,0.));
#3371=DIRECTION('',(0.,-1.,0.));
#3372=DIRECTION('',(0.,-1.,0.));
#3373=DIRECTION('center_axis',(0.,0.,1.));
#3374=DIRECTION('ref_axis',(1.,0.,0.));
#3375=DIRECTION('',(0.,1.,0.));
#3376=DIRECTION('',(1.,0.,0.));
#3377=DIRECTION('center_axis',(-6.98316161862353E-18,0.707106781186548,
0.707106781186548));
#3378=DIRECTION('ref_axis',(-1.,-4.93784093465033E-18,-4.93784093465033E-18));
#3379=DIRECTION('',(0.577350269189626,-0.577350269189626,0.577350269189626));
#3380=DIRECTION('center_axis',(0.,0.,1.));
#3381=DIRECTION('ref_axis',(1.,0.,0.));
#3382=DIRECTION('center_axis',(-1.46725655558223E-12,0.,1.));
#3383=DIRECTION('ref_axis',(-0.665856331899297,-0.746079985839061,-9.76996261376363E-13));
#3384=DIRECTION('center_axis',(-1.46725655558223E-12,0.,1.));
#3385=DIRECTION('ref_axis',(-0.665856331899297,-0.746079985839061,-9.76996261376363E-13));
#3386=DIRECTION('',(0.,0.,-1.));
#3387=DIRECTION('center_axis',(0.,0.,1.));
#3388=DIRECTION('ref_axis',(1.,0.,0.));
#3389=DIRECTION('center_axis',(-1.46725655558223E-12,0.,1.));
#3390=DIRECTION('ref_axis',(-0.665856331899297,-0.746079985839061,-9.76996261376363E-13));
#3391=DIRECTION('center_axis',(-1.46725655558223E-12,0.,1.));
#3392=DIRECTION('ref_axis',(-0.665856331899297,-0.746079985839061,-9.76996261376363E-13));
#3393=DIRECTION('center_axis',(0.,2.60241299653684E-12,1.));
#3394=DIRECTION('ref_axis',(-0.665856331578313,0.746079986125531,-1.94155802526128E-12));
#3395=DIRECTION('center_axis',(0.,2.60241299653684E-12,1.));
#3396=DIRECTION('ref_axis',(-0.665856331578313,0.746079986125531,-1.94155802526128E-12));
#3397=DIRECTION('center_axis',(0.,2.60241299653684E-12,1.));
#3398=DIRECTION('ref_axis',(-0.665856331578313,0.746079986125531,-1.94155802526128E-12));
#3399=DIRECTION('center_axis',(0.707106781186548,0.,-0.707106781186548));
#3400=DIRECTION('ref_axis',(0.,1.,0.));
#3401=DIRECTION('center_axis',(0.,0.,1.));
#3402=DIRECTION('ref_axis',(1.,0.,0.));
#3403=DIRECTION('center_axis',(0.,0.,1.));
#3404=DIRECTION('ref_axis',(1.,0.,0.));
#3405=DIRECTION('',(-1.,0.,0.));
#3406=DIRECTION('',(0.,1.,0.));
#3407=DIRECTION('',(-1.,0.,0.));
#3408=DIRECTION('center_axis',(0.,0.,1.));
#3409=DIRECTION('ref_axis',(1.,0.,0.));
#3410=DIRECTION('',(-1.,0.,0.));
#3411=DIRECTION('',(0.,1.,0.));
#3412=DIRECTION('',(-1.,0.,0.));
#3413=DIRECTION('center_axis',(0.,0.,1.));
#3414=DIRECTION('ref_axis',(1.,0.,0.));
#3415=DIRECTION('center_axis',(0.,0.,1.));
#3416=DIRECTION('ref_axis',(1.,0.,0.));
#3417=DIRECTION('',(0.,0.,1.));
#3418=DIRECTION('',(0.,0.,1.));
#3419=DIRECTION('center_axis',(0.,0.,1.));
#3420=DIRECTION('ref_axis',(1.,0.,0.));
#3421=DIRECTION('',(0.,0.,1.));
#3422=DIRECTION('center_axis',(0.,0.,1.));
#3423=DIRECTION('ref_axis',(1.,0.,0.));
#3424=DIRECTION('',(0.,0.,1.));
#3425=DIRECTION('center_axis',(0.,0.,1.));
#3426=DIRECTION('ref_axis',(1.,0.,0.));
#3427=DIRECTION('',(0.,0.,1.));
#3428=DIRECTION('center_axis',(0.,0.,1.));
#3429=DIRECTION('ref_axis',(1.,0.,0.));
#3430=DIRECTION('center_axis',(0.,0.,1.));
#3431=DIRECTION('ref_axis',(1.,0.,0.));
#3432=DIRECTION('',(0.,0.,1.));
#3433=DIRECTION('',(0.,0.,1.));
#3434=DIRECTION('center_axis',(0.,0.,1.));
#3435=DIRECTION('ref_axis',(1.,0.,0.));
#3436=DIRECTION('',(0.,0.,1.));
#3437=DIRECTION('center_axis',(0.,0.,1.));
#3438=DIRECTION('ref_axis',(1.,0.,0.));
#3439=DIRECTION('',(0.,0.,1.));
#3440=DIRECTION('center_axis',(0.,1.,0.));
#3441=DIRECTION('ref_axis',(0.,0.,1.));
#3442=DIRECTION('',(1.,0.,0.));
#3443=DIRECTION('',(0.,0.,1.));
#3444=DIRECTION('',(-1.,0.,0.));
#3445=DIRECTION('',(0.,0.,1.));
#3446=DIRECTION('',(1.,0.,0.));
#3447=DIRECTION('center_axis',(1.,0.,0.));
#3448=DIRECTION('ref_axis',(0.,0.,1.));
#3449=DIRECTION('',(0.,0.,1.));
#3450=DIRECTION('',(0.,1.,0.));
#3451=DIRECTION('center_axis',(0.,1.,0.));
#3452=DIRECTION('ref_axis',(0.,0.,1.));
#3453=DIRECTION('',(1.,0.,0.));
#3454=DIRECTION('center_axis',(0.,1.,0.));
#3455=DIRECTION('ref_axis',(0.,0.,1.));
#3456=DIRECTION('',(0.,0.,1.));
#3457=DIRECTION('',(1.,0.,0.));
#3458=DIRECTION('',(1.,0.,0.));
#3459=DIRECTION('',(0.,0.,1.));
#3460=DIRECTION('',(-1.,0.,0.));
#3461=DIRECTION('center_axis',(1.,0.,0.));
#3462=DIRECTION('ref_axis',(0.,0.,1.));
#3463=DIRECTION('',(0.,0.,1.));
#3464=DIRECTION('',(0.,1.,0.));
#3465=DIRECTION('center_axis',(0.,1.,0.));
#3466=DIRECTION('ref_axis',(0.,0.,1.));
#3467=DIRECTION('',(1.,0.,0.));
#3468=DIRECTION('center_axis',(0.,0.,1.));
#3469=DIRECTION('ref_axis',(1.,0.,0.));
#3470=DIRECTION('center_axis',(0.,0.,1.));
#3471=DIRECTION('ref_axis',(1.,0.,0.));
#3472=DIRECTION('center_axis',(0.,0.,1.));
#3473=DIRECTION('ref_axis',(1.,0.,0.));
#3474=DIRECTION('',(0.0871557427476181,-0.996194698091749,0.));
#3475=DIRECTION('center_axis',(0.,0.,1.));
#3476=DIRECTION('ref_axis',(1.,0.,0.));
#3477=DIRECTION('center_axis',(0.996194698091749,0.0871557427476181,0.));
#3478=DIRECTION('ref_axis',(-0.087155742747618,0.996194698091749,0.));
#3479=DIRECTION('',(-0.0871557427476181,0.996194698091749,0.));
#3480=DIRECTION('',(0.,0.,1.));
#3481=DIRECTION('center_axis',(0.,0.,1.));
#3482=DIRECTION('ref_axis',(1.,0.,0.));
#3483=DIRECTION('center_axis',(0.,0.,1.));
#3484=DIRECTION('ref_axis',(1.,0.,0.));
#3485=DIRECTION('center_axis',(0.,0.,1.));
#3486=DIRECTION('ref_axis',(1.,0.,0.));
#3487=DIRECTION('center_axis',(0.,0.,1.));
#3488=DIRECTION('ref_axis',(-1.,1.224646799147E-16,0.));
#3489=DIRECTION('',(-0.0871557427476181,0.996194698091749,0.));
#3490=DIRECTION('center_axis',(0.,0.,1.));
#3491=DIRECTION('ref_axis',(-1.,1.224646799147E-16,0.));
#3492=DIRECTION('center_axis',(-0.996194698091749,-0.0871557427476181,0.));
#3493=DIRECTION('ref_axis',(0.087155742747618,-0.996194698091749,0.));
#3494=DIRECTION('',(0.0871557427476181,-0.996194698091749,0.));
#3495=DIRECTION('',(0.,0.,1.));
#3496=DIRECTION('center_axis',(0.,0.,1.));
#3497=DIRECTION('ref_axis',(-1.,1.224646799147E-16,0.));
#3498=DIRECTION('center_axis',(0.,0.,1.));
#3499=DIRECTION('ref_axis',(-1.,1.224646799147E-16,0.));
#3500=DIRECTION('center_axis',(0.,0.,1.));
#3501=DIRECTION('ref_axis',(1.,0.,0.));
#3502=DIRECTION('center_axis',(0.,0.,1.));
#3503=DIRECTION('ref_axis',(-1.,1.224646799147E-16,0.));
#3504=DIRECTION('',(0.,0.,1.));
#3505=DIRECTION('',(1.,0.,0.));
#3506=DIRECTION('',(0.,0.,1.));
#3507=DIRECTION('',(1.,0.,0.));
#3508=DIRECTION('',(0.,0.,1.));
#3509=DIRECTION('',(1.,0.,0.));
#3510=DIRECTION('',(0.,0.,1.));
#3511=DIRECTION('',(1.,0.,0.));
#3512=CARTESIAN_POINT('',(0.,0.,0.));
#3513=CARTESIAN_POINT('',(0.,0.,0.));
#3514=CARTESIAN_POINT('Origin',(0.,0.,6.));
#3515=CARTESIAN_POINT('',(37.5,-4.59242549680257E-15,5.49999999999998));
#3516=CARTESIAN_POINT('Origin',(0.,0.,5.49999999999999));
#3517=CARTESIAN_POINT('',(37.,-4.5311931568452E-15,6.));
#3518=CARTESIAN_POINT('',(37.,-4.5311931568452E-15,6.));
#3519=CARTESIAN_POINT('Origin',(0.,0.,6.));
#3520=CARTESIAN_POINT('Origin',(0.,0.,0.499999999999987));
#3521=CARTESIAN_POINT('',(37.5,4.59242549680257E-15,0.499999999999987));
#3522=CARTESIAN_POINT('',(-37.5,-4.59242549680257E-15,0.499999999999987));
#3523=CARTESIAN_POINT('Origin',(0.,0.,0.499999999999987));
#3524=CARTESIAN_POINT('Origin',(0.,0.,0.499999999999987));
#3525=CARTESIAN_POINT('',(-37.,-4.53119315684521E-15,-3.46944695195361E-16));
#3526=CARTESIAN_POINT('',(-37.5,-4.59242549680257E-15,0.499999999999987));
#3527=CARTESIAN_POINT('Origin',(0.,0.,0.));
#3528=CARTESIAN_POINT('Origin',(-1.14491749414469E-13,-25.,0.));
#3529=CARTESIAN_POINT('',(-3.00000000000012,-25.,0.));
#3530=CARTESIAN_POINT('Origin',(-1.14491749414469E-13,-25.,0.));
#3531=CARTESIAN_POINT('',(-3.00000000000012,-25.,6.));
#3532=CARTESIAN_POINT('',(-3.00000000000012,-25.,0.));
#3533=CARTESIAN_POINT('Origin',(-1.14491749414469E-13,-25.,6.));
#3534=CARTESIAN_POINT('Origin',(0.,25.,0.));
#3535=CARTESIAN_POINT('',(-3.,25.,0.));
#3536=CARTESIAN_POINT('Origin',(0.,25.,0.));
#3537=CARTESIAN_POINT('',(-3.,25.,6.));
#3538=CARTESIAN_POINT('',(-3.,25.,0.));
#3539=CARTESIAN_POINT('Origin',(0.,25.,6.));
#3540=CARTESIAN_POINT('Origin',(0.,0.,0.));
#3541=CARTESIAN_POINT('',(-15.75,-1.92881870865708E-15,0.));
#3542=CARTESIAN_POINT('Origin',(0.,0.,0.));
#3543=CARTESIAN_POINT('',(-15.75,-1.92881870865708E-15,6.));
#3544=CARTESIAN_POINT('',(-15.75,-1.92881870865708E-15,0.));
#3545=CARTESIAN_POINT('Origin',(0.,0.,6.));
#3546=CARTESIAN_POINT('Origin',(0.,-33.,0.));
#3547=CARTESIAN_POINT('',(-2.5,-33.,0.));
#3548=CARTESIAN_POINT('Origin',(0.,-33.,0.));
#3549=CARTESIAN_POINT('',(-2.5,-33.,6.));
#3550=CARTESIAN_POINT('',(-2.5,-33.,0.));
#3551=CARTESIAN_POINT('Origin',(0.,-33.,6.));
#3552=CARTESIAN_POINT('Origin',(-28.5788383248865,16.5,0.));
#3553=CARTESIAN_POINT('',(-31.0788383248865,16.5,0.));
#3554=CARTESIAN_POINT('Origin',(-28.5788383248865,16.5,0.));
#3555=CARTESIAN_POINT('',(-31.0788383248865,16.5,6.));
#3556=CARTESIAN_POINT('',(-31.0788383248865,16.5,0.));
#3557=CARTESIAN_POINT('Origin',(-28.5788383248865,16.5,6.));
#3558=CARTESIAN_POINT('Origin',(-11.2866647297471,-31.009856485935,6.));
#3559=CARTESIAN_POINT('',(-12.9366647297471,-31.009856485935,0.));
#3560=CARTESIAN_POINT('Origin',(-11.2866647297471,-31.009856485935,0.));
#3561=CARTESIAN_POINT('',(-12.9366647297471,-31.009856485935,6.));
#3562=CARTESIAN_POINT('',(-12.9366647297471,-31.009856485935,6.));
#3563=CARTESIAN_POINT('Origin',(-11.2866647297471,-31.009856485935,6.));
#3564=CARTESIAN_POINT('Origin',(11.2866647297471,-31.009856485935,6.));
#3565=CARTESIAN_POINT('',(9.6366647297471,-31.009856485935,0.));
#3566=CARTESIAN_POINT('Origin',(11.2866647297471,-31.009856485935,0.));
#3567=CARTESIAN_POINT('',(9.6366647297471,-31.009856485935,6.));
#3568=CARTESIAN_POINT('',(9.6366647297471,-31.009856485935,6.));
#3569=CARTESIAN_POINT('Origin',(11.2866647297471,-31.009856485935,6.));
#3570=CARTESIAN_POINT('Origin',(-21.2119911196557,25.2794666229264,6.));
#3571=CARTESIAN_POINT('',(-22.8619911196557,25.2794666229264,0.));
#3572=CARTESIAN_POINT('Origin',(-21.2119911196557,25.2794666229264,0.));
#3573=CARTESIAN_POINT('',(-22.8619911196557,25.2794666229264,6.));
#3574=CARTESIAN_POINT('',(-22.8619911196557,25.2794666229264,6.));
#3575=CARTESIAN_POINT('Origin',(-21.2119911196557,25.2794666229264,6.));
#3576=CARTESIAN_POINT('Origin',(-32.4986558494029,5.73038986300883,6.));
#3577=CARTESIAN_POINT('',(-34.1486558494029,5.73038986300883,0.));
#3578=CARTESIAN_POINT('Origin',(-32.4986558494029,5.73038986300883,0.));
#3579=CARTESIAN_POINT('',(-34.1486558494029,5.73038986300883,6.));
#3580=CARTESIAN_POINT('',(-34.1486558494029,5.73038986300883,6.));
#3581=CARTESIAN_POINT('Origin',(-32.4986558494029,5.73038986300883,6.));
#3582=CARTESIAN_POINT('Origin',(32.4986558494029,5.73038986300838,6.));
#3583=CARTESIAN_POINT('',(30.8486558494029,5.73038986300838,0.));
#3584=CARTESIAN_POINT('Origin',(32.4986558494029,5.73038986300838,0.));
#3585=CARTESIAN_POINT('',(30.8486558494029,5.73038986300838,6.));
#3586=CARTESIAN_POINT('',(30.8486558494029,5.73038986300838,6.));
#3587=CARTESIAN_POINT('Origin',(32.4986558494029,5.73038986300838,6.));
#3588=CARTESIAN_POINT('Origin',(21.211991119656,25.2794666229261,6.));
#3589=CARTESIAN_POINT('',(19.561991119656,25.2794666229261,0.));
#3590=CARTESIAN_POINT('Origin',(21.211991119656,25.2794666229261,0.));
#3591=CARTESIAN_POINT('',(19.561991119656,25.2794666229261,6.));
#3592=CARTESIAN_POINT('',(19.561991119656,25.2794666229261,6.));
#3593=CARTESIAN_POINT('Origin',(21.211991119656,25.2794666229261,6.));
#3594=CARTESIAN_POINT('Origin',(-17.6776695296637,17.6776695296637,6.));
#3595=CARTESIAN_POINT('',(-23.0776695296637,17.6776695296637,2.));
#3596=CARTESIAN_POINT('Origin',(-17.6776695296637,17.6776695296637,2.));
#3597=CARTESIAN_POINT('',(-23.0776695296637,17.6776695296637,6.));
#3598=CARTESIAN_POINT('',(-23.0776695296637,17.6776695296637,6.));
#3599=CARTESIAN_POINT('Origin',(-17.6776695296637,17.6776695296637,6.));
#3600=CARTESIAN_POINT('Origin',(-17.6776695296637,17.6776695296637,6.));
#3601=CARTESIAN_POINT('',(-20.7776695296637,17.6776695296637,0.));
#3602=CARTESIAN_POINT('Origin',(-17.6776695296637,17.6776695296637,0.));
#3603=CARTESIAN_POINT('',(-20.7776695296637,17.6776695296637,2.));
#3604=CARTESIAN_POINT('',(-20.7776695296637,17.6776695296637,6.));
#3605=CARTESIAN_POINT('Origin',(-17.6776695296637,17.6776695296637,2.));
#3606=CARTESIAN_POINT('Origin',(17.6776695296637,17.6776695296647,6.));
#3607=CARTESIAN_POINT('',(12.2776695296637,17.6776695296647,2.));
#3608=CARTESIAN_POINT('Origin',(17.6776695296637,17.6776695296647,2.));
#3609=CARTESIAN_POINT('',(12.2776695296637,17.6776695296647,6.));
#3610=CARTESIAN_POINT('',(12.2776695296637,17.6776695296647,6.));
#3611=CARTESIAN_POINT('Origin',(17.6776695296637,17.6776695296647,6.));
#3612=CARTESIAN_POINT('Origin',(17.6776695296637,17.6776695296647,6.));
#3613=CARTESIAN_POINT('',(14.5776695296637,17.6776695296647,0.));
#3614=CARTESIAN_POINT('Origin',(17.6776695296637,17.6776695296647,0.));
#3615=CARTESIAN_POINT('',(14.5776695296637,17.6776695296647,2.));
#3616=CARTESIAN_POINT('',(14.5776695296637,17.6776695296647,6.));
#3617=CARTESIAN_POINT('Origin',(17.6776695296637,17.6776695296647,2.));
#3618=CARTESIAN_POINT('Origin',(17.6776695296647,-17.6776695296627,6.));
#3619=CARTESIAN_POINT('',(12.2776695296647,-17.6776695296627,2.));
#3620=CARTESIAN_POINT('Origin',(17.6776695296647,-17.6776695296627,2.));
#3621=CARTESIAN_POINT('',(12.2776695296647,-17.6776695296627,6.));
#3622=CARTESIAN_POINT('',(12.2776695296647,-17.6776695296627,6.));
#3623=CARTESIAN_POINT('Origin',(17.6776695296647,-17.6776695296627,6.));
#3624=CARTESIAN_POINT('Origin',(17.6776695296647,-17.6776695296627,6.));
#3625=CARTESIAN_POINT('',(14.5776695296647,-17.6776695296627,0.));
#3626=CARTESIAN_POINT('Origin',(17.6776695296647,-17.6776695296627,0.));
#3627=CARTESIAN_POINT('',(14.5776695296647,-17.6776695296627,2.));
#3628=CARTESIAN_POINT('',(14.5776695296647,-17.6776695296627,6.));
#3629=CARTESIAN_POINT('Origin',(17.6776695296647,-17.6776695296627,2.));
#3630=CARTESIAN_POINT('Origin',(-17.6776695296627,-17.6776695296637,6.));
#3631=CARTESIAN_POINT('',(-23.0776695296627,-17.6776695296637,2.));
#3632=CARTESIAN_POINT('Origin',(-17.6776695296627,-17.6776695296637,2.));
#3633=CARTESIAN_POINT('',(-23.0776695296627,-17.6776695296637,6.));
#3634=CARTESIAN_POINT('',(-23.0776695296627,-17.6776695296637,6.));
#3635=CARTESIAN_POINT('Origin',(-17.6776695296627,-17.6776695296637,6.));
#3636=CARTESIAN_POINT('Origin',(-17.6776695296627,-17.6776695296637,6.));
#3637=CARTESIAN_POINT('',(-20.7776695296627,-17.6776695296637,0.));
#3638=CARTESIAN_POINT('Origin',(-17.6776695296627,-17.6776695296637,0.));
#3639=CARTESIAN_POINT('',(-20.7776695296627,-17.6776695296637,2.));
#3640=CARTESIAN_POINT('',(-20.7776695296627,-17.6776695296637,6.));
#3641=CARTESIAN_POINT('Origin',(-17.6776695296627,-17.6776695296637,2.));
#3642=CARTESIAN_POINT('Origin',(0.,0.,6.));
#3643=CARTESIAN_POINT('',(37.5,-4.59242549680257E-15,6.));
#3644=CARTESIAN_POINT('Origin',(0.,0.,6.));
#3645=CARTESIAN_POINT('Origin',(0.,0.,0.));
#3646=CARTESIAN_POINT('Origin',(-14.5776695296627,-17.6776695296637,2.));
#3647=CARTESIAN_POINT('Origin',(20.7776695296647,-17.6776695296627,2.));
#3648=CARTESIAN_POINT('Origin',(20.7776695296637,17.6776695296647,2.));
#3649=CARTESIAN_POINT('Origin',(-14.5776695296637,17.6776695296637,2.));
#3650=CARTESIAN_POINT('',(0.,0.,0.));
#3651=CARTESIAN_POINT('',(0.,0.,0.));
#3652=CARTESIAN_POINT('Origin',(37.,0.,127.7));
#3653=CARTESIAN_POINT('',(44.,-4.28626379701574E-16,131.2));
#3654=CARTESIAN_POINT('Origin',(44.,0.,127.7));
#3655=CARTESIAN_POINT('',(31.5,-4.91868946007076E-16,131.2));
#3656=CARTESIAN_POINT('',(37.,-4.28626379701574E-16,131.2));
#3657=CARTESIAN_POINT('',(31.3209195267317,-3.35410196624969,128.7));
#3658=CARTESIAN_POINT('Ctrl Pts',(31.3209195267317,-3.35410196624968,128.7));
#3659=CARTESIAN_POINT('Ctrl Pts',(31.3245922466187,-3.31980576262039,128.815032964028));
#3660=CARTESIAN_POINT('Ctrl Pts',(31.3288573793367,-3.27945758597068,128.92867870073));
#3661=CARTESIAN_POINT('Ctrl Pts',(31.3520485037576,-3.05471934322633,129.471005686476));
#3662=CARTESIAN_POINT('Ctrl Pts',(31.3781528700079,-2.78541916559827,129.864328302708));
#3663=CARTESIAN_POINT('Ctrl Pts',(31.427101559984,-2.16432991733311,130.485417550973));
#3664=CARTESIAN_POINT('Ctrl Pts',(31.453135439559,-1.77100659601442,130.754718991365));
#3665=CARTESIAN_POINT('Ctrl Pts',(31.4898444403298,-0.908785157073003,131.112020230227));
#3666=CARTESIAN_POINT('Ctrl Pts',(31.5,-0.439856698003183,131.2));
#3667=CARTESIAN_POINT('Ctrl Pts',(31.5,-9.71445146547012E-16,131.2));
#3668=CARTESIAN_POINT('',(37.3496987939662,-3.35410196624971,128.7));
#3669=CARTESIAN_POINT('',(37.,-3.35410196624968,128.7));
#3670=CARTESIAN_POINT('',(37.3496987939662,3.35410196624971,128.7));
#3671=CARTESIAN_POINT('Ctrl Pts',(37.3496987939662,3.35410196624968,128.7));
#3672=CARTESIAN_POINT('Ctrl Pts',(37.3408392585334,3.45275757755784,128.36909902013));
#3673=CARTESIAN_POINT('Ctrl Pts',(37.3363094051889,3.5,128.026347434521));
#3674=CARTESIAN_POINT('Ctrl Pts',(37.3363094051889,3.5,127.7));
#3675=CARTESIAN_POINT('Ctrl Pts',(37.3363094051889,3.5,127.26025689957));
#3676=CARTESIAN_POINT('Ctrl Pts',(37.3448786692932,3.41206480329404,126.791378476021));
#3677=CARTESIAN_POINT('Ctrl Pts',(37.3757991306403,3.05479758263333,125.929127004209));
#3678=CARTESIAN_POINT('Ctrl Pts',(37.3977004865028,2.7854795532133,125.535732084907));
#3679=CARTESIAN_POINT('Ctrl Pts',(37.4387878869346,2.16426871638224,124.914521248076));
#3680=CARTESIAN_POINT('Ctrl Pts',(37.4606475477479,1.77087344481383,124.645202594602));
#3681=CARTESIAN_POINT('Ctrl Pts',(37.4914725730695,0.908620797493555,124.287934904506));
#3682=CARTESIAN_POINT('Ctrl Pts',(37.5,0.439741965996462,124.2));
#3683=CARTESIAN_POINT('Ctrl Pts',(37.5,-0.439741965996462,124.2));
#3684=CARTESIAN_POINT('Ctrl Pts',(37.4914725730695,-0.908620797493556,124.287934904506));
#3685=CARTESIAN_POINT('Ctrl Pts',(37.4606475477479,-1.77087344481383,124.645202594602));
#3686=CARTESIAN_POINT('Ctrl Pts',(37.4387878869346,-2.16426871638224,124.914521248076));
#3687=CARTESIAN_POINT('Ctrl Pts',(37.3977004865028,-2.7854795532133,125.535732084907));
#3688=CARTESIAN_POINT('Ctrl Pts',(37.3757991306403,-3.05479758263333,125.929127004209));
#3689=CARTESIAN_POINT('Ctrl Pts',(37.3448786692932,-3.41206480329404,126.791378476021));
#3690=CARTESIAN_POINT('Ctrl Pts',(37.3363094051889,-3.5,127.26025689957));
#3691=CARTESIAN_POINT('Ctrl Pts',(37.3363094051889,-3.5,128.026347434666));
#3692=CARTESIAN_POINT('Ctrl Pts',(37.3408392585259,-3.45275757764103,128.369099019851));
#3693=CARTESIAN_POINT('Ctrl Pts',(37.3496987939662,-3.35410196624968,128.7));
#3694=CARTESIAN_POINT('',(31.3209195267317,3.35410196624969,128.7));
#3695=CARTESIAN_POINT('',(37.,3.35410196624968,128.7));
#3696=CARTESIAN_POINT('Ctrl Pts',(31.5,4.16333634234434E-16,131.2));
#3697=CARTESIAN_POINT('Ctrl Pts',(31.5,0.439856698003182,131.2));
#3698=CARTESIAN_POINT('Ctrl Pts',(31.4898444403298,0.908785157073002,131.112020230227));
#3699=CARTESIAN_POINT('Ctrl Pts',(31.453135439559,1.77100659601442,130.754718991365));
#3700=CARTESIAN_POINT('Ctrl Pts',(31.427101559984,2.16432991733311,130.485417550973));
#3701=CARTESIAN_POINT('Ctrl Pts',(31.3781528700079,2.78541916559827,129.864328302708));
#3702=CARTESIAN_POINT('Ctrl Pts',(31.3520485037576,3.05471934322633,129.471005686476));
#3703=CARTESIAN_POINT('Ctrl Pts',(31.3288573793367,3.27945758597068,128.92867870073));
#3704=CARTESIAN_POINT('Ctrl Pts',(31.3245922466187,3.31980576262039,128.815032964028));
#3705=CARTESIAN_POINT('Ctrl Pts',(31.3209195267317,3.35410196624968,128.7));
#3706=CARTESIAN_POINT('Origin',(44.,0.,127.7));
#3707=CARTESIAN_POINT('Origin',(0.,0.,128.7));
#3708=CARTESIAN_POINT('',(-31.5,-3.85763741731416E-15,135.7));
#3709=CARTESIAN_POINT('Origin',(0.,0.,135.7));
#3710=CARTESIAN_POINT('',(-31.5,-3.85763741731416E-15,128.7));
#3711=CARTESIAN_POINT('',(-31.5,-3.85763741731416E-15,128.7));
#3712=CARTESIAN_POINT('Origin',(0.,0.,128.7));
#3713=CARTESIAN_POINT('Origin',(0.,0.,128.7));
#3714=CARTESIAN_POINT('Origin',(32.4986558494029,-5.7303898630087,104.2));
#3715=CARTESIAN_POINT('',(30.4986558494029,-5.7303898630087,99.2));
#3716=CARTESIAN_POINT('Origin',(32.4986558494029,-5.7303898630087,99.2));
#3717=CARTESIAN_POINT('',(30.4986558494029,-5.7303898630087,104.2));
#3718=CARTESIAN_POINT('',(30.4986558494029,-5.7303898630087,104.2));
#3719=CARTESIAN_POINT('Origin',(32.4986558494029,-5.7303898630087,104.2));
#3720=CARTESIAN_POINT('Origin',(32.4986558494029,-5.7303898630087,99.2));
#3721=CARTESIAN_POINT('Origin',(-21.2119911196558,-25.2794666229263,104.2));
#3722=CARTESIAN_POINT('',(-23.2119911196558,-25.2794666229263,99.2));
#3723=CARTESIAN_POINT('Origin',(-21.2119911196558,-25.2794666229263,99.2));
#3724=CARTESIAN_POINT('',(-23.2119911196558,-25.2794666229263,104.2));
#3725=CARTESIAN_POINT('',(-23.2119911196558,-25.2794666229263,104.2));
#3726=CARTESIAN_POINT('Origin',(-21.2119911196558,-25.2794666229263,104.2));
#3727=CARTESIAN_POINT('Origin',(-21.2119911196558,-25.2794666229263,99.2));
#3728=CARTESIAN_POINT('Origin',(-32.4986558494029,-5.73038986300871,104.2));
#3729=CARTESIAN_POINT('',(-34.4986558494029,-5.73038986300871,99.2));
#3730=CARTESIAN_POINT('Origin',(-32.4986558494029,-5.73038986300871,99.2));
#3731=CARTESIAN_POINT('',(-34.4986558494029,-5.73038986300871,104.2));
#3732=CARTESIAN_POINT('',(-34.4986558494029,-5.73038986300871,104.2));
#3733=CARTESIAN_POINT('Origin',(-32.4986558494029,-5.73038986300871,104.2));
#3734=CARTESIAN_POINT('Origin',(-32.4986558494029,-5.73038986300871,99.2));
#3735=CARTESIAN_POINT('Origin',(-11.2866647297471,31.009856485935,104.2));
#3736=CARTESIAN_POINT('',(-13.2866647297471,31.009856485935,99.2));
#3737=CARTESIAN_POINT('Origin',(-11.2866647297471,31.009856485935,99.2));
#3738=CARTESIAN_POINT('',(-13.2866647297471,31.009856485935,104.2));
#3739=CARTESIAN_POINT('',(-13.2866647297471,31.009856485935,104.2));
#3740=CARTESIAN_POINT('Origin',(-11.2866647297471,31.009856485935,104.2));
#3741=CARTESIAN_POINT('Origin',(-11.2866647297471,31.009856485935,99.2));
#3742=CARTESIAN_POINT('Origin',(11.2866647297471,31.009856485935,104.2));
#3743=CARTESIAN_POINT('',(9.28666472974707,31.009856485935,99.2));
#3744=CARTESIAN_POINT('Origin',(11.2866647297471,31.009856485935,99.2));
#3745=CARTESIAN_POINT('',(9.28666472974707,31.009856485935,104.2));
#3746=CARTESIAN_POINT('',(9.28666472974707,31.009856485935,104.2));
#3747=CARTESIAN_POINT('Origin',(11.2866647297471,31.009856485935,104.2));
#3748=CARTESIAN_POINT('Origin',(11.2866647297471,31.009856485935,99.2));
#3749=CARTESIAN_POINT('Origin',(21.2119911196558,-25.2794666229263,104.2));
#3750=CARTESIAN_POINT('',(19.2119911196558,-25.2794666229263,99.2));
#3751=CARTESIAN_POINT('Origin',(21.2119911196558,-25.2794666229263,99.2));
#3752=CARTESIAN_POINT('',(19.2119911196558,-25.2794666229263,104.2));
#3753=CARTESIAN_POINT('',(19.2119911196558,-25.2794666229263,104.2));
#3754=CARTESIAN_POINT('Origin',(21.2119911196558,-25.2794666229263,104.2));
#3755=CARTESIAN_POINT('Origin',(21.2119911196558,-25.2794666229263,99.2));
#3756=CARTESIAN_POINT('Origin',(-11.2866647297471,-31.009856485935,104.2));
#3757=CARTESIAN_POINT('',(-13.7866647297471,-31.009856485935,104.2));
#3758=CARTESIAN_POINT('Origin',(-11.2866647297471,-31.009856485935,104.2));
#3759=CARTESIAN_POINT('',(-13.7866647297471,-31.009856485935,112.2));
#3760=CARTESIAN_POINT('',(-13.7866647297471,-31.009856485935,104.2));
#3761=CARTESIAN_POINT('Origin',(-11.2866647297471,-31.009856485935,112.2));
#3762=CARTESIAN_POINT('Origin',(-11.2866647297471,-31.009856485935,112.2));
#3763=CARTESIAN_POINT('Origin',(11.2866647297471,-31.009856485935,104.2));
#3764=CARTESIAN_POINT('',(8.78666472974708,-31.009856485935,104.2));
#3765=CARTESIAN_POINT('Origin',(11.2866647297471,-31.009856485935,104.2));
#3766=CARTESIAN_POINT('',(8.78666472974708,-31.009856485935,112.2));
#3767=CARTESIAN_POINT('',(8.78666472974708,-31.009856485935,104.2));
#3768=CARTESIAN_POINT('Origin',(11.2866647297471,-31.009856485935,112.2));
#3769=CARTESIAN_POINT('Origin',(11.2866647297471,-31.009856485935,112.2));
#3770=CARTESIAN_POINT('Origin',(1.53080849893419E-15,25.,135.7));
#3771=CARTESIAN_POINT('',(-3.,25.,135.7));
#3772=CARTESIAN_POINT('Origin',(1.53080849893419E-15,25.,135.7));
#3773=CARTESIAN_POINT('',(-3.,25.,127.7));
#3774=CARTESIAN_POINT('',(-3.,25.,135.7));
#3775=CARTESIAN_POINT('Origin',(1.53080849893419E-15,25.,127.7));
#3776=CARTESIAN_POINT('Origin',(1.66533453693773E-15,25.,127.7));
#3777=CARTESIAN_POINT('Origin',(17.6776695296637,17.6776695296637,135.7));
#3778=CARTESIAN_POINT('',(15.1776695296637,17.6776695296637,135.7));
#3779=CARTESIAN_POINT('Origin',(17.6776695296637,17.6776695296637,135.7));
#3780=CARTESIAN_POINT('',(15.1776695296637,17.6776695296637,127.7));
#3781=CARTESIAN_POINT('',(15.1776695296637,17.6776695296637,135.7));
#3782=CARTESIAN_POINT('Origin',(17.6776695296637,17.6776695296637,127.7));
#3783=CARTESIAN_POINT('Origin',(17.6776695296637,17.6776695296637,127.7));
#3784=CARTESIAN_POINT('Origin',(-17.6776695296637,17.6776695296637,135.7));
#3785=CARTESIAN_POINT('',(-20.1776695296637,17.6776695296637,135.7));
#3786=CARTESIAN_POINT('Origin',(-17.6776695296637,17.6776695296637,135.7));
#3787=CARTESIAN_POINT('',(-20.1776695296637,17.6776695296637,127.7));
#3788=CARTESIAN_POINT('',(-20.1776695296637,17.6776695296637,135.7));
#3789=CARTESIAN_POINT('Origin',(-17.6776695296637,17.6776695296637,127.7));
#3790=CARTESIAN_POINT('Origin',(-17.6776695296637,17.6776695296637,127.7));
#3791=CARTESIAN_POINT('Origin',(-17.6776695296637,-17.6776695296637,135.7));
#3792=CARTESIAN_POINT('',(-20.1776695296637,-17.6776695296637,135.7));
#3793=CARTESIAN_POINT('Origin',(-17.6776695296637,-17.6776695296637,135.7));
#3794=CARTESIAN_POINT('',(-20.1776695296637,-17.6776695296637,127.7));
#3795=CARTESIAN_POINT('',(-20.1776695296637,-17.6776695296637,135.7));
#3796=CARTESIAN_POINT('Origin',(-17.6776695296637,-17.6776695296637,127.7));
#3797=CARTESIAN_POINT('Origin',(-17.6776695296637,-17.6776695296637,127.7));
#3798=CARTESIAN_POINT('Origin',(17.6776695296637,-17.6776695296637,135.7));
#3799=CARTESIAN_POINT('',(15.1776695296637,-17.6776695296637,135.7));
#3800=CARTESIAN_POINT('Origin',(17.6776695296637,-17.6776695296637,135.7));
#3801=CARTESIAN_POINT('',(15.1776695296637,-17.6776695296637,127.7));
#3802=CARTESIAN_POINT('',(15.1776695296637,-17.6776695296637,135.7));
#3803=CARTESIAN_POINT('Origin',(17.6776695296637,-17.6776695296637,127.7));
#3804=CARTESIAN_POINT('Origin',(17.6776695296637,-17.6776695296637,127.7));
#3805=CARTESIAN_POINT('Origin',(-4.59242549680257E-15,-25.,135.7));
#3806=CARTESIAN_POINT('',(-3.,-25.,135.7));
#3807=CARTESIAN_POINT('Origin',(-4.59242549680257E-15,-25.,135.7));
#3808=CARTESIAN_POINT('',(-3.,-25.,127.7));
#3809=CARTESIAN_POINT('',(-3.,-25.,135.7));
#3810=CARTESIAN_POINT('Origin',(-4.59242549680257E-15,-25.,127.7));
#3811=CARTESIAN_POINT('Origin',(-4.44089209850063E-15,-25.,127.7));
#3812=CARTESIAN_POINT('Origin',(-5.50000000000001,-9.52627944162882,135.7));
#3813=CARTESIAN_POINT('',(-8.50000000000001,-9.52627944162882,132.7));
#3814=CARTESIAN_POINT('Origin',(-5.50000000000001,-9.52627944162882,132.7));
#3815=CARTESIAN_POINT('',(-8.50000000000001,-9.52627944162882,130.7));
#3816=CARTESIAN_POINT('',(-8.50000000000001,-9.52627944162882,135.7));
#3817=CARTESIAN_POINT('Origin',(-5.50000000000001,-9.52627944162882,130.7));
#3818=CARTESIAN_POINT('Origin',(-5.50000000000001,-9.52627944162882,130.7));
#3819=CARTESIAN_POINT('Origin',(0.,0.,135.7));
#3820=CARTESIAN_POINT('',(-4.,4.89858719658941E-16,132.7));
#3821=CARTESIAN_POINT('Origin',(0.,0.,132.7));
#3822=CARTESIAN_POINT('',(-4.,-4.89858719658941E-16,130.7));
#3823=CARTESIAN_POINT('',(-4.,4.89858719658941E-16,135.7));
#3824=CARTESIAN_POINT('Origin',(0.,0.,130.7));
#3825=CARTESIAN_POINT('Origin',(0.,0.,130.7));
#3826=CARTESIAN_POINT('Origin',(5.5,9.52627944162882,135.7));
#3827=CARTESIAN_POINT('',(2.5,9.52627944162882,132.7));
#3828=CARTESIAN_POINT('Origin',(5.5,9.52627944162882,132.7));
#3829=CARTESIAN_POINT('',(2.5,9.52627944162882,130.7));
#3830=CARTESIAN_POINT('',(2.5,9.52627944162882,135.7));
#3831=CARTESIAN_POINT('Origin',(5.5,9.52627944162882,130.7));
#3832=CARTESIAN_POINT('Origin',(5.5,9.52627944162882,130.7));
#3833=CARTESIAN_POINT('Origin',(11.,0.,135.7));
#3834=CARTESIAN_POINT('',(8.,3.67394039744206E-16,132.7));
#3835=CARTESIAN_POINT('Origin',(11.,0.,132.7));
#3836=CARTESIAN_POINT('',(8.,-3.67394039744206E-16,130.7));
#3837=CARTESIAN_POINT('',(8.,3.67394039744206E-16,135.7));
#3838=CARTESIAN_POINT('Origin',(11.,0.,130.7));
#3839=CARTESIAN_POINT('Origin',(11.,0.,130.7));
#3840=CARTESIAN_POINT('Origin',(-5.5,9.52627944162883,135.7));
#3841=CARTESIAN_POINT('',(-8.5,9.52627944162883,132.7));
#3842=CARTESIAN_POINT('Origin',(-5.5,9.52627944162883,132.7));
#3843=CARTESIAN_POINT('',(-8.5,9.52627944162883,130.7));
#3844=CARTESIAN_POINT('',(-8.5,9.52627944162883,135.7));
#3845=CARTESIAN_POINT('Origin',(-5.5,9.52627944162883,130.7));
#3846=CARTESIAN_POINT('Origin',(-5.5,9.52627944162883,130.7));
#3847=CARTESIAN_POINT('Origin',(-11.,1.34711147906209E-15,135.7));
#3848=CARTESIAN_POINT('',(-14.,1.71450551880629E-15,132.7));
#3849=CARTESIAN_POINT('Origin',(-11.,1.34711147906209E-15,132.7));
#3850=CARTESIAN_POINT('',(-14.,9.79717439317883E-16,130.7));
#3851=CARTESIAN_POINT('',(-14.,1.71450551880629E-15,135.7));
#3852=CARTESIAN_POINT('Origin',(-11.,1.34711147906209E-15,130.7));
#3853=CARTESIAN_POINT('Origin',(-11.,1.11022302462516E-15,130.7));
#3854=CARTESIAN_POINT('Origin',(5.5,-9.52627944162882,135.7));
#3855=CARTESIAN_POINT('',(2.5,-9.52627944162882,132.7));
#3856=CARTESIAN_POINT('Origin',(5.5,-9.52627944162882,132.7));
#3857=CARTESIAN_POINT('',(2.5,-9.52627944162882,130.7));
#3858=CARTESIAN_POINT('',(2.5,-9.52627944162882,135.7));
#3859=CARTESIAN_POINT('Origin',(5.5,-9.52627944162882,130.7));
#3860=CARTESIAN_POINT('Origin',(5.5,-9.52627944162882,130.7));
#3861=CARTESIAN_POINT('Origin',(0.,0.,135.7));
#3862=CARTESIAN_POINT('',(-19.,-2.32682891837997E-15,135.7));
#3863=CARTESIAN_POINT('Origin',(0.,0.,135.7));
#3864=CARTESIAN_POINT('',(-19.,-2.32682891837997E-15,132.7));
#3865=CARTESIAN_POINT('',(-19.,2.32682891837997E-15,135.7));
#3866=CARTESIAN_POINT('Origin',(0.,0.,132.7));
#3867=CARTESIAN_POINT('Origin',(0.,0.,132.7));
#3868=CARTESIAN_POINT('Origin',(0.,0.,135.7));
#3869=CARTESIAN_POINT('Origin',(0.,0.,104.2));
#3870=CARTESIAN_POINT('',(-37.5,-4.59242549680258E-15,128.7));
#3871=CARTESIAN_POINT('Origin',(0.,0.,128.7));
#3872=CARTESIAN_POINT('',(-37.5,-4.59242549680258E-15,104.2));
#3873=CARTESIAN_POINT('',(-37.5,-4.59242549680258E-15,104.2));
#3874=CARTESIAN_POINT('Origin',(0.,0.,104.2));
#3875=CARTESIAN_POINT('Origin',(0.,0.,128.7));
#3876=CARTESIAN_POINT('Origin',(0.,0.,128.7));
#3877=CARTESIAN_POINT('Origin',(0.,0.,104.2));
#3878=CARTESIAN_POINT('',(0.,0.,0.));
#3879=CARTESIAN_POINT('',(0.,0.,0.));
#3880=CARTESIAN_POINT('',(0.,0.,0.));
#3881=CARTESIAN_POINT('Origin',(1.53080849893419E-15,25.,144.7));
#3882=CARTESIAN_POINT('',(-3.,25.,144.7));
#3883=CARTESIAN_POINT('Origin',(1.53080849893419E-15,25.,144.7));
#3884=CARTESIAN_POINT('',(-3.,25.,135.7));
#3885=CARTESIAN_POINT('',(-3.,25.,144.7));
#3886=CARTESIAN_POINT('Origin',(1.53080849893419E-15,25.,135.7));
#3887=CARTESIAN_POINT('Origin',(-4.59242549680257E-15,-25.,144.7));
#3888=CARTESIAN_POINT('',(-3.,-25.,144.7));
#3889=CARTESIAN_POINT('Origin',(-4.59242549680257E-15,-25.,144.7));
#3890=CARTESIAN_POINT('',(-3.,-25.,135.7));
#3891=CARTESIAN_POINT('',(-3.,-25.,144.7));
#3892=CARTESIAN_POINT('Origin',(-4.59242549680257E-15,-25.,135.7));
#3893=CARTESIAN_POINT('Origin',(-17.6776695296637,-17.6776695296637,144.7));
#3894=CARTESIAN_POINT('',(-23.1776695296637,-17.6776695296637,144.7));
#3895=CARTESIAN_POINT('Origin',(-17.6776695296637,-17.6776695296637,144.7));
#3896=CARTESIAN_POINT('',(-23.1776695296637,-17.6776695296637,139.7));
#3897=CARTESIAN_POINT('',(-23.1776695296637,-17.6776695296637,144.7));
#3898=CARTESIAN_POINT('Origin',(-17.6776695296637,-17.6776695296637,139.7));
#3899=CARTESIAN_POINT('Origin',(-17.6776695296637,-17.6776695296637,139.7));
#3900=CARTESIAN_POINT('',(-20.9776695296637,-17.6776695296637,139.7));
#3901=CARTESIAN_POINT('Origin',(-17.6776695296637,-17.6776695296637,139.7));
#3902=CARTESIAN_POINT('Origin',(-17.6776695296637,17.6776695296637,144.7));
#3903=CARTESIAN_POINT('',(-23.1776695296637,17.6776695296637,144.7));
#3904=CARTESIAN_POINT('Origin',(-17.6776695296637,17.6776695296637,144.7));
#3905=CARTESIAN_POINT('',(-23.1776695296637,17.6776695296637,139.7));
#3906=CARTESIAN_POINT('',(-23.1776695296637,17.6776695296637,144.7));
#3907=CARTESIAN_POINT('Origin',(-17.6776695296637,17.6776695296637,139.7));
#3908=CARTESIAN_POINT('Origin',(-17.6776695296637,17.6776695296637,139.7));
#3909=CARTESIAN_POINT('',(-20.9776695296637,17.6776695296637,139.7));
#3910=CARTESIAN_POINT('Origin',(-17.6776695296637,17.6776695296637,139.7));
#3911=CARTESIAN_POINT('Origin',(17.6776695296637,17.6776695296637,144.7));
#3912=CARTESIAN_POINT('',(12.1776695296637,17.6776695296637,144.7));
#3913=CARTESIAN_POINT('Origin',(17.6776695296637,17.6776695296637,144.7));
#3914=CARTESIAN_POINT('',(12.1776695296637,17.6776695296637,139.7));
#3915=CARTESIAN_POINT('',(12.1776695296637,17.6776695296637,144.7));
#3916=CARTESIAN_POINT('Origin',(17.6776695296637,17.6776695296637,139.7));
#3917=CARTESIAN_POINT('Origin',(17.6776695296637,17.6776695296637,139.7));
#3918=CARTESIAN_POINT('',(14.3776695296637,17.6776695296637,139.7));
#3919=CARTESIAN_POINT('Origin',(17.6776695296637,17.6776695296637,139.7));
#3920=CARTESIAN_POINT('Origin',(17.6776695296637,-17.6776695296637,144.7));
#3921=CARTESIAN_POINT('',(12.1776695296637,-17.6776695296637,144.7));
#3922=CARTESIAN_POINT('Origin',(17.6776695296637,-17.6776695296637,144.7));
#3923=CARTESIAN_POINT('',(12.1776695296637,-17.6776695296637,139.7));
#3924=CARTESIAN_POINT('',(12.1776695296637,-17.6776695296637,144.7));
#3925=CARTESIAN_POINT('Origin',(17.6776695296637,-17.6776695296637,139.7));
#3926=CARTESIAN_POINT('Origin',(17.6776695296637,-17.6776695296637,139.7));
#3927=CARTESIAN_POINT('',(14.3776695296637,-17.6776695296637,139.7));
#3928=CARTESIAN_POINT('Origin',(17.6776695296637,-17.6776695296637,139.7));
#3929=CARTESIAN_POINT('Origin',(-17.6776695296637,-17.6776695296637,144.7));
#3930=CARTESIAN_POINT('',(-20.9776695296637,-17.6776695296637,135.7));
#3931=CARTESIAN_POINT('',(-20.9776695296637,-17.6776695296637,144.7));
#3932=CARTESIAN_POINT('Origin',(-17.6776695296637,-17.6776695296637,135.7));
#3933=CARTESIAN_POINT('Origin',(-17.6776695296637,17.6776695296637,144.7));
#3934=CARTESIAN_POINT('',(-20.9776695296637,17.6776695296637,135.7));
#3935=CARTESIAN_POINT('',(-20.9776695296637,17.6776695296637,144.7));
#3936=CARTESIAN_POINT('Origin',(-17.6776695296637,17.6776695296637,135.7));
#3937=CARTESIAN_POINT('Origin',(17.6776695296637,17.6776695296637,144.7));
#3938=CARTESIAN_POINT('',(14.3776695296637,17.6776695296637,135.7));
#3939=CARTESIAN_POINT('',(14.3776695296637,17.6776695296637,144.7));
#3940=CARTESIAN_POINT('Origin',(17.6776695296637,17.6776695296637,135.7));
#3941=CARTESIAN_POINT('Origin',(17.6776695296637,-17.6776695296637,144.7));
#3942=CARTESIAN_POINT('',(14.3776695296637,-17.6776695296637,135.7));
#3943=CARTESIAN_POINT('',(14.3776695296637,-17.6776695296637,144.7));
#3944=CARTESIAN_POINT('Origin',(17.6776695296637,-17.6776695296637,135.7));
#3945=CARTESIAN_POINT('Origin',(0.,0.,123.7));
#3946=CARTESIAN_POINT('',(-6.,-7.34788079488412E-16,147.7));
#3947=CARTESIAN_POINT('Origin',(0.,0.,147.7));
#3948=CARTESIAN_POINT('',(-6.,7.34788079488412E-16,144.7));
#3949=CARTESIAN_POINT('',(-6.,-7.34788079488412E-16,123.7));
#3950=CARTESIAN_POINT('Origin',(0.,0.,144.7));
#3951=CARTESIAN_POINT('Origin',(0.,0.,147.7));
#3952=CARTESIAN_POINT('',(-5.,-6.12323399573677E-16,147.7));
#3953=CARTESIAN_POINT('Origin',(0.,0.,147.7));
#3954=CARTESIAN_POINT('Origin',(0.,0.,147.7));
#3955=CARTESIAN_POINT('',(-5.,-6.12323399573677E-16,157.7));
#3956=CARTESIAN_POINT('Origin',(0.,0.,157.7));
#3957=CARTESIAN_POINT('',(-5.,-6.12323399573677E-16,153.4));
#3958=CARTESIAN_POINT('',(-5.,-6.12323399573677E-16,147.7));
#3959=CARTESIAN_POINT('',(-4.769696007085,-1.5,153.4));
#3960=CARTESIAN_POINT('Origin',(0.,0.,153.4));
#3961=CARTESIAN_POINT('',(-4.769696007085,-1.5,150.8));
#3962=CARTESIAN_POINT('',(-4.769696007085,-1.5,147.7));
#3963=CARTESIAN_POINT('',(-5.,-6.12323399573677E-16,150.8));
#3964=CARTESIAN_POINT('Origin',(0.,0.,150.8));
#3965=CARTESIAN_POINT('',(-5.,-6.12323399573677E-16,147.7));
#3966=CARTESIAN_POINT('',(-4.769696007085,1.5,150.8));
#3967=CARTESIAN_POINT('Origin',(0.,0.,150.8));
#3968=CARTESIAN_POINT('',(-4.769696007085,1.5,153.4));
#3969=CARTESIAN_POINT('',(-4.769696007085,1.5,147.7));
#3970=CARTESIAN_POINT('Origin',(0.,0.,153.4));
#3971=CARTESIAN_POINT('',(4.769696007085,-1.5,150.8));
#3972=CARTESIAN_POINT('',(4.769696007085,1.5,150.8));
#3973=CARTESIAN_POINT('Origin',(0.,0.,150.8));
#3974=CARTESIAN_POINT('',(4.769696007085,-1.5,153.4));
#3975=CARTESIAN_POINT('',(4.769696007085,-1.5,147.7));
#3976=CARTESIAN_POINT('',(4.769696007085,1.5,153.4));
#3977=CARTESIAN_POINT('Origin',(0.,0.,153.4));
#3978=CARTESIAN_POINT('',(4.769696007085,1.5,147.7));
#3979=CARTESIAN_POINT('Origin',(-7.5,-1.5,153.4));
#3980=CARTESIAN_POINT('',(7.5,1.5,153.4));
#3981=CARTESIAN_POINT('',(-7.5,1.5,153.4));
#3982=CARTESIAN_POINT('',(7.5,-1.5,153.4));
#3983=CARTESIAN_POINT('',(-7.5,-1.5,153.4));
#3984=CARTESIAN_POINT('',(7.5,-1.5,153.4));
#3985=CARTESIAN_POINT('Origin',(-7.5,-1.5,150.8));
#3986=CARTESIAN_POINT('',(7.5,-1.5,150.8));
#3987=CARTESIAN_POINT('',(-7.5,-1.5,150.8));
#3988=CARTESIAN_POINT('',(7.5,-1.5,150.8));
#3989=CARTESIAN_POINT('Origin',(-7.5,-1.5,150.8));
#3990=CARTESIAN_POINT('',(7.5,1.5,150.8));
#3991=CARTESIAN_POINT('',(-7.5,1.5,150.8));
#3992=CARTESIAN_POINT('',(7.5,-1.5,150.8));
#3993=CARTESIAN_POINT('Origin',(-7.5,1.5,150.8));
#3994=CARTESIAN_POINT('',(7.5,1.5,150.8));
#3995=CARTESIAN_POINT('Origin',(0.,0.,157.7));
#3996=CARTESIAN_POINT('Origin',(-7.5,-1.5,150.8));
#3997=CARTESIAN_POINT('',(-7.5,1.5,150.8));
#3998=CARTESIAN_POINT('',(-7.5,1.5,150.8));
#3999=CARTESIAN_POINT('',(-7.5,-1.5,150.8));
#4000=CARTESIAN_POINT('',(-7.5,-1.5,150.8));
#4001=CARTESIAN_POINT('',(-7.5,-1.5,150.8));
#4002=CARTESIAN_POINT('Origin',(-7.5,-1.5,150.8));
#4003=CARTESIAN_POINT('',(-7.5,-1.5,153.4));
#4004=CARTESIAN_POINT('',(-7.5,-1.5,153.4));
#4005=CARTESIAN_POINT('',(-7.5,-1.5,150.8));
#4006=CARTESIAN_POINT('Origin',(-7.5,-1.5,153.4));
#4007=CARTESIAN_POINT('',(-7.5,1.5,153.4));
#4008=CARTESIAN_POINT('',(-7.5,1.5,153.4));
#4009=CARTESIAN_POINT('',(-7.5,-1.5,153.4));
#4010=CARTESIAN_POINT('Origin',(-7.5,1.5,150.8));
#4011=CARTESIAN_POINT('',(-7.5,1.5,150.8));
#4012=CARTESIAN_POINT('Origin',(7.5,-1.5,150.8));
#4013=CARTESIAN_POINT('Origin',(-7.5,-1.5,150.8));
#4014=CARTESIAN_POINT('Origin',(0.,0.,135.7));
#4015=CARTESIAN_POINT('',(-33.,-4.04133443718627E-15,144.7));
#4016=CARTESIAN_POINT('Origin',(0.,0.,144.7));
#4017=CARTESIAN_POINT('',(-33.,-4.04133443718627E-15,135.7));
#4018=CARTESIAN_POINT('',(-33.,-4.04133443718627E-15,135.7));
#4019=CARTESIAN_POINT('Origin',(0.,0.,135.7));
#4020=CARTESIAN_POINT('Origin',(0.,0.,144.7));
#4021=CARTESIAN_POINT('Origin',(0.,0.,135.7));
#4022=CARTESIAN_POINT('',(0.,0.,0.));
#4023=CARTESIAN_POINT('',(0.,0.,0.));
#4024=CARTESIAN_POINT('Origin',(8.3,-9.3,162.7));
#4025=CARTESIAN_POINT('',(8.3,-9.3,162.7));
#4026=CARTESIAN_POINT('',(8.3,-9.3,164.9));
#4027=CARTESIAN_POINT('',(8.3,-9.3,162.7));
#4028=CARTESIAN_POINT('',(8.3,-6.53407304086319,162.7));
#4029=CARTESIAN_POINT('',(8.3,-9.3,162.7));
#4030=CARTESIAN_POINT('',(8.3,0.,162.7));
#4031=CARTESIAN_POINT('',(8.3,-9.3,162.7));
#4032=CARTESIAN_POINT('',(8.3,6.53407304086319,162.7));
#4033=CARTESIAN_POINT('',(8.3,0.,162.7));
#4034=CARTESIAN_POINT('',(8.3,9.3,162.7));
#4035=CARTESIAN_POINT('',(8.3,0.,162.7));
#4036=CARTESIAN_POINT('',(8.3,9.3,164.9));
#4037=CARTESIAN_POINT('',(8.3,9.3,162.7));
#4038=CARTESIAN_POINT('',(8.3,-9.3,164.9));
#4039=CARTESIAN_POINT('Origin',(-8.3,-9.3,162.7));
#4040=CARTESIAN_POINT('',(-8.3,-9.3,164.9));
#4041=CARTESIAN_POINT('',(-8.3,-9.3,164.9));
#4042=CARTESIAN_POINT('',(-8.3,-9.3,162.7));
#4043=CARTESIAN_POINT('',(-8.3,-9.3,162.7));
#4044=CARTESIAN_POINT('',(-4.2874102320698,-9.3,162.7));
#4045=CARTESIAN_POINT('',(-8.3,-9.3,162.7));
#4046=CARTESIAN_POINT('',(4.2874102320698,-9.3,162.7));
#4047=CARTESIAN_POINT('',(-8.3,-9.3,162.7));
#4048=CARTESIAN_POINT('',(-8.3,-9.3,162.7));
#4049=CARTESIAN_POINT('Origin',(7.9,-9.3,165.3));
#4050=CARTESIAN_POINT('',(7.5,-8.5,165.7));
#4051=CARTESIAN_POINT('',(5.266666666667,-6.266666666667,167.93333333333));
#4052=CARTESIAN_POINT('',(7.5,8.5,165.7));
#4053=CARTESIAN_POINT('',(2.166666666667,3.166666666667,171.03333333333));
#4054=CARTESIAN_POINT('',(7.5,-9.3,165.7));
#4055=CARTESIAN_POINT('Ctrl Pts',(6.65856331648,-7.460799860634,159.7));
#4056=CARTESIAN_POINT('Ctrl Pts',(6.576838564668,-7.369228753182,160.83779863924));
#4057=CARTESIAN_POINT('Ctrl Pts',(8.381724751811,-9.391571107451,161.56220136075));
#4058=CARTESIAN_POINT('Ctrl Pts',(8.3,-9.3,162.7));
#4059=CARTESIAN_POINT('Ctrl Pts',(7.443957354378,-6.759856794552,159.7));
#4060=CARTESIAN_POINT('Ctrl Pts',(7.401336232616,-6.691265937421,160.83779863924));
#4061=CARTESIAN_POINT('Ctrl Pts',(8.342621121762,-8.206090857132,161.56220136075));
#4062=CARTESIAN_POINT('Ctrl Pts',(8.3,-8.1375,162.7));
#4063=CARTESIAN_POINT('Ctrl Pts',(8.145022324957,-5.96442458092,159.69999999999));
#4064=CARTESIAN_POINT('Ctrl Pts',(8.137306211288,-5.914109496494,160.83779863924));
#4065=CARTESIAN_POINT('Ctrl Pts',(8.307716113668,-7.025315084426,161.56220136075));
#4066=CARTESIAN_POINT('Ctrl Pts',(8.3,-6.975,162.7));
#4067=CARTESIAN_POINT('Ctrl Pts',(8.74849628462,-5.086339810303,159.7));
#4068=CARTESIAN_POINT('Ctrl Pts',(8.770826264154,-5.050185347646,160.83779863924));
#4069=CARTESIAN_POINT('Ctrl Pts',(8.277670020466,-5.848654462657,161.56220136075));
#4070=CARTESIAN_POINT('Ctrl Pts',(8.3,-5.8125,162.7));
#4071=CARTESIAN_POINT('Ctrl Pts',(9.243109132738,-4.139671952451,159.7));
#4072=CARTESIAN_POINT('Ctrl Pts',(9.290065168617,-4.114263459119,160.83779863924));
#4073=CARTESIAN_POINT('Ctrl Pts',(8.253043964121,-4.675408493332,161.56220136075));
#4074=CARTESIAN_POINT('Ctrl Pts',(8.3,-4.65,162.7));
#4075=CARTESIAN_POINT('Ctrl Pts',(9.620057978297,-3.140306418502,159.69999999999));
#4076=CARTESIAN_POINT('Ctrl Pts',(9.685781750488,-3.123020153632,160.83779863924));
#4077=CARTESIAN_POINT('Ctrl Pts',(8.234276227809,-3.50478626487,161.56220136075));
#4078=CARTESIAN_POINT('Ctrl Pts',(8.3,-3.4875,162.7));
#4079=CARTESIAN_POINT('Ctrl Pts',(9.873352494695,-2.105388270848,159.7));
#4080=CARTESIAN_POINT('Ctrl Pts',(9.951687433491,-2.094454121367,160.83779863923));
#4081=CARTESIAN_POINT('Ctrl Pts',(8.221665061204,-2.33593414948,161.56220136075));
#4082=CARTESIAN_POINT('Ctrl Pts',(8.3,-2.325,162.7));
#4083=CARTESIAN_POINT('Ctrl Pts',(10.,-1.052694151524,159.69999999999));
#4084=CARTESIAN_POINT('Ctrl Pts',(10.084640534401,-1.047227077586,160.83779863924));
#4085=CARTESIAN_POINT('Ctrl Pts',(8.215359465598,-1.167967073938,161.56220136075));
#4086=CARTESIAN_POINT('Ctrl Pts',(8.3,-1.1625,162.7));
#4087=CARTESIAN_POINT('Ctrl Pts',(10.,-2.6645352591E-15,159.7));
#4088=CARTESIAN_POINT('Ctrl Pts',(10.084640534402,-2.797198605137E-15,160.83779863924));
#4089=CARTESIAN_POINT('Ctrl Pts',(8.215359465598,1.326633460364E-16,161.56220136075));
#4090=CARTESIAN_POINT('Ctrl Pts',(8.3,0.,162.7));
#4091=CARTESIAN_POINT('',(10.,-1.224646794736E-15,159.7));
#4092=CARTESIAN_POINT('',(8.72212311879584,-4.89127471121455,159.7));
#4093=CARTESIAN_POINT('Origin',(-1.110223024625E-15,1.998401444325E-15,
159.7));
#4094=CARTESIAN_POINT('Ctrl Pts',(10.,8.881784197001E-16,159.7));
#4095=CARTESIAN_POINT('Ctrl Pts',(10.084640534402,9.323995350456E-16,160.83779863924));
#4096=CARTESIAN_POINT('Ctrl Pts',(8.215359465598,-4.422111534548E-17,161.56220136075));
#4097=CARTESIAN_POINT('Ctrl Pts',(8.3,0.,162.7));
#4098=CARTESIAN_POINT('',(6.65856331648,-7.460799860634,159.7));
#4099=CARTESIAN_POINT('Ctrl Pts',(6.65856331648,-7.460799860634,159.7));
#4100=CARTESIAN_POINT('Ctrl Pts',(6.576838564668,-7.369228753182,160.83779863924));
#4101=CARTESIAN_POINT('Ctrl Pts',(8.381724751811,-9.391571107451,161.56220136075));
#4102=CARTESIAN_POINT('Ctrl Pts',(8.3,-9.3,162.7));
#4103=CARTESIAN_POINT('Origin',(-1.110223024625E-15,1.998401444325E-15,
159.7));
#4104=CARTESIAN_POINT('Origin',(-8.3,9.3,162.7));
#4105=CARTESIAN_POINT('',(4.2874102320698,9.3,162.7));
#4106=CARTESIAN_POINT('',(8.3,9.3,162.7));
#4107=CARTESIAN_POINT('',(-4.2874102320698,9.3,162.7));
#4108=CARTESIAN_POINT('',(8.3,9.3,162.7));
#4109=CARTESIAN_POINT('',(-8.3,9.3,162.7));
#4110=CARTESIAN_POINT('',(8.3,9.3,162.7));
#4111=CARTESIAN_POINT('',(-8.3,9.3,164.9));
#4112=CARTESIAN_POINT('',(-8.3,9.3,162.7));
#4113=CARTESIAN_POINT('',(-8.3,9.3,164.9));
#4114=CARTESIAN_POINT('Ctrl Pts',(10.,8.881784197001E-16,159.7));
#4115=CARTESIAN_POINT('Ctrl Pts',(10.084640534402,9.323995350456E-16,160.83779863924));
#4116=CARTESIAN_POINT('Ctrl Pts',(8.215359465598,-4.422111534548E-17,161.56220136075));
#4117=CARTESIAN_POINT('Ctrl Pts',(8.3,0.,162.7));
#4118=CARTESIAN_POINT('Ctrl Pts',(10.,1.052694151524,159.7));
#4119=CARTESIAN_POINT('Ctrl Pts',(10.084640534401,1.047227077586,160.83779863924));
#4120=CARTESIAN_POINT('Ctrl Pts',(8.215359465598,1.167967073938,161.56220136075));
#4121=CARTESIAN_POINT('Ctrl Pts',(8.3,1.1625,162.7));
#4122=CARTESIAN_POINT('Ctrl Pts',(9.873352494695,2.105388270847,159.7));
#4123=CARTESIAN_POINT('Ctrl Pts',(9.951687433491,2.094454121367,160.83779863924));
#4124=CARTESIAN_POINT('Ctrl Pts',(8.221665061204,2.33593414948,161.56220136075));
#4125=CARTESIAN_POINT('Ctrl Pts',(8.3,2.325,162.7));
#4126=CARTESIAN_POINT('Ctrl Pts',(9.620057978297,3.140306418502,159.7));
#4127=CARTESIAN_POINT('Ctrl Pts',(9.685781750488,3.123020153632,160.83779863923));
#4128=CARTESIAN_POINT('Ctrl Pts',(8.234276227809,3.50478626487,161.56220136075));
#4129=CARTESIAN_POINT('Ctrl Pts',(8.3,3.4875,162.7));
#4130=CARTESIAN_POINT('Ctrl Pts',(9.243109132738,4.139671952451,159.7));
#4131=CARTESIAN_POINT('Ctrl Pts',(9.290065168617,4.114263459119,160.83779863924));
#4132=CARTESIAN_POINT('Ctrl Pts',(8.253043964121,4.675408493332,161.56220136075));
#4133=CARTESIAN_POINT('Ctrl Pts',(8.3,4.65,162.7));
#4134=CARTESIAN_POINT('Ctrl Pts',(8.74849628462,5.086339810303,159.7));
#4135=CARTESIAN_POINT('Ctrl Pts',(8.770826264154,5.050185347645,160.83779863924));
#4136=CARTESIAN_POINT('Ctrl Pts',(8.277670020466,5.848654462657,161.56220136075));
#4137=CARTESIAN_POINT('Ctrl Pts',(8.3,5.8125,162.7));
#4138=CARTESIAN_POINT('Ctrl Pts',(8.145022324957,5.96442458092,159.7));
#4139=CARTESIAN_POINT('Ctrl Pts',(8.137306211289,5.914109496494,160.83779863923));
#4140=CARTESIAN_POINT('Ctrl Pts',(8.307716113668,7.025315084426,161.56220136075));
#4141=CARTESIAN_POINT('Ctrl Pts',(8.3,6.975,162.7));
#4142=CARTESIAN_POINT('Ctrl Pts',(7.443957354378,6.759856794552,159.7));
#4143=CARTESIAN_POINT('Ctrl Pts',(7.401336232616,6.691265937421,160.83779863924));
#4144=CARTESIAN_POINT('Ctrl Pts',(8.342621121762,8.206090857132,161.56220136075));
#4145=CARTESIAN_POINT('Ctrl Pts',(8.3,8.1375,162.7));
#4146=CARTESIAN_POINT('Ctrl Pts',(6.65856331648,7.460799860634,159.7));
#4147=CARTESIAN_POINT('Ctrl Pts',(6.576838564668,7.369228753182,160.83779863924));
#4148=CARTESIAN_POINT('Ctrl Pts',(8.381724751811,9.391571107451,161.56220136075));
#4149=CARTESIAN_POINT('Ctrl Pts',(8.3,9.3,162.7));
#4150=CARTESIAN_POINT('',(6.65856331648,7.460799860634,159.7));
#4151=CARTESIAN_POINT('',(8.72212311879463,4.89127471121672,159.7));
#4152=CARTESIAN_POINT('Origin',(-1.110223024625E-15,1.998401444325E-15,
159.7));
#4153=CARTESIAN_POINT('Ctrl Pts',(6.65856331648,7.460799860634,159.7));
#4154=CARTESIAN_POINT('Ctrl Pts',(6.576838564668,7.369228753182,160.83779863924));
#4155=CARTESIAN_POINT('Ctrl Pts',(8.381724751811,9.391571107451,161.56220136075));
#4156=CARTESIAN_POINT('Ctrl Pts',(8.3,9.3,162.7));
#4157=CARTESIAN_POINT('Origin',(-1.110223024625E-15,1.998401444325E-15,
159.7));
#4158=CARTESIAN_POINT('Origin',(-8.3,-8.9,165.3));
#4159=CARTESIAN_POINT('',(-7.5,-8.5,165.7));
#4160=CARTESIAN_POINT('',(-8.033333333333,-9.033333333333,165.16666666666));
#4161=CARTESIAN_POINT('',(-8.3,-8.5,165.7));
#4162=CARTESIAN_POINT('Ctrl Pts',(-6.65856331648,-7.460799860634,159.7));
#4163=CARTESIAN_POINT('Ctrl Pts',(-6.576838564668,-7.369228753182,160.83779863924));
#4164=CARTESIAN_POINT('Ctrl Pts',(-8.381724751811,-9.391571107451,161.56220136075));
#4165=CARTESIAN_POINT('Ctrl Pts',(-8.3,-9.3,162.7));
#4166=CARTESIAN_POINT('Ctrl Pts',(-5.299502138267,-8.673725428285,159.7));
#4167=CARTESIAN_POINT('Ctrl Pts',(-5.253422942029,-8.642544125678,160.83779863924));
#4168=CARTESIAN_POINT('Ctrl Pts',(-6.271079196238,-9.331181302607,161.56220136075));
#4169=CARTESIAN_POINT('Ctrl Pts',(-6.225,-9.3,162.7));
#4170=CARTESIAN_POINT('Ctrl Pts',(-3.687929879639,-9.603717389048,159.69999999999));
#4171=CARTESIAN_POINT('Ctrl Pts',(-3.664924078511,-9.618839037351,160.83779863924));
#4172=CARTESIAN_POINT('Ctrl Pts',(-4.173005801128,-9.284878351696,161.56220136075));
#4173=CARTESIAN_POINT('Ctrl Pts',(-4.15,-9.3,162.7));
#4174=CARTESIAN_POINT('Ctrl Pts',(-1.892568924944,-10.1894456428,159.7));
#4175=CARTESIAN_POINT('Ctrl Pts',(-1.883485946306,-10.23372985135,160.83779863923));
#4176=CARTESIAN_POINT('Ctrl Pts',(-2.084082978638,-9.255715791454,161.56220136075));
#4177=CARTESIAN_POINT('Ctrl Pts',(-2.075,-9.3,162.7));
#4178=CARTESIAN_POINT('Ctrl Pts',(-9.814371537686E-14,-10.38961010791,159.69999999999));
#4179=CARTESIAN_POINT('Ctrl Pts',(-1.030273848028E-13,-10.44386021487,160.83779863925));
#4180=CARTESIAN_POINT('Ctrl Pts',(4.828158274735E-15,-9.245749893045,161.56220136075));
#4181=CARTESIAN_POINT('Ctrl Pts',(-5.551115123126E-17,-9.3,162.7));
#4182=CARTESIAN_POINT('Ctrl Pts',(1.892568924944,-10.1894456428,159.7));
#4183=CARTESIAN_POINT('Ctrl Pts',(1.883485946307,-10.23372985135,160.83779863923));
#4184=CARTESIAN_POINT('Ctrl Pts',(2.084082978638,-9.255715791454,161.56220136075));
#4185=CARTESIAN_POINT('Ctrl Pts',(2.075,-9.3,162.7));
#4186=CARTESIAN_POINT('Ctrl Pts',(3.687929879639,-9.603717389048,159.69999999999));
#4187=CARTESIAN_POINT('Ctrl Pts',(3.664924078511,-9.618839037351,160.83779863924));
#4188=CARTESIAN_POINT('Ctrl Pts',(4.173005801128,-9.284878351696,161.56220136075));
#4189=CARTESIAN_POINT('Ctrl Pts',(4.15,-9.3,162.7));
#4190=CARTESIAN_POINT('Ctrl Pts',(5.299502138267,-8.673725428286,159.7));
#4191=CARTESIAN_POINT('Ctrl Pts',(5.25342294203,-8.642544125678,160.83779863923));
#4192=CARTESIAN_POINT('Ctrl Pts',(6.271079196238,-9.331181302607,161.56220136075));
#4193=CARTESIAN_POINT('Ctrl Pts',(6.225,-9.3,162.7));
#4194=CARTESIAN_POINT('Ctrl Pts',(6.65856331648,-7.460799860634,159.7));
#4195=CARTESIAN_POINT('Ctrl Pts',(6.576838564668,-7.369228753182,160.83779863924));
#4196=CARTESIAN_POINT('Ctrl Pts',(8.381724751811,-9.391571107451,161.56220136075));
#4197=CARTESIAN_POINT('Ctrl Pts',(8.3,-9.3,162.7));
#4198=CARTESIAN_POINT('',(-6.65856331648,-7.460799860634,159.7));
#4199=CARTESIAN_POINT('',(-3.20381630369919,-9.47288557338508,159.699999999996));
#4200=CARTESIAN_POINT('Origin',(-5.55111512312578E-15,1.41986977730824E-9,
159.700000000014));
#4201=CARTESIAN_POINT('',(3.20381630369659,-9.47288557338595,159.699999999996));
#4202=CARTESIAN_POINT('Origin',(-5.55111512312578E-15,1.41986977730824E-9,
159.700000000014));
#4203=CARTESIAN_POINT('Origin',(-5.55111512312578E-15,1.41986977730824E-9,
159.700000000014));
#4204=CARTESIAN_POINT('Ctrl Pts',(-6.65856331648,-7.460799860634,159.7));
#4205=CARTESIAN_POINT('Ctrl Pts',(-6.576838564668,-7.369228753182,160.83779863924));
#4206=CARTESIAN_POINT('Ctrl Pts',(-8.381724751811,-9.391571107451,161.56220136075));
#4207=CARTESIAN_POINT('Ctrl Pts',(-8.3,-9.3,162.7));
#4208=CARTESIAN_POINT('Origin',(-8.3,-9.3,162.7));
#4209=CARTESIAN_POINT('',(-8.3,-9.3,164.9));
#4210=CARTESIAN_POINT('',(-8.3,6.53407303213333,162.7));
#4211=CARTESIAN_POINT('',(-8.3,9.3,162.7));
#4212=CARTESIAN_POINT('',(-8.3,-6.53407303213333,162.7));
#4213=CARTESIAN_POINT('',(-8.3,9.3,162.7));
#4214=CARTESIAN_POINT('',(-8.3,9.3,162.7));
#4215=CARTESIAN_POINT('Origin',(-8.3,-9.3,165.7));
#4216=CARTESIAN_POINT('',(-7.5,8.5,165.7));
#4217=CARTESIAN_POINT('',(-7.5,-9.3,165.7));
#4218=CARTESIAN_POINT('',(-8.3,8.5,165.7));
#4219=CARTESIAN_POINT('Origin',(-8.3,8.9,165.3));
#4220=CARTESIAN_POINT('',(-4.933333333333,5.933333333333,168.26666666666));
#4221=CARTESIAN_POINT('Origin',(0.,0.,147.7));
#4222=CARTESIAN_POINT('',(-8.7221231111325,-4.89127472297593,159.699999999997));
#4223=CARTESIAN_POINT('Origin',(4.51514825527966E-9,5.55111512312578E-15,
159.70000000001));
#4224=CARTESIAN_POINT('',(-10.,-1.22464679914735E-15,159.7));
#4225=CARTESIAN_POINT('Origin',(4.51514825527966E-9,5.55111512312578E-15,
159.70000000001));
#4226=CARTESIAN_POINT('',(-10.,-1.22464679914735E-15,147.7));
#4227=CARTESIAN_POINT('',(-10.,-1.22464679914735E-15,147.7));
#4228=CARTESIAN_POINT('Origin',(0.,0.,147.7));
#4229=CARTESIAN_POINT('',(-8.72212311113251,4.89127472297593,159.699999999997));
#4230=CARTESIAN_POINT('Origin',(4.51514825527966E-9,5.55111512312578E-15,
159.70000000001));
#4231=CARTESIAN_POINT('',(-6.65856331648,7.460799860634,159.7));
#4232=CARTESIAN_POINT('Origin',(4.51514825527966E-9,5.55111512312578E-15,
159.70000000001));
#4233=CARTESIAN_POINT('',(-3.20381630363207,9.47288557341153,159.699999999995));
#4234=CARTESIAN_POINT('Origin',(-6.66133814775094E-15,-1.4021317440438E-9,
159.700000000019));
#4235=CARTESIAN_POINT('',(3.20381630362818,9.47288557341284,159.699999999995));
#4236=CARTESIAN_POINT('Origin',(-6.66133814775094E-15,-1.4021317440438E-9,
159.700000000019));
#4237=CARTESIAN_POINT('Origin',(-6.66133814775094E-15,-1.4021317440438E-9,
159.700000000019));
#4238=CARTESIAN_POINT('Ctrl Pts',(6.65856331648,7.460799860634,159.7));
#4239=CARTESIAN_POINT('Ctrl Pts',(6.576838564668,7.369228753182,160.83779863924));
#4240=CARTESIAN_POINT('Ctrl Pts',(8.381724751811,9.391571107451,161.56220136075));
#4241=CARTESIAN_POINT('Ctrl Pts',(8.3,9.3,162.7));
#4242=CARTESIAN_POINT('Ctrl Pts',(5.299502138267,8.673725428285,159.69999999999));
#4243=CARTESIAN_POINT('Ctrl Pts',(5.253422942029,8.642544125678,160.83779863923));
#4244=CARTESIAN_POINT('Ctrl Pts',(6.271079196238,9.331181302607,161.56220136075));
#4245=CARTESIAN_POINT('Ctrl Pts',(6.225,9.3,162.7));
#4246=CARTESIAN_POINT('Ctrl Pts',(3.687929879639,9.603717389049,159.7));
#4247=CARTESIAN_POINT('Ctrl Pts',(3.664924078511,9.618839037352,160.83779863926));
#4248=CARTESIAN_POINT('Ctrl Pts',(4.173005801128,9.284878351696,161.56220136075));
#4249=CARTESIAN_POINT('Ctrl Pts',(4.15,9.3,162.7));
#4250=CARTESIAN_POINT('Ctrl Pts',(1.892568924944,10.189445642803,159.69999999998));
#4251=CARTESIAN_POINT('Ctrl Pts',(1.883485946306,10.233729851349,160.8377986392));
#4252=CARTESIAN_POINT('Ctrl Pts',(2.084082978638,9.255715791454,161.56220136076));
#4253=CARTESIAN_POINT('Ctrl Pts',(2.075,9.3,162.7));
#4254=CARTESIAN_POINT('Ctrl Pts',(6.084022174946E-14,10.389610107921,159.70000000001));
#4255=CARTESIAN_POINT('Ctrl Pts',(6.387213197033E-14,10.443860214876,160.83779863928));
#4256=CARTESIAN_POINT('Ctrl Pts',(-3.087421372106E-15,9.245749893045,161.56220136075));
#4257=CARTESIAN_POINT('Ctrl Pts',(-5.551115123126E-17,9.3,162.7));
#4258=CARTESIAN_POINT('Ctrl Pts',(-1.892568924944,10.189445642803,159.69999999998));
#4259=CARTESIAN_POINT('Ctrl Pts',(-1.883485946307,10.233729851349,160.8377986392));
#4260=CARTESIAN_POINT('Ctrl Pts',(-2.084082978638,9.255715791454,161.56220136076));
#4261=CARTESIAN_POINT('Ctrl Pts',(-2.075,9.3,162.7));
#4262=CARTESIAN_POINT('Ctrl Pts',(-3.687929879639,9.603717389049,159.7));
#4263=CARTESIAN_POINT('Ctrl Pts',(-3.664924078511,9.618839037352,160.83779863926));
#4264=CARTESIAN_POINT('Ctrl Pts',(-4.173005801128,9.284878351696,161.56220136075));
#4265=CARTESIAN_POINT('Ctrl Pts',(-4.15,9.3,162.7));
#4266=CARTESIAN_POINT('Ctrl Pts',(-5.299502138267,8.673725428285,159.69999999999));
#4267=CARTESIAN_POINT('Ctrl Pts',(-5.253422942029,8.642544125678,160.83779863923));
#4268=CARTESIAN_POINT('Ctrl Pts',(-6.271079196238,9.331181302607,161.56220136075));
#4269=CARTESIAN_POINT('Ctrl Pts',(-6.225,9.3,162.7));
#4270=CARTESIAN_POINT('Ctrl Pts',(-6.65856331648,7.460799860634,159.7));
#4271=CARTESIAN_POINT('Ctrl Pts',(-6.576838564668,7.369228753182,160.83779863924));
#4272=CARTESIAN_POINT('Ctrl Pts',(-8.381724751811,9.391571107451,161.56220136075));
#4273=CARTESIAN_POINT('Ctrl Pts',(-8.3,9.3,162.7));
#4274=CARTESIAN_POINT('Ctrl Pts',(-6.65856331648,7.460799860634,159.7));
#4275=CARTESIAN_POINT('Ctrl Pts',(-6.576838564668,7.369228753182,160.83779863924));
#4276=CARTESIAN_POINT('Ctrl Pts',(-8.381724751811,9.391571107451,161.56220136075));
#4277=CARTESIAN_POINT('Ctrl Pts',(-8.3,9.3,162.7));
#4278=CARTESIAN_POINT('Origin',(-7.9,-9.3,165.3));
#4279=CARTESIAN_POINT('Ctrl Pts',(-6.65856331648,7.460799860634,159.7));
#4280=CARTESIAN_POINT('Ctrl Pts',(-6.576838564668,7.369228753182,160.83779863924));
#4281=CARTESIAN_POINT('Ctrl Pts',(-8.381724751811,9.391571107451,161.56220136075));
#4282=CARTESIAN_POINT('Ctrl Pts',(-8.3,9.3,162.7));
#4283=CARTESIAN_POINT('Ctrl Pts',(-8.229351392276,6.058913728471,159.7));
#4284=CARTESIAN_POINT('Ctrl Pts',(-8.225833900563,6.013303121659,160.83779863925));
#4285=CARTESIAN_POINT('Ctrl Pts',(-8.303517491713,7.020610606812,161.56220136075));
#4286=CARTESIAN_POINT('Ctrl Pts',(-8.3,6.975,162.7));
#4287=CARTESIAN_POINT('Ctrl Pts',(-9.462823602416,4.27906961388,159.69999999999));
#4288=CARTESIAN_POINT('Ctrl Pts',(-9.520718903077,4.260601527935,160.83779863921));
#4289=CARTESIAN_POINT('Ctrl Pts',(-8.242104699339,4.668468085945,161.56220136076));
#4290=CARTESIAN_POINT('Ctrl Pts',(-8.3,4.65,162.7));
#4291=CARTESIAN_POINT('Ctrl Pts',(-10.25287964556,2.215970652837,159.7));
#4292=CARTESIAN_POINT('Ctrl Pts',(-10.35011069075,2.210542239773,160.83779863929));
#4293=CARTESIAN_POINT('Ctrl Pts',(-8.20276895481,2.330428413064,161.56220136075));
#4294=CARTESIAN_POINT('Ctrl Pts',(-8.3,2.325,162.7));
#4295=CARTESIAN_POINT('Ctrl Pts',(-10.52532298095,-1.438849039914E-13,159.69999999999));
#4296=CARTESIAN_POINT('Ctrl Pts',(-10.63611858467,-1.510487246774E-13,160.83779863917));
#4297=CARTESIAN_POINT('Ctrl Pts',(-8.18920439628,7.163820685968E-15,161.56220136076));
#4298=CARTESIAN_POINT('Ctrl Pts',(-8.3,0.,162.7));
#4299=CARTESIAN_POINT('Ctrl Pts',(-10.25287964556,-2.215970652837,159.7));
#4300=CARTESIAN_POINT('Ctrl Pts',(-10.35011069075,-2.210542239773,160.83779863929));
#4301=CARTESIAN_POINT('Ctrl Pts',(-8.20276895481,-2.330428413064,161.56220136075));
#4302=CARTESIAN_POINT('Ctrl Pts',(-8.3,-2.325,162.7));
#4303=CARTESIAN_POINT('Ctrl Pts',(-9.462823602416,-4.27906961388,159.69999999999));
#4304=CARTESIAN_POINT('Ctrl Pts',(-9.520718903077,-4.260601527935,160.83779863921));
#4305=CARTESIAN_POINT('Ctrl Pts',(-8.242104699339,-4.668468085945,161.56220136076));
#4306=CARTESIAN_POINT('Ctrl Pts',(-8.3,-4.65,162.7));
#4307=CARTESIAN_POINT('Ctrl Pts',(-8.229351392276,-6.058913728471,159.7));
#4308=CARTESIAN_POINT('Ctrl Pts',(-8.225833900563,-6.013303121659,160.83779863924));
#4309=CARTESIAN_POINT('Ctrl Pts',(-8.303517491713,-7.020610606812,161.56220136075));
#4310=CARTESIAN_POINT('Ctrl Pts',(-8.3,-6.975,162.7));
#4311=CARTESIAN_POINT('Ctrl Pts',(-6.65856331648,-7.460799860634,159.7));
#4312=CARTESIAN_POINT('Ctrl Pts',(-6.576838564668,-7.369228753182,160.83779863924));
#4313=CARTESIAN_POINT('Ctrl Pts',(-8.381724751811,-9.391571107451,161.56220136075));
#4314=CARTESIAN_POINT('Ctrl Pts',(-8.3,-9.3,162.7));
#4315=CARTESIAN_POINT('Origin',(0.,0.,147.7));
#4316=CARTESIAN_POINT('',(4.842520005121,1.6,147.7));
#4317=CARTESIAN_POINT('',(-4.842520005121,1.6,147.7));
#4318=CARTESIAN_POINT('Origin',(0.,0.,147.7));
#4319=CARTESIAN_POINT('',(-7.6,1.6,147.7));
#4320=CARTESIAN_POINT('',(-3.8,1.6,147.7));
#4321=CARTESIAN_POINT('',(-7.6,-1.6,147.7));
#4322=CARTESIAN_POINT('',(-7.6,-0.8,147.7));
#4323=CARTESIAN_POINT('',(-4.842520005121,-1.6,147.7));
#4324=CARTESIAN_POINT('',(-3.8,-1.6,147.7));
#4325=CARTESIAN_POINT('',(4.842520005121,-1.6,147.7));
#4326=CARTESIAN_POINT('Origin',(0.,0.,147.7));
#4327=CARTESIAN_POINT('',(7.6,-1.6,147.7));
#4328=CARTESIAN_POINT('',(-3.8,-1.6,147.7));
#4329=CARTESIAN_POINT('',(7.6,1.6,147.7));
#4330=CARTESIAN_POINT('',(7.6,-0.8,147.7));
#4331=CARTESIAN_POINT('',(-3.8,1.6,147.7));
#4332=CARTESIAN_POINT('Origin',(0.,0.,147.69));
#4333=CARTESIAN_POINT('',(4.842520005121,-1.6,153.6));
#4334=CARTESIAN_POINT('',(4.842520005121,1.6,153.6));
#4335=CARTESIAN_POINT('Origin',(0.,0.,153.6));
#4336=CARTESIAN_POINT('',(4.842520005121,-1.6,147.69));
#4337=CARTESIAN_POINT('',(-4.842520005121,-1.6,150.65));
#4338=CARTESIAN_POINT('',(-4.842520005121,-1.6,147.69));
#4339=CARTESIAN_POINT('',(0.444494288013,-5.080592960268,150.65));
#4340=CARTESIAN_POINT('Origin',(0.,0.,150.65));
#4341=CARTESIAN_POINT('',(0.444494288013,-5.080592960268,153.55));
#4342=CARTESIAN_POINT('',(0.444494288013,-5.080592960268,147.69));
#4343=CARTESIAN_POINT('',(-4.842520005121,-1.6,153.55));
#4344=CARTESIAN_POINT('Origin',(0.,0.,153.55));
#4345=CARTESIAN_POINT('',(-4.842520005121,-1.6,153.6));
#4346=CARTESIAN_POINT('',(-4.842520005121,-1.6,147.69));
#4347=CARTESIAN_POINT('',(-5.1,-6.2456986756515E-16,153.6));
#4348=CARTESIAN_POINT('Origin',(0.,0.,153.6));
#4349=CARTESIAN_POINT('',(-5.1,-6.2456986756515E-16,158.09));
#4350=CARTESIAN_POINT('',(-5.1,-6.2456986756515E-16,147.69));
#4351=CARTESIAN_POINT('Origin',(0.,0.,158.09));
#4352=CARTESIAN_POINT('',(-4.842520005121,1.6,153.6));
#4353=CARTESIAN_POINT('Origin',(0.,0.,153.6));
#4354=CARTESIAN_POINT('',(-4.842520005121,1.6,147.69));
#4355=CARTESIAN_POINT('',(4.842520005121,1.6,150.65));
#4356=CARTESIAN_POINT('',(4.842520005121,1.6,147.69));
#4357=CARTESIAN_POINT('',(-0.444494288013,5.080592960268,150.65));
#4358=CARTESIAN_POINT('Origin',(0.,0.,150.65));
#4359=CARTESIAN_POINT('',(-0.444494288013,5.080592960268,153.55));
#4360=CARTESIAN_POINT('',(-0.444494288013,5.080592960268,147.69));
#4361=CARTESIAN_POINT('',(4.842520005121,1.6,153.55));
#4362=CARTESIAN_POINT('Origin',(0.,0.,153.55));
#4363=CARTESIAN_POINT('',(4.842520005121,1.6,147.69));
#4364=CARTESIAN_POINT('Origin',(-7.6,1.6,147.68));
#4365=CARTESIAN_POINT('',(7.429670248403,1.6,153.55));
#4366=CARTESIAN_POINT('',(-3.8,1.6,153.55));
#4367=CARTESIAN_POINT('',(7.429670248403,1.6,150.65));
#4368=CARTESIAN_POINT('',(7.429670248403,1.6,150.65));
#4369=CARTESIAN_POINT('',(-3.8,1.6,150.65));
#4370=CARTESIAN_POINT('',(7.6,1.6,153.6));
#4371=CARTESIAN_POINT('',(7.6,1.6,147.68));
#4372=CARTESIAN_POINT('',(-7.6,1.6,153.6));
#4373=CARTESIAN_POINT('Origin',(7.6,-1.6,147.68));
#4374=CARTESIAN_POINT('',(7.6,-1.6,153.6));
#4375=CARTESIAN_POINT('',(7.6,-1.6,147.68));
#4376=CARTESIAN_POINT('',(7.6,-1.6,153.6));
#4377=CARTESIAN_POINT('Origin',(-7.6,-1.6,147.68));
#4378=CARTESIAN_POINT('',(-7.6,-1.6,153.6));
#4379=CARTESIAN_POINT('Origin',(-7.6,-1.6,147.68));
#4380=CARTESIAN_POINT('',(-7.6,-1.6,153.6));
#4381=CARTESIAN_POINT('',(-7.6,-1.6,147.68));
#4382=CARTESIAN_POINT('',(-7.6,-1.6,153.6));
#4383=CARTESIAN_POINT('',(-7.429670248403,-1.6,153.55));
#4384=CARTESIAN_POINT('',(-3.8,-1.6,153.55));
#4385=CARTESIAN_POINT('',(-7.429670248403,-1.6,150.65));
#4386=CARTESIAN_POINT('',(-7.429670248403,-1.6,150.65));
#4387=CARTESIAN_POINT('',(-3.8,-1.6,150.65));
#4388=CARTESIAN_POINT('Origin',(-7.6,-1.6,147.68));
#4389=CARTESIAN_POINT('',(-7.6,1.6,153.6));
#4390=CARTESIAN_POINT('',(-7.6,1.6,147.68));
#4391=CARTESIAN_POINT('',(-7.6,-1.6,153.6));
#4392=CARTESIAN_POINT('Origin',(-7.6,1.6,147.68));
#4393=CARTESIAN_POINT('',(-7.6,1.6,153.6));
#4394=CARTESIAN_POINT('Origin',(-7.6,-1.6,153.6));
#4395=CARTESIAN_POINT('Origin',(0.,0.,158.09));
#4396=CARTESIAN_POINT('Origin',(0.,0.,153.55));
#4397=CARTESIAN_POINT('',(-0.662383644882,7.571079705497,153.55));
#4398=CARTESIAN_POINT('',(-0.662383644882,7.571079705497,153.55));
#4399=CARTESIAN_POINT('Origin',(0.,0.,153.55));
#4400=CARTESIAN_POINT('Origin',(-0.553003187734,6.320855359392,152.1));
#4401=CARTESIAN_POINT('',(-0.662383644882,7.571079705497,150.65));
#4402=CARTESIAN_POINT('',(-0.443622730586,5.070631013287,150.65));
#4403=CARTESIAN_POINT('',(-0.662383644882,7.571079705497,150.65));
#4404=CARTESIAN_POINT('Origin',(0.,0.,150.65));
#4405=CARTESIAN_POINT('Origin',(0.,0.,150.65));
#4406=CARTESIAN_POINT('Origin',(-7.6,-1.6,153.6));
#4407=CARTESIAN_POINT('Origin',(0.,0.,153.55));
#4408=CARTESIAN_POINT('',(0.662383644882,-7.571079705497,153.55));
#4409=CARTESIAN_POINT('',(0.662383644882,-7.571079705497,153.55));
#4410=CARTESIAN_POINT('Origin',(0.,0.,153.55));
#4411=CARTESIAN_POINT('Origin',(0.553003187734,-6.320855359392,152.1));
#4412=CARTESIAN_POINT('',(0.662383644882,-7.571079705497,150.65));
#4413=CARTESIAN_POINT('',(0.443622730586,-5.070631013287,150.65));
#4414=CARTESIAN_POINT('',(0.662383644882,-7.571079705497,150.65));
#4415=CARTESIAN_POINT('Origin',(0.,0.,150.65));
#4416=CARTESIAN_POINT('Origin',(0.,0.,150.65));
#4417=CARTESIAN_POINT('Origin',(0.,0.,150.65));
#4418=CARTESIAN_POINT('Origin',(0.,0.,150.65));
#4419=CARTESIAN_POINT('',(0.,0.,95.));
#4420=CARTESIAN_POINT('',(0.,0.,-3.8));
#4421=CARTESIAN_POINT('',(0.,0.,-3.5));
#4422=CARTESIAN_POINT('',(0.,0.,-3.00000000000001));
#4423=UNCERTAINTY_MEASURE_WITH_UNIT(LENGTH_MEASURE(0.01),#4439,
'DISTANCE_ACCURACY_VALUE',
'Maximum model space distance between geometric entities at asserted c
onnectivities');
#4424=UNCERTAINTY_MEASURE_WITH_UNIT(LENGTH_MEASURE(0.01),#4439,
'DISTANCE_ACCURACY_VALUE',
'Maximum model space distance between geometric entities at asserted c
onnectivities');
#4425=UNCERTAINTY_MEASURE_WITH_UNIT(LENGTH_MEASURE(0.01),#4439,
'DISTANCE_ACCURACY_VALUE',
'Maximum model space distance between geometric entities at asserted c
onnectivities');
#4426=UNCERTAINTY_MEASURE_WITH_UNIT(LENGTH_MEASURE(0.01),#4439,
'DISTANCE_ACCURACY_VALUE',
'Maximum model space distance between geometric entities at asserted c
onnectivities');
#4427=UNCERTAINTY_MEASURE_WITH_UNIT(LENGTH_MEASURE(0.01),#4439,
'DISTANCE_ACCURACY_VALUE',
'Maximum model space distance between geometric entities at asserted c
onnectivities');
#4428=UNCERTAINTY_MEASURE_WITH_UNIT(LENGTH_MEASURE(0.01),#4439,
'DISTANCE_ACCURACY_VALUE',
'Maximum model space distance between geometric entities at asserted c
onnectivities');
#4429=UNCERTAINTY_MEASURE_WITH_UNIT(LENGTH_MEASURE(0.01),#4439,
'DISTANCE_ACCURACY_VALUE',
'Maximum model space distance between geometric entities at asserted c
onnectivities');
#4430=UNCERTAINTY_MEASURE_WITH_UNIT(LENGTH_MEASURE(0.01),#4439,
'DISTANCE_ACCURACY_VALUE',
'Maximum model space distance between geometric entities at asserted c
onnectivities');
#4431=(
GEOMETRIC_REPRESENTATION_CONTEXT(3)
GLOBAL_UNCERTAINTY_ASSIGNED_CONTEXT((#4423))
GLOBAL_UNIT_ASSIGNED_CONTEXT((#4439,#4441,#4442))
REPRESENTATION_CONTEXT('','3D')
);
#4432=(
GEOMETRIC_REPRESENTATION_CONTEXT(3)
GLOBAL_UNCERTAINTY_ASSIGNED_CONTEXT((#4424))
GLOBAL_UNIT_ASSIGNED_CONTEXT((#4439,#4441,#4442))
REPRESENTATION_CONTEXT('','3D')
);
#4433=(
GEOMETRIC_REPRESENTATION_CONTEXT(3)
GLOBAL_UNCERTAINTY_ASSIGNED_CONTEXT((#4425))
GLOBAL_UNIT_ASSIGNED_CONTEXT((#4439,#4441,#4442))
REPRESENTATION_CONTEXT('','3D')
);
#4434=(
GEOMETRIC_REPRESENTATION_CONTEXT(3)
GLOBAL_UNCERTAINTY_ASSIGNED_CONTEXT((#4426))
GLOBAL_UNIT_ASSIGNED_CONTEXT((#4439,#4441,#4442))
REPRESENTATION_CONTEXT('','3D')
);
#4435=(
GEOMETRIC_REPRESENTATION_CONTEXT(3)
GLOBAL_UNCERTAINTY_ASSIGNED_CONTEXT((#4427))
GLOBAL_UNIT_ASSIGNED_CONTEXT((#4439,#4441,#4442))
REPRESENTATION_CONTEXT('','3D')
);
#4436=(
GEOMETRIC_REPRESENTATION_CONTEXT(3)
GLOBAL_UNCERTAINTY_ASSIGNED_CONTEXT((#4428))
GLOBAL_UNIT_ASSIGNED_CONTEXT((#4439,#4441,#4442))
REPRESENTATION_CONTEXT('','3D')
);
#4437=(
GEOMETRIC_REPRESENTATION_CONTEXT(3)
GLOBAL_UNCERTAINTY_ASSIGNED_CONTEXT((#4429))
GLOBAL_UNIT_ASSIGNED_CONTEXT((#4439,#4441,#4442))
REPRESENTATION_CONTEXT('','3D')
);
#4438=(
GEOMETRIC_REPRESENTATION_CONTEXT(3)
GLOBAL_UNCERTAINTY_ASSIGNED_CONTEXT((#4430))
GLOBAL_UNIT_ASSIGNED_CONTEXT((#4439,#4441,#4442))
REPRESENTATION_CONTEXT('','3D')
);
#4439=(
LENGTH_UNIT()
NAMED_UNIT(*)
SI_UNIT(.MILLI.,.METRE.)
);
#4440=(
LENGTH_UNIT()
NAMED_UNIT(*)
SI_UNIT($,.METRE.)
);
#4441=(
NAMED_UNIT(*)
PLANE_ANGLE_UNIT()
SI_UNIT($,.RADIAN.)
);
#4442=(
NAMED_UNIT(*)
SI_UNIT($,.STERADIAN.)
SOLID_ANGLE_UNIT()
);
#4443=SHAPE_DEFINITION_REPRESENTATION(#4450,#4463);
#4444=SHAPE_DEFINITION_REPRESENTATION(#4451,#4464);
#4445=SHAPE_DEFINITION_REPRESENTATION(#4452,#4465);
#4446=SHAPE_DEFINITION_REPRESENTATION(#4453,#4466);
#4447=SHAPE_DEFINITION_REPRESENTATION(#4455,#4467);
#4448=SHAPE_DEFINITION_REPRESENTATION(#4456,#4468);
#4449=SHAPE_DEFINITION_REPRESENTATION(#4458,#4469);
#4450=PRODUCT_DEFINITION_SHAPE('',$,#4471);
#4451=PRODUCT_DEFINITION_SHAPE('',$,#4472);
#4452=PRODUCT_DEFINITION_SHAPE('',$,#4473);
#4453=PRODUCT_DEFINITION_SHAPE('',$,#4474);
#4454=PRODUCT_DEFINITION_SHAPE($,$,#34);
#4455=PRODUCT_DEFINITION_SHAPE('',$,#4475);
#4456=PRODUCT_DEFINITION_SHAPE('',$,#4476);
#4457=PRODUCT_DEFINITION_SHAPE($,$,#35);
#4458=PRODUCT_DEFINITION_SHAPE('',$,#4477);
#4459=PRODUCT_DEFINITION_SHAPE($,$,#36);
#4460=PRODUCT_DEFINITION_SHAPE($,$,#37);
#4461=PRODUCT_DEFINITION_SHAPE($,$,#38);
#4462=PRODUCT_DEFINITION_SHAPE($,$,#39);
#4463=SHAPE_REPRESENTATION('',(#2441,#2744,#2745,#2746,#2747),#4431);
#4464=SHAPE_REPRESENTATION('',(#2442),#4432);
#4465=SHAPE_REPRESENTATION('',(#2514,#2618),#4433);
#4466=SHAPE_REPRESENTATION('',(#2515),#4434);
#4467=SHAPE_REPRESENTATION('',(#2619,#2684),#4435);
#4468=SHAPE_REPRESENTATION('',(#2620),#4436);
#4469=SHAPE_REPRESENTATION('',(#2685),#4437);
#4470=PRODUCT_DEFINITION_CONTEXT('part definition',#4493,'design');
#4471=PRODUCT_DEFINITION('2026-08-11-10-53-43-388',
'MONTAGEM_FA7155_stack',#4478,#4470);
#4472=PRODUCT_DEFINITION('2026-08-11-12-53-23-852',
'FA7155 \X2\56FA5B9A7AEF6CD55170FF08970053E68D2DFF09\X0\',#4479,#4470);
#4473=PRODUCT_DEFINITION('2026-08-11-10-52-38-052','FA7155D_20Nm (1)',#4480,
#4470);
#4474=PRODUCT_DEFINITION('2026-08-11-10-52-38-334','FA7155D_20Nm',#4481,
#4470);
#4475=PRODUCT_DEFINITION('touch_tool','acoplador_celula_hotswap',#4482,
#4470);
#4476=PRODUCT_DEFINITION('touch_tool_1','acoplador_celula_hotswap (1)',
#4483,#4470);
#4477=PRODUCT_DEFINITION('ponteira_F_retangular_15x17',
'ponteira_F_retangular_15x17',#4484,#4470);
#4478=PRODUCT_DEFINITION_FORMATION('',$,#4495);
#4479=PRODUCT_DEFINITION_FORMATION('',$,#4496);
#4480=PRODUCT_DEFINITION_FORMATION('',$,#4497);
#4481=PRODUCT_DEFINITION_FORMATION('',$,#4498);
#4482=PRODUCT_DEFINITION_FORMATION('',$,#4499);
#4483=PRODUCT_DEFINITION_FORMATION('',$,#4500);
#4484=PRODUCT_DEFINITION_FORMATION('',$,#4501);
#4485=PRODUCT_RELATED_PRODUCT_CATEGORY('MONTAGEM_FA7155_stack',
'MONTAGEM_FA7155_stack',(#4495));
#4486=PRODUCT_RELATED_PRODUCT_CATEGORY(
'FA7155 \X2\56FA5B9A7AEF6CD55170FF08970053E68D2DFF09\X0\',
'FA7155 \X2\56FA5B9A7AEF6CD55170FF08970053E68D2DFF09\X0\',(#4496));
#4487=PRODUCT_RELATED_PRODUCT_CATEGORY('FA7155D_20Nm (1)',
'FA7155D_20Nm (1)',(#4497));
#4488=PRODUCT_RELATED_PRODUCT_CATEGORY('FA7155D_20Nm','FA7155D_20Nm',(#4498));
#4489=PRODUCT_RELATED_PRODUCT_CATEGORY('acoplador_celula_hotswap',
'acoplador_celula_hotswap',(#4499));
#4490=PRODUCT_RELATED_PRODUCT_CATEGORY('acoplador_celula_hotswap (1)',
'acoplador_celula_hotswap (1)',(#4500));
#4491=PRODUCT_RELATED_PRODUCT_CATEGORY('ponteira_F_retangular_15x17',
'ponteira_F_retangular_15x17',(#4501));
#4492=APPLICATION_PROTOCOL_DEFINITION('international standard',
'automotive_design',2009,#4493);
#4493=APPLICATION_CONTEXT(
'Core Data for Automotive Mechanical Design Process');
#4494=PRODUCT_CONTEXT('part definition',#4493,'mechanical');
#4495=PRODUCT('2026-08-11-10-53-43-388','MONTAGEM_FA7155_stack',$,(#4494));
#4496=PRODUCT('2026-08-11-12-53-23-852',
'FA7155 \X2\56FA5B9A7AEF6CD55170FF08970053E68D2DFF09\X0\','STEP AP203',
(#4494));
#4497=PRODUCT('2026-08-11-10-52-38-052','FA7155D_20Nm (1)',$,(#4494));
#4498=PRODUCT('2026-08-11-10-52-38-334','FA7155D_20Nm',$,(#4494));
#4499=PRODUCT('touch_tool','acoplador_celula_hotswap',
'Open CASCADE Model',(#4494));
#4500=PRODUCT('touch_tool_1','acoplador_celula_hotswap (1)',
'Open CASCADE Model',(#4494));
#4501=PRODUCT('ponteira_F_retangular_15x17',
'ponteira_F_retangular_15x17','Open CASCADE Model',(#4494));
#4502=PRESENTATION_STYLE_ASSIGNMENT((#4503));
#4503=SURFACE_STYLE_USAGE(.BOTH.,#4504);
#4504=SURFACE_SIDE_STYLE('',(#4505));
#4505=SURFACE_STYLE_FILL_AREA(#4506);
#4506=FILL_AREA_STYLE('A\X\E7o - Acetinado',(#4507));
#4507=FILL_AREA_STYLE_COLOUR('A\X\E7o - Acetinado',#4508);
#4508=COLOUR_RGB('A\X\E7o - Acetinado',0.627450980392157,0.627450980392157,
0.627450980392157);
ENDSEC;
END-ISO-10303-21;
