ISO-10303-21;
HEADER;
FILE_DESCRIPTION(('Open CASCADE Model'),'2;1');
FILE_NAME('touchtool_v5','2026-08-01T19:18:15',('Author'),(
    'Open CASCADE'),'Open CASCADE STEP processor 7.9','build123d',
  'Unknown');
FILE_SCHEMA(('AUTOMOTIVE_DESIGN { 1 0 10303 214 1 1 1 1 }'));
ENDSEC;
DATA;
#1 = APPLICATION_PROTOCOL_DEFINITION('international standard',
  'automotive_design',2000,#2);
#2 = APPLICATION_CONTEXT(
  'core data for automotive mechanical design processes');
#3 = SHAPE_DEFINITION_REPRESENTATION(#4,#10);
#4 = PRODUCT_DEFINITION_SHAPE('','',#5);
#5 = PRODUCT_DEFINITION('design','',#6,#9);
#6 = PRODUCT_DEFINITION_FORMATION('','',#7);
#7 = PRODUCT('touchtool_v5','touchtool_v5','',(#8));
#8 = PRODUCT_CONTEXT('',#2,'mechanical');
#9 = PRODUCT_DEFINITION_CONTEXT('part definition',#2,'design');
#10 = SHAPE_REPRESENTATION('',(#11,#15,#19,#23,#27,#31,#35,#39,#43,#47),
  #51);
#11 = AXIS2_PLACEMENT_3D('',#12,#13,#14);
#12 = CARTESIAN_POINT('',(0.,0.,0.));
#13 = DIRECTION('',(0.,0.,1.));
#14 = DIRECTION('',(1.,0.,-0.));
#15 = AXIS2_PLACEMENT_3D('',#16,#17,#18);
#16 = CARTESIAN_POINT('',(0.,0.,0.));
#17 = DIRECTION('',(0.,0.,1.));
#18 = DIRECTION('',(1.,0.,-0.));
#19 = AXIS2_PLACEMENT_3D('',#20,#21,#22);
#20 = CARTESIAN_POINT('',(0.,0.,0.));
#21 = DIRECTION('',(0.,0.,1.));
#22 = DIRECTION('',(1.,0.,-0.));
#23 = AXIS2_PLACEMENT_3D('',#24,#25,#26);
#24 = CARTESIAN_POINT('',(0.,0.,0.));
#25 = DIRECTION('',(0.,0.,1.));
#26 = DIRECTION('',(1.,0.,-0.));
#27 = AXIS2_PLACEMENT_3D('',#28,#29,#30);
#28 = CARTESIAN_POINT('',(0.,0.,0.));
#29 = DIRECTION('',(0.,0.,1.));
#30 = DIRECTION('',(1.,0.,-0.));
#31 = AXIS2_PLACEMENT_3D('',#32,#33,#34);
#32 = CARTESIAN_POINT('',(0.,0.,0.));
#33 = DIRECTION('',(0.,0.,1.));
#34 = DIRECTION('',(1.,0.,-0.));
#35 = AXIS2_PLACEMENT_3D('',#36,#37,#38);
#36 = CARTESIAN_POINT('',(0.,0.,0.));
#37 = DIRECTION('',(0.,0.,1.));
#38 = DIRECTION('',(1.,0.,-0.));
#39 = AXIS2_PLACEMENT_3D('',#40,#41,#42);
#40 = CARTESIAN_POINT('',(0.,0.,161.7));
#41 = DIRECTION('',(0.,0.,1.));
#42 = DIRECTION('',(1.,0.,-0.));
#43 = AXIS2_PLACEMENT_3D('',#44,#45,#46);
#44 = CARTESIAN_POINT('',(0.,0.,161.9));
#45 = DIRECTION('',(0.,0.,1.));
#46 = DIRECTION('',(1.,0.,-0.));
#47 = AXIS2_PLACEMENT_3D('',#48,#49,#50);
#48 = CARTESIAN_POINT('',(0.,0.,162.));
#49 = DIRECTION('',(0.,0.,1.));
#50 = DIRECTION('',(1.,0.,-0.));
#51 = ( GEOMETRIC_REPRESENTATION_CONTEXT(3) 
GLOBAL_UNCERTAINTY_ASSIGNED_CONTEXT((#55)) GLOBAL_UNIT_ASSIGNED_CONTEXT(
(#52,#53,#54)) REPRESENTATION_CONTEXT('Context #1',
  '3D Context with UNIT and UNCERTAINTY') );
#52 = ( LENGTH_UNIT() NAMED_UNIT(*) SI_UNIT(.MILLI.,.METRE.) );
#53 = ( NAMED_UNIT(*) PLANE_ANGLE_UNIT() SI_UNIT($,.RADIAN.) );
#54 = ( NAMED_UNIT(*) SI_UNIT($,.STERADIAN.) SOLID_ANGLE_UNIT() );
#55 = UNCERTAINTY_MEASURE_WITH_UNIT(LENGTH_MEASURE(5.E-06),#52,
  'distance_accuracy_value','confusion accuracy');
#56 = PRODUCT_RELATED_PRODUCT_CATEGORY('part',$,(#7));
#57 = SHAPE_DEFINITION_REPRESENTATION(#58,#64);
#58 = PRODUCT_DEFINITION_SHAPE('','',#59);
#59 = PRODUCT_DEFINITION('design','',#60,#63);
#60 = PRODUCT_DEFINITION_FORMATION('','',#61);
#61 = PRODUCT('pulso_robo_cr10','pulso_robo_cr10','',(#62));
#62 = PRODUCT_CONTEXT('',#2,'mechanical');
#63 = PRODUCT_DEFINITION_CONTEXT('part definition',#2,'design');
#64 = ADVANCED_BREP_SHAPE_REPRESENTATION('',(#11,#65),#613);
#65 = MANIFOLD_SOLID_BREP('',#66);
#66 = CLOSED_SHELL('',(#67,#155,#314,#318,#373,#428,#483,#538,#593,#597,
    #601,#605,#609));
#67 = ADVANCED_FACE('',(#68),#81,.T.);
#68 = FACE_BOUND('',#69,.T.);
#69 = EDGE_LOOP('',(#70,#104,#127,#154));
#70 = ORIENTED_EDGE('',*,*,#71,.F.);
#71 = EDGE_CURVE('',#72,#72,#74,.T.);
#72 = VERTEX_POINT('',#73);
#73 = CARTESIAN_POINT('',(31.5,-7.715274834628E-15,0.));
#74 = SURFACE_CURVE('',#75,(#80,#92),.PCURVE_S1.);
#75 = CIRCLE('',#76,31.5);
#76 = AXIS2_PLACEMENT_3D('',#77,#78,#79);
#77 = CARTESIAN_POINT('',(0.,0.,0.));
#78 = DIRECTION('',(0.,0.,1.));
#79 = DIRECTION('',(1.,0.,-0.));
#80 = PCURVE('',#81,#86);
#81 = CYLINDRICAL_SURFACE('',#82,31.5);
#82 = AXIS2_PLACEMENT_3D('',#83,#84,#85);
#83 = CARTESIAN_POINT('',(0.,0.,-30.));
#84 = DIRECTION('',(0.,0.,1.));
#85 = DIRECTION('',(1.,0.,-0.));
#86 = DEFINITIONAL_REPRESENTATION('',(#87),#91);
#87 = LINE('',#88,#89);
#88 = CARTESIAN_POINT('',(0.,30.));
#89 = VECTOR('',#90,1.);
#90 = DIRECTION('',(1.,0.));
#91 = ( GEOMETRIC_REPRESENTATION_CONTEXT(2) 
PARAMETRIC_REPRESENTATION_CONTEXT() REPRESENTATION_CONTEXT('2D SPACE',''
  ) );
#92 = PCURVE('',#93,#98);
#93 = PLANE('',#94);
#94 = AXIS2_PLACEMENT_3D('',#95,#96,#97);
#95 = CARTESIAN_POINT('',(0.,0.,0.));
#96 = DIRECTION('',(0.,0.,1.));
#97 = DIRECTION('',(1.,0.,-0.));
#98 = DEFINITIONAL_REPRESENTATION('',(#99),#103);
#99 = CIRCLE('',#100,31.5);
#100 = AXIS2_PLACEMENT_2D('',#101,#102);
#101 = CARTESIAN_POINT('',(0.,0.));
#102 = DIRECTION('',(1.,0.));
#103 = ( GEOMETRIC_REPRESENTATION_CONTEXT(2) 
PARAMETRIC_REPRESENTATION_CONTEXT() REPRESENTATION_CONTEXT('2D SPACE',''
  ) );
#104 = ORIENTED_EDGE('',*,*,#105,.F.);
#105 = EDGE_CURVE('',#106,#72,#108,.T.);
#106 = VERTEX_POINT('',#107);
#107 = CARTESIAN_POINT('',(31.5,-7.715274834628E-15,-30.));
#108 = SEAM_CURVE('',#109,(#113,#120),.PCURVE_S1.);
#109 = LINE('',#110,#111);
#110 = CARTESIAN_POINT('',(31.5,-7.715274834628E-15,-30.));
#111 = VECTOR('',#112,1.);
#112 = DIRECTION('',(0.,0.,1.));
#113 = PCURVE('',#81,#114);
#114 = DEFINITIONAL_REPRESENTATION('',(#115),#119);
#115 = LINE('',#116,#117);
#116 = CARTESIAN_POINT('',(6.28318530718,-0.));
#117 = VECTOR('',#118,1.);
#118 = DIRECTION('',(0.,1.));
#119 = ( GEOMETRIC_REPRESENTATION_CONTEXT(2) 
PARAMETRIC_REPRESENTATION_CONTEXT() REPRESENTATION_CONTEXT('2D SPACE',''
  ) );
#120 = PCURVE('',#81,#121);
#121 = DEFINITIONAL_REPRESENTATION('',(#122),#126);
#122 = LINE('',#123,#124);
#123 = CARTESIAN_POINT('',(0.,-0.));
#124 = VECTOR('',#125,1.);
#125 = DIRECTION('',(0.,1.));
#126 = ( GEOMETRIC_REPRESENTATION_CONTEXT(2) 
PARAMETRIC_REPRESENTATION_CONTEXT() REPRESENTATION_CONTEXT('2D SPACE',''
  ) );
#127 = ORIENTED_EDGE('',*,*,#128,.T.);
#128 = EDGE_CURVE('',#106,#106,#129,.T.);
#129 = SURFACE_CURVE('',#130,(#135,#142),.PCURVE_S1.);
#130 = CIRCLE('',#131,31.5);
#131 = AXIS2_PLACEMENT_3D('',#132,#133,#134);
#132 = CARTESIAN_POINT('',(0.,0.,-30.));
#133 = DIRECTION('',(0.,0.,1.));
#134 = DIRECTION('',(1.,0.,-0.));
#135 = PCURVE('',#81,#136);
#136 = DEFINITIONAL_REPRESENTATION('',(#137),#141);
#137 = LINE('',#138,#139);
#138 = CARTESIAN_POINT('',(0.,0.));
#139 = VECTOR('',#140,1.);
#140 = DIRECTION('',(1.,0.));
#141 = ( GEOMETRIC_REPRESENTATION_CONTEXT(2) 
PARAMETRIC_REPRESENTATION_CONTEXT() REPRESENTATION_CONTEXT('2D SPACE',''
  ) );
#142 = PCURVE('',#143,#148);
#143 = PLANE('',#144);
#144 = AXIS2_PLACEMENT_3D('',#145,#146,#147);
#145 = CARTESIAN_POINT('',(0.,0.,-30.));
#146 = DIRECTION('',(0.,0.,1.));
#147 = DIRECTION('',(1.,0.,-0.));
#148 = DEFINITIONAL_REPRESENTATION('',(#149),#153);
#149 = CIRCLE('',#150,31.5);
#150 = AXIS2_PLACEMENT_2D('',#151,#152);
#151 = CARTESIAN_POINT('',(0.,0.));
#152 = DIRECTION('',(1.,0.));
#153 = ( GEOMETRIC_REPRESENTATION_CONTEXT(2) 
PARAMETRIC_REPRESENTATION_CONTEXT() REPRESENTATION_CONTEXT('2D SPACE',''
  ) );
#154 = ORIENTED_EDGE('',*,*,#105,.T.);
#155 = ADVANCED_FACE('',(#156,#159,#190,#221,#252,#283),#93,.T.);
#156 = FACE_BOUND('',#157,.T.);
#157 = EDGE_LOOP('',(#158));
#158 = ORIENTED_EDGE('',*,*,#71,.T.);
#159 = FACE_BOUND('',#160,.T.);
#160 = EDGE_LOOP('',(#161));
#161 = ORIENTED_EDGE('',*,*,#162,.F.);
#162 = EDGE_CURVE('',#163,#163,#165,.T.);
#163 = VERTEX_POINT('',#164);
#164 = CARTESIAN_POINT('',(-19.79898987322,-19.79898987322,0.));
#165 = SURFACE_CURVE('',#166,(#171,#178),.PCURVE_S1.);
#166 = CIRCLE('',#167,3.);
#167 = AXIS2_PLACEMENT_3D('',#168,#169,#170);
#168 = CARTESIAN_POINT('',(-17.67766952966,-17.67766952966,0.));
#169 = DIRECTION('',(0.,0.,1.));
#170 = DIRECTION('',(-0.707106781187,-0.707106781187,0.));
#171 = PCURVE('',#93,#172);
#172 = DEFINITIONAL_REPRESENTATION('',(#173),#177);
#173 = CIRCLE('',#174,3.);
#174 = AXIS2_PLACEMENT_2D('',#175,#176);
#175 = CARTESIAN_POINT('',(-17.67766952966,-17.67766952966));
#176 = DIRECTION('',(-0.707106781187,-0.707106781187));
#177 = ( GEOMETRIC_REPRESENTATION_CONTEXT(2) 
PARAMETRIC_REPRESENTATION_CONTEXT() REPRESENTATION_CONTEXT('2D SPACE',''
  ) );
#178 = PCURVE('',#179,#184);
#179 = CYLINDRICAL_SURFACE('',#180,3.);
#180 = AXIS2_PLACEMENT_3D('',#181,#182,#183);
#181 = CARTESIAN_POINT('',(-17.67766952966,-17.67766952966,-16.));
#182 = DIRECTION('',(0.,0.,1.));
#183 = DIRECTION('',(-0.707106781187,-0.707106781187,0.));
#184 = DEFINITIONAL_REPRESENTATION('',(#185),#189);
#185 = LINE('',#186,#187);
#186 = CARTESIAN_POINT('',(0.,16.));
#187 = VECTOR('',#188,1.);
#188 = DIRECTION('',(1.,0.));
#189 = ( GEOMETRIC_REPRESENTATION_CONTEXT(2) 
PARAMETRIC_REPRESENTATION_CONTEXT() REPRESENTATION_CONTEXT('2D SPACE',''
  ) );
#190 = FACE_BOUND('',#191,.T.);
#191 = EDGE_LOOP('',(#192));
#192 = ORIENTED_EDGE('',*,*,#193,.F.);
#193 = EDGE_CURVE('',#194,#194,#196,.T.);
#194 = VERTEX_POINT('',#195);
#195 = CARTESIAN_POINT('',(19.798989873223,-19.79898987322,0.));
#196 = SURFACE_CURVE('',#197,(#202,#209),.PCURVE_S1.);
#197 = CIRCLE('',#198,3.);
#198 = AXIS2_PLACEMENT_3D('',#199,#200,#201);
#199 = CARTESIAN_POINT('',(17.677669529664,-17.67766952966,0.));
#200 = DIRECTION('',(-0.,0.,1.));
#201 = DIRECTION('',(0.707106781187,-0.707106781187,0.));
#202 = PCURVE('',#93,#203);
#203 = DEFINITIONAL_REPRESENTATION('',(#204),#208);
#204 = CIRCLE('',#205,3.);
#205 = AXIS2_PLACEMENT_2D('',#206,#207);
#206 = CARTESIAN_POINT('',(17.677669529664,-17.67766952966));
#207 = DIRECTION('',(0.707106781187,-0.707106781187));
#208 = ( GEOMETRIC_REPRESENTATION_CONTEXT(2) 
PARAMETRIC_REPRESENTATION_CONTEXT() REPRESENTATION_CONTEXT('2D SPACE',''
  ) );
#209 = PCURVE('',#210,#215);
#210 = CYLINDRICAL_SURFACE('',#211,3.);
#211 = AXIS2_PLACEMENT_3D('',#212,#213,#214);
#212 = CARTESIAN_POINT('',(17.677669529664,-17.67766952966,-16.));
#213 = DIRECTION('',(0.,0.,1.));
#214 = DIRECTION('',(0.707106781187,-0.707106781187,0.));
#215 = DEFINITIONAL_REPRESENTATION('',(#216),#220);
#216 = LINE('',#217,#218);
#217 = CARTESIAN_POINT('',(0.,16.));
#218 = VECTOR('',#219,1.);
#219 = DIRECTION('',(1.,0.));
#220 = ( GEOMETRIC_REPRESENTATION_CONTEXT(2) 
PARAMETRIC_REPRESENTATION_CONTEXT() REPRESENTATION_CONTEXT('2D SPACE',''
  ) );
#221 = FACE_BOUND('',#222,.T.);
#222 = EDGE_LOOP('',(#223));
#223 = ORIENTED_EDGE('',*,*,#224,.F.);
#224 = EDGE_CURVE('',#225,#225,#227,.T.);
#225 = VERTEX_POINT('',#226);
#226 = CARTESIAN_POINT('',(-19.79898987322,19.798989873223,0.));
#227 = SURFACE_CURVE('',#228,(#233,#240),.PCURVE_S1.);
#228 = CIRCLE('',#229,3.);
#229 = AXIS2_PLACEMENT_3D('',#230,#231,#232);
#230 = CARTESIAN_POINT('',(-17.67766952966,17.677669529664,0.));
#231 = DIRECTION('',(0.,0.,1.));
#232 = DIRECTION('',(-0.707106781187,0.707106781187,0.));
#233 = PCURVE('',#93,#234);
#234 = DEFINITIONAL_REPRESENTATION('',(#235),#239);
#235 = CIRCLE('',#236,3.);
#236 = AXIS2_PLACEMENT_2D('',#237,#238);
#237 = CARTESIAN_POINT('',(-17.67766952966,17.677669529664));
#238 = DIRECTION('',(-0.707106781187,0.707106781187));
#239 = ( GEOMETRIC_REPRESENTATION_CONTEXT(2) 
PARAMETRIC_REPRESENTATION_CONTEXT() REPRESENTATION_CONTEXT('2D SPACE',''
  ) );
#240 = PCURVE('',#241,#246);
#241 = CYLINDRICAL_SURFACE('',#242,3.);
#242 = AXIS2_PLACEMENT_3D('',#243,#244,#245);
#243 = CARTESIAN_POINT('',(-17.67766952966,17.677669529664,-16.));
#244 = DIRECTION('',(0.,0.,1.));
#245 = DIRECTION('',(-0.707106781187,0.707106781187,0.));
#246 = DEFINITIONAL_REPRESENTATION('',(#247),#251);
#247 = LINE('',#248,#249);
#248 = CARTESIAN_POINT('',(0.,16.));
#249 = VECTOR('',#250,1.);
#250 = DIRECTION('',(1.,0.));
#251 = ( GEOMETRIC_REPRESENTATION_CONTEXT(2) 
PARAMETRIC_REPRESENTATION_CONTEXT() REPRESENTATION_CONTEXT('2D SPACE',''
  ) );
#252 = FACE_BOUND('',#253,.T.);
#253 = EDGE_LOOP('',(#254));
#254 = ORIENTED_EDGE('',*,*,#255,.F.);
#255 = EDGE_CURVE('',#256,#256,#258,.T.);
#256 = VERTEX_POINT('',#257);
#257 = CARTESIAN_POINT('',(28.,-7.347880794884E-16,0.));
#258 = SURFACE_CURVE('',#259,(#264,#271),.PCURVE_S1.);
#259 = CIRCLE('',#260,3.);
#260 = AXIS2_PLACEMENT_3D('',#261,#262,#263);
#261 = CARTESIAN_POINT('',(25.,0.,0.));
#262 = DIRECTION('',(0.,0.,1.));
#263 = DIRECTION('',(1.,0.,-0.));
#264 = PCURVE('',#93,#265);
#265 = DEFINITIONAL_REPRESENTATION('',(#266),#270);
#266 = CIRCLE('',#267,3.);
#267 = AXIS2_PLACEMENT_2D('',#268,#269);
#268 = CARTESIAN_POINT('',(25.,0.));
#269 = DIRECTION('',(1.,0.));
#270 = ( GEOMETRIC_REPRESENTATION_CONTEXT(2) 
PARAMETRIC_REPRESENTATION_CONTEXT() REPRESENTATION_CONTEXT('2D SPACE',''
  ) );
#271 = PCURVE('',#272,#277);
#272 = CYLINDRICAL_SURFACE('',#273,3.);
#273 = AXIS2_PLACEMENT_3D('',#274,#275,#276);
#274 = CARTESIAN_POINT('',(25.,0.,-8.));
#275 = DIRECTION('',(0.,0.,1.));
#276 = DIRECTION('',(1.,0.,-0.));
#277 = DEFINITIONAL_REPRESENTATION('',(#278),#282);
#278 = LINE('',#279,#280);
#279 = CARTESIAN_POINT('',(0.,8.));
#280 = VECTOR('',#281,1.);
#281 = DIRECTION('',(1.,0.));
#282 = ( GEOMETRIC_REPRESENTATION_CONTEXT(2) 
PARAMETRIC_REPRESENTATION_CONTEXT() REPRESENTATION_CONTEXT('2D SPACE',''
  ) );
#283 = FACE_BOUND('',#284,.T.);
#284 = EDGE_LOOP('',(#285));
#285 = ORIENTED_EDGE('',*,*,#286,.F.);
#286 = EDGE_CURVE('',#287,#287,#289,.T.);
#287 = VERTEX_POINT('',#288);
#288 = CARTESIAN_POINT('',(19.798989873223,19.798989873223,0.));
#289 = SURFACE_CURVE('',#290,(#295,#302),.PCURVE_S1.);
#290 = CIRCLE('',#291,3.);
#291 = AXIS2_PLACEMENT_3D('',#292,#293,#294);
#292 = CARTESIAN_POINT('',(17.677669529664,17.677669529664,0.));
#293 = DIRECTION('',(0.,-0.,1.));
#294 = DIRECTION('',(0.707106781187,0.707106781187,0.));
#295 = PCURVE('',#93,#296);
#296 = DEFINITIONAL_REPRESENTATION('',(#297),#301);
#297 = CIRCLE('',#298,3.);
#298 = AXIS2_PLACEMENT_2D('',#299,#300);
#299 = CARTESIAN_POINT('',(17.677669529664,17.677669529664));
#300 = DIRECTION('',(0.707106781187,0.707106781187));
#301 = ( GEOMETRIC_REPRESENTATION_CONTEXT(2) 
PARAMETRIC_REPRESENTATION_CONTEXT() REPRESENTATION_CONTEXT('2D SPACE',''
  ) );
#302 = PCURVE('',#303,#308);
#303 = CYLINDRICAL_SURFACE('',#304,3.);
#304 = AXIS2_PLACEMENT_3D('',#305,#306,#307);
#305 = CARTESIAN_POINT('',(17.677669529664,17.677669529664,-16.));
#306 = DIRECTION('',(0.,0.,1.));
#307 = DIRECTION('',(0.707106781187,0.707106781187,0.));
#308 = DEFINITIONAL_REPRESENTATION('',(#309),#313);
#309 = LINE('',#310,#311);
#310 = CARTESIAN_POINT('',(0.,16.));
#311 = VECTOR('',#312,1.);
#312 = DIRECTION('',(1.,0.));
#313 = ( GEOMETRIC_REPRESENTATION_CONTEXT(2) 
PARAMETRIC_REPRESENTATION_CONTEXT() REPRESENTATION_CONTEXT('2D SPACE',''
  ) );
#314 = ADVANCED_FACE('',(#315),#143,.F.);
#315 = FACE_BOUND('',#316,.T.);
#316 = EDGE_LOOP('',(#317));
#317 = ORIENTED_EDGE('',*,*,#128,.F.);
#318 = ADVANCED_FACE('',(#319),#179,.F.);
#319 = FACE_BOUND('',#320,.F.);
#320 = EDGE_LOOP('',(#321,#322,#345,#372));
#321 = ORIENTED_EDGE('',*,*,#162,.F.);
#322 = ORIENTED_EDGE('',*,*,#323,.F.);
#323 = EDGE_CURVE('',#324,#163,#326,.T.);
#324 = VERTEX_POINT('',#325);
#325 = CARTESIAN_POINT('',(-19.79898987322,-19.79898987322,-16.));
#326 = SEAM_CURVE('',#327,(#331,#338),.PCURVE_S1.);
#327 = LINE('',#328,#329);
#328 = CARTESIAN_POINT('',(-19.79898987322,-19.79898987322,-16.));
#329 = VECTOR('',#330,1.);
#330 = DIRECTION('',(0.,0.,1.));
#331 = PCURVE('',#179,#332);
#332 = DEFINITIONAL_REPRESENTATION('',(#333),#337);
#333 = LINE('',#334,#335);
#334 = CARTESIAN_POINT('',(6.28318530718,-0.));
#335 = VECTOR('',#336,1.);
#336 = DIRECTION('',(0.,1.));
#337 = ( GEOMETRIC_REPRESENTATION_CONTEXT(2) 
PARAMETRIC_REPRESENTATION_CONTEXT() REPRESENTATION_CONTEXT('2D SPACE',''
  ) );
#338 = PCURVE('',#179,#339);
#339 = DEFINITIONAL_REPRESENTATION('',(#340),#344);
#340 = LINE('',#341,#342);
#341 = CARTESIAN_POINT('',(0.,-0.));
#342 = VECTOR('',#343,1.);
#343 = DIRECTION('',(0.,1.));
#344 = ( GEOMETRIC_REPRESENTATION_CONTEXT(2) 
PARAMETRIC_REPRESENTATION_CONTEXT() REPRESENTATION_CONTEXT('2D SPACE',''
  ) );
#345 = ORIENTED_EDGE('',*,*,#346,.T.);
#346 = EDGE_CURVE('',#324,#324,#347,.T.);
#347 = SURFACE_CURVE('',#348,(#353,#360),.PCURVE_S1.);
#348 = CIRCLE('',#349,3.);
#349 = AXIS2_PLACEMENT_3D('',#350,#351,#352);
#350 = CARTESIAN_POINT('',(-17.67766952966,-17.67766952966,-16.));
#351 = DIRECTION('',(0.,0.,1.));
#352 = DIRECTION('',(-0.707106781187,-0.707106781187,0.));
#353 = PCURVE('',#179,#354);
#354 = DEFINITIONAL_REPRESENTATION('',(#355),#359);
#355 = LINE('',#356,#357);
#356 = CARTESIAN_POINT('',(0.,0.));
#357 = VECTOR('',#358,1.);
#358 = DIRECTION('',(1.,0.));
#359 = ( GEOMETRIC_REPRESENTATION_CONTEXT(2) 
PARAMETRIC_REPRESENTATION_CONTEXT() REPRESENTATION_CONTEXT('2D SPACE',''
  ) );
#360 = PCURVE('',#361,#366);
#361 = PLANE('',#362);
#362 = AXIS2_PLACEMENT_3D('',#363,#364,#365);
#363 = CARTESIAN_POINT('',(-17.67766952966,-17.67766952966,-16.));
#364 = DIRECTION('',(0.,0.,1.));
#365 = DIRECTION('',(-0.707106781187,-0.707106781187,0.));
#366 = DEFINITIONAL_REPRESENTATION('',(#367),#371);
#367 = CIRCLE('',#368,3.);
#368 = AXIS2_PLACEMENT_2D('',#369,#370);
#369 = CARTESIAN_POINT('',(0.,0.));
#370 = DIRECTION('',(1.,0.));
#371 = ( GEOMETRIC_REPRESENTATION_CONTEXT(2) 
PARAMETRIC_REPRESENTATION_CONTEXT() REPRESENTATION_CONTEXT('2D SPACE',''
  ) );
#372 = ORIENTED_EDGE('',*,*,#323,.T.);
#373 = ADVANCED_FACE('',(#374),#210,.F.);
#374 = FACE_BOUND('',#375,.F.);
#375 = EDGE_LOOP('',(#376,#377,#400,#427));
#376 = ORIENTED_EDGE('',*,*,#193,.F.);
#377 = ORIENTED_EDGE('',*,*,#378,.F.);
#378 = EDGE_CURVE('',#379,#194,#381,.T.);
#379 = VERTEX_POINT('',#380);
#380 = CARTESIAN_POINT('',(19.798989873223,-19.79898987322,-16.));
#381 = SEAM_CURVE('',#382,(#386,#393),.PCURVE_S1.);
#382 = LINE('',#383,#384);
#383 = CARTESIAN_POINT('',(19.798989873223,-19.79898987322,-16.));
#384 = VECTOR('',#385,1.);
#385 = DIRECTION('',(0.,0.,1.));
#386 = PCURVE('',#210,#387);
#387 = DEFINITIONAL_REPRESENTATION('',(#388),#392);
#388 = LINE('',#389,#390);
#389 = CARTESIAN_POINT('',(6.28318530718,-0.));
#390 = VECTOR('',#391,1.);
#391 = DIRECTION('',(0.,1.));
#392 = ( GEOMETRIC_REPRESENTATION_CONTEXT(2) 
PARAMETRIC_REPRESENTATION_CONTEXT() REPRESENTATION_CONTEXT('2D SPACE',''
  ) );
#393 = PCURVE('',#210,#394);
#394 = DEFINITIONAL_REPRESENTATION('',(#395),#399);
#395 = LINE('',#396,#397);
#396 = CARTESIAN_POINT('',(0.,-0.));
#397 = VECTOR('',#398,1.);
#398 = DIRECTION('',(0.,1.));
#399 = ( GEOMETRIC_REPRESENTATION_CONTEXT(2) 
PARAMETRIC_REPRESENTATION_CONTEXT() REPRESENTATION_CONTEXT('2D SPACE',''
  ) );
#400 = ORIENTED_EDGE('',*,*,#401,.T.);
#401 = EDGE_CURVE('',#379,#379,#402,.T.);
#402 = SURFACE_CURVE('',#403,(#408,#415),.PCURVE_S1.);
#403 = CIRCLE('',#404,3.);
#404 = AXIS2_PLACEMENT_3D('',#405,#406,#407);
#405 = CARTESIAN_POINT('',(17.677669529664,-17.67766952966,-16.));
#406 = DIRECTION('',(-0.,0.,1.));
#407 = DIRECTION('',(0.707106781187,-0.707106781187,0.));
#408 = PCURVE('',#210,#409);
#409 = DEFINITIONAL_REPRESENTATION('',(#410),#414);
#410 = LINE('',#411,#412);
#411 = CARTESIAN_POINT('',(0.,0.));
#412 = VECTOR('',#413,1.);
#413 = DIRECTION('',(1.,0.));
#414 = ( GEOMETRIC_REPRESENTATION_CONTEXT(2) 
PARAMETRIC_REPRESENTATION_CONTEXT() REPRESENTATION_CONTEXT('2D SPACE',''
  ) );
#415 = PCURVE('',#416,#421);
#416 = PLANE('',#417);
#417 = AXIS2_PLACEMENT_3D('',#418,#419,#420);
#418 = CARTESIAN_POINT('',(17.677669529664,-17.67766952966,-16.));
#419 = DIRECTION('',(0.,0.,1.));
#420 = DIRECTION('',(0.707106781187,-0.707106781187,0.));
#421 = DEFINITIONAL_REPRESENTATION('',(#422),#426);
#422 = CIRCLE('',#423,3.);
#423 = AXIS2_PLACEMENT_2D('',#424,#425);
#424 = CARTESIAN_POINT('',(0.,0.));
#425 = DIRECTION('',(1.,0.));
#426 = ( GEOMETRIC_REPRESENTATION_CONTEXT(2) 
PARAMETRIC_REPRESENTATION_CONTEXT() REPRESENTATION_CONTEXT('2D SPACE',''
  ) );
#427 = ORIENTED_EDGE('',*,*,#378,.T.);
#428 = ADVANCED_FACE('',(#429),#241,.F.);
#429 = FACE_BOUND('',#430,.F.);
#430 = EDGE_LOOP('',(#431,#432,#455,#482));
#431 = ORIENTED_EDGE('',*,*,#224,.F.);
#432 = ORIENTED_EDGE('',*,*,#433,.F.);
#433 = EDGE_CURVE('',#434,#225,#436,.T.);
#434 = VERTEX_POINT('',#435);
#435 = CARTESIAN_POINT('',(-19.79898987322,19.798989873223,-16.));
#436 = SEAM_CURVE('',#437,(#441,#448),.PCURVE_S1.);
#437 = LINE('',#438,#439);
#438 = CARTESIAN_POINT('',(-19.79898987322,19.798989873223,-16.));
#439 = VECTOR('',#440,1.);
#440 = DIRECTION('',(0.,0.,1.));
#441 = PCURVE('',#241,#442);
#442 = DEFINITIONAL_REPRESENTATION('',(#443),#447);
#443 = LINE('',#444,#445);
#444 = CARTESIAN_POINT('',(6.28318530718,-0.));
#445 = VECTOR('',#446,1.);
#446 = DIRECTION('',(0.,1.));
#447 = ( GEOMETRIC_REPRESENTATION_CONTEXT(2) 
PARAMETRIC_REPRESENTATION_CONTEXT() REPRESENTATION_CONTEXT('2D SPACE',''
  ) );
#448 = PCURVE('',#241,#449);
#449 = DEFINITIONAL_REPRESENTATION('',(#450),#454);
#450 = LINE('',#451,#452);
#451 = CARTESIAN_POINT('',(0.,-0.));
#452 = VECTOR('',#453,1.);
#453 = DIRECTION('',(0.,1.));
#454 = ( GEOMETRIC_REPRESENTATION_CONTEXT(2) 
PARAMETRIC_REPRESENTATION_CONTEXT() REPRESENTATION_CONTEXT('2D SPACE',''
  ) );
#455 = ORIENTED_EDGE('',*,*,#456,.T.);
#456 = EDGE_CURVE('',#434,#434,#457,.T.);
#457 = SURFACE_CURVE('',#458,(#463,#470),.PCURVE_S1.);
#458 = CIRCLE('',#459,3.);
#459 = AXIS2_PLACEMENT_3D('',#460,#461,#462);
#460 = CARTESIAN_POINT('',(-17.67766952966,17.677669529664,-16.));
#461 = DIRECTION('',(0.,0.,1.));
#462 = DIRECTION('',(-0.707106781187,0.707106781187,0.));
#463 = PCURVE('',#241,#464);
#464 = DEFINITIONAL_REPRESENTATION('',(#465),#469);
#465 = LINE('',#466,#467);
#466 = CARTESIAN_POINT('',(0.,0.));
#467 = VECTOR('',#468,1.);
#468 = DIRECTION('',(1.,0.));
#469 = ( GEOMETRIC_REPRESENTATION_CONTEXT(2) 
PARAMETRIC_REPRESENTATION_CONTEXT() REPRESENTATION_CONTEXT('2D SPACE',''
  ) );
#470 = PCURVE('',#471,#476);
#471 = PLANE('',#472);
#472 = AXIS2_PLACEMENT_3D('',#473,#474,#475);
#473 = CARTESIAN_POINT('',(-17.67766952966,17.677669529664,-16.));
#474 = DIRECTION('',(0.,0.,1.));
#475 = DIRECTION('',(-0.707106781187,0.707106781187,0.));
#476 = DEFINITIONAL_REPRESENTATION('',(#477),#481);
#477 = CIRCLE('',#478,3.);
#478 = AXIS2_PLACEMENT_2D('',#479,#480);
#479 = CARTESIAN_POINT('',(0.,0.));
#480 = DIRECTION('',(1.,0.));
#481 = ( GEOMETRIC_REPRESENTATION_CONTEXT(2) 
PARAMETRIC_REPRESENTATION_CONTEXT() REPRESENTATION_CONTEXT('2D SPACE',''
  ) );
#482 = ORIENTED_EDGE('',*,*,#433,.T.);
#483 = ADVANCED_FACE('',(#484),#272,.F.);
#484 = FACE_BOUND('',#485,.F.);
#485 = EDGE_LOOP('',(#486,#487,#510,#537));
#486 = ORIENTED_EDGE('',*,*,#255,.F.);
#487 = ORIENTED_EDGE('',*,*,#488,.F.);
#488 = EDGE_CURVE('',#489,#256,#491,.T.);
#489 = VERTEX_POINT('',#490);
#490 = CARTESIAN_POINT('',(28.,-7.347880794884E-16,-8.));
#491 = SEAM_CURVE('',#492,(#496,#503),.PCURVE_S1.);
#492 = LINE('',#493,#494);
#493 = CARTESIAN_POINT('',(28.,-7.347880794884E-16,-8.));
#494 = VECTOR('',#495,1.);
#495 = DIRECTION('',(0.,0.,1.));
#496 = PCURVE('',#272,#497);
#497 = DEFINITIONAL_REPRESENTATION('',(#498),#502);
#498 = LINE('',#499,#500);
#499 = CARTESIAN_POINT('',(6.28318530718,-0.));
#500 = VECTOR('',#501,1.);
#501 = DIRECTION('',(0.,1.));
#502 = ( GEOMETRIC_REPRESENTATION_CONTEXT(2) 
PARAMETRIC_REPRESENTATION_CONTEXT() REPRESENTATION_CONTEXT('2D SPACE',''
  ) );
#503 = PCURVE('',#272,#504);
#504 = DEFINITIONAL_REPRESENTATION('',(#505),#509);
#505 = LINE('',#506,#507);
#506 = CARTESIAN_POINT('',(0.,-0.));
#507 = VECTOR('',#508,1.);
#508 = DIRECTION('',(0.,1.));
#509 = ( GEOMETRIC_REPRESENTATION_CONTEXT(2) 
PARAMETRIC_REPRESENTATION_CONTEXT() REPRESENTATION_CONTEXT('2D SPACE',''
  ) );
#510 = ORIENTED_EDGE('',*,*,#511,.T.);
#511 = EDGE_CURVE('',#489,#489,#512,.T.);
#512 = SURFACE_CURVE('',#513,(#518,#525),.PCURVE_S1.);
#513 = CIRCLE('',#514,3.);
#514 = AXIS2_PLACEMENT_3D('',#515,#516,#517);
#515 = CARTESIAN_POINT('',(25.,0.,-8.));
#516 = DIRECTION('',(0.,0.,1.));
#517 = DIRECTION('',(1.,0.,-0.));
#518 = PCURVE('',#272,#519);
#519 = DEFINITIONAL_REPRESENTATION('',(#520),#524);
#520 = LINE('',#521,#522);
#521 = CARTESIAN_POINT('',(0.,0.));
#522 = VECTOR('',#523,1.);
#523 = DIRECTION('',(1.,0.));
#524 = ( GEOMETRIC_REPRESENTATION_CONTEXT(2) 
PARAMETRIC_REPRESENTATION_CONTEXT() REPRESENTATION_CONTEXT('2D SPACE',''
  ) );
#525 = PCURVE('',#526,#531);
#526 = PLANE('',#527);
#527 = AXIS2_PLACEMENT_3D('',#528,#529,#530);
#528 = CARTESIAN_POINT('',(25.,0.,-8.));
#529 = DIRECTION('',(0.,0.,1.));
#530 = DIRECTION('',(1.,0.,-0.));
#531 = DEFINITIONAL_REPRESENTATION('',(#532),#536);
#532 = CIRCLE('',#533,3.);
#533 = AXIS2_PLACEMENT_2D('',#534,#535);
#534 = CARTESIAN_POINT('',(0.,0.));
#535 = DIRECTION('',(1.,0.));
#536 = ( GEOMETRIC_REPRESENTATION_CONTEXT(2) 
PARAMETRIC_REPRESENTATION_CONTEXT() REPRESENTATION_CONTEXT('2D SPACE',''
  ) );
#537 = ORIENTED_EDGE('',*,*,#488,.T.);
#538 = ADVANCED_FACE('',(#539),#303,.F.);
#539 = FACE_BOUND('',#540,.F.);
#540 = EDGE_LOOP('',(#541,#542,#565,#592));
#541 = ORIENTED_EDGE('',*,*,#286,.F.);
#542 = ORIENTED_EDGE('',*,*,#543,.F.);
#543 = EDGE_CURVE('',#544,#287,#546,.T.);
#544 = VERTEX_POINT('',#545);
#545 = CARTESIAN_POINT('',(19.798989873223,19.798989873223,-16.));
#546 = SEAM_CURVE('',#547,(#551,#558),.PCURVE_S1.);
#547 = LINE('',#548,#549);
#548 = CARTESIAN_POINT('',(19.798989873223,19.798989873223,-16.));
#549 = VECTOR('',#550,1.);
#550 = DIRECTION('',(0.,0.,1.));
#551 = PCURVE('',#303,#552);
#552 = DEFINITIONAL_REPRESENTATION('',(#553),#557);
#553 = LINE('',#554,#555);
#554 = CARTESIAN_POINT('',(6.28318530718,-0.));
#555 = VECTOR('',#556,1.);
#556 = DIRECTION('',(0.,1.));
#557 = ( GEOMETRIC_REPRESENTATION_CONTEXT(2) 
PARAMETRIC_REPRESENTATION_CONTEXT() REPRESENTATION_CONTEXT('2D SPACE',''
  ) );
#558 = PCURVE('',#303,#559);
#559 = DEFINITIONAL_REPRESENTATION('',(#560),#564);
#560 = LINE('',#561,#562);
#561 = CARTESIAN_POINT('',(0.,-0.));
#562 = VECTOR('',#563,1.);
#563 = DIRECTION('',(0.,1.));
#564 = ( GEOMETRIC_REPRESENTATION_CONTEXT(2) 
PARAMETRIC_REPRESENTATION_CONTEXT() REPRESENTATION_CONTEXT('2D SPACE',''
  ) );
#565 = ORIENTED_EDGE('',*,*,#566,.T.);
#566 = EDGE_CURVE('',#544,#544,#567,.T.);
#567 = SURFACE_CURVE('',#568,(#573,#580),.PCURVE_S1.);
#568 = CIRCLE('',#569,3.);
#569 = AXIS2_PLACEMENT_3D('',#570,#571,#572);
#570 = CARTESIAN_POINT('',(17.677669529664,17.677669529664,-16.));
#571 = DIRECTION('',(0.,-0.,1.));
#572 = DIRECTION('',(0.707106781187,0.707106781187,0.));
#573 = PCURVE('',#303,#574);
#574 = DEFINITIONAL_REPRESENTATION('',(#575),#579);
#575 = LINE('',#576,#577);
#576 = CARTESIAN_POINT('',(0.,0.));
#577 = VECTOR('',#578,1.);
#578 = DIRECTION('',(1.,0.));
#579 = ( GEOMETRIC_REPRESENTATION_CONTEXT(2) 
PARAMETRIC_REPRESENTATION_CONTEXT() REPRESENTATION_CONTEXT('2D SPACE',''
  ) );
#580 = PCURVE('',#581,#586);
#581 = PLANE('',#582);
#582 = AXIS2_PLACEMENT_3D('',#583,#584,#585);
#583 = CARTESIAN_POINT('',(17.677669529664,17.677669529664,-16.));
#584 = DIRECTION('',(0.,0.,1.));
#585 = DIRECTION('',(0.707106781187,0.707106781187,0.));
#586 = DEFINITIONAL_REPRESENTATION('',(#587),#591);
#587 = CIRCLE('',#588,3.);
#588 = AXIS2_PLACEMENT_2D('',#589,#590);
#589 = CARTESIAN_POINT('',(0.,0.));
#590 = DIRECTION('',(1.,0.));
#591 = ( GEOMETRIC_REPRESENTATION_CONTEXT(2) 
PARAMETRIC_REPRESENTATION_CONTEXT() REPRESENTATION_CONTEXT('2D SPACE',''
  ) );
#592 = ORIENTED_EDGE('',*,*,#543,.T.);
#593 = ADVANCED_FACE('',(#594),#361,.T.);
#594 = FACE_BOUND('',#595,.F.);
#595 = EDGE_LOOP('',(#596));
#596 = ORIENTED_EDGE('',*,*,#346,.F.);
#597 = ADVANCED_FACE('',(#598),#416,.T.);
#598 = FACE_BOUND('',#599,.F.);
#599 = EDGE_LOOP('',(#600));
#600 = ORIENTED_EDGE('',*,*,#401,.F.);
#601 = ADVANCED_FACE('',(#602),#471,.T.);
#602 = FACE_BOUND('',#603,.F.);
#603 = EDGE_LOOP('',(#604));
#604 = ORIENTED_EDGE('',*,*,#456,.F.);
#605 = ADVANCED_FACE('',(#606),#526,.T.);
#606 = FACE_BOUND('',#607,.F.);
#607 = EDGE_LOOP('',(#608));
#608 = ORIENTED_EDGE('',*,*,#511,.F.);
#609 = ADVANCED_FACE('',(#610),#581,.T.);
#610 = FACE_BOUND('',#611,.F.);
#611 = EDGE_LOOP('',(#612));
#612 = ORIENTED_EDGE('',*,*,#566,.F.);
#613 = ( GEOMETRIC_REPRESENTATION_CONTEXT(3) 
GLOBAL_UNCERTAINTY_ASSIGNED_CONTEXT((#617)) GLOBAL_UNIT_ASSIGNED_CONTEXT
((#614,#615,#616)) REPRESENTATION_CONTEXT('Context #1',
  '3D Context with UNIT and UNCERTAINTY') );
#614 = ( LENGTH_UNIT() NAMED_UNIT(*) SI_UNIT(.MILLI.,.METRE.) );
#615 = ( NAMED_UNIT(*) PLANE_ANGLE_UNIT() SI_UNIT($,.RADIAN.) );
#616 = ( NAMED_UNIT(*) SI_UNIT($,.STERADIAN.) SOLID_ANGLE_UNIT() );
#617 = UNCERTAINTY_MEASURE_WITH_UNIT(LENGTH_MEASURE(1.E-07),#614,
  'distance_accuracy_value','confusion accuracy');
#618 = CONTEXT_DEPENDENT_SHAPE_REPRESENTATION(#619,#621);
#619 = ( REPRESENTATION_RELATIONSHIP('','',#64,#10) 
REPRESENTATION_RELATIONSHIP_WITH_TRANSFORMATION(#620) 
SHAPE_REPRESENTATION_RELATIONSHIP() );
#620 = ITEM_DEFINED_TRANSFORMATION('','',#11,#15);
#621 = PRODUCT_DEFINITION_SHAPE('Placement','Placement of an item',#622
  );
#622 = NEXT_ASSEMBLY_USAGE_OCCURRENCE('14','pulso_robo_cr10','',#5,#59,$
  );
#623 = PRODUCT_RELATED_PRODUCT_CATEGORY('part',$,(#61));
#624 = SHAPE_DEFINITION_REPRESENTATION(#625,#631);
#625 = PRODUCT_DEFINITION_SHAPE('','',#626);
#626 = PRODUCT_DEFINITION('design','',#627,#630);
#627 = PRODUCT_DEFINITION_FORMATION('','',#628);
#628 = PRODUCT('acoplador_robo','acoplador_robo','',(#629));
#629 = PRODUCT_CONTEXT('',#2,'mechanical');
#630 = PRODUCT_DEFINITION_CONTEXT('part definition',#2,'design');
#631 = ADVANCED_BREP_SHAPE_REPRESENTATION('',(#11,#632),#2004);
#632 = MANIFOLD_SOLID_BREP('',#633);
#633 = CLOSED_SHELL('',(#634,#722,#956,#1115,#1170,#1225,#1280,#1356,
    #1405,#1454,#1481,#1536,#1586,#1636,#1686,#1741,#1791,#1798,#1805,
    #1812,#1850,#1857,#1892,#1947,#1997));
#634 = ADVANCED_FACE('',(#635),#648,.T.);
#635 = FACE_BOUND('',#636,.T.);
#636 = EDGE_LOOP('',(#637,#671,#694,#721));
#637 = ORIENTED_EDGE('',*,*,#638,.F.);
#638 = EDGE_CURVE('',#639,#639,#641,.T.);
#639 = VERTEX_POINT('',#640);
#640 = CARTESIAN_POINT('',(31.75,-7.776507174586E-15,18.5));
#641 = SURFACE_CURVE('',#642,(#647,#659),.PCURVE_S1.);
#642 = CIRCLE('',#643,31.75);
#643 = AXIS2_PLACEMENT_3D('',#644,#645,#646);
#644 = CARTESIAN_POINT('',(0.,0.,18.5));
#645 = DIRECTION('',(0.,0.,1.));
#646 = DIRECTION('',(1.,0.,-0.));
#647 = PCURVE('',#648,#653);
#648 = CYLINDRICAL_SURFACE('',#649,31.75);
#649 = AXIS2_PLACEMENT_3D('',#650,#651,#652);
#650 = CARTESIAN_POINT('',(0.,0.,0.));
#651 = DIRECTION('',(0.,0.,1.));
#652 = DIRECTION('',(1.,0.,-0.));
#653 = DEFINITIONAL_REPRESENTATION('',(#654),#658);
#654 = LINE('',#655,#656);
#655 = CARTESIAN_POINT('',(0.,18.5));
#656 = VECTOR('',#657,1.);
#657 = DIRECTION('',(1.,0.));
#658 = ( GEOMETRIC_REPRESENTATION_CONTEXT(2) 
PARAMETRIC_REPRESENTATION_CONTEXT() REPRESENTATION_CONTEXT('2D SPACE',''
  ) );
#659 = PCURVE('',#660,#665);
#660 = PLANE('',#661);
#661 = AXIS2_PLACEMENT_3D('',#662,#663,#664);
#662 = CARTESIAN_POINT('',(0.,0.,18.5));
#663 = DIRECTION('',(0.,0.,1.));
#664 = DIRECTION('',(1.,0.,-0.));
#665 = DEFINITIONAL_REPRESENTATION('',(#666),#670);
#666 = CIRCLE('',#667,31.75);
#667 = AXIS2_PLACEMENT_2D('',#668,#669);
#668 = CARTESIAN_POINT('',(0.,0.));
#669 = DIRECTION('',(1.,0.));
#670 = ( GEOMETRIC_REPRESENTATION_CONTEXT(2) 
PARAMETRIC_REPRESENTATION_CONTEXT() REPRESENTATION_CONTEXT('2D SPACE',''
  ) );
#671 = ORIENTED_EDGE('',*,*,#672,.F.);
#672 = EDGE_CURVE('',#673,#639,#675,.T.);
#673 = VERTEX_POINT('',#674);
#674 = CARTESIAN_POINT('',(31.75,-7.776507174586E-15,0.));
#675 = SEAM_CURVE('',#676,(#680,#687),.PCURVE_S1.);
#676 = LINE('',#677,#678);
#677 = CARTESIAN_POINT('',(31.75,-7.776507174586E-15,0.));
#678 = VECTOR('',#679,1.);
#679 = DIRECTION('',(0.,0.,1.));
#680 = PCURVE('',#648,#681);
#681 = DEFINITIONAL_REPRESENTATION('',(#682),#686);
#682 = LINE('',#683,#684);
#683 = CARTESIAN_POINT('',(6.28318530718,-0.));
#684 = VECTOR('',#685,1.);
#685 = DIRECTION('',(0.,1.));
#686 = ( GEOMETRIC_REPRESENTATION_CONTEXT(2) 
PARAMETRIC_REPRESENTATION_CONTEXT() REPRESENTATION_CONTEXT('2D SPACE',''
  ) );
#687 = PCURVE('',#648,#688);
#688 = DEFINITIONAL_REPRESENTATION('',(#689),#693);
#689 = LINE('',#690,#691);
#690 = CARTESIAN_POINT('',(0.,-0.));
#691 = VECTOR('',#692,1.);
#692 = DIRECTION('',(0.,1.));
#693 = ( GEOMETRIC_REPRESENTATION_CONTEXT(2) 
PARAMETRIC_REPRESENTATION_CONTEXT() REPRESENTATION_CONTEXT('2D SPACE',''
  ) );
#694 = ORIENTED_EDGE('',*,*,#695,.T.);
#695 = EDGE_CURVE('',#673,#673,#696,.T.);
#696 = SURFACE_CURVE('',#697,(#702,#709),.PCURVE_S1.);
#697 = CIRCLE('',#698,31.75);
#698 = AXIS2_PLACEMENT_3D('',#699,#700,#701);
#699 = CARTESIAN_POINT('',(0.,0.,0.));
#700 = DIRECTION('',(0.,0.,1.));
#701 = DIRECTION('',(1.,0.,-0.));
#702 = PCURVE('',#648,#703);
#703 = DEFINITIONAL_REPRESENTATION('',(#704),#708);
#704 = LINE('',#705,#706);
#705 = CARTESIAN_POINT('',(0.,0.));
#706 = VECTOR('',#707,1.);
#707 = DIRECTION('',(1.,0.));
#708 = ( GEOMETRIC_REPRESENTATION_CONTEXT(2) 
PARAMETRIC_REPRESENTATION_CONTEXT() REPRESENTATION_CONTEXT('2D SPACE',''
  ) );
#709 = PCURVE('',#710,#715);
#710 = PLANE('',#711);
#711 = AXIS2_PLACEMENT_3D('',#712,#713,#714);
#712 = CARTESIAN_POINT('',(0.,0.,0.));
#713 = DIRECTION('',(0.,0.,1.));
#714 = DIRECTION('',(1.,0.,-0.));
#715 = DEFINITIONAL_REPRESENTATION('',(#716),#720);
#716 = CIRCLE('',#717,31.75);
#717 = AXIS2_PLACEMENT_2D('',#718,#719);
#718 = CARTESIAN_POINT('',(0.,0.));
#719 = DIRECTION('',(1.,0.));
#720 = ( GEOMETRIC_REPRESENTATION_CONTEXT(2) 
PARAMETRIC_REPRESENTATION_CONTEXT() REPRESENTATION_CONTEXT('2D SPACE',''
  ) );
#721 = ORIENTED_EDGE('',*,*,#672,.T.);
#722 = ADVANCED_FACE('',(#723,#726,#757,#788,#819,#925),#660,.T.);
#723 = FACE_BOUND('',#724,.T.);
#724 = EDGE_LOOP('',(#725));
#725 = ORIENTED_EDGE('',*,*,#638,.T.);
#726 = FACE_BOUND('',#727,.T.);
#727 = EDGE_LOOP('',(#728));
#728 = ORIENTED_EDGE('',*,*,#729,.F.);
#729 = EDGE_CURVE('',#730,#730,#732,.T.);
#730 = VERTEX_POINT('',#731);
#731 = CARTESIAN_POINT('',(-21.56675682619,-21.56675682619,18.5));
#732 = SURFACE_CURVE('',#733,(#738,#745),.PCURVE_S1.);
#733 = CIRCLE('',#734,5.5);
#734 = AXIS2_PLACEMENT_3D('',#735,#736,#737);
#735 = CARTESIAN_POINT('',(-17.67766952966,-17.67766952966,18.5));
#736 = DIRECTION('',(0.,0.,1.));
#737 = DIRECTION('',(-0.707106781187,-0.707106781187,0.));
#738 = PCURVE('',#660,#739);
#739 = DEFINITIONAL_REPRESENTATION('',(#740),#744);
#740 = CIRCLE('',#741,5.5);
#741 = AXIS2_PLACEMENT_2D('',#742,#743);
#742 = CARTESIAN_POINT('',(-17.67766952966,-17.67766952966));
#743 = DIRECTION('',(-0.707106781187,-0.707106781187));
#744 = ( GEOMETRIC_REPRESENTATION_CONTEXT(2) 
PARAMETRIC_REPRESENTATION_CONTEXT() REPRESENTATION_CONTEXT('2D SPACE',''
  ) );
#745 = PCURVE('',#746,#751);
#746 = CYLINDRICAL_SURFACE('',#747,5.5);
#747 = AXIS2_PLACEMENT_3D('',#748,#749,#750);
#748 = CARTESIAN_POINT('',(-17.67766952966,-17.67766952966,10.5));
#749 = DIRECTION('',(0.,0.,1.));
#750 = DIRECTION('',(-0.707106781187,-0.707106781187,0.));
#751 = DEFINITIONAL_REPRESENTATION('',(#752),#756);
#752 = LINE('',#753,#754);
#753 = CARTESIAN_POINT('',(0.,8.));
#754 = VECTOR('',#755,1.);
#755 = DIRECTION('',(1.,0.));
#756 = ( GEOMETRIC_REPRESENTATION_CONTEXT(2) 
PARAMETRIC_REPRESENTATION_CONTEXT() REPRESENTATION_CONTEXT('2D SPACE',''
  ) );
#757 = FACE_BOUND('',#758,.T.);
#758 = EDGE_LOOP('',(#759));
#759 = ORIENTED_EDGE('',*,*,#760,.F.);
#760 = EDGE_CURVE('',#761,#761,#763,.T.);
#761 = VERTEX_POINT('',#762);
#762 = CARTESIAN_POINT('',(21.56675682619,-21.56675682619,18.5));
#763 = SURFACE_CURVE('',#764,(#769,#776),.PCURVE_S1.);
#764 = CIRCLE('',#765,5.5);
#765 = AXIS2_PLACEMENT_3D('',#766,#767,#768);
#766 = CARTESIAN_POINT('',(17.677669529664,-17.67766952966,18.5));
#767 = DIRECTION('',(0.,0.,1.));
#768 = DIRECTION('',(0.707106781187,-0.707106781187,0.));
#769 = PCURVE('',#660,#770);
#770 = DEFINITIONAL_REPRESENTATION('',(#771),#775);
#771 = CIRCLE('',#772,5.5);
#772 = AXIS2_PLACEMENT_2D('',#773,#774);
#773 = CARTESIAN_POINT('',(17.677669529664,-17.67766952966));
#774 = DIRECTION('',(0.707106781187,-0.707106781187));
#775 = ( GEOMETRIC_REPRESENTATION_CONTEXT(2) 
PARAMETRIC_REPRESENTATION_CONTEXT() REPRESENTATION_CONTEXT('2D SPACE',''
  ) );
#776 = PCURVE('',#777,#782);
#777 = CYLINDRICAL_SURFACE('',#778,5.5);
#778 = AXIS2_PLACEMENT_3D('',#779,#780,#781);
#779 = CARTESIAN_POINT('',(17.677669529664,-17.67766952966,10.5));
#780 = DIRECTION('',(0.,0.,1.));
#781 = DIRECTION('',(0.707106781187,-0.707106781187,0.));
#782 = DEFINITIONAL_REPRESENTATION('',(#783),#787);
#783 = LINE('',#784,#785);
#784 = CARTESIAN_POINT('',(0.,8.));
#785 = VECTOR('',#786,1.);
#786 = DIRECTION('',(1.,0.));
#787 = ( GEOMETRIC_REPRESENTATION_CONTEXT(2) 
PARAMETRIC_REPRESENTATION_CONTEXT() REPRESENTATION_CONTEXT('2D SPACE',''
  ) );
#788 = FACE_BOUND('',#789,.T.);
#789 = EDGE_LOOP('',(#790));
#790 = ORIENTED_EDGE('',*,*,#791,.F.);
#791 = EDGE_CURVE('',#792,#792,#794,.T.);
#792 = VERTEX_POINT('',#793);
#793 = CARTESIAN_POINT('',(-21.56675682619,21.56675682619,18.5));
#794 = SURFACE_CURVE('',#795,(#800,#807),.PCURVE_S1.);
#795 = CIRCLE('',#796,5.5);
#796 = AXIS2_PLACEMENT_3D('',#797,#798,#799);
#797 = CARTESIAN_POINT('',(-17.67766952966,17.677669529664,18.5));
#798 = DIRECTION('',(0.,0.,1.));
#799 = DIRECTION('',(-0.707106781187,0.707106781187,0.));
#800 = PCURVE('',#660,#801);
#801 = DEFINITIONAL_REPRESENTATION('',(#802),#806);
#802 = CIRCLE('',#803,5.5);
#803 = AXIS2_PLACEMENT_2D('',#804,#805);
#804 = CARTESIAN_POINT('',(-17.67766952966,17.677669529664));
#805 = DIRECTION('',(-0.707106781187,0.707106781187));
#806 = ( GEOMETRIC_REPRESENTATION_CONTEXT(2) 
PARAMETRIC_REPRESENTATION_CONTEXT() REPRESENTATION_CONTEXT('2D SPACE',''
  ) );
#807 = PCURVE('',#808,#813);
#808 = CYLINDRICAL_SURFACE('',#809,5.5);
#809 = AXIS2_PLACEMENT_3D('',#810,#811,#812);
#810 = CARTESIAN_POINT('',(-17.67766952966,17.677669529664,10.5));
#811 = DIRECTION('',(0.,0.,1.));
#812 = DIRECTION('',(-0.707106781187,0.707106781187,0.));
#813 = DEFINITIONAL_REPRESENTATION('',(#814),#818);
#814 = LINE('',#815,#816);
#815 = CARTESIAN_POINT('',(0.,8.));
#816 = VECTOR('',#817,1.);
#817 = DIRECTION('',(1.,0.));
#818 = ( GEOMETRIC_REPRESENTATION_CONTEXT(2) 
PARAMETRIC_REPRESENTATION_CONTEXT() REPRESENTATION_CONTEXT('2D SPACE',''
  ) );
#819 = FACE_BOUND('',#820,.T.);
#820 = EDGE_LOOP('',(#821,#849,#875,#901));
#821 = ORIENTED_EDGE('',*,*,#822,.T.);
#822 = EDGE_CURVE('',#823,#825,#827,.T.);
#823 = VERTEX_POINT('',#824);
#824 = CARTESIAN_POINT('',(25.5,-9.65,18.5));
#825 = VERTEX_POINT('',#826);
#826 = CARTESIAN_POINT('',(-25.5,-9.65,18.5));
#827 = SURFACE_CURVE('',#828,(#832,#838),.PCURVE_S1.);
#828 = LINE('',#829,#830);
#829 = CARTESIAN_POINT('',(-12.75,-9.65,18.5));
#830 = VECTOR('',#831,1.);
#831 = DIRECTION('',(-1.,-0.,0.));
#832 = PCURVE('',#660,#833);
#833 = DEFINITIONAL_REPRESENTATION('',(#834),#837);
#834 = B_SPLINE_CURVE_WITH_KNOTS('',1,(#835,#836),.UNSPECIFIED.,.F.,.F.,
  (2,2),(-38.25,12.75),.PIECEWISE_BEZIER_KNOTS.);
#835 = CARTESIAN_POINT('',(25.5,-9.65));
#836 = CARTESIAN_POINT('',(-25.5,-9.65));
#837 = ( GEOMETRIC_REPRESENTATION_CONTEXT(2) 
PARAMETRIC_REPRESENTATION_CONTEXT() REPRESENTATION_CONTEXT('2D SPACE',''
  ) );
#838 = PCURVE('',#839,#844);
#839 = PLANE('',#840);
#840 = AXIS2_PLACEMENT_3D('',#841,#842,#843);
#841 = CARTESIAN_POINT('',(-25.5,-9.65,15.5));
#842 = DIRECTION('',(-0.,1.,0.));
#843 = DIRECTION('',(0.,0.,1.));
#844 = DEFINITIONAL_REPRESENTATION('',(#845),#848);
#845 = B_SPLINE_CURVE_WITH_KNOTS('',1,(#846,#847),.UNSPECIFIED.,.F.,.F.,
  (2,2),(-38.25,12.75),.PIECEWISE_BEZIER_KNOTS.);
#846 = CARTESIAN_POINT('',(3.,51.));
#847 = CARTESIAN_POINT('',(3.,0.));
#848 = ( GEOMETRIC_REPRESENTATION_CONTEXT(2) 
PARAMETRIC_REPRESENTATION_CONTEXT() REPRESENTATION_CONTEXT('2D SPACE',''
  ) );
#849 = ORIENTED_EDGE('',*,*,#850,.T.);
#850 = EDGE_CURVE('',#825,#851,#853,.T.);
#851 = VERTEX_POINT('',#852);
#852 = CARTESIAN_POINT('',(-25.5,9.65,18.5));
#853 = SURFACE_CURVE('',#854,(#858,#864),.PCURVE_S1.);
#854 = LINE('',#855,#856);
#855 = CARTESIAN_POINT('',(-25.5,-4.825,18.5));
#856 = VECTOR('',#857,1.);
#857 = DIRECTION('',(-0.,1.,0.));
#858 = PCURVE('',#660,#859);
#859 = DEFINITIONAL_REPRESENTATION('',(#860),#863);
#860 = B_SPLINE_CURVE_WITH_KNOTS('',1,(#861,#862),.UNSPECIFIED.,.F.,.F.,
  (2,2),(-4.825,14.475),.PIECEWISE_BEZIER_KNOTS.);
#861 = CARTESIAN_POINT('',(-25.5,-9.65));
#862 = CARTESIAN_POINT('',(-25.5,9.65));
#863 = ( GEOMETRIC_REPRESENTATION_CONTEXT(2) 
PARAMETRIC_REPRESENTATION_CONTEXT() REPRESENTATION_CONTEXT('2D SPACE',''
  ) );
#864 = PCURVE('',#865,#870);
#865 = PLANE('',#866);
#866 = AXIS2_PLACEMENT_3D('',#867,#868,#869);
#867 = CARTESIAN_POINT('',(-25.5,-9.65,15.5));
#868 = DIRECTION('',(1.,0.,-0.));
#869 = DIRECTION('',(0.,0.,1.));
#870 = DEFINITIONAL_REPRESENTATION('',(#871),#874);
#871 = B_SPLINE_CURVE_WITH_KNOTS('',1,(#872,#873),.UNSPECIFIED.,.F.,.F.,
  (2,2),(-4.825,14.475),.PIECEWISE_BEZIER_KNOTS.);
#872 = CARTESIAN_POINT('',(3.,0.));
#873 = CARTESIAN_POINT('',(3.,-19.3));
#874 = ( GEOMETRIC_REPRESENTATION_CONTEXT(2) 
PARAMETRIC_REPRESENTATION_CONTEXT() REPRESENTATION_CONTEXT('2D SPACE',''
  ) );
#875 = ORIENTED_EDGE('',*,*,#876,.F.);
#876 = EDGE_CURVE('',#877,#851,#879,.T.);
#877 = VERTEX_POINT('',#878);
#878 = CARTESIAN_POINT('',(25.5,9.65,18.5));
#879 = SURFACE_CURVE('',#880,(#884,#890),.PCURVE_S1.);
#880 = LINE('',#881,#882);
#881 = CARTESIAN_POINT('',(-12.75,9.65,18.5));
#882 = VECTOR('',#883,1.);
#883 = DIRECTION('',(-1.,-0.,0.));
#884 = PCURVE('',#660,#885);
#885 = DEFINITIONAL_REPRESENTATION('',(#886),#889);
#886 = B_SPLINE_CURVE_WITH_KNOTS('',1,(#887,#888),.UNSPECIFIED.,.F.,.F.,
  (2,2),(-38.25,12.75),.PIECEWISE_BEZIER_KNOTS.);
#887 = CARTESIAN_POINT('',(25.5,9.65));
#888 = CARTESIAN_POINT('',(-25.5,9.65));
#889 = ( GEOMETRIC_REPRESENTATION_CONTEXT(2) 
PARAMETRIC_REPRESENTATION_CONTEXT() REPRESENTATION_CONTEXT('2D SPACE',''
  ) );
#890 = PCURVE('',#891,#896);
#891 = PLANE('',#892);
#892 = AXIS2_PLACEMENT_3D('',#893,#894,#895);
#893 = CARTESIAN_POINT('',(-25.5,9.65,15.5));
#894 = DIRECTION('',(-0.,1.,0.));
#895 = DIRECTION('',(0.,0.,1.));
#896 = DEFINITIONAL_REPRESENTATION('',(#897),#900);
#897 = B_SPLINE_CURVE_WITH_KNOTS('',1,(#898,#899),.UNSPECIFIED.,.F.,.F.,
  (2,2),(-38.25,12.75),.PIECEWISE_BEZIER_KNOTS.);
#898 = CARTESIAN_POINT('',(3.,51.));
#899 = CARTESIAN_POINT('',(3.,0.));
#900 = ( GEOMETRIC_REPRESENTATION_CONTEXT(2) 
PARAMETRIC_REPRESENTATION_CONTEXT() REPRESENTATION_CONTEXT('2D SPACE',''
  ) );
#901 = ORIENTED_EDGE('',*,*,#902,.F.);
#902 = EDGE_CURVE('',#823,#877,#903,.T.);
#903 = SURFACE_CURVE('',#904,(#908,#914),.PCURVE_S1.);
#904 = LINE('',#905,#906);
#905 = CARTESIAN_POINT('',(25.5,-4.825,18.5));
#906 = VECTOR('',#907,1.);
#907 = DIRECTION('',(-0.,1.,0.));
#908 = PCURVE('',#660,#909);
#909 = DEFINITIONAL_REPRESENTATION('',(#910),#913);
#910 = B_SPLINE_CURVE_WITH_KNOTS('',1,(#911,#912),.UNSPECIFIED.,.F.,.F.,
  (2,2),(-4.825,14.475),.PIECEWISE_BEZIER_KNOTS.);
#911 = CARTESIAN_POINT('',(25.5,-9.65));
#912 = CARTESIAN_POINT('',(25.5,9.65));
#913 = ( GEOMETRIC_REPRESENTATION_CONTEXT(2) 
PARAMETRIC_REPRESENTATION_CONTEXT() REPRESENTATION_CONTEXT('2D SPACE',''
  ) );
#914 = PCURVE('',#915,#920);
#915 = PLANE('',#916);
#916 = AXIS2_PLACEMENT_3D('',#917,#918,#919);
#917 = CARTESIAN_POINT('',(25.5,-9.65,15.5));
#918 = DIRECTION('',(1.,0.,-0.));
#919 = DIRECTION('',(0.,0.,1.));
#920 = DEFINITIONAL_REPRESENTATION('',(#921),#924);
#921 = B_SPLINE_CURVE_WITH_KNOTS('',1,(#922,#923),.UNSPECIFIED.,.F.,.F.,
  (2,2),(-4.825,14.475),.PIECEWISE_BEZIER_KNOTS.);
#922 = CARTESIAN_POINT('',(3.,0.));
#923 = CARTESIAN_POINT('',(3.,-19.3));
#924 = ( GEOMETRIC_REPRESENTATION_CONTEXT(2) 
PARAMETRIC_REPRESENTATION_CONTEXT() REPRESENTATION_CONTEXT('2D SPACE',''
  ) );
#925 = FACE_BOUND('',#926,.T.);
#926 = EDGE_LOOP('',(#927));
#927 = ORIENTED_EDGE('',*,*,#928,.F.);
#928 = EDGE_CURVE('',#929,#929,#931,.T.);
#929 = VERTEX_POINT('',#930);
#930 = CARTESIAN_POINT('',(21.56675682619,21.56675682619,18.5));
#931 = SURFACE_CURVE('',#932,(#937,#944),.PCURVE_S1.);
#932 = CIRCLE('',#933,5.5);
#933 = AXIS2_PLACEMENT_3D('',#934,#935,#936);
#934 = CARTESIAN_POINT('',(17.677669529664,17.677669529664,18.5));
#935 = DIRECTION('',(0.,0.,1.));
#936 = DIRECTION('',(0.707106781187,0.707106781187,-0.));
#937 = PCURVE('',#660,#938);
#938 = DEFINITIONAL_REPRESENTATION('',(#939),#943);
#939 = CIRCLE('',#940,5.5);
#940 = AXIS2_PLACEMENT_2D('',#941,#942);
#941 = CARTESIAN_POINT('',(17.677669529664,17.677669529664));
#942 = DIRECTION('',(0.707106781187,0.707106781187));
#943 = ( GEOMETRIC_REPRESENTATION_CONTEXT(2) 
PARAMETRIC_REPRESENTATION_CONTEXT() REPRESENTATION_CONTEXT('2D SPACE',''
  ) );
#944 = PCURVE('',#945,#950);
#945 = CYLINDRICAL_SURFACE('',#946,5.5);
#946 = AXIS2_PLACEMENT_3D('',#947,#948,#949);
#947 = CARTESIAN_POINT('',(17.677669529664,17.677669529664,10.5));
#948 = DIRECTION('',(0.,0.,1.));
#949 = DIRECTION('',(0.707106781187,0.707106781187,0.));
#950 = DEFINITIONAL_REPRESENTATION('',(#951),#955);
#951 = LINE('',#952,#953);
#952 = CARTESIAN_POINT('',(0.,8.));
#953 = VECTOR('',#954,1.);
#954 = DIRECTION('',(1.,0.));
#955 = ( GEOMETRIC_REPRESENTATION_CONTEXT(2) 
PARAMETRIC_REPRESENTATION_CONTEXT() REPRESENTATION_CONTEXT('2D SPACE',''
  ) );
#956 = ADVANCED_FACE('',(#957,#960,#991,#1022,#1053,#1084),#710,.F.);
#957 = FACE_BOUND('',#958,.F.);
#958 = EDGE_LOOP('',(#959));
#959 = ORIENTED_EDGE('',*,*,#695,.T.);
#960 = FACE_BOUND('',#961,.F.);
#961 = EDGE_LOOP('',(#962));
#962 = ORIENTED_EDGE('',*,*,#963,.F.);
#963 = EDGE_CURVE('',#964,#964,#966,.T.);
#964 = VERTEX_POINT('',#965);
#965 = CARTESIAN_POINT('',(-20.01112190757,-20.01112190757,0.));
#966 = SURFACE_CURVE('',#967,(#972,#979),.PCURVE_S1.);
#967 = CIRCLE('',#968,3.3);
#968 = AXIS2_PLACEMENT_3D('',#969,#970,#971);
#969 = CARTESIAN_POINT('',(-17.67766952966,-17.67766952966,0.));
#970 = DIRECTION('',(0.,0.,1.));
#971 = DIRECTION('',(-0.707106781187,-0.707106781187,0.));
#972 = PCURVE('',#710,#973);
#973 = DEFINITIONAL_REPRESENTATION('',(#974),#978);
#974 = CIRCLE('',#975,3.3);
#975 = AXIS2_PLACEMENT_2D('',#976,#977);
#976 = CARTESIAN_POINT('',(-17.67766952966,-17.67766952966));
#977 = DIRECTION('',(-0.707106781187,-0.707106781187));
#978 = ( GEOMETRIC_REPRESENTATION_CONTEXT(2) 
PARAMETRIC_REPRESENTATION_CONTEXT() REPRESENTATION_CONTEXT('2D SPACE',''
  ) );
#979 = PCURVE('',#980,#985);
#980 = CYLINDRICAL_SURFACE('',#981,3.3);
#981 = AXIS2_PLACEMENT_3D('',#982,#983,#984);
#982 = CARTESIAN_POINT('',(-17.67766952966,-17.67766952966,-1.E-02));
#983 = DIRECTION('',(0.,0.,1.));
#984 = DIRECTION('',(-0.707106781187,-0.707106781187,0.));
#985 = DEFINITIONAL_REPRESENTATION('',(#986),#990);
#986 = LINE('',#987,#988);
#987 = CARTESIAN_POINT('',(0.,1.E-02));
#988 = VECTOR('',#989,1.);
#989 = DIRECTION('',(1.,0.));
#990 = ( GEOMETRIC_REPRESENTATION_CONTEXT(2) 
PARAMETRIC_REPRESENTATION_CONTEXT() REPRESENTATION_CONTEXT('2D SPACE',''
  ) );
#991 = FACE_BOUND('',#992,.F.);
#992 = EDGE_LOOP('',(#993));
#993 = ORIENTED_EDGE('',*,*,#994,.F.);
#994 = EDGE_CURVE('',#995,#995,#997,.T.);
#995 = VERTEX_POINT('',#996);
#996 = CARTESIAN_POINT('',(20.011121907579,-20.01112190757,0.));
#997 = SURFACE_CURVE('',#998,(#1003,#1010),.PCURVE_S1.);
#998 = CIRCLE('',#999,3.3);
#999 = AXIS2_PLACEMENT_3D('',#1000,#1001,#1002);
#1000 = CARTESIAN_POINT('',(17.677669529664,-17.67766952966,0.));
#1001 = DIRECTION('',(0.,0.,1.));
#1002 = DIRECTION('',(0.707106781187,-0.707106781187,0.));
#1003 = PCURVE('',#710,#1004);
#1004 = DEFINITIONAL_REPRESENTATION('',(#1005),#1009);
#1005 = CIRCLE('',#1006,3.3);
#1006 = AXIS2_PLACEMENT_2D('',#1007,#1008);
#1007 = CARTESIAN_POINT('',(17.677669529664,-17.67766952966));
#1008 = DIRECTION('',(0.707106781187,-0.707106781187));
#1009 = ( GEOMETRIC_REPRESENTATION_CONTEXT(2) 
PARAMETRIC_REPRESENTATION_CONTEXT() REPRESENTATION_CONTEXT('2D SPACE',''
  ) );
#1010 = PCURVE('',#1011,#1016);
#1011 = CYLINDRICAL_SURFACE('',#1012,3.3);
#1012 = AXIS2_PLACEMENT_3D('',#1013,#1014,#1015);
#1013 = CARTESIAN_POINT('',(17.677669529664,-17.67766952966,-1.E-02));
#1014 = DIRECTION('',(0.,0.,1.));
#1015 = DIRECTION('',(0.707106781187,-0.707106781187,0.));
#1016 = DEFINITIONAL_REPRESENTATION('',(#1017),#1021);
#1017 = LINE('',#1018,#1019);
#1018 = CARTESIAN_POINT('',(0.,1.E-02));
#1019 = VECTOR('',#1020,1.);
#1020 = DIRECTION('',(1.,0.));
#1021 = ( GEOMETRIC_REPRESENTATION_CONTEXT(2) 
PARAMETRIC_REPRESENTATION_CONTEXT() REPRESENTATION_CONTEXT('2D SPACE',''
  ) );
#1022 = FACE_BOUND('',#1023,.F.);
#1023 = EDGE_LOOP('',(#1024));
#1024 = ORIENTED_EDGE('',*,*,#1025,.F.);
#1025 = EDGE_CURVE('',#1026,#1026,#1028,.T.);
#1026 = VERTEX_POINT('',#1027);
#1027 = CARTESIAN_POINT('',(-20.01112190757,20.011121907579,0.));
#1028 = SURFACE_CURVE('',#1029,(#1034,#1041),.PCURVE_S1.);
#1029 = CIRCLE('',#1030,3.3);
#1030 = AXIS2_PLACEMENT_3D('',#1031,#1032,#1033);
#1031 = CARTESIAN_POINT('',(-17.67766952966,17.677669529664,0.));
#1032 = DIRECTION('',(0.,0.,1.));
#1033 = DIRECTION('',(-0.707106781187,0.707106781187,0.));
#1034 = PCURVE('',#710,#1035);
#1035 = DEFINITIONAL_REPRESENTATION('',(#1036),#1040);
#1036 = CIRCLE('',#1037,3.3);
#1037 = AXIS2_PLACEMENT_2D('',#1038,#1039);
#1038 = CARTESIAN_POINT('',(-17.67766952966,17.677669529664));
#1039 = DIRECTION('',(-0.707106781187,0.707106781187));
#1040 = ( GEOMETRIC_REPRESENTATION_CONTEXT(2) 
PARAMETRIC_REPRESENTATION_CONTEXT() REPRESENTATION_CONTEXT('2D SPACE',''
  ) );
#1041 = PCURVE('',#1042,#1047);
#1042 = CYLINDRICAL_SURFACE('',#1043,3.3);
#1043 = AXIS2_PLACEMENT_3D('',#1044,#1045,#1046);
#1044 = CARTESIAN_POINT('',(-17.67766952966,17.677669529664,-1.E-02));
#1045 = DIRECTION('',(0.,0.,1.));
#1046 = DIRECTION('',(-0.707106781187,0.707106781187,0.));
#1047 = DEFINITIONAL_REPRESENTATION('',(#1048),#1052);
#1048 = LINE('',#1049,#1050);
#1049 = CARTESIAN_POINT('',(0.,1.E-02));
#1050 = VECTOR('',#1051,1.);
#1051 = DIRECTION('',(1.,0.));
#1052 = ( GEOMETRIC_REPRESENTATION_CONTEXT(2) 
PARAMETRIC_REPRESENTATION_CONTEXT() REPRESENTATION_CONTEXT('2D SPACE',''
  ) );
#1053 = FACE_BOUND('',#1054,.F.);
#1054 = EDGE_LOOP('',(#1055));
#1055 = ORIENTED_EDGE('',*,*,#1056,.F.);
#1056 = EDGE_CURVE('',#1057,#1057,#1059,.T.);
#1057 = VERTEX_POINT('',#1058);
#1058 = CARTESIAN_POINT('',(15.85,-3.882130353297E-15,0.));
#1059 = SURFACE_CURVE('',#1060,(#1065,#1072),.PCURVE_S1.);
#1060 = CIRCLE('',#1061,15.85);
#1061 = AXIS2_PLACEMENT_3D('',#1062,#1063,#1064);
#1062 = CARTESIAN_POINT('',(0.,0.,0.));
#1063 = DIRECTION('',(0.,0.,1.));
#1064 = DIRECTION('',(1.,0.,-0.));
#1065 = PCURVE('',#710,#1066);
#1066 = DEFINITIONAL_REPRESENTATION('',(#1067),#1071);
#1067 = CIRCLE('',#1068,15.85);
#1068 = AXIS2_PLACEMENT_2D('',#1069,#1070);
#1069 = CARTESIAN_POINT('',(0.,0.));
#1070 = DIRECTION('',(1.,0.));
#1071 = ( GEOMETRIC_REPRESENTATION_CONTEXT(2) 
PARAMETRIC_REPRESENTATION_CONTEXT() REPRESENTATION_CONTEXT('2D SPACE',''
  ) );
#1072 = PCURVE('',#1073,#1078);
#1073 = CYLINDRICAL_SURFACE('',#1074,15.85);
#1074 = AXIS2_PLACEMENT_3D('',#1075,#1076,#1077);
#1075 = CARTESIAN_POINT('',(0.,0.,-1.E-02));
#1076 = DIRECTION('',(0.,0.,1.));
#1077 = DIRECTION('',(1.,0.,-0.));
#1078 = DEFINITIONAL_REPRESENTATION('',(#1079),#1083);
#1079 = LINE('',#1080,#1081);
#1080 = CARTESIAN_POINT('',(0.,1.E-02));
#1081 = VECTOR('',#1082,1.);
#1082 = DIRECTION('',(1.,0.));
#1083 = ( GEOMETRIC_REPRESENTATION_CONTEXT(2) 
PARAMETRIC_REPRESENTATION_CONTEXT() REPRESENTATION_CONTEXT('2D SPACE',''
  ) );
#1084 = FACE_BOUND('',#1085,.F.);
#1085 = EDGE_LOOP('',(#1086));
#1086 = ORIENTED_EDGE('',*,*,#1087,.F.);
#1087 = EDGE_CURVE('',#1088,#1088,#1090,.T.);
#1088 = VERTEX_POINT('',#1089);
#1089 = CARTESIAN_POINT('',(20.011121907579,20.011121907579,0.));
#1090 = SURFACE_CURVE('',#1091,(#1096,#1103),.PCURVE_S1.);
#1091 = CIRCLE('',#1092,3.3);
#1092 = AXIS2_PLACEMENT_3D('',#1093,#1094,#1095);
#1093 = CARTESIAN_POINT('',(17.677669529664,17.677669529664,0.));
#1094 = DIRECTION('',(0.,0.,1.));
#1095 = DIRECTION('',(0.707106781187,0.707106781187,-0.));
#1096 = PCURVE('',#710,#1097);
#1097 = DEFINITIONAL_REPRESENTATION('',(#1098),#1102);
#1098 = CIRCLE('',#1099,3.3);
#1099 = AXIS2_PLACEMENT_2D('',#1100,#1101);
#1100 = CARTESIAN_POINT('',(17.677669529664,17.677669529664));
#1101 = DIRECTION('',(0.707106781187,0.707106781187));
#1102 = ( GEOMETRIC_REPRESENTATION_CONTEXT(2) 
PARAMETRIC_REPRESENTATION_CONTEXT() REPRESENTATION_CONTEXT('2D SPACE',''
  ) );
#1103 = PCURVE('',#1104,#1109);
#1104 = CYLINDRICAL_SURFACE('',#1105,3.3);
#1105 = AXIS2_PLACEMENT_3D('',#1106,#1107,#1108);
#1106 = CARTESIAN_POINT('',(17.677669529664,17.677669529664,-1.E-02));
#1107 = DIRECTION('',(0.,0.,1.));
#1108 = DIRECTION('',(0.707106781187,0.707106781187,0.));
#1109 = DEFINITIONAL_REPRESENTATION('',(#1110),#1114);
#1110 = LINE('',#1111,#1112);
#1111 = CARTESIAN_POINT('',(0.,1.E-02));
#1112 = VECTOR('',#1113,1.);
#1113 = DIRECTION('',(1.,0.));
#1114 = ( GEOMETRIC_REPRESENTATION_CONTEXT(2) 
PARAMETRIC_REPRESENTATION_CONTEXT() REPRESENTATION_CONTEXT('2D SPACE',''
  ) );
#1115 = ADVANCED_FACE('',(#1116),#746,.F.);
#1116 = FACE_BOUND('',#1117,.F.);
#1117 = EDGE_LOOP('',(#1118,#1119,#1142,#1169));
#1118 = ORIENTED_EDGE('',*,*,#729,.F.);
#1119 = ORIENTED_EDGE('',*,*,#1120,.F.);
#1120 = EDGE_CURVE('',#1121,#730,#1123,.T.);
#1121 = VERTEX_POINT('',#1122);
#1122 = CARTESIAN_POINT('',(-21.56675682619,-21.56675682619,10.5));
#1123 = SEAM_CURVE('',#1124,(#1128,#1135),.PCURVE_S1.);
#1124 = LINE('',#1125,#1126);
#1125 = CARTESIAN_POINT('',(-21.56675682619,-21.56675682619,10.5));
#1126 = VECTOR('',#1127,1.);
#1127 = DIRECTION('',(0.,0.,1.));
#1128 = PCURVE('',#746,#1129);
#1129 = DEFINITIONAL_REPRESENTATION('',(#1130),#1134);
#1130 = LINE('',#1131,#1132);
#1131 = CARTESIAN_POINT('',(6.28318530718,-0.));
#1132 = VECTOR('',#1133,1.);
#1133 = DIRECTION('',(0.,1.));
#1134 = ( GEOMETRIC_REPRESENTATION_CONTEXT(2) 
PARAMETRIC_REPRESENTATION_CONTEXT() REPRESENTATION_CONTEXT('2D SPACE',''
  ) );
#1135 = PCURVE('',#746,#1136);
#1136 = DEFINITIONAL_REPRESENTATION('',(#1137),#1141);
#1137 = LINE('',#1138,#1139);
#1138 = CARTESIAN_POINT('',(0.,-0.));
#1139 = VECTOR('',#1140,1.);
#1140 = DIRECTION('',(0.,1.));
#1141 = ( GEOMETRIC_REPRESENTATION_CONTEXT(2) 
PARAMETRIC_REPRESENTATION_CONTEXT() REPRESENTATION_CONTEXT('2D SPACE',''
  ) );
#1142 = ORIENTED_EDGE('',*,*,#1143,.T.);
#1143 = EDGE_CURVE('',#1121,#1121,#1144,.T.);
#1144 = SURFACE_CURVE('',#1145,(#1150,#1157),.PCURVE_S1.);
#1145 = CIRCLE('',#1146,5.5);
#1146 = AXIS2_PLACEMENT_3D('',#1147,#1148,#1149);
#1147 = CARTESIAN_POINT('',(-17.67766952966,-17.67766952966,10.5));
#1148 = DIRECTION('',(0.,0.,1.));
#1149 = DIRECTION('',(-0.707106781187,-0.707106781187,0.));
#1150 = PCURVE('',#746,#1151);
#1151 = DEFINITIONAL_REPRESENTATION('',(#1152),#1156);
#1152 = LINE('',#1153,#1154);
#1153 = CARTESIAN_POINT('',(0.,0.));
#1154 = VECTOR('',#1155,1.);
#1155 = DIRECTION('',(1.,0.));
#1156 = ( GEOMETRIC_REPRESENTATION_CONTEXT(2) 
PARAMETRIC_REPRESENTATION_CONTEXT() REPRESENTATION_CONTEXT('2D SPACE',''
  ) );
#1157 = PCURVE('',#1158,#1163);
#1158 = PLANE('',#1159);
#1159 = AXIS2_PLACEMENT_3D('',#1160,#1161,#1162);
#1160 = CARTESIAN_POINT('',(-17.67766952966,-17.67766952966,10.5));
#1161 = DIRECTION('',(0.,0.,1.));
#1162 = DIRECTION('',(-0.707106781187,-0.707106781187,0.));
#1163 = DEFINITIONAL_REPRESENTATION('',(#1164),#1168);
#1164 = CIRCLE('',#1165,5.5);
#1165 = AXIS2_PLACEMENT_2D('',#1166,#1167);
#1166 = CARTESIAN_POINT('',(0.,0.));
#1167 = DIRECTION('',(1.,0.));
#1168 = ( GEOMETRIC_REPRESENTATION_CONTEXT(2) 
PARAMETRIC_REPRESENTATION_CONTEXT() REPRESENTATION_CONTEXT('2D SPACE',''
  ) );
#1169 = ORIENTED_EDGE('',*,*,#1120,.T.);
#1170 = ADVANCED_FACE('',(#1171),#777,.F.);
#1171 = FACE_BOUND('',#1172,.F.);
#1172 = EDGE_LOOP('',(#1173,#1174,#1197,#1224));
#1173 = ORIENTED_EDGE('',*,*,#760,.F.);
#1174 = ORIENTED_EDGE('',*,*,#1175,.F.);
#1175 = EDGE_CURVE('',#1176,#761,#1178,.T.);
#1176 = VERTEX_POINT('',#1177);
#1177 = CARTESIAN_POINT('',(21.56675682619,-21.56675682619,10.5));
#1178 = SEAM_CURVE('',#1179,(#1183,#1190),.PCURVE_S1.);
#1179 = LINE('',#1180,#1181);
#1180 = CARTESIAN_POINT('',(21.56675682619,-21.56675682619,10.5));
#1181 = VECTOR('',#1182,1.);
#1182 = DIRECTION('',(0.,0.,1.));
#1183 = PCURVE('',#777,#1184);
#1184 = DEFINITIONAL_REPRESENTATION('',(#1185),#1189);
#1185 = LINE('',#1186,#1187);
#1186 = CARTESIAN_POINT('',(6.28318530718,-0.));
#1187 = VECTOR('',#1188,1.);
#1188 = DIRECTION('',(0.,1.));
#1189 = ( GEOMETRIC_REPRESENTATION_CONTEXT(2) 
PARAMETRIC_REPRESENTATION_CONTEXT() REPRESENTATION_CONTEXT('2D SPACE',''
  ) );
#1190 = PCURVE('',#777,#1191);
#1191 = DEFINITIONAL_REPRESENTATION('',(#1192),#1196);
#1192 = LINE('',#1193,#1194);
#1193 = CARTESIAN_POINT('',(0.,-0.));
#1194 = VECTOR('',#1195,1.);
#1195 = DIRECTION('',(0.,1.));
#1196 = ( GEOMETRIC_REPRESENTATION_CONTEXT(2) 
PARAMETRIC_REPRESENTATION_CONTEXT() REPRESENTATION_CONTEXT('2D SPACE',''
  ) );
#1197 = ORIENTED_EDGE('',*,*,#1198,.T.);
#1198 = EDGE_CURVE('',#1176,#1176,#1199,.T.);
#1199 = SURFACE_CURVE('',#1200,(#1205,#1212),.PCURVE_S1.);
#1200 = CIRCLE('',#1201,5.5);
#1201 = AXIS2_PLACEMENT_3D('',#1202,#1203,#1204);
#1202 = CARTESIAN_POINT('',(17.677669529664,-17.67766952966,10.5));
#1203 = DIRECTION('',(-0.,0.,1.));
#1204 = DIRECTION('',(0.707106781187,-0.707106781187,0.));
#1205 = PCURVE('',#777,#1206);
#1206 = DEFINITIONAL_REPRESENTATION('',(#1207),#1211);
#1207 = LINE('',#1208,#1209);
#1208 = CARTESIAN_POINT('',(0.,0.));
#1209 = VECTOR('',#1210,1.);
#1210 = DIRECTION('',(1.,0.));
#1211 = ( GEOMETRIC_REPRESENTATION_CONTEXT(2) 
PARAMETRIC_REPRESENTATION_CONTEXT() REPRESENTATION_CONTEXT('2D SPACE',''
  ) );
#1212 = PCURVE('',#1213,#1218);
#1213 = PLANE('',#1214);
#1214 = AXIS2_PLACEMENT_3D('',#1215,#1216,#1217);
#1215 = CARTESIAN_POINT('',(17.677669529664,-17.67766952966,10.5));
#1216 = DIRECTION('',(0.,0.,1.));
#1217 = DIRECTION('',(0.707106781187,-0.707106781187,0.));
#1218 = DEFINITIONAL_REPRESENTATION('',(#1219),#1223);
#1219 = CIRCLE('',#1220,5.5);
#1220 = AXIS2_PLACEMENT_2D('',#1221,#1222);
#1221 = CARTESIAN_POINT('',(0.,0.));
#1222 = DIRECTION('',(1.,0.));
#1223 = ( GEOMETRIC_REPRESENTATION_CONTEXT(2) 
PARAMETRIC_REPRESENTATION_CONTEXT() REPRESENTATION_CONTEXT('2D SPACE',''
  ) );
#1224 = ORIENTED_EDGE('',*,*,#1175,.T.);
#1225 = ADVANCED_FACE('',(#1226),#808,.F.);
#1226 = FACE_BOUND('',#1227,.F.);
#1227 = EDGE_LOOP('',(#1228,#1229,#1252,#1279));
#1228 = ORIENTED_EDGE('',*,*,#791,.F.);
#1229 = ORIENTED_EDGE('',*,*,#1230,.F.);
#1230 = EDGE_CURVE('',#1231,#792,#1233,.T.);
#1231 = VERTEX_POINT('',#1232);
#1232 = CARTESIAN_POINT('',(-21.56675682619,21.56675682619,10.5));
#1233 = SEAM_CURVE('',#1234,(#1238,#1245),.PCURVE_S1.);
#1234 = LINE('',#1235,#1236);
#1235 = CARTESIAN_POINT('',(-21.56675682619,21.56675682619,10.5));
#1236 = VECTOR('',#1237,1.);
#1237 = DIRECTION('',(0.,0.,1.));
#1238 = PCURVE('',#808,#1239);
#1239 = DEFINITIONAL_REPRESENTATION('',(#1240),#1244);
#1240 = LINE('',#1241,#1242);
#1241 = CARTESIAN_POINT('',(6.28318530718,-0.));
#1242 = VECTOR('',#1243,1.);
#1243 = DIRECTION('',(0.,1.));
#1244 = ( GEOMETRIC_REPRESENTATION_CONTEXT(2) 
PARAMETRIC_REPRESENTATION_CONTEXT() REPRESENTATION_CONTEXT('2D SPACE',''
  ) );
#1245 = PCURVE('',#808,#1246);
#1246 = DEFINITIONAL_REPRESENTATION('',(#1247),#1251);
#1247 = LINE('',#1248,#1249);
#1248 = CARTESIAN_POINT('',(0.,-0.));
#1249 = VECTOR('',#1250,1.);
#1250 = DIRECTION('',(0.,1.));
#1251 = ( GEOMETRIC_REPRESENTATION_CONTEXT(2) 
PARAMETRIC_REPRESENTATION_CONTEXT() REPRESENTATION_CONTEXT('2D SPACE',''
  ) );
#1252 = ORIENTED_EDGE('',*,*,#1253,.T.);
#1253 = EDGE_CURVE('',#1231,#1231,#1254,.T.);
#1254 = SURFACE_CURVE('',#1255,(#1260,#1267),.PCURVE_S1.);
#1255 = CIRCLE('',#1256,5.5);
#1256 = AXIS2_PLACEMENT_3D('',#1257,#1258,#1259);
#1257 = CARTESIAN_POINT('',(-17.67766952966,17.677669529664,10.5));
#1258 = DIRECTION('',(0.,0.,1.));
#1259 = DIRECTION('',(-0.707106781187,0.707106781187,0.));
#1260 = PCURVE('',#808,#1261);
#1261 = DEFINITIONAL_REPRESENTATION('',(#1262),#1266);
#1262 = LINE('',#1263,#1264);
#1263 = CARTESIAN_POINT('',(0.,0.));
#1264 = VECTOR('',#1265,1.);
#1265 = DIRECTION('',(1.,0.));
#1266 = ( GEOMETRIC_REPRESENTATION_CONTEXT(2) 
PARAMETRIC_REPRESENTATION_CONTEXT() REPRESENTATION_CONTEXT('2D SPACE',''
  ) );
#1267 = PCURVE('',#1268,#1273);
#1268 = PLANE('',#1269);
#1269 = AXIS2_PLACEMENT_3D('',#1270,#1271,#1272);
#1270 = CARTESIAN_POINT('',(-17.67766952966,17.677669529664,10.5));
#1271 = DIRECTION('',(0.,0.,1.));
#1272 = DIRECTION('',(-0.707106781187,0.707106781187,0.));
#1273 = DEFINITIONAL_REPRESENTATION('',(#1274),#1278);
#1274 = CIRCLE('',#1275,5.5);
#1275 = AXIS2_PLACEMENT_2D('',#1276,#1277);
#1276 = CARTESIAN_POINT('',(0.,0.));
#1277 = DIRECTION('',(1.,0.));
#1278 = ( GEOMETRIC_REPRESENTATION_CONTEXT(2) 
PARAMETRIC_REPRESENTATION_CONTEXT() REPRESENTATION_CONTEXT('2D SPACE',''
  ) );
#1279 = ORIENTED_EDGE('',*,*,#1230,.T.);
#1280 = ADVANCED_FACE('',(#1281),#839,.T.);
#1281 = FACE_BOUND('',#1282,.T.);
#1282 = EDGE_LOOP('',(#1283,#1306,#1334,#1355));
#1283 = ORIENTED_EDGE('',*,*,#1284,.F.);
#1284 = EDGE_CURVE('',#1285,#823,#1287,.T.);
#1285 = VERTEX_POINT('',#1286);
#1286 = CARTESIAN_POINT('',(25.5,-9.65,15.5));
#1287 = SURFACE_CURVE('',#1288,(#1292,#1299),.PCURVE_S1.);
#1288 = LINE('',#1289,#1290);
#1289 = CARTESIAN_POINT('',(25.5,-9.65,15.5));
#1290 = VECTOR('',#1291,1.);
#1291 = DIRECTION('',(0.,0.,1.));
#1292 = PCURVE('',#839,#1293);
#1293 = DEFINITIONAL_REPRESENTATION('',(#1294),#1298);
#1294 = LINE('',#1295,#1296);
#1295 = CARTESIAN_POINT('',(0.,51.));
#1296 = VECTOR('',#1297,1.);
#1297 = DIRECTION('',(1.,0.));
#1298 = ( GEOMETRIC_REPRESENTATION_CONTEXT(2) 
PARAMETRIC_REPRESENTATION_CONTEXT() REPRESENTATION_CONTEXT('2D SPACE',''
  ) );
#1299 = PCURVE('',#915,#1300);
#1300 = DEFINITIONAL_REPRESENTATION('',(#1301),#1305);
#1301 = LINE('',#1302,#1303);
#1302 = CARTESIAN_POINT('',(0.,0.));
#1303 = VECTOR('',#1304,1.);
#1304 = DIRECTION('',(1.,0.));
#1305 = ( GEOMETRIC_REPRESENTATION_CONTEXT(2) 
PARAMETRIC_REPRESENTATION_CONTEXT() REPRESENTATION_CONTEXT('2D SPACE',''
  ) );
#1306 = ORIENTED_EDGE('',*,*,#1307,.F.);
#1307 = EDGE_CURVE('',#1308,#1285,#1310,.T.);
#1308 = VERTEX_POINT('',#1309);
#1309 = CARTESIAN_POINT('',(-25.5,-9.65,15.5));
#1310 = SURFACE_CURVE('',#1311,(#1315,#1322),.PCURVE_S1.);
#1311 = LINE('',#1312,#1313);
#1312 = CARTESIAN_POINT('',(-25.5,-9.65,15.5));
#1313 = VECTOR('',#1314,1.);
#1314 = DIRECTION('',(1.,0.,-0.));
#1315 = PCURVE('',#839,#1316);
#1316 = DEFINITIONAL_REPRESENTATION('',(#1317),#1321);
#1317 = LINE('',#1318,#1319);
#1318 = CARTESIAN_POINT('',(0.,0.));
#1319 = VECTOR('',#1320,1.);
#1320 = DIRECTION('',(0.,1.));
#1321 = ( GEOMETRIC_REPRESENTATION_CONTEXT(2) 
PARAMETRIC_REPRESENTATION_CONTEXT() REPRESENTATION_CONTEXT('2D SPACE',''
  ) );
#1322 = PCURVE('',#1323,#1328);
#1323 = PLANE('',#1324);
#1324 = AXIS2_PLACEMENT_3D('',#1325,#1326,#1327);
#1325 = CARTESIAN_POINT('',(-25.5,-9.65,15.5));
#1326 = DIRECTION('',(0.,0.,1.));
#1327 = DIRECTION('',(1.,0.,-0.));
#1328 = DEFINITIONAL_REPRESENTATION('',(#1329),#1333);
#1329 = LINE('',#1330,#1331);
#1330 = CARTESIAN_POINT('',(0.,0.));
#1331 = VECTOR('',#1332,1.);
#1332 = DIRECTION('',(1.,0.));
#1333 = ( GEOMETRIC_REPRESENTATION_CONTEXT(2) 
PARAMETRIC_REPRESENTATION_CONTEXT() REPRESENTATION_CONTEXT('2D SPACE',''
  ) );
#1334 = ORIENTED_EDGE('',*,*,#1335,.T.);
#1335 = EDGE_CURVE('',#1308,#825,#1336,.T.);
#1336 = SURFACE_CURVE('',#1337,(#1341,#1348),.PCURVE_S1.);
#1337 = LINE('',#1338,#1339);
#1338 = CARTESIAN_POINT('',(-25.5,-9.65,15.5));
#1339 = VECTOR('',#1340,1.);
#1340 = DIRECTION('',(0.,0.,1.));
#1341 = PCURVE('',#839,#1342);
#1342 = DEFINITIONAL_REPRESENTATION('',(#1343),#1347);
#1343 = LINE('',#1344,#1345);
#1344 = CARTESIAN_POINT('',(0.,0.));
#1345 = VECTOR('',#1346,1.);
#1346 = DIRECTION('',(1.,0.));
#1347 = ( GEOMETRIC_REPRESENTATION_CONTEXT(2) 
PARAMETRIC_REPRESENTATION_CONTEXT() REPRESENTATION_CONTEXT('2D SPACE',''
  ) );
#1348 = PCURVE('',#865,#1349);
#1349 = DEFINITIONAL_REPRESENTATION('',(#1350),#1354);
#1350 = LINE('',#1351,#1352);
#1351 = CARTESIAN_POINT('',(0.,0.));
#1352 = VECTOR('',#1353,1.);
#1353 = DIRECTION('',(1.,0.));
#1354 = ( GEOMETRIC_REPRESENTATION_CONTEXT(2) 
PARAMETRIC_REPRESENTATION_CONTEXT() REPRESENTATION_CONTEXT('2D SPACE',''
  ) );
#1355 = ORIENTED_EDGE('',*,*,#822,.F.);
#1356 = ADVANCED_FACE('',(#1357),#915,.F.);
#1357 = FACE_BOUND('',#1358,.F.);
#1358 = EDGE_LOOP('',(#1359,#1360,#1383,#1404));
#1359 = ORIENTED_EDGE('',*,*,#1284,.F.);
#1360 = ORIENTED_EDGE('',*,*,#1361,.T.);
#1361 = EDGE_CURVE('',#1285,#1362,#1364,.T.);
#1362 = VERTEX_POINT('',#1363);
#1363 = CARTESIAN_POINT('',(25.5,9.65,15.5));
#1364 = SURFACE_CURVE('',#1365,(#1369,#1376),.PCURVE_S1.);
#1365 = LINE('',#1366,#1367);
#1366 = CARTESIAN_POINT('',(25.5,-9.65,15.5));
#1367 = VECTOR('',#1368,1.);
#1368 = DIRECTION('',(-0.,1.,0.));
#1369 = PCURVE('',#915,#1370);
#1370 = DEFINITIONAL_REPRESENTATION('',(#1371),#1375);
#1371 = LINE('',#1372,#1373);
#1372 = CARTESIAN_POINT('',(0.,0.));
#1373 = VECTOR('',#1374,1.);
#1374 = DIRECTION('',(0.,-1.));
#1375 = ( GEOMETRIC_REPRESENTATION_CONTEXT(2) 
PARAMETRIC_REPRESENTATION_CONTEXT() REPRESENTATION_CONTEXT('2D SPACE',''
  ) );
#1376 = PCURVE('',#1323,#1377);
#1377 = DEFINITIONAL_REPRESENTATION('',(#1378),#1382);
#1378 = LINE('',#1379,#1380);
#1379 = CARTESIAN_POINT('',(51.,0.));
#1380 = VECTOR('',#1381,1.);
#1381 = DIRECTION('',(0.,1.));
#1382 = ( GEOMETRIC_REPRESENTATION_CONTEXT(2) 
PARAMETRIC_REPRESENTATION_CONTEXT() REPRESENTATION_CONTEXT('2D SPACE',''
  ) );
#1383 = ORIENTED_EDGE('',*,*,#1384,.T.);
#1384 = EDGE_CURVE('',#1362,#877,#1385,.T.);
#1385 = SURFACE_CURVE('',#1386,(#1390,#1397),.PCURVE_S1.);
#1386 = LINE('',#1387,#1388);
#1387 = CARTESIAN_POINT('',(25.5,9.65,15.5));
#1388 = VECTOR('',#1389,1.);
#1389 = DIRECTION('',(0.,0.,1.));
#1390 = PCURVE('',#915,#1391);
#1391 = DEFINITIONAL_REPRESENTATION('',(#1392),#1396);
#1392 = LINE('',#1393,#1394);
#1393 = CARTESIAN_POINT('',(0.,-19.3));
#1394 = VECTOR('',#1395,1.);
#1395 = DIRECTION('',(1.,0.));
#1396 = ( GEOMETRIC_REPRESENTATION_CONTEXT(2) 
PARAMETRIC_REPRESENTATION_CONTEXT() REPRESENTATION_CONTEXT('2D SPACE',''
  ) );
#1397 = PCURVE('',#891,#1398);
#1398 = DEFINITIONAL_REPRESENTATION('',(#1399),#1403);
#1399 = LINE('',#1400,#1401);
#1400 = CARTESIAN_POINT('',(0.,51.));
#1401 = VECTOR('',#1402,1.);
#1402 = DIRECTION('',(1.,0.));
#1403 = ( GEOMETRIC_REPRESENTATION_CONTEXT(2) 
PARAMETRIC_REPRESENTATION_CONTEXT() REPRESENTATION_CONTEXT('2D SPACE',''
  ) );
#1404 = ORIENTED_EDGE('',*,*,#902,.F.);
#1405 = ADVANCED_FACE('',(#1406),#891,.F.);
#1406 = FACE_BOUND('',#1407,.F.);
#1407 = EDGE_LOOP('',(#1408,#1409,#1432,#1453));
#1408 = ORIENTED_EDGE('',*,*,#1384,.F.);
#1409 = ORIENTED_EDGE('',*,*,#1410,.F.);
#1410 = EDGE_CURVE('',#1411,#1362,#1413,.T.);
#1411 = VERTEX_POINT('',#1412);
#1412 = CARTESIAN_POINT('',(-25.5,9.65,15.5));
#1413 = SURFACE_CURVE('',#1414,(#1418,#1425),.PCURVE_S1.);
#1414 = LINE('',#1415,#1416);
#1415 = CARTESIAN_POINT('',(-25.5,9.65,15.5));
#1416 = VECTOR('',#1417,1.);
#1417 = DIRECTION('',(1.,0.,-0.));
#1418 = PCURVE('',#891,#1419);
#1419 = DEFINITIONAL_REPRESENTATION('',(#1420),#1424);
#1420 = LINE('',#1421,#1422);
#1421 = CARTESIAN_POINT('',(0.,0.));
#1422 = VECTOR('',#1423,1.);
#1423 = DIRECTION('',(0.,1.));
#1424 = ( GEOMETRIC_REPRESENTATION_CONTEXT(2) 
PARAMETRIC_REPRESENTATION_CONTEXT() REPRESENTATION_CONTEXT('2D SPACE',''
  ) );
#1425 = PCURVE('',#1323,#1426);
#1426 = DEFINITIONAL_REPRESENTATION('',(#1427),#1431);
#1427 = LINE('',#1428,#1429);
#1428 = CARTESIAN_POINT('',(0.,19.3));
#1429 = VECTOR('',#1430,1.);
#1430 = DIRECTION('',(1.,0.));
#1431 = ( GEOMETRIC_REPRESENTATION_CONTEXT(2) 
PARAMETRIC_REPRESENTATION_CONTEXT() REPRESENTATION_CONTEXT('2D SPACE',''
  ) );
#1432 = ORIENTED_EDGE('',*,*,#1433,.T.);
#1433 = EDGE_CURVE('',#1411,#851,#1434,.T.);
#1434 = SURFACE_CURVE('',#1435,(#1439,#1446),.PCURVE_S1.);
#1435 = LINE('',#1436,#1437);
#1436 = CARTESIAN_POINT('',(-25.5,9.65,15.5));
#1437 = VECTOR('',#1438,1.);
#1438 = DIRECTION('',(0.,0.,1.));
#1439 = PCURVE('',#891,#1440);
#1440 = DEFINITIONAL_REPRESENTATION('',(#1441),#1445);
#1441 = LINE('',#1442,#1443);
#1442 = CARTESIAN_POINT('',(0.,0.));
#1443 = VECTOR('',#1444,1.);
#1444 = DIRECTION('',(1.,0.));
#1445 = ( GEOMETRIC_REPRESENTATION_CONTEXT(2) 
PARAMETRIC_REPRESENTATION_CONTEXT() REPRESENTATION_CONTEXT('2D SPACE',''
  ) );
#1446 = PCURVE('',#865,#1447);
#1447 = DEFINITIONAL_REPRESENTATION('',(#1448),#1452);
#1448 = LINE('',#1449,#1450);
#1449 = CARTESIAN_POINT('',(0.,-19.3));
#1450 = VECTOR('',#1451,1.);
#1451 = DIRECTION('',(1.,0.));
#1452 = ( GEOMETRIC_REPRESENTATION_CONTEXT(2) 
PARAMETRIC_REPRESENTATION_CONTEXT() REPRESENTATION_CONTEXT('2D SPACE',''
  ) );
#1453 = ORIENTED_EDGE('',*,*,#876,.F.);
#1454 = ADVANCED_FACE('',(#1455),#865,.T.);
#1455 = FACE_BOUND('',#1456,.T.);
#1456 = EDGE_LOOP('',(#1457,#1458,#1479,#1480));
#1457 = ORIENTED_EDGE('',*,*,#1335,.F.);
#1458 = ORIENTED_EDGE('',*,*,#1459,.T.);
#1459 = EDGE_CURVE('',#1308,#1411,#1460,.T.);
#1460 = SURFACE_CURVE('',#1461,(#1465,#1472),.PCURVE_S1.);
#1461 = LINE('',#1462,#1463);
#1462 = CARTESIAN_POINT('',(-25.5,-9.65,15.5));
#1463 = VECTOR('',#1464,1.);
#1464 = DIRECTION('',(-0.,1.,0.));
#1465 = PCURVE('',#865,#1466);
#1466 = DEFINITIONAL_REPRESENTATION('',(#1467),#1471);
#1467 = LINE('',#1468,#1469);
#1468 = CARTESIAN_POINT('',(0.,0.));
#1469 = VECTOR('',#1470,1.);
#1470 = DIRECTION('',(0.,-1.));
#1471 = ( GEOMETRIC_REPRESENTATION_CONTEXT(2) 
PARAMETRIC_REPRESENTATION_CONTEXT() REPRESENTATION_CONTEXT('2D SPACE',''
  ) );
#1472 = PCURVE('',#1323,#1473);
#1473 = DEFINITIONAL_REPRESENTATION('',(#1474),#1478);
#1474 = LINE('',#1475,#1476);
#1475 = CARTESIAN_POINT('',(0.,0.));
#1476 = VECTOR('',#1477,1.);
#1477 = DIRECTION('',(0.,1.));
#1478 = ( GEOMETRIC_REPRESENTATION_CONTEXT(2) 
PARAMETRIC_REPRESENTATION_CONTEXT() REPRESENTATION_CONTEXT('2D SPACE',''
  ) );
#1479 = ORIENTED_EDGE('',*,*,#1433,.T.);
#1480 = ORIENTED_EDGE('',*,*,#850,.F.);
#1481 = ADVANCED_FACE('',(#1482),#945,.F.);
#1482 = FACE_BOUND('',#1483,.F.);
#1483 = EDGE_LOOP('',(#1484,#1485,#1508,#1535));
#1484 = ORIENTED_EDGE('',*,*,#928,.F.);
#1485 = ORIENTED_EDGE('',*,*,#1486,.F.);
#1486 = EDGE_CURVE('',#1487,#929,#1489,.T.);
#1487 = VERTEX_POINT('',#1488);
#1488 = CARTESIAN_POINT('',(21.56675682619,21.56675682619,10.5));
#1489 = SEAM_CURVE('',#1490,(#1494,#1501),.PCURVE_S1.);
#1490 = LINE('',#1491,#1492);
#1491 = CARTESIAN_POINT('',(21.56675682619,21.56675682619,10.5));
#1492 = VECTOR('',#1493,1.);
#1493 = DIRECTION('',(0.,0.,1.));
#1494 = PCURVE('',#945,#1495);
#1495 = DEFINITIONAL_REPRESENTATION('',(#1496),#1500);
#1496 = LINE('',#1497,#1498);
#1497 = CARTESIAN_POINT('',(6.28318530718,-0.));
#1498 = VECTOR('',#1499,1.);
#1499 = DIRECTION('',(0.,1.));
#1500 = ( GEOMETRIC_REPRESENTATION_CONTEXT(2) 
PARAMETRIC_REPRESENTATION_CONTEXT() REPRESENTATION_CONTEXT('2D SPACE',''
  ) );
#1501 = PCURVE('',#945,#1502);
#1502 = DEFINITIONAL_REPRESENTATION('',(#1503),#1507);
#1503 = LINE('',#1504,#1505);
#1504 = CARTESIAN_POINT('',(0.,-0.));
#1505 = VECTOR('',#1506,1.);
#1506 = DIRECTION('',(0.,1.));
#1507 = ( GEOMETRIC_REPRESENTATION_CONTEXT(2) 
PARAMETRIC_REPRESENTATION_CONTEXT() REPRESENTATION_CONTEXT('2D SPACE',''
  ) );
#1508 = ORIENTED_EDGE('',*,*,#1509,.T.);
#1509 = EDGE_CURVE('',#1487,#1487,#1510,.T.);
#1510 = SURFACE_CURVE('',#1511,(#1516,#1523),.PCURVE_S1.);
#1511 = CIRCLE('',#1512,5.5);
#1512 = AXIS2_PLACEMENT_3D('',#1513,#1514,#1515);
#1513 = CARTESIAN_POINT('',(17.677669529664,17.677669529664,10.5));
#1514 = DIRECTION('',(0.,-0.,1.));
#1515 = DIRECTION('',(0.707106781187,0.707106781187,0.));
#1516 = PCURVE('',#945,#1517);
#1517 = DEFINITIONAL_REPRESENTATION('',(#1518),#1522);
#1518 = LINE('',#1519,#1520);
#1519 = CARTESIAN_POINT('',(0.,0.));
#1520 = VECTOR('',#1521,1.);
#1521 = DIRECTION('',(1.,0.));
#1522 = ( GEOMETRIC_REPRESENTATION_CONTEXT(2) 
PARAMETRIC_REPRESENTATION_CONTEXT() REPRESENTATION_CONTEXT('2D SPACE',''
  ) );
#1523 = PCURVE('',#1524,#1529);
#1524 = PLANE('',#1525);
#1525 = AXIS2_PLACEMENT_3D('',#1526,#1527,#1528);
#1526 = CARTESIAN_POINT('',(17.677669529664,17.677669529664,10.5));
#1527 = DIRECTION('',(0.,0.,1.));
#1528 = DIRECTION('',(0.707106781187,0.707106781187,0.));
#1529 = DEFINITIONAL_REPRESENTATION('',(#1530),#1534);
#1530 = CIRCLE('',#1531,5.5);
#1531 = AXIS2_PLACEMENT_2D('',#1532,#1533);
#1532 = CARTESIAN_POINT('',(0.,0.));
#1533 = DIRECTION('',(1.,0.));
#1534 = ( GEOMETRIC_REPRESENTATION_CONTEXT(2) 
PARAMETRIC_REPRESENTATION_CONTEXT() REPRESENTATION_CONTEXT('2D SPACE',''
  ) );
#1535 = ORIENTED_EDGE('',*,*,#1486,.T.);
#1536 = ADVANCED_FACE('',(#1537),#980,.F.);
#1537 = FACE_BOUND('',#1538,.F.);
#1538 = EDGE_LOOP('',(#1539,#1563,#1584,#1585));
#1539 = ORIENTED_EDGE('',*,*,#1540,.F.);
#1540 = EDGE_CURVE('',#1541,#1541,#1543,.T.);
#1541 = VERTEX_POINT('',#1542);
#1542 = CARTESIAN_POINT('',(-20.01112190757,-20.01112190757,10.5));
#1543 = SURFACE_CURVE('',#1544,(#1549,#1556),.PCURVE_S1.);
#1544 = CIRCLE('',#1545,3.3);
#1545 = AXIS2_PLACEMENT_3D('',#1546,#1547,#1548);
#1546 = CARTESIAN_POINT('',(-17.67766952966,-17.67766952966,10.5));
#1547 = DIRECTION('',(0.,0.,1.));
#1548 = DIRECTION('',(-0.707106781187,-0.707106781187,0.));
#1549 = PCURVE('',#980,#1550);
#1550 = DEFINITIONAL_REPRESENTATION('',(#1551),#1555);
#1551 = LINE('',#1552,#1553);
#1552 = CARTESIAN_POINT('',(0.,10.51));
#1553 = VECTOR('',#1554,1.);
#1554 = DIRECTION('',(1.,0.));
#1555 = ( GEOMETRIC_REPRESENTATION_CONTEXT(2) 
PARAMETRIC_REPRESENTATION_CONTEXT() REPRESENTATION_CONTEXT('2D SPACE',''
  ) );
#1556 = PCURVE('',#1158,#1557);
#1557 = DEFINITIONAL_REPRESENTATION('',(#1558),#1562);
#1558 = CIRCLE('',#1559,3.3);
#1559 = AXIS2_PLACEMENT_2D('',#1560,#1561);
#1560 = CARTESIAN_POINT('',(0.,0.));
#1561 = DIRECTION('',(1.,0.));
#1562 = ( GEOMETRIC_REPRESENTATION_CONTEXT(2) 
PARAMETRIC_REPRESENTATION_CONTEXT() REPRESENTATION_CONTEXT('2D SPACE',''
  ) );
#1563 = ORIENTED_EDGE('',*,*,#1564,.F.);
#1564 = EDGE_CURVE('',#964,#1541,#1565,.T.);
#1565 = SEAM_CURVE('',#1566,(#1570,#1577),.PCURVE_S1.);
#1566 = LINE('',#1567,#1568);
#1567 = CARTESIAN_POINT('',(-20.01112190757,-20.01112190757,-1.E-02));
#1568 = VECTOR('',#1569,1.);
#1569 = DIRECTION('',(0.,0.,1.));
#1570 = PCURVE('',#980,#1571);
#1571 = DEFINITIONAL_REPRESENTATION('',(#1572),#1576);
#1572 = LINE('',#1573,#1574);
#1573 = CARTESIAN_POINT('',(6.28318530718,-0.));
#1574 = VECTOR('',#1575,1.);
#1575 = DIRECTION('',(0.,1.));
#1576 = ( GEOMETRIC_REPRESENTATION_CONTEXT(2) 
PARAMETRIC_REPRESENTATION_CONTEXT() REPRESENTATION_CONTEXT('2D SPACE',''
  ) );
#1577 = PCURVE('',#980,#1578);
#1578 = DEFINITIONAL_REPRESENTATION('',(#1579),#1583);
#1579 = LINE('',#1580,#1581);
#1580 = CARTESIAN_POINT('',(0.,-0.));
#1581 = VECTOR('',#1582,1.);
#1582 = DIRECTION('',(0.,1.));
#1583 = ( GEOMETRIC_REPRESENTATION_CONTEXT(2) 
PARAMETRIC_REPRESENTATION_CONTEXT() REPRESENTATION_CONTEXT('2D SPACE',''
  ) );
#1584 = ORIENTED_EDGE('',*,*,#963,.T.);
#1585 = ORIENTED_EDGE('',*,*,#1564,.T.);
#1586 = ADVANCED_FACE('',(#1587),#1011,.F.);
#1587 = FACE_BOUND('',#1588,.F.);
#1588 = EDGE_LOOP('',(#1589,#1613,#1634,#1635));
#1589 = ORIENTED_EDGE('',*,*,#1590,.F.);
#1590 = EDGE_CURVE('',#1591,#1591,#1593,.T.);
#1591 = VERTEX_POINT('',#1592);
#1592 = CARTESIAN_POINT('',(20.011121907579,-20.01112190757,10.5));
#1593 = SURFACE_CURVE('',#1594,(#1599,#1606),.PCURVE_S1.);
#1594 = CIRCLE('',#1595,3.3);
#1595 = AXIS2_PLACEMENT_3D('',#1596,#1597,#1598);
#1596 = CARTESIAN_POINT('',(17.677669529664,-17.67766952966,10.5));
#1597 = DIRECTION('',(0.,0.,1.));
#1598 = DIRECTION('',(0.707106781187,-0.707106781187,0.));
#1599 = PCURVE('',#1011,#1600);
#1600 = DEFINITIONAL_REPRESENTATION('',(#1601),#1605);
#1601 = LINE('',#1602,#1603);
#1602 = CARTESIAN_POINT('',(0.,10.51));
#1603 = VECTOR('',#1604,1.);
#1604 = DIRECTION('',(1.,0.));
#1605 = ( GEOMETRIC_REPRESENTATION_CONTEXT(2) 
PARAMETRIC_REPRESENTATION_CONTEXT() REPRESENTATION_CONTEXT('2D SPACE',''
  ) );
#1606 = PCURVE('',#1213,#1607);
#1607 = DEFINITIONAL_REPRESENTATION('',(#1608),#1612);
#1608 = CIRCLE('',#1609,3.3);
#1609 = AXIS2_PLACEMENT_2D('',#1610,#1611);
#1610 = CARTESIAN_POINT('',(0.,0.));
#1611 = DIRECTION('',(1.,0.));
#1612 = ( GEOMETRIC_REPRESENTATION_CONTEXT(2) 
PARAMETRIC_REPRESENTATION_CONTEXT() REPRESENTATION_CONTEXT('2D SPACE',''
  ) );
#1613 = ORIENTED_EDGE('',*,*,#1614,.F.);
#1614 = EDGE_CURVE('',#995,#1591,#1615,.T.);
#1615 = SEAM_CURVE('',#1616,(#1620,#1627),.PCURVE_S1.);
#1616 = LINE('',#1617,#1618);
#1617 = CARTESIAN_POINT('',(20.011121907579,-20.01112190757,-1.E-02));
#1618 = VECTOR('',#1619,1.);
#1619 = DIRECTION('',(0.,0.,1.));
#1620 = PCURVE('',#1011,#1621);
#1621 = DEFINITIONAL_REPRESENTATION('',(#1622),#1626);
#1622 = LINE('',#1623,#1624);
#1623 = CARTESIAN_POINT('',(6.28318530718,-0.));
#1624 = VECTOR('',#1625,1.);
#1625 = DIRECTION('',(0.,1.));
#1626 = ( GEOMETRIC_REPRESENTATION_CONTEXT(2) 
PARAMETRIC_REPRESENTATION_CONTEXT() REPRESENTATION_CONTEXT('2D SPACE',''
  ) );
#1627 = PCURVE('',#1011,#1628);
#1628 = DEFINITIONAL_REPRESENTATION('',(#1629),#1633);
#1629 = LINE('',#1630,#1631);
#1630 = CARTESIAN_POINT('',(0.,-0.));
#1631 = VECTOR('',#1632,1.);
#1632 = DIRECTION('',(0.,1.));
#1633 = ( GEOMETRIC_REPRESENTATION_CONTEXT(2) 
PARAMETRIC_REPRESENTATION_CONTEXT() REPRESENTATION_CONTEXT('2D SPACE',''
  ) );
#1634 = ORIENTED_EDGE('',*,*,#994,.T.);
#1635 = ORIENTED_EDGE('',*,*,#1614,.T.);
#1636 = ADVANCED_FACE('',(#1637),#1042,.F.);
#1637 = FACE_BOUND('',#1638,.F.);
#1638 = EDGE_LOOP('',(#1639,#1663,#1684,#1685));
#1639 = ORIENTED_EDGE('',*,*,#1640,.F.);
#1640 = EDGE_CURVE('',#1641,#1641,#1643,.T.);
#1641 = VERTEX_POINT('',#1642);
#1642 = CARTESIAN_POINT('',(-20.01112190757,20.011121907579,10.5));
#1643 = SURFACE_CURVE('',#1644,(#1649,#1656),.PCURVE_S1.);
#1644 = CIRCLE('',#1645,3.3);
#1645 = AXIS2_PLACEMENT_3D('',#1646,#1647,#1648);
#1646 = CARTESIAN_POINT('',(-17.67766952966,17.677669529664,10.5));
#1647 = DIRECTION('',(0.,0.,1.));
#1648 = DIRECTION('',(-0.707106781187,0.707106781187,0.));
#1649 = PCURVE('',#1042,#1650);
#1650 = DEFINITIONAL_REPRESENTATION('',(#1651),#1655);
#1651 = LINE('',#1652,#1653);
#1652 = CARTESIAN_POINT('',(0.,10.51));
#1653 = VECTOR('',#1654,1.);
#1654 = DIRECTION('',(1.,0.));
#1655 = ( GEOMETRIC_REPRESENTATION_CONTEXT(2) 
PARAMETRIC_REPRESENTATION_CONTEXT() REPRESENTATION_CONTEXT('2D SPACE',''
  ) );
#1656 = PCURVE('',#1268,#1657);
#1657 = DEFINITIONAL_REPRESENTATION('',(#1658),#1662);
#1658 = CIRCLE('',#1659,3.3);
#1659 = AXIS2_PLACEMENT_2D('',#1660,#1661);
#1660 = CARTESIAN_POINT('',(0.,0.));
#1661 = DIRECTION('',(1.,0.));
#1662 = ( GEOMETRIC_REPRESENTATION_CONTEXT(2) 
PARAMETRIC_REPRESENTATION_CONTEXT() REPRESENTATION_CONTEXT('2D SPACE',''
  ) );
#1663 = ORIENTED_EDGE('',*,*,#1664,.F.);
#1664 = EDGE_CURVE('',#1026,#1641,#1665,.T.);
#1665 = SEAM_CURVE('',#1666,(#1670,#1677),.PCURVE_S1.);
#1666 = LINE('',#1667,#1668);
#1667 = CARTESIAN_POINT('',(-20.01112190757,20.011121907579,-1.E-02));
#1668 = VECTOR('',#1669,1.);
#1669 = DIRECTION('',(0.,0.,1.));
#1670 = PCURVE('',#1042,#1671);
#1671 = DEFINITIONAL_REPRESENTATION('',(#1672),#1676);
#1672 = LINE('',#1673,#1674);
#1673 = CARTESIAN_POINT('',(6.28318530718,-0.));
#1674 = VECTOR('',#1675,1.);
#1675 = DIRECTION('',(0.,1.));
#1676 = ( GEOMETRIC_REPRESENTATION_CONTEXT(2) 
PARAMETRIC_REPRESENTATION_CONTEXT() REPRESENTATION_CONTEXT('2D SPACE',''
  ) );
#1677 = PCURVE('',#1042,#1678);
#1678 = DEFINITIONAL_REPRESENTATION('',(#1679),#1683);
#1679 = LINE('',#1680,#1681);
#1680 = CARTESIAN_POINT('',(0.,-0.));
#1681 = VECTOR('',#1682,1.);
#1682 = DIRECTION('',(0.,1.));
#1683 = ( GEOMETRIC_REPRESENTATION_CONTEXT(2) 
PARAMETRIC_REPRESENTATION_CONTEXT() REPRESENTATION_CONTEXT('2D SPACE',''
  ) );
#1684 = ORIENTED_EDGE('',*,*,#1025,.T.);
#1685 = ORIENTED_EDGE('',*,*,#1664,.T.);
#1686 = ADVANCED_FACE('',(#1687),#1073,.F.);
#1687 = FACE_BOUND('',#1688,.F.);
#1688 = EDGE_LOOP('',(#1689,#1712,#1739,#1740));
#1689 = ORIENTED_EDGE('',*,*,#1690,.T.);
#1690 = EDGE_CURVE('',#1057,#1691,#1693,.T.);
#1691 = VERTEX_POINT('',#1692);
#1692 = CARTESIAN_POINT('',(15.85,-3.882130353297E-15,6.));
#1693 = SEAM_CURVE('',#1694,(#1698,#1705),.PCURVE_S1.);
#1694 = LINE('',#1695,#1696);
#1695 = CARTESIAN_POINT('',(15.85,-3.882130353297E-15,-1.E-02));
#1696 = VECTOR('',#1697,1.);
#1697 = DIRECTION('',(0.,0.,1.));
#1698 = PCURVE('',#1073,#1699);
#1699 = DEFINITIONAL_REPRESENTATION('',(#1700),#1704);
#1700 = LINE('',#1701,#1702);
#1701 = CARTESIAN_POINT('',(6.28318530718,-0.));
#1702 = VECTOR('',#1703,1.);
#1703 = DIRECTION('',(0.,1.));
#1704 = ( GEOMETRIC_REPRESENTATION_CONTEXT(2) 
PARAMETRIC_REPRESENTATION_CONTEXT() REPRESENTATION_CONTEXT('2D SPACE',''
  ) );
#1705 = PCURVE('',#1073,#1706);
#1706 = DEFINITIONAL_REPRESENTATION('',(#1707),#1711);
#1707 = LINE('',#1708,#1709);
#1708 = CARTESIAN_POINT('',(0.,-0.));
#1709 = VECTOR('',#1710,1.);
#1710 = DIRECTION('',(0.,1.));
#1711 = ( GEOMETRIC_REPRESENTATION_CONTEXT(2) 
PARAMETRIC_REPRESENTATION_CONTEXT() REPRESENTATION_CONTEXT('2D SPACE',''
  ) );
#1712 = ORIENTED_EDGE('',*,*,#1713,.F.);
#1713 = EDGE_CURVE('',#1691,#1691,#1714,.T.);
#1714 = SURFACE_CURVE('',#1715,(#1720,#1727),.PCURVE_S1.);
#1715 = CIRCLE('',#1716,15.85);
#1716 = AXIS2_PLACEMENT_3D('',#1717,#1718,#1719);
#1717 = CARTESIAN_POINT('',(0.,0.,6.));
#1718 = DIRECTION('',(0.,0.,1.));
#1719 = DIRECTION('',(1.,0.,-0.));
#1720 = PCURVE('',#1073,#1721);
#1721 = DEFINITIONAL_REPRESENTATION('',(#1722),#1726);
#1722 = LINE('',#1723,#1724);
#1723 = CARTESIAN_POINT('',(0.,6.01));
#1724 = VECTOR('',#1725,1.);
#1725 = DIRECTION('',(1.,0.));
#1726 = ( GEOMETRIC_REPRESENTATION_CONTEXT(2) 
PARAMETRIC_REPRESENTATION_CONTEXT() REPRESENTATION_CONTEXT('2D SPACE',''
  ) );
#1727 = PCURVE('',#1728,#1733);
#1728 = PLANE('',#1729);
#1729 = AXIS2_PLACEMENT_3D('',#1730,#1731,#1732);
#1730 = CARTESIAN_POINT('',(0.,0.,6.));
#1731 = DIRECTION('',(0.,0.,1.));
#1732 = DIRECTION('',(1.,0.,-0.));
#1733 = DEFINITIONAL_REPRESENTATION('',(#1734),#1738);
#1734 = CIRCLE('',#1735,15.85);
#1735 = AXIS2_PLACEMENT_2D('',#1736,#1737);
#1736 = CARTESIAN_POINT('',(0.,0.));
#1737 = DIRECTION('',(1.,0.));
#1738 = ( GEOMETRIC_REPRESENTATION_CONTEXT(2) 
PARAMETRIC_REPRESENTATION_CONTEXT() REPRESENTATION_CONTEXT('2D SPACE',''
  ) );
#1739 = ORIENTED_EDGE('',*,*,#1690,.F.);
#1740 = ORIENTED_EDGE('',*,*,#1056,.T.);
#1741 = ADVANCED_FACE('',(#1742),#1104,.F.);
#1742 = FACE_BOUND('',#1743,.F.);
#1743 = EDGE_LOOP('',(#1744,#1768,#1789,#1790));
#1744 = ORIENTED_EDGE('',*,*,#1745,.F.);
#1745 = EDGE_CURVE('',#1746,#1746,#1748,.T.);
#1746 = VERTEX_POINT('',#1747);
#1747 = CARTESIAN_POINT('',(20.011121907579,20.011121907579,10.5));
#1748 = SURFACE_CURVE('',#1749,(#1754,#1761),.PCURVE_S1.);
#1749 = CIRCLE('',#1750,3.3);
#1750 = AXIS2_PLACEMENT_3D('',#1751,#1752,#1753);
#1751 = CARTESIAN_POINT('',(17.677669529664,17.677669529664,10.5));
#1752 = DIRECTION('',(0.,0.,1.));
#1753 = DIRECTION('',(0.707106781187,0.707106781187,-0.));
#1754 = PCURVE('',#1104,#1755);
#1755 = DEFINITIONAL_REPRESENTATION('',(#1756),#1760);
#1756 = LINE('',#1757,#1758);
#1757 = CARTESIAN_POINT('',(0.,10.51));
#1758 = VECTOR('',#1759,1.);
#1759 = DIRECTION('',(1.,0.));
#1760 = ( GEOMETRIC_REPRESENTATION_CONTEXT(2) 
PARAMETRIC_REPRESENTATION_CONTEXT() REPRESENTATION_CONTEXT('2D SPACE',''
  ) );
#1761 = PCURVE('',#1524,#1762);
#1762 = DEFINITIONAL_REPRESENTATION('',(#1763),#1767);
#1763 = CIRCLE('',#1764,3.3);
#1764 = AXIS2_PLACEMENT_2D('',#1765,#1766);
#1765 = CARTESIAN_POINT('',(0.,0.));
#1766 = DIRECTION('',(1.,0.));
#1767 = ( GEOMETRIC_REPRESENTATION_CONTEXT(2) 
PARAMETRIC_REPRESENTATION_CONTEXT() REPRESENTATION_CONTEXT('2D SPACE',''
  ) );
#1768 = ORIENTED_EDGE('',*,*,#1769,.F.);
#1769 = EDGE_CURVE('',#1088,#1746,#1770,.T.);
#1770 = SEAM_CURVE('',#1771,(#1775,#1782),.PCURVE_S1.);
#1771 = LINE('',#1772,#1773);
#1772 = CARTESIAN_POINT('',(20.011121907579,20.011121907579,-1.E-02));
#1773 = VECTOR('',#1774,1.);
#1774 = DIRECTION('',(0.,0.,1.));
#1775 = PCURVE('',#1104,#1776);
#1776 = DEFINITIONAL_REPRESENTATION('',(#1777),#1781);
#1777 = LINE('',#1778,#1779);
#1778 = CARTESIAN_POINT('',(6.28318530718,-0.));
#1779 = VECTOR('',#1780,1.);
#1780 = DIRECTION('',(0.,1.));
#1781 = ( GEOMETRIC_REPRESENTATION_CONTEXT(2) 
PARAMETRIC_REPRESENTATION_CONTEXT() REPRESENTATION_CONTEXT('2D SPACE',''
  ) );
#1782 = PCURVE('',#1104,#1783);
#1783 = DEFINITIONAL_REPRESENTATION('',(#1784),#1788);
#1784 = LINE('',#1785,#1786);
#1785 = CARTESIAN_POINT('',(0.,-0.));
#1786 = VECTOR('',#1787,1.);
#1787 = DIRECTION('',(0.,1.));
#1788 = ( GEOMETRIC_REPRESENTATION_CONTEXT(2) 
PARAMETRIC_REPRESENTATION_CONTEXT() REPRESENTATION_CONTEXT('2D SPACE',''
  ) );
#1789 = ORIENTED_EDGE('',*,*,#1087,.T.);
#1790 = ORIENTED_EDGE('',*,*,#1769,.T.);
#1791 = ADVANCED_FACE('',(#1792,#1795),#1158,.T.);
#1792 = FACE_BOUND('',#1793,.T.);
#1793 = EDGE_LOOP('',(#1794));
#1794 = ORIENTED_EDGE('',*,*,#1143,.T.);
#1795 = FACE_BOUND('',#1796,.T.);
#1796 = EDGE_LOOP('',(#1797));
#1797 = ORIENTED_EDGE('',*,*,#1540,.F.);
#1798 = ADVANCED_FACE('',(#1799,#1802),#1213,.T.);
#1799 = FACE_BOUND('',#1800,.T.);
#1800 = EDGE_LOOP('',(#1801));
#1801 = ORIENTED_EDGE('',*,*,#1198,.T.);
#1802 = FACE_BOUND('',#1803,.T.);
#1803 = EDGE_LOOP('',(#1804));
#1804 = ORIENTED_EDGE('',*,*,#1590,.F.);
#1805 = ADVANCED_FACE('',(#1806,#1809),#1268,.T.);
#1806 = FACE_BOUND('',#1807,.T.);
#1807 = EDGE_LOOP('',(#1808));
#1808 = ORIENTED_EDGE('',*,*,#1253,.T.);
#1809 = FACE_BOUND('',#1810,.T.);
#1810 = EDGE_LOOP('',(#1811));
#1811 = ORIENTED_EDGE('',*,*,#1640,.F.);
#1812 = ADVANCED_FACE('',(#1813,#1819),#1323,.T.);
#1813 = FACE_BOUND('',#1814,.T.);
#1814 = EDGE_LOOP('',(#1815,#1816,#1817,#1818));
#1815 = ORIENTED_EDGE('',*,*,#1459,.F.);
#1816 = ORIENTED_EDGE('',*,*,#1307,.T.);
#1817 = ORIENTED_EDGE('',*,*,#1361,.T.);
#1818 = ORIENTED_EDGE('',*,*,#1410,.F.);
#1819 = FACE_BOUND('',#1820,.T.);
#1820 = EDGE_LOOP('',(#1821));
#1821 = ORIENTED_EDGE('',*,*,#1822,.F.);
#1822 = EDGE_CURVE('',#1823,#1823,#1825,.T.);
#1823 = VERTEX_POINT('',#1824);
#1824 = CARTESIAN_POINT('',(6.5,-1.592040838892E-15,15.5));
#1825 = SURFACE_CURVE('',#1826,(#1831,#1838),.PCURVE_S1.);
#1826 = CIRCLE('',#1827,6.5);
#1827 = AXIS2_PLACEMENT_3D('',#1828,#1829,#1830);
#1828 = CARTESIAN_POINT('',(0.,0.,15.5));
#1829 = DIRECTION('',(0.,0.,1.));
#1830 = DIRECTION('',(1.,0.,-0.));
#1831 = PCURVE('',#1323,#1832);
#1832 = DEFINITIONAL_REPRESENTATION('',(#1833),#1837);
#1833 = CIRCLE('',#1834,6.5);
#1834 = AXIS2_PLACEMENT_2D('',#1835,#1836);
#1835 = CARTESIAN_POINT('',(25.5,9.65));
#1836 = DIRECTION('',(1.,0.));
#1837 = ( GEOMETRIC_REPRESENTATION_CONTEXT(2) 
PARAMETRIC_REPRESENTATION_CONTEXT() REPRESENTATION_CONTEXT('2D SPACE',''
  ) );
#1838 = PCURVE('',#1839,#1844);
#1839 = CYLINDRICAL_SURFACE('',#1840,6.5);
#1840 = AXIS2_PLACEMENT_3D('',#1841,#1842,#1843);
#1841 = CARTESIAN_POINT('',(0.,0.,13.49));
#1842 = DIRECTION('',(0.,0.,1.));
#1843 = DIRECTION('',(1.,0.,-0.));
#1844 = DEFINITIONAL_REPRESENTATION('',(#1845),#1849);
#1845 = LINE('',#1846,#1847);
#1846 = CARTESIAN_POINT('',(0.,2.01));
#1847 = VECTOR('',#1848,1.);
#1848 = DIRECTION('',(1.,0.));
#1849 = ( GEOMETRIC_REPRESENTATION_CONTEXT(2) 
PARAMETRIC_REPRESENTATION_CONTEXT() REPRESENTATION_CONTEXT('2D SPACE',''
  ) );
#1850 = ADVANCED_FACE('',(#1851,#1854),#1524,.T.);
#1851 = FACE_BOUND('',#1852,.T.);
#1852 = EDGE_LOOP('',(#1853));
#1853 = ORIENTED_EDGE('',*,*,#1509,.T.);
#1854 = FACE_BOUND('',#1855,.T.);
#1855 = EDGE_LOOP('',(#1856));
#1856 = ORIENTED_EDGE('',*,*,#1745,.F.);
#1857 = ADVANCED_FACE('',(#1858,#1861),#1728,.F.);
#1858 = FACE_BOUND('',#1859,.F.);
#1859 = EDGE_LOOP('',(#1860));
#1860 = ORIENTED_EDGE('',*,*,#1713,.T.);
#1861 = FACE_BOUND('',#1862,.F.);
#1862 = EDGE_LOOP('',(#1863));
#1863 = ORIENTED_EDGE('',*,*,#1864,.F.);
#1864 = EDGE_CURVE('',#1865,#1865,#1867,.T.);
#1865 = VERTEX_POINT('',#1866);
#1866 = CARTESIAN_POINT('',(9.25,-2.265596578423E-15,6.));
#1867 = SURFACE_CURVE('',#1868,(#1873,#1880),.PCURVE_S1.);
#1868 = CIRCLE('',#1869,9.25);
#1869 = AXIS2_PLACEMENT_3D('',#1870,#1871,#1872);
#1870 = CARTESIAN_POINT('',(0.,0.,6.));
#1871 = DIRECTION('',(0.,0.,1.));
#1872 = DIRECTION('',(1.,0.,-0.));
#1873 = PCURVE('',#1728,#1874);
#1874 = DEFINITIONAL_REPRESENTATION('',(#1875),#1879);
#1875 = CIRCLE('',#1876,9.25);
#1876 = AXIS2_PLACEMENT_2D('',#1877,#1878);
#1877 = CARTESIAN_POINT('',(0.,0.));
#1878 = DIRECTION('',(1.,0.));
#1879 = ( GEOMETRIC_REPRESENTATION_CONTEXT(2) 
PARAMETRIC_REPRESENTATION_CONTEXT() REPRESENTATION_CONTEXT('2D SPACE',''
  ) );
#1880 = PCURVE('',#1881,#1886);
#1881 = CYLINDRICAL_SURFACE('',#1882,9.25);
#1882 = AXIS2_PLACEMENT_3D('',#1883,#1884,#1885);
#1883 = CARTESIAN_POINT('',(0.,0.,5.99));
#1884 = DIRECTION('',(0.,0.,1.));
#1885 = DIRECTION('',(1.,0.,-0.));
#1886 = DEFINITIONAL_REPRESENTATION('',(#1887),#1891);
#1887 = LINE('',#1888,#1889);
#1888 = CARTESIAN_POINT('',(0.,1.E-02));
#1889 = VECTOR('',#1890,1.);
#1890 = DIRECTION('',(1.,0.));
#1891 = ( GEOMETRIC_REPRESENTATION_CONTEXT(2) 
PARAMETRIC_REPRESENTATION_CONTEXT() REPRESENTATION_CONTEXT('2D SPACE',''
  ) );
#1892 = ADVANCED_FACE('',(#1893),#1839,.F.);
#1893 = FACE_BOUND('',#1894,.F.);
#1894 = EDGE_LOOP('',(#1895,#1896,#1919,#1946));
#1895 = ORIENTED_EDGE('',*,*,#1822,.F.);
#1896 = ORIENTED_EDGE('',*,*,#1897,.F.);
#1897 = EDGE_CURVE('',#1898,#1823,#1900,.T.);
#1898 = VERTEX_POINT('',#1899);
#1899 = CARTESIAN_POINT('',(6.5,-1.592040838892E-15,13.5));
#1900 = SEAM_CURVE('',#1901,(#1905,#1912),.PCURVE_S1.);
#1901 = LINE('',#1902,#1903);
#1902 = CARTESIAN_POINT('',(6.5,-1.592040838892E-15,13.49));
#1903 = VECTOR('',#1904,1.);
#1904 = DIRECTION('',(0.,0.,1.));
#1905 = PCURVE('',#1839,#1906);
#1906 = DEFINITIONAL_REPRESENTATION('',(#1907),#1911);
#1907 = LINE('',#1908,#1909);
#1908 = CARTESIAN_POINT('',(6.28318530718,-0.));
#1909 = VECTOR('',#1910,1.);
#1910 = DIRECTION('',(0.,1.));
#1911 = ( GEOMETRIC_REPRESENTATION_CONTEXT(2) 
PARAMETRIC_REPRESENTATION_CONTEXT() REPRESENTATION_CONTEXT('2D SPACE',''
  ) );
#1912 = PCURVE('',#1839,#1913);
#1913 = DEFINITIONAL_REPRESENTATION('',(#1914),#1918);
#1914 = LINE('',#1915,#1916);
#1915 = CARTESIAN_POINT('',(0.,-0.));
#1916 = VECTOR('',#1917,1.);
#1917 = DIRECTION('',(0.,1.));
#1918 = ( GEOMETRIC_REPRESENTATION_CONTEXT(2) 
PARAMETRIC_REPRESENTATION_CONTEXT() REPRESENTATION_CONTEXT('2D SPACE',''
  ) );
#1919 = ORIENTED_EDGE('',*,*,#1920,.T.);
#1920 = EDGE_CURVE('',#1898,#1898,#1921,.T.);
#1921 = SURFACE_CURVE('',#1922,(#1927,#1934),.PCURVE_S1.);
#1922 = CIRCLE('',#1923,6.5);
#1923 = AXIS2_PLACEMENT_3D('',#1924,#1925,#1926);
#1924 = CARTESIAN_POINT('',(0.,0.,13.5));
#1925 = DIRECTION('',(0.,0.,1.));
#1926 = DIRECTION('',(1.,0.,-0.));
#1927 = PCURVE('',#1839,#1928);
#1928 = DEFINITIONAL_REPRESENTATION('',(#1929),#1933);
#1929 = LINE('',#1930,#1931);
#1930 = CARTESIAN_POINT('',(0.,1.E-02));
#1931 = VECTOR('',#1932,1.);
#1932 = DIRECTION('',(1.,0.));
#1933 = ( GEOMETRIC_REPRESENTATION_CONTEXT(2) 
PARAMETRIC_REPRESENTATION_CONTEXT() REPRESENTATION_CONTEXT('2D SPACE',''
  ) );
#1934 = PCURVE('',#1935,#1940);
#1935 = PLANE('',#1936);
#1936 = AXIS2_PLACEMENT_3D('',#1937,#1938,#1939);
#1937 = CARTESIAN_POINT('',(0.,0.,13.5));
#1938 = DIRECTION('',(0.,0.,1.));
#1939 = DIRECTION('',(1.,0.,-0.));
#1940 = DEFINITIONAL_REPRESENTATION('',(#1941),#1945);
#1941 = CIRCLE('',#1942,6.5);
#1942 = AXIS2_PLACEMENT_2D('',#1943,#1944);
#1943 = CARTESIAN_POINT('',(0.,0.));
#1944 = DIRECTION('',(1.,0.));
#1945 = ( GEOMETRIC_REPRESENTATION_CONTEXT(2) 
PARAMETRIC_REPRESENTATION_CONTEXT() REPRESENTATION_CONTEXT('2D SPACE',''
  ) );
#1946 = ORIENTED_EDGE('',*,*,#1897,.T.);
#1947 = ADVANCED_FACE('',(#1948),#1881,.F.);
#1948 = FACE_BOUND('',#1949,.F.);
#1949 = EDGE_LOOP('',(#1950,#1973,#1995,#1996));
#1950 = ORIENTED_EDGE('',*,*,#1951,.T.);
#1951 = EDGE_CURVE('',#1865,#1952,#1954,.T.);
#1952 = VERTEX_POINT('',#1953);
#1953 = CARTESIAN_POINT('',(9.25,-2.265596578423E-15,13.5));
#1954 = SEAM_CURVE('',#1955,(#1959,#1966),.PCURVE_S1.);
#1955 = LINE('',#1956,#1957);
#1956 = CARTESIAN_POINT('',(9.25,-2.265596578423E-15,5.99));
#1957 = VECTOR('',#1958,1.);
#1958 = DIRECTION('',(0.,0.,1.));
#1959 = PCURVE('',#1881,#1960);
#1960 = DEFINITIONAL_REPRESENTATION('',(#1961),#1965);
#1961 = LINE('',#1962,#1963);
#1962 = CARTESIAN_POINT('',(6.28318530718,-0.));
#1963 = VECTOR('',#1964,1.);
#1964 = DIRECTION('',(0.,1.));
#1965 = ( GEOMETRIC_REPRESENTATION_CONTEXT(2) 
PARAMETRIC_REPRESENTATION_CONTEXT() REPRESENTATION_CONTEXT('2D SPACE',''
  ) );
#1966 = PCURVE('',#1881,#1967);
#1967 = DEFINITIONAL_REPRESENTATION('',(#1968),#1972);
#1968 = LINE('',#1969,#1970);
#1969 = CARTESIAN_POINT('',(0.,-0.));
#1970 = VECTOR('',#1971,1.);
#1971 = DIRECTION('',(0.,1.));
#1972 = ( GEOMETRIC_REPRESENTATION_CONTEXT(2) 
PARAMETRIC_REPRESENTATION_CONTEXT() REPRESENTATION_CONTEXT('2D SPACE',''
  ) );
#1973 = ORIENTED_EDGE('',*,*,#1974,.F.);
#1974 = EDGE_CURVE('',#1952,#1952,#1975,.T.);
#1975 = SURFACE_CURVE('',#1976,(#1981,#1988),.PCURVE_S1.);
#1976 = CIRCLE('',#1977,9.25);
#1977 = AXIS2_PLACEMENT_3D('',#1978,#1979,#1980);
#1978 = CARTESIAN_POINT('',(0.,0.,13.5));
#1979 = DIRECTION('',(0.,0.,1.));
#1980 = DIRECTION('',(1.,0.,-0.));
#1981 = PCURVE('',#1881,#1982);
#1982 = DEFINITIONAL_REPRESENTATION('',(#1983),#1987);
#1983 = LINE('',#1984,#1985);
#1984 = CARTESIAN_POINT('',(0.,7.51));
#1985 = VECTOR('',#1986,1.);
#1986 = DIRECTION('',(1.,0.));
#1987 = ( GEOMETRIC_REPRESENTATION_CONTEXT(2) 
PARAMETRIC_REPRESENTATION_CONTEXT() REPRESENTATION_CONTEXT('2D SPACE',''
  ) );
#1988 = PCURVE('',#1935,#1989);
#1989 = DEFINITIONAL_REPRESENTATION('',(#1990),#1994);
#1990 = CIRCLE('',#1991,9.25);
#1991 = AXIS2_PLACEMENT_2D('',#1992,#1993);
#1992 = CARTESIAN_POINT('',(0.,0.));
#1993 = DIRECTION('',(1.,0.));
#1994 = ( GEOMETRIC_REPRESENTATION_CONTEXT(2) 
PARAMETRIC_REPRESENTATION_CONTEXT() REPRESENTATION_CONTEXT('2D SPACE',''
  ) );
#1995 = ORIENTED_EDGE('',*,*,#1951,.F.);
#1996 = ORIENTED_EDGE('',*,*,#1864,.T.);
#1997 = ADVANCED_FACE('',(#1998,#2001),#1935,.F.);
#1998 = FACE_BOUND('',#1999,.F.);
#1999 = EDGE_LOOP('',(#2000));
#2000 = ORIENTED_EDGE('',*,*,#1974,.T.);
#2001 = FACE_BOUND('',#2002,.F.);
#2002 = EDGE_LOOP('',(#2003));
#2003 = ORIENTED_EDGE('',*,*,#1920,.F.);
#2004 = ( GEOMETRIC_REPRESENTATION_CONTEXT(3) 
GLOBAL_UNCERTAINTY_ASSIGNED_CONTEXT((#2008)) 
GLOBAL_UNIT_ASSIGNED_CONTEXT((#2005,#2006,#2007)) REPRESENTATION_CONTEXT
('Context #1','3D Context with UNIT and UNCERTAINTY') );
#2005 = ( LENGTH_UNIT() NAMED_UNIT(*) SI_UNIT(.MILLI.,.METRE.) );
#2006 = ( NAMED_UNIT(*) PLANE_ANGLE_UNIT() SI_UNIT($,.RADIAN.) );
#2007 = ( NAMED_UNIT(*) SI_UNIT($,.STERADIAN.) SOLID_ANGLE_UNIT() );
#2008 = UNCERTAINTY_MEASURE_WITH_UNIT(LENGTH_MEASURE(1.E-07),#2005,
  'distance_accuracy_value','confusion accuracy');
#2009 = CONTEXT_DEPENDENT_SHAPE_REPRESENTATION(#2010,#2012);
#2010 = ( REPRESENTATION_RELATIONSHIP('','',#631,#10) 
REPRESENTATION_RELATIONSHIP_WITH_TRANSFORMATION(#2011) 
SHAPE_REPRESENTATION_RELATIONSHIP() );
#2011 = ITEM_DEFINED_TRANSFORMATION('','',#11,#19);
#2012 = PRODUCT_DEFINITION_SHAPE('Placement','Placement of an item',
  #2013);
#2013 = NEXT_ASSEMBLY_USAGE_OCCURRENCE('15','acoplador_robo','',#5,#626,
  $);
#2014 = PRODUCT_RELATED_PRODUCT_CATEGORY('part',$,(#628));
#2015 = SHAPE_DEFINITION_REPRESENTATION(#2016,#2022);
#2016 = PRODUCT_DEFINITION_SHAPE('','',#2017);
#2017 = PRODUCT_DEFINITION('design','',#2018,#2021);
#2018 = PRODUCT_DEFINITION_FORMATION('','',#2019);
#2019 = PRODUCT('celula_carga_100kg','celula_carga_100kg','',(#2020));
#2020 = PRODUCT_CONTEXT('',#2,'mechanical');
#2021 = PRODUCT_DEFINITION_CONTEXT('part definition',#2,'design');
#2022 = ADVANCED_BREP_SHAPE_REPRESENTATION('',(#11,#2023),#3125);
#2023 = MANIFOLD_SOLID_BREP('',#2024);
#2024 = CLOSED_SHELL('',(#2025,#2143,#2431,#2478,#2701,#2759,#2784,#2811
    ,#2838,#2863,#2890,#2948,#2973,#3000,#3007,#3062,#3117,#3121));
#2025 = ADVANCED_FACE('',(#2026),#2040,.F.);
#2026 = FACE_BOUND('',#2027,.F.);
#2027 = EDGE_LOOP('',(#2028,#2063,#2091,#2119));
#2028 = ORIENTED_EDGE('',*,*,#2029,.F.);
#2029 = EDGE_CURVE('',#2030,#2032,#2034,.T.);
#2030 = VERTEX_POINT('',#2031);
#2031 = CARTESIAN_POINT('',(-25.4,-9.55,15.5));
#2032 = VERTEX_POINT('',#2033);
#2033 = CARTESIAN_POINT('',(-25.4,-9.55,60.6));
#2034 = SURFACE_CURVE('',#2035,(#2039,#2051),.PCURVE_S1.);
#2035 = LINE('',#2036,#2037);
#2036 = CARTESIAN_POINT('',(-25.4,-9.55,15.5));
#2037 = VECTOR('',#2038,1.);
#2038 = DIRECTION('',(0.,0.,1.));
#2039 = PCURVE('',#2040,#2045);
#2040 = PLANE('',#2041);
#2041 = AXIS2_PLACEMENT_3D('',#2042,#2043,#2044);
#2042 = CARTESIAN_POINT('',(-25.4,-9.55,15.5));
#2043 = DIRECTION('',(1.,0.,-0.));
#2044 = DIRECTION('',(0.,0.,1.));
#2045 = DEFINITIONAL_REPRESENTATION('',(#2046),#2050);
#2046 = LINE('',#2047,#2048);
#2047 = CARTESIAN_POINT('',(0.,0.));
#2048 = VECTOR('',#2049,1.);
#2049 = DIRECTION('',(1.,0.));
#2050 = ( GEOMETRIC_REPRESENTATION_CONTEXT(2) 
PARAMETRIC_REPRESENTATION_CONTEXT() REPRESENTATION_CONTEXT('2D SPACE',''
  ) );
#2051 = PCURVE('',#2052,#2057);
#2052 = PLANE('',#2053);
#2053 = AXIS2_PLACEMENT_3D('',#2054,#2055,#2056);
#2054 = CARTESIAN_POINT('',(-25.4,-9.55,15.5));
#2055 = DIRECTION('',(-0.,1.,0.));
#2056 = DIRECTION('',(0.,0.,1.));
#2057 = DEFINITIONAL_REPRESENTATION('',(#2058),#2062);
#2058 = LINE('',#2059,#2060);
#2059 = CARTESIAN_POINT('',(0.,0.));
#2060 = VECTOR('',#2061,1.);
#2061 = DIRECTION('',(1.,0.));
#2062 = ( GEOMETRIC_REPRESENTATION_CONTEXT(2) 
PARAMETRIC_REPRESENTATION_CONTEXT() REPRESENTATION_CONTEXT('2D SPACE',''
  ) );
#2063 = ORIENTED_EDGE('',*,*,#2064,.T.);
#2064 = EDGE_CURVE('',#2030,#2065,#2067,.T.);
#2065 = VERTEX_POINT('',#2066);
#2066 = CARTESIAN_POINT('',(-25.4,9.55,15.5));
#2067 = SURFACE_CURVE('',#2068,(#2072,#2079),.PCURVE_S1.);
#2068 = LINE('',#2069,#2070);
#2069 = CARTESIAN_POINT('',(-25.4,-9.55,15.5));
#2070 = VECTOR('',#2071,1.);
#2071 = DIRECTION('',(-0.,1.,0.));
#2072 = PCURVE('',#2040,#2073);
#2073 = DEFINITIONAL_REPRESENTATION('',(#2074),#2078);
#2074 = LINE('',#2075,#2076);
#2075 = CARTESIAN_POINT('',(0.,0.));
#2076 = VECTOR('',#2077,1.);
#2077 = DIRECTION('',(0.,-1.));
#2078 = ( GEOMETRIC_REPRESENTATION_CONTEXT(2) 
PARAMETRIC_REPRESENTATION_CONTEXT() REPRESENTATION_CONTEXT('2D SPACE',''
  ) );
#2079 = PCURVE('',#2080,#2085);
#2080 = PLANE('',#2081);
#2081 = AXIS2_PLACEMENT_3D('',#2082,#2083,#2084);
#2082 = CARTESIAN_POINT('',(-25.4,-9.55,15.5));
#2083 = DIRECTION('',(0.,0.,1.));
#2084 = DIRECTION('',(1.,0.,-0.));
#2085 = DEFINITIONAL_REPRESENTATION('',(#2086),#2090);
#2086 = LINE('',#2087,#2088);
#2087 = CARTESIAN_POINT('',(0.,0.));
#2088 = VECTOR('',#2089,1.);
#2089 = DIRECTION('',(0.,1.));
#2090 = ( GEOMETRIC_REPRESENTATION_CONTEXT(2) 
PARAMETRIC_REPRESENTATION_CONTEXT() REPRESENTATION_CONTEXT('2D SPACE',''
  ) );
#2091 = ORIENTED_EDGE('',*,*,#2092,.T.);
#2092 = EDGE_CURVE('',#2065,#2093,#2095,.T.);
#2093 = VERTEX_POINT('',#2094);
#2094 = CARTESIAN_POINT('',(-25.4,9.55,60.6));
#2095 = SURFACE_CURVE('',#2096,(#2100,#2107),.PCURVE_S1.);
#2096 = LINE('',#2097,#2098);
#2097 = CARTESIAN_POINT('',(-25.4,9.55,15.5));
#2098 = VECTOR('',#2099,1.);
#2099 = DIRECTION('',(0.,0.,1.));
#2100 = PCURVE('',#2040,#2101);
#2101 = DEFINITIONAL_REPRESENTATION('',(#2102),#2106);
#2102 = LINE('',#2103,#2104);
#2103 = CARTESIAN_POINT('',(0.,-19.1));
#2104 = VECTOR('',#2105,1.);
#2105 = DIRECTION('',(1.,0.));
#2106 = ( GEOMETRIC_REPRESENTATION_CONTEXT(2) 
PARAMETRIC_REPRESENTATION_CONTEXT() REPRESENTATION_CONTEXT('2D SPACE',''
  ) );
#2107 = PCURVE('',#2108,#2113);
#2108 = PLANE('',#2109);
#2109 = AXIS2_PLACEMENT_3D('',#2110,#2111,#2112);
#2110 = CARTESIAN_POINT('',(-25.4,9.55,15.5));
#2111 = DIRECTION('',(-0.,1.,0.));
#2112 = DIRECTION('',(0.,0.,1.));
#2113 = DEFINITIONAL_REPRESENTATION('',(#2114),#2118);
#2114 = LINE('',#2115,#2116);
#2115 = CARTESIAN_POINT('',(0.,0.));
#2116 = VECTOR('',#2117,1.);
#2117 = DIRECTION('',(1.,0.));
#2118 = ( GEOMETRIC_REPRESENTATION_CONTEXT(2) 
PARAMETRIC_REPRESENTATION_CONTEXT() REPRESENTATION_CONTEXT('2D SPACE',''
  ) );
#2119 = ORIENTED_EDGE('',*,*,#2120,.T.);
#2120 = EDGE_CURVE('',#2093,#2032,#2121,.T.);
#2121 = SURFACE_CURVE('',#2122,(#2126,#2132),.PCURVE_S1.);
#2122 = LINE('',#2123,#2124);
#2123 = CARTESIAN_POINT('',(-25.4,-9.555,60.6));
#2124 = VECTOR('',#2125,1.);
#2125 = DIRECTION('',(0.,-1.,0.));
#2126 = PCURVE('',#2040,#2127);
#2127 = DEFINITIONAL_REPRESENTATION('',(#2128),#2131);
#2128 = B_SPLINE_CURVE_WITH_KNOTS('',1,(#2129,#2130),.UNSPECIFIED.,.F.,
  .F.,(2,2),(-19.105,-4.999999999999E-03),.PIECEWISE_BEZIER_KNOTS.);
#2129 = CARTESIAN_POINT('',(45.1,-19.1));
#2130 = CARTESIAN_POINT('',(45.1,0.));
#2131 = ( GEOMETRIC_REPRESENTATION_CONTEXT(2) 
PARAMETRIC_REPRESENTATION_CONTEXT() REPRESENTATION_CONTEXT('2D SPACE',''
  ) );
#2132 = PCURVE('',#2133,#2138);
#2133 = PLANE('',#2134);
#2134 = AXIS2_PLACEMENT_3D('',#2135,#2136,#2137);
#2135 = CARTESIAN_POINT('',(-44.305,-9.56,60.6));
#2136 = DIRECTION('',(0.,0.,1.));
#2137 = DIRECTION('',(1.,0.,-0.));
#2138 = DEFINITIONAL_REPRESENTATION('',(#2139),#2142);
#2139 = B_SPLINE_CURVE_WITH_KNOTS('',1,(#2140,#2141),.UNSPECIFIED.,.F.,
  .F.,(2,2),(-19.105,-4.999999999999E-03),.PIECEWISE_BEZIER_KNOTS.);
#2140 = CARTESIAN_POINT('',(18.905,19.11));
#2141 = CARTESIAN_POINT('',(18.905,1.E-02));
#2142 = ( GEOMETRIC_REPRESENTATION_CONTEXT(2) 
PARAMETRIC_REPRESENTATION_CONTEXT() REPRESENTATION_CONTEXT('2D SPACE',''
  ) );
#2143 = ADVANCED_FACE('',(#2144),#2052,.F.);
#2144 = FACE_BOUND('',#2145,.F.);
#2145 = EDGE_LOOP('',(#2146,#2176,#2197,#2198,#2219,#2245,#2271,#2299,
    #2327,#2355,#2381,#2407));
#2146 = ORIENTED_EDGE('',*,*,#2147,.F.);
#2147 = EDGE_CURVE('',#2148,#2150,#2152,.T.);
#2148 = VERTEX_POINT('',#2149);
#2149 = CARTESIAN_POINT('',(25.4,-9.55,15.5));
#2150 = VERTEX_POINT('',#2151);
#2151 = CARTESIAN_POINT('',(25.4,-9.55,32.5));
#2152 = SURFACE_CURVE('',#2153,(#2157,#2164),.PCURVE_S1.);
#2153 = LINE('',#2154,#2155);
#2154 = CARTESIAN_POINT('',(25.4,-9.55,15.5));
#2155 = VECTOR('',#2156,1.);
#2156 = DIRECTION('',(0.,0.,1.));
#2157 = PCURVE('',#2052,#2158);
#2158 = DEFINITIONAL_REPRESENTATION('',(#2159),#2163);
#2159 = LINE('',#2160,#2161);
#2160 = CARTESIAN_POINT('',(0.,50.8));
#2161 = VECTOR('',#2162,1.);
#2162 = DIRECTION('',(1.,0.));
#2163 = ( GEOMETRIC_REPRESENTATION_CONTEXT(2) 
PARAMETRIC_REPRESENTATION_CONTEXT() REPRESENTATION_CONTEXT('2D SPACE',''
  ) );
#2164 = PCURVE('',#2165,#2170);
#2165 = PLANE('',#2166);
#2166 = AXIS2_PLACEMENT_3D('',#2167,#2168,#2169);
#2167 = CARTESIAN_POINT('',(25.4,-9.55,15.5));
#2168 = DIRECTION('',(1.,0.,-0.));
#2169 = DIRECTION('',(0.,0.,1.));
#2170 = DEFINITIONAL_REPRESENTATION('',(#2171),#2175);
#2171 = LINE('',#2172,#2173);
#2172 = CARTESIAN_POINT('',(0.,0.));
#2173 = VECTOR('',#2174,1.);
#2174 = DIRECTION('',(1.,0.));
#2175 = ( GEOMETRIC_REPRESENTATION_CONTEXT(2) 
PARAMETRIC_REPRESENTATION_CONTEXT() REPRESENTATION_CONTEXT('2D SPACE',''
  ) );
#2176 = ORIENTED_EDGE('',*,*,#2177,.F.);
#2177 = EDGE_CURVE('',#2030,#2148,#2178,.T.);
#2178 = SURFACE_CURVE('',#2179,(#2183,#2190),.PCURVE_S1.);
#2179 = LINE('',#2180,#2181);
#2180 = CARTESIAN_POINT('',(-25.4,-9.55,15.5));
#2181 = VECTOR('',#2182,1.);
#2182 = DIRECTION('',(1.,0.,-0.));
#2183 = PCURVE('',#2052,#2184);
#2184 = DEFINITIONAL_REPRESENTATION('',(#2185),#2189);
#2185 = LINE('',#2186,#2187);
#2186 = CARTESIAN_POINT('',(0.,0.));
#2187 = VECTOR('',#2188,1.);
#2188 = DIRECTION('',(0.,1.));
#2189 = ( GEOMETRIC_REPRESENTATION_CONTEXT(2) 
PARAMETRIC_REPRESENTATION_CONTEXT() REPRESENTATION_CONTEXT('2D SPACE',''
  ) );
#2190 = PCURVE('',#2080,#2191);
#2191 = DEFINITIONAL_REPRESENTATION('',(#2192),#2196);
#2192 = LINE('',#2193,#2194);
#2193 = CARTESIAN_POINT('',(0.,0.));
#2194 = VECTOR('',#2195,1.);
#2195 = DIRECTION('',(1.,0.));
#2196 = ( GEOMETRIC_REPRESENTATION_CONTEXT(2) 
PARAMETRIC_REPRESENTATION_CONTEXT() REPRESENTATION_CONTEXT('2D SPACE',''
  ) );
#2197 = ORIENTED_EDGE('',*,*,#2029,.T.);
#2198 = ORIENTED_EDGE('',*,*,#2199,.T.);
#2199 = EDGE_CURVE('',#2032,#2200,#2202,.T.);
#2200 = VERTEX_POINT('',#2201);
#2201 = CARTESIAN_POINT('',(-6.495,-9.55,60.6));
#2202 = SURFACE_CURVE('',#2203,(#2207,#2213),.PCURVE_S1.);
#2203 = LINE('',#2204,#2205);
#2204 = CARTESIAN_POINT('',(-34.8525,-9.55,60.6));
#2205 = VECTOR('',#2206,1.);
#2206 = DIRECTION('',(1.,0.,-0.));
#2207 = PCURVE('',#2052,#2208);
#2208 = DEFINITIONAL_REPRESENTATION('',(#2209),#2212);
#2209 = B_SPLINE_CURVE_WITH_KNOTS('',1,(#2210,#2211),.UNSPECIFIED.,.F.,
  .F.,(2,2),(9.4525,28.3575),.PIECEWISE_BEZIER_KNOTS.);
#2210 = CARTESIAN_POINT('',(45.1,0.));
#2211 = CARTESIAN_POINT('',(45.1,18.905));
#2212 = ( GEOMETRIC_REPRESENTATION_CONTEXT(2) 
PARAMETRIC_REPRESENTATION_CONTEXT() REPRESENTATION_CONTEXT('2D SPACE',''
  ) );
#2213 = PCURVE('',#2133,#2214);
#2214 = DEFINITIONAL_REPRESENTATION('',(#2215),#2218);
#2215 = B_SPLINE_CURVE_WITH_KNOTS('',1,(#2216,#2217),.UNSPECIFIED.,.F.,
  .F.,(2,2),(9.4525,28.3575),.PIECEWISE_BEZIER_KNOTS.);
#2216 = CARTESIAN_POINT('',(18.905,1.E-02));
#2217 = CARTESIAN_POINT('',(37.81,1.E-02));
#2218 = ( GEOMETRIC_REPRESENTATION_CONTEXT(2) 
PARAMETRIC_REPRESENTATION_CONTEXT() REPRESENTATION_CONTEXT('2D SPACE',''
  ) );
#2219 = ORIENTED_EDGE('',*,*,#2220,.F.);
#2220 = EDGE_CURVE('',#2221,#2200,#2223,.T.);
#2221 = VERTEX_POINT('',#2222);
#2222 = CARTESIAN_POINT('',(-6.495,-9.55,74.7));
#2223 = SURFACE_CURVE('',#2224,(#2228,#2234),.PCURVE_S1.);
#2224 = LINE('',#2225,#2226);
#2225 = CARTESIAN_POINT('',(-6.495,-9.55,38.05));
#2226 = VECTOR('',#2227,1.);
#2227 = DIRECTION('',(-0.,0.,-1.));
#2228 = PCURVE('',#2052,#2229);
#2229 = DEFINITIONAL_REPRESENTATION('',(#2230),#2233);
#2230 = B_SPLINE_CURVE_WITH_KNOTS('',1,(#2231,#2232),.UNSPECIFIED.,.F.,
  .F.,(2,2),(-36.65,-22.55),.PIECEWISE_BEZIER_KNOTS.);
#2231 = CARTESIAN_POINT('',(59.2,18.905));
#2232 = CARTESIAN_POINT('',(45.1,18.905));
#2233 = ( GEOMETRIC_REPRESENTATION_CONTEXT(2) 
PARAMETRIC_REPRESENTATION_CONTEXT() REPRESENTATION_CONTEXT('2D SPACE',''
  ) );
#2234 = PCURVE('',#2235,#2240);
#2235 = PLANE('',#2236);
#2236 = AXIS2_PLACEMENT_3D('',#2237,#2238,#2239);
#2237 = CARTESIAN_POINT('',(-6.495,-9.56,60.6));
#2238 = DIRECTION('',(1.,0.,-0.));
#2239 = DIRECTION('',(0.,0.,1.));
#2240 = DEFINITIONAL_REPRESENTATION('',(#2241),#2244);
#2241 = B_SPLINE_CURVE_WITH_KNOTS('',1,(#2242,#2243),.UNSPECIFIED.,.F.,
  .F.,(2,2),(-36.65,-22.55),.PIECEWISE_BEZIER_KNOTS.);
#2242 = CARTESIAN_POINT('',(14.1,-1.E-02));
#2243 = CARTESIAN_POINT('',(0.,-1.E-02));
#2244 = ( GEOMETRIC_REPRESENTATION_CONTEXT(2) 
PARAMETRIC_REPRESENTATION_CONTEXT() REPRESENTATION_CONTEXT('2D SPACE',''
  ) );
#2245 = ORIENTED_EDGE('',*,*,#2246,.F.);
#2246 = EDGE_CURVE('',#2247,#2221,#2249,.T.);
#2247 = VERTEX_POINT('',#2248);
#2248 = CARTESIAN_POINT('',(-25.4,-9.55,74.7));
#2249 = SURFACE_CURVE('',#2250,(#2254,#2260),.PCURVE_S1.);
#2250 = LINE('',#2251,#2252);
#2251 = CARTESIAN_POINT('',(-34.8525,-9.55,74.7));
#2252 = VECTOR('',#2253,1.);
#2253 = DIRECTION('',(1.,0.,-0.));
#2254 = PCURVE('',#2052,#2255);
#2255 = DEFINITIONAL_REPRESENTATION('',(#2256),#2259);
#2256 = B_SPLINE_CURVE_WITH_KNOTS('',1,(#2257,#2258),.UNSPECIFIED.,.F.,
  .F.,(2,2),(9.4525,28.3575),.PIECEWISE_BEZIER_KNOTS.);
#2257 = CARTESIAN_POINT('',(59.2,0.));
#2258 = CARTESIAN_POINT('',(59.2,18.905));
#2259 = ( GEOMETRIC_REPRESENTATION_CONTEXT(2) 
PARAMETRIC_REPRESENTATION_CONTEXT() REPRESENTATION_CONTEXT('2D SPACE',''
  ) );
#2260 = PCURVE('',#2261,#2266);
#2261 = PLANE('',#2262);
#2262 = AXIS2_PLACEMENT_3D('',#2263,#2264,#2265);
#2263 = CARTESIAN_POINT('',(-44.305,-9.56,74.7));
#2264 = DIRECTION('',(0.,0.,1.));
#2265 = DIRECTION('',(1.,0.,-0.));
#2266 = DEFINITIONAL_REPRESENTATION('',(#2267),#2270);
#2267 = B_SPLINE_CURVE_WITH_KNOTS('',1,(#2268,#2269),.UNSPECIFIED.,.F.,
  .F.,(2,2),(9.4525,28.3575),.PIECEWISE_BEZIER_KNOTS.);
#2268 = CARTESIAN_POINT('',(18.905,1.E-02));
#2269 = CARTESIAN_POINT('',(37.81,1.E-02));
#2270 = ( GEOMETRIC_REPRESENTATION_CONTEXT(2) 
PARAMETRIC_REPRESENTATION_CONTEXT() REPRESENTATION_CONTEXT('2D SPACE',''
  ) );
#2271 = ORIENTED_EDGE('',*,*,#2272,.T.);
#2272 = EDGE_CURVE('',#2247,#2273,#2275,.T.);
#2273 = VERTEX_POINT('',#2274);
#2274 = CARTESIAN_POINT('',(-25.4,-9.55,91.7));
#2275 = SURFACE_CURVE('',#2276,(#2280,#2287),.PCURVE_S1.);
#2276 = LINE('',#2277,#2278);
#2277 = CARTESIAN_POINT('',(-25.4,-9.55,15.5));
#2278 = VECTOR('',#2279,1.);
#2279 = DIRECTION('',(0.,0.,1.));
#2280 = PCURVE('',#2052,#2281);
#2281 = DEFINITIONAL_REPRESENTATION('',(#2282),#2286);
#2282 = LINE('',#2283,#2284);
#2283 = CARTESIAN_POINT('',(0.,0.));
#2284 = VECTOR('',#2285,1.);
#2285 = DIRECTION('',(1.,0.));
#2286 = ( GEOMETRIC_REPRESENTATION_CONTEXT(2) 
PARAMETRIC_REPRESENTATION_CONTEXT() REPRESENTATION_CONTEXT('2D SPACE',''
  ) );
#2287 = PCURVE('',#2288,#2293);
#2288 = PLANE('',#2289);
#2289 = AXIS2_PLACEMENT_3D('',#2290,#2291,#2292);
#2290 = CARTESIAN_POINT('',(-25.4,-9.55,15.5));
#2291 = DIRECTION('',(1.,0.,-0.));
#2292 = DIRECTION('',(0.,0.,1.));
#2293 = DEFINITIONAL_REPRESENTATION('',(#2294),#2298);
#2294 = LINE('',#2295,#2296);
#2295 = CARTESIAN_POINT('',(0.,0.));
#2296 = VECTOR('',#2297,1.);
#2297 = DIRECTION('',(1.,0.));
#2298 = ( GEOMETRIC_REPRESENTATION_CONTEXT(2) 
PARAMETRIC_REPRESENTATION_CONTEXT() REPRESENTATION_CONTEXT('2D SPACE',''
  ) );
#2299 = ORIENTED_EDGE('',*,*,#2300,.T.);
#2300 = EDGE_CURVE('',#2273,#2301,#2303,.T.);
#2301 = VERTEX_POINT('',#2302);
#2302 = CARTESIAN_POINT('',(25.4,-9.55,91.7));
#2303 = SURFACE_CURVE('',#2304,(#2308,#2315),.PCURVE_S1.);
#2304 = LINE('',#2305,#2306);
#2305 = CARTESIAN_POINT('',(-25.4,-9.55,91.7));
#2306 = VECTOR('',#2307,1.);
#2307 = DIRECTION('',(1.,0.,-0.));
#2308 = PCURVE('',#2052,#2309);
#2309 = DEFINITIONAL_REPRESENTATION('',(#2310),#2314);
#2310 = LINE('',#2311,#2312);
#2311 = CARTESIAN_POINT('',(76.2,0.));
#2312 = VECTOR('',#2313,1.);
#2313 = DIRECTION('',(0.,1.));
#2314 = ( GEOMETRIC_REPRESENTATION_CONTEXT(2) 
PARAMETRIC_REPRESENTATION_CONTEXT() REPRESENTATION_CONTEXT('2D SPACE',''
  ) );
#2315 = PCURVE('',#2316,#2321);
#2316 = PLANE('',#2317);
#2317 = AXIS2_PLACEMENT_3D('',#2318,#2319,#2320);
#2318 = CARTESIAN_POINT('',(-25.4,-9.55,91.7));
#2319 = DIRECTION('',(0.,0.,1.));
#2320 = DIRECTION('',(1.,0.,-0.));
#2321 = DEFINITIONAL_REPRESENTATION('',(#2322),#2326);
#2322 = LINE('',#2323,#2324);
#2323 = CARTESIAN_POINT('',(0.,0.));
#2324 = VECTOR('',#2325,1.);
#2325 = DIRECTION('',(1.,0.));
#2326 = ( GEOMETRIC_REPRESENTATION_CONTEXT(2) 
PARAMETRIC_REPRESENTATION_CONTEXT() REPRESENTATION_CONTEXT('2D SPACE',''
  ) );
#2327 = ORIENTED_EDGE('',*,*,#2328,.F.);
#2328 = EDGE_CURVE('',#2329,#2301,#2331,.T.);
#2329 = VERTEX_POINT('',#2330);
#2330 = CARTESIAN_POINT('',(25.4,-9.55,46.6));
#2331 = SURFACE_CURVE('',#2332,(#2336,#2343),.PCURVE_S1.);
#2332 = LINE('',#2333,#2334);
#2333 = CARTESIAN_POINT('',(25.4,-9.55,15.5));
#2334 = VECTOR('',#2335,1.);
#2335 = DIRECTION('',(0.,0.,1.));
#2336 = PCURVE('',#2052,#2337);
#2337 = DEFINITIONAL_REPRESENTATION('',(#2338),#2342);
#2338 = LINE('',#2339,#2340);
#2339 = CARTESIAN_POINT('',(0.,50.8));
#2340 = VECTOR('',#2341,1.);
#2341 = DIRECTION('',(1.,0.));
#2342 = ( GEOMETRIC_REPRESENTATION_CONTEXT(2) 
PARAMETRIC_REPRESENTATION_CONTEXT() REPRESENTATION_CONTEXT('2D SPACE',''
  ) );
#2343 = PCURVE('',#2344,#2349);
#2344 = PLANE('',#2345);
#2345 = AXIS2_PLACEMENT_3D('',#2346,#2347,#2348);
#2346 = CARTESIAN_POINT('',(25.4,-9.55,15.5));
#2347 = DIRECTION('',(1.,0.,-0.));
#2348 = DIRECTION('',(0.,0.,1.));
#2349 = DEFINITIONAL_REPRESENTATION('',(#2350),#2354);
#2350 = LINE('',#2351,#2352);
#2351 = CARTESIAN_POINT('',(0.,0.));
#2352 = VECTOR('',#2353,1.);
#2353 = DIRECTION('',(1.,0.));
#2354 = ( GEOMETRIC_REPRESENTATION_CONTEXT(2) 
PARAMETRIC_REPRESENTATION_CONTEXT() REPRESENTATION_CONTEXT('2D SPACE',''
  ) );
#2355 = ORIENTED_EDGE('',*,*,#2356,.F.);
#2356 = EDGE_CURVE('',#2357,#2329,#2359,.T.);
#2357 = VERTEX_POINT('',#2358);
#2358 = CARTESIAN_POINT('',(6.495,-9.55,46.6));
#2359 = SURFACE_CURVE('',#2360,(#2364,#2370),.PCURVE_S1.);
#2360 = LINE('',#2361,#2362);
#2361 = CARTESIAN_POINT('',(-9.4525,-9.55,46.6));
#2362 = VECTOR('',#2363,1.);
#2363 = DIRECTION('',(1.,0.,-0.));
#2364 = PCURVE('',#2052,#2365);
#2365 = DEFINITIONAL_REPRESENTATION('',(#2366),#2369);
#2366 = B_SPLINE_CURVE_WITH_KNOTS('',1,(#2367,#2368),.UNSPECIFIED.,.F.,
  .F.,(2,2),(15.9475,34.8525),.PIECEWISE_BEZIER_KNOTS.);
#2367 = CARTESIAN_POINT('',(31.1,31.895));
#2368 = CARTESIAN_POINT('',(31.1,50.8));
#2369 = ( GEOMETRIC_REPRESENTATION_CONTEXT(2) 
PARAMETRIC_REPRESENTATION_CONTEXT() REPRESENTATION_CONTEXT('2D SPACE',''
  ) );
#2370 = PCURVE('',#2371,#2376);
#2371 = PLANE('',#2372);
#2372 = AXIS2_PLACEMENT_3D('',#2373,#2374,#2375);
#2373 = CARTESIAN_POINT('',(6.495,-9.56,46.6));
#2374 = DIRECTION('',(0.,0.,1.));
#2375 = DIRECTION('',(1.,0.,-0.));
#2376 = DEFINITIONAL_REPRESENTATION('',(#2377),#2380);
#2377 = B_SPLINE_CURVE_WITH_KNOTS('',1,(#2378,#2379),.UNSPECIFIED.,.F.,
  .F.,(2,2),(15.9475,34.8525),.PIECEWISE_BEZIER_KNOTS.);
#2378 = CARTESIAN_POINT('',(0.,1.E-02));
#2379 = CARTESIAN_POINT('',(18.905,1.E-02));
#2380 = ( GEOMETRIC_REPRESENTATION_CONTEXT(2) 
PARAMETRIC_REPRESENTATION_CONTEXT() REPRESENTATION_CONTEXT('2D SPACE',''
  ) );
#2381 = ORIENTED_EDGE('',*,*,#2382,.T.);
#2382 = EDGE_CURVE('',#2357,#2383,#2385,.T.);
#2383 = VERTEX_POINT('',#2384);
#2384 = CARTESIAN_POINT('',(6.495,-9.55,32.5));
#2385 = SURFACE_CURVE('',#2386,(#2390,#2396),.PCURVE_S1.);
#2386 = LINE('',#2387,#2388);
#2387 = CARTESIAN_POINT('',(6.495,-9.55,24.));
#2388 = VECTOR('',#2389,1.);
#2389 = DIRECTION('',(-0.,0.,-1.));
#2390 = PCURVE('',#2052,#2391);
#2391 = DEFINITIONAL_REPRESENTATION('',(#2392),#2395);
#2392 = B_SPLINE_CURVE_WITH_KNOTS('',1,(#2393,#2394),.UNSPECIFIED.,.F.,
  .F.,(2,2),(-22.6,-8.5),.PIECEWISE_BEZIER_KNOTS.);
#2393 = CARTESIAN_POINT('',(31.1,31.895));
#2394 = CARTESIAN_POINT('',(17.,31.895));
#2395 = ( GEOMETRIC_REPRESENTATION_CONTEXT(2) 
PARAMETRIC_REPRESENTATION_CONTEXT() REPRESENTATION_CONTEXT('2D SPACE',''
  ) );
#2396 = PCURVE('',#2397,#2402);
#2397 = PLANE('',#2398);
#2398 = AXIS2_PLACEMENT_3D('',#2399,#2400,#2401);
#2399 = CARTESIAN_POINT('',(6.495,-9.56,32.5));
#2400 = DIRECTION('',(1.,0.,-0.));
#2401 = DIRECTION('',(0.,0.,1.));
#2402 = DEFINITIONAL_REPRESENTATION('',(#2403),#2406);
#2403 = B_SPLINE_CURVE_WITH_KNOTS('',1,(#2404,#2405),.UNSPECIFIED.,.F.,
  .F.,(2,2),(-22.6,-8.5),.PIECEWISE_BEZIER_KNOTS.);
#2404 = CARTESIAN_POINT('',(14.1,-1.E-02));
#2405 = CARTESIAN_POINT('',(0.,-1.E-02));
#2406 = ( GEOMETRIC_REPRESENTATION_CONTEXT(2) 
PARAMETRIC_REPRESENTATION_CONTEXT() REPRESENTATION_CONTEXT('2D SPACE',''
  ) );
#2407 = ORIENTED_EDGE('',*,*,#2408,.T.);
#2408 = EDGE_CURVE('',#2383,#2150,#2409,.T.);
#2409 = SURFACE_CURVE('',#2410,(#2414,#2420),.PCURVE_S1.);
#2410 = LINE('',#2411,#2412);
#2411 = CARTESIAN_POINT('',(-9.4525,-9.55,32.5));
#2412 = VECTOR('',#2413,1.);
#2413 = DIRECTION('',(1.,0.,-0.));
#2414 = PCURVE('',#2052,#2415);
#2415 = DEFINITIONAL_REPRESENTATION('',(#2416),#2419);
#2416 = B_SPLINE_CURVE_WITH_KNOTS('',1,(#2417,#2418),.UNSPECIFIED.,.F.,
  .F.,(2,2),(15.9475,34.8525),.PIECEWISE_BEZIER_KNOTS.);
#2417 = CARTESIAN_POINT('',(17.,31.895));
#2418 = CARTESIAN_POINT('',(17.,50.8));
#2419 = ( GEOMETRIC_REPRESENTATION_CONTEXT(2) 
PARAMETRIC_REPRESENTATION_CONTEXT() REPRESENTATION_CONTEXT('2D SPACE',''
  ) );
#2420 = PCURVE('',#2421,#2426);
#2421 = PLANE('',#2422);
#2422 = AXIS2_PLACEMENT_3D('',#2423,#2424,#2425);
#2423 = CARTESIAN_POINT('',(6.495,-9.56,32.5));
#2424 = DIRECTION('',(0.,0.,1.));
#2425 = DIRECTION('',(1.,0.,-0.));
#2426 = DEFINITIONAL_REPRESENTATION('',(#2427),#2430);
#2427 = B_SPLINE_CURVE_WITH_KNOTS('',1,(#2428,#2429),.UNSPECIFIED.,.F.,
  .F.,(2,2),(15.9475,34.8525),.PIECEWISE_BEZIER_KNOTS.);
#2428 = CARTESIAN_POINT('',(0.,1.E-02));
#2429 = CARTESIAN_POINT('',(18.905,1.E-02));
#2430 = ( GEOMETRIC_REPRESENTATION_CONTEXT(2) 
PARAMETRIC_REPRESENTATION_CONTEXT() REPRESENTATION_CONTEXT('2D SPACE',''
  ) );
#2431 = ADVANCED_FACE('',(#2432),#2133,.T.);
#2432 = FACE_BOUND('',#2433,.T.);
#2433 = EDGE_LOOP('',(#2434,#2457,#2476,#2477));
#2434 = ORIENTED_EDGE('',*,*,#2435,.T.);
#2435 = EDGE_CURVE('',#2200,#2436,#2438,.T.);
#2436 = VERTEX_POINT('',#2437);
#2437 = CARTESIAN_POINT('',(-6.495,9.55,60.6));
#2438 = SURFACE_CURVE('',#2439,(#2443,#2450),.PCURVE_S1.);
#2439 = LINE('',#2440,#2441);
#2440 = CARTESIAN_POINT('',(-6.495,-9.56,60.6));
#2441 = VECTOR('',#2442,1.);
#2442 = DIRECTION('',(-0.,1.,0.));
#2443 = PCURVE('',#2133,#2444);
#2444 = DEFINITIONAL_REPRESENTATION('',(#2445),#2449);
#2445 = LINE('',#2446,#2447);
#2446 = CARTESIAN_POINT('',(37.81,0.));
#2447 = VECTOR('',#2448,1.);
#2448 = DIRECTION('',(0.,1.));
#2449 = ( GEOMETRIC_REPRESENTATION_CONTEXT(2) 
PARAMETRIC_REPRESENTATION_CONTEXT() REPRESENTATION_CONTEXT('2D SPACE',''
  ) );
#2450 = PCURVE('',#2235,#2451);
#2451 = DEFINITIONAL_REPRESENTATION('',(#2452),#2456);
#2452 = LINE('',#2453,#2454);
#2453 = CARTESIAN_POINT('',(0.,0.));
#2454 = VECTOR('',#2455,1.);
#2455 = DIRECTION('',(0.,-1.));
#2456 = ( GEOMETRIC_REPRESENTATION_CONTEXT(2) 
PARAMETRIC_REPRESENTATION_CONTEXT() REPRESENTATION_CONTEXT('2D SPACE',''
  ) );
#2457 = ORIENTED_EDGE('',*,*,#2458,.F.);
#2458 = EDGE_CURVE('',#2093,#2436,#2459,.T.);
#2459 = SURFACE_CURVE('',#2460,(#2464,#2470),.PCURVE_S1.);
#2460 = LINE('',#2461,#2462);
#2461 = CARTESIAN_POINT('',(-34.8525,9.55,60.6));
#2462 = VECTOR('',#2463,1.);
#2463 = DIRECTION('',(1.,0.,-0.));
#2464 = PCURVE('',#2133,#2465);
#2465 = DEFINITIONAL_REPRESENTATION('',(#2466),#2469);
#2466 = B_SPLINE_CURVE_WITH_KNOTS('',1,(#2467,#2468),.UNSPECIFIED.,.F.,
  .F.,(2,2),(9.4525,28.3575),.PIECEWISE_BEZIER_KNOTS.);
#2467 = CARTESIAN_POINT('',(18.905,19.11));
#2468 = CARTESIAN_POINT('',(37.81,19.11));
#2469 = ( GEOMETRIC_REPRESENTATION_CONTEXT(2) 
PARAMETRIC_REPRESENTATION_CONTEXT() REPRESENTATION_CONTEXT('2D SPACE',''
  ) );
#2470 = PCURVE('',#2108,#2471);
#2471 = DEFINITIONAL_REPRESENTATION('',(#2472),#2475);
#2472 = B_SPLINE_CURVE_WITH_KNOTS('',1,(#2473,#2474),.UNSPECIFIED.,.F.,
  .F.,(2,2),(9.4525,28.3575),.PIECEWISE_BEZIER_KNOTS.);
#2473 = CARTESIAN_POINT('',(45.1,0.));
#2474 = CARTESIAN_POINT('',(45.1,18.905));
#2475 = ( GEOMETRIC_REPRESENTATION_CONTEXT(2) 
PARAMETRIC_REPRESENTATION_CONTEXT() REPRESENTATION_CONTEXT('2D SPACE',''
  ) );
#2476 = ORIENTED_EDGE('',*,*,#2120,.T.);
#2477 = ORIENTED_EDGE('',*,*,#2199,.T.);
#2478 = ADVANCED_FACE('',(#2479),#2108,.T.);
#2479 = FACE_BOUND('',#2480,.T.);
#2480 = EDGE_LOOP('',(#2481,#2506,#2527,#2528,#2529,#2550,#2571,#2594,
    #2617,#2640,#2661,#2682));
#2481 = ORIENTED_EDGE('',*,*,#2482,.F.);
#2482 = EDGE_CURVE('',#2483,#2485,#2487,.T.);
#2483 = VERTEX_POINT('',#2484);
#2484 = CARTESIAN_POINT('',(25.4,9.55,15.5));
#2485 = VERTEX_POINT('',#2486);
#2486 = CARTESIAN_POINT('',(25.4,9.55,32.5));
#2487 = SURFACE_CURVE('',#2488,(#2492,#2499),.PCURVE_S1.);
#2488 = LINE('',#2489,#2490);
#2489 = CARTESIAN_POINT('',(25.4,9.55,15.5));
#2490 = VECTOR('',#2491,1.);
#2491 = DIRECTION('',(0.,0.,1.));
#2492 = PCURVE('',#2108,#2493);
#2493 = DEFINITIONAL_REPRESENTATION('',(#2494),#2498);
#2494 = LINE('',#2495,#2496);
#2495 = CARTESIAN_POINT('',(0.,50.8));
#2496 = VECTOR('',#2497,1.);
#2497 = DIRECTION('',(1.,0.));
#2498 = ( GEOMETRIC_REPRESENTATION_CONTEXT(2) 
PARAMETRIC_REPRESENTATION_CONTEXT() REPRESENTATION_CONTEXT('2D SPACE',''
  ) );
#2499 = PCURVE('',#2165,#2500);
#2500 = DEFINITIONAL_REPRESENTATION('',(#2501),#2505);
#2501 = LINE('',#2502,#2503);
#2502 = CARTESIAN_POINT('',(0.,-19.1));
#2503 = VECTOR('',#2504,1.);
#2504 = DIRECTION('',(1.,0.));
#2505 = ( GEOMETRIC_REPRESENTATION_CONTEXT(2) 
PARAMETRIC_REPRESENTATION_CONTEXT() REPRESENTATION_CONTEXT('2D SPACE',''
  ) );
#2506 = ORIENTED_EDGE('',*,*,#2507,.F.);
#2507 = EDGE_CURVE('',#2065,#2483,#2508,.T.);
#2508 = SURFACE_CURVE('',#2509,(#2513,#2520),.PCURVE_S1.);
#2509 = LINE('',#2510,#2511);
#2510 = CARTESIAN_POINT('',(-25.4,9.55,15.5));
#2511 = VECTOR('',#2512,1.);
#2512 = DIRECTION('',(1.,0.,-0.));
#2513 = PCURVE('',#2108,#2514);
#2514 = DEFINITIONAL_REPRESENTATION('',(#2515),#2519);
#2515 = LINE('',#2516,#2517);
#2516 = CARTESIAN_POINT('',(0.,0.));
#2517 = VECTOR('',#2518,1.);
#2518 = DIRECTION('',(0.,1.));
#2519 = ( GEOMETRIC_REPRESENTATION_CONTEXT(2) 
PARAMETRIC_REPRESENTATION_CONTEXT() REPRESENTATION_CONTEXT('2D SPACE',''
  ) );
#2520 = PCURVE('',#2080,#2521);
#2521 = DEFINITIONAL_REPRESENTATION('',(#2522),#2526);
#2522 = LINE('',#2523,#2524);
#2523 = CARTESIAN_POINT('',(0.,19.1));
#2524 = VECTOR('',#2525,1.);
#2525 = DIRECTION('',(1.,0.));
#2526 = ( GEOMETRIC_REPRESENTATION_CONTEXT(2) 
PARAMETRIC_REPRESENTATION_CONTEXT() REPRESENTATION_CONTEXT('2D SPACE',''
  ) );
#2527 = ORIENTED_EDGE('',*,*,#2092,.T.);
#2528 = ORIENTED_EDGE('',*,*,#2458,.T.);
#2529 = ORIENTED_EDGE('',*,*,#2530,.F.);
#2530 = EDGE_CURVE('',#2531,#2436,#2533,.T.);
#2531 = VERTEX_POINT('',#2532);
#2532 = CARTESIAN_POINT('',(-6.495,9.55,74.7));
#2533 = SURFACE_CURVE('',#2534,(#2538,#2544),.PCURVE_S1.);
#2534 = LINE('',#2535,#2536);
#2535 = CARTESIAN_POINT('',(-6.495,9.55,38.05));
#2536 = VECTOR('',#2537,1.);
#2537 = DIRECTION('',(-0.,0.,-1.));
#2538 = PCURVE('',#2108,#2539);
#2539 = DEFINITIONAL_REPRESENTATION('',(#2540),#2543);
#2540 = B_SPLINE_CURVE_WITH_KNOTS('',1,(#2541,#2542),.UNSPECIFIED.,.F.,
  .F.,(2,2),(-36.65,-22.55),.PIECEWISE_BEZIER_KNOTS.);
#2541 = CARTESIAN_POINT('',(59.2,18.905));
#2542 = CARTESIAN_POINT('',(45.1,18.905));
#2543 = ( GEOMETRIC_REPRESENTATION_CONTEXT(2) 
PARAMETRIC_REPRESENTATION_CONTEXT() REPRESENTATION_CONTEXT('2D SPACE',''
  ) );
#2544 = PCURVE('',#2235,#2545);
#2545 = DEFINITIONAL_REPRESENTATION('',(#2546),#2549);
#2546 = B_SPLINE_CURVE_WITH_KNOTS('',1,(#2547,#2548),.UNSPECIFIED.,.F.,
  .F.,(2,2),(-36.65,-22.55),.PIECEWISE_BEZIER_KNOTS.);
#2547 = CARTESIAN_POINT('',(14.1,-19.11));
#2548 = CARTESIAN_POINT('',(0.,-19.11));
#2549 = ( GEOMETRIC_REPRESENTATION_CONTEXT(2) 
PARAMETRIC_REPRESENTATION_CONTEXT() REPRESENTATION_CONTEXT('2D SPACE',''
  ) );
#2550 = ORIENTED_EDGE('',*,*,#2551,.F.);
#2551 = EDGE_CURVE('',#2552,#2531,#2554,.T.);
#2552 = VERTEX_POINT('',#2553);
#2553 = CARTESIAN_POINT('',(-25.4,9.55,74.7));
#2554 = SURFACE_CURVE('',#2555,(#2559,#2565),.PCURVE_S1.);
#2555 = LINE('',#2556,#2557);
#2556 = CARTESIAN_POINT('',(-34.8525,9.55,74.7));
#2557 = VECTOR('',#2558,1.);
#2558 = DIRECTION('',(1.,0.,-0.));
#2559 = PCURVE('',#2108,#2560);
#2560 = DEFINITIONAL_REPRESENTATION('',(#2561),#2564);
#2561 = B_SPLINE_CURVE_WITH_KNOTS('',1,(#2562,#2563),.UNSPECIFIED.,.F.,
  .F.,(2,2),(9.4525,28.3575),.PIECEWISE_BEZIER_KNOTS.);
#2562 = CARTESIAN_POINT('',(59.2,0.));
#2563 = CARTESIAN_POINT('',(59.2,18.905));
#2564 = ( GEOMETRIC_REPRESENTATION_CONTEXT(2) 
PARAMETRIC_REPRESENTATION_CONTEXT() REPRESENTATION_CONTEXT('2D SPACE',''
  ) );
#2565 = PCURVE('',#2261,#2566);
#2566 = DEFINITIONAL_REPRESENTATION('',(#2567),#2570);
#2567 = B_SPLINE_CURVE_WITH_KNOTS('',1,(#2568,#2569),.UNSPECIFIED.,.F.,
  .F.,(2,2),(9.4525,28.3575),.PIECEWISE_BEZIER_KNOTS.);
#2568 = CARTESIAN_POINT('',(18.905,19.11));
#2569 = CARTESIAN_POINT('',(37.81,19.11));
#2570 = ( GEOMETRIC_REPRESENTATION_CONTEXT(2) 
PARAMETRIC_REPRESENTATION_CONTEXT() REPRESENTATION_CONTEXT('2D SPACE',''
  ) );
#2571 = ORIENTED_EDGE('',*,*,#2572,.T.);
#2572 = EDGE_CURVE('',#2552,#2573,#2575,.T.);
#2573 = VERTEX_POINT('',#2574);
#2574 = CARTESIAN_POINT('',(-25.4,9.55,91.7));
#2575 = SURFACE_CURVE('',#2576,(#2580,#2587),.PCURVE_S1.);
#2576 = LINE('',#2577,#2578);
#2577 = CARTESIAN_POINT('',(-25.4,9.55,15.5));
#2578 = VECTOR('',#2579,1.);
#2579 = DIRECTION('',(0.,0.,1.));
#2580 = PCURVE('',#2108,#2581);
#2581 = DEFINITIONAL_REPRESENTATION('',(#2582),#2586);
#2582 = LINE('',#2583,#2584);
#2583 = CARTESIAN_POINT('',(0.,0.));
#2584 = VECTOR('',#2585,1.);
#2585 = DIRECTION('',(1.,0.));
#2586 = ( GEOMETRIC_REPRESENTATION_CONTEXT(2) 
PARAMETRIC_REPRESENTATION_CONTEXT() REPRESENTATION_CONTEXT('2D SPACE',''
  ) );
#2587 = PCURVE('',#2288,#2588);
#2588 = DEFINITIONAL_REPRESENTATION('',(#2589),#2593);
#2589 = LINE('',#2590,#2591);
#2590 = CARTESIAN_POINT('',(0.,-19.1));
#2591 = VECTOR('',#2592,1.);
#2592 = DIRECTION('',(1.,0.));
#2593 = ( GEOMETRIC_REPRESENTATION_CONTEXT(2) 
PARAMETRIC_REPRESENTATION_CONTEXT() REPRESENTATION_CONTEXT('2D SPACE',''
  ) );
#2594 = ORIENTED_EDGE('',*,*,#2595,.T.);
#2595 = EDGE_CURVE('',#2573,#2596,#2598,.T.);
#2596 = VERTEX_POINT('',#2597);
#2597 = CARTESIAN_POINT('',(25.4,9.55,91.7));
#2598 = SURFACE_CURVE('',#2599,(#2603,#2610),.PCURVE_S1.);
#2599 = LINE('',#2600,#2601);
#2600 = CARTESIAN_POINT('',(-25.4,9.55,91.7));
#2601 = VECTOR('',#2602,1.);
#2602 = DIRECTION('',(1.,0.,-0.));
#2603 = PCURVE('',#2108,#2604);
#2604 = DEFINITIONAL_REPRESENTATION('',(#2605),#2609);
#2605 = LINE('',#2606,#2607);
#2606 = CARTESIAN_POINT('',(76.2,0.));
#2607 = VECTOR('',#2608,1.);
#2608 = DIRECTION('',(0.,1.));
#2609 = ( GEOMETRIC_REPRESENTATION_CONTEXT(2) 
PARAMETRIC_REPRESENTATION_CONTEXT() REPRESENTATION_CONTEXT('2D SPACE',''
  ) );
#2610 = PCURVE('',#2316,#2611);
#2611 = DEFINITIONAL_REPRESENTATION('',(#2612),#2616);
#2612 = LINE('',#2613,#2614);
#2613 = CARTESIAN_POINT('',(0.,19.1));
#2614 = VECTOR('',#2615,1.);
#2615 = DIRECTION('',(1.,0.));
#2616 = ( GEOMETRIC_REPRESENTATION_CONTEXT(2) 
PARAMETRIC_REPRESENTATION_CONTEXT() REPRESENTATION_CONTEXT('2D SPACE',''
  ) );
#2617 = ORIENTED_EDGE('',*,*,#2618,.F.);
#2618 = EDGE_CURVE('',#2619,#2596,#2621,.T.);
#2619 = VERTEX_POINT('',#2620);
#2620 = CARTESIAN_POINT('',(25.4,9.55,46.6));
#2621 = SURFACE_CURVE('',#2622,(#2626,#2633),.PCURVE_S1.);
#2622 = LINE('',#2623,#2624);
#2623 = CARTESIAN_POINT('',(25.4,9.55,15.5));
#2624 = VECTOR('',#2625,1.);
#2625 = DIRECTION('',(0.,0.,1.));
#2626 = PCURVE('',#2108,#2627);
#2627 = DEFINITIONAL_REPRESENTATION('',(#2628),#2632);
#2628 = LINE('',#2629,#2630);
#2629 = CARTESIAN_POINT('',(0.,50.8));
#2630 = VECTOR('',#2631,1.);
#2631 = DIRECTION('',(1.,0.));
#2632 = ( GEOMETRIC_REPRESENTATION_CONTEXT(2) 
PARAMETRIC_REPRESENTATION_CONTEXT() REPRESENTATION_CONTEXT('2D SPACE',''
  ) );
#2633 = PCURVE('',#2344,#2634);
#2634 = DEFINITIONAL_REPRESENTATION('',(#2635),#2639);
#2635 = LINE('',#2636,#2637);
#2636 = CARTESIAN_POINT('',(0.,-19.1));
#2637 = VECTOR('',#2638,1.);
#2638 = DIRECTION('',(1.,0.));
#2639 = ( GEOMETRIC_REPRESENTATION_CONTEXT(2) 
PARAMETRIC_REPRESENTATION_CONTEXT() REPRESENTATION_CONTEXT('2D SPACE',''
  ) );
#2640 = ORIENTED_EDGE('',*,*,#2641,.F.);
#2641 = EDGE_CURVE('',#2642,#2619,#2644,.T.);
#2642 = VERTEX_POINT('',#2643);
#2643 = CARTESIAN_POINT('',(6.495,9.55,46.6));
#2644 = SURFACE_CURVE('',#2645,(#2649,#2655),.PCURVE_S1.);
#2645 = LINE('',#2646,#2647);
#2646 = CARTESIAN_POINT('',(-9.4525,9.55,46.6));
#2647 = VECTOR('',#2648,1.);
#2648 = DIRECTION('',(1.,0.,-0.));
#2649 = PCURVE('',#2108,#2650);
#2650 = DEFINITIONAL_REPRESENTATION('',(#2651),#2654);
#2651 = B_SPLINE_CURVE_WITH_KNOTS('',1,(#2652,#2653),.UNSPECIFIED.,.F.,
  .F.,(2,2),(15.9475,34.8525),.PIECEWISE_BEZIER_KNOTS.);
#2652 = CARTESIAN_POINT('',(31.1,31.895));
#2653 = CARTESIAN_POINT('',(31.1,50.8));
#2654 = ( GEOMETRIC_REPRESENTATION_CONTEXT(2) 
PARAMETRIC_REPRESENTATION_CONTEXT() REPRESENTATION_CONTEXT('2D SPACE',''
  ) );
#2655 = PCURVE('',#2371,#2656);
#2656 = DEFINITIONAL_REPRESENTATION('',(#2657),#2660);
#2657 = B_SPLINE_CURVE_WITH_KNOTS('',1,(#2658,#2659),.UNSPECIFIED.,.F.,
  .F.,(2,2),(15.9475,34.8525),.PIECEWISE_BEZIER_KNOTS.);
#2658 = CARTESIAN_POINT('',(0.,19.11));
#2659 = CARTESIAN_POINT('',(18.905,19.11));
#2660 = ( GEOMETRIC_REPRESENTATION_CONTEXT(2) 
PARAMETRIC_REPRESENTATION_CONTEXT() REPRESENTATION_CONTEXT('2D SPACE',''
  ) );
#2661 = ORIENTED_EDGE('',*,*,#2662,.T.);
#2662 = EDGE_CURVE('',#2642,#2663,#2665,.T.);
#2663 = VERTEX_POINT('',#2664);
#2664 = CARTESIAN_POINT('',(6.495,9.55,32.5));
#2665 = SURFACE_CURVE('',#2666,(#2670,#2676),.PCURVE_S1.);
#2666 = LINE('',#2667,#2668);
#2667 = CARTESIAN_POINT('',(6.495,9.55,24.));
#2668 = VECTOR('',#2669,1.);
#2669 = DIRECTION('',(-0.,0.,-1.));
#2670 = PCURVE('',#2108,#2671);
#2671 = DEFINITIONAL_REPRESENTATION('',(#2672),#2675);
#2672 = B_SPLINE_CURVE_WITH_KNOTS('',1,(#2673,#2674),.UNSPECIFIED.,.F.,
  .F.,(2,2),(-22.6,-8.5),.PIECEWISE_BEZIER_KNOTS.);
#2673 = CARTESIAN_POINT('',(31.1,31.895));
#2674 = CARTESIAN_POINT('',(17.,31.895));
#2675 = ( GEOMETRIC_REPRESENTATION_CONTEXT(2) 
PARAMETRIC_REPRESENTATION_CONTEXT() REPRESENTATION_CONTEXT('2D SPACE',''
  ) );
#2676 = PCURVE('',#2397,#2677);
#2677 = DEFINITIONAL_REPRESENTATION('',(#2678),#2681);
#2678 = B_SPLINE_CURVE_WITH_KNOTS('',1,(#2679,#2680),.UNSPECIFIED.,.F.,
  .F.,(2,2),(-22.6,-8.5),.PIECEWISE_BEZIER_KNOTS.);
#2679 = CARTESIAN_POINT('',(14.1,-19.11));
#2680 = CARTESIAN_POINT('',(0.,-19.11));
#2681 = ( GEOMETRIC_REPRESENTATION_CONTEXT(2) 
PARAMETRIC_REPRESENTATION_CONTEXT() REPRESENTATION_CONTEXT('2D SPACE',''
  ) );
#2682 = ORIENTED_EDGE('',*,*,#2683,.T.);
#2683 = EDGE_CURVE('',#2663,#2485,#2684,.T.);
#2684 = SURFACE_CURVE('',#2685,(#2689,#2695),.PCURVE_S1.);
#2685 = LINE('',#2686,#2687);
#2686 = CARTESIAN_POINT('',(-9.4525,9.55,32.5));
#2687 = VECTOR('',#2688,1.);
#2688 = DIRECTION('',(1.,0.,-0.));
#2689 = PCURVE('',#2108,#2690);
#2690 = DEFINITIONAL_REPRESENTATION('',(#2691),#2694);
#2691 = B_SPLINE_CURVE_WITH_KNOTS('',1,(#2692,#2693),.UNSPECIFIED.,.F.,
  .F.,(2,2),(15.9475,34.8525),.PIECEWISE_BEZIER_KNOTS.);
#2692 = CARTESIAN_POINT('',(17.,31.895));
#2693 = CARTESIAN_POINT('',(17.,50.8));
#2694 = ( GEOMETRIC_REPRESENTATION_CONTEXT(2) 
PARAMETRIC_REPRESENTATION_CONTEXT() REPRESENTATION_CONTEXT('2D SPACE',''
  ) );
#2695 = PCURVE('',#2421,#2696);
#2696 = DEFINITIONAL_REPRESENTATION('',(#2697),#2700);
#2697 = B_SPLINE_CURVE_WITH_KNOTS('',1,(#2698,#2699),.UNSPECIFIED.,.F.,
  .F.,(2,2),(15.9475,34.8525),.PIECEWISE_BEZIER_KNOTS.);
#2698 = CARTESIAN_POINT('',(0.,19.11));
#2699 = CARTESIAN_POINT('',(18.905,19.11));
#2700 = ( GEOMETRIC_REPRESENTATION_CONTEXT(2) 
PARAMETRIC_REPRESENTATION_CONTEXT() REPRESENTATION_CONTEXT('2D SPACE',''
  ) );
#2701 = ADVANCED_FACE('',(#2702,#2728),#2080,.F.);
#2702 = FACE_BOUND('',#2703,.F.);
#2703 = EDGE_LOOP('',(#2704,#2705,#2706,#2727));
#2704 = ORIENTED_EDGE('',*,*,#2064,.F.);
#2705 = ORIENTED_EDGE('',*,*,#2177,.T.);
#2706 = ORIENTED_EDGE('',*,*,#2707,.T.);
#2707 = EDGE_CURVE('',#2148,#2483,#2708,.T.);
#2708 = SURFACE_CURVE('',#2709,(#2713,#2720),.PCURVE_S1.);
#2709 = LINE('',#2710,#2711);
#2710 = CARTESIAN_POINT('',(25.4,-9.55,15.5));
#2711 = VECTOR('',#2712,1.);
#2712 = DIRECTION('',(-0.,1.,0.));
#2713 = PCURVE('',#2080,#2714);
#2714 = DEFINITIONAL_REPRESENTATION('',(#2715),#2719);
#2715 = LINE('',#2716,#2717);
#2716 = CARTESIAN_POINT('',(50.8,0.));
#2717 = VECTOR('',#2718,1.);
#2718 = DIRECTION('',(0.,1.));
#2719 = ( GEOMETRIC_REPRESENTATION_CONTEXT(2) 
PARAMETRIC_REPRESENTATION_CONTEXT() REPRESENTATION_CONTEXT('2D SPACE',''
  ) );
#2720 = PCURVE('',#2165,#2721);
#2721 = DEFINITIONAL_REPRESENTATION('',(#2722),#2726);
#2722 = LINE('',#2723,#2724);
#2723 = CARTESIAN_POINT('',(0.,0.));
#2724 = VECTOR('',#2725,1.);
#2725 = DIRECTION('',(0.,-1.));
#2726 = ( GEOMETRIC_REPRESENTATION_CONTEXT(2) 
PARAMETRIC_REPRESENTATION_CONTEXT() REPRESENTATION_CONTEXT('2D SPACE',''
  ) );
#2727 = ORIENTED_EDGE('',*,*,#2507,.F.);
#2728 = FACE_BOUND('',#2729,.F.);
#2729 = EDGE_LOOP('',(#2730));
#2730 = ORIENTED_EDGE('',*,*,#2731,.F.);
#2731 = EDGE_CURVE('',#2732,#2732,#2734,.T.);
#2732 = VERTEX_POINT('',#2733);
#2733 = CARTESIAN_POINT('',(5.1,-1.24913973513E-15,15.5));
#2734 = SURFACE_CURVE('',#2735,(#2740,#2747),.PCURVE_S1.);
#2735 = CIRCLE('',#2736,5.1);
#2736 = AXIS2_PLACEMENT_3D('',#2737,#2738,#2739);
#2737 = CARTESIAN_POINT('',(0.,0.,15.5));
#2738 = DIRECTION('',(0.,0.,1.));
#2739 = DIRECTION('',(1.,0.,-0.));
#2740 = PCURVE('',#2080,#2741);
#2741 = DEFINITIONAL_REPRESENTATION('',(#2742),#2746);
#2742 = CIRCLE('',#2743,5.1);
#2743 = AXIS2_PLACEMENT_2D('',#2744,#2745);
#2744 = CARTESIAN_POINT('',(25.4,9.55));
#2745 = DIRECTION('',(1.,0.));
#2746 = ( GEOMETRIC_REPRESENTATION_CONTEXT(2) 
PARAMETRIC_REPRESENTATION_CONTEXT() REPRESENTATION_CONTEXT('2D SPACE',''
  ) );
#2747 = PCURVE('',#2748,#2753);
#2748 = CYLINDRICAL_SURFACE('',#2749,5.1);
#2749 = AXIS2_PLACEMENT_3D('',#2750,#2751,#2752);
#2750 = CARTESIAN_POINT('',(0.,0.,15.49));
#2751 = DIRECTION('',(0.,0.,1.));
#2752 = DIRECTION('',(1.,0.,-0.));
#2753 = DEFINITIONAL_REPRESENTATION('',(#2754),#2758);
#2754 = LINE('',#2755,#2756);
#2755 = CARTESIAN_POINT('',(0.,1.E-02));
#2756 = VECTOR('',#2757,1.);
#2757 = DIRECTION('',(1.,0.));
#2758 = ( GEOMETRIC_REPRESENTATION_CONTEXT(2) 
PARAMETRIC_REPRESENTATION_CONTEXT() REPRESENTATION_CONTEXT('2D SPACE',''
  ) );
#2759 = ADVANCED_FACE('',(#2760),#2165,.T.);
#2760 = FACE_BOUND('',#2761,.T.);
#2761 = EDGE_LOOP('',(#2762,#2763,#2764,#2765));
#2762 = ORIENTED_EDGE('',*,*,#2147,.F.);
#2763 = ORIENTED_EDGE('',*,*,#2707,.T.);
#2764 = ORIENTED_EDGE('',*,*,#2482,.T.);
#2765 = ORIENTED_EDGE('',*,*,#2766,.T.);
#2766 = EDGE_CURVE('',#2485,#2150,#2767,.T.);
#2767 = SURFACE_CURVE('',#2768,(#2772,#2778),.PCURVE_S1.);
#2768 = LINE('',#2769,#2770);
#2769 = CARTESIAN_POINT('',(25.4,-9.555,32.5));
#2770 = VECTOR('',#2771,1.);
#2771 = DIRECTION('',(0.,-1.,0.));
#2772 = PCURVE('',#2165,#2773);
#2773 = DEFINITIONAL_REPRESENTATION('',(#2774),#2777);
#2774 = B_SPLINE_CURVE_WITH_KNOTS('',1,(#2775,#2776),.UNSPECIFIED.,.F.,
  .F.,(2,2),(-19.105,-4.999999999999E-03),.PIECEWISE_BEZIER_KNOTS.);
#2775 = CARTESIAN_POINT('',(17.,-19.1));
#2776 = CARTESIAN_POINT('',(17.,0.));
#2777 = ( GEOMETRIC_REPRESENTATION_CONTEXT(2) 
PARAMETRIC_REPRESENTATION_CONTEXT() REPRESENTATION_CONTEXT('2D SPACE',''
  ) );
#2778 = PCURVE('',#2421,#2779);
#2779 = DEFINITIONAL_REPRESENTATION('',(#2780),#2783);
#2780 = B_SPLINE_CURVE_WITH_KNOTS('',1,(#2781,#2782),.UNSPECIFIED.,.F.,
  .F.,(2,2),(-19.105,-4.999999999999E-03),.PIECEWISE_BEZIER_KNOTS.);
#2781 = CARTESIAN_POINT('',(18.905,19.11));
#2782 = CARTESIAN_POINT('',(18.905,1.E-02));
#2783 = ( GEOMETRIC_REPRESENTATION_CONTEXT(2) 
PARAMETRIC_REPRESENTATION_CONTEXT() REPRESENTATION_CONTEXT('2D SPACE',''
  ) );
#2784 = ADVANCED_FACE('',(#2785),#2421,.T.);
#2785 = FACE_BOUND('',#2786,.T.);
#2786 = EDGE_LOOP('',(#2787,#2808,#2809,#2810));
#2787 = ORIENTED_EDGE('',*,*,#2788,.F.);
#2788 = EDGE_CURVE('',#2383,#2663,#2789,.T.);
#2789 = SURFACE_CURVE('',#2790,(#2794,#2801),.PCURVE_S1.);
#2790 = LINE('',#2791,#2792);
#2791 = CARTESIAN_POINT('',(6.495,-9.56,32.5));
#2792 = VECTOR('',#2793,1.);
#2793 = DIRECTION('',(-0.,1.,0.));
#2794 = PCURVE('',#2421,#2795);
#2795 = DEFINITIONAL_REPRESENTATION('',(#2796),#2800);
#2796 = LINE('',#2797,#2798);
#2797 = CARTESIAN_POINT('',(0.,0.));
#2798 = VECTOR('',#2799,1.);
#2799 = DIRECTION('',(0.,1.));
#2800 = ( GEOMETRIC_REPRESENTATION_CONTEXT(2) 
PARAMETRIC_REPRESENTATION_CONTEXT() REPRESENTATION_CONTEXT('2D SPACE',''
  ) );
#2801 = PCURVE('',#2397,#2802);
#2802 = DEFINITIONAL_REPRESENTATION('',(#2803),#2807);
#2803 = LINE('',#2804,#2805);
#2804 = CARTESIAN_POINT('',(0.,0.));
#2805 = VECTOR('',#2806,1.);
#2806 = DIRECTION('',(0.,-1.));
#2807 = ( GEOMETRIC_REPRESENTATION_CONTEXT(2) 
PARAMETRIC_REPRESENTATION_CONTEXT() REPRESENTATION_CONTEXT('2D SPACE',''
  ) );
#2808 = ORIENTED_EDGE('',*,*,#2408,.T.);
#2809 = ORIENTED_EDGE('',*,*,#2766,.F.);
#2810 = ORIENTED_EDGE('',*,*,#2683,.F.);
#2811 = ADVANCED_FACE('',(#2812),#2397,.T.);
#2812 = FACE_BOUND('',#2813,.T.);
#2813 = EDGE_LOOP('',(#2814,#2835,#2836,#2837));
#2814 = ORIENTED_EDGE('',*,*,#2815,.F.);
#2815 = EDGE_CURVE('',#2357,#2642,#2816,.T.);
#2816 = SURFACE_CURVE('',#2817,(#2821,#2828),.PCURVE_S1.);
#2817 = LINE('',#2818,#2819);
#2818 = CARTESIAN_POINT('',(6.495,-9.56,46.6));
#2819 = VECTOR('',#2820,1.);
#2820 = DIRECTION('',(-0.,1.,0.));
#2821 = PCURVE('',#2397,#2822);
#2822 = DEFINITIONAL_REPRESENTATION('',(#2823),#2827);
#2823 = LINE('',#2824,#2825);
#2824 = CARTESIAN_POINT('',(14.1,0.));
#2825 = VECTOR('',#2826,1.);
#2826 = DIRECTION('',(0.,-1.));
#2827 = ( GEOMETRIC_REPRESENTATION_CONTEXT(2) 
PARAMETRIC_REPRESENTATION_CONTEXT() REPRESENTATION_CONTEXT('2D SPACE',''
  ) );
#2828 = PCURVE('',#2371,#2829);
#2829 = DEFINITIONAL_REPRESENTATION('',(#2830),#2834);
#2830 = LINE('',#2831,#2832);
#2831 = CARTESIAN_POINT('',(0.,0.));
#2832 = VECTOR('',#2833,1.);
#2833 = DIRECTION('',(0.,1.));
#2834 = ( GEOMETRIC_REPRESENTATION_CONTEXT(2) 
PARAMETRIC_REPRESENTATION_CONTEXT() REPRESENTATION_CONTEXT('2D SPACE',''
  ) );
#2835 = ORIENTED_EDGE('',*,*,#2382,.T.);
#2836 = ORIENTED_EDGE('',*,*,#2788,.T.);
#2837 = ORIENTED_EDGE('',*,*,#2662,.F.);
#2838 = ADVANCED_FACE('',(#2839),#2371,.F.);
#2839 = FACE_BOUND('',#2840,.F.);
#2840 = EDGE_LOOP('',(#2841,#2842,#2843,#2862));
#2841 = ORIENTED_EDGE('',*,*,#2815,.F.);
#2842 = ORIENTED_EDGE('',*,*,#2356,.T.);
#2843 = ORIENTED_EDGE('',*,*,#2844,.F.);
#2844 = EDGE_CURVE('',#2619,#2329,#2845,.T.);
#2845 = SURFACE_CURVE('',#2846,(#2850,#2856),.PCURVE_S1.);
#2846 = LINE('',#2847,#2848);
#2847 = CARTESIAN_POINT('',(25.4,-9.555,46.6));
#2848 = VECTOR('',#2849,1.);
#2849 = DIRECTION('',(0.,-1.,0.));
#2850 = PCURVE('',#2371,#2851);
#2851 = DEFINITIONAL_REPRESENTATION('',(#2852),#2855);
#2852 = B_SPLINE_CURVE_WITH_KNOTS('',1,(#2853,#2854),.UNSPECIFIED.,.F.,
  .F.,(2,2),(-19.105,-4.999999999999E-03),.PIECEWISE_BEZIER_KNOTS.);
#2853 = CARTESIAN_POINT('',(18.905,19.11));
#2854 = CARTESIAN_POINT('',(18.905,1.E-02));
#2855 = ( GEOMETRIC_REPRESENTATION_CONTEXT(2) 
PARAMETRIC_REPRESENTATION_CONTEXT() REPRESENTATION_CONTEXT('2D SPACE',''
  ) );
#2856 = PCURVE('',#2344,#2857);
#2857 = DEFINITIONAL_REPRESENTATION('',(#2858),#2861);
#2858 = B_SPLINE_CURVE_WITH_KNOTS('',1,(#2859,#2860),.UNSPECIFIED.,.F.,
  .F.,(2,2),(-19.105,-4.999999999999E-03),.PIECEWISE_BEZIER_KNOTS.);
#2859 = CARTESIAN_POINT('',(31.1,-19.1));
#2860 = CARTESIAN_POINT('',(31.1,0.));
#2861 = ( GEOMETRIC_REPRESENTATION_CONTEXT(2) 
PARAMETRIC_REPRESENTATION_CONTEXT() REPRESENTATION_CONTEXT('2D SPACE',''
  ) );
#2862 = ORIENTED_EDGE('',*,*,#2641,.F.);
#2863 = ADVANCED_FACE('',(#2864),#2344,.T.);
#2864 = FACE_BOUND('',#2865,.T.);
#2865 = EDGE_LOOP('',(#2866,#2867,#2868,#2869));
#2866 = ORIENTED_EDGE('',*,*,#2328,.F.);
#2867 = ORIENTED_EDGE('',*,*,#2844,.F.);
#2868 = ORIENTED_EDGE('',*,*,#2618,.T.);
#2869 = ORIENTED_EDGE('',*,*,#2870,.F.);
#2870 = EDGE_CURVE('',#2301,#2596,#2871,.T.);
#2871 = SURFACE_CURVE('',#2872,(#2876,#2883),.PCURVE_S1.);
#2872 = LINE('',#2873,#2874);
#2873 = CARTESIAN_POINT('',(25.4,-9.55,91.7));
#2874 = VECTOR('',#2875,1.);
#2875 = DIRECTION('',(-0.,1.,0.));
#2876 = PCURVE('',#2344,#2877);
#2877 = DEFINITIONAL_REPRESENTATION('',(#2878),#2882);
#2878 = LINE('',#2879,#2880);
#2879 = CARTESIAN_POINT('',(76.2,0.));
#2880 = VECTOR('',#2881,1.);
#2881 = DIRECTION('',(0.,-1.));
#2882 = ( GEOMETRIC_REPRESENTATION_CONTEXT(2) 
PARAMETRIC_REPRESENTATION_CONTEXT() REPRESENTATION_CONTEXT('2D SPACE',''
  ) );
#2883 = PCURVE('',#2316,#2884);
#2884 = DEFINITIONAL_REPRESENTATION('',(#2885),#2889);
#2885 = LINE('',#2886,#2887);
#2886 = CARTESIAN_POINT('',(50.8,0.));
#2887 = VECTOR('',#2888,1.);
#2888 = DIRECTION('',(0.,1.));
#2889 = ( GEOMETRIC_REPRESENTATION_CONTEXT(2) 
PARAMETRIC_REPRESENTATION_CONTEXT() REPRESENTATION_CONTEXT('2D SPACE',''
  ) );
#2890 = ADVANCED_FACE('',(#2891,#2917),#2316,.T.);
#2891 = FACE_BOUND('',#2892,.T.);
#2892 = EDGE_LOOP('',(#2893,#2914,#2915,#2916));
#2893 = ORIENTED_EDGE('',*,*,#2894,.F.);
#2894 = EDGE_CURVE('',#2273,#2573,#2895,.T.);
#2895 = SURFACE_CURVE('',#2896,(#2900,#2907),.PCURVE_S1.);
#2896 = LINE('',#2897,#2898);
#2897 = CARTESIAN_POINT('',(-25.4,-9.55,91.7));
#2898 = VECTOR('',#2899,1.);
#2899 = DIRECTION('',(-0.,1.,0.));
#2900 = PCURVE('',#2316,#2901);
#2901 = DEFINITIONAL_REPRESENTATION('',(#2902),#2906);
#2902 = LINE('',#2903,#2904);
#2903 = CARTESIAN_POINT('',(0.,0.));
#2904 = VECTOR('',#2905,1.);
#2905 = DIRECTION('',(0.,1.));
#2906 = ( GEOMETRIC_REPRESENTATION_CONTEXT(2) 
PARAMETRIC_REPRESENTATION_CONTEXT() REPRESENTATION_CONTEXT('2D SPACE',''
  ) );
#2907 = PCURVE('',#2288,#2908);
#2908 = DEFINITIONAL_REPRESENTATION('',(#2909),#2913);
#2909 = LINE('',#2910,#2911);
#2910 = CARTESIAN_POINT('',(76.2,0.));
#2911 = VECTOR('',#2912,1.);
#2912 = DIRECTION('',(0.,-1.));
#2913 = ( GEOMETRIC_REPRESENTATION_CONTEXT(2) 
PARAMETRIC_REPRESENTATION_CONTEXT() REPRESENTATION_CONTEXT('2D SPACE',''
  ) );
#2914 = ORIENTED_EDGE('',*,*,#2300,.T.);
#2915 = ORIENTED_EDGE('',*,*,#2870,.T.);
#2916 = ORIENTED_EDGE('',*,*,#2595,.F.);
#2917 = FACE_BOUND('',#2918,.T.);
#2918 = EDGE_LOOP('',(#2919));
#2919 = ORIENTED_EDGE('',*,*,#2920,.F.);
#2920 = EDGE_CURVE('',#2921,#2921,#2923,.T.);
#2921 = VERTEX_POINT('',#2922);
#2922 = CARTESIAN_POINT('',(5.1,-1.24913973513E-15,91.7));
#2923 = SURFACE_CURVE('',#2924,(#2929,#2936),.PCURVE_S1.);
#2924 = CIRCLE('',#2925,5.1);
#2925 = AXIS2_PLACEMENT_3D('',#2926,#2927,#2928);
#2926 = CARTESIAN_POINT('',(0.,0.,91.7));
#2927 = DIRECTION('',(0.,0.,1.));
#2928 = DIRECTION('',(1.,0.,-0.));
#2929 = PCURVE('',#2316,#2930);
#2930 = DEFINITIONAL_REPRESENTATION('',(#2931),#2935);
#2931 = CIRCLE('',#2932,5.1);
#2932 = AXIS2_PLACEMENT_2D('',#2933,#2934);
#2933 = CARTESIAN_POINT('',(25.4,9.55));
#2934 = DIRECTION('',(1.,0.));
#2935 = ( GEOMETRIC_REPRESENTATION_CONTEXT(2) 
PARAMETRIC_REPRESENTATION_CONTEXT() REPRESENTATION_CONTEXT('2D SPACE',''
  ) );
#2936 = PCURVE('',#2937,#2942);
#2937 = CYLINDRICAL_SURFACE('',#2938,5.1);
#2938 = AXIS2_PLACEMENT_3D('',#2939,#2940,#2941);
#2939 = CARTESIAN_POINT('',(0.,0.,71.7));
#2940 = DIRECTION('',(0.,0.,1.));
#2941 = DIRECTION('',(1.,0.,-0.));
#2942 = DEFINITIONAL_REPRESENTATION('',(#2943),#2947);
#2943 = LINE('',#2944,#2945);
#2944 = CARTESIAN_POINT('',(0.,20.));
#2945 = VECTOR('',#2946,1.);
#2946 = DIRECTION('',(1.,0.));
#2947 = ( GEOMETRIC_REPRESENTATION_CONTEXT(2) 
PARAMETRIC_REPRESENTATION_CONTEXT() REPRESENTATION_CONTEXT('2D SPACE',''
  ) );
#2948 = ADVANCED_FACE('',(#2949),#2288,.F.);
#2949 = FACE_BOUND('',#2950,.F.);
#2950 = EDGE_LOOP('',(#2951,#2952,#2971,#2972));
#2951 = ORIENTED_EDGE('',*,*,#2272,.F.);
#2952 = ORIENTED_EDGE('',*,*,#2953,.F.);
#2953 = EDGE_CURVE('',#2552,#2247,#2954,.T.);
#2954 = SURFACE_CURVE('',#2955,(#2959,#2965),.PCURVE_S1.);
#2955 = LINE('',#2956,#2957);
#2956 = CARTESIAN_POINT('',(-25.4,-9.555,74.7));
#2957 = VECTOR('',#2958,1.);
#2958 = DIRECTION('',(0.,-1.,0.));
#2959 = PCURVE('',#2288,#2960);
#2960 = DEFINITIONAL_REPRESENTATION('',(#2961),#2964);
#2961 = B_SPLINE_CURVE_WITH_KNOTS('',1,(#2962,#2963),.UNSPECIFIED.,.F.,
  .F.,(2,2),(-19.105,-4.999999999999E-03),.PIECEWISE_BEZIER_KNOTS.);
#2962 = CARTESIAN_POINT('',(59.2,-19.1));
#2963 = CARTESIAN_POINT('',(59.2,0.));
#2964 = ( GEOMETRIC_REPRESENTATION_CONTEXT(2) 
PARAMETRIC_REPRESENTATION_CONTEXT() REPRESENTATION_CONTEXT('2D SPACE',''
  ) );
#2965 = PCURVE('',#2261,#2966);
#2966 = DEFINITIONAL_REPRESENTATION('',(#2967),#2970);
#2967 = B_SPLINE_CURVE_WITH_KNOTS('',1,(#2968,#2969),.UNSPECIFIED.,.F.,
  .F.,(2,2),(-19.105,-4.999999999999E-03),.PIECEWISE_BEZIER_KNOTS.);
#2968 = CARTESIAN_POINT('',(18.905,19.11));
#2969 = CARTESIAN_POINT('',(18.905,1.E-02));
#2970 = ( GEOMETRIC_REPRESENTATION_CONTEXT(2) 
PARAMETRIC_REPRESENTATION_CONTEXT() REPRESENTATION_CONTEXT('2D SPACE',''
  ) );
#2971 = ORIENTED_EDGE('',*,*,#2572,.T.);
#2972 = ORIENTED_EDGE('',*,*,#2894,.F.);
#2973 = ADVANCED_FACE('',(#2974),#2261,.F.);
#2974 = FACE_BOUND('',#2975,.F.);
#2975 = EDGE_LOOP('',(#2976,#2997,#2998,#2999));
#2976 = ORIENTED_EDGE('',*,*,#2977,.T.);
#2977 = EDGE_CURVE('',#2221,#2531,#2978,.T.);
#2978 = SURFACE_CURVE('',#2979,(#2983,#2990),.PCURVE_S1.);
#2979 = LINE('',#2980,#2981);
#2980 = CARTESIAN_POINT('',(-6.495,-9.56,74.7));
#2981 = VECTOR('',#2982,1.);
#2982 = DIRECTION('',(-0.,1.,0.));
#2983 = PCURVE('',#2261,#2984);
#2984 = DEFINITIONAL_REPRESENTATION('',(#2985),#2989);
#2985 = LINE('',#2986,#2987);
#2986 = CARTESIAN_POINT('',(37.81,0.));
#2987 = VECTOR('',#2988,1.);
#2988 = DIRECTION('',(0.,1.));
#2989 = ( GEOMETRIC_REPRESENTATION_CONTEXT(2) 
PARAMETRIC_REPRESENTATION_CONTEXT() REPRESENTATION_CONTEXT('2D SPACE',''
  ) );
#2990 = PCURVE('',#2235,#2991);
#2991 = DEFINITIONAL_REPRESENTATION('',(#2992),#2996);
#2992 = LINE('',#2993,#2994);
#2993 = CARTESIAN_POINT('',(14.1,0.));
#2994 = VECTOR('',#2995,1.);
#2995 = DIRECTION('',(0.,-1.));
#2996 = ( GEOMETRIC_REPRESENTATION_CONTEXT(2) 
PARAMETRIC_REPRESENTATION_CONTEXT() REPRESENTATION_CONTEXT('2D SPACE',''
  ) );
#2997 = ORIENTED_EDGE('',*,*,#2551,.F.);
#2998 = ORIENTED_EDGE('',*,*,#2953,.T.);
#2999 = ORIENTED_EDGE('',*,*,#2246,.T.);
#3000 = ADVANCED_FACE('',(#3001),#2235,.F.);
#3001 = FACE_BOUND('',#3002,.F.);
#3002 = EDGE_LOOP('',(#3003,#3004,#3005,#3006));
#3003 = ORIENTED_EDGE('',*,*,#2977,.F.);
#3004 = ORIENTED_EDGE('',*,*,#2220,.T.);
#3005 = ORIENTED_EDGE('',*,*,#2435,.T.);
#3006 = ORIENTED_EDGE('',*,*,#2530,.F.);
#3007 = ADVANCED_FACE('',(#3008),#2748,.F.);
#3008 = FACE_BOUND('',#3009,.F.);
#3009 = EDGE_LOOP('',(#3010,#3033,#3060,#3061));
#3010 = ORIENTED_EDGE('',*,*,#3011,.T.);
#3011 = EDGE_CURVE('',#2732,#3012,#3014,.T.);
#3012 = VERTEX_POINT('',#3013);
#3013 = CARTESIAN_POINT('',(5.1,-1.24913973513E-15,35.49));
#3014 = SEAM_CURVE('',#3015,(#3019,#3026),.PCURVE_S1.);
#3015 = LINE('',#3016,#3017);
#3016 = CARTESIAN_POINT('',(5.1,-1.24913973513E-15,15.49));
#3017 = VECTOR('',#3018,1.);
#3018 = DIRECTION('',(0.,0.,1.));
#3019 = PCURVE('',#2748,#3020);
#3020 = DEFINITIONAL_REPRESENTATION('',(#3021),#3025);
#3021 = LINE('',#3022,#3023);
#3022 = CARTESIAN_POINT('',(6.28318530718,-0.));
#3023 = VECTOR('',#3024,1.);
#3024 = DIRECTION('',(0.,1.));
#3025 = ( GEOMETRIC_REPRESENTATION_CONTEXT(2) 
PARAMETRIC_REPRESENTATION_CONTEXT() REPRESENTATION_CONTEXT('2D SPACE',''
  ) );
#3026 = PCURVE('',#2748,#3027);
#3027 = DEFINITIONAL_REPRESENTATION('',(#3028),#3032);
#3028 = LINE('',#3029,#3030);
#3029 = CARTESIAN_POINT('',(0.,-0.));
#3030 = VECTOR('',#3031,1.);
#3031 = DIRECTION('',(0.,1.));
#3032 = ( GEOMETRIC_REPRESENTATION_CONTEXT(2) 
PARAMETRIC_REPRESENTATION_CONTEXT() REPRESENTATION_CONTEXT('2D SPACE',''
  ) );
#3033 = ORIENTED_EDGE('',*,*,#3034,.F.);
#3034 = EDGE_CURVE('',#3012,#3012,#3035,.T.);
#3035 = SURFACE_CURVE('',#3036,(#3041,#3048),.PCURVE_S1.);
#3036 = CIRCLE('',#3037,5.1);
#3037 = AXIS2_PLACEMENT_3D('',#3038,#3039,#3040);
#3038 = CARTESIAN_POINT('',(0.,0.,35.49));
#3039 = DIRECTION('',(0.,0.,1.));
#3040 = DIRECTION('',(1.,0.,-0.));
#3041 = PCURVE('',#2748,#3042);
#3042 = DEFINITIONAL_REPRESENTATION('',(#3043),#3047);
#3043 = LINE('',#3044,#3045);
#3044 = CARTESIAN_POINT('',(0.,20.));
#3045 = VECTOR('',#3046,1.);
#3046 = DIRECTION('',(1.,0.));
#3047 = ( GEOMETRIC_REPRESENTATION_CONTEXT(2) 
PARAMETRIC_REPRESENTATION_CONTEXT() REPRESENTATION_CONTEXT('2D SPACE',''
  ) );
#3048 = PCURVE('',#3049,#3054);
#3049 = PLANE('',#3050);
#3050 = AXIS2_PLACEMENT_3D('',#3051,#3052,#3053);
#3051 = CARTESIAN_POINT('',(0.,0.,35.49));
#3052 = DIRECTION('',(0.,0.,1.));
#3053 = DIRECTION('',(1.,0.,-0.));
#3054 = DEFINITIONAL_REPRESENTATION('',(#3055),#3059);
#3055 = CIRCLE('',#3056,5.1);
#3056 = AXIS2_PLACEMENT_2D('',#3057,#3058);
#3057 = CARTESIAN_POINT('',(0.,0.));
#3058 = DIRECTION('',(1.,0.));
#3059 = ( GEOMETRIC_REPRESENTATION_CONTEXT(2) 
PARAMETRIC_REPRESENTATION_CONTEXT() REPRESENTATION_CONTEXT('2D SPACE',''
  ) );
#3060 = ORIENTED_EDGE('',*,*,#3011,.F.);
#3061 = ORIENTED_EDGE('',*,*,#2731,.T.);
#3062 = ADVANCED_FACE('',(#3063),#2937,.F.);
#3063 = FACE_BOUND('',#3064,.F.);
#3064 = EDGE_LOOP('',(#3065,#3066,#3089,#3116));
#3065 = ORIENTED_EDGE('',*,*,#2920,.F.);
#3066 = ORIENTED_EDGE('',*,*,#3067,.F.);
#3067 = EDGE_CURVE('',#3068,#2921,#3070,.T.);
#3068 = VERTEX_POINT('',#3069);
#3069 = CARTESIAN_POINT('',(5.1,-1.24913973513E-15,71.7));
#3070 = SEAM_CURVE('',#3071,(#3075,#3082),.PCURVE_S1.);
#3071 = LINE('',#3072,#3073);
#3072 = CARTESIAN_POINT('',(5.1,-1.24913973513E-15,71.7));
#3073 = VECTOR('',#3074,1.);
#3074 = DIRECTION('',(0.,0.,1.));
#3075 = PCURVE('',#2937,#3076);
#3076 = DEFINITIONAL_REPRESENTATION('',(#3077),#3081);
#3077 = LINE('',#3078,#3079);
#3078 = CARTESIAN_POINT('',(6.28318530718,-0.));
#3079 = VECTOR('',#3080,1.);
#3080 = DIRECTION('',(0.,1.));
#3081 = ( GEOMETRIC_REPRESENTATION_CONTEXT(2) 
PARAMETRIC_REPRESENTATION_CONTEXT() REPRESENTATION_CONTEXT('2D SPACE',''
  ) );
#3082 = PCURVE('',#2937,#3083);
#3083 = DEFINITIONAL_REPRESENTATION('',(#3084),#3088);
#3084 = LINE('',#3085,#3086);
#3085 = CARTESIAN_POINT('',(0.,-0.));
#3086 = VECTOR('',#3087,1.);
#3087 = DIRECTION('',(0.,1.));
#3088 = ( GEOMETRIC_REPRESENTATION_CONTEXT(2) 
PARAMETRIC_REPRESENTATION_CONTEXT() REPRESENTATION_CONTEXT('2D SPACE',''
  ) );
#3089 = ORIENTED_EDGE('',*,*,#3090,.T.);
#3090 = EDGE_CURVE('',#3068,#3068,#3091,.T.);
#3091 = SURFACE_CURVE('',#3092,(#3097,#3104),.PCURVE_S1.);
#3092 = CIRCLE('',#3093,5.1);
#3093 = AXIS2_PLACEMENT_3D('',#3094,#3095,#3096);
#3094 = CARTESIAN_POINT('',(0.,0.,71.7));
#3095 = DIRECTION('',(0.,0.,1.));
#3096 = DIRECTION('',(1.,0.,-0.));
#3097 = PCURVE('',#2937,#3098);
#3098 = DEFINITIONAL_REPRESENTATION('',(#3099),#3103);
#3099 = LINE('',#3100,#3101);
#3100 = CARTESIAN_POINT('',(0.,0.));
#3101 = VECTOR('',#3102,1.);
#3102 = DIRECTION('',(1.,0.));
#3103 = ( GEOMETRIC_REPRESENTATION_CONTEXT(2) 
PARAMETRIC_REPRESENTATION_CONTEXT() REPRESENTATION_CONTEXT('2D SPACE',''
  ) );
#3104 = PCURVE('',#3105,#3110);
#3105 = PLANE('',#3106);
#3106 = AXIS2_PLACEMENT_3D('',#3107,#3108,#3109);
#3107 = CARTESIAN_POINT('',(0.,0.,71.7));
#3108 = DIRECTION('',(0.,0.,1.));
#3109 = DIRECTION('',(1.,0.,-0.));
#3110 = DEFINITIONAL_REPRESENTATION('',(#3111),#3115);
#3111 = CIRCLE('',#3112,5.1);
#3112 = AXIS2_PLACEMENT_2D('',#3113,#3114);
#3113 = CARTESIAN_POINT('',(0.,0.));
#3114 = DIRECTION('',(1.,0.));
#3115 = ( GEOMETRIC_REPRESENTATION_CONTEXT(2) 
PARAMETRIC_REPRESENTATION_CONTEXT() REPRESENTATION_CONTEXT('2D SPACE',''
  ) );
#3116 = ORIENTED_EDGE('',*,*,#3067,.T.);
#3117 = ADVANCED_FACE('',(#3118),#3049,.F.);
#3118 = FACE_BOUND('',#3119,.F.);
#3119 = EDGE_LOOP('',(#3120));
#3120 = ORIENTED_EDGE('',*,*,#3034,.T.);
#3121 = ADVANCED_FACE('',(#3122),#3105,.T.);
#3122 = FACE_BOUND('',#3123,.F.);
#3123 = EDGE_LOOP('',(#3124));
#3124 = ORIENTED_EDGE('',*,*,#3090,.F.);
#3125 = ( GEOMETRIC_REPRESENTATION_CONTEXT(3) 
GLOBAL_UNCERTAINTY_ASSIGNED_CONTEXT((#3129)) 
GLOBAL_UNIT_ASSIGNED_CONTEXT((#3126,#3127,#3128)) REPRESENTATION_CONTEXT
('Context #1','3D Context with UNIT and UNCERTAINTY') );
#3126 = ( LENGTH_UNIT() NAMED_UNIT(*) SI_UNIT(.MILLI.,.METRE.) );
#3127 = ( NAMED_UNIT(*) PLANE_ANGLE_UNIT() SI_UNIT($,.RADIAN.) );
#3128 = ( NAMED_UNIT(*) SI_UNIT($,.STERADIAN.) SOLID_ANGLE_UNIT() );
#3129 = UNCERTAINTY_MEASURE_WITH_UNIT(LENGTH_MEASURE(1.E-07),#3126,
  'distance_accuracy_value','confusion accuracy');
#3130 = CONTEXT_DEPENDENT_SHAPE_REPRESENTATION(#3131,#3133);
#3131 = ( REPRESENTATION_RELATIONSHIP('','',#2022,#10) 
REPRESENTATION_RELATIONSHIP_WITH_TRANSFORMATION(#3132) 
SHAPE_REPRESENTATION_RELATIONSHIP() );
#3132 = ITEM_DEFINED_TRANSFORMATION('','',#11,#23);
#3133 = PRODUCT_DEFINITION_SHAPE('Placement','Placement of an item',
  #3134);
#3134 = NEXT_ASSEMBLY_USAGE_OCCURRENCE('16','celula_carga_100kg','',#5,
  #2017,$);
#3135 = PRODUCT_RELATED_PRODUCT_CATEGORY('part',$,(#2019));
#3136 = SHAPE_DEFINITION_REPRESENTATION(#3137,#3143);
#3137 = PRODUCT_DEFINITION_SHAPE('','',#3138);
#3138 = PRODUCT_DEFINITION('design','',#3139,#3142);
#3139 = PRODUCT_DEFINITION_FORMATION('','',#3140);
#3140 = PRODUCT('acoplador_tool','acoplador_tool','',(#3141));
#3141 = PRODUCT_CONTEXT('',#2,'mechanical');
#3142 = PRODUCT_DEFINITION_CONTEXT('part definition',#2,'design');
#3143 = ADVANCED_BREP_SHAPE_REPRESENTATION('',(#11,#3144),#4946);
#3144 = MANIFOLD_SOLID_BREP('',#3145);
#3145 = CLOSED_SHELL('',(#3146,#3234,#3269,#3304,#3359,#3818,#3853,#3929
    ,#3980,#4015,#4064,#4093,#4170,#4219,#4268,#4296,#4373,#4422,#4472,
    #4499,#4554,#4561,#4616,#4623,#4630,#4748,#4838,#4885,#4912,#4939));
#3146 = ADVANCED_FACE('',(#3147),#3160,.T.);
#3147 = FACE_BOUND('',#3148,.T.);
#3148 = EDGE_LOOP('',(#3149,#3183,#3206,#3233));
#3149 = ORIENTED_EDGE('',*,*,#3150,.F.);
#3150 = EDGE_CURVE('',#3151,#3151,#3153,.T.);
#3151 = VERTEX_POINT('',#3152);
#3152 = CARTESIAN_POINT('',(16.,-3.918869757272E-15,118.7));
#3153 = SURFACE_CURVE('',#3154,(#3159,#3171),.PCURVE_S1.);
#3154 = CIRCLE('',#3155,16.);
#3155 = AXIS2_PLACEMENT_3D('',#3156,#3157,#3158);
#3156 = CARTESIAN_POINT('',(0.,0.,118.7));
#3157 = DIRECTION('',(0.,0.,1.));
#3158 = DIRECTION('',(1.,0.,-0.));
#3159 = PCURVE('',#3160,#3165);
#3160 = CONICAL_SURFACE('',#3161,20.,0.463647609001);
#3161 = AXIS2_PLACEMENT_3D('',#3162,#3163,#3164);
#3162 = CARTESIAN_POINT('',(0.,0.,110.7));
#3163 = DIRECTION('',(-0.,-0.,-1.));
#3164 = DIRECTION('',(1.,0.,-0.));
#3165 = DEFINITIONAL_REPRESENTATION('',(#3166),#3170);
#3166 = LINE('',#3167,#3168);
#3167 = CARTESIAN_POINT('',(-0.,-8.));
#3168 = VECTOR('',#3169,1.);
#3169 = DIRECTION('',(-1.,-0.));
#3170 = ( GEOMETRIC_REPRESENTATION_CONTEXT(2) 
PARAMETRIC_REPRESENTATION_CONTEXT() REPRESENTATION_CONTEXT('2D SPACE',''
  ) );
#3171 = PCURVE('',#3172,#3177);
#3172 = PLANE('',#3173);
#3173 = AXIS2_PLACEMENT_3D('',#3174,#3175,#3176);
#3174 = CARTESIAN_POINT('',(0.,0.,118.7));
#3175 = DIRECTION('',(0.,0.,1.));
#3176 = DIRECTION('',(1.,0.,-0.));
#3177 = DEFINITIONAL_REPRESENTATION('',(#3178),#3182);
#3178 = CIRCLE('',#3179,16.);
#3179 = AXIS2_PLACEMENT_2D('',#3180,#3181);
#3180 = CARTESIAN_POINT('',(0.,0.));
#3181 = DIRECTION('',(1.,0.));
#3182 = ( GEOMETRIC_REPRESENTATION_CONTEXT(2) 
PARAMETRIC_REPRESENTATION_CONTEXT() REPRESENTATION_CONTEXT('2D SPACE',''
  ) );
#3183 = ORIENTED_EDGE('',*,*,#3184,.F.);
#3184 = EDGE_CURVE('',#3185,#3151,#3187,.T.);
#3185 = VERTEX_POINT('',#3186);
#3186 = CARTESIAN_POINT('',(20.,-4.898587196589E-15,110.7));
#3187 = SEAM_CURVE('',#3188,(#3192,#3199),.PCURVE_S1.);
#3188 = LINE('',#3189,#3190);
#3189 = CARTESIAN_POINT('',(20.,-4.898587196589E-15,110.7));
#3190 = VECTOR('',#3191,1.);
#3191 = DIRECTION('',(-0.4472135955,1.095357396528E-16,0.894427191));
#3192 = PCURVE('',#3160,#3193);
#3193 = DEFINITIONAL_REPRESENTATION('',(#3194),#3198);
#3194 = LINE('',#3195,#3196);
#3195 = CARTESIAN_POINT('',(-6.28318530718,0.));
#3196 = VECTOR('',#3197,1.);
#3197 = DIRECTION('',(-0.,-1.));
#3198 = ( GEOMETRIC_REPRESENTATION_CONTEXT(2) 
PARAMETRIC_REPRESENTATION_CONTEXT() REPRESENTATION_CONTEXT('2D SPACE',''
  ) );
#3199 = PCURVE('',#3160,#3200);
#3200 = DEFINITIONAL_REPRESENTATION('',(#3201),#3205);
#3201 = LINE('',#3202,#3203);
#3202 = CARTESIAN_POINT('',(0.,-0.));
#3203 = VECTOR('',#3204,1.);
#3204 = DIRECTION('',(-0.,-1.));
#3205 = ( GEOMETRIC_REPRESENTATION_CONTEXT(2) 
PARAMETRIC_REPRESENTATION_CONTEXT() REPRESENTATION_CONTEXT('2D SPACE',''
  ) );
#3206 = ORIENTED_EDGE('',*,*,#3207,.T.);
#3207 = EDGE_CURVE('',#3185,#3185,#3208,.T.);
#3208 = SURFACE_CURVE('',#3209,(#3214,#3221),.PCURVE_S1.);
#3209 = CIRCLE('',#3210,20.);
#3210 = AXIS2_PLACEMENT_3D('',#3211,#3212,#3213);
#3211 = CARTESIAN_POINT('',(0.,0.,110.7));
#3212 = DIRECTION('',(0.,0.,1.));
#3213 = DIRECTION('',(1.,0.,-0.));
#3214 = PCURVE('',#3160,#3215);
#3215 = DEFINITIONAL_REPRESENTATION('',(#3216),#3220);
#3216 = LINE('',#3217,#3218);
#3217 = CARTESIAN_POINT('',(-0.,-0.));
#3218 = VECTOR('',#3219,1.);
#3219 = DIRECTION('',(-1.,-0.));
#3220 = ( GEOMETRIC_REPRESENTATION_CONTEXT(2) 
PARAMETRIC_REPRESENTATION_CONTEXT() REPRESENTATION_CONTEXT('2D SPACE',''
  ) );
#3221 = PCURVE('',#3222,#3227);
#3222 = PLANE('',#3223);
#3223 = AXIS2_PLACEMENT_3D('',#3224,#3225,#3226);
#3224 = CARTESIAN_POINT('',(0.,0.,110.7));
#3225 = DIRECTION('',(0.,0.,1.));
#3226 = DIRECTION('',(1.,0.,-0.));
#3227 = DEFINITIONAL_REPRESENTATION('',(#3228),#3232);
#3228 = CIRCLE('',#3229,20.);
#3229 = AXIS2_PLACEMENT_2D('',#3230,#3231);
#3230 = CARTESIAN_POINT('',(0.,0.));
#3231 = DIRECTION('',(1.,0.));
#3232 = ( GEOMETRIC_REPRESENTATION_CONTEXT(2) 
PARAMETRIC_REPRESENTATION_CONTEXT() REPRESENTATION_CONTEXT('2D SPACE',''
  ) );
#3233 = ORIENTED_EDGE('',*,*,#3184,.T.);
#3234 = ADVANCED_FACE('',(#3235,#3238),#3172,.T.);
#3235 = FACE_BOUND('',#3236,.T.);
#3236 = EDGE_LOOP('',(#3237));
#3237 = ORIENTED_EDGE('',*,*,#3150,.T.);
#3238 = FACE_BOUND('',#3239,.T.);
#3239 = EDGE_LOOP('',(#3240));
#3240 = ORIENTED_EDGE('',*,*,#3241,.F.);
#3241 = EDGE_CURVE('',#3242,#3242,#3244,.T.);
#3242 = VERTEX_POINT('',#3243);
#3243 = CARTESIAN_POINT('',(12.5,-3.061616997868E-15,118.7));
#3244 = SURFACE_CURVE('',#3245,(#3250,#3257),.PCURVE_S1.);
#3245 = CIRCLE('',#3246,12.5);
#3246 = AXIS2_PLACEMENT_3D('',#3247,#3248,#3249);
#3247 = CARTESIAN_POINT('',(0.,0.,118.7));
#3248 = DIRECTION('',(0.,0.,1.));
#3249 = DIRECTION('',(1.,0.,-0.));
#3250 = PCURVE('',#3172,#3251);
#3251 = DEFINITIONAL_REPRESENTATION('',(#3252),#3256);
#3252 = CIRCLE('',#3253,12.5);
#3253 = AXIS2_PLACEMENT_2D('',#3254,#3255);
#3254 = CARTESIAN_POINT('',(0.,0.));
#3255 = DIRECTION('',(1.,0.));
#3256 = ( GEOMETRIC_REPRESENTATION_CONTEXT(2) 
PARAMETRIC_REPRESENTATION_CONTEXT() REPRESENTATION_CONTEXT('2D SPACE',''
  ) );
#3257 = PCURVE('',#3258,#3263);
#3258 = CYLINDRICAL_SURFACE('',#3259,12.5);
#3259 = AXIS2_PLACEMENT_3D('',#3260,#3261,#3262);
#3260 = CARTESIAN_POINT('',(0.,0.,98.69));
#3261 = DIRECTION('',(0.,0.,1.));
#3262 = DIRECTION('',(1.,0.,-0.));
#3263 = DEFINITIONAL_REPRESENTATION('',(#3264),#3268);
#3264 = LINE('',#3265,#3266);
#3265 = CARTESIAN_POINT('',(0.,20.01));
#3266 = VECTOR('',#3267,1.);
#3267 = DIRECTION('',(1.,0.));
#3268 = ( GEOMETRIC_REPRESENTATION_CONTEXT(2) 
PARAMETRIC_REPRESENTATION_CONTEXT() REPRESENTATION_CONTEXT('2D SPACE',''
  ) );
#3269 = ADVANCED_FACE('',(#3270,#3273),#3222,.F.);
#3270 = FACE_BOUND('',#3271,.F.);
#3271 = EDGE_LOOP('',(#3272));
#3272 = ORIENTED_EDGE('',*,*,#3207,.T.);
#3273 = FACE_BOUND('',#3274,.F.);
#3274 = EDGE_LOOP('',(#3275));
#3275 = ORIENTED_EDGE('',*,*,#3276,.F.);
#3276 = EDGE_CURVE('',#3277,#3277,#3279,.T.);
#3277 = VERTEX_POINT('',#3278);
#3278 = CARTESIAN_POINT('',(19.85,-4.861847792615E-15,110.7));
#3279 = SURFACE_CURVE('',#3280,(#3285,#3292),.PCURVE_S1.);
#3280 = CIRCLE('',#3281,19.85);
#3281 = AXIS2_PLACEMENT_3D('',#3282,#3283,#3284);
#3282 = CARTESIAN_POINT('',(0.,0.,110.7));
#3283 = DIRECTION('',(0.,0.,1.));
#3284 = DIRECTION('',(1.,0.,-0.));
#3285 = PCURVE('',#3222,#3286);
#3286 = DEFINITIONAL_REPRESENTATION('',(#3287),#3291);
#3287 = CIRCLE('',#3288,19.85);
#3288 = AXIS2_PLACEMENT_2D('',#3289,#3290);
#3289 = CARTESIAN_POINT('',(0.,0.));
#3290 = DIRECTION('',(1.,0.));
#3291 = ( GEOMETRIC_REPRESENTATION_CONTEXT(2) 
PARAMETRIC_REPRESENTATION_CONTEXT() REPRESENTATION_CONTEXT('2D SPACE',''
  ) );
#3292 = PCURVE('',#3293,#3298);
#3293 = CYLINDRICAL_SURFACE('',#3294,19.85);
#3294 = AXIS2_PLACEMENT_3D('',#3295,#3296,#3297);
#3295 = CARTESIAN_POINT('',(0.,0.,101.7));
#3296 = DIRECTION('',(0.,0.,1.));
#3297 = DIRECTION('',(1.,0.,-0.));
#3298 = DEFINITIONAL_REPRESENTATION('',(#3299),#3303);
#3299 = LINE('',#3300,#3301);
#3300 = CARTESIAN_POINT('',(0.,9.));
#3301 = VECTOR('',#3302,1.);
#3302 = DIRECTION('',(1.,0.));
#3303 = ( GEOMETRIC_REPRESENTATION_CONTEXT(2) 
PARAMETRIC_REPRESENTATION_CONTEXT() REPRESENTATION_CONTEXT('2D SPACE',''
  ) );
#3304 = ADVANCED_FACE('',(#3305),#3258,.F.);
#3305 = FACE_BOUND('',#3306,.F.);
#3306 = EDGE_LOOP('',(#3307,#3308,#3331,#3358));
#3307 = ORIENTED_EDGE('',*,*,#3241,.F.);
#3308 = ORIENTED_EDGE('',*,*,#3309,.F.);
#3309 = EDGE_CURVE('',#3310,#3242,#3312,.T.);
#3310 = VERTEX_POINT('',#3311);
#3311 = CARTESIAN_POINT('',(12.5,-3.061616997868E-15,98.69));
#3312 = SEAM_CURVE('',#3313,(#3317,#3324),.PCURVE_S1.);
#3313 = LINE('',#3314,#3315);
#3314 = CARTESIAN_POINT('',(12.5,-3.061616997868E-15,98.69));
#3315 = VECTOR('',#3316,1.);
#3316 = DIRECTION('',(0.,0.,1.));
#3317 = PCURVE('',#3258,#3318);
#3318 = DEFINITIONAL_REPRESENTATION('',(#3319),#3323);
#3319 = LINE('',#3320,#3321);
#3320 = CARTESIAN_POINT('',(6.28318530718,-0.));
#3321 = VECTOR('',#3322,1.);
#3322 = DIRECTION('',(0.,1.));
#3323 = ( GEOMETRIC_REPRESENTATION_CONTEXT(2) 
PARAMETRIC_REPRESENTATION_CONTEXT() REPRESENTATION_CONTEXT('2D SPACE',''
  ) );
#3324 = PCURVE('',#3258,#3325);
#3325 = DEFINITIONAL_REPRESENTATION('',(#3326),#3330);
#3326 = LINE('',#3327,#3328);
#3327 = CARTESIAN_POINT('',(0.,-0.));
#3328 = VECTOR('',#3329,1.);
#3329 = DIRECTION('',(0.,1.));
#3330 = ( GEOMETRIC_REPRESENTATION_CONTEXT(2) 
PARAMETRIC_REPRESENTATION_CONTEXT() REPRESENTATION_CONTEXT('2D SPACE',''
  ) );
#3331 = ORIENTED_EDGE('',*,*,#3332,.T.);
#3332 = EDGE_CURVE('',#3310,#3310,#3333,.T.);
#3333 = SURFACE_CURVE('',#3334,(#3339,#3346),.PCURVE_S1.);
#3334 = CIRCLE('',#3335,12.5);
#3335 = AXIS2_PLACEMENT_3D('',#3336,#3337,#3338);
#3336 = CARTESIAN_POINT('',(0.,0.,98.69));
#3337 = DIRECTION('',(0.,0.,1.));
#3338 = DIRECTION('',(1.,0.,-0.));
#3339 = PCURVE('',#3258,#3340);
#3340 = DEFINITIONAL_REPRESENTATION('',(#3341),#3345);
#3341 = LINE('',#3342,#3343);
#3342 = CARTESIAN_POINT('',(0.,0.));
#3343 = VECTOR('',#3344,1.);
#3344 = DIRECTION('',(1.,0.));
#3345 = ( GEOMETRIC_REPRESENTATION_CONTEXT(2) 
PARAMETRIC_REPRESENTATION_CONTEXT() REPRESENTATION_CONTEXT('2D SPACE',''
  ) );
#3346 = PCURVE('',#3347,#3352);
#3347 = PLANE('',#3348);
#3348 = AXIS2_PLACEMENT_3D('',#3349,#3350,#3351);
#3349 = CARTESIAN_POINT('',(0.,0.,98.69));
#3350 = DIRECTION('',(0.,0.,1.));
#3351 = DIRECTION('',(1.,0.,-0.));
#3352 = DEFINITIONAL_REPRESENTATION('',(#3353),#3357);
#3353 = CIRCLE('',#3354,12.5);
#3354 = AXIS2_PLACEMENT_2D('',#3355,#3356);
#3355 = CARTESIAN_POINT('',(0.,0.));
#3356 = DIRECTION('',(1.,0.));
#3357 = ( GEOMETRIC_REPRESENTATION_CONTEXT(2) 
PARAMETRIC_REPRESENTATION_CONTEXT() REPRESENTATION_CONTEXT('2D SPACE',''
  ) );
#3358 = ORIENTED_EDGE('',*,*,#3309,.T.);
#3359 = ADVANCED_FACE('',(#3360,#3594,#3706),#3293,.T.);
#3360 = FACE_BOUND('',#3361,.T.);
#3361 = EDGE_LOOP('',(#3362,#3390,#3419,#3440,#3441,#3442,#3466,#3492,
    #3521,#3544,#3571,#3572));
#3362 = ORIENTED_EDGE('',*,*,#3363,.T.);
#3363 = EDGE_CURVE('',#3364,#3366,#3368,.T.);
#3364 = VERTEX_POINT('',#3365);
#3365 = CARTESIAN_POINT('',(18.6528985226,-6.789099845015,104.2));
#3366 = VERTEX_POINT('',#3367);
#3367 = CARTESIAN_POINT('',(18.6528985226,-6.789099845015,108.2));
#3368 = SURFACE_CURVE('',#3369,(#3373,#3379),.PCURVE_S1.);
#3369 = LINE('',#3370,#3371);
#3370 = CARTESIAN_POINT('',(18.6528985226,-6.789099845015,101.7));
#3371 = VECTOR('',#3372,1.);
#3372 = DIRECTION('',(0.,0.,1.));
#3373 = PCURVE('',#3293,#3374);
#3374 = DEFINITIONAL_REPRESENTATION('',(#3375),#3378);
#3375 = B_SPLINE_CURVE_WITH_KNOTS('',1,(#3376,#3377),.UNSPECIFIED.,.F.,
  .F.,(2,2),(2.1,6.9),.PIECEWISE_BEZIER_KNOTS.);
#3376 = CARTESIAN_POINT('',(5.934119456781,2.1));
#3377 = CARTESIAN_POINT('',(5.934119456781,6.9));
#3378 = ( GEOMETRIC_REPRESENTATION_CONTEXT(2) 
PARAMETRIC_REPRESENTATION_CONTEXT() REPRESENTATION_CONTEXT('2D SPACE',''
  ) );
#3379 = PCURVE('',#3380,#3385);
#3380 = PLANE('',#3381);
#3381 = AXIS2_PLACEMENT_3D('',#3382,#3383,#3384);
#3382 = CARTESIAN_POINT('',(20.67323765729,-7.524443153165,106.2));
#3383 = DIRECTION('',(-0.342020143326,-0.939692620786,0.));
#3384 = DIRECTION('',(0.939692620786,-0.342020143326,0.));
#3385 = DEFINITIONAL_REPRESENTATION('',(#3386),#3389);
#3386 = B_SPLINE_CURVE_WITH_KNOTS('',1,(#3387,#3388),.UNSPECIFIED.,.F.,
  .F.,(2,2),(2.1,6.9),.PIECEWISE_BEZIER_KNOTS.);
#3387 = CARTESIAN_POINT('',(-2.15,-2.4));
#3388 = CARTESIAN_POINT('',(-2.15,2.4));
#3389 = ( GEOMETRIC_REPRESENTATION_CONTEXT(2) 
PARAMETRIC_REPRESENTATION_CONTEXT() REPRESENTATION_CONTEXT('2D SPACE',''
  ) );
#3390 = ORIENTED_EDGE('',*,*,#3391,.T.);
#3391 = EDGE_CURVE('',#3366,#3392,#3394,.T.);
#3392 = VERTEX_POINT('',#3393);
#3393 = CARTESIAN_POINT('',(19.85,-4.861847792615E-15,108.2));
#3394 = SURFACE_CURVE('',#3395,(#3400,#3407),.PCURVE_S1.);
#3395 = CIRCLE('',#3396,19.85);
#3396 = AXIS2_PLACEMENT_3D('',#3397,#3398,#3399);
#3397 = CARTESIAN_POINT('',(0.,0.,108.2));
#3398 = DIRECTION('',(0.,0.,1.));
#3399 = DIRECTION('',(1.,0.,-0.));
#3400 = PCURVE('',#3293,#3401);
#3401 = DEFINITIONAL_REPRESENTATION('',(#3402),#3406);
#3402 = LINE('',#3403,#3404);
#3403 = CARTESIAN_POINT('',(0.,6.5));
#3404 = VECTOR('',#3405,1.);
#3405 = DIRECTION('',(1.,0.));
#3406 = ( GEOMETRIC_REPRESENTATION_CONTEXT(2) 
PARAMETRIC_REPRESENTATION_CONTEXT() REPRESENTATION_CONTEXT('2D SPACE',''
  ) );
#3407 = PCURVE('',#3408,#3413);
#3408 = PLANE('',#3409);
#3409 = AXIS2_PLACEMENT_3D('',#3410,#3411,#3412);
#3410 = CARTESIAN_POINT('',(0.,0.,108.2));
#3411 = DIRECTION('',(0.,0.,1.));
#3412 = DIRECTION('',(0.939692620786,-0.342020143326,0.));
#3413 = DEFINITIONAL_REPRESENTATION('',(#3414),#3418);
#3414 = CIRCLE('',#3415,19.85);
#3415 = AXIS2_PLACEMENT_2D('',#3416,#3417);
#3416 = CARTESIAN_POINT('',(0.,0.));
#3417 = DIRECTION('',(0.939692620786,0.342020143326));
#3418 = ( GEOMETRIC_REPRESENTATION_CONTEXT(2) 
PARAMETRIC_REPRESENTATION_CONTEXT() REPRESENTATION_CONTEXT('2D SPACE',''
  ) );
#3419 = ORIENTED_EDGE('',*,*,#3420,.T.);
#3420 = EDGE_CURVE('',#3392,#3277,#3421,.T.);
#3421 = SEAM_CURVE('',#3422,(#3426,#3433),.PCURVE_S1.);
#3422 = LINE('',#3423,#3424);
#3423 = CARTESIAN_POINT('',(19.85,-4.861847792615E-15,101.7));
#3424 = VECTOR('',#3425,1.);
#3425 = DIRECTION('',(0.,0.,1.));
#3426 = PCURVE('',#3293,#3427);
#3427 = DEFINITIONAL_REPRESENTATION('',(#3428),#3432);
#3428 = LINE('',#3429,#3430);
#3429 = CARTESIAN_POINT('',(0.,-0.));
#3430 = VECTOR('',#3431,1.);
#3431 = DIRECTION('',(0.,1.));
#3432 = ( GEOMETRIC_REPRESENTATION_CONTEXT(2) 
PARAMETRIC_REPRESENTATION_CONTEXT() REPRESENTATION_CONTEXT('2D SPACE',''
  ) );
#3433 = PCURVE('',#3293,#3434);
#3434 = DEFINITIONAL_REPRESENTATION('',(#3435),#3439);
#3435 = LINE('',#3436,#3437);
#3436 = CARTESIAN_POINT('',(6.28318530718,-0.));
#3437 = VECTOR('',#3438,1.);
#3438 = DIRECTION('',(0.,1.));
#3439 = ( GEOMETRIC_REPRESENTATION_CONTEXT(2) 
PARAMETRIC_REPRESENTATION_CONTEXT() REPRESENTATION_CONTEXT('2D SPACE',''
  ) );
#3440 = ORIENTED_EDGE('',*,*,#3276,.F.);
#3441 = ORIENTED_EDGE('',*,*,#3420,.F.);
#3442 = ORIENTED_EDGE('',*,*,#3443,.T.);
#3443 = EDGE_CURVE('',#3392,#3444,#3446,.T.);
#3444 = VERTEX_POINT('',#3445);
#3445 = CARTESIAN_POINT('',(18.6528985226,6.789099845015,108.2));
#3446 = SURFACE_CURVE('',#3447,(#3452,#3459),.PCURVE_S1.);
#3447 = CIRCLE('',#3448,19.85);
#3448 = AXIS2_PLACEMENT_3D('',#3449,#3450,#3451);
#3449 = CARTESIAN_POINT('',(0.,0.,108.2));
#3450 = DIRECTION('',(0.,0.,1.));
#3451 = DIRECTION('',(1.,0.,-0.));
#3452 = PCURVE('',#3293,#3453);
#3453 = DEFINITIONAL_REPRESENTATION('',(#3454),#3458);
#3454 = LINE('',#3455,#3456);
#3455 = CARTESIAN_POINT('',(0.,6.5));
#3456 = VECTOR('',#3457,1.);
#3457 = DIRECTION('',(1.,0.));
#3458 = ( GEOMETRIC_REPRESENTATION_CONTEXT(2) 
PARAMETRIC_REPRESENTATION_CONTEXT() REPRESENTATION_CONTEXT('2D SPACE',''
  ) );
#3459 = PCURVE('',#3408,#3460);
#3460 = DEFINITIONAL_REPRESENTATION('',(#3461),#3465);
#3461 = CIRCLE('',#3462,19.85);
#3462 = AXIS2_PLACEMENT_2D('',#3463,#3464);
#3463 = CARTESIAN_POINT('',(0.,0.));
#3464 = DIRECTION('',(0.939692620786,0.342020143326));
#3465 = ( GEOMETRIC_REPRESENTATION_CONTEXT(2) 
PARAMETRIC_REPRESENTATION_CONTEXT() REPRESENTATION_CONTEXT('2D SPACE',''
  ) );
#3466 = ORIENTED_EDGE('',*,*,#3467,.F.);
#3467 = EDGE_CURVE('',#3468,#3444,#3470,.T.);
#3468 = VERTEX_POINT('',#3469);
#3469 = CARTESIAN_POINT('',(18.6528985226,6.789099845015,104.2));
#3470 = SURFACE_CURVE('',#3471,(#3475,#3481),.PCURVE_S1.);
#3471 = LINE('',#3472,#3473);
#3472 = CARTESIAN_POINT('',(18.6528985226,6.789099845015,101.7));
#3473 = VECTOR('',#3474,1.);
#3474 = DIRECTION('',(0.,0.,1.));
#3475 = PCURVE('',#3293,#3476);
#3476 = DEFINITIONAL_REPRESENTATION('',(#3477),#3480);
#3477 = B_SPLINE_CURVE_WITH_KNOTS('',1,(#3478,#3479),.UNSPECIFIED.,.F.,
  .F.,(2,2),(2.1,6.9),.PIECEWISE_BEZIER_KNOTS.);
#3478 = CARTESIAN_POINT('',(0.349065850399,2.1));
#3479 = CARTESIAN_POINT('',(0.349065850399,6.9));
#3480 = ( GEOMETRIC_REPRESENTATION_CONTEXT(2) 
PARAMETRIC_REPRESENTATION_CONTEXT() REPRESENTATION_CONTEXT('2D SPACE',''
  ) );
#3481 = PCURVE('',#3482,#3487);
#3482 = PLANE('',#3483);
#3483 = AXIS2_PLACEMENT_3D('',#3484,#3485,#3486);
#3484 = CARTESIAN_POINT('',(20.67323765729,7.524443153165,106.2));
#3485 = DIRECTION('',(0.342020143326,-0.939692620786,0.));
#3486 = DIRECTION('',(0.939692620786,0.342020143326,0.));
#3487 = DEFINITIONAL_REPRESENTATION('',(#3488),#3491);
#3488 = B_SPLINE_CURVE_WITH_KNOTS('',1,(#3489,#3490),.UNSPECIFIED.,.F.,
  .F.,(2,2),(2.1,6.9),.PIECEWISE_BEZIER_KNOTS.);
#3489 = CARTESIAN_POINT('',(-2.15,-2.4));
#3490 = CARTESIAN_POINT('',(-2.15,2.4));
#3491 = ( GEOMETRIC_REPRESENTATION_CONTEXT(2) 
PARAMETRIC_REPRESENTATION_CONTEXT() REPRESENTATION_CONTEXT('2D SPACE',''
  ) );
#3492 = ORIENTED_EDGE('',*,*,#3493,.F.);
#3493 = EDGE_CURVE('',#3494,#3468,#3496,.T.);
#3494 = VERTEX_POINT('',#3495);
#3495 = CARTESIAN_POINT('',(19.85,-4.861847792615E-15,104.2));
#3496 = SURFACE_CURVE('',#3497,(#3502,#3509),.PCURVE_S1.);
#3497 = CIRCLE('',#3498,19.85);
#3498 = AXIS2_PLACEMENT_3D('',#3499,#3500,#3501);
#3499 = CARTESIAN_POINT('',(0.,0.,104.2));
#3500 = DIRECTION('',(0.,0.,1.));
#3501 = DIRECTION('',(1.,0.,-0.));
#3502 = PCURVE('',#3293,#3503);
#3503 = DEFINITIONAL_REPRESENTATION('',(#3504),#3508);
#3504 = LINE('',#3505,#3506);
#3505 = CARTESIAN_POINT('',(0.,2.5));
#3506 = VECTOR('',#3507,1.);
#3507 = DIRECTION('',(1.,0.));
#3508 = ( GEOMETRIC_REPRESENTATION_CONTEXT(2) 
PARAMETRIC_REPRESENTATION_CONTEXT() REPRESENTATION_CONTEXT('2D SPACE',''
  ) );
#3509 = PCURVE('',#3510,#3515);
#3510 = PLANE('',#3511);
#3511 = AXIS2_PLACEMENT_3D('',#3512,#3513,#3514);
#3512 = CARTESIAN_POINT('',(0.,0.,104.2));
#3513 = DIRECTION('',(0.,0.,1.));
#3514 = DIRECTION('',(0.939692620786,-0.342020143326,0.));
#3515 = DEFINITIONAL_REPRESENTATION('',(#3516),#3520);
#3516 = CIRCLE('',#3517,19.85);
#3517 = AXIS2_PLACEMENT_2D('',#3518,#3519);
#3518 = CARTESIAN_POINT('',(0.,0.));
#3519 = DIRECTION('',(0.939692620786,0.342020143326));
#3520 = ( GEOMETRIC_REPRESENTATION_CONTEXT(2) 
PARAMETRIC_REPRESENTATION_CONTEXT() REPRESENTATION_CONTEXT('2D SPACE',''
  ) );
#3521 = ORIENTED_EDGE('',*,*,#3522,.F.);
#3522 = EDGE_CURVE('',#3523,#3494,#3525,.T.);
#3523 = VERTEX_POINT('',#3524);
#3524 = CARTESIAN_POINT('',(19.85,-4.861847792615E-15,101.7));
#3525 = SEAM_CURVE('',#3526,(#3530,#3537),.PCURVE_S1.);
#3526 = LINE('',#3527,#3528);
#3527 = CARTESIAN_POINT('',(19.85,-4.861847792615E-15,101.7));
#3528 = VECTOR('',#3529,1.);
#3529 = DIRECTION('',(0.,0.,1.));
#3530 = PCURVE('',#3293,#3531);
#3531 = DEFINITIONAL_REPRESENTATION('',(#3532),#3536);
#3532 = LINE('',#3533,#3534);
#3533 = CARTESIAN_POINT('',(6.28318530718,-0.));
#3534 = VECTOR('',#3535,1.);
#3535 = DIRECTION('',(0.,1.));
#3536 = ( GEOMETRIC_REPRESENTATION_CONTEXT(2) 
PARAMETRIC_REPRESENTATION_CONTEXT() REPRESENTATION_CONTEXT('2D SPACE',''
  ) );
#3537 = PCURVE('',#3293,#3538);
#3538 = DEFINITIONAL_REPRESENTATION('',(#3539),#3543);
#3539 = LINE('',#3540,#3541);
#3540 = CARTESIAN_POINT('',(0.,-0.));
#3541 = VECTOR('',#3542,1.);
#3542 = DIRECTION('',(0.,1.));
#3543 = ( GEOMETRIC_REPRESENTATION_CONTEXT(2) 
PARAMETRIC_REPRESENTATION_CONTEXT() REPRESENTATION_CONTEXT('2D SPACE',''
  ) );
#3544 = ORIENTED_EDGE('',*,*,#3545,.T.);
#3545 = EDGE_CURVE('',#3523,#3523,#3546,.T.);
#3546 = SURFACE_CURVE('',#3547,(#3552,#3559),.PCURVE_S1.);
#3547 = CIRCLE('',#3548,19.85);
#3548 = AXIS2_PLACEMENT_3D('',#3549,#3550,#3551);
#3549 = CARTESIAN_POINT('',(0.,0.,101.7));
#3550 = DIRECTION('',(0.,0.,1.));
#3551 = DIRECTION('',(1.,0.,-0.));
#3552 = PCURVE('',#3293,#3553);
#3553 = DEFINITIONAL_REPRESENTATION('',(#3554),#3558);
#3554 = LINE('',#3555,#3556);
#3555 = CARTESIAN_POINT('',(0.,0.));
#3556 = VECTOR('',#3557,1.);
#3557 = DIRECTION('',(1.,0.));
#3558 = ( GEOMETRIC_REPRESENTATION_CONTEXT(2) 
PARAMETRIC_REPRESENTATION_CONTEXT() REPRESENTATION_CONTEXT('2D SPACE',''
  ) );
#3559 = PCURVE('',#3560,#3565);
#3560 = PLANE('',#3561);
#3561 = AXIS2_PLACEMENT_3D('',#3562,#3563,#3564);
#3562 = CARTESIAN_POINT('',(0.,0.,101.7));
#3563 = DIRECTION('',(0.,0.,1.));
#3564 = DIRECTION('',(1.,0.,-0.));
#3565 = DEFINITIONAL_REPRESENTATION('',(#3566),#3570);
#3566 = CIRCLE('',#3567,19.85);
#3567 = AXIS2_PLACEMENT_2D('',#3568,#3569);
#3568 = CARTESIAN_POINT('',(0.,0.));
#3569 = DIRECTION('',(1.,0.));
#3570 = ( GEOMETRIC_REPRESENTATION_CONTEXT(2) 
PARAMETRIC_REPRESENTATION_CONTEXT() REPRESENTATION_CONTEXT('2D SPACE',''
  ) );
#3571 = ORIENTED_EDGE('',*,*,#3522,.T.);
#3572 = ORIENTED_EDGE('',*,*,#3573,.F.);
#3573 = EDGE_CURVE('',#3364,#3494,#3574,.T.);
#3574 = SURFACE_CURVE('',#3575,(#3580,#3587),.PCURVE_S1.);
#3575 = CIRCLE('',#3576,19.85);
#3576 = AXIS2_PLACEMENT_3D('',#3577,#3578,#3579);
#3577 = CARTESIAN_POINT('',(0.,0.,104.2));
#3578 = DIRECTION('',(0.,0.,1.));
#3579 = DIRECTION('',(1.,0.,-0.));
#3580 = PCURVE('',#3293,#3581);
#3581 = DEFINITIONAL_REPRESENTATION('',(#3582),#3586);
#3582 = LINE('',#3583,#3584);
#3583 = CARTESIAN_POINT('',(0.,2.5));
#3584 = VECTOR('',#3585,1.);
#3585 = DIRECTION('',(1.,0.));
#3586 = ( GEOMETRIC_REPRESENTATION_CONTEXT(2) 
PARAMETRIC_REPRESENTATION_CONTEXT() REPRESENTATION_CONTEXT('2D SPACE',''
  ) );
#3587 = PCURVE('',#3510,#3588);
#3588 = DEFINITIONAL_REPRESENTATION('',(#3589),#3593);
#3589 = CIRCLE('',#3590,19.85);
#3590 = AXIS2_PLACEMENT_2D('',#3591,#3592);
#3591 = CARTESIAN_POINT('',(0.,0.));
#3592 = DIRECTION('',(0.939692620786,0.342020143326));
#3593 = ( GEOMETRIC_REPRESENTATION_CONTEXT(2) 
PARAMETRIC_REPRESENTATION_CONTEXT() REPRESENTATION_CONTEXT('2D SPACE',''
  ) );
#3594 = FACE_BOUND('',#3595,.T.);
#3595 = EDGE_LOOP('',(#3596,#3627,#3653,#3682));
#3596 = ORIENTED_EDGE('',*,*,#3597,.F.);
#3597 = EDGE_CURVE('',#3598,#3600,#3602,.T.);
#3598 = VERTEX_POINT('',#3599);
#3599 = CARTESIAN_POINT('',(-3.446916326689,19.548433897292,104.2));
#3600 = VERTEX_POINT('',#3601);
#3601 = CARTESIAN_POINT('',(-15.20598219591,12.759334052278,104.2));
#3602 = SURFACE_CURVE('',#3603,(#3608,#3615),.PCURVE_S1.);
#3603 = CIRCLE('',#3604,19.85);
#3604 = AXIS2_PLACEMENT_3D('',#3605,#3606,#3607);
#3605 = CARTESIAN_POINT('',(0.,0.,104.2));
#3606 = DIRECTION('',(0.,0.,1.));
#3607 = DIRECTION('',(1.,0.,-0.));
#3608 = PCURVE('',#3293,#3609);
#3609 = DEFINITIONAL_REPRESENTATION('',(#3610),#3614);
#3610 = LINE('',#3611,#3612);
#3611 = CARTESIAN_POINT('',(0.,2.5));
#3612 = VECTOR('',#3613,1.);
#3613 = DIRECTION('',(1.,0.));
#3614 = ( GEOMETRIC_REPRESENTATION_CONTEXT(2) 
PARAMETRIC_REPRESENTATION_CONTEXT() REPRESENTATION_CONTEXT('2D SPACE',''
  ) );
#3615 = PCURVE('',#3616,#3621);
#3616 = PLANE('',#3617);
#3617 = AXIS2_PLACEMENT_3D('',#3618,#3619,#3620);
#3618 = CARTESIAN_POINT('',(0.,0.,104.2));
#3619 = DIRECTION('',(0.,0.,1.));
#3620 = DIRECTION('',(-0.173648177667,0.984807753012,0.));
#3621 = DEFINITIONAL_REPRESENTATION('',(#3622),#3626);
#3622 = CIRCLE('',#3623,19.85);
#3623 = AXIS2_PLACEMENT_2D('',#3624,#3625);
#3624 = CARTESIAN_POINT('',(0.,0.));
#3625 = DIRECTION('',(-0.173648177667,-0.984807753012));
#3626 = ( GEOMETRIC_REPRESENTATION_CONTEXT(2) 
PARAMETRIC_REPRESENTATION_CONTEXT() REPRESENTATION_CONTEXT('2D SPACE',''
  ) );
#3627 = ORIENTED_EDGE('',*,*,#3628,.T.);
#3628 = EDGE_CURVE('',#3598,#3629,#3631,.T.);
#3629 = VERTEX_POINT('',#3630);
#3630 = CARTESIAN_POINT('',(-3.446916326689,19.548433897292,108.2));
#3631 = SURFACE_CURVE('',#3632,(#3636,#3642),.PCURVE_S1.);
#3632 = LINE('',#3633,#3634);
#3633 = CARTESIAN_POINT('',(-3.446916326689,19.548433897292,101.7));
#3634 = VECTOR('',#3635,1.);
#3635 = DIRECTION('',(0.,0.,1.));
#3636 = PCURVE('',#3293,#3637);
#3637 = DEFINITIONAL_REPRESENTATION('',(#3638),#3641);
#3638 = B_SPLINE_CURVE_WITH_KNOTS('',1,(#3639,#3640),.UNSPECIFIED.,.F.,
  .F.,(2,2),(2.1,6.9),.PIECEWISE_BEZIER_KNOTS.);
#3639 = CARTESIAN_POINT('',(1.745329251994,2.1));
#3640 = CARTESIAN_POINT('',(1.745329251994,6.9));
#3641 = ( GEOMETRIC_REPRESENTATION_CONTEXT(2) 
PARAMETRIC_REPRESENTATION_CONTEXT() REPRESENTATION_CONTEXT('2D SPACE',''
  ) );
#3642 = PCURVE('',#3643,#3648);
#3643 = PLANE('',#3644);
#3644 = AXIS2_PLACEMENT_3D('',#3645,#3646,#3647);
#3645 = CARTESIAN_POINT('',(-3.820259908672,21.665770566269,106.2));
#3646 = DIRECTION('',(0.984807753012,0.173648177667,0.));
#3647 = DIRECTION('',(-0.173648177667,0.984807753012,0.));
#3648 = DEFINITIONAL_REPRESENTATION('',(#3649),#3652);
#3649 = B_SPLINE_CURVE_WITH_KNOTS('',1,(#3650,#3651),.UNSPECIFIED.,.F.,
  .F.,(2,2),(2.1,6.9),.PIECEWISE_BEZIER_KNOTS.);
#3650 = CARTESIAN_POINT('',(-2.15,-2.4));
#3651 = CARTESIAN_POINT('',(-2.15,2.4));
#3652 = ( GEOMETRIC_REPRESENTATION_CONTEXT(2) 
PARAMETRIC_REPRESENTATION_CONTEXT() REPRESENTATION_CONTEXT('2D SPACE',''
  ) );
#3653 = ORIENTED_EDGE('',*,*,#3654,.T.);
#3654 = EDGE_CURVE('',#3629,#3655,#3657,.T.);
#3655 = VERTEX_POINT('',#3656);
#3656 = CARTESIAN_POINT('',(-15.20598219591,12.759334052278,108.2));
#3657 = SURFACE_CURVE('',#3658,(#3663,#3670),.PCURVE_S1.);
#3658 = CIRCLE('',#3659,19.85);
#3659 = AXIS2_PLACEMENT_3D('',#3660,#3661,#3662);
#3660 = CARTESIAN_POINT('',(0.,0.,108.2));
#3661 = DIRECTION('',(0.,0.,1.));
#3662 = DIRECTION('',(1.,0.,-0.));
#3663 = PCURVE('',#3293,#3664);
#3664 = DEFINITIONAL_REPRESENTATION('',(#3665),#3669);
#3665 = LINE('',#3666,#3667);
#3666 = CARTESIAN_POINT('',(0.,6.5));
#3667 = VECTOR('',#3668,1.);
#3668 = DIRECTION('',(1.,0.));
#3669 = ( GEOMETRIC_REPRESENTATION_CONTEXT(2) 
PARAMETRIC_REPRESENTATION_CONTEXT() REPRESENTATION_CONTEXT('2D SPACE',''
  ) );
#3670 = PCURVE('',#3671,#3676);
#3671 = PLANE('',#3672);
#3672 = AXIS2_PLACEMENT_3D('',#3673,#3674,#3675);
#3673 = CARTESIAN_POINT('',(0.,0.,108.2));
#3674 = DIRECTION('',(0.,0.,1.));
#3675 = DIRECTION('',(-0.173648177667,0.984807753012,0.));
#3676 = DEFINITIONAL_REPRESENTATION('',(#3677),#3681);
#3677 = CIRCLE('',#3678,19.85);
#3678 = AXIS2_PLACEMENT_2D('',#3679,#3680);
#3679 = CARTESIAN_POINT('',(0.,0.));
#3680 = DIRECTION('',(-0.173648177667,-0.984807753012));
#3681 = ( GEOMETRIC_REPRESENTATION_CONTEXT(2) 
PARAMETRIC_REPRESENTATION_CONTEXT() REPRESENTATION_CONTEXT('2D SPACE',''
  ) );
#3682 = ORIENTED_EDGE('',*,*,#3683,.F.);
#3683 = EDGE_CURVE('',#3600,#3655,#3684,.T.);
#3684 = SURFACE_CURVE('',#3685,(#3689,#3695),.PCURVE_S1.);
#3685 = LINE('',#3686,#3687);
#3686 = CARTESIAN_POINT('',(-15.20598219591,12.759334052278,101.7));
#3687 = VECTOR('',#3688,1.);
#3688 = DIRECTION('',(0.,0.,1.));
#3689 = PCURVE('',#3293,#3690);
#3690 = DEFINITIONAL_REPRESENTATION('',(#3691),#3694);
#3691 = B_SPLINE_CURVE_WITH_KNOTS('',1,(#3692,#3693),.UNSPECIFIED.,.F.,
  .F.,(2,2),(2.1,6.9),.PIECEWISE_BEZIER_KNOTS.);
#3692 = CARTESIAN_POINT('',(2.443460952792,2.1));
#3693 = CARTESIAN_POINT('',(2.443460952792,6.9));
#3694 = ( GEOMETRIC_REPRESENTATION_CONTEXT(2) 
PARAMETRIC_REPRESENTATION_CONTEXT() REPRESENTATION_CONTEXT('2D SPACE',''
  ) );
#3695 = PCURVE('',#3696,#3701);
#3696 = PLANE('',#3697);
#3697 = AXIS2_PLACEMENT_3D('',#3698,#3699,#3700);
#3698 = CARTESIAN_POINT('',(-16.85297774861,14.141327413104,106.2));
#3699 = DIRECTION('',(0.642787609687,0.766044443119,0.));
#3700 = DIRECTION('',(-0.766044443119,0.642787609687,0.));
#3701 = DEFINITIONAL_REPRESENTATION('',(#3702),#3705);
#3702 = B_SPLINE_CURVE_WITH_KNOTS('',1,(#3703,#3704),.UNSPECIFIED.,.F.,
  .F.,(2,2),(2.1,6.9),.PIECEWISE_BEZIER_KNOTS.);
#3703 = CARTESIAN_POINT('',(-2.15,-2.4));
#3704 = CARTESIAN_POINT('',(-2.15,2.4));
#3705 = ( GEOMETRIC_REPRESENTATION_CONTEXT(2) 
PARAMETRIC_REPRESENTATION_CONTEXT() REPRESENTATION_CONTEXT('2D SPACE',''
  ) );
#3706 = FACE_BOUND('',#3707,.T.);
#3707 = EDGE_LOOP('',(#3708,#3739,#3765,#3794));
#3708 = ORIENTED_EDGE('',*,*,#3709,.F.);
#3709 = EDGE_CURVE('',#3710,#3712,#3714,.T.);
#3710 = VERTEX_POINT('',#3711);
#3711 = CARTESIAN_POINT('',(-15.20598219591,-12.75933405227,104.2));
#3712 = VERTEX_POINT('',#3713);
#3713 = CARTESIAN_POINT('',(-3.446916326689,-19.54843389729,104.2));
#3714 = SURFACE_CURVE('',#3715,(#3720,#3727),.PCURVE_S1.);
#3715 = CIRCLE('',#3716,19.85);
#3716 = AXIS2_PLACEMENT_3D('',#3717,#3718,#3719);
#3717 = CARTESIAN_POINT('',(0.,0.,104.2));
#3718 = DIRECTION('',(0.,0.,1.));
#3719 = DIRECTION('',(1.,0.,-0.));
#3720 = PCURVE('',#3293,#3721);
#3721 = DEFINITIONAL_REPRESENTATION('',(#3722),#3726);
#3722 = LINE('',#3723,#3724);
#3723 = CARTESIAN_POINT('',(0.,2.5));
#3724 = VECTOR('',#3725,1.);
#3725 = DIRECTION('',(1.,0.));
#3726 = ( GEOMETRIC_REPRESENTATION_CONTEXT(2) 
PARAMETRIC_REPRESENTATION_CONTEXT() REPRESENTATION_CONTEXT('2D SPACE',''
  ) );
#3727 = PCURVE('',#3728,#3733);
#3728 = PLANE('',#3729);
#3729 = AXIS2_PLACEMENT_3D('',#3730,#3731,#3732);
#3730 = CARTESIAN_POINT('',(0.,0.,104.2));
#3731 = DIRECTION('',(0.,0.,1.));
#3732 = DIRECTION('',(-0.766044443119,-0.642787609687,0.));
#3733 = DEFINITIONAL_REPRESENTATION('',(#3734),#3738);
#3734 = CIRCLE('',#3735,19.85);
#3735 = AXIS2_PLACEMENT_2D('',#3736,#3737);
#3736 = CARTESIAN_POINT('',(0.,0.));
#3737 = DIRECTION('',(-0.766044443119,0.642787609687));
#3738 = ( GEOMETRIC_REPRESENTATION_CONTEXT(2) 
PARAMETRIC_REPRESENTATION_CONTEXT() REPRESENTATION_CONTEXT('2D SPACE',''
  ) );
#3739 = ORIENTED_EDGE('',*,*,#3740,.T.);
#3740 = EDGE_CURVE('',#3710,#3741,#3743,.T.);
#3741 = VERTEX_POINT('',#3742);
#3742 = CARTESIAN_POINT('',(-15.20598219591,-12.75933405227,108.2));
#3743 = SURFACE_CURVE('',#3744,(#3748,#3754),.PCURVE_S1.);
#3744 = LINE('',#3745,#3746);
#3745 = CARTESIAN_POINT('',(-15.20598219591,-12.75933405227,101.7));
#3746 = VECTOR('',#3747,1.);
#3747 = DIRECTION('',(0.,0.,1.));
#3748 = PCURVE('',#3293,#3749);
#3749 = DEFINITIONAL_REPRESENTATION('',(#3750),#3753);
#3750 = B_SPLINE_CURVE_WITH_KNOTS('',1,(#3751,#3752),.UNSPECIFIED.,.F.,
  .F.,(2,2),(2.1,6.9),.PIECEWISE_BEZIER_KNOTS.);
#3751 = CARTESIAN_POINT('',(3.839724354388,2.1));
#3752 = CARTESIAN_POINT('',(3.839724354388,6.9));
#3753 = ( GEOMETRIC_REPRESENTATION_CONTEXT(2) 
PARAMETRIC_REPRESENTATION_CONTEXT() REPRESENTATION_CONTEXT('2D SPACE',''
  ) );
#3754 = PCURVE('',#3755,#3760);
#3755 = PLANE('',#3756);
#3756 = AXIS2_PLACEMENT_3D('',#3757,#3758,#3759);
#3757 = CARTESIAN_POINT('',(-16.85297774861,-14.1413274131,106.2));
#3758 = DIRECTION('',(-0.642787609687,0.766044443119,0.));
#3759 = DIRECTION('',(-0.766044443119,-0.642787609687,0.));
#3760 = DEFINITIONAL_REPRESENTATION('',(#3761),#3764);
#3761 = B_SPLINE_CURVE_WITH_KNOTS('',1,(#3762,#3763),.UNSPECIFIED.,.F.,
  .F.,(2,2),(2.1,6.9),.PIECEWISE_BEZIER_KNOTS.);
#3762 = CARTESIAN_POINT('',(-2.15,-2.4));
#3763 = CARTESIAN_POINT('',(-2.15,2.4));
#3764 = ( GEOMETRIC_REPRESENTATION_CONTEXT(2) 
PARAMETRIC_REPRESENTATION_CONTEXT() REPRESENTATION_CONTEXT('2D SPACE',''
  ) );
#3765 = ORIENTED_EDGE('',*,*,#3766,.T.);
#3766 = EDGE_CURVE('',#3741,#3767,#3769,.T.);
#3767 = VERTEX_POINT('',#3768);
#3768 = CARTESIAN_POINT('',(-3.446916326689,-19.54843389729,108.2));
#3769 = SURFACE_CURVE('',#3770,(#3775,#3782),.PCURVE_S1.);
#3770 = CIRCLE('',#3771,19.85);
#3771 = AXIS2_PLACEMENT_3D('',#3772,#3773,#3774);
#3772 = CARTESIAN_POINT('',(0.,0.,108.2));
#3773 = DIRECTION('',(0.,0.,1.));
#3774 = DIRECTION('',(1.,0.,-0.));
#3775 = PCURVE('',#3293,#3776);
#3776 = DEFINITIONAL_REPRESENTATION('',(#3777),#3781);
#3777 = LINE('',#3778,#3779);
#3778 = CARTESIAN_POINT('',(0.,6.5));
#3779 = VECTOR('',#3780,1.);
#3780 = DIRECTION('',(1.,0.));
#3781 = ( GEOMETRIC_REPRESENTATION_CONTEXT(2) 
PARAMETRIC_REPRESENTATION_CONTEXT() REPRESENTATION_CONTEXT('2D SPACE',''
  ) );
#3782 = PCURVE('',#3783,#3788);
#3783 = PLANE('',#3784);
#3784 = AXIS2_PLACEMENT_3D('',#3785,#3786,#3787);
#3785 = CARTESIAN_POINT('',(0.,0.,108.2));
#3786 = DIRECTION('',(0.,0.,1.));
#3787 = DIRECTION('',(-0.766044443119,-0.642787609687,0.));
#3788 = DEFINITIONAL_REPRESENTATION('',(#3789),#3793);
#3789 = CIRCLE('',#3790,19.85);
#3790 = AXIS2_PLACEMENT_2D('',#3791,#3792);
#3791 = CARTESIAN_POINT('',(0.,0.));
#3792 = DIRECTION('',(-0.766044443119,0.642787609687));
#3793 = ( GEOMETRIC_REPRESENTATION_CONTEXT(2) 
PARAMETRIC_REPRESENTATION_CONTEXT() REPRESENTATION_CONTEXT('2D SPACE',''
  ) );
#3794 = ORIENTED_EDGE('',*,*,#3795,.F.);
#3795 = EDGE_CURVE('',#3712,#3767,#3796,.T.);
#3796 = SURFACE_CURVE('',#3797,(#3801,#3807),.PCURVE_S1.);
#3797 = LINE('',#3798,#3799);
#3798 = CARTESIAN_POINT('',(-3.446916326689,-19.54843389729,101.7));
#3799 = VECTOR('',#3800,1.);
#3800 = DIRECTION('',(0.,0.,1.));
#3801 = PCURVE('',#3293,#3802);
#3802 = DEFINITIONAL_REPRESENTATION('',(#3803),#3806);
#3803 = B_SPLINE_CURVE_WITH_KNOTS('',1,(#3804,#3805),.UNSPECIFIED.,.F.,
  .F.,(2,2),(2.1,6.9),.PIECEWISE_BEZIER_KNOTS.);
#3804 = CARTESIAN_POINT('',(4.537856055185,2.1));
#3805 = CARTESIAN_POINT('',(4.537856055185,6.9));
#3806 = ( GEOMETRIC_REPRESENTATION_CONTEXT(2) 
PARAMETRIC_REPRESENTATION_CONTEXT() REPRESENTATION_CONTEXT('2D SPACE',''
  ) );
#3807 = PCURVE('',#3808,#3813);
#3808 = PLANE('',#3809);
#3809 = AXIS2_PLACEMENT_3D('',#3810,#3811,#3812);
#3810 = CARTESIAN_POINT('',(-3.820259908672,-21.66577056626,106.2));
#3811 = DIRECTION('',(-0.984807753012,0.173648177667,0.));
#3812 = DIRECTION('',(-0.173648177667,-0.984807753012,0.));
#3813 = DEFINITIONAL_REPRESENTATION('',(#3814),#3817);
#3814 = B_SPLINE_CURVE_WITH_KNOTS('',1,(#3815,#3816),.UNSPECIFIED.,.F.,
  .F.,(2,2),(2.1,6.9),.PIECEWISE_BEZIER_KNOTS.);
#3815 = CARTESIAN_POINT('',(-2.15,-2.4));
#3816 = CARTESIAN_POINT('',(-2.15,2.4));
#3817 = ( GEOMETRIC_REPRESENTATION_CONTEXT(2) 
PARAMETRIC_REPRESENTATION_CONTEXT() REPRESENTATION_CONTEXT('2D SPACE',''
  ) );
#3818 = ADVANCED_FACE('',(#3819,#3822),#3347,.T.);
#3819 = FACE_BOUND('',#3820,.T.);
#3820 = EDGE_LOOP('',(#3821));
#3821 = ORIENTED_EDGE('',*,*,#3332,.T.);
#3822 = FACE_BOUND('',#3823,.T.);
#3823 = EDGE_LOOP('',(#3824));
#3824 = ORIENTED_EDGE('',*,*,#3825,.F.);
#3825 = EDGE_CURVE('',#3826,#3826,#3828,.T.);
#3826 = VERTEX_POINT('',#3827);
#3827 = CARTESIAN_POINT('',(12.241785714286,-2.99837273817E-15,98.69));
#3828 = SURFACE_CURVE('',#3829,(#3834,#3841),.PCURVE_S1.);
#3829 = CIRCLE('',#3830,12.241785714286);
#3830 = AXIS2_PLACEMENT_3D('',#3831,#3832,#3833);
#3831 = CARTESIAN_POINT('',(0.,0.,98.69));
#3832 = DIRECTION('',(0.,0.,1.));
#3833 = DIRECTION('',(1.,0.,-0.));
#3834 = PCURVE('',#3347,#3835);
#3835 = DEFINITIONAL_REPRESENTATION('',(#3836),#3840);
#3836 = CIRCLE('',#3837,12.241785714286);
#3837 = AXIS2_PLACEMENT_2D('',#3838,#3839);
#3838 = CARTESIAN_POINT('',(0.,0.));
#3839 = DIRECTION('',(1.,0.));
#3840 = ( GEOMETRIC_REPRESENTATION_CONTEXT(2) 
PARAMETRIC_REPRESENTATION_CONTEXT() REPRESENTATION_CONTEXT('2D SPACE',''
  ) );
#3841 = PCURVE('',#3842,#3847);
#3842 = CONICAL_SURFACE('',#3843,6.5,0.687671256039);
#3843 = AXIS2_PLACEMENT_3D('',#3844,#3845,#3846);
#3844 = CARTESIAN_POINT('',(0.,0.,91.7));
#3845 = DIRECTION('',(0.,0.,1.));
#3846 = DIRECTION('',(1.,0.,-0.));
#3847 = DEFINITIONAL_REPRESENTATION('',(#3848),#3852);
#3848 = LINE('',#3849,#3850);
#3849 = CARTESIAN_POINT('',(0.,6.99));
#3850 = VECTOR('',#3851,1.);
#3851 = DIRECTION('',(1.,0.));
#3852 = ( GEOMETRIC_REPRESENTATION_CONTEXT(2) 
PARAMETRIC_REPRESENTATION_CONTEXT() REPRESENTATION_CONTEXT('2D SPACE',''
  ) );
#3853 = ADVANCED_FACE('',(#3854),#3380,.T.);
#3854 = FACE_BOUND('',#3855,.T.);
#3855 = EDGE_LOOP('',(#3856,#3857,#3880,#3908));
#3856 = ORIENTED_EDGE('',*,*,#3363,.F.);
#3857 = ORIENTED_EDGE('',*,*,#3858,.T.);
#3858 = EDGE_CURVE('',#3364,#3859,#3861,.T.);
#3859 = VERTEX_POINT('',#3860);
#3860 = CARTESIAN_POINT('',(23.492315519648,-8.550503583142,104.2));
#3861 = SURFACE_CURVE('',#3862,(#3866,#3873),.PCURVE_S1.);
#3862 = LINE('',#3863,#3864);
#3863 = CARTESIAN_POINT('',(17.854159794932,-6.498382723188,104.2));
#3864 = VECTOR('',#3865,1.);
#3865 = DIRECTION('',(0.939692620786,-0.342020143326,0.));
#3866 = PCURVE('',#3380,#3867);
#3867 = DEFINITIONAL_REPRESENTATION('',(#3868),#3872);
#3868 = LINE('',#3869,#3870);
#3869 = CARTESIAN_POINT('',(-3.,-2.));
#3870 = VECTOR('',#3871,1.);
#3871 = DIRECTION('',(1.,0.));
#3872 = ( GEOMETRIC_REPRESENTATION_CONTEXT(2) 
PARAMETRIC_REPRESENTATION_CONTEXT() REPRESENTATION_CONTEXT('2D SPACE',''
  ) );
#3873 = PCURVE('',#3510,#3874);
#3874 = DEFINITIONAL_REPRESENTATION('',(#3875),#3879);
#3875 = LINE('',#3876,#3877);
#3876 = CARTESIAN_POINT('',(19.,-0.));
#3877 = VECTOR('',#3878,1.);
#3878 = DIRECTION('',(1.,-0.));
#3879 = ( GEOMETRIC_REPRESENTATION_CONTEXT(2) 
PARAMETRIC_REPRESENTATION_CONTEXT() REPRESENTATION_CONTEXT('2D SPACE',''
  ) );
#3880 = ORIENTED_EDGE('',*,*,#3881,.T.);
#3881 = EDGE_CURVE('',#3859,#3882,#3884,.T.);
#3882 = VERTEX_POINT('',#3883);
#3883 = CARTESIAN_POINT('',(23.492315519648,-8.550503583142,108.2));
#3884 = SURFACE_CURVE('',#3885,(#3889,#3896),.PCURVE_S1.);
#3885 = LINE('',#3886,#3887);
#3886 = CARTESIAN_POINT('',(23.492315519648,-8.550503583142,104.2));
#3887 = VECTOR('',#3888,1.);
#3888 = DIRECTION('',(0.,0.,1.));
#3889 = PCURVE('',#3380,#3890);
#3890 = DEFINITIONAL_REPRESENTATION('',(#3891),#3895);
#3891 = LINE('',#3892,#3893);
#3892 = CARTESIAN_POINT('',(3.,-2.));
#3893 = VECTOR('',#3894,1.);
#3894 = DIRECTION('',(0.,1.));
#3895 = ( GEOMETRIC_REPRESENTATION_CONTEXT(2) 
PARAMETRIC_REPRESENTATION_CONTEXT() REPRESENTATION_CONTEXT('2D SPACE',''
  ) );
#3896 = PCURVE('',#3897,#3902);
#3897 = CYLINDRICAL_SURFACE('',#3898,25.);
#3898 = AXIS2_PLACEMENT_3D('',#3899,#3900,#3901);
#3899 = CARTESIAN_POINT('',(0.,0.,104.2));
#3900 = DIRECTION('',(0.,0.,1.));
#3901 = DIRECTION('',(0.939692620786,-0.342020143326,0.));
#3902 = DEFINITIONAL_REPRESENTATION('',(#3903),#3907);
#3903 = LINE('',#3904,#3905);
#3904 = CARTESIAN_POINT('',(0.,0.));
#3905 = VECTOR('',#3906,1.);
#3906 = DIRECTION('',(0.,1.));
#3907 = ( GEOMETRIC_REPRESENTATION_CONTEXT(2) 
PARAMETRIC_REPRESENTATION_CONTEXT() REPRESENTATION_CONTEXT('2D SPACE',''
  ) );
#3908 = ORIENTED_EDGE('',*,*,#3909,.T.);
#3909 = EDGE_CURVE('',#3882,#3366,#3910,.T.);
#3910 = SURFACE_CURVE('',#3911,(#3915,#3922),.PCURVE_S1.);
#3911 = LINE('',#3912,#3913);
#3912 = CARTESIAN_POINT('',(23.492315519648,-8.550503583142,108.2));
#3913 = VECTOR('',#3914,1.);
#3914 = DIRECTION('',(-0.939692620786,0.342020143326,0.));
#3915 = PCURVE('',#3380,#3916);
#3916 = DEFINITIONAL_REPRESENTATION('',(#3917),#3921);
#3917 = LINE('',#3918,#3919);
#3918 = CARTESIAN_POINT('',(3.,2.));
#3919 = VECTOR('',#3920,1.);
#3920 = DIRECTION('',(-1.,0.));
#3921 = ( GEOMETRIC_REPRESENTATION_CONTEXT(2) 
PARAMETRIC_REPRESENTATION_CONTEXT() REPRESENTATION_CONTEXT('2D SPACE',''
  ) );
#3922 = PCURVE('',#3408,#3923);
#3923 = DEFINITIONAL_REPRESENTATION('',(#3924),#3928);
#3924 = LINE('',#3925,#3926);
#3925 = CARTESIAN_POINT('',(25.,0.));
#3926 = VECTOR('',#3927,1.);
#3927 = DIRECTION('',(-1.,0.));
#3928 = ( GEOMETRIC_REPRESENTATION_CONTEXT(2) 
PARAMETRIC_REPRESENTATION_CONTEXT() REPRESENTATION_CONTEXT('2D SPACE',''
  ) );
#3929 = ADVANCED_FACE('',(#3930),#3510,.F.);
#3930 = FACE_BOUND('',#3931,.T.);
#3931 = EDGE_LOOP('',(#3932,#3933,#3934,#3935,#3958));
#3932 = ORIENTED_EDGE('',*,*,#3858,.F.);
#3933 = ORIENTED_EDGE('',*,*,#3573,.T.);
#3934 = ORIENTED_EDGE('',*,*,#3493,.T.);
#3935 = ORIENTED_EDGE('',*,*,#3936,.T.);
#3936 = EDGE_CURVE('',#3468,#3937,#3939,.T.);
#3937 = VERTEX_POINT('',#3938);
#3938 = CARTESIAN_POINT('',(23.492315519648,8.550503583142,104.2));
#3939 = SURFACE_CURVE('',#3940,(#3944,#3951),.PCURVE_S1.);
#3940 = LINE('',#3941,#3942);
#3941 = CARTESIAN_POINT('',(17.854159794932,6.498382723188,104.2));
#3942 = VECTOR('',#3943,1.);
#3943 = DIRECTION('',(0.939692620786,0.342020143326,0.));
#3944 = PCURVE('',#3510,#3945);
#3945 = DEFINITIONAL_REPRESENTATION('',(#3946),#3950);
#3946 = LINE('',#3947,#3948);
#3947 = CARTESIAN_POINT('',(14.554844419261,12.212964584044));
#3948 = VECTOR('',#3949,1.);
#3949 = DIRECTION('',(0.766044443119,0.642787609687));
#3950 = ( GEOMETRIC_REPRESENTATION_CONTEXT(2) 
PARAMETRIC_REPRESENTATION_CONTEXT() REPRESENTATION_CONTEXT('2D SPACE',''
  ) );
#3951 = PCURVE('',#3482,#3952);
#3952 = DEFINITIONAL_REPRESENTATION('',(#3953),#3957);
#3953 = LINE('',#3954,#3955);
#3954 = CARTESIAN_POINT('',(-3.,-2.));
#3955 = VECTOR('',#3956,1.);
#3956 = DIRECTION('',(1.,0.));
#3957 = ( GEOMETRIC_REPRESENTATION_CONTEXT(2) 
PARAMETRIC_REPRESENTATION_CONTEXT() REPRESENTATION_CONTEXT('2D SPACE',''
  ) );
#3958 = ORIENTED_EDGE('',*,*,#3959,.F.);
#3959 = EDGE_CURVE('',#3859,#3937,#3960,.T.);
#3960 = SURFACE_CURVE('',#3961,(#3966,#3973),.PCURVE_S1.);
#3961 = CIRCLE('',#3962,25.);
#3962 = AXIS2_PLACEMENT_3D('',#3963,#3964,#3965);
#3963 = CARTESIAN_POINT('',(0.,0.,104.2));
#3964 = DIRECTION('',(-0.,0.,1.));
#3965 = DIRECTION('',(0.939692620786,-0.342020143326,0.));
#3966 = PCURVE('',#3510,#3967);
#3967 = DEFINITIONAL_REPRESENTATION('',(#3968),#3972);
#3968 = CIRCLE('',#3969,25.);
#3969 = AXIS2_PLACEMENT_2D('',#3970,#3971);
#3970 = CARTESIAN_POINT('',(0.,0.));
#3971 = DIRECTION('',(1.,-0.));
#3972 = ( GEOMETRIC_REPRESENTATION_CONTEXT(2) 
PARAMETRIC_REPRESENTATION_CONTEXT() REPRESENTATION_CONTEXT('2D SPACE',''
  ) );
#3973 = PCURVE('',#3897,#3974);
#3974 = DEFINITIONAL_REPRESENTATION('',(#3975),#3979);
#3975 = LINE('',#3976,#3977);
#3976 = CARTESIAN_POINT('',(0.,0.));
#3977 = VECTOR('',#3978,1.);
#3978 = DIRECTION('',(1.,0.));
#3979 = ( GEOMETRIC_REPRESENTATION_CONTEXT(2) 
PARAMETRIC_REPRESENTATION_CONTEXT() REPRESENTATION_CONTEXT('2D SPACE',''
  ) );
#3980 = ADVANCED_FACE('',(#3981,#4012),#3560,.T.);
#3981 = FACE_BOUND('',#3982,.T.);
#3982 = EDGE_LOOP('',(#3983));
#3983 = ORIENTED_EDGE('',*,*,#3984,.T.);
#3984 = EDGE_CURVE('',#3985,#3985,#3987,.T.);
#3985 = VERTEX_POINT('',#3986);
#3986 = CARTESIAN_POINT('',(31.75,-7.776507174586E-15,101.7));
#3987 = SURFACE_CURVE('',#3988,(#3993,#4000),.PCURVE_S1.);
#3988 = CIRCLE('',#3989,31.75);
#3989 = AXIS2_PLACEMENT_3D('',#3990,#3991,#3992);
#3990 = CARTESIAN_POINT('',(0.,0.,101.7));
#3991 = DIRECTION('',(0.,0.,1.));
#3992 = DIRECTION('',(1.,0.,-0.));
#3993 = PCURVE('',#3560,#3994);
#3994 = DEFINITIONAL_REPRESENTATION('',(#3995),#3999);
#3995 = CIRCLE('',#3996,31.75);
#3996 = AXIS2_PLACEMENT_2D('',#3997,#3998);
#3997 = CARTESIAN_POINT('',(0.,0.));
#3998 = DIRECTION('',(1.,0.));
#3999 = ( GEOMETRIC_REPRESENTATION_CONTEXT(2) 
PARAMETRIC_REPRESENTATION_CONTEXT() REPRESENTATION_CONTEXT('2D SPACE',''
  ) );
#4000 = PCURVE('',#4001,#4006);
#4001 = CYLINDRICAL_SURFACE('',#4002,31.75);
#4002 = AXIS2_PLACEMENT_3D('',#4003,#4004,#4005);
#4003 = CARTESIAN_POINT('',(0.,0.,88.7));
#4004 = DIRECTION('',(0.,0.,1.));
#4005 = DIRECTION('',(1.,0.,-0.));
#4006 = DEFINITIONAL_REPRESENTATION('',(#4007),#4011);
#4007 = LINE('',#4008,#4009);
#4008 = CARTESIAN_POINT('',(0.,13.));
#4009 = VECTOR('',#4010,1.);
#4010 = DIRECTION('',(1.,0.));
#4011 = ( GEOMETRIC_REPRESENTATION_CONTEXT(2) 
PARAMETRIC_REPRESENTATION_CONTEXT() REPRESENTATION_CONTEXT('2D SPACE',''
  ) );
#4012 = FACE_BOUND('',#4013,.T.);
#4013 = EDGE_LOOP('',(#4014));
#4014 = ORIENTED_EDGE('',*,*,#3545,.F.);
#4015 = ADVANCED_FACE('',(#4016),#3482,.F.);
#4016 = FACE_BOUND('',#4017,.F.);
#4017 = EDGE_LOOP('',(#4018,#4019,#4020,#4043));
#4018 = ORIENTED_EDGE('',*,*,#3467,.F.);
#4019 = ORIENTED_EDGE('',*,*,#3936,.T.);
#4020 = ORIENTED_EDGE('',*,*,#4021,.T.);
#4021 = EDGE_CURVE('',#3937,#4022,#4024,.T.);
#4022 = VERTEX_POINT('',#4023);
#4023 = CARTESIAN_POINT('',(23.492315519648,8.550503583142,108.2));
#4024 = SURFACE_CURVE('',#4025,(#4029,#4036),.PCURVE_S1.);
#4025 = LINE('',#4026,#4027);
#4026 = CARTESIAN_POINT('',(23.492315519648,8.550503583142,104.2));
#4027 = VECTOR('',#4028,1.);
#4028 = DIRECTION('',(0.,0.,1.));
#4029 = PCURVE('',#3482,#4030);
#4030 = DEFINITIONAL_REPRESENTATION('',(#4031),#4035);
#4031 = LINE('',#4032,#4033);
#4032 = CARTESIAN_POINT('',(3.,-2.));
#4033 = VECTOR('',#4034,1.);
#4034 = DIRECTION('',(0.,1.));
#4035 = ( GEOMETRIC_REPRESENTATION_CONTEXT(2) 
PARAMETRIC_REPRESENTATION_CONTEXT() REPRESENTATION_CONTEXT('2D SPACE',''
  ) );
#4036 = PCURVE('',#3897,#4037);
#4037 = DEFINITIONAL_REPRESENTATION('',(#4038),#4042);
#4038 = LINE('',#4039,#4040);
#4039 = CARTESIAN_POINT('',(0.698131700798,0.));
#4040 = VECTOR('',#4041,1.);
#4041 = DIRECTION('',(0.,1.));
#4042 = ( GEOMETRIC_REPRESENTATION_CONTEXT(2) 
PARAMETRIC_REPRESENTATION_CONTEXT() REPRESENTATION_CONTEXT('2D SPACE',''
  ) );
#4043 = ORIENTED_EDGE('',*,*,#4044,.T.);
#4044 = EDGE_CURVE('',#4022,#3444,#4045,.T.);
#4045 = SURFACE_CURVE('',#4046,(#4050,#4057),.PCURVE_S1.);
#4046 = LINE('',#4047,#4048);
#4047 = CARTESIAN_POINT('',(23.492315519648,8.550503583142,108.2));
#4048 = VECTOR('',#4049,1.);
#4049 = DIRECTION('',(-0.939692620786,-0.342020143326,0.));
#4050 = PCURVE('',#3482,#4051);
#4051 = DEFINITIONAL_REPRESENTATION('',(#4052),#4056);
#4052 = LINE('',#4053,#4054);
#4053 = CARTESIAN_POINT('',(3.,2.));
#4054 = VECTOR('',#4055,1.);
#4055 = DIRECTION('',(-1.,0.));
#4056 = ( GEOMETRIC_REPRESENTATION_CONTEXT(2) 
PARAMETRIC_REPRESENTATION_CONTEXT() REPRESENTATION_CONTEXT('2D SPACE',''
  ) );
#4057 = PCURVE('',#3408,#4058);
#4058 = DEFINITIONAL_REPRESENTATION('',(#4059),#4063);
#4059 = LINE('',#4060,#4061);
#4060 = CARTESIAN_POINT('',(19.151111077974,16.069690242163));
#4061 = VECTOR('',#4062,1.);
#4062 = DIRECTION('',(-0.766044443119,-0.642787609687));
#4063 = ( GEOMETRIC_REPRESENTATION_CONTEXT(2) 
PARAMETRIC_REPRESENTATION_CONTEXT() REPRESENTATION_CONTEXT('2D SPACE',''
  ) );
#4064 = ADVANCED_FACE('',(#4065),#3408,.T.);
#4065 = FACE_BOUND('',#4066,.T.);
#4066 = EDGE_LOOP('',(#4067,#4068,#4090,#4091,#4092));
#4067 = ORIENTED_EDGE('',*,*,#3909,.F.);
#4068 = ORIENTED_EDGE('',*,*,#4069,.T.);
#4069 = EDGE_CURVE('',#3882,#4022,#4070,.T.);
#4070 = SURFACE_CURVE('',#4071,(#4076,#4083),.PCURVE_S1.);
#4071 = CIRCLE('',#4072,25.);
#4072 = AXIS2_PLACEMENT_3D('',#4073,#4074,#4075);
#4073 = CARTESIAN_POINT('',(0.,0.,108.2));
#4074 = DIRECTION('',(-0.,0.,1.));
#4075 = DIRECTION('',(0.939692620786,-0.342020143326,0.));
#4076 = PCURVE('',#3408,#4077);
#4077 = DEFINITIONAL_REPRESENTATION('',(#4078),#4082);
#4078 = CIRCLE('',#4079,25.);
#4079 = AXIS2_PLACEMENT_2D('',#4080,#4081);
#4080 = CARTESIAN_POINT('',(0.,0.));
#4081 = DIRECTION('',(1.,0.));
#4082 = ( GEOMETRIC_REPRESENTATION_CONTEXT(2) 
PARAMETRIC_REPRESENTATION_CONTEXT() REPRESENTATION_CONTEXT('2D SPACE',''
  ) );
#4083 = PCURVE('',#3897,#4084);
#4084 = DEFINITIONAL_REPRESENTATION('',(#4085),#4089);
#4085 = LINE('',#4086,#4087);
#4086 = CARTESIAN_POINT('',(0.,4.));
#4087 = VECTOR('',#4088,1.);
#4088 = DIRECTION('',(1.,0.));
#4089 = ( GEOMETRIC_REPRESENTATION_CONTEXT(2) 
PARAMETRIC_REPRESENTATION_CONTEXT() REPRESENTATION_CONTEXT('2D SPACE',''
  ) );
#4090 = ORIENTED_EDGE('',*,*,#4044,.T.);
#4091 = ORIENTED_EDGE('',*,*,#3443,.F.);
#4092 = ORIENTED_EDGE('',*,*,#3391,.F.);
#4093 = ADVANCED_FACE('',(#4094),#3616,.F.);
#4094 = FACE_BOUND('',#4095,.T.);
#4095 = EDGE_LOOP('',(#4096,#4119,#4120,#4143));
#4096 = ORIENTED_EDGE('',*,*,#4097,.F.);
#4097 = EDGE_CURVE('',#3598,#4098,#4100,.T.);
#4098 = VERTEX_POINT('',#4099);
#4099 = CARTESIAN_POINT('',(-4.341204441673,24.620193825305,104.2));
#4100 = SURFACE_CURVE('',#4101,(#4105,#4112),.PCURVE_S1.);
#4101 = LINE('',#4102,#4103);
#4102 = CARTESIAN_POINT('',(-3.299315375672,18.711347307232,104.2));
#4103 = VECTOR('',#4104,1.);
#4104 = DIRECTION('',(-0.173648177667,0.984807753012,0.));
#4105 = PCURVE('',#3616,#4106);
#4106 = DEFINITIONAL_REPRESENTATION('',(#4107),#4111);
#4107 = LINE('',#4108,#4109);
#4108 = CARTESIAN_POINT('',(19.,-0.));
#4109 = VECTOR('',#4110,1.);
#4110 = DIRECTION('',(1.,-0.));
#4111 = ( GEOMETRIC_REPRESENTATION_CONTEXT(2) 
PARAMETRIC_REPRESENTATION_CONTEXT() REPRESENTATION_CONTEXT('2D SPACE',''
  ) );
#4112 = PCURVE('',#3643,#4113);
#4113 = DEFINITIONAL_REPRESENTATION('',(#4114),#4118);
#4114 = LINE('',#4115,#4116);
#4115 = CARTESIAN_POINT('',(-3.,-2.));
#4116 = VECTOR('',#4117,1.);
#4117 = DIRECTION('',(1.,0.));
#4118 = ( GEOMETRIC_REPRESENTATION_CONTEXT(2) 
PARAMETRIC_REPRESENTATION_CONTEXT() REPRESENTATION_CONTEXT('2D SPACE',''
  ) );
#4119 = ORIENTED_EDGE('',*,*,#3597,.T.);
#4120 = ORIENTED_EDGE('',*,*,#4121,.T.);
#4121 = EDGE_CURVE('',#3600,#4122,#4124,.T.);
#4122 = VERTEX_POINT('',#4123);
#4123 = CARTESIAN_POINT('',(-19.15111107797,16.069690242163,104.2));
#4124 = SURFACE_CURVE('',#4125,(#4129,#4136),.PCURVE_S1.);
#4125 = LINE('',#4126,#4127);
#4126 = CARTESIAN_POINT('',(-14.55484441926,12.212964584044,104.2));
#4127 = VECTOR('',#4128,1.);
#4128 = DIRECTION('',(-0.766044443119,0.642787609687,0.));
#4129 = PCURVE('',#3616,#4130);
#4130 = DEFINITIONAL_REPRESENTATION('',(#4131),#4135);
#4131 = LINE('',#4132,#4133);
#4132 = CARTESIAN_POINT('',(14.554844419261,12.212964584044));
#4133 = VECTOR('',#4134,1.);
#4134 = DIRECTION('',(0.766044443119,0.642787609687));
#4135 = ( GEOMETRIC_REPRESENTATION_CONTEXT(2) 
PARAMETRIC_REPRESENTATION_CONTEXT() REPRESENTATION_CONTEXT('2D SPACE',''
  ) );
#4136 = PCURVE('',#3696,#4137);
#4137 = DEFINITIONAL_REPRESENTATION('',(#4138),#4142);
#4138 = LINE('',#4139,#4140);
#4139 = CARTESIAN_POINT('',(-3.,-2.));
#4140 = VECTOR('',#4141,1.);
#4141 = DIRECTION('',(1.,0.));
#4142 = ( GEOMETRIC_REPRESENTATION_CONTEXT(2) 
PARAMETRIC_REPRESENTATION_CONTEXT() REPRESENTATION_CONTEXT('2D SPACE',''
  ) );
#4143 = ORIENTED_EDGE('',*,*,#4144,.F.);
#4144 = EDGE_CURVE('',#4098,#4122,#4145,.T.);
#4145 = SURFACE_CURVE('',#4146,(#4151,#4158),.PCURVE_S1.);
#4146 = CIRCLE('',#4147,25.);
#4147 = AXIS2_PLACEMENT_3D('',#4148,#4149,#4150);
#4148 = CARTESIAN_POINT('',(0.,0.,104.2));
#4149 = DIRECTION('',(0.,0.,1.));
#4150 = DIRECTION('',(-0.173648177667,0.984807753012,0.));
#4151 = PCURVE('',#3616,#4152);
#4152 = DEFINITIONAL_REPRESENTATION('',(#4153),#4157);
#4153 = CIRCLE('',#4154,25.);
#4154 = AXIS2_PLACEMENT_2D('',#4155,#4156);
#4155 = CARTESIAN_POINT('',(0.,0.));
#4156 = DIRECTION('',(1.,-0.));
#4157 = ( GEOMETRIC_REPRESENTATION_CONTEXT(2) 
PARAMETRIC_REPRESENTATION_CONTEXT() REPRESENTATION_CONTEXT('2D SPACE',''
  ) );
#4158 = PCURVE('',#4159,#4164);
#4159 = CYLINDRICAL_SURFACE('',#4160,25.);
#4160 = AXIS2_PLACEMENT_3D('',#4161,#4162,#4163);
#4161 = CARTESIAN_POINT('',(0.,0.,104.2));
#4162 = DIRECTION('',(0.,0.,1.));
#4163 = DIRECTION('',(-0.173648177667,0.984807753012,0.));
#4164 = DEFINITIONAL_REPRESENTATION('',(#4165),#4169);
#4165 = LINE('',#4166,#4167);
#4166 = CARTESIAN_POINT('',(0.,0.));
#4167 = VECTOR('',#4168,1.);
#4168 = DIRECTION('',(1.,0.));
#4169 = ( GEOMETRIC_REPRESENTATION_CONTEXT(2) 
PARAMETRIC_REPRESENTATION_CONTEXT() REPRESENTATION_CONTEXT('2D SPACE',''
  ) );
#4170 = ADVANCED_FACE('',(#4171),#3643,.T.);
#4171 = FACE_BOUND('',#4172,.T.);
#4172 = EDGE_LOOP('',(#4173,#4174,#4175,#4198));
#4173 = ORIENTED_EDGE('',*,*,#3628,.F.);
#4174 = ORIENTED_EDGE('',*,*,#4097,.T.);
#4175 = ORIENTED_EDGE('',*,*,#4176,.T.);
#4176 = EDGE_CURVE('',#4098,#4177,#4179,.T.);
#4177 = VERTEX_POINT('',#4178);
#4178 = CARTESIAN_POINT('',(-4.341204441673,24.620193825305,108.2));
#4179 = SURFACE_CURVE('',#4180,(#4184,#4191),.PCURVE_S1.);
#4180 = LINE('',#4181,#4182);
#4181 = CARTESIAN_POINT('',(-4.341204441673,24.620193825305,104.2));
#4182 = VECTOR('',#4183,1.);
#4183 = DIRECTION('',(0.,0.,1.));
#4184 = PCURVE('',#3643,#4185);
#4185 = DEFINITIONAL_REPRESENTATION('',(#4186),#4190);
#4186 = LINE('',#4187,#4188);
#4187 = CARTESIAN_POINT('',(3.,-2.));
#4188 = VECTOR('',#4189,1.);
#4189 = DIRECTION('',(0.,1.));
#4190 = ( GEOMETRIC_REPRESENTATION_CONTEXT(2) 
PARAMETRIC_REPRESENTATION_CONTEXT() REPRESENTATION_CONTEXT('2D SPACE',''
  ) );
#4191 = PCURVE('',#4159,#4192);
#4192 = DEFINITIONAL_REPRESENTATION('',(#4193),#4197);
#4193 = LINE('',#4194,#4195);
#4194 = CARTESIAN_POINT('',(0.,0.));
#4195 = VECTOR('',#4196,1.);
#4196 = DIRECTION('',(0.,1.));
#4197 = ( GEOMETRIC_REPRESENTATION_CONTEXT(2) 
PARAMETRIC_REPRESENTATION_CONTEXT() REPRESENTATION_CONTEXT('2D SPACE',''
  ) );
#4198 = ORIENTED_EDGE('',*,*,#4199,.T.);
#4199 = EDGE_CURVE('',#4177,#3629,#4200,.T.);
#4200 = SURFACE_CURVE('',#4201,(#4205,#4212),.PCURVE_S1.);
#4201 = LINE('',#4202,#4203);
#4202 = CARTESIAN_POINT('',(-4.341204441673,24.620193825305,108.2));
#4203 = VECTOR('',#4204,1.);
#4204 = DIRECTION('',(0.173648177667,-0.984807753012,0.));
#4205 = PCURVE('',#3643,#4206);
#4206 = DEFINITIONAL_REPRESENTATION('',(#4207),#4211);
#4207 = LINE('',#4208,#4209);
#4208 = CARTESIAN_POINT('',(3.,2.));
#4209 = VECTOR('',#4210,1.);
#4210 = DIRECTION('',(-1.,0.));
#4211 = ( GEOMETRIC_REPRESENTATION_CONTEXT(2) 
PARAMETRIC_REPRESENTATION_CONTEXT() REPRESENTATION_CONTEXT('2D SPACE',''
  ) );
#4212 = PCURVE('',#3671,#4213);
#4213 = DEFINITIONAL_REPRESENTATION('',(#4214),#4218);
#4214 = LINE('',#4215,#4216);
#4215 = CARTESIAN_POINT('',(25.,0.));
#4216 = VECTOR('',#4217,1.);
#4217 = DIRECTION('',(-1.,0.));
#4218 = ( GEOMETRIC_REPRESENTATION_CONTEXT(2) 
PARAMETRIC_REPRESENTATION_CONTEXT() REPRESENTATION_CONTEXT('2D SPACE',''
  ) );
#4219 = ADVANCED_FACE('',(#4220),#3696,.F.);
#4220 = FACE_BOUND('',#4221,.F.);
#4221 = EDGE_LOOP('',(#4222,#4223,#4224,#4247));
#4222 = ORIENTED_EDGE('',*,*,#3683,.F.);
#4223 = ORIENTED_EDGE('',*,*,#4121,.T.);
#4224 = ORIENTED_EDGE('',*,*,#4225,.T.);
#4225 = EDGE_CURVE('',#4122,#4226,#4228,.T.);
#4226 = VERTEX_POINT('',#4227);
#4227 = CARTESIAN_POINT('',(-19.15111107797,16.069690242163,108.2));
#4228 = SURFACE_CURVE('',#4229,(#4233,#4240),.PCURVE_S1.);
#4229 = LINE('',#4230,#4231);
#4230 = CARTESIAN_POINT('',(-19.15111107797,16.069690242163,104.2));
#4231 = VECTOR('',#4232,1.);
#4232 = DIRECTION('',(0.,0.,1.));
#4233 = PCURVE('',#3696,#4234);
#4234 = DEFINITIONAL_REPRESENTATION('',(#4235),#4239);
#4235 = LINE('',#4236,#4237);
#4236 = CARTESIAN_POINT('',(3.,-2.));
#4237 = VECTOR('',#4238,1.);
#4238 = DIRECTION('',(0.,1.));
#4239 = ( GEOMETRIC_REPRESENTATION_CONTEXT(2) 
PARAMETRIC_REPRESENTATION_CONTEXT() REPRESENTATION_CONTEXT('2D SPACE',''
  ) );
#4240 = PCURVE('',#4159,#4241);
#4241 = DEFINITIONAL_REPRESENTATION('',(#4242),#4246);
#4242 = LINE('',#4243,#4244);
#4243 = CARTESIAN_POINT('',(0.698131700798,0.));
#4244 = VECTOR('',#4245,1.);
#4245 = DIRECTION('',(0.,1.));
#4246 = ( GEOMETRIC_REPRESENTATION_CONTEXT(2) 
PARAMETRIC_REPRESENTATION_CONTEXT() REPRESENTATION_CONTEXT('2D SPACE',''
  ) );
#4247 = ORIENTED_EDGE('',*,*,#4248,.T.);
#4248 = EDGE_CURVE('',#4226,#3655,#4249,.T.);
#4249 = SURFACE_CURVE('',#4250,(#4254,#4261),.PCURVE_S1.);
#4250 = LINE('',#4251,#4252);
#4251 = CARTESIAN_POINT('',(-19.15111107797,16.069690242163,108.2));
#4252 = VECTOR('',#4253,1.);
#4253 = DIRECTION('',(0.766044443119,-0.642787609687,0.));
#4254 = PCURVE('',#3696,#4255);
#4255 = DEFINITIONAL_REPRESENTATION('',(#4256),#4260);
#4256 = LINE('',#4257,#4258);
#4257 = CARTESIAN_POINT('',(3.,2.));
#4258 = VECTOR('',#4259,1.);
#4259 = DIRECTION('',(-1.,0.));
#4260 = ( GEOMETRIC_REPRESENTATION_CONTEXT(2) 
PARAMETRIC_REPRESENTATION_CONTEXT() REPRESENTATION_CONTEXT('2D SPACE',''
  ) );
#4261 = PCURVE('',#3671,#4262);
#4262 = DEFINITIONAL_REPRESENTATION('',(#4263),#4267);
#4263 = LINE('',#4264,#4265);
#4264 = CARTESIAN_POINT('',(19.151111077974,16.069690242163));
#4265 = VECTOR('',#4266,1.);
#4266 = DIRECTION('',(-0.766044443119,-0.642787609687));
#4267 = ( GEOMETRIC_REPRESENTATION_CONTEXT(2) 
PARAMETRIC_REPRESENTATION_CONTEXT() REPRESENTATION_CONTEXT('2D SPACE',''
  ) );
#4268 = ADVANCED_FACE('',(#4269),#3671,.T.);
#4269 = FACE_BOUND('',#4270,.T.);
#4270 = EDGE_LOOP('',(#4271,#4272,#4294,#4295));
#4271 = ORIENTED_EDGE('',*,*,#4199,.F.);
#4272 = ORIENTED_EDGE('',*,*,#4273,.T.);
#4273 = EDGE_CURVE('',#4177,#4226,#4274,.T.);
#4274 = SURFACE_CURVE('',#4275,(#4280,#4287),.PCURVE_S1.);
#4275 = CIRCLE('',#4276,25.);
#4276 = AXIS2_PLACEMENT_3D('',#4277,#4278,#4279);
#4277 = CARTESIAN_POINT('',(0.,0.,108.2));
#4278 = DIRECTION('',(0.,0.,1.));
#4279 = DIRECTION('',(-0.173648177667,0.984807753012,0.));
#4280 = PCURVE('',#3671,#4281);
#4281 = DEFINITIONAL_REPRESENTATION('',(#4282),#4286);
#4282 = CIRCLE('',#4283,25.);
#4283 = AXIS2_PLACEMENT_2D('',#4284,#4285);
#4284 = CARTESIAN_POINT('',(0.,0.));
#4285 = DIRECTION('',(1.,0.));
#4286 = ( GEOMETRIC_REPRESENTATION_CONTEXT(2) 
PARAMETRIC_REPRESENTATION_CONTEXT() REPRESENTATION_CONTEXT('2D SPACE',''
  ) );
#4287 = PCURVE('',#4159,#4288);
#4288 = DEFINITIONAL_REPRESENTATION('',(#4289),#4293);
#4289 = LINE('',#4290,#4291);
#4290 = CARTESIAN_POINT('',(0.,4.));
#4291 = VECTOR('',#4292,1.);
#4292 = DIRECTION('',(1.,0.));
#4293 = ( GEOMETRIC_REPRESENTATION_CONTEXT(2) 
PARAMETRIC_REPRESENTATION_CONTEXT() REPRESENTATION_CONTEXT('2D SPACE',''
  ) );
#4294 = ORIENTED_EDGE('',*,*,#4248,.T.);
#4295 = ORIENTED_EDGE('',*,*,#3654,.F.);
#4296 = ADVANCED_FACE('',(#4297),#3728,.F.);
#4297 = FACE_BOUND('',#4298,.T.);
#4298 = EDGE_LOOP('',(#4299,#4322,#4323,#4346));
#4299 = ORIENTED_EDGE('',*,*,#4300,.F.);
#4300 = EDGE_CURVE('',#3710,#4301,#4303,.T.);
#4301 = VERTEX_POINT('',#4302);
#4302 = CARTESIAN_POINT('',(-19.15111107797,-16.06969024216,104.2));
#4303 = SURFACE_CURVE('',#4304,(#4308,#4315),.PCURVE_S1.);
#4304 = LINE('',#4305,#4306);
#4305 = CARTESIAN_POINT('',(-14.55484441926,-12.21296458404,104.2));
#4306 = VECTOR('',#4307,1.);
#4307 = DIRECTION('',(-0.766044443119,-0.642787609687,0.));
#4308 = PCURVE('',#3728,#4309);
#4309 = DEFINITIONAL_REPRESENTATION('',(#4310),#4314);
#4310 = LINE('',#4311,#4312);
#4311 = CARTESIAN_POINT('',(19.,-0.));
#4312 = VECTOR('',#4313,1.);
#4313 = DIRECTION('',(1.,-0.));
#4314 = ( GEOMETRIC_REPRESENTATION_CONTEXT(2) 
PARAMETRIC_REPRESENTATION_CONTEXT() REPRESENTATION_CONTEXT('2D SPACE',''
  ) );
#4315 = PCURVE('',#3755,#4316);
#4316 = DEFINITIONAL_REPRESENTATION('',(#4317),#4321);
#4317 = LINE('',#4318,#4319);
#4318 = CARTESIAN_POINT('',(-3.,-2.));
#4319 = VECTOR('',#4320,1.);
#4320 = DIRECTION('',(1.,0.));
#4321 = ( GEOMETRIC_REPRESENTATION_CONTEXT(2) 
PARAMETRIC_REPRESENTATION_CONTEXT() REPRESENTATION_CONTEXT('2D SPACE',''
  ) );
#4322 = ORIENTED_EDGE('',*,*,#3709,.T.);
#4323 = ORIENTED_EDGE('',*,*,#4324,.T.);
#4324 = EDGE_CURVE('',#3712,#4325,#4327,.T.);
#4325 = VERTEX_POINT('',#4326);
#4326 = CARTESIAN_POINT('',(-4.341204441673,-24.6201938253,104.2));
#4327 = SURFACE_CURVE('',#4328,(#4332,#4339),.PCURVE_S1.);
#4328 = LINE('',#4329,#4330);
#4329 = CARTESIAN_POINT('',(-3.299315375672,-18.71134730723,104.2));
#4330 = VECTOR('',#4331,1.);
#4331 = DIRECTION('',(-0.173648177667,-0.984807753012,0.));
#4332 = PCURVE('',#3728,#4333);
#4333 = DEFINITIONAL_REPRESENTATION('',(#4334),#4338);
#4334 = LINE('',#4335,#4336);
#4335 = CARTESIAN_POINT('',(14.554844419261,12.212964584044));
#4336 = VECTOR('',#4337,1.);
#4337 = DIRECTION('',(0.766044443119,0.642787609687));
#4338 = ( GEOMETRIC_REPRESENTATION_CONTEXT(2) 
PARAMETRIC_REPRESENTATION_CONTEXT() REPRESENTATION_CONTEXT('2D SPACE',''
  ) );
#4339 = PCURVE('',#3808,#4340);
#4340 = DEFINITIONAL_REPRESENTATION('',(#4341),#4345);
#4341 = LINE('',#4342,#4343);
#4342 = CARTESIAN_POINT('',(-3.,-2.));
#4343 = VECTOR('',#4344,1.);
#4344 = DIRECTION('',(1.,0.));
#4345 = ( GEOMETRIC_REPRESENTATION_CONTEXT(2) 
PARAMETRIC_REPRESENTATION_CONTEXT() REPRESENTATION_CONTEXT('2D SPACE',''
  ) );
#4346 = ORIENTED_EDGE('',*,*,#4347,.F.);
#4347 = EDGE_CURVE('',#4301,#4325,#4348,.T.);
#4348 = SURFACE_CURVE('',#4349,(#4354,#4361),.PCURVE_S1.);
#4349 = CIRCLE('',#4350,25.);
#4350 = AXIS2_PLACEMENT_3D('',#4351,#4352,#4353);
#4351 = CARTESIAN_POINT('',(0.,0.,104.2));
#4352 = DIRECTION('',(0.,0.,1.));
#4353 = DIRECTION('',(-0.766044443119,-0.642787609687,0.));
#4354 = PCURVE('',#3728,#4355);
#4355 = DEFINITIONAL_REPRESENTATION('',(#4356),#4360);
#4356 = CIRCLE('',#4357,25.);
#4357 = AXIS2_PLACEMENT_2D('',#4358,#4359);
#4358 = CARTESIAN_POINT('',(0.,0.));
#4359 = DIRECTION('',(1.,-0.));
#4360 = ( GEOMETRIC_REPRESENTATION_CONTEXT(2) 
PARAMETRIC_REPRESENTATION_CONTEXT() REPRESENTATION_CONTEXT('2D SPACE',''
  ) );
#4361 = PCURVE('',#4362,#4367);
#4362 = CYLINDRICAL_SURFACE('',#4363,25.);
#4363 = AXIS2_PLACEMENT_3D('',#4364,#4365,#4366);
#4364 = CARTESIAN_POINT('',(0.,0.,104.2));
#4365 = DIRECTION('',(0.,0.,1.));
#4366 = DIRECTION('',(-0.766044443119,-0.642787609687,0.));
#4367 = DEFINITIONAL_REPRESENTATION('',(#4368),#4372);
#4368 = LINE('',#4369,#4370);
#4369 = CARTESIAN_POINT('',(0.,0.));
#4370 = VECTOR('',#4371,1.);
#4371 = DIRECTION('',(1.,0.));
#4372 = ( GEOMETRIC_REPRESENTATION_CONTEXT(2) 
PARAMETRIC_REPRESENTATION_CONTEXT() REPRESENTATION_CONTEXT('2D SPACE',''
  ) );
#4373 = ADVANCED_FACE('',(#4374),#3808,.F.);
#4374 = FACE_BOUND('',#4375,.F.);
#4375 = EDGE_LOOP('',(#4376,#4377,#4378,#4401));
#4376 = ORIENTED_EDGE('',*,*,#3795,.F.);
#4377 = ORIENTED_EDGE('',*,*,#4324,.T.);
#4378 = ORIENTED_EDGE('',*,*,#4379,.T.);
#4379 = EDGE_CURVE('',#4325,#4380,#4382,.T.);
#4380 = VERTEX_POINT('',#4381);
#4381 = CARTESIAN_POINT('',(-4.341204441673,-24.6201938253,108.2));
#4382 = SURFACE_CURVE('',#4383,(#4387,#4394),.PCURVE_S1.);
#4383 = LINE('',#4384,#4385);
#4384 = CARTESIAN_POINT('',(-4.341204441673,-24.6201938253,104.2));
#4385 = VECTOR('',#4386,1.);
#4386 = DIRECTION('',(0.,0.,1.));
#4387 = PCURVE('',#3808,#4388);
#4388 = DEFINITIONAL_REPRESENTATION('',(#4389),#4393);
#4389 = LINE('',#4390,#4391);
#4390 = CARTESIAN_POINT('',(3.,-2.));
#4391 = VECTOR('',#4392,1.);
#4392 = DIRECTION('',(0.,1.));
#4393 = ( GEOMETRIC_REPRESENTATION_CONTEXT(2) 
PARAMETRIC_REPRESENTATION_CONTEXT() REPRESENTATION_CONTEXT('2D SPACE',''
  ) );
#4394 = PCURVE('',#4362,#4395);
#4395 = DEFINITIONAL_REPRESENTATION('',(#4396),#4400);
#4396 = LINE('',#4397,#4398);
#4397 = CARTESIAN_POINT('',(0.698131700798,0.));
#4398 = VECTOR('',#4399,1.);
#4399 = DIRECTION('',(0.,1.));
#4400 = ( GEOMETRIC_REPRESENTATION_CONTEXT(2) 
PARAMETRIC_REPRESENTATION_CONTEXT() REPRESENTATION_CONTEXT('2D SPACE',''
  ) );
#4401 = ORIENTED_EDGE('',*,*,#4402,.T.);
#4402 = EDGE_CURVE('',#4380,#3767,#4403,.T.);
#4403 = SURFACE_CURVE('',#4404,(#4408,#4415),.PCURVE_S1.);
#4404 = LINE('',#4405,#4406);
#4405 = CARTESIAN_POINT('',(-4.341204441673,-24.6201938253,108.2));
#4406 = VECTOR('',#4407,1.);
#4407 = DIRECTION('',(0.173648177667,0.984807753012,0.));
#4408 = PCURVE('',#3808,#4409);
#4409 = DEFINITIONAL_REPRESENTATION('',(#4410),#4414);
#4410 = LINE('',#4411,#4412);
#4411 = CARTESIAN_POINT('',(3.,2.));
#4412 = VECTOR('',#4413,1.);
#4413 = DIRECTION('',(-1.,0.));
#4414 = ( GEOMETRIC_REPRESENTATION_CONTEXT(2) 
PARAMETRIC_REPRESENTATION_CONTEXT() REPRESENTATION_CONTEXT('2D SPACE',''
  ) );
#4415 = PCURVE('',#3783,#4416);
#4416 = DEFINITIONAL_REPRESENTATION('',(#4417),#4421);
#4417 = LINE('',#4418,#4419);
#4418 = CARTESIAN_POINT('',(19.151111077974,16.069690242163));
#4419 = VECTOR('',#4420,1.);
#4420 = DIRECTION('',(-0.766044443119,-0.642787609687));
#4421 = ( GEOMETRIC_REPRESENTATION_CONTEXT(2) 
PARAMETRIC_REPRESENTATION_CONTEXT() REPRESENTATION_CONTEXT('2D SPACE',''
  ) );
#4422 = ADVANCED_FACE('',(#4423),#3783,.T.);
#4423 = FACE_BOUND('',#4424,.T.);
#4424 = EDGE_LOOP('',(#4425,#4448,#4470,#4471));
#4425 = ORIENTED_EDGE('',*,*,#4426,.F.);
#4426 = EDGE_CURVE('',#4427,#3741,#4429,.T.);
#4427 = VERTEX_POINT('',#4428);
#4428 = CARTESIAN_POINT('',(-19.15111107797,-16.06969024216,108.2));
#4429 = SURFACE_CURVE('',#4430,(#4434,#4441),.PCURVE_S1.);
#4430 = LINE('',#4431,#4432);
#4431 = CARTESIAN_POINT('',(-19.15111107797,-16.06969024216,108.2));
#4432 = VECTOR('',#4433,1.);
#4433 = DIRECTION('',(0.766044443119,0.642787609687,0.));
#4434 = PCURVE('',#3783,#4435);
#4435 = DEFINITIONAL_REPRESENTATION('',(#4436),#4440);
#4436 = LINE('',#4437,#4438);
#4437 = CARTESIAN_POINT('',(25.,0.));
#4438 = VECTOR('',#4439,1.);
#4439 = DIRECTION('',(-1.,0.));
#4440 = ( GEOMETRIC_REPRESENTATION_CONTEXT(2) 
PARAMETRIC_REPRESENTATION_CONTEXT() REPRESENTATION_CONTEXT('2D SPACE',''
  ) );
#4441 = PCURVE('',#3755,#4442);
#4442 = DEFINITIONAL_REPRESENTATION('',(#4443),#4447);
#4443 = LINE('',#4444,#4445);
#4444 = CARTESIAN_POINT('',(3.,2.));
#4445 = VECTOR('',#4446,1.);
#4446 = DIRECTION('',(-1.,0.));
#4447 = ( GEOMETRIC_REPRESENTATION_CONTEXT(2) 
PARAMETRIC_REPRESENTATION_CONTEXT() REPRESENTATION_CONTEXT('2D SPACE',''
  ) );
#4448 = ORIENTED_EDGE('',*,*,#4449,.T.);
#4449 = EDGE_CURVE('',#4427,#4380,#4450,.T.);
#4450 = SURFACE_CURVE('',#4451,(#4456,#4463),.PCURVE_S1.);
#4451 = CIRCLE('',#4452,25.);
#4452 = AXIS2_PLACEMENT_3D('',#4453,#4454,#4455);
#4453 = CARTESIAN_POINT('',(0.,0.,108.2));
#4454 = DIRECTION('',(0.,0.,1.));
#4455 = DIRECTION('',(-0.766044443119,-0.642787609687,0.));
#4456 = PCURVE('',#3783,#4457);
#4457 = DEFINITIONAL_REPRESENTATION('',(#4458),#4462);
#4458 = CIRCLE('',#4459,25.);
#4459 = AXIS2_PLACEMENT_2D('',#4460,#4461);
#4460 = CARTESIAN_POINT('',(0.,0.));
#4461 = DIRECTION('',(1.,0.));
#4462 = ( GEOMETRIC_REPRESENTATION_CONTEXT(2) 
PARAMETRIC_REPRESENTATION_CONTEXT() REPRESENTATION_CONTEXT('2D SPACE',''
  ) );
#4463 = PCURVE('',#4362,#4464);
#4464 = DEFINITIONAL_REPRESENTATION('',(#4465),#4469);
#4465 = LINE('',#4466,#4467);
#4466 = CARTESIAN_POINT('',(0.,4.));
#4467 = VECTOR('',#4468,1.);
#4468 = DIRECTION('',(1.,0.));
#4469 = ( GEOMETRIC_REPRESENTATION_CONTEXT(2) 
PARAMETRIC_REPRESENTATION_CONTEXT() REPRESENTATION_CONTEXT('2D SPACE',''
  ) );
#4470 = ORIENTED_EDGE('',*,*,#4402,.T.);
#4471 = ORIENTED_EDGE('',*,*,#3766,.F.);
#4472 = ADVANCED_FACE('',(#4473),#3755,.T.);
#4473 = FACE_BOUND('',#4474,.T.);
#4474 = EDGE_LOOP('',(#4475,#4476,#4477,#4498));
#4475 = ORIENTED_EDGE('',*,*,#3740,.F.);
#4476 = ORIENTED_EDGE('',*,*,#4300,.T.);
#4477 = ORIENTED_EDGE('',*,*,#4478,.T.);
#4478 = EDGE_CURVE('',#4301,#4427,#4479,.T.);
#4479 = SURFACE_CURVE('',#4480,(#4484,#4491),.PCURVE_S1.);
#4480 = LINE('',#4481,#4482);
#4481 = CARTESIAN_POINT('',(-19.15111107797,-16.06969024216,104.2));
#4482 = VECTOR('',#4483,1.);
#4483 = DIRECTION('',(0.,0.,1.));
#4484 = PCURVE('',#3755,#4485);
#4485 = DEFINITIONAL_REPRESENTATION('',(#4486),#4490);
#4486 = LINE('',#4487,#4488);
#4487 = CARTESIAN_POINT('',(3.,-2.));
#4488 = VECTOR('',#4489,1.);
#4489 = DIRECTION('',(0.,1.));
#4490 = ( GEOMETRIC_REPRESENTATION_CONTEXT(2) 
PARAMETRIC_REPRESENTATION_CONTEXT() REPRESENTATION_CONTEXT('2D SPACE',''
  ) );
#4491 = PCURVE('',#4362,#4492);
#4492 = DEFINITIONAL_REPRESENTATION('',(#4493),#4497);
#4493 = LINE('',#4494,#4495);
#4494 = CARTESIAN_POINT('',(0.,0.));
#4495 = VECTOR('',#4496,1.);
#4496 = DIRECTION('',(0.,1.));
#4497 = ( GEOMETRIC_REPRESENTATION_CONTEXT(2) 
PARAMETRIC_REPRESENTATION_CONTEXT() REPRESENTATION_CONTEXT('2D SPACE',''
  ) );
#4498 = ORIENTED_EDGE('',*,*,#4426,.T.);
#4499 = ADVANCED_FACE('',(#4500),#3842,.F.);
#4500 = FACE_BOUND('',#4501,.F.);
#4501 = EDGE_LOOP('',(#4502,#4503,#4526,#4553));
#4502 = ORIENTED_EDGE('',*,*,#3825,.F.);
#4503 = ORIENTED_EDGE('',*,*,#4504,.F.);
#4504 = EDGE_CURVE('',#4505,#3826,#4507,.T.);
#4505 = VERTEX_POINT('',#4506);
#4506 = CARTESIAN_POINT('',(6.5,-1.592040838892E-15,91.7));
#4507 = SEAM_CURVE('',#4508,(#4512,#4519),.PCURVE_S1.);
#4508 = LINE('',#4509,#4510);
#4509 = CARTESIAN_POINT('',(6.5,-1.592040838892E-15,91.7));
#4510 = VECTOR('',#4511,1.);
#4511 = DIRECTION('',(0.63473942336,-1.554663206221E-16,0.772726254525)
  );
#4512 = PCURVE('',#3842,#4513);
#4513 = DEFINITIONAL_REPRESENTATION('',(#4514),#4518);
#4514 = LINE('',#4515,#4516);
#4515 = CARTESIAN_POINT('',(6.28318530718,-0.));
#4516 = VECTOR('',#4517,1.);
#4517 = DIRECTION('',(0.,1.));
#4518 = ( GEOMETRIC_REPRESENTATION_CONTEXT(2) 
PARAMETRIC_REPRESENTATION_CONTEXT() REPRESENTATION_CONTEXT('2D SPACE',''
  ) );
#4519 = PCURVE('',#3842,#4520);
#4520 = DEFINITIONAL_REPRESENTATION('',(#4521),#4525);
#4521 = LINE('',#4522,#4523);
#4522 = CARTESIAN_POINT('',(0.,-0.));
#4523 = VECTOR('',#4524,1.);
#4524 = DIRECTION('',(0.,1.));
#4525 = ( GEOMETRIC_REPRESENTATION_CONTEXT(2) 
PARAMETRIC_REPRESENTATION_CONTEXT() REPRESENTATION_CONTEXT('2D SPACE',''
  ) );
#4526 = ORIENTED_EDGE('',*,*,#4527,.T.);
#4527 = EDGE_CURVE('',#4505,#4505,#4528,.T.);
#4528 = SURFACE_CURVE('',#4529,(#4534,#4541),.PCURVE_S1.);
#4529 = CIRCLE('',#4530,6.5);
#4530 = AXIS2_PLACEMENT_3D('',#4531,#4532,#4533);
#4531 = CARTESIAN_POINT('',(0.,0.,91.7));
#4532 = DIRECTION('',(0.,0.,1.));
#4533 = DIRECTION('',(1.,0.,-0.));
#4534 = PCURVE('',#3842,#4535);
#4535 = DEFINITIONAL_REPRESENTATION('',(#4536),#4540);
#4536 = LINE('',#4537,#4538);
#4537 = CARTESIAN_POINT('',(0.,0.));
#4538 = VECTOR('',#4539,1.);
#4539 = DIRECTION('',(1.,0.));
#4540 = ( GEOMETRIC_REPRESENTATION_CONTEXT(2) 
PARAMETRIC_REPRESENTATION_CONTEXT() REPRESENTATION_CONTEXT('2D SPACE',''
  ) );
#4541 = PCURVE('',#4542,#4547);
#4542 = PLANE('',#4543);
#4543 = AXIS2_PLACEMENT_3D('',#4544,#4545,#4546);
#4544 = CARTESIAN_POINT('',(-25.5,-9.65,91.7));
#4545 = DIRECTION('',(0.,0.,1.));
#4546 = DIRECTION('',(1.,0.,-0.));
#4547 = DEFINITIONAL_REPRESENTATION('',(#4548),#4552);
#4548 = CIRCLE('',#4549,6.5);
#4549 = AXIS2_PLACEMENT_2D('',#4550,#4551);
#4550 = CARTESIAN_POINT('',(25.5,9.65));
#4551 = DIRECTION('',(1.,0.));
#4552 = ( GEOMETRIC_REPRESENTATION_CONTEXT(2) 
PARAMETRIC_REPRESENTATION_CONTEXT() REPRESENTATION_CONTEXT('2D SPACE',''
  ) );
#4553 = ORIENTED_EDGE('',*,*,#4504,.T.);
#4554 = ADVANCED_FACE('',(#4555),#3897,.T.);
#4555 = FACE_BOUND('',#4556,.T.);
#4556 = EDGE_LOOP('',(#4557,#4558,#4559,#4560));
#4557 = ORIENTED_EDGE('',*,*,#3959,.T.);
#4558 = ORIENTED_EDGE('',*,*,#4021,.T.);
#4559 = ORIENTED_EDGE('',*,*,#4069,.F.);
#4560 = ORIENTED_EDGE('',*,*,#3881,.F.);
#4561 = ADVANCED_FACE('',(#4562),#4001,.T.);
#4562 = FACE_BOUND('',#4563,.T.);
#4563 = EDGE_LOOP('',(#4564,#4565,#4588,#4615));
#4564 = ORIENTED_EDGE('',*,*,#3984,.F.);
#4565 = ORIENTED_EDGE('',*,*,#4566,.F.);
#4566 = EDGE_CURVE('',#4567,#3985,#4569,.T.);
#4567 = VERTEX_POINT('',#4568);
#4568 = CARTESIAN_POINT('',(31.75,-7.776507174586E-15,88.7));
#4569 = SEAM_CURVE('',#4570,(#4574,#4581),.PCURVE_S1.);
#4570 = LINE('',#4571,#4572);
#4571 = CARTESIAN_POINT('',(31.75,-7.776507174586E-15,88.7));
#4572 = VECTOR('',#4573,1.);
#4573 = DIRECTION('',(0.,0.,1.));
#4574 = PCURVE('',#4001,#4575);
#4575 = DEFINITIONAL_REPRESENTATION('',(#4576),#4580);
#4576 = LINE('',#4577,#4578);
#4577 = CARTESIAN_POINT('',(6.28318530718,-0.));
#4578 = VECTOR('',#4579,1.);
#4579 = DIRECTION('',(0.,1.));
#4580 = ( GEOMETRIC_REPRESENTATION_CONTEXT(2) 
PARAMETRIC_REPRESENTATION_CONTEXT() REPRESENTATION_CONTEXT('2D SPACE',''
  ) );
#4581 = PCURVE('',#4001,#4582);
#4582 = DEFINITIONAL_REPRESENTATION('',(#4583),#4587);
#4583 = LINE('',#4584,#4585);
#4584 = CARTESIAN_POINT('',(0.,-0.));
#4585 = VECTOR('',#4586,1.);
#4586 = DIRECTION('',(0.,1.));
#4587 = ( GEOMETRIC_REPRESENTATION_CONTEXT(2) 
PARAMETRIC_REPRESENTATION_CONTEXT() REPRESENTATION_CONTEXT('2D SPACE',''
  ) );
#4588 = ORIENTED_EDGE('',*,*,#4589,.T.);
#4589 = EDGE_CURVE('',#4567,#4567,#4590,.T.);
#4590 = SURFACE_CURVE('',#4591,(#4596,#4603),.PCURVE_S1.);
#4591 = CIRCLE('',#4592,31.75);
#4592 = AXIS2_PLACEMENT_3D('',#4593,#4594,#4595);
#4593 = CARTESIAN_POINT('',(0.,0.,88.7));
#4594 = DIRECTION('',(0.,0.,1.));
#4595 = DIRECTION('',(1.,0.,-0.));
#4596 = PCURVE('',#4001,#4597);
#4597 = DEFINITIONAL_REPRESENTATION('',(#4598),#4602);
#4598 = LINE('',#4599,#4600);
#4599 = CARTESIAN_POINT('',(0.,0.));
#4600 = VECTOR('',#4601,1.);
#4601 = DIRECTION('',(1.,0.));
#4602 = ( GEOMETRIC_REPRESENTATION_CONTEXT(2) 
PARAMETRIC_REPRESENTATION_CONTEXT() REPRESENTATION_CONTEXT('2D SPACE',''
  ) );
#4603 = PCURVE('',#4604,#4609);
#4604 = PLANE('',#4605);
#4605 = AXIS2_PLACEMENT_3D('',#4606,#4607,#4608);
#4606 = CARTESIAN_POINT('',(0.,0.,88.7));
#4607 = DIRECTION('',(0.,0.,1.));
#4608 = DIRECTION('',(1.,0.,-0.));
#4609 = DEFINITIONAL_REPRESENTATION('',(#4610),#4614);
#4610 = CIRCLE('',#4611,31.75);
#4611 = AXIS2_PLACEMENT_2D('',#4612,#4613);
#4612 = CARTESIAN_POINT('',(0.,0.));
#4613 = DIRECTION('',(1.,0.));
#4614 = ( GEOMETRIC_REPRESENTATION_CONTEXT(2) 
PARAMETRIC_REPRESENTATION_CONTEXT() REPRESENTATION_CONTEXT('2D SPACE',''
  ) );
#4615 = ORIENTED_EDGE('',*,*,#4566,.T.);
#4616 = ADVANCED_FACE('',(#4617),#4159,.T.);
#4617 = FACE_BOUND('',#4618,.T.);
#4618 = EDGE_LOOP('',(#4619,#4620,#4621,#4622));
#4619 = ORIENTED_EDGE('',*,*,#4144,.T.);
#4620 = ORIENTED_EDGE('',*,*,#4225,.T.);
#4621 = ORIENTED_EDGE('',*,*,#4273,.F.);
#4622 = ORIENTED_EDGE('',*,*,#4176,.F.);
#4623 = ADVANCED_FACE('',(#4624),#4362,.T.);
#4624 = FACE_BOUND('',#4625,.T.);
#4625 = EDGE_LOOP('',(#4626,#4627,#4628,#4629));
#4626 = ORIENTED_EDGE('',*,*,#4347,.T.);
#4627 = ORIENTED_EDGE('',*,*,#4379,.T.);
#4628 = ORIENTED_EDGE('',*,*,#4449,.F.);
#4629 = ORIENTED_EDGE('',*,*,#4478,.F.);
#4630 = ADVANCED_FACE('',(#4631,#4745),#4542,.F.);
#4631 = FACE_BOUND('',#4632,.F.);
#4632 = EDGE_LOOP('',(#4633,#4663,#4691,#4719));
#4633 = ORIENTED_EDGE('',*,*,#4634,.F.);
#4634 = EDGE_CURVE('',#4635,#4637,#4639,.T.);
#4635 = VERTEX_POINT('',#4636);
#4636 = CARTESIAN_POINT('',(-25.5,-9.65,91.7));
#4637 = VERTEX_POINT('',#4638);
#4638 = CARTESIAN_POINT('',(-25.5,9.65,91.7));
#4639 = SURFACE_CURVE('',#4640,(#4644,#4651),.PCURVE_S1.);
#4640 = LINE('',#4641,#4642);
#4641 = CARTESIAN_POINT('',(-25.5,-9.65,91.7));
#4642 = VECTOR('',#4643,1.);
#4643 = DIRECTION('',(-0.,1.,0.));
#4644 = PCURVE('',#4542,#4645);
#4645 = DEFINITIONAL_REPRESENTATION('',(#4646),#4650);
#4646 = LINE('',#4647,#4648);
#4647 = CARTESIAN_POINT('',(0.,0.));
#4648 = VECTOR('',#4649,1.);
#4649 = DIRECTION('',(0.,1.));
#4650 = ( GEOMETRIC_REPRESENTATION_CONTEXT(2) 
PARAMETRIC_REPRESENTATION_CONTEXT() REPRESENTATION_CONTEXT('2D SPACE',''
  ) );
#4651 = PCURVE('',#4652,#4657);
#4652 = PLANE('',#4653);
#4653 = AXIS2_PLACEMENT_3D('',#4654,#4655,#4656);
#4654 = CARTESIAN_POINT('',(-25.5,-9.65,88.69));
#4655 = DIRECTION('',(1.,0.,-0.));
#4656 = DIRECTION('',(0.,0.,1.));
#4657 = DEFINITIONAL_REPRESENTATION('',(#4658),#4662);
#4658 = LINE('',#4659,#4660);
#4659 = CARTESIAN_POINT('',(3.01,0.));
#4660 = VECTOR('',#4661,1.);
#4661 = DIRECTION('',(0.,-1.));
#4662 = ( GEOMETRIC_REPRESENTATION_CONTEXT(2) 
PARAMETRIC_REPRESENTATION_CONTEXT() REPRESENTATION_CONTEXT('2D SPACE',''
  ) );
#4663 = ORIENTED_EDGE('',*,*,#4664,.T.);
#4664 = EDGE_CURVE('',#4635,#4665,#4667,.T.);
#4665 = VERTEX_POINT('',#4666);
#4666 = CARTESIAN_POINT('',(25.5,-9.65,91.7));
#4667 = SURFACE_CURVE('',#4668,(#4672,#4679),.PCURVE_S1.);
#4668 = LINE('',#4669,#4670);
#4669 = CARTESIAN_POINT('',(-25.5,-9.65,91.7));
#4670 = VECTOR('',#4671,1.);
#4671 = DIRECTION('',(1.,0.,-0.));
#4672 = PCURVE('',#4542,#4673);
#4673 = DEFINITIONAL_REPRESENTATION('',(#4674),#4678);
#4674 = LINE('',#4675,#4676);
#4675 = CARTESIAN_POINT('',(0.,0.));
#4676 = VECTOR('',#4677,1.);
#4677 = DIRECTION('',(1.,0.));
#4678 = ( GEOMETRIC_REPRESENTATION_CONTEXT(2) 
PARAMETRIC_REPRESENTATION_CONTEXT() REPRESENTATION_CONTEXT('2D SPACE',''
  ) );
#4679 = PCURVE('',#4680,#4685);
#4680 = PLANE('',#4681);
#4681 = AXIS2_PLACEMENT_3D('',#4682,#4683,#4684);
#4682 = CARTESIAN_POINT('',(-25.5,-9.65,88.69));
#4683 = DIRECTION('',(-0.,1.,0.));
#4684 = DIRECTION('',(0.,0.,1.));
#4685 = DEFINITIONAL_REPRESENTATION('',(#4686),#4690);
#4686 = LINE('',#4687,#4688);
#4687 = CARTESIAN_POINT('',(3.01,0.));
#4688 = VECTOR('',#4689,1.);
#4689 = DIRECTION('',(0.,1.));
#4690 = ( GEOMETRIC_REPRESENTATION_CONTEXT(2) 
PARAMETRIC_REPRESENTATION_CONTEXT() REPRESENTATION_CONTEXT('2D SPACE',''
  ) );
#4691 = ORIENTED_EDGE('',*,*,#4692,.T.);
#4692 = EDGE_CURVE('',#4665,#4693,#4695,.T.);
#4693 = VERTEX_POINT('',#4694);
#4694 = CARTESIAN_POINT('',(25.5,9.65,91.7));
#4695 = SURFACE_CURVE('',#4696,(#4700,#4707),.PCURVE_S1.);
#4696 = LINE('',#4697,#4698);
#4697 = CARTESIAN_POINT('',(25.5,-9.65,91.7));
#4698 = VECTOR('',#4699,1.);
#4699 = DIRECTION('',(-0.,1.,0.));
#4700 = PCURVE('',#4542,#4701);
#4701 = DEFINITIONAL_REPRESENTATION('',(#4702),#4706);
#4702 = LINE('',#4703,#4704);
#4703 = CARTESIAN_POINT('',(51.,0.));
#4704 = VECTOR('',#4705,1.);
#4705 = DIRECTION('',(0.,1.));
#4706 = ( GEOMETRIC_REPRESENTATION_CONTEXT(2) 
PARAMETRIC_REPRESENTATION_CONTEXT() REPRESENTATION_CONTEXT('2D SPACE',''
  ) );
#4707 = PCURVE('',#4708,#4713);
#4708 = PLANE('',#4709);
#4709 = AXIS2_PLACEMENT_3D('',#4710,#4711,#4712);
#4710 = CARTESIAN_POINT('',(25.5,-9.65,88.69));
#4711 = DIRECTION('',(1.,0.,-0.));
#4712 = DIRECTION('',(0.,0.,1.));
#4713 = DEFINITIONAL_REPRESENTATION('',(#4714),#4718);
#4714 = LINE('',#4715,#4716);
#4715 = CARTESIAN_POINT('',(3.01,0.));
#4716 = VECTOR('',#4717,1.);
#4717 = DIRECTION('',(0.,-1.));
#4718 = ( GEOMETRIC_REPRESENTATION_CONTEXT(2) 
PARAMETRIC_REPRESENTATION_CONTEXT() REPRESENTATION_CONTEXT('2D SPACE',''
  ) );
#4719 = ORIENTED_EDGE('',*,*,#4720,.F.);
#4720 = EDGE_CURVE('',#4637,#4693,#4721,.T.);
#4721 = SURFACE_CURVE('',#4722,(#4726,#4733),.PCURVE_S1.);
#4722 = LINE('',#4723,#4724);
#4723 = CARTESIAN_POINT('',(-25.5,9.65,91.7));
#4724 = VECTOR('',#4725,1.);
#4725 = DIRECTION('',(1.,0.,-0.));
#4726 = PCURVE('',#4542,#4727);
#4727 = DEFINITIONAL_REPRESENTATION('',(#4728),#4732);
#4728 = LINE('',#4729,#4730);
#4729 = CARTESIAN_POINT('',(0.,19.3));
#4730 = VECTOR('',#4731,1.);
#4731 = DIRECTION('',(1.,0.));
#4732 = ( GEOMETRIC_REPRESENTATION_CONTEXT(2) 
PARAMETRIC_REPRESENTATION_CONTEXT() REPRESENTATION_CONTEXT('2D SPACE',''
  ) );
#4733 = PCURVE('',#4734,#4739);
#4734 = PLANE('',#4735);
#4735 = AXIS2_PLACEMENT_3D('',#4736,#4737,#4738);
#4736 = CARTESIAN_POINT('',(-25.5,9.65,88.69));
#4737 = DIRECTION('',(-0.,1.,0.));
#4738 = DIRECTION('',(0.,0.,1.));
#4739 = DEFINITIONAL_REPRESENTATION('',(#4740),#4744);
#4740 = LINE('',#4741,#4742);
#4741 = CARTESIAN_POINT('',(3.01,0.));
#4742 = VECTOR('',#4743,1.);
#4743 = DIRECTION('',(0.,1.));
#4744 = ( GEOMETRIC_REPRESENTATION_CONTEXT(2) 
PARAMETRIC_REPRESENTATION_CONTEXT() REPRESENTATION_CONTEXT('2D SPACE',''
  ) );
#4745 = FACE_BOUND('',#4746,.F.);
#4746 = EDGE_LOOP('',(#4747));
#4747 = ORIENTED_EDGE('',*,*,#4527,.F.);
#4748 = ADVANCED_FACE('',(#4749,#4752),#4604,.F.);
#4749 = FACE_BOUND('',#4750,.F.);
#4750 = EDGE_LOOP('',(#4751));
#4751 = ORIENTED_EDGE('',*,*,#4589,.T.);
#4752 = FACE_BOUND('',#4753,.F.);
#4753 = EDGE_LOOP('',(#4754,#4777,#4798,#4819));
#4754 = ORIENTED_EDGE('',*,*,#4755,.T.);
#4755 = EDGE_CURVE('',#4756,#4758,#4760,.T.);
#4756 = VERTEX_POINT('',#4757);
#4757 = CARTESIAN_POINT('',(25.5,-9.65,88.7));
#4758 = VERTEX_POINT('',#4759);
#4759 = CARTESIAN_POINT('',(-25.5,-9.65,88.7));
#4760 = SURFACE_CURVE('',#4761,(#4765,#4771),.PCURVE_S1.);
#4761 = LINE('',#4762,#4763);
#4762 = CARTESIAN_POINT('',(-12.75,-9.65,88.7));
#4763 = VECTOR('',#4764,1.);
#4764 = DIRECTION('',(-1.,-0.,0.));
#4765 = PCURVE('',#4604,#4766);
#4766 = DEFINITIONAL_REPRESENTATION('',(#4767),#4770);
#4767 = B_SPLINE_CURVE_WITH_KNOTS('',1,(#4768,#4769),.UNSPECIFIED.,.F.,
  .F.,(2,2),(-38.25,12.75),.PIECEWISE_BEZIER_KNOTS.);
#4768 = CARTESIAN_POINT('',(25.5,-9.65));
#4769 = CARTESIAN_POINT('',(-25.5,-9.65));
#4770 = ( GEOMETRIC_REPRESENTATION_CONTEXT(2) 
PARAMETRIC_REPRESENTATION_CONTEXT() REPRESENTATION_CONTEXT('2D SPACE',''
  ) );
#4771 = PCURVE('',#4680,#4772);
#4772 = DEFINITIONAL_REPRESENTATION('',(#4773),#4776);
#4773 = B_SPLINE_CURVE_WITH_KNOTS('',1,(#4774,#4775),.UNSPECIFIED.,.F.,
  .F.,(2,2),(-38.25,12.75),.PIECEWISE_BEZIER_KNOTS.);
#4774 = CARTESIAN_POINT('',(1.000000000001E-02,51.));
#4775 = CARTESIAN_POINT('',(1.000000000001E-02,0.));
#4776 = ( GEOMETRIC_REPRESENTATION_CONTEXT(2) 
PARAMETRIC_REPRESENTATION_CONTEXT() REPRESENTATION_CONTEXT('2D SPACE',''
  ) );
#4777 = ORIENTED_EDGE('',*,*,#4778,.T.);
#4778 = EDGE_CURVE('',#4758,#4779,#4781,.T.);
#4779 = VERTEX_POINT('',#4780);
#4780 = CARTESIAN_POINT('',(-25.5,9.65,88.7));
#4781 = SURFACE_CURVE('',#4782,(#4786,#4792),.PCURVE_S1.);
#4782 = LINE('',#4783,#4784);
#4783 = CARTESIAN_POINT('',(-25.5,-4.825,88.7));
#4784 = VECTOR('',#4785,1.);
#4785 = DIRECTION('',(-0.,1.,0.));
#4786 = PCURVE('',#4604,#4787);
#4787 = DEFINITIONAL_REPRESENTATION('',(#4788),#4791);
#4788 = B_SPLINE_CURVE_WITH_KNOTS('',1,(#4789,#4790),.UNSPECIFIED.,.F.,
  .F.,(2,2),(-4.825,14.475),.PIECEWISE_BEZIER_KNOTS.);
#4789 = CARTESIAN_POINT('',(-25.5,-9.65));
#4790 = CARTESIAN_POINT('',(-25.5,9.65));
#4791 = ( GEOMETRIC_REPRESENTATION_CONTEXT(2) 
PARAMETRIC_REPRESENTATION_CONTEXT() REPRESENTATION_CONTEXT('2D SPACE',''
  ) );
#4792 = PCURVE('',#4652,#4793);
#4793 = DEFINITIONAL_REPRESENTATION('',(#4794),#4797);
#4794 = B_SPLINE_CURVE_WITH_KNOTS('',1,(#4795,#4796),.UNSPECIFIED.,.F.,
  .F.,(2,2),(-4.825,14.475),.PIECEWISE_BEZIER_KNOTS.);
#4795 = CARTESIAN_POINT('',(1.000000000001E-02,0.));
#4796 = CARTESIAN_POINT('',(1.000000000001E-02,-19.3));
#4797 = ( GEOMETRIC_REPRESENTATION_CONTEXT(2) 
PARAMETRIC_REPRESENTATION_CONTEXT() REPRESENTATION_CONTEXT('2D SPACE',''
  ) );
#4798 = ORIENTED_EDGE('',*,*,#4799,.F.);
#4799 = EDGE_CURVE('',#4800,#4779,#4802,.T.);
#4800 = VERTEX_POINT('',#4801);
#4801 = CARTESIAN_POINT('',(25.5,9.65,88.7));
#4802 = SURFACE_CURVE('',#4803,(#4807,#4813),.PCURVE_S1.);
#4803 = LINE('',#4804,#4805);
#4804 = CARTESIAN_POINT('',(-12.75,9.65,88.7));
#4805 = VECTOR('',#4806,1.);
#4806 = DIRECTION('',(-1.,-0.,0.));
#4807 = PCURVE('',#4604,#4808);
#4808 = DEFINITIONAL_REPRESENTATION('',(#4809),#4812);
#4809 = B_SPLINE_CURVE_WITH_KNOTS('',1,(#4810,#4811),.UNSPECIFIED.,.F.,
  .F.,(2,2),(-38.25,12.75),.PIECEWISE_BEZIER_KNOTS.);
#4810 = CARTESIAN_POINT('',(25.5,9.65));
#4811 = CARTESIAN_POINT('',(-25.5,9.65));
#4812 = ( GEOMETRIC_REPRESENTATION_CONTEXT(2) 
PARAMETRIC_REPRESENTATION_CONTEXT() REPRESENTATION_CONTEXT('2D SPACE',''
  ) );
#4813 = PCURVE('',#4734,#4814);
#4814 = DEFINITIONAL_REPRESENTATION('',(#4815),#4818);
#4815 = B_SPLINE_CURVE_WITH_KNOTS('',1,(#4816,#4817),.UNSPECIFIED.,.F.,
  .F.,(2,2),(-38.25,12.75),.PIECEWISE_BEZIER_KNOTS.);
#4816 = CARTESIAN_POINT('',(1.000000000001E-02,51.));
#4817 = CARTESIAN_POINT('',(1.000000000001E-02,0.));
#4818 = ( GEOMETRIC_REPRESENTATION_CONTEXT(2) 
PARAMETRIC_REPRESENTATION_CONTEXT() REPRESENTATION_CONTEXT('2D SPACE',''
  ) );
#4819 = ORIENTED_EDGE('',*,*,#4820,.F.);
#4820 = EDGE_CURVE('',#4756,#4800,#4821,.T.);
#4821 = SURFACE_CURVE('',#4822,(#4826,#4832),.PCURVE_S1.);
#4822 = LINE('',#4823,#4824);
#4823 = CARTESIAN_POINT('',(25.5,-4.825,88.7));
#4824 = VECTOR('',#4825,1.);
#4825 = DIRECTION('',(-0.,1.,0.));
#4826 = PCURVE('',#4604,#4827);
#4827 = DEFINITIONAL_REPRESENTATION('',(#4828),#4831);
#4828 = B_SPLINE_CURVE_WITH_KNOTS('',1,(#4829,#4830),.UNSPECIFIED.,.F.,
  .F.,(2,2),(-4.825,14.475),.PIECEWISE_BEZIER_KNOTS.);
#4829 = CARTESIAN_POINT('',(25.5,-9.65));
#4830 = CARTESIAN_POINT('',(25.5,9.65));
#4831 = ( GEOMETRIC_REPRESENTATION_CONTEXT(2) 
PARAMETRIC_REPRESENTATION_CONTEXT() REPRESENTATION_CONTEXT('2D SPACE',''
  ) );
#4832 = PCURVE('',#4708,#4833);
#4833 = DEFINITIONAL_REPRESENTATION('',(#4834),#4837);
#4834 = B_SPLINE_CURVE_WITH_KNOTS('',1,(#4835,#4836),.UNSPECIFIED.,.F.,
  .F.,(2,2),(-4.825,14.475),.PIECEWISE_BEZIER_KNOTS.);
#4835 = CARTESIAN_POINT('',(1.000000000001E-02,0.));
#4836 = CARTESIAN_POINT('',(1.000000000001E-02,-19.3));
#4837 = ( GEOMETRIC_REPRESENTATION_CONTEXT(2) 
PARAMETRIC_REPRESENTATION_CONTEXT() REPRESENTATION_CONTEXT('2D SPACE',''
  ) );
#4838 = ADVANCED_FACE('',(#4839),#4652,.T.);
#4839 = FACE_BOUND('',#4840,.T.);
#4840 = EDGE_LOOP('',(#4841,#4862,#4863,#4884));
#4841 = ORIENTED_EDGE('',*,*,#4842,.F.);
#4842 = EDGE_CURVE('',#4758,#4635,#4843,.T.);
#4843 = SURFACE_CURVE('',#4844,(#4848,#4855),.PCURVE_S1.);
#4844 = LINE('',#4845,#4846);
#4845 = CARTESIAN_POINT('',(-25.5,-9.65,88.69));
#4846 = VECTOR('',#4847,1.);
#4847 = DIRECTION('',(0.,0.,1.));
#4848 = PCURVE('',#4652,#4849);
#4849 = DEFINITIONAL_REPRESENTATION('',(#4850),#4854);
#4850 = LINE('',#4851,#4852);
#4851 = CARTESIAN_POINT('',(0.,0.));
#4852 = VECTOR('',#4853,1.);
#4853 = DIRECTION('',(1.,0.));
#4854 = ( GEOMETRIC_REPRESENTATION_CONTEXT(2) 
PARAMETRIC_REPRESENTATION_CONTEXT() REPRESENTATION_CONTEXT('2D SPACE',''
  ) );
#4855 = PCURVE('',#4680,#4856);
#4856 = DEFINITIONAL_REPRESENTATION('',(#4857),#4861);
#4857 = LINE('',#4858,#4859);
#4858 = CARTESIAN_POINT('',(0.,0.));
#4859 = VECTOR('',#4860,1.);
#4860 = DIRECTION('',(1.,0.));
#4861 = ( GEOMETRIC_REPRESENTATION_CONTEXT(2) 
PARAMETRIC_REPRESENTATION_CONTEXT() REPRESENTATION_CONTEXT('2D SPACE',''
  ) );
#4862 = ORIENTED_EDGE('',*,*,#4778,.T.);
#4863 = ORIENTED_EDGE('',*,*,#4864,.T.);
#4864 = EDGE_CURVE('',#4779,#4637,#4865,.T.);
#4865 = SURFACE_CURVE('',#4866,(#4870,#4877),.PCURVE_S1.);
#4866 = LINE('',#4867,#4868);
#4867 = CARTESIAN_POINT('',(-25.5,9.65,88.69));
#4868 = VECTOR('',#4869,1.);
#4869 = DIRECTION('',(0.,0.,1.));
#4870 = PCURVE('',#4652,#4871);
#4871 = DEFINITIONAL_REPRESENTATION('',(#4872),#4876);
#4872 = LINE('',#4873,#4874);
#4873 = CARTESIAN_POINT('',(0.,-19.3));
#4874 = VECTOR('',#4875,1.);
#4875 = DIRECTION('',(1.,0.));
#4876 = ( GEOMETRIC_REPRESENTATION_CONTEXT(2) 
PARAMETRIC_REPRESENTATION_CONTEXT() REPRESENTATION_CONTEXT('2D SPACE',''
  ) );
#4877 = PCURVE('',#4734,#4878);
#4878 = DEFINITIONAL_REPRESENTATION('',(#4879),#4883);
#4879 = LINE('',#4880,#4881);
#4880 = CARTESIAN_POINT('',(0.,0.));
#4881 = VECTOR('',#4882,1.);
#4882 = DIRECTION('',(1.,0.));
#4883 = ( GEOMETRIC_REPRESENTATION_CONTEXT(2) 
PARAMETRIC_REPRESENTATION_CONTEXT() REPRESENTATION_CONTEXT('2D SPACE',''
  ) );
#4884 = ORIENTED_EDGE('',*,*,#4634,.F.);
#4885 = ADVANCED_FACE('',(#4886),#4734,.F.);
#4886 = FACE_BOUND('',#4887,.F.);
#4887 = EDGE_LOOP('',(#4888,#4909,#4910,#4911));
#4888 = ORIENTED_EDGE('',*,*,#4889,.F.);
#4889 = EDGE_CURVE('',#4800,#4693,#4890,.T.);
#4890 = SURFACE_CURVE('',#4891,(#4895,#4902),.PCURVE_S1.);
#4891 = LINE('',#4892,#4893);
#4892 = CARTESIAN_POINT('',(25.5,9.65,88.69));
#4893 = VECTOR('',#4894,1.);
#4894 = DIRECTION('',(0.,0.,1.));
#4895 = PCURVE('',#4734,#4896);
#4896 = DEFINITIONAL_REPRESENTATION('',(#4897),#4901);
#4897 = LINE('',#4898,#4899);
#4898 = CARTESIAN_POINT('',(0.,51.));
#4899 = VECTOR('',#4900,1.);
#4900 = DIRECTION('',(1.,0.));
#4901 = ( GEOMETRIC_REPRESENTATION_CONTEXT(2) 
PARAMETRIC_REPRESENTATION_CONTEXT() REPRESENTATION_CONTEXT('2D SPACE',''
  ) );
#4902 = PCURVE('',#4708,#4903);
#4903 = DEFINITIONAL_REPRESENTATION('',(#4904),#4908);
#4904 = LINE('',#4905,#4906);
#4905 = CARTESIAN_POINT('',(0.,-19.3));
#4906 = VECTOR('',#4907,1.);
#4907 = DIRECTION('',(1.,0.));
#4908 = ( GEOMETRIC_REPRESENTATION_CONTEXT(2) 
PARAMETRIC_REPRESENTATION_CONTEXT() REPRESENTATION_CONTEXT('2D SPACE',''
  ) );
#4909 = ORIENTED_EDGE('',*,*,#4799,.T.);
#4910 = ORIENTED_EDGE('',*,*,#4864,.T.);
#4911 = ORIENTED_EDGE('',*,*,#4720,.T.);
#4912 = ADVANCED_FACE('',(#4913),#4680,.T.);
#4913 = FACE_BOUND('',#4914,.T.);
#4914 = EDGE_LOOP('',(#4915,#4936,#4937,#4938));
#4915 = ORIENTED_EDGE('',*,*,#4916,.F.);
#4916 = EDGE_CURVE('',#4756,#4665,#4917,.T.);
#4917 = SURFACE_CURVE('',#4918,(#4922,#4929),.PCURVE_S1.);
#4918 = LINE('',#4919,#4920);
#4919 = CARTESIAN_POINT('',(25.5,-9.65,88.69));
#4920 = VECTOR('',#4921,1.);
#4921 = DIRECTION('',(0.,0.,1.));
#4922 = PCURVE('',#4680,#4923);
#4923 = DEFINITIONAL_REPRESENTATION('',(#4924),#4928);
#4924 = LINE('',#4925,#4926);
#4925 = CARTESIAN_POINT('',(0.,51.));
#4926 = VECTOR('',#4927,1.);
#4927 = DIRECTION('',(1.,0.));
#4928 = ( GEOMETRIC_REPRESENTATION_CONTEXT(2) 
PARAMETRIC_REPRESENTATION_CONTEXT() REPRESENTATION_CONTEXT('2D SPACE',''
  ) );
#4929 = PCURVE('',#4708,#4930);
#4930 = DEFINITIONAL_REPRESENTATION('',(#4931),#4935);
#4931 = LINE('',#4932,#4933);
#4932 = CARTESIAN_POINT('',(0.,0.));
#4933 = VECTOR('',#4934,1.);
#4934 = DIRECTION('',(1.,0.));
#4935 = ( GEOMETRIC_REPRESENTATION_CONTEXT(2) 
PARAMETRIC_REPRESENTATION_CONTEXT() REPRESENTATION_CONTEXT('2D SPACE',''
  ) );
#4936 = ORIENTED_EDGE('',*,*,#4755,.T.);
#4937 = ORIENTED_EDGE('',*,*,#4842,.T.);
#4938 = ORIENTED_EDGE('',*,*,#4664,.T.);
#4939 = ADVANCED_FACE('',(#4940),#4708,.F.);
#4940 = FACE_BOUND('',#4941,.F.);
#4941 = EDGE_LOOP('',(#4942,#4943,#4944,#4945));
#4942 = ORIENTED_EDGE('',*,*,#4916,.F.);
#4943 = ORIENTED_EDGE('',*,*,#4820,.T.);
#4944 = ORIENTED_EDGE('',*,*,#4889,.T.);
#4945 = ORIENTED_EDGE('',*,*,#4692,.F.);
#4946 = ( GEOMETRIC_REPRESENTATION_CONTEXT(3) 
GLOBAL_UNCERTAINTY_ASSIGNED_CONTEXT((#4950)) 
GLOBAL_UNIT_ASSIGNED_CONTEXT((#4947,#4948,#4949)) REPRESENTATION_CONTEXT
('Context #1','3D Context with UNIT and UNCERTAINTY') );
#4947 = ( LENGTH_UNIT() NAMED_UNIT(*) SI_UNIT(.MILLI.,.METRE.) );
#4948 = ( NAMED_UNIT(*) PLANE_ANGLE_UNIT() SI_UNIT($,.RADIAN.) );
#4949 = ( NAMED_UNIT(*) SI_UNIT($,.STERADIAN.) SOLID_ANGLE_UNIT() );
#4950 = UNCERTAINTY_MEASURE_WITH_UNIT(LENGTH_MEASURE(1.E-07),#4947,
  'distance_accuracy_value','confusion accuracy');
#4951 = CONTEXT_DEPENDENT_SHAPE_REPRESENTATION(#4952,#4954);
#4952 = ( REPRESENTATION_RELATIONSHIP('','',#3143,#10) 
REPRESENTATION_RELATIONSHIP_WITH_TRANSFORMATION(#4953) 
SHAPE_REPRESENTATION_RELATIONSHIP() );
#4953 = ITEM_DEFINED_TRANSFORMATION('','',#11,#27);
#4954 = PRODUCT_DEFINITION_SHAPE('Placement','Placement of an item',
  #4955);
#4955 = NEXT_ASSEMBLY_USAGE_OCCURRENCE('17','acoplador_tool','',#5,#3138
  ,$);
#4956 = PRODUCT_RELATED_PRODUCT_CATEGORY('part',$,(#3140));
#4957 = SHAPE_DEFINITION_REPRESENTATION(#4958,#4964);
#4958 = PRODUCT_DEFINITION_SHAPE('','',#4959);
#4959 = PRODUCT_DEFINITION('design','',#4960,#4963);
#4960 = PRODUCT_DEFINITION_FORMATION('','',#4961);
#4961 = PRODUCT('touch_tool','touch_tool','',(#4962));
#4962 = PRODUCT_CONTEXT('',#2,'mechanical');
#4963 = PRODUCT_DEFINITION_CONTEXT('part definition',#2,'design');
#4964 = ADVANCED_BREP_SHAPE_REPRESENTATION('',(#11,#4965),#8428);
#4965 = MANIFOLD_SOLID_BREP('',#4966);
#4966 = CLOSED_SHELL('',(#4967,#5055,#5090,#5419,#5474,#6274,#6321,#6512
    ,#6539,#6586,#6777,#6804,#6851,#7042,#7069,#7104,#7131,#7158,#7183,
    #7210,#7237,#7262,#7289,#7296,#7323,#7348,#7375,#7402,#7427,#7454,
    #7461,#7489,#7544,#7569,#7596,#7623,#7648,#7655,#8002,#8006,#8083,
    #8132,#8182,#8209,#8213,#8289,#8338,#8387,#8414,#8421));
#4967 = ADVANCED_FACE('',(#4968),#4981,.T.);
#4968 = FACE_BOUND('',#4969,.T.);
#4969 = EDGE_LOOP('',(#4970,#5004,#5027,#5054));
#4970 = ORIENTED_EDGE('',*,*,#4971,.F.);
#4971 = EDGE_CURVE('',#4972,#4972,#4974,.T.);
#4972 = VERTEX_POINT('',#4973);
#4973 = CARTESIAN_POINT('',(29.,-7.102951435055E-15,123.7));
#4974 = SURFACE_CURVE('',#4975,(#4980,#4992),.PCURVE_S1.);
#4975 = CIRCLE('',#4976,29.);
#4976 = AXIS2_PLACEMENT_3D('',#4977,#4978,#4979);
#4977 = CARTESIAN_POINT('',(0.,0.,123.7));
#4978 = DIRECTION('',(0.,0.,1.));
#4979 = DIRECTION('',(1.,0.,-0.));
#4980 = PCURVE('',#4981,#4986);
#4981 = CYLINDRICAL_SURFACE('',#4982,29.);
#4982 = AXIS2_PLACEMENT_3D('',#4983,#4984,#4985);
#4983 = CARTESIAN_POINT('',(0.,0.,101.7));
#4984 = DIRECTION('',(0.,0.,1.));
#4985 = DIRECTION('',(1.,0.,-0.));
#4986 = DEFINITIONAL_REPRESENTATION('',(#4987),#4991);
#4987 = LINE('',#4988,#4989);
#4988 = CARTESIAN_POINT('',(0.,22.));
#4989 = VECTOR('',#4990,1.);
#4990 = DIRECTION('',(1.,0.));
#4991 = ( GEOMETRIC_REPRESENTATION_CONTEXT(2) 
PARAMETRIC_REPRESENTATION_CONTEXT() REPRESENTATION_CONTEXT('2D SPACE',''
  ) );
#4992 = PCURVE('',#4993,#4998);
#4993 = PLANE('',#4994);
#4994 = AXIS2_PLACEMENT_3D('',#4995,#4996,#4997);
#4995 = CARTESIAN_POINT('',(0.,0.,123.7));
#4996 = DIRECTION('',(0.,0.,1.));
#4997 = DIRECTION('',(1.,0.,-0.));
#4998 = DEFINITIONAL_REPRESENTATION('',(#4999),#5003);
#4999 = CIRCLE('',#5000,29.);
#5000 = AXIS2_PLACEMENT_2D('',#5001,#5002);
#5001 = CARTESIAN_POINT('',(0.,0.));
#5002 = DIRECTION('',(1.,0.));
#5003 = ( GEOMETRIC_REPRESENTATION_CONTEXT(2) 
PARAMETRIC_REPRESENTATION_CONTEXT() REPRESENTATION_CONTEXT('2D SPACE',''
  ) );
#5004 = ORIENTED_EDGE('',*,*,#5005,.F.);
#5005 = EDGE_CURVE('',#5006,#4972,#5008,.T.);
#5006 = VERTEX_POINT('',#5007);
#5007 = CARTESIAN_POINT('',(29.,-7.102951435055E-15,101.7));
#5008 = SEAM_CURVE('',#5009,(#5013,#5020),.PCURVE_S1.);
#5009 = LINE('',#5010,#5011);
#5010 = CARTESIAN_POINT('',(29.,-7.102951435055E-15,101.7));
#5011 = VECTOR('',#5012,1.);
#5012 = DIRECTION('',(0.,0.,1.));
#5013 = PCURVE('',#4981,#5014);
#5014 = DEFINITIONAL_REPRESENTATION('',(#5015),#5019);
#5015 = LINE('',#5016,#5017);
#5016 = CARTESIAN_POINT('',(6.28318530718,-0.));
#5017 = VECTOR('',#5018,1.);
#5018 = DIRECTION('',(0.,1.));
#5019 = ( GEOMETRIC_REPRESENTATION_CONTEXT(2) 
PARAMETRIC_REPRESENTATION_CONTEXT() REPRESENTATION_CONTEXT('2D SPACE',''
  ) );
#5020 = PCURVE('',#4981,#5021);
#5021 = DEFINITIONAL_REPRESENTATION('',(#5022),#5026);
#5022 = LINE('',#5023,#5024);
#5023 = CARTESIAN_POINT('',(0.,-0.));
#5024 = VECTOR('',#5025,1.);
#5025 = DIRECTION('',(0.,1.));
#5026 = ( GEOMETRIC_REPRESENTATION_CONTEXT(2) 
PARAMETRIC_REPRESENTATION_CONTEXT() REPRESENTATION_CONTEXT('2D SPACE',''
  ) );
#5027 = ORIENTED_EDGE('',*,*,#5028,.T.);
#5028 = EDGE_CURVE('',#5006,#5006,#5029,.T.);
#5029 = SURFACE_CURVE('',#5030,(#5035,#5042),.PCURVE_S1.);
#5030 = CIRCLE('',#5031,29.);
#5031 = AXIS2_PLACEMENT_3D('',#5032,#5033,#5034);
#5032 = CARTESIAN_POINT('',(0.,0.,101.7));
#5033 = DIRECTION('',(0.,0.,1.));
#5034 = DIRECTION('',(1.,0.,-0.));
#5035 = PCURVE('',#4981,#5036);
#5036 = DEFINITIONAL_REPRESENTATION('',(#5037),#5041);
#5037 = LINE('',#5038,#5039);
#5038 = CARTESIAN_POINT('',(0.,0.));
#5039 = VECTOR('',#5040,1.);
#5040 = DIRECTION('',(1.,0.));
#5041 = ( GEOMETRIC_REPRESENTATION_CONTEXT(2) 
PARAMETRIC_REPRESENTATION_CONTEXT() REPRESENTATION_CONTEXT('2D SPACE',''
  ) );
#5042 = PCURVE('',#5043,#5048);
#5043 = PLANE('',#5044);
#5044 = AXIS2_PLACEMENT_3D('',#5045,#5046,#5047);
#5045 = CARTESIAN_POINT('',(0.,0.,101.7));
#5046 = DIRECTION('',(0.,0.,1.));
#5047 = DIRECTION('',(1.,0.,-0.));
#5048 = DEFINITIONAL_REPRESENTATION('',(#5049),#5053);
#5049 = CIRCLE('',#5050,29.);
#5050 = AXIS2_PLACEMENT_2D('',#5051,#5052);
#5051 = CARTESIAN_POINT('',(0.,0.));
#5052 = DIRECTION('',(1.,0.));
#5053 = ( GEOMETRIC_REPRESENTATION_CONTEXT(2) 
PARAMETRIC_REPRESENTATION_CONTEXT() REPRESENTATION_CONTEXT('2D SPACE',''
  ) );
#5054 = ORIENTED_EDGE('',*,*,#5005,.T.);
#5055 = ADVANCED_FACE('',(#5056,#5059),#4993,.T.);
#5056 = FACE_BOUND('',#5057,.T.);
#5057 = EDGE_LOOP('',(#5058));
#5058 = ORIENTED_EDGE('',*,*,#4971,.T.);
#5059 = FACE_BOUND('',#5060,.T.);
#5060 = EDGE_LOOP('',(#5061));
#5061 = ORIENTED_EDGE('',*,*,#5062,.F.);
#5062 = EDGE_CURVE('',#5063,#5063,#5065,.T.);
#5063 = VERTEX_POINT('',#5064);
#5064 = CARTESIAN_POINT('',(6.,-1.469576158977E-15,123.7));
#5065 = SURFACE_CURVE('',#5066,(#5071,#5078),.PCURVE_S1.);
#5066 = CIRCLE('',#5067,6.);
#5067 = AXIS2_PLACEMENT_3D('',#5068,#5069,#5070);
#5068 = CARTESIAN_POINT('',(0.,0.,123.7));
#5069 = DIRECTION('',(0.,0.,1.));
#5070 = DIRECTION('',(1.,0.,-0.));
#5071 = PCURVE('',#4993,#5072);
#5072 = DEFINITIONAL_REPRESENTATION('',(#5073),#5077);
#5073 = CIRCLE('',#5074,6.);
#5074 = AXIS2_PLACEMENT_2D('',#5075,#5076);
#5075 = CARTESIAN_POINT('',(0.,0.));
#5076 = DIRECTION('',(1.,0.));
#5077 = ( GEOMETRIC_REPRESENTATION_CONTEXT(2) 
PARAMETRIC_REPRESENTATION_CONTEXT() REPRESENTATION_CONTEXT('2D SPACE',''
  ) );
#5078 = PCURVE('',#5079,#5084);
#5079 = CYLINDRICAL_SURFACE('',#5080,6.);
#5080 = AXIS2_PLACEMENT_3D('',#5081,#5082,#5083);
#5081 = CARTESIAN_POINT('',(0.,0.,123.7));
#5082 = DIRECTION('',(0.,0.,1.));
#5083 = DIRECTION('',(1.,0.,-0.));
#5084 = DEFINITIONAL_REPRESENTATION('',(#5085),#5089);
#5085 = LINE('',#5086,#5087);
#5086 = CARTESIAN_POINT('',(0.,0.));
#5087 = VECTOR('',#5088,1.);
#5088 = DIRECTION('',(1.,0.));
#5089 = ( GEOMETRIC_REPRESENTATION_CONTEXT(2) 
PARAMETRIC_REPRESENTATION_CONTEXT() REPRESENTATION_CONTEXT('2D SPACE',''
  ) );
#5090 = ADVANCED_FACE('',(#5091,#5094),#5043,.F.);
#5091 = FACE_BOUND('',#5092,.F.);
#5092 = EDGE_LOOP('',(#5093));
#5093 = ORIENTED_EDGE('',*,*,#5028,.T.);
#5094 = FACE_BOUND('',#5095,.F.);
#5095 = EDGE_LOOP('',(#5096,#5127,#5154,#5183,#5209,#5233,#5260,#5289,
    #5315,#5339,#5366,#5395));
#5096 = ORIENTED_EDGE('',*,*,#5097,.F.);
#5097 = EDGE_CURVE('',#5098,#5100,#5102,.T.);
#5098 = VERTEX_POINT('',#5099);
#5099 = CARTESIAN_POINT('',(18.194128824761,8.484061604445,101.7));
#5100 = VERTEX_POINT('',#5101);
#5101 = CARTESIAN_POINT('',(-1.749651535659,19.998608564192,101.7));
#5102 = SURFACE_CURVE('',#5103,(#5108,#5115),.PCURVE_S1.);
#5103 = CIRCLE('',#5104,20.075);
#5104 = AXIS2_PLACEMENT_3D('',#5105,#5106,#5107);
#5105 = CARTESIAN_POINT('',(0.,0.,101.7));
#5106 = DIRECTION('',(0.,0.,1.));
#5107 = DIRECTION('',(1.,0.,-0.));
#5108 = PCURVE('',#5043,#5109);
#5109 = DEFINITIONAL_REPRESENTATION('',(#5110),#5114);
#5110 = CIRCLE('',#5111,20.075);
#5111 = AXIS2_PLACEMENT_2D('',#5112,#5113);
#5112 = CARTESIAN_POINT('',(0.,0.));
#5113 = DIRECTION('',(1.,0.));
#5114 = ( GEOMETRIC_REPRESENTATION_CONTEXT(2) 
PARAMETRIC_REPRESENTATION_CONTEXT() REPRESENTATION_CONTEXT('2D SPACE',''
  ) );
#5115 = PCURVE('',#5116,#5121);
#5116 = CYLINDRICAL_SURFACE('',#5117,20.075);
#5117 = AXIS2_PLACEMENT_3D('',#5118,#5119,#5120);
#5118 = CARTESIAN_POINT('',(0.,0.,101.69));
#5119 = DIRECTION('',(0.,0.,1.));
#5120 = DIRECTION('',(1.,0.,-0.));
#5121 = DEFINITIONAL_REPRESENTATION('',(#5122),#5126);
#5122 = LINE('',#5123,#5124);
#5123 = CARTESIAN_POINT('',(0.,1.000000000001E-02));
#5124 = VECTOR('',#5125,1.);
#5125 = DIRECTION('',(1.,0.));
#5126 = ( GEOMETRIC_REPRESENTATION_CONTEXT(2) 
PARAMETRIC_REPRESENTATION_CONTEXT() REPRESENTATION_CONTEXT('2D SPACE',''
  ) );
#5127 = ORIENTED_EDGE('',*,*,#5128,.T.);
#5128 = EDGE_CURVE('',#5098,#5129,#5131,.T.);
#5129 = VERTEX_POINT('',#5130);
#5130 = CARTESIAN_POINT('',(22.793640843972,10.628849282779,101.7));
#5131 = SURFACE_CURVE('',#5132,(#5136,#5142),.PCURVE_S1.);
#5132 = LINE('',#5133,#5134);
#5133 = CARTESIAN_POINT('',(9.969385657403,4.648800879148,101.7));
#5134 = VECTOR('',#5135,1.);
#5135 = DIRECTION('',(0.906307787037,0.422618261741,-0.));
#5136 = PCURVE('',#5043,#5137);
#5137 = DEFINITIONAL_REPRESENTATION('',(#5138),#5141);
#5138 = B_SPLINE_CURVE_WITH_KNOTS('',1,(#5139,#5140),.UNSPECIFIED.,.F.,
  .F.,(2,2),(7.85,14.15),.PIECEWISE_BEZIER_KNOTS.);
#5139 = CARTESIAN_POINT('',(17.083901785641,7.966354233812));
#5140 = CARTESIAN_POINT('',(22.793640843972,10.628849282779));
#5141 = ( GEOMETRIC_REPRESENTATION_CONTEXT(2) 
PARAMETRIC_REPRESENTATION_CONTEXT() REPRESENTATION_CONTEXT('2D SPACE',''
  ) );
#5142 = PCURVE('',#5143,#5148);
#5143 = PLANE('',#5144);
#5144 = AXIS2_PLACEMENT_3D('',#5145,#5146,#5147);
#5145 = CARTESIAN_POINT('',(19.938771314806,9.297601758295,105.195));
#5146 = DIRECTION('',(0.422618261741,-0.906307787037,0.));
#5147 = DIRECTION('',(0.906307787037,0.422618261741,0.));
#5148 = DEFINITIONAL_REPRESENTATION('',(#5149),#5153);
#5149 = LINE('',#5150,#5151);
#5150 = CARTESIAN_POINT('',(-11.,-3.495));
#5151 = VECTOR('',#5152,1.);
#5152 = DIRECTION('',(1.,0.));
#5153 = ( GEOMETRIC_REPRESENTATION_CONTEXT(2) 
PARAMETRIC_REPRESENTATION_CONTEXT() REPRESENTATION_CONTEXT('2D SPACE',''
  ) );
#5154 = ORIENTED_EDGE('',*,*,#5155,.F.);
#5155 = EDGE_CURVE('',#5156,#5129,#5158,.T.);
#5156 = VERTEX_POINT('',#5157);
#5157 = CARTESIAN_POINT('',(22.793640843972,-10.62884928277,101.7));
#5158 = SURFACE_CURVE('',#5159,(#5164,#5171),.PCURVE_S1.);
#5159 = CIRCLE('',#5160,25.15);
#5160 = AXIS2_PLACEMENT_3D('',#5161,#5162,#5163);
#5161 = CARTESIAN_POINT('',(0.,0.,101.7));
#5162 = DIRECTION('',(0.,0.,1.));
#5163 = DIRECTION('',(0.906307787037,-0.422618261741,0.));
#5164 = PCURVE('',#5043,#5165);
#5165 = DEFINITIONAL_REPRESENTATION('',(#5166),#5170);
#5166 = CIRCLE('',#5167,25.15);
#5167 = AXIS2_PLACEMENT_2D('',#5168,#5169);
#5168 = CARTESIAN_POINT('',(0.,0.));
#5169 = DIRECTION('',(0.906307787037,-0.422618261741));
#5170 = ( GEOMETRIC_REPRESENTATION_CONTEXT(2) 
PARAMETRIC_REPRESENTATION_CONTEXT() REPRESENTATION_CONTEXT('2D SPACE',''
  ) );
#5171 = PCURVE('',#5172,#5177);
#5172 = CYLINDRICAL_SURFACE('',#5173,25.15);
#5173 = AXIS2_PLACEMENT_3D('',#5174,#5175,#5176);
#5174 = CARTESIAN_POINT('',(0.,0.,101.69));
#5175 = DIRECTION('',(0.,0.,1.));
#5176 = DIRECTION('',(0.906307787037,-0.422618261741,0.));
#5177 = DEFINITIONAL_REPRESENTATION('',(#5178),#5182);
#5178 = LINE('',#5179,#5180);
#5179 = CARTESIAN_POINT('',(0.,1.000000000001E-02));
#5180 = VECTOR('',#5181,1.);
#5181 = DIRECTION('',(1.,0.));
#5182 = ( GEOMETRIC_REPRESENTATION_CONTEXT(2) 
PARAMETRIC_REPRESENTATION_CONTEXT() REPRESENTATION_CONTEXT('2D SPACE',''
  ) );
#5183 = ORIENTED_EDGE('',*,*,#5184,.F.);
#5184 = EDGE_CURVE('',#5185,#5156,#5187,.T.);
#5185 = VERTEX_POINT('',#5186);
#5186 = CARTESIAN_POINT('',(18.194128824761,-8.484061604445,101.7));
#5187 = SURFACE_CURVE('',#5188,(#5192,#5198),.PCURVE_S1.);
#5188 = LINE('',#5189,#5190);
#5189 = CARTESIAN_POINT('',(9.969385657403,-4.648800879148,101.7));
#5190 = VECTOR('',#5191,1.);
#5191 = DIRECTION('',(0.906307787037,-0.422618261741,0.));
#5192 = PCURVE('',#5043,#5193);
#5193 = DEFINITIONAL_REPRESENTATION('',(#5194),#5197);
#5194 = B_SPLINE_CURVE_WITH_KNOTS('',1,(#5195,#5196),.UNSPECIFIED.,.F.,
  .F.,(2,2),(7.85,14.15),.PIECEWISE_BEZIER_KNOTS.);
#5195 = CARTESIAN_POINT('',(17.083901785641,-7.966354233812));
#5196 = CARTESIAN_POINT('',(22.793640843972,-10.62884928277));
#5197 = ( GEOMETRIC_REPRESENTATION_CONTEXT(2) 
PARAMETRIC_REPRESENTATION_CONTEXT() REPRESENTATION_CONTEXT('2D SPACE',''
  ) );
#5198 = PCURVE('',#5199,#5204);
#5199 = PLANE('',#5200);
#5200 = AXIS2_PLACEMENT_3D('',#5201,#5202,#5203);
#5201 = CARTESIAN_POINT('',(19.938771314806,-9.297601758295,105.195));
#5202 = DIRECTION('',(-0.422618261741,-0.906307787037,0.));
#5203 = DIRECTION('',(0.906307787037,-0.422618261741,0.));
#5204 = DEFINITIONAL_REPRESENTATION('',(#5205),#5208);
#5205 = B_SPLINE_CURVE_WITH_KNOTS('',1,(#5206,#5207),.UNSPECIFIED.,.F.,
  .F.,(2,2),(7.85,14.15),.PIECEWISE_BEZIER_KNOTS.);
#5206 = CARTESIAN_POINT('',(-3.15,-3.495));
#5207 = CARTESIAN_POINT('',(3.15,-3.495));
#5208 = ( GEOMETRIC_REPRESENTATION_CONTEXT(2) 
PARAMETRIC_REPRESENTATION_CONTEXT() REPRESENTATION_CONTEXT('2D SPACE',''
  ) );
#5209 = ORIENTED_EDGE('',*,*,#5210,.F.);
#5210 = EDGE_CURVE('',#5211,#5185,#5213,.T.);
#5211 = VERTEX_POINT('',#5212);
#5212 = CARTESIAN_POINT('',(-1.749651535659,-19.99860856419,101.7));
#5213 = SURFACE_CURVE('',#5214,(#5219,#5226),.PCURVE_S1.);
#5214 = CIRCLE('',#5215,20.075);
#5215 = AXIS2_PLACEMENT_3D('',#5216,#5217,#5218);
#5216 = CARTESIAN_POINT('',(0.,0.,101.7));
#5217 = DIRECTION('',(0.,0.,1.));
#5218 = DIRECTION('',(1.,0.,-0.));
#5219 = PCURVE('',#5043,#5220);
#5220 = DEFINITIONAL_REPRESENTATION('',(#5221),#5225);
#5221 = CIRCLE('',#5222,20.075);
#5222 = AXIS2_PLACEMENT_2D('',#5223,#5224);
#5223 = CARTESIAN_POINT('',(0.,0.));
#5224 = DIRECTION('',(1.,0.));
#5225 = ( GEOMETRIC_REPRESENTATION_CONTEXT(2) 
PARAMETRIC_REPRESENTATION_CONTEXT() REPRESENTATION_CONTEXT('2D SPACE',''
  ) );
#5226 = PCURVE('',#5116,#5227);
#5227 = DEFINITIONAL_REPRESENTATION('',(#5228),#5232);
#5228 = LINE('',#5229,#5230);
#5229 = CARTESIAN_POINT('',(0.,1.000000000001E-02));
#5230 = VECTOR('',#5231,1.);
#5231 = DIRECTION('',(1.,0.));
#5232 = ( GEOMETRIC_REPRESENTATION_CONTEXT(2) 
PARAMETRIC_REPRESENTATION_CONTEXT() REPRESENTATION_CONTEXT('2D SPACE',''
  ) );
#5233 = ORIENTED_EDGE('',*,*,#5234,.T.);
#5234 = EDGE_CURVE('',#5211,#5235,#5237,.T.);
#5235 = VERTEX_POINT('',#5236);
#5236 = CARTESIAN_POINT('',(-2.191966930104,-25.054296657,101.7));
#5237 = SURFACE_CURVE('',#5238,(#5242,#5248),.PCURVE_S1.);
#5238 = LINE('',#5239,#5240);
#5239 = CARTESIAN_POINT('',(-0.958713170224,-10.958141679,101.7));
#5240 = VECTOR('',#5241,1.);
#5241 = DIRECTION('',(-8.715574274766E-02,-0.996194698092,0.));
#5242 = PCURVE('',#5043,#5243);
#5243 = DEFINITIONAL_REPRESENTATION('',(#5244),#5247);
#5244 = B_SPLINE_CURVE_WITH_KNOTS('',1,(#5245,#5246),.UNSPECIFIED.,.F.,
  .F.,(2,2),(7.85,14.15),.PIECEWISE_BEZIER_KNOTS.);
#5245 = CARTESIAN_POINT('',(-1.642885750793,-18.77827005902));
#5246 = CARTESIAN_POINT('',(-2.191966930104,-25.054296657));
#5247 = ( GEOMETRIC_REPRESENTATION_CONTEXT(2) 
PARAMETRIC_REPRESENTATION_CONTEXT() REPRESENTATION_CONTEXT('2D SPACE',''
  ) );
#5248 = PCURVE('',#5249,#5254);
#5249 = PLANE('',#5250);
#5250 = AXIS2_PLACEMENT_3D('',#5251,#5252,#5253);
#5251 = CARTESIAN_POINT('',(-1.917426340448,-21.91628335801,105.195));
#5252 = DIRECTION('',(-0.996194698092,8.715574274766E-02,0.));
#5253 = DIRECTION('',(-8.715574274766E-02,-0.996194698092,0.));
#5254 = DEFINITIONAL_REPRESENTATION('',(#5255),#5259);
#5255 = LINE('',#5256,#5257);
#5256 = CARTESIAN_POINT('',(-11.,-3.495));
#5257 = VECTOR('',#5258,1.);
#5258 = DIRECTION('',(1.,0.));
#5259 = ( GEOMETRIC_REPRESENTATION_CONTEXT(2) 
PARAMETRIC_REPRESENTATION_CONTEXT() REPRESENTATION_CONTEXT('2D SPACE',''
  ) );
#5260 = ORIENTED_EDGE('',*,*,#5261,.F.);
#5261 = EDGE_CURVE('',#5262,#5235,#5264,.T.);
#5262 = VERTEX_POINT('',#5263);
#5263 = CARTESIAN_POINT('',(-20.60167391386,-14.42544737422,101.7));
#5264 = SURFACE_CURVE('',#5265,(#5270,#5277),.PCURVE_S1.);
#5265 = CIRCLE('',#5266,25.15);
#5266 = AXIS2_PLACEMENT_3D('',#5267,#5268,#5269);
#5267 = CARTESIAN_POINT('',(0.,0.,101.7));
#5268 = DIRECTION('',(0.,0.,1.));
#5269 = DIRECTION('',(-0.819152044289,-0.573576436351,0.));
#5270 = PCURVE('',#5043,#5271);
#5271 = DEFINITIONAL_REPRESENTATION('',(#5272),#5276);
#5272 = CIRCLE('',#5273,25.15);
#5273 = AXIS2_PLACEMENT_2D('',#5274,#5275);
#5274 = CARTESIAN_POINT('',(0.,0.));
#5275 = DIRECTION('',(-0.819152044289,-0.573576436351));
#5276 = ( GEOMETRIC_REPRESENTATION_CONTEXT(2) 
PARAMETRIC_REPRESENTATION_CONTEXT() REPRESENTATION_CONTEXT('2D SPACE',''
  ) );
#5277 = PCURVE('',#5278,#5283);
#5278 = CYLINDRICAL_SURFACE('',#5279,25.15);
#5279 = AXIS2_PLACEMENT_3D('',#5280,#5281,#5282);
#5280 = CARTESIAN_POINT('',(0.,0.,101.69));
#5281 = DIRECTION('',(0.,0.,1.));
#5282 = DIRECTION('',(-0.819152044289,-0.573576436351,0.));
#5283 = DEFINITIONAL_REPRESENTATION('',(#5284),#5288);
#5284 = LINE('',#5285,#5286);
#5285 = CARTESIAN_POINT('',(0.,1.000000000001E-02));
#5286 = VECTOR('',#5287,1.);
#5287 = DIRECTION('',(1.,0.));
#5288 = ( GEOMETRIC_REPRESENTATION_CONTEXT(2) 
PARAMETRIC_REPRESENTATION_CONTEXT() REPRESENTATION_CONTEXT('2D SPACE',''
  ) );
#5289 = ORIENTED_EDGE('',*,*,#5290,.F.);
#5290 = EDGE_CURVE('',#5291,#5262,#5293,.T.);
#5291 = VERTEX_POINT('',#5292);
#5292 = CARTESIAN_POINT('',(-16.4444772891,-11.51454695974,101.7));
#5293 = SURFACE_CURVE('',#5294,(#5298,#5304),.PCURVE_S1.);
#5294 = LINE('',#5295,#5296);
#5295 = CARTESIAN_POINT('',(-9.010672487179,-6.309340799862,101.7));
#5296 = VECTOR('',#5297,1.);
#5297 = DIRECTION('',(-0.819152044289,-0.573576436351,0.));
#5298 = PCURVE('',#5043,#5299);
#5299 = DEFINITIONAL_REPRESENTATION('',(#5300),#5303);
#5300 = B_SPLINE_CURVE_WITH_KNOTS('',1,(#5301,#5302),.UNSPECIFIED.,.F.,
  .F.,(2,2),(7.85,14.15),.PIECEWISE_BEZIER_KNOTS.);
#5301 = CARTESIAN_POINT('',(-15.44101603484,-10.81191582521));
#5302 = CARTESIAN_POINT('',(-20.60167391386,-14.42544737422));
#5303 = ( GEOMETRIC_REPRESENTATION_CONTEXT(2) 
PARAMETRIC_REPRESENTATION_CONTEXT() REPRESENTATION_CONTEXT('2D SPACE',''
  ) );
#5304 = PCURVE('',#5305,#5310);
#5305 = PLANE('',#5306);
#5306 = AXIS2_PLACEMENT_3D('',#5307,#5308,#5309);
#5307 = CARTESIAN_POINT('',(-18.02134497435,-12.61868159972,105.195));
#5308 = DIRECTION('',(-0.573576436351,0.819152044289,0.));
#5309 = DIRECTION('',(-0.819152044289,-0.573576436351,0.));
#5310 = DEFINITIONAL_REPRESENTATION('',(#5311),#5314);
#5311 = B_SPLINE_CURVE_WITH_KNOTS('',1,(#5312,#5313),.UNSPECIFIED.,.F.,
  .F.,(2,2),(7.85,14.15),.PIECEWISE_BEZIER_KNOTS.);
#5312 = CARTESIAN_POINT('',(-3.15,-3.495));
#5313 = CARTESIAN_POINT('',(3.15,-3.495));
#5314 = ( GEOMETRIC_REPRESENTATION_CONTEXT(2) 
PARAMETRIC_REPRESENTATION_CONTEXT() REPRESENTATION_CONTEXT('2D SPACE',''
  ) );
#5315 = ORIENTED_EDGE('',*,*,#5316,.F.);
#5316 = EDGE_CURVE('',#5317,#5291,#5319,.T.);
#5317 = VERTEX_POINT('',#5318);
#5318 = CARTESIAN_POINT('',(-16.4444772891,11.514546959747,101.7));
#5319 = SURFACE_CURVE('',#5320,(#5325,#5332),.PCURVE_S1.);
#5320 = CIRCLE('',#5321,20.075);
#5321 = AXIS2_PLACEMENT_3D('',#5322,#5323,#5324);
#5322 = CARTESIAN_POINT('',(0.,0.,101.7));
#5323 = DIRECTION('',(0.,0.,1.));
#5324 = DIRECTION('',(1.,0.,-0.));
#5325 = PCURVE('',#5043,#5326);
#5326 = DEFINITIONAL_REPRESENTATION('',(#5327),#5331);
#5327 = CIRCLE('',#5328,20.075);
#5328 = AXIS2_PLACEMENT_2D('',#5329,#5330);
#5329 = CARTESIAN_POINT('',(0.,0.));
#5330 = DIRECTION('',(1.,0.));
#5331 = ( GEOMETRIC_REPRESENTATION_CONTEXT(2) 
PARAMETRIC_REPRESENTATION_CONTEXT() REPRESENTATION_CONTEXT('2D SPACE',''
  ) );
#5332 = PCURVE('',#5116,#5333);
#5333 = DEFINITIONAL_REPRESENTATION('',(#5334),#5338);
#5334 = LINE('',#5335,#5336);
#5335 = CARTESIAN_POINT('',(0.,1.000000000001E-02));
#5336 = VECTOR('',#5337,1.);
#5337 = DIRECTION('',(1.,0.));
#5338 = ( GEOMETRIC_REPRESENTATION_CONTEXT(2) 
PARAMETRIC_REPRESENTATION_CONTEXT() REPRESENTATION_CONTEXT('2D SPACE',''
  ) );
#5339 = ORIENTED_EDGE('',*,*,#5340,.T.);
#5340 = EDGE_CURVE('',#5317,#5341,#5343,.T.);
#5341 = VERTEX_POINT('',#5342);
#5342 = CARTESIAN_POINT('',(-20.60167391386,14.425447374229,101.7));
#5343 = SURFACE_CURVE('',#5344,(#5348,#5354),.PCURVE_S1.);
#5344 = LINE('',#5345,#5346);
#5345 = CARTESIAN_POINT('',(-9.010672487179,6.309340799862,101.7));
#5346 = VECTOR('',#5347,1.);
#5347 = DIRECTION('',(-0.819152044289,0.573576436351,0.));
#5348 = PCURVE('',#5043,#5349);
#5349 = DEFINITIONAL_REPRESENTATION('',(#5350),#5353);
#5350 = B_SPLINE_CURVE_WITH_KNOTS('',1,(#5351,#5352),.UNSPECIFIED.,.F.,
  .F.,(2,2),(7.85,14.15),.PIECEWISE_BEZIER_KNOTS.);
#5351 = CARTESIAN_POINT('',(-15.44101603484,10.811915825217));
#5352 = CARTESIAN_POINT('',(-20.60167391386,14.425447374229));
#5353 = ( GEOMETRIC_REPRESENTATION_CONTEXT(2) 
PARAMETRIC_REPRESENTATION_CONTEXT() REPRESENTATION_CONTEXT('2D SPACE',''
  ) );
#5354 = PCURVE('',#5355,#5360);
#5355 = PLANE('',#5356);
#5356 = AXIS2_PLACEMENT_3D('',#5357,#5358,#5359);
#5357 = CARTESIAN_POINT('',(-18.02134497435,12.618681599723,105.195));
#5358 = DIRECTION('',(0.573576436351,0.819152044289,0.));
#5359 = DIRECTION('',(-0.819152044289,0.573576436351,0.));
#5360 = DEFINITIONAL_REPRESENTATION('',(#5361),#5365);
#5361 = LINE('',#5362,#5363);
#5362 = CARTESIAN_POINT('',(-11.,-3.495));
#5363 = VECTOR('',#5364,1.);
#5364 = DIRECTION('',(1.,0.));
#5365 = ( GEOMETRIC_REPRESENTATION_CONTEXT(2) 
PARAMETRIC_REPRESENTATION_CONTEXT() REPRESENTATION_CONTEXT('2D SPACE',''
  ) );
#5366 = ORIENTED_EDGE('',*,*,#5367,.F.);
#5367 = EDGE_CURVE('',#5368,#5341,#5370,.T.);
#5368 = VERTEX_POINT('',#5369);
#5369 = CARTESIAN_POINT('',(-2.191966930104,25.054296657007,101.7));
#5370 = SURFACE_CURVE('',#5371,(#5376,#5383),.PCURVE_S1.);
#5371 = CIRCLE('',#5372,25.15);
#5372 = AXIS2_PLACEMENT_3D('',#5373,#5374,#5375);
#5373 = CARTESIAN_POINT('',(0.,0.,101.7));
#5374 = DIRECTION('',(0.,0.,1.));
#5375 = DIRECTION('',(-8.715574274766E-02,0.996194698092,0.));
#5376 = PCURVE('',#5043,#5377);
#5377 = DEFINITIONAL_REPRESENTATION('',(#5378),#5382);
#5378 = CIRCLE('',#5379,25.15);
#5379 = AXIS2_PLACEMENT_2D('',#5380,#5381);
#5380 = CARTESIAN_POINT('',(0.,0.));
#5381 = DIRECTION('',(-8.715574274766E-02,0.996194698092));
#5382 = ( GEOMETRIC_REPRESENTATION_CONTEXT(2) 
PARAMETRIC_REPRESENTATION_CONTEXT() REPRESENTATION_CONTEXT('2D SPACE',''
  ) );
#5383 = PCURVE('',#5384,#5389);
#5384 = CYLINDRICAL_SURFACE('',#5385,25.15);
#5385 = AXIS2_PLACEMENT_3D('',#5386,#5387,#5388);
#5386 = CARTESIAN_POINT('',(0.,0.,101.69));
#5387 = DIRECTION('',(0.,0.,1.));
#5388 = DIRECTION('',(-8.715574274766E-02,0.996194698092,0.));
#5389 = DEFINITIONAL_REPRESENTATION('',(#5390),#5394);
#5390 = LINE('',#5391,#5392);
#5391 = CARTESIAN_POINT('',(0.,1.000000000001E-02));
#5392 = VECTOR('',#5393,1.);
#5393 = DIRECTION('',(1.,0.));
#5394 = ( GEOMETRIC_REPRESENTATION_CONTEXT(2) 
PARAMETRIC_REPRESENTATION_CONTEXT() REPRESENTATION_CONTEXT('2D SPACE',''
  ) );
#5395 = ORIENTED_EDGE('',*,*,#5396,.F.);
#5396 = EDGE_CURVE('',#5100,#5368,#5397,.T.);
#5397 = SURFACE_CURVE('',#5398,(#5402,#5408),.PCURVE_S1.);
#5398 = LINE('',#5399,#5400);
#5399 = CARTESIAN_POINT('',(-0.958713170224,10.958141679009,101.7));
#5400 = VECTOR('',#5401,1.);
#5401 = DIRECTION('',(-8.715574274766E-02,0.996194698092,0.));
#5402 = PCURVE('',#5043,#5403);
#5403 = DEFINITIONAL_REPRESENTATION('',(#5404),#5407);
#5404 = B_SPLINE_CURVE_WITH_KNOTS('',1,(#5405,#5406),.UNSPECIFIED.,.F.,
  .F.,(2,2),(7.85,14.15),.PIECEWISE_BEZIER_KNOTS.);
#5405 = CARTESIAN_POINT('',(-1.642885750793,18.778270059029));
#5406 = CARTESIAN_POINT('',(-2.191966930104,25.054296657007));
#5407 = ( GEOMETRIC_REPRESENTATION_CONTEXT(2) 
PARAMETRIC_REPRESENTATION_CONTEXT() REPRESENTATION_CONTEXT('2D SPACE',''
  ) );
#5408 = PCURVE('',#5409,#5414);
#5409 = PLANE('',#5410);
#5410 = AXIS2_PLACEMENT_3D('',#5411,#5412,#5413);
#5411 = CARTESIAN_POINT('',(-1.917426340448,21.916283358018,105.195));
#5412 = DIRECTION('',(0.996194698092,8.715574274766E-02,0.));
#5413 = DIRECTION('',(-8.715574274766E-02,0.996194698092,0.));
#5414 = DEFINITIONAL_REPRESENTATION('',(#5415),#5418);
#5415 = B_SPLINE_CURVE_WITH_KNOTS('',1,(#5416,#5417),.UNSPECIFIED.,.F.,
  .F.,(2,2),(7.85,14.15),.PIECEWISE_BEZIER_KNOTS.);
#5416 = CARTESIAN_POINT('',(-3.15,-3.495));
#5417 = CARTESIAN_POINT('',(3.15,-3.495));
#5418 = ( GEOMETRIC_REPRESENTATION_CONTEXT(2) 
PARAMETRIC_REPRESENTATION_CONTEXT() REPRESENTATION_CONTEXT('2D SPACE',''
  ) );
#5419 = ADVANCED_FACE('',(#5420),#5079,.T.);
#5420 = FACE_BOUND('',#5421,.T.);
#5421 = EDGE_LOOP('',(#5422,#5451,#5472,#5473));
#5422 = ORIENTED_EDGE('',*,*,#5423,.F.);
#5423 = EDGE_CURVE('',#5424,#5424,#5426,.T.);
#5424 = VERTEX_POINT('',#5425);
#5425 = CARTESIAN_POINT('',(6.,-1.469576158977E-15,147.7));
#5426 = SURFACE_CURVE('',#5427,(#5432,#5439),.PCURVE_S1.);
#5427 = CIRCLE('',#5428,6.);
#5428 = AXIS2_PLACEMENT_3D('',#5429,#5430,#5431);
#5429 = CARTESIAN_POINT('',(0.,0.,147.7));
#5430 = DIRECTION('',(0.,0.,1.));
#5431 = DIRECTION('',(1.,0.,-0.));
#5432 = PCURVE('',#5079,#5433);
#5433 = DEFINITIONAL_REPRESENTATION('',(#5434),#5438);
#5434 = LINE('',#5435,#5436);
#5435 = CARTESIAN_POINT('',(0.,24.));
#5436 = VECTOR('',#5437,1.);
#5437 = DIRECTION('',(1.,0.));
#5438 = ( GEOMETRIC_REPRESENTATION_CONTEXT(2) 
PARAMETRIC_REPRESENTATION_CONTEXT() REPRESENTATION_CONTEXT('2D SPACE',''
  ) );
#5439 = PCURVE('',#5440,#5445);
#5440 = PLANE('',#5441);
#5441 = AXIS2_PLACEMENT_3D('',#5442,#5443,#5444);
#5442 = CARTESIAN_POINT('',(0.,0.,147.7));
#5443 = DIRECTION('',(0.,0.,1.));
#5444 = DIRECTION('',(1.,0.,-0.));
#5445 = DEFINITIONAL_REPRESENTATION('',(#5446),#5450);
#5446 = CIRCLE('',#5447,6.);
#5447 = AXIS2_PLACEMENT_2D('',#5448,#5449);
#5448 = CARTESIAN_POINT('',(0.,0.));
#5449 = DIRECTION('',(1.,0.));
#5450 = ( GEOMETRIC_REPRESENTATION_CONTEXT(2) 
PARAMETRIC_REPRESENTATION_CONTEXT() REPRESENTATION_CONTEXT('2D SPACE',''
  ) );
#5451 = ORIENTED_EDGE('',*,*,#5452,.F.);
#5452 = EDGE_CURVE('',#5063,#5424,#5453,.T.);
#5453 = SEAM_CURVE('',#5454,(#5458,#5465),.PCURVE_S1.);
#5454 = LINE('',#5455,#5456);
#5455 = CARTESIAN_POINT('',(6.,-1.469576158977E-15,123.7));
#5456 = VECTOR('',#5457,1.);
#5457 = DIRECTION('',(0.,0.,1.));
#5458 = PCURVE('',#5079,#5459);
#5459 = DEFINITIONAL_REPRESENTATION('',(#5460),#5464);
#5460 = LINE('',#5461,#5462);
#5461 = CARTESIAN_POINT('',(6.28318530718,-0.));
#5462 = VECTOR('',#5463,1.);
#5463 = DIRECTION('',(0.,1.));
#5464 = ( GEOMETRIC_REPRESENTATION_CONTEXT(2) 
PARAMETRIC_REPRESENTATION_CONTEXT() REPRESENTATION_CONTEXT('2D SPACE',''
  ) );
#5465 = PCURVE('',#5079,#5466);
#5466 = DEFINITIONAL_REPRESENTATION('',(#5467),#5471);
#5467 = LINE('',#5468,#5469);
#5468 = CARTESIAN_POINT('',(0.,-0.));
#5469 = VECTOR('',#5470,1.);
#5470 = DIRECTION('',(0.,1.));
#5471 = ( GEOMETRIC_REPRESENTATION_CONTEXT(2) 
PARAMETRIC_REPRESENTATION_CONTEXT() REPRESENTATION_CONTEXT('2D SPACE',''
  ) );
#5472 = ORIENTED_EDGE('',*,*,#5062,.T.);
#5473 = ORIENTED_EDGE('',*,*,#5452,.T.);
#5474 = ADVANCED_FACE('',(#5475),#5116,.F.);
#5475 = FACE_BOUND('',#5476,.F.);
#5476 = EDGE_LOOP('',(#5477,#5508,#5534,#5563,#5589,#5618,#5644,#5677,
    #5700,#5726,#5727,#5751,#5772,#5773,#5794,#5823,#5849,#5878,#5904,
    #5933,#5959,#5992,#6013,#6014,#6035,#6064,#6090,#6119,#6145,#6174,
    #6200,#6233,#6254,#6255));
#5477 = ORIENTED_EDGE('',*,*,#5478,.F.);
#5478 = EDGE_CURVE('',#5479,#5481,#5483,.T.);
#5479 = VERTEX_POINT('',#5480);
#5480 = CARTESIAN_POINT('',(17.385459980973,-10.0375,103.7));
#5481 = VERTEX_POINT('',#5482);
#5482 = CARTESIAN_POINT('',(18.194128824761,-8.484061604445,103.7));
#5483 = SURFACE_CURVE('',#5484,(#5489,#5496),.PCURVE_S1.);
#5484 = CIRCLE('',#5485,20.075);
#5485 = AXIS2_PLACEMENT_3D('',#5486,#5487,#5488);
#5486 = CARTESIAN_POINT('',(0.,0.,103.7));
#5487 = DIRECTION('',(0.,0.,1.));
#5488 = DIRECTION('',(1.,0.,-0.));
#5489 = PCURVE('',#5116,#5490);
#5490 = DEFINITIONAL_REPRESENTATION('',(#5491),#5495);
#5491 = LINE('',#5492,#5493);
#5492 = CARTESIAN_POINT('',(0.,2.01));
#5493 = VECTOR('',#5494,1.);
#5494 = DIRECTION('',(1.,0.));
#5495 = ( GEOMETRIC_REPRESENTATION_CONTEXT(2) 
PARAMETRIC_REPRESENTATION_CONTEXT() REPRESENTATION_CONTEXT('2D SPACE',''
  ) );
#5496 = PCURVE('',#5497,#5502);
#5497 = PLANE('',#5498);
#5498 = AXIS2_PLACEMENT_3D('',#5499,#5500,#5501);
#5499 = CARTESIAN_POINT('',(0.,0.,103.7));
#5500 = DIRECTION('',(0.,0.,1.));
#5501 = DIRECTION('',(0.866025403784,-0.5,0.));
#5502 = DEFINITIONAL_REPRESENTATION('',(#5503),#5507);
#5503 = CIRCLE('',#5504,20.075);
#5504 = AXIS2_PLACEMENT_2D('',#5505,#5506);
#5505 = CARTESIAN_POINT('',(0.,0.));
#5506 = DIRECTION('',(0.866025403784,0.5));
#5507 = ( GEOMETRIC_REPRESENTATION_CONTEXT(2) 
PARAMETRIC_REPRESENTATION_CONTEXT() REPRESENTATION_CONTEXT('2D SPACE',''
  ) );
#5508 = ORIENTED_EDGE('',*,*,#5509,.T.);
#5509 = EDGE_CURVE('',#5479,#5510,#5512,.T.);
#5510 = VERTEX_POINT('',#5511);
#5511 = CARTESIAN_POINT('',(17.385459980973,-10.0375,104.25));
#5512 = SURFACE_CURVE('',#5513,(#5517,#5523),.PCURVE_S1.);
#5513 = LINE('',#5514,#5515);
#5514 = CARTESIAN_POINT('',(17.385459980973,-10.0375,101.69));
#5515 = VECTOR('',#5516,1.);
#5516 = DIRECTION('',(0.,0.,1.));
#5517 = PCURVE('',#5116,#5518);
#5518 = DEFINITIONAL_REPRESENTATION('',(#5519),#5522);
#5519 = B_SPLINE_CURVE_WITH_KNOTS('',1,(#5520,#5521),.UNSPECIFIED.,.F.,
  .F.,(2,2),(1.51,7.51),.PIECEWISE_BEZIER_KNOTS.);
#5520 = CARTESIAN_POINT('',(5.759586531581,1.51));
#5521 = CARTESIAN_POINT('',(5.759586531581,7.51));
#5522 = ( GEOMETRIC_REPRESENTATION_CONTEXT(2) 
PARAMETRIC_REPRESENTATION_CONTEXT() REPRESENTATION_CONTEXT('2D SPACE',''
  ) );
#5523 = PCURVE('',#5524,#5529);
#5524 = PLANE('',#5525);
#5525 = AXIS2_PLACEMENT_3D('',#5526,#5527,#5528);
#5526 = CARTESIAN_POINT('',(19.052558883258,-11.,106.2));
#5527 = DIRECTION('',(-0.5,-0.866025403784,0.));
#5528 = DIRECTION('',(0.866025403784,-0.5,0.));
#5529 = DEFINITIONAL_REPRESENTATION('',(#5530),#5533);
#5530 = B_SPLINE_CURVE_WITH_KNOTS('',1,(#5531,#5532),.UNSPECIFIED.,.F.,
  .F.,(2,2),(1.51,7.51),.PIECEWISE_BEZIER_KNOTS.);
#5531 = CARTESIAN_POINT('',(-1.925,-3.));
#5532 = CARTESIAN_POINT('',(-1.925,3.));
#5533 = ( GEOMETRIC_REPRESENTATION_CONTEXT(2) 
PARAMETRIC_REPRESENTATION_CONTEXT() REPRESENTATION_CONTEXT('2D SPACE',''
  ) );
#5534 = ORIENTED_EDGE('',*,*,#5535,.F.);
#5535 = EDGE_CURVE('',#5536,#5510,#5538,.T.);
#5536 = VERTEX_POINT('',#5537);
#5537 = CARTESIAN_POINT('',(1.749651535659,-19.99860856419,104.25));
#5538 = SURFACE_CURVE('',#5539,(#5544,#5551),.PCURVE_S1.);
#5539 = CIRCLE('',#5540,20.075);
#5540 = AXIS2_PLACEMENT_3D('',#5541,#5542,#5543);
#5541 = CARTESIAN_POINT('',(0.,0.,104.25));
#5542 = DIRECTION('',(0.,0.,1.));
#5543 = DIRECTION('',(1.,0.,-0.));
#5544 = PCURVE('',#5116,#5545);
#5545 = DEFINITIONAL_REPRESENTATION('',(#5546),#5550);
#5546 = LINE('',#5547,#5548);
#5547 = CARTESIAN_POINT('',(0.,2.56));
#5548 = VECTOR('',#5549,1.);
#5549 = DIRECTION('',(1.,0.));
#5550 = ( GEOMETRIC_REPRESENTATION_CONTEXT(2) 
PARAMETRIC_REPRESENTATION_CONTEXT() REPRESENTATION_CONTEXT('2D SPACE',''
  ) );
#5551 = PCURVE('',#5552,#5557);
#5552 = PLANE('',#5553);
#5553 = AXIS2_PLACEMENT_3D('',#5554,#5555,#5556);
#5554 = CARTESIAN_POINT('',(0.,0.,104.25));
#5555 = DIRECTION('',(0.,0.,1.));
#5556 = DIRECTION('',(8.715574274766E-02,-0.996194698092,0.));
#5557 = DEFINITIONAL_REPRESENTATION('',(#5558),#5562);
#5558 = CIRCLE('',#5559,20.075);
#5559 = AXIS2_PLACEMENT_2D('',#5560,#5561);
#5560 = CARTESIAN_POINT('',(0.,0.));
#5561 = DIRECTION('',(8.715574274766E-02,0.996194698092));
#5562 = ( GEOMETRIC_REPRESENTATION_CONTEXT(2) 
PARAMETRIC_REPRESENTATION_CONTEXT() REPRESENTATION_CONTEXT('2D SPACE',''
  ) );
#5563 = ORIENTED_EDGE('',*,*,#5564,.T.);
#5564 = EDGE_CURVE('',#5536,#5565,#5567,.T.);
#5565 = VERTEX_POINT('',#5566);
#5566 = CARTESIAN_POINT('',(1.749651535659,-19.99860856419,108.15));
#5567 = SURFACE_CURVE('',#5568,(#5572,#5578),.PCURVE_S1.);
#5568 = LINE('',#5569,#5570);
#5569 = CARTESIAN_POINT('',(1.749651535659,-19.99860856419,101.69));
#5570 = VECTOR('',#5571,1.);
#5571 = DIRECTION('',(0.,0.,1.));
#5572 = PCURVE('',#5116,#5573);
#5573 = DEFINITIONAL_REPRESENTATION('',(#5574),#5577);
#5574 = B_SPLINE_CURVE_WITH_KNOTS('',1,(#5575,#5576),.UNSPECIFIED.,.F.,
  .F.,(2,2),(2.17,6.85),.PIECEWISE_BEZIER_KNOTS.);
#5575 = CARTESIAN_POINT('',(4.799655442984,2.17));
#5576 = CARTESIAN_POINT('',(4.799655442984,6.85));
#5577 = ( GEOMETRIC_REPRESENTATION_CONTEXT(2) 
PARAMETRIC_REPRESENTATION_CONTEXT() REPRESENTATION_CONTEXT('2D SPACE',''
  ) );
#5578 = PCURVE('',#5579,#5584);
#5579 = PLANE('',#5580);
#5580 = AXIS2_PLACEMENT_3D('',#5581,#5582,#5583);
#5581 = CARTESIAN_POINT('',(1.917426340448,-21.91628335801,106.2));
#5582 = DIRECTION('',(-0.996194698092,-8.715574274766E-02,0.));
#5583 = DIRECTION('',(8.715574274766E-02,-0.996194698092,0.));
#5584 = DEFINITIONAL_REPRESENTATION('',(#5585),#5588);
#5585 = B_SPLINE_CURVE_WITH_KNOTS('',1,(#5586,#5587),.UNSPECIFIED.,.F.,
  .F.,(2,2),(2.17,6.85),.PIECEWISE_BEZIER_KNOTS.);
#5586 = CARTESIAN_POINT('',(-1.925,-2.34));
#5587 = CARTESIAN_POINT('',(-1.925,2.34));
#5588 = ( GEOMETRIC_REPRESENTATION_CONTEXT(2) 
PARAMETRIC_REPRESENTATION_CONTEXT() REPRESENTATION_CONTEXT('2D SPACE',''
  ) );
#5589 = ORIENTED_EDGE('',*,*,#5590,.T.);
#5590 = EDGE_CURVE('',#5565,#5591,#5593,.T.);
#5591 = VERTEX_POINT('',#5592);
#5592 = CARTESIAN_POINT('',(17.385459980973,-10.0375,108.15));
#5593 = SURFACE_CURVE('',#5594,(#5599,#5606),.PCURVE_S1.);
#5594 = CIRCLE('',#5595,20.075);
#5595 = AXIS2_PLACEMENT_3D('',#5596,#5597,#5598);
#5596 = CARTESIAN_POINT('',(0.,0.,108.15));
#5597 = DIRECTION('',(0.,0.,1.));
#5598 = DIRECTION('',(1.,0.,-0.));
#5599 = PCURVE('',#5116,#5600);
#5600 = DEFINITIONAL_REPRESENTATION('',(#5601),#5605);
#5601 = LINE('',#5602,#5603);
#5602 = CARTESIAN_POINT('',(0.,6.46));
#5603 = VECTOR('',#5604,1.);
#5604 = DIRECTION('',(1.,0.));
#5605 = ( GEOMETRIC_REPRESENTATION_CONTEXT(2) 
PARAMETRIC_REPRESENTATION_CONTEXT() REPRESENTATION_CONTEXT('2D SPACE',''
  ) );
#5606 = PCURVE('',#5607,#5612);
#5607 = PLANE('',#5608);
#5608 = AXIS2_PLACEMENT_3D('',#5609,#5610,#5611);
#5609 = CARTESIAN_POINT('',(0.,0.,108.15));
#5610 = DIRECTION('',(0.,0.,1.));
#5611 = DIRECTION('',(8.715574274766E-02,-0.996194698092,0.));
#5612 = DEFINITIONAL_REPRESENTATION('',(#5613),#5617);
#5613 = CIRCLE('',#5614,20.075);
#5614 = AXIS2_PLACEMENT_2D('',#5615,#5616);
#5615 = CARTESIAN_POINT('',(0.,0.));
#5616 = DIRECTION('',(8.715574274766E-02,0.996194698092));
#5617 = ( GEOMETRIC_REPRESENTATION_CONTEXT(2) 
PARAMETRIC_REPRESENTATION_CONTEXT() REPRESENTATION_CONTEXT('2D SPACE',''
  ) );
#5618 = ORIENTED_EDGE('',*,*,#5619,.T.);
#5619 = EDGE_CURVE('',#5591,#5620,#5622,.T.);
#5620 = VERTEX_POINT('',#5621);
#5621 = CARTESIAN_POINT('',(17.385459980973,-10.0375,108.7));
#5622 = SURFACE_CURVE('',#5623,(#5627,#5633),.PCURVE_S1.);
#5623 = LINE('',#5624,#5625);
#5624 = CARTESIAN_POINT('',(17.385459980973,-10.0375,101.69));
#5625 = VECTOR('',#5626,1.);
#5626 = DIRECTION('',(0.,0.,1.));
#5627 = PCURVE('',#5116,#5628);
#5628 = DEFINITIONAL_REPRESENTATION('',(#5629),#5632);
#5629 = B_SPLINE_CURVE_WITH_KNOTS('',1,(#5630,#5631),.UNSPECIFIED.,.F.,
  .F.,(2,2),(1.51,7.51),.PIECEWISE_BEZIER_KNOTS.);
#5630 = CARTESIAN_POINT('',(5.759586531581,1.51));
#5631 = CARTESIAN_POINT('',(5.759586531581,7.51));
#5632 = ( GEOMETRIC_REPRESENTATION_CONTEXT(2) 
PARAMETRIC_REPRESENTATION_CONTEXT() REPRESENTATION_CONTEXT('2D SPACE',''
  ) );
#5633 = PCURVE('',#5634,#5639);
#5634 = PLANE('',#5635);
#5635 = AXIS2_PLACEMENT_3D('',#5636,#5637,#5638);
#5636 = CARTESIAN_POINT('',(19.052558883258,-11.,106.2));
#5637 = DIRECTION('',(-0.5,-0.866025403784,0.));
#5638 = DIRECTION('',(0.866025403784,-0.5,0.));
#5639 = DEFINITIONAL_REPRESENTATION('',(#5640),#5643);
#5640 = B_SPLINE_CURVE_WITH_KNOTS('',1,(#5641,#5642),.UNSPECIFIED.,.F.,
  .F.,(2,2),(1.51,7.51),.PIECEWISE_BEZIER_KNOTS.);
#5641 = CARTESIAN_POINT('',(-1.925,-3.));
#5642 = CARTESIAN_POINT('',(-1.925,3.));
#5643 = ( GEOMETRIC_REPRESENTATION_CONTEXT(2) 
PARAMETRIC_REPRESENTATION_CONTEXT() REPRESENTATION_CONTEXT('2D SPACE',''
  ) );
#5644 = ORIENTED_EDGE('',*,*,#5645,.F.);
#5645 = EDGE_CURVE('',#5646,#5620,#5648,.T.);
#5646 = VERTEX_POINT('',#5647);
#5647 = CARTESIAN_POINT('',(20.075,-4.916956898577E-15,108.7));
#5648 = SURFACE_CURVE('',#5649,(#5654,#5661),.PCURVE_S1.);
#5649 = CIRCLE('',#5650,20.075);
#5650 = AXIS2_PLACEMENT_3D('',#5651,#5652,#5653);
#5651 = CARTESIAN_POINT('',(0.,0.,108.7));
#5652 = DIRECTION('',(0.,0.,-1.));
#5653 = DIRECTION('',(1.,-2.449293598295E-16,0.));
#5654 = PCURVE('',#5116,#5655);
#5655 = DEFINITIONAL_REPRESENTATION('',(#5656),#5660);
#5656 = LINE('',#5657,#5658);
#5657 = CARTESIAN_POINT('',(6.28318530718,7.01));
#5658 = VECTOR('',#5659,1.);
#5659 = DIRECTION('',(-1.,-0.));
#5660 = ( GEOMETRIC_REPRESENTATION_CONTEXT(2) 
PARAMETRIC_REPRESENTATION_CONTEXT() REPRESENTATION_CONTEXT('2D SPACE',''
  ) );
#5661 = PCURVE('',#5662,#5667);
#5662 = PLANE('',#5663);
#5663 = AXIS2_PLACEMENT_3D('',#5664,#5665,#5666);
#5664 = CARTESIAN_POINT('',(0.,0.,108.7));
#5665 = DIRECTION('',(0.,0.,1.));
#5666 = DIRECTION('',(0.866025403784,-0.5,0.));
#5667 = DEFINITIONAL_REPRESENTATION('',(#5668),#5676);
#5668 = ( BOUNDED_CURVE() B_SPLINE_CURVE(2,(#5669,#5670,#5671,#5672,
#5673,#5674,#5675),.UNSPECIFIED.,.T.,.F.) B_SPLINE_CURVE_WITH_KNOTS((1,2
    ,2,2,2,1),(-2.094395102393,0.,2.094395102393,4.188790204786,
6.28318530718,8.377580409573),.UNSPECIFIED.) CURVE() 
GEOMETRIC_REPRESENTATION_ITEM() RATIONAL_B_SPLINE_CURVE((1.,0.5,1.,0.5,
1.,0.5,1.)) REPRESENTATION_ITEM('') );
#5669 = CARTESIAN_POINT('',(17.385459980973,10.0375));
#5670 = CARTESIAN_POINT('',(34.770919961945,-20.075));
#5671 = CARTESIAN_POINT('',(-1.7763568394E-15,-20.075));
#5672 = CARTESIAN_POINT('',(-34.77091996194,-20.075));
#5673 = CARTESIAN_POINT('',(-17.38545998097,10.0375));
#5674 = CARTESIAN_POINT('',(-1.7763568394E-14,40.15));
#5675 = CARTESIAN_POINT('',(17.385459980973,10.0375));
#5676 = ( GEOMETRIC_REPRESENTATION_CONTEXT(2) 
PARAMETRIC_REPRESENTATION_CONTEXT() REPRESENTATION_CONTEXT('2D SPACE',''
  ) );
#5677 = ORIENTED_EDGE('',*,*,#5678,.T.);
#5678 = EDGE_CURVE('',#5646,#5679,#5681,.T.);
#5679 = VERTEX_POINT('',#5680);
#5680 = CARTESIAN_POINT('',(20.075,-4.916956898577E-15,110.7));
#5681 = SEAM_CURVE('',#5682,(#5686,#5693),.PCURVE_S1.);
#5682 = LINE('',#5683,#5684);
#5683 = CARTESIAN_POINT('',(20.075,-4.916956898577E-15,101.69));
#5684 = VECTOR('',#5685,1.);
#5685 = DIRECTION('',(0.,0.,1.));
#5686 = PCURVE('',#5116,#5687);
#5687 = DEFINITIONAL_REPRESENTATION('',(#5688),#5692);
#5688 = LINE('',#5689,#5690);
#5689 = CARTESIAN_POINT('',(0.,-0.));
#5690 = VECTOR('',#5691,1.);
#5691 = DIRECTION('',(0.,1.));
#5692 = ( GEOMETRIC_REPRESENTATION_CONTEXT(2) 
PARAMETRIC_REPRESENTATION_CONTEXT() REPRESENTATION_CONTEXT('2D SPACE',''
  ) );
#5693 = PCURVE('',#5116,#5694);
#5694 = DEFINITIONAL_REPRESENTATION('',(#5695),#5699);
#5695 = LINE('',#5696,#5697);
#5696 = CARTESIAN_POINT('',(6.28318530718,-0.));
#5697 = VECTOR('',#5698,1.);
#5698 = DIRECTION('',(0.,1.));
#5699 = ( GEOMETRIC_REPRESENTATION_CONTEXT(2) 
PARAMETRIC_REPRESENTATION_CONTEXT() REPRESENTATION_CONTEXT('2D SPACE',''
  ) );
#5700 = ORIENTED_EDGE('',*,*,#5701,.F.);
#5701 = EDGE_CURVE('',#5679,#5679,#5702,.T.);
#5702 = SURFACE_CURVE('',#5703,(#5708,#5714),.PCURVE_S1.);
#5703 = CIRCLE('',#5704,20.075);
#5704 = AXIS2_PLACEMENT_3D('',#5705,#5706,#5707);
#5705 = CARTESIAN_POINT('',(0.,0.,110.7));
#5706 = DIRECTION('',(0.,0.,1.));
#5707 = DIRECTION('',(1.,0.,-0.));
#5708 = PCURVE('',#5116,#5709);
#5709 = DEFINITIONAL_REPRESENTATION('',(#5710),#5713);
#5710 = B_SPLINE_CURVE_WITH_KNOTS('',1,(#5711,#5712),.UNSPECIFIED.,.F.,
  .F.,(2,2),(0.,6.28318530718),.PIECEWISE_BEZIER_KNOTS.);
#5711 = CARTESIAN_POINT('',(0.,9.01));
#5712 = CARTESIAN_POINT('',(6.28318530718,9.01));
#5713 = ( GEOMETRIC_REPRESENTATION_CONTEXT(2) 
PARAMETRIC_REPRESENTATION_CONTEXT() REPRESENTATION_CONTEXT('2D SPACE',''
  ) );
#5714 = PCURVE('',#5715,#5720);
#5715 = CONICAL_SURFACE('',#5716,20.075,0.463647609001);
#5716 = AXIS2_PLACEMENT_3D('',#5717,#5718,#5719);
#5717 = CARTESIAN_POINT('',(0.,0.,110.7));
#5718 = DIRECTION('',(-0.,-0.,-1.));
#5719 = DIRECTION('',(1.,0.,-0.));
#5720 = DEFINITIONAL_REPRESENTATION('',(#5721),#5725);
#5721 = LINE('',#5722,#5723);
#5722 = CARTESIAN_POINT('',(-0.,-0.));
#5723 = VECTOR('',#5724,1.);
#5724 = DIRECTION('',(-1.,-0.));
#5725 = ( GEOMETRIC_REPRESENTATION_CONTEXT(2) 
PARAMETRIC_REPRESENTATION_CONTEXT() REPRESENTATION_CONTEXT('2D SPACE',''
  ) );
#5726 = ORIENTED_EDGE('',*,*,#5678,.F.);
#5727 = ORIENTED_EDGE('',*,*,#5728,.T.);
#5728 = EDGE_CURVE('',#5646,#5729,#5731,.T.);
#5729 = VERTEX_POINT('',#5730);
#5730 = CARTESIAN_POINT('',(18.194128824761,8.484061604445,108.7));
#5731 = SURFACE_CURVE('',#5732,(#5737,#5744),.PCURVE_S1.);
#5732 = CIRCLE('',#5733,20.075);
#5733 = AXIS2_PLACEMENT_3D('',#5734,#5735,#5736);
#5734 = CARTESIAN_POINT('',(0.,0.,108.7));
#5735 = DIRECTION('',(0.,0.,1.));
#5736 = DIRECTION('',(1.,0.,-0.));
#5737 = PCURVE('',#5116,#5738);
#5738 = DEFINITIONAL_REPRESENTATION('',(#5739),#5743);
#5739 = LINE('',#5740,#5741);
#5740 = CARTESIAN_POINT('',(0.,7.01));
#5741 = VECTOR('',#5742,1.);
#5742 = DIRECTION('',(1.,0.));
#5743 = ( GEOMETRIC_REPRESENTATION_CONTEXT(2) 
PARAMETRIC_REPRESENTATION_CONTEXT() REPRESENTATION_CONTEXT('2D SPACE',''
  ) );
#5744 = PCURVE('',#5662,#5745);
#5745 = DEFINITIONAL_REPRESENTATION('',(#5746),#5750);
#5746 = CIRCLE('',#5747,20.075);
#5747 = AXIS2_PLACEMENT_2D('',#5748,#5749);
#5748 = CARTESIAN_POINT('',(0.,0.));
#5749 = DIRECTION('',(0.866025403784,0.5));
#5750 = ( GEOMETRIC_REPRESENTATION_CONTEXT(2) 
PARAMETRIC_REPRESENTATION_CONTEXT() REPRESENTATION_CONTEXT('2D SPACE',''
  ) );
#5751 = ORIENTED_EDGE('',*,*,#5752,.F.);
#5752 = EDGE_CURVE('',#5098,#5729,#5753,.T.);
#5753 = SURFACE_CURVE('',#5754,(#5758,#5765),.PCURVE_S1.);
#5754 = LINE('',#5755,#5756);
#5755 = CARTESIAN_POINT('',(18.194128824761,8.484061604445,101.7));
#5756 = VECTOR('',#5757,1.);
#5757 = DIRECTION('',(-5.075305255429E-16,5.075305255429E-16,1.));
#5758 = PCURVE('',#5116,#5759);
#5759 = DEFINITIONAL_REPRESENTATION('',(#5760),#5764);
#5760 = LINE('',#5761,#5762);
#5761 = CARTESIAN_POINT('',(0.436332312999,1.000000000001E-02));
#5762 = VECTOR('',#5763,1.);
#5763 = DIRECTION('',(0.,1.));
#5764 = ( GEOMETRIC_REPRESENTATION_CONTEXT(2) 
PARAMETRIC_REPRESENTATION_CONTEXT() REPRESENTATION_CONTEXT('2D SPACE',''
  ) );
#5765 = PCURVE('',#5143,#5766);
#5766 = DEFINITIONAL_REPRESENTATION('',(#5767),#5771);
#5767 = LINE('',#5768,#5769);
#5768 = CARTESIAN_POINT('',(-1.925,-3.495));
#5769 = VECTOR('',#5770,1.);
#5770 = DIRECTION('',(-2.454871989731E-16,1.));
#5771 = ( GEOMETRIC_REPRESENTATION_CONTEXT(2) 
PARAMETRIC_REPRESENTATION_CONTEXT() REPRESENTATION_CONTEXT('2D SPACE',''
  ) );
#5772 = ORIENTED_EDGE('',*,*,#5097,.T.);
#5773 = ORIENTED_EDGE('',*,*,#5774,.T.);
#5774 = EDGE_CURVE('',#5100,#5775,#5777,.T.);
#5775 = VERTEX_POINT('',#5776);
#5776 = CARTESIAN_POINT('',(-1.749651535659,19.998608564192,103.7));
#5777 = SURFACE_CURVE('',#5778,(#5782,#5788),.PCURVE_S1.);
#5778 = LINE('',#5779,#5780);
#5779 = CARTESIAN_POINT('',(-1.749651535659,19.998608564192,101.69));
#5780 = VECTOR('',#5781,1.);
#5781 = DIRECTION('',(0.,0.,1.));
#5782 = PCURVE('',#5116,#5783);
#5783 = DEFINITIONAL_REPRESENTATION('',(#5784),#5787);
#5784 = B_SPLINE_CURVE_WITH_KNOTS('',1,(#5785,#5786),.UNSPECIFIED.,.F.,
  .F.,(2,2),(9.999399999998E-03,7.711),.PIECEWISE_BEZIER_KNOTS.);
#5785 = CARTESIAN_POINT('',(1.658062789395,9.999399999998E-03));
#5786 = CARTESIAN_POINT('',(1.658062789395,7.711));
#5787 = ( GEOMETRIC_REPRESENTATION_CONTEXT(2) 
PARAMETRIC_REPRESENTATION_CONTEXT() REPRESENTATION_CONTEXT('2D SPACE',''
  ) );
#5788 = PCURVE('',#5409,#5789);
#5789 = DEFINITIONAL_REPRESENTATION('',(#5790),#5793);
#5790 = B_SPLINE_CURVE_WITH_KNOTS('',1,(#5791,#5792),.UNSPECIFIED.,.F.,
  .F.,(2,2),(9.999399999998E-03,7.711),.PIECEWISE_BEZIER_KNOTS.);
#5791 = CARTESIAN_POINT('',(-1.925,-3.4950006));
#5792 = CARTESIAN_POINT('',(-1.925,4.206));
#5793 = ( GEOMETRIC_REPRESENTATION_CONTEXT(2) 
PARAMETRIC_REPRESENTATION_CONTEXT() REPRESENTATION_CONTEXT('2D SPACE',''
  ) );
#5794 = ORIENTED_EDGE('',*,*,#5795,.F.);
#5795 = EDGE_CURVE('',#5796,#5775,#5798,.T.);
#5796 = VERTEX_POINT('',#5797);
#5797 = CARTESIAN_POINT('',(4.45754544387E-15,20.075,103.7));
#5798 = SURFACE_CURVE('',#5799,(#5804,#5811),.PCURVE_S1.);
#5799 = CIRCLE('',#5800,20.075);
#5800 = AXIS2_PLACEMENT_3D('',#5801,#5802,#5803);
#5801 = CARTESIAN_POINT('',(0.,0.,103.7));
#5802 = DIRECTION('',(0.,0.,1.));
#5803 = DIRECTION('',(1.,0.,-0.));
#5804 = PCURVE('',#5116,#5805);
#5805 = DEFINITIONAL_REPRESENTATION('',(#5806),#5810);
#5806 = LINE('',#5807,#5808);
#5807 = CARTESIAN_POINT('',(0.,2.01));
#5808 = VECTOR('',#5809,1.);
#5809 = DIRECTION('',(1.,0.));
#5810 = ( GEOMETRIC_REPRESENTATION_CONTEXT(2) 
PARAMETRIC_REPRESENTATION_CONTEXT() REPRESENTATION_CONTEXT('2D SPACE',''
  ) );
#5811 = PCURVE('',#5812,#5817);
#5812 = PLANE('',#5813);
#5813 = AXIS2_PLACEMENT_3D('',#5814,#5815,#5816);
#5814 = CARTESIAN_POINT('',(0.,0.,103.7));
#5815 = DIRECTION('',(0.,0.,1.));
#5816 = DIRECTION('',(2.22044604925E-16,1.,0.));
#5817 = DEFINITIONAL_REPRESENTATION('',(#5818),#5822);
#5818 = CIRCLE('',#5819,20.075);
#5819 = AXIS2_PLACEMENT_2D('',#5820,#5821);
#5820 = CARTESIAN_POINT('',(0.,0.));
#5821 = DIRECTION('',(2.22044604925E-16,-1.));
#5822 = ( GEOMETRIC_REPRESENTATION_CONTEXT(2) 
PARAMETRIC_REPRESENTATION_CONTEXT() REPRESENTATION_CONTEXT('2D SPACE',''
  ) );
#5823 = ORIENTED_EDGE('',*,*,#5824,.T.);
#5824 = EDGE_CURVE('',#5796,#5825,#5827,.T.);
#5825 = VERTEX_POINT('',#5826);
#5826 = CARTESIAN_POINT('',(4.45754544387E-15,20.075,104.25));
#5827 = SURFACE_CURVE('',#5828,(#5832,#5838),.PCURVE_S1.);
#5828 = LINE('',#5829,#5830);
#5829 = CARTESIAN_POINT('',(4.45754544387E-15,20.075,101.69));
#5830 = VECTOR('',#5831,1.);
#5831 = DIRECTION('',(0.,0.,1.));
#5832 = PCURVE('',#5116,#5833);
#5833 = DEFINITIONAL_REPRESENTATION('',(#5834),#5837);
#5834 = B_SPLINE_CURVE_WITH_KNOTS('',1,(#5835,#5836),.UNSPECIFIED.,.F.,
  .F.,(2,2),(1.51,7.51),.PIECEWISE_BEZIER_KNOTS.);
#5835 = CARTESIAN_POINT('',(1.570796326795,1.51));
#5836 = CARTESIAN_POINT('',(1.570796326795,7.51));
#5837 = ( GEOMETRIC_REPRESENTATION_CONTEXT(2) 
PARAMETRIC_REPRESENTATION_CONTEXT() REPRESENTATION_CONTEXT('2D SPACE',''
  ) );
#5838 = PCURVE('',#5839,#5844);
#5839 = PLANE('',#5840);
#5840 = AXIS2_PLACEMENT_3D('',#5841,#5842,#5843);
#5841 = CARTESIAN_POINT('',(4.884981308351E-15,22.,106.2));
#5842 = DIRECTION('',(1.,-2.22044604925E-16,0.));
#5843 = DIRECTION('',(2.22044604925E-16,1.,0.));
#5844 = DEFINITIONAL_REPRESENTATION('',(#5845),#5848);
#5845 = B_SPLINE_CURVE_WITH_KNOTS('',1,(#5846,#5847),.UNSPECIFIED.,.F.,
  .F.,(2,2),(1.51,7.51),.PIECEWISE_BEZIER_KNOTS.);
#5846 = CARTESIAN_POINT('',(-1.925,-3.));
#5847 = CARTESIAN_POINT('',(-1.925,3.));
#5848 = ( GEOMETRIC_REPRESENTATION_CONTEXT(2) 
PARAMETRIC_REPRESENTATION_CONTEXT() REPRESENTATION_CONTEXT('2D SPACE',''
  ) );
#5849 = ORIENTED_EDGE('',*,*,#5850,.F.);
#5850 = EDGE_CURVE('',#5851,#5825,#5853,.T.);
#5851 = VERTEX_POINT('',#5852);
#5852 = CARTESIAN_POINT('',(16.444477289102,11.514546959747,104.25));
#5853 = SURFACE_CURVE('',#5854,(#5859,#5866),.PCURVE_S1.);
#5854 = CIRCLE('',#5855,20.075);
#5855 = AXIS2_PLACEMENT_3D('',#5856,#5857,#5858);
#5856 = CARTESIAN_POINT('',(0.,0.,104.25));
#5857 = DIRECTION('',(0.,0.,1.));
#5858 = DIRECTION('',(1.,0.,-0.));
#5859 = PCURVE('',#5116,#5860);
#5860 = DEFINITIONAL_REPRESENTATION('',(#5861),#5865);
#5861 = LINE('',#5862,#5863);
#5862 = CARTESIAN_POINT('',(0.,2.56));
#5863 = VECTOR('',#5864,1.);
#5864 = DIRECTION('',(1.,0.));
#5865 = ( GEOMETRIC_REPRESENTATION_CONTEXT(2) 
PARAMETRIC_REPRESENTATION_CONTEXT() REPRESENTATION_CONTEXT('2D SPACE',''
  ) );
#5866 = PCURVE('',#5867,#5872);
#5867 = PLANE('',#5868);
#5868 = AXIS2_PLACEMENT_3D('',#5869,#5870,#5871);
#5869 = CARTESIAN_POINT('',(0.,0.,104.25));
#5870 = DIRECTION('',(0.,0.,1.));
#5871 = DIRECTION('',(0.819152044289,0.573576436351,0.));
#5872 = DEFINITIONAL_REPRESENTATION('',(#5873),#5877);
#5873 = CIRCLE('',#5874,20.075);
#5874 = AXIS2_PLACEMENT_2D('',#5875,#5876);
#5875 = CARTESIAN_POINT('',(0.,0.));
#5876 = DIRECTION('',(0.819152044289,-0.573576436351));
#5877 = ( GEOMETRIC_REPRESENTATION_CONTEXT(2) 
PARAMETRIC_REPRESENTATION_CONTEXT() REPRESENTATION_CONTEXT('2D SPACE',''
  ) );
#5878 = ORIENTED_EDGE('',*,*,#5879,.T.);
#5879 = EDGE_CURVE('',#5851,#5880,#5882,.T.);
#5880 = VERTEX_POINT('',#5881);
#5881 = CARTESIAN_POINT('',(16.444477289102,11.514546959747,108.15));
#5882 = SURFACE_CURVE('',#5883,(#5887,#5893),.PCURVE_S1.);
#5883 = LINE('',#5884,#5885);
#5884 = CARTESIAN_POINT('',(16.444477289102,11.514546959747,101.69));
#5885 = VECTOR('',#5886,1.);
#5886 = DIRECTION('',(0.,0.,1.));
#5887 = PCURVE('',#5116,#5888);
#5888 = DEFINITIONAL_REPRESENTATION('',(#5889),#5892);
#5889 = B_SPLINE_CURVE_WITH_KNOTS('',1,(#5890,#5891),.UNSPECIFIED.,.F.,
  .F.,(2,2),(2.17,6.85),.PIECEWISE_BEZIER_KNOTS.);
#5890 = CARTESIAN_POINT('',(0.610865238198,2.17));
#5891 = CARTESIAN_POINT('',(0.610865238198,6.85));
#5892 = ( GEOMETRIC_REPRESENTATION_CONTEXT(2) 
PARAMETRIC_REPRESENTATION_CONTEXT() REPRESENTATION_CONTEXT('2D SPACE',''
  ) );
#5893 = PCURVE('',#5894,#5899);
#5894 = PLANE('',#5895);
#5895 = AXIS2_PLACEMENT_3D('',#5896,#5897,#5898);
#5896 = CARTESIAN_POINT('',(18.021344974358,12.618681599723,106.2));
#5897 = DIRECTION('',(0.573576436351,-0.819152044289,0.));
#5898 = DIRECTION('',(0.819152044289,0.573576436351,0.));
#5899 = DEFINITIONAL_REPRESENTATION('',(#5900),#5903);
#5900 = B_SPLINE_CURVE_WITH_KNOTS('',1,(#5901,#5902),.UNSPECIFIED.,.F.,
  .F.,(2,2),(2.17,6.85),.PIECEWISE_BEZIER_KNOTS.);
#5901 = CARTESIAN_POINT('',(-1.925,-2.34));
#5902 = CARTESIAN_POINT('',(-1.925,2.34));
#5903 = ( GEOMETRIC_REPRESENTATION_CONTEXT(2) 
PARAMETRIC_REPRESENTATION_CONTEXT() REPRESENTATION_CONTEXT('2D SPACE',''
  ) );
#5904 = ORIENTED_EDGE('',*,*,#5905,.T.);
#5905 = EDGE_CURVE('',#5880,#5906,#5908,.T.);
#5906 = VERTEX_POINT('',#5907);
#5907 = CARTESIAN_POINT('',(4.45754544387E-15,20.075,108.15));
#5908 = SURFACE_CURVE('',#5909,(#5914,#5921),.PCURVE_S1.);
#5909 = CIRCLE('',#5910,20.075);
#5910 = AXIS2_PLACEMENT_3D('',#5911,#5912,#5913);
#5911 = CARTESIAN_POINT('',(0.,0.,108.15));
#5912 = DIRECTION('',(0.,0.,1.));
#5913 = DIRECTION('',(1.,0.,-0.));
#5914 = PCURVE('',#5116,#5915);
#5915 = DEFINITIONAL_REPRESENTATION('',(#5916),#5920);
#5916 = LINE('',#5917,#5918);
#5917 = CARTESIAN_POINT('',(0.,6.46));
#5918 = VECTOR('',#5919,1.);
#5919 = DIRECTION('',(1.,0.));
#5920 = ( GEOMETRIC_REPRESENTATION_CONTEXT(2) 
PARAMETRIC_REPRESENTATION_CONTEXT() REPRESENTATION_CONTEXT('2D SPACE',''
  ) );
#5921 = PCURVE('',#5922,#5927);
#5922 = PLANE('',#5923);
#5923 = AXIS2_PLACEMENT_3D('',#5924,#5925,#5926);
#5924 = CARTESIAN_POINT('',(0.,0.,108.15));
#5925 = DIRECTION('',(0.,0.,1.));
#5926 = DIRECTION('',(0.819152044289,0.573576436351,0.));
#5927 = DEFINITIONAL_REPRESENTATION('',(#5928),#5932);
#5928 = CIRCLE('',#5929,20.075);
#5929 = AXIS2_PLACEMENT_2D('',#5930,#5931);
#5930 = CARTESIAN_POINT('',(0.,0.));
#5931 = DIRECTION('',(0.819152044289,-0.573576436351));
#5932 = ( GEOMETRIC_REPRESENTATION_CONTEXT(2) 
PARAMETRIC_REPRESENTATION_CONTEXT() REPRESENTATION_CONTEXT('2D SPACE',''
  ) );
#5933 = ORIENTED_EDGE('',*,*,#5934,.T.);
#5934 = EDGE_CURVE('',#5906,#5935,#5937,.T.);
#5935 = VERTEX_POINT('',#5936);
#5936 = CARTESIAN_POINT('',(4.45754544387E-15,20.075,108.7));
#5937 = SURFACE_CURVE('',#5938,(#5942,#5948),.PCURVE_S1.);
#5938 = LINE('',#5939,#5940);
#5939 = CARTESIAN_POINT('',(4.45754544387E-15,20.075,101.69));
#5940 = VECTOR('',#5941,1.);
#5941 = DIRECTION('',(0.,0.,1.));
#5942 = PCURVE('',#5116,#5943);
#5943 = DEFINITIONAL_REPRESENTATION('',(#5944),#5947);
#5944 = B_SPLINE_CURVE_WITH_KNOTS('',1,(#5945,#5946),.UNSPECIFIED.,.F.,
  .F.,(2,2),(1.51,7.51),.PIECEWISE_BEZIER_KNOTS.);
#5945 = CARTESIAN_POINT('',(1.570796326795,1.51));
#5946 = CARTESIAN_POINT('',(1.570796326795,7.51));
#5947 = ( GEOMETRIC_REPRESENTATION_CONTEXT(2) 
PARAMETRIC_REPRESENTATION_CONTEXT() REPRESENTATION_CONTEXT('2D SPACE',''
  ) );
#5948 = PCURVE('',#5949,#5954);
#5949 = PLANE('',#5950);
#5950 = AXIS2_PLACEMENT_3D('',#5951,#5952,#5953);
#5951 = CARTESIAN_POINT('',(4.884981308351E-15,22.,106.2));
#5952 = DIRECTION('',(1.,-2.22044604925E-16,0.));
#5953 = DIRECTION('',(2.22044604925E-16,1.,0.));
#5954 = DEFINITIONAL_REPRESENTATION('',(#5955),#5958);
#5955 = B_SPLINE_CURVE_WITH_KNOTS('',1,(#5956,#5957),.UNSPECIFIED.,.F.,
  .F.,(2,2),(1.51,7.51),.PIECEWISE_BEZIER_KNOTS.);
#5956 = CARTESIAN_POINT('',(-1.925,-3.));
#5957 = CARTESIAN_POINT('',(-1.925,3.));
#5958 = ( GEOMETRIC_REPRESENTATION_CONTEXT(2) 
PARAMETRIC_REPRESENTATION_CONTEXT() REPRESENTATION_CONTEXT('2D SPACE',''
  ) );
#5959 = ORIENTED_EDGE('',*,*,#5960,.F.);
#5960 = EDGE_CURVE('',#5961,#5935,#5963,.T.);
#5961 = VERTEX_POINT('',#5962);
#5962 = CARTESIAN_POINT('',(-16.4444772891,11.514546959747,108.7));
#5963 = SURFACE_CURVE('',#5964,(#5969,#5976),.PCURVE_S1.);
#5964 = CIRCLE('',#5965,20.075);
#5965 = AXIS2_PLACEMENT_3D('',#5966,#5967,#5968);
#5966 = CARTESIAN_POINT('',(0.,0.,108.7));
#5967 = DIRECTION('',(0.,0.,-1.));
#5968 = DIRECTION('',(-0.819152044289,0.573576436351,0.));
#5969 = PCURVE('',#5116,#5970);
#5970 = DEFINITIONAL_REPRESENTATION('',(#5971),#5975);
#5971 = LINE('',#5972,#5973);
#5972 = CARTESIAN_POINT('',(2.530727415392,7.01));
#5973 = VECTOR('',#5974,1.);
#5974 = DIRECTION('',(-1.,-0.));
#5975 = ( GEOMETRIC_REPRESENTATION_CONTEXT(2) 
PARAMETRIC_REPRESENTATION_CONTEXT() REPRESENTATION_CONTEXT('2D SPACE',''
  ) );
#5976 = PCURVE('',#5977,#5982);
#5977 = PLANE('',#5978);
#5978 = AXIS2_PLACEMENT_3D('',#5979,#5980,#5981);
#5979 = CARTESIAN_POINT('',(0.,0.,108.7));
#5980 = DIRECTION('',(0.,0.,1.));
#5981 = DIRECTION('',(-8.715574274766E-02,0.996194698092,0.));
#5982 = DEFINITIONAL_REPRESENTATION('',(#5983),#5991);
#5983 = ( BOUNDED_CURVE() B_SPLINE_CURVE(2,(#5984,#5985,#5986,#5987,
#5988,#5989,#5990),.UNSPECIFIED.,.T.,.F.) B_SPLINE_CURVE_WITH_KNOTS((1,2
    ,2,2,2,1),(-2.094395102393,0.,2.094395102393,4.188790204786,
6.28318530718,8.377580409573),.UNSPECIFIED.) CURVE() 
GEOMETRIC_REPRESENTATION_ITEM() RATIONAL_B_SPLINE_CURVE((1.,0.5,1.,0.5,
1.,0.5,1.)) REPRESENTATION_ITEM('') );
#5984 = CARTESIAN_POINT('',(12.903961264457,15.378342195613));
#5985 = CARTESIAN_POINT('',(39.54003128344,-6.971974333327));
#5986 = CARTESIAN_POINT('',(6.866054377263,-18.86432936227));
#5987 = CARTESIAN_POINT('',(-25.80792252891,-30.75668439122));
#5988 = CARTESIAN_POINT('',(-19.77001564172,3.485987166664));
#5989 = CARTESIAN_POINT('',(-13.73210875452,37.728658724554));
#5990 = CARTESIAN_POINT('',(12.903961264457,15.378342195613));
#5991 = ( GEOMETRIC_REPRESENTATION_CONTEXT(2) 
PARAMETRIC_REPRESENTATION_CONTEXT() REPRESENTATION_CONTEXT('2D SPACE',''
  ) );
#5992 = ORIENTED_EDGE('',*,*,#5993,.F.);
#5993 = EDGE_CURVE('',#5317,#5961,#5994,.T.);
#5994 = SURFACE_CURVE('',#5995,(#5999,#6006),.PCURVE_S1.);
#5995 = LINE('',#5996,#5997);
#5996 = CARTESIAN_POINT('',(-16.4444772891,11.514546959747,101.7));
#5997 = VECTOR('',#5998,1.);
#5998 = DIRECTION('',(5.075305255429E-16,2.537652627715E-16,1.));
#5999 = PCURVE('',#5116,#6000);
#6000 = DEFINITIONAL_REPRESENTATION('',(#6001),#6005);
#6001 = LINE('',#6002,#6003);
#6002 = CARTESIAN_POINT('',(2.530727415392,1.000000000001E-02));
#6003 = VECTOR('',#6004,1.);
#6004 = DIRECTION('',(0.,1.));
#6005 = ( GEOMETRIC_REPRESENTATION_CONTEXT(2) 
PARAMETRIC_REPRESENTATION_CONTEXT() REPRESENTATION_CONTEXT('2D SPACE',''
  ) );
#6006 = PCURVE('',#5355,#6007);
#6007 = DEFINITIONAL_REPRESENTATION('',(#6008),#6012);
#6008 = LINE('',#6009,#6010);
#6009 = CARTESIAN_POINT('',(-1.925,-3.495));
#6010 = VECTOR('',#6011,1.);
#6011 = DIRECTION('',(-2.701908924474E-16,1.));
#6012 = ( GEOMETRIC_REPRESENTATION_CONTEXT(2) 
PARAMETRIC_REPRESENTATION_CONTEXT() REPRESENTATION_CONTEXT('2D SPACE',''
  ) );
#6013 = ORIENTED_EDGE('',*,*,#5316,.T.);
#6014 = ORIENTED_EDGE('',*,*,#6015,.T.);
#6015 = EDGE_CURVE('',#5291,#6016,#6018,.T.);
#6016 = VERTEX_POINT('',#6017);
#6017 = CARTESIAN_POINT('',(-16.4444772891,-11.51454695974,103.7));
#6018 = SURFACE_CURVE('',#6019,(#6023,#6029),.PCURVE_S1.);
#6019 = LINE('',#6020,#6021);
#6020 = CARTESIAN_POINT('',(-16.4444772891,-11.51454695974,101.69));
#6021 = VECTOR('',#6022,1.);
#6022 = DIRECTION('',(0.,0.,1.));
#6023 = PCURVE('',#5116,#6024);
#6024 = DEFINITIONAL_REPRESENTATION('',(#6025),#6028);
#6025 = B_SPLINE_CURVE_WITH_KNOTS('',1,(#6026,#6027),.UNSPECIFIED.,.F.,
  .F.,(2,2),(9.999399999998E-03,7.711),.PIECEWISE_BEZIER_KNOTS.);
#6026 = CARTESIAN_POINT('',(3.752457891788,9.999399999998E-03));
#6027 = CARTESIAN_POINT('',(3.752457891788,7.711));
#6028 = ( GEOMETRIC_REPRESENTATION_CONTEXT(2) 
PARAMETRIC_REPRESENTATION_CONTEXT() REPRESENTATION_CONTEXT('2D SPACE',''
  ) );
#6029 = PCURVE('',#5305,#6030);
#6030 = DEFINITIONAL_REPRESENTATION('',(#6031),#6034);
#6031 = B_SPLINE_CURVE_WITH_KNOTS('',1,(#6032,#6033),.UNSPECIFIED.,.F.,
  .F.,(2,2),(9.999399999998E-03,7.711),.PIECEWISE_BEZIER_KNOTS.);
#6032 = CARTESIAN_POINT('',(-1.925,-3.4950006));
#6033 = CARTESIAN_POINT('',(-1.925,4.206));
#6034 = ( GEOMETRIC_REPRESENTATION_CONTEXT(2) 
PARAMETRIC_REPRESENTATION_CONTEXT() REPRESENTATION_CONTEXT('2D SPACE',''
  ) );
#6035 = ORIENTED_EDGE('',*,*,#6036,.F.);
#6036 = EDGE_CURVE('',#6037,#6016,#6039,.T.);
#6037 = VERTEX_POINT('',#6038);
#6038 = CARTESIAN_POINT('',(-17.38545998097,-10.0375,103.7));
#6039 = SURFACE_CURVE('',#6040,(#6045,#6052),.PCURVE_S1.);
#6040 = CIRCLE('',#6041,20.075);
#6041 = AXIS2_PLACEMENT_3D('',#6042,#6043,#6044);
#6042 = CARTESIAN_POINT('',(0.,0.,103.7));
#6043 = DIRECTION('',(0.,0.,1.));
#6044 = DIRECTION('',(1.,0.,-0.));
#6045 = PCURVE('',#5116,#6046);
#6046 = DEFINITIONAL_REPRESENTATION('',(#6047),#6051);
#6047 = LINE('',#6048,#6049);
#6048 = CARTESIAN_POINT('',(0.,2.01));
#6049 = VECTOR('',#6050,1.);
#6050 = DIRECTION('',(1.,0.));
#6051 = ( GEOMETRIC_REPRESENTATION_CONTEXT(2) 
PARAMETRIC_REPRESENTATION_CONTEXT() REPRESENTATION_CONTEXT('2D SPACE',''
  ) );
#6052 = PCURVE('',#6053,#6058);
#6053 = PLANE('',#6054);
#6054 = AXIS2_PLACEMENT_3D('',#6055,#6056,#6057);
#6055 = CARTESIAN_POINT('',(0.,0.,103.7));
#6056 = DIRECTION('',(0.,0.,1.));
#6057 = DIRECTION('',(-0.866025403784,-0.5,0.));
#6058 = DEFINITIONAL_REPRESENTATION('',(#6059),#6063);
#6059 = CIRCLE('',#6060,20.075);
#6060 = AXIS2_PLACEMENT_2D('',#6061,#6062);
#6061 = CARTESIAN_POINT('',(0.,0.));
#6062 = DIRECTION('',(-0.866025403784,0.5));
#6063 = ( GEOMETRIC_REPRESENTATION_CONTEXT(2) 
PARAMETRIC_REPRESENTATION_CONTEXT() REPRESENTATION_CONTEXT('2D SPACE',''
  ) );
#6064 = ORIENTED_EDGE('',*,*,#6065,.T.);
#6065 = EDGE_CURVE('',#6037,#6066,#6068,.T.);
#6066 = VERTEX_POINT('',#6067);
#6067 = CARTESIAN_POINT('',(-17.38545998097,-10.0375,104.25));
#6068 = SURFACE_CURVE('',#6069,(#6073,#6079),.PCURVE_S1.);
#6069 = LINE('',#6070,#6071);
#6070 = CARTESIAN_POINT('',(-17.38545998097,-10.0375,101.69));
#6071 = VECTOR('',#6072,1.);
#6072 = DIRECTION('',(0.,0.,1.));
#6073 = PCURVE('',#5116,#6074);
#6074 = DEFINITIONAL_REPRESENTATION('',(#6075),#6078);
#6075 = B_SPLINE_CURVE_WITH_KNOTS('',1,(#6076,#6077),.UNSPECIFIED.,.F.,
  .F.,(2,2),(1.51,7.51),.PIECEWISE_BEZIER_KNOTS.);
#6076 = CARTESIAN_POINT('',(3.665191429188,1.51));
#6077 = CARTESIAN_POINT('',(3.665191429188,7.51));
#6078 = ( GEOMETRIC_REPRESENTATION_CONTEXT(2) 
PARAMETRIC_REPRESENTATION_CONTEXT() REPRESENTATION_CONTEXT('2D SPACE',''
  ) );
#6079 = PCURVE('',#6080,#6085);
#6080 = PLANE('',#6081);
#6081 = AXIS2_PLACEMENT_3D('',#6082,#6083,#6084);
#6082 = CARTESIAN_POINT('',(-19.05255888325,-11.,106.2));
#6083 = DIRECTION('',(-0.5,0.866025403784,0.));
#6084 = DIRECTION('',(-0.866025403784,-0.5,0.));
#6085 = DEFINITIONAL_REPRESENTATION('',(#6086),#6089);
#6086 = B_SPLINE_CURVE_WITH_KNOTS('',1,(#6087,#6088),.UNSPECIFIED.,.F.,
  .F.,(2,2),(1.51,7.51),.PIECEWISE_BEZIER_KNOTS.);
#6087 = CARTESIAN_POINT('',(-1.925,-3.));
#6088 = CARTESIAN_POINT('',(-1.925,3.));
#6089 = ( GEOMETRIC_REPRESENTATION_CONTEXT(2) 
PARAMETRIC_REPRESENTATION_CONTEXT() REPRESENTATION_CONTEXT('2D SPACE',''
  ) );
#6090 = ORIENTED_EDGE('',*,*,#6091,.F.);
#6091 = EDGE_CURVE('',#6092,#6066,#6094,.T.);
#6092 = VERTEX_POINT('',#6093);
#6093 = CARTESIAN_POINT('',(-18.19412882476,8.484061604445,104.25));
#6094 = SURFACE_CURVE('',#6095,(#6100,#6107),.PCURVE_S1.);
#6095 = CIRCLE('',#6096,20.075);
#6096 = AXIS2_PLACEMENT_3D('',#6097,#6098,#6099);
#6097 = CARTESIAN_POINT('',(0.,0.,104.25));
#6098 = DIRECTION('',(0.,0.,1.));
#6099 = DIRECTION('',(1.,0.,-0.));
#6100 = PCURVE('',#5116,#6101);
#6101 = DEFINITIONAL_REPRESENTATION('',(#6102),#6106);
#6102 = LINE('',#6103,#6104);
#6103 = CARTESIAN_POINT('',(0.,2.56));
#6104 = VECTOR('',#6105,1.);
#6105 = DIRECTION('',(1.,0.));
#6106 = ( GEOMETRIC_REPRESENTATION_CONTEXT(2) 
PARAMETRIC_REPRESENTATION_CONTEXT() REPRESENTATION_CONTEXT('2D SPACE',''
  ) );
#6107 = PCURVE('',#6108,#6113);
#6108 = PLANE('',#6109);
#6109 = AXIS2_PLACEMENT_3D('',#6110,#6111,#6112);
#6110 = CARTESIAN_POINT('',(0.,0.,104.25));
#6111 = DIRECTION('',(0.,0.,1.));
#6112 = DIRECTION('',(-0.906307787037,0.422618261741,0.));
#6113 = DEFINITIONAL_REPRESENTATION('',(#6114),#6118);
#6114 = CIRCLE('',#6115,20.075);
#6115 = AXIS2_PLACEMENT_2D('',#6116,#6117);
#6116 = CARTESIAN_POINT('',(0.,0.));
#6117 = DIRECTION('',(-0.906307787037,-0.422618261741));
#6118 = ( GEOMETRIC_REPRESENTATION_CONTEXT(2) 
PARAMETRIC_REPRESENTATION_CONTEXT() REPRESENTATION_CONTEXT('2D SPACE',''
  ) );
#6119 = ORIENTED_EDGE('',*,*,#6120,.T.);
#6120 = EDGE_CURVE('',#6092,#6121,#6123,.T.);
#6121 = VERTEX_POINT('',#6122);
#6122 = CARTESIAN_POINT('',(-18.19412882476,8.484061604445,108.15));
#6123 = SURFACE_CURVE('',#6124,(#6128,#6134),.PCURVE_S1.);
#6124 = LINE('',#6125,#6126);
#6125 = CARTESIAN_POINT('',(-18.19412882476,8.484061604445,101.69));
#6126 = VECTOR('',#6127,1.);
#6127 = DIRECTION('',(0.,0.,1.));
#6128 = PCURVE('',#5116,#6129);
#6129 = DEFINITIONAL_REPRESENTATION('',(#6130),#6133);
#6130 = B_SPLINE_CURVE_WITH_KNOTS('',1,(#6131,#6132),.UNSPECIFIED.,.F.,
  .F.,(2,2),(2.17,6.85),.PIECEWISE_BEZIER_KNOTS.);
#6131 = CARTESIAN_POINT('',(2.705260340591,2.17));
#6132 = CARTESIAN_POINT('',(2.705260340591,6.85));
#6133 = ( GEOMETRIC_REPRESENTATION_CONTEXT(2) 
PARAMETRIC_REPRESENTATION_CONTEXT() REPRESENTATION_CONTEXT('2D SPACE',''
  ) );
#6134 = PCURVE('',#6135,#6140);
#6135 = PLANE('',#6136);
#6136 = AXIS2_PLACEMENT_3D('',#6137,#6138,#6139);
#6137 = CARTESIAN_POINT('',(-19.9387713148,9.297601758295,106.2));
#6138 = DIRECTION('',(0.422618261741,0.906307787037,0.));
#6139 = DIRECTION('',(-0.906307787037,0.422618261741,0.));
#6140 = DEFINITIONAL_REPRESENTATION('',(#6141),#6144);
#6141 = B_SPLINE_CURVE_WITH_KNOTS('',1,(#6142,#6143),.UNSPECIFIED.,.F.,
  .F.,(2,2),(2.17,6.85),.PIECEWISE_BEZIER_KNOTS.);
#6142 = CARTESIAN_POINT('',(-1.925,-2.34));
#6143 = CARTESIAN_POINT('',(-1.925,2.34));
#6144 = ( GEOMETRIC_REPRESENTATION_CONTEXT(2) 
PARAMETRIC_REPRESENTATION_CONTEXT() REPRESENTATION_CONTEXT('2D SPACE',''
  ) );
#6145 = ORIENTED_EDGE('',*,*,#6146,.T.);
#6146 = EDGE_CURVE('',#6121,#6147,#6149,.T.);
#6147 = VERTEX_POINT('',#6148);
#6148 = CARTESIAN_POINT('',(-17.38545998097,-10.0375,108.15));
#6149 = SURFACE_CURVE('',#6150,(#6155,#6162),.PCURVE_S1.);
#6150 = CIRCLE('',#6151,20.075);
#6151 = AXIS2_PLACEMENT_3D('',#6152,#6153,#6154);
#6152 = CARTESIAN_POINT('',(0.,0.,108.15));
#6153 = DIRECTION('',(0.,0.,1.));
#6154 = DIRECTION('',(1.,0.,-0.));
#6155 = PCURVE('',#5116,#6156);
#6156 = DEFINITIONAL_REPRESENTATION('',(#6157),#6161);
#6157 = LINE('',#6158,#6159);
#6158 = CARTESIAN_POINT('',(0.,6.46));
#6159 = VECTOR('',#6160,1.);
#6160 = DIRECTION('',(1.,0.));
#6161 = ( GEOMETRIC_REPRESENTATION_CONTEXT(2) 
PARAMETRIC_REPRESENTATION_CONTEXT() REPRESENTATION_CONTEXT('2D SPACE',''
  ) );
#6162 = PCURVE('',#6163,#6168);
#6163 = PLANE('',#6164);
#6164 = AXIS2_PLACEMENT_3D('',#6165,#6166,#6167);
#6165 = CARTESIAN_POINT('',(0.,0.,108.15));
#6166 = DIRECTION('',(0.,0.,1.));
#6167 = DIRECTION('',(-0.906307787037,0.422618261741,0.));
#6168 = DEFINITIONAL_REPRESENTATION('',(#6169),#6173);
#6169 = CIRCLE('',#6170,20.075);
#6170 = AXIS2_PLACEMENT_2D('',#6171,#6172);
#6171 = CARTESIAN_POINT('',(0.,0.));
#6172 = DIRECTION('',(-0.906307787037,-0.422618261741));
#6173 = ( GEOMETRIC_REPRESENTATION_CONTEXT(2) 
PARAMETRIC_REPRESENTATION_CONTEXT() REPRESENTATION_CONTEXT('2D SPACE',''
  ) );
#6174 = ORIENTED_EDGE('',*,*,#6175,.T.);
#6175 = EDGE_CURVE('',#6147,#6176,#6178,.T.);
#6176 = VERTEX_POINT('',#6177);
#6177 = CARTESIAN_POINT('',(-17.38545998097,-10.0375,108.7));
#6178 = SURFACE_CURVE('',#6179,(#6183,#6189),.PCURVE_S1.);
#6179 = LINE('',#6180,#6181);
#6180 = CARTESIAN_POINT('',(-17.38545998097,-10.0375,101.69));
#6181 = VECTOR('',#6182,1.);
#6182 = DIRECTION('',(0.,0.,1.));
#6183 = PCURVE('',#5116,#6184);
#6184 = DEFINITIONAL_REPRESENTATION('',(#6185),#6188);
#6185 = B_SPLINE_CURVE_WITH_KNOTS('',1,(#6186,#6187),.UNSPECIFIED.,.F.,
  .F.,(2,2),(1.51,7.51),.PIECEWISE_BEZIER_KNOTS.);
#6186 = CARTESIAN_POINT('',(3.665191429188,1.51));
#6187 = CARTESIAN_POINT('',(3.665191429188,7.51));
#6188 = ( GEOMETRIC_REPRESENTATION_CONTEXT(2) 
PARAMETRIC_REPRESENTATION_CONTEXT() REPRESENTATION_CONTEXT('2D SPACE',''
  ) );
#6189 = PCURVE('',#6190,#6195);
#6190 = PLANE('',#6191);
#6191 = AXIS2_PLACEMENT_3D('',#6192,#6193,#6194);
#6192 = CARTESIAN_POINT('',(-19.05255888325,-11.,106.2));
#6193 = DIRECTION('',(-0.5,0.866025403784,0.));
#6194 = DIRECTION('',(-0.866025403784,-0.5,0.));
#6195 = DEFINITIONAL_REPRESENTATION('',(#6196),#6199);
#6196 = B_SPLINE_CURVE_WITH_KNOTS('',1,(#6197,#6198),.UNSPECIFIED.,.F.,
  .F.,(2,2),(1.51,7.51),.PIECEWISE_BEZIER_KNOTS.);
#6197 = CARTESIAN_POINT('',(-1.925,-3.));
#6198 = CARTESIAN_POINT('',(-1.925,3.));
#6199 = ( GEOMETRIC_REPRESENTATION_CONTEXT(2) 
PARAMETRIC_REPRESENTATION_CONTEXT() REPRESENTATION_CONTEXT('2D SPACE',''
  ) );
#6200 = ORIENTED_EDGE('',*,*,#6201,.F.);
#6201 = EDGE_CURVE('',#6202,#6176,#6204,.T.);
#6202 = VERTEX_POINT('',#6203);
#6203 = CARTESIAN_POINT('',(-1.749651535659,-19.99860856419,108.7));
#6204 = SURFACE_CURVE('',#6205,(#6210,#6217),.PCURVE_S1.);
#6205 = CIRCLE('',#6206,20.075);
#6206 = AXIS2_PLACEMENT_3D('',#6207,#6208,#6209);
#6207 = CARTESIAN_POINT('',(0.,0.,108.7));
#6208 = DIRECTION('',(0.,0.,-1.));
#6209 = DIRECTION('',(-8.715574274766E-02,-0.996194698092,-0.));
#6210 = PCURVE('',#5116,#6211);
#6211 = DEFINITIONAL_REPRESENTATION('',(#6212),#6216);
#6212 = LINE('',#6213,#6214);
#6213 = CARTESIAN_POINT('',(4.625122517785,7.01));
#6214 = VECTOR('',#6215,1.);
#6215 = DIRECTION('',(-1.,-0.));
#6216 = ( GEOMETRIC_REPRESENTATION_CONTEXT(2) 
PARAMETRIC_REPRESENTATION_CONTEXT() REPRESENTATION_CONTEXT('2D SPACE',''
  ) );
#6217 = PCURVE('',#6218,#6223);
#6218 = PLANE('',#6219);
#6219 = AXIS2_PLACEMENT_3D('',#6220,#6221,#6222);
#6220 = CARTESIAN_POINT('',(0.,0.,108.7));
#6221 = DIRECTION('',(0.,0.,1.));
#6222 = DIRECTION('',(-0.819152044289,-0.573576436351,0.));
#6223 = DEFINITIONAL_REPRESENTATION('',(#6224),#6232);
#6224 = ( BOUNDED_CURVE() B_SPLINE_CURVE(2,(#6225,#6226,#6227,#6228,
#6229,#6230,#6231),.UNSPECIFIED.,.T.,.F.) B_SPLINE_CURVE_WITH_KNOTS((1,2
    ,2,2,2,1),(-2.094395102393,0.,2.094395102393,4.188790204786,
6.28318530718,8.377580409573),.UNSPECIFIED.) CURVE() 
GEOMETRIC_REPRESENTATION_ITEM() RATIONAL_B_SPLINE_CURVE((1.,0.5,1.,0.5,
1.,0.5,1.)) REPRESENTATION_ITEM('') );
#6225 = CARTESIAN_POINT('',(12.903961264457,15.378342195613));
#6226 = CARTESIAN_POINT('',(39.54003128344,-6.971974333327));
#6227 = CARTESIAN_POINT('',(6.866054377263,-18.86432936227));
#6228 = CARTESIAN_POINT('',(-25.80792252891,-30.75668439122));
#6229 = CARTESIAN_POINT('',(-19.77001564172,3.485987166664));
#6230 = CARTESIAN_POINT('',(-13.73210875452,37.728658724554));
#6231 = CARTESIAN_POINT('',(12.903961264457,15.378342195613));
#6232 = ( GEOMETRIC_REPRESENTATION_CONTEXT(2) 
PARAMETRIC_REPRESENTATION_CONTEXT() REPRESENTATION_CONTEXT('2D SPACE',''
  ) );
#6233 = ORIENTED_EDGE('',*,*,#6234,.F.);
#6234 = EDGE_CURVE('',#5211,#6202,#6235,.T.);
#6235 = SURFACE_CURVE('',#6236,(#6240,#6247),.PCURVE_S1.);
#6236 = LINE('',#6237,#6238);
#6237 = CARTESIAN_POINT('',(-1.749651535659,-19.99860856419,101.7));
#6238 = VECTOR('',#6239,1.);
#6239 = DIRECTION('',(-5.075305255429E-16,5.075305255429E-16,1.));
#6240 = PCURVE('',#5116,#6241);
#6241 = DEFINITIONAL_REPRESENTATION('',(#6242),#6246);
#6242 = LINE('',#6243,#6244);
#6243 = CARTESIAN_POINT('',(4.625122517785,1.000000000001E-02));
#6244 = VECTOR('',#6245,1.);
#6245 = DIRECTION('',(0.,1.));
#6246 = ( GEOMETRIC_REPRESENTATION_CONTEXT(2) 
PARAMETRIC_REPRESENTATION_CONTEXT() REPRESENTATION_CONTEXT('2D SPACE',''
  ) );
#6247 = PCURVE('',#5249,#6248);
#6248 = DEFINITIONAL_REPRESENTATION('',(#6249),#6253);
#6249 = LINE('',#6250,#6251);
#6250 = CARTESIAN_POINT('',(-1.925,-3.495));
#6251 = VECTOR('',#6252,1.);
#6252 = DIRECTION('',(-4.613650187448E-16,1.));
#6253 = ( GEOMETRIC_REPRESENTATION_CONTEXT(2) 
PARAMETRIC_REPRESENTATION_CONTEXT() REPRESENTATION_CONTEXT('2D SPACE',''
  ) );
#6254 = ORIENTED_EDGE('',*,*,#5210,.T.);
#6255 = ORIENTED_EDGE('',*,*,#6256,.T.);
#6256 = EDGE_CURVE('',#5185,#5481,#6257,.T.);
#6257 = SURFACE_CURVE('',#6258,(#6262,#6268),.PCURVE_S1.);
#6258 = LINE('',#6259,#6260);
#6259 = CARTESIAN_POINT('',(18.194128824761,-8.484061604445,101.69));
#6260 = VECTOR('',#6261,1.);
#6261 = DIRECTION('',(0.,0.,1.));
#6262 = PCURVE('',#5116,#6263);
#6263 = DEFINITIONAL_REPRESENTATION('',(#6264),#6267);
#6264 = B_SPLINE_CURVE_WITH_KNOTS('',1,(#6265,#6266),.UNSPECIFIED.,.F.,
  .F.,(2,2),(9.999399999998E-03,7.711),.PIECEWISE_BEZIER_KNOTS.);
#6265 = CARTESIAN_POINT('',(5.846852994181,9.999399999998E-03));
#6266 = CARTESIAN_POINT('',(5.846852994181,7.711));
#6267 = ( GEOMETRIC_REPRESENTATION_CONTEXT(2) 
PARAMETRIC_REPRESENTATION_CONTEXT() REPRESENTATION_CONTEXT('2D SPACE',''
  ) );
#6268 = PCURVE('',#5199,#6269);
#6269 = DEFINITIONAL_REPRESENTATION('',(#6270),#6273);
#6270 = B_SPLINE_CURVE_WITH_KNOTS('',1,(#6271,#6272),.UNSPECIFIED.,.F.,
  .F.,(2,2),(9.999399999998E-03,7.711),.PIECEWISE_BEZIER_KNOTS.);
#6271 = CARTESIAN_POINT('',(-1.925,-3.4950006));
#6272 = CARTESIAN_POINT('',(-1.925,4.206));
#6273 = ( GEOMETRIC_REPRESENTATION_CONTEXT(2) 
PARAMETRIC_REPRESENTATION_CONTEXT() REPRESENTATION_CONTEXT('2D SPACE',''
  ) );
#6274 = ADVANCED_FACE('',(#6275),#5409,.F.);
#6275 = FACE_BOUND('',#6276,.F.);
#6276 = EDGE_LOOP('',(#6277,#6278,#6279,#6302));
#6277 = ORIENTED_EDGE('',*,*,#5774,.F.);
#6278 = ORIENTED_EDGE('',*,*,#5396,.T.);
#6279 = ORIENTED_EDGE('',*,*,#6280,.T.);
#6280 = EDGE_CURVE('',#5368,#6281,#6283,.T.);
#6281 = VERTEX_POINT('',#6282);
#6282 = CARTESIAN_POINT('',(-2.191966930104,25.054296657007,103.7));
#6283 = SURFACE_CURVE('',#6284,(#6288,#6295),.PCURVE_S1.);
#6284 = LINE('',#6285,#6286);
#6285 = CARTESIAN_POINT('',(-2.191966930104,25.054296657007,101.69));
#6286 = VECTOR('',#6287,1.);
#6287 = DIRECTION('',(0.,0.,1.));
#6288 = PCURVE('',#5409,#6289);
#6289 = DEFINITIONAL_REPRESENTATION('',(#6290),#6294);
#6290 = LINE('',#6291,#6292);
#6291 = CARTESIAN_POINT('',(3.15,-3.505));
#6292 = VECTOR('',#6293,1.);
#6293 = DIRECTION('',(0.,1.));
#6294 = ( GEOMETRIC_REPRESENTATION_CONTEXT(2) 
PARAMETRIC_REPRESENTATION_CONTEXT() REPRESENTATION_CONTEXT('2D SPACE',''
  ) );
#6295 = PCURVE('',#5384,#6296);
#6296 = DEFINITIONAL_REPRESENTATION('',(#6297),#6301);
#6297 = LINE('',#6298,#6299);
#6298 = CARTESIAN_POINT('',(0.,0.));
#6299 = VECTOR('',#6300,1.);
#6300 = DIRECTION('',(0.,1.));
#6301 = ( GEOMETRIC_REPRESENTATION_CONTEXT(2) 
PARAMETRIC_REPRESENTATION_CONTEXT() REPRESENTATION_CONTEXT('2D SPACE',''
  ) );
#6302 = ORIENTED_EDGE('',*,*,#6303,.F.);
#6303 = EDGE_CURVE('',#5775,#6281,#6304,.T.);
#6304 = SURFACE_CURVE('',#6305,(#6309,#6315),.PCURVE_S1.);
#6305 = LINE('',#6306,#6307);
#6306 = CARTESIAN_POINT('',(-0.958713170224,10.958141679009,103.7));
#6307 = VECTOR('',#6308,1.);
#6308 = DIRECTION('',(-8.715574274766E-02,0.996194698092,0.));
#6309 = PCURVE('',#5409,#6310);
#6310 = DEFINITIONAL_REPRESENTATION('',(#6311),#6314);
#6311 = B_SPLINE_CURVE_WITH_KNOTS('',1,(#6312,#6313),.UNSPECIFIED.,.F.,
  .F.,(2,2),(9.075,14.15),.PIECEWISE_BEZIER_KNOTS.);
#6312 = CARTESIAN_POINT('',(-1.925,-1.495));
#6313 = CARTESIAN_POINT('',(3.15,-1.495));
#6314 = ( GEOMETRIC_REPRESENTATION_CONTEXT(2) 
PARAMETRIC_REPRESENTATION_CONTEXT() REPRESENTATION_CONTEXT('2D SPACE',''
  ) );
#6315 = PCURVE('',#5812,#6316);
#6316 = DEFINITIONAL_REPRESENTATION('',(#6317),#6320);
#6317 = B_SPLINE_CURVE_WITH_KNOTS('',1,(#6318,#6319),.UNSPECIFIED.,.F.,
  .F.,(2,2),(9.075,14.15),.PIECEWISE_BEZIER_KNOTS.);
#6318 = CARTESIAN_POINT('',(19.998608564192,1.749651535659));
#6319 = CARTESIAN_POINT('',(25.054296657007,2.191966930104));
#6320 = ( GEOMETRIC_REPRESENTATION_CONTEXT(2) 
PARAMETRIC_REPRESENTATION_CONTEXT() REPRESENTATION_CONTEXT('2D SPACE',''
  ) );
#6321 = ADVANCED_FACE('',(#6322),#5384,.F.);
#6322 = FACE_BOUND('',#6323,.F.);
#6323 = EDGE_LOOP('',(#6324,#6325,#6326,#6349,#6373,#6396,#6420,#6443,
    #6467,#6490));
#6324 = ORIENTED_EDGE('',*,*,#6280,.F.);
#6325 = ORIENTED_EDGE('',*,*,#5367,.T.);
#6326 = ORIENTED_EDGE('',*,*,#6327,.F.);
#6327 = EDGE_CURVE('',#6328,#5341,#6330,.T.);
#6328 = VERTEX_POINT('',#6329);
#6329 = CARTESIAN_POINT('',(-20.60167391386,14.425447374229,108.7));
#6330 = SURFACE_CURVE('',#6331,(#6335,#6342),.PCURVE_S1.);
#6331 = LINE('',#6332,#6333);
#6332 = CARTESIAN_POINT('',(-20.60167391386,14.425447374229,108.7));
#6333 = VECTOR('',#6334,1.);
#6334 = DIRECTION('',(-5.075305255429E-16,-5.075305255429E-16,-1.));
#6335 = PCURVE('',#5384,#6336);
#6336 = DEFINITIONAL_REPRESENTATION('',(#6337),#6341);
#6337 = LINE('',#6338,#6339);
#6338 = CARTESIAN_POINT('',(0.872664625997,7.01));
#6339 = VECTOR('',#6340,1.);
#6340 = DIRECTION('',(-0.,-1.));
#6341 = ( GEOMETRIC_REPRESENTATION_CONTEXT(2) 
PARAMETRIC_REPRESENTATION_CONTEXT() REPRESENTATION_CONTEXT('2D SPACE',''
  ) );
#6342 = PCURVE('',#5355,#6343);
#6343 = DEFINITIONAL_REPRESENTATION('',(#6344),#6348);
#6344 = LINE('',#6345,#6346);
#6345 = CARTESIAN_POINT('',(3.15,3.505));
#6346 = VECTOR('',#6347,1.);
#6347 = DIRECTION('',(1.246371173573E-16,-1.));
#6348 = ( GEOMETRIC_REPRESENTATION_CONTEXT(2) 
PARAMETRIC_REPRESENTATION_CONTEXT() REPRESENTATION_CONTEXT('2D SPACE',''
  ) );
#6349 = ORIENTED_EDGE('',*,*,#6350,.F.);
#6350 = EDGE_CURVE('',#6351,#6328,#6353,.T.);
#6351 = VERTEX_POINT('',#6352);
#6352 = CARTESIAN_POINT('',(5.584421813865E-15,25.15,108.7));
#6353 = SURFACE_CURVE('',#6354,(#6359,#6366),.PCURVE_S1.);
#6354 = CIRCLE('',#6355,25.15);
#6355 = AXIS2_PLACEMENT_3D('',#6356,#6357,#6358);
#6356 = CARTESIAN_POINT('',(0.,0.,108.7));
#6357 = DIRECTION('',(0.,-0.,1.));
#6358 = DIRECTION('',(2.22044604925E-16,1.,0.));
#6359 = PCURVE('',#5384,#6360);
#6360 = DEFINITIONAL_REPRESENTATION('',(#6361),#6365);
#6361 = LINE('',#6362,#6363);
#6362 = CARTESIAN_POINT('',(-8.726646259972E-02,7.01));
#6363 = VECTOR('',#6364,1.);
#6364 = DIRECTION('',(1.,0.));
#6365 = ( GEOMETRIC_REPRESENTATION_CONTEXT(2) 
PARAMETRIC_REPRESENTATION_CONTEXT() REPRESENTATION_CONTEXT('2D SPACE',''
  ) );
#6366 = PCURVE('',#5977,#6367);
#6367 = DEFINITIONAL_REPRESENTATION('',(#6368),#6372);
#6368 = CIRCLE('',#6369,25.15);
#6369 = AXIS2_PLACEMENT_2D('',#6370,#6371);
#6370 = CARTESIAN_POINT('',(0.,0.));
#6371 = DIRECTION('',(0.996194698092,-8.715574274766E-02));
#6372 = ( GEOMETRIC_REPRESENTATION_CONTEXT(2) 
PARAMETRIC_REPRESENTATION_CONTEXT() REPRESENTATION_CONTEXT('2D SPACE',''
  ) );
#6373 = ORIENTED_EDGE('',*,*,#6374,.F.);
#6374 = EDGE_CURVE('',#6375,#6351,#6377,.T.);
#6375 = VERTEX_POINT('',#6376);
#6376 = CARTESIAN_POINT('',(-2.823130618168E-13,25.15,108.15));
#6377 = SURFACE_CURVE('',#6378,(#6382,#6389),.PCURVE_S1.);
#6378 = LINE('',#6379,#6380);
#6379 = CARTESIAN_POINT('',(5.584421813865E-15,25.15,103.7));
#6380 = VECTOR('',#6381,1.);
#6381 = DIRECTION('',(0.,0.,1.));
#6382 = PCURVE('',#5384,#6383);
#6383 = DEFINITIONAL_REPRESENTATION('',(#6384),#6388);
#6384 = LINE('',#6385,#6386);
#6385 = CARTESIAN_POINT('',(-8.726646259972E-02,2.01));
#6386 = VECTOR('',#6387,1.);
#6387 = DIRECTION('',(0.,1.));
#6388 = ( GEOMETRIC_REPRESENTATION_CONTEXT(2) 
PARAMETRIC_REPRESENTATION_CONTEXT() REPRESENTATION_CONTEXT('2D SPACE',''
  ) );
#6389 = PCURVE('',#5949,#6390);
#6390 = DEFINITIONAL_REPRESENTATION('',(#6391),#6395);
#6391 = LINE('',#6392,#6393);
#6392 = CARTESIAN_POINT('',(3.15,-2.5));
#6393 = VECTOR('',#6394,1.);
#6394 = DIRECTION('',(0.,1.));
#6395 = ( GEOMETRIC_REPRESENTATION_CONTEXT(2) 
PARAMETRIC_REPRESENTATION_CONTEXT() REPRESENTATION_CONTEXT('2D SPACE',''
  ) );
#6396 = ORIENTED_EDGE('',*,*,#6397,.F.);
#6397 = EDGE_CURVE('',#6398,#6375,#6400,.T.);
#6398 = VERTEX_POINT('',#6399);
#6399 = CARTESIAN_POINT('',(20.601673913868,14.425447374229,108.15));
#6400 = SURFACE_CURVE('',#6401,(#6406,#6413),.PCURVE_S1.);
#6401 = CIRCLE('',#6402,25.15);
#6402 = AXIS2_PLACEMENT_3D('',#6403,#6404,#6405);
#6403 = CARTESIAN_POINT('',(0.,0.,108.15));
#6404 = DIRECTION('',(0.,-0.,1.));
#6405 = DIRECTION('',(0.819152044289,0.573576436351,0.));
#6406 = PCURVE('',#5384,#6407);
#6407 = DEFINITIONAL_REPRESENTATION('',(#6408),#6412);
#6408 = LINE('',#6409,#6410);
#6409 = CARTESIAN_POINT('',(-1.047197551197,6.46));
#6410 = VECTOR('',#6411,1.);
#6411 = DIRECTION('',(1.,0.));
#6412 = ( GEOMETRIC_REPRESENTATION_CONTEXT(2) 
PARAMETRIC_REPRESENTATION_CONTEXT() REPRESENTATION_CONTEXT('2D SPACE',''
  ) );
#6413 = PCURVE('',#5922,#6414);
#6414 = DEFINITIONAL_REPRESENTATION('',(#6415),#6419);
#6415 = CIRCLE('',#6416,25.15);
#6416 = AXIS2_PLACEMENT_2D('',#6417,#6418);
#6417 = CARTESIAN_POINT('',(0.,0.));
#6418 = DIRECTION('',(1.,0.));
#6419 = ( GEOMETRIC_REPRESENTATION_CONTEXT(2) 
PARAMETRIC_REPRESENTATION_CONTEXT() REPRESENTATION_CONTEXT('2D SPACE',''
  ) );
#6420 = ORIENTED_EDGE('',*,*,#6421,.F.);
#6421 = EDGE_CURVE('',#6422,#6398,#6424,.T.);
#6422 = VERTEX_POINT('',#6423);
#6423 = CARTESIAN_POINT('',(20.601673913868,14.425447374229,104.25));
#6424 = SURFACE_CURVE('',#6425,(#6429,#6436),.PCURVE_S1.);
#6425 = LINE('',#6426,#6427);
#6426 = CARTESIAN_POINT('',(20.601673913868,14.425447374229,104.25));
#6427 = VECTOR('',#6428,1.);
#6428 = DIRECTION('',(0.,0.,1.));
#6429 = PCURVE('',#5384,#6430);
#6430 = DEFINITIONAL_REPRESENTATION('',(#6431),#6435);
#6431 = LINE('',#6432,#6433);
#6432 = CARTESIAN_POINT('',(-1.047197551197,2.56));
#6433 = VECTOR('',#6434,1.);
#6434 = DIRECTION('',(0.,1.));
#6435 = ( GEOMETRIC_REPRESENTATION_CONTEXT(2) 
PARAMETRIC_REPRESENTATION_CONTEXT() REPRESENTATION_CONTEXT('2D SPACE',''
  ) );
#6436 = PCURVE('',#5894,#6437);
#6437 = DEFINITIONAL_REPRESENTATION('',(#6438),#6442);
#6438 = LINE('',#6439,#6440);
#6439 = CARTESIAN_POINT('',(3.15,-1.95));
#6440 = VECTOR('',#6441,1.);
#6441 = DIRECTION('',(0.,1.));
#6442 = ( GEOMETRIC_REPRESENTATION_CONTEXT(2) 
PARAMETRIC_REPRESENTATION_CONTEXT() REPRESENTATION_CONTEXT('2D SPACE',''
  ) );
#6443 = ORIENTED_EDGE('',*,*,#6444,.T.);
#6444 = EDGE_CURVE('',#6422,#6445,#6447,.T.);
#6445 = VERTEX_POINT('',#6446);
#6446 = CARTESIAN_POINT('',(-2.823130618168E-13,25.15,104.25));
#6447 = SURFACE_CURVE('',#6448,(#6453,#6460),.PCURVE_S1.);
#6448 = CIRCLE('',#6449,25.15);
#6449 = AXIS2_PLACEMENT_3D('',#6450,#6451,#6452);
#6450 = CARTESIAN_POINT('',(0.,0.,104.25));
#6451 = DIRECTION('',(0.,-0.,1.));
#6452 = DIRECTION('',(0.819152044289,0.573576436351,0.));
#6453 = PCURVE('',#5384,#6454);
#6454 = DEFINITIONAL_REPRESENTATION('',(#6455),#6459);
#6455 = LINE('',#6456,#6457);
#6456 = CARTESIAN_POINT('',(-1.047197551197,2.56));
#6457 = VECTOR('',#6458,1.);
#6458 = DIRECTION('',(1.,0.));
#6459 = ( GEOMETRIC_REPRESENTATION_CONTEXT(2) 
PARAMETRIC_REPRESENTATION_CONTEXT() REPRESENTATION_CONTEXT('2D SPACE',''
  ) );
#6460 = PCURVE('',#5867,#6461);
#6461 = DEFINITIONAL_REPRESENTATION('',(#6462),#6466);
#6462 = CIRCLE('',#6463,25.15);
#6463 = AXIS2_PLACEMENT_2D('',#6464,#6465);
#6464 = CARTESIAN_POINT('',(0.,0.));
#6465 = DIRECTION('',(1.,-0.));
#6466 = ( GEOMETRIC_REPRESENTATION_CONTEXT(2) 
PARAMETRIC_REPRESENTATION_CONTEXT() REPRESENTATION_CONTEXT('2D SPACE',''
  ) );
#6467 = ORIENTED_EDGE('',*,*,#6468,.F.);
#6468 = EDGE_CURVE('',#6469,#6445,#6471,.T.);
#6469 = VERTEX_POINT('',#6470);
#6470 = CARTESIAN_POINT('',(5.584421813865E-15,25.15,103.7));
#6471 = SURFACE_CURVE('',#6472,(#6476,#6483),.PCURVE_S1.);
#6472 = LINE('',#6473,#6474);
#6473 = CARTESIAN_POINT('',(5.584421813865E-15,25.15,103.7));
#6474 = VECTOR('',#6475,1.);
#6475 = DIRECTION('',(0.,0.,1.));
#6476 = PCURVE('',#5384,#6477);
#6477 = DEFINITIONAL_REPRESENTATION('',(#6478),#6482);
#6478 = LINE('',#6479,#6480);
#6479 = CARTESIAN_POINT('',(-8.726646259972E-02,2.01));
#6480 = VECTOR('',#6481,1.);
#6481 = DIRECTION('',(0.,1.));
#6482 = ( GEOMETRIC_REPRESENTATION_CONTEXT(2) 
PARAMETRIC_REPRESENTATION_CONTEXT() REPRESENTATION_CONTEXT('2D SPACE',''
  ) );
#6483 = PCURVE('',#5839,#6484);
#6484 = DEFINITIONAL_REPRESENTATION('',(#6485),#6489);
#6485 = LINE('',#6486,#6487);
#6486 = CARTESIAN_POINT('',(3.15,-2.5));
#6487 = VECTOR('',#6488,1.);
#6488 = DIRECTION('',(0.,1.));
#6489 = ( GEOMETRIC_REPRESENTATION_CONTEXT(2) 
PARAMETRIC_REPRESENTATION_CONTEXT() REPRESENTATION_CONTEXT('2D SPACE',''
  ) );
#6490 = ORIENTED_EDGE('',*,*,#6491,.T.);
#6491 = EDGE_CURVE('',#6469,#6281,#6492,.T.);
#6492 = SURFACE_CURVE('',#6493,(#6498,#6505),.PCURVE_S1.);
#6493 = CIRCLE('',#6494,25.15);
#6494 = AXIS2_PLACEMENT_3D('',#6495,#6496,#6497);
#6495 = CARTESIAN_POINT('',(0.,0.,103.7));
#6496 = DIRECTION('',(0.,-0.,1.));
#6497 = DIRECTION('',(2.22044604925E-16,1.,0.));
#6498 = PCURVE('',#5384,#6499);
#6499 = DEFINITIONAL_REPRESENTATION('',(#6500),#6504);
#6500 = LINE('',#6501,#6502);
#6501 = CARTESIAN_POINT('',(-8.726646259972E-02,2.01));
#6502 = VECTOR('',#6503,1.);
#6503 = DIRECTION('',(1.,0.));
#6504 = ( GEOMETRIC_REPRESENTATION_CONTEXT(2) 
PARAMETRIC_REPRESENTATION_CONTEXT() REPRESENTATION_CONTEXT('2D SPACE',''
  ) );
#6505 = PCURVE('',#5812,#6506);
#6506 = DEFINITIONAL_REPRESENTATION('',(#6507),#6511);
#6507 = CIRCLE('',#6508,25.15);
#6508 = AXIS2_PLACEMENT_2D('',#6509,#6510);
#6509 = CARTESIAN_POINT('',(0.,0.));
#6510 = DIRECTION('',(1.,-0.));
#6511 = ( GEOMETRIC_REPRESENTATION_CONTEXT(2) 
PARAMETRIC_REPRESENTATION_CONTEXT() REPRESENTATION_CONTEXT('2D SPACE',''
  ) );
#6512 = ADVANCED_FACE('',(#6513),#5355,.T.);
#6513 = FACE_BOUND('',#6514,.T.);
#6514 = EDGE_LOOP('',(#6515,#6516,#6517,#6518));
#6515 = ORIENTED_EDGE('',*,*,#5993,.F.);
#6516 = ORIENTED_EDGE('',*,*,#5340,.T.);
#6517 = ORIENTED_EDGE('',*,*,#6327,.F.);
#6518 = ORIENTED_EDGE('',*,*,#6519,.T.);
#6519 = EDGE_CURVE('',#6328,#5961,#6520,.T.);
#6520 = SURFACE_CURVE('',#6521,(#6525,#6532),.PCURVE_S1.);
#6521 = LINE('',#6522,#6523);
#6522 = CARTESIAN_POINT('',(-20.60167391386,14.425447374229,108.7));
#6523 = VECTOR('',#6524,1.);
#6524 = DIRECTION('',(0.819152044289,-0.573576436351,0.));
#6525 = PCURVE('',#5355,#6526);
#6526 = DEFINITIONAL_REPRESENTATION('',(#6527),#6531);
#6527 = LINE('',#6528,#6529);
#6528 = CARTESIAN_POINT('',(3.15,3.505));
#6529 = VECTOR('',#6530,1.);
#6530 = DIRECTION('',(-1.,0.));
#6531 = ( GEOMETRIC_REPRESENTATION_CONTEXT(2) 
PARAMETRIC_REPRESENTATION_CONTEXT() REPRESENTATION_CONTEXT('2D SPACE',''
  ) );
#6532 = PCURVE('',#5977,#6533);
#6533 = DEFINITIONAL_REPRESENTATION('',(#6534),#6538);
#6534 = LINE('',#6535,#6536);
#6535 = CARTESIAN_POINT('',(16.166108383616,19.266017744442));
#6536 = VECTOR('',#6537,1.);
#6537 = DIRECTION('',(-0.642787609687,-0.766044443119));
#6538 = ( GEOMETRIC_REPRESENTATION_CONTEXT(2) 
PARAMETRIC_REPRESENTATION_CONTEXT() REPRESENTATION_CONTEXT('2D SPACE',''
  ) );
#6539 = ADVANCED_FACE('',(#6540),#5305,.F.);
#6540 = FACE_BOUND('',#6541,.F.);
#6541 = EDGE_LOOP('',(#6542,#6543,#6544,#6567));
#6542 = ORIENTED_EDGE('',*,*,#6015,.F.);
#6543 = ORIENTED_EDGE('',*,*,#5290,.T.);
#6544 = ORIENTED_EDGE('',*,*,#6545,.T.);
#6545 = EDGE_CURVE('',#5262,#6546,#6548,.T.);
#6546 = VERTEX_POINT('',#6547);
#6547 = CARTESIAN_POINT('',(-20.60167391386,-14.42544737423,103.7));
#6548 = SURFACE_CURVE('',#6549,(#6553,#6560),.PCURVE_S1.);
#6549 = LINE('',#6550,#6551);
#6550 = CARTESIAN_POINT('',(-20.60167391386,-14.42544737422,101.69));
#6551 = VECTOR('',#6552,1.);
#6552 = DIRECTION('',(0.,0.,1.));
#6553 = PCURVE('',#5305,#6554);
#6554 = DEFINITIONAL_REPRESENTATION('',(#6555),#6559);
#6555 = LINE('',#6556,#6557);
#6556 = CARTESIAN_POINT('',(3.15,-3.505));
#6557 = VECTOR('',#6558,1.);
#6558 = DIRECTION('',(0.,1.));
#6559 = ( GEOMETRIC_REPRESENTATION_CONTEXT(2) 
PARAMETRIC_REPRESENTATION_CONTEXT() REPRESENTATION_CONTEXT('2D SPACE',''
  ) );
#6560 = PCURVE('',#5278,#6561);
#6561 = DEFINITIONAL_REPRESENTATION('',(#6562),#6566);
#6562 = LINE('',#6563,#6564);
#6563 = CARTESIAN_POINT('',(0.,0.));
#6564 = VECTOR('',#6565,1.);
#6565 = DIRECTION('',(0.,1.));
#6566 = ( GEOMETRIC_REPRESENTATION_CONTEXT(2) 
PARAMETRIC_REPRESENTATION_CONTEXT() REPRESENTATION_CONTEXT('2D SPACE',''
  ) );
#6567 = ORIENTED_EDGE('',*,*,#6568,.F.);
#6568 = EDGE_CURVE('',#6016,#6546,#6569,.T.);
#6569 = SURFACE_CURVE('',#6570,(#6574,#6580),.PCURVE_S1.);
#6570 = LINE('',#6571,#6572);
#6571 = CARTESIAN_POINT('',(-9.010672487179,-6.309340799862,103.7));
#6572 = VECTOR('',#6573,1.);
#6573 = DIRECTION('',(-0.819152044289,-0.573576436351,0.));
#6574 = PCURVE('',#5305,#6575);
#6575 = DEFINITIONAL_REPRESENTATION('',(#6576),#6579);
#6576 = B_SPLINE_CURVE_WITH_KNOTS('',1,(#6577,#6578),.UNSPECIFIED.,.F.,
  .F.,(2,2),(9.075,14.15),.PIECEWISE_BEZIER_KNOTS.);
#6577 = CARTESIAN_POINT('',(-1.925,-1.495));
#6578 = CARTESIAN_POINT('',(3.15,-1.495));
#6579 = ( GEOMETRIC_REPRESENTATION_CONTEXT(2) 
PARAMETRIC_REPRESENTATION_CONTEXT() REPRESENTATION_CONTEXT('2D SPACE',''
  ) );
#6580 = PCURVE('',#6053,#6581);
#6581 = DEFINITIONAL_REPRESENTATION('',(#6582),#6585);
#6582 = B_SPLINE_CURVE_WITH_KNOTS('',1,(#6583,#6584),.UNSPECIFIED.,.F.,
  .F.,(2,2),(9.075,14.15),.PIECEWISE_BEZIER_KNOTS.);
#6583 = CARTESIAN_POINT('',(19.998608564192,1.749651535659));
#6584 = CARTESIAN_POINT('',(25.054296657007,2.191966930104));
#6585 = ( GEOMETRIC_REPRESENTATION_CONTEXT(2) 
PARAMETRIC_REPRESENTATION_CONTEXT() REPRESENTATION_CONTEXT('2D SPACE',''
  ) );
#6586 = ADVANCED_FACE('',(#6587),#5278,.F.);
#6587 = FACE_BOUND('',#6588,.F.);
#6588 = EDGE_LOOP('',(#6589,#6590,#6591,#6614,#6638,#6661,#6685,#6708,
    #6732,#6755));
#6589 = ORIENTED_EDGE('',*,*,#6545,.F.);
#6590 = ORIENTED_EDGE('',*,*,#5261,.T.);
#6591 = ORIENTED_EDGE('',*,*,#6592,.F.);
#6592 = EDGE_CURVE('',#6593,#5235,#6595,.T.);
#6593 = VERTEX_POINT('',#6594);
#6594 = CARTESIAN_POINT('',(-2.191966930104,-25.054296657,108.7));
#6595 = SURFACE_CURVE('',#6596,(#6600,#6607),.PCURVE_S1.);
#6596 = LINE('',#6597,#6598);
#6597 = CARTESIAN_POINT('',(-2.191966930104,-25.054296657,108.7));
#6598 = VECTOR('',#6599,1.);
#6599 = DIRECTION('',(-7.612957883144E-16,0.,-1.));
#6600 = PCURVE('',#5278,#6601);
#6601 = DEFINITIONAL_REPRESENTATION('',(#6602),#6606);
#6602 = LINE('',#6603,#6604);
#6603 = CARTESIAN_POINT('',(0.872664625997,7.01));
#6604 = VECTOR('',#6605,1.);
#6605 = DIRECTION('',(-0.,-1.));
#6606 = ( GEOMETRIC_REPRESENTATION_CONTEXT(2) 
PARAMETRIC_REPRESENTATION_CONTEXT() REPRESENTATION_CONTEXT('2D SPACE',''
  ) );
#6607 = PCURVE('',#5249,#6608);
#6608 = DEFINITIONAL_REPRESENTATION('',(#6609),#6613);
#6609 = LINE('',#6610,#6611);
#6610 = CARTESIAN_POINT('',(3.15,3.505));
#6611 = VECTOR('',#6612,1.);
#6612 = DIRECTION('',(6.635129988121E-17,-1.));
#6613 = ( GEOMETRIC_REPRESENTATION_CONTEXT(2) 
PARAMETRIC_REPRESENTATION_CONTEXT() REPRESENTATION_CONTEXT('2D SPACE',''
  ) );
#6614 = ORIENTED_EDGE('',*,*,#6615,.F.);
#6615 = EDGE_CURVE('',#6616,#6593,#6618,.T.);
#6616 = VERTEX_POINT('',#6617);
#6617 = CARTESIAN_POINT('',(-21.78053890517,-12.575,108.7));
#6618 = SURFACE_CURVE('',#6619,(#6624,#6631),.PCURVE_S1.);
#6619 = CIRCLE('',#6620,25.15);
#6620 = AXIS2_PLACEMENT_3D('',#6621,#6622,#6623);
#6621 = CARTESIAN_POINT('',(0.,0.,108.7));
#6622 = DIRECTION('',(0.,0.,1.));
#6623 = DIRECTION('',(-0.866025403784,-0.5,0.));
#6624 = PCURVE('',#5278,#6625);
#6625 = DEFINITIONAL_REPRESENTATION('',(#6626),#6630);
#6626 = LINE('',#6627,#6628);
#6627 = CARTESIAN_POINT('',(-8.726646259972E-02,7.01));
#6628 = VECTOR('',#6629,1.);
#6629 = DIRECTION('',(1.,0.));
#6630 = ( GEOMETRIC_REPRESENTATION_CONTEXT(2) 
PARAMETRIC_REPRESENTATION_CONTEXT() REPRESENTATION_CONTEXT('2D SPACE',''
  ) );
#6631 = PCURVE('',#6218,#6632);
#6632 = DEFINITIONAL_REPRESENTATION('',(#6633),#6637);
#6633 = CIRCLE('',#6634,25.15);
#6634 = AXIS2_PLACEMENT_2D('',#6635,#6636);
#6635 = CARTESIAN_POINT('',(0.,0.));
#6636 = DIRECTION('',(0.996194698092,-8.715574274766E-02));
#6637 = ( GEOMETRIC_REPRESENTATION_CONTEXT(2) 
PARAMETRIC_REPRESENTATION_CONTEXT() REPRESENTATION_CONTEXT('2D SPACE',''
  ) );
#6638 = ORIENTED_EDGE('',*,*,#6639,.F.);
#6639 = EDGE_CURVE('',#6640,#6616,#6642,.T.);
#6640 = VERTEX_POINT('',#6641);
#6641 = CARTESIAN_POINT('',(-21.78053890517,-12.575,108.15));
#6642 = SURFACE_CURVE('',#6643,(#6647,#6654),.PCURVE_S1.);
#6643 = LINE('',#6644,#6645);
#6644 = CARTESIAN_POINT('',(-21.78053890517,-12.575,103.7));
#6645 = VECTOR('',#6646,1.);
#6646 = DIRECTION('',(0.,0.,1.));
#6647 = PCURVE('',#5278,#6648);
#6648 = DEFINITIONAL_REPRESENTATION('',(#6649),#6653);
#6649 = LINE('',#6650,#6651);
#6650 = CARTESIAN_POINT('',(-8.726646259972E-02,2.01));
#6651 = VECTOR('',#6652,1.);
#6652 = DIRECTION('',(0.,1.));
#6653 = ( GEOMETRIC_REPRESENTATION_CONTEXT(2) 
PARAMETRIC_REPRESENTATION_CONTEXT() REPRESENTATION_CONTEXT('2D SPACE',''
  ) );
#6654 = PCURVE('',#6190,#6655);
#6655 = DEFINITIONAL_REPRESENTATION('',(#6656),#6660);
#6656 = LINE('',#6657,#6658);
#6657 = CARTESIAN_POINT('',(3.15,-2.5));
#6658 = VECTOR('',#6659,1.);
#6659 = DIRECTION('',(0.,1.));
#6660 = ( GEOMETRIC_REPRESENTATION_CONTEXT(2) 
PARAMETRIC_REPRESENTATION_CONTEXT() REPRESENTATION_CONTEXT('2D SPACE',''
  ) );
#6661 = ORIENTED_EDGE('',*,*,#6662,.F.);
#6662 = EDGE_CURVE('',#6663,#6640,#6665,.T.);
#6663 = VERTEX_POINT('',#6664);
#6664 = CARTESIAN_POINT('',(-22.79364084397,10.628849282779,108.15));
#6665 = SURFACE_CURVE('',#6666,(#6671,#6678),.PCURVE_S1.);
#6666 = CIRCLE('',#6667,25.15);
#6667 = AXIS2_PLACEMENT_3D('',#6668,#6669,#6670);
#6668 = CARTESIAN_POINT('',(0.,0.,108.15));
#6669 = DIRECTION('',(0.,0.,1.));
#6670 = DIRECTION('',(-0.906307787037,0.422618261741,0.));
#6671 = PCURVE('',#5278,#6672);
#6672 = DEFINITIONAL_REPRESENTATION('',(#6673),#6677);
#6673 = LINE('',#6674,#6675);
#6674 = CARTESIAN_POINT('',(-1.047197551197,6.46));
#6675 = VECTOR('',#6676,1.);
#6676 = DIRECTION('',(1.,0.));
#6677 = ( GEOMETRIC_REPRESENTATION_CONTEXT(2) 
PARAMETRIC_REPRESENTATION_CONTEXT() REPRESENTATION_CONTEXT('2D SPACE',''
  ) );
#6678 = PCURVE('',#6163,#6679);
#6679 = DEFINITIONAL_REPRESENTATION('',(#6680),#6684);
#6680 = CIRCLE('',#6681,25.15);
#6681 = AXIS2_PLACEMENT_2D('',#6682,#6683);
#6682 = CARTESIAN_POINT('',(0.,0.));
#6683 = DIRECTION('',(1.,0.));
#6684 = ( GEOMETRIC_REPRESENTATION_CONTEXT(2) 
PARAMETRIC_REPRESENTATION_CONTEXT() REPRESENTATION_CONTEXT('2D SPACE',''
  ) );
#6685 = ORIENTED_EDGE('',*,*,#6686,.F.);
#6686 = EDGE_CURVE('',#6687,#6663,#6689,.T.);
#6687 = VERTEX_POINT('',#6688);
#6688 = CARTESIAN_POINT('',(-22.79364084397,10.628849282779,104.25));
#6689 = SURFACE_CURVE('',#6690,(#6694,#6701),.PCURVE_S1.);
#6690 = LINE('',#6691,#6692);
#6691 = CARTESIAN_POINT('',(-22.79364084397,10.628849282779,104.25));
#6692 = VECTOR('',#6693,1.);
#6693 = DIRECTION('',(0.,0.,1.));
#6694 = PCURVE('',#5278,#6695);
#6695 = DEFINITIONAL_REPRESENTATION('',(#6696),#6700);
#6696 = LINE('',#6697,#6698);
#6697 = CARTESIAN_POINT('',(-1.047197551197,2.56));
#6698 = VECTOR('',#6699,1.);
#6699 = DIRECTION('',(0.,1.));
#6700 = ( GEOMETRIC_REPRESENTATION_CONTEXT(2) 
PARAMETRIC_REPRESENTATION_CONTEXT() REPRESENTATION_CONTEXT('2D SPACE',''
  ) );
#6701 = PCURVE('',#6135,#6702);
#6702 = DEFINITIONAL_REPRESENTATION('',(#6703),#6707);
#6703 = LINE('',#6704,#6705);
#6704 = CARTESIAN_POINT('',(3.15,-1.95));
#6705 = VECTOR('',#6706,1.);
#6706 = DIRECTION('',(0.,1.));
#6707 = ( GEOMETRIC_REPRESENTATION_CONTEXT(2) 
PARAMETRIC_REPRESENTATION_CONTEXT() REPRESENTATION_CONTEXT('2D SPACE',''
  ) );
#6708 = ORIENTED_EDGE('',*,*,#6709,.T.);
#6709 = EDGE_CURVE('',#6687,#6710,#6712,.T.);
#6710 = VERTEX_POINT('',#6711);
#6711 = CARTESIAN_POINT('',(-21.78053890517,-12.575,104.25));
#6712 = SURFACE_CURVE('',#6713,(#6718,#6725),.PCURVE_S1.);
#6713 = CIRCLE('',#6714,25.15);
#6714 = AXIS2_PLACEMENT_3D('',#6715,#6716,#6717);
#6715 = CARTESIAN_POINT('',(0.,0.,104.25));
#6716 = DIRECTION('',(0.,0.,1.));
#6717 = DIRECTION('',(-0.906307787037,0.422618261741,0.));
#6718 = PCURVE('',#5278,#6719);
#6719 = DEFINITIONAL_REPRESENTATION('',(#6720),#6724);
#6720 = LINE('',#6721,#6722);
#6721 = CARTESIAN_POINT('',(-1.047197551197,2.56));
#6722 = VECTOR('',#6723,1.);
#6723 = DIRECTION('',(1.,0.));
#6724 = ( GEOMETRIC_REPRESENTATION_CONTEXT(2) 
PARAMETRIC_REPRESENTATION_CONTEXT() REPRESENTATION_CONTEXT('2D SPACE',''
  ) );
#6725 = PCURVE('',#6108,#6726);
#6726 = DEFINITIONAL_REPRESENTATION('',(#6727),#6731);
#6727 = CIRCLE('',#6728,25.15);
#6728 = AXIS2_PLACEMENT_2D('',#6729,#6730);
#6729 = CARTESIAN_POINT('',(0.,0.));
#6730 = DIRECTION('',(1.,-0.));
#6731 = ( GEOMETRIC_REPRESENTATION_CONTEXT(2) 
PARAMETRIC_REPRESENTATION_CONTEXT() REPRESENTATION_CONTEXT('2D SPACE',''
  ) );
#6732 = ORIENTED_EDGE('',*,*,#6733,.F.);
#6733 = EDGE_CURVE('',#6734,#6710,#6736,.T.);
#6734 = VERTEX_POINT('',#6735);
#6735 = CARTESIAN_POINT('',(-21.78053890517,-12.575,103.7));
#6736 = SURFACE_CURVE('',#6737,(#6741,#6748),.PCURVE_S1.);
#6737 = LINE('',#6738,#6739);
#6738 = CARTESIAN_POINT('',(-21.78053890517,-12.575,103.7));
#6739 = VECTOR('',#6740,1.);
#6740 = DIRECTION('',(0.,0.,1.));
#6741 = PCURVE('',#5278,#6742);
#6742 = DEFINITIONAL_REPRESENTATION('',(#6743),#6747);
#6743 = LINE('',#6744,#6745);
#6744 = CARTESIAN_POINT('',(-8.726646259972E-02,2.01));
#6745 = VECTOR('',#6746,1.);
#6746 = DIRECTION('',(0.,1.));
#6747 = ( GEOMETRIC_REPRESENTATION_CONTEXT(2) 
PARAMETRIC_REPRESENTATION_CONTEXT() REPRESENTATION_CONTEXT('2D SPACE',''
  ) );
#6748 = PCURVE('',#6080,#6749);
#6749 = DEFINITIONAL_REPRESENTATION('',(#6750),#6754);
#6750 = LINE('',#6751,#6752);
#6751 = CARTESIAN_POINT('',(3.15,-2.5));
#6752 = VECTOR('',#6753,1.);
#6753 = DIRECTION('',(0.,1.));
#6754 = ( GEOMETRIC_REPRESENTATION_CONTEXT(2) 
PARAMETRIC_REPRESENTATION_CONTEXT() REPRESENTATION_CONTEXT('2D SPACE',''
  ) );
#6755 = ORIENTED_EDGE('',*,*,#6756,.T.);
#6756 = EDGE_CURVE('',#6734,#6546,#6757,.T.);
#6757 = SURFACE_CURVE('',#6758,(#6763,#6770),.PCURVE_S1.);
#6758 = CIRCLE('',#6759,25.15);
#6759 = AXIS2_PLACEMENT_3D('',#6760,#6761,#6762);
#6760 = CARTESIAN_POINT('',(0.,0.,103.7));
#6761 = DIRECTION('',(0.,0.,1.));
#6762 = DIRECTION('',(-0.866025403784,-0.5,0.));
#6763 = PCURVE('',#5278,#6764);
#6764 = DEFINITIONAL_REPRESENTATION('',(#6765),#6769);
#6765 = LINE('',#6766,#6767);
#6766 = CARTESIAN_POINT('',(-8.726646259972E-02,2.01));
#6767 = VECTOR('',#6768,1.);
#6768 = DIRECTION('',(1.,0.));
#6769 = ( GEOMETRIC_REPRESENTATION_CONTEXT(2) 
PARAMETRIC_REPRESENTATION_CONTEXT() REPRESENTATION_CONTEXT('2D SPACE',''
  ) );
#6770 = PCURVE('',#6053,#6771);
#6771 = DEFINITIONAL_REPRESENTATION('',(#6772),#6776);
#6772 = CIRCLE('',#6773,25.15);
#6773 = AXIS2_PLACEMENT_2D('',#6774,#6775);
#6774 = CARTESIAN_POINT('',(0.,0.));
#6775 = DIRECTION('',(1.,-0.));
#6776 = ( GEOMETRIC_REPRESENTATION_CONTEXT(2) 
PARAMETRIC_REPRESENTATION_CONTEXT() REPRESENTATION_CONTEXT('2D SPACE',''
  ) );
#6777 = ADVANCED_FACE('',(#6778),#5249,.T.);
#6778 = FACE_BOUND('',#6779,.T.);
#6779 = EDGE_LOOP('',(#6780,#6781,#6782,#6783));
#6780 = ORIENTED_EDGE('',*,*,#6234,.F.);
#6781 = ORIENTED_EDGE('',*,*,#5234,.T.);
#6782 = ORIENTED_EDGE('',*,*,#6592,.F.);
#6783 = ORIENTED_EDGE('',*,*,#6784,.T.);
#6784 = EDGE_CURVE('',#6593,#6202,#6785,.T.);
#6785 = SURFACE_CURVE('',#6786,(#6790,#6797),.PCURVE_S1.);
#6786 = LINE('',#6787,#6788);
#6787 = CARTESIAN_POINT('',(-2.191966930104,-25.054296657,108.7));
#6788 = VECTOR('',#6789,1.);
#6789 = DIRECTION('',(8.715574274766E-02,0.996194698092,0.));
#6790 = PCURVE('',#5249,#6791);
#6791 = DEFINITIONAL_REPRESENTATION('',(#6792),#6796);
#6792 = LINE('',#6793,#6794);
#6793 = CARTESIAN_POINT('',(3.15,3.505));
#6794 = VECTOR('',#6795,1.);
#6795 = DIRECTION('',(-1.,0.));
#6796 = ( GEOMETRIC_REPRESENTATION_CONTEXT(2) 
PARAMETRIC_REPRESENTATION_CONTEXT() REPRESENTATION_CONTEXT('2D SPACE',''
  ) );
#6797 = PCURVE('',#6218,#6798);
#6798 = DEFINITIONAL_REPRESENTATION('',(#6799),#6803);
#6799 = LINE('',#6800,#6801);
#6800 = CARTESIAN_POINT('',(16.166108383616,19.266017744442));
#6801 = VECTOR('',#6802,1.);
#6802 = DIRECTION('',(-0.642787609687,-0.766044443119));
#6803 = ( GEOMETRIC_REPRESENTATION_CONTEXT(2) 
PARAMETRIC_REPRESENTATION_CONTEXT() REPRESENTATION_CONTEXT('2D SPACE',''
  ) );
#6804 = ADVANCED_FACE('',(#6805),#5199,.F.);
#6805 = FACE_BOUND('',#6806,.F.);
#6806 = EDGE_LOOP('',(#6807,#6808,#6809,#6832));
#6807 = ORIENTED_EDGE('',*,*,#6256,.F.);
#6808 = ORIENTED_EDGE('',*,*,#5184,.T.);
#6809 = ORIENTED_EDGE('',*,*,#6810,.T.);
#6810 = EDGE_CURVE('',#5156,#6811,#6813,.T.);
#6811 = VERTEX_POINT('',#6812);
#6812 = CARTESIAN_POINT('',(22.793640843972,-10.62884928277,103.7));
#6813 = SURFACE_CURVE('',#6814,(#6818,#6825),.PCURVE_S1.);
#6814 = LINE('',#6815,#6816);
#6815 = CARTESIAN_POINT('',(22.793640843972,-10.62884928277,101.69));
#6816 = VECTOR('',#6817,1.);
#6817 = DIRECTION('',(0.,0.,1.));
#6818 = PCURVE('',#5199,#6819);
#6819 = DEFINITIONAL_REPRESENTATION('',(#6820),#6824);
#6820 = LINE('',#6821,#6822);
#6821 = CARTESIAN_POINT('',(3.15,-3.505));
#6822 = VECTOR('',#6823,1.);
#6823 = DIRECTION('',(0.,1.));
#6824 = ( GEOMETRIC_REPRESENTATION_CONTEXT(2) 
PARAMETRIC_REPRESENTATION_CONTEXT() REPRESENTATION_CONTEXT('2D SPACE',''
  ) );
#6825 = PCURVE('',#5172,#6826);
#6826 = DEFINITIONAL_REPRESENTATION('',(#6827),#6831);
#6827 = LINE('',#6828,#6829);
#6828 = CARTESIAN_POINT('',(0.,0.));
#6829 = VECTOR('',#6830,1.);
#6830 = DIRECTION('',(0.,1.));
#6831 = ( GEOMETRIC_REPRESENTATION_CONTEXT(2) 
PARAMETRIC_REPRESENTATION_CONTEXT() REPRESENTATION_CONTEXT('2D SPACE',''
  ) );
#6832 = ORIENTED_EDGE('',*,*,#6833,.F.);
#6833 = EDGE_CURVE('',#5481,#6811,#6834,.T.);
#6834 = SURFACE_CURVE('',#6835,(#6839,#6845),.PCURVE_S1.);
#6835 = LINE('',#6836,#6837);
#6836 = CARTESIAN_POINT('',(9.969385657403,-4.648800879148,103.7));
#6837 = VECTOR('',#6838,1.);
#6838 = DIRECTION('',(0.906307787037,-0.422618261741,0.));
#6839 = PCURVE('',#5199,#6840);
#6840 = DEFINITIONAL_REPRESENTATION('',(#6841),#6844);
#6841 = B_SPLINE_CURVE_WITH_KNOTS('',1,(#6842,#6843),.UNSPECIFIED.,.F.,
  .F.,(2,2),(9.075,14.15),.PIECEWISE_BEZIER_KNOTS.);
#6842 = CARTESIAN_POINT('',(-1.925,-1.495));
#6843 = CARTESIAN_POINT('',(3.15,-1.495));
#6844 = ( GEOMETRIC_REPRESENTATION_CONTEXT(2) 
PARAMETRIC_REPRESENTATION_CONTEXT() REPRESENTATION_CONTEXT('2D SPACE',''
  ) );
#6845 = PCURVE('',#5497,#6846);
#6846 = DEFINITIONAL_REPRESENTATION('',(#6847),#6850);
#6847 = B_SPLINE_CURVE_WITH_KNOTS('',1,(#6848,#6849),.UNSPECIFIED.,.F.,
  .F.,(2,2),(9.075,14.15),.PIECEWISE_BEZIER_KNOTS.);
#6848 = CARTESIAN_POINT('',(19.998608564192,1.749651535659));
#6849 = CARTESIAN_POINT('',(25.054296657007,2.191966930104));
#6850 = ( GEOMETRIC_REPRESENTATION_CONTEXT(2) 
PARAMETRIC_REPRESENTATION_CONTEXT() REPRESENTATION_CONTEXT('2D SPACE',''
  ) );
#6851 = ADVANCED_FACE('',(#6852),#5172,.F.);
#6852 = FACE_BOUND('',#6853,.F.);
#6853 = EDGE_LOOP('',(#6854,#6855,#6856,#6879,#6903,#6926,#6950,#6973,
    #6997,#7020));
#6854 = ORIENTED_EDGE('',*,*,#6810,.F.);
#6855 = ORIENTED_EDGE('',*,*,#5155,.T.);
#6856 = ORIENTED_EDGE('',*,*,#6857,.F.);
#6857 = EDGE_CURVE('',#6858,#5129,#6860,.T.);
#6858 = VERTEX_POINT('',#6859);
#6859 = CARTESIAN_POINT('',(22.793640843972,10.628849282779,108.7));
#6860 = SURFACE_CURVE('',#6861,(#6865,#6872),.PCURVE_S1.);
#6861 = LINE('',#6862,#6863);
#6862 = CARTESIAN_POINT('',(22.793640843972,10.628849282779,108.7));
#6863 = VECTOR('',#6864,1.);
#6864 = DIRECTION('',(0.,-2.537652627715E-16,-1.));
#6865 = PCURVE('',#5172,#6866);
#6866 = DEFINITIONAL_REPRESENTATION('',(#6867),#6871);
#6867 = LINE('',#6868,#6869);
#6868 = CARTESIAN_POINT('',(0.872664625997,7.01));
#6869 = VECTOR('',#6870,1.);
#6870 = DIRECTION('',(-0.,-1.));
#6871 = ( GEOMETRIC_REPRESENTATION_CONTEXT(2) 
PARAMETRIC_REPRESENTATION_CONTEXT() REPRESENTATION_CONTEXT('2D SPACE',''
  ) );
#6872 = PCURVE('',#5143,#6873);
#6873 = DEFINITIONAL_REPRESENTATION('',(#6874),#6878);
#6874 = LINE('',#6875,#6876);
#6875 = CARTESIAN_POINT('',(3.15,3.505));
#6876 = VECTOR('',#6877,1.);
#6877 = DIRECTION('',(-1.072458342426E-16,-1.));
#6878 = ( GEOMETRIC_REPRESENTATION_CONTEXT(2) 
PARAMETRIC_REPRESENTATION_CONTEXT() REPRESENTATION_CONTEXT('2D SPACE',''
  ) );
#6879 = ORIENTED_EDGE('',*,*,#6880,.F.);
#6880 = EDGE_CURVE('',#6881,#6858,#6883,.T.);
#6881 = VERTEX_POINT('',#6882);
#6882 = CARTESIAN_POINT('',(21.780538905179,-12.575,108.7));
#6883 = SURFACE_CURVE('',#6884,(#6889,#6896),.PCURVE_S1.);
#6884 = CIRCLE('',#6885,25.15);
#6885 = AXIS2_PLACEMENT_3D('',#6886,#6887,#6888);
#6886 = CARTESIAN_POINT('',(0.,0.,108.7));
#6887 = DIRECTION('',(0.,0.,1.));
#6888 = DIRECTION('',(0.866025403784,-0.5,0.));
#6889 = PCURVE('',#5172,#6890);
#6890 = DEFINITIONAL_REPRESENTATION('',(#6891),#6895);
#6891 = LINE('',#6892,#6893);
#6892 = CARTESIAN_POINT('',(-8.726646259972E-02,7.01));
#6893 = VECTOR('',#6894,1.);
#6894 = DIRECTION('',(1.,0.));
#6895 = ( GEOMETRIC_REPRESENTATION_CONTEXT(2) 
PARAMETRIC_REPRESENTATION_CONTEXT() REPRESENTATION_CONTEXT('2D SPACE',''
  ) );
#6896 = PCURVE('',#5662,#6897);
#6897 = DEFINITIONAL_REPRESENTATION('',(#6898),#6902);
#6898 = CIRCLE('',#6899,25.15);
#6899 = AXIS2_PLACEMENT_2D('',#6900,#6901);
#6900 = CARTESIAN_POINT('',(0.,0.));
#6901 = DIRECTION('',(1.,-5.551115123126E-17));
#6902 = ( GEOMETRIC_REPRESENTATION_CONTEXT(2) 
PARAMETRIC_REPRESENTATION_CONTEXT() REPRESENTATION_CONTEXT('2D SPACE',''
  ) );
#6903 = ORIENTED_EDGE('',*,*,#6904,.F.);
#6904 = EDGE_CURVE('',#6905,#6881,#6907,.T.);
#6905 = VERTEX_POINT('',#6906);
#6906 = CARTESIAN_POINT('',(21.780538905178,-12.575,108.15));
#6907 = SURFACE_CURVE('',#6908,(#6912,#6919),.PCURVE_S1.);
#6908 = LINE('',#6909,#6910);
#6909 = CARTESIAN_POINT('',(21.780538905179,-12.575,103.7));
#6910 = VECTOR('',#6911,1.);
#6911 = DIRECTION('',(0.,0.,1.));
#6912 = PCURVE('',#5172,#6913);
#6913 = DEFINITIONAL_REPRESENTATION('',(#6914),#6918);
#6914 = LINE('',#6915,#6916);
#6915 = CARTESIAN_POINT('',(-8.726646259972E-02,2.01));
#6916 = VECTOR('',#6917,1.);
#6917 = DIRECTION('',(0.,1.));
#6918 = ( GEOMETRIC_REPRESENTATION_CONTEXT(2) 
PARAMETRIC_REPRESENTATION_CONTEXT() REPRESENTATION_CONTEXT('2D SPACE',''
  ) );
#6919 = PCURVE('',#5634,#6920);
#6920 = DEFINITIONAL_REPRESENTATION('',(#6921),#6925);
#6921 = LINE('',#6922,#6923);
#6922 = CARTESIAN_POINT('',(3.15,-2.5));
#6923 = VECTOR('',#6924,1.);
#6924 = DIRECTION('',(0.,1.));
#6925 = ( GEOMETRIC_REPRESENTATION_CONTEXT(2) 
PARAMETRIC_REPRESENTATION_CONTEXT() REPRESENTATION_CONTEXT('2D SPACE',''
  ) );
#6926 = ORIENTED_EDGE('',*,*,#6927,.F.);
#6927 = EDGE_CURVE('',#6928,#6905,#6930,.T.);
#6928 = VERTEX_POINT('',#6929);
#6929 = CARTESIAN_POINT('',(2.191966930104,-25.054296657,108.15));
#6930 = SURFACE_CURVE('',#6931,(#6936,#6943),.PCURVE_S1.);
#6931 = CIRCLE('',#6932,25.15);
#6932 = AXIS2_PLACEMENT_3D('',#6933,#6934,#6935);
#6933 = CARTESIAN_POINT('',(0.,0.,108.15));
#6934 = DIRECTION('',(-0.,0.,1.));
#6935 = DIRECTION('',(8.715574274766E-02,-0.996194698092,0.));
#6936 = PCURVE('',#5172,#6937);
#6937 = DEFINITIONAL_REPRESENTATION('',(#6938),#6942);
#6938 = LINE('',#6939,#6940);
#6939 = CARTESIAN_POINT('',(-1.047197551197,6.46));
#6940 = VECTOR('',#6941,1.);
#6941 = DIRECTION('',(1.,0.));
#6942 = ( GEOMETRIC_REPRESENTATION_CONTEXT(2) 
PARAMETRIC_REPRESENTATION_CONTEXT() REPRESENTATION_CONTEXT('2D SPACE',''
  ) );
#6943 = PCURVE('',#5607,#6944);
#6944 = DEFINITIONAL_REPRESENTATION('',(#6945),#6949);
#6945 = CIRCLE('',#6946,25.15);
#6946 = AXIS2_PLACEMENT_2D('',#6947,#6948);
#6947 = CARTESIAN_POINT('',(0.,0.));
#6948 = DIRECTION('',(1.,0.));
#6949 = ( GEOMETRIC_REPRESENTATION_CONTEXT(2) 
PARAMETRIC_REPRESENTATION_CONTEXT() REPRESENTATION_CONTEXT('2D SPACE',''
  ) );
#6950 = ORIENTED_EDGE('',*,*,#6951,.F.);
#6951 = EDGE_CURVE('',#6952,#6928,#6954,.T.);
#6952 = VERTEX_POINT('',#6953);
#6953 = CARTESIAN_POINT('',(2.191966930104,-25.054296657,104.25));
#6954 = SURFACE_CURVE('',#6955,(#6959,#6966),.PCURVE_S1.);
#6955 = LINE('',#6956,#6957);
#6956 = CARTESIAN_POINT('',(2.191966930104,-25.054296657,104.25));
#6957 = VECTOR('',#6958,1.);
#6958 = DIRECTION('',(0.,0.,1.));
#6959 = PCURVE('',#5172,#6960);
#6960 = DEFINITIONAL_REPRESENTATION('',(#6961),#6965);
#6961 = LINE('',#6962,#6963);
#6962 = CARTESIAN_POINT('',(-1.047197551197,2.56));
#6963 = VECTOR('',#6964,1.);
#6964 = DIRECTION('',(0.,1.));
#6965 = ( GEOMETRIC_REPRESENTATION_CONTEXT(2) 
PARAMETRIC_REPRESENTATION_CONTEXT() REPRESENTATION_CONTEXT('2D SPACE',''
  ) );
#6966 = PCURVE('',#5579,#6967);
#6967 = DEFINITIONAL_REPRESENTATION('',(#6968),#6972);
#6968 = LINE('',#6969,#6970);
#6969 = CARTESIAN_POINT('',(3.15,-1.95));
#6970 = VECTOR('',#6971,1.);
#6971 = DIRECTION('',(0.,1.));
#6972 = ( GEOMETRIC_REPRESENTATION_CONTEXT(2) 
PARAMETRIC_REPRESENTATION_CONTEXT() REPRESENTATION_CONTEXT('2D SPACE',''
  ) );
#6973 = ORIENTED_EDGE('',*,*,#6974,.T.);
#6974 = EDGE_CURVE('',#6952,#6975,#6977,.T.);
#6975 = VERTEX_POINT('',#6976);
#6976 = CARTESIAN_POINT('',(21.780538905178,-12.575,104.25));
#6977 = SURFACE_CURVE('',#6978,(#6983,#6990),.PCURVE_S1.);
#6978 = CIRCLE('',#6979,25.15);
#6979 = AXIS2_PLACEMENT_3D('',#6980,#6981,#6982);
#6980 = CARTESIAN_POINT('',(0.,0.,104.25));
#6981 = DIRECTION('',(-0.,0.,1.));
#6982 = DIRECTION('',(8.715574274766E-02,-0.996194698092,0.));
#6983 = PCURVE('',#5172,#6984);
#6984 = DEFINITIONAL_REPRESENTATION('',(#6985),#6989);
#6985 = LINE('',#6986,#6987);
#6986 = CARTESIAN_POINT('',(-1.047197551197,2.56));
#6987 = VECTOR('',#6988,1.);
#6988 = DIRECTION('',(1.,0.));
#6989 = ( GEOMETRIC_REPRESENTATION_CONTEXT(2) 
PARAMETRIC_REPRESENTATION_CONTEXT() REPRESENTATION_CONTEXT('2D SPACE',''
  ) );
#6990 = PCURVE('',#5552,#6991);
#6991 = DEFINITIONAL_REPRESENTATION('',(#6992),#6996);
#6992 = CIRCLE('',#6993,25.15);
#6993 = AXIS2_PLACEMENT_2D('',#6994,#6995);
#6994 = CARTESIAN_POINT('',(0.,0.));
#6995 = DIRECTION('',(1.,-0.));
#6996 = ( GEOMETRIC_REPRESENTATION_CONTEXT(2) 
PARAMETRIC_REPRESENTATION_CONTEXT() REPRESENTATION_CONTEXT('2D SPACE',''
  ) );
#6997 = ORIENTED_EDGE('',*,*,#6998,.F.);
#6998 = EDGE_CURVE('',#6999,#6975,#7001,.T.);
#6999 = VERTEX_POINT('',#7000);
#7000 = CARTESIAN_POINT('',(21.780538905179,-12.575,103.7));
#7001 = SURFACE_CURVE('',#7002,(#7006,#7013),.PCURVE_S1.);
#7002 = LINE('',#7003,#7004);
#7003 = CARTESIAN_POINT('',(21.780538905179,-12.575,103.7));
#7004 = VECTOR('',#7005,1.);
#7005 = DIRECTION('',(0.,0.,1.));
#7006 = PCURVE('',#5172,#7007);
#7007 = DEFINITIONAL_REPRESENTATION('',(#7008),#7012);
#7008 = LINE('',#7009,#7010);
#7009 = CARTESIAN_POINT('',(-8.726646259972E-02,2.01));
#7010 = VECTOR('',#7011,1.);
#7011 = DIRECTION('',(0.,1.));
#7012 = ( GEOMETRIC_REPRESENTATION_CONTEXT(2) 
PARAMETRIC_REPRESENTATION_CONTEXT() REPRESENTATION_CONTEXT('2D SPACE',''
  ) );
#7013 = PCURVE('',#5524,#7014);
#7014 = DEFINITIONAL_REPRESENTATION('',(#7015),#7019);
#7015 = LINE('',#7016,#7017);
#7016 = CARTESIAN_POINT('',(3.15,-2.5));
#7017 = VECTOR('',#7018,1.);
#7018 = DIRECTION('',(0.,1.));
#7019 = ( GEOMETRIC_REPRESENTATION_CONTEXT(2) 
PARAMETRIC_REPRESENTATION_CONTEXT() REPRESENTATION_CONTEXT('2D SPACE',''
  ) );
#7020 = ORIENTED_EDGE('',*,*,#7021,.T.);
#7021 = EDGE_CURVE('',#6999,#6811,#7022,.T.);
#7022 = SURFACE_CURVE('',#7023,(#7028,#7035),.PCURVE_S1.);
#7023 = CIRCLE('',#7024,25.15);
#7024 = AXIS2_PLACEMENT_3D('',#7025,#7026,#7027);
#7025 = CARTESIAN_POINT('',(0.,0.,103.7));
#7026 = DIRECTION('',(-0.,0.,1.));
#7027 = DIRECTION('',(0.866025403784,-0.5,0.));
#7028 = PCURVE('',#5172,#7029);
#7029 = DEFINITIONAL_REPRESENTATION('',(#7030),#7034);
#7030 = LINE('',#7031,#7032);
#7031 = CARTESIAN_POINT('',(-8.726646259972E-02,2.01));
#7032 = VECTOR('',#7033,1.);
#7033 = DIRECTION('',(1.,0.));
#7034 = ( GEOMETRIC_REPRESENTATION_CONTEXT(2) 
PARAMETRIC_REPRESENTATION_CONTEXT() REPRESENTATION_CONTEXT('2D SPACE',''
  ) );
#7035 = PCURVE('',#5497,#7036);
#7036 = DEFINITIONAL_REPRESENTATION('',(#7037),#7041);
#7037 = CIRCLE('',#7038,25.15);
#7038 = AXIS2_PLACEMENT_2D('',#7039,#7040);
#7039 = CARTESIAN_POINT('',(0.,0.));
#7040 = DIRECTION('',(1.,-0.));
#7041 = ( GEOMETRIC_REPRESENTATION_CONTEXT(2) 
PARAMETRIC_REPRESENTATION_CONTEXT() REPRESENTATION_CONTEXT('2D SPACE',''
  ) );
#7042 = ADVANCED_FACE('',(#7043),#5143,.T.);
#7043 = FACE_BOUND('',#7044,.T.);
#7044 = EDGE_LOOP('',(#7045,#7046,#7047,#7048));
#7045 = ORIENTED_EDGE('',*,*,#5752,.F.);
#7046 = ORIENTED_EDGE('',*,*,#5128,.T.);
#7047 = ORIENTED_EDGE('',*,*,#6857,.F.);
#7048 = ORIENTED_EDGE('',*,*,#7049,.T.);
#7049 = EDGE_CURVE('',#6858,#5729,#7050,.T.);
#7050 = SURFACE_CURVE('',#7051,(#7055,#7062),.PCURVE_S1.);
#7051 = LINE('',#7052,#7053);
#7052 = CARTESIAN_POINT('',(22.793640843972,10.628849282779,108.7));
#7053 = VECTOR('',#7054,1.);
#7054 = DIRECTION('',(-0.906307787037,-0.422618261741,0.));
#7055 = PCURVE('',#5143,#7056);
#7056 = DEFINITIONAL_REPRESENTATION('',(#7057),#7061);
#7057 = LINE('',#7058,#7059);
#7058 = CARTESIAN_POINT('',(3.15,3.505));
#7059 = VECTOR('',#7060,1.);
#7060 = DIRECTION('',(-1.,0.));
#7061 = ( GEOMETRIC_REPRESENTATION_CONTEXT(2) 
PARAMETRIC_REPRESENTATION_CONTEXT() REPRESENTATION_CONTEXT('2D SPACE',''
  ) );
#7062 = PCURVE('',#5662,#7063);
#7063 = DEFINITIONAL_REPRESENTATION('',(#7064),#7068);
#7064 = LINE('',#7065,#7066);
#7065 = CARTESIAN_POINT('',(14.425447374229,20.601673913868));
#7066 = VECTOR('',#7067,1.);
#7067 = DIRECTION('',(-0.573576436351,-0.819152044289));
#7068 = ( GEOMETRIC_REPRESENTATION_CONTEXT(2) 
PARAMETRIC_REPRESENTATION_CONTEXT() REPRESENTATION_CONTEXT('2D SPACE',''
  ) );
#7069 = ADVANCED_FACE('',(#7070,#7073),#5440,.T.);
#7070 = FACE_BOUND('',#7071,.T.);
#7071 = EDGE_LOOP('',(#7072));
#7072 = ORIENTED_EDGE('',*,*,#5423,.T.);
#7073 = FACE_BOUND('',#7074,.T.);
#7074 = EDGE_LOOP('',(#7075));
#7075 = ORIENTED_EDGE('',*,*,#7076,.F.);
#7076 = EDGE_CURVE('',#7077,#7077,#7079,.T.);
#7077 = VERTEX_POINT('',#7078);
#7078 = CARTESIAN_POINT('',(5.,-1.224646799147E-15,147.7));
#7079 = SURFACE_CURVE('',#7080,(#7085,#7092),.PCURVE_S1.);
#7080 = CIRCLE('',#7081,5.);
#7081 = AXIS2_PLACEMENT_3D('',#7082,#7083,#7084);
#7082 = CARTESIAN_POINT('',(0.,0.,147.7));
#7083 = DIRECTION('',(0.,0.,1.));
#7084 = DIRECTION('',(1.,0.,-0.));
#7085 = PCURVE('',#5440,#7086);
#7086 = DEFINITIONAL_REPRESENTATION('',(#7087),#7091);
#7087 = CIRCLE('',#7088,5.);
#7088 = AXIS2_PLACEMENT_2D('',#7089,#7090);
#7089 = CARTESIAN_POINT('',(0.,0.));
#7090 = DIRECTION('',(1.,0.));
#7091 = ( GEOMETRIC_REPRESENTATION_CONTEXT(2) 
PARAMETRIC_REPRESENTATION_CONTEXT() REPRESENTATION_CONTEXT('2D SPACE',''
  ) );
#7092 = PCURVE('',#7093,#7098);
#7093 = CYLINDRICAL_SURFACE('',#7094,5.);
#7094 = AXIS2_PLACEMENT_3D('',#7095,#7096,#7097);
#7095 = CARTESIAN_POINT('',(0.,0.,147.7));
#7096 = DIRECTION('',(0.,0.,1.));
#7097 = DIRECTION('',(1.,0.,-0.));
#7098 = DEFINITIONAL_REPRESENTATION('',(#7099),#7103);
#7099 = LINE('',#7100,#7101);
#7100 = CARTESIAN_POINT('',(0.,0.));
#7101 = VECTOR('',#7102,1.);
#7102 = DIRECTION('',(1.,0.));
#7103 = ( GEOMETRIC_REPRESENTATION_CONTEXT(2) 
PARAMETRIC_REPRESENTATION_CONTEXT() REPRESENTATION_CONTEXT('2D SPACE',''
  ) );
#7104 = ADVANCED_FACE('',(#7105),#5497,.T.);
#7105 = FACE_BOUND('',#7106,.F.);
#7106 = EDGE_LOOP('',(#7107,#7128,#7129,#7130));
#7107 = ORIENTED_EDGE('',*,*,#7108,.F.);
#7108 = EDGE_CURVE('',#5479,#6999,#7109,.T.);
#7109 = SURFACE_CURVE('',#7110,(#7114,#7121),.PCURVE_S1.);
#7110 = LINE('',#7111,#7112);
#7111 = CARTESIAN_POINT('',(16.324578861337,-9.425,103.7));
#7112 = VECTOR('',#7113,1.);
#7113 = DIRECTION('',(0.866025403784,-0.5,0.));
#7114 = PCURVE('',#5497,#7115);
#7115 = DEFINITIONAL_REPRESENTATION('',(#7116),#7120);
#7116 = LINE('',#7117,#7118);
#7117 = CARTESIAN_POINT('',(18.85,-0.));
#7118 = VECTOR('',#7119,1.);
#7119 = DIRECTION('',(1.,-0.));
#7120 = ( GEOMETRIC_REPRESENTATION_CONTEXT(2) 
PARAMETRIC_REPRESENTATION_CONTEXT() REPRESENTATION_CONTEXT('2D SPACE',''
  ) );
#7121 = PCURVE('',#5524,#7122);
#7122 = DEFINITIONAL_REPRESENTATION('',(#7123),#7127);
#7123 = LINE('',#7124,#7125);
#7124 = CARTESIAN_POINT('',(-3.15,-2.5));
#7125 = VECTOR('',#7126,1.);
#7126 = DIRECTION('',(1.,0.));
#7127 = ( GEOMETRIC_REPRESENTATION_CONTEXT(2) 
PARAMETRIC_REPRESENTATION_CONTEXT() REPRESENTATION_CONTEXT('2D SPACE',''
  ) );
#7128 = ORIENTED_EDGE('',*,*,#5478,.T.);
#7129 = ORIENTED_EDGE('',*,*,#6833,.T.);
#7130 = ORIENTED_EDGE('',*,*,#7021,.F.);
#7131 = ADVANCED_FACE('',(#7132),#6218,.F.);
#7132 = FACE_BOUND('',#7133,.F.);
#7133 = EDGE_LOOP('',(#7134,#7135,#7156,#7157));
#7134 = ORIENTED_EDGE('',*,*,#6201,.T.);
#7135 = ORIENTED_EDGE('',*,*,#7136,.F.);
#7136 = EDGE_CURVE('',#6616,#6176,#7137,.T.);
#7137 = SURFACE_CURVE('',#7138,(#7142,#7149),.PCURVE_S1.);
#7138 = LINE('',#7139,#7140);
#7139 = CARTESIAN_POINT('',(-21.78053890517,-12.575,108.7));
#7140 = VECTOR('',#7141,1.);
#7141 = DIRECTION('',(0.866025403784,0.5,0.));
#7142 = PCURVE('',#6218,#7143);
#7143 = DEFINITIONAL_REPRESENTATION('',(#7144),#7148);
#7144 = LINE('',#7145,#7146);
#7145 = CARTESIAN_POINT('',(25.054296657007,-2.191966930104));
#7146 = VECTOR('',#7147,1.);
#7147 = DIRECTION('',(-0.996194698092,8.715574274766E-02));
#7148 = ( GEOMETRIC_REPRESENTATION_CONTEXT(2) 
PARAMETRIC_REPRESENTATION_CONTEXT() REPRESENTATION_CONTEXT('2D SPACE',''
  ) );
#7149 = PCURVE('',#6190,#7150);
#7150 = DEFINITIONAL_REPRESENTATION('',(#7151),#7155);
#7151 = LINE('',#7152,#7153);
#7152 = CARTESIAN_POINT('',(3.15,2.5));
#7153 = VECTOR('',#7154,1.);
#7154 = DIRECTION('',(-1.,0.));
#7155 = ( GEOMETRIC_REPRESENTATION_CONTEXT(2) 
PARAMETRIC_REPRESENTATION_CONTEXT() REPRESENTATION_CONTEXT('2D SPACE',''
  ) );
#7156 = ORIENTED_EDGE('',*,*,#6615,.T.);
#7157 = ORIENTED_EDGE('',*,*,#6784,.T.);
#7158 = ADVANCED_FACE('',(#7159),#6190,.F.);
#7159 = FACE_BOUND('',#7160,.F.);
#7160 = EDGE_LOOP('',(#7161,#7162,#7181,#7182));
#7161 = ORIENTED_EDGE('',*,*,#6175,.F.);
#7162 = ORIENTED_EDGE('',*,*,#7163,.F.);
#7163 = EDGE_CURVE('',#6640,#6147,#7164,.T.);
#7164 = SURFACE_CURVE('',#7165,(#7169,#7175),.PCURVE_S1.);
#7165 = LINE('',#7166,#7167);
#7166 = CARTESIAN_POINT('',(-9.526279441629,-5.5,108.15));
#7167 = VECTOR('',#7168,1.);
#7168 = DIRECTION('',(0.866025403784,0.5,-0.));
#7169 = PCURVE('',#6190,#7170);
#7170 = DEFINITIONAL_REPRESENTATION('',(#7171),#7174);
#7171 = B_SPLINE_CURVE_WITH_KNOTS('',1,(#7172,#7173),.UNSPECIFIED.,.F.,
  .F.,(2,2),(-14.15,-9.075),.PIECEWISE_BEZIER_KNOTS.);
#7172 = CARTESIAN_POINT('',(3.15,1.95));
#7173 = CARTESIAN_POINT('',(-1.925,1.95));
#7174 = ( GEOMETRIC_REPRESENTATION_CONTEXT(2) 
PARAMETRIC_REPRESENTATION_CONTEXT() REPRESENTATION_CONTEXT('2D SPACE',''
  ) );
#7175 = PCURVE('',#6163,#7176);
#7176 = DEFINITIONAL_REPRESENTATION('',(#7177),#7180);
#7177 = B_SPLINE_CURVE_WITH_KNOTS('',1,(#7178,#7179),.UNSPECIFIED.,.F.,
  .F.,(2,2),(-14.15,-9.075),.PIECEWISE_BEZIER_KNOTS.);
#7178 = CARTESIAN_POINT('',(14.425447374229,20.601673913868));
#7179 = CARTESIAN_POINT('',(11.514546959747,16.444477289102));
#7180 = ( GEOMETRIC_REPRESENTATION_CONTEXT(2) 
PARAMETRIC_REPRESENTATION_CONTEXT() REPRESENTATION_CONTEXT('2D SPACE',''
  ) );
#7181 = ORIENTED_EDGE('',*,*,#6639,.T.);
#7182 = ORIENTED_EDGE('',*,*,#7136,.T.);
#7183 = ADVANCED_FACE('',(#7184),#6163,.F.);
#7184 = FACE_BOUND('',#7185,.F.);
#7185 = EDGE_LOOP('',(#7186,#7207,#7208,#7209));
#7186 = ORIENTED_EDGE('',*,*,#7187,.F.);
#7187 = EDGE_CURVE('',#6663,#6121,#7188,.T.);
#7188 = SURFACE_CURVE('',#7189,(#7193,#7200),.PCURVE_S1.);
#7189 = LINE('',#7190,#7191);
#7190 = CARTESIAN_POINT('',(-22.79364084397,10.628849282779,108.15));
#7191 = VECTOR('',#7192,1.);
#7192 = DIRECTION('',(0.906307787037,-0.422618261741,0.));
#7193 = PCURVE('',#6163,#7194);
#7194 = DEFINITIONAL_REPRESENTATION('',(#7195),#7199);
#7195 = LINE('',#7196,#7197);
#7196 = CARTESIAN_POINT('',(25.15,0.));
#7197 = VECTOR('',#7198,1.);
#7198 = DIRECTION('',(-1.,0.));
#7199 = ( GEOMETRIC_REPRESENTATION_CONTEXT(2) 
PARAMETRIC_REPRESENTATION_CONTEXT() REPRESENTATION_CONTEXT('2D SPACE',''
  ) );
#7200 = PCURVE('',#6135,#7201);
#7201 = DEFINITIONAL_REPRESENTATION('',(#7202),#7206);
#7202 = LINE('',#7203,#7204);
#7203 = CARTESIAN_POINT('',(3.15,1.95));
#7204 = VECTOR('',#7205,1.);
#7205 = DIRECTION('',(-1.,0.));
#7206 = ( GEOMETRIC_REPRESENTATION_CONTEXT(2) 
PARAMETRIC_REPRESENTATION_CONTEXT() REPRESENTATION_CONTEXT('2D SPACE',''
  ) );
#7207 = ORIENTED_EDGE('',*,*,#6662,.T.);
#7208 = ORIENTED_EDGE('',*,*,#7163,.T.);
#7209 = ORIENTED_EDGE('',*,*,#6146,.F.);
#7210 = ADVANCED_FACE('',(#7211),#6135,.F.);
#7211 = FACE_BOUND('',#7212,.F.);
#7212 = EDGE_LOOP('',(#7213,#7214,#7235,#7236));
#7213 = ORIENTED_EDGE('',*,*,#6120,.F.);
#7214 = ORIENTED_EDGE('',*,*,#7215,.T.);
#7215 = EDGE_CURVE('',#6092,#6687,#7216,.T.);
#7216 = SURFACE_CURVE('',#7217,(#7221,#7228),.PCURVE_S1.);
#7217 = LINE('',#7218,#7219);
#7218 = CARTESIAN_POINT('',(-17.08390178564,7.966354233812,104.25));
#7219 = VECTOR('',#7220,1.);
#7220 = DIRECTION('',(-0.906307787037,0.422618261741,0.));
#7221 = PCURVE('',#6135,#7222);
#7222 = DEFINITIONAL_REPRESENTATION('',(#7223),#7227);
#7223 = LINE('',#7224,#7225);
#7224 = CARTESIAN_POINT('',(-3.15,-1.95));
#7225 = VECTOR('',#7226,1.);
#7226 = DIRECTION('',(1.,0.));
#7227 = ( GEOMETRIC_REPRESENTATION_CONTEXT(2) 
PARAMETRIC_REPRESENTATION_CONTEXT() REPRESENTATION_CONTEXT('2D SPACE',''
  ) );
#7228 = PCURVE('',#6108,#7229);
#7229 = DEFINITIONAL_REPRESENTATION('',(#7230),#7234);
#7230 = LINE('',#7231,#7232);
#7231 = CARTESIAN_POINT('',(18.85,-0.));
#7232 = VECTOR('',#7233,1.);
#7233 = DIRECTION('',(1.,-0.));
#7234 = ( GEOMETRIC_REPRESENTATION_CONTEXT(2) 
PARAMETRIC_REPRESENTATION_CONTEXT() REPRESENTATION_CONTEXT('2D SPACE',''
  ) );
#7235 = ORIENTED_EDGE('',*,*,#6686,.T.);
#7236 = ORIENTED_EDGE('',*,*,#7187,.T.);
#7237 = ADVANCED_FACE('',(#7238),#6108,.T.);
#7238 = FACE_BOUND('',#7239,.F.);
#7239 = EDGE_LOOP('',(#7240,#7241,#7242,#7261));
#7240 = ORIENTED_EDGE('',*,*,#7215,.F.);
#7241 = ORIENTED_EDGE('',*,*,#6091,.T.);
#7242 = ORIENTED_EDGE('',*,*,#7243,.T.);
#7243 = EDGE_CURVE('',#6066,#6710,#7244,.T.);
#7244 = SURFACE_CURVE('',#7245,(#7249,#7255),.PCURVE_S1.);
#7245 = LINE('',#7246,#7247);
#7246 = CARTESIAN_POINT('',(-9.526279441629,-5.5,104.25));
#7247 = VECTOR('',#7248,1.);
#7248 = DIRECTION('',(-0.866025403784,-0.5,0.));
#7249 = PCURVE('',#6108,#7250);
#7250 = DEFINITIONAL_REPRESENTATION('',(#7251),#7254);
#7251 = B_SPLINE_CURVE_WITH_KNOTS('',1,(#7252,#7253),.UNSPECIFIED.,.F.,
  .F.,(2,2),(9.075,14.15),.PIECEWISE_BEZIER_KNOTS.);
#7252 = CARTESIAN_POINT('',(11.514546959747,16.444477289102));
#7253 = CARTESIAN_POINT('',(14.425447374229,20.601673913868));
#7254 = ( GEOMETRIC_REPRESENTATION_CONTEXT(2) 
PARAMETRIC_REPRESENTATION_CONTEXT() REPRESENTATION_CONTEXT('2D SPACE',''
  ) );
#7255 = PCURVE('',#6080,#7256);
#7256 = DEFINITIONAL_REPRESENTATION('',(#7257),#7260);
#7257 = B_SPLINE_CURVE_WITH_KNOTS('',1,(#7258,#7259),.UNSPECIFIED.,.F.,
  .F.,(2,2),(9.075,14.15),.PIECEWISE_BEZIER_KNOTS.);
#7258 = CARTESIAN_POINT('',(-1.925,-1.95));
#7259 = CARTESIAN_POINT('',(3.15,-1.95));
#7260 = ( GEOMETRIC_REPRESENTATION_CONTEXT(2) 
PARAMETRIC_REPRESENTATION_CONTEXT() REPRESENTATION_CONTEXT('2D SPACE',''
  ) );
#7261 = ORIENTED_EDGE('',*,*,#6709,.F.);
#7262 = ADVANCED_FACE('',(#7263),#6080,.F.);
#7263 = FACE_BOUND('',#7264,.F.);
#7264 = EDGE_LOOP('',(#7265,#7266,#7287,#7288));
#7265 = ORIENTED_EDGE('',*,*,#6065,.F.);
#7266 = ORIENTED_EDGE('',*,*,#7267,.T.);
#7267 = EDGE_CURVE('',#6037,#6734,#7268,.T.);
#7268 = SURFACE_CURVE('',#7269,(#7273,#7280),.PCURVE_S1.);
#7269 = LINE('',#7270,#7271);
#7270 = CARTESIAN_POINT('',(-16.32457886133,-9.425,103.7));
#7271 = VECTOR('',#7272,1.);
#7272 = DIRECTION('',(-0.866025403784,-0.5,0.));
#7273 = PCURVE('',#6080,#7274);
#7274 = DEFINITIONAL_REPRESENTATION('',(#7275),#7279);
#7275 = LINE('',#7276,#7277);
#7276 = CARTESIAN_POINT('',(-3.15,-2.5));
#7277 = VECTOR('',#7278,1.);
#7278 = DIRECTION('',(1.,0.));
#7279 = ( GEOMETRIC_REPRESENTATION_CONTEXT(2) 
PARAMETRIC_REPRESENTATION_CONTEXT() REPRESENTATION_CONTEXT('2D SPACE',''
  ) );
#7280 = PCURVE('',#6053,#7281);
#7281 = DEFINITIONAL_REPRESENTATION('',(#7282),#7286);
#7282 = LINE('',#7283,#7284);
#7283 = CARTESIAN_POINT('',(18.85,-0.));
#7284 = VECTOR('',#7285,1.);
#7285 = DIRECTION('',(1.,-0.));
#7286 = ( GEOMETRIC_REPRESENTATION_CONTEXT(2) 
PARAMETRIC_REPRESENTATION_CONTEXT() REPRESENTATION_CONTEXT('2D SPACE',''
  ) );
#7287 = ORIENTED_EDGE('',*,*,#6733,.T.);
#7288 = ORIENTED_EDGE('',*,*,#7243,.F.);
#7289 = ADVANCED_FACE('',(#7290),#6053,.T.);
#7290 = FACE_BOUND('',#7291,.F.);
#7291 = EDGE_LOOP('',(#7292,#7293,#7294,#7295));
#7292 = ORIENTED_EDGE('',*,*,#7267,.F.);
#7293 = ORIENTED_EDGE('',*,*,#6036,.T.);
#7294 = ORIENTED_EDGE('',*,*,#6568,.T.);
#7295 = ORIENTED_EDGE('',*,*,#6756,.F.);
#7296 = ADVANCED_FACE('',(#7297),#5977,.F.);
#7297 = FACE_BOUND('',#7298,.F.);
#7298 = EDGE_LOOP('',(#7299,#7300,#7321,#7322));
#7299 = ORIENTED_EDGE('',*,*,#5960,.T.);
#7300 = ORIENTED_EDGE('',*,*,#7301,.F.);
#7301 = EDGE_CURVE('',#6351,#5935,#7302,.T.);
#7302 = SURFACE_CURVE('',#7303,(#7307,#7314),.PCURVE_S1.);
#7303 = LINE('',#7304,#7305);
#7304 = CARTESIAN_POINT('',(5.584421813865E-15,25.15,108.7));
#7305 = VECTOR('',#7306,1.);
#7306 = DIRECTION('',(-2.22044604925E-16,-1.,0.));
#7307 = PCURVE('',#5977,#7308);
#7308 = DEFINITIONAL_REPRESENTATION('',(#7309),#7313);
#7309 = LINE('',#7310,#7311);
#7310 = CARTESIAN_POINT('',(25.054296657007,-2.191966930104));
#7311 = VECTOR('',#7312,1.);
#7312 = DIRECTION('',(-0.996194698092,8.715574274766E-02));
#7313 = ( GEOMETRIC_REPRESENTATION_CONTEXT(2) 
PARAMETRIC_REPRESENTATION_CONTEXT() REPRESENTATION_CONTEXT('2D SPACE',''
  ) );
#7314 = PCURVE('',#5949,#7315);
#7315 = DEFINITIONAL_REPRESENTATION('',(#7316),#7320);
#7316 = LINE('',#7317,#7318);
#7317 = CARTESIAN_POINT('',(3.15,2.5));
#7318 = VECTOR('',#7319,1.);
#7319 = DIRECTION('',(-1.,0.));
#7320 = ( GEOMETRIC_REPRESENTATION_CONTEXT(2) 
PARAMETRIC_REPRESENTATION_CONTEXT() REPRESENTATION_CONTEXT('2D SPACE',''
  ) );
#7321 = ORIENTED_EDGE('',*,*,#6350,.T.);
#7322 = ORIENTED_EDGE('',*,*,#6519,.T.);
#7323 = ADVANCED_FACE('',(#7324),#5949,.F.);
#7324 = FACE_BOUND('',#7325,.F.);
#7325 = EDGE_LOOP('',(#7326,#7327,#7346,#7347));
#7326 = ORIENTED_EDGE('',*,*,#5934,.F.);
#7327 = ORIENTED_EDGE('',*,*,#7328,.F.);
#7328 = EDGE_CURVE('',#6375,#5906,#7329,.T.);
#7329 = SURFACE_CURVE('',#7330,(#7334,#7340),.PCURVE_S1.);
#7330 = LINE('',#7331,#7332);
#7331 = CARTESIAN_POINT('',(2.442490654175E-15,11.,108.15));
#7332 = VECTOR('',#7333,1.);
#7333 = DIRECTION('',(-2.22044604925E-16,-1.,0.));
#7334 = PCURVE('',#5949,#7335);
#7335 = DEFINITIONAL_REPRESENTATION('',(#7336),#7339);
#7336 = B_SPLINE_CURVE_WITH_KNOTS('',1,(#7337,#7338),.UNSPECIFIED.,.F.,
  .F.,(2,2),(-14.15,-9.075),.PIECEWISE_BEZIER_KNOTS.);
#7337 = CARTESIAN_POINT('',(3.15,1.95));
#7338 = CARTESIAN_POINT('',(-1.925,1.95));
#7339 = ( GEOMETRIC_REPRESENTATION_CONTEXT(2) 
PARAMETRIC_REPRESENTATION_CONTEXT() REPRESENTATION_CONTEXT('2D SPACE',''
  ) );
#7340 = PCURVE('',#5922,#7341);
#7341 = DEFINITIONAL_REPRESENTATION('',(#7342),#7345);
#7342 = B_SPLINE_CURVE_WITH_KNOTS('',1,(#7343,#7344),.UNSPECIFIED.,.F.,
  .F.,(2,2),(-14.15,-9.075),.PIECEWISE_BEZIER_KNOTS.);
#7343 = CARTESIAN_POINT('',(14.425447374229,20.601673913868));
#7344 = CARTESIAN_POINT('',(11.514546959747,16.444477289102));
#7345 = ( GEOMETRIC_REPRESENTATION_CONTEXT(2) 
PARAMETRIC_REPRESENTATION_CONTEXT() REPRESENTATION_CONTEXT('2D SPACE',''
  ) );
#7346 = ORIENTED_EDGE('',*,*,#6374,.T.);
#7347 = ORIENTED_EDGE('',*,*,#7301,.T.);
#7348 = ADVANCED_FACE('',(#7349),#5922,.F.);
#7349 = FACE_BOUND('',#7350,.F.);
#7350 = EDGE_LOOP('',(#7351,#7372,#7373,#7374));
#7351 = ORIENTED_EDGE('',*,*,#7352,.F.);
#7352 = EDGE_CURVE('',#6398,#5880,#7353,.T.);
#7353 = SURFACE_CURVE('',#7354,(#7358,#7365),.PCURVE_S1.);
#7354 = LINE('',#7355,#7356);
#7355 = CARTESIAN_POINT('',(20.601673913868,14.425447374229,108.15));
#7356 = VECTOR('',#7357,1.);
#7357 = DIRECTION('',(-0.819152044289,-0.573576436351,0.));
#7358 = PCURVE('',#5922,#7359);
#7359 = DEFINITIONAL_REPRESENTATION('',(#7360),#7364);
#7360 = LINE('',#7361,#7362);
#7361 = CARTESIAN_POINT('',(25.15,0.));
#7362 = VECTOR('',#7363,1.);
#7363 = DIRECTION('',(-1.,0.));
#7364 = ( GEOMETRIC_REPRESENTATION_CONTEXT(2) 
PARAMETRIC_REPRESENTATION_CONTEXT() REPRESENTATION_CONTEXT('2D SPACE',''
  ) );
#7365 = PCURVE('',#5894,#7366);
#7366 = DEFINITIONAL_REPRESENTATION('',(#7367),#7371);
#7367 = LINE('',#7368,#7369);
#7368 = CARTESIAN_POINT('',(3.15,1.95));
#7369 = VECTOR('',#7370,1.);
#7370 = DIRECTION('',(-1.,0.));
#7371 = ( GEOMETRIC_REPRESENTATION_CONTEXT(2) 
PARAMETRIC_REPRESENTATION_CONTEXT() REPRESENTATION_CONTEXT('2D SPACE',''
  ) );
#7372 = ORIENTED_EDGE('',*,*,#6397,.T.);
#7373 = ORIENTED_EDGE('',*,*,#7328,.T.);
#7374 = ORIENTED_EDGE('',*,*,#5905,.F.);
#7375 = ADVANCED_FACE('',(#7376),#5894,.F.);
#7376 = FACE_BOUND('',#7377,.F.);
#7377 = EDGE_LOOP('',(#7378,#7379,#7400,#7401));
#7378 = ORIENTED_EDGE('',*,*,#5879,.F.);
#7379 = ORIENTED_EDGE('',*,*,#7380,.T.);
#7380 = EDGE_CURVE('',#5851,#6422,#7381,.T.);
#7381 = SURFACE_CURVE('',#7382,(#7386,#7393),.PCURVE_S1.);
#7382 = LINE('',#7383,#7384);
#7383 = CARTESIAN_POINT('',(15.441016034847,10.811915825217,104.25));
#7384 = VECTOR('',#7385,1.);
#7385 = DIRECTION('',(0.819152044289,0.573576436351,0.));
#7386 = PCURVE('',#5894,#7387);
#7387 = DEFINITIONAL_REPRESENTATION('',(#7388),#7392);
#7388 = LINE('',#7389,#7390);
#7389 = CARTESIAN_POINT('',(-3.15,-1.95));
#7390 = VECTOR('',#7391,1.);
#7391 = DIRECTION('',(1.,0.));
#7392 = ( GEOMETRIC_REPRESENTATION_CONTEXT(2) 
PARAMETRIC_REPRESENTATION_CONTEXT() REPRESENTATION_CONTEXT('2D SPACE',''
  ) );
#7393 = PCURVE('',#5867,#7394);
#7394 = DEFINITIONAL_REPRESENTATION('',(#7395),#7399);
#7395 = LINE('',#7396,#7397);
#7396 = CARTESIAN_POINT('',(18.85,-0.));
#7397 = VECTOR('',#7398,1.);
#7398 = DIRECTION('',(1.,-0.));
#7399 = ( GEOMETRIC_REPRESENTATION_CONTEXT(2) 
PARAMETRIC_REPRESENTATION_CONTEXT() REPRESENTATION_CONTEXT('2D SPACE',''
  ) );
#7400 = ORIENTED_EDGE('',*,*,#6421,.T.);
#7401 = ORIENTED_EDGE('',*,*,#7352,.T.);
#7402 = ADVANCED_FACE('',(#7403),#5867,.T.);
#7403 = FACE_BOUND('',#7404,.F.);
#7404 = EDGE_LOOP('',(#7405,#7406,#7407,#7426));
#7405 = ORIENTED_EDGE('',*,*,#7380,.F.);
#7406 = ORIENTED_EDGE('',*,*,#5850,.T.);
#7407 = ORIENTED_EDGE('',*,*,#7408,.T.);
#7408 = EDGE_CURVE('',#5825,#6445,#7409,.T.);
#7409 = SURFACE_CURVE('',#7410,(#7414,#7420),.PCURVE_S1.);
#7410 = LINE('',#7411,#7412);
#7411 = CARTESIAN_POINT('',(2.442490654175E-15,11.,104.25));
#7412 = VECTOR('',#7413,1.);
#7413 = DIRECTION('',(2.22044604925E-16,1.,-0.));
#7414 = PCURVE('',#5867,#7415);
#7415 = DEFINITIONAL_REPRESENTATION('',(#7416),#7419);
#7416 = B_SPLINE_CURVE_WITH_KNOTS('',1,(#7417,#7418),.UNSPECIFIED.,.F.,
  .F.,(2,2),(9.075,14.15),.PIECEWISE_BEZIER_KNOTS.);
#7417 = CARTESIAN_POINT('',(11.514546959747,16.444477289102));
#7418 = CARTESIAN_POINT('',(14.425447374229,20.601673913868));
#7419 = ( GEOMETRIC_REPRESENTATION_CONTEXT(2) 
PARAMETRIC_REPRESENTATION_CONTEXT() REPRESENTATION_CONTEXT('2D SPACE',''
  ) );
#7420 = PCURVE('',#5839,#7421);
#7421 = DEFINITIONAL_REPRESENTATION('',(#7422),#7425);
#7422 = B_SPLINE_CURVE_WITH_KNOTS('',1,(#7423,#7424),.UNSPECIFIED.,.F.,
  .F.,(2,2),(9.075,14.15),.PIECEWISE_BEZIER_KNOTS.);
#7423 = CARTESIAN_POINT('',(-1.925,-1.95));
#7424 = CARTESIAN_POINT('',(3.15,-1.95));
#7425 = ( GEOMETRIC_REPRESENTATION_CONTEXT(2) 
PARAMETRIC_REPRESENTATION_CONTEXT() REPRESENTATION_CONTEXT('2D SPACE',''
  ) );
#7426 = ORIENTED_EDGE('',*,*,#6444,.F.);
#7427 = ADVANCED_FACE('',(#7428),#5839,.F.);
#7428 = FACE_BOUND('',#7429,.F.);
#7429 = EDGE_LOOP('',(#7430,#7431,#7452,#7453));
#7430 = ORIENTED_EDGE('',*,*,#5824,.F.);
#7431 = ORIENTED_EDGE('',*,*,#7432,.T.);
#7432 = EDGE_CURVE('',#5796,#6469,#7433,.T.);
#7433 = SURFACE_CURVE('',#7434,(#7438,#7445),.PCURVE_S1.);
#7434 = LINE('',#7435,#7436);
#7435 = CARTESIAN_POINT('',(4.185540802837E-15,18.85,103.7));
#7436 = VECTOR('',#7437,1.);
#7437 = DIRECTION('',(2.22044604925E-16,1.,0.));
#7438 = PCURVE('',#5839,#7439);
#7439 = DEFINITIONAL_REPRESENTATION('',(#7440),#7444);
#7440 = LINE('',#7441,#7442);
#7441 = CARTESIAN_POINT('',(-3.15,-2.5));
#7442 = VECTOR('',#7443,1.);
#7443 = DIRECTION('',(1.,0.));
#7444 = ( GEOMETRIC_REPRESENTATION_CONTEXT(2) 
PARAMETRIC_REPRESENTATION_CONTEXT() REPRESENTATION_CONTEXT('2D SPACE',''
  ) );
#7445 = PCURVE('',#5812,#7446);
#7446 = DEFINITIONAL_REPRESENTATION('',(#7447),#7451);
#7447 = LINE('',#7448,#7449);
#7448 = CARTESIAN_POINT('',(18.85,-0.));
#7449 = VECTOR('',#7450,1.);
#7450 = DIRECTION('',(1.,-0.));
#7451 = ( GEOMETRIC_REPRESENTATION_CONTEXT(2) 
PARAMETRIC_REPRESENTATION_CONTEXT() REPRESENTATION_CONTEXT('2D SPACE',''
  ) );
#7452 = ORIENTED_EDGE('',*,*,#6468,.T.);
#7453 = ORIENTED_EDGE('',*,*,#7408,.F.);
#7454 = ADVANCED_FACE('',(#7455),#5812,.T.);
#7455 = FACE_BOUND('',#7456,.F.);
#7456 = EDGE_LOOP('',(#7457,#7458,#7459,#7460));
#7457 = ORIENTED_EDGE('',*,*,#7432,.F.);
#7458 = ORIENTED_EDGE('',*,*,#5795,.T.);
#7459 = ORIENTED_EDGE('',*,*,#6303,.T.);
#7460 = ORIENTED_EDGE('',*,*,#6491,.F.);
#7461 = ADVANCED_FACE('',(#7462),#5662,.F.);
#7462 = FACE_BOUND('',#7463,.F.);
#7463 = EDGE_LOOP('',(#7464,#7485,#7486,#7487,#7488));
#7464 = ORIENTED_EDGE('',*,*,#7465,.F.);
#7465 = EDGE_CURVE('',#6881,#5620,#7466,.T.);
#7466 = SURFACE_CURVE('',#7467,(#7471,#7478),.PCURVE_S1.);
#7467 = LINE('',#7468,#7469);
#7468 = CARTESIAN_POINT('',(21.780538905179,-12.575,108.7));
#7469 = VECTOR('',#7470,1.);
#7470 = DIRECTION('',(-0.866025403784,0.5,0.));
#7471 = PCURVE('',#5662,#7472);
#7472 = DEFINITIONAL_REPRESENTATION('',(#7473),#7477);
#7473 = LINE('',#7474,#7475);
#7474 = CARTESIAN_POINT('',(25.15,-1.7763568394E-15));
#7475 = VECTOR('',#7476,1.);
#7476 = DIRECTION('',(-1.,0.));
#7477 = ( GEOMETRIC_REPRESENTATION_CONTEXT(2) 
PARAMETRIC_REPRESENTATION_CONTEXT() REPRESENTATION_CONTEXT('2D SPACE',''
  ) );
#7478 = PCURVE('',#5634,#7479);
#7479 = DEFINITIONAL_REPRESENTATION('',(#7480),#7484);
#7480 = LINE('',#7481,#7482);
#7481 = CARTESIAN_POINT('',(3.15,2.5));
#7482 = VECTOR('',#7483,1.);
#7483 = DIRECTION('',(-1.,0.));
#7484 = ( GEOMETRIC_REPRESENTATION_CONTEXT(2) 
PARAMETRIC_REPRESENTATION_CONTEXT() REPRESENTATION_CONTEXT('2D SPACE',''
  ) );
#7485 = ORIENTED_EDGE('',*,*,#6880,.T.);
#7486 = ORIENTED_EDGE('',*,*,#7049,.T.);
#7487 = ORIENTED_EDGE('',*,*,#5728,.F.);
#7488 = ORIENTED_EDGE('',*,*,#5645,.T.);
#7489 = ADVANCED_FACE('',(#7490),#5715,.F.);
#7490 = FACE_BOUND('',#7491,.F.);
#7491 = EDGE_LOOP('',(#7492,#7521,#7542,#7543));
#7492 = ORIENTED_EDGE('',*,*,#7493,.F.);
#7493 = EDGE_CURVE('',#7494,#7494,#7496,.T.);
#7494 = VERTEX_POINT('',#7495);
#7495 = CARTESIAN_POINT('',(16.075,-3.937239459259E-15,118.7));
#7496 = SURFACE_CURVE('',#7497,(#7502,#7509),.PCURVE_S1.);
#7497 = CIRCLE('',#7498,16.075);
#7498 = AXIS2_PLACEMENT_3D('',#7499,#7500,#7501);
#7499 = CARTESIAN_POINT('',(0.,0.,118.7));
#7500 = DIRECTION('',(0.,0.,1.));
#7501 = DIRECTION('',(1.,0.,-0.));
#7502 = PCURVE('',#5715,#7503);
#7503 = DEFINITIONAL_REPRESENTATION('',(#7504),#7508);
#7504 = LINE('',#7505,#7506);
#7505 = CARTESIAN_POINT('',(-0.,-8.));
#7506 = VECTOR('',#7507,1.);
#7507 = DIRECTION('',(-1.,-0.));
#7508 = ( GEOMETRIC_REPRESENTATION_CONTEXT(2) 
PARAMETRIC_REPRESENTATION_CONTEXT() REPRESENTATION_CONTEXT('2D SPACE',''
  ) );
#7509 = PCURVE('',#7510,#7515);
#7510 = PLANE('',#7511);
#7511 = AXIS2_PLACEMENT_3D('',#7512,#7513,#7514);
#7512 = CARTESIAN_POINT('',(0.,0.,118.7));
#7513 = DIRECTION('',(0.,0.,1.));
#7514 = DIRECTION('',(1.,0.,-0.));
#7515 = DEFINITIONAL_REPRESENTATION('',(#7516),#7520);
#7516 = CIRCLE('',#7517,16.075);
#7517 = AXIS2_PLACEMENT_2D('',#7518,#7519);
#7518 = CARTESIAN_POINT('',(0.,0.));
#7519 = DIRECTION('',(1.,0.));
#7520 = ( GEOMETRIC_REPRESENTATION_CONTEXT(2) 
PARAMETRIC_REPRESENTATION_CONTEXT() REPRESENTATION_CONTEXT('2D SPACE',''
  ) );
#7521 = ORIENTED_EDGE('',*,*,#7522,.F.);
#7522 = EDGE_CURVE('',#5679,#7494,#7523,.T.);
#7523 = SEAM_CURVE('',#7524,(#7528,#7535),.PCURVE_S1.);
#7524 = LINE('',#7525,#7526);
#7525 = CARTESIAN_POINT('',(20.075,-4.916956898577E-15,110.7));
#7526 = VECTOR('',#7527,1.);
#7527 = DIRECTION('',(-0.4472135955,1.095357396528E-16,0.894427191));
#7528 = PCURVE('',#5715,#7529);
#7529 = DEFINITIONAL_REPRESENTATION('',(#7530),#7534);
#7530 = LINE('',#7531,#7532);
#7531 = CARTESIAN_POINT('',(-6.28318530718,0.));
#7532 = VECTOR('',#7533,1.);
#7533 = DIRECTION('',(-0.,-1.));
#7534 = ( GEOMETRIC_REPRESENTATION_CONTEXT(2) 
PARAMETRIC_REPRESENTATION_CONTEXT() REPRESENTATION_CONTEXT('2D SPACE',''
  ) );
#7535 = PCURVE('',#5715,#7536);
#7536 = DEFINITIONAL_REPRESENTATION('',(#7537),#7541);
#7537 = LINE('',#7538,#7539);
#7538 = CARTESIAN_POINT('',(0.,-0.));
#7539 = VECTOR('',#7540,1.);
#7540 = DIRECTION('',(-0.,-1.));
#7541 = ( GEOMETRIC_REPRESENTATION_CONTEXT(2) 
PARAMETRIC_REPRESENTATION_CONTEXT() REPRESENTATION_CONTEXT('2D SPACE',''
  ) );
#7542 = ORIENTED_EDGE('',*,*,#5701,.T.);
#7543 = ORIENTED_EDGE('',*,*,#7522,.T.);
#7544 = ADVANCED_FACE('',(#7545),#5634,.F.);
#7545 = FACE_BOUND('',#7546,.F.);
#7546 = EDGE_LOOP('',(#7547,#7548,#7567,#7568));
#7547 = ORIENTED_EDGE('',*,*,#5619,.F.);
#7548 = ORIENTED_EDGE('',*,*,#7549,.F.);
#7549 = EDGE_CURVE('',#6905,#5591,#7550,.T.);
#7550 = SURFACE_CURVE('',#7551,(#7555,#7561),.PCURVE_S1.);
#7551 = LINE('',#7552,#7553);
#7552 = CARTESIAN_POINT('',(9.526279441629,-5.5,108.15));
#7553 = VECTOR('',#7554,1.);
#7554 = DIRECTION('',(-0.866025403784,0.5,0.));
#7555 = PCURVE('',#5634,#7556);
#7556 = DEFINITIONAL_REPRESENTATION('',(#7557),#7560);
#7557 = B_SPLINE_CURVE_WITH_KNOTS('',1,(#7558,#7559),.UNSPECIFIED.,.F.,
  .F.,(2,2),(-14.15,-9.075),.PIECEWISE_BEZIER_KNOTS.);
#7558 = CARTESIAN_POINT('',(3.15,1.95));
#7559 = CARTESIAN_POINT('',(-1.925,1.95));
#7560 = ( GEOMETRIC_REPRESENTATION_CONTEXT(2) 
PARAMETRIC_REPRESENTATION_CONTEXT() REPRESENTATION_CONTEXT('2D SPACE',''
  ) );
#7561 = PCURVE('',#5607,#7562);
#7562 = DEFINITIONAL_REPRESENTATION('',(#7563),#7566);
#7563 = B_SPLINE_CURVE_WITH_KNOTS('',1,(#7564,#7565),.UNSPECIFIED.,.F.,
  .F.,(2,2),(-14.15,-9.075),.PIECEWISE_BEZIER_KNOTS.);
#7564 = CARTESIAN_POINT('',(14.425447374229,20.601673913868));
#7565 = CARTESIAN_POINT('',(11.514546959747,16.444477289102));
#7566 = ( GEOMETRIC_REPRESENTATION_CONTEXT(2) 
PARAMETRIC_REPRESENTATION_CONTEXT() REPRESENTATION_CONTEXT('2D SPACE',''
  ) );
#7567 = ORIENTED_EDGE('',*,*,#6904,.T.);
#7568 = ORIENTED_EDGE('',*,*,#7465,.T.);
#7569 = ADVANCED_FACE('',(#7570),#5607,.F.);
#7570 = FACE_BOUND('',#7571,.F.);
#7571 = EDGE_LOOP('',(#7572,#7593,#7594,#7595));
#7572 = ORIENTED_EDGE('',*,*,#7573,.F.);
#7573 = EDGE_CURVE('',#6928,#5565,#7574,.T.);
#7574 = SURFACE_CURVE('',#7575,(#7579,#7586),.PCURVE_S1.);
#7575 = LINE('',#7576,#7577);
#7576 = CARTESIAN_POINT('',(2.191966930104,-25.054296657,108.15));
#7577 = VECTOR('',#7578,1.);
#7578 = DIRECTION('',(-8.715574274766E-02,0.996194698092,0.));
#7579 = PCURVE('',#5607,#7580);
#7580 = DEFINITIONAL_REPRESENTATION('',(#7581),#7585);
#7581 = LINE('',#7582,#7583);
#7582 = CARTESIAN_POINT('',(25.15,0.));
#7583 = VECTOR('',#7584,1.);
#7584 = DIRECTION('',(-1.,0.));
#7585 = ( GEOMETRIC_REPRESENTATION_CONTEXT(2) 
PARAMETRIC_REPRESENTATION_CONTEXT() REPRESENTATION_CONTEXT('2D SPACE',''
  ) );
#7586 = PCURVE('',#5579,#7587);
#7587 = DEFINITIONAL_REPRESENTATION('',(#7588),#7592);
#7588 = LINE('',#7589,#7590);
#7589 = CARTESIAN_POINT('',(3.15,1.95));
#7590 = VECTOR('',#7591,1.);
#7591 = DIRECTION('',(-1.,0.));
#7592 = ( GEOMETRIC_REPRESENTATION_CONTEXT(2) 
PARAMETRIC_REPRESENTATION_CONTEXT() REPRESENTATION_CONTEXT('2D SPACE',''
  ) );
#7593 = ORIENTED_EDGE('',*,*,#6927,.T.);
#7594 = ORIENTED_EDGE('',*,*,#7549,.T.);
#7595 = ORIENTED_EDGE('',*,*,#5590,.F.);
#7596 = ADVANCED_FACE('',(#7597),#5579,.F.);
#7597 = FACE_BOUND('',#7598,.F.);
#7598 = EDGE_LOOP('',(#7599,#7600,#7621,#7622));
#7599 = ORIENTED_EDGE('',*,*,#5564,.F.);
#7600 = ORIENTED_EDGE('',*,*,#7601,.T.);
#7601 = EDGE_CURVE('',#5536,#6952,#7602,.T.);
#7602 = SURFACE_CURVE('',#7603,(#7607,#7614),.PCURVE_S1.);
#7603 = LINE('',#7604,#7605);
#7604 = CARTESIAN_POINT('',(1.642885750793,-18.77827005902,104.25));
#7605 = VECTOR('',#7606,1.);
#7606 = DIRECTION('',(8.715574274766E-02,-0.996194698092,0.));
#7607 = PCURVE('',#5579,#7608);
#7608 = DEFINITIONAL_REPRESENTATION('',(#7609),#7613);
#7609 = LINE('',#7610,#7611);
#7610 = CARTESIAN_POINT('',(-3.15,-1.95));
#7611 = VECTOR('',#7612,1.);
#7612 = DIRECTION('',(1.,0.));
#7613 = ( GEOMETRIC_REPRESENTATION_CONTEXT(2) 
PARAMETRIC_REPRESENTATION_CONTEXT() REPRESENTATION_CONTEXT('2D SPACE',''
  ) );
#7614 = PCURVE('',#5552,#7615);
#7615 = DEFINITIONAL_REPRESENTATION('',(#7616),#7620);
#7616 = LINE('',#7617,#7618);
#7617 = CARTESIAN_POINT('',(18.85,-0.));
#7618 = VECTOR('',#7619,1.);
#7619 = DIRECTION('',(1.,-0.));
#7620 = ( GEOMETRIC_REPRESENTATION_CONTEXT(2) 
PARAMETRIC_REPRESENTATION_CONTEXT() REPRESENTATION_CONTEXT('2D SPACE',''
  ) );
#7621 = ORIENTED_EDGE('',*,*,#6951,.T.);
#7622 = ORIENTED_EDGE('',*,*,#7573,.T.);
#7623 = ADVANCED_FACE('',(#7624),#5552,.T.);
#7624 = FACE_BOUND('',#7625,.F.);
#7625 = EDGE_LOOP('',(#7626,#7627,#7628,#7647));
#7626 = ORIENTED_EDGE('',*,*,#7601,.F.);
#7627 = ORIENTED_EDGE('',*,*,#5535,.T.);
#7628 = ORIENTED_EDGE('',*,*,#7629,.T.);
#7629 = EDGE_CURVE('',#5510,#6975,#7630,.T.);
#7630 = SURFACE_CURVE('',#7631,(#7635,#7641),.PCURVE_S1.);
#7631 = LINE('',#7632,#7633);
#7632 = CARTESIAN_POINT('',(9.526279441629,-5.5,104.25));
#7633 = VECTOR('',#7634,1.);
#7634 = DIRECTION('',(0.866025403784,-0.5,0.));
#7635 = PCURVE('',#5552,#7636);
#7636 = DEFINITIONAL_REPRESENTATION('',(#7637),#7640);
#7637 = B_SPLINE_CURVE_WITH_KNOTS('',1,(#7638,#7639),.UNSPECIFIED.,.F.,
  .F.,(2,2),(9.075,14.15),.PIECEWISE_BEZIER_KNOTS.);
#7638 = CARTESIAN_POINT('',(11.514546959747,16.444477289102));
#7639 = CARTESIAN_POINT('',(14.425447374229,20.601673913868));
#7640 = ( GEOMETRIC_REPRESENTATION_CONTEXT(2) 
PARAMETRIC_REPRESENTATION_CONTEXT() REPRESENTATION_CONTEXT('2D SPACE',''
  ) );
#7641 = PCURVE('',#5524,#7642);
#7642 = DEFINITIONAL_REPRESENTATION('',(#7643),#7646);
#7643 = B_SPLINE_CURVE_WITH_KNOTS('',1,(#7644,#7645),.UNSPECIFIED.,.F.,
  .F.,(2,2),(9.075,14.15),.PIECEWISE_BEZIER_KNOTS.);
#7644 = CARTESIAN_POINT('',(-1.925,-1.95));
#7645 = CARTESIAN_POINT('',(3.15,-1.95));
#7646 = ( GEOMETRIC_REPRESENTATION_CONTEXT(2) 
PARAMETRIC_REPRESENTATION_CONTEXT() REPRESENTATION_CONTEXT('2D SPACE',''
  ) );
#7647 = ORIENTED_EDGE('',*,*,#6974,.F.);
#7648 = ADVANCED_FACE('',(#7649),#5524,.F.);
#7649 = FACE_BOUND('',#7650,.F.);
#7650 = EDGE_LOOP('',(#7651,#7652,#7653,#7654));
#7651 = ORIENTED_EDGE('',*,*,#5509,.F.);
#7652 = ORIENTED_EDGE('',*,*,#7108,.T.);
#7653 = ORIENTED_EDGE('',*,*,#6998,.T.);
#7654 = ORIENTED_EDGE('',*,*,#7629,.F.);
#7655 = ADVANCED_FACE('',(#7656,#7890),#7093,.T.);
#7656 = FACE_BOUND('',#7657,.T.);
#7657 = EDGE_LOOP('',(#7658,#7683,#7710,#7711,#7740,#7766,#7795,#7816,
    #7817,#7818,#7842,#7868));
#7658 = ORIENTED_EDGE('',*,*,#7659,.T.);
#7659 = EDGE_CURVE('',#7660,#7662,#7664,.T.);
#7660 = VERTEX_POINT('',#7661);
#7661 = CARTESIAN_POINT('',(5.,-1.224646799147E-15,153.4));
#7662 = VERTEX_POINT('',#7663);
#7663 = CARTESIAN_POINT('',(5.,-1.224646799147E-15,157.7));
#7664 = SEAM_CURVE('',#7665,(#7669,#7676),.PCURVE_S1.);
#7665 = LINE('',#7666,#7667);
#7666 = CARTESIAN_POINT('',(5.,-1.224646799147E-15,147.7));
#7667 = VECTOR('',#7668,1.);
#7668 = DIRECTION('',(0.,0.,1.));
#7669 = PCURVE('',#7093,#7670);
#7670 = DEFINITIONAL_REPRESENTATION('',(#7671),#7675);
#7671 = LINE('',#7672,#7673);
#7672 = CARTESIAN_POINT('',(6.28318530718,-0.));
#7673 = VECTOR('',#7674,1.);
#7674 = DIRECTION('',(0.,1.));
#7675 = ( GEOMETRIC_REPRESENTATION_CONTEXT(2) 
PARAMETRIC_REPRESENTATION_CONTEXT() REPRESENTATION_CONTEXT('2D SPACE',''
  ) );
#7676 = PCURVE('',#7093,#7677);
#7677 = DEFINITIONAL_REPRESENTATION('',(#7678),#7682);
#7678 = LINE('',#7679,#7680);
#7679 = CARTESIAN_POINT('',(0.,-0.));
#7680 = VECTOR('',#7681,1.);
#7681 = DIRECTION('',(0.,1.));
#7682 = ( GEOMETRIC_REPRESENTATION_CONTEXT(2) 
PARAMETRIC_REPRESENTATION_CONTEXT() REPRESENTATION_CONTEXT('2D SPACE',''
  ) );
#7683 = ORIENTED_EDGE('',*,*,#7684,.F.);
#7684 = EDGE_CURVE('',#7662,#7662,#7685,.T.);
#7685 = SURFACE_CURVE('',#7686,(#7691,#7698),.PCURVE_S1.);
#7686 = CIRCLE('',#7687,5.);
#7687 = AXIS2_PLACEMENT_3D('',#7688,#7689,#7690);
#7688 = CARTESIAN_POINT('',(0.,0.,157.7));
#7689 = DIRECTION('',(0.,0.,1.));
#7690 = DIRECTION('',(1.,0.,-0.));
#7691 = PCURVE('',#7093,#7692);
#7692 = DEFINITIONAL_REPRESENTATION('',(#7693),#7697);
#7693 = LINE('',#7694,#7695);
#7694 = CARTESIAN_POINT('',(0.,10.));
#7695 = VECTOR('',#7696,1.);
#7696 = DIRECTION('',(1.,0.));
#7697 = ( GEOMETRIC_REPRESENTATION_CONTEXT(2) 
PARAMETRIC_REPRESENTATION_CONTEXT() REPRESENTATION_CONTEXT('2D SPACE',''
  ) );
#7698 = PCURVE('',#7699,#7704);
#7699 = PLANE('',#7700);
#7700 = AXIS2_PLACEMENT_3D('',#7701,#7702,#7703);
#7701 = CARTESIAN_POINT('',(0.,0.,157.7));
#7702 = DIRECTION('',(0.,0.,1.));
#7703 = DIRECTION('',(1.,0.,-0.));
#7704 = DEFINITIONAL_REPRESENTATION('',(#7705),#7709);
#7705 = CIRCLE('',#7706,5.);
#7706 = AXIS2_PLACEMENT_2D('',#7707,#7708);
#7707 = CARTESIAN_POINT('',(0.,0.));
#7708 = DIRECTION('',(1.,0.));
#7709 = ( GEOMETRIC_REPRESENTATION_CONTEXT(2) 
PARAMETRIC_REPRESENTATION_CONTEXT() REPRESENTATION_CONTEXT('2D SPACE',''
  ) );
#7710 = ORIENTED_EDGE('',*,*,#7659,.F.);
#7711 = ORIENTED_EDGE('',*,*,#7712,.T.);
#7712 = EDGE_CURVE('',#7660,#7713,#7715,.T.);
#7713 = VERTEX_POINT('',#7714);
#7714 = CARTESIAN_POINT('',(4.769696007085,1.5,153.4));
#7715 = SURFACE_CURVE('',#7716,(#7721,#7728),.PCURVE_S1.);
#7716 = CIRCLE('',#7717,5.);
#7717 = AXIS2_PLACEMENT_3D('',#7718,#7719,#7720);
#7718 = CARTESIAN_POINT('',(0.,0.,153.4));
#7719 = DIRECTION('',(0.,0.,1.));
#7720 = DIRECTION('',(1.,0.,-0.));
#7721 = PCURVE('',#7093,#7722);
#7722 = DEFINITIONAL_REPRESENTATION('',(#7723),#7727);
#7723 = LINE('',#7724,#7725);
#7724 = CARTESIAN_POINT('',(0.,5.7));
#7725 = VECTOR('',#7726,1.);
#7726 = DIRECTION('',(1.,0.));
#7727 = ( GEOMETRIC_REPRESENTATION_CONTEXT(2) 
PARAMETRIC_REPRESENTATION_CONTEXT() REPRESENTATION_CONTEXT('2D SPACE',''
  ) );
#7728 = PCURVE('',#7729,#7734);
#7729 = PLANE('',#7730);
#7730 = AXIS2_PLACEMENT_3D('',#7731,#7732,#7733);
#7731 = CARTESIAN_POINT('',(-7.5,-1.5,153.4));
#7732 = DIRECTION('',(0.,0.,1.));
#7733 = DIRECTION('',(1.,0.,-0.));
#7734 = DEFINITIONAL_REPRESENTATION('',(#7735),#7739);
#7735 = CIRCLE('',#7736,5.);
#7736 = AXIS2_PLACEMENT_2D('',#7737,#7738);
#7737 = CARTESIAN_POINT('',(7.5,1.5));
#7738 = DIRECTION('',(1.,0.));
#7739 = ( GEOMETRIC_REPRESENTATION_CONTEXT(2) 
PARAMETRIC_REPRESENTATION_CONTEXT() REPRESENTATION_CONTEXT('2D SPACE',''
  ) );
#7740 = ORIENTED_EDGE('',*,*,#7741,.F.);
#7741 = EDGE_CURVE('',#7742,#7713,#7744,.T.);
#7742 = VERTEX_POINT('',#7743);
#7743 = CARTESIAN_POINT('',(4.769696007085,1.5,150.8));
#7744 = SURFACE_CURVE('',#7745,(#7749,#7755),.PCURVE_S1.);
#7745 = LINE('',#7746,#7747);
#7746 = CARTESIAN_POINT('',(4.769696007085,1.5,147.7));
#7747 = VECTOR('',#7748,1.);
#7748 = DIRECTION('',(0.,0.,1.));
#7749 = PCURVE('',#7093,#7750);
#7750 = DEFINITIONAL_REPRESENTATION('',(#7751),#7754);
#7751 = B_SPLINE_CURVE_WITH_KNOTS('',1,(#7752,#7753),.UNSPECIFIED.,.F.,
  .F.,(2,2),(2.84,5.96),.PIECEWISE_BEZIER_KNOTS.);
#7752 = CARTESIAN_POINT('',(0.304692654015,2.84));
#7753 = CARTESIAN_POINT('',(0.304692654015,5.96));
#7754 = ( GEOMETRIC_REPRESENTATION_CONTEXT(2) 
PARAMETRIC_REPRESENTATION_CONTEXT() REPRESENTATION_CONTEXT('2D SPACE',''
  ) );
#7755 = PCURVE('',#7756,#7761);
#7756 = PLANE('',#7757);
#7757 = AXIS2_PLACEMENT_3D('',#7758,#7759,#7760);
#7758 = CARTESIAN_POINT('',(-7.5,1.5,150.8));
#7759 = DIRECTION('',(-0.,1.,0.));
#7760 = DIRECTION('',(0.,0.,1.));
#7761 = DEFINITIONAL_REPRESENTATION('',(#7762),#7765);
#7762 = B_SPLINE_CURVE_WITH_KNOTS('',1,(#7763,#7764),.UNSPECIFIED.,.F.,
  .F.,(2,2),(2.84,5.96),.PIECEWISE_BEZIER_KNOTS.);
#7763 = CARTESIAN_POINT('',(-0.26,12.269696007085));
#7764 = CARTESIAN_POINT('',(2.86,12.269696007085));
#7765 = ( GEOMETRIC_REPRESENTATION_CONTEXT(2) 
PARAMETRIC_REPRESENTATION_CONTEXT() REPRESENTATION_CONTEXT('2D SPACE',''
  ) );
#7766 = ORIENTED_EDGE('',*,*,#7767,.F.);
#7767 = EDGE_CURVE('',#7768,#7742,#7770,.T.);
#7768 = VERTEX_POINT('',#7769);
#7769 = CARTESIAN_POINT('',(5.,-1.224646799147E-15,150.8));
#7770 = SURFACE_CURVE('',#7771,(#7776,#7783),.PCURVE_S1.);
#7771 = CIRCLE('',#7772,5.);
#7772 = AXIS2_PLACEMENT_3D('',#7773,#7774,#7775);
#7773 = CARTESIAN_POINT('',(0.,0.,150.8));
#7774 = DIRECTION('',(0.,0.,1.));
#7775 = DIRECTION('',(1.,0.,-0.));
#7776 = PCURVE('',#7093,#7777);
#7777 = DEFINITIONAL_REPRESENTATION('',(#7778),#7782);
#7778 = LINE('',#7779,#7780);
#7779 = CARTESIAN_POINT('',(0.,3.1));
#7780 = VECTOR('',#7781,1.);
#7781 = DIRECTION('',(1.,0.));
#7782 = ( GEOMETRIC_REPRESENTATION_CONTEXT(2) 
PARAMETRIC_REPRESENTATION_CONTEXT() REPRESENTATION_CONTEXT('2D SPACE',''
  ) );
#7783 = PCURVE('',#7784,#7789);
#7784 = PLANE('',#7785);
#7785 = AXIS2_PLACEMENT_3D('',#7786,#7787,#7788);
#7786 = CARTESIAN_POINT('',(-7.5,-1.5,150.8));
#7787 = DIRECTION('',(0.,0.,1.));
#7788 = DIRECTION('',(1.,0.,-0.));
#7789 = DEFINITIONAL_REPRESENTATION('',(#7790),#7794);
#7790 = CIRCLE('',#7791,5.);
#7791 = AXIS2_PLACEMENT_2D('',#7792,#7793);
#7792 = CARTESIAN_POINT('',(7.5,1.5));
#7793 = DIRECTION('',(1.,0.));
#7794 = ( GEOMETRIC_REPRESENTATION_CONTEXT(2) 
PARAMETRIC_REPRESENTATION_CONTEXT() REPRESENTATION_CONTEXT('2D SPACE',''
  ) );
#7795 = ORIENTED_EDGE('',*,*,#7796,.F.);
#7796 = EDGE_CURVE('',#7077,#7768,#7797,.T.);
#7797 = SEAM_CURVE('',#7798,(#7802,#7809),.PCURVE_S1.);
#7798 = LINE('',#7799,#7800);
#7799 = CARTESIAN_POINT('',(5.,-1.224646799147E-15,147.7));
#7800 = VECTOR('',#7801,1.);
#7801 = DIRECTION('',(0.,0.,1.));
#7802 = PCURVE('',#7093,#7803);
#7803 = DEFINITIONAL_REPRESENTATION('',(#7804),#7808);
#7804 = LINE('',#7805,#7806);
#7805 = CARTESIAN_POINT('',(6.28318530718,-0.));
#7806 = VECTOR('',#7807,1.);
#7807 = DIRECTION('',(0.,1.));
#7808 = ( GEOMETRIC_REPRESENTATION_CONTEXT(2) 
PARAMETRIC_REPRESENTATION_CONTEXT() REPRESENTATION_CONTEXT('2D SPACE',''
  ) );
#7809 = PCURVE('',#7093,#7810);
#7810 = DEFINITIONAL_REPRESENTATION('',(#7811),#7815);
#7811 = LINE('',#7812,#7813);
#7812 = CARTESIAN_POINT('',(0.,-0.));
#7813 = VECTOR('',#7814,1.);
#7814 = DIRECTION('',(0.,1.));
#7815 = ( GEOMETRIC_REPRESENTATION_CONTEXT(2) 
PARAMETRIC_REPRESENTATION_CONTEXT() REPRESENTATION_CONTEXT('2D SPACE',''
  ) );
#7816 = ORIENTED_EDGE('',*,*,#7076,.T.);
#7817 = ORIENTED_EDGE('',*,*,#7796,.T.);
#7818 = ORIENTED_EDGE('',*,*,#7819,.F.);
#7819 = EDGE_CURVE('',#7820,#7768,#7822,.T.);
#7820 = VERTEX_POINT('',#7821);
#7821 = CARTESIAN_POINT('',(4.769696007085,-1.5,150.8));
#7822 = SURFACE_CURVE('',#7823,(#7828,#7835),.PCURVE_S1.);
#7823 = CIRCLE('',#7824,5.);
#7824 = AXIS2_PLACEMENT_3D('',#7825,#7826,#7827);
#7825 = CARTESIAN_POINT('',(0.,0.,150.8));
#7826 = DIRECTION('',(0.,0.,1.));
#7827 = DIRECTION('',(1.,0.,-0.));
#7828 = PCURVE('',#7093,#7829);
#7829 = DEFINITIONAL_REPRESENTATION('',(#7830),#7834);
#7830 = LINE('',#7831,#7832);
#7831 = CARTESIAN_POINT('',(0.,3.1));
#7832 = VECTOR('',#7833,1.);
#7833 = DIRECTION('',(1.,0.));
#7834 = ( GEOMETRIC_REPRESENTATION_CONTEXT(2) 
PARAMETRIC_REPRESENTATION_CONTEXT() REPRESENTATION_CONTEXT('2D SPACE',''
  ) );
#7835 = PCURVE('',#7784,#7836);
#7836 = DEFINITIONAL_REPRESENTATION('',(#7837),#7841);
#7837 = CIRCLE('',#7838,5.);
#7838 = AXIS2_PLACEMENT_2D('',#7839,#7840);
#7839 = CARTESIAN_POINT('',(7.5,1.5));
#7840 = DIRECTION('',(1.,0.));
#7841 = ( GEOMETRIC_REPRESENTATION_CONTEXT(2) 
PARAMETRIC_REPRESENTATION_CONTEXT() REPRESENTATION_CONTEXT('2D SPACE',''
  ) );
#7842 = ORIENTED_EDGE('',*,*,#7843,.T.);
#7843 = EDGE_CURVE('',#7820,#7844,#7846,.T.);
#7844 = VERTEX_POINT('',#7845);
#7845 = CARTESIAN_POINT('',(4.769696007085,-1.5,153.4));
#7846 = SURFACE_CURVE('',#7847,(#7851,#7857),.PCURVE_S1.);
#7847 = LINE('',#7848,#7849);
#7848 = CARTESIAN_POINT('',(4.769696007085,-1.5,147.7));
#7849 = VECTOR('',#7850,1.);
#7850 = DIRECTION('',(0.,0.,1.));
#7851 = PCURVE('',#7093,#7852);
#7852 = DEFINITIONAL_REPRESENTATION('',(#7853),#7856);
#7853 = B_SPLINE_CURVE_WITH_KNOTS('',1,(#7854,#7855),.UNSPECIFIED.,.F.,
  .F.,(2,2),(2.84,5.96),.PIECEWISE_BEZIER_KNOTS.);
#7854 = CARTESIAN_POINT('',(5.978492653164,2.84));
#7855 = CARTESIAN_POINT('',(5.978492653164,5.96));
#7856 = ( GEOMETRIC_REPRESENTATION_CONTEXT(2) 
PARAMETRIC_REPRESENTATION_CONTEXT() REPRESENTATION_CONTEXT('2D SPACE',''
  ) );
#7857 = PCURVE('',#7858,#7863);
#7858 = PLANE('',#7859);
#7859 = AXIS2_PLACEMENT_3D('',#7860,#7861,#7862);
#7860 = CARTESIAN_POINT('',(-7.5,-1.5,150.8));
#7861 = DIRECTION('',(-0.,1.,0.));
#7862 = DIRECTION('',(0.,0.,1.));
#7863 = DEFINITIONAL_REPRESENTATION('',(#7864),#7867);
#7864 = B_SPLINE_CURVE_WITH_KNOTS('',1,(#7865,#7866),.UNSPECIFIED.,.F.,
  .F.,(2,2),(2.84,5.96),.PIECEWISE_BEZIER_KNOTS.);
#7865 = CARTESIAN_POINT('',(-0.26,12.269696007085));
#7866 = CARTESIAN_POINT('',(2.86,12.269696007085));
#7867 = ( GEOMETRIC_REPRESENTATION_CONTEXT(2) 
PARAMETRIC_REPRESENTATION_CONTEXT() REPRESENTATION_CONTEXT('2D SPACE',''
  ) );
#7868 = ORIENTED_EDGE('',*,*,#7869,.T.);
#7869 = EDGE_CURVE('',#7844,#7660,#7870,.T.);
#7870 = SURFACE_CURVE('',#7871,(#7876,#7883),.PCURVE_S1.);
#7871 = CIRCLE('',#7872,5.);
#7872 = AXIS2_PLACEMENT_3D('',#7873,#7874,#7875);
#7873 = CARTESIAN_POINT('',(0.,0.,153.4));
#7874 = DIRECTION('',(0.,0.,1.));
#7875 = DIRECTION('',(1.,0.,-0.));
#7876 = PCURVE('',#7093,#7877);
#7877 = DEFINITIONAL_REPRESENTATION('',(#7878),#7882);
#7878 = LINE('',#7879,#7880);
#7879 = CARTESIAN_POINT('',(0.,5.7));
#7880 = VECTOR('',#7881,1.);
#7881 = DIRECTION('',(1.,0.));
#7882 = ( GEOMETRIC_REPRESENTATION_CONTEXT(2) 
PARAMETRIC_REPRESENTATION_CONTEXT() REPRESENTATION_CONTEXT('2D SPACE',''
  ) );
#7883 = PCURVE('',#7729,#7884);
#7884 = DEFINITIONAL_REPRESENTATION('',(#7885),#7889);
#7885 = CIRCLE('',#7886,5.);
#7886 = AXIS2_PLACEMENT_2D('',#7887,#7888);
#7887 = CARTESIAN_POINT('',(7.5,1.5));
#7888 = DIRECTION('',(1.,0.));
#7889 = ( GEOMETRIC_REPRESENTATION_CONTEXT(2) 
PARAMETRIC_REPRESENTATION_CONTEXT() REPRESENTATION_CONTEXT('2D SPACE',''
  ) );
#7890 = FACE_BOUND('',#7891,.T.);
#7891 = EDGE_LOOP('',(#7892,#7923,#7949,#7978));
#7892 = ORIENTED_EDGE('',*,*,#7893,.F.);
#7893 = EDGE_CURVE('',#7894,#7896,#7898,.T.);
#7894 = VERTEX_POINT('',#7895);
#7895 = CARTESIAN_POINT('',(-4.769696007085,1.5,150.8));
#7896 = VERTEX_POINT('',#7897);
#7897 = CARTESIAN_POINT('',(-4.769696007085,-1.5,150.8));
#7898 = SURFACE_CURVE('',#7899,(#7904,#7911),.PCURVE_S1.);
#7899 = CIRCLE('',#7900,5.);
#7900 = AXIS2_PLACEMENT_3D('',#7901,#7902,#7903);
#7901 = CARTESIAN_POINT('',(0.,0.,150.8));
#7902 = DIRECTION('',(0.,0.,1.));
#7903 = DIRECTION('',(1.,0.,-0.));
#7904 = PCURVE('',#7093,#7905);
#7905 = DEFINITIONAL_REPRESENTATION('',(#7906),#7910);
#7906 = LINE('',#7907,#7908);
#7907 = CARTESIAN_POINT('',(0.,3.1));
#7908 = VECTOR('',#7909,1.);
#7909 = DIRECTION('',(1.,0.));
#7910 = ( GEOMETRIC_REPRESENTATION_CONTEXT(2) 
PARAMETRIC_REPRESENTATION_CONTEXT() REPRESENTATION_CONTEXT('2D SPACE',''
  ) );
#7911 = PCURVE('',#7912,#7917);
#7912 = PLANE('',#7913);
#7913 = AXIS2_PLACEMENT_3D('',#7914,#7915,#7916);
#7914 = CARTESIAN_POINT('',(-7.5,-1.5,150.8));
#7915 = DIRECTION('',(0.,0.,1.));
#7916 = DIRECTION('',(1.,0.,-0.));
#7917 = DEFINITIONAL_REPRESENTATION('',(#7918),#7922);
#7918 = CIRCLE('',#7919,5.);
#7919 = AXIS2_PLACEMENT_2D('',#7920,#7921);
#7920 = CARTESIAN_POINT('',(7.5,1.5));
#7921 = DIRECTION('',(1.,0.));
#7922 = ( GEOMETRIC_REPRESENTATION_CONTEXT(2) 
PARAMETRIC_REPRESENTATION_CONTEXT() REPRESENTATION_CONTEXT('2D SPACE',''
  ) );
#7923 = ORIENTED_EDGE('',*,*,#7924,.T.);
#7924 = EDGE_CURVE('',#7894,#7925,#7927,.T.);
#7925 = VERTEX_POINT('',#7926);
#7926 = CARTESIAN_POINT('',(-4.769696007085,1.5,153.4));
#7927 = SURFACE_CURVE('',#7928,(#7932,#7938),.PCURVE_S1.);
#7928 = LINE('',#7929,#7930);
#7929 = CARTESIAN_POINT('',(-4.769696007085,1.5,147.7));
#7930 = VECTOR('',#7931,1.);
#7931 = DIRECTION('',(0.,0.,1.));
#7932 = PCURVE('',#7093,#7933);
#7933 = DEFINITIONAL_REPRESENTATION('',(#7934),#7937);
#7934 = B_SPLINE_CURVE_WITH_KNOTS('',1,(#7935,#7936),.UNSPECIFIED.,.F.,
  .F.,(2,2),(2.84,5.96),.PIECEWISE_BEZIER_KNOTS.);
#7935 = CARTESIAN_POINT('',(2.836899999574,2.84));
#7936 = CARTESIAN_POINT('',(2.836899999574,5.96));
#7937 = ( GEOMETRIC_REPRESENTATION_CONTEXT(2) 
PARAMETRIC_REPRESENTATION_CONTEXT() REPRESENTATION_CONTEXT('2D SPACE',''
  ) );
#7938 = PCURVE('',#7939,#7944);
#7939 = PLANE('',#7940);
#7940 = AXIS2_PLACEMENT_3D('',#7941,#7942,#7943);
#7941 = CARTESIAN_POINT('',(-7.5,1.5,150.8));
#7942 = DIRECTION('',(-0.,1.,0.));
#7943 = DIRECTION('',(0.,0.,1.));
#7944 = DEFINITIONAL_REPRESENTATION('',(#7945),#7948);
#7945 = B_SPLINE_CURVE_WITH_KNOTS('',1,(#7946,#7947),.UNSPECIFIED.,.F.,
  .F.,(2,2),(2.84,5.96),.PIECEWISE_BEZIER_KNOTS.);
#7946 = CARTESIAN_POINT('',(-0.26,2.730303992915));
#7947 = CARTESIAN_POINT('',(2.86,2.730303992915));
#7948 = ( GEOMETRIC_REPRESENTATION_CONTEXT(2) 
PARAMETRIC_REPRESENTATION_CONTEXT() REPRESENTATION_CONTEXT('2D SPACE',''
  ) );
#7949 = ORIENTED_EDGE('',*,*,#7950,.T.);
#7950 = EDGE_CURVE('',#7925,#7951,#7953,.T.);
#7951 = VERTEX_POINT('',#7952);
#7952 = CARTESIAN_POINT('',(-4.769696007085,-1.5,153.4));
#7953 = SURFACE_CURVE('',#7954,(#7959,#7966),.PCURVE_S1.);
#7954 = CIRCLE('',#7955,5.);
#7955 = AXIS2_PLACEMENT_3D('',#7956,#7957,#7958);
#7956 = CARTESIAN_POINT('',(0.,0.,153.4));
#7957 = DIRECTION('',(0.,0.,1.));
#7958 = DIRECTION('',(1.,0.,-0.));
#7959 = PCURVE('',#7093,#7960);
#7960 = DEFINITIONAL_REPRESENTATION('',(#7961),#7965);
#7961 = LINE('',#7962,#7963);
#7962 = CARTESIAN_POINT('',(0.,5.7));
#7963 = VECTOR('',#7964,1.);
#7964 = DIRECTION('',(1.,0.));
#7965 = ( GEOMETRIC_REPRESENTATION_CONTEXT(2) 
PARAMETRIC_REPRESENTATION_CONTEXT() REPRESENTATION_CONTEXT('2D SPACE',''
  ) );
#7966 = PCURVE('',#7967,#7972);
#7967 = PLANE('',#7968);
#7968 = AXIS2_PLACEMENT_3D('',#7969,#7970,#7971);
#7969 = CARTESIAN_POINT('',(-7.5,-1.5,153.4));
#7970 = DIRECTION('',(0.,0.,1.));
#7971 = DIRECTION('',(1.,0.,-0.));
#7972 = DEFINITIONAL_REPRESENTATION('',(#7973),#7977);
#7973 = CIRCLE('',#7974,5.);
#7974 = AXIS2_PLACEMENT_2D('',#7975,#7976);
#7975 = CARTESIAN_POINT('',(7.5,1.5));
#7976 = DIRECTION('',(1.,0.));
#7977 = ( GEOMETRIC_REPRESENTATION_CONTEXT(2) 
PARAMETRIC_REPRESENTATION_CONTEXT() REPRESENTATION_CONTEXT('2D SPACE',''
  ) );
#7978 = ORIENTED_EDGE('',*,*,#7979,.F.);
#7979 = EDGE_CURVE('',#7896,#7951,#7980,.T.);
#7980 = SURFACE_CURVE('',#7981,(#7985,#7991),.PCURVE_S1.);
#7981 = LINE('',#7982,#7983);
#7982 = CARTESIAN_POINT('',(-4.769696007085,-1.5,147.7));
#7983 = VECTOR('',#7984,1.);
#7984 = DIRECTION('',(0.,0.,1.));
#7985 = PCURVE('',#7093,#7986);
#7986 = DEFINITIONAL_REPRESENTATION('',(#7987),#7990);
#7987 = B_SPLINE_CURVE_WITH_KNOTS('',1,(#7988,#7989),.UNSPECIFIED.,.F.,
  .F.,(2,2),(2.84,5.96),.PIECEWISE_BEZIER_KNOTS.);
#7988 = CARTESIAN_POINT('',(3.446285307605,2.84));
#7989 = CARTESIAN_POINT('',(3.446285307605,5.96));
#7990 = ( GEOMETRIC_REPRESENTATION_CONTEXT(2) 
PARAMETRIC_REPRESENTATION_CONTEXT() REPRESENTATION_CONTEXT('2D SPACE',''
  ) );
#7991 = PCURVE('',#7992,#7997);
#7992 = PLANE('',#7993);
#7993 = AXIS2_PLACEMENT_3D('',#7994,#7995,#7996);
#7994 = CARTESIAN_POINT('',(-7.5,-1.5,150.8));
#7995 = DIRECTION('',(-0.,1.,0.));
#7996 = DIRECTION('',(0.,0.,1.));
#7997 = DEFINITIONAL_REPRESENTATION('',(#7998),#8001);
#7998 = B_SPLINE_CURVE_WITH_KNOTS('',1,(#7999,#8000),.UNSPECIFIED.,.F.,
  .F.,(2,2),(2.84,5.96),.PIECEWISE_BEZIER_KNOTS.);
#7999 = CARTESIAN_POINT('',(-0.26,2.730303992915));
#8000 = CARTESIAN_POINT('',(2.86,2.730303992915));
#8001 = ( GEOMETRIC_REPRESENTATION_CONTEXT(2) 
PARAMETRIC_REPRESENTATION_CONTEXT() REPRESENTATION_CONTEXT('2D SPACE',''
  ) );
#8002 = ADVANCED_FACE('',(#8003),#7510,.F.);
#8003 = FACE_BOUND('',#8004,.F.);
#8004 = EDGE_LOOP('',(#8005));
#8005 = ORIENTED_EDGE('',*,*,#7493,.T.);
#8006 = ADVANCED_FACE('',(#8007),#7729,.T.);
#8007 = FACE_BOUND('',#8008,.T.);
#8008 = EDGE_LOOP('',(#8009,#8032,#8033,#8034,#8057));
#8009 = ORIENTED_EDGE('',*,*,#8010,.F.);
#8010 = EDGE_CURVE('',#7713,#8011,#8013,.T.);
#8011 = VERTEX_POINT('',#8012);
#8012 = CARTESIAN_POINT('',(7.5,1.5,153.4));
#8013 = SURFACE_CURVE('',#8014,(#8018,#8025),.PCURVE_S1.);
#8014 = LINE('',#8015,#8016);
#8015 = CARTESIAN_POINT('',(-7.5,1.5,153.4));
#8016 = VECTOR('',#8017,1.);
#8017 = DIRECTION('',(1.,0.,-0.));
#8018 = PCURVE('',#7729,#8019);
#8019 = DEFINITIONAL_REPRESENTATION('',(#8020),#8024);
#8020 = LINE('',#8021,#8022);
#8021 = CARTESIAN_POINT('',(0.,3.));
#8022 = VECTOR('',#8023,1.);
#8023 = DIRECTION('',(1.,0.));
#8024 = ( GEOMETRIC_REPRESENTATION_CONTEXT(2) 
PARAMETRIC_REPRESENTATION_CONTEXT() REPRESENTATION_CONTEXT('2D SPACE',''
  ) );
#8025 = PCURVE('',#7756,#8026);
#8026 = DEFINITIONAL_REPRESENTATION('',(#8027),#8031);
#8027 = LINE('',#8028,#8029);
#8028 = CARTESIAN_POINT('',(2.6,0.));
#8029 = VECTOR('',#8030,1.);
#8030 = DIRECTION('',(0.,1.));
#8031 = ( GEOMETRIC_REPRESENTATION_CONTEXT(2) 
PARAMETRIC_REPRESENTATION_CONTEXT() REPRESENTATION_CONTEXT('2D SPACE',''
  ) );
#8032 = ORIENTED_EDGE('',*,*,#7712,.F.);
#8033 = ORIENTED_EDGE('',*,*,#7869,.F.);
#8034 = ORIENTED_EDGE('',*,*,#8035,.T.);
#8035 = EDGE_CURVE('',#7844,#8036,#8038,.T.);
#8036 = VERTEX_POINT('',#8037);
#8037 = CARTESIAN_POINT('',(7.5,-1.5,153.4));
#8038 = SURFACE_CURVE('',#8039,(#8043,#8050),.PCURVE_S1.);
#8039 = LINE('',#8040,#8041);
#8040 = CARTESIAN_POINT('',(-7.5,-1.5,153.4));
#8041 = VECTOR('',#8042,1.);
#8042 = DIRECTION('',(1.,0.,-0.));
#8043 = PCURVE('',#7729,#8044);
#8044 = DEFINITIONAL_REPRESENTATION('',(#8045),#8049);
#8045 = LINE('',#8046,#8047);
#8046 = CARTESIAN_POINT('',(0.,0.));
#8047 = VECTOR('',#8048,1.);
#8048 = DIRECTION('',(1.,0.));
#8049 = ( GEOMETRIC_REPRESENTATION_CONTEXT(2) 
PARAMETRIC_REPRESENTATION_CONTEXT() REPRESENTATION_CONTEXT('2D SPACE',''
  ) );
#8050 = PCURVE('',#7858,#8051);
#8051 = DEFINITIONAL_REPRESENTATION('',(#8052),#8056);
#8052 = LINE('',#8053,#8054);
#8053 = CARTESIAN_POINT('',(2.6,0.));
#8054 = VECTOR('',#8055,1.);
#8055 = DIRECTION('',(0.,1.));
#8056 = ( GEOMETRIC_REPRESENTATION_CONTEXT(2) 
PARAMETRIC_REPRESENTATION_CONTEXT() REPRESENTATION_CONTEXT('2D SPACE',''
  ) );
#8057 = ORIENTED_EDGE('',*,*,#8058,.T.);
#8058 = EDGE_CURVE('',#8036,#8011,#8059,.T.);
#8059 = SURFACE_CURVE('',#8060,(#8064,#8071),.PCURVE_S1.);
#8060 = LINE('',#8061,#8062);
#8061 = CARTESIAN_POINT('',(7.5,-1.5,153.4));
#8062 = VECTOR('',#8063,1.);
#8063 = DIRECTION('',(-0.,1.,0.));
#8064 = PCURVE('',#7729,#8065);
#8065 = DEFINITIONAL_REPRESENTATION('',(#8066),#8070);
#8066 = LINE('',#8067,#8068);
#8067 = CARTESIAN_POINT('',(15.,0.));
#8068 = VECTOR('',#8069,1.);
#8069 = DIRECTION('',(0.,1.));
#8070 = ( GEOMETRIC_REPRESENTATION_CONTEXT(2) 
PARAMETRIC_REPRESENTATION_CONTEXT() REPRESENTATION_CONTEXT('2D SPACE',''
  ) );
#8071 = PCURVE('',#8072,#8077);
#8072 = PLANE('',#8073);
#8073 = AXIS2_PLACEMENT_3D('',#8074,#8075,#8076);
#8074 = CARTESIAN_POINT('',(7.5,-1.5,150.8));
#8075 = DIRECTION('',(1.,0.,-0.));
#8076 = DIRECTION('',(0.,0.,1.));
#8077 = DEFINITIONAL_REPRESENTATION('',(#8078),#8082);
#8078 = LINE('',#8079,#8080);
#8079 = CARTESIAN_POINT('',(2.6,0.));
#8080 = VECTOR('',#8081,1.);
#8081 = DIRECTION('',(0.,-1.));
#8082 = ( GEOMETRIC_REPRESENTATION_CONTEXT(2) 
PARAMETRIC_REPRESENTATION_CONTEXT() REPRESENTATION_CONTEXT('2D SPACE',''
  ) );
#8083 = ADVANCED_FACE('',(#8084),#7858,.F.);
#8084 = FACE_BOUND('',#8085,.F.);
#8085 = EDGE_LOOP('',(#8086,#8087,#8088,#8111));
#8086 = ORIENTED_EDGE('',*,*,#7843,.T.);
#8087 = ORIENTED_EDGE('',*,*,#8035,.T.);
#8088 = ORIENTED_EDGE('',*,*,#8089,.F.);
#8089 = EDGE_CURVE('',#8090,#8036,#8092,.T.);
#8090 = VERTEX_POINT('',#8091);
#8091 = CARTESIAN_POINT('',(7.5,-1.5,150.8));
#8092 = SURFACE_CURVE('',#8093,(#8097,#8104),.PCURVE_S1.);
#8093 = LINE('',#8094,#8095);
#8094 = CARTESIAN_POINT('',(7.5,-1.5,150.8));
#8095 = VECTOR('',#8096,1.);
#8096 = DIRECTION('',(0.,0.,1.));
#8097 = PCURVE('',#7858,#8098);
#8098 = DEFINITIONAL_REPRESENTATION('',(#8099),#8103);
#8099 = LINE('',#8100,#8101);
#8100 = CARTESIAN_POINT('',(0.,15.));
#8101 = VECTOR('',#8102,1.);
#8102 = DIRECTION('',(1.,0.));
#8103 = ( GEOMETRIC_REPRESENTATION_CONTEXT(2) 
PARAMETRIC_REPRESENTATION_CONTEXT() REPRESENTATION_CONTEXT('2D SPACE',''
  ) );
#8104 = PCURVE('',#8072,#8105);
#8105 = DEFINITIONAL_REPRESENTATION('',(#8106),#8110);
#8106 = LINE('',#8107,#8108);
#8107 = CARTESIAN_POINT('',(0.,0.));
#8108 = VECTOR('',#8109,1.);
#8109 = DIRECTION('',(1.,0.));
#8110 = ( GEOMETRIC_REPRESENTATION_CONTEXT(2) 
PARAMETRIC_REPRESENTATION_CONTEXT() REPRESENTATION_CONTEXT('2D SPACE',''
  ) );
#8111 = ORIENTED_EDGE('',*,*,#8112,.F.);
#8112 = EDGE_CURVE('',#7820,#8090,#8113,.T.);
#8113 = SURFACE_CURVE('',#8114,(#8118,#8125),.PCURVE_S1.);
#8114 = LINE('',#8115,#8116);
#8115 = CARTESIAN_POINT('',(-7.5,-1.5,150.8));
#8116 = VECTOR('',#8117,1.);
#8117 = DIRECTION('',(1.,0.,-0.));
#8118 = PCURVE('',#7858,#8119);
#8119 = DEFINITIONAL_REPRESENTATION('',(#8120),#8124);
#8120 = LINE('',#8121,#8122);
#8121 = CARTESIAN_POINT('',(0.,0.));
#8122 = VECTOR('',#8123,1.);
#8123 = DIRECTION('',(0.,1.));
#8124 = ( GEOMETRIC_REPRESENTATION_CONTEXT(2) 
PARAMETRIC_REPRESENTATION_CONTEXT() REPRESENTATION_CONTEXT('2D SPACE',''
  ) );
#8125 = PCURVE('',#7784,#8126);
#8126 = DEFINITIONAL_REPRESENTATION('',(#8127),#8131);
#8127 = LINE('',#8128,#8129);
#8128 = CARTESIAN_POINT('',(0.,0.));
#8129 = VECTOR('',#8130,1.);
#8130 = DIRECTION('',(1.,0.));
#8131 = ( GEOMETRIC_REPRESENTATION_CONTEXT(2) 
PARAMETRIC_REPRESENTATION_CONTEXT() REPRESENTATION_CONTEXT('2D SPACE',''
  ) );
#8132 = ADVANCED_FACE('',(#8133),#7784,.F.);
#8133 = FACE_BOUND('',#8134,.F.);
#8134 = EDGE_LOOP('',(#8135,#8158,#8159,#8160,#8161));
#8135 = ORIENTED_EDGE('',*,*,#8136,.F.);
#8136 = EDGE_CURVE('',#7742,#8137,#8139,.T.);
#8137 = VERTEX_POINT('',#8138);
#8138 = CARTESIAN_POINT('',(7.5,1.5,150.8));
#8139 = SURFACE_CURVE('',#8140,(#8144,#8151),.PCURVE_S1.);
#8140 = LINE('',#8141,#8142);
#8141 = CARTESIAN_POINT('',(-7.5,1.5,150.8));
#8142 = VECTOR('',#8143,1.);
#8143 = DIRECTION('',(1.,0.,-0.));
#8144 = PCURVE('',#7784,#8145);
#8145 = DEFINITIONAL_REPRESENTATION('',(#8146),#8150);
#8146 = LINE('',#8147,#8148);
#8147 = CARTESIAN_POINT('',(0.,3.));
#8148 = VECTOR('',#8149,1.);
#8149 = DIRECTION('',(1.,0.));
#8150 = ( GEOMETRIC_REPRESENTATION_CONTEXT(2) 
PARAMETRIC_REPRESENTATION_CONTEXT() REPRESENTATION_CONTEXT('2D SPACE',''
  ) );
#8151 = PCURVE('',#7756,#8152);
#8152 = DEFINITIONAL_REPRESENTATION('',(#8153),#8157);
#8153 = LINE('',#8154,#8155);
#8154 = CARTESIAN_POINT('',(0.,0.));
#8155 = VECTOR('',#8156,1.);
#8156 = DIRECTION('',(0.,1.));
#8157 = ( GEOMETRIC_REPRESENTATION_CONTEXT(2) 
PARAMETRIC_REPRESENTATION_CONTEXT() REPRESENTATION_CONTEXT('2D SPACE',''
  ) );
#8158 = ORIENTED_EDGE('',*,*,#7767,.F.);
#8159 = ORIENTED_EDGE('',*,*,#7819,.F.);
#8160 = ORIENTED_EDGE('',*,*,#8112,.T.);
#8161 = ORIENTED_EDGE('',*,*,#8162,.T.);
#8162 = EDGE_CURVE('',#8090,#8137,#8163,.T.);
#8163 = SURFACE_CURVE('',#8164,(#8168,#8175),.PCURVE_S1.);
#8164 = LINE('',#8165,#8166);
#8165 = CARTESIAN_POINT('',(7.5,-1.5,150.8));
#8166 = VECTOR('',#8167,1.);
#8167 = DIRECTION('',(-0.,1.,0.));
#8168 = PCURVE('',#7784,#8169);
#8169 = DEFINITIONAL_REPRESENTATION('',(#8170),#8174);
#8170 = LINE('',#8171,#8172);
#8171 = CARTESIAN_POINT('',(15.,0.));
#8172 = VECTOR('',#8173,1.);
#8173 = DIRECTION('',(0.,1.));
#8174 = ( GEOMETRIC_REPRESENTATION_CONTEXT(2) 
PARAMETRIC_REPRESENTATION_CONTEXT() REPRESENTATION_CONTEXT('2D SPACE',''
  ) );
#8175 = PCURVE('',#8072,#8176);
#8176 = DEFINITIONAL_REPRESENTATION('',(#8177),#8181);
#8177 = LINE('',#8178,#8179);
#8178 = CARTESIAN_POINT('',(0.,0.));
#8179 = VECTOR('',#8180,1.);
#8180 = DIRECTION('',(0.,-1.));
#8181 = ( GEOMETRIC_REPRESENTATION_CONTEXT(2) 
PARAMETRIC_REPRESENTATION_CONTEXT() REPRESENTATION_CONTEXT('2D SPACE',''
  ) );
#8182 = ADVANCED_FACE('',(#8183),#7756,.T.);
#8183 = FACE_BOUND('',#8184,.T.);
#8184 = EDGE_LOOP('',(#8185,#8186,#8187,#8208));
#8185 = ORIENTED_EDGE('',*,*,#7741,.T.);
#8186 = ORIENTED_EDGE('',*,*,#8010,.T.);
#8187 = ORIENTED_EDGE('',*,*,#8188,.F.);
#8188 = EDGE_CURVE('',#8137,#8011,#8189,.T.);
#8189 = SURFACE_CURVE('',#8190,(#8194,#8201),.PCURVE_S1.);
#8190 = LINE('',#8191,#8192);
#8191 = CARTESIAN_POINT('',(7.5,1.5,150.8));
#8192 = VECTOR('',#8193,1.);
#8193 = DIRECTION('',(0.,0.,1.));
#8194 = PCURVE('',#7756,#8195);
#8195 = DEFINITIONAL_REPRESENTATION('',(#8196),#8200);
#8196 = LINE('',#8197,#8198);
#8197 = CARTESIAN_POINT('',(0.,15.));
#8198 = VECTOR('',#8199,1.);
#8199 = DIRECTION('',(1.,0.));
#8200 = ( GEOMETRIC_REPRESENTATION_CONTEXT(2) 
PARAMETRIC_REPRESENTATION_CONTEXT() REPRESENTATION_CONTEXT('2D SPACE',''
  ) );
#8201 = PCURVE('',#8072,#8202);
#8202 = DEFINITIONAL_REPRESENTATION('',(#8203),#8207);
#8203 = LINE('',#8204,#8205);
#8204 = CARTESIAN_POINT('',(0.,-3.));
#8205 = VECTOR('',#8206,1.);
#8206 = DIRECTION('',(1.,0.));
#8207 = ( GEOMETRIC_REPRESENTATION_CONTEXT(2) 
PARAMETRIC_REPRESENTATION_CONTEXT() REPRESENTATION_CONTEXT('2D SPACE',''
  ) );
#8208 = ORIENTED_EDGE('',*,*,#8136,.F.);
#8209 = ADVANCED_FACE('',(#8210),#7699,.T.);
#8210 = FACE_BOUND('',#8211,.T.);
#8211 = EDGE_LOOP('',(#8212));
#8212 = ORIENTED_EDGE('',*,*,#7684,.T.);
#8213 = ADVANCED_FACE('',(#8214),#7912,.F.);
#8214 = FACE_BOUND('',#8215,.F.);
#8215 = EDGE_LOOP('',(#8216,#8239,#8267,#8288));
#8216 = ORIENTED_EDGE('',*,*,#8217,.F.);
#8217 = EDGE_CURVE('',#8218,#7894,#8220,.T.);
#8218 = VERTEX_POINT('',#8219);
#8219 = CARTESIAN_POINT('',(-7.5,1.5,150.8));
#8220 = SURFACE_CURVE('',#8221,(#8225,#8232),.PCURVE_S1.);
#8221 = LINE('',#8222,#8223);
#8222 = CARTESIAN_POINT('',(-7.5,1.5,150.8));
#8223 = VECTOR('',#8224,1.);
#8224 = DIRECTION('',(1.,0.,-0.));
#8225 = PCURVE('',#7912,#8226);
#8226 = DEFINITIONAL_REPRESENTATION('',(#8227),#8231);
#8227 = LINE('',#8228,#8229);
#8228 = CARTESIAN_POINT('',(0.,3.));
#8229 = VECTOR('',#8230,1.);
#8230 = DIRECTION('',(1.,0.));
#8231 = ( GEOMETRIC_REPRESENTATION_CONTEXT(2) 
PARAMETRIC_REPRESENTATION_CONTEXT() REPRESENTATION_CONTEXT('2D SPACE',''
  ) );
#8232 = PCURVE('',#7939,#8233);
#8233 = DEFINITIONAL_REPRESENTATION('',(#8234),#8238);
#8234 = LINE('',#8235,#8236);
#8235 = CARTESIAN_POINT('',(0.,0.));
#8236 = VECTOR('',#8237,1.);
#8237 = DIRECTION('',(0.,1.));
#8238 = ( GEOMETRIC_REPRESENTATION_CONTEXT(2) 
PARAMETRIC_REPRESENTATION_CONTEXT() REPRESENTATION_CONTEXT('2D SPACE',''
  ) );
#8239 = ORIENTED_EDGE('',*,*,#8240,.F.);
#8240 = EDGE_CURVE('',#8241,#8218,#8243,.T.);
#8241 = VERTEX_POINT('',#8242);
#8242 = CARTESIAN_POINT('',(-7.5,-1.5,150.8));
#8243 = SURFACE_CURVE('',#8244,(#8248,#8255),.PCURVE_S1.);
#8244 = LINE('',#8245,#8246);
#8245 = CARTESIAN_POINT('',(-7.5,-1.5,150.8));
#8246 = VECTOR('',#8247,1.);
#8247 = DIRECTION('',(-0.,1.,0.));
#8248 = PCURVE('',#7912,#8249);
#8249 = DEFINITIONAL_REPRESENTATION('',(#8250),#8254);
#8250 = LINE('',#8251,#8252);
#8251 = CARTESIAN_POINT('',(0.,0.));
#8252 = VECTOR('',#8253,1.);
#8253 = DIRECTION('',(0.,1.));
#8254 = ( GEOMETRIC_REPRESENTATION_CONTEXT(2) 
PARAMETRIC_REPRESENTATION_CONTEXT() REPRESENTATION_CONTEXT('2D SPACE',''
  ) );
#8255 = PCURVE('',#8256,#8261);
#8256 = PLANE('',#8257);
#8257 = AXIS2_PLACEMENT_3D('',#8258,#8259,#8260);
#8258 = CARTESIAN_POINT('',(-7.5,-1.5,150.8));
#8259 = DIRECTION('',(1.,0.,-0.));
#8260 = DIRECTION('',(0.,0.,1.));
#8261 = DEFINITIONAL_REPRESENTATION('',(#8262),#8266);
#8262 = LINE('',#8263,#8264);
#8263 = CARTESIAN_POINT('',(0.,0.));
#8264 = VECTOR('',#8265,1.);
#8265 = DIRECTION('',(0.,-1.));
#8266 = ( GEOMETRIC_REPRESENTATION_CONTEXT(2) 
PARAMETRIC_REPRESENTATION_CONTEXT() REPRESENTATION_CONTEXT('2D SPACE',''
  ) );
#8267 = ORIENTED_EDGE('',*,*,#8268,.T.);
#8268 = EDGE_CURVE('',#8241,#7896,#8269,.T.);
#8269 = SURFACE_CURVE('',#8270,(#8274,#8281),.PCURVE_S1.);
#8270 = LINE('',#8271,#8272);
#8271 = CARTESIAN_POINT('',(-7.5,-1.5,150.8));
#8272 = VECTOR('',#8273,1.);
#8273 = DIRECTION('',(1.,0.,-0.));
#8274 = PCURVE('',#7912,#8275);
#8275 = DEFINITIONAL_REPRESENTATION('',(#8276),#8280);
#8276 = LINE('',#8277,#8278);
#8277 = CARTESIAN_POINT('',(0.,0.));
#8278 = VECTOR('',#8279,1.);
#8279 = DIRECTION('',(1.,0.));
#8280 = ( GEOMETRIC_REPRESENTATION_CONTEXT(2) 
PARAMETRIC_REPRESENTATION_CONTEXT() REPRESENTATION_CONTEXT('2D SPACE',''
  ) );
#8281 = PCURVE('',#7992,#8282);
#8282 = DEFINITIONAL_REPRESENTATION('',(#8283),#8287);
#8283 = LINE('',#8284,#8285);
#8284 = CARTESIAN_POINT('',(0.,0.));
#8285 = VECTOR('',#8286,1.);
#8286 = DIRECTION('',(0.,1.));
#8287 = ( GEOMETRIC_REPRESENTATION_CONTEXT(2) 
PARAMETRIC_REPRESENTATION_CONTEXT() REPRESENTATION_CONTEXT('2D SPACE',''
  ) );
#8288 = ORIENTED_EDGE('',*,*,#7893,.F.);
#8289 = ADVANCED_FACE('',(#8290),#7992,.F.);
#8290 = FACE_BOUND('',#8291,.F.);
#8291 = EDGE_LOOP('',(#8292,#8293,#8316,#8337));
#8292 = ORIENTED_EDGE('',*,*,#8268,.F.);
#8293 = ORIENTED_EDGE('',*,*,#8294,.T.);
#8294 = EDGE_CURVE('',#8241,#8295,#8297,.T.);
#8295 = VERTEX_POINT('',#8296);
#8296 = CARTESIAN_POINT('',(-7.5,-1.5,153.4));
#8297 = SURFACE_CURVE('',#8298,(#8302,#8309),.PCURVE_S1.);
#8298 = LINE('',#8299,#8300);
#8299 = CARTESIAN_POINT('',(-7.5,-1.5,150.8));
#8300 = VECTOR('',#8301,1.);
#8301 = DIRECTION('',(0.,0.,1.));
#8302 = PCURVE('',#7992,#8303);
#8303 = DEFINITIONAL_REPRESENTATION('',(#8304),#8308);
#8304 = LINE('',#8305,#8306);
#8305 = CARTESIAN_POINT('',(0.,0.));
#8306 = VECTOR('',#8307,1.);
#8307 = DIRECTION('',(1.,0.));
#8308 = ( GEOMETRIC_REPRESENTATION_CONTEXT(2) 
PARAMETRIC_REPRESENTATION_CONTEXT() REPRESENTATION_CONTEXT('2D SPACE',''
  ) );
#8309 = PCURVE('',#8256,#8310);
#8310 = DEFINITIONAL_REPRESENTATION('',(#8311),#8315);
#8311 = LINE('',#8312,#8313);
#8312 = CARTESIAN_POINT('',(0.,0.));
#8313 = VECTOR('',#8314,1.);
#8314 = DIRECTION('',(1.,0.));
#8315 = ( GEOMETRIC_REPRESENTATION_CONTEXT(2) 
PARAMETRIC_REPRESENTATION_CONTEXT() REPRESENTATION_CONTEXT('2D SPACE',''
  ) );
#8316 = ORIENTED_EDGE('',*,*,#8317,.T.);
#8317 = EDGE_CURVE('',#8295,#7951,#8318,.T.);
#8318 = SURFACE_CURVE('',#8319,(#8323,#8330),.PCURVE_S1.);
#8319 = LINE('',#8320,#8321);
#8320 = CARTESIAN_POINT('',(-7.5,-1.5,153.4));
#8321 = VECTOR('',#8322,1.);
#8322 = DIRECTION('',(1.,0.,-0.));
#8323 = PCURVE('',#7992,#8324);
#8324 = DEFINITIONAL_REPRESENTATION('',(#8325),#8329);
#8325 = LINE('',#8326,#8327);
#8326 = CARTESIAN_POINT('',(2.6,0.));
#8327 = VECTOR('',#8328,1.);
#8328 = DIRECTION('',(0.,1.));
#8329 = ( GEOMETRIC_REPRESENTATION_CONTEXT(2) 
PARAMETRIC_REPRESENTATION_CONTEXT() REPRESENTATION_CONTEXT('2D SPACE',''
  ) );
#8330 = PCURVE('',#7967,#8331);
#8331 = DEFINITIONAL_REPRESENTATION('',(#8332),#8336);
#8332 = LINE('',#8333,#8334);
#8333 = CARTESIAN_POINT('',(0.,0.));
#8334 = VECTOR('',#8335,1.);
#8335 = DIRECTION('',(1.,0.));
#8336 = ( GEOMETRIC_REPRESENTATION_CONTEXT(2) 
PARAMETRIC_REPRESENTATION_CONTEXT() REPRESENTATION_CONTEXT('2D SPACE',''
  ) );
#8337 = ORIENTED_EDGE('',*,*,#7979,.F.);
#8338 = ADVANCED_FACE('',(#8339),#7967,.T.);
#8339 = FACE_BOUND('',#8340,.T.);
#8340 = EDGE_LOOP('',(#8341,#8364,#8385,#8386));
#8341 = ORIENTED_EDGE('',*,*,#8342,.F.);
#8342 = EDGE_CURVE('',#8343,#7925,#8345,.T.);
#8343 = VERTEX_POINT('',#8344);
#8344 = CARTESIAN_POINT('',(-7.5,1.5,153.4));
#8345 = SURFACE_CURVE('',#8346,(#8350,#8357),.PCURVE_S1.);
#8346 = LINE('',#8347,#8348);
#8347 = CARTESIAN_POINT('',(-7.5,1.5,153.4));
#8348 = VECTOR('',#8349,1.);
#8349 = DIRECTION('',(1.,0.,-0.));
#8350 = PCURVE('',#7967,#8351);
#8351 = DEFINITIONAL_REPRESENTATION('',(#8352),#8356);
#8352 = LINE('',#8353,#8354);
#8353 = CARTESIAN_POINT('',(0.,3.));
#8354 = VECTOR('',#8355,1.);
#8355 = DIRECTION('',(1.,0.));
#8356 = ( GEOMETRIC_REPRESENTATION_CONTEXT(2) 
PARAMETRIC_REPRESENTATION_CONTEXT() REPRESENTATION_CONTEXT('2D SPACE',''
  ) );
#8357 = PCURVE('',#7939,#8358);
#8358 = DEFINITIONAL_REPRESENTATION('',(#8359),#8363);
#8359 = LINE('',#8360,#8361);
#8360 = CARTESIAN_POINT('',(2.6,0.));
#8361 = VECTOR('',#8362,1.);
#8362 = DIRECTION('',(0.,1.));
#8363 = ( GEOMETRIC_REPRESENTATION_CONTEXT(2) 
PARAMETRIC_REPRESENTATION_CONTEXT() REPRESENTATION_CONTEXT('2D SPACE',''
  ) );
#8364 = ORIENTED_EDGE('',*,*,#8365,.F.);
#8365 = EDGE_CURVE('',#8295,#8343,#8366,.T.);
#8366 = SURFACE_CURVE('',#8367,(#8371,#8378),.PCURVE_S1.);
#8367 = LINE('',#8368,#8369);
#8368 = CARTESIAN_POINT('',(-7.5,-1.5,153.4));
#8369 = VECTOR('',#8370,1.);
#8370 = DIRECTION('',(-0.,1.,0.));
#8371 = PCURVE('',#7967,#8372);
#8372 = DEFINITIONAL_REPRESENTATION('',(#8373),#8377);
#8373 = LINE('',#8374,#8375);
#8374 = CARTESIAN_POINT('',(0.,0.));
#8375 = VECTOR('',#8376,1.);
#8376 = DIRECTION('',(0.,1.));
#8377 = ( GEOMETRIC_REPRESENTATION_CONTEXT(2) 
PARAMETRIC_REPRESENTATION_CONTEXT() REPRESENTATION_CONTEXT('2D SPACE',''
  ) );
#8378 = PCURVE('',#8256,#8379);
#8379 = DEFINITIONAL_REPRESENTATION('',(#8380),#8384);
#8380 = LINE('',#8381,#8382);
#8381 = CARTESIAN_POINT('',(2.6,0.));
#8382 = VECTOR('',#8383,1.);
#8383 = DIRECTION('',(0.,-1.));
#8384 = ( GEOMETRIC_REPRESENTATION_CONTEXT(2) 
PARAMETRIC_REPRESENTATION_CONTEXT() REPRESENTATION_CONTEXT('2D SPACE',''
  ) );
#8385 = ORIENTED_EDGE('',*,*,#8317,.T.);
#8386 = ORIENTED_EDGE('',*,*,#7950,.F.);
#8387 = ADVANCED_FACE('',(#8388),#7939,.T.);
#8388 = FACE_BOUND('',#8389,.T.);
#8389 = EDGE_LOOP('',(#8390,#8391,#8412,#8413));
#8390 = ORIENTED_EDGE('',*,*,#8217,.F.);
#8391 = ORIENTED_EDGE('',*,*,#8392,.T.);
#8392 = EDGE_CURVE('',#8218,#8343,#8393,.T.);
#8393 = SURFACE_CURVE('',#8394,(#8398,#8405),.PCURVE_S1.);
#8394 = LINE('',#8395,#8396);
#8395 = CARTESIAN_POINT('',(-7.5,1.5,150.8));
#8396 = VECTOR('',#8397,1.);
#8397 = DIRECTION('',(0.,0.,1.));
#8398 = PCURVE('',#7939,#8399);
#8399 = DEFINITIONAL_REPRESENTATION('',(#8400),#8404);
#8400 = LINE('',#8401,#8402);
#8401 = CARTESIAN_POINT('',(0.,0.));
#8402 = VECTOR('',#8403,1.);
#8403 = DIRECTION('',(1.,0.));
#8404 = ( GEOMETRIC_REPRESENTATION_CONTEXT(2) 
PARAMETRIC_REPRESENTATION_CONTEXT() REPRESENTATION_CONTEXT('2D SPACE',''
  ) );
#8405 = PCURVE('',#8256,#8406);
#8406 = DEFINITIONAL_REPRESENTATION('',(#8407),#8411);
#8407 = LINE('',#8408,#8409);
#8408 = CARTESIAN_POINT('',(0.,-3.));
#8409 = VECTOR('',#8410,1.);
#8410 = DIRECTION('',(1.,0.));
#8411 = ( GEOMETRIC_REPRESENTATION_CONTEXT(2) 
PARAMETRIC_REPRESENTATION_CONTEXT() REPRESENTATION_CONTEXT('2D SPACE',''
  ) );
#8412 = ORIENTED_EDGE('',*,*,#8342,.T.);
#8413 = ORIENTED_EDGE('',*,*,#7924,.F.);
#8414 = ADVANCED_FACE('',(#8415),#8072,.T.);
#8415 = FACE_BOUND('',#8416,.T.);
#8416 = EDGE_LOOP('',(#8417,#8418,#8419,#8420));
#8417 = ORIENTED_EDGE('',*,*,#8089,.F.);
#8418 = ORIENTED_EDGE('',*,*,#8162,.T.);
#8419 = ORIENTED_EDGE('',*,*,#8188,.T.);
#8420 = ORIENTED_EDGE('',*,*,#8058,.F.);
#8421 = ADVANCED_FACE('',(#8422),#8256,.F.);
#8422 = FACE_BOUND('',#8423,.F.);
#8423 = EDGE_LOOP('',(#8424,#8425,#8426,#8427));
#8424 = ORIENTED_EDGE('',*,*,#8294,.F.);
#8425 = ORIENTED_EDGE('',*,*,#8240,.T.);
#8426 = ORIENTED_EDGE('',*,*,#8392,.T.);
#8427 = ORIENTED_EDGE('',*,*,#8365,.F.);
#8428 = ( GEOMETRIC_REPRESENTATION_CONTEXT(3) 
GLOBAL_UNCERTAINTY_ASSIGNED_CONTEXT((#8432)) 
GLOBAL_UNIT_ASSIGNED_CONTEXT((#8429,#8430,#8431)) REPRESENTATION_CONTEXT
('Context #1','3D Context with UNIT and UNCERTAINTY') );
#8429 = ( LENGTH_UNIT() NAMED_UNIT(*) SI_UNIT(.MILLI.,.METRE.) );
#8430 = ( NAMED_UNIT(*) PLANE_ANGLE_UNIT() SI_UNIT($,.RADIAN.) );
#8431 = ( NAMED_UNIT(*) SI_UNIT($,.STERADIAN.) SOLID_ANGLE_UNIT() );
#8432 = UNCERTAINTY_MEASURE_WITH_UNIT(LENGTH_MEASURE(1.E-07),#8429,
  'distance_accuracy_value','confusion accuracy');
#8433 = CONTEXT_DEPENDENT_SHAPE_REPRESENTATION(#8434,#8436);
#8434 = ( REPRESENTATION_RELATIONSHIP('','',#4964,#10) 
REPRESENTATION_RELATIONSHIP_WITH_TRANSFORMATION(#8435) 
SHAPE_REPRESENTATION_RELATIONSHIP() );
#8435 = ITEM_DEFINED_TRANSFORMATION('','',#11,#31);
#8436 = PRODUCT_DEFINITION_SHAPE('Placement','Placement of an item',
  #8437);
#8437 = NEXT_ASSEMBLY_USAGE_OCCURRENCE('18','touch_tool','',#5,#4959,$);
#8438 = PRODUCT_RELATED_PRODUCT_CATEGORY('part',$,(#4961));
#8439 = SHAPE_DEFINITION_REPRESENTATION(#8440,#8446);
#8440 = PRODUCT_DEFINITION_SHAPE('','',#8441);
#8441 = PRODUCT_DEFINITION('design','',#8442,#8445);
#8442 = PRODUCT_DEFINITION_FORMATION('','',#8443);
#8443 = PRODUCT('ponteira_d_suporte','ponteira_d_suporte','',(#8444));
#8444 = PRODUCT_CONTEXT('',#2,'mechanical');
#8445 = PRODUCT_DEFINITION_CONTEXT('part definition',#2,'design');
#8446 = ADVANCED_BREP_SHAPE_REPRESENTATION('',(#11,#8447),#11191);
#8447 = MANIFOLD_SOLID_BREP('',#8448);
#8448 = CLOSED_SHELL('',(#8449,#8631,#8707,#8761,#9142,#9191,#9240,#9268
    ,#9277,#9353,#9402,#9451,#9500,#9549,#9598,#9645,#9694,#9743,#9790,
    #9839,#9866,#10092,#10520,#10636,#10685,#10734,#10783,#10810,#10904,
    #10954,#11003,#11031,#11038,#11088,#11137,#11165,#11173,#11177,
    #11184));
#8449 = ADVANCED_FACE('',(#8450),#8464,.F.);
#8450 = FACE_BOUND('',#8451,.F.);
#8451 = EDGE_LOOP('',(#8452,#8487,#8515,#8543,#8572,#8600));
#8452 = ORIENTED_EDGE('',*,*,#8453,.F.);
#8453 = EDGE_CURVE('',#8454,#8456,#8458,.T.);
#8454 = VERTEX_POINT('',#8455);
#8455 = CARTESIAN_POINT('',(-8.7,-9.935,158.95));
#8456 = VERTEX_POINT('',#8457);
#8457 = CARTESIAN_POINT('',(-8.7,-9.935,159.7));
#8458 = SURFACE_CURVE('',#8459,(#8463,#8475),.PCURVE_S1.);
#8459 = LINE('',#8460,#8461);
#8460 = CARTESIAN_POINT('',(-8.7,-9.935,158.95));
#8461 = VECTOR('',#8462,1.);
#8462 = DIRECTION('',(0.,0.,1.));
#8463 = PCURVE('',#8464,#8469);
#8464 = PLANE('',#8465);
#8465 = AXIS2_PLACEMENT_3D('',#8466,#8467,#8468);
#8466 = CARTESIAN_POINT('',(-8.7,-9.935,158.95));
#8467 = DIRECTION('',(1.,0.,-0.));
#8468 = DIRECTION('',(0.,0.,1.));
#8469 = DEFINITIONAL_REPRESENTATION('',(#8470),#8474);
#8470 = LINE('',#8471,#8472);
#8471 = CARTESIAN_POINT('',(0.,0.));
#8472 = VECTOR('',#8473,1.);
#8473 = DIRECTION('',(1.,0.));
#8474 = ( GEOMETRIC_REPRESENTATION_CONTEXT(2) 
PARAMETRIC_REPRESENTATION_CONTEXT() REPRESENTATION_CONTEXT('2D SPACE',''
  ) );
#8475 = PCURVE('',#8476,#8481);
#8476 = PLANE('',#8477);
#8477 = AXIS2_PLACEMENT_3D('',#8478,#8479,#8480);
#8478 = CARTESIAN_POINT('',(-8.7,-9.935,158.95));
#8479 = DIRECTION('',(-0.,1.,0.));
#8480 = DIRECTION('',(0.,0.,1.));
#8481 = DEFINITIONAL_REPRESENTATION('',(#8482),#8486);
#8482 = LINE('',#8483,#8484);
#8483 = CARTESIAN_POINT('',(0.,0.));
#8484 = VECTOR('',#8485,1.);
#8485 = DIRECTION('',(1.,0.));
#8486 = ( GEOMETRIC_REPRESENTATION_CONTEXT(2) 
PARAMETRIC_REPRESENTATION_CONTEXT() REPRESENTATION_CONTEXT('2D SPACE',''
  ) );
#8487 = ORIENTED_EDGE('',*,*,#8488,.T.);
#8488 = EDGE_CURVE('',#8454,#8489,#8491,.T.);
#8489 = VERTEX_POINT('',#8490);
#8490 = CARTESIAN_POINT('',(-8.7,9.935,158.95));
#8491 = SURFACE_CURVE('',#8492,(#8496,#8503),.PCURVE_S1.);
#8492 = LINE('',#8493,#8494);
#8493 = CARTESIAN_POINT('',(-8.7,-9.935,158.95));
#8494 = VECTOR('',#8495,1.);
#8495 = DIRECTION('',(-0.,1.,0.));
#8496 = PCURVE('',#8464,#8497);
#8497 = DEFINITIONAL_REPRESENTATION('',(#8498),#8502);
#8498 = LINE('',#8499,#8500);
#8499 = CARTESIAN_POINT('',(0.,0.));
#8500 = VECTOR('',#8501,1.);
#8501 = DIRECTION('',(0.,-1.));
#8502 = ( GEOMETRIC_REPRESENTATION_CONTEXT(2) 
PARAMETRIC_REPRESENTATION_CONTEXT() REPRESENTATION_CONTEXT('2D SPACE',''
  ) );
#8503 = PCURVE('',#8504,#8509);
#8504 = PLANE('',#8505);
#8505 = AXIS2_PLACEMENT_3D('',#8506,#8507,#8508);
#8506 = CARTESIAN_POINT('',(-11.2,-12.435,158.95));
#8507 = DIRECTION('',(0.,0.,1.));
#8508 = DIRECTION('',(1.,0.,-0.));
#8509 = DEFINITIONAL_REPRESENTATION('',(#8510),#8514);
#8510 = LINE('',#8511,#8512);
#8511 = CARTESIAN_POINT('',(2.5,2.5));
#8512 = VECTOR('',#8513,1.);
#8513 = DIRECTION('',(0.,1.));
#8514 = ( GEOMETRIC_REPRESENTATION_CONTEXT(2) 
PARAMETRIC_REPRESENTATION_CONTEXT() REPRESENTATION_CONTEXT('2D SPACE',''
  ) );
#8515 = ORIENTED_EDGE('',*,*,#8516,.T.);
#8516 = EDGE_CURVE('',#8489,#8517,#8519,.T.);
#8517 = VERTEX_POINT('',#8518);
#8518 = CARTESIAN_POINT('',(-8.7,9.935,159.7));
#8519 = SURFACE_CURVE('',#8520,(#8524,#8531),.PCURVE_S1.);
#8520 = LINE('',#8521,#8522);
#8521 = CARTESIAN_POINT('',(-8.7,9.935,158.95));
#8522 = VECTOR('',#8523,1.);
#8523 = DIRECTION('',(0.,0.,1.));
#8524 = PCURVE('',#8464,#8525);
#8525 = DEFINITIONAL_REPRESENTATION('',(#8526),#8530);
#8526 = LINE('',#8527,#8528);
#8527 = CARTESIAN_POINT('',(0.,-19.87));
#8528 = VECTOR('',#8529,1.);
#8529 = DIRECTION('',(1.,0.));
#8530 = ( GEOMETRIC_REPRESENTATION_CONTEXT(2) 
PARAMETRIC_REPRESENTATION_CONTEXT() REPRESENTATION_CONTEXT('2D SPACE',''
  ) );
#8531 = PCURVE('',#8532,#8537);
#8532 = PLANE('',#8533);
#8533 = AXIS2_PLACEMENT_3D('',#8534,#8535,#8536);
#8534 = CARTESIAN_POINT('',(-8.7,9.935,158.95));
#8535 = DIRECTION('',(-0.,1.,0.));
#8536 = DIRECTION('',(0.,0.,1.));
#8537 = DEFINITIONAL_REPRESENTATION('',(#8538),#8542);
#8538 = LINE('',#8539,#8540);
#8539 = CARTESIAN_POINT('',(0.,0.));
#8540 = VECTOR('',#8541,1.);
#8541 = DIRECTION('',(1.,0.));
#8542 = ( GEOMETRIC_REPRESENTATION_CONTEXT(2) 
PARAMETRIC_REPRESENTATION_CONTEXT() REPRESENTATION_CONTEXT('2D SPACE',''
  ) );
#8543 = ORIENTED_EDGE('',*,*,#8544,.T.);
#8544 = EDGE_CURVE('',#8517,#8545,#8547,.T.);
#8545 = VERTEX_POINT('',#8546);
#8546 = CARTESIAN_POINT('',(-8.7,7.935,161.7));
#8547 = SURFACE_CURVE('',#8548,(#8553,#8560),.PCURVE_S1.);
#8548 = CIRCLE('',#8549,2.);
#8549 = AXIS2_PLACEMENT_3D('',#8550,#8551,#8552);
#8550 = CARTESIAN_POINT('',(-8.7,7.935,159.7));
#8551 = DIRECTION('',(1.,0.,-0.));
#8552 = DIRECTION('',(0.,0.,1.));
#8553 = PCURVE('',#8464,#8554);
#8554 = DEFINITIONAL_REPRESENTATION('',(#8555),#8559);
#8555 = CIRCLE('',#8556,2.);
#8556 = AXIS2_PLACEMENT_2D('',#8557,#8558);
#8557 = CARTESIAN_POINT('',(0.75,-17.87));
#8558 = DIRECTION('',(1.,0.));
#8559 = ( GEOMETRIC_REPRESENTATION_CONTEXT(2) 
PARAMETRIC_REPRESENTATION_CONTEXT() REPRESENTATION_CONTEXT('2D SPACE',''
  ) );
#8560 = PCURVE('',#8561,#8566);
#8561 = CYLINDRICAL_SURFACE('',#8562,2.);
#8562 = AXIS2_PLACEMENT_3D('',#8563,#8564,#8565);
#8563 = CARTESIAN_POINT('',(-8.7,7.935,159.7));
#8564 = DIRECTION('',(1.,0.,-0.));
#8565 = DIRECTION('',(0.,1.,0.));
#8566 = DEFINITIONAL_REPRESENTATION('',(#8567),#8571);
#8567 = LINE('',#8568,#8569);
#8568 = CARTESIAN_POINT('',(-4.712388980385,0.));
#8569 = VECTOR('',#8570,1.);
#8570 = DIRECTION('',(1.,0.));
#8571 = ( GEOMETRIC_REPRESENTATION_CONTEXT(2) 
PARAMETRIC_REPRESENTATION_CONTEXT() REPRESENTATION_CONTEXT('2D SPACE',''
  ) );
#8572 = ORIENTED_EDGE('',*,*,#8573,.F.);
#8573 = EDGE_CURVE('',#8574,#8545,#8576,.T.);
#8574 = VERTEX_POINT('',#8575);
#8575 = CARTESIAN_POINT('',(-8.7,-7.935,161.7));
#8576 = SURFACE_CURVE('',#8577,(#8581,#8588),.PCURVE_S1.);
#8577 = LINE('',#8578,#8579);
#8578 = CARTESIAN_POINT('',(-8.7,-9.935,161.7));
#8579 = VECTOR('',#8580,1.);
#8580 = DIRECTION('',(-0.,1.,0.));
#8581 = PCURVE('',#8464,#8582);
#8582 = DEFINITIONAL_REPRESENTATION('',(#8583),#8587);
#8583 = LINE('',#8584,#8585);
#8584 = CARTESIAN_POINT('',(2.75,0.));
#8585 = VECTOR('',#8586,1.);
#8586 = DIRECTION('',(0.,-1.));
#8587 = ( GEOMETRIC_REPRESENTATION_CONTEXT(2) 
PARAMETRIC_REPRESENTATION_CONTEXT() REPRESENTATION_CONTEXT('2D SPACE',''
  ) );
#8588 = PCURVE('',#8589,#8594);
#8589 = PLANE('',#8590);
#8590 = AXIS2_PLACEMENT_3D('',#8591,#8592,#8593);
#8591 = CARTESIAN_POINT('',(-8.7,-9.935,161.7));
#8592 = DIRECTION('',(0.,0.,1.));
#8593 = DIRECTION('',(1.,0.,-0.));
#8594 = DEFINITIONAL_REPRESENTATION('',(#8595),#8599);
#8595 = LINE('',#8596,#8597);
#8596 = CARTESIAN_POINT('',(0.,0.));
#8597 = VECTOR('',#8598,1.);
#8598 = DIRECTION('',(0.,1.));
#8599 = ( GEOMETRIC_REPRESENTATION_CONTEXT(2) 
PARAMETRIC_REPRESENTATION_CONTEXT() REPRESENTATION_CONTEXT('2D SPACE',''
  ) );
#8600 = ORIENTED_EDGE('',*,*,#8601,.F.);
#8601 = EDGE_CURVE('',#8456,#8574,#8602,.T.);
#8602 = SURFACE_CURVE('',#8603,(#8608,#8619),.PCURVE_S1.);
#8603 = CIRCLE('',#8604,2.);
#8604 = AXIS2_PLACEMENT_3D('',#8605,#8606,#8607);
#8605 = CARTESIAN_POINT('',(-8.7,-7.935,159.7));
#8606 = DIRECTION('',(-1.,-0.,0.));
#8607 = DIRECTION('',(0.,0.,1.));
#8608 = PCURVE('',#8464,#8609);
#8609 = DEFINITIONAL_REPRESENTATION('',(#8610),#8618);
#8610 = ( BOUNDED_CURVE() B_SPLINE_CURVE(2,(#8611,#8612,#8613,#8614,
#8615,#8616,#8617),.UNSPECIFIED.,.T.,.F.) B_SPLINE_CURVE_WITH_KNOTS((1,2
    ,2,2,2,1),(-2.094395102393,0.,2.094395102393,4.188790204786,
6.28318530718,8.377580409573),.UNSPECIFIED.) CURVE() 
GEOMETRIC_REPRESENTATION_ITEM() RATIONAL_B_SPLINE_CURVE((1.,0.5,1.,0.5,
1.,0.5,1.)) REPRESENTATION_ITEM('') );
#8611 = CARTESIAN_POINT('',(2.75,-2.));
#8612 = CARTESIAN_POINT('',(2.75,-5.464101615138));
#8613 = CARTESIAN_POINT('',(-0.25,-3.732050807569));
#8614 = CARTESIAN_POINT('',(-3.25,-2.));
#8615 = CARTESIAN_POINT('',(-0.25,-0.267949192431));
#8616 = CARTESIAN_POINT('',(2.75,1.464101615138));
#8617 = CARTESIAN_POINT('',(2.75,-2.));
#8618 = ( GEOMETRIC_REPRESENTATION_CONTEXT(2) 
PARAMETRIC_REPRESENTATION_CONTEXT() REPRESENTATION_CONTEXT('2D SPACE',''
  ) );
#8619 = PCURVE('',#8620,#8625);
#8620 = CYLINDRICAL_SURFACE('',#8621,2.);
#8621 = AXIS2_PLACEMENT_3D('',#8622,#8623,#8624);
#8622 = CARTESIAN_POINT('',(-8.7,-7.935,159.7));
#8623 = DIRECTION('',(1.,0.,-0.));
#8624 = DIRECTION('',(0.,-1.,0.));
#8625 = DEFINITIONAL_REPRESENTATION('',(#8626),#8630);
#8626 = LINE('',#8627,#8628);
#8627 = CARTESIAN_POINT('',(4.712388980385,-0.));
#8628 = VECTOR('',#8629,1.);
#8629 = DIRECTION('',(-1.,0.));
#8630 = ( GEOMETRIC_REPRESENTATION_CONTEXT(2) 
PARAMETRIC_REPRESENTATION_CONTEXT() REPRESENTATION_CONTEXT('2D SPACE',''
  ) );
#8631 = ADVANCED_FACE('',(#8632),#8476,.F.);
#8632 = FACE_BOUND('',#8633,.F.);
#8633 = EDGE_LOOP('',(#8634,#8664,#8685,#8686));
#8634 = ORIENTED_EDGE('',*,*,#8635,.F.);
#8635 = EDGE_CURVE('',#8636,#8638,#8640,.T.);
#8636 = VERTEX_POINT('',#8637);
#8637 = CARTESIAN_POINT('',(8.7,-9.935,158.95));
#8638 = VERTEX_POINT('',#8639);
#8639 = CARTESIAN_POINT('',(8.7,-9.935,159.7));
#8640 = SURFACE_CURVE('',#8641,(#8645,#8652),.PCURVE_S1.);
#8641 = LINE('',#8642,#8643);
#8642 = CARTESIAN_POINT('',(8.7,-9.935,158.95));
#8643 = VECTOR('',#8644,1.);
#8644 = DIRECTION('',(0.,0.,1.));
#8645 = PCURVE('',#8476,#8646);
#8646 = DEFINITIONAL_REPRESENTATION('',(#8647),#8651);
#8647 = LINE('',#8648,#8649);
#8648 = CARTESIAN_POINT('',(0.,17.4));
#8649 = VECTOR('',#8650,1.);
#8650 = DIRECTION('',(1.,0.));
#8651 = ( GEOMETRIC_REPRESENTATION_CONTEXT(2) 
PARAMETRIC_REPRESENTATION_CONTEXT() REPRESENTATION_CONTEXT('2D SPACE',''
  ) );
#8652 = PCURVE('',#8653,#8658);
#8653 = PLANE('',#8654);
#8654 = AXIS2_PLACEMENT_3D('',#8655,#8656,#8657);
#8655 = CARTESIAN_POINT('',(8.7,-9.935,158.95));
#8656 = DIRECTION('',(1.,0.,-0.));
#8657 = DIRECTION('',(0.,0.,1.));
#8658 = DEFINITIONAL_REPRESENTATION('',(#8659),#8663);
#8659 = LINE('',#8660,#8661);
#8660 = CARTESIAN_POINT('',(0.,0.));
#8661 = VECTOR('',#8662,1.);
#8662 = DIRECTION('',(1.,0.));
#8663 = ( GEOMETRIC_REPRESENTATION_CONTEXT(2) 
PARAMETRIC_REPRESENTATION_CONTEXT() REPRESENTATION_CONTEXT('2D SPACE',''
  ) );
#8664 = ORIENTED_EDGE('',*,*,#8665,.F.);
#8665 = EDGE_CURVE('',#8454,#8636,#8666,.T.);
#8666 = SURFACE_CURVE('',#8667,(#8671,#8678),.PCURVE_S1.);
#8667 = LINE('',#8668,#8669);
#8668 = CARTESIAN_POINT('',(-8.7,-9.935,158.95));
#8669 = VECTOR('',#8670,1.);
#8670 = DIRECTION('',(1.,0.,-0.));
#8671 = PCURVE('',#8476,#8672);
#8672 = DEFINITIONAL_REPRESENTATION('',(#8673),#8677);
#8673 = LINE('',#8674,#8675);
#8674 = CARTESIAN_POINT('',(0.,0.));
#8675 = VECTOR('',#8676,1.);
#8676 = DIRECTION('',(0.,1.));
#8677 = ( GEOMETRIC_REPRESENTATION_CONTEXT(2) 
PARAMETRIC_REPRESENTATION_CONTEXT() REPRESENTATION_CONTEXT('2D SPACE',''
  ) );
#8678 = PCURVE('',#8504,#8679);
#8679 = DEFINITIONAL_REPRESENTATION('',(#8680),#8684);
#8680 = LINE('',#8681,#8682);
#8681 = CARTESIAN_POINT('',(2.5,2.5));
#8682 = VECTOR('',#8683,1.);
#8683 = DIRECTION('',(1.,0.));
#8684 = ( GEOMETRIC_REPRESENTATION_CONTEXT(2) 
PARAMETRIC_REPRESENTATION_CONTEXT() REPRESENTATION_CONTEXT('2D SPACE',''
  ) );
#8685 = ORIENTED_EDGE('',*,*,#8453,.T.);
#8686 = ORIENTED_EDGE('',*,*,#8687,.T.);
#8687 = EDGE_CURVE('',#8456,#8638,#8688,.T.);
#8688 = SURFACE_CURVE('',#8689,(#8693,#8700),.PCURVE_S1.);
#8689 = LINE('',#8690,#8691);
#8690 = CARTESIAN_POINT('',(-8.7,-9.935,159.7));
#8691 = VECTOR('',#8692,1.);
#8692 = DIRECTION('',(1.,0.,-0.));
#8693 = PCURVE('',#8476,#8694);
#8694 = DEFINITIONAL_REPRESENTATION('',(#8695),#8699);
#8695 = LINE('',#8696,#8697);
#8696 = CARTESIAN_POINT('',(0.75,0.));
#8697 = VECTOR('',#8698,1.);
#8698 = DIRECTION('',(0.,1.));
#8699 = ( GEOMETRIC_REPRESENTATION_CONTEXT(2) 
PARAMETRIC_REPRESENTATION_CONTEXT() REPRESENTATION_CONTEXT('2D SPACE',''
  ) );
#8700 = PCURVE('',#8620,#8701);
#8701 = DEFINITIONAL_REPRESENTATION('',(#8702),#8706);
#8702 = LINE('',#8703,#8704);
#8703 = CARTESIAN_POINT('',(-0.,0.));
#8704 = VECTOR('',#8705,1.);
#8705 = DIRECTION('',(-0.,1.));
#8706 = ( GEOMETRIC_REPRESENTATION_CONTEXT(2) 
PARAMETRIC_REPRESENTATION_CONTEXT() REPRESENTATION_CONTEXT('2D SPACE',''
  ) );
#8707 = ADVANCED_FACE('',(#8708),#8620,.T.);
#8708 = FACE_BOUND('',#8709,.F.);
#8709 = EDGE_LOOP('',(#8710,#8711,#8734,#8760));
#8710 = ORIENTED_EDGE('',*,*,#8601,.T.);
#8711 = ORIENTED_EDGE('',*,*,#8712,.T.);
#8712 = EDGE_CURVE('',#8574,#8713,#8715,.T.);
#8713 = VERTEX_POINT('',#8714);
#8714 = CARTESIAN_POINT('',(8.7,-7.935,161.7));
#8715 = SURFACE_CURVE('',#8716,(#8720,#8727),.PCURVE_S1.);
#8716 = LINE('',#8717,#8718);
#8717 = CARTESIAN_POINT('',(-8.7,-7.935,161.7));
#8718 = VECTOR('',#8719,1.);
#8719 = DIRECTION('',(1.,0.,-0.));
#8720 = PCURVE('',#8620,#8721);
#8721 = DEFINITIONAL_REPRESENTATION('',(#8722),#8726);
#8722 = LINE('',#8723,#8724);
#8723 = CARTESIAN_POINT('',(-1.570796326795,0.));
#8724 = VECTOR('',#8725,1.);
#8725 = DIRECTION('',(-0.,1.));
#8726 = ( GEOMETRIC_REPRESENTATION_CONTEXT(2) 
PARAMETRIC_REPRESENTATION_CONTEXT() REPRESENTATION_CONTEXT('2D SPACE',''
  ) );
#8727 = PCURVE('',#8589,#8728);
#8728 = DEFINITIONAL_REPRESENTATION('',(#8729),#8733);
#8729 = LINE('',#8730,#8731);
#8730 = CARTESIAN_POINT('',(0.,2.));
#8731 = VECTOR('',#8732,1.);
#8732 = DIRECTION('',(1.,0.));
#8733 = ( GEOMETRIC_REPRESENTATION_CONTEXT(2) 
PARAMETRIC_REPRESENTATION_CONTEXT() REPRESENTATION_CONTEXT('2D SPACE',''
  ) );
#8734 = ORIENTED_EDGE('',*,*,#8735,.F.);
#8735 = EDGE_CURVE('',#8638,#8713,#8736,.T.);
#8736 = SURFACE_CURVE('',#8737,(#8742,#8749),.PCURVE_S1.);
#8737 = CIRCLE('',#8738,2.);
#8738 = AXIS2_PLACEMENT_3D('',#8739,#8740,#8741);
#8739 = CARTESIAN_POINT('',(8.7,-7.935,159.7));
#8740 = DIRECTION('',(-1.,-0.,0.));
#8741 = DIRECTION('',(0.,0.,1.));
#8742 = PCURVE('',#8620,#8743);
#8743 = DEFINITIONAL_REPRESENTATION('',(#8744),#8748);
#8744 = LINE('',#8745,#8746);
#8745 = CARTESIAN_POINT('',(4.712388980385,17.4));
#8746 = VECTOR('',#8747,1.);
#8747 = DIRECTION('',(-1.,0.));
#8748 = ( GEOMETRIC_REPRESENTATION_CONTEXT(2) 
PARAMETRIC_REPRESENTATION_CONTEXT() REPRESENTATION_CONTEXT('2D SPACE',''
  ) );
#8749 = PCURVE('',#8653,#8750);
#8750 = DEFINITIONAL_REPRESENTATION('',(#8751),#8759);
#8751 = ( BOUNDED_CURVE() B_SPLINE_CURVE(2,(#8752,#8753,#8754,#8755,
#8756,#8757,#8758),.UNSPECIFIED.,.T.,.F.) B_SPLINE_CURVE_WITH_KNOTS((1,2
    ,2,2,2,1),(-2.094395102393,0.,2.094395102393,4.188790204786,
6.28318530718,8.377580409573),.UNSPECIFIED.) CURVE() 
GEOMETRIC_REPRESENTATION_ITEM() RATIONAL_B_SPLINE_CURVE((1.,0.5,1.,0.5,
1.,0.5,1.)) REPRESENTATION_ITEM('') );
#8752 = CARTESIAN_POINT('',(2.75,-2.));
#8753 = CARTESIAN_POINT('',(2.75,-5.464101615138));
#8754 = CARTESIAN_POINT('',(-0.25,-3.732050807569));
#8755 = CARTESIAN_POINT('',(-3.25,-2.));
#8756 = CARTESIAN_POINT('',(-0.25,-0.267949192431));
#8757 = CARTESIAN_POINT('',(2.75,1.464101615138));
#8758 = CARTESIAN_POINT('',(2.75,-2.));
#8759 = ( GEOMETRIC_REPRESENTATION_CONTEXT(2) 
PARAMETRIC_REPRESENTATION_CONTEXT() REPRESENTATION_CONTEXT('2D SPACE',''
  ) );
#8760 = ORIENTED_EDGE('',*,*,#8687,.F.);
#8761 = ADVANCED_FACE('',(#8762,#9094),#8504,.T.);
#8762 = FACE_BOUND('',#8763,.T.);
#8763 = EDGE_LOOP('',(#8764,#8794,#8822,#8850,#8876,#8902,#8928,#8956,
    #8984,#9012,#9040,#9068));
#8764 = ORIENTED_EDGE('',*,*,#8765,.F.);
#8765 = EDGE_CURVE('',#8766,#8768,#8770,.T.);
#8766 = VERTEX_POINT('',#8767);
#8767 = CARTESIAN_POINT('',(-11.2,-10.435,158.95));
#8768 = VERTEX_POINT('',#8769);
#8769 = CARTESIAN_POINT('',(-11.2,10.435,158.95));
#8770 = SURFACE_CURVE('',#8771,(#8775,#8782),.PCURVE_S1.);
#8771 = LINE('',#8772,#8773);
#8772 = CARTESIAN_POINT('',(-11.2,-12.435,158.95));
#8773 = VECTOR('',#8774,1.);
#8774 = DIRECTION('',(-0.,1.,0.));
#8775 = PCURVE('',#8504,#8776);
#8776 = DEFINITIONAL_REPRESENTATION('',(#8777),#8781);
#8777 = LINE('',#8778,#8779);
#8778 = CARTESIAN_POINT('',(0.,0.));
#8779 = VECTOR('',#8780,1.);
#8780 = DIRECTION('',(0.,1.));
#8781 = ( GEOMETRIC_REPRESENTATION_CONTEXT(2) 
PARAMETRIC_REPRESENTATION_CONTEXT() REPRESENTATION_CONTEXT('2D SPACE',''
  ) );
#8782 = PCURVE('',#8783,#8788);
#8783 = PLANE('',#8784);
#8784 = AXIS2_PLACEMENT_3D('',#8785,#8786,#8787);
#8785 = CARTESIAN_POINT('',(-11.2,-12.435,147.7));
#8786 = DIRECTION('',(1.,0.,-0.));
#8787 = DIRECTION('',(0.,0.,1.));
#8788 = DEFINITIONAL_REPRESENTATION('',(#8789),#8793);
#8789 = LINE('',#8790,#8791);
#8790 = CARTESIAN_POINT('',(11.25,0.));
#8791 = VECTOR('',#8792,1.);
#8792 = DIRECTION('',(0.,-1.));
#8793 = ( GEOMETRIC_REPRESENTATION_CONTEXT(2) 
PARAMETRIC_REPRESENTATION_CONTEXT() REPRESENTATION_CONTEXT('2D SPACE',''
  ) );
#8794 = ORIENTED_EDGE('',*,*,#8795,.T.);
#8795 = EDGE_CURVE('',#8766,#8796,#8798,.T.);
#8796 = VERTEX_POINT('',#8797);
#8797 = CARTESIAN_POINT('',(-9.2,-12.435,158.95));
#8798 = SURFACE_CURVE('',#8799,(#8803,#8810),.PCURVE_S1.);
#8799 = LINE('',#8800,#8801);
#8800 = CARTESIAN_POINT('',(-10.2,-11.435,158.95));
#8801 = VECTOR('',#8802,1.);
#8802 = DIRECTION('',(0.707106781187,-0.707106781187,0.));
#8803 = PCURVE('',#8504,#8804);
#8804 = DEFINITIONAL_REPRESENTATION('',(#8805),#8809);
#8805 = LINE('',#8806,#8807);
#8806 = CARTESIAN_POINT('',(1.,1.));
#8807 = VECTOR('',#8808,1.);
#8808 = DIRECTION('',(0.707106781187,-0.707106781187));
#8809 = ( GEOMETRIC_REPRESENTATION_CONTEXT(2) 
PARAMETRIC_REPRESENTATION_CONTEXT() REPRESENTATION_CONTEXT('2D SPACE',''
  ) );
#8810 = PCURVE('',#8811,#8816);
#8811 = PLANE('',#8812);
#8812 = AXIS2_PLACEMENT_3D('',#8813,#8814,#8815);
#8813 = CARTESIAN_POINT('',(-10.2,-11.435,147.7));
#8814 = DIRECTION('',(-0.707106781187,-0.707106781187,0.));
#8815 = DIRECTION('',(-0.,-0.,-1.));
#8816 = DEFINITIONAL_REPRESENTATION('',(#8817),#8821);
#8817 = LINE('',#8818,#8819);
#8818 = CARTESIAN_POINT('',(-11.25,0.));
#8819 = VECTOR('',#8820,1.);
#8820 = DIRECTION('',(-0.,1.));
#8821 = ( GEOMETRIC_REPRESENTATION_CONTEXT(2) 
PARAMETRIC_REPRESENTATION_CONTEXT() REPRESENTATION_CONTEXT('2D SPACE',''
  ) );
#8822 = ORIENTED_EDGE('',*,*,#8823,.T.);
#8823 = EDGE_CURVE('',#8796,#8824,#8826,.T.);
#8824 = VERTEX_POINT('',#8825);
#8825 = CARTESIAN_POINT('',(-3.2,-12.435,158.95));
#8826 = SURFACE_CURVE('',#8827,(#8831,#8838),.PCURVE_S1.);
#8827 = LINE('',#8828,#8829);
#8828 = CARTESIAN_POINT('',(-11.2,-12.435,158.95));
#8829 = VECTOR('',#8830,1.);
#8830 = DIRECTION('',(1.,0.,-0.));
#8831 = PCURVE('',#8504,#8832);
#8832 = DEFINITIONAL_REPRESENTATION('',(#8833),#8837);
#8833 = LINE('',#8834,#8835);
#8834 = CARTESIAN_POINT('',(0.,0.));
#8835 = VECTOR('',#8836,1.);
#8836 = DIRECTION('',(1.,0.));
#8837 = ( GEOMETRIC_REPRESENTATION_CONTEXT(2) 
PARAMETRIC_REPRESENTATION_CONTEXT() REPRESENTATION_CONTEXT('2D SPACE',''
  ) );
#8838 = PCURVE('',#8839,#8844);
#8839 = PLANE('',#8840);
#8840 = AXIS2_PLACEMENT_3D('',#8841,#8842,#8843);
#8841 = CARTESIAN_POINT('',(-11.2,-12.435,147.7));
#8842 = DIRECTION('',(-0.,1.,0.));
#8843 = DIRECTION('',(0.,0.,1.));
#8844 = DEFINITIONAL_REPRESENTATION('',(#8845),#8849);
#8845 = LINE('',#8846,#8847);
#8846 = CARTESIAN_POINT('',(11.25,0.));
#8847 = VECTOR('',#8848,1.);
#8848 = DIRECTION('',(0.,1.));
#8849 = ( GEOMETRIC_REPRESENTATION_CONTEXT(2) 
PARAMETRIC_REPRESENTATION_CONTEXT() REPRESENTATION_CONTEXT('2D SPACE',''
  ) );
#8850 = ORIENTED_EDGE('',*,*,#8851,.T.);
#8851 = EDGE_CURVE('',#8824,#8852,#8854,.T.);
#8852 = VERTEX_POINT('',#8853);
#8853 = CARTESIAN_POINT('',(-3.2,-10.435,158.95));
#8854 = SURFACE_CURVE('',#8855,(#8859,#8865),.PCURVE_S1.);
#8855 = LINE('',#8856,#8857);
#8856 = CARTESIAN_POINT('',(-3.2,-13.435,158.95));
#8857 = VECTOR('',#8858,1.);
#8858 = DIRECTION('',(-0.,1.,0.));
#8859 = PCURVE('',#8504,#8860);
#8860 = DEFINITIONAL_REPRESENTATION('',(#8861),#8864);
#8861 = B_SPLINE_CURVE_WITH_KNOTS('',1,(#8862,#8863),.UNSPECIFIED.,.F.,
  .F.,(2,2),(1.,3.),.PIECEWISE_BEZIER_KNOTS.);
#8862 = CARTESIAN_POINT('',(8.,-2.22044604925E-16));
#8863 = CARTESIAN_POINT('',(8.,2.));
#8864 = ( GEOMETRIC_REPRESENTATION_CONTEXT(2) 
PARAMETRIC_REPRESENTATION_CONTEXT() REPRESENTATION_CONTEXT('2D SPACE',''
  ) );
#8865 = PCURVE('',#8866,#8871);
#8866 = PLANE('',#8867);
#8867 = AXIS2_PLACEMENT_3D('',#8868,#8869,#8870);
#8868 = CARTESIAN_POINT('',(-3.2,-14.435,147.7));
#8869 = DIRECTION('',(1.,0.,-0.));
#8870 = DIRECTION('',(0.,0.,1.));
#8871 = DEFINITIONAL_REPRESENTATION('',(#8872),#8875);
#8872 = B_SPLINE_CURVE_WITH_KNOTS('',1,(#8873,#8874),.UNSPECIFIED.,.F.,
  .F.,(2,2),(1.,3.),.PIECEWISE_BEZIER_KNOTS.);
#8873 = CARTESIAN_POINT('',(11.25,-2.));
#8874 = CARTESIAN_POINT('',(11.25,-4.));
#8875 = ( GEOMETRIC_REPRESENTATION_CONTEXT(2) 
PARAMETRIC_REPRESENTATION_CONTEXT() REPRESENTATION_CONTEXT('2D SPACE',''
  ) );
#8876 = ORIENTED_EDGE('',*,*,#8877,.F.);
#8877 = EDGE_CURVE('',#8878,#8852,#8880,.T.);
#8878 = VERTEX_POINT('',#8879);
#8879 = CARTESIAN_POINT('',(3.2,-10.435,158.95));
#8880 = SURFACE_CURVE('',#8881,(#8885,#8891),.PCURVE_S1.);
#8881 = LINE('',#8882,#8883);
#8882 = CARTESIAN_POINT('',(-7.2,-10.435,158.95));
#8883 = VECTOR('',#8884,1.);
#8884 = DIRECTION('',(-1.,-0.,0.));
#8885 = PCURVE('',#8504,#8886);
#8886 = DEFINITIONAL_REPRESENTATION('',(#8887),#8890);
#8887 = B_SPLINE_CURVE_WITH_KNOTS('',1,(#8888,#8889),.UNSPECIFIED.,.F.,
  .F.,(2,2),(-10.4,-4.),.PIECEWISE_BEZIER_KNOTS.);
#8888 = CARTESIAN_POINT('',(14.4,2.));
#8889 = CARTESIAN_POINT('',(8.,2.));
#8890 = ( GEOMETRIC_REPRESENTATION_CONTEXT(2) 
PARAMETRIC_REPRESENTATION_CONTEXT() REPRESENTATION_CONTEXT('2D SPACE',''
  ) );
#8891 = PCURVE('',#8892,#8897);
#8892 = PLANE('',#8893);
#8893 = AXIS2_PLACEMENT_3D('',#8894,#8895,#8896);
#8894 = CARTESIAN_POINT('',(-3.2,-10.435,147.7));
#8895 = DIRECTION('',(-0.,1.,0.));
#8896 = DIRECTION('',(0.,0.,1.));
#8897 = DEFINITIONAL_REPRESENTATION('',(#8898),#8901);
#8898 = B_SPLINE_CURVE_WITH_KNOTS('',1,(#8899,#8900),.UNSPECIFIED.,.F.,
  .F.,(2,2),(-10.4,-4.),.PIECEWISE_BEZIER_KNOTS.);
#8899 = CARTESIAN_POINT('',(11.25,6.4));
#8900 = CARTESIAN_POINT('',(11.25,0.));
#8901 = ( GEOMETRIC_REPRESENTATION_CONTEXT(2) 
PARAMETRIC_REPRESENTATION_CONTEXT() REPRESENTATION_CONTEXT('2D SPACE',''
  ) );
#8902 = ORIENTED_EDGE('',*,*,#8903,.F.);
#8903 = EDGE_CURVE('',#8904,#8878,#8906,.T.);
#8904 = VERTEX_POINT('',#8905);
#8905 = CARTESIAN_POINT('',(3.2,-12.435,158.95));
#8906 = SURFACE_CURVE('',#8907,(#8911,#8917),.PCURVE_S1.);
#8907 = LINE('',#8908,#8909);
#8908 = CARTESIAN_POINT('',(3.2,-13.435,158.95));
#8909 = VECTOR('',#8910,1.);
#8910 = DIRECTION('',(-0.,1.,0.));
#8911 = PCURVE('',#8504,#8912);
#8912 = DEFINITIONAL_REPRESENTATION('',(#8913),#8916);
#8913 = B_SPLINE_CURVE_WITH_KNOTS('',1,(#8914,#8915),.UNSPECIFIED.,.F.,
  .F.,(2,2),(1.,3.),.PIECEWISE_BEZIER_KNOTS.);
#8914 = CARTESIAN_POINT('',(14.4,-2.22044604925E-16));
#8915 = CARTESIAN_POINT('',(14.4,2.));
#8916 = ( GEOMETRIC_REPRESENTATION_CONTEXT(2) 
PARAMETRIC_REPRESENTATION_CONTEXT() REPRESENTATION_CONTEXT('2D SPACE',''
  ) );
#8917 = PCURVE('',#8918,#8923);
#8918 = PLANE('',#8919);
#8919 = AXIS2_PLACEMENT_3D('',#8920,#8921,#8922);
#8920 = CARTESIAN_POINT('',(3.2,-14.435,147.7));
#8921 = DIRECTION('',(1.,0.,-0.));
#8922 = DIRECTION('',(0.,0.,1.));
#8923 = DEFINITIONAL_REPRESENTATION('',(#8924),#8927);
#8924 = B_SPLINE_CURVE_WITH_KNOTS('',1,(#8925,#8926),.UNSPECIFIED.,.F.,
  .F.,(2,2),(1.,3.),.PIECEWISE_BEZIER_KNOTS.);
#8925 = CARTESIAN_POINT('',(11.25,-2.));
#8926 = CARTESIAN_POINT('',(11.25,-4.));
#8927 = ( GEOMETRIC_REPRESENTATION_CONTEXT(2) 
PARAMETRIC_REPRESENTATION_CONTEXT() REPRESENTATION_CONTEXT('2D SPACE',''
  ) );
#8928 = ORIENTED_EDGE('',*,*,#8929,.T.);
#8929 = EDGE_CURVE('',#8904,#8930,#8932,.T.);
#8930 = VERTEX_POINT('',#8931);
#8931 = CARTESIAN_POINT('',(9.2,-12.435,158.95));
#8932 = SURFACE_CURVE('',#8933,(#8937,#8944),.PCURVE_S1.);
#8933 = LINE('',#8934,#8935);
#8934 = CARTESIAN_POINT('',(-11.2,-12.435,158.95));
#8935 = VECTOR('',#8936,1.);
#8936 = DIRECTION('',(1.,0.,-0.));
#8937 = PCURVE('',#8504,#8938);
#8938 = DEFINITIONAL_REPRESENTATION('',(#8939),#8943);
#8939 = LINE('',#8940,#8941);
#8940 = CARTESIAN_POINT('',(0.,0.));
#8941 = VECTOR('',#8942,1.);
#8942 = DIRECTION('',(1.,0.));
#8943 = ( GEOMETRIC_REPRESENTATION_CONTEXT(2) 
PARAMETRIC_REPRESENTATION_CONTEXT() REPRESENTATION_CONTEXT('2D SPACE',''
  ) );
#8944 = PCURVE('',#8945,#8950);
#8945 = PLANE('',#8946);
#8946 = AXIS2_PLACEMENT_3D('',#8947,#8948,#8949);
#8947 = CARTESIAN_POINT('',(-11.2,-12.435,147.7));
#8948 = DIRECTION('',(-0.,1.,0.));
#8949 = DIRECTION('',(0.,0.,1.));
#8950 = DEFINITIONAL_REPRESENTATION('',(#8951),#8955);
#8951 = LINE('',#8952,#8953);
#8952 = CARTESIAN_POINT('',(11.25,0.));
#8953 = VECTOR('',#8954,1.);
#8954 = DIRECTION('',(0.,1.));
#8955 = ( GEOMETRIC_REPRESENTATION_CONTEXT(2) 
PARAMETRIC_REPRESENTATION_CONTEXT() REPRESENTATION_CONTEXT('2D SPACE',''
  ) );
#8956 = ORIENTED_EDGE('',*,*,#8957,.F.);
#8957 = EDGE_CURVE('',#8958,#8930,#8960,.T.);
#8958 = VERTEX_POINT('',#8959);
#8959 = CARTESIAN_POINT('',(11.2,-10.435,158.95));
#8960 = SURFACE_CURVE('',#8961,(#8965,#8972),.PCURVE_S1.);
#8961 = LINE('',#8962,#8963);
#8962 = CARTESIAN_POINT('',(4.6,-17.035,158.95));
#8963 = VECTOR('',#8964,1.);
#8964 = DIRECTION('',(-0.707106781187,-0.707106781187,0.));
#8965 = PCURVE('',#8504,#8966);
#8966 = DEFINITIONAL_REPRESENTATION('',(#8967),#8971);
#8967 = LINE('',#8968,#8969);
#8968 = CARTESIAN_POINT('',(15.8,-4.6));
#8969 = VECTOR('',#8970,1.);
#8970 = DIRECTION('',(-0.707106781187,-0.707106781187));
#8971 = ( GEOMETRIC_REPRESENTATION_CONTEXT(2) 
PARAMETRIC_REPRESENTATION_CONTEXT() REPRESENTATION_CONTEXT('2D SPACE',''
  ) );
#8972 = PCURVE('',#8973,#8978);
#8973 = PLANE('',#8974);
#8974 = AXIS2_PLACEMENT_3D('',#8975,#8976,#8977);
#8975 = CARTESIAN_POINT('',(10.2,-11.435,147.7));
#8976 = DIRECTION('',(-0.707106781187,0.707106781187,0.));
#8977 = DIRECTION('',(-0.,-0.,-1.));
#8978 = DEFINITIONAL_REPRESENTATION('',(#8979),#8983);
#8979 = LINE('',#8980,#8981);
#8980 = CARTESIAN_POINT('',(-11.25,7.919595949289));
#8981 = VECTOR('',#8982,1.);
#8982 = DIRECTION('',(-0.,1.));
#8983 = ( GEOMETRIC_REPRESENTATION_CONTEXT(2) 
PARAMETRIC_REPRESENTATION_CONTEXT() REPRESENTATION_CONTEXT('2D SPACE',''
  ) );
#8984 = ORIENTED_EDGE('',*,*,#8985,.T.);
#8985 = EDGE_CURVE('',#8958,#8986,#8988,.T.);
#8986 = VERTEX_POINT('',#8987);
#8987 = CARTESIAN_POINT('',(11.2,10.435,158.95));
#8988 = SURFACE_CURVE('',#8989,(#8993,#9000),.PCURVE_S1.);
#8989 = LINE('',#8990,#8991);
#8990 = CARTESIAN_POINT('',(11.2,-12.435,158.95));
#8991 = VECTOR('',#8992,1.);
#8992 = DIRECTION('',(-0.,1.,0.));
#8993 = PCURVE('',#8504,#8994);
#8994 = DEFINITIONAL_REPRESENTATION('',(#8995),#8999);
#8995 = LINE('',#8996,#8997);
#8996 = CARTESIAN_POINT('',(22.4,0.));
#8997 = VECTOR('',#8998,1.);
#8998 = DIRECTION('',(0.,1.));
#8999 = ( GEOMETRIC_REPRESENTATION_CONTEXT(2) 
PARAMETRIC_REPRESENTATION_CONTEXT() REPRESENTATION_CONTEXT('2D SPACE',''
  ) );
#9000 = PCURVE('',#9001,#9006);
#9001 = PLANE('',#9002);
#9002 = AXIS2_PLACEMENT_3D('',#9003,#9004,#9005);
#9003 = CARTESIAN_POINT('',(11.2,-12.435,147.7));
#9004 = DIRECTION('',(1.,0.,-0.));
#9005 = DIRECTION('',(0.,0.,1.));
#9006 = DEFINITIONAL_REPRESENTATION('',(#9007),#9011);
#9007 = LINE('',#9008,#9009);
#9008 = CARTESIAN_POINT('',(11.25,0.));
#9009 = VECTOR('',#9010,1.);
#9010 = DIRECTION('',(0.,-1.));
#9011 = ( GEOMETRIC_REPRESENTATION_CONTEXT(2) 
PARAMETRIC_REPRESENTATION_CONTEXT() REPRESENTATION_CONTEXT('2D SPACE',''
  ) );
#9012 = ORIENTED_EDGE('',*,*,#9013,.T.);
#9013 = EDGE_CURVE('',#8986,#9014,#9016,.T.);
#9014 = VERTEX_POINT('',#9015);
#9015 = CARTESIAN_POINT('',(9.2,12.435,158.95));
#9016 = SURFACE_CURVE('',#9017,(#9021,#9028),.PCURVE_S1.);
#9017 = LINE('',#9018,#9019);
#9018 = CARTESIAN_POINT('',(10.8175,10.8175,158.95));
#9019 = VECTOR('',#9020,1.);
#9020 = DIRECTION('',(-0.707106781187,0.707106781187,0.));
#9021 = PCURVE('',#8504,#9022);
#9022 = DEFINITIONAL_REPRESENTATION('',(#9023),#9027);
#9023 = LINE('',#9024,#9025);
#9024 = CARTESIAN_POINT('',(22.0175,23.2525));
#9025 = VECTOR('',#9026,1.);
#9026 = DIRECTION('',(-0.707106781187,0.707106781187));
#9027 = ( GEOMETRIC_REPRESENTATION_CONTEXT(2) 
PARAMETRIC_REPRESENTATION_CONTEXT() REPRESENTATION_CONTEXT('2D SPACE',''
  ) );
#9028 = PCURVE('',#9029,#9034);
#9029 = PLANE('',#9030);
#9030 = AXIS2_PLACEMENT_3D('',#9031,#9032,#9033);
#9031 = CARTESIAN_POINT('',(10.2,11.435,147.7));
#9032 = DIRECTION('',(0.707106781187,0.707106781187,0.));
#9033 = DIRECTION('',(-0.,0.,-1.));
#9034 = DEFINITIONAL_REPRESENTATION('',(#9035),#9039);
#9035 = LINE('',#9036,#9037);
#9036 = CARTESIAN_POINT('',(-11.25,-0.873276874765));
#9037 = VECTOR('',#9038,1.);
#9038 = DIRECTION('',(-0.,1.));
#9039 = ( GEOMETRIC_REPRESENTATION_CONTEXT(2) 
PARAMETRIC_REPRESENTATION_CONTEXT() REPRESENTATION_CONTEXT('2D SPACE',''
  ) );
#9040 = ORIENTED_EDGE('',*,*,#9041,.F.);
#9041 = EDGE_CURVE('',#9042,#9014,#9044,.T.);
#9042 = VERTEX_POINT('',#9043);
#9043 = CARTESIAN_POINT('',(-9.2,12.435,158.95));
#9044 = SURFACE_CURVE('',#9045,(#9049,#9056),.PCURVE_S1.);
#9045 = LINE('',#9046,#9047);
#9046 = CARTESIAN_POINT('',(-11.2,12.435,158.95));
#9047 = VECTOR('',#9048,1.);
#9048 = DIRECTION('',(1.,0.,-0.));
#9049 = PCURVE('',#8504,#9050);
#9050 = DEFINITIONAL_REPRESENTATION('',(#9051),#9055);
#9051 = LINE('',#9052,#9053);
#9052 = CARTESIAN_POINT('',(0.,24.87));
#9053 = VECTOR('',#9054,1.);
#9054 = DIRECTION('',(1.,0.));
#9055 = ( GEOMETRIC_REPRESENTATION_CONTEXT(2) 
PARAMETRIC_REPRESENTATION_CONTEXT() REPRESENTATION_CONTEXT('2D SPACE',''
  ) );
#9056 = PCURVE('',#9057,#9062);
#9057 = PLANE('',#9058);
#9058 = AXIS2_PLACEMENT_3D('',#9059,#9060,#9061);
#9059 = CARTESIAN_POINT('',(-11.2,12.435,147.7));
#9060 = DIRECTION('',(-0.,1.,0.));
#9061 = DIRECTION('',(0.,0.,1.));
#9062 = DEFINITIONAL_REPRESENTATION('',(#9063),#9067);
#9063 = LINE('',#9064,#9065);
#9064 = CARTESIAN_POINT('',(11.25,0.));
#9065 = VECTOR('',#9066,1.);
#9066 = DIRECTION('',(0.,1.));
#9067 = ( GEOMETRIC_REPRESENTATION_CONTEXT(2) 
PARAMETRIC_REPRESENTATION_CONTEXT() REPRESENTATION_CONTEXT('2D SPACE',''
  ) );
#9068 = ORIENTED_EDGE('',*,*,#9069,.F.);
#9069 = EDGE_CURVE('',#8768,#9042,#9070,.T.);
#9070 = SURFACE_CURVE('',#9071,(#9075,#9082),.PCURVE_S1.);
#9071 = LINE('',#9072,#9073);
#9072 = CARTESIAN_POINT('',(-16.4175,5.2175,158.95));
#9073 = VECTOR('',#9074,1.);
#9074 = DIRECTION('',(0.707106781187,0.707106781187,-0.));
#9075 = PCURVE('',#8504,#9076);
#9076 = DEFINITIONAL_REPRESENTATION('',(#9077),#9081);
#9077 = LINE('',#9078,#9079);
#9078 = CARTESIAN_POINT('',(-5.2175,17.6525));
#9079 = VECTOR('',#9080,1.);
#9080 = DIRECTION('',(0.707106781187,0.707106781187));
#9081 = ( GEOMETRIC_REPRESENTATION_CONTEXT(2) 
PARAMETRIC_REPRESENTATION_CONTEXT() REPRESENTATION_CONTEXT('2D SPACE',''
  ) );
#9082 = PCURVE('',#9083,#9088);
#9083 = PLANE('',#9084);
#9084 = AXIS2_PLACEMENT_3D('',#9085,#9086,#9087);
#9085 = CARTESIAN_POINT('',(-10.2,11.435,147.7));
#9086 = DIRECTION('',(0.707106781187,-0.707106781187,0.));
#9087 = DIRECTION('',(-0.,-0.,-1.));
#9088 = DEFINITIONAL_REPRESENTATION('',(#9089),#9093);
#9089 = LINE('',#9090,#9091);
#9090 = CARTESIAN_POINT('',(-11.25,-8.792872824055));
#9091 = VECTOR('',#9092,1.);
#9092 = DIRECTION('',(-0.,1.));
#9093 = ( GEOMETRIC_REPRESENTATION_CONTEXT(2) 
PARAMETRIC_REPRESENTATION_CONTEXT() REPRESENTATION_CONTEXT('2D SPACE',''
  ) );
#9094 = FACE_BOUND('',#9095,.T.);
#9095 = EDGE_LOOP('',(#9096,#9097,#9120,#9141));
#9096 = ORIENTED_EDGE('',*,*,#8488,.T.);
#9097 = ORIENTED_EDGE('',*,*,#9098,.T.);
#9098 = EDGE_CURVE('',#8489,#9099,#9101,.T.);
#9099 = VERTEX_POINT('',#9100);
#9100 = CARTESIAN_POINT('',(8.7,9.935,158.95));
#9101 = SURFACE_CURVE('',#9102,(#9106,#9113),.PCURVE_S1.);
#9102 = LINE('',#9103,#9104);
#9103 = CARTESIAN_POINT('',(-8.7,9.935,158.95));
#9104 = VECTOR('',#9105,1.);
#9105 = DIRECTION('',(1.,0.,-0.));
#9106 = PCURVE('',#8504,#9107);
#9107 = DEFINITIONAL_REPRESENTATION('',(#9108),#9112);
#9108 = LINE('',#9109,#9110);
#9109 = CARTESIAN_POINT('',(2.5,22.37));
#9110 = VECTOR('',#9111,1.);
#9111 = DIRECTION('',(1.,0.));
#9112 = ( GEOMETRIC_REPRESENTATION_CONTEXT(2) 
PARAMETRIC_REPRESENTATION_CONTEXT() REPRESENTATION_CONTEXT('2D SPACE',''
  ) );
#9113 = PCURVE('',#8532,#9114);
#9114 = DEFINITIONAL_REPRESENTATION('',(#9115),#9119);
#9115 = LINE('',#9116,#9117);
#9116 = CARTESIAN_POINT('',(0.,0.));
#9117 = VECTOR('',#9118,1.);
#9118 = DIRECTION('',(0.,1.));
#9119 = ( GEOMETRIC_REPRESENTATION_CONTEXT(2) 
PARAMETRIC_REPRESENTATION_CONTEXT() REPRESENTATION_CONTEXT('2D SPACE',''
  ) );
#9120 = ORIENTED_EDGE('',*,*,#9121,.F.);
#9121 = EDGE_CURVE('',#8636,#9099,#9122,.T.);
#9122 = SURFACE_CURVE('',#9123,(#9127,#9134),.PCURVE_S1.);
#9123 = LINE('',#9124,#9125);
#9124 = CARTESIAN_POINT('',(8.7,-9.935,158.95));
#9125 = VECTOR('',#9126,1.);
#9126 = DIRECTION('',(-0.,1.,0.));
#9127 = PCURVE('',#8504,#9128);
#9128 = DEFINITIONAL_REPRESENTATION('',(#9129),#9133);
#9129 = LINE('',#9130,#9131);
#9130 = CARTESIAN_POINT('',(19.9,2.5));
#9131 = VECTOR('',#9132,1.);
#9132 = DIRECTION('',(0.,1.));
#9133 = ( GEOMETRIC_REPRESENTATION_CONTEXT(2) 
PARAMETRIC_REPRESENTATION_CONTEXT() REPRESENTATION_CONTEXT('2D SPACE',''
  ) );
#9134 = PCURVE('',#8653,#9135);
#9135 = DEFINITIONAL_REPRESENTATION('',(#9136),#9140);
#9136 = LINE('',#9137,#9138);
#9137 = CARTESIAN_POINT('',(0.,0.));
#9138 = VECTOR('',#9139,1.);
#9139 = DIRECTION('',(0.,-1.));
#9140 = ( GEOMETRIC_REPRESENTATION_CONTEXT(2) 
PARAMETRIC_REPRESENTATION_CONTEXT() REPRESENTATION_CONTEXT('2D SPACE',''
  ) );
#9141 = ORIENTED_EDGE('',*,*,#8665,.F.);
#9142 = ADVANCED_FACE('',(#9143),#8589,.T.);
#9143 = FACE_BOUND('',#9144,.T.);
#9144 = EDGE_LOOP('',(#9145,#9146,#9147,#9170));
#9145 = ORIENTED_EDGE('',*,*,#8573,.F.);
#9146 = ORIENTED_EDGE('',*,*,#8712,.T.);
#9147 = ORIENTED_EDGE('',*,*,#9148,.T.);
#9148 = EDGE_CURVE('',#8713,#9149,#9151,.T.);
#9149 = VERTEX_POINT('',#9150);
#9150 = CARTESIAN_POINT('',(8.7,7.935,161.7));
#9151 = SURFACE_CURVE('',#9152,(#9156,#9163),.PCURVE_S1.);
#9152 = LINE('',#9153,#9154);
#9153 = CARTESIAN_POINT('',(8.7,-9.935,161.7));
#9154 = VECTOR('',#9155,1.);
#9155 = DIRECTION('',(-0.,1.,0.));
#9156 = PCURVE('',#8589,#9157);
#9157 = DEFINITIONAL_REPRESENTATION('',(#9158),#9162);
#9158 = LINE('',#9159,#9160);
#9159 = CARTESIAN_POINT('',(17.4,0.));
#9160 = VECTOR('',#9161,1.);
#9161 = DIRECTION('',(0.,1.));
#9162 = ( GEOMETRIC_REPRESENTATION_CONTEXT(2) 
PARAMETRIC_REPRESENTATION_CONTEXT() REPRESENTATION_CONTEXT('2D SPACE',''
  ) );
#9163 = PCURVE('',#8653,#9164);
#9164 = DEFINITIONAL_REPRESENTATION('',(#9165),#9169);
#9165 = LINE('',#9166,#9167);
#9166 = CARTESIAN_POINT('',(2.75,0.));
#9167 = VECTOR('',#9168,1.);
#9168 = DIRECTION('',(0.,-1.));
#9169 = ( GEOMETRIC_REPRESENTATION_CONTEXT(2) 
PARAMETRIC_REPRESENTATION_CONTEXT() REPRESENTATION_CONTEXT('2D SPACE',''
  ) );
#9170 = ORIENTED_EDGE('',*,*,#9171,.F.);
#9171 = EDGE_CURVE('',#8545,#9149,#9172,.T.);
#9172 = SURFACE_CURVE('',#9173,(#9177,#9184),.PCURVE_S1.);
#9173 = LINE('',#9174,#9175);
#9174 = CARTESIAN_POINT('',(-8.7,7.935,161.7));
#9175 = VECTOR('',#9176,1.);
#9176 = DIRECTION('',(1.,0.,-0.));
#9177 = PCURVE('',#8589,#9178);
#9178 = DEFINITIONAL_REPRESENTATION('',(#9179),#9183);
#9179 = LINE('',#9180,#9181);
#9180 = CARTESIAN_POINT('',(0.,17.87));
#9181 = VECTOR('',#9182,1.);
#9182 = DIRECTION('',(1.,0.));
#9183 = ( GEOMETRIC_REPRESENTATION_CONTEXT(2) 
PARAMETRIC_REPRESENTATION_CONTEXT() REPRESENTATION_CONTEXT('2D SPACE',''
  ) );
#9184 = PCURVE('',#8561,#9185);
#9185 = DEFINITIONAL_REPRESENTATION('',(#9186),#9190);
#9186 = LINE('',#9187,#9188);
#9187 = CARTESIAN_POINT('',(1.570796326795,0.));
#9188 = VECTOR('',#9189,1.);
#9189 = DIRECTION('',(0.,1.));
#9190 = ( GEOMETRIC_REPRESENTATION_CONTEXT(2) 
PARAMETRIC_REPRESENTATION_CONTEXT() REPRESENTATION_CONTEXT('2D SPACE',''
  ) );
#9191 = ADVANCED_FACE('',(#9192),#8532,.T.);
#9192 = FACE_BOUND('',#9193,.T.);
#9193 = EDGE_LOOP('',(#9194,#9217,#9218,#9219));
#9194 = ORIENTED_EDGE('',*,*,#9195,.F.);
#9195 = EDGE_CURVE('',#9099,#9196,#9198,.T.);
#9196 = VERTEX_POINT('',#9197);
#9197 = CARTESIAN_POINT('',(8.7,9.935,159.7));
#9198 = SURFACE_CURVE('',#9199,(#9203,#9210),.PCURVE_S1.);
#9199 = LINE('',#9200,#9201);
#9200 = CARTESIAN_POINT('',(8.7,9.935,158.95));
#9201 = VECTOR('',#9202,1.);
#9202 = DIRECTION('',(0.,0.,1.));
#9203 = PCURVE('',#8532,#9204);
#9204 = DEFINITIONAL_REPRESENTATION('',(#9205),#9209);
#9205 = LINE('',#9206,#9207);
#9206 = CARTESIAN_POINT('',(0.,17.4));
#9207 = VECTOR('',#9208,1.);
#9208 = DIRECTION('',(1.,0.));
#9209 = ( GEOMETRIC_REPRESENTATION_CONTEXT(2) 
PARAMETRIC_REPRESENTATION_CONTEXT() REPRESENTATION_CONTEXT('2D SPACE',''
  ) );
#9210 = PCURVE('',#8653,#9211);
#9211 = DEFINITIONAL_REPRESENTATION('',(#9212),#9216);
#9212 = LINE('',#9213,#9214);
#9213 = CARTESIAN_POINT('',(0.,-19.87));
#9214 = VECTOR('',#9215,1.);
#9215 = DIRECTION('',(1.,0.));
#9216 = ( GEOMETRIC_REPRESENTATION_CONTEXT(2) 
PARAMETRIC_REPRESENTATION_CONTEXT() REPRESENTATION_CONTEXT('2D SPACE',''
  ) );
#9217 = ORIENTED_EDGE('',*,*,#9098,.F.);
#9218 = ORIENTED_EDGE('',*,*,#8516,.T.);
#9219 = ORIENTED_EDGE('',*,*,#9220,.T.);
#9220 = EDGE_CURVE('',#8517,#9196,#9221,.T.);
#9221 = SURFACE_CURVE('',#9222,(#9226,#9233),.PCURVE_S1.);
#9222 = LINE('',#9223,#9224);
#9223 = CARTESIAN_POINT('',(-8.7,9.935,159.7));
#9224 = VECTOR('',#9225,1.);
#9225 = DIRECTION('',(1.,0.,-0.));
#9226 = PCURVE('',#8532,#9227);
#9227 = DEFINITIONAL_REPRESENTATION('',(#9228),#9232);
#9228 = LINE('',#9229,#9230);
#9229 = CARTESIAN_POINT('',(0.75,0.));
#9230 = VECTOR('',#9231,1.);
#9231 = DIRECTION('',(0.,1.));
#9232 = ( GEOMETRIC_REPRESENTATION_CONTEXT(2) 
PARAMETRIC_REPRESENTATION_CONTEXT() REPRESENTATION_CONTEXT('2D SPACE',''
  ) );
#9233 = PCURVE('',#8561,#9234);
#9234 = DEFINITIONAL_REPRESENTATION('',(#9235),#9239);
#9235 = LINE('',#9236,#9237);
#9236 = CARTESIAN_POINT('',(0.,0.));
#9237 = VECTOR('',#9238,1.);
#9238 = DIRECTION('',(0.,1.));
#9239 = ( GEOMETRIC_REPRESENTATION_CONTEXT(2) 
PARAMETRIC_REPRESENTATION_CONTEXT() REPRESENTATION_CONTEXT('2D SPACE',''
  ) );
#9240 = ADVANCED_FACE('',(#9241),#8561,.T.);
#9241 = FACE_BOUND('',#9242,.T.);
#9242 = EDGE_LOOP('',(#9243,#9244,#9245,#9267));
#9243 = ORIENTED_EDGE('',*,*,#8544,.T.);
#9244 = ORIENTED_EDGE('',*,*,#9171,.T.);
#9245 = ORIENTED_EDGE('',*,*,#9246,.F.);
#9246 = EDGE_CURVE('',#9196,#9149,#9247,.T.);
#9247 = SURFACE_CURVE('',#9248,(#9253,#9260),.PCURVE_S1.);
#9248 = CIRCLE('',#9249,2.);
#9249 = AXIS2_PLACEMENT_3D('',#9250,#9251,#9252);
#9250 = CARTESIAN_POINT('',(8.7,7.935,159.7));
#9251 = DIRECTION('',(1.,0.,-0.));
#9252 = DIRECTION('',(0.,0.,1.));
#9253 = PCURVE('',#8561,#9254);
#9254 = DEFINITIONAL_REPRESENTATION('',(#9255),#9259);
#9255 = LINE('',#9256,#9257);
#9256 = CARTESIAN_POINT('',(-4.712388980385,17.4));
#9257 = VECTOR('',#9258,1.);
#9258 = DIRECTION('',(1.,0.));
#9259 = ( GEOMETRIC_REPRESENTATION_CONTEXT(2) 
PARAMETRIC_REPRESENTATION_CONTEXT() REPRESENTATION_CONTEXT('2D SPACE',''
  ) );
#9260 = PCURVE('',#8653,#9261);
#9261 = DEFINITIONAL_REPRESENTATION('',(#9262),#9266);
#9262 = CIRCLE('',#9263,2.);
#9263 = AXIS2_PLACEMENT_2D('',#9264,#9265);
#9264 = CARTESIAN_POINT('',(0.75,-17.87));
#9265 = DIRECTION('',(1.,0.));
#9266 = ( GEOMETRIC_REPRESENTATION_CONTEXT(2) 
PARAMETRIC_REPRESENTATION_CONTEXT() REPRESENTATION_CONTEXT('2D SPACE',''
  ) );
#9267 = ORIENTED_EDGE('',*,*,#9220,.F.);
#9268 = ADVANCED_FACE('',(#9269),#8653,.T.);
#9269 = FACE_BOUND('',#9270,.T.);
#9270 = EDGE_LOOP('',(#9271,#9272,#9273,#9274,#9275,#9276));
#9271 = ORIENTED_EDGE('',*,*,#8635,.F.);
#9272 = ORIENTED_EDGE('',*,*,#9121,.T.);
#9273 = ORIENTED_EDGE('',*,*,#9195,.T.);
#9274 = ORIENTED_EDGE('',*,*,#9246,.T.);
#9275 = ORIENTED_EDGE('',*,*,#9148,.F.);
#9276 = ORIENTED_EDGE('',*,*,#8735,.F.);
#9277 = ADVANCED_FACE('',(#9278),#8783,.F.);
#9278 = FACE_BOUND('',#9279,.F.);
#9279 = EDGE_LOOP('',(#9280,#9281,#9304,#9332));
#9280 = ORIENTED_EDGE('',*,*,#8765,.F.);
#9281 = ORIENTED_EDGE('',*,*,#9282,.F.);
#9282 = EDGE_CURVE('',#9283,#8766,#9285,.T.);
#9283 = VERTEX_POINT('',#9284);
#9284 = CARTESIAN_POINT('',(-11.2,-10.435,147.7));
#9285 = SURFACE_CURVE('',#9286,(#9290,#9297),.PCURVE_S1.);
#9286 = LINE('',#9287,#9288);
#9287 = CARTESIAN_POINT('',(-11.2,-10.435,147.7));
#9288 = VECTOR('',#9289,1.);
#9289 = DIRECTION('',(0.,0.,1.));
#9290 = PCURVE('',#8783,#9291);
#9291 = DEFINITIONAL_REPRESENTATION('',(#9292),#9296);
#9292 = LINE('',#9293,#9294);
#9293 = CARTESIAN_POINT('',(0.,-2.));
#9294 = VECTOR('',#9295,1.);
#9295 = DIRECTION('',(1.,0.));
#9296 = ( GEOMETRIC_REPRESENTATION_CONTEXT(2) 
PARAMETRIC_REPRESENTATION_CONTEXT() REPRESENTATION_CONTEXT('2D SPACE',''
  ) );
#9297 = PCURVE('',#8811,#9298);
#9298 = DEFINITIONAL_REPRESENTATION('',(#9299),#9303);
#9299 = LINE('',#9300,#9301);
#9300 = CARTESIAN_POINT('',(-0.,-1.414213562373));
#9301 = VECTOR('',#9302,1.);
#9302 = DIRECTION('',(-1.,0.));
#9303 = ( GEOMETRIC_REPRESENTATION_CONTEXT(2) 
PARAMETRIC_REPRESENTATION_CONTEXT() REPRESENTATION_CONTEXT('2D SPACE',''
  ) );
#9304 = ORIENTED_EDGE('',*,*,#9305,.T.);
#9305 = EDGE_CURVE('',#9283,#9306,#9308,.T.);
#9306 = VERTEX_POINT('',#9307);
#9307 = CARTESIAN_POINT('',(-11.2,10.435,147.7));
#9308 = SURFACE_CURVE('',#9309,(#9313,#9320),.PCURVE_S1.);
#9309 = LINE('',#9310,#9311);
#9310 = CARTESIAN_POINT('',(-11.2,-12.435,147.7));
#9311 = VECTOR('',#9312,1.);
#9312 = DIRECTION('',(-0.,1.,0.));
#9313 = PCURVE('',#8783,#9314);
#9314 = DEFINITIONAL_REPRESENTATION('',(#9315),#9319);
#9315 = LINE('',#9316,#9317);
#9316 = CARTESIAN_POINT('',(0.,0.));
#9317 = VECTOR('',#9318,1.);
#9318 = DIRECTION('',(0.,-1.));
#9319 = ( GEOMETRIC_REPRESENTATION_CONTEXT(2) 
PARAMETRIC_REPRESENTATION_CONTEXT() REPRESENTATION_CONTEXT('2D SPACE',''
  ) );
#9320 = PCURVE('',#9321,#9326);
#9321 = PLANE('',#9322);
#9322 = AXIS2_PLACEMENT_3D('',#9323,#9324,#9325);
#9323 = CARTESIAN_POINT('',(-11.2,-12.435,147.7));
#9324 = DIRECTION('',(0.,0.,1.));
#9325 = DIRECTION('',(1.,0.,-0.));
#9326 = DEFINITIONAL_REPRESENTATION('',(#9327),#9331);
#9327 = LINE('',#9328,#9329);
#9328 = CARTESIAN_POINT('',(0.,0.));
#9329 = VECTOR('',#9330,1.);
#9330 = DIRECTION('',(0.,1.));
#9331 = ( GEOMETRIC_REPRESENTATION_CONTEXT(2) 
PARAMETRIC_REPRESENTATION_CONTEXT() REPRESENTATION_CONTEXT('2D SPACE',''
  ) );
#9332 = ORIENTED_EDGE('',*,*,#9333,.T.);
#9333 = EDGE_CURVE('',#9306,#8768,#9334,.T.);
#9334 = SURFACE_CURVE('',#9335,(#9339,#9346),.PCURVE_S1.);
#9335 = LINE('',#9336,#9337);
#9336 = CARTESIAN_POINT('',(-11.2,10.435,147.7));
#9337 = VECTOR('',#9338,1.);
#9338 = DIRECTION('',(0.,0.,1.));
#9339 = PCURVE('',#8783,#9340);
#9340 = DEFINITIONAL_REPRESENTATION('',(#9341),#9345);
#9341 = LINE('',#9342,#9343);
#9342 = CARTESIAN_POINT('',(0.,-22.87));
#9343 = VECTOR('',#9344,1.);
#9344 = DIRECTION('',(1.,0.));
#9345 = ( GEOMETRIC_REPRESENTATION_CONTEXT(2) 
PARAMETRIC_REPRESENTATION_CONTEXT() REPRESENTATION_CONTEXT('2D SPACE',''
  ) );
#9346 = PCURVE('',#9083,#9347);
#9347 = DEFINITIONAL_REPRESENTATION('',(#9348),#9352);
#9348 = LINE('',#9349,#9350);
#9349 = CARTESIAN_POINT('',(-0.,-1.414213562373));
#9350 = VECTOR('',#9351,1.);
#9351 = DIRECTION('',(-1.,0.));
#9352 = ( GEOMETRIC_REPRESENTATION_CONTEXT(2) 
PARAMETRIC_REPRESENTATION_CONTEXT() REPRESENTATION_CONTEXT('2D SPACE',''
  ) );
#9353 = ADVANCED_FACE('',(#9354),#9083,.F.);
#9354 = FACE_BOUND('',#9355,.T.);
#9355 = EDGE_LOOP('',(#9356,#9379,#9380,#9381));
#9356 = ORIENTED_EDGE('',*,*,#9357,.F.);
#9357 = EDGE_CURVE('',#9306,#9358,#9360,.T.);
#9358 = VERTEX_POINT('',#9359);
#9359 = CARTESIAN_POINT('',(-9.2,12.435,147.7));
#9360 = SURFACE_CURVE('',#9361,(#9365,#9372),.PCURVE_S1.);
#9361 = LINE('',#9362,#9363);
#9362 = CARTESIAN_POINT('',(-16.4175,5.2175,147.7));
#9363 = VECTOR('',#9364,1.);
#9364 = DIRECTION('',(0.707106781187,0.707106781187,-0.));
#9365 = PCURVE('',#9083,#9366);
#9366 = DEFINITIONAL_REPRESENTATION('',(#9367),#9371);
#9367 = LINE('',#9368,#9369);
#9368 = CARTESIAN_POINT('',(-0.,-8.792872824055));
#9369 = VECTOR('',#9370,1.);
#9370 = DIRECTION('',(-0.,1.));
#9371 = ( GEOMETRIC_REPRESENTATION_CONTEXT(2) 
PARAMETRIC_REPRESENTATION_CONTEXT() REPRESENTATION_CONTEXT('2D SPACE',''
  ) );
#9372 = PCURVE('',#9321,#9373);
#9373 = DEFINITIONAL_REPRESENTATION('',(#9374),#9378);
#9374 = LINE('',#9375,#9376);
#9375 = CARTESIAN_POINT('',(-5.2175,17.6525));
#9376 = VECTOR('',#9377,1.);
#9377 = DIRECTION('',(0.707106781187,0.707106781187));
#9378 = ( GEOMETRIC_REPRESENTATION_CONTEXT(2) 
PARAMETRIC_REPRESENTATION_CONTEXT() REPRESENTATION_CONTEXT('2D SPACE',''
  ) );
#9379 = ORIENTED_EDGE('',*,*,#9333,.T.);
#9380 = ORIENTED_EDGE('',*,*,#9069,.T.);
#9381 = ORIENTED_EDGE('',*,*,#9382,.F.);
#9382 = EDGE_CURVE('',#9358,#9042,#9383,.T.);
#9383 = SURFACE_CURVE('',#9384,(#9388,#9395),.PCURVE_S1.);
#9384 = LINE('',#9385,#9386);
#9385 = CARTESIAN_POINT('',(-9.2,12.435,147.7));
#9386 = VECTOR('',#9387,1.);
#9387 = DIRECTION('',(0.,0.,1.));
#9388 = PCURVE('',#9083,#9389);
#9389 = DEFINITIONAL_REPRESENTATION('',(#9390),#9394);
#9390 = LINE('',#9391,#9392);
#9391 = CARTESIAN_POINT('',(-0.,1.414213562373));
#9392 = VECTOR('',#9393,1.);
#9393 = DIRECTION('',(-1.,0.));
#9394 = ( GEOMETRIC_REPRESENTATION_CONTEXT(2) 
PARAMETRIC_REPRESENTATION_CONTEXT() REPRESENTATION_CONTEXT('2D SPACE',''
  ) );
#9395 = PCURVE('',#9057,#9396);
#9396 = DEFINITIONAL_REPRESENTATION('',(#9397),#9401);
#9397 = LINE('',#9398,#9399);
#9398 = CARTESIAN_POINT('',(0.,2.));
#9399 = VECTOR('',#9400,1.);
#9400 = DIRECTION('',(1.,0.));
#9401 = ( GEOMETRIC_REPRESENTATION_CONTEXT(2) 
PARAMETRIC_REPRESENTATION_CONTEXT() REPRESENTATION_CONTEXT('2D SPACE',''
  ) );
#9402 = ADVANCED_FACE('',(#9403),#9057,.T.);
#9403 = FACE_BOUND('',#9404,.T.);
#9404 = EDGE_LOOP('',(#9405,#9428,#9429,#9430));
#9405 = ORIENTED_EDGE('',*,*,#9406,.F.);
#9406 = EDGE_CURVE('',#9358,#9407,#9409,.T.);
#9407 = VERTEX_POINT('',#9408);
#9408 = CARTESIAN_POINT('',(9.2,12.435,147.7));
#9409 = SURFACE_CURVE('',#9410,(#9414,#9421),.PCURVE_S1.);
#9410 = LINE('',#9411,#9412);
#9411 = CARTESIAN_POINT('',(-11.2,12.435,147.7));
#9412 = VECTOR('',#9413,1.);
#9413 = DIRECTION('',(1.,0.,-0.));
#9414 = PCURVE('',#9057,#9415);
#9415 = DEFINITIONAL_REPRESENTATION('',(#9416),#9420);
#9416 = LINE('',#9417,#9418);
#9417 = CARTESIAN_POINT('',(0.,0.));
#9418 = VECTOR('',#9419,1.);
#9419 = DIRECTION('',(0.,1.));
#9420 = ( GEOMETRIC_REPRESENTATION_CONTEXT(2) 
PARAMETRIC_REPRESENTATION_CONTEXT() REPRESENTATION_CONTEXT('2D SPACE',''
  ) );
#9421 = PCURVE('',#9321,#9422);
#9422 = DEFINITIONAL_REPRESENTATION('',(#9423),#9427);
#9423 = LINE('',#9424,#9425);
#9424 = CARTESIAN_POINT('',(0.,24.87));
#9425 = VECTOR('',#9426,1.);
#9426 = DIRECTION('',(1.,0.));
#9427 = ( GEOMETRIC_REPRESENTATION_CONTEXT(2) 
PARAMETRIC_REPRESENTATION_CONTEXT() REPRESENTATION_CONTEXT('2D SPACE',''
  ) );
#9428 = ORIENTED_EDGE('',*,*,#9382,.T.);
#9429 = ORIENTED_EDGE('',*,*,#9041,.T.);
#9430 = ORIENTED_EDGE('',*,*,#9431,.F.);
#9431 = EDGE_CURVE('',#9407,#9014,#9432,.T.);
#9432 = SURFACE_CURVE('',#9433,(#9437,#9444),.PCURVE_S1.);
#9433 = LINE('',#9434,#9435);
#9434 = CARTESIAN_POINT('',(9.2,12.435,147.7));
#9435 = VECTOR('',#9436,1.);
#9436 = DIRECTION('',(0.,0.,1.));
#9437 = PCURVE('',#9057,#9438);
#9438 = DEFINITIONAL_REPRESENTATION('',(#9439),#9443);
#9439 = LINE('',#9440,#9441);
#9440 = CARTESIAN_POINT('',(0.,20.4));
#9441 = VECTOR('',#9442,1.);
#9442 = DIRECTION('',(1.,0.));
#9443 = ( GEOMETRIC_REPRESENTATION_CONTEXT(2) 
PARAMETRIC_REPRESENTATION_CONTEXT() REPRESENTATION_CONTEXT('2D SPACE',''
  ) );
#9444 = PCURVE('',#9029,#9445);
#9445 = DEFINITIONAL_REPRESENTATION('',(#9446),#9450);
#9446 = LINE('',#9447,#9448);
#9447 = CARTESIAN_POINT('',(-0.,1.414213562373));
#9448 = VECTOR('',#9449,1.);
#9449 = DIRECTION('',(-1.,0.));
#9450 = ( GEOMETRIC_REPRESENTATION_CONTEXT(2) 
PARAMETRIC_REPRESENTATION_CONTEXT() REPRESENTATION_CONTEXT('2D SPACE',''
  ) );
#9451 = ADVANCED_FACE('',(#9452),#9029,.T.);
#9452 = FACE_BOUND('',#9453,.F.);
#9453 = EDGE_LOOP('',(#9454,#9477,#9498,#9499));
#9454 = ORIENTED_EDGE('',*,*,#9455,.F.);
#9455 = EDGE_CURVE('',#9456,#9407,#9458,.T.);
#9456 = VERTEX_POINT('',#9457);
#9457 = CARTESIAN_POINT('',(11.2,10.435,147.7));
#9458 = SURFACE_CURVE('',#9459,(#9463,#9470),.PCURVE_S1.);
#9459 = LINE('',#9460,#9461);
#9460 = CARTESIAN_POINT('',(10.8175,10.8175,147.7));
#9461 = VECTOR('',#9462,1.);
#9462 = DIRECTION('',(-0.707106781187,0.707106781187,0.));
#9463 = PCURVE('',#9029,#9464);
#9464 = DEFINITIONAL_REPRESENTATION('',(#9465),#9469);
#9465 = LINE('',#9466,#9467);
#9466 = CARTESIAN_POINT('',(-0.,-0.873276874765));
#9467 = VECTOR('',#9468,1.);
#9468 = DIRECTION('',(-0.,1.));
#9469 = ( GEOMETRIC_REPRESENTATION_CONTEXT(2) 
PARAMETRIC_REPRESENTATION_CONTEXT() REPRESENTATION_CONTEXT('2D SPACE',''
  ) );
#9470 = PCURVE('',#9321,#9471);
#9471 = DEFINITIONAL_REPRESENTATION('',(#9472),#9476);
#9472 = LINE('',#9473,#9474);
#9473 = CARTESIAN_POINT('',(22.0175,23.2525));
#9474 = VECTOR('',#9475,1.);
#9475 = DIRECTION('',(-0.707106781187,0.707106781187));
#9476 = ( GEOMETRIC_REPRESENTATION_CONTEXT(2) 
PARAMETRIC_REPRESENTATION_CONTEXT() REPRESENTATION_CONTEXT('2D SPACE',''
  ) );
#9477 = ORIENTED_EDGE('',*,*,#9478,.T.);
#9478 = EDGE_CURVE('',#9456,#8986,#9479,.T.);
#9479 = SURFACE_CURVE('',#9480,(#9484,#9491),.PCURVE_S1.);
#9480 = LINE('',#9481,#9482);
#9481 = CARTESIAN_POINT('',(11.2,10.435,147.7));
#9482 = VECTOR('',#9483,1.);
#9483 = DIRECTION('',(0.,0.,1.));
#9484 = PCURVE('',#9029,#9485);
#9485 = DEFINITIONAL_REPRESENTATION('',(#9486),#9490);
#9486 = LINE('',#9487,#9488);
#9487 = CARTESIAN_POINT('',(-0.,-1.414213562373));
#9488 = VECTOR('',#9489,1.);
#9489 = DIRECTION('',(-1.,0.));
#9490 = ( GEOMETRIC_REPRESENTATION_CONTEXT(2) 
PARAMETRIC_REPRESENTATION_CONTEXT() REPRESENTATION_CONTEXT('2D SPACE',''
  ) );
#9491 = PCURVE('',#9001,#9492);
#9492 = DEFINITIONAL_REPRESENTATION('',(#9493),#9497);
#9493 = LINE('',#9494,#9495);
#9494 = CARTESIAN_POINT('',(0.,-22.87));
#9495 = VECTOR('',#9496,1.);
#9496 = DIRECTION('',(1.,0.));
#9497 = ( GEOMETRIC_REPRESENTATION_CONTEXT(2) 
PARAMETRIC_REPRESENTATION_CONTEXT() REPRESENTATION_CONTEXT('2D SPACE',''
  ) );
#9498 = ORIENTED_EDGE('',*,*,#9013,.T.);
#9499 = ORIENTED_EDGE('',*,*,#9431,.F.);
#9500 = ADVANCED_FACE('',(#9501),#9001,.T.);
#9501 = FACE_BOUND('',#9502,.T.);
#9502 = EDGE_LOOP('',(#9503,#9504,#9527,#9548));
#9503 = ORIENTED_EDGE('',*,*,#8985,.F.);
#9504 = ORIENTED_EDGE('',*,*,#9505,.F.);
#9505 = EDGE_CURVE('',#9506,#8958,#9508,.T.);
#9506 = VERTEX_POINT('',#9507);
#9507 = CARTESIAN_POINT('',(11.2,-10.435,147.7));
#9508 = SURFACE_CURVE('',#9509,(#9513,#9520),.PCURVE_S1.);
#9509 = LINE('',#9510,#9511);
#9510 = CARTESIAN_POINT('',(11.2,-10.435,147.7));
#9511 = VECTOR('',#9512,1.);
#9512 = DIRECTION('',(0.,0.,1.));
#9513 = PCURVE('',#9001,#9514);
#9514 = DEFINITIONAL_REPRESENTATION('',(#9515),#9519);
#9515 = LINE('',#9516,#9517);
#9516 = CARTESIAN_POINT('',(0.,-2.));
#9517 = VECTOR('',#9518,1.);
#9518 = DIRECTION('',(1.,0.));
#9519 = ( GEOMETRIC_REPRESENTATION_CONTEXT(2) 
PARAMETRIC_REPRESENTATION_CONTEXT() REPRESENTATION_CONTEXT('2D SPACE',''
  ) );
#9520 = PCURVE('',#8973,#9521);
#9521 = DEFINITIONAL_REPRESENTATION('',(#9522),#9526);
#9522 = LINE('',#9523,#9524);
#9523 = CARTESIAN_POINT('',(-0.,-1.414213562373));
#9524 = VECTOR('',#9525,1.);
#9525 = DIRECTION('',(-1.,0.));
#9526 = ( GEOMETRIC_REPRESENTATION_CONTEXT(2) 
PARAMETRIC_REPRESENTATION_CONTEXT() REPRESENTATION_CONTEXT('2D SPACE',''
  ) );
#9527 = ORIENTED_EDGE('',*,*,#9528,.T.);
#9528 = EDGE_CURVE('',#9506,#9456,#9529,.T.);
#9529 = SURFACE_CURVE('',#9530,(#9534,#9541),.PCURVE_S1.);
#9530 = LINE('',#9531,#9532);
#9531 = CARTESIAN_POINT('',(11.2,-12.435,147.7));
#9532 = VECTOR('',#9533,1.);
#9533 = DIRECTION('',(-0.,1.,0.));
#9534 = PCURVE('',#9001,#9535);
#9535 = DEFINITIONAL_REPRESENTATION('',(#9536),#9540);
#9536 = LINE('',#9537,#9538);
#9537 = CARTESIAN_POINT('',(0.,0.));
#9538 = VECTOR('',#9539,1.);
#9539 = DIRECTION('',(0.,-1.));
#9540 = ( GEOMETRIC_REPRESENTATION_CONTEXT(2) 
PARAMETRIC_REPRESENTATION_CONTEXT() REPRESENTATION_CONTEXT('2D SPACE',''
  ) );
#9541 = PCURVE('',#9321,#9542);
#9542 = DEFINITIONAL_REPRESENTATION('',(#9543),#9547);
#9543 = LINE('',#9544,#9545);
#9544 = CARTESIAN_POINT('',(22.4,0.));
#9545 = VECTOR('',#9546,1.);
#9546 = DIRECTION('',(0.,1.));
#9547 = ( GEOMETRIC_REPRESENTATION_CONTEXT(2) 
PARAMETRIC_REPRESENTATION_CONTEXT() REPRESENTATION_CONTEXT('2D SPACE',''
  ) );
#9548 = ORIENTED_EDGE('',*,*,#9478,.T.);
#9549 = ADVANCED_FACE('',(#9550),#8973,.F.);
#9550 = FACE_BOUND('',#9551,.T.);
#9551 = EDGE_LOOP('',(#9552,#9575,#9576,#9577));
#9552 = ORIENTED_EDGE('',*,*,#9553,.F.);
#9553 = EDGE_CURVE('',#9506,#9554,#9556,.T.);
#9554 = VERTEX_POINT('',#9555);
#9555 = CARTESIAN_POINT('',(9.2,-12.435,147.7));
#9556 = SURFACE_CURVE('',#9557,(#9561,#9568),.PCURVE_S1.);
#9557 = LINE('',#9558,#9559);
#9558 = CARTESIAN_POINT('',(4.6,-17.035,147.7));
#9559 = VECTOR('',#9560,1.);
#9560 = DIRECTION('',(-0.707106781187,-0.707106781187,0.));
#9561 = PCURVE('',#8973,#9562);
#9562 = DEFINITIONAL_REPRESENTATION('',(#9563),#9567);
#9563 = LINE('',#9564,#9565);
#9564 = CARTESIAN_POINT('',(-0.,7.919595949289));
#9565 = VECTOR('',#9566,1.);
#9566 = DIRECTION('',(-0.,1.));
#9567 = ( GEOMETRIC_REPRESENTATION_CONTEXT(2) 
PARAMETRIC_REPRESENTATION_CONTEXT() REPRESENTATION_CONTEXT('2D SPACE',''
  ) );
#9568 = PCURVE('',#9321,#9569);
#9569 = DEFINITIONAL_REPRESENTATION('',(#9570),#9574);
#9570 = LINE('',#9571,#9572);
#9571 = CARTESIAN_POINT('',(15.8,-4.6));
#9572 = VECTOR('',#9573,1.);
#9573 = DIRECTION('',(-0.707106781187,-0.707106781187));
#9574 = ( GEOMETRIC_REPRESENTATION_CONTEXT(2) 
PARAMETRIC_REPRESENTATION_CONTEXT() REPRESENTATION_CONTEXT('2D SPACE',''
  ) );
#9575 = ORIENTED_EDGE('',*,*,#9505,.T.);
#9576 = ORIENTED_EDGE('',*,*,#8957,.T.);
#9577 = ORIENTED_EDGE('',*,*,#9578,.F.);
#9578 = EDGE_CURVE('',#9554,#8930,#9579,.T.);
#9579 = SURFACE_CURVE('',#9580,(#9584,#9591),.PCURVE_S1.);
#9580 = LINE('',#9581,#9582);
#9581 = CARTESIAN_POINT('',(9.2,-12.435,147.7));
#9582 = VECTOR('',#9583,1.);
#9583 = DIRECTION('',(0.,0.,1.));
#9584 = PCURVE('',#8973,#9585);
#9585 = DEFINITIONAL_REPRESENTATION('',(#9586),#9590);
#9586 = LINE('',#9587,#9588);
#9587 = CARTESIAN_POINT('',(-0.,1.414213562373));
#9588 = VECTOR('',#9589,1.);
#9589 = DIRECTION('',(-1.,0.));
#9590 = ( GEOMETRIC_REPRESENTATION_CONTEXT(2) 
PARAMETRIC_REPRESENTATION_CONTEXT() REPRESENTATION_CONTEXT('2D SPACE',''
  ) );
#9591 = PCURVE('',#8945,#9592);
#9592 = DEFINITIONAL_REPRESENTATION('',(#9593),#9597);
#9593 = LINE('',#9594,#9595);
#9594 = CARTESIAN_POINT('',(0.,20.4));
#9595 = VECTOR('',#9596,1.);
#9596 = DIRECTION('',(1.,0.));
#9597 = ( GEOMETRIC_REPRESENTATION_CONTEXT(2) 
PARAMETRIC_REPRESENTATION_CONTEXT() REPRESENTATION_CONTEXT('2D SPACE',''
  ) );
#9598 = ADVANCED_FACE('',(#9599),#8945,.F.);
#9599 = FACE_BOUND('',#9600,.F.);
#9600 = EDGE_LOOP('',(#9601,#9624,#9643,#9644));
#9601 = ORIENTED_EDGE('',*,*,#9602,.F.);
#9602 = EDGE_CURVE('',#9603,#9554,#9605,.T.);
#9603 = VERTEX_POINT('',#9604);
#9604 = CARTESIAN_POINT('',(3.2,-12.435,147.7));
#9605 = SURFACE_CURVE('',#9606,(#9610,#9617),.PCURVE_S1.);
#9606 = LINE('',#9607,#9608);
#9607 = CARTESIAN_POINT('',(-11.2,-12.435,147.7));
#9608 = VECTOR('',#9609,1.);
#9609 = DIRECTION('',(1.,0.,-0.));
#9610 = PCURVE('',#8945,#9611);
#9611 = DEFINITIONAL_REPRESENTATION('',(#9612),#9616);
#9612 = LINE('',#9613,#9614);
#9613 = CARTESIAN_POINT('',(0.,0.));
#9614 = VECTOR('',#9615,1.);
#9615 = DIRECTION('',(0.,1.));
#9616 = ( GEOMETRIC_REPRESENTATION_CONTEXT(2) 
PARAMETRIC_REPRESENTATION_CONTEXT() REPRESENTATION_CONTEXT('2D SPACE',''
  ) );
#9617 = PCURVE('',#9321,#9618);
#9618 = DEFINITIONAL_REPRESENTATION('',(#9619),#9623);
#9619 = LINE('',#9620,#9621);
#9620 = CARTESIAN_POINT('',(0.,0.));
#9621 = VECTOR('',#9622,1.);
#9622 = DIRECTION('',(1.,0.));
#9623 = ( GEOMETRIC_REPRESENTATION_CONTEXT(2) 
PARAMETRIC_REPRESENTATION_CONTEXT() REPRESENTATION_CONTEXT('2D SPACE',''
  ) );
#9624 = ORIENTED_EDGE('',*,*,#9625,.F.);
#9625 = EDGE_CURVE('',#8904,#9603,#9626,.T.);
#9626 = SURFACE_CURVE('',#9627,(#9631,#9637),.PCURVE_S1.);
#9627 = LINE('',#9628,#9629);
#9628 = CARTESIAN_POINT('',(3.2,-12.435,147.7));
#9629 = VECTOR('',#9630,1.);
#9630 = DIRECTION('',(-0.,0.,-1.));
#9631 = PCURVE('',#8945,#9632);
#9632 = DEFINITIONAL_REPRESENTATION('',(#9633),#9636);
#9633 = B_SPLINE_CURVE_WITH_KNOTS('',1,(#9634,#9635),.UNSPECIFIED.,.F.,
  .F.,(2,2),(-11.25,0.),.PIECEWISE_BEZIER_KNOTS.);
#9634 = CARTESIAN_POINT('',(11.25,14.4));
#9635 = CARTESIAN_POINT('',(0.,14.4));
#9636 = ( GEOMETRIC_REPRESENTATION_CONTEXT(2) 
PARAMETRIC_REPRESENTATION_CONTEXT() REPRESENTATION_CONTEXT('2D SPACE',''
  ) );
#9637 = PCURVE('',#8918,#9638);
#9638 = DEFINITIONAL_REPRESENTATION('',(#9639),#9642);
#9639 = B_SPLINE_CURVE_WITH_KNOTS('',1,(#9640,#9641),.UNSPECIFIED.,.F.,
  .F.,(2,2),(-11.25,0.),.PIECEWISE_BEZIER_KNOTS.);
#9640 = CARTESIAN_POINT('',(11.25,-2.));
#9641 = CARTESIAN_POINT('',(0.,-2.));
#9642 = ( GEOMETRIC_REPRESENTATION_CONTEXT(2) 
PARAMETRIC_REPRESENTATION_CONTEXT() REPRESENTATION_CONTEXT('2D SPACE',''
  ) );
#9643 = ORIENTED_EDGE('',*,*,#8929,.T.);
#9644 = ORIENTED_EDGE('',*,*,#9578,.F.);
#9645 = ADVANCED_FACE('',(#9646),#8918,.F.);
#9646 = FACE_BOUND('',#9647,.F.);
#9647 = EDGE_LOOP('',(#9648,#9649,#9672,#9693));
#9648 = ORIENTED_EDGE('',*,*,#9625,.T.);
#9649 = ORIENTED_EDGE('',*,*,#9650,.T.);
#9650 = EDGE_CURVE('',#9603,#9651,#9653,.T.);
#9651 = VERTEX_POINT('',#9652);
#9652 = CARTESIAN_POINT('',(3.2,-10.435,147.7));
#9653 = SURFACE_CURVE('',#9654,(#9658,#9665),.PCURVE_S1.);
#9654 = LINE('',#9655,#9656);
#9655 = CARTESIAN_POINT('',(3.2,-14.435,147.7));
#9656 = VECTOR('',#9657,1.);
#9657 = DIRECTION('',(-0.,1.,0.));
#9658 = PCURVE('',#8918,#9659);
#9659 = DEFINITIONAL_REPRESENTATION('',(#9660),#9664);
#9660 = LINE('',#9661,#9662);
#9661 = CARTESIAN_POINT('',(0.,0.));
#9662 = VECTOR('',#9663,1.);
#9663 = DIRECTION('',(0.,-1.));
#9664 = ( GEOMETRIC_REPRESENTATION_CONTEXT(2) 
PARAMETRIC_REPRESENTATION_CONTEXT() REPRESENTATION_CONTEXT('2D SPACE',''
  ) );
#9665 = PCURVE('',#9321,#9666);
#9666 = DEFINITIONAL_REPRESENTATION('',(#9667),#9671);
#9667 = LINE('',#9668,#9669);
#9668 = CARTESIAN_POINT('',(14.4,-2.));
#9669 = VECTOR('',#9670,1.);
#9670 = DIRECTION('',(0.,1.));
#9671 = ( GEOMETRIC_REPRESENTATION_CONTEXT(2) 
PARAMETRIC_REPRESENTATION_CONTEXT() REPRESENTATION_CONTEXT('2D SPACE',''
  ) );
#9672 = ORIENTED_EDGE('',*,*,#9673,.T.);
#9673 = EDGE_CURVE('',#9651,#8878,#9674,.T.);
#9674 = SURFACE_CURVE('',#9675,(#9679,#9686),.PCURVE_S1.);
#9675 = LINE('',#9676,#9677);
#9676 = CARTESIAN_POINT('',(3.2,-10.435,147.7));
#9677 = VECTOR('',#9678,1.);
#9678 = DIRECTION('',(0.,0.,1.));
#9679 = PCURVE('',#8918,#9680);
#9680 = DEFINITIONAL_REPRESENTATION('',(#9681),#9685);
#9681 = LINE('',#9682,#9683);
#9682 = CARTESIAN_POINT('',(0.,-4.));
#9683 = VECTOR('',#9684,1.);
#9684 = DIRECTION('',(1.,0.));
#9685 = ( GEOMETRIC_REPRESENTATION_CONTEXT(2) 
PARAMETRIC_REPRESENTATION_CONTEXT() REPRESENTATION_CONTEXT('2D SPACE',''
  ) );
#9686 = PCURVE('',#8892,#9687);
#9687 = DEFINITIONAL_REPRESENTATION('',(#9688),#9692);
#9688 = LINE('',#9689,#9690);
#9689 = CARTESIAN_POINT('',(0.,6.4));
#9690 = VECTOR('',#9691,1.);
#9691 = DIRECTION('',(1.,0.));
#9692 = ( GEOMETRIC_REPRESENTATION_CONTEXT(2) 
PARAMETRIC_REPRESENTATION_CONTEXT() REPRESENTATION_CONTEXT('2D SPACE',''
  ) );
#9693 = ORIENTED_EDGE('',*,*,#8903,.F.);
#9694 = ADVANCED_FACE('',(#9695),#8892,.F.);
#9695 = FACE_BOUND('',#9696,.F.);
#9696 = EDGE_LOOP('',(#9697,#9698,#9721,#9742));
#9697 = ORIENTED_EDGE('',*,*,#9673,.F.);
#9698 = ORIENTED_EDGE('',*,*,#9699,.F.);
#9699 = EDGE_CURVE('',#9700,#9651,#9702,.T.);
#9700 = VERTEX_POINT('',#9701);
#9701 = CARTESIAN_POINT('',(-3.2,-10.435,147.7));
#9702 = SURFACE_CURVE('',#9703,(#9707,#9714),.PCURVE_S1.);
#9703 = LINE('',#9704,#9705);
#9704 = CARTESIAN_POINT('',(-3.2,-10.435,147.7));
#9705 = VECTOR('',#9706,1.);
#9706 = DIRECTION('',(1.,0.,-0.));
#9707 = PCURVE('',#8892,#9708);
#9708 = DEFINITIONAL_REPRESENTATION('',(#9709),#9713);
#9709 = LINE('',#9710,#9711);
#9710 = CARTESIAN_POINT('',(0.,0.));
#9711 = VECTOR('',#9712,1.);
#9712 = DIRECTION('',(0.,1.));
#9713 = ( GEOMETRIC_REPRESENTATION_CONTEXT(2) 
PARAMETRIC_REPRESENTATION_CONTEXT() REPRESENTATION_CONTEXT('2D SPACE',''
  ) );
#9714 = PCURVE('',#9321,#9715);
#9715 = DEFINITIONAL_REPRESENTATION('',(#9716),#9720);
#9716 = LINE('',#9717,#9718);
#9717 = CARTESIAN_POINT('',(8.,2.));
#9718 = VECTOR('',#9719,1.);
#9719 = DIRECTION('',(1.,0.));
#9720 = ( GEOMETRIC_REPRESENTATION_CONTEXT(2) 
PARAMETRIC_REPRESENTATION_CONTEXT() REPRESENTATION_CONTEXT('2D SPACE',''
  ) );
#9721 = ORIENTED_EDGE('',*,*,#9722,.T.);
#9722 = EDGE_CURVE('',#9700,#8852,#9723,.T.);
#9723 = SURFACE_CURVE('',#9724,(#9728,#9735),.PCURVE_S1.);
#9724 = LINE('',#9725,#9726);
#9725 = CARTESIAN_POINT('',(-3.2,-10.435,147.7));
#9726 = VECTOR('',#9727,1.);
#9727 = DIRECTION('',(0.,0.,1.));
#9728 = PCURVE('',#8892,#9729);
#9729 = DEFINITIONAL_REPRESENTATION('',(#9730),#9734);
#9730 = LINE('',#9731,#9732);
#9731 = CARTESIAN_POINT('',(0.,0.));
#9732 = VECTOR('',#9733,1.);
#9733 = DIRECTION('',(1.,0.));
#9734 = ( GEOMETRIC_REPRESENTATION_CONTEXT(2) 
PARAMETRIC_REPRESENTATION_CONTEXT() REPRESENTATION_CONTEXT('2D SPACE',''
  ) );
#9735 = PCURVE('',#8866,#9736);
#9736 = DEFINITIONAL_REPRESENTATION('',(#9737),#9741);
#9737 = LINE('',#9738,#9739);
#9738 = CARTESIAN_POINT('',(0.,-4.));
#9739 = VECTOR('',#9740,1.);
#9740 = DIRECTION('',(1.,0.));
#9741 = ( GEOMETRIC_REPRESENTATION_CONTEXT(2) 
PARAMETRIC_REPRESENTATION_CONTEXT() REPRESENTATION_CONTEXT('2D SPACE',''
  ) );
#9742 = ORIENTED_EDGE('',*,*,#8877,.F.);
#9743 = ADVANCED_FACE('',(#9744),#8866,.T.);
#9744 = FACE_BOUND('',#9745,.T.);
#9745 = EDGE_LOOP('',(#9746,#9767,#9788,#9789));
#9746 = ORIENTED_EDGE('',*,*,#9747,.T.);
#9747 = EDGE_CURVE('',#8824,#9748,#9750,.T.);
#9748 = VERTEX_POINT('',#9749);
#9749 = CARTESIAN_POINT('',(-3.2,-12.435,147.7));
#9750 = SURFACE_CURVE('',#9751,(#9755,#9761),.PCURVE_S1.);
#9751 = LINE('',#9752,#9753);
#9752 = CARTESIAN_POINT('',(-3.2,-12.435,147.7));
#9753 = VECTOR('',#9754,1.);
#9754 = DIRECTION('',(-0.,0.,-1.));
#9755 = PCURVE('',#8866,#9756);
#9756 = DEFINITIONAL_REPRESENTATION('',(#9757),#9760);
#9757 = B_SPLINE_CURVE_WITH_KNOTS('',1,(#9758,#9759),.UNSPECIFIED.,.F.,
  .F.,(2,2),(-11.25,0.),.PIECEWISE_BEZIER_KNOTS.);
#9758 = CARTESIAN_POINT('',(11.25,-2.));
#9759 = CARTESIAN_POINT('',(0.,-2.));
#9760 = ( GEOMETRIC_REPRESENTATION_CONTEXT(2) 
PARAMETRIC_REPRESENTATION_CONTEXT() REPRESENTATION_CONTEXT('2D SPACE',''
  ) );
#9761 = PCURVE('',#8839,#9762);
#9762 = DEFINITIONAL_REPRESENTATION('',(#9763),#9766);
#9763 = B_SPLINE_CURVE_WITH_KNOTS('',1,(#9764,#9765),.UNSPECIFIED.,.F.,
  .F.,(2,2),(-11.25,0.),.PIECEWISE_BEZIER_KNOTS.);
#9764 = CARTESIAN_POINT('',(11.25,8.));
#9765 = CARTESIAN_POINT('',(0.,8.));
#9766 = ( GEOMETRIC_REPRESENTATION_CONTEXT(2) 
PARAMETRIC_REPRESENTATION_CONTEXT() REPRESENTATION_CONTEXT('2D SPACE',''
  ) );
#9767 = ORIENTED_EDGE('',*,*,#9768,.T.);
#9768 = EDGE_CURVE('',#9748,#9700,#9769,.T.);
#9769 = SURFACE_CURVE('',#9770,(#9774,#9781),.PCURVE_S1.);
#9770 = LINE('',#9771,#9772);
#9771 = CARTESIAN_POINT('',(-3.2,-14.435,147.7));
#9772 = VECTOR('',#9773,1.);
#9773 = DIRECTION('',(-0.,1.,0.));
#9774 = PCURVE('',#8866,#9775);
#9775 = DEFINITIONAL_REPRESENTATION('',(#9776),#9780);
#9776 = LINE('',#9777,#9778);
#9777 = CARTESIAN_POINT('',(0.,0.));
#9778 = VECTOR('',#9779,1.);
#9779 = DIRECTION('',(0.,-1.));
#9780 = ( GEOMETRIC_REPRESENTATION_CONTEXT(2) 
PARAMETRIC_REPRESENTATION_CONTEXT() REPRESENTATION_CONTEXT('2D SPACE',''
  ) );
#9781 = PCURVE('',#9321,#9782);
#9782 = DEFINITIONAL_REPRESENTATION('',(#9783),#9787);
#9783 = LINE('',#9784,#9785);
#9784 = CARTESIAN_POINT('',(8.,-2.));
#9785 = VECTOR('',#9786,1.);
#9786 = DIRECTION('',(0.,1.));
#9787 = ( GEOMETRIC_REPRESENTATION_CONTEXT(2) 
PARAMETRIC_REPRESENTATION_CONTEXT() REPRESENTATION_CONTEXT('2D SPACE',''
  ) );
#9788 = ORIENTED_EDGE('',*,*,#9722,.T.);
#9789 = ORIENTED_EDGE('',*,*,#8851,.F.);
#9790 = ADVANCED_FACE('',(#9791),#8839,.F.);
#9791 = FACE_BOUND('',#9792,.F.);
#9792 = EDGE_LOOP('',(#9793,#9816,#9837,#9838));
#9793 = ORIENTED_EDGE('',*,*,#9794,.F.);
#9794 = EDGE_CURVE('',#9795,#9748,#9797,.T.);
#9795 = VERTEX_POINT('',#9796);
#9796 = CARTESIAN_POINT('',(-9.2,-12.435,147.7));
#9797 = SURFACE_CURVE('',#9798,(#9802,#9809),.PCURVE_S1.);
#9798 = LINE('',#9799,#9800);
#9799 = CARTESIAN_POINT('',(-11.2,-12.435,147.7));
#9800 = VECTOR('',#9801,1.);
#9801 = DIRECTION('',(1.,0.,-0.));
#9802 = PCURVE('',#8839,#9803);
#9803 = DEFINITIONAL_REPRESENTATION('',(#9804),#9808);
#9804 = LINE('',#9805,#9806);
#9805 = CARTESIAN_POINT('',(0.,0.));
#9806 = VECTOR('',#9807,1.);
#9807 = DIRECTION('',(0.,1.));
#9808 = ( GEOMETRIC_REPRESENTATION_CONTEXT(2) 
PARAMETRIC_REPRESENTATION_CONTEXT() REPRESENTATION_CONTEXT('2D SPACE',''
  ) );
#9809 = PCURVE('',#9321,#9810);
#9810 = DEFINITIONAL_REPRESENTATION('',(#9811),#9815);
#9811 = LINE('',#9812,#9813);
#9812 = CARTESIAN_POINT('',(0.,0.));
#9813 = VECTOR('',#9814,1.);
#9814 = DIRECTION('',(1.,0.));
#9815 = ( GEOMETRIC_REPRESENTATION_CONTEXT(2) 
PARAMETRIC_REPRESENTATION_CONTEXT() REPRESENTATION_CONTEXT('2D SPACE',''
  ) );
#9816 = ORIENTED_EDGE('',*,*,#9817,.T.);
#9817 = EDGE_CURVE('',#9795,#8796,#9818,.T.);
#9818 = SURFACE_CURVE('',#9819,(#9823,#9830),.PCURVE_S1.);
#9819 = LINE('',#9820,#9821);
#9820 = CARTESIAN_POINT('',(-9.2,-12.435,147.7));
#9821 = VECTOR('',#9822,1.);
#9822 = DIRECTION('',(0.,0.,1.));
#9823 = PCURVE('',#8839,#9824);
#9824 = DEFINITIONAL_REPRESENTATION('',(#9825),#9829);
#9825 = LINE('',#9826,#9827);
#9826 = CARTESIAN_POINT('',(0.,2.));
#9827 = VECTOR('',#9828,1.);
#9828 = DIRECTION('',(1.,0.));
#9829 = ( GEOMETRIC_REPRESENTATION_CONTEXT(2) 
PARAMETRIC_REPRESENTATION_CONTEXT() REPRESENTATION_CONTEXT('2D SPACE',''
  ) );
#9830 = PCURVE('',#8811,#9831);
#9831 = DEFINITIONAL_REPRESENTATION('',(#9832),#9836);
#9832 = LINE('',#9833,#9834);
#9833 = CARTESIAN_POINT('',(-0.,1.414213562373));
#9834 = VECTOR('',#9835,1.);
#9835 = DIRECTION('',(-1.,0.));
#9836 = ( GEOMETRIC_REPRESENTATION_CONTEXT(2) 
PARAMETRIC_REPRESENTATION_CONTEXT() REPRESENTATION_CONTEXT('2D SPACE',''
  ) );
#9837 = ORIENTED_EDGE('',*,*,#8823,.T.);
#9838 = ORIENTED_EDGE('',*,*,#9747,.T.);
#9839 = ADVANCED_FACE('',(#9840),#8811,.T.);
#9840 = FACE_BOUND('',#9841,.F.);
#9841 = EDGE_LOOP('',(#9842,#9863,#9864,#9865));
#9842 = ORIENTED_EDGE('',*,*,#9843,.F.);
#9843 = EDGE_CURVE('',#9283,#9795,#9844,.T.);
#9844 = SURFACE_CURVE('',#9845,(#9849,#9856),.PCURVE_S1.);
#9845 = LINE('',#9846,#9847);
#9846 = CARTESIAN_POINT('',(-10.2,-11.435,147.7));
#9847 = VECTOR('',#9848,1.);
#9848 = DIRECTION('',(0.707106781187,-0.707106781187,0.));
#9849 = PCURVE('',#8811,#9850);
#9850 = DEFINITIONAL_REPRESENTATION('',(#9851),#9855);
#9851 = LINE('',#9852,#9853);
#9852 = CARTESIAN_POINT('',(-0.,0.));
#9853 = VECTOR('',#9854,1.);
#9854 = DIRECTION('',(-0.,1.));
#9855 = ( GEOMETRIC_REPRESENTATION_CONTEXT(2) 
PARAMETRIC_REPRESENTATION_CONTEXT() REPRESENTATION_CONTEXT('2D SPACE',''
  ) );
#9856 = PCURVE('',#9321,#9857);
#9857 = DEFINITIONAL_REPRESENTATION('',(#9858),#9862);
#9858 = LINE('',#9859,#9860);
#9859 = CARTESIAN_POINT('',(1.,1.));
#9860 = VECTOR('',#9861,1.);
#9861 = DIRECTION('',(0.707106781187,-0.707106781187));
#9862 = ( GEOMETRIC_REPRESENTATION_CONTEXT(2) 
PARAMETRIC_REPRESENTATION_CONTEXT() REPRESENTATION_CONTEXT('2D SPACE',''
  ) );
#9863 = ORIENTED_EDGE('',*,*,#9282,.T.);
#9864 = ORIENTED_EDGE('',*,*,#8795,.T.);
#9865 = ORIENTED_EDGE('',*,*,#9817,.F.);
#9866 = ADVANCED_FACE('',(#9867,#9881),#9321,.F.);
#9867 = FACE_BOUND('',#9868,.F.);
#9868 = EDGE_LOOP('',(#9869,#9870,#9871,#9872,#9873,#9874,#9875,#9876,
    #9877,#9878,#9879,#9880));
#9869 = ORIENTED_EDGE('',*,*,#9305,.F.);
#9870 = ORIENTED_EDGE('',*,*,#9843,.T.);
#9871 = ORIENTED_EDGE('',*,*,#9794,.T.);
#9872 = ORIENTED_EDGE('',*,*,#9768,.T.);
#9873 = ORIENTED_EDGE('',*,*,#9699,.T.);
#9874 = ORIENTED_EDGE('',*,*,#9650,.F.);
#9875 = ORIENTED_EDGE('',*,*,#9602,.T.);
#9876 = ORIENTED_EDGE('',*,*,#9553,.F.);
#9877 = ORIENTED_EDGE('',*,*,#9528,.T.);
#9878 = ORIENTED_EDGE('',*,*,#9455,.T.);
#9879 = ORIENTED_EDGE('',*,*,#9406,.F.);
#9880 = ORIENTED_EDGE('',*,*,#9357,.F.);
#9881 = FACE_BOUND('',#9882,.F.);
#9882 = EDGE_LOOP('',(#9883,#9914,#9940,#9966,#9992,#10016,#10042,#10068
    ));
#9883 = ORIENTED_EDGE('',*,*,#9884,.F.);
#9884 = EDGE_CURVE('',#9885,#9887,#9889,.T.);
#9885 = VERTEX_POINT('',#9886);
#9886 = CARTESIAN_POINT('',(4.842520005121,1.6,147.7));
#9887 = VERTEX_POINT('',#9888);
#9888 = CARTESIAN_POINT('',(-4.842520005121,1.6,147.7));
#9889 = SURFACE_CURVE('',#9890,(#9895,#9902),.PCURVE_S1.);
#9890 = CIRCLE('',#9891,5.1);
#9891 = AXIS2_PLACEMENT_3D('',#9892,#9893,#9894);
#9892 = CARTESIAN_POINT('',(0.,0.,147.7));
#9893 = DIRECTION('',(0.,0.,1.));
#9894 = DIRECTION('',(1.,0.,-0.));
#9895 = PCURVE('',#9321,#9896);
#9896 = DEFINITIONAL_REPRESENTATION('',(#9897),#9901);
#9897 = CIRCLE('',#9898,5.1);
#9898 = AXIS2_PLACEMENT_2D('',#9899,#9900);
#9899 = CARTESIAN_POINT('',(11.2,12.435));
#9900 = DIRECTION('',(1.,0.));
#9901 = ( GEOMETRIC_REPRESENTATION_CONTEXT(2) 
PARAMETRIC_REPRESENTATION_CONTEXT() REPRESENTATION_CONTEXT('2D SPACE',''
  ) );
#9902 = PCURVE('',#9903,#9908);
#9903 = CYLINDRICAL_SURFACE('',#9904,5.1);
#9904 = AXIS2_PLACEMENT_3D('',#9905,#9906,#9907);
#9905 = CARTESIAN_POINT('',(0.,0.,147.69));
#9906 = DIRECTION('',(0.,0.,1.));
#9907 = DIRECTION('',(1.,0.,-0.));
#9908 = DEFINITIONAL_REPRESENTATION('',(#9909),#9913);
#9909 = LINE('',#9910,#9911);
#9910 = CARTESIAN_POINT('',(0.,9.999999999991E-03));
#9911 = VECTOR('',#9912,1.);
#9912 = DIRECTION('',(1.,0.));
#9913 = ( GEOMETRIC_REPRESENTATION_CONTEXT(2) 
PARAMETRIC_REPRESENTATION_CONTEXT() REPRESENTATION_CONTEXT('2D SPACE',''
  ) );
#9914 = ORIENTED_EDGE('',*,*,#9915,.F.);
#9915 = EDGE_CURVE('',#9916,#9885,#9918,.T.);
#9916 = VERTEX_POINT('',#9917);
#9917 = CARTESIAN_POINT('',(7.6,1.6,147.7));
#9918 = SURFACE_CURVE('',#9919,(#9923,#9929),.PCURVE_S1.);
#9919 = LINE('',#9920,#9921);
#9920 = CARTESIAN_POINT('',(-9.4,1.6,147.7));
#9921 = VECTOR('',#9922,1.);
#9922 = DIRECTION('',(-1.,-0.,0.));
#9923 = PCURVE('',#9321,#9924);
#9924 = DEFINITIONAL_REPRESENTATION('',(#9925),#9928);
#9925 = B_SPLINE_CURVE_WITH_KNOTS('',1,(#9926,#9927),.UNSPECIFIED.,.F.,
  .F.,(2,2),(-17.,-1.8),.PIECEWISE_BEZIER_KNOTS.);
#9926 = CARTESIAN_POINT('',(18.8,14.035));
#9927 = CARTESIAN_POINT('',(3.6,14.035));
#9928 = ( GEOMETRIC_REPRESENTATION_CONTEXT(2) 
PARAMETRIC_REPRESENTATION_CONTEXT() REPRESENTATION_CONTEXT('2D SPACE',''
  ) );
#9929 = PCURVE('',#9930,#9935);
#9930 = PLANE('',#9931);
#9931 = AXIS2_PLACEMENT_3D('',#9932,#9933,#9934);
#9932 = CARTESIAN_POINT('',(-7.6,1.6,147.68));
#9933 = DIRECTION('',(-0.,1.,0.));
#9934 = DIRECTION('',(0.,0.,1.));
#9935 = DEFINITIONAL_REPRESENTATION('',(#9936),#9939);
#9936 = B_SPLINE_CURVE_WITH_KNOTS('',1,(#9937,#9938),.UNSPECIFIED.,.F.,
  .F.,(2,2),(-17.,-1.8),.PIECEWISE_BEZIER_KNOTS.);
#9937 = CARTESIAN_POINT('',(2.000000000001E-02,15.2));
#9938 = CARTESIAN_POINT('',(2.000000000001E-02,0.));
#9939 = ( GEOMETRIC_REPRESENTATION_CONTEXT(2) 
PARAMETRIC_REPRESENTATION_CONTEXT() REPRESENTATION_CONTEXT('2D SPACE',''
  ) );
#9940 = ORIENTED_EDGE('',*,*,#9941,.F.);
#9941 = EDGE_CURVE('',#9942,#9916,#9944,.T.);
#9942 = VERTEX_POINT('',#9943);
#9943 = CARTESIAN_POINT('',(7.6,-1.6,147.7));
#9944 = SURFACE_CURVE('',#9945,(#9949,#9955),.PCURVE_S1.);
#9945 = LINE('',#9946,#9947);
#9946 = CARTESIAN_POINT('',(7.6,-7.0175,147.7));
#9947 = VECTOR('',#9948,1.);
#9948 = DIRECTION('',(-0.,1.,0.));
#9949 = PCURVE('',#9321,#9950);
#9950 = DEFINITIONAL_REPRESENTATION('',(#9951),#9954);
#9951 = B_SPLINE_CURVE_WITH_KNOTS('',1,(#9952,#9953),.UNSPECIFIED.,.F.,
  .F.,(2,2),(5.4175,8.6175),.PIECEWISE_BEZIER_KNOTS.);
#9952 = CARTESIAN_POINT('',(18.8,10.835));
#9953 = CARTESIAN_POINT('',(18.8,14.035));
#9954 = ( GEOMETRIC_REPRESENTATION_CONTEXT(2) 
PARAMETRIC_REPRESENTATION_CONTEXT() REPRESENTATION_CONTEXT('2D SPACE',''
  ) );
#9955 = PCURVE('',#9956,#9961);
#9956 = PLANE('',#9957);
#9957 = AXIS2_PLACEMENT_3D('',#9958,#9959,#9960);
#9958 = CARTESIAN_POINT('',(7.6,-1.6,147.68));
#9959 = DIRECTION('',(1.,0.,-0.));
#9960 = DIRECTION('',(0.,0.,1.));
#9961 = DEFINITIONAL_REPRESENTATION('',(#9962),#9965);
#9962 = B_SPLINE_CURVE_WITH_KNOTS('',1,(#9963,#9964),.UNSPECIFIED.,.F.,
  .F.,(2,2),(5.4175,8.6175),.PIECEWISE_BEZIER_KNOTS.);
#9963 = CARTESIAN_POINT('',(2.000000000001E-02,0.));
#9964 = CARTESIAN_POINT('',(2.000000000001E-02,-3.2));
#9965 = ( GEOMETRIC_REPRESENTATION_CONTEXT(2) 
PARAMETRIC_REPRESENTATION_CONTEXT() REPRESENTATION_CONTEXT('2D SPACE',''
  ) );
#9966 = ORIENTED_EDGE('',*,*,#9967,.T.);
#9967 = EDGE_CURVE('',#9942,#9968,#9970,.T.);
#9968 = VERTEX_POINT('',#9969);
#9969 = CARTESIAN_POINT('',(4.842520005121,-1.6,147.7));
#9970 = SURFACE_CURVE('',#9971,(#9975,#9981),.PCURVE_S1.);
#9971 = LINE('',#9972,#9973);
#9972 = CARTESIAN_POINT('',(-9.4,-1.6,147.7));
#9973 = VECTOR('',#9974,1.);
#9974 = DIRECTION('',(-1.,-0.,0.));
#9975 = PCURVE('',#9321,#9976);
#9976 = DEFINITIONAL_REPRESENTATION('',(#9977),#9980);
#9977 = B_SPLINE_CURVE_WITH_KNOTS('',1,(#9978,#9979),.UNSPECIFIED.,.F.,
  .F.,(2,2),(-17.,-1.8),.PIECEWISE_BEZIER_KNOTS.);
#9978 = CARTESIAN_POINT('',(18.8,10.835));
#9979 = CARTESIAN_POINT('',(3.6,10.835));
#9980 = ( GEOMETRIC_REPRESENTATION_CONTEXT(2) 
PARAMETRIC_REPRESENTATION_CONTEXT() REPRESENTATION_CONTEXT('2D SPACE',''
  ) );
#9981 = PCURVE('',#9982,#9987);
#9982 = PLANE('',#9983);
#9983 = AXIS2_PLACEMENT_3D('',#9984,#9985,#9986);
#9984 = CARTESIAN_POINT('',(-7.6,-1.6,147.68));
#9985 = DIRECTION('',(-0.,1.,0.));
#9986 = DIRECTION('',(0.,0.,1.));
#9987 = DEFINITIONAL_REPRESENTATION('',(#9988),#9991);
#9988 = B_SPLINE_CURVE_WITH_KNOTS('',1,(#9989,#9990),.UNSPECIFIED.,.F.,
  .F.,(2,2),(-17.,-1.8),.PIECEWISE_BEZIER_KNOTS.);
#9989 = CARTESIAN_POINT('',(2.000000000001E-02,15.2));
#9990 = CARTESIAN_POINT('',(2.000000000001E-02,0.));
#9991 = ( GEOMETRIC_REPRESENTATION_CONTEXT(2) 
PARAMETRIC_REPRESENTATION_CONTEXT() REPRESENTATION_CONTEXT('2D SPACE',''
  ) );
#9992 = ORIENTED_EDGE('',*,*,#9993,.F.);
#9993 = EDGE_CURVE('',#9994,#9968,#9996,.T.);
#9994 = VERTEX_POINT('',#9995);
#9995 = CARTESIAN_POINT('',(-4.842520005121,-1.6,147.7));
#9996 = SURFACE_CURVE('',#9997,(#10002,#10009),.PCURVE_S1.);
#9997 = CIRCLE('',#9998,5.1);
#9998 = AXIS2_PLACEMENT_3D('',#9999,#10000,#10001);
#9999 = CARTESIAN_POINT('',(0.,0.,147.7));
#10000 = DIRECTION('',(0.,0.,1.));
#10001 = DIRECTION('',(1.,0.,-0.));
#10002 = PCURVE('',#9321,#10003);
#10003 = DEFINITIONAL_REPRESENTATION('',(#10004),#10008);
#10004 = CIRCLE('',#10005,5.1);
#10005 = AXIS2_PLACEMENT_2D('',#10006,#10007);
#10006 = CARTESIAN_POINT('',(11.2,12.435));
#10007 = DIRECTION('',(1.,0.));
#10008 = ( GEOMETRIC_REPRESENTATION_CONTEXT(2) 
PARAMETRIC_REPRESENTATION_CONTEXT() REPRESENTATION_CONTEXT('2D SPACE',''
  ) );
#10009 = PCURVE('',#9903,#10010);
#10010 = DEFINITIONAL_REPRESENTATION('',(#10011),#10015);
#10011 = LINE('',#10012,#10013);
#10012 = CARTESIAN_POINT('',(0.,9.999999999991E-03));
#10013 = VECTOR('',#10014,1.);
#10014 = DIRECTION('',(1.,0.));
#10015 = ( GEOMETRIC_REPRESENTATION_CONTEXT(2) 
PARAMETRIC_REPRESENTATION_CONTEXT() REPRESENTATION_CONTEXT('2D SPACE',''
  ) );
#10016 = ORIENTED_EDGE('',*,*,#10017,.T.);
#10017 = EDGE_CURVE('',#9994,#10018,#10020,.T.);
#10018 = VERTEX_POINT('',#10019);
#10019 = CARTESIAN_POINT('',(-7.6,-1.6,147.7));
#10020 = SURFACE_CURVE('',#10021,(#10025,#10031),.PCURVE_S1.);
#10021 = LINE('',#10022,#10023);
#10022 = CARTESIAN_POINT('',(-9.4,-1.6,147.7));
#10023 = VECTOR('',#10024,1.);
#10024 = DIRECTION('',(-1.,-0.,0.));
#10025 = PCURVE('',#9321,#10026);
#10026 = DEFINITIONAL_REPRESENTATION('',(#10027),#10030);
#10027 = B_SPLINE_CURVE_WITH_KNOTS('',1,(#10028,#10029),.UNSPECIFIED.,
  .F.,.F.,(2,2),(-17.,-1.8),.PIECEWISE_BEZIER_KNOTS.);
#10028 = CARTESIAN_POINT('',(18.8,10.835));
#10029 = CARTESIAN_POINT('',(3.6,10.835));
#10030 = ( GEOMETRIC_REPRESENTATION_CONTEXT(2) 
PARAMETRIC_REPRESENTATION_CONTEXT() REPRESENTATION_CONTEXT('2D SPACE',''
  ) );
#10031 = PCURVE('',#10032,#10037);
#10032 = PLANE('',#10033);
#10033 = AXIS2_PLACEMENT_3D('',#10034,#10035,#10036);
#10034 = CARTESIAN_POINT('',(-7.6,-1.6,147.68));
#10035 = DIRECTION('',(-0.,1.,0.));
#10036 = DIRECTION('',(0.,0.,1.));
#10037 = DEFINITIONAL_REPRESENTATION('',(#10038),#10041);
#10038 = B_SPLINE_CURVE_WITH_KNOTS('',1,(#10039,#10040),.UNSPECIFIED.,
  .F.,.F.,(2,2),(-17.,-1.8),.PIECEWISE_BEZIER_KNOTS.);
#10039 = CARTESIAN_POINT('',(2.000000000001E-02,15.2));
#10040 = CARTESIAN_POINT('',(2.000000000001E-02,0.));
#10041 = ( GEOMETRIC_REPRESENTATION_CONTEXT(2) 
PARAMETRIC_REPRESENTATION_CONTEXT() REPRESENTATION_CONTEXT('2D SPACE',''
  ) );
#10042 = ORIENTED_EDGE('',*,*,#10043,.T.);
#10043 = EDGE_CURVE('',#10018,#10044,#10046,.T.);
#10044 = VERTEX_POINT('',#10045);
#10045 = CARTESIAN_POINT('',(-7.6,1.6,147.7));
#10046 = SURFACE_CURVE('',#10047,(#10051,#10057),.PCURVE_S1.);
#10047 = LINE('',#10048,#10049);
#10048 = CARTESIAN_POINT('',(-7.6,-7.0175,147.7));
#10049 = VECTOR('',#10050,1.);
#10050 = DIRECTION('',(-0.,1.,0.));
#10051 = PCURVE('',#9321,#10052);
#10052 = DEFINITIONAL_REPRESENTATION('',(#10053),#10056);
#10053 = B_SPLINE_CURVE_WITH_KNOTS('',1,(#10054,#10055),.UNSPECIFIED.,
  .F.,.F.,(2,2),(5.4175,8.6175),.PIECEWISE_BEZIER_KNOTS.);
#10054 = CARTESIAN_POINT('',(3.6,10.835));
#10055 = CARTESIAN_POINT('',(3.6,14.035));
#10056 = ( GEOMETRIC_REPRESENTATION_CONTEXT(2) 
PARAMETRIC_REPRESENTATION_CONTEXT() REPRESENTATION_CONTEXT('2D SPACE',''
  ) );
#10057 = PCURVE('',#10058,#10063);
#10058 = PLANE('',#10059);
#10059 = AXIS2_PLACEMENT_3D('',#10060,#10061,#10062);
#10060 = CARTESIAN_POINT('',(-7.6,-1.6,147.68));
#10061 = DIRECTION('',(1.,0.,-0.));
#10062 = DIRECTION('',(0.,0.,1.));
#10063 = DEFINITIONAL_REPRESENTATION('',(#10064),#10067);
#10064 = B_SPLINE_CURVE_WITH_KNOTS('',1,(#10065,#10066),.UNSPECIFIED.,
  .F.,.F.,(2,2),(5.4175,8.6175),.PIECEWISE_BEZIER_KNOTS.);
#10065 = CARTESIAN_POINT('',(2.000000000001E-02,0.));
#10066 = CARTESIAN_POINT('',(2.000000000001E-02,-3.2));
#10067 = ( GEOMETRIC_REPRESENTATION_CONTEXT(2) 
PARAMETRIC_REPRESENTATION_CONTEXT() REPRESENTATION_CONTEXT('2D SPACE',''
  ) );
#10068 = ORIENTED_EDGE('',*,*,#10069,.F.);
#10069 = EDGE_CURVE('',#9887,#10044,#10070,.T.);
#10070 = SURFACE_CURVE('',#10071,(#10075,#10081),.PCURVE_S1.);
#10071 = LINE('',#10072,#10073);
#10072 = CARTESIAN_POINT('',(-9.4,1.6,147.7));
#10073 = VECTOR('',#10074,1.);
#10074 = DIRECTION('',(-1.,-0.,0.));
#10075 = PCURVE('',#9321,#10076);
#10076 = DEFINITIONAL_REPRESENTATION('',(#10077),#10080);
#10077 = B_SPLINE_CURVE_WITH_KNOTS('',1,(#10078,#10079),.UNSPECIFIED.,
  .F.,.F.,(2,2),(-17.,-1.8),.PIECEWISE_BEZIER_KNOTS.);
#10078 = CARTESIAN_POINT('',(18.8,14.035));
#10079 = CARTESIAN_POINT('',(3.6,14.035));
#10080 = ( GEOMETRIC_REPRESENTATION_CONTEXT(2) 
PARAMETRIC_REPRESENTATION_CONTEXT() REPRESENTATION_CONTEXT('2D SPACE',''
  ) );
#10081 = PCURVE('',#10082,#10087);
#10082 = PLANE('',#10083);
#10083 = AXIS2_PLACEMENT_3D('',#10084,#10085,#10086);
#10084 = CARTESIAN_POINT('',(-7.6,1.6,147.68));
#10085 = DIRECTION('',(-0.,1.,0.));
#10086 = DIRECTION('',(0.,0.,1.));
#10087 = DEFINITIONAL_REPRESENTATION('',(#10088),#10091);
#10088 = B_SPLINE_CURVE_WITH_KNOTS('',1,(#10089,#10090),.UNSPECIFIED.,
  .F.,.F.,(2,2),(-17.,-1.8),.PIECEWISE_BEZIER_KNOTS.);
#10089 = CARTESIAN_POINT('',(2.000000000001E-02,15.2));
#10090 = CARTESIAN_POINT('',(2.000000000001E-02,0.));
#10091 = ( GEOMETRIC_REPRESENTATION_CONTEXT(2) 
PARAMETRIC_REPRESENTATION_CONTEXT() REPRESENTATION_CONTEXT('2D SPACE',''
  ) );
#10092 = ADVANCED_FACE('',(#10093),#9903,.F.);
#10093 = FACE_BOUND('',#10094,.F.);
#10094 = EDGE_LOOP('',(#10095,#10116,#10145,#10168,#10195,#10196,#10220,
    #10241,#10270,#10296,#10325,#10344,#10345,#10366,#10395,#10416,
    #10445,#10471,#10500,#10519));
#10095 = ORIENTED_EDGE('',*,*,#10096,.T.);
#10096 = EDGE_CURVE('',#9968,#10097,#10099,.T.);
#10097 = VERTEX_POINT('',#10098);
#10098 = CARTESIAN_POINT('',(4.842520005121,-1.6,153.6));
#10099 = SURFACE_CURVE('',#10100,(#10104,#10110),.PCURVE_S1.);
#10100 = LINE('',#10101,#10102);
#10101 = CARTESIAN_POINT('',(4.842520005121,-1.6,147.69));
#10102 = VECTOR('',#10103,1.);
#10103 = DIRECTION('',(0.,0.,1.));
#10104 = PCURVE('',#9903,#10105);
#10105 = DEFINITIONAL_REPRESENTATION('',(#10106),#10109);
#10106 = B_SPLINE_CURVE_WITH_KNOTS('',1,(#10107,#10108),.UNSPECIFIED.,
  .F.,.F.,(2,2),(-2.399999999625E-06,6.502),.PIECEWISE_BEZIER_KNOTS.);
#10107 = CARTESIAN_POINT('',(5.964071227647,-2.399999999625E-06));
#10108 = CARTESIAN_POINT('',(5.964071227647,6.502));
#10109 = ( GEOMETRIC_REPRESENTATION_CONTEXT(2) 
PARAMETRIC_REPRESENTATION_CONTEXT() REPRESENTATION_CONTEXT('2D SPACE',''
  ) );
#10110 = PCURVE('',#9982,#10111);
#10111 = DEFINITIONAL_REPRESENTATION('',(#10112),#10115);
#10112 = B_SPLINE_CURVE_WITH_KNOTS('',1,(#10113,#10114),.UNSPECIFIED.,
  .F.,.F.,(2,2),(-2.399999999625E-06,6.502),.PIECEWISE_BEZIER_KNOTS.);
#10113 = CARTESIAN_POINT('',(9.99760000002E-03,12.442520005121));
#10114 = CARTESIAN_POINT('',(6.512,12.442520005121));
#10115 = ( GEOMETRIC_REPRESENTATION_CONTEXT(2) 
PARAMETRIC_REPRESENTATION_CONTEXT() REPRESENTATION_CONTEXT('2D SPACE',''
  ) );
#10116 = ORIENTED_EDGE('',*,*,#10117,.T.);
#10117 = EDGE_CURVE('',#10097,#10118,#10120,.T.);
#10118 = VERTEX_POINT('',#10119);
#10119 = CARTESIAN_POINT('',(5.1,-1.24913973513E-15,153.6));
#10120 = SURFACE_CURVE('',#10121,(#10126,#10133),.PCURVE_S1.);
#10121 = CIRCLE('',#10122,5.1);
#10122 = AXIS2_PLACEMENT_3D('',#10123,#10124,#10125);
#10123 = CARTESIAN_POINT('',(0.,0.,153.6));
#10124 = DIRECTION('',(0.,0.,1.));
#10125 = DIRECTION('',(1.,0.,-0.));
#10126 = PCURVE('',#9903,#10127);
#10127 = DEFINITIONAL_REPRESENTATION('',(#10128),#10132);
#10128 = LINE('',#10129,#10130);
#10129 = CARTESIAN_POINT('',(0.,5.91));
#10130 = VECTOR('',#10131,1.);
#10131 = DIRECTION('',(1.,0.));
#10132 = ( GEOMETRIC_REPRESENTATION_CONTEXT(2) 
PARAMETRIC_REPRESENTATION_CONTEXT() REPRESENTATION_CONTEXT('2D SPACE',''
  ) );
#10133 = PCURVE('',#10134,#10139);
#10134 = PLANE('',#10135);
#10135 = AXIS2_PLACEMENT_3D('',#10136,#10137,#10138);
#10136 = CARTESIAN_POINT('',(-7.6,-1.6,153.6));
#10137 = DIRECTION('',(0.,0.,1.));
#10138 = DIRECTION('',(1.,0.,-0.));
#10139 = DEFINITIONAL_REPRESENTATION('',(#10140),#10144);
#10140 = CIRCLE('',#10141,5.1);
#10141 = AXIS2_PLACEMENT_2D('',#10142,#10143);
#10142 = CARTESIAN_POINT('',(7.6,1.6));
#10143 = DIRECTION('',(1.,0.));
#10144 = ( GEOMETRIC_REPRESENTATION_CONTEXT(2) 
PARAMETRIC_REPRESENTATION_CONTEXT() REPRESENTATION_CONTEXT('2D SPACE',''
  ) );
#10145 = ORIENTED_EDGE('',*,*,#10146,.T.);
#10146 = EDGE_CURVE('',#10118,#10147,#10149,.T.);
#10147 = VERTEX_POINT('',#10148);
#10148 = CARTESIAN_POINT('',(5.1,-1.24913973513E-15,158.09));
#10149 = SEAM_CURVE('',#10150,(#10154,#10161),.PCURVE_S1.);
#10150 = LINE('',#10151,#10152);
#10151 = CARTESIAN_POINT('',(5.1,-1.24913973513E-15,147.69));
#10152 = VECTOR('',#10153,1.);
#10153 = DIRECTION('',(0.,0.,1.));
#10154 = PCURVE('',#9903,#10155);
#10155 = DEFINITIONAL_REPRESENTATION('',(#10156),#10160);
#10156 = LINE('',#10157,#10158);
#10157 = CARTESIAN_POINT('',(0.,-0.));
#10158 = VECTOR('',#10159,1.);
#10159 = DIRECTION('',(0.,1.));
#10160 = ( GEOMETRIC_REPRESENTATION_CONTEXT(2) 
PARAMETRIC_REPRESENTATION_CONTEXT() REPRESENTATION_CONTEXT('2D SPACE',''
  ) );
#10161 = PCURVE('',#9903,#10162);
#10162 = DEFINITIONAL_REPRESENTATION('',(#10163),#10167);
#10163 = LINE('',#10164,#10165);
#10164 = CARTESIAN_POINT('',(6.28318530718,-0.));
#10165 = VECTOR('',#10166,1.);
#10166 = DIRECTION('',(0.,1.));
#10167 = ( GEOMETRIC_REPRESENTATION_CONTEXT(2) 
PARAMETRIC_REPRESENTATION_CONTEXT() REPRESENTATION_CONTEXT('2D SPACE',''
  ) );
#10168 = ORIENTED_EDGE('',*,*,#10169,.F.);
#10169 = EDGE_CURVE('',#10147,#10147,#10170,.T.);
#10170 = SURFACE_CURVE('',#10171,(#10176,#10183),.PCURVE_S1.);
#10171 = CIRCLE('',#10172,5.1);
#10172 = AXIS2_PLACEMENT_3D('',#10173,#10174,#10175);
#10173 = CARTESIAN_POINT('',(0.,0.,158.09));
#10174 = DIRECTION('',(0.,0.,1.));
#10175 = DIRECTION('',(1.,0.,-0.));
#10176 = PCURVE('',#9903,#10177);
#10177 = DEFINITIONAL_REPRESENTATION('',(#10178),#10182);
#10178 = LINE('',#10179,#10180);
#10179 = CARTESIAN_POINT('',(0.,10.4));
#10180 = VECTOR('',#10181,1.);
#10181 = DIRECTION('',(1.,0.));
#10182 = ( GEOMETRIC_REPRESENTATION_CONTEXT(2) 
PARAMETRIC_REPRESENTATION_CONTEXT() REPRESENTATION_CONTEXT('2D SPACE',''
  ) );
#10183 = PCURVE('',#10184,#10189);
#10184 = PLANE('',#10185);
#10185 = AXIS2_PLACEMENT_3D('',#10186,#10187,#10188);
#10186 = CARTESIAN_POINT('',(0.,0.,158.09));
#10187 = DIRECTION('',(0.,0.,1.));
#10188 = DIRECTION('',(1.,0.,-0.));
#10189 = DEFINITIONAL_REPRESENTATION('',(#10190),#10194);
#10190 = CIRCLE('',#10191,5.1);
#10191 = AXIS2_PLACEMENT_2D('',#10192,#10193);
#10192 = CARTESIAN_POINT('',(0.,0.));
#10193 = DIRECTION('',(1.,0.));
#10194 = ( GEOMETRIC_REPRESENTATION_CONTEXT(2) 
PARAMETRIC_REPRESENTATION_CONTEXT() REPRESENTATION_CONTEXT('2D SPACE',''
  ) );
#10195 = ORIENTED_EDGE('',*,*,#10146,.F.);
#10196 = ORIENTED_EDGE('',*,*,#10197,.T.);
#10197 = EDGE_CURVE('',#10118,#10198,#10200,.T.);
#10198 = VERTEX_POINT('',#10199);
#10199 = CARTESIAN_POINT('',(4.842520005121,1.6,153.6));
#10200 = SURFACE_CURVE('',#10201,(#10206,#10213),.PCURVE_S1.);
#10201 = CIRCLE('',#10202,5.1);
#10202 = AXIS2_PLACEMENT_3D('',#10203,#10204,#10205);
#10203 = CARTESIAN_POINT('',(0.,0.,153.6));
#10204 = DIRECTION('',(0.,0.,1.));
#10205 = DIRECTION('',(1.,0.,-0.));
#10206 = PCURVE('',#9903,#10207);
#10207 = DEFINITIONAL_REPRESENTATION('',(#10208),#10212);
#10208 = LINE('',#10209,#10210);
#10209 = CARTESIAN_POINT('',(0.,5.91));
#10210 = VECTOR('',#10211,1.);
#10211 = DIRECTION('',(1.,0.));
#10212 = ( GEOMETRIC_REPRESENTATION_CONTEXT(2) 
PARAMETRIC_REPRESENTATION_CONTEXT() REPRESENTATION_CONTEXT('2D SPACE',''
  ) );
#10213 = PCURVE('',#10134,#10214);
#10214 = DEFINITIONAL_REPRESENTATION('',(#10215),#10219);
#10215 = CIRCLE('',#10216,5.1);
#10216 = AXIS2_PLACEMENT_2D('',#10217,#10218);
#10217 = CARTESIAN_POINT('',(7.6,1.6));
#10218 = DIRECTION('',(1.,0.));
#10219 = ( GEOMETRIC_REPRESENTATION_CONTEXT(2) 
PARAMETRIC_REPRESENTATION_CONTEXT() REPRESENTATION_CONTEXT('2D SPACE',''
  ) );
#10220 = ORIENTED_EDGE('',*,*,#10221,.F.);
#10221 = EDGE_CURVE('',#10222,#10198,#10224,.T.);
#10222 = VERTEX_POINT('',#10223);
#10223 = CARTESIAN_POINT('',(4.842520005121,1.6,153.55));
#10224 = SURFACE_CURVE('',#10225,(#10229,#10235),.PCURVE_S1.);
#10225 = LINE('',#10226,#10227);
#10226 = CARTESIAN_POINT('',(4.842520005121,1.6,147.69));
#10227 = VECTOR('',#10228,1.);
#10228 = DIRECTION('',(0.,0.,1.));
#10229 = PCURVE('',#9903,#10230);
#10230 = DEFINITIONAL_REPRESENTATION('',(#10231),#10234);
#10231 = B_SPLINE_CURVE_WITH_KNOTS('',1,(#10232,#10233),.UNSPECIFIED.,
  .F.,.F.,(2,2),(-2.399999999625E-06,6.502),.PIECEWISE_BEZIER_KNOTS.);
#10232 = CARTESIAN_POINT('',(0.319114079532,-2.399999999625E-06));
#10233 = CARTESIAN_POINT('',(0.319114079532,6.502));
#10234 = ( GEOMETRIC_REPRESENTATION_CONTEXT(2) 
PARAMETRIC_REPRESENTATION_CONTEXT() REPRESENTATION_CONTEXT('2D SPACE',''
  ) );
#10235 = PCURVE('',#9930,#10236);
#10236 = DEFINITIONAL_REPRESENTATION('',(#10237),#10240);
#10237 = B_SPLINE_CURVE_WITH_KNOTS('',1,(#10238,#10239),.UNSPECIFIED.,
  .F.,.F.,(2,2),(-2.399999999625E-06,6.502),.PIECEWISE_BEZIER_KNOTS.);
#10238 = CARTESIAN_POINT('',(9.99760000002E-03,12.442520005121));
#10239 = CARTESIAN_POINT('',(6.512,12.442520005121));
#10240 = ( GEOMETRIC_REPRESENTATION_CONTEXT(2) 
PARAMETRIC_REPRESENTATION_CONTEXT() REPRESENTATION_CONTEXT('2D SPACE',''
  ) );
#10241 = ORIENTED_EDGE('',*,*,#10242,.T.);
#10242 = EDGE_CURVE('',#10222,#10243,#10245,.T.);
#10243 = VERTEX_POINT('',#10244);
#10244 = CARTESIAN_POINT('',(-0.444494288013,5.080592960268,153.55));
#10245 = SURFACE_CURVE('',#10246,(#10251,#10258),.PCURVE_S1.);
#10246 = CIRCLE('',#10247,5.1);
#10247 = AXIS2_PLACEMENT_3D('',#10248,#10249,#10250);
#10248 = CARTESIAN_POINT('',(0.,0.,153.55));
#10249 = DIRECTION('',(0.,0.,1.));
#10250 = DIRECTION('',(1.,0.,-0.));
#10251 = PCURVE('',#9903,#10252);
#10252 = DEFINITIONAL_REPRESENTATION('',(#10253),#10257);
#10253 = LINE('',#10254,#10255);
#10254 = CARTESIAN_POINT('',(0.,5.86));
#10255 = VECTOR('',#10256,1.);
#10256 = DIRECTION('',(1.,0.));
#10257 = ( GEOMETRIC_REPRESENTATION_CONTEXT(2) 
PARAMETRIC_REPRESENTATION_CONTEXT() REPRESENTATION_CONTEXT('2D SPACE',''
  ) );
#10258 = PCURVE('',#10259,#10264);
#10259 = PLANE('',#10260);
#10260 = AXIS2_PLACEMENT_3D('',#10261,#10262,#10263);
#10261 = CARTESIAN_POINT('',(0.,0.,153.55));
#10262 = DIRECTION('',(0.,0.,1.));
#10263 = DIRECTION('',(1.,0.,-0.));
#10264 = DEFINITIONAL_REPRESENTATION('',(#10265),#10269);
#10265 = CIRCLE('',#10266,5.1);
#10266 = AXIS2_PLACEMENT_2D('',#10267,#10268);
#10267 = CARTESIAN_POINT('',(0.,0.));
#10268 = DIRECTION('',(1.,0.));
#10269 = ( GEOMETRIC_REPRESENTATION_CONTEXT(2) 
PARAMETRIC_REPRESENTATION_CONTEXT() REPRESENTATION_CONTEXT('2D SPACE',''
  ) );
#10270 = ORIENTED_EDGE('',*,*,#10271,.F.);
#10271 = EDGE_CURVE('',#10272,#10243,#10274,.T.);
#10272 = VERTEX_POINT('',#10273);
#10273 = CARTESIAN_POINT('',(-0.444494288013,5.080592960268,150.65));
#10274 = SURFACE_CURVE('',#10275,(#10279,#10285),.PCURVE_S1.);
#10275 = LINE('',#10276,#10277);
#10276 = CARTESIAN_POINT('',(-0.444494288013,5.080592960268,147.69));
#10277 = VECTOR('',#10278,1.);
#10278 = DIRECTION('',(0.,0.,1.));
#10279 = PCURVE('',#9903,#10280);
#10280 = DEFINITIONAL_REPRESENTATION('',(#10281),#10284);
#10281 = B_SPLINE_CURVE_WITH_KNOTS('',1,(#10282,#10283),.UNSPECIFIED.,
  .F.,.F.,(2,2),(2.67,6.15),.PIECEWISE_BEZIER_KNOTS.);
#10282 = CARTESIAN_POINT('',(1.658062789395,2.67));
#10283 = CARTESIAN_POINT('',(1.658062789395,6.15));
#10284 = ( GEOMETRIC_REPRESENTATION_CONTEXT(2) 
PARAMETRIC_REPRESENTATION_CONTEXT() REPRESENTATION_CONTEXT('2D SPACE',''
  ) );
#10285 = PCURVE('',#10286,#10291);
#10286 = PLANE('',#10287);
#10287 = AXIS2_PLACEMENT_3D('',#10288,#10289,#10290);
#10288 = CARTESIAN_POINT('',(-0.553003187734,6.320855359392,152.1));
#10289 = DIRECTION('',(0.996194698092,8.715574274766E-02,0.));
#10290 = DIRECTION('',(-8.715574274766E-02,0.996194698092,0.));
#10291 = DEFINITIONAL_REPRESENTATION('',(#10292),#10295);
#10292 = B_SPLINE_CURVE_WITH_KNOTS('',1,(#10293,#10294),.UNSPECIFIED.,
  .F.,.F.,(2,2),(2.67,6.15),.PIECEWISE_BEZIER_KNOTS.);
#10293 = CARTESIAN_POINT('',(-1.245,-1.74));
#10294 = CARTESIAN_POINT('',(-1.245,1.74));
#10295 = ( GEOMETRIC_REPRESENTATION_CONTEXT(2) 
PARAMETRIC_REPRESENTATION_CONTEXT() REPRESENTATION_CONTEXT('2D SPACE',''
  ) );
#10296 = ORIENTED_EDGE('',*,*,#10297,.F.);
#10297 = EDGE_CURVE('',#10298,#10272,#10300,.T.);
#10298 = VERTEX_POINT('',#10299);
#10299 = CARTESIAN_POINT('',(4.842520005121,1.6,150.65));
#10300 = SURFACE_CURVE('',#10301,(#10306,#10313),.PCURVE_S1.);
#10301 = CIRCLE('',#10302,5.1);
#10302 = AXIS2_PLACEMENT_3D('',#10303,#10304,#10305);
#10303 = CARTESIAN_POINT('',(0.,0.,150.65));
#10304 = DIRECTION('',(0.,0.,1.));
#10305 = DIRECTION('',(1.,0.,-0.));
#10306 = PCURVE('',#9903,#10307);
#10307 = DEFINITIONAL_REPRESENTATION('',(#10308),#10312);
#10308 = LINE('',#10309,#10310);
#10309 = CARTESIAN_POINT('',(0.,2.96));
#10310 = VECTOR('',#10311,1.);
#10311 = DIRECTION('',(1.,0.));
#10312 = ( GEOMETRIC_REPRESENTATION_CONTEXT(2) 
PARAMETRIC_REPRESENTATION_CONTEXT() REPRESENTATION_CONTEXT('2D SPACE',''
  ) );
#10313 = PCURVE('',#10314,#10319);
#10314 = PLANE('',#10315);
#10315 = AXIS2_PLACEMENT_3D('',#10316,#10317,#10318);
#10316 = CARTESIAN_POINT('',(0.,0.,150.65));
#10317 = DIRECTION('',(0.,0.,1.));
#10318 = DIRECTION('',(1.,0.,-0.));
#10319 = DEFINITIONAL_REPRESENTATION('',(#10320),#10324);
#10320 = CIRCLE('',#10321,5.1);
#10321 = AXIS2_PLACEMENT_2D('',#10322,#10323);
#10322 = CARTESIAN_POINT('',(0.,0.));
#10323 = DIRECTION('',(1.,-0.));
#10324 = ( GEOMETRIC_REPRESENTATION_CONTEXT(2) 
PARAMETRIC_REPRESENTATION_CONTEXT() REPRESENTATION_CONTEXT('2D SPACE',''
  ) );
#10325 = ORIENTED_EDGE('',*,*,#10326,.F.);
#10326 = EDGE_CURVE('',#9885,#10298,#10327,.T.);
#10327 = SURFACE_CURVE('',#10328,(#10332,#10338),.PCURVE_S1.);
#10328 = LINE('',#10329,#10330);
#10329 = CARTESIAN_POINT('',(4.842520005121,1.6,147.69));
#10330 = VECTOR('',#10331,1.);
#10331 = DIRECTION('',(0.,0.,1.));
#10332 = PCURVE('',#9903,#10333);
#10333 = DEFINITIONAL_REPRESENTATION('',(#10334),#10337);
#10334 = B_SPLINE_CURVE_WITH_KNOTS('',1,(#10335,#10336),.UNSPECIFIED.,
  .F.,.F.,(2,2),(-2.399999999625E-06,6.502),.PIECEWISE_BEZIER_KNOTS.);
#10335 = CARTESIAN_POINT('',(0.319114079532,-2.399999999625E-06));
#10336 = CARTESIAN_POINT('',(0.319114079532,6.502));
#10337 = ( GEOMETRIC_REPRESENTATION_CONTEXT(2) 
PARAMETRIC_REPRESENTATION_CONTEXT() REPRESENTATION_CONTEXT('2D SPACE',''
  ) );
#10338 = PCURVE('',#9930,#10339);
#10339 = DEFINITIONAL_REPRESENTATION('',(#10340),#10343);
#10340 = B_SPLINE_CURVE_WITH_KNOTS('',1,(#10341,#10342),.UNSPECIFIED.,
  .F.,.F.,(2,2),(-2.399999999625E-06,6.502),.PIECEWISE_BEZIER_KNOTS.);
#10341 = CARTESIAN_POINT('',(9.99760000002E-03,12.442520005121));
#10342 = CARTESIAN_POINT('',(6.512,12.442520005121));
#10343 = ( GEOMETRIC_REPRESENTATION_CONTEXT(2) 
PARAMETRIC_REPRESENTATION_CONTEXT() REPRESENTATION_CONTEXT('2D SPACE',''
  ) );
#10344 = ORIENTED_EDGE('',*,*,#9884,.T.);
#10345 = ORIENTED_EDGE('',*,*,#10346,.T.);
#10346 = EDGE_CURVE('',#9887,#10347,#10349,.T.);
#10347 = VERTEX_POINT('',#10348);
#10348 = CARTESIAN_POINT('',(-4.842520005121,1.6,153.6));
#10349 = SURFACE_CURVE('',#10350,(#10354,#10360),.PCURVE_S1.);
#10350 = LINE('',#10351,#10352);
#10351 = CARTESIAN_POINT('',(-4.842520005121,1.6,147.69));
#10352 = VECTOR('',#10353,1.);
#10353 = DIRECTION('',(0.,0.,1.));
#10354 = PCURVE('',#9903,#10355);
#10355 = DEFINITIONAL_REPRESENTATION('',(#10356),#10359);
#10356 = B_SPLINE_CURVE_WITH_KNOTS('',1,(#10357,#10358),.UNSPECIFIED.,
  .F.,.F.,(2,2),(-2.399999999625E-06,6.502),.PIECEWISE_BEZIER_KNOTS.);
#10357 = CARTESIAN_POINT('',(2.822478574057,-2.399999999625E-06));
#10358 = CARTESIAN_POINT('',(2.822478574057,6.502));
#10359 = ( GEOMETRIC_REPRESENTATION_CONTEXT(2) 
PARAMETRIC_REPRESENTATION_CONTEXT() REPRESENTATION_CONTEXT('2D SPACE',''
  ) );
#10360 = PCURVE('',#10082,#10361);
#10361 = DEFINITIONAL_REPRESENTATION('',(#10362),#10365);
#10362 = B_SPLINE_CURVE_WITH_KNOTS('',1,(#10363,#10364),.UNSPECIFIED.,
  .F.,.F.,(2,2),(-2.399999999625E-06,6.502),.PIECEWISE_BEZIER_KNOTS.);
#10363 = CARTESIAN_POINT('',(9.99760000002E-03,2.757479994879));
#10364 = CARTESIAN_POINT('',(6.512,2.757479994879));
#10365 = ( GEOMETRIC_REPRESENTATION_CONTEXT(2) 
PARAMETRIC_REPRESENTATION_CONTEXT() REPRESENTATION_CONTEXT('2D SPACE',''
  ) );
#10366 = ORIENTED_EDGE('',*,*,#10367,.T.);
#10367 = EDGE_CURVE('',#10347,#10368,#10370,.T.);
#10368 = VERTEX_POINT('',#10369);
#10369 = CARTESIAN_POINT('',(-4.842520005121,-1.6,153.6));
#10370 = SURFACE_CURVE('',#10371,(#10376,#10383),.PCURVE_S1.);
#10371 = CIRCLE('',#10372,5.1);
#10372 = AXIS2_PLACEMENT_3D('',#10373,#10374,#10375);
#10373 = CARTESIAN_POINT('',(0.,0.,153.6));
#10374 = DIRECTION('',(0.,0.,1.));
#10375 = DIRECTION('',(1.,0.,-0.));
#10376 = PCURVE('',#9903,#10377);
#10377 = DEFINITIONAL_REPRESENTATION('',(#10378),#10382);
#10378 = LINE('',#10379,#10380);
#10379 = CARTESIAN_POINT('',(0.,5.91));
#10380 = VECTOR('',#10381,1.);
#10381 = DIRECTION('',(1.,0.));
#10382 = ( GEOMETRIC_REPRESENTATION_CONTEXT(2) 
PARAMETRIC_REPRESENTATION_CONTEXT() REPRESENTATION_CONTEXT('2D SPACE',''
  ) );
#10383 = PCURVE('',#10384,#10389);
#10384 = PLANE('',#10385);
#10385 = AXIS2_PLACEMENT_3D('',#10386,#10387,#10388);
#10386 = CARTESIAN_POINT('',(-7.6,-1.6,153.6));
#10387 = DIRECTION('',(0.,0.,1.));
#10388 = DIRECTION('',(1.,0.,-0.));
#10389 = DEFINITIONAL_REPRESENTATION('',(#10390),#10394);
#10390 = CIRCLE('',#10391,5.1);
#10391 = AXIS2_PLACEMENT_2D('',#10392,#10393);
#10392 = CARTESIAN_POINT('',(7.6,1.6));
#10393 = DIRECTION('',(1.,0.));
#10394 = ( GEOMETRIC_REPRESENTATION_CONTEXT(2) 
PARAMETRIC_REPRESENTATION_CONTEXT() REPRESENTATION_CONTEXT('2D SPACE',''
  ) );
#10395 = ORIENTED_EDGE('',*,*,#10396,.F.);
#10396 = EDGE_CURVE('',#10397,#10368,#10399,.T.);
#10397 = VERTEX_POINT('',#10398);
#10398 = CARTESIAN_POINT('',(-4.842520005121,-1.6,153.55));
#10399 = SURFACE_CURVE('',#10400,(#10404,#10410),.PCURVE_S1.);
#10400 = LINE('',#10401,#10402);
#10401 = CARTESIAN_POINT('',(-4.842520005121,-1.6,147.69));
#10402 = VECTOR('',#10403,1.);
#10403 = DIRECTION('',(0.,0.,1.));
#10404 = PCURVE('',#9903,#10405);
#10405 = DEFINITIONAL_REPRESENTATION('',(#10406),#10409);
#10406 = B_SPLINE_CURVE_WITH_KNOTS('',1,(#10407,#10408),.UNSPECIFIED.,
  .F.,.F.,(2,2),(-2.399999999625E-06,6.502),.PIECEWISE_BEZIER_KNOTS.);
#10407 = CARTESIAN_POINT('',(3.460706733122,-2.399999999625E-06));
#10408 = CARTESIAN_POINT('',(3.460706733122,6.502));
#10409 = ( GEOMETRIC_REPRESENTATION_CONTEXT(2) 
PARAMETRIC_REPRESENTATION_CONTEXT() REPRESENTATION_CONTEXT('2D SPACE',''
  ) );
#10410 = PCURVE('',#10032,#10411);
#10411 = DEFINITIONAL_REPRESENTATION('',(#10412),#10415);
#10412 = B_SPLINE_CURVE_WITH_KNOTS('',1,(#10413,#10414),.UNSPECIFIED.,
  .F.,.F.,(2,2),(-2.399999999625E-06,6.502),.PIECEWISE_BEZIER_KNOTS.);
#10413 = CARTESIAN_POINT('',(9.99760000002E-03,2.757479994879));
#10414 = CARTESIAN_POINT('',(6.512,2.757479994879));
#10415 = ( GEOMETRIC_REPRESENTATION_CONTEXT(2) 
PARAMETRIC_REPRESENTATION_CONTEXT() REPRESENTATION_CONTEXT('2D SPACE',''
  ) );
#10416 = ORIENTED_EDGE('',*,*,#10417,.T.);
#10417 = EDGE_CURVE('',#10397,#10418,#10420,.T.);
#10418 = VERTEX_POINT('',#10419);
#10419 = CARTESIAN_POINT('',(0.444494288013,-5.080592960268,153.55));
#10420 = SURFACE_CURVE('',#10421,(#10426,#10433),.PCURVE_S1.);
#10421 = CIRCLE('',#10422,5.1);
#10422 = AXIS2_PLACEMENT_3D('',#10423,#10424,#10425);
#10423 = CARTESIAN_POINT('',(0.,0.,153.55));
#10424 = DIRECTION('',(0.,0.,1.));
#10425 = DIRECTION('',(1.,0.,-0.));
#10426 = PCURVE('',#9903,#10427);
#10427 = DEFINITIONAL_REPRESENTATION('',(#10428),#10432);
#10428 = LINE('',#10429,#10430);
#10429 = CARTESIAN_POINT('',(0.,5.86));
#10430 = VECTOR('',#10431,1.);
#10431 = DIRECTION('',(1.,0.));
#10432 = ( GEOMETRIC_REPRESENTATION_CONTEXT(2) 
PARAMETRIC_REPRESENTATION_CONTEXT() REPRESENTATION_CONTEXT('2D SPACE',''
  ) );
#10433 = PCURVE('',#10434,#10439);
#10434 = PLANE('',#10435);
#10435 = AXIS2_PLACEMENT_3D('',#10436,#10437,#10438);
#10436 = CARTESIAN_POINT('',(0.,0.,153.55));
#10437 = DIRECTION('',(0.,0.,1.));
#10438 = DIRECTION('',(-1.,1.224646799147E-16,0.));
#10439 = DEFINITIONAL_REPRESENTATION('',(#10440),#10444);
#10440 = CIRCLE('',#10441,5.1);
#10441 = AXIS2_PLACEMENT_2D('',#10442,#10443);
#10442 = CARTESIAN_POINT('',(0.,0.));
#10443 = DIRECTION('',(-1.,-1.224646799147E-16));
#10444 = ( GEOMETRIC_REPRESENTATION_CONTEXT(2) 
PARAMETRIC_REPRESENTATION_CONTEXT() REPRESENTATION_CONTEXT('2D SPACE',''
  ) );
#10445 = ORIENTED_EDGE('',*,*,#10446,.F.);
#10446 = EDGE_CURVE('',#10447,#10418,#10449,.T.);
#10447 = VERTEX_POINT('',#10448);
#10448 = CARTESIAN_POINT('',(0.444494288013,-5.080592960268,150.65));
#10449 = SURFACE_CURVE('',#10450,(#10454,#10460),.PCURVE_S1.);
#10450 = LINE('',#10451,#10452);
#10451 = CARTESIAN_POINT('',(0.444494288013,-5.080592960268,147.69));
#10452 = VECTOR('',#10453,1.);
#10453 = DIRECTION('',(0.,0.,1.));
#10454 = PCURVE('',#9903,#10455);
#10455 = DEFINITIONAL_REPRESENTATION('',(#10456),#10459);
#10456 = B_SPLINE_CURVE_WITH_KNOTS('',1,(#10457,#10458),.UNSPECIFIED.,
  .F.,.F.,(2,2),(2.67,6.15),.PIECEWISE_BEZIER_KNOTS.);
#10457 = CARTESIAN_POINT('',(4.799655442984,2.67));
#10458 = CARTESIAN_POINT('',(4.799655442984,6.15));
#10459 = ( GEOMETRIC_REPRESENTATION_CONTEXT(2) 
PARAMETRIC_REPRESENTATION_CONTEXT() REPRESENTATION_CONTEXT('2D SPACE',''
  ) );
#10460 = PCURVE('',#10461,#10466);
#10461 = PLANE('',#10462);
#10462 = AXIS2_PLACEMENT_3D('',#10463,#10464,#10465);
#10463 = CARTESIAN_POINT('',(0.553003187734,-6.320855359392,152.1));
#10464 = DIRECTION('',(-0.996194698092,-8.715574274766E-02,0.));
#10465 = DIRECTION('',(8.715574274766E-02,-0.996194698092,0.));
#10466 = DEFINITIONAL_REPRESENTATION('',(#10467),#10470);
#10467 = B_SPLINE_CURVE_WITH_KNOTS('',1,(#10468,#10469),.UNSPECIFIED.,
  .F.,.F.,(2,2),(2.67,6.15),.PIECEWISE_BEZIER_KNOTS.);
#10468 = CARTESIAN_POINT('',(-1.245,-1.74));
#10469 = CARTESIAN_POINT('',(-1.245,1.74));
#10470 = ( GEOMETRIC_REPRESENTATION_CONTEXT(2) 
PARAMETRIC_REPRESENTATION_CONTEXT() REPRESENTATION_CONTEXT('2D SPACE',''
  ) );
#10471 = ORIENTED_EDGE('',*,*,#10472,.F.);
#10472 = EDGE_CURVE('',#10473,#10447,#10475,.T.);
#10473 = VERTEX_POINT('',#10474);
#10474 = CARTESIAN_POINT('',(-4.842520005121,-1.6,150.65));
#10475 = SURFACE_CURVE('',#10476,(#10481,#10488),.PCURVE_S1.);
#10476 = CIRCLE('',#10477,5.1);
#10477 = AXIS2_PLACEMENT_3D('',#10478,#10479,#10480);
#10478 = CARTESIAN_POINT('',(0.,0.,150.65));
#10479 = DIRECTION('',(0.,0.,1.));
#10480 = DIRECTION('',(1.,0.,-0.));
#10481 = PCURVE('',#9903,#10482);
#10482 = DEFINITIONAL_REPRESENTATION('',(#10483),#10487);
#10483 = LINE('',#10484,#10485);
#10484 = CARTESIAN_POINT('',(0.,2.96));
#10485 = VECTOR('',#10486,1.);
#10486 = DIRECTION('',(1.,0.));
#10487 = ( GEOMETRIC_REPRESENTATION_CONTEXT(2) 
PARAMETRIC_REPRESENTATION_CONTEXT() REPRESENTATION_CONTEXT('2D SPACE',''
  ) );
#10488 = PCURVE('',#10489,#10494);
#10489 = PLANE('',#10490);
#10490 = AXIS2_PLACEMENT_3D('',#10491,#10492,#10493);
#10491 = CARTESIAN_POINT('',(0.,0.,150.65));
#10492 = DIRECTION('',(0.,0.,1.));
#10493 = DIRECTION('',(-1.,1.224646799147E-16,0.));
#10494 = DEFINITIONAL_REPRESENTATION('',(#10495),#10499);
#10495 = CIRCLE('',#10496,5.1);
#10496 = AXIS2_PLACEMENT_2D('',#10497,#10498);
#10497 = CARTESIAN_POINT('',(0.,0.));
#10498 = DIRECTION('',(-1.,-1.224646799147E-16));
#10499 = ( GEOMETRIC_REPRESENTATION_CONTEXT(2) 
PARAMETRIC_REPRESENTATION_CONTEXT() REPRESENTATION_CONTEXT('2D SPACE',''
  ) );
#10500 = ORIENTED_EDGE('',*,*,#10501,.F.);
#10501 = EDGE_CURVE('',#9994,#10473,#10502,.T.);
#10502 = SURFACE_CURVE('',#10503,(#10507,#10513),.PCURVE_S1.);
#10503 = LINE('',#10504,#10505);
#10504 = CARTESIAN_POINT('',(-4.842520005121,-1.6,147.69));
#10505 = VECTOR('',#10506,1.);
#10506 = DIRECTION('',(0.,0.,1.));
#10507 = PCURVE('',#9903,#10508);
#10508 = DEFINITIONAL_REPRESENTATION('',(#10509),#10512);
#10509 = B_SPLINE_CURVE_WITH_KNOTS('',1,(#10510,#10511),.UNSPECIFIED.,
  .F.,.F.,(2,2),(-2.399999999625E-06,6.502),.PIECEWISE_BEZIER_KNOTS.);
#10510 = CARTESIAN_POINT('',(3.460706733122,-2.399999999625E-06));
#10511 = CARTESIAN_POINT('',(3.460706733122,6.502));
#10512 = ( GEOMETRIC_REPRESENTATION_CONTEXT(2) 
PARAMETRIC_REPRESENTATION_CONTEXT() REPRESENTATION_CONTEXT('2D SPACE',''
  ) );
#10513 = PCURVE('',#10032,#10514);
#10514 = DEFINITIONAL_REPRESENTATION('',(#10515),#10518);
#10515 = B_SPLINE_CURVE_WITH_KNOTS('',1,(#10516,#10517),.UNSPECIFIED.,
  .F.,.F.,(2,2),(-2.399999999625E-06,6.502),.PIECEWISE_BEZIER_KNOTS.);
#10516 = CARTESIAN_POINT('',(9.99760000002E-03,2.757479994879));
#10517 = CARTESIAN_POINT('',(6.512,2.757479994879));
#10518 = ( GEOMETRIC_REPRESENTATION_CONTEXT(2) 
PARAMETRIC_REPRESENTATION_CONTEXT() REPRESENTATION_CONTEXT('2D SPACE',''
  ) );
#10519 = ORIENTED_EDGE('',*,*,#9993,.T.);
#10520 = ADVANCED_FACE('',(#10521),#9930,.F.);
#10521 = FACE_BOUND('',#10522,.F.);
#10522 = EDGE_LOOP('',(#10523,#10524,#10547,#10568,#10569,#10570,#10591,
    #10617));
#10523 = ORIENTED_EDGE('',*,*,#10221,.T.);
#10524 = ORIENTED_EDGE('',*,*,#10525,.T.);
#10525 = EDGE_CURVE('',#10198,#10526,#10528,.T.);
#10526 = VERTEX_POINT('',#10527);
#10527 = CARTESIAN_POINT('',(7.6,1.6,153.6));
#10528 = SURFACE_CURVE('',#10529,(#10533,#10540),.PCURVE_S1.);
#10529 = LINE('',#10530,#10531);
#10530 = CARTESIAN_POINT('',(-7.6,1.6,153.6));
#10531 = VECTOR('',#10532,1.);
#10532 = DIRECTION('',(1.,0.,-0.));
#10533 = PCURVE('',#9930,#10534);
#10534 = DEFINITIONAL_REPRESENTATION('',(#10535),#10539);
#10535 = LINE('',#10536,#10537);
#10536 = CARTESIAN_POINT('',(5.92,0.));
#10537 = VECTOR('',#10538,1.);
#10538 = DIRECTION('',(0.,1.));
#10539 = ( GEOMETRIC_REPRESENTATION_CONTEXT(2) 
PARAMETRIC_REPRESENTATION_CONTEXT() REPRESENTATION_CONTEXT('2D SPACE',''
  ) );
#10540 = PCURVE('',#10134,#10541);
#10541 = DEFINITIONAL_REPRESENTATION('',(#10542),#10546);
#10542 = LINE('',#10543,#10544);
#10543 = CARTESIAN_POINT('',(0.,3.2));
#10544 = VECTOR('',#10545,1.);
#10545 = DIRECTION('',(1.,0.));
#10546 = ( GEOMETRIC_REPRESENTATION_CONTEXT(2) 
PARAMETRIC_REPRESENTATION_CONTEXT() REPRESENTATION_CONTEXT('2D SPACE',''
  ) );
#10547 = ORIENTED_EDGE('',*,*,#10548,.F.);
#10548 = EDGE_CURVE('',#9916,#10526,#10549,.T.);
#10549 = SURFACE_CURVE('',#10550,(#10554,#10561),.PCURVE_S1.);
#10550 = LINE('',#10551,#10552);
#10551 = CARTESIAN_POINT('',(7.6,1.6,147.68));
#10552 = VECTOR('',#10553,1.);
#10553 = DIRECTION('',(0.,0.,1.));
#10554 = PCURVE('',#9930,#10555);
#10555 = DEFINITIONAL_REPRESENTATION('',(#10556),#10560);
#10556 = LINE('',#10557,#10558);
#10557 = CARTESIAN_POINT('',(0.,15.2));
#10558 = VECTOR('',#10559,1.);
#10559 = DIRECTION('',(1.,0.));
#10560 = ( GEOMETRIC_REPRESENTATION_CONTEXT(2) 
PARAMETRIC_REPRESENTATION_CONTEXT() REPRESENTATION_CONTEXT('2D SPACE',''
  ) );
#10561 = PCURVE('',#9956,#10562);
#10562 = DEFINITIONAL_REPRESENTATION('',(#10563),#10567);
#10563 = LINE('',#10564,#10565);
#10564 = CARTESIAN_POINT('',(0.,-3.2));
#10565 = VECTOR('',#10566,1.);
#10566 = DIRECTION('',(1.,0.));
#10567 = ( GEOMETRIC_REPRESENTATION_CONTEXT(2) 
PARAMETRIC_REPRESENTATION_CONTEXT() REPRESENTATION_CONTEXT('2D SPACE',''
  ) );
#10568 = ORIENTED_EDGE('',*,*,#9915,.T.);
#10569 = ORIENTED_EDGE('',*,*,#10326,.T.);
#10570 = ORIENTED_EDGE('',*,*,#10571,.F.);
#10571 = EDGE_CURVE('',#10572,#10298,#10574,.T.);
#10572 = VERTEX_POINT('',#10573);
#10573 = CARTESIAN_POINT('',(7.429670248403,1.6,150.65));
#10574 = SURFACE_CURVE('',#10575,(#10579,#10585),.PCURVE_S1.);
#10575 = LINE('',#10576,#10577);
#10576 = CARTESIAN_POINT('',(-3.8,1.6,150.65));
#10577 = VECTOR('',#10578,1.);
#10578 = DIRECTION('',(-1.,-0.,0.));
#10579 = PCURVE('',#9930,#10580);
#10580 = DEFINITIONAL_REPRESENTATION('',(#10581),#10584);
#10581 = B_SPLINE_CURVE_WITH_KNOTS('',1,(#10582,#10583),.UNSPECIFIED.,
  .F.,.F.,(2,2),(-11.4,-3.137616355118),.PIECEWISE_BEZIER_KNOTS.);
#10582 = CARTESIAN_POINT('',(2.97,15.2));
#10583 = CARTESIAN_POINT('',(2.97,6.937616355118));
#10584 = ( GEOMETRIC_REPRESENTATION_CONTEXT(2) 
PARAMETRIC_REPRESENTATION_CONTEXT() REPRESENTATION_CONTEXT('2D SPACE',''
  ) );
#10585 = PCURVE('',#10314,#10586);
#10586 = DEFINITIONAL_REPRESENTATION('',(#10587),#10590);
#10587 = B_SPLINE_CURVE_WITH_KNOTS('',1,(#10588,#10589),.UNSPECIFIED.,
  .F.,.F.,(2,2),(-11.4,-3.137616355118),.PIECEWISE_BEZIER_KNOTS.);
#10588 = CARTESIAN_POINT('',(7.6,1.6));
#10589 = CARTESIAN_POINT('',(-0.662383644882,1.6));
#10590 = ( GEOMETRIC_REPRESENTATION_CONTEXT(2) 
PARAMETRIC_REPRESENTATION_CONTEXT() REPRESENTATION_CONTEXT('2D SPACE',''
  ) );
#10591 = ORIENTED_EDGE('',*,*,#10592,.T.);
#10592 = EDGE_CURVE('',#10572,#10593,#10595,.T.);
#10593 = VERTEX_POINT('',#10594);
#10594 = CARTESIAN_POINT('',(7.429670248403,1.6,153.55));
#10595 = SURFACE_CURVE('',#10596,(#10600,#10606),.PCURVE_S1.);
#10596 = LINE('',#10597,#10598);
#10597 = CARTESIAN_POINT('',(7.429670248403,1.6,150.65));
#10598 = VECTOR('',#10599,1.);
#10599 = DIRECTION('',(0.,0.,1.));
#10600 = PCURVE('',#9930,#10601);
#10601 = DEFINITIONAL_REPRESENTATION('',(#10602),#10605);
#10602 = B_SPLINE_CURVE_WITH_KNOTS('',1,(#10603,#10604),.UNSPECIFIED.,
  .F.,.F.,(2,2),(-2.399999999625E-06,2.9000024),
  .PIECEWISE_BEZIER_KNOTS.);
#10603 = CARTESIAN_POINT('',(2.9699976,15.029670248403));
#10604 = CARTESIAN_POINT('',(5.8700024,15.029670248403));
#10605 = ( GEOMETRIC_REPRESENTATION_CONTEXT(2) 
PARAMETRIC_REPRESENTATION_CONTEXT() REPRESENTATION_CONTEXT('2D SPACE',''
  ) );
#10606 = PCURVE('',#10607,#10612);
#10607 = CYLINDRICAL_SURFACE('',#10608,7.6);
#10608 = AXIS2_PLACEMENT_3D('',#10609,#10610,#10611);
#10609 = CARTESIAN_POINT('',(0.,0.,150.65));
#10610 = DIRECTION('',(0.,0.,1.));
#10611 = DIRECTION('',(1.,0.,-0.));
#10612 = DEFINITIONAL_REPRESENTATION('',(#10613),#10616);
#10613 = B_SPLINE_CURVE_WITH_KNOTS('',1,(#10614,#10615),.UNSPECIFIED.,
  .F.,.F.,(2,2),(-2.399999999625E-06,2.9000024),
  .PIECEWISE_BEZIER_KNOTS.);
#10614 = CARTESIAN_POINT('',(0.212113310479,-2.399999999625E-06));
#10615 = CARTESIAN_POINT('',(0.212113310479,2.9000024));
#10616 = ( GEOMETRIC_REPRESENTATION_CONTEXT(2) 
PARAMETRIC_REPRESENTATION_CONTEXT() REPRESENTATION_CONTEXT('2D SPACE',''
  ) );
#10617 = ORIENTED_EDGE('',*,*,#10618,.F.);
#10618 = EDGE_CURVE('',#10222,#10593,#10619,.T.);
#10619 = SURFACE_CURVE('',#10620,(#10624,#10630),.PCURVE_S1.);
#10620 = LINE('',#10621,#10622);
#10621 = CARTESIAN_POINT('',(-3.8,1.6,153.55));
#10622 = VECTOR('',#10623,1.);
#10623 = DIRECTION('',(1.,0.,-0.));
#10624 = PCURVE('',#9930,#10625);
#10625 = DEFINITIONAL_REPRESENTATION('',(#10626),#10629);
#10626 = B_SPLINE_CURVE_WITH_KNOTS('',1,(#10627,#10628),.UNSPECIFIED.,
  .F.,.F.,(2,2),(3.137616355118,11.4),.PIECEWISE_BEZIER_KNOTS.);
#10627 = CARTESIAN_POINT('',(5.87,6.937616355118));
#10628 = CARTESIAN_POINT('',(5.87,15.2));
#10629 = ( GEOMETRIC_REPRESENTATION_CONTEXT(2) 
PARAMETRIC_REPRESENTATION_CONTEXT() REPRESENTATION_CONTEXT('2D SPACE',''
  ) );
#10630 = PCURVE('',#10259,#10631);
#10631 = DEFINITIONAL_REPRESENTATION('',(#10632),#10635);
#10632 = B_SPLINE_CURVE_WITH_KNOTS('',1,(#10633,#10634),.UNSPECIFIED.,
  .F.,.F.,(2,2),(3.137616355118,11.4),.PIECEWISE_BEZIER_KNOTS.);
#10633 = CARTESIAN_POINT('',(-0.662383644882,1.6));
#10634 = CARTESIAN_POINT('',(7.6,1.6));
#10635 = ( GEOMETRIC_REPRESENTATION_CONTEXT(2) 
PARAMETRIC_REPRESENTATION_CONTEXT() REPRESENTATION_CONTEXT('2D SPACE',''
  ) );
#10636 = ADVANCED_FACE('',(#10637),#10082,.F.);
#10637 = FACE_BOUND('',#10638,.F.);
#10638 = EDGE_LOOP('',(#10639,#10640,#10663,#10684));
#10639 = ORIENTED_EDGE('',*,*,#10069,.T.);
#10640 = ORIENTED_EDGE('',*,*,#10641,.T.);
#10641 = EDGE_CURVE('',#10044,#10642,#10644,.T.);
#10642 = VERTEX_POINT('',#10643);
#10643 = CARTESIAN_POINT('',(-7.6,1.6,153.6));
#10644 = SURFACE_CURVE('',#10645,(#10649,#10656),.PCURVE_S1.);
#10645 = LINE('',#10646,#10647);
#10646 = CARTESIAN_POINT('',(-7.6,1.6,147.68));
#10647 = VECTOR('',#10648,1.);
#10648 = DIRECTION('',(0.,0.,1.));
#10649 = PCURVE('',#10082,#10650);
#10650 = DEFINITIONAL_REPRESENTATION('',(#10651),#10655);
#10651 = LINE('',#10652,#10653);
#10652 = CARTESIAN_POINT('',(0.,0.));
#10653 = VECTOR('',#10654,1.);
#10654 = DIRECTION('',(1.,0.));
#10655 = ( GEOMETRIC_REPRESENTATION_CONTEXT(2) 
PARAMETRIC_REPRESENTATION_CONTEXT() REPRESENTATION_CONTEXT('2D SPACE',''
  ) );
#10656 = PCURVE('',#10058,#10657);
#10657 = DEFINITIONAL_REPRESENTATION('',(#10658),#10662);
#10658 = LINE('',#10659,#10660);
#10659 = CARTESIAN_POINT('',(0.,-3.2));
#10660 = VECTOR('',#10661,1.);
#10661 = DIRECTION('',(1.,0.));
#10662 = ( GEOMETRIC_REPRESENTATION_CONTEXT(2) 
PARAMETRIC_REPRESENTATION_CONTEXT() REPRESENTATION_CONTEXT('2D SPACE',''
  ) );
#10663 = ORIENTED_EDGE('',*,*,#10664,.T.);
#10664 = EDGE_CURVE('',#10642,#10347,#10665,.T.);
#10665 = SURFACE_CURVE('',#10666,(#10670,#10677),.PCURVE_S1.);
#10666 = LINE('',#10667,#10668);
#10667 = CARTESIAN_POINT('',(-7.6,1.6,153.6));
#10668 = VECTOR('',#10669,1.);
#10669 = DIRECTION('',(1.,0.,-0.));
#10670 = PCURVE('',#10082,#10671);
#10671 = DEFINITIONAL_REPRESENTATION('',(#10672),#10676);
#10672 = LINE('',#10673,#10674);
#10673 = CARTESIAN_POINT('',(5.92,0.));
#10674 = VECTOR('',#10675,1.);
#10675 = DIRECTION('',(0.,1.));
#10676 = ( GEOMETRIC_REPRESENTATION_CONTEXT(2) 
PARAMETRIC_REPRESENTATION_CONTEXT() REPRESENTATION_CONTEXT('2D SPACE',''
  ) );
#10677 = PCURVE('',#10384,#10678);
#10678 = DEFINITIONAL_REPRESENTATION('',(#10679),#10683);
#10679 = LINE('',#10680,#10681);
#10680 = CARTESIAN_POINT('',(0.,3.2));
#10681 = VECTOR('',#10682,1.);
#10682 = DIRECTION('',(1.,0.));
#10683 = ( GEOMETRIC_REPRESENTATION_CONTEXT(2) 
PARAMETRIC_REPRESENTATION_CONTEXT() REPRESENTATION_CONTEXT('2D SPACE',''
  ) );
#10684 = ORIENTED_EDGE('',*,*,#10346,.F.);
#10685 = ADVANCED_FACE('',(#10686),#9956,.F.);
#10686 = FACE_BOUND('',#10687,.F.);
#10687 = EDGE_LOOP('',(#10688,#10711,#10712,#10713));
#10688 = ORIENTED_EDGE('',*,*,#10689,.F.);
#10689 = EDGE_CURVE('',#9942,#10690,#10692,.T.);
#10690 = VERTEX_POINT('',#10691);
#10691 = CARTESIAN_POINT('',(7.6,-1.6,153.6));
#10692 = SURFACE_CURVE('',#10693,(#10697,#10704),.PCURVE_S1.);
#10693 = LINE('',#10694,#10695);
#10694 = CARTESIAN_POINT('',(7.6,-1.6,147.68));
#10695 = VECTOR('',#10696,1.);
#10696 = DIRECTION('',(0.,0.,1.));
#10697 = PCURVE('',#9956,#10698);
#10698 = DEFINITIONAL_REPRESENTATION('',(#10699),#10703);
#10699 = LINE('',#10700,#10701);
#10700 = CARTESIAN_POINT('',(0.,0.));
#10701 = VECTOR('',#10702,1.);
#10702 = DIRECTION('',(1.,0.));
#10703 = ( GEOMETRIC_REPRESENTATION_CONTEXT(2) 
PARAMETRIC_REPRESENTATION_CONTEXT() REPRESENTATION_CONTEXT('2D SPACE',''
  ) );
#10704 = PCURVE('',#9982,#10705);
#10705 = DEFINITIONAL_REPRESENTATION('',(#10706),#10710);
#10706 = LINE('',#10707,#10708);
#10707 = CARTESIAN_POINT('',(0.,15.2));
#10708 = VECTOR('',#10709,1.);
#10709 = DIRECTION('',(1.,0.));
#10710 = ( GEOMETRIC_REPRESENTATION_CONTEXT(2) 
PARAMETRIC_REPRESENTATION_CONTEXT() REPRESENTATION_CONTEXT('2D SPACE',''
  ) );
#10711 = ORIENTED_EDGE('',*,*,#9941,.T.);
#10712 = ORIENTED_EDGE('',*,*,#10548,.T.);
#10713 = ORIENTED_EDGE('',*,*,#10714,.F.);
#10714 = EDGE_CURVE('',#10690,#10526,#10715,.T.);
#10715 = SURFACE_CURVE('',#10716,(#10720,#10727),.PCURVE_S1.);
#10716 = LINE('',#10717,#10718);
#10717 = CARTESIAN_POINT('',(7.6,-1.6,153.6));
#10718 = VECTOR('',#10719,1.);
#10719 = DIRECTION('',(-0.,1.,0.));
#10720 = PCURVE('',#9956,#10721);
#10721 = DEFINITIONAL_REPRESENTATION('',(#10722),#10726);
#10722 = LINE('',#10723,#10724);
#10723 = CARTESIAN_POINT('',(5.92,0.));
#10724 = VECTOR('',#10725,1.);
#10725 = DIRECTION('',(0.,-1.));
#10726 = ( GEOMETRIC_REPRESENTATION_CONTEXT(2) 
PARAMETRIC_REPRESENTATION_CONTEXT() REPRESENTATION_CONTEXT('2D SPACE',''
  ) );
#10727 = PCURVE('',#10134,#10728);
#10728 = DEFINITIONAL_REPRESENTATION('',(#10729),#10733);
#10729 = LINE('',#10730,#10731);
#10730 = CARTESIAN_POINT('',(15.2,0.));
#10731 = VECTOR('',#10732,1.);
#10732 = DIRECTION('',(0.,1.));
#10733 = ( GEOMETRIC_REPRESENTATION_CONTEXT(2) 
PARAMETRIC_REPRESENTATION_CONTEXT() REPRESENTATION_CONTEXT('2D SPACE',''
  ) );
#10734 = ADVANCED_FACE('',(#10735),#10058,.T.);
#10735 = FACE_BOUND('',#10736,.T.);
#10736 = EDGE_LOOP('',(#10737,#10760,#10761,#10762));
#10737 = ORIENTED_EDGE('',*,*,#10738,.F.);
#10738 = EDGE_CURVE('',#10018,#10739,#10741,.T.);
#10739 = VERTEX_POINT('',#10740);
#10740 = CARTESIAN_POINT('',(-7.6,-1.6,153.6));
#10741 = SURFACE_CURVE('',#10742,(#10746,#10753),.PCURVE_S1.);
#10742 = LINE('',#10743,#10744);
#10743 = CARTESIAN_POINT('',(-7.6,-1.6,147.68));
#10744 = VECTOR('',#10745,1.);
#10745 = DIRECTION('',(0.,0.,1.));
#10746 = PCURVE('',#10058,#10747);
#10747 = DEFINITIONAL_REPRESENTATION('',(#10748),#10752);
#10748 = LINE('',#10749,#10750);
#10749 = CARTESIAN_POINT('',(0.,0.));
#10750 = VECTOR('',#10751,1.);
#10751 = DIRECTION('',(1.,0.));
#10752 = ( GEOMETRIC_REPRESENTATION_CONTEXT(2) 
PARAMETRIC_REPRESENTATION_CONTEXT() REPRESENTATION_CONTEXT('2D SPACE',''
  ) );
#10753 = PCURVE('',#10032,#10754);
#10754 = DEFINITIONAL_REPRESENTATION('',(#10755),#10759);
#10755 = LINE('',#10756,#10757);
#10756 = CARTESIAN_POINT('',(0.,0.));
#10757 = VECTOR('',#10758,1.);
#10758 = DIRECTION('',(1.,0.));
#10759 = ( GEOMETRIC_REPRESENTATION_CONTEXT(2) 
PARAMETRIC_REPRESENTATION_CONTEXT() REPRESENTATION_CONTEXT('2D SPACE',''
  ) );
#10760 = ORIENTED_EDGE('',*,*,#10043,.T.);
#10761 = ORIENTED_EDGE('',*,*,#10641,.T.);
#10762 = ORIENTED_EDGE('',*,*,#10763,.F.);
#10763 = EDGE_CURVE('',#10739,#10642,#10764,.T.);
#10764 = SURFACE_CURVE('',#10765,(#10769,#10776),.PCURVE_S1.);
#10765 = LINE('',#10766,#10767);
#10766 = CARTESIAN_POINT('',(-7.6,-1.6,153.6));
#10767 = VECTOR('',#10768,1.);
#10768 = DIRECTION('',(-0.,1.,0.));
#10769 = PCURVE('',#10058,#10770);
#10770 = DEFINITIONAL_REPRESENTATION('',(#10771),#10775);
#10771 = LINE('',#10772,#10773);
#10772 = CARTESIAN_POINT('',(5.92,0.));
#10773 = VECTOR('',#10774,1.);
#10774 = DIRECTION('',(0.,-1.));
#10775 = ( GEOMETRIC_REPRESENTATION_CONTEXT(2) 
PARAMETRIC_REPRESENTATION_CONTEXT() REPRESENTATION_CONTEXT('2D SPACE',''
  ) );
#10776 = PCURVE('',#10384,#10777);
#10777 = DEFINITIONAL_REPRESENTATION('',(#10778),#10782);
#10778 = LINE('',#10779,#10780);
#10779 = CARTESIAN_POINT('',(0.,0.));
#10780 = VECTOR('',#10781,1.);
#10781 = DIRECTION('',(0.,1.));
#10782 = ( GEOMETRIC_REPRESENTATION_CONTEXT(2) 
PARAMETRIC_REPRESENTATION_CONTEXT() REPRESENTATION_CONTEXT('2D SPACE',''
  ) );
#10783 = ADVANCED_FACE('',(#10784),#9982,.T.);
#10784 = FACE_BOUND('',#10785,.T.);
#10785 = EDGE_LOOP('',(#10786,#10787,#10808,#10809));
#10786 = ORIENTED_EDGE('',*,*,#10096,.T.);
#10787 = ORIENTED_EDGE('',*,*,#10788,.T.);
#10788 = EDGE_CURVE('',#10097,#10690,#10789,.T.);
#10789 = SURFACE_CURVE('',#10790,(#10794,#10801),.PCURVE_S1.);
#10790 = LINE('',#10791,#10792);
#10791 = CARTESIAN_POINT('',(-7.6,-1.6,153.6));
#10792 = VECTOR('',#10793,1.);
#10793 = DIRECTION('',(1.,0.,-0.));
#10794 = PCURVE('',#9982,#10795);
#10795 = DEFINITIONAL_REPRESENTATION('',(#10796),#10800);
#10796 = LINE('',#10797,#10798);
#10797 = CARTESIAN_POINT('',(5.92,0.));
#10798 = VECTOR('',#10799,1.);
#10799 = DIRECTION('',(0.,1.));
#10800 = ( GEOMETRIC_REPRESENTATION_CONTEXT(2) 
PARAMETRIC_REPRESENTATION_CONTEXT() REPRESENTATION_CONTEXT('2D SPACE',''
  ) );
#10801 = PCURVE('',#10134,#10802);
#10802 = DEFINITIONAL_REPRESENTATION('',(#10803),#10807);
#10803 = LINE('',#10804,#10805);
#10804 = CARTESIAN_POINT('',(0.,0.));
#10805 = VECTOR('',#10806,1.);
#10806 = DIRECTION('',(1.,0.));
#10807 = ( GEOMETRIC_REPRESENTATION_CONTEXT(2) 
PARAMETRIC_REPRESENTATION_CONTEXT() REPRESENTATION_CONTEXT('2D SPACE',''
  ) );
#10808 = ORIENTED_EDGE('',*,*,#10689,.F.);
#10809 = ORIENTED_EDGE('',*,*,#9967,.T.);
#10810 = ADVANCED_FACE('',(#10811),#10032,.T.);
#10811 = FACE_BOUND('',#10812,.T.);
#10812 = EDGE_LOOP('',(#10813,#10814,#10815,#10816,#10837,#10838,#10859,
    #10885));
#10813 = ORIENTED_EDGE('',*,*,#10501,.F.);
#10814 = ORIENTED_EDGE('',*,*,#10017,.T.);
#10815 = ORIENTED_EDGE('',*,*,#10738,.T.);
#10816 = ORIENTED_EDGE('',*,*,#10817,.T.);
#10817 = EDGE_CURVE('',#10739,#10368,#10818,.T.);
#10818 = SURFACE_CURVE('',#10819,(#10823,#10830),.PCURVE_S1.);
#10819 = LINE('',#10820,#10821);
#10820 = CARTESIAN_POINT('',(-7.6,-1.6,153.6));
#10821 = VECTOR('',#10822,1.);
#10822 = DIRECTION('',(1.,0.,-0.));
#10823 = PCURVE('',#10032,#10824);
#10824 = DEFINITIONAL_REPRESENTATION('',(#10825),#10829);
#10825 = LINE('',#10826,#10827);
#10826 = CARTESIAN_POINT('',(5.92,0.));
#10827 = VECTOR('',#10828,1.);
#10828 = DIRECTION('',(0.,1.));
#10829 = ( GEOMETRIC_REPRESENTATION_CONTEXT(2) 
PARAMETRIC_REPRESENTATION_CONTEXT() REPRESENTATION_CONTEXT('2D SPACE',''
  ) );
#10830 = PCURVE('',#10384,#10831);
#10831 = DEFINITIONAL_REPRESENTATION('',(#10832),#10836);
#10832 = LINE('',#10833,#10834);
#10833 = CARTESIAN_POINT('',(0.,0.));
#10834 = VECTOR('',#10835,1.);
#10835 = DIRECTION('',(1.,0.));
#10836 = ( GEOMETRIC_REPRESENTATION_CONTEXT(2) 
PARAMETRIC_REPRESENTATION_CONTEXT() REPRESENTATION_CONTEXT('2D SPACE',''
  ) );
#10837 = ORIENTED_EDGE('',*,*,#10396,.F.);
#10838 = ORIENTED_EDGE('',*,*,#10839,.F.);
#10839 = EDGE_CURVE('',#10840,#10397,#10842,.T.);
#10840 = VERTEX_POINT('',#10841);
#10841 = CARTESIAN_POINT('',(-7.429670248403,-1.6,153.55));
#10842 = SURFACE_CURVE('',#10843,(#10847,#10853),.PCURVE_S1.);
#10843 = LINE('',#10844,#10845);
#10844 = CARTESIAN_POINT('',(-3.8,-1.6,153.55));
#10845 = VECTOR('',#10846,1.);
#10846 = DIRECTION('',(1.,0.,-0.));
#10847 = PCURVE('',#10032,#10848);
#10848 = DEFINITIONAL_REPRESENTATION('',(#10849),#10852);
#10849 = B_SPLINE_CURVE_WITH_KNOTS('',1,(#10850,#10851),.UNSPECIFIED.,
  .F.,.F.,(2,2),(-3.8,4.462383644882),.PIECEWISE_BEZIER_KNOTS.);
#10850 = CARTESIAN_POINT('',(5.87,0.));
#10851 = CARTESIAN_POINT('',(5.87,8.262383644882));
#10852 = ( GEOMETRIC_REPRESENTATION_CONTEXT(2) 
PARAMETRIC_REPRESENTATION_CONTEXT() REPRESENTATION_CONTEXT('2D SPACE',''
  ) );
#10853 = PCURVE('',#10434,#10854);
#10854 = DEFINITIONAL_REPRESENTATION('',(#10855),#10858);
#10855 = B_SPLINE_CURVE_WITH_KNOTS('',1,(#10856,#10857),.UNSPECIFIED.,
  .F.,.F.,(2,2),(-3.8,4.462383644882),.PIECEWISE_BEZIER_KNOTS.);
#10856 = CARTESIAN_POINT('',(7.6,1.6));
#10857 = CARTESIAN_POINT('',(-0.662383644882,1.6));
#10858 = ( GEOMETRIC_REPRESENTATION_CONTEXT(2) 
PARAMETRIC_REPRESENTATION_CONTEXT() REPRESENTATION_CONTEXT('2D SPACE',''
  ) );
#10859 = ORIENTED_EDGE('',*,*,#10860,.F.);
#10860 = EDGE_CURVE('',#10861,#10840,#10863,.T.);
#10861 = VERTEX_POINT('',#10862);
#10862 = CARTESIAN_POINT('',(-7.429670248403,-1.6,150.65));
#10863 = SURFACE_CURVE('',#10864,(#10868,#10874),.PCURVE_S1.);
#10864 = LINE('',#10865,#10866);
#10865 = CARTESIAN_POINT('',(-7.429670248403,-1.6,150.65));
#10866 = VECTOR('',#10867,1.);
#10867 = DIRECTION('',(0.,0.,1.));
#10868 = PCURVE('',#10032,#10869);
#10869 = DEFINITIONAL_REPRESENTATION('',(#10870),#10873);
#10870 = B_SPLINE_CURVE_WITH_KNOTS('',1,(#10871,#10872),.UNSPECIFIED.,
  .F.,.F.,(2,2),(-2.399999999625E-06,2.9000024),
  .PIECEWISE_BEZIER_KNOTS.);
#10871 = CARTESIAN_POINT('',(2.9699976,0.170329751597));
#10872 = CARTESIAN_POINT('',(5.8700024,0.170329751597));
#10873 = ( GEOMETRIC_REPRESENTATION_CONTEXT(2) 
PARAMETRIC_REPRESENTATION_CONTEXT() REPRESENTATION_CONTEXT('2D SPACE',''
  ) );
#10874 = PCURVE('',#10875,#10880);
#10875 = CYLINDRICAL_SURFACE('',#10876,7.6);
#10876 = AXIS2_PLACEMENT_3D('',#10877,#10878,#10879);
#10877 = CARTESIAN_POINT('',(0.,0.,150.65));
#10878 = DIRECTION('',(0.,0.,1.));
#10879 = DIRECTION('',(-1.,1.224646799147E-16,0.));
#10880 = DEFINITIONAL_REPRESENTATION('',(#10881),#10884);
#10881 = B_SPLINE_CURVE_WITH_KNOTS('',1,(#10882,#10883),.UNSPECIFIED.,
  .F.,.F.,(2,2),(-2.399999999625E-06,2.9000024),
  .PIECEWISE_BEZIER_KNOTS.);
#10882 = CARTESIAN_POINT('',(0.212113310479,-2.399999999625E-06));
#10883 = CARTESIAN_POINT('',(0.212113310479,2.9000024));
#10884 = ( GEOMETRIC_REPRESENTATION_CONTEXT(2) 
PARAMETRIC_REPRESENTATION_CONTEXT() REPRESENTATION_CONTEXT('2D SPACE',''
  ) );
#10885 = ORIENTED_EDGE('',*,*,#10886,.F.);
#10886 = EDGE_CURVE('',#10473,#10861,#10887,.T.);
#10887 = SURFACE_CURVE('',#10888,(#10892,#10898),.PCURVE_S1.);
#10888 = LINE('',#10889,#10890);
#10889 = CARTESIAN_POINT('',(-3.8,-1.6,150.65));
#10890 = VECTOR('',#10891,1.);
#10891 = DIRECTION('',(-1.,-0.,0.));
#10892 = PCURVE('',#10032,#10893);
#10893 = DEFINITIONAL_REPRESENTATION('',(#10894),#10897);
#10894 = B_SPLINE_CURVE_WITH_KNOTS('',1,(#10895,#10896),.UNSPECIFIED.,
  .F.,.F.,(2,2),(-4.462383644882,3.8),.PIECEWISE_BEZIER_KNOTS.);
#10895 = CARTESIAN_POINT('',(2.97,8.262383644882));
#10896 = CARTESIAN_POINT('',(2.97,0.));
#10897 = ( GEOMETRIC_REPRESENTATION_CONTEXT(2) 
PARAMETRIC_REPRESENTATION_CONTEXT() REPRESENTATION_CONTEXT('2D SPACE',''
  ) );
#10898 = PCURVE('',#10489,#10899);
#10899 = DEFINITIONAL_REPRESENTATION('',(#10900),#10903);
#10900 = B_SPLINE_CURVE_WITH_KNOTS('',1,(#10901,#10902),.UNSPECIFIED.,
  .F.,.F.,(2,2),(-4.462383644882,3.8),.PIECEWISE_BEZIER_KNOTS.);
#10901 = CARTESIAN_POINT('',(-0.662383644882,1.6));
#10902 = CARTESIAN_POINT('',(7.6,1.6));
#10903 = ( GEOMETRIC_REPRESENTATION_CONTEXT(2) 
PARAMETRIC_REPRESENTATION_CONTEXT() REPRESENTATION_CONTEXT('2D SPACE',''
  ) );
#10904 = ADVANCED_FACE('',(#10905),#10489,.T.);
#10905 = FACE_BOUND('',#10906,.F.);
#10906 = EDGE_LOOP('',(#10907,#10908,#10931,#10953));
#10907 = ORIENTED_EDGE('',*,*,#10472,.T.);
#10908 = ORIENTED_EDGE('',*,*,#10909,.T.);
#10909 = EDGE_CURVE('',#10447,#10910,#10912,.T.);
#10910 = VERTEX_POINT('',#10911);
#10911 = CARTESIAN_POINT('',(0.662383644882,-7.571079705497,150.65));
#10912 = SURFACE_CURVE('',#10913,(#10917,#10924),.PCURVE_S1.);
#10913 = LINE('',#10914,#10915);
#10914 = CARTESIAN_POINT('',(0.443622730586,-5.070631013287,150.65));
#10915 = VECTOR('',#10916,1.);
#10916 = DIRECTION('',(8.715574274766E-02,-0.996194698092,0.));
#10917 = PCURVE('',#10489,#10918);
#10918 = DEFINITIONAL_REPRESENTATION('',(#10919),#10923);
#10919 = LINE('',#10920,#10921);
#10920 = CARTESIAN_POINT('',(-0.443622730586,5.070631013287));
#10921 = VECTOR('',#10922,1.);
#10922 = DIRECTION('',(-8.715574274766E-02,0.996194698092));
#10923 = ( GEOMETRIC_REPRESENTATION_CONTEXT(2) 
PARAMETRIC_REPRESENTATION_CONTEXT() REPRESENTATION_CONTEXT('2D SPACE',''
  ) );
#10924 = PCURVE('',#10461,#10925);
#10925 = DEFINITIONAL_REPRESENTATION('',(#10926),#10930);
#10926 = LINE('',#10927,#10928);
#10927 = CARTESIAN_POINT('',(-1.255,-1.45));
#10928 = VECTOR('',#10929,1.);
#10929 = DIRECTION('',(1.,0.));
#10930 = ( GEOMETRIC_REPRESENTATION_CONTEXT(2) 
PARAMETRIC_REPRESENTATION_CONTEXT() REPRESENTATION_CONTEXT('2D SPACE',''
  ) );
#10931 = ORIENTED_EDGE('',*,*,#10932,.F.);
#10932 = EDGE_CURVE('',#10861,#10910,#10933,.T.);
#10933 = SURFACE_CURVE('',#10934,(#10939,#10946),.PCURVE_S1.);
#10934 = CIRCLE('',#10935,7.6);
#10935 = AXIS2_PLACEMENT_3D('',#10936,#10937,#10938);
#10936 = CARTESIAN_POINT('',(0.,0.,150.65));
#10937 = DIRECTION('',(0.,0.,1.));
#10938 = DIRECTION('',(-1.,1.224646799147E-16,0.));
#10939 = PCURVE('',#10489,#10940);
#10940 = DEFINITIONAL_REPRESENTATION('',(#10941),#10945);
#10941 = CIRCLE('',#10942,7.6);
#10942 = AXIS2_PLACEMENT_2D('',#10943,#10944);
#10943 = CARTESIAN_POINT('',(0.,0.));
#10944 = DIRECTION('',(1.,-0.));
#10945 = ( GEOMETRIC_REPRESENTATION_CONTEXT(2) 
PARAMETRIC_REPRESENTATION_CONTEXT() REPRESENTATION_CONTEXT('2D SPACE',''
  ) );
#10946 = PCURVE('',#10875,#10947);
#10947 = DEFINITIONAL_REPRESENTATION('',(#10948),#10952);
#10948 = LINE('',#10949,#10950);
#10949 = CARTESIAN_POINT('',(0.,0.));
#10950 = VECTOR('',#10951,1.);
#10951 = DIRECTION('',(1.,0.));
#10952 = ( GEOMETRIC_REPRESENTATION_CONTEXT(2) 
PARAMETRIC_REPRESENTATION_CONTEXT() REPRESENTATION_CONTEXT('2D SPACE',''
  ) );
#10953 = ORIENTED_EDGE('',*,*,#10886,.F.);
#10954 = ADVANCED_FACE('',(#10955),#10461,.T.);
#10955 = FACE_BOUND('',#10956,.T.);
#10956 = EDGE_LOOP('',(#10957,#10958,#10959,#10982));
#10957 = ORIENTED_EDGE('',*,*,#10446,.F.);
#10958 = ORIENTED_EDGE('',*,*,#10909,.T.);
#10959 = ORIENTED_EDGE('',*,*,#10960,.T.);
#10960 = EDGE_CURVE('',#10910,#10961,#10963,.T.);
#10961 = VERTEX_POINT('',#10962);
#10962 = CARTESIAN_POINT('',(0.662383644882,-7.571079705497,153.55));
#10963 = SURFACE_CURVE('',#10964,(#10968,#10975),.PCURVE_S1.);
#10964 = LINE('',#10965,#10966);
#10965 = CARTESIAN_POINT('',(0.662383644882,-7.571079705497,150.65));
#10966 = VECTOR('',#10967,1.);
#10967 = DIRECTION('',(0.,0.,1.));
#10968 = PCURVE('',#10461,#10969);
#10969 = DEFINITIONAL_REPRESENTATION('',(#10970),#10974);
#10970 = LINE('',#10971,#10972);
#10971 = CARTESIAN_POINT('',(1.255,-1.45));
#10972 = VECTOR('',#10973,1.);
#10973 = DIRECTION('',(0.,1.));
#10974 = ( GEOMETRIC_REPRESENTATION_CONTEXT(2) 
PARAMETRIC_REPRESENTATION_CONTEXT() REPRESENTATION_CONTEXT('2D SPACE',''
  ) );
#10975 = PCURVE('',#10875,#10976);
#10976 = DEFINITIONAL_REPRESENTATION('',(#10977),#10981);
#10977 = LINE('',#10978,#10979);
#10978 = CARTESIAN_POINT('',(1.658062789395,0.));
#10979 = VECTOR('',#10980,1.);
#10980 = DIRECTION('',(0.,1.));
#10981 = ( GEOMETRIC_REPRESENTATION_CONTEXT(2) 
PARAMETRIC_REPRESENTATION_CONTEXT() REPRESENTATION_CONTEXT('2D SPACE',''
  ) );
#10982 = ORIENTED_EDGE('',*,*,#10983,.T.);
#10983 = EDGE_CURVE('',#10961,#10418,#10984,.T.);
#10984 = SURFACE_CURVE('',#10985,(#10989,#10996),.PCURVE_S1.);
#10985 = LINE('',#10986,#10987);
#10986 = CARTESIAN_POINT('',(0.662383644882,-7.571079705497,153.55));
#10987 = VECTOR('',#10988,1.);
#10988 = DIRECTION('',(-8.715574274766E-02,0.996194698092,0.));
#10989 = PCURVE('',#10461,#10990);
#10990 = DEFINITIONAL_REPRESENTATION('',(#10991),#10995);
#10991 = LINE('',#10992,#10993);
#10992 = CARTESIAN_POINT('',(1.255,1.45));
#10993 = VECTOR('',#10994,1.);
#10994 = DIRECTION('',(-1.,0.));
#10995 = ( GEOMETRIC_REPRESENTATION_CONTEXT(2) 
PARAMETRIC_REPRESENTATION_CONTEXT() REPRESENTATION_CONTEXT('2D SPACE',''
  ) );
#10996 = PCURVE('',#10434,#10997);
#10997 = DEFINITIONAL_REPRESENTATION('',(#10998),#11002);
#10998 = LINE('',#10999,#11000);
#10999 = CARTESIAN_POINT('',(-0.662383644882,7.571079705497));
#11000 = VECTOR('',#11001,1.);
#11001 = DIRECTION('',(8.715574274766E-02,-0.996194698092));
#11002 = ( GEOMETRIC_REPRESENTATION_CONTEXT(2) 
PARAMETRIC_REPRESENTATION_CONTEXT() REPRESENTATION_CONTEXT('2D SPACE',''
  ) );
#11003 = ADVANCED_FACE('',(#11004),#10434,.F.);
#11004 = FACE_BOUND('',#11005,.F.);
#11005 = EDGE_LOOP('',(#11006,#11007,#11029,#11030));
#11006 = ORIENTED_EDGE('',*,*,#10839,.F.);
#11007 = ORIENTED_EDGE('',*,*,#11008,.T.);
#11008 = EDGE_CURVE('',#10840,#10961,#11009,.T.);
#11009 = SURFACE_CURVE('',#11010,(#11015,#11022),.PCURVE_S1.);
#11010 = CIRCLE('',#11011,7.6);
#11011 = AXIS2_PLACEMENT_3D('',#11012,#11013,#11014);
#11012 = CARTESIAN_POINT('',(0.,0.,153.55));
#11013 = DIRECTION('',(0.,0.,1.));
#11014 = DIRECTION('',(-1.,1.224646799147E-16,0.));
#11015 = PCURVE('',#10434,#11016);
#11016 = DEFINITIONAL_REPRESENTATION('',(#11017),#11021);
#11017 = CIRCLE('',#11018,7.6);
#11018 = AXIS2_PLACEMENT_2D('',#11019,#11020);
#11019 = CARTESIAN_POINT('',(0.,0.));
#11020 = DIRECTION('',(1.,0.));
#11021 = ( GEOMETRIC_REPRESENTATION_CONTEXT(2) 
PARAMETRIC_REPRESENTATION_CONTEXT() REPRESENTATION_CONTEXT('2D SPACE',''
  ) );
#11022 = PCURVE('',#10875,#11023);
#11023 = DEFINITIONAL_REPRESENTATION('',(#11024),#11028);
#11024 = LINE('',#11025,#11026);
#11025 = CARTESIAN_POINT('',(0.,2.9));
#11026 = VECTOR('',#11027,1.);
#11027 = DIRECTION('',(1.,0.));
#11028 = ( GEOMETRIC_REPRESENTATION_CONTEXT(2) 
PARAMETRIC_REPRESENTATION_CONTEXT() REPRESENTATION_CONTEXT('2D SPACE',''
  ) );
#11029 = ORIENTED_EDGE('',*,*,#10983,.T.);
#11030 = ORIENTED_EDGE('',*,*,#10417,.F.);
#11031 = ADVANCED_FACE('',(#11032),#10384,.F.);
#11032 = FACE_BOUND('',#11033,.F.);
#11033 = EDGE_LOOP('',(#11034,#11035,#11036,#11037));
#11034 = ORIENTED_EDGE('',*,*,#10664,.F.);
#11035 = ORIENTED_EDGE('',*,*,#10763,.F.);
#11036 = ORIENTED_EDGE('',*,*,#10817,.T.);
#11037 = ORIENTED_EDGE('',*,*,#10367,.F.);
#11038 = ADVANCED_FACE('',(#11039),#10314,.T.);
#11039 = FACE_BOUND('',#11040,.F.);
#11040 = EDGE_LOOP('',(#11041,#11042,#11065,#11087));
#11041 = ORIENTED_EDGE('',*,*,#10297,.T.);
#11042 = ORIENTED_EDGE('',*,*,#11043,.T.);
#11043 = EDGE_CURVE('',#10272,#11044,#11046,.T.);
#11044 = VERTEX_POINT('',#11045);
#11045 = CARTESIAN_POINT('',(-0.662383644882,7.571079705497,150.65));
#11046 = SURFACE_CURVE('',#11047,(#11051,#11058),.PCURVE_S1.);
#11047 = LINE('',#11048,#11049);
#11048 = CARTESIAN_POINT('',(-0.443622730586,5.070631013287,150.65));
#11049 = VECTOR('',#11050,1.);
#11050 = DIRECTION('',(-8.715574274766E-02,0.996194698092,0.));
#11051 = PCURVE('',#10314,#11052);
#11052 = DEFINITIONAL_REPRESENTATION('',(#11053),#11057);
#11053 = LINE('',#11054,#11055);
#11054 = CARTESIAN_POINT('',(-0.443622730586,5.070631013287));
#11055 = VECTOR('',#11056,1.);
#11056 = DIRECTION('',(-8.715574274766E-02,0.996194698092));
#11057 = ( GEOMETRIC_REPRESENTATION_CONTEXT(2) 
PARAMETRIC_REPRESENTATION_CONTEXT() REPRESENTATION_CONTEXT('2D SPACE',''
  ) );
#11058 = PCURVE('',#10286,#11059);
#11059 = DEFINITIONAL_REPRESENTATION('',(#11060),#11064);
#11060 = LINE('',#11061,#11062);
#11061 = CARTESIAN_POINT('',(-1.255,-1.45));
#11062 = VECTOR('',#11063,1.);
#11063 = DIRECTION('',(1.,0.));
#11064 = ( GEOMETRIC_REPRESENTATION_CONTEXT(2) 
PARAMETRIC_REPRESENTATION_CONTEXT() REPRESENTATION_CONTEXT('2D SPACE',''
  ) );
#11065 = ORIENTED_EDGE('',*,*,#11066,.F.);
#11066 = EDGE_CURVE('',#10572,#11044,#11067,.T.);
#11067 = SURFACE_CURVE('',#11068,(#11073,#11080),.PCURVE_S1.);
#11068 = CIRCLE('',#11069,7.6);
#11069 = AXIS2_PLACEMENT_3D('',#11070,#11071,#11072);
#11070 = CARTESIAN_POINT('',(0.,0.,150.65));
#11071 = DIRECTION('',(0.,0.,1.));
#11072 = DIRECTION('',(1.,0.,-0.));
#11073 = PCURVE('',#10314,#11074);
#11074 = DEFINITIONAL_REPRESENTATION('',(#11075),#11079);
#11075 = CIRCLE('',#11076,7.6);
#11076 = AXIS2_PLACEMENT_2D('',#11077,#11078);
#11077 = CARTESIAN_POINT('',(0.,0.));
#11078 = DIRECTION('',(1.,-0.));
#11079 = ( GEOMETRIC_REPRESENTATION_CONTEXT(2) 
PARAMETRIC_REPRESENTATION_CONTEXT() REPRESENTATION_CONTEXT('2D SPACE',''
  ) );
#11080 = PCURVE('',#10607,#11081);
#11081 = DEFINITIONAL_REPRESENTATION('',(#11082),#11086);
#11082 = LINE('',#11083,#11084);
#11083 = CARTESIAN_POINT('',(0.,0.));
#11084 = VECTOR('',#11085,1.);
#11085 = DIRECTION('',(1.,0.));
#11086 = ( GEOMETRIC_REPRESENTATION_CONTEXT(2) 
PARAMETRIC_REPRESENTATION_CONTEXT() REPRESENTATION_CONTEXT('2D SPACE',''
  ) );
#11087 = ORIENTED_EDGE('',*,*,#10571,.T.);
#11088 = ADVANCED_FACE('',(#11089),#10286,.T.);
#11089 = FACE_BOUND('',#11090,.T.);
#11090 = EDGE_LOOP('',(#11091,#11092,#11093,#11116));
#11091 = ORIENTED_EDGE('',*,*,#10271,.F.);
#11092 = ORIENTED_EDGE('',*,*,#11043,.T.);
#11093 = ORIENTED_EDGE('',*,*,#11094,.T.);
#11094 = EDGE_CURVE('',#11044,#11095,#11097,.T.);
#11095 = VERTEX_POINT('',#11096);
#11096 = CARTESIAN_POINT('',(-0.662383644882,7.571079705497,153.55));
#11097 = SURFACE_CURVE('',#11098,(#11102,#11109),.PCURVE_S1.);
#11098 = LINE('',#11099,#11100);
#11099 = CARTESIAN_POINT('',(-0.662383644882,7.571079705497,150.65));
#11100 = VECTOR('',#11101,1.);
#11101 = DIRECTION('',(0.,0.,1.));
#11102 = PCURVE('',#10286,#11103);
#11103 = DEFINITIONAL_REPRESENTATION('',(#11104),#11108);
#11104 = LINE('',#11105,#11106);
#11105 = CARTESIAN_POINT('',(1.255,-1.45));
#11106 = VECTOR('',#11107,1.);
#11107 = DIRECTION('',(0.,1.));
#11108 = ( GEOMETRIC_REPRESENTATION_CONTEXT(2) 
PARAMETRIC_REPRESENTATION_CONTEXT() REPRESENTATION_CONTEXT('2D SPACE',''
  ) );
#11109 = PCURVE('',#10607,#11110);
#11110 = DEFINITIONAL_REPRESENTATION('',(#11111),#11115);
#11111 = LINE('',#11112,#11113);
#11112 = CARTESIAN_POINT('',(1.658062789395,0.));
#11113 = VECTOR('',#11114,1.);
#11114 = DIRECTION('',(0.,1.));
#11115 = ( GEOMETRIC_REPRESENTATION_CONTEXT(2) 
PARAMETRIC_REPRESENTATION_CONTEXT() REPRESENTATION_CONTEXT('2D SPACE',''
  ) );
#11116 = ORIENTED_EDGE('',*,*,#11117,.T.);
#11117 = EDGE_CURVE('',#11095,#10243,#11118,.T.);
#11118 = SURFACE_CURVE('',#11119,(#11123,#11130),.PCURVE_S1.);
#11119 = LINE('',#11120,#11121);
#11120 = CARTESIAN_POINT('',(-0.662383644882,7.571079705497,153.55));
#11121 = VECTOR('',#11122,1.);
#11122 = DIRECTION('',(8.715574274766E-02,-0.996194698092,0.));
#11123 = PCURVE('',#10286,#11124);
#11124 = DEFINITIONAL_REPRESENTATION('',(#11125),#11129);
#11125 = LINE('',#11126,#11127);
#11126 = CARTESIAN_POINT('',(1.255,1.45));
#11127 = VECTOR('',#11128,1.);
#11128 = DIRECTION('',(-1.,0.));
#11129 = ( GEOMETRIC_REPRESENTATION_CONTEXT(2) 
PARAMETRIC_REPRESENTATION_CONTEXT() REPRESENTATION_CONTEXT('2D SPACE',''
  ) );
#11130 = PCURVE('',#10259,#11131);
#11131 = DEFINITIONAL_REPRESENTATION('',(#11132),#11136);
#11132 = LINE('',#11133,#11134);
#11133 = CARTESIAN_POINT('',(-0.662383644882,7.571079705497));
#11134 = VECTOR('',#11135,1.);
#11135 = DIRECTION('',(8.715574274766E-02,-0.996194698092));
#11136 = ( GEOMETRIC_REPRESENTATION_CONTEXT(2) 
PARAMETRIC_REPRESENTATION_CONTEXT() REPRESENTATION_CONTEXT('2D SPACE',''
  ) );
#11137 = ADVANCED_FACE('',(#11138),#10259,.F.);
#11138 = FACE_BOUND('',#11139,.F.);
#11139 = EDGE_LOOP('',(#11140,#11141,#11163,#11164));
#11140 = ORIENTED_EDGE('',*,*,#10618,.T.);
#11141 = ORIENTED_EDGE('',*,*,#11142,.T.);
#11142 = EDGE_CURVE('',#10593,#11095,#11143,.T.);
#11143 = SURFACE_CURVE('',#11144,(#11149,#11156),.PCURVE_S1.);
#11144 = CIRCLE('',#11145,7.6);
#11145 = AXIS2_PLACEMENT_3D('',#11146,#11147,#11148);
#11146 = CARTESIAN_POINT('',(0.,0.,153.55));
#11147 = DIRECTION('',(0.,0.,1.));
#11148 = DIRECTION('',(1.,0.,-0.));
#11149 = PCURVE('',#10259,#11150);
#11150 = DEFINITIONAL_REPRESENTATION('',(#11151),#11155);
#11151 = CIRCLE('',#11152,7.6);
#11152 = AXIS2_PLACEMENT_2D('',#11153,#11154);
#11153 = CARTESIAN_POINT('',(0.,0.));
#11154 = DIRECTION('',(1.,0.));
#11155 = ( GEOMETRIC_REPRESENTATION_CONTEXT(2) 
PARAMETRIC_REPRESENTATION_CONTEXT() REPRESENTATION_CONTEXT('2D SPACE',''
  ) );
#11156 = PCURVE('',#10607,#11157);
#11157 = DEFINITIONAL_REPRESENTATION('',(#11158),#11162);
#11158 = LINE('',#11159,#11160);
#11159 = CARTESIAN_POINT('',(0.,2.9));
#11160 = VECTOR('',#11161,1.);
#11161 = DIRECTION('',(1.,0.));
#11162 = ( GEOMETRIC_REPRESENTATION_CONTEXT(2) 
PARAMETRIC_REPRESENTATION_CONTEXT() REPRESENTATION_CONTEXT('2D SPACE',''
  ) );
#11163 = ORIENTED_EDGE('',*,*,#11117,.T.);
#11164 = ORIENTED_EDGE('',*,*,#10242,.F.);
#11165 = ADVANCED_FACE('',(#11166),#10134,.F.);
#11166 = FACE_BOUND('',#11167,.F.);
#11167 = EDGE_LOOP('',(#11168,#11169,#11170,#11171,#11172));
#11168 = ORIENTED_EDGE('',*,*,#10525,.F.);
#11169 = ORIENTED_EDGE('',*,*,#10197,.F.);
#11170 = ORIENTED_EDGE('',*,*,#10117,.F.);
#11171 = ORIENTED_EDGE('',*,*,#10788,.T.);
#11172 = ORIENTED_EDGE('',*,*,#10714,.T.);
#11173 = ADVANCED_FACE('',(#11174),#10184,.F.);
#11174 = FACE_BOUND('',#11175,.F.);
#11175 = EDGE_LOOP('',(#11176));
#11176 = ORIENTED_EDGE('',*,*,#10169,.T.);
#11177 = ADVANCED_FACE('',(#11178),#10607,.F.);
#11178 = FACE_BOUND('',#11179,.F.);
#11179 = EDGE_LOOP('',(#11180,#11181,#11182,#11183));
#11180 = ORIENTED_EDGE('',*,*,#10592,.F.);
#11181 = ORIENTED_EDGE('',*,*,#11066,.T.);
#11182 = ORIENTED_EDGE('',*,*,#11094,.T.);
#11183 = ORIENTED_EDGE('',*,*,#11142,.F.);
#11184 = ADVANCED_FACE('',(#11185),#10875,.F.);
#11185 = FACE_BOUND('',#11186,.F.);
#11186 = EDGE_LOOP('',(#11187,#11188,#11189,#11190));
#11187 = ORIENTED_EDGE('',*,*,#10860,.F.);
#11188 = ORIENTED_EDGE('',*,*,#10932,.T.);
#11189 = ORIENTED_EDGE('',*,*,#10960,.T.);
#11190 = ORIENTED_EDGE('',*,*,#11008,.F.);
#11191 = ( GEOMETRIC_REPRESENTATION_CONTEXT(3) 
GLOBAL_UNCERTAINTY_ASSIGNED_CONTEXT((#11195)) 
GLOBAL_UNIT_ASSIGNED_CONTEXT((#11192,#11193,#11194)) 
REPRESENTATION_CONTEXT('Context #1',
  '3D Context with UNIT and UNCERTAINTY') );
#11192 = ( LENGTH_UNIT() NAMED_UNIT(*) SI_UNIT(.MILLI.,.METRE.) );
#11193 = ( NAMED_UNIT(*) PLANE_ANGLE_UNIT() SI_UNIT($,.RADIAN.) );
#11194 = ( NAMED_UNIT(*) SI_UNIT($,.STERADIAN.) SOLID_ANGLE_UNIT() );
#11195 = UNCERTAINTY_MEASURE_WITH_UNIT(LENGTH_MEASURE(2.E-05),#11192,
  'distance_accuracy_value','confusion accuracy');
#11196 = CONTEXT_DEPENDENT_SHAPE_REPRESENTATION(#11197,#11199);
#11197 = ( REPRESENTATION_RELATIONSHIP('','',#8446,#10) 
REPRESENTATION_RELATIONSHIP_WITH_TRANSFORMATION(#11198) 
SHAPE_REPRESENTATION_RELATIONSHIP() );
#11198 = ITEM_DEFINED_TRANSFORMATION('','',#11,#35);
#11199 = PRODUCT_DEFINITION_SHAPE('Placement','Placement of an item',
  #11200);
#11200 = NEXT_ASSEMBLY_USAGE_OCCURRENCE('19','ponteira_d_suporte','',#5,
  #8441,$);
#11201 = PRODUCT_RELATED_PRODUCT_CATEGORY('part',$,(#8443));
#11202 = SHAPE_DEFINITION_REPRESENTATION(#11203,#11209);
#11203 = PRODUCT_DEFINITION_SHAPE('','',#11204);
#11204 = PRODUCT_DEFINITION('design','',#11205,#11208);
#11205 = PRODUCT_DEFINITION_FORMATION('','',#11206);
#11206 = PRODUCT('sensor_flex_inferior','sensor_flex_inferior','',(
    #11207));
#11207 = PRODUCT_CONTEXT('',#2,'mechanical');
#11208 = PRODUCT_DEFINITION_CONTEXT('part definition',#2,'design');
#11209 = ADVANCED_BREP_SHAPE_REPRESENTATION('',(#11,#11210),#11540);
#11210 = MANIFOLD_SOLID_BREP('',#11211);
#11211 = CLOSED_SHELL('',(#11212,#11332,#11432,#11479,#11526,#11533));
#11212 = ADVANCED_FACE('',(#11213),#11227,.F.);
#11213 = FACE_BOUND('',#11214,.F.);
#11214 = EDGE_LOOP('',(#11215,#11250,#11278,#11306));
#11215 = ORIENTED_EDGE('',*,*,#11216,.F.);
#11216 = EDGE_CURVE('',#11217,#11219,#11221,.T.);
#11217 = VERTEX_POINT('',#11218);
#11218 = CARTESIAN_POINT('',(-8.5,-9.735,0.));
#11219 = VERTEX_POINT('',#11220);
#11220 = CARTESIAN_POINT('',(-8.5,-9.735,0.2));
#11221 = SURFACE_CURVE('',#11222,(#11226,#11238),.PCURVE_S1.);
#11222 = LINE('',#11223,#11224);
#11223 = CARTESIAN_POINT('',(-8.5,-9.735,0.));
#11224 = VECTOR('',#11225,1.);
#11225 = DIRECTION('',(0.,0.,1.));
#11226 = PCURVE('',#11227,#11232);
#11227 = PLANE('',#11228);
#11228 = AXIS2_PLACEMENT_3D('',#11229,#11230,#11231);
#11229 = CARTESIAN_POINT('',(-8.5,-9.735,0.));
#11230 = DIRECTION('',(1.,0.,-0.));
#11231 = DIRECTION('',(0.,0.,1.));
#11232 = DEFINITIONAL_REPRESENTATION('',(#11233),#11237);
#11233 = LINE('',#11234,#11235);
#11234 = CARTESIAN_POINT('',(0.,0.));
#11235 = VECTOR('',#11236,1.);
#11236 = DIRECTION('',(1.,0.));
#11237 = ( GEOMETRIC_REPRESENTATION_CONTEXT(2) 
PARAMETRIC_REPRESENTATION_CONTEXT() REPRESENTATION_CONTEXT('2D SPACE',''
  ) );
#11238 = PCURVE('',#11239,#11244);
#11239 = PLANE('',#11240);
#11240 = AXIS2_PLACEMENT_3D('',#11241,#11242,#11243);
#11241 = CARTESIAN_POINT('',(-8.5,-9.735,0.));
#11242 = DIRECTION('',(-0.,1.,0.));
#11243 = DIRECTION('',(0.,0.,1.));
#11244 = DEFINITIONAL_REPRESENTATION('',(#11245),#11249);
#11245 = LINE('',#11246,#11247);
#11246 = CARTESIAN_POINT('',(0.,0.));
#11247 = VECTOR('',#11248,1.);
#11248 = DIRECTION('',(1.,0.));
#11249 = ( GEOMETRIC_REPRESENTATION_CONTEXT(2) 
PARAMETRIC_REPRESENTATION_CONTEXT() REPRESENTATION_CONTEXT('2D SPACE',''
  ) );
#11250 = ORIENTED_EDGE('',*,*,#11251,.T.);
#11251 = EDGE_CURVE('',#11217,#11252,#11254,.T.);
#11252 = VERTEX_POINT('',#11253);
#11253 = CARTESIAN_POINT('',(-8.5,9.735,0.));
#11254 = SURFACE_CURVE('',#11255,(#11259,#11266),.PCURVE_S1.);
#11255 = LINE('',#11256,#11257);
#11256 = CARTESIAN_POINT('',(-8.5,-9.735,0.));
#11257 = VECTOR('',#11258,1.);
#11258 = DIRECTION('',(-0.,1.,0.));
#11259 = PCURVE('',#11227,#11260);
#11260 = DEFINITIONAL_REPRESENTATION('',(#11261),#11265);
#11261 = LINE('',#11262,#11263);
#11262 = CARTESIAN_POINT('',(0.,0.));
#11263 = VECTOR('',#11264,1.);
#11264 = DIRECTION('',(0.,-1.));
#11265 = ( GEOMETRIC_REPRESENTATION_CONTEXT(2) 
PARAMETRIC_REPRESENTATION_CONTEXT() REPRESENTATION_CONTEXT('2D SPACE',''
  ) );
#11266 = PCURVE('',#11267,#11272);
#11267 = PLANE('',#11268);
#11268 = AXIS2_PLACEMENT_3D('',#11269,#11270,#11271);
#11269 = CARTESIAN_POINT('',(-8.5,-9.735,0.));
#11270 = DIRECTION('',(0.,0.,1.));
#11271 = DIRECTION('',(1.,0.,-0.));
#11272 = DEFINITIONAL_REPRESENTATION('',(#11273),#11277);
#11273 = LINE('',#11274,#11275);
#11274 = CARTESIAN_POINT('',(0.,0.));
#11275 = VECTOR('',#11276,1.);
#11276 = DIRECTION('',(0.,1.));
#11277 = ( GEOMETRIC_REPRESENTATION_CONTEXT(2) 
PARAMETRIC_REPRESENTATION_CONTEXT() REPRESENTATION_CONTEXT('2D SPACE',''
  ) );
#11278 = ORIENTED_EDGE('',*,*,#11279,.T.);
#11279 = EDGE_CURVE('',#11252,#11280,#11282,.T.);
#11280 = VERTEX_POINT('',#11281);
#11281 = CARTESIAN_POINT('',(-8.5,9.735,0.2));
#11282 = SURFACE_CURVE('',#11283,(#11287,#11294),.PCURVE_S1.);
#11283 = LINE('',#11284,#11285);
#11284 = CARTESIAN_POINT('',(-8.5,9.735,0.));
#11285 = VECTOR('',#11286,1.);
#11286 = DIRECTION('',(0.,0.,1.));
#11287 = PCURVE('',#11227,#11288);
#11288 = DEFINITIONAL_REPRESENTATION('',(#11289),#11293);
#11289 = LINE('',#11290,#11291);
#11290 = CARTESIAN_POINT('',(0.,-19.47));
#11291 = VECTOR('',#11292,1.);
#11292 = DIRECTION('',(1.,0.));
#11293 = ( GEOMETRIC_REPRESENTATION_CONTEXT(2) 
PARAMETRIC_REPRESENTATION_CONTEXT() REPRESENTATION_CONTEXT('2D SPACE',''
  ) );
#11294 = PCURVE('',#11295,#11300);
#11295 = PLANE('',#11296);
#11296 = AXIS2_PLACEMENT_3D('',#11297,#11298,#11299);
#11297 = CARTESIAN_POINT('',(-8.5,9.735,0.));
#11298 = DIRECTION('',(-0.,1.,0.));
#11299 = DIRECTION('',(0.,0.,1.));
#11300 = DEFINITIONAL_REPRESENTATION('',(#11301),#11305);
#11301 = LINE('',#11302,#11303);
#11302 = CARTESIAN_POINT('',(0.,0.));
#11303 = VECTOR('',#11304,1.);
#11304 = DIRECTION('',(1.,0.));
#11305 = ( GEOMETRIC_REPRESENTATION_CONTEXT(2) 
PARAMETRIC_REPRESENTATION_CONTEXT() REPRESENTATION_CONTEXT('2D SPACE',''
  ) );
#11306 = ORIENTED_EDGE('',*,*,#11307,.F.);
#11307 = EDGE_CURVE('',#11219,#11280,#11308,.T.);
#11308 = SURFACE_CURVE('',#11309,(#11313,#11320),.PCURVE_S1.);
#11309 = LINE('',#11310,#11311);
#11310 = CARTESIAN_POINT('',(-8.5,-9.735,0.2));
#11311 = VECTOR('',#11312,1.);
#11312 = DIRECTION('',(-0.,1.,0.));
#11313 = PCURVE('',#11227,#11314);
#11314 = DEFINITIONAL_REPRESENTATION('',(#11315),#11319);
#11315 = LINE('',#11316,#11317);
#11316 = CARTESIAN_POINT('',(0.2,0.));
#11317 = VECTOR('',#11318,1.);
#11318 = DIRECTION('',(0.,-1.));
#11319 = ( GEOMETRIC_REPRESENTATION_CONTEXT(2) 
PARAMETRIC_REPRESENTATION_CONTEXT() REPRESENTATION_CONTEXT('2D SPACE',''
  ) );
#11320 = PCURVE('',#11321,#11326);
#11321 = PLANE('',#11322);
#11322 = AXIS2_PLACEMENT_3D('',#11323,#11324,#11325);
#11323 = CARTESIAN_POINT('',(-8.5,-9.735,0.2));
#11324 = DIRECTION('',(0.,0.,1.));
#11325 = DIRECTION('',(1.,0.,-0.));
#11326 = DEFINITIONAL_REPRESENTATION('',(#11327),#11331);
#11327 = LINE('',#11328,#11329);
#11328 = CARTESIAN_POINT('',(0.,0.));
#11329 = VECTOR('',#11330,1.);
#11330 = DIRECTION('',(0.,1.));
#11331 = ( GEOMETRIC_REPRESENTATION_CONTEXT(2) 
PARAMETRIC_REPRESENTATION_CONTEXT() REPRESENTATION_CONTEXT('2D SPACE',''
  ) );
#11332 = ADVANCED_FACE('',(#11333),#11347,.T.);
#11333 = FACE_BOUND('',#11334,.T.);
#11334 = EDGE_LOOP('',(#11335,#11365,#11388,#11411));
#11335 = ORIENTED_EDGE('',*,*,#11336,.F.);
#11336 = EDGE_CURVE('',#11337,#11339,#11341,.T.);
#11337 = VERTEX_POINT('',#11338);
#11338 = CARTESIAN_POINT('',(8.5,-9.735,0.));
#11339 = VERTEX_POINT('',#11340);
#11340 = CARTESIAN_POINT('',(8.5,-9.735,0.2));
#11341 = SURFACE_CURVE('',#11342,(#11346,#11358),.PCURVE_S1.);
#11342 = LINE('',#11343,#11344);
#11343 = CARTESIAN_POINT('',(8.5,-9.735,0.));
#11344 = VECTOR('',#11345,1.);
#11345 = DIRECTION('',(0.,0.,1.));
#11346 = PCURVE('',#11347,#11352);
#11347 = PLANE('',#11348);
#11348 = AXIS2_PLACEMENT_3D('',#11349,#11350,#11351);
#11349 = CARTESIAN_POINT('',(8.5,-9.735,0.));
#11350 = DIRECTION('',(1.,0.,-0.));
#11351 = DIRECTION('',(0.,0.,1.));
#11352 = DEFINITIONAL_REPRESENTATION('',(#11353),#11357);
#11353 = LINE('',#11354,#11355);
#11354 = CARTESIAN_POINT('',(0.,0.));
#11355 = VECTOR('',#11356,1.);
#11356 = DIRECTION('',(1.,0.));
#11357 = ( GEOMETRIC_REPRESENTATION_CONTEXT(2) 
PARAMETRIC_REPRESENTATION_CONTEXT() REPRESENTATION_CONTEXT('2D SPACE',''
  ) );
#11358 = PCURVE('',#11239,#11359);
#11359 = DEFINITIONAL_REPRESENTATION('',(#11360),#11364);
#11360 = LINE('',#11361,#11362);
#11361 = CARTESIAN_POINT('',(0.,17.));
#11362 = VECTOR('',#11363,1.);
#11363 = DIRECTION('',(1.,0.));
#11364 = ( GEOMETRIC_REPRESENTATION_CONTEXT(2) 
PARAMETRIC_REPRESENTATION_CONTEXT() REPRESENTATION_CONTEXT('2D SPACE',''
  ) );
#11365 = ORIENTED_EDGE('',*,*,#11366,.T.);
#11366 = EDGE_CURVE('',#11337,#11367,#11369,.T.);
#11367 = VERTEX_POINT('',#11368);
#11368 = CARTESIAN_POINT('',(8.5,9.735,0.));
#11369 = SURFACE_CURVE('',#11370,(#11374,#11381),.PCURVE_S1.);
#11370 = LINE('',#11371,#11372);
#11371 = CARTESIAN_POINT('',(8.5,-9.735,0.));
#11372 = VECTOR('',#11373,1.);
#11373 = DIRECTION('',(-0.,1.,0.));
#11374 = PCURVE('',#11347,#11375);
#11375 = DEFINITIONAL_REPRESENTATION('',(#11376),#11380);
#11376 = LINE('',#11377,#11378);
#11377 = CARTESIAN_POINT('',(0.,0.));
#11378 = VECTOR('',#11379,1.);
#11379 = DIRECTION('',(0.,-1.));
#11380 = ( GEOMETRIC_REPRESENTATION_CONTEXT(2) 
PARAMETRIC_REPRESENTATION_CONTEXT() REPRESENTATION_CONTEXT('2D SPACE',''
  ) );
#11381 = PCURVE('',#11267,#11382);
#11382 = DEFINITIONAL_REPRESENTATION('',(#11383),#11387);
#11383 = LINE('',#11384,#11385);
#11384 = CARTESIAN_POINT('',(17.,0.));
#11385 = VECTOR('',#11386,1.);
#11386 = DIRECTION('',(0.,1.));
#11387 = ( GEOMETRIC_REPRESENTATION_CONTEXT(2) 
PARAMETRIC_REPRESENTATION_CONTEXT() REPRESENTATION_CONTEXT('2D SPACE',''
  ) );
#11388 = ORIENTED_EDGE('',*,*,#11389,.T.);
#11389 = EDGE_CURVE('',#11367,#11390,#11392,.T.);
#11390 = VERTEX_POINT('',#11391);
#11391 = CARTESIAN_POINT('',(8.5,9.735,0.2));
#11392 = SURFACE_CURVE('',#11393,(#11397,#11404),.PCURVE_S1.);
#11393 = LINE('',#11394,#11395);
#11394 = CARTESIAN_POINT('',(8.5,9.735,0.));
#11395 = VECTOR('',#11396,1.);
#11396 = DIRECTION('',(0.,0.,1.));
#11397 = PCURVE('',#11347,#11398);
#11398 = DEFINITIONAL_REPRESENTATION('',(#11399),#11403);
#11399 = LINE('',#11400,#11401);
#11400 = CARTESIAN_POINT('',(0.,-19.47));
#11401 = VECTOR('',#11402,1.);
#11402 = DIRECTION('',(1.,0.));
#11403 = ( GEOMETRIC_REPRESENTATION_CONTEXT(2) 
PARAMETRIC_REPRESENTATION_CONTEXT() REPRESENTATION_CONTEXT('2D SPACE',''
  ) );
#11404 = PCURVE('',#11295,#11405);
#11405 = DEFINITIONAL_REPRESENTATION('',(#11406),#11410);
#11406 = LINE('',#11407,#11408);
#11407 = CARTESIAN_POINT('',(0.,17.));
#11408 = VECTOR('',#11409,1.);
#11409 = DIRECTION('',(1.,0.));
#11410 = ( GEOMETRIC_REPRESENTATION_CONTEXT(2) 
PARAMETRIC_REPRESENTATION_CONTEXT() REPRESENTATION_CONTEXT('2D SPACE',''
  ) );
#11411 = ORIENTED_EDGE('',*,*,#11412,.F.);
#11412 = EDGE_CURVE('',#11339,#11390,#11413,.T.);
#11413 = SURFACE_CURVE('',#11414,(#11418,#11425),.PCURVE_S1.);
#11414 = LINE('',#11415,#11416);
#11415 = CARTESIAN_POINT('',(8.5,-9.735,0.2));
#11416 = VECTOR('',#11417,1.);
#11417 = DIRECTION('',(-0.,1.,0.));
#11418 = PCURVE('',#11347,#11419);
#11419 = DEFINITIONAL_REPRESENTATION('',(#11420),#11424);
#11420 = LINE('',#11421,#11422);
#11421 = CARTESIAN_POINT('',(0.2,0.));
#11422 = VECTOR('',#11423,1.);
#11423 = DIRECTION('',(0.,-1.));
#11424 = ( GEOMETRIC_REPRESENTATION_CONTEXT(2) 
PARAMETRIC_REPRESENTATION_CONTEXT() REPRESENTATION_CONTEXT('2D SPACE',''
  ) );
#11425 = PCURVE('',#11321,#11426);
#11426 = DEFINITIONAL_REPRESENTATION('',(#11427),#11431);
#11427 = LINE('',#11428,#11429);
#11428 = CARTESIAN_POINT('',(17.,0.));
#11429 = VECTOR('',#11430,1.);
#11430 = DIRECTION('',(0.,1.));
#11431 = ( GEOMETRIC_REPRESENTATION_CONTEXT(2) 
PARAMETRIC_REPRESENTATION_CONTEXT() REPRESENTATION_CONTEXT('2D SPACE',''
  ) );
#11432 = ADVANCED_FACE('',(#11433),#11239,.F.);
#11433 = FACE_BOUND('',#11434,.F.);
#11434 = EDGE_LOOP('',(#11435,#11456,#11457,#11478));
#11435 = ORIENTED_EDGE('',*,*,#11436,.F.);
#11436 = EDGE_CURVE('',#11217,#11337,#11437,.T.);
#11437 = SURFACE_CURVE('',#11438,(#11442,#11449),.PCURVE_S1.);
#11438 = LINE('',#11439,#11440);
#11439 = CARTESIAN_POINT('',(-8.5,-9.735,0.));
#11440 = VECTOR('',#11441,1.);
#11441 = DIRECTION('',(1.,0.,-0.));
#11442 = PCURVE('',#11239,#11443);
#11443 = DEFINITIONAL_REPRESENTATION('',(#11444),#11448);
#11444 = LINE('',#11445,#11446);
#11445 = CARTESIAN_POINT('',(0.,0.));
#11446 = VECTOR('',#11447,1.);
#11447 = DIRECTION('',(0.,1.));
#11448 = ( GEOMETRIC_REPRESENTATION_CONTEXT(2) 
PARAMETRIC_REPRESENTATION_CONTEXT() REPRESENTATION_CONTEXT('2D SPACE',''
  ) );
#11449 = PCURVE('',#11267,#11450);
#11450 = DEFINITIONAL_REPRESENTATION('',(#11451),#11455);
#11451 = LINE('',#11452,#11453);
#11452 = CARTESIAN_POINT('',(0.,0.));
#11453 = VECTOR('',#11454,1.);
#11454 = DIRECTION('',(1.,0.));
#11455 = ( GEOMETRIC_REPRESENTATION_CONTEXT(2) 
PARAMETRIC_REPRESENTATION_CONTEXT() REPRESENTATION_CONTEXT('2D SPACE',''
  ) );
#11456 = ORIENTED_EDGE('',*,*,#11216,.T.);
#11457 = ORIENTED_EDGE('',*,*,#11458,.T.);
#11458 = EDGE_CURVE('',#11219,#11339,#11459,.T.);
#11459 = SURFACE_CURVE('',#11460,(#11464,#11471),.PCURVE_S1.);
#11460 = LINE('',#11461,#11462);
#11461 = CARTESIAN_POINT('',(-8.5,-9.735,0.2));
#11462 = VECTOR('',#11463,1.);
#11463 = DIRECTION('',(1.,0.,-0.));
#11464 = PCURVE('',#11239,#11465);
#11465 = DEFINITIONAL_REPRESENTATION('',(#11466),#11470);
#11466 = LINE('',#11467,#11468);
#11467 = CARTESIAN_POINT('',(0.2,0.));
#11468 = VECTOR('',#11469,1.);
#11469 = DIRECTION('',(0.,1.));
#11470 = ( GEOMETRIC_REPRESENTATION_CONTEXT(2) 
PARAMETRIC_REPRESENTATION_CONTEXT() REPRESENTATION_CONTEXT('2D SPACE',''
  ) );
#11471 = PCURVE('',#11321,#11472);
#11472 = DEFINITIONAL_REPRESENTATION('',(#11473),#11477);
#11473 = LINE('',#11474,#11475);
#11474 = CARTESIAN_POINT('',(0.,0.));
#11475 = VECTOR('',#11476,1.);
#11476 = DIRECTION('',(1.,0.));
#11477 = ( GEOMETRIC_REPRESENTATION_CONTEXT(2) 
PARAMETRIC_REPRESENTATION_CONTEXT() REPRESENTATION_CONTEXT('2D SPACE',''
  ) );
#11478 = ORIENTED_EDGE('',*,*,#11336,.F.);
#11479 = ADVANCED_FACE('',(#11480),#11295,.T.);
#11480 = FACE_BOUND('',#11481,.T.);
#11481 = EDGE_LOOP('',(#11482,#11503,#11504,#11525));
#11482 = ORIENTED_EDGE('',*,*,#11483,.F.);
#11483 = EDGE_CURVE('',#11252,#11367,#11484,.T.);
#11484 = SURFACE_CURVE('',#11485,(#11489,#11496),.PCURVE_S1.);
#11485 = LINE('',#11486,#11487);
#11486 = CARTESIAN_POINT('',(-8.5,9.735,0.));
#11487 = VECTOR('',#11488,1.);
#11488 = DIRECTION('',(1.,0.,-0.));
#11489 = PCURVE('',#11295,#11490);
#11490 = DEFINITIONAL_REPRESENTATION('',(#11491),#11495);
#11491 = LINE('',#11492,#11493);
#11492 = CARTESIAN_POINT('',(0.,0.));
#11493 = VECTOR('',#11494,1.);
#11494 = DIRECTION('',(0.,1.));
#11495 = ( GEOMETRIC_REPRESENTATION_CONTEXT(2) 
PARAMETRIC_REPRESENTATION_CONTEXT() REPRESENTATION_CONTEXT('2D SPACE',''
  ) );
#11496 = PCURVE('',#11267,#11497);
#11497 = DEFINITIONAL_REPRESENTATION('',(#11498),#11502);
#11498 = LINE('',#11499,#11500);
#11499 = CARTESIAN_POINT('',(0.,19.47));
#11500 = VECTOR('',#11501,1.);
#11501 = DIRECTION('',(1.,0.));
#11502 = ( GEOMETRIC_REPRESENTATION_CONTEXT(2) 
PARAMETRIC_REPRESENTATION_CONTEXT() REPRESENTATION_CONTEXT('2D SPACE',''
  ) );
#11503 = ORIENTED_EDGE('',*,*,#11279,.T.);
#11504 = ORIENTED_EDGE('',*,*,#11505,.T.);
#11505 = EDGE_CURVE('',#11280,#11390,#11506,.T.);
#11506 = SURFACE_CURVE('',#11507,(#11511,#11518),.PCURVE_S1.);
#11507 = LINE('',#11508,#11509);
#11508 = CARTESIAN_POINT('',(-8.5,9.735,0.2));
#11509 = VECTOR('',#11510,1.);
#11510 = DIRECTION('',(1.,0.,-0.));
#11511 = PCURVE('',#11295,#11512);
#11512 = DEFINITIONAL_REPRESENTATION('',(#11513),#11517);
#11513 = LINE('',#11514,#11515);
#11514 = CARTESIAN_POINT('',(0.2,0.));
#11515 = VECTOR('',#11516,1.);
#11516 = DIRECTION('',(0.,1.));
#11517 = ( GEOMETRIC_REPRESENTATION_CONTEXT(2) 
PARAMETRIC_REPRESENTATION_CONTEXT() REPRESENTATION_CONTEXT('2D SPACE',''
  ) );
#11518 = PCURVE('',#11321,#11519);
#11519 = DEFINITIONAL_REPRESENTATION('',(#11520),#11524);
#11520 = LINE('',#11521,#11522);
#11521 = CARTESIAN_POINT('',(0.,19.47));
#11522 = VECTOR('',#11523,1.);
#11523 = DIRECTION('',(1.,0.));
#11524 = ( GEOMETRIC_REPRESENTATION_CONTEXT(2) 
PARAMETRIC_REPRESENTATION_CONTEXT() REPRESENTATION_CONTEXT('2D SPACE',''
  ) );
#11525 = ORIENTED_EDGE('',*,*,#11389,.F.);
#11526 = ADVANCED_FACE('',(#11527),#11267,.F.);
#11527 = FACE_BOUND('',#11528,.F.);
#11528 = EDGE_LOOP('',(#11529,#11530,#11531,#11532));
#11529 = ORIENTED_EDGE('',*,*,#11251,.F.);
#11530 = ORIENTED_EDGE('',*,*,#11436,.T.);
#11531 = ORIENTED_EDGE('',*,*,#11366,.T.);
#11532 = ORIENTED_EDGE('',*,*,#11483,.F.);
#11533 = ADVANCED_FACE('',(#11534),#11321,.T.);
#11534 = FACE_BOUND('',#11535,.T.);
#11535 = EDGE_LOOP('',(#11536,#11537,#11538,#11539));
#11536 = ORIENTED_EDGE('',*,*,#11307,.F.);
#11537 = ORIENTED_EDGE('',*,*,#11458,.T.);
#11538 = ORIENTED_EDGE('',*,*,#11412,.T.);
#11539 = ORIENTED_EDGE('',*,*,#11505,.F.);
#11540 = ( GEOMETRIC_REPRESENTATION_CONTEXT(3) 
GLOBAL_UNCERTAINTY_ASSIGNED_CONTEXT((#11544)) 
GLOBAL_UNIT_ASSIGNED_CONTEXT((#11541,#11542,#11543)) 
REPRESENTATION_CONTEXT('Context #1',
  '3D Context with UNIT and UNCERTAINTY') );
#11541 = ( LENGTH_UNIT() NAMED_UNIT(*) SI_UNIT(.MILLI.,.METRE.) );
#11542 = ( NAMED_UNIT(*) PLANE_ANGLE_UNIT() SI_UNIT($,.RADIAN.) );
#11543 = ( NAMED_UNIT(*) SI_UNIT($,.STERADIAN.) SOLID_ANGLE_UNIT() );
#11544 = UNCERTAINTY_MEASURE_WITH_UNIT(LENGTH_MEASURE(1.E-07),#11541,
  'distance_accuracy_value','confusion accuracy');
#11545 = CONTEXT_DEPENDENT_SHAPE_REPRESENTATION(#11546,#11548);
#11546 = ( REPRESENTATION_RELATIONSHIP('','',#11209,#10) 
REPRESENTATION_RELATIONSHIP_WITH_TRANSFORMATION(#11547) 
SHAPE_REPRESENTATION_RELATIONSHIP() );
#11547 = ITEM_DEFINED_TRANSFORMATION('','',#11,#39);
#11548 = PRODUCT_DEFINITION_SHAPE('Placement','Placement of an item',
  #11549);
#11549 = NEXT_ASSEMBLY_USAGE_OCCURRENCE('20','sensor_flex_inferior','',
  #5,#11204,$);
#11550 = PRODUCT_RELATED_PRODUCT_CATEGORY('part',$,(#11206));
#11551 = SHAPE_DEFINITION_REPRESENTATION(#11552,#11558);
#11552 = PRODUCT_DEFINITION_SHAPE('','',#11553);
#11553 = PRODUCT_DEFINITION('design','',#11554,#11557);
#11554 = PRODUCT_DEFINITION_FORMATION('','',#11555);
#11555 = PRODUCT('sensor_camada_piezorresistiva',
  'sensor_camada_piezorresistiva','',(#11556));
#11556 = PRODUCT_CONTEXT('',#2,'mechanical');
#11557 = PRODUCT_DEFINITION_CONTEXT('part definition',#2,'design');
#11558 = ADVANCED_BREP_SHAPE_REPRESENTATION('',(#11,#11559),#11889);
#11559 = MANIFOLD_SOLID_BREP('',#11560);
#11560 = CLOSED_SHELL('',(#11561,#11681,#11781,#11828,#11875,#11882));
#11561 = ADVANCED_FACE('',(#11562),#11576,.F.);
#11562 = FACE_BOUND('',#11563,.F.);
#11563 = EDGE_LOOP('',(#11564,#11599,#11627,#11655));
#11564 = ORIENTED_EDGE('',*,*,#11565,.F.);
#11565 = EDGE_CURVE('',#11566,#11568,#11570,.T.);
#11566 = VERTEX_POINT('',#11567);
#11567 = CARTESIAN_POINT('',(-7.,-8.,0.));
#11568 = VERTEX_POINT('',#11569);
#11569 = CARTESIAN_POINT('',(-7.,-8.,0.1));
#11570 = SURFACE_CURVE('',#11571,(#11575,#11587),.PCURVE_S1.);
#11571 = LINE('',#11572,#11573);
#11572 = CARTESIAN_POINT('',(-7.,-8.,0.));
#11573 = VECTOR('',#11574,1.);
#11574 = DIRECTION('',(0.,0.,1.));
#11575 = PCURVE('',#11576,#11581);
#11576 = PLANE('',#11577);
#11577 = AXIS2_PLACEMENT_3D('',#11578,#11579,#11580);
#11578 = CARTESIAN_POINT('',(-7.,-8.,0.));
#11579 = DIRECTION('',(1.,0.,-0.));
#11580 = DIRECTION('',(0.,0.,1.));
#11581 = DEFINITIONAL_REPRESENTATION('',(#11582),#11586);
#11582 = LINE('',#11583,#11584);
#11583 = CARTESIAN_POINT('',(0.,0.));
#11584 = VECTOR('',#11585,1.);
#11585 = DIRECTION('',(1.,0.));
#11586 = ( GEOMETRIC_REPRESENTATION_CONTEXT(2) 
PARAMETRIC_REPRESENTATION_CONTEXT() REPRESENTATION_CONTEXT('2D SPACE',''
  ) );
#11587 = PCURVE('',#11588,#11593);
#11588 = PLANE('',#11589);
#11589 = AXIS2_PLACEMENT_3D('',#11590,#11591,#11592);
#11590 = CARTESIAN_POINT('',(-7.,-8.,0.));
#11591 = DIRECTION('',(-0.,1.,0.));
#11592 = DIRECTION('',(0.,0.,1.));
#11593 = DEFINITIONAL_REPRESENTATION('',(#11594),#11598);
#11594 = LINE('',#11595,#11596);
#11595 = CARTESIAN_POINT('',(0.,0.));
#11596 = VECTOR('',#11597,1.);
#11597 = DIRECTION('',(1.,0.));
#11598 = ( GEOMETRIC_REPRESENTATION_CONTEXT(2) 
PARAMETRIC_REPRESENTATION_CONTEXT() REPRESENTATION_CONTEXT('2D SPACE',''
  ) );
#11599 = ORIENTED_EDGE('',*,*,#11600,.T.);
#11600 = EDGE_CURVE('',#11566,#11601,#11603,.T.);
#11601 = VERTEX_POINT('',#11602);
#11602 = CARTESIAN_POINT('',(-7.,8.,0.));
#11603 = SURFACE_CURVE('',#11604,(#11608,#11615),.PCURVE_S1.);
#11604 = LINE('',#11605,#11606);
#11605 = CARTESIAN_POINT('',(-7.,-8.,0.));
#11606 = VECTOR('',#11607,1.);
#11607 = DIRECTION('',(-0.,1.,0.));
#11608 = PCURVE('',#11576,#11609);
#11609 = DEFINITIONAL_REPRESENTATION('',(#11610),#11614);
#11610 = LINE('',#11611,#11612);
#11611 = CARTESIAN_POINT('',(0.,0.));
#11612 = VECTOR('',#11613,1.);
#11613 = DIRECTION('',(0.,-1.));
#11614 = ( GEOMETRIC_REPRESENTATION_CONTEXT(2) 
PARAMETRIC_REPRESENTATION_CONTEXT() REPRESENTATION_CONTEXT('2D SPACE',''
  ) );
#11615 = PCURVE('',#11616,#11621);
#11616 = PLANE('',#11617);
#11617 = AXIS2_PLACEMENT_3D('',#11618,#11619,#11620);
#11618 = CARTESIAN_POINT('',(-7.,-8.,0.));
#11619 = DIRECTION('',(0.,0.,1.));
#11620 = DIRECTION('',(1.,0.,-0.));
#11621 = DEFINITIONAL_REPRESENTATION('',(#11622),#11626);
#11622 = LINE('',#11623,#11624);
#11623 = CARTESIAN_POINT('',(0.,0.));
#11624 = VECTOR('',#11625,1.);
#11625 = DIRECTION('',(0.,1.));
#11626 = ( GEOMETRIC_REPRESENTATION_CONTEXT(2) 
PARAMETRIC_REPRESENTATION_CONTEXT() REPRESENTATION_CONTEXT('2D SPACE',''
  ) );
#11627 = ORIENTED_EDGE('',*,*,#11628,.T.);
#11628 = EDGE_CURVE('',#11601,#11629,#11631,.T.);
#11629 = VERTEX_POINT('',#11630);
#11630 = CARTESIAN_POINT('',(-7.,8.,0.1));
#11631 = SURFACE_CURVE('',#11632,(#11636,#11643),.PCURVE_S1.);
#11632 = LINE('',#11633,#11634);
#11633 = CARTESIAN_POINT('',(-7.,8.,0.));
#11634 = VECTOR('',#11635,1.);
#11635 = DIRECTION('',(0.,0.,1.));
#11636 = PCURVE('',#11576,#11637);
#11637 = DEFINITIONAL_REPRESENTATION('',(#11638),#11642);
#11638 = LINE('',#11639,#11640);
#11639 = CARTESIAN_POINT('',(0.,-16.));
#11640 = VECTOR('',#11641,1.);
#11641 = DIRECTION('',(1.,0.));
#11642 = ( GEOMETRIC_REPRESENTATION_CONTEXT(2) 
PARAMETRIC_REPRESENTATION_CONTEXT() REPRESENTATION_CONTEXT('2D SPACE',''
  ) );
#11643 = PCURVE('',#11644,#11649);
#11644 = PLANE('',#11645);
#11645 = AXIS2_PLACEMENT_3D('',#11646,#11647,#11648);
#11646 = CARTESIAN_POINT('',(-7.,8.,0.));
#11647 = DIRECTION('',(-0.,1.,0.));
#11648 = DIRECTION('',(0.,0.,1.));
#11649 = DEFINITIONAL_REPRESENTATION('',(#11650),#11654);
#11650 = LINE('',#11651,#11652);
#11651 = CARTESIAN_POINT('',(0.,0.));
#11652 = VECTOR('',#11653,1.);
#11653 = DIRECTION('',(1.,0.));
#11654 = ( GEOMETRIC_REPRESENTATION_CONTEXT(2) 
PARAMETRIC_REPRESENTATION_CONTEXT() REPRESENTATION_CONTEXT('2D SPACE',''
  ) );
#11655 = ORIENTED_EDGE('',*,*,#11656,.F.);
#11656 = EDGE_CURVE('',#11568,#11629,#11657,.T.);
#11657 = SURFACE_CURVE('',#11658,(#11662,#11669),.PCURVE_S1.);
#11658 = LINE('',#11659,#11660);
#11659 = CARTESIAN_POINT('',(-7.,-8.,0.1));
#11660 = VECTOR('',#11661,1.);
#11661 = DIRECTION('',(-0.,1.,0.));
#11662 = PCURVE('',#11576,#11663);
#11663 = DEFINITIONAL_REPRESENTATION('',(#11664),#11668);
#11664 = LINE('',#11665,#11666);
#11665 = CARTESIAN_POINT('',(0.1,0.));
#11666 = VECTOR('',#11667,1.);
#11667 = DIRECTION('',(0.,-1.));
#11668 = ( GEOMETRIC_REPRESENTATION_CONTEXT(2) 
PARAMETRIC_REPRESENTATION_CONTEXT() REPRESENTATION_CONTEXT('2D SPACE',''
  ) );
#11669 = PCURVE('',#11670,#11675);
#11670 = PLANE('',#11671);
#11671 = AXIS2_PLACEMENT_3D('',#11672,#11673,#11674);
#11672 = CARTESIAN_POINT('',(-7.,-8.,0.1));
#11673 = DIRECTION('',(0.,0.,1.));
#11674 = DIRECTION('',(1.,0.,-0.));
#11675 = DEFINITIONAL_REPRESENTATION('',(#11676),#11680);
#11676 = LINE('',#11677,#11678);
#11677 = CARTESIAN_POINT('',(0.,0.));
#11678 = VECTOR('',#11679,1.);
#11679 = DIRECTION('',(0.,1.));
#11680 = ( GEOMETRIC_REPRESENTATION_CONTEXT(2) 
PARAMETRIC_REPRESENTATION_CONTEXT() REPRESENTATION_CONTEXT('2D SPACE',''
  ) );
#11681 = ADVANCED_FACE('',(#11682),#11696,.T.);
#11682 = FACE_BOUND('',#11683,.T.);
#11683 = EDGE_LOOP('',(#11684,#11714,#11737,#11760));
#11684 = ORIENTED_EDGE('',*,*,#11685,.F.);
#11685 = EDGE_CURVE('',#11686,#11688,#11690,.T.);
#11686 = VERTEX_POINT('',#11687);
#11687 = CARTESIAN_POINT('',(7.,-8.,0.));
#11688 = VERTEX_POINT('',#11689);
#11689 = CARTESIAN_POINT('',(7.,-8.,0.1));
#11690 = SURFACE_CURVE('',#11691,(#11695,#11707),.PCURVE_S1.);
#11691 = LINE('',#11692,#11693);
#11692 = CARTESIAN_POINT('',(7.,-8.,0.));
#11693 = VECTOR('',#11694,1.);
#11694 = DIRECTION('',(0.,0.,1.));
#11695 = PCURVE('',#11696,#11701);
#11696 = PLANE('',#11697);
#11697 = AXIS2_PLACEMENT_3D('',#11698,#11699,#11700);
#11698 = CARTESIAN_POINT('',(7.,-8.,0.));
#11699 = DIRECTION('',(1.,0.,-0.));
#11700 = DIRECTION('',(0.,0.,1.));
#11701 = DEFINITIONAL_REPRESENTATION('',(#11702),#11706);
#11702 = LINE('',#11703,#11704);
#11703 = CARTESIAN_POINT('',(0.,0.));
#11704 = VECTOR('',#11705,1.);
#11705 = DIRECTION('',(1.,0.));
#11706 = ( GEOMETRIC_REPRESENTATION_CONTEXT(2) 
PARAMETRIC_REPRESENTATION_CONTEXT() REPRESENTATION_CONTEXT('2D SPACE',''
  ) );
#11707 = PCURVE('',#11588,#11708);
#11708 = DEFINITIONAL_REPRESENTATION('',(#11709),#11713);
#11709 = LINE('',#11710,#11711);
#11710 = CARTESIAN_POINT('',(0.,14.));
#11711 = VECTOR('',#11712,1.);
#11712 = DIRECTION('',(1.,0.));
#11713 = ( GEOMETRIC_REPRESENTATION_CONTEXT(2) 
PARAMETRIC_REPRESENTATION_CONTEXT() REPRESENTATION_CONTEXT('2D SPACE',''
  ) );
#11714 = ORIENTED_EDGE('',*,*,#11715,.T.);
#11715 = EDGE_CURVE('',#11686,#11716,#11718,.T.);
#11716 = VERTEX_POINT('',#11717);
#11717 = CARTESIAN_POINT('',(7.,8.,0.));
#11718 = SURFACE_CURVE('',#11719,(#11723,#11730),.PCURVE_S1.);
#11719 = LINE('',#11720,#11721);
#11720 = CARTESIAN_POINT('',(7.,-8.,0.));
#11721 = VECTOR('',#11722,1.);
#11722 = DIRECTION('',(-0.,1.,0.));
#11723 = PCURVE('',#11696,#11724);
#11724 = DEFINITIONAL_REPRESENTATION('',(#11725),#11729);
#11725 = LINE('',#11726,#11727);
#11726 = CARTESIAN_POINT('',(0.,0.));
#11727 = VECTOR('',#11728,1.);
#11728 = DIRECTION('',(0.,-1.));
#11729 = ( GEOMETRIC_REPRESENTATION_CONTEXT(2) 
PARAMETRIC_REPRESENTATION_CONTEXT() REPRESENTATION_CONTEXT('2D SPACE',''
  ) );
#11730 = PCURVE('',#11616,#11731);
#11731 = DEFINITIONAL_REPRESENTATION('',(#11732),#11736);
#11732 = LINE('',#11733,#11734);
#11733 = CARTESIAN_POINT('',(14.,0.));
#11734 = VECTOR('',#11735,1.);
#11735 = DIRECTION('',(0.,1.));
#11736 = ( GEOMETRIC_REPRESENTATION_CONTEXT(2) 
PARAMETRIC_REPRESENTATION_CONTEXT() REPRESENTATION_CONTEXT('2D SPACE',''
  ) );
#11737 = ORIENTED_EDGE('',*,*,#11738,.T.);
#11738 = EDGE_CURVE('',#11716,#11739,#11741,.T.);
#11739 = VERTEX_POINT('',#11740);
#11740 = CARTESIAN_POINT('',(7.,8.,0.1));
#11741 = SURFACE_CURVE('',#11742,(#11746,#11753),.PCURVE_S1.);
#11742 = LINE('',#11743,#11744);
#11743 = CARTESIAN_POINT('',(7.,8.,0.));
#11744 = VECTOR('',#11745,1.);
#11745 = DIRECTION('',(0.,0.,1.));
#11746 = PCURVE('',#11696,#11747);
#11747 = DEFINITIONAL_REPRESENTATION('',(#11748),#11752);
#11748 = LINE('',#11749,#11750);
#11749 = CARTESIAN_POINT('',(0.,-16.));
#11750 = VECTOR('',#11751,1.);
#11751 = DIRECTION('',(1.,0.));
#11752 = ( GEOMETRIC_REPRESENTATION_CONTEXT(2) 
PARAMETRIC_REPRESENTATION_CONTEXT() REPRESENTATION_CONTEXT('2D SPACE',''
  ) );
#11753 = PCURVE('',#11644,#11754);
#11754 = DEFINITIONAL_REPRESENTATION('',(#11755),#11759);
#11755 = LINE('',#11756,#11757);
#11756 = CARTESIAN_POINT('',(0.,14.));
#11757 = VECTOR('',#11758,1.);
#11758 = DIRECTION('',(1.,0.));
#11759 = ( GEOMETRIC_REPRESENTATION_CONTEXT(2) 
PARAMETRIC_REPRESENTATION_CONTEXT() REPRESENTATION_CONTEXT('2D SPACE',''
  ) );
#11760 = ORIENTED_EDGE('',*,*,#11761,.F.);
#11761 = EDGE_CURVE('',#11688,#11739,#11762,.T.);
#11762 = SURFACE_CURVE('',#11763,(#11767,#11774),.PCURVE_S1.);
#11763 = LINE('',#11764,#11765);
#11764 = CARTESIAN_POINT('',(7.,-8.,0.1));
#11765 = VECTOR('',#11766,1.);
#11766 = DIRECTION('',(-0.,1.,0.));
#11767 = PCURVE('',#11696,#11768);
#11768 = DEFINITIONAL_REPRESENTATION('',(#11769),#11773);
#11769 = LINE('',#11770,#11771);
#11770 = CARTESIAN_POINT('',(0.1,0.));
#11771 = VECTOR('',#11772,1.);
#11772 = DIRECTION('',(0.,-1.));
#11773 = ( GEOMETRIC_REPRESENTATION_CONTEXT(2) 
PARAMETRIC_REPRESENTATION_CONTEXT() REPRESENTATION_CONTEXT('2D SPACE',''
  ) );
#11774 = PCURVE('',#11670,#11775);
#11775 = DEFINITIONAL_REPRESENTATION('',(#11776),#11780);
#11776 = LINE('',#11777,#11778);
#11777 = CARTESIAN_POINT('',(14.,0.));
#11778 = VECTOR('',#11779,1.);
#11779 = DIRECTION('',(0.,1.));
#11780 = ( GEOMETRIC_REPRESENTATION_CONTEXT(2) 
PARAMETRIC_REPRESENTATION_CONTEXT() REPRESENTATION_CONTEXT('2D SPACE',''
  ) );
#11781 = ADVANCED_FACE('',(#11782),#11588,.F.);
#11782 = FACE_BOUND('',#11783,.F.);
#11783 = EDGE_LOOP('',(#11784,#11805,#11806,#11827));
#11784 = ORIENTED_EDGE('',*,*,#11785,.F.);
#11785 = EDGE_CURVE('',#11566,#11686,#11786,.T.);
#11786 = SURFACE_CURVE('',#11787,(#11791,#11798),.PCURVE_S1.);
#11787 = LINE('',#11788,#11789);
#11788 = CARTESIAN_POINT('',(-7.,-8.,0.));
#11789 = VECTOR('',#11790,1.);
#11790 = DIRECTION('',(1.,0.,-0.));
#11791 = PCURVE('',#11588,#11792);
#11792 = DEFINITIONAL_REPRESENTATION('',(#11793),#11797);
#11793 = LINE('',#11794,#11795);
#11794 = CARTESIAN_POINT('',(0.,0.));
#11795 = VECTOR('',#11796,1.);
#11796 = DIRECTION('',(0.,1.));
#11797 = ( GEOMETRIC_REPRESENTATION_CONTEXT(2) 
PARAMETRIC_REPRESENTATION_CONTEXT() REPRESENTATION_CONTEXT('2D SPACE',''
  ) );
#11798 = PCURVE('',#11616,#11799);
#11799 = DEFINITIONAL_REPRESENTATION('',(#11800),#11804);
#11800 = LINE('',#11801,#11802);
#11801 = CARTESIAN_POINT('',(0.,0.));
#11802 = VECTOR('',#11803,1.);
#11803 = DIRECTION('',(1.,0.));
#11804 = ( GEOMETRIC_REPRESENTATION_CONTEXT(2) 
PARAMETRIC_REPRESENTATION_CONTEXT() REPRESENTATION_CONTEXT('2D SPACE',''
  ) );
#11805 = ORIENTED_EDGE('',*,*,#11565,.T.);
#11806 = ORIENTED_EDGE('',*,*,#11807,.T.);
#11807 = EDGE_CURVE('',#11568,#11688,#11808,.T.);
#11808 = SURFACE_CURVE('',#11809,(#11813,#11820),.PCURVE_S1.);
#11809 = LINE('',#11810,#11811);
#11810 = CARTESIAN_POINT('',(-7.,-8.,0.1));
#11811 = VECTOR('',#11812,1.);
#11812 = DIRECTION('',(1.,0.,-0.));
#11813 = PCURVE('',#11588,#11814);
#11814 = DEFINITIONAL_REPRESENTATION('',(#11815),#11819);
#11815 = LINE('',#11816,#11817);
#11816 = CARTESIAN_POINT('',(0.1,0.));
#11817 = VECTOR('',#11818,1.);
#11818 = DIRECTION('',(0.,1.));
#11819 = ( GEOMETRIC_REPRESENTATION_CONTEXT(2) 
PARAMETRIC_REPRESENTATION_CONTEXT() REPRESENTATION_CONTEXT('2D SPACE',''
  ) );
#11820 = PCURVE('',#11670,#11821);
#11821 = DEFINITIONAL_REPRESENTATION('',(#11822),#11826);
#11822 = LINE('',#11823,#11824);
#11823 = CARTESIAN_POINT('',(0.,0.));
#11824 = VECTOR('',#11825,1.);
#11825 = DIRECTION('',(1.,0.));
#11826 = ( GEOMETRIC_REPRESENTATION_CONTEXT(2) 
PARAMETRIC_REPRESENTATION_CONTEXT() REPRESENTATION_CONTEXT('2D SPACE',''
  ) );
#11827 = ORIENTED_EDGE('',*,*,#11685,.F.);
#11828 = ADVANCED_FACE('',(#11829),#11644,.T.);
#11829 = FACE_BOUND('',#11830,.T.);
#11830 = EDGE_LOOP('',(#11831,#11852,#11853,#11874));
#11831 = ORIENTED_EDGE('',*,*,#11832,.F.);
#11832 = EDGE_CURVE('',#11601,#11716,#11833,.T.);
#11833 = SURFACE_CURVE('',#11834,(#11838,#11845),.PCURVE_S1.);
#11834 = LINE('',#11835,#11836);
#11835 = CARTESIAN_POINT('',(-7.,8.,0.));
#11836 = VECTOR('',#11837,1.);
#11837 = DIRECTION('',(1.,0.,-0.));
#11838 = PCURVE('',#11644,#11839);
#11839 = DEFINITIONAL_REPRESENTATION('',(#11840),#11844);
#11840 = LINE('',#11841,#11842);
#11841 = CARTESIAN_POINT('',(0.,0.));
#11842 = VECTOR('',#11843,1.);
#11843 = DIRECTION('',(0.,1.));
#11844 = ( GEOMETRIC_REPRESENTATION_CONTEXT(2) 
PARAMETRIC_REPRESENTATION_CONTEXT() REPRESENTATION_CONTEXT('2D SPACE',''
  ) );
#11845 = PCURVE('',#11616,#11846);
#11846 = DEFINITIONAL_REPRESENTATION('',(#11847),#11851);
#11847 = LINE('',#11848,#11849);
#11848 = CARTESIAN_POINT('',(0.,16.));
#11849 = VECTOR('',#11850,1.);
#11850 = DIRECTION('',(1.,0.));
#11851 = ( GEOMETRIC_REPRESENTATION_CONTEXT(2) 
PARAMETRIC_REPRESENTATION_CONTEXT() REPRESENTATION_CONTEXT('2D SPACE',''
  ) );
#11852 = ORIENTED_EDGE('',*,*,#11628,.T.);
#11853 = ORIENTED_EDGE('',*,*,#11854,.T.);
#11854 = EDGE_CURVE('',#11629,#11739,#11855,.T.);
#11855 = SURFACE_CURVE('',#11856,(#11860,#11867),.PCURVE_S1.);
#11856 = LINE('',#11857,#11858);
#11857 = CARTESIAN_POINT('',(-7.,8.,0.1));
#11858 = VECTOR('',#11859,1.);
#11859 = DIRECTION('',(1.,0.,-0.));
#11860 = PCURVE('',#11644,#11861);
#11861 = DEFINITIONAL_REPRESENTATION('',(#11862),#11866);
#11862 = LINE('',#11863,#11864);
#11863 = CARTESIAN_POINT('',(0.1,0.));
#11864 = VECTOR('',#11865,1.);
#11865 = DIRECTION('',(0.,1.));
#11866 = ( GEOMETRIC_REPRESENTATION_CONTEXT(2) 
PARAMETRIC_REPRESENTATION_CONTEXT() REPRESENTATION_CONTEXT('2D SPACE',''
  ) );
#11867 = PCURVE('',#11670,#11868);
#11868 = DEFINITIONAL_REPRESENTATION('',(#11869),#11873);
#11869 = LINE('',#11870,#11871);
#11870 = CARTESIAN_POINT('',(0.,16.));
#11871 = VECTOR('',#11872,1.);
#11872 = DIRECTION('',(1.,0.));
#11873 = ( GEOMETRIC_REPRESENTATION_CONTEXT(2) 
PARAMETRIC_REPRESENTATION_CONTEXT() REPRESENTATION_CONTEXT('2D SPACE',''
  ) );
#11874 = ORIENTED_EDGE('',*,*,#11738,.F.);
#11875 = ADVANCED_FACE('',(#11876),#11616,.F.);
#11876 = FACE_BOUND('',#11877,.F.);
#11877 = EDGE_LOOP('',(#11878,#11879,#11880,#11881));
#11878 = ORIENTED_EDGE('',*,*,#11600,.F.);
#11879 = ORIENTED_EDGE('',*,*,#11785,.T.);
#11880 = ORIENTED_EDGE('',*,*,#11715,.T.);
#11881 = ORIENTED_EDGE('',*,*,#11832,.F.);
#11882 = ADVANCED_FACE('',(#11883),#11670,.T.);
#11883 = FACE_BOUND('',#11884,.T.);
#11884 = EDGE_LOOP('',(#11885,#11886,#11887,#11888));
#11885 = ORIENTED_EDGE('',*,*,#11656,.F.);
#11886 = ORIENTED_EDGE('',*,*,#11807,.T.);
#11887 = ORIENTED_EDGE('',*,*,#11761,.T.);
#11888 = ORIENTED_EDGE('',*,*,#11854,.F.);
#11889 = ( GEOMETRIC_REPRESENTATION_CONTEXT(3) 
GLOBAL_UNCERTAINTY_ASSIGNED_CONTEXT((#11893)) 
GLOBAL_UNIT_ASSIGNED_CONTEXT((#11890,#11891,#11892)) 
REPRESENTATION_CONTEXT('Context #1',
  '3D Context with UNIT and UNCERTAINTY') );
#11890 = ( LENGTH_UNIT() NAMED_UNIT(*) SI_UNIT(.MILLI.,.METRE.) );
#11891 = ( NAMED_UNIT(*) PLANE_ANGLE_UNIT() SI_UNIT($,.RADIAN.) );
#11892 = ( NAMED_UNIT(*) SI_UNIT($,.STERADIAN.) SOLID_ANGLE_UNIT() );
#11893 = UNCERTAINTY_MEASURE_WITH_UNIT(LENGTH_MEASURE(1.E-07),#11890,
  'distance_accuracy_value','confusion accuracy');
#11894 = CONTEXT_DEPENDENT_SHAPE_REPRESENTATION(#11895,#11897);
#11895 = ( REPRESENTATION_RELATIONSHIP('','',#11558,#10) 
REPRESENTATION_RELATIONSHIP_WITH_TRANSFORMATION(#11896) 
SHAPE_REPRESENTATION_RELATIONSHIP() );
#11896 = ITEM_DEFINED_TRANSFORMATION('','',#11,#43);
#11897 = PRODUCT_DEFINITION_SHAPE('Placement','Placement of an item',
  #11898);
#11898 = NEXT_ASSEMBLY_USAGE_OCCURRENCE('21',
  'sensor_camada_piezorresistiva','',#5,#11553,$);
#11899 = PRODUCT_RELATED_PRODUCT_CATEGORY('part',$,(#11555));
#11900 = SHAPE_DEFINITION_REPRESENTATION(#11901,#11907);
#11901 = PRODUCT_DEFINITION_SHAPE('','',#11902);
#11902 = PRODUCT_DEFINITION('design','',#11903,#11906);
#11903 = PRODUCT_DEFINITION_FORMATION('','',#11904);
#11904 = PRODUCT('sensor_flex_superior','sensor_flex_superior','',(
    #11905));
#11905 = PRODUCT_CONTEXT('',#2,'mechanical');
#11906 = PRODUCT_DEFINITION_CONTEXT('part definition',#2,'design');
#11907 = ADVANCED_BREP_SHAPE_REPRESENTATION('',(#11,#11908),#12238);
#11908 = MANIFOLD_SOLID_BREP('',#11909);
#11909 = CLOSED_SHELL('',(#11910,#12030,#12130,#12177,#12224,#12231));
#11910 = ADVANCED_FACE('',(#11911),#11925,.F.);
#11911 = FACE_BOUND('',#11912,.F.);
#11912 = EDGE_LOOP('',(#11913,#11948,#11976,#12004));
#11913 = ORIENTED_EDGE('',*,*,#11914,.F.);
#11914 = EDGE_CURVE('',#11915,#11917,#11919,.T.);
#11915 = VERTEX_POINT('',#11916);
#11916 = CARTESIAN_POINT('',(-8.5,-9.735,0.));
#11917 = VERTEX_POINT('',#11918);
#11918 = CARTESIAN_POINT('',(-8.5,-9.735,0.2));
#11919 = SURFACE_CURVE('',#11920,(#11924,#11936),.PCURVE_S1.);
#11920 = LINE('',#11921,#11922);
#11921 = CARTESIAN_POINT('',(-8.5,-9.735,0.));
#11922 = VECTOR('',#11923,1.);
#11923 = DIRECTION('',(0.,0.,1.));
#11924 = PCURVE('',#11925,#11930);
#11925 = PLANE('',#11926);
#11926 = AXIS2_PLACEMENT_3D('',#11927,#11928,#11929);
#11927 = CARTESIAN_POINT('',(-8.5,-9.735,0.));
#11928 = DIRECTION('',(1.,0.,-0.));
#11929 = DIRECTION('',(0.,0.,1.));
#11930 = DEFINITIONAL_REPRESENTATION('',(#11931),#11935);
#11931 = LINE('',#11932,#11933);
#11932 = CARTESIAN_POINT('',(0.,0.));
#11933 = VECTOR('',#11934,1.);
#11934 = DIRECTION('',(1.,0.));
#11935 = ( GEOMETRIC_REPRESENTATION_CONTEXT(2) 
PARAMETRIC_REPRESENTATION_CONTEXT() REPRESENTATION_CONTEXT('2D SPACE',''
  ) );
#11936 = PCURVE('',#11937,#11942);
#11937 = PLANE('',#11938);
#11938 = AXIS2_PLACEMENT_3D('',#11939,#11940,#11941);
#11939 = CARTESIAN_POINT('',(-8.5,-9.735,0.));
#11940 = DIRECTION('',(-0.,1.,0.));
#11941 = DIRECTION('',(0.,0.,1.));
#11942 = DEFINITIONAL_REPRESENTATION('',(#11943),#11947);
#11943 = LINE('',#11944,#11945);
#11944 = CARTESIAN_POINT('',(0.,0.));
#11945 = VECTOR('',#11946,1.);
#11946 = DIRECTION('',(1.,0.));
#11947 = ( GEOMETRIC_REPRESENTATION_CONTEXT(2) 
PARAMETRIC_REPRESENTATION_CONTEXT() REPRESENTATION_CONTEXT('2D SPACE',''
  ) );
#11948 = ORIENTED_EDGE('',*,*,#11949,.T.);
#11949 = EDGE_CURVE('',#11915,#11950,#11952,.T.);
#11950 = VERTEX_POINT('',#11951);
#11951 = CARTESIAN_POINT('',(-8.5,9.735,0.));
#11952 = SURFACE_CURVE('',#11953,(#11957,#11964),.PCURVE_S1.);
#11953 = LINE('',#11954,#11955);
#11954 = CARTESIAN_POINT('',(-8.5,-9.735,0.));
#11955 = VECTOR('',#11956,1.);
#11956 = DIRECTION('',(-0.,1.,0.));
#11957 = PCURVE('',#11925,#11958);
#11958 = DEFINITIONAL_REPRESENTATION('',(#11959),#11963);
#11959 = LINE('',#11960,#11961);
#11960 = CARTESIAN_POINT('',(0.,0.));
#11961 = VECTOR('',#11962,1.);
#11962 = DIRECTION('',(0.,-1.));
#11963 = ( GEOMETRIC_REPRESENTATION_CONTEXT(2) 
PARAMETRIC_REPRESENTATION_CONTEXT() REPRESENTATION_CONTEXT('2D SPACE',''
  ) );
#11964 = PCURVE('',#11965,#11970);
#11965 = PLANE('',#11966);
#11966 = AXIS2_PLACEMENT_3D('',#11967,#11968,#11969);
#11967 = CARTESIAN_POINT('',(-8.5,-9.735,0.));
#11968 = DIRECTION('',(0.,0.,1.));
#11969 = DIRECTION('',(1.,0.,-0.));
#11970 = DEFINITIONAL_REPRESENTATION('',(#11971),#11975);
#11971 = LINE('',#11972,#11973);
#11972 = CARTESIAN_POINT('',(0.,0.));
#11973 = VECTOR('',#11974,1.);
#11974 = DIRECTION('',(0.,1.));
#11975 = ( GEOMETRIC_REPRESENTATION_CONTEXT(2) 
PARAMETRIC_REPRESENTATION_CONTEXT() REPRESENTATION_CONTEXT('2D SPACE',''
  ) );
#11976 = ORIENTED_EDGE('',*,*,#11977,.T.);
#11977 = EDGE_CURVE('',#11950,#11978,#11980,.T.);
#11978 = VERTEX_POINT('',#11979);
#11979 = CARTESIAN_POINT('',(-8.5,9.735,0.2));
#11980 = SURFACE_CURVE('',#11981,(#11985,#11992),.PCURVE_S1.);
#11981 = LINE('',#11982,#11983);
#11982 = CARTESIAN_POINT('',(-8.5,9.735,0.));
#11983 = VECTOR('',#11984,1.);
#11984 = DIRECTION('',(0.,0.,1.));
#11985 = PCURVE('',#11925,#11986);
#11986 = DEFINITIONAL_REPRESENTATION('',(#11987),#11991);
#11987 = LINE('',#11988,#11989);
#11988 = CARTESIAN_POINT('',(0.,-19.47));
#11989 = VECTOR('',#11990,1.);
#11990 = DIRECTION('',(1.,0.));
#11991 = ( GEOMETRIC_REPRESENTATION_CONTEXT(2) 
PARAMETRIC_REPRESENTATION_CONTEXT() REPRESENTATION_CONTEXT('2D SPACE',''
  ) );
#11992 = PCURVE('',#11993,#11998);
#11993 = PLANE('',#11994);
#11994 = AXIS2_PLACEMENT_3D('',#11995,#11996,#11997);
#11995 = CARTESIAN_POINT('',(-8.5,9.735,0.));
#11996 = DIRECTION('',(-0.,1.,0.));
#11997 = DIRECTION('',(0.,0.,1.));
#11998 = DEFINITIONAL_REPRESENTATION('',(#11999),#12003);
#11999 = LINE('',#12000,#12001);
#12000 = CARTESIAN_POINT('',(0.,0.));
#12001 = VECTOR('',#12002,1.);
#12002 = DIRECTION('',(1.,0.));
#12003 = ( GEOMETRIC_REPRESENTATION_CONTEXT(2) 
PARAMETRIC_REPRESENTATION_CONTEXT() REPRESENTATION_CONTEXT('2D SPACE',''
  ) );
#12004 = ORIENTED_EDGE('',*,*,#12005,.F.);
#12005 = EDGE_CURVE('',#11917,#11978,#12006,.T.);
#12006 = SURFACE_CURVE('',#12007,(#12011,#12018),.PCURVE_S1.);
#12007 = LINE('',#12008,#12009);
#12008 = CARTESIAN_POINT('',(-8.5,-9.735,0.2));
#12009 = VECTOR('',#12010,1.);
#12010 = DIRECTION('',(-0.,1.,0.));
#12011 = PCURVE('',#11925,#12012);
#12012 = DEFINITIONAL_REPRESENTATION('',(#12013),#12017);
#12013 = LINE('',#12014,#12015);
#12014 = CARTESIAN_POINT('',(0.2,0.));
#12015 = VECTOR('',#12016,1.);
#12016 = DIRECTION('',(0.,-1.));
#12017 = ( GEOMETRIC_REPRESENTATION_CONTEXT(2) 
PARAMETRIC_REPRESENTATION_CONTEXT() REPRESENTATION_CONTEXT('2D SPACE',''
  ) );
#12018 = PCURVE('',#12019,#12024);
#12019 = PLANE('',#12020);
#12020 = AXIS2_PLACEMENT_3D('',#12021,#12022,#12023);
#12021 = CARTESIAN_POINT('',(-8.5,-9.735,0.2));
#12022 = DIRECTION('',(0.,0.,1.));
#12023 = DIRECTION('',(1.,0.,-0.));
#12024 = DEFINITIONAL_REPRESENTATION('',(#12025),#12029);
#12025 = LINE('',#12026,#12027);
#12026 = CARTESIAN_POINT('',(0.,0.));
#12027 = VECTOR('',#12028,1.);
#12028 = DIRECTION('',(0.,1.));
#12029 = ( GEOMETRIC_REPRESENTATION_CONTEXT(2) 
PARAMETRIC_REPRESENTATION_CONTEXT() REPRESENTATION_CONTEXT('2D SPACE',''
  ) );
#12030 = ADVANCED_FACE('',(#12031),#12045,.T.);
#12031 = FACE_BOUND('',#12032,.T.);
#12032 = EDGE_LOOP('',(#12033,#12063,#12086,#12109));
#12033 = ORIENTED_EDGE('',*,*,#12034,.F.);
#12034 = EDGE_CURVE('',#12035,#12037,#12039,.T.);
#12035 = VERTEX_POINT('',#12036);
#12036 = CARTESIAN_POINT('',(8.5,-9.735,0.));
#12037 = VERTEX_POINT('',#12038);
#12038 = CARTESIAN_POINT('',(8.5,-9.735,0.2));
#12039 = SURFACE_CURVE('',#12040,(#12044,#12056),.PCURVE_S1.);
#12040 = LINE('',#12041,#12042);
#12041 = CARTESIAN_POINT('',(8.5,-9.735,0.));
#12042 = VECTOR('',#12043,1.);
#12043 = DIRECTION('',(0.,0.,1.));
#12044 = PCURVE('',#12045,#12050);
#12045 = PLANE('',#12046);
#12046 = AXIS2_PLACEMENT_3D('',#12047,#12048,#12049);
#12047 = CARTESIAN_POINT('',(8.5,-9.735,0.));
#12048 = DIRECTION('',(1.,0.,-0.));
#12049 = DIRECTION('',(0.,0.,1.));
#12050 = DEFINITIONAL_REPRESENTATION('',(#12051),#12055);
#12051 = LINE('',#12052,#12053);
#12052 = CARTESIAN_POINT('',(0.,0.));
#12053 = VECTOR('',#12054,1.);
#12054 = DIRECTION('',(1.,0.));
#12055 = ( GEOMETRIC_REPRESENTATION_CONTEXT(2) 
PARAMETRIC_REPRESENTATION_CONTEXT() REPRESENTATION_CONTEXT('2D SPACE',''
  ) );
#12056 = PCURVE('',#11937,#12057);
#12057 = DEFINITIONAL_REPRESENTATION('',(#12058),#12062);
#12058 = LINE('',#12059,#12060);
#12059 = CARTESIAN_POINT('',(0.,17.));
#12060 = VECTOR('',#12061,1.);
#12061 = DIRECTION('',(1.,0.));
#12062 = ( GEOMETRIC_REPRESENTATION_CONTEXT(2) 
PARAMETRIC_REPRESENTATION_CONTEXT() REPRESENTATION_CONTEXT('2D SPACE',''
  ) );
#12063 = ORIENTED_EDGE('',*,*,#12064,.T.);
#12064 = EDGE_CURVE('',#12035,#12065,#12067,.T.);
#12065 = VERTEX_POINT('',#12066);
#12066 = CARTESIAN_POINT('',(8.5,9.735,0.));
#12067 = SURFACE_CURVE('',#12068,(#12072,#12079),.PCURVE_S1.);
#12068 = LINE('',#12069,#12070);
#12069 = CARTESIAN_POINT('',(8.5,-9.735,0.));
#12070 = VECTOR('',#12071,1.);
#12071 = DIRECTION('',(-0.,1.,0.));
#12072 = PCURVE('',#12045,#12073);
#12073 = DEFINITIONAL_REPRESENTATION('',(#12074),#12078);
#12074 = LINE('',#12075,#12076);
#12075 = CARTESIAN_POINT('',(0.,0.));
#12076 = VECTOR('',#12077,1.);
#12077 = DIRECTION('',(0.,-1.));
#12078 = ( GEOMETRIC_REPRESENTATION_CONTEXT(2) 
PARAMETRIC_REPRESENTATION_CONTEXT() REPRESENTATION_CONTEXT('2D SPACE',''
  ) );
#12079 = PCURVE('',#11965,#12080);
#12080 = DEFINITIONAL_REPRESENTATION('',(#12081),#12085);
#12081 = LINE('',#12082,#12083);
#12082 = CARTESIAN_POINT('',(17.,0.));
#12083 = VECTOR('',#12084,1.);
#12084 = DIRECTION('',(0.,1.));
#12085 = ( GEOMETRIC_REPRESENTATION_CONTEXT(2) 
PARAMETRIC_REPRESENTATION_CONTEXT() REPRESENTATION_CONTEXT('2D SPACE',''
  ) );
#12086 = ORIENTED_EDGE('',*,*,#12087,.T.);
#12087 = EDGE_CURVE('',#12065,#12088,#12090,.T.);
#12088 = VERTEX_POINT('',#12089);
#12089 = CARTESIAN_POINT('',(8.5,9.735,0.2));
#12090 = SURFACE_CURVE('',#12091,(#12095,#12102),.PCURVE_S1.);
#12091 = LINE('',#12092,#12093);
#12092 = CARTESIAN_POINT('',(8.5,9.735,0.));
#12093 = VECTOR('',#12094,1.);
#12094 = DIRECTION('',(0.,0.,1.));
#12095 = PCURVE('',#12045,#12096);
#12096 = DEFINITIONAL_REPRESENTATION('',(#12097),#12101);
#12097 = LINE('',#12098,#12099);
#12098 = CARTESIAN_POINT('',(0.,-19.47));
#12099 = VECTOR('',#12100,1.);
#12100 = DIRECTION('',(1.,0.));
#12101 = ( GEOMETRIC_REPRESENTATION_CONTEXT(2) 
PARAMETRIC_REPRESENTATION_CONTEXT() REPRESENTATION_CONTEXT('2D SPACE',''
  ) );
#12102 = PCURVE('',#11993,#12103);
#12103 = DEFINITIONAL_REPRESENTATION('',(#12104),#12108);
#12104 = LINE('',#12105,#12106);
#12105 = CARTESIAN_POINT('',(0.,17.));
#12106 = VECTOR('',#12107,1.);
#12107 = DIRECTION('',(1.,0.));
#12108 = ( GEOMETRIC_REPRESENTATION_CONTEXT(2) 
PARAMETRIC_REPRESENTATION_CONTEXT() REPRESENTATION_CONTEXT('2D SPACE',''
  ) );
#12109 = ORIENTED_EDGE('',*,*,#12110,.F.);
#12110 = EDGE_CURVE('',#12037,#12088,#12111,.T.);
#12111 = SURFACE_CURVE('',#12112,(#12116,#12123),.PCURVE_S1.);
#12112 = LINE('',#12113,#12114);
#12113 = CARTESIAN_POINT('',(8.5,-9.735,0.2));
#12114 = VECTOR('',#12115,1.);
#12115 = DIRECTION('',(-0.,1.,0.));
#12116 = PCURVE('',#12045,#12117);
#12117 = DEFINITIONAL_REPRESENTATION('',(#12118),#12122);
#12118 = LINE('',#12119,#12120);
#12119 = CARTESIAN_POINT('',(0.2,0.));
#12120 = VECTOR('',#12121,1.);
#12121 = DIRECTION('',(0.,-1.));
#12122 = ( GEOMETRIC_REPRESENTATION_CONTEXT(2) 
PARAMETRIC_REPRESENTATION_CONTEXT() REPRESENTATION_CONTEXT('2D SPACE',''
  ) );
#12123 = PCURVE('',#12019,#12124);
#12124 = DEFINITIONAL_REPRESENTATION('',(#12125),#12129);
#12125 = LINE('',#12126,#12127);
#12126 = CARTESIAN_POINT('',(17.,0.));
#12127 = VECTOR('',#12128,1.);
#12128 = DIRECTION('',(0.,1.));
#12129 = ( GEOMETRIC_REPRESENTATION_CONTEXT(2) 
PARAMETRIC_REPRESENTATION_CONTEXT() REPRESENTATION_CONTEXT('2D SPACE',''
  ) );
#12130 = ADVANCED_FACE('',(#12131),#11937,.F.);
#12131 = FACE_BOUND('',#12132,.F.);
#12132 = EDGE_LOOP('',(#12133,#12154,#12155,#12176));
#12133 = ORIENTED_EDGE('',*,*,#12134,.F.);
#12134 = EDGE_CURVE('',#11915,#12035,#12135,.T.);
#12135 = SURFACE_CURVE('',#12136,(#12140,#12147),.PCURVE_S1.);
#12136 = LINE('',#12137,#12138);
#12137 = CARTESIAN_POINT('',(-8.5,-9.735,0.));
#12138 = VECTOR('',#12139,1.);
#12139 = DIRECTION('',(1.,0.,-0.));
#12140 = PCURVE('',#11937,#12141);
#12141 = DEFINITIONAL_REPRESENTATION('',(#12142),#12146);
#12142 = LINE('',#12143,#12144);
#12143 = CARTESIAN_POINT('',(0.,0.));
#12144 = VECTOR('',#12145,1.);
#12145 = DIRECTION('',(0.,1.));
#12146 = ( GEOMETRIC_REPRESENTATION_CONTEXT(2) 
PARAMETRIC_REPRESENTATION_CONTEXT() REPRESENTATION_CONTEXT('2D SPACE',''
  ) );
#12147 = PCURVE('',#11965,#12148);
#12148 = DEFINITIONAL_REPRESENTATION('',(#12149),#12153);
#12149 = LINE('',#12150,#12151);
#12150 = CARTESIAN_POINT('',(0.,0.));
#12151 = VECTOR('',#12152,1.);
#12152 = DIRECTION('',(1.,0.));
#12153 = ( GEOMETRIC_REPRESENTATION_CONTEXT(2) 
PARAMETRIC_REPRESENTATION_CONTEXT() REPRESENTATION_CONTEXT('2D SPACE',''
  ) );
#12154 = ORIENTED_EDGE('',*,*,#11914,.T.);
#12155 = ORIENTED_EDGE('',*,*,#12156,.T.);
#12156 = EDGE_CURVE('',#11917,#12037,#12157,.T.);
#12157 = SURFACE_CURVE('',#12158,(#12162,#12169),.PCURVE_S1.);
#12158 = LINE('',#12159,#12160);
#12159 = CARTESIAN_POINT('',(-8.5,-9.735,0.2));
#12160 = VECTOR('',#12161,1.);
#12161 = DIRECTION('',(1.,0.,-0.));
#12162 = PCURVE('',#11937,#12163);
#12163 = DEFINITIONAL_REPRESENTATION('',(#12164),#12168);
#12164 = LINE('',#12165,#12166);
#12165 = CARTESIAN_POINT('',(0.2,0.));
#12166 = VECTOR('',#12167,1.);
#12167 = DIRECTION('',(0.,1.));
#12168 = ( GEOMETRIC_REPRESENTATION_CONTEXT(2) 
PARAMETRIC_REPRESENTATION_CONTEXT() REPRESENTATION_CONTEXT('2D SPACE',''
  ) );
#12169 = PCURVE('',#12019,#12170);
#12170 = DEFINITIONAL_REPRESENTATION('',(#12171),#12175);
#12171 = LINE('',#12172,#12173);
#12172 = CARTESIAN_POINT('',(0.,0.));
#12173 = VECTOR('',#12174,1.);
#12174 = DIRECTION('',(1.,0.));
#12175 = ( GEOMETRIC_REPRESENTATION_CONTEXT(2) 
PARAMETRIC_REPRESENTATION_CONTEXT() REPRESENTATION_CONTEXT('2D SPACE',''
  ) );
#12176 = ORIENTED_EDGE('',*,*,#12034,.F.);
#12177 = ADVANCED_FACE('',(#12178),#11993,.T.);
#12178 = FACE_BOUND('',#12179,.T.);
#12179 = EDGE_LOOP('',(#12180,#12201,#12202,#12223));
#12180 = ORIENTED_EDGE('',*,*,#12181,.F.);
#12181 = EDGE_CURVE('',#11950,#12065,#12182,.T.);
#12182 = SURFACE_CURVE('',#12183,(#12187,#12194),.PCURVE_S1.);
#12183 = LINE('',#12184,#12185);
#12184 = CARTESIAN_POINT('',(-8.5,9.735,0.));
#12185 = VECTOR('',#12186,1.);
#12186 = DIRECTION('',(1.,0.,-0.));
#12187 = PCURVE('',#11993,#12188);
#12188 = DEFINITIONAL_REPRESENTATION('',(#12189),#12193);
#12189 = LINE('',#12190,#12191);
#12190 = CARTESIAN_POINT('',(0.,0.));
#12191 = VECTOR('',#12192,1.);
#12192 = DIRECTION('',(0.,1.));
#12193 = ( GEOMETRIC_REPRESENTATION_CONTEXT(2) 
PARAMETRIC_REPRESENTATION_CONTEXT() REPRESENTATION_CONTEXT('2D SPACE',''
  ) );
#12194 = PCURVE('',#11965,#12195);
#12195 = DEFINITIONAL_REPRESENTATION('',(#12196),#12200);
#12196 = LINE('',#12197,#12198);
#12197 = CARTESIAN_POINT('',(0.,19.47));
#12198 = VECTOR('',#12199,1.);
#12199 = DIRECTION('',(1.,0.));
#12200 = ( GEOMETRIC_REPRESENTATION_CONTEXT(2) 
PARAMETRIC_REPRESENTATION_CONTEXT() REPRESENTATION_CONTEXT('2D SPACE',''
  ) );
#12201 = ORIENTED_EDGE('',*,*,#11977,.T.);
#12202 = ORIENTED_EDGE('',*,*,#12203,.T.);
#12203 = EDGE_CURVE('',#11978,#12088,#12204,.T.);
#12204 = SURFACE_CURVE('',#12205,(#12209,#12216),.PCURVE_S1.);
#12205 = LINE('',#12206,#12207);
#12206 = CARTESIAN_POINT('',(-8.5,9.735,0.2));
#12207 = VECTOR('',#12208,1.);
#12208 = DIRECTION('',(1.,0.,-0.));
#12209 = PCURVE('',#11993,#12210);
#12210 = DEFINITIONAL_REPRESENTATION('',(#12211),#12215);
#12211 = LINE('',#12212,#12213);
#12212 = CARTESIAN_POINT('',(0.2,0.));
#12213 = VECTOR('',#12214,1.);
#12214 = DIRECTION('',(0.,1.));
#12215 = ( GEOMETRIC_REPRESENTATION_CONTEXT(2) 
PARAMETRIC_REPRESENTATION_CONTEXT() REPRESENTATION_CONTEXT('2D SPACE',''
  ) );
#12216 = PCURVE('',#12019,#12217);
#12217 = DEFINITIONAL_REPRESENTATION('',(#12218),#12222);
#12218 = LINE('',#12219,#12220);
#12219 = CARTESIAN_POINT('',(0.,19.47));
#12220 = VECTOR('',#12221,1.);
#12221 = DIRECTION('',(1.,0.));
#12222 = ( GEOMETRIC_REPRESENTATION_CONTEXT(2) 
PARAMETRIC_REPRESENTATION_CONTEXT() REPRESENTATION_CONTEXT('2D SPACE',''
  ) );
#12223 = ORIENTED_EDGE('',*,*,#12087,.F.);
#12224 = ADVANCED_FACE('',(#12225),#11965,.F.);
#12225 = FACE_BOUND('',#12226,.F.);
#12226 = EDGE_LOOP('',(#12227,#12228,#12229,#12230));
#12227 = ORIENTED_EDGE('',*,*,#11949,.F.);
#12228 = ORIENTED_EDGE('',*,*,#12134,.T.);
#12229 = ORIENTED_EDGE('',*,*,#12064,.T.);
#12230 = ORIENTED_EDGE('',*,*,#12181,.F.);
#12231 = ADVANCED_FACE('',(#12232),#12019,.T.);
#12232 = FACE_BOUND('',#12233,.T.);
#12233 = EDGE_LOOP('',(#12234,#12235,#12236,#12237));
#12234 = ORIENTED_EDGE('',*,*,#12005,.F.);
#12235 = ORIENTED_EDGE('',*,*,#12156,.T.);
#12236 = ORIENTED_EDGE('',*,*,#12110,.T.);
#12237 = ORIENTED_EDGE('',*,*,#12203,.F.);
#12238 = ( GEOMETRIC_REPRESENTATION_CONTEXT(3) 
GLOBAL_UNCERTAINTY_ASSIGNED_CONTEXT((#12242)) 
GLOBAL_UNIT_ASSIGNED_CONTEXT((#12239,#12240,#12241)) 
REPRESENTATION_CONTEXT('Context #1',
  '3D Context with UNIT and UNCERTAINTY') );
#12239 = ( LENGTH_UNIT() NAMED_UNIT(*) SI_UNIT(.MILLI.,.METRE.) );
#12240 = ( NAMED_UNIT(*) PLANE_ANGLE_UNIT() SI_UNIT($,.RADIAN.) );
#12241 = ( NAMED_UNIT(*) SI_UNIT($,.STERADIAN.) SOLID_ANGLE_UNIT() );
#12242 = UNCERTAINTY_MEASURE_WITH_UNIT(LENGTH_MEASURE(1.E-07),#12239,
  'distance_accuracy_value','confusion accuracy');
#12243 = CONTEXT_DEPENDENT_SHAPE_REPRESENTATION(#12244,#12246);
#12244 = ( REPRESENTATION_RELATIONSHIP('','',#11907,#10) 
REPRESENTATION_RELATIONSHIP_WITH_TRANSFORMATION(#12245) 
SHAPE_REPRESENTATION_RELATIONSHIP() );
#12245 = ITEM_DEFINED_TRANSFORMATION('','',#11,#47);
#12246 = PRODUCT_DEFINITION_SHAPE('Placement','Placement of an item',
  #12247);
#12247 = NEXT_ASSEMBLY_USAGE_OCCURRENCE('22','sensor_flex_superior','',
  #5,#11902,$);
#12248 = PRODUCT_RELATED_PRODUCT_CATEGORY('part',$,(#11904));
#12249 = SHAPE_DEFINITION_REPRESENTATION(#621,#12250);
#12250 = SHAPE_REPRESENTATION('',(#15),#613);
#12251 = SHAPE_DEFINITION_REPRESENTATION(#2012,#12252);
#12252 = SHAPE_REPRESENTATION('',(#19),#2004);
#12253 = SHAPE_DEFINITION_REPRESENTATION(#3133,#12254);
#12254 = SHAPE_REPRESENTATION('',(#23),#3125);
#12255 = SHAPE_DEFINITION_REPRESENTATION(#4954,#12256);
#12256 = SHAPE_REPRESENTATION('',(#27),#4946);
#12257 = SHAPE_DEFINITION_REPRESENTATION(#8436,#12258);
#12258 = SHAPE_REPRESENTATION('',(#31),#8428);
#12259 = SHAPE_DEFINITION_REPRESENTATION(#11199,#12260);
#12260 = SHAPE_REPRESENTATION('',(#35),#11191);
#12261 = SHAPE_DEFINITION_REPRESENTATION(#11548,#12262);
#12262 = SHAPE_REPRESENTATION('',(#39),#11540);
#12263 = SHAPE_DEFINITION_REPRESENTATION(#11897,#12264);
#12264 = SHAPE_REPRESENTATION('',(#43),#11889);
#12265 = SHAPE_DEFINITION_REPRESENTATION(#12246,#12266);
#12266 = SHAPE_REPRESENTATION('',(#47),#12238);
#12267 = SHAPE_DEFINITION_REPRESENTATION(#621,#12268);
#12268 = SHAPE_REPRESENTATION('',(#15),#613);
#12269 = SHAPE_DEFINITION_REPRESENTATION(#2012,#12270);
#12270 = SHAPE_REPRESENTATION('',(#19),#2004);
#12271 = SHAPE_DEFINITION_REPRESENTATION(#3133,#12272);
#12272 = SHAPE_REPRESENTATION('',(#23),#3125);
#12273 = SHAPE_DEFINITION_REPRESENTATION(#4954,#12274);
#12274 = SHAPE_REPRESENTATION('',(#27),#4946);
#12275 = SHAPE_DEFINITION_REPRESENTATION(#8436,#12276);
#12276 = SHAPE_REPRESENTATION('',(#31),#8428);
#12277 = SHAPE_DEFINITION_REPRESENTATION(#11199,#12278);
#12278 = SHAPE_REPRESENTATION('',(#35),#11191);
#12279 = SHAPE_DEFINITION_REPRESENTATION(#11548,#12280);
#12280 = SHAPE_REPRESENTATION('',(#39),#11540);
#12281 = SHAPE_DEFINITION_REPRESENTATION(#11897,#12282);
#12282 = SHAPE_REPRESENTATION('',(#43),#11889);
#12283 = SHAPE_DEFINITION_REPRESENTATION(#12246,#12284);
#12284 = SHAPE_REPRESENTATION('',(#47),#12238);
#12285 = MECHANICAL_DESIGN_GEOMETRIC_PRESENTATION_REPRESENTATION('',(
    #12286,#12296),#11191);
#12286 = STYLED_ITEM('color',(#12287),#8447);
#12287 = PRESENTATION_STYLE_ASSIGNMENT((#12288,#12294));
#12288 = SURFACE_STYLE_USAGE(.BOTH.,#12289);
#12289 = SURFACE_SIDE_STYLE('',(#12290));
#12290 = SURFACE_STYLE_FILL_AREA(#12291);
#12291 = FILL_AREA_STYLE('',(#12292));
#12292 = FILL_AREA_STYLE_COLOUR('',#12293);
#12293 = COLOUR_RGB('',0.299999996101,0.620000000292,0.45000000386);
#12294 = CURVE_STYLE('',#12295,POSITIVE_LENGTH_MEASURE(0.1),#12293);
#12295 = DRAUGHTING_PRE_DEFINED_CURVE_FONT('continuous');
#12296 = OVER_RIDING_STYLED_ITEM('overriding color',(#12297),#8447,
  #12286);
#12297 = PRESENTATION_STYLE_BY_CONTEXT((#12298,#12304),#12278);
#12298 = SURFACE_STYLE_USAGE(.BOTH.,#12299);
#12299 = SURFACE_SIDE_STYLE('',(#12300));
#12300 = SURFACE_STYLE_FILL_AREA(#12301);
#12301 = FILL_AREA_STYLE('',(#12302));
#12302 = FILL_AREA_STYLE_COLOUR('',#12303);
#12303 = COLOUR_RGB('',0.299999996101,0.620000000292,0.45000000386);
#12304 = CURVE_STYLE('',#12305,POSITIVE_LENGTH_MEASURE(0.1),#12303);
#12305 = DRAUGHTING_PRE_DEFINED_CURVE_FONT('continuous');
#12306 = MECHANICAL_DESIGN_GEOMETRIC_PRESENTATION_REPRESENTATION('',(
    #12307,#12317),#613);
#12307 = STYLED_ITEM('color',(#12308),#65);
#12308 = PRESENTATION_STYLE_ASSIGNMENT((#12309,#12315));
#12309 = SURFACE_STYLE_USAGE(.BOTH.,#12310);
#12310 = SURFACE_SIDE_STYLE('',(#12311));
#12311 = SURFACE_STYLE_FILL_AREA(#12312);
#12312 = FILL_AREA_STYLE('',(#12313));
#12313 = FILL_AREA_STYLE_COLOUR('',#12314);
#12314 = COLOUR_RGB('',0.420000006308,0.45000000386,0.500000003429);
#12315 = CURVE_STYLE('',#12316,POSITIVE_LENGTH_MEASURE(0.1),#12314);
#12316 = DRAUGHTING_PRE_DEFINED_CURVE_FONT('continuous');
#12317 = OVER_RIDING_STYLED_ITEM('overriding color',(#12318),#65,#12307
  );
#12318 = PRESENTATION_STYLE_BY_CONTEXT((#12319,#12325),#12268);
#12319 = SURFACE_STYLE_USAGE(.BOTH.,#12320);
#12320 = SURFACE_SIDE_STYLE('',(#12321));
#12321 = SURFACE_STYLE_FILL_AREA(#12322);
#12322 = FILL_AREA_STYLE('',(#12323));
#12323 = FILL_AREA_STYLE_COLOUR('',#12324);
#12324 = COLOUR_RGB('',0.420000006308,0.45000000386,0.500000003429);
#12325 = CURVE_STYLE('',#12326,POSITIVE_LENGTH_MEASURE(0.1),#12324);
#12326 = DRAUGHTING_PRE_DEFINED_CURVE_FONT('continuous');
#12327 = MECHANICAL_DESIGN_GEOMETRIC_PRESENTATION_REPRESENTATION('',(
    #12328,#12338),#2004);
#12328 = STYLED_ITEM('color',(#12329),#632);
#12329 = PRESENTATION_STYLE_ASSIGNMENT((#12330,#12336));
#12330 = SURFACE_STYLE_USAGE(.BOTH.,#12331);
#12331 = SURFACE_SIDE_STYLE('',(#12332));
#12332 = SURFACE_STYLE_FILL_AREA(#12333);
#12333 = FILL_AREA_STYLE('',(#12334));
#12334 = FILL_AREA_STYLE_COLOUR('',#12335);
#12335 = COLOUR_RGB('',0.55000000909,0.630000008194,0.760000013601);
#12336 = CURVE_STYLE('',#12337,POSITIVE_LENGTH_MEASURE(0.1),#12335);
#12337 = DRAUGHTING_PRE_DEFINED_CURVE_FONT('continuous');
#12338 = OVER_RIDING_STYLED_ITEM('overriding color',(#12339),#632,#12328
  );
#12339 = PRESENTATION_STYLE_BY_CONTEXT((#12340,#12346),#12270);
#12340 = SURFACE_STYLE_USAGE(.BOTH.,#12341);
#12341 = SURFACE_SIDE_STYLE('',(#12342));
#12342 = SURFACE_STYLE_FILL_AREA(#12343);
#12343 = FILL_AREA_STYLE('',(#12344));
#12344 = FILL_AREA_STYLE_COLOUR('',#12345);
#12345 = COLOUR_RGB('',0.55000000909,0.630000008194,0.760000013601);
#12346 = CURVE_STYLE('',#12347,POSITIVE_LENGTH_MEASURE(0.1),#12345);
#12347 = DRAUGHTING_PRE_DEFINED_CURVE_FONT('continuous');
#12348 = MECHANICAL_DESIGN_GEOMETRIC_PRESENTATION_REPRESENTATION('',(
    #12349),#11889);
#12349 = STYLED_ITEM('color',(#12350),#11559);
#12350 = PRESENTATION_STYLE_ASSIGNMENT((#12351,#12357));
#12351 = SURFACE_STYLE_USAGE(.BOTH.,#12352);
#12352 = SURFACE_SIDE_STYLE('',(#12353));
#12353 = SURFACE_STYLE_FILL_AREA(#12354);
#12354 = FILL_AREA_STYLE('',(#12355));
#12355 = FILL_AREA_STYLE_COLOUR('',#12356);
#12356 = COLOUR_RGB('',0.950000001282,0.750000000934,0.250000000672);
#12357 = CURVE_STYLE('',#12358,POSITIVE_LENGTH_MEASURE(0.1),#12356);
#12358 = DRAUGHTING_PRE_DEFINED_CURVE_FONT('continuous');
#12359 = MECHANICAL_DESIGN_GEOMETRIC_PRESENTATION_REPRESENTATION('',(
    #12360),#12238);
#12360 = STYLED_ITEM('color',(#12361),#11908);
#12361 = PRESENTATION_STYLE_ASSIGNMENT((#12362,#12368));
#12362 = SURFACE_STYLE_USAGE(.BOTH.,#12363);
#12363 = SURFACE_SIDE_STYLE('',(#12364));
#12364 = SURFACE_STYLE_FILL_AREA(#12365);
#12365 = FILL_AREA_STYLE('',(#12366));
#12366 = FILL_AREA_STYLE_COLOUR('',#12367);
#12367 = COLOUR_RGB('',0.199999998682,0.45000000386,0.299999996101);
#12368 = CURVE_STYLE('',#12369,POSITIVE_LENGTH_MEASURE(0.1),#12367);
#12369 = DRAUGHTING_PRE_DEFINED_CURVE_FONT('continuous');
#12370 = MECHANICAL_DESIGN_GEOMETRIC_PRESENTATION_REPRESENTATION('',(
    #12371,#12381),#4946);
#12371 = STYLED_ITEM('color',(#12372),#3144);
#12372 = PRESENTATION_STYLE_ASSIGNMENT((#12373,#12379));
#12373 = SURFACE_STYLE_USAGE(.BOTH.,#12374);
#12374 = SURFACE_SIDE_STYLE('',(#12375));
#12375 = SURFACE_STYLE_FILL_AREA(#12376);
#12376 = FILL_AREA_STYLE('',(#12377));
#12377 = FILL_AREA_STYLE_COLOUR('',#12378);
#12378 = COLOUR_RGB('',0.899999998185,0.55000000909,0.299999996101);
#12379 = CURVE_STYLE('',#12380,POSITIVE_LENGTH_MEASURE(0.1),#12378);
#12380 = DRAUGHTING_PRE_DEFINED_CURVE_FONT('continuous');
#12381 = OVER_RIDING_STYLED_ITEM('overriding color',(#12382),#3144,
  #12371);
#12382 = PRESENTATION_STYLE_BY_CONTEXT((#12383,#12389),#12274);
#12383 = SURFACE_STYLE_USAGE(.BOTH.,#12384);
#12384 = SURFACE_SIDE_STYLE('',(#12385));
#12385 = SURFACE_STYLE_FILL_AREA(#12386);
#12386 = FILL_AREA_STYLE('',(#12387));
#12387 = FILL_AREA_STYLE_COLOUR('',#12388);
#12388 = COLOUR_RGB('',0.899999998185,0.55000000909,0.299999996101);
#12389 = CURVE_STYLE('',#12390,POSITIVE_LENGTH_MEASURE(0.1),#12388);
#12390 = DRAUGHTING_PRE_DEFINED_CURVE_FONT('continuous');
#12391 = MECHANICAL_DESIGN_GEOMETRIC_PRESENTATION_REPRESENTATION('',(
    #12392),#11540);
#12392 = STYLED_ITEM('color',(#12393),#11210);
#12393 = PRESENTATION_STYLE_ASSIGNMENT((#12394,#12399));
#12394 = SURFACE_STYLE_USAGE(.BOTH.,#12395);
#12395 = SURFACE_SIDE_STYLE('',(#12396));
#12396 = SURFACE_STYLE_FILL_AREA(#12397);
#12397 = FILL_AREA_STYLE('',(#12398));
#12398 = FILL_AREA_STYLE_COLOUR('',#12367);
#12399 = CURVE_STYLE('',#12400,POSITIVE_LENGTH_MEASURE(0.1),#12367);
#12400 = DRAUGHTING_PRE_DEFINED_CURVE_FONT('continuous');
#12401 = MECHANICAL_DESIGN_GEOMETRIC_PRESENTATION_REPRESENTATION('',(
    #12402,#12412),#3125);
#12402 = STYLED_ITEM('color',(#12403),#2023);
#12403 = PRESENTATION_STYLE_ASSIGNMENT((#12404,#12410));
#12404 = SURFACE_STYLE_USAGE(.BOTH.,#12405);
#12405 = SURFACE_SIDE_STYLE('',(#12406));
#12406 = SURFACE_STYLE_FILL_AREA(#12407);
#12407 = FILL_AREA_STYLE('',(#12408));
#12408 = FILL_AREA_STYLE_COLOUR('',#12409);
#12409 = COLOUR_RGB('',0.620000000292,0.640000008347,0.700000005816);
#12410 = CURVE_STYLE('',#12411,POSITIVE_LENGTH_MEASURE(0.1),#12409);
#12411 = DRAUGHTING_PRE_DEFINED_CURVE_FONT('continuous');
#12412 = OVER_RIDING_STYLED_ITEM('overriding color',(#12413),#2023,
  #12402);
#12413 = PRESENTATION_STYLE_BY_CONTEXT((#12414,#12420),#12272);
#12414 = SURFACE_STYLE_USAGE(.BOTH.,#12415);
#12415 = SURFACE_SIDE_STYLE('',(#12416));
#12416 = SURFACE_STYLE_FILL_AREA(#12417);
#12417 = FILL_AREA_STYLE('',(#12418));
#12418 = FILL_AREA_STYLE_COLOUR('',#12419);
#12419 = COLOUR_RGB('',0.620000000292,0.640000008347,0.700000005816);
#12420 = CURVE_STYLE('',#12421,POSITIVE_LENGTH_MEASURE(0.1),#12419);
#12421 = DRAUGHTING_PRE_DEFINED_CURVE_FONT('continuous');
#12422 = MECHANICAL_DESIGN_GEOMETRIC_PRESENTATION_REPRESENTATION('',(
    #12423,#12433),#8428);
#12423 = STYLED_ITEM('color',(#12424),#4965);
#12424 = PRESENTATION_STYLE_ASSIGNMENT((#12425,#12431));
#12425 = SURFACE_STYLE_USAGE(.BOTH.,#12426);
#12426 = SURFACE_SIDE_STYLE('',(#12427));
#12427 = SURFACE_STYLE_FILL_AREA(#12428);
#12428 = FILL_AREA_STYLE('',(#12429));
#12429 = FILL_AREA_STYLE_COLOUR('',#12430);
#12430 = COLOUR_RGB('',0.899999998185,0.879999997771,0.839999997739);
#12431 = CURVE_STYLE('',#12432,POSITIVE_LENGTH_MEASURE(0.1),#12430);
#12432 = DRAUGHTING_PRE_DEFINED_CURVE_FONT('continuous');
#12433 = OVER_RIDING_STYLED_ITEM('overriding color',(#12434),#4965,
  #12423);
#12434 = PRESENTATION_STYLE_BY_CONTEXT((#12435,#12441),#12276);
#12435 = SURFACE_STYLE_USAGE(.BOTH.,#12436);
#12436 = SURFACE_SIDE_STYLE('',(#12437));
#12437 = SURFACE_STYLE_FILL_AREA(#12438);
#12438 = FILL_AREA_STYLE('',(#12439));
#12439 = FILL_AREA_STYLE_COLOUR('',#12440);
#12440 = COLOUR_RGB('',0.899999998185,0.879999997771,0.839999997739);
#12441 = CURVE_STYLE('',#12442,POSITIVE_LENGTH_MEASURE(0.1),#12440);
#12442 = DRAUGHTING_PRE_DEFINED_CURVE_FONT('continuous');
ENDSEC;
END-ISO-10303-21;
