ISO-10303-21;
HEADER;
/* Generated by software containing ST-Developer
 * from STEP Tools, Inc. (www.steptools.com) 
 */

FILE_DESCRIPTION(
/* description */ (''),
/* implementation_level */ '2;1');

FILE_NAME(
/* name */ 'montagem_molde_D.step',
/* time_stamp */ '2026-09-02T21:51:12-03:00',
/* author */ (''),
/* organization */ (''),
/* preprocessor_version */ 'ST-DEVELOPER v20.1',
/* originating_system */ 'Autodesk Translation Framework v15.8.0.0',
/* authorisation */ '');

FILE_SCHEMA (('AUTOMOTIVE_DESIGN { 1 0 10303 214 3 1 1 }'));
ENDSEC;

DATA;
#10=MECHANICAL_DESIGN_GEOMETRIC_PRESENTATION_REPRESENTATION('',(#51,#52,
#53,#54,#55,#56),#3352);
#11=ITEM_DEFINED_TRANSFORMATION($,$,#2096,#2175);
#12=ITEM_DEFINED_TRANSFORMATION($,$,#2154,#2176);
#13=ITEM_DEFINED_TRANSFORMATION($,$,#2161,#2177);
#14=ITEM_DEFINED_TRANSFORMATION($,$,#2168,#2178);
#15=ITEM_DEFINED_TRANSFORMATION($,$,#1994,#2179);
#16=ITEM_DEFINED_TRANSFORMATION($,$,#2064,#2180);
#17=ITEM_DEFINED_TRANSFORMATION($,$,#2095,#2181);
#18=(
REPRESENTATION_RELATIONSHIP($,$,#3384,#3383)
REPRESENTATION_RELATIONSHIP_WITH_TRANSFORMATION(#11)
SHAPE_REPRESENTATION_RELATIONSHIP()
);
#19=(
REPRESENTATION_RELATIONSHIP($,$,#3385,#3383)
REPRESENTATION_RELATIONSHIP_WITH_TRANSFORMATION(#12)
SHAPE_REPRESENTATION_RELATIONSHIP()
);
#20=(
REPRESENTATION_RELATIONSHIP($,$,#3386,#3383)
REPRESENTATION_RELATIONSHIP_WITH_TRANSFORMATION(#13)
SHAPE_REPRESENTATION_RELATIONSHIP()
);
#21=(
REPRESENTATION_RELATIONSHIP($,$,#3387,#3383)
REPRESENTATION_RELATIONSHIP_WITH_TRANSFORMATION(#14)
SHAPE_REPRESENTATION_RELATIONSHIP()
);
#22=(
REPRESENTATION_RELATIONSHIP($,$,#3381,#3380)
REPRESENTATION_RELATIONSHIP_WITH_TRANSFORMATION(#15)
SHAPE_REPRESENTATION_RELATIONSHIP()
);
#23=(
REPRESENTATION_RELATIONSHIP($,$,#3382,#3380)
REPRESENTATION_RELATIONSHIP_WITH_TRANSFORMATION(#16)
SHAPE_REPRESENTATION_RELATIONSHIP()
);
#24=(
REPRESENTATION_RELATIONSHIP($,$,#3383,#3380)
REPRESENTATION_RELATIONSHIP_WITH_TRANSFORMATION(#17)
SHAPE_REPRESENTATION_RELATIONSHIP()
);
#25=CONTEXT_DEPENDENT_SHAPE_REPRESENTATION(#18,#3373);
#26=CONTEXT_DEPENDENT_SHAPE_REPRESENTATION(#19,#3374);
#27=CONTEXT_DEPENDENT_SHAPE_REPRESENTATION(#20,#3375);
#28=CONTEXT_DEPENDENT_SHAPE_REPRESENTATION(#21,#3376);
#29=CONTEXT_DEPENDENT_SHAPE_REPRESENTATION(#22,#3377);
#30=CONTEXT_DEPENDENT_SHAPE_REPRESENTATION(#23,#3378);
#31=CONTEXT_DEPENDENT_SHAPE_REPRESENTATION(#24,#3379);
#32=NEXT_ASSEMBLY_USAGE_OCCURRENCE('ponteira_d_suporte:1',
'ponteira_d_suporte:1','ponteira_d_suporte:1',#3392,#3393,
'ponteira_d_suporte:1');
#33=NEXT_ASSEMBLY_USAGE_OCCURRENCE('sensor_flex_inferior:1',
'sensor_flex_inferior:1','sensor_flex_inferior:1',#3392,#3394,
'sensor_flex_inferior:1');
#34=NEXT_ASSEMBLY_USAGE_OCCURRENCE('sensor_camada_piezorresistiva:1',
'sensor_camada_piezorresistiva:1','sensor_camada_piezorresistiva:1',#3392,
#3395,'sensor_camada_piezorresistiva:1');
#35=NEXT_ASSEMBLY_USAGE_OCCURRENCE('sensor_flex_superior:1',
'sensor_flex_superior:1','sensor_flex_superior:1',#3392,#3396,
'sensor_flex_superior:1');
#36=NEXT_ASSEMBLY_USAGE_OCCURRENCE('molde_D:1','molde_D:1','molde_D:1',
#3389,#3390,'molde_D:1');
#37=NEXT_ASSEMBLY_USAGE_OCCURRENCE('tampa_D:1','tampa_D:1','tampa_D:1',
#3389,#3391,'tampa_D:1');
#38=NEXT_ASSEMBLY_USAGE_OCCURRENCE('ponteira_D_montada:1',
'ponteira_D_montada:1','ponteira_D_montada:1',#3389,#3392,
'ponteira_D_montada:1');
#39=SHAPE_REPRESENTATION_RELATIONSHIP('SRR','None',#3381,#45);
#40=SHAPE_REPRESENTATION_RELATIONSHIP('SRR','None',#3382,#46);
#41=SHAPE_REPRESENTATION_RELATIONSHIP('SRR','None',#3384,#47);
#42=SHAPE_REPRESENTATION_RELATIONSHIP('SRR','None',#3385,#48);
#43=SHAPE_REPRESENTATION_RELATIONSHIP('SRR','None',#3386,#49);
#44=SHAPE_REPRESENTATION_RELATIONSHIP('SRR','None',#3387,#50);
#45=ADVANCED_BREP_SHAPE_REPRESENTATION('',(#57),#3345);
#46=ADVANCED_BREP_SHAPE_REPRESENTATION('',(#58),#3346);
#47=ADVANCED_BREP_SHAPE_REPRESENTATION('',(#59),#3348);
#48=ADVANCED_BREP_SHAPE_REPRESENTATION('',(#60),#3349);
#49=ADVANCED_BREP_SHAPE_REPRESENTATION('',(#61),#3350);
#50=ADVANCED_BREP_SHAPE_REPRESENTATION('',(#62),#3351);
#51=STYLED_ITEM('',(#3424),#57);
#52=STYLED_ITEM('',(#3424),#58);
#53=STYLED_ITEM('',(#3425),#59);
#54=STYLED_ITEM('',(#3426),#60);
#55=STYLED_ITEM('',(#3427),#61);
#56=STYLED_ITEM('',(#3426),#62);
#57=MANIFOLD_SOLID_BREP('molde_D',#1920);
#58=MANIFOLD_SOLID_BREP('tampa_D',#1921);
#59=MANIFOLD_SOLID_BREP('Corpo1',#1922);
#60=MANIFOLD_SOLID_BREP('Corpo1',#1923);
#61=MANIFOLD_SOLID_BREP('Corpo1',#1924);
#62=MANIFOLD_SOLID_BREP('Corpo1',#1925);
#63=(
BOUNDED_SURFACE()
B_SPLINE_SURFACE(2,2,((#2861,#2862,#2863),(#2864,#2865,#2866),(#2867,#2868,
#2869)),.UNSPECIFIED.,.F.,.F.,.F.)
B_SPLINE_SURFACE_WITH_KNOTS((3,3),(3,3),(0.,1.5707963267949),(-3.14159265358979,
-1.5707963267949),.UNSPECIFIED.)
GEOMETRIC_REPRESENTATION_ITEM()
RATIONAL_B_SPLINE_SURFACE(((1.,0.707106781186547,1.),(0.707106781186548,
0.5,0.707106781186548),(1.,0.707106781186547,1.)))
REPRESENTATION_ITEM('')
SURFACE()
);
#64=(
BOUNDED_SURFACE()
B_SPLINE_SURFACE(2,2,((#2883,#2884,#2885),(#2886,#2887,#2888),(#2889,#2890,
#2891)),.UNSPECIFIED.,.F.,.F.,.F.)
B_SPLINE_SURFACE_WITH_KNOTS((3,3),(3,3),(0.,1.5707963267949),(-1.5707963267949,
0.),.UNSPECIFIED.)
GEOMETRIC_REPRESENTATION_ITEM()
RATIONAL_B_SPLINE_SURFACE(((1.,0.707106781186547,1.),(0.707106781186548,
0.5,0.707106781186548),(1.,0.707106781186547,1.)))
REPRESENTATION_ITEM('')
SURFACE()
);
#65=(
BOUNDED_SURFACE()
B_SPLINE_SURFACE(2,2,((#2902,#2903,#2904),(#2905,#2906,#2907),(#2908,#2909,
#2910)),.UNSPECIFIED.,.F.,.F.,.F.)
B_SPLINE_SURFACE_WITH_KNOTS((3,3),(3,3),(0.,1.5707963267949),(-2.22044604925032E-15,
1.5707963267949),.UNSPECIFIED.)
GEOMETRIC_REPRESENTATION_ITEM()
RATIONAL_B_SPLINE_SURFACE(((1.,0.707106781186547,1.),(0.707106781186547,
0.499999999999999,0.707106781186547),(1.,0.707106781186547,1.)))
REPRESENTATION_ITEM('')
SURFACE()
);
#66=(
BOUNDED_SURFACE()
B_SPLINE_SURFACE(2,2,((#2918,#2919,#2920),(#2921,#2922,#2923),(#2924,#2925,
#2926)),.UNSPECIFIED.,.F.,.F.,.F.)
B_SPLINE_SURFACE_WITH_KNOTS((3,3),(3,3),(0.,1.5707963267949),(1.5707963267949,
3.14159265358979),.UNSPECIFIED.)
GEOMETRIC_REPRESENTATION_ITEM()
RATIONAL_B_SPLINE_SURFACE(((1.,0.707106781186547,1.),(0.707106781186547,
0.499999999999999,0.707106781186547),(1.,0.707106781186547,1.)))
REPRESENTATION_ITEM('')
SURFACE()
);
#67=CYLINDRICAL_SURFACE('',#2006,3.);
#68=CYLINDRICAL_SURFACE('',#2011,3.);
#69=CYLINDRICAL_SURFACE('',#2016,6.99999999999999);
#70=CYLINDRICAL_SURFACE('',#2019,6.99999999999999);
#71=CYLINDRICAL_SURFACE('',#2022,6.99999999999999);
#72=CYLINDRICAL_SURFACE('',#2025,6.99999999999999);
#73=CYLINDRICAL_SURFACE('',#2033,4.);
#74=CYLINDRICAL_SURFACE('',#2036,4.);
#75=CYLINDRICAL_SURFACE('',#2042,3.);
#76=CYLINDRICAL_SURFACE('',#2047,3.);
#77=CYLINDRICAL_SURFACE('',#2051,3.);
#78=CYLINDRICAL_SURFACE('',#2055,3.);
#79=CYLINDRICAL_SURFACE('',#2057,4.);
#80=CYLINDRICAL_SURFACE('',#2059,4.);
#81=CYLINDRICAL_SURFACE('',#2061,30.);
#82=CYLINDRICAL_SURFACE('',#2065,6.);
#83=CYLINDRICAL_SURFACE('',#2069,3.2);
#84=CYLINDRICAL_SURFACE('',#2073,3.2);
#85=CYLINDRICAL_SURFACE('',#2077,5.);
#86=CYLINDRICAL_SURFACE('',#2090,30.);
#87=CYLINDRICAL_SURFACE('',#2101,2.);
#88=CYLINDRICAL_SURFACE('',#2106,2.);
#89=CYLINDRICAL_SURFACE('',#2124,5.1);
#90=CYLINDRICAL_SURFACE('',#2152,7.6);
#91=CYLINDRICAL_SURFACE('',#2153,7.6);
#92=LINE('',#2766,#283);
#93=LINE('',#2770,#284);
#94=LINE('',#2774,#285);
#95=LINE('',#2778,#286);
#96=LINE('',#2783,#287);
#97=LINE('',#2791,#288);
#98=LINE('',#2796,#289);
#99=LINE('',#2798,#290);
#100=LINE('',#2799,#291);
#101=LINE('',#2802,#292);
#102=LINE('',#2806,#293);
#103=LINE('',#2807,#294);
#104=LINE('',#2810,#295);
#105=LINE('',#2814,#296);
#106=LINE('',#2815,#297);
#107=LINE('',#2818,#298);
#108=LINE('',#2822,#299);
#109=LINE('',#2823,#300);
#110=LINE('',#2829,#301);
#111=LINE('',#2833,#302);
#112=LINE('',#2837,#303);
#113=LINE('',#2841,#304);
#114=LINE('',#2845,#305);
#115=LINE('',#2847,#306);
#116=LINE('',#2848,#307);
#117=LINE('',#2851,#308);
#118=LINE('',#2855,#309);
#119=LINE('',#2856,#310);
#120=LINE('',#2859,#311);
#121=LINE('',#2881,#312);
#122=LINE('',#2882,#313);
#123=LINE('',#2900,#314);
#124=LINE('',#2901,#315);
#125=LINE('',#2917,#316);
#126=LINE('',#2931,#317);
#127=LINE('',#2933,#318);
#128=LINE('',#2935,#319);
#129=LINE('',#2937,#320);
#130=LINE('',#2943,#321);
#131=LINE('',#2950,#322);
#132=LINE('',#2957,#323);
#133=LINE('',#2964,#324);
#134=LINE('',#2971,#325);
#135=LINE('',#2977,#326);
#136=LINE('',#2979,#327);
#137=LINE('',#2981,#328);
#138=LINE('',#2982,#329);
#139=LINE('',#2985,#330);
#140=LINE('',#2987,#331);
#141=LINE('',#2988,#332);
#142=LINE('',#2991,#333);
#143=LINE('',#2993,#334);
#144=LINE('',#2994,#335);
#145=LINE('',#2997,#336);
#146=LINE('',#2999,#337);
#147=LINE('',#3000,#338);
#148=LINE('',#3003,#339);
#149=LINE('',#3005,#340);
#150=LINE('',#3006,#341);
#151=LINE('',#3009,#342);
#152=LINE('',#3011,#343);
#153=LINE('',#3012,#344);
#154=LINE('',#3015,#345);
#155=LINE('',#3017,#346);
#156=LINE('',#3018,#347);
#157=LINE('',#3020,#348);
#158=LINE('',#3021,#349);
#159=LINE('',#3027,#350);
#160=LINE('',#3036,#351);
#161=LINE('',#3040,#352);
#162=LINE('',#3044,#353);
#163=LINE('',#3045,#354);
#164=LINE('',#3049,#355);
#165=LINE('',#3050,#356);
#166=LINE('',#3051,#357);
#167=LINE('',#3055,#358);
#168=LINE('',#3059,#359);
#169=LINE('',#3061,#360);
#170=LINE('',#3063,#361);
#171=LINE('',#3065,#362);
#172=LINE('',#3067,#363);
#173=LINE('',#3069,#364);
#174=LINE('',#3071,#365);
#175=LINE('',#3073,#366);
#176=LINE('',#3075,#367);
#177=LINE('',#3077,#368);
#178=LINE('',#3079,#369);
#179=LINE('',#3080,#370);
#180=LINE('',#3082,#371);
#181=LINE('',#3083,#372);
#182=LINE('',#3086,#373);
#183=LINE('',#3087,#374);
#184=LINE('',#3090,#375);
#185=LINE('',#3091,#376);
#186=LINE('',#3097,#377);
#187=LINE('',#3099,#378);
#188=LINE('',#3100,#379);
#189=LINE('',#3103,#380);
#190=LINE('',#3104,#381);
#191=LINE('',#3107,#382);
#192=LINE('',#3108,#383);
#193=LINE('',#3111,#384);
#194=LINE('',#3112,#385);
#195=LINE('',#3115,#386);
#196=LINE('',#3116,#387);
#197=LINE('',#3119,#388);
#198=LINE('',#3120,#389);
#199=LINE('',#3123,#390);
#200=LINE('',#3124,#391);
#201=LINE('',#3127,#392);
#202=LINE('',#3128,#393);
#203=LINE('',#3131,#394);
#204=LINE('',#3132,#395);
#205=LINE('',#3135,#396);
#206=LINE('',#3136,#397);
#207=LINE('',#3139,#398);
#208=LINE('',#3140,#399);
#209=LINE('',#3142,#400);
#210=LINE('',#3148,#401);
#211=LINE('',#3150,#402);
#212=LINE('',#3152,#403);
#213=LINE('',#3156,#404);
#214=LINE('',#3158,#405);
#215=LINE('',#3159,#406);
#216=LINE('',#3164,#407);
#217=LINE('',#3166,#408);
#218=LINE('',#3170,#409);
#219=LINE('',#3174,#410);
#220=LINE('',#3178,#411);
#221=LINE('',#3182,#412);
#222=LINE('',#3184,#413);
#223=LINE('',#3188,#414);
#224=LINE('',#3191,#415);
#225=LINE('',#3194,#416);
#226=LINE('',#3196,#417);
#227=LINE('',#3197,#418);
#228=LINE('',#3199,#419);
#229=LINE('',#3200,#420);
#230=LINE('',#3203,#421);
#231=LINE('',#3204,#422);
#232=LINE('',#3207,#423);
#233=LINE('',#3208,#424);
#234=LINE('',#3211,#425);
#235=LINE('',#3212,#426);
#236=LINE('',#3214,#427);
#237=LINE('',#3216,#428);
#238=LINE('',#3218,#429);
#239=LINE('',#3220,#430);
#240=LINE('',#3221,#431);
#241=LINE('',#3225,#432);
#242=LINE('',#3228,#433);
#243=LINE('',#3229,#434);
#244=LINE('',#3236,#435);
#245=LINE('',#3239,#436);
#246=LINE('',#3240,#437);
#247=LINE('',#3251,#438);
#248=LINE('',#3253,#439);
#249=LINE('',#3255,#440);
#250=LINE('',#3256,#441);
#251=LINE('',#3260,#442);
#252=LINE('',#3262,#443);
#253=LINE('',#3264,#444);
#254=LINE('',#3265,#445);
#255=LINE('',#3267,#446);
#256=LINE('',#3268,#447);
#257=LINE('',#3270,#448);
#258=LINE('',#3271,#449);
#259=LINE('',#3278,#450);
#260=LINE('',#3280,#451);
#261=LINE('',#3282,#452);
#262=LINE('',#3283,#453);
#263=LINE('',#3287,#454);
#264=LINE('',#3289,#455);
#265=LINE('',#3291,#456);
#266=LINE('',#3292,#457);
#267=LINE('',#3294,#458);
#268=LINE('',#3295,#459);
#269=LINE('',#3297,#460);
#270=LINE('',#3298,#461);
#271=LINE('',#3305,#462);
#272=LINE('',#3307,#463);
#273=LINE('',#3309,#464);
#274=LINE('',#3310,#465);
#275=LINE('',#3314,#466);
#276=LINE('',#3316,#467);
#277=LINE('',#3318,#468);
#278=LINE('',#3319,#469);
#279=LINE('',#3321,#470);
#280=LINE('',#3322,#471);
#281=LINE('',#3324,#472);
#282=LINE('',#3325,#473);
#283=VECTOR('',#2200,10.);
#284=VECTOR('',#2203,10.);
#285=VECTOR('',#2206,10.);
#286=VECTOR('',#2209,10.);
#287=VECTOR('',#2216,3.);
#288=VECTOR('',#2227,3.);
#289=VECTOR('',#2234,10.);
#290=VECTOR('',#2235,10.);
#291=VECTOR('',#2236,10.);
#292=VECTOR('',#2239,10.);
#293=VECTOR('',#2244,10.);
#294=VECTOR('',#2245,10.);
#295=VECTOR('',#2248,10.);
#296=VECTOR('',#2253,10.);
#297=VECTOR('',#2254,10.);
#298=VECTOR('',#2257,10.);
#299=VECTOR('',#2262,10.);
#300=VECTOR('',#2263,10.);
#301=VECTOR('',#2270,10.);
#302=VECTOR('',#2273,10.);
#303=VECTOR('',#2276,10.);
#304=VECTOR('',#2279,10.);
#305=VECTOR('',#2284,10.);
#306=VECTOR('',#2285,10.);
#307=VECTOR('',#2286,10.);
#308=VECTOR('',#2289,10.);
#309=VECTOR('',#2294,10.);
#310=VECTOR('',#2295,10.);
#311=VECTOR('',#2298,10.);
#312=VECTOR('',#2313,10.);
#313=VECTOR('',#2314,10.);
#314=VECTOR('',#2325,10.);
#315=VECTOR('',#2326,10.);
#316=VECTOR('',#2335,10.);
#317=VECTOR('',#2342,10.);
#318=VECTOR('',#2345,10.);
#319=VECTOR('',#2348,10.);
#320=VECTOR('',#2351,10.);
#321=VECTOR('',#2360,30.);
#322=VECTOR('',#2369,6.);
#323=VECTOR('',#2378,3.2);
#324=VECTOR('',#2387,3.2);
#325=VECTOR('',#2396,5.);
#326=VECTOR('',#2403,10.);
#327=VECTOR('',#2404,10.);
#328=VECTOR('',#2405,10.);
#329=VECTOR('',#2406,10.);
#330=VECTOR('',#2409,10.);
#331=VECTOR('',#2410,10.);
#332=VECTOR('',#2411,10.);
#333=VECTOR('',#2414,10.);
#334=VECTOR('',#2415,10.);
#335=VECTOR('',#2416,10.);
#336=VECTOR('',#2419,10.);
#337=VECTOR('',#2420,10.);
#338=VECTOR('',#2421,10.);
#339=VECTOR('',#2424,10.);
#340=VECTOR('',#2425,10.);
#341=VECTOR('',#2426,10.);
#342=VECTOR('',#2429,10.);
#343=VECTOR('',#2430,10.);
#344=VECTOR('',#2431,10.);
#345=VECTOR('',#2434,10.);
#346=VECTOR('',#2435,10.);
#347=VECTOR('',#2436,10.);
#348=VECTOR('',#2439,10.);
#349=VECTOR('',#2440,10.);
#350=VECTOR('',#2447,30.);
#351=VECTOR('',#2460,1.);
#352=VECTOR('',#2463,1.);
#353=VECTOR('',#2466,1.);
#354=VECTOR('',#2467,1.);
#355=VECTOR('',#2470,1.);
#356=VECTOR('',#2471,1.);
#357=VECTOR('',#2472,1.);
#358=VECTOR('',#2477,1.);
#359=VECTOR('',#2480,1.);
#360=VECTOR('',#2481,1.00000000000064);
#361=VECTOR('',#2482,1.);
#362=VECTOR('',#2483,1.);
#363=VECTOR('',#2484,1.);
#364=VECTOR('',#2485,1.);
#365=VECTOR('',#2486,1.);
#366=VECTOR('',#2487,1.00000000000064);
#367=VECTOR('',#2488,1.);
#368=VECTOR('',#2489,1.00000000000064);
#369=VECTOR('',#2490,1.);
#370=VECTOR('',#2491,1.00000000000064);
#371=VECTOR('',#2492,1.);
#372=VECTOR('',#2493,1.);
#373=VECTOR('',#2496,1.);
#374=VECTOR('',#2497,1.);
#375=VECTOR('',#2500,1.);
#376=VECTOR('',#2501,1.);
#377=VECTOR('',#2510,1.);
#378=VECTOR('',#2511,1.);
#379=VECTOR('',#2512,1.);
#380=VECTOR('',#2515,1.00000000000064);
#381=VECTOR('',#2516,1.);
#382=VECTOR('',#2519,1.);
#383=VECTOR('',#2520,1.);
#384=VECTOR('',#2523,1.00000000000064);
#385=VECTOR('',#2524,1.);
#386=VECTOR('',#2527,1.);
#387=VECTOR('',#2528,1.);
#388=VECTOR('',#2531,1.00000000000064);
#389=VECTOR('',#2532,1.);
#390=VECTOR('',#2535,1.);
#391=VECTOR('',#2536,1.);
#392=VECTOR('',#2539,1.);
#393=VECTOR('',#2540,1.);
#394=VECTOR('',#2543,1.);
#395=VECTOR('',#2544,1.);
#396=VECTOR('',#2547,1.);
#397=VECTOR('',#2548,1.);
#398=VECTOR('',#2551,1.);
#399=VECTOR('',#2552,1.);
#400=VECTOR('',#2555,1.00000000000064);
#401=VECTOR('',#2560,1.);
#402=VECTOR('',#2561,1.);
#403=VECTOR('',#2562,1.);
#404=VECTOR('',#2565,1.);
#405=VECTOR('',#2566,1.);
#406=VECTOR('',#2567,1.);
#407=VECTOR('',#2572,1.);
#408=VECTOR('',#2573,1.);
#409=VECTOR('',#2576,1.);
#410=VECTOR('',#2579,1.);
#411=VECTOR('',#2582,5.1);
#412=VECTOR('',#2587,1.);
#413=VECTOR('',#2588,1.);
#414=VECTOR('',#2591,1.);
#415=VECTOR('',#2594,1.);
#416=VECTOR('',#2597,1.);
#417=VECTOR('',#2598,1.);
#418=VECTOR('',#2599,1.);
#419=VECTOR('',#2600,1.);
#420=VECTOR('',#2601,1.);
#421=VECTOR('',#2604,1.);
#422=VECTOR('',#2605,1.);
#423=VECTOR('',#2608,1.);
#424=VECTOR('',#2609,1.);
#425=VECTOR('',#2612,1.);
#426=VECTOR('',#2613,1.);
#427=VECTOR('',#2616,1.);
#428=VECTOR('',#2619,1.);
#429=VECTOR('',#2620,1.);
#430=VECTOR('',#2621,1.);
#431=VECTOR('',#2622,1.);
#432=VECTOR('',#2627,1.00000000000025);
#433=VECTOR('',#2630,1.);
#434=VECTOR('',#2631,1.00000000000025);
#435=VECTOR('',#2642,1.00000000000025);
#436=VECTOR('',#2645,1.);
#437=VECTOR('',#2646,1.00000000000025);
#438=VECTOR('',#2663,1.);
#439=VECTOR('',#2664,1.);
#440=VECTOR('',#2665,1.);
#441=VECTOR('',#2666,1.);
#442=VECTOR('',#2669,1.);
#443=VECTOR('',#2670,1.);
#444=VECTOR('',#2671,1.);
#445=VECTOR('',#2672,1.);
#446=VECTOR('',#2675,1.);
#447=VECTOR('',#2676,1.);
#448=VECTOR('',#2679,1.);
#449=VECTOR('',#2680,1.);
#450=VECTOR('',#2689,1.);
#451=VECTOR('',#2690,1.);
#452=VECTOR('',#2691,1.);
#453=VECTOR('',#2692,1.);
#454=VECTOR('',#2695,1.);
#455=VECTOR('',#2696,1.);
#456=VECTOR('',#2697,1.);
#457=VECTOR('',#2698,1.);
#458=VECTOR('',#2701,1.);
#459=VECTOR('',#2702,1.);
#460=VECTOR('',#2705,1.);
#461=VECTOR('',#2706,1.);
#462=VECTOR('',#2715,1.);
#463=VECTOR('',#2716,1.);
#464=VECTOR('',#2717,1.);
#465=VECTOR('',#2718,1.);
#466=VECTOR('',#2721,1.);
#467=VECTOR('',#2722,1.);
#468=VECTOR('',#2723,1.);
#469=VECTOR('',#2724,1.);
#470=VECTOR('',#2727,1.);
#471=VECTOR('',#2728,1.);
#472=VECTOR('',#2731,1.);
#473=VECTOR('',#2732,1.);
#474=FACE_BOUND('',#680,.T.);
#475=FACE_BOUND('',#681,.T.);
#476=FACE_BOUND('',#682,.T.);
#477=FACE_BOUND('',#697,.T.);
#478=FACE_BOUND('',#734,.T.);
#479=FACE_BOUND('',#737,.T.);
#480=FACE_BOUND('',#738,.T.);
#481=FACE_BOUND('',#739,.T.);
#482=FACE_BOUND('',#741,.T.);
#483=FACE_BOUND('',#746,.T.);
#484=FACE_BOUND('',#764,.T.);
#485=PLANE('',#1999);
#486=PLANE('',#2013);
#487=PLANE('',#2014);
#488=PLANE('',#2015);
#489=PLANE('',#2018);
#490=PLANE('',#2021);
#491=PLANE('',#2024);
#492=PLANE('',#2027);
#493=PLANE('',#2032);
#494=PLANE('',#2035);
#495=PLANE('',#2056);
#496=PLANE('',#2058);
#497=PLANE('',#2060);
#498=PLANE('',#2063);
#499=PLANE('',#2068);
#500=PLANE('',#2072);
#501=PLANE('',#2076);
#502=PLANE('',#2080);
#503=PLANE('',#2081);
#504=PLANE('',#2082);
#505=PLANE('',#2083);
#506=PLANE('',#2084);
#507=PLANE('',#2085);
#508=PLANE('',#2086);
#509=PLANE('',#2087);
#510=PLANE('',#2088);
#511=PLANE('',#2089);
#512=PLANE('',#2093);
#513=PLANE('',#2094);
#514=PLANE('',#2097);
#515=PLANE('',#2100);
#516=PLANE('',#2103);
#517=PLANE('',#2104);
#518=PLANE('',#2105);
#519=PLANE('',#2108);
#520=PLANE('',#2109);
#521=PLANE('',#2110);
#522=PLANE('',#2111);
#523=PLANE('',#2112);
#524=PLANE('',#2113);
#525=PLANE('',#2114);
#526=PLANE('',#2115);
#527=PLANE('',#2116);
#528=PLANE('',#2117);
#529=PLANE('',#2118);
#530=PLANE('',#2119);
#531=PLANE('',#2120);
#532=PLANE('',#2121);
#533=PLANE('',#2133);
#534=PLANE('',#2134);
#535=PLANE('',#2135);
#536=PLANE('',#2136);
#537=PLANE('',#2137);
#538=PLANE('',#2138);
#539=PLANE('',#2139);
#540=PLANE('',#2141);
#541=PLANE('',#2142);
#542=PLANE('',#2144);
#543=PLANE('',#2145);
#544=PLANE('',#2147);
#545=PLANE('',#2148);
#546=PLANE('',#2150);
#547=PLANE('',#2151);
#548=PLANE('',#2155);
#549=PLANE('',#2156);
#550=PLANE('',#2157);
#551=PLANE('',#2158);
#552=PLANE('',#2159);
#553=PLANE('',#2160);
#554=PLANE('',#2162);
#555=PLANE('',#2163);
#556=PLANE('',#2164);
#557=PLANE('',#2165);
#558=PLANE('',#2166);
#559=PLANE('',#2167);
#560=PLANE('',#2169);
#561=PLANE('',#2170);
#562=PLANE('',#2171);
#563=PLANE('',#2172);
#564=PLANE('',#2173);
#565=PLANE('',#2174);
#566=FACE_OUTER_BOUND('',#678,.T.);
#567=FACE_OUTER_BOUND('',#679,.T.);
#568=FACE_OUTER_BOUND('',#683,.T.);
#569=FACE_OUTER_BOUND('',#684,.T.);
#570=FACE_OUTER_BOUND('',#685,.T.);
#571=FACE_OUTER_BOUND('',#686,.T.);
#572=FACE_OUTER_BOUND('',#687,.T.);
#573=FACE_OUTER_BOUND('',#688,.T.);
#574=FACE_OUTER_BOUND('',#689,.T.);
#575=FACE_OUTER_BOUND('',#690,.T.);
#576=FACE_OUTER_BOUND('',#691,.T.);
#577=FACE_OUTER_BOUND('',#692,.T.);
#578=FACE_OUTER_BOUND('',#693,.T.);
#579=FACE_OUTER_BOUND('',#694,.T.);
#580=FACE_OUTER_BOUND('',#695,.T.);
#581=FACE_OUTER_BOUND('',#696,.T.);
#582=FACE_OUTER_BOUND('',#698,.T.);
#583=FACE_OUTER_BOUND('',#699,.T.);
#584=FACE_OUTER_BOUND('',#700,.T.);
#585=FACE_OUTER_BOUND('',#701,.T.);
#586=FACE_OUTER_BOUND('',#702,.T.);
#587=FACE_OUTER_BOUND('',#703,.T.);
#588=FACE_OUTER_BOUND('',#704,.T.);
#589=FACE_OUTER_BOUND('',#705,.T.);
#590=FACE_OUTER_BOUND('',#706,.T.);
#591=FACE_OUTER_BOUND('',#707,.T.);
#592=FACE_OUTER_BOUND('',#708,.T.);
#593=FACE_OUTER_BOUND('',#709,.T.);
#594=FACE_OUTER_BOUND('',#710,.T.);
#595=FACE_OUTER_BOUND('',#711,.T.);
#596=FACE_OUTER_BOUND('',#712,.T.);
#597=FACE_OUTER_BOUND('',#713,.T.);
#598=FACE_OUTER_BOUND('',#714,.T.);
#599=FACE_OUTER_BOUND('',#715,.T.);
#600=FACE_OUTER_BOUND('',#716,.T.);
#601=FACE_OUTER_BOUND('',#717,.T.);
#602=FACE_OUTER_BOUND('',#718,.T.);
#603=FACE_OUTER_BOUND('',#719,.T.);
#604=FACE_OUTER_BOUND('',#720,.T.);
#605=FACE_OUTER_BOUND('',#721,.T.);
#606=FACE_OUTER_BOUND('',#722,.T.);
#607=FACE_OUTER_BOUND('',#723,.T.);
#608=FACE_OUTER_BOUND('',#724,.T.);
#609=FACE_OUTER_BOUND('',#725,.T.);
#610=FACE_OUTER_BOUND('',#726,.T.);
#611=FACE_OUTER_BOUND('',#727,.T.);
#612=FACE_OUTER_BOUND('',#728,.T.);
#613=FACE_OUTER_BOUND('',#729,.T.);
#614=FACE_OUTER_BOUND('',#730,.T.);
#615=FACE_OUTER_BOUND('',#731,.T.);
#616=FACE_OUTER_BOUND('',#732,.T.);
#617=FACE_OUTER_BOUND('',#733,.T.);
#618=FACE_OUTER_BOUND('',#735,.T.);
#619=FACE_OUTER_BOUND('',#736,.T.);
#620=FACE_OUTER_BOUND('',#740,.T.);
#621=FACE_OUTER_BOUND('',#742,.T.);
#622=FACE_OUTER_BOUND('',#743,.T.);
#623=FACE_OUTER_BOUND('',#744,.T.);
#624=FACE_OUTER_BOUND('',#745,.T.);
#625=FACE_OUTER_BOUND('',#747,.T.);
#626=FACE_OUTER_BOUND('',#748,.T.);
#627=FACE_OUTER_BOUND('',#749,.T.);
#628=FACE_OUTER_BOUND('',#750,.T.);
#629=FACE_OUTER_BOUND('',#751,.T.);
#630=FACE_OUTER_BOUND('',#752,.T.);
#631=FACE_OUTER_BOUND('',#753,.T.);
#632=FACE_OUTER_BOUND('',#754,.T.);
#633=FACE_OUTER_BOUND('',#755,.T.);
#634=FACE_OUTER_BOUND('',#756,.T.);
#635=FACE_OUTER_BOUND('',#757,.T.);
#636=FACE_OUTER_BOUND('',#758,.T.);
#637=FACE_OUTER_BOUND('',#759,.T.);
#638=FACE_OUTER_BOUND('',#760,.T.);
#639=FACE_OUTER_BOUND('',#761,.T.);
#640=FACE_OUTER_BOUND('',#762,.T.);
#641=FACE_OUTER_BOUND('',#763,.T.);
#642=FACE_OUTER_BOUND('',#765,.T.);
#643=FACE_OUTER_BOUND('',#766,.T.);
#644=FACE_OUTER_BOUND('',#767,.T.);
#645=FACE_OUTER_BOUND('',#768,.T.);
#646=FACE_OUTER_BOUND('',#769,.T.);
#647=FACE_OUTER_BOUND('',#770,.T.);
#648=FACE_OUTER_BOUND('',#771,.T.);
#649=FACE_OUTER_BOUND('',#772,.T.);
#650=FACE_OUTER_BOUND('',#773,.T.);
#651=FACE_OUTER_BOUND('',#774,.T.);
#652=FACE_OUTER_BOUND('',#775,.T.);
#653=FACE_OUTER_BOUND('',#776,.T.);
#654=FACE_OUTER_BOUND('',#777,.T.);
#655=FACE_OUTER_BOUND('',#778,.T.);
#656=FACE_OUTER_BOUND('',#779,.T.);
#657=FACE_OUTER_BOUND('',#780,.T.);
#658=FACE_OUTER_BOUND('',#781,.T.);
#659=FACE_OUTER_BOUND('',#782,.T.);
#660=FACE_OUTER_BOUND('',#783,.T.);
#661=FACE_OUTER_BOUND('',#784,.T.);
#662=FACE_OUTER_BOUND('',#785,.T.);
#663=FACE_OUTER_BOUND('',#786,.T.);
#664=FACE_OUTER_BOUND('',#787,.T.);
#665=FACE_OUTER_BOUND('',#788,.T.);
#666=FACE_OUTER_BOUND('',#789,.T.);
#667=FACE_OUTER_BOUND('',#790,.T.);
#668=FACE_OUTER_BOUND('',#791,.T.);
#669=FACE_OUTER_BOUND('',#792,.T.);
#670=FACE_OUTER_BOUND('',#793,.T.);
#671=FACE_OUTER_BOUND('',#794,.T.);
#672=FACE_OUTER_BOUND('',#795,.T.);
#673=FACE_OUTER_BOUND('',#796,.T.);
#674=FACE_OUTER_BOUND('',#797,.T.);
#675=FACE_OUTER_BOUND('',#798,.T.);
#676=FACE_OUTER_BOUND('',#799,.T.);
#677=FACE_OUTER_BOUND('',#800,.T.);
#678=EDGE_LOOP('',(#1292,#1293,#1294,#1295));
#679=EDGE_LOOP('',(#1296));
#680=EDGE_LOOP('',(#1297));
#681=EDGE_LOOP('',(#1298,#1299,#1300,#1301,#1302,#1303,#1304,#1305));
#682=EDGE_LOOP('',(#1306));
#683=EDGE_LOOP('',(#1307,#1308,#1309,#1310));
#684=EDGE_LOOP('',(#1311,#1312,#1313,#1314));
#685=EDGE_LOOP('',(#1315,#1316,#1317,#1318));
#686=EDGE_LOOP('',(#1319));
#687=EDGE_LOOP('',(#1320));
#688=EDGE_LOOP('',(#1321,#1322,#1323,#1324));
#689=EDGE_LOOP('',(#1325,#1326,#1327,#1328));
#690=EDGE_LOOP('',(#1329,#1330,#1331,#1332));
#691=EDGE_LOOP('',(#1333,#1334,#1335,#1336));
#692=EDGE_LOOP('',(#1337,#1338,#1339,#1340));
#693=EDGE_LOOP('',(#1341,#1342,#1343,#1344));
#694=EDGE_LOOP('',(#1345,#1346,#1347,#1348));
#695=EDGE_LOOP('',(#1349,#1350,#1351,#1352));
#696=EDGE_LOOP('',(#1353,#1354,#1355,#1356,#1357,#1358,#1359,#1360));
#697=EDGE_LOOP('',(#1361,#1362,#1363,#1364,#1365,#1366,#1367,#1368));
#698=EDGE_LOOP('',(#1369,#1370,#1371,#1372));
#699=EDGE_LOOP('',(#1373,#1374,#1375,#1376));
#700=EDGE_LOOP('',(#1377,#1378,#1379,#1380));
#701=EDGE_LOOP('',(#1381,#1382,#1383,#1384));
#702=EDGE_LOOP('',(#1385,#1386,#1387,#1388));
#703=EDGE_LOOP('',(#1389,#1390,#1391,#1392));
#704=EDGE_LOOP('',(#1393,#1394,#1395,#1396));
#705=EDGE_LOOP('',(#1397,#1398,#1399,#1400));
#706=EDGE_LOOP('',(#1401,#1402,#1403,#1404));
#707=EDGE_LOOP('',(#1405,#1406,#1407,#1408));
#708=EDGE_LOOP('',(#1409,#1410,#1411,#1412));
#709=EDGE_LOOP('',(#1413,#1414,#1415,#1416));
#710=EDGE_LOOP('',(#1417,#1418,#1419,#1420));
#711=EDGE_LOOP('',(#1421,#1422,#1423,#1424));
#712=EDGE_LOOP('',(#1425,#1426,#1427,#1428));
#713=EDGE_LOOP('',(#1429,#1430,#1431,#1432));
#714=EDGE_LOOP('',(#1433,#1434,#1435,#1436,#1437,#1438,#1439,#1440));
#715=EDGE_LOOP('',(#1441,#1442,#1443,#1444));
#716=EDGE_LOOP('',(#1445));
#717=EDGE_LOOP('',(#1446,#1447,#1448,#1449));
#718=EDGE_LOOP('',(#1450));
#719=EDGE_LOOP('',(#1451,#1452,#1453,#1454));
#720=EDGE_LOOP('',(#1455));
#721=EDGE_LOOP('',(#1456,#1457,#1458,#1459));
#722=EDGE_LOOP('',(#1460));
#723=EDGE_LOOP('',(#1461,#1462,#1463,#1464));
#724=EDGE_LOOP('',(#1465));
#725=EDGE_LOOP('',(#1466,#1467,#1468,#1469));
#726=EDGE_LOOP('',(#1470,#1471,#1472,#1473));
#727=EDGE_LOOP('',(#1474,#1475,#1476,#1477));
#728=EDGE_LOOP('',(#1478,#1479,#1480,#1481));
#729=EDGE_LOOP('',(#1482,#1483,#1484,#1485));
#730=EDGE_LOOP('',(#1486,#1487,#1488,#1489));
#731=EDGE_LOOP('',(#1490,#1491,#1492,#1493));
#732=EDGE_LOOP('',(#1494,#1495,#1496,#1497));
#733=EDGE_LOOP('',(#1498,#1499,#1500,#1501,#1502,#1503,#1504,#1505));
#734=EDGE_LOOP('',(#1506));
#735=EDGE_LOOP('',(#1507,#1508,#1509,#1510));
#736=EDGE_LOOP('',(#1511));
#737=EDGE_LOOP('',(#1512));
#738=EDGE_LOOP('',(#1513));
#739=EDGE_LOOP('',(#1514,#1515,#1516,#1517,#1518,#1519,#1520,#1521));
#740=EDGE_LOOP('',(#1522));
#741=EDGE_LOOP('',(#1523));
#742=EDGE_LOOP('',(#1524,#1525,#1526,#1527,#1528,#1529));
#743=EDGE_LOOP('',(#1530,#1531,#1532,#1533));
#744=EDGE_LOOP('',(#1534,#1535,#1536,#1537));
#745=EDGE_LOOP('',(#1538,#1539,#1540,#1541,#1542,#1543,#1544,#1545,#1546,
#1547,#1548,#1549));
#746=EDGE_LOOP('',(#1550,#1551,#1552,#1553));
#747=EDGE_LOOP('',(#1554,#1555,#1556,#1557));
#748=EDGE_LOOP('',(#1558,#1559,#1560,#1561));
#749=EDGE_LOOP('',(#1562,#1563,#1564,#1565));
#750=EDGE_LOOP('',(#1566,#1567,#1568,#1569,#1570,#1571));
#751=EDGE_LOOP('',(#1572,#1573,#1574,#1575));
#752=EDGE_LOOP('',(#1576,#1577,#1578,#1579));
#753=EDGE_LOOP('',(#1580,#1581,#1582,#1583));
#754=EDGE_LOOP('',(#1584,#1585,#1586,#1587));
#755=EDGE_LOOP('',(#1588,#1589,#1590,#1591));
#756=EDGE_LOOP('',(#1592,#1593,#1594,#1595));
#757=EDGE_LOOP('',(#1596,#1597,#1598,#1599));
#758=EDGE_LOOP('',(#1600,#1601,#1602,#1603));
#759=EDGE_LOOP('',(#1604,#1605,#1606,#1607));
#760=EDGE_LOOP('',(#1608,#1609,#1610,#1611));
#761=EDGE_LOOP('',(#1612,#1613,#1614,#1615));
#762=EDGE_LOOP('',(#1616,#1617,#1618,#1619));
#763=EDGE_LOOP('',(#1620,#1621,#1622,#1623,#1624,#1625,#1626,#1627,#1628,
#1629,#1630,#1631));
#764=EDGE_LOOP('',(#1632,#1633,#1634,#1635,#1636,#1637,#1638,#1639));
#765=EDGE_LOOP('',(#1640,#1641,#1642,#1643,#1644,#1645,#1646,#1647,#1648,
#1649,#1650,#1651,#1652,#1653,#1654,#1655,#1656,#1657,#1658,#1659));
#766=EDGE_LOOP('',(#1660,#1661,#1662,#1663,#1664,#1665,#1666,#1667));
#767=EDGE_LOOP('',(#1668,#1669,#1670,#1671));
#768=EDGE_LOOP('',(#1672,#1673,#1674,#1675));
#769=EDGE_LOOP('',(#1676,#1677,#1678,#1679));
#770=EDGE_LOOP('',(#1680,#1681,#1682,#1683));
#771=EDGE_LOOP('',(#1684,#1685,#1686,#1687,#1688,#1689,#1690,#1691));
#772=EDGE_LOOP('',(#1692,#1693,#1694,#1695));
#773=EDGE_LOOP('',(#1696,#1697,#1698,#1699));
#774=EDGE_LOOP('',(#1700,#1701,#1702,#1703));
#775=EDGE_LOOP('',(#1704,#1705,#1706,#1707,#1708));
#776=EDGE_LOOP('',(#1709,#1710,#1711,#1712));
#777=EDGE_LOOP('',(#1713,#1714,#1715,#1716));
#778=EDGE_LOOP('',(#1717,#1718,#1719,#1720));
#779=EDGE_LOOP('',(#1721,#1722,#1723,#1724));
#780=EDGE_LOOP('',(#1725));
#781=EDGE_LOOP('',(#1726,#1727,#1728,#1729));
#782=EDGE_LOOP('',(#1730,#1731,#1732,#1733));
#783=EDGE_LOOP('',(#1734,#1735,#1736,#1737));
#784=EDGE_LOOP('',(#1738,#1739,#1740,#1741));
#785=EDGE_LOOP('',(#1742,#1743,#1744,#1745));
#786=EDGE_LOOP('',(#1746,#1747,#1748,#1749));
#787=EDGE_LOOP('',(#1750,#1751,#1752,#1753));
#788=EDGE_LOOP('',(#1754,#1755,#1756,#1757));
#789=EDGE_LOOP('',(#1758,#1759,#1760,#1761));
#790=EDGE_LOOP('',(#1762,#1763,#1764,#1765));
#791=EDGE_LOOP('',(#1766,#1767,#1768,#1769));
#792=EDGE_LOOP('',(#1770,#1771,#1772,#1773));
#793=EDGE_LOOP('',(#1774,#1775,#1776,#1777));
#794=EDGE_LOOP('',(#1778,#1779,#1780,#1781));
#795=EDGE_LOOP('',(#1782,#1783,#1784,#1785));
#796=EDGE_LOOP('',(#1786,#1787,#1788,#1789));
#797=EDGE_LOOP('',(#1790,#1791,#1792,#1793));
#798=EDGE_LOOP('',(#1794,#1795,#1796,#1797));
#799=EDGE_LOOP('',(#1798,#1799,#1800,#1801));
#800=EDGE_LOOP('',(#1802,#1803,#1804,#1805));
#801=CIRCLE('',#1996,3.);
#802=CIRCLE('',#1997,1.);
#803=CIRCLE('',#1998,4.);
#804=CIRCLE('',#2000,30.);
#805=CIRCLE('',#2001,4.);
#806=CIRCLE('',#2002,6.99999999999999);
#807=CIRCLE('',#2003,6.99999999999999);
#808=CIRCLE('',#2004,6.99999999999999);
#809=CIRCLE('',#2005,6.99999999999999);
#810=CIRCLE('',#2007,3.);
#811=CIRCLE('',#2009,3.);
#812=CIRCLE('',#2010,1.);
#813=CIRCLE('',#2012,3.);
#814=CIRCLE('',#2017,6.99999999999999);
#815=CIRCLE('',#2020,6.99999999999999);
#816=CIRCLE('',#2023,6.99999999999999);
#817=CIRCLE('',#2026,6.99999999999999);
#818=CIRCLE('',#2028,4.);
#819=CIRCLE('',#2029,4.);
#820=CIRCLE('',#2030,4.);
#821=CIRCLE('',#2031,4.);
#822=CIRCLE('',#2034,4.);
#823=CIRCLE('',#2037,4.);
#824=CIRCLE('',#2038,3.);
#825=CIRCLE('',#2039,0.999999999999998);
#826=CIRCLE('',#2040,3.);
#827=CIRCLE('',#2041,4.);
#828=CIRCLE('',#2043,3.);
#829=CIRCLE('',#2044,3.);
#830=CIRCLE('',#2045,4.);
#831=CIRCLE('',#2046,0.999999999999999);
#832=CIRCLE('',#2048,3.);
#833=CIRCLE('',#2049,3.);
#834=CIRCLE('',#2050,0.999999999999998);
#835=CIRCLE('',#2052,3.);
#836=CIRCLE('',#2053,3.);
#837=CIRCLE('',#2054,0.999999999999999);
#838=CIRCLE('',#2062,30.);
#839=CIRCLE('',#2066,6.);
#840=CIRCLE('',#2067,6.);
#841=CIRCLE('',#2070,3.2);
#842=CIRCLE('',#2071,3.2);
#843=CIRCLE('',#2074,3.2);
#844=CIRCLE('',#2075,3.2);
#845=CIRCLE('',#2078,5.);
#846=CIRCLE('',#2079,5.);
#847=CIRCLE('',#2091,30.);
#848=CIRCLE('',#2092,30.);
#849=CIRCLE('',#2098,2.);
#850=CIRCLE('',#2099,2.);
#851=CIRCLE('',#2102,2.);
#852=CIRCLE('',#2107,2.);
#853=CIRCLE('',#2122,5.1);
#854=CIRCLE('',#2123,5.1);
#855=CIRCLE('',#2125,5.1);
#856=CIRCLE('',#2126,5.1);
#857=CIRCLE('',#2127,5.1);
#858=CIRCLE('',#2128,5.1);
#859=CIRCLE('',#2129,5.1);
#860=CIRCLE('',#2130,5.1);
#861=CIRCLE('',#2131,5.1);
#862=CIRCLE('',#2132,5.1);
#863=CIRCLE('',#2140,7.6);
#864=CIRCLE('',#2143,7.6);
#865=CIRCLE('',#2146,7.6);
#866=CIRCLE('',#2149,7.6);
#867=VERTEX_POINT('',#2754);
#868=VERTEX_POINT('',#2756);
#869=VERTEX_POINT('',#2760);
#870=VERTEX_POINT('',#2762);
#871=VERTEX_POINT('',#2764);
#872=VERTEX_POINT('',#2765);
#873=VERTEX_POINT('',#2767);
#874=VERTEX_POINT('',#2769);
#875=VERTEX_POINT('',#2771);
#876=VERTEX_POINT('',#2773);
#877=VERTEX_POINT('',#2775);
#878=VERTEX_POINT('',#2777);
#879=VERTEX_POINT('',#2781);
#880=VERTEX_POINT('',#2785);
#881=VERTEX_POINT('',#2789);
#882=VERTEX_POINT('',#2795);
#883=VERTEX_POINT('',#2797);
#884=VERTEX_POINT('',#2801);
#885=VERTEX_POINT('',#2805);
#886=VERTEX_POINT('',#2809);
#887=VERTEX_POINT('',#2813);
#888=VERTEX_POINT('',#2817);
#889=VERTEX_POINT('',#2821);
#890=VERTEX_POINT('',#2827);
#891=VERTEX_POINT('',#2828);
#892=VERTEX_POINT('',#2830);
#893=VERTEX_POINT('',#2832);
#894=VERTEX_POINT('',#2834);
#895=VERTEX_POINT('',#2836);
#896=VERTEX_POINT('',#2838);
#897=VERTEX_POINT('',#2840);
#898=VERTEX_POINT('',#2844);
#899=VERTEX_POINT('',#2846);
#900=VERTEX_POINT('',#2850);
#901=VERTEX_POINT('',#2854);
#902=VERTEX_POINT('',#2858);
#903=VERTEX_POINT('',#2870);
#904=VERTEX_POINT('',#2872);
#905=VERTEX_POINT('',#2874);
#906=VERTEX_POINT('',#2878);
#907=VERTEX_POINT('',#2879);
#908=VERTEX_POINT('',#2892);
#909=VERTEX_POINT('',#2893);
#910=VERTEX_POINT('',#2898);
#911=VERTEX_POINT('',#2911);
#912=VERTEX_POINT('',#2915);
#913=VERTEX_POINT('',#2927);
#914=VERTEX_POINT('',#2941);
#915=VERTEX_POINT('',#2947);
#916=VERTEX_POINT('',#2949);
#917=VERTEX_POINT('',#2954);
#918=VERTEX_POINT('',#2956);
#919=VERTEX_POINT('',#2961);
#920=VERTEX_POINT('',#2963);
#921=VERTEX_POINT('',#2968);
#922=VERTEX_POINT('',#2970);
#923=VERTEX_POINT('',#2975);
#924=VERTEX_POINT('',#2976);
#925=VERTEX_POINT('',#2978);
#926=VERTEX_POINT('',#2980);
#927=VERTEX_POINT('',#2984);
#928=VERTEX_POINT('',#2986);
#929=VERTEX_POINT('',#2990);
#930=VERTEX_POINT('',#2992);
#931=VERTEX_POINT('',#2996);
#932=VERTEX_POINT('',#2998);
#933=VERTEX_POINT('',#3002);
#934=VERTEX_POINT('',#3004);
#935=VERTEX_POINT('',#3008);
#936=VERTEX_POINT('',#3010);
#937=VERTEX_POINT('',#3014);
#938=VERTEX_POINT('',#3016);
#939=VERTEX_POINT('',#3024);
#940=VERTEX_POINT('',#3026);
#941=VERTEX_POINT('',#3034);
#942=VERTEX_POINT('',#3035);
#943=VERTEX_POINT('',#3037);
#944=VERTEX_POINT('',#3039);
#945=VERTEX_POINT('',#3041);
#946=VERTEX_POINT('',#3043);
#947=VERTEX_POINT('',#3047);
#948=VERTEX_POINT('',#3048);
#949=VERTEX_POINT('',#3053);
#950=VERTEX_POINT('',#3057);
#951=VERTEX_POINT('',#3058);
#952=VERTEX_POINT('',#3060);
#953=VERTEX_POINT('',#3062);
#954=VERTEX_POINT('',#3064);
#955=VERTEX_POINT('',#3066);
#956=VERTEX_POINT('',#3068);
#957=VERTEX_POINT('',#3070);
#958=VERTEX_POINT('',#3072);
#959=VERTEX_POINT('',#3074);
#960=VERTEX_POINT('',#3076);
#961=VERTEX_POINT('',#3078);
#962=VERTEX_POINT('',#3081);
#963=VERTEX_POINT('',#3085);
#964=VERTEX_POINT('',#3089);
#965=VERTEX_POINT('',#3096);
#966=VERTEX_POINT('',#3098);
#967=VERTEX_POINT('',#3102);
#968=VERTEX_POINT('',#3106);
#969=VERTEX_POINT('',#3110);
#970=VERTEX_POINT('',#3114);
#971=VERTEX_POINT('',#3118);
#972=VERTEX_POINT('',#3122);
#973=VERTEX_POINT('',#3126);
#974=VERTEX_POINT('',#3130);
#975=VERTEX_POINT('',#3134);
#976=VERTEX_POINT('',#3138);
#977=VERTEX_POINT('',#3144);
#978=VERTEX_POINT('',#3145);
#979=VERTEX_POINT('',#3147);
#980=VERTEX_POINT('',#3149);
#981=VERTEX_POINT('',#3151);
#982=VERTEX_POINT('',#3153);
#983=VERTEX_POINT('',#3155);
#984=VERTEX_POINT('',#3157);
#985=VERTEX_POINT('',#3161);
#986=VERTEX_POINT('',#3162);
#987=VERTEX_POINT('',#3165);
#988=VERTEX_POINT('',#3167);
#989=VERTEX_POINT('',#3169);
#990=VERTEX_POINT('',#3171);
#991=VERTEX_POINT('',#3173);
#992=VERTEX_POINT('',#3175);
#993=VERTEX_POINT('',#3177);
#994=VERTEX_POINT('',#3180);
#995=VERTEX_POINT('',#3183);
#996=VERTEX_POINT('',#3185);
#997=VERTEX_POINT('',#3187);
#998=VERTEX_POINT('',#3189);
#999=VERTEX_POINT('',#3193);
#1000=VERTEX_POINT('',#3195);
#1001=VERTEX_POINT('',#3198);
#1002=VERTEX_POINT('',#3202);
#1003=VERTEX_POINT('',#3206);
#1004=VERTEX_POINT('',#3210);
#1005=VERTEX_POINT('',#3217);
#1006=VERTEX_POINT('',#3219);
#1007=VERTEX_POINT('',#3223);
#1008=VERTEX_POINT('',#3227);
#1009=VERTEX_POINT('',#3234);
#1010=VERTEX_POINT('',#3238);
#1011=VERTEX_POINT('',#3249);
#1012=VERTEX_POINT('',#3250);
#1013=VERTEX_POINT('',#3252);
#1014=VERTEX_POINT('',#3254);
#1015=VERTEX_POINT('',#3258);
#1016=VERTEX_POINT('',#3259);
#1017=VERTEX_POINT('',#3261);
#1018=VERTEX_POINT('',#3263);
#1019=VERTEX_POINT('',#3276);
#1020=VERTEX_POINT('',#3277);
#1021=VERTEX_POINT('',#3279);
#1022=VERTEX_POINT('',#3281);
#1023=VERTEX_POINT('',#3285);
#1024=VERTEX_POINT('',#3286);
#1025=VERTEX_POINT('',#3288);
#1026=VERTEX_POINT('',#3290);
#1027=VERTEX_POINT('',#3303);
#1028=VERTEX_POINT('',#3304);
#1029=VERTEX_POINT('',#3306);
#1030=VERTEX_POINT('',#3308);
#1031=VERTEX_POINT('',#3312);
#1032=VERTEX_POINT('',#3313);
#1033=VERTEX_POINT('',#3315);
#1034=VERTEX_POINT('',#3317);
#1035=EDGE_CURVE('',#867,#867,#801,.T.);
#1036=EDGE_CURVE('',#867,#868,#802,.T.);
#1037=EDGE_CURVE('',#868,#868,#803,.T.);
#1038=EDGE_CURVE('',#869,#869,#804,.T.);
#1039=EDGE_CURVE('',#870,#870,#805,.T.);
#1040=EDGE_CURVE('',#871,#872,#92,.T.);
#1041=EDGE_CURVE('',#872,#873,#806,.T.);
#1042=EDGE_CURVE('',#873,#874,#93,.T.);
#1043=EDGE_CURVE('',#874,#875,#807,.T.);
#1044=EDGE_CURVE('',#875,#876,#94,.T.);
#1045=EDGE_CURVE('',#876,#877,#808,.T.);
#1046=EDGE_CURVE('',#877,#878,#95,.T.);
#1047=EDGE_CURVE('',#878,#871,#809,.T.);
#1048=EDGE_CURVE('',#879,#879,#810,.T.);
#1049=EDGE_CURVE('',#879,#867,#96,.T.);
#1050=EDGE_CURVE('',#880,#880,#811,.T.);
#1051=EDGE_CURVE('',#880,#870,#812,.T.);
#1052=EDGE_CURVE('',#881,#881,#813,.T.);
#1053=EDGE_CURVE('',#881,#880,#97,.T.);
#1054=EDGE_CURVE('',#871,#882,#98,.T.);
#1055=EDGE_CURVE('',#882,#883,#99,.T.);
#1056=EDGE_CURVE('',#872,#883,#100,.T.);
#1057=EDGE_CURVE('',#878,#884,#101,.T.);
#1058=EDGE_CURVE('',#884,#882,#814,.T.);
#1059=EDGE_CURVE('',#877,#885,#102,.T.);
#1060=EDGE_CURVE('',#885,#884,#103,.T.);
#1061=EDGE_CURVE('',#876,#886,#104,.T.);
#1062=EDGE_CURVE('',#886,#885,#815,.T.);
#1063=EDGE_CURVE('',#875,#887,#105,.T.);
#1064=EDGE_CURVE('',#887,#886,#106,.T.);
#1065=EDGE_CURVE('',#874,#888,#107,.T.);
#1066=EDGE_CURVE('',#888,#887,#816,.T.);
#1067=EDGE_CURVE('',#873,#889,#108,.T.);
#1068=EDGE_CURVE('',#889,#888,#109,.T.);
#1069=EDGE_CURVE('',#883,#889,#817,.T.);
#1070=EDGE_CURVE('',#890,#891,#110,.T.);
#1071=EDGE_CURVE('',#892,#890,#818,.T.);
#1072=EDGE_CURVE('',#893,#892,#111,.T.);
#1073=EDGE_CURVE('',#894,#893,#819,.T.);
#1074=EDGE_CURVE('',#895,#894,#112,.T.);
#1075=EDGE_CURVE('',#896,#895,#820,.T.);
#1076=EDGE_CURVE('',#897,#896,#113,.T.);
#1077=EDGE_CURVE('',#891,#897,#821,.T.);
#1078=EDGE_CURVE('',#894,#898,#114,.T.);
#1079=EDGE_CURVE('',#898,#899,#115,.T.);
#1080=EDGE_CURVE('',#895,#899,#116,.T.);
#1081=EDGE_CURVE('',#893,#900,#117,.T.);
#1082=EDGE_CURVE('',#900,#898,#822,.T.);
#1083=EDGE_CURVE('',#892,#901,#118,.T.);
#1084=EDGE_CURVE('',#901,#900,#119,.T.);
#1085=EDGE_CURVE('',#890,#902,#120,.T.);
#1086=EDGE_CURVE('',#902,#901,#823,.T.);
#1087=EDGE_CURVE('',#903,#899,#824,.T.);
#1088=EDGE_CURVE('',#904,#903,#825,.T.);
#1089=EDGE_CURVE('',#905,#904,#826,.T.);
#1090=EDGE_CURVE('',#899,#905,#827,.T.);
#1091=EDGE_CURVE('',#906,#907,#828,.T.);
#1092=EDGE_CURVE('',#905,#906,#121,.T.);
#1093=EDGE_CURVE('',#907,#904,#122,.T.);
#1094=EDGE_CURVE('',#908,#909,#829,.T.);
#1095=EDGE_CURVE('',#906,#908,#830,.T.);
#1096=EDGE_CURVE('',#909,#907,#831,.T.);
#1097=EDGE_CURVE('',#902,#910,#832,.T.);
#1098=EDGE_CURVE('',#908,#902,#123,.T.);
#1099=EDGE_CURVE('',#910,#909,#124,.T.);
#1100=EDGE_CURVE('',#901,#911,#833,.T.);
#1101=EDGE_CURVE('',#911,#910,#834,.T.);
#1102=EDGE_CURVE('',#900,#912,#835,.T.);
#1103=EDGE_CURVE('',#912,#911,#125,.T.);
#1104=EDGE_CURVE('',#898,#913,#836,.T.);
#1105=EDGE_CURVE('',#913,#912,#837,.T.);
#1106=EDGE_CURVE('',#903,#913,#126,.T.);
#1107=EDGE_CURVE('',#891,#908,#127,.T.);
#1108=EDGE_CURVE('',#897,#906,#128,.T.);
#1109=EDGE_CURVE('',#896,#905,#129,.T.);
#1110=EDGE_CURVE('',#914,#914,#838,.T.);
#1111=EDGE_CURVE('',#914,#869,#130,.T.);
#1112=EDGE_CURVE('',#915,#915,#839,.T.);
#1113=EDGE_CURVE('',#915,#916,#131,.T.);
#1114=EDGE_CURVE('',#916,#916,#840,.T.);
#1115=EDGE_CURVE('',#917,#917,#841,.T.);
#1116=EDGE_CURVE('',#917,#918,#132,.T.);
#1117=EDGE_CURVE('',#918,#918,#842,.T.);
#1118=EDGE_CURVE('',#919,#919,#843,.T.);
#1119=EDGE_CURVE('',#919,#920,#133,.T.);
#1120=EDGE_CURVE('',#920,#920,#844,.T.);
#1121=EDGE_CURVE('',#921,#921,#845,.T.);
#1122=EDGE_CURVE('',#921,#922,#134,.T.);
#1123=EDGE_CURVE('',#922,#922,#846,.T.);
#1124=EDGE_CURVE('',#923,#924,#135,.T.);
#1125=EDGE_CURVE('',#923,#925,#136,.T.);
#1126=EDGE_CURVE('',#925,#926,#137,.T.);
#1127=EDGE_CURVE('',#924,#926,#138,.T.);
#1128=EDGE_CURVE('',#927,#923,#139,.T.);
#1129=EDGE_CURVE('',#927,#928,#140,.T.);
#1130=EDGE_CURVE('',#928,#925,#141,.T.);
#1131=EDGE_CURVE('',#929,#927,#142,.T.);
#1132=EDGE_CURVE('',#929,#930,#143,.T.);
#1133=EDGE_CURVE('',#930,#928,#144,.T.);
#1134=EDGE_CURVE('',#931,#929,#145,.T.);
#1135=EDGE_CURVE('',#931,#932,#146,.T.);
#1136=EDGE_CURVE('',#932,#930,#147,.T.);
#1137=EDGE_CURVE('',#933,#931,#148,.T.);
#1138=EDGE_CURVE('',#933,#934,#149,.T.);
#1139=EDGE_CURVE('',#934,#932,#150,.T.);
#1140=EDGE_CURVE('',#935,#933,#151,.T.);
#1141=EDGE_CURVE('',#935,#936,#152,.T.);
#1142=EDGE_CURVE('',#936,#934,#153,.T.);
#1143=EDGE_CURVE('',#937,#935,#154,.T.);
#1144=EDGE_CURVE('',#937,#938,#155,.T.);
#1145=EDGE_CURVE('',#938,#936,#156,.T.);
#1146=EDGE_CURVE('',#924,#937,#157,.T.);
#1147=EDGE_CURVE('',#926,#938,#158,.T.);
#1148=EDGE_CURVE('',#939,#939,#847,.T.);
#1149=EDGE_CURVE('',#939,#940,#159,.T.);
#1150=EDGE_CURVE('',#940,#940,#848,.T.);
#1151=EDGE_CURVE('',#941,#942,#160,.T.);
#1152=EDGE_CURVE('',#942,#943,#849,.T.);
#1153=EDGE_CURVE('',#943,#944,#161,.T.);
#1154=EDGE_CURVE('',#945,#944,#850,.T.);
#1155=EDGE_CURVE('',#946,#945,#162,.T.);
#1156=EDGE_CURVE('',#941,#946,#163,.T.);
#1157=EDGE_CURVE('',#947,#948,#164,.T.);
#1158=EDGE_CURVE('',#942,#948,#165,.T.);
#1159=EDGE_CURVE('',#941,#947,#166,.T.);
#1160=EDGE_CURVE('',#948,#949,#851,.T.);
#1161=EDGE_CURVE('',#943,#949,#167,.T.);
#1162=EDGE_CURVE('',#950,#951,#168,.T.);
#1163=EDGE_CURVE('',#950,#952,#169,.T.);
#1164=EDGE_CURVE('',#952,#953,#170,.T.);
#1165=EDGE_CURVE('',#953,#954,#171,.T.);
#1166=EDGE_CURVE('',#955,#954,#172,.T.);
#1167=EDGE_CURVE('',#956,#955,#173,.T.);
#1168=EDGE_CURVE('',#956,#957,#174,.T.);
#1169=EDGE_CURVE('',#958,#957,#175,.T.);
#1170=EDGE_CURVE('',#958,#959,#176,.T.);
#1171=EDGE_CURVE('',#959,#960,#177,.T.);
#1172=EDGE_CURVE('',#961,#960,#178,.T.);
#1173=EDGE_CURVE('',#951,#961,#179,.T.);
#1174=EDGE_CURVE('',#946,#962,#180,.T.);
#1175=EDGE_CURVE('',#947,#962,#181,.T.);
#1176=EDGE_CURVE('',#949,#963,#182,.T.);
#1177=EDGE_CURVE('',#944,#963,#183,.T.);
#1178=EDGE_CURVE('',#962,#964,#184,.T.);
#1179=EDGE_CURVE('',#945,#964,#185,.T.);
#1180=EDGE_CURVE('',#964,#963,#852,.T.);
#1181=EDGE_CURVE('',#965,#951,#186,.T.);
#1182=EDGE_CURVE('',#966,#965,#187,.T.);
#1183=EDGE_CURVE('',#966,#950,#188,.T.);
#1184=EDGE_CURVE('',#965,#967,#189,.T.);
#1185=EDGE_CURVE('',#967,#961,#190,.T.);
#1186=EDGE_CURVE('',#967,#968,#191,.T.);
#1187=EDGE_CURVE('',#968,#960,#192,.T.);
#1188=EDGE_CURVE('',#969,#968,#193,.T.);
#1189=EDGE_CURVE('',#969,#959,#194,.T.);
#1190=EDGE_CURVE('',#970,#958,#195,.T.);
#1191=EDGE_CURVE('',#970,#969,#196,.T.);
#1192=EDGE_CURVE('',#970,#971,#197,.T.);
#1193=EDGE_CURVE('',#971,#957,#198,.T.);
#1194=EDGE_CURVE('',#972,#971,#199,.T.);
#1195=EDGE_CURVE('',#956,#972,#200,.T.);
#1196=EDGE_CURVE('',#973,#955,#201,.T.);
#1197=EDGE_CURVE('',#972,#973,#202,.T.);
#1198=EDGE_CURVE('',#974,#954,#203,.T.);
#1199=EDGE_CURVE('',#974,#973,#204,.T.);
#1200=EDGE_CURVE('',#953,#975,#205,.T.);
#1201=EDGE_CURVE('',#975,#974,#206,.T.);
#1202=EDGE_CURVE('',#976,#975,#207,.T.);
#1203=EDGE_CURVE('',#976,#952,#208,.T.);
#1204=EDGE_CURVE('',#966,#976,#209,.T.);
#1205=EDGE_CURVE('',#977,#978,#853,.T.);
#1206=EDGE_CURVE('',#978,#979,#210,.T.);
#1207=EDGE_CURVE('',#980,#979,#211,.T.);
#1208=EDGE_CURVE('',#981,#980,#212,.T.);
#1209=EDGE_CURVE('',#981,#982,#854,.T.);
#1210=EDGE_CURVE('',#983,#982,#213,.T.);
#1211=EDGE_CURVE('',#983,#984,#214,.T.);
#1212=EDGE_CURVE('',#984,#977,#215,.T.);
#1213=EDGE_CURVE('',#985,#986,#855,.T.);
#1214=EDGE_CURVE('',#982,#985,#216,.T.);
#1215=EDGE_CURVE('',#981,#987,#217,.T.);
#1216=EDGE_CURVE('',#987,#988,#856,.T.);
#1217=EDGE_CURVE('',#988,#989,#218,.T.);
#1218=EDGE_CURVE('',#990,#989,#857,.T.);
#1219=EDGE_CURVE('',#990,#991,#219,.T.);
#1220=EDGE_CURVE('',#992,#991,#858,.T.);
#1221=EDGE_CURVE('',#992,#993,#220,.T.);
#1222=EDGE_CURVE('',#993,#993,#859,.T.);
#1223=EDGE_CURVE('',#994,#992,#860,.T.);
#1224=EDGE_CURVE('',#978,#994,#221,.T.);
#1225=EDGE_CURVE('',#977,#995,#222,.T.);
#1226=EDGE_CURVE('',#995,#996,#861,.T.);
#1227=EDGE_CURVE('',#996,#997,#223,.T.);
#1228=EDGE_CURVE('',#998,#997,#862,.T.);
#1229=EDGE_CURVE('',#998,#986,#224,.T.);
#1230=EDGE_CURVE('',#998,#999,#225,.T.);
#1231=EDGE_CURVE('',#1000,#999,#226,.T.);
#1232=EDGE_CURVE('',#1000,#995,#227,.T.);
#1233=EDGE_CURVE('',#984,#1001,#228,.T.);
#1234=EDGE_CURVE('',#986,#1001,#229,.T.);
#1235=EDGE_CURVE('',#1002,#994,#230,.T.);
#1236=EDGE_CURVE('',#979,#1002,#231,.T.);
#1237=EDGE_CURVE('',#983,#1003,#232,.T.);
#1238=EDGE_CURVE('',#1003,#1001,#233,.T.);
#1239=EDGE_CURVE('',#980,#1004,#234,.T.);
#1240=EDGE_CURVE('',#1004,#1002,#235,.T.);
#1241=EDGE_CURVE('',#985,#1003,#236,.T.);
#1242=EDGE_CURVE('',#1004,#991,#237,.T.);
#1243=EDGE_CURVE('',#1005,#990,#238,.T.);
#1244=EDGE_CURVE('',#1006,#1005,#239,.T.);
#1245=EDGE_CURVE('',#987,#1006,#240,.T.);
#1246=EDGE_CURVE('',#1006,#1007,#863,.T.);
#1247=EDGE_CURVE('',#988,#1007,#241,.T.);
#1248=EDGE_CURVE('',#1007,#1008,#242,.T.);
#1249=EDGE_CURVE('',#1008,#989,#243,.T.);
#1250=EDGE_CURVE('',#1005,#1008,#864,.T.);
#1251=EDGE_CURVE('',#1000,#1009,#865,.T.);
#1252=EDGE_CURVE('',#996,#1009,#244,.T.);
#1253=EDGE_CURVE('',#1009,#1010,#245,.T.);
#1254=EDGE_CURVE('',#1010,#997,#246,.T.);
#1255=EDGE_CURVE('',#999,#1010,#866,.T.);
#1256=EDGE_CURVE('',#1011,#1012,#247,.T.);
#1257=EDGE_CURVE('',#1012,#1013,#248,.T.);
#1258=EDGE_CURVE('',#1014,#1013,#249,.T.);
#1259=EDGE_CURVE('',#1011,#1014,#250,.T.);
#1260=EDGE_CURVE('',#1015,#1016,#251,.T.);
#1261=EDGE_CURVE('',#1015,#1017,#252,.T.);
#1262=EDGE_CURVE('',#1017,#1018,#253,.T.);
#1263=EDGE_CURVE('',#1016,#1018,#254,.T.);
#1264=EDGE_CURVE('',#1011,#1015,#255,.T.);
#1265=EDGE_CURVE('',#1012,#1016,#256,.T.);
#1266=EDGE_CURVE('',#1014,#1017,#257,.T.);
#1267=EDGE_CURVE('',#1013,#1018,#258,.T.);
#1268=EDGE_CURVE('',#1019,#1020,#259,.T.);
#1269=EDGE_CURVE('',#1020,#1021,#260,.T.);
#1270=EDGE_CURVE('',#1022,#1021,#261,.T.);
#1271=EDGE_CURVE('',#1019,#1022,#262,.T.);
#1272=EDGE_CURVE('',#1023,#1024,#263,.T.);
#1273=EDGE_CURVE('',#1023,#1025,#264,.T.);
#1274=EDGE_CURVE('',#1025,#1026,#265,.T.);
#1275=EDGE_CURVE('',#1024,#1026,#266,.T.);
#1276=EDGE_CURVE('',#1019,#1023,#267,.T.);
#1277=EDGE_CURVE('',#1020,#1024,#268,.T.);
#1278=EDGE_CURVE('',#1022,#1025,#269,.T.);
#1279=EDGE_CURVE('',#1021,#1026,#270,.T.);
#1280=EDGE_CURVE('',#1027,#1028,#271,.T.);
#1281=EDGE_CURVE('',#1028,#1029,#272,.T.);
#1282=EDGE_CURVE('',#1030,#1029,#273,.T.);
#1283=EDGE_CURVE('',#1027,#1030,#274,.T.);
#1284=EDGE_CURVE('',#1031,#1032,#275,.T.);
#1285=EDGE_CURVE('',#1031,#1033,#276,.T.);
#1286=EDGE_CURVE('',#1033,#1034,#277,.T.);
#1287=EDGE_CURVE('',#1032,#1034,#278,.T.);
#1288=EDGE_CURVE('',#1027,#1031,#279,.T.);
#1289=EDGE_CURVE('',#1028,#1032,#280,.T.);
#1290=EDGE_CURVE('',#1030,#1033,#281,.T.);
#1291=EDGE_CURVE('',#1029,#1034,#282,.T.);
#1292=ORIENTED_EDGE('',*,*,#1035,.T.);
#1293=ORIENTED_EDGE('',*,*,#1036,.T.);
#1294=ORIENTED_EDGE('',*,*,#1037,.T.);
#1295=ORIENTED_EDGE('',*,*,#1036,.F.);
#1296=ORIENTED_EDGE('',*,*,#1038,.F.);
#1297=ORIENTED_EDGE('',*,*,#1039,.F.);
#1298=ORIENTED_EDGE('',*,*,#1040,.T.);
#1299=ORIENTED_EDGE('',*,*,#1041,.T.);
#1300=ORIENTED_EDGE('',*,*,#1042,.T.);
#1301=ORIENTED_EDGE('',*,*,#1043,.T.);
#1302=ORIENTED_EDGE('',*,*,#1044,.T.);
#1303=ORIENTED_EDGE('',*,*,#1045,.T.);
#1304=ORIENTED_EDGE('',*,*,#1046,.T.);
#1305=ORIENTED_EDGE('',*,*,#1047,.T.);
#1306=ORIENTED_EDGE('',*,*,#1037,.F.);
#1307=ORIENTED_EDGE('',*,*,#1048,.F.);
#1308=ORIENTED_EDGE('',*,*,#1049,.T.);
#1309=ORIENTED_EDGE('',*,*,#1035,.F.);
#1310=ORIENTED_EDGE('',*,*,#1049,.F.);
#1311=ORIENTED_EDGE('',*,*,#1050,.T.);
#1312=ORIENTED_EDGE('',*,*,#1051,.T.);
#1313=ORIENTED_EDGE('',*,*,#1039,.T.);
#1314=ORIENTED_EDGE('',*,*,#1051,.F.);
#1315=ORIENTED_EDGE('',*,*,#1052,.F.);
#1316=ORIENTED_EDGE('',*,*,#1053,.T.);
#1317=ORIENTED_EDGE('',*,*,#1050,.F.);
#1318=ORIENTED_EDGE('',*,*,#1053,.F.);
#1319=ORIENTED_EDGE('',*,*,#1052,.T.);
#1320=ORIENTED_EDGE('',*,*,#1048,.T.);
#1321=ORIENTED_EDGE('',*,*,#1040,.F.);
#1322=ORIENTED_EDGE('',*,*,#1054,.T.);
#1323=ORIENTED_EDGE('',*,*,#1055,.T.);
#1324=ORIENTED_EDGE('',*,*,#1056,.F.);
#1325=ORIENTED_EDGE('',*,*,#1047,.F.);
#1326=ORIENTED_EDGE('',*,*,#1057,.T.);
#1327=ORIENTED_EDGE('',*,*,#1058,.T.);
#1328=ORIENTED_EDGE('',*,*,#1054,.F.);
#1329=ORIENTED_EDGE('',*,*,#1046,.F.);
#1330=ORIENTED_EDGE('',*,*,#1059,.T.);
#1331=ORIENTED_EDGE('',*,*,#1060,.T.);
#1332=ORIENTED_EDGE('',*,*,#1057,.F.);
#1333=ORIENTED_EDGE('',*,*,#1045,.F.);
#1334=ORIENTED_EDGE('',*,*,#1061,.T.);
#1335=ORIENTED_EDGE('',*,*,#1062,.T.);
#1336=ORIENTED_EDGE('',*,*,#1059,.F.);
#1337=ORIENTED_EDGE('',*,*,#1044,.F.);
#1338=ORIENTED_EDGE('',*,*,#1063,.T.);
#1339=ORIENTED_EDGE('',*,*,#1064,.T.);
#1340=ORIENTED_EDGE('',*,*,#1061,.F.);
#1341=ORIENTED_EDGE('',*,*,#1043,.F.);
#1342=ORIENTED_EDGE('',*,*,#1065,.T.);
#1343=ORIENTED_EDGE('',*,*,#1066,.T.);
#1344=ORIENTED_EDGE('',*,*,#1063,.F.);
#1345=ORIENTED_EDGE('',*,*,#1042,.F.);
#1346=ORIENTED_EDGE('',*,*,#1067,.T.);
#1347=ORIENTED_EDGE('',*,*,#1068,.T.);
#1348=ORIENTED_EDGE('',*,*,#1065,.F.);
#1349=ORIENTED_EDGE('',*,*,#1041,.F.);
#1350=ORIENTED_EDGE('',*,*,#1056,.T.);
#1351=ORIENTED_EDGE('',*,*,#1069,.T.);
#1352=ORIENTED_EDGE('',*,*,#1067,.F.);
#1353=ORIENTED_EDGE('',*,*,#1069,.F.);
#1354=ORIENTED_EDGE('',*,*,#1055,.F.);
#1355=ORIENTED_EDGE('',*,*,#1058,.F.);
#1356=ORIENTED_EDGE('',*,*,#1060,.F.);
#1357=ORIENTED_EDGE('',*,*,#1062,.F.);
#1358=ORIENTED_EDGE('',*,*,#1064,.F.);
#1359=ORIENTED_EDGE('',*,*,#1066,.F.);
#1360=ORIENTED_EDGE('',*,*,#1068,.F.);
#1361=ORIENTED_EDGE('',*,*,#1070,.F.);
#1362=ORIENTED_EDGE('',*,*,#1071,.F.);
#1363=ORIENTED_EDGE('',*,*,#1072,.F.);
#1364=ORIENTED_EDGE('',*,*,#1073,.F.);
#1365=ORIENTED_EDGE('',*,*,#1074,.F.);
#1366=ORIENTED_EDGE('',*,*,#1075,.F.);
#1367=ORIENTED_EDGE('',*,*,#1076,.F.);
#1368=ORIENTED_EDGE('',*,*,#1077,.F.);
#1369=ORIENTED_EDGE('',*,*,#1074,.T.);
#1370=ORIENTED_EDGE('',*,*,#1078,.T.);
#1371=ORIENTED_EDGE('',*,*,#1079,.T.);
#1372=ORIENTED_EDGE('',*,*,#1080,.F.);
#1373=ORIENTED_EDGE('',*,*,#1073,.T.);
#1374=ORIENTED_EDGE('',*,*,#1081,.T.);
#1375=ORIENTED_EDGE('',*,*,#1082,.T.);
#1376=ORIENTED_EDGE('',*,*,#1078,.F.);
#1377=ORIENTED_EDGE('',*,*,#1072,.T.);
#1378=ORIENTED_EDGE('',*,*,#1083,.T.);
#1379=ORIENTED_EDGE('',*,*,#1084,.T.);
#1380=ORIENTED_EDGE('',*,*,#1081,.F.);
#1381=ORIENTED_EDGE('',*,*,#1071,.T.);
#1382=ORIENTED_EDGE('',*,*,#1085,.T.);
#1383=ORIENTED_EDGE('',*,*,#1086,.T.);
#1384=ORIENTED_EDGE('',*,*,#1083,.F.);
#1385=ORIENTED_EDGE('',*,*,#1087,.F.);
#1386=ORIENTED_EDGE('',*,*,#1088,.F.);
#1387=ORIENTED_EDGE('',*,*,#1089,.F.);
#1388=ORIENTED_EDGE('',*,*,#1090,.F.);
#1389=ORIENTED_EDGE('',*,*,#1091,.F.);
#1390=ORIENTED_EDGE('',*,*,#1092,.F.);
#1391=ORIENTED_EDGE('',*,*,#1089,.T.);
#1392=ORIENTED_EDGE('',*,*,#1093,.F.);
#1393=ORIENTED_EDGE('',*,*,#1094,.F.);
#1394=ORIENTED_EDGE('',*,*,#1095,.F.);
#1395=ORIENTED_EDGE('',*,*,#1091,.T.);
#1396=ORIENTED_EDGE('',*,*,#1096,.F.);
#1397=ORIENTED_EDGE('',*,*,#1097,.F.);
#1398=ORIENTED_EDGE('',*,*,#1098,.F.);
#1399=ORIENTED_EDGE('',*,*,#1094,.T.);
#1400=ORIENTED_EDGE('',*,*,#1099,.F.);
#1401=ORIENTED_EDGE('',*,*,#1100,.F.);
#1402=ORIENTED_EDGE('',*,*,#1086,.F.);
#1403=ORIENTED_EDGE('',*,*,#1097,.T.);
#1404=ORIENTED_EDGE('',*,*,#1101,.F.);
#1405=ORIENTED_EDGE('',*,*,#1102,.F.);
#1406=ORIENTED_EDGE('',*,*,#1084,.F.);
#1407=ORIENTED_EDGE('',*,*,#1100,.T.);
#1408=ORIENTED_EDGE('',*,*,#1103,.F.);
#1409=ORIENTED_EDGE('',*,*,#1104,.F.);
#1410=ORIENTED_EDGE('',*,*,#1082,.F.);
#1411=ORIENTED_EDGE('',*,*,#1102,.T.);
#1412=ORIENTED_EDGE('',*,*,#1105,.F.);
#1413=ORIENTED_EDGE('',*,*,#1087,.T.);
#1414=ORIENTED_EDGE('',*,*,#1079,.F.);
#1415=ORIENTED_EDGE('',*,*,#1104,.T.);
#1416=ORIENTED_EDGE('',*,*,#1106,.F.);
#1417=ORIENTED_EDGE('',*,*,#1070,.T.);
#1418=ORIENTED_EDGE('',*,*,#1107,.T.);
#1419=ORIENTED_EDGE('',*,*,#1098,.T.);
#1420=ORIENTED_EDGE('',*,*,#1085,.F.);
#1421=ORIENTED_EDGE('',*,*,#1077,.T.);
#1422=ORIENTED_EDGE('',*,*,#1108,.T.);
#1423=ORIENTED_EDGE('',*,*,#1095,.T.);
#1424=ORIENTED_EDGE('',*,*,#1107,.F.);
#1425=ORIENTED_EDGE('',*,*,#1076,.T.);
#1426=ORIENTED_EDGE('',*,*,#1109,.T.);
#1427=ORIENTED_EDGE('',*,*,#1092,.T.);
#1428=ORIENTED_EDGE('',*,*,#1108,.F.);
#1429=ORIENTED_EDGE('',*,*,#1075,.T.);
#1430=ORIENTED_EDGE('',*,*,#1080,.T.);
#1431=ORIENTED_EDGE('',*,*,#1090,.T.);
#1432=ORIENTED_EDGE('',*,*,#1109,.F.);
#1433=ORIENTED_EDGE('',*,*,#1088,.T.);
#1434=ORIENTED_EDGE('',*,*,#1106,.T.);
#1435=ORIENTED_EDGE('',*,*,#1105,.T.);
#1436=ORIENTED_EDGE('',*,*,#1103,.T.);
#1437=ORIENTED_EDGE('',*,*,#1101,.T.);
#1438=ORIENTED_EDGE('',*,*,#1099,.T.);
#1439=ORIENTED_EDGE('',*,*,#1096,.T.);
#1440=ORIENTED_EDGE('',*,*,#1093,.T.);
#1441=ORIENTED_EDGE('',*,*,#1110,.F.);
#1442=ORIENTED_EDGE('',*,*,#1111,.T.);
#1443=ORIENTED_EDGE('',*,*,#1038,.T.);
#1444=ORIENTED_EDGE('',*,*,#1111,.F.);
#1445=ORIENTED_EDGE('',*,*,#1110,.T.);
#1446=ORIENTED_EDGE('',*,*,#1112,.F.);
#1447=ORIENTED_EDGE('',*,*,#1113,.T.);
#1448=ORIENTED_EDGE('',*,*,#1114,.F.);
#1449=ORIENTED_EDGE('',*,*,#1113,.F.);
#1450=ORIENTED_EDGE('',*,*,#1112,.T.);
#1451=ORIENTED_EDGE('',*,*,#1115,.F.);
#1452=ORIENTED_EDGE('',*,*,#1116,.T.);
#1453=ORIENTED_EDGE('',*,*,#1117,.T.);
#1454=ORIENTED_EDGE('',*,*,#1116,.F.);
#1455=ORIENTED_EDGE('',*,*,#1117,.F.);
#1456=ORIENTED_EDGE('',*,*,#1118,.F.);
#1457=ORIENTED_EDGE('',*,*,#1119,.T.);
#1458=ORIENTED_EDGE('',*,*,#1120,.T.);
#1459=ORIENTED_EDGE('',*,*,#1119,.F.);
#1460=ORIENTED_EDGE('',*,*,#1120,.F.);
#1461=ORIENTED_EDGE('',*,*,#1121,.F.);
#1462=ORIENTED_EDGE('',*,*,#1122,.T.);
#1463=ORIENTED_EDGE('',*,*,#1123,.F.);
#1464=ORIENTED_EDGE('',*,*,#1122,.F.);
#1465=ORIENTED_EDGE('',*,*,#1121,.T.);
#1466=ORIENTED_EDGE('',*,*,#1124,.F.);
#1467=ORIENTED_EDGE('',*,*,#1125,.T.);
#1468=ORIENTED_EDGE('',*,*,#1126,.T.);
#1469=ORIENTED_EDGE('',*,*,#1127,.F.);
#1470=ORIENTED_EDGE('',*,*,#1128,.F.);
#1471=ORIENTED_EDGE('',*,*,#1129,.T.);
#1472=ORIENTED_EDGE('',*,*,#1130,.T.);
#1473=ORIENTED_EDGE('',*,*,#1125,.F.);
#1474=ORIENTED_EDGE('',*,*,#1131,.F.);
#1475=ORIENTED_EDGE('',*,*,#1132,.T.);
#1476=ORIENTED_EDGE('',*,*,#1133,.T.);
#1477=ORIENTED_EDGE('',*,*,#1129,.F.);
#1478=ORIENTED_EDGE('',*,*,#1134,.F.);
#1479=ORIENTED_EDGE('',*,*,#1135,.T.);
#1480=ORIENTED_EDGE('',*,*,#1136,.T.);
#1481=ORIENTED_EDGE('',*,*,#1132,.F.);
#1482=ORIENTED_EDGE('',*,*,#1137,.F.);
#1483=ORIENTED_EDGE('',*,*,#1138,.T.);
#1484=ORIENTED_EDGE('',*,*,#1139,.T.);
#1485=ORIENTED_EDGE('',*,*,#1135,.F.);
#1486=ORIENTED_EDGE('',*,*,#1140,.F.);
#1487=ORIENTED_EDGE('',*,*,#1141,.T.);
#1488=ORIENTED_EDGE('',*,*,#1142,.T.);
#1489=ORIENTED_EDGE('',*,*,#1138,.F.);
#1490=ORIENTED_EDGE('',*,*,#1143,.F.);
#1491=ORIENTED_EDGE('',*,*,#1144,.T.);
#1492=ORIENTED_EDGE('',*,*,#1145,.T.);
#1493=ORIENTED_EDGE('',*,*,#1141,.F.);
#1494=ORIENTED_EDGE('',*,*,#1146,.F.);
#1495=ORIENTED_EDGE('',*,*,#1127,.T.);
#1496=ORIENTED_EDGE('',*,*,#1147,.T.);
#1497=ORIENTED_EDGE('',*,*,#1144,.F.);
#1498=ORIENTED_EDGE('',*,*,#1147,.F.);
#1499=ORIENTED_EDGE('',*,*,#1126,.F.);
#1500=ORIENTED_EDGE('',*,*,#1130,.F.);
#1501=ORIENTED_EDGE('',*,*,#1133,.F.);
#1502=ORIENTED_EDGE('',*,*,#1136,.F.);
#1503=ORIENTED_EDGE('',*,*,#1139,.F.);
#1504=ORIENTED_EDGE('',*,*,#1142,.F.);
#1505=ORIENTED_EDGE('',*,*,#1145,.F.);
#1506=ORIENTED_EDGE('',*,*,#1123,.T.);
#1507=ORIENTED_EDGE('',*,*,#1148,.F.);
#1508=ORIENTED_EDGE('',*,*,#1149,.T.);
#1509=ORIENTED_EDGE('',*,*,#1150,.F.);
#1510=ORIENTED_EDGE('',*,*,#1149,.F.);
#1511=ORIENTED_EDGE('',*,*,#1150,.T.);
#1512=ORIENTED_EDGE('',*,*,#1115,.T.);
#1513=ORIENTED_EDGE('',*,*,#1118,.T.);
#1514=ORIENTED_EDGE('',*,*,#1124,.T.);
#1515=ORIENTED_EDGE('',*,*,#1146,.T.);
#1516=ORIENTED_EDGE('',*,*,#1143,.T.);
#1517=ORIENTED_EDGE('',*,*,#1140,.T.);
#1518=ORIENTED_EDGE('',*,*,#1137,.T.);
#1519=ORIENTED_EDGE('',*,*,#1134,.T.);
#1520=ORIENTED_EDGE('',*,*,#1131,.T.);
#1521=ORIENTED_EDGE('',*,*,#1128,.T.);
#1522=ORIENTED_EDGE('',*,*,#1148,.T.);
#1523=ORIENTED_EDGE('',*,*,#1114,.T.);
#1524=ORIENTED_EDGE('',*,*,#1151,.T.);
#1525=ORIENTED_EDGE('',*,*,#1152,.T.);
#1526=ORIENTED_EDGE('',*,*,#1153,.T.);
#1527=ORIENTED_EDGE('',*,*,#1154,.F.);
#1528=ORIENTED_EDGE('',*,*,#1155,.F.);
#1529=ORIENTED_EDGE('',*,*,#1156,.F.);
#1530=ORIENTED_EDGE('',*,*,#1157,.T.);
#1531=ORIENTED_EDGE('',*,*,#1158,.F.);
#1532=ORIENTED_EDGE('',*,*,#1151,.F.);
#1533=ORIENTED_EDGE('',*,*,#1159,.T.);
#1534=ORIENTED_EDGE('',*,*,#1152,.F.);
#1535=ORIENTED_EDGE('',*,*,#1158,.T.);
#1536=ORIENTED_EDGE('',*,*,#1160,.T.);
#1537=ORIENTED_EDGE('',*,*,#1161,.F.);
#1538=ORIENTED_EDGE('',*,*,#1162,.F.);
#1539=ORIENTED_EDGE('',*,*,#1163,.T.);
#1540=ORIENTED_EDGE('',*,*,#1164,.T.);
#1541=ORIENTED_EDGE('',*,*,#1165,.T.);
#1542=ORIENTED_EDGE('',*,*,#1166,.F.);
#1543=ORIENTED_EDGE('',*,*,#1167,.F.);
#1544=ORIENTED_EDGE('',*,*,#1168,.T.);
#1545=ORIENTED_EDGE('',*,*,#1169,.F.);
#1546=ORIENTED_EDGE('',*,*,#1170,.T.);
#1547=ORIENTED_EDGE('',*,*,#1171,.T.);
#1548=ORIENTED_EDGE('',*,*,#1172,.F.);
#1549=ORIENTED_EDGE('',*,*,#1173,.F.);
#1550=ORIENTED_EDGE('',*,*,#1156,.T.);
#1551=ORIENTED_EDGE('',*,*,#1174,.T.);
#1552=ORIENTED_EDGE('',*,*,#1175,.F.);
#1553=ORIENTED_EDGE('',*,*,#1159,.F.);
#1554=ORIENTED_EDGE('',*,*,#1153,.F.);
#1555=ORIENTED_EDGE('',*,*,#1161,.T.);
#1556=ORIENTED_EDGE('',*,*,#1176,.T.);
#1557=ORIENTED_EDGE('',*,*,#1177,.F.);
#1558=ORIENTED_EDGE('',*,*,#1178,.F.);
#1559=ORIENTED_EDGE('',*,*,#1174,.F.);
#1560=ORIENTED_EDGE('',*,*,#1155,.T.);
#1561=ORIENTED_EDGE('',*,*,#1179,.T.);
#1562=ORIENTED_EDGE('',*,*,#1154,.T.);
#1563=ORIENTED_EDGE('',*,*,#1177,.T.);
#1564=ORIENTED_EDGE('',*,*,#1180,.F.);
#1565=ORIENTED_EDGE('',*,*,#1179,.F.);
#1566=ORIENTED_EDGE('',*,*,#1157,.F.);
#1567=ORIENTED_EDGE('',*,*,#1175,.T.);
#1568=ORIENTED_EDGE('',*,*,#1178,.T.);
#1569=ORIENTED_EDGE('',*,*,#1180,.T.);
#1570=ORIENTED_EDGE('',*,*,#1176,.F.);
#1571=ORIENTED_EDGE('',*,*,#1160,.F.);
#1572=ORIENTED_EDGE('',*,*,#1162,.T.);
#1573=ORIENTED_EDGE('',*,*,#1181,.F.);
#1574=ORIENTED_EDGE('',*,*,#1182,.F.);
#1575=ORIENTED_EDGE('',*,*,#1183,.T.);
#1576=ORIENTED_EDGE('',*,*,#1184,.F.);
#1577=ORIENTED_EDGE('',*,*,#1181,.T.);
#1578=ORIENTED_EDGE('',*,*,#1173,.T.);
#1579=ORIENTED_EDGE('',*,*,#1185,.F.);
#1580=ORIENTED_EDGE('',*,*,#1186,.F.);
#1581=ORIENTED_EDGE('',*,*,#1185,.T.);
#1582=ORIENTED_EDGE('',*,*,#1172,.T.);
#1583=ORIENTED_EDGE('',*,*,#1187,.F.);
#1584=ORIENTED_EDGE('',*,*,#1188,.T.);
#1585=ORIENTED_EDGE('',*,*,#1187,.T.);
#1586=ORIENTED_EDGE('',*,*,#1171,.F.);
#1587=ORIENTED_EDGE('',*,*,#1189,.F.);
#1588=ORIENTED_EDGE('',*,*,#1170,.F.);
#1589=ORIENTED_EDGE('',*,*,#1190,.F.);
#1590=ORIENTED_EDGE('',*,*,#1191,.T.);
#1591=ORIENTED_EDGE('',*,*,#1189,.T.);
#1592=ORIENTED_EDGE('',*,*,#1192,.F.);
#1593=ORIENTED_EDGE('',*,*,#1190,.T.);
#1594=ORIENTED_EDGE('',*,*,#1169,.T.);
#1595=ORIENTED_EDGE('',*,*,#1193,.F.);
#1596=ORIENTED_EDGE('',*,*,#1194,.T.);
#1597=ORIENTED_EDGE('',*,*,#1193,.T.);
#1598=ORIENTED_EDGE('',*,*,#1168,.F.);
#1599=ORIENTED_EDGE('',*,*,#1195,.T.);
#1600=ORIENTED_EDGE('',*,*,#1195,.F.);
#1601=ORIENTED_EDGE('',*,*,#1167,.T.);
#1602=ORIENTED_EDGE('',*,*,#1196,.F.);
#1603=ORIENTED_EDGE('',*,*,#1197,.F.);
#1604=ORIENTED_EDGE('',*,*,#1196,.T.);
#1605=ORIENTED_EDGE('',*,*,#1166,.T.);
#1606=ORIENTED_EDGE('',*,*,#1198,.F.);
#1607=ORIENTED_EDGE('',*,*,#1199,.T.);
#1608=ORIENTED_EDGE('',*,*,#1200,.T.);
#1609=ORIENTED_EDGE('',*,*,#1201,.T.);
#1610=ORIENTED_EDGE('',*,*,#1198,.T.);
#1611=ORIENTED_EDGE('',*,*,#1165,.F.);
#1612=ORIENTED_EDGE('',*,*,#1202,.T.);
#1613=ORIENTED_EDGE('',*,*,#1200,.F.);
#1614=ORIENTED_EDGE('',*,*,#1164,.F.);
#1615=ORIENTED_EDGE('',*,*,#1203,.F.);
#1616=ORIENTED_EDGE('',*,*,#1204,.T.);
#1617=ORIENTED_EDGE('',*,*,#1203,.T.);
#1618=ORIENTED_EDGE('',*,*,#1163,.F.);
#1619=ORIENTED_EDGE('',*,*,#1183,.F.);
#1620=ORIENTED_EDGE('',*,*,#1182,.T.);
#1621=ORIENTED_EDGE('',*,*,#1184,.T.);
#1622=ORIENTED_EDGE('',*,*,#1186,.T.);
#1623=ORIENTED_EDGE('',*,*,#1188,.F.);
#1624=ORIENTED_EDGE('',*,*,#1191,.F.);
#1625=ORIENTED_EDGE('',*,*,#1192,.T.);
#1626=ORIENTED_EDGE('',*,*,#1194,.F.);
#1627=ORIENTED_EDGE('',*,*,#1197,.T.);
#1628=ORIENTED_EDGE('',*,*,#1199,.F.);
#1629=ORIENTED_EDGE('',*,*,#1201,.F.);
#1630=ORIENTED_EDGE('',*,*,#1202,.F.);
#1631=ORIENTED_EDGE('',*,*,#1204,.F.);
#1632=ORIENTED_EDGE('',*,*,#1205,.T.);
#1633=ORIENTED_EDGE('',*,*,#1206,.T.);
#1634=ORIENTED_EDGE('',*,*,#1207,.F.);
#1635=ORIENTED_EDGE('',*,*,#1208,.F.);
#1636=ORIENTED_EDGE('',*,*,#1209,.T.);
#1637=ORIENTED_EDGE('',*,*,#1210,.F.);
#1638=ORIENTED_EDGE('',*,*,#1211,.T.);
#1639=ORIENTED_EDGE('',*,*,#1212,.T.);
#1640=ORIENTED_EDGE('',*,*,#1213,.F.);
#1641=ORIENTED_EDGE('',*,*,#1214,.F.);
#1642=ORIENTED_EDGE('',*,*,#1209,.F.);
#1643=ORIENTED_EDGE('',*,*,#1215,.T.);
#1644=ORIENTED_EDGE('',*,*,#1216,.T.);
#1645=ORIENTED_EDGE('',*,*,#1217,.T.);
#1646=ORIENTED_EDGE('',*,*,#1218,.F.);
#1647=ORIENTED_EDGE('',*,*,#1219,.T.);
#1648=ORIENTED_EDGE('',*,*,#1220,.F.);
#1649=ORIENTED_EDGE('',*,*,#1221,.T.);
#1650=ORIENTED_EDGE('',*,*,#1222,.T.);
#1651=ORIENTED_EDGE('',*,*,#1221,.F.);
#1652=ORIENTED_EDGE('',*,*,#1223,.F.);
#1653=ORIENTED_EDGE('',*,*,#1224,.F.);
#1654=ORIENTED_EDGE('',*,*,#1205,.F.);
#1655=ORIENTED_EDGE('',*,*,#1225,.T.);
#1656=ORIENTED_EDGE('',*,*,#1226,.T.);
#1657=ORIENTED_EDGE('',*,*,#1227,.T.);
#1658=ORIENTED_EDGE('',*,*,#1228,.F.);
#1659=ORIENTED_EDGE('',*,*,#1229,.T.);
#1660=ORIENTED_EDGE('',*,*,#1229,.F.);
#1661=ORIENTED_EDGE('',*,*,#1230,.T.);
#1662=ORIENTED_EDGE('',*,*,#1231,.F.);
#1663=ORIENTED_EDGE('',*,*,#1232,.T.);
#1664=ORIENTED_EDGE('',*,*,#1225,.F.);
#1665=ORIENTED_EDGE('',*,*,#1212,.F.);
#1666=ORIENTED_EDGE('',*,*,#1233,.T.);
#1667=ORIENTED_EDGE('',*,*,#1234,.F.);
#1668=ORIENTED_EDGE('',*,*,#1206,.F.);
#1669=ORIENTED_EDGE('',*,*,#1224,.T.);
#1670=ORIENTED_EDGE('',*,*,#1235,.F.);
#1671=ORIENTED_EDGE('',*,*,#1236,.F.);
#1672=ORIENTED_EDGE('',*,*,#1237,.T.);
#1673=ORIENTED_EDGE('',*,*,#1238,.T.);
#1674=ORIENTED_EDGE('',*,*,#1233,.F.);
#1675=ORIENTED_EDGE('',*,*,#1211,.F.);
#1676=ORIENTED_EDGE('',*,*,#1239,.F.);
#1677=ORIENTED_EDGE('',*,*,#1207,.T.);
#1678=ORIENTED_EDGE('',*,*,#1236,.T.);
#1679=ORIENTED_EDGE('',*,*,#1240,.F.);
#1680=ORIENTED_EDGE('',*,*,#1214,.T.);
#1681=ORIENTED_EDGE('',*,*,#1241,.T.);
#1682=ORIENTED_EDGE('',*,*,#1237,.F.);
#1683=ORIENTED_EDGE('',*,*,#1210,.T.);
#1684=ORIENTED_EDGE('',*,*,#1215,.F.);
#1685=ORIENTED_EDGE('',*,*,#1208,.T.);
#1686=ORIENTED_EDGE('',*,*,#1239,.T.);
#1687=ORIENTED_EDGE('',*,*,#1242,.T.);
#1688=ORIENTED_EDGE('',*,*,#1219,.F.);
#1689=ORIENTED_EDGE('',*,*,#1243,.F.);
#1690=ORIENTED_EDGE('',*,*,#1244,.F.);
#1691=ORIENTED_EDGE('',*,*,#1245,.F.);
#1692=ORIENTED_EDGE('',*,*,#1216,.F.);
#1693=ORIENTED_EDGE('',*,*,#1245,.T.);
#1694=ORIENTED_EDGE('',*,*,#1246,.T.);
#1695=ORIENTED_EDGE('',*,*,#1247,.F.);
#1696=ORIENTED_EDGE('',*,*,#1217,.F.);
#1697=ORIENTED_EDGE('',*,*,#1247,.T.);
#1698=ORIENTED_EDGE('',*,*,#1248,.T.);
#1699=ORIENTED_EDGE('',*,*,#1249,.T.);
#1700=ORIENTED_EDGE('',*,*,#1243,.T.);
#1701=ORIENTED_EDGE('',*,*,#1218,.T.);
#1702=ORIENTED_EDGE('',*,*,#1249,.F.);
#1703=ORIENTED_EDGE('',*,*,#1250,.F.);
#1704=ORIENTED_EDGE('',*,*,#1235,.T.);
#1705=ORIENTED_EDGE('',*,*,#1223,.T.);
#1706=ORIENTED_EDGE('',*,*,#1220,.T.);
#1707=ORIENTED_EDGE('',*,*,#1242,.F.);
#1708=ORIENTED_EDGE('',*,*,#1240,.T.);
#1709=ORIENTED_EDGE('',*,*,#1226,.F.);
#1710=ORIENTED_EDGE('',*,*,#1232,.F.);
#1711=ORIENTED_EDGE('',*,*,#1251,.T.);
#1712=ORIENTED_EDGE('',*,*,#1252,.F.);
#1713=ORIENTED_EDGE('',*,*,#1227,.F.);
#1714=ORIENTED_EDGE('',*,*,#1252,.T.);
#1715=ORIENTED_EDGE('',*,*,#1253,.T.);
#1716=ORIENTED_EDGE('',*,*,#1254,.T.);
#1717=ORIENTED_EDGE('',*,*,#1230,.F.);
#1718=ORIENTED_EDGE('',*,*,#1228,.T.);
#1719=ORIENTED_EDGE('',*,*,#1254,.F.);
#1720=ORIENTED_EDGE('',*,*,#1255,.F.);
#1721=ORIENTED_EDGE('',*,*,#1234,.T.);
#1722=ORIENTED_EDGE('',*,*,#1238,.F.);
#1723=ORIENTED_EDGE('',*,*,#1241,.F.);
#1724=ORIENTED_EDGE('',*,*,#1213,.T.);
#1725=ORIENTED_EDGE('',*,*,#1222,.F.);
#1726=ORIENTED_EDGE('',*,*,#1231,.T.);
#1727=ORIENTED_EDGE('',*,*,#1255,.T.);
#1728=ORIENTED_EDGE('',*,*,#1253,.F.);
#1729=ORIENTED_EDGE('',*,*,#1251,.F.);
#1730=ORIENTED_EDGE('',*,*,#1244,.T.);
#1731=ORIENTED_EDGE('',*,*,#1250,.T.);
#1732=ORIENTED_EDGE('',*,*,#1248,.F.);
#1733=ORIENTED_EDGE('',*,*,#1246,.F.);
#1734=ORIENTED_EDGE('',*,*,#1256,.T.);
#1735=ORIENTED_EDGE('',*,*,#1257,.T.);
#1736=ORIENTED_EDGE('',*,*,#1258,.F.);
#1737=ORIENTED_EDGE('',*,*,#1259,.F.);
#1738=ORIENTED_EDGE('',*,*,#1260,.F.);
#1739=ORIENTED_EDGE('',*,*,#1261,.T.);
#1740=ORIENTED_EDGE('',*,*,#1262,.T.);
#1741=ORIENTED_EDGE('',*,*,#1263,.F.);
#1742=ORIENTED_EDGE('',*,*,#1264,.T.);
#1743=ORIENTED_EDGE('',*,*,#1260,.T.);
#1744=ORIENTED_EDGE('',*,*,#1265,.F.);
#1745=ORIENTED_EDGE('',*,*,#1256,.F.);
#1746=ORIENTED_EDGE('',*,*,#1266,.F.);
#1747=ORIENTED_EDGE('',*,*,#1258,.T.);
#1748=ORIENTED_EDGE('',*,*,#1267,.T.);
#1749=ORIENTED_EDGE('',*,*,#1262,.F.);
#1750=ORIENTED_EDGE('',*,*,#1259,.T.);
#1751=ORIENTED_EDGE('',*,*,#1266,.T.);
#1752=ORIENTED_EDGE('',*,*,#1261,.F.);
#1753=ORIENTED_EDGE('',*,*,#1264,.F.);
#1754=ORIENTED_EDGE('',*,*,#1257,.F.);
#1755=ORIENTED_EDGE('',*,*,#1265,.T.);
#1756=ORIENTED_EDGE('',*,*,#1263,.T.);
#1757=ORIENTED_EDGE('',*,*,#1267,.F.);
#1758=ORIENTED_EDGE('',*,*,#1268,.T.);
#1759=ORIENTED_EDGE('',*,*,#1269,.T.);
#1760=ORIENTED_EDGE('',*,*,#1270,.F.);
#1761=ORIENTED_EDGE('',*,*,#1271,.F.);
#1762=ORIENTED_EDGE('',*,*,#1272,.F.);
#1763=ORIENTED_EDGE('',*,*,#1273,.T.);
#1764=ORIENTED_EDGE('',*,*,#1274,.T.);
#1765=ORIENTED_EDGE('',*,*,#1275,.F.);
#1766=ORIENTED_EDGE('',*,*,#1276,.T.);
#1767=ORIENTED_EDGE('',*,*,#1272,.T.);
#1768=ORIENTED_EDGE('',*,*,#1277,.F.);
#1769=ORIENTED_EDGE('',*,*,#1268,.F.);
#1770=ORIENTED_EDGE('',*,*,#1278,.F.);
#1771=ORIENTED_EDGE('',*,*,#1270,.T.);
#1772=ORIENTED_EDGE('',*,*,#1279,.T.);
#1773=ORIENTED_EDGE('',*,*,#1274,.F.);
#1774=ORIENTED_EDGE('',*,*,#1271,.T.);
#1775=ORIENTED_EDGE('',*,*,#1278,.T.);
#1776=ORIENTED_EDGE('',*,*,#1273,.F.);
#1777=ORIENTED_EDGE('',*,*,#1276,.F.);
#1778=ORIENTED_EDGE('',*,*,#1269,.F.);
#1779=ORIENTED_EDGE('',*,*,#1277,.T.);
#1780=ORIENTED_EDGE('',*,*,#1275,.T.);
#1781=ORIENTED_EDGE('',*,*,#1279,.F.);
#1782=ORIENTED_EDGE('',*,*,#1280,.T.);
#1783=ORIENTED_EDGE('',*,*,#1281,.T.);
#1784=ORIENTED_EDGE('',*,*,#1282,.F.);
#1785=ORIENTED_EDGE('',*,*,#1283,.F.);
#1786=ORIENTED_EDGE('',*,*,#1284,.F.);
#1787=ORIENTED_EDGE('',*,*,#1285,.T.);
#1788=ORIENTED_EDGE('',*,*,#1286,.T.);
#1789=ORIENTED_EDGE('',*,*,#1287,.F.);
#1790=ORIENTED_EDGE('',*,*,#1288,.T.);
#1791=ORIENTED_EDGE('',*,*,#1284,.T.);
#1792=ORIENTED_EDGE('',*,*,#1289,.F.);
#1793=ORIENTED_EDGE('',*,*,#1280,.F.);
#1794=ORIENTED_EDGE('',*,*,#1290,.F.);
#1795=ORIENTED_EDGE('',*,*,#1282,.T.);
#1796=ORIENTED_EDGE('',*,*,#1291,.T.);
#1797=ORIENTED_EDGE('',*,*,#1286,.F.);
#1798=ORIENTED_EDGE('',*,*,#1283,.T.);
#1799=ORIENTED_EDGE('',*,*,#1290,.T.);
#1800=ORIENTED_EDGE('',*,*,#1285,.F.);
#1801=ORIENTED_EDGE('',*,*,#1288,.F.);
#1802=ORIENTED_EDGE('',*,*,#1281,.F.);
#1803=ORIENTED_EDGE('',*,*,#1289,.T.);
#1804=ORIENTED_EDGE('',*,*,#1287,.T.);
#1805=ORIENTED_EDGE('',*,*,#1291,.F.);
#1806=TOROIDAL_SURFACE('',#1995,4.,1.);
#1807=TOROIDAL_SURFACE('',#2008,4.,1.);
#1808=ADVANCED_FACE('',(#566),#1806,.F.);
#1809=ADVANCED_FACE('',(#567,#474,#475,#476),#485,.F.);
#1810=ADVANCED_FACE('',(#568),#67,.T.);
#1811=ADVANCED_FACE('',(#569),#1807,.F.);
#1812=ADVANCED_FACE('',(#570),#68,.T.);
#1813=ADVANCED_FACE('',(#571),#486,.F.);
#1814=ADVANCED_FACE('',(#572),#487,.F.);
#1815=ADVANCED_FACE('',(#573),#488,.F.);
#1816=ADVANCED_FACE('',(#574),#69,.F.);
#1817=ADVANCED_FACE('',(#575),#489,.F.);
#1818=ADVANCED_FACE('',(#576),#70,.F.);
#1819=ADVANCED_FACE('',(#577),#490,.F.);
#1820=ADVANCED_FACE('',(#578),#71,.F.);
#1821=ADVANCED_FACE('',(#579),#491,.F.);
#1822=ADVANCED_FACE('',(#580),#72,.F.);
#1823=ADVANCED_FACE('',(#581,#477),#492,.F.);
#1824=ADVANCED_FACE('',(#582),#493,.F.);
#1825=ADVANCED_FACE('',(#583),#73,.F.);
#1826=ADVANCED_FACE('',(#584),#494,.F.);
#1827=ADVANCED_FACE('',(#585),#74,.F.);
#1828=ADVANCED_FACE('',(#586),#63,.T.);
#1829=ADVANCED_FACE('',(#587),#75,.F.);
#1830=ADVANCED_FACE('',(#588),#64,.T.);
#1831=ADVANCED_FACE('',(#589),#76,.F.);
#1832=ADVANCED_FACE('',(#590),#65,.T.);
#1833=ADVANCED_FACE('',(#591),#77,.F.);
#1834=ADVANCED_FACE('',(#592),#66,.T.);
#1835=ADVANCED_FACE('',(#593),#78,.F.);
#1836=ADVANCED_FACE('',(#594),#495,.F.);
#1837=ADVANCED_FACE('',(#595),#79,.F.);
#1838=ADVANCED_FACE('',(#596),#496,.F.);
#1839=ADVANCED_FACE('',(#597),#80,.F.);
#1840=ADVANCED_FACE('',(#598),#497,.F.);
#1841=ADVANCED_FACE('',(#599),#81,.T.);
#1842=ADVANCED_FACE('',(#600),#498,.T.);
#1843=ADVANCED_FACE('',(#601),#82,.T.);
#1844=ADVANCED_FACE('',(#602),#499,.F.);
#1845=ADVANCED_FACE('',(#603),#83,.F.);
#1846=ADVANCED_FACE('',(#604),#500,.T.);
#1847=ADVANCED_FACE('',(#605),#84,.F.);
#1848=ADVANCED_FACE('',(#606),#501,.T.);
#1849=ADVANCED_FACE('',(#607),#85,.T.);
#1850=ADVANCED_FACE('',(#608),#502,.T.);
#1851=ADVANCED_FACE('',(#609),#503,.F.);
#1852=ADVANCED_FACE('',(#610),#504,.F.);
#1853=ADVANCED_FACE('',(#611),#505,.F.);
#1854=ADVANCED_FACE('',(#612),#506,.F.);
#1855=ADVANCED_FACE('',(#613),#507,.F.);
#1856=ADVANCED_FACE('',(#614),#508,.F.);
#1857=ADVANCED_FACE('',(#615),#509,.F.);
#1858=ADVANCED_FACE('',(#616),#510,.F.);
#1859=ADVANCED_FACE('',(#617,#478),#511,.F.);
#1860=ADVANCED_FACE('',(#618),#86,.T.);
#1861=ADVANCED_FACE('',(#619,#479,#480,#481),#512,.T.);
#1862=ADVANCED_FACE('',(#620,#482),#513,.F.);
#1863=ADVANCED_FACE('',(#621),#514,.F.);
#1864=ADVANCED_FACE('',(#622),#515,.F.);
#1865=ADVANCED_FACE('',(#623),#87,.T.);
#1866=ADVANCED_FACE('',(#624,#483),#516,.T.);
#1867=ADVANCED_FACE('',(#625),#517,.T.);
#1868=ADVANCED_FACE('',(#626),#518,.T.);
#1869=ADVANCED_FACE('',(#627),#88,.T.);
#1870=ADVANCED_FACE('',(#628),#519,.T.);
#1871=ADVANCED_FACE('',(#629),#520,.F.);
#1872=ADVANCED_FACE('',(#630),#521,.F.);
#1873=ADVANCED_FACE('',(#631),#522,.T.);
#1874=ADVANCED_FACE('',(#632),#523,.T.);
#1875=ADVANCED_FACE('',(#633),#524,.T.);
#1876=ADVANCED_FACE('',(#634),#525,.F.);
#1877=ADVANCED_FACE('',(#635),#526,.F.);
#1878=ADVANCED_FACE('',(#636),#527,.F.);
#1879=ADVANCED_FACE('',(#637),#528,.F.);
#1880=ADVANCED_FACE('',(#638),#529,.T.);
#1881=ADVANCED_FACE('',(#639),#530,.F.);
#1882=ADVANCED_FACE('',(#640),#531,.T.);
#1883=ADVANCED_FACE('',(#641,#484),#532,.F.);
#1884=ADVANCED_FACE('',(#642),#89,.F.);
#1885=ADVANCED_FACE('',(#643),#533,.F.);
#1886=ADVANCED_FACE('',(#644),#534,.F.);
#1887=ADVANCED_FACE('',(#645),#535,.F.);
#1888=ADVANCED_FACE('',(#646),#536,.T.);
#1889=ADVANCED_FACE('',(#647),#537,.T.);
#1890=ADVANCED_FACE('',(#648),#538,.T.);
#1891=ADVANCED_FACE('',(#649),#539,.T.);
#1892=ADVANCED_FACE('',(#650),#540,.T.);
#1893=ADVANCED_FACE('',(#651),#541,.F.);
#1894=ADVANCED_FACE('',(#652),#542,.F.);
#1895=ADVANCED_FACE('',(#653),#543,.T.);
#1896=ADVANCED_FACE('',(#654),#544,.T.);
#1897=ADVANCED_FACE('',(#655),#545,.F.);
#1898=ADVANCED_FACE('',(#656),#546,.F.);
#1899=ADVANCED_FACE('',(#657),#547,.F.);
#1900=ADVANCED_FACE('',(#658),#90,.F.);
#1901=ADVANCED_FACE('',(#659),#91,.F.);
#1902=ADVANCED_FACE('',(#660),#548,.F.);
#1903=ADVANCED_FACE('',(#661),#549,.T.);
#1904=ADVANCED_FACE('',(#662),#550,.F.);
#1905=ADVANCED_FACE('',(#663),#551,.T.);
#1906=ADVANCED_FACE('',(#664),#552,.F.);
#1907=ADVANCED_FACE('',(#665),#553,.T.);
#1908=ADVANCED_FACE('',(#666),#554,.F.);
#1909=ADVANCED_FACE('',(#667),#555,.T.);
#1910=ADVANCED_FACE('',(#668),#556,.F.);
#1911=ADVANCED_FACE('',(#669),#557,.T.);
#1912=ADVANCED_FACE('',(#670),#558,.F.);
#1913=ADVANCED_FACE('',(#671),#559,.T.);
#1914=ADVANCED_FACE('',(#672),#560,.F.);
#1915=ADVANCED_FACE('',(#673),#561,.T.);
#1916=ADVANCED_FACE('',(#674),#562,.F.);
#1917=ADVANCED_FACE('',(#675),#563,.T.);
#1918=ADVANCED_FACE('',(#676),#564,.F.);
#1919=ADVANCED_FACE('',(#677),#565,.T.);
#1920=CLOSED_SHELL('',(#1808,#1809,#1810,#1811,#1812,#1813,#1814,#1815,
#1816,#1817,#1818,#1819,#1820,#1821,#1822,#1823,#1824,#1825,#1826,#1827,
#1828,#1829,#1830,#1831,#1832,#1833,#1834,#1835,#1836,#1837,#1838,#1839,
#1840,#1841,#1842));
#1921=CLOSED_SHELL('',(#1843,#1844,#1845,#1846,#1847,#1848,#1849,#1850,
#1851,#1852,#1853,#1854,#1855,#1856,#1857,#1858,#1859,#1860,#1861,#1862));
#1922=CLOSED_SHELL('',(#1863,#1864,#1865,#1866,#1867,#1868,#1869,#1870,
#1871,#1872,#1873,#1874,#1875,#1876,#1877,#1878,#1879,#1880,#1881,#1882,
#1883,#1884,#1885,#1886,#1887,#1888,#1889,#1890,#1891,#1892,#1893,#1894,
#1895,#1896,#1897,#1898,#1899,#1900,#1901));
#1923=CLOSED_SHELL('',(#1902,#1903,#1904,#1905,#1906,#1907));
#1924=CLOSED_SHELL('',(#1908,#1909,#1910,#1911,#1912,#1913));
#1925=CLOSED_SHELL('',(#1914,#1915,#1916,#1917,#1918,#1919));
#1926=DERIVED_UNIT_ELEMENT(#1938,1.);
#1927=DERIVED_UNIT_ELEMENT(#3354,-3.);
#1928=DERIVED_UNIT_ELEMENT(#1938,1.);
#1929=DERIVED_UNIT_ELEMENT(#3354,-3.);
#1930=DERIVED_UNIT_ELEMENT(#1938,1.);
#1931=DERIVED_UNIT_ELEMENT(#3354,-3.);
#1932=DERIVED_UNIT_ELEMENT(#1938,1.);
#1933=DERIVED_UNIT_ELEMENT(#3354,-3.);
#1934=DERIVED_UNIT_ELEMENT(#1938,1.);
#1935=DERIVED_UNIT_ELEMENT(#3354,-3.);
#1936=DERIVED_UNIT_ELEMENT(#1938,1.);
#1937=DERIVED_UNIT_ELEMENT(#3354,-3.);
#1938=(
MASS_UNIT()
NAMED_UNIT(*)
SI_UNIT(.KILO.,.GRAM.)
);
#1939=DERIVED_UNIT((#1926,#1927));
#1940=DERIVED_UNIT((#1928,#1929));
#1941=DERIVED_UNIT((#1930,#1931));
#1942=DERIVED_UNIT((#1932,#1933));
#1943=DERIVED_UNIT((#1934,#1935));
#1944=DERIVED_UNIT((#1936,#1937));
#1945=MEASURE_REPRESENTATION_ITEM('density measure',
POSITIVE_RATIO_MEASURE(7850.),#1939);
#1946=MEASURE_REPRESENTATION_ITEM('density measure',
POSITIVE_RATIO_MEASURE(7850.),#1940);
#1947=MEASURE_REPRESENTATION_ITEM('density measure',
POSITIVE_RATIO_MEASURE(7850.),#1941);
#1948=MEASURE_REPRESENTATION_ITEM('density measure',
POSITIVE_RATIO_MEASURE(7850.),#1942);
#1949=MEASURE_REPRESENTATION_ITEM('density measure',
POSITIVE_RATIO_MEASURE(7850.),#1943);
#1950=MEASURE_REPRESENTATION_ITEM('density measure',
POSITIVE_RATIO_MEASURE(7850.),#1944);
#1951=PROPERTY_DEFINITION_REPRESENTATION(#1981,#1963);
#1952=PROPERTY_DEFINITION_REPRESENTATION(#1982,#1964);
#1953=PROPERTY_DEFINITION_REPRESENTATION(#1983,#1965);
#1954=PROPERTY_DEFINITION_REPRESENTATION(#1984,#1966);
#1955=PROPERTY_DEFINITION_REPRESENTATION(#1985,#1967);
#1956=PROPERTY_DEFINITION_REPRESENTATION(#1986,#1968);
#1957=PROPERTY_DEFINITION_REPRESENTATION(#1987,#1969);
#1958=PROPERTY_DEFINITION_REPRESENTATION(#1988,#1970);
#1959=PROPERTY_DEFINITION_REPRESENTATION(#1989,#1971);
#1960=PROPERTY_DEFINITION_REPRESENTATION(#1990,#1972);
#1961=PROPERTY_DEFINITION_REPRESENTATION(#1991,#1973);
#1962=PROPERTY_DEFINITION_REPRESENTATION(#1992,#1974);
#1963=REPRESENTATION('material name',(#1975),#3345);
#1964=REPRESENTATION('density',(#1945),#3345);
#1965=REPRESENTATION('material name',(#1976),#3346);
#1966=REPRESENTATION('density',(#1946),#3346);
#1967=REPRESENTATION('material name',(#1977),#3348);
#1968=REPRESENTATION('density',(#1947),#3348);
#1969=REPRESENTATION('material name',(#1978),#3349);
#1970=REPRESENTATION('density',(#1948),#3349);
#1971=REPRESENTATION('material name',(#1979),#3350);
#1972=REPRESENTATION('density',(#1949),#3350);
#1973=REPRESENTATION('material name',(#1980),#3351);
#1974=REPRESENTATION('density',(#1950),#3351);
#1975=DESCRIPTIVE_REPRESENTATION_ITEM('A\X\E7o','A\X\E7o');
#1976=DESCRIPTIVE_REPRESENTATION_ITEM('A\X\E7o','A\X\E7o');
#1977=DESCRIPTIVE_REPRESENTATION_ITEM('A\X\E7o','A\X\E7o');
#1978=DESCRIPTIVE_REPRESENTATION_ITEM('A\X\E7o','A\X\E7o');
#1979=DESCRIPTIVE_REPRESENTATION_ITEM('A\X\E7o','A\X\E7o');
#1980=DESCRIPTIVE_REPRESENTATION_ITEM('A\X\E7o','A\X\E7o');
#1981=PROPERTY_DEFINITION('material property','material name',#3390);
#1982=PROPERTY_DEFINITION('material property','density of part',#3390);
#1983=PROPERTY_DEFINITION('material property','material name',#3391);
#1984=PROPERTY_DEFINITION('material property','density of part',#3391);
#1985=PROPERTY_DEFINITION('material property','material name',#3393);
#1986=PROPERTY_DEFINITION('material property','density of part',#3393);
#1987=PROPERTY_DEFINITION('material property','material name',#3394);
#1988=PROPERTY_DEFINITION('material property','density of part',#3394);
#1989=PROPERTY_DEFINITION('material property','material name',#3395);
#1990=PROPERTY_DEFINITION('material property','density of part',#3395);
#1991=PROPERTY_DEFINITION('material property','material name',#3396);
#1992=PROPERTY_DEFINITION('material property','density of part',#3396);
#1993=AXIS2_PLACEMENT_3D('',#2751,#2182,#2183);
#1994=AXIS2_PLACEMENT_3D('',#2752,#2184,#2185);
#1995=AXIS2_PLACEMENT_3D('',#2753,#2186,#2187);
#1996=AXIS2_PLACEMENT_3D('',#2755,#2188,#2189);
#1997=AXIS2_PLACEMENT_3D('',#2757,#2190,#2191);
#1998=AXIS2_PLACEMENT_3D('',#2758,#2192,#2193);
#1999=AXIS2_PLACEMENT_3D('',#2759,#2194,#2195);
#2000=AXIS2_PLACEMENT_3D('',#2761,#2196,#2197);
#2001=AXIS2_PLACEMENT_3D('',#2763,#2198,#2199);
#2002=AXIS2_PLACEMENT_3D('',#2768,#2201,#2202);
#2003=AXIS2_PLACEMENT_3D('',#2772,#2204,#2205);
#2004=AXIS2_PLACEMENT_3D('',#2776,#2207,#2208);
#2005=AXIS2_PLACEMENT_3D('',#2779,#2210,#2211);
#2006=AXIS2_PLACEMENT_3D('',#2780,#2212,#2213);
#2007=AXIS2_PLACEMENT_3D('',#2782,#2214,#2215);
#2008=AXIS2_PLACEMENT_3D('',#2784,#2217,#2218);
#2009=AXIS2_PLACEMENT_3D('',#2786,#2219,#2220);
#2010=AXIS2_PLACEMENT_3D('',#2787,#2221,#2222);
#2011=AXIS2_PLACEMENT_3D('',#2788,#2223,#2224);
#2012=AXIS2_PLACEMENT_3D('',#2790,#2225,#2226);
#2013=AXIS2_PLACEMENT_3D('',#2792,#2228,#2229);
#2014=AXIS2_PLACEMENT_3D('',#2793,#2230,#2231);
#2015=AXIS2_PLACEMENT_3D('',#2794,#2232,#2233);
#2016=AXIS2_PLACEMENT_3D('',#2800,#2237,#2238);
#2017=AXIS2_PLACEMENT_3D('',#2803,#2240,#2241);
#2018=AXIS2_PLACEMENT_3D('',#2804,#2242,#2243);
#2019=AXIS2_PLACEMENT_3D('',#2808,#2246,#2247);
#2020=AXIS2_PLACEMENT_3D('',#2811,#2249,#2250);
#2021=AXIS2_PLACEMENT_3D('',#2812,#2251,#2252);
#2022=AXIS2_PLACEMENT_3D('',#2816,#2255,#2256);
#2023=AXIS2_PLACEMENT_3D('',#2819,#2258,#2259);
#2024=AXIS2_PLACEMENT_3D('',#2820,#2260,#2261);
#2025=AXIS2_PLACEMENT_3D('',#2824,#2264,#2265);
#2026=AXIS2_PLACEMENT_3D('',#2825,#2266,#2267);
#2027=AXIS2_PLACEMENT_3D('',#2826,#2268,#2269);
#2028=AXIS2_PLACEMENT_3D('',#2831,#2271,#2272);
#2029=AXIS2_PLACEMENT_3D('',#2835,#2274,#2275);
#2030=AXIS2_PLACEMENT_3D('',#2839,#2277,#2278);
#2031=AXIS2_PLACEMENT_3D('',#2842,#2280,#2281);
#2032=AXIS2_PLACEMENT_3D('',#2843,#2282,#2283);
#2033=AXIS2_PLACEMENT_3D('',#2849,#2287,#2288);
#2034=AXIS2_PLACEMENT_3D('',#2852,#2290,#2291);
#2035=AXIS2_PLACEMENT_3D('',#2853,#2292,#2293);
#2036=AXIS2_PLACEMENT_3D('',#2857,#2296,#2297);
#2037=AXIS2_PLACEMENT_3D('',#2860,#2299,#2300);
#2038=AXIS2_PLACEMENT_3D('',#2871,#2301,#2302);
#2039=AXIS2_PLACEMENT_3D('',#2873,#2303,#2304);
#2040=AXIS2_PLACEMENT_3D('',#2875,#2305,#2306);
#2041=AXIS2_PLACEMENT_3D('',#2876,#2307,#2308);
#2042=AXIS2_PLACEMENT_3D('',#2877,#2309,#2310);
#2043=AXIS2_PLACEMENT_3D('',#2880,#2311,#2312);
#2044=AXIS2_PLACEMENT_3D('',#2894,#2315,#2316);
#2045=AXIS2_PLACEMENT_3D('',#2895,#2317,#2318);
#2046=AXIS2_PLACEMENT_3D('',#2896,#2319,#2320);
#2047=AXIS2_PLACEMENT_3D('',#2897,#2321,#2322);
#2048=AXIS2_PLACEMENT_3D('',#2899,#2323,#2324);
#2049=AXIS2_PLACEMENT_3D('',#2912,#2327,#2328);
#2050=AXIS2_PLACEMENT_3D('',#2913,#2329,#2330);
#2051=AXIS2_PLACEMENT_3D('',#2914,#2331,#2332);
#2052=AXIS2_PLACEMENT_3D('',#2916,#2333,#2334);
#2053=AXIS2_PLACEMENT_3D('',#2928,#2336,#2337);
#2054=AXIS2_PLACEMENT_3D('',#2929,#2338,#2339);
#2055=AXIS2_PLACEMENT_3D('',#2930,#2340,#2341);
#2056=AXIS2_PLACEMENT_3D('',#2932,#2343,#2344);
#2057=AXIS2_PLACEMENT_3D('',#2934,#2346,#2347);
#2058=AXIS2_PLACEMENT_3D('',#2936,#2349,#2350);
#2059=AXIS2_PLACEMENT_3D('',#2938,#2352,#2353);
#2060=AXIS2_PLACEMENT_3D('',#2939,#2354,#2355);
#2061=AXIS2_PLACEMENT_3D('',#2940,#2356,#2357);
#2062=AXIS2_PLACEMENT_3D('',#2942,#2358,#2359);
#2063=AXIS2_PLACEMENT_3D('',#2944,#2361,#2362);
#2064=AXIS2_PLACEMENT_3D('',#2945,#2363,#2364);
#2065=AXIS2_PLACEMENT_3D('',#2946,#2365,#2366);
#2066=AXIS2_PLACEMENT_3D('',#2948,#2367,#2368);
#2067=AXIS2_PLACEMENT_3D('',#2951,#2370,#2371);
#2068=AXIS2_PLACEMENT_3D('',#2952,#2372,#2373);
#2069=AXIS2_PLACEMENT_3D('',#2953,#2374,#2375);
#2070=AXIS2_PLACEMENT_3D('',#2955,#2376,#2377);
#2071=AXIS2_PLACEMENT_3D('',#2958,#2379,#2380);
#2072=AXIS2_PLACEMENT_3D('',#2959,#2381,#2382);
#2073=AXIS2_PLACEMENT_3D('',#2960,#2383,#2384);
#2074=AXIS2_PLACEMENT_3D('',#2962,#2385,#2386);
#2075=AXIS2_PLACEMENT_3D('',#2965,#2388,#2389);
#2076=AXIS2_PLACEMENT_3D('',#2966,#2390,#2391);
#2077=AXIS2_PLACEMENT_3D('',#2967,#2392,#2393);
#2078=AXIS2_PLACEMENT_3D('',#2969,#2394,#2395);
#2079=AXIS2_PLACEMENT_3D('',#2972,#2397,#2398);
#2080=AXIS2_PLACEMENT_3D('',#2973,#2399,#2400);
#2081=AXIS2_PLACEMENT_3D('',#2974,#2401,#2402);
#2082=AXIS2_PLACEMENT_3D('',#2983,#2407,#2408);
#2083=AXIS2_PLACEMENT_3D('',#2989,#2412,#2413);
#2084=AXIS2_PLACEMENT_3D('',#2995,#2417,#2418);
#2085=AXIS2_PLACEMENT_3D('',#3001,#2422,#2423);
#2086=AXIS2_PLACEMENT_3D('',#3007,#2427,#2428);
#2087=AXIS2_PLACEMENT_3D('',#3013,#2432,#2433);
#2088=AXIS2_PLACEMENT_3D('',#3019,#2437,#2438);
#2089=AXIS2_PLACEMENT_3D('',#3022,#2441,#2442);
#2090=AXIS2_PLACEMENT_3D('',#3023,#2443,#2444);
#2091=AXIS2_PLACEMENT_3D('',#3025,#2445,#2446);
#2092=AXIS2_PLACEMENT_3D('',#3028,#2448,#2449);
#2093=AXIS2_PLACEMENT_3D('',#3029,#2450,#2451);
#2094=AXIS2_PLACEMENT_3D('',#3030,#2452,#2453);
#2095=AXIS2_PLACEMENT_3D('',#3031,#2454,#2455);
#2096=AXIS2_PLACEMENT_3D('',#3032,#2456,#2457);
#2097=AXIS2_PLACEMENT_3D('',#3033,#2458,#2459);
#2098=AXIS2_PLACEMENT_3D('',#3038,#2461,#2462);
#2099=AXIS2_PLACEMENT_3D('',#3042,#2464,#2465);
#2100=AXIS2_PLACEMENT_3D('',#3046,#2468,#2469);
#2101=AXIS2_PLACEMENT_3D('',#3052,#2473,#2474);
#2102=AXIS2_PLACEMENT_3D('',#3054,#2475,#2476);
#2103=AXIS2_PLACEMENT_3D('',#3056,#2478,#2479);
#2104=AXIS2_PLACEMENT_3D('',#3084,#2494,#2495);
#2105=AXIS2_PLACEMENT_3D('',#3088,#2498,#2499);
#2106=AXIS2_PLACEMENT_3D('',#3092,#2502,#2503);
#2107=AXIS2_PLACEMENT_3D('',#3093,#2504,#2505);
#2108=AXIS2_PLACEMENT_3D('',#3094,#2506,#2507);
#2109=AXIS2_PLACEMENT_3D('',#3095,#2508,#2509);
#2110=AXIS2_PLACEMENT_3D('',#3101,#2513,#2514);
#2111=AXIS2_PLACEMENT_3D('',#3105,#2517,#2518);
#2112=AXIS2_PLACEMENT_3D('',#3109,#2521,#2522);
#2113=AXIS2_PLACEMENT_3D('',#3113,#2525,#2526);
#2114=AXIS2_PLACEMENT_3D('',#3117,#2529,#2530);
#2115=AXIS2_PLACEMENT_3D('',#3121,#2533,#2534);
#2116=AXIS2_PLACEMENT_3D('',#3125,#2537,#2538);
#2117=AXIS2_PLACEMENT_3D('',#3129,#2541,#2542);
#2118=AXIS2_PLACEMENT_3D('',#3133,#2545,#2546);
#2119=AXIS2_PLACEMENT_3D('',#3137,#2549,#2550);
#2120=AXIS2_PLACEMENT_3D('',#3141,#2553,#2554);
#2121=AXIS2_PLACEMENT_3D('',#3143,#2556,#2557);
#2122=AXIS2_PLACEMENT_3D('',#3146,#2558,#2559);
#2123=AXIS2_PLACEMENT_3D('',#3154,#2563,#2564);
#2124=AXIS2_PLACEMENT_3D('',#3160,#2568,#2569);
#2125=AXIS2_PLACEMENT_3D('',#3163,#2570,#2571);
#2126=AXIS2_PLACEMENT_3D('',#3168,#2574,#2575);
#2127=AXIS2_PLACEMENT_3D('',#3172,#2577,#2578);
#2128=AXIS2_PLACEMENT_3D('',#3176,#2580,#2581);
#2129=AXIS2_PLACEMENT_3D('',#3179,#2583,#2584);
#2130=AXIS2_PLACEMENT_3D('',#3181,#2585,#2586);
#2131=AXIS2_PLACEMENT_3D('',#3186,#2589,#2590);
#2132=AXIS2_PLACEMENT_3D('',#3190,#2592,#2593);
#2133=AXIS2_PLACEMENT_3D('',#3192,#2595,#2596);
#2134=AXIS2_PLACEMENT_3D('',#3201,#2602,#2603);
#2135=AXIS2_PLACEMENT_3D('',#3205,#2606,#2607);
#2136=AXIS2_PLACEMENT_3D('',#3209,#2610,#2611);
#2137=AXIS2_PLACEMENT_3D('',#3213,#2614,#2615);
#2138=AXIS2_PLACEMENT_3D('',#3215,#2617,#2618);
#2139=AXIS2_PLACEMENT_3D('',#3222,#2623,#2624);
#2140=AXIS2_PLACEMENT_3D('',#3224,#2625,#2626);
#2141=AXIS2_PLACEMENT_3D('',#3226,#2628,#2629);
#2142=AXIS2_PLACEMENT_3D('',#3230,#2632,#2633);
#2143=AXIS2_PLACEMENT_3D('',#3231,#2634,#2635);
#2144=AXIS2_PLACEMENT_3D('',#3232,#2636,#2637);
#2145=AXIS2_PLACEMENT_3D('',#3233,#2638,#2639);
#2146=AXIS2_PLACEMENT_3D('',#3235,#2640,#2641);
#2147=AXIS2_PLACEMENT_3D('',#3237,#2643,#2644);
#2148=AXIS2_PLACEMENT_3D('',#3241,#2647,#2648);
#2149=AXIS2_PLACEMENT_3D('',#3242,#2649,#2650);
#2150=AXIS2_PLACEMENT_3D('',#3243,#2651,#2652);
#2151=AXIS2_PLACEMENT_3D('',#3244,#2653,#2654);
#2152=AXIS2_PLACEMENT_3D('',#3245,#2655,#2656);
#2153=AXIS2_PLACEMENT_3D('',#3246,#2657,#2658);
#2154=AXIS2_PLACEMENT_3D('',#3247,#2659,#2660);
#2155=AXIS2_PLACEMENT_3D('',#3248,#2661,#2662);
#2156=AXIS2_PLACEMENT_3D('',#3257,#2667,#2668);
#2157=AXIS2_PLACEMENT_3D('',#3266,#2673,#2674);
#2158=AXIS2_PLACEMENT_3D('',#3269,#2677,#2678);
#2159=AXIS2_PLACEMENT_3D('',#3272,#2681,#2682);
#2160=AXIS2_PLACEMENT_3D('',#3273,#2683,#2684);
#2161=AXIS2_PLACEMENT_3D('',#3274,#2685,#2686);
#2162=AXIS2_PLACEMENT_3D('',#3275,#2687,#2688);
#2163=AXIS2_PLACEMENT_3D('',#3284,#2693,#2694);
#2164=AXIS2_PLACEMENT_3D('',#3293,#2699,#2700);
#2165=AXIS2_PLACEMENT_3D('',#3296,#2703,#2704);
#2166=AXIS2_PLACEMENT_3D('',#3299,#2707,#2708);
#2167=AXIS2_PLACEMENT_3D('',#3300,#2709,#2710);
#2168=AXIS2_PLACEMENT_3D('',#3301,#2711,#2712);
#2169=AXIS2_PLACEMENT_3D('',#3302,#2713,#2714);
#2170=AXIS2_PLACEMENT_3D('',#3311,#2719,#2720);
#2171=AXIS2_PLACEMENT_3D('',#3320,#2725,#2726);
#2172=AXIS2_PLACEMENT_3D('',#3323,#2729,#2730);
#2173=AXIS2_PLACEMENT_3D('',#3326,#2733,#2734);
#2174=AXIS2_PLACEMENT_3D('',#3327,#2735,#2736);
#2175=AXIS2_PLACEMENT_3D('',#3328,#2737,#2738);
#2176=AXIS2_PLACEMENT_3D('',#3329,#2739,#2740);
#2177=AXIS2_PLACEMENT_3D('',#3330,#2741,#2742);
#2178=AXIS2_PLACEMENT_3D('',#3331,#2743,#2744);
#2179=AXIS2_PLACEMENT_3D('',#3332,#2745,#2746);
#2180=AXIS2_PLACEMENT_3D('',#3333,#2747,#2748);
#2181=AXIS2_PLACEMENT_3D('',#3334,#2749,#2750);
#2182=DIRECTION('axis',(0.,0.,1.));
#2183=DIRECTION('refdir',(1.,0.,0.));
#2184=DIRECTION('axis',(0.,0.,1.));
#2185=DIRECTION('refdir',(1.,0.,0.));
#2186=DIRECTION('center_axis',(0.,0.,1.));
#2187=DIRECTION('ref_axis',(1.,0.,0.));
#2188=DIRECTION('center_axis',(0.,0.,1.));
#2189=DIRECTION('ref_axis',(1.,0.,0.));
#2190=DIRECTION('center_axis',(0.,-1.,0.));
#2191=DIRECTION('ref_axis',(-1.,0.,0.));
#2192=DIRECTION('center_axis',(0.,0.,-1.));
#2193=DIRECTION('ref_axis',(1.,0.,0.));
#2194=DIRECTION('center_axis',(0.,0.,1.));
#2195=DIRECTION('ref_axis',(1.,0.,0.));
#2196=DIRECTION('center_axis',(0.,0.,1.));
#2197=DIRECTION('ref_axis',(1.,0.,0.));
#2198=DIRECTION('center_axis',(0.,0.,-1.));
#2199=DIRECTION('ref_axis',(1.,0.,0.));
#2200=DIRECTION('',(0.,-1.,0.));
#2201=DIRECTION('center_axis',(0.,0.,1.));
#2202=DIRECTION('ref_axis',(-1.,1.26882631385732E-15,0.));
#2203=DIRECTION('',(1.,0.,0.));
#2204=DIRECTION('center_axis',(0.,0.,1.));
#2205=DIRECTION('ref_axis',(-1.26882631385732E-15,-1.,0.));
#2206=DIRECTION('',(0.,1.,0.));
#2207=DIRECTION('center_axis',(0.,0.,1.));
#2208=DIRECTION('ref_axis',(1.,-9.51619735392992E-16,0.));
#2209=DIRECTION('',(-1.,0.,0.));
#2210=DIRECTION('center_axis',(0.,0.,1.));
#2211=DIRECTION('ref_axis',(1.42742960308949E-15,1.,0.));
#2212=DIRECTION('center_axis',(0.,0.,-1.));
#2213=DIRECTION('ref_axis',(1.,0.,0.));
#2214=DIRECTION('center_axis',(0.,0.,-1.));
#2215=DIRECTION('ref_axis',(1.,0.,0.));
#2216=DIRECTION('',(0.,0.,1.));
#2217=DIRECTION('center_axis',(0.,0.,1.));
#2218=DIRECTION('ref_axis',(1.,0.,0.));
#2219=DIRECTION('center_axis',(0.,0.,1.));
#2220=DIRECTION('ref_axis',(1.,0.,0.));
#2221=DIRECTION('center_axis',(0.,-1.,0.));
#2222=DIRECTION('ref_axis',(-1.,0.,0.));
#2223=DIRECTION('center_axis',(0.,0.,-1.));
#2224=DIRECTION('ref_axis',(1.,0.,0.));
#2225=DIRECTION('center_axis',(0.,0.,-1.));
#2226=DIRECTION('ref_axis',(1.,0.,0.));
#2227=DIRECTION('',(0.,0.,1.));
#2228=DIRECTION('center_axis',(0.,0.,1.));
#2229=DIRECTION('ref_axis',(1.,0.,0.));
#2230=DIRECTION('center_axis',(0.,0.,1.));
#2231=DIRECTION('ref_axis',(1.,0.,0.));
#2232=DIRECTION('center_axis',(-1.,0.,0.));
#2233=DIRECTION('ref_axis',(0.,-1.,0.));
#2234=DIRECTION('',(0.,0.,1.));
#2235=DIRECTION('',(0.,-1.,0.));
#2236=DIRECTION('',(0.,0.,1.));
#2237=DIRECTION('center_axis',(0.,0.,1.));
#2238=DIRECTION('ref_axis',(1.42742960308949E-15,1.,0.));
#2239=DIRECTION('',(0.,0.,1.));
#2240=DIRECTION('center_axis',(0.,0.,1.));
#2241=DIRECTION('ref_axis',(1.42742960308949E-15,1.,0.));
#2242=DIRECTION('center_axis',(0.,1.,0.));
#2243=DIRECTION('ref_axis',(-1.,0.,0.));
#2244=DIRECTION('',(0.,0.,1.));
#2245=DIRECTION('',(-1.,0.,0.));
#2246=DIRECTION('center_axis',(0.,0.,1.));
#2247=DIRECTION('ref_axis',(1.,-9.51619735392992E-16,0.));
#2248=DIRECTION('',(0.,0.,1.));
#2249=DIRECTION('center_axis',(0.,0.,1.));
#2250=DIRECTION('ref_axis',(1.,-9.51619735392992E-16,0.));
#2251=DIRECTION('center_axis',(1.,0.,0.));
#2252=DIRECTION('ref_axis',(0.,1.,0.));
#2253=DIRECTION('',(0.,0.,1.));
#2254=DIRECTION('',(0.,1.,0.));
#2255=DIRECTION('center_axis',(0.,0.,1.));
#2256=DIRECTION('ref_axis',(-1.26882631385732E-15,-1.,0.));
#2257=DIRECTION('',(0.,0.,1.));
#2258=DIRECTION('center_axis',(0.,0.,1.));
#2259=DIRECTION('ref_axis',(-1.26882631385732E-15,-1.,0.));
#2260=DIRECTION('center_axis',(0.,-1.,0.));
#2261=DIRECTION('ref_axis',(1.,0.,0.));
#2262=DIRECTION('',(0.,0.,1.));
#2263=DIRECTION('',(1.,0.,0.));
#2264=DIRECTION('center_axis',(0.,0.,1.));
#2265=DIRECTION('ref_axis',(-1.,1.26882631385732E-15,0.));
#2266=DIRECTION('center_axis',(0.,0.,1.));
#2267=DIRECTION('ref_axis',(-1.,1.26882631385732E-15,0.));
#2268=DIRECTION('center_axis',(0.,0.,1.));
#2269=DIRECTION('ref_axis',(1.,0.,0.));
#2270=DIRECTION('',(1.06343201592448E-16,-1.,0.));
#2271=DIRECTION('center_axis',(0.,0.,-1.));
#2272=DIRECTION('ref_axis',(1.,-5.55111512312579E-16,0.));
#2273=DIRECTION('',(1.,0.,0.));
#2274=DIRECTION('center_axis',(0.,0.,-1.));
#2275=DIRECTION('ref_axis',(2.77555756156289E-16,1.,0.));
#2276=DIRECTION('',(-1.06343201592448E-16,1.,0.));
#2277=DIRECTION('center_axis',(0.,0.,-1.));
#2278=DIRECTION('ref_axis',(-1.,5.55111512312579E-16,0.));
#2279=DIRECTION('',(-1.,0.,0.));
#2280=DIRECTION('center_axis',(0.,0.,-1.));
#2281=DIRECTION('ref_axis',(-2.77555756156289E-16,-1.,0.));
#2282=DIRECTION('center_axis',(-1.,-1.06343201592448E-16,0.));
#2283=DIRECTION('ref_axis',(1.06343201592448E-16,-1.,0.));
#2284=DIRECTION('',(0.,0.,1.));
#2285=DIRECTION('',(1.06343201592448E-16,-1.,0.));
#2286=DIRECTION('',(0.,0.,1.));
#2287=DIRECTION('center_axis',(0.,0.,1.));
#2288=DIRECTION('ref_axis',(2.77555756156289E-16,1.,0.));
#2289=DIRECTION('',(0.,0.,1.));
#2290=DIRECTION('center_axis',(0.,0.,1.));
#2291=DIRECTION('ref_axis',(-0.707106781186548,0.707106781186547,0.));
#2292=DIRECTION('center_axis',(0.,1.,0.));
#2293=DIRECTION('ref_axis',(-1.,0.,0.));
#2294=DIRECTION('',(0.,0.,1.));
#2295=DIRECTION('',(-1.,0.,0.));
#2296=DIRECTION('center_axis',(0.,0.,1.));
#2297=DIRECTION('ref_axis',(1.,-5.55111512312579E-16,0.));
#2298=DIRECTION('',(0.,0.,1.));
#2299=DIRECTION('center_axis',(0.,0.,1.));
#2300=DIRECTION('ref_axis',(0.707106781186548,0.707106781186547,0.));
#2301=DIRECTION('center_axis',(-7.40148683083438E-16,-1.,0.));
#2302=DIRECTION('ref_axis',(0.,0.,1.));
#2303=DIRECTION('center_axis',(0.,0.,-1.));
#2304=DIRECTION('ref_axis',(-0.707106781186548,-0.707106781186547,0.));
#2305=DIRECTION('center_axis',(-1.,-3.70074341541719E-16,0.));
#2306=DIRECTION('ref_axis',(3.70074341541719E-16,-1.,0.));
#2307=DIRECTION('center_axis',(0.,0.,1.));
#2308=DIRECTION('ref_axis',(-0.707106781186548,-0.707106781186547,0.));
#2309=DIRECTION('center_axis',(1.,0.,0.));
#2310=DIRECTION('ref_axis',(0.,-0.707106781186547,0.707106781186547));
#2311=DIRECTION('center_axis',(-1.,3.70074341541719E-16,0.));
#2312=DIRECTION('ref_axis',(-3.70074341541719E-16,-1.,0.));
#2313=DIRECTION('',(1.,0.,0.));
#2314=DIRECTION('',(-1.,0.,0.));
#2315=DIRECTION('center_axis',(0.,-1.,0.));
#2316=DIRECTION('ref_axis',(1.,0.,0.));
#2317=DIRECTION('center_axis',(0.,0.,1.));
#2318=DIRECTION('ref_axis',(0.707106781186548,-0.707106781186547,0.));
#2319=DIRECTION('center_axis',(0.,0.,-1.));
#2320=DIRECTION('ref_axis',(0.707106781186548,-0.707106781186547,0.));
#2321=DIRECTION('center_axis',(-1.06343201592448E-16,1.,0.));
#2322=DIRECTION('ref_axis',(0.707106781186547,0.,0.707106781186547));
#2323=DIRECTION('center_axis',(0.,-1.,0.));
#2324=DIRECTION('ref_axis',(1.,0.,0.));
#2325=DIRECTION('',(-1.06343201592448E-16,1.,0.));
#2326=DIRECTION('',(1.06343201592448E-16,-1.,0.));
#2327=DIRECTION('center_axis',(1.,3.70074341541719E-16,0.));
#2328=DIRECTION('ref_axis',(-3.70074341541719E-16,1.,0.));
#2329=DIRECTION('center_axis',(0.,0.,-1.));
#2330=DIRECTION('ref_axis',(0.707106781186548,0.707106781186547,0.));
#2331=DIRECTION('center_axis',(-1.,0.,0.));
#2332=DIRECTION('ref_axis',(0.,0.707106781186547,0.707106781186547));
#2333=DIRECTION('center_axis',(1.,-3.70074341541719E-16,0.));
#2334=DIRECTION('ref_axis',(3.70074341541719E-16,1.,0.));
#2335=DIRECTION('',(1.,0.,0.));
#2336=DIRECTION('center_axis',(0.,1.,0.));
#2337=DIRECTION('ref_axis',(-1.,0.,0.));
#2338=DIRECTION('center_axis',(0.,0.,-1.));
#2339=DIRECTION('ref_axis',(-0.707106781186548,0.707106781186547,0.));
#2340=DIRECTION('center_axis',(1.06343201592448E-16,-1.,0.));
#2341=DIRECTION('ref_axis',(-0.707106781186547,0.,0.707106781186547));
#2342=DIRECTION('',(-1.06343201592448E-16,1.,0.));
#2343=DIRECTION('center_axis',(1.,1.06343201592448E-16,0.));
#2344=DIRECTION('ref_axis',(-1.06343201592448E-16,1.,0.));
#2345=DIRECTION('',(0.,0.,1.));
#2346=DIRECTION('center_axis',(0.,0.,1.));
#2347=DIRECTION('ref_axis',(-2.77555756156289E-16,-1.,0.));
#2348=DIRECTION('',(0.,0.,1.));
#2349=DIRECTION('center_axis',(0.,-1.,0.));
#2350=DIRECTION('ref_axis',(1.,0.,0.));
#2351=DIRECTION('',(0.,0.,1.));
#2352=DIRECTION('center_axis',(0.,0.,1.));
#2353=DIRECTION('ref_axis',(-1.,5.55111512312579E-16,0.));
#2354=DIRECTION('center_axis',(0.,0.,1.));
#2355=DIRECTION('ref_axis',(1.,0.,0.));
#2356=DIRECTION('center_axis',(0.,0.,1.));
#2357=DIRECTION('ref_axis',(1.,0.,0.));
#2358=DIRECTION('center_axis',(0.,0.,1.));
#2359=DIRECTION('ref_axis',(1.,0.,0.));
#2360=DIRECTION('',(0.,0.,-1.));
#2361=DIRECTION('center_axis',(0.,0.,1.));
#2362=DIRECTION('ref_axis',(1.,0.,0.));
#2363=DIRECTION('axis',(0.,0.,1.));
#2364=DIRECTION('refdir',(1.,0.,0.));
#2365=DIRECTION('center_axis',(0.,0.,-1.));
#2366=DIRECTION('ref_axis',(1.,0.,0.));
#2367=DIRECTION('center_axis',(0.,0.,-1.));
#2368=DIRECTION('ref_axis',(1.,0.,0.));
#2369=DIRECTION('',(0.,0.,1.));
#2370=DIRECTION('center_axis',(0.,0.,1.));
#2371=DIRECTION('ref_axis',(1.,0.,0.));
#2372=DIRECTION('center_axis',(0.,0.,1.));
#2373=DIRECTION('ref_axis',(1.,0.,0.));
#2374=DIRECTION('center_axis',(0.,0.,-1.));
#2375=DIRECTION('ref_axis',(1.,0.,0.));
#2376=DIRECTION('center_axis',(0.,0.,-1.));
#2377=DIRECTION('ref_axis',(1.,0.,0.));
#2378=DIRECTION('',(0.,0.,-1.));
#2379=DIRECTION('center_axis',(0.,0.,-1.));
#2380=DIRECTION('ref_axis',(1.,0.,0.));
#2381=DIRECTION('center_axis',(0.,0.,1.));
#2382=DIRECTION('ref_axis',(1.,0.,0.));
#2383=DIRECTION('center_axis',(0.,0.,-1.));
#2384=DIRECTION('ref_axis',(1.,0.,0.));
#2385=DIRECTION('center_axis',(0.,0.,-1.));
#2386=DIRECTION('ref_axis',(1.,0.,0.));
#2387=DIRECTION('',(0.,0.,-1.));
#2388=DIRECTION('center_axis',(0.,0.,-1.));
#2389=DIRECTION('ref_axis',(1.,0.,0.));
#2390=DIRECTION('center_axis',(0.,0.,1.));
#2391=DIRECTION('ref_axis',(1.,0.,0.));
#2392=DIRECTION('center_axis',(0.,0.,1.));
#2393=DIRECTION('ref_axis',(1.,0.,0.));
#2394=DIRECTION('center_axis',(0.,0.,1.));
#2395=DIRECTION('ref_axis',(1.,0.,0.));
#2396=DIRECTION('',(0.,0.,-1.));
#2397=DIRECTION('center_axis',(0.,0.,-1.));
#2398=DIRECTION('ref_axis',(1.,0.,0.));
#2399=DIRECTION('center_axis',(0.,0.,1.));
#2400=DIRECTION('ref_axis',(1.,0.,0.));
#2401=DIRECTION('center_axis',(-1.,0.,0.));
#2402=DIRECTION('ref_axis',(0.,1.,0.));
#2403=DIRECTION('',(0.,1.,0.));
#2404=DIRECTION('',(0.,0.,-1.));
#2405=DIRECTION('',(0.,1.,0.));
#2406=DIRECTION('',(0.,0.,-1.));
#2407=DIRECTION('center_axis',(-0.707106781186548,-0.707106781186547,0.));
#2408=DIRECTION('ref_axis',(-0.707106781186547,0.707106781186548,0.));
#2409=DIRECTION('',(-0.707106781186547,0.707106781186548,0.));
#2410=DIRECTION('',(0.,0.,-1.));
#2411=DIRECTION('',(-0.707106781186547,0.707106781186548,0.));
#2412=DIRECTION('center_axis',(0.,-1.,0.));
#2413=DIRECTION('ref_axis',(-1.,0.,0.));
#2414=DIRECTION('',(-1.,0.,0.));
#2415=DIRECTION('',(0.,0.,-1.));
#2416=DIRECTION('',(-1.,0.,0.));
#2417=DIRECTION('center_axis',(0.707106781186548,-0.707106781186547,0.));
#2418=DIRECTION('ref_axis',(-0.707106781186547,-0.707106781186548,0.));
#2419=DIRECTION('',(-0.707106781186547,-0.707106781186548,0.));
#2420=DIRECTION('',(0.,0.,-1.));
#2421=DIRECTION('',(-0.707106781186547,-0.707106781186548,0.));
#2422=DIRECTION('center_axis',(1.,0.,0.));
#2423=DIRECTION('ref_axis',(0.,-1.,0.));
#2424=DIRECTION('',(0.,-1.,0.));
#2425=DIRECTION('',(0.,0.,-1.));
#2426=DIRECTION('',(0.,-1.,0.));
#2427=DIRECTION('center_axis',(0.707106781186548,0.707106781186547,0.));
#2428=DIRECTION('ref_axis',(0.707106781186547,-0.707106781186548,0.));
#2429=DIRECTION('',(0.707106781186547,-0.707106781186548,0.));
#2430=DIRECTION('',(0.,0.,-1.));
#2431=DIRECTION('',(0.707106781186547,-0.707106781186548,0.));
#2432=DIRECTION('center_axis',(0.,1.,0.));
#2433=DIRECTION('ref_axis',(1.,0.,0.));
#2434=DIRECTION('',(1.,0.,0.));
#2435=DIRECTION('',(0.,0.,-1.));
#2436=DIRECTION('',(1.,0.,0.));
#2437=DIRECTION('center_axis',(-0.707106781186548,0.707106781186547,0.));
#2438=DIRECTION('ref_axis',(0.707106781186547,0.707106781186548,0.));
#2439=DIRECTION('',(0.707106781186547,0.707106781186548,0.));
#2440=DIRECTION('',(0.707106781186547,0.707106781186548,0.));
#2441=DIRECTION('center_axis',(0.,0.,-1.));
#2442=DIRECTION('ref_axis',(-1.,0.,0.));
#2443=DIRECTION('center_axis',(0.,0.,-1.));
#2444=DIRECTION('ref_axis',(1.,0.,0.));
#2445=DIRECTION('center_axis',(0.,0.,-1.));
#2446=DIRECTION('ref_axis',(1.,0.,0.));
#2447=DIRECTION('',(0.,0.,1.));
#2448=DIRECTION('center_axis',(0.,0.,1.));
#2449=DIRECTION('ref_axis',(1.,0.,0.));
#2450=DIRECTION('center_axis',(0.,0.,1.));
#2451=DIRECTION('ref_axis',(1.,0.,0.));
#2452=DIRECTION('center_axis',(0.,0.,1.));
#2453=DIRECTION('ref_axis',(1.,0.,0.));
#2454=DIRECTION('axis',(0.,0.,1.));
#2455=DIRECTION('refdir',(1.,0.,0.));
#2456=DIRECTION('axis',(0.,0.,1.));
#2457=DIRECTION('refdir',(1.,0.,0.));
#2458=DIRECTION('center_axis',(1.,0.,0.));
#2459=DIRECTION('ref_axis',(0.,0.,1.));
#2460=DIRECTION('',(0.,0.,1.));
#2461=DIRECTION('center_axis',(-1.,0.,0.));
#2462=DIRECTION('ref_axis',(0.,0.,1.));
#2463=DIRECTION('',(0.,1.,0.));
#2464=DIRECTION('center_axis',(1.,0.,0.));
#2465=DIRECTION('ref_axis',(0.,0.,1.));
#2466=DIRECTION('',(0.,0.,1.));
#2467=DIRECTION('',(0.,1.,0.));
#2468=DIRECTION('center_axis',(0.,1.,0.));
#2469=DIRECTION('ref_axis',(0.,0.,1.));
#2470=DIRECTION('',(0.,0.,1.));
#2471=DIRECTION('',(1.,0.,0.));
#2472=DIRECTION('',(1.,0.,0.));
#2473=DIRECTION('center_axis',(1.,0.,0.));
#2474=DIRECTION('ref_axis',(0.,-1.,0.));
#2475=DIRECTION('center_axis',(-1.,0.,0.));
#2476=DIRECTION('ref_axis',(0.,0.,1.));
#2477=DIRECTION('',(1.,0.,0.));
#2478=DIRECTION('center_axis',(0.,0.,1.));
#2479=DIRECTION('ref_axis',(1.,0.,0.));
#2480=DIRECTION('',(0.,1.,0.));
#2481=DIRECTION('',(0.707106781186548,-0.707106781186548,0.));
#2482=DIRECTION('',(1.,0.,0.));
#2483=DIRECTION('',(0.,1.,0.));
#2484=DIRECTION('',(-1.,0.,0.));
#2485=DIRECTION('',(0.,1.,0.));
#2486=DIRECTION('',(1.,0.,0.));
#2487=DIRECTION('',(-0.707106781186548,-0.707106781186548,0.));
#2488=DIRECTION('',(0.,1.,0.));
#2489=DIRECTION('',(-0.707106781186548,0.707106781186548,0.));
#2490=DIRECTION('',(1.,0.,0.));
#2491=DIRECTION('',(0.707106781186548,0.707106781186548,0.));
#2492=DIRECTION('',(1.,0.,0.));
#2493=DIRECTION('',(0.,1.,0.));
#2494=DIRECTION('center_axis',(0.,0.,1.));
#2495=DIRECTION('ref_axis',(1.,0.,0.));
#2496=DIRECTION('',(0.,1.,0.));
#2497=DIRECTION('',(1.,0.,0.));
#2498=DIRECTION('center_axis',(0.,1.,0.));
#2499=DIRECTION('ref_axis',(0.,0.,1.));
#2500=DIRECTION('',(0.,0.,1.));
#2501=DIRECTION('',(1.,0.,0.));
#2502=DIRECTION('center_axis',(1.,0.,0.));
#2503=DIRECTION('ref_axis',(0.,1.,0.));
#2504=DIRECTION('center_axis',(1.,0.,0.));
#2505=DIRECTION('ref_axis',(0.,0.,1.));
#2506=DIRECTION('center_axis',(1.,0.,0.));
#2507=DIRECTION('ref_axis',(0.,0.,1.));
#2508=DIRECTION('center_axis',(1.,0.,0.));
#2509=DIRECTION('ref_axis',(0.,0.,1.));
#2510=DIRECTION('',(0.,0.,1.));
#2511=DIRECTION('',(0.,1.,0.));
#2512=DIRECTION('',(0.,0.,1.));
#2513=DIRECTION('center_axis',(0.707106781186548,-0.707106781186548,0.));
#2514=DIRECTION('ref_axis',(0.,0.,-1.));
#2515=DIRECTION('',(0.707106781186548,0.707106781186548,0.));
#2516=DIRECTION('',(0.,0.,1.));
#2517=DIRECTION('center_axis',(0.,1.,0.));
#2518=DIRECTION('ref_axis',(0.,0.,1.));
#2519=DIRECTION('',(1.,0.,0.));
#2520=DIRECTION('',(0.,0.,1.));
#2521=DIRECTION('center_axis',(0.707106781186548,0.707106781186548,0.));
#2522=DIRECTION('ref_axis',(0.,0.,-1.));
#2523=DIRECTION('',(-0.707106781186548,0.707106781186548,0.));
#2524=DIRECTION('',(0.,0.,1.));
#2525=DIRECTION('center_axis',(1.,0.,0.));
#2526=DIRECTION('ref_axis',(0.,0.,1.));
#2527=DIRECTION('',(0.,0.,1.));
#2528=DIRECTION('',(0.,1.,0.));
#2529=DIRECTION('center_axis',(-0.707106781186548,0.707106781186548,0.));
#2530=DIRECTION('ref_axis',(0.,0.,-1.));
#2531=DIRECTION('',(-0.707106781186548,-0.707106781186548,0.));
#2532=DIRECTION('',(0.,0.,1.));
#2533=DIRECTION('center_axis',(0.,1.,0.));
#2534=DIRECTION('ref_axis',(0.,0.,1.));
#2535=DIRECTION('',(1.,0.,0.));
#2536=DIRECTION('',(0.,0.,-1.));
#2537=DIRECTION('center_axis',(1.,0.,0.));
#2538=DIRECTION('ref_axis',(0.,0.,1.));
#2539=DIRECTION('',(0.,0.,1.));
#2540=DIRECTION('',(0.,1.,0.));
#2541=DIRECTION('center_axis',(0.,1.,0.));
#2542=DIRECTION('ref_axis',(0.,0.,1.));
#2543=DIRECTION('',(0.,0.,1.));
#2544=DIRECTION('',(1.,0.,0.));
#2545=DIRECTION('center_axis',(1.,0.,0.));
#2546=DIRECTION('ref_axis',(0.,0.,1.));
#2547=DIRECTION('',(0.,0.,-1.));
#2548=DIRECTION('',(0.,1.,0.));
#2549=DIRECTION('center_axis',(0.,1.,0.));
#2550=DIRECTION('ref_axis',(0.,0.,1.));
#2551=DIRECTION('',(1.,0.,0.));
#2552=DIRECTION('',(0.,0.,1.));
#2553=DIRECTION('center_axis',(-0.707106781186548,-0.707106781186548,0.));
#2554=DIRECTION('ref_axis',(0.,0.,-1.));
#2555=DIRECTION('',(0.707106781186548,-0.707106781186548,0.));
#2556=DIRECTION('center_axis',(0.,0.,1.));
#2557=DIRECTION('ref_axis',(1.,0.,0.));
#2558=DIRECTION('center_axis',(0.,0.,1.));
#2559=DIRECTION('ref_axis',(1.,0.,0.));
#2560=DIRECTION('',(-1.,0.,0.));
#2561=DIRECTION('',(0.,1.,0.));
#2562=DIRECTION('',(-1.,0.,0.));
#2563=DIRECTION('center_axis',(0.,0.,1.));
#2564=DIRECTION('ref_axis',(1.,0.,0.));
#2565=DIRECTION('',(-1.,0.,0.));
#2566=DIRECTION('',(0.,1.,0.));
#2567=DIRECTION('',(-1.,0.,0.));
#2568=DIRECTION('center_axis',(0.,0.,1.));
#2569=DIRECTION('ref_axis',(1.,0.,0.));
#2570=DIRECTION('center_axis',(0.,0.,1.));
#2571=DIRECTION('ref_axis',(1.,0.,0.));
#2572=DIRECTION('',(0.,0.,1.));
#2573=DIRECTION('',(0.,0.,1.));
#2574=DIRECTION('center_axis',(0.,0.,1.));
#2575=DIRECTION('ref_axis',(1.,0.,0.));
#2576=DIRECTION('',(0.,0.,1.));
#2577=DIRECTION('center_axis',(0.,0.,1.));
#2578=DIRECTION('ref_axis',(1.,0.,0.));
#2579=DIRECTION('',(0.,0.,1.));
#2580=DIRECTION('center_axis',(0.,0.,1.));
#2581=DIRECTION('ref_axis',(1.,0.,0.));
#2582=DIRECTION('',(0.,0.,1.));
#2583=DIRECTION('center_axis',(0.,0.,1.));
#2584=DIRECTION('ref_axis',(1.,0.,0.));
#2585=DIRECTION('center_axis',(0.,0.,1.));
#2586=DIRECTION('ref_axis',(1.,0.,0.));
#2587=DIRECTION('',(0.,0.,1.));
#2588=DIRECTION('',(0.,0.,1.));
#2589=DIRECTION('center_axis',(0.,0.,1.));
#2590=DIRECTION('ref_axis',(1.,0.,0.));
#2591=DIRECTION('',(0.,0.,1.));
#2592=DIRECTION('center_axis',(0.,0.,1.));
#2593=DIRECTION('ref_axis',(1.,0.,0.));
#2594=DIRECTION('',(0.,0.,1.));
#2595=DIRECTION('center_axis',(0.,1.,0.));
#2596=DIRECTION('ref_axis',(0.,0.,1.));
#2597=DIRECTION('',(1.,0.,0.));
#2598=DIRECTION('',(0.,0.,1.));
#2599=DIRECTION('',(-1.,0.,0.));
#2600=DIRECTION('',(0.,0.,1.));
#2601=DIRECTION('',(1.,0.,0.));
#2602=DIRECTION('center_axis',(0.,1.,0.));
#2603=DIRECTION('ref_axis',(0.,0.,1.));
#2604=DIRECTION('',(1.,0.,0.));
#2605=DIRECTION('',(0.,0.,1.));
#2606=DIRECTION('center_axis',(1.,0.,0.));
#2607=DIRECTION('ref_axis',(0.,0.,1.));
#2608=DIRECTION('',(0.,0.,1.));
#2609=DIRECTION('',(0.,1.,0.));
#2610=DIRECTION('center_axis',(1.,0.,0.));
#2611=DIRECTION('ref_axis',(0.,0.,1.));
#2612=DIRECTION('',(0.,0.,1.));
#2613=DIRECTION('',(0.,1.,0.));
#2614=DIRECTION('center_axis',(0.,1.,0.));
#2615=DIRECTION('ref_axis',(0.,0.,1.));
#2616=DIRECTION('',(1.,0.,0.));
#2617=DIRECTION('center_axis',(0.,1.,0.));
#2618=DIRECTION('ref_axis',(0.,0.,1.));
#2619=DIRECTION('',(1.,0.,0.));
#2620=DIRECTION('',(1.,0.,0.));
#2621=DIRECTION('',(0.,0.,1.));
#2622=DIRECTION('',(-1.,0.,0.));
#2623=DIRECTION('center_axis',(0.,0.,1.));
#2624=DIRECTION('ref_axis',(-1.,1.224646799147E-16,0.));
#2625=DIRECTION('center_axis',(0.,0.,1.));
#2626=DIRECTION('ref_axis',(-1.,1.224646799147E-16,0.));
#2627=DIRECTION('',(0.0871557427476379,-0.996194698091747,0.));
#2628=DIRECTION('center_axis',(-0.996194698091747,-0.0871557427476379,0.));
#2629=DIRECTION('ref_axis',(0.0871557427476379,-0.996194698091747,0.));
#2630=DIRECTION('',(0.,0.,1.));
#2631=DIRECTION('',(-0.0871557427476379,0.996194698091747,0.));
#2632=DIRECTION('center_axis',(0.,0.,1.));
#2633=DIRECTION('ref_axis',(-1.,1.224646799147E-16,0.));
#2634=DIRECTION('center_axis',(0.,0.,1.));
#2635=DIRECTION('ref_axis',(-1.,1.224646799147E-16,0.));
#2636=DIRECTION('center_axis',(0.,0.,1.));
#2637=DIRECTION('ref_axis',(1.,0.,0.));
#2638=DIRECTION('center_axis',(0.,0.,1.));
#2639=DIRECTION('ref_axis',(1.,0.,0.));
#2640=DIRECTION('center_axis',(0.,0.,1.));
#2641=DIRECTION('ref_axis',(1.,0.,0.));
#2642=DIRECTION('',(-0.0871557427476379,0.996194698091747,0.));
#2643=DIRECTION('center_axis',(0.996194698091747,0.0871557427476379,0.));
#2644=DIRECTION('ref_axis',(-0.0871557427476379,0.996194698091747,0.));
#2645=DIRECTION('',(0.,0.,1.));
#2646=DIRECTION('',(0.0871557427476379,-0.996194698091747,0.));
#2647=DIRECTION('center_axis',(0.,0.,1.));
#2648=DIRECTION('ref_axis',(1.,0.,0.));
#2649=DIRECTION('center_axis',(0.,0.,1.));
#2650=DIRECTION('ref_axis',(1.,0.,0.));
#2651=DIRECTION('center_axis',(0.,0.,1.));
#2652=DIRECTION('ref_axis',(1.,0.,0.));
#2653=DIRECTION('center_axis',(0.,0.,1.));
#2654=DIRECTION('ref_axis',(1.,0.,0.));
#2655=DIRECTION('center_axis',(0.,0.,1.));
#2656=DIRECTION('ref_axis',(1.,0.,0.));
#2657=DIRECTION('center_axis',(0.,0.,1.));
#2658=DIRECTION('ref_axis',(-1.,1.224646799147E-16,0.));
#2659=DIRECTION('axis',(0.,0.,1.));
#2660=DIRECTION('refdir',(1.,0.,0.));
#2661=DIRECTION('center_axis',(1.,0.,0.));
#2662=DIRECTION('ref_axis',(0.,0.,1.));
#2663=DIRECTION('',(0.,0.,1.));
#2664=DIRECTION('',(0.,1.,0.));
#2665=DIRECTION('',(0.,0.,1.));
#2666=DIRECTION('',(0.,1.,0.));
#2667=DIRECTION('center_axis',(1.,0.,0.));
#2668=DIRECTION('ref_axis',(0.,0.,1.));
#2669=DIRECTION('',(0.,0.,1.));
#2670=DIRECTION('',(0.,1.,0.));
#2671=DIRECTION('',(0.,0.,1.));
#2672=DIRECTION('',(0.,1.,0.));
#2673=DIRECTION('center_axis',(0.,1.,0.));
#2674=DIRECTION('ref_axis',(0.,0.,1.));
#2675=DIRECTION('',(1.,0.,0.));
#2676=DIRECTION('',(1.,0.,0.));
#2677=DIRECTION('center_axis',(0.,1.,0.));
#2678=DIRECTION('ref_axis',(0.,0.,1.));
#2679=DIRECTION('',(1.,0.,0.));
#2680=DIRECTION('',(1.,0.,0.));
#2681=DIRECTION('center_axis',(0.,0.,1.));
#2682=DIRECTION('ref_axis',(1.,0.,0.));
#2683=DIRECTION('center_axis',(0.,0.,1.));
#2684=DIRECTION('ref_axis',(1.,0.,0.));
#2685=DIRECTION('axis',(0.,0.,1.));
#2686=DIRECTION('refdir',(1.,0.,0.));
#2687=DIRECTION('center_axis',(1.,0.,0.));
#2688=DIRECTION('ref_axis',(0.,0.,1.));
#2689=DIRECTION('',(0.,0.,1.));
#2690=DIRECTION('',(0.,1.,0.));
#2691=DIRECTION('',(0.,0.,1.));
#2692=DIRECTION('',(0.,1.,0.));
#2693=DIRECTION('center_axis',(1.,0.,0.));
#2694=DIRECTION('ref_axis',(0.,0.,1.));
#2695=DIRECTION('',(0.,0.,1.));
#2696=DIRECTION('',(0.,1.,0.));
#2697=DIRECTION('',(0.,0.,1.));
#2698=DIRECTION('',(0.,1.,0.));
#2699=DIRECTION('center_axis',(0.,1.,0.));
#2700=DIRECTION('ref_axis',(0.,0.,1.));
#2701=DIRECTION('',(1.,0.,0.));
#2702=DIRECTION('',(1.,0.,0.));
#2703=DIRECTION('center_axis',(0.,1.,0.));
#2704=DIRECTION('ref_axis',(0.,0.,1.));
#2705=DIRECTION('',(1.,0.,0.));
#2706=DIRECTION('',(1.,0.,0.));
#2707=DIRECTION('center_axis',(0.,0.,1.));
#2708=DIRECTION('ref_axis',(1.,0.,0.));
#2709=DIRECTION('center_axis',(0.,0.,1.));
#2710=DIRECTION('ref_axis',(1.,0.,0.));
#2711=DIRECTION('axis',(0.,0.,1.));
#2712=DIRECTION('refdir',(1.,0.,0.));
#2713=DIRECTION('center_axis',(1.,0.,0.));
#2714=DIRECTION('ref_axis',(0.,0.,1.));
#2715=DIRECTION('',(0.,0.,1.));
#2716=DIRECTION('',(0.,1.,0.));
#2717=DIRECTION('',(0.,0.,1.));
#2718=DIRECTION('',(0.,1.,0.));
#2719=DIRECTION('center_axis',(1.,0.,0.));
#2720=DIRECTION('ref_axis',(0.,0.,1.));
#2721=DIRECTION('',(0.,0.,1.));
#2722=DIRECTION('',(0.,1.,0.));
#2723=DIRECTION('',(0.,0.,1.));
#2724=DIRECTION('',(0.,1.,0.));
#2725=DIRECTION('center_axis',(0.,1.,0.));
#2726=DIRECTION('ref_axis',(0.,0.,1.));
#2727=DIRECTION('',(1.,0.,0.));
#2728=DIRECTION('',(1.,0.,0.));
#2729=DIRECTION('center_axis',(0.,1.,0.));
#2730=DIRECTION('ref_axis',(0.,0.,1.));
#2731=DIRECTION('',(1.,0.,0.));
#2732=DIRECTION('',(1.,0.,0.));
#2733=DIRECTION('center_axis',(0.,0.,1.));
#2734=DIRECTION('ref_axis',(1.,0.,0.));
#2735=DIRECTION('center_axis',(0.,0.,1.));
#2736=DIRECTION('ref_axis',(1.,0.,0.));
#2737=DIRECTION('',(0.,0.,1.));
#2738=DIRECTION('',(1.,0.,0.));
#2739=DIRECTION('',(0.,0.,1.));
#2740=DIRECTION('',(1.,0.,0.));
#2741=DIRECTION('',(0.,0.,1.));
#2742=DIRECTION('',(1.,0.,0.));
#2743=DIRECTION('',(0.,0.,1.));
#2744=DIRECTION('',(1.,0.,0.));
#2745=DIRECTION('',(0.,0.,1.));
#2746=DIRECTION('',(1.,0.,0.));
#2747=DIRECTION('',(0.,0.,1.));
#2748=DIRECTION('',(1.,0.,0.));
#2749=DIRECTION('',(0.,0.,1.));
#2750=DIRECTION('',(1.,0.,0.));
#2751=CARTESIAN_POINT('',(0.,0.,0.));
#2752=CARTESIAN_POINT('',(0.,0.,0.));
#2753=CARTESIAN_POINT('Origin',(0.,-23.,-1.));
#2754=CARTESIAN_POINT('',(-3.,-23.,-1.));
#2755=CARTESIAN_POINT('Origin',(0.,-23.,-1.));
#2756=CARTESIAN_POINT('',(-4.,-23.,0.));
#2757=CARTESIAN_POINT('Origin',(-4.,-23.,-1.));
#2758=CARTESIAN_POINT('Origin',(0.,-23.,0.));
#2759=CARTESIAN_POINT('Origin',(0.,0.,0.));
#2760=CARTESIAN_POINT('',(-30.,-3.67394039744206E-15,0.));
#2761=CARTESIAN_POINT('Origin',(0.,0.,0.));
#2762=CARTESIAN_POINT('',(-4.,23.,0.));
#2763=CARTESIAN_POINT('Origin',(0.,23.,0.));
#2764=CARTESIAN_POINT('',(-16.2,10.44,0.));
#2765=CARTESIAN_POINT('',(-16.2,-10.44,0.));
#2766=CARTESIAN_POINT('',(-16.2,5.22,0.));
#2767=CARTESIAN_POINT('',(-9.2,-17.44,0.));
#2768=CARTESIAN_POINT('Origin',(-9.20000000000001,-10.44,0.));
#2769=CARTESIAN_POINT('',(9.2,-17.44,0.));
#2770=CARTESIAN_POINT('',(-4.6,-17.44,0.));
#2771=CARTESIAN_POINT('',(16.2,-10.44,0.));
#2772=CARTESIAN_POINT('Origin',(9.20000000000001,-10.44,0.));
#2773=CARTESIAN_POINT('',(16.2,10.44,0.));
#2774=CARTESIAN_POINT('',(16.2,-5.22,0.));
#2775=CARTESIAN_POINT('',(9.2,17.44,0.));
#2776=CARTESIAN_POINT('Origin',(9.20000000000001,10.44,0.));
#2777=CARTESIAN_POINT('',(-9.2,17.44,0.));
#2778=CARTESIAN_POINT('',(4.6,17.44,0.));
#2779=CARTESIAN_POINT('Origin',(-9.20000000000001,10.44,0.));
#2780=CARTESIAN_POINT('Origin',(0.,-23.,0.));
#2781=CARTESIAN_POINT('',(-3.,-23.,-6.));
#2782=CARTESIAN_POINT('Origin',(0.,-23.,-6.));
#2783=CARTESIAN_POINT('',(-3.,-23.,0.));
#2784=CARTESIAN_POINT('Origin',(0.,23.,-1.));
#2785=CARTESIAN_POINT('',(-3.,23.,-1.));
#2786=CARTESIAN_POINT('Origin',(0.,23.,-1.));
#2787=CARTESIAN_POINT('Origin',(-4.,23.,-1.));
#2788=CARTESIAN_POINT('Origin',(0.,23.,0.));
#2789=CARTESIAN_POINT('',(-3.,23.,-6.));
#2790=CARTESIAN_POINT('Origin',(0.,23.,-6.));
#2791=CARTESIAN_POINT('',(-3.,23.,0.));
#2792=CARTESIAN_POINT('Origin',(0.,23.,-6.));
#2793=CARTESIAN_POINT('Origin',(0.,-23.,-6.));
#2794=CARTESIAN_POINT('Origin',(-16.2,10.44,0.));
#2795=CARTESIAN_POINT('',(-16.2,10.44,0.6));
#2796=CARTESIAN_POINT('',(-16.2,10.44,0.));
#2797=CARTESIAN_POINT('',(-16.2,-10.44,0.6));
#2798=CARTESIAN_POINT('',(-16.2,10.44,0.6));
#2799=CARTESIAN_POINT('',(-16.2,-10.44,0.));
#2800=CARTESIAN_POINT('Origin',(-9.20000000000001,10.44,0.));
#2801=CARTESIAN_POINT('',(-9.2,17.44,0.6));
#2802=CARTESIAN_POINT('',(-9.2,17.44,0.));
#2803=CARTESIAN_POINT('Origin',(-9.20000000000001,10.44,0.6));
#2804=CARTESIAN_POINT('Origin',(9.2,17.44,0.));
#2805=CARTESIAN_POINT('',(9.2,17.44,0.6));
#2806=CARTESIAN_POINT('',(9.2,17.44,0.));
#2807=CARTESIAN_POINT('',(9.2,17.44,0.6));
#2808=CARTESIAN_POINT('Origin',(9.20000000000001,10.44,0.));
#2809=CARTESIAN_POINT('',(16.2,10.44,0.6));
#2810=CARTESIAN_POINT('',(16.2,10.44,0.));
#2811=CARTESIAN_POINT('Origin',(9.20000000000001,10.44,0.6));
#2812=CARTESIAN_POINT('Origin',(16.2,-10.44,0.));
#2813=CARTESIAN_POINT('',(16.2,-10.44,0.6));
#2814=CARTESIAN_POINT('',(16.2,-10.44,0.));
#2815=CARTESIAN_POINT('',(16.2,-10.44,0.6));
#2816=CARTESIAN_POINT('Origin',(9.20000000000001,-10.44,0.));
#2817=CARTESIAN_POINT('',(9.2,-17.44,0.6));
#2818=CARTESIAN_POINT('',(9.2,-17.44,0.));
#2819=CARTESIAN_POINT('Origin',(9.20000000000001,-10.44,0.6));
#2820=CARTESIAN_POINT('Origin',(-9.2,-17.44,0.));
#2821=CARTESIAN_POINT('',(-9.2,-17.44,0.6));
#2822=CARTESIAN_POINT('',(-9.2,-17.44,0.));
#2823=CARTESIAN_POINT('',(-9.2,-17.44,0.6));
#2824=CARTESIAN_POINT('Origin',(-9.20000000000001,-10.44,0.));
#2825=CARTESIAN_POINT('Origin',(-9.20000000000001,-10.44,0.6));
#2826=CARTESIAN_POINT('Origin',(0.,0.,0.6));
#2827=CARTESIAN_POINT('',(13.2,10.44,0.6));
#2828=CARTESIAN_POINT('',(13.2,-10.44,0.6));
#2829=CARTESIAN_POINT('',(13.2,-5.22,0.6));
#2830=CARTESIAN_POINT('',(9.2,14.44,0.6));
#2831=CARTESIAN_POINT('Origin',(9.2,10.44,0.6));
#2832=CARTESIAN_POINT('',(-9.2,14.44,0.6));
#2833=CARTESIAN_POINT('',(4.6,14.44,0.6));
#2834=CARTESIAN_POINT('',(-13.2,10.44,0.6));
#2835=CARTESIAN_POINT('Origin',(-9.2,10.44,0.6));
#2836=CARTESIAN_POINT('',(-13.2,-10.44,0.6));
#2837=CARTESIAN_POINT('',(-13.2,5.22,0.6));
#2838=CARTESIAN_POINT('',(-9.2,-14.44,0.6));
#2839=CARTESIAN_POINT('Origin',(-9.2,-10.44,0.6));
#2840=CARTESIAN_POINT('',(9.2,-14.44,0.6));
#2841=CARTESIAN_POINT('',(-4.6,-14.44,0.6));
#2842=CARTESIAN_POINT('Origin',(9.2,-10.44,0.6));
#2843=CARTESIAN_POINT('Origin',(-13.2,10.44,0.));
#2844=CARTESIAN_POINT('',(-13.2,10.44,12.));
#2845=CARTESIAN_POINT('',(-13.2,10.44,0.));
#2846=CARTESIAN_POINT('',(-13.2,-10.44,12.));
#2847=CARTESIAN_POINT('',(-13.2,5.22,12.));
#2848=CARTESIAN_POINT('',(-13.2,-10.44,0.));
#2849=CARTESIAN_POINT('Origin',(-9.2,10.44,0.));
#2850=CARTESIAN_POINT('',(-9.2,14.44,12.));
#2851=CARTESIAN_POINT('',(-9.2,14.44,0.));
#2852=CARTESIAN_POINT('Origin',(-9.2,10.44,12.));
#2853=CARTESIAN_POINT('Origin',(9.2,14.44,0.));
#2854=CARTESIAN_POINT('',(9.2,14.44,12.));
#2855=CARTESIAN_POINT('',(9.2,14.44,0.));
#2856=CARTESIAN_POINT('',(4.6,14.44,12.));
#2857=CARTESIAN_POINT('Origin',(9.2,10.44,0.));
#2858=CARTESIAN_POINT('',(13.2,10.44,12.));
#2859=CARTESIAN_POINT('',(13.2,10.44,0.));
#2860=CARTESIAN_POINT('Origin',(9.2,10.44,12.));
#2861=CARTESIAN_POINT('Ctrl Pts',(-13.2,-10.44,12.));
#2862=CARTESIAN_POINT('Ctrl Pts',(-13.2,-14.44,12.));
#2863=CARTESIAN_POINT('Ctrl Pts',(-9.2,-14.44,12.));
#2864=CARTESIAN_POINT('Ctrl Pts',(-13.2,-10.44,15.));
#2865=CARTESIAN_POINT('Ctrl Pts',(-13.2,-14.44,15.));
#2866=CARTESIAN_POINT('Ctrl Pts',(-9.2,-14.44,15.));
#2867=CARTESIAN_POINT('Ctrl Pts',(-10.2,-10.44,15.));
#2868=CARTESIAN_POINT('Ctrl Pts',(-10.2,-11.44,15.));
#2869=CARTESIAN_POINT('Ctrl Pts',(-9.2,-11.44,15.));
#2870=CARTESIAN_POINT('',(-10.2,-10.44,15.));
#2871=CARTESIAN_POINT('Origin',(-10.2,-10.44,12.));
#2872=CARTESIAN_POINT('',(-9.2,-11.44,15.));
#2873=CARTESIAN_POINT('Origin',(-9.2,-10.44,15.));
#2874=CARTESIAN_POINT('',(-9.2,-14.44,12.));
#2875=CARTESIAN_POINT('Origin',(-9.2,-11.44,12.));
#2876=CARTESIAN_POINT('Origin',(-9.2,-10.44,12.));
#2877=CARTESIAN_POINT('Origin',(-4.6,-11.44,12.));
#2878=CARTESIAN_POINT('',(9.2,-14.44,12.));
#2879=CARTESIAN_POINT('',(9.2,-11.44,15.));
#2880=CARTESIAN_POINT('Origin',(9.2,-11.44,12.));
#2881=CARTESIAN_POINT('',(-4.6,-14.44,12.));
#2882=CARTESIAN_POINT('',(-4.6,-11.44,15.));
#2883=CARTESIAN_POINT('Ctrl Pts',(9.2,-14.44,12.));
#2884=CARTESIAN_POINT('Ctrl Pts',(13.2,-14.44,12.));
#2885=CARTESIAN_POINT('Ctrl Pts',(13.2,-10.44,12.));
#2886=CARTESIAN_POINT('Ctrl Pts',(9.2,-14.44,15.));
#2887=CARTESIAN_POINT('Ctrl Pts',(13.2,-14.44,15.));
#2888=CARTESIAN_POINT('Ctrl Pts',(13.2,-10.44,15.));
#2889=CARTESIAN_POINT('Ctrl Pts',(9.2,-11.44,15.));
#2890=CARTESIAN_POINT('Ctrl Pts',(10.2,-11.44,15.));
#2891=CARTESIAN_POINT('Ctrl Pts',(10.2,-10.44,15.));
#2892=CARTESIAN_POINT('',(13.2,-10.44,12.));
#2893=CARTESIAN_POINT('',(10.2,-10.44,15.));
#2894=CARTESIAN_POINT('Origin',(10.2,-10.44,12.));
#2895=CARTESIAN_POINT('Origin',(9.2,-10.44,12.));
#2896=CARTESIAN_POINT('Origin',(9.2,-10.44,15.));
#2897=CARTESIAN_POINT('Origin',(10.2,-5.22,12.));
#2898=CARTESIAN_POINT('',(10.2,10.44,15.));
#2899=CARTESIAN_POINT('Origin',(10.2,10.44,12.));
#2900=CARTESIAN_POINT('',(13.2,-5.22,12.));
#2901=CARTESIAN_POINT('',(10.2,-5.22,15.));
#2902=CARTESIAN_POINT('Ctrl Pts',(13.2,10.44,12.));
#2903=CARTESIAN_POINT('Ctrl Pts',(13.2,14.44,12.));
#2904=CARTESIAN_POINT('Ctrl Pts',(9.2,14.44,12.));
#2905=CARTESIAN_POINT('Ctrl Pts',(13.2,10.44,15.));
#2906=CARTESIAN_POINT('Ctrl Pts',(13.2,14.44,15.));
#2907=CARTESIAN_POINT('Ctrl Pts',(9.2,14.44,15.));
#2908=CARTESIAN_POINT('Ctrl Pts',(10.2,10.44,15.));
#2909=CARTESIAN_POINT('Ctrl Pts',(10.2,11.44,15.));
#2910=CARTESIAN_POINT('Ctrl Pts',(9.2,11.44,15.));
#2911=CARTESIAN_POINT('',(9.2,11.44,15.));
#2912=CARTESIAN_POINT('Origin',(9.2,11.44,12.));
#2913=CARTESIAN_POINT('Origin',(9.2,10.44,15.));
#2914=CARTESIAN_POINT('Origin',(4.6,11.44,12.));
#2915=CARTESIAN_POINT('',(-9.2,11.44,15.));
#2916=CARTESIAN_POINT('Origin',(-9.2,11.44,12.));
#2917=CARTESIAN_POINT('',(4.6,11.44,15.));
#2918=CARTESIAN_POINT('Ctrl Pts',(-9.2,14.44,12.));
#2919=CARTESIAN_POINT('Ctrl Pts',(-13.2,14.44,12.));
#2920=CARTESIAN_POINT('Ctrl Pts',(-13.2,10.44,12.));
#2921=CARTESIAN_POINT('Ctrl Pts',(-9.2,14.44,15.));
#2922=CARTESIAN_POINT('Ctrl Pts',(-13.2,14.44,15.));
#2923=CARTESIAN_POINT('Ctrl Pts',(-13.2,10.44,15.));
#2924=CARTESIAN_POINT('Ctrl Pts',(-9.2,11.44,15.));
#2925=CARTESIAN_POINT('Ctrl Pts',(-10.2,11.44,15.));
#2926=CARTESIAN_POINT('Ctrl Pts',(-10.2,10.44,15.));
#2927=CARTESIAN_POINT('',(-10.2,10.44,15.));
#2928=CARTESIAN_POINT('Origin',(-10.2,10.44,12.));
#2929=CARTESIAN_POINT('Origin',(-9.2,10.44,15.));
#2930=CARTESIAN_POINT('Origin',(-10.2,5.22,12.));
#2931=CARTESIAN_POINT('',(-10.2,5.22,15.));
#2932=CARTESIAN_POINT('Origin',(13.2,-10.44,0.));
#2933=CARTESIAN_POINT('',(13.2,-10.44,0.));
#2934=CARTESIAN_POINT('Origin',(9.2,-10.44,0.));
#2935=CARTESIAN_POINT('',(9.2,-14.44,0.));
#2936=CARTESIAN_POINT('Origin',(-9.2,-14.44,0.));
#2937=CARTESIAN_POINT('',(-9.2,-14.44,0.));
#2938=CARTESIAN_POINT('Origin',(-9.2,-10.44,0.));
#2939=CARTESIAN_POINT('Origin',(0.,0.,15.));
#2940=CARTESIAN_POINT('Origin',(0.,0.,0.));
#2941=CARTESIAN_POINT('',(-30.,-3.67394039744206E-15,21.));
#2942=CARTESIAN_POINT('Origin',(0.,0.,21.));
#2943=CARTESIAN_POINT('',(-30.,-3.67394039744206E-15,0.));
#2944=CARTESIAN_POINT('Origin',(0.,0.,21.));
#2945=CARTESIAN_POINT('',(0.,0.,0.));
#2946=CARTESIAN_POINT('Origin',(0.,0.,-8.));
#2947=CARTESIAN_POINT('',(-6.,-7.34788079488412E-16,-18.));
#2948=CARTESIAN_POINT('Origin',(0.,0.,-18.));
#2949=CARTESIAN_POINT('',(-6.,-7.34788079488412E-16,-8.));
#2950=CARTESIAN_POINT('',(-6.,7.34788079488412E-16,-8.));
#2951=CARTESIAN_POINT('Origin',(0.,0.,-8.));
#2952=CARTESIAN_POINT('Origin',(0.,0.,-18.));
#2953=CARTESIAN_POINT('Origin',(0.,-23.,0.));
#2954=CARTESIAN_POINT('',(-3.2,-23.,0.));
#2955=CARTESIAN_POINT('Origin',(0.,-23.,0.));
#2956=CARTESIAN_POINT('',(-3.2,-23.,-6.5));
#2957=CARTESIAN_POINT('',(-3.2,-23.,0.));
#2958=CARTESIAN_POINT('Origin',(0.,-23.,-6.5));
#2959=CARTESIAN_POINT('Origin',(0.,-23.,-6.5));
#2960=CARTESIAN_POINT('Origin',(0.,23.,0.));
#2961=CARTESIAN_POINT('',(-3.2,23.,0.));
#2962=CARTESIAN_POINT('Origin',(0.,23.,0.));
#2963=CARTESIAN_POINT('',(-3.2,23.,-6.5));
#2964=CARTESIAN_POINT('',(-3.2,23.,0.));
#2965=CARTESIAN_POINT('Origin',(0.,23.,-6.5));
#2966=CARTESIAN_POINT('Origin',(0.,23.,-6.5));
#2967=CARTESIAN_POINT('Origin',(0.,0.,-1.));
#2968=CARTESIAN_POINT('',(-5.,-6.12323399573677E-16,9.));
#2969=CARTESIAN_POINT('Origin',(0.,0.,9.));
#2970=CARTESIAN_POINT('',(-5.,-6.12323399573677E-16,-1.));
#2971=CARTESIAN_POINT('',(-5.,-6.12323399573677E-16,-1.));
#2972=CARTESIAN_POINT('Origin',(0.,0.,-1.));
#2973=CARTESIAN_POINT('Origin',(0.,0.,9.));
#2974=CARTESIAN_POINT('Origin',(-11.4,-10.64,0.));
#2975=CARTESIAN_POINT('',(-11.4,-10.64,0.));
#2976=CARTESIAN_POINT('',(-11.4,10.64,0.));
#2977=CARTESIAN_POINT('',(-11.4,-5.32,0.));
#2978=CARTESIAN_POINT('',(-11.4,-10.64,-1.));
#2979=CARTESIAN_POINT('',(-11.4,-10.64,0.));
#2980=CARTESIAN_POINT('',(-11.4,10.64,-1.));
#2981=CARTESIAN_POINT('',(-11.4,-10.64,-1.));
#2982=CARTESIAN_POINT('',(-11.4,10.64,0.));
#2983=CARTESIAN_POINT('Origin',(-9.4,-12.64,0.));
#2984=CARTESIAN_POINT('',(-9.4,-12.64,0.));
#2985=CARTESIAN_POINT('',(-10.21,-11.83,0.));
#2986=CARTESIAN_POINT('',(-9.4,-12.64,-1.));
#2987=CARTESIAN_POINT('',(-9.4,-12.64,0.));
#2988=CARTESIAN_POINT('',(-9.4,-12.64,-1.));
#2989=CARTESIAN_POINT('Origin',(9.4,-12.64,0.));
#2990=CARTESIAN_POINT('',(9.4,-12.64,0.));
#2991=CARTESIAN_POINT('',(4.7,-12.64,0.));
#2992=CARTESIAN_POINT('',(9.4,-12.64,-1.));
#2993=CARTESIAN_POINT('',(9.4,-12.64,0.));
#2994=CARTESIAN_POINT('',(9.4,-12.64,-1.));
#2995=CARTESIAN_POINT('Origin',(11.4,-10.64,0.));
#2996=CARTESIAN_POINT('',(11.4,-10.64,0.));
#2997=CARTESIAN_POINT('',(11.21,-10.83,0.));
#2998=CARTESIAN_POINT('',(11.4,-10.64,-1.));
#2999=CARTESIAN_POINT('',(11.4,-10.64,0.));
#3000=CARTESIAN_POINT('',(11.4,-10.64,-1.));
#3001=CARTESIAN_POINT('Origin',(11.4,10.64,0.));
#3002=CARTESIAN_POINT('',(11.4,10.64,0.));
#3003=CARTESIAN_POINT('',(11.4,5.32,0.));
#3004=CARTESIAN_POINT('',(11.4,10.64,-1.));
#3005=CARTESIAN_POINT('',(11.4,10.64,0.));
#3006=CARTESIAN_POINT('',(11.4,10.64,-1.));
#3007=CARTESIAN_POINT('Origin',(9.4,12.64,0.));
#3008=CARTESIAN_POINT('',(9.4,12.64,0.));
#3009=CARTESIAN_POINT('',(10.21,11.83,0.));
#3010=CARTESIAN_POINT('',(9.4,12.64,-1.));
#3011=CARTESIAN_POINT('',(9.4,12.64,0.));
#3012=CARTESIAN_POINT('',(9.4,12.64,-1.));
#3013=CARTESIAN_POINT('Origin',(-9.4,12.64,0.));
#3014=CARTESIAN_POINT('',(-9.4,12.64,0.));
#3015=CARTESIAN_POINT('',(-4.7,12.64,0.));
#3016=CARTESIAN_POINT('',(-9.4,12.64,-1.));
#3017=CARTESIAN_POINT('',(-9.4,12.64,0.));
#3018=CARTESIAN_POINT('',(-9.4,12.64,-1.));
#3019=CARTESIAN_POINT('Origin',(-11.4,10.64,0.));
#3020=CARTESIAN_POINT('',(-11.21,10.83,0.));
#3021=CARTESIAN_POINT('',(-11.4,10.64,-1.));
#3022=CARTESIAN_POINT('Origin',(0.,0.,-1.));
#3023=CARTESIAN_POINT('Origin',(0.,0.,0.));
#3024=CARTESIAN_POINT('',(-30.,-3.67394039744206E-15,-8.));
#3025=CARTESIAN_POINT('Origin',(0.,0.,-8.));
#3026=CARTESIAN_POINT('',(-30.,-3.67394039744206E-15,0.));
#3027=CARTESIAN_POINT('',(-30.,3.67394039744206E-15,0.));
#3028=CARTESIAN_POINT('Origin',(0.,0.,0.));
#3029=CARTESIAN_POINT('Origin',(0.,0.,0.));
#3030=CARTESIAN_POINT('Origin',(0.,0.,-8.));
#3031=CARTESIAN_POINT('',(0.,0.,0.));
#3032=CARTESIAN_POINT('',(0.,0.,0.));
#3033=CARTESIAN_POINT('Origin',(-8.7,-9.935,158.95));
#3034=CARTESIAN_POINT('',(-8.7,-9.935,158.95));
#3035=CARTESIAN_POINT('',(-8.7,-9.935,159.7));
#3036=CARTESIAN_POINT('',(-8.7,-9.935,158.95));
#3037=CARTESIAN_POINT('',(-8.7,-7.935,161.7));
#3038=CARTESIAN_POINT('Origin',(-8.7,-7.935,159.7));
#3039=CARTESIAN_POINT('',(-8.7,7.935,161.7));
#3040=CARTESIAN_POINT('',(-8.7,-9.935,161.7));
#3041=CARTESIAN_POINT('',(-8.7,9.935,159.7));
#3042=CARTESIAN_POINT('Origin',(-8.7,7.935,159.7));
#3043=CARTESIAN_POINT('',(-8.7,9.935,158.95));
#3044=CARTESIAN_POINT('',(-8.7,9.935,158.95));
#3045=CARTESIAN_POINT('',(-8.7,-9.935,158.95));
#3046=CARTESIAN_POINT('Origin',(-8.7,-9.935,158.95));
#3047=CARTESIAN_POINT('',(8.7,-9.935,158.95));
#3048=CARTESIAN_POINT('',(8.7,-9.935,159.7));
#3049=CARTESIAN_POINT('',(8.7,-9.935,158.95));
#3050=CARTESIAN_POINT('',(-8.7,-9.935,159.7));
#3051=CARTESIAN_POINT('',(-8.7,-9.935,158.95));
#3052=CARTESIAN_POINT('Origin',(-8.7,-7.935,159.7));
#3053=CARTESIAN_POINT('',(8.7,-7.935,161.7));
#3054=CARTESIAN_POINT('Origin',(8.7,-7.935,159.7));
#3055=CARTESIAN_POINT('',(-8.7,-7.935,161.7));
#3056=CARTESIAN_POINT('Origin',(-11.2,-12.435,158.95));
#3057=CARTESIAN_POINT('',(-11.2,-10.435,158.95));
#3058=CARTESIAN_POINT('',(-11.2,10.435,158.95));
#3059=CARTESIAN_POINT('',(-11.2,-12.435,158.95));
#3060=CARTESIAN_POINT('',(-9.2,-12.435,158.95));
#3061=CARTESIAN_POINT('',(-10.2,-11.435,158.95));
#3062=CARTESIAN_POINT('',(-3.2,-12.435,158.95));
#3063=CARTESIAN_POINT('',(-11.2,-12.435,158.95));
#3064=CARTESIAN_POINT('',(-3.2,-10.435,158.95));
#3065=CARTESIAN_POINT('',(-3.2,-13.435,158.95));
#3066=CARTESIAN_POINT('',(3.2,-10.435,158.95));
#3067=CARTESIAN_POINT('',(-7.2,-10.435,158.95));
#3068=CARTESIAN_POINT('',(3.2,-12.435,158.95));
#3069=CARTESIAN_POINT('',(3.2,-13.435,158.95));
#3070=CARTESIAN_POINT('',(9.2,-12.435,158.95));
#3071=CARTESIAN_POINT('',(-11.2,-12.435,158.95));
#3072=CARTESIAN_POINT('',(11.2,-10.435,158.95));
#3073=CARTESIAN_POINT('',(4.6,-17.035,158.95));
#3074=CARTESIAN_POINT('',(11.2,10.435,158.95));
#3075=CARTESIAN_POINT('',(11.2,-12.435,158.95));
#3076=CARTESIAN_POINT('',(9.2,12.435,158.95));
#3077=CARTESIAN_POINT('',(10.8175,10.8175,158.95));
#3078=CARTESIAN_POINT('',(-9.2,12.435,158.95));
#3079=CARTESIAN_POINT('',(-11.2,12.435,158.95));
#3080=CARTESIAN_POINT('',(-16.4175,5.2175,158.95));
#3081=CARTESIAN_POINT('',(8.7,9.935,158.95));
#3082=CARTESIAN_POINT('',(-8.7,9.935,158.95));
#3083=CARTESIAN_POINT('',(8.7,-9.935,158.95));
#3084=CARTESIAN_POINT('Origin',(-8.7,-9.935,161.7));
#3085=CARTESIAN_POINT('',(8.7,7.935,161.7));
#3086=CARTESIAN_POINT('',(8.7,-9.935,161.7));
#3087=CARTESIAN_POINT('',(-8.7,7.935,161.7));
#3088=CARTESIAN_POINT('Origin',(-8.7,9.935,158.95));
#3089=CARTESIAN_POINT('',(8.7,9.935,159.7));
#3090=CARTESIAN_POINT('',(8.7,9.935,158.95));
#3091=CARTESIAN_POINT('',(-8.7,9.935,159.7));
#3092=CARTESIAN_POINT('Origin',(-8.7,7.935,159.7));
#3093=CARTESIAN_POINT('Origin',(8.7,7.935,159.7));
#3094=CARTESIAN_POINT('Origin',(8.7,-9.935,158.95));
#3095=CARTESIAN_POINT('Origin',(-11.2,-12.435,147.7));
#3096=CARTESIAN_POINT('',(-11.2,10.435,147.7));
#3097=CARTESIAN_POINT('',(-11.2,10.435,147.7));
#3098=CARTESIAN_POINT('',(-11.2,-10.435,147.7));
#3099=CARTESIAN_POINT('',(-11.2,-12.435,147.7));
#3100=CARTESIAN_POINT('',(-11.2,-10.435,147.7));
#3101=CARTESIAN_POINT('Origin',(-10.2,11.435,147.7));
#3102=CARTESIAN_POINT('',(-9.2,12.435,147.7));
#3103=CARTESIAN_POINT('',(-16.4175,5.2175,147.7));
#3104=CARTESIAN_POINT('',(-9.2,12.435,147.7));
#3105=CARTESIAN_POINT('Origin',(-11.2,12.435,147.7));
#3106=CARTESIAN_POINT('',(9.2,12.435,147.7));
#3107=CARTESIAN_POINT('',(-11.2,12.435,147.7));
#3108=CARTESIAN_POINT('',(9.2,12.435,147.7));
#3109=CARTESIAN_POINT('Origin',(10.2,11.435,147.7));
#3110=CARTESIAN_POINT('',(11.2,10.435,147.7));
#3111=CARTESIAN_POINT('',(10.8175,10.8175,147.7));
#3112=CARTESIAN_POINT('',(11.2,10.435,147.7));
#3113=CARTESIAN_POINT('Origin',(11.2,-12.435,147.7));
#3114=CARTESIAN_POINT('',(11.2,-10.435,147.7));
#3115=CARTESIAN_POINT('',(11.2,-10.435,147.7));
#3116=CARTESIAN_POINT('',(11.2,-12.435,147.7));
#3117=CARTESIAN_POINT('Origin',(10.2,-11.435,147.7));
#3118=CARTESIAN_POINT('',(9.2,-12.435,147.7));
#3119=CARTESIAN_POINT('',(4.6,-17.035,147.7));
#3120=CARTESIAN_POINT('',(9.2,-12.435,147.7));
#3121=CARTESIAN_POINT('Origin',(-11.2,-12.435,147.7));
#3122=CARTESIAN_POINT('',(3.2,-12.435,147.7));
#3123=CARTESIAN_POINT('',(-11.2,-12.435,147.7));
#3124=CARTESIAN_POINT('',(3.2,-12.435,147.7));
#3125=CARTESIAN_POINT('Origin',(3.2,-14.435,147.7));
#3126=CARTESIAN_POINT('',(3.2,-10.435,147.7));
#3127=CARTESIAN_POINT('',(3.2,-10.435,147.7));
#3128=CARTESIAN_POINT('',(3.2,-14.435,147.7));
#3129=CARTESIAN_POINT('Origin',(-3.2,-10.435,147.7));
#3130=CARTESIAN_POINT('',(-3.2,-10.435,147.7));
#3131=CARTESIAN_POINT('',(-3.2,-10.435,147.7));
#3132=CARTESIAN_POINT('',(-3.2,-10.435,147.7));
#3133=CARTESIAN_POINT('Origin',(-3.2,-14.435,147.7));
#3134=CARTESIAN_POINT('',(-3.2,-12.435,147.7));
#3135=CARTESIAN_POINT('',(-3.2,-12.435,147.7));
#3136=CARTESIAN_POINT('',(-3.2,-14.435,147.7));
#3137=CARTESIAN_POINT('Origin',(-11.2,-12.435,147.7));
#3138=CARTESIAN_POINT('',(-9.2,-12.435,147.7));
#3139=CARTESIAN_POINT('',(-11.2,-12.435,147.7));
#3140=CARTESIAN_POINT('',(-9.2,-12.435,147.7));
#3141=CARTESIAN_POINT('Origin',(-10.2,-11.435,147.7));
#3142=CARTESIAN_POINT('',(-10.2,-11.435,147.7));
#3143=CARTESIAN_POINT('Origin',(-11.2,-12.435,147.7));
#3144=CARTESIAN_POINT('',(4.842520005121,1.6,147.7));
#3145=CARTESIAN_POINT('',(-4.842520005121,1.6,147.7));
#3146=CARTESIAN_POINT('Origin',(0.,0.,147.7));
#3147=CARTESIAN_POINT('',(-7.6,1.6,147.7));
#3148=CARTESIAN_POINT('',(-9.4,1.6,147.7));
#3149=CARTESIAN_POINT('',(-7.6,-1.6,147.7));
#3150=CARTESIAN_POINT('',(-7.6,-7.0175,147.7));
#3151=CARTESIAN_POINT('',(-4.842520005121,-1.6,147.7));
#3152=CARTESIAN_POINT('',(-9.4,-1.6,147.7));
#3153=CARTESIAN_POINT('',(4.842520005121,-1.6,147.7));
#3154=CARTESIAN_POINT('Origin',(0.,0.,147.7));
#3155=CARTESIAN_POINT('',(7.6,-1.6,147.7));
#3156=CARTESIAN_POINT('',(-9.4,-1.6,147.7));
#3157=CARTESIAN_POINT('',(7.6,1.6,147.7));
#3158=CARTESIAN_POINT('',(7.6,-7.0175,147.7));
#3159=CARTESIAN_POINT('',(-9.4,1.6,147.7));
#3160=CARTESIAN_POINT('Origin',(0.,0.,147.69));
#3161=CARTESIAN_POINT('',(4.842520005121,-1.6,153.6));
#3162=CARTESIAN_POINT('',(4.842520005121,1.6,153.6));
#3163=CARTESIAN_POINT('Origin',(0.,0.,153.6));
#3164=CARTESIAN_POINT('',(4.842520005121,-1.6,147.69));
#3165=CARTESIAN_POINT('',(-4.842520005121,-1.6,150.65));
#3166=CARTESIAN_POINT('',(-4.842520005121,-1.6,147.69));
#3167=CARTESIAN_POINT('',(0.444494288013,-5.080592960268,150.65));
#3168=CARTESIAN_POINT('Origin',(0.,0.,150.65));
#3169=CARTESIAN_POINT('',(0.444494288013,-5.080592960268,153.55));
#3170=CARTESIAN_POINT('',(0.444494288013,-5.080592960268,147.69));
#3171=CARTESIAN_POINT('',(-4.842520005121,-1.6,153.55));
#3172=CARTESIAN_POINT('Origin',(0.,0.,153.55));
#3173=CARTESIAN_POINT('',(-4.842520005121,-1.6,153.6));
#3174=CARTESIAN_POINT('',(-4.842520005121,-1.6,147.69));
#3175=CARTESIAN_POINT('',(-5.1,-6.2456986756515E-16,153.6));
#3176=CARTESIAN_POINT('Origin',(0.,0.,153.6));
#3177=CARTESIAN_POINT('',(-5.1,-6.2456986756515E-16,158.09));
#3178=CARTESIAN_POINT('',(-5.1,-6.2456986756515E-16,147.69));
#3179=CARTESIAN_POINT('Origin',(0.,0.,158.09));
#3180=CARTESIAN_POINT('',(-4.842520005121,1.6,153.6));
#3181=CARTESIAN_POINT('Origin',(0.,0.,153.6));
#3182=CARTESIAN_POINT('',(-4.842520005121,1.6,147.69));
#3183=CARTESIAN_POINT('',(4.842520005121,1.6,150.65));
#3184=CARTESIAN_POINT('',(4.842520005121,1.6,147.69));
#3185=CARTESIAN_POINT('',(-0.444494288013,5.080592960268,150.65));
#3186=CARTESIAN_POINT('Origin',(0.,0.,150.65));
#3187=CARTESIAN_POINT('',(-0.444494288013,5.080592960268,153.55));
#3188=CARTESIAN_POINT('',(-0.444494288013,5.080592960268,147.69));
#3189=CARTESIAN_POINT('',(4.842520005121,1.6,153.55));
#3190=CARTESIAN_POINT('Origin',(0.,0.,153.55));
#3191=CARTESIAN_POINT('',(4.842520005121,1.6,147.69));
#3192=CARTESIAN_POINT('Origin',(-7.6,1.6,147.68));
#3193=CARTESIAN_POINT('',(7.429670248403,1.6,153.55));
#3194=CARTESIAN_POINT('',(-3.8,1.6,153.55));
#3195=CARTESIAN_POINT('',(7.429670248403,1.6,150.65));
#3196=CARTESIAN_POINT('',(7.429670248403,1.6,150.65));
#3197=CARTESIAN_POINT('',(-3.8,1.6,150.65));
#3198=CARTESIAN_POINT('',(7.6,1.6,153.6));
#3199=CARTESIAN_POINT('',(7.6,1.6,147.68));
#3200=CARTESIAN_POINT('',(-7.6,1.6,153.6));
#3201=CARTESIAN_POINT('Origin',(-7.6,1.6,147.68));
#3202=CARTESIAN_POINT('',(-7.6,1.6,153.6));
#3203=CARTESIAN_POINT('',(-7.6,1.6,153.6));
#3204=CARTESIAN_POINT('',(-7.6,1.6,147.68));
#3205=CARTESIAN_POINT('Origin',(7.6,-1.6,147.68));
#3206=CARTESIAN_POINT('',(7.6,-1.6,153.6));
#3207=CARTESIAN_POINT('',(7.6,-1.6,147.68));
#3208=CARTESIAN_POINT('',(7.6,-1.6,153.6));
#3209=CARTESIAN_POINT('Origin',(-7.6,-1.6,147.68));
#3210=CARTESIAN_POINT('',(-7.6,-1.6,153.6));
#3211=CARTESIAN_POINT('',(-7.6,-1.6,147.68));
#3212=CARTESIAN_POINT('',(-7.6,-1.6,153.6));
#3213=CARTESIAN_POINT('Origin',(-7.6,-1.6,147.68));
#3214=CARTESIAN_POINT('',(-7.6,-1.6,153.6));
#3215=CARTESIAN_POINT('Origin',(-7.6,-1.6,147.68));
#3216=CARTESIAN_POINT('',(-7.6,-1.6,153.6));
#3217=CARTESIAN_POINT('',(-7.429670248403,-1.6,153.55));
#3218=CARTESIAN_POINT('',(-3.8,-1.6,153.55));
#3219=CARTESIAN_POINT('',(-7.429670248403,-1.6,150.65));
#3220=CARTESIAN_POINT('',(-7.429670248403,-1.6,150.65));
#3221=CARTESIAN_POINT('',(-3.8,-1.6,150.65));
#3222=CARTESIAN_POINT('Origin',(0.,0.,150.65));
#3223=CARTESIAN_POINT('',(0.662383644882,-7.571079705497,150.65));
#3224=CARTESIAN_POINT('Origin',(0.,0.,150.65));
#3225=CARTESIAN_POINT('',(0.443622730586,-5.070631013287,150.65));
#3226=CARTESIAN_POINT('Origin',(0.553003187734,-6.320855359392,152.1));
#3227=CARTESIAN_POINT('',(0.662383644882,-7.571079705497,153.55));
#3228=CARTESIAN_POINT('',(0.662383644882,-7.571079705497,150.65));
#3229=CARTESIAN_POINT('',(0.662383644882,-7.571079705497,153.55));
#3230=CARTESIAN_POINT('Origin',(0.,0.,153.55));
#3231=CARTESIAN_POINT('Origin',(0.,0.,153.55));
#3232=CARTESIAN_POINT('Origin',(-7.6,-1.6,153.6));
#3233=CARTESIAN_POINT('Origin',(0.,0.,150.65));
#3234=CARTESIAN_POINT('',(-0.662383644882,7.571079705497,150.65));
#3235=CARTESIAN_POINT('Origin',(0.,0.,150.65));
#3236=CARTESIAN_POINT('',(-0.443622730586,5.070631013287,150.65));
#3237=CARTESIAN_POINT('Origin',(-0.553003187734,6.320855359392,152.1));
#3238=CARTESIAN_POINT('',(-0.662383644882,7.571079705497,153.55));
#3239=CARTESIAN_POINT('',(-0.662383644882,7.571079705497,150.65));
#3240=CARTESIAN_POINT('',(-0.662383644882,7.571079705497,153.55));
#3241=CARTESIAN_POINT('Origin',(0.,0.,153.55));
#3242=CARTESIAN_POINT('Origin',(0.,0.,153.55));
#3243=CARTESIAN_POINT('Origin',(-7.6,-1.6,153.6));
#3244=CARTESIAN_POINT('Origin',(0.,0.,158.09));
#3245=CARTESIAN_POINT('Origin',(0.,0.,150.65));
#3246=CARTESIAN_POINT('Origin',(0.,0.,150.65));
#3247=CARTESIAN_POINT('',(0.,0.,0.));
#3248=CARTESIAN_POINT('Origin',(-8.5,-9.735,0.));
#3249=CARTESIAN_POINT('',(-8.5,-9.735,0.));
#3250=CARTESIAN_POINT('',(-8.5,-9.735,0.2));
#3251=CARTESIAN_POINT('',(-8.5,-9.735,0.));
#3252=CARTESIAN_POINT('',(-8.5,9.735,0.2));
#3253=CARTESIAN_POINT('',(-8.5,-9.735,0.2));
#3254=CARTESIAN_POINT('',(-8.5,9.735,0.));
#3255=CARTESIAN_POINT('',(-8.5,9.735,0.));
#3256=CARTESIAN_POINT('',(-8.5,-9.735,0.));
#3257=CARTESIAN_POINT('Origin',(8.5,-9.735,0.));
#3258=CARTESIAN_POINT('',(8.5,-9.735,0.));
#3259=CARTESIAN_POINT('',(8.5,-9.735,0.2));
#3260=CARTESIAN_POINT('',(8.5,-9.735,0.));
#3261=CARTESIAN_POINT('',(8.5,9.735,0.));
#3262=CARTESIAN_POINT('',(8.5,-9.735,0.));
#3263=CARTESIAN_POINT('',(8.5,9.735,0.2));
#3264=CARTESIAN_POINT('',(8.5,9.735,0.));
#3265=CARTESIAN_POINT('',(8.5,-9.735,0.2));
#3266=CARTESIAN_POINT('Origin',(-8.5,-9.735,0.));
#3267=CARTESIAN_POINT('',(-8.5,-9.735,0.));
#3268=CARTESIAN_POINT('',(-8.5,-9.735,0.2));
#3269=CARTESIAN_POINT('Origin',(-8.5,9.735,0.));
#3270=CARTESIAN_POINT('',(-8.5,9.735,0.));
#3271=CARTESIAN_POINT('',(-8.5,9.735,0.2));
#3272=CARTESIAN_POINT('Origin',(-8.5,-9.735,0.));
#3273=CARTESIAN_POINT('Origin',(-8.5,-9.735,0.2));
#3274=CARTESIAN_POINT('',(0.,0.,0.));
#3275=CARTESIAN_POINT('Origin',(-7.,-8.,0.));
#3276=CARTESIAN_POINT('',(-7.,-8.,0.));
#3277=CARTESIAN_POINT('',(-7.,-8.,0.1));
#3278=CARTESIAN_POINT('',(-7.,-8.,0.));
#3279=CARTESIAN_POINT('',(-7.,8.,0.1));
#3280=CARTESIAN_POINT('',(-7.,-8.,0.1));
#3281=CARTESIAN_POINT('',(-7.,8.,0.));
#3282=CARTESIAN_POINT('',(-7.,8.,0.));
#3283=CARTESIAN_POINT('',(-7.,-8.,0.));
#3284=CARTESIAN_POINT('Origin',(7.,-8.,0.));
#3285=CARTESIAN_POINT('',(7.,-8.,0.));
#3286=CARTESIAN_POINT('',(7.,-8.,0.1));
#3287=CARTESIAN_POINT('',(7.,-8.,0.));
#3288=CARTESIAN_POINT('',(7.,8.,0.));
#3289=CARTESIAN_POINT('',(7.,-8.,0.));
#3290=CARTESIAN_POINT('',(7.,8.,0.1));
#3291=CARTESIAN_POINT('',(7.,8.,0.));
#3292=CARTESIAN_POINT('',(7.,-8.,0.1));
#3293=CARTESIAN_POINT('Origin',(-7.,-8.,0.));
#3294=CARTESIAN_POINT('',(-7.,-8.,0.));
#3295=CARTESIAN_POINT('',(-7.,-8.,0.1));
#3296=CARTESIAN_POINT('Origin',(-7.,8.,0.));
#3297=CARTESIAN_POINT('',(-7.,8.,0.));
#3298=CARTESIAN_POINT('',(-7.,8.,0.1));
#3299=CARTESIAN_POINT('Origin',(-7.,-8.,0.));
#3300=CARTESIAN_POINT('Origin',(-7.,-8.,0.1));
#3301=CARTESIAN_POINT('',(0.,0.,0.));
#3302=CARTESIAN_POINT('Origin',(-8.5,-9.735,0.));
#3303=CARTESIAN_POINT('',(-8.5,-9.735,0.));
#3304=CARTESIAN_POINT('',(-8.5,-9.735,0.2));
#3305=CARTESIAN_POINT('',(-8.5,-9.735,0.));
#3306=CARTESIAN_POINT('',(-8.5,9.735,0.2));
#3307=CARTESIAN_POINT('',(-8.5,-9.735,0.2));
#3308=CARTESIAN_POINT('',(-8.5,9.735,0.));
#3309=CARTESIAN_POINT('',(-8.5,9.735,0.));
#3310=CARTESIAN_POINT('',(-8.5,-9.735,0.));
#3311=CARTESIAN_POINT('Origin',(8.5,-9.735,0.));
#3312=CARTESIAN_POINT('',(8.5,-9.735,0.));
#3313=CARTESIAN_POINT('',(8.5,-9.735,0.2));
#3314=CARTESIAN_POINT('',(8.5,-9.735,0.));
#3315=CARTESIAN_POINT('',(8.5,9.735,0.));
#3316=CARTESIAN_POINT('',(8.5,-9.735,0.));
#3317=CARTESIAN_POINT('',(8.5,9.735,0.2));
#3318=CARTESIAN_POINT('',(8.5,9.735,0.));
#3319=CARTESIAN_POINT('',(8.5,-9.735,0.2));
#3320=CARTESIAN_POINT('Origin',(-8.5,-9.735,0.));
#3321=CARTESIAN_POINT('',(-8.5,-9.735,0.));
#3322=CARTESIAN_POINT('',(-8.5,-9.735,0.2));
#3323=CARTESIAN_POINT('Origin',(-8.5,9.735,0.));
#3324=CARTESIAN_POINT('',(-8.5,9.735,0.));
#3325=CARTESIAN_POINT('',(-8.5,9.735,0.2));
#3326=CARTESIAN_POINT('Origin',(-8.5,-9.735,0.));
#3327=CARTESIAN_POINT('Origin',(-8.5,-9.735,0.2));
#3328=CARTESIAN_POINT('',(0.,0.,0.));
#3329=CARTESIAN_POINT('',(0.,0.,161.7));
#3330=CARTESIAN_POINT('',(0.,0.,161.9));
#3331=CARTESIAN_POINT('',(0.,0.,162.));
#3332=CARTESIAN_POINT('',(0.,0.,0.));
#3333=CARTESIAN_POINT('',(0.,0.,0.));
#3334=CARTESIAN_POINT('',(0.,0.,-148.7));
#3335=UNCERTAINTY_MEASURE_WITH_UNIT(LENGTH_MEASURE(0.01),#3353,
'DISTANCE_ACCURACY_VALUE',
'Maximum model space distance between geometric entities at asserted c
onnectivities');
#3336=UNCERTAINTY_MEASURE_WITH_UNIT(LENGTH_MEASURE(0.01),#3353,
'DISTANCE_ACCURACY_VALUE',
'Maximum model space distance between geometric entities at asserted c
onnectivities');
#3337=UNCERTAINTY_MEASURE_WITH_UNIT(LENGTH_MEASURE(0.01),#3353,
'DISTANCE_ACCURACY_VALUE',
'Maximum model space distance between geometric entities at asserted c
onnectivities');
#3338=UNCERTAINTY_MEASURE_WITH_UNIT(LENGTH_MEASURE(0.01),#3353,
'DISTANCE_ACCURACY_VALUE',
'Maximum model space distance between geometric entities at asserted c
onnectivities');
#3339=UNCERTAINTY_MEASURE_WITH_UNIT(LENGTH_MEASURE(0.01),#3353,
'DISTANCE_ACCURACY_VALUE',
'Maximum model space distance between geometric entities at asserted c
onnectivities');
#3340=UNCERTAINTY_MEASURE_WITH_UNIT(LENGTH_MEASURE(0.01),#3353,
'DISTANCE_ACCURACY_VALUE',
'Maximum model space distance between geometric entities at asserted c
onnectivities');
#3341=UNCERTAINTY_MEASURE_WITH_UNIT(LENGTH_MEASURE(0.01),#3353,
'DISTANCE_ACCURACY_VALUE',
'Maximum model space distance between geometric entities at asserted c
onnectivities');
#3342=UNCERTAINTY_MEASURE_WITH_UNIT(LENGTH_MEASURE(0.01),#3353,
'DISTANCE_ACCURACY_VALUE',
'Maximum model space distance between geometric entities at asserted c
onnectivities');
#3343=UNCERTAINTY_MEASURE_WITH_UNIT(LENGTH_MEASURE(0.01),#3353,
'DISTANCE_ACCURACY_VALUE',
'Maximum model space distance between geometric entities at asserted c
onnectivities');
#3344=(
GEOMETRIC_REPRESENTATION_CONTEXT(3)
GLOBAL_UNCERTAINTY_ASSIGNED_CONTEXT((#3335))
GLOBAL_UNIT_ASSIGNED_CONTEXT((#3353,#3355,#3356))
REPRESENTATION_CONTEXT('','3D')
);
#3345=(
GEOMETRIC_REPRESENTATION_CONTEXT(3)
GLOBAL_UNCERTAINTY_ASSIGNED_CONTEXT((#3336))
GLOBAL_UNIT_ASSIGNED_CONTEXT((#3353,#3355,#3356))
REPRESENTATION_CONTEXT('','3D')
);
#3346=(
GEOMETRIC_REPRESENTATION_CONTEXT(3)
GLOBAL_UNCERTAINTY_ASSIGNED_CONTEXT((#3337))
GLOBAL_UNIT_ASSIGNED_CONTEXT((#3353,#3355,#3356))
REPRESENTATION_CONTEXT('','3D')
);
#3347=(
GEOMETRIC_REPRESENTATION_CONTEXT(3)
GLOBAL_UNCERTAINTY_ASSIGNED_CONTEXT((#3338))
GLOBAL_UNIT_ASSIGNED_CONTEXT((#3353,#3355,#3356))
REPRESENTATION_CONTEXT('','3D')
);
#3348=(
GEOMETRIC_REPRESENTATION_CONTEXT(3)
GLOBAL_UNCERTAINTY_ASSIGNED_CONTEXT((#3339))
GLOBAL_UNIT_ASSIGNED_CONTEXT((#3353,#3355,#3356))
REPRESENTATION_CONTEXT('','3D')
);
#3349=(
GEOMETRIC_REPRESENTATION_CONTEXT(3)
GLOBAL_UNCERTAINTY_ASSIGNED_CONTEXT((#3340))
GLOBAL_UNIT_ASSIGNED_CONTEXT((#3353,#3355,#3356))
REPRESENTATION_CONTEXT('','3D')
);
#3350=(
GEOMETRIC_REPRESENTATION_CONTEXT(3)
GLOBAL_UNCERTAINTY_ASSIGNED_CONTEXT((#3341))
GLOBAL_UNIT_ASSIGNED_CONTEXT((#3353,#3355,#3356))
REPRESENTATION_CONTEXT('','3D')
);
#3351=(
GEOMETRIC_REPRESENTATION_CONTEXT(3)
GLOBAL_UNCERTAINTY_ASSIGNED_CONTEXT((#3342))
GLOBAL_UNIT_ASSIGNED_CONTEXT((#3353,#3355,#3356))
REPRESENTATION_CONTEXT('','3D')
);
#3352=(
GEOMETRIC_REPRESENTATION_CONTEXT(3)
GLOBAL_UNCERTAINTY_ASSIGNED_CONTEXT((#3343))
GLOBAL_UNIT_ASSIGNED_CONTEXT((#3353,#3355,#3356))
REPRESENTATION_CONTEXT('','3D')
);
#3353=(
LENGTH_UNIT()
NAMED_UNIT(*)
SI_UNIT(.MILLI.,.METRE.)
);
#3354=(
LENGTH_UNIT()
NAMED_UNIT(*)
SI_UNIT($,.METRE.)
);
#3355=(
NAMED_UNIT(*)
PLANE_ANGLE_UNIT()
SI_UNIT($,.RADIAN.)
);
#3356=(
NAMED_UNIT(*)
SI_UNIT($,.STERADIAN.)
SOLID_ANGLE_UNIT()
);
#3357=SHAPE_DEFINITION_REPRESENTATION(#3365,#3380);
#3358=SHAPE_DEFINITION_REPRESENTATION(#3366,#3381);
#3359=SHAPE_DEFINITION_REPRESENTATION(#3367,#3382);
#3360=SHAPE_DEFINITION_REPRESENTATION(#3368,#3383);
#3361=SHAPE_DEFINITION_REPRESENTATION(#3369,#3384);
#3362=SHAPE_DEFINITION_REPRESENTATION(#3370,#3385);
#3363=SHAPE_DEFINITION_REPRESENTATION(#3371,#3386);
#3364=SHAPE_DEFINITION_REPRESENTATION(#3372,#3387);
#3365=PRODUCT_DEFINITION_SHAPE('',$,#3389);
#3366=PRODUCT_DEFINITION_SHAPE('',$,#3390);
#3367=PRODUCT_DEFINITION_SHAPE('',$,#3391);
#3368=PRODUCT_DEFINITION_SHAPE('',$,#3392);
#3369=PRODUCT_DEFINITION_SHAPE('',$,#3393);
#3370=PRODUCT_DEFINITION_SHAPE('',$,#3394);
#3371=PRODUCT_DEFINITION_SHAPE('',$,#3395);
#3372=PRODUCT_DEFINITION_SHAPE('',$,#3396);
#3373=PRODUCT_DEFINITION_SHAPE($,$,#32);
#3374=PRODUCT_DEFINITION_SHAPE($,$,#33);
#3375=PRODUCT_DEFINITION_SHAPE($,$,#34);
#3376=PRODUCT_DEFINITION_SHAPE($,$,#35);
#3377=PRODUCT_DEFINITION_SHAPE($,$,#36);
#3378=PRODUCT_DEFINITION_SHAPE($,$,#37);
#3379=PRODUCT_DEFINITION_SHAPE($,$,#38);
#3380=SHAPE_REPRESENTATION('',(#1993,#2179,#2180,#2181),#3344);
#3381=SHAPE_REPRESENTATION('',(#1994),#3345);
#3382=SHAPE_REPRESENTATION('',(#2064),#3346);
#3383=SHAPE_REPRESENTATION('',(#2095,#2175,#2176,#2177,#2178),#3347);
#3384=SHAPE_REPRESENTATION('',(#2096),#3348);
#3385=SHAPE_REPRESENTATION('',(#2154),#3349);
#3386=SHAPE_REPRESENTATION('',(#2161),#3350);
#3387=SHAPE_REPRESENTATION('',(#2168),#3351);
#3388=PRODUCT_DEFINITION_CONTEXT('part definition',#3414,'design');
#3389=PRODUCT_DEFINITION('2026-09-02-21-50-58-208','(N\X\E3o salvo)',#3397,
#3388);
#3390=PRODUCT_DEFINITION('2026-09-02-21-51-11-203','molde_D',#3398,#3388);
#3391=PRODUCT_DEFINITION('2026-09-02-21-51-11-443','tampa_D',#3399,#3388);
#3392=PRODUCT_DEFINITION('ponteira_D_sensor_5x5','ponteira_D_montada',#3400,
#3388);
#3393=PRODUCT_DEFINITION('ponteira_d_suporte','ponteira_d_suporte',#3401,
#3388);
#3394=PRODUCT_DEFINITION('sensor_flex_inferior','sensor_flex_inferior',
#3402,#3388);
#3395=PRODUCT_DEFINITION('sensor_camada_piezorresistiva',
'sensor_camada_piezorresistiva',#3403,#3388);
#3396=PRODUCT_DEFINITION('sensor_flex_superior','sensor_flex_superior',
#3404,#3388);
#3397=PRODUCT_DEFINITION_FORMATION('',$,#3416);
#3398=PRODUCT_DEFINITION_FORMATION('',$,#3417);
#3399=PRODUCT_DEFINITION_FORMATION('',$,#3418);
#3400=PRODUCT_DEFINITION_FORMATION('',$,#3419);
#3401=PRODUCT_DEFINITION_FORMATION('',$,#3420);
#3402=PRODUCT_DEFINITION_FORMATION('',$,#3421);
#3403=PRODUCT_DEFINITION_FORMATION('',$,#3422);
#3404=PRODUCT_DEFINITION_FORMATION('',$,#3423);
#3405=PRODUCT_RELATED_PRODUCT_CATEGORY('(N\X\E3o salvo)','(N\X\E3o sal
vo)',(#3416));
#3406=PRODUCT_RELATED_PRODUCT_CATEGORY('molde_D','molde_D',(#3417));
#3407=PRODUCT_RELATED_PRODUCT_CATEGORY('tampa_D','tampa_D',(#3418));
#3408=PRODUCT_RELATED_PRODUCT_CATEGORY('ponteira_D_montada',
'ponteira_D_montada',(#3419));
#3409=PRODUCT_RELATED_PRODUCT_CATEGORY('ponteira_d_suporte',
'ponteira_d_suporte',(#3420));
#3410=PRODUCT_RELATED_PRODUCT_CATEGORY('sensor_flex_inferior',
'sensor_flex_inferior',(#3421));
#3411=PRODUCT_RELATED_PRODUCT_CATEGORY('sensor_camada_piezorresistiva',
'sensor_camada_piezorresistiva',(#3422));
#3412=PRODUCT_RELATED_PRODUCT_CATEGORY('sensor_flex_superior',
'sensor_flex_superior',(#3423));
#3413=APPLICATION_PROTOCOL_DEFINITION('international standard',
'automotive_design',2009,#3414);
#3414=APPLICATION_CONTEXT(
'Core Data for Automotive Mechanical Design Process');
#3415=PRODUCT_CONTEXT('part definition',#3414,'mechanical');
#3416=PRODUCT('2026-09-02-21-50-58-208','(N\X\E3o salvo)',$,(#3415));
#3417=PRODUCT('2026-09-02-21-51-11-203','molde_D',$,(#3415));
#3418=PRODUCT('2026-09-02-21-51-11-443','tampa_D',$,(#3415));
#3419=PRODUCT('ponteira_D_sensor_5x5','ponteira_D_montada',$,(#3415));
#3420=PRODUCT('ponteira_d_suporte','ponteira_d_suporte',$,(#3415));
#3421=PRODUCT('sensor_flex_inferior','sensor_flex_inferior',$,(#3415));
#3422=PRODUCT('sensor_camada_piezorresistiva',
'sensor_camada_piezorresistiva',$,(#3415));
#3423=PRODUCT('sensor_flex_superior','sensor_flex_superior',$,(#3415));
#3424=PRESENTATION_STYLE_ASSIGNMENT((#3428));
#3425=PRESENTATION_STYLE_ASSIGNMENT((#3429));
#3426=PRESENTATION_STYLE_ASSIGNMENT((#3430));
#3427=PRESENTATION_STYLE_ASSIGNMENT((#3431));
#3428=SURFACE_STYLE_USAGE(.BOTH.,#3432);
#3429=SURFACE_STYLE_USAGE(.BOTH.,#3433);
#3430=SURFACE_STYLE_USAGE(.BOTH.,#3434);
#3431=SURFACE_STYLE_USAGE(.BOTH.,#3435);
#3432=SURFACE_SIDE_STYLE('',(#3436));
#3433=SURFACE_SIDE_STYLE('',(#3437));
#3434=SURFACE_SIDE_STYLE('',(#3438));
#3435=SURFACE_SIDE_STYLE('',(#3439));
#3436=SURFACE_STYLE_FILL_AREA(#3440);
#3437=SURFACE_STYLE_FILL_AREA(#3441);
#3438=SURFACE_STYLE_FILL_AREA(#3442);
#3439=SURFACE_STYLE_FILL_AREA(#3443);
#3440=FILL_AREA_STYLE('A\X\E7o - Acetinado',(#3444));
#3441=FILL_AREA_STYLE('Opaque(76,158,115)',(#3445));
#3442=FILL_AREA_STYLE('Opaque(51,115,76)',(#3446));
#3443=FILL_AREA_STYLE('Opaque(242,191,64)',(#3447));
#3444=FILL_AREA_STYLE_COLOUR('A\X\E7o - Acetinado',#3448);
#3445=FILL_AREA_STYLE_COLOUR('Opaque(76,158,115)',#3449);
#3446=FILL_AREA_STYLE_COLOUR('Opaque(51,115,76)',#3450);
#3447=FILL_AREA_STYLE_COLOUR('Opaque(242,191,64)',#3451);
#3448=COLOUR_RGB('A\X\E7o - Acetinado',0.627450980392157,0.627450980392157,
0.627450980392157);
#3449=COLOUR_RGB('Opaque(76,158,115)',0.298039215686275,0.619607843137255,
0.450980392156863);
#3450=COLOUR_RGB('Opaque(51,115,76)',0.2,0.450980392156863,0.298039215686275);
#3451=COLOUR_RGB('Opaque(242,191,64)',0.949019607843137,0.749019607843137,
0.250980392156863);
ENDSEC;
END-ISO-10303-21;
