t_mono_s,source,Thumb_rad,Index_rad,Middle_rad,Ring_rad,Little_rad,Rotate_rad
3422.599266,sim,0.677086,0.778543,0.801854,0.784371,0.726093,0.192308
3422.599889,sim,0.677086,0.778543,0.801854,0.784371,0.726093,0.192308
3422.600126,sim,0.677086,0.778543,0.801854,0.784371,0.726093,0.192308
3422.600324,sim,0.677086,0.778543,0.801854,0.784371,0.726093,0.192308
3422.600518,sim,0.677086,0.778543,0.801854,0.784371,0.726093,0.192308
3422.600743,sim,0.677086,0.778543,0.801854,0.784371,0.726093,0.192308
3422.600901,sim,0.677086,0.778543,0.801854,0.784371,0.726093,0.192308
3422.601082,sim,0.677086,0.778543,0.801854,0.784371,0.726093,0.192308
3422.601232,sim,0.677086,0.778543,0.801854,0.784371,0.726093,0.192308
3422.601377,sim,0.677086,0.778543,0.801854,0.784371,0.726093,0.192308
3422.601525,sim,0.677086,0.778543,0.801854,0.784371,0.726093,0.192308
3422.601690,sim,0.677086,0.778543,0.801854,0.784371,0.726093,0.192308
3422.601897,sim,0.677086,0.778543,0.801854,0.784371,0.726093,0.192308
3422.602065,sim,0.677086,0.778543,0.801854,0.784371,0.726093,0.192308
3422.602215,sim,0.677086,0.778543,0.801854,0.784371,0.726093,0.192308
3422.602368,sim,0.677086,0.778543,0.801854,0.784371,0.726093,0.192308
3422.602521,sim,0.677086,0.778543,0.801854,0.784371,0.726093,0.192308
3422.602685,sim,0.677086,0.778543,0.801854,0.784371,0.726093,0.192308
3422.602899,sim,0.677086,0.778543,0.801854,0.784371,0.726093,0.192308
3422.603087,sim,0.677086,0.778543,0.801854,0.784371,0.726093,0.192308
3422.603517,sim,0.677086,0.778543,0.801854,0.784371,0.726093,0.192308
3422.603803,sim,0.677086,0.778543,0.801854,0.784371,0.726093,0.192308
3422.604053,sim,0.677086,0.778543,0.801854,0.784371,0.726093,0.192308
3422.604205,sim,0.677086,0.778543,0.801854,0.784371,0.726093,0.192308
3422.604347,sim,0.677086,0.778543,0.801854,0.784371,0.726093,0.192308
3422.604497,sim,0.677086,0.778543,0.801854,0.784371,0.726093,0.192308
3422.604638,sim,0.677086,0.778543,0.801854,0.784371,0.726093,0.192308
3422.604776,sim,0.677086,0.778543,0.801854,0.784371,0.726093,0.192308
3422.604908,sim,0.677086,0.778543,0.801854,0.784371,0.726093,0.192308
3422.605055,sim,0.677086,0.778543,0.801854,0.784371,0.726093,0.192308
3422.605197,sim,0.677086,0.778543,0.801854,0.784371,0.726093,0.192308
3422.605337,sim,0.677086,0.778543,0.801854,0.784371,0.726093,0.192308
3422.605475,sim,0.677086,0.778543,0.801854,0.784371,0.726093,0.192308
3422.605636,sim,0.677086,0.778543,0.801854,0.784371,0.726093,0.192308
3422.605811,sim,0.677086,0.778543,0.801854,0.784371,0.726093,0.192308
3422.605943,sim,0.677086,0.778543,0.801854,0.784371,0.726093,0.192308
3422.606081,sim,0.677086,0.778543,0.801854,0.784371,0.726093,0.192308
3422.606214,sim,0.677086,0.778543,0.801854,0.784371,0.726093,0.192308
3422.606349,sim,0.677086,0.778543,0.801854,0.784371,0.726093,0.192308
3422.606496,sim,0.677086,0.778543,0.801854,0.784371,0.726093,0.192308
3422.606632,sim,0.677086,0.778543,0.801854,0.784371,0.726093,0.192308
3422.606762,sim,0.677086,0.778543,0.801854,0.784371,0.726093,0.192308
3422.606892,sim,0.677086,0.778543,0.801854,0.784371,0.726093,0.192308
3422.607041,sim,0.677086,0.778543,0.801854,0.784371,0.726093,0.192308
3422.607229,sim,0.677086,0.778543,0.801854,0.784371,0.726093,0.192308
3422.607429,sim,0.677086,0.778543,0.801854,0.784371,0.726093,0.192308
3422.607622,sim,0.677086,0.778543,0.801854,0.784371,0.726093,0.192308
3422.607809,sim,0.677086,0.778543,0.801854,0.784371,0.726093,0.192308
3422.608008,sim,0.677086,0.778543,0.801854,0.784371,0.726093,0.192308
3422.608197,sim,0.677086,0.778543,0.801854,0.784371,0.726093,0.192308
3422.608335,sim,0.677086,0.778543,0.801854,0.784371,0.726093,0.192308
3422.608528,sim,0.677086,0.778543,0.801854,0.784371,0.726093,0.192308
3422.608684,sim,0.677086,0.778543,0.801854,0.784371,0.726093,0.192308
3422.608830,sim,0.677086,0.778543,0.801854,0.784371,0.726093,0.192308
3422.608970,sim,0.677086,0.778543,0.801854,0.784371,0.726093,0.192308
3422.609119,sim,0.677086,0.778543,0.801854,0.784371,0.726093,0.192308
3422.609251,sim,0.677086,0.778543,0.801854,0.784371,0.726093,0.192308
3422.609383,sim,0.677086,0.778543,0.801854,0.784371,0.726093,0.192308
3422.609516,sim,0.677086,0.778543,0.801854,0.784371,0.726093,0.192308
3422.609657,sim,0.677086,0.778543,0.801854,0.784371,0.726093,0.192308
3422.609790,sim,0.677086,0.778543,0.801854,0.784371,0.726093,0.192308
3422.609997,sim,0.677086,0.778543,0.801854,0.784371,0.726093,0.192308
3422.610145,sim,0.677086,0.778543,0.801854,0.784371,0.726093,0.192308
3422.610278,sim,0.677086,0.778543,0.801854,0.784371,0.726093,0.192308
3422.610409,sim,0.677086,0.778543,0.801854,0.784371,0.726093,0.192308
3422.610546,sim,0.677086,0.778543,0.801854,0.784371,0.726093,0.192308
3422.610682,sim,0.677086,0.778543,0.801854,0.784371,0.726093,0.192308
3422.610819,sim,0.677086,0.778543,0.801854,0.784371,0.726093,0.192308
3422.610959,sim,0.677086,0.778543,0.801854,0.784371,0.726093,0.192308
3422.611144,sim,0.677086,0.778543,0.801854,0.784371,0.726093,0.192308
3422.611305,sim,0.677086,0.778543,0.801854,0.784371,0.726093,0.192308
3422.611444,sim,0.677086,0.778543,0.801854,0.784371,0.726093,0.192308
3422.611578,sim,0.677086,0.778543,0.801854,0.784371,0.726093,0.192308
3422.611728,sim,0.677086,0.778543,0.801854,0.784371,0.726093,0.192308
3422.611863,sim,0.677086,0.778543,0.801854,0.784371,0.726093,0.192308
3422.611994,sim,0.677086,0.778543,0.801854,0.784371,0.726093,0.192308
3422.612143,sim,0.677086,0.778543,0.801854,0.784371,0.726093,0.192308
3422.612289,sim,0.677086,0.778543,0.801854,0.784371,0.726093,0.192308
3422.612434,sim,0.677086,0.778543,0.801854,0.784371,0.726093,0.192308
3422.612567,sim,0.677086,0.778543,0.801854,0.784371,0.726093,0.192308
3422.612698,sim,0.677086,0.778543,0.801854,0.784371,0.726093,0.192308
3422.612828,sim,0.677086,0.778543,0.801854,0.784371,0.726093,0.192308
3422.612960,sim,0.677086,0.778543,0.801854,0.784371,0.726093,0.192308
3422.613105,sim,0.677086,0.778543,0.801854,0.784371,0.726093,0.192308
3422.613235,sim,0.677086,0.778543,0.801854,0.784371,0.726093,0.192308
3422.613379,sim,0.677086,0.778543,0.801854,0.784371,0.726093,0.192308
3422.613520,sim,0.677086,0.778543,0.801854,0.784371,0.726093,0.192308
3422.615671,sim,0.677086,0.778543,0.801854,0.784371,0.726093,0.192308
3422.619368,sim,0.677086,0.778543,0.801854,0.784371,0.726093,0.192308
3422.623280,sim,0.677086,0.778543,0.801854,0.784371,0.726093,0.192308
3422.627304,sim,0.677086,0.778543,0.801854,0.784371,0.726093,0.192308
3422.631319,sim,0.677086,0.778543,0.801854,0.784371,0.726093,0.192308
3422.635547,sim,0.677086,0.778543,0.801854,0.784371,0.726093,0.192308
3422.639376,sim,0.677086,0.778543,0.801854,0.784371,0.726093,0.192308
3422.643354,sim,0.677086,0.778543,0.801854,0.784371,0.726093,0.192308
3422.647324,sim,0.677086,0.778543,0.801854,0.784371,0.726093,0.192308
3422.651315,sim,0.677086,0.778543,0.801854,0.784371,0.726093,0.192308
3422.655406,sim,0.677086,0.778543,0.801854,0.784371,0.726093,0.192308
3422.659422,sim,0.677086,0.778543,0.801854,0.784371,0.726093,0.192308
3422.663395,sim,0.677086,0.778543,0.801854,0.784371,0.726093,0.192308
3422.667303,sim,0.677086,0.778543,0.801854,0.784371,0.726093,0.192308
3422.671308,sim,0.677086,0.778543,0.801854,0.784371,0.726093,0.192308
3422.675437,sim,0.677086,0.778543,0.801854,0.784371,0.726093,0.192308
3422.679339,sim,0.677086,0.778543,0.801854,0.784371,0.726093,0.192308
3422.683252,sim,0.677086,0.778543,0.801854,0.784371,0.726093,0.192308
3422.687318,sim,0.677086,0.778543,0.801854,0.784371,0.726093,0.192308
3422.691307,sim,0.677086,0.778543,0.801854,0.784371,0.726093,0.192308
3422.695421,sim,0.677086,0.778543,0.801854,0.784371,0.726093,0.192308
3422.699349,sim,0.677086,0.778543,0.801854,0.784371,0.726093,0.192308
3422.703353,sim,0.677086,0.778543,0.801854,0.784371,0.726093,0.192308
3422.707343,sim,0.677086,0.778543,0.801854,0.784371,0.726093,0.192308
3422.711364,sim,0.677086,0.778543,0.801854,0.784371,0.726093,0.192308
3422.715483,sim,0.677086,0.778543,0.801854,0.784371,0.726093,0.192308
3422.719331,sim,0.677086,0.778543,0.801854,0.784371,0.726093,0.192308
3422.723304,sim,0.677086,0.778543,0.801854,0.784371,0.726093,0.192308
3422.727340,sim,0.677086,0.778543,0.801854,0.784371,0.726093,0.192308
3422.731328,sim,0.677086,0.778543,0.801854,0.784371,0.726093,0.192308
3422.735386,sim,0.677086,0.778543,0.801854,0.784371,0.726093,0.192308
3422.739342,sim,0.677086,0.778543,0.801854,0.784371,0.726093,0.192308
3422.743370,sim,0.677086,0.778543,0.801854,0.784371,0.726093,0.192308
3422.747321,sim,0.677086,0.778543,0.801854,0.784371,0.726093,0.192308
3422.751360,sim,0.677086,0.778543,0.801854,0.784371,0.726093,0.192308
3422.755445,sim,0.677086,0.778543,0.801854,0.784371,0.726093,0.192308
3422.759401,sim,0.677086,0.778543,0.801854,0.784371,0.726093,0.192308
3422.763335,sim,0.677086,0.778543,0.801854,0.784371,0.726093,0.192308
3422.767365,sim,0.677086,0.778543,0.801854,0.784371,0.726093,0.192308
3422.771401,sim,0.677086,0.778543,0.801854,0.784371,0.726093,0.192308
3422.775461,sim,0.677086,0.778543,0.801854,0.784371,0.726093,0.192308
3422.779377,sim,0.677086,0.778543,0.801854,0.784371,0.726093,0.192308
3422.783318,sim,0.677086,0.778543,0.801854,0.784371,0.726093,0.192308
3422.787312,sim,0.677086,0.778543,0.801854,0.784371,0.726093,0.192308
3422.791319,sim,0.677086,0.778543,0.801854,0.784371,0.726093,0.192308
3422.795357,sim,0.677086,0.778543,0.801854,0.784371,0.726093,0.192308
3422.799399,sim,0.677086,0.778543,0.801854,0.784371,0.726093,0.192308
3422.803397,sim,0.677086,0.778543,0.801854,0.784371,0.726093,0.192308
3422.807361,sim,0.677086,0.778543,0.801854,0.784371,0.726093,0.192308
3422.811302,sim,0.677086,0.778543,0.801854,0.784371,0.726093,0.192308
3422.815724,sim,0.677086,0.778543,0.801854,0.784371,0.726093,0.192308
3422.819398,sim,0.677086,0.778543,0.801854,0.784371,0.726093,0.192308
3422.823359,sim,0.677086,0.778543,0.801854,0.784371,0.726093,0.192308
3422.827391,sim,0.677086,0.778543,0.801854,0.784371,0.726093,0.192308
3422.831316,sim,0.677086,0.778543,0.801854,0.784371,0.726093,0.192308
3422.835485,sim,0.677086,0.778543,0.801854,0.784371,0.726093,0.192308
3422.839389,sim,0.677086,0.778543,0.801854,0.784371,0.726093,0.192308
3422.843321,sim,0.677086,0.778543,0.801854,0.784371,0.726093,0.192308
3422.847342,sim,0.677086,0.778543,0.801854,0.784371,0.726093,0.192308
3422.851282,sim,0.677086,0.778543,0.801854,0.784371,0.726093,0.192308
3422.855390,sim,0.677086,0.778543,0.801854,0.784371,0.726093,0.192308
3422.859495,sim,0.677086,0.778543,0.801854,0.784371,0.726093,0.192308
3422.863341,sim,0.677086,0.778543,0.801854,0.784371,0.726093,0.192308
3422.867296,sim,0.677086,0.778543,0.801854,0.784371,0.726093,0.192308
3422.871428,sim,0.677086,0.778543,0.801854,0.784371,0.726093,0.192308
3422.875670,sim,0.677086,0.778543,0.801854,0.784371,0.726093,0.192308
3422.879508,sim,0.677086,0.778543,0.801854,0.784371,0.726093,0.192308
3422.883381,sim,0.677086,0.778543,0.801854,0.784371,0.726093,0.192308
3422.887680,sim,0.677086,0.778543,0.801854,0.784371,0.726093,0.192308
3422.891416,sim,0.677086,0.778543,0.801854,0.784371,0.726093,0.192308
3422.895396,sim,0.677086,0.778543,0.801854,0.784371,0.726093,0.192308
3422.899317,sim,0.677086,0.778543,0.801854,0.784371,0.726093,0.192308
3422.903313,sim,0.677086,0.778543,0.801854,0.784371,0.726093,0.192308
3422.907379,sim,0.677086,0.778543,0.801854,0.784371,0.726093,0.192308
3422.911352,sim,0.677086,0.778543,0.801854,0.784371,0.726093,0.192308
3422.915481,sim,0.677086,0.778543,0.801854,0.784371,0.726093,0.192308
3422.919369,sim,0.677086,0.778543,0.801854,0.784371,0.726093,0.192308
3422.923302,sim,0.677086,0.778543,0.801854,0.784371,0.726093,0.192308
3422.927319,sim,0.677086,0.778543,0.801854,0.784371,0.726093,0.192308
3422.931308,sim,0.677086,0.778543,0.801854,0.784371,0.726093,0.192308
3422.935460,sim,0.677086,0.778543,0.801854,0.784371,0.726093,0.192308
3422.939306,sim,0.677086,0.778543,0.801854,0.784371,0.726093,0.192308
3422.943323,sim,0.677086,0.778543,0.801854,0.784371,0.726093,0.192308
3422.947363,sim,0.677086,0.778543,0.801854,0.784371,0.726093,0.192308
3422.951484,sim,0.677086,0.778543,0.801854,0.784371,0.726093,0.192308
3422.955397,sim,0.677086,0.778543,0.801854,0.784371,0.726093,0.192308
3422.959570,sim,0.677086,0.778543,0.801854,0.784371,0.726093,0.192308
3422.963430,sim,0.677086,0.778543,0.801854,0.784371,0.726093,0.192308
3422.967349,sim,0.677086,0.778543,0.801854,0.784371,0.726093,0.192308
3422.971304,sim,0.677086,0.778543,0.801854,0.784371,0.726093,0.192308
3422.975432,sim,0.677086,0.778543,0.801854,0.784371,0.726093,0.192308
3422.979387,sim,0.677086,0.778543,0.801854,0.784371,0.726093,0.192308
3422.983274,sim,0.677086,0.778543,0.801854,0.784371,0.726093,0.192308
3422.987299,sim,0.677086,0.778543,0.801854,0.784371,0.726093,0.192308
3422.991384,sim,0.677086,0.778543,0.801854,0.784371,0.726093,0.192308
3422.995360,sim,0.677086,0.778543,0.801854,0.784371,0.726093,0.192308
3422.999309,sim,0.677086,0.778543,0.801854,0.784371,0.726093,0.192308
3423.003307,sim,0.677086,0.778543,0.801854,0.784371,0.726093,0.192308
3423.007554,sim,0.677086,0.778543,0.801854,0.784371,0.726093,0.192308
3423.011351,sim,0.677086,0.778543,0.801854,0.784371,0.726093,0.192308
3423.015559,sim,0.677086,0.778543,0.801854,0.784371,0.726093,0.192308
3423.019368,sim,0.677086,0.778543,0.801854,0.784371,0.726093,0.192308
3423.023436,sim,0.677086,0.778543,0.801854,0.784371,0.726093,0.192308
3423.027316,sim,0.677086,0.778543,0.801854,0.784371,0.726093,0.192308
3423.031277,sim,0.677086,0.778543,0.801854,0.784371,0.726093,0.192308
3423.035364,sim,0.677086,0.778543,0.801854,0.784371,0.726093,0.192308
3423.039413,sim,0.677086,0.778543,0.801854,0.784371,0.726093,0.192308
3423.043429,sim,0.677086,0.778543,0.801854,0.784371,0.726093,0.192308
3423.047314,sim,0.677086,0.778543,0.801854,0.784371,0.726093,0.192308
3423.051359,sim,0.677086,0.778543,0.801854,0.784371,0.726093,0.192308
3423.055403,sim,0.677086,0.778543,0.801854,0.784371,0.726093,0.192308
3423.059401,sim,0.677086,0.778543,0.801854,0.784371,0.726093,0.192308
3423.063386,sim,0.677086,0.778543,0.801854,0.784371,0.726093,0.192308
3423.067315,sim,0.677086,0.778543,0.801854,0.784371,0.726093,0.192308
3423.071361,sim,0.677086,0.778543,0.801854,0.784371,0.726093,0.192308
3423.075443,sim,0.677086,0.778543,0.801854,0.784371,0.726093,0.192308
3423.079320,sim,0.677086,0.778543,0.801854,0.784371,0.726093,0.192308
3423.083229,sim,0.677086,0.778543,0.801854,0.784371,0.726093,0.192308
3423.087326,sim,0.677086,0.778543,0.801854,0.784371,0.726093,0.192308
3423.091287,sim,0.677086,0.778543,0.801854,0.784371,0.726093,0.192308
3423.095372,sim,0.677086,0.778543,0.801854,0.784371,0.726093,0.192308
3423.099359,sim,0.677086,0.778543,0.801854,0.784371,0.726093,0.192308
3423.103378,sim,0.677086,0.778543,0.801854,0.784371,0.726093,0.192308
3423.107348,sim,0.677086,0.778543,0.801854,0.784371,0.726093,0.192308
3423.111401,sim,0.677086,0.778543,0.801854,0.784371,0.726093,0.192308
3423.115457,sim,0.677086,0.778543,0.801854,0.784371,0.726093,0.192308
3423.119397,sim,0.677086,0.778543,0.801854,0.784371,0.726093,0.192308
3423.123340,sim,0.677086,0.778543,0.801854,0.784371,0.726093,0.192308
3423.127392,sim,0.677086,0.778543,0.801854,0.784371,0.726093,0.192308
3423.131352,sim,0.677086,0.778543,0.801854,0.784371,0.726093,0.192308
3423.135444,sim,0.677086,0.778543,0.801854,0.784371,0.726093,0.192308
3423.139305,sim,0.677086,0.778543,0.801854,0.784371,0.726093,0.192308
3423.143347,sim,0.677086,0.778543,0.801854,0.784371,0.726093,0.192308
3423.147339,sim,0.677086,0.778543,0.801854,0.784371,0.726093,0.192308
3423.151301,sim,0.677086,0.778543,0.801854,0.784371,0.726093,0.192308
3423.155394,sim,0.677086,0.778543,0.801854,0.784371,0.726093,0.192308
3423.159399,sim,0.677086,0.778543,0.801854,0.784371,0.726093,0.192308
3423.163329,sim,0.677086,0.778543,0.801854,0.784371,0.726093,0.192308
3423.167351,sim,0.677086,0.778543,0.801854,0.784371,0.726093,0.192308
3423.171394,sim,0.677086,0.778543,0.801854,0.784371,0.726093,0.192308
3423.175489,sim,0.677086,0.778543,0.801854,0.784371,0.726093,0.192308
3423.179327,sim,0.677086,0.778543,0.801854,0.784371,0.726093,0.192308
3423.183368,sim,0.677086,0.778543,0.801854,0.784371,0.726093,0.192308
3423.187366,sim,0.677086,0.778543,0.801854,0.784371,0.726093,0.192308
3423.191340,sim,0.677086,0.778543,0.801854,0.784371,0.726093,0.192308
3423.195370,sim,0.677086,0.778543,0.801854,0.784371,0.726093,0.192308
3423.199380,sim,0.677086,0.778543,0.801854,0.784371,0.726093,0.192308
3423.203395,sim,0.677086,0.778543,0.801854,0.784371,0.726093,0.192308
3423.207364,sim,0.677086,0.778543,0.801854,0.784371,0.726093,0.192308
3423.211303,sim,0.677086,0.778543,0.801854,0.784371,0.726093,0.192308
3423.215462,sim,0.677086,0.778543,0.801854,0.784371,0.726093,0.192308
3423.219342,sim,0.677086,0.778543,0.801854,0.784371,0.726093,0.192308
3423.223393,sim,0.677086,0.778543,0.801854,0.784371,0.726093,0.192308
3423.227371,sim,0.677086,0.778543,0.801854,0.784371,0.726093,0.192308
3423.231305,sim,0.677086,0.778543,0.801854,0.784371,0.726093,0.192308
3423.235418,sim,0.677086,0.778543,0.801854,0.784371,0.726093,0.192308
3423.240071,sim,0.677086,0.778543,0.801854,0.784371,0.726093,0.192308
3423.246387,sim,0.677086,0.778543,0.801854,0.784371,0.726093,0.192308
3423.248181,sim,0.677086,0.778543,0.801854,0.784371,0.726093,0.192308
3423.251657,sim,0.677086,0.778543,0.801854,0.784371,0.726093,0.192308
3423.255920,sim,0.677086,0.778543,0.801854,0.784371,0.726093,0.192308
3423.259643,sim,0.677086,0.778543,0.801854,0.784371,0.726093,0.192308
3423.263741,sim,0.677086,0.778543,0.801854,0.784371,0.726093,0.192308
3423.267483,sim,0.677086,0.778543,0.801854,0.784371,0.726093,0.192308
3423.271412,sim,0.677086,0.778543,0.801854,0.784371,0.726093,0.192308
3423.275466,sim,0.677086,0.778543,0.801854,0.784371,0.726093,0.192308
3423.279348,sim,0.677086,0.778543,0.801854,0.784371,0.726093,0.192308
3423.283291,sim,0.677086,0.778543,0.801854,0.784371,0.726093,0.192308
3423.287583,sim,0.677086,0.778543,0.801854,0.784371,0.726093,0.192308
3423.291357,sim,0.677086,0.778543,0.801854,0.784371,0.726093,0.192308
3423.295434,sim,0.677086,0.778543,0.801854,0.784371,0.726093,0.192308
3423.299354,sim,0.677086,0.778543,0.801854,0.784371,0.726093,0.192308
3423.303497,sim,0.677086,0.778543,0.801854,0.784371,0.726093,0.192308
3423.307318,sim,0.677086,0.778543,0.801854,0.784371,0.726093,0.192308
3423.311454,sim,0.677086,0.778543,0.801854,0.784371,0.726093,0.192308
3423.315583,sim,0.677086,0.778543,0.801854,0.784371,0.726093,0.192308
3423.319349,sim,0.677086,0.778543,0.801854,0.784371,0.726093,0.192308
3423.323392,sim,0.677086,0.778543,0.801854,0.784371,0.726093,0.192308
3423.327414,sim,0.677086,0.778543,0.801854,0.784371,0.726093,0.192308
3423.331296,sim,0.677086,0.778543,0.801854,0.784371,0.726093,0.192308
3423.335481,sim,0.677086,0.778543,0.801854,0.784371,0.726093,0.192308
3423.339323,sim,0.677086,0.778543,0.801854,0.784371,0.726093,0.192308
3423.343339,sim,0.677086,0.778543,0.801854,0.784371,0.726093,0.192308
3423.347261,sim,0.677086,0.778543,0.801854,0.784371,0.726093,0.192308
3423.351365,sim,0.677086,0.778543,0.801854,0.784371,0.726093,0.192308
3423.355304,sim,0.677086,0.778543,0.801854,0.784371,0.726093,0.192308
3423.359432,sim,0.677086,0.778543,0.801854,0.784371,0.726093,0.192308
3423.363290,sim,0.677086,0.778543,0.801854,0.784371,0.726093,0.192308
3423.367272,sim,0.677086,0.778543,0.801854,0.784371,0.726093,0.192308
3423.371349,sim,0.677086,0.778543,0.801854,0.784371,0.726093,0.192308
3423.375359,sim,0.677086,0.778543,0.801854,0.784371,0.726093,0.192308
3423.379330,sim,0.677086,0.778543,0.801854,0.784371,0.726093,0.192308
3423.383284,sim,0.677086,0.778543,0.801854,0.784371,0.726093,0.192308
3423.387353,sim,0.677086,0.778543,0.801854,0.784371,0.726093,0.192308
3423.391315,sim,0.677086,0.778543,0.801854,0.784371,0.726093,0.192308
3423.395400,sim,0.677086,0.778543,0.801854,0.784371,0.726093,0.192308
3423.399535,sim,0.677086,0.778543,0.801854,0.784371,0.726093,0.192308
3423.403368,sim,0.677086,0.778543,0.801854,0.784371,0.726093,0.192308
3423.407285,sim,0.677086,0.778543,0.801854,0.784371,0.726093,0.192308
3423.411341,sim,0.677086,0.778543,0.801854,0.784371,0.726093,0.192308
3423.415535,sim,0.677086,0.778543,0.801854,0.784371,0.726093,0.192308
3423.419341,sim,0.677086,0.778543,0.801854,0.784371,0.726093,0.192308
3423.423357,sim,0.677086,0.778543,0.801854,0.784371,0.726093,0.192308
3423.427367,sim,0.677086,0.778543,0.801854,0.784371,0.726093,0.192308
3423.431904,sim,0.677086,0.778543,0.801854,0.784371,0.726093,0.192308
3423.435349,sim,0.677086,0.778543,0.801854,0.784371,0.726093,0.192308
3423.439475,sim,0.677086,0.778543,0.801854,0.784371,0.726093,0.192308
3423.443385,sim,0.677086,0.778543,0.801854,0.784371,0.726093,0.192308
3423.447257,sim,0.677086,0.778543,0.801854,0.784371,0.726093,0.192308
3423.451303,sim,0.677086,0.778543,0.801854,0.784371,0.726093,0.192308
3423.455589,sim,0.677086,0.778543,0.801854,0.784371,0.726093,0.192308
3423.459430,sim,0.677086,0.778543,0.801854,0.784371,0.726093,0.192308
3423.463249,sim,0.677086,0.778543,0.801854,0.784371,0.726093,0.192308
3423.467317,sim,0.677086,0.778543,0.801854,0.784371,0.726093,0.192308
3423.471515,sim,0.677086,0.778543,0.801854,0.784371,0.726093,0.192308
3423.475436,sim,0.677086,0.778543,0.801854,0.784371,0.726093,0.192308
3423.479365,sim,0.677086,0.778543,0.801854,0.784371,0.726093,0.192308
3423.483234,sim,0.677086,0.778543,0.801854,0.784371,0.726093,0.192308
3423.487557,sim,0.677086,0.778543,0.801854,0.784371,0.726093,0.192308
3423.491387,sim,0.677086,0.778543,0.801854,0.784371,0.726093,0.192308
3423.495544,sim,0.677086,0.778543,0.801854,0.784371,0.726093,0.192308
3423.499325,sim,0.677086,0.778543,0.801854,0.784371,0.726093,0.192308
3423.503483,sim,0.677086,0.778543,0.801854,0.784371,0.726093,0.192308
3423.507444,sim,0.677086,0.778543,0.801854,0.784371,0.726093,0.192308
3423.511491,sim,0.677086,0.778543,0.801854,0.784371,0.726093,0.192308
3423.515589,sim,0.677086,0.778543,0.801854,0.784371,0.726093,0.192308
3423.519521,sim,0.677086,0.778543,0.801854,0.784371,0.726093,0.192308
3423.523438,sim,0.677086,0.778543,0.801854,0.784371,0.726093,0.192308
3423.527478,sim,0.677086,0.778543,0.801854,0.784371,0.726093,0.192308
3423.531389,sim,0.677086,0.778543,0.801854,0.784371,0.726093,0.192308
3423.535399,sim,0.677086,0.778543,0.801854,0.784371,0.726093,0.192308
3423.539374,sim,0.677086,0.778543,0.801854,0.784371,0.726093,0.192308
3423.543339,sim,0.677086,0.778543,0.801854,0.784371,0.726093,0.192308
3423.547298,sim,0.677086,0.778543,0.801854,0.784371,0.726093,0.192308
3423.551357,sim,0.677086,0.778543,0.801854,0.784371,0.726093,0.192308
3423.555435,sim,0.677086,0.778543,0.801854,0.784371,0.726093,0.192308
3423.559289,sim,0.677086,0.778543,0.801854,0.784371,0.726093,0.192308
3423.563236,sim,0.677086,0.778543,0.801854,0.784371,0.726093,0.192308
3423.567296,sim,0.677086,0.778543,0.801854,0.784371,0.726093,0.192308
3423.571485,sim,0.677086,0.778543,0.801854,0.784371,0.726093,0.192308
3423.575467,sim,0.677086,0.778543,0.801854,0.784371,0.726093,0.192308
3423.579306,sim,0.677086,0.778543,0.801854,0.784371,0.726093,0.192308
3423.583396,sim,0.677086,0.778543,0.801854,0.784371,0.726093,0.192308
3423.587396,sim,0.677086,0.778543,0.801854,0.784371,0.726093,0.192308
3423.591359,sim,0.677086,0.778543,0.801854,0.784371,0.726093,0.192308
3423.595345,sim,0.677086,0.778543,0.801854,0.784371,0.726093,0.192308
3423.599364,sim,0.677086,0.778543,0.801854,0.784371,0.726093,0.192308
3423.603333,sim,0.677086,0.778543,0.801854,0.784371,0.726093,0.192308
3423.607343,sim,0.677086,0.778543,0.801854,0.784371,0.726093,0.192308
3423.611271,sim,0.677086,0.778543,0.801854,0.784371,0.726093,0.192308
3423.615519,sim,0.677086,0.778543,0.801854,0.784371,0.726093,0.192308
3423.619353,sim,0.677086,0.778543,0.801854,0.784371,0.726093,0.192308
3423.623264,sim,0.677086,0.778543,0.801854,0.784371,0.726093,0.192308
3423.627258,sim,0.677086,0.778543,0.801854,0.784371,0.726093,0.192308
3423.631389,sim,0.677086,0.778543,0.801854,0.784371,0.726093,0.192308
3423.635430,sim,0.677086,0.778543,0.801854,0.784371,0.726093,0.192308
3423.639310,sim,0.677086,0.778543,0.801854,0.784371,0.726093,0.192308
3423.643271,sim,0.677086,0.778543,0.801854,0.784371,0.726093,0.192308
3423.647377,sim,0.677086,0.778543,0.801854,0.784371,0.726093,0.192308
3423.651388,sim,0.677086,0.778543,0.801854,0.784371,0.726093,0.192308
3423.655343,sim,0.677086,0.778543,0.801854,0.784371,0.726093,0.192308
3423.659383,sim,0.677086,0.778543,0.801854,0.784371,0.726093,0.192308
3423.663394,sim,0.677086,0.778543,0.801854,0.784371,0.726093,0.192308
3423.667293,sim,0.677086,0.778543,0.801854,0.784371,0.726093,0.192308
3423.671339,sim,0.677086,0.778543,0.801854,0.784371,0.726093,0.192308
3423.675391,sim,0.677086,0.778543,0.801854,0.784371,0.726093,0.192308
3423.679331,sim,0.677086,0.778543,0.801854,0.784371,0.726093,0.192308
3423.683274,sim,0.677086,0.778543,0.801854,0.784371,0.726093,0.192308
3423.687305,sim,0.677086,0.778543,0.801854,0.784371,0.726093,0.192308
3423.691356,sim,0.677086,0.778543,0.801854,0.784371,0.726093,0.192308
3423.695451,sim,0.677086,0.778543,0.801854,0.784371,0.726093,0.192308
3423.699365,sim,0.677086,0.778543,0.801854,0.784371,0.726093,0.192308
3423.703336,sim,0.677086,0.778543,0.801854,0.784371,0.726093,0.192308
3423.707316,sim,0.677086,0.778543,0.801854,0.784371,0.726093,0.192308
3423.711346,sim,0.677086,0.778543,0.801854,0.784371,0.726093,0.192308
3423.715837,sim,0.677086,0.778543,0.801854,0.784371,0.726093,0.192308
3423.719346,sim,0.677086,0.778543,0.801854,0.784371,0.726093,0.192308
3423.723357,sim,0.677086,0.778543,0.801854,0.784371,0.726093,0.192308
3423.727306,sim,0.677086,0.778543,0.801854,0.784371,0.726093,0.192308
3423.731341,sim,0.677086,0.778543,0.801854,0.784371,0.726093,0.192308
3423.735379,sim,0.677086,0.778543,0.801854,0.784371,0.726093,0.192308
3423.739407,sim,0.677086,0.778543,0.801854,0.784371,0.726093,0.192308
3423.743326,sim,0.677086,0.778543,0.801854,0.784371,0.726093,0.192308
3423.747427,sim,0.677086,0.778543,0.801854,0.784371,0.726093,0.192308
3423.751336,sim,0.677086,0.778543,0.801854,0.784371,0.726093,0.192308
3423.755449,sim,0.677086,0.778543,0.801854,0.784371,0.726093,0.192308
3423.759343,sim,0.677086,0.778543,0.801854,0.784371,0.726093,0.192308
3423.763369,sim,0.677086,0.778543,0.801854,0.784371,0.726093,0.192308
3423.767335,sim,0.677086,0.778543,0.801854,0.784371,0.726093,0.192308
3423.771367,sim,0.677086,0.778543,0.801854,0.784371,0.726093,0.192308
3423.776314,sim,0.677086,0.778543,0.801854,0.784371,0.726093,0.192308
3423.779522,sim,0.677086,0.778543,0.801854,0.784371,0.726093,0.192308
3423.783386,sim,0.677086,0.778543,0.801854,0.784371,0.726093,0.192308
3423.787422,sim,0.677086,0.778543,0.801854,0.784371,0.726093,0.192308
3423.791527,sim,0.677086,0.778543,0.801854,0.784371,0.726093,0.192308
3423.795511,sim,0.677086,0.778543,0.801854,0.784371,0.726093,0.192308
3423.799393,sim,0.677086,0.778543,0.801854,0.784371,0.726093,0.192308
3423.803453,sim,0.677086,0.778543,0.801854,0.784371,0.726093,0.192308
3423.807404,sim,0.677086,0.778543,0.801854,0.784371,0.726093,0.192308
3423.811420,sim,0.677086,0.778543,0.801854,0.784371,0.726093,0.192308
3423.815708,sim,0.677086,0.778543,0.801854,0.784371,0.726093,0.192308
3423.819440,sim,0.677086,0.778543,0.801854,0.784371,0.726093,0.192308
3423.823427,sim,0.677086,0.778543,0.801854,0.784371,0.726093,0.192308
3423.827416,sim,0.677086,0.778543,0.801854,0.784371,0.726093,0.192308
3423.831433,sim,0.677086,0.778543,0.801854,0.784371,0.726093,0.192308
3423.835576,sim,0.677086,0.778543,0.801854,0.784371,0.726093,0.192308
3423.839484,sim,0.677086,0.778543,0.801854,0.784371,0.726093,0.192308
3423.843454,sim,0.677086,0.778543,0.801854,0.784371,0.726093,0.192308
3423.847495,sim,0.677086,0.778543,0.801854,0.784371,0.726093,0.192308
3423.851477,sim,0.677086,0.778543,0.801854,0.784371,0.726093,0.192308
3423.855727,sim,0.677086,0.778543,0.801854,0.784371,0.726093,0.192308
3423.860134,sim,0.677086,0.778543,0.801854,0.784371,0.726093,0.192308
3423.863475,sim,0.677086,0.778543,0.801854,0.784371,0.726093,0.192308
3423.867406,sim,0.677086,0.778543,0.801854,0.784371,0.726093,0.192308
3423.871438,sim,0.677086,0.778543,0.801854,0.784371,0.726093,0.192308
3423.875576,sim,0.677086,0.778543,0.801854,0.784371,0.726093,0.192308
3423.879512,sim,0.677086,0.778543,0.801854,0.784371,0.726093,0.192308
3423.883404,sim,0.677086,0.778543,0.801854,0.784371,0.726093,0.192308
3423.887446,sim,0.677086,0.778543,0.801854,0.784371,0.726093,0.192308
3423.891458,sim,0.677086,0.778543,0.801854,0.784371,0.726093,0.192308
3423.895535,sim,0.677086,0.778543,0.801854,0.784371,0.726093,0.192308
3423.899476,sim,0.677086,0.778543,0.801854,0.784371,0.726093,0.192308
3423.903473,sim,0.677086,0.778543,0.801854,0.784371,0.726093,0.192308
3423.907463,sim,0.677086,0.778543,0.801854,0.784371,0.726093,0.192308
3423.911486,sim,0.677086,0.778543,0.801854,0.784371,0.726093,0.192308
3423.915567,sim,0.677086,0.778543,0.801854,0.784371,0.726093,0.192308
3423.919518,sim,0.677086,0.778543,0.801854,0.784371,0.726093,0.192308
3423.923500,sim,0.677086,0.778543,0.801854,0.784371,0.726093,0.192308
3423.927425,sim,0.677086,0.778543,0.801854,0.784371,0.726093,0.192308
3423.931460,sim,0.677086,0.778543,0.801854,0.784371,0.726093,0.192308
3423.935600,sim,0.677086,0.778543,0.801854,0.784371,0.726093,0.192308
3423.939527,sim,0.677086,0.778543,0.801854,0.784371,0.726093,0.192308
3423.943509,sim,0.677086,0.778543,0.801854,0.784371,0.726093,0.192308
3423.947509,sim,0.677086,0.778543,0.801854,0.784371,0.726093,0.192308
3423.951459,sim,0.677086,0.778543,0.801854,0.784371,0.726093,0.192308
3423.955661,sim,0.677086,0.778543,0.801854,0.784371,0.726093,0.192308
3423.959548,sim,0.677086,0.778543,0.801854,0.784371,0.726093,0.192308
3423.963726,sim,0.677086,0.778543,0.801854,0.784371,0.726093,0.192308
3423.967838,sim,0.677086,0.778543,0.801854,0.784371,0.726093,0.192308
3423.971657,sim,0.677086,0.778543,0.801854,0.784371,0.726093,0.192308
3423.975627,sim,0.677086,0.778543,0.801854,0.784371,0.726093,0.192308
3423.979478,sim,0.677086,0.778543,0.801854,0.784371,0.726093,0.192308
3423.983623,sim,0.677086,0.778543,0.801854,0.784371,0.726093,0.192308
3423.987526,sim,0.677086,0.778543,0.801854,0.784371,0.726093,0.192308
3423.991475,sim,0.677086,0.778543,0.801854,0.784371,0.726093,0.192308
3423.995543,sim,0.677086,0.778543,0.801854,0.784371,0.726093,0.192308
3423.999674,sim,0.677086,0.778543,0.801854,0.784371,0.726093,0.192308
3424.003706,sim,0.677086,0.778543,0.801854,0.784371,0.726093,0.192308
3424.007587,sim,0.677086,0.778543,0.801854,0.784371,0.726093,0.192308
3424.011544,sim,0.677086,0.778543,0.801854,0.784371,0.726093,0.192308
3424.015800,sim,0.677086,0.778543,0.801854,0.784371,0.726093,0.192308
3424.019488,sim,0.677086,0.778543,0.801854,0.784371,0.726093,0.192308
3424.023503,sim,0.677086,0.778543,0.801854,0.784371,0.726093,0.192308
3424.027484,sim,0.677086,0.778543,0.801854,0.784371,0.726093,0.192308
3424.031564,sim,0.677086,0.778543,0.801854,0.784371,0.726093,0.192308
3424.035706,sim,0.677086,0.778543,0.801854,0.784371,0.726093,0.192308
3424.039546,sim,0.677086,0.778543,0.801854,0.784371,0.726093,0.192308
3424.043510,sim,0.677086,0.778543,0.801854,0.784371,0.726093,0.192308
3424.047545,sim,0.677086,0.778543,0.801854,0.784371,0.726093,0.192308
3424.051584,sim,0.677086,0.778543,0.801854,0.784371,0.726093,0.192308
3424.055651,sim,0.677086,0.778543,0.801854,0.784371,0.726093,0.192308
3424.059580,sim,0.677086,0.778543,0.801854,0.784371,0.726093,0.192308
3424.063570,sim,0.677086,0.778543,0.801854,0.784371,0.726093,0.192308
3424.067597,sim,0.677086,0.778543,0.801854,0.784371,0.726093,0.192308
3424.071591,sim,0.677086,0.778543,0.801854,0.784371,0.726093,0.192308
3424.075592,sim,0.677086,0.778543,0.801854,0.784371,0.726093,0.192308
3424.079587,sim,0.677086,0.778543,0.801854,0.784371,0.726093,0.192308
3424.083586,sim,0.677086,0.778543,0.801854,0.784371,0.726093,0.192308
3424.087526,sim,0.677086,0.778543,0.801854,0.784371,0.726093,0.192308
3424.091638,sim,0.677086,0.778543,0.801854,0.784371,0.726093,0.192308
3424.095650,sim,0.677086,0.778543,0.801854,0.784371,0.726093,0.192308
3424.099566,sim,0.677086,0.778543,0.801854,0.784371,0.726093,0.192308
3424.103528,sim,0.677086,0.778543,0.801854,0.784371,0.726093,0.192308
3424.107636,sim,0.677086,0.778543,0.801854,0.784371,0.726093,0.192308
3424.111584,sim,0.677086,0.778543,0.801854,0.784371,0.726093,0.192308
3424.115792,sim,0.677086,0.778543,0.801854,0.784371,0.726093,0.192308
3424.119563,sim,0.677086,0.778543,0.801854,0.784371,0.726093,0.192308
3424.123576,sim,0.677086,0.778543,0.801854,0.784371,0.726093,0.192308
3424.127551,sim,0.677086,0.778543,0.801854,0.784371,0.726093,0.192308
3424.131679,sim,0.677086,0.778543,0.801854,0.784371,0.726093,0.192308
3424.135633,sim,0.677086,0.778543,0.801854,0.784371,0.726093,0.192308
3424.139505,sim,0.677086,0.778543,0.801854,0.784371,0.726093,0.192308
3424.143670,sim,0.677086,0.778543,0.801854,0.784371,0.726093,0.192308
3424.147629,sim,0.677086,0.778543,0.801854,0.784371,0.726093,0.192308
3424.151565,sim,0.677086,0.778543,0.801854,0.784371,0.726093,0.192308
3424.155640,sim,0.677086,0.778543,0.801854,0.784371,0.726093,0.192308
3424.159784,sim,0.677086,0.778543,0.801854,0.784371,0.726093,0.192308
3424.163665,sim,0.677086,0.778543,0.801854,0.784371,0.726093,0.192308
3424.167631,sim,0.677086,0.778543,0.801854,0.784371,0.726093,0.192308
3424.171621,sim,0.677086,0.778543,0.801854,0.784371,0.726093,0.192308
3424.175939,sim,0.677086,0.778543,0.801854,0.784371,0.726093,0.192308
3424.179632,sim,0.677086,0.778543,0.801854,0.784371,0.726093,0.192308
3424.183579,sim,0.677086,0.778543,0.801854,0.784371,0.726093,0.192308
3424.187617,sim,0.677086,0.778543,0.801854,0.784371,0.726093,0.192308
3424.191592,sim,0.677086,0.778543,0.801854,0.784371,0.726093,0.192308
3424.195801,sim,0.677086,0.778543,0.801854,0.784371,0.726093,0.192308
3424.199520,sim,0.677086,0.778543,0.801854,0.784371,0.726093,0.192308
3424.204730,sim,0.677086,0.778543,0.801854,0.784371,0.726093,0.192308
3424.207734,sim,0.677086,0.778543,0.801854,0.784371,0.726093,0.192308
3424.211799,sim,0.677086,0.778543,0.801854,0.784371,0.726093,0.192308
3424.216032,sim,0.677086,0.778543,0.801854,0.784371,0.726093,0.192308
3424.219703,sim,0.677086,0.778543,0.801854,0.784371,0.726093,0.192308
3424.223621,sim,0.677086,0.778543,0.801854,0.784371,0.726093,0.192308
3424.227590,sim,0.677086,0.778543,0.801854,0.784371,0.726093,0.192308
3424.231667,sim,0.677086,0.778543,0.801854,0.784371,0.726093,0.192308
3424.235757,sim,0.677086,0.778543,0.801854,0.784371,0.726093,0.192308
3424.239703,sim,0.677086,0.778543,0.801854,0.784371,0.726093,0.192308
3424.243746,sim,0.677086,0.778543,0.801854,0.784371,0.726093,0.192308
3424.247698,sim,0.677086,0.778543,0.801854,0.784371,0.726093,0.192308
3424.251633,sim,0.677086,0.778543,0.801854,0.784371,0.726093,0.192308
3424.255758,sim,0.677086,0.778543,0.801854,0.784371,0.726093,0.192308
3424.259664,sim,0.677086,0.778543,0.801854,0.784371,0.726093,0.192308
3424.263728,sim,0.677086,0.778543,0.801854,0.784371,0.726093,0.192308
3424.267587,sim,0.677086,0.778543,0.801854,0.784371,0.726093,0.192308
3424.271728,sim,0.677086,0.778543,0.801854,0.784371,0.726093,0.192308
3424.275728,sim,0.677086,0.778543,0.801854,0.784371,0.726093,0.192308
3424.279697,sim,0.677086,0.778543,0.801854,0.784371,0.726093,0.192308
3424.283604,sim,0.677086,0.778543,0.801854,0.784371,0.726093,0.192308
3424.287660,sim,0.677086,0.778543,0.801854,0.784371,0.726093,0.192308
3424.291644,sim,0.677086,0.778543,0.801854,0.784371,0.726093,0.192308
3424.295737,sim,0.677086,0.778543,0.801854,0.784371,0.726093,0.192308
3424.299601,sim,0.677086,0.778543,0.801854,0.784371,0.726093,0.192308
3424.303631,sim,0.677086,0.778543,0.801854,0.784371,0.726093,0.192308
3424.307656,sim,0.677086,0.778543,0.801854,0.784371,0.726093,0.192308
3424.311732,sim,0.677086,0.778543,0.801854,0.784371,0.726093,0.192308
3424.315751,sim,0.677086,0.778543,0.801854,0.784371,0.726093,0.192308
3424.319737,sim,0.677086,0.778543,0.801854,0.784371,0.726093,0.192308
3424.323729,sim,0.677086,0.778543,0.801854,0.784371,0.726093,0.192308
3424.327655,sim,0.677086,0.778543,0.801854,0.784371,0.726093,0.192308
3424.331658,sim,0.677086,0.778543,0.801854,0.784371,0.726093,0.192308
3424.335758,sim,0.677086,0.778543,0.801854,0.784371,0.726093,0.192308
3424.339704,sim,0.677086,0.778543,0.801854,0.784371,0.726093,0.192308
3424.343745,sim,0.677086,0.778543,0.801854,0.784371,0.726093,0.192308
3424.347611,sim,0.677086,0.778543,0.801854,0.784371,0.726093,0.192308
3424.351703,sim,0.677086,0.778543,0.801854,0.784371,0.726093,0.192308
3424.355801,sim,0.677086,0.778543,0.801854,0.784371,0.726093,0.192308
3424.359709,sim,0.677086,0.778543,0.801854,0.784371,0.726093,0.192308
3424.363687,sim,0.677086,0.778543,0.801854,0.784371,0.726093,0.192308
3424.367659,sim,0.677086,0.778543,0.801854,0.784371,0.726093,0.192308
3424.371713,sim,0.677086,0.778543,0.801854,0.784371,0.726093,0.192308
3424.375792,sim,0.677086,0.778543,0.801854,0.784371,0.726093,0.192308
3424.379625,sim,0.677086,0.778543,0.801854,0.784371,0.726093,0.192308
3424.383681,sim,0.677086,0.778543,0.801854,0.784371,0.726093,0.192308
3424.387682,sim,0.677086,0.778543,0.801854,0.784371,0.726093,0.192308
3424.391699,sim,0.677086,0.778543,0.801854,0.784371,0.726093,0.192308
3424.395686,sim,0.677086,0.778543,0.801854,0.784371,0.726093,0.192308
3424.399673,sim,0.677086,0.778543,0.801854,0.784371,0.726093,0.192308
3424.403625,sim,0.677086,0.778543,0.801854,0.784371,0.726093,0.192308
3424.407691,sim,0.677086,0.778543,0.801854,0.784371,0.726093,0.192308
3424.411598,sim,0.677086,0.778543,0.801854,0.784371,0.726093,0.192308
3424.415799,sim,0.677086,0.778543,0.801854,0.784371,0.726093,0.192308
3424.419665,sim,0.677086,0.778543,0.801854,0.784371,0.726093,0.192308
3424.423594,sim,0.677086,0.778543,0.801854,0.784371,0.726093,0.192308
3424.427589,sim,0.677086,0.778543,0.801854,0.784371,0.726093,0.192308
3424.431736,sim,0.677086,0.778543,0.801854,0.784371,0.726093,0.192308
3424.435831,sim,0.677086,0.778543,0.801854,0.784371,0.726093,0.192308
3424.439661,sim,0.677086,0.778543,0.801854,0.784371,0.726093,0.192308
3424.443672,sim,0.677086,0.778543,0.801854,0.784371,0.726093,0.192308
3424.447616,sim,0.677086,0.778543,0.801854,0.784371,0.726093,0.192308
3424.451738,sim,0.677086,0.778543,0.801854,0.784371,0.726093,0.192308
3424.455820,sim,0.677086,0.778543,0.801854,0.784371,0.726093,0.192308
3424.459868,sim,0.677086,0.778543,0.801854,0.784371,0.726093,0.192308
3424.463763,sim,0.677086,0.778543,0.801854,0.784371,0.726093,0.192308
3424.467815,sim,0.677086,0.778543,0.801854,0.784371,0.726093,0.192308
3424.471735,sim,0.677086,0.778543,0.801854,0.784371,0.726093,0.192308
3424.475951,sim,0.677086,0.778543,0.801854,0.784371,0.726093,0.192308
3424.479758,sim,0.677086,0.778543,0.801854,0.784371,0.726093,0.192308
3424.483721,sim,0.677086,0.778543,0.801854,0.784371,0.726093,0.192308
3424.487676,sim,0.677086,0.778543,0.801854,0.784371,0.726093,0.192308
3424.491742,sim,0.677086,0.778543,0.801854,0.784371,0.726093,0.192308
3424.495723,sim,0.677086,0.778543,0.801854,0.784371,0.726093,0.192308
3424.499682,sim,0.677086,0.778543,0.801854,0.784371,0.726093,0.192308
3424.503650,sim,0.677086,0.778543,0.801854,0.784371,0.726093,0.192308
3424.507756,sim,0.677086,0.778543,0.801854,0.784371,0.726093,0.192308
3424.511777,sim,0.677086,0.778543,0.801854,0.784371,0.726093,0.192308
3424.516092,sim,0.677086,0.778543,0.801854,0.784371,0.726093,0.192308
3424.519672,sim,0.677086,0.778543,0.801854,0.784371,0.726093,0.192308
3424.523727,sim,0.677086,0.778543,0.801854,0.784371,0.726093,0.192308
3424.527739,sim,0.677086,0.778543,0.801854,0.784371,0.726093,0.192308
3424.531728,sim,0.677086,0.778543,0.801854,0.784371,0.726093,0.192308
3424.535734,sim,0.677086,0.778543,0.801854,0.784371,0.726093,0.192308
3424.539696,sim,0.677086,0.778543,0.801854,0.784371,0.726093,0.192308
3424.543770,sim,0.677086,0.778543,0.801854,0.784371,0.726093,0.192308
3424.547752,sim,0.677086,0.778543,0.801854,0.784371,0.726093,0.192308
3424.551733,sim,0.677086,0.778543,0.801854,0.784371,0.726093,0.192308
3424.555787,sim,0.677086,0.778543,0.801854,0.784371,0.726093,0.192308
3424.559810,sim,0.677086,0.778543,0.801854,0.784371,0.726093,0.192308
3424.563778,sim,0.677086,0.778543,0.801854,0.784371,0.726093,0.192308
3424.568753,sim,0.677086,0.778543,0.801854,0.784371,0.726093,0.192308
3424.571734,sim,0.677086,0.778543,0.801854,0.784371,0.726093,0.192308
3424.575874,sim,0.677086,0.778543,0.801854,0.784371,0.726093,0.192308
3424.579770,sim,0.677086,0.778543,0.801854,0.784371,0.726093,0.192308
3424.583761,sim,0.677086,0.778543,0.801854,0.784371,0.726093,0.192308
3424.587730,sim,0.677086,0.778543,0.801854,0.784371,0.726093,0.192308
3424.591802,sim,0.677086,0.778543,0.801854,0.784371,0.726093,0.192308
3424.595981,sim,0.677086,0.778543,0.801854,0.784371,0.726093,0.192308
3424.599798,sim,0.677086,0.778543,0.801854,0.784371,0.726093,0.192308
3424.603729,sim,0.677086,0.778543,0.801854,0.784371,0.726093,0.192308
3424.607801,sim,0.677086,0.778543,0.801854,0.784371,0.726093,0.192308
3424.611860,sim,0.677086,0.778543,0.801854,0.784371,0.726093,0.192308
3424.615956,sim,0.677086,0.778543,0.801854,0.784371,0.726093,0.192308
3424.619754,sim,0.677086,0.778543,0.801854,0.784371,0.726093,0.192308
3424.623748,sim,0.677086,0.778543,0.801854,0.784371,0.726093,0.192308
3424.627830,sim,0.677086,0.778543,0.801854,0.784371,0.726093,0.192308
3424.631724,sim,0.677086,0.778543,0.801854,0.784371,0.726093,0.192308
3424.635859,sim,0.677086,0.778543,0.801854,0.784371,0.726093,0.192308
3424.639852,sim,0.677086,0.778543,0.801854,0.784371,0.726093,0.192308
3424.643866,sim,0.677086,0.778543,0.801854,0.784371,0.726093,0.192308
3424.647747,sim,0.677086,0.778543,0.801854,0.784371,0.726093,0.192308
3424.651835,sim,0.677086,0.778543,0.801854,0.784371,0.726093,0.192308
3424.656087,sim,0.677086,0.778543,0.801854,0.784371,0.726093,0.192308
3424.659881,sim,0.677086,0.778543,0.801854,0.784371,0.726093,0.192308
3424.663809,sim,0.677086,0.778543,0.801854,0.784371,0.726093,0.192308
3424.667842,sim,0.677086,0.778543,0.801854,0.784371,0.726093,0.192308
3424.672030,sim,0.677086,0.778543,0.801854,0.784371,0.726093,0.192308
3424.675995,sim,0.677086,0.778543,0.801854,0.784371,0.726093,0.192308
3424.679864,sim,0.677086,0.778543,0.801854,0.784371,0.726093,0.192308
3424.683720,sim,0.677086,0.778543,0.801854,0.784371,0.726093,0.192308
3424.687731,sim,0.677086,0.778543,0.801854,0.784371,0.726093,0.192308
3424.691794,sim,0.677086,0.778543,0.801854,0.784371,0.726093,0.192308
3424.695956,sim,0.677086,0.778543,0.801854,0.784371,0.726093,0.192308
3424.699765,sim,0.677086,0.778543,0.801854,0.784371,0.726093,0.192308
3424.703787,sim,0.677086,0.778543,0.801854,0.784371,0.726093,0.192308
3424.707768,sim,0.677086,0.778543,0.801854,0.784371,0.726093,0.192308
3424.711775,sim,0.677086,0.778543,0.801854,0.784371,0.726093,0.192308
3424.715864,sim,0.677086,0.778543,0.801854,0.784371,0.726093,0.192308
3424.719784,sim,0.677086,0.778543,0.801854,0.784371,0.726093,0.192308
3424.723782,sim,0.677086,0.778543,0.801854,0.784371,0.726093,0.192308
3424.727793,sim,0.677086,0.778543,0.801854,0.784371,0.726093,0.192308
3424.731764,sim,0.677086,0.778543,0.801854,0.784371,0.726093,0.192308
3424.735866,sim,0.677086,0.778543,0.801854,0.784371,0.726093,0.192308
3424.739735,sim,0.677086,0.778543,0.801854,0.784371,0.726093,0.192308
3424.743790,sim,0.677086,0.778543,0.801854,0.784371,0.726093,0.192308
3424.747826,sim,0.677086,0.778543,0.801854,0.784371,0.726093,0.192308
3424.751864,sim,0.677086,0.778543,0.801854,0.784371,0.726093,0.192308
3424.755905,sim,0.677086,0.778543,0.801854,0.784371,0.726093,0.192308
3424.759916,sim,0.677086,0.778543,0.801854,0.784371,0.726093,0.192308
3424.763807,sim,0.677086,0.778543,0.801854,0.784371,0.726093,0.192308
3424.767838,sim,0.677086,0.778543,0.801854,0.784371,0.726093,0.192308
3424.771882,sim,0.677086,0.778543,0.801854,0.784371,0.726093,0.192308
3424.775919,sim,0.677086,0.778543,0.801854,0.784371,0.726093,0.192308
3424.779807,sim,0.677086,0.778543,0.801854,0.784371,0.726093,0.192308
3424.783840,sim,0.677086,0.778543,0.801854,0.784371,0.726093,0.192308
3424.787888,sim,0.677086,0.778543,0.801854,0.784371,0.726093,0.192308
3424.791902,sim,0.677086,0.778543,0.801854,0.784371,0.726093,0.192308
3424.795959,sim,0.677086,0.778543,0.801854,0.784371,0.726093,0.192308
3424.799838,sim,0.677086,0.778543,0.801854,0.784371,0.726093,0.192308
3424.803942,sim,0.677086,0.778543,0.801854,0.784371,0.726093,0.192308
3424.807824,sim,0.677086,0.778543,0.801854,0.784371,0.726093,0.192308
3424.811811,sim,0.677086,0.778543,0.801854,0.784371,0.726093,0.192308
3424.816144,sim,0.677086,0.778543,0.801854,0.784371,0.726093,0.192308
3424.819879,sim,0.677086,0.778543,0.801854,0.784371,0.726093,0.192308
3424.823812,sim,0.677086,0.778543,0.801854,0.784371,0.726093,0.192308
3424.827792,sim,0.677086,0.778543,0.801854,0.784371,0.726093,0.192308
3424.831841,sim,0.677086,0.778543,0.801854,0.784371,0.726093,0.192308
3424.835926,sim,0.677086,0.778543,0.801854,0.784371,0.726093,0.192308
3424.839825,sim,0.677086,0.778543,0.801854,0.784371,0.726093,0.192308
3424.843823,sim,0.677086,0.778543,0.801854,0.784371,0.726093,0.192308
3424.847879,sim,0.677086,0.778543,0.801854,0.784371,0.726093,0.192308
3424.851836,sim,0.677086,0.778543,0.801854,0.784371,0.726093,0.192308
3424.855963,sim,0.677086,0.778543,0.801854,0.784371,0.726093,0.192308
3424.859806,sim,0.677086,0.778543,0.801854,0.784371,0.726093,0.192308
3424.863848,sim,0.677086,0.778543,0.801854,0.784371,0.726093,0.192308
3424.867892,sim,0.677086,0.778543,0.801854,0.784371,0.726093,0.192308
3424.871864,sim,0.677086,0.778543,0.801854,0.784371,0.726093,0.192308
3424.875854,sim,0.677086,0.778543,0.801854,0.784371,0.726093,0.192308
3424.879870,sim,0.677086,0.778543,0.801854,0.784371,0.726093,0.192308
3424.883929,sim,0.677086,0.778543,0.801854,0.784371,0.726093,0.192308
3424.887880,sim,0.677086,0.778543,0.801854,0.784371,0.726093,0.192308
3424.891826,sim,0.677086,0.778543,0.801854,0.784371,0.726093,0.192308
3424.895904,sim,0.677086,0.778543,0.801854,0.784371,0.726093,0.192308
3424.899889,sim,0.677086,0.778543,0.801854,0.784371,0.726093,0.192308
3424.903874,sim,0.677086,0.778543,0.801854,0.784371,0.726093,0.192308
3424.908325,sim,0.677086,0.778543,0.801854,0.784371,0.726093,0.192308
3424.911906,sim,0.677086,0.778543,0.801854,0.784371,0.726093,0.192308
3424.916165,sim,0.677086,0.778543,0.801854,0.784371,0.726093,0.192308
3424.920030,sim,0.677086,0.778543,0.801854,0.784371,0.726093,0.192308
3424.924321,sim,0.677086,0.778543,0.801854,0.784371,0.726093,0.192308
3424.928099,sim,0.677086,0.778543,0.801854,0.784371,0.726093,0.192308
3424.931997,sim,0.677086,0.778543,0.801854,0.784371,0.726093,0.192308
3424.936065,sim,0.677086,0.778543,0.801854,0.784371,0.726093,0.192308
3424.939880,sim,0.677086,0.778543,0.801854,0.784371,0.726093,0.192308
3424.944202,sim,0.677086,0.778543,0.801854,0.784371,0.726093,0.192308
3424.948037,sim,0.677086,0.778543,0.801854,0.784371,0.726093,0.192308
3424.952041,sim,0.677086,0.778543,0.801854,0.784371,0.726093,0.192308
3424.955916,sim,0.677086,0.778543,0.801854,0.784371,0.726093,0.192308
3424.960169,sim,0.677086,0.778543,0.801854,0.784371,0.726093,0.192308
3424.964046,sim,0.677086,0.778543,0.801854,0.784371,0.726093,0.192308
3424.967986,sim,0.677086,0.778543,0.801854,0.784371,0.726093,0.192308
3424.971881,sim,0.677086,0.778543,0.801854,0.784371,0.726093,0.192308
3424.976426,sim,0.677086,0.778543,0.801854,0.784371,0.726093,0.192308
3424.980194,sim,0.677086,0.778543,0.801854,0.784371,0.726093,0.192308
3424.984203,sim,0.677086,0.778543,0.801854,0.784371,0.726093,0.192308
3424.987966,sim,0.677086,0.778543,0.801854,0.784371,0.726093,0.192308
3424.992155,sim,0.677086,0.778543,0.801854,0.784371,0.726093,0.192308
3424.996390,sim,0.677086,0.778543,0.801854,0.784371,0.726093,0.192308
3425.000206,sim,0.677086,0.778543,0.801854,0.784371,0.726093,0.192308
3425.003904,sim,0.677086,0.778543,0.801854,0.784371,0.726093,0.192308
3425.008227,sim,0.677086,0.778543,0.801854,0.784371,0.726093,0.192308
3425.012129,sim,0.677086,0.778543,0.801854,0.784371,0.726093,0.192308
3425.016181,sim,0.677086,0.778543,0.801854,0.784371,0.726093,0.192308
3425.019874,sim,0.677086,0.778543,0.801854,0.784371,0.726093,0.192308
3425.024247,sim,0.677086,0.778543,0.801854,0.784371,0.726093,0.192308
3425.027946,sim,0.677086,0.778543,0.801854,0.784371,0.726093,0.192308
3425.031915,sim,0.677086,0.778543,0.801854,0.784371,0.726093,0.192308
3425.036052,sim,0.677086,0.778543,0.801854,0.784371,0.726093,0.192308
3425.039993,sim,0.677086,0.778543,0.801854,0.784371,0.726093,0.192308
3425.043942,sim,0.677086,0.778543,0.801854,0.784371,0.726093,0.192308
3425.048539,sim,0.677086,0.778543,0.801854,0.784371,0.726093,0.192308
3425.052208,sim,0.677086,0.778543,0.801854,0.784371,0.726093,0.192308
3425.056252,sim,0.677086,0.778543,0.801854,0.784371,0.726093,0.192308
3425.060047,sim,0.677086,0.778543,0.801854,0.784371,0.726093,0.192308
3425.064238,sim,0.677086,0.778543,0.801854,0.784371,0.726093,0.192308
3425.068121,sim,0.677086,0.778543,0.801854,0.784371,0.726093,0.192308
3425.071951,sim,0.677086,0.778543,0.801854,0.784371,0.726093,0.192308
3425.076251,sim,0.677086,0.778543,0.801854,0.784371,0.726093,0.192308
3425.080102,sim,0.677086,0.778543,0.801854,0.784371,0.726093,0.192308
3425.083995,sim,0.677086,0.778543,0.801854,0.784371,0.726093,0.192308
3425.088027,sim,0.677086,0.778543,0.801854,0.784371,0.726093,0.192308
3425.092747,sim,0.677086,0.778543,0.801854,0.784371,0.726093,0.192308
3425.096153,sim,0.677086,0.778543,0.801854,0.784371,0.726093,0.192308
3425.099987,sim,0.677086,0.778543,0.801854,0.784371,0.726093,0.192308
3425.103938,sim,0.677086,0.778543,0.801854,0.784371,0.726093,0.192308
3425.108045,sim,0.677086,0.778543,0.801854,0.784371,0.726093,0.192308
3425.112041,sim,0.673024,0.776212,0.800300,0.784371,0.726093,0.192308
3425.116437,sim,0.673024,0.776212,0.800300,0.784371,0.726093,0.192308
3425.120100,sim,0.673024,0.776212,0.800300,0.784371,0.726093,0.192308
3425.124041,sim,0.673024,0.776212,0.800300,0.784371,0.726093,0.192308
3425.127969,sim,0.664630,0.771083,0.795845,0.784371,0.724539,0.192308
3425.131970,sim,0.664630,0.771083,0.795845,0.784371,0.724539,0.192308
3425.136133,sim,0.664630,0.771083,0.795845,0.784371,0.724539,0.192308
3425.139915,sim,0.664630,0.771083,0.795845,0.784371,0.724539,0.192308
3425.144041,sim,0.664630,0.771083,0.795845,0.784371,0.724539,0.192308
3425.148026,sim,0.664630,0.771083,0.795845,0.784371,0.724539,0.192308
3425.152020,sim,0.651668,0.760422,0.788099,0.784371,0.718530,0.192308
3425.156133,sim,0.651668,0.760422,0.788099,0.784371,0.718530,0.192308
3425.159941,sim,0.651668,0.760422,0.788099,0.784371,0.718530,0.192308
3425.163892,sim,0.651668,0.760422,0.788099,0.784371,0.718530,0.192308
3425.168105,sim,0.651668,0.760422,0.788099,0.784371,0.718530,0.192308
3425.172055,sim,0.637185,0.747298,0.776723,0.784371,0.708659,0.187179
3425.176114,sim,0.637185,0.747298,0.776723,0.784371,0.708659,0.187179
3425.179891,sim,0.637185,0.747298,0.776723,0.784371,0.708659,0.187179
3425.184029,sim,0.637185,0.747298,0.776723,0.784371,0.708659,0.187179
3425.188281,sim,0.637185,0.747298,0.776723,0.784371,0.708659,0.187179
3425.192023,sim,0.622196,0.733592,0.762202,0.784371,0.695443,0.175556
3425.196056,sim,0.622196,0.733592,0.762202,0.784371,0.695443,0.175556
3425.200019,sim,0.622196,0.733592,0.762202,0.784371,0.695443,0.175556
3425.204024,sim,0.622196,0.733592,0.762202,0.784371,0.695443,0.175556
3425.208084,sim,0.622196,0.733592,0.762202,0.784371,0.695443,0.175556
3425.211981,sim,0.606769,0.718605,0.747286,0.782040,0.680104,0.158302
3425.216220,sim,0.606769,0.718605,0.747286,0.782040,0.680104,0.158302
3425.219989,sim,0.606769,0.718605,0.747286,0.782040,0.680104,0.158302
3425.224071,sim,0.606769,0.718605,0.747286,0.782040,0.680104,0.158302
3425.228030,sim,0.606769,0.718605,0.747286,0.782040,0.680104,0.158302
3425.232043,sim,0.606769,0.718605,0.747286,0.782040,0.680104,0.158302
3425.236133,sim,0.606769,0.718605,0.747286,0.782040,0.680104,0.158302
3425.239960,sim,0.606769,0.718605,0.747286,0.782040,0.680104,0.158302
3425.243902,sim,0.606769,0.718605,0.747286,0.782040,0.680104,0.158302
3425.248433,sim,0.606769,0.718605,0.747286,0.782040,0.680104,0.158302
3425.252071,sim,0.586899,0.699400,0.725034,0.771472,0.657485,0.137195
3425.256079,sim,0.586899,0.699400,0.725034,0.771472,0.657485,0.137195
3425.259925,sim,0.586899,0.699400,0.725034,0.771472,0.657485,0.137195
3425.263978,sim,0.586899,0.699400,0.725034,0.771472,0.657485,0.137195
3425.268228,sim,0.586899,0.699400,0.725034,0.771472,0.657485,0.137195
3425.271956,sim,0.568055,0.681202,0.701864,0.759205,0.633220,0.118902
3425.276041,sim,0.568055,0.681202,0.701864,0.759205,0.633220,0.118902
3425.279961,sim,0.568055,0.681202,0.701864,0.759205,0.633220,0.118902
3425.283946,sim,0.568055,0.681202,0.701864,0.759205,0.633220,0.118902
3425.288314,sim,0.568055,0.681202,0.701864,0.759205,0.633220,0.118902
3425.292033,sim,0.550098,0.663099,0.677898,0.743134,0.608305,0.103049
3425.296053,sim,0.550098,0.663099,0.677898,0.743134,0.608305,0.103049
3425.299982,sim,0.550098,0.663099,0.677898,0.743134,0.608305,0.103049
3425.303892,sim,0.550098,0.663099,0.677898,0.743134,0.608305,0.103049
3425.308016,sim,0.550098,0.663099,0.677898,0.743134,0.608305,0.103049
3425.312049,sim,0.550098,0.663099,0.677898,0.743134,0.608305,0.103049
3425.316265,sim,0.529661,0.643525,0.653242,0.724544,0.581273,0.090335
3425.320192,sim,0.529661,0.643525,0.653242,0.724544,0.581273,0.090335
3425.324095,sim,0.529661,0.643525,0.653242,0.724544,0.581273,0.090335
3425.328129,sim,0.529661,0.643525,0.653242,0.724544,0.581273,0.090335
3425.332117,sim,0.529661,0.643525,0.653242,0.724544,0.581273,0.090335
3425.336216,sim,0.507887,0.625006,0.626435,0.705325,0.553182,0.079316
3425.340142,sim,0.507887,0.625006,0.626435,0.705325,0.553182,0.079316
3425.344084,sim,0.507887,0.625006,0.626435,0.705325,0.553182,0.079316
3425.348149,sim,0.507887,0.625006,0.626435,0.705325,0.553182,0.079316
3425.352126,sim,0.487392,0.607403,0.600093,0.685560,0.525729,0.069766
3425.356233,sim,0.487392,0.607403,0.600093,0.685560,0.525729,0.069766
3425.360076,sim,0.487392,0.607403,0.600093,0.685560,0.525729,0.069766
3425.363995,sim,0.487392,0.607403,0.600093,0.685560,0.525729,0.069766
3425.368037,sim,0.487392,0.607403,0.600093,0.685560,0.525729,0.069766
3425.372114,sim,0.487392,0.607403,0.600093,0.685560,0.525729,0.069766
3425.376140,sim,0.468004,0.587484,0.572602,0.662990,0.495720,0.061489
3425.380030,sim,0.468004,0.587484,0.572602,0.662990,0.495720,0.061489
3425.383969,sim,0.468004,0.587484,0.572602,0.662990,0.495720,0.061489
3425.388105,sim,0.468004,0.587484,0.572602,0.662990,0.495720,0.061489
3425.392101,sim,0.468004,0.587484,0.572602,0.662990,0.495720,0.061489
3425.396140,sim,0.447140,0.567113,0.545668,0.639545,0.465827,0.054316
3425.400115,sim,0.447140,0.567113,0.545668,0.639545,0.465827,0.054316
3425.404034,sim,0.447140,0.567113,0.545668,0.639545,0.465827,0.054316
3425.408200,sim,0.447140,0.567113,0.545668,0.639545,0.465827,0.054316
3425.412182,sim,0.447140,0.567113,0.545668,0.639545,0.465827,0.054316
3425.416213,sim,0.425808,0.547904,0.518440,0.616118,0.435258,0.048100
3425.420035,sim,0.425808,0.547904,0.518440,0.616118,0.435258,0.048100
3425.424421,sim,0.425808,0.547904,0.518440,0.616118,0.435258,0.048100
3425.428169,sim,0.425808,0.547904,0.518440,0.616118,0.435258,0.048100
3425.432143,sim,0.425808,0.547904,0.518440,0.616118,0.435258,0.048100
3425.436204,sim,0.404072,0.528925,0.490180,0.591152,0.404879,0.042712
3425.440136,sim,0.404072,0.528925,0.490180,0.591152,0.404879,0.042712
3425.444150,sim,0.404072,0.528925,0.490180,0.591152,0.404879,0.042712
3425.448119,sim,0.404072,0.528925,0.490180,0.591152,0.404879,0.042712
3425.452269,sim,0.404072,0.528925,0.490180,0.591152,0.404879,0.042712
3425.456228,sim,0.383608,0.509369,0.461803,0.566407,0.373889,0.038043
3425.460191,sim,0.383608,0.509369,0.461803,0.566407,0.373889,0.038043
3425.464093,sim,0.383608,0.509369,0.461803,0.566407,0.373889,0.038043
3425.468048,sim,0.383608,0.509369,0.461803,0.566407,0.373889,0.038043
3425.472119,sim,0.383608,0.509369,0.461803,0.566407,0.373889,0.038043
3425.476188,sim,0.361811,0.490089,0.433324,0.540299,0.343145,0.033996
3425.480111,sim,0.361811,0.490089,0.433324,0.540299,0.343145,0.033996
3425.484029,sim,0.361811,0.490089,0.433324,0.540299,0.343145,0.033996
3425.488158,sim,0.361811,0.490089,0.433324,0.540299,0.343145,0.033996
3425.492121,sim,0.361811,0.490089,0.433324,0.540299,0.343145,0.033996
3425.496236,sim,0.340484,0.469494,0.404757,0.513787,0.313392,0.030489
3425.500052,sim,0.340484,0.469494,0.404757,0.513787,0.313392,0.030489
3425.504081,sim,0.340484,0.469494,0.404757,0.513787,0.313392,0.030489
3425.508052,sim,0.340484,0.469494,0.404757,0.513787,0.313392,0.030489
3425.512093,sim,0.340484,0.469494,0.404757,0.513787,0.313392,0.030489
3425.516418,sim,0.320375,0.449314,0.375337,0.486924,0.287607,0.027449
3425.520235,sim,0.320375,0.449314,0.375337,0.486924,0.287607,0.027449
3425.524176,sim,0.320375,0.449314,0.375337,0.486924,0.287607,0.027449
3425.528066,sim,0.320375,0.449314,0.375337,0.486924,0.287607,0.027449
3425.532093,sim,0.320375,0.449314,0.375337,0.486924,0.287607,0.027449
3425.536236,sim,0.301323,0.429494,0.345954,0.459758,0.265259,0.024815
3425.540188,sim,0.301323,0.429494,0.345954,0.459758,0.265259,0.024815
3425.544142,sim,0.301323,0.429494,0.345954,0.459758,0.265259,0.024815
3425.548034,sim,0.301323,0.429494,0.345954,0.459758,0.265259,0.024815
3425.552211,sim,0.301323,0.429494,0.345954,0.459758,0.265259,0.024815
3425.556211,sim,0.279937,0.409985,0.316604,0.433883,0.245891,0.022532
3425.560148,sim,0.279937,0.409985,0.316604,0.433883,0.245891,0.022532
3425.564061,sim,0.279937,0.409985,0.316604,0.433883,0.245891,0.022532
3425.568164,sim,0.279937,0.409985,0.316604,0.433883,0.245891,0.022532
3425.572349,sim,0.279937,0.409985,0.316604,0.433883,0.245891,0.022532
3425.576224,sim,0.258965,0.390747,0.290390,0.406019,0.229106,0.020553
3425.580096,sim,0.258965,0.390747,0.290390,0.406019,0.229106,0.020553
3425.584166,sim,0.258965,0.390747,0.290390,0.406019,0.229106,0.020553
3425.588080,sim,0.258965,0.390747,0.290390,0.406019,0.229106,0.020553
3425.592275,sim,0.258965,0.390747,0.290390,0.406019,0.229106,0.020553
3425.596097,sim,0.237540,0.371742,0.267671,0.380316,0.214558,0.018839
3425.600183,sim,0.237540,0.371742,0.267671,0.380316,0.214558,0.018839
3425.604107,sim,0.237540,0.371742,0.267671,0.380316,0.214558,0.018839
3425.608114,sim,0.237540,0.371742,0.267671,0.380316,0.214558,0.018839
3425.612085,sim,0.237540,0.371742,0.267671,0.380316,0.214558,0.018839
3425.616412,sim,0.217347,0.351386,0.247982,0.351823,0.201951,0.017352
3425.620147,sim,0.217347,0.351386,0.247982,0.351823,0.201951,0.017352
3425.624072,sim,0.217347,0.351386,0.247982,0.351823,0.201951,0.017352
3425.628050,sim,0.217347,0.351386,0.247982,0.351823,0.201951,0.017352
3425.632211,sim,0.217347,0.351386,0.247982,0.351823,0.201951,0.017352
3425.636157,sim,0.199847,0.332190,0.230918,0.324022,0.191024,0.016064
3425.640154,sim,0.199847,0.332190,0.230918,0.324022,0.191024,0.016064
3425.644534,sim,0.199847,0.332190,0.230918,0.324022,0.191024,0.016064
3425.648084,sim,0.199847,0.332190,0.230918,0.324022,0.191024,0.016064
3425.652221,sim,0.199847,0.332190,0.230918,0.324022,0.191024,0.016064
3425.656110,sim,0.184679,0.312446,0.216129,0.296819,0.181554,0.014948
3425.660102,sim,0.184679,0.312446,0.216129,0.296819,0.181554,0.014948
3425.664142,sim,0.184679,0.312446,0.216129,0.296819,0.181554,0.014948
3425.668123,sim,0.184679,0.312446,0.216129,0.296819,0.181554,0.014948
3425.672160,sim,0.184679,0.312446,0.216129,0.296819,0.181554,0.014948
3425.676215,sim,0.171535,0.293003,0.203311,0.273243,0.173347,0.013981
3425.680147,sim,0.171535,0.293003,0.203311,0.273243,0.173347,0.013981
3425.684093,sim,0.171535,0.293003,0.203311,0.273243,0.173347,0.013981
3425.688084,sim,0.171535,0.293003,0.203311,0.273243,0.173347,0.013981
3425.692321,sim,0.171535,0.293003,0.203311,0.273243,0.173347,0.013981
3425.696194,sim,0.160142,0.273821,0.192203,0.252810,0.166234,0.013142
3425.700171,sim,0.160142,0.273821,0.192203,0.252810,0.166234,0.013142
3425.704126,sim,0.160142,0.273821,0.192203,0.252810,0.166234,0.013142
3425.708265,sim,0.160142,0.273821,0.192203,0.252810,0.166234,0.013142
3425.712152,sim,0.160142,0.273821,0.192203,0.252810,0.166234,0.013142
3425.716455,sim,0.160142,0.273821,0.192203,0.252810,0.166234,0.013142
3425.720136,sim,0.150269,0.254088,0.182576,0.235102,0.160069,0.012416
3425.724370,sim,0.150269,0.254088,0.182576,0.235102,0.160069,0.012416
3425.728314,sim,0.150269,0.254088,0.182576,0.235102,0.160069,0.012416
3425.732268,sim,0.150269,0.254088,0.182576,0.235102,0.160069,0.012416
3425.736361,sim,0.141712,0.236987,0.174233,0.219755,0.154727,0.011786
3425.740210,sim,0.141712,0.236987,0.174233,0.219755,0.154727,0.011786
3425.744173,sim,0.141712,0.236987,0.174233,0.219755,0.154727,0.011786
3425.748173,sim,0.141712,0.236987,0.174233,0.219755,0.154727,0.011786
3425.752213,sim,0.141712,0.236987,0.174233,0.219755,0.154727,0.011786
3425.756317,sim,0.141712,0.236987,0.174233,0.219755,0.154727,0.011786
3425.760344,sim,0.134296,0.222166,0.167002,0.206455,0.150097,0.011240
3425.764220,sim,0.134296,0.222166,0.167002,0.206455,0.150097,0.011240
3425.768128,sim,0.134296,0.222166,0.167002,0.206455,0.150097,0.011240
3425.772199,sim,0.134296,0.222166,0.167002,0.206455,0.150097,0.011240
3425.776439,sim,0.134296,0.222166,0.167002,0.206455,0.150097,0.011240
3425.780290,sim,0.127869,0.209321,0.160735,0.194927,0.146084,0.010767
3425.784187,sim,0.127869,0.209321,0.160735,0.194927,0.146084,0.010767
3425.788116,sim,0.127869,0.209321,0.160735,0.194927,0.146084,0.010767
3425.792290,sim,0.127869,0.209321,0.160735,0.194927,0.146084,0.010767
3425.796393,sim,0.127869,0.209321,0.160735,0.194927,0.146084,0.010767
3425.800184,sim,0.122299,0.198188,0.155303,0.184937,0.142606,0.010357
3425.804261,sim,0.122299,0.198188,0.155303,0.184937,0.142606,0.010357
3425.808340,sim,0.122299,0.198188,0.155303,0.184937,0.142606,0.010357
3425.812264,sim,0.122299,0.198188,0.155303,0.184937,0.142606,0.010357
3425.816599,sim,0.122299,0.198188,0.155303,0.184937,0.142606,0.010357
3425.820183,sim,0.117471,0.188540,0.150596,0.176279,0.139592,0.010002
3425.824292,sim,0.117471,0.188540,0.150596,0.176279,0.139592,0.010002
3425.828248,sim,0.117471,0.188540,0.150596,0.176279,0.139592,0.010002
3425.832213,sim,0.117471,0.188540,0.150596,0.176279,0.139592,0.010002
3425.836254,sim,0.117471,0.188540,0.150596,0.176279,0.139592,0.010002
3425.840289,sim,0.113288,0.180179,0.146517,0.168775,0.136979,0.009694
3425.844287,sim,0.113288,0.180179,0.146517,0.168775,0.136979,0.009694
3425.848170,sim,0.113288,0.180179,0.146517,0.168775,0.136979,0.009694
3425.852170,sim,0.113288,0.180179,0.146517,0.168775,0.136979,0.009694
3425.856355,sim,0.113288,0.180179,0.146517,0.168775,0.136979,0.009694
3425.860254,sim,0.109662,0.172932,0.142981,0.162272,0.134716,0.009427
3425.864266,sim,0.109662,0.172932,0.142981,0.162272,0.134716,0.009427
3425.868156,sim,0.109662,0.172932,0.142981,0.162272,0.134716,0.009427
3425.872160,sim,0.109662,0.172932,0.142981,0.162272,0.134716,0.009427
3425.876412,sim,0.109662,0.172932,0.142981,0.162272,0.134716,0.009427
3425.880228,sim,0.106519,0.166651,0.139917,0.156635,0.132753,0.009196
3425.884192,sim,0.106519,0.166651,0.139917,0.156635,0.132753,0.009196
3425.888199,sim,0.106519,0.166651,0.139917,0.156635,0.132753,0.009196
3425.892169,sim,0.106519,0.166651,0.139917,0.156635,0.132753,0.009196
3425.896313,sim,0.106519,0.166651,0.139917,0.156635,0.132753,0.009196
3425.900177,sim,0.103796,0.161208,0.137261,0.151751,0.131053,0.008995
3425.904258,sim,0.103796,0.161208,0.137261,0.151751,0.131053,0.008995
3425.908197,sim,0.103796,0.161208,0.137261,0.151751,0.131053,0.008995
3425.912205,sim,0.103796,0.161208,0.137261,0.151751,0.131053,0.008995
3425.916344,sim,0.103796,0.161208,0.137261,0.151751,0.131053,0.008995
3425.920281,sim,0.103796,0.161208,0.137261,0.151751,0.131053,0.008995
3425.924195,sim,0.101435,0.156491,0.134960,0.147517,0.129579,0.008821
3425.928278,sim,0.101435,0.156491,0.134960,0.147517,0.129579,0.008821
3425.932210,sim,0.099390,0.152402,0.132965,0.143848,0.128302,0.008671
3425.936334,sim,0.097344,0.148314,0.130971,0.140179,0.127025,0.008520
3425.940169,sim,0.095298,0.144226,0.128976,0.136510,0.125748,0.008370
3425.944297,sim,0.093253,0.140137,0.126981,0.132841,0.124470,0.008219
3425.948330,sim,0.091207,0.136049,0.124987,0.129172,0.123193,0.008069
3425.952257,sim,0.089161,0.131960,0.122992,0.125503,0.121916,0.007918
3425.956409,sim,0.087116,0.127872,0.120997,0.121834,0.120639,0.007768
3425.960196,sim,0.086093,0.125828,0.120000,0.120000,0.120000,0.007693
3425.964167,sim,0.086093,0.125828,0.120000,0.120000,0.120000,0.007692
3425.968252,sim,0.086093,0.125828,0.120000,0.120000,0.120000,0.007693
3425.972287,sim,0.086092,0.125827,0.120000,0.120000,0.120000,0.007692
3425.976296,sim,0.086093,0.125828,0.120000,0.120000,0.120000,0.007693
3425.980292,sim,0.086092,0.125827,0.120000,0.120000,0.120000,0.007692
3425.984265,sim,0.086093,0.125828,0.120000,0.120000,0.120000,0.007692
3425.988295,sim,0.086092,0.125828,0.120000,0.120000,0.120000,0.007692
3425.992287,sim,0.086093,0.125828,0.120000,0.120000,0.120000,0.007693
3425.996281,sim,0.086092,0.125828,0.120000,0.120000,0.120000,0.007692
3426.000251,sim,0.086093,0.125828,0.120000,0.120000,0.120000,0.007693
3426.004954,sim,0.086092,0.125828,0.120000,0.120000,0.120000,0.007692
3426.008252,sim,0.086093,0.125828,0.120000,0.120000,0.120000,0.007693
3426.012233,sim,0.086092,0.125828,0.120000,0.120000,0.120000,0.007692
3426.016485,sim,0.086093,0.125828,0.120000,0.120000,0.120000,0.007693
3426.020233,sim,0.086092,0.125828,0.120000,0.120000,0.120000,0.007692
3426.024195,sim,0.086093,0.125828,0.120000,0.120000,0.120000,0.007693
3426.028172,sim,0.086092,0.125827,0.120000,0.120000,0.120000,0.007692
3426.032207,sim,0.086093,0.125828,0.120000,0.120000,0.120000,0.007692
3426.036298,sim,0.086092,0.125828,0.120000,0.120000,0.120000,0.007692
3426.040171,sim,0.086093,0.125828,0.120000,0.120000,0.120000,0.007693
3426.044175,sim,0.086093,0.125828,0.120000,0.120000,0.120000,0.007692
3426.048305,sim,0.086093,0.125828,0.120000,0.120000,0.120000,0.007693
3426.052221,sim,0.086092,0.125827,0.120000,0.120000,0.120000,0.007692
3426.056800,sim,0.086093,0.125828,0.120000,0.120000,0.120000,0.007693
3426.060178,sim,0.086093,0.125828,0.120000,0.120000,0.120000,0.007692
3426.064323,sim,0.086093,0.125828,0.120000,0.120000,0.120000,0.007693
3426.068282,sim,0.086092,0.125828,0.120000,0.120000,0.120000,0.007692
3426.072233,sim,0.086093,0.125828,0.120000,0.120000,0.120000,0.007692
3426.076587,sim,0.086093,0.125828,0.120000,0.120000,0.120000,0.007692
3426.080459,sim,0.086093,0.125828,0.120000,0.120000,0.120000,0.007692
3426.084372,sim,0.086093,0.125828,0.120000,0.120000,0.120000,0.007692
3426.088244,sim,0.086093,0.125828,0.120000,0.120000,0.120000,0.007692
3426.092240,sim,0.086093,0.125828,0.120000,0.120000,0.120000,0.007692
3426.096340,sim,0.086093,0.125828,0.120000,0.120000,0.120000,0.007692
3426.100227,sim,0.086093,0.125828,0.120000,0.120000,0.120000,0.007692
3426.104231,sim,0.086093,0.125828,0.120000,0.120000,0.120000,0.007692
3426.108484,sim,0.086093,0.125828,0.120000,0.120000,0.120000,0.007692
3426.112351,sim,0.086092,0.125828,0.120000,0.120000,0.120000,0.007692
3426.116453,sim,0.086093,0.125828,0.120000,0.120000,0.120000,0.007693
3426.120266,sim,0.086092,0.125828,0.120000,0.120000,0.120000,0.007692
3426.124222,sim,0.086093,0.125828,0.120000,0.120000,0.120000,0.007693
3426.128350,sim,0.086092,0.125828,0.120000,0.120000,0.120000,0.007692
3426.132262,sim,0.086093,0.125828,0.120000,0.120000,0.120000,0.007693
3426.136262,sim,0.086092,0.125828,0.120000,0.120000,0.120000,0.007692
3426.140206,sim,0.086093,0.125828,0.120000,0.120000,0.120000,0.007693
3426.144599,sim,0.086092,0.125828,0.120000,0.120000,0.120000,0.007692
3426.148385,sim,0.086093,0.125828,0.120000,0.120000,0.120000,0.007693
3426.152324,sim,0.086092,0.125827,0.120000,0.120000,0.120000,0.007692
3426.156295,sim,0.086093,0.125828,0.120000,0.120000,0.120000,0.007693
3426.160445,sim,0.086092,0.125828,0.120000,0.120000,0.120000,0.007692
3426.164435,sim,0.086093,0.125828,0.120000,0.120000,0.120000,0.007693
3426.168495,sim,0.086092,0.125828,0.120000,0.120000,0.120000,0.007692
3426.172288,sim,0.086093,0.125828,0.120000,0.120000,0.120000,0.007692
3426.176494,sim,0.086093,0.125828,0.120000,0.120000,0.120000,0.007692
3426.180370,sim,0.086093,0.125828,0.120000,0.120000,0.120000,0.007693
3426.184295,sim,0.086092,0.125827,0.120000,0.120000,0.120000,0.007692
3426.188810,sim,0.086093,0.125828,0.120000,0.120000,0.120000,0.007693
3426.192307,sim,0.086092,0.125827,0.120000,0.120000,0.120000,0.007692
3426.196303,sim,0.086093,0.125828,0.120000,0.120000,0.120000,0.007693
3426.200282,sim,0.086092,0.125828,0.120000,0.120000,0.120000,0.007692
3426.204299,sim,0.086093,0.125828,0.120000,0.120000,0.120000,0.007693
3426.208360,sim,0.086092,0.125827,0.120000,0.120000,0.120000,0.007692
3426.212266,sim,0.086093,0.125828,0.120000,0.120000,0.120000,0.007692
3426.216508,sim,0.086092,0.125828,0.120000,0.120000,0.120000,0.007692
3426.220302,sim,0.086093,0.125828,0.120000,0.120000,0.120000,0.007693
3426.224464,sim,0.086093,0.125828,0.120000,0.120000,0.120000,0.013846
3426.228365,sim,0.086093,0.125828,0.120000,0.120000,0.120000,0.013846
3426.232309,sim,0.086092,0.125828,0.120000,0.120000,0.120000,0.013846
3426.236266,sim,0.086093,0.125828,0.120000,0.120000,0.120000,0.013847
3426.240341,sim,0.086093,0.125828,0.120000,0.120000,0.120000,0.013846
3426.244323,sim,0.086093,0.125828,0.120777,0.120000,0.121554,0.027385
3426.248270,sim,0.086093,0.125828,0.120777,0.120000,0.121554,0.027384
3426.252245,sim,0.086093,0.125828,0.120777,0.120000,0.121554,0.027385
3426.256405,sim,0.086093,0.125828,0.120777,0.120000,0.121554,0.027384
3426.260347,sim,0.086093,0.125828,0.120777,0.120000,0.121554,0.027385
3426.264404,sim,0.086092,0.125828,0.124558,0.120000,0.126786,0.046297
3426.268253,sim,0.086093,0.125828,0.124559,0.120000,0.126787,0.046298
3426.272284,sim,0.086093,0.125828,0.124558,0.120000,0.126786,0.046297
3426.276339,sim,0.086093,0.125828,0.124559,0.120000,0.126787,0.046298
3426.280327,sim,0.086093,0.125828,0.124558,0.120000,0.126786,0.046297
3426.284288,sim,0.087718,0.125828,0.130945,0.120000,0.135206,0.065766
3426.288383,sim,0.087717,0.125828,0.130944,0.120000,0.135206,0.065765
3426.293076,sim,0.087718,0.125828,0.130944,0.120000,0.135206,0.065766
3426.296489,sim,0.087717,0.125828,0.130944,0.120000,0.135206,0.065765
3426.300454,sim,0.087718,0.125828,0.130945,0.120000,0.135206,0.065766
3426.304369,sim,0.094000,0.125828,0.138032,0.120000,0.144057,0.082638
3426.308297,sim,0.094000,0.125828,0.138033,0.120000,0.144057,0.082638
3426.312353,sim,0.093999,0.125828,0.138032,0.120000,0.144057,0.082637
3426.316453,sim,0.094000,0.125828,0.138033,0.120000,0.144057,0.082638
3426.322707,sim,0.094000,0.125828,0.138032,0.120000,0.144057,0.082638
3426.324343,sim,0.103506,0.125828,0.147284,0.120000,0.154059,0.097261
3426.328383,sim,0.103506,0.125828,0.147284,0.120000,0.154059,0.097260
3426.332251,sim,0.103507,0.125828,0.147284,0.120000,0.154059,0.097261
3426.336378,sim,0.103506,0.125828,0.147283,0.120000,0.154059,0.097260
3426.340313,sim,0.103507,0.125828,0.147284,0.120000,0.154059,0.097261
3426.344354,sim,0.114182,0.125828,0.156078,0.120777,0.165836,0.109933
3426.348280,sim,0.114182,0.125828,0.156079,0.120777,0.165836,0.109933
3426.352309,sim,0.114182,0.125828,0.156079,0.120777,0.165836,0.109933
3426.356412,sim,0.114182,0.125828,0.156079,0.120777,0.165836,0.109933
3426.360496,sim,0.114182,0.125828,0.156079,0.120777,0.165836,0.109933
3426.364405,sim,0.125872,0.125828,0.167586,0.126113,0.178373,0.120917
3426.368397,sim,0.125872,0.125828,0.167586,0.126113,0.178373,0.120917
3426.372338,sim,0.125872,0.125828,0.167586,0.126113,0.178373,0.120917
3426.376460,sim,0.125872,0.125828,0.167586,0.126113,0.178373,0.120917
3426.380331,sim,0.125872,0.125828,0.167586,0.126113,0.178373,0.120917
3426.384459,sim,0.139252,0.127382,0.179113,0.133845,0.190793,0.130435
3426.388364,sim,0.139252,0.127382,0.179113,0.133845,0.190793,0.130435
3426.392307,sim,0.139252,0.127382,0.179113,0.133845,0.190793,0.130435
3426.397194,sim,0.139252,0.127382,0.179113,0.133845,0.190793,0.130435
3426.400365,sim,0.139252,0.127382,0.179113,0.133845,0.190793,0.130435
3426.404395,sim,0.152473,0.132614,0.191434,0.142878,0.203888,0.138685
3426.408374,sim,0.152473,0.132614,0.191434,0.142878,0.203888,0.138685
3426.412353,sim,0.152473,0.132614,0.191434,0.142878,0.203888,0.138685
3426.416552,sim,0.152473,0.132614,0.191434,0.142878,0.203888,0.138685
3426.420315,sim,0.152473,0.132614,0.191434,0.142878,0.203888,0.138685
3426.424366,sim,0.167993,0.140257,0.204444,0.153814,0.219123,0.145835
3426.428487,sim,0.167993,0.140257,0.204444,0.153814,0.219123,0.145835
3426.432318,sim,0.167993,0.140257,0.204444,0.153814,0.219123,0.145835
3426.436655,sim,0.167993,0.140257,0.204444,0.153814,0.219123,0.145835
3426.440791,sim,0.167993,0.140257,0.204444,0.153814,0.219123,0.145835
3426.444337,sim,0.183069,0.149211,0.217273,0.164846,0.234657,0.152031
3426.448310,sim,0.183069,0.149211,0.217273,0.164846,0.234657,0.152031
3426.452300,sim,0.183069,0.149211,0.217273,0.164846,0.234657,0.152031
3426.456368,sim,0.183069,0.149211,0.217273,0.164846,0.234657,0.152031
3426.460353,sim,0.183069,0.149211,0.217273,0.164846,0.234657,0.152031
3426.464342,sim,0.199384,0.160080,0.232277,0.175962,0.251228,0.157401
3426.468387,sim,0.199384,0.160080,0.232277,0.175962,0.251228,0.157401
3426.472296,sim,0.199384,0.160080,0.232277,0.175962,0.251228,0.157401
3426.476535,sim,0.199384,0.160080,0.232277,0.175962,0.251228,0.157401
3426.480373,sim,0.199384,0.160080,0.232277,0.175962,0.251228,0.157401
3426.484416,sim,0.216773,0.171831,0.246834,0.189480,0.267921,0.162056
3426.488244,sim,0.216773,0.171831,0.246834,0.189480,0.267921,0.162056
3426.492357,sim,0.216773,0.171831,0.246834,0.189480,0.267921,0.162056
3426.496591,sim,0.216773,0.171831,0.246834,0.189480,0.267921,0.162056
3426.500367,sim,0.216773,0.171831,0.246834,0.189480,0.267921,0.162056
3426.504391,sim,0.233468,0.183569,0.262559,0.202751,0.283942,0.166089
3426.508515,sim,0.233468,0.183569,0.262559,0.202751,0.283942,0.166089
3426.512294,sim,0.233468,0.183569,0.262559,0.202751,0.283942,0.166089
3426.516513,sim,0.233468,0.183569,0.262559,0.202751,0.283942,0.166089
3426.520376,sim,0.233468,0.183569,0.262559,0.202751,0.283942,0.166089
3426.524391,sim,0.251187,0.197628,0.277741,0.216582,0.300935,0.169585
3426.528589,sim,0.251187,0.197628,0.277741,0.216582,0.300935,0.169585
3426.532361,sim,0.251187,0.197628,0.277741,0.216582,0.300935,0.169585
3426.536518,sim,0.251187,0.197628,0.277741,0.216582,0.300935,0.169585
3426.540531,sim,0.251187,0.197628,0.277741,0.216582,0.300935,0.169585
3426.544383,sim,0.268167,0.211366,0.293230,0.230124,0.317994,0.172615
3426.548363,sim,0.268167,0.211366,0.293230,0.230124,0.317994,0.172615
3426.552251,sim,0.268167,0.211366,0.293230,0.230124,0.317994,0.172615
3426.556715,sim,0.268167,0.211366,0.293230,0.230124,0.317994,0.172615
3426.561305,sim,0.268167,0.211366,0.293230,0.230124,0.317994,0.172615
3426.564417,sim,0.285321,0.226380,0.308207,0.244192,0.334332,0.175240
3426.568397,sim,0.285321,0.226380,0.308207,0.244192,0.334332,0.175240
3426.572366,sim,0.285321,0.226380,0.308207,0.244192,0.334332,0.175240
3426.576510,sim,0.285321,0.226380,0.308207,0.244192,0.334332,0.175240
3426.580411,sim,0.285321,0.226380,0.308207,0.244192,0.334332,0.175240
3426.584300,sim,0.304250,0.242501,0.324296,0.257937,0.351600,0.177516
3426.588300,sim,0.304250,0.242501,0.324296,0.257937,0.351600,0.177516
3426.592999,sim,0.304250,0.242501,0.324296,0.257937,0.351600,0.177516
3426.596564,sim,0.304250,0.242501,0.324296,0.257937,0.351600,0.177516
3426.600432,sim,0.304250,0.242501,0.324296,0.257937,0.351600,0.177516
3426.604345,sim,0.323092,0.258026,0.339794,0.272958,0.368896,0.179488
3426.608415,sim,0.323092,0.258026,0.339794,0.272958,0.368896,0.179488
3426.612425,sim,0.323092,0.258026,0.339794,0.272958,0.368896,0.179488
3426.616607,sim,0.323092,0.258026,0.339794,0.272958,0.368896,0.179488
3426.620360,sim,0.323092,0.258026,0.339794,0.272958,0.368896,0.179488
3426.625490,sim,0.341046,0.274589,0.356334,0.287531,0.385441,0.181198
3426.628382,sim,0.341046,0.274589,0.356334,0.287531,0.385441,0.181198
3426.632295,sim,0.341046,0.274589,0.356334,0.287531,0.385441,0.181198
3426.636381,sim,0.341046,0.274589,0.356334,0.287531,0.385441,0.181198
3426.640421,sim,0.341046,0.274589,0.356334,0.287531,0.385441,0.181198
3426.644350,sim,0.358231,0.291275,0.372999,0.303269,0.401334,0.182679
3426.648320,sim,0.358231,0.291275,0.372999,0.303269,0.401334,0.182679
3426.652472,sim,0.358231,0.291275,0.372999,0.303269,0.401334,0.182679
3426.656817,sim,0.358231,0.291275,0.372999,0.303269,0.401334,0.182679
3426.660377,sim,0.358231,0.291275,0.372999,0.303269,0.401334,0.182679
3426.664329,sim,0.358231,0.291275,0.372999,0.303269,0.401334,0.182679
3426.668298,sim,0.376374,0.310399,0.389774,0.319239,0.418992,0.183963
3426.672342,sim,0.376374,0.310399,0.389774,0.319239,0.418992,0.183963
3426.676519,sim,0.376374,0.310399,0.389774,0.319239,0.418992,0.183963
3426.680280,sim,0.376374,0.310399,0.389774,0.319239,0.418992,0.183963
3426.684418,sim,0.376374,0.310399,0.389774,0.319239,0.418992,0.183963
3426.688484,sim,0.395348,0.328527,0.406643,0.335411,0.437405,0.185075
3426.692439,sim,0.395348,0.328527,0.406643,0.335411,0.437405,0.185075
3426.696424,sim,0.395348,0.328527,0.406643,0.335411,0.437405,0.185075
3426.700275,sim,0.395348,0.328527,0.406643,0.335411,0.437405,0.185075
3426.704466,sim,0.395348,0.328527,0.406643,0.335411,0.437405,0.185075
3426.708407,sim,0.414228,0.347346,0.422817,0.351758,0.454916,0.186040
3426.712393,sim,0.414228,0.347346,0.422817,0.351758,0.454916,0.186040
3426.716732,sim,0.414228,0.347346,0.422817,0.351758,0.454916,0.186040
3426.720486,sim,0.414228,0.347346,0.422817,0.351758,0.454916,0.186040
3426.724353,sim,0.433029,0.365210,0.439165,0.367479,0.471647,0.186875
3426.728411,sim,0.433029,0.365210,0.439165,0.367479,0.471647,0.186875
3426.732292,sim,0.433029,0.365210,0.439165,0.367479,0.471647,0.186875
3426.736420,sim,0.433029,0.365210,0.439165,0.367479,0.471647,0.186875
3426.740257,sim,0.433029,0.365210,0.439165,0.367479,0.471647,0.186875
3426.744305,sim,0.433029,0.365210,0.439165,0.367479,0.471647,0.186875
3426.748433,sim,0.450947,0.383800,0.456442,0.384213,0.488478,0.187600
3426.752451,sim,0.450947,0.383800,0.456442,0.384213,0.488478,0.187600
3426.756451,sim,0.450947,0.383800,0.456442,0.384213,0.488478,0.187600
3426.760297,sim,0.450947,0.383800,0.456442,0.384213,0.488478,0.187600
3426.764305,sim,0.450947,0.383800,0.456442,0.384213,0.488478,0.187600
3426.768378,sim,0.468101,0.403019,0.472969,0.401046,0.506174,0.188227
3426.772366,sim,0.468101,0.403019,0.472969,0.401046,0.506174,0.188227
3426.776539,sim,0.468101,0.403019,0.472969,0.401046,0.506174,0.188227
3426.780387,sim,0.468101,0.403019,0.472969,0.401046,0.506174,0.188227
3426.784392,sim,0.468101,0.403019,0.472969,0.401046,0.506174,0.188227
3426.788378,sim,0.487030,0.422008,0.491178,0.416412,0.523840,0.188771
3426.792355,sim,0.487030,0.422008,0.491178,0.416412,0.523840,0.188771
3426.796359,sim,0.487030,0.422008,0.491178,0.416412,0.523840,0.188771
3426.800286,sim,0.487030,0.422008,0.491178,0.416412,0.523840,0.188771
3426.805292,sim,0.487030,0.422008,0.491178,0.416412,0.523840,0.188771
3426.808512,sim,0.505060,0.441572,0.508513,0.432838,0.540706,0.189243
3426.812418,sim,0.505060,0.441572,0.508513,0.432838,0.540706,0.189243
3426.816689,sim,0.505060,0.441572,0.508513,0.432838,0.540706,0.189243
3426.820312,sim,0.505060,0.441572,0.508513,0.432838,0.540706,0.189243
3426.824501,sim,0.505060,0.441572,0.508513,0.432838,0.540706,0.189243
3426.828286,sim,0.505060,0.441572,0.508513,0.432838,0.540706,0.189243
3426.832289,sim,0.505060,0.441572,0.508513,0.432838,0.540706,0.189243
3426.836372,sim,0.505060,0.441572,0.508513,0.432838,0.540706,0.189243
3426.840464,sim,0.505060,0.441572,0.508513,0.432838,0.540706,0.189243
3426.844388,sim,0.505060,0.441572,0.508513,0.432838,0.540706,0.189243
3426.848438,sim,0.522310,0.462413,0.528200,0.450958,0.560762,0.189652
3426.852320,sim,0.522310,0.462413,0.528200,0.450958,0.560762,0.189652
3426.856498,sim,0.522310,0.462413,0.528200,0.450958,0.560762,0.189652
3426.860361,sim,0.522310,0.462413,0.528200,0.450958,0.560762,0.189652
3426.864833,sim,0.522310,0.462413,0.528200,0.450958,0.560762,0.189652
3426.868422,sim,0.538885,0.484361,0.546815,0.469771,0.579698,0.190006
3426.872760,sim,0.538885,0.484361,0.546815,0.469771,0.579698,0.190006
3426.876633,sim,0.538885,0.484361,0.546815,0.469771,0.579698,0.190006
3426.880455,sim,0.538885,0.484361,0.546815,0.469771,0.579698,0.190006
3426.884502,sim,0.538885,0.484361,0.546815,0.469771,0.579698,0.190006
3426.888376,sim,0.555687,0.505713,0.566056,0.488406,0.599217,0.190313
3426.892333,sim,0.555687,0.505713,0.566056,0.488406,0.599217,0.190313
3426.896428,sim,0.555687,0.505713,0.566056,0.488406,0.599217,0.190313
3426.900401,sim,0.555687,0.505713,0.566056,0.488406,0.599217,0.190313
3426.904794,sim,0.555687,0.505713,0.566056,0.488406,0.599217,0.190313
3426.908550,sim,0.571874,0.525773,0.585063,0.506111,0.616134,0.190579
3426.912416,sim,0.571874,0.525773,0.585063,0.506111,0.616134,0.190579
3426.916528,sim,0.571874,0.525773,0.585063,0.506111,0.616134,0.190579
3426.920343,sim,0.571874,0.525773,0.585063,0.506111,0.616134,0.190579
3426.924500,sim,0.571874,0.525773,0.585063,0.506111,0.616134,0.190579
3426.928387,sim,0.571874,0.525773,0.585063,0.506111,0.616134,0.190579
3426.932391,sim,0.571874,0.525773,0.585063,0.506111,0.616134,0.190579
3426.936557,sim,0.571874,0.525773,0.585063,0.506111,0.616134,0.190579
3426.940551,sim,0.571874,0.525773,0.585063,0.506111,0.616134,0.190579
3426.944351,sim,0.571874,0.525773,0.585063,0.506111,0.616134,0.190579
3426.948289,sim,0.585902,0.548597,0.606198,0.526117,0.630795,0.190809
3426.952266,sim,0.585902,0.548597,0.606198,0.526117,0.630795,0.190809
3426.956468,sim,0.585902,0.548597,0.606198,0.526117,0.630795,0.190809
3426.960268,sim,0.585902,0.548597,0.606198,0.526117,0.630795,0.190809
3426.964484,sim,0.585902,0.548597,0.606198,0.526117,0.630795,0.190809
3426.968326,sim,0.598060,0.572263,0.626070,0.546564,0.643501,0.191009
3426.972358,sim,0.598060,0.572263,0.626070,0.546564,0.643501,0.191009
3426.976451,sim,0.598060,0.572263,0.626070,0.546564,0.643501,0.191009
3426.980306,sim,0.598060,0.572263,0.626070,0.546564,0.643501,0.191009
3426.984316,sim,0.598060,0.572263,0.626070,0.546564,0.643501,0.191009
3426.988360,sim,0.608597,0.595105,0.645622,0.566616,0.654514,0.191182
3426.992514,sim,0.608597,0.595105,0.645622,0.566616,0.654514,0.191182
3426.996759,sim,0.608597,0.595105,0.645622,0.566616,0.654514,0.191182
3427.000530,sim,0.608597,0.595105,0.645622,0.566616,0.654514,0.191182
3427.004519,sim,0.608597,0.595105,0.645622,0.566616,0.654514,0.191182
3427.008458,sim,0.617729,0.617232,0.663345,0.585549,0.664057,0.191332
3427.012307,sim,0.617729,0.617232,0.663345,0.585549,0.664057,0.191332
3427.016643,sim,0.617729,0.617232,0.663345,0.585549,0.664057,0.191332
3427.020391,sim,0.617729,0.617232,0.663345,0.585549,0.664057,0.191332
3427.024405,sim,0.617729,0.617232,0.663345,0.585549,0.664057,0.191332
3427.028408,sim,0.625643,0.637963,0.681036,0.603511,0.672329,0.191462
3427.032519,sim,0.625643,0.637963,0.681036,0.603511,0.672329,0.191462
3427.036392,sim,0.625643,0.637963,0.681036,0.603511,0.672329,0.191462
3427.040379,sim,0.625643,0.637963,0.681036,0.603511,0.672329,0.191462
3427.044383,sim,0.625643,0.637963,0.681036,0.603511,0.672329,0.191462
3427.048254,sim,0.632502,0.656707,0.696368,0.622963,0.679497,0.191575
3427.052262,sim,0.632502,0.656707,0.696368,0.622963,0.679497,0.191575
3427.056621,sim,0.632502,0.656707,0.696368,0.622963,0.679497,0.191575
3427.060369,sim,0.632502,0.656707,0.696368,0.622963,0.679497,0.191575
3427.064382,sim,0.632502,0.656707,0.696368,0.622963,0.679497,0.191575
3427.068298,sim,0.638447,0.672952,0.709656,0.641376,0.685710,0.191673
3427.072408,sim,0.638447,0.672952,0.709656,0.641376,0.685710,0.191673
3427.076354,sim,0.638447,0.672952,0.709656,0.641376,0.685710,0.191673
3427.080239,sim,0.638447,0.672952,0.709656,0.641376,0.685710,0.191673
3427.084274,sim,0.638447,0.672952,0.709656,0.641376,0.685710,0.191673
3427.088387,sim,0.638447,0.672952,0.709656,0.641376,0.685710,0.191673
3427.092314,sim,0.643598,0.687031,0.721172,0.658888,0.691094,0.191757
3427.096372,sim,0.643598,0.687031,0.721172,0.658888,0.691094,0.191757
3427.100222,sim,0.643598,0.687031,0.721172,0.658888,0.691094,0.191757
3427.104373,sim,0.643598,0.687031,0.721172,0.658888,0.691094,0.191757
3427.108253,sim,0.643598,0.687031,0.721172,0.658888,0.691094,0.191757
3427.112253,sim,0.648063,0.699232,0.731153,0.674065,0.695761,0.191831
3427.116418,sim,0.648063,0.699232,0.731153,0.674065,0.695761,0.191831
3427.120319,sim,0.648063,0.699232,0.731153,0.674065,0.695761,0.191831
3427.124303,sim,0.648063,0.699232,0.731153,0.674065,0.695761,0.191831
3427.128352,sim,0.648063,0.699232,0.731153,0.674065,0.695761,0.191831
3427.132303,sim,0.651933,0.709807,0.739802,0.687218,0.699805,0.191894
3427.136462,sim,0.651933,0.709807,0.739802,0.687218,0.699805,0.191894
3427.140336,sim,0.651933,0.709807,0.739802,0.687218,0.699805,0.191894
3427.144291,sim,0.651933,0.709807,0.739802,0.687218,0.699805,0.191894
3427.148439,sim,0.651933,0.709807,0.739802,0.687218,0.699805,0.191894
3427.152469,sim,0.655287,0.718972,0.747299,0.698618,0.703310,0.191949
3427.156513,sim,0.655287,0.718972,0.747299,0.698618,0.703310,0.191949
3427.160282,sim,0.655287,0.718972,0.747299,0.698618,0.703310,0.191949
3427.164298,sim,0.655287,0.718972,0.747299,0.698618,0.703310,0.191949
3427.168469,sim,0.655287,0.718972,0.747299,0.698618,0.703310,0.191949
3427.172320,sim,0.658193,0.726915,0.753796,0.708498,0.706348,0.191997
3427.176482,sim,0.658193,0.726915,0.753796,0.708498,0.706348,0.191997
3427.180320,sim,0.658193,0.726915,0.753796,0.708498,0.706348,0.191997
3427.184329,sim,0.658193,0.726915,0.753796,0.708498,0.706348,0.191997
3427.188358,sim,0.658193,0.726915,0.753796,0.708498,0.706348,0.191997
3427.192693,sim,0.660712,0.733798,0.759427,0.717060,0.708980,0.192039
3427.196378,sim,0.660712,0.733798,0.759427,0.717060,0.708980,0.192039
3427.200321,sim,0.660712,0.733798,0.759427,0.717060,0.708980,0.192039
3427.204309,sim,0.660712,0.733798,0.759427,0.717060,0.708980,0.192039
3427.208328,sim,0.660712,0.733798,0.759427,0.717060,0.708980,0.192039
3427.212297,sim,0.662896,0.739764,0.764307,0.724481,0.711262,0.192074
3427.216525,sim,0.662896,0.739764,0.764307,0.724481,0.711262,0.192074
3427.220447,sim,0.662896,0.739764,0.764307,0.724481,0.711262,0.192074
3427.224328,sim,0.662896,0.739764,0.764307,0.724481,0.711262,0.192074
3427.228312,sim,0.662896,0.739764,0.764307,0.724481,0.711262,0.192074
3427.232359,sim,0.662896,0.739764,0.764307,0.724481,0.711262,0.192074
3427.236462,sim,0.664788,0.744935,0.768536,0.730912,0.713240,0.192106
3427.240404,sim,0.664788,0.744935,0.768536,0.730912,0.713240,0.192106
3427.244252,sim,0.664788,0.744935,0.768536,0.730912,0.713240,0.192106
3427.248340,sim,0.664788,0.744935,0.768536,0.730912,0.713240,0.192106
3427.252376,sim,0.666427,0.749416,0.772201,0.736486,0.714953,0.192133
3427.256338,sim,0.666427,0.749416,0.772201,0.736486,0.714953,0.192133
3427.262169,sim,0.666427,0.749416,0.772201,0.736486,0.714953,0.192133
3427.264262,sim,0.666427,0.749416,0.772201,0.736486,0.714953,0.192133
3427.268316,sim,0.666427,0.749416,0.772201,0.736486,0.714953,0.192133
3427.272326,sim,0.667849,0.753300,0.775378,0.741316,0.716439,0.192156
3427.276368,sim,0.667849,0.753300,0.775378,0.741316,0.716439,0.192156
3427.280320,sim,0.667849,0.753300,0.775378,0.741316,0.716439,0.192156
3427.284342,sim,0.667849,0.753300,0.775378,0.741316,0.716439,0.192156
3427.288298,sim,0.669080,0.756665,0.778131,0.745503,0.717726,0.192176
3427.292289,sim,0.670312,0.760031,0.780884,0.749689,0.719013,0.192196
3427.296456,sim,0.671544,0.763397,0.783637,0.753876,0.720300,0.192217
3427.300309,sim,0.672775,0.766763,0.786391,0.758062,0.721587,0.192237
3427.304391,sim,0.674007,0.770129,0.789144,0.762249,0.722875,0.192257
3427.308309,sim,0.675239,0.773494,0.791897,0.766435,0.724162,0.192277
3427.312363,sim,0.676470,0.776860,0.794650,0.770622,0.725449,0.192298
3427.316574,sim,0.677086,0.778543,0.796026,0.772715,0.726093,0.192308
3427.320210,sim,0.677086,0.778543,0.796026,0.772715,0.726093,0.192308
3427.324311,sim,0.677086,0.778543,0.796026,0.772715,0.726093,0.192308
3427.328400,sim,0.677086,0.778543,0.796026,0.772715,0.726093,0.192308
3427.332330,sim,0.677086,0.778543,0.796026,0.772715,0.726093,0.192308
3427.336412,sim,0.677086,0.778543,0.796026,0.772715,0.726093,0.192308
3427.340288,sim,0.677086,0.778543,0.796026,0.772715,0.726093,0.192308
3427.345329,sim,0.677086,0.778543,0.796026,0.772715,0.726093,0.192308
3427.348515,sim,0.677086,0.778543,0.796026,0.772715,0.726093,0.192308
3427.352350,sim,0.677086,0.778543,0.796026,0.772715,0.726093,0.192308
3427.357346,sim,0.677086,0.778543,0.796026,0.772715,0.726093,0.192308
3427.360359,sim,0.677086,0.778543,0.796026,0.772715,0.726093,0.192308
3427.364367,sim,0.677086,0.778543,0.796026,0.772715,0.726093,0.192308
3427.368311,sim,0.677086,0.778543,0.796026,0.772715,0.726093,0.192308
3427.372337,sim,0.677086,0.778543,0.796026,0.772715,0.726093,0.192308
3427.376373,sim,0.677086,0.778543,0.796026,0.772715,0.726093,0.192308
3427.380408,sim,0.677086,0.778543,0.796026,0.772715,0.726093,0.192308
3427.384280,sim,0.677086,0.778543,0.796026,0.772715,0.726093,0.192308
3427.388358,sim,0.677086,0.778543,0.796026,0.772715,0.726093,0.192308
3427.392378,sim,0.677086,0.778543,0.796026,0.772715,0.726093,0.192308
3427.396429,sim,0.677086,0.778543,0.796026,0.772715,0.726093,0.192308
3427.400297,sim,0.677086,0.778543,0.796026,0.772715,0.726093,0.192308
3427.404257,sim,0.677086,0.778543,0.796026,0.772715,0.726093,0.192308
3427.408887,sim,0.677086,0.778543,0.796026,0.772715,0.726093,0.192308
3427.412368,sim,0.677086,0.778543,0.796026,0.772715,0.726093,0.192308
3427.416636,sim,0.677086,0.778543,0.796026,0.772715,0.726093,0.192308
3427.420321,sim,0.677086,0.778543,0.796026,0.772715,0.726093,0.192308
3427.424343,sim,0.677086,0.778543,0.796026,0.772715,0.726093,0.192308
3427.428399,sim,0.677086,0.778543,0.796026,0.772715,0.726093,0.192308
3427.432345,sim,0.677086,0.778543,0.796026,0.772715,0.726093,0.192308
3427.436428,sim,0.677086,0.778543,0.796026,0.772715,0.726093,0.192308
3427.440375,sim,0.677086,0.778543,0.796026,0.772715,0.726093,0.192308
3427.444306,sim,0.677086,0.778543,0.796026,0.772715,0.726093,0.192308
3427.448326,sim,0.677086,0.778543,0.796026,0.772715,0.726093,0.192308
3427.452294,sim,0.674649,0.776212,0.796026,0.772715,0.726093,0.192308
3427.456457,sim,0.674649,0.776212,0.796026,0.772715,0.726093,0.192308
3427.460344,sim,0.674649,0.776212,0.796026,0.772715,0.726093,0.192308
3427.464306,sim,0.674649,0.776212,0.796026,0.772715,0.726093,0.192308
3427.468391,sim,0.674649,0.776212,0.796026,0.772715,0.726093,0.192308
3427.472738,sim,0.674649,0.776212,0.796026,0.772715,0.726093,0.192308
3427.476593,sim,0.663601,0.767975,0.790587,0.766499,0.721430,0.192308
3427.480414,sim,0.663601,0.767975,0.790587,0.766499,0.721430,0.192308
3427.484347,sim,0.663601,0.767975,0.790587,0.766499,0.721430,0.192308
3427.488471,sim,0.663601,0.767975,0.790587,0.766499,0.721430,0.192308
3427.492346,sim,0.650776,0.757729,0.783542,0.757226,0.713505,0.192308
3427.496490,sim,0.650776,0.757729,0.783542,0.757226,0.713505,0.192308
3427.500288,sim,0.650776,0.757729,0.783542,0.757226,0.713505,0.192308
3427.504485,sim,0.650776,0.757729,0.783542,0.757226,0.713505,0.192308
3427.508485,sim,0.650776,0.757729,0.783542,0.757226,0.713505,0.192308
3427.512527,sim,0.637225,0.743409,0.773551,0.746082,0.703527,0.188205
3427.516495,sim,0.637225,0.743409,0.773551,0.746082,0.703527,0.188205
3427.520419,sim,0.637225,0.743409,0.773551,0.746082,0.703527,0.188205
3427.524396,sim,0.637225,0.743409,0.773551,0.746082,0.703527,0.188205
3427.528418,sim,0.637225,0.743409,0.773551,0.746082,0.703527,0.188205
3427.532607,sim,0.622231,0.727113,0.760230,0.732538,0.691772,0.178496
3427.536634,sim,0.622231,0.727113,0.760230,0.732538,0.691772,0.178496
3427.540388,sim,0.622231,0.727113,0.760230,0.732538,0.691772,0.178496
3427.544345,sim,0.622231,0.727113,0.760230,0.732538,0.691772,0.178496
3427.548352,sim,0.622231,0.727113,0.760230,0.732538,0.691772,0.178496
3427.552496,sim,0.622231,0.727113,0.760230,0.732538,0.691772,0.178496
3427.556553,sim,0.607611,0.706774,0.744023,0.716138,0.680030,0.160850
3427.560399,sim,0.607611,0.706774,0.744023,0.716138,0.680030,0.160850
3427.564469,sim,0.607611,0.706774,0.744023,0.716138,0.680030,0.160850
3427.568474,sim,0.607611,0.706774,0.744023,0.716138,0.680030,0.160850
3427.572430,sim,0.590879,0.686039,0.726868,0.698816,0.667523,0.139403
3427.576447,sim,0.590879,0.686039,0.726868,0.698816,0.667523,0.139403
3427.580268,sim,0.590879,0.686039,0.726868,0.698816,0.667523,0.139403
3427.584298,sim,0.590879,0.686039,0.726868,0.698816,0.667523,0.139403
3427.588364,sim,0.590879,0.686039,0.726868,0.698816,0.667523,0.139403
3427.592345,sim,0.590879,0.686039,0.726868,0.698816,0.667523,0.139403
3427.596432,sim,0.572316,0.661852,0.706562,0.678365,0.652798,0.120816
3427.600398,sim,0.572316,0.661852,0.706562,0.678365,0.652798,0.120816
3427.604347,sim,0.572316,0.661852,0.706562,0.678365,0.652798,0.120816
3427.608409,sim,0.572316,0.661852,0.706562,0.678365,0.652798,0.120816
3427.612930,sim,0.572316,0.661852,0.706562,0.678365,0.652798,0.120816
3427.616595,sim,0.554603,0.635450,0.685078,0.656755,0.638482,0.104707
3427.620411,sim,0.554603,0.635450,0.685078,0.656755,0.638482,0.104707
3427.624408,sim,0.554603,0.635450,0.685078,0.656755,0.638482,0.104707
3427.628370,sim,0.554603,0.635450,0.685078,0.656755,0.638482,0.104707
3427.632403,sim,0.554603,0.635450,0.685078,0.656755,0.638482,0.104707
3427.636421,sim,0.536002,0.608684,0.662573,0.634918,0.622190,0.090746
3427.640356,sim,0.536002,0.608684,0.662573,0.634918,0.622190,0.090746
3427.644282,sim,0.536002,0.608684,0.662573,0.634918,0.622190,0.090746
3427.648407,sim,0.536002,0.608684,0.662573,0.634918,0.622190,0.090746
3427.652565,sim,0.536002,0.608684,0.662573,0.634918,0.622190,0.090746
3427.656660,sim,0.516633,0.580047,0.639183,0.612108,0.606516,0.078647
3427.660416,sim,0.516633,0.580047,0.639183,0.612108,0.606516,0.078647
3427.664297,sim,0.516633,0.580047,0.639183,0.612108,0.606516,0.078647
3427.668348,sim,0.516633,0.580047,0.639183,0.612108,0.606516,0.078647
3427.672443,sim,0.516633,0.580047,0.639183,0.612108,0.606516,0.078647
3427.676469,sim,0.495784,0.551343,0.615027,0.588454,0.589824,0.068161
3427.680391,sim,0.495784,0.551343,0.615027,0.588454,0.589824,0.068161
3427.684466,sim,0.495784,0.551343,0.615027,0.588454,0.589824,0.068161
3427.688293,sim,0.495784,0.551343,0.615027,0.588454,0.589824,0.068161
3427.692599,sim,0.495784,0.551343,0.615027,0.588454,0.589824,0.068161
3427.696451,sim,0.476090,0.521027,0.590207,0.564068,0.573026,0.059073
3427.700346,sim,0.476090,0.521027,0.590207,0.564068,0.573026,0.059073
3427.704311,sim,0.476090,0.521027,0.590207,0.564068,0.573026,0.059073
3427.708368,sim,0.476090,0.521027,0.590207,0.564068,0.573026,0.059073
3427.712603,sim,0.476090,0.521027,0.590207,0.564068,0.573026,0.059073
3427.716926,sim,0.457397,0.490868,0.565588,0.539049,0.556914,0.051196
3427.720575,sim,0.457397,0.490868,0.565588,0.539049,0.556914,0.051196
3427.724465,sim,0.457397,0.490868,0.565588,0.539049,0.556914,0.051196
3427.728393,sim,0.457397,0.490868,0.565588,0.539049,0.556914,0.051196
3427.732801,sim,0.457397,0.490868,0.565588,0.539049,0.556914,0.051196
3427.736574,sim,0.436322,0.460068,0.539589,0.512703,0.540619,0.044370
3427.740316,sim,0.436322,0.460068,0.539589,0.512703,0.540619,0.044370
3427.744578,sim,0.436322,0.460068,0.539589,0.512703,0.540619,0.044370
3427.748413,sim,0.436322,0.460068,0.539589,0.512703,0.540619,0.044370
3427.752859,sim,0.436322,0.460068,0.539589,0.512703,0.540619,0.044370
3427.756513,sim,0.415621,0.427935,0.513171,0.485985,0.522612,0.038454
3427.760394,sim,0.415621,0.427935,0.513171,0.485985,0.522612,0.038454
3427.764304,sim,0.415621,0.427935,0.513171,0.485985,0.522612,0.038454
3427.768278,sim,0.415621,0.427935,0.513171,0.485985,0.522612,0.038454
3427.772490,sim,0.415621,0.427935,0.513171,0.485985,0.522612,0.038454
3427.777182,sim,0.393617,0.396202,0.485614,0.460499,0.505451,0.033327
3427.780500,sim,0.393617,0.396202,0.485614,0.460499,0.505451,0.033327
3427.784383,sim,0.393617,0.396202,0.485614,0.460499,0.505451,0.033327
3427.788333,sim,0.393617,0.396202,0.485614,0.460499,0.505451,0.033327
3427.792782,sim,0.393617,0.396202,0.485614,0.460499,0.505451,0.033327
3427.796456,sim,0.372923,0.363260,0.457845,0.432971,0.488248,0.028883
3427.800333,sim,0.372923,0.363260,0.457845,0.432971,0.488248,0.028883
3427.804239,sim,0.372923,0.363260,0.457845,0.432971,0.488248,0.028883
3427.808445,sim,0.372923,0.363260,0.457845,0.432971,0.488248,0.028883
3427.812467,sim,0.372923,0.363260,0.457845,0.432971,0.488248,0.028883
3427.816567,sim,0.353363,0.330825,0.430671,0.406005,0.469453,0.025032
3427.820830,sim,0.353363,0.330825,0.430671,0.406005,0.469453,0.025032
3427.824341,sim,0.353363,0.330825,0.430671,0.406005,0.469453,0.025032
3427.828304,sim,0.353363,0.330825,0.430671,0.406005,0.469453,0.025032
3427.832481,sim,0.353363,0.330825,0.430671,0.406005,0.469453,0.025032
3427.836371,sim,0.331537,0.302715,0.402458,0.377973,0.451609,0.021695
3427.840391,sim,0.331537,0.302715,0.402458,0.377973,0.451609,0.021695
3427.844298,sim,0.331537,0.302715,0.402458,0.377973,0.451609,0.021695
3427.848258,sim,0.331537,0.302715,0.402458,0.377973,0.451609,0.021695
3427.852334,sim,0.331537,0.302715,0.402458,0.377973,0.451609,0.021695
3427.856386,sim,0.310185,0.278353,0.373345,0.350570,0.433037,0.018802
3427.860318,sim,0.310185,0.278353,0.373345,0.350570,0.433037,0.018802
3427.864284,sim,0.310185,0.278353,0.373345,0.350570,0.433037,0.018802
3427.868269,sim,0.310185,0.278353,0.373345,0.350570,0.433037,0.018802
3427.872375,sim,0.310185,0.278353,0.373345,0.350570,0.433037,0.018802
3427.876506,sim,0.290054,0.257240,0.345005,0.322158,0.414610,0.016295
3427.880384,sim,0.290054,0.257240,0.345005,0.322158,0.414610,0.016295
3427.884312,sim,0.290054,0.257240,0.345005,0.322158,0.414610,0.016295
3427.888324,sim,0.290054,0.257240,0.345005,0.322158,0.414610,0.016295
3427.892319,sim,0.290054,0.257240,0.345005,0.322158,0.414610,0.016295
3427.896441,sim,0.269358,0.238941,0.316558,0.295204,0.397086,0.014122
3427.900271,sim,0.269358,0.238941,0.316558,0.295204,0.397086,0.014122
3427.904357,sim,0.269358,0.238941,0.316558,0.295204,0.397086,0.014122
3427.908284,sim,0.269358,0.238941,0.316558,0.295204,0.397086,0.014122
3427.912336,sim,0.269358,0.238941,0.316558,0.295204,0.397086,0.014122
3427.916391,sim,0.248984,0.223082,0.290350,0.271843,0.378790,0.012239
3427.920349,sim,0.248984,0.223082,0.290350,0.271843,0.378790,0.012239
3427.924308,sim,0.248984,0.223082,0.290350,0.271843,0.378790,0.012239
3427.928263,sim,0.248984,0.223082,0.290350,0.271843,0.378790,0.012239
3427.932286,sim,0.248984,0.223082,0.290350,0.271843,0.378790,0.012239
3427.936448,sim,0.248984,0.223082,0.290350,0.271843,0.378790,0.012239
3427.940300,sim,0.227266,0.209338,0.267637,0.251597,0.360603,0.010607
3427.944330,sim,0.227266,0.209338,0.267637,0.251597,0.360603,0.010607
3427.948286,sim,0.227266,0.209338,0.267637,0.251597,0.360603,0.010607
3427.952355,sim,0.227266,0.209338,0.267637,0.251597,0.360603,0.010607
3427.956503,sim,0.207630,0.197426,0.247952,0.234051,0.343286,0.009193
3427.960325,sim,0.207630,0.197426,0.247952,0.234051,0.343286,0.009193
3427.964278,sim,0.207630,0.197426,0.247952,0.234051,0.343286,0.009193
3427.968273,sim,0.207630,0.197426,0.247952,0.234051,0.343286,0.009193
3427.972259,sim,0.207630,0.197426,0.247952,0.234051,0.343286,0.009193
3427.976364,sim,0.207630,0.197426,0.247952,0.234051,0.343286,0.009193
3427.980352,sim,0.190613,0.187103,0.230892,0.218844,0.324393,0.007967
3427.984347,sim,0.190613,0.187103,0.230892,0.218844,0.324393,0.007967
3427.988425,sim,0.190613,0.187103,0.230892,0.218844,0.324393,0.007967
3427.992524,sim,0.190613,0.187103,0.230892,0.218844,0.324393,0.007967
3427.996387,sim,0.175864,0.178156,0.216106,0.205665,0.306465,0.006905
3428.000415,sim,0.175864,0.178156,0.216106,0.205665,0.306465,0.006905
3428.004349,sim,0.175864,0.178156,0.216106,0.205665,0.306465,0.006905
3428.008414,sim,0.175864,0.178156,0.216106,0.205665,0.306465,0.006905
3428.012372,sim,0.175864,0.178156,0.216106,0.205665,0.306465,0.006905
3428.016589,sim,0.175864,0.178156,0.216106,0.205665,0.306465,0.006905
3428.020303,sim,0.163083,0.170402,0.203292,0.194243,0.287043,0.005984
3428.024317,sim,0.163083,0.170402,0.203292,0.194243,0.287043,0.005984
3428.028298,sim,0.163083,0.170402,0.203292,0.194243,0.287043,0.005984
3428.032410,sim,0.163083,0.170402,0.203292,0.194243,0.287043,0.005984
3428.036572,sim,0.163083,0.170402,0.203292,0.194243,0.287043,0.005984
3428.040421,sim,0.152005,0.163681,0.192186,0.184344,0.268655,0.005186
3428.044382,sim,0.152005,0.163681,0.192186,0.184344,0.268655,0.005186
3428.048366,sim,0.152005,0.163681,0.192186,0.184344,0.268655,0.005186
3428.052408,sim,0.152005,0.163681,0.192186,0.184344,0.268655,0.005186
3428.056480,sim,0.152005,0.163681,0.192186,0.184344,0.268655,0.005186
3428.060403,sim,0.142404,0.157857,0.182562,0.175765,0.251166,0.004495
3428.064434,sim,0.142404,0.157857,0.182562,0.175765,0.251166,0.004495
3428.068368,sim,0.142404,0.157857,0.182562,0.175765,0.251166,0.004495
3428.072378,sim,0.142404,0.157857,0.182562,0.175765,0.251166,0.004495
3428.076788,sim,0.142404,0.157857,0.182562,0.175765,0.251166,0.004495
3428.080423,sim,0.134084,0.152810,0.174220,0.168329,0.235231,0.003896
3428.084417,sim,0.134084,0.152810,0.174220,0.168329,0.235231,0.003896
3428.088326,sim,0.134084,0.152810,0.174220,0.168329,0.235231,0.003896
3428.092517,sim,0.134084,0.152810,0.174220,0.168329,0.235231,0.003896
3428.096462,sim,0.134084,0.152810,0.174220,0.168329,0.235231,0.003896
3428.100411,sim,0.126872,0.148435,0.166991,0.161886,0.221421,0.003376
3428.104452,sim,0.126872,0.148435,0.166991,0.161886,0.221421,0.003376
3428.108520,sim,0.126872,0.148435,0.166991,0.161886,0.221421,0.003376
3428.112419,sim,0.126872,0.148435,0.166991,0.161886,0.221421,0.003376
3428.116731,sim,0.126872,0.148435,0.166991,0.161886,0.221421,0.003376
3428.120479,sim,0.120623,0.144644,0.160725,0.156301,0.209452,0.002926
3428.124533,sim,0.120623,0.144644,0.160725,0.156301,0.209452,0.002926
3428.128455,sim,0.120623,0.144644,0.160725,0.156301,0.209452,0.002926
3428.132403,sim,0.120623,0.144644,0.160725,0.156301,0.209452,0.002926
3428.136568,sim,0.120623,0.144644,0.160725,0.156301,0.209452,0.002926
3428.140834,sim,0.115206,0.141358,0.155295,0.151461,0.199079,0.002536
3428.144617,sim,0.115206,0.141358,0.155295,0.151461,0.199079,0.002536
3428.148521,sim,0.115206,0.141358,0.155295,0.151461,0.199079,0.002536
3428.152498,sim,0.115206,0.141358,0.155295,0.151461,0.199079,0.002536
3428.156598,sim,0.115206,0.141358,0.155295,0.151461,0.199079,0.002536
3428.160595,sim,0.115206,0.141358,0.155295,0.151461,0.199079,0.002536
3428.164534,sim,0.110512,0.138510,0.150589,0.147266,0.190090,0.002198
3428.168717,sim,0.110512,0.138510,0.150589,0.147266,0.190090,0.002198
3428.172595,sim,0.110512,0.138510,0.150589,0.147266,0.190090,0.002198
3428.176764,sim,0.110512,0.138510,0.150589,0.147266,0.190090,0.002198
3428.180664,sim,0.106444,0.136042,0.146511,0.143630,0.182298,0.001905
3428.184604,sim,0.106444,0.136042,0.146511,0.143630,0.182298,0.001905
3428.188582,sim,0.106444,0.136042,0.146511,0.143630,0.182298,0.001905
3428.192552,sim,0.106444,0.136042,0.146511,0.143630,0.182298,0.001905
3428.196797,sim,0.106444,0.136042,0.146511,0.143630,0.182298,0.001905
3428.200532,sim,0.106444,0.136042,0.146511,0.143630,0.182298,0.001905
3428.204685,sim,0.102918,0.133903,0.142976,0.140480,0.175546,0.001651
3428.208710,sim,0.102918,0.133903,0.142976,0.140480,0.175546,0.001651
3428.212664,sim,0.102918,0.133903,0.142976,0.140480,0.175546,0.001651
3428.216929,sim,0.102918,0.133903,0.142976,0.140480,0.175546,0.001651
3428.220655,sim,0.099862,0.132049,0.139912,0.137749,0.169694,0.001431
3428.224719,sim,0.099862,0.132049,0.139912,0.137749,0.169694,0.001431
3428.228670,sim,0.099862,0.132049,0.139912,0.137749,0.169694,0.001431
3428.232786,sim,0.099862,0.132049,0.139912,0.137749,0.169694,0.001431
3428.236838,sim,0.099862,0.132049,0.139912,0.137749,0.169694,0.001431
3428.240882,sim,0.097214,0.130443,0.137257,0.135383,0.164622,0.001240
3428.244785,sim,0.097214,0.130443,0.137257,0.135383,0.164622,0.001240
3428.248692,sim,0.097214,0.130443,0.137257,0.135383,0.164622,0.001240
3428.252648,sim,0.097214,0.130443,0.137257,0.135383,0.164622,0.001240
3428.256862,sim,0.097214,0.130443,0.137257,0.135383,0.164622,0.001240
3428.260744,sim,0.094919,0.129050,0.134956,0.133332,0.160227,0.001075
3428.264765,sim,0.094919,0.129050,0.134956,0.133332,0.160227,0.001075
3428.268673,sim,0.094919,0.129050,0.134956,0.133332,0.160227,0.001075
3428.272807,sim,0.094919,0.129050,0.134956,0.133332,0.160227,0.001075
3428.276841,sim,0.094919,0.129050,0.134956,0.133332,0.160227,0.001075
3428.280755,sim,0.094919,0.129050,0.134956,0.133332,0.160227,0.001075
3428.284613,sim,0.098616,0.130952,0.136070,0.133885,0.156417,0.010162
3428.288684,sim,0.098616,0.130952,0.136070,0.133885,0.156417,0.010162
3428.292756,sim,0.098616,0.130952,0.136070,0.133885,0.156417,0.010162
3428.296879,sim,0.098616,0.130952,0.136070,0.133885,0.156417,0.010162
3428.300732,sim,0.098616,0.130952,0.136070,0.133885,0.156417,0.010162
3428.304819,sim,0.105882,0.135708,0.139367,0.137473,0.153116,0.026243
3428.308760,sim,0.105882,0.135708,0.139367,0.137473,0.153116,0.026243
3428.312719,sim,0.105882,0.135708,0.139367,0.137473,0.153116,0.026243
3428.316908,sim,0.105882,0.135708,0.139367,0.137473,0.153116,0.026243
3428.320948,sim,0.105882,0.135708,0.139367,0.137473,0.153116,0.026243
3428.324814,sim,0.105882,0.135708,0.139367,0.137473,0.153116,0.026243
3428.328780,sim,0.105882,0.135708,0.139367,0.137473,0.153116,0.026243
3428.332799,sim,0.105882,0.135708,0.139367,0.137473,0.153116,0.026243
3428.337047,sim,0.105882,0.135708,0.139367,0.137473,0.153116,0.026243
3428.340850,sim,0.105882,0.135708,0.139367,0.137473,0.153116,0.026243
3428.344725,sim,0.117054,0.146046,0.147663,0.146799,0.150254,0.042231
3428.348705,sim,0.117054,0.146046,0.147663,0.146799,0.150254,0.042231
3428.352785,sim,0.117054,0.146046,0.147663,0.146799,0.150254,0.042231
3428.356895,sim,0.117054,0.146046,0.147663,0.146799,0.150254,0.042231
3428.361035,sim,0.117054,0.146046,0.147663,0.146799,0.150254,0.042231
3428.364897,sim,0.130798,0.158114,0.157962,0.157213,0.147774,0.056088
3428.368881,sim,0.130798,0.158114,0.157962,0.157213,0.147774,0.056088
3428.372745,sim,0.130798,0.158114,0.157962,0.157213,0.147774,0.056088
3428.376916,sim,0.130798,0.158114,0.157962,0.157213,0.147774,0.056088
3428.380788,sim,0.130798,0.158114,0.157962,0.157213,0.147774,0.056088
3428.385035,sim,0.145146,0.170127,0.169218,0.168569,0.145625,0.067071
3428.388855,sim,0.145146,0.170127,0.169218,0.168569,0.145625,0.067071
3428.392986,sim,0.145146,0.170127,0.169218,0.168569,0.145625,0.067071
3428.396940,sim,0.145146,0.170127,0.169218,0.168569,0.145625,0.067071
3428.400885,sim,0.145146,0.170127,0.169218,0.168569,0.145625,0.067071
3428.404907,sim,0.160831,0.185201,0.181305,0.180742,0.143763,0.076589
3428.408868,sim,0.160831,0.185201,0.181305,0.180742,0.143763,0.076589
3428.412790,sim,0.160831,0.185201,0.181305,0.180742,0.143763,0.076589
3428.417253,sim,0.160831,0.185201,0.181305,0.180742,0.143763,0.076589
3428.421328,sim,0.160831,0.185201,0.181305,0.180742,0.143763,0.076589
3428.425213,sim,0.160831,0.185201,0.181305,0.180742,0.143763,0.076589
3428.428822,sim,0.160831,0.185201,0.181305,0.180742,0.143763,0.076589
3428.432841,sim,0.160831,0.185201,0.181305,0.180742,0.143763,0.076589
3428.436947,sim,0.160831,0.185201,0.181305,0.180742,0.143763,0.076589
3428.441071,sim,0.160831,0.185201,0.181305,0.180742,0.143763,0.076589
3428.444810,sim,0.179298,0.203704,0.197219,0.197508,0.146811,0.084839
3428.448869,sim,0.179298,0.203704,0.197219,0.197508,0.146811,0.084839
3428.452982,sim,0.179298,0.203704,0.197219,0.197508,0.146811,0.084839
3428.457110,sim,0.179298,0.203704,0.197219,0.197508,0.146811,0.084839
3428.460903,sim,0.179298,0.203704,0.197219,0.197508,0.146811,0.084839
3428.464986,sim,0.200178,0.222848,0.214897,0.213593,0.153337,0.091989
3428.468835,sim,0.200178,0.222848,0.214897,0.213593,0.153337,0.091989
3428.472885,sim,0.200178,0.222848,0.214897,0.213593,0.153337,0.091989
3428.476852,sim,0.200178,0.222848,0.214897,0.213593,0.153337,0.091989
3428.480874,sim,0.200178,0.222848,0.214897,0.213593,0.153337,0.091989
3428.485036,sim,0.219898,0.241771,0.231771,0.229865,0.160548,0.098185
3428.488961,sim,0.219898,0.241771,0.231771,0.229865,0.160548,0.098185
3428.492898,sim,0.219898,0.241771,0.231771,0.229865,0.160548,0.098185
3428.497072,sim,0.219898,0.241771,0.231771,0.229865,0.160548,0.098185
3428.500931,sim,0.219898,0.241771,0.231771,0.229865,0.160548,0.098185
3428.504814,sim,0.240238,0.260501,0.248727,0.245521,0.169128,0.103555
3428.508883,sim,0.240238,0.260501,0.248727,0.245521,0.169128,0.103555
3428.512872,sim,0.240238,0.260501,0.248727,0.245521,0.169128,0.103555
3428.517260,sim,0.240238,0.260501,0.248727,0.245521,0.169128,0.103555
3428.521121,sim,0.240238,0.260501,0.248727,0.245521,0.169128,0.103555
3428.525040,sim,0.261116,0.281397,0.266530,0.262975,0.179673,0.108209
3428.528884,sim,0.261116,0.281397,0.266530,0.262975,0.179673,0.108209
3428.532874,sim,0.261116,0.281397,0.266530,0.262975,0.179673,0.108209
3428.537072,sim,0.261116,0.281397,0.266530,0.262975,0.179673,0.108209
3428.540979,sim,0.261116,0.281397,0.266530,0.262975,0.179673,0.108209
3428.545073,sim,0.282460,0.301838,0.285068,0.280432,0.191920,0.112243
3428.549012,sim,0.282460,0.301838,0.285068,0.280432,0.191920,0.112243
3428.552907,sim,0.282460,0.301838,0.285068,0.280432,0.191920,0.112243
3428.557164,sim,0.282460,0.301838,0.285068,0.280432,0.191920,0.112243
3428.560951,sim,0.282460,0.301838,0.285068,0.280432,0.191920,0.112243
3428.564988,sim,0.302582,0.321884,0.302688,0.297893,0.204087,0.115739
3428.568861,sim,0.302582,0.321884,0.302688,0.297893,0.204087,0.115739
3428.572952,sim,0.302582,0.321884,0.302688,0.297893,0.204087,0.115739
3428.577298,sim,0.302582,0.321884,0.302688,0.297893,0.204087,0.115739
3428.581253,sim,0.302582,0.321884,0.302688,0.297893,0.204087,0.115739
3428.585025,sim,0.324083,0.342366,0.321844,0.315357,0.218518,0.118769
3428.588966,sim,0.324083,0.342366,0.321844,0.315357,0.218518,0.118769
3428.592929,sim,0.324083,0.342366,0.321844,0.315357,0.218518,0.118769
3428.597838,sim,0.324083,0.342366,0.321844,0.315357,0.218518,0.118769
3428.600857,sim,0.324083,0.342366,0.321844,0.315357,0.218518,0.118769
3428.604956,sim,0.344342,0.364002,0.340000,0.332824,0.233356,0.121394
3428.609244,sim,0.344342,0.364002,0.340000,0.332824,0.233356,0.121394
3428.613025,sim,0.344342,0.364002,0.340000,0.332824,0.233356,0.121394
3428.617196,sim,0.344342,0.364002,0.340000,0.332824,0.233356,0.121394
3428.620892,sim,0.344342,0.364002,0.340000,0.332824,0.233356,0.121394
3428.624989,sim,0.344342,0.364002,0.340000,0.332824,0.233356,0.121394
3428.628980,sim,0.365150,0.385861,0.359620,0.351847,0.249324,0.123670
3428.632995,sim,0.365150,0.385861,0.359620,0.351847,0.249324,0.123670
3428.636946,sim,0.365150,0.385861,0.359620,0.351847,0.249324,0.123670
3428.641431,sim,0.365150,0.385861,0.359620,0.351847,0.249324,0.123670
3428.645199,sim,0.386432,0.407137,0.378179,0.369888,0.264716,0.125642
3428.649106,sim,0.386432,0.407137,0.378179,0.369888,0.264716,0.125642
3428.652950,sim,0.386432,0.407137,0.378179,0.369888,0.264716,0.125642
3428.657209,sim,0.386432,0.407137,0.378179,0.369888,0.264716,0.125642
3428.661024,sim,0.386432,0.407137,0.378179,0.369888,0.264716,0.125642
3428.664977,sim,0.386432,0.407137,0.378179,0.369888,0.264716,0.125642
3428.669024,sim,0.406502,0.427907,0.398148,0.388631,0.281942,0.127351
3428.673237,sim,0.406502,0.427907,0.398148,0.388631,0.281942,0.127351
3428.677107,sim,0.406502,0.427907,0.398148,0.388631,0.281942,0.127351
3428.681031,sim,0.406502,0.427907,0.398148,0.388631,0.281942,0.127351
3428.685038,sim,0.427957,0.448239,0.417008,0.406430,0.299202,0.128833
3428.689124,sim,0.427957,0.448239,0.417008,0.406430,0.299202,0.128833
3428.693070,sim,0.427957,0.448239,0.417008,0.406430,0.299202,0.128833
3428.697099,sim,0.427957,0.448239,0.417008,0.406430,0.299202,0.128833
3428.701121,sim,0.427957,0.448239,0.417008,0.406430,0.299202,0.128833
3428.705207,sim,0.427957,0.448239,0.417008,0.406430,0.299202,0.128833
3428.709081,sim,0.448176,0.469746,0.435685,0.424963,0.318045,0.130117
3428.713031,sim,0.448176,0.469746,0.435685,0.424963,0.318045,0.130117
3428.717126,sim,0.448176,0.469746,0.435685,0.424963,0.318045,0.130117
3428.721054,sim,0.448176,0.469746,0.435685,0.424963,0.318045,0.130117
3428.725126,sim,0.448176,0.469746,0.435685,0.424963,0.318045,0.130117
3428.729058,sim,0.469762,0.490715,0.455757,0.443357,0.335931,0.131229
3428.733259,sim,0.469762,0.490715,0.455757,0.443357,0.335931,0.131229
3428.737266,sim,0.469762,0.490715,0.455757,0.443357,0.335931,0.131229
3428.740992,sim,0.469762,0.490715,0.455757,0.443357,0.335931,0.131229
3428.745099,sim,0.469762,0.490715,0.455757,0.443357,0.335931,0.131229
3428.748960,sim,0.490906,0.513552,0.475484,0.461629,0.355316,0.132194
3428.753097,sim,0.490906,0.513552,0.475484,0.461629,0.355316,0.132194
3428.757136,sim,0.490906,0.513552,0.475484,0.461629,0.355316,0.132194
3428.761030,sim,0.490906,0.513552,0.475484,0.461629,0.355316,0.132194
3428.765272,sim,0.490906,0.513552,0.475484,0.461629,0.355316,0.132194
3428.769272,sim,0.511668,0.534897,0.494912,0.480573,0.374449,0.133029
3428.773146,sim,0.511668,0.534897,0.494912,0.480573,0.374449,0.133029
3428.777172,sim,0.511668,0.534897,0.494912,0.480573,0.374449,0.133029
3428.780999,sim,0.511668,0.534897,0.494912,0.480573,0.374449,0.133029
3428.785165,sim,0.511668,0.534897,0.494912,0.480573,0.374449,0.133029
3428.789088,sim,0.532912,0.557282,0.515634,0.499322,0.393361,0.133754
3428.793010,sim,0.532912,0.557282,0.515634,0.499322,0.393361,0.133754
3428.797177,sim,0.532912,0.557282,0.515634,0.499322,0.393361,0.133754
3428.801092,sim,0.532912,0.557282,0.515634,0.499322,0.393361,0.133754
3428.805205,sim,0.532912,0.557282,0.515634,0.499322,0.393361,0.133754
3428.809052,sim,0.553760,0.579790,0.535148,0.518679,0.413637,0.134381
3428.813016,sim,0.553760,0.579790,0.535148,0.518679,0.413637,0.134381
3428.817489,sim,0.553760,0.579790,0.535148,0.518679,0.413637,0.134381
3428.821102,sim,0.553760,0.579790,0.535148,0.518679,0.413637,0.134381
3428.825105,sim,0.553760,0.579790,0.535148,0.518679,0.413637,0.134381
3428.829234,sim,0.571828,0.601628,0.555168,0.537787,0.432764,0.134925
3428.833150,sim,0.571828,0.601628,0.555168,0.537787,0.432764,0.134925
3428.837230,sim,0.571828,0.601628,0.555168,0.537787,0.432764,0.134925
3428.841077,sim,0.571828,0.601628,0.555168,0.537787,0.432764,0.134925
3428.845089,sim,0.571828,0.601628,0.555168,0.537787,0.432764,0.134925
3428.849099,sim,0.587487,0.624440,0.575627,0.555901,0.452448,0.135397
3428.853028,sim,0.587487,0.624440,0.575627,0.555901,0.452448,0.135397
3428.857544,sim,0.587487,0.624440,0.575627,0.555901,0.452448,0.135397
3428.861176,sim,0.587487,0.624440,0.575627,0.555901,0.452448,0.135397
3428.865200,sim,0.587487,0.624440,0.575627,0.555901,0.452448,0.135397
3428.869116,sim,0.601058,0.644210,0.594912,0.575485,0.471839,0.135805
3428.873123,sim,0.601058,0.644210,0.594912,0.575485,0.471839,0.135805
3428.877178,sim,0.601058,0.644210,0.594912,0.575485,0.471839,0.135805
3428.881164,sim,0.601058,0.644210,0.594912,0.575485,0.471839,0.135805
3428.885137,sim,0.601058,0.644210,0.594912,0.575485,0.471839,0.135805
3428.889531,sim,0.612820,0.661344,0.614734,0.594012,0.490976,0.136160
3428.893156,sim,0.612820,0.661344,0.614734,0.594012,0.490976,0.136160
3428.897238,sim,0.612820,0.661344,0.614734,0.594012,0.490976,0.136160
3428.901089,sim,0.612820,0.661344,0.614734,0.594012,0.490976,0.136160
3428.905130,sim,0.612820,0.661344,0.614734,0.594012,0.490976,0.136160
3428.909111,sim,0.623014,0.676193,0.634244,0.612400,0.511446,0.136467
3428.913175,sim,0.623014,0.676193,0.634244,0.612400,0.511446,0.136467
3428.917268,sim,0.623014,0.676193,0.634244,0.612400,0.511446,0.136467
3428.921201,sim,0.623014,0.676193,0.634244,0.612400,0.511446,0.136467
3428.925164,sim,0.623014,0.676193,0.634244,0.612400,0.511446,0.136467
3428.929174,sim,0.631848,0.689063,0.653484,0.632221,0.530741,0.136733
3428.933177,sim,0.631848,0.689063,0.653484,0.632221,0.530741,0.136733
3428.937190,sim,0.631848,0.689063,0.653484,0.632221,0.530741,0.136733
3428.941185,sim,0.631848,0.689063,0.653484,0.632221,0.530741,0.136733
3428.945135,sim,0.631848,0.689063,0.653484,0.632221,0.530741,0.136733
3428.949166,sim,0.631848,0.689063,0.653484,0.632221,0.530741,0.136733
3428.953069,sim,0.639504,0.700217,0.672490,0.651731,0.551349,0.136963
3428.957213,sim,0.639504,0.700217,0.672490,0.651731,0.551349,0.136963
3428.961176,sim,0.639504,0.700217,0.672490,0.651731,0.551349,0.136963
3428.965166,sim,0.639504,0.700217,0.672490,0.651731,0.551349,0.136963
3428.969130,sim,0.639504,0.700217,0.672490,0.651731,0.551349,0.136963
3428.973284,sim,0.646140,0.709883,0.688961,0.668639,0.571540,0.137163
3428.977243,sim,0.646140,0.709883,0.688961,0.668639,0.571540,0.137163
3428.981376,sim,0.646140,0.709883,0.688961,0.668639,0.571540,0.137163
3428.985260,sim,0.646140,0.709883,0.688961,0.668639,0.571540,0.137163
3428.989273,sim,0.651891,0.718261,0.703237,0.683293,0.590593,0.137336
3428.993224,sim,0.651891,0.718261,0.703237,0.683293,0.590593,0.137336
3428.997315,sim,0.651891,0.718261,0.703237,0.683293,0.590593,0.137336
3429.001085,sim,0.651891,0.718261,0.703237,0.683293,0.590593,0.137336
3429.005131,sim,0.651891,0.718261,0.703237,0.683293,0.590593,0.137336
3429.009539,sim,0.651891,0.718261,0.703237,0.683293,0.590593,0.137336
3429.013297,sim,0.656875,0.725521,0.715609,0.695993,0.608659,0.137486
3429.017368,sim,0.656875,0.725521,0.715609,0.695993,0.608659,0.137486
3429.021124,sim,0.656875,0.725521,0.715609,0.695993,0.608659,0.137486
3429.025198,sim,0.656875,0.725521,0.715609,0.695993,0.608659,0.137486
3429.029180,sim,0.661195,0.731814,0.726331,0.707000,0.624317,0.137616
3429.033203,sim,0.661195,0.731814,0.726331,0.707000,0.624317,0.137616
3429.037242,sim,0.661195,0.731814,0.726331,0.707000,0.624317,0.137616
3429.041142,sim,0.661195,0.731814,0.726331,0.707000,0.624317,0.137616
3429.045174,sim,0.661195,0.731814,0.726331,0.707000,0.624317,0.137616
3429.049238,sim,0.661195,0.731814,0.726331,0.707000,0.624317,0.137616
3429.053132,sim,0.664938,0.737267,0.735624,0.716539,0.637887,0.137729
3429.057407,sim,0.664938,0.737267,0.735624,0.716539,0.637887,0.137729
3429.061112,sim,0.664938,0.737267,0.735624,0.716539,0.637887,0.137729
3429.065147,sim,0.664938,0.737267,0.735624,0.716539,0.637887,0.137729
3429.069191,sim,0.664938,0.737267,0.735624,0.716539,0.637887,0.137729
3429.073594,sim,0.668183,0.741994,0.743677,0.724806,0.649648,0.137827
3429.077440,sim,0.668183,0.741994,0.743677,0.724806,0.649648,0.137827
3429.081203,sim,0.668183,0.741994,0.743677,0.724806,0.649648,0.137827
3429.085153,sim,0.668183,0.741994,0.743677,0.724806,0.649648,0.137827
3429.089572,sim,0.668183,0.741994,0.743677,0.724806,0.649648,0.137827
3429.093165,sim,0.670994,0.746090,0.750657,0.731971,0.659841,0.137911
3429.097319,sim,0.670994,0.746090,0.750657,0.731971,0.659841,0.137911
3429.101145,sim,0.670994,0.746090,0.750657,0.731971,0.659841,0.137911
3429.105328,sim,0.670994,0.746090,0.750657,0.731971,0.659841,0.137911
3429.109314,sim,0.670994,0.746090,0.750657,0.731971,0.659841,0.137911
3429.113266,sim,0.673431,0.749640,0.756706,0.738181,0.668674,0.137985
3429.117275,sim,0.673431,0.749640,0.756706,0.738181,0.668674,0.137985
3429.121268,sim,0.673431,0.749640,0.756706,0.738181,0.668674,0.137985
3429.125117,sim,0.673431,0.749640,0.756706,0.738181,0.668674,0.137985
3429.129420,sim,0.673431,0.749640,0.756706,0.738181,0.668674,0.137985
3429.133181,sim,0.675543,0.752717,0.761949,0.743562,0.676330,0.138048
3429.137315,sim,0.675543,0.752717,0.761949,0.743562,0.676330,0.138048
3429.141112,sim,0.675543,0.752717,0.761949,0.743562,0.676330,0.138048
3429.145068,sim,0.675543,0.752717,0.761949,0.743562,0.676330,0.138048
3429.149176,sim,0.675543,0.752717,0.761949,0.743562,0.676330,0.138048
3429.153291,sim,0.675543,0.752717,0.761949,0.743562,0.676330,0.138048
3429.157377,sim,0.677374,0.755383,0.766493,0.748226,0.682965,0.138103
3429.161208,sim,0.677374,0.755383,0.766493,0.748226,0.682965,0.138103
3429.165166,sim,0.677374,0.755383,0.766493,0.748226,0.682965,0.138103
3429.169306,sim,0.677374,0.755383,0.766493,0.748226,0.682965,0.138103
3429.173209,sim,0.678960,0.757694,0.770431,0.752269,0.688715,0.138151
3429.177245,sim,0.678960,0.757694,0.770431,0.752269,0.688715,0.138151
3429.181175,sim,0.678960,0.757694,0.770431,0.752269,0.688715,0.138151
3429.185207,sim,0.678960,0.757694,0.770431,0.752269,0.688715,0.138151
3429.189246,sim,0.678960,0.757694,0.770431,0.752269,0.688715,0.138151
3429.193182,sim,0.680335,0.759697,0.773843,0.755772,0.693699,0.138192
3429.197267,sim,0.680335,0.759697,0.773843,0.755772,0.693699,0.138192
3429.201196,sim,0.680335,0.759697,0.773843,0.755772,0.693699,0.138192
3429.205209,sim,0.680335,0.759697,0.773843,0.755772,0.693699,0.138192
3429.209422,sim,0.680335,0.759697,0.773843,0.755772,0.693699,0.138192
3429.213181,sim,0.681527,0.761433,0.776801,0.758808,0.698018,0.138228
3429.217411,sim,0.681527,0.761433,0.776801,0.758808,0.698018,0.138228
3429.221260,sim,0.681527,0.761433,0.776801,0.758808,0.698018,0.138228
3429.225220,sim,0.681527,0.761433,0.776801,0.758808,0.698018,0.138228
3429.229196,sim,0.681527,0.761433,0.776801,0.758808,0.698018,0.138228
3429.233435,sim,0.680934,0.762937,0.779365,0.761439,0.701761,0.138259
3429.237457,sim,0.680934,0.762937,0.779365,0.761439,0.701761,0.138259
3429.241585,sim,0.680934,0.762937,0.779365,0.761439,0.701761,0.138259
3429.245239,sim,0.680934,0.762937,0.779365,0.761439,0.701761,0.138259
3429.249433,sim,0.680934,0.762937,0.779365,0.761439,0.701761,0.138259
3429.253198,sim,0.675547,0.761910,0.779255,0.759835,0.703452,0.138286
3429.257382,sim,0.675547,0.761910,0.779255,0.759835,0.703452,0.138286
3429.261184,sim,0.675547,0.761910,0.779255,0.759835,0.703452,0.138286
3429.265409,sim,0.675547,0.761910,0.779255,0.759835,0.703452,0.138286
3429.269500,sim,0.675547,0.761910,0.779255,0.759835,0.703452,0.138286
3429.273336,sim,0.664379,0.756357,0.773721,0.753782,0.699477,0.138310
3429.277299,sim,0.664379,0.756357,0.773721,0.753782,0.699477,0.138310
3429.281308,sim,0.664379,0.756357,0.773721,0.753782,0.699477,0.138310
3429.285175,sim,0.664379,0.756357,0.773721,0.753782,0.699477,0.138310
3429.289355,sim,0.664379,0.756357,0.773721,0.753782,0.699477,0.138310
3429.293237,sim,0.650639,0.746105,0.766593,0.744650,0.692147,0.138330
3429.297901,sim,0.650639,0.746105,0.766593,0.744650,0.692147,0.138330
3429.301273,sim,0.650639,0.746105,0.766593,0.744650,0.692147,0.138330
3429.305242,sim,0.650639,0.746105,0.766593,0.744650,0.692147,0.138330
3429.309249,sim,0.650639,0.746105,0.766593,0.744650,0.692147,0.138330
3429.313290,sim,0.634668,0.734890,0.754977,0.733629,0.681132,0.133219
3429.317536,sim,0.634668,0.734890,0.754977,0.733629,0.681132,0.133219
3429.321295,sim,0.634668,0.734890,0.754977,0.733629,0.681132,0.133219
3429.325499,sim,0.634668,0.734890,0.754977,0.733629,0.681132,0.133219
3429.329557,sim,0.634668,0.734890,0.754977,0.733629,0.681132,0.133219
3429.333400,sim,0.619203,0.721284,0.741024,0.719414,0.667701,0.121611
3429.337396,sim,0.619203,0.721284,0.741024,0.719414,0.667701,0.121611
3429.341263,sim,0.619203,0.721284,0.741024,0.719414,0.667701,0.121611
3429.345255,sim,0.619203,0.721284,0.741024,0.719414,0.667701,0.121611
3429.349323,sim,0.619203,0.721284,0.741024,0.719414,0.667701,0.121611
3429.353295,sim,0.619203,0.721284,0.741024,0.719414,0.667701,0.121611
3429.357525,sim,0.604174,0.706384,0.724269,0.701656,0.651398,0.105396
3429.361786,sim,0.604174,0.706384,0.724269,0.701656,0.651398,0.105396
3429.365343,sim,0.604174,0.706384,0.724269,0.701656,0.651398,0.105396
3429.369205,sim,0.604174,0.706384,0.724269,0.701656,0.651398,0.105396
3429.373608,sim,0.586276,0.691140,0.706641,0.683934,0.632607,0.091343
3429.377453,sim,0.586276,0.691140,0.706641,0.683934,0.632607,0.091343
3429.381274,sim,0.586276,0.691140,0.706641,0.683934,0.632607,0.091343
3429.385187,sim,0.586276,0.691140,0.706641,0.683934,0.632607,0.091343
3429.389718,sim,0.586276,0.691140,0.706641,0.683934,0.632607,0.091343
3429.393480,sim,0.567514,0.674820,0.686700,0.664690,0.611659,0.079164
3429.397453,sim,0.567514,0.674820,0.686700,0.664690,0.611659,0.079164
3429.401248,sim,0.567514,0.674820,0.686700,0.664690,0.611659,0.079164
3429.405228,sim,0.567514,0.674820,0.686700,0.664690,0.611659,0.079164
3429.409299,sim,0.567514,0.674820,0.686700,0.664690,0.611659,0.079164
3429.413397,sim,0.548817,0.657568,0.665533,0.644903,0.588842,0.068609
3429.417358,sim,0.548817,0.657568,0.665533,0.644903,0.588842,0.068609
3429.421621,sim,0.548817,0.657568,0.665533,0.644903,0.588842,0.068609
3429.425375,sim,0.548817,0.657568,0.665533,0.644903,0.588842,0.068609
3429.429397,sim,0.548817,0.657568,0.665533,0.644903,0.588842,0.068609
3429.433346,sim,0.548817,0.657568,0.665533,0.644903,0.588842,0.068609
3429.437565,sim,0.529363,0.639508,0.642526,0.622316,0.564405,0.060487
3429.441356,sim,0.529363,0.639508,0.642526,0.622316,0.564405,0.060487
3429.445284,sim,0.529363,0.639508,0.642526,0.622316,0.564405,0.060487
3429.449289,sim,0.529363,0.639508,0.642526,0.622316,0.564405,0.060487
3429.453444,sim,0.529363,0.639508,0.642526,0.622316,0.564405,0.060487
3429.457661,sim,0.510066,0.621525,0.618701,0.598855,0.538563,0.053447
3429.461377,sim,0.510066,0.621525,0.618701,0.598855,0.538563,0.053447
3429.465318,sim,0.510066,0.621525,0.618701,0.598855,0.538563,0.053447
3429.469314,sim,0.510066,0.621525,0.618701,0.598855,0.538563,0.053447
3429.473340,sim,0.510066,0.621525,0.618701,0.598855,0.538563,0.053447
3429.477471,sim,0.490093,0.604386,0.593391,0.574636,0.510728,0.047347
3429.481283,sim,0.490093,0.604386,0.593391,0.574636,0.510728,0.047347
3429.485363,sim,0.490093,0.604386,0.593391,0.574636,0.510728,0.047347
3429.489371,sim,0.490093,0.604386,0.593391,0.574636,0.510728,0.047347
3429.493394,sim,0.490093,0.604386,0.593391,0.574636,0.510728,0.047347
3429.497443,sim,0.469533,0.584870,0.569124,0.548985,0.482720,0.042059
3429.501281,sim,0.469533,0.584870,0.569124,0.548985,0.482720,0.042059
3429.505297,sim,0.469533,0.584870,0.569124,0.548985,0.482720,0.042059
3429.509303,sim,0.469533,0.584870,0.569124,0.548985,0.482720,0.042059
3429.513248,sim,0.469533,0.584870,0.569124,0.548985,0.482720,0.042059
3429.517659,sim,0.449277,0.566401,0.542654,0.523646,0.453783,0.037477
3429.521409,sim,0.449277,0.566401,0.542654,0.523646,0.453783,0.037477
3429.525405,sim,0.449277,0.566401,0.542654,0.523646,0.453783,0.037477
3429.529393,sim,0.449277,0.566401,0.542654,0.523646,0.453783,0.037477
3429.533365,sim,0.449277,0.566401,0.542654,0.523646,0.453783,0.037477
3429.537457,sim,0.428473,0.547287,0.515828,0.497023,0.424820,0.033506
3429.541425,sim,0.428473,0.547287,0.515828,0.497023,0.424820,0.033506
3429.545638,sim,0.428473,0.547287,0.515828,0.497023,0.424820,0.033506
3429.549294,sim,0.428473,0.547287,0.515828,0.497023,0.424820,0.033506
3429.553368,sim,0.428473,0.547287,0.515828,0.497023,0.424820,0.033506
3429.557562,sim,0.407193,0.528391,0.488693,0.470841,0.395055,0.030064
3429.561244,sim,0.407193,0.528391,0.488693,0.470841,0.395055,0.030064
3429.565281,sim,0.407193,0.528391,0.488693,0.470841,0.395055,0.030064
3429.569295,sim,0.407193,0.528391,0.488693,0.470841,0.395055,0.030064
3429.573534,sim,0.407193,0.528391,0.488693,0.470841,0.395055,0.030064
3429.577336,sim,0.387126,0.508906,0.461291,0.444266,0.365375,0.027081
3429.581337,sim,0.387126,0.508906,0.461291,0.444266,0.365375,0.027081
3429.585332,sim,0.387126,0.508906,0.461291,0.444266,0.365375,0.027081
3429.589287,sim,0.387126,0.508906,0.461291,0.444266,0.365375,0.027081
3429.593362,sim,0.387126,0.508906,0.461291,0.444266,0.365375,0.027081
3429.597403,sim,0.366485,0.489687,0.432881,0.417348,0.334989,0.024496
3429.601304,sim,0.366485,0.489687,0.432881,0.417348,0.334989,0.024496
3429.605265,sim,0.366485,0.489687,0.432881,0.417348,0.334989,0.024496
3429.609263,sim,0.366485,0.489687,0.432881,0.417348,0.334989,0.024496
3429.613341,sim,0.366485,0.489687,0.432881,0.417348,0.334989,0.024496
3429.617598,sim,0.346159,0.471477,0.405150,0.390134,0.306324,0.022255
3429.621328,sim,0.346159,0.471477,0.405150,0.390134,0.306324,0.022255
3429.625358,sim,0.346159,0.471477,0.405150,0.390134,0.306324,0.022255
3429.629242,sim,0.346159,0.471477,0.405150,0.390134,0.306324,0.022255
3429.633696,sim,0.346159,0.471477,0.405150,0.390134,0.306324,0.022255
3429.637497,sim,0.325293,0.451810,0.376454,0.362664,0.281481,0.020314
3429.641290,sim,0.325293,0.451810,0.376454,0.362664,0.281481,0.020314
3429.645225,sim,0.325293,0.451810,0.376454,0.362664,0.281481,0.020314
3429.649452,sim,0.325293,0.451810,0.376454,0.362664,0.281481,0.020314
3429.653652,sim,0.325293,0.451810,0.376454,0.362664,0.281481,0.020314
3429.657520,sim,0.303961,0.432434,0.349254,0.334971,0.259950,0.018631
3429.661303,sim,0.303961,0.432434,0.349254,0.334971,0.259950,0.018631
3429.665323,sim,0.303961,0.432434,0.349254,0.334971,0.259950,0.018631
3429.669276,sim,0.303961,0.432434,0.349254,0.334971,0.259950,0.018631
3429.673383,sim,0.303961,0.432434,0.349254,0.334971,0.259950,0.018631
3429.677348,sim,0.282223,0.413310,0.320241,0.307085,0.241290,0.017172
3429.681343,sim,0.282223,0.413310,0.320241,0.307085,0.241290,0.017172
3429.685301,sim,0.282223,0.413310,0.320241,0.307085,0.241290,0.017172
3429.689286,sim,0.282223,0.413310,0.320241,0.307085,0.241290,0.017172
3429.693275,sim,0.282223,0.413310,0.320241,0.307085,0.241290,0.017172
3429.697424,sim,0.261759,0.393628,0.293542,0.282141,0.225118,0.015908
3429.701366,sim,0.261759,0.393628,0.293542,0.282141,0.225118,0.015908
3429.705312,sim,0.261759,0.393628,0.293542,0.282141,0.225118,0.015908
3429.709574,sim,0.261759,0.393628,0.293542,0.282141,0.225118,0.015908
3429.713584,sim,0.261759,0.393628,0.293542,0.282141,0.225118,0.015908
3429.717509,sim,0.241586,0.374240,0.270403,0.260522,0.211102,0.014813
3429.721284,sim,0.241586,0.374240,0.270403,0.260522,0.211102,0.014813
3429.725441,sim,0.241586,0.374240,0.270403,0.260522,0.211102,0.014813
3429.729350,sim,0.241586,0.374240,0.270403,0.260522,0.211102,0.014813
3429.733373,sim,0.241586,0.374240,0.270403,0.260522,0.211102,0.014813
3429.737391,sim,0.220041,0.354328,0.250349,0.241786,0.198955,0.013863
3429.741421,sim,0.220041,0.354328,0.250349,0.241786,0.198955,0.013863
3429.745399,sim,0.220041,0.354328,0.250349,0.241786,0.198955,0.013863
3429.749305,sim,0.220041,0.354328,0.250349,0.241786,0.198955,0.013863
3429.753313,sim,0.220041,0.354328,0.250349,0.241786,0.198955,0.013863
3429.757529,sim,0.220041,0.354328,0.250349,0.241786,0.198955,0.013863
3429.761323,sim,0.201369,0.334740,0.232969,0.225547,0.188428,0.013041
3429.765358,sim,0.201369,0.334740,0.232969,0.225547,0.188428,0.013041
3429.769238,sim,0.201369,0.334740,0.232969,0.225547,0.188428,0.013041
3429.773302,sim,0.201369,0.334740,0.232969,0.225547,0.188428,0.013041
3429.777508,sim,0.201369,0.334740,0.232969,0.225547,0.188428,0.013041
3429.781349,sim,0.185187,0.314655,0.217907,0.211474,0.179304,0.012328
3429.785254,sim,0.185187,0.314655,0.217907,0.211474,0.179304,0.012328
3429.789269,sim,0.185187,0.314655,0.217907,0.211474,0.179304,0.012328
3429.793313,sim,0.185187,0.314655,0.217907,0.211474,0.179304,0.012328
3429.797466,sim,0.171162,0.294140,0.204853,0.199278,0.171397,0.011710
3429.801385,sim,0.171162,0.294140,0.204853,0.199278,0.171397,0.011710
3429.805269,sim,0.171162,0.294140,0.204853,0.199278,0.171397,0.011710
3429.809389,sim,0.171162,0.294140,0.204853,0.199278,0.171397,0.011710
3429.813448,sim,0.171162,0.294140,0.204853,0.199278,0.171397,0.011710
3429.817589,sim,0.159007,0.274807,0.193539,0.188708,0.164544,0.011174
3429.821336,sim,0.159007,0.274807,0.193539,0.188708,0.164544,0.011174
3429.825417,sim,0.159007,0.274807,0.193539,0.188708,0.164544,0.011174
3429.829255,sim,0.159007,0.274807,0.193539,0.188708,0.164544,0.011174
3429.833277,sim,0.159007,0.274807,0.193539,0.188708,0.164544,0.011174
3429.837430,sim,0.159007,0.274807,0.193539,0.188708,0.164544,0.011174
3429.841333,sim,0.148473,0.255720,0.183734,0.179547,0.158605,0.010710
3429.845311,sim,0.148473,0.255720,0.183734,0.179547,0.158605,0.010710
3429.849237,sim,0.148473,0.255720,0.183734,0.179547,0.158605,0.010710
3429.853325,sim,0.148473,0.255720,0.183734,0.179547,0.158605,0.010710
3429.857551,sim,0.148473,0.255720,0.183734,0.179547,0.158605,0.010710
3429.861357,sim,0.139343,0.239178,0.175236,0.171607,0.153458,0.010307
3429.865348,sim,0.139343,0.239178,0.175236,0.171607,0.153458,0.010307
3429.869290,sim,0.139343,0.239178,0.175236,0.171607,0.153458,0.010307
3429.873329,sim,0.139343,0.239178,0.175236,0.171607,0.153458,0.010307
3429.877515,sim,0.139343,0.239178,0.175236,0.171607,0.153458,0.010307
3429.881374,sim,0.131430,0.224842,0.167871,0.164726,0.148997,0.009959
3429.885330,sim,0.131430,0.224842,0.167871,0.164726,0.148997,0.009959
3429.889386,sim,0.131430,0.224842,0.167871,0.164726,0.148997,0.009959
3429.893370,sim,0.131430,0.224842,0.167871,0.164726,0.148997,0.009959
3429.897550,sim,0.131430,0.224842,0.167871,0.164726,0.148997,0.009959
3429.901312,sim,0.124573,0.212417,0.161488,0.158763,0.145130,0.009657
3429.905415,sim,0.124573,0.212417,0.161488,0.158763,0.145130,0.009657
3429.909392,sim,0.124573,0.212417,0.161488,0.158763,0.145130,0.009657
3429.913599,sim,0.124573,0.212417,0.161488,0.158763,0.145130,0.009657
3429.917613,sim,0.118630,0.201649,0.155957,0.153594,0.141780,0.009395
3429.921461,sim,0.118630,0.201649,0.155957,0.153594,0.141780,0.009395
3429.925492,sim,0.113479,0.192316,0.151162,0.149115,0.138876,0.009168
3429.929432,sim,0.113479,0.192316,0.151162,0.149115,0.138876,0.009168
3429.933334,sim,0.113479,0.192316,0.151162,0.149115,0.138876,0.009168
3429.937443,sim,0.113479,0.192316,0.151162,0.149115,0.138876,0.009168
3429.941357,sim,0.109015,0.184228,0.147007,0.145233,0.136359,0.008971
3429.945321,sim,0.109015,0.184228,0.147007,0.145233,0.136359,0.008971
3429.949366,sim,0.109015,0.184228,0.147007,0.145233,0.136359,0.008971
3429.953348,sim,0.109015,0.184228,0.147007,0.145233,0.136359,0.008971
3429.957494,sim,0.109015,0.184228,0.147007,0.145233,0.136359,0.008971
3429.961403,sim,0.105147,0.177219,0.143406,0.141869,0.134178,0.008800
3429.965288,sim,0.105147,0.177219,0.143406,0.141869,0.134178,0.008800
3429.969392,sim,0.105147,0.177219,0.143406,0.141869,0.134178,0.008800
3429.973350,sim,0.105147,0.177219,0.143406,0.141869,0.134178,0.008800
3429.977404,sim,0.105147,0.177219,0.143406,0.141869,0.134178,0.008800
3429.981264,sim,0.105147,0.177219,0.143406,0.141869,0.134178,0.008800
3429.985364,sim,0.101794,0.171144,0.140286,0.138953,0.132287,0.008653
3429.989349,sim,0.101794,0.171144,0.140286,0.138953,0.132287,0.008653
3429.993242,sim,0.101794,0.171144,0.140286,0.138953,0.132287,0.008653
3429.997332,sim,0.101794,0.171144,0.140286,0.138953,0.132287,0.008653
3430.001358,sim,0.101794,0.171144,0.140286,0.138953,0.132287,0.008653
3430.005389,sim,0.098888,0.165878,0.137581,0.136426,0.130649,0.008525
3430.009279,sim,0.098888,0.165878,0.137581,0.136426,0.130649,0.008525
3430.013296,sim,0.098888,0.165878,0.137581,0.136426,0.130649,0.008525
3430.017506,sim,0.098888,0.165878,0.137581,0.136426,0.130649,0.008525
3430.021270,sim,0.098888,0.165878,0.137581,0.136426,0.130649,0.008525
3430.025324,sim,0.096370,0.161315,0.135237,0.134236,0.129229,0.008414
3430.029278,sim,0.096370,0.161315,0.135237,0.134236,0.129229,0.008414
3430.033380,sim,0.096370,0.161315,0.135237,0.134236,0.129229,0.008414
3430.037440,sim,0.094187,0.157361,0.133205,0.132338,0.127999,0.008317
3430.041333,sim,0.092004,0.153406,0.131174,0.130439,0.126768,0.008221
3430.045239,sim,0.089822,0.149452,0.129142,0.128541,0.125538,0.008125
3430.049408,sim,0.087639,0.145497,0.127110,0.126643,0.124307,0.008029
3430.053319,sim,0.085457,0.141542,0.125079,0.124745,0.123076,0.007933
3430.057438,sim,0.083274,0.137588,0.123047,0.122847,0.121846,0.007837
3430.061305,sim,0.081091,0.133633,0.121016,0.120949,0.120615,0.007740
3430.065367,sim,0.080000,0.131655,0.120000,0.120000,0.120000,0.007692
3430.069329,sim,0.080000,0.131656,0.120000,0.120000,0.120000,0.007692
3430.073518,sim,0.080000,0.131656,0.120000,0.120000,0.120000,0.007692
3430.077454,sim,0.080000,0.131656,0.120000,0.120000,0.120000,0.007693
3430.081387,sim,0.080000,0.131655,0.120000,0.120000,0.120000,0.007692
3430.085411,sim,0.080000,0.131656,0.120000,0.120000,0.120000,0.007693
3430.089321,sim,0.080000,0.131655,0.120000,0.120000,0.120000,0.007692
3430.093322,sim,0.080000,0.131656,0.120000,0.120000,0.120000,0.007693
3430.097411,sim,0.080000,0.131655,0.120000,0.120000,0.120000,0.007692
3430.101267,sim,0.080000,0.131656,0.120000,0.120000,0.120000,0.007692
3430.105290,sim,0.080000,0.131655,0.120000,0.120000,0.120000,0.007692
3430.109333,sim,0.080000,0.131656,0.120000,0.120000,0.120000,0.007693
3430.113375,sim,0.080000,0.131655,0.120000,0.120000,0.120000,0.007692
3430.117564,sim,0.080000,0.131656,0.120000,0.120000,0.120000,0.007692
3430.121387,sim,0.080000,0.131655,0.120000,0.120000,0.120000,0.007692
3430.125421,sim,0.080000,0.131656,0.120000,0.120000,0.120000,0.007692
3430.129369,sim,0.080000,0.131656,0.120000,0.120000,0.120000,0.007692
3430.133285,sim,0.080000,0.131655,0.120000,0.120000,0.120000,0.007692
3430.137365,sim,0.080000,0.131655,0.120000,0.120000,0.120000,0.007692
3430.141606,sim,0.080000,0.131656,0.120000,0.120000,0.120000,0.007693
3430.145505,sim,0.080000,0.131655,0.120000,0.120000,0.120000,0.007692
3430.149571,sim,0.080000,0.131656,0.120000,0.120000,0.120000,0.007693
3430.153320,sim,0.080000,0.131656,0.120000,0.120000,0.120000,0.007692
3430.157422,sim,0.080000,0.131656,0.120000,0.120000,0.120000,0.007692
3430.161340,sim,0.080000,0.131656,0.120000,0.120000,0.120000,0.007692
3430.165273,sim,0.080000,0.131656,0.120000,0.120000,0.120000,0.007693
3430.169305,sim,0.080000,0.131656,0.120000,0.120000,0.120000,0.007692
3430.173332,sim,0.080000,0.131656,0.120000,0.120000,0.120000,0.007692
3430.177535,sim,0.080000,0.131655,0.120000,0.120000,0.120000,0.007692
3430.181350,sim,0.080000,0.131656,0.120000,0.120000,0.120000,0.007693
3430.185301,sim,0.080000,0.131655,0.120000,0.120000,0.120000,0.007692
3430.189310,sim,0.080000,0.131656,0.120000,0.120000,0.120000,0.007693
3430.193427,sim,0.080000,0.131655,0.120000,0.120000,0.120000,0.007692
3430.197396,sim,0.080000,0.131656,0.120000,0.120000,0.120000,0.007692
3430.201288,sim,0.080000,0.131655,0.120000,0.120000,0.120000,0.007692
3430.205486,sim,0.080000,0.131656,0.120000,0.120000,0.120000,0.007693
3430.209496,sim,0.080000,0.131655,0.120000,0.120000,0.120000,0.007692
3430.213500,sim,0.080000,0.131656,0.120000,0.120000,0.120000,0.007693
3430.217489,sim,0.080000,0.131655,0.120000,0.120000,0.120000,0.007692
3430.221510,sim,0.080000,0.131656,0.120000,0.120000,0.120000,0.007693
3430.225469,sim,0.080000,0.131655,0.120000,0.120000,0.120000,0.007692
3430.229422,sim,0.080000,0.131656,0.120000,0.120000,0.120000,0.007693
3430.233440,sim,0.080000,0.131655,0.120000,0.120000,0.120000,0.007692
3430.237465,sim,0.080000,0.131656,0.120000,0.120000,0.120000,0.007693
3430.241534,sim,0.080000,0.131655,0.120000,0.120000,0.120000,0.007692
3430.245395,sim,0.080000,0.131656,0.120000,0.120000,0.120000,0.007693
3430.249375,sim,0.080000,0.131655,0.120000,0.120000,0.120000,0.007692
3430.253329,sim,0.080000,0.131656,0.120000,0.120000,0.120000,0.007693
3430.257502,sim,0.080000,0.131655,0.120000,0.120000,0.120000,0.007692
3430.261434,sim,0.080000,0.131656,0.120000,0.120000,0.120000,0.007693
3430.265366,sim,0.080000,0.131655,0.120000,0.120000,0.120000,0.007692
3430.270206,sim,0.080000,0.131656,0.120000,0.120000,0.120000,0.007693
3430.273452,sim,0.080000,0.131655,0.120000,0.120000,0.120000,0.007692
3430.277605,sim,0.080000,0.131656,0.120000,0.120000,0.120000,0.007693
3430.281421,sim,0.080000,0.131656,0.120000,0.120000,0.120000,0.007692
3430.285329,sim,0.080000,0.131656,0.120000,0.120000,0.120000,0.007692
3430.289412,sim,0.080000,0.131656,0.120000,0.120000,0.120000,0.007692
3430.293417,sim,0.080000,0.131656,0.120000,0.120000,0.120000,0.007693
3430.297499,sim,0.080000,0.131655,0.120000,0.120000,0.120000,0.007692
3430.301346,sim,0.080000,0.131656,0.120000,0.120000,0.120000,0.007693
3430.305447,sim,0.080000,0.131655,0.120000,0.120000,0.120000,0.007692
3430.309494,sim,0.080000,0.131656,0.120000,0.120000,0.120000,0.007692
3430.313335,sim,0.080000,0.131655,0.120000,0.120000,0.120000,0.007692
3430.317456,sim,0.080000,0.131656,0.120000,0.120000,0.120000,0.007692
3430.321382,sim,0.080000,0.131655,0.120000,0.120000,0.120000,0.007692
3430.325320,sim,0.080000,0.131656,0.120000,0.120000,0.120000,0.007692
3430.329388,sim,0.080000,0.131655,0.120000,0.120000,0.120000,0.007692
3430.333363,sim,0.080000,0.131656,0.120000,0.120000,0.120000,0.007692
3430.337410,sim,0.080000,0.131655,0.120000,0.120000,0.120000,0.007692
3430.341336,sim,0.080000,0.131656,0.120000,0.120000,0.120000,0.007693
3430.345351,sim,0.080000,0.131655,0.120000,0.120000,0.120000,0.007692
3430.349358,sim,0.080000,0.131656,0.120000,0.120000,0.120000,0.007693
3430.353370,sim,0.080000,0.131655,0.120000,0.120000,0.120000,0.007692
3430.357479,sim,0.080000,0.131656,0.120000,0.120000,0.120000,0.007693
3430.361362,sim,0.080000,0.131655,0.120000,0.120000,0.120000,0.007692
3430.365514,sim,0.080000,0.131656,0.120777,0.120777,0.120777,0.013846
3430.369482,sim,0.080000,0.131656,0.120777,0.120777,0.120777,0.013846
3430.373541,sim,0.080000,0.131655,0.120777,0.120777,0.120777,0.013846
3430.377517,sim,0.080000,0.131656,0.120777,0.120777,0.120777,0.013846
3430.381562,sim,0.080000,0.131655,0.120777,0.120777,0.120777,0.013846
3430.385481,sim,0.080000,0.131656,0.124559,0.125336,0.124559,0.027384
3430.389535,sim,0.080000,0.131655,0.124559,0.125336,0.124559,0.027384
3430.393291,sim,0.080000,0.131655,0.124559,0.125336,0.124559,0.027384
3430.397464,sim,0.080000,0.131655,0.124559,0.125336,0.124559,0.027384
3430.401487,sim,0.080000,0.131655,0.124559,0.125336,0.124559,0.027384
3430.405441,sim,0.080000,0.131655,0.131721,0.133172,0.131721,0.046297
3430.409593,sim,0.080000,0.131655,0.131721,0.133172,0.131721,0.046297
3430.413353,sim,0.080000,0.131655,0.131721,0.133172,0.131721,0.046297
3430.417619,sim,0.080000,0.131655,0.131721,0.133172,0.131721,0.046297
3430.421428,sim,0.080000,0.131655,0.131721,0.133172,0.131721,0.046297
3430.425398,sim,0.084874,0.131656,0.139483,0.142294,0.138706,0.065766
3430.429285,sim,0.084874,0.131656,0.139483,0.142294,0.138706,0.065765
3430.433345,sim,0.084874,0.131656,0.139483,0.142294,0.138706,0.065765
3430.437441,sim,0.084874,0.131656,0.139483,0.142294,0.138706,0.065765
3430.441394,sim,0.084874,0.131656,0.139483,0.142294,0.138706,0.065765
3430.445352,sim,0.093160,0.131656,0.149318,0.151754,0.147867,0.082638
3430.449442,sim,0.093160,0.131656,0.149318,0.151754,0.147867,0.082638
3430.453364,sim,0.093160,0.131656,0.149318,0.151754,0.147867,0.082638
3430.457476,sim,0.093160,0.131656,0.149318,0.151754,0.147867,0.082638
3430.461339,sim,0.093160,0.131656,0.149318,0.151754,0.147867,0.082638
3430.465670,sim,0.104403,0.131656,0.160950,0.163061,0.158138,0.097260
3430.469453,sim,0.104403,0.131656,0.160950,0.163061,0.158138,0.097260
3430.473465,sim,0.104403,0.131656,0.160950,0.163061,0.158138,0.097260
3430.477358,sim,0.104403,0.131656,0.160950,0.163061,0.158138,0.097260
3430.481775,sim,0.104403,0.131656,0.160950,0.163061,0.158138,0.097260
3430.485316,sim,0.115772,0.131656,0.173362,0.174415,0.168594,0.109933
3430.489287,sim,0.115772,0.131656,0.173362,0.174415,0.168594,0.109933
3430.493301,sim,0.115772,0.131656,0.173362,0.174415,0.168594,0.109933
3430.497598,sim,0.115772,0.131656,0.173362,0.174415,0.168594,0.109933
3430.501784,sim,0.115772,0.131656,0.173362,0.174415,0.168594,0.109933
3430.505343,sim,0.128062,0.131656,0.185673,0.186585,0.181541,0.120917
3430.509485,sim,0.128062,0.131656,0.185673,0.186585,0.181541,0.120917
3430.513385,sim,0.128062,0.131656,0.185673,0.186585,0.181541,0.120917
3430.517617,sim,0.128062,0.131656,0.185673,0.186585,0.181541,0.120917
3430.521545,sim,0.128062,0.131656,0.185673,0.186585,0.181541,0.120917
3430.525369,sim,0.141150,0.131656,0.199451,0.200242,0.194316,0.130435
3430.530287,sim,0.141150,0.131656,0.199451,0.200242,0.194316,0.130435
3430.533375,sim,0.141150,0.131656,0.199451,0.200242,0.194316,0.130435
3430.537464,sim,0.141150,0.131656,0.199451,0.200242,0.194316,0.130435
3430.541777,sim,0.141150,0.131656,0.199451,0.200242,0.194316,0.130435
3430.545397,sim,0.155743,0.135541,0.213723,0.213631,0.208495,0.138685
3430.549472,sim,0.155743,0.135541,0.213723,0.213631,0.208495,0.138685
3430.553287,sim,0.155743,0.135541,0.213723,0.213631,0.208495,0.138685
3430.557624,sim,0.155743,0.135541,0.213723,0.213631,0.208495,0.138685
3430.561612,sim,0.155743,0.135541,0.213723,0.213631,0.208495,0.138685
3430.565395,sim,0.170015,0.142793,0.228423,0.226789,0.223115,0.145835
3430.569286,sim,0.170015,0.142793,0.228423,0.226789,0.223115,0.145835
3430.573398,sim,0.170015,0.142793,0.228423,0.226789,0.223115,0.145835
3430.577478,sim,0.170015,0.142793,0.228423,0.226789,0.223115,0.145835
3430.581513,sim,0.170015,0.142793,0.228423,0.226789,0.223115,0.145835
3430.585246,sim,0.184821,0.150633,0.244271,0.240524,0.238117,0.152031
3430.589622,sim,0.184821,0.150633,0.244271,0.240524,0.238117,0.152031
3430.593577,sim,0.184821,0.150633,0.244271,0.240524,0.238117,0.152031
3430.597595,sim,0.184821,0.150633,0.244271,0.240524,0.238117,0.152031
3430.601418,sim,0.184821,0.150633,0.244271,0.240524,0.238117,0.152031
3430.605316,sim,0.200090,0.158981,0.261114,0.255536,0.253450,0.157401
3430.609411,sim,0.200090,0.158981,0.261114,0.255536,0.253450,0.157401
3430.613274,sim,0.200090,0.158981,0.261114,0.255536,0.253450,0.157401
3430.617594,sim,0.200090,0.158981,0.261114,0.255536,0.253450,0.157401
3430.621569,sim,0.200090,0.158981,0.261114,0.255536,0.253450,0.157401
3430.625442,sim,0.216572,0.168547,0.277266,0.270100,0.269846,0.162056
3430.629305,sim,0.216572,0.168547,0.277266,0.270100,0.269846,0.162056
3430.633291,sim,0.216572,0.168547,0.277266,0.270100,0.269846,0.162056
3430.637343,sim,0.216572,0.168547,0.277266,0.270100,0.269846,0.162056
3430.641349,sim,0.216572,0.168547,0.277266,0.270100,0.269846,0.162056
3430.645262,sim,0.233294,0.177615,0.292818,0.284277,0.285611,0.166089
3430.649282,sim,0.233294,0.177615,0.292818,0.284277,0.285611,0.166089
3430.653431,sim,0.233294,0.177615,0.292818,0.284277,0.285611,0.166089
3430.657512,sim,0.233294,0.177615,0.292818,0.284277,0.285611,0.166089
3430.661325,sim,0.233294,0.177615,0.292818,0.284277,0.285611,0.166089
3430.665409,sim,0.249411,0.187028,0.310182,0.299671,0.301604,0.169585
3430.669291,sim,0.249411,0.187028,0.310182,0.299671,0.301604,0.169585
3430.673341,sim,0.249411,0.187028,0.310182,0.299671,0.301604,0.169585
3430.677389,sim,0.249411,0.187028,0.310182,0.299671,0.301604,0.169585
3430.681351,sim,0.249411,0.187028,0.310182,0.299671,0.301604,0.169585
3430.685558,sim,0.249411,0.187028,0.310182,0.299671,0.301604,0.169585
3430.689544,sim,0.267441,0.199071,0.328339,0.314567,0.319351,0.172615
3430.693381,sim,0.267441,0.199071,0.328339,0.314567,0.319351,0.172615
3430.697438,sim,0.267441,0.199071,0.328339,0.314567,0.319351,0.172615
3430.701312,sim,0.267441,0.199071,0.328339,0.314567,0.319351,0.172615
3430.705492,sim,0.284692,0.211063,0.345629,0.330585,0.336285,0.175240
3430.709365,sim,0.284692,0.211063,0.345629,0.330585,0.336285,0.175240
3430.713283,sim,0.284692,0.211063,0.345629,0.330585,0.336285,0.175240
3430.717585,sim,0.284692,0.211063,0.345629,0.330585,0.336285,0.175240
3430.721525,sim,0.284692,0.211063,0.345629,0.330585,0.336285,0.175240
3430.725392,sim,0.302080,0.222232,0.362944,0.346798,0.354070,0.177516
3430.729292,sim,0.302080,0.222232,0.362944,0.346798,0.354070,0.177516
3430.733281,sim,0.302080,0.222232,0.362944,0.346798,0.354070,0.177516
3430.737372,sim,0.302080,0.222232,0.362944,0.346798,0.354070,0.177516
3430.741393,sim,0.302080,0.222232,0.362944,0.346798,0.354070,0.177516
3430.745370,sim,0.302080,0.222232,0.362944,0.346798,0.354070,0.177516
3430.749481,sim,0.320398,0.235021,0.381059,0.363958,0.371814,0.179488
3430.753448,sim,0.320398,0.235021,0.381059,0.363958,0.371814,0.179488
3430.757454,sim,0.320398,0.235021,0.381059,0.363958,0.371814,0.179488
3430.761369,sim,0.320398,0.235021,0.381059,0.363958,0.371814,0.179488
3430.765360,sim,0.320398,0.235021,0.381059,0.363958,0.371814,0.179488
3430.769385,sim,0.338712,0.247658,0.399090,0.380384,0.389523,0.181198
3430.773320,sim,0.338712,0.247658,0.399090,0.380384,0.389523,0.181198
3430.777492,sim,0.338712,0.247658,0.399090,0.380384,0.389523,0.181198
3430.781369,sim,0.338712,0.247658,0.399090,0.380384,0.389523,0.181198
3430.785449,sim,0.338712,0.247658,0.399090,0.380384,0.389523,0.181198
3430.789322,sim,0.356208,0.260165,0.417825,0.396951,0.407203,0.182679
3430.793299,sim,0.356208,0.260165,0.417825,0.396951,0.407203,0.182679
3430.797423,sim,0.356208,0.260165,0.417825,0.396951,0.407203,0.182679
3430.801325,sim,0.356208,0.260165,0.417825,0.396951,0.407203,0.182679
3430.805453,sim,0.372996,0.272558,0.435616,0.412863,0.424079,0.183963
3430.809455,sim,0.372996,0.272558,0.435616,0.412863,0.424079,0.183963
3430.813451,sim,0.372996,0.272558,0.435616,0.412863,0.424079,0.183963
3430.817695,sim,0.372996,0.272558,0.435616,0.412863,0.424079,0.183963
3430.821341,sim,0.372996,0.272558,0.435616,0.412863,0.424079,0.183963
3430.825336,sim,0.372996,0.272558,0.435616,0.412863,0.424079,0.183963
3430.829423,sim,0.391608,0.286406,0.452589,0.428985,0.441813,0.185075
3430.833421,sim,0.391608,0.286406,0.452589,0.428985,0.441813,0.185075
3430.837384,sim,0.391608,0.286406,0.452589,0.428985,0.441813,0.185075
3430.841484,sim,0.391608,0.286406,0.452589,0.428985,0.441813,0.185075
3430.845572,sim,0.391608,0.286406,0.452589,0.428985,0.441813,0.185075
3430.849488,sim,0.410175,0.300740,0.470408,0.445288,0.459514,0.186040
3430.853362,sim,0.410175,0.300740,0.470408,0.445288,0.459514,0.186040
3430.857405,sim,0.410175,0.300740,0.470408,0.445288,0.459514,0.186040
3430.861327,sim,0.410175,0.300740,0.470408,0.445288,0.459514,0.186040
3430.865403,sim,0.410175,0.300740,0.470408,0.445288,0.459514,0.186040
3430.869391,sim,0.427891,0.313939,0.488181,0.461748,0.476409,0.186875
3430.873610,sim,0.427891,0.313939,0.488181,0.461748,0.476409,0.186875
3430.877486,sim,0.427891,0.313939,0.488181,0.461748,0.476409,0.186875
3430.881329,sim,0.427891,0.313939,0.488181,0.461748,0.476409,0.186875
3430.885331,sim,0.427891,0.313939,0.488181,0.461748,0.476409,0.186875
3430.889364,sim,0.444870,0.329264,0.505916,0.478345,0.494159,0.187600
3430.893336,sim,0.444870,0.329264,0.505916,0.478345,0.494159,0.187600
3430.897437,sim,0.444870,0.329264,0.505916,0.478345,0.494159,0.187600
3430.901391,sim,0.444870,0.329264,0.505916,0.478345,0.494159,0.187600
3430.905719,sim,0.444870,0.329264,0.505916,0.478345,0.494159,0.187600
3430.909407,sim,0.461209,0.344099,0.523617,0.495060,0.512651,0.188227
3430.913414,sim,0.461209,0.344099,0.523617,0.495060,0.512651,0.188227
3430.917512,sim,0.461209,0.344099,0.523617,0.495060,0.512651,0.188227
3430.921261,sim,0.461209,0.344099,0.523617,0.495060,0.512651,0.188227
3430.925486,sim,0.461209,0.344099,0.523617,0.495060,0.512651,0.188227
3430.929479,sim,0.476995,0.357734,0.541289,0.511101,0.530231,0.188771
3430.933400,sim,0.476995,0.357734,0.541289,0.511101,0.530231,0.188771
3430.937547,sim,0.476995,0.357734,0.541289,0.511101,0.530231,0.188771
3430.941403,sim,0.476995,0.357734,0.541289,0.511101,0.530231,0.188771
3430.945407,sim,0.476995,0.357734,0.541289,0.511101,0.530231,0.188771
3430.949411,sim,0.494738,0.371881,0.558159,0.528111,0.548576,0.189243
3430.953366,sim,0.494738,0.371881,0.558159,0.528111,0.548576,0.189243
3430.957636,sim,0.494738,0.371881,0.558159,0.528111,0.548576,0.189243
3430.961355,sim,0.494738,0.371881,0.558159,0.528111,0.548576,0.189243
3430.965475,sim,0.494738,0.371881,0.558159,0.528111,0.548576,0.189243
3430.969426,sim,0.511740,0.386474,0.575888,0.544407,0.566805,0.189652
3430.973676,sim,0.511740,0.386474,0.575888,0.544407,0.566805,0.189652
3430.977508,sim,0.511740,0.386474,0.575888,0.544407,0.566805,0.189652
3430.981388,sim,0.511740,0.386474,0.575888,0.544407,0.566805,0.189652
3430.985372,sim,0.511740,0.386474,0.575888,0.544407,0.566805,0.189652
3430.989324,sim,0.528099,0.400675,0.592807,0.560861,0.583382,0.190006
3430.993406,sim,0.528099,0.400675,0.592807,0.560861,0.583382,0.190006
3430.997589,sim,0.528099,0.400675,0.592807,0.560861,0.583382,0.190006
3431.001388,sim,0.528099,0.400675,0.592807,0.560861,0.583382,0.190006
3431.005540,sim,0.528099,0.400675,0.592807,0.560861,0.583382,0.190006
3431.009525,sim,0.546340,0.415313,0.609802,0.578230,0.600856,0.190313
3431.013338,sim,0.546340,0.415313,0.609802,0.578230,0.600856,0.190313
3431.017480,sim,0.546340,0.415313,0.609802,0.578230,0.600856,0.190313
3431.021317,sim,0.546340,0.415313,0.609802,0.578230,0.600856,0.190313
3431.025335,sim,0.546340,0.415313,0.609802,0.578230,0.600856,0.190313
3431.029368,sim,0.562960,0.428777,0.627638,0.594837,0.618331,0.190579
3431.033338,sim,0.562960,0.428777,0.627638,0.594837,0.618331,0.190579
3431.037397,sim,0.562960,0.428777,0.627638,0.594837,0.618331,0.190579
3431.041387,sim,0.562960,0.428777,0.627638,0.594837,0.618331,0.190579
3431.045499,sim,0.562960,0.428777,0.627638,0.594837,0.618331,0.190579
3431.049335,sim,0.577365,0.442000,0.644651,0.610783,0.633476,0.190809
3431.053287,sim,0.577365,0.442000,0.644651,0.610783,0.633476,0.190809
3431.057599,sim,0.577365,0.442000,0.644651,0.610783,0.633476,0.190809
3431.061354,sim,0.577365,0.442000,0.644651,0.610783,0.633476,0.190809
3431.065340,sim,0.577365,0.442000,0.644651,0.610783,0.633476,0.190809
3431.069367,sim,0.589848,0.456567,0.662503,0.628489,0.646602,0.191009
3431.073408,sim,0.589848,0.456567,0.662503,0.628489,0.646602,0.191009
3431.077439,sim,0.589848,0.456567,0.662503,0.628489,0.646602,0.191009
3431.081266,sim,0.589848,0.456567,0.662503,0.628489,0.646602,0.191009
3431.085342,sim,0.589848,0.456567,0.662503,0.628489,0.646602,0.191009
3431.089377,sim,0.589848,0.456567,0.662503,0.628489,0.646602,0.191009
3431.093387,sim,0.600668,0.470747,0.679529,0.645388,0.657978,0.191182
3431.097334,sim,0.600668,0.470747,0.679529,0.645388,0.657978,0.191182
3431.101263,sim,0.600668,0.470747,0.679529,0.645388,0.657978,0.191182
3431.105344,sim,0.600668,0.470747,0.679529,0.645388,0.657978,0.191182
3431.109311,sim,0.610044,0.484590,0.694285,0.663142,0.667837,0.191332
3431.113257,sim,0.610044,0.484590,0.694285,0.663142,0.667837,0.191332
3431.117482,sim,0.610044,0.484590,0.694285,0.663142,0.667837,0.191332
3431.121339,sim,0.610044,0.484590,0.694285,0.663142,0.667837,0.191332
3431.125323,sim,0.610044,0.484590,0.694285,0.663142,0.667837,0.191332
3431.129303,sim,0.610044,0.484590,0.694285,0.663142,0.667837,0.191332
3431.133279,sim,0.618171,0.499695,0.707074,0.678529,0.676381,0.191462
3431.137593,sim,0.618171,0.499695,0.707074,0.678529,0.676381,0.191462
3431.141286,sim,0.618171,0.499695,0.707074,0.678529,0.676381,0.191462
3431.145365,sim,0.618171,0.499695,0.707074,0.678529,0.676381,0.191462
3431.149357,sim,0.618171,0.499695,0.707074,0.678529,0.676381,0.191462
3431.153480,sim,0.625214,0.514341,0.718157,0.691864,0.683787,0.191575
3431.157553,sim,0.625214,0.514341,0.718157,0.691864,0.683787,0.191575
3431.161349,sim,0.625214,0.514341,0.718157,0.691864,0.683787,0.191575
3431.165391,sim,0.625214,0.514341,0.718157,0.691864,0.683787,0.191575
3431.169486,sim,0.625214,0.514341,0.718157,0.691864,0.683787,0.191575
3431.173435,sim,0.631318,0.528588,0.727762,0.703421,0.690204,0.191673
3431.177446,sim,0.631318,0.528588,0.727762,0.703421,0.690204,0.191673
3431.181414,sim,0.631318,0.528588,0.727762,0.703421,0.690204,0.191673
3431.185768,sim,0.631318,0.528588,0.727762,0.703421,0.690204,0.191673
3431.189646,sim,0.636608,0.543266,0.736087,0.713438,0.695767,0.191757
3431.193535,sim,0.636608,0.543266,0.736087,0.713438,0.695767,0.191757
3431.197486,sim,0.636608,0.543266,0.736087,0.713438,0.695767,0.191757
3431.201456,sim,0.636608,0.543266,0.736087,0.713438,0.695767,0.191757
3431.205528,sim,0.636608,0.543266,0.736087,0.713438,0.695767,0.191757
3431.209466,sim,0.636608,0.543266,0.736087,0.713438,0.695767,0.191757
3431.213440,sim,0.641193,0.556764,0.744079,0.722118,0.700587,0.191831
3431.217742,sim,0.641193,0.556764,0.744079,0.722118,0.700587,0.191831
3431.221578,sim,0.641193,0.556764,0.744079,0.722118,0.700587,0.191831
3431.225559,sim,0.641193,0.556764,0.744079,0.722118,0.700587,0.191831
3431.229827,sim,0.641193,0.556764,0.744079,0.722118,0.700587,0.191831
3431.233663,sim,0.645166,0.571571,0.751005,0.729642,0.704765,0.191894
3431.237835,sim,0.645166,0.571571,0.751005,0.729642,0.704765,0.191894
3431.241548,sim,0.645166,0.571571,0.751005,0.729642,0.704765,0.191894
3431.245600,sim,0.645166,0.571571,0.751005,0.729642,0.704765,0.191894
3431.249844,sim,0.645166,0.571571,0.751005,0.729642,0.704765,0.191894
3431.253589,sim,0.648610,0.585958,0.757008,0.736162,0.708386,0.191949
3431.257854,sim,0.648610,0.585958,0.757008,0.736162,0.708386,0.191949
3431.261709,sim,0.648610,0.585958,0.757008,0.736162,0.708386,0.191949
3431.265654,sim,0.648610,0.585958,0.757008,0.736162,0.708386,0.191949
3431.269854,sim,0.648610,0.585958,0.757008,0.736162,0.708386,0.191949
3431.273551,sim,0.651594,0.599980,0.762211,0.741813,0.711524,0.191997
3431.277728,sim,0.651594,0.599980,0.762211,0.741813,0.711524,0.191997
3431.281657,sim,0.651594,0.599980,0.762211,0.741813,0.711524,0.191997
3431.285666,sim,0.651594,0.599980,0.762211,0.741813,0.711524,0.191997
3431.290551,sim,0.651594,0.599980,0.762211,0.741813,0.711524,0.191997
3431.293823,sim,0.654181,0.614464,0.766719,0.746710,0.714243,0.192039
3431.297896,sim,0.654181,0.614464,0.766719,0.746710,0.714243,0.192039
3431.301686,sim,0.654181,0.614464,0.766719,0.746710,0.714243,0.192039
3431.305781,sim,0.654181,0.614464,0.766719,0.746710,0.714243,0.192039
3431.309669,sim,0.654181,0.614464,0.766719,0.746710,0.714243,0.192039
3431.313724,sim,0.656422,0.629348,0.770627,0.750954,0.716600,0.192074
3431.317878,sim,0.656422,0.629348,0.770627,0.750954,0.716600,0.192074
3431.321679,sim,0.656422,0.629348,0.770627,0.750954,0.716600,0.192074
3431.325848,sim,0.656422,0.629348,0.770627,0.750954,0.716600,0.192074
3431.329892,sim,0.656422,0.629348,0.770627,0.750954,0.716600,0.192074
3431.333677,sim,0.658365,0.643801,0.774014,0.754633,0.718643,0.192106
3431.337677,sim,0.658365,0.643801,0.774014,0.754633,0.718643,0.192106
3431.341730,sim,0.658365,0.643801,0.774014,0.754633,0.718643,0.192106
3431.345802,sim,0.658365,0.643801,0.774014,0.754633,0.718643,0.192106
3431.350017,sim,0.658365,0.643801,0.774014,0.754633,0.718643,0.192106
3431.353831,sim,0.660049,0.656327,0.776949,0.757821,0.720413,0.188030
3431.357922,sim,0.660049,0.656327,0.776949,0.757821,0.720413,0.188030
3431.361754,sim,0.660049,0.656327,0.776949,0.757821,0.720413,0.188030
3431.365719,sim,0.660049,0.656327,0.776949,0.757821,0.720413,0.188030
3431.369911,sim,0.660049,0.656327,0.776949,0.757821,0.720413,0.188030
3431.373648,sim,0.661508,0.667184,0.779492,0.760584,0.721948,0.178344
3431.377917,sim,0.661508,0.667184,0.779492,0.760584,0.721948,0.178344
3431.381733,sim,0.661508,0.667184,0.779492,0.760584,0.721948,0.178344
3431.385849,sim,0.661508,0.667184,0.779492,0.760584,0.721948,0.178344
3431.389759,sim,0.661508,0.667184,0.779492,0.760584,0.721948,0.178344
3431.393788,sim,0.659523,0.676592,0.781697,0.762978,0.721723,0.161744
3431.397816,sim,0.659523,0.676592,0.781697,0.762978,0.721723,0.161744
3431.401649,sim,0.659523,0.676592,0.781697,0.762978,0.721723,0.161744
3431.405648,sim,0.659523,0.676592,0.781697,0.762978,0.721723,0.161744
3431.409953,sim,0.659523,0.676592,0.781697,0.762978,0.721723,0.161744
3431.413790,sim,0.651304,0.684746,0.783608,0.765054,0.718421,0.141204
3431.417868,sim,0.651304,0.684746,0.783608,0.765054,0.718421,0.141204
3431.421831,sim,0.651304,0.684746,0.783608,0.765054,0.718421,0.141204
3431.425808,sim,0.651304,0.684746,0.783608,0.765054,0.718421,0.141204
3431.429813,sim,0.651304,0.684746,0.783608,0.765054,0.718421,0.141204
3431.433693,sim,0.641744,0.691813,0.785263,0.766852,0.711673,0.122377
3431.437909,sim,0.641744,0.691813,0.785263,0.766852,0.711673,0.122377
3431.441741,sim,0.641744,0.691813,0.785263,0.766852,0.711673,0.122377
3431.445703,sim,0.641744,0.691813,0.785263,0.766852,0.711673,0.122377
3431.449775,sim,0.641744,0.691813,0.785263,0.766852,0.711673,0.122377
3431.453875,sim,0.641744,0.691813,0.785263,0.766852,0.711673,0.122377
3431.457975,sim,0.629397,0.697938,0.786698,0.768411,0.702717,0.106060
3431.461808,sim,0.629397,0.697938,0.786698,0.768411,0.702717,0.106060
3431.465886,sim,0.629397,0.697938,0.786698,0.768411,0.702717,0.106060
3431.469750,sim,0.629397,0.697938,0.786698,0.768411,0.702717,0.106060
3431.473898,sim,0.629397,0.697938,0.786698,0.768411,0.702717,0.106060
3431.477936,sim,0.617071,0.703246,0.787942,0.769762,0.693401,0.091919
3431.482058,sim,0.617071,0.703246,0.787942,0.769762,0.693401,0.091919
3431.485820,sim,0.617071,0.703246,0.787942,0.769762,0.693401,0.091919
3431.489838,sim,0.617071,0.703246,0.787942,0.769762,0.693401,0.091919
3431.493895,sim,0.603139,0.707846,0.789020,0.770933,0.682996,0.079663
3431.497909,sim,0.603139,0.707846,0.789020,0.770933,0.682996,0.079663
3431.501748,sim,0.603139,0.707846,0.789020,0.770933,0.682996,0.079663
3431.505799,sim,0.603139,0.707846,0.789020,0.770933,0.682996,0.079663
3431.509892,sim,0.603139,0.707846,0.789020,0.770933,0.682996,0.079663
3431.514211,sim,0.603139,0.707846,0.789020,0.770933,0.682996,0.079663
3431.517935,sim,0.587003,0.711833,0.789954,0.771947,0.670871,0.069041
3431.521823,sim,0.587003,0.711833,0.789954,0.771947,0.670871,0.069041
3431.525822,sim,0.587003,0.711833,0.789954,0.771947,0.670871,0.069041
3431.529754,sim,0.587003,0.711833,0.789954,0.771947,0.670871,0.069041
3431.533975,sim,0.587003,0.711833,0.789954,0.771947,0.670871,0.069041
3431.537971,sim,0.569769,0.715289,0.790764,0.772827,0.658807,0.059836
3431.541835,sim,0.569769,0.715289,0.790764,0.772827,0.658807,0.059836
3431.545755,sim,0.569769,0.715289,0.790764,0.772827,0.658807,0.059836
3431.549916,sim,0.569769,0.715289,0.790764,0.772827,0.658807,0.059836
3431.553958,sim,0.569769,0.715289,0.790764,0.772827,0.658807,0.059836
3431.558022,sim,0.552396,0.718283,0.791466,0.773589,0.644468,0.051857
3431.561818,sim,0.552396,0.718283,0.791466,0.773589,0.644468,0.051857
3431.565801,sim,0.552396,0.718283,0.791466,0.773589,0.644468,0.051857
3431.569836,sim,0.552396,0.718283,0.791466,0.773589,0.644468,0.051857
3431.574038,sim,0.552396,0.718283,0.791466,0.773589,0.644468,0.051857
3431.578056,sim,0.535715,0.718547,0.792074,0.774250,0.629709,0.044943
3431.581958,sim,0.535715,0.718547,0.792074,0.774250,0.629709,0.044943
3431.585914,sim,0.535715,0.718547,0.792074,0.774250,0.629709,0.044943
3431.589936,sim,0.535715,0.718547,0.792074,0.774250,0.629709,0.044943
3431.594143,sim,0.535715,0.718547,0.792074,0.774250,0.629709,0.044943
3431.598035,sim,0.516383,0.714891,0.792601,0.774822,0.615363,0.038951
3431.601888,sim,0.516383,0.714891,0.792601,0.774822,0.615363,0.038951
3431.605885,sim,0.516383,0.714891,0.792601,0.774822,0.615363,0.038951
3431.610031,sim,0.516383,0.714891,0.792601,0.774822,0.615363,0.038951
3431.614095,sim,0.516383,0.714891,0.792601,0.774822,0.615363,0.038951
3431.618275,sim,0.516383,0.714891,0.792601,0.774822,0.615363,0.038951
3431.621998,sim,0.516383,0.714891,0.792601,0.774822,0.615363,0.038951
3431.625874,sim,0.516383,0.714891,0.792601,0.774822,0.615363,0.038951
3431.629866,sim,0.516383,0.714891,0.792601,0.774822,0.615363,0.038951
3431.633945,sim,0.516383,0.714891,0.792601,0.774822,0.615363,0.038951
3431.638045,sim,0.495567,0.706283,0.793058,0.775318,0.597491,0.033757
3431.641963,sim,0.495567,0.706283,0.793058,0.775318,0.597491,0.033757
3431.645931,sim,0.495567,0.706283,0.793058,0.775318,0.597491,0.033757
3431.649913,sim,0.495567,0.706283,0.793058,0.775318,0.597491,0.033757
3431.654071,sim,0.495567,0.706283,0.793058,0.775318,0.597491,0.033757
3431.658037,sim,0.473465,0.697269,0.793453,0.775748,0.579671,0.029256
3431.661986,sim,0.473465,0.697269,0.793453,0.775748,0.579671,0.029256
3431.665973,sim,0.473465,0.697269,0.793453,0.775748,0.579671,0.029256
3431.669908,sim,0.473465,0.697269,0.793453,0.775748,0.579671,0.029256
3431.673952,sim,0.473465,0.697269,0.793453,0.775748,0.579671,0.029256
3431.678162,sim,0.451061,0.687125,0.793796,0.776121,0.561119,0.025355
3431.681968,sim,0.451061,0.687125,0.793796,0.776121,0.561119,0.025355
3431.685913,sim,0.451061,0.687125,0.793796,0.776121,0.561119,0.025355
3431.689954,sim,0.451061,0.687125,0.793796,0.776121,0.561119,0.025355
3431.693876,sim,0.451061,0.687125,0.793796,0.776121,0.561119,0.025355
3431.698140,sim,0.430019,0.675226,0.794094,0.776444,0.542709,0.021975
3431.701976,sim,0.430019,0.675226,0.794094,0.776444,0.542709,0.021975
3431.705943,sim,0.430019,0.675226,0.794094,0.776444,0.542709,0.021975
3431.709900,sim,0.430019,0.675226,0.794094,0.776444,0.542709,0.021975
3431.714017,sim,0.430019,0.675226,0.794094,0.776444,0.542709,0.021975
3431.718114,sim,0.410157,0.663359,0.794351,0.776724,0.524423,0.019045
3431.722026,sim,0.410157,0.663359,0.794351,0.776724,0.524423,0.019045
3431.725956,sim,0.410157,0.663359,0.794351,0.776724,0.524423,0.019045
3431.729937,sim,0.410157,0.663359,0.794351,0.776724,0.524423,0.019045
3431.733909,sim,0.410157,0.663359,0.794351,0.776724,0.524423,0.019045
3431.737998,sim,0.410157,0.663359,0.794351,0.776724,0.524423,0.019045
3431.741923,sim,0.388882,0.651521,0.794575,0.776966,0.505467,0.016505
3431.746035,sim,0.388882,0.651521,0.794575,0.776966,0.505467,0.016505
3431.749894,sim,0.388882,0.651521,0.794575,0.776966,0.505467,0.016505
3431.753877,sim,0.388882,0.651521,0.794575,0.776966,0.505467,0.016505
3431.758033,sim,0.388882,0.651521,0.794575,0.776966,0.505467,0.016505
3431.762041,sim,0.366382,0.638152,0.794768,0.777177,0.487484,0.014305
3431.765975,sim,0.366382,0.638152,0.794768,0.777177,0.487484,0.014305
3431.769862,sim,0.366382,0.638152,0.794768,0.777177,0.487484,0.014305
3431.774092,sim,0.366382,0.638152,0.794768,0.777177,0.487484,0.014305
3431.778195,sim,0.366382,0.638152,0.794768,0.777177,0.487484,0.014305
3431.782078,sim,0.344445,0.624235,0.794936,0.777359,0.468014,0.012397
3431.785893,sim,0.344445,0.624235,0.794936,0.777359,0.468014,0.012397
3431.789999,sim,0.344445,0.624235,0.794936,0.777359,0.468014,0.012397
3431.794028,sim,0.344445,0.624235,0.794936,0.777359,0.468014,0.012397
3431.798107,sim,0.323809,0.610620,0.795082,0.777517,0.449586,0.010744
3431.802068,sim,0.323809,0.610620,0.795082,0.777517,0.449586,0.010744
3431.806037,sim,0.323809,0.610620,0.795082,0.777517,0.449586,0.010744
3431.809971,sim,0.323809,0.610620,0.795082,0.777517,0.449586,0.010744
3431.813962,sim,0.323809,0.610620,0.795082,0.777517,0.449586,0.010744
3431.818200,sim,0.323809,0.610620,0.795082,0.777517,0.449586,0.010744
3431.822106,sim,0.302674,0.597266,0.795208,0.777653,0.430506,0.009312
3431.826087,sim,0.302674,0.597266,0.795208,0.777653,0.430506,0.009312
3431.829983,sim,0.302674,0.597266,0.795208,0.777653,0.430506,0.009312
3431.833973,sim,0.302674,0.597266,0.795208,0.777653,0.430506,0.009312
3431.838311,sim,0.302674,0.597266,0.795208,0.777653,0.430506,0.009312
3431.842092,sim,0.281920,0.584138,0.795317,0.777772,0.411640,0.008070
3431.846070,sim,0.281920,0.584138,0.795317,0.777772,0.411640,0.008070
3431.849977,sim,0.281920,0.584138,0.795317,0.777772,0.411640,0.008070
3431.854164,sim,0.281920,0.584138,0.795317,0.777772,0.411640,0.008070
3431.858502,sim,0.281920,0.584138,0.795317,0.777772,0.411640,0.008070
3431.862153,sim,0.260684,0.572761,0.795411,0.777875,0.393734,0.006994
3431.867523,sim,0.260684,0.572761,0.795411,0.777875,0.393734,0.006994
3431.870081,sim,0.260684,0.572761,0.795411,0.777875,0.393734,0.006994
3431.874193,sim,0.260684,0.572761,0.795411,0.777875,0.393734,0.006994
3431.878307,sim,0.260684,0.572761,0.795411,0.777875,0.393734,0.006994
3431.882050,sim,0.239842,0.562900,0.795493,0.777964,0.374331,0.006062
3431.886076,sim,0.239842,0.562900,0.795493,0.777964,0.374331,0.006062
3431.890469,sim,0.239842,0.562900,0.795493,0.777964,0.374331,0.006062
3431.894221,sim,0.239842,0.562900,0.795493,0.777964,0.374331,0.006062
3431.898635,sim,0.239842,0.562900,0.795493,0.777964,0.374331,0.006062
3431.902112,sim,0.220155,0.554355,0.795564,0.778041,0.356738,0.005253
3431.906172,sim,0.220155,0.554355,0.795564,0.778041,0.356738,0.005253
3431.910035,sim,0.220155,0.554355,0.795564,0.778041,0.356738,0.005253
3431.914098,sim,0.220155,0.554355,0.795564,0.778041,0.356738,0.005253
3431.918459,sim,0.220155,0.554355,0.795564,0.778041,0.356738,0.005253
3431.922143,sim,0.202280,0.546948,0.795626,0.778108,0.338383,0.004553
3431.926107,sim,0.202280,0.546948,0.795626,0.778108,0.338383,0.004553
3431.930035,sim,0.202280,0.546948,0.795626,0.778108,0.338383,0.004553
3431.934016,sim,0.202280,0.546948,0.795626,0.778108,0.338383,0.004553
3431.938424,sim,0.202280,0.546948,0.795626,0.778108,0.338383,0.004553
3431.942056,sim,0.186788,0.540530,0.795679,0.778166,0.320144,0.003946
3431.946071,sim,0.186788,0.540530,0.795679,0.778166,0.320144,0.003946
3431.950137,sim,0.186788,0.540530,0.795679,0.778166,0.320144,0.003946
3431.954094,sim,0.186788,0.540530,0.795679,0.778166,0.320144,0.003946
3431.958281,sim,0.186788,0.540530,0.795679,0.778166,0.320144,0.003946
3431.962137,sim,0.173362,0.534967,0.795726,0.778216,0.302005,0.003420
3431.966195,sim,0.173362,0.534967,0.795726,0.778216,0.302005,0.003420
3431.970146,sim,0.173362,0.534967,0.795726,0.778216,0.302005,0.003420
3431.974084,sim,0.173362,0.534967,0.795726,0.778216,0.302005,0.003420
3431.978190,sim,0.173362,0.534967,0.795726,0.778216,0.302005,0.003420
3431.982087,sim,0.161726,0.530146,0.795766,0.778260,0.283177,0.002964
3431.986089,sim,0.161726,0.530146,0.795766,0.778260,0.283177,0.002964
3431.990036,sim,0.161726,0.530146,0.795766,0.778260,0.283177,0.002964
3431.994027,sim,0.161726,0.530146,0.795766,0.778260,0.283177,0.002964
3431.998295,sim,0.161726,0.530146,0.795766,0.778260,0.283177,0.002964
3432.002094,sim,0.151642,0.525967,0.795801,0.778298,0.265306,0.002569
3432.006094,sim,0.151642,0.525967,0.795801,0.778298,0.265306,0.002569
3432.010051,sim,0.151642,0.525967,0.795801,0.778298,0.265306,0.002569
3432.014120,sim,0.151642,0.525967,0.795801,0.778298,0.265306,0.002569
3432.018316,sim,0.151642,0.525967,0.795801,0.778298,0.265306,0.002569
3432.022119,sim,0.142902,0.521569,0.795831,0.778330,0.247486,0.002226
3432.026100,sim,0.142902,0.521569,0.795831,0.778330,0.247486,0.002226
3432.030059,sim,0.142902,0.521569,0.795831,0.778330,0.247486,0.002226
3432.034067,sim,0.142902,0.521569,0.795831,0.778330,0.247486,0.002226
3432.038287,sim,0.142902,0.521569,0.795831,0.778330,0.247486,0.002226
3432.042116,sim,0.135327,0.517757,0.795857,0.778359,0.230488,0.001929
3432.046136,sim,0.135327,0.517757,0.795857,0.778359,0.230488,0.001929
3432.050122,sim,0.135327,0.517757,0.795857,0.778359,0.230488,0.001929
3432.054146,sim,0.135327,0.517757,0.795857,0.778359,0.230488,0.001929
3432.058264,sim,0.135327,0.517757,0.795857,0.778359,0.230488,0.001929
3432.062108,sim,0.135327,0.517757,0.795857,0.778359,0.230488,0.001929
3432.066192,sim,0.128763,0.514454,0.795879,0.776829,0.215756,0.001672
3432.070114,sim,0.128763,0.514454,0.795879,0.776829,0.215756,0.001672
3432.074114,sim,0.128763,0.514454,0.795879,0.776829,0.215756,0.001672
3432.078364,sim,0.128763,0.514454,0.795879,0.776829,0.215756,0.001672
3432.082237,sim,0.123073,0.511590,0.794345,0.771618,0.202988,0.001449
3432.086199,sim,0.123073,0.511590,0.794345,0.771618,0.202988,0.001449
3432.090185,sim,0.123073,0.511590,0.794345,0.771618,0.202988,0.001449
3432.094113,sim,0.123073,0.511590,0.794345,0.771618,0.202988,0.001449
3432.098299,sim,0.123073,0.511590,0.794345,0.771618,0.202988,0.001449
3432.102150,sim,0.123073,0.511590,0.794345,0.771618,0.202988,0.001449
3432.106185,sim,0.118143,0.509109,0.787576,0.762440,0.191923,0.001256
3432.110107,sim,0.118143,0.509109,0.787576,0.762440,0.191923,0.001256
3432.114211,sim,0.118143,0.509109,0.787576,0.762440,0.191923,0.001256
3432.118456,sim,0.118143,0.509109,0.787576,0.762440,0.191923,0.001256
3432.122770,sim,0.118143,0.509109,0.787576,0.762440,0.191923,0.001256
3432.126267,sim,0.113869,0.506959,0.779378,0.752932,0.182334,0.001088
3432.130235,sim,0.113869,0.506959,0.779378,0.752932,0.182334,0.001088
3432.134362,sim,0.113869,0.506959,0.779378,0.752932,0.182334,0.001088
3432.138312,sim,0.113869,0.506959,0.779378,0.752932,0.182334,0.001088
3432.142836,sim,0.113869,0.506959,0.779378,0.752932,0.182334,0.001088
3432.146451,sim,0.110166,0.505095,0.771496,0.740806,0.174022,0.000943
3432.150194,sim,0.110166,0.505095,0.771496,0.740806,0.174022,0.000943
3432.154072,sim,0.110166,0.505095,0.771496,0.740806,0.174022,0.000943
3432.158455,sim,0.110166,0.505095,0.771496,0.740806,0.174022,0.000943
3432.162287,sim,0.106956,0.503479,0.762334,0.728742,0.166819,0.000818
3432.166199,sim,0.106956,0.503479,0.762334,0.728742,0.166819,0.000818
3432.170094,sim,0.106956,0.503479,0.762334,0.728742,0.166819,0.000818
3432.174605,sim,0.106956,0.503479,0.762334,0.728742,0.166819,0.000818
3432.178419,sim,0.106956,0.503479,0.762334,0.728742,0.166819,0.000818
3432.182186,sim,0.106956,0.503479,0.762334,0.728742,0.166819,0.000818
3432.186121,sim,0.104174,0.502080,0.750509,0.715956,0.160577,0.000709
3432.190185,sim,0.104174,0.502080,0.750509,0.715956,0.160577,0.000709
3432.194223,sim,0.104174,0.502080,0.750509,0.715956,0.160577,0.000709
3432.198407,sim,0.104174,0.502080,0.750509,0.715956,0.160577,0.000709
3432.202274,sim,0.104174,0.502080,0.750509,0.715956,0.160577,0.000709
3432.206453,sim,0.101763,0.500866,0.738706,0.702544,0.155167,0.000614
3432.210327,sim,0.101763,0.500866,0.738706,0.702544,0.155167,0.000614
3432.214245,sim,0.101763,0.500866,0.738706,0.702544,0.155167,0.000614
3432.218445,sim,0.101763,0.500866,0.738706,0.702544,0.155167,0.000614
3432.222425,sim,0.101763,0.500866,0.738706,0.702544,0.155167,0.000614
3432.226279,sim,0.099674,0.499815,0.726145,0.688589,0.150478,0.000532
3432.230174,sim,0.099674,0.499815,0.726145,0.688589,0.150478,0.000532
3432.234087,sim,0.099674,0.499815,0.726145,0.688589,0.150478,0.000532
3432.238302,sim,0.099674,0.499815,0.726145,0.688589,0.150478,0.000532
3432.242605,sim,0.099674,0.499815,0.726145,0.688589,0.150478,0.000532
3432.246314,sim,0.097863,0.498904,0.712929,0.674940,0.146414,0.000461
3432.250181,sim,0.097863,0.498904,0.712929,0.674940,0.146414,0.000461
3432.254162,sim,0.097863,0.498904,0.712929,0.674940,0.146414,0.000461
3432.258286,sim,0.097863,0.498904,0.712929,0.674940,0.146414,0.000461
3432.262231,sim,0.097863,0.498904,0.712929,0.674940,0.146414,0.000461
3432.266186,sim,0.096294,0.498114,0.699143,0.659227,0.142892,0.000400
3432.270335,sim,0.096294,0.498114,0.699143,0.659227,0.142892,0.000400
3432.274272,sim,0.096294,0.498114,0.699143,0.659227,0.142892,0.000400
3432.278402,sim,0.096294,0.498114,0.699143,0.659227,0.142892,0.000400
3432.282349,sim,0.096294,0.498114,0.699143,0.659227,0.142892,0.000400
3432.286242,sim,0.094934,0.497429,0.684087,0.644054,0.139840,0.000346
3432.290261,sim,0.094934,0.497429,0.684087,0.644054,0.139840,0.000346
3432.294189,sim,0.094934,0.497429,0.684087,0.644054,0.139840,0.000346
3432.298259,sim,0.094934,0.497429,0.684087,0.644054,0.139840,0.000346
3432.302396,sim,0.094934,0.497429,0.684087,0.644054,0.139840,0.000346
3432.306333,sim,0.093755,0.496836,0.668708,0.629350,0.137195,0.000300
3432.310262,sim,0.093755,0.496836,0.668708,0.629350,0.137195,0.000300
3432.314195,sim,0.093755,0.496836,0.668708,0.629350,0.137195,0.000300
3432.318534,sim,0.093755,0.496836,0.668708,0.629350,0.137195,0.000300
3432.322537,sim,0.093755,0.496836,0.668708,0.629350,0.137195,0.000300
3432.326314,sim,0.092733,0.496322,0.653825,0.613498,0.134902,0.000260
3432.330216,sim,0.092733,0.496322,0.653825,0.613498,0.134902,0.000260
3432.334295,sim,0.092733,0.496322,0.653825,0.613498,0.134902,0.000260
3432.338406,sim,0.092733,0.496322,0.653825,0.613498,0.134902,0.000260
3432.342468,sim,0.091848,0.495876,0.639372,0.598206,0.132915,0.000226
3432.346286,sim,0.091848,0.495876,0.639372,0.598206,0.132915,0.000226
3432.350318,sim,0.091848,0.495876,0.639372,0.598206,0.132915,0.000226
3432.354347,sim,0.091848,0.495876,0.639372,0.598206,0.132915,0.000226
3432.358329,sim,0.091848,0.495876,0.639372,0.598206,0.132915,0.000226
3432.363283,sim,0.091848,0.495876,0.639372,0.598206,0.132915,0.000226
3432.366429,sim,0.091080,0.495490,0.622962,0.582622,0.131193,0.000195
3432.370373,sim,0.091080,0.495490,0.622962,0.582622,0.131193,0.000195
3432.374372,sim,0.091080,0.495490,0.622962,0.582622,0.131193,0.000195
3432.378380,sim,0.091080,0.495490,0.622962,0.582622,0.131193,0.000195
3432.382348,sim,0.091080,0.495490,0.622962,0.582622,0.131193,0.000195
3432.386314,sim,0.090415,0.495156,0.607185,0.566008,0.129701,0.000169
3432.390272,sim,0.090415,0.495156,0.607185,0.566008,0.129701,0.000169
3432.394367,sim,0.090415,0.495156,0.607185,0.566008,0.129701,0.000169
3432.398519,sim,0.090415,0.495156,0.607185,0.566008,0.129701,0.000169
3432.402585,sim,0.090415,0.495156,0.607185,0.566008,0.129701,0.000169
3432.406347,sim,0.089839,0.494865,0.592735,0.551608,0.128407,0.003224
3432.410249,sim,0.089839,0.494865,0.592735,0.551608,0.128407,0.003224
3432.414881,sim,0.089839,0.494865,0.592735,0.551608,0.128407,0.003224
3432.418470,sim,0.089839,0.494865,0.592735,0.551608,0.128407,0.003224
3432.422644,sim,0.089839,0.494865,0.592735,0.551608,0.128407,0.003224
3432.426669,sim,0.089340,0.494614,0.580211,0.539129,0.127286,0.012025
3432.430343,sim,0.089340,0.494614,0.580211,0.539129,0.127286,0.012025
3432.434400,sim,0.089340,0.494614,0.580211,0.539129,0.127286,0.012025
3432.438401,sim,0.089340,0.494614,0.580211,0.539129,0.127286,0.012025
3432.442501,sim,0.089340,0.494614,0.580211,0.539129,0.127286,0.012025
3432.446434,sim,0.088907,0.495950,0.569357,0.528314,0.126315,0.027857
3432.450386,sim,0.088907,0.495950,0.569357,0.528314,0.126315,0.027857
3432.454359,sim,0.088907,0.495950,0.569357,0.528314,0.126315,0.027857
3432.458599,sim,0.088907,0.495950,0.569357,0.528314,0.126315,0.027857
3432.462356,sim,0.088907,0.495950,0.569357,0.528314,0.126315,0.027857
3432.466495,sim,0.088531,0.500217,0.559951,0.518940,0.125473,0.043630
3432.470428,sim,0.088531,0.500217,0.559951,0.518940,0.125473,0.043630
3432.474406,sim,0.088531,0.500217,0.559951,0.518940,0.125473,0.043630
3432.478534,sim,0.088531,0.500217,0.559951,0.518940,0.125473,0.043630
3432.482404,sim,0.088531,0.500217,0.559951,0.518940,0.125473,0.043630
3432.486484,sim,0.088206,0.505468,0.551798,0.510817,0.124743,0.057300
3432.490528,sim,0.088206,0.505468,0.551798,0.510817,0.124743,0.057300
3432.494367,sim,0.088206,0.505468,0.551798,0.510817,0.124743,0.057300
3432.498511,sim,0.088206,0.505468,0.551798,0.510817,0.124743,0.057300
3432.502441,sim,0.088206,0.505468,0.551798,0.510817,0.124743,0.057300
3432.506655,sim,0.087924,0.511573,0.544733,0.503776,0.124111,0.069147
3432.510369,sim,0.087924,0.511573,0.544733,0.503776,0.124111,0.069147
3432.514352,sim,0.087924,0.511573,0.544733,0.503776,0.124111,0.069147
3432.518853,sim,0.087924,0.511573,0.544733,0.503776,0.124111,0.069147
3432.522400,sim,0.087924,0.511573,0.544733,0.503776,0.124111,0.069147
3432.526328,sim,0.087924,0.511573,0.544733,0.503776,0.124111,0.069147
3432.530374,sim,0.087680,0.519196,0.538610,0.497674,0.123563,0.078389
3432.534351,sim,0.087680,0.519196,0.538610,0.497674,0.123563,0.078389
3432.538294,sim,0.087680,0.519196,0.538610,0.497674,0.123563,0.078389
3432.542346,sim,0.087680,0.519196,0.538610,0.497674,0.123563,0.078389
3432.546377,sim,0.087469,0.525802,0.533303,0.492386,0.123088,0.086399
3432.550296,sim,0.087469,0.525802,0.533303,0.492386,0.123088,0.086399
3432.554310,sim,0.087469,0.525802,0.533303,0.492386,0.123088,0.086399
3432.558523,sim,0.087469,0.525802,0.533303,0.492386,0.123088,0.086399
3432.562290,sim,0.087469,0.525802,0.533303,0.492386,0.123088,0.086399
3432.566322,sim,0.087469,0.525802,0.533303,0.492386,0.123088,0.086399
3432.570297,sim,0.087285,0.535412,0.528703,0.487803,0.122676,0.093340
3432.574395,sim,0.087285,0.535412,0.528703,0.487803,0.122676,0.093340
3432.578499,sim,0.087285,0.535412,0.528703,0.487803,0.122676,0.093340
3432.582304,sim,0.087285,0.535412,0.528703,0.487803,0.122676,0.093340
3432.586249,sim,0.087285,0.535412,0.528703,0.487803,0.122676,0.093340
3432.590433,sim,0.087126,0.545296,0.524717,0.483831,0.122319,0.099357
3432.594371,sim,0.087126,0.545296,0.524717,0.483831,0.122319,0.099357
3432.598474,sim,0.087126,0.545296,0.524717,0.483831,0.122319,0.099357
3432.602307,sim,0.087126,0.545296,0.524717,0.483831,0.122319,0.099357
3432.606393,sim,0.087126,0.545296,0.524717,0.483831,0.122319,0.099357
3432.610398,sim,0.086988,0.555415,0.521263,0.480389,0.122010,0.104571
3432.614339,sim,0.086988,0.555415,0.521263,0.480389,0.122010,0.104571
3432.618458,sim,0.086988,0.555415,0.521263,0.480389,0.122010,0.104571
3432.622323,sim,0.086988,0.555415,0.521263,0.480389,0.122010,0.104571
3432.626534,sim,0.086988,0.555415,0.521263,0.480389,0.122010,0.104571
3432.630379,sim,0.086869,0.567294,0.518269,0.478959,0.121742,0.109089
3432.634621,sim,0.086869,0.567294,0.518269,0.478959,0.121742,0.109089
3432.638481,sim,0.086869,0.567294,0.518269,0.478959,0.121742,0.109089
3432.642331,sim,0.086869,0.567294,0.518269,0.478959,0.121742,0.109089
3432.646424,sim,0.086765,0.578365,0.516451,0.480052,0.121510,0.113006
3432.650305,sim,0.086765,0.578365,0.516451,0.480052,0.121510,0.113006
3432.654395,sim,0.086765,0.578365,0.516451,0.480052,0.121510,0.113006
3432.658398,sim,0.086765,0.578365,0.516451,0.480052,0.121510,0.113006
3432.662356,sim,0.086765,0.578365,0.516451,0.480052,0.121510,0.113006
3432.666408,sim,0.086765,0.578365,0.516451,0.480052,0.121510,0.113006
3432.670515,sim,0.086676,0.591069,0.519538,0.484107,0.121308,0.116400
3432.674376,sim,0.086676,0.591069,0.519538,0.484107,0.121308,0.116400
3432.678479,sim,0.086676,0.591069,0.519538,0.484107,0.121308,0.116400
3432.682268,sim,0.086676,0.591069,0.519538,0.484107,0.121308,0.116400
3432.686378,sim,0.086676,0.591069,0.519538,0.484107,0.121308,0.116400
3432.690443,sim,0.086598,0.602856,0.524544,0.489952,0.121134,0.119341
3432.694432,sim,0.086598,0.602856,0.524544,0.489952,0.121134,0.119341
3432.698469,sim,0.086598,0.602856,0.524544,0.489952,0.121134,0.119341
3432.702369,sim,0.086598,0.602856,0.524544,0.489952,0.121134,0.119341
3432.706426,sim,0.086598,0.602856,0.524544,0.489952,0.121134,0.119341
3432.710375,sim,0.086531,0.616956,0.530437,0.497349,0.120983,0.121891
3432.714314,sim,0.086531,0.616956,0.530437,0.497349,0.120983,0.121891
3432.718643,sim,0.086531,0.616956,0.530437,0.497349,0.120983,0.121891
3432.722336,sim,0.086531,0.616956,0.530437,0.497349,0.120983,0.121891
3432.726390,sim,0.086531,0.616956,0.530437,0.497349,0.120983,0.121891
3432.730274,sim,0.086472,0.629177,0.537876,0.506091,0.120852,0.124100
3432.734372,sim,0.086472,0.629177,0.537876,0.506091,0.120852,0.124100
3432.738399,sim,0.086472,0.629177,0.537876,0.506091,0.120852,0.124100
3432.742315,sim,0.086472,0.629177,0.537876,0.506091,0.120852,0.124100
3432.746386,sim,0.086472,0.629177,0.537876,0.506091,0.120852,0.124100
3432.750434,sim,0.086422,0.641322,0.545876,0.515222,0.120738,0.126015
3432.754440,sim,0.086422,0.641322,0.545876,0.515222,0.120738,0.126015
3432.758435,sim,0.086422,0.641322,0.545876,0.515222,0.120738,0.126015
3432.762310,sim,0.086422,0.641322,0.545876,0.515222,0.120738,0.126015
3432.766490,sim,0.086422,0.641322,0.545876,0.515222,0.120738,0.126015
3432.770608,sim,0.086378,0.654179,0.555918,0.527020,0.120640,0.127675
3432.774411,sim,0.086378,0.654179,0.555918,0.527020,0.120640,0.127675
3432.778368,sim,0.086378,0.654179,0.555918,0.527020,0.120640,0.127675
3432.782403,sim,0.086378,0.654179,0.555918,0.527020,0.120640,0.127675
3432.786613,sim,0.086378,0.654179,0.555918,0.527020,0.120640,0.127675
3432.790409,sim,0.086340,0.666098,0.566953,0.538799,0.120554,0.129113
3432.794262,sim,0.086340,0.666098,0.566953,0.538799,0.120554,0.129113
3432.798486,sim,0.086340,0.666098,0.566953,0.538799,0.120554,0.129113
3432.802439,sim,0.086340,0.666098,0.566953,0.538799,0.120554,0.129113
3432.806563,sim,0.086340,0.666098,0.566953,0.538799,0.120554,0.129113
3432.810239,sim,0.086307,0.678760,0.578070,0.551339,0.120480,0.130359
3432.814363,sim,0.086307,0.678760,0.578070,0.551339,0.120480,0.130359
3432.818500,sim,0.086307,0.678760,0.578070,0.551339,0.120480,0.130359
3432.822285,sim,0.086307,0.678760,0.578070,0.551339,0.120480,0.130359
3432.826386,sim,0.086307,0.678760,0.578070,0.551339,0.120480,0.130359
3432.830336,sim,0.086278,0.689733,0.589259,0.564538,0.120416,0.131440
3432.834334,sim,0.086278,0.689733,0.589259,0.564538,0.120416,0.131440
3432.838469,sim,0.086278,0.689733,0.589259,0.564538,0.120416,0.131440
3432.842260,sim,0.086278,0.689733,0.589259,0.564538,0.120416,0.131440
3432.846335,sim,0.086278,0.689733,0.589259,0.564538,0.120416,0.131440
3432.850370,sim,0.086254,0.699243,0.600510,0.576754,0.120361,0.132376
3432.854337,sim,0.086254,0.699243,0.600510,0.576754,0.120361,0.132376
3432.858426,sim,0.086254,0.699243,0.600510,0.576754,0.120361,0.132376
3432.862333,sim,0.086254,0.699243,0.600510,0.576754,0.120361,0.132376
3432.866498,sim,0.086254,0.699243,0.600510,0.576754,0.120361,0.132376
3432.870420,sim,0.086232,0.707485,0.610261,0.587341,0.120313,0.133187
3432.874423,sim,0.086232,0.707485,0.610261,0.587341,0.120313,0.133187
3432.878374,sim,0.086232,0.707485,0.610261,0.587341,0.120313,0.133187
3432.882443,sim,0.086232,0.707485,0.610261,0.587341,0.120313,0.133187
3432.886432,sim,0.086232,0.707485,0.610261,0.587341,0.120313,0.133187
3432.890501,sim,0.086214,0.714629,0.618712,0.596517,0.120271,0.133891
3432.894479,sim,0.086214,0.714629,0.618712,0.596517,0.120271,0.133891
3432.898609,sim,0.086214,0.714629,0.618712,0.596517,0.120271,0.133891
3432.902596,sim,0.086214,0.714629,0.618712,0.596517,0.120271,0.133891
3432.906719,sim,0.086214,0.714629,0.618712,0.596517,0.120271,0.133891
3432.910386,sim,0.086197,0.720819,0.626036,0.604469,0.120235,0.134500
3432.914394,sim,0.086197,0.720819,0.626036,0.604469,0.120235,0.134500
3432.918615,sim,0.086197,0.720819,0.626036,0.604469,0.120235,0.134500
3432.922500,sim,0.086197,0.720819,0.626036,0.604469,0.120235,0.134500
3432.926435,sim,0.086197,0.720819,0.626036,0.604469,0.120235,0.134500
3432.930526,sim,0.086183,0.728516,0.632383,0.611361,0.120204,0.135028
3432.934395,sim,0.086183,0.728516,0.632383,0.611361,0.120204,0.135028
3432.938512,sim,0.086183,0.728516,0.632383,0.611361,0.120204,0.135028
3432.942295,sim,0.086183,0.728516,0.632383,0.611361,0.120204,0.135028
3432.946412,sim,0.086183,0.728516,0.632383,0.611361,0.120204,0.135028
3432.950341,sim,0.086171,0.735186,0.637885,0.617334,0.120176,0.135486
3432.954681,sim,0.086171,0.735186,0.637885,0.617334,0.120176,0.135486
3432.958446,sim,0.086171,0.735186,0.637885,0.617334,0.120176,0.135486
3432.962341,sim,0.086171,0.735186,0.637885,0.617334,0.120176,0.135486
3432.966407,sim,0.086171,0.735186,0.637885,0.617334,0.120176,0.135486
3432.970312,sim,0.086161,0.740967,0.642652,0.622511,0.120153,0.135883
3432.974311,sim,0.086161,0.740967,0.642652,0.622511,0.120153,0.135883
3432.978429,sim,0.086161,0.740967,0.642652,0.622511,0.120153,0.135883
3432.982265,sim,0.086161,0.740967,0.642652,0.622511,0.120153,0.135883
3432.986354,sim,0.086161,0.740967,0.642652,0.622511,0.120153,0.135883
3432.990415,sim,0.086152,0.745977,0.646784,0.626997,0.120133,0.136227
3432.994439,sim,0.086152,0.745977,0.646784,0.626997,0.120133,0.136227
3432.998454,sim,0.086152,0.745977,0.646784,0.626997,0.120133,0.136227
3433.002239,sim,0.086152,0.745977,0.646784,0.626997,0.120133,0.136227
3433.006352,sim,0.086152,0.745977,0.646784,0.626997,0.120133,0.136227
3433.010339,sim,0.086144,0.750319,0.650365,0.630886,0.120115,0.136525
3433.014354,sim,0.086144,0.750319,0.650365,0.630886,0.120115,0.136525
3433.018472,sim,0.086144,0.750319,0.650365,0.630886,0.120115,0.136525
3433.022328,sim,0.086144,0.750319,0.650365,0.630886,0.120115,0.136525
3433.026508,sim,0.086144,0.750319,0.650365,0.630886,0.120115,0.136525
3433.030361,sim,0.087762,0.754083,0.653469,0.634255,0.120877,0.136783
3433.034335,sim,0.087762,0.754083,0.653469,0.634255,0.120877,0.136783
3433.038457,sim,0.087762,0.754083,0.653469,0.634255,0.120877,0.136783
3433.042365,sim,0.087762,0.754083,0.653469,0.634255,0.120877,0.136783
3433.046329,sim,0.087762,0.754083,0.653469,0.634255,0.120877,0.136783
3433.050320,sim,0.087762,0.754083,0.653469,0.634255,0.120877,0.136783
3433.054318,sim,0.094851,0.757344,0.656159,0.637176,0.127753,0.137007
3433.058571,sim,0.094851,0.757344,0.656159,0.637176,0.127753,0.137007
3433.062352,sim,0.094851,0.757344,0.656159,0.637176,0.127753,0.137007
3433.066293,sim,0.094851,0.757344,0.656159,0.637176,0.127753,0.137007
3433.070428,sim,0.094851,0.757344,0.656159,0.637176,0.127753,0.137007
3433.074407,sim,0.105868,0.760170,0.658490,0.639707,0.136044,0.137201
3433.078538,sim,0.105868,0.760170,0.658490,0.639707,0.136044,0.137201
3433.082243,sim,0.105868,0.760170,0.658490,0.639707,0.136044,0.137201
3433.086315,sim,0.105868,0.760170,0.658490,0.639707,0.136044,0.137201
3433.090416,sim,0.105868,0.760170,0.658490,0.639707,0.136044,0.137201
3433.094351,sim,0.117042,0.762620,0.660510,0.641900,0.144783,0.137369
3433.098343,sim,0.117042,0.762620,0.660510,0.641900,0.144783,0.137369
3433.102314,sim,0.117042,0.762620,0.660510,0.641900,0.144783,0.137369
3433.106407,sim,0.117042,0.762620,0.660510,0.641900,0.144783,0.137369
3433.110465,sim,0.128350,0.764743,0.662261,0.643802,0.154689,0.137514
3433.114305,sim,0.128350,0.764743,0.662261,0.643802,0.154689,0.137514
3433.118579,sim,0.128350,0.764743,0.662261,0.643802,0.154689,0.137514
3433.122313,sim,0.128350,0.764743,0.662261,0.643802,0.154689,0.137514
3433.126340,sim,0.128350,0.764743,0.662261,0.643802,0.154689,0.137514
3433.130336,sim,0.128350,0.764743,0.662261,0.643802,0.154689,0.137514
3433.134267,sim,0.142212,0.766583,0.663779,0.645449,0.166381,0.137641
3433.138476,sim,0.142212,0.766583,0.663779,0.645449,0.166381,0.137641
3433.142375,sim,0.142212,0.766583,0.663779,0.645449,0.166381,0.137641
3433.146354,sim,0.142212,0.766583,0.663779,0.645449,0.166381,0.137641
3433.150345,sim,0.142212,0.766583,0.663779,0.645449,0.166381,0.137641
3433.154333,sim,0.156664,0.768178,0.665094,0.646877,0.179623,0.137750
3433.158383,sim,0.156664,0.768178,0.665094,0.646877,0.179623,0.137750
3433.162298,sim,0.156664,0.768178,0.665094,0.646877,0.179623,0.137750
3433.166404,sim,0.156664,0.768178,0.665094,0.646877,0.179623,0.137750
3433.170559,sim,0.156664,0.768178,0.665094,0.646877,0.179623,0.137750
3433.174311,sim,0.171625,0.769560,0.666234,0.648115,0.193431,0.137845
3433.178377,sim,0.171625,0.769560,0.666234,0.648115,0.193431,0.137845
3433.182255,sim,0.171625,0.769560,0.666234,0.648115,0.193431,0.137845
3433.186280,sim,0.171625,0.769560,0.666234,0.648115,0.193431,0.137845
3433.190394,sim,0.171625,0.769560,0.666234,0.648115,0.193431,0.137845
3433.194331,sim,0.186216,0.770758,0.667221,0.649187,0.206951,0.137927
3433.198425,sim,0.186216,0.770758,0.667221,0.649187,0.206951,0.137927
3433.202292,sim,0.186216,0.770758,0.667221,0.649187,0.206951,0.137927
3433.206406,sim,0.186216,0.770758,0.667221,0.649187,0.206951,0.137927
3433.210330,sim,0.186216,0.770758,0.667221,0.649187,0.206951,0.137927
3433.214316,sim,0.186216,0.770758,0.667221,0.649187,0.206951,0.137927
3433.218487,sim,0.186216,0.770758,0.667221,0.649187,0.206951,0.137927
3433.222432,sim,0.186216,0.770758,0.667221,0.649187,0.206951,0.137927
3433.226334,sim,0.186216,0.770758,0.667221,0.649187,0.206951,0.137927
3433.230790,sim,0.186216,0.770758,0.667221,0.649187,0.206951,0.137927
3433.234314,sim,0.205361,0.771796,0.668078,0.650117,0.224885,0.137998
3433.238434,sim,0.205361,0.771796,0.668078,0.650117,0.224885,0.137998
3433.242308,sim,0.205361,0.771796,0.668078,0.650117,0.224885,0.137998
3433.246375,sim,0.205361,0.771796,0.668078,0.650117,0.224885,0.137998
3433.250445,sim,0.205361,0.771796,0.668078,0.650117,0.224885,0.137998
3433.254430,sim,0.223578,0.772695,0.668820,0.650922,0.241982,0.138060
3433.258347,sim,0.223578,0.772695,0.668820,0.650922,0.241982,0.138060
3433.262318,sim,0.223578,0.772695,0.668820,0.650922,0.241982,0.138060
3433.266312,sim,0.223578,0.772695,0.668820,0.650922,0.241982,0.138060
3433.270322,sim,0.223578,0.772695,0.668820,0.650922,0.241982,0.138060
3433.274308,sim,0.223578,0.772695,0.668820,0.650922,0.241982,0.138060
3433.278368,sim,0.244240,0.773475,0.669463,0.651621,0.260685,0.138114
3433.282327,sim,0.244240,0.773475,0.669463,0.651621,0.260685,0.138114
3433.286316,sim,0.244240,0.773475,0.669463,0.651621,0.260685,0.138114
3433.290339,sim,0.244240,0.773475,0.669463,0.651621,0.260685,0.138114
3433.294347,sim,0.244240,0.773475,0.669463,0.651621,0.260685,0.138114
3433.298468,sim,0.262959,0.774151,0.670020,0.652226,0.280779,0.138160
3433.302286,sim,0.262959,0.774151,0.670020,0.652226,0.280779,0.138160
3433.306250,sim,0.262959,0.774151,0.670020,0.652226,0.280779,0.138160
3433.310403,sim,0.262959,0.774151,0.670020,0.652226,0.280779,0.138160
3433.314409,sim,0.262959,0.774151,0.670020,0.652226,0.280779,0.138160
3433.318455,sim,0.281620,0.774736,0.670503,0.652750,0.299748,0.138200
3433.323088,sim,0.281620,0.774736,0.670503,0.652750,0.299748,0.138200
3433.326299,sim,0.281620,0.774736,0.670503,0.652750,0.299748,0.138200
3433.330348,sim,0.281620,0.774736,0.670503,0.652750,0.299748,0.138200
3433.334351,sim,0.300229,0.775244,0.670922,0.653205,0.317742,0.138235
3433.338419,sim,0.300229,0.775244,0.670922,0.653205,0.317742,0.138235
3433.342303,sim,0.300229,0.775244,0.670922,0.653205,0.317742,0.138235
3433.346269,sim,0.300229,0.775244,0.670922,0.653205,0.317742,0.138235
3433.350396,sim,0.300229,0.775244,0.670922,0.653205,0.317742,0.138235
3433.354303,sim,0.300229,0.775244,0.670922,0.653205,0.317742,0.138235
3433.358469,sim,0.319607,0.775684,0.671284,0.653599,0.337222,0.138265
3433.362360,sim,0.319607,0.775684,0.671284,0.653599,0.337222,0.138265
3433.366284,sim,0.319607,0.775684,0.671284,0.653599,0.337222,0.138265
3433.370239,sim,0.319607,0.775684,0.671284,0.653599,0.337222,0.138265
3433.374312,sim,0.319607,0.775684,0.671284,0.653599,0.337222,0.138265
3433.378443,sim,0.338838,0.776065,0.671599,0.653940,0.355658,0.138291
3433.382281,sim,0.338838,0.776065,0.671599,0.653940,0.355658,0.138291
3433.386220,sim,0.338838,0.776065,0.671599,0.653940,0.355658,0.138291
3433.390301,sim,0.338838,0.776065,0.671599,0.653940,0.355658,0.138291
3433.394329,sim,0.338838,0.776065,0.671599,0.653940,0.355658,0.138291
3433.398412,sim,0.357130,0.776395,0.671871,0.654236,0.373968,0.138314
3433.402356,sim,0.357130,0.776395,0.671871,0.654236,0.373968,0.138314
3433.406326,sim,0.357130,0.776395,0.671871,0.654236,0.373968,0.138314
3433.410348,sim,0.357130,0.776395,0.671871,0.654236,0.373968,0.138314
3433.414324,sim,0.357130,0.776395,0.671871,0.654236,0.373968,0.138314
3433.418504,sim,0.374608,0.776682,0.672107,0.654492,0.393721,0.138334
3433.422301,sim,0.374608,0.776682,0.672107,0.654492,0.393721,0.138334
3433.426346,sim,0.374608,0.776682,0.672107,0.654492,0.393721,0.138334
3433.430286,sim,0.374608,0.776682,0.672107,0.654492,0.393721,0.138334
3433.434240,sim,0.374608,0.776682,0.672107,0.654492,0.393721,0.138334
3433.438454,sim,0.394629,0.776930,0.672312,0.654714,0.412395,0.138351
3433.442346,sim,0.394629,0.776930,0.672312,0.654714,0.412395,0.138351
3433.446254,sim,0.394629,0.776930,0.672312,0.654714,0.412395,0.138351
3433.450330,sim,0.394629,0.776930,0.672312,0.654714,0.412395,0.138351
3433.454337,sim,0.394629,0.776930,0.672312,0.654714,0.412395,0.138351
3433.458448,sim,0.413606,0.777145,0.672489,0.654907,0.430910,0.138366
3433.462381,sim,0.413606,0.777145,0.672489,0.654907,0.430910,0.138366
3433.466223,sim,0.413606,0.777145,0.672489,0.654907,0.430910,0.138366
3433.470669,sim,0.413606,0.777145,0.672489,0.654907,0.430910,0.138366
3433.474512,sim,0.413606,0.777145,0.672489,0.654907,0.430910,0.138366
3433.478507,sim,0.431677,0.777331,0.672643,0.655074,0.450065,0.138378
3433.482270,sim,0.431677,0.777331,0.672643,0.655074,0.450065,0.138378
3433.486322,sim,0.431677,0.777331,0.672643,0.655074,0.450065,0.138378
3433.490327,sim,0.431677,0.777331,0.672643,0.655074,0.450065,0.138378
3433.494380,sim,0.431677,0.777331,0.672643,0.655074,0.450065,0.138378
3433.498431,sim,0.448963,0.777493,0.672776,0.655219,0.468997,0.138389
3433.502337,sim,0.448963,0.777493,0.672776,0.655219,0.468997,0.138389
3433.506414,sim,0.448963,0.777493,0.672776,0.655219,0.468997,0.138389
3433.510374,sim,0.448963,0.777493,0.672776,0.655219,0.468997,0.138389
3433.514355,sim,0.448963,0.777493,0.672776,0.655219,0.468997,0.138389
3433.518591,sim,0.465569,0.777633,0.672892,0.655344,0.486958,0.138399
3433.522412,sim,0.465569,0.777633,0.672892,0.655344,0.486958,0.138399
3433.526332,sim,0.465569,0.777633,0.672892,0.655344,0.486958,0.138399
3433.530315,sim,0.465569,0.777633,0.672892,0.655344,0.486958,0.138399
3433.534481,sim,0.465569,0.777633,0.672892,0.655344,0.486958,0.138399
3433.538404,sim,0.482399,0.777754,0.672992,0.655453,0.504079,0.138407
3433.542453,sim,0.482399,0.777754,0.672992,0.655453,0.504079,0.138407
3433.546285,sim,0.482399,0.777754,0.672992,0.655453,0.504079,0.138407
3433.550281,sim,0.482399,0.777754,0.672992,0.655453,0.504079,0.138407
3433.554355,sim,0.482399,0.777754,0.672992,0.655453,0.504079,0.138407
3433.558474,sim,0.496984,0.777859,0.673079,0.655547,0.520471,0.138415
3433.562356,sim,0.496984,0.777859,0.673079,0.655547,0.520471,0.138415
3433.566342,sim,0.496984,0.777859,0.673079,0.655547,0.520471,0.138415
3433.570384,sim,0.496984,0.777859,0.673079,0.655547,0.520471,0.138415
3433.574337,sim,0.496984,0.777859,0.673079,0.655547,0.520471,0.138415
3433.578403,sim,0.511249,0.777951,0.673154,0.655628,0.537009,0.138421
3433.582289,sim,0.511249,0.777951,0.673154,0.655628,0.537009,0.138421
3433.586289,sim,0.511249,0.777951,0.673154,0.655628,0.537009,0.138421
3433.590343,sim,0.511249,0.777951,0.673154,0.655628,0.537009,0.138421
3433.594460,sim,0.511249,0.777951,0.673154,0.655628,0.537009,0.138421
3433.598464,sim,0.528487,0.778030,0.673219,0.655699,0.554450,0.138426
3433.602368,sim,0.528487,0.778030,0.673219,0.655699,0.554450,0.138426
3433.606297,sim,0.528487,0.778030,0.673219,0.655699,0.554450,0.138426
3433.610320,sim,0.528487,0.778030,0.673219,0.655699,0.554450,0.138426
3433.614515,sim,0.528487,0.778030,0.673219,0.655699,0.554450,0.138426
3433.618537,sim,0.548300,0.778098,0.673275,0.655760,0.571896,0.138431
3433.622435,sim,0.548300,0.778098,0.673275,0.655760,0.571896,0.138431
3433.626277,sim,0.548300,0.778098,0.673275,0.655760,0.571896,0.138431
3433.630268,sim,0.548300,0.778098,0.673275,0.655760,0.571896,0.138431
3433.634690,sim,0.548300,0.778098,0.673275,0.655760,0.571896,0.138431
3433.638467,sim,0.566284,0.778157,0.673324,0.655814,0.589347,0.138435
3433.642359,sim,0.566284,0.778157,0.673324,0.655814,0.589347,0.138435
3433.646340,sim,0.566284,0.778157,0.673324,0.655814,0.589347,0.138435
3433.650312,sim,0.566284,0.778157,0.673324,0.655814,0.589347,0.138435
3433.654373,sim,0.566284,0.778157,0.673324,0.655814,0.589347,0.138435
3433.658442,sim,0.581870,0.778209,0.673367,0.655860,0.605249,0.138439
3433.662274,sim,0.581870,0.778209,0.673367,0.655860,0.605249,0.138439
3433.666299,sim,0.581870,0.778209,0.673367,0.655860,0.605249,0.138439
3433.670330,sim,0.581870,0.778209,0.673367,0.655860,0.605249,0.138439
3433.674455,sim,0.581870,0.778209,0.673367,0.655860,0.605249,0.138439
3433.678394,sim,0.595378,0.778253,0.673403,0.655900,0.622139,0.138442
3433.682372,sim,0.595378,0.778253,0.673403,0.655900,0.622139,0.138442
3433.686260,sim,0.595378,0.778253,0.673403,0.655900,0.622139,0.138442
3433.690285,sim,0.595378,0.778253,0.673403,0.655900,0.622139,0.138442
3433.694442,sim,0.595378,0.778253,0.673403,0.655900,0.622139,0.138442
3433.698488,sim,0.607084,0.778292,0.673435,0.655934,0.636776,0.138444
3433.702378,sim,0.607084,0.778292,0.673435,0.655934,0.636776,0.138444
3433.706244,sim,0.607084,0.778292,0.673435,0.655934,0.636776,0.138444
3433.710370,sim,0.607084,0.778292,0.673435,0.655934,0.636776,0.138444
3433.714344,sim,0.607084,0.778292,0.673435,0.655934,0.636776,0.138444
3433.718626,sim,0.617230,0.778325,0.673463,0.655964,0.649462,0.138447
3433.722313,sim,0.617230,0.778325,0.673463,0.655964,0.649462,0.138447
3433.726343,sim,0.617230,0.778325,0.673463,0.655964,0.649462,0.138447
3433.730340,sim,0.617230,0.778325,0.673463,0.655964,0.649462,0.138447
3433.734333,sim,0.617230,0.778325,0.673463,0.655964,0.649462,0.138447
3433.738419,sim,0.617230,0.778325,0.673463,0.655964,0.649462,0.138447
3433.742446,sim,0.626023,0.778354,0.673487,0.655990,0.660457,0.138449
3433.746419,sim,0.626023,0.778354,0.673487,0.655990,0.660457,0.138449
3433.750352,sim,0.626023,0.778354,0.673487,0.655990,0.660457,0.138449
3433.754365,sim,0.626023,0.778354,0.673487,0.655990,0.660457,0.138449
3433.758524,sim,0.626023,0.778354,0.673487,0.655990,0.660457,0.138449
3433.762398,sim,0.633644,0.778380,0.673508,0.656013,0.669985,0.138450
3433.766318,sim,0.633644,0.778380,0.673508,0.656013,0.669985,0.138450
3433.770254,sim,0.633644,0.778380,0.673508,0.656013,0.669985,0.138450
3433.774453,sim,0.633644,0.778380,0.673508,0.656013,0.669985,0.138450
3433.778546,sim,0.633644,0.778380,0.673508,0.656013,0.669985,0.138450
3433.782302,sim,0.640249,0.778401,0.673526,0.656032,0.678243,0.138452
3433.786279,sim,0.640249,0.778401,0.673526,0.656032,0.678243,0.138452
3433.790298,sim,0.640249,0.778401,0.673526,0.656032,0.678243,0.138452
3433.794354,sim,0.640249,0.778401,0.673526,0.656032,0.678243,0.138452
3433.798427,sim,0.645973,0.778420,0.673541,0.656049,0.685400,0.138453
3433.802362,sim,0.645973,0.778420,0.673541,0.656049,0.685400,0.138453
3433.806368,sim,0.645973,0.778420,0.673541,0.656049,0.685400,0.138453
3433.810343,sim,0.645973,0.778420,0.673541,0.656049,0.685400,0.138453
3433.814401,sim,0.645973,0.778420,0.673541,0.656049,0.685400,0.138453
3433.818428,sim,0.645973,0.778420,0.673541,0.656049,0.685400,0.138453
3433.822365,sim,0.650934,0.778437,0.673555,0.656064,0.691603,0.138454
3433.826361,sim,0.650934,0.778437,0.673555,0.656064,0.691603,0.138454
3433.830280,sim,0.650934,0.778437,0.673555,0.656064,0.691603,0.138454
3433.834359,sim,0.650934,0.778437,0.673555,0.656064,0.691603,0.138454
3433.838833,sim,0.650934,0.778437,0.673555,0.656064,0.691603,0.138454
3433.842346,sim,0.655233,0.778451,0.673566,0.656076,0.696979,0.138455
3433.846358,sim,0.655233,0.778451,0.673566,0.656076,0.696979,0.138455
3433.850322,sim,0.655233,0.778451,0.673566,0.656076,0.696979,0.138455
3433.854329,sim,0.655233,0.778451,0.673566,0.656076,0.696979,0.138455
3433.858770,sim,0.655233,0.778451,0.673566,0.656076,0.696979,0.138455
3433.862416,sim,0.658959,0.778463,0.673576,0.656087,0.701637,0.138456
3433.866345,sim,0.658959,0.778463,0.673576,0.656087,0.701637,0.138456
3433.870301,sim,0.658959,0.778463,0.673576,0.656087,0.701637,0.138456
3433.874348,sim,0.658959,0.778463,0.673576,0.656087,0.701637,0.138456
3433.878479,sim,0.662188,0.778474,0.673585,0.656097,0.705675,0.138457
3433.882270,sim,0.665418,0.778484,0.673594,0.656106,0.709713,0.138458
3433.886328,sim,0.668647,0.778495,0.673603,0.656116,0.713751,0.138458
3433.890409,sim,0.671876,0.778506,0.673612,0.656126,0.717788,0.138459
3433.894350,sim,0.675106,0.778516,0.673620,0.656135,0.721826,0.138460
3433.898378,sim,0.678335,0.778527,0.673629,0.656145,0.725864,0.138460
3433.902281,sim,0.681564,0.778538,0.673638,0.656154,0.729902,0.138461
3433.906387,sim,0.683179,0.778543,0.673642,0.656159,0.731921,0.138462
3433.910348,sim,0.683179,0.778543,0.673642,0.656159,0.731921,0.138462
3433.914344,sim,0.683179,0.778543,0.673642,0.656159,0.731921,0.138462
3433.918654,sim,0.683179,0.778543,0.673642,0.656159,0.731921,0.138462
3433.922309,sim,0.683179,0.778543,0.673642,0.656159,0.731921,0.138462
3433.926354,sim,0.683179,0.778543,0.673642,0.656159,0.731921,0.138462
3433.930316,sim,0.683179,0.778543,0.673642,0.656159,0.731921,0.138462
3433.934389,sim,0.683179,0.778543,0.673642,0.656159,0.731921,0.138462
3433.938509,sim,0.683179,0.778543,0.673642,0.656159,0.731921,0.138462
3433.942344,sim,0.683179,0.778543,0.673642,0.656159,0.731921,0.138462
3433.946289,sim,0.683179,0.778543,0.673642,0.656159,0.731921,0.138462
3433.950365,sim,0.683179,0.778543,0.673642,0.656159,0.731921,0.138462
3433.954338,sim,0.683179,0.778543,0.673642,0.656159,0.731921,0.138462
3433.958440,sim,0.683179,0.778543,0.673642,0.656159,0.731921,0.138462
3433.962300,sim,0.683179,0.778543,0.673642,0.656159,0.731921,0.138462
3433.966309,sim,0.683179,0.778543,0.673642,0.656159,0.731921,0.138462
3433.970326,sim,0.683179,0.778543,0.673642,0.656159,0.731921,0.138462
3433.974347,sim,0.683179,0.778543,0.673642,0.656159,0.731921,0.138462
3433.978446,sim,0.683179,0.778543,0.673642,0.656159,0.731921,0.138462
3433.982302,sim,0.683179,0.778543,0.673642,0.656159,0.731921,0.138462
3433.986313,sim,0.683179,0.778543,0.673642,0.656159,0.731921,0.138462
3433.990338,sim,0.683179,0.778543,0.673642,0.656159,0.731921,0.138462
3433.994320,sim,0.683179,0.778543,0.673642,0.656159,0.731921,0.138462
3433.998477,sim,0.683179,0.778543,0.673642,0.656159,0.731921,0.138462
3434.002366,sim,0.683179,0.778543,0.673642,0.656159,0.731921,0.138462
3434.006294,sim,0.683179,0.778543,0.673642,0.656159,0.731921,0.138462
3434.010257,sim,0.683179,0.778543,0.673642,0.656159,0.731921,0.138462
3434.014284,sim,0.683179,0.778543,0.673642,0.656159,0.731921,0.138462
3434.018596,sim,0.683179,0.778543,0.673642,0.656159,0.731921,0.138462
3434.022275,sim,0.683179,0.778543,0.673642,0.656159,0.731921,0.138462
3434.026295,sim,0.683179,0.778543,0.673642,0.656159,0.731921,0.138462
3434.030329,sim,0.683179,0.778543,0.673642,0.656159,0.731921,0.138462
3434.034281,sim,0.683179,0.778543,0.673642,0.656159,0.731921,0.138462
3434.038497,sim,0.683179,0.778543,0.673642,0.656159,0.731921,0.138462
3434.042354,sim,0.683179,0.778543,0.673642,0.656159,0.731921,0.138462
3434.046268,sim,0.683179,0.778543,0.673642,0.656159,0.731921,0.138462
3434.050303,sim,0.683179,0.778543,0.673642,0.656159,0.731921,0.138462
3434.054299,sim,0.683179,0.778543,0.673642,0.656159,0.731921,0.138462
3434.058359,sim,0.683179,0.778543,0.673642,0.656159,0.731921,0.138462
3434.062302,sim,0.683179,0.778543,0.673642,0.656159,0.731921,0.138462
3434.066296,sim,0.683179,0.778543,0.673642,0.656159,0.731921,0.138462
3434.070326,sim,0.683179,0.778543,0.673642,0.656159,0.731921,0.138462
3434.074384,sim,0.683179,0.778543,0.673642,0.656159,0.731921,0.138462
3434.078475,sim,0.683179,0.778543,0.673642,0.656159,0.731921,0.138462
3434.082319,sim,0.683179,0.778543,0.673642,0.656159,0.731921,0.138462
3434.086242,sim,0.683179,0.778543,0.673642,0.656159,0.731921,0.138462
3434.090316,sim,0.683179,0.778543,0.673642,0.656159,0.731921,0.138462
3434.094326,sim,0.683179,0.778543,0.673642,0.656159,0.731921,0.138462
3434.098432,sim,0.683179,0.778543,0.673642,0.656159,0.731921,0.138462
3434.102351,sim,0.683179,0.778543,0.673642,0.656159,0.731921,0.138462
3434.106299,sim,0.683179,0.778543,0.673642,0.656159,0.731921,0.138462
3434.110338,sim,0.683179,0.778543,0.673642,0.656159,0.731921,0.138462
3434.114378,sim,0.683179,0.778543,0.673642,0.656159,0.731921,0.138462
3434.118512,sim,0.683179,0.778543,0.673642,0.656159,0.731921,0.138462
3434.122269,sim,0.683179,0.778543,0.673642,0.656159,0.731921,0.138462
3434.126246,sim,0.683179,0.778543,0.673642,0.656159,0.731921,0.138462
3434.130314,sim,0.683179,0.778543,0.673642,0.656159,0.731921,0.138462
3434.134290,sim,0.683179,0.778543,0.673642,0.656159,0.731921,0.138462
3434.138397,sim,0.683179,0.778543,0.673642,0.656159,0.731921,0.138462
3434.142338,sim,0.683179,0.778543,0.673642,0.656159,0.731921,0.138462
3434.146364,sim,0.683179,0.778543,0.673642,0.656159,0.731921,0.138462
3434.150335,sim,0.683179,0.778543,0.673642,0.656159,0.731921,0.138462
3434.154298,sim,0.683179,0.778543,0.673642,0.656159,0.731921,0.138462
3434.158522,sim,0.683179,0.778543,0.673642,0.656159,0.731921,0.138462
3434.162353,sim,0.683179,0.778543,0.673642,0.656159,0.731921,0.138462
3434.166534,sim,0.683179,0.778543,0.673642,0.656159,0.731921,0.138462
3434.170401,sim,0.683179,0.778543,0.673642,0.656159,0.731921,0.138462
3434.174302,sim,0.683179,0.778543,0.673642,0.656159,0.731921,0.138462
3434.178452,sim,0.683179,0.778543,0.673642,0.656159,0.731921,0.138462
3434.182276,sim,0.683179,0.778543,0.673642,0.656159,0.731921,0.138462
3434.186260,sim,0.683179,0.778543,0.673642,0.656159,0.731921,0.138462
3434.190347,sim,0.683179,0.778543,0.673642,0.656159,0.731921,0.138462
3434.194387,sim,0.683179,0.778543,0.673642,0.656159,0.731921,0.138462
3434.198482,sim,0.683179,0.778543,0.673642,0.656159,0.731921,0.138462
3434.202305,sim,0.683179,0.778543,0.673642,0.656159,0.731921,0.138462
3434.206387,sim,0.683179,0.778543,0.673642,0.656159,0.731921,0.138462
3434.210324,sim,0.683179,0.778543,0.673642,0.656159,0.731921,0.138462
3434.214400,sim,0.683179,0.778543,0.673642,0.656159,0.731921,0.138462
3434.218402,sim,0.683179,0.778543,0.673642,0.656159,0.731921,0.138462
3434.222348,sim,0.683179,0.778543,0.673642,0.656159,0.731921,0.138462
3434.226447,sim,0.683179,0.778543,0.673642,0.656159,0.731921,0.138462
3434.230435,sim,0.683179,0.778543,0.673642,0.656159,0.731921,0.138462
3434.234414,sim,0.683179,0.778543,0.673642,0.656159,0.731921,0.138462
3434.238625,sim,0.683179,0.778543,0.673642,0.656159,0.731921,0.138462
3434.242436,sim,0.683179,0.778543,0.673642,0.656159,0.731921,0.138462
3434.246593,sim,0.683179,0.778543,0.673642,0.656159,0.731921,0.138462
3434.250458,sim,0.683179,0.778543,0.673642,0.656159,0.731921,0.138462
3434.254353,sim,0.683179,0.778543,0.673642,0.656159,0.731921,0.138462
3434.258597,sim,0.683179,0.778543,0.673642,0.656159,0.731921,0.138462
3434.262357,sim,0.683179,0.778543,0.673642,0.656159,0.731921,0.138462
3434.266320,sim,0.683179,0.778543,0.673642,0.656159,0.731921,0.138462
3434.270363,sim,0.683179,0.778543,0.673642,0.656159,0.731921,0.138462
3434.274546,sim,0.683179,0.778543,0.673642,0.656159,0.731921,0.138462
3434.278596,sim,0.683179,0.778543,0.673642,0.656159,0.731921,0.138462
3434.282283,sim,0.680742,0.778543,0.673642,0.654605,0.731921,0.138462
3434.286329,sim,0.680742,0.778543,0.673642,0.654605,0.731921,0.138462
3434.290341,sim,0.680742,0.778543,0.673642,0.654605,0.731921,0.138462
3434.294281,sim,0.680742,0.778543,0.673642,0.654605,0.731921,0.138462
3434.298380,sim,0.680742,0.778543,0.673642,0.654605,0.731921,0.138462
3434.302315,sim,0.680742,0.778543,0.673642,0.654605,0.731921,0.138462
3434.306491,sim,0.672943,0.772327,0.669757,0.648596,0.728035,0.138462
3434.310381,sim,0.672943,0.772327,0.669757,0.648596,0.728035,0.138462
3434.314354,sim,0.672943,0.772327,0.669757,0.648596,0.728035,0.138462
3434.318638,sim,0.672943,0.772327,0.669757,0.648596,0.728035,0.138462
3434.322363,sim,0.672943,0.772327,0.669757,0.648596,0.728035,0.138462
3434.326311,sim,0.658873,0.763831,0.662505,0.638726,0.720783,0.138462
3434.330284,sim,0.658873,0.763831,0.662505,0.638726,0.720783,0.138462
3434.334302,sim,0.658873,0.763831,0.662505,0.638726,0.720783,0.138462
3434.338632,sim,0.658873,0.763831,0.662505,0.638726,0.720783,0.138462
3434.342351,sim,0.641805,0.754137,0.652334,0.627063,0.712166,0.138462
3434.346289,sim,0.641805,0.754137,0.652334,0.627063,0.712166,0.138462
3434.350372,sim,0.641805,0.754137,0.652334,0.627063,0.712166,0.138462
3434.354408,sim,0.641805,0.754137,0.652334,0.627063,0.712166,0.138462
3434.358484,sim,0.641805,0.754137,0.652334,0.627063,0.712166,0.138462
3434.362374,sim,0.641805,0.754137,0.652334,0.627063,0.712166,0.138462
3434.366614,sim,0.618076,0.743404,0.641966,0.613848,0.699259,0.127179
3434.370475,sim,0.618076,0.743404,0.641966,0.613848,0.699259,0.127179
3434.374420,sim,0.618076,0.743404,0.641966,0.613848,0.699259,0.127179
3434.378565,sim,0.618076,0.743404,0.641966,0.613848,0.699259,0.127179
3434.382408,sim,0.592637,0.733326,0.631425,0.600840,0.684965,0.112274
3434.386349,sim,0.592637,0.733326,0.631425,0.600840,0.684965,0.112274
3434.390401,sim,0.592637,0.733326,0.631425,0.600840,0.684965,0.112274
3434.394272,sim,0.592637,0.733326,0.631425,0.600840,0.684965,0.112274
3434.398654,sim,0.592637,0.733326,0.631425,0.600840,0.684965,0.112274
3434.402384,sim,0.563279,0.722260,0.618405,0.587236,0.668692,0.098329
3434.406427,sim,0.563279,0.722260,0.618405,0.587236,0.668692,0.098329
3434.410234,sim,0.563279,0.722260,0.618405,0.587236,0.668692,0.098329
3434.414270,sim,0.563279,0.722260,0.618405,0.587236,0.668692,0.098329
3434.418497,sim,0.563279,0.722260,0.618405,0.587236,0.668692,0.098329
3434.422327,sim,0.563279,0.722260,0.618405,0.587236,0.668692,0.098329
3434.426309,sim,0.528899,0.709561,0.605567,0.573114,0.649926,0.085219
3434.430366,sim,0.528899,0.709561,0.605567,0.573114,0.649926,0.085219
3434.434299,sim,0.528899,0.709561,0.605567,0.573114,0.649926,0.085219
3434.438489,sim,0.528899,0.709561,0.605567,0.573114,0.649926,0.085219
3434.442343,sim,0.528899,0.709561,0.605567,0.573114,0.649926,0.085219
3434.446323,sim,0.492605,0.697002,0.591333,0.558545,0.629777,0.073856
3434.450336,sim,0.492605,0.697002,0.591333,0.558545,0.629777,0.073856
3434.454317,sim,0.492605,0.697002,0.591333,0.558545,0.629777,0.073856
3434.458305,sim,0.492605,0.697002,0.591333,0.558545,0.629777,0.073856
3434.462352,sim,0.492605,0.697002,0.591333,0.558545,0.629777,0.073856
3434.466457,sim,0.453838,0.684563,0.576665,0.543586,0.607652,0.065034
3434.470598,sim,0.453838,0.684563,0.576665,0.543586,0.607652,0.065034
3434.474457,sim,0.453838,0.684563,0.576665,0.543586,0.607652,0.065034
3434.478525,sim,0.453838,0.684563,0.576665,0.543586,0.607652,0.065034
3434.482381,sim,0.453838,0.684563,0.576665,0.543586,0.607652,0.065034
3434.486297,sim,0.413741,0.670674,0.562399,0.529068,0.585369,0.057389
3434.490422,sim,0.413741,0.670674,0.562399,0.529068,0.585369,0.057389
3434.494298,sim,0.413741,0.670674,0.562399,0.529068,0.585369,0.057389
3434.498524,sim,0.413741,0.670674,0.562399,0.529068,0.585369,0.057389
3434.502463,sim,0.413741,0.670674,0.562399,0.529068,0.585369,0.057389
3434.506369,sim,0.371679,0.657083,0.546150,0.514155,0.562172,0.050763
3434.510299,sim,0.371679,0.657083,0.546150,0.514155,0.562172,0.050763
3434.514412,sim,0.371679,0.657083,0.546150,0.514155,0.562172,0.050763
3434.518439,sim,0.371679,0.657083,0.546150,0.514155,0.562172,0.050763
3434.522504,sim,0.371679,0.657083,0.546150,0.514155,0.562172,0.050763
3434.526298,sim,0.332789,0.643750,0.530513,0.498122,0.538183,0.045020
3434.530338,sim,0.332789,0.643750,0.530513,0.498122,0.538183,0.045020
3434.534291,sim,0.332789,0.643750,0.530513,0.498122,0.538183,0.045020
3434.538346,sim,0.332789,0.643750,0.530513,0.498122,0.538183,0.045020
3434.542353,sim,0.332789,0.643750,0.530513,0.498122,0.538183,0.045020
3434.546481,sim,0.299084,0.629864,0.514630,0.482673,0.512730,0.040043
3434.550359,sim,0.299084,0.629864,0.514630,0.482673,0.512730,0.040043
3434.554300,sim,0.299084,0.629864,0.514630,0.482673,0.512730,0.040043
3434.558395,sim,0.299084,0.629864,0.514630,0.482673,0.512730,0.040043
3434.562340,sim,0.299084,0.629864,0.514630,0.482673,0.512730,0.040043
3434.566353,sim,0.269872,0.616275,0.498534,0.466952,0.487562,0.035729
3434.570359,sim,0.269872,0.616275,0.498534,0.466952,0.487562,0.035729
3434.574638,sim,0.269872,0.616275,0.498534,0.466952,0.487562,0.035729
3434.578561,sim,0.269872,0.616275,0.498534,0.466952,0.487562,0.035729
3434.582550,sim,0.269872,0.616275,0.498534,0.466952,0.487562,0.035729
3434.586297,sim,0.244556,0.602944,0.483029,0.450996,0.461865,0.031991
3434.590548,sim,0.244556,0.602944,0.483029,0.450996,0.461865,0.031991
3434.594388,sim,0.244556,0.602944,0.483029,0.450996,0.461865,0.031991
3434.598455,sim,0.244556,0.602944,0.483029,0.450996,0.461865,0.031991
3434.602425,sim,0.244556,0.602944,0.483029,0.450996,0.461865,0.031991
3434.606596,sim,0.222615,0.589059,0.466484,0.435614,0.435709,0.028751
3434.610338,sim,0.222615,0.589059,0.466484,0.435614,0.435709,0.028751
3434.614283,sim,0.222615,0.589059,0.466484,0.435614,0.435709,0.028751
3434.618421,sim,0.222615,0.589059,0.466484,0.435614,0.435709,0.028751
3434.622490,sim,0.222615,0.589059,0.466484,0.435614,0.435709,0.028751
3434.626449,sim,0.203600,0.573917,0.449814,0.419175,0.409155,0.025943
3434.630324,sim,0.203600,0.573917,0.449814,0.419175,0.409155,0.025943
3434.634354,sim,0.203600,0.573917,0.449814,0.419175,0.409155,0.025943
3434.638410,sim,0.203600,0.573917,0.449814,0.419175,0.409155,0.025943
3434.642505,sim,0.203600,0.573917,0.449814,0.419175,0.409155,0.025943
3434.646320,sim,0.187120,0.559240,0.433812,0.403373,0.382257,0.023510
3434.650304,sim,0.187120,0.559240,0.433812,0.403373,0.382257,0.023510
3434.654291,sim,0.187120,0.559240,0.433812,0.403373,0.382257,0.023510
3434.658458,sim,0.187120,0.559240,0.433812,0.403373,0.382257,0.023510
3434.662418,sim,0.187120,0.559240,0.433812,0.403373,0.382257,0.023510
3434.666257,sim,0.172837,0.543412,0.417613,0.387347,0.355060,0.021401
3434.670327,sim,0.172837,0.543412,0.417613,0.387347,0.355060,0.021401
3434.674328,sim,0.172837,0.543412,0.417613,0.387347,0.355060,0.021401
3434.678476,sim,0.172837,0.543412,0.417613,0.387347,0.355060,0.021401
3434.682395,sim,0.172837,0.543412,0.417613,0.387347,0.355060,0.021401
3434.686394,sim,0.160459,0.528918,0.401242,0.371127,0.326827,0.019573
3434.690428,sim,0.160459,0.528918,0.401242,0.371127,0.326827,0.019573
3434.694273,sim,0.160459,0.528918,0.401242,0.371127,0.326827,0.019573
3434.698356,sim,0.160459,0.528918,0.401242,0.371127,0.326827,0.019573
3434.702452,sim,0.160459,0.528918,0.401242,0.371127,0.326827,0.019573
3434.706555,sim,0.149731,0.514024,0.384724,0.355515,0.300027,0.017989
3434.710528,sim,0.149731,0.514024,0.384724,0.355515,0.300027,0.017989
3434.714368,sim,0.149731,0.514024,0.384724,0.355515,0.300027,0.017989
3434.718665,sim,0.149731,0.514024,0.384724,0.355515,0.300027,0.017989
3434.722451,sim,0.149731,0.514024,0.384724,0.355515,0.300027,0.017989
3434.726428,sim,0.140434,0.499563,0.367299,0.339654,0.276023,0.016616
3434.730329,sim,0.140434,0.499563,0.367299,0.339654,0.276023,0.016616
3434.734260,sim,0.140434,0.499563,0.367299,0.339654,0.276023,0.016616
3434.738550,sim,0.140434,0.499563,0.367299,0.339654,0.276023,0.016616
3434.742410,sim,0.140434,0.499563,0.367299,0.339654,0.276023,0.016616
3434.746358,sim,0.132376,0.484698,0.350644,0.322800,0.255220,0.015426
3434.750329,sim,0.132376,0.484698,0.350644,0.322800,0.255220,0.015426
3434.754326,sim,0.132376,0.484698,0.350644,0.322800,0.255220,0.015426
3434.758404,sim,0.132376,0.484698,0.350644,0.322800,0.255220,0.015426
3434.762313,sim,0.132376,0.484698,0.350644,0.322800,0.255220,0.015426
3434.766356,sim,0.132376,0.484698,0.350644,0.322800,0.255220,0.015426
3434.770685,sim,0.125392,0.469485,0.333878,0.306638,0.237191,0.014395
3434.774417,sim,0.125392,0.469485,0.333878,0.306638,0.237191,0.014395
3434.778389,sim,0.125392,0.469485,0.333878,0.306638,0.237191,0.014395
3434.782355,sim,0.125392,0.469485,0.333878,0.306638,0.237191,0.014395
3434.786361,sim,0.119340,0.454746,0.317794,0.291078,0.221565,0.013501
3434.790421,sim,0.119340,0.454746,0.317794,0.291078,0.221565,0.013501
3434.794268,sim,0.119340,0.454746,0.317794,0.291078,0.221565,0.013501
3434.798440,sim,0.119340,0.454746,0.317794,0.291078,0.221565,0.013501
3434.802701,sim,0.119340,0.454746,0.317794,0.291078,0.221565,0.013501
3434.806342,sim,0.114095,0.440417,0.300746,0.275261,0.208023,0.012727
3434.810298,sim,0.114095,0.440417,0.300746,0.275261,0.208023,0.012727
3434.814365,sim,0.114095,0.440417,0.300746,0.275261,0.208023,0.012727
3434.818490,sim,0.114095,0.440417,0.300746,0.275261,0.208023,0.012727
3434.822441,sim,0.114095,0.440417,0.300746,0.275261,0.208023,0.012727
3434.826310,sim,0.114095,0.440417,0.300746,0.275261,0.208023,0.012727
3434.830314,sim,0.109549,0.426446,0.283640,0.258444,0.196287,0.012056
3434.834299,sim,0.109549,0.426446,0.283640,0.258444,0.196287,0.012056
3434.838346,sim,0.109549,0.426446,0.283640,0.258444,0.196287,0.012056
3434.842243,sim,0.109549,0.426446,0.283640,0.258444,0.196287,0.012056
3434.846293,sim,0.109549,0.426446,0.283640,0.258444,0.196287,0.012056
3434.850358,sim,0.105609,0.411229,0.266483,0.241539,0.186115,0.011474
3434.854328,sim,0.105609,0.411229,0.266483,0.241539,0.186115,0.011474
3434.858378,sim,0.105609,0.411229,0.266483,0.241539,0.186115,0.011474
3434.862334,sim,0.105609,0.411229,0.266483,0.241539,0.186115,0.011474
3434.866420,sim,0.105609,0.411229,0.266483,0.241539,0.186115,0.011474
3434.870377,sim,0.102194,0.396486,0.250060,0.226111,0.177300,0.010970
3434.874308,sim,0.102194,0.396486,0.250060,0.226111,0.177300,0.010970
3434.878430,sim,0.102194,0.396486,0.250060,0.226111,0.177300,0.010970
3434.882332,sim,0.102194,0.396486,0.250060,0.226111,0.177300,0.010970
3434.886269,sim,0.102194,0.396486,0.250060,0.226111,0.177300,0.010970
3434.890335,sim,0.099235,0.382156,0.233496,0.212740,0.169660,0.010533
3434.894333,sim,0.099235,0.382156,0.233496,0.212740,0.169660,0.010533
3434.898413,sim,0.099235,0.382156,0.233496,0.212740,0.169660,0.010533
3434.902488,sim,0.099235,0.382156,0.233496,0.212740,0.169660,0.010533
3434.906734,sim,0.096670,0.368182,0.218363,0.201152,0.163039,0.010154
3434.910314,sim,0.096670,0.368182,0.218363,0.201152,0.163039,0.010154
3434.914438,sim,0.096670,0.368182,0.218363,0.201152,0.163039,0.010154
3434.918481,sim,0.096670,0.368182,0.218363,0.201152,0.163039,0.010154
3434.922264,sim,0.096670,0.368182,0.218363,0.201152,0.163039,0.010154
3434.926505,sim,0.096670,0.368182,0.218363,0.201152,0.163039,0.010154
3434.930471,sim,0.094448,0.354517,0.205248,0.191108,0.157300,0.009826
3434.934297,sim,0.094448,0.354517,0.205248,0.191108,0.157300,0.009826
3434.938322,sim,0.094448,0.354517,0.205248,0.191108,0.157300,0.009826
3434.942487,sim,0.094448,0.354517,0.205248,0.191108,0.157300,0.009826
3434.946563,sim,0.094448,0.354517,0.205248,0.191108,0.157300,0.009826
3434.950324,sim,0.092521,0.339566,0.193882,0.182404,0.152327,0.009541
3434.954297,sim,0.092521,0.339566,0.193882,0.182404,0.152327,0.009541
3434.958580,sim,0.092521,0.339566,0.193882,0.182404,0.152327,0.009541
3434.962342,sim,0.092521,0.339566,0.193882,0.182404,0.152327,0.009541
3434.966716,sim,0.092521,0.339566,0.193882,0.182404,0.152327,0.009541
3434.970302,sim,0.090852,0.325054,0.184031,0.174861,0.148017,0.009295
3434.974430,sim,0.090852,0.325054,0.184031,0.174861,0.148017,0.009295
3434.978488,sim,0.090852,0.325054,0.184031,0.174861,0.148017,0.009295
3434.982317,sim,0.090852,0.325054,0.184031,0.174861,0.148017,0.009295
3434.986351,sim,0.090852,0.325054,0.184031,0.174861,0.148017,0.009295
3434.990362,sim,0.089405,0.310923,0.175493,0.168323,0.144281,0.009081
3434.994359,sim,0.089405,0.310923,0.175493,0.168323,0.144281,0.009081
3434.998437,sim,0.089405,0.310923,0.175493,0.168323,0.144281,0.009081
3435.002370,sim,0.089405,0.310923,0.175493,0.168323,0.144281,0.009081
3435.006862,sim,0.089405,0.310923,0.175493,0.168323,0.144281,0.009081
3435.010693,sim,0.088151,0.297123,0.168094,0.162657,0.141044,0.008896
3435.014433,sim,0.088151,0.297123,0.168094,0.162657,0.141044,0.008896
3435.018706,sim,0.088151,0.297123,0.168094,0.162657,0.141044,0.008896
3435.022325,sim,0.088151,0.297123,0.168094,0.162657,0.141044,0.008896
3435.026612,sim,0.088151,0.297123,0.168094,0.162657,0.141044,0.008896
3435.030421,sim,0.087064,0.282054,0.161682,0.157747,0.138238,0.008735
3435.034234,sim,0.087064,0.282054,0.161682,0.157747,0.138238,0.008735
3435.038449,sim,0.087064,0.282054,0.161682,0.157747,0.138238,0.008735
3435.042316,sim,0.087064,0.282054,0.161682,0.157747,0.138238,0.008735
3435.046338,sim,0.087064,0.282054,0.161682,0.157747,0.138238,0.008735
3435.050364,sim,0.086122,0.267440,0.156124,0.153491,0.135806,0.008596
3435.054357,sim,0.086122,0.267440,0.156124,0.153491,0.135806,0.008596
3435.058533,sim,0.086122,0.267440,0.156124,0.153491,0.135806,0.008596
3435.062325,sim,0.086122,0.267440,0.156124,0.153491,0.135806,0.008596
3435.066263,sim,0.086122,0.267440,0.156124,0.153491,0.135806,0.008596
3435.070363,sim,0.086122,0.267440,0.156124,0.153491,0.135806,0.008596
3435.074421,sim,0.085306,0.251666,0.151308,0.149802,0.133699,0.008476
3435.078516,sim,0.085306,0.251666,0.151308,0.149802,0.133699,0.008476
3435.082231,sim,0.085306,0.251666,0.151308,0.149802,0.133699,0.008476
3435.086636,sim,0.085306,0.251666,0.151308,0.149802,0.133699,0.008476
3435.090479,sim,0.084599,0.237996,0.147133,0.146606,0.131872,0.008371
3435.094512,sim,0.084599,0.237996,0.147133,0.146606,0.131872,0.008371
3435.098456,sim,0.084599,0.237996,0.147133,0.146606,0.131872,0.008371
3435.102392,sim,0.084599,0.237996,0.147133,0.146606,0.131872,0.008371
3435.106429,sim,0.083985,0.224594,0.143515,0.143835,0.130289,0.008281
3435.110406,sim,0.083985,0.224594,0.143515,0.143835,0.130289,0.008281
3435.114456,sim,0.083454,0.212203,0.140380,0.141434,0.128917,0.008202
3435.118719,sim,0.083454,0.212203,0.140380,0.141434,0.128917,0.008202
3435.122453,sim,0.083454,0.212203,0.140380,0.141434,0.128917,0.008202
3435.126388,sim,0.083454,0.212203,0.140380,0.141434,0.128917,0.008202
3435.130378,sim,0.083454,0.212203,0.140380,0.141434,0.128917,0.008202
3435.134486,sim,0.082993,0.201463,0.137663,0.139353,0.127728,0.008134
3435.138578,sim,0.082993,0.201463,0.137663,0.139353,0.127728,0.008134
3435.142451,sim,0.082993,0.201463,0.137663,0.139353,0.127728,0.008134
3435.146371,sim,0.082993,0.201463,0.137663,0.139353,0.127728,0.008134
3435.150585,sim,0.082993,0.201463,0.137663,0.139353,0.127728,0.008134
3435.154558,sim,0.082594,0.192155,0.135308,0.137550,0.126698,0.008075
3435.158630,sim,0.082594,0.192155,0.135308,0.137550,0.126698,0.008075
3435.162468,sim,0.082594,0.192155,0.135308,0.137550,0.126698,0.008075
3435.166586,sim,0.082594,0.192155,0.135308,0.137550,0.126698,0.008075
3435.170573,sim,0.082594,0.192155,0.135308,0.137550,0.126698,0.008075
3435.174623,sim,0.082248,0.184089,0.133267,0.135987,0.125805,0.008024
3435.178598,sim,0.082248,0.184089,0.133267,0.135987,0.125805,0.008024
3435.182550,sim,0.082248,0.184089,0.133267,0.135987,0.125805,0.008024
3435.186505,sim,0.082248,0.184089,0.133267,0.135987,0.125805,0.008024
3435.190746,sim,0.082248,0.184089,0.133267,0.135987,0.125805,0.008024
3435.194633,sim,0.081949,0.177098,0.131498,0.134633,0.125031,0.007980
3435.198749,sim,0.081949,0.177098,0.131498,0.134633,0.125031,0.007980
3435.202566,sim,0.081949,0.177098,0.131498,0.134633,0.125031,0.007980
3435.206565,sim,0.081949,0.177098,0.131498,0.134633,0.125031,0.007980
3435.210646,sim,0.081949,0.177098,0.131498,0.134633,0.125031,0.007980
3435.214631,sim,0.081689,0.171039,0.129965,0.133459,0.124360,0.007942
3435.218854,sim,0.081689,0.171039,0.129965,0.133459,0.124360,0.007942
3435.222763,sim,0.081689,0.171039,0.129965,0.133459,0.124360,0.007942
3435.226630,sim,0.081689,0.171039,0.129965,0.133459,0.124360,0.007942
3435.230775,sim,0.081689,0.171039,0.129965,0.133459,0.124360,0.007942
3435.234732,sim,0.081464,0.165788,0.128636,0.132441,0.123779,0.007908
3435.238854,sim,0.081464,0.165788,0.128636,0.132441,0.123779,0.007908
3435.242638,sim,0.081464,0.165788,0.128636,0.132441,0.123779,0.007908
3435.246703,sim,0.081464,0.165788,0.128636,0.132441,0.123779,0.007908
3435.250760,sim,0.081464,0.165788,0.128636,0.132441,0.123779,0.007908
3435.254728,sim,0.081268,0.161237,0.127485,0.131559,0.123275,0.007880
3435.258785,sim,0.081268,0.161237,0.127485,0.131559,0.123275,0.007880
3435.262871,sim,0.081268,0.161237,0.127485,0.131559,0.123275,0.007880
3435.266774,sim,0.081268,0.161237,0.127485,0.131559,0.123275,0.007880
3435.270898,sim,0.081268,0.161237,0.127485,0.131559,0.123275,0.007880
3435.274811,sim,0.081099,0.157293,0.126487,0.130795,0.122838,0.007855
3435.278917,sim,0.081099,0.157293,0.126487,0.130795,0.122838,0.007855
3435.282729,sim,0.081099,0.157293,0.126487,0.130795,0.122838,0.007855
3435.286657,sim,0.081099,0.157293,0.126487,0.130795,0.122838,0.007855
3435.290782,sim,0.081099,0.157293,0.126487,0.130795,0.122838,0.007855
3435.294765,sim,0.080953,0.153874,0.125622,0.130133,0.122460,0.007833
3435.298902,sim,0.080953,0.153874,0.125622,0.130133,0.122460,0.007833
3435.302723,sim,0.080953,0.153874,0.125622,0.130133,0.122460,0.007833
3435.306873,sim,0.080953,0.153874,0.125622,0.130133,0.122460,0.007833
3435.310820,sim,0.080826,0.150912,0.124872,0.129559,0.122132,0.007814
3435.314786,sim,0.080699,0.147949,0.124123,0.128985,0.121804,0.007795
3435.318959,sim,0.080572,0.144987,0.123373,0.128411,0.121476,0.007777
3435.322840,sim,0.080445,0.142024,0.122624,0.127837,0.121148,0.007758
3435.326754,sim,0.080318,0.139062,0.121874,0.127263,0.120820,0.007739
3435.330879,sim,0.080191,0.136099,0.121124,0.126689,0.120492,0.007720
3435.334866,sim,0.080064,0.133137,0.120375,0.126115,0.120164,0.007702
3435.338842,sim,0.080000,0.131656,0.120000,0.125828,0.120000,0.007692
3435.342770,sim,0.080000,0.131655,0.120000,0.125827,0.120000,0.007692
3435.346879,sim,0.080000,0.131655,0.120000,0.125828,0.120000,0.007692
3435.350878,sim,0.080000,0.131656,0.120000,0.125828,0.120000,0.007692
3435.354856,sim,0.080000,0.131656,0.120000,0.125828,0.120000,0.007692
3435.359101,sim,0.080000,0.131655,0.120000,0.125828,0.120000,0.007692
3435.362914,sim,0.080000,0.131656,0.120000,0.125828,0.120000,0.007692
3435.366793,sim,0.080000,0.131656,0.120000,0.125828,0.120000,0.007692
3435.370855,sim,0.080000,0.131655,0.120000,0.125828,0.120000,0.007692
3435.374963,sim,0.080000,0.131656,0.120000,0.125828,0.120000,0.007692
3435.378945,sim,0.080000,0.131655,0.120000,0.125828,0.120000,0.007692
3435.382822,sim,0.080000,0.131656,0.120000,0.125828,0.120000,0.007692
3435.386838,sim,0.080000,0.131655,0.120000,0.125827,0.120000,0.007692
3435.390986,sim,0.080000,0.131656,0.120000,0.125828,0.120000,0.007692
3435.394866,sim,0.080000,0.131655,0.120000,0.125827,0.120000,0.007692
3435.399077,sim,0.080000,0.131656,0.120000,0.125828,0.120000,0.007693
3435.402855,sim,0.080000,0.131656,0.120000,0.125828,0.120000,0.007692
3435.406986,sim,0.080000,0.131656,0.120000,0.125828,0.120000,0.007692
3435.410974,sim,0.080000,0.131656,0.120000,0.125828,0.120000,0.007692
3435.414961,sim,0.080000,0.131656,0.120000,0.125828,0.120000,0.007692
3435.419169,sim,0.080000,0.131655,0.120000,0.125828,0.120000,0.007692
3435.423106,sim,0.080000,0.131656,0.120000,0.125828,0.120000,0.007692
3435.427104,sim,0.080000,0.131656,0.120000,0.125828,0.120000,0.007693
3435.430992,sim,0.080000,0.131656,0.120000,0.125828,0.120000,0.007692
3435.434924,sim,0.080000,0.131655,0.120000,0.125828,0.120000,0.007692
3435.439821,sim,0.080000,0.131656,0.120000,0.125828,0.120000,0.007692
3435.443021,sim,0.080000,0.131656,0.120000,0.125828,0.120000,0.007693
3435.447058,sim,0.080000,0.131656,0.120000,0.125828,0.120000,0.007692
3435.450902,sim,0.080000,0.131656,0.120000,0.125828,0.120000,0.007692
3435.455120,sim,0.080000,0.131656,0.120000,0.125828,0.120000,0.007692
3435.459482,sim,0.080000,0.131655,0.120000,0.125828,0.120000,0.007692
3435.463094,sim,0.080000,0.131656,0.120000,0.125828,0.120000,0.007692
3435.467134,sim,0.080000,0.131656,0.120000,0.125828,0.120000,0.007693
3435.471070,sim,0.080000,0.131655,0.120000,0.125828,0.120000,0.007692
3435.475146,sim,0.080000,0.131656,0.120000,0.125828,0.120000,0.007693
3435.479132,sim,0.080000,0.131656,0.120000,0.125828,0.120000,0.007692
3435.483094,sim,0.080000,0.131656,0.120000,0.125828,0.120000,0.007692
3435.486982,sim,0.080000,0.131655,0.120000,0.125828,0.120000,0.007692
3435.491218,sim,0.080000,0.131656,0.120000,0.125828,0.120000,0.007692
3435.495225,sim,0.080000,0.131655,0.120000,0.125827,0.120000,0.007692
3435.499079,sim,0.080000,0.131656,0.120000,0.125828,0.120000,0.007692
3435.502992,sim,0.080000,0.131656,0.120000,0.125828,0.120000,0.007692
3435.507019,sim,0.080000,0.131656,0.120000,0.125828,0.120000,0.007692
3435.510995,sim,0.080000,0.131656,0.120000,0.125828,0.120000,0.007693
3435.515045,sim,0.080000,0.131656,0.120000,0.125828,0.120000,0.007692
3435.519345,sim,0.080000,0.131656,0.120000,0.125828,0.120000,0.007692
3435.523079,sim,0.080000,0.131656,0.120000,0.125828,0.120000,0.007692
3435.527037,sim,0.080000,0.131656,0.120000,0.125828,0.120000,0.007692
3435.531022,sim,0.080000,0.131655,0.120000,0.125828,0.120000,0.007692
3435.535098,sim,0.080000,0.131656,0.120000,0.125828,0.120000,0.007692
3435.539149,sim,0.080000,0.131656,0.120000,0.125828,0.120000,0.007692
3435.543029,sim,0.080000,0.131656,0.120000,0.125828,0.120000,0.007693
3435.547060,sim,0.080000,0.131656,0.120000,0.125828,0.120000,0.007692
3435.551178,sim,0.080000,0.131656,0.120000,0.125828,0.120000,0.007692
3435.555171,sim,0.080000,0.131656,0.120000,0.125828,0.120000,0.007692
3435.559371,sim,0.080000,0.131655,0.120777,0.125828,0.120777,0.014871
3435.563282,sim,0.080000,0.131656,0.120777,0.125828,0.120777,0.014872
3435.567084,sim,0.080000,0.131655,0.120777,0.125828,0.120777,0.014872
3435.571093,sim,0.080000,0.131655,0.120777,0.125828,0.120777,0.014872
3435.575196,sim,0.080000,0.131655,0.120777,0.125828,0.120777,0.014872
3435.581564,sim,0.086499,0.131656,0.124559,0.130490,0.123782,0.030325
3435.583190,sim,0.086499,0.131656,0.124559,0.130490,0.123782,0.030325
3435.587148,sim,0.086499,0.131656,0.124559,0.130490,0.123782,0.030325
3435.591075,sim,0.086499,0.131656,0.124559,0.130490,0.123782,0.030325
3435.595376,sim,0.086499,0.131656,0.124559,0.130490,0.123782,0.030325
3435.599290,sim,0.096193,0.131656,0.131721,0.138416,0.130271,0.049871
3435.603138,sim,0.096193,0.131656,0.131721,0.138416,0.130271,0.049871
3435.607135,sim,0.096193,0.131656,0.131721,0.138416,0.130271,0.049871
3435.611082,sim,0.096193,0.131656,0.131721,0.138416,0.130271,0.049871
3435.615136,sim,0.096193,0.131656,0.131721,0.138416,0.130271,0.049871
3435.619352,sim,0.109469,0.131656,0.139483,0.146839,0.137449,0.068863
3435.623112,sim,0.109469,0.131656,0.139483,0.146839,0.137449,0.068863
3435.627017,sim,0.109469,0.131656,0.139483,0.146839,0.137449,0.068863
3435.631199,sim,0.109469,0.131656,0.139483,0.146839,0.137449,0.068863
3435.635156,sim,0.109469,0.131656,0.139483,0.146839,0.137449,0.068863
3435.639162,sim,0.124224,0.131656,0.148541,0.155693,0.146001,0.085322
3435.643101,sim,0.124224,0.131656,0.148541,0.155693,0.146001,0.085322
3435.647524,sim,0.124224,0.131656,0.148541,0.155693,0.146001,0.085322
3435.651278,sim,0.124224,0.131656,0.148541,0.155693,0.146001,0.085322
3435.655478,sim,0.124224,0.131656,0.148541,0.155693,0.146001,0.085322
3435.659407,sim,0.141886,0.131656,0.158722,0.167252,0.154967,0.099587
3435.663135,sim,0.141886,0.131656,0.158722,0.167252,0.154967,0.099587
3435.667170,sim,0.141886,0.131656,0.158722,0.167252,0.154967,0.099587
3435.671192,sim,0.141886,0.131656,0.158722,0.167252,0.154967,0.099587
3435.675503,sim,0.141886,0.131656,0.158722,0.167252,0.154967,0.099587
3435.679532,sim,0.160442,0.131656,0.169877,0.178824,0.165845,0.111950
3435.683423,sim,0.160442,0.131656,0.169877,0.178824,0.165845,0.111950
3435.687264,sim,0.160442,0.131656,0.169877,0.178824,0.165845,0.111950
3435.691179,sim,0.160442,0.131656,0.169877,0.178824,0.165845,0.111950
3435.695339,sim,0.160442,0.131656,0.169877,0.178824,0.165845,0.111950
3435.699363,sim,0.181399,0.131656,0.181876,0.190407,0.176828,0.122664
3435.703145,sim,0.181399,0.131656,0.181876,0.190407,0.176828,0.122664
3435.707494,sim,0.181399,0.131656,0.181876,0.190407,0.176828,0.122664
3435.711403,sim,0.181399,0.131656,0.181876,0.190407,0.176828,0.122664
3435.715504,sim,0.181399,0.131656,0.181876,0.190407,0.176828,0.122664
3435.719461,sim,0.203623,0.132433,0.193829,0.203553,0.187900,0.131950
3435.723230,sim,0.203623,0.132433,0.193829,0.203553,0.187900,0.131950
3435.727142,sim,0.203623,0.132433,0.193829,0.203553,0.187900,0.131950
3435.731222,sim,0.203623,0.132433,0.193829,0.203553,0.187900,0.131950
3435.735264,sim,0.203623,0.132433,0.193829,0.203553,0.187900,0.131950
3435.739953,sim,0.225321,0.136214,0.207296,0.217278,0.201381,0.139998
3435.743222,sim,0.225321,0.136214,0.207296,0.217278,0.201381,0.139998
3435.747232,sim,0.225321,0.136214,0.207296,0.217278,0.201381,0.139998
3435.751391,sim,0.225321,0.136214,0.207296,0.217278,0.201381,0.139998
3435.755312,sim,0.225321,0.136214,0.207296,0.217278,0.201381,0.139998
3435.759548,sim,0.249000,0.144154,0.221299,0.230727,0.214618,0.146972
3435.763316,sim,0.249000,0.144154,0.221299,0.230727,0.214618,0.146972
3435.767255,sim,0.249000,0.144154,0.221299,0.230727,0.214618,0.146972
3435.771511,sim,0.249000,0.144154,0.221299,0.230727,0.214618,0.146972
3435.775470,sim,0.249000,0.144154,0.221299,0.230727,0.214618,0.146972
3435.779426,sim,0.273584,0.152589,0.234989,0.244714,0.227645,0.153017
3435.783275,sim,0.273584,0.152589,0.234989,0.244714,0.227645,0.153017
3435.787219,sim,0.273584,0.152589,0.234989,0.244714,0.227645,0.153017
3435.791350,sim,0.273584,0.152589,0.234989,0.244714,0.227645,0.153017
3435.795262,sim,0.273584,0.152589,0.234989,0.244714,0.227645,0.153017
3435.799351,sim,0.273584,0.152589,0.234989,0.244714,0.227645,0.153017
3435.803361,sim,0.299764,0.161454,0.250739,0.259167,0.242820,0.158256
3435.807378,sim,0.299764,0.161454,0.250739,0.259167,0.242820,0.158256
3435.811351,sim,0.299764,0.161454,0.250739,0.259167,0.242820,0.158256
3435.815319,sim,0.299764,0.161454,0.250739,0.259167,0.242820,0.158256
3435.819516,sim,0.325702,0.170690,0.265943,0.273247,0.257525,0.162796
3435.823206,sim,0.325702,0.170690,0.265943,0.273247,0.257525,0.162796
3435.827240,sim,0.325702,0.170690,0.265943,0.273247,0.257525,0.162796
3435.831232,sim,0.325702,0.170690,0.265943,0.273247,0.257525,0.162796
3435.835296,sim,0.325702,0.170690,0.265943,0.273247,0.257525,0.162796
3435.840121,sim,0.325702,0.170690,0.265943,0.273247,0.257525,0.162796
3435.843360,sim,0.352245,0.181026,0.282228,0.289335,0.272601,0.166731
3435.847355,sim,0.352245,0.181026,0.282228,0.289335,0.272601,0.166731
3435.851265,sim,0.352245,0.181026,0.282228,0.289335,0.272601,0.166731
3435.855323,sim,0.352245,0.181026,0.282228,0.289335,0.272601,0.166731
3435.859525,sim,0.352245,0.181026,0.282228,0.289335,0.272601,0.166731
3435.863332,sim,0.379310,0.192316,0.297895,0.304832,0.287222,0.170141
3435.867386,sim,0.379310,0.192316,0.297895,0.304832,0.287222,0.170141
3435.871302,sim,0.379310,0.192316,0.297895,0.304832,0.287222,0.170141
3435.875328,sim,0.379310,0.192316,0.297895,0.304832,0.287222,0.170141
3435.879541,sim,0.379310,0.192316,0.297895,0.304832,0.287222,0.170141
3435.883254,sim,0.405203,0.203654,0.313028,0.319817,0.303000,0.173097
3435.887321,sim,0.405203,0.203654,0.313028,0.319817,0.303000,0.173097
3435.891251,sim,0.405203,0.203654,0.313028,0.319817,0.303000,0.173097
3435.895394,sim,0.405203,0.203654,0.313028,0.319817,0.303000,0.173097
3435.899396,sim,0.405203,0.203654,0.313028,0.319817,0.303000,0.173097
3435.903289,sim,0.431706,0.215034,0.327697,0.335912,0.318229,0.175658
3435.907427,sim,0.431706,0.215034,0.327697,0.335912,0.318229,0.175658
3435.911360,sim,0.431706,0.215034,0.327697,0.335912,0.318229,0.175658
3435.915286,sim,0.431706,0.215034,0.327697,0.335912,0.318229,0.175658
3435.919793,sim,0.431706,0.215034,0.327697,0.335912,0.318229,0.175658
3435.923418,sim,0.457924,0.226451,0.344296,0.351415,0.333759,0.177878
3435.927624,sim,0.457924,0.226451,0.344296,0.351415,0.333759,0.177878
3435.931347,sim,0.457924,0.226451,0.344296,0.351415,0.333759,0.177878
3435.935366,sim,0.457924,0.226451,0.344296,0.351415,0.333759,0.177878
3435.939690,sim,0.457924,0.226451,0.344296,0.351415,0.333759,0.177878
3435.943366,sim,0.484709,0.239454,0.360235,0.367959,0.347995,0.179802
3435.947321,sim,0.484709,0.239454,0.360235,0.367959,0.347995,0.179802
3435.951333,sim,0.484709,0.239454,0.360235,0.367959,0.347995,0.179802
3435.955381,sim,0.484709,0.239454,0.360235,0.367959,0.347995,0.179802
3435.959971,sim,0.484709,0.239454,0.360235,0.367959,0.347995,0.179802
3435.963395,sim,0.510359,0.253055,0.377157,0.383852,0.363441,0.181469
3435.967344,sim,0.510359,0.253055,0.377157,0.383852,0.363441,0.181469
3435.971329,sim,0.510359,0.253055,0.377157,0.383852,0.363441,0.181469
3435.975354,sim,0.510359,0.253055,0.377157,0.383852,0.363441,0.181469
3435.979612,sim,0.510359,0.253055,0.377157,0.383852,0.363441,0.181469
3435.983396,sim,0.532589,0.266396,0.393377,0.399179,0.379159,0.182915
3435.987321,sim,0.532589,0.266396,0.393377,0.399179,0.379159,0.182915
3435.991715,sim,0.532589,0.266396,0.393377,0.399179,0.379159,0.182915
3435.995486,sim,0.532589,0.266396,0.393377,0.399179,0.379159,0.182915
3435.999696,sim,0.532589,0.266396,0.393377,0.399179,0.379159,0.182915
3436.003359,sim,0.551856,0.279512,0.408989,0.415571,0.393558,0.184167
3436.007338,sim,0.551856,0.279512,0.408989,0.415571,0.393558,0.184167
3436.011358,sim,0.551856,0.279512,0.408989,0.415571,0.393558,0.184167
3436.015340,sim,0.551856,0.279512,0.408989,0.415571,0.393558,0.184167
3436.020021,sim,0.551856,0.279512,0.408989,0.415571,0.393558,0.184167
3436.023576,sim,0.568553,0.292434,0.425627,0.431332,0.408369,0.185252
3436.027440,sim,0.568553,0.292434,0.425627,0.431332,0.408369,0.185252
3436.031403,sim,0.568553,0.292434,0.425627,0.431332,0.408369,0.185252
3436.035359,sim,0.568553,0.292434,0.425627,0.431332,0.408369,0.185252
3436.039692,sim,0.568553,0.292434,0.425627,0.431332,0.408369,0.185252
3436.043424,sim,0.583024,0.306740,0.442378,0.446545,0.422758,0.186193
3436.047446,sim,0.583024,0.306740,0.442378,0.446545,0.422758,0.186193
3436.051506,sim,0.583024,0.306740,0.442378,0.446545,0.422758,0.186193
3436.055376,sim,0.583024,0.306740,0.442378,0.446545,0.422758,0.186193
3436.059508,sim,0.583024,0.306740,0.442378,0.446545,0.422758,0.186193
3436.063462,sim,0.595566,0.320694,0.458449,0.462838,0.438337,0.187008
3436.067354,sim,0.595566,0.320694,0.458449,0.462838,0.438337,0.187008
3436.071239,sim,0.595566,0.320694,0.458449,0.462838,0.438337,0.187008
3436.075311,sim,0.595566,0.320694,0.458449,0.462838,0.438337,0.187008
3436.079538,sim,0.595566,0.320694,0.458449,0.462838,0.438337,0.187008
3436.083348,sim,0.606435,0.334341,0.473932,0.479289,0.454171,0.187715
3436.087263,sim,0.606435,0.334341,0.473932,0.479289,0.454171,0.187715
3436.091406,sim,0.606435,0.334341,0.473932,0.479289,0.454171,0.187715
3436.095378,sim,0.606435,0.334341,0.473932,0.479289,0.454171,0.187715
3436.099533,sim,0.606435,0.334341,0.473932,0.479289,0.454171,0.187715
3436.103333,sim,0.615855,0.348499,0.490459,0.495879,0.468670,0.188327
3436.107682,sim,0.615855,0.348499,0.490459,0.495879,0.468670,0.188327
3436.111391,sim,0.615855,0.348499,0.490459,0.495879,0.468670,0.188327
3436.115339,sim,0.615855,0.348499,0.490459,0.495879,0.468670,0.188327
3436.119601,sim,0.615855,0.348499,0.490459,0.495879,0.468670,0.188327
3436.123464,sim,0.615855,0.348499,0.490459,0.495879,0.468670,0.188327
3436.127288,sim,0.624019,0.360770,0.507113,0.513364,0.485121,0.188858
3436.131417,sim,0.624019,0.360770,0.507113,0.513364,0.485121,0.188858
3436.135292,sim,0.624019,0.360770,0.507113,0.513364,0.485121,0.188858
3436.139598,sim,0.624019,0.360770,0.507113,0.513364,0.485121,0.188858
3436.143383,sim,0.631095,0.371405,0.523100,0.529295,0.500156,0.189318
3436.147412,sim,0.631095,0.371405,0.523100,0.529295,0.500156,0.189318
3436.151366,sim,0.631095,0.371405,0.523100,0.529295,0.500156,0.189318
3436.155281,sim,0.631095,0.371405,0.523100,0.529295,0.500156,0.189318
3436.159521,sim,0.631095,0.371405,0.523100,0.529295,0.500156,0.189318
3436.163418,sim,0.637227,0.382175,0.538510,0.545433,0.515517,0.189717
3436.167362,sim,0.637227,0.382175,0.538510,0.545433,0.515517,0.189717
3436.171393,sim,0.637227,0.382175,0.538510,0.545433,0.515517,0.189717
3436.175540,sim,0.637227,0.382175,0.538510,0.545433,0.515517,0.189717
3436.179497,sim,0.637227,0.382175,0.538510,0.545433,0.515517,0.189717
3436.183340,sim,0.637227,0.382175,0.538510,0.545433,0.515517,0.189717
3436.187307,sim,0.642542,0.394618,0.555751,0.562528,0.529607,0.190062
3436.191460,sim,0.642542,0.394618,0.555751,0.562528,0.529607,0.190062
3436.195335,sim,0.642542,0.394618,0.555751,0.562528,0.529607,0.190062
3436.199577,sim,0.642542,0.394618,0.555751,0.562528,0.529607,0.190062
3436.203495,sim,0.647148,0.406179,0.571470,0.578897,0.544149,0.190362
3436.207466,sim,0.647148,0.406179,0.571470,0.578897,0.544149,0.190362
3436.211395,sim,0.647148,0.406179,0.571470,0.578897,0.544149,0.190362
3436.215400,sim,0.647148,0.406179,0.571470,0.578897,0.544149,0.190362
3436.219470,sim,0.647148,0.406179,0.571470,0.578897,0.544149,0.190362
3436.223686,sim,0.647148,0.406179,0.571470,0.578897,0.544149,0.190362
3436.227460,sim,0.651139,0.418530,0.587424,0.595415,0.559861,0.190621
3436.231317,sim,0.651139,0.418530,0.587424,0.595415,0.559861,0.190621
3436.235338,sim,0.651139,0.418530,0.587424,0.595415,0.559861,0.190621
3436.239634,sim,0.651139,0.418530,0.587424,0.595415,0.559861,0.190621
3436.243433,sim,0.654599,0.430787,0.602805,0.611285,0.575032,0.190846
3436.247495,sim,0.654599,0.430787,0.602805,0.611285,0.575032,0.190846
3436.251272,sim,0.654599,0.430787,0.602805,0.611285,0.575032,0.190846
3436.255277,sim,0.654599,0.430787,0.602805,0.611285,0.575032,0.190846
3436.259421,sim,0.654599,0.430787,0.602805,0.611285,0.575032,0.190846
3436.263842,sim,0.654599,0.430787,0.602805,0.611285,0.575032,0.190846
3436.267844,sim,0.657597,0.442965,0.619243,0.628147,0.590511,0.191041
3436.271288,sim,0.657597,0.442965,0.619243,0.628147,0.590511,0.191041
3436.275275,sim,0.657597,0.442965,0.619243,0.628147,0.590511,0.191041
3436.279404,sim,0.657597,0.442965,0.619243,0.628147,0.590511,0.191041
3436.283255,sim,0.657597,0.442965,0.619243,0.628147,0.590511,0.191041
3436.287376,sim,0.660196,0.455073,0.635821,0.645091,0.606257,0.191210
3436.291334,sim,0.660196,0.455073,0.635821,0.645091,0.606257,0.191210
3436.295292,sim,0.660196,0.455073,0.635821,0.645091,0.606257,0.191210
3436.299480,sim,0.660196,0.455073,0.635821,0.645091,0.606257,0.191210
3436.303364,sim,0.662448,0.469452,0.651742,0.661331,0.621458,0.191356
3436.307315,sim,0.662448,0.469452,0.651742,0.661331,0.621458,0.191356
3436.311286,sim,0.662448,0.469452,0.651742,0.661331,0.621458,0.191356
3436.315244,sim,0.662448,0.469452,0.651742,0.661331,0.621458,0.191356
3436.319530,sim,0.662448,0.469452,0.651742,0.661331,0.621458,0.191356
3436.323408,sim,0.662448,0.469452,0.651742,0.661331,0.621458,0.191356
3436.327336,sim,0.664400,0.483468,0.667872,0.676182,0.635410,0.191483
3436.331311,sim,0.664400,0.483468,0.667872,0.676182,0.635410,0.191483
3436.335288,sim,0.664400,0.483468,0.667872,0.676182,0.635410,0.191483
3436.339413,sim,0.664400,0.483468,0.667872,0.676182,0.635410,0.191483
3436.343368,sim,0.664400,0.483468,0.667872,0.676182,0.635410,0.191483
3436.347333,sim,0.666091,0.497169,0.684182,0.689053,0.647501,0.191593
3436.351355,sim,0.666091,0.497169,0.684182,0.689053,0.647501,0.191593
3436.355308,sim,0.666091,0.497169,0.684182,0.689053,0.647501,0.191593
3436.359427,sim,0.666091,0.497169,0.684182,0.689053,0.647501,0.191593
3436.363593,sim,0.666091,0.497169,0.684182,0.689053,0.647501,0.191593
3436.367733,sim,0.667557,0.510597,0.699095,0.700208,0.657980,0.191688
3436.371366,sim,0.667557,0.510597,0.699095,0.700208,0.657980,0.191688
3436.375397,sim,0.667557,0.510597,0.699095,0.700208,0.657980,0.191688
3436.379288,sim,0.667557,0.510597,0.699095,0.700208,0.657980,0.191688
3436.383524,sim,0.667557,0.510597,0.699095,0.700208,0.657980,0.191688
3436.387293,sim,0.668828,0.525343,0.712019,0.709876,0.667061,0.191771
3436.391333,sim,0.668828,0.525343,0.712019,0.709876,0.667061,0.191771
3436.395291,sim,0.668828,0.525343,0.712019,0.709876,0.667061,0.191771
3436.399523,sim,0.668828,0.525343,0.712019,0.709876,0.667061,0.191771
3436.403603,sim,0.668828,0.525343,0.712019,0.709876,0.667061,0.191771
3436.407335,sim,0.668828,0.525343,0.712019,0.709876,0.667061,0.191771
3436.411426,sim,0.668828,0.525343,0.712019,0.709876,0.667061,0.191771
3436.415389,sim,0.668828,0.525343,0.712019,0.709876,0.667061,0.191771
3436.419645,sim,0.668828,0.525343,0.712019,0.709876,0.667061,0.191771
3436.423559,sim,0.668828,0.525343,0.712019,0.709876,0.667061,0.191771
3436.427336,sim,0.669929,0.540454,0.723220,0.718254,0.674932,0.191842
3436.431339,sim,0.669929,0.540454,0.723220,0.718254,0.674932,0.191842
3436.435276,sim,0.669929,0.540454,0.723220,0.718254,0.674932,0.191842
3436.439345,sim,0.669929,0.540454,0.723220,0.718254,0.674932,0.191842
3436.443656,sim,0.669929,0.540454,0.723220,0.718254,0.674932,0.191842
3436.447431,sim,0.670883,0.556658,0.732928,0.725516,0.681754,0.191904
3436.451526,sim,0.670883,0.556658,0.732928,0.725516,0.681754,0.191904
3436.455324,sim,0.670883,0.556658,0.732928,0.725516,0.681754,0.191904
3436.459337,sim,0.670883,0.556658,0.732928,0.725516,0.681754,0.191904
3436.463533,sim,0.670883,0.556658,0.732928,0.725516,0.681754,0.191904
3436.467348,sim,0.671710,0.572256,0.741341,0.731809,0.687666,0.191958
3436.471305,sim,0.671710,0.572256,0.741341,0.731809,0.687666,0.191958
3436.475379,sim,0.671710,0.572256,0.741341,0.731809,0.687666,0.191958
3436.479839,sim,0.671710,0.572256,0.741341,0.731809,0.687666,0.191958
3436.483544,sim,0.671710,0.572256,0.741341,0.731809,0.687666,0.191958
3436.487423,sim,0.672427,0.585774,0.748632,0.737263,0.692789,0.192005
3436.491342,sim,0.672427,0.585774,0.748632,0.737263,0.692789,0.192005
3436.495285,sim,0.672427,0.585774,0.748632,0.737263,0.692789,0.192005
3436.499402,sim,0.672427,0.585774,0.748632,0.737263,0.692789,0.192005
3436.503312,sim,0.672427,0.585774,0.748632,0.737263,0.692789,0.192005
3436.507434,sim,0.673048,0.599821,0.754951,0.741990,0.697230,0.192045
3436.511340,sim,0.673048,0.599821,0.754951,0.741990,0.697230,0.192045
3436.515386,sim,0.673048,0.599821,0.754951,0.741990,0.697230,0.192045
3436.519527,sim,0.673048,0.599821,0.754951,0.741990,0.697230,0.192045
3436.523331,sim,0.673048,0.599821,0.754951,0.741990,0.697230,0.192045
3436.527348,sim,0.673048,0.599821,0.754951,0.741990,0.697230,0.192045
3436.531343,sim,0.673587,0.613549,0.760428,0.746087,0.701078,0.192080
3436.535357,sim,0.673587,0.613549,0.760428,0.746087,0.701078,0.192080
3436.539395,sim,0.673587,0.613549,0.760428,0.746087,0.701078,0.192080
3436.543275,sim,0.673587,0.613549,0.760428,0.746087,0.701078,0.192080
3436.547317,sim,0.673587,0.613549,0.760428,0.746087,0.701078,0.192080
3436.551314,sim,0.674053,0.625447,0.765175,0.749637,0.704413,0.192111
3436.555323,sim,0.674053,0.625447,0.765175,0.749637,0.704413,0.192111
3436.559567,sim,0.674053,0.625447,0.765175,0.749637,0.704413,0.192111
3436.563286,sim,0.674053,0.625447,0.765175,0.749637,0.704413,0.192111
3436.567269,sim,0.674458,0.638089,0.769288,0.752714,0.707304,0.192137
3436.571384,sim,0.674458,0.638089,0.769288,0.752714,0.707304,0.192137
3436.575478,sim,0.674458,0.638089,0.769288,0.752714,0.707304,0.192137
3436.579392,sim,0.674458,0.638089,0.769288,0.752714,0.707304,0.192137
3436.583297,sim,0.674458,0.638089,0.769288,0.752714,0.707304,0.192137
3436.587287,sim,0.674458,0.638089,0.769288,0.752714,0.707304,0.192137
3436.591425,sim,0.674808,0.649823,0.772853,0.755381,0.709809,0.192160
3436.595404,sim,0.674808,0.649823,0.772853,0.755381,0.709809,0.192160
3436.599553,sim,0.674808,0.649823,0.772853,0.755381,0.709809,0.192160
3436.603323,sim,0.674808,0.649823,0.772853,0.755381,0.709809,0.192160
3436.607334,sim,0.674808,0.649823,0.772853,0.755381,0.709809,0.192160
3436.611538,sim,0.675112,0.662323,0.775943,0.757692,0.711980,0.192179
3436.615428,sim,0.675112,0.662323,0.775943,0.757692,0.711980,0.192179
3436.619617,sim,0.675112,0.662323,0.775943,0.757692,0.711980,0.192179
3436.623380,sim,0.675112,0.662323,0.775943,0.757692,0.711980,0.192179
3436.627456,sim,0.675112,0.662323,0.775943,0.757692,0.711980,0.192179
3436.631459,sim,0.675375,0.673934,0.778621,0.759695,0.713862,0.192196
3436.635287,sim,0.675375,0.673934,0.778621,0.759695,0.713862,0.192196
3436.639382,sim,0.675375,0.673934,0.778621,0.759695,0.713862,0.192196
3436.643501,sim,0.675375,0.673934,0.778621,0.759695,0.713862,0.192196
3436.647477,sim,0.675603,0.683997,0.780942,0.761431,0.715493,0.192211
3436.651364,sim,0.675603,0.683997,0.780942,0.761431,0.715493,0.192211
3436.655354,sim,0.675603,0.683997,0.780942,0.761431,0.715493,0.192211
3436.659417,sim,0.675603,0.683997,0.780942,0.761431,0.715493,0.192211
3436.663279,sim,0.675603,0.683997,0.780942,0.761431,0.715493,0.192211
3436.667303,sim,0.675603,0.683997,0.780942,0.761431,0.715493,0.192211
3436.671341,sim,0.675801,0.692718,0.782953,0.762936,0.716906,0.192224
3436.675391,sim,0.675801,0.692718,0.782953,0.762936,0.716906,0.192224
3436.679437,sim,0.675801,0.692718,0.782953,0.762936,0.716906,0.192224
3436.683277,sim,0.675801,0.692718,0.782953,0.762936,0.716906,0.192224
3436.687330,sim,0.675801,0.692718,0.782953,0.762936,0.716906,0.192224
3436.691394,sim,0.675972,0.703384,0.784696,0.764240,0.718131,0.192235
3436.695404,sim,0.675972,0.703384,0.784696,0.764240,0.718131,0.192235
3436.699365,sim,0.675972,0.703384,0.784696,0.764240,0.718131,0.192235
3436.703276,sim,0.676121,0.712628,0.786207,0.765370,0.719192,0.192245
3436.707360,sim,0.676121,0.712628,0.786207,0.765370,0.719192,0.192245
3436.711455,sim,0.676249,0.720640,0.787516,0.766349,0.720113,0.192253
3436.715339,sim,0.676249,0.720640,0.787516,0.766349,0.720113,0.192253
3436.719600,sim,0.676249,0.720640,0.787516,0.766349,0.720113,0.192253
3436.723351,sim,0.676249,0.720640,0.787516,0.766349,0.720113,0.192253
3436.727568,sim,0.676249,0.720640,0.787516,0.766349,0.720113,0.192253
3436.731365,sim,0.676361,0.727583,0.788651,0.767198,0.720910,0.192261
3436.735333,sim,0.676361,0.727583,0.788651,0.767198,0.720910,0.192261
3436.739449,sim,0.676361,0.727583,0.788651,0.767198,0.720910,0.192261
3436.743290,sim,0.676361,0.727583,0.788651,0.767198,0.720910,0.192261
3436.747449,sim,0.676361,0.727583,0.788651,0.767198,0.720910,0.192261
3436.751361,sim,0.676458,0.733601,0.789634,0.767934,0.721601,0.192267
3436.755407,sim,0.676458,0.733601,0.789634,0.767934,0.721601,0.192267
3436.759504,sim,0.676458,0.733601,0.789634,0.767934,0.721601,0.192267
3436.763246,sim,0.676458,0.733601,0.789634,0.767934,0.721601,0.192267
3436.767345,sim,0.676458,0.733601,0.789634,0.767934,0.721601,0.192267
3436.771371,sim,0.676541,0.738816,0.790487,0.768571,0.722200,0.192272
3436.775352,sim,0.676541,0.738816,0.790487,0.768571,0.722200,0.192272
3436.779322,sim,0.676541,0.738816,0.790487,0.768571,0.722200,0.192272
3436.783263,sim,0.676541,0.738816,0.790487,0.768571,0.722200,0.192272
3436.787293,sim,0.676541,0.738816,0.790487,0.768571,0.722200,0.192272
3436.791352,sim,0.676614,0.743336,0.791225,0.769124,0.722719,0.192277
3436.795337,sim,0.676614,0.743336,0.791225,0.769124,0.722719,0.192277
3436.799459,sim,0.676614,0.743336,0.791225,0.769124,0.722719,0.192277
3436.803280,sim,0.676614,0.743336,0.791225,0.769124,0.722719,0.192277
3436.807298,sim,0.676614,0.743336,0.791225,0.769124,0.722719,0.192277
3436.811332,sim,0.676677,0.747253,0.791865,0.769603,0.723169,0.192281
3436.815353,sim,0.676677,0.747253,0.791865,0.769603,0.723169,0.192281
3436.819506,sim,0.676677,0.747253,0.791865,0.769603,0.723169,0.192281
3436.823330,sim,0.676677,0.747253,0.791865,0.769603,0.723169,0.192281
3436.827395,sim,0.676677,0.747253,0.791865,0.769603,0.723169,0.192281
3436.831430,sim,0.676732,0.750648,0.792420,0.770018,0.723559,0.192285
3436.835474,sim,0.676732,0.750648,0.792420,0.770018,0.723559,0.192285
3436.839387,sim,0.676732,0.750648,0.792420,0.770018,0.723559,0.192285
3436.843253,sim,0.676732,0.750648,0.792420,0.770018,0.723559,0.192285
3436.847310,sim,0.676732,0.750648,0.792420,0.770018,0.723559,0.192285
3436.851989,sim,0.676779,0.753590,0.792901,0.770377,0.723896,0.192288
3436.855267,sim,0.676779,0.753590,0.792901,0.770377,0.723896,0.192288
3436.859367,sim,0.676779,0.753590,0.792901,0.770377,0.723896,0.192288
3436.863302,sim,0.676779,0.753590,0.792901,0.770377,0.723896,0.192288
3436.867493,sim,0.676779,0.753590,0.792901,0.770377,0.723896,0.192288
3436.871334,sim,0.676820,0.756140,0.793318,0.770689,0.724189,0.192290
3436.875419,sim,0.676820,0.756140,0.793318,0.770689,0.724189,0.192290
3436.879550,sim,0.676820,0.756140,0.793318,0.770689,0.724189,0.192290
3436.883350,sim,0.676820,0.756140,0.793318,0.770689,0.724189,0.192290
3436.887343,sim,0.676820,0.756140,0.793318,0.770689,0.724189,0.192290
3436.891463,sim,0.676820,0.756140,0.793318,0.770689,0.724189,0.192290
3436.895497,sim,0.676855,0.758350,0.793679,0.770959,0.724443,0.192293
3436.899448,sim,0.676891,0.760560,0.794040,0.771229,0.724697,0.192295
3436.903341,sim,0.676891,0.760560,0.794040,0.771229,0.724697,0.192295
3436.907432,sim,0.676917,0.762181,0.794305,0.771427,0.724883,0.192297
3436.911376,sim,0.676943,0.763802,0.794570,0.771626,0.725069,0.192298
3436.915345,sim,0.676969,0.765422,0.794835,0.771824,0.725255,0.192300
3436.919572,sim,0.676995,0.767043,0.795099,0.772022,0.725441,0.192302
3436.923572,sim,0.677021,0.768664,0.795364,0.772220,0.725627,0.192303
3436.927453,sim,0.677047,0.770284,0.795629,0.772418,0.725814,0.192305
3436.931451,sim,0.677073,0.771905,0.795894,0.772616,0.726000,0.192307
3436.935479,sim,0.677086,0.772715,0.796026,0.772715,0.726093,0.192308
3436.939565,sim,0.677086,0.772715,0.796026,0.772715,0.726093,0.192308
3436.943438,sim,0.677086,0.772715,0.796026,0.772715,0.726093,0.192308
3436.947442,sim,0.677086,0.772715,0.796026,0.772715,0.726093,0.192308
3436.951568,sim,0.677086,0.772715,0.796026,0.772715,0.726093,0.192308
3436.955493,sim,0.677086,0.772715,0.796026,0.772715,0.726093,0.192308
3436.959683,sim,0.677086,0.772715,0.796026,0.772715,0.726093,0.192308
3436.963529,sim,0.677086,0.772715,0.796026,0.772715,0.726093,0.192308
3436.967456,sim,0.677086,0.772715,0.796026,0.772715,0.726093,0.192308
3436.971430,sim,0.677086,0.772715,0.796026,0.772715,0.726093,0.192308
3436.975586,sim,0.677086,0.772715,0.796026,0.772715,0.726093,0.192308
3436.979593,sim,0.677086,0.772715,0.796026,0.772715,0.726093,0.192308
3436.983489,sim,0.677086,0.772715,0.796026,0.772715,0.726093,0.192308
3436.987497,sim,0.677086,0.772715,0.796026,0.772715,0.726093,0.192308
3436.991557,sim,0.677086,0.772715,0.796026,0.772715,0.726093,0.192308
3436.995524,sim,0.677086,0.772715,0.796026,0.772715,0.726093,0.192308
3436.999546,sim,0.677086,0.772715,0.796026,0.772715,0.726093,0.192308
3437.003448,sim,0.677086,0.772715,0.796026,0.772715,0.726093,0.192308
3437.007470,sim,0.677086,0.772715,0.796026,0.772715,0.726093,0.192308
3437.011531,sim,0.677086,0.772715,0.796026,0.772715,0.726093,0.192308
3437.015463,sim,0.677086,0.772715,0.796026,0.772715,0.726093,0.192308
3437.019660,sim,0.677086,0.772715,0.796026,0.772715,0.726093,0.192308
3437.023491,sim,0.677086,0.772715,0.796026,0.772715,0.726093,0.192308
3437.027564,sim,0.677086,0.772715,0.796026,0.772715,0.726093,0.192308
3437.031536,sim,0.677086,0.772715,0.796026,0.772715,0.726093,0.192308
3437.035486,sim,0.677086,0.772715,0.796026,0.772715,0.726093,0.192308
3437.039665,sim,0.677086,0.772715,0.796026,0.772715,0.726093,0.192308
3437.043491,sim,0.677086,0.772715,0.796026,0.772715,0.726093,0.192308
3437.047546,sim,0.677086,0.772715,0.796026,0.772715,0.726093,0.192308
3437.051479,sim,0.677086,0.772715,0.796026,0.772715,0.726093,0.192308
3437.055563,sim,0.677086,0.772715,0.796026,0.772715,0.726093,0.192308
3437.059648,sim,0.677086,0.772715,0.796026,0.772715,0.726093,0.192308
3437.063635,sim,0.677086,0.772715,0.796026,0.772715,0.726093,0.192308
3437.067515,sim,0.677086,0.772715,0.796026,0.772715,0.726093,0.192308
3437.071543,sim,0.677086,0.772715,0.796026,0.772715,0.726093,0.192308
3437.075536,sim,0.677086,0.772715,0.796026,0.772715,0.726093,0.192308
3437.079590,sim,0.677086,0.772715,0.796026,0.772715,0.726093,0.192308
3437.083460,sim,0.677086,0.772715,0.796026,0.772715,0.726093,0.192308
3437.087528,sim,0.677086,0.772715,0.796026,0.772715,0.726093,0.192308
3437.091517,sim,0.677086,0.772715,0.796026,0.772715,0.726093,0.192308
3437.095487,sim,0.677086,0.772715,0.796026,0.772715,0.726093,0.192308
3437.099583,sim,0.677086,0.772715,0.796026,0.772715,0.726093,0.192308
3437.103596,sim,0.677086,0.772715,0.796026,0.772715,0.726093,0.192308
3437.107602,sim,0.677086,0.772715,0.796026,0.772715,0.726093,0.192308
3437.111589,sim,0.677086,0.772715,0.796026,0.772715,0.726093,0.192308
3437.115489,sim,0.677086,0.772715,0.796026,0.772715,0.726093,0.192308
3437.119916,sim,0.677086,0.772715,0.796026,0.772715,0.726093,0.192308
3437.123700,sim,0.677086,0.772715,0.796026,0.772715,0.726093,0.192308
3437.127588,sim,0.677086,0.772715,0.796026,0.772715,0.726093,0.192308
3437.131589,sim,0.677086,0.772715,0.796026,0.772715,0.726093,0.192308
3437.135543,sim,0.677086,0.772715,0.796026,0.772715,0.726093,0.192308
3437.139691,sim,0.677086,0.772715,0.796026,0.772715,0.726093,0.192308
3437.143654,sim,0.677086,0.772715,0.796026,0.772715,0.726093,0.192308
3437.147573,sim,0.677086,0.772715,0.796026,0.772715,0.726093,0.192308
3437.151618,sim,0.677086,0.772715,0.796026,0.772715,0.726093,0.192308
3437.155570,sim,0.677086,0.772715,0.796026,0.772715,0.726093,0.192308
3437.159683,sim,0.677086,0.772715,0.796026,0.772715,0.726093,0.192308
3437.163576,sim,0.677086,0.772715,0.796026,0.772715,0.726093,0.192308
3437.167714,sim,0.677086,0.772715,0.796026,0.772715,0.726093,0.192308
3437.171699,sim,0.677086,0.772715,0.796026,0.772715,0.726093,0.192308
3437.175633,sim,0.677086,0.772715,0.796026,0.772715,0.726093,0.192308
3437.179623,sim,0.677086,0.772715,0.796026,0.772715,0.726093,0.192308
3437.183575,sim,0.677086,0.772715,0.796026,0.772715,0.726093,0.192308
3437.187628,sim,0.677086,0.772715,0.796026,0.772715,0.726093,0.192308
3437.191568,sim,0.677086,0.772715,0.796026,0.772715,0.726093,0.192308
3437.195559,sim,0.677086,0.772715,0.796026,0.772715,0.726093,0.192308
3437.199755,sim,0.677086,0.772715,0.796026,0.772715,0.726093,0.192308
3437.203675,sim,0.677086,0.772715,0.796026,0.772715,0.726093,0.192308
3437.207605,sim,0.677086,0.772715,0.796026,0.772715,0.726093,0.192308
3437.211616,sim,0.677086,0.772715,0.796026,0.772715,0.726093,0.192308
3437.215716,sim,0.677086,0.772715,0.796026,0.772715,0.726093,0.192308
3437.219971,sim,0.677086,0.772715,0.796026,0.772715,0.726093,0.192308
3437.223612,sim,0.677086,0.772715,0.796026,0.772715,0.726093,0.192308
3437.227632,sim,0.677086,0.772715,0.796026,0.772715,0.726093,0.192308
3437.231661,sim,0.677086,0.772715,0.796026,0.772715,0.726093,0.192308
3437.235677,sim,0.677086,0.772715,0.796026,0.772715,0.726093,0.192308
3437.239711,sim,0.677086,0.772715,0.796026,0.772715,0.726093,0.192308
3437.243647,sim,0.677086,0.772715,0.796026,0.772715,0.726093,0.192308
3437.247887,sim,0.677086,0.772715,0.796026,0.772715,0.726093,0.192308
3437.251797,sim,0.677086,0.772715,0.796026,0.772715,0.726093,0.192308
3437.255655,sim,0.677086,0.772715,0.796026,0.772715,0.726093,0.192308
3437.259740,sim,0.677086,0.772715,0.796026,0.772715,0.726093,0.192308
3437.263666,sim,0.677086,0.772715,0.796026,0.772715,0.726093,0.192308
3437.267645,sim,0.677086,0.772715,0.796026,0.772715,0.726093,0.192308
3437.271640,sim,0.677086,0.772715,0.796026,0.772715,0.726093,0.192308
3437.275723,sim,0.677086,0.772715,0.796026,0.772715,0.726093,0.192308
3437.279766,sim,0.677086,0.772715,0.796026,0.772715,0.726093,0.192308
3437.283640,sim,0.677086,0.772715,0.796026,0.772715,0.726093,0.192308
3437.287635,sim,0.677086,0.772715,0.796026,0.772715,0.726093,0.192308
3437.291732,sim,0.677086,0.772715,0.796026,0.772715,0.726093,0.192308
3437.295723,sim,0.677086,0.772715,0.796026,0.772715,0.726093,0.192308
3437.299858,sim,0.677086,0.772715,0.796026,0.772715,0.726093,0.192308
3437.303660,sim,0.677086,0.772715,0.796026,0.772715,0.726093,0.192308
3437.307767,sim,0.677086,0.772715,0.796026,0.772715,0.726093,0.192308
3437.311666,sim,0.677086,0.772715,0.796026,0.772715,0.726093,0.192308
3437.315690,sim,0.677086,0.772715,0.796026,0.772715,0.726093,0.192308
3437.319893,sim,0.677086,0.772715,0.796026,0.772715,0.726093,0.192308
3437.323629,sim,0.677086,0.772715,0.796026,0.772715,0.726093,0.192308
3437.327781,sim,0.677086,0.772715,0.796026,0.772715,0.726093,0.192308
3437.331788,sim,0.677086,0.772715,0.796026,0.772715,0.726093,0.192308
3437.335690,sim,0.677086,0.772715,0.796026,0.772715,0.726093,0.192308
3437.339748,sim,0.677086,0.772715,0.796026,0.772715,0.726093,0.192308
3437.343812,sim,0.677086,0.772715,0.796026,0.772715,0.726093,0.192308
3437.347738,sim,0.677086,0.772715,0.796026,0.772715,0.726093,0.192308
3437.351749,sim,0.677086,0.772715,0.796026,0.772715,0.726093,0.192308
3437.355690,sim,0.677086,0.772715,0.796026,0.772715,0.726093,0.192308
3437.359950,sim,0.677086,0.772715,0.796026,0.772715,0.726093,0.192308
3437.363720,sim,0.677086,0.772715,0.796026,0.772715,0.726093,0.192308
3437.367807,sim,0.677086,0.772715,0.796026,0.772715,0.726093,0.192308
3437.371708,sim,0.677086,0.772715,0.796026,0.772715,0.726093,0.192308
3437.375789,sim,0.677086,0.772715,0.796026,0.772715,0.726093,0.192308
3437.379862,sim,0.677086,0.772715,0.796026,0.772715,0.726093,0.192308
3437.383703,sim,0.677086,0.772715,0.796026,0.772715,0.726093,0.192308
3437.387729,sim,0.677086,0.772715,0.796026,0.772715,0.726093,0.192308
3437.391767,sim,0.677086,0.772715,0.796026,0.772715,0.726093,0.192308
3437.395766,sim,0.677086,0.772715,0.796026,0.772715,0.726093,0.192308
3437.399865,sim,0.677086,0.772715,0.796026,0.772715,0.726093,0.192308
3437.403719,sim,0.677086,0.772715,0.796026,0.772715,0.726093,0.192308
3437.407922,sim,0.677086,0.772715,0.796026,0.772715,0.726093,0.192308
3437.411766,sim,0.677086,0.772715,0.796026,0.772715,0.726093,0.192308
3437.415687,sim,0.677086,0.772715,0.796026,0.772715,0.726093,0.192308
3437.419972,sim,0.677086,0.772715,0.796026,0.772715,0.726093,0.192308
3437.423867,sim,0.677086,0.772715,0.796026,0.772715,0.726093,0.192308
3437.427759,sim,0.677086,0.772715,0.796026,0.772715,0.726093,0.192308
3437.431794,sim,0.677086,0.772715,0.796026,0.772715,0.726093,0.192308
3437.435718,sim,0.677086,0.772715,0.796026,0.772715,0.726093,0.192308
3437.439925,sim,0.677086,0.772715,0.796026,0.772715,0.726093,0.192308
3437.443823,sim,0.677086,0.772715,0.796026,0.772715,0.726093,0.192308
3437.447748,sim,0.677086,0.772715,0.796026,0.772715,0.726093,0.192308
3437.451815,sim,0.677086,0.772715,0.796026,0.772715,0.726093,0.192308
3437.455783,sim,0.677086,0.772715,0.796026,0.772715,0.726093,0.192308
3437.459877,sim,0.677086,0.772715,0.796026,0.772715,0.726093,0.192308
3437.463870,sim,0.677086,0.772715,0.796026,0.772715,0.726093,0.192308
3437.467771,sim,0.677086,0.772715,0.796026,0.772715,0.726093,0.192308
3437.471826,sim,0.677086,0.772715,0.796026,0.772715,0.726093,0.192308
3437.475793,sim,0.677086,0.772715,0.796026,0.772715,0.726093,0.192308
3437.479900,sim,0.677086,0.772715,0.796026,0.772715,0.726093,0.192308
3437.483784,sim,0.677086,0.772715,0.796026,0.772715,0.726093,0.192308
3437.487865,sim,0.677086,0.772715,0.796026,0.772715,0.726093,0.192308
3437.491997,sim,0.677086,0.772715,0.796026,0.772715,0.726093,0.192308
3437.495994,sim,0.677086,0.772715,0.796026,0.772715,0.726093,0.192308
3437.499884,sim,0.677086,0.772715,0.796026,0.772715,0.726093,0.192308
3437.503795,sim,0.677086,0.772715,0.796026,0.772715,0.726093,0.192308
3437.507784,sim,0.677086,0.772715,0.796026,0.772715,0.726093,0.192308
3437.511798,sim,0.677086,0.772715,0.796026,0.772715,0.726093,0.192308
3437.515727,sim,0.677086,0.772715,0.796026,0.772715,0.726093,0.192308
3437.520198,sim,0.677086,0.772715,0.796026,0.772715,0.726093,0.192308
3437.523872,sim,0.677086,0.772715,0.796026,0.772715,0.726093,0.192308
3437.527790,sim,0.677086,0.772715,0.796026,0.772715,0.726093,0.192308
3437.531741,sim,0.677086,0.772715,0.796026,0.772715,0.726093,0.192308
3437.535817,sim,0.677086,0.772715,0.796026,0.772715,0.726093,0.192308
3437.539914,sim,0.677086,0.772715,0.796026,0.772715,0.726093,0.192308
3437.543817,sim,0.677086,0.772715,0.796026,0.772715,0.726093,0.192308
3437.547849,sim,0.677086,0.772715,0.796026,0.772715,0.726093,0.192308
3437.551853,sim,0.677086,0.772715,0.796026,0.772715,0.726093,0.192308
3437.555843,sim,0.677086,0.772715,0.796026,0.772715,0.726093,0.192308
3437.559924,sim,0.677086,0.772715,0.796026,0.772715,0.726093,0.192308
3437.563861,sim,0.677086,0.772715,0.796026,0.772715,0.726093,0.192308
3437.567770,sim,0.677086,0.772715,0.796026,0.772715,0.726093,0.192308
3437.571880,sim,0.677086,0.772715,0.796026,0.772715,0.726093,0.192308
3437.575773,sim,0.677086,0.772715,0.796026,0.772715,0.726093,0.192308
3437.579909,sim,0.677086,0.772715,0.796026,0.772715,0.726093,0.192308
3437.583845,sim,0.677086,0.772715,0.796026,0.772715,0.726093,0.192308
3437.587879,sim,0.677086,0.772715,0.796026,0.772715,0.726093,0.192308
3437.591866,sim,0.677086,0.772715,0.796026,0.772715,0.726093,0.192308
3437.595819,sim,0.677086,0.772715,0.796026,0.772715,0.726093,0.192308
3437.599962,sim,0.677086,0.772715,0.796026,0.772715,0.726093,0.192308
3437.603871,sim,0.677086,0.772715,0.796026,0.772715,0.726093,0.192308
3437.607851,sim,0.677086,0.772715,0.796026,0.772715,0.726093,0.192308
3437.611831,sim,0.677086,0.772715,0.796026,0.772715,0.726093,0.192308
3437.615868,sim,0.677086,0.772715,0.796026,0.772715,0.726093,0.192308
3437.620094,sim,0.677086,0.772715,0.796026,0.772715,0.726093,0.192308
3437.623827,sim,0.677086,0.772715,0.796026,0.772715,0.726093,0.192308
3437.627824,sim,0.677086,0.772715,0.796026,0.772715,0.726093,0.192308
3437.631917,sim,0.677086,0.772715,0.796026,0.772715,0.726093,0.192308
3437.635839,sim,0.677086,0.772715,0.796026,0.772715,0.726093,0.192308
3437.639886,sim,0.677086,0.772715,0.796026,0.772715,0.726093,0.192308
3437.643823,sim,0.677086,0.772715,0.796026,0.772715,0.726093,0.192308
3437.647833,sim,0.677086,0.772715,0.796026,0.772715,0.726093,0.192308
3437.651907,sim,0.677086,0.772715,0.796026,0.772715,0.726093,0.192308
3437.655868,sim,0.677086,0.772715,0.796026,0.772715,0.726093,0.192308
3437.659997,sim,0.677086,0.772715,0.796026,0.772715,0.726093,0.192308
3437.663882,sim,0.677086,0.772715,0.796026,0.772715,0.726093,0.192308
3437.667834,sim,0.677086,0.772715,0.796026,0.772715,0.726093,0.192308
3437.671836,sim,0.677086,0.772715,0.796026,0.772715,0.726093,0.192308
3437.675900,sim,0.677086,0.772715,0.796026,0.772715,0.726093,0.192308
3437.679926,sim,0.677086,0.772715,0.796026,0.772715,0.726093,0.192308
3437.683842,sim,0.677086,0.772715,0.796026,0.772715,0.726093,0.192308
3437.687872,sim,0.677086,0.772715,0.796026,0.772715,0.726093,0.192308
3437.691830,sim,0.677086,0.772715,0.796026,0.772715,0.726093,0.192308
3437.695942,sim,0.677086,0.772715,0.796026,0.772715,0.726093,0.192308
3437.699973,sim,0.677086,0.772715,0.796026,0.772715,0.726093,0.192308
3437.703885,sim,0.677086,0.772715,0.796026,0.772715,0.726093,0.192308
3437.707947,sim,0.677086,0.772715,0.796026,0.772715,0.726093,0.192308
3437.711886,sim,0.677086,0.772715,0.796026,0.772715,0.726093,0.192308
3437.715837,sim,0.677086,0.772715,0.796026,0.772715,0.726093,0.192308
3437.719990,sim,0.677086,0.772715,0.796026,0.772715,0.726093,0.192308
3437.724345,sim,0.677086,0.772715,0.796026,0.772715,0.726093,0.192308
3437.727897,sim,0.677086,0.772715,0.796026,0.772715,0.726093,0.192308
3437.731917,sim,0.677086,0.772715,0.796026,0.772715,0.726093,0.192308
3437.735918,sim,0.677086,0.772715,0.796026,0.772715,0.726093,0.192308
3437.739952,sim,0.677086,0.772715,0.796026,0.772715,0.726093,0.192308
3437.743879,sim,0.677086,0.772715,0.796026,0.772715,0.726093,0.192308
3437.747888,sim,0.677086,0.772715,0.796026,0.772715,0.726093,0.192308
3437.751903,sim,0.677086,0.772715,0.796026,0.772715,0.726093,0.192308
3437.755881,sim,0.677086,0.772715,0.796026,0.772715,0.726093,0.192308
3437.760119,sim,0.677086,0.772715,0.796026,0.772715,0.726093,0.192308
3437.764024,sim,0.677086,0.772715,0.796026,0.772715,0.726093,0.192308
3437.767921,sim,0.677086,0.772715,0.796026,0.772715,0.726093,0.192308
3437.771854,sim,0.677086,0.772715,0.796026,0.772715,0.726093,0.192308
3437.776086,sim,0.677086,0.772715,0.796026,0.772715,0.726093,0.192308
3437.780085,sim,0.677086,0.772715,0.796026,0.772715,0.726093,0.192308
3437.783925,sim,0.677086,0.772715,0.796026,0.772715,0.726093,0.192308
3437.787939,sim,0.677086,0.772715,0.796026,0.772715,0.726093,0.192308
3437.791932,sim,0.677086,0.772715,0.796026,0.772715,0.726093,0.192308
3437.796037,sim,0.677086,0.772715,0.796026,0.772715,0.726093,0.192308
3437.800080,sim,0.674649,0.772715,0.796026,0.772715,0.726093,0.192308
3437.803938,sim,0.674649,0.772715,0.796026,0.772715,0.726093,0.192308
3437.807918,sim,0.674649,0.772715,0.796026,0.772715,0.726093,0.192308
3437.811919,sim,0.674649,0.772715,0.796026,0.772715,0.726093,0.192308
3437.815901,sim,0.674649,0.772715,0.796026,0.772715,0.726093,0.192308
3437.820092,sim,0.674649,0.772715,0.796026,0.772715,0.726093,0.192308
3437.823965,sim,0.664413,0.767276,0.792918,0.767276,0.723762,0.192308
3437.828725,sim,0.664413,0.767276,0.792918,0.767276,0.723762,0.192308
3437.832010,sim,0.664413,0.767276,0.792918,0.767276,0.723762,0.192308
3437.835887,sim,0.664413,0.767276,0.792918,0.767276,0.723762,0.192308
3437.840139,sim,0.664413,0.767276,0.792918,0.767276,0.723762,0.192308
3437.844065,sim,0.648231,0.757900,0.785562,0.758677,0.717079,0.192308
3437.847945,sim,0.648231,0.757900,0.785562,0.758677,0.717079,0.192308
3437.851851,sim,0.648231,0.757900,0.785562,0.758677,0.717079,0.192308
3437.856010,sim,0.648231,0.757900,0.785562,0.758677,0.717079,0.192308
3437.860204,sim,0.628520,0.746665,0.776079,0.748116,0.708956,0.192308
3437.863920,sim,0.628520,0.746665,0.776079,0.748116,0.708956,0.192308
3437.867959,sim,0.628520,0.746665,0.776079,0.748116,0.708956,0.192308
3437.872013,sim,0.628520,0.746665,0.776079,0.748116,0.708956,0.192308
3437.875947,sim,0.628520,0.746665,0.776079,0.748116,0.708956,0.192308
3437.880118,sim,0.628520,0.746665,0.776079,0.748116,0.708956,0.192308
3437.884425,sim,0.603313,0.730713,0.763198,0.735078,0.696477,0.190256
3437.888111,sim,0.603313,0.730713,0.763198,0.735078,0.696477,0.190256
3437.892734,sim,0.603313,0.730713,0.763198,0.735078,0.696477,0.190256
3437.896017,sim,0.603313,0.730713,0.763198,0.735078,0.696477,0.190256
3437.900250,sim,0.577406,0.713779,0.749703,0.722224,0.684108,0.183350
3437.904191,sim,0.577406,0.713779,0.749703,0.722224,0.684108,0.183350
3437.908035,sim,0.577406,0.713779,0.749703,0.722224,0.684108,0.183350
3437.911941,sim,0.577406,0.713779,0.749703,0.722224,0.684108,0.183350
3437.915953,sim,0.577406,0.713779,0.749703,0.722224,0.684108,0.183350
3437.920806,sim,0.577406,0.713779,0.749703,0.722224,0.684108,0.183350
3437.924256,sim,0.549266,0.692886,0.736453,0.707199,0.671057,0.168134
3437.928108,sim,0.549266,0.692886,0.736453,0.707199,0.671057,0.168134
3437.932020,sim,0.549266,0.692886,0.736453,0.707199,0.671057,0.168134
3437.936035,sim,0.549266,0.692886,0.736453,0.707199,0.671057,0.168134
3437.940227,sim,0.549266,0.692886,0.736453,0.707199,0.671057,0.168134
3437.944109,sim,0.520816,0.670117,0.723416,0.692623,0.658192,0.147768
3437.947934,sim,0.520816,0.670117,0.723416,0.692623,0.658192,0.147768
3437.952215,sim,0.520816,0.670117,0.723416,0.692623,0.658192,0.147768
3437.956105,sim,0.520816,0.670117,0.723416,0.692623,0.658192,0.147768
3437.960449,sim,0.520816,0.670117,0.723416,0.692623,0.658192,0.147768
3437.964012,sim,0.492098,0.645722,0.709009,0.678437,0.643934,0.128065
3437.968020,sim,0.492098,0.645722,0.709009,0.678437,0.643934,0.128065
3437.972033,sim,0.492098,0.645722,0.709009,0.678437,0.643934,0.128065
3437.976018,sim,0.492098,0.645722,0.709009,0.678437,0.643934,0.128065
3437.980234,sim,0.492098,0.645722,0.709009,0.678437,0.643934,0.128065
3437.984344,sim,0.462335,0.619917,0.694192,0.663034,0.629246,0.110990
3437.988174,sim,0.462335,0.619917,0.694192,0.663034,0.629246,0.110990
3437.992115,sim,0.462335,0.619917,0.694192,0.663034,0.629246,0.110990
3437.995943,sim,0.462335,0.619917,0.694192,0.663034,0.629246,0.110990
3438.000347,sim,0.462335,0.619917,0.694192,0.663034,0.629246,0.110990
3438.004060,sim,0.434103,0.592114,0.679797,0.647353,0.614963,0.096191
3438.008121,sim,0.434103,0.592114,0.679797,0.647353,0.614963,0.096191
3438.012009,sim,0.434103,0.592114,0.679797,0.647353,0.614963,0.096191
3438.016090,sim,0.434103,0.592114,0.679797,0.647353,0.614963,0.096191
3438.020459,sim,0.434103,0.592114,0.679797,0.647353,0.614963,0.096191
3438.024102,sim,0.403949,0.563355,0.663435,0.631433,0.598698,0.083366
3438.028031,sim,0.403949,0.563355,0.663435,0.631433,0.598698,0.083366
3438.032020,sim,0.403949,0.563355,0.663435,0.631433,0.598698,0.083366
3438.036014,sim,0.403949,0.563355,0.663435,0.631433,0.598698,0.083366
3438.040193,sim,0.403949,0.563355,0.663435,0.631433,0.598698,0.083366
3438.044345,sim,0.373754,0.533769,0.648478,0.616080,0.583049,0.072250
3438.048206,sim,0.373754,0.533769,0.648478,0.616080,0.583049,0.072250
3438.052160,sim,0.373754,0.533769,0.648478,0.616080,0.583049,0.072250
3438.056069,sim,0.373754,0.533769,0.648478,0.616080,0.583049,0.072250
3438.060080,sim,0.373754,0.533769,0.648478,0.616080,0.583049,0.072250
3438.064050,sim,0.373754,0.533769,0.648478,0.616080,0.583049,0.072250
3438.068052,sim,0.342710,0.501911,0.631630,0.601221,0.566377,0.062617
3438.072221,sim,0.342710,0.501911,0.631630,0.601221,0.566377,0.062617
3438.076323,sim,0.342710,0.501911,0.631630,0.601221,0.566377,0.062617
3438.080457,sim,0.342710,0.501911,0.631630,0.601221,0.566377,0.062617
3438.084133,sim,0.312556,0.471192,0.615475,0.586012,0.551929,0.054268
3438.088097,sim,0.312556,0.471192,0.615475,0.586012,0.551929,0.054268
3438.092038,sim,0.312556,0.471192,0.615475,0.586012,0.551929,0.054268
3438.096116,sim,0.312556,0.471192,0.615475,0.586012,0.551929,0.054268
3438.100309,sim,0.312556,0.471192,0.615475,0.586012,0.551929,0.054268
3438.104144,sim,0.312556,0.471192,0.615475,0.586012,0.551929,0.054268
3438.108151,sim,0.282361,0.439131,0.598365,0.568945,0.535521,0.047032
3438.112162,sim,0.282361,0.439131,0.598365,0.568945,0.535521,0.047032
3438.116030,sim,0.282361,0.439131,0.598365,0.568945,0.535521,0.047032
3438.120226,sim,0.282361,0.439131,0.598365,0.568945,0.535521,0.047032
3438.124308,sim,0.282361,0.439131,0.598365,0.568945,0.535521,0.047032
3438.128258,sim,0.256192,0.407458,0.581206,0.552600,0.518194,0.040761
3438.132207,sim,0.256192,0.407458,0.581206,0.552600,0.518194,0.040761
3438.136189,sim,0.256192,0.407458,0.581206,0.552600,0.518194,0.040761
3438.140679,sim,0.256192,0.407458,0.581206,0.552600,0.518194,0.040761
3438.144230,sim,0.233512,0.376124,0.564780,0.536881,0.503176,0.035327
3438.148246,sim,0.233512,0.376124,0.564780,0.536881,0.503176,0.035327
3438.152236,sim,0.233512,0.376124,0.564780,0.536881,0.503176,0.035327
3438.156180,sim,0.233512,0.376124,0.564780,0.536881,0.503176,0.035327
3438.160191,sim,0.233512,0.376124,0.564780,0.536881,0.503176,0.035327
3438.164189,sim,0.233512,0.376124,0.564780,0.536881,0.503176,0.035327
3438.168201,sim,0.213856,0.342751,0.547436,0.520149,0.486276,0.030616
3438.172230,sim,0.213856,0.342751,0.547436,0.520149,0.486276,0.030616
3438.176170,sim,0.213856,0.342751,0.547436,0.520149,0.486276,0.030616
3438.180246,sim,0.213856,0.342751,0.547436,0.520149,0.486276,0.030616
3438.184063,sim,0.213856,0.342751,0.547436,0.520149,0.486276,0.030616
3438.188139,sim,0.196821,0.313051,0.530074,0.504093,0.470075,0.026534
3438.192146,sim,0.196821,0.313051,0.530074,0.504093,0.470075,0.026534
3438.196089,sim,0.196821,0.313051,0.530074,0.504093,0.470075,0.026534
3438.200161,sim,0.196821,0.313051,0.530074,0.504093,0.470075,0.026534
3438.204145,sim,0.196821,0.313051,0.530074,0.504093,0.470075,0.026534
3438.208472,sim,0.182057,0.287311,0.513472,0.487848,0.452926,0.022996
3438.212234,sim,0.182057,0.287311,0.513472,0.487848,0.452926,0.022996
3438.216181,sim,0.182057,0.287311,0.513472,0.487848,0.452926,0.022996
3438.220316,sim,0.182057,0.287311,0.513472,0.487848,0.452926,0.022996
3438.224561,sim,0.182057,0.287311,0.513472,0.487848,0.452926,0.022996
3438.228387,sim,0.169262,0.265003,0.496753,0.471437,0.436509,0.019930
3438.232200,sim,0.169262,0.265003,0.496753,0.471437,0.436509,0.019930
3438.236129,sim,0.169262,0.265003,0.496753,0.471437,0.436509,0.019930
3438.240350,sim,0.169262,0.265003,0.496753,0.471437,0.436509,0.019930
3438.244179,sim,0.169262,0.265003,0.496753,0.471437,0.436509,0.019930
3438.248129,sim,0.158173,0.245669,0.479932,0.455661,0.419950,0.017273
3438.252113,sim,0.158173,0.245669,0.479932,0.455661,0.419950,0.017273
3438.256117,sim,0.158173,0.245669,0.479932,0.455661,0.419950,0.017273
3438.260402,sim,0.158173,0.245669,0.479932,0.455661,0.419950,0.017273
3438.264298,sim,0.158173,0.245669,0.479932,0.455661,0.419950,0.017273
3438.268184,sim,0.148562,0.228913,0.463800,0.438879,0.404045,0.014970
3438.272242,sim,0.148562,0.228913,0.463800,0.438879,0.404045,0.014970
3438.276128,sim,0.148562,0.228913,0.463800,0.438879,0.404045,0.014970
3438.280280,sim,0.148562,0.228913,0.463800,0.438879,0.404045,0.014970
3438.284084,sim,0.148562,0.228913,0.463800,0.438879,0.404045,0.014970
3438.288148,sim,0.140233,0.214391,0.446711,0.422782,0.387153,0.012974
3438.292236,sim,0.140233,0.214391,0.446711,0.422782,0.387153,0.012974
3438.296160,sim,0.140233,0.214391,0.446711,0.422782,0.387153,0.012974
3438.300150,sim,0.140233,0.214391,0.446711,0.422782,0.387153,0.012974
3438.304185,sim,0.140233,0.214391,0.446711,0.422782,0.387153,0.012974
3438.308145,sim,0.133014,0.201806,0.429569,0.407276,0.370958,0.011244
3438.312355,sim,0.133014,0.201806,0.429569,0.407276,0.370958,0.011244
3438.316121,sim,0.133014,0.201806,0.429569,0.407276,0.370958,0.011244
3438.320453,sim,0.133014,0.201806,0.429569,0.407276,0.370958,0.011244
3438.324426,sim,0.133014,0.201806,0.429569,0.407276,0.370958,0.011244
3438.328432,sim,0.126758,0.190898,0.413158,0.390730,0.353815,0.009745
3438.332151,sim,0.126758,0.190898,0.413158,0.390730,0.353815,0.009745
3438.336281,sim,0.126758,0.190898,0.413158,0.390730,0.353815,0.009745
3438.340299,sim,0.126758,0.190898,0.413158,0.390730,0.353815,0.009745
3438.344308,sim,0.126758,0.190898,0.413158,0.390730,0.353815,0.009745
3438.348126,sim,0.121336,0.181445,0.395051,0.374836,0.337404,0.008445
3438.352524,sim,0.121336,0.181445,0.395051,0.374836,0.337404,0.008445
3438.356195,sim,0.121336,0.181445,0.395051,0.374836,0.337404,0.008445
3438.360431,sim,0.121336,0.181445,0.395051,0.374836,0.337404,0.008445
3438.364224,sim,0.121336,0.181445,0.395051,0.374836,0.337404,0.008445
3438.368377,sim,0.116637,0.173253,0.377803,0.357952,0.321626,0.007319
3438.372316,sim,0.116637,0.173253,0.377803,0.357952,0.321626,0.007319
3438.376327,sim,0.116637,0.173253,0.377803,0.357952,0.321626,0.007319
3438.380428,sim,0.116637,0.173253,0.377803,0.357952,0.321626,0.007319
3438.384593,sim,0.116637,0.173253,0.377803,0.357952,0.321626,0.007319
3438.388274,sim,0.112564,0.166152,0.360524,0.340989,0.304844,0.006343
3438.392334,sim,0.112564,0.166152,0.360524,0.340989,0.304844,0.006343
3438.396154,sim,0.112564,0.166152,0.360524,0.340989,0.304844,0.006343
3438.400374,sim,0.112564,0.166152,0.360524,0.340989,0.304844,0.006343
3438.404218,sim,0.112564,0.166152,0.360524,0.340989,0.304844,0.006343
3438.408208,sim,0.108222,0.159999,0.343218,0.324734,0.288746,0.005498
3438.412181,sim,0.108222,0.159999,0.343218,0.324734,0.288746,0.005498
3438.416532,sim,0.108222,0.159999,0.343218,0.324734,0.288746,0.005498
3438.420439,sim,0.108222,0.159999,0.343218,0.324734,0.288746,0.005498
3438.424235,sim,0.108222,0.159999,0.343218,0.324734,0.288746,0.005498
3438.428194,sim,0.104459,0.154665,0.326666,0.308314,0.272463,0.004765
3438.432255,sim,0.104459,0.154665,0.326666,0.308314,0.272463,0.004765
3438.436216,sim,0.104459,0.154665,0.326666,0.308314,0.272463,0.004765
3438.440318,sim,0.104459,0.154665,0.326666,0.308314,0.272463,0.004765
3438.444219,sim,0.104459,0.154665,0.326666,0.308314,0.272463,0.004765
3438.448248,sim,0.101198,0.150043,0.309989,0.291753,0.256020,0.004129
3438.452229,sim,0.101198,0.150043,0.309989,0.291753,0.256020,0.004129
3438.456137,sim,0.101198,0.150043,0.309989,0.291753,0.256020,0.004129
3438.460276,sim,0.101198,0.150043,0.309989,0.291753,0.256020,0.004129
3438.464234,sim,0.101198,0.150043,0.309989,0.291753,0.256020,0.004129
3438.468326,sim,0.098372,0.146038,0.292427,0.275846,0.240215,0.003579
3438.472211,sim,0.098372,0.146038,0.292427,0.275846,0.240215,0.003579
3438.476258,sim,0.098372,0.146038,0.292427,0.275846,0.240215,0.003579
3438.480354,sim,0.098372,0.146038,0.292427,0.275846,0.240215,0.003579
3438.484202,sim,0.098372,0.146038,0.292427,0.275846,0.240215,0.003579
3438.488209,sim,0.098372,0.146038,0.292427,0.275846,0.240215,0.003579
3438.492252,sim,0.095922,0.142566,0.275653,0.258952,0.225740,0.003102
3438.496284,sim,0.095922,0.142566,0.275653,0.258952,0.225740,0.003102
3438.500332,sim,0.095922,0.142566,0.275653,0.258952,0.225740,0.003102
3438.504216,sim,0.095922,0.142566,0.275653,0.258952,0.225740,0.003102
3438.508396,sim,0.095922,0.142566,0.275653,0.258952,0.225740,0.003102
3438.512300,sim,0.093799,0.139557,0.259562,0.242756,0.213196,0.002688
3438.516321,sim,0.093799,0.139557,0.259562,0.242756,0.213196,0.002688
3438.520285,sim,0.093799,0.139557,0.259562,0.242756,0.213196,0.002688
3438.524404,sim,0.093799,0.139557,0.259562,0.242756,0.213196,0.002688
3438.528318,sim,0.093799,0.139557,0.259562,0.242756,0.213196,0.002688
3438.532274,sim,0.091959,0.136950,0.241731,0.227166,0.202324,0.002330
3438.536240,sim,0.091959,0.136950,0.241731,0.227166,0.202324,0.002330
3438.540245,sim,0.091959,0.136950,0.241731,0.227166,0.202324,0.002330
3438.544351,sim,0.091959,0.136950,0.241731,0.227166,0.202324,0.002330
3438.548269,sim,0.091959,0.136950,0.241731,0.227166,0.202324,0.002330
3438.552311,sim,0.090365,0.134690,0.226277,0.213654,0.192901,0.002019
3438.556277,sim,0.090365,0.134690,0.226277,0.213654,0.192901,0.002019
3438.560427,sim,0.090365,0.134690,0.226277,0.213654,0.192901,0.002019
3438.564228,sim,0.090365,0.134690,0.226277,0.213654,0.192901,0.002019
3438.568326,sim,0.090365,0.134690,0.226277,0.213654,0.192901,0.002019
3438.572266,sim,0.088983,0.132731,0.212884,0.201944,0.184735,0.001750
3438.576336,sim,0.088983,0.132731,0.212884,0.201944,0.184735,0.001750
3438.580401,sim,0.088983,0.132731,0.212884,0.201944,0.184735,0.001750
3438.584212,sim,0.088983,0.132731,0.212884,0.201944,0.184735,0.001750
3438.588311,sim,0.088983,0.132731,0.212884,0.201944,0.184735,0.001750
3438.592446,sim,0.087785,0.131034,0.201276,0.191795,0.177658,0.001517
3438.596379,sim,0.087785,0.131034,0.201276,0.191795,0.177658,0.001517
3438.600405,sim,0.087785,0.131034,0.201276,0.191795,0.177658,0.001517
3438.604195,sim,0.087785,0.131034,0.201276,0.191795,0.177658,0.001517
3438.608737,sim,0.087785,0.131034,0.201276,0.191795,0.177658,0.001517
3438.612430,sim,0.086747,0.129562,0.191216,0.182999,0.171524,0.001314
3438.616435,sim,0.086747,0.129562,0.191216,0.182999,0.171524,0.001314
3438.620832,sim,0.086747,0.129562,0.191216,0.182999,0.171524,0.001314
3438.624373,sim,0.086747,0.129562,0.191216,0.182999,0.171524,0.001314
3438.628361,sim,0.086747,0.129562,0.191216,0.182999,0.171524,0.001314
3438.632291,sim,0.085847,0.128287,0.182498,0.175377,0.166208,0.001139
3438.636221,sim,0.085847,0.128287,0.182498,0.175377,0.166208,0.001139
3438.640439,sim,0.085847,0.128287,0.182498,0.175377,0.166208,0.001139
3438.644283,sim,0.085847,0.128287,0.182498,0.175377,0.166208,0.001139
3438.648341,sim,0.085847,0.128287,0.182498,0.175377,0.166208,0.001139
3438.652269,sim,0.085068,0.127182,0.174942,0.168770,0.161601,0.000987
3438.656400,sim,0.085068,0.127182,0.174942,0.168770,0.161601,0.000987
3438.660431,sim,0.085068,0.127182,0.174942,0.168770,0.161601,0.000987
3438.664251,sim,0.085068,0.127182,0.174942,0.168770,0.161601,0.000987
3438.668349,sim,0.085068,0.127182,0.174942,0.168770,0.161601,0.000987
3438.672328,sim,0.084392,0.126225,0.168393,0.163044,0.157609,0.000856
3438.676362,sim,0.084392,0.126225,0.168393,0.163044,0.157609,0.000856
3438.680359,sim,0.084392,0.126225,0.168393,0.163044,0.157609,0.000856
3438.684453,sim,0.084392,0.126225,0.168393,0.163044,0.157609,0.000856
3438.688393,sim,0.084392,0.126225,0.168393,0.163044,0.157609,0.000856
3438.692345,sim,0.083806,0.125395,0.162718,0.158082,0.154148,0.000741
3438.696316,sim,0.083806,0.125395,0.162718,0.158082,0.154148,0.000741
3438.700381,sim,0.083806,0.125395,0.162718,0.158082,0.154148,0.000741
3438.704296,sim,0.083806,0.125395,0.162718,0.158082,0.154148,0.000741
3438.708557,sim,0.083806,0.125395,0.162718,0.158082,0.154148,0.000741
3438.712474,sim,0.083299,0.124675,0.157799,0.153782,0.151149,0.000643
3438.716395,sim,0.083299,0.124675,0.157799,0.153782,0.151149,0.000643
3438.720603,sim,0.083299,0.124675,0.157799,0.153782,0.151149,0.000643
3438.724334,sim,0.083299,0.124675,0.157799,0.153782,0.151149,0.000643
3438.728391,sim,0.083299,0.124675,0.157799,0.153782,0.151149,0.000643
3438.732607,sim,0.082859,0.124052,0.153536,0.150054,0.148550,0.000557
3438.736737,sim,0.082859,0.124052,0.153536,0.150054,0.148550,0.000557
3438.740594,sim,0.082478,0.123512,0.149842,0.146824,0.146297,0.000483
3438.744590,sim,0.082097,0.122972,0.146147,0.143594,0.144045,0.000408
3438.748704,sim,0.081715,0.122431,0.142453,0.140364,0.141792,0.000334
3438.752414,sim,0.081334,0.121891,0.138759,0.137134,0.139540,0.000260
3438.756564,sim,0.080953,0.121351,0.135064,0.133903,0.137287,0.000186
3438.760622,sim,0.080572,0.120810,0.131370,0.130673,0.135035,0.000111
3438.764374,sim,0.080191,0.120270,0.127675,0.127443,0.132782,0.000037
3438.768369,sim,0.080000,0.120000,0.125828,0.125828,0.131656,-0.000002
3438.772337,sim,0.080000,0.120000,0.125828,0.125828,0.131655,0.000003
3438.776390,sim,0.080000,0.120000,0.125828,0.125828,0.131656,-0.000002
3438.780343,sim,0.080000,0.120000,0.125828,0.125828,0.131655,0.000003
3438.784363,sim,0.080000,0.120000,0.125828,0.125828,0.131656,-0.000003
3438.788294,sim,0.080000,0.120000,0.125828,0.125828,0.131655,0.000004
3438.792322,sim,0.080000,0.120000,0.125828,0.125828,0.131656,-0.000003
3438.796352,sim,0.080000,0.120000,0.125828,0.125828,0.131655,0.000004
3438.800527,sim,0.080000,0.120000,0.125828,0.125828,0.131656,-0.000003
3438.804384,sim,0.080000,0.120000,0.125828,0.125828,0.131655,0.000004
3438.808370,sim,0.080000,0.120000,0.125828,0.125828,0.131656,-0.000003
3438.812357,sim,0.080000,0.120000,0.125828,0.125828,0.131655,0.000004
3438.816362,sim,0.080000,0.120000,0.125828,0.125828,0.131656,-0.000003
3438.820546,sim,0.080000,0.120000,0.125828,0.125828,0.131655,0.000004
3438.824483,sim,0.080000,0.120000,0.125828,0.125828,0.131656,-0.000003
3438.828430,sim,0.080000,0.120000,0.125828,0.125828,0.131655,0.000004
3438.832404,sim,0.080000,0.120000,0.125828,0.125828,0.131656,-0.000003
3438.836365,sim,0.080000,0.120000,0.125828,0.125828,0.131655,0.000004
3438.840461,sim,0.080000,0.120000,0.125828,0.125828,0.131656,-0.000003
3438.844328,sim,0.080000,0.120000,0.125828,0.125828,0.131655,0.000004
3438.848263,sim,0.080000,0.120000,0.125828,0.125828,0.131656,-0.000003
3438.852336,sim,0.080000,0.120000,0.125828,0.125828,0.131655,0.000004
3438.856305,sim,0.080000,0.120000,0.125828,0.125828,0.131656,-0.000003
3438.860415,sim,0.080000,0.120000,0.125828,0.125828,0.131655,0.000004
3438.864304,sim,0.080000,0.120000,0.125828,0.125828,0.131656,-0.000003
3438.868562,sim,0.080000,0.120000,0.125828,0.125828,0.131655,0.000004
3438.872373,sim,0.080000,0.120000,0.125828,0.125828,0.131656,-0.000003
3438.876278,sim,0.080000,0.120000,0.125828,0.125828,0.131655,0.000004
3438.880426,sim,0.080000,0.120000,0.125828,0.125828,0.131656,-0.000003
3438.884293,sim,0.080000,0.120000,0.125828,0.125828,0.131655,0.000004
3438.888338,sim,0.080000,0.120000,0.125828,0.125828,0.131656,-0.000003
3438.892287,sim,0.080000,0.120000,0.125828,0.125828,0.131655,0.000004
3438.896272,sim,0.080000,0.120000,0.125828,0.125828,0.131656,-0.000003
3438.900545,sim,0.080000,0.120000,0.125828,0.125828,0.131655,0.000004
3422.629279,real,0.677086,0.778543,0.801854,0.784371,0.726093,0.192308
3422.728716,real,0.677086,0.778543,0.801854,0.784371,0.726093,0.192308
3422.828617,real,0.677086,0.778543,0.801854,0.784371,0.726093,0.192308
3422.928371,real,0.677086,0.778543,0.801854,0.784371,0.726093,0.192308
3423.028393,real,0.677086,0.778543,0.801854,0.784371,0.726093,0.192308
3423.128037,real,0.677086,0.778543,0.801854,0.784371,0.726093,0.192308
3423.227944,real,0.677086,0.778543,0.801854,0.784371,0.726093,0.192308
3423.327810,real,0.677086,0.778543,0.801854,0.784371,0.726093,0.192308
3423.427700,real,0.677086,0.778543,0.801854,0.784371,0.726093,0.192308
3423.527802,real,0.677086,0.778543,0.801854,0.784371,0.726093,0.192308
3423.626915,real,0.677086,0.778543,0.801854,0.784371,0.726093,0.192308
3423.726597,real,0.677086,0.778543,0.801854,0.784371,0.726093,0.192308
3423.826560,real,0.677086,0.778543,0.801854,0.784371,0.726093,0.192308
3423.926702,real,0.677086,0.778543,0.801854,0.784371,0.726093,0.192308
3424.025967,real,0.677086,0.778543,0.801854,0.784371,0.726093,0.192308
3424.125897,real,0.677086,0.778543,0.801854,0.784371,0.726093,0.192308
3424.225642,real,0.677086,0.778543,0.801854,0.784371,0.726093,0.192308
3424.325616,real,0.677086,0.778543,0.801854,0.784371,0.726093,0.192308
3424.425215,real,0.677086,0.778543,0.801854,0.784371,0.726093,0.192308
3424.524869,real,0.677086,0.778543,0.801854,0.784371,0.726093,0.192308
3424.624763,real,0.677086,0.778543,0.801854,0.784371,0.726093,0.192308
3424.724752,real,0.677086,0.778543,0.801854,0.784371,0.726093,0.192308
3424.824592,real,0.677086,0.778543,0.801854,0.784371,0.726093,0.192308
3424.925052,real,0.677086,0.778543,0.801854,0.784371,0.726093,0.192308
3425.024768,real,0.677086,0.778543,0.801854,0.784371,0.726093,0.192308
3425.068865,real,0.677086,0.778543,0.801854,0.784371,0.726093,0.192308
3425.073586,real,0.677086,0.778543,0.801854,0.784371,0.726093,0.192308
3425.078187,real,0.677086,0.778543,0.801854,0.784371,0.726093,0.192308
3425.083541,real,0.677086,0.778543,0.801854,0.784371,0.726093,0.192308
3425.088269,real,0.677086,0.778543,0.801854,0.784371,0.726093,0.192308
3425.093365,real,0.664901,0.778543,0.801854,0.784371,0.726093,0.192308
3425.098248,real,0.658808,0.766887,0.801854,0.784371,0.726093,0.192308
3425.103020,real,0.646623,0.761060,0.790199,0.784371,0.726093,0.192308
3425.108345,real,0.634437,0.761060,0.790199,0.784371,0.726093,0.192308
3425.113296,real,0.628344,0.743576,0.790199,0.784371,0.726093,0.192308
3425.118158,real,0.610066,0.737748,0.766887,0.784371,0.714437,0.192308
3425.123501,real,0.603974,0.726093,0.761060,0.784371,0.714437,0.192308
3425.123756,real,0.603974,0.726093,0.761060,0.784371,0.714437,0.192308
3425.128346,real,0.597881,0.720265,0.755232,0.784371,0.714437,0.192308
3425.132949,real,0.585695,0.708609,0.743576,0.784371,0.691126,0.192308
3425.138007,real,0.579603,0.696954,0.737748,0.784371,0.685298,0.192308
3425.143064,real,0.567417,0.691126,0.737748,0.784371,0.679470,0.192308
3425.148333,real,0.561325,0.685298,0.726093,0.784371,0.667815,0.192308
3425.153160,real,0.555232,0.673642,0.720265,0.784371,0.661987,0.192308
3425.157909,real,0.543046,0.667815,0.708609,0.784371,0.650331,0.169231
3425.162843,real,0.543046,0.661987,0.702781,0.784371,0.644503,0.153846
3425.168337,real,0.536954,0.661987,0.696954,0.784371,0.638675,0.138462
3425.173073,real,0.530861,0.650331,0.685298,0.784371,0.627020,0.123077
3425.177826,real,0.530861,0.644503,0.679470,0.784371,0.621192,0.115385
3425.182930,real,0.524768,0.644503,0.667815,0.784371,0.609536,0.100000
3425.187976,real,0.518675,0.632848,0.661987,0.784371,0.603709,0.076923
3425.193025,real,0.518675,0.632848,0.656159,0.784371,0.597881,0.069231
3425.197837,real,0.512583,0.632848,0.650331,0.784371,0.586225,0.061538
3425.203059,real,0.506490,0.621192,0.650331,0.766887,0.580397,0.046154
3425.207859,real,0.506490,0.621192,0.632848,0.766887,0.574570,0.030769
3425.212877,real,0.506490,0.621192,0.627020,0.749404,0.557086,0.015385
3425.217806,real,0.494305,0.603709,0.621192,0.737748,0.557086,0.007692
3425.223149,real,0.482119,0.603709,0.609536,0.731921,0.557086,0.007692
3425.223449,real,0.482119,0.603709,0.609536,0.731921,0.557086,0.007692
3425.227716,real,0.476026,0.592053,0.603709,0.720265,0.539603,0.000000
3425.232862,real,0.476026,0.586225,0.597881,0.714437,0.533775,0.000000
3425.237682,real,0.463841,0.586225,0.586225,0.708609,0.522119,0.000000
3425.242743,real,0.457748,0.574570,0.580397,0.702781,0.510464,0.000000
3425.248029,real,0.457748,0.574570,0.574570,0.702781,0.498808,0.000000
3425.252866,real,0.445563,0.574570,0.574570,0.691126,0.492980,0.000000
3425.257650,real,0.445563,0.562914,0.562914,0.679470,0.487152,0.000000
3425.262853,real,0.445563,0.562914,0.551258,0.679470,0.475497,0.000000
3425.267913,real,0.445563,0.562914,0.545430,0.661987,0.469669,0.000000
3425.272857,real,0.433377,0.551258,0.533775,0.656159,0.463841,0.000000
3425.277737,real,0.433377,0.545430,0.527947,0.650331,0.452185,0.000000
3425.282722,real,0.433377,0.545430,0.522119,0.638675,0.446358,0.000000
3425.287884,real,0.415099,0.533775,0.510464,0.638675,0.434702,0.000000
3425.292879,real,0.415099,0.533775,0.504636,0.627020,0.428874,0.007692
3425.297558,real,0.396821,0.533775,0.504636,0.621192,0.423046,0.007692
3425.302808,real,0.396821,0.522119,0.492980,0.621192,0.411391,0.007692
3425.307527,real,0.396821,0.516291,0.492980,0.603709,0.405563,0.007692
3425.312760,real,0.378543,0.516291,0.475497,0.597881,0.393907,0.007692
3425.317787,real,0.378543,0.504636,0.475497,0.592053,0.388079,0.007692
3425.323109,real,0.372450,0.504636,0.463841,0.580397,0.382252,0.007692
3425.323311,real,0.372450,0.504636,0.458013,0.580397,0.376424,0.007692
3425.327551,real,0.366358,0.504636,0.452185,0.580397,0.370596,0.007692
3425.332533,real,0.366358,0.492980,0.446358,0.568742,0.364768,0.007692
3425.337400,real,0.360265,0.492980,0.440530,0.562914,0.358940,0.007692
3425.342449,real,0.354172,0.492980,0.428874,0.557086,0.347285,0.007692
3425.347594,real,0.354172,0.475497,0.423046,0.545430,0.335629,0.007692
3425.352471,real,0.354172,0.475497,0.417219,0.539603,0.323974,0.007692
3425.357392,real,0.348079,0.463841,0.417219,0.533775,0.318146,0.007692
3425.362489,real,0.341987,0.458013,0.405563,0.522119,0.312318,0.007692
3425.367423,real,0.341987,0.458013,0.393907,0.516291,0.300662,0.007692
3425.372623,real,0.329801,0.446358,0.388079,0.516291,0.294834,0.007692
3425.377434,real,0.317616,0.446358,0.382252,0.504636,0.283179,0.007692
3425.382267,real,0.311523,0.446358,0.376424,0.498808,0.277351,0.007692
3425.387421,real,0.311523,0.434702,0.370596,0.487152,0.271523,0.007692
3425.392549,real,0.299338,0.434702,0.358940,0.487152,0.259868,0.007692
3425.397407,real,0.293245,0.434702,0.358940,0.475497,0.254040,0.007692
3425.402235,real,0.287152,0.423046,0.347285,0.475497,0.248212,0.007692
3425.407503,real,0.287152,0.423046,0.341457,0.463841,0.236556,0.007692
3425.412542,real,0.281060,0.423046,0.329801,0.452185,0.230728,0.007692
3425.417250,real,0.274967,0.405563,0.318146,0.446358,0.219073,0.007692
3425.423022,real,0.274967,0.405563,0.312318,0.434702,0.213245,0.007692
3425.425099,real,0.274967,0.405563,0.312318,0.434702,0.213245,0.007692
3425.427337,real,0.262781,0.405563,0.306490,0.428874,0.207417,0.007692
3425.432421,real,0.262781,0.393907,0.294834,0.423046,0.195762,0.007692
3425.437188,real,0.262781,0.393907,0.289007,0.411391,0.189934,0.007692
3425.442365,real,0.250596,0.393907,0.283179,0.405563,0.178278,0.007692
3425.447452,real,0.250596,0.382252,0.277351,0.405563,0.172450,0.007692
3425.452644,real,0.250596,0.376424,0.265695,0.393907,0.166623,0.007692
3425.457386,real,0.232318,0.376424,0.265695,0.388079,0.154967,0.007692
3425.462284,real,0.232318,0.364768,0.254040,0.376424,0.149139,0.007692
3425.467147,real,0.220132,0.364768,0.248212,0.370596,0.143311,0.007692
3425.472374,real,0.220132,0.364768,0.236556,0.370596,0.131656,0.007692
3425.477209,real,0.220132,0.347285,0.230728,0.358940,0.131656,0.007692
3425.482026,real,0.207947,0.347285,0.219073,0.358940,0.125828,0.007692
3425.487338,real,0.201854,0.335629,0.219073,0.341457,0.120000,0.007692
3425.492360,real,0.201854,0.329801,0.213245,0.335629,0.120000,0.007692
3425.497093,real,0.201854,0.329801,0.201589,0.329801,0.120000,0.007692
3425.502639,real,0.195762,0.318146,0.195762,0.318146,0.120000,0.007692
3425.507178,real,0.189669,0.318146,0.184106,0.312318,0.120000,0.007692
3425.512363,real,0.189669,0.318146,0.178278,0.312318,0.120000,0.007692
3425.517324,real,0.177483,0.306490,0.172450,0.300662,0.120000,0.007692
3425.522411,real,0.177483,0.300662,0.160795,0.294834,0.120000,0.007692
3425.527291,real,0.177483,0.300662,0.154967,0.283179,0.120000,0.007692
3425.532247,real,0.153113,0.294834,0.149139,0.277351,0.120000,0.007692
3425.537122,real,0.153113,0.289007,0.143311,0.277351,0.120000,0.007692
3425.542104,real,0.153113,0.289007,0.143311,0.265695,0.120000,0.007692
3425.547051,real,0.140927,0.283179,0.125828,0.265695,0.120000,0.007692
3425.552487,real,0.140927,0.277351,0.120000,0.248212,0.120000,0.007692
3425.557155,real,0.128742,0.277351,0.120000,0.242384,0.120000,0.007692
3425.561888,real,0.122649,0.265695,0.120000,0.236556,0.120000,0.007692
3425.566996,real,0.122649,0.265695,0.120000,0.224901,0.120000,0.007692
3425.572087,real,0.110464,0.265695,0.120000,0.224901,0.120000,0.007692
3425.577039,real,0.110464,0.254040,0.120000,0.213245,0.120000,0.007692
3425.581858,real,0.110464,0.248212,0.120000,0.213245,0.120000,0.007692
3425.587021,real,0.098278,0.248212,0.120000,0.213245,0.120000,0.007692
3425.591991,real,0.098278,0.236556,0.120000,0.189934,0.120000,0.007692
3425.597008,real,0.098278,0.236556,0.120000,0.184106,0.120000,0.007692
3425.601927,real,0.086093,0.236556,0.120000,0.178278,0.120000,0.007692
3425.606744,real,0.086093,0.219073,0.120000,0.166623,0.120000,0.007692
3425.612181,real,0.086093,0.219073,0.120000,0.160795,0.120000,0.007692
3425.616979,real,0.086093,0.213245,0.120000,0.154967,0.120000,0.007692
3425.622165,real,0.086093,0.207417,0.120000,0.154967,0.120000,0.007692
3425.622515,real,0.086093,0.207417,0.120000,0.154967,0.120000,0.007692
3425.626686,real,0.086093,0.207417,0.120000,0.143311,0.120000,0.007692
3425.631855,real,0.086093,0.195762,0.120000,0.125828,0.120000,0.007692
3425.636854,real,0.086093,0.195762,0.120000,0.125828,0.120000,0.007692
3425.641806,real,0.086093,0.195762,0.120000,0.125828,0.120000,0.007692
3425.646764,real,0.086093,0.184106,0.120000,0.120000,0.120000,0.007692
3425.651845,real,0.086093,0.178278,0.120000,0.120000,0.120000,0.007692
3425.656756,real,0.086093,0.178278,0.120000,0.120000,0.120000,0.007692
3425.661781,real,0.086093,0.166623,0.120000,0.120000,0.120000,0.007692
3425.666841,real,0.086093,0.166623,0.120000,0.120000,0.120000,0.007692
3425.671918,real,0.086093,0.166623,0.120000,0.120000,0.120000,0.007692
3425.676794,real,0.086093,0.154967,0.120000,0.120000,0.120000,0.007692
3425.681795,real,0.086093,0.149139,0.120000,0.120000,0.120000,0.007692
3425.686653,real,0.086093,0.149139,0.120000,0.120000,0.120000,0.007692
3425.691957,real,0.086093,0.137483,0.120000,0.120000,0.120000,0.007692
3425.696778,real,0.086093,0.137483,0.120000,0.120000,0.120000,0.007692
3425.701781,real,0.086093,0.137483,0.120000,0.120000,0.120000,0.007692
3425.706636,real,0.086093,0.125828,0.120000,0.120000,0.120000,0.007692
3425.711611,real,0.086093,0.125828,0.120000,0.120000,0.120000,0.007692
3425.716824,real,0.086093,0.125828,0.120000,0.120000,0.120000,0.007692
3425.721854,real,0.086093,0.125828,0.120000,0.120000,0.120000,0.007692
3425.722242,real,0.086093,0.125828,0.120000,0.120000,0.120000,0.007692
3425.726887,real,0.086093,0.125828,0.120000,0.120000,0.120000,0.007692
3425.731732,real,0.086093,0.125828,0.120000,0.120000,0.120000,0.007692
3425.737117,real,0.086093,0.125828,0.120000,0.120000,0.120000,0.007692
3425.741804,real,0.086093,0.125828,0.120000,0.120000,0.120000,0.007692
3425.746486,real,0.086093,0.125828,0.120000,0.120000,0.120000,0.007692
3425.751618,real,0.086093,0.125828,0.120000,0.120000,0.120000,0.007692
3425.756542,real,0.086093,0.125828,0.120000,0.120000,0.120000,0.007692
3425.761621,real,0.086093,0.125828,0.120000,0.120000,0.120000,0.007692
3425.766476,real,0.086093,0.125828,0.120000,0.120000,0.120000,0.007692
3425.771372,real,0.086093,0.125828,0.120000,0.120000,0.120000,0.007692
3425.776805,real,0.086093,0.125828,0.120000,0.120000,0.120000,0.007692
3425.781416,real,0.086093,0.125828,0.120000,0.120000,0.120000,0.007692
3425.786231,real,0.086093,0.125828,0.120000,0.120000,0.120000,0.007692
3425.791404,real,0.086093,0.125828,0.120000,0.120000,0.120000,0.007692
3425.796768,real,0.086093,0.125828,0.120000,0.120000,0.120000,0.007692
3425.801357,real,0.086093,0.125828,0.120000,0.120000,0.120000,0.007692
3425.806251,real,0.086093,0.125828,0.120000,0.120000,0.120000,0.007692
3425.811458,real,0.086093,0.125828,0.120000,0.120000,0.120000,0.007692
3425.816292,real,0.086093,0.125828,0.120000,0.120000,0.120000,0.007692
3425.822350,real,0.086093,0.125828,0.120000,0.120000,0.120000,0.007692
3425.822646,real,0.086093,0.125828,0.120000,0.120000,0.120000,0.007692
3425.826092,real,0.086093,0.125828,0.120000,0.120000,0.120000,0.007692
3425.831084,real,0.086093,0.125828,0.120000,0.120000,0.120000,0.007692
3425.836013,real,0.086093,0.125828,0.120000,0.120000,0.120000,0.007692
3425.841305,real,0.086093,0.125828,0.120000,0.120000,0.120000,0.007692
3425.846159,real,0.086093,0.125828,0.120000,0.120000,0.120000,0.007692
3425.851132,real,0.086093,0.125828,0.120000,0.120000,0.120000,0.007692
3425.856066,real,0.086093,0.125828,0.120000,0.120000,0.120000,0.007692
3425.861023,real,0.086093,0.125828,0.120000,0.120000,0.120000,0.007692
3425.865731,real,0.086093,0.125828,0.120000,0.120000,0.120000,0.007692
3425.870964,real,0.086093,0.125828,0.120000,0.120000,0.120000,0.007692
3425.876028,real,0.086093,0.125828,0.120000,0.120000,0.120000,0.007692
3425.880945,real,0.086093,0.125828,0.120000,0.120000,0.120000,0.007692
3425.885796,real,0.086093,0.125828,0.120000,0.120000,0.120000,0.007692
3425.890904,real,0.086093,0.125828,0.120000,0.120000,0.120000,0.007692
3425.895914,real,0.086093,0.125828,0.120000,0.120000,0.120000,0.007692
3425.900859,real,0.086093,0.125828,0.120000,0.120000,0.120000,0.007692
3425.905849,real,0.086093,0.125828,0.120000,0.120000,0.120000,0.007692
3425.910856,real,0.086093,0.125828,0.120000,0.120000,0.120000,0.007692
3425.915732,real,0.086093,0.125828,0.120000,0.120000,0.120000,0.007692
3425.921787,real,0.086093,0.125828,0.120000,0.120000,0.120000,0.007692
3426.021716,real,0.086093,0.125828,0.120000,0.120000,0.120000,0.007692
3426.121297,real,0.086093,0.125828,0.120000,0.120000,0.120000,0.007692
3426.175802,real,0.086093,0.125828,0.120000,0.120000,0.120000,0.007692
3426.180720,real,0.086093,0.125828,0.120000,0.120000,0.120000,0.007692
3426.185313,real,0.086093,0.125828,0.120000,0.120000,0.120000,0.007692
3426.190333,real,0.086093,0.125828,0.120000,0.120000,0.120000,0.007692
3426.195518,real,0.086093,0.125828,0.120000,0.120000,0.120000,0.007692
3426.200511,real,0.086093,0.125828,0.120000,0.120000,0.120000,0.023077
3426.205312,real,0.086093,0.125828,0.120000,0.120000,0.120000,0.023077
3426.210311,real,0.086093,0.125828,0.120000,0.120000,0.120000,0.038462
3426.215313,real,0.086093,0.125828,0.120000,0.120000,0.120000,0.053846
3426.221058,real,0.086093,0.125828,0.120000,0.120000,0.125828,0.069231
3426.221237,real,0.086093,0.125828,0.120000,0.120000,0.125828,0.069231
3426.225427,real,0.086093,0.125828,0.120000,0.120000,0.131656,0.092308
3426.230360,real,0.086093,0.125828,0.120000,0.120000,0.131656,0.100000
3426.235257,real,0.086093,0.125828,0.125828,0.120000,0.131656,0.115385
3426.240598,real,0.086093,0.125828,0.131656,0.120000,0.143311,0.130769
3426.245387,real,0.086093,0.125828,0.137483,0.120000,0.149139,0.146154
3426.250224,real,0.086093,0.125828,0.149139,0.120000,0.160795,0.153846
3426.255341,real,0.086093,0.125828,0.149139,0.120000,0.160795,0.169231
3426.260582,real,0.086093,0.125828,0.160795,0.120000,0.172450,0.176923
3426.265334,real,0.086093,0.125828,0.166623,0.120000,0.172450,0.176923
3426.270292,real,0.092185,0.125828,0.166623,0.120000,0.172450,0.184615
3426.275485,real,0.098278,0.125828,0.172450,0.120000,0.189934,0.192308
3426.280580,real,0.098278,0.125828,0.172450,0.120000,0.189934,0.192308
3426.285390,real,0.116556,0.125828,0.172450,0.120000,0.189934,0.192308
3426.290556,real,0.128742,0.125828,0.172450,0.120000,0.195762,0.192308
3426.295598,real,0.134834,0.125828,0.184106,0.120000,0.201589,0.192308
3426.300684,real,0.147020,0.125828,0.189934,0.120000,0.201589,0.192308
3426.305439,real,0.153113,0.125828,0.189934,0.120000,0.213245,0.192308
3426.310322,real,0.165298,0.125828,0.201589,0.120000,0.219073,0.192308
3426.315342,real,0.165298,0.125828,0.207417,0.120000,0.219073,0.192308
3426.322890,real,0.177483,0.125828,0.207417,0.120000,0.224901,0.192308
3426.323256,real,0.177483,0.125828,0.207417,0.120000,0.224901,0.192308
3426.325346,real,0.183576,0.125828,0.213245,0.120000,0.230728,0.192308
3426.330367,real,0.183576,0.125828,0.213245,0.125828,0.230728,0.192308
3426.335367,real,0.183576,0.125828,0.213245,0.125828,0.242384,0.192308
3426.340537,real,0.189669,0.125828,0.230728,0.137483,0.242384,0.192308
3426.345335,real,0.189669,0.125828,0.230728,0.154967,0.242384,0.192308
3426.350210,real,0.189669,0.125828,0.230728,0.160795,0.242384,0.192308
3426.355217,real,0.201854,0.125828,0.242384,0.160795,0.259868,0.192308
3426.360231,real,0.207947,0.125828,0.242384,0.172450,0.259868,0.192308
3426.365396,real,0.207947,0.125828,0.248212,0.172450,0.271523,0.192308
3426.370215,real,0.220132,0.137483,0.254040,0.184106,0.271523,0.192308
3426.375378,real,0.226225,0.137483,0.254040,0.184106,0.271523,0.192308
3426.380663,real,0.226225,0.137483,0.259868,0.184106,0.289007,0.192308
3426.385508,real,0.238411,0.154967,0.265695,0.201589,0.289007,0.192308
3426.390468,real,0.238411,0.160795,0.265695,0.201589,0.289007,0.192308
3426.395088,real,0.238411,0.166623,0.271523,0.201589,0.289007,0.192308
3426.400536,real,0.250596,0.178278,0.277351,0.207417,0.300662,0.192308
3426.405311,real,0.250596,0.178278,0.277351,0.207417,0.306490,0.192308
3426.410138,real,0.250596,0.189934,0.289007,0.219073,0.306490,0.192308
3426.415157,real,0.268874,0.189934,0.289007,0.224901,0.318146,0.192308
3426.420676,real,0.268874,0.189934,0.289007,0.224901,0.318146,0.192308
3426.420959,real,0.268874,0.189934,0.289007,0.224901,0.318146,0.192308
3426.425287,real,0.268874,0.201589,0.300662,0.230728,0.318146,0.192308
3426.430033,real,0.281060,0.207417,0.300662,0.236556,0.335629,0.192308
3426.435480,real,0.281060,0.207417,0.300662,0.236556,0.335629,0.192308
3426.440391,real,0.287152,0.213245,0.312318,0.242384,0.335629,0.192308
3426.445156,real,0.293245,0.219073,0.312318,0.248212,0.347285,0.192308
3426.450173,real,0.293245,0.219073,0.312318,0.248212,0.347285,0.192308
3426.455247,real,0.305430,0.230728,0.329801,0.248212,0.358940,0.192308
3426.460017,real,0.311523,0.230728,0.329801,0.259868,0.364768,0.192308
3426.465285,real,0.317616,0.230728,0.329801,0.259868,0.364768,0.192308
3426.470311,real,0.317616,0.242384,0.341457,0.259868,0.370596,0.192308
3426.475152,real,0.329801,0.248212,0.341457,0.277351,0.376424,0.192308
3426.480081,real,0.329801,0.248212,0.341457,0.277351,0.376424,0.192308
3426.485570,real,0.329801,0.254040,0.353113,0.277351,0.382252,0.192308
3426.490017,real,0.329801,0.259868,0.353113,0.289007,0.388079,0.192308
3426.494901,real,0.341987,0.259868,0.364768,0.289007,0.388079,0.192308
3426.500080,real,0.341987,0.277351,0.364768,0.289007,0.399735,0.192308
3426.505217,real,0.341987,0.277351,0.364768,0.300662,0.399735,0.192308
3426.509932,real,0.360265,0.277351,0.364768,0.300662,0.399735,0.192308
3426.514927,real,0.366358,0.289007,0.376424,0.306490,0.411391,0.192308
3426.520083,real,0.366358,0.289007,0.382252,0.312318,0.411391,0.192308
3426.525131,real,0.378543,0.289007,0.382252,0.312318,0.411391,0.192308
3426.530128,real,0.378543,0.300662,0.388079,0.312318,0.423046,0.192308
3426.534925,real,0.378543,0.300662,0.393907,0.318146,0.428874,0.192308
3426.540128,real,0.378543,0.312318,0.393907,0.323974,0.428874,0.192308
3426.544999,real,0.396821,0.318146,0.399735,0.323974,0.434702,0.192308
3426.550032,real,0.396821,0.318146,0.405563,0.335629,0.440530,0.192308
3426.554930,real,0.396821,0.323974,0.405563,0.335629,0.440530,0.192308
3426.560809,real,0.415099,0.329801,0.417219,0.335629,0.452185,0.192308
3426.565228,real,0.415099,0.329801,0.417219,0.347285,0.458013,0.192308
3426.569840,real,0.415099,0.341457,0.417219,0.347285,0.458013,0.192308
3426.574891,real,0.427285,0.347285,0.428874,0.347285,0.463841,0.192308
3426.579904,real,0.427285,0.347285,0.428874,0.358940,0.469669,0.192308
3426.584713,real,0.439470,0.358940,0.440530,0.358940,0.469669,0.192308
3426.589940,real,0.445563,0.358940,0.440530,0.358940,0.481325,0.192308
3426.595264,real,0.445563,0.358940,0.440530,0.370596,0.481325,0.192308
3426.599958,real,0.457748,0.370596,0.452185,0.370596,0.481325,0.192308
3426.604725,real,0.457748,0.370596,0.458013,0.382252,0.487152,0.192308
3426.609805,real,0.457748,0.370596,0.458013,0.382252,0.492980,0.192308
3426.614628,real,0.457748,0.382252,0.463841,0.382252,0.492980,0.192308
3426.619960,real,0.469934,0.388079,0.469669,0.393907,0.492980,0.192308
3426.620546,real,0.469934,0.388079,0.469669,0.393907,0.492980,0.192308
3426.625639,real,0.469934,0.388079,0.469669,0.393907,0.504636,0.192308
3426.629920,real,0.469934,0.399735,0.475497,0.393907,0.504636,0.192308
3426.634669,real,0.469934,0.399735,0.481325,0.405563,0.504636,0.192308
3426.639864,real,0.482119,0.399735,0.481325,0.411391,0.522119,0.192308
3426.644953,real,0.482119,0.417219,0.487152,0.411391,0.522119,0.192308
3426.649677,real,0.494305,0.417219,0.492980,0.417219,0.522119,0.192308
3426.655253,real,0.494305,0.417219,0.492980,0.423046,0.533775,0.192308
3426.659759,real,0.494305,0.434702,0.498808,0.423046,0.533775,0.192308
3426.664651,real,0.506490,0.434702,0.504636,0.428874,0.545430,0.192308
3426.669508,real,0.506490,0.440530,0.504636,0.434702,0.545430,0.192308
3426.674699,real,0.506490,0.446358,0.516291,0.434702,0.545430,0.192308
3426.679765,real,0.518675,0.446358,0.516291,0.440530,0.557086,0.192308
3426.684828,real,0.524768,0.452185,0.516291,0.446358,0.557086,0.192308
3426.689659,real,0.524768,0.458013,0.527947,0.446358,0.557086,0.192308
3426.694443,real,0.530861,0.458013,0.527947,0.452185,0.568742,0.192308
3426.699466,real,0.536954,0.469669,0.527947,0.458013,0.568742,0.192308
3426.704858,real,0.536954,0.469669,0.539603,0.458013,0.568742,0.192308
3426.709528,real,0.536954,0.469669,0.545430,0.469669,0.568742,0.192308
3426.714546,real,0.555232,0.481325,0.545430,0.469669,0.580397,0.192308
3426.720090,real,0.555232,0.487152,0.551258,0.469669,0.586225,0.192308
3426.722135,real,0.555232,0.487152,0.551258,0.475497,0.586225,0.192308
3426.724542,real,0.555232,0.487152,0.557086,0.481325,0.586225,0.192308
3426.729406,real,0.567417,0.498808,0.557086,0.481325,0.597881,0.192308
3426.734364,real,0.567417,0.504636,0.568742,0.487152,0.597881,0.192308
3426.739394,real,0.567417,0.504636,0.568742,0.492980,0.597881,0.192308
3426.744560,real,0.567417,0.510464,0.568742,0.492980,0.609536,0.192308
3426.749522,real,0.573510,0.516291,0.580397,0.492980,0.609536,0.192308
3426.754415,real,0.579603,0.516291,0.580397,0.504636,0.615364,0.192308
3426.759527,real,0.579603,0.527947,0.580397,0.510464,0.621192,0.192308
3426.764543,real,0.591788,0.527947,0.592053,0.510464,0.621192,0.192308
3426.769536,real,0.591788,0.527947,0.597881,0.516291,0.632848,0.192308
3426.774372,real,0.591788,0.545430,0.597881,0.516291,0.638675,0.192308
3426.779503,real,0.610066,0.545430,0.609536,0.516291,0.638675,0.192308
3426.784690,real,0.610066,0.545430,0.609536,0.527947,0.638675,0.192308
3426.789494,real,0.610066,0.557086,0.609536,0.527947,0.644503,0.192308
3426.794186,real,0.622252,0.557086,0.621192,0.527947,0.650331,0.192308
3426.799410,real,0.622252,0.568742,0.621192,0.539603,0.650331,0.192308
3426.805470,real,0.634437,0.574570,0.621192,0.545430,0.650331,0.192308
3426.809470,real,0.634437,0.574570,0.632848,0.545430,0.661987,0.192308
3426.814458,real,0.634437,0.586225,0.632848,0.551258,0.661987,0.192308
3426.819538,real,0.634437,0.586225,0.644503,0.557086,0.673642,0.192308
3426.819872,real,0.634437,0.586225,0.644503,0.557086,0.673642,0.192308
3426.824237,real,0.634437,0.586225,0.644503,0.557086,0.679470,0.192308
3426.829240,real,0.634437,0.597881,0.644503,0.562914,0.679470,0.192308
3426.834397,real,0.634437,0.597881,0.656159,0.568742,0.685298,0.192308
3426.839508,real,0.634437,0.597881,0.656159,0.568742,0.691126,0.192308
3426.844520,real,0.634437,0.609536,0.656159,0.580397,0.691126,0.192308
3426.849476,real,0.634437,0.615364,0.667815,0.580397,0.696954,0.192308
3426.854196,real,0.634437,0.615364,0.667815,0.580397,0.702781,0.192308
3426.859356,real,0.646623,0.627020,0.667815,0.592053,0.702781,0.192308
3426.864524,real,0.652715,0.627020,0.679470,0.592053,0.708609,0.192308
3426.869409,real,0.664901,0.627020,0.679470,0.592053,0.714437,0.192308
3426.874434,real,0.664901,0.638675,0.679470,0.603709,0.714437,0.192308
3426.879337,real,0.664901,0.644503,0.691126,0.609536,0.726093,0.192308
3426.884057,real,0.664901,0.644503,0.696954,0.609536,0.726093,0.192308
3426.889397,real,0.677086,0.656159,0.696954,0.615364,0.726093,0.192308
3426.894011,real,0.677086,0.656159,0.702781,0.621192,0.726093,0.192308
3426.899202,real,0.677086,0.656159,0.708609,0.621192,0.726093,0.192308
3426.904477,real,0.677086,0.673642,0.708609,0.627020,0.726093,0.192308
3426.909276,real,0.677086,0.673642,0.714437,0.627020,0.726093,0.192308
3426.914188,real,0.677086,0.673642,0.720265,0.627020,0.726093,0.192308
3426.919525,real,0.677086,0.685298,0.720265,0.644503,0.726093,0.192308
3426.921550,real,0.677086,0.685298,0.720265,0.644503,0.726093,0.192308
3426.924130,real,0.677086,0.685298,0.731921,0.644503,0.726093,0.192308
3426.929097,real,0.677086,0.696954,0.731921,0.650331,0.726093,0.192308
3426.934078,real,0.677086,0.696954,0.731921,0.656159,0.726093,0.192308
3426.939325,real,0.677086,0.696954,0.743576,0.656159,0.726093,0.192308
3426.943917,real,0.677086,0.714437,0.749404,0.661987,0.726093,0.192308
3426.949089,real,0.677086,0.714437,0.749404,0.667815,0.726093,0.192308
3426.953763,real,0.677086,0.714437,0.755232,0.667815,0.726093,0.192308
3426.958881,real,0.677086,0.726093,0.755232,0.679470,0.726093,0.192308
3426.964185,real,0.677086,0.731921,0.755232,0.679470,0.726093,0.192308
3426.969071,real,0.677086,0.731921,0.755232,0.679470,0.726093,0.192308
3426.973923,real,0.677086,0.737748,0.766887,0.691126,0.726093,0.192308
3426.978851,real,0.677086,0.743576,0.772715,0.696954,0.726093,0.192308
3426.983905,real,0.677086,0.743576,0.772715,0.696954,0.726093,0.192308
3426.989090,real,0.677086,0.755232,0.778543,0.696954,0.726093,0.192308
3426.993889,real,0.677086,0.761060,0.778543,0.708609,0.726093,0.192308
3426.999146,real,0.677086,0.761060,0.778543,0.708609,0.726093,0.192308
3427.003924,real,0.677086,0.766887,0.790199,0.708609,0.726093,0.192308
3427.009160,real,0.677086,0.772715,0.796026,0.720265,0.726093,0.192308
3427.013848,real,0.677086,0.772715,0.796026,0.720265,0.726093,0.192308
3427.019038,real,0.677086,0.772715,0.796026,0.720265,0.726093,0.192308
3427.023848,real,0.677086,0.778543,0.796026,0.731921,0.726093,0.192308
3427.029121,real,0.677086,0.778543,0.796026,0.731921,0.726093,0.192308
3427.033769,real,0.677086,0.778543,0.796026,0.743576,0.726093,0.192308
3427.038802,real,0.677086,0.778543,0.796026,0.749404,0.726093,0.192308
3427.043899,real,0.677086,0.778543,0.796026,0.749404,0.726093,0.192308
3427.048929,real,0.677086,0.778543,0.796026,0.761060,0.726093,0.192308
3427.053680,real,0.677086,0.778543,0.796026,0.761060,0.726093,0.192308
3427.059184,real,0.677086,0.778543,0.796026,0.761060,0.726093,0.192308
3427.063948,real,0.677086,0.778543,0.796026,0.761060,0.726093,0.192308
3427.068822,real,0.677086,0.778543,0.796026,0.772715,0.726093,0.192308
3427.073810,real,0.677086,0.778543,0.796026,0.772715,0.726093,0.192308
3427.078818,real,0.677086,0.778543,0.796026,0.772715,0.726093,0.192308
3427.083724,real,0.677086,0.778543,0.796026,0.772715,0.726093,0.192308
3427.088827,real,0.677086,0.778543,0.796026,0.772715,0.726093,0.192308
3427.093509,real,0.677086,0.778543,0.796026,0.772715,0.726093,0.192308
3427.098419,real,0.677086,0.778543,0.796026,0.772715,0.726093,0.192308
3427.103551,real,0.677086,0.778543,0.796026,0.772715,0.726093,0.192308
3427.108561,real,0.677086,0.778543,0.796026,0.772715,0.726093,0.192308
3427.113262,real,0.677086,0.778543,0.796026,0.772715,0.726093,0.192308
3427.118970,real,0.677086,0.778543,0.796026,0.772715,0.726093,0.192308
3427.119227,real,0.677086,0.778543,0.796026,0.772715,0.726093,0.192308
3427.123315,real,0.677086,0.778543,0.796026,0.772715,0.726093,0.192308
3427.128594,real,0.677086,0.778543,0.796026,0.772715,0.726093,0.192308
3427.133326,real,0.677086,0.778543,0.796026,0.772715,0.726093,0.192308
3427.138404,real,0.677086,0.778543,0.796026,0.772715,0.726093,0.192308
3427.143533,real,0.677086,0.778543,0.796026,0.772715,0.726093,0.192308
3427.148749,real,0.677086,0.778543,0.796026,0.772715,0.726093,0.192308
3427.153325,real,0.677086,0.778543,0.796026,0.772715,0.726093,0.192308
3427.158265,real,0.677086,0.778543,0.796026,0.772715,0.726093,0.192308
3427.163273,real,0.677086,0.778543,0.796026,0.772715,0.726093,0.192308
3427.168832,real,0.677086,0.778543,0.796026,0.772715,0.726093,0.192308
3427.173421,real,0.677086,0.778543,0.796026,0.772715,0.726093,0.192308
3427.178305,real,0.677086,0.778543,0.796026,0.772715,0.726093,0.192308
3427.183425,real,0.677086,0.778543,0.796026,0.772715,0.726093,0.192308
3427.188613,real,0.677086,0.778543,0.796026,0.772715,0.726093,0.192308
3427.193288,real,0.677086,0.778543,0.796026,0.772715,0.726093,0.192308
3427.198320,real,0.677086,0.778543,0.796026,0.772715,0.726093,0.192308
3427.203441,real,0.677086,0.778543,0.796026,0.772715,0.726093,0.192308
3427.208584,real,0.677086,0.778543,0.796026,0.772715,0.726093,0.192308
3427.213256,real,0.677086,0.778543,0.796026,0.772715,0.726093,0.192308
3427.219578,real,0.677086,0.778543,0.796026,0.772715,0.726093,0.192308
3427.219753,real,0.677086,0.778543,0.796026,0.772715,0.726093,0.192308
3427.222874,real,0.677086,0.778543,0.796026,0.772715,0.726093,0.192308
3427.227829,real,0.677086,0.778543,0.796026,0.772715,0.726093,0.192308
3427.233159,real,0.677086,0.778543,0.796026,0.772715,0.726093,0.192308
3427.237971,real,0.677086,0.778543,0.796026,0.772715,0.726093,0.192308
3427.242815,real,0.677086,0.778543,0.796026,0.772715,0.726093,0.192308
3427.247940,real,0.677086,0.778543,0.796026,0.772715,0.726093,0.192308
3427.253037,real,0.677086,0.778543,0.796026,0.772715,0.726093,0.192308
3427.257780,real,0.677086,0.778543,0.796026,0.772715,0.726093,0.192308
3427.262824,real,0.677086,0.778543,0.796026,0.772715,0.726093,0.192308
3427.267856,real,0.677086,0.778543,0.796026,0.772715,0.726093,0.192308
3427.272927,real,0.677086,0.778543,0.796026,0.772715,0.726093,0.192308
3427.277762,real,0.677086,0.778543,0.796026,0.772715,0.726093,0.192308
3427.318813,real,0.677086,0.778543,0.796026,0.772715,0.726093,0.192308
3427.403037,real,0.677086,0.778543,0.796026,0.772715,0.726093,0.192308
3427.408482,real,0.677086,0.778543,0.796026,0.772715,0.726093,0.192308
3427.413195,real,0.677086,0.778543,0.796026,0.772715,0.726093,0.192308
3427.418180,real,0.677086,0.778543,0.796026,0.772715,0.726093,0.192308
3427.418604,real,0.677086,0.778543,0.796026,0.772715,0.726093,0.192308
3427.422948,real,0.677086,0.778543,0.796026,0.772715,0.726093,0.192308
3427.428087,real,0.677086,0.778543,0.796026,0.772715,0.726093,0.192308
3427.432900,real,0.664901,0.778543,0.796026,0.772715,0.726093,0.192308
3427.437820,real,0.658808,0.761060,0.796026,0.772715,0.726093,0.192308
3427.442865,real,0.658808,0.761060,0.796026,0.772715,0.726093,0.192308
3427.448562,real,0.640530,0.761060,0.796026,0.761060,0.720265,0.192308
3427.452790,real,0.634437,0.743576,0.784371,0.755232,0.714437,0.192308
3427.457929,real,0.616159,0.737748,0.778543,0.743576,0.714437,0.192308
3427.462823,real,0.610066,0.726093,0.766887,0.731921,0.696954,0.192308
3427.467879,real,0.591788,0.714437,0.755232,0.726093,0.691126,0.192308
3427.473388,real,0.585695,0.708609,0.749404,0.720265,0.679470,0.192308
3427.477932,real,0.579603,0.696954,0.743576,0.702781,0.673642,0.192308
3427.482974,real,0.567417,0.691126,0.737748,0.696954,0.661987,0.192308
3427.488069,real,0.561325,0.679470,0.737748,0.696954,0.656159,0.192308
3427.492954,real,0.549139,0.667815,0.726093,0.696954,0.650331,0.192308
3427.497731,real,0.549139,0.661987,0.714437,0.679470,0.638675,0.169231
3427.502965,real,0.549139,0.650331,0.708609,0.673642,0.638675,0.161538
3427.508113,real,0.536954,0.644503,0.696954,0.673642,0.627020,0.153846
3427.512932,real,0.536954,0.638675,0.691126,0.661987,0.621192,0.138462
3427.517782,real,0.536954,0.627020,0.685298,0.650331,0.621192,0.130769
3427.522962,real,0.524768,0.621192,0.673642,0.644503,0.615364,0.115385
3427.527837,real,0.524768,0.603709,0.667815,0.638675,0.609536,0.100000
3427.533309,real,0.524768,0.597881,0.661987,0.638675,0.609536,0.084615
3427.537808,real,0.512583,0.592053,0.650331,0.627020,0.603709,0.069231
3427.542693,real,0.512583,0.580397,0.650331,0.615364,0.603709,0.053846
3427.547764,real,0.512583,0.574570,0.638675,0.609536,0.603709,0.046154
3427.552789,real,0.500397,0.562914,0.632848,0.597881,0.592053,0.023077
3427.557899,real,0.488212,0.557086,0.627020,0.592053,0.586225,0.015385
3427.562531,real,0.482119,0.551258,0.615364,0.586225,0.586225,0.000000
3427.567796,real,0.476026,0.539603,0.615364,0.574570,0.580397,0.000000
3427.572765,real,0.476026,0.539603,0.597881,0.568742,0.574570,0.000000
3427.577746,real,0.476026,0.527947,0.592053,0.562914,0.574570,0.000000
3427.582587,real,0.457748,0.510464,0.586225,0.551258,0.562914,0.000000
3427.587754,real,0.451656,0.504636,0.574570,0.545430,0.557086,0.000000
3427.593030,real,0.451656,0.492980,0.568742,0.539603,0.557086,0.000000
3427.597766,real,0.439470,0.487152,0.568742,0.539603,0.551258,0.000000
3427.602538,real,0.439470,0.481325,0.551258,0.527947,0.545430,0.000000
3427.607646,real,0.439470,0.463841,0.545430,0.516291,0.545430,0.000000
3427.613061,real,0.421192,0.458013,0.545430,0.510464,0.533775,0.000000
3427.617888,real,0.421192,0.446358,0.545430,0.510464,0.533775,0.000000
3427.618211,real,0.421192,0.446358,0.545430,0.510464,0.533775,0.000000
3427.622677,real,0.421192,0.440530,0.527947,0.498808,0.533775,0.000000
3427.627640,real,0.415099,0.434702,0.516291,0.492980,0.516291,0.000000
3427.632663,real,0.409007,0.423046,0.510464,0.481325,0.516291,0.000000
3427.637584,real,0.409007,0.417219,0.498808,0.481325,0.510464,0.000000
3427.642368,real,0.396821,0.411391,0.492980,0.481325,0.504636,0.000000
3427.647591,real,0.390728,0.393907,0.487152,0.463841,0.504636,0.000000
3427.652933,real,0.390728,0.388079,0.475497,0.463841,0.498808,0.000000
3427.657566,real,0.378543,0.376424,0.475497,0.446358,0.492980,0.000000
3427.662397,real,0.366358,0.370596,0.475497,0.440530,0.492980,0.000000
3427.667660,real,0.360265,0.364768,0.458013,0.434702,0.481325,0.000000
3427.672782,real,0.360265,0.353113,0.452185,0.423046,0.475497,0.000000
3427.677360,real,0.354172,0.347285,0.440530,0.417219,0.469669,0.000000
3427.682480,real,0.348079,0.335629,0.434702,0.405563,0.469669,0.000000
3427.687545,real,0.348079,0.323974,0.428874,0.405563,0.463841,0.000000
3427.692968,real,0.341987,0.318146,0.417219,0.405563,0.463841,0.000000
3427.697616,real,0.335894,0.306490,0.417219,0.388079,0.463841,0.000000
3427.702363,real,0.335894,0.300662,0.405563,0.382252,0.452185,0.000000
3427.707377,real,0.335894,0.294834,0.405563,0.376424,0.452185,0.000000
3427.712862,real,0.323709,0.283179,0.393907,0.364768,0.452185,0.000000
3427.718106,real,0.323709,0.277351,0.388079,0.358940,0.434702,0.000000
3427.718441,real,0.323709,0.277351,0.388079,0.358940,0.434702,0.000000
3427.722621,real,0.323709,0.265695,0.376424,0.347285,0.434702,0.000000
3427.727592,real,0.299338,0.259868,0.370596,0.341457,0.434702,0.000000
3427.732394,real,0.293245,0.259868,0.358940,0.335629,0.417219,0.000000
3427.737429,real,0.287152,0.236556,0.353113,0.329801,0.417219,0.000000
3427.742299,real,0.281060,0.230728,0.341457,0.329801,0.411391,0.000000
3427.747438,real,0.281060,0.219073,0.341457,0.312318,0.405563,0.000000
3427.752468,real,0.268874,0.213245,0.335629,0.306490,0.405563,0.000000
3427.757593,real,0.268874,0.207417,0.329801,0.306490,0.393907,0.000000
3427.762286,real,0.268874,0.195762,0.318146,0.294834,0.393907,0.000000
3427.767161,real,0.250596,0.189934,0.306490,0.294834,0.393907,0.000000
3427.772165,real,0.250596,0.184106,0.300662,0.283179,0.382252,0.000000
3427.778083,real,0.250596,0.166623,0.294834,0.277351,0.376424,0.000000
3427.782252,real,0.238411,0.160795,0.283179,0.265695,0.376424,0.000000
3427.787202,real,0.238411,0.149139,0.277351,0.254040,0.376424,0.000000
3427.792380,real,0.238411,0.143311,0.271523,0.248212,0.364768,0.000000
3427.797191,real,0.232318,0.137483,0.265695,0.242384,0.364768,0.000000
3427.801979,real,0.226225,0.120000,0.254040,0.230728,0.364768,0.000000
3427.807429,real,0.226225,0.120000,0.254040,0.230728,0.347285,0.000000
3427.812185,real,0.214040,0.120000,0.242384,0.230728,0.347285,0.000000
3427.817391,real,0.207947,0.120000,0.236556,0.213245,0.347285,0.000000
3427.817603,real,0.207947,0.120000,0.236556,0.213245,0.335629,0.000000
3427.821940,real,0.207947,0.120000,0.224901,0.207417,0.335629,0.000000
3427.827101,real,0.189669,0.120000,0.219073,0.195762,0.335629,0.000000
3427.831997,real,0.189669,0.120000,0.207417,0.189934,0.323974,0.000000
3427.836942,real,0.189669,0.120000,0.201589,0.184106,0.318146,0.000000
3427.841961,real,0.171391,0.120000,0.195762,0.178278,0.318146,0.000000
3427.846958,real,0.171391,0.120000,0.184106,0.172450,0.312318,0.000000
3427.851916,real,0.171391,0.120000,0.178278,0.160795,0.306490,0.000000
3427.857058,real,0.159205,0.120000,0.172450,0.154967,0.306490,0.000000
3427.861895,real,0.159205,0.120000,0.172450,0.149139,0.294834,0.000000
3427.866824,real,0.159205,0.120000,0.160795,0.137483,0.294834,0.000000
3427.872041,real,0.147020,0.120000,0.149139,0.131656,0.294834,0.000000
3427.877092,real,0.147020,0.120000,0.143311,0.125828,0.283179,0.000000
3427.881766,real,0.134834,0.120000,0.137483,0.120000,0.283179,0.000000
3427.886892,real,0.134834,0.120000,0.131656,0.120000,0.283179,0.000000
3427.891888,real,0.134834,0.120000,0.125828,0.120000,0.271523,0.000000
3427.896962,real,0.122649,0.120000,0.120000,0.120000,0.265695,0.000000
3427.901730,real,0.116556,0.120000,0.120000,0.120000,0.265695,0.000000
3427.906796,real,0.116556,0.120000,0.120000,0.120000,0.259868,0.000000
3427.911878,real,0.104371,0.120000,0.120000,0.120000,0.254040,0.000000
3427.917111,real,0.098278,0.120000,0.120000,0.120000,0.254040,0.000000
3427.917408,real,0.098278,0.120000,0.120000,0.120000,0.254040,0.000000
3427.921690,real,0.092185,0.120000,0.120000,0.120000,0.242384,0.000000
3427.926775,real,0.092185,0.120000,0.120000,0.120000,0.242384,0.000000
3427.931658,real,0.086093,0.120000,0.120000,0.120000,0.242384,0.000000
3427.936943,real,0.080000,0.120000,0.120000,0.120000,0.230728,0.000000
3427.941826,real,0.080000,0.120000,0.120000,0.120000,0.230728,0.000000
3427.946637,real,0.080000,0.120000,0.120000,0.120000,0.230728,0.000000
3427.951796,real,0.080000,0.120000,0.120000,0.120000,0.213245,0.000000
3427.956990,real,0.080000,0.120000,0.120000,0.120000,0.213245,0.000000
3427.961589,real,0.080000,0.120000,0.120000,0.120000,0.213245,0.000000
3427.966728,real,0.080000,0.120000,0.120000,0.120000,0.201589,0.000000
3427.971682,real,0.080000,0.120000,0.120000,0.120000,0.201589,0.000000
3427.976836,real,0.080000,0.120000,0.120000,0.120000,0.189934,0.000000
3427.981803,real,0.080000,0.120000,0.120000,0.120000,0.189934,0.000000
3427.986899,real,0.080000,0.120000,0.120000,0.120000,0.189934,0.000000
3427.991948,real,0.080000,0.120000,0.120000,0.120000,0.178278,0.000000
3427.996793,real,0.080000,0.120000,0.120000,0.120000,0.172450,0.000000
3428.001730,real,0.080000,0.120000,0.120000,0.120000,0.172450,0.000000
3428.006807,real,0.080000,0.120000,0.120000,0.120000,0.166623,0.000000
3428.011656,real,0.080000,0.120000,0.120000,0.120000,0.160795,0.000000
3428.017026,real,0.080000,0.120000,0.120000,0.120000,0.160795,0.000000
3428.021647,real,0.080000,0.120000,0.120000,0.120000,0.149139,0.000000
3428.026659,real,0.080000,0.120000,0.120000,0.120000,0.149139,0.000000
3428.031561,real,0.080000,0.120000,0.120000,0.120000,0.149139,0.000000
3428.036730,real,0.080000,0.120000,0.120000,0.120000,0.137483,0.000000
3428.041471,real,0.080000,0.120000,0.120000,0.120000,0.137483,0.000000
3428.046355,real,0.080000,0.120000,0.120000,0.120000,0.137483,0.000000
3428.051398,real,0.080000,0.120000,0.120000,0.120000,0.137483,0.000000
3428.056598,real,0.080000,0.120000,0.120000,0.120000,0.131656,0.000000
3428.061494,real,0.080000,0.120000,0.120000,0.120000,0.131656,0.000000
3428.066526,real,0.080000,0.120000,0.120000,0.120000,0.131656,0.000000
3428.071371,real,0.080000,0.120000,0.120000,0.120000,0.131656,0.000000
3428.076529,real,0.080000,0.120000,0.120000,0.120000,0.131656,0.000000
3428.081541,real,0.080000,0.120000,0.120000,0.120000,0.131656,0.000000
3428.086440,real,0.080000,0.120000,0.120000,0.120000,0.131656,0.000000
3428.091462,real,0.080000,0.120000,0.120000,0.120000,0.131656,0.000000
3428.096561,real,0.080000,0.120000,0.120000,0.120000,0.131656,0.000000
3428.101559,real,0.080000,0.120000,0.120000,0.120000,0.131656,0.000000
3428.106154,real,0.080000,0.120000,0.120000,0.120000,0.131656,0.000000
3428.111140,real,0.080000,0.120000,0.120000,0.120000,0.131656,0.000000
3428.117280,real,0.080000,0.120000,0.120000,0.120000,0.131656,0.000000
3428.117576,real,0.080000,0.120000,0.120000,0.120000,0.131656,0.000000
3428.121044,real,0.080000,0.120000,0.120000,0.120000,0.131656,0.000000
3428.126244,real,0.080000,0.120000,0.120000,0.120000,0.131656,0.000000
3428.131122,real,0.080000,0.120000,0.120000,0.120000,0.131656,0.000000
3428.136141,real,0.080000,0.120000,0.120000,0.120000,0.131656,0.000000
3428.141332,real,0.080000,0.120000,0.120000,0.120000,0.131656,0.000000
3428.146181,real,0.080000,0.120000,0.120000,0.120000,0.131656,0.000000
3428.150834,real,0.080000,0.120000,0.120000,0.120000,0.131656,0.000000
3428.155976,real,0.080000,0.120000,0.120000,0.120000,0.131656,0.000000
3428.161054,real,0.080000,0.120000,0.120000,0.120000,0.131656,0.000000
3428.166108,real,0.080000,0.120000,0.120000,0.120000,0.131656,0.000000
3428.170794,real,0.080000,0.120000,0.120000,0.120000,0.131656,0.000000
3428.176117,real,0.080000,0.120000,0.120000,0.120000,0.131656,0.000000
3428.181129,real,0.080000,0.120000,0.120000,0.120000,0.131656,0.000000
3428.185705,real,0.080000,0.120000,0.120000,0.120000,0.131656,0.000000
3428.190800,real,0.080000,0.120000,0.120000,0.120000,0.131656,0.000000
3428.195941,real,0.080000,0.120000,0.120000,0.120000,0.131656,0.000000
3428.200850,real,0.080000,0.120000,0.120000,0.120000,0.131656,0.000000
3428.206074,real,0.080000,0.120000,0.120000,0.120000,0.131656,0.000000
3428.210868,real,0.080000,0.120000,0.120000,0.120000,0.131656,0.000000
3428.217229,real,0.080000,0.120000,0.120000,0.120000,0.131656,0.000000
3428.217519,real,0.080000,0.120000,0.120000,0.120000,0.131656,0.000000
3428.221409,real,0.080000,0.120000,0.120000,0.120000,0.131656,0.000000
3428.226398,real,0.080000,0.120000,0.120000,0.120000,0.131656,0.000000
3428.231529,real,0.080000,0.120000,0.120000,0.120000,0.131656,0.000000
3428.236467,real,0.080000,0.120000,0.120000,0.120000,0.131656,0.000000
3428.241526,real,0.080000,0.120000,0.120000,0.120000,0.131656,0.000000
3428.246288,real,0.080000,0.120000,0.120000,0.120000,0.131656,0.000000
3428.251279,real,0.080000,0.120000,0.120000,0.120000,0.131656,0.000000
3428.256427,real,0.080000,0.120000,0.120000,0.120000,0.131656,0.023077
3428.261204,real,0.098278,0.120000,0.125828,0.120000,0.131656,0.030769
3428.266369,real,0.104371,0.120000,0.125828,0.120000,0.131656,0.053846
3428.271126,real,0.110464,0.137483,0.125828,0.131656,0.131656,0.061538
3428.276017,real,0.122649,0.143311,0.143311,0.137483,0.131656,0.069231
3428.281103,real,0.134834,0.149139,0.149139,0.149139,0.131656,0.092308
3428.285918,real,0.147020,0.149139,0.160795,0.154967,0.131656,0.100000
3428.290944,real,0.153113,0.160795,0.160795,0.160795,0.131656,0.123077
3428.296158,real,0.153113,0.166623,0.160795,0.160795,0.131656,0.130769
3428.301039,real,0.165298,0.166623,0.178278,0.172450,0.131656,0.138462
3428.306114,real,0.171391,0.178278,0.178278,0.184106,0.131656,0.138462
3428.310877,real,0.177483,0.178278,0.178278,0.184106,0.131656,0.138462
3428.316230,real,0.177483,0.178278,0.189934,0.184106,0.131656,0.146154
3428.316629,real,0.177483,0.189934,0.189934,0.195762,0.131656,0.146154
3428.321305,real,0.189669,0.195762,0.189934,0.195762,0.131656,0.146154
3428.326081,real,0.189669,0.201589,0.195762,0.195762,0.131656,0.146154
3428.330892,real,0.189669,0.201589,0.201589,0.195762,0.131656,0.146154
3428.336197,real,0.189669,0.213245,0.201589,0.207417,0.131656,0.146154
3428.341514,real,0.201854,0.219073,0.213245,0.207417,0.131656,0.146154
3428.345978,real,0.201854,0.219073,0.219073,0.207417,0.131656,0.146154
3428.351030,real,0.220132,0.230728,0.219073,0.219073,0.131656,0.146154
3428.355853,real,0.220132,0.236556,0.224901,0.224901,0.131656,0.146154
3428.361511,real,0.220132,0.236556,0.230728,0.224901,0.131656,0.146154
3428.366116,real,0.238411,0.248212,0.230728,0.236556,0.131656,0.138462
3428.370956,real,0.238411,0.248212,0.242384,0.242384,0.131656,0.138462
3428.376106,real,0.238411,0.248212,0.242384,0.242384,0.131656,0.138462
3428.381046,real,0.250596,0.259868,0.242384,0.248212,0.131656,0.138462
3428.385914,real,0.250596,0.265695,0.254040,0.254040,0.131656,0.138462
3428.391238,real,0.250596,0.265695,0.259868,0.254040,0.131656,0.138462
3428.396012,real,0.262781,0.283179,0.259868,0.259868,0.131656,0.138462
3428.401153,real,0.268874,0.283179,0.271523,0.265695,0.131656,0.138462
3428.405934,real,0.268874,0.283179,0.271523,0.265695,0.131656,0.138462
3428.410551,real,0.281060,0.294834,0.271523,0.283179,0.131656,0.138462
3428.416350,real,0.287152,0.294834,0.283179,0.283179,0.137483,0.138462
3428.418607,real,0.287152,0.294834,0.289007,0.283179,0.143311,0.138462
3428.420923,real,0.287152,0.294834,0.289007,0.283179,0.143311,0.138462
3428.425994,real,0.299338,0.312318,0.289007,0.294834,0.143311,0.138462
3428.430797,real,0.299338,0.312318,0.300662,0.294834,0.160795,0.138462
3428.435692,real,0.299338,0.323974,0.300662,0.306490,0.166623,0.138462
3428.440781,real,0.317616,0.329801,0.300662,0.306490,0.172450,0.138462
3428.445656,real,0.317616,0.329801,0.318146,0.306490,0.184106,0.138462
3428.450791,real,0.317616,0.341457,0.318146,0.306490,0.184106,0.138462
3428.455874,real,0.335894,0.347285,0.329801,0.318146,0.195762,0.138462
3428.461095,real,0.335894,0.353113,0.329801,0.323974,0.195762,0.138462
3428.465949,real,0.335894,0.353113,0.329801,0.323974,0.195762,0.138462
3428.470498,real,0.348079,0.364768,0.341457,0.335629,0.207417,0.138462
3428.475527,real,0.348079,0.364768,0.341457,0.335629,0.207417,0.138462
3428.481165,real,0.360265,0.364768,0.341457,0.335629,0.207417,0.138462
3428.485709,real,0.366358,0.376424,0.358940,0.347285,0.224901,0.138462
3428.490799,real,0.372450,0.382252,0.358940,0.347285,0.224901,0.138462
3428.495814,real,0.372450,0.382252,0.358940,0.347285,0.224901,0.138462
3428.500648,real,0.384636,0.399735,0.370596,0.358940,0.236556,0.138462
3428.505623,real,0.390728,0.399735,0.376424,0.364768,0.236556,0.138462
3428.510461,real,0.390728,0.399735,0.376424,0.364768,0.236556,0.138462
3428.516293,real,0.396821,0.417219,0.382252,0.376424,0.248212,0.138462
3428.520809,real,0.402914,0.423046,0.388079,0.376424,0.254040,0.138462
3428.525898,real,0.402914,0.423046,0.388079,0.376424,0.254040,0.138462
3428.530673,real,0.415099,0.434702,0.399735,0.393907,0.265695,0.138462
3428.535601,real,0.421192,0.434702,0.405563,0.393907,0.271523,0.138462
3428.540637,real,0.421192,0.434702,0.405563,0.399735,0.271523,0.138462
3428.545946,real,0.433377,0.446358,0.411391,0.405563,0.277351,0.138462
3428.550615,real,0.433377,0.452185,0.417219,0.405563,0.283179,0.138462
3428.555774,real,0.433377,0.452185,0.417219,0.411391,0.283179,0.138462
3428.560435,real,0.445563,0.458013,0.428874,0.417219,0.300662,0.138462
3428.565672,real,0.451656,0.463841,0.428874,0.417219,0.300662,0.138462
3428.570226,real,0.451656,0.463841,0.428874,0.428874,0.300662,0.138462
3428.575454,real,0.463841,0.475497,0.446358,0.428874,0.312318,0.138462
3428.580773,real,0.463841,0.487152,0.446358,0.428874,0.312318,0.138462
3428.585348,real,0.463841,0.487152,0.458013,0.440530,0.312318,0.138462
3428.590503,real,0.463841,0.487152,0.458013,0.446358,0.323974,0.138462
3428.595329,real,0.476026,0.504636,0.458013,0.446358,0.329801,0.138462
3428.600601,real,0.482119,0.504636,0.469669,0.458013,0.335629,0.138462
3428.605396,real,0.482119,0.510464,0.475497,0.458013,0.335629,0.138462
3428.610668,real,0.500397,0.516291,0.475497,0.458013,0.347285,0.138462
3428.615713,real,0.500397,0.516291,0.481325,0.469669,0.353113,0.138462
3428.615935,real,0.500397,0.516291,0.481325,0.475497,0.353113,0.138462
3428.620181,real,0.500397,0.527947,0.487152,0.475497,0.353113,0.138462
3428.625763,real,0.512583,0.533775,0.487152,0.475497,0.364768,0.138462
3428.630354,real,0.512583,0.533775,0.498808,0.481325,0.364768,0.138462
3428.635271,real,0.524768,0.545430,0.498808,0.487152,0.364768,0.138462
3428.640924,real,0.524768,0.551258,0.498808,0.487152,0.382252,0.138462
3428.645757,real,0.524768,0.551258,0.510464,0.498808,0.382252,0.138462
3428.650265,real,0.536954,0.562914,0.516291,0.498808,0.393907,0.138462
3428.655482,real,0.536954,0.562914,0.516291,0.498808,0.393907,0.138462
3428.660351,real,0.536954,0.562914,0.527947,0.510464,0.393907,0.138462
3428.665243,real,0.549139,0.580397,0.527947,0.510464,0.405563,0.138462
3428.670643,real,0.555232,0.580397,0.527947,0.522119,0.411391,0.138462
3428.675266,real,0.567417,0.580397,0.539603,0.522119,0.411391,0.138462
3428.680398,real,0.567417,0.592053,0.545430,0.522119,0.423046,0.138462
3428.685418,real,0.567417,0.597881,0.545430,0.533775,0.423046,0.138462
3428.690190,real,0.579603,0.597881,0.557086,0.539603,0.423046,0.138462
3428.695246,real,0.579603,0.609536,0.557086,0.539603,0.434702,0.138462
3428.700114,real,0.579603,0.609536,0.557086,0.545430,0.440530,0.138462
3428.705551,real,0.591788,0.609536,0.574570,0.551258,0.440530,0.138462
3428.710387,real,0.597881,0.627020,0.574570,0.551258,0.452185,0.138462
3428.715255,real,0.597881,0.627020,0.586225,0.562914,0.452185,0.138462
3428.715621,real,0.597881,0.627020,0.586225,0.562914,0.452185,0.138462
3428.720203,real,0.610066,0.627020,0.586225,0.562914,0.452185,0.138462
3428.725564,real,0.610066,0.644503,0.586225,0.562914,0.463841,0.138462
3428.730208,real,0.610066,0.644503,0.597881,0.574570,0.469669,0.138462
3428.735165,real,0.622252,0.656159,0.603709,0.580397,0.469669,0.138462
3428.740110,real,0.628344,0.661987,0.603709,0.580397,0.481325,0.138462
3428.745391,real,0.628344,0.661987,0.603709,0.586225,0.481325,0.138462
3428.749937,real,0.640530,0.673642,0.615364,0.592053,0.481325,0.138462
3428.755137,real,0.646623,0.673642,0.621192,0.592053,0.498808,0.138462
3428.760071,real,0.646623,0.673642,0.621192,0.603709,0.498808,0.138462
3428.765719,real,0.652715,0.691126,0.632848,0.609536,0.498808,0.138462
3428.770205,real,0.658808,0.691126,0.632848,0.609536,0.516291,0.138462
3428.775143,real,0.658808,0.691126,0.632848,0.621192,0.516291,0.138462
3428.779830,real,0.670993,0.702781,0.650331,0.621192,0.516291,0.138462
3428.784945,real,0.677086,0.708609,0.650331,0.621192,0.527947,0.138462
3428.790049,real,0.677086,0.714437,0.650331,0.632848,0.527947,0.138462
3428.794980,real,0.683179,0.714437,0.661987,0.632848,0.539603,0.138462
3428.800029,real,0.689272,0.726093,0.661987,0.644503,0.545430,0.138462
3428.805519,real,0.689272,0.726093,0.661987,0.644503,0.545430,0.138462
3428.809976,real,0.689272,0.726093,0.679470,0.644503,0.551258,0.138462
3428.815379,real,0.689272,0.743576,0.679470,0.656159,0.557086,0.138462
3428.817114,real,0.689272,0.743576,0.679470,0.656159,0.557086,0.138462
3428.819708,real,0.689272,0.743576,0.685298,0.661987,0.557086,0.138462
3428.825489,real,0.689272,0.755232,0.691126,0.661987,0.568742,0.138462
3428.829917,real,0.689272,0.761060,0.691126,0.673642,0.574570,0.138462
3428.834836,real,0.689272,0.761060,0.702781,0.673642,0.574570,0.138462
3428.839845,real,0.689272,0.772715,0.708609,0.673642,0.580397,0.138462
3428.844756,real,0.689272,0.772715,0.708609,0.685298,0.586225,0.138462
3428.850257,real,0.689272,0.772715,0.720265,0.691126,0.586225,0.138462
3428.854857,real,0.689272,0.772715,0.720265,0.691126,0.597881,0.138462
3428.859969,real,0.689272,0.772715,0.720265,0.702781,0.597881,0.138462
3428.864837,real,0.689272,0.772715,0.731921,0.702781,0.597881,0.138462
3428.870050,real,0.689272,0.772715,0.731921,0.702781,0.609536,0.138462
3428.874607,real,0.689272,0.772715,0.731921,0.714437,0.615364,0.138462
3428.879932,real,0.689272,0.772715,0.743576,0.714437,0.615364,0.138462
3428.884831,real,0.689272,0.772715,0.749404,0.714437,0.632848,0.138462
3428.890183,real,0.689272,0.772715,0.749404,0.726093,0.632848,0.138462
3428.894655,real,0.689272,0.772715,0.761060,0.731921,0.632848,0.138462
3428.899626,real,0.689272,0.772715,0.761060,0.731921,0.644503,0.138462
3428.904576,real,0.689272,0.772715,0.761060,0.743576,0.644503,0.138462
3428.909638,real,0.689272,0.772715,0.778543,0.743576,0.644503,0.138462
3428.914880,real,0.689272,0.772715,0.778543,0.743576,0.656159,0.138462
3428.915208,real,0.689272,0.772715,0.778543,0.755232,0.656159,0.138462
3428.919598,real,0.689272,0.772715,0.778543,0.761060,0.656159,0.138462
3428.924770,real,0.689272,0.772715,0.790199,0.761060,0.667815,0.138462
3428.929786,real,0.689272,0.772715,0.790199,0.772715,0.667815,0.138462
3428.934495,real,0.689272,0.772715,0.790199,0.772715,0.667815,0.138462
3428.939584,real,0.689272,0.772715,0.796026,0.772715,0.679470,0.138462
3428.944576,real,0.689272,0.772715,0.796026,0.778543,0.685298,0.138462
3428.949995,real,0.689272,0.772715,0.796026,0.778543,0.685298,0.138462
3428.954628,real,0.689272,0.772715,0.796026,0.778543,0.696954,0.138462
3428.959655,real,0.689272,0.772715,0.796026,0.778543,0.702781,0.138462
3428.964633,real,0.689272,0.772715,0.796026,0.778543,0.702781,0.138462
3428.969599,real,0.689272,0.772715,0.796026,0.778543,0.708609,0.138462
3428.974684,real,0.689272,0.772715,0.796026,0.778543,0.714437,0.138462
3428.979854,real,0.689272,0.772715,0.796026,0.778543,0.714437,0.138462
3428.984821,real,0.689272,0.772715,0.796026,0.778543,0.720265,0.138462
3428.989597,real,0.689272,0.772715,0.796026,0.778543,0.726093,0.138462
3428.994665,real,0.689272,0.772715,0.796026,0.778543,0.726093,0.138462
3428.999556,real,0.689272,0.772715,0.796026,0.778543,0.726093,0.138462
3429.004428,real,0.689272,0.772715,0.796026,0.778543,0.726093,0.138462
3429.010120,real,0.689272,0.772715,0.796026,0.778543,0.726093,0.138462
3429.014851,real,0.689272,0.772715,0.796026,0.778543,0.726093,0.138462
3429.019451,real,0.689272,0.772715,0.796026,0.778543,0.726093,0.138462
3429.024697,real,0.689272,0.772715,0.796026,0.778543,0.726093,0.138462
3429.029758,real,0.689272,0.772715,0.796026,0.778543,0.726093,0.138462
3429.034208,real,0.689272,0.772715,0.796026,0.778543,0.726093,0.138462
3429.039410,real,0.689272,0.772715,0.796026,0.778543,0.726093,0.138462
3429.044443,real,0.689272,0.772715,0.796026,0.778543,0.726093,0.138462
3429.049612,real,0.689272,0.772715,0.796026,0.778543,0.726093,0.138462
3429.054275,real,0.689272,0.772715,0.796026,0.778543,0.726093,0.138462
3429.059279,real,0.689272,0.772715,0.796026,0.778543,0.726093,0.138462
3429.064126,real,0.689272,0.772715,0.796026,0.778543,0.726093,0.138462
3429.069353,real,0.689272,0.772715,0.796026,0.778543,0.726093,0.138462
3429.074600,real,0.689272,0.772715,0.796026,0.778543,0.726093,0.138462
3429.079091,real,0.689272,0.772715,0.796026,0.778543,0.726093,0.138462
3429.084027,real,0.689272,0.772715,0.796026,0.778543,0.726093,0.138462
3429.089226,real,0.689272,0.772715,0.796026,0.778543,0.726093,0.138462
3429.094208,real,0.689272,0.772715,0.796026,0.778543,0.726093,0.138462
3429.099038,real,0.689272,0.772715,0.796026,0.778543,0.726093,0.138462
3429.104240,real,0.689272,0.772715,0.796026,0.778543,0.726093,0.138462
3429.109644,real,0.689272,0.772715,0.796026,0.778543,0.726093,0.138462
3429.115309,real,0.689272,0.772715,0.796026,0.778543,0.726093,0.138462
3429.115532,real,0.689272,0.772715,0.796026,0.778543,0.726093,0.138462
3429.119113,real,0.689272,0.772715,0.796026,0.778543,0.726093,0.138462
3429.124199,real,0.689272,0.772715,0.796026,0.778543,0.726093,0.138462
3429.129084,real,0.689272,0.772715,0.796026,0.778543,0.726093,0.138462
3429.133986,real,0.689272,0.772715,0.796026,0.778543,0.726093,0.138462
3429.138822,real,0.689272,0.772715,0.796026,0.778543,0.726093,0.138462
3429.143848,real,0.689272,0.772715,0.796026,0.778543,0.726093,0.138462
3429.148648,real,0.689272,0.772715,0.796026,0.778543,0.726093,0.138462
3429.153957,real,0.689272,0.772715,0.796026,0.778543,0.726093,0.138462
3429.158666,real,0.689272,0.772715,0.796026,0.778543,0.726093,0.138462
3429.163629,real,0.689272,0.772715,0.796026,0.778543,0.726093,0.138462
3429.168813,real,0.689272,0.772715,0.796026,0.778543,0.726093,0.138462
3429.174007,real,0.689272,0.772715,0.796026,0.778543,0.726093,0.138462
3429.178566,real,0.689272,0.772715,0.796026,0.778543,0.726093,0.138462
3429.183960,real,0.689272,0.772715,0.796026,0.778543,0.726093,0.138462
3429.188759,real,0.689272,0.772715,0.796026,0.778543,0.726093,0.138462
3429.194191,real,0.689272,0.772715,0.796026,0.778543,0.726093,0.138462
3429.199046,real,0.689272,0.772715,0.796026,0.778543,0.726093,0.138462
3429.204325,real,0.689272,0.772715,0.796026,0.778543,0.726093,0.138462
3429.209124,real,0.689272,0.772715,0.796026,0.778543,0.726093,0.138462
3429.214430,real,0.689272,0.772715,0.796026,0.778543,0.726093,0.138462
3429.216127,real,0.689272,0.772715,0.796026,0.778543,0.726093,0.138462
3429.218968,real,0.689272,0.772715,0.796026,0.778543,0.726093,0.138462
3429.224346,real,0.677086,0.772715,0.796026,0.778543,0.726093,0.138462
3429.228859,real,0.670993,0.772715,0.796026,0.772715,0.726093,0.138462
3429.234330,real,0.658808,0.772715,0.784371,0.772715,0.726093,0.138462
3429.239225,real,0.646623,0.761060,0.778543,0.772715,0.714437,0.138462
3429.244572,real,0.640530,0.755232,0.778543,0.749404,0.714437,0.138462
3429.249104,real,0.622252,0.749404,0.761060,0.743576,0.696954,0.138462
3429.253963,real,0.616159,0.731921,0.755232,0.726093,0.691126,0.138462
3429.258792,real,0.597881,0.726093,0.749404,0.720265,0.685298,0.138462
3429.264442,real,0.591788,0.720265,0.737748,0.714437,0.673642,0.138462
3429.269225,real,0.585695,0.708609,0.731921,0.702781,0.667815,0.138462
3429.274071,real,0.573510,0.702781,0.720265,0.696954,0.661987,0.138462
3429.278953,real,0.567417,0.691126,0.720265,0.696954,0.650331,0.138462
3429.283927,real,0.561325,0.679470,0.720265,0.685298,0.644503,0.138462
3429.288976,real,0.549139,0.673642,0.702781,0.679470,0.632848,0.138462
3429.293989,real,0.543046,0.667815,0.696954,0.667815,0.627020,0.138462
3429.299168,real,0.543046,0.661987,0.691126,0.661987,0.621192,0.115385
3429.303790,real,0.530861,0.661987,0.679470,0.661987,0.609536,0.100000
3429.308813,real,0.530861,0.644503,0.673642,0.650331,0.603709,0.092308
3429.314377,real,0.530861,0.638675,0.661987,0.644503,0.592053,0.076923
3429.314600,real,0.530861,0.638675,0.661987,0.644503,0.592053,0.069231
3429.318769,real,0.530861,0.632848,0.656159,0.638675,0.586225,0.061538
3429.323890,real,0.518675,0.632848,0.650331,0.627020,0.580397,0.046154
3429.329238,real,0.518675,0.627020,0.644503,0.621192,0.568742,0.038462
3429.333990,real,0.518675,0.621192,0.644503,0.609536,0.562914,0.015385
3429.338863,real,0.506490,0.621192,0.627020,0.603709,0.551258,0.007692
3429.343710,real,0.506490,0.609536,0.621192,0.597881,0.545430,0.007692
3429.348720,real,0.506490,0.609536,0.615364,0.586225,0.545430,0.000000
3429.353917,real,0.488212,0.609536,0.603709,0.586225,0.522119,0.000000
3429.358952,real,0.482119,0.592053,0.597881,0.574570,0.516291,0.000000
3429.363883,real,0.469934,0.592053,0.592053,0.568742,0.510464,0.000000
3429.368796,real,0.463841,0.592053,0.580397,0.562914,0.498808,0.000000
3429.374076,real,0.457748,0.574570,0.574570,0.551258,0.492980,0.000000
3429.378891,real,0.457748,0.574570,0.562914,0.545430,0.481325,0.000000
3429.383664,real,0.445563,0.568742,0.557086,0.539603,0.475497,0.000000
3429.389189,real,0.439470,0.562914,0.551258,0.533775,0.469669,0.000000
3429.394159,real,0.439470,0.562914,0.545430,0.533775,0.458013,0.000000
3429.398655,real,0.427285,0.551258,0.545430,0.516291,0.452185,0.000000
3429.403685,real,0.427285,0.545430,0.527947,0.516291,0.440530,0.000000
3429.408928,real,0.427285,0.545430,0.522119,0.504636,0.434702,0.000000
3429.414011,real,0.415099,0.539603,0.516291,0.492980,0.428874,0.007692
3429.414333,real,0.415099,0.539603,0.510464,0.492980,0.428874,0.007692
3429.418357,real,0.415099,0.533775,0.504636,0.487152,0.417219,0.007692
3429.424037,real,0.415099,0.533775,0.498808,0.487152,0.411391,0.007692
3429.428601,real,0.402914,0.522119,0.492980,0.475497,0.405563,0.007692
3429.434063,real,0.402914,0.516291,0.487152,0.469669,0.393907,0.007692
3429.438730,real,0.402914,0.516291,0.487152,0.458013,0.388079,0.007692
3429.443500,real,0.390728,0.510464,0.469669,0.452185,0.376424,0.007692
3429.448449,real,0.384636,0.504636,0.463841,0.446358,0.370596,0.007692
3429.453807,real,0.384636,0.504636,0.458013,0.434702,0.364768,0.007692
3429.458785,real,0.366358,0.498808,0.446358,0.434702,0.353113,0.007692
3429.463586,real,0.360265,0.492980,0.440530,0.423046,0.341457,0.007692
3429.468360,real,0.360265,0.492980,0.428874,0.417219,0.329801,0.007692
3429.473588,real,0.348079,0.481325,0.423046,0.411391,0.323974,0.007692
3429.478512,real,0.348079,0.475497,0.417219,0.399735,0.318146,0.007692
3429.483592,real,0.348079,0.463841,0.411391,0.393907,0.306490,0.007692
3429.488674,real,0.335894,0.458013,0.411391,0.382252,0.300662,0.007692
3429.493686,real,0.335894,0.458013,0.399735,0.376424,0.294834,0.007692
3429.498295,real,0.335894,0.452185,0.393907,0.376424,0.283179,0.007692
3429.503332,real,0.335894,0.446358,0.382252,0.364768,0.277351,0.007692
3429.508326,real,0.317616,0.446358,0.370596,0.358940,0.265695,0.007692
3429.513584,real,0.317616,0.434702,0.364768,0.347285,0.259868,0.007692
3429.518647,real,0.305430,0.434702,0.358940,0.341457,0.254040,0.007692
3429.523395,real,0.299338,0.434702,0.347285,0.335629,0.242384,0.007692
3429.528363,real,0.293245,0.423046,0.341457,0.323974,0.236556,0.007692
3429.533500,real,0.281060,0.423046,0.329801,0.318146,0.224901,0.007692
3429.538407,real,0.281060,0.423046,0.329801,0.312318,0.219073,0.007692
3429.543280,real,0.281060,0.405563,0.323974,0.312318,0.213245,0.007692
3429.548216,real,0.268874,0.405563,0.312318,0.300662,0.201589,0.007692
3429.553652,real,0.268874,0.393907,0.306490,0.289007,0.195762,0.007692
3429.558231,real,0.256689,0.393907,0.306490,0.283179,0.189934,0.007692
3429.563059,real,0.256689,0.393907,0.289007,0.283179,0.178278,0.007692
3429.568318,real,0.256689,0.382252,0.283179,0.271523,0.172450,0.007692
3429.573300,real,0.244503,0.376424,0.271523,0.265695,0.160795,0.007692
3429.578200,real,0.244503,0.376424,0.265695,0.259868,0.154967,0.007692
3429.583113,real,0.244503,0.370596,0.259868,0.248212,0.149139,0.007692
3429.588112,real,0.232318,0.364768,0.248212,0.242384,0.137483,0.007692
3429.593105,real,0.232318,0.364768,0.242384,0.230728,0.131656,0.007692
3429.598222,real,0.232318,0.353113,0.236556,0.224901,0.125828,0.007692
3429.603077,real,0.214040,0.353113,0.236556,0.224901,0.120000,0.007692
3429.608160,real,0.214040,0.353113,0.224901,0.213245,0.120000,0.007692
3429.613667,real,0.214040,0.341457,0.213245,0.207417,0.120000,0.007692
3429.613886,real,0.214040,0.341457,0.213245,0.207417,0.120000,0.007692
3429.618236,real,0.195762,0.335629,0.207417,0.195762,0.120000,0.007692
3429.623136,real,0.189669,0.335629,0.201589,0.189934,0.120000,0.007692
3429.628056,real,0.189669,0.323974,0.189934,0.184106,0.120000,0.007692
3429.633302,real,0.177483,0.318146,0.184106,0.172450,0.120000,0.007692
3429.638204,real,0.165298,0.318146,0.172450,0.166623,0.120000,0.007692
3429.642994,real,0.165298,0.306490,0.172450,0.160795,0.120000,0.007692
3429.648277,real,0.165298,0.306490,0.172450,0.154967,0.120000,0.007692
3429.653252,real,0.153113,0.306490,0.154967,0.154967,0.120000,0.007692
3429.658160,real,0.153113,0.289007,0.149139,0.137483,0.120000,0.007692
3429.663021,real,0.147020,0.289007,0.137483,0.131656,0.120000,0.007692
3429.668041,real,0.140927,0.289007,0.131656,0.125828,0.120000,0.007692
3429.672999,real,0.140927,0.277351,0.125828,0.120000,0.120000,0.007692
3429.678167,real,0.140927,0.277351,0.120000,0.120000,0.120000,0.007692
3429.683122,real,0.134834,0.271523,0.120000,0.120000,0.120000,0.007692
3429.687903,real,0.128742,0.265695,0.120000,0.120000,0.120000,0.007692
3429.692899,real,0.128742,0.265695,0.120000,0.120000,0.120000,0.007692
3429.698102,real,0.116556,0.254040,0.120000,0.120000,0.120000,0.007692
3429.702914,real,0.110464,0.248212,0.120000,0.120000,0.120000,0.007692
3429.708086,real,0.110464,0.248212,0.120000,0.120000,0.120000,0.007692
3429.713280,real,0.092185,0.236556,0.120000,0.120000,0.120000,0.007692
3429.713771,real,0.092185,0.236556,0.120000,0.120000,0.120000,0.007692
3429.717897,real,0.086093,0.236556,0.120000,0.120000,0.120000,0.007692
3429.722731,real,0.086093,0.236556,0.120000,0.120000,0.120000,0.007692
3429.727837,real,0.080000,0.224901,0.120000,0.120000,0.120000,0.007692
3429.732946,real,0.080000,0.219073,0.120000,0.120000,0.120000,0.007692
3429.737950,real,0.080000,0.219073,0.120000,0.120000,0.120000,0.007692
3429.742779,real,0.080000,0.213245,0.120000,0.120000,0.120000,0.007692
3429.747787,real,0.080000,0.207417,0.120000,0.120000,0.120000,0.007692
3429.752814,real,0.080000,0.207417,0.120000,0.120000,0.120000,0.007692
3429.757967,real,0.080000,0.195762,0.120000,0.120000,0.120000,0.007692
3429.762789,real,0.080000,0.195762,0.120000,0.120000,0.120000,0.007692
3429.767666,real,0.080000,0.195762,0.120000,0.120000,0.120000,0.007692
3429.772709,real,0.080000,0.184106,0.120000,0.120000,0.120000,0.007692
3429.777959,real,0.080000,0.178278,0.120000,0.120000,0.120000,0.007692
3429.782783,real,0.080000,0.178278,0.120000,0.120000,0.120000,0.007692
3429.787685,real,0.080000,0.160795,0.120000,0.120000,0.120000,0.007692
3429.792901,real,0.080000,0.160795,0.120000,0.120000,0.120000,0.007692
3429.797823,real,0.080000,0.160795,0.120000,0.120000,0.120000,0.007692
3429.802652,real,0.080000,0.149139,0.120000,0.120000,0.120000,0.007692
3429.807767,real,0.080000,0.149139,0.120000,0.120000,0.120000,0.007692
3429.813097,real,0.080000,0.137483,0.120000,0.120000,0.120000,0.007692
3429.813697,real,0.080000,0.137483,0.120000,0.120000,0.120000,0.007692
3429.817793,real,0.080000,0.131656,0.120000,0.120000,0.120000,0.007692
3429.822532,real,0.080000,0.131656,0.120000,0.120000,0.120000,0.007692
3429.827465,real,0.080000,0.131656,0.120000,0.120000,0.120000,0.007692
3429.832533,real,0.080000,0.131656,0.120000,0.120000,0.120000,0.007692
3429.837664,real,0.080000,0.131656,0.120000,0.120000,0.120000,0.007692
3429.842611,real,0.080000,0.131656,0.120000,0.120000,0.120000,0.007692
3429.847455,real,0.080000,0.131656,0.120000,0.120000,0.120000,0.007692
3429.852563,real,0.080000,0.131656,0.120000,0.120000,0.120000,0.007692
3429.857850,real,0.080000,0.131656,0.120000,0.120000,0.120000,0.007692
3429.862488,real,0.080000,0.131656,0.120000,0.120000,0.120000,0.007692
3429.867387,real,0.080000,0.131656,0.120000,0.120000,0.120000,0.007692
3429.872634,real,0.080000,0.131656,0.120000,0.120000,0.120000,0.007692
3429.877774,real,0.080000,0.131656,0.120000,0.120000,0.120000,0.007692
3429.882562,real,0.080000,0.131656,0.120000,0.120000,0.120000,0.007692
3429.887638,real,0.080000,0.131656,0.120000,0.120000,0.120000,0.007692
3429.892216,real,0.080000,0.131656,0.120000,0.120000,0.120000,0.007692
3429.897263,real,0.080000,0.131656,0.120000,0.120000,0.120000,0.007692
3429.902208,real,0.080000,0.131656,0.120000,0.120000,0.120000,0.007692
3429.907212,real,0.080000,0.131656,0.120000,0.120000,0.120000,0.007692
3429.913995,real,0.080000,0.131656,0.120000,0.120000,0.120000,0.007692
3429.914223,real,0.080000,0.131656,0.120000,0.120000,0.120000,0.007692
3429.917102,real,0.080000,0.131656,0.120000,0.120000,0.120000,0.007692
3429.922448,real,0.080000,0.131656,0.120000,0.120000,0.120000,0.007692
3429.927378,real,0.080000,0.131656,0.120000,0.120000,0.120000,0.007692
3429.932207,real,0.080000,0.131656,0.120000,0.120000,0.120000,0.007692
3429.937072,real,0.080000,0.131656,0.120000,0.120000,0.120000,0.007692
3429.942054,real,0.080000,0.131656,0.120000,0.120000,0.120000,0.007692
3429.946815,real,0.080000,0.131656,0.120000,0.120000,0.120000,0.007692
3429.952065,real,0.080000,0.131656,0.120000,0.120000,0.120000,0.007692
3429.957100,real,0.080000,0.131656,0.120000,0.120000,0.120000,0.007692
3429.961963,real,0.080000,0.131656,0.120000,0.120000,0.120000,0.007692
3429.966835,real,0.080000,0.131656,0.120000,0.120000,0.120000,0.007692
3429.971846,real,0.080000,0.131656,0.120000,0.120000,0.120000,0.007692
3429.976937,real,0.080000,0.131656,0.120000,0.120000,0.120000,0.007692
3429.981874,real,0.080000,0.131656,0.120000,0.120000,0.120000,0.007692
3429.986848,real,0.080000,0.131656,0.120000,0.120000,0.120000,0.007692
3429.991908,real,0.080000,0.131656,0.120000,0.120000,0.120000,0.007692
3429.996873,real,0.080000,0.131656,0.120000,0.120000,0.120000,0.007692
3430.002020,real,0.080000,0.131656,0.120000,0.120000,0.120000,0.007692
3430.006807,real,0.080000,0.131656,0.120000,0.120000,0.120000,0.007692
3430.012682,real,0.080000,0.131656,0.120000,0.120000,0.120000,0.007692
3430.016855,real,0.080000,0.131656,0.120000,0.120000,0.120000,0.007692
3430.021830,real,0.080000,0.131656,0.120000,0.120000,0.120000,0.007692
3430.026693,real,0.080000,0.131656,0.120000,0.120000,0.120000,0.007692
3430.112776,real,0.080000,0.131656,0.120000,0.120000,0.120000,0.007692
3430.213187,real,0.080000,0.131656,0.120000,0.120000,0.120000,0.007692
3430.312476,real,0.080000,0.131656,0.120000,0.120000,0.120000,0.007692
3430.316365,real,0.080000,0.131656,0.120000,0.120000,0.120000,0.007692
3430.321635,real,0.080000,0.131656,0.120000,0.120000,0.120000,0.007692
3430.326501,real,0.080000,0.131656,0.120000,0.120000,0.120000,0.007692
3430.331275,real,0.080000,0.131656,0.120000,0.120000,0.120000,0.007692
3430.336506,real,0.080000,0.131656,0.120000,0.120000,0.120000,0.007692
3430.341617,real,0.080000,0.131656,0.120000,0.120000,0.120000,0.015385
3430.346352,real,0.080000,0.131656,0.120000,0.120000,0.120000,0.023077
3430.351534,real,0.080000,0.131656,0.120000,0.120000,0.120000,0.038462
3430.356427,real,0.080000,0.131656,0.125828,0.125828,0.125828,0.053846
3430.361693,real,0.080000,0.131656,0.125828,0.125828,0.125828,0.069231
3430.366681,real,0.080000,0.131656,0.137483,0.137483,0.125828,0.076923
3430.371580,real,0.080000,0.131656,0.137483,0.149139,0.143311,0.100000
3430.376654,real,0.080000,0.131656,0.149139,0.154967,0.149139,0.115385
3430.381910,real,0.080000,0.131656,0.160795,0.160795,0.160795,0.130769
3430.386431,real,0.080000,0.131656,0.166623,0.172450,0.160795,0.146154
3430.391384,real,0.080000,0.131656,0.166623,0.172450,0.172450,0.153846
3430.396526,real,0.080000,0.131656,0.178278,0.184106,0.178278,0.169231
3430.401729,real,0.080000,0.131656,0.178278,0.184106,0.178278,0.176923
3430.406794,real,0.092185,0.131656,0.178278,0.184106,0.184106,0.176923
3430.411583,real,0.092185,0.131656,0.189934,0.201589,0.184106,0.184615
3430.411875,real,0.092185,0.131656,0.189934,0.201589,0.184106,0.184615
3430.416247,real,0.116556,0.131656,0.189934,0.201589,0.184106,0.192308
3430.421607,real,0.122649,0.131656,0.189934,0.201589,0.195762,0.192308
3430.426311,real,0.128742,0.131656,0.201589,0.207417,0.201589,0.192308
3430.431331,real,0.140927,0.131656,0.213245,0.213245,0.201589,0.192308
3430.436574,real,0.147020,0.131656,0.213245,0.213245,0.207417,0.192308
3430.441706,real,0.159205,0.131656,0.213245,0.219073,0.213245,0.192308
3430.446395,real,0.165298,0.131656,0.224901,0.224901,0.213245,0.192308
3430.451464,real,0.165298,0.131656,0.224901,0.224901,0.224901,0.192308
3430.456319,real,0.177483,0.131656,0.236556,0.236556,0.224901,0.192308
3430.461641,real,0.183576,0.131656,0.236556,0.236556,0.224901,0.192308
3430.466713,real,0.183576,0.131656,0.236556,0.236556,0.236556,0.192308
3430.471498,real,0.183576,0.131656,0.248212,0.248212,0.236556,0.192308
3430.476246,real,0.189669,0.131656,0.254040,0.248212,0.236556,0.192308
3430.481412,real,0.189669,0.131656,0.254040,0.248212,0.248212,0.192308
3430.486385,real,0.189669,0.131656,0.265695,0.248212,0.254040,0.192308
3430.491347,real,0.189669,0.131656,0.265695,0.265695,0.254040,0.192308
3430.496600,real,0.207947,0.131656,0.265695,0.265695,0.265695,0.192308
3430.501394,real,0.207947,0.131656,0.271523,0.271523,0.265695,0.192308
3430.506638,real,0.226225,0.131656,0.277351,0.277351,0.265695,0.192308
3430.511495,real,0.226225,0.131656,0.277351,0.277351,0.277351,0.192308
3430.516134,real,0.226225,0.131656,0.289007,0.289007,0.277351,0.192308
3430.521262,real,0.238411,0.143311,0.294834,0.289007,0.289007,0.192308
3430.526145,real,0.238411,0.149139,0.294834,0.289007,0.289007,0.192308
3430.531377,real,0.238411,0.149139,0.306490,0.300662,0.289007,0.192308
3430.536628,real,0.250596,0.160795,0.306490,0.300662,0.300662,0.192308
3430.542073,real,0.250596,0.172450,0.306490,0.300662,0.306490,0.192308
3430.546175,real,0.250596,0.178278,0.318146,0.300662,0.306490,0.192308
3430.551121,real,0.250596,0.178278,0.323974,0.312318,0.306490,0.192308
3430.556119,real,0.262781,0.189934,0.323974,0.312318,0.318146,0.192308
3430.562051,real,0.268874,0.195762,0.335629,0.312318,0.318146,0.192308
3430.566503,real,0.268874,0.195762,0.341457,0.329801,0.318146,0.192308
3430.571107,real,0.281060,0.201589,0.341457,0.329801,0.329801,0.192308
3430.576218,real,0.281060,0.201589,0.347285,0.329801,0.335629,0.192308
3430.581189,real,0.281060,0.201589,0.353113,0.335629,0.335629,0.192308
3430.585965,real,0.293245,0.201589,0.353113,0.341457,0.353113,0.192308
3430.591675,real,0.299338,0.201589,0.364768,0.341457,0.353113,0.192308
3430.596275,real,0.299338,0.213245,0.370596,0.353113,0.353113,0.192308
3430.600979,real,0.311523,0.219073,0.370596,0.353113,0.364768,0.192308
3430.605998,real,0.317616,0.219073,0.376424,0.353113,0.364768,0.192308
3430.611251,real,0.317616,0.224901,0.382252,0.364768,0.364768,0.192308
3430.611501,real,0.317616,0.224901,0.382252,0.364768,0.376424,0.192308
3430.615948,real,0.323709,0.230728,0.382252,0.364768,0.376424,0.192308
3430.621782,real,0.329801,0.230728,0.388079,0.364768,0.376424,0.192308
3430.626186,real,0.329801,0.230728,0.393907,0.376424,0.388079,0.192308
3430.631041,real,0.335894,0.236556,0.393907,0.376424,0.388079,0.192308
3430.635871,real,0.341987,0.236556,0.393907,0.376424,0.388079,0.192308
3430.641079,real,0.341987,0.236556,0.411391,0.388079,0.388079,0.192308
3430.646151,real,0.354172,0.248212,0.411391,0.388079,0.399735,0.192308
3430.650871,real,0.354172,0.248212,0.423046,0.388079,0.405563,0.192308
3430.656269,real,0.354172,0.248212,0.423046,0.399735,0.405563,0.192308
3430.660913,real,0.354172,0.265695,0.423046,0.399735,0.417219,0.192308
3430.665863,real,0.366358,0.265695,0.423046,0.399735,0.423046,0.192308
3430.670761,real,0.366358,0.265695,0.423046,0.411391,0.423046,0.192308
3430.676084,real,0.384636,0.271523,0.434702,0.411391,0.428874,0.192308
3430.680779,real,0.384636,0.277351,0.446358,0.411391,0.434702,0.192308
3430.686102,real,0.384636,0.277351,0.452185,0.423046,0.434702,0.192308
3430.690953,real,0.384636,0.283179,0.452185,0.423046,0.446358,0.192308
3430.695956,real,0.396821,0.289007,0.458013,0.434702,0.446358,0.192308
3430.700842,real,0.396821,0.289007,0.463841,0.440530,0.446358,0.192308
3430.705987,real,0.396821,0.294834,0.463841,0.440530,0.458013,0.192308
3430.711666,real,0.415099,0.294834,0.475497,0.446358,0.458013,0.192308
3430.711964,real,0.415099,0.294834,0.475497,0.446358,0.458013,0.192308
3430.715718,real,0.415099,0.294834,0.475497,0.452185,0.469669,0.192308
3430.720999,real,0.415099,0.294834,0.475497,0.452185,0.475497,0.192308
3430.725983,real,0.421192,0.306490,0.487152,0.458013,0.475497,0.192308
3430.730547,real,0.427285,0.306490,0.492980,0.463841,0.481325,0.192308
3430.735597,real,0.427285,0.318146,0.492980,0.463841,0.487152,0.192308
3430.740748,real,0.439470,0.318146,0.498808,0.475497,0.487152,0.192308
3430.746033,real,0.445563,0.318146,0.498808,0.475497,0.492980,0.192308
3430.750830,real,0.445563,0.329801,0.498808,0.475497,0.498808,0.192308
3430.755657,real,0.457748,0.329801,0.516291,0.475497,0.498808,0.192308
3430.760833,real,0.457748,0.329801,0.516291,0.487152,0.504636,0.192308
3430.765767,real,0.457748,0.329801,0.516291,0.487152,0.510464,0.192308
3430.770601,real,0.463841,0.341457,0.527947,0.487152,0.510464,0.192308
3430.775556,real,0.469934,0.341457,0.527947,0.504636,0.522119,0.192308
3430.780809,real,0.469934,0.341457,0.539603,0.504636,0.522119,0.192308
3430.785777,real,0.469934,0.353113,0.539603,0.504636,0.522119,0.192308
3430.790712,real,0.482119,0.353113,0.539603,0.510464,0.533775,0.192308
3430.795411,real,0.482119,0.353113,0.551258,0.516291,0.533775,0.192308
3430.800751,real,0.482119,0.370596,0.551258,0.516291,0.533775,0.192308
3430.805920,real,0.500397,0.370596,0.551258,0.522119,0.545430,0.192308
3430.811115,real,0.500397,0.370596,0.562914,0.527947,0.551258,0.192308
3430.812720,real,0.500397,0.370596,0.562914,0.527947,0.551258,0.192308
3430.815737,real,0.500397,0.376424,0.562914,0.527947,0.551258,0.192308
3430.820510,real,0.512583,0.376424,0.562914,0.533775,0.557086,0.192308
3430.825670,real,0.518675,0.376424,0.574570,0.539603,0.562914,0.192308
3430.830481,real,0.518675,0.376424,0.580397,0.539603,0.562914,0.192308
3430.835390,real,0.530861,0.388079,0.580397,0.539603,0.574570,0.192308
3430.840742,real,0.530861,0.393907,0.586225,0.551258,0.574570,0.192308
3430.846091,real,0.530861,0.393907,0.592053,0.551258,0.574570,0.192308
3430.850571,real,0.530861,0.399735,0.592053,0.551258,0.580397,0.192308
3430.855423,real,0.530861,0.399735,0.603709,0.568742,0.586225,0.192308
3430.860316,real,0.543046,0.399735,0.603709,0.568742,0.586225,0.192308
3430.865691,real,0.543046,0.411391,0.603709,0.574570,0.597881,0.192308
3430.870561,real,0.555232,0.417219,0.603709,0.580397,0.603709,0.192308
3430.875721,real,0.555232,0.417219,0.621192,0.580397,0.603709,0.192308
3430.880491,real,0.555232,0.428874,0.621192,0.586225,0.609536,0.192308
3430.885484,real,0.555232,0.428874,0.627020,0.592053,0.615364,0.192308
3430.890588,real,0.567417,0.428874,0.632848,0.592053,0.615364,0.192308
3430.895416,real,0.567417,0.434702,0.632848,0.603709,0.627020,0.192308
3430.900482,real,0.567417,0.440530,0.638675,0.603709,0.632848,0.192308
3430.905416,real,0.567417,0.440530,0.644503,0.603709,0.632848,0.192308
3430.910601,real,0.579603,0.440530,0.644503,0.615364,0.644503,0.192308
3430.910847,real,0.579603,0.440530,0.644503,0.615364,0.644503,0.192308
3430.915306,real,0.579603,0.446358,0.650331,0.615364,0.644503,0.192308
3430.920318,real,0.579603,0.446358,0.656159,0.615364,0.644503,0.192308
3430.925851,real,0.591788,0.446358,0.656159,0.627020,0.656159,0.192308
3430.930374,real,0.591788,0.458013,0.661987,0.627020,0.656159,0.192308
3430.935551,real,0.603974,0.463841,0.667815,0.627020,0.656159,0.192308
3430.940732,real,0.610066,0.463841,0.667815,0.638675,0.667815,0.192308
3430.945582,real,0.610066,0.469669,0.673642,0.638675,0.667815,0.192308
3430.950245,real,0.616159,0.475497,0.679470,0.638675,0.667815,0.192308
3430.955114,real,0.622252,0.475497,0.679470,0.650331,0.679470,0.192308
3430.960232,real,0.622252,0.481325,0.691126,0.650331,0.685298,0.192308
3430.965659,real,0.634437,0.487152,0.691126,0.650331,0.685298,0.192308
3430.970310,real,0.634437,0.487152,0.691126,0.667815,0.691126,0.192308
3430.975312,real,0.634437,0.492980,0.702781,0.667815,0.691126,0.192308
3430.980252,real,0.634437,0.492980,0.702781,0.667815,0.691126,0.192308
3430.985028,real,0.646623,0.492980,0.702781,0.679470,0.702781,0.192308
3430.990364,real,0.646623,0.492980,0.720265,0.679470,0.714437,0.192308
3430.995039,real,0.646623,0.504636,0.720265,0.691126,0.714437,0.192308
3431.000437,real,0.664901,0.510464,0.720265,0.691126,0.714437,0.192308
3431.005213,real,0.664901,0.510464,0.731921,0.691126,0.720265,0.192308
3431.010426,real,0.664901,0.516291,0.731921,0.696954,0.720265,0.192308
3431.014961,real,0.670993,0.516291,0.737748,0.702781,0.720265,0.192308
3431.019951,real,0.670993,0.516291,0.743576,0.702781,0.731921,0.192308
3431.025068,real,0.670993,0.516291,0.743576,0.702781,0.731921,0.192308
3431.030127,real,0.670993,0.527947,0.749404,0.714437,0.731921,0.192308
3431.034978,real,0.670993,0.527947,0.755232,0.714437,0.731921,0.192308
3431.040322,real,0.670993,0.527947,0.755232,0.714437,0.731921,0.192308
3431.045237,real,0.670993,0.539603,0.766887,0.726093,0.731921,0.192308
3431.050028,real,0.670993,0.539603,0.766887,0.731921,0.731921,0.192308
3431.055082,real,0.670993,0.539603,0.766887,0.731921,0.731921,0.192308
3431.060212,real,0.670993,0.551258,0.778543,0.743576,0.731921,0.192308
3431.064921,real,0.670993,0.551258,0.778543,0.743576,0.731921,0.192308
3431.070036,real,0.670993,0.551258,0.778543,0.743576,0.731921,0.192308
3431.074878,real,0.670993,0.562914,0.790199,0.755232,0.731921,0.192308
3431.079886,real,0.670993,0.562914,0.790199,0.755232,0.731921,0.192308
3431.084781,real,0.670993,0.562914,0.790199,0.755232,0.731921,0.192308
3431.090036,real,0.670993,0.562914,0.790199,0.766887,0.731921,0.192308
3431.094758,real,0.670993,0.574570,0.790199,0.766887,0.731921,0.192308
3431.099767,real,0.670993,0.574570,0.790199,0.778543,0.731921,0.192308
3431.104938,real,0.670993,0.574570,0.790199,0.778543,0.731921,0.192308
3431.110226,real,0.670993,0.586225,0.790199,0.778543,0.731921,0.192308
3431.110490,real,0.670993,0.592053,0.790199,0.778543,0.731921,0.192308
3431.114654,real,0.670993,0.592053,0.790199,0.778543,0.731921,0.192308
3431.119940,real,0.670993,0.592053,0.790199,0.778543,0.731921,0.192308
3431.124786,real,0.670993,0.597881,0.790199,0.778543,0.731921,0.192308
3431.129843,real,0.670993,0.597881,0.790199,0.778543,0.731921,0.192308
3431.134781,real,0.670993,0.597881,0.790199,0.778543,0.731921,0.192308
3431.139778,real,0.670993,0.609536,0.790199,0.778543,0.731921,0.192308
3431.144731,real,0.670993,0.609536,0.790199,0.778543,0.731921,0.192308
3431.149789,real,0.670993,0.609536,0.790199,0.778543,0.731921,0.192308
3431.154887,real,0.670993,0.609536,0.790199,0.778543,0.731921,0.192308
3431.159852,real,0.670993,0.615364,0.790199,0.778543,0.731921,0.192308
3431.164642,real,0.670993,0.621192,0.790199,0.778543,0.731921,0.192308
3431.169972,real,0.670993,0.621192,0.790199,0.778543,0.731921,0.192308
3431.174729,real,0.670993,0.621192,0.790199,0.778543,0.731921,0.192308
3431.179630,real,0.670993,0.638675,0.790199,0.778543,0.731921,0.192308
3431.185134,real,0.670993,0.638675,0.796026,0.778543,0.731921,0.192308
3431.190086,real,0.670993,0.638675,0.796026,0.778543,0.731921,0.192308
3431.194781,real,0.670993,0.644503,0.796026,0.778543,0.731921,0.192308
3431.199865,real,0.670993,0.644503,0.796026,0.778543,0.731921,0.192308
3431.204807,real,0.670993,0.644503,0.796026,0.778543,0.731921,0.192308
3431.210771,real,0.670993,0.656159,0.796026,0.778543,0.731921,0.192308
3431.210992,real,0.670993,0.656159,0.796026,0.778543,0.731921,0.192308
3431.214615,real,0.670993,0.656159,0.796026,0.778543,0.731921,0.192308
3431.219674,real,0.670993,0.656159,0.796026,0.778543,0.731921,0.192308
3431.224565,real,0.670993,0.667815,0.796026,0.778543,0.731921,0.192308
3431.229483,real,0.670993,0.667815,0.796026,0.778543,0.731921,0.192308
3431.234705,real,0.670993,0.667815,0.796026,0.778543,0.731921,0.192308
3431.239675,real,0.670993,0.667815,0.796026,0.778543,0.731921,0.192308
3431.244469,real,0.670993,0.679470,0.796026,0.778543,0.731921,0.192308
3431.249570,real,0.670993,0.679470,0.796026,0.778543,0.731921,0.192308
3431.254497,real,0.670993,0.679470,0.796026,0.778543,0.731921,0.192308
3431.259401,real,0.670993,0.691126,0.796026,0.778543,0.731921,0.192308
3431.264420,real,0.670993,0.691126,0.796026,0.778543,0.731921,0.192308
3431.269503,real,0.670993,0.691126,0.796026,0.778543,0.731921,0.192308
3431.274496,real,0.670993,0.691126,0.796026,0.778543,0.731921,0.192308
3431.279426,real,0.670993,0.691126,0.796026,0.778543,0.731921,0.192308
3431.284375,real,0.670993,0.708609,0.796026,0.778543,0.731921,0.192308
3431.289886,real,0.670993,0.714437,0.796026,0.778543,0.731921,0.192308
3431.294465,real,0.670993,0.714437,0.796026,0.778543,0.731921,0.192308
3431.299325,real,0.670993,0.720265,0.796026,0.778543,0.731921,0.192308
3431.304455,real,0.670993,0.726093,0.796026,0.778543,0.731921,0.192308
3431.309957,real,0.670993,0.726093,0.796026,0.778543,0.731921,0.192308
3431.311768,real,0.670993,0.726093,0.796026,0.778543,0.731921,0.192308
3431.314727,real,0.670993,0.726093,0.796026,0.778543,0.731921,0.192308
3431.319546,real,0.670993,0.731921,0.796026,0.778543,0.731921,0.192308
3431.324712,real,0.670993,0.737748,0.796026,0.778543,0.731921,0.192308
3431.329629,real,0.670993,0.737748,0.796026,0.778543,0.731921,0.192308
3431.334574,real,0.670993,0.737748,0.796026,0.778543,0.731921,0.192308
3431.339255,real,0.670993,0.737748,0.796026,0.778543,0.731921,0.192308
3431.344439,real,0.670993,0.737748,0.796026,0.778543,0.731921,0.161538
3431.349670,real,0.670993,0.737748,0.796026,0.778543,0.731921,0.153846
3431.354829,real,0.670993,0.737748,0.796026,0.778543,0.731921,0.146154
3431.359657,real,0.670993,0.737748,0.796026,0.778543,0.731921,0.123077
3431.364396,real,0.670993,0.737748,0.796026,0.778543,0.731921,0.115385
3431.369635,real,0.670993,0.737748,0.796026,0.778543,0.731921,0.100000
3431.374425,real,0.664901,0.737748,0.796026,0.778543,0.731921,0.084615
3431.379311,real,0.658808,0.737748,0.796026,0.778543,0.731921,0.076923
3431.384443,real,0.646623,0.737748,0.796026,0.778543,0.720265,0.053846
3431.389294,real,0.628344,0.737748,0.796026,0.778543,0.714437,0.046154
3431.394708,real,0.622252,0.737748,0.796026,0.778543,0.714437,0.030769
3431.399295,real,0.616159,0.737748,0.796026,0.778543,0.702781,0.015385
3431.404209,real,0.597881,0.737748,0.796026,0.778543,0.696954,0.007692
3431.409652,real,0.597881,0.737748,0.796026,0.778543,0.685298,0.000000
3431.410203,real,0.597881,0.737748,0.796026,0.778543,0.685298,0.000000
3431.414227,real,0.597881,0.737748,0.796026,0.778543,0.679470,0.000000
3431.419303,real,0.579603,0.737748,0.796026,0.778543,0.667815,0.000000
3431.424974,real,0.579603,0.737748,0.796026,0.778543,0.667815,0.000000
3431.429358,real,0.567417,0.737748,0.796026,0.778543,0.667815,0.000000
3431.434206,real,0.567417,0.737748,0.796026,0.778543,0.656159,0.000000
3431.439386,real,0.567417,0.737748,0.796026,0.778543,0.656159,0.000000
3431.444166,real,0.549139,0.737748,0.796026,0.778543,0.644503,0.000000
3431.449232,real,0.549139,0.737748,0.796026,0.778543,0.644503,0.000000
3431.454371,real,0.549139,0.737748,0.796026,0.778543,0.644503,0.000000
3431.459447,real,0.543046,0.737748,0.796026,0.778543,0.632848,0.000000
3431.464376,real,0.536954,0.737748,0.796026,0.778543,0.632848,0.000000
3431.469141,real,0.536954,0.737748,0.796026,0.778543,0.632848,0.000000
3431.474457,real,0.536954,0.737748,0.796026,0.778543,0.621192,0.000000
3431.479213,real,0.524768,0.737748,0.796026,0.778543,0.615364,0.000000
3431.483978,real,0.512583,0.737748,0.796026,0.778543,0.615364,0.000000
3431.489425,real,0.512583,0.737748,0.796026,0.778543,0.609536,0.000000
3431.494328,real,0.494305,0.737748,0.796026,0.778543,0.603709,0.000000
3431.498921,real,0.488212,0.737748,0.796026,0.778543,0.603709,0.000000
3431.503999,real,0.482119,0.737748,0.796026,0.778543,0.592053,0.000000
3431.509261,real,0.482119,0.737748,0.796026,0.778543,0.592053,0.000000
3431.514349,real,0.469934,0.737748,0.796026,0.778543,0.592053,0.000000
3431.519243,real,0.469934,0.737748,0.796026,0.778543,0.580397,0.000000
3431.524150,real,0.469934,0.737748,0.796026,0.778543,0.580397,0.000000
3431.528920,real,0.457748,0.737748,0.796026,0.778543,0.580397,0.000000
3431.534092,real,0.451656,0.737748,0.796026,0.778543,0.562914,0.000000
3431.538962,real,0.451656,0.737748,0.796026,0.778543,0.562914,0.000000
3431.543843,real,0.451656,0.737748,0.796026,0.778543,0.562914,0.000000
3431.549023,real,0.439470,0.737748,0.796026,0.778543,0.551258,0.000000
3431.554272,real,0.439470,0.737748,0.796026,0.778543,0.551258,0.000000
3431.559126,real,0.433377,0.737748,0.796026,0.778543,0.551258,0.000000
3431.563711,real,0.427285,0.737748,0.796026,0.778543,0.533775,0.000000
3431.568889,real,0.427285,0.720265,0.796026,0.778543,0.533775,0.000000
3431.573804,real,0.415099,0.714437,0.796026,0.778543,0.533775,0.000000
3431.578930,real,0.409007,0.702781,0.796026,0.778543,0.522119,0.000000
3431.583918,real,0.409007,0.696954,0.796026,0.778543,0.522119,0.000000
3431.588861,real,0.390728,0.691126,0.796026,0.778543,0.522119,0.000000
3431.593828,real,0.390728,0.679470,0.796026,0.778543,0.510464,0.000000
3431.599078,real,0.390728,0.673642,0.796026,0.778543,0.504636,0.000000
3431.603835,real,0.378543,0.673642,0.796026,0.778543,0.504636,0.000000
3431.609214,real,0.372450,0.661987,0.796026,0.778543,0.498808,0.000000
3431.609417,real,0.372450,0.661987,0.796026,0.778543,0.492980,0.000000
3431.613809,real,0.372450,0.661987,0.796026,0.778543,0.492980,0.000000
3431.618823,real,0.366358,0.661987,0.796026,0.778543,0.492980,0.000000
3431.623725,real,0.360265,0.661987,0.796026,0.778543,0.481325,0.000000
3431.628657,real,0.360265,0.650331,0.796026,0.778543,0.481325,0.000000
3431.633701,real,0.354172,0.650331,0.796026,0.778543,0.481325,0.000000
3431.638671,real,0.348079,0.650331,0.796026,0.778543,0.463841,0.000000
3431.643561,real,0.348079,0.638675,0.796026,0.778543,0.463841,0.000000
3431.648688,real,0.329801,0.638675,0.796026,0.778543,0.463841,0.000000
3431.653703,real,0.323709,0.638675,0.796026,0.778543,0.452185,0.000000
3431.658504,real,0.323709,0.627020,0.796026,0.778543,0.452185,0.000000
3431.663642,real,0.311523,0.621192,0.796026,0.778543,0.452185,0.000000
3431.668614,real,0.305430,0.621192,0.796026,0.778543,0.440530,0.000000
3431.673653,real,0.305430,0.609536,0.796026,0.778543,0.434702,0.000000
3431.678821,real,0.293245,0.609536,0.796026,0.778543,0.434702,0.000000
3431.683508,real,0.293245,0.609536,0.796026,0.778543,0.423046,0.000000
3431.688428,real,0.293245,0.597881,0.796026,0.778543,0.423046,0.000000
3431.693555,real,0.293245,0.592053,0.796026,0.778543,0.423046,0.000000
3431.698652,real,0.281060,0.592053,0.796026,0.778543,0.411391,0.000000
3431.703383,real,0.281060,0.586225,0.796026,0.778543,0.405563,0.000000
3431.708836,real,0.281060,0.586225,0.796026,0.778543,0.405563,0.000000
3431.709191,real,0.281060,0.586225,0.796026,0.778543,0.405563,0.000000
3431.713559,real,0.268874,0.586225,0.796026,0.778543,0.399735,0.000000
3431.718535,real,0.268874,0.586225,0.796026,0.778543,0.393907,0.000000
3431.723582,real,0.268874,0.574570,0.796026,0.778543,0.393907,0.000000
3431.728505,real,0.250596,0.574570,0.796026,0.778543,0.382252,0.000000
3431.733378,real,0.250596,0.574570,0.796026,0.778543,0.382252,0.000000
3431.738595,real,0.238411,0.562914,0.796026,0.778543,0.382252,0.000000
3431.743433,real,0.232318,0.562914,0.796026,0.778543,0.370596,0.000000
3431.748436,real,0.232318,0.562914,0.796026,0.778543,0.370596,0.000000
3431.753290,real,0.220132,0.551258,0.796026,0.778543,0.370596,0.000000
3431.758454,real,0.220132,0.545430,0.796026,0.778543,0.358940,0.000000
3431.763422,real,0.220132,0.545430,0.796026,0.778543,0.358940,0.000000
3431.768254,real,0.201854,0.533775,0.796026,0.778543,0.347285,0.000000
3431.773339,real,0.201854,0.533775,0.796026,0.778543,0.341457,0.000000
3431.778708,real,0.195762,0.533775,0.796026,0.778543,0.341457,0.000000
3431.783291,real,0.189669,0.522119,0.796026,0.778543,0.329801,0.000000
3431.788232,real,0.189669,0.522119,0.796026,0.778543,0.329801,0.000000
3431.793512,real,0.183576,0.522119,0.796026,0.778543,0.329801,0.000000
3431.798449,real,0.177483,0.510464,0.796026,0.778543,0.318146,0.000000
3431.803166,real,0.177483,0.510464,0.796026,0.778543,0.312318,0.000000
3431.808674,real,0.165298,0.510464,0.796026,0.778543,0.312318,0.000000
3431.808977,real,0.165298,0.510464,0.796026,0.778543,0.312318,0.000000
3431.813190,real,0.165298,0.510464,0.796026,0.778543,0.306490,0.000000
3431.818467,real,0.165298,0.504636,0.796026,0.778543,0.300662,0.000000
3431.823549,real,0.153113,0.498808,0.796026,0.778543,0.300662,0.000000
3431.828176,real,0.147020,0.498808,0.796026,0.778543,0.294834,0.000000
3431.833140,real,0.147020,0.498808,0.796026,0.778543,0.289007,0.000000
3431.838608,real,0.134834,0.498808,0.796026,0.778543,0.289007,0.000000
3431.843256,real,0.134834,0.498808,0.796026,0.778543,0.283179,0.000000
3431.848103,real,0.134834,0.498808,0.796026,0.778543,0.277351,0.000000
3431.853333,real,0.122649,0.498808,0.796026,0.778543,0.277351,0.000000
3431.858878,real,0.116556,0.498808,0.796026,0.778543,0.265695,0.000000
3431.863319,real,0.116556,0.498808,0.796026,0.778543,0.265695,0.000000
3431.868385,real,0.110464,0.498808,0.796026,0.778543,0.265695,0.000000
3431.873418,real,0.104371,0.498808,0.796026,0.778543,0.248212,0.000000
3431.878561,real,0.104371,0.498808,0.796026,0.778543,0.248212,0.000000
3431.883069,real,0.092185,0.498808,0.796026,0.778543,0.248212,0.000000
3431.888390,real,0.092185,0.498808,0.796026,0.778543,0.242384,0.000000
3431.893350,real,0.092185,0.498808,0.796026,0.778543,0.242384,0.000000
3431.898286,real,0.086093,0.498808,0.796026,0.778543,0.230728,0.000000
3431.903075,real,0.086093,0.498808,0.796026,0.778543,0.224901,0.000000
3431.908419,real,0.086093,0.498808,0.796026,0.778543,0.224901,0.000000
3431.908645,real,0.086093,0.498808,0.796026,0.778543,0.224901,0.000000
3431.912986,real,0.086093,0.498808,0.796026,0.778543,0.219073,0.000000
3431.918739,real,0.086093,0.498808,0.796026,0.778543,0.213245,0.000000
3431.923222,real,0.086093,0.498808,0.796026,0.778543,0.213245,0.000000
3431.927939,real,0.086093,0.498808,0.796026,0.778543,0.201589,0.000000
3431.932969,real,0.086093,0.498808,0.796026,0.778543,0.201589,0.000000
3431.938133,real,0.086093,0.498808,0.796026,0.778543,0.201589,0.000000
3431.943079,real,0.086093,0.498808,0.796026,0.778543,0.189934,0.000000
3431.948071,real,0.086093,0.498808,0.796026,0.778543,0.184106,0.000000
3431.953095,real,0.086093,0.498808,0.796026,0.778543,0.184106,0.000000
3431.958020,real,0.086093,0.498808,0.796026,0.778543,0.178278,0.000000
3431.962879,real,0.086093,0.498808,0.796026,0.778543,0.172450,0.000000
3431.968038,real,0.086093,0.498808,0.796026,0.778543,0.172450,0.000000
3431.972918,real,0.086093,0.498808,0.796026,0.778543,0.160795,0.000000
3431.977885,real,0.086093,0.498808,0.796026,0.778543,0.160795,0.000000
3431.982947,real,0.086093,0.498808,0.796026,0.778543,0.160795,0.000000
3431.988016,real,0.086093,0.498808,0.796026,0.778543,0.149139,0.000000
3431.992975,real,0.086093,0.498808,0.796026,0.778543,0.149139,0.000000
3431.997994,real,0.086093,0.498808,0.796026,0.778543,0.149139,0.000000
3432.003032,real,0.086093,0.498808,0.796026,0.778543,0.131656,0.000000
3432.008162,real,0.086093,0.498808,0.796026,0.778543,0.131656,0.000000
3432.012853,real,0.086093,0.492980,0.796026,0.778543,0.131656,0.000000
3432.017905,real,0.086093,0.492980,0.796026,0.778543,0.120000,0.000000
3432.023028,real,0.086093,0.492980,0.796026,0.778543,0.120000,0.000000
3432.027779,real,0.086093,0.492980,0.796026,0.778543,0.120000,0.000000
3432.032886,real,0.086093,0.492980,0.796026,0.778543,0.120000,0.000000
3432.037740,real,0.086093,0.492980,0.796026,0.778543,0.120000,0.000000
3432.042690,real,0.086093,0.492980,0.796026,0.778543,0.120000,0.000000
3432.047835,real,0.086093,0.492980,0.796026,0.778543,0.120000,0.000000
3432.052828,real,0.086093,0.492980,0.796026,0.778543,0.120000,0.000000
3432.057684,real,0.086093,0.492980,0.796026,0.766887,0.120000,0.000000
3432.062718,real,0.086093,0.492980,0.796026,0.761060,0.120000,0.000000
3432.067596,real,0.086093,0.492980,0.784371,0.761060,0.120000,0.000000
3432.072547,real,0.086093,0.492980,0.784371,0.737748,0.120000,0.000000
3432.077837,real,0.086093,0.492980,0.784371,0.731921,0.120000,0.000000
3432.082872,real,0.086093,0.492980,0.761060,0.726093,0.120000,0.000000
3432.087655,real,0.086093,0.492980,0.761060,0.714437,0.120000,0.000000
3432.092515,real,0.086093,0.492980,0.749404,0.708609,0.120000,0.000000
3432.097718,real,0.086093,0.492980,0.743576,0.702781,0.120000,0.000000
3432.102619,real,0.086093,0.492980,0.737748,0.702781,0.120000,0.000000
3432.108060,real,0.086093,0.492980,0.737748,0.691126,0.120000,0.000000
3432.108340,real,0.086093,0.492980,0.737748,0.691126,0.120000,0.000000
3432.112638,real,0.086093,0.492980,0.731921,0.691126,0.120000,0.000000
3432.117663,real,0.086093,0.492980,0.726093,0.691126,0.120000,0.000000
3432.123167,real,0.086093,0.492980,0.726093,0.679470,0.120000,0.000000
3432.127489,real,0.086093,0.492980,0.726093,0.673642,0.120000,0.000000
3432.132729,real,0.086093,0.492980,0.720265,0.673642,0.120000,0.000000
3432.137641,real,0.086093,0.492980,0.720265,0.661987,0.120000,0.000000
3432.143634,real,0.086093,0.492980,0.720265,0.661987,0.120000,0.000000
3432.147581,real,0.086093,0.492980,0.702781,0.661987,0.120000,0.000000
3432.152490,real,0.086093,0.492980,0.702781,0.650331,0.120000,0.000000
3432.157845,real,0.086093,0.492980,0.691126,0.650331,0.120000,0.000000
3432.162672,real,0.086093,0.492980,0.691126,0.650331,0.120000,0.000000
3432.167563,real,0.086093,0.492980,0.691126,0.638675,0.120000,0.000000
3432.172526,real,0.086093,0.492980,0.679470,0.632848,0.120000,0.000000
3432.177670,real,0.086093,0.492980,0.673642,0.632848,0.120000,0.000000
3432.182685,real,0.086093,0.492980,0.673642,0.627020,0.120000,0.000000
3432.187332,real,0.086093,0.492980,0.667815,0.621192,0.120000,0.000000
3432.192575,real,0.086093,0.492980,0.661987,0.621192,0.120000,0.000000
3432.197373,real,0.086093,0.492980,0.661987,0.615364,0.120000,0.000000
3432.202536,real,0.086093,0.492980,0.656159,0.609536,0.120000,0.000000
3432.208013,real,0.086093,0.492980,0.650331,0.609536,0.120000,0.000000
3432.208229,real,0.086093,0.492980,0.650331,0.609536,0.120000,0.000000
3432.212211,real,0.086093,0.492980,0.650331,0.597881,0.120000,0.000000
3432.217230,real,0.086093,0.492980,0.644503,0.597881,0.120000,0.000000
3432.222899,real,0.086093,0.492980,0.638675,0.597881,0.120000,0.000000
3432.227382,real,0.086093,0.492980,0.638675,0.586225,0.120000,0.000000
3432.232183,real,0.086093,0.492980,0.632848,0.586225,0.120000,0.000000
3432.237281,real,0.086093,0.492980,0.627020,0.586225,0.120000,0.000000
3432.242765,real,0.086093,0.492980,0.627020,0.574570,0.120000,0.000000
3432.247453,real,0.086093,0.492980,0.615364,0.574570,0.120000,0.000000
3432.252172,real,0.086093,0.492980,0.609536,0.574570,0.120000,0.000000
3432.257314,real,0.086093,0.492980,0.609536,0.557086,0.120000,0.000000
3432.262524,real,0.086093,0.492980,0.597881,0.557086,0.120000,0.000000
3432.267091,real,0.086093,0.492980,0.597881,0.557086,0.120000,0.000000
3432.272337,real,0.086093,0.492980,0.597881,0.545430,0.120000,0.000000
3432.277498,real,0.086093,0.492980,0.586225,0.545430,0.120000,0.000000
3432.282141,real,0.086093,0.492980,0.586225,0.533775,0.120000,0.000000
3432.287269,real,0.086093,0.492980,0.586225,0.533775,0.120000,0.000000
3432.292170,real,0.086093,0.492980,0.574570,0.533775,0.120000,0.000000
3432.297304,real,0.086093,0.492980,0.568742,0.533775,0.120000,0.000000
3432.302535,real,0.086093,0.492980,0.568742,0.522119,0.120000,0.000000
3432.307614,real,0.086093,0.492980,0.557086,0.522119,0.120000,0.000000
3432.307891,real,0.086093,0.492980,0.557086,0.522119,0.120000,0.000000
3432.312057,real,0.086093,0.492980,0.557086,0.522119,0.120000,0.000000
3432.317165,real,0.086093,0.492980,0.557086,0.510464,0.120000,0.000000
3432.322245,real,0.086093,0.492980,0.545430,0.510464,0.120000,0.000000
3432.327165,real,0.086093,0.492980,0.545430,0.510464,0.120000,0.000000
3432.332065,real,0.086093,0.492980,0.545430,0.498808,0.120000,0.000000
3432.337632,real,0.086093,0.492980,0.533775,0.492980,0.120000,0.000000
3432.342161,real,0.086093,0.492980,0.527947,0.492980,0.120000,0.000000
3432.347180,real,0.086093,0.492980,0.527947,0.481325,0.120000,0.000000
3432.352160,real,0.086093,0.492980,0.516291,0.481325,0.120000,0.000000
3432.357009,real,0.086093,0.492980,0.516291,0.481325,0.120000,0.000000
3432.363462,real,0.086093,0.492980,0.516291,0.469669,0.120000,0.000000
3432.367406,real,0.086093,0.492980,0.504636,0.469669,0.120000,0.000000
3432.372351,real,0.086093,0.492980,0.504636,0.463841,0.120000,0.000000
3432.377422,real,0.086093,0.492980,0.504636,0.458013,0.120000,0.000000
3432.382105,real,0.086093,0.492980,0.498808,0.458013,0.120000,0.000000
3432.387305,real,0.086093,0.492980,0.498808,0.458013,0.120000,0.000000
3432.392248,real,0.086093,0.492980,0.498808,0.458013,0.120000,0.000000
3432.397446,real,0.086093,0.492980,0.498808,0.458013,0.120000,0.023077
3432.402242,real,0.086093,0.492980,0.498808,0.458013,0.120000,0.030769
3432.407340,real,0.086093,0.492980,0.498808,0.458013,0.120000,0.053846
3432.407625,real,0.086093,0.492980,0.498808,0.458013,0.120000,0.053846
3432.411908,real,0.086093,0.492980,0.498808,0.458013,0.120000,0.061538
3432.417145,real,0.086093,0.492980,0.498808,0.458013,0.120000,0.069231
3432.422228,real,0.086093,0.492980,0.498808,0.458013,0.120000,0.092308
3432.427361,real,0.086093,0.492980,0.498808,0.458013,0.120000,0.100000
3432.432249,real,0.086093,0.492980,0.498808,0.458013,0.120000,0.115385
3432.436990,real,0.086093,0.504636,0.498808,0.458013,0.120000,0.130769
3432.442208,real,0.086093,0.504636,0.498808,0.458013,0.120000,0.138462
3432.447322,real,0.086093,0.504636,0.498808,0.458013,0.120000,0.138462
3432.452044,real,0.086093,0.522119,0.498808,0.458013,0.120000,0.138462
3432.457401,real,0.086093,0.527947,0.498808,0.458013,0.120000,0.146154
3432.462015,real,0.086093,0.527947,0.498808,0.458013,0.120000,0.146154
3432.467238,real,0.086093,0.539603,0.498808,0.458013,0.120000,0.146154
3432.472126,real,0.086093,0.539603,0.498808,0.458013,0.120000,0.146154
3432.477093,real,0.086093,0.539603,0.498808,0.458013,0.120000,0.146154
3432.481984,real,0.086093,0.539603,0.498808,0.458013,0.120000,0.146154
3432.487133,real,0.086093,0.551258,0.498808,0.458013,0.120000,0.146154
3432.492318,real,0.086093,0.551258,0.498808,0.458013,0.120000,0.146154
3432.497113,real,0.086093,0.551258,0.498808,0.458013,0.120000,0.146154
3432.501883,real,0.086093,0.551258,0.498808,0.458013,0.120000,0.138462
3432.507465,real,0.086093,0.557086,0.498808,0.458013,0.120000,0.138462
3432.512039,real,0.086093,0.562914,0.498808,0.458013,0.120000,0.138462
3432.516796,real,0.086093,0.562914,0.498808,0.458013,0.120000,0.138462
3432.521742,real,0.086093,0.568742,0.498808,0.458013,0.120000,0.138462
3432.527107,real,0.086093,0.568742,0.498808,0.458013,0.120000,0.138462
3432.531750,real,0.086093,0.568742,0.498808,0.458013,0.120000,0.138462
3432.536685,real,0.086093,0.568742,0.498808,0.458013,0.120000,0.138462
3432.542018,real,0.086093,0.586225,0.498808,0.458013,0.120000,0.138462
3432.546952,real,0.086093,0.586225,0.498808,0.458013,0.120000,0.138462
3432.551687,real,0.086093,0.586225,0.498808,0.458013,0.120000,0.138462
3432.556831,real,0.086093,0.597881,0.498808,0.458013,0.120000,0.138462
3432.561704,real,0.086093,0.597881,0.498808,0.458013,0.120000,0.138462
3432.566717,real,0.086093,0.597881,0.498808,0.458013,0.120000,0.138462
3432.571646,real,0.086093,0.603709,0.498808,0.458013,0.120000,0.138462
3432.577007,real,0.086093,0.609536,0.498808,0.458013,0.120000,0.138462
3432.581606,real,0.086093,0.609536,0.498808,0.458013,0.120000,0.138462
3432.586789,real,0.086093,0.621192,0.498808,0.458013,0.120000,0.138462
3432.591826,real,0.086093,0.621192,0.498808,0.458013,0.120000,0.138462
3432.596799,real,0.086093,0.621192,0.498808,0.458013,0.120000,0.138462
3432.601631,real,0.086093,0.621192,0.498808,0.458013,0.120000,0.138462
3432.607071,real,0.086093,0.632848,0.498808,0.458013,0.120000,0.138462
3432.608265,real,0.086093,0.632848,0.498808,0.458013,0.120000,0.138462
3432.611640,real,0.086093,0.632848,0.498808,0.458013,0.120000,0.138462
3432.616647,real,0.086093,0.632848,0.498808,0.463841,0.120000,0.138462
3432.621472,real,0.086093,0.644503,0.498808,0.469669,0.120000,0.138462
3432.626957,real,0.086093,0.650331,0.504636,0.469669,0.120000,0.138462
3432.632011,real,0.086093,0.650331,0.504636,0.481325,0.120000,0.138462
3432.636518,real,0.086093,0.650331,0.504636,0.487152,0.120000,0.138462
3432.641683,real,0.086093,0.656159,0.516291,0.492980,0.120000,0.138462
3432.646710,real,0.086093,0.656159,0.522119,0.498808,0.120000,0.138462
3432.651434,real,0.086093,0.656159,0.533775,0.498808,0.120000,0.138462
3432.656646,real,0.086093,0.673642,0.539603,0.510464,0.120000,0.138462
3432.661436,real,0.086093,0.673642,0.539603,0.510464,0.120000,0.138462
3432.666765,real,0.086093,0.673642,0.551258,0.510464,0.120000,0.138462
3432.671606,real,0.086093,0.679470,0.551258,0.522119,0.120000,0.138462
3432.676413,real,0.086093,0.679470,0.551258,0.527947,0.120000,0.138462
3432.681477,real,0.086093,0.679470,0.557086,0.527947,0.120000,0.138462
3432.686630,real,0.086093,0.691126,0.562914,0.533775,0.120000,0.138462
3432.691522,real,0.086093,0.696954,0.562914,0.539603,0.120000,0.138462
3432.696518,real,0.086093,0.696954,0.562914,0.539603,0.120000,0.138462
3432.701355,real,0.086093,0.708609,0.568742,0.545430,0.120000,0.138462
3432.707024,real,0.086093,0.708609,0.574570,0.551258,0.120000,0.138462
3432.707336,real,0.086093,0.708609,0.574570,0.551258,0.120000,0.138462
3432.711230,real,0.086093,0.708609,0.574570,0.551258,0.120000,0.138462
3432.716248,real,0.086093,0.708609,0.586225,0.557086,0.120000,0.138462
3432.721386,real,0.086093,0.708609,0.586225,0.562914,0.120000,0.138462
3432.726539,real,0.086093,0.708609,0.586225,0.562914,0.120000,0.138462
3432.731265,real,0.086093,0.708609,0.597881,0.574570,0.120000,0.138462
3432.736352,real,0.086093,0.720265,0.597881,0.574570,0.120000,0.138462
3432.741393,real,0.086093,0.720265,0.597881,0.574570,0.120000,0.138462
3432.746688,real,0.086093,0.720265,0.609536,0.586225,0.120000,0.138462
3432.751330,real,0.086093,0.731921,0.615364,0.586225,0.120000,0.138462
3432.756209,real,0.086093,0.731921,0.615364,0.586225,0.120000,0.138462
3432.761135,real,0.086093,0.737748,0.621192,0.603709,0.120000,0.138462
3432.766221,real,0.086093,0.743576,0.627020,0.603709,0.120000,0.138462
3432.771563,real,0.086093,0.743576,0.627020,0.603709,0.120000,0.138462
3432.776399,real,0.086093,0.743576,0.638675,0.615364,0.120000,0.138462
3432.781303,real,0.086093,0.743576,0.638675,0.615364,0.120000,0.138462
3432.786324,real,0.086093,0.749404,0.638675,0.615364,0.120000,0.138462
3432.791303,real,0.086093,0.755232,0.638675,0.627020,0.120000,0.138462
3432.796041,real,0.086093,0.755232,0.650331,0.627020,0.120000,0.138462
3432.801239,real,0.086093,0.761060,0.650331,0.632848,0.120000,0.138462
3432.806946,real,0.086093,0.761060,0.661987,0.638675,0.120000,0.138462
3432.807175,real,0.086093,0.761060,0.661987,0.638675,0.120000,0.138462
3432.810998,real,0.086093,0.761060,0.661987,0.638675,0.120000,0.138462
3432.816139,real,0.086093,0.761060,0.661987,0.644503,0.120000,0.138462
3432.821131,real,0.086093,0.761060,0.661987,0.650331,0.120000,0.138462
3432.826073,real,0.086093,0.761060,0.667815,0.650331,0.120000,0.138462
3432.831219,real,0.086093,0.761060,0.673642,0.650331,0.120000,0.138462
3432.836199,real,0.086093,0.761060,0.673642,0.656159,0.120000,0.138462
3432.841104,real,0.086093,0.761060,0.673642,0.656159,0.120000,0.138462
3432.846046,real,0.086093,0.761060,0.673642,0.656159,0.120000,0.138462
3432.851106,real,0.086093,0.761060,0.673642,0.656159,0.120000,0.138462
3432.855978,real,0.086093,0.761060,0.673642,0.656159,0.120000,0.138462
3432.861113,real,0.086093,0.761060,0.673642,0.656159,0.120000,0.138462
3432.866692,real,0.086093,0.761060,0.673642,0.656159,0.120000,0.138462
3432.871156,real,0.086093,0.761060,0.673642,0.656159,0.120000,0.138462
3432.876076,real,0.086093,0.761060,0.673642,0.656159,0.120000,0.138462
3432.881195,real,0.086093,0.761060,0.673642,0.656159,0.120000,0.138462
3432.885993,real,0.086093,0.761060,0.673642,0.656159,0.120000,0.138462
3432.891104,real,0.086093,0.761060,0.673642,0.656159,0.120000,0.138462
3432.896316,real,0.086093,0.761060,0.673642,0.656159,0.120000,0.138462
3432.901082,real,0.086093,0.761060,0.673642,0.656159,0.120000,0.138462
3432.906362,real,0.086093,0.761060,0.673642,0.656159,0.120000,0.138462
3432.906974,real,0.086093,0.761060,0.673642,0.656159,0.120000,0.138462
3432.911179,real,0.086093,0.761060,0.673642,0.656159,0.120000,0.138462
3432.915834,real,0.086093,0.761060,0.673642,0.656159,0.120000,0.138462
3432.920973,real,0.086093,0.778543,0.673642,0.656159,0.120000,0.138462
3432.926092,real,0.086093,0.778543,0.673642,0.656159,0.120000,0.138462
3432.931169,real,0.086093,0.778543,0.673642,0.656159,0.120000,0.138462
3432.935918,real,0.086093,0.778543,0.673642,0.656159,0.120000,0.138462
3432.940766,real,0.086093,0.778543,0.673642,0.656159,0.120000,0.138462
3432.945952,real,0.086093,0.778543,0.673642,0.656159,0.120000,0.138462
3432.951104,real,0.086093,0.778543,0.673642,0.656159,0.120000,0.138462
3432.956371,real,0.086093,0.778543,0.673642,0.656159,0.120000,0.138462
3432.960843,real,0.086093,0.778543,0.673642,0.656159,0.120000,0.138462
3432.965830,real,0.086093,0.778543,0.673642,0.656159,0.120000,0.138462
3432.971028,real,0.086093,0.778543,0.673642,0.656159,0.120000,0.138462
3432.975815,real,0.086093,0.778543,0.673642,0.656159,0.120000,0.138462
3432.980648,real,0.086093,0.778543,0.673642,0.656159,0.120000,0.138462
3432.985914,real,0.086093,0.778543,0.673642,0.656159,0.120000,0.138462
3432.991052,real,0.086093,0.778543,0.673642,0.656159,0.120000,0.138462
3432.995747,real,0.086093,0.778543,0.673642,0.656159,0.120000,0.138462
3433.000679,real,0.086093,0.778543,0.673642,0.656159,0.120000,0.138462
3433.005940,real,0.086093,0.778543,0.673642,0.656159,0.125828,0.138462
3433.010843,real,0.086093,0.778543,0.673642,0.656159,0.125828,0.138462
3433.015688,real,0.092185,0.778543,0.673642,0.656159,0.125828,0.138462
3433.020730,real,0.098278,0.778543,0.673642,0.656159,0.125828,0.138462
3433.026123,real,0.098278,0.778543,0.673642,0.656159,0.137483,0.138462
3433.030742,real,0.116556,0.778543,0.673642,0.656159,0.143311,0.138462
3433.035303,real,0.122649,0.778543,0.673642,0.656159,0.154967,0.138462
3433.040511,real,0.134834,0.778543,0.673642,0.656159,0.160795,0.138462
3433.045405,real,0.140927,0.778543,0.673642,0.656159,0.172450,0.138462
3433.050568,real,0.147020,0.778543,0.673642,0.656159,0.172450,0.138462
3433.055679,real,0.159205,0.778543,0.673642,0.656159,0.184106,0.138462
3433.060486,real,0.165298,0.778543,0.673642,0.656159,0.189934,0.138462
3433.065285,real,0.177483,0.778543,0.673642,0.656159,0.189934,0.138462
3433.070551,real,0.177483,0.778543,0.673642,0.656159,0.195762,0.138462
3433.075326,real,0.177483,0.778543,0.673642,0.656159,0.201589,0.138462
3433.080273,real,0.189669,0.778543,0.673642,0.656159,0.201589,0.138462
3433.085320,real,0.189669,0.778543,0.673642,0.656159,0.201589,0.138462
3433.090758,real,0.189669,0.778543,0.673642,0.656159,0.213245,0.138462
3433.095307,real,0.201854,0.778543,0.673642,0.656159,0.219073,0.138462
3433.100181,real,0.201854,0.778543,0.673642,0.656159,0.219073,0.138462
3433.106060,real,0.201854,0.778543,0.673642,0.656159,0.230728,0.138462
3433.108049,real,0.201854,0.778543,0.673642,0.656159,0.230728,0.138462
3433.110083,real,0.220132,0.778543,0.673642,0.656159,0.230728,0.138462
3433.115214,real,0.220132,0.778543,0.673642,0.656159,0.230728,0.138462
3433.120402,real,0.220132,0.778543,0.673642,0.656159,0.242384,0.138462
3433.125280,real,0.232318,0.778543,0.673642,0.656159,0.242384,0.138462
3433.130133,real,0.238411,0.778543,0.673642,0.656159,0.242384,0.138462
3433.135523,real,0.238411,0.778543,0.673642,0.656159,0.259868,0.138462
3433.140269,real,0.238411,0.778543,0.673642,0.656159,0.259868,0.138462
3433.145176,real,0.250596,0.778543,0.673642,0.656159,0.265695,0.138462
3433.150118,real,0.250596,0.778543,0.673642,0.656159,0.271523,0.138462
3433.155329,real,0.262781,0.778543,0.673642,0.656159,0.271523,0.138462
3433.160134,real,0.268874,0.778543,0.673642,0.656159,0.283179,0.138462
3433.165166,real,0.268874,0.778543,0.673642,0.656159,0.283179,0.138462
3433.170300,real,0.281060,0.778543,0.673642,0.656159,0.283179,0.138462
3433.175141,real,0.281060,0.778543,0.673642,0.656159,0.294834,0.138462
3433.179959,real,0.281060,0.778543,0.673642,0.656159,0.294834,0.138462
3433.185108,real,0.281060,0.778543,0.673642,0.656159,0.294834,0.138462
3433.190069,real,0.293245,0.778543,0.673642,0.656159,0.306490,0.138462
3433.195091,real,0.293245,0.778543,0.673642,0.656159,0.312318,0.138462
3433.200054,real,0.293245,0.778543,0.673642,0.656159,0.312318,0.138462
3433.205644,real,0.311523,0.778543,0.673642,0.656159,0.318146,0.138462
3433.205938,real,0.311523,0.778543,0.673642,0.656159,0.318146,0.138462
3433.209919,real,0.311523,0.778543,0.673642,0.656159,0.323974,0.138462
3433.215097,real,0.311523,0.778543,0.673642,0.656159,0.323974,0.138462
3433.220020,real,0.329801,0.778543,0.673642,0.656159,0.335629,0.138462
3433.225111,real,0.329801,0.778543,0.673642,0.656159,0.341457,0.138462
3433.229971,real,0.329801,0.778543,0.673642,0.656159,0.341457,0.138462
3433.235152,real,0.341987,0.778543,0.673642,0.656159,0.347285,0.138462
3433.239874,real,0.341987,0.778543,0.673642,0.656159,0.353113,0.138462
3433.245011,real,0.341987,0.778543,0.673642,0.656159,0.353113,0.138462
3433.250117,real,0.354172,0.778543,0.673642,0.656159,0.370596,0.138462
3433.255113,real,0.360265,0.778543,0.673642,0.656159,0.370596,0.138462
3433.259858,real,0.360265,0.778543,0.673642,0.656159,0.370596,0.138462
3433.265027,real,0.372450,0.778543,0.673642,0.656159,0.382252,0.138462
3433.269865,real,0.378543,0.778543,0.673642,0.656159,0.382252,0.138462
3433.275033,real,0.378543,0.778543,0.673642,0.656159,0.382252,0.138462
3433.279869,real,0.378543,0.778543,0.673642,0.656159,0.393907,0.138462
3433.284826,real,0.384636,0.778543,0.673642,0.656159,0.399735,0.138462
3433.289839,real,0.384636,0.778543,0.673642,0.656159,0.411391,0.138462
3433.294911,real,0.384636,0.778543,0.673642,0.656159,0.411391,0.138462
3433.299804,real,0.396821,0.778543,0.673642,0.656159,0.411391,0.138462
3433.305302,real,0.402914,0.778543,0.673642,0.656159,0.423046,0.138462
3433.305588,real,0.402914,0.778543,0.673642,0.656159,0.423046,0.138462
3433.309793,real,0.402914,0.778543,0.673642,0.656159,0.423046,0.138462
3433.314859,real,0.415099,0.778543,0.673642,0.656159,0.434702,0.138462
3433.319717,real,0.421192,0.778543,0.673642,0.656159,0.434702,0.138462
3433.324897,real,0.421192,0.778543,0.673642,0.656159,0.434702,0.138462
3433.329889,real,0.421192,0.778543,0.673642,0.656159,0.446358,0.138462
3433.334817,real,0.427285,0.778543,0.673642,0.656159,0.446358,0.138462
3433.339731,real,0.433377,0.778543,0.673642,0.656159,0.446358,0.138462
3433.344682,real,0.433377,0.778543,0.673642,0.656159,0.458013,0.138462
3433.349675,real,0.445563,0.778543,0.673642,0.656159,0.463841,0.138462
3433.354691,real,0.445563,0.778543,0.673642,0.656159,0.463841,0.138462
3433.359777,real,0.445563,0.778543,0.673642,0.656159,0.475497,0.138462
3433.364607,real,0.457748,0.778543,0.673642,0.656159,0.475497,0.138462
3433.369630,real,0.463841,0.778543,0.673642,0.656159,0.475497,0.138462
3433.374788,real,0.463841,0.778543,0.673642,0.656159,0.492980,0.138462
3433.379619,real,0.469934,0.778543,0.673642,0.656159,0.492980,0.138462
3433.384511,real,0.476026,0.778543,0.673642,0.656159,0.492980,0.138462
3433.389619,real,0.476026,0.778543,0.673642,0.656159,0.492980,0.138462
3433.394669,real,0.482119,0.778543,0.673642,0.656159,0.504636,0.138462
3433.399590,real,0.488212,0.778543,0.673642,0.656159,0.504636,0.138462
3433.405162,real,0.488212,0.778543,0.673642,0.656159,0.516291,0.138462
3433.405447,real,0.488212,0.778543,0.673642,0.656159,0.516291,0.138462
3433.409714,real,0.488212,0.778543,0.673642,0.656159,0.522119,0.138462
3433.414713,real,0.506490,0.778543,0.673642,0.656159,0.522119,0.138462
3433.419455,real,0.506490,0.778543,0.673642,0.656159,0.527947,0.138462
3433.424851,real,0.506490,0.778543,0.673642,0.656159,0.533775,0.138462
3433.429551,real,0.524768,0.778543,0.673642,0.656159,0.533775,0.138462
3433.434516,real,0.524768,0.778543,0.673642,0.656159,0.545430,0.138462
3433.439566,real,0.524768,0.778543,0.673642,0.656159,0.551258,0.138462
3433.444432,real,0.530861,0.778543,0.673642,0.656159,0.551258,0.138462
3433.449525,real,0.536954,0.778543,0.673642,0.656159,0.551258,0.138462
3433.454608,real,0.536954,0.778543,0.673642,0.656159,0.557086,0.138462
3433.459448,real,0.549139,0.778543,0.673642,0.656159,0.562914,0.138462
3433.464389,real,0.549139,0.778543,0.673642,0.656159,0.562914,0.138462
3433.469524,real,0.549139,0.778543,0.673642,0.656159,0.574570,0.138462
3433.474796,real,0.555232,0.778543,0.673642,0.656159,0.574570,0.138462
3433.479441,real,0.561325,0.778543,0.673642,0.656159,0.574570,0.138462
3433.484395,real,0.561325,0.778543,0.673642,0.656159,0.586225,0.138462
3433.489569,real,0.561325,0.778543,0.673642,0.656159,0.592053,0.138462
3433.494640,real,0.561325,0.778543,0.673642,0.656159,0.592053,0.138462
3433.499432,real,0.561325,0.778543,0.673642,0.656159,0.603709,0.138462
3433.505313,real,0.573510,0.778543,0.673642,0.656159,0.603709,0.138462
3433.509375,real,0.573510,0.778543,0.673642,0.656159,0.603709,0.138462
3433.514587,real,0.573510,0.778543,0.673642,0.656159,0.603709,0.138462
3433.519441,real,0.591788,0.778543,0.673642,0.656159,0.603709,0.138462
3433.524328,real,0.591788,0.778543,0.673642,0.656159,0.615364,0.138462
3433.529310,real,0.591788,0.778543,0.673642,0.656159,0.615364,0.138462
3433.534807,real,0.591788,0.778543,0.673642,0.656159,0.627020,0.138462
3433.539310,real,0.591788,0.778543,0.673642,0.656159,0.627020,0.138462
3433.544257,real,0.591788,0.778543,0.673642,0.656159,0.627020,0.138462
3433.549203,real,0.591788,0.778543,0.673642,0.656159,0.627020,0.138462
3433.554477,real,0.591788,0.778543,0.673642,0.656159,0.627020,0.138462
3433.559278,real,0.591788,0.778543,0.673642,0.656159,0.638675,0.138462
3433.564125,real,0.591788,0.778543,0.673642,0.656159,0.644503,0.138462
3433.569235,real,0.603974,0.778543,0.673642,0.656159,0.644503,0.138462
3433.574464,real,0.610066,0.778543,0.673642,0.656159,0.656159,0.138462
3433.579233,real,0.622252,0.778543,0.673642,0.656159,0.656159,0.138462
3433.584285,real,0.634437,0.778543,0.673642,0.656159,0.656159,0.138462
3433.589112,real,0.640530,0.778543,0.673642,0.656159,0.667815,0.138462
3433.594222,real,0.646623,0.778543,0.673642,0.656159,0.673642,0.138462
3433.599326,real,0.664901,0.778543,0.673642,0.656159,0.673642,0.138462
3433.604865,real,0.670993,0.778543,0.673642,0.656159,0.685298,0.138462
3433.607219,real,0.670993,0.778543,0.673642,0.656159,0.685298,0.138462
3433.609021,real,0.677086,0.778543,0.673642,0.656159,0.685298,0.138462
3433.614180,real,0.683179,0.778543,0.673642,0.656159,0.685298,0.138462
3433.619159,real,0.683179,0.778543,0.673642,0.656159,0.685298,0.138462
3433.624155,real,0.683179,0.778543,0.673642,0.656159,0.696954,0.138462
3433.629099,real,0.683179,0.778543,0.673642,0.656159,0.702781,0.138462
3433.634374,real,0.683179,0.778543,0.673642,0.656159,0.702781,0.138462
3433.639323,real,0.683179,0.778543,0.673642,0.656159,0.708609,0.138462
3433.644040,real,0.683179,0.778543,0.673642,0.656159,0.708609,0.138462
3433.649177,real,0.683179,0.778543,0.673642,0.656159,0.708609,0.138462
3433.654126,real,0.683179,0.778543,0.673642,0.656159,0.726093,0.138462
3433.659250,real,0.683179,0.778543,0.673642,0.656159,0.726093,0.138462
3433.664121,real,0.683179,0.778543,0.673642,0.656159,0.726093,0.138462
3433.669089,real,0.683179,0.778543,0.673642,0.656159,0.731921,0.138462
3433.674179,real,0.683179,0.778543,0.673642,0.656159,0.731921,0.138462
3433.679161,real,0.683179,0.778543,0.673642,0.656159,0.731921,0.138462
3433.684188,real,0.683179,0.778543,0.673642,0.656159,0.731921,0.138462
3433.689092,real,0.683179,0.778543,0.673642,0.656159,0.731921,0.138462
3433.694113,real,0.683179,0.778543,0.673642,0.656159,0.731921,0.138462
3433.699197,real,0.683179,0.778543,0.673642,0.656159,0.731921,0.138462
3433.704378,real,0.683179,0.778543,0.673642,0.656159,0.731921,0.138462
3433.704793,real,0.683179,0.778543,0.673642,0.656159,0.731921,0.138462
3433.708903,real,0.683179,0.778543,0.673642,0.656159,0.731921,0.138462
3433.713947,real,0.683179,0.778543,0.673642,0.656159,0.731921,0.138462
3433.718982,real,0.683179,0.778543,0.673642,0.656159,0.731921,0.138462
3433.723844,real,0.683179,0.778543,0.673642,0.656159,0.731921,0.138462
3433.728795,real,0.683179,0.778543,0.673642,0.656159,0.731921,0.138462
3433.733756,real,0.683179,0.778543,0.673642,0.656159,0.731921,0.138462
3433.738894,real,0.683179,0.778543,0.673642,0.656159,0.731921,0.138462
3433.743875,real,0.683179,0.778543,0.673642,0.656159,0.731921,0.138462
3433.748762,real,0.683179,0.778543,0.673642,0.656159,0.731921,0.138462
3433.753764,real,0.683179,0.778543,0.673642,0.656159,0.731921,0.138462
3433.759018,real,0.683179,0.778543,0.673642,0.656159,0.731921,0.138462
3433.763735,real,0.683179,0.778543,0.673642,0.656159,0.731921,0.138462
3433.768592,real,0.683179,0.778543,0.673642,0.656159,0.731921,0.138462
3433.773841,real,0.683179,0.778543,0.673642,0.656159,0.731921,0.138462
3433.778894,real,0.683179,0.778543,0.673642,0.656159,0.731921,0.138462
3433.783729,real,0.683179,0.778543,0.673642,0.656159,0.731921,0.138462
3433.788666,real,0.683179,0.778543,0.673642,0.656159,0.731921,0.138462
3433.793853,real,0.683179,0.778543,0.673642,0.656159,0.731921,0.138462
3433.798724,real,0.683179,0.778543,0.673642,0.656159,0.731921,0.138462
3433.804847,real,0.683179,0.778543,0.673642,0.656159,0.731921,0.138462
3433.805198,real,0.683179,0.778543,0.673642,0.656159,0.731921,0.138462
3433.808691,real,0.683179,0.778543,0.673642,0.656159,0.731921,0.138462
3433.813707,real,0.683179,0.778543,0.673642,0.656159,0.731921,0.138462
3433.818508,real,0.683179,0.778543,0.673642,0.656159,0.731921,0.138462
3433.823772,real,0.683179,0.778543,0.673642,0.656159,0.731921,0.138462
3433.828485,real,0.683179,0.778543,0.673642,0.656159,0.731921,0.138462
3433.833636,real,0.683179,0.778543,0.673642,0.656159,0.731921,0.138462
3433.839204,real,0.683179,0.778543,0.673642,0.656159,0.731921,0.138462
3433.843602,real,0.683179,0.778543,0.673642,0.656159,0.731921,0.138462
3433.848348,real,0.683179,0.778543,0.673642,0.656159,0.731921,0.138462
3433.853474,real,0.683179,0.778543,0.673642,0.656159,0.731921,0.138462
3433.858910,real,0.683179,0.778543,0.673642,0.656159,0.731921,0.138462
3433.863442,real,0.683179,0.778543,0.673642,0.656159,0.731921,0.138462
3433.868371,real,0.683179,0.778543,0.673642,0.656159,0.731921,0.138462
3433.904564,real,0.683179,0.778543,0.673642,0.656159,0.731921,0.138462
3434.004256,real,0.683179,0.778543,0.673642,0.656159,0.731921,0.138462
3434.103790,real,0.683179,0.778543,0.673642,0.656159,0.731921,0.138462
3434.203636,real,0.683179,0.778543,0.673642,0.656159,0.731921,0.138462
3434.238248,real,0.683179,0.778543,0.673642,0.656159,0.731921,0.138462
3434.243488,real,0.683179,0.778543,0.673642,0.656159,0.731921,0.138462
3434.248478,real,0.683179,0.778543,0.673642,0.656159,0.731921,0.138462
3434.253164,real,0.683179,0.778543,0.673642,0.656159,0.731921,0.138462
3434.258146,real,0.683179,0.778543,0.673642,0.656159,0.731921,0.138462
3434.263134,real,0.683179,0.778543,0.673642,0.656159,0.731921,0.138462
3434.267835,real,0.683179,0.778543,0.673642,0.656159,0.731921,0.138462
3434.273366,real,0.664901,0.778543,0.673642,0.644503,0.731921,0.138462
3434.278243,real,0.658808,0.766887,0.661987,0.644503,0.726093,0.138462
3434.283150,real,0.652715,0.761060,0.661987,0.644503,0.720265,0.138462
3434.287952,real,0.640530,0.749404,0.661987,0.627020,0.720265,0.138462
3434.292990,real,0.628344,0.743576,0.644503,0.621192,0.708609,0.138462
3434.297851,real,0.622252,0.731921,0.644503,0.609536,0.702781,0.138462
3434.303715,real,0.603974,0.726093,0.632848,0.597881,0.691126,0.138462
3434.305620,real,0.603974,0.720265,0.632848,0.597881,0.691126,0.138462
3434.308158,real,0.597881,0.720265,0.627020,0.586225,0.691126,0.138462
3434.312824,real,0.579603,0.720265,0.615364,0.580397,0.691126,0.138462
3434.317928,real,0.567417,0.708609,0.615364,0.574570,0.673642,0.138462
3434.323072,real,0.561325,0.696954,0.615364,0.562914,0.667815,0.138462
3434.327810,real,0.536954,0.696954,0.592053,0.557086,0.656159,0.138462
3434.332792,real,0.530861,0.691126,0.586225,0.551258,0.656159,0.138462
3434.338234,real,0.512583,0.685298,0.586225,0.545430,0.656159,0.115385
3434.343119,real,0.500397,0.685298,0.574570,0.545430,0.638675,0.100000
3434.347890,real,0.494305,0.679470,0.574570,0.533775,0.632848,0.092308
3434.352877,real,0.476026,0.673642,0.574570,0.527947,0.627020,0.076923
3434.357806,real,0.463841,0.673642,0.574570,0.527947,0.615364,0.053846
3434.362784,real,0.457748,0.673642,0.562914,0.522119,0.609536,0.046154
3434.367900,real,0.433377,0.673642,0.562914,0.516291,0.597881,0.038462
3434.373094,real,0.427285,0.667815,0.562914,0.516291,0.592053,0.015385
3434.377942,real,0.409007,0.661987,0.551258,0.510464,0.586225,0.007692
3434.382968,real,0.396821,0.661987,0.551258,0.504636,0.574570,0.007692
3434.387864,real,0.390728,0.656159,0.551258,0.504636,0.574570,0.007692
3434.392784,real,0.372450,0.650331,0.533775,0.498808,0.562914,0.007692
3434.398213,real,0.360265,0.650331,0.533775,0.492980,0.557086,0.000000
3434.403049,real,0.341987,0.638675,0.533775,0.492980,0.551258,0.000000
3434.403364,real,0.341987,0.638675,0.522119,0.492980,0.545430,0.000000
3434.407614,real,0.335894,0.638675,0.522119,0.487152,0.539603,0.000000
3434.412722,real,0.323709,0.638675,0.522119,0.481325,0.539603,0.000000
3434.417747,real,0.305430,0.627020,0.522119,0.481325,0.527947,0.000000
3434.422784,real,0.293245,0.627020,0.510464,0.481325,0.522119,0.000000
3434.427619,real,0.287152,0.627020,0.510464,0.469669,0.516291,0.000000
3434.432783,real,0.268874,0.627020,0.510464,0.469669,0.504636,0.000000
3434.437828,real,0.256689,0.615364,0.498808,0.463841,0.498808,0.000000
3434.442721,real,0.238411,0.615364,0.492980,0.458013,0.492980,0.000000
3434.447880,real,0.226225,0.615364,0.492980,0.458013,0.481325,0.000000
3434.452701,real,0.220132,0.603709,0.487152,0.452185,0.475497,0.000000
3434.457607,real,0.201854,0.603709,0.481325,0.446358,0.463841,0.007692
3434.462789,real,0.189669,0.592053,0.481325,0.446358,0.463841,0.007692
3434.467958,real,0.171391,0.592053,0.475497,0.434702,0.463841,0.007692
3434.473109,real,0.165298,0.592053,0.469669,0.434702,0.446358,0.007692
3434.477537,real,0.153113,0.580397,0.469669,0.434702,0.440530,0.007692
3434.482692,real,0.134834,0.580397,0.458013,0.434702,0.428874,0.007692
3434.487371,real,0.128742,0.580397,0.458013,0.423046,0.423046,0.007692
3434.492549,real,0.116556,0.580397,0.458013,0.417219,0.423046,0.007692
3434.497603,real,0.098278,0.568742,0.440530,0.417219,0.411391,0.007692
3434.503087,real,0.092185,0.568742,0.440530,0.405563,0.405563,0.007692
3434.507453,real,0.080000,0.568742,0.434702,0.405563,0.399735,0.007692
3434.512475,real,0.080000,0.568742,0.428874,0.405563,0.388079,0.007692
3434.517383,real,0.080000,0.557086,0.428874,0.393907,0.382252,0.007692
3434.522889,real,0.080000,0.557086,0.423046,0.393907,0.370596,0.007692
3434.527460,real,0.080000,0.545430,0.417219,0.388079,0.364768,0.007692
3434.532410,real,0.080000,0.539603,0.417219,0.382252,0.358940,0.007692
3434.537336,real,0.080000,0.539603,0.411391,0.382252,0.347285,0.007692
3434.542596,real,0.080000,0.533775,0.405563,0.376424,0.347285,0.007692
3434.547552,real,0.080000,0.527947,0.405563,0.370596,0.335629,0.007692
3434.552235,real,0.080000,0.527947,0.399735,0.370596,0.329801,0.007692
3434.557359,real,0.080000,0.527947,0.393907,0.364768,0.323974,0.007692
3434.562539,real,0.080000,0.516291,0.393907,0.358940,0.312318,0.007692
3434.567330,real,0.080000,0.516291,0.388079,0.358940,0.306490,0.007692
3434.572562,real,0.080000,0.516291,0.382252,0.353113,0.306490,0.007692
3434.577623,real,0.080000,0.516291,0.382252,0.347285,0.294834,0.007692
3434.582229,real,0.080000,0.504636,0.376424,0.347285,0.294834,0.007692
3434.587188,real,0.080000,0.504636,0.370596,0.335629,0.277351,0.007692
3434.592339,real,0.080000,0.504636,0.370596,0.335629,0.271523,0.007692
3434.597189,real,0.080000,0.498808,0.358940,0.335629,0.265695,0.007692
3434.602691,real,0.080000,0.492980,0.358940,0.329801,0.254040,0.007692
3434.602968,real,0.080000,0.492980,0.358940,0.323974,0.254040,0.007692
3434.607664,real,0.080000,0.492980,0.358940,0.323974,0.248212,0.007692
3434.612253,real,0.080000,0.481325,0.347285,0.323974,0.236556,0.007692
3434.617137,real,0.080000,0.475497,0.341457,0.312318,0.236556,0.007692
3434.622213,real,0.080000,0.475497,0.341457,0.312318,0.236556,0.007692
3434.627357,real,0.080000,0.469669,0.335629,0.312318,0.219073,0.007692
3434.632050,real,0.080000,0.463841,0.329801,0.300662,0.219073,0.007692
3434.636990,real,0.080000,0.463841,0.329801,0.300662,0.207417,0.007692
3434.642196,real,0.080000,0.452185,0.323974,0.300662,0.201589,0.007692
3434.647346,real,0.080000,0.452185,0.318146,0.289007,0.195762,0.007692
3434.652044,real,0.080000,0.452185,0.318146,0.289007,0.189934,0.007692
3434.657152,real,0.080000,0.440530,0.312318,0.283179,0.178278,0.007692
3434.662181,real,0.080000,0.440530,0.306490,0.277351,0.172450,0.007692
3434.667104,real,0.080000,0.440530,0.306490,0.277351,0.160795,0.007692
3434.672074,real,0.080000,0.440530,0.294834,0.277351,0.154967,0.007692
3434.677170,real,0.080000,0.434702,0.294834,0.265695,0.143311,0.007692
3434.682106,real,0.080000,0.428874,0.294834,0.265695,0.137483,0.007692
3434.687329,real,0.080000,0.428874,0.283179,0.265695,0.137483,0.007692
3434.692219,real,0.080000,0.428874,0.277351,0.254040,0.125828,0.007692
3434.697216,real,0.080000,0.417219,0.277351,0.254040,0.125828,0.007692
3434.702654,real,0.080000,0.417219,0.265695,0.254040,0.125828,0.007692
3434.703039,real,0.080000,0.417219,0.265695,0.254040,0.125828,0.007692
3434.707493,real,0.080000,0.417219,0.265695,0.242384,0.125828,0.007692
3434.712166,real,0.080000,0.405563,0.265695,0.236556,0.120000,0.007692
3434.717153,real,0.080000,0.405563,0.254040,0.236556,0.120000,0.007692
3434.722147,real,0.080000,0.405563,0.254040,0.224901,0.120000,0.007692
3434.726928,real,0.080000,0.393907,0.254040,0.224901,0.120000,0.007692
3434.731685,real,0.080000,0.388079,0.242384,0.224901,0.120000,0.007692
3434.737027,real,0.080000,0.388079,0.242384,0.213245,0.120000,0.007692
3434.741968,real,0.080000,0.382252,0.242384,0.213245,0.120000,0.007692
3434.746976,real,0.080000,0.382252,0.242384,0.213245,0.120000,0.007692
3434.752026,real,0.080000,0.382252,0.230728,0.207417,0.120000,0.007692
3434.756879,real,0.080000,0.382252,0.224901,0.201589,0.120000,0.007692
3434.761732,real,0.080000,0.370596,0.224901,0.201589,0.120000,0.007692
3434.767056,real,0.080000,0.370596,0.219073,0.195762,0.120000,0.007692
3434.771925,real,0.080000,0.370596,0.213245,0.189934,0.120000,0.007692
3434.776776,real,0.080000,0.358940,0.213245,0.189934,0.120000,0.007692
3434.781836,real,0.080000,0.358940,0.201589,0.189934,0.120000,0.007692
3434.787112,real,0.080000,0.358940,0.201589,0.178278,0.120000,0.007692
3434.791740,real,0.080000,0.347285,0.201589,0.172450,0.120000,0.007692
3434.796595,real,0.080000,0.347285,0.189934,0.172450,0.120000,0.007692
3434.802385,real,0.080000,0.347285,0.189934,0.166623,0.120000,0.007692
3434.802838,real,0.080000,0.347285,0.189934,0.166623,0.120000,0.007692
3434.806539,real,0.080000,0.347285,0.178278,0.166623,0.120000,0.007692
3434.811576,real,0.080000,0.335629,0.178278,0.166623,0.120000,0.007692
3434.816676,real,0.080000,0.335629,0.178278,0.149139,0.120000,0.007692
3434.821553,real,0.080000,0.335629,0.172450,0.149139,0.120000,0.007692
3434.826661,real,0.080000,0.318146,0.166623,0.143311,0.120000,0.007692
3434.831605,real,0.080000,0.318146,0.166623,0.137483,0.120000,0.007692
3434.836429,real,0.080000,0.318146,0.154967,0.137483,0.120000,0.007692
3434.841598,real,0.080000,0.312318,0.154967,0.131656,0.120000,0.007692
3434.846610,real,0.080000,0.312318,0.154967,0.125828,0.120000,0.007692
3434.851542,real,0.080000,0.300662,0.143311,0.125828,0.120000,0.007692
3434.856395,real,0.080000,0.300662,0.143311,0.125828,0.120000,0.007692
3434.861507,real,0.080000,0.300662,0.143311,0.125828,0.120000,0.007692
3434.866729,real,0.080000,0.300662,0.143311,0.125828,0.120000,0.007692
3434.871459,real,0.080000,0.289007,0.125828,0.125828,0.120000,0.007692
3434.876572,real,0.080000,0.289007,0.125828,0.125828,0.120000,0.007692
3434.881699,real,0.080000,0.289007,0.125828,0.125828,0.120000,0.007692
3434.886638,real,0.080000,0.283179,0.120000,0.125828,0.120000,0.007692
3434.891595,real,0.080000,0.277351,0.120000,0.125828,0.120000,0.007692
3434.896566,real,0.080000,0.277351,0.120000,0.125828,0.120000,0.007692
3434.901949,real,0.080000,0.277351,0.120000,0.125828,0.120000,0.007692
3434.902664,real,0.080000,0.277351,0.120000,0.125828,0.120000,0.007692
3434.906925,real,0.080000,0.265695,0.120000,0.125828,0.120000,0.007692
3434.911413,real,0.080000,0.265695,0.120000,0.125828,0.120000,0.007692
3434.916294,real,0.080000,0.265695,0.120000,0.125828,0.120000,0.007692
3434.921189,real,0.080000,0.265695,0.120000,0.125828,0.120000,0.007692
3434.926730,real,0.080000,0.254040,0.120000,0.125828,0.120000,0.007692
3434.931331,real,0.080000,0.248212,0.120000,0.125828,0.120000,0.007692
3434.936230,real,0.080000,0.248212,0.120000,0.125828,0.120000,0.007692
3434.941446,real,0.080000,0.242384,0.120000,0.125828,0.120000,0.007692
3434.946300,real,0.080000,0.242384,0.120000,0.125828,0.120000,0.007692
3434.951120,real,0.080000,0.242384,0.120000,0.125828,0.120000,0.007692
3434.956064,real,0.080000,0.230728,0.120000,0.125828,0.120000,0.007692
3434.961305,real,0.080000,0.230728,0.120000,0.125828,0.120000,0.007692
3434.966318,real,0.080000,0.230728,0.120000,0.125828,0.120000,0.007692
3434.971152,real,0.080000,0.219073,0.120000,0.125828,0.120000,0.007692
3434.976452,real,0.080000,0.219073,0.120000,0.125828,0.120000,0.007692
3434.981396,real,0.080000,0.219073,0.120000,0.125828,0.120000,0.007692
3434.986080,real,0.080000,0.219073,0.120000,0.125828,0.120000,0.007692
3434.991477,real,0.080000,0.207417,0.120000,0.125828,0.120000,0.007692
3434.996225,real,0.080000,0.207417,0.120000,0.125828,0.120000,0.007692
3435.001596,real,0.080000,0.207417,0.120000,0.125828,0.120000,0.007692
3435.007116,real,0.080000,0.207417,0.120000,0.125828,0.120000,0.007692
3435.011417,real,0.080000,0.195762,0.120000,0.125828,0.120000,0.007692
3435.016251,real,0.080000,0.195762,0.120000,0.125828,0.120000,0.007692
3435.021107,real,0.080000,0.184106,0.120000,0.125828,0.120000,0.007692
3435.026329,real,0.080000,0.184106,0.120000,0.125828,0.120000,0.007692
3435.031210,real,0.080000,0.184106,0.120000,0.125828,0.120000,0.007692
3435.036070,real,0.080000,0.172450,0.120000,0.125828,0.120000,0.007692
3435.041177,real,0.080000,0.172450,0.120000,0.125828,0.120000,0.007692
3435.046102,real,0.080000,0.172450,0.120000,0.125828,0.120000,0.007692
3435.051064,real,0.080000,0.160795,0.120000,0.125828,0.120000,0.007692
3435.056278,real,0.080000,0.154967,0.120000,0.125828,0.120000,0.007692
3435.061197,real,0.080000,0.154967,0.120000,0.125828,0.120000,0.007692
3435.065816,real,0.080000,0.149139,0.120000,0.125828,0.120000,0.007692
3435.070969,real,0.080000,0.149139,0.120000,0.125828,0.120000,0.007692
3435.075930,real,0.080000,0.149139,0.120000,0.125828,0.120000,0.007692
3435.080783,real,0.080000,0.149139,0.120000,0.125828,0.120000,0.007692
3435.086023,real,0.080000,0.137483,0.120000,0.125828,0.120000,0.007692
3435.091095,real,0.080000,0.137483,0.120000,0.125828,0.120000,0.007692
3435.095878,real,0.080000,0.137483,0.120000,0.125828,0.120000,0.007692
3435.101946,real,0.080000,0.131656,0.120000,0.125828,0.120000,0.007692
3435.102157,real,0.080000,0.131656,0.120000,0.125828,0.120000,0.007692
3435.105922,real,0.080000,0.131656,0.120000,0.125828,0.120000,0.007692
3435.110914,real,0.080000,0.131656,0.120000,0.125828,0.120000,0.007692
3435.115702,real,0.080000,0.131656,0.120000,0.125828,0.120000,0.007692
3435.120886,real,0.080000,0.131656,0.120000,0.125828,0.120000,0.007692
3435.125884,real,0.080000,0.131656,0.120000,0.125828,0.120000,0.007692
3435.130817,real,0.080000,0.131656,0.120000,0.125828,0.120000,0.007692
3435.135676,real,0.080000,0.131656,0.120000,0.125828,0.120000,0.007692
3435.140613,real,0.080000,0.131656,0.120000,0.125828,0.120000,0.007692
3435.145526,real,0.080000,0.131656,0.120000,0.125828,0.120000,0.007692
3435.150846,real,0.080000,0.131656,0.120000,0.125828,0.120000,0.007692
3435.155638,real,0.080000,0.131656,0.120000,0.125828,0.120000,0.007692
3435.160478,real,0.080000,0.131656,0.120000,0.125828,0.120000,0.007692
3435.165562,real,0.080000,0.131656,0.120000,0.125828,0.120000,0.007692
3435.170829,real,0.080000,0.131656,0.120000,0.125828,0.120000,0.007692
3435.175652,real,0.080000,0.131656,0.120000,0.125828,0.120000,0.007692
3435.180451,real,0.080000,0.131656,0.120000,0.125828,0.120000,0.007692
3435.185520,real,0.080000,0.131656,0.120000,0.125828,0.120000,0.007692
3435.190528,real,0.080000,0.131656,0.120000,0.125828,0.120000,0.007692
3435.195434,real,0.080000,0.131656,0.120000,0.125828,0.120000,0.007692
3435.201685,real,0.080000,0.131656,0.120000,0.125828,0.120000,0.007692
3435.201972,real,0.080000,0.131656,0.120000,0.125828,0.120000,0.007692
3435.205326,real,0.080000,0.131656,0.120000,0.125828,0.120000,0.007692
3435.210445,real,0.080000,0.131656,0.120000,0.125828,0.120000,0.007692
3435.215439,real,0.080000,0.131656,0.120000,0.125828,0.120000,0.007692
3435.220507,real,0.080000,0.131656,0.120000,0.125828,0.120000,0.007692
3435.225502,real,0.080000,0.131656,0.120000,0.125828,0.120000,0.007692
3435.230431,real,0.080000,0.131656,0.120000,0.125828,0.120000,0.007692
3435.235459,real,0.080000,0.131656,0.120000,0.125828,0.120000,0.007692
3435.240385,real,0.080000,0.131656,0.120000,0.125828,0.120000,0.007692
3435.245384,real,0.080000,0.131656,0.120000,0.125828,0.120000,0.007692
3435.250498,real,0.080000,0.131656,0.120000,0.125828,0.120000,0.007692
3435.255464,real,0.080000,0.131656,0.120000,0.125828,0.120000,0.007692
3435.260382,real,0.080000,0.131656,0.120000,0.125828,0.120000,0.007692
3435.265645,real,0.080000,0.131656,0.120000,0.125828,0.120000,0.007692
3435.270556,real,0.080000,0.131656,0.120000,0.125828,0.120000,0.007692
3435.275472,real,0.080000,0.131656,0.120000,0.125828,0.120000,0.007692
3435.280425,real,0.080000,0.131656,0.120000,0.125828,0.120000,0.007692
3435.285329,real,0.080000,0.131656,0.120000,0.125828,0.120000,0.007692
3435.290387,real,0.080000,0.131656,0.120000,0.125828,0.120000,0.007692
3435.295463,real,0.080000,0.131656,0.120000,0.125828,0.120000,0.007692
3435.301483,real,0.080000,0.131656,0.120000,0.125828,0.120000,0.007692
3435.301790,real,0.080000,0.131656,0.120000,0.125828,0.120000,0.007692
3435.401293,real,0.080000,0.131656,0.120000,0.125828,0.120000,0.007692
3435.500827,real,0.080000,0.131656,0.120000,0.125828,0.120000,0.007692
3435.505345,real,0.080000,0.131656,0.120000,0.125828,0.120000,0.007692
3435.510157,real,0.080000,0.131656,0.120000,0.125828,0.120000,0.007692
3435.515872,real,0.080000,0.131656,0.120000,0.125828,0.120000,0.007692
3435.520395,real,0.080000,0.131656,0.120000,0.125828,0.120000,0.007692
3435.525329,real,0.080000,0.131656,0.120000,0.125828,0.120000,0.007692
3435.530065,real,0.080000,0.131656,0.120000,0.125828,0.120000,0.007692
3435.535487,real,0.080000,0.131656,0.120000,0.125828,0.120000,0.023077
3435.540258,real,0.080000,0.131656,0.120000,0.125828,0.120000,0.038462
3435.545162,real,0.080000,0.131656,0.120000,0.125828,0.120000,0.053846
3435.550210,real,0.080000,0.131656,0.125828,0.125828,0.125828,0.061538
3435.555431,real,0.092185,0.131656,0.125828,0.137483,0.125828,0.084615
3435.560187,real,0.110464,0.131656,0.137483,0.137483,0.125828,0.100000
3435.564961,real,0.116556,0.131656,0.143311,0.137483,0.137483,0.123077
3435.570269,real,0.128742,0.131656,0.149139,0.160795,0.143311,0.130769
3435.575582,real,0.140927,0.131656,0.160795,0.166623,0.154967,0.138462
3435.581726,real,0.147020,0.131656,0.166623,0.178278,0.154967,0.153846
3435.585055,real,0.147020,0.131656,0.166623,0.184106,0.154967,0.161538
3435.590061,real,0.159205,0.131656,0.178278,0.189934,0.172450,0.176923
3435.595026,real,0.165298,0.131656,0.184106,0.189934,0.178278,0.176923
3435.600468,real,0.177483,0.131656,0.184106,0.201589,0.178278,0.176923
3435.600700,real,0.177483,0.131656,0.184106,0.201589,0.178278,0.192308
3435.604823,real,0.183576,0.131656,0.189934,0.201589,0.184106,0.192308
3435.609876,real,0.195762,0.131656,0.189934,0.201589,0.184106,0.192308
3435.615418,real,0.201854,0.131656,0.189934,0.201589,0.184106,0.192308
3435.620291,real,0.207947,0.131656,0.189934,0.213245,0.184106,0.192308
3435.624895,real,0.207947,0.131656,0.207417,0.213245,0.195762,0.192308
3435.630143,real,0.220132,0.131656,0.207417,0.213245,0.201589,0.192308
3435.635557,real,0.226225,0.131656,0.207417,0.224901,0.201589,0.192308
3435.639981,real,0.238411,0.131656,0.224901,0.230728,0.213245,0.192308
3435.645160,real,0.244503,0.131656,0.224901,0.230728,0.213245,0.192308
3435.650243,real,0.256689,0.131656,0.224901,0.242384,0.213245,0.192308
3435.655180,real,0.256689,0.131656,0.230728,0.242384,0.224901,0.192308
3435.660362,real,0.256689,0.131656,0.236556,0.242384,0.224901,0.192308
3435.664968,real,0.274967,0.131656,0.236556,0.254040,0.236556,0.192308
3435.669909,real,0.281060,0.131656,0.242384,0.254040,0.236556,0.192308
3435.675127,real,0.293245,0.131656,0.248212,0.254040,0.236556,0.192308
3435.680152,real,0.299338,0.131656,0.248212,0.265695,0.248212,0.192308
3435.685067,real,0.305430,0.131656,0.259868,0.265695,0.248212,0.192308
3435.690091,real,0.317616,0.131656,0.259868,0.265695,0.248212,0.192308
3435.694823,real,0.323709,0.131656,0.259868,0.277351,0.248212,0.192308
3435.700254,real,0.335894,0.137483,0.271523,0.277351,0.259868,0.192308
3435.700477,real,0.335894,0.137483,0.271523,0.277351,0.259868,0.192308
3435.704792,real,0.341987,0.137483,0.271523,0.277351,0.259868,0.192308
3435.709971,real,0.348079,0.137483,0.271523,0.289007,0.259868,0.192308
3435.715207,real,0.348079,0.149139,0.271523,0.289007,0.271523,0.192308
3435.719977,real,0.360265,0.154967,0.289007,0.289007,0.277351,0.192308
3435.724678,real,0.366358,0.160795,0.289007,0.306490,0.277351,0.192308
3435.730070,real,0.366358,0.160795,0.294834,0.306490,0.289007,0.192308
3435.734878,real,0.378543,0.178278,0.300662,0.306490,0.289007,0.192308
3435.740414,real,0.390728,0.184106,0.300662,0.312318,0.289007,0.192308
3435.744632,real,0.396821,0.184106,0.306490,0.318146,0.300662,0.192308
3435.749853,real,0.402914,0.195762,0.312318,0.318146,0.300662,0.192308
3435.754831,real,0.415099,0.195762,0.312318,0.323974,0.300662,0.192308
3435.759860,real,0.415099,0.195762,0.323974,0.329801,0.312318,0.192308
3435.764800,real,0.415099,0.195762,0.323974,0.329801,0.312318,0.192308
3435.770013,real,0.433377,0.207417,0.323974,0.335629,0.312318,0.192308
3435.774843,real,0.439470,0.207417,0.335629,0.341457,0.323974,0.192308
3435.780201,real,0.451656,0.207417,0.335629,0.341457,0.323974,0.192308
3435.784673,real,0.457748,0.207417,0.335629,0.347285,0.323974,0.192308
3435.789565,real,0.457748,0.219073,0.335629,0.353113,0.323974,0.192308
3435.794668,real,0.469934,0.219073,0.353113,0.353113,0.341457,0.192308
3435.800199,real,0.476026,0.230728,0.353113,0.358940,0.341457,0.192308
3435.802704,real,0.476026,0.230728,0.353113,0.364768,0.341457,0.192308
3435.804746,real,0.488212,0.230728,0.353113,0.364768,0.341457,0.192308
3435.809600,real,0.494305,0.230728,0.364768,0.364768,0.353113,0.192308
3435.814801,real,0.500397,0.242384,0.364768,0.376424,0.353113,0.192308
3435.819735,real,0.500397,0.242384,0.376424,0.376424,0.353113,0.192308
3435.824597,real,0.500397,0.242384,0.376424,0.376424,0.364768,0.192308
3435.829566,real,0.518675,0.242384,0.376424,0.388079,0.370596,0.192308
3435.834622,real,0.524768,0.248212,0.388079,0.393907,0.370596,0.192308
3435.840336,real,0.524768,0.254040,0.388079,0.393907,0.376424,0.192308
3435.844688,real,0.543046,0.254040,0.388079,0.399735,0.382252,0.192308
3435.849394,real,0.549139,0.259868,0.388079,0.405563,0.382252,0.192308
3435.854657,real,0.555232,0.265695,0.399735,0.405563,0.382252,0.192308
3435.859760,real,0.555232,0.265695,0.399735,0.405563,0.393907,0.192308
3435.864772,real,0.567417,0.277351,0.399735,0.411391,0.393907,0.192308
3435.869468,real,0.573510,0.277351,0.411391,0.417219,0.393907,0.192308
3435.874503,real,0.573510,0.277351,0.411391,0.417219,0.405563,0.192308
3435.879732,real,0.585695,0.289007,0.411391,0.428874,0.405563,0.192308
3435.884354,real,0.597881,0.289007,0.423046,0.428874,0.405563,0.192308
3435.889467,real,0.603974,0.289007,0.423046,0.428874,0.417219,0.192308
3435.894667,real,0.603974,0.289007,0.423046,0.440530,0.417219,0.192308
3435.899933,real,0.616159,0.300662,0.440530,0.440530,0.417219,0.192308
3435.901806,real,0.616159,0.300662,0.440530,0.440530,0.417219,0.192308
3435.904576,real,0.622252,0.300662,0.440530,0.452185,0.428874,0.192308
3435.909497,real,0.628344,0.300662,0.440530,0.452185,0.434702,0.192308
3435.914532,real,0.628344,0.300662,0.452185,0.452185,0.434702,0.192308
3435.919995,real,0.640530,0.312318,0.452185,0.463841,0.434702,0.192308
3435.924506,real,0.640530,0.312318,0.463841,0.463841,0.440530,0.192308
3435.929797,real,0.640530,0.312318,0.463841,0.463841,0.440530,0.192308
3435.934354,real,0.658808,0.323974,0.463841,0.475497,0.440530,0.192308
3435.939423,real,0.670993,0.323974,0.475497,0.475497,0.452185,0.192308
3435.944346,real,0.670993,0.323974,0.475497,0.475497,0.452185,0.192308
3435.949263,real,0.677086,0.335629,0.475497,0.487152,0.452185,0.192308
3435.954494,real,0.677086,0.341457,0.487152,0.487152,0.463841,0.192308
3435.960380,real,0.677086,0.341457,0.487152,0.487152,0.463841,0.192308
3435.964374,real,0.677086,0.341457,0.487152,0.498808,0.463841,0.192308
3435.969266,real,0.677086,0.353113,0.498808,0.498808,0.475497,0.192308
3435.974160,real,0.677086,0.353113,0.498808,0.498808,0.481325,0.192308
3435.979347,real,0.677086,0.353113,0.498808,0.510464,0.481325,0.192308
3435.984451,real,0.677086,0.364768,0.510464,0.510464,0.481325,0.192308
3435.989589,real,0.677086,0.364768,0.510464,0.510464,0.487152,0.192308
3435.994443,real,0.677086,0.364768,0.510464,0.522119,0.487152,0.192308
3435.999848,real,0.677086,0.376424,0.522119,0.522119,0.487152,0.192308
3436.004190,real,0.677086,0.376424,0.522119,0.522119,0.498808,0.192308
3436.009312,real,0.677086,0.376424,0.522119,0.533775,0.504636,0.192308
3436.014090,real,0.677086,0.376424,0.533775,0.533775,0.504636,0.192308
3436.019608,real,0.677086,0.388079,0.533775,0.533775,0.510464,0.192308
3436.024375,real,0.677086,0.388079,0.533775,0.545430,0.516291,0.192308
3436.029025,real,0.677086,0.388079,0.545430,0.545430,0.516291,0.192308
3436.034583,real,0.677086,0.399735,0.551258,0.545430,0.516291,0.192308
3436.039343,real,0.677086,0.399735,0.551258,0.557086,0.527947,0.192308
3436.044068,real,0.677086,0.399735,0.562914,0.557086,0.533775,0.192308
3436.049179,real,0.677086,0.411391,0.562914,0.557086,0.533775,0.192308
3436.054446,real,0.677086,0.411391,0.562914,0.568742,0.539603,0.192308
3436.059208,real,0.677086,0.411391,0.562914,0.574570,0.539603,0.192308
3436.064266,real,0.677086,0.423046,0.574570,0.574570,0.539603,0.192308
3436.069070,real,0.677086,0.423046,0.574570,0.580397,0.551258,0.192308
3436.074074,real,0.677086,0.423046,0.574570,0.586225,0.557086,0.192308
3436.079302,real,0.677086,0.434702,0.592053,0.586225,0.557086,0.192308
3436.083944,real,0.677086,0.440530,0.592053,0.586225,0.562914,0.192308
3436.088939,real,0.677086,0.440530,0.592053,0.603709,0.562914,0.192308
3436.094056,real,0.677086,0.440530,0.597881,0.603709,0.562914,0.192308
3436.099682,real,0.677086,0.440530,0.603709,0.609536,0.562914,0.192308
3436.101316,real,0.677086,0.440530,0.603709,0.609536,0.562914,0.192308
3436.103948,real,0.677086,0.440530,0.603709,0.615364,0.574570,0.192308
3436.109578,real,0.677086,0.440530,0.615364,0.615364,0.580397,0.192308
3436.114020,real,0.677086,0.440530,0.615364,0.621192,0.580397,0.192308
3436.119057,real,0.677086,0.440530,0.615364,0.627020,0.592053,0.192308
3436.124075,real,0.677086,0.440530,0.615364,0.627020,0.592053,0.192308
3436.128965,real,0.677086,0.440530,0.627020,0.627020,0.592053,0.192308
3436.133894,real,0.677086,0.440530,0.627020,0.632848,0.597881,0.192308
3436.139190,real,0.677086,0.440530,0.627020,0.638675,0.603709,0.192308
3436.144027,real,0.677086,0.440530,0.638675,0.638675,0.603709,0.192308
3436.148885,real,0.677086,0.446358,0.638675,0.650331,0.609536,0.192308
3436.153748,real,0.677086,0.452185,0.638675,0.650331,0.615364,0.192308
3436.159033,real,0.677086,0.452185,0.650331,0.650331,0.615364,0.192308
3436.163986,real,0.677086,0.463841,0.656159,0.661987,0.621192,0.192308
3436.168562,real,0.677086,0.463841,0.656159,0.661987,0.621192,0.192308
3436.173890,real,0.677086,0.463841,0.661987,0.661987,0.621192,0.192308
3436.178818,real,0.677086,0.475497,0.667815,0.673642,0.621192,0.192308
3436.183550,real,0.677086,0.475497,0.667815,0.673642,0.638675,0.192308
3436.188577,real,0.677086,0.475497,0.667815,0.673642,0.638675,0.192308
3436.193599,real,0.677086,0.481325,0.673642,0.685298,0.638675,0.192308
3436.199078,real,0.677086,0.487152,0.679470,0.691126,0.650331,0.192308
3436.199371,real,0.677086,0.487152,0.679470,0.691126,0.650331,0.192308
3436.203834,real,0.677086,0.487152,0.679470,0.691126,0.650331,0.192308
3436.208821,real,0.677086,0.498808,0.691126,0.702781,0.650331,0.192308
3436.213563,real,0.677086,0.498808,0.691126,0.702781,0.656159,0.192308
3436.218726,real,0.677086,0.498808,0.691126,0.702781,0.661987,0.192308
3436.224191,real,0.677086,0.498808,0.702781,0.714437,0.661987,0.192308
3436.228616,real,0.677086,0.510464,0.702781,0.714437,0.667815,0.192308
3436.233788,real,0.677086,0.510464,0.702781,0.714437,0.673642,0.192308
3436.239067,real,0.677086,0.510464,0.714437,0.726093,0.673642,0.192308
3436.243848,real,0.677086,0.522119,0.714437,0.726093,0.679470,0.192308
3436.248711,real,0.677086,0.522119,0.726093,0.726093,0.685298,0.192308
3436.253439,real,0.677086,0.522119,0.726093,0.737748,0.685298,0.192308
3436.258496,real,0.677086,0.522119,0.726093,0.737748,0.691126,0.192308
3436.263997,real,0.677086,0.533775,0.726093,0.737748,0.696954,0.192308
3436.268437,real,0.677086,0.533775,0.737748,0.755232,0.696954,0.192308
3436.273508,real,0.677086,0.533775,0.743576,0.755232,0.702781,0.192308
3436.278519,real,0.677086,0.533775,0.743576,0.755232,0.708609,0.192308
3436.283481,real,0.677086,0.551258,0.743576,0.766887,0.708609,0.192308
3436.288478,real,0.677086,0.551258,0.755232,0.766887,0.720265,0.192308
3436.293375,real,0.677086,0.562914,0.755232,0.766887,0.720265,0.192308
3436.298812,real,0.677086,0.562914,0.755232,0.772715,0.720265,0.192308
3436.299313,real,0.677086,0.562914,0.761060,0.772715,0.726093,0.192308
3436.303698,real,0.677086,0.562914,0.766887,0.772715,0.726093,0.192308
3436.308417,real,0.677086,0.562914,0.766887,0.772715,0.726093,0.192308
3436.313271,real,0.677086,0.574570,0.772715,0.772715,0.726093,0.192308
3436.318408,real,0.677086,0.574570,0.772715,0.772715,0.726093,0.192308
3436.323643,real,0.677086,0.574570,0.772715,0.772715,0.726093,0.192308
3436.328444,real,0.677086,0.586225,0.772715,0.772715,0.726093,0.192308
3436.333198,real,0.677086,0.586225,0.784371,0.772715,0.726093,0.192308
3436.338345,real,0.677086,0.586225,0.790199,0.772715,0.726093,0.192308
3436.343499,real,0.677086,0.586225,0.790199,0.772715,0.726093,0.192308
3436.348225,real,0.677086,0.597881,0.796026,0.772715,0.726093,0.192308
3436.353249,real,0.677086,0.597881,0.796026,0.772715,0.726093,0.192308
3436.358299,real,0.677086,0.597881,0.796026,0.772715,0.726093,0.192308
3436.363289,real,0.677086,0.609536,0.796026,0.772715,0.726093,0.192308
3436.368643,real,0.677086,0.615364,0.796026,0.772715,0.726093,0.192308
3436.373320,real,0.677086,0.615364,0.796026,0.772715,0.726093,0.192308
3436.378136,real,0.677086,0.621192,0.796026,0.772715,0.726093,0.192308
3436.383287,real,0.677086,0.621192,0.796026,0.772715,0.726093,0.192308
3436.388387,real,0.677086,0.621192,0.796026,0.772715,0.726093,0.192308
3436.393225,real,0.677086,0.621192,0.796026,0.772715,0.726093,0.192308
3436.398639,real,0.677086,0.621192,0.796026,0.772715,0.726093,0.192308
3436.398870,real,0.677086,0.621192,0.796026,0.772715,0.726093,0.192308
3436.403223,real,0.677086,0.621192,0.796026,0.772715,0.726093,0.192308
3436.408177,real,0.677086,0.632848,0.796026,0.772715,0.726093,0.192308
3436.413014,real,0.677086,0.638675,0.796026,0.772715,0.726093,0.192308
3436.418339,real,0.677086,0.638675,0.796026,0.772715,0.726093,0.192308
3436.423339,real,0.677086,0.644503,0.796026,0.772715,0.726093,0.192308
3436.428180,real,0.677086,0.650331,0.796026,0.772715,0.726093,0.192308
3436.433094,real,0.677086,0.650331,0.796026,0.772715,0.726093,0.192308
3436.438238,real,0.677086,0.661987,0.796026,0.772715,0.726093,0.192308
3436.443282,real,0.677086,0.661987,0.796026,0.772715,0.726093,0.192308
3436.448353,real,0.677086,0.661987,0.796026,0.772715,0.726093,0.192308
3436.453104,real,0.677086,0.673642,0.796026,0.772715,0.726093,0.192308
3436.458103,real,0.677086,0.673642,0.796026,0.772715,0.726093,0.192308
3436.463278,real,0.677086,0.673642,0.796026,0.772715,0.726093,0.192308
3436.468275,real,0.677086,0.673642,0.796026,0.772715,0.726093,0.192308
3436.473081,real,0.677086,0.673642,0.796026,0.772715,0.726093,0.192308
3436.478016,real,0.677086,0.673642,0.796026,0.772715,0.726093,0.192308
3436.483289,real,0.677086,0.673642,0.796026,0.772715,0.726093,0.192308
3436.487994,real,0.677086,0.673642,0.796026,0.772715,0.726093,0.192308
3436.493013,real,0.677086,0.685298,0.796026,0.772715,0.726093,0.192308
3436.498457,real,0.677086,0.691126,0.796026,0.772715,0.726093,0.192308
3436.502973,real,0.677086,0.691126,0.796026,0.772715,0.726093,0.192308
3436.508348,real,0.677086,0.696954,0.796026,0.772715,0.726093,0.192308
3436.512955,real,0.677086,0.702781,0.796026,0.772715,0.726093,0.192308
3436.517724,real,0.677086,0.702781,0.796026,0.772715,0.726093,0.192308
3436.522674,real,0.677086,0.702781,0.796026,0.772715,0.726093,0.192308
3436.527880,real,0.677086,0.702781,0.796026,0.772715,0.726093,0.192308
3436.532678,real,0.677086,0.702781,0.796026,0.772715,0.726093,0.192308
3436.537616,real,0.677086,0.702781,0.796026,0.772715,0.726093,0.192308
3436.542790,real,0.677086,0.702781,0.796026,0.772715,0.726093,0.192308
3436.547872,real,0.677086,0.702781,0.796026,0.772715,0.726093,0.192308
3436.552581,real,0.677086,0.714437,0.796026,0.772715,0.726093,0.192308
3436.557646,real,0.677086,0.720265,0.796026,0.772715,0.726093,0.192308
3436.562903,real,0.677086,0.720265,0.796026,0.772715,0.726093,0.192308
3436.567701,real,0.677086,0.726093,0.796026,0.772715,0.726093,0.192308
3436.572732,real,0.677086,0.726093,0.796026,0.772715,0.726093,0.192308
3436.577699,real,0.677086,0.726093,0.796026,0.772715,0.726093,0.192308
3436.582784,real,0.677086,0.726093,0.796026,0.772715,0.726093,0.192308
3436.587856,real,0.677086,0.737748,0.796026,0.772715,0.726093,0.192308
3436.592639,real,0.677086,0.743576,0.796026,0.772715,0.726093,0.192308
3436.598334,real,0.677086,0.743576,0.796026,0.772715,0.726093,0.192308
3436.598504,real,0.677086,0.743576,0.796026,0.772715,0.726093,0.192308
3436.602589,real,0.677086,0.743576,0.796026,0.772715,0.726093,0.192308
3436.607648,real,0.677086,0.749404,0.796026,0.772715,0.726093,0.192308
3436.612816,real,0.677086,0.749404,0.796026,0.772715,0.726093,0.192308
3436.617610,real,0.677086,0.749404,0.796026,0.772715,0.726093,0.192308
3436.622704,real,0.677086,0.749404,0.796026,0.772715,0.726093,0.192308
3436.628040,real,0.677086,0.749404,0.796026,0.772715,0.726093,0.192308
3436.632446,real,0.677086,0.749404,0.796026,0.772715,0.726093,0.192308
3436.637489,real,0.677086,0.749404,0.796026,0.772715,0.726093,0.192308
3436.642789,real,0.677086,0.749404,0.796026,0.772715,0.726093,0.192308
3436.647913,real,0.677086,0.749404,0.796026,0.772715,0.726093,0.192308
3436.652494,real,0.677086,0.749404,0.796026,0.772715,0.726093,0.192308
3436.657589,real,0.677086,0.749404,0.796026,0.772715,0.726093,0.192308
3436.662594,real,0.677086,0.749404,0.796026,0.772715,0.726093,0.192308
3436.667528,real,0.677086,0.761060,0.796026,0.772715,0.726093,0.192308
3436.672564,real,0.677086,0.766887,0.796026,0.772715,0.726093,0.192308
3436.677570,real,0.677086,0.766887,0.796026,0.772715,0.726093,0.192308
3436.682532,real,0.677086,0.772715,0.796026,0.772715,0.726093,0.192308
3436.687692,real,0.677086,0.772715,0.796026,0.772715,0.726093,0.192308
3436.692589,real,0.677086,0.772715,0.796026,0.772715,0.726093,0.192308
3436.698695,real,0.677086,0.772715,0.796026,0.772715,0.726093,0.192308
3436.698993,real,0.677086,0.772715,0.796026,0.772715,0.726093,0.192308
3436.702504,real,0.677086,0.772715,0.796026,0.772715,0.726093,0.192308
3436.707717,real,0.677086,0.772715,0.796026,0.772715,0.726093,0.192308
3436.712468,real,0.677086,0.772715,0.796026,0.772715,0.726093,0.192308
3436.717450,real,0.677086,0.772715,0.796026,0.772715,0.726093,0.192308
3436.722100,real,0.677086,0.772715,0.796026,0.772715,0.726093,0.192308
3436.727239,real,0.677086,0.772715,0.796026,0.772715,0.726093,0.192308
3436.732144,real,0.677086,0.772715,0.796026,0.772715,0.726093,0.192308
3436.737115,real,0.677086,0.772715,0.796026,0.772715,0.726093,0.192308
3436.742080,real,0.677086,0.772715,0.796026,0.772715,0.726093,0.192308
3436.747132,real,0.677086,0.772715,0.796026,0.772715,0.726093,0.192308
3436.752158,real,0.677086,0.772715,0.796026,0.772715,0.726093,0.192308
3436.757062,real,0.677086,0.772715,0.796026,0.772715,0.726093,0.192308
3436.761925,real,0.677086,0.772715,0.796026,0.772715,0.726093,0.192308
3436.767069,real,0.677086,0.772715,0.796026,0.772715,0.726093,0.192308
3436.772136,real,0.677086,0.772715,0.796026,0.772715,0.726093,0.192308
3436.776946,real,0.677086,0.772715,0.796026,0.772715,0.726093,0.192308
3436.781941,real,0.677086,0.772715,0.796026,0.772715,0.726093,0.192308
3436.787018,real,0.677086,0.772715,0.796026,0.772715,0.726093,0.192308
3436.792088,real,0.677086,0.772715,0.796026,0.772715,0.726093,0.192308
3436.798147,real,0.677086,0.772715,0.796026,0.772715,0.726093,0.192308
3436.798406,real,0.677086,0.772715,0.796026,0.772715,0.726093,0.192308
3436.801937,real,0.677086,0.772715,0.796026,0.772715,0.726093,0.192308
3436.806918,real,0.677086,0.772715,0.796026,0.772715,0.726093,0.192308
3436.812020,real,0.677086,0.772715,0.796026,0.772715,0.726093,0.192308
3436.816940,real,0.677086,0.772715,0.796026,0.772715,0.726093,0.192308
3436.821814,real,0.677086,0.772715,0.796026,0.772715,0.726093,0.192308
3436.826981,real,0.677086,0.772715,0.796026,0.772715,0.726093,0.192308
3436.832071,real,0.677086,0.772715,0.796026,0.772715,0.726093,0.192308
3436.836892,real,0.677086,0.772715,0.796026,0.772715,0.726093,0.192308
3436.841863,real,0.677086,0.772715,0.796026,0.772715,0.726093,0.192308
3436.846944,real,0.677086,0.772715,0.796026,0.772715,0.726093,0.192308
3436.852309,real,0.677086,0.772715,0.796026,0.772715,0.726093,0.192308
3436.856912,real,0.677086,0.772715,0.796026,0.772715,0.726093,0.192308
3436.861838,real,0.677086,0.772715,0.796026,0.772715,0.726093,0.192308
3436.866995,real,0.677086,0.772715,0.796026,0.772715,0.726093,0.192308
3436.871992,real,0.677086,0.772715,0.796026,0.772715,0.726093,0.192308
3436.876801,real,0.677086,0.772715,0.796026,0.772715,0.726093,0.192308
3436.881875,real,0.677086,0.772715,0.796026,0.772715,0.726093,0.192308
3436.886753,real,0.677086,0.772715,0.796026,0.772715,0.726093,0.192308
3436.897880,real,0.677086,0.772715,0.796026,0.772715,0.726093,0.192308
3436.997829,real,0.677086,0.772715,0.796026,0.772715,0.726093,0.192308
3437.097383,real,0.677086,0.772715,0.796026,0.772715,0.726093,0.192308
3437.197025,real,0.677086,0.772715,0.796026,0.772715,0.726093,0.192308
3437.297055,real,0.677086,0.772715,0.796026,0.772715,0.726093,0.192308
3437.397081,real,0.677086,0.772715,0.796026,0.772715,0.726093,0.192308
3437.496969,real,0.677086,0.772715,0.796026,0.772715,0.726093,0.192308
3437.596260,real,0.677086,0.772715,0.796026,0.772715,0.726093,0.192308
3437.696387,real,0.677086,0.772715,0.796026,0.772715,0.726093,0.192308
3437.760726,real,0.677086,0.772715,0.796026,0.772715,0.726093,0.192308
3437.765791,real,0.677086,0.772715,0.796026,0.772715,0.726093,0.192308
3437.770257,real,0.677086,0.772715,0.796026,0.772715,0.726093,0.192308
3437.775717,real,0.677086,0.772715,0.796026,0.772715,0.726093,0.192308
3437.780422,real,0.677086,0.772715,0.796026,0.772715,0.726093,0.192308
3437.785240,real,0.664901,0.772715,0.796026,0.772715,0.726093,0.192308
3437.790163,real,0.658808,0.772715,0.796026,0.772715,0.726093,0.192308
3437.795707,real,0.640530,0.766887,0.796026,0.772715,0.726093,0.192308
3437.796266,real,0.640530,0.766887,0.796026,0.772715,0.726093,0.192308
3437.800324,real,0.634437,0.761060,0.790199,0.755232,0.720265,0.192308
3437.805391,real,0.616159,0.761060,0.784371,0.755232,0.720265,0.192308
3437.810238,real,0.603974,0.743576,0.772715,0.755232,0.720265,0.192308
3437.815389,real,0.597881,0.731921,0.772715,0.731921,0.708609,0.192308
3437.820366,real,0.579603,0.726093,0.772715,0.726093,0.702781,0.192308
3437.825272,real,0.567417,0.720265,0.755232,0.720265,0.691126,0.192308
3437.830320,real,0.561325,0.702781,0.749404,0.708609,0.685298,0.192308
3437.835322,real,0.543046,0.696954,0.737748,0.702781,0.673642,0.192308
3437.840413,real,0.530861,0.685298,0.731921,0.691126,0.667815,0.192308
3437.845227,real,0.512583,0.679470,0.720265,0.685298,0.661987,0.192308
3437.850010,real,0.500397,0.673642,0.714437,0.679470,0.656159,0.192308
3437.855543,real,0.494305,0.661987,0.714437,0.673642,0.656159,0.192308
3437.860466,real,0.476026,0.656159,0.702781,0.673642,0.638675,0.192308
3437.865362,real,0.463841,0.638675,0.696954,0.656159,0.632848,0.192308
3437.870133,real,0.451656,0.632848,0.691126,0.650331,0.627020,0.192308
3437.875119,real,0.439470,0.627020,0.679470,0.650331,0.615364,0.176923
3437.880254,real,0.433377,0.615364,0.673642,0.638675,0.609536,0.169231
3437.885013,real,0.415099,0.609536,0.673642,0.638675,0.609536,0.161538
3437.890536,real,0.409007,0.603709,0.661987,0.638675,0.603709,0.138462
3437.895547,real,0.396821,0.586225,0.661987,0.627020,0.597881,0.130769
3437.897468,real,0.396821,0.586225,0.661987,0.627020,0.597881,0.130769
3437.900556,real,0.390728,0.580397,0.661987,0.621192,0.597881,0.115385
3437.905385,real,0.384636,0.568742,0.661987,0.621192,0.592053,0.100000
3437.909906,real,0.372450,0.562914,0.650331,0.615364,0.586225,0.084615
3437.915077,real,0.366358,0.557086,0.650331,0.609536,0.586225,0.069231
3437.921333,real,0.360265,0.545430,0.650331,0.609536,0.586225,0.053846
3437.925185,real,0.348079,0.539603,0.638675,0.609536,0.574570,0.046154
3437.929987,real,0.348079,0.527947,0.638675,0.603709,0.574570,0.030769
3437.935099,real,0.335894,0.522119,0.638675,0.597881,0.574570,0.015385
3437.940608,real,0.329801,0.510464,0.627020,0.597881,0.557086,0.007692
3437.944933,real,0.323709,0.498808,0.621192,0.586225,0.557086,0.007692
3437.950019,real,0.311523,0.492980,0.621192,0.586225,0.557086,0.007692
3437.955345,real,0.305430,0.487152,0.615364,0.586225,0.551258,0.000000
3437.960145,real,0.299338,0.475497,0.609536,0.574570,0.545430,0.000000
3437.964884,real,0.287152,0.469669,0.609536,0.574570,0.545430,0.000000
3437.970125,real,0.281060,0.458013,0.603709,0.568742,0.539603,0.000000
3437.975055,real,0.268874,0.452185,0.597881,0.562914,0.533775,0.000000
3437.979937,real,0.262781,0.440530,0.597881,0.562914,0.533775,0.000000
3437.985309,real,0.256689,0.428874,0.592053,0.551258,0.522119,0.000000
3437.989947,real,0.250596,0.423046,0.586225,0.545430,0.522119,0.000000
3437.995151,real,0.250596,0.411391,0.586225,0.545430,0.522119,0.000000
3438.000064,real,0.232318,0.405563,0.574570,0.539603,0.510464,0.000000
3438.004856,real,0.226225,0.393907,0.574570,0.539603,0.504636,0.000000
3438.009682,real,0.220132,0.382252,0.574570,0.539603,0.504636,0.000000
3438.014870,real,0.207947,0.376424,0.557086,0.527947,0.492980,0.000000
3438.020091,real,0.201854,0.370596,0.557086,0.527947,0.492980,0.000000
3438.024799,real,0.195762,0.358940,0.557086,0.527947,0.492980,0.000000
3438.029627,real,0.183576,0.353113,0.551258,0.527947,0.487152,0.000000
3438.034704,real,0.177483,0.341457,0.551258,0.516291,0.481325,0.000000
3438.039734,real,0.165298,0.335629,0.551258,0.516291,0.481325,0.000000
3438.044826,real,0.159205,0.323974,0.533775,0.516291,0.469669,0.000000
3438.049739,real,0.153113,0.312318,0.533775,0.504636,0.469669,0.000000
3438.054663,real,0.153113,0.306490,0.522119,0.504636,0.469669,0.000000
3438.059587,real,0.140927,0.294834,0.522119,0.504636,0.458013,0.000000
3438.064905,real,0.128742,0.289007,0.522119,0.487152,0.458013,0.000000
3438.069733,real,0.122649,0.283179,0.510464,0.487152,0.458013,0.000000
3438.075372,real,0.116556,0.271523,0.510464,0.487152,0.458013,0.000000
3438.080022,real,0.104371,0.265695,0.510464,0.475497,0.446358,0.000000
3438.084754,real,0.098278,0.259868,0.498808,0.475497,0.446358,0.000000
3438.089537,real,0.092185,0.248212,0.492980,0.475497,0.446358,0.000000
3438.095060,real,0.086093,0.242384,0.492980,0.475497,0.428874,0.000000
3438.097234,real,0.086093,0.242384,0.492980,0.475497,0.428874,0.000000
3438.099591,real,0.086093,0.230728,0.487152,0.458013,0.428874,0.000000
3438.104624,real,0.086093,0.219073,0.481325,0.458013,0.428874,0.000000
3438.109570,real,0.086093,0.213245,0.481325,0.458013,0.417219,0.000000
3438.114566,real,0.086093,0.201589,0.481325,0.446358,0.417219,0.000000
3438.119662,real,0.086093,0.201589,0.469669,0.446358,0.405563,0.000000
3438.124966,real,0.086093,0.184106,0.469669,0.446358,0.405563,0.000000
3438.129504,real,0.086093,0.178278,0.469669,0.434702,0.405563,0.000000
3438.134413,real,0.086093,0.172450,0.458013,0.434702,0.405563,0.000000
3438.139947,real,0.086093,0.154967,0.458013,0.428874,0.393907,0.000000
3438.144548,real,0.086093,0.149139,0.446358,0.423046,0.388079,0.000000
3438.149440,real,0.086093,0.143311,0.440530,0.423046,0.388079,0.000000
3438.154381,real,0.086093,0.131656,0.440530,0.417219,0.382252,0.000000
3438.159474,real,0.086093,0.125828,0.434702,0.411391,0.376424,0.000000
3438.164554,real,0.086093,0.120000,0.428874,0.411391,0.376424,0.000000
3438.169411,real,0.086093,0.120000,0.428874,0.405563,0.376424,0.000000
3438.174718,real,0.086093,0.120000,0.423046,0.399735,0.364768,0.000000
3438.179507,real,0.086093,0.120000,0.417219,0.399735,0.364768,0.000000
3438.184347,real,0.086093,0.120000,0.417219,0.393907,0.358940,0.000000
3438.189412,real,0.086093,0.120000,0.411391,0.388079,0.353113,0.000000
3438.194595,real,0.086093,0.120000,0.405563,0.388079,0.353113,0.000000
3438.194925,real,0.086093,0.120000,0.405563,0.388079,0.353113,0.000000
3438.199457,real,0.086093,0.120000,0.405563,0.382252,0.341457,0.000000
3438.204458,real,0.086093,0.120000,0.399735,0.376424,0.341457,0.000000
3438.209495,real,0.086093,0.120000,0.393907,0.376424,0.341457,0.000000
3438.214286,real,0.086093,0.120000,0.393907,0.370596,0.329801,0.000000
3438.219220,real,0.086093,0.120000,0.388079,0.364768,0.329801,0.000000
3438.225096,real,0.086093,0.120000,0.382252,0.364768,0.329801,0.000000
3438.229517,real,0.086093,0.120000,0.382252,0.353113,0.318146,0.000000
3438.234210,real,0.086093,0.120000,0.370596,0.353113,0.312318,0.000000
3438.239300,real,0.086093,0.120000,0.370596,0.353113,0.312318,0.000000
3438.244411,real,0.086093,0.120000,0.370596,0.341457,0.312318,0.000000
3438.249170,real,0.086093,0.120000,0.358940,0.341457,0.300662,0.000000
3438.254226,real,0.086093,0.120000,0.358940,0.341457,0.300662,0.000000
3438.259498,real,0.086093,0.120000,0.358940,0.329801,0.300662,0.000000
3438.264639,real,0.086093,0.120000,0.347285,0.329801,0.289007,0.000000
3438.269252,real,0.086093,0.120000,0.341457,0.318146,0.289007,0.000000
3438.274182,real,0.086093,0.120000,0.341457,0.318146,0.289007,0.000000
3438.279154,real,0.086093,0.120000,0.335629,0.318146,0.277351,0.000000
3438.284289,real,0.086093,0.120000,0.329801,0.318146,0.277351,0.000000
3438.289337,real,0.086093,0.120000,0.329801,0.306490,0.265695,0.000000
3438.294757,real,0.086093,0.120000,0.323974,0.306490,0.265695,0.000000
3438.295021,real,0.086093,0.120000,0.323974,0.306490,0.265695,0.000000
3438.299045,real,0.086093,0.120000,0.318146,0.306490,0.265695,0.000000
3438.304490,real,0.086093,0.120000,0.318146,0.294834,0.259868,0.000000
3438.309193,real,0.086093,0.120000,0.306490,0.294834,0.254040,0.000000
3438.314166,real,0.086093,0.120000,0.306490,0.294834,0.254040,0.000000
3438.319346,real,0.086093,0.120000,0.306490,0.283179,0.242384,0.000000
3438.324882,real,0.086093,0.120000,0.294834,0.283179,0.242384,0.000000
3438.329442,real,0.086093,0.120000,0.294834,0.283179,0.242384,0.000000
3438.334069,real,0.086093,0.120000,0.294834,0.271523,0.236556,0.000000
3438.339288,real,0.086093,0.120000,0.277351,0.271523,0.230728,0.000000
3438.344683,real,0.086093,0.120000,0.277351,0.271523,0.230728,0.000000
3438.349184,real,0.086093,0.120000,0.277351,0.259868,0.224901,0.000000
3438.354380,real,0.086093,0.120000,0.265695,0.259868,0.219073,0.000000
3438.359395,real,0.086093,0.120000,0.265695,0.248212,0.219073,0.000000
3438.364458,real,0.086093,0.120000,0.265695,0.248212,0.213245,0.000000
3438.369401,real,0.086093,0.120000,0.254040,0.248212,0.207417,0.000000
3438.374292,real,0.086093,0.120000,0.254040,0.236556,0.207417,0.000000
3438.379133,real,0.086093,0.120000,0.248212,0.230728,0.195762,0.000000
3438.384801,real,0.086093,0.120000,0.242384,0.230728,0.195762,0.000000
3438.388923,real,0.086093,0.120000,0.242384,0.224901,0.195762,0.000000
3438.394215,real,0.086093,0.120000,0.236556,0.219073,0.184106,0.000000
3438.394524,real,0.086093,0.120000,0.236556,0.219073,0.184106,0.000000
3438.399018,real,0.080000,0.120000,0.230728,0.219073,0.184106,0.000000
3438.403844,real,0.080000,0.120000,0.230728,0.213245,0.184106,0.000000
3438.408918,real,0.080000,0.120000,0.230728,0.207417,0.172450,0.000000
3438.414124,real,0.080000,0.120000,0.219073,0.207417,0.172450,0.000000
3438.418879,real,0.080000,0.120000,0.219073,0.201589,0.166623,0.000000
3438.423816,real,0.080000,0.120000,0.219073,0.195762,0.160795,0.000000
3438.428719,real,0.080000,0.120000,0.207417,0.195762,0.160795,0.000000
3438.433821,real,0.080000,0.120000,0.201589,0.195762,0.149139,0.000000
3438.438663,real,0.080000,0.120000,0.201589,0.184106,0.149139,0.000000
3438.443680,real,0.080000,0.120000,0.189934,0.184106,0.149139,0.000000
3438.448847,real,0.080000,0.120000,0.189934,0.184106,0.137483,0.000000
3438.453597,real,0.080000,0.120000,0.189934,0.172450,0.137483,0.000000
3438.458777,real,0.080000,0.120000,0.178278,0.172450,0.137483,0.000000
3438.463723,real,0.080000,0.120000,0.178278,0.160795,0.137483,0.000000
3438.468816,real,0.080000,0.120000,0.178278,0.154967,0.131656,0.000000
3438.473552,real,0.080000,0.120000,0.166623,0.154967,0.131656,0.000000
3438.478588,real,0.080000,0.120000,0.166623,0.149139,0.131656,0.000000
3438.483609,real,0.080000,0.120000,0.166623,0.149139,0.131656,0.000000
3438.488667,real,0.080000,0.120000,0.166623,0.149139,0.131656,0.000000
3438.493970,real,0.080000,0.120000,0.154967,0.137483,0.131656,0.000000
3438.498575,real,0.080000,0.120000,0.154967,0.137483,0.131656,0.000000
3438.503510,real,0.080000,0.120000,0.154967,0.137483,0.131656,0.000000
3438.508785,real,0.080000,0.120000,0.137483,0.125828,0.131656,0.000000
3438.513620,real,0.080000,0.120000,0.137483,0.125828,0.131656,0.000000
3438.518648,real,0.080000,0.120000,0.137483,0.125828,0.131656,0.000000
3438.523560,real,0.080000,0.120000,0.125828,0.125828,0.131656,0.000000
3438.528656,real,0.080000,0.120000,0.125828,0.125828,0.131656,0.000000
3438.533552,real,0.080000,0.120000,0.125828,0.125828,0.131656,0.000000
3438.538419,real,0.080000,0.120000,0.125828,0.125828,0.131656,0.000000
3438.543574,real,0.080000,0.120000,0.125828,0.125828,0.131656,0.000000
3438.548612,real,0.080000,0.120000,0.125828,0.125828,0.131656,0.000000
3438.553397,real,0.080000,0.120000,0.125828,0.125828,0.131656,0.000000
3438.558863,real,0.080000,0.120000,0.125828,0.125828,0.131656,0.000000
3438.563480,real,0.080000,0.120000,0.125828,0.125828,0.131656,0.000000
3438.568646,real,0.080000,0.120000,0.125828,0.125828,0.131656,0.000000
3438.573413,real,0.080000,0.120000,0.125828,0.125828,0.131656,0.000000
3438.578212,real,0.080000,0.120000,0.125828,0.125828,0.131656,0.000000
3438.583358,real,0.080000,0.120000,0.125828,0.125828,0.131656,0.000000
3438.588720,real,0.080000,0.120000,0.125828,0.125828,0.131656,0.000000
3438.593984,real,0.080000,0.120000,0.125828,0.125828,0.131656,0.000000
3438.596038,real,0.080000,0.120000,0.125828,0.125828,0.131656,0.000000
3438.598139,real,0.080000,0.120000,0.125828,0.125828,0.131656,0.000000
3438.603141,real,0.080000,0.120000,0.125828,0.125828,0.131656,0.000000
3438.608417,real,0.080000,0.120000,0.125828,0.125828,0.131656,0.000000
3438.613496,real,0.080000,0.120000,0.125828,0.125828,0.131656,0.000000
3438.618328,real,0.080000,0.120000,0.125828,0.125828,0.131656,0.000000
3438.623309,real,0.080000,0.120000,0.125828,0.125828,0.131656,0.000000
3438.628647,real,0.080000,0.120000,0.125828,0.125828,0.131656,0.000000
3438.633346,real,0.080000,0.120000,0.125828,0.125828,0.131656,0.000000
3438.638162,real,0.080000,0.120000,0.125828,0.125828,0.131656,0.000000
3438.643343,real,0.080000,0.120000,0.125828,0.125828,0.131656,0.000000
3438.648516,real,0.080000,0.120000,0.125828,0.125828,0.131656,0.000000
3438.653281,real,0.080000,0.120000,0.125828,0.125828,0.131656,0.000000
3438.658338,real,0.080000,0.120000,0.125828,0.125828,0.131656,0.000000
3438.663241,real,0.080000,0.120000,0.125828,0.125828,0.131656,0.000000
3438.668116,real,0.080000,0.120000,0.125828,0.125828,0.131656,0.000000
3438.673279,real,0.080000,0.120000,0.125828,0.125828,0.131656,0.000000
3438.678028,real,0.080000,0.120000,0.125828,0.125828,0.131656,0.000000
3438.683100,real,0.080000,0.120000,0.125828,0.125828,0.131656,0.000000
3438.688591,real,0.080000,0.120000,0.125828,0.125828,0.131656,0.000000
3438.694234,real,0.080000,0.120000,0.125828,0.125828,0.131656,0.000000
3438.694488,real,0.080000,0.120000,0.125828,0.125828,0.131656,0.000000
3438.697887,real,0.080000,0.120000,0.125828,0.125828,0.131656,0.000000
3438.703023,real,0.080000,0.120000,0.125828,0.125828,0.131656,0.000000
3438.708263,real,0.080000,0.120000,0.125828,0.125828,0.131656,0.000000
3438.713138,real,0.080000,0.120000,0.125828,0.125828,0.131656,0.000000
3438.717781,real,0.080000,0.120000,0.125828,0.125828,0.131656,0.000000
3438.722914,real,0.080000,0.120000,0.125828,0.125828,0.131656,0.000000
3438.728098,real,0.080000,0.120000,0.125828,0.125828,0.131656,0.000000
3438.793712,real,0.080000,0.120000,0.125828,0.125828,0.131656,0.000000
3438.893422,real,0.080000,0.120000,0.125828,0.125828,0.131656,0.000000
